[2025-12-03 18:40:01] 

Starting analysis with:
[2025-12-03 18:40:01] Script location: F:\UTK\Research\DOE_FOA_project\code\dyn-CTQW\analysis
[2025-12-03 18:40:01] Number of qubits: 7
[2025-12-03 18:40:01] Number of vertices: 128
[2025-12-03 18:40:01] Delta t: 0.1
[2025-12-03 18:40:01] Matching algorithm: automatic (bipartite/greedy)
[2025-12-03 18:40:01] Graph type: sparse_disconnected
[2025-12-03 18:40:01] Input file: F:\UTK\Research\DOE_FOA_project\code\dyn-CTQW\analysis\graphs\200graph_sparse_disconnected_128v.g6
[2025-12-03 18:40:01] Output directory: F:\UTK\Research\DOE_FOA_project\code\dyn-CTQW\analysis\outputs\matching_vs_pauli\sparse_disconnected_128v\20251203_184001
[2025-12-03 18:40:01] Checkpoint interval: 50
[2025-12-03 18:40:01] Parsed graph info: {'num_graphs': 200, 'size': 'sparse_disconnected', 'vertices': '128', 'type': 'v'}
[2025-12-03 18:40:01] Found 200 graphs in file
[2025-12-03 18:40:01] 
Processing graph 0/200
[2025-12-03 18:40:01] Graph 0 has 128 nodes and 13 edges
[2025-12-03 18:40:01] Converted to 13 bitstring edges
[2025-12-03 18:40:01] Computing Matchings Dynamic walk
[2025-12-03 18:40:02] Matchings - CX: 738.0, U3: 763.0, Depth: 909.0
[2025-12-03 18:40:02] Computing Pauli decomposition
[2025-12-03 18:40:12] Pauli - CX: 1516.0, U3: 1244.0, Depth: 2333.0
[2025-12-03 18:40:12] Analysis completed in 10.31s - Category: win
[2025-12-03 18:40:12] Successfully processed graph 0 - Category: win - Time: 10.31s
[2025-12-03 18:40:12] 
Processing graph 1/200
[2025-12-03 18:40:12] Graph 1 has 128 nodes and 5 edges
[2025-12-03 18:40:12] Converted to 5 bitstring edges
[2025-12-03 18:40:12] Computing Matchings Dynamic walk
[2025-12-03 18:40:12] Matchings - CX: 306.0, U3: 304.0, Depth: 393.0
[2025-12-03 18:40:12] Computing Pauli decomposition
[2025-12-03 18:40:24] Pauli - CX: 806.0, U3: 1079.0, Depth: 1355.0
[2025-12-03 18:40:24] Analysis completed in 12.47s - Category: win
[2025-12-03 18:40:24] Successfully processed graph 1 - Category: win - Time: 12.47s
[2025-12-03 18:40:24] 
Processing graph 2/200
[2025-12-03 18:40:24] Graph 2 has 128 nodes and 6 edges
[2025-12-03 18:40:24] Converted to 6 bitstring edges
[2025-12-03 18:40:24] Computing Matchings Dynamic walk
[2025-12-03 18:40:24] Matchings - CX: 354.0, U3: 361.0, Depth: 444.0
[2025-12-03 18:40:24] Computing Pauli decomposition
[2025-12-03 18:40:36] Pauli - CX: 867.0, U3: 841.0, Depth: 1404.0
[2025-12-03 18:40:36] Analysis completed in 11.52s - Category: win
[2025-12-03 18:40:36] Successfully processed graph 2 - Category: win - Time: 11.52s
[2025-12-03 18:40:36] 
Processing graph 3/200
[2025-12-03 18:40:36] Graph 3 has 128 nodes and 4 edges
[2025-12-03 18:40:36] Converted to 4 bitstring edges
[2025-12-03 18:40:36] Computing Matchings Dynamic walk
[2025-12-03 18:40:36] Matchings - CX: 228.0, U3: 237.0, Depth: 300.0
[2025-12-03 18:40:36] Computing Pauli decomposition
[2025-12-03 18:40:49] Pauli - CX: 535.0, U3: 250.0, Depth: 719.0
[2025-12-03 18:40:49] Analysis completed in 13.04s - Category: win
[2025-12-03 18:40:49] Successfully processed graph 3 - Category: win - Time: 13.04s
[2025-12-03 18:40:49] 
Processing graph 4/200
[2025-12-03 18:40:49] Graph 4 has 128 nodes and 3 edges
[2025-12-03 18:40:49] Converted to 3 bitstring edges
[2025-12-03 18:40:49] Computing Matchings Dynamic walk
[2025-12-03 18:40:49] Matchings - CX: 180.0, U3: 183.0, Depth: 235.0
[2025-12-03 18:40:49] Computing Pauli decomposition
[2025-12-03 18:41:02] Pauli - CX: 663.0, U3: 377.0, Depth: 913.0
[2025-12-03 18:41:02] Analysis completed in 13.37s - Category: win
[2025-12-03 18:41:02] Successfully processed graph 4 - Category: win - Time: 13.37s
[2025-12-03 18:41:02] 
Processing graph 5/200
[2025-12-03 18:41:02] Graph 5 has 128 nodes and 5 edges
[2025-12-03 18:41:02] Converted to 5 bitstring edges
[2025-12-03 18:41:02] Computing Matchings Dynamic walk
[2025-12-03 18:41:02] Matchings - CX: 288.0, U3: 297.0, Depth: 373.0
[2025-12-03 18:41:02] Computing Pauli decomposition
[2025-12-03 18:41:17] Pauli - CX: 771.0, U3: 825.0, Depth: 1251.0
[2025-12-03 18:41:17] Analysis completed in 14.34s - Category: win
[2025-12-03 18:41:17] Successfully processed graph 5 - Category: win - Time: 14.34s
[2025-12-03 18:41:17] 
Processing graph 6/200
[2025-12-03 18:41:17] Graph 6 has 128 nodes and 14 edges
[2025-12-03 18:41:17] Converted to 14 bitstring edges
[2025-12-03 18:41:17] Computing Matchings Dynamic walk
[2025-12-03 18:41:17] Matchings - CX: 816.0, U3: 822.0, Depth: 1024.0
[2025-12-03 18:41:17] Computing Pauli decomposition
[2025-12-03 18:41:29] Pauli - CX: 2019.0, U3: 2536.0, Depth: 3347.0
[2025-12-03 18:41:29] Analysis completed in 12.46s - Category: win
[2025-12-03 18:41:29] Successfully processed graph 6 - Category: win - Time: 12.46s
[2025-12-03 18:41:29] 
Processing graph 7/200
[2025-12-03 18:41:29] Graph 7 has 128 nodes and 14 edges
[2025-12-03 18:41:29] Converted to 14 bitstring edges
[2025-12-03 18:41:29] Computing Matchings Dynamic walk
[2025-12-03 18:41:29] Matchings - CX: 810.0, U3: 821.0, Depth: 1028.0
[2025-12-03 18:41:29] Computing Pauli decomposition
[2025-12-03 18:41:42] Pauli - CX: 1669.0, U3: 1810.0, Depth: 2693.0
[2025-12-03 18:41:42] Analysis completed in 12.94s - Category: win
[2025-12-03 18:41:42] Successfully processed graph 7 - Category: win - Time: 12.94s
[2025-12-03 18:41:42] 
Processing graph 8/200
[2025-12-03 18:41:42] Graph 8 has 128 nodes and 8 edges
[2025-12-03 18:41:42] Converted to 8 bitstring edges
[2025-12-03 18:41:42] Computing Matchings Dynamic walk
[2025-12-03 18:41:42] Matchings - CX: 472.0, U3: 474.0, Depth: 613.0
[2025-12-03 18:41:42] Computing Pauli decomposition
[2025-12-03 18:41:54] Pauli - CX: 1395.0, U3: 1487.0, Depth: 2219.0
[2025-12-03 18:41:54] Analysis completed in 12.31s - Category: win
[2025-12-03 18:41:54] Successfully processed graph 8 - Category: win - Time: 12.31s
[2025-12-03 18:41:54] 
Processing graph 9/200
[2025-12-03 18:41:54] Graph 9 has 128 nodes and 9 edges
[2025-12-03 18:41:54] Converted to 9 bitstring edges
[2025-12-03 18:41:54] Computing Matchings Dynamic walk
[2025-12-03 18:41:54] Matchings - CX: 460.0, U3: 462.0, Depth: 589.0
[2025-12-03 18:41:54] Computing Pauli decomposition
[2025-12-03 18:42:09] Pauli - CX: 1432.0, U3: 1601.0, Depth: 2293.0
[2025-12-03 18:42:09] Analysis completed in 14.70s - Category: win
[2025-12-03 18:42:09] Successfully processed graph 9 - Category: win - Time: 14.70s
[2025-12-03 18:42:09] 
Processing graph 10/200
[2025-12-03 18:42:09] Graph 10 has 128 nodes and 7 edges
[2025-12-03 18:42:09] Converted to 7 bitstring edges
[2025-12-03 18:42:09] Computing Matchings Dynamic walk
[2025-12-03 18:42:09] Matchings - CX: 406.0, U3: 418.0, Depth: 495.0
[2025-12-03 18:42:09] Computing Pauli decomposition
[2025-12-03 18:42:23] Pauli - CX: 1081.0, U3: 1297.0, Depth: 1817.0
[2025-12-03 18:42:23] Analysis completed in 14.11s - Category: win
[2025-12-03 18:42:23] Successfully processed graph 10 - Category: win - Time: 14.11s
[2025-12-03 18:42:23] 
Processing graph 11/200
[2025-12-03 18:42:23] Graph 11 has 128 nodes and 8 edges
[2025-12-03 18:42:23] Converted to 8 bitstring edges
[2025-12-03 18:42:23] Computing Matchings Dynamic walk
[2025-12-03 18:42:23] Matchings - CX: 484.0, U3: 484.0, Depth: 620.0
[2025-12-03 18:42:23] Computing Pauli decomposition
[2025-12-03 18:42:38] Pauli - CX: 1854.0, U3: 2017.0, Depth: 2867.0
[2025-12-03 18:42:38] Analysis completed in 14.66s - Category: win
[2025-12-03 18:42:38] Successfully processed graph 11 - Category: win - Time: 14.66s
[2025-12-03 18:42:38] 
Processing graph 12/200
[2025-12-03 18:42:38] Graph 12 has 128 nodes and 12 edges
[2025-12-03 18:42:38] Converted to 12 bitstring edges
[2025-12-03 18:42:38] Computing Matchings Dynamic walk
[2025-12-03 18:42:38] Matchings - CX: 698.0, U3: 711.0, Depth: 893.0
[2025-12-03 18:42:38] Computing Pauli decomposition
[2025-12-03 18:42:53] Pauli - CX: 1960.0, U3: 1853.0, Depth: 3081.0
[2025-12-03 18:42:53] Analysis completed in 15.35s - Category: win
[2025-12-03 18:42:53] Successfully processed graph 12 - Category: win - Time: 15.35s
[2025-12-03 18:42:53] 
Processing graph 13/200
[2025-12-03 18:42:53] Graph 13 has 128 nodes and 10 edges
[2025-12-03 18:42:53] Converted to 10 bitstring edges
[2025-12-03 18:42:53] Computing Matchings Dynamic walk
[2025-12-03 18:42:53] Matchings - CX: 588.0, U3: 590.0, Depth: 713.0
[2025-12-03 18:42:53] Computing Pauli decomposition
[2025-12-03 18:43:07] Pauli - CX: 1419.0, U3: 1399.0, Depth: 2219.0
[2025-12-03 18:43:07] Analysis completed in 14.33s - Category: win
[2025-12-03 18:43:07] Successfully processed graph 13 - Category: win - Time: 14.33s
[2025-12-03 18:43:07] 
Processing graph 14/200
[2025-12-03 18:43:07] Graph 14 has 128 nodes and 14 edges
[2025-12-03 18:43:07] Converted to 14 bitstring edges
[2025-12-03 18:43:07] Computing Matchings Dynamic walk
[2025-12-03 18:43:07] Matchings - CX: 814.0, U3: 824.0, Depth: 1008.0
[2025-12-03 18:43:07] Computing Pauli decomposition
[2025-12-03 18:43:22] Pauli - CX: 1962.0, U3: 2162.0, Depth: 3137.0
[2025-12-03 18:43:22] Analysis completed in 15.05s - Category: win
[2025-12-03 18:43:22] Successfully processed graph 14 - Category: win - Time: 15.05s
[2025-12-03 18:43:22] 
Processing graph 15/200
[2025-12-03 18:43:22] Graph 15 has 128 nodes and 10 edges
[2025-12-03 18:43:22] Converted to 10 bitstring edges
[2025-12-03 18:43:22] Computing Matchings Dynamic walk
[2025-12-03 18:43:23] Matchings - CX: 576.0, U3: 591.0, Depth: 736.0
[2025-12-03 18:43:23] Computing Pauli decomposition
[2025-12-03 18:43:38] Pauli - CX: 1318.0, U3: 1495.0, Depth: 2118.0
[2025-12-03 18:43:38] Analysis completed in 15.49s - Category: win
[2025-12-03 18:43:38] Successfully processed graph 15 - Category: win - Time: 15.49s
[2025-12-03 18:43:38] 
Processing graph 16/200
[2025-12-03 18:43:38] Graph 16 has 128 nodes and 13 edges
[2025-12-03 18:43:38] Converted to 13 bitstring edges
[2025-12-03 18:43:38] Computing Matchings Dynamic walk
[2025-12-03 18:43:38] Matchings - CX: 742.0, U3: 759.0, Depth: 940.0
[2025-12-03 18:43:38] Computing Pauli decomposition
[2025-12-03 18:43:54] Pauli - CX: 1166.0, U3: 1168.0, Depth: 1842.0
[2025-12-03 18:43:54] Analysis completed in 15.56s - Category: win
[2025-12-03 18:43:54] Successfully processed graph 16 - Category: win - Time: 15.56s
[2025-12-03 18:43:54] 
Processing graph 17/200
[2025-12-03 18:43:54] Graph 17 has 128 nodes and 9 edges
[2025-12-03 18:43:54] Converted to 9 bitstring edges
[2025-12-03 18:43:54] Computing Matchings Dynamic walk
[2025-12-03 18:43:54] Matchings - CX: 524.0, U3: 531.0, Depth: 660.0
[2025-12-03 18:43:54] Computing Pauli decomposition
[2025-12-03 18:44:09] Pauli - CX: 1385.0, U3: 1441.0, Depth: 2180.0
[2025-12-03 18:44:09] Analysis completed in 15.82s - Category: win
[2025-12-03 18:44:09] Successfully processed graph 17 - Category: win - Time: 15.82s
[2025-12-03 18:44:09] 
Processing graph 18/200
[2025-12-03 18:44:09] Graph 18 has 128 nodes and 4 edges
[2025-12-03 18:44:09] Converted to 4 bitstring edges
[2025-12-03 18:44:09] Computing Matchings Dynamic walk
[2025-12-03 18:44:09] Matchings - CX: 228.0, U3: 234.0, Depth: 293.0
[2025-12-03 18:44:09] Computing Pauli decomposition
[2025-12-03 18:44:25] Pauli - CX: 601.0, U3: 556.0, Depth: 954.0
[2025-12-03 18:44:25] Analysis completed in 15.51s - Category: win
[2025-12-03 18:44:25] Successfully processed graph 18 - Category: win - Time: 15.51s
[2025-12-03 18:44:25] 
Processing graph 19/200
[2025-12-03 18:44:25] Graph 19 has 128 nodes and 13 edges
[2025-12-03 18:44:25] Converted to 13 bitstring edges
[2025-12-03 18:44:25] Computing Matchings Dynamic walk
[2025-12-03 18:44:25] Matchings - CX: 740.0, U3: 769.0, Depth: 951.0
[2025-12-03 18:44:25] Computing Pauli decomposition
[2025-12-03 18:44:41] Pauli - CX: 1320.0, U3: 1822.0, Depth: 2261.0
[2025-12-03 18:44:41] Analysis completed in 15.69s - Category: win
[2025-12-03 18:44:41] Successfully processed graph 19 - Category: win - Time: 15.69s
[2025-12-03 18:44:41] 
Processing graph 20/200
[2025-12-03 18:44:41] Graph 20 has 128 nodes and 10 edges
[2025-12-03 18:44:41] Converted to 10 bitstring edges
[2025-12-03 18:44:41] Computing Matchings Dynamic walk
[2025-12-03 18:44:41] Matchings - CX: 586.0, U3: 591.0, Depth: 751.0
[2025-12-03 18:44:41] Computing Pauli decomposition
[2025-12-03 18:44:56] Pauli - CX: 1457.0, U3: 1655.0, Depth: 2350.0
[2025-12-03 18:44:56] Analysis completed in 15.50s - Category: win
[2025-12-03 18:44:56] Successfully processed graph 20 - Category: win - Time: 15.50s
[2025-12-03 18:44:56] 
Processing graph 21/200
[2025-12-03 18:44:56] Graph 21 has 128 nodes and 12 edges
[2025-12-03 18:44:56] Converted to 12 bitstring edges
[2025-12-03 18:44:56] Computing Matchings Dynamic walk
[2025-12-03 18:44:56] Matchings - CX: 694.0, U3: 711.0, Depth: 879.0
[2025-12-03 18:44:56] Computing Pauli decomposition
[2025-12-03 18:45:12] Pauli - CX: 1573.0, U3: 1640.0, Depth: 2477.0
[2025-12-03 18:45:12] Analysis completed in 15.75s - Category: win
[2025-12-03 18:45:12] Successfully processed graph 21 - Category: win - Time: 15.75s
[2025-12-03 18:45:12] 
Processing graph 22/200
[2025-12-03 18:45:12] Graph 22 has 128 nodes and 7 edges
[2025-12-03 18:45:12] Converted to 7 bitstring edges
[2025-12-03 18:45:12] Computing Matchings Dynamic walk
[2025-12-03 18:45:12] Matchings - CX: 430.0, U3: 425.0, Depth: 537.0
[2025-12-03 18:45:12] Computing Pauli decomposition
[2025-12-03 18:45:26] Pauli - CX: 834.0, U3: 998.0, Depth: 1385.0
[2025-12-03 18:45:26] Analysis completed in 14.54s - Category: win
[2025-12-03 18:45:26] Successfully processed graph 22 - Category: win - Time: 14.54s
[2025-12-03 18:45:26] 
Processing graph 23/200
[2025-12-03 18:45:26] Graph 23 has 128 nodes and 9 edges
[2025-12-03 18:45:26] Converted to 9 bitstring edges
[2025-12-03 18:45:26] Computing Matchings Dynamic walk
[2025-12-03 18:45:26] Matchings - CX: 520.0, U3: 532.0, Depth: 661.0
[2025-12-03 18:45:26] Computing Pauli decomposition
[2025-12-03 18:45:41] Pauli - CX: 1783.0, U3: 1477.0, Depth: 2638.0
[2025-12-03 18:45:41] Analysis completed in 14.62s - Category: win
[2025-12-03 18:45:41] Successfully processed graph 23 - Category: win - Time: 14.62s
[2025-12-03 18:45:41] 
Processing graph 24/200
[2025-12-03 18:45:41] Graph 24 has 128 nodes and 3 edges
[2025-12-03 18:45:41] Converted to 3 bitstring edges
[2025-12-03 18:45:41] Computing Matchings Dynamic walk
[2025-12-03 18:45:41] Matchings - CX: 186.0, U3: 183.0, Depth: 239.0
[2025-12-03 18:45:41] Computing Pauli decomposition
[2025-12-03 18:45:55] Pauli - CX: 754.0, U3: 841.0, Depth: 1161.0
[2025-12-03 18:45:55] Analysis completed in 14.49s - Category: win
[2025-12-03 18:45:55] Successfully processed graph 24 - Category: win - Time: 14.49s
[2025-12-03 18:45:55] 
Processing graph 25/200
[2025-12-03 18:45:55] Graph 25 has 128 nodes and 8 edges
[2025-12-03 18:45:55] Converted to 8 bitstring edges
[2025-12-03 18:45:55] Computing Matchings Dynamic walk
[2025-12-03 18:45:56] Matchings - CX: 466.0, U3: 479.0, Depth: 595.0
[2025-12-03 18:45:56] Computing Pauli decomposition
[2025-12-03 18:46:09] Pauli - CX: 1358.0, U3: 1303.0, Depth: 2112.0
[2025-12-03 18:46:09] Analysis completed in 13.71s - Category: win
[2025-12-03 18:46:09] Successfully processed graph 25 - Category: win - Time: 13.71s
[2025-12-03 18:46:09] 
Processing graph 26/200
[2025-12-03 18:46:09] Graph 26 has 128 nodes and 11 edges
[2025-12-03 18:46:09] Converted to 11 bitstring edges
[2025-12-03 18:46:09] Computing Matchings Dynamic walk
[2025-12-03 18:46:09] Matchings - CX: 644.0, U3: 643.0, Depth: 813.0
[2025-12-03 18:46:09] Computing Pauli decomposition
[2025-12-03 18:46:25] Pauli - CX: 1872.0, U3: 1580.0, Depth: 2857.0
[2025-12-03 18:46:25] Analysis completed in 15.75s - Category: win
[2025-12-03 18:46:25] Successfully processed graph 26 - Category: win - Time: 15.75s
[2025-12-03 18:46:25] 
Processing graph 27/200
[2025-12-03 18:46:25] Graph 27 has 128 nodes and 14 edges
[2025-12-03 18:46:25] Converted to 14 bitstring edges
[2025-12-03 18:46:25] Computing Matchings Dynamic walk
[2025-12-03 18:46:25] Matchings - CX: 834.0, U3: 835.0, Depth: 1079.0
[2025-12-03 18:46:25] Computing Pauli decomposition
[2025-12-03 18:46:40] Pauli - CX: 1878.0, U3: 2127.0, Depth: 3077.0
[2025-12-03 18:46:40] Analysis completed in 15.52s - Category: win
[2025-12-03 18:46:40] Successfully processed graph 27 - Category: win - Time: 15.52s
[2025-12-03 18:46:40] 
Processing graph 28/200
[2025-12-03 18:46:40] Graph 28 has 128 nodes and 10 edges
[2025-12-03 18:46:40] Converted to 10 bitstring edges
[2025-12-03 18:46:40] Computing Matchings Dynamic walk
[2025-12-03 18:46:41] Matchings - CX: 576.0, U3: 589.0, Depth: 752.0
[2025-12-03 18:46:41] Computing Pauli decomposition
[2025-12-03 18:46:56] Pauli - CX: 1377.0, U3: 1473.0, Depth: 2223.0
[2025-12-03 18:46:56] Analysis completed in 15.84s - Category: win
[2025-12-03 18:46:56] Successfully processed graph 28 - Category: win - Time: 15.84s
[2025-12-03 18:46:56] 
Processing graph 29/200
[2025-12-03 18:46:56] Graph 29 has 128 nodes and 6 edges
[2025-12-03 18:46:56] Converted to 6 bitstring edges
[2025-12-03 18:46:56] Computing Matchings Dynamic walk
[2025-12-03 18:46:56] Matchings - CX: 352.0, U3: 359.0, Depth: 456.0
[2025-12-03 18:46:56] Computing Pauli decomposition
[2025-12-03 18:47:11] Pauli - CX: 1106.0, U3: 939.0, Depth: 1647.0
[2025-12-03 18:47:11] Analysis completed in 14.87s - Category: win
[2025-12-03 18:47:11] Successfully processed graph 29 - Category: win - Time: 14.87s
[2025-12-03 18:47:11] 
Processing graph 30/200
[2025-12-03 18:47:11] Graph 30 has 128 nodes and 13 edges
[2025-12-03 18:47:11] Converted to 13 bitstring edges
[2025-12-03 18:47:11] Computing Matchings Dynamic walk
[2025-12-03 18:47:11] Matchings - CX: 752.0, U3: 774.0, Depth: 981.0
[2025-12-03 18:47:11] Computing Pauli decomposition
[2025-12-03 18:47:23] Pauli - CX: 1683.0, U3: 1702.0, Depth: 2671.0
[2025-12-03 18:47:23] Analysis completed in 11.76s - Category: win
[2025-12-03 18:47:23] Successfully processed graph 30 - Category: win - Time: 11.76s
[2025-12-03 18:47:23] 
Processing graph 31/200
[2025-12-03 18:47:23] Graph 31 has 128 nodes and 13 edges
[2025-12-03 18:47:23] Converted to 13 bitstring edges
[2025-12-03 18:47:23] Computing Matchings Dynamic walk
[2025-12-03 18:47:23] Matchings - CX: 750.0, U3: 763.0, Depth: 951.0
[2025-12-03 18:47:23] Computing Pauli decomposition
[2025-12-03 18:47:34] Pauli - CX: 1409.0, U3: 1453.0, Depth: 2223.0
[2025-12-03 18:47:34] Analysis completed in 10.55s - Category: win
[2025-12-03 18:47:34] Successfully processed graph 31 - Category: win - Time: 10.55s
[2025-12-03 18:47:34] 
Processing graph 32/200
[2025-12-03 18:47:34] Graph 32 has 128 nodes and 14 edges
[2025-12-03 18:47:34] Converted to 14 bitstring edges
[2025-12-03 18:47:34] Computing Matchings Dynamic walk
[2025-12-03 18:47:34] Matchings - CX: 814.0, U3: 833.0, Depth: 1019.0
[2025-12-03 18:47:34] Computing Pauli decomposition
[2025-12-03 18:47:45] Pauli - CX: 2352.0, U3: 2432.0, Depth: 3772.0
[2025-12-03 18:47:45] Analysis completed in 11.63s - Category: win
[2025-12-03 18:47:45] Successfully processed graph 32 - Category: win - Time: 11.63s
[2025-12-03 18:47:45] 
Processing graph 33/200
[2025-12-03 18:47:45] Graph 33 has 128 nodes and 8 edges
[2025-12-03 18:47:45] Converted to 8 bitstring edges
[2025-12-03 18:47:45] Computing Matchings Dynamic walk
[2025-12-03 18:47:45] Matchings - CX: 454.0, U3: 471.0, Depth: 563.0
[2025-12-03 18:47:45] Computing Pauli decomposition
[2025-12-03 18:47:56] Pauli - CX: 948.0, U3: 946.0, Depth: 1530.0
[2025-12-03 18:47:56] Analysis completed in 10.44s - Category: win
[2025-12-03 18:47:56] Successfully processed graph 33 - Category: win - Time: 10.44s
[2025-12-03 18:47:56] 
Processing graph 34/200
[2025-12-03 18:47:56] Graph 34 has 128 nodes and 13 edges
[2025-12-03 18:47:56] Converted to 13 bitstring edges
[2025-12-03 18:47:56] Computing Matchings Dynamic walk
[2025-12-03 18:47:56] Matchings - CX: 764.0, U3: 778.0, Depth: 972.0
[2025-12-03 18:47:56] Computing Pauli decomposition
[2025-12-03 18:48:06] Pauli - CX: 1758.0, U3: 1990.0, Depth: 2806.0
[2025-12-03 18:48:06] Analysis completed in 9.98s - Category: win
[2025-12-03 18:48:06] Successfully processed graph 34 - Category: win - Time: 9.98s
[2025-12-03 18:48:06] 
Processing graph 35/200
[2025-12-03 18:48:06] Graph 35 has 128 nodes and 14 edges
[2025-12-03 18:48:06] Converted to 14 bitstring edges
[2025-12-03 18:48:06] Computing Matchings Dynamic walk
[2025-12-03 18:48:06] Matchings - CX: 812.0, U3: 824.0, Depth: 1046.0
[2025-12-03 18:48:06] Computing Pauli decomposition
[2025-12-03 18:48:17] Pauli - CX: 1786.0, U3: 2051.0, Depth: 2890.0
[2025-12-03 18:48:17] Analysis completed in 11.30s - Category: win
[2025-12-03 18:48:17] Successfully processed graph 35 - Category: win - Time: 11.30s
[2025-12-03 18:48:17] 
Processing graph 36/200
[2025-12-03 18:48:17] Graph 36 has 128 nodes and 13 edges
[2025-12-03 18:48:17] Converted to 13 bitstring edges
[2025-12-03 18:48:17] Computing Matchings Dynamic walk
[2025-12-03 18:48:17] Matchings - CX: 756.0, U3: 768.0, Depth: 967.0
[2025-12-03 18:48:17] Computing Pauli decomposition
[2025-12-03 18:48:29] Pauli - CX: 2134.0, U3: 2379.0, Depth: 3492.0
[2025-12-03 18:48:29] Analysis completed in 11.86s - Category: win
[2025-12-03 18:48:29] Successfully processed graph 36 - Category: win - Time: 11.86s
[2025-12-03 18:48:29] 
Processing graph 37/200
[2025-12-03 18:48:29] Graph 37 has 128 nodes and 12 edges
[2025-12-03 18:48:29] Converted to 12 bitstring edges
[2025-12-03 18:48:29] Computing Matchings Dynamic walk
[2025-12-03 18:48:29] Matchings - CX: 626.0, U3: 641.0, Depth: 814.0
[2025-12-03 18:48:29] Computing Pauli decomposition
[2025-12-03 18:48:41] Pauli - CX: 1242.0, U3: 1435.0, Depth: 2037.0
[2025-12-03 18:48:41] Analysis completed in 12.56s - Category: win
[2025-12-03 18:48:41] Successfully processed graph 37 - Category: win - Time: 12.56s
[2025-12-03 18:48:41] 
Processing graph 38/200
[2025-12-03 18:48:41] Graph 38 has 128 nodes and 10 edges
[2025-12-03 18:48:41] Converted to 10 bitstring edges
[2025-12-03 18:48:41] Computing Matchings Dynamic walk
[2025-12-03 18:48:41] Matchings - CX: 582.0, U3: 588.0, Depth: 741.0
[2025-12-03 18:48:41] Computing Pauli decomposition
[2025-12-03 18:48:53] Pauli - CX: 1306.0, U3: 1516.0, Depth: 2078.0
[2025-12-03 18:48:53] Analysis completed in 11.56s - Category: win
[2025-12-03 18:48:53] Successfully processed graph 38 - Category: win - Time: 11.56s
[2025-12-03 18:48:53] 
Processing graph 39/200
[2025-12-03 18:48:53] Graph 39 has 128 nodes and 11 edges
[2025-12-03 18:48:53] Converted to 11 bitstring edges
[2025-12-03 18:48:53] Computing Matchings Dynamic walk
[2025-12-03 18:48:53] Matchings - CX: 630.0, U3: 647.0, Depth: 785.0
[2025-12-03 18:48:53] Computing Pauli decomposition
[2025-12-03 18:49:04] Pauli - CX: 1313.0, U3: 1418.0, Depth: 2116.0
[2025-12-03 18:49:04] Analysis completed in 10.83s - Category: win
[2025-12-03 18:49:04] Successfully processed graph 39 - Category: win - Time: 10.83s
[2025-12-03 18:49:04] 
Processing graph 40/200
[2025-12-03 18:49:04] Graph 40 has 128 nodes and 13 edges
[2025-12-03 18:49:04] Converted to 13 bitstring edges
[2025-12-03 18:49:04] Computing Matchings Dynamic walk
[2025-12-03 18:49:04] Matchings - CX: 758.0, U3: 774.0, Depth: 967.0
[2025-12-03 18:49:04] Computing Pauli decomposition
[2025-12-03 18:49:15] Pauli - CX: 1775.0, U3: 1946.0, Depth: 2906.0
[2025-12-03 18:49:15] Analysis completed in 11.75s - Category: win
[2025-12-03 18:49:15] Successfully processed graph 40 - Category: win - Time: 11.75s
[2025-12-03 18:49:15] 
Processing graph 41/200
[2025-12-03 18:49:15] Graph 41 has 128 nodes and 10 edges
[2025-12-03 18:49:15] Converted to 10 bitstring edges
[2025-12-03 18:49:15] Computing Matchings Dynamic walk
[2025-12-03 18:49:15] Matchings - CX: 590.0, U3: 591.0, Depth: 738.0
[2025-12-03 18:49:15] Computing Pauli decomposition
[2025-12-03 18:49:26] Pauli - CX: 1404.0, U3: 1405.0, Depth: 2154.0
[2025-12-03 18:49:26] Analysis completed in 10.37s - Category: win
[2025-12-03 18:49:26] Successfully processed graph 41 - Category: win - Time: 10.37s
[2025-12-03 18:49:26] 
Processing graph 42/200
[2025-12-03 18:49:26] Graph 42 has 128 nodes and 14 edges
[2025-12-03 18:49:26] Converted to 14 bitstring edges
[2025-12-03 18:49:26] Computing Matchings Dynamic walk
[2025-12-03 18:49:26] Matchings - CX: 808.0, U3: 821.0, Depth: 1006.0
[2025-12-03 18:49:26] Computing Pauli decomposition
[2025-12-03 18:49:37] Pauli - CX: 1894.0, U3: 1905.0, Depth: 2988.0
[2025-12-03 18:49:37] Analysis completed in 10.71s - Category: win
[2025-12-03 18:49:37] Successfully processed graph 42 - Category: win - Time: 10.71s
[2025-12-03 18:49:37] 
Processing graph 43/200
[2025-12-03 18:49:37] Graph 43 has 128 nodes and 11 edges
[2025-12-03 18:49:37] Converted to 11 bitstring edges
[2025-12-03 18:49:37] Computing Matchings Dynamic walk
[2025-12-03 18:49:37] Matchings - CX: 630.0, U3: 641.0, Depth: 797.0
[2025-12-03 18:49:37] Computing Pauli decomposition
[2025-12-03 18:49:46] Pauli - CX: 1461.0, U3: 1805.0, Depth: 2473.0
[2025-12-03 18:49:46] Analysis completed in 9.79s - Category: win
[2025-12-03 18:49:46] Successfully processed graph 43 - Category: win - Time: 9.79s
[2025-12-03 18:49:46] 
Processing graph 44/200
[2025-12-03 18:49:46] Graph 44 has 128 nodes and 12 edges
[2025-12-03 18:49:46] Converted to 12 bitstring edges
[2025-12-03 18:49:46] Computing Matchings Dynamic walk
[2025-12-03 18:49:46] Matchings - CX: 696.0, U3: 712.0, Depth: 880.0
[2025-12-03 18:49:46] Computing Pauli decomposition
[2025-12-03 18:50:00] Pauli - CX: 1530.0, U3: 1792.0, Depth: 2557.0
[2025-12-03 18:50:00] Analysis completed in 13.70s - Category: win
[2025-12-03 18:50:00] Successfully processed graph 44 - Category: win - Time: 13.70s
[2025-12-03 18:50:00] 
Processing graph 45/200
[2025-12-03 18:50:00] Graph 45 has 128 nodes and 11 edges
[2025-12-03 18:50:00] Converted to 11 bitstring edges
[2025-12-03 18:50:00] Computing Matchings Dynamic walk
[2025-12-03 18:50:00] Matchings - CX: 644.0, U3: 655.0, Depth: 824.0
[2025-12-03 18:50:00] Computing Pauli decomposition
[2025-12-03 18:50:10] Pauli - CX: 1877.0, U3: 1989.0, Depth: 2953.0
[2025-12-03 18:50:10] Analysis completed in 10.33s - Category: win
[2025-12-03 18:50:10] Successfully processed graph 45 - Category: win - Time: 10.33s
[2025-12-03 18:50:10] 
Processing graph 46/200
[2025-12-03 18:50:10] Graph 46 has 128 nodes and 12 edges
[2025-12-03 18:50:10] Converted to 12 bitstring edges
[2025-12-03 18:50:10] Computing Matchings Dynamic walk
[2025-12-03 18:50:10] Matchings - CX: 686.0, U3: 706.0, Depth: 876.0
[2025-12-03 18:50:10] Computing Pauli decomposition
[2025-12-03 18:50:25] Pauli - CX: 1499.0, U3: 1617.0, Depth: 2468.0
[2025-12-03 18:50:25] Analysis completed in 14.66s - Category: win
[2025-12-03 18:50:25] Successfully processed graph 46 - Category: win - Time: 14.66s
[2025-12-03 18:50:25] 
Processing graph 47/200
[2025-12-03 18:50:25] Graph 47 has 128 nodes and 14 edges
[2025-12-03 18:50:25] Converted to 14 bitstring edges
[2025-12-03 18:50:25] Computing Matchings Dynamic walk
[2025-12-03 18:50:25] Matchings - CX: 816.0, U3: 831.0, Depth: 1058.0
[2025-12-03 18:50:25] Computing Pauli decomposition
[2025-12-03 18:50:40] Pauli - CX: 2124.0, U3: 2697.0, Depth: 3564.0
[2025-12-03 18:50:40] Analysis completed in 14.57s - Category: win
[2025-12-03 18:50:40] Successfully processed graph 47 - Category: win - Time: 14.57s
[2025-12-03 18:50:40] 
Processing graph 48/200
[2025-12-03 18:50:40] Graph 48 has 128 nodes and 11 edges
[2025-12-03 18:50:40] Converted to 11 bitstring edges
[2025-12-03 18:50:40] Computing Matchings Dynamic walk
[2025-12-03 18:50:40] Matchings - CX: 626.0, U3: 646.0, Depth: 787.0
[2025-12-03 18:50:40] Computing Pauli decomposition
[2025-12-03 18:50:54] Pauli - CX: 1288.0, U3: 1358.0, Depth: 2047.0
[2025-12-03 18:50:54] Analysis completed in 14.46s - Category: win
[2025-12-03 18:50:54] Successfully processed graph 48 - Category: win - Time: 14.46s
[2025-12-03 18:50:54] 
Processing graph 49/200
[2025-12-03 18:50:54] Graph 49 has 128 nodes and 12 edges
[2025-12-03 18:50:54] Converted to 12 bitstring edges
[2025-12-03 18:50:54] Computing Matchings Dynamic walk
[2025-12-03 18:50:54] Matchings - CX: 706.0, U3: 709.0, Depth: 885.0
[2025-12-03 18:50:54] Computing Pauli decomposition
[2025-12-03 18:51:07] Pauli - CX: 1584.0, U3: 1682.0, Depth: 2462.0
[2025-12-03 18:51:07] Analysis completed in 12.74s - Category: win
[2025-12-03 18:51:07] Successfully processed graph 49 - Category: win - Time: 12.74s
[2025-12-03 18:51:07] 
Processing graph 50/200
[2025-12-03 18:51:07] Graph 50 has 128 nodes and 8 edges
[2025-12-03 18:51:07] Converted to 8 bitstring edges
[2025-12-03 18:51:07] Computing Matchings Dynamic walk
[2025-12-03 18:51:07] Matchings - CX: 470.0, U3: 473.0, Depth: 589.0
[2025-12-03 18:51:07] Computing Pauli decomposition
[2025-12-03 18:51:21] Pauli - CX: 1183.0, U3: 1347.0, Depth: 1902.0
[2025-12-03 18:51:21] Analysis completed in 14.24s - Category: win
[2025-12-03 18:51:21] Successfully processed graph 50 - Category: win - Time: 14.24s
[2025-12-03 18:51:21] 
Processing graph 51/200
[2025-12-03 18:51:21] Graph 51 has 128 nodes and 13 edges
[2025-12-03 18:51:21] Converted to 13 bitstring edges
[2025-12-03 18:51:21] Computing Matchings Dynamic walk
[2025-12-03 18:51:21] Matchings - CX: 752.0, U3: 769.0, Depth: 947.0
[2025-12-03 18:51:21] Computing Pauli decomposition
[2025-12-03 18:51:34] Pauli - CX: 1913.0, U3: 2332.0, Depth: 3181.0
[2025-12-03 18:51:34] Analysis completed in 13.34s - Category: win
[2025-12-03 18:51:34] Successfully processed graph 51 - Category: win - Time: 13.34s
[2025-12-03 18:51:34] 
Processing graph 52/200
[2025-12-03 18:51:34] Graph 52 has 128 nodes and 7 edges
[2025-12-03 18:51:34] Converted to 7 bitstring edges
[2025-12-03 18:51:34] Computing Matchings Dynamic walk
[2025-12-03 18:51:34] Matchings - CX: 396.0, U3: 410.0, Depth: 495.0
[2025-12-03 18:51:34] Computing Pauli decomposition
[2025-12-03 18:51:49] Pauli - CX: 792.0, U3: 999.0, Depth: 1346.0
[2025-12-03 18:51:49] Analysis completed in 14.45s - Category: win
[2025-12-03 18:51:49] Successfully processed graph 52 - Category: win - Time: 14.45s
[2025-12-03 18:51:49] 
Processing graph 53/200
[2025-12-03 18:51:49] Graph 53 has 128 nodes and 9 edges
[2025-12-03 18:51:49] Converted to 9 bitstring edges
[2025-12-03 18:51:49] Computing Matchings Dynamic walk
[2025-12-03 18:51:49] Matchings - CX: 522.0, U3: 531.0, Depth: 678.0
[2025-12-03 18:51:49] Computing Pauli decomposition
[2025-12-03 18:52:04] Pauli - CX: 1480.0, U3: 1597.0, Depth: 2412.0
[2025-12-03 18:52:04] Analysis completed in 15.35s - Category: win
[2025-12-03 18:52:04] Successfully processed graph 53 - Category: win - Time: 15.35s
[2025-12-03 18:52:04] 
Processing graph 54/200
[2025-12-03 18:52:04] Graph 54 has 128 nodes and 14 edges
[2025-12-03 18:52:04] Converted to 14 bitstring edges
[2025-12-03 18:52:04] Computing Matchings Dynamic walk
[2025-12-03 18:52:04] Matchings - CX: 808.0, U3: 824.0, Depth: 1014.0
[2025-12-03 18:52:04] Computing Pauli decomposition
[2025-12-03 18:52:19] Pauli - CX: 1486.0, U3: 1567.0, Depth: 2392.0
[2025-12-03 18:52:19] Analysis completed in 14.37s - Category: win
[2025-12-03 18:52:19] Successfully processed graph 54 - Category: win - Time: 14.37s
[2025-12-03 18:52:19] 
Processing graph 55/200
[2025-12-03 18:52:19] Graph 55 has 128 nodes and 8 edges
[2025-12-03 18:52:19] Converted to 8 bitstring edges
[2025-12-03 18:52:19] Computing Matchings Dynamic walk
[2025-12-03 18:52:19] Matchings - CX: 462.0, U3: 473.0, Depth: 586.0
[2025-12-03 18:52:19] Computing Pauli decomposition
[2025-12-03 18:52:34] Pauli - CX: 1136.0, U3: 1248.0, Depth: 1835.0
[2025-12-03 18:52:34] Analysis completed in 15.02s - Category: win
[2025-12-03 18:52:34] Successfully processed graph 55 - Category: win - Time: 15.02s
[2025-12-03 18:52:34] 
Processing graph 56/200
[2025-12-03 18:52:34] Graph 56 has 128 nodes and 8 edges
[2025-12-03 18:52:34] Converted to 8 bitstring edges
[2025-12-03 18:52:34] Computing Matchings Dynamic walk
[2025-12-03 18:52:34] Matchings - CX: 472.0, U3: 473.0, Depth: 583.0
[2025-12-03 18:52:34] Computing Pauli decomposition
[2025-12-03 18:52:48] Pauli - CX: 1196.0, U3: 1422.0, Depth: 2005.0
[2025-12-03 18:52:48] Analysis completed in 14.86s - Category: win
[2025-12-03 18:52:48] Successfully processed graph 56 - Category: win - Time: 14.86s
[2025-12-03 18:52:48] 
Processing graph 57/200
[2025-12-03 18:52:48] Graph 57 has 128 nodes and 12 edges
[2025-12-03 18:52:48] Converted to 12 bitstring edges
[2025-12-03 18:52:48] Computing Matchings Dynamic walk
[2025-12-03 18:52:48] Matchings - CX: 688.0, U3: 713.0, Depth: 859.0
[2025-12-03 18:52:48] Computing Pauli decomposition
[2025-12-03 18:53:02] Pauli - CX: 1709.0, U3: 1752.0, Depth: 2803.0
[2025-12-03 18:53:02] Analysis completed in 13.85s - Category: win
[2025-12-03 18:53:02] Successfully processed graph 57 - Category: win - Time: 13.85s
[2025-12-03 18:53:02] 
Processing graph 58/200
[2025-12-03 18:53:02] Graph 58 has 128 nodes and 9 edges
[2025-12-03 18:53:02] Converted to 9 bitstring edges
[2025-12-03 18:53:02] Computing Matchings Dynamic walk
[2025-12-03 18:53:02] Matchings - CX: 530.0, U3: 533.0, Depth: 684.0
[2025-12-03 18:53:02] Computing Pauli decomposition
[2025-12-03 18:53:16] Pauli - CX: 1636.0, U3: 1452.0, Depth: 2428.0
[2025-12-03 18:53:16] Analysis completed in 13.22s - Category: win
[2025-12-03 18:53:16] Successfully processed graph 58 - Category: win - Time: 13.22s
[2025-12-03 18:53:16] 
Processing graph 59/200
[2025-12-03 18:53:16] Graph 59 has 128 nodes and 13 edges
[2025-12-03 18:53:16] Converted to 13 bitstring edges
[2025-12-03 18:53:16] Computing Matchings Dynamic walk
[2025-12-03 18:53:16] Matchings - CX: 766.0, U3: 777.0, Depth: 966.0
[2025-12-03 18:53:16] Computing Pauli decomposition
[2025-12-03 18:53:31] Pauli - CX: 2150.0, U3: 2124.0, Depth: 3349.0
[2025-12-03 18:53:31] Analysis completed in 15.24s - Category: win
[2025-12-03 18:53:31] Successfully processed graph 59 - Category: win - Time: 15.24s
[2025-12-03 18:53:31] 
Processing graph 60/200
[2025-12-03 18:53:31] Graph 60 has 128 nodes and 11 edges
[2025-12-03 18:53:31] Converted to 11 bitstring edges
[2025-12-03 18:53:31] Computing Matchings Dynamic walk
[2025-12-03 18:53:31] Matchings - CX: 648.0, U3: 654.0, Depth: 831.0
[2025-12-03 18:53:31] Computing Pauli decomposition
[2025-12-03 18:53:45] Pauli - CX: 1891.0, U3: 1806.0, Depth: 2855.0
[2025-12-03 18:53:45] Analysis completed in 14.48s - Category: win
[2025-12-03 18:53:45] Successfully processed graph 60 - Category: win - Time: 14.48s
[2025-12-03 18:53:45] 
Processing graph 61/200
[2025-12-03 18:53:45] Graph 61 has 128 nodes and 9 edges
[2025-12-03 18:53:45] Converted to 9 bitstring edges
[2025-12-03 18:53:45] Computing Matchings Dynamic walk
[2025-12-03 18:53:45] Matchings - CX: 514.0, U3: 525.0, Depth: 663.0
[2025-12-03 18:53:45] Computing Pauli decomposition
[2025-12-03 18:54:01] Pauli - CX: 1178.0, U3: 1285.0, Depth: 1918.0
[2025-12-03 18:54:01] Analysis completed in 15.64s - Category: win
[2025-12-03 18:54:01] Successfully processed graph 61 - Category: win - Time: 15.64s
[2025-12-03 18:54:01] 
Processing graph 62/200
[2025-12-03 18:54:01] Graph 62 has 128 nodes and 14 edges
[2025-12-03 18:54:01] Converted to 14 bitstring edges
[2025-12-03 18:54:01] Computing Matchings Dynamic walk
[2025-12-03 18:54:01] Matchings - CX: 824.0, U3: 833.0, Depth: 1072.0
[2025-12-03 18:54:01] Computing Pauli decomposition
[2025-12-03 18:54:16] Pauli - CX: 2006.0, U3: 2201.0, Depth: 3226.0
[2025-12-03 18:54:16] Analysis completed in 14.83s - Category: win
[2025-12-03 18:54:16] Successfully processed graph 62 - Category: win - Time: 14.83s
[2025-12-03 18:54:16] 
Processing graph 63/200
[2025-12-03 18:54:16] Graph 63 has 128 nodes and 14 edges
[2025-12-03 18:54:16] Converted to 14 bitstring edges
[2025-12-03 18:54:16] Computing Matchings Dynamic walk
[2025-12-03 18:54:16] Matchings - CX: 814.0, U3: 828.0, Depth: 1039.0
[2025-12-03 18:54:16] Computing Pauli decomposition
[2025-12-03 18:54:31] Pauli - CX: 2030.0, U3: 2202.0, Depth: 3308.0
[2025-12-03 18:54:31] Analysis completed in 14.85s - Category: win
[2025-12-03 18:54:31] Successfully processed graph 63 - Category: win - Time: 14.85s
[2025-12-03 18:54:31] 
Processing graph 64/200
[2025-12-03 18:54:31] Graph 64 has 128 nodes and 12 edges
[2025-12-03 18:54:31] Converted to 12 bitstring edges
[2025-12-03 18:54:31] Computing Matchings Dynamic walk
[2025-12-03 18:54:31] Matchings - CX: 632.0, U3: 638.0, Depth: 812.0
[2025-12-03 18:54:31] Computing Pauli decomposition
[2025-12-03 18:54:46] Pauli - CX: 1271.0, U3: 1308.0, Depth: 2003.0
[2025-12-03 18:54:46] Analysis completed in 14.97s - Category: win
[2025-12-03 18:54:46] Successfully processed graph 64 - Category: win - Time: 14.97s
[2025-12-03 18:54:46] 
Processing graph 65/200
[2025-12-03 18:54:46] Graph 65 has 128 nodes and 11 edges
[2025-12-03 18:54:46] Converted to 11 bitstring edges
[2025-12-03 18:54:46] Computing Matchings Dynamic walk
[2025-12-03 18:54:46] Matchings - CX: 648.0, U3: 652.0, Depth: 809.0
[2025-12-03 18:54:46] Computing Pauli decomposition
[2025-12-03 18:55:01] Pauli - CX: 1289.0, U3: 1457.0, Depth: 2112.0
[2025-12-03 18:55:01] Analysis completed in 14.93s - Category: win
[2025-12-03 18:55:01] Successfully processed graph 65 - Category: win - Time: 14.93s
[2025-12-03 18:55:01] 
Processing graph 66/200
[2025-12-03 18:55:01] Graph 66 has 128 nodes and 7 edges
[2025-12-03 18:55:01] Converted to 7 bitstring edges
[2025-12-03 18:55:01] Computing Matchings Dynamic walk
[2025-12-03 18:55:01] Matchings - CX: 418.0, U3: 415.0, Depth: 528.0
[2025-12-03 18:55:01] Computing Pauli decomposition
[2025-12-03 18:55:16] Pauli - CX: 1230.0, U3: 1393.0, Depth: 1998.0
[2025-12-03 18:55:16] Analysis completed in 15.02s - Category: win
[2025-12-03 18:55:16] Successfully processed graph 66 - Category: win - Time: 15.02s
[2025-12-03 18:55:16] 
Processing graph 67/200
[2025-12-03 18:55:16] Graph 67 has 128 nodes and 5 edges
[2025-12-03 18:55:16] Converted to 5 bitstring edges
[2025-12-03 18:55:16] Computing Matchings Dynamic walk
[2025-12-03 18:55:16] Matchings - CX: 286.0, U3: 293.0, Depth: 364.0
[2025-12-03 18:55:16] Computing Pauli decomposition
[2025-12-03 18:55:30] Pauli - CX: 757.0, U3: 793.0, Depth: 1232.0
[2025-12-03 18:55:30] Analysis completed in 14.92s - Category: win
[2025-12-03 18:55:30] Successfully processed graph 67 - Category: win - Time: 14.92s
[2025-12-03 18:55:30] 
Processing graph 68/200
[2025-12-03 18:55:30] Graph 68 has 128 nodes and 14 edges
[2025-12-03 18:55:30] Converted to 14 bitstring edges
[2025-12-03 18:55:30] Computing Matchings Dynamic walk
[2025-12-03 18:55:30] Matchings - CX: 814.0, U3: 820.0, Depth: 1038.0
[2025-12-03 18:55:30] Computing Pauli decomposition
[2025-12-03 18:55:46] Pauli - CX: 2068.0, U3: 2481.0, Depth: 3416.0
[2025-12-03 18:55:46] Analysis completed in 15.15s - Category: win
[2025-12-03 18:55:46] Successfully processed graph 68 - Category: win - Time: 15.15s
[2025-12-03 18:55:46] 
Processing graph 69/200
[2025-12-03 18:55:46] Graph 69 has 128 nodes and 14 edges
[2025-12-03 18:55:46] Converted to 14 bitstring edges
[2025-12-03 18:55:46] Computing Matchings Dynamic walk
[2025-12-03 18:55:46] Matchings - CX: 810.0, U3: 820.0, Depth: 1019.0
[2025-12-03 18:55:46] Computing Pauli decomposition
[2025-12-03 18:56:01] Pauli - CX: 1865.0, U3: 1940.0, Depth: 2972.0
[2025-12-03 18:56:01] Analysis completed in 15.58s - Category: win
[2025-12-03 18:56:01] Successfully processed graph 69 - Category: win - Time: 15.58s
[2025-12-03 18:56:01] 
Processing graph 70/200
[2025-12-03 18:56:01] Graph 70 has 128 nodes and 13 edges
[2025-12-03 18:56:01] Converted to 13 bitstring edges
[2025-12-03 18:56:01] Computing Matchings Dynamic walk
[2025-12-03 18:56:01] Matchings - CX: 674.0, U3: 698.0, Depth: 852.0
[2025-12-03 18:56:01] Computing Pauli decomposition
[2025-12-03 18:56:17] Pauli - CX: 1382.0, U3: 1624.0, Depth: 2289.0
[2025-12-03 18:56:17] Analysis completed in 15.36s - Category: win
[2025-12-03 18:56:17] Successfully processed graph 70 - Category: win - Time: 15.36s
[2025-12-03 18:56:17] 
Processing graph 71/200
[2025-12-03 18:56:17] Graph 71 has 128 nodes and 12 edges
[2025-12-03 18:56:17] Converted to 12 bitstring edges
[2025-12-03 18:56:17] Computing Matchings Dynamic walk
[2025-12-03 18:56:17] Matchings - CX: 710.0, U3: 718.0, Depth: 900.0
[2025-12-03 18:56:17] Computing Pauli decomposition
[2025-12-03 18:56:32] Pauli - CX: 1831.0, U3: 2023.0, Depth: 2927.0
[2025-12-03 18:56:32] Analysis completed in 15.15s - Category: win
[2025-12-03 18:56:32] Successfully processed graph 71 - Category: win - Time: 15.15s
[2025-12-03 18:56:32] 
Processing graph 72/200
[2025-12-03 18:56:32] Graph 72 has 128 nodes and 13 edges
[2025-12-03 18:56:32] Converted to 13 bitstring edges
[2025-12-03 18:56:32] Computing Matchings Dynamic walk
[2025-12-03 18:56:32] Matchings - CX: 746.0, U3: 771.0, Depth: 919.0
[2025-12-03 18:56:32] Computing Pauli decomposition
[2025-12-03 18:56:46] Pauli - CX: 1318.0, U3: 1373.0, Depth: 2075.0
[2025-12-03 18:56:46] Analysis completed in 14.77s - Category: win
[2025-12-03 18:56:46] Successfully processed graph 72 - Category: win - Time: 14.77s
[2025-12-03 18:56:46] 
Processing graph 73/200
[2025-12-03 18:56:46] Graph 73 has 128 nodes and 10 edges
[2025-12-03 18:56:46] Converted to 10 bitstring edges
[2025-12-03 18:56:46] Computing Matchings Dynamic walk
[2025-12-03 18:56:47] Matchings - CX: 578.0, U3: 592.0, Depth: 747.0
[2025-12-03 18:56:47] Computing Pauli decomposition
[2025-12-03 18:57:01] Pauli - CX: 1480.0, U3: 1257.0, Depth: 2223.0
[2025-12-03 18:57:01] Analysis completed in 14.33s - Category: win
[2025-12-03 18:57:01] Successfully processed graph 73 - Category: win - Time: 14.33s
[2025-12-03 18:57:01] 
Processing graph 74/200
[2025-12-03 18:57:01] Graph 74 has 128 nodes and 12 edges
[2025-12-03 18:57:01] Converted to 12 bitstring edges
[2025-12-03 18:57:01] Computing Matchings Dynamic walk
[2025-12-03 18:57:01] Matchings - CX: 710.0, U3: 714.0, Depth: 913.0
[2025-12-03 18:57:01] Computing Pauli decomposition
[2025-12-03 18:57:16] Pauli - CX: 2193.0, U3: 2269.0, Depth: 3464.0
[2025-12-03 18:57:16] Analysis completed in 14.81s - Category: win
[2025-12-03 18:57:16] Successfully processed graph 74 - Category: win - Time: 14.81s
[2025-12-03 18:57:16] 
Processing graph 75/200
[2025-12-03 18:57:16] Graph 75 has 128 nodes and 7 edges
[2025-12-03 18:57:16] Converted to 7 bitstring edges
[2025-12-03 18:57:16] Computing Matchings Dynamic walk
[2025-12-03 18:57:16] Matchings - CX: 420.0, U3: 418.0, Depth: 544.0
[2025-12-03 18:57:16] Computing Pauli decomposition
[2025-12-03 18:57:29] Pauli - CX: 1101.0, U3: 1510.0, Depth: 1855.0
[2025-12-03 18:57:29] Analysis completed in 13.30s - Category: win
[2025-12-03 18:57:29] Successfully processed graph 75 - Category: win - Time: 13.30s
[2025-12-03 18:57:29] 
Processing graph 76/200
[2025-12-03 18:57:29] Graph 76 has 128 nodes and 8 edges
[2025-12-03 18:57:29] Converted to 8 bitstring edges
[2025-12-03 18:57:29] Computing Matchings Dynamic walk
[2025-12-03 18:57:29] Matchings - CX: 472.0, U3: 483.0, Depth: 606.0
[2025-12-03 18:57:29] Computing Pauli decomposition
[2025-12-03 18:57:44] Pauli - CX: 1232.0, U3: 1193.0, Depth: 1885.0
[2025-12-03 18:57:44] Analysis completed in 15.50s - Category: win
[2025-12-03 18:57:44] Successfully processed graph 76 - Category: win - Time: 15.50s
[2025-12-03 18:57:44] 
Processing graph 77/200
[2025-12-03 18:57:44] Graph 77 has 128 nodes and 6 edges
[2025-12-03 18:57:44] Converted to 6 bitstring edges
[2025-12-03 18:57:44] Computing Matchings Dynamic walk
[2025-12-03 18:57:44] Matchings - CX: 350.0, U3: 358.0, Depth: 446.0
[2025-12-03 18:57:44] Computing Pauli decomposition
[2025-12-03 18:57:59] Pauli - CX: 1105.0, U3: 890.0, Depth: 1656.0
[2025-12-03 18:57:59] Analysis completed in 14.60s - Category: win
[2025-12-03 18:57:59] Successfully processed graph 77 - Category: win - Time: 14.60s
[2025-12-03 18:57:59] 
Processing graph 78/200
[2025-12-03 18:57:59] Graph 78 has 128 nodes and 13 edges
[2025-12-03 18:57:59] Converted to 13 bitstring edges
[2025-12-03 18:57:59] Computing Matchings Dynamic walk
[2025-12-03 18:57:59] Matchings - CX: 754.0, U3: 775.0, Depth: 946.0
[2025-12-03 18:57:59] Computing Pauli decomposition
[2025-12-03 18:58:14] Pauli - CX: 1971.0, U3: 2230.0, Depth: 3189.0
[2025-12-03 18:58:14] Analysis completed in 15.23s - Category: win
[2025-12-03 18:58:14] Successfully processed graph 78 - Category: win - Time: 15.23s
[2025-12-03 18:58:14] 
Processing graph 79/200
[2025-12-03 18:58:14] Graph 79 has 128 nodes and 14 edges
[2025-12-03 18:58:14] Converted to 14 bitstring edges
[2025-12-03 18:58:14] Computing Matchings Dynamic walk
[2025-12-03 18:58:14] Matchings - CX: 830.0, U3: 831.0, Depth: 1035.0
[2025-12-03 18:58:14] Computing Pauli decomposition
[2025-12-03 18:58:29] Pauli - CX: 1628.0, U3: 1726.0, Depth: 2519.0
[2025-12-03 18:58:29] Analysis completed in 15.18s - Category: win
[2025-12-03 18:58:29] Successfully processed graph 79 - Category: win - Time: 15.18s
[2025-12-03 18:58:29] 
Processing graph 80/200
[2025-12-03 18:58:29] Graph 80 has 128 nodes and 9 edges
[2025-12-03 18:58:29] Converted to 9 bitstring edges
[2025-12-03 18:58:29] Computing Matchings Dynamic walk
[2025-12-03 18:58:29] Matchings - CX: 524.0, U3: 527.0, Depth: 664.0
[2025-12-03 18:58:29] Computing Pauli decomposition
[2025-12-03 18:58:45] Pauli - CX: 1146.0, U3: 1359.0, Depth: 1881.0
[2025-12-03 18:58:45] Analysis completed in 15.33s - Category: win
[2025-12-03 18:58:45] Successfully processed graph 80 - Category: win - Time: 15.33s
[2025-12-03 18:58:45] 
Processing graph 81/200
[2025-12-03 18:58:45] Graph 81 has 128 nodes and 14 edges
[2025-12-03 18:58:45] Converted to 14 bitstring edges
[2025-12-03 18:58:45] Computing Matchings Dynamic walk
[2025-12-03 18:58:45] Matchings - CX: 736.0, U3: 749.0, Depth: 956.0
[2025-12-03 18:58:45] Computing Pauli decomposition
[2025-12-03 18:58:59] Pauli - CX: 1861.0, U3: 2017.0, Depth: 2941.0
[2025-12-03 18:58:59] Analysis completed in 14.22s - Category: win
[2025-12-03 18:58:59] Successfully processed graph 81 - Category: win - Time: 14.22s
[2025-12-03 18:58:59] 
Processing graph 82/200
[2025-12-03 18:58:59] Graph 82 has 128 nodes and 14 edges
[2025-12-03 18:58:59] Converted to 14 bitstring edges
[2025-12-03 18:58:59] Computing Matchings Dynamic walk
[2025-12-03 18:58:59] Matchings - CX: 666.0, U3: 680.0, Depth: 882.0
[2025-12-03 18:58:59] Computing Pauli decomposition
[2025-12-03 18:59:13] Pauli - CX: 1853.0, U3: 1958.0, Depth: 2918.0
[2025-12-03 18:59:13] Analysis completed in 14.36s - Category: win
[2025-12-03 18:59:13] Successfully processed graph 82 - Category: win - Time: 14.36s
[2025-12-03 18:59:13] 
Processing graph 83/200
[2025-12-03 18:59:13] Graph 83 has 128 nodes and 5 edges
[2025-12-03 18:59:13] Converted to 5 bitstring edges
[2025-12-03 18:59:13] Computing Matchings Dynamic walk
[2025-12-03 18:59:13] Matchings - CX: 294.0, U3: 299.0, Depth: 379.0
[2025-12-03 18:59:13] Computing Pauli decomposition
[2025-12-03 18:59:28] Pauli - CX: 984.0, U3: 1101.0, Depth: 1563.0
[2025-12-03 18:59:28] Analysis completed in 14.88s - Category: win
[2025-12-03 18:59:28] Successfully processed graph 83 - Category: win - Time: 14.88s
[2025-12-03 18:59:28] 
Processing graph 84/200
[2025-12-03 18:59:28] Graph 84 has 128 nodes and 6 edges
[2025-12-03 18:59:28] Converted to 6 bitstring edges
[2025-12-03 18:59:28] Computing Matchings Dynamic walk
[2025-12-03 18:59:28] Matchings - CX: 348.0, U3: 360.0, Depth: 444.0
[2025-12-03 18:59:28] Computing Pauli decomposition
[2025-12-03 18:59:43] Pauli - CX: 941.0, U3: 927.0, Depth: 1491.0
[2025-12-03 18:59:43] Analysis completed in 14.89s - Category: win
[2025-12-03 18:59:43] Successfully processed graph 84 - Category: win - Time: 14.89s
[2025-12-03 18:59:43] 
Processing graph 85/200
[2025-12-03 18:59:43] Graph 85 has 128 nodes and 14 edges
[2025-12-03 18:59:43] Converted to 14 bitstring edges
[2025-12-03 18:59:43] Computing Matchings Dynamic walk
[2025-12-03 18:59:43] Matchings - CX: 742.0, U3: 748.0, Depth: 946.0
[2025-12-03 18:59:43] Computing Pauli decomposition
[2025-12-03 18:59:58] Pauli - CX: 1979.0, U3: 1812.0, Depth: 3056.0
[2025-12-03 18:59:58] Analysis completed in 14.73s - Category: win
[2025-12-03 18:59:58] Successfully processed graph 85 - Category: win - Time: 14.73s
[2025-12-03 18:59:58] 
Processing graph 86/200
[2025-12-03 18:59:58] Graph 86 has 128 nodes and 13 edges
[2025-12-03 18:59:58] Converted to 13 bitstring edges
[2025-12-03 18:59:58] Computing Matchings Dynamic walk
[2025-12-03 18:59:58] Matchings - CX: 750.0, U3: 766.0, Depth: 940.0
[2025-12-03 18:59:58] Computing Pauli decomposition
[2025-12-03 19:00:14] Pauli - CX: 1634.0, U3: 1780.0, Depth: 2633.0
[2025-12-03 19:00:14] Analysis completed in 15.66s - Category: win
[2025-12-03 19:00:14] Successfully processed graph 86 - Category: win - Time: 15.66s
[2025-12-03 19:00:14] 
Processing graph 87/200
[2025-12-03 19:00:14] Graph 87 has 128 nodes and 11 edges
[2025-12-03 19:00:14] Converted to 11 bitstring edges
[2025-12-03 19:00:14] Computing Matchings Dynamic walk
[2025-12-03 19:00:14] Matchings - CX: 642.0, U3: 651.0, Depth: 819.0
[2025-12-03 19:00:14] Computing Pauli decomposition
[2025-12-03 19:00:28] Pauli - CX: 1986.0, U3: 2027.0, Depth: 3068.0
[2025-12-03 19:00:28] Analysis completed in 14.16s - Category: win
[2025-12-03 19:00:28] Successfully processed graph 87 - Category: win - Time: 14.16s
[2025-12-03 19:00:28] 
Processing graph 88/200
[2025-12-03 19:00:28] Graph 88 has 128 nodes and 13 edges
[2025-12-03 19:00:28] Converted to 13 bitstring edges
[2025-12-03 19:00:28] Computing Matchings Dynamic walk
[2025-12-03 19:00:28] Matchings - CX: 674.0, U3: 687.0, Depth: 880.0
[2025-12-03 19:00:28] Computing Pauli decomposition
[2025-12-03 19:00:41] Pauli - CX: 1674.0, U3: 1738.0, Depth: 2682.0
[2025-12-03 19:00:41] Analysis completed in 13.28s - Category: win
[2025-12-03 19:00:41] Successfully processed graph 88 - Category: win - Time: 13.28s
[2025-12-03 19:00:41] 
Processing graph 89/200
[2025-12-03 19:00:41] Graph 89 has 128 nodes and 14 edges
[2025-12-03 19:00:41] Converted to 14 bitstring edges
[2025-12-03 19:00:41] Computing Matchings Dynamic walk
[2025-12-03 19:00:41] Matchings - CX: 812.0, U3: 833.0, Depth: 1044.0
[2025-12-03 19:00:41] Computing Pauli decomposition
[2025-12-03 19:00:55] Pauli - CX: 1765.0, U3: 2057.0, Depth: 2903.0
[2025-12-03 19:00:55] Analysis completed in 14.13s - Category: win
[2025-12-03 19:00:55] Successfully processed graph 89 - Category: win - Time: 14.13s
[2025-12-03 19:00:55] 
Processing graph 90/200
[2025-12-03 19:00:55] Graph 90 has 128 nodes and 13 edges
[2025-12-03 19:00:55] Converted to 13 bitstring edges
[2025-12-03 19:00:55] Computing Matchings Dynamic walk
[2025-12-03 19:00:55] Matchings - CX: 760.0, U3: 771.0, Depth: 949.0
[2025-12-03 19:00:55] Computing Pauli decomposition
[2025-12-03 19:01:08] Pauli - CX: 1301.0, U3: 1649.0, Depth: 2179.0
[2025-12-03 19:01:08] Analysis completed in 13.07s - Category: win
[2025-12-03 19:01:08] Successfully processed graph 90 - Category: win - Time: 13.07s
[2025-12-03 19:01:08] 
Processing graph 91/200
[2025-12-03 19:01:08] Graph 91 has 128 nodes and 9 edges
[2025-12-03 19:01:08] Converted to 9 bitstring edges
[2025-12-03 19:01:08] Computing Matchings Dynamic walk
[2025-12-03 19:01:08] Matchings - CX: 524.0, U3: 535.0, Depth: 659.0
[2025-12-03 19:01:08] Computing Pauli decomposition
[2025-12-03 19:01:21] Pauli - CX: 1488.0, U3: 1367.0, Depth: 2248.0
[2025-12-03 19:01:21] Analysis completed in 12.58s - Category: win
[2025-12-03 19:01:21] Successfully processed graph 91 - Category: win - Time: 12.58s
[2025-12-03 19:01:21] 
Processing graph 92/200
[2025-12-03 19:01:21] Graph 92 has 128 nodes and 5 edges
[2025-12-03 19:01:21] Converted to 5 bitstring edges
[2025-12-03 19:01:21] Computing Matchings Dynamic walk
[2025-12-03 19:01:21] Matchings - CX: 292.0, U3: 296.0, Depth: 373.0
[2025-12-03 19:01:21] Computing Pauli decomposition
[2025-12-03 19:01:32] Pauli - CX: 878.0, U3: 1099.0, Depth: 1432.0
[2025-12-03 19:01:32] Analysis completed in 10.96s - Category: win
[2025-12-03 19:01:32] Successfully processed graph 92 - Category: win - Time: 10.96s
[2025-12-03 19:01:32] 
Processing graph 93/200
[2025-12-03 19:01:32] Graph 93 has 128 nodes and 10 edges
[2025-12-03 19:01:32] Converted to 10 bitstring edges
[2025-12-03 19:01:32] Computing Matchings Dynamic walk
[2025-12-03 19:01:32] Matchings - CX: 598.0, U3: 598.0, Depth: 756.0
[2025-12-03 19:01:32] Computing Pauli decomposition
[2025-12-03 19:01:46] Pauli - CX: 1653.0, U3: 1602.0, Depth: 2474.0
[2025-12-03 19:01:46] Analysis completed in 14.17s - Category: win
[2025-12-03 19:01:46] Successfully processed graph 93 - Category: win - Time: 14.17s
[2025-12-03 19:01:46] 
Processing graph 94/200
[2025-12-03 19:01:46] Graph 94 has 128 nodes and 14 edges
[2025-12-03 19:01:46] Converted to 14 bitstring edges
[2025-12-03 19:01:46] Computing Matchings Dynamic walk
[2025-12-03 19:01:46] Matchings - CX: 808.0, U3: 827.0, Depth: 1038.0
[2025-12-03 19:01:46] Computing Pauli decomposition
[2025-12-03 19:01:58] Pauli - CX: 1812.0, U3: 2115.0, Depth: 2986.0
[2025-12-03 19:01:58] Analysis completed in 12.06s - Category: win
[2025-12-03 19:01:58] Successfully processed graph 94 - Category: win - Time: 12.06s
[2025-12-03 19:01:58] 
Processing graph 95/200
[2025-12-03 19:01:58] Graph 95 has 128 nodes and 14 edges
[2025-12-03 19:01:58] Converted to 14 bitstring edges
[2025-12-03 19:01:58] Computing Matchings Dynamic walk
[2025-12-03 19:01:58] Matchings - CX: 804.0, U3: 834.0, Depth: 1008.0
[2025-12-03 19:01:58] Computing Pauli decomposition
[2025-12-03 19:02:12] Pauli - CX: 1711.0, U3: 2047.0, Depth: 2824.0
[2025-12-03 19:02:12] Analysis completed in 14.13s - Category: win
[2025-12-03 19:02:12] Successfully processed graph 95 - Category: win - Time: 14.13s
[2025-12-03 19:02:12] 
Processing graph 96/200
[2025-12-03 19:02:12] Graph 96 has 128 nodes and 9 edges
[2025-12-03 19:02:12] Converted to 9 bitstring edges
[2025-12-03 19:02:12] Computing Matchings Dynamic walk
[2025-12-03 19:02:12] Matchings - CX: 526.0, U3: 538.0, Depth: 675.0
[2025-12-03 19:02:12] Computing Pauli decomposition
[2025-12-03 19:02:26] Pauli - CX: 1445.0, U3: 1451.0, Depth: 2239.0
[2025-12-03 19:02:26] Analysis completed in 13.77s - Category: win
[2025-12-03 19:02:26] Successfully processed graph 96 - Category: win - Time: 13.77s
[2025-12-03 19:02:26] 
Processing graph 97/200
[2025-12-03 19:02:26] Graph 97 has 128 nodes and 6 edges
[2025-12-03 19:02:26] Converted to 6 bitstring edges
[2025-12-03 19:02:26] Computing Matchings Dynamic walk
[2025-12-03 19:02:26] Matchings - CX: 344.0, U3: 353.0, Depth: 453.0
[2025-12-03 19:02:26] Computing Pauli decomposition
[2025-12-03 19:02:39] Pauli - CX: 1043.0, U3: 1131.0, Depth: 1667.0
[2025-12-03 19:02:39] Analysis completed in 13.08s - Category: win
[2025-12-03 19:02:39] Successfully processed graph 97 - Category: win - Time: 13.08s
[2025-12-03 19:02:39] 
Processing graph 98/200
[2025-12-03 19:02:39] Graph 98 has 128 nodes and 13 edges
[2025-12-03 19:02:39] Converted to 13 bitstring edges
[2025-12-03 19:02:39] Computing Matchings Dynamic walk
[2025-12-03 19:02:39] Matchings - CX: 750.0, U3: 772.0, Depth: 945.0
[2025-12-03 19:02:39] Computing Pauli decomposition
[2025-12-03 19:02:54] Pauli - CX: 2017.0, U3: 2011.0, Depth: 3171.0
[2025-12-03 19:02:54] Analysis completed in 15.01s - Category: win
[2025-12-03 19:02:54] Successfully processed graph 98 - Category: win - Time: 15.01s
[2025-12-03 19:02:54] 
Processing graph 99/200
[2025-12-03 19:02:54] Graph 99 has 128 nodes and 9 edges
[2025-12-03 19:02:54] Converted to 9 bitstring edges
[2025-12-03 19:02:54] Computing Matchings Dynamic walk
[2025-12-03 19:02:54] Matchings - CX: 516.0, U3: 532.0, Depth: 646.0
[2025-12-03 19:02:54] Computing Pauli decomposition
[2025-12-03 19:03:08] Pauli - CX: 1170.0, U3: 808.0, Depth: 1691.0
[2025-12-03 19:03:08] Analysis completed in 13.95s - Category: win
[2025-12-03 19:03:08] Successfully processed graph 99 - Category: win - Time: 13.95s
[2025-12-03 19:03:08] 
Processing graph 100/200
[2025-12-03 19:03:08] Graph 100 has 128 nodes and 14 edges
[2025-12-03 19:03:08] Converted to 14 bitstring edges
[2025-12-03 19:03:08] Computing Matchings Dynamic walk
[2025-12-03 19:03:08] Matchings - CX: 810.0, U3: 817.0, Depth: 1013.0
[2025-12-03 19:03:08] Computing Pauli decomposition
[2025-12-03 19:03:22] Pauli - CX: 1665.0, U3: 1725.0, Depth: 2638.0
[2025-12-03 19:03:22] Analysis completed in 13.91s - Category: win
[2025-12-03 19:03:22] Successfully processed graph 100 - Category: win - Time: 13.91s
[2025-12-03 19:03:22] 
Processing graph 101/200
[2025-12-03 19:03:22] Graph 101 has 128 nodes and 10 edges
[2025-12-03 19:03:22] Converted to 10 bitstring edges
[2025-12-03 19:03:22] Computing Matchings Dynamic walk
[2025-12-03 19:03:22] Matchings - CX: 580.0, U3: 596.0, Depth: 756.0
[2025-12-03 19:03:22] Computing Pauli decomposition
[2025-12-03 19:03:36] Pauli - CX: 1346.0, U3: 1317.0, Depth: 2156.0
[2025-12-03 19:03:36] Analysis completed in 13.70s - Category: win
[2025-12-03 19:03:36] Successfully processed graph 101 - Category: win - Time: 13.70s
[2025-12-03 19:03:36] 
Processing graph 102/200
[2025-12-03 19:03:36] Graph 102 has 128 nodes and 9 edges
[2025-12-03 19:03:36] Converted to 9 bitstring edges
[2025-12-03 19:03:36] Computing Matchings Dynamic walk
[2025-12-03 19:03:36] Matchings - CX: 512.0, U3: 522.0, Depth: 614.0
[2025-12-03 19:03:36] Computing Pauli decomposition
[2025-12-03 19:03:49] Pauli - CX: 617.0, U3: 549.0, Depth: 966.0
[2025-12-03 19:03:49] Analysis completed in 13.23s - Category: win
[2025-12-03 19:03:49] Successfully processed graph 102 - Category: win - Time: 13.23s
[2025-12-03 19:03:49] 
Processing graph 103/200
[2025-12-03 19:03:49] Graph 103 has 128 nodes and 12 edges
[2025-12-03 19:03:49] Converted to 12 bitstring edges
[2025-12-03 19:03:49] Computing Matchings Dynamic walk
[2025-12-03 19:03:49] Matchings - CX: 692.0, U3: 711.0, Depth: 899.0
[2025-12-03 19:03:49] Computing Pauli decomposition
[2025-12-03 19:04:02] Pauli - CX: 1463.0, U3: 1788.0, Depth: 2461.0
[2025-12-03 19:04:02] Analysis completed in 13.68s - Category: win
[2025-12-03 19:04:02] Successfully processed graph 103 - Category: win - Time: 13.68s
[2025-12-03 19:04:02] 
Processing graph 104/200
[2025-12-03 19:04:02] Graph 104 has 128 nodes and 13 edges
[2025-12-03 19:04:02] Converted to 13 bitstring edges
[2025-12-03 19:04:02] Computing Matchings Dynamic walk
[2025-12-03 19:04:03] Matchings - CX: 768.0, U3: 772.0, Depth: 982.0
[2025-12-03 19:04:03] Computing Pauli decomposition
[2025-12-03 19:04:16] Pauli - CX: 1984.0, U3: 2352.0, Depth: 3212.0
[2025-12-03 19:04:16] Analysis completed in 13.57s - Category: win
[2025-12-03 19:04:16] Successfully processed graph 104 - Category: win - Time: 13.57s
[2025-12-03 19:04:16] 
Processing graph 105/200
[2025-12-03 19:04:16] Graph 105 has 128 nodes and 14 edges
[2025-12-03 19:04:16] Converted to 14 bitstring edges
[2025-12-03 19:04:16] Computing Matchings Dynamic walk
[2025-12-03 19:04:16] Matchings - CX: 728.0, U3: 751.0, Depth: 911.0
[2025-12-03 19:04:16] Computing Pauli decomposition
[2025-12-03 19:04:29] Pauli - CX: 1382.0, U3: 1751.0, Depth: 2312.0
[2025-12-03 19:04:29] Analysis completed in 13.26s - Category: win
[2025-12-03 19:04:29] Successfully processed graph 105 - Category: win - Time: 13.26s
[2025-12-03 19:04:29] 
Processing graph 106/200
[2025-12-03 19:04:29] Graph 106 has 128 nodes and 14 edges
[2025-12-03 19:04:29] Converted to 14 bitstring edges
[2025-12-03 19:04:29] Computing Matchings Dynamic walk
[2025-12-03 19:04:29] Matchings - CX: 836.0, U3: 841.0, Depth: 1074.0
[2025-12-03 19:04:29] Computing Pauli decomposition
[2025-12-03 19:04:43] Pauli - CX: 2080.0, U3: 2294.0, Depth: 3269.0
[2025-12-03 19:04:43] Analysis completed in 13.74s - Category: win
[2025-12-03 19:04:43] Successfully processed graph 106 - Category: win - Time: 13.74s
[2025-12-03 19:04:43] 
Processing graph 107/200
[2025-12-03 19:04:43] Graph 107 has 128 nodes and 5 edges
[2025-12-03 19:04:43] Converted to 5 bitstring edges
[2025-12-03 19:04:43] Computing Matchings Dynamic walk
[2025-12-03 19:04:43] Matchings - CX: 286.0, U3: 296.0, Depth: 377.0
[2025-12-03 19:04:43] Computing Pauli decomposition
[2025-12-03 19:04:56] Pauli - CX: 984.0, U3: 497.0, Depth: 1326.0
[2025-12-03 19:04:56] Analysis completed in 13.22s - Category: win
[2025-12-03 19:04:56] Successfully processed graph 107 - Category: win - Time: 13.22s
[2025-12-03 19:04:56] 
Processing graph 108/200
[2025-12-03 19:04:56] Graph 108 has 128 nodes and 12 edges
[2025-12-03 19:04:56] Converted to 12 bitstring edges
[2025-12-03 19:04:56] Computing Matchings Dynamic walk
[2025-12-03 19:04:56] Matchings - CX: 618.0, U3: 628.0, Depth: 807.0
[2025-12-03 19:04:56] Computing Pauli decomposition
[2025-12-03 19:05:09] Pauli - CX: 1665.0, U3: 1639.0, Depth: 2581.0
[2025-12-03 19:05:09] Analysis completed in 12.75s - Category: win
[2025-12-03 19:05:09] Successfully processed graph 108 - Category: win - Time: 12.75s
[2025-12-03 19:05:09] 
Processing graph 109/200
[2025-12-03 19:05:09] Graph 109 has 128 nodes and 11 edges
[2025-12-03 19:05:09] Converted to 11 bitstring edges
[2025-12-03 19:05:09] Computing Matchings Dynamic walk
[2025-12-03 19:05:09] Matchings - CX: 630.0, U3: 646.0, Depth: 804.0
[2025-12-03 19:05:09] Computing Pauli decomposition
[2025-12-03 19:05:18] Pauli - CX: 1254.0, U3: 1510.0, Depth: 2147.0
[2025-12-03 19:05:18] Analysis completed in 9.26s - Category: win
[2025-12-03 19:05:18] Successfully processed graph 109 - Category: win - Time: 9.26s
[2025-12-03 19:05:18] 
Processing graph 110/200
[2025-12-03 19:05:18] Graph 110 has 128 nodes and 10 edges
[2025-12-03 19:05:18] Converted to 10 bitstring edges
[2025-12-03 19:05:18] Computing Matchings Dynamic walk
[2025-12-03 19:05:18] Matchings - CX: 574.0, U3: 593.0, Depth: 741.0
[2025-12-03 19:05:18] Computing Pauli decomposition
[2025-12-03 19:05:28] Pauli - CX: 1272.0, U3: 1483.0, Depth: 2064.0
[2025-12-03 19:05:28] Analysis completed in 10.01s - Category: win
[2025-12-03 19:05:28] Successfully processed graph 110 - Category: win - Time: 10.01s
[2025-12-03 19:05:28] 
Processing graph 111/200
[2025-12-03 19:05:28] Graph 111 has 128 nodes and 12 edges
[2025-12-03 19:05:28] Converted to 12 bitstring edges
[2025-12-03 19:05:28] Computing Matchings Dynamic walk
[2025-12-03 19:05:28] Matchings - CX: 702.0, U3: 710.0, Depth: 896.0
[2025-12-03 19:05:28] Computing Pauli decomposition
[2025-12-03 19:05:38] Pauli - CX: 1626.0, U3: 1840.0, Depth: 2674.0
[2025-12-03 19:05:38] Analysis completed in 9.77s - Category: win
[2025-12-03 19:05:38] Successfully processed graph 111 - Category: win - Time: 9.77s
[2025-12-03 19:05:38] 
Processing graph 112/200
[2025-12-03 19:05:38] Graph 112 has 128 nodes and 14 edges
[2025-12-03 19:05:38] Converted to 14 bitstring edges
[2025-12-03 19:05:38] Computing Matchings Dynamic walk
[2025-12-03 19:05:38] Matchings - CX: 812.0, U3: 822.0, Depth: 1042.0
[2025-12-03 19:05:38] Computing Pauli decomposition
[2025-12-03 19:05:48] Pauli - CX: 1704.0, U3: 2175.0, Depth: 2891.0
[2025-12-03 19:05:48] Analysis completed in 9.47s - Category: win
[2025-12-03 19:05:48] Successfully processed graph 112 - Category: win - Time: 9.47s
[2025-12-03 19:05:48] 
Processing graph 113/200
[2025-12-03 19:05:48] Graph 113 has 128 nodes and 14 edges
[2025-12-03 19:05:48] Converted to 14 bitstring edges
[2025-12-03 19:05:48] Computing Matchings Dynamic walk
[2025-12-03 19:05:48] Matchings - CX: 816.0, U3: 831.0, Depth: 1037.0
[2025-12-03 19:05:48] Computing Pauli decomposition
[2025-12-03 19:05:58] Pauli - CX: 1671.0, U3: 1741.0, Depth: 2705.0
[2025-12-03 19:05:58] Analysis completed in 9.97s - Category: win
[2025-12-03 19:05:58] Successfully processed graph 113 - Category: win - Time: 9.97s
[2025-12-03 19:05:58] 
Processing graph 114/200
[2025-12-03 19:05:58] Graph 114 has 128 nodes and 14 edges
[2025-12-03 19:05:58] Converted to 14 bitstring edges
[2025-12-03 19:05:58] Computing Matchings Dynamic walk
[2025-12-03 19:05:58] Matchings - CX: 818.0, U3: 831.0, Depth: 1019.0
[2025-12-03 19:05:58] Computing Pauli decomposition
[2025-12-03 19:06:07] Pauli - CX: 1911.0, U3: 2030.0, Depth: 3059.0
[2025-12-03 19:06:07] Analysis completed in 9.40s - Category: win
[2025-12-03 19:06:07] Successfully processed graph 114 - Category: win - Time: 9.40s
[2025-12-03 19:06:07] 
Processing graph 115/200
[2025-12-03 19:06:07] Graph 115 has 128 nodes and 8 edges
[2025-12-03 19:06:07] Converted to 8 bitstring edges
[2025-12-03 19:06:07] Computing Matchings Dynamic walk
[2025-12-03 19:06:07] Matchings - CX: 462.0, U3: 467.0, Depth: 595.0
[2025-12-03 19:06:07] Computing Pauli decomposition
[2025-12-03 19:06:16] Pauli - CX: 1261.0, U3: 1221.0, Depth: 1937.0
[2025-12-03 19:06:16] Analysis completed in 9.25s - Category: win
[2025-12-03 19:06:16] Successfully processed graph 115 - Category: win - Time: 9.25s
[2025-12-03 19:06:16] 
Processing graph 116/200
[2025-12-03 19:06:16] Graph 116 has 128 nodes and 12 edges
[2025-12-03 19:06:16] Converted to 12 bitstring edges
[2025-12-03 19:06:16] Computing Matchings Dynamic walk
[2025-12-03 19:06:16] Matchings - CX: 688.0, U3: 707.0, Depth: 870.0
[2025-12-03 19:06:16] Computing Pauli decomposition
[2025-12-03 19:06:26] Pauli - CX: 1419.0, U3: 1714.0, Depth: 2364.0
[2025-12-03 19:06:26] Analysis completed in 9.75s - Category: win
[2025-12-03 19:06:26] Successfully processed graph 116 - Category: win - Time: 9.75s
[2025-12-03 19:06:26] 
Processing graph 117/200
[2025-12-03 19:06:26] Graph 117 has 128 nodes and 11 edges
[2025-12-03 19:06:26] Converted to 11 bitstring edges
[2025-12-03 19:06:26] Computing Matchings Dynamic walk
[2025-12-03 19:06:26] Matchings - CX: 652.0, U3: 657.0, Depth: 824.0
[2025-12-03 19:06:26] Computing Pauli decomposition
[2025-12-03 19:06:34] Pauli - CX: 1591.0, U3: 1894.0, Depth: 2597.0
[2025-12-03 19:06:34] Analysis completed in 7.76s - Category: win
[2025-12-03 19:06:34] Successfully processed graph 117 - Category: win - Time: 7.76s
[2025-12-03 19:06:34] 
Processing graph 118/200
[2025-12-03 19:06:34] Graph 118 has 128 nodes and 11 edges
[2025-12-03 19:06:34] Converted to 11 bitstring edges
[2025-12-03 19:06:34] Computing Matchings Dynamic walk
[2025-12-03 19:06:34] Matchings - CX: 556.0, U3: 579.0, Depth: 717.0
[2025-12-03 19:06:34] Computing Pauli decomposition
[2025-12-03 19:06:41] Pauli - CX: 1311.0, U3: 1365.0, Depth: 2081.0
[2025-12-03 19:06:41] Analysis completed in 7.72s - Category: win
[2025-12-03 19:06:41] Successfully processed graph 118 - Category: win - Time: 7.72s
[2025-12-03 19:06:41] 
Processing graph 119/200
[2025-12-03 19:06:41] Graph 119 has 128 nodes and 14 edges
[2025-12-03 19:06:41] Converted to 14 bitstring edges
[2025-12-03 19:06:41] Computing Matchings Dynamic walk
[2025-12-03 19:06:41] Matchings - CX: 818.0, U3: 835.0, Depth: 1033.0
[2025-12-03 19:06:41] Computing Pauli decomposition
[2025-12-03 19:06:49] Pauli - CX: 1491.0, U3: 1657.0, Depth: 2393.0
[2025-12-03 19:06:49] Analysis completed in 7.63s - Category: win
[2025-12-03 19:06:49] Successfully processed graph 119 - Category: win - Time: 7.63s
[2025-12-03 19:06:49] 
Processing graph 120/200
[2025-12-03 19:06:49] Graph 120 has 128 nodes and 4 edges
[2025-12-03 19:06:49] Converted to 4 bitstring edges
[2025-12-03 19:06:49] Computing Matchings Dynamic walk
[2025-12-03 19:06:49] Matchings - CX: 238.0, U3: 243.0, Depth: 309.0
[2025-12-03 19:06:49] Computing Pauli decomposition
[2025-12-03 19:06:56] Pauli - CX: 660.0, U3: 874.0, Depth: 1094.0
[2025-12-03 19:06:56] Analysis completed in 7.30s - Category: win
[2025-12-03 19:06:56] Successfully processed graph 120 - Category: win - Time: 7.30s
[2025-12-03 19:06:56] 
Processing graph 121/200
[2025-12-03 19:06:56] Graph 121 has 128 nodes and 12 edges
[2025-12-03 19:06:56] Converted to 12 bitstring edges
[2025-12-03 19:06:56] Computing Matchings Dynamic walk
[2025-12-03 19:06:56] Matchings - CX: 710.0, U3: 719.0, Depth: 897.0
[2025-12-03 19:06:56] Computing Pauli decomposition
[2025-12-03 19:07:05] Pauli - CX: 2133.0, U3: 2302.0, Depth: 3367.0
[2025-12-03 19:07:05] Analysis completed in 8.14s - Category: win
[2025-12-03 19:07:05] Successfully processed graph 121 - Category: win - Time: 8.14s
[2025-12-03 19:07:05] 
Processing graph 122/200
[2025-12-03 19:07:05] Graph 122 has 128 nodes and 14 edges
[2025-12-03 19:07:05] Converted to 14 bitstring edges
[2025-12-03 19:07:05] Computing Matchings Dynamic walk
[2025-12-03 19:07:05] Matchings - CX: 840.0, U3: 835.0, Depth: 1069.0
[2025-12-03 19:07:05] Computing Pauli decomposition
[2025-12-03 19:07:13] Pauli - CX: 2419.0, U3: 2439.0, Depth: 3739.0
[2025-12-03 19:07:13] Analysis completed in 8.55s - Category: win
[2025-12-03 19:07:13] Successfully processed graph 122 - Category: win - Time: 8.55s
[2025-12-03 19:07:13] 
Processing graph 123/200
[2025-12-03 19:07:13] Graph 123 has 128 nodes and 14 edges
[2025-12-03 19:07:13] Converted to 14 bitstring edges
[2025-12-03 19:07:13] Computing Matchings Dynamic walk
[2025-12-03 19:07:13] Matchings - CX: 732.0, U3: 748.0, Depth: 915.0
[2025-12-03 19:07:13] Computing Pauli decomposition
[2025-12-03 19:07:21] Pauli - CX: 1621.0, U3: 1925.0, Depth: 2705.0
[2025-12-03 19:07:21] Analysis completed in 8.05s - Category: win
[2025-12-03 19:07:21] Successfully processed graph 123 - Category: win - Time: 8.05s
[2025-12-03 19:07:21] 
Processing graph 124/200
[2025-12-03 19:07:21] Graph 124 has 128 nodes and 10 edges
[2025-12-03 19:07:21] Converted to 10 bitstring edges
[2025-12-03 19:07:21] Computing Matchings Dynamic walk
[2025-12-03 19:07:21] Matchings - CX: 588.0, U3: 592.0, Depth: 740.0
[2025-12-03 19:07:21] Computing Pauli decomposition
[2025-12-03 19:07:29] Pauli - CX: 1757.0, U3: 1811.0, Depth: 2787.0
[2025-12-03 19:07:29] Analysis completed in 8.11s - Category: win
[2025-12-03 19:07:29] Successfully processed graph 124 - Category: win - Time: 8.11s
[2025-12-03 19:07:29] 
Processing graph 125/200
[2025-12-03 19:07:29] Graph 125 has 128 nodes and 12 edges
[2025-12-03 19:07:29] Converted to 12 bitstring edges
[2025-12-03 19:07:29] Computing Matchings Dynamic walk
[2025-12-03 19:07:29] Matchings - CX: 694.0, U3: 711.0, Depth: 896.0
[2025-12-03 19:07:29] Computing Pauli decomposition
[2025-12-03 19:07:38] Pauli - CX: 1760.0, U3: 1842.0, Depth: 2792.0
[2025-12-03 19:07:38] Analysis completed in 8.24s - Category: win
[2025-12-03 19:07:38] Successfully processed graph 125 - Category: win - Time: 8.24s
[2025-12-03 19:07:38] 
Processing graph 126/200
[2025-12-03 19:07:38] Graph 126 has 128 nodes and 13 edges
[2025-12-03 19:07:38] Converted to 13 bitstring edges
[2025-12-03 19:07:38] Computing Matchings Dynamic walk
[2025-12-03 19:07:38] Matchings - CX: 754.0, U3: 769.0, Depth: 965.0
[2025-12-03 19:07:38] Computing Pauli decomposition
[2025-12-03 19:07:45] Pauli - CX: 1990.0, U3: 2426.0, Depth: 3343.0
[2025-12-03 19:07:45] Analysis completed in 7.33s - Category: win
[2025-12-03 19:07:45] Successfully processed graph 126 - Category: win - Time: 7.33s
[2025-12-03 19:07:45] 
Processing graph 127/200
[2025-12-03 19:07:45] Graph 127 has 128 nodes and 12 edges
[2025-12-03 19:07:45] Converted to 12 bitstring edges
[2025-12-03 19:07:45] Computing Matchings Dynamic walk
[2025-12-03 19:07:45] Matchings - CX: 696.0, U3: 715.0, Depth: 865.0
[2025-12-03 19:07:45] Computing Pauli decomposition
[2025-12-03 19:07:53] Pauli - CX: 1484.0, U3: 1259.0, Depth: 2217.0
[2025-12-03 19:07:53] Analysis completed in 8.22s - Category: win
[2025-12-03 19:07:53] Successfully processed graph 127 - Category: win - Time: 8.22s
[2025-12-03 19:07:53] 
Processing graph 128/200
[2025-12-03 19:07:53] Graph 128 has 128 nodes and 11 edges
[2025-12-03 19:07:53] Converted to 11 bitstring edges
[2025-12-03 19:07:53] Computing Matchings Dynamic walk
[2025-12-03 19:07:53] Matchings - CX: 640.0, U3: 652.0, Depth: 805.0
[2025-12-03 19:07:53] Computing Pauli decomposition
[2025-12-03 19:08:01] Pauli - CX: 1408.0, U3: 1418.0, Depth: 2189.0
[2025-12-03 19:08:01] Analysis completed in 8.39s - Category: win
[2025-12-03 19:08:01] Successfully processed graph 128 - Category: win - Time: 8.39s
[2025-12-03 19:08:01] 
Processing graph 129/200
[2025-12-03 19:08:01] Graph 129 has 128 nodes and 8 edges
[2025-12-03 19:08:01] Converted to 8 bitstring edges
[2025-12-03 19:08:01] Computing Matchings Dynamic walk
[2025-12-03 19:08:01] Matchings - CX: 462.0, U3: 475.0, Depth: 570.0
[2025-12-03 19:08:01] Computing Pauli decomposition
[2025-12-03 19:08:10] Pauli - CX: 1089.0, U3: 1172.0, Depth: 1753.0
[2025-12-03 19:08:10] Analysis completed in 8.07s - Category: win
[2025-12-03 19:08:10] Successfully processed graph 129 - Category: win - Time: 8.07s
[2025-12-03 19:08:10] 
Processing graph 130/200
[2025-12-03 19:08:10] Graph 130 has 128 nodes and 12 edges
[2025-12-03 19:08:10] Converted to 12 bitstring edges
[2025-12-03 19:08:10] Computing Matchings Dynamic walk
[2025-12-03 19:08:10] Matchings - CX: 616.0, U3: 632.0, Depth: 792.0
[2025-12-03 19:08:10] Computing Pauli decomposition
[2025-12-03 19:08:17] Pauli - CX: 1619.0, U3: 1150.0, Depth: 2355.0
[2025-12-03 19:08:17] Analysis completed in 7.63s - Category: win
[2025-12-03 19:08:17] Successfully processed graph 130 - Category: win - Time: 7.63s
[2025-12-03 19:08:17] 
Processing graph 131/200
[2025-12-03 19:08:17] Graph 131 has 128 nodes and 7 edges
[2025-12-03 19:08:17] Converted to 7 bitstring edges
[2025-12-03 19:08:17] Computing Matchings Dynamic walk
[2025-12-03 19:08:17] Matchings - CX: 414.0, U3: 413.0, Depth: 526.0
[2025-12-03 19:08:17] Computing Pauli decomposition
[2025-12-03 19:08:25] Pauli - CX: 959.0, U3: 1222.0, Depth: 1574.0
[2025-12-03 19:08:25] Analysis completed in 7.92s - Category: win
[2025-12-03 19:08:25] Successfully processed graph 131 - Category: win - Time: 7.92s
[2025-12-03 19:08:25] 
Processing graph 132/200
[2025-12-03 19:08:25] Graph 132 has 128 nodes and 13 edges
[2025-12-03 19:08:25] Converted to 13 bitstring edges
[2025-12-03 19:08:25] Computing Matchings Dynamic walk
[2025-12-03 19:08:25] Matchings - CX: 760.0, U3: 769.0, Depth: 958.0
[2025-12-03 19:08:25] Computing Pauli decomposition
[2025-12-03 19:08:33] Pauli - CX: 2037.0, U3: 2541.0, Depth: 3317.0
[2025-12-03 19:08:33] Analysis completed in 7.84s - Category: win
[2025-12-03 19:08:33] Successfully processed graph 132 - Category: win - Time: 7.84s
[2025-12-03 19:08:33] 
Processing graph 133/200
[2025-12-03 19:08:33] Graph 133 has 128 nodes and 10 edges
[2025-12-03 19:08:33] Converted to 10 bitstring edges
[2025-12-03 19:08:33] Computing Matchings Dynamic walk
[2025-12-03 19:08:33] Matchings - CX: 570.0, U3: 594.0, Depth: 706.0
[2025-12-03 19:08:33] Computing Pauli decomposition
[2025-12-03 19:08:40] Pauli - CX: 1045.0, U3: 1102.0, Depth: 1693.0
[2025-12-03 19:08:40] Analysis completed in 7.56s - Category: win
[2025-12-03 19:08:40] Successfully processed graph 133 - Category: win - Time: 7.56s
[2025-12-03 19:08:40] 
Processing graph 134/200
[2025-12-03 19:08:40] Graph 134 has 128 nodes and 12 edges
[2025-12-03 19:08:40] Converted to 12 bitstring edges
[2025-12-03 19:08:40] Computing Matchings Dynamic walk
[2025-12-03 19:08:41] Matchings - CX: 688.0, U3: 708.0, Depth: 890.0
[2025-12-03 19:08:41] Computing Pauli decomposition
[2025-12-03 19:08:48] Pauli - CX: 1684.0, U3: 2049.0, Depth: 2767.0
[2025-12-03 19:08:48] Analysis completed in 7.85s - Category: win
[2025-12-03 19:08:48] Successfully processed graph 134 - Category: win - Time: 7.85s
[2025-12-03 19:08:48] 
Processing graph 135/200
[2025-12-03 19:08:48] Graph 135 has 128 nodes and 13 edges
[2025-12-03 19:08:48] Converted to 13 bitstring edges
[2025-12-03 19:08:48] Computing Matchings Dynamic walk
[2025-12-03 19:08:48] Matchings - CX: 672.0, U3: 690.0, Depth: 838.0
[2025-12-03 19:08:48] Computing Pauli decomposition
[2025-12-03 19:08:56] Pauli - CX: 1065.0, U3: 1094.0, Depth: 1692.0
[2025-12-03 19:08:56] Analysis completed in 7.23s - Category: win
[2025-12-03 19:08:56] Successfully processed graph 135 - Category: win - Time: 7.23s
[2025-12-03 19:08:56] 
Processing graph 136/200
[2025-12-03 19:08:56] Graph 136 has 128 nodes and 11 edges
[2025-12-03 19:08:56] Converted to 11 bitstring edges
[2025-12-03 19:08:56] Computing Matchings Dynamic walk
[2025-12-03 19:08:56] Matchings - CX: 652.0, U3: 654.0, Depth: 816.0
[2025-12-03 19:08:56] Computing Pauli decomposition
[2025-12-03 19:09:04] Pauli - CX: 1694.0, U3: 2066.0, Depth: 2805.0
[2025-12-03 19:09:04] Analysis completed in 8.05s - Category: win
[2025-12-03 19:09:04] Successfully processed graph 136 - Category: win - Time: 8.05s
[2025-12-03 19:09:04] 
Processing graph 137/200
[2025-12-03 19:09:04] Graph 137 has 128 nodes and 14 edges
[2025-12-03 19:09:04] Converted to 14 bitstring edges
[2025-12-03 19:09:04] Computing Matchings Dynamic walk
[2025-12-03 19:09:04] Matchings - CX: 838.0, U3: 831.0, Depth: 1044.0
[2025-12-03 19:09:04] Computing Pauli decomposition
[2025-12-03 19:09:11] Pauli - CX: 1923.0, U3: 2383.0, Depth: 3188.0
[2025-12-03 19:09:11] Analysis completed in 7.62s - Category: win
[2025-12-03 19:09:11] Successfully processed graph 137 - Category: win - Time: 7.62s
[2025-12-03 19:09:11] 
Processing graph 138/200
[2025-12-03 19:09:11] Graph 138 has 128 nodes and 12 edges
[2025-12-03 19:09:11] Converted to 12 bitstring edges
[2025-12-03 19:09:11] Computing Matchings Dynamic walk
[2025-12-03 19:09:11] Matchings - CX: 700.0, U3: 713.0, Depth: 902.0
[2025-12-03 19:09:11] Computing Pauli decomposition
[2025-12-03 19:09:19] Pauli - CX: 1942.0, U3: 1911.0, Depth: 3033.0
[2025-12-03 19:09:19] Analysis completed in 7.27s - Category: win
[2025-12-03 19:09:19] Successfully processed graph 138 - Category: win - Time: 7.27s
[2025-12-03 19:09:19] 
Processing graph 139/200
[2025-12-03 19:09:19] Graph 139 has 128 nodes and 11 edges
[2025-12-03 19:09:19] Converted to 11 bitstring edges
[2025-12-03 19:09:19] Computing Matchings Dynamic walk
[2025-12-03 19:09:19] Matchings - CX: 642.0, U3: 653.0, Depth: 819.0
[2025-12-03 19:09:19] Computing Pauli decomposition
[2025-12-03 19:09:26] Pauli - CX: 2004.0, U3: 2308.0, Depth: 3194.0
[2025-12-03 19:09:26] Analysis completed in 7.26s - Category: win
[2025-12-03 19:09:26] Successfully processed graph 139 - Category: win - Time: 7.26s
[2025-12-03 19:09:26] 
Processing graph 140/200
[2025-12-03 19:09:26] Graph 140 has 128 nodes and 10 edges
[2025-12-03 19:09:26] Converted to 10 bitstring edges
[2025-12-03 19:09:26] Computing Matchings Dynamic walk
[2025-12-03 19:09:26] Matchings - CX: 568.0, U3: 582.0, Depth: 722.0
[2025-12-03 19:09:26] Computing Pauli decomposition
[2025-12-03 19:09:34] Pauli - CX: 1243.0, U3: 1401.0, Depth: 2075.0
[2025-12-03 19:09:34] Analysis completed in 7.76s - Category: win
[2025-12-03 19:09:34] Successfully processed graph 140 - Category: win - Time: 7.76s
[2025-12-03 19:09:34] 
Processing graph 141/200
[2025-12-03 19:09:34] Graph 141 has 128 nodes and 8 edges
[2025-12-03 19:09:34] Converted to 8 bitstring edges
[2025-12-03 19:09:34] Computing Matchings Dynamic walk
[2025-12-03 19:09:34] Matchings - CX: 470.0, U3: 477.0, Depth: 605.0
[2025-12-03 19:09:34] Computing Pauli decomposition
[2025-12-03 19:09:41] Pauli - CX: 1521.0, U3: 1284.0, Depth: 2292.0
[2025-12-03 19:09:41] Analysis completed in 7.34s - Category: win
[2025-12-03 19:09:41] Successfully processed graph 141 - Category: win - Time: 7.34s
[2025-12-03 19:09:41] 
Processing graph 142/200
[2025-12-03 19:09:41] Graph 142 has 128 nodes and 13 edges
[2025-12-03 19:09:41] Converted to 13 bitstring edges
[2025-12-03 19:09:41] Computing Matchings Dynamic walk
[2025-12-03 19:09:41] Matchings - CX: 678.0, U3: 691.0, Depth: 853.0
[2025-12-03 19:09:41] Computing Pauli decomposition
[2025-12-03 19:09:49] Pauli - CX: 1451.0, U3: 1726.0, Depth: 2414.0
[2025-12-03 19:09:49] Analysis completed in 7.86s - Category: win
[2025-12-03 19:09:49] Successfully processed graph 142 - Category: win - Time: 7.86s
[2025-12-03 19:09:49] 
Processing graph 143/200
[2025-12-03 19:09:49] Graph 143 has 128 nodes and 14 edges
[2025-12-03 19:09:49] Converted to 14 bitstring edges
[2025-12-03 19:09:49] Computing Matchings Dynamic walk
[2025-12-03 19:09:49] Matchings - CX: 820.0, U3: 832.0, Depth: 1055.0
[2025-12-03 19:09:49] Computing Pauli decomposition
[2025-12-03 19:09:56] Pauli - CX: 2344.0, U3: 2513.0, Depth: 3706.0
[2025-12-03 19:09:56] Analysis completed in 7.57s - Category: win
[2025-12-03 19:09:56] Successfully processed graph 143 - Category: win - Time: 7.57s
[2025-12-03 19:09:56] 
Processing graph 144/200
[2025-12-03 19:09:56] Graph 144 has 128 nodes and 13 edges
[2025-12-03 19:09:56] Converted to 13 bitstring edges
[2025-12-03 19:09:56] Computing Matchings Dynamic walk
[2025-12-03 19:09:56] Matchings - CX: 698.0, U3: 703.0, Depth: 903.0
[2025-12-03 19:09:56] Computing Pauli decomposition
[2025-12-03 19:10:08] Pauli - CX: 2259.0, U3: 2386.0, Depth: 3529.0
[2025-12-03 19:10:08] Analysis completed in 11.31s - Category: win
[2025-12-03 19:10:08] Successfully processed graph 144 - Category: win - Time: 11.31s
[2025-12-03 19:10:08] 
Processing graph 145/200
[2025-12-03 19:10:08] Graph 145 has 128 nodes and 14 edges
[2025-12-03 19:10:08] Converted to 14 bitstring edges
[2025-12-03 19:10:08] Computing Matchings Dynamic walk
[2025-12-03 19:10:08] Matchings - CX: 810.0, U3: 832.0, Depth: 1020.0
[2025-12-03 19:10:08] Computing Pauli decomposition
[2025-12-03 19:10:22] Pauli - CX: 1636.0, U3: 2064.0, Depth: 2787.0
[2025-12-03 19:10:22] Analysis completed in 14.65s - Category: win
[2025-12-03 19:10:22] Successfully processed graph 145 - Category: win - Time: 14.65s
[2025-12-03 19:10:22] 
Processing graph 146/200
[2025-12-03 19:10:22] Graph 146 has 128 nodes and 13 edges
[2025-12-03 19:10:22] Converted to 13 bitstring edges
[2025-12-03 19:10:22] Computing Matchings Dynamic walk
[2025-12-03 19:10:22] Matchings - CX: 666.0, U3: 685.0, Depth: 830.0
[2025-12-03 19:10:22] Computing Pauli decomposition
[2025-12-03 19:10:35] Pauli - CX: 1152.0, U3: 1062.0, Depth: 1824.0
[2025-12-03 19:10:35] Analysis completed in 13.09s - Category: win
[2025-12-03 19:10:35] Successfully processed graph 146 - Category: win - Time: 13.09s
[2025-12-03 19:10:35] 
Processing graph 147/200
[2025-12-03 19:10:35] Graph 147 has 128 nodes and 11 edges
[2025-12-03 19:10:35] Converted to 11 bitstring edges
[2025-12-03 19:10:35] Computing Matchings Dynamic walk
[2025-12-03 19:10:35] Matchings - CX: 568.0, U3: 575.0, Depth: 727.0
[2025-12-03 19:10:35] Computing Pauli decomposition
[2025-12-03 19:10:48] Pauli - CX: 1568.0, U3: 1754.0, Depth: 2481.0
[2025-12-03 19:10:48] Analysis completed in 12.93s - Category: win
[2025-12-03 19:10:48] Successfully processed graph 147 - Category: win - Time: 12.93s
[2025-12-03 19:10:48] 
Processing graph 148/200
[2025-12-03 19:10:48] Graph 148 has 128 nodes and 12 edges
[2025-12-03 19:10:48] Converted to 12 bitstring edges
[2025-12-03 19:10:48] Computing Matchings Dynamic walk
[2025-12-03 19:10:48] Matchings - CX: 696.0, U3: 710.0, Depth: 898.0
[2025-12-03 19:10:48] Computing Pauli decomposition
[2025-12-03 19:11:02] Pauli - CX: 1444.0, U3: 1564.0, Depth: 2282.0
[2025-12-03 19:11:02] Analysis completed in 14.13s - Category: win
[2025-12-03 19:11:02] Successfully processed graph 148 - Category: win - Time: 14.13s
[2025-12-03 19:11:02] 
Processing graph 149/200
[2025-12-03 19:11:02] Graph 149 has 128 nodes and 13 edges
[2025-12-03 19:11:02] Converted to 13 bitstring edges
[2025-12-03 19:11:02] Computing Matchings Dynamic walk
[2025-12-03 19:11:03] Matchings - CX: 740.0, U3: 763.0, Depth: 900.0
[2025-12-03 19:11:03] Computing Pauli decomposition
[2025-12-03 19:11:16] Pauli - CX: 1327.0, U3: 1326.0, Depth: 2113.0
[2025-12-03 19:11:16] Analysis completed in 13.45s - Category: win
[2025-12-03 19:11:16] Successfully processed graph 149 - Category: win - Time: 13.45s
[2025-12-03 19:11:16] 
Processing graph 150/200
[2025-12-03 19:11:16] Graph 150 has 128 nodes and 11 edges
[2025-12-03 19:11:16] Converted to 11 bitstring edges
[2025-12-03 19:11:16] Computing Matchings Dynamic walk
[2025-12-03 19:11:16] Matchings - CX: 632.0, U3: 642.0, Depth: 806.0
[2025-12-03 19:11:16] Computing Pauli decomposition
[2025-12-03 19:11:28] Pauli - CX: 1126.0, U3: 1306.0, Depth: 1863.0
[2025-12-03 19:11:28] Analysis completed in 12.57s - Category: win
[2025-12-03 19:11:28] Successfully processed graph 150 - Category: win - Time: 12.57s
[2025-12-03 19:11:28] 
Processing graph 151/200
[2025-12-03 19:11:28] Graph 151 has 128 nodes and 10 edges
[2025-12-03 19:11:28] Converted to 10 bitstring edges
[2025-12-03 19:11:28] Computing Matchings Dynamic walk
[2025-12-03 19:11:29] Matchings - CX: 510.0, U3: 514.0, Depth: 654.0
[2025-12-03 19:11:29] Computing Pauli decomposition
[2025-12-03 19:11:39] Pauli - CX: 1491.0, U3: 1477.0, Depth: 2337.0
[2025-12-03 19:11:39] Analysis completed in 10.67s - Category: win
[2025-12-03 19:11:39] Successfully processed graph 151 - Category: win - Time: 10.67s
[2025-12-03 19:11:39] 
Processing graph 152/200
[2025-12-03 19:11:39] Graph 152 has 128 nodes and 14 edges
[2025-12-03 19:11:39] Converted to 14 bitstring edges
[2025-12-03 19:11:39] Computing Matchings Dynamic walk
[2025-12-03 19:11:39] Matchings - CX: 806.0, U3: 818.0, Depth: 1012.0
[2025-12-03 19:11:39] Computing Pauli decomposition
[2025-12-03 19:11:46] Pauli - CX: 2022.0, U3: 1957.0, Depth: 3185.0
[2025-12-03 19:11:46] Analysis completed in 7.08s - Category: win
[2025-12-03 19:11:46] Successfully processed graph 152 - Category: win - Time: 7.08s
[2025-12-03 19:11:46] 
Processing graph 153/200
[2025-12-03 19:11:46] Graph 153 has 128 nodes and 14 edges
[2025-12-03 19:11:46] Converted to 14 bitstring edges
[2025-12-03 19:11:46] Computing Matchings Dynamic walk
[2025-12-03 19:11:46] Matchings - CX: 814.0, U3: 828.0, Depth: 1024.0
[2025-12-03 19:11:46] Computing Pauli decomposition
[2025-12-03 19:11:53] Pauli - CX: 1712.0, U3: 1716.0, Depth: 2662.0
[2025-12-03 19:11:53] Analysis completed in 6.96s - Category: win
[2025-12-03 19:11:53] Successfully processed graph 153 - Category: win - Time: 6.96s
[2025-12-03 19:11:53] 
Processing graph 154/200
[2025-12-03 19:11:53] Graph 154 has 128 nodes and 10 edges
[2025-12-03 19:11:53] Converted to 10 bitstring edges
[2025-12-03 19:11:53] Computing Matchings Dynamic walk
[2025-12-03 19:11:53] Matchings - CX: 584.0, U3: 597.0, Depth: 757.0
[2025-12-03 19:11:53] Computing Pauli decomposition
[2025-12-03 19:12:00] Pauli - CX: 1566.0, U3: 1492.0, Depth: 2406.0
[2025-12-03 19:12:00] Analysis completed in 6.94s - Category: win
[2025-12-03 19:12:00] Successfully processed graph 154 - Category: win - Time: 6.94s
[2025-12-03 19:12:00] 
Processing graph 155/200
[2025-12-03 19:12:00] Graph 155 has 128 nodes and 9 edges
[2025-12-03 19:12:00] Converted to 9 bitstring edges
[2025-12-03 19:12:00] Computing Matchings Dynamic walk
[2025-12-03 19:12:00] Matchings - CX: 528.0, U3: 534.0, Depth: 683.0
[2025-12-03 19:12:00] Computing Pauli decomposition
[2025-12-03 19:12:07] Pauli - CX: 1581.0, U3: 1629.0, Depth: 2481.0
[2025-12-03 19:12:07] Analysis completed in 6.76s - Category: win
[2025-12-03 19:12:07] Successfully processed graph 155 - Category: win - Time: 6.76s
[2025-12-03 19:12:07] 
Processing graph 156/200
[2025-12-03 19:12:07] Graph 156 has 128 nodes and 10 edges
[2025-12-03 19:12:07] Converted to 10 bitstring edges
[2025-12-03 19:12:07] Computing Matchings Dynamic walk
[2025-12-03 19:12:07] Matchings - CX: 582.0, U3: 595.0, Depth: 745.0
[2025-12-03 19:12:07] Computing Pauli decomposition
[2025-12-03 19:12:14] Pauli - CX: 1469.0, U3: 1742.0, Depth: 2385.0
[2025-12-03 19:12:14] Analysis completed in 6.98s - Category: win
[2025-12-03 19:12:14] Successfully processed graph 156 - Category: win - Time: 6.98s
[2025-12-03 19:12:14] 
Processing graph 157/200
[2025-12-03 19:12:14] Graph 157 has 128 nodes and 7 edges
[2025-12-03 19:12:14] Converted to 7 bitstring edges
[2025-12-03 19:12:14] Computing Matchings Dynamic walk
[2025-12-03 19:12:14] Matchings - CX: 396.0, U3: 404.0, Depth: 495.0
[2025-12-03 19:12:14] Computing Pauli decomposition
[2025-12-03 19:12:21] Pauli - CX: 868.0, U3: 859.0, Depth: 1382.0
[2025-12-03 19:12:21] Analysis completed in 6.79s - Category: win
[2025-12-03 19:12:21] Successfully processed graph 157 - Category: win - Time: 6.79s
[2025-12-03 19:12:21] 
Processing graph 158/200
[2025-12-03 19:12:21] Graph 158 has 128 nodes and 7 edges
[2025-12-03 19:12:21] Converted to 7 bitstring edges
[2025-12-03 19:12:21] Computing Matchings Dynamic walk
[2025-12-03 19:12:21] Matchings - CX: 330.0, U3: 340.0, Depth: 436.0
[2025-12-03 19:12:21] Computing Pauli decomposition
[2025-12-03 19:12:28] Pauli - CX: 853.0, U3: 648.0, Depth: 1236.0
[2025-12-03 19:12:28] Analysis completed in 6.92s - Category: win
[2025-12-03 19:12:28] Successfully processed graph 158 - Category: win - Time: 6.92s
[2025-12-03 19:12:28] 
Processing graph 159/200
[2025-12-03 19:12:28] Graph 159 has 128 nodes and 13 edges
[2025-12-03 19:12:28] Converted to 13 bitstring edges
[2025-12-03 19:12:28] Computing Matchings Dynamic walk
[2025-12-03 19:12:28] Matchings - CX: 744.0, U3: 759.0, Depth: 914.0
[2025-12-03 19:12:28] Computing Pauli decomposition
[2025-12-03 19:12:35] Pauli - CX: 1607.0, U3: 1713.0, Depth: 2651.0
[2025-12-03 19:12:35] Analysis completed in 7.07s - Category: win
[2025-12-03 19:12:35] Successfully processed graph 159 - Category: win - Time: 7.07s
[2025-12-03 19:12:35] 
Processing graph 160/200
[2025-12-03 19:12:35] Graph 160 has 128 nodes and 11 edges
[2025-12-03 19:12:35] Converted to 11 bitstring edges
[2025-12-03 19:12:35] Computing Matchings Dynamic walk
[2025-12-03 19:12:35] Matchings - CX: 564.0, U3: 579.0, Depth: 729.0
[2025-12-03 19:12:35] Computing Pauli decomposition
[2025-12-03 19:12:42] Pauli - CX: 1468.0, U3: 1570.0, Depth: 2326.0
[2025-12-03 19:12:42] Analysis completed in 7.06s - Category: win
[2025-12-03 19:12:42] Successfully processed graph 160 - Category: win - Time: 7.06s
[2025-12-03 19:12:42] 
Processing graph 161/200
[2025-12-03 19:12:42] Graph 161 has 128 nodes and 11 edges
[2025-12-03 19:12:42] Converted to 11 bitstring edges
[2025-12-03 19:12:42] Computing Matchings Dynamic walk
[2025-12-03 19:12:42] Matchings - CX: 630.0, U3: 647.0, Depth: 791.0
[2025-12-03 19:12:42] Computing Pauli decomposition
[2025-12-03 19:12:49] Pauli - CX: 1457.0, U3: 1820.0, Depth: 2464.0
[2025-12-03 19:12:49] Analysis completed in 6.96s - Category: win
[2025-12-03 19:12:49] Successfully processed graph 161 - Category: win - Time: 6.96s
[2025-12-03 19:12:49] 
Processing graph 162/200
[2025-12-03 19:12:49] Graph 162 has 128 nodes and 12 edges
[2025-12-03 19:12:49] Converted to 12 bitstring edges
[2025-12-03 19:12:49] Computing Matchings Dynamic walk
[2025-12-03 19:12:49] Matchings - CX: 696.0, U3: 707.0, Depth: 883.0
[2025-12-03 19:12:49] Computing Pauli decomposition
[2025-12-03 19:12:56] Pauli - CX: 1613.0, U3: 1887.0, Depth: 2628.0
[2025-12-03 19:12:56] Analysis completed in 6.92s - Category: win
[2025-12-03 19:12:56] Successfully processed graph 162 - Category: win - Time: 6.92s
[2025-12-03 19:12:56] 
Processing graph 163/200
[2025-12-03 19:12:56] Graph 163 has 128 nodes and 14 edges
[2025-12-03 19:12:56] Converted to 14 bitstring edges
[2025-12-03 19:12:56] Computing Matchings Dynamic walk
[2025-12-03 19:12:56] Matchings - CX: 732.0, U3: 747.0, Depth: 912.0
[2025-12-03 19:12:56] Computing Pauli decomposition
[2025-12-03 19:13:03] Pauli - CX: 1832.0, U3: 2055.0, Depth: 2977.0
[2025-12-03 19:13:03] Analysis completed in 7.01s - Category: win
[2025-12-03 19:13:03] Successfully processed graph 163 - Category: win - Time: 7.01s
[2025-12-03 19:13:03] 
Processing graph 164/200
[2025-12-03 19:13:03] Graph 164 has 128 nodes and 6 edges
[2025-12-03 19:13:03] Converted to 6 bitstring edges
[2025-12-03 19:13:03] Computing Matchings Dynamic walk
[2025-12-03 19:13:03] Matchings - CX: 362.0, U3: 359.0, Depth: 468.0
[2025-12-03 19:13:03] Computing Pauli decomposition
[2025-12-03 19:13:10] Pauli - CX: 1019.0, U3: 1156.0, Depth: 1637.0
[2025-12-03 19:13:10] Analysis completed in 6.87s - Category: win
[2025-12-03 19:13:10] Successfully processed graph 164 - Category: win - Time: 6.87s
[2025-12-03 19:13:10] 
Processing graph 165/200
[2025-12-03 19:13:10] Graph 165 has 128 nodes and 14 edges
[2025-12-03 19:13:10] Converted to 14 bitstring edges
[2025-12-03 19:13:10] Computing Matchings Dynamic walk
[2025-12-03 19:13:10] Matchings - CX: 810.0, U3: 823.0, Depth: 1034.0
[2025-12-03 19:13:10] Computing Pauli decomposition
[2025-12-03 19:13:16] Pauli - CX: 1751.0, U3: 1956.0, Depth: 2894.0
[2025-12-03 19:13:16] Analysis completed in 6.94s - Category: win
[2025-12-03 19:13:16] Successfully processed graph 165 - Category: win - Time: 6.94s
[2025-12-03 19:13:16] 
Processing graph 166/200
[2025-12-03 19:13:16] Graph 166 has 128 nodes and 8 edges
[2025-12-03 19:13:16] Converted to 8 bitstring edges
[2025-12-03 19:13:16] Computing Matchings Dynamic walk
[2025-12-03 19:13:17] Matchings - CX: 460.0, U3: 473.0, Depth: 596.0
[2025-12-03 19:13:17] Computing Pauli decomposition
[2025-12-03 19:13:23] Pauli - CX: 1132.0, U3: 1422.0, Depth: 1901.0
[2025-12-03 19:13:23] Analysis completed in 6.88s - Category: win
[2025-12-03 19:13:23] Successfully processed graph 166 - Category: win - Time: 6.88s
[2025-12-03 19:13:23] 
Processing graph 167/200
[2025-12-03 19:13:23] Graph 167 has 128 nodes and 7 edges
[2025-12-03 19:13:23] Converted to 7 bitstring edges
[2025-12-03 19:13:23] Computing Matchings Dynamic walk
[2025-12-03 19:13:23] Matchings - CX: 404.0, U3: 416.0, Depth: 496.0
[2025-12-03 19:13:23] Computing Pauli decomposition
[2025-12-03 19:13:30] Pauli - CX: 1000.0, U3: 1201.0, Depth: 1671.0
[2025-12-03 19:13:30] Analysis completed in 7.00s - Category: win
[2025-12-03 19:13:30] Successfully processed graph 167 - Category: win - Time: 7.00s
[2025-12-03 19:13:30] 
Processing graph 168/200
[2025-12-03 19:13:30] Graph 168 has 128 nodes and 12 edges
[2025-12-03 19:13:30] Converted to 12 bitstring edges
[2025-12-03 19:13:30] Computing Matchings Dynamic walk
[2025-12-03 19:13:30] Matchings - CX: 700.0, U3: 707.0, Depth: 873.0
[2025-12-03 19:13:30] Computing Pauli decomposition
[2025-12-03 19:13:37] Pauli - CX: 1844.0, U3: 1864.0, Depth: 2916.0
[2025-12-03 19:13:37] Analysis completed in 7.10s - Category: win
[2025-12-03 19:13:37] Successfully processed graph 168 - Category: win - Time: 7.10s
[2025-12-03 19:13:37] 
Processing graph 169/200
[2025-12-03 19:13:37] Graph 169 has 128 nodes and 10 edges
[2025-12-03 19:13:37] Converted to 10 bitstring edges
[2025-12-03 19:13:37] Computing Matchings Dynamic walk
[2025-12-03 19:13:38] Matchings - CX: 574.0, U3: 585.0, Depth: 720.0
[2025-12-03 19:13:38] Computing Pauli decomposition
[2025-12-03 19:13:45] Pauli - CX: 1091.0, U3: 1229.0, Depth: 1762.0
[2025-12-03 19:13:45] Analysis completed in 7.27s - Category: win
[2025-12-03 19:13:45] Successfully processed graph 169 - Category: win - Time: 7.27s
[2025-12-03 19:13:45] 
Processing graph 170/200
[2025-12-03 19:13:45] Graph 170 has 128 nodes and 12 edges
[2025-12-03 19:13:45] Converted to 12 bitstring edges
[2025-12-03 19:13:45] Computing Matchings Dynamic walk
[2025-12-03 19:13:45] Matchings - CX: 702.0, U3: 712.0, Depth: 917.0
[2025-12-03 19:13:45] Computing Pauli decomposition
[2025-12-03 19:13:52] Pauli - CX: 1944.0, U3: 2120.0, Depth: 3152.0
[2025-12-03 19:13:52] Analysis completed in 7.19s - Category: win
[2025-12-03 19:13:52] Successfully processed graph 170 - Category: win - Time: 7.19s
[2025-12-03 19:13:52] 
Processing graph 171/200
[2025-12-03 19:13:52] Graph 171 has 128 nodes and 12 edges
[2025-12-03 19:13:52] Converted to 12 bitstring edges
[2025-12-03 19:13:52] Computing Matchings Dynamic walk
[2025-12-03 19:13:52] Matchings - CX: 686.0, U3: 705.0, Depth: 858.0
[2025-12-03 19:13:52] Computing Pauli decomposition
[2025-12-03 19:13:59] Pauli - CX: 1192.0, U3: 1400.0, Depth: 2017.0
[2025-12-03 19:13:59] Analysis completed in 7.05s - Category: win
[2025-12-03 19:13:59] Successfully processed graph 171 - Category: win - Time: 7.05s
[2025-12-03 19:13:59] 
Processing graph 172/200
[2025-12-03 19:13:59] Graph 172 has 128 nodes and 13 edges
[2025-12-03 19:13:59] Converted to 13 bitstring edges
[2025-12-03 19:13:59] Computing Matchings Dynamic walk
[2025-12-03 19:13:59] Matchings - CX: 758.0, U3: 775.0, Depth: 957.0
[2025-12-03 19:13:59] Computing Pauli decomposition
[2025-12-03 19:14:06] Pauli - CX: 1817.0, U3: 1819.0, Depth: 2875.0
[2025-12-03 19:14:06] Analysis completed in 7.22s - Category: win
[2025-12-03 19:14:06] Successfully processed graph 172 - Category: win - Time: 7.22s
[2025-12-03 19:14:06] 
Processing graph 173/200
[2025-12-03 19:14:06] Graph 173 has 128 nodes and 9 edges
[2025-12-03 19:14:06] Converted to 9 bitstring edges
[2025-12-03 19:14:06] Computing Matchings Dynamic walk
[2025-12-03 19:14:06] Matchings - CX: 518.0, U3: 528.0, Depth: 659.0
[2025-12-03 19:14:06] Computing Pauli decomposition
[2025-12-03 19:14:13] Pauli - CX: 1256.0, U3: 1332.0, Depth: 2005.0
[2025-12-03 19:14:13] Analysis completed in 7.12s - Category: win
[2025-12-03 19:14:13] Successfully processed graph 173 - Category: win - Time: 7.12s
[2025-12-03 19:14:13] 
Processing graph 174/200
[2025-12-03 19:14:13] Graph 174 has 128 nodes and 14 edges
[2025-12-03 19:14:13] Converted to 14 bitstring edges
[2025-12-03 19:14:13] Computing Matchings Dynamic walk
[2025-12-03 19:14:13] Matchings - CX: 820.0, U3: 834.0, Depth: 1052.0
[2025-12-03 19:14:13] Computing Pauli decomposition
[2025-12-03 19:14:20] Pauli - CX: 2369.0, U3: 2425.0, Depth: 3681.0
[2025-12-03 19:14:20] Analysis completed in 7.04s - Category: win
[2025-12-03 19:14:20] Successfully processed graph 174 - Category: win - Time: 7.04s
[2025-12-03 19:14:20] 
Processing graph 175/200
[2025-12-03 19:14:20] Graph 175 has 128 nodes and 13 edges
[2025-12-03 19:14:20] Converted to 13 bitstring edges
[2025-12-03 19:14:20] Computing Matchings Dynamic walk
[2025-12-03 19:14:20] Matchings - CX: 772.0, U3: 771.0, Depth: 972.0
[2025-12-03 19:14:20] Computing Pauli decomposition
[2025-12-03 19:14:27] Pauli - CX: 1752.0, U3: 1729.0, Depth: 2742.0
[2025-12-03 19:14:27] Analysis completed in 6.96s - Category: win
[2025-12-03 19:14:27] Successfully processed graph 175 - Category: win - Time: 6.96s
[2025-12-03 19:14:27] 
Processing graph 176/200
[2025-12-03 19:14:27] Graph 176 has 128 nodes and 12 edges
[2025-12-03 19:14:27] Converted to 12 bitstring edges
[2025-12-03 19:14:27] Computing Matchings Dynamic walk
[2025-12-03 19:14:27] Matchings - CX: 698.0, U3: 711.0, Depth: 877.0
[2025-12-03 19:14:27] Computing Pauli decomposition
[2025-12-03 19:14:34] Pauli - CX: 1476.0, U3: 1773.0, Depth: 2389.0
[2025-12-03 19:14:34] Analysis completed in 6.92s - Category: win
[2025-12-03 19:14:34] Successfully processed graph 176 - Category: win - Time: 6.92s
[2025-12-03 19:14:34] 
Processing graph 177/200
[2025-12-03 19:14:34] Graph 177 has 128 nodes and 9 edges
[2025-12-03 19:14:34] Converted to 9 bitstring edges
[2025-12-03 19:14:34] Computing Matchings Dynamic walk
[2025-12-03 19:14:34] Matchings - CX: 516.0, U3: 534.0, Depth: 673.0
[2025-12-03 19:14:34] Computing Pauli decomposition
[2025-12-03 19:14:42] Pauli - CX: 1233.0, U3: 1578.0, Depth: 2069.0
[2025-12-03 19:14:42] Analysis completed in 7.52s - Category: win
[2025-12-03 19:14:42] Successfully processed graph 177 - Category: win - Time: 7.52s
[2025-12-03 19:14:42] 
Processing graph 178/200
[2025-12-03 19:14:42] Graph 178 has 128 nodes and 10 edges
[2025-12-03 19:14:42] Converted to 10 bitstring edges
[2025-12-03 19:14:42] Computing Matchings Dynamic walk
[2025-12-03 19:14:42] Matchings - CX: 574.0, U3: 584.0, Depth: 723.0
[2025-12-03 19:14:42] Computing Pauli decomposition
[2025-12-03 19:14:49] Pauli - CX: 1172.0, U3: 1448.0, Depth: 1936.0
[2025-12-03 19:14:49] Analysis completed in 7.00s - Category: win
[2025-12-03 19:14:49] Successfully processed graph 178 - Category: win - Time: 7.00s
[2025-12-03 19:14:49] 
Processing graph 179/200
[2025-12-03 19:14:49] Graph 179 has 128 nodes and 12 edges
[2025-12-03 19:14:49] Converted to 12 bitstring edges
[2025-12-03 19:14:49] Computing Matchings Dynamic walk
[2025-12-03 19:14:49] Matchings - CX: 710.0, U3: 720.0, Depth: 909.0
[2025-12-03 19:14:49] Computing Pauli decomposition
[2025-12-03 19:14:56] Pauli - CX: 1951.0, U3: 2128.0, Depth: 3104.0
[2025-12-03 19:14:56] Analysis completed in 7.01s - Category: win
[2025-12-03 19:14:56] Successfully processed graph 179 - Category: win - Time: 7.01s
[2025-12-03 19:14:56] 
Processing graph 180/200
[2025-12-03 19:14:56] Graph 180 has 128 nodes and 12 edges
[2025-12-03 19:14:56] Converted to 12 bitstring edges
[2025-12-03 19:14:56] Computing Matchings Dynamic walk
[2025-12-03 19:14:56] Matchings - CX: 690.0, U3: 704.0, Depth: 865.0
[2025-12-03 19:14:56] Computing Pauli decomposition
[2025-12-03 19:15:03] Pauli - CX: 1574.0, U3: 1612.0, Depth: 2540.0
[2025-12-03 19:15:03] Analysis completed in 6.99s - Category: win
[2025-12-03 19:15:03] Successfully processed graph 180 - Category: win - Time: 6.99s
[2025-12-03 19:15:03] 
Processing graph 181/200
[2025-12-03 19:15:03] Graph 181 has 128 nodes and 12 edges
[2025-12-03 19:15:03] Converted to 12 bitstring edges
[2025-12-03 19:15:03] Computing Matchings Dynamic walk
[2025-12-03 19:15:03] Matchings - CX: 610.0, U3: 633.0, Depth: 772.0
[2025-12-03 19:15:03] Computing Pauli decomposition
[2025-12-03 19:15:10] Pauli - CX: 1286.0, U3: 1303.0, Depth: 2079.0
[2025-12-03 19:15:10] Analysis completed in 7.07s - Category: win
[2025-12-03 19:15:10] Successfully processed graph 181 - Category: win - Time: 7.07s
[2025-12-03 19:15:10] 
Processing graph 182/200
[2025-12-03 19:15:10] Graph 182 has 128 nodes and 10 edges
[2025-12-03 19:15:10] Converted to 10 bitstring edges
[2025-12-03 19:15:10] Computing Matchings Dynamic walk
[2025-12-03 19:15:10] Matchings - CX: 580.0, U3: 589.0, Depth: 731.0
[2025-12-03 19:15:10] Computing Pauli decomposition
[2025-12-03 19:15:17] Pauli - CX: 1307.0, U3: 1504.0, Depth: 2157.0
[2025-12-03 19:15:17] Analysis completed in 7.06s - Category: win
[2025-12-03 19:15:17] Successfully processed graph 182 - Category: win - Time: 7.06s
[2025-12-03 19:15:17] 
Processing graph 183/200
[2025-12-03 19:15:17] Graph 183 has 128 nodes and 6 edges
[2025-12-03 19:15:17] Converted to 6 bitstring edges
[2025-12-03 19:15:17] Computing Matchings Dynamic walk
[2025-12-03 19:15:17] Matchings - CX: 344.0, U3: 355.0, Depth: 440.0
[2025-12-03 19:15:17] Computing Pauli decomposition
[2025-12-03 19:15:24] Pauli - CX: 975.0, U3: 887.0, Depth: 1522.0
[2025-12-03 19:15:24] Analysis completed in 7.08s - Category: win
[2025-12-03 19:15:24] Successfully processed graph 183 - Category: win - Time: 7.08s
[2025-12-03 19:15:24] 
Processing graph 184/200
[2025-12-03 19:15:24] Graph 184 has 128 nodes and 13 edges
[2025-12-03 19:15:24] Converted to 13 bitstring edges
[2025-12-03 19:15:24] Computing Matchings Dynamic walk
[2025-12-03 19:15:24] Matchings - CX: 760.0, U3: 779.0, Depth: 972.0
[2025-12-03 19:15:24] Computing Pauli decomposition
[2025-12-03 19:15:31] Pauli - CX: 1967.0, U3: 2043.0, Depth: 3134.0
[2025-12-03 19:15:31] Analysis completed in 7.24s - Category: win
[2025-12-03 19:15:31] Successfully processed graph 184 - Category: win - Time: 7.24s
[2025-12-03 19:15:31] 
Processing graph 185/200
[2025-12-03 19:15:31] Graph 185 has 128 nodes and 13 edges
[2025-12-03 19:15:31] Converted to 13 bitstring edges
[2025-12-03 19:15:31] Computing Matchings Dynamic walk
[2025-12-03 19:15:31] Matchings - CX: 760.0, U3: 780.0, Depth: 968.0
[2025-12-03 19:15:31] Computing Pauli decomposition
[2025-12-03 19:15:38] Pauli - CX: 1721.0, U3: 2010.0, Depth: 2853.0
[2025-12-03 19:15:38] Analysis completed in 7.05s - Category: win
[2025-12-03 19:15:38] Successfully processed graph 185 - Category: win - Time: 7.05s
[2025-12-03 19:15:38] 
Processing graph 186/200
[2025-12-03 19:15:38] Graph 186 has 128 nodes and 14 edges
[2025-12-03 19:15:38] Converted to 14 bitstring edges
[2025-12-03 19:15:38] Computing Matchings Dynamic walk
[2025-12-03 19:15:38] Matchings - CX: 812.0, U3: 824.0, Depth: 1008.0
[2025-12-03 19:15:38] Computing Pauli decomposition
[2025-12-03 19:15:46] Pauli - CX: 1871.0, U3: 2057.0, Depth: 3011.0
[2025-12-03 19:15:46] Analysis completed in 7.70s - Category: win
[2025-12-03 19:15:46] Successfully processed graph 186 - Category: win - Time: 7.70s
[2025-12-03 19:15:46] 
Processing graph 187/200
[2025-12-03 19:15:46] Graph 187 has 128 nodes and 8 edges
[2025-12-03 19:15:46] Converted to 8 bitstring edges
[2025-12-03 19:15:46] Computing Matchings Dynamic walk
[2025-12-03 19:15:46] Matchings - CX: 376.0, U3: 389.0, Depth: 484.0
[2025-12-03 19:15:46] Computing Pauli decomposition
[2025-12-03 19:15:59] Pauli - CX: 786.0, U3: 727.0, Depth: 1232.0
[2025-12-03 19:15:59] Analysis completed in 13.05s - Category: win
[2025-12-03 19:15:59] Successfully processed graph 187 - Category: win - Time: 13.05s
[2025-12-03 19:15:59] 
Processing graph 188/200
[2025-12-03 19:15:59] Graph 188 has 128 nodes and 6 edges
[2025-12-03 19:15:59] Converted to 6 bitstring edges
[2025-12-03 19:15:59] Computing Matchings Dynamic walk
[2025-12-03 19:15:59] Matchings - CX: 344.0, U3: 355.0, Depth: 435.0
[2025-12-03 19:15:59] Computing Pauli decomposition
[2025-12-03 19:16:13] Pauli - CX: 1148.0, U3: 991.0, Depth: 1709.0
[2025-12-03 19:16:13] Analysis completed in 13.97s - Category: win
[2025-12-03 19:16:13] Successfully processed graph 188 - Category: win - Time: 13.97s
[2025-12-03 19:16:13] 
Processing graph 189/200
[2025-12-03 19:16:13] Graph 189 has 128 nodes and 10 edges
[2025-12-03 19:16:13] Converted to 10 bitstring edges
[2025-12-03 19:16:13] Computing Matchings Dynamic walk
[2025-12-03 19:16:13] Matchings - CX: 584.0, U3: 594.0, Depth: 757.0
[2025-12-03 19:16:13] Computing Pauli decomposition
[2025-12-03 19:16:28] Pauli - CX: 1538.0, U3: 1759.0, Depth: 2451.0
[2025-12-03 19:16:28] Analysis completed in 14.73s - Category: win
[2025-12-03 19:16:28] Successfully processed graph 189 - Category: win - Time: 14.73s
[2025-12-03 19:16:28] 
Processing graph 190/200
[2025-12-03 19:16:28] Graph 190 has 128 nodes and 13 edges
[2025-12-03 19:16:28] Converted to 13 bitstring edges
[2025-12-03 19:16:28] Computing Matchings Dynamic walk
[2025-12-03 19:16:28] Matchings - CX: 748.0, U3: 763.0, Depth: 937.0
[2025-12-03 19:16:28] Computing Pauli decomposition
[2025-12-03 19:16:38] Pauli - CX: 1476.0, U3: 1573.0, Depth: 2324.0
[2025-12-03 19:16:38] Analysis completed in 9.76s - Category: win
[2025-12-03 19:16:38] Successfully processed graph 190 - Category: win - Time: 9.76s
[2025-12-03 19:16:38] 
Processing graph 191/200
[2025-12-03 19:16:38] Graph 191 has 128 nodes and 13 edges
[2025-12-03 19:16:38] Converted to 13 bitstring edges
[2025-12-03 19:16:38] Computing Matchings Dynamic walk
[2025-12-03 19:16:38] Matchings - CX: 594.0, U3: 613.0, Depth: 774.0
[2025-12-03 19:16:38] Computing Pauli decomposition
[2025-12-03 19:16:48] Pauli - CX: 1430.0, U3: 1623.0, Depth: 2361.0
[2025-12-03 19:16:48] Analysis completed in 10.32s - Category: win
[2025-12-03 19:16:48] Successfully processed graph 191 - Category: win - Time: 10.32s
[2025-12-03 19:16:48] 
Processing graph 192/200
[2025-12-03 19:16:48] Graph 192 has 128 nodes and 13 edges
[2025-12-03 19:16:48] Converted to 13 bitstring edges
[2025-12-03 19:16:48] Computing Matchings Dynamic walk
[2025-12-03 19:16:48] Matchings - CX: 752.0, U3: 772.0, Depth: 958.0
[2025-12-03 19:16:48] Computing Pauli decomposition
[2025-12-03 19:17:01] Pauli - CX: 1666.0, U3: 1825.0, Depth: 2747.0
[2025-12-03 19:17:01] Analysis completed in 13.46s - Category: win
[2025-12-03 19:17:01] Successfully processed graph 192 - Category: win - Time: 13.46s
[2025-12-03 19:17:01] 
Processing graph 193/200
[2025-12-03 19:17:01] Graph 193 has 128 nodes and 14 edges
[2025-12-03 19:17:01] Converted to 14 bitstring edges
[2025-12-03 19:17:01] Computing Matchings Dynamic walk
[2025-12-03 19:17:01] Matchings - CX: 814.0, U3: 827.0, Depth: 1022.0
[2025-12-03 19:17:01] Computing Pauli decomposition
[2025-12-03 19:17:11] Pauli - CX: 2005.0, U3: 1810.0, Depth: 3044.0
[2025-12-03 19:17:11] Analysis completed in 9.59s - Category: win
[2025-12-03 19:17:11] Successfully processed graph 193 - Category: win - Time: 9.59s
[2025-12-03 19:17:11] 
Processing graph 194/200
[2025-12-03 19:17:11] Graph 194 has 128 nodes and 13 edges
[2025-12-03 19:17:11] Converted to 13 bitstring edges
[2025-12-03 19:17:11] Computing Matchings Dynamic walk
[2025-12-03 19:17:11] Matchings - CX: 742.0, U3: 755.0, Depth: 923.0
[2025-12-03 19:17:11] Computing Pauli decomposition
[2025-12-03 19:17:25] Pauli - CX: 1465.0, U3: 1607.0, Depth: 2397.0
[2025-12-03 19:17:25] Analysis completed in 13.61s - Category: win
[2025-12-03 19:17:25] Successfully processed graph 194 - Category: win - Time: 13.61s
[2025-12-03 19:17:25] 
Processing graph 195/200
[2025-12-03 19:17:25] Graph 195 has 128 nodes and 4 edges
[2025-12-03 19:17:25] Converted to 4 bitstring edges
[2025-12-03 19:17:25] Computing Matchings Dynamic walk
[2025-12-03 19:17:25] Matchings - CX: 234.0, U3: 244.0, Depth: 307.0
[2025-12-03 19:17:25] Computing Pauli decomposition
[2025-12-03 19:17:39] Pauli - CX: 789.0, U3: 693.0, Depth: 1183.0
[2025-12-03 19:17:39] Analysis completed in 14.54s - Category: win
[2025-12-03 19:17:39] Successfully processed graph 195 - Category: win - Time: 14.54s
[2025-12-03 19:17:39] 
Processing graph 196/200
[2025-12-03 19:17:39] Graph 196 has 128 nodes and 11 edges
[2025-12-03 19:17:39] Converted to 11 bitstring edges
[2025-12-03 19:17:39] Computing Matchings Dynamic walk
[2025-12-03 19:17:39] Matchings - CX: 632.0, U3: 649.0, Depth: 806.0
[2025-12-03 19:17:39] Computing Pauli decomposition
[2025-12-03 19:17:54] Pauli - CX: 1497.0, U3: 1828.0, Depth: 2469.0
[2025-12-03 19:17:54] Analysis completed in 15.06s - Category: win
[2025-12-03 19:17:54] Successfully processed graph 196 - Category: win - Time: 15.06s
[2025-12-03 19:17:54] 
Processing graph 197/200
[2025-12-03 19:17:54] Graph 197 has 128 nodes and 10 edges
[2025-12-03 19:17:54] Converted to 10 bitstring edges
[2025-12-03 19:17:54] Computing Matchings Dynamic walk
[2025-12-03 19:17:54] Matchings - CX: 580.0, U3: 592.0, Depth: 750.0
[2025-12-03 19:17:54] Computing Pauli decomposition
[2025-12-03 19:18:09] Pauli - CX: 1513.0, U3: 1629.0, Depth: 2415.0
[2025-12-03 19:18:09] Analysis completed in 14.79s - Category: win
[2025-12-03 19:18:09] Successfully processed graph 197 - Category: win - Time: 14.79s
[2025-12-03 19:18:09] 
Processing graph 198/200
[2025-12-03 19:18:09] Graph 198 has 128 nodes and 14 edges
[2025-12-03 19:18:09] Converted to 14 bitstring edges
[2025-12-03 19:18:09] Computing Matchings Dynamic walk
[2025-12-03 19:18:09] Matchings - CX: 806.0, U3: 821.0, Depth: 984.0
[2025-12-03 19:18:09] Computing Pauli decomposition
[2025-12-03 19:18:24] Pauli - CX: 1721.0, U3: 1499.0, Depth: 2684.0
[2025-12-03 19:18:24] Analysis completed in 14.98s - Category: win
[2025-12-03 19:18:24] Successfully processed graph 198 - Category: win - Time: 14.98s
[2025-12-03 19:18:24] 
Processing graph 199/200
[2025-12-03 19:18:24] Graph 199 has 128 nodes and 13 edges
[2025-12-03 19:18:24] Converted to 13 bitstring edges
[2025-12-03 19:18:24] Computing Matchings Dynamic walk
[2025-12-03 19:18:24] Matchings - CX: 700.0, U3: 695.0, Depth: 903.0
[2025-12-03 19:18:24] Computing Pauli decomposition
[2025-12-03 19:18:39] Pauli - CX: 2218.0, U3: 2447.0, Depth: 3467.0
[2025-12-03 19:18:39] Analysis completed in 14.67s - Category: win
[2025-12-03 19:18:39] Successfully processed graph 199 - Category: win - Time: 14.67s
[2025-12-03 19:18:39] 
Final Results Summary:
[2025-12-03 19:18:39] Total graphs in file: 200
[2025-12-03 19:18:39] Successfully processed: 200
[2025-12-03 19:18:39] Matching algorithm used: automatic (bipartite/greedy)
[2025-12-03 19:18:39] win: 200 (100.0%)
[2025-12-03 19:18:39] lose: 0 (0.0%)
[2025-12-03 19:18:39] draw: 0 (0.0%)
[2025-12-03 19:18:39] Average time per graph: 11.58s
[2025-12-03 19:18:39] Min time per graph: 6.76s
[2025-12-03 19:18:39] Max time per graph: 15.84s
[2025-12-03 19:18:39] Total analysis time: 2316.41s
[2025-12-03 19:18:39] 
Detailed Graph Properties by Category:

[2025-12-03 19:18:39] 
WIN Graphs Statistics:
[2025-12-03 19:18:39] Total graphs processed: 200
[2025-12-03 19:18:39] Edge count - Min: 3, Max: 14, Mean: 10.88
[2025-12-03 19:18:39] Edge density - Min: 0.0004, Max: 0.0017, Mean: 0.0013
[2025-12-03 19:18:39] Bipartite graphs: 195, Non-bipartite graphs: 5
[2025-12-03 19:18:39] Clique number - Min: 2, Max: 3, Mean: 2.02
[2025-12-03 19:18:39] Maximum degree - Min: 1, Max: 3, Mean: 2.25
[2025-12-03 19:18:39] Average degree - Min: 0.05, Max: 0.22, Mean: 0.17
[2025-12-03 19:18:39] Clustering coefficient - Min: 0.0000, Max: 0.0234, Mean: 0.0006
[2025-12-03 19:18:39] Estimated group size - Min: 32, Max: 32, Mean: 32.00
[2025-12-03 19:18:39] Estimated orbit count - Min: 2, Max: 4, Mean: 3.21
[2025-12-03 19:18:39] 
Average Gate Counts by Category:
[2025-12-03 19:18:39] win_matching_cx: 621.60
[2025-12-03 19:18:39] win_matching_u3: 632.91
[2025-12-03 19:18:39] win_pauli_cx: 1502.49
[2025-12-03 19:18:39] win_pauli_u3: 1612.31
[2025-12-03 19:18:39] win_matching_depth: 789.22
[2025-12-03 19:18:39] win_pauli_depth: 2401.96
[2025-12-03 19:18:39] win_analysis_time: 11.58
[2025-12-03 19:18:39] win_graph_edge_count: 10.88
[2025-12-03 19:18:39] win_graph_edge_density: 0.00
[2025-12-03 19:18:39] win_graph_is_bipartite: 0.97
[2025-12-03 19:18:39] win_graph_clique_number: 2.02
[2025-12-03 19:18:39] win_graph_max_degree: 2.25
[2025-12-03 19:18:39] win_graph_avg_degree: 0.17
[2025-12-03 19:18:39] win_graph_avg_clustering: 0.00
[2025-12-03 19:18:39] win_graph_estimated_group_size: 32.00
[2025-12-03 19:18:39] win_graph_estimated_orbit_count: 3.21
[2025-12-03 19:18:39] config_n_qubits: 7.00
[2025-12-03 19:18:39] config_n_vertices: 128.00
[2025-12-03 19:18:39] config_delta_t: 0.10
[2025-12-03 19:18:39] config_matchings: automatic
[2025-12-03 19:18:39] config_graph_type: sparse_disconnected
[2025-12-03 19:18:39] config_n_steps: 1.00
[2025-12-03 19:18:39] timing_avg_per_graph: 11.58
[2025-12-03 19:18:39] timing_min_per_graph: 6.76
[2025-12-03 19:18:39] timing_max_per_graph: 15.84
[2025-12-03 19:18:39] timing_total_analysis: 2316.41
[2025-12-03 19:18:39] ======================================================================
======================================================================

