[2025-12-04 14:14:22] 

Starting analysis with:
[2025-12-04 14:14:22] Script location: F:\UTK\Research\DOE_FOA_project\code\dyn-CTQW\analysis
[2025-12-04 14:14:22] Number of qubits: 7
[2025-12-04 14:14:22] Number of vertices: 128
[2025-12-04 14:14:22] Delta t: 0.1
[2025-12-04 14:14:22] Matching algorithm: automatic (bipartite/greedy)
[2025-12-04 14:14:22] Graph type: counting
[2025-12-04 14:14:22] Input file: analysis\graphs\connected\200graph_counting_128v.g6
[2025-12-04 14:14:22] Output directory: F:\UTK\Research\DOE_FOA_project\code\dyn-CTQW\analysis\outputs\matching_vs_pauli\connected_128v\counting_128v\20251204_141422
[2025-12-04 14:14:22] Checkpoint interval: 50
[2025-12-04 14:14:22] Parsed graph info: {'num_graphs': 200, 'size': 'counting', 'vertices': '128', 'type': 'v'}
[2025-12-04 14:14:22] Found 200 graphs in file
[2025-12-04 14:14:22] 
Processing graph 0/200
[2025-12-04 14:14:22] Graph 0 has 128 nodes and 127 edges
[2025-12-04 14:14:22] Converted to 127 bitstring edges
[2025-12-04 14:14:22] Computing Matchings Dynamic walk
[2025-12-04 14:14:22] Matchings - CX: 179.0, U3: 173.0, Depth: 242.0
[2025-12-04 14:14:22] Computing Pauli decomposition
[2025-12-04 14:14:29] Pauli - CX: 656.0, U3: 606.0, Depth: 957.0
[2025-12-04 14:14:30] Analysis completed in 7.89s - Category: win
[2025-12-04 14:14:30] Successfully processed graph 0 - Category: win - Time: 7.89s
[2025-12-04 14:14:30] 
Processing graph 1/200
[2025-12-04 14:14:30] Graph 1 has 128 nodes and 128 edges
[2025-12-04 14:14:30] Converted to 128 bitstring edges
[2025-12-04 14:14:30] Computing Matchings Dynamic walk
[2025-12-04 14:14:30] Matchings - CX: 237.0, U3: 232.0, Depth: 318.0
[2025-12-04 14:14:30] Computing Pauli decomposition
[2025-12-04 14:14:36] Pauli - CX: 801.0, U3: 785.0, Depth: 1198.0
[2025-12-04 14:14:36] Analysis completed in 6.95s - Category: win
[2025-12-04 14:14:36] Successfully processed graph 1 - Category: win - Time: 6.95s
[2025-12-04 14:14:36] 
Processing graph 2/200
[2025-12-04 14:14:36] Graph 2 has 128 nodes and 128 edges
[2025-12-04 14:14:36] Converted to 128 bitstring edges
[2025-12-04 14:14:36] Computing Matchings Dynamic walk
[2025-12-04 14:14:37] Matchings - CX: 235.0, U3: 230.0, Depth: 316.0
[2025-12-04 14:14:37] Computing Pauli decomposition
[2025-12-04 14:14:44] Pauli - CX: 785.0, U3: 1019.0, Depth: 1265.0
[2025-12-04 14:14:44] Analysis completed in 7.20s - Category: win
[2025-12-04 14:14:44] Successfully processed graph 2 - Category: win - Time: 7.20s
[2025-12-04 14:14:44] 
Processing graph 3/200
[2025-12-04 14:14:44] Graph 3 has 128 nodes and 128 edges
[2025-12-04 14:14:44] Converted to 128 bitstring edges
[2025-12-04 14:14:44] Computing Matchings Dynamic walk
[2025-12-04 14:14:44] Matchings - CX: 233.0, U3: 231.0, Depth: 314.0
[2025-12-04 14:14:44] Computing Pauli decomposition
[2025-12-04 14:14:51] Pauli - CX: 832.0, U3: 736.0, Depth: 1215.0
[2025-12-04 14:14:51] Analysis completed in 6.89s - Category: win
[2025-12-04 14:14:51] Successfully processed graph 3 - Category: win - Time: 6.89s
[2025-12-04 14:14:51] 
Processing graph 4/200
[2025-12-04 14:14:51] Graph 4 has 128 nodes and 128 edges
[2025-12-04 14:14:51] Converted to 128 bitstring edges
[2025-12-04 14:14:51] Computing Matchings Dynamic walk
[2025-12-04 14:14:51] Matchings - CX: 235.0, U3: 231.0, Depth: 307.0
[2025-12-04 14:14:51] Computing Pauli decomposition
[2025-12-04 14:14:58] Pauli - CX: 987.0, U3: 915.0, Depth: 1441.0
[2025-12-04 14:14:58] Analysis completed in 7.56s - Category: win
[2025-12-04 14:14:58] Successfully processed graph 4 - Category: win - Time: 7.56s
[2025-12-04 14:14:58] 
Processing graph 5/200
[2025-12-04 14:14:58] Graph 5 has 128 nodes and 128 edges
[2025-12-04 14:14:58] Converted to 128 bitstring edges
[2025-12-04 14:14:58] Computing Matchings Dynamic walk
[2025-12-04 14:14:58] Matchings - CX: 245.0, U3: 233.0, Depth: 324.0
[2025-12-04 14:14:58] Computing Pauli decomposition
[2025-12-04 14:15:06] Pauli - CX: 968.0, U3: 840.0, Depth: 1397.0
[2025-12-04 14:15:06] Analysis completed in 7.72s - Category: win
[2025-12-04 14:15:06] Successfully processed graph 5 - Category: win - Time: 7.72s
[2025-12-04 14:15:06] 
Processing graph 6/200
[2025-12-04 14:15:06] Graph 6 has 128 nodes and 128 edges
[2025-12-04 14:15:06] Converted to 128 bitstring edges
[2025-12-04 14:15:06] Computing Matchings Dynamic walk
[2025-12-04 14:15:06] Matchings - CX: 660.0, U3: 668.0, Depth: 866.0
[2025-12-04 14:15:06] Computing Pauli decomposition
[2025-12-04 14:15:14] Pauli - CX: 963.0, U3: 934.0, Depth: 1421.0
[2025-12-04 14:15:14] Analysis completed in 8.20s - Category: win
[2025-12-04 14:15:14] Successfully processed graph 6 - Category: win - Time: 8.20s
[2025-12-04 14:15:14] 
Processing graph 7/200
[2025-12-04 14:15:14] Graph 7 has 128 nodes and 128 edges
[2025-12-04 14:15:14] Converted to 128 bitstring edges
[2025-12-04 14:15:14] Computing Matchings Dynamic walk
[2025-12-04 14:15:14] Matchings - CX: 773.0, U3: 784.0, Depth: 1003.0
[2025-12-04 14:15:14] Computing Pauli decomposition
[2025-12-04 14:15:22] Pauli - CX: 748.0, U3: 944.0, Depth: 1203.0
[2025-12-04 14:15:22] Analysis completed in 7.45s - Category: lose
[2025-12-04 14:15:22] Successfully processed graph 7 - Category: lose - Time: 7.45s
[2025-12-04 14:15:22] 
Processing graph 8/200
[2025-12-04 14:15:22] Graph 8 has 128 nodes and 128 edges
[2025-12-04 14:15:22] Converted to 128 bitstring edges
[2025-12-04 14:15:22] Computing Matchings Dynamic walk
[2025-12-04 14:15:22] Matchings - CX: 235.0, U3: 232.0, Depth: 317.0
[2025-12-04 14:15:22] Computing Pauli decomposition
[2025-12-04 14:15:29] Pauli - CX: 921.0, U3: 783.0, Depth: 1320.0
[2025-12-04 14:15:29] Analysis completed in 7.30s - Category: win
[2025-12-04 14:15:29] Successfully processed graph 8 - Category: win - Time: 7.30s
[2025-12-04 14:15:29] 
Processing graph 9/200
[2025-12-04 14:15:29] Graph 9 has 128 nodes and 128 edges
[2025-12-04 14:15:29] Converted to 128 bitstring edges
[2025-12-04 14:15:29] Computing Matchings Dynamic walk
[2025-12-04 14:15:29] Matchings - CX: 241.0, U3: 232.0, Depth: 319.0
[2025-12-04 14:15:29] Computing Pauli decomposition
[2025-12-04 14:15:38] Pauli - CX: 744.0, U3: 958.0, Depth: 1205.0
[2025-12-04 14:15:38] Analysis completed in 8.69s - Category: win
[2025-12-04 14:15:38] Successfully processed graph 9 - Category: win - Time: 8.69s
[2025-12-04 14:15:38] 
Processing graph 10/200
[2025-12-04 14:15:38] Graph 10 has 128 nodes and 128 edges
[2025-12-04 14:15:38] Converted to 128 bitstring edges
[2025-12-04 14:15:38] Computing Matchings Dynamic walk
[2025-12-04 14:15:38] Matchings - CX: 666.0, U3: 681.0, Depth: 913.0
[2025-12-04 14:15:38] Computing Pauli decomposition
[2025-12-04 14:15:44] Pauli - CX: 843.0, U3: 979.0, Depth: 1305.0
[2025-12-04 14:15:44] Analysis completed in 6.87s - Category: win
[2025-12-04 14:15:44] Successfully processed graph 10 - Category: win - Time: 6.87s
[2025-12-04 14:15:44] 
Processing graph 11/200
[2025-12-04 14:15:44] Graph 11 has 128 nodes and 128 edges
[2025-12-04 14:15:44] Converted to 128 bitstring edges
[2025-12-04 14:15:44] Computing Matchings Dynamic walk
[2025-12-04 14:15:44] Matchings - CX: 237.0, U3: 232.0, Depth: 318.0
[2025-12-04 14:15:44] Computing Pauli decomposition
[2025-12-04 14:15:52] Pauli - CX: 840.0, U3: 796.0, Depth: 1242.0
[2025-12-04 14:15:52] Analysis completed in 7.14s - Category: win
[2025-12-04 14:15:52] Successfully processed graph 11 - Category: win - Time: 7.14s
[2025-12-04 14:15:52] 
Processing graph 12/200
[2025-12-04 14:15:52] Graph 12 has 128 nodes and 128 edges
[2025-12-04 14:15:52] Converted to 128 bitstring edges
[2025-12-04 14:15:52] Computing Matchings Dynamic walk
[2025-12-04 14:15:52] Matchings - CX: 235.0, U3: 231.0, Depth: 316.0
[2025-12-04 14:15:52] Computing Pauli decomposition
[2025-12-04 14:15:58] Pauli - CX: 736.0, U3: 935.0, Depth: 1186.0
[2025-12-04 14:15:58] Analysis completed in 6.78s - Category: win
[2025-12-04 14:15:58] Successfully processed graph 12 - Category: win - Time: 6.78s
[2025-12-04 14:15:58] 
Processing graph 13/200
[2025-12-04 14:15:58] Graph 13 has 128 nodes and 128 edges
[2025-12-04 14:15:58] Converted to 128 bitstring edges
[2025-12-04 14:15:58] Computing Matchings Dynamic walk
[2025-12-04 14:15:58] Matchings - CX: 237.0, U3: 231.0, Depth: 317.0
[2025-12-04 14:15:58] Computing Pauli decomposition
[2025-12-04 14:16:05] Pauli - CX: 801.0, U3: 784.0, Depth: 1198.0
[2025-12-04 14:16:05] Analysis completed in 6.96s - Category: win
[2025-12-04 14:16:05] Successfully processed graph 13 - Category: win - Time: 6.96s
[2025-12-04 14:16:05] 
Processing graph 14/200
[2025-12-04 14:16:05] Graph 14 has 128 nodes and 128 edges
[2025-12-04 14:16:05] Converted to 128 bitstring edges
[2025-12-04 14:16:05] Computing Matchings Dynamic walk
[2025-12-04 14:16:05] Matchings - CX: 241.0, U3: 235.0, Depth: 320.0
[2025-12-04 14:16:05] Computing Pauli decomposition
[2025-12-04 14:16:12] Pauli - CX: 688.0, U3: 900.0, Depth: 1123.0
[2025-12-04 14:16:12] Analysis completed in 7.02s - Category: win
[2025-12-04 14:16:12] Successfully processed graph 14 - Category: win - Time: 7.02s
[2025-12-04 14:16:12] 
Processing graph 15/200
[2025-12-04 14:16:12] Graph 15 has 128 nodes and 128 edges
[2025-12-04 14:16:12] Converted to 128 bitstring edges
[2025-12-04 14:16:12] Computing Matchings Dynamic walk
[2025-12-04 14:16:12] Matchings - CX: 871.0, U3: 885.0, Depth: 1146.0
[2025-12-04 14:16:12] Computing Pauli decomposition
[2025-12-04 14:16:20] Pauli - CX: 927.0, U3: 939.0, Depth: 1380.0
[2025-12-04 14:16:20] Analysis completed in 7.64s - Category: win
[2025-12-04 14:16:20] Successfully processed graph 15 - Category: win - Time: 7.64s
[2025-12-04 14:16:20] 
Processing graph 16/200
[2025-12-04 14:16:20] Graph 16 has 128 nodes and 129 edges
[2025-12-04 14:16:20] Converted to 129 bitstring edges
[2025-12-04 14:16:20] Computing Matchings Dynamic walk
[2025-12-04 14:16:20] Matchings - CX: 291.0, U3: 288.0, Depth: 388.0
[2025-12-04 14:16:20] Computing Pauli decomposition
[2025-12-04 14:16:27] Pauli - CX: 860.0, U3: 1066.0, Depth: 1391.0
[2025-12-04 14:16:27] Analysis completed in 7.41s - Category: win
[2025-12-04 14:16:27] Successfully processed graph 16 - Category: win - Time: 7.41s
[2025-12-04 14:16:27] 
Processing graph 17/200
[2025-12-04 14:16:27] Graph 17 has 128 nodes and 129 edges
[2025-12-04 14:16:27] Converted to 129 bitstring edges
[2025-12-04 14:16:27] Computing Matchings Dynamic walk
[2025-12-04 14:16:27] Matchings - CX: 307.0, U3: 293.0, Depth: 404.0
[2025-12-04 14:16:27] Computing Pauli decomposition
[2025-12-04 14:16:35] Pauli - CX: 1037.0, U3: 1362.0, Depth: 1671.0
[2025-12-04 14:16:35] Analysis completed in 8.07s - Category: win
[2025-12-04 14:16:35] Successfully processed graph 17 - Category: win - Time: 8.07s
[2025-12-04 14:16:35] 
Processing graph 18/200
[2025-12-04 14:16:35] Graph 18 has 128 nodes and 129 edges
[2025-12-04 14:16:35] Converted to 129 bitstring edges
[2025-12-04 14:16:35] Computing Matchings Dynamic walk
[2025-12-04 14:16:35] Matchings - CX: 299.0, U3: 292.0, Depth: 399.0
[2025-12-04 14:16:35] Computing Pauli decomposition
[2025-12-04 14:16:42] Pauli - CX: 1228.0, U3: 1155.0, Depth: 1780.0
[2025-12-04 14:16:42] Analysis completed in 6.74s - Category: win
[2025-12-04 14:16:42] Successfully processed graph 18 - Category: win - Time: 6.74s
[2025-12-04 14:16:42] 
Processing graph 19/200
[2025-12-04 14:16:42] Graph 19 has 128 nodes and 129 edges
[2025-12-04 14:16:42] Converted to 129 bitstring edges
[2025-12-04 14:16:42] Computing Matchings Dynamic walk
[2025-12-04 14:16:42] Matchings - CX: 708.0, U3: 705.0, Depth: 956.0
[2025-12-04 14:16:42] Computing Pauli decomposition
[2025-12-04 14:16:49] Pauli - CX: 1055.0, U3: 1182.0, Depth: 1632.0
[2025-12-04 14:16:49] Analysis completed in 6.84s - Category: win
[2025-12-04 14:16:49] Successfully processed graph 19 - Category: win - Time: 6.84s
[2025-12-04 14:16:49] 
Processing graph 20/200
[2025-12-04 14:16:49] Graph 20 has 128 nodes and 129 edges
[2025-12-04 14:16:49] Converted to 129 bitstring edges
[2025-12-04 14:16:49] Computing Matchings Dynamic walk
[2025-12-04 14:16:49] Matchings - CX: 660.0, U3: 676.0, Depth: 857.0
[2025-12-04 14:16:49] Computing Pauli decomposition
[2025-12-04 14:16:56] Pauli - CX: 870.0, U3: 1068.0, Depth: 1405.0
[2025-12-04 14:16:56] Analysis completed in 7.23s - Category: win
[2025-12-04 14:16:56] Successfully processed graph 20 - Category: win - Time: 7.23s
[2025-12-04 14:16:56] 
Processing graph 21/200
[2025-12-04 14:16:56] Graph 21 has 128 nodes and 129 edges
[2025-12-04 14:16:56] Converted to 129 bitstring edges
[2025-12-04 14:16:56] Computing Matchings Dynamic walk
[2025-12-04 14:16:56] Matchings - CX: 297.0, U3: 292.0, Depth: 396.0
[2025-12-04 14:16:56] Computing Pauli decomposition
[2025-12-04 14:17:03] Pauli - CX: 892.0, U3: 1096.0, Depth: 1439.0
[2025-12-04 14:17:03] Analysis completed in 7.03s - Category: win
[2025-12-04 14:17:03] Successfully processed graph 21 - Category: win - Time: 7.03s
[2025-12-04 14:17:03] 
Processing graph 22/200
[2025-12-04 14:17:03] Graph 22 has 128 nodes and 129 edges
[2025-12-04 14:17:03] Converted to 129 bitstring edges
[2025-12-04 14:17:03] Computing Matchings Dynamic walk
[2025-12-04 14:17:03] Matchings - CX: 297.0, U3: 290.0, Depth: 393.0
[2025-12-04 14:17:03] Computing Pauli decomposition
[2025-12-04 14:17:10] Pauli - CX: 1089.0, U3: 1356.0, Depth: 1729.0
[2025-12-04 14:17:10] Analysis completed in 6.63s - Category: win
[2025-12-04 14:17:10] Successfully processed graph 22 - Category: win - Time: 6.63s
[2025-12-04 14:17:10] 
Processing graph 23/200
[2025-12-04 14:17:10] Graph 23 has 128 nodes and 129 edges
[2025-12-04 14:17:10] Converted to 129 bitstring edges
[2025-12-04 14:17:10] Computing Matchings Dynamic walk
[2025-12-04 14:17:10] Matchings - CX: 301.0, U3: 296.0, Depth: 396.0
[2025-12-04 14:17:10] Computing Pauli decomposition
[2025-12-04 14:17:17] Pauli - CX: 791.0, U3: 1089.0, Depth: 1306.0
[2025-12-04 14:17:17] Analysis completed in 6.58s - Category: win
[2025-12-04 14:17:17] Successfully processed graph 23 - Category: win - Time: 6.58s
[2025-12-04 14:17:17] 
Processing graph 24/200
[2025-12-04 14:17:17] Graph 24 has 128 nodes and 129 edges
[2025-12-04 14:17:17] Converted to 129 bitstring edges
[2025-12-04 14:17:17] Computing Matchings Dynamic walk
[2025-12-04 14:17:17] Matchings - CX: 299.0, U3: 296.0, Depth: 397.0
[2025-12-04 14:17:17] Computing Pauli decomposition
[2025-12-04 14:17:25] Pauli - CX: 877.0, U3: 1129.0, Depth: 1431.0
[2025-12-04 14:17:25] Analysis completed in 8.09s - Category: win
[2025-12-04 14:17:25] Successfully processed graph 24 - Category: win - Time: 8.09s
[2025-12-04 14:17:25] 
Processing graph 25/200
[2025-12-04 14:17:25] Graph 25 has 128 nodes and 129 edges
[2025-12-04 14:17:25] Converted to 129 bitstring edges
[2025-12-04 14:17:25] Computing Matchings Dynamic walk
[2025-12-04 14:17:25] Matchings - CX: 788.0, U3: 797.0, Depth: 1054.0
[2025-12-04 14:17:25] Computing Pauli decomposition
[2025-12-04 14:17:32] Pauli - CX: 946.0, U3: 1086.0, Depth: 1469.0
[2025-12-04 14:17:32] Analysis completed in 7.45s - Category: win
[2025-12-04 14:17:32] Successfully processed graph 25 - Category: win - Time: 7.45s
[2025-12-04 14:17:32] 
Processing graph 26/200
[2025-12-04 14:17:32] Graph 26 has 128 nodes and 129 edges
[2025-12-04 14:17:32] Converted to 129 bitstring edges
[2025-12-04 14:17:32] Computing Matchings Dynamic walk
[2025-12-04 14:17:32] Matchings - CX: 734.0, U3: 741.0, Depth: 988.0
[2025-12-04 14:17:32] Computing Pauli decomposition
[2025-12-04 14:17:39] Pauli - CX: 1057.0, U3: 1230.0, Depth: 1650.0
[2025-12-04 14:17:39] Analysis completed in 6.66s - Category: win
[2025-12-04 14:17:39] Successfully processed graph 26 - Category: win - Time: 6.66s
[2025-12-04 14:17:39] 
Processing graph 27/200
[2025-12-04 14:17:39] Graph 27 has 128 nodes and 129 edges
[2025-12-04 14:17:39] Converted to 129 bitstring edges
[2025-12-04 14:17:39] Computing Matchings Dynamic walk
[2025-12-04 14:17:39] Matchings - CX: 307.0, U3: 293.0, Depth: 403.0
[2025-12-04 14:17:39] Computing Pauli decomposition
[2025-12-04 14:17:45] Pauli - CX: 1096.0, U3: 1424.0, Depth: 1762.0
[2025-12-04 14:17:45] Analysis completed in 6.72s - Category: win
[2025-12-04 14:17:45] Successfully processed graph 27 - Category: win - Time: 6.72s
[2025-12-04 14:17:45] 
Processing graph 28/200
[2025-12-04 14:17:45] Graph 28 has 128 nodes and 129 edges
[2025-12-04 14:17:45] Converted to 129 bitstring edges
[2025-12-04 14:17:45] Computing Matchings Dynamic walk
[2025-12-04 14:17:45] Matchings - CX: 293.0, U3: 289.0, Depth: 392.0
[2025-12-04 14:17:45] Computing Pauli decomposition
[2025-12-04 14:17:52] Pauli - CX: 1007.0, U3: 1123.0, Depth: 1555.0
[2025-12-04 14:17:52] Analysis completed in 6.72s - Category: win
[2025-12-04 14:17:52] Successfully processed graph 28 - Category: win - Time: 6.72s
[2025-12-04 14:17:52] 
Processing graph 29/200
[2025-12-04 14:17:52] Graph 29 has 128 nodes and 129 edges
[2025-12-04 14:17:52] Converted to 129 bitstring edges
[2025-12-04 14:17:52] Computing Matchings Dynamic walk
[2025-12-04 14:17:52] Matchings - CX: 293.0, U3: 290.0, Depth: 393.0
[2025-12-04 14:17:52] Computing Pauli decomposition
[2025-12-04 14:18:00] Pauli - CX: 898.0, U3: 1129.0, Depth: 1451.0
[2025-12-04 14:18:00] Analysis completed in 7.67s - Category: win
[2025-12-04 14:18:00] Successfully processed graph 29 - Category: win - Time: 7.67s
[2025-12-04 14:18:00] 
Processing graph 30/200
[2025-12-04 14:18:00] Graph 30 has 128 nodes and 129 edges
[2025-12-04 14:18:00] Converted to 129 bitstring edges
[2025-12-04 14:18:00] Computing Matchings Dynamic walk
[2025-12-04 14:18:00] Matchings - CX: 303.0, U3: 293.0, Depth: 396.0
[2025-12-04 14:18:00] Computing Pauli decomposition
[2025-12-04 14:18:07] Pauli - CX: 1135.0, U3: 1040.0, Depth: 1671.0
[2025-12-04 14:18:07] Analysis completed in 7.59s - Category: win
[2025-12-04 14:18:07] Successfully processed graph 30 - Category: win - Time: 7.59s
[2025-12-04 14:18:07] 
Processing graph 31/200
[2025-12-04 14:18:07] Graph 31 has 128 nodes and 129 edges
[2025-12-04 14:18:07] Converted to 129 bitstring edges
[2025-12-04 14:18:07] Computing Matchings Dynamic walk
[2025-12-04 14:18:07] Matchings - CX: 708.0, U3: 713.0, Depth: 955.0
[2025-12-04 14:18:07] Computing Pauli decomposition
[2025-12-04 14:18:14] Pauli - CX: 988.0, U3: 1228.0, Depth: 1580.0
[2025-12-04 14:18:14] Analysis completed in 6.74s - Category: win
[2025-12-04 14:18:14] Successfully processed graph 31 - Category: win - Time: 6.74s
[2025-12-04 14:18:14] 
Processing graph 32/200
[2025-12-04 14:18:14] Graph 32 has 128 nodes and 129 edges
[2025-12-04 14:18:14] Converted to 129 bitstring edges
[2025-12-04 14:18:14] Computing Matchings Dynamic walk
[2025-12-04 14:18:14] Matchings - CX: 927.0, U3: 951.0, Depth: 1254.0
[2025-12-04 14:18:14] Computing Pauli decomposition
[2025-12-04 14:18:21] Pauli - CX: 951.0, U3: 1104.0, Depth: 1494.0
[2025-12-04 14:18:21] Analysis completed in 6.66s - Category: win
[2025-12-04 14:18:21] Successfully processed graph 32 - Category: win - Time: 6.66s
[2025-12-04 14:18:21] 
Processing graph 33/200
[2025-12-04 14:18:21] Graph 33 has 128 nodes and 129 edges
[2025-12-04 14:18:21] Converted to 129 bitstring edges
[2025-12-04 14:18:21] Computing Matchings Dynamic walk
[2025-12-04 14:18:21] Matchings - CX: 299.0, U3: 291.0, Depth: 395.0
[2025-12-04 14:18:21] Computing Pauli decomposition
[2025-12-04 14:18:28] Pauli - CX: 1187.0, U3: 932.0, Depth: 1682.0
[2025-12-04 14:18:28] Analysis completed in 6.82s - Category: win
[2025-12-04 14:18:28] Successfully processed graph 33 - Category: win - Time: 6.82s
[2025-12-04 14:18:28] 
Processing graph 34/200
[2025-12-04 14:18:28] Graph 34 has 128 nodes and 129 edges
[2025-12-04 14:18:28] Converted to 129 bitstring edges
[2025-12-04 14:18:28] Computing Matchings Dynamic walk
[2025-12-04 14:18:28] Matchings - CX: 754.0, U3: 762.0, Depth: 1013.0
[2025-12-04 14:18:28] Computing Pauli decomposition
[2025-12-04 14:18:35] Pauli - CX: 900.0, U3: 1095.0, Depth: 1436.0
[2025-12-04 14:18:35] Analysis completed in 7.27s - Category: win
[2025-12-04 14:18:35] Successfully processed graph 34 - Category: win - Time: 7.27s
[2025-12-04 14:18:35] 
Processing graph 35/200
[2025-12-04 14:18:35] Graph 35 has 128 nodes and 129 edges
[2025-12-04 14:18:35] Converted to 129 bitstring edges
[2025-12-04 14:18:35] Computing Matchings Dynamic walk
[2025-12-04 14:18:35] Matchings - CX: 297.0, U3: 290.0, Depth: 396.0
[2025-12-04 14:18:35] Computing Pauli decomposition
[2025-12-04 14:18:42] Pauli - CX: 1176.0, U3: 997.0, Depth: 1698.0
[2025-12-04 14:18:42] Analysis completed in 7.18s - Category: win
[2025-12-04 14:18:42] Successfully processed graph 35 - Category: win - Time: 7.18s
[2025-12-04 14:18:42] 
Processing graph 36/200
[2025-12-04 14:18:42] Graph 36 has 128 nodes and 129 edges
[2025-12-04 14:18:42] Converted to 129 bitstring edges
[2025-12-04 14:18:42] Computing Matchings Dynamic walk
[2025-12-04 14:18:42] Matchings - CX: 493.0, U3: 484.0, Depth: 652.0
[2025-12-04 14:18:42] Computing Pauli decomposition
[2025-12-04 14:18:50] Pauli - CX: 1111.0, U3: 1192.0, Depth: 1679.0
[2025-12-04 14:18:50] Analysis completed in 7.92s - Category: win
[2025-12-04 14:18:50] Successfully processed graph 36 - Category: win - Time: 7.92s
[2025-12-04 14:18:50] 
Processing graph 37/200
[2025-12-04 14:18:50] Graph 37 has 128 nodes and 129 edges
[2025-12-04 14:18:50] Converted to 129 bitstring edges
[2025-12-04 14:18:50] Computing Matchings Dynamic walk
[2025-12-04 14:18:50] Matchings - CX: 678.0, U3: 684.0, Depth: 899.0
[2025-12-04 14:18:50] Computing Pauli decomposition
[2025-12-04 14:18:57] Pauli - CX: 1172.0, U3: 1106.0, Depth: 1723.0
[2025-12-04 14:18:57] Analysis completed in 7.22s - Category: win
[2025-12-04 14:18:57] Successfully processed graph 37 - Category: win - Time: 7.22s
[2025-12-04 14:18:57] 
Processing graph 38/200
[2025-12-04 14:18:57] Graph 38 has 128 nodes and 129 edges
[2025-12-04 14:18:57] Converted to 129 bitstring edges
[2025-12-04 14:18:57] Computing Matchings Dynamic walk
[2025-12-04 14:18:57] Matchings - CX: 1025.0, U3: 1035.0, Depth: 1331.0
[2025-12-04 14:18:57] Computing Pauli decomposition
[2025-12-04 14:19:06] Pauli - CX: 1155.0, U3: 1104.0, Depth: 1709.0
[2025-12-04 14:19:06] Analysis completed in 8.64s - Category: win
[2025-12-04 14:19:06] Successfully processed graph 38 - Category: win - Time: 8.64s
[2025-12-04 14:19:06] 
Processing graph 39/200
[2025-12-04 14:19:06] Graph 39 has 128 nodes and 129 edges
[2025-12-04 14:19:06] Converted to 129 bitstring edges
[2025-12-04 14:19:06] Computing Matchings Dynamic walk
[2025-12-04 14:19:06] Matchings - CX: 734.0, U3: 749.0, Depth: 980.0
[2025-12-04 14:19:06] Computing Pauli decomposition
[2025-12-04 14:19:14] Pauli - CX: 916.0, U3: 1172.0, Depth: 1486.0
[2025-12-04 14:19:14] Analysis completed in 7.93s - Category: win
[2025-12-04 14:19:14] Successfully processed graph 39 - Category: win - Time: 7.93s
[2025-12-04 14:19:14] 
Processing graph 40/200
[2025-12-04 14:19:14] Graph 40 has 128 nodes and 129 edges
[2025-12-04 14:19:14] Converted to 129 bitstring edges
[2025-12-04 14:19:14] Computing Matchings Dynamic walk
[2025-12-04 14:19:14] Matchings - CX: 305.0, U3: 293.0, Depth: 402.0
[2025-12-04 14:19:14] Computing Pauli decomposition
[2025-12-04 14:19:21] Pauli - CX: 1200.0, U3: 1047.0, Depth: 1729.0
[2025-12-04 14:19:21] Analysis completed in 7.08s - Category: win
[2025-12-04 14:19:21] Successfully processed graph 40 - Category: win - Time: 7.08s
[2025-12-04 14:19:21] 
Processing graph 41/200
[2025-12-04 14:19:21] Graph 41 has 128 nodes and 129 edges
[2025-12-04 14:19:21] Converted to 129 bitstring edges
[2025-12-04 14:19:21] Computing Matchings Dynamic walk
[2025-12-04 14:19:21] Matchings - CX: 754.0, U3: 754.0, Depth: 1017.0
[2025-12-04 14:19:21] Computing Pauli decomposition
[2025-12-04 14:19:28] Pauli - CX: 1117.0, U3: 1120.0, Depth: 1662.0
[2025-12-04 14:19:28] Analysis completed in 7.43s - Category: win
[2025-12-04 14:19:28] Successfully processed graph 41 - Category: win - Time: 7.43s
[2025-12-04 14:19:28] 
Processing graph 42/200
[2025-12-04 14:19:28] Graph 42 has 128 nodes and 129 edges
[2025-12-04 14:19:28] Converted to 129 bitstring edges
[2025-12-04 14:19:28] Computing Matchings Dynamic walk
[2025-12-04 14:19:28] Matchings - CX: 305.0, U3: 299.0, Depth: 404.0
[2025-12-04 14:19:28] Computing Pauli decomposition
[2025-12-04 14:19:35] Pauli - CX: 1257.0, U3: 1054.0, Depth: 1796.0
[2025-12-04 14:19:35] Analysis completed in 6.93s - Category: win
[2025-12-04 14:19:35] Successfully processed graph 42 - Category: win - Time: 6.93s
[2025-12-04 14:19:35] 
Processing graph 43/200
[2025-12-04 14:19:35] Graph 43 has 128 nodes and 129 edges
[2025-12-04 14:19:35] Converted to 129 bitstring edges
[2025-12-04 14:19:35] Computing Matchings Dynamic walk
[2025-12-04 14:19:35] Matchings - CX: 568.0, U3: 568.0, Depth: 742.0
[2025-12-04 14:19:35] Computing Pauli decomposition
[2025-12-04 14:19:43] Pauli - CX: 1017.0, U3: 1292.0, Depth: 1620.0
[2025-12-04 14:19:43] Analysis completed in 7.68s - Category: win
[2025-12-04 14:19:43] Successfully processed graph 43 - Category: win - Time: 7.68s
[2025-12-04 14:19:43] 
Processing graph 44/200
[2025-12-04 14:19:43] Graph 44 has 128 nodes and 129 edges
[2025-12-04 14:19:43] Converted to 129 bitstring edges
[2025-12-04 14:19:43] Computing Matchings Dynamic walk
[2025-12-04 14:19:43] Matchings - CX: 699.0, U3: 695.0, Depth: 904.0
[2025-12-04 14:19:43] Computing Pauli decomposition
[2025-12-04 14:19:51] Pauli - CX: 1000.0, U3: 1271.0, Depth: 1597.0
[2025-12-04 14:19:51] Analysis completed in 7.78s - Category: win
[2025-12-04 14:19:51] Successfully processed graph 44 - Category: win - Time: 7.78s
[2025-12-04 14:19:51] 
Processing graph 45/200
[2025-12-04 14:19:51] Graph 45 has 128 nodes and 129 edges
[2025-12-04 14:19:51] Converted to 129 bitstring edges
[2025-12-04 14:19:51] Computing Matchings Dynamic walk
[2025-12-04 14:19:51] Matchings - CX: 723.0, U3: 728.0, Depth: 946.0
[2025-12-04 14:19:51] Computing Pauli decomposition
[2025-12-04 14:19:58] Pauli - CX: 984.0, U3: 1262.0, Depth: 1583.0
[2025-12-04 14:19:58] Analysis completed in 7.66s - Category: win
[2025-12-04 14:19:58] Successfully processed graph 45 - Category: win - Time: 7.66s
[2025-12-04 14:19:58] 
Processing graph 46/200
[2025-12-04 14:19:58] Graph 46 has 128 nodes and 129 edges
[2025-12-04 14:19:58] Converted to 129 bitstring edges
[2025-12-04 14:19:58] Computing Matchings Dynamic walk
[2025-12-04 14:19:58] Matchings - CX: 731.0, U3: 739.0, Depth: 968.0
[2025-12-04 14:19:58] Computing Pauli decomposition
[2025-12-04 14:20:06] Pauli - CX: 1079.0, U3: 1358.0, Depth: 1718.0
[2025-12-04 14:20:06] Analysis completed in 7.40s - Category: win
[2025-12-04 14:20:06] Successfully processed graph 46 - Category: win - Time: 7.40s
[2025-12-04 14:20:06] 
Processing graph 47/200
[2025-12-04 14:20:06] Graph 47 has 128 nodes and 129 edges
[2025-12-04 14:20:06] Converted to 129 bitstring edges
[2025-12-04 14:20:06] Computing Matchings Dynamic walk
[2025-12-04 14:20:06] Matchings - CX: 1107.0, U3: 1130.0, Depth: 1439.0
[2025-12-04 14:20:06] Computing Pauli decomposition
[2025-12-04 14:20:14] Pauli - CX: 980.0, U3: 1144.0, Depth: 1545.0
[2025-12-04 14:20:14] Analysis completed in 8.30s - Category: lose
[2025-12-04 14:20:14] Successfully processed graph 47 - Category: lose - Time: 8.30s
[2025-12-04 14:20:14] 
Processing graph 48/200
[2025-12-04 14:20:14] Graph 48 has 128 nodes and 129 edges
[2025-12-04 14:20:14] Converted to 129 bitstring edges
[2025-12-04 14:20:14] Computing Matchings Dynamic walk
[2025-12-04 14:20:14] Matchings - CX: 303.0, U3: 296.0, Depth: 400.0
[2025-12-04 14:20:14] Computing Pauli decomposition
[2025-12-04 14:20:21] Pauli - CX: 807.0, U3: 1128.0, Depth: 1329.0
[2025-12-04 14:20:21] Analysis completed in 7.07s - Category: win
[2025-12-04 14:20:21] Successfully processed graph 48 - Category: win - Time: 7.07s
[2025-12-04 14:20:21] 
Processing graph 49/200
[2025-12-04 14:20:21] Graph 49 has 128 nodes and 129 edges
[2025-12-04 14:20:21] Converted to 129 bitstring edges
[2025-12-04 14:20:21] Computing Matchings Dynamic walk
[2025-12-04 14:20:21] Matchings - CX: 762.0, U3: 756.0, Depth: 1032.0
[2025-12-04 14:20:21] Computing Pauli decomposition
[2025-12-04 14:20:29] Pauli - CX: 1108.0, U3: 978.0, Depth: 1619.0
[2025-12-04 14:20:29] Analysis completed in 7.47s - Category: win
[2025-12-04 14:20:29] Successfully processed graph 49 - Category: win - Time: 7.47s
[2025-12-04 14:20:29] 
Processing graph 50/200
[2025-12-04 14:20:29] Graph 50 has 128 nodes and 129 edges
[2025-12-04 14:20:29] Converted to 129 bitstring edges
[2025-12-04 14:20:29] Computing Matchings Dynamic walk
[2025-12-04 14:20:29] Matchings - CX: 297.0, U3: 291.0, Depth: 395.0
[2025-12-04 14:20:29] Computing Pauli decomposition
[2025-12-04 14:20:36] Pauli - CX: 1016.0, U3: 1256.0, Depth: 1614.0
[2025-12-04 14:20:36] Analysis completed in 7.37s - Category: win
[2025-12-04 14:20:36] Successfully processed graph 50 - Category: win - Time: 7.37s
[2025-12-04 14:20:36] 
Processing graph 51/200
[2025-12-04 14:20:36] Graph 51 has 128 nodes and 129 edges
[2025-12-04 14:20:36] Converted to 129 bitstring edges
[2025-12-04 14:20:36] Computing Matchings Dynamic walk
[2025-12-04 14:20:36] Matchings - CX: 299.0, U3: 292.0, Depth: 388.0
[2025-12-04 14:20:36] Computing Pauli decomposition
[2025-12-04 14:20:44] Pauli - CX: 1249.0, U3: 1110.0, Depth: 1805.0
[2025-12-04 14:20:44] Analysis completed in 7.48s - Category: win
[2025-12-04 14:20:44] Successfully processed graph 51 - Category: win - Time: 7.48s
[2025-12-04 14:20:44] 
Processing graph 52/200
[2025-12-04 14:20:44] Graph 52 has 128 nodes and 129 edges
[2025-12-04 14:20:44] Converted to 129 bitstring edges
[2025-12-04 14:20:44] Computing Matchings Dynamic walk
[2025-12-04 14:20:44] Matchings - CX: 301.0, U3: 294.0, Depth: 397.0
[2025-12-04 14:20:44] Computing Pauli decomposition
[2025-12-04 14:20:52] Pauli - CX: 1039.0, U3: 1237.0, Depth: 1632.0
[2025-12-04 14:20:52] Analysis completed in 8.06s - Category: win
[2025-12-04 14:20:52] Successfully processed graph 52 - Category: win - Time: 8.06s
[2025-12-04 14:20:52] 
Processing graph 53/200
[2025-12-04 14:20:52] Graph 53 has 128 nodes and 129 edges
[2025-12-04 14:20:52] Converted to 129 bitstring edges
[2025-12-04 14:20:52] Computing Matchings Dynamic walk
[2025-12-04 14:20:52] Matchings - CX: 764.0, U3: 766.0, Depth: 1026.0
[2025-12-04 14:20:52] Computing Pauli decomposition
[2025-12-04 14:20:59] Pauli - CX: 1199.0, U3: 1123.0, Depth: 1760.0
[2025-12-04 14:20:59] Analysis completed in 7.41s - Category: win
[2025-12-04 14:20:59] Successfully processed graph 53 - Category: win - Time: 7.41s
[2025-12-04 14:20:59] 
Processing graph 54/200
[2025-12-04 14:20:59] Graph 54 has 128 nodes and 129 edges
[2025-12-04 14:20:59] Converted to 129 bitstring edges
[2025-12-04 14:20:59] Computing Matchings Dynamic walk
[2025-12-04 14:20:59] Matchings - CX: 842.0, U3: 861.0, Depth: 1123.0
[2025-12-04 14:20:59] Computing Pauli decomposition
[2025-12-04 14:21:06] Pauli - CX: 934.0, U3: 1208.0, Depth: 1515.0
[2025-12-04 14:21:06] Analysis completed in 7.33s - Category: win
[2025-12-04 14:21:06] Successfully processed graph 54 - Category: win - Time: 7.33s
[2025-12-04 14:21:06] 
Processing graph 55/200
[2025-12-04 14:21:06] Graph 55 has 128 nodes and 129 edges
[2025-12-04 14:21:06] Converted to 129 bitstring edges
[2025-12-04 14:21:06] Computing Matchings Dynamic walk
[2025-12-04 14:21:06] Matchings - CX: 303.0, U3: 293.0, Depth: 400.0
[2025-12-04 14:21:06] Computing Pauli decomposition
[2025-12-04 14:21:13] Pauli - CX: 1044.0, U3: 1272.0, Depth: 1647.0
[2025-12-04 14:21:13] Analysis completed in 6.83s - Category: win
[2025-12-04 14:21:13] Successfully processed graph 55 - Category: win - Time: 6.83s
[2025-12-04 14:21:13] 
Processing graph 56/200
[2025-12-04 14:21:13] Graph 56 has 128 nodes and 129 edges
[2025-12-04 14:21:13] Converted to 129 bitstring edges
[2025-12-04 14:21:13] Computing Matchings Dynamic walk
[2025-12-04 14:21:13] Matchings - CX: 295.0, U3: 289.0, Depth: 390.0
[2025-12-04 14:21:13] Computing Pauli decomposition
[2025-12-04 14:21:20] Pauli - CX: 876.0, U3: 1106.0, Depth: 1422.0
[2025-12-04 14:21:20] Analysis completed in 6.57s - Category: win
[2025-12-04 14:21:20] Successfully processed graph 56 - Category: win - Time: 6.57s
[2025-12-04 14:21:20] 
Processing graph 57/200
[2025-12-04 14:21:20] Graph 57 has 128 nodes and 129 edges
[2025-12-04 14:21:20] Converted to 129 bitstring edges
[2025-12-04 14:21:20] Computing Matchings Dynamic walk
[2025-12-04 14:21:20] Matchings - CX: 303.0, U3: 291.0, Depth: 401.0
[2025-12-04 14:21:20] Computing Pauli decomposition
[2025-12-04 14:21:26] Pauli - CX: 1152.0, U3: 1034.0, Depth: 1678.0
[2025-12-04 14:21:26] Analysis completed in 6.59s - Category: win
[2025-12-04 14:21:26] Successfully processed graph 57 - Category: win - Time: 6.59s
[2025-12-04 14:21:26] 
Processing graph 58/200
[2025-12-04 14:21:26] Graph 58 has 128 nodes and 129 edges
[2025-12-04 14:21:26] Converted to 129 bitstring edges
[2025-12-04 14:21:26] Computing Matchings Dynamic walk
[2025-12-04 14:21:26] Matchings - CX: 297.0, U3: 291.0, Depth: 395.0
[2025-12-04 14:21:26] Computing Pauli decomposition
[2025-12-04 14:21:33] Pauli - CX: 912.0, U3: 1116.0, Depth: 1465.0
[2025-12-04 14:21:33] Analysis completed in 6.87s - Category: win
[2025-12-04 14:21:33] Successfully processed graph 58 - Category: win - Time: 6.87s
[2025-12-04 14:21:33] 
Processing graph 59/200
[2025-12-04 14:21:33] Graph 59 has 128 nodes and 129 edges
[2025-12-04 14:21:33] Converted to 129 bitstring edges
[2025-12-04 14:21:33] Computing Matchings Dynamic walk
[2025-12-04 14:21:33] Matchings - CX: 661.0, U3: 668.0, Depth: 880.0
[2025-12-04 14:21:33] Computing Pauli decomposition
[2025-12-04 14:21:40] Pauli - CX: 856.0, U3: 1053.0, Depth: 1383.0
[2025-12-04 14:21:40] Analysis completed in 6.90s - Category: win
[2025-12-04 14:21:40] Successfully processed graph 59 - Category: win - Time: 6.90s
[2025-12-04 14:21:40] 
Processing graph 60/200
[2025-12-04 14:21:40] Graph 60 has 128 nodes and 129 edges
[2025-12-04 14:21:40] Converted to 129 bitstring edges
[2025-12-04 14:21:40] Computing Matchings Dynamic walk
[2025-12-04 14:21:40] Matchings - CX: 299.0, U3: 291.0, Depth: 396.0
[2025-12-04 14:21:40] Computing Pauli decomposition
[2025-12-04 14:21:47] Pauli - CX: 912.0, U3: 1145.0, Depth: 1474.0
[2025-12-04 14:21:47] Analysis completed in 6.87s - Category: win
[2025-12-04 14:21:47] Successfully processed graph 60 - Category: win - Time: 6.87s
[2025-12-04 14:21:47] 
Processing graph 61/200
[2025-12-04 14:21:47] Graph 61 has 128 nodes and 129 edges
[2025-12-04 14:21:47] Converted to 129 bitstring edges
[2025-12-04 14:21:47] Computing Matchings Dynamic walk
[2025-12-04 14:21:47] Matchings - CX: 303.0, U3: 292.0, Depth: 391.0
[2025-12-04 14:21:47] Computing Pauli decomposition
[2025-12-04 14:21:54] Pauli - CX: 864.0, U3: 1105.0, Depth: 1408.0
[2025-12-04 14:21:54] Analysis completed in 6.93s - Category: win
[2025-12-04 14:21:54] Successfully processed graph 61 - Category: win - Time: 6.93s
[2025-12-04 14:21:54] 
Processing graph 62/200
[2025-12-04 14:21:54] Graph 62 has 128 nodes and 129 edges
[2025-12-04 14:21:54] Converted to 129 bitstring edges
[2025-12-04 14:21:54] Computing Matchings Dynamic walk
[2025-12-04 14:21:54] Matchings - CX: 303.0, U3: 293.0, Depth: 398.0
[2025-12-04 14:21:54] Computing Pauli decomposition
[2025-12-04 14:22:01] Pauli - CX: 977.0, U3: 1259.0, Depth: 1579.0
[2025-12-04 14:22:01] Analysis completed in 7.22s - Category: win
[2025-12-04 14:22:01] Successfully processed graph 62 - Category: win - Time: 7.22s
[2025-12-04 14:22:01] 
Processing graph 63/200
[2025-12-04 14:22:01] Graph 63 has 128 nodes and 129 edges
[2025-12-04 14:22:01] Converted to 129 bitstring edges
[2025-12-04 14:22:01] Computing Matchings Dynamic walk
[2025-12-04 14:22:01] Matchings - CX: 634.0, U3: 633.0, Depth: 839.0
[2025-12-04 14:22:01] Computing Pauli decomposition
[2025-12-04 14:22:10] Pauli - CX: 1005.0, U3: 1265.0, Depth: 1606.0
[2025-12-04 14:22:10] Analysis completed in 8.59s - Category: win
[2025-12-04 14:22:10] Successfully processed graph 63 - Category: win - Time: 8.59s
[2025-12-04 14:22:10] 
Processing graph 64/200
[2025-12-04 14:22:10] Graph 64 has 128 nodes and 129 edges
[2025-12-04 14:22:10] Converted to 129 bitstring edges
[2025-12-04 14:22:10] Computing Matchings Dynamic walk
[2025-12-04 14:22:10] Matchings - CX: 293.0, U3: 292.0, Depth: 394.0
[2025-12-04 14:22:10] Computing Pauli decomposition
[2025-12-04 14:22:17] Pauli - CX: 945.0, U3: 1281.0, Depth: 1545.0
[2025-12-04 14:22:17] Analysis completed in 7.13s - Category: win
[2025-12-04 14:22:17] Successfully processed graph 64 - Category: win - Time: 7.13s
[2025-12-04 14:22:17] 
Processing graph 65/200
[2025-12-04 14:22:17] Graph 65 has 128 nodes and 129 edges
[2025-12-04 14:22:17] Converted to 129 bitstring edges
[2025-12-04 14:22:17] Computing Matchings Dynamic walk
[2025-12-04 14:22:17] Matchings - CX: 303.0, U3: 294.0, Depth: 401.0
[2025-12-04 14:22:17] Computing Pauli decomposition
[2025-12-04 14:22:26] Pauli - CX: 1247.0, U3: 1081.0, Depth: 1795.0
[2025-12-04 14:22:26] Analysis completed in 8.76s - Category: win
[2025-12-04 14:22:26] Successfully processed graph 65 - Category: win - Time: 8.76s
[2025-12-04 14:22:26] 
Processing graph 66/200
[2025-12-04 14:22:26] Graph 66 has 128 nodes and 129 edges
[2025-12-04 14:22:26] Converted to 129 bitstring edges
[2025-12-04 14:22:26] Computing Matchings Dynamic walk
[2025-12-04 14:22:26] Matchings - CX: 303.0, U3: 291.0, Depth: 400.0
[2025-12-04 14:22:26] Computing Pauli decomposition
[2025-12-04 14:22:33] Pauli - CX: 1071.0, U3: 1336.0, Depth: 1694.0
[2025-12-04 14:22:33] Analysis completed in 7.27s - Category: win
[2025-12-04 14:22:33] Successfully processed graph 66 - Category: win - Time: 7.27s
[2025-12-04 14:22:33] 
Processing graph 67/200
[2025-12-04 14:22:33] Graph 67 has 128 nodes and 129 edges
[2025-12-04 14:22:33] Converted to 129 bitstring edges
[2025-12-04 14:22:33] Computing Matchings Dynamic walk
[2025-12-04 14:22:33] Matchings - CX: 747.0, U3: 769.0, Depth: 986.0
[2025-12-04 14:22:33] Computing Pauli decomposition
[2025-12-04 14:22:41] Pauli - CX: 920.0, U3: 1151.0, Depth: 1483.0
[2025-12-04 14:22:41] Analysis completed in 7.86s - Category: win
[2025-12-04 14:22:41] Successfully processed graph 67 - Category: win - Time: 7.86s
[2025-12-04 14:22:41] 
Processing graph 68/200
[2025-12-04 14:22:41] Graph 68 has 128 nodes and 129 edges
[2025-12-04 14:22:41] Converted to 129 bitstring edges
[2025-12-04 14:22:41] Computing Matchings Dynamic walk
[2025-12-04 14:22:41] Matchings - CX: 783.0, U3: 801.0, Depth: 1037.0
[2025-12-04 14:22:41] Computing Pauli decomposition
[2025-12-04 14:22:49] Pauli - CX: 1198.0, U3: 1096.0, Depth: 1748.0
[2025-12-04 14:22:49] Analysis completed in 8.38s - Category: win
[2025-12-04 14:22:49] Successfully processed graph 68 - Category: win - Time: 8.38s
[2025-12-04 14:22:49] 
Processing graph 69/200
[2025-12-04 14:22:49] Graph 69 has 128 nodes and 130 edges
[2025-12-04 14:22:49] Converted to 130 bitstring edges
[2025-12-04 14:22:49] Computing Matchings Dynamic walk
[2025-12-04 14:22:49] Matchings - CX: 807.0, U3: 834.0, Depth: 1061.0
[2025-12-04 14:22:49] Computing Pauli decomposition
[2025-12-04 14:22:58] Pauli - CX: 1075.0, U3: 1311.0, Depth: 1733.0
[2025-12-04 14:22:58] Analysis completed in 8.79s - Category: win
[2025-12-04 14:22:58] Successfully processed graph 69 - Category: win - Time: 8.79s
[2025-12-04 14:22:58] 
Processing graph 70/200
[2025-12-04 14:22:58] Graph 70 has 128 nodes and 130 edges
[2025-12-04 14:22:58] Converted to 130 bitstring edges
[2025-12-04 14:22:58] Computing Matchings Dynamic walk
[2025-12-04 14:22:58] Matchings - CX: 714.0, U3: 722.0, Depth: 940.0
[2025-12-04 14:22:58] Computing Pauli decomposition
[2025-12-04 14:23:07] Pauli - CX: 1532.0, U3: 1465.0, Depth: 2245.0
[2025-12-04 14:23:07] Analysis completed in 9.01s - Category: win
[2025-12-04 14:23:07] Successfully processed graph 70 - Category: win - Time: 9.01s
[2025-12-04 14:23:07] 
Processing graph 71/200
[2025-12-04 14:23:07] Graph 71 has 128 nodes and 130 edges
[2025-12-04 14:23:07] Converted to 130 bitstring edges
[2025-12-04 14:23:07] Computing Matchings Dynamic walk
[2025-12-04 14:23:07] Matchings - CX: 929.0, U3: 946.0, Depth: 1227.0
[2025-12-04 14:23:07] Computing Pauli decomposition
[2025-12-04 14:23:15] Pauli - CX: 1292.0, U3: 1623.0, Depth: 2055.0
[2025-12-04 14:23:15] Analysis completed in 7.60s - Category: win
[2025-12-04 14:23:15] Successfully processed graph 71 - Category: win - Time: 7.60s
[2025-12-04 14:23:15] 
Processing graph 72/200
[2025-12-04 14:23:15] Graph 72 has 128 nodes and 130 edges
[2025-12-04 14:23:15] Converted to 130 bitstring edges
[2025-12-04 14:23:15] Computing Matchings Dynamic walk
[2025-12-04 14:23:15] Matchings - CX: 849.0, U3: 854.0, Depth: 1107.0
[2025-12-04 14:23:15] Computing Pauli decomposition
[2025-12-04 14:23:23] Pauli - CX: 1313.0, U3: 1493.0, Depth: 2027.0
[2025-12-04 14:23:23] Analysis completed in 8.48s - Category: win
[2025-12-04 14:23:23] Successfully processed graph 72 - Category: win - Time: 8.48s
[2025-12-04 14:23:23] 
Processing graph 73/200
[2025-12-04 14:23:23] Graph 73 has 128 nodes and 130 edges
[2025-12-04 14:23:23] Converted to 130 bitstring edges
[2025-12-04 14:23:23] Computing Matchings Dynamic walk
[2025-12-04 14:23:23] Matchings - CX: 1143.0, U3: 1145.0, Depth: 1500.0
[2025-12-04 14:23:23] Computing Pauli decomposition
[2025-12-04 14:23:30] Pauli - CX: 1290.0, U3: 1534.0, Depth: 2027.0
[2025-12-04 14:23:30] Analysis completed in 7.03s - Category: win
[2025-12-04 14:23:30] Successfully processed graph 73 - Category: win - Time: 7.03s
[2025-12-04 14:23:30] 
Processing graph 74/200
[2025-12-04 14:23:30] Graph 74 has 128 nodes and 130 edges
[2025-12-04 14:23:30] Converted to 130 bitstring edges
[2025-12-04 14:23:30] Computing Matchings Dynamic walk
[2025-12-04 14:23:30] Matchings - CX: 799.0, U3: 800.0, Depth: 1058.0
[2025-12-04 14:23:30] Computing Pauli decomposition
[2025-12-04 14:23:37] Pauli - CX: 1311.0, U3: 1360.0, Depth: 1988.0
[2025-12-04 14:23:37] Analysis completed in 6.97s - Category: win
[2025-12-04 14:23:37] Successfully processed graph 74 - Category: win - Time: 6.97s
[2025-12-04 14:23:37] 
Processing graph 75/200
[2025-12-04 14:23:37] Graph 75 has 128 nodes and 130 edges
[2025-12-04 14:23:37] Converted to 130 bitstring edges
[2025-12-04 14:23:37] Computing Matchings Dynamic walk
[2025-12-04 14:23:37] Matchings - CX: 357.0, U3: 356.0, Depth: 475.0
[2025-12-04 14:23:37] Computing Pauli decomposition
[2025-12-04 14:23:44] Pauli - CX: 1223.0, U3: 1402.0, Depth: 1913.0
[2025-12-04 14:23:44] Analysis completed in 7.28s - Category: win
[2025-12-04 14:23:44] Successfully processed graph 75 - Category: win - Time: 7.28s
[2025-12-04 14:23:44] 
Processing graph 76/200
[2025-12-04 14:23:44] Graph 76 has 128 nodes and 130 edges
[2025-12-04 14:23:44] Converted to 130 bitstring edges
[2025-12-04 14:23:44] Computing Matchings Dynamic walk
[2025-12-04 14:23:44] Matchings - CX: 359.0, U3: 354.0, Depth: 473.0
[2025-12-04 14:23:44] Computing Pauli decomposition
[2025-12-04 14:23:52] Pauli - CX: 1270.0, U3: 1623.0, Depth: 2041.0
[2025-12-04 14:23:52] Analysis completed in 7.71s - Category: win
[2025-12-04 14:23:52] Successfully processed graph 76 - Category: win - Time: 7.71s
[2025-12-04 14:23:52] 
Processing graph 77/200
[2025-12-04 14:23:52] Graph 77 has 128 nodes and 130 edges
[2025-12-04 14:23:52] Converted to 130 bitstring edges
[2025-12-04 14:23:52] Computing Matchings Dynamic walk
[2025-12-04 14:23:52] Matchings - CX: 887.0, U3: 897.0, Depth: 1197.0
[2025-12-04 14:23:52] Computing Pauli decomposition
[2025-12-04 14:24:00] Pauli - CX: 1017.0, U3: 1302.0, Depth: 1640.0
[2025-12-04 14:24:00] Analysis completed in 8.36s - Category: win
[2025-12-04 14:24:00] Successfully processed graph 77 - Category: win - Time: 8.36s
[2025-12-04 14:24:00] 
Processing graph 78/200
[2025-12-04 14:24:00] Graph 78 has 128 nodes and 130 edges
[2025-12-04 14:24:00] Converted to 130 bitstring edges
[2025-12-04 14:24:00] Computing Matchings Dynamic walk
[2025-12-04 14:24:00] Matchings - CX: 865.0, U3: 894.0, Depth: 1141.0
[2025-12-04 14:24:00] Computing Pauli decomposition
[2025-12-04 14:24:08] Pauli - CX: 1146.0, U3: 1415.0, Depth: 1834.0
[2025-12-04 14:24:08] Analysis completed in 7.49s - Category: win
[2025-12-04 14:24:08] Successfully processed graph 78 - Category: win - Time: 7.49s
[2025-12-04 14:24:08] 
Processing graph 79/200
[2025-12-04 14:24:08] Graph 79 has 128 nodes and 130 edges
[2025-12-04 14:24:08] Converted to 130 bitstring edges
[2025-12-04 14:24:08] Computing Matchings Dynamic walk
[2025-12-04 14:24:08] Matchings - CX: 949.0, U3: 961.0, Depth: 1245.0
[2025-12-04 14:24:08] Computing Pauli decomposition
[2025-12-04 14:24:17] Pauli - CX: 1186.0, U3: 1436.0, Depth: 1874.0
[2025-12-04 14:24:17] Analysis completed in 8.74s - Category: win
[2025-12-04 14:24:17] Successfully processed graph 79 - Category: win - Time: 8.74s
[2025-12-04 14:24:17] 
Processing graph 80/200
[2025-12-04 14:24:17] Graph 80 has 128 nodes and 130 edges
[2025-12-04 14:24:17] Converted to 130 bitstring edges
[2025-12-04 14:24:17] Computing Matchings Dynamic walk
[2025-12-04 14:24:17] Matchings - CX: 371.0, U3: 356.0, Depth: 482.0
[2025-12-04 14:24:17] Computing Pauli decomposition
[2025-12-04 14:24:25] Pauli - CX: 829.0, U3: 956.0, Depth: 1284.0
[2025-12-04 14:24:25] Analysis completed in 8.11s - Category: win
[2025-12-04 14:24:25] Successfully processed graph 80 - Category: win - Time: 8.11s
[2025-12-04 14:24:25] 
Processing graph 81/200
[2025-12-04 14:24:25] Graph 81 has 128 nodes and 130 edges
[2025-12-04 14:24:25] Converted to 130 bitstring edges
[2025-12-04 14:24:25] Computing Matchings Dynamic walk
[2025-12-04 14:24:25] Matchings - CX: 891.0, U3: 902.0, Depth: 1214.0
[2025-12-04 14:24:25] Computing Pauli decomposition
[2025-12-04 14:24:32] Pauli - CX: 1281.0, U3: 1444.0, Depth: 1976.0
[2025-12-04 14:24:32] Analysis completed in 7.52s - Category: win
[2025-12-04 14:24:32] Successfully processed graph 81 - Category: win - Time: 7.52s
[2025-12-04 14:24:32] 
Processing graph 82/200
[2025-12-04 14:24:32] Graph 82 has 128 nodes and 130 edges
[2025-12-04 14:24:32] Converted to 130 bitstring edges
[2025-12-04 14:24:32] Computing Matchings Dynamic walk
[2025-12-04 14:24:32] Matchings - CX: 780.0, U3: 792.0, Depth: 1023.0
[2025-12-04 14:24:32] Computing Pauli decomposition
[2025-12-04 14:24:41] Pauli - CX: 1213.0, U3: 1469.0, Depth: 1920.0
[2025-12-04 14:24:41] Analysis completed in 8.50s - Category: win
[2025-12-04 14:24:41] Successfully processed graph 82 - Category: win - Time: 8.50s
[2025-12-04 14:24:41] 
Processing graph 83/200
[2025-12-04 14:24:41] Graph 83 has 128 nodes and 130 edges
[2025-12-04 14:24:41] Converted to 130 bitstring edges
[2025-12-04 14:24:41] Computing Matchings Dynamic walk
[2025-12-04 14:24:41] Matchings - CX: 359.0, U3: 354.0, Depth: 476.0
[2025-12-04 14:24:41] Computing Pauli decomposition
[2025-12-04 14:24:50] Pauli - CX: 1193.0, U3: 1176.0, Depth: 1797.0
[2025-12-04 14:24:50] Analysis completed in 8.98s - Category: win
[2025-12-04 14:24:50] Successfully processed graph 83 - Category: win - Time: 8.98s
[2025-12-04 14:24:50] 
Processing graph 84/200
[2025-12-04 14:24:50] Graph 84 has 128 nodes and 130 edges
[2025-12-04 14:24:50] Converted to 130 bitstring edges
[2025-12-04 14:24:50] Computing Matchings Dynamic walk
[2025-12-04 14:24:50] Matchings - CX: 1227.0, U3: 1265.0, Depth: 1637.0
[2025-12-04 14:24:50] Computing Pauli decomposition
[2025-12-04 14:24:57] Pauli - CX: 1407.0, U3: 1214.0, Depth: 2035.0
[2025-12-04 14:24:57] Analysis completed in 7.64s - Category: win
[2025-12-04 14:24:57] Successfully processed graph 84 - Category: win - Time: 7.64s
[2025-12-04 14:24:57] 
Processing graph 85/200
[2025-12-04 14:24:57] Graph 85 has 128 nodes and 130 edges
[2025-12-04 14:24:57] Converted to 130 bitstring edges
[2025-12-04 14:24:57] Computing Matchings Dynamic walk
[2025-12-04 14:24:58] Matchings - CX: 696.0, U3: 693.0, Depth: 921.0
[2025-12-04 14:24:58] Computing Pauli decomposition
[2025-12-04 14:25:06] Pauli - CX: 1029.0, U3: 1284.0, Depth: 1661.0
[2025-12-04 14:25:06] Analysis completed in 8.17s - Category: win
[2025-12-04 14:25:06] Successfully processed graph 85 - Category: win - Time: 8.17s
[2025-12-04 14:25:06] 
Processing graph 86/200
[2025-12-04 14:25:06] Graph 86 has 128 nodes and 130 edges
[2025-12-04 14:25:06] Converted to 130 bitstring edges
[2025-12-04 14:25:06] Computing Matchings Dynamic walk
[2025-12-04 14:25:06] Matchings - CX: 353.0, U3: 350.0, Depth: 470.0
[2025-12-04 14:25:06] Computing Pauli decomposition
[2025-12-04 14:25:14] Pauli - CX: 1175.0, U3: 1296.0, Depth: 1827.0
[2025-12-04 14:25:14] Analysis completed in 7.99s - Category: win
[2025-12-04 14:25:14] Successfully processed graph 86 - Category: win - Time: 7.99s
[2025-12-04 14:25:14] 
Processing graph 87/200
[2025-12-04 14:25:14] Graph 87 has 128 nodes and 130 edges
[2025-12-04 14:25:14] Converted to 130 bitstring edges
[2025-12-04 14:25:14] Computing Matchings Dynamic walk
[2025-12-04 14:25:14] Matchings - CX: 827.0, U3: 824.0, Depth: 1100.0
[2025-12-04 14:25:14] Computing Pauli decomposition
[2025-12-04 14:25:21] Pauli - CX: 1127.0, U3: 1406.0, Depth: 1818.0
[2025-12-04 14:25:22] Analysis completed in 7.88s - Category: win
[2025-12-04 14:25:22] Successfully processed graph 87 - Category: win - Time: 7.88s
[2025-12-04 14:25:22] 
Processing graph 88/200
[2025-12-04 14:25:22] Graph 88 has 128 nodes and 130 edges
[2025-12-04 14:25:22] Converted to 130 bitstring edges
[2025-12-04 14:25:22] Computing Matchings Dynamic walk
[2025-12-04 14:25:22] Matchings - CX: 877.0, U3: 886.0, Depth: 1190.0
[2025-12-04 14:25:22] Computing Pauli decomposition
[2025-12-04 14:25:29] Pauli - CX: 1199.0, U3: 1368.0, Depth: 1859.0
[2025-12-04 14:25:29] Analysis completed in 7.10s - Category: win
[2025-12-04 14:25:29] Successfully processed graph 88 - Category: win - Time: 7.10s
[2025-12-04 14:25:29] 
Processing graph 89/200
[2025-12-04 14:25:29] Graph 89 has 128 nodes and 130 edges
[2025-12-04 14:25:29] Converted to 130 bitstring edges
[2025-12-04 14:25:29] Computing Matchings Dynamic walk
[2025-12-04 14:25:29] Matchings - CX: 632.0, U3: 632.0, Depth: 832.0
[2025-12-04 14:25:29] Computing Pauli decomposition
[2025-12-04 14:25:37] Pauli - CX: 1146.0, U3: 1389.0, Depth: 1814.0
[2025-12-04 14:25:37] Analysis completed in 8.33s - Category: win
[2025-12-04 14:25:37] Successfully processed graph 89 - Category: win - Time: 8.33s
[2025-12-04 14:25:37] 
Processing graph 90/200
[2025-12-04 14:25:37] Graph 90 has 128 nodes and 130 edges
[2025-12-04 14:25:37] Converted to 130 bitstring edges
[2025-12-04 14:25:37] Computing Matchings Dynamic walk
[2025-12-04 14:25:37] Matchings - CX: 642.0, U3: 641.0, Depth: 844.0
[2025-12-04 14:25:37] Computing Pauli decomposition
[2025-12-04 14:25:46] Pauli - CX: 1148.0, U3: 1381.0, Depth: 1827.0
[2025-12-04 14:25:46] Analysis completed in 8.90s - Category: win
[2025-12-04 14:25:46] Successfully processed graph 90 - Category: win - Time: 8.90s
[2025-12-04 14:25:46] 
Processing graph 91/200
[2025-12-04 14:25:46] Graph 91 has 128 nodes and 130 edges
[2025-12-04 14:25:46] Converted to 130 bitstring edges
[2025-12-04 14:25:46] Computing Matchings Dynamic walk
[2025-12-04 14:25:46] Matchings - CX: 819.0, U3: 808.0, Depth: 1071.0
[2025-12-04 14:25:46] Computing Pauli decomposition
[2025-12-04 14:25:53] Pauli - CX: 1233.0, U3: 1533.0, Depth: 1968.0
[2025-12-04 14:25:53] Analysis completed in 7.43s - Category: win
[2025-12-04 14:25:53] Successfully processed graph 91 - Category: win - Time: 7.43s
[2025-12-04 14:25:53] 
Processing graph 92/200
[2025-12-04 14:25:53] Graph 92 has 128 nodes and 130 edges
[2025-12-04 14:25:53] Converted to 130 bitstring edges
[2025-12-04 14:25:53] Computing Matchings Dynamic walk
[2025-12-04 14:25:53] Matchings - CX: 431.0, U3: 427.0, Depth: 548.0
[2025-12-04 14:25:53] Computing Pauli decomposition
[2025-12-04 14:26:01] Pauli - CX: 1159.0, U3: 1393.0, Depth: 1816.0
[2025-12-04 14:26:01] Analysis completed in 7.85s - Category: win
[2025-12-04 14:26:01] Successfully processed graph 92 - Category: win - Time: 7.85s
[2025-12-04 14:26:01] 
Processing graph 93/200
[2025-12-04 14:26:01] Graph 93 has 128 nodes and 130 edges
[2025-12-04 14:26:01] Converted to 130 bitstring edges
[2025-12-04 14:26:01] Computing Matchings Dynamic walk
[2025-12-04 14:26:01] Matchings - CX: 883.0, U3: 887.0, Depth: 1178.0
[2025-12-04 14:26:01] Computing Pauli decomposition
[2025-12-04 14:26:11] Pauli - CX: 1329.0, U3: 1406.0, Depth: 2026.0
[2025-12-04 14:26:11] Analysis completed in 9.51s - Category: win
[2025-12-04 14:26:11] Successfully processed graph 93 - Category: win - Time: 9.51s
[2025-12-04 14:26:11] 
Processing graph 94/200
[2025-12-04 14:26:11] Graph 94 has 128 nodes and 130 edges
[2025-12-04 14:26:11] Converted to 130 bitstring edges
[2025-12-04 14:26:11] Computing Matchings Dynamic walk
[2025-12-04 14:26:11] Matchings - CX: 1061.0, U3: 1066.0, Depth: 1393.0
[2025-12-04 14:26:11] Computing Pauli decomposition
[2025-12-04 14:26:20] Pauli - CX: 931.0, U3: 1202.0, Depth: 1527.0
[2025-12-04 14:26:20] Analysis completed in 9.49s - Category: lose
[2025-12-04 14:26:20] Successfully processed graph 94 - Category: lose - Time: 9.49s
[2025-12-04 14:26:20] 
Processing graph 95/200
[2025-12-04 14:26:20] Graph 95 has 128 nodes and 130 edges
[2025-12-04 14:26:20] Converted to 130 bitstring edges
[2025-12-04 14:26:20] Computing Matchings Dynamic walk
[2025-12-04 14:26:20] Matchings - CX: 359.0, U3: 356.0, Depth: 475.0
[2025-12-04 14:26:20] Computing Pauli decomposition
[2025-12-04 14:26:31] Pauli - CX: 1161.0, U3: 1317.0, Depth: 1814.0
[2025-12-04 14:26:31] Analysis completed in 10.78s - Category: win
[2025-12-04 14:26:31] Successfully processed graph 95 - Category: win - Time: 10.78s
[2025-12-04 14:26:31] 
Processing graph 96/200
[2025-12-04 14:26:31] Graph 96 has 128 nodes and 130 edges
[2025-12-04 14:26:31] Converted to 130 bitstring edges
[2025-12-04 14:26:31] Computing Matchings Dynamic walk
[2025-12-04 14:26:31] Matchings - CX: 1014.0, U3: 1027.0, Depth: 1351.0
[2025-12-04 14:26:31] Computing Pauli decomposition
[2025-12-04 14:26:41] Pauli - CX: 1129.0, U3: 1575.0, Depth: 1844.0
[2025-12-04 14:26:41] Analysis completed in 9.71s - Category: win
[2025-12-04 14:26:41] Successfully processed graph 96 - Category: win - Time: 9.71s
[2025-12-04 14:26:41] 
Processing graph 97/200
[2025-12-04 14:26:41] Graph 97 has 128 nodes and 130 edges
[2025-12-04 14:26:41] Converted to 130 bitstring edges
[2025-12-04 14:26:41] Computing Matchings Dynamic walk
[2025-12-04 14:26:41] Matchings - CX: 363.0, U3: 354.0, Depth: 477.0
[2025-12-04 14:26:41] Computing Pauli decomposition
[2025-12-04 14:26:52] Pauli - CX: 1241.0, U3: 1407.0, Depth: 1925.0
[2025-12-04 14:26:52] Analysis completed in 11.18s - Category: win
[2025-12-04 14:26:52] Successfully processed graph 97 - Category: win - Time: 11.18s
[2025-12-04 14:26:52] 
Processing graph 98/200
[2025-12-04 14:26:52] Graph 98 has 128 nodes and 130 edges
[2025-12-04 14:26:52] Converted to 130 bitstring edges
[2025-12-04 14:26:52] Computing Matchings Dynamic walk
[2025-12-04 14:26:52] Matchings - CX: 349.0, U3: 349.0, Depth: 464.0
[2025-12-04 14:26:52] Computing Pauli decomposition
[2025-12-04 14:27:02] Pauli - CX: 1033.0, U3: 1244.0, Depth: 1658.0
[2025-12-04 14:27:02] Analysis completed in 10.20s - Category: win
[2025-12-04 14:27:02] Successfully processed graph 98 - Category: win - Time: 10.20s
[2025-12-04 14:27:02] 
Processing graph 99/200
[2025-12-04 14:27:02] Graph 99 has 128 nodes and 130 edges
[2025-12-04 14:27:02] Converted to 130 bitstring edges
[2025-12-04 14:27:02] Computing Matchings Dynamic walk
[2025-12-04 14:27:02] Matchings - CX: 1119.0, U3: 1140.0, Depth: 1509.0
[2025-12-04 14:27:02] Computing Pauli decomposition
[2025-12-04 14:27:14] Pauli - CX: 1059.0, U3: 1338.0, Depth: 1709.0
[2025-12-04 14:27:14] Analysis completed in 11.84s - Category: lose
[2025-12-04 14:27:14] Successfully processed graph 99 - Category: lose - Time: 11.84s
[2025-12-04 14:27:14] 
Processing graph 100/200
[2025-12-04 14:27:14] Graph 100 has 128 nodes and 130 edges
[2025-12-04 14:27:14] Converted to 130 bitstring edges
[2025-12-04 14:27:14] Computing Matchings Dynamic walk
[2025-12-04 14:27:14] Matchings - CX: 760.0, U3: 761.0, Depth: 1013.0
[2025-12-04 14:27:14] Computing Pauli decomposition
[2025-12-04 14:27:26] Pauli - CX: 1037.0, U3: 1160.0, Depth: 1643.0
[2025-12-04 14:27:26] Analysis completed in 12.32s - Category: win
[2025-12-04 14:27:26] Successfully processed graph 100 - Category: win - Time: 12.32s
[2025-12-04 14:27:26] 
Processing graph 101/200
[2025-12-04 14:27:26] Graph 101 has 128 nodes and 130 edges
[2025-12-04 14:27:26] Converted to 130 bitstring edges
[2025-12-04 14:27:26] Computing Matchings Dynamic walk
[2025-12-04 14:27:26] Matchings - CX: 1085.0, U3: 1110.0, Depth: 1417.0
[2025-12-04 14:27:26] Computing Pauli decomposition
[2025-12-04 14:27:42] Pauli - CX: 1191.0, U3: 1426.0, Depth: 1885.0
[2025-12-04 14:27:42] Analysis completed in 15.90s - Category: win
[2025-12-04 14:27:42] Successfully processed graph 101 - Category: win - Time: 15.90s
[2025-12-04 14:27:42] 
Processing graph 102/200
[2025-12-04 14:27:42] Graph 102 has 128 nodes and 130 edges
[2025-12-04 14:27:42] Converted to 130 bitstring edges
[2025-12-04 14:27:42] Computing Matchings Dynamic walk
[2025-12-04 14:27:42] Matchings - CX: 1103.0, U3: 1107.0, Depth: 1460.0
[2025-12-04 14:27:42] Computing Pauli decomposition
[2025-12-04 14:27:54] Pauli - CX: 1077.0, U3: 1429.0, Depth: 1755.0
[2025-12-04 14:27:54] Analysis completed in 11.57s - Category: lose
[2025-12-04 14:27:54] Successfully processed graph 102 - Category: lose - Time: 11.57s
[2025-12-04 14:27:54] 
Processing graph 103/200
[2025-12-04 14:27:54] Graph 103 has 128 nodes and 130 edges
[2025-12-04 14:27:54] Converted to 130 bitstring edges
[2025-12-04 14:27:54] Computing Matchings Dynamic walk
[2025-12-04 14:27:54] Matchings - CX: 826.0, U3: 828.0, Depth: 1115.0
[2025-12-04 14:27:54] Computing Pauli decomposition
[2025-12-04 14:28:08] Pauli - CX: 829.0, U3: 988.0, Depth: 1301.0
[2025-12-04 14:28:08] Analysis completed in 13.82s - Category: win
[2025-12-04 14:28:08] Successfully processed graph 103 - Category: win - Time: 13.82s
[2025-12-04 14:28:08] 
Processing graph 104/200
[2025-12-04 14:28:08] Graph 104 has 128 nodes and 130 edges
[2025-12-04 14:28:08] Converted to 130 bitstring edges
[2025-12-04 14:28:08] Computing Matchings Dynamic walk
[2025-12-04 14:28:08] Matchings - CX: 766.0, U3: 767.0, Depth: 1015.0
[2025-12-04 14:28:08] Computing Pauli decomposition
[2025-12-04 14:28:20] Pauli - CX: 1144.0, U3: 1227.0, Depth: 1761.0
[2025-12-04 14:28:20] Analysis completed in 12.75s - Category: win
[2025-12-04 14:28:20] Successfully processed graph 104 - Category: win - Time: 12.75s
[2025-12-04 14:28:20] 
Processing graph 105/200
[2025-12-04 14:28:20] Graph 105 has 128 nodes and 130 edges
[2025-12-04 14:28:20] Converted to 130 bitstring edges
[2025-12-04 14:28:20] Computing Matchings Dynamic walk
[2025-12-04 14:28:20] Matchings - CX: 561.0, U3: 553.0, Depth: 748.0
[2025-12-04 14:28:20] Computing Pauli decomposition
[2025-12-04 14:28:32] Pauli - CX: 1078.0, U3: 1337.0, Depth: 1731.0
[2025-12-04 14:28:32] Analysis completed in 11.83s - Category: win
[2025-12-04 14:28:32] Successfully processed graph 105 - Category: win - Time: 11.83s
[2025-12-04 14:28:32] 
Processing graph 106/200
[2025-12-04 14:28:32] Graph 106 has 128 nodes and 130 edges
[2025-12-04 14:28:32] Converted to 130 bitstring edges
[2025-12-04 14:28:32] Computing Matchings Dynamic walk
[2025-12-04 14:28:32] Matchings - CX: 365.0, U3: 357.0, Depth: 479.0
[2025-12-04 14:28:32] Computing Pauli decomposition
[2025-12-04 14:28:47] Pauli - CX: 1160.0, U3: 1479.0, Depth: 1852.0
[2025-12-04 14:28:47] Analysis completed in 14.94s - Category: win
[2025-12-04 14:28:47] Successfully processed graph 106 - Category: win - Time: 14.94s
[2025-12-04 14:28:47] 
Processing graph 107/200
[2025-12-04 14:28:47] Graph 107 has 128 nodes and 130 edges
[2025-12-04 14:28:47] Converted to 130 bitstring edges
[2025-12-04 14:28:47] Computing Matchings Dynamic walk
[2025-12-04 14:28:47] Matchings - CX: 363.0, U3: 356.0, Depth: 476.0
[2025-12-04 14:28:47] Computing Pauli decomposition
[2025-12-04 14:29:00] Pauli - CX: 1213.0, U3: 1381.0, Depth: 1897.0
[2025-12-04 14:29:00] Analysis completed in 13.26s - Category: win
[2025-12-04 14:29:00] Successfully processed graph 107 - Category: win - Time: 13.26s
[2025-12-04 14:29:00] 
Processing graph 108/200
[2025-12-04 14:29:00] Graph 108 has 128 nodes and 130 edges
[2025-12-04 14:29:00] Converted to 130 bitstring edges
[2025-12-04 14:29:00] Computing Matchings Dynamic walk
[2025-12-04 14:29:00] Matchings - CX: 766.0, U3: 765.0, Depth: 1030.0
[2025-12-04 14:29:00] Computing Pauli decomposition
[2025-12-04 14:29:09] Pauli - CX: 1114.0, U3: 1402.0, Depth: 1799.0
[2025-12-04 14:29:09] Analysis completed in 8.92s - Category: win
[2025-12-04 14:29:09] Successfully processed graph 108 - Category: win - Time: 8.92s
[2025-12-04 14:29:09] 
Processing graph 109/200
[2025-12-04 14:29:09] Graph 109 has 128 nodes and 130 edges
[2025-12-04 14:29:09] Converted to 130 bitstring edges
[2025-12-04 14:29:09] Computing Matchings Dynamic walk
[2025-12-04 14:29:09] Matchings - CX: 694.0, U3: 691.0, Depth: 912.0
[2025-12-04 14:29:09] Computing Pauli decomposition
[2025-12-04 14:29:17] Pauli - CX: 1301.0, U3: 1569.0, Depth: 2048.0
[2025-12-04 14:29:17] Analysis completed in 7.48s - Category: win
[2025-12-04 14:29:17] Successfully processed graph 109 - Category: win - Time: 7.48s
[2025-12-04 14:29:17] 
Processing graph 110/200
[2025-12-04 14:29:17] Graph 110 has 128 nodes and 130 edges
[2025-12-04 14:29:17] Converted to 130 bitstring edges
[2025-12-04 14:29:17] Computing Matchings Dynamic walk
[2025-12-04 14:29:17] Matchings - CX: 353.0, U3: 350.0, Depth: 470.0
[2025-12-04 14:29:17] Computing Pauli decomposition
[2025-12-04 14:29:23] Pauli - CX: 1087.0, U3: 1317.0, Depth: 1744.0
[2025-12-04 14:29:23] Analysis completed in 6.30s - Category: win
[2025-12-04 14:29:23] Successfully processed graph 110 - Category: win - Time: 6.30s
[2025-12-04 14:29:23] 
Processing graph 111/200
[2025-12-04 14:29:23] Graph 111 has 128 nodes and 130 edges
[2025-12-04 14:29:23] Converted to 130 bitstring edges
[2025-12-04 14:29:23] Computing Matchings Dynamic walk
[2025-12-04 14:29:23] Matchings - CX: 788.0, U3: 792.0, Depth: 1028.0
[2025-12-04 14:29:23] Computing Pauli decomposition
[2025-12-04 14:29:30] Pauli - CX: 1210.0, U3: 1559.0, Depth: 1951.0
[2025-12-04 14:29:30] Analysis completed in 7.15s - Category: win
[2025-12-04 14:29:30] Successfully processed graph 111 - Category: win - Time: 7.15s
[2025-12-04 14:29:30] 
Processing graph 112/200
[2025-12-04 14:29:30] Graph 112 has 128 nodes and 130 edges
[2025-12-04 14:29:30] Converted to 130 bitstring edges
[2025-12-04 14:29:30] Computing Matchings Dynamic walk
[2025-12-04 14:29:30] Matchings - CX: 925.0, U3: 944.0, Depth: 1197.0
[2025-12-04 14:29:30] Computing Pauli decomposition
[2025-12-04 14:29:38] Pauli - CX: 1152.0, U3: 1471.0, Depth: 1873.0
[2025-12-04 14:29:38] Analysis completed in 7.66s - Category: win
[2025-12-04 14:29:38] Successfully processed graph 112 - Category: win - Time: 7.66s
[2025-12-04 14:29:38] 
Processing graph 113/200
[2025-12-04 14:29:38] Graph 113 has 128 nodes and 130 edges
[2025-12-04 14:29:38] Converted to 130 bitstring edges
[2025-12-04 14:29:38] Computing Matchings Dynamic walk
[2025-12-04 14:29:38] Matchings - CX: 1359.0, U3: 1387.0, Depth: 1791.0
[2025-12-04 14:29:38] Computing Pauli decomposition
[2025-12-04 14:29:45] Pauli - CX: 1359.0, U3: 1231.0, Depth: 1985.0
[2025-12-04 14:29:45] Analysis completed in 7.27s - Category: draw
[2025-12-04 14:29:45] Successfully processed graph 113 - Category: draw - Time: 7.27s
[2025-12-04 14:29:45] 
Processing graph 114/200
[2025-12-04 14:29:45] Graph 114 has 128 nodes and 130 edges
[2025-12-04 14:29:45] Converted to 130 bitstring edges
[2025-12-04 14:29:45] Computing Matchings Dynamic walk
[2025-12-04 14:29:45] Matchings - CX: 353.0, U3: 347.0, Depth: 460.0
[2025-12-04 14:29:45] Computing Pauli decomposition
[2025-12-04 14:29:52] Pauli - CX: 1032.0, U3: 1256.0, Depth: 1666.0
[2025-12-04 14:29:52] Analysis completed in 6.94s - Category: win
[2025-12-04 14:29:52] Successfully processed graph 114 - Category: win - Time: 6.94s
[2025-12-04 14:29:52] 
Processing graph 115/200
[2025-12-04 14:29:52] Graph 115 has 128 nodes and 130 edges
[2025-12-04 14:29:52] Converted to 130 bitstring edges
[2025-12-04 14:29:52] Computing Matchings Dynamic walk
[2025-12-04 14:29:52] Matchings - CX: 353.0, U3: 352.0, Depth: 465.0
[2025-12-04 14:29:52] Computing Pauli decomposition
[2025-12-04 14:29:59] Pauli - CX: 1147.0, U3: 1226.0, Depth: 1773.0
[2025-12-04 14:29:59] Analysis completed in 7.23s - Category: win
[2025-12-04 14:29:59] Successfully processed graph 115 - Category: win - Time: 7.23s
[2025-12-04 14:29:59] 
Processing graph 116/200
[2025-12-04 14:29:59] Graph 116 has 128 nodes and 130 edges
[2025-12-04 14:29:59] Converted to 130 bitstring edges
[2025-12-04 14:29:59] Computing Matchings Dynamic walk
[2025-12-04 14:29:59] Matchings - CX: 774.0, U3: 763.0, Depth: 1035.0
[2025-12-04 14:29:59] Computing Pauli decomposition
[2025-12-04 14:30:07] Pauli - CX: 967.0, U3: 1321.0, Depth: 1597.0
[2025-12-04 14:30:07] Analysis completed in 7.32s - Category: win
[2025-12-04 14:30:07] Successfully processed graph 116 - Category: win - Time: 7.32s
[2025-12-04 14:30:07] 
Processing graph 117/200
[2025-12-04 14:30:07] Graph 117 has 128 nodes and 130 edges
[2025-12-04 14:30:07] Converted to 130 bitstring edges
[2025-12-04 14:30:07] Computing Matchings Dynamic walk
[2025-12-04 14:30:07] Matchings - CX: 572.0, U3: 567.0, Depth: 766.0
[2025-12-04 14:30:07] Computing Pauli decomposition
[2025-12-04 14:30:13] Pauli - CX: 1231.0, U3: 1501.0, Depth: 1956.0
[2025-12-04 14:30:13] Analysis completed in 6.86s - Category: win
[2025-12-04 14:30:13] Successfully processed graph 117 - Category: win - Time: 6.86s
[2025-12-04 14:30:13] 
Processing graph 118/200
[2025-12-04 14:30:13] Graph 118 has 128 nodes and 130 edges
[2025-12-04 14:30:13] Converted to 130 bitstring edges
[2025-12-04 14:30:13] Computing Matchings Dynamic walk
[2025-12-04 14:30:13] Matchings - CX: 854.0, U3: 855.0, Depth: 1150.0
[2025-12-04 14:30:13] Computing Pauli decomposition
[2025-12-04 14:30:20] Pauli - CX: 1289.0, U3: 1441.0, Depth: 1989.0
[2025-12-04 14:30:20] Analysis completed in 6.62s - Category: win
[2025-12-04 14:30:20] Successfully processed graph 118 - Category: win - Time: 6.62s
[2025-12-04 14:30:20] 
Processing graph 119/200
[2025-12-04 14:30:20] Graph 119 has 128 nodes and 130 edges
[2025-12-04 14:30:20] Converted to 130 bitstring edges
[2025-12-04 14:30:20] Computing Matchings Dynamic walk
[2025-12-04 14:30:20] Matchings - CX: 736.0, U3: 742.0, Depth: 977.0
[2025-12-04 14:30:20] Computing Pauli decomposition
[2025-12-04 14:30:27] Pauli - CX: 1085.0, U3: 1287.0, Depth: 1712.0
[2025-12-04 14:30:27] Analysis completed in 6.65s - Category: win
[2025-12-04 14:30:27] Successfully processed graph 119 - Category: win - Time: 6.65s
[2025-12-04 14:30:27] 
Processing graph 120/200
[2025-12-04 14:30:27] Graph 120 has 128 nodes and 130 edges
[2025-12-04 14:30:27] Converted to 130 bitstring edges
[2025-12-04 14:30:27] Computing Matchings Dynamic walk
[2025-12-04 14:30:27] Matchings - CX: 736.0, U3: 750.0, Depth: 984.0
[2025-12-04 14:30:27] Computing Pauli decomposition
[2025-12-04 14:30:33] Pauli - CX: 1085.0, U3: 1393.0, Depth: 1765.0
[2025-12-04 14:30:33] Analysis completed in 6.56s - Category: win
[2025-12-04 14:30:33] Successfully processed graph 120 - Category: win - Time: 6.56s
[2025-12-04 14:30:33] 
Processing graph 121/200
[2025-12-04 14:30:33] Graph 121 has 128 nodes and 130 edges
[2025-12-04 14:30:33] Converted to 130 bitstring edges
[2025-12-04 14:30:33] Computing Matchings Dynamic walk
[2025-12-04 14:30:33] Matchings - CX: 897.0, U3: 905.0, Depth: 1166.0
[2025-12-04 14:30:33] Computing Pauli decomposition
[2025-12-04 14:30:41] Pauli - CX: 1176.0, U3: 1227.0, Depth: 1810.0
[2025-12-04 14:30:41] Analysis completed in 7.59s - Category: win
[2025-12-04 14:30:41] Successfully processed graph 121 - Category: win - Time: 7.59s
[2025-12-04 14:30:41] 
Processing graph 122/200
[2025-12-04 14:30:41] Graph 122 has 128 nodes and 130 edges
[2025-12-04 14:30:41] Converted to 130 bitstring edges
[2025-12-04 14:30:41] Computing Matchings Dynamic walk
[2025-12-04 14:30:41] Matchings - CX: 357.0, U3: 358.0, Depth: 474.0
[2025-12-04 14:30:41] Computing Pauli decomposition
[2025-12-04 14:30:50] Pauli - CX: 1260.0, U3: 1587.0, Depth: 2012.0
[2025-12-04 14:30:50] Analysis completed in 9.51s - Category: win
[2025-12-04 14:30:50] Successfully processed graph 122 - Category: win - Time: 9.51s
[2025-12-04 14:30:50] 
Processing graph 123/200
[2025-12-04 14:30:50] Graph 123 has 128 nodes and 130 edges
[2025-12-04 14:30:50] Converted to 130 bitstring edges
[2025-12-04 14:30:50] Computing Matchings Dynamic walk
[2025-12-04 14:30:50] Matchings - CX: 915.0, U3: 924.0, Depth: 1176.0
[2025-12-04 14:30:50] Computing Pauli decomposition
[2025-12-04 14:31:00] Pauli - CX: 1245.0, U3: 1488.0, Depth: 1942.0
[2025-12-04 14:31:00] Analysis completed in 9.19s - Category: win
[2025-12-04 14:31:00] Successfully processed graph 123 - Category: win - Time: 9.19s
[2025-12-04 14:31:00] 
Processing graph 124/200
[2025-12-04 14:31:00] Graph 124 has 128 nodes and 130 edges
[2025-12-04 14:31:00] Converted to 130 bitstring edges
[2025-12-04 14:31:00] Computing Matchings Dynamic walk
[2025-12-04 14:31:00] Matchings - CX: 512.0, U3: 516.0, Depth: 678.0
[2025-12-04 14:31:00] Computing Pauli decomposition
[2025-12-04 14:31:07] Pauli - CX: 1198.0, U3: 1470.0, Depth: 1908.0
[2025-12-04 14:31:07] Analysis completed in 7.60s - Category: win
[2025-12-04 14:31:07] Successfully processed graph 124 - Category: win - Time: 7.60s
[2025-12-04 14:31:07] 
Processing graph 125/200
[2025-12-04 14:31:07] Graph 125 has 128 nodes and 130 edges
[2025-12-04 14:31:07] Converted to 130 bitstring edges
[2025-12-04 14:31:07] Computing Matchings Dynamic walk
[2025-12-04 14:31:07] Matchings - CX: 1014.0, U3: 1009.0, Depth: 1341.0
[2025-12-04 14:31:07] Computing Pauli decomposition
[2025-12-04 14:31:17] Pauli - CX: 1261.0, U3: 1520.0, Depth: 1995.0
[2025-12-04 14:31:17] Analysis completed in 10.00s - Category: win
[2025-12-04 14:31:17] Successfully processed graph 125 - Category: win - Time: 10.00s
[2025-12-04 14:31:17] 
Processing graph 126/200
[2025-12-04 14:31:17] Graph 126 has 128 nodes and 130 edges
[2025-12-04 14:31:17] Converted to 130 bitstring edges
[2025-12-04 14:31:17] Computing Matchings Dynamic walk
[2025-12-04 14:31:17] Matchings - CX: 719.0, U3: 734.0, Depth: 948.0
[2025-12-04 14:31:17] Computing Pauli decomposition
[2025-12-04 14:31:29] Pauli - CX: 1063.0, U3: 1280.0, Depth: 1712.0
[2025-12-04 14:31:29] Analysis completed in 12.27s - Category: win
[2025-12-04 14:31:29] Successfully processed graph 126 - Category: win - Time: 12.27s
[2025-12-04 14:31:29] 
Processing graph 127/200
[2025-12-04 14:31:29] Graph 127 has 128 nodes and 130 edges
[2025-12-04 14:31:29] Converted to 130 bitstring edges
[2025-12-04 14:31:29] Computing Matchings Dynamic walk
[2025-12-04 14:31:30] Matchings - CX: 1165.0, U3: 1193.0, Depth: 1567.0
[2025-12-04 14:31:30] Computing Pauli decomposition
[2025-12-04 14:31:43] Pauli - CX: 1360.0, U3: 1605.0, Depth: 2124.0
[2025-12-04 14:31:43] Analysis completed in 13.81s - Category: win
[2025-12-04 14:31:43] Successfully processed graph 127 - Category: win - Time: 13.81s
[2025-12-04 14:31:43] 
Processing graph 128/200
[2025-12-04 14:31:43] Graph 128 has 128 nodes and 130 edges
[2025-12-04 14:31:43] Converted to 130 bitstring edges
[2025-12-04 14:31:43] Computing Matchings Dynamic walk
[2025-12-04 14:31:43] Matchings - CX: 768.0, U3: 763.0, Depth: 1020.0
[2025-12-04 14:31:43] Computing Pauli decomposition
[2025-12-04 14:31:59] Pauli - CX: 1264.0, U3: 1513.0, Depth: 1983.0
[2025-12-04 14:31:59] Analysis completed in 15.38s - Category: win
[2025-12-04 14:31:59] Successfully processed graph 128 - Category: win - Time: 15.38s
[2025-12-04 14:31:59] 
Processing graph 129/200
[2025-12-04 14:31:59] Graph 129 has 128 nodes and 130 edges
[2025-12-04 14:31:59] Converted to 130 bitstring edges
[2025-12-04 14:31:59] Computing Matchings Dynamic walk
[2025-12-04 14:31:59] Matchings - CX: 1149.0, U3: 1162.0, Depth: 1517.0
[2025-12-04 14:31:59] Computing Pauli decomposition
[2025-12-04 14:32:14] Pauli - CX: 1212.0, U3: 1137.0, Depth: 1814.0
[2025-12-04 14:32:14] Analysis completed in 15.46s - Category: win
[2025-12-04 14:32:14] Successfully processed graph 129 - Category: win - Time: 15.46s
[2025-12-04 14:32:14] 
Processing graph 130/200
[2025-12-04 14:32:14] Graph 130 has 128 nodes and 130 edges
[2025-12-04 14:32:14] Converted to 130 bitstring edges
[2025-12-04 14:32:14] Computing Matchings Dynamic walk
[2025-12-04 14:32:14] Matchings - CX: 361.0, U3: 353.0, Depth: 475.0
[2025-12-04 14:32:14] Computing Pauli decomposition
[2025-12-04 14:32:28] Pauli - CX: 1008.0, U3: 1416.0, Depth: 1683.0
[2025-12-04 14:32:28] Analysis completed in 13.56s - Category: win
[2025-12-04 14:32:28] Successfully processed graph 130 - Category: win - Time: 13.56s
[2025-12-04 14:32:28] 
Processing graph 131/200
[2025-12-04 14:32:28] Graph 131 has 128 nodes and 130 edges
[2025-12-04 14:32:28] Converted to 130 bitstring edges
[2025-12-04 14:32:28] Computing Matchings Dynamic walk
[2025-12-04 14:32:28] Matchings - CX: 794.0, U3: 803.0, Depth: 1066.0
[2025-12-04 14:32:28] Computing Pauli decomposition
[2025-12-04 14:32:43] Pauli - CX: 1102.0, U3: 1307.0, Depth: 1757.0
[2025-12-04 14:32:43] Analysis completed in 14.91s - Category: win
[2025-12-04 14:32:43] Successfully processed graph 131 - Category: win - Time: 14.91s
[2025-12-04 14:32:43] 
Processing graph 132/200
[2025-12-04 14:32:43] Graph 132 has 128 nodes and 130 edges
[2025-12-04 14:32:43] Converted to 130 bitstring edges
[2025-12-04 14:32:43] Computing Matchings Dynamic walk
[2025-12-04 14:32:43] Matchings - CX: 355.0, U3: 350.0, Depth: 469.0
[2025-12-04 14:32:43] Computing Pauli decomposition
[2025-12-04 14:32:55] Pauli - CX: 1156.0, U3: 1349.0, Depth: 1821.0
[2025-12-04 14:32:55] Analysis completed in 12.51s - Category: win
[2025-12-04 14:32:55] Successfully processed graph 132 - Category: win - Time: 12.51s
[2025-12-04 14:32:55] 
Processing graph 133/200
[2025-12-04 14:32:55] Graph 133 has 128 nodes and 130 edges
[2025-12-04 14:32:55] Converted to 130 bitstring edges
[2025-12-04 14:32:55] Computing Matchings Dynamic walk
[2025-12-04 14:32:55] Matchings - CX: 1131.0, U3: 1135.0, Depth: 1502.0
[2025-12-04 14:32:55] Computing Pauli decomposition
[2025-12-04 14:33:07] Pauli - CX: 1140.0, U3: 1344.0, Depth: 1803.0
[2025-12-04 14:33:07] Analysis completed in 11.52s - Category: win
[2025-12-04 14:33:07] Successfully processed graph 133 - Category: win - Time: 11.52s
[2025-12-04 14:33:07] 
Processing graph 134/200
[2025-12-04 14:33:07] Graph 134 has 128 nodes and 130 edges
[2025-12-04 14:33:07] Converted to 130 bitstring edges
[2025-12-04 14:33:07] Computing Matchings Dynamic walk
[2025-12-04 14:33:07] Matchings - CX: 822.0, U3: 817.0, Depth: 1098.0
[2025-12-04 14:33:07] Computing Pauli decomposition
[2025-12-04 14:33:16] Pauli - CX: 1260.0, U3: 1480.0, Depth: 1981.0
[2025-12-04 14:33:16] Analysis completed in 8.97s - Category: win
[2025-12-04 14:33:16] Successfully processed graph 134 - Category: win - Time: 8.97s
[2025-12-04 14:33:16] 
Processing graph 135/200
[2025-12-04 14:33:16] Graph 135 has 128 nodes and 130 edges
[2025-12-04 14:33:16] Converted to 130 bitstring edges
[2025-12-04 14:33:16] Computing Matchings Dynamic walk
[2025-12-04 14:33:16] Matchings - CX: 705.0, U3: 698.0, Depth: 912.0
[2025-12-04 14:33:16] Computing Pauli decomposition
[2025-12-04 14:33:28] Pauli - CX: 1301.0, U3: 1504.0, Depth: 2029.0
[2025-12-04 14:33:28] Analysis completed in 12.39s - Category: win
[2025-12-04 14:33:28] Successfully processed graph 135 - Category: win - Time: 12.39s
[2025-12-04 14:33:28] 
Processing graph 136/200
[2025-12-04 14:33:28] Graph 136 has 128 nodes and 130 edges
[2025-12-04 14:33:28] Converted to 130 bitstring edges
[2025-12-04 14:33:28] Computing Matchings Dynamic walk
[2025-12-04 14:33:28] Matchings - CX: 690.0, U3: 691.0, Depth: 894.0
[2025-12-04 14:33:28] Computing Pauli decomposition
[2025-12-04 14:33:39] Pauli - CX: 1179.0, U3: 1402.0, Depth: 1870.0
[2025-12-04 14:33:39] Analysis completed in 10.57s - Category: win
[2025-12-04 14:33:39] Successfully processed graph 136 - Category: win - Time: 10.57s
[2025-12-04 14:33:39] 
Processing graph 137/200
[2025-12-04 14:33:39] Graph 137 has 128 nodes and 130 edges
[2025-12-04 14:33:39] Converted to 130 bitstring edges
[2025-12-04 14:33:39] Computing Matchings Dynamic walk
[2025-12-04 14:33:39] Matchings - CX: 881.0, U3: 885.0, Depth: 1174.0
[2025-12-04 14:33:39] Computing Pauli decomposition
[2025-12-04 14:33:49] Pauli - CX: 1175.0, U3: 1413.0, Depth: 1872.0
[2025-12-04 14:33:49] Analysis completed in 10.35s - Category: win
[2025-12-04 14:33:49] Successfully processed graph 137 - Category: win - Time: 10.35s
[2025-12-04 14:33:49] 
Processing graph 138/200
[2025-12-04 14:33:49] Graph 138 has 128 nodes and 130 edges
[2025-12-04 14:33:49] Converted to 130 bitstring edges
[2025-12-04 14:33:49] Computing Matchings Dynamic walk
[2025-12-04 14:33:49] Matchings - CX: 895.0, U3: 906.0, Depth: 1178.0
[2025-12-04 14:33:49] Computing Pauli decomposition
[2025-12-04 14:33:59] Pauli - CX: 1568.0, U3: 1458.0, Depth: 2275.0
[2025-12-04 14:33:59] Analysis completed in 9.60s - Category: win
[2025-12-04 14:33:59] Successfully processed graph 138 - Category: win - Time: 9.60s
[2025-12-04 14:33:59] 
Processing graph 139/200
[2025-12-04 14:33:59] Graph 139 has 128 nodes and 130 edges
[2025-12-04 14:33:59] Converted to 130 bitstring edges
[2025-12-04 14:33:59] Computing Matchings Dynamic walk
[2025-12-04 14:33:59] Matchings - CX: 353.0, U3: 354.0, Depth: 465.0
[2025-12-04 14:33:59] Computing Pauli decomposition
[2025-12-04 14:34:05] Pauli - CX: 1159.0, U3: 1267.0, Depth: 1798.0
[2025-12-04 14:34:05] Analysis completed in 6.39s - Category: win
[2025-12-04 14:34:05] Successfully processed graph 139 - Category: win - Time: 6.39s
[2025-12-04 14:34:05] 
Processing graph 140/200
[2025-12-04 14:34:05] Graph 140 has 128 nodes and 130 edges
[2025-12-04 14:34:05] Converted to 130 bitstring edges
[2025-12-04 14:34:05] Computing Matchings Dynamic walk
[2025-12-04 14:34:05] Matchings - CX: 349.0, U3: 350.0, Depth: 466.0
[2025-12-04 14:34:05] Computing Pauli decomposition
[2025-12-04 14:34:12] Pauli - CX: 1073.0, U3: 1309.0, Depth: 1717.0
[2025-12-04 14:34:12] Analysis completed in 6.67s - Category: win
[2025-12-04 14:34:12] Successfully processed graph 140 - Category: win - Time: 6.67s
[2025-12-04 14:34:12] 
Processing graph 141/200
[2025-12-04 14:34:12] Graph 141 has 128 nodes and 130 edges
[2025-12-04 14:34:12] Converted to 130 bitstring edges
[2025-12-04 14:34:12] Computing Matchings Dynamic walk
[2025-12-04 14:34:12] Matchings - CX: 363.0, U3: 351.0, Depth: 478.0
[2025-12-04 14:34:12] Computing Pauli decomposition
[2025-12-04 14:34:19] Pauli - CX: 1141.0, U3: 1481.0, Depth: 1845.0
[2025-12-04 14:34:19] Analysis completed in 6.92s - Category: win
[2025-12-04 14:34:19] Successfully processed graph 141 - Category: win - Time: 6.92s
[2025-12-04 14:34:19] 
Processing graph 142/200
[2025-12-04 14:34:19] Graph 142 has 128 nodes and 130 edges
[2025-12-04 14:34:19] Converted to 130 bitstring edges
[2025-12-04 14:34:19] Computing Matchings Dynamic walk
[2025-12-04 14:34:19] Matchings - CX: 996.0, U3: 998.0, Depth: 1333.0
[2025-12-04 14:34:19] Computing Pauli decomposition
[2025-12-04 14:34:26] Pauli - CX: 1181.0, U3: 1186.0, Depth: 1795.0
[2025-12-04 14:34:26] Analysis completed in 7.67s - Category: win
[2025-12-04 14:34:26] Successfully processed graph 142 - Category: win - Time: 7.67s
[2025-12-04 14:34:26] 
Processing graph 143/200
[2025-12-04 14:34:26] Graph 143 has 128 nodes and 130 edges
[2025-12-04 14:34:26] Converted to 130 bitstring edges
[2025-12-04 14:34:26] Computing Matchings Dynamic walk
[2025-12-04 14:34:26] Matchings - CX: 355.0, U3: 354.0, Depth: 470.0
[2025-12-04 14:34:26] Computing Pauli decomposition
[2025-12-04 14:34:33] Pauli - CX: 1135.0, U3: 1338.0, Depth: 1802.0
[2025-12-04 14:34:33] Analysis completed in 7.11s - Category: win
[2025-12-04 14:34:33] Successfully processed graph 143 - Category: win - Time: 7.11s
[2025-12-04 14:34:33] 
Processing graph 144/200
[2025-12-04 14:34:33] Graph 144 has 128 nodes and 130 edges
[2025-12-04 14:34:33] Converted to 130 bitstring edges
[2025-12-04 14:34:33] Computing Matchings Dynamic walk
[2025-12-04 14:34:33] Matchings - CX: 909.0, U3: 924.0, Depth: 1204.0
[2025-12-04 14:34:33] Computing Pauli decomposition
[2025-12-04 14:34:40] Pauli - CX: 1299.0, U3: 1593.0, Depth: 2061.0
[2025-12-04 14:34:40] Analysis completed in 7.04s - Category: win
[2025-12-04 14:34:40] Successfully processed graph 144 - Category: win - Time: 7.04s
[2025-12-04 14:34:40] 
Processing graph 145/200
[2025-12-04 14:34:40] Graph 145 has 128 nodes and 130 edges
[2025-12-04 14:34:40] Converted to 130 bitstring edges
[2025-12-04 14:34:40] Computing Matchings Dynamic walk
[2025-12-04 14:34:40] Matchings - CX: 881.0, U3: 891.0, Depth: 1168.0
[2025-12-04 14:34:40] Computing Pauli decomposition
[2025-12-04 14:34:47] Pauli - CX: 1164.0, U3: 1196.0, Depth: 1764.0
[2025-12-04 14:34:47] Analysis completed in 6.86s - Category: win
[2025-12-04 14:34:47] Successfully processed graph 145 - Category: win - Time: 6.86s
[2025-12-04 14:34:47] 
Processing graph 146/200
[2025-12-04 14:34:47] Graph 146 has 128 nodes and 130 edges
[2025-12-04 14:34:47] Converted to 130 bitstring edges
[2025-12-04 14:34:47] Computing Matchings Dynamic walk
[2025-12-04 14:34:47] Matchings - CX: 1333.0, U3: 1361.0, Depth: 1775.0
[2025-12-04 14:34:47] Computing Pauli decomposition
[2025-12-04 14:34:56] Pauli - CX: 1345.0, U3: 1653.0, Depth: 2100.0
[2025-12-04 14:34:56] Analysis completed in 8.89s - Category: win
[2025-12-04 14:34:56] Successfully processed graph 146 - Category: win - Time: 8.89s
[2025-12-04 14:34:56] 
Processing graph 147/200
[2025-12-04 14:34:56] Graph 147 has 128 nodes and 130 edges
[2025-12-04 14:34:56] Converted to 130 bitstring edges
[2025-12-04 14:34:56] Computing Matchings Dynamic walk
[2025-12-04 14:34:56] Matchings - CX: 753.0, U3: 757.0, Depth: 976.0
[2025-12-04 14:34:56] Computing Pauli decomposition
[2025-12-04 14:35:04] Pauli - CX: 1052.0, U3: 1356.0, Depth: 1703.0
[2025-12-04 14:35:04] Analysis completed in 8.24s - Category: win
[2025-12-04 14:35:04] Successfully processed graph 147 - Category: win - Time: 8.24s
[2025-12-04 14:35:04] 
Processing graph 148/200
[2025-12-04 14:35:04] Graph 148 has 128 nodes and 130 edges
[2025-12-04 14:35:04] Converted to 130 bitstring edges
[2025-12-04 14:35:04] Computing Matchings Dynamic walk
[2025-12-04 14:35:04] Matchings - CX: 572.0, U3: 569.0, Depth: 768.0
[2025-12-04 14:35:04] Computing Pauli decomposition
[2025-12-04 14:35:12] Pauli - CX: 951.0, U3: 1357.0, Depth: 1586.0
[2025-12-04 14:35:12] Analysis completed in 7.42s - Category: win
[2025-12-04 14:35:12] Successfully processed graph 148 - Category: win - Time: 7.42s
[2025-12-04 14:35:12] 
Processing graph 149/200
[2025-12-04 14:35:12] Graph 149 has 128 nodes and 130 edges
[2025-12-04 14:35:12] Converted to 130 bitstring edges
[2025-12-04 14:35:12] Computing Matchings Dynamic walk
[2025-12-04 14:35:12] Matchings - CX: 359.0, U3: 353.0, Depth: 473.0
[2025-12-04 14:35:12] Computing Pauli decomposition
[2025-12-04 14:35:20] Pauli - CX: 1111.0, U3: 1339.0, Depth: 1778.0
[2025-12-04 14:35:20] Analysis completed in 7.84s - Category: win
[2025-12-04 14:35:20] Successfully processed graph 149 - Category: win - Time: 7.84s
[2025-12-04 14:35:20] 
Processing graph 150/200
[2025-12-04 14:35:20] Graph 150 has 128 nodes and 130 edges
[2025-12-04 14:35:20] Converted to 130 bitstring edges
[2025-12-04 14:35:20] Computing Matchings Dynamic walk
[2025-12-04 14:35:20] Matchings - CX: 1093.0, U3: 1102.0, Depth: 1424.0
[2025-12-04 14:35:20] Computing Pauli decomposition
[2025-12-04 14:35:27] Pauli - CX: 960.0, U3: 1124.0, Depth: 1497.0
[2025-12-04 14:35:27] Analysis completed in 6.95s - Category: lose
[2025-12-04 14:35:27] Successfully processed graph 150 - Category: lose - Time: 6.95s
[2025-12-04 14:35:27] 
Processing graph 151/200
[2025-12-04 14:35:27] Graph 151 has 128 nodes and 130 edges
[2025-12-04 14:35:27] Converted to 130 bitstring edges
[2025-12-04 14:35:27] Computing Matchings Dynamic walk
[2025-12-04 14:35:27] Matchings - CX: 357.0, U3: 349.0, Depth: 471.0
[2025-12-04 14:35:27] Computing Pauli decomposition
[2025-12-04 14:35:36] Pauli - CX: 1276.0, U3: 1598.0, Depth: 2035.0
[2025-12-04 14:35:36] Analysis completed in 9.85s - Category: win
[2025-12-04 14:35:36] Successfully processed graph 151 - Category: win - Time: 9.85s
[2025-12-04 14:35:36] 
Processing graph 152/200
[2025-12-04 14:35:36] Graph 152 has 128 nodes and 130 edges
[2025-12-04 14:35:36] Converted to 130 bitstring edges
[2025-12-04 14:35:36] Computing Matchings Dynamic walk
[2025-12-04 14:35:37] Matchings - CX: 719.0, U3: 730.0, Depth: 961.0
[2025-12-04 14:35:37] Computing Pauli decomposition
[2025-12-04 14:35:46] Pauli - CX: 1141.0, U3: 997.0, Depth: 1626.0
[2025-12-04 14:35:46] Analysis completed in 9.86s - Category: win
[2025-12-04 14:35:46] Successfully processed graph 152 - Category: win - Time: 9.86s
[2025-12-04 14:35:46] 
Processing graph 153/200
[2025-12-04 14:35:46] Graph 153 has 128 nodes and 130 edges
[2025-12-04 14:35:46] Converted to 130 bitstring edges
[2025-12-04 14:35:46] Computing Matchings Dynamic walk
[2025-12-04 14:35:46] Matchings - CX: 913.0, U3: 924.0, Depth: 1235.0
[2025-12-04 14:35:46] Computing Pauli decomposition
[2025-12-04 14:35:54] Pauli - CX: 1084.0, U3: 863.0, Depth: 1535.0
[2025-12-04 14:35:54] Analysis completed in 8.02s - Category: win
[2025-12-04 14:35:54] Successfully processed graph 153 - Category: win - Time: 8.02s
[2025-12-04 14:35:54] 
Processing graph 154/200
[2025-12-04 14:35:54] Graph 154 has 128 nodes and 130 edges
[2025-12-04 14:35:54] Converted to 130 bitstring edges
[2025-12-04 14:35:54] Computing Matchings Dynamic walk
[2025-12-04 14:35:54] Matchings - CX: 596.0, U3: 610.0, Depth: 790.0
[2025-12-04 14:35:54] Computing Pauli decomposition
[2025-12-04 14:36:01] Pauli - CX: 1083.0, U3: 1324.0, Depth: 1745.0
[2025-12-04 14:36:01] Analysis completed in 6.95s - Category: win
[2025-12-04 14:36:01] Successfully processed graph 154 - Category: win - Time: 6.95s
[2025-12-04 14:36:01] 
Processing graph 155/200
[2025-12-04 14:36:01] Graph 155 has 128 nodes and 130 edges
[2025-12-04 14:36:01] Converted to 130 bitstring edges
[2025-12-04 14:36:01] Computing Matchings Dynamic walk
[2025-12-04 14:36:01] Matchings - CX: 359.0, U3: 354.0, Depth: 471.0
[2025-12-04 14:36:01] Computing Pauli decomposition
[2025-12-04 14:36:09] Pauli - CX: 1029.0, U3: 1259.0, Depth: 1669.0
[2025-12-04 14:36:09] Analysis completed in 7.35s - Category: win
[2025-12-04 14:36:09] Successfully processed graph 155 - Category: win - Time: 7.35s
[2025-12-04 14:36:09] 
Processing graph 156/200
[2025-12-04 14:36:09] Graph 156 has 128 nodes and 130 edges
[2025-12-04 14:36:09] Converted to 130 bitstring edges
[2025-12-04 14:36:09] Computing Matchings Dynamic walk
[2025-12-04 14:36:09] Matchings - CX: 620.0, U3: 631.0, Depth: 815.0
[2025-12-04 14:36:09] Computing Pauli decomposition
[2025-12-04 14:36:18] Pauli - CX: 1076.0, U3: 1255.0, Depth: 1716.0
[2025-12-04 14:36:18] Analysis completed in 9.06s - Category: win
[2025-12-04 14:36:18] Successfully processed graph 156 - Category: win - Time: 9.06s
[2025-12-04 14:36:18] 
Processing graph 157/200
[2025-12-04 14:36:18] Graph 157 has 128 nodes and 130 edges
[2025-12-04 14:36:18] Converted to 130 bitstring edges
[2025-12-04 14:36:18] Computing Matchings Dynamic walk
[2025-12-04 14:36:18] Matchings - CX: 890.0, U3: 894.0, Depth: 1162.0
[2025-12-04 14:36:18] Computing Pauli decomposition
[2025-12-04 14:36:27] Pauli - CX: 1323.0, U3: 1478.0, Depth: 2024.0
[2025-12-04 14:36:27] Analysis completed in 9.03s - Category: win
[2025-12-04 14:36:27] Successfully processed graph 157 - Category: win - Time: 9.03s
[2025-12-04 14:36:27] 
Processing graph 158/200
[2025-12-04 14:36:27] Graph 158 has 128 nodes and 130 edges
[2025-12-04 14:36:27] Converted to 130 bitstring edges
[2025-12-04 14:36:27] Computing Matchings Dynamic walk
[2025-12-04 14:36:27] Matchings - CX: 768.0, U3: 782.0, Depth: 1003.0
[2025-12-04 14:36:27] Computing Pauli decomposition
[2025-12-04 14:36:35] Pauli - CX: 1255.0, U3: 1464.0, Depth: 1972.0
[2025-12-04 14:36:35] Analysis completed in 8.17s - Category: win
[2025-12-04 14:36:35] Successfully processed graph 158 - Category: win - Time: 8.17s
[2025-12-04 14:36:35] 
Processing graph 159/200
[2025-12-04 14:36:35] Graph 159 has 128 nodes and 130 edges
[2025-12-04 14:36:35] Converted to 130 bitstring edges
[2025-12-04 14:36:35] Computing Matchings Dynamic walk
[2025-12-04 14:36:35] Matchings - CX: 1092.0, U3: 1121.0, Depth: 1424.0
[2025-12-04 14:36:35] Computing Pauli decomposition
[2025-12-04 14:36:42] Pauli - CX: 1223.0, U3: 1263.0, Depth: 1865.0
[2025-12-04 14:36:42] Analysis completed in 6.87s - Category: win
[2025-12-04 14:36:42] Successfully processed graph 159 - Category: win - Time: 6.87s
[2025-12-04 14:36:42] 
Processing graph 160/200
[2025-12-04 14:36:42] Graph 160 has 128 nodes and 130 edges
[2025-12-04 14:36:42] Converted to 130 bitstring edges
[2025-12-04 14:36:42] Computing Matchings Dynamic walk
[2025-12-04 14:36:42] Matchings - CX: 1001.0, U3: 1002.0, Depth: 1302.0
[2025-12-04 14:36:42] Computing Pauli decomposition
[2025-12-04 14:36:51] Pauli - CX: 1335.0, U3: 1482.0, Depth: 2058.0
[2025-12-04 14:36:51] Analysis completed in 9.66s - Category: win
[2025-12-04 14:36:51] Successfully processed graph 160 - Category: win - Time: 9.66s
[2025-12-04 14:36:51] 
Processing graph 161/200
[2025-12-04 14:36:51] Graph 161 has 128 nodes and 130 edges
[2025-12-04 14:36:51] Converted to 130 bitstring edges
[2025-12-04 14:36:51] Computing Matchings Dynamic walk
[2025-12-04 14:36:52] Matchings - CX: 766.0, U3: 783.0, Depth: 989.0
[2025-12-04 14:36:52] Computing Pauli decomposition
[2025-12-04 14:37:00] Pauli - CX: 1404.0, U3: 1324.0, Depth: 2066.0
[2025-12-04 14:37:00] Analysis completed in 8.42s - Category: win
[2025-12-04 14:37:00] Successfully processed graph 161 - Category: win - Time: 8.42s
[2025-12-04 14:37:00] 
Processing graph 162/200
[2025-12-04 14:37:00] Graph 162 has 128 nodes and 130 edges
[2025-12-04 14:37:00] Converted to 130 bitstring edges
[2025-12-04 14:37:00] Computing Matchings Dynamic walk
[2025-12-04 14:37:00] Matchings - CX: 895.0, U3: 907.0, Depth: 1189.0
[2025-12-04 14:37:00] Computing Pauli decomposition
[2025-12-04 14:37:08] Pauli - CX: 1187.0, U3: 1493.0, Depth: 1905.0
[2025-12-04 14:37:08] Analysis completed in 8.20s - Category: win
[2025-12-04 14:37:08] Successfully processed graph 162 - Category: win - Time: 8.20s
[2025-12-04 14:37:08] 
Processing graph 163/200
[2025-12-04 14:37:08] Graph 163 has 128 nodes and 130 edges
[2025-12-04 14:37:08] Converted to 130 bitstring edges
[2025-12-04 14:37:08] Computing Matchings Dynamic walk
[2025-12-04 14:37:08] Matchings - CX: 766.0, U3: 773.0, Depth: 1031.0
[2025-12-04 14:37:08] Computing Pauli decomposition
[2025-12-04 14:37:16] Pauli - CX: 1101.0, U3: 1285.0, Depth: 1740.0
[2025-12-04 14:37:16] Analysis completed in 7.77s - Category: win
[2025-12-04 14:37:16] Successfully processed graph 163 - Category: win - Time: 7.77s
[2025-12-04 14:37:16] 
Processing graph 164/200
[2025-12-04 14:37:16] Graph 164 has 128 nodes and 130 edges
[2025-12-04 14:37:16] Converted to 130 bitstring edges
[2025-12-04 14:37:16] Computing Matchings Dynamic walk
[2025-12-04 14:37:16] Matchings - CX: 858.0, U3: 873.0, Depth: 1147.0
[2025-12-04 14:37:16] Computing Pauli decomposition
[2025-12-04 14:37:26] Pauli - CX: 1211.0, U3: 1541.0, Depth: 1955.0
[2025-12-04 14:37:26] Analysis completed in 9.73s - Category: win
[2025-12-04 14:37:26] Successfully processed graph 164 - Category: win - Time: 9.73s
[2025-12-04 14:37:26] 
Processing graph 165/200
[2025-12-04 14:37:26] Graph 165 has 128 nodes and 130 edges
[2025-12-04 14:37:26] Converted to 130 bitstring edges
[2025-12-04 14:37:26] Computing Matchings Dynamic walk
[2025-12-04 14:37:26] Matchings - CX: 365.0, U3: 355.0, Depth: 478.0
[2025-12-04 14:37:26] Computing Pauli decomposition
[2025-12-04 14:37:35] Pauli - CX: 952.0, U3: 1190.0, Depth: 1546.0
[2025-12-04 14:37:35] Analysis completed in 9.59s - Category: win
[2025-12-04 14:37:35] Successfully processed graph 165 - Category: win - Time: 9.59s
[2025-12-04 14:37:35] 
Processing graph 166/200
[2025-12-04 14:37:35] Graph 166 has 128 nodes and 130 edges
[2025-12-04 14:37:35] Converted to 130 bitstring edges
[2025-12-04 14:37:35] Computing Matchings Dynamic walk
[2025-12-04 14:37:35] Matchings - CX: 750.0, U3: 751.0, Depth: 995.0
[2025-12-04 14:37:35] Computing Pauli decomposition
[2025-12-04 14:37:45] Pauli - CX: 1180.0, U3: 1502.0, Depth: 1911.0
[2025-12-04 14:37:45] Analysis completed in 10.13s - Category: win
[2025-12-04 14:37:45] Successfully processed graph 166 - Category: win - Time: 10.13s
[2025-12-04 14:37:45] 
Processing graph 167/200
[2025-12-04 14:37:45] Graph 167 has 128 nodes and 130 edges
[2025-12-04 14:37:45] Converted to 130 bitstring edges
[2025-12-04 14:37:45] Computing Matchings Dynamic walk
[2025-12-04 14:37:45] Matchings - CX: 909.0, U3: 912.0, Depth: 1210.0
[2025-12-04 14:37:45] Computing Pauli decomposition
[2025-12-04 14:37:55] Pauli - CX: 1261.0, U3: 1223.0, Depth: 1894.0
[2025-12-04 14:37:55] Analysis completed in 9.28s - Category: win
[2025-12-04 14:37:55] Successfully processed graph 167 - Category: win - Time: 9.28s
[2025-12-04 14:37:55] 
Processing graph 168/200
[2025-12-04 14:37:55] Graph 168 has 128 nodes and 130 edges
[2025-12-04 14:37:55] Converted to 130 bitstring edges
[2025-12-04 14:37:55] Computing Matchings Dynamic walk
[2025-12-04 14:37:55] Matchings - CX: 359.0, U3: 349.0, Depth: 474.0
[2025-12-04 14:37:55] Computing Pauli decomposition
[2025-12-04 14:38:04] Pauli - CX: 1253.0, U3: 1504.0, Depth: 1963.0
[2025-12-04 14:38:04] Analysis completed in 9.66s - Category: win
[2025-12-04 14:38:04] Successfully processed graph 168 - Category: win - Time: 9.66s
[2025-12-04 14:38:04] 
Processing graph 169/200
[2025-12-04 14:38:04] Graph 169 has 128 nodes and 130 edges
[2025-12-04 14:38:04] Converted to 130 bitstring edges
[2025-12-04 14:38:04] Computing Matchings Dynamic walk
[2025-12-04 14:38:04] Matchings - CX: 1053.0, U3: 1071.0, Depth: 1417.0
[2025-12-04 14:38:04] Computing Pauli decomposition
[2025-12-04 14:38:14] Pauli - CX: 1032.0, U3: 1237.0, Depth: 1663.0
[2025-12-04 14:38:14] Analysis completed in 9.57s - Category: lose
[2025-12-04 14:38:14] Successfully processed graph 169 - Category: lose - Time: 9.57s
[2025-12-04 14:38:14] 
Processing graph 170/200
[2025-12-04 14:38:14] Graph 170 has 128 nodes and 130 edges
[2025-12-04 14:38:14] Converted to 130 bitstring edges
[2025-12-04 14:38:14] Computing Matchings Dynamic walk
[2025-12-04 14:38:14] Matchings - CX: 1115.0, U3: 1125.0, Depth: 1461.0
[2025-12-04 14:38:14] Computing Pauli decomposition
[2025-12-04 14:38:24] Pauli - CX: 1204.0, U3: 1643.0, Depth: 1963.0
[2025-12-04 14:38:24] Analysis completed in 9.76s - Category: win
[2025-12-04 14:38:24] Successfully processed graph 170 - Category: win - Time: 9.76s
[2025-12-04 14:38:24] 
Processing graph 171/200
[2025-12-04 14:38:24] Graph 171 has 128 nodes and 130 edges
[2025-12-04 14:38:24] Converted to 130 bitstring edges
[2025-12-04 14:38:24] Computing Matchings Dynamic walk
[2025-12-04 14:38:24] Matchings - CX: 365.0, U3: 353.0, Depth: 482.0
[2025-12-04 14:38:24] Computing Pauli decomposition
[2025-12-04 14:38:33] Pauli - CX: 1327.0, U3: 1622.0, Depth: 2091.0
[2025-12-04 14:38:33] Analysis completed in 9.61s - Category: win
[2025-12-04 14:38:33] Successfully processed graph 171 - Category: win - Time: 9.61s
[2025-12-04 14:38:33] 
Processing graph 172/200
[2025-12-04 14:38:33] Graph 172 has 128 nodes and 130 edges
[2025-12-04 14:38:33] Converted to 130 bitstring edges
[2025-12-04 14:38:33] Computing Matchings Dynamic walk
[2025-12-04 14:38:33] Matchings - CX: 361.0, U3: 351.0, Depth: 474.0
[2025-12-04 14:38:33] Computing Pauli decomposition
[2025-12-04 14:38:43] Pauli - CX: 1162.0, U3: 1267.0, Depth: 1813.0
[2025-12-04 14:38:43] Analysis completed in 9.47s - Category: win
[2025-12-04 14:38:43] Successfully processed graph 172 - Category: win - Time: 9.47s
[2025-12-04 14:38:43] 
Processing graph 173/200
[2025-12-04 14:38:43] Graph 173 has 128 nodes and 130 edges
[2025-12-04 14:38:43] Converted to 130 bitstring edges
[2025-12-04 14:38:43] Computing Matchings Dynamic walk
[2025-12-04 14:38:43] Matchings - CX: 361.0, U3: 352.0, Depth: 474.0
[2025-12-04 14:38:43] Computing Pauli decomposition
[2025-12-04 14:38:52] Pauli - CX: 1169.0, U3: 1279.0, Depth: 1808.0
[2025-12-04 14:38:52] Analysis completed in 9.67s - Category: win
[2025-12-04 14:38:52] Successfully processed graph 173 - Category: win - Time: 9.67s
[2025-12-04 14:38:52] 
Processing graph 174/200
[2025-12-04 14:38:52] Graph 174 has 128 nodes and 130 edges
[2025-12-04 14:38:52] Converted to 130 bitstring edges
[2025-12-04 14:38:52] Computing Matchings Dynamic walk
[2025-12-04 14:38:52] Matchings - CX: 1273.0, U3: 1288.0, Depth: 1675.0
[2025-12-04 14:38:52] Computing Pauli decomposition
[2025-12-04 14:39:02] Pauli - CX: 1517.0, U3: 1315.0, Depth: 2169.0
[2025-12-04 14:39:02] Analysis completed in 9.72s - Category: win
[2025-12-04 14:39:02] Successfully processed graph 174 - Category: win - Time: 9.72s
[2025-12-04 14:39:02] 
Processing graph 175/200
[2025-12-04 14:39:02] Graph 175 has 128 nodes and 130 edges
[2025-12-04 14:39:02] Converted to 130 bitstring edges
[2025-12-04 14:39:02] Computing Matchings Dynamic walk
[2025-12-04 14:39:02] Matchings - CX: 357.0, U3: 350.0, Depth: 469.0
[2025-12-04 14:39:02] Computing Pauli decomposition
[2025-12-04 14:39:12] Pauli - CX: 1071.0, U3: 1340.0, Depth: 1741.0
[2025-12-04 14:39:12] Analysis completed in 9.46s - Category: win
[2025-12-04 14:39:12] Successfully processed graph 175 - Category: win - Time: 9.46s
[2025-12-04 14:39:12] 
Processing graph 176/200
[2025-12-04 14:39:12] Graph 176 has 128 nodes and 130 edges
[2025-12-04 14:39:12] Converted to 130 bitstring edges
[2025-12-04 14:39:12] Computing Matchings Dynamic walk
[2025-12-04 14:39:12] Matchings - CX: 357.0, U3: 354.0, Depth: 470.0
[2025-12-04 14:39:12] Computing Pauli decomposition
[2025-12-04 14:39:21] Pauli - CX: 1137.0, U3: 1200.0, Depth: 1744.0
[2025-12-04 14:39:21] Analysis completed in 9.43s - Category: win
[2025-12-04 14:39:21] Successfully processed graph 176 - Category: win - Time: 9.43s
[2025-12-04 14:39:21] 
Processing graph 177/200
[2025-12-04 14:39:21] Graph 177 has 128 nodes and 130 edges
[2025-12-04 14:39:21] Converted to 130 bitstring edges
[2025-12-04 14:39:21] Computing Matchings Dynamic walk
[2025-12-04 14:39:21] Matchings - CX: 766.0, U3: 764.0, Depth: 1019.0
[2025-12-04 14:39:21] Computing Pauli decomposition
[2025-12-04 14:39:31] Pauli - CX: 1304.0, U3: 1672.0, Depth: 2086.0
[2025-12-04 14:39:31] Analysis completed in 9.52s - Category: win
[2025-12-04 14:39:31] Successfully processed graph 177 - Category: win - Time: 9.52s
[2025-12-04 14:39:31] 
Processing graph 178/200
[2025-12-04 14:39:31] Graph 178 has 128 nodes and 130 edges
[2025-12-04 14:39:31] Converted to 130 bitstring edges
[2025-12-04 14:39:31] Computing Matchings Dynamic walk
[2025-12-04 14:39:31] Matchings - CX: 351.0, U3: 349.0, Depth: 461.0
[2025-12-04 14:39:31] Computing Pauli decomposition
[2025-12-04 14:39:40] Pauli - CX: 1005.0, U3: 1210.0, Depth: 1620.0
[2025-12-04 14:39:40] Analysis completed in 9.48s - Category: win
[2025-12-04 14:39:40] Successfully processed graph 178 - Category: win - Time: 9.48s
[2025-12-04 14:39:40] 
Processing graph 179/200
[2025-12-04 14:39:40] Graph 179 has 128 nodes and 130 edges
[2025-12-04 14:39:40] Converted to 130 bitstring edges
[2025-12-04 14:39:40] Computing Matchings Dynamic walk
[2025-12-04 14:39:40] Matchings - CX: 630.0, U3: 625.0, Depth: 825.0
[2025-12-04 14:39:40] Computing Pauli decomposition
[2025-12-04 14:39:49] Pauli - CX: 1232.0, U3: 1448.0, Depth: 1921.0
[2025-12-04 14:39:49] Analysis completed in 9.42s - Category: win
[2025-12-04 14:39:49] Successfully processed graph 179 - Category: win - Time: 9.42s
[2025-12-04 14:39:49] 
Processing graph 180/200
[2025-12-04 14:39:49] Graph 180 has 128 nodes and 130 edges
[2025-12-04 14:39:49] Converted to 130 bitstring edges
[2025-12-04 14:39:49] Computing Matchings Dynamic walk
[2025-12-04 14:39:49] Matchings - CX: 799.0, U3: 828.0, Depth: 1063.0
[2025-12-04 14:39:49] Computing Pauli decomposition
[2025-12-04 14:40:00] Pauli - CX: 1252.0, U3: 1456.0, Depth: 1952.0
[2025-12-04 14:40:00] Analysis completed in 10.16s - Category: win
[2025-12-04 14:40:00] Successfully processed graph 180 - Category: win - Time: 10.16s
[2025-12-04 14:40:00] 
Processing graph 181/200
[2025-12-04 14:40:00] Graph 181 has 128 nodes and 130 edges
[2025-12-04 14:40:00] Converted to 130 bitstring edges
[2025-12-04 14:40:00] Computing Matchings Dynamic walk
[2025-12-04 14:40:00] Matchings - CX: 357.0, U3: 351.0, Depth: 472.0
[2025-12-04 14:40:00] Computing Pauli decomposition
[2025-12-04 14:40:10] Pauli - CX: 1115.0, U3: 1149.0, Depth: 1709.0
[2025-12-04 14:40:10] Analysis completed in 10.06s - Category: win
[2025-12-04 14:40:10] Successfully processed graph 181 - Category: win - Time: 10.06s
[2025-12-04 14:40:10] 
Processing graph 182/200
[2025-12-04 14:40:10] Graph 182 has 128 nodes and 130 edges
[2025-12-04 14:40:10] Converted to 130 bitstring edges
[2025-12-04 14:40:10] Computing Matchings Dynamic walk
[2025-12-04 14:40:10] Matchings - CX: 1195.0, U3: 1228.0, Depth: 1571.0
[2025-12-04 14:40:10] Computing Pauli decomposition
[2025-12-04 14:40:19] Pauli - CX: 1295.0, U3: 1619.0, Depth: 2063.0
[2025-12-04 14:40:19] Analysis completed in 9.59s - Category: win
[2025-12-04 14:40:19] Successfully processed graph 182 - Category: win - Time: 9.59s
[2025-12-04 14:40:19] 
Processing graph 183/200
[2025-12-04 14:40:19] Graph 183 has 128 nodes and 130 edges
[2025-12-04 14:40:19] Converted to 130 bitstring edges
[2025-12-04 14:40:19] Computing Matchings Dynamic walk
[2025-12-04 14:40:19] Matchings - CX: 886.0, U3: 888.0, Depth: 1154.0
[2025-12-04 14:40:19] Computing Pauli decomposition
[2025-12-04 14:40:29] Pauli - CX: 1238.0, U3: 1327.0, Depth: 1904.0
[2025-12-04 14:40:29] Analysis completed in 9.53s - Category: win
[2025-12-04 14:40:29] Successfully processed graph 183 - Category: win - Time: 9.53s
[2025-12-04 14:40:29] 
Processing graph 184/200
[2025-12-04 14:40:29] Graph 184 has 128 nodes and 130 edges
[2025-12-04 14:40:29] Converted to 130 bitstring edges
[2025-12-04 14:40:29] Computing Matchings Dynamic walk
[2025-12-04 14:40:29] Matchings - CX: 903.0, U3: 922.0, Depth: 1197.0
[2025-12-04 14:40:29] Computing Pauli decomposition
[2025-12-04 14:40:38] Pauli - CX: 1197.0, U3: 1221.0, Depth: 1822.0
[2025-12-04 14:40:38] Analysis completed in 9.58s - Category: win
[2025-12-04 14:40:38] Successfully processed graph 184 - Category: win - Time: 9.58s
[2025-12-04 14:40:38] 
Processing graph 185/200
[2025-12-04 14:40:38] Graph 185 has 128 nodes and 130 edges
[2025-12-04 14:40:38] Converted to 130 bitstring edges
[2025-12-04 14:40:38] Computing Matchings Dynamic walk
[2025-12-04 14:40:38] Matchings - CX: 363.0, U3: 351.0, Depth: 482.0
[2025-12-04 14:40:38] Computing Pauli decomposition
[2025-12-04 14:40:48] Pauli - CX: 1414.0, U3: 1658.0, Depth: 2185.0
[2025-12-04 14:40:48] Analysis completed in 9.63s - Category: win
[2025-12-04 14:40:48] Successfully processed graph 185 - Category: win - Time: 9.63s
[2025-12-04 14:40:48] 
Processing graph 186/200
[2025-12-04 14:40:48] Graph 186 has 128 nodes and 130 edges
[2025-12-04 14:40:48] Converted to 130 bitstring edges
[2025-12-04 14:40:48] Computing Matchings Dynamic walk
[2025-12-04 14:40:48] Matchings - CX: 363.0, U3: 354.0, Depth: 477.0
[2025-12-04 14:40:48] Computing Pauli decomposition
[2025-12-04 14:40:58] Pauli - CX: 1239.0, U3: 1349.0, Depth: 1914.0
[2025-12-04 14:40:58] Analysis completed in 9.65s - Category: win
[2025-12-04 14:40:58] Successfully processed graph 186 - Category: win - Time: 9.65s
[2025-12-04 14:40:58] 
Processing graph 187/200
[2025-12-04 14:40:58] Graph 187 has 128 nodes and 130 edges
[2025-12-04 14:40:58] Converted to 130 bitstring edges
[2025-12-04 14:40:58] Computing Matchings Dynamic walk
[2025-12-04 14:40:58] Matchings - CX: 1047.0, U3: 1066.0, Depth: 1391.0
[2025-12-04 14:40:58] Computing Pauli decomposition
[2025-12-04 14:41:08] Pauli - CX: 1075.0, U3: 1388.0, Depth: 1731.0
[2025-12-04 14:41:08] Analysis completed in 9.95s - Category: win
[2025-12-04 14:41:08] Successfully processed graph 187 - Category: win - Time: 9.95s
[2025-12-04 14:41:08] 
Processing graph 188/200
[2025-12-04 14:41:08] Graph 188 has 128 nodes and 130 edges
[2025-12-04 14:41:08] Converted to 130 bitstring edges
[2025-12-04 14:41:08] Computing Matchings Dynamic walk
[2025-12-04 14:41:08] Matchings - CX: 1230.0, U3: 1244.0, Depth: 1628.0
[2025-12-04 14:41:08] Computing Pauli decomposition
[2025-12-04 14:41:17] Pauli - CX: 967.0, U3: 1183.0, Depth: 1509.0
[2025-12-04 14:41:17] Analysis completed in 9.64s - Category: lose
[2025-12-04 14:41:17] Successfully processed graph 188 - Category: lose - Time: 9.64s
[2025-12-04 14:41:17] 
Processing graph 189/200
[2025-12-04 14:41:17] Graph 189 has 128 nodes and 131 edges
[2025-12-04 14:41:17] Converted to 131 bitstring edges
[2025-12-04 14:41:17] Computing Matchings Dynamic walk
[2025-12-04 14:41:17] Matchings - CX: 1076.0, U3: 1090.0, Depth: 1436.0
[2025-12-04 14:41:17] Computing Pauli decomposition
[2025-12-04 14:41:27] Pauli - CX: 1373.0, U3: 1688.0, Depth: 2174.0
[2025-12-04 14:41:27] Analysis completed in 10.15s - Category: win
[2025-12-04 14:41:27] Successfully processed graph 189 - Category: win - Time: 10.15s
[2025-12-04 14:41:27] 
Processing graph 190/200
[2025-12-04 14:41:27] Graph 190 has 128 nodes and 131 edges
[2025-12-04 14:41:27] Converted to 131 bitstring edges
[2025-12-04 14:41:27] Computing Matchings Dynamic walk
[2025-12-04 14:41:27] Matchings - CX: 823.0, U3: 815.0, Depth: 1081.0
[2025-12-04 14:41:27] Computing Pauli decomposition
[2025-12-04 14:41:37] Pauli - CX: 1456.0, U3: 1793.0, Depth: 2318.0
[2025-12-04 14:41:37] Analysis completed in 9.39s - Category: win
[2025-12-04 14:41:37] Successfully processed graph 190 - Category: win - Time: 9.39s
[2025-12-04 14:41:37] 
Processing graph 191/200
[2025-12-04 14:41:37] Graph 191 has 128 nodes and 131 edges
[2025-12-04 14:41:37] Converted to 131 bitstring edges
[2025-12-04 14:41:37] Computing Matchings Dynamic walk
[2025-12-04 14:41:37] Matchings - CX: 914.0, U3: 920.0, Depth: 1211.0
[2025-12-04 14:41:37] Computing Pauli decomposition
[2025-12-04 14:41:47] Pauli - CX: 1465.0, U3: 1834.0, Depth: 2338.0
[2025-12-04 14:41:47] Analysis completed in 9.84s - Category: win
[2025-12-04 14:41:47] Successfully processed graph 191 - Category: win - Time: 9.84s
[2025-12-04 14:41:47] 
Processing graph 192/200
[2025-12-04 14:41:47] Graph 192 has 128 nodes and 131 edges
[2025-12-04 14:41:47] Converted to 131 bitstring edges
[2025-12-04 14:41:47] Computing Matchings Dynamic walk
[2025-12-04 14:41:47] Matchings - CX: 415.0, U3: 406.0, Depth: 545.0
[2025-12-04 14:41:47] Computing Pauli decomposition
[2025-12-04 14:41:56] Pauli - CX: 1325.0, U3: 1326.0, Depth: 2029.0
[2025-12-04 14:41:56] Analysis completed in 9.61s - Category: win
[2025-12-04 14:41:56] Successfully processed graph 192 - Category: win - Time: 9.61s
[2025-12-04 14:41:56] 
Processing graph 193/200
[2025-12-04 14:41:56] Graph 193 has 128 nodes and 131 edges
[2025-12-04 14:41:56] Converted to 131 bitstring edges
[2025-12-04 14:41:56] Computing Matchings Dynamic walk
[2025-12-04 14:41:56] Matchings - CX: 417.0, U3: 412.0, Depth: 551.0
[2025-12-04 14:41:56] Computing Pauli decomposition
[2025-12-04 14:42:05] Pauli - CX: 1384.0, U3: 1450.0, Depth: 2121.0
[2025-12-04 14:42:05] Analysis completed in 9.22s - Category: win
[2025-12-04 14:42:05] Successfully processed graph 193 - Category: win - Time: 9.22s
[2025-12-04 14:42:05] 
Processing graph 194/200
[2025-12-04 14:42:05] Graph 194 has 128 nodes and 131 edges
[2025-12-04 14:42:05] Converted to 131 bitstring edges
[2025-12-04 14:42:05] Computing Matchings Dynamic walk
[2025-12-04 14:42:06] Matchings - CX: 423.0, U3: 416.0, Depth: 552.0
[2025-12-04 14:42:06] Computing Pauli decomposition
[2025-12-04 14:42:15] Pauli - CX: 1381.0, U3: 1500.0, Depth: 2137.0
[2025-12-04 14:42:15] Analysis completed in 9.62s - Category: win
[2025-12-04 14:42:15] Successfully processed graph 194 - Category: win - Time: 9.62s
[2025-12-04 14:42:15] 
Processing graph 195/200
[2025-12-04 14:42:15] Graph 195 has 128 nodes and 131 edges
[2025-12-04 14:42:15] Converted to 131 bitstring edges
[2025-12-04 14:42:15] Computing Matchings Dynamic walk
[2025-12-04 14:42:15] Matchings - CX: 1147.0, U3: 1161.0, Depth: 1509.0
[2025-12-04 14:42:15] Computing Pauli decomposition
[2025-12-04 14:42:25] Pauli - CX: 1408.0, U3: 1400.0, Depth: 2135.0
[2025-12-04 14:42:25] Analysis completed in 9.57s - Category: win
[2025-12-04 14:42:25] Successfully processed graph 195 - Category: win - Time: 9.57s
[2025-12-04 14:42:25] 
Processing graph 196/200
[2025-12-04 14:42:25] Graph 196 has 128 nodes and 131 edges
[2025-12-04 14:42:25] Converted to 131 bitstring edges
[2025-12-04 14:42:25] Computing Matchings Dynamic walk
[2025-12-04 14:42:25] Matchings - CX: 1202.0, U3: 1227.0, Depth: 1605.0
[2025-12-04 14:42:25] Computing Pauli decomposition
[2025-12-04 14:42:34] Pauli - CX: 1304.0, U3: 1534.0, Depth: 2076.0
[2025-12-04 14:42:34] Analysis completed in 9.37s - Category: win
[2025-12-04 14:42:34] Successfully processed graph 196 - Category: win - Time: 9.37s
[2025-12-04 14:42:34] 
Processing graph 197/200
[2025-12-04 14:42:34] Graph 197 has 128 nodes and 131 edges
[2025-12-04 14:42:34] Converted to 131 bitstring edges
[2025-12-04 14:42:34] Computing Matchings Dynamic walk
[2025-12-04 14:42:34] Matchings - CX: 417.0, U3: 414.0, Depth: 547.0
[2025-12-04 14:42:34] Computing Pauli decomposition
[2025-12-04 14:42:44] Pauli - CX: 1044.0, U3: 1377.0, Depth: 1720.0
[2025-12-04 14:42:44] Analysis completed in 9.55s - Category: win
[2025-12-04 14:42:44] Successfully processed graph 197 - Category: win - Time: 9.55s
[2025-12-04 14:42:44] 
Processing graph 198/200
[2025-12-04 14:42:44] Graph 198 has 128 nodes and 131 edges
[2025-12-04 14:42:44] Converted to 131 bitstring edges
[2025-12-04 14:42:44] Computing Matchings Dynamic walk
[2025-12-04 14:42:44] Matchings - CX: 421.0, U3: 415.0, Depth: 548.0
[2025-12-04 14:42:44] Computing Pauli decomposition
[2025-12-04 14:42:54] Pauli - CX: 1114.0, U3: 1464.0, Depth: 1842.0
[2025-12-04 14:42:54] Analysis completed in 10.47s - Category: win
[2025-12-04 14:42:54] Successfully processed graph 198 - Category: win - Time: 10.47s
[2025-12-04 14:42:54] 
Processing graph 199/200
[2025-12-04 14:42:54] Graph 199 has 128 nodes and 131 edges
[2025-12-04 14:42:54] Converted to 131 bitstring edges
[2025-12-04 14:42:54] Computing Matchings Dynamic walk
[2025-12-04 14:42:54] Matchings - CX: 790.0, U3: 800.0, Depth: 1054.0
[2025-12-04 14:42:54] Computing Pauli decomposition
[2025-12-04 14:43:04] Pauli - CX: 1346.0, U3: 1664.0, Depth: 2154.0
[2025-12-04 14:43:04] Analysis completed in 10.42s - Category: win
[2025-12-04 14:43:04] Successfully processed graph 199 - Category: win - Time: 10.42s
[2025-12-04 14:43:04] 
Final Results Summary:
[2025-12-04 14:43:04] Total graphs in file: 200
[2025-12-04 14:43:04] Successfully processed: 200
[2025-12-04 14:43:04] Matching algorithm used: automatic (bipartite/greedy)
[2025-12-04 14:43:04] win: 191 (95.5%)
[2025-12-04 14:43:04] lose: 8 (4.0%)
[2025-12-04 14:43:04] draw: 1 (0.5%)
[2025-12-04 14:43:04] Average time per graph: 8.61s
[2025-12-04 14:43:05] Min time per graph: 6.30s
[2025-12-04 14:43:05] Max time per graph: 15.90s
[2025-12-04 14:43:05] Total analysis time: 1722.08s
[2025-12-04 14:43:05] 
Detailed Graph Properties by Category:

[2025-12-04 14:43:05] 
WIN Graphs Statistics:
[2025-12-04 14:43:05] Total graphs processed: 191
[2025-12-04 14:43:05] Edge count - Min: 127, Max: 131, Mean: 129.62
[2025-12-04 14:43:05] Edge density - Min: 0.0156, Max: 0.0161, Mean: 0.0159
[2025-12-04 14:43:05] Bipartite graphs: 34, Non-bipartite graphs: 157
[2025-12-04 14:43:05] Diameter (connected graphs) - Min: 40, Max: 127, Mean: 72.41
[2025-12-04 14:43:05] Clique number - Min: 2, Max: 3, Mean: 2.07
[2025-12-04 14:43:05] Maximum degree - Min: 2, Max: 4, Mean: 3.07
[2025-12-04 14:43:05] Average degree - Min: 1.98, Max: 2.05, Mean: 2.03
[2025-12-04 14:43:05] Clustering coefficient - Min: 0.0000, Max: 0.0130, Mean: 0.0009
[2025-12-04 14:43:05] Estimated group size - Min: 32, Max: 32, Mean: 32.00
[2025-12-04 14:43:05] Estimated orbit count - Min: 2, Max: 4, Mean: 3.07
[2025-12-04 14:43:05] 
LOSE Graphs Statistics:
[2025-12-04 14:43:05] Total graphs processed: 8
[2025-12-04 14:43:05] Edge count - Min: 128, Max: 130, Mean: 129.62
[2025-12-04 14:43:05] Edge density - Min: 0.0157, Max: 0.0160, Mean: 0.0159
[2025-12-04 14:43:05] Bipartite graphs: 1, Non-bipartite graphs: 7
[2025-12-04 14:43:05] Diameter (connected graphs) - Min: 45, Max: 83, Mean: 58.38
[2025-12-04 14:43:05] Clique number - Min: 2, Max: 2, Mean: 2.00
[2025-12-04 14:43:05] Maximum degree - Min: 3, Max: 4, Mean: 3.12
[2025-12-04 14:43:05] Average degree - Min: 2.00, Max: 2.03, Mean: 2.03
[2025-12-04 14:43:05] Clustering coefficient - Min: 0.0000, Max: 0.0000, Mean: 0.0000
[2025-12-04 14:43:05] Estimated group size - Min: 32, Max: 32, Mean: 32.00
[2025-12-04 14:43:05] Estimated orbit count - Min: 3, Max: 4, Mean: 3.12
[2025-12-04 14:43:05] 
DRAW Graphs Statistics:
[2025-12-04 14:43:05] Total graphs processed: 1
[2025-12-04 14:43:05] Edge count - Min: 130, Max: 130, Mean: 130.00
[2025-12-04 14:43:05] Edge density - Min: 0.0160, Max: 0.0160, Mean: 0.0160
[2025-12-04 14:43:05] Bipartite graphs: 1, Non-bipartite graphs: 0
[2025-12-04 14:43:05] Diameter (connected graphs) - Min: 46, Max: 46, Mean: 46.00
[2025-12-04 14:43:05] Clique number - Min: 2, Max: 2, Mean: 2.00
[2025-12-04 14:43:05] Maximum degree - Min: 3, Max: 3, Mean: 3.00
[2025-12-04 14:43:05] Average degree - Min: 2.03, Max: 2.03, Mean: 2.03
[2025-12-04 14:43:05] Clustering coefficient - Min: 0.0000, Max: 0.0000, Mean: 0.0000
[2025-12-04 14:43:05] Estimated group size - Min: 32, Max: 32, Mean: 32.00
[2025-12-04 14:43:05] Estimated orbit count - Min: 3, Max: 3, Mean: 3.00
[2025-12-04 14:43:05] 
Average Gate Counts by Category:
[2025-12-04 14:43:05] win_matching_cx: 617.54
[2025-12-04 14:43:05] win_matching_u3: 619.49
[2025-12-04 14:43:05] win_pauli_cx: 1122.39
[2025-12-04 14:43:05] win_pauli_u3: 1287.40
[2025-12-04 14:43:05] win_matching_depth: 817.49
[2025-12-04 14:43:05] win_pauli_depth: 1751.95
[2025-12-04 14:43:05] win_analysis_time: 8.59
[2025-12-04 14:43:05] win_graph_edge_count: 129.62
[2025-12-04 14:43:05] win_graph_edge_density: 0.02
[2025-12-04 14:43:05] win_graph_is_bipartite: 0.18
[2025-12-04 14:43:05] win_graph_diameter: 72.41
[2025-12-04 14:43:05] win_graph_clique_number: 2.07
[2025-12-04 14:43:05] win_graph_max_degree: 3.07
[2025-12-04 14:43:05] win_graph_avg_degree: 2.03
[2025-12-04 14:43:05] win_graph_avg_clustering: 0.00
[2025-12-04 14:43:05] win_graph_estimated_group_size: 32.00
[2025-12-04 14:43:05] win_graph_estimated_orbit_count: 3.07
[2025-12-04 14:43:05] lose_matching_cx: 1067.38
[2025-12-04 14:43:05] lose_matching_u3: 1080.50
[2025-12-04 14:43:05] lose_pauli_cx: 969.25
[2025-12-04 14:43:05] lose_pauli_u3: 1200.12
[2025-12-04 14:43:05] lose_matching_depth: 1409.12
[2025-12-04 14:43:05] lose_pauli_depth: 1551.00
[2025-12-04 14:43:05] lose_analysis_time: 9.35
[2025-12-04 14:43:05] lose_graph_edge_count: 129.62
[2025-12-04 14:43:05] lose_graph_edge_density: 0.02
[2025-12-04 14:43:05] lose_graph_is_bipartite: 0.12
[2025-12-04 14:43:05] lose_graph_diameter: 58.38
[2025-12-04 14:43:05] lose_graph_clique_number: 2.00
[2025-12-04 14:43:05] lose_graph_max_degree: 3.12
[2025-12-04 14:43:05] lose_graph_avg_degree: 2.03
[2025-12-04 14:43:05] lose_graph_avg_clustering: 0.00
[2025-12-04 14:43:05] lose_graph_estimated_group_size: 32.00
[2025-12-04 14:43:05] lose_graph_estimated_orbit_count: 3.12
[2025-12-04 14:43:05] draw_matching_cx: 1359.00
[2025-12-04 14:43:05] draw_matching_u3: 1387.00
[2025-12-04 14:43:05] draw_pauli_cx: 1359.00
[2025-12-04 14:43:05] draw_pauli_u3: 1231.00
[2025-12-04 14:43:05] draw_matching_depth: 1791.00
[2025-12-04 14:43:05] draw_pauli_depth: 1985.00
[2025-12-04 14:43:05] draw_analysis_time: 7.27
[2025-12-04 14:43:05] draw_graph_edge_count: 130.00
[2025-12-04 14:43:05] draw_graph_edge_density: 0.02
[2025-12-04 14:43:05] draw_graph_is_bipartite: 1.00
[2025-12-04 14:43:05] draw_graph_diameter: 46.00
[2025-12-04 14:43:05] draw_graph_clique_number: 2.00
[2025-12-04 14:43:05] draw_graph_max_degree: 3.00
[2025-12-04 14:43:05] draw_graph_avg_degree: 2.03
[2025-12-04 14:43:05] draw_graph_avg_clustering: 0.00
[2025-12-04 14:43:05] draw_graph_estimated_group_size: 32.00
[2025-12-04 14:43:05] draw_graph_estimated_orbit_count: 3.00
[2025-12-04 14:43:05] config_n_qubits: 7.00
[2025-12-04 14:43:05] config_n_vertices: 128.00
[2025-12-04 14:43:05] config_delta_t: 0.10
[2025-12-04 14:43:05] config_matchings: automatic
[2025-12-04 14:43:05] config_graph_type: counting
[2025-12-04 14:43:05] config_n_steps: 1.00
[2025-12-04 14:43:05] timing_avg_per_graph: 8.61
[2025-12-04 14:43:05] timing_min_per_graph: 6.30
[2025-12-04 14:43:05] timing_max_per_graph: 15.90
[2025-12-04 14:43:05] timing_total_analysis: 1722.08
[2025-12-04 14:43:05] ======================================================================
======================================================================

