[2025-12-03 22:01:42] 

Starting analysis with:
[2025-12-03 22:01:42] Script location: F:\UTK\Research\DOE_FOA_project\code\dyn-CTQW\analysis
[2025-12-03 22:01:42] Number of qubits: 6
[2025-12-03 22:01:42] Number of vertices: 64
[2025-12-03 22:01:42] Delta t: 0.1
[2025-12-03 22:01:42] Matching algorithm: automatic (bipartite/greedy)
[2025-12-03 22:01:42] Graph type: sparse_disconnected
[2025-12-03 22:01:42] Input file: analysis\graphs\200graph_sparse_disconnected_64v.g6
[2025-12-03 22:01:42] Output directory: F:\UTK\Research\DOE_FOA_project\code\dyn-CTQW\analysis\outputs\matching_vs_pauli\sparse_disconnected_64v\20251203_220142
[2025-12-03 22:01:42] Checkpoint interval: 50
[2025-12-03 22:01:42] Parsed graph info: {'num_graphs': 200, 'size': 'sparse_disconnected', 'vertices': '64', 'type': 'v'}
[2025-12-03 22:01:42] Found 200 graphs in file
[2025-12-03 22:01:42] 
Processing graph 0/200
[2025-12-03 22:01:42] Graph 0 has 64 nodes and 10 edges
[2025-12-03 22:01:42] Converted to 10 bitstring edges
[2025-12-03 22:01:42] Computing Matchings Dynamic walk
[2025-12-03 22:01:43] Matchings - CX: 422.0, U3: 442.0, Depth: 621.0
[2025-12-03 22:01:43] Computing Pauli decomposition
[2025-12-03 22:01:45] Pauli - CX: 795.0, U3: 964.0, Depth: 1286.0
[2025-12-03 22:01:45] Analysis completed in 2.55s - Category: win
[2025-12-03 22:01:45] Successfully processed graph 0 - Category: win - Time: 2.55s
[2025-12-03 22:01:45] 
Processing graph 1/200
[2025-12-03 22:01:45] Graph 1 has 64 nodes and 4 edges
[2025-12-03 22:01:45] Converted to 4 bitstring edges
[2025-12-03 22:01:45] Computing Matchings Dynamic walk
[2025-12-03 22:01:45] Matchings - CX: 106.0, U3: 119.0, Depth: 159.0
[2025-12-03 22:01:45] Computing Pauli decomposition
[2025-12-03 22:01:47] Pauli - CX: 163.0, U3: 209.0, Depth: 276.0
[2025-12-03 22:01:47] Analysis completed in 1.86s - Category: win
[2025-12-03 22:01:47] Successfully processed graph 1 - Category: win - Time: 1.86s
[2025-12-03 22:01:47] 
Processing graph 2/200
[2025-12-03 22:01:47] Graph 2 has 64 nodes and 11 edges
[2025-12-03 22:01:47] Converted to 11 bitstring edges
[2025-12-03 22:01:47] Computing Matchings Dynamic walk
[2025-12-03 22:01:47] Matchings - CX: 480.0, U3: 489.0, Depth: 694.0
[2025-12-03 22:01:47] Computing Pauli decomposition
[2025-12-03 22:01:49] Pauli - CX: 1061.0, U3: 1189.0, Depth: 1686.0
[2025-12-03 22:01:49] Analysis completed in 2.02s - Category: win
[2025-12-03 22:01:49] Successfully processed graph 2 - Category: win - Time: 2.02s
[2025-12-03 22:01:49] 
Processing graph 3/200
[2025-12-03 22:01:49] Graph 3 has 64 nodes and 9 edges
[2025-12-03 22:01:49] Converted to 9 bitstring edges
[2025-12-03 22:01:49] Computing Matchings Dynamic walk
[2025-12-03 22:01:49] Matchings - CX: 384.0, U3: 400.0, Depth: 565.0
[2025-12-03 22:01:49] Computing Pauli decomposition
[2025-12-03 22:01:51] Pauli - CX: 709.0, U3: 762.0, Depth: 1129.0
[2025-12-03 22:01:51] Analysis completed in 1.95s - Category: win
[2025-12-03 22:01:51] Successfully processed graph 3 - Category: win - Time: 1.95s
[2025-12-03 22:01:51] 
Processing graph 4/200
[2025-12-03 22:01:51] Graph 4 has 64 nodes and 12 edges
[2025-12-03 22:01:51] Converted to 12 bitstring edges
[2025-12-03 22:01:51] Computing Matchings Dynamic walk
[2025-12-03 22:01:51] Matchings - CX: 520.0, U3: 530.0, Depth: 757.0
[2025-12-03 22:01:51] Computing Pauli decomposition
[2025-12-03 22:01:53] Pauli - CX: 871.0, U3: 1039.0, Depth: 1416.0
[2025-12-03 22:01:53] Analysis completed in 1.98s - Category: win
[2025-12-03 22:01:53] Successfully processed graph 4 - Category: win - Time: 1.98s
[2025-12-03 22:01:53] 
Processing graph 5/200
[2025-12-03 22:01:53] Graph 5 has 64 nodes and 6 edges
[2025-12-03 22:01:53] Converted to 6 bitstring edges
[2025-12-03 22:01:53] Computing Matchings Dynamic walk
[2025-12-03 22:01:53] Matchings - CX: 266.0, U3: 273.0, Depth: 391.0
[2025-12-03 22:01:53] Computing Pauli decomposition
[2025-12-03 22:01:55] Pauli - CX: 531.0, U3: 429.0, Depth: 768.0
[2025-12-03 22:01:55] Analysis completed in 1.75s - Category: win
[2025-12-03 22:01:55] Successfully processed graph 5 - Category: win - Time: 1.75s
[2025-12-03 22:01:55] 
Processing graph 6/200
[2025-12-03 22:01:55] Graph 6 has 64 nodes and 9 edges
[2025-12-03 22:01:55] Converted to 9 bitstring edges
[2025-12-03 22:01:55] Computing Matchings Dynamic walk
[2025-12-03 22:01:55] Matchings - CX: 374.0, U3: 396.0, Depth: 543.0
[2025-12-03 22:01:55] Computing Pauli decomposition
[2025-12-03 22:01:56] Pauli - CX: 561.0, U3: 640.0, Depth: 930.0
[2025-12-03 22:01:56] Analysis completed in 1.80s - Category: win
[2025-12-03 22:01:56] Successfully processed graph 6 - Category: win - Time: 1.80s
[2025-12-03 22:01:56] 
Processing graph 7/200
[2025-12-03 22:01:56] Graph 7 has 64 nodes and 3 edges
[2025-12-03 22:01:56] Converted to 3 bitstring edges
[2025-12-03 22:01:56] Computing Matchings Dynamic walk
[2025-12-03 22:01:56] Matchings - CX: 128.0, U3: 137.0, Depth: 189.0
[2025-12-03 22:01:56] Computing Pauli decomposition
[2025-12-03 22:01:59] Pauli - CX: 247.0, U3: 277.0, Depth: 391.0
[2025-12-03 22:01:59] Analysis completed in 2.34s - Category: win
[2025-12-03 22:01:59] Successfully processed graph 7 - Category: win - Time: 2.34s
[2025-12-03 22:01:59] 
Processing graph 8/200
[2025-12-03 22:01:59] Graph 8 has 64 nodes and 5 edges
[2025-12-03 22:01:59] Converted to 5 bitstring edges
[2025-12-03 22:01:59] Computing Matchings Dynamic walk
[2025-12-03 22:01:59] Matchings - CX: 214.0, U3: 220.0, Depth: 304.0
[2025-12-03 22:01:59] Computing Pauli decomposition
[2025-12-03 22:02:01] Pauli - CX: 508.0, U3: 504.0, Depth: 774.0
[2025-12-03 22:02:01] Analysis completed in 2.08s - Category: win
[2025-12-03 22:02:01] Successfully processed graph 8 - Category: win - Time: 2.08s
[2025-12-03 22:02:01] 
Processing graph 9/200
[2025-12-03 22:02:01] Graph 9 has 64 nodes and 7 edges
[2025-12-03 22:02:01] Converted to 7 bitstring edges
[2025-12-03 22:02:01] Computing Matchings Dynamic walk
[2025-12-03 22:02:01] Matchings - CX: 310.0, U3: 311.0, Depth: 441.0
[2025-12-03 22:02:01] Computing Pauli decomposition
[2025-12-03 22:02:03] Pauli - CX: 542.0, U3: 585.0, Depth: 849.0
[2025-12-03 22:02:03] Analysis completed in 2.12s - Category: win
[2025-12-03 22:02:03] Successfully processed graph 9 - Category: win - Time: 2.12s
[2025-12-03 22:02:03] 
Processing graph 10/200
[2025-12-03 22:02:03] Graph 10 has 64 nodes and 12 edges
[2025-12-03 22:02:03] Converted to 12 bitstring edges
[2025-12-03 22:02:03] Computing Matchings Dynamic walk
[2025-12-03 22:02:03] Matchings - CX: 514.0, U3: 536.0, Depth: 758.0
[2025-12-03 22:02:03] Computing Pauli decomposition
[2025-12-03 22:02:05] Pauli - CX: 779.0, U3: 748.0, Depth: 1192.0
[2025-12-03 22:02:05] Analysis completed in 2.02s - Category: win
[2025-12-03 22:02:05] Successfully processed graph 10 - Category: win - Time: 2.02s
[2025-12-03 22:02:05] 
Processing graph 11/200
[2025-12-03 22:02:05] Graph 11 has 64 nodes and 10 edges
[2025-12-03 22:02:05] Converted to 10 bitstring edges
[2025-12-03 22:02:05] Computing Matchings Dynamic walk
[2025-12-03 22:02:05] Matchings - CX: 426.0, U3: 447.0, Depth: 614.0
[2025-12-03 22:02:05] Computing Pauli decomposition
[2025-12-03 22:02:07] Pauli - CX: 881.0, U3: 944.0, Depth: 1351.0
[2025-12-03 22:02:07] Analysis completed in 2.48s - Category: win
[2025-12-03 22:02:07] Successfully processed graph 11 - Category: win - Time: 2.48s
[2025-12-03 22:02:07] 
Processing graph 12/200
[2025-12-03 22:02:07] Graph 12 has 64 nodes and 10 edges
[2025-12-03 22:02:07] Converted to 10 bitstring edges
[2025-12-03 22:02:07] Computing Matchings Dynamic walk
[2025-12-03 22:02:08] Matchings - CX: 424.0, U3: 446.0, Depth: 598.0
[2025-12-03 22:02:08] Computing Pauli decomposition
[2025-12-03 22:02:09] Pauli - CX: 627.0, U3: 694.0, Depth: 1000.0
[2025-12-03 22:02:09] Analysis completed in 1.96s - Category: win
[2025-12-03 22:02:09] Successfully processed graph 12 - Category: win - Time: 1.96s
[2025-12-03 22:02:09] 
Processing graph 13/200
[2025-12-03 22:02:09] Graph 13 has 64 nodes and 12 edges
[2025-12-03 22:02:09] Converted to 12 bitstring edges
[2025-12-03 22:02:09] Computing Matchings Dynamic walk
[2025-12-03 22:02:09] Matchings - CX: 506.0, U3: 527.0, Depth: 739.0
[2025-12-03 22:02:09] Computing Pauli decomposition
[2025-12-03 22:02:11] Pauli - CX: 823.0, U3: 920.0, Depth: 1350.0
[2025-12-03 22:02:11] Analysis completed in 2.06s - Category: win
[2025-12-03 22:02:11] Successfully processed graph 13 - Category: win - Time: 2.06s
[2025-12-03 22:02:11] 
Processing graph 14/200
[2025-12-03 22:02:11] Graph 14 has 64 nodes and 10 edges
[2025-12-03 22:02:11] Converted to 10 bitstring edges
[2025-12-03 22:02:11] Computing Matchings Dynamic walk
[2025-12-03 22:02:12] Matchings - CX: 420.0, U3: 443.0, Depth: 619.0
[2025-12-03 22:02:12] Computing Pauli decomposition
[2025-12-03 22:02:14] Pauli - CX: 579.0, U3: 814.0, Depth: 997.0
[2025-12-03 22:02:14] Analysis completed in 2.03s - Category: win
[2025-12-03 22:02:14] Successfully processed graph 14 - Category: win - Time: 2.03s
[2025-12-03 22:02:14] 
Processing graph 15/200
[2025-12-03 22:02:14] Graph 15 has 64 nodes and 8 edges
[2025-12-03 22:02:14] Converted to 8 bitstring edges
[2025-12-03 22:02:14] Computing Matchings Dynamic walk
[2025-12-03 22:02:14] Matchings - CX: 340.0, U3: 356.0, Depth: 503.0
[2025-12-03 22:02:14] Computing Pauli decomposition
[2025-12-03 22:02:15] Pauli - CX: 547.0, U3: 626.0, Depth: 873.0
[2025-12-03 22:02:15] Analysis completed in 1.96s - Category: win
[2025-12-03 22:02:15] Successfully processed graph 15 - Category: win - Time: 1.96s
[2025-12-03 22:02:15] 
Processing graph 16/200
[2025-12-03 22:02:15] Graph 16 has 64 nodes and 12 edges
[2025-12-03 22:02:15] Converted to 12 bitstring edges
[2025-12-03 22:02:15] Computing Matchings Dynamic walk
[2025-12-03 22:02:16] Matchings - CX: 524.0, U3: 540.0, Depth: 755.0
[2025-12-03 22:02:16] Computing Pauli decomposition
[2025-12-03 22:02:17] Pauli - CX: 1008.0, U3: 1122.0, Depth: 1598.0
[2025-12-03 22:02:17] Analysis completed in 1.90s - Category: win
[2025-12-03 22:02:17] Successfully processed graph 16 - Category: win - Time: 1.90s
[2025-12-03 22:02:17] 
Processing graph 17/200
[2025-12-03 22:02:17] Graph 17 has 64 nodes and 11 edges
[2025-12-03 22:02:17] Converted to 11 bitstring edges
[2025-12-03 22:02:17] Computing Matchings Dynamic walk
[2025-12-03 22:02:17] Matchings - CX: 466.0, U3: 492.0, Depth: 681.0
[2025-12-03 22:02:17] Computing Pauli decomposition
[2025-12-03 22:02:19] Pauli - CX: 915.0, U3: 865.0, Depth: 1416.0
[2025-12-03 22:02:19] Analysis completed in 1.87s - Category: win
[2025-12-03 22:02:19] Successfully processed graph 17 - Category: win - Time: 1.87s
[2025-12-03 22:02:19] 
Processing graph 18/200
[2025-12-03 22:02:19] Graph 18 has 64 nodes and 4 edges
[2025-12-03 22:02:19] Converted to 4 bitstring edges
[2025-12-03 22:02:19] Computing Matchings Dynamic walk
[2025-12-03 22:02:19] Matchings - CX: 160.0, U3: 174.0, Depth: 238.0
[2025-12-03 22:02:19] Computing Pauli decomposition
[2025-12-03 22:02:21] Pauli - CX: 284.0, U3: 341.0, Depth: 469.0
[2025-12-03 22:02:21] Analysis completed in 1.81s - Category: win
[2025-12-03 22:02:21] Successfully processed graph 18 - Category: win - Time: 1.81s
[2025-12-03 22:02:21] 
Processing graph 19/200
[2025-12-03 22:02:21] Graph 19 has 64 nodes and 8 edges
[2025-12-03 22:02:21] Converted to 8 bitstring edges
[2025-12-03 22:02:21] Computing Matchings Dynamic walk
[2025-12-03 22:02:21] Matchings - CX: 342.0, U3: 350.0, Depth: 497.0
[2025-12-03 22:02:21] Computing Pauli decomposition
[2025-12-03 22:02:23] Pauli - CX: 676.0, U3: 739.0, Depth: 1053.0
[2025-12-03 22:02:23] Analysis completed in 1.95s - Category: win
[2025-12-03 22:02:23] Successfully processed graph 19 - Category: win - Time: 1.95s
[2025-12-03 22:02:23] 
Processing graph 20/200
[2025-12-03 22:02:23] Graph 20 has 64 nodes and 11 edges
[2025-12-03 22:02:23] Converted to 11 bitstring edges
[2025-12-03 22:02:23] Computing Matchings Dynamic walk
[2025-12-03 22:02:23] Matchings - CX: 472.0, U3: 494.0, Depth: 682.0
[2025-12-03 22:02:23] Computing Pauli decomposition
[2025-12-03 22:02:25] Pauli - CX: 780.0, U3: 894.0, Depth: 1267.0
[2025-12-03 22:02:25] Analysis completed in 1.92s - Category: win
[2025-12-03 22:02:25] Successfully processed graph 20 - Category: win - Time: 1.92s
[2025-12-03 22:02:25] 
Processing graph 21/200
[2025-12-03 22:02:25] Graph 21 has 64 nodes and 12 edges
[2025-12-03 22:02:25] Converted to 12 bitstring edges
[2025-12-03 22:02:25] Computing Matchings Dynamic walk
[2025-12-03 22:02:25] Matchings - CX: 510.0, U3: 535.0, Depth: 748.0
[2025-12-03 22:02:25] Computing Pauli decomposition
[2025-12-03 22:02:27] Pauli - CX: 769.0, U3: 969.0, Depth: 1293.0
[2025-12-03 22:02:27] Analysis completed in 1.85s - Category: win
[2025-12-03 22:02:27] Successfully processed graph 21 - Category: win - Time: 1.85s
[2025-12-03 22:02:27] 
Processing graph 22/200
[2025-12-03 22:02:27] Graph 22 has 64 nodes and 7 edges
[2025-12-03 22:02:27] Converted to 7 bitstring edges
[2025-12-03 22:02:27] Computing Matchings Dynamic walk
[2025-12-03 22:02:27] Matchings - CX: 296.0, U3: 313.0, Depth: 439.0
[2025-12-03 22:02:27] Computing Pauli decomposition
[2025-12-03 22:02:29] Pauli - CX: 586.0, U3: 654.0, Depth: 938.0
[2025-12-03 22:02:29] Analysis completed in 1.89s - Category: win
[2025-12-03 22:02:29] Successfully processed graph 22 - Category: win - Time: 1.89s
[2025-12-03 22:02:29] 
Processing graph 23/200
[2025-12-03 22:02:29] Graph 23 has 64 nodes and 3 edges
[2025-12-03 22:02:29] Converted to 3 bitstring edges
[2025-12-03 22:02:29] Computing Matchings Dynamic walk
[2025-12-03 22:02:29] Matchings - CX: 130.0, U3: 137.0, Depth: 190.0
[2025-12-03 22:02:29] Computing Pauli decomposition
[2025-12-03 22:02:31] Pauli - CX: 287.0, U3: 262.0, Depth: 439.0
[2025-12-03 22:02:31] Analysis completed in 1.87s - Category: win
[2025-12-03 22:02:31] Successfully processed graph 23 - Category: win - Time: 1.87s
[2025-12-03 22:02:31] 
Processing graph 24/200
[2025-12-03 22:02:31] Graph 24 has 64 nodes and 12 edges
[2025-12-03 22:02:31] Converted to 12 bitstring edges
[2025-12-03 22:02:31] Computing Matchings Dynamic walk
[2025-12-03 22:02:31] Matchings - CX: 512.0, U3: 523.0, Depth: 738.0
[2025-12-03 22:02:31] Computing Pauli decomposition
[2025-12-03 22:02:32] Pauli - CX: 674.0, U3: 790.0, Depth: 1107.0
[2025-12-03 22:02:32] Analysis completed in 1.85s - Category: win
[2025-12-03 22:02:32] Successfully processed graph 24 - Category: win - Time: 1.85s
[2025-12-03 22:02:32] 
Processing graph 25/200
[2025-12-03 22:02:32] Graph 25 has 64 nodes and 6 edges
[2025-12-03 22:02:32] Converted to 6 bitstring edges
[2025-12-03 22:02:32] Computing Matchings Dynamic walk
[2025-12-03 22:02:32] Matchings - CX: 254.0, U3: 267.0, Depth: 378.0
[2025-12-03 22:02:32] Computing Pauli decomposition
[2025-12-03 22:02:35] Pauli - CX: 676.0, U3: 503.0, Depth: 967.0
[2025-12-03 22:02:35] Analysis completed in 2.19s - Category: win
[2025-12-03 22:02:35] Successfully processed graph 25 - Category: win - Time: 2.19s
[2025-12-03 22:02:35] 
Processing graph 26/200
[2025-12-03 22:02:35] Graph 26 has 64 nodes and 12 edges
[2025-12-03 22:02:35] Converted to 12 bitstring edges
[2025-12-03 22:02:35] Computing Matchings Dynamic walk
[2025-12-03 22:02:35] Matchings - CX: 500.0, U3: 528.0, Depth: 729.0
[2025-12-03 22:02:35] Computing Pauli decomposition
[2025-12-03 22:02:37] Pauli - CX: 807.0, U3: 857.0, Depth: 1296.0
[2025-12-03 22:02:37] Analysis completed in 2.23s - Category: win
[2025-12-03 22:02:37] Successfully processed graph 26 - Category: win - Time: 2.23s
[2025-12-03 22:02:37] 
Processing graph 27/200
[2025-12-03 22:02:37] Graph 27 has 64 nodes and 11 edges
[2025-12-03 22:02:37] Converted to 11 bitstring edges
[2025-12-03 22:02:37] Computing Matchings Dynamic walk
[2025-12-03 22:02:37] Matchings - CX: 460.0, U3: 491.0, Depth: 674.0
[2025-12-03 22:02:37] Computing Pauli decomposition
[2025-12-03 22:02:39] Pauli - CX: 603.0, U3: 714.0, Depth: 985.0
[2025-12-03 22:02:39] Analysis completed in 2.14s - Category: win
[2025-12-03 22:02:39] Successfully processed graph 27 - Category: win - Time: 2.14s
[2025-12-03 22:02:39] 
Processing graph 28/200
[2025-12-03 22:02:39] Graph 28 has 64 nodes and 5 edges
[2025-12-03 22:02:39] Converted to 5 bitstring edges
[2025-12-03 22:02:39] Computing Matchings Dynamic walk
[2025-12-03 22:02:39] Matchings - CX: 218.0, U3: 229.0, Depth: 319.0
[2025-12-03 22:02:39] Computing Pauli decomposition
[2025-12-03 22:02:41] Pauli - CX: 565.0, U3: 579.0, Depth: 864.0
[2025-12-03 22:02:41] Analysis completed in 1.98s - Category: win
[2025-12-03 22:02:41] Successfully processed graph 28 - Category: win - Time: 1.98s
[2025-12-03 22:02:41] 
Processing graph 29/200
[2025-12-03 22:02:41] Graph 29 has 64 nodes and 10 edges
[2025-12-03 22:02:41] Converted to 10 bitstring edges
[2025-12-03 22:02:41] Computing Matchings Dynamic walk
[2025-12-03 22:02:41] Matchings - CX: 366.0, U3: 381.0, Depth: 535.0
[2025-12-03 22:02:41] Computing Pauli decomposition
[2025-12-03 22:02:43] Pauli - CX: 636.0, U3: 782.0, Depth: 1071.0
[2025-12-03 22:02:43] Analysis completed in 2.32s - Category: win
[2025-12-03 22:02:43] Successfully processed graph 29 - Category: win - Time: 2.32s
[2025-12-03 22:02:43] 
Processing graph 30/200
[2025-12-03 22:02:43] Graph 30 has 64 nodes and 12 edges
[2025-12-03 22:02:43] Converted to 12 bitstring edges
[2025-12-03 22:02:43] Computing Matchings Dynamic walk
[2025-12-03 22:02:43] Matchings - CX: 512.0, U3: 526.0, Depth: 744.0
[2025-12-03 22:02:43] Computing Pauli decomposition
[2025-12-03 22:02:45] Pauli - CX: 753.0, U3: 794.0, Depth: 1219.0
[2025-12-03 22:02:45] Analysis completed in 1.97s - Category: win
[2025-12-03 22:02:45] Successfully processed graph 30 - Category: win - Time: 1.97s
[2025-12-03 22:02:45] 
Processing graph 31/200
[2025-12-03 22:02:45] Graph 31 has 64 nodes and 11 edges
[2025-12-03 22:02:45] Converted to 11 bitstring edges
[2025-12-03 22:02:45] Computing Matchings Dynamic walk
[2025-12-03 22:02:45] Matchings - CX: 474.0, U3: 491.0, Depth: 692.0
[2025-12-03 22:02:45] Computing Pauli decomposition
[2025-12-03 22:02:47] Pauli - CX: 780.0, U3: 1057.0, Depth: 1311.0
[2025-12-03 22:02:47] Analysis completed in 2.16s - Category: win
[2025-12-03 22:02:47] Successfully processed graph 31 - Category: win - Time: 2.16s
[2025-12-03 22:02:47] 
Processing graph 32/200
[2025-12-03 22:02:47] Graph 32 has 64 nodes and 11 edges
[2025-12-03 22:02:47] Converted to 11 bitstring edges
[2025-12-03 22:02:47] Computing Matchings Dynamic walk
[2025-12-03 22:02:48] Matchings - CX: 464.0, U3: 489.0, Depth: 652.0
[2025-12-03 22:02:48] Computing Pauli decomposition
[2025-12-03 22:02:49] Pauli - CX: 650.0, U3: 802.0, Depth: 1079.0
[2025-12-03 22:02:49] Analysis completed in 1.97s - Category: win
[2025-12-03 22:02:49] Successfully processed graph 32 - Category: win - Time: 1.97s
[2025-12-03 22:02:49] 
Processing graph 33/200
[2025-12-03 22:02:49] Graph 33 has 64 nodes and 12 edges
[2025-12-03 22:02:49] Converted to 12 bitstring edges
[2025-12-03 22:02:49] Computing Matchings Dynamic walk
[2025-12-03 22:02:49] Matchings - CX: 536.0, U3: 539.0, Depth: 776.0
[2025-12-03 22:02:49] Computing Pauli decomposition
[2025-12-03 22:02:51] Pauli - CX: 1175.0, U3: 1387.0, Depth: 1874.0
[2025-12-03 22:02:51] Analysis completed in 1.97s - Category: win
[2025-12-03 22:02:51] Successfully processed graph 33 - Category: win - Time: 1.97s
[2025-12-03 22:02:51] 
Processing graph 34/200
[2025-12-03 22:02:51] Graph 34 has 64 nodes and 11 edges
[2025-12-03 22:02:51] Converted to 11 bitstring edges
[2025-12-03 22:02:51] Computing Matchings Dynamic walk
[2025-12-03 22:02:51] Matchings - CX: 462.0, U3: 484.0, Depth: 662.0
[2025-12-03 22:02:51] Computing Pauli decomposition
[2025-12-03 22:02:53] Pauli - CX: 888.0, U3: 956.0, Depth: 1410.0
[2025-12-03 22:02:53] Analysis completed in 1.90s - Category: win
[2025-12-03 22:02:53] Successfully processed graph 34 - Category: win - Time: 1.90s
[2025-12-03 22:02:53] 
Processing graph 35/200
[2025-12-03 22:02:53] Graph 35 has 64 nodes and 7 edges
[2025-12-03 22:02:53] Converted to 7 bitstring edges
[2025-12-03 22:02:53] Computing Matchings Dynamic walk
[2025-12-03 22:02:53] Matchings - CX: 296.0, U3: 308.0, Depth: 439.0
[2025-12-03 22:02:53] Computing Pauli decomposition
[2025-12-03 22:02:55] Pauli - CX: 573.0, U3: 630.0, Depth: 929.0
[2025-12-03 22:02:55] Analysis completed in 1.91s - Category: win
[2025-12-03 22:02:55] Successfully processed graph 35 - Category: win - Time: 1.91s
[2025-12-03 22:02:55] 
Processing graph 36/200
[2025-12-03 22:02:55] Graph 36 has 64 nodes and 11 edges
[2025-12-03 22:02:55] Converted to 11 bitstring edges
[2025-12-03 22:02:55] Computing Matchings Dynamic walk
[2025-12-03 22:02:55] Matchings - CX: 398.0, U3: 415.0, Depth: 573.0
[2025-12-03 22:02:55] Computing Pauli decomposition
[2025-12-03 22:02:57] Pauli - CX: 567.0, U3: 664.0, Depth: 958.0
[2025-12-03 22:02:57] Analysis completed in 1.99s - Category: win
[2025-12-03 22:02:57] Successfully processed graph 36 - Category: win - Time: 1.99s
[2025-12-03 22:02:57] 
Processing graph 37/200
[2025-12-03 22:02:57] Graph 37 has 64 nodes and 11 edges
[2025-12-03 22:02:57] Converted to 11 bitstring edges
[2025-12-03 22:02:57] Computing Matchings Dynamic walk
[2025-12-03 22:02:57] Matchings - CX: 466.0, U3: 488.0, Depth: 675.0
[2025-12-03 22:02:57] Computing Pauli decomposition
[2025-12-03 22:02:59] Pauli - CX: 800.0, U3: 865.0, Depth: 1264.0
[2025-12-03 22:02:59] Analysis completed in 2.20s - Category: win
[2025-12-03 22:02:59] Successfully processed graph 37 - Category: win - Time: 2.20s
[2025-12-03 22:02:59] 
Processing graph 38/200
[2025-12-03 22:02:59] Graph 38 has 64 nodes and 12 edges
[2025-12-03 22:02:59] Converted to 12 bitstring edges
[2025-12-03 22:02:59] Computing Matchings Dynamic walk
[2025-12-03 22:02:59] Matchings - CX: 510.0, U3: 532.0, Depth: 741.0
[2025-12-03 22:02:59] Computing Pauli decomposition
[2025-12-03 22:03:01] Pauli - CX: 976.0, U3: 942.0, Depth: 1514.0
[2025-12-03 22:03:01] Analysis completed in 2.07s - Category: win
[2025-12-03 22:03:01] Successfully processed graph 38 - Category: win - Time: 2.07s
[2025-12-03 22:03:01] 
Processing graph 39/200
[2025-12-03 22:03:01] Graph 39 has 64 nodes and 11 edges
[2025-12-03 22:03:01] Converted to 11 bitstring edges
[2025-12-03 22:03:01] Computing Matchings Dynamic walk
[2025-12-03 22:03:02] Matchings - CX: 410.0, U3: 429.0, Depth: 588.0
[2025-12-03 22:03:02] Computing Pauli decomposition
[2025-12-03 22:03:03] Pauli - CX: 668.0, U3: 720.0, Depth: 1040.0
[2025-12-03 22:03:03] Analysis completed in 1.78s - Category: win
[2025-12-03 22:03:03] Successfully processed graph 39 - Category: win - Time: 1.78s
[2025-12-03 22:03:03] 
Processing graph 40/200
[2025-12-03 22:03:03] Graph 40 has 64 nodes and 10 edges
[2025-12-03 22:03:03] Converted to 10 bitstring edges
[2025-12-03 22:03:03] Computing Matchings Dynamic walk
[2025-12-03 22:03:03] Matchings - CX: 364.0, U3: 379.0, Depth: 524.0
[2025-12-03 22:03:03] Computing Pauli decomposition
[2025-12-03 22:03:05] Pauli - CX: 595.0, U3: 582.0, Depth: 917.0
[2025-12-03 22:03:05] Analysis completed in 1.89s - Category: win
[2025-12-03 22:03:05] Successfully processed graph 40 - Category: win - Time: 1.89s
[2025-12-03 22:03:05] 
Processing graph 41/200
[2025-12-03 22:03:05] Graph 41 has 64 nodes and 11 edges
[2025-12-03 22:03:05] Converted to 11 bitstring edges
[2025-12-03 22:03:05] Computing Matchings Dynamic walk
[2025-12-03 22:03:05] Matchings - CX: 462.0, U3: 481.0, Depth: 679.0
[2025-12-03 22:03:05] Computing Pauli decomposition
[2025-12-03 22:03:07] Pauli - CX: 689.0, U3: 948.0, Depth: 1194.0
[2025-12-03 22:03:07] Analysis completed in 1.90s - Category: win
[2025-12-03 22:03:07] Successfully processed graph 41 - Category: win - Time: 1.90s
[2025-12-03 22:03:07] 
Processing graph 42/200
[2025-12-03 22:03:07] Graph 42 has 64 nodes and 9 edges
[2025-12-03 22:03:07] Converted to 9 bitstring edges
[2025-12-03 22:03:07] Computing Matchings Dynamic walk
[2025-12-03 22:03:07] Matchings - CX: 388.0, U3: 402.0, Depth: 567.0
[2025-12-03 22:03:07] Computing Pauli decomposition
[2025-12-03 22:03:09] Pauli - CX: 828.0, U3: 1066.0, Depth: 1366.0
[2025-12-03 22:03:09] Analysis completed in 2.24s - Category: win
[2025-12-03 22:03:09] Successfully processed graph 42 - Category: win - Time: 2.24s
[2025-12-03 22:03:09] 
Processing graph 43/200
[2025-12-03 22:03:09] Graph 43 has 64 nodes and 8 edges
[2025-12-03 22:03:09] Converted to 8 bitstring edges
[2025-12-03 22:03:09] Computing Matchings Dynamic walk
[2025-12-03 22:03:09] Matchings - CX: 334.0, U3: 354.0, Depth: 491.0
[2025-12-03 22:03:09] Computing Pauli decomposition
[2025-12-03 22:03:12] Pauli - CX: 526.0, U3: 510.0, Depth: 832.0
[2025-12-03 22:03:12] Analysis completed in 2.28s - Category: win
[2025-12-03 22:03:12] Successfully processed graph 43 - Category: win - Time: 2.28s
[2025-12-03 22:03:12] 
Processing graph 44/200
[2025-12-03 22:03:12] Graph 44 has 64 nodes and 11 edges
[2025-12-03 22:03:12] Converted to 11 bitstring edges
[2025-12-03 22:03:12] Computing Matchings Dynamic walk
[2025-12-03 22:03:12] Matchings - CX: 474.0, U3: 495.0, Depth: 690.0
[2025-12-03 22:03:12] Computing Pauli decomposition
[2025-12-03 22:03:14] Pauli - CX: 658.0, U3: 893.0, Depth: 1110.0
[2025-12-03 22:03:14] Analysis completed in 2.09s - Category: win
[2025-12-03 22:03:14] Successfully processed graph 44 - Category: win - Time: 2.09s
[2025-12-03 22:03:14] 
Processing graph 45/200
[2025-12-03 22:03:14] Graph 45 has 64 nodes and 9 edges
[2025-12-03 22:03:14] Converted to 9 bitstring edges
[2025-12-03 22:03:14] Computing Matchings Dynamic walk
[2025-12-03 22:03:14] Matchings - CX: 388.0, U3: 401.0, Depth: 561.0
[2025-12-03 22:03:14] Computing Pauli decomposition
[2025-12-03 22:03:16] Pauli - CX: 845.0, U3: 753.0, Depth: 1288.0
[2025-12-03 22:03:16] Analysis completed in 2.12s - Category: win
[2025-12-03 22:03:16] Successfully processed graph 45 - Category: win - Time: 2.12s
[2025-12-03 22:03:16] 
Processing graph 46/200
[2025-12-03 22:03:16] Graph 46 has 64 nodes and 8 edges
[2025-12-03 22:03:16] Converted to 8 bitstring edges
[2025-12-03 22:03:16] Computing Matchings Dynamic walk
[2025-12-03 22:03:16] Matchings - CX: 274.0, U3: 293.0, Depth: 401.0
[2025-12-03 22:03:16] Computing Pauli decomposition
[2025-12-03 22:03:18] Pauli - CX: 397.0, U3: 378.0, Depth: 587.0
[2025-12-03 22:03:18] Analysis completed in 1.87s - Category: win
[2025-12-03 22:03:18] Successfully processed graph 46 - Category: win - Time: 1.87s
[2025-12-03 22:03:18] 
Processing graph 47/200
[2025-12-03 22:03:18] Graph 47 has 64 nodes and 9 edges
[2025-12-03 22:03:18] Converted to 9 bitstring edges
[2025-12-03 22:03:18] Computing Matchings Dynamic walk
[2025-12-03 22:03:18] Matchings - CX: 376.0, U3: 401.0, Depth: 550.0
[2025-12-03 22:03:18] Computing Pauli decomposition
[2025-12-03 22:03:20] Pauli - CX: 564.0, U3: 701.0, Depth: 926.0
[2025-12-03 22:03:20] Analysis completed in 2.37s - Category: win
[2025-12-03 22:03:20] Successfully processed graph 47 - Category: win - Time: 2.37s
[2025-12-03 22:03:20] 
Processing graph 48/200
[2025-12-03 22:03:20] Graph 48 has 64 nodes and 11 edges
[2025-12-03 22:03:20] Converted to 11 bitstring edges
[2025-12-03 22:03:20] Computing Matchings Dynamic walk
[2025-12-03 22:03:20] Matchings - CX: 472.0, U3: 497.0, Depth: 685.0
[2025-12-03 22:03:20] Computing Pauli decomposition
[2025-12-03 22:03:22] Pauli - CX: 917.0, U3: 989.0, Depth: 1483.0
[2025-12-03 22:03:22] Analysis completed in 2.32s - Category: win
[2025-12-03 22:03:22] Successfully processed graph 48 - Category: win - Time: 2.32s
[2025-12-03 22:03:22] 
Processing graph 49/200
[2025-12-03 22:03:22] Graph 49 has 64 nodes and 10 edges
[2025-12-03 22:03:22] Converted to 10 bitstring edges
[2025-12-03 22:03:22] Computing Matchings Dynamic walk
[2025-12-03 22:03:22] Matchings - CX: 430.0, U3: 437.0, Depth: 629.0
[2025-12-03 22:03:22] Computing Pauli decomposition
[2025-12-03 22:03:24] Pauli - CX: 796.0, U3: 860.0, Depth: 1266.0
[2025-12-03 22:03:24] Analysis completed in 1.87s - Category: win
[2025-12-03 22:03:24] Successfully processed graph 49 - Category: win - Time: 1.87s
[2025-12-03 22:03:24] 
Processing graph 50/200
[2025-12-03 22:03:24] Graph 50 has 64 nodes and 9 edges
[2025-12-03 22:03:24] Converted to 9 bitstring edges
[2025-12-03 22:03:24] Computing Matchings Dynamic walk
[2025-12-03 22:03:24] Matchings - CX: 388.0, U3: 401.0, Depth: 570.0
[2025-12-03 22:03:24] Computing Pauli decomposition
[2025-12-03 22:03:26] Pauli - CX: 637.0, U3: 756.0, Depth: 1045.0
[2025-12-03 22:03:26] Analysis completed in 1.98s - Category: win
[2025-12-03 22:03:26] Successfully processed graph 50 - Category: win - Time: 1.98s
[2025-12-03 22:03:26] 
Processing graph 51/200
[2025-12-03 22:03:26] Graph 51 has 64 nodes and 7 edges
[2025-12-03 22:03:26] Converted to 7 bitstring edges
[2025-12-03 22:03:26] Computing Matchings Dynamic walk
[2025-12-03 22:03:26] Matchings - CX: 298.0, U3: 315.0, Depth: 442.0
[2025-12-03 22:03:26] Computing Pauli decomposition
[2025-12-03 22:03:28] Pauli - CX: 602.0, U3: 700.0, Depth: 978.0
[2025-12-03 22:03:28] Analysis completed in 2.13s - Category: win
[2025-12-03 22:03:28] Successfully processed graph 51 - Category: win - Time: 2.13s
[2025-12-03 22:03:28] 
Processing graph 52/200
[2025-12-03 22:03:28] Graph 52 has 64 nodes and 6 edges
[2025-12-03 22:03:28] Converted to 6 bitstring edges
[2025-12-03 22:03:28] Computing Matchings Dynamic walk
[2025-12-03 22:03:28] Matchings - CX: 252.0, U3: 268.0, Depth: 370.0
[2025-12-03 22:03:28] Computing Pauli decomposition
[2025-12-03 22:03:31] Pauli - CX: 579.0, U3: 728.0, Depth: 941.0
[2025-12-03 22:03:31] Analysis completed in 2.80s - Category: win
[2025-12-03 22:03:31] Successfully processed graph 52 - Category: win - Time: 2.80s
[2025-12-03 22:03:31] 
Processing graph 53/200
[2025-12-03 22:03:31] Graph 53 has 64 nodes and 8 edges
[2025-12-03 22:03:31] Converted to 8 bitstring edges
[2025-12-03 22:03:31] Computing Matchings Dynamic walk
[2025-12-03 22:03:31] Matchings - CX: 342.0, U3: 354.0, Depth: 505.0
[2025-12-03 22:03:31] Computing Pauli decomposition
[2025-12-03 22:03:34] Pauli - CX: 684.0, U3: 777.0, Depth: 1098.0
[2025-12-03 22:03:34] Analysis completed in 2.34s - Category: win
[2025-12-03 22:03:34] Successfully processed graph 53 - Category: win - Time: 2.34s
[2025-12-03 22:03:34] 
Processing graph 54/200
[2025-12-03 22:03:34] Graph 54 has 64 nodes and 12 edges
[2025-12-03 22:03:34] Converted to 12 bitstring edges
[2025-12-03 22:03:34] Computing Matchings Dynamic walk
[2025-12-03 22:03:34] Matchings - CX: 512.0, U3: 543.0, Depth: 742.0
[2025-12-03 22:03:34] Computing Pauli decomposition
[2025-12-03 22:03:36] Pauli - CX: 722.0, U3: 862.0, Depth: 1177.0
[2025-12-03 22:03:36] Analysis completed in 2.87s - Category: win
[2025-12-03 22:03:36] Successfully processed graph 54 - Category: win - Time: 2.87s
[2025-12-03 22:03:36] 
Processing graph 55/200
[2025-12-03 22:03:36] Graph 55 has 64 nodes and 7 edges
[2025-12-03 22:03:36] Converted to 7 bitstring edges
[2025-12-03 22:03:36] Computing Matchings Dynamic walk
[2025-12-03 22:03:36] Matchings - CX: 308.0, U3: 309.0, Depth: 444.0
[2025-12-03 22:03:36] Computing Pauli decomposition
[2025-12-03 22:03:39] Pauli - CX: 660.0, U3: 723.0, Depth: 1049.0
[2025-12-03 22:03:39] Analysis completed in 2.76s - Category: win
[2025-12-03 22:03:39] Successfully processed graph 55 - Category: win - Time: 2.76s
[2025-12-03 22:03:39] 
Processing graph 56/200
[2025-12-03 22:03:39] Graph 56 has 64 nodes and 12 edges
[2025-12-03 22:03:39] Converted to 12 bitstring edges
[2025-12-03 22:03:39] Computing Matchings Dynamic walk
[2025-12-03 22:03:39] Matchings - CX: 518.0, U3: 535.0, Depth: 744.0
[2025-12-03 22:03:39] Computing Pauli decomposition
[2025-12-03 22:03:42] Pauli - CX: 923.0, U3: 1120.0, Depth: 1499.0
[2025-12-03 22:03:42] Analysis completed in 3.03s - Category: win
[2025-12-03 22:03:42] Successfully processed graph 56 - Category: win - Time: 3.03s
[2025-12-03 22:03:42] 
Processing graph 57/200
[2025-12-03 22:03:42] Graph 57 has 64 nodes and 7 edges
[2025-12-03 22:03:42] Converted to 7 bitstring edges
[2025-12-03 22:03:42] Computing Matchings Dynamic walk
[2025-12-03 22:03:42] Matchings - CX: 306.0, U3: 315.0, Depth: 441.0
[2025-12-03 22:03:42] Computing Pauli decomposition
[2025-12-03 22:03:45] Pauli - CX: 636.0, U3: 563.0, Depth: 945.0
[2025-12-03 22:03:45] Analysis completed in 3.04s - Category: win
[2025-12-03 22:03:45] Successfully processed graph 57 - Category: win - Time: 3.04s
[2025-12-03 22:03:45] 
Processing graph 58/200
[2025-12-03 22:03:45] Graph 58 has 64 nodes and 7 edges
[2025-12-03 22:03:45] Converted to 7 bitstring edges
[2025-12-03 22:03:45] Computing Matchings Dynamic walk
[2025-12-03 22:03:45] Matchings - CX: 310.0, U3: 313.0, Depth: 449.0
[2025-12-03 22:03:45] Computing Pauli decomposition
[2025-12-03 22:03:48] Pauli - CX: 696.0, U3: 906.0, Depth: 1134.0
[2025-12-03 22:03:48] Analysis completed in 2.54s - Category: win
[2025-12-03 22:03:48] Successfully processed graph 58 - Category: win - Time: 2.54s
[2025-12-03 22:03:48] 
Processing graph 59/200
[2025-12-03 22:03:48] Graph 59 has 64 nodes and 12 edges
[2025-12-03 22:03:48] Converted to 12 bitstring edges
[2025-12-03 22:03:48] Computing Matchings Dynamic walk
[2025-12-03 22:03:48] Matchings - CX: 512.0, U3: 530.0, Depth: 750.0
[2025-12-03 22:03:48] Computing Pauli decomposition
[2025-12-03 22:03:51] Pauli - CX: 779.0, U3: 870.0, Depth: 1252.0
[2025-12-03 22:03:51] Analysis completed in 2.98s - Category: win
[2025-12-03 22:03:51] Successfully processed graph 59 - Category: win - Time: 2.98s
[2025-12-03 22:03:51] 
Processing graph 60/200
[2025-12-03 22:03:51] Graph 60 has 64 nodes and 11 edges
[2025-12-03 22:03:51] Converted to 11 bitstring edges
[2025-12-03 22:03:51] Computing Matchings Dynamic walk
[2025-12-03 22:03:51] Matchings - CX: 470.0, U3: 490.0, Depth: 678.0
[2025-12-03 22:03:51] Computing Pauli decomposition
[2025-12-03 22:03:54] Pauli - CX: 632.0, U3: 684.0, Depth: 1012.0
[2025-12-03 22:03:54] Analysis completed in 2.88s - Category: win
[2025-12-03 22:03:54] Successfully processed graph 60 - Category: win - Time: 2.88s
[2025-12-03 22:03:54] 
Processing graph 61/200
[2025-12-03 22:03:54] Graph 61 has 64 nodes and 12 edges
[2025-12-03 22:03:54] Converted to 12 bitstring edges
[2025-12-03 22:03:54] Computing Matchings Dynamic walk
[2025-12-03 22:03:54] Matchings - CX: 516.0, U3: 536.0, Depth: 757.0
[2025-12-03 22:03:54] Computing Pauli decomposition
[2025-12-03 22:03:57] Pauli - CX: 1155.0, U3: 1445.0, Depth: 1882.0
[2025-12-03 22:03:57] Analysis completed in 2.81s - Category: win
[2025-12-03 22:03:57] Successfully processed graph 61 - Category: win - Time: 2.81s
[2025-12-03 22:03:57] 
Processing graph 62/200
[2025-12-03 22:03:57] Graph 62 has 64 nodes and 10 edges
[2025-12-03 22:03:57] Converted to 10 bitstring edges
[2025-12-03 22:03:57] Computing Matchings Dynamic walk
[2025-12-03 22:03:57] Matchings - CX: 422.0, U3: 444.0, Depth: 603.0
[2025-12-03 22:03:57] Computing Pauli decomposition
[2025-12-03 22:03:59] Pauli - CX: 704.0, U3: 706.0, Depth: 1104.0
[2025-12-03 22:03:59] Analysis completed in 2.46s - Category: win
[2025-12-03 22:03:59] Successfully processed graph 62 - Category: win - Time: 2.46s
[2025-12-03 22:03:59] 
Processing graph 63/200
[2025-12-03 22:03:59] Graph 63 has 64 nodes and 12 edges
[2025-12-03 22:03:59] Converted to 12 bitstring edges
[2025-12-03 22:03:59] Computing Matchings Dynamic walk
[2025-12-03 22:03:59] Matchings - CX: 504.0, U3: 528.0, Depth: 732.0
[2025-12-03 22:03:59] Computing Pauli decomposition
[2025-12-03 22:04:02] Pauli - CX: 700.0, U3: 768.0, Depth: 1138.0
[2025-12-03 22:04:02] Analysis completed in 2.93s - Category: win
[2025-12-03 22:04:02] Successfully processed graph 63 - Category: win - Time: 2.93s
[2025-12-03 22:04:02] 
Processing graph 64/200
[2025-12-03 22:04:02] Graph 64 has 64 nodes and 12 edges
[2025-12-03 22:04:02] Converted to 12 bitstring edges
[2025-12-03 22:04:02] Computing Matchings Dynamic walk
[2025-12-03 22:04:02] Matchings - CX: 516.0, U3: 535.0, Depth: 749.0
[2025-12-03 22:04:02] Computing Pauli decomposition
[2025-12-03 22:04:04] Pauli - CX: 1003.0, U3: 1115.0, Depth: 1610.0
[2025-12-03 22:04:04] Analysis completed in 2.17s - Category: win
[2025-12-03 22:04:04] Successfully processed graph 64 - Category: win - Time: 2.17s
[2025-12-03 22:04:04] 
Processing graph 65/200
[2025-12-03 22:04:04] Graph 65 has 64 nodes and 9 edges
[2025-12-03 22:04:04] Converted to 9 bitstring edges
[2025-12-03 22:04:04] Computing Matchings Dynamic walk
[2025-12-03 22:04:04] Matchings - CX: 384.0, U3: 404.0, Depth: 562.0
[2025-12-03 22:04:04] Computing Pauli decomposition
[2025-12-03 22:04:06] Pauli - CX: 919.0, U3: 902.0, Depth: 1400.0
[2025-12-03 22:04:06] Analysis completed in 2.36s - Category: win
[2025-12-03 22:04:06] Successfully processed graph 65 - Category: win - Time: 2.36s
[2025-12-03 22:04:06] 
Processing graph 66/200
[2025-12-03 22:04:06] Graph 66 has 64 nodes and 9 edges
[2025-12-03 22:04:06] Converted to 9 bitstring edges
[2025-12-03 22:04:06] Computing Matchings Dynamic walk
[2025-12-03 22:04:06] Matchings - CX: 398.0, U3: 405.0, Depth: 576.0
[2025-12-03 22:04:06] Computing Pauli decomposition
[2025-12-03 22:04:09] Pauli - CX: 854.0, U3: 940.0, Depth: 1350.0
[2025-12-03 22:04:09] Analysis completed in 2.32s - Category: win
[2025-12-03 22:04:09] Successfully processed graph 66 - Category: win - Time: 2.32s
[2025-12-03 22:04:09] 
Processing graph 67/200
[2025-12-03 22:04:09] Graph 67 has 64 nodes and 11 edges
[2025-12-03 22:04:09] Converted to 11 bitstring edges
[2025-12-03 22:04:09] Computing Matchings Dynamic walk
[2025-12-03 22:04:09] Matchings - CX: 464.0, U3: 487.0, Depth: 679.0
[2025-12-03 22:04:09] Computing Pauli decomposition
[2025-12-03 22:04:11] Pauli - CX: 696.0, U3: 690.0, Depth: 1086.0
[2025-12-03 22:04:11] Analysis completed in 2.16s - Category: win
[2025-12-03 22:04:11] Successfully processed graph 67 - Category: win - Time: 2.16s
[2025-12-03 22:04:11] 
Processing graph 68/200
[2025-12-03 22:04:11] Graph 68 has 64 nodes and 5 edges
[2025-12-03 22:04:11] Converted to 5 bitstring edges
[2025-12-03 22:04:11] Computing Matchings Dynamic walk
[2025-12-03 22:04:11] Matchings - CX: 210.0, U3: 221.0, Depth: 307.0
[2025-12-03 22:04:11] Computing Pauli decomposition
[2025-12-03 22:04:13] Pauli - CX: 485.0, U3: 417.0, Depth: 723.0
[2025-12-03 22:04:13] Analysis completed in 2.55s - Category: win
[2025-12-03 22:04:13] Successfully processed graph 68 - Category: win - Time: 2.55s
[2025-12-03 22:04:13] 
Processing graph 69/200
[2025-12-03 22:04:14] Graph 69 has 64 nodes and 9 edges
[2025-12-03 22:04:14] Converted to 9 bitstring edges
[2025-12-03 22:04:14] Computing Matchings Dynamic walk
[2025-12-03 22:04:14] Matchings - CX: 374.0, U3: 398.0, Depth: 549.0
[2025-12-03 22:04:14] Computing Pauli decomposition
[2025-12-03 22:04:16] Pauli - CX: 579.0, U3: 664.0, Depth: 943.0
[2025-12-03 22:04:16] Analysis completed in 2.76s - Category: win
[2025-12-03 22:04:16] Successfully processed graph 69 - Category: win - Time: 2.76s
[2025-12-03 22:04:16] 
Processing graph 70/200
[2025-12-03 22:04:16] Graph 70 has 64 nodes and 10 edges
[2025-12-03 22:04:16] Converted to 10 bitstring edges
[2025-12-03 22:04:16] Computing Matchings Dynamic walk
[2025-12-03 22:04:16] Matchings - CX: 428.0, U3: 437.0, Depth: 618.0
[2025-12-03 22:04:16] Computing Pauli decomposition
[2025-12-03 22:04:18] Pauli - CX: 732.0, U3: 782.0, Depth: 1160.0
[2025-12-03 22:04:18] Analysis completed in 2.08s - Category: win
[2025-12-03 22:04:18] Successfully processed graph 70 - Category: win - Time: 2.08s
[2025-12-03 22:04:18] 
Processing graph 71/200
[2025-12-03 22:04:18] Graph 71 has 64 nodes and 12 edges
[2025-12-03 22:04:18] Converted to 12 bitstring edges
[2025-12-03 22:04:18] Computing Matchings Dynamic walk
[2025-12-03 22:04:18] Matchings - CX: 506.0, U3: 530.0, Depth: 728.0
[2025-12-03 22:04:18] Computing Pauli decomposition
[2025-12-03 22:04:20] Pauli - CX: 805.0, U3: 941.0, Depth: 1302.0
[2025-12-03 22:04:20] Analysis completed in 2.05s - Category: win
[2025-12-03 22:04:20] Successfully processed graph 71 - Category: win - Time: 2.05s
[2025-12-03 22:04:20] 
Processing graph 72/200
[2025-12-03 22:04:20] Graph 72 has 64 nodes and 6 edges
[2025-12-03 22:04:20] Converted to 6 bitstring edges
[2025-12-03 22:04:20] Computing Matchings Dynamic walk
[2025-12-03 22:04:20] Matchings - CX: 258.0, U3: 268.0, Depth: 373.0
[2025-12-03 22:04:20] Computing Pauli decomposition
[2025-12-03 22:04:23] Pauli - CX: 483.0, U3: 594.0, Depth: 796.0
[2025-12-03 22:04:23] Analysis completed in 2.38s - Category: win
[2025-12-03 22:04:23] Successfully processed graph 72 - Category: win - Time: 2.38s
[2025-12-03 22:04:23] 
Processing graph 73/200
[2025-12-03 22:04:23] Graph 73 has 64 nodes and 8 edges
[2025-12-03 22:04:23] Converted to 8 bitstring edges
[2025-12-03 22:04:23] Computing Matchings Dynamic walk
[2025-12-03 22:04:23] Matchings - CX: 334.0, U3: 356.0, Depth: 498.0
[2025-12-03 22:04:23] Computing Pauli decomposition
[2025-12-03 22:04:25] Pauli - CX: 665.0, U3: 730.0, Depth: 1052.0
[2025-12-03 22:04:25] Analysis completed in 2.44s - Category: win
[2025-12-03 22:04:25] Successfully processed graph 73 - Category: win - Time: 2.44s
[2025-12-03 22:04:25] 
Processing graph 74/200
[2025-12-03 22:04:25] Graph 74 has 64 nodes and 12 edges
[2025-12-03 22:04:25] Converted to 12 bitstring edges
[2025-12-03 22:04:25] Computing Matchings Dynamic walk
[2025-12-03 22:04:25] Matchings - CX: 448.0, U3: 470.0, Depth: 644.0
[2025-12-03 22:04:25] Computing Pauli decomposition
[2025-12-03 22:04:27] Pauli - CX: 591.0, U3: 692.0, Depth: 942.0
[2025-12-03 22:04:27] Analysis completed in 1.99s - Category: win
[2025-12-03 22:04:27] Successfully processed graph 74 - Category: win - Time: 1.99s
[2025-12-03 22:04:27] 
Processing graph 75/200
[2025-12-03 22:04:27] Graph 75 has 64 nodes and 11 edges
[2025-12-03 22:04:27] Converted to 11 bitstring edges
[2025-12-03 22:04:27] Computing Matchings Dynamic walk
[2025-12-03 22:04:27] Matchings - CX: 476.0, U3: 488.0, Depth: 690.0
[2025-12-03 22:04:27] Computing Pauli decomposition
[2025-12-03 22:04:29] Pauli - CX: 958.0, U3: 1287.0, Depth: 1603.0
[2025-12-03 22:04:29] Analysis completed in 2.17s - Category: win
[2025-12-03 22:04:29] Successfully processed graph 75 - Category: win - Time: 2.17s
[2025-12-03 22:04:29] 
Processing graph 76/200
[2025-12-03 22:04:29] Graph 76 has 64 nodes and 8 edges
[2025-12-03 22:04:29] Converted to 8 bitstring edges
[2025-12-03 22:04:29] Computing Matchings Dynamic walk
[2025-12-03 22:04:29] Matchings - CX: 344.0, U3: 364.0, Depth: 506.0
[2025-12-03 22:04:29] Computing Pauli decomposition
[2025-12-03 22:04:32] Pauli - CX: 777.0, U3: 888.0, Depth: 1241.0
[2025-12-03 22:04:32] Analysis completed in 2.12s - Category: win
[2025-12-03 22:04:32] Successfully processed graph 76 - Category: win - Time: 2.12s
[2025-12-03 22:04:32] 
Processing graph 77/200
[2025-12-03 22:04:32] Graph 77 has 64 nodes and 7 edges
[2025-12-03 22:04:32] Converted to 7 bitstring edges
[2025-12-03 22:04:32] Computing Matchings Dynamic walk
[2025-12-03 22:04:32] Matchings - CX: 300.0, U3: 317.0, Depth: 441.0
[2025-12-03 22:04:32] Computing Pauli decomposition
[2025-12-03 22:04:33] Pauli - CX: 562.0, U3: 652.0, Depth: 903.0
[2025-12-03 22:04:33] Analysis completed in 1.97s - Category: win
[2025-12-03 22:04:33] Successfully processed graph 77 - Category: win - Time: 1.97s
[2025-12-03 22:04:33] 
Processing graph 78/200
[2025-12-03 22:04:33] Graph 78 has 64 nodes and 10 edges
[2025-12-03 22:04:33] Converted to 10 bitstring edges
[2025-12-03 22:04:33] Computing Matchings Dynamic walk
[2025-12-03 22:04:34] Matchings - CX: 422.0, U3: 436.0, Depth: 623.0
[2025-12-03 22:04:34] Computing Pauli decomposition
[2025-12-03 22:04:36] Pauli - CX: 799.0, U3: 741.0, Depth: 1221.0
[2025-12-03 22:04:36] Analysis completed in 2.17s - Category: win
[2025-12-03 22:04:36] Successfully processed graph 78 - Category: win - Time: 2.17s
[2025-12-03 22:04:36] 
Processing graph 79/200
[2025-12-03 22:04:36] Graph 79 has 64 nodes and 11 edges
[2025-12-03 22:04:36] Converted to 11 bitstring edges
[2025-12-03 22:04:36] Computing Matchings Dynamic walk
[2025-12-03 22:04:36] Matchings - CX: 464.0, U3: 487.0, Depth: 690.0
[2025-12-03 22:04:36] Computing Pauli decomposition
[2025-12-03 22:04:38] Pauli - CX: 798.0, U3: 901.0, Depth: 1295.0
[2025-12-03 22:04:38] Analysis completed in 2.13s - Category: win
[2025-12-03 22:04:38] Successfully processed graph 79 - Category: win - Time: 2.13s
[2025-12-03 22:04:38] 
Processing graph 80/200
[2025-12-03 22:04:38] Graph 80 has 64 nodes and 11 edges
[2025-12-03 22:04:38] Converted to 11 bitstring edges
[2025-12-03 22:04:38] Computing Matchings Dynamic walk
[2025-12-03 22:04:38] Matchings - CX: 406.0, U3: 429.0, Depth: 588.0
[2025-12-03 22:04:38] Computing Pauli decomposition
[2025-12-03 22:04:40] Pauli - CX: 682.0, U3: 736.0, Depth: 1086.0
[2025-12-03 22:04:40] Analysis completed in 2.19s - Category: win
[2025-12-03 22:04:40] Successfully processed graph 80 - Category: win - Time: 2.19s
[2025-12-03 22:04:40] 
Processing graph 81/200
[2025-12-03 22:04:40] Graph 81 has 64 nodes and 12 edges
[2025-12-03 22:04:40] Converted to 12 bitstring edges
[2025-12-03 22:04:40] Computing Matchings Dynamic walk
[2025-12-03 22:04:40] Matchings - CX: 512.0, U3: 536.0, Depth: 742.0
[2025-12-03 22:04:40] Computing Pauli decomposition
[2025-12-03 22:04:42] Pauli - CX: 953.0, U3: 1156.0, Depth: 1544.0
[2025-12-03 22:04:42] Analysis completed in 2.26s - Category: win
[2025-12-03 22:04:42] Successfully processed graph 81 - Category: win - Time: 2.26s
[2025-12-03 22:04:42] 
Processing graph 82/200
[2025-12-03 22:04:42] Graph 82 has 64 nodes and 11 edges
[2025-12-03 22:04:42] Converted to 11 bitstring edges
[2025-12-03 22:04:42] Computing Matchings Dynamic walk
[2025-12-03 22:04:42] Matchings - CX: 404.0, U3: 421.0, Depth: 583.0
[2025-12-03 22:04:42] Computing Pauli decomposition
[2025-12-03 22:04:44] Pauli - CX: 755.0, U3: 727.0, Depth: 1139.0
[2025-12-03 22:04:44] Analysis completed in 2.13s - Category: win
[2025-12-03 22:04:44] Successfully processed graph 82 - Category: win - Time: 2.13s
[2025-12-03 22:04:44] 
Processing graph 83/200
[2025-12-03 22:04:44] Graph 83 has 64 nodes and 8 edges
[2025-12-03 22:04:44] Converted to 8 bitstring edges
[2025-12-03 22:04:44] Computing Matchings Dynamic walk
[2025-12-03 22:04:44] Matchings - CX: 296.0, U3: 300.0, Depth: 416.0
[2025-12-03 22:04:44] Computing Pauli decomposition
[2025-12-03 22:04:46] Pauli - CX: 752.0, U3: 704.0, Depth: 1127.0
[2025-12-03 22:04:46] Analysis completed in 1.91s - Category: win
[2025-12-03 22:04:46] Successfully processed graph 83 - Category: win - Time: 1.91s
[2025-12-03 22:04:46] 
Processing graph 84/200
[2025-12-03 22:04:46] Graph 84 has 64 nodes and 12 edges
[2025-12-03 22:04:46] Converted to 12 bitstring edges
[2025-12-03 22:04:46] Computing Matchings Dynamic walk
[2025-12-03 22:04:46] Matchings - CX: 516.0, U3: 536.0, Depth: 758.0
[2025-12-03 22:04:46] Computing Pauli decomposition
[2025-12-03 22:04:48] Pauli - CX: 880.0, U3: 960.0, Depth: 1398.0
[2025-12-03 22:04:48] Analysis completed in 2.10s - Category: win
[2025-12-03 22:04:48] Successfully processed graph 84 - Category: win - Time: 2.10s
[2025-12-03 22:04:48] 
Processing graph 85/200
[2025-12-03 22:04:48] Graph 85 has 64 nodes and 10 edges
[2025-12-03 22:04:48] Converted to 10 bitstring edges
[2025-12-03 22:04:48] Computing Matchings Dynamic walk
[2025-12-03 22:04:48] Matchings - CX: 434.0, U3: 452.0, Depth: 640.0
[2025-12-03 22:04:48] Computing Pauli decomposition
[2025-12-03 22:04:51] Pauli - CX: 954.0, U3: 1115.0, Depth: 1526.0
[2025-12-03 22:04:51] Analysis completed in 2.08s - Category: win
[2025-12-03 22:04:51] Successfully processed graph 85 - Category: win - Time: 2.08s
[2025-12-03 22:04:51] 
Processing graph 86/200
[2025-12-03 22:04:51] Graph 86 has 64 nodes and 9 edges
[2025-12-03 22:04:51] Converted to 9 bitstring edges
[2025-12-03 22:04:51] Computing Matchings Dynamic walk
[2025-12-03 22:04:51] Matchings - CX: 392.0, U3: 400.0, Depth: 571.0
[2025-12-03 22:04:51] Computing Pauli decomposition
[2025-12-03 22:04:53] Pauli - CX: 847.0, U3: 1042.0, Depth: 1373.0
[2025-12-03 22:04:53] Analysis completed in 2.07s - Category: win
[2025-12-03 22:04:53] Successfully processed graph 86 - Category: win - Time: 2.07s
[2025-12-03 22:04:53] 
Processing graph 87/200
[2025-12-03 22:04:53] Graph 87 has 64 nodes and 9 edges
[2025-12-03 22:04:53] Converted to 9 bitstring edges
[2025-12-03 22:04:53] Computing Matchings Dynamic walk
[2025-12-03 22:04:53] Matchings - CX: 380.0, U3: 397.0, Depth: 548.0
[2025-12-03 22:04:53] Computing Pauli decomposition
[2025-12-03 22:04:55] Pauli - CX: 659.0, U3: 835.0, Depth: 1097.0
[2025-12-03 22:04:55] Analysis completed in 2.03s - Category: win
[2025-12-03 22:04:55] Successfully processed graph 87 - Category: win - Time: 2.03s
[2025-12-03 22:04:55] 
Processing graph 88/200
[2025-12-03 22:04:55] Graph 88 has 64 nodes and 7 edges
[2025-12-03 22:04:55] Converted to 7 bitstring edges
[2025-12-03 22:04:55] Computing Matchings Dynamic walk
[2025-12-03 22:04:55] Matchings - CX: 300.0, U3: 315.0, Depth: 437.0
[2025-12-03 22:04:55] Computing Pauli decomposition
[2025-12-03 22:04:57] Pauli - CX: 631.0, U3: 719.0, Depth: 1002.0
[2025-12-03 22:04:57] Analysis completed in 2.10s - Category: win
[2025-12-03 22:04:57] Successfully processed graph 88 - Category: win - Time: 2.10s
[2025-12-03 22:04:57] 
Processing graph 89/200
[2025-12-03 22:04:57] Graph 89 has 64 nodes and 12 edges
[2025-12-03 22:04:57] Converted to 12 bitstring edges
[2025-12-03 22:04:57] Computing Matchings Dynamic walk
[2025-12-03 22:04:57] Matchings - CX: 516.0, U3: 536.0, Depth: 750.0
[2025-12-03 22:04:57] Computing Pauli decomposition
[2025-12-03 22:04:59] Pauli - CX: 881.0, U3: 1046.0, Depth: 1440.0
[2025-12-03 22:04:59] Analysis completed in 2.08s - Category: win
[2025-12-03 22:04:59] Successfully processed graph 89 - Category: win - Time: 2.08s
[2025-12-03 22:04:59] 
Processing graph 90/200
[2025-12-03 22:04:59] Graph 90 has 64 nodes and 10 edges
[2025-12-03 22:04:59] Converted to 10 bitstring edges
[2025-12-03 22:04:59] Computing Matchings Dynamic walk
[2025-12-03 22:04:59] Matchings - CX: 414.0, U3: 439.0, Depth: 606.0
[2025-12-03 22:04:59] Computing Pauli decomposition
[2025-12-03 22:05:01] Pauli - CX: 506.0, U3: 639.0, Depth: 852.0
[2025-12-03 22:05:01] Analysis completed in 2.09s - Category: win
[2025-12-03 22:05:01] Successfully processed graph 90 - Category: win - Time: 2.09s
[2025-12-03 22:05:01] 
Processing graph 91/200
[2025-12-03 22:05:01] Graph 91 has 64 nodes and 10 edges
[2025-12-03 22:05:01] Converted to 10 bitstring edges
[2025-12-03 22:05:01] Computing Matchings Dynamic walk
[2025-12-03 22:05:01] Matchings - CX: 446.0, U3: 453.0, Depth: 645.0
[2025-12-03 22:05:01] Computing Pauli decomposition
[2025-12-03 22:05:03] Pauli - CX: 740.0, U3: 1036.0, Depth: 1254.0
[2025-12-03 22:05:03] Analysis completed in 1.95s - Category: win
[2025-12-03 22:05:03] Successfully processed graph 91 - Category: win - Time: 1.95s
[2025-12-03 22:05:03] 
Processing graph 92/200
[2025-12-03 22:05:03] Graph 92 has 64 nodes and 11 edges
[2025-12-03 22:05:03] Converted to 11 bitstring edges
[2025-12-03 22:05:03] Computing Matchings Dynamic walk
[2025-12-03 22:05:03] Matchings - CX: 464.0, U3: 482.0, Depth: 649.0
[2025-12-03 22:05:03] Computing Pauli decomposition
[2025-12-03 22:05:05] Pauli - CX: 698.0, U3: 826.0, Depth: 1168.0
[2025-12-03 22:05:05] Analysis completed in 1.91s - Category: win
[2025-12-03 22:05:05] Successfully processed graph 92 - Category: win - Time: 1.91s
[2025-12-03 22:05:05] 
Processing graph 93/200
[2025-12-03 22:05:05] Graph 93 has 64 nodes and 8 edges
[2025-12-03 22:05:05] Converted to 8 bitstring edges
[2025-12-03 22:05:05] Computing Matchings Dynamic walk
[2025-12-03 22:05:05] Matchings - CX: 344.0, U3: 353.0, Depth: 504.0
[2025-12-03 22:05:05] Computing Pauli decomposition
[2025-12-03 22:05:07] Pauli - CX: 815.0, U3: 940.0, Depth: 1300.0
[2025-12-03 22:05:07] Analysis completed in 1.92s - Category: win
[2025-12-03 22:05:07] Successfully processed graph 93 - Category: win - Time: 1.92s
[2025-12-03 22:05:07] 
Processing graph 94/200
[2025-12-03 22:05:07] Graph 94 has 64 nodes and 12 edges
[2025-12-03 22:05:07] Converted to 12 bitstring edges
[2025-12-03 22:05:07] Computing Matchings Dynamic walk
[2025-12-03 22:05:07] Matchings - CX: 512.0, U3: 534.0, Depth: 732.0
[2025-12-03 22:05:07] Computing Pauli decomposition
[2025-12-03 22:05:09] Pauli - CX: 698.0, U3: 934.0, Depth: 1186.0
[2025-12-03 22:05:09] Analysis completed in 2.21s - Category: win
[2025-12-03 22:05:09] Successfully processed graph 94 - Category: win - Time: 2.21s
[2025-12-03 22:05:09] 
Processing graph 95/200
[2025-12-03 22:05:09] Graph 95 has 64 nodes and 12 edges
[2025-12-03 22:05:09] Converted to 12 bitstring edges
[2025-12-03 22:05:09] Computing Matchings Dynamic walk
[2025-12-03 22:05:09] Matchings - CX: 516.0, U3: 533.0, Depth: 752.0
[2025-12-03 22:05:09] Computing Pauli decomposition
[2025-12-03 22:05:11] Pauli - CX: 854.0, U3: 802.0, Depth: 1300.0
[2025-12-03 22:05:11] Analysis completed in 2.35s - Category: win
[2025-12-03 22:05:11] Successfully processed graph 95 - Category: win - Time: 2.35s
[2025-12-03 22:05:11] 
Processing graph 96/200
[2025-12-03 22:05:11] Graph 96 has 64 nodes and 8 edges
[2025-12-03 22:05:11] Converted to 8 bitstring edges
[2025-12-03 22:05:11] Computing Matchings Dynamic walk
[2025-12-03 22:05:11] Matchings - CX: 336.0, U3: 357.0, Depth: 497.0
[2025-12-03 22:05:11] Computing Pauli decomposition
[2025-12-03 22:05:13] Pauli - CX: 483.0, U3: 515.0, Depth: 779.0
[2025-12-03 22:05:13] Analysis completed in 1.86s - Category: win
[2025-12-03 22:05:13] Successfully processed graph 96 - Category: win - Time: 1.86s
[2025-12-03 22:05:13] 
Processing graph 97/200
[2025-12-03 22:05:13] Graph 97 has 64 nodes and 12 edges
[2025-12-03 22:05:13] Converted to 12 bitstring edges
[2025-12-03 22:05:13] Computing Matchings Dynamic walk
[2025-12-03 22:05:13] Matchings - CX: 520.0, U3: 545.0, Depth: 768.0
[2025-12-03 22:05:13] Computing Pauli decomposition
[2025-12-03 22:05:15] Pauli - CX: 1043.0, U3: 1169.0, Depth: 1655.0
[2025-12-03 22:05:15] Analysis completed in 2.37s - Category: win
[2025-12-03 22:05:15] Successfully processed graph 97 - Category: win - Time: 2.37s
[2025-12-03 22:05:15] 
Processing graph 98/200
[2025-12-03 22:05:15] Graph 98 has 64 nodes and 12 edges
[2025-12-03 22:05:15] Converted to 12 bitstring edges
[2025-12-03 22:05:15] Computing Matchings Dynamic walk
[2025-12-03 22:05:16] Matchings - CX: 522.0, U3: 533.0, Depth: 750.0
[2025-12-03 22:05:16] Computing Pauli decomposition
[2025-12-03 22:05:18] Pauli - CX: 946.0, U3: 1141.0, Depth: 1528.0
[2025-12-03 22:05:18] Analysis completed in 2.55s - Category: win
[2025-12-03 22:05:18] Successfully processed graph 98 - Category: win - Time: 2.55s
[2025-12-03 22:05:18] 
Processing graph 99/200
[2025-12-03 22:05:18] Graph 99 has 64 nodes and 12 edges
[2025-12-03 22:05:18] Converted to 12 bitstring edges
[2025-12-03 22:05:18] Computing Matchings Dynamic walk
[2025-12-03 22:05:18] Matchings - CX: 520.0, U3: 538.0, Depth: 746.0
[2025-12-03 22:05:18] Computing Pauli decomposition
[2025-12-03 22:05:21] Pauli - CX: 935.0, U3: 990.0, Depth: 1461.0
[2025-12-03 22:05:21] Analysis completed in 2.54s - Category: win
[2025-12-03 22:05:21] Successfully processed graph 99 - Category: win - Time: 2.54s
[2025-12-03 22:05:21] 
Processing graph 100/200
[2025-12-03 22:05:21] Graph 100 has 64 nodes and 8 edges
[2025-12-03 22:05:21] Converted to 8 bitstring edges
[2025-12-03 22:05:21] Computing Matchings Dynamic walk
[2025-12-03 22:05:21] Matchings - CX: 344.0, U3: 356.0, Depth: 510.0
[2025-12-03 22:05:21] Computing Pauli decomposition
[2025-12-03 22:05:23] Pauli - CX: 646.0, U3: 702.0, Depth: 1023.0
[2025-12-03 22:05:23] Analysis completed in 2.22s - Category: win
[2025-12-03 22:05:23] Successfully processed graph 100 - Category: win - Time: 2.22s
[2025-12-03 22:05:23] 
Processing graph 101/200
[2025-12-03 22:05:23] Graph 101 has 64 nodes and 4 edges
[2025-12-03 22:05:23] Converted to 4 bitstring edges
[2025-12-03 22:05:23] Computing Matchings Dynamic walk
[2025-12-03 22:05:23] Matchings - CX: 176.0, U3: 182.0, Depth: 256.0
[2025-12-03 22:05:23] Computing Pauli decomposition
[2025-12-03 22:05:25] Pauli - CX: 397.0, U3: 403.0, Depth: 619.0
[2025-12-03 22:05:25] Analysis completed in 2.20s - Category: win
[2025-12-03 22:05:25] Successfully processed graph 101 - Category: win - Time: 2.20s
[2025-12-03 22:05:25] 
Processing graph 102/200
[2025-12-03 22:05:25] Graph 102 has 64 nodes and 11 edges
[2025-12-03 22:05:25] Converted to 11 bitstring edges
[2025-12-03 22:05:25] Computing Matchings Dynamic walk
[2025-12-03 22:05:25] Matchings - CX: 474.0, U3: 492.0, Depth: 698.0
[2025-12-03 22:05:25] Computing Pauli decomposition
[2025-12-03 22:05:28] Pauli - CX: 859.0, U3: 1167.0, Depth: 1471.0
[2025-12-03 22:05:28] Analysis completed in 2.75s - Category: win
[2025-12-03 22:05:28] Successfully processed graph 102 - Category: win - Time: 2.75s
[2025-12-03 22:05:28] 
Processing graph 103/200
[2025-12-03 22:05:28] Graph 103 has 64 nodes and 5 edges
[2025-12-03 22:05:28] Converted to 5 bitstring edges
[2025-12-03 22:05:28] Computing Matchings Dynamic walk
[2025-12-03 22:05:28] Matchings - CX: 208.0, U3: 220.0, Depth: 313.0
[2025-12-03 22:05:28] Computing Pauli decomposition
[2025-12-03 22:05:31] Pauli - CX: 437.0, U3: 437.0, Depth: 677.0
[2025-12-03 22:05:31] Analysis completed in 3.05s - Category: win
[2025-12-03 22:05:31] Successfully processed graph 103 - Category: win - Time: 3.05s
[2025-12-03 22:05:31] 
Processing graph 104/200
[2025-12-03 22:05:31] Graph 104 has 64 nodes and 10 edges
[2025-12-03 22:05:31] Converted to 10 bitstring edges
[2025-12-03 22:05:31] Computing Matchings Dynamic walk
[2025-12-03 22:05:31] Matchings - CX: 426.0, U3: 455.0, Depth: 626.0
[2025-12-03 22:05:31] Computing Pauli decomposition
[2025-12-03 22:05:33] Pauli - CX: 791.0, U3: 956.0, Depth: 1273.0
[2025-12-03 22:05:33] Analysis completed in 2.12s - Category: win
[2025-12-03 22:05:33] Successfully processed graph 104 - Category: win - Time: 2.12s
[2025-12-03 22:05:33] 
Processing graph 105/200
[2025-12-03 22:05:33] Graph 105 has 64 nodes and 11 edges
[2025-12-03 22:05:33] Converted to 11 bitstring edges
[2025-12-03 22:05:33] Computing Matchings Dynamic walk
[2025-12-03 22:05:33] Matchings - CX: 472.0, U3: 492.0, Depth: 689.0
[2025-12-03 22:05:33] Computing Pauli decomposition
[2025-12-03 22:05:36] Pauli - CX: 647.0, U3: 747.0, Depth: 1035.0
[2025-12-03 22:05:36] Analysis completed in 3.09s - Category: win
[2025-12-03 22:05:36] Successfully processed graph 105 - Category: win - Time: 3.09s
[2025-12-03 22:05:36] 
Processing graph 106/200
[2025-12-03 22:05:36] Graph 106 has 64 nodes and 9 edges
[2025-12-03 22:05:36] Converted to 9 bitstring edges
[2025-12-03 22:05:36] Computing Matchings Dynamic walk
[2025-12-03 22:05:36] Matchings - CX: 388.0, U3: 403.0, Depth: 560.0
[2025-12-03 22:05:36] Computing Pauli decomposition
[2025-12-03 22:05:39] Pauli - CX: 580.0, U3: 616.0, Depth: 928.0
[2025-12-03 22:05:39] Analysis completed in 2.55s - Category: win
[2025-12-03 22:05:39] Successfully processed graph 106 - Category: win - Time: 2.55s
[2025-12-03 22:05:39] 
Processing graph 107/200
[2025-12-03 22:05:39] Graph 107 has 64 nodes and 11 edges
[2025-12-03 22:05:39] Converted to 11 bitstring edges
[2025-12-03 22:05:39] Computing Matchings Dynamic walk
[2025-12-03 22:05:39] Matchings - CX: 470.0, U3: 491.0, Depth: 689.0
[2025-12-03 22:05:39] Computing Pauli decomposition
[2025-12-03 22:05:41] Pauli - CX: 839.0, U3: 931.0, Depth: 1325.0
[2025-12-03 22:05:41] Analysis completed in 2.03s - Category: win
[2025-12-03 22:05:41] Successfully processed graph 107 - Category: win - Time: 2.03s
[2025-12-03 22:05:41] 
Processing graph 108/200
[2025-12-03 22:05:41] Graph 108 has 64 nodes and 5 edges
[2025-12-03 22:05:41] Converted to 5 bitstring edges
[2025-12-03 22:05:41] Computing Matchings Dynamic walk
[2025-12-03 22:05:41] Matchings - CX: 212.0, U3: 227.0, Depth: 311.0
[2025-12-03 22:05:41] Computing Pauli decomposition
[2025-12-03 22:05:42] Pauli - CX: 443.0, U3: 360.0, Depth: 625.0
[2025-12-03 22:05:42] Analysis completed in 1.70s - Category: win
[2025-12-03 22:05:42] Successfully processed graph 108 - Category: win - Time: 1.70s
[2025-12-03 22:05:42] 
Processing graph 109/200
[2025-12-03 22:05:42] Graph 109 has 64 nodes and 9 edges
[2025-12-03 22:05:42] Converted to 9 bitstring edges
[2025-12-03 22:05:42] Computing Matchings Dynamic walk
[2025-12-03 22:05:42] Matchings - CX: 380.0, U3: 408.0, Depth: 560.0
[2025-12-03 22:05:42] Computing Pauli decomposition
[2025-12-03 22:05:44] Pauli - CX: 715.0, U3: 886.0, Depth: 1166.0
[2025-12-03 22:05:44] Analysis completed in 2.10s - Category: win
[2025-12-03 22:05:44] Successfully processed graph 109 - Category: win - Time: 2.10s
[2025-12-03 22:05:44] 
Processing graph 110/200
[2025-12-03 22:05:44] Graph 110 has 64 nodes and 6 edges
[2025-12-03 22:05:44] Converted to 6 bitstring edges
[2025-12-03 22:05:44] Computing Matchings Dynamic walk
[2025-12-03 22:05:45] Matchings - CX: 254.0, U3: 271.0, Depth: 376.0
[2025-12-03 22:05:45] Computing Pauli decomposition
[2025-12-03 22:05:46] Pauli - CX: 576.0, U3: 396.0, Depth: 836.0
[2025-12-03 22:05:46] Analysis completed in 2.01s - Category: win
[2025-12-03 22:05:46] Successfully processed graph 110 - Category: win - Time: 2.01s
[2025-12-03 22:05:46] 
Processing graph 111/200
[2025-12-03 22:05:46] Graph 111 has 64 nodes and 6 edges
[2025-12-03 22:05:46] Converted to 6 bitstring edges
[2025-12-03 22:05:46] Computing Matchings Dynamic walk
[2025-12-03 22:05:47] Matchings - CX: 256.0, U3: 268.0, Depth: 376.0
[2025-12-03 22:05:47] Computing Pauli decomposition
[2025-12-03 22:05:48] Pauli - CX: 549.0, U3: 514.0, Depth: 843.0
[2025-12-03 22:05:48] Analysis completed in 1.81s - Category: win
[2025-12-03 22:05:48] Successfully processed graph 111 - Category: win - Time: 1.81s
[2025-12-03 22:05:48] 
Processing graph 112/200
[2025-12-03 22:05:48] Graph 112 has 64 nodes and 10 edges
[2025-12-03 22:05:48] Converted to 10 bitstring edges
[2025-12-03 22:05:48] Computing Matchings Dynamic walk
[2025-12-03 22:05:48] Matchings - CX: 416.0, U3: 432.0, Depth: 600.0
[2025-12-03 22:05:48] Computing Pauli decomposition
[2025-12-03 22:05:50] Pauli - CX: 560.0, U3: 520.0, Depth: 871.0
[2025-12-03 22:05:50] Analysis completed in 2.02s - Category: win
[2025-12-03 22:05:50] Successfully processed graph 112 - Category: win - Time: 2.02s
[2025-12-03 22:05:50] 
Processing graph 113/200
[2025-12-03 22:05:50] Graph 113 has 64 nodes and 8 edges
[2025-12-03 22:05:50] Converted to 8 bitstring edges
[2025-12-03 22:05:50] Computing Matchings Dynamic walk
[2025-12-03 22:05:50] Matchings - CX: 350.0, U3: 364.0, Depth: 514.0
[2025-12-03 22:05:50] Computing Pauli decomposition
[2025-12-03 22:05:52] Pauli - CX: 879.0, U3: 940.0, Depth: 1365.0
[2025-12-03 22:05:52] Analysis completed in 1.74s - Category: win
[2025-12-03 22:05:52] Successfully processed graph 113 - Category: win - Time: 1.74s
[2025-12-03 22:05:52] 
Processing graph 114/200
[2025-12-03 22:05:52] Graph 114 has 64 nodes and 6 edges
[2025-12-03 22:05:52] Converted to 6 bitstring edges
[2025-12-03 22:05:52] Computing Matchings Dynamic walk
[2025-12-03 22:05:52] Matchings - CX: 248.0, U3: 263.0, Depth: 369.0
[2025-12-03 22:05:52] Computing Pauli decomposition
[2025-12-03 22:05:54] Pauli - CX: 382.0, U3: 526.0, Depth: 655.0
[2025-12-03 22:05:54] Analysis completed in 1.88s - Category: win
[2025-12-03 22:05:54] Successfully processed graph 114 - Category: win - Time: 1.88s
[2025-12-03 22:05:54] 
Processing graph 115/200
[2025-12-03 22:05:54] Graph 115 has 64 nodes and 12 edges
[2025-12-03 22:05:54] Converted to 12 bitstring edges
[2025-12-03 22:05:54] Computing Matchings Dynamic walk
[2025-12-03 22:05:54] Matchings - CX: 458.0, U3: 473.0, Depth: 671.0
[2025-12-03 22:05:54] Computing Pauli decomposition
[2025-12-03 22:05:56] Pauli - CX: 897.0, U3: 1078.0, Depth: 1458.0
[2025-12-03 22:05:56] Analysis completed in 1.94s - Category: win
[2025-12-03 22:05:56] Successfully processed graph 115 - Category: win - Time: 1.94s
[2025-12-03 22:05:56] 
Processing graph 116/200
[2025-12-03 22:05:56] Graph 116 has 64 nodes and 12 edges
[2025-12-03 22:05:56] Converted to 12 bitstring edges
[2025-12-03 22:05:56] Computing Matchings Dynamic walk
[2025-12-03 22:05:56] Matchings - CX: 504.0, U3: 528.0, Depth: 731.0
[2025-12-03 22:05:56] Computing Pauli decomposition
[2025-12-03 22:05:58] Pauli - CX: 773.0, U3: 871.0, Depth: 1246.0
[2025-12-03 22:05:58] Analysis completed in 1.86s - Category: win
[2025-12-03 22:05:58] Successfully processed graph 116 - Category: win - Time: 1.86s
[2025-12-03 22:05:58] 
Processing graph 117/200
[2025-12-03 22:05:58] Graph 117 has 64 nodes and 12 edges
[2025-12-03 22:05:58] Converted to 12 bitstring edges
[2025-12-03 22:05:58] Computing Matchings Dynamic walk
[2025-12-03 22:05:58] Matchings - CX: 506.0, U3: 526.0, Depth: 738.0
[2025-12-03 22:05:58] Computing Pauli decomposition
[2025-12-03 22:06:00] Pauli - CX: 808.0, U3: 917.0, Depth: 1282.0
[2025-12-03 22:06:00] Analysis completed in 2.55s - Category: win
[2025-12-03 22:06:00] Successfully processed graph 117 - Category: win - Time: 2.55s
[2025-12-03 22:06:00] 
Processing graph 118/200
[2025-12-03 22:06:00] Graph 118 has 64 nodes and 10 edges
[2025-12-03 22:06:00] Converted to 10 bitstring edges
[2025-12-03 22:06:00] Computing Matchings Dynamic walk
[2025-12-03 22:06:00] Matchings - CX: 362.0, U3: 393.0, Depth: 522.0
[2025-12-03 22:06:00] Computing Pauli decomposition
[2025-12-03 22:06:02] Pauli - CX: 517.0, U3: 678.0, Depth: 862.0
[2025-12-03 22:06:02] Analysis completed in 2.03s - Category: win
[2025-12-03 22:06:02] Successfully processed graph 118 - Category: win - Time: 2.03s
[2025-12-03 22:06:02] 
Processing graph 119/200
[2025-12-03 22:06:02] Graph 119 has 64 nodes and 12 edges
[2025-12-03 22:06:02] Converted to 12 bitstring edges
[2025-12-03 22:06:02] Computing Matchings Dynamic walk
[2025-12-03 22:06:02] Matchings - CX: 514.0, U3: 536.0, Depth: 742.0
[2025-12-03 22:06:02] Computing Pauli decomposition
[2025-12-03 22:06:05] Pauli - CX: 763.0, U3: 957.0, Depth: 1244.0
[2025-12-03 22:06:05] Analysis completed in 2.85s - Category: win
[2025-12-03 22:06:05] Successfully processed graph 119 - Category: win - Time: 2.85s
[2025-12-03 22:06:05] 
Processing graph 120/200
[2025-12-03 22:06:05] Graph 120 has 64 nodes and 9 edges
[2025-12-03 22:06:05] Converted to 9 bitstring edges
[2025-12-03 22:06:05] Computing Matchings Dynamic walk
[2025-12-03 22:06:05] Matchings - CX: 392.0, U3: 409.0, Depth: 572.0
[2025-12-03 22:06:05] Computing Pauli decomposition
[2025-12-03 22:06:08] Pauli - CX: 803.0, U3: 962.0, Depth: 1305.0
[2025-12-03 22:06:08] Analysis completed in 2.62s - Category: win
[2025-12-03 22:06:08] Successfully processed graph 120 - Category: win - Time: 2.62s
[2025-12-03 22:06:08] 
Processing graph 121/200
[2025-12-03 22:06:08] Graph 121 has 64 nodes and 10 edges
[2025-12-03 22:06:08] Converted to 10 bitstring edges
[2025-12-03 22:06:08] Computing Matchings Dynamic walk
[2025-12-03 22:06:08] Matchings - CX: 422.0, U3: 449.0, Depth: 627.0
[2025-12-03 22:06:08] Computing Pauli decomposition
[2025-12-03 22:06:10] Pauli - CX: 673.0, U3: 687.0, Depth: 1046.0
[2025-12-03 22:06:10] Analysis completed in 2.03s - Category: win
[2025-12-03 22:06:10] Successfully processed graph 121 - Category: win - Time: 2.03s
[2025-12-03 22:06:10] 
Processing graph 122/200
[2025-12-03 22:06:10] Graph 122 has 64 nodes and 12 edges
[2025-12-03 22:06:10] Converted to 12 bitstring edges
[2025-12-03 22:06:10] Computing Matchings Dynamic walk
[2025-12-03 22:06:10] Matchings - CX: 514.0, U3: 532.0, Depth: 758.0
[2025-12-03 22:06:10] Computing Pauli decomposition
[2025-12-03 22:06:13] Pauli - CX: 869.0, U3: 1084.0, Depth: 1441.0
[2025-12-03 22:06:13] Analysis completed in 2.67s - Category: win
[2025-12-03 22:06:13] Successfully processed graph 122 - Category: win - Time: 2.67s
[2025-12-03 22:06:13] 
Processing graph 123/200
[2025-12-03 22:06:13] Graph 123 has 64 nodes and 11 edges
[2025-12-03 22:06:13] Converted to 11 bitstring edges
[2025-12-03 22:06:13] Computing Matchings Dynamic walk
[2025-12-03 22:06:13] Matchings - CX: 466.0, U3: 476.0, Depth: 683.0
[2025-12-03 22:06:13] Computing Pauli decomposition
[2025-12-03 22:06:15] Pauli - CX: 536.0, U3: 704.0, Depth: 913.0
[2025-12-03 22:06:15] Analysis completed in 2.59s - Category: win
[2025-12-03 22:06:15] Successfully processed graph 123 - Category: win - Time: 2.59s
[2025-12-03 22:06:15] 
Processing graph 124/200
[2025-12-03 22:06:15] Graph 124 has 64 nodes and 11 edges
[2025-12-03 22:06:15] Converted to 11 bitstring edges
[2025-12-03 22:06:15] Computing Matchings Dynamic walk
[2025-12-03 22:06:15] Matchings - CX: 408.0, U3: 437.0, Depth: 598.0
[2025-12-03 22:06:15] Computing Pauli decomposition
[2025-12-03 22:06:18] Pauli - CX: 568.0, U3: 619.0, Depth: 903.0
[2025-12-03 22:06:18] Analysis completed in 2.83s - Category: win
[2025-12-03 22:06:18] Successfully processed graph 124 - Category: win - Time: 2.83s
[2025-12-03 22:06:18] 
Processing graph 125/200
[2025-12-03 22:06:18] Graph 125 has 64 nodes and 11 edges
[2025-12-03 22:06:18] Converted to 11 bitstring edges
[2025-12-03 22:06:18] Computing Matchings Dynamic walk
[2025-12-03 22:06:18] Matchings - CX: 464.0, U3: 483.0, Depth: 679.0
[2025-12-03 22:06:18] Computing Pauli decomposition
[2025-12-03 22:06:21] Pauli - CX: 778.0, U3: 1050.0, Depth: 1316.0
[2025-12-03 22:06:21] Analysis completed in 2.99s - Category: win
[2025-12-03 22:06:21] Successfully processed graph 125 - Category: win - Time: 2.99s
[2025-12-03 22:06:21] 
Processing graph 126/200
[2025-12-03 22:06:21] Graph 126 has 64 nodes and 11 edges
[2025-12-03 22:06:21] Converted to 11 bitstring edges
[2025-12-03 22:06:21] Computing Matchings Dynamic walk
[2025-12-03 22:06:21] Matchings - CX: 402.0, U3: 430.0, Depth: 584.0
[2025-12-03 22:06:21] Computing Pauli decomposition
[2025-12-03 22:06:24] Pauli - CX: 733.0, U3: 888.0, Depth: 1216.0
[2025-12-03 22:06:24] Analysis completed in 3.01s - Category: win
[2025-12-03 22:06:24] Successfully processed graph 126 - Category: win - Time: 3.01s
[2025-12-03 22:06:24] 
Processing graph 127/200
[2025-12-03 22:06:24] Graph 127 has 64 nodes and 12 edges
[2025-12-03 22:06:24] Converted to 12 bitstring edges
[2025-12-03 22:06:24] Computing Matchings Dynamic walk
[2025-12-03 22:06:24] Matchings - CX: 514.0, U3: 530.0, Depth: 749.0
[2025-12-03 22:06:24] Computing Pauli decomposition
[2025-12-03 22:06:27] Pauli - CX: 1028.0, U3: 1034.0, Depth: 1601.0
[2025-12-03 22:06:27] Analysis completed in 3.17s - Category: win
[2025-12-03 22:06:27] Successfully processed graph 127 - Category: win - Time: 3.17s
[2025-12-03 22:06:27] 
Processing graph 128/200
[2025-12-03 22:06:27] Graph 128 has 64 nodes and 12 edges
[2025-12-03 22:06:27] Converted to 12 bitstring edges
[2025-12-03 22:06:27] Computing Matchings Dynamic walk
[2025-12-03 22:06:27] Matchings - CX: 506.0, U3: 529.0, Depth: 723.0
[2025-12-03 22:06:27] Computing Pauli decomposition
[2025-12-03 22:06:30] Pauli - CX: 735.0, U3: 758.0, Depth: 1164.0
[2025-12-03 22:06:30] Analysis completed in 2.72s - Category: win
[2025-12-03 22:06:30] Successfully processed graph 128 - Category: win - Time: 2.72s
[2025-12-03 22:06:30] 
Processing graph 129/200
[2025-12-03 22:06:30] Graph 129 has 64 nodes and 4 edges
[2025-12-03 22:06:30] Converted to 4 bitstring edges
[2025-12-03 22:06:30] Computing Matchings Dynamic walk
[2025-12-03 22:06:30] Matchings - CX: 168.0, U3: 176.0, Depth: 240.0
[2025-12-03 22:06:30] Computing Pauli decomposition
[2025-12-03 22:06:32] Pauli - CX: 298.0, U3: 309.0, Depth: 483.0
[2025-12-03 22:06:32] Analysis completed in 2.31s - Category: win
[2025-12-03 22:06:32] Successfully processed graph 129 - Category: win - Time: 2.31s
[2025-12-03 22:06:32] 
Processing graph 130/200
[2025-12-03 22:06:32] Graph 130 has 64 nodes and 12 edges
[2025-12-03 22:06:32] Converted to 12 bitstring edges
[2025-12-03 22:06:32] Computing Matchings Dynamic walk
[2025-12-03 22:06:32] Matchings - CX: 512.0, U3: 523.0, Depth: 750.0
[2025-12-03 22:06:32] Computing Pauli decomposition
[2025-12-03 22:06:34] Pauli - CX: 911.0, U3: 1001.0, Depth: 1452.0
[2025-12-03 22:06:34] Analysis completed in 2.32s - Category: win
[2025-12-03 22:06:34] Successfully processed graph 130 - Category: win - Time: 2.32s
[2025-12-03 22:06:34] 
Processing graph 131/200
[2025-12-03 22:06:34] Graph 131 has 64 nodes and 8 edges
[2025-12-03 22:06:34] Converted to 8 bitstring edges
[2025-12-03 22:06:34] Computing Matchings Dynamic walk
[2025-12-03 22:06:35] Matchings - CX: 340.0, U3: 358.0, Depth: 497.0
[2025-12-03 22:06:35] Computing Pauli decomposition
[2025-12-03 22:06:37] Pauli - CX: 701.0, U3: 757.0, Depth: 1124.0
[2025-12-03 22:06:37] Analysis completed in 2.23s - Category: win
[2025-12-03 22:06:37] Successfully processed graph 131 - Category: win - Time: 2.23s
[2025-12-03 22:06:37] 
Processing graph 132/200
[2025-12-03 22:06:37] Graph 132 has 64 nodes and 12 edges
[2025-12-03 22:06:37] Converted to 12 bitstring edges
[2025-12-03 22:06:37] Computing Matchings Dynamic walk
[2025-12-03 22:06:37] Matchings - CX: 508.0, U3: 531.0, Depth: 739.0
[2025-12-03 22:06:37] Computing Pauli decomposition
[2025-12-03 22:06:39] Pauli - CX: 851.0, U3: 965.0, Depth: 1372.0
[2025-12-03 22:06:39] Analysis completed in 2.15s - Category: win
[2025-12-03 22:06:39] Successfully processed graph 132 - Category: win - Time: 2.15s
[2025-12-03 22:06:39] 
Processing graph 133/200
[2025-12-03 22:06:39] Graph 133 has 64 nodes and 11 edges
[2025-12-03 22:06:39] Converted to 11 bitstring edges
[2025-12-03 22:06:39] Computing Matchings Dynamic walk
[2025-12-03 22:06:39] Matchings - CX: 466.0, U3: 488.0, Depth: 682.0
[2025-12-03 22:06:39] Computing Pauli decomposition
[2025-12-03 22:06:41] Pauli - CX: 864.0, U3: 1050.0, Depth: 1408.0
[2025-12-03 22:06:41] Analysis completed in 1.90s - Category: win
[2025-12-03 22:06:41] Successfully processed graph 133 - Category: win - Time: 1.90s
[2025-12-03 22:06:41] 
Processing graph 134/200
[2025-12-03 22:06:41] Graph 134 has 64 nodes and 5 edges
[2025-12-03 22:06:41] Converted to 5 bitstring edges
[2025-12-03 22:06:41] Computing Matchings Dynamic walk
[2025-12-03 22:06:41] Matchings - CX: 206.0, U3: 221.0, Depth: 299.0
[2025-12-03 22:06:41] Computing Pauli decomposition
[2025-12-03 22:06:43] Pauli - CX: 441.0, U3: 504.0, Depth: 706.0
[2025-12-03 22:06:43] Analysis completed in 2.38s - Category: win
[2025-12-03 22:06:43] Successfully processed graph 134 - Category: win - Time: 2.38s
[2025-12-03 22:06:43] 
Processing graph 135/200
[2025-12-03 22:06:43] Graph 135 has 64 nodes and 9 edges
[2025-12-03 22:06:43] Converted to 9 bitstring edges
[2025-12-03 22:06:43] Computing Matchings Dynamic walk
[2025-12-03 22:06:43] Matchings - CX: 378.0, U3: 397.0, Depth: 563.0
[2025-12-03 22:06:43] Computing Pauli decomposition
[2025-12-03 22:06:46] Pauli - CX: 569.0, U3: 578.0, Depth: 902.0
[2025-12-03 22:06:46] Analysis completed in 2.38s - Category: win
[2025-12-03 22:06:46] Successfully processed graph 135 - Category: win - Time: 2.38s
[2025-12-03 22:06:46] 
Processing graph 136/200
[2025-12-03 22:06:46] Graph 136 has 64 nodes and 10 edges
[2025-12-03 22:06:46] Converted to 10 bitstring edges
[2025-12-03 22:06:46] Computing Matchings Dynamic walk
[2025-12-03 22:06:46] Matchings - CX: 430.0, U3: 448.0, Depth: 625.0
[2025-12-03 22:06:46] Computing Pauli decomposition
[2025-12-03 22:06:48] Pauli - CX: 734.0, U3: 705.0, Depth: 1147.0
[2025-12-03 22:06:48] Analysis completed in 2.04s - Category: win
[2025-12-03 22:06:48] Successfully processed graph 136 - Category: win - Time: 2.04s
[2025-12-03 22:06:48] 
Processing graph 137/200
[2025-12-03 22:06:48] Graph 137 has 64 nodes and 12 edges
[2025-12-03 22:06:48] Converted to 12 bitstring edges
[2025-12-03 22:06:48] Computing Matchings Dynamic walk
[2025-12-03 22:06:48] Matchings - CX: 508.0, U3: 536.0, Depth: 734.0
[2025-12-03 22:06:48] Computing Pauli decomposition
[2025-12-03 22:06:50] Pauli - CX: 742.0, U3: 963.0, Depth: 1265.0
[2025-12-03 22:06:50] Analysis completed in 2.20s - Category: win
[2025-12-03 22:06:50] Successfully processed graph 137 - Category: win - Time: 2.20s
[2025-12-03 22:06:50] 
Processing graph 138/200
[2025-12-03 22:06:50] Graph 138 has 64 nodes and 11 edges
[2025-12-03 22:06:50] Converted to 11 bitstring edges
[2025-12-03 22:06:50] Computing Matchings Dynamic walk
[2025-12-03 22:06:50] Matchings - CX: 472.0, U3: 498.0, Depth: 692.0
[2025-12-03 22:06:50] Computing Pauli decomposition
[2025-12-03 22:06:52] Pauli - CX: 987.0, U3: 1116.0, Depth: 1584.0
[2025-12-03 22:06:52] Analysis completed in 2.20s - Category: win
[2025-12-03 22:06:52] Successfully processed graph 138 - Category: win - Time: 2.20s
[2025-12-03 22:06:52] 
Processing graph 139/200
[2025-12-03 22:06:52] Graph 139 has 64 nodes and 10 edges
[2025-12-03 22:06:52] Converted to 10 bitstring edges
[2025-12-03 22:06:52] Computing Matchings Dynamic walk
[2025-12-03 22:06:52] Matchings - CX: 426.0, U3: 446.0, Depth: 610.0
[2025-12-03 22:06:52] Computing Pauli decomposition
[2025-12-03 22:06:54] Pauli - CX: 675.0, U3: 798.0, Depth: 1120.0
[2025-12-03 22:06:54] Analysis completed in 2.16s - Category: win
[2025-12-03 22:06:54] Successfully processed graph 139 - Category: win - Time: 2.16s
[2025-12-03 22:06:54] 
Processing graph 140/200
[2025-12-03 22:06:54] Graph 140 has 64 nodes and 12 edges
[2025-12-03 22:06:54] Converted to 12 bitstring edges
[2025-12-03 22:06:54] Computing Matchings Dynamic walk
[2025-12-03 22:06:54] Matchings - CX: 504.0, U3: 529.0, Depth: 728.0
[2025-12-03 22:06:54] Computing Pauli decomposition
[2025-12-03 22:06:56] Pauli - CX: 733.0, U3: 930.0, Depth: 1242.0
[2025-12-03 22:06:56] Analysis completed in 2.08s - Category: win
[2025-12-03 22:06:56] Successfully processed graph 140 - Category: win - Time: 2.08s
[2025-12-03 22:06:56] 
Processing graph 141/200
[2025-12-03 22:06:56] Graph 141 has 64 nodes and 10 edges
[2025-12-03 22:06:56] Converted to 10 bitstring edges
[2025-12-03 22:06:56] Computing Matchings Dynamic walk
[2025-12-03 22:06:56] Matchings - CX: 426.0, U3: 444.0, Depth: 617.0
[2025-12-03 22:06:56] Computing Pauli decomposition
[2025-12-03 22:06:58] Pauli - CX: 809.0, U3: 870.0, Depth: 1257.0
[2025-12-03 22:06:58] Analysis completed in 2.04s - Category: win
[2025-12-03 22:06:58] Successfully processed graph 141 - Category: win - Time: 2.04s
[2025-12-03 22:06:58] 
Processing graph 142/200
[2025-12-03 22:06:58] Graph 142 has 64 nodes and 5 edges
[2025-12-03 22:06:58] Converted to 5 bitstring edges
[2025-12-03 22:06:58] Computing Matchings Dynamic walk
[2025-12-03 22:06:58] Matchings - CX: 218.0, U3: 224.0, Depth: 317.0
[2025-12-03 22:06:58] Computing Pauli decomposition
[2025-12-03 22:07:00] Pauli - CX: 376.0, U3: 404.0, Depth: 590.0
[2025-12-03 22:07:00] Analysis completed in 1.83s - Category: win
[2025-12-03 22:07:00] Successfully processed graph 142 - Category: win - Time: 1.83s
[2025-12-03 22:07:00] 
Processing graph 143/200
[2025-12-03 22:07:00] Graph 143 has 64 nodes and 6 edges
[2025-12-03 22:07:00] Converted to 6 bitstring edges
[2025-12-03 22:07:00] Computing Matchings Dynamic walk
[2025-12-03 22:07:00] Matchings - CX: 250.0, U3: 268.0, Depth: 372.0
[2025-12-03 22:07:00] Computing Pauli decomposition
[2025-12-03 22:07:02] Pauli - CX: 423.0, U3: 352.0, Depth: 630.0
[2025-12-03 22:07:02] Analysis completed in 1.86s - Category: win
[2025-12-03 22:07:02] Successfully processed graph 143 - Category: win - Time: 1.86s
[2025-12-03 22:07:02] 
Processing graph 144/200
[2025-12-03 22:07:02] Graph 144 has 64 nodes and 12 edges
[2025-12-03 22:07:02] Converted to 12 bitstring edges
[2025-12-03 22:07:02] Computing Matchings Dynamic walk
[2025-12-03 22:07:02] Matchings - CX: 508.0, U3: 528.0, Depth: 742.0
[2025-12-03 22:07:02] Computing Pauli decomposition
[2025-12-03 22:07:04] Pauli - CX: 937.0, U3: 977.0, Depth: 1510.0
[2025-12-03 22:07:04] Analysis completed in 2.13s - Category: win
[2025-12-03 22:07:04] Successfully processed graph 144 - Category: win - Time: 2.13s
[2025-12-03 22:07:04] 
Processing graph 145/200
[2025-12-03 22:07:04] Graph 145 has 64 nodes and 9 edges
[2025-12-03 22:07:04] Converted to 9 bitstring edges
[2025-12-03 22:07:04] Computing Matchings Dynamic walk
[2025-12-03 22:07:04] Matchings - CX: 384.0, U3: 394.0, Depth: 567.0
[2025-12-03 22:07:04] Computing Pauli decomposition
[2025-12-03 22:07:06] Pauli - CX: 705.0, U3: 687.0, Depth: 1132.0
[2025-12-03 22:07:06] Analysis completed in 2.01s - Category: win
[2025-12-03 22:07:06] Successfully processed graph 145 - Category: win - Time: 2.01s
[2025-12-03 22:07:06] 
Processing graph 146/200
[2025-12-03 22:07:06] Graph 146 has 64 nodes and 12 edges
[2025-12-03 22:07:06] Converted to 12 bitstring edges
[2025-12-03 22:07:06] Computing Matchings Dynamic walk
[2025-12-03 22:07:06] Matchings - CX: 454.0, U3: 468.0, Depth: 666.0
[2025-12-03 22:07:06] Computing Pauli decomposition
[2025-12-03 22:07:08] Pauli - CX: 909.0, U3: 981.0, Depth: 1437.0
[2025-12-03 22:07:08] Analysis completed in 2.11s - Category: win
[2025-12-03 22:07:08] Successfully processed graph 146 - Category: win - Time: 2.11s
[2025-12-03 22:07:08] 
Processing graph 147/200
[2025-12-03 22:07:08] Graph 147 has 64 nodes and 11 edges
[2025-12-03 22:07:08] Converted to 11 bitstring edges
[2025-12-03 22:07:08] Computing Matchings Dynamic walk
[2025-12-03 22:07:08] Matchings - CX: 474.0, U3: 489.0, Depth: 693.0
[2025-12-03 22:07:08] Computing Pauli decomposition
[2025-12-03 22:07:10] Pauli - CX: 756.0, U3: 832.0, Depth: 1209.0
[2025-12-03 22:07:10] Analysis completed in 2.20s - Category: win
[2025-12-03 22:07:10] Successfully processed graph 147 - Category: win - Time: 2.20s
[2025-12-03 22:07:10] 
Processing graph 148/200
[2025-12-03 22:07:11] Graph 148 has 64 nodes and 12 edges
[2025-12-03 22:07:11] Converted to 12 bitstring edges
[2025-12-03 22:07:11] Computing Matchings Dynamic walk
[2025-12-03 22:07:11] Matchings - CX: 508.0, U3: 530.0, Depth: 745.0
[2025-12-03 22:07:11] Computing Pauli decomposition
[2025-12-03 22:07:13] Pauli - CX: 817.0, U3: 940.0, Depth: 1336.0
[2025-12-03 22:07:13] Analysis completed in 2.19s - Category: win
[2025-12-03 22:07:13] Successfully processed graph 148 - Category: win - Time: 2.19s
[2025-12-03 22:07:13] 
Processing graph 149/200
[2025-12-03 22:07:13] Graph 149 has 64 nodes and 11 edges
[2025-12-03 22:07:13] Converted to 11 bitstring edges
[2025-12-03 22:07:13] Computing Matchings Dynamic walk
[2025-12-03 22:07:13] Matchings - CX: 418.0, U3: 424.0, Depth: 605.0
[2025-12-03 22:07:13] Computing Pauli decomposition
[2025-12-03 22:07:15] Pauli - CX: 850.0, U3: 769.0, Depth: 1269.0
[2025-12-03 22:07:15] Analysis completed in 2.17s - Category: win
[2025-12-03 22:07:15] Successfully processed graph 149 - Category: win - Time: 2.17s
[2025-12-03 22:07:15] 
Processing graph 150/200
[2025-12-03 22:07:15] Graph 150 has 64 nodes and 10 edges
[2025-12-03 22:07:15] Converted to 10 bitstring edges
[2025-12-03 22:07:15] Computing Matchings Dynamic walk
[2025-12-03 22:07:15] Matchings - CX: 420.0, U3: 445.0, Depth: 594.0
[2025-12-03 22:07:15] Computing Pauli decomposition
[2025-12-03 22:07:17] Pauli - CX: 643.0, U3: 780.0, Depth: 1043.0
[2025-12-03 22:07:17] Analysis completed in 1.91s - Category: win
[2025-12-03 22:07:17] Successfully processed graph 150 - Category: win - Time: 1.91s
[2025-12-03 22:07:17] 
Processing graph 151/200
[2025-12-03 22:07:17] Graph 151 has 64 nodes and 8 edges
[2025-12-03 22:07:17] Converted to 8 bitstring edges
[2025-12-03 22:07:17] Computing Matchings Dynamic walk
[2025-12-03 22:07:17] Matchings - CX: 348.0, U3: 356.0, Depth: 500.0
[2025-12-03 22:07:17] Computing Pauli decomposition
[2025-12-03 22:07:19] Pauli - CX: 642.0, U3: 756.0, Depth: 1024.0
[2025-12-03 22:07:19] Analysis completed in 2.24s - Category: win
[2025-12-03 22:07:19] Successfully processed graph 151 - Category: win - Time: 2.24s
[2025-12-03 22:07:19] 
Processing graph 152/200
[2025-12-03 22:07:19] Graph 152 has 64 nodes and 7 edges
[2025-12-03 22:07:19] Converted to 7 bitstring edges
[2025-12-03 22:07:19] Computing Matchings Dynamic walk
[2025-12-03 22:07:19] Matchings - CX: 298.0, U3: 315.0, Depth: 426.0
[2025-12-03 22:07:19] Computing Pauli decomposition
[2025-12-03 22:07:21] Pauli - CX: 578.0, U3: 509.0, Depth: 864.0
[2025-12-03 22:07:21] Analysis completed in 2.11s - Category: win
[2025-12-03 22:07:21] Successfully processed graph 152 - Category: win - Time: 2.11s
[2025-12-03 22:07:21] 
Processing graph 153/200
[2025-12-03 22:07:21] Graph 153 has 64 nodes and 11 edges
[2025-12-03 22:07:21] Converted to 11 bitstring edges
[2025-12-03 22:07:21] Computing Matchings Dynamic walk
[2025-12-03 22:07:21] Matchings - CX: 476.0, U3: 485.0, Depth: 689.0
[2025-12-03 22:07:21] Computing Pauli decomposition
[2025-12-03 22:07:23] Pauli - CX: 747.0, U3: 849.0, Depth: 1207.0
[2025-12-03 22:07:23] Analysis completed in 1.97s - Category: win
[2025-12-03 22:07:23] Successfully processed graph 153 - Category: win - Time: 1.97s
[2025-12-03 22:07:23] 
Processing graph 154/200
[2025-12-03 22:07:23] Graph 154 has 64 nodes and 4 edges
[2025-12-03 22:07:23] Converted to 4 bitstring edges
[2025-12-03 22:07:23] Computing Matchings Dynamic walk
[2025-12-03 22:07:23] Matchings - CX: 172.0, U3: 173.0, Depth: 254.0
[2025-12-03 22:07:23] Computing Pauli decomposition
[2025-12-03 22:07:25] Pauli - CX: 406.0, U3: 425.0, Depth: 627.0
[2025-12-03 22:07:25] Analysis completed in 2.00s - Category: win
[2025-12-03 22:07:25] Successfully processed graph 154 - Category: win - Time: 2.00s
[2025-12-03 22:07:25] 
Processing graph 155/200
[2025-12-03 22:07:25] Graph 155 has 64 nodes and 12 edges
[2025-12-03 22:07:25] Converted to 12 bitstring edges
[2025-12-03 22:07:25] Computing Matchings Dynamic walk
[2025-12-03 22:07:25] Matchings - CX: 512.0, U3: 533.0, Depth: 742.0
[2025-12-03 22:07:25] Computing Pauli decomposition
[2025-12-03 22:07:28] Pauli - CX: 947.0, U3: 1119.0, Depth: 1511.0
[2025-12-03 22:07:28] Analysis completed in 2.71s - Category: win
[2025-12-03 22:07:28] Successfully processed graph 155 - Category: win - Time: 2.71s
[2025-12-03 22:07:28] 
Processing graph 156/200
[2025-12-03 22:07:28] Graph 156 has 64 nodes and 12 edges
[2025-12-03 22:07:28] Converted to 12 bitstring edges
[2025-12-03 22:07:28] Computing Matchings Dynamic walk
[2025-12-03 22:07:28] Matchings - CX: 452.0, U3: 470.0, Depth: 648.0
[2025-12-03 22:07:28] Computing Pauli decomposition
[2025-12-03 22:07:30] Pauli - CX: 863.0, U3: 1077.0, Depth: 1405.0
[2025-12-03 22:07:30] Analysis completed in 1.81s - Category: win
[2025-12-03 22:07:30] Successfully processed graph 156 - Category: win - Time: 1.81s
[2025-12-03 22:07:30] 
Processing graph 157/200
[2025-12-03 22:07:30] Graph 157 has 64 nodes and 8 edges
[2025-12-03 22:07:30] Converted to 8 bitstring edges
[2025-12-03 22:07:30] Computing Matchings Dynamic walk
[2025-12-03 22:07:30] Matchings - CX: 338.0, U3: 351.0, Depth: 490.0
[2025-12-03 22:07:30] Computing Pauli decomposition
[2025-12-03 22:07:32] Pauli - CX: 525.0, U3: 594.0, Depth: 867.0
[2025-12-03 22:07:32] Analysis completed in 1.98s - Category: win
[2025-12-03 22:07:32] Successfully processed graph 157 - Category: win - Time: 1.98s
[2025-12-03 22:07:32] 
Processing graph 158/200
[2025-12-03 22:07:32] Graph 158 has 64 nodes and 12 edges
[2025-12-03 22:07:32] Converted to 12 bitstring edges
[2025-12-03 22:07:32] Computing Matchings Dynamic walk
[2025-12-03 22:07:32] Matchings - CX: 508.0, U3: 534.0, Depth: 743.0
[2025-12-03 22:07:32] Computing Pauli decomposition
[2025-12-03 22:07:34] Pauli - CX: 885.0, U3: 885.0, Depth: 1393.0
[2025-12-03 22:07:34] Analysis completed in 2.76s - Category: win
[2025-12-03 22:07:34] Successfully processed graph 158 - Category: win - Time: 2.76s
[2025-12-03 22:07:34] 
Processing graph 159/200
[2025-12-03 22:07:34] Graph 159 has 64 nodes and 9 edges
[2025-12-03 22:07:34] Converted to 9 bitstring edges
[2025-12-03 22:07:34] Computing Matchings Dynamic walk
[2025-12-03 22:07:34] Matchings - CX: 386.0, U3: 402.0, Depth: 558.0
[2025-12-03 22:07:34] Computing Pauli decomposition
[2025-12-03 22:07:36] Pauli - CX: 727.0, U3: 791.0, Depth: 1146.0
[2025-12-03 22:07:36] Analysis completed in 2.09s - Category: win
[2025-12-03 22:07:36] Successfully processed graph 159 - Category: win - Time: 2.09s
[2025-12-03 22:07:36] 
Processing graph 160/200
[2025-12-03 22:07:36] Graph 160 has 64 nodes and 12 edges
[2025-12-03 22:07:36] Converted to 12 bitstring edges
[2025-12-03 22:07:36] Computing Matchings Dynamic walk
[2025-12-03 22:07:37] Matchings - CX: 510.0, U3: 533.0, Depth: 722.0
[2025-12-03 22:07:37] Computing Pauli decomposition
[2025-12-03 22:07:39] Pauli - CX: 893.0, U3: 1201.0, Depth: 1495.0
[2025-12-03 22:07:39] Analysis completed in 2.44s - Category: win
[2025-12-03 22:07:39] Successfully processed graph 160 - Category: win - Time: 2.44s
[2025-12-03 22:07:39] 
Processing graph 161/200
[2025-12-03 22:07:39] Graph 161 has 64 nodes and 10 edges
[2025-12-03 22:07:39] Converted to 10 bitstring edges
[2025-12-03 22:07:39] Computing Matchings Dynamic walk
[2025-12-03 22:07:39] Matchings - CX: 428.0, U3: 445.0, Depth: 620.0
[2025-12-03 22:07:39] Computing Pauli decomposition
[2025-12-03 22:07:41] Pauli - CX: 785.0, U3: 879.0, Depth: 1263.0
[2025-12-03 22:07:41] Analysis completed in 1.93s - Category: win
[2025-12-03 22:07:41] Successfully processed graph 161 - Category: win - Time: 1.93s
[2025-12-03 22:07:41] 
Processing graph 162/200
[2025-12-03 22:07:41] Graph 162 has 64 nodes and 11 edges
[2025-12-03 22:07:41] Converted to 11 bitstring edges
[2025-12-03 22:07:41] Computing Matchings Dynamic walk
[2025-12-03 22:07:41] Matchings - CX: 468.0, U3: 487.0, Depth: 686.0
[2025-12-03 22:07:41] Computing Pauli decomposition
[2025-12-03 22:07:43] Pauli - CX: 698.0, U3: 708.0, Depth: 1081.0
[2025-12-03 22:07:43] Analysis completed in 2.09s - Category: win
[2025-12-03 22:07:43] Successfully processed graph 162 - Category: win - Time: 2.09s
[2025-12-03 22:07:43] 
Processing graph 163/200
[2025-12-03 22:07:43] Graph 163 has 64 nodes and 7 edges
[2025-12-03 22:07:43] Converted to 7 bitstring edges
[2025-12-03 22:07:43] Computing Matchings Dynamic walk
[2025-12-03 22:07:43] Matchings - CX: 294.0, U3: 306.0, Depth: 438.0
[2025-12-03 22:07:43] Computing Pauli decomposition
[2025-12-03 22:07:45] Pauli - CX: 557.0, U3: 688.0, Depth: 917.0
[2025-12-03 22:07:45] Analysis completed in 2.21s - Category: win
[2025-12-03 22:07:45] Successfully processed graph 163 - Category: win - Time: 2.21s
[2025-12-03 22:07:45] 
Processing graph 164/200
[2025-12-03 22:07:45] Graph 164 has 64 nodes and 12 edges
[2025-12-03 22:07:45] Converted to 12 bitstring edges
[2025-12-03 22:07:45] Computing Matchings Dynamic walk
[2025-12-03 22:07:45] Matchings - CX: 516.0, U3: 537.0, Depth: 752.0
[2025-12-03 22:07:45] Computing Pauli decomposition
[2025-12-03 22:07:47] Pauli - CX: 918.0, U3: 1195.0, Depth: 1534.0
[2025-12-03 22:07:47] Analysis completed in 2.23s - Category: win
[2025-12-03 22:07:47] Successfully processed graph 164 - Category: win - Time: 2.23s
[2025-12-03 22:07:47] 
Processing graph 165/200
[2025-12-03 22:07:47] Graph 165 has 64 nodes and 9 edges
[2025-12-03 22:07:47] Converted to 9 bitstring edges
[2025-12-03 22:07:47] Computing Matchings Dynamic walk
[2025-12-03 22:07:47] Matchings - CX: 320.0, U3: 340.0, Depth: 472.0
[2025-12-03 22:07:47] Computing Pauli decomposition
[2025-12-03 22:07:49] Pauli - CX: 646.0, U3: 491.0, Depth: 934.0
[2025-12-03 22:07:49] Analysis completed in 1.96s - Category: win
[2025-12-03 22:07:49] Successfully processed graph 165 - Category: win - Time: 1.96s
[2025-12-03 22:07:49] 
Processing graph 166/200
[2025-12-03 22:07:49] Graph 166 has 64 nodes and 10 edges
[2025-12-03 22:07:49] Converted to 10 bitstring edges
[2025-12-03 22:07:49] Computing Matchings Dynamic walk
[2025-12-03 22:07:49] Matchings - CX: 420.0, U3: 441.0, Depth: 604.0
[2025-12-03 22:07:49] Computing Pauli decomposition
[2025-12-03 22:07:51] Pauli - CX: 686.0, U3: 791.0, Depth: 1143.0
[2025-12-03 22:07:51] Analysis completed in 2.12s - Category: win
[2025-12-03 22:07:51] Successfully processed graph 166 - Category: win - Time: 2.12s
[2025-12-03 22:07:51] 
Processing graph 167/200
[2025-12-03 22:07:51] Graph 167 has 64 nodes and 11 edges
[2025-12-03 22:07:51] Converted to 11 bitstring edges
[2025-12-03 22:07:51] Computing Matchings Dynamic walk
[2025-12-03 22:07:52] Matchings - CX: 462.0, U3: 488.0, Depth: 674.0
[2025-12-03 22:07:52] Computing Pauli decomposition
[2025-12-03 22:07:54] Pauli - CX: 956.0, U3: 1090.0, Depth: 1547.0
[2025-12-03 22:07:54] Analysis completed in 2.11s - Category: win
[2025-12-03 22:07:54] Successfully processed graph 167 - Category: win - Time: 2.11s
[2025-12-03 22:07:54] 
Processing graph 168/200
[2025-12-03 22:07:54] Graph 168 has 64 nodes and 12 edges
[2025-12-03 22:07:54] Converted to 12 bitstring edges
[2025-12-03 22:07:54] Computing Matchings Dynamic walk
[2025-12-03 22:07:54] Matchings - CX: 506.0, U3: 539.0, Depth: 727.0
[2025-12-03 22:07:54] Computing Pauli decomposition
[2025-12-03 22:07:56] Pauli - CX: 937.0, U3: 1246.0, Depth: 1580.0
[2025-12-03 22:07:56] Analysis completed in 2.26s - Category: win
[2025-12-03 22:07:56] Successfully processed graph 168 - Category: win - Time: 2.26s
[2025-12-03 22:07:56] 
Processing graph 169/200
[2025-12-03 22:07:56] Graph 169 has 64 nodes and 9 edges
[2025-12-03 22:07:56] Converted to 9 bitstring edges
[2025-12-03 22:07:56] Computing Matchings Dynamic walk
[2025-12-03 22:07:56] Matchings - CX: 324.0, U3: 345.0, Depth: 472.0
[2025-12-03 22:07:56] Computing Pauli decomposition
[2025-12-03 22:07:58] Pauli - CX: 734.0, U3: 684.0, Depth: 1120.0
[2025-12-03 22:07:58] Analysis completed in 2.03s - Category: win
[2025-12-03 22:07:58] Successfully processed graph 169 - Category: win - Time: 2.03s
[2025-12-03 22:07:58] 
Processing graph 170/200
[2025-12-03 22:07:58] Graph 170 has 64 nodes and 10 edges
[2025-12-03 22:07:58] Converted to 10 bitstring edges
[2025-12-03 22:07:58] Computing Matchings Dynamic walk
[2025-12-03 22:07:58] Matchings - CX: 438.0, U3: 445.0, Depth: 639.0
[2025-12-03 22:07:58] Computing Pauli decomposition
[2025-12-03 22:08:01] Pauli - CX: 777.0, U3: 965.0, Depth: 1286.0
[2025-12-03 22:08:01] Analysis completed in 2.77s - Category: win
[2025-12-03 22:08:01] Successfully processed graph 170 - Category: win - Time: 2.77s
[2025-12-03 22:08:01] 
Processing graph 171/200
[2025-12-03 22:08:01] Graph 171 has 64 nodes and 11 edges
[2025-12-03 22:08:01] Converted to 11 bitstring edges
[2025-12-03 22:08:01] Computing Matchings Dynamic walk
[2025-12-03 22:08:01] Matchings - CX: 464.0, U3: 494.0, Depth: 669.0
[2025-12-03 22:08:01] Computing Pauli decomposition
[2025-12-03 22:08:03] Pauli - CX: 763.0, U3: 902.0, Depth: 1270.0
[2025-12-03 22:08:03] Analysis completed in 2.18s - Category: win
[2025-12-03 22:08:03] Successfully processed graph 171 - Category: win - Time: 2.18s
[2025-12-03 22:08:03] 
Processing graph 172/200
[2025-12-03 22:08:03] Graph 172 has 64 nodes and 10 edges
[2025-12-03 22:08:03] Converted to 10 bitstring edges
[2025-12-03 22:08:03] Computing Matchings Dynamic walk
[2025-12-03 22:08:03] Matchings - CX: 422.0, U3: 449.0, Depth: 625.0
[2025-12-03 22:08:03] Computing Pauli decomposition
[2025-12-03 22:08:05] Pauli - CX: 722.0, U3: 907.0, Depth: 1220.0
[2025-12-03 22:08:05] Analysis completed in 1.85s - Category: win
[2025-12-03 22:08:05] Successfully processed graph 172 - Category: win - Time: 1.85s
[2025-12-03 22:08:05] 
Processing graph 173/200
[2025-12-03 22:08:05] Graph 173 has 64 nodes and 9 edges
[2025-12-03 22:08:05] Converted to 9 bitstring edges
[2025-12-03 22:08:05] Computing Matchings Dynamic walk
[2025-12-03 22:08:05] Matchings - CX: 382.0, U3: 397.0, Depth: 565.0
[2025-12-03 22:08:05] Computing Pauli decomposition
[2025-12-03 22:08:07] Pauli - CX: 739.0, U3: 992.0, Depth: 1229.0
[2025-12-03 22:08:07] Analysis completed in 2.49s - Category: win
[2025-12-03 22:08:07] Successfully processed graph 173 - Category: win - Time: 2.49s
[2025-12-03 22:08:07] 
Processing graph 174/200
[2025-12-03 22:08:07] Graph 174 has 64 nodes and 8 edges
[2025-12-03 22:08:07] Converted to 8 bitstring edges
[2025-12-03 22:08:07] Computing Matchings Dynamic walk
[2025-12-03 22:08:07] Matchings - CX: 352.0, U3: 365.0, Depth: 512.0
[2025-12-03 22:08:07] Computing Pauli decomposition
[2025-12-03 22:08:09] Pauli - CX: 579.0, U3: 617.0, Depth: 916.0
[2025-12-03 22:08:09] Analysis completed in 2.21s - Category: win
[2025-12-03 22:08:09] Successfully processed graph 174 - Category: win - Time: 2.21s
[2025-12-03 22:08:09] 
Processing graph 175/200
[2025-12-03 22:08:09] Graph 175 has 64 nodes and 9 edges
[2025-12-03 22:08:09] Converted to 9 bitstring edges
[2025-12-03 22:08:09] Computing Matchings Dynamic walk
[2025-12-03 22:08:09] Matchings - CX: 322.0, U3: 335.0, Depth: 473.0
[2025-12-03 22:08:09] Computing Pauli decomposition
[2025-12-03 22:08:12] Pauli - CX: 575.0, U3: 617.0, Depth: 940.0
[2025-12-03 22:08:12] Analysis completed in 2.25s - Category: win
[2025-12-03 22:08:12] Successfully processed graph 175 - Category: win - Time: 2.25s
[2025-12-03 22:08:12] 
Processing graph 176/200
[2025-12-03 22:08:12] Graph 176 has 64 nodes and 12 edges
[2025-12-03 22:08:12] Converted to 12 bitstring edges
[2025-12-03 22:08:12] Computing Matchings Dynamic walk
[2025-12-03 22:08:12] Matchings - CX: 504.0, U3: 529.0, Depth: 727.0
[2025-12-03 22:08:12] Computing Pauli decomposition
[2025-12-03 22:08:14] Pauli - CX: 825.0, U3: 1048.0, Depth: 1370.0
[2025-12-03 22:08:14] Analysis completed in 2.15s - Category: win
[2025-12-03 22:08:14] Successfully processed graph 176 - Category: win - Time: 2.15s
[2025-12-03 22:08:14] 
Processing graph 177/200
[2025-12-03 22:08:14] Graph 177 has 64 nodes and 12 edges
[2025-12-03 22:08:14] Converted to 12 bitstring edges
[2025-12-03 22:08:14] Computing Matchings Dynamic walk
[2025-12-03 22:08:14] Matchings - CX: 508.0, U3: 536.0, Depth: 746.0
[2025-12-03 22:08:14] Computing Pauli decomposition
[2025-12-03 22:08:16] Pauli - CX: 887.0, U3: 965.0, Depth: 1414.0
[2025-12-03 22:08:16] Analysis completed in 2.45s - Category: win
[2025-12-03 22:08:16] Successfully processed graph 177 - Category: win - Time: 2.45s
[2025-12-03 22:08:16] 
Processing graph 178/200
[2025-12-03 22:08:16] Graph 178 has 64 nodes and 4 edges
[2025-12-03 22:08:16] Converted to 4 bitstring edges
[2025-12-03 22:08:16] Computing Matchings Dynamic walk
[2025-12-03 22:08:16] Matchings - CX: 164.0, U3: 183.0, Depth: 248.0
[2025-12-03 22:08:16] Computing Pauli decomposition
[2025-12-03 22:08:19] Pauli - CX: 373.0, U3: 298.0, Depth: 555.0
[2025-12-03 22:08:19] Analysis completed in 2.62s - Category: win
[2025-12-03 22:08:19] Successfully processed graph 178 - Category: win - Time: 2.62s
[2025-12-03 22:08:19] 
Processing graph 179/200
[2025-12-03 22:08:19] Graph 179 has 64 nodes and 12 edges
[2025-12-03 22:08:19] Converted to 12 bitstring edges
[2025-12-03 22:08:19] Computing Matchings Dynamic walk
[2025-12-03 22:08:19] Matchings - CX: 504.0, U3: 527.0, Depth: 728.0
[2025-12-03 22:08:19] Computing Pauli decomposition
[2025-12-03 22:08:21] Pauli - CX: 771.0, U3: 868.0, Depth: 1254.0
[2025-12-03 22:08:21] Analysis completed in 2.06s - Category: win
[2025-12-03 22:08:21] Successfully processed graph 179 - Category: win - Time: 2.06s
[2025-12-03 22:08:21] 
Processing graph 180/200
[2025-12-03 22:08:21] Graph 180 has 64 nodes and 9 edges
[2025-12-03 22:08:21] Converted to 9 bitstring edges
[2025-12-03 22:08:21] Computing Matchings Dynamic walk
[2025-12-03 22:08:21] Matchings - CX: 376.0, U3: 395.0, Depth: 540.0
[2025-12-03 22:08:21] Computing Pauli decomposition
[2025-12-03 22:08:23] Pauli - CX: 585.0, U3: 712.0, Depth: 996.0
[2025-12-03 22:08:23] Analysis completed in 1.84s - Category: win
[2025-12-03 22:08:23] Successfully processed graph 180 - Category: win - Time: 1.84s
[2025-12-03 22:08:23] 
Processing graph 181/200
[2025-12-03 22:08:23] Graph 181 has 64 nodes and 11 edges
[2025-12-03 22:08:23] Converted to 11 bitstring edges
[2025-12-03 22:08:23] Computing Matchings Dynamic walk
[2025-12-03 22:08:23] Matchings - CX: 470.0, U3: 488.0, Depth: 685.0
[2025-12-03 22:08:23] Computing Pauli decomposition
[2025-12-03 22:08:25] Pauli - CX: 862.0, U3: 950.0, Depth: 1403.0
[2025-12-03 22:08:25] Analysis completed in 1.90s - Category: win
[2025-12-03 22:08:25] Successfully processed graph 181 - Category: win - Time: 1.90s
[2025-12-03 22:08:25] 
Processing graph 182/200
[2025-12-03 22:08:25] Graph 182 has 64 nodes and 11 edges
[2025-12-03 22:08:25] Converted to 11 bitstring edges
[2025-12-03 22:08:25] Computing Matchings Dynamic walk
[2025-12-03 22:08:25] Matchings - CX: 466.0, U3: 489.0, Depth: 683.0
[2025-12-03 22:08:25] Computing Pauli decomposition
[2025-12-03 22:08:27] Pauli - CX: 813.0, U3: 894.0, Depth: 1332.0
[2025-12-03 22:08:27] Analysis completed in 2.20s - Category: win
[2025-12-03 22:08:27] Successfully processed graph 182 - Category: win - Time: 2.20s
[2025-12-03 22:08:27] 
Processing graph 183/200
[2025-12-03 22:08:27] Graph 183 has 64 nodes and 8 edges
[2025-12-03 22:08:27] Converted to 8 bitstring edges
[2025-12-03 22:08:27] Computing Matchings Dynamic walk
[2025-12-03 22:08:27] Matchings - CX: 336.0, U3: 350.0, Depth: 497.0
[2025-12-03 22:08:27] Computing Pauli decomposition
[2025-12-03 22:08:29] Pauli - CX: 773.0, U3: 907.0, Depth: 1243.0
[2025-12-03 22:08:29] Analysis completed in 2.33s - Category: win
[2025-12-03 22:08:29] Successfully processed graph 183 - Category: win - Time: 2.33s
[2025-12-03 22:08:29] 
Processing graph 184/200
[2025-12-03 22:08:29] Graph 184 has 64 nodes and 12 edges
[2025-12-03 22:08:29] Converted to 12 bitstring edges
[2025-12-03 22:08:29] Computing Matchings Dynamic walk
[2025-12-03 22:08:29] Matchings - CX: 464.0, U3: 482.0, Depth: 678.0
[2025-12-03 22:08:29] Computing Pauli decomposition
[2025-12-03 22:08:31] Pauli - CX: 778.0, U3: 876.0, Depth: 1231.0
[2025-12-03 22:08:31] Analysis completed in 2.05s - Category: win
[2025-12-03 22:08:31] Successfully processed graph 184 - Category: win - Time: 2.05s
[2025-12-03 22:08:31] 
Processing graph 185/200
[2025-12-03 22:08:31] Graph 185 has 64 nodes and 12 edges
[2025-12-03 22:08:31] Converted to 12 bitstring edges
[2025-12-03 22:08:31] Computing Matchings Dynamic walk
[2025-12-03 22:08:31] Matchings - CX: 504.0, U3: 534.0, Depth: 738.0
[2025-12-03 22:08:31] Computing Pauli decomposition
[2025-12-03 22:08:33] Pauli - CX: 619.0, U3: 834.0, Depth: 1056.0
[2025-12-03 22:08:33] Analysis completed in 2.02s - Category: win
[2025-12-03 22:08:33] Successfully processed graph 185 - Category: win - Time: 2.02s
[2025-12-03 22:08:33] 
Processing graph 186/200
[2025-12-03 22:08:33] Graph 186 has 64 nodes and 11 edges
[2025-12-03 22:08:33] Converted to 11 bitstring edges
[2025-12-03 22:08:33] Computing Matchings Dynamic walk
[2025-12-03 22:08:33] Matchings - CX: 476.0, U3: 488.0, Depth: 678.0
[2025-12-03 22:08:33] Computing Pauli decomposition
[2025-12-03 22:08:35] Pauli - CX: 853.0, U3: 1080.0, Depth: 1435.0
[2025-12-03 22:08:35] Analysis completed in 2.07s - Category: win
[2025-12-03 22:08:35] Successfully processed graph 186 - Category: win - Time: 2.07s
[2025-12-03 22:08:35] 
Processing graph 187/200
[2025-12-03 22:08:35] Graph 187 has 64 nodes and 8 edges
[2025-12-03 22:08:35] Converted to 8 bitstring edges
[2025-12-03 22:08:35] Computing Matchings Dynamic walk
[2025-12-03 22:08:35] Matchings - CX: 278.0, U3: 297.0, Depth: 404.0
[2025-12-03 22:08:35] Computing Pauli decomposition
[2025-12-03 22:08:38] Pauli - CX: 600.0, U3: 477.0, Depth: 893.0
[2025-12-03 22:08:38] Analysis completed in 2.13s - Category: win
[2025-12-03 22:08:38] Successfully processed graph 187 - Category: win - Time: 2.13s
[2025-12-03 22:08:38] 
Processing graph 188/200
[2025-12-03 22:08:38] Graph 188 has 64 nodes and 11 edges
[2025-12-03 22:08:38] Converted to 11 bitstring edges
[2025-12-03 22:08:38] Computing Matchings Dynamic walk
[2025-12-03 22:08:38] Matchings - CX: 464.0, U3: 486.0, Depth: 678.0
[2025-12-03 22:08:38] Computing Pauli decomposition
[2025-12-03 22:08:40] Pauli - CX: 744.0, U3: 836.0, Depth: 1221.0
[2025-12-03 22:08:40] Analysis completed in 2.24s - Category: win
[2025-12-03 22:08:40] Successfully processed graph 188 - Category: win - Time: 2.24s
[2025-12-03 22:08:40] 
Processing graph 189/200
[2025-12-03 22:08:40] Graph 189 has 64 nodes and 11 edges
[2025-12-03 22:08:40] Converted to 11 bitstring edges
[2025-12-03 22:08:40] Computing Matchings Dynamic walk
[2025-12-03 22:08:40] Matchings - CX: 466.0, U3: 490.0, Depth: 670.0
[2025-12-03 22:08:40] Computing Pauli decomposition
[2025-12-03 22:08:42] Pauli - CX: 874.0, U3: 972.0, Depth: 1374.0
[2025-12-03 22:08:42] Analysis completed in 1.88s - Category: win
[2025-12-03 22:08:42] Successfully processed graph 189 - Category: win - Time: 1.88s
[2025-12-03 22:08:42] 
Processing graph 190/200
[2025-12-03 22:08:42] Graph 190 has 64 nodes and 10 edges
[2025-12-03 22:08:42] Converted to 10 bitstring edges
[2025-12-03 22:08:42] Computing Matchings Dynamic walk
[2025-12-03 22:08:42] Matchings - CX: 426.0, U3: 444.0, Depth: 629.0
[2025-12-03 22:08:42] Computing Pauli decomposition
[2025-12-03 22:08:44] Pauli - CX: 812.0, U3: 964.0, Depth: 1314.0
[2025-12-03 22:08:44] Analysis completed in 2.05s - Category: win
[2025-12-03 22:08:44] Successfully processed graph 190 - Category: win - Time: 2.05s
[2025-12-03 22:08:44] 
Processing graph 191/200
[2025-12-03 22:08:44] Graph 191 has 64 nodes and 12 edges
[2025-12-03 22:08:44] Converted to 12 bitstring edges
[2025-12-03 22:08:44] Computing Matchings Dynamic walk
[2025-12-03 22:08:44] Matchings - CX: 510.0, U3: 527.0, Depth: 741.0
[2025-12-03 22:08:44] Computing Pauli decomposition
[2025-12-03 22:08:46] Pauli - CX: 945.0, U3: 1192.0, Depth: 1564.0
[2025-12-03 22:08:46] Analysis completed in 2.23s - Category: win
[2025-12-03 22:08:46] Successfully processed graph 191 - Category: win - Time: 2.23s
[2025-12-03 22:08:46] 
Processing graph 192/200
[2025-12-03 22:08:46] Graph 192 has 64 nodes and 11 edges
[2025-12-03 22:08:46] Converted to 11 bitstring edges
[2025-12-03 22:08:46] Computing Matchings Dynamic walk
[2025-12-03 22:08:46] Matchings - CX: 464.0, U3: 495.0, Depth: 687.0
[2025-12-03 22:08:46] Computing Pauli decomposition
[2025-12-03 22:08:48] Pauli - CX: 861.0, U3: 1001.0, Depth: 1393.0
[2025-12-03 22:08:48] Analysis completed in 1.72s - Category: win
[2025-12-03 22:08:48] Successfully processed graph 192 - Category: win - Time: 1.72s
[2025-12-03 22:08:48] 
Processing graph 193/200
[2025-12-03 22:08:48] Graph 193 has 64 nodes and 8 edges
[2025-12-03 22:08:48] Converted to 8 bitstring edges
[2025-12-03 22:08:48] Computing Matchings Dynamic walk
[2025-12-03 22:08:48] Matchings - CX: 338.0, U3: 350.0, Depth: 491.0
[2025-12-03 22:08:48] Computing Pauli decomposition
[2025-12-03 22:08:50] Pauli - CX: 538.0, U3: 623.0, Depth: 868.0
[2025-12-03 22:08:50] Analysis completed in 2.39s - Category: win
[2025-12-03 22:08:50] Successfully processed graph 193 - Category: win - Time: 2.39s
[2025-12-03 22:08:50] 
Processing graph 194/200
[2025-12-03 22:08:50] Graph 194 has 64 nodes and 11 edges
[2025-12-03 22:08:50] Converted to 11 bitstring edges
[2025-12-03 22:08:50] Computing Matchings Dynamic walk
[2025-12-03 22:08:50] Matchings - CX: 478.0, U3: 485.0, Depth: 693.0
[2025-12-03 22:08:50] Computing Pauli decomposition
[2025-12-03 22:08:52] Pauli - CX: 747.0, U3: 888.0, Depth: 1210.0
[2025-12-03 22:08:52] Analysis completed in 2.12s - Category: win
[2025-12-03 22:08:52] Successfully processed graph 194 - Category: win - Time: 2.12s
[2025-12-03 22:08:52] 
Processing graph 195/200
[2025-12-03 22:08:52] Graph 195 has 64 nodes and 10 edges
[2025-12-03 22:08:52] Converted to 10 bitstring edges
[2025-12-03 22:08:52] Computing Matchings Dynamic walk
[2025-12-03 22:08:52] Matchings - CX: 422.0, U3: 445.0, Depth: 618.0
[2025-12-03 22:08:52] Computing Pauli decomposition
[2025-12-03 22:08:54] Pauli - CX: 763.0, U3: 914.0, Depth: 1259.0
[2025-12-03 22:08:54] Analysis completed in 2.19s - Category: win
[2025-12-03 22:08:54] Successfully processed graph 195 - Category: win - Time: 2.19s
[2025-12-03 22:08:54] 
Processing graph 196/200
[2025-12-03 22:08:54] Graph 196 has 64 nodes and 11 edges
[2025-12-03 22:08:54] Converted to 11 bitstring edges
[2025-12-03 22:08:54] Computing Matchings Dynamic walk
[2025-12-03 22:08:54] Matchings - CX: 458.0, U3: 480.0, Depth: 667.0
[2025-12-03 22:08:54] Computing Pauli decomposition
[2025-12-03 22:08:56] Pauli - CX: 735.0, U3: 987.0, Depth: 1261.0
[2025-12-03 22:08:56] Analysis completed in 1.97s - Category: win
[2025-12-03 22:08:56] Successfully processed graph 196 - Category: win - Time: 1.97s
[2025-12-03 22:08:56] 
Processing graph 197/200
[2025-12-03 22:08:56] Graph 197 has 64 nodes and 7 edges
[2025-12-03 22:08:56] Converted to 7 bitstring edges
[2025-12-03 22:08:56] Computing Matchings Dynamic walk
[2025-12-03 22:08:56] Matchings - CX: 312.0, U3: 317.0, Depth: 457.0
[2025-12-03 22:08:56] Computing Pauli decomposition
[2025-12-03 22:08:58] Pauli - CX: 709.0, U3: 773.0, Depth: 1105.0
[2025-12-03 22:08:58] Analysis completed in 1.92s - Category: win
[2025-12-03 22:08:58] Successfully processed graph 197 - Category: win - Time: 1.92s
[2025-12-03 22:08:58] 
Processing graph 198/200
[2025-12-03 22:08:58] Graph 198 has 64 nodes and 10 edges
[2025-12-03 22:08:58] Converted to 10 bitstring edges
[2025-12-03 22:08:58] Computing Matchings Dynamic walk
[2025-12-03 22:08:58] Matchings - CX: 428.0, U3: 439.0, Depth: 629.0
[2025-12-03 22:08:58] Computing Pauli decomposition
[2025-12-03 22:09:00] Pauli - CX: 860.0, U3: 799.0, Depth: 1321.0
[2025-12-03 22:09:00] Analysis completed in 1.87s - Category: win
[2025-12-03 22:09:00] Successfully processed graph 198 - Category: win - Time: 1.87s
[2025-12-03 22:09:00] 
Processing graph 199/200
[2025-12-03 22:09:00] Graph 199 has 64 nodes and 7 edges
[2025-12-03 22:09:00] Converted to 7 bitstring edges
[2025-12-03 22:09:00] Computing Matchings Dynamic walk
[2025-12-03 22:09:00] Matchings - CX: 302.0, U3: 312.0, Depth: 445.0
[2025-12-03 22:09:00] Computing Pauli decomposition
[2025-12-03 22:09:02] Pauli - CX: 696.0, U3: 618.0, Depth: 1038.0
[2025-12-03 22:09:02] Analysis completed in 1.87s - Category: win
[2025-12-03 22:09:02] Successfully processed graph 199 - Category: win - Time: 1.87s
[2025-12-03 22:09:02] 
Final Results Summary:
[2025-12-03 22:09:02] Total graphs in file: 200
[2025-12-03 22:09:02] Successfully processed: 200
[2025-12-03 22:09:02] Matching algorithm used: automatic (bipartite/greedy)
[2025-12-03 22:09:02] win: 200 (100.0%)
[2025-12-03 22:09:02] lose: 0 (0.0%)
[2025-12-03 22:09:02] draw: 0 (0.0%)
[2025-12-03 22:09:02] Average time per graph: 2.19s
[2025-12-03 22:09:02] Min time per graph: 1.70s
[2025-12-03 22:09:02] Max time per graph: 3.17s
[2025-12-03 22:09:02] Total analysis time: 438.73s
[2025-12-03 22:09:02] 
Detailed Graph Properties by Category:

[2025-12-03 22:09:02] 
WIN Graphs Statistics:
[2025-12-03 22:09:02] Total graphs processed: 200
[2025-12-03 22:09:02] Edge count - Min: 3, Max: 12, Mean: 9.65
[2025-12-03 22:09:02] Edge density - Min: 0.0015, Max: 0.0060, Mean: 0.0048
[2025-12-03 22:09:02] Bipartite graphs: 191, Non-bipartite graphs: 9
[2025-12-03 22:09:02] Clique number - Min: 2, Max: 3, Mean: 2.04
[2025-12-03 22:09:02] Maximum degree - Min: 1, Max: 3, Mean: 2.28
[2025-12-03 22:09:02] Average degree - Min: 0.09, Max: 0.38, Mean: 0.30
[2025-12-03 22:09:02] Clustering coefficient - Min: 0.0000, Max: 0.0469, Mean: 0.0017
[2025-12-03 22:09:02] Estimated group size - Min: 16, Max: 16, Mean: 16.00
[2025-12-03 22:09:02] Estimated orbit count - Min: 2, Max: 4, Mean: 3.23
[2025-12-03 22:09:02] 
Average Gate Counts by Category:
[2025-12-03 22:09:02] win_matching_cx: 404.94
[2025-12-03 22:09:02] win_matching_u3: 422.46
[2025-12-03 22:09:02] win_pauli_cx: 717.41
[2025-12-03 22:09:02] win_pauli_u3: 807.99
[2025-12-03 22:09:02] win_matching_depth: 589.59
[2025-12-03 22:09:02] win_pauli_depth: 1151.25
[2025-12-03 22:09:02] win_analysis_time: 2.19
[2025-12-03 22:09:02] win_graph_edge_count: 9.65
[2025-12-03 22:09:02] win_graph_edge_density: 0.00
[2025-12-03 22:09:02] win_graph_is_bipartite: 0.95
[2025-12-03 22:09:02] win_graph_clique_number: 2.04
[2025-12-03 22:09:02] win_graph_max_degree: 2.28
[2025-12-03 22:09:02] win_graph_avg_degree: 0.30
[2025-12-03 22:09:02] win_graph_avg_clustering: 0.00
[2025-12-03 22:09:02] win_graph_estimated_group_size: 16.00
[2025-12-03 22:09:02] win_graph_estimated_orbit_count: 3.23
[2025-12-03 22:09:02] config_n_qubits: 6.00
[2025-12-03 22:09:02] config_n_vertices: 64.00
[2025-12-03 22:09:02] config_delta_t: 0.10
[2025-12-03 22:09:02] config_matchings: automatic
[2025-12-03 22:09:02] config_graph_type: sparse_disconnected
[2025-12-03 22:09:02] config_n_steps: 1.00
[2025-12-03 22:09:02] timing_avg_per_graph: 2.19
[2025-12-03 22:09:02] timing_min_per_graph: 1.70
[2025-12-03 22:09:02] timing_max_per_graph: 3.17
[2025-12-03 22:09:02] timing_total_analysis: 438.73
[2025-12-03 22:09:02] ======================================================================
======================================================================

