graph_index,n_qubits,n_vertices,n_edges,density,time,trotter_steps,matching_diff,pauli_diff
0,4,16,15,0.125,0.1,1,0.00937647655146278,0.009376476551462872
0,4,16,15,0.125,0.1,3,0.003122471904209126,0.00312247190420946
0,4,16,15,0.125,0.1,5,0.0018733383968804515,0.0018733383968810979
0,4,16,15,0.125,0.1,7,0.00133807037420852,0.0013380703742093107
0,4,16,15,0.125,0.1,9,0.0010407122866630165,0.0010407122866642777
0,4,16,15,0.125,0.1,11,0.0008514880956841592,0.0008514880956841264
0,4,16,15,0.125,0.1,13,0.000720488089872897,0.0007204880898756171
0,4,16,15,0.125,0.1,15,0.0006244220122218322,0.0006244220122232026
0,4,16,15,0.125,0.1,17,0.0005509600099212,0.0005509600099226016
0,4,16,15,0.125,0.1,19,0.0004929638498220664,0.0004929638498240185
0,4,16,15,0.125,0.5,1,0.22251573556431054,0.22251573556431045
0,4,16,15,0.125,0.5,3,0.07247847301212106,0.07247847301212113
0,4,16,15,0.125,0.5,5,0.043408792725475084,0.04340879272547561
0,4,16,15,0.125,0.5,7,0.03099092664296982,0.03099092664297118
0,4,16,15,0.125,0.5,9,0.024099144825613664,0.02409914482561406
0,4,16,15,0.125,0.5,11,0.019715449825251394,0.019715449825252113
0,4,16,15,0.125,0.5,13,0.016681314875859957,0.016681314875860345
0,4,16,15,0.125,0.5,15,0.014456601952679605,0.014456601952680974
0,4,16,15,0.125,0.5,17,0.01275550825552322,0.012755508255524965
0,4,16,15,0.125,0.5,19,0.011412624310841274,0.011412624310842768
0,4,16,15,0.125,1.0,1,0.7587270495516979,0.7587270495516977
0,4,16,15,0.125,1.0,3,0.23481635085020341,0.2348163508502039
0,4,16,15,0.125,1.0,5,0.14010738517192503,0.14010738517192528
0,4,16,15,0.125,1.0,7,0.09992385511735093,0.09992385511735234
0,4,16,15,0.125,1.0,9,0.07766969804657525,0.07766969804657525
0,4,16,15,0.125,1.0,11,0.06352769932249824,0.06352769932249994
0,4,16,15,0.125,1.0,13,0.05374435367838824,0.05374435367839018
0,4,16,15,0.125,1.0,15,0.046573077763718385,0.04657307776372097
0,4,16,15,0.125,1.0,17,0.041090727305364935,0.041090727305365886
0,4,16,15,0.125,1.0,19,0.036763400136587736,0.03676340013658841
1,4,16,16,0.13333333333333333,0.1,1,0.011367887914185854,0.011500517633575385
1,4,16,16,0.13333333333333333,0.1,3,0.0037857889982465054,0.003829273140169509
1,4,16,16,0.13333333333333333,0.1,5,0.0022712618850442763,0.0022972209342977325
1,4,16,16,0.13333333333333333,0.1,7,0.0016222804921432064,0.001640779189869233
1,4,16,16,0.13333333333333333,0.1,9,0.0012617554536830393,0.001276123886845032
1,4,16,16,0.13333333333333333,0.1,11,0.0010323368049315008,0.001044082473125026
1,4,16,16,0.13333333333333333,0.1,13,0.000873511103352614,0.0008834436218005106
1,4,16,16,0.13333333333333333,0.1,15,0.0007570401617831328,0.0007656444177058694
1,4,16,16,0.13333333333333333,0.1,17,0.0006679748103635768,0.0006755641338884454
1,4,16,16,0.13333333333333333,0.1,19,0.0005976604440903765,0.0006044489979956234
1,4,16,16,0.13333333333333333,0.5,1,0.26892839685307923,0.272360438236129
1,4,16,16,0.13333333333333333,0.5,3,0.08799504604458107,0.08924384472073753
1,4,16,16,0.13333333333333333,0.5,5,0.05270942330788072,0.05344862632542699
1,4,16,16,0.13333333333333333,0.5,7,0.037630623490691635,0.03815393502263865
1,4,16,16,0.13333333333333333,0.5,9,0.02926165029360495,0.029666325588689438
1,4,16,16,0.13333333333333333,0.5,11,0.023938389020149692,0.0242681702264953
1,4,16,16,0.13333333333333333,0.5,13,0.020254011028873625,0.020532248508709675
1,4,16,16,0.13333333333333333,0.5,15,0.017552575563878365,0.017793184553984327
1,4,16,16,0.13333333333333333,0.5,17,0.015487001172414918,0.01569893719361575
1,4,16,16,0.13333333333333333,0.5,19,0.013856414197227662,0.014045778067494921
1,4,16,16,0.13333333333333333,1.0,1,0.903955966774586,0.9186187334465234
1,4,16,16,0.13333333333333333,1.0,3,0.2862834403336944,0.29025403712805764
1,4,16,16,0.13333333333333333,1.0,5,0.17106573431016153,0.17315248082766818
1,4,16,16,0.13333333333333333,1.0,7,0.12204851110131383,0.12343977566169197
1,4,16,16,0.13333333333333333,1.0,9,0.0948799164350974,0.09591805869598105
1,4,16,16,0.13333333333333333,1.0,11,0.07760898191099391,0.07843526426605624
1,4,16,16,0.13333333333333333,1.0,13,0.06565902671177973,0.06634458919601262
1,4,16,16,0.13333333333333333,1.0,15,0.056898790751868905,0.05748427952515108
1,4,16,16,0.13333333333333333,1.0,17,0.050201334322233275,0.05071208634546979
1,4,16,16,0.13333333333333333,1.0,19,0.044914723106402384,0.04536757155196276
2,4,16,16,0.13333333333333333,0.1,1,0.011566983849320289,0.01105855054856675
2,4,16,16,0.13333333333333333,0.1,3,0.003851254580726273,0.003683007946200231
2,4,16,16,0.13333333333333333,0.1,5,0.002310433720158289,0.002209650887676509
2,4,16,16,0.13333333333333333,0.1,7,0.0016502274204244934,0.0015782913808921916
2,4,16,16,0.13333333333333333,0.1,9,0.001283477701713223,0.0012275500111641013
2,4,16,16,0.13333333333333333,0.1,11,0.0010501021286118642,0.0010043549235654978
2,4,16,16,0.13333333333333333,0.1,13,0.0008885389490971304,0.0008498367221602241
2,4,16,16,0.13333333333333333,0.1,15,0.0007700615284538723,0.0007365240248579265
2,4,16,16,0.13333333333333333,0.1,17,0.0006794623845504148,0.0006498734620574854
2,4,16,16,0.13333333333333333,0.1,19,0.0006079374808965882,0.0005814652987465988
2,4,16,16,0.13333333333333333,0.5,1,0.2740266720229336,0.2610982493809272
2,4,16,16,0.13333333333333333,0.5,3,0.08959792812869563,0.08531359494519666
2,4,16,16,0.13333333333333333,0.5,5,0.05366595694995516,0.05110003342989751
2,4,16,16,0.13333333333333333,0.5,7,0.03831253478186283,0.03648176352902116
2,4,16,16,0.13333333333333333,0.5,9,0.02979149277469671,0.028368580909117855
2,4,16,16,0.13333333333333333,0.5,11,0.024371629364639137,0.023208007387191983
2,4,16,16,0.13333333333333333,0.5,13,0.02062044605429656,0.019636200589296295
2,4,16,16,0.13333333333333333,0.5,15,0.01787005682307051,0.017017280128094312
2,4,16,16,0.13333333333333333,0.5,17,0.015767067759395754,0.015014781445337813
2,4,16,16,0.13333333333333333,0.5,19,0.01410695527897331,0.013433975103582477
2,4,16,16,0.13333333333333333,1.0,1,0.9198924206361387,0.8772156806882745
2,4,16,16,0.13333333333333333,1.0,3,0.2908374885287439,0.27279970783223273
2,4,16,16,0.13333333333333333,1.0,5,0.17387003283381564,0.16252402970883065
2,4,16,16,0.13333333333333333,1.0,7,0.12406450164868177,0.1158414939978613
2,4,16,16,0.13333333333333333,1.0,9,0.09645228089753262,0.09001411192284343
2,4,16,16,0.13333333333333333,1.0,11,0.07889747444181203,0.07361047097551814
2,4,16,16,0.13333333333333333,1.0,13,0.0667503926099505,0.0622664558455297
2,4,16,16,0.13333333333333333,1.0,15,0.057845316040169056,0.053953154824557197
2,4,16,16,0.13333333333333333,1.0,17,0.05103694884696467,0.047598824353505334
2,4,16,16,0.13333333333333333,1.0,19,0.04566268832651491,0.04258387313848087
3,4,16,16,0.13333333333333333,0.1,1,0.01313559457942935,0.012508695994169797
3,4,16,16,0.13333333333333333,0.1,3,0.004373537616723922,0.004158849787641778
3,4,16,16,0.13333333333333333,0.1,5,0.002623802639955643,0.0024942931397182464
3,4,16,16,0.13333333333333333,0.1,7,0.001874067145709225,0.0017813462470713962
3,4,16,16,0.13333333333333333,0.1,9,0.0014575783516012242,0.0013853694140747263
3,4,16,16,0.13333333333333333,0.1,11,0.0011925500315305233,0.0011334216846428133
3,4,16,16,0.13333333333333333,0.1,13,0.0010090730322791584,0.0009590130362965225
3,4,16,16,0.13333333333333333,0.1,15,0.0008745252439006977,0.0008311219076214721
3,4,16,16,0.13333333333333333,0.1,17,0.0007716368472844302,0.0007333276317222294
3,4,16,16,0.13333333333333333,0.1,19,0.0006904098045704719,0.0006561245502264024
3,4,16,16,0.13333333333333333,0.5,1,0.30623782372594394,0.294347611177467
3,4,16,16,0.13333333333333333,0.5,3,0.09986434408556617,0.09526411985910034
3,4,16,16,0.13333333333333333,0.5,5,0.05980353859368242,0.056965492346050424
3,4,16,16,0.13333333333333333,0.5,7,0.042692390601046175,0.040640864701760426
3,4,16,16,0.13333333333333333,0.5,9,0.03319681346044678,0.031590547156418895
3,4,16,16,0.13333333333333333,0.5,11,0.027157327443905796,0.025837536144863896
3,4,16,16,0.13333333333333333,0.5,13,0.022977363333555545,0.02185733765906014
3,4,16,16,0.13333333333333333,0.5,15,0.01991261339074372,0.018939833822976225
3,4,16,16,0.13333333333333333,0.5,17,0.017569267585624982,0.01670951869566558
3,4,16,16,0.13333333333333333,0.5,19,0.01571941851472742,0.014949168876242733
3,4,16,16,0.13333333333333333,1.0,1,0.9881621176581655,0.9623478896768765
3,4,16,16,0.13333333333333333,1.0,3,0.31101112467150144,0.29751103018858477
3,4,16,16,0.13333333333333333,1.0,5,0.18560598470055478,0.1770583631038299
3,4,16,16,0.13333333333333333,1.0,7,0.1323687116240154,0.12612407711190443
3,4,16,16,0.13333333333333333,1.0,9,0.10288391300724416,0.09796618107093889
3,4,16,16,0.13333333333333333,1.0,11,0.08414758166321101,0.08009210325712061
3,4,16,16,0.13333333333333333,1.0,13,0.07118645071821389,0.06773612304722185
3,4,16,16,0.13333333333333333,1.0,15,0.06168621344403362,0.058683956274578356
3,4,16,16,0.13333333333333333,1.0,17,0.05442366026891897,0.05176650788667476
3,4,16,16,0.13333333333333333,1.0,19,0.048691361462739016,0.04630817335935256
4,4,16,16,0.13333333333333333,0.1,1,0.01308328216021356,0.01180851431841389
4,4,16,16,0.13333333333333333,0.1,3,0.004358270911338883,0.003930051592769571
4,4,16,16,0.13333333333333333,0.1,5,0.0026148133555814112,0.0023576238350856127
4,4,16,16,0.13333333333333333,0.1,7,0.0018676917416575991,0.001683916260464907
4,4,16,16,0.13333333333333333,0.1,9,0.0014526379973413325,0.0013096739208184988
4,4,16,16,0.13333333333333333,0.1,11,0.0011885170287141739,0.001071532691701658
4,4,16,16,0.13333333333333333,0.1,13,0.001005665663177203,0.0009066711200111164
4,4,16,16,0.13333333333333333,0.1,15,0.0008715754044467484,0.0007857752895994325
4,4,16,16,0.13333333333333333,0.1,17,0.000769036179326657,0.0006933269830871445
4,4,16,16,0.13333333333333333,0.1,19,0.0006880843765782287,0.0006203423308384218
4,4,16,16,0.13333333333333333,0.5,1,0.3053352069596486,0.27721057408654165
4,4,16,16,0.13333333333333333,0.5,3,0.10041152403181546,0.08972629226550803
4,4,16,16,0.13333333333333333,0.5,5,0.06017408939270565,0.053694142390591594
4,4,16,16,0.13333333333333333,0.5,7,0.04296567806901713,0.03832233932381127
4,4,16,16,0.13333333333333333,0.5,9,0.03341225329894121,0.029795597647472912
4,4,16,16,0.13333333333333333,0.5,11,0.027334848212947124,0.024373442956415366
4,4,16,16,0.13333333333333333,0.5,13,0.023128211718993628,0.02062118714093643
4,4,16,16,0.13333333333333333,0.5,15,0.02004371212741228,0.017870245181367126
4,4,16,16,0.13333333333333333,0.5,17,0.017685167004458095,0.0157669531136805
4,4,16,16,0.13333333333333333,0.5,19,0.01582326472198408,0.014106668270722074
4,4,16,16,0.13333333333333333,1.0,1,0.9891630033765174,0.9121343537963656
4,4,16,16,0.13333333333333333,1.0,3,0.3206485338168075,0.27799131215676326
4,4,16,16,0.13333333333333333,1.0,5,0.191516907430712,0.16540377778448168
4,4,16,16,0.13333333333333333,1.0,7,0.1365572397467549,0.117855900359807
4,4,16,16,0.13333333333333333,1.0,9,0.10611344791828889,0.09156822034156106
4,4,16,16,0.13333333333333333,1.0,11,0.08677124938763402,0.07487714537906835
4,4,16,16,0.13333333333333333,1.0,13,0.07339404163367155,0.0633360615093524
4,4,16,16,0.13333333333333333,1.0,15,0.06359089676228814,0.05487904483622601
4,4,16,16,0.13333333333333333,1.0,17,0.05609815960117131,0.04841519026913408
4,4,16,16,0.13333333333333333,1.0,19,0.05018510982846419,0.04331396536473682
5,4,16,16,0.13333333333333333,0.1,1,0.011868060661931391,0.011825309226789585
5,4,16,16,0.13333333333333333,0.1,3,0.0039516823757245285,0.003935084424323011
5,4,16,16,0.13333333333333333,0.1,5,0.0023706966389640655,0.0023605025438068867
5,4,16,16,0.13333333333333333,0.1,7,0.0016932741399502762,0.001685924057571849
5,4,16,16,0.13333333333333333,0.1,9,0.0013169592250309118,0.001311213560441076
5,4,16,16,0.13333333333333333,0.1,11,0.0010774964802124554,0.0010727806317507834
5,4,16,16,0.13333333333333333,0.1,13,0.0009117190033744955,0.0009077200538116148
5,4,16,16,0.13333333333333333,0.1,15,0.000790151046172418,0.0007866798512389886
5,4,16,16,0.13333333333333333,0.1,17,0.0006971885215621785,0.0006941220517267074
5,4,16,16,0.13333333333333333,0.1,19,0.0006237977733244214,0.0006210515213466598
5,4,16,16,0.13333333333333333,0.5,1,0.2798977125341786,0.2788968304893714
5,4,16,16,0.13333333333333333,0.5,3,0.09154563341578481,0.09091271380142456
5,4,16,16,0.13333333333333333,0.5,5,0.05483274563484302,0.05442571042751654
5,4,16,16,0.13333333333333333,0.5,7,0.03914560688106728,0.038845739985329135
5,4,16,16,0.13333333333333333,0.5,9,0.030439339723920926,0.030201974690236295
5,4,16,16,0.13333333333333333,0.5,11,0.024901652074129785,0.024705229818128893
5,4,16,16,0.13333333333333333,0.5,13,0.021068913808931253,0.020901388905430168
5,4,16,16,0.13333333333333333,0.5,15,0.018258723768825043,0.018112684643614332
5,4,16,16,0.13333333333333333,0.5,17,0.016110007346632232,0.015980569597369213
5,4,16,16,0.13333333333333333,0.5,19,0.014413795557178172,0.014297570289660744
5,4,16,16,0.13333333333333333,1.0,1,0.9292887216662988,0.9263086352615851
5,4,16,16,0.13333333333333333,1.0,3,0.2936134417450574,0.302735286321012
5,4,16,16,0.13333333333333333,1.0,5,0.17535899845465763,0.18147609985989507
5,4,16,16,0.13333333333333333,1.0,7,0.12508567946988897,0.1295899665672162
5,4,16,16,0.13333333333333333,1.0,9,0.09723098087964903,0.10077908894254847
5,4,16,16,0.13333333333333333,1.0,11,0.07952738179800843,0.0824494182624455
5,4,16,16,0.13333333333333333,1.0,13,0.06727951752916693,0.06976147747429366
5,4,16,16,0.13333333333333333,1.0,15,0.05830158954777934,0.060457867141400744
5,4,16,16,0.13333333333333333,1.0,17,0.05143807194906221,0.053343816172926065
5,4,16,16,0.13333333333333333,1.0,19,0.04602059383310279,0.04772773870186101
6,4,16,16,0.13333333333333333,0.1,1,0.01348477638479342,0.01260612572645983
6,4,16,16,0.13333333333333333,0.1,3,0.0044924254340301915,0.004198896668764325
6,4,16,16,0.13333333333333333,0.1,5,0.002695335584838751,0.0025191870783034375
6,4,16,16,0.13333333333333333,0.1,7,0.0019252161581776851,0.0017993896419589343
6,4,16,16,0.13333333333333333,0.1,9,0.0014973828096266737,0.001399515771095196
6,4,16,16,0.13333333333333333,0.1,11,0.0012251282688307199,0.0011450544211634433
6,4,16,16,0.13333333333333333,0.1,13,0.001036645477920053,0.0009688902865326466
6,4,16,16,0.13333333333333333,0.1,15,0.0008984252550298042,0.0008397038731686894
6,4,16,16,0.13333333333333333,0.1,17,0.0007927276792206311,0.0007409145678546208
6,4,16,16,0.13333333333333333,0.1,19,0.0007092823548394058,0.0006629231752870526
6,4,16,16,0.13333333333333333,0.5,1,0.31177676951565036,0.29256850117546257
6,4,16,16,0.13333333333333333,0.5,3,0.10256909437832247,0.09573833779049357
6,4,16,16,0.13333333333333333,0.5,5,0.06148068109251796,0.0573575349230569
6,4,16,16,0.13333333333333333,0.5,7,0.043902886032099124,0.04095284982701691
6,4,16,16,0.13333333333333333,0.5,9,0.03414289185150634,0.03184683367629557
6,4,16,16,0.13333333333333333,0.5,11,0.02793352193986288,0.026054270926734683
6,4,16,16,0.13333333333333333,0.5,13,0.023635292620317137,0.022044836613488435
6,4,16,16,0.13333333333333333,0.5,15,0.020483504730880342,0.019104935127377178
6,4,16,16,0.13333333333333333,0.5,17,0.018073435646333093,0.01685694782145139
6,4,16,16,0.13333333333333333,0.5,19,0.016170815049139583,0.015082314012924113
6,4,16,16,0.13333333333333333,1.0,1,0.9820327727117449,0.9335249809708831
6,4,16,16,0.13333333333333333,1.0,3,0.3154402245292183,0.29099736887493804
6,4,16,16,0.13333333333333333,1.0,5,0.18883243765781157,0.17354453923974433
6,4,16,16,0.13333333333333333,1.0,7,0.13479700294129415,0.1237513182976068
6,4,16,16,0.13333333333333333,1.0,9,0.10481560068674979,0.09618394566785743
6,4,16,16,0.13333333333333333,1.0,11,0.0857472654399789,0.07866814403834685
6,4,16,16,0.13333333333333333,1.0,13,0.07255005484281,0.06655181016370539
6,4,16,16,0.13333333333333333,1.0,15,0.06287382171150253,0.05767086924095187
6,4,16,16,0.13333333333333333,1.0,17,0.05547519669076378,0.05088171637090079
6,4,16,16,0.13333333333333333,1.0,19,0.0496346331131114,0.04552302008078661
7,4,16,16,0.13333333333333333,0.1,1,0.011828763137852728,0.011829348153742817
7,4,16,16,0.13333333333333333,0.1,3,0.003938863473406205,0.003938965967335186
7,4,16,16,0.13333333333333333,0.1,5,0.0023630556327291345,0.0023630950597435946
7,4,16,16,0.13333333333333333,0.1,7,0.0016878329982055226,0.0016878536581808733
7,4,16,16,0.13333333333333333,0.1,9,0.0013127347205955642,0.0013127474000897146
7,4,16,16,0.13333333333333333,0.1,11,0.001074044052752885,0.0010740526176437838
7,4,16,16,0.13333333333333333,0.1,13,0.0009088000853938702,0.0009088062556896827
7,4,16,16,0.13333333333333333,0.1,15,0.0007876228360747319,0.0007876274915594094
7,4,16,16,0.13333333333333333,0.1,17,0.0006949587801287197,0.0006949624170687212
7,4,16,16,0.13333333333333333,0.1,19,0.0006218034746682552,0.0006218063940800024
7,4,16,16,0.13333333333333333,0.5,1,0.2783681355931068,0.27830691732806934
7,4,16,16,0.13333333333333333,0.5,3,0.0909559854714541,0.09098125294572783
7,4,16,16,0.13333333333333333,0.5,5,0.05447246858819208,0.054483355694268286
7,4,16,16,0.13333333333333333,0.5,7,0.03888649668767305,0.03889241113816017
7,4,16,16,0.13333333333333333,0.5,9,0.030237093988396666,0.03024078762476948
7,4,16,16,0.13333333333333333,0.5,11,0.024735821692002023,0.0247383422983025
7,4,16,16,0.13333333333333333,0.5,13,0.020928393344619593,0.020930221404900657
7,4,16,16,0.13333333333333333,0.5,15,0.01813681369824173,0.018138199475941297
7,4,16,16,0.13333333333333333,0.5,17,0.016002356390820604,0.016003442769929634
7,4,16,16,0.13333333333333333,0.5,19,0.014317418340863523,0.0143182927405022
7,4,16,16,0.13333333333333333,1.0,1,0.9222075890709899,0.9218240664528905
7,4,16,16,0.13333333333333333,1.0,3,0.28952731955646405,0.2901214302424511
7,4,16,16,0.13333333333333333,1.0,5,0.17281641418698165,0.17306798409559468
7,4,16,16,0.13333333333333333,1.0,7,0.12325743291924385,0.12339288762373815
7,4,16,16,0.13333333333333333,1.0,9,0.09580608742428713,0.0958902198896742
7,4,16,16,0.13333333333333333,1.0,11,0.07836060198074914,0.07841780485786617
7,4,16,16,0.13333333333333333,1.0,13,0.06629186533649403,0.06633324211408365
7,4,16,16,0.13333333333333333,1.0,15,0.0574454573725673,0.05747676116721153
7,4,16,16,0.13333333333333333,1.0,17,0.05068258133968752,0.0507070839591181
7,4,16,16,0.13333333333333333,1.0,19,0.045344588490735596,0.045364285603253715
8,4,16,16,0.13333333333333333,0.1,1,0.009977800297338656,0.009977800297338649
8,4,16,16,0.13333333333333333,0.1,3,0.0033226446535955185,0.0033226446535955735
8,4,16,16,0.13333333333333333,0.1,5,0.001993428846609302,0.0019934288466100496
8,4,16,16,0.13333333333333333,0.1,7,0.0014238466634535567,0.001423846663454205
8,4,16,16,0.13333333333333333,0.1,9,0.0011074263444526072,0.0011074263444547515
8,4,16,16,0.13333333333333333,0.1,11,0.0009060719793362201,0.0009060719793358954
8,4,16,16,0.13333333333333333,0.1,13,0.0007666742848199754,0.0007666742848209924
8,4,16,16,0.13333333333333333,0.1,15,0.0006644499564063387,0.0006644499564067095
8,4,16,16,0.13333333333333333,0.1,17,0.0005862787302790842,0.0005862787302791327
8,4,16,16,0.13333333333333333,0.1,19,0.000524564776312163,0.00052456477631433
8,4,16,16,0.13333333333333333,0.5,1,0.2364587751635226,0.23645877516352248
8,4,16,16,0.13333333333333333,0.5,3,0.07681449794604035,0.07681449794604077
8,4,16,16,0.13333333333333333,0.5,5,0.0459911801405848,0.04599118014058484
8,4,16,16,0.13333333333333333,0.5,7,0.03283163543454435,0.03283163543454574
8,4,16,16,0.13333333333333333,0.5,9,0.025529567089010136,0.025529567089010885
8,4,16,16,0.13333333333333333,0.5,11,0.020885280507688096,0.02088528050768913
8,4,16,16,0.13333333333333333,0.5,13,0.017670920772432056,0.017670920772434873
8,4,16,16,0.13333333333333333,0.5,15,0.015314123912493406,0.015314123912493474
8,4,16,16,0.13333333333333333,0.5,17,0.013512064763337148,0.013512064763336834
8,4,16,16,0.13333333333333333,0.5,19,0.012089492765961158,0.012089492765961468
8,4,16,16,0.13333333333333333,1.0,1,0.7992141739660591,0.799214173966059
8,4,16,16,0.13333333333333333,1.0,3,0.23672448971012838,0.23672448971012877
8,4,16,16,0.13333333333333333,1.0,5,0.14053418857246391,0.14053418857246439
8,4,16,16,0.13333333333333333,1.0,7,0.10008654534377093,0.1000865453437719
8,4,16,16,0.13333333333333333,1.0,9,0.0777507030023207,0.07775070300232029
8,4,16,16,0.13333333333333333,1.0,11,0.0635751275959187,0.0635751275959201
8,4,16,16,0.13333333333333333,1.0,13,0.05377532012489505,0.05377532012489627
8,4,16,16,0.13333333333333333,1.0,15,0.04659493671622755,0.046594936716229614
8,4,16,16,0.13333333333333333,1.0,17,0.04110708191177816,0.041107081911781064
8,4,16,16,0.13333333333333333,1.0,19,0.03677619536347841,0.03677619536347972
9,4,16,16,0.13333333333333333,0.1,1,0.012316032104100202,0.012278184013632435
9,4,16,16,0.13333333333333333,0.1,3,0.00410224505401087,0.004087859086774466
9,4,16,16,0.13333333333333333,0.1,5,0.002461193798428276,0.0024524123561977225
9,4,16,16,0.13333333333333333,0.1,7,0.001757964389509507,0.0017516507758746473
9,4,16,16,0.13333333333333333,0.1,9,0.001367295324517402,0.0013623679140704135
9,4,16,16,0.13333333333333333,0.1,11,0.0011186917661774136,0.0011146517836792616
9,4,16,16,0.13333333333333333,0.1,13,0.0009465831281264314,0.000943159836250386
9,4,16,16,0.13333333333333333,0.1,15,0.0008203708048497846,0.0008174009238034409
9,4,16,16,0.13333333333333333,0.1,17,0.0007238558400622739,0.0007212333394776755
9,4,16,16,0.13333333333333333,0.1,19,0.0006476600029106368,0.00064531214423254
9,4,16,16,0.13333333333333333,0.5,1,0.2887303895933852,0.2876375200440885
9,4,16,16,0.13333333333333333,0.5,3,0.09467288480704303,0.09364178060463778
9,4,16,16,0.13333333333333333,0.5,5,0.05672113054793521,0.056072205803563785
9,4,16,16,0.13333333333333333,0.5,7,0.0404975360873527,0.040027697013422056
9,4,16,16,0.13333333333333333,0.5,9,0.03149207697921116,0.031124467534079197
9,4,16,16,0.13333333333333333,0.5,11,0.025763601689518762,0.025461858079442724
9,4,16,16,0.13333333333333333,0.5,13,0.021798609936385816,0.021542780146404327
9,4,16,16,0.13333333333333333,0.5,15,0.018891348624619747,0.018669333659945945
9,4,16,16,0.13333333333333333,0.5,17,0.016668353571000175,0.01647227199169831
9,4,16,16,0.13333333333333333,0.5,19,0.014913472049883034,0.014737906614815244
9,4,16,16,0.13333333333333333,1.0,1,0.9494852339595691,0.9433247735836202
9,4,16,16,0.13333333333333333,1.0,3,0.3037914061648121,0.29533249397422606
9,4,16,16,0.13333333333333333,1.0,5,0.18141103991629562,0.17655197572360817
9,4,16,16,0.13333333333333333,1.0,7,0.1293708090713631,0.1259896370261693
9,4,16,16,0.13333333333333333,1.0,9,0.10054339942790677,0.09795300795282462
9,4,16,16,0.13333333333333333,1.0,11,0.08222565100921819,0.08012691703430583
9,4,16,16,0.13333333333333333,1.0,13,0.06955523112554779,0.06779154289436044
9,4,16,16,0.13333333333333333,1.0,15,0.0602689375410519,0.05874815863018703
9,4,16,16,0.13333333333333333,1.0,17,0.053170530805576544,0.05183390622299829
9,4,16,16,0.13333333333333333,1.0,19,0.04756820394967352,0.046375982257152136
10,4,16,16,0.13333333333333333,0.1,1,0.0099848832526932,0.009162829619151762
10,4,16,16,0.13333333333333333,0.1,3,0.00332579424801574,0.003045797846651579
10,4,16,16,0.13333333333333333,0.1,5,0.0019953558266623626,0.0018267216614516984
10,4,16,16,0.13333333333333333,0.1,7,0.0014252303906239596,0.0013045982768790146
10,4,16,16,0.13333333333333333,0.1,9,0.001108504916119456,0.0010146090935480355
10,4,16,16,0.13333333333333333,0.1,11,0.0009069554157410989,0.0008300979267556329
10,4,16,16,0.13333333333333333,0.1,13,0.0007674222792945142,0.000702371062849651
10,4,16,16,0.13333333333333333,0.1,15,0.0006650984745703763,0.0006087103329915441
10,4,16,16,0.13333333333333333,0.1,17,0.0005868511033105985,0.0005370904191753056
10,4,16,16,0.13333333333333333,0.1,19,0.0005250769943580784,0.0004805500916952628
10,4,16,16,0.13333333333333333,0.5,1,0.2400115611451325,0.21902320312364976
10,4,16,16,0.13333333333333333,0.5,3,0.0788274908176097,0.07079843202522224
10,4,16,16,0.13333333333333333,0.5,5,0.047236357876757534,0.04237749082948345
10,4,16,16,0.13333333333333333,0.5,7,0.03372822917679041,0.03024970787385366
10,4,16,16,0.13333333333333333,0.5,9,0.026229196669454575,0.023521177432453483
10,4,16,16,0.13333333333333333,0.5,11,0.021458644821291055,0.01924196116604307
10,4,16,16,0.13333333333333333,0.5,13,0.01815653173194721,0.01628037560582149
10,4,16,16,0.13333333333333333,0.5,15,0.015735234669875503,0.014108960843641194
10,4,16,16,0.13333333333333333,0.5,17,0.013883779155880186,0.012448671515260643
10,4,16,16,0.13333333333333333,0.5,19,0.012422170919673655,0.011138026838720923
10,4,16,16,0.13333333333333333,1.0,1,0.83663623696012,0.7473951198553934
10,4,16,16,0.13333333333333333,1.0,3,0.2705030730809469,0.23252645652195372
10,4,16,16,0.13333333333333333,1.0,5,0.1619219079307203,0.13905558198143092
10,4,16,16,0.13333333333333333,1.0,7,0.1155784386309534,0.09923847662094397
10,4,16,16,0.13333333333333333,1.0,9,0.0898680099773392,0.07715799336586075
10,4,16,16,0.13333333333333333,1.0,11,0.07351732378524768,0.06311794321354236
10,4,16,16,0.13333333333333333,1.0,13,0.062201550942799125,0.053401994890726286
10,4,16,16,0.13333333333333333,1.0,15,0.05390505335760906,0.04627874568788078
10,4,16,16,0.13333333333333333,1.0,17,0.04756153343233389,0.04083243008842566
10,4,16,16,0.13333333333333333,1.0,19,0.0425539568516033,0.0365331778933592
11,4,16,16,0.13333333333333333,0.1,1,0.012217123615984093,0.011657635390070399
11,4,16,16,0.13333333333333333,0.1,3,0.004068668424771915,0.0038770063919269376
11,4,16,16,0.13333333333333333,0.1,5,0.0024409990142642817,0.0023253460327951362
11,4,16,16,0.13333333333333333,0.1,7,0.0017435266634253101,0.0016607137225269544
11,4,16,16,0.13333333333333333,0.1,9,0.001356060848718261,0.0012915621723208013
11,4,16,16,0.13333333333333333,0.1,11,0.0011094973836941785,0.0010566794159374403
11,4,16,16,0.13333333333333333,0.1,13,0.0009388018311637134,0.0008940824957189165
11,4,16,16,0.13333333333333333,0.1,15,0.0008136261259539839,0.000774852042886493
11,4,16,16,0.13333333333333333,0.1,17,0.0007179040655252188,0.0006836799322991519
11,4,16,16,0.13333333333333333,0.1,19,0.0006423343227356492,0.0006117044512213361
11,4,16,16,0.13333333333333333,0.5,1,0.2866049046539982,0.27664287190402415
11,4,16,16,0.13333333333333333,0.5,3,0.09365136111453319,0.08997181467480883
11,4,16,16,0.13333333333333333,0.5,5,0.05609084788961731,0.053838744579398516
11,4,16,16,0.13333333333333333,0.5,7,0.04004324927687096,0.038420034187738386
11,4,16,16,0.13333333333333333,0.5,9,0.031137210220460863,0.029868163292076984
11,4,16,16,0.13333333333333333,0.5,11,0.025472526850612652,0.02443072307931219
11,4,16,16,0.13333333333333333,0.5,13,0.021551914620099425,0.02066830800521241
11,4,16,16,0.13333333333333333,0.5,15,0.018677302606671494,0.017910171971351186
11,4,16,16,0.13333333333333333,0.5,17,0.01647933099008716,0.01580153975496296
11,4,16,16,0.13333333333333333,0.5,19,0.014744237813672475,0.014137144700061893
11,4,16,16,0.13333333333333333,1.0,1,0.9428166638343769,0.9207215890447266
11,4,16,16,0.13333333333333333,1.0,3,0.29680510028469065,0.2876234325399757
11,4,16,16,0.13333333333333333,1.0,5,0.17704280582102858,0.17176304998717343
11,4,16,16,0.13333333333333333,1.0,7,0.12622255215142453,0.12252650064777265
11,4,16,16,0.13333333333333333,1.0,9,0.09808754319325545,0.09524497557861732
11,4,16,16,0.13333333333333333,1.0,11,0.08021399255083722,0.0779046787616995
11,4,16,16,0.13333333333333333,1.0,13,0.06785223346169238,0.06590765305352878
11,4,16,16,0.13333333333333333,1.0,15,0.05879271694581691,0.05711333347653465
11,4,16,16,0.13333333333333333,1.0,17,0.05186790420085579,0.050390039324779465
11,4,16,16,0.13333333333333333,1.0,19,0.04640270276806058,0.045083159017135346
12,4,16,16,0.13333333333333333,0.1,1,0.009918172090345338,0.00996231002007714
12,4,16,16,0.13333333333333333,0.1,3,0.003302051809961049,0.0033115888566331614
12,4,16,16,0.13333333333333333,0.1,5,0.0019810394166381207,0.001985929613367379
12,4,16,16,0.13333333333333333,0.1,7,0.0014149904506185662,0.001418213332235749
12,4,16,16,0.13333333333333333,0.1,9,0.0011005360620118577,0.0011029229203852855
12,4,16,16,0.13333333333333333,0.1,11,0.0009004335992079195,0.0009023231469956481
12,4,16,16,0.13333333333333333,0.1,13,0.000761902921447939,0.0007634643020697615
12,4,16,16,0.13333333333333333,0.1,15,0.0006603145430415512,0.0006616437623035187
12,4,16,16,0.13333333333333333,0.1,17,0.0005826296994794897,0.0005837862786368311
12,4,16,16,0.13333333333333333,0.1,19,0.000521299768322753,0.0005223230702858888
12,4,16,16,0.13333333333333333,0.5,1,0.23241718201140768,0.24104994842059502
12,4,16,16,0.13333333333333333,0.5,3,0.07518744950520499,0.0788249308346402
12,4,16,16,0.13333333333333333,0.5,5,0.04500956323115139,0.0471595964853342
12,4,16,16,0.13333333333333333,0.5,7,0.03212954305263497,0.03364660559421049
12,4,16,16,0.13333333333333333,0.5,9,0.024983200165372633,0.02615331132936841
12,4,16,16,0.13333333333333333,0.5,11,0.020438130711968403,0.021389842488729913
12,4,16,16,0.13333333333333333,0.5,13,0.017292503316407658,0.018094280178956413
12,4,16,16,0.13333333333333333,0.5,15,0.014986129220217394,0.015678673475532225
12,4,16,16,0.13333333333333333,0.5,17,0.013222638078764788,0.013832087999576057
12,4,16,16,0.13333333333333333,0.5,19,0.011830519613981589,0.012374647831732777
12,4,16,16,0.13333333333333333,1.0,1,0.7652771680286818,0.8423202763495411
12,4,16,16,0.13333333333333333,1.0,3,0.2292482067658999,0.27095841515406893
12,4,16,16,0.13333333333333333,1.0,5,0.1365346205865771,0.16186706015489688
12,4,16,16,0.13333333333333333,1.0,7,0.09732621652773779,0.11540854421046762
12,4,16,16,0.13333333333333333,1.0,9,0.0756343940536947,0.08967185129367107
12,4,16,16,0.13333333333333333,1.0,11,0.0618561206734241,0.07332100792210626
12,4,16,16,0.13333333333333333,1.0,13,0.052326782703496715,0.06201345235363862
12,4,16,16,0.13333333333333333,1.0,15,0.04534275577525894,0.053727600143960275
12,4,16,16,0.13333333333333333,1.0,17,0.04000408525924426,0.047394981523463116
12,4,16,16,0.13333333333333333,1.0,19,0.0357904578677107,0.042397759689858025
13,4,16,16,0.13333333333333333,0.1,1,0.012402097902721934,0.012400521889844276
13,4,16,16,0.13333333333333333,0.1,3,0.004131004865160773,0.004128926119899397
13,4,16,16,0.13333333333333333,0.1,5,0.002478457427146983,0.0024771354704357248
13,4,16,16,0.13333333333333333,0.1,7,0.0017702980989424855,0.0017693391390601041
13,4,16,16,0.13333333333333333,0.1,9,0.0013768893559035292,0.0013761387912441074
13,4,16,16,0.13333333333333333,0.1,11,0.0011265420405935389,0.0011259259927333062
13,4,16,16,0.13333333333333333,0.1,13,0.0009532260330871585,0.0009527038130627068
13,4,16,16,0.13333333333333333,0.1,15,0.0008261282241333698,0.0008256751175481936
13,4,16,16,0.13333333333333333,0.1,17,0.0007289360759836161,0.0007285359718368916
13,4,16,16,0.13333333333333333,0.1,19,0.000652205591087772,0.0006518474123024035
13,4,16,16,0.13333333333333333,0.5,1,0.29084396093760073,0.2898724077043537
13,4,16,16,0.13333333333333333,0.5,3,0.09518364083765306,0.09392227129403438
13,4,16,16,0.13333333333333333,0.5,5,0.05702295438099387,0.05621881093499334
13,4,16,16,0.13333333333333333,0.5,7,0.04071347597776004,0.04012970705761868
13,4,16,16,0.13333333333333333,0.5,9,0.031660526006104646,0.03120347392620736
13,4,16,16,0.13333333333333333,0.5,11,0.02590178365731019,0.02552658418833004
13,4,16,16,0.13333333333333333,0.5,13,0.021915782599048705,0.02159769854177124
13,4,16,16,0.13333333333333333,0.5,15,0.018993073942282866,0.01871707060661892
13,4,16,16,0.13333333333333333,0.5,17,0.01675823827833861,0.016514510997238923
13,4,16,16,0.13333333333333333,0.5,19,0.014993989607557691,0.01477579552108566
13,4,16,16,0.13333333333333333,1.0,1,0.9542212383525783,0.9408000949618233
13,4,16,16,0.13333333333333333,1.0,3,0.2960567554202581,0.27855169862966106
13,4,16,16,0.13333333333333333,1.0,5,0.17640627526692562,0.16504634310322572
13,4,16,16,0.13333333333333333,1.0,7,0.1257615030811624,0.1174509135620583
13,4,16,16,0.13333333333333333,1.0,9,0.09773661362576216,0.09120505167383254
13,4,16,16,0.13333333333333333,1.0,11,0.07993404112189173,0.0745607873257868
13,4,16,16,0.13333333333333333,1.0,13,0.06762078207461313,0.06305959541105845
13,4,16,16,0.13333333333333333,1.0,15,0.05859613146285694,0.05463504645269083
13,4,16,16,0.13333333333333333,1.0,17,0.05169742863179619,0.04819755269470451
13,4,16,16,0.13333333333333333,1.0,19,0.04625243164048962,0.04311792950001787
14,4,16,16,0.13333333333333333,0.1,1,0.014216923302342577,0.013228238608449083
14,4,16,16,0.13333333333333333,0.1,3,0.004731564012010903,0.004396483903535309
14,4,16,16,0.13333333333333333,0.1,5,0.002838324907011334,0.0026367371257816656
14,4,16,16,0.13333333333333333,0.1,7,0.0020272074785614275,0.001883059390058676
14,4,16,16,0.13333333333333333,0.1,9,0.0015766486911541675,0.0014644674170961696
14,4,16,16,0.13333333333333333,0.1,11,0.0012899510210493178,0.0011981324322727746
14,4,16,16,0.13333333333333333,0.1,13,0.0010914774265072373,0.0010137651028003635
14,4,16,16,0.13333333333333333,0.1,15,0.0009459348703917507,0.0008785717739804126
14,4,16,16,0.13333333333333333,0.1,17,0.0008346402715201126,0.0007751939112873012
14,4,16,16,0.13333333333333333,0.1,19,0.0007467777089168905,0.0006935829971796401
14,4,16,16,0.13333333333333333,0.5,1,0.3302501710235757,0.30755417367103893
14,4,16,16,0.13333333333333333,0.5,3,0.10759113559068949,0.0985975442627699
14,4,16,16,0.13333333333333333,0.5,5,0.06438802889079817,0.05892992888613153
14,4,16,16,0.13333333333333333,0.5,7,0.04594958013539641,0.04203852291083895
14,4,16,16,0.13333333333333333,0.5,9,0.035722334727958806,0.03267627148649304
14,4,16,16,0.13333333333333333,0.5,11,0.029219487659108978,0.026725466095993154
14,4,16,16,0.13333333333333333,0.5,13,0.024719789304986597,0.02260855244066195
14,4,16,16,0.13333333333333333,0.5,15,0.021421126109775108,0.019590869082598644
14,4,16,16,0.13333333333333333,0.5,17,0.01889922847190459,0.01728397614429296
14,4,16,16,0.13333333333333333,0.5,19,0.01690861702972066,0.015463181824696897
14,4,16,16,0.13333333333333333,1.0,1,1.0475660378289149,0.9696299568792466
14,4,16,16,0.13333333333333333,1.0,3,0.33083607450120056,0.290885156188925
14,4,16,16,0.13333333333333333,1.0,5,0.19699420460106204,0.1735758817906709
14,4,16,16,0.13333333333333333,1.0,7,0.1402780530234594,0.12377724732950235
14,4,16,16,0.13333333333333333,1.0,9,0.10892428143757156,0.09620048987032892
14,4,16,16,0.13333333333333333,1.0,11,0.08902749875173274,0.07867832899030384
14,4,16,16,0.13333333333333333,1.0,13,0.07527755917164913,0.06655793230014492
14,4,16,16,0.13333333333333333,1.0,15,0.0652069353846007,0.05767435992415659
14,4,16,16,0.13333333333333333,1.0,17,0.057513014200759,0.05088346076049653
14,4,16,16,0.13333333333333333,1.0,19,0.0514431986002053,0.04552357863739407
15,4,16,16,0.13333333333333333,0.1,1,0.01200005988436247,0.011994353738778921
15,4,16,16,0.13333333333333333,0.1,3,0.003993711568099297,0.003992492151003173
15,4,16,16,0.13333333333333333,0.1,5,0.0023956769678726204,0.002395060007337795
15,4,16,16,0.13333333333333333,0.1,7,0.0017110443587244942,0.0017106412906503895
15,4,16,16,0.13333333333333333,0.1,9,0.0013307489537556028,0.0013304522228663465
15,4,16,16,0.13333333333333333,0.1,11,0.0010887625362860167,0.0010885286427300982
15,4,16,16,0.13333333333333333,0.1,13,0.0009212421756205694,0.0009210495318224939
15,4,16,16,0.13333333333333333,0.1,15,0.0007983983286147644,0.0007982347449348686
15,4,16,16,0.13333333333333333,0.1,17,0.0007044613949375511,0.0007043193469627214
15,4,16,16,0.13333333333333333,0.1,19,0.0006303021551967503,0.0006301766852004415
15,4,16,16,0.13333333333333333,0.5,1,0.2832949380150619,0.28254520503985675
15,4,16,16,0.13333333333333333,0.5,3,0.0924927597951563,0.09207321526946563
15,4,16,16,0.13333333333333333,0.5,5,0.055388193716381116,0.05513040827953498
15,4,16,16,0.13333333333333333,0.5,7,0.03953831428652393,0.03935379318399873
15,4,16,16,0.13333333333333333,0.5,9,0.030742975964067342,0.03059960085678084
15,4,16,16,0.13333333333333333,0.5,11,0.025149121047292423,0.025031983665713704
15,4,16,16,0.13333333333333333,0.5,13,0.021277738303671776,0.021178758771073673
15,4,16,16,0.13333333333333333,0.5,15,0.018439336616843723,0.01835365822454718
15,4,16,16,0.13333333333333333,0.5,17,0.016269120612020356,0.01619360071335121
15,4,16,16,0.13333333333333333,0.5,19,0.014555981359619528,0.014488471230669113
15,4,16,16,0.13333333333333333,1.0,1,0.9391825469255415,0.9346736190760949
15,4,16,16,0.13333333333333333,1.0,3,0.2978967523108958,0.29217139001916076
15,4,16,16,0.13333333333333333,1.0,5,0.17806141407596487,0.17442985357877297
15,4,16,16,0.13333333333333333,1.0,7,0.12702959924793342,0.12440589061440416
15,4,16,16,0.13333333333333333,1.0,9,0.09874382472717781,0.09669591213749482
15,4,16,16,0.13333333333333333,1.0,11,0.080764200826382,0.07908647848505916
15,4,16,16,0.13333333333333333,1.0,13,0.06832496031089354,0.06690468835788396
15,4,16,16,0.13333333333333333,1.0,15,0.0592067094277211,0.05797565270174909
15,4,16,16,0.13333333333333333,1.0,17,0.05223596389265508,0.0511497647338089
15,4,16,16,0.13333333333333333,1.0,19,0.0467339099377759,0.04576213796603781
16,4,16,16,0.13333333333333333,0.1,1,0.009973656685261487,0.012702023353093369
16,4,16,16,0.13333333333333333,0.1,3,0.0033206599522055957,0.0042289826874481505
16,4,16,16,0.13333333333333333,0.1,5,0.0019922095734880322,0.0025371485385739614
16,4,16,16,0.13333333333333333,0.1,7,0.0014229701644136133,0.0018122015168976515
16,4,16,16,0.13333333333333333,0.1,9,0.001106742834804791,0.001409474884919719
16,4,16,16,0.13333333333333333,0.1,11,0.0009055120037455948,0.0011532004355110457
16,4,16,16,0.13333333333333333,0.1,13,0.0007662000990267032,0.000975781923528028
16,4,16,16,0.13333333333333333,0.1,15,0.0006640387994881166,0.00084567600297437
16,4,16,16,0.13333333333333333,0.1,17,0.000585915829251171,0.0007461837272200337
16,4,16,16,0.13333333333333333,0.1,19,0.0005242400029247424,0.0006676374560815331
16,4,16,16,0.13333333333333333,0.5,1,0.23420476927036118,0.29883829452405053
16,4,16,16,0.13333333333333333,0.5,3,0.07589203339134906,0.09685966261483858
16,4,16,16,0.13333333333333333,0.5,5,0.04543662600187726,0.05798469129752137
16,4,16,16,0.13333333333333333,0.5,7,0.03243543088826567,0.04139185540627748
16,4,16,16,0.13333333333333333,0.5,9,0.0252213890617188,0.03218541534654727
16,4,16,16,0.13333333333333333,0.5,11,0.02063312905240256,0.026330105168849954
16,4,16,16,0.13333333333333333,0.5,13,0.017457559553846636,0.02227765717216549
16,4,16,16,0.13333333333333333,0.5,15,0.015129209778361094,0.019306398875176798
16,4,16,16,0.13333333333333333,0.5,17,0.013348904661891195,0.017034524758688795
16,4,16,16,0.13333333333333333,0.5,19,0.011943507081110798,0.015241082460902743
16,4,16,16,0.13333333333333333,1.0,1,0.7777495961700652,0.9831327220189431
16,4,16,16,0.13333333333333333,1.0,3,0.2363416998628681,0.30009374163034463
16,4,16,16,0.13333333333333333,1.0,5,0.14090228086084763,0.17862113237971936
16,4,16,16,0.13333333333333333,1.0,7,0.10046948214295792,0.1273027354373687
16,4,16,16,0.13333333333333333,1.0,9,0.07808716859502537,0.09892227929903069
16,4,16,16,0.13333333333333333,1.0,11,0.06386645258667818,0.08089871577983596
16,4,16,16,0.13333333333333333,1.0,13,0.05402963907402243,0.06843440915807718
16,4,16,16,0.13333333333333333,1.0,15,0.046819597982302154,0.059299841353197325
16,4,16,16,0.13333333333333333,1.0,17,0.041307820667564284,0.052317503677224236
16,4,16,16,0.13333333333333333,1.0,19,0.03695737780150227,0.046806705187664194
17,4,16,16,0.13333333333333333,0.1,1,0.011497371372888759,0.011335778356217617
17,4,16,16,0.13333333333333333,0.1,3,0.0038276113935794705,0.0037721136096554603
17,4,16,16,0.13333333333333333,0.1,5,0.0022962107748981486,0.002262676738895604
17,4,16,16,0.13333333333333333,0.1,7,0.0016400578511252594,0.0016160298611689718
17,4,16,16,0.13333333333333333,0.1,9,0.0012755637743255754,0.0012568422575168201
17,4,16,16,0.13333333333333333,0.1,11,0.0010436249371693232,0.0010282899167781895
17,4,16,16,0.13333333333333333,0.1,13,0.0008830570059987074,0.0008700709429551966
17,4,16,16,0.13333333333333333,0.1,15,0.0007653097314694226,0.0007540485785148797
17,4,16,16,0.13333333333333333,0.1,17,0.0006752691015389312,0.0006653283434519253
17,4,16,16,0.13333333333333333,0.1,19,0.0006041852308755299,0.0005952877180602315
17,4,16,16,0.13333333333333333,0.5,1,0.27191205372529637,0.26870922338616215
17,4,16,16,0.13333333333333333,0.5,3,0.08877078640879305,0.08770357759237911
17,4,16,16,0.13333333333333333,0.5,5,0.05316982857829959,0.05252059287007098
17,4,16,16,0.13333333333333333,0.5,7,0.03795881569483803,0.037491387026333166
17,4,16,16,0.13333333333333333,0.5,9,0.029516766352158042,0.029151402759016978
17,4,16,16,0.13333333333333333,0.5,11,0.024147084363819515,0.023847140799315755
17,4,16,16,0.13333333333333333,0.5,13,0.020430592388870284,0.020176175343642615
17,4,16,16,0.13333333333333333,0.5,15,0.017705614302787484,0.017484713862926448
17,4,16,16,0.13333333333333333,0.5,17,0.015622039318062157,0.015426847064509029
17,4,16,16,0.13333333333333333,0.5,19,0.013977242147302801,0.013802395058351688
17,4,16,16,0.13333333333333333,1.0,1,0.9079055610078821,0.898542331406127
17,4,16,16,0.13333333333333333,1.0,3,0.28808114098570814,0.28309536144475866
17,4,16,16,0.13333333333333333,1.0,5,0.17205608616963897,0.16891487733642865
17,4,16,16,0.13333333333333333,1.0,7,0.12271516894154731,0.12041927256475717
17,4,16,16,0.13333333333333333,1.0,9,0.09537917385962034,0.093571003625232
17,4,16,16,0.13333333333333333,1.0,11,0.07800710051550926,0.07651620424018885
17,4,16,16,0.13333333333333333,1.0,13,0.06598973121720338,0.06472160396531011
17,4,16,16,0.13333333333333333,1.0,15,0.05718145232057415,0.05607828513048102
17,4,16,16,0.13333333333333333,1.0,17,0.05044806566295019,0.04947194096583336
17,4,16,16,0.13333333333333333,1.0,19,0.04513358800404987,0.04425830060453834
18,4,16,16,0.13333333333333333,0.1,1,0.012023248319518771,0.012378326664672708
18,4,16,16,0.13333333333333333,0.1,3,0.004002634810375695,0.004117288849179899
18,4,16,16,0.13333333333333333,0.1,5,0.0024012078894104344,0.002469554738318386
18,4,16,16,0.13333333333333333,0.1,7,0.001715051718162765,0.0017637343286176696
18,4,16,16,0.13333333333333333,0.1,9,0.0013338908020198085,0.0013716960061460459
18,4,16,16,0.13333333333333333,0.1,11,0.0010913463192944825,0.0011222470936007815
18,4,16,16,0.13333333333333333,0.1,13,0.0009234362347722928,0.0009495650219724458
18,4,16,16,0.13333333333333333,0.1,15,0.0008003048192300823,0.0008229383120621245
18,4,16,16,0.13333333333333333,0.1,17,0.0007061469615693772,0.0007261099595383026
18,4,16,16,0.13333333333333333,0.1,19,0.0006318126810900935,0.0006496688492747347
18,4,16,16,0.13333333333333333,0.5,1,0.28206532489553643,0.290918278969992
18,4,16,16,0.13333333333333333,0.5,3,0.09200580929440733,0.09448861048387976
18,4,16,16,0.13333333333333333,0.5,5,0.055103615524090106,0.05654592105595044
18,4,16,16,0.13333333333333333,0.5,7,0.03933872167590337,0.04035437313574486
18,4,16,16,0.13333333333333333,0.5,9,0.03058960528858725,0.03137322516600185
18,4,16,16,0.13333333333333333,0.5,11,0.02502469440159696,0.025662527185450156
18,4,16,16,0.13333333333333333,0.5,13,0.0211731075859036,0.02171086664520318
18,4,16,16,0.13333333333333333,0.5,15,0.018349087003305432,0.01881390534873136
18,4,16,16,0.13333333333333333,0.5,17,0.016189786597704085,0.016599082527748183
18,4,16,16,0.13333333333333333,0.5,19,0.014485212980657667,0.014850832377124208
18,4,16,16,0.13333333333333333,1.0,1,0.9219989572102114,0.943194290056208
18,4,16,16,0.13333333333333333,1.0,3,0.2905536341068716,0.29367116325450937
18,4,16,16,0.13333333333333333,1.0,5,0.17340797367181007,0.1753573198497087
18,4,16,16,0.13333333333333333,1.0,7,0.1236570108086156,0.12506264456702568
18,4,16,16,0.13333333333333333,1.0,9,0.0961046873188591,0.0972020695929483
18,4,16,16,0.13333333333333333,1.0,11,0.07859801901750732,0.07949760378318972
18,4,16,16,0.13333333333333333,1.0,13,0.06648854111664096,0.0672505962982716
18,4,16,16,0.13333333333333333,1.0,15,0.0576131604747501,0.058274100127674325
18,4,16,16,0.13333333333333333,1.0,17,0.050828668167952964,0.05141215356084449
18,4,16,16,0.13333333333333333,1.0,19,0.04547394954256622,0.04599621474688093
19,4,16,16,0.13333333333333333,0.1,1,0.01418961475335742,0.013174982691562207
19,4,16,16,0.13333333333333333,0.1,3,0.004722440968304043,0.0043828987097598165
19,4,16,16,0.13333333333333333,0.1,5,0.002832847715166443,0.002629138228875186
19,4,16,16,0.13333333333333333,0.1,7,0.002023294045376464,0.0018778045074353369
19,4,16,16,0.13333333333333333,0.1,9,0.0015736043837760846,0.0014604557765412
19,4,16,16,0.13333333333333333,0.1,11,0.001287459941378228,0.0011948897236474826
19,4,16,16,0.13333333333333333,0.1,13,0.0010893694207294881,0.0010110445283129264
19,4,16,16,0.13333333333333333,0.1,15,0.0009441078229438664,0.000876228764570507
19,4,16,16,0.13333333333333333,0.1,17,0.0008330280963876632,0.000773136571790474
19,4,16,16,0.13333333333333333,0.1,19,0.0007453351833895202,0.0006917493102451019
19,4,16,16,0.13333333333333333,0.5,1,0.3294849400669296,0.304910733026945
19,4,16,16,0.13333333333333333,0.5,3,0.10733713919921292,0.09778829078513857
19,4,16,16,0.13333333333333333,0.5,5,0.0642389073057255,0.05848214666104043
19,4,16,16,0.13333333333333333,0.5,7,0.04584412932594902,0.04173231114128127
19,4,16,16,0.13333333333333333,0.5,9,0.03564078204796355,0.03244441643755742
19,4,16,16,0.13333333333333333,0.5,11,0.029153004875322876,0.026539179896829634
19,4,16,16,0.13333333333333333,0.5,13,0.024663676298683365,0.022452974859243514
19,4,16,16,0.13333333333333333,0.5,15,0.021372584700821703,0.01945736001393272
19,4,16,16,0.13333333333333333,0.5,17,0.018856458336236625,0.01716707928809946
19,4,16,16,0.13333333333333333,0.5,19,0.016870391686951838,0.0153592355800714
19,4,16,16,0.13333333333333333,1.0,1,1.0432351834006672,0.9597026685889497
19,4,16,16,0.13333333333333333,1.0,3,0.32931215875203507,0.28603495274733653
19,4,16,16,0.13333333333333333,1.0,5,0.19615570539906893,0.17089421895999987
19,4,16,16,0.13333333333333333,1.0,7,0.1397026680065808,0.12195322963423645
19,4,16,16,0.13333333333333333,1.0,9,0.10848699072242744,0.09481566085797548
19,4,16,16,0.13333333333333333,1.0,11,0.088675065242259,0.07756095531410231
19,4,16,16,0.13333333333333333,1.0,13,0.07498249074233376,0.06562083865597514
19,4,16,16,0.13333333333333333,1.0,15,0.06495321336468896,0.05686716100056489
19,4,16,16,0.13333333333333333,1.0,17,0.05729049695751108,0.050174372294582846
19,4,16,16,0.13333333333333333,1.0,19,0.05124506318755526,0.04489124551218672
20,4,16,16,0.13333333333333333,0.1,1,0.012357880965412729,0.01205322549315712
20,4,16,16,0.13333333333333333,0.1,3,0.004117809355086187,0.004016334886008584
20,4,16,16,0.13333333333333333,0.1,5,0.002470614046758525,0.002409733113059091
20,4,16,16,0.13333333333333333,0.1,7,0.0017647102294139126,0.0017212245863656985
20,4,16,16,0.13333333333333333,0.1,9,0.001372547890339732,0.001338725959853494
20,4,16,16,0.13333333333333333,0.1,11,0.0011229918603516337,0.0010953194696607744
20,4,16,16,0.13333333333333333,0.1,13,0.0009502229726685929,0.0009268079204960604
20,4,16,16,0.13333333333333333,0.1,15,0.000823526081941767,0.000803233062631901
20,4,16,16,0.13333333333333333,0.1,17,0.0007266403690073808,0.0007087347790117627
20,4,16,16,0.13333333333333333,0.1,19,0.0006501517262147779,0.0006341309447529705
20,4,16,16,0.13333333333333333,0.5,1,0.2906184700557589,0.28480200255769444
20,4,16,16,0.13333333333333333,0.5,3,0.09600343496181858,0.09415249815097965
20,4,16,16,0.13333333333333333,0.5,5,0.0575548672423582,0.05644899887129664
20,4,16,16,0.13333333333333333,0.5,7,0.04110122709898969,0.04031225070654198
20,4,16,16,0.13333333333333333,0.5,9,0.03196460455222115,0.031351254333112616
20,4,16,16,0.13333333333333333,0.5,11,0.026151607066781372,0.02564989862401087
20,4,16,16,0.13333333333333333,0.5,13,0.02212767350489261,0.021703211131215948
20,4,16,16,0.13333333333333333,0.5,15,0.01917698551965,0.018809150846627945
20,4,16,16,0.13333333333333333,0.5,17,0.01692067402445513,0.016596133315075166
20,4,16,16,0.13333333333333333,0.5,19,0.015139427734519536,0.014849061312248366
20,4,16,16,0.13333333333333333,1.0,1,0.961219574480139,0.9530233838406239
20,4,16,16,0.13333333333333333,1.0,3,0.30933824992169623,0.3093328410452175
20,4,16,16,0.13333333333333333,1.0,5,0.18462340241488215,0.1847931939539971
20,4,16,16,0.13333333333333333,1.0,7,0.13166835399352245,0.13182655814715682
20,4,16,16,0.13333333333333333,1.0,9,0.1023415314697265,0.10247680616671863
20,4,16,16,0.13333333333333333,1.0,11,0.08370588344409337,0.08382171163054948
20,4,16,16,0.13333333333333333,1.0,13,0.07081431020954992,0.0709148477521863
20,4,16,16,0.13333333333333333,1.0,15,0.06136490492727873,0.061453420453471734
20,4,16,16,0.13333333333333333,1.0,17,0.054141074360440376,0.05421999484964785
20,4,16,16,0.13333333333333333,1.0,19,0.0484392308210044,0.04851035873572083
21,4,16,16,0.13333333333333333,0.1,1,0.013578563886916726,0.012334867712238755
21,4,16,16,0.13333333333333333,0.1,3,0.004520471947553936,0.004104745588924157
21,4,16,16,0.13333333333333333,0.1,5,0.0027118603878583704,0.002462373176738981
21,4,16,16,0.13333333333333333,0.1,7,0.0019369332388455061,0.0017587182144940291
21,4,16,16,0.13333333333333333,0.1,9,0.0015064601032600696,0.0013678453045512567
21,4,16,16,0.13333333333333333,0.1,11,0.0012325368113375213,0.0011191234291164653
21,4,16,16,0.13333333333333333,0.1,13,0.0010429036615701031,0.0009469378782531091
21,4,16,16,0.13333333333333333,0.1,15,0.0009038423590573395,0.0008206716829389477
21,4,16,16,0.13333333333333333,0.1,17,0.0007975030222606701,0.0007241169383757524
21,4,16,16,0.13333333333333333,0.1,19,0.0007135519032457357,0.0006478905501423182
21,4,16,16,0.13333333333333333,0.5,1,0.3151279668601303,0.28801460416405195
21,4,16,16,0.13333333333333333,0.5,3,0.10279326995855909,0.09304865376476648
21,4,16,16,0.13333333333333333,0.5,5,0.061526634447911635,0.055679651901235215
21,4,16,16,0.13333333333333333,0.5,7,0.04391069563054298,0.039738483125366
21,4,16,16,0.13333333333333333,0.5,9,0.03413863241368976,0.030896163426767514
21,4,16,16,0.13333333333333333,0.5,11,0.02792480989986736,0.025273447156123358
21,4,16,16,0.13333333333333333,0.5,13,0.02362492010303205,0.021382458783484982
21,4,16,16,0.13333333333333333,0.5,15,0.020472636295574675,0.018529840975573263
21,4,16,16,0.13333333333333333,0.5,17,0.018062592544923012,0.016348832000385692
21,4,16,16,0.13333333333333333,0.5,19,0.016160236062225768,0.014627213384868241
21,4,16,16,0.13333333333333333,1.0,1,1.0011164245756692,0.9380209471383005
21,4,16,16,0.13333333333333333,1.0,3,0.31609819588221544,0.28541422207983236
21,4,16,16,0.13333333333333333,1.0,5,0.18807956239098522,0.17005329867616337
21,4,16,16,0.13333333333333333,1.0,7,0.13389146774302008,0.12121596145324019
21,4,16,16,0.13333333333333333,1.0,9,0.10394949689551831,0.09419277034793713
21,4,16,16,0.13333333333333333,1.0,11,0.08495358685688845,0.07702841292200775
21,4,16,16,0.13333333333333333,1.0,13,0.07182836758240581,0.06515788122506996
21,4,16,16,0.13333333333333333,1.0,15,0.062216384361970495,0.05645855983491372
21,4,16,16,0.13333333333333333,1.0,17,0.054873469230714934,0.049809103250677646
21,4,16,16,0.13333333333333333,1.0,19,0.04908093027444384,0.0445612057556863
22,4,16,16,0.13333333333333333,0.1,1,0.009920414749889197,0.009926561012613182
22,4,16,16,0.13333333333333333,0.1,3,0.003303140346877032,0.0033072333684287716
22,4,16,16,0.13333333333333333,0.1,5,0.001981708671341095,0.0019842626353830353
22,4,16,16,0.13333333333333333,0.1,7,0.0014154716561280553,0.0014173152320978535
22,4,16,16,0.13333333333333333,0.1,9,0.0011009113452798336,0.001102351420264557
22,4,16,16,0.13333333333333333,0.1,11,0.0009007410681367392,0.0009019218718963941
22,4,16,16,0.13333333333333333,0.1,13,0.0007621632912758953,0.0007631636790687977
22,4,16,16,0.13333333333333333,0.1,15,0.0006605403076796342,0.0006614079880318364
22,4,16,16,0.13333333333333333,0.1,17,0.000582828968885517,0.0005835949687691939
22,4,16,16,0.13333333333333333,0.1,19,0.000521478102941552,0.0005221637219390192
22,4,16,16,0.13333333333333333,0.5,1,0.23366925721148527,0.23714710801156186
22,4,16,16,0.13333333333333333,0.5,3,0.07582903921996363,0.07824727918152892
22,4,16,16,0.13333333333333333,0.5,5,0.04540336414476331,0.046915086295757066
22,4,16,16,0.13333333333333333,0.5,7,0.03241254869137582,0.033504316780336864
22,4,16,16,0.13333333333333333,0.5,9,0.025203870718710435,0.026056854411267604
22,4,16,16,0.13333333333333333,0.5,11,0.020618911100711266,0.021318393496738218
22,4,16,16,0.13333333333333333,0.5,13,0.017445584989360535,0.018038226898930896
22,4,16,16,0.13333333333333333,0.5,15,0.01511886225481108,0.01563290513217498
22,4,16,16,0.13333333333333333,0.5,17,0.013339792430848256,0.013793607282816962
22,4,16,16,0.13333333333333333,0.5,19,0.011935365281504615,0.01234156549156819
22,4,16,16,0.13333333333333333,1.0,1,0.7801028514792842,0.8201585521633881
22,4,16,16,0.13333333333333333,1.0,3,0.2373496232634288,0.2687671479324469
22,4,16,16,0.13333333333333333,1.0,5,0.14147948413922254,0.16121035274436202
22,4,16,16,0.13333333333333333,1.0,7,0.10087604494858946,0.11514274589809052
22,4,16,16,0.13333333333333333,1.0,9,0.07840152386606708,0.0895532865053503
22,4,16,16,0.13333333333333333,1.0,11,0.06412287696760736,0.07327000648916492
22,4,16,16,0.13333333333333333,1.0,13,0.054246234936260046,0.06199728734788129
22,4,16,16,0.13333333333333333,1.0,15,0.04700710811816911,0.053730762461803895
22,4,16,16,0.13333333333333333,1.0,17,0.041473148994152324,0.047409367854731245
22,4,16,16,0.13333333333333333,1.0,19,0.03710522667155866,0.042418828034546975
23,4,16,16,0.13333333333333333,0.1,1,0.012233428418722603,0.012230613555900065
23,4,16,16,0.13333333333333333,0.1,3,0.004072038956078866,0.004071255639844947
23,4,16,16,0.13333333333333333,0.1,5,0.0024427601486375224,0.002442327791772882
23,4,16,16,0.13333333333333333,0.1,7,0.0017447037350141299,0.001744407755092294
23,4,16,16,0.13333333333333333,0.1,9,0.0013569412152057763,0.0013567168236672308
23,4,16,16,0.13333333333333333,0.1,11,0.0011101993348750913,0.0011100188493677549
23,4,16,16,0.13333333333333333,0.1,13,0.0009393850197166185,0.0009392341523076045
23,4,16,16,0.13333333333333333,0.1,15,0.0008141247013371961,0.0008139951398530271
23,4,16,16,0.13333333333333333,0.1,17,0.0007183393549729804,0.0007182258460770937
23,4,16,16,0.13333333333333333,0.1,19,0.0006427205190739169,0.0006426195344808848
23,4,16,16,0.13333333333333333,0.5,1,0.287707073597214,0.28704066469436307
23,4,16,16,0.13333333333333333,0.5,3,0.09389248123021948,0.09353911701801704
23,4,16,16,0.13333333333333333,0.5,5,0.05620738792474193,0.05599689997610062
23,4,16,16,0.13333333333333333,0.5,7,0.04011744697836698,0.03996850911719903
23,4,16,16,0.13333333333333333,0.5,9,0.031190948785565276,0.031075880926941475
23,4,16,16,0.13333333333333333,0.5,11,0.02551441191786575,0.025420713285053517
23,4,16,16,0.13333333333333333,0.5,13,0.021586130547738305,0.02150712596249328
23,4,16,16,0.13333333333333333,0.5,15,0.018706175589152847,0.018637889349615612
23,4,16,16,0.13333333333333333,0.5,17,0.016504279332622475,0.016444154689985988
23,4,16,16,0.13333333333333333,0.5,19,0.014766186684081287,0.014712483182662085
23,4,16,16,0.13333333333333333,1.0,1,0.9485027626580557,0.9420800912895995
23,4,16,16,0.13333333333333333,1.0,3,0.3001383852370831,0.2949289315539719
23,4,16,16,0.13333333333333333,1.0,5,0.178818504126976,0.17593603893436277
23,4,16,16,0.13333333333333333,1.0,7,0.12740413013276577,0.1254473629199971
23,4,16,16,0.13333333333333333,1.0,9,0.09896601153119398,0.09749238041435102
23,4,16,16,0.13333333333333333,1.0,11,0.08091081906486924,0.0797313193909778
23,4,16,16,0.13333333333333333,1.0,13,0.06842872956826351,0.06744639260237428
23,4,16,16,0.13333333333333333,1.0,15,0.05928388498727612,0.05844264923803623
23,4,16,16,0.13333333333333333,1.0,17,0.052295521520376,0.051560151841279635
23,4,16,16,0.13333333333333333,1.0,19,0.04678120509868154,0.0461281489050447
24,4,16,16,0.13333333333333333,0.1,1,0.013221143154076706,0.012401888979688422
24,4,16,16,0.13333333333333333,0.1,3,0.004405102160575273,0.004131301229202244
24,4,16,16,0.13333333333333333,0.1,5,0.002642968124610642,0.002478652967478652
24,4,16,16,0.13333333333333333,0.1,7,0.0018878160431628082,0.0017704412609864696
24,4,16,16,0.13333333333333333,0.1,9,0.0014682954998534031,0.0013770018216148097
24,4,16,16,0.13333333333333333,0.1,11,0.0012013302518578493,0.0011266345208498338
24,4,16,16,0.13333333333333333,0.1,13,0.0010165090306139893,0.0009533045108835641
24,4,16,16,0.13333333333333333,0.1,15,0.0008809738502183866,0.0008261963607186655
24,4,16,16,0.13333333333333333,0.1,17,0.0007773294886833133,0.0007289962687338536
24,4,16,16,0.13333333333333333,0.1,19,0.0006955050941096472,0.0006522594930780138
24,4,16,16,0.13333333333333333,0.5,1,0.3069401030657399,0.28958625501112073
24,4,16,16,0.13333333333333333,0.5,3,0.10125256317869903,0.09503486013069225
24,4,16,16,0.13333333333333333,0.5,5,0.060703459318331876,0.05694869397252511
24,4,16,16,0.13333333333333333,0.5,7,0.04335020121182231,0.040663415198323664
24,4,16,16,0.13333333333333333,0.5,9,0.03371381518916728,0.03162254715935764
24,4,16,16,0.13333333333333333,0.5,11,0.027582785679451025,0.025871107032549988
24,4,16,16,0.13333333333333333,0.5,13,0.023338674549574796,0.021890018775899103
24,4,16,16,0.13333333333333333,0.5,15,0.020226522028765247,0.01897085045516988
24,4,16,16,0.13333333333333333,0.5,17,0.017846737075251338,0.01673869134605179
24,4,16,16,0.13333333333333333,0.5,19,0.015968011395136806,0.014976539167475293
24,4,16,16,0.13333333333333333,1.0,1,0.976189518813611,0.9390915334132847
24,4,16,16,0.13333333333333333,1.0,3,0.3155326583171804,0.29661668872438324
24,4,16,16,0.13333333333333333,1.0,5,0.18893209267609462,0.17707063502475762
24,4,16,16,0.13333333333333333,1.0,7,0.13487638521821527,0.12630007304959395
24,4,16,16,0.13333333333333333,1.0,9,0.10487992334279116,0.09817592330326705
24,4,16,16,0.13333333333333333,1.0,11,0.08580095429529937,0.08030192056649954
24,4,16,16,0.13333333333333333,1.0,13,0.0725959983901927,0.06793617056837782
24,4,16,16,0.13333333333333333,1.0,15,0.06291391859959092,0.05887169955996015
24,4,16,16,0.13333333333333333,1.0,17,0.05551074067307373,0.05194189233333154
24,4,16,16,0.13333333333333333,1.0,19,0.049666538647504255,0.04647198735522397
25,4,16,16,0.13333333333333333,0.1,1,0.01264438244723374,0.012354067860104023
25,4,16,16,0.13333333333333333,0.1,3,0.004210795170853277,0.004112475492438452
25,4,16,16,0.13333333333333333,0.1,5,0.0025262680079356386,0.002467143680298615
25,4,16,16,0.13333333333333333,0.1,7,0.0018044328007100503,0.0017621645175385726
25,4,16,16,0.13333333333333333,0.1,9,0.0014034325335073366,0.0013705421766057983
25,4,16,16,0.13333333333333333,0.1,11,0.0011482562730928951,0.0011213384010232467
25,4,16,16,0.13333333333333333,0.1,13,0.0009715979964516828,0.0009488169888867383
25,4,16,16,0.13333333333333333,0.1,15,0.0008420496038607562,0.0008223033437699367
25,4,16,16,0.13333333333333333,0.1,17,0.0007429837052592034,0.0007255587204734594
25,4,16,16,0.13333333333333333,0.1,19,0.0006647740765296669,0.0006491820309047982
25,4,16,16,0.13333333333333333,0.5,1,0.29519047265102727,0.28806170122335495
25,4,16,16,0.13333333333333333,0.5,3,0.09637085929130906,0.0934790905818042
25,4,16,16,0.13333333333333333,0.5,5,0.057729834656829744,0.05595970760890135
25,4,16,16,0.13333333333333333,0.5,7,0.04121736203477031,0.039944601377198075
25,4,16,16,0.13333333333333333,0.5,9,0.03205209251538572,0.031059027311682696
25,4,16,16,0.13333333333333333,0.5,11,0.02622200378691849,0.025408008737666993
25,4,16,16,0.13333333333333333,0.5,13,0.022186658619698967,0.02149707961405673
25,4,16,16,0.13333333333333333,0.5,15,0.019227786929499103,0.01862966031358803
25,4,16,16,0.13333333333333333,0.5,17,0.016965308884604603,0.016437231524436925
25,4,16,16,0.13333333333333333,0.5,19,0.015179243895053733,0.014706535738581867
25,4,16,16,0.13333333333333333,1.0,1,0.9564738942465437,0.9343038735505105
25,4,16,16,0.13333333333333333,1.0,3,0.3019050997604616,0.29607552438755963
25,4,16,16,0.13333333333333333,1.0,5,0.18031375544178882,0.17688219565656774
25,4,16,16,0.13333333333333333,1.0,7,0.12862258039087676,0.12617265235911404
25,4,16,16,0.13333333333333333,1.0,9,0.09998155370070533,0.09807232374017799
25,4,16,16,0.13333333333333333,1.0,11,0.0817778217983085,0.0802124691757954
25,4,16,16,0.13333333333333333,1.0,13,0.06918377068267752,0.06785682786443649
25,4,16,16,0.13333333333333333,1.0,15,0.059951985032042895,0.05880020631935418
25,4,16,16,0.13333333333333333,1.0,17,0.05289434158246226,0.05187676347845151
25,4,16,16,0.13333333333333333,1.0,19,0.04732360378024681,0.04641215667614202
26,4,16,16,0.13333333333333333,0.1,1,0.012309022333098192,0.013031287117842884
26,4,16,16,0.13333333333333333,0.1,3,0.004091251163603431,0.004335897424595219
26,4,16,16,0.13333333333333333,0.1,5,0.0024535317158324867,0.0026008964390858407
26,4,16,16,0.13333333333333333,0.1,7,0.0017521634516177707,0.0018576092157850802
26,4,16,16,0.13333333333333333,0.1,9,0.001362641400574309,0.0014447365882882582
26,4,16,16,0.13333333333333333,0.1,11,0.001114809929633839,0.001182021861083902
26,4,16,16,0.13333333333333333,0.1,13,0.0009432550614968649,0.0010001521785738855
26,4,16,16,0.13333333333333333,0.1,15,0.0008174588570176278,0.0008667859827409131
26,4,16,16,0.13333333333333333,0.1,17,0.0007212678268646216,0.0007648028015509971
26,4,16,16,0.13333333333333333,0.1,19,0.0006453312353114866,0.0006842914059645431
26,4,16,16,0.13333333333333333,0.5,1,0.2911573813005691,0.3051934331696482
26,4,16,16,0.13333333333333333,0.5,3,0.09447427079642272,0.09905286344811752
26,4,16,16,0.13333333333333333,0.5,5,0.056485234934659456,0.05923217565552183
26,4,16,16,0.13333333333333333,0.5,7,0.04029244932031183,0.04225732770024226
26,4,16,16,0.13333333333333333,0.5,9,0.03131654388030834,0.032846657369444594
26,4,16,16,0.13333333333333333,0.5,11,0.025611573498021324,0.02686468095415568
26,4,16,16,0.13333333333333333,0.5,13,0.02166501665676026,0.02272612766651577
26,4,16,16,0.13333333333333333,0.5,15,0.018772406636634462,0.01969257876640138
26,4,16,16,0.13333333333333333,0.5,17,0.016561265384572303,0.0173735690861559
26,4,16,16,0.13333333333333333,0.5,19,0.014816141562428928,0.015543224729126564
26,4,16,16,0.13333333333333333,1.0,1,0.9511090903656807,0.9926249501263034
26,4,16,16,0.13333333333333333,1.0,3,0.29507070636311644,0.31174036965174223
26,4,16,16,0.13333333333333333,1.0,5,0.17557125658458947,0.1851013317995151
26,4,16,16,0.13333333333333333,1.0,7,0.12499548505562978,0.13166021762491645
26,4,16,16,0.13333333333333333,1.0,9,0.09704767786538535,0.10217211734888883
26,4,16,16,0.13333333333333333,1.0,11,0.0793157953703942,0.08347861990736152
26,4,16,16,0.13333333333333333,1.0,13,0.06706334303057518,0.07056863380618719
26,4,16,16,0.13333333333333333,1.0,15,0.05809016018605312,0.06111741292838271
26,4,16,16,0.13333333333333333,1.0,17,0.051235031261451305,0.05389904640322274
26,4,16,16,0.13333333333333333,1.0,19,0.04582715019180105,0.048205794687824564
27,4,16,16,0.13333333333333333,0.1,1,0.013946251766392305,0.013289122626921033
27,4,16,16,0.13333333333333333,0.1,3,0.004643041503819127,0.004423854599585153
27,4,16,16,0.13333333333333333,0.1,5,0.0027854253072058972,0.0026539861358102737
27,4,16,16,0.13333333333333333,0.1,7,0.0019894881081740667,0.0018956315664260016
27,4,16,16,0.13333333333333333,0.1,9,0.0015473400554868852,0.0014743541138116534
27,4,16,16,0.13333333333333333,0.1,11,0.0012659861783923738,0.0012062778591333367
27,4,16,16,0.13333333333333333,0.1,13,0.0010712082525608953,0.0010206903374335278
27,4,16,16,0.13333333333333333,0.1,15,0.0009283738320417081,0.0008845945692511687
27,4,16,16,0.13333333333333333,0.1,17,0.0008191490047711511,0.0007805222532097873
27,4,16,16,0.13333333333333333,0.1,19,0.0007329197642361039,0.0006983604239188666
27,4,16,16,0.13333333333333333,0.5,1,0.32240256161758446,0.30743548765255374
27,4,16,16,0.13333333333333333,0.5,3,0.10511459683460915,0.09960041920840537
27,4,16,16,0.13333333333333333,0.5,5,0.06293374598705016,0.05963187122777158
27,4,16,16,0.13333333333333333,0.5,7,0.04492137186776613,0.042568578692104536
27,4,16,16,0.13333333333333333,0.5,9,0.034927343793459575,0.03310057160267296
27,4,16,16,0.13333333333333333,0.5,11,0.028571547955066164,0.027078787312099714
27,4,16,16,0.13333333333333333,0.5,13,0.024173018741970014,0.02291109255002712
27,4,16,16,0.13333333333333333,0.5,15,0.020948210369897358,0.019855327459762866
27,4,16,16,0.13333333333333333,0.5,17,0.018482596026497704,0.017518836883064406
27,4,16,16,0.13333333333333333,0.5,19,0.016536299068938838,0.01567438646078022
27,4,16,16,0.13333333333333333,1.0,1,1.01316829294757,0.9719572831085374
27,4,16,16,0.13333333333333333,1.0,3,0.31885801004519404,0.3002110043706157
27,4,16,16,0.13333333333333333,1.0,5,0.19008504084515102,0.17897221247405978
27,4,16,16,0.13333333333333333,1.0,7,0.1354497488418039,0.12756421576454874
27,4,16,16,0.13333333333333333,1.0,9,0.10521955839224668,0.09911414797654926
27,4,16,16,0.13333333333333333,1.0,11,0.08602409578173811,0.08104473373598334
27,4,16,16,0.13333333333333333,1.0,13,0.07275299896765129,0.06854961438458325
27,4,16,16,0.13333333333333333,1.0,15,0.06302989021720447,0.05939351212555331
27,4,16,16,0.13333333333333333,1.0,17,0.0555995736710767,0.052395551735606644
27,4,16,16,0.13333333333333333,1.0,19,0.04973652485055439,0.04687304740125899
28,4,16,16,0.13333333333333333,0.1,1,0.009731133800196365,0.01116402980674889
28,4,16,16,0.13333333333333333,0.1,3,0.003241545920022194,0.003717387765422518
28,4,16,16,0.13333333333333333,0.1,5,0.0019448239525753923,0.0022302430824309273
28,4,16,16,0.13333333333333333,0.1,7,0.0013891395847386485,0.0015929934711066307
28,4,16,16,0.13333333333333333,0.1,9,0.0010804353763168852,0.0012389829831082608
28,4,16,16,0.13333333333333333,0.1,11,0.0008839898791854075,0.001013708405279861
28,4,16,16,0.13333333333333333,0.1,13,0.0007479901215702579,0.0008577508597080094
28,4,16,16,0.13333333333333333,0.1,15,0.0006482573905184706,0.0007433827699893891
28,4,16,16,0.13333333333333333,0.1,17,0.0005719913936314372,0.0006559252019618354
28,4,16,16,0.13333333333333333,0.1,19,0.0005117815087952914,0.0005868799598052674
28,4,16,16,0.13333333333333333,0.5,1,0.23265080639405256,0.26061110555517697
28,4,16,16,0.13333333333333333,0.5,3,0.07646945085353767,0.08456373942419786
28,4,16,16,0.13333333333333333,0.5,5,0.0458344937661785,0.05063146316088811
28,4,16,16,0.13333333333333333,0.5,7,0.0327297231759568,0.03614438803560688
28,4,16,16,0.13333333333333333,0.5,9,0.025453514454036326,0.028105605473138125
28,4,16,16,0.13333333333333333,0.5,11,0.020824387845091104,0.022992723271350473
28,4,16,16,0.13333333333333333,0.5,13,0.017620045003341914,0.01945403246422253
28,4,16,16,0.13333333333333333,0.5,15,0.015270384506412979,0.0168594281778406
28,4,16,16,0.13333333333333333,0.5,17,0.013473679341897547,0.014875533664940384
28,4,16,16,0.13333333333333333,0.5,19,0.012055278539436862,0.013309416774573857
28,4,16,16,0.13333333333333333,1.0,1,0.809576064597674,0.839688481364438
28,4,16,16,0.13333333333333333,1.0,3,0.26385576644289954,0.2493626815412001
28,4,16,16,0.13333333333333333,1.0,5,0.15819032440396352,0.1482468361915052
28,4,16,16,0.13333333333333333,1.0,7,0.11297130047964551,0.10562064401796886
28,4,16,16,0.13333333333333333,1.0,9,0.08785982661458873,0.08206291258008318
28,4,16,16,0.13333333333333333,1.0,11,0.07188256322378139,0.06710655049993187
28,4,16,16,0.13333333333333333,1.0,13,0.06082238011067444,0.056765022592806004
28,4,16,16,0.13333333333333333,1.0,15,0.05271201123590642,0.04918686646537926
28,4,16,16,0.13333333333333333,1.0,17,0.04651017596210864,0.04339458159258067
28,4,16,16,0.13333333333333333,1.0,19,0.041614103664372966,0.03882322067490578
29,4,16,16,0.13333333333333333,0.1,1,0.011748766638269436,0.012038460924842509
29,4,16,16,0.13333333333333333,0.1,3,0.003912737372252667,0.00401030772936179
29,4,16,16,0.13333333333333333,0.1,5,0.0023474737834395807,0.0024060641910572432
29,4,16,16,0.13333333333333333,0.1,7,0.0016767338053313905,0.001718593579200405
29,4,16,16,0.13333333333333333,0.1,9,0.0013041156725202825,0.0013366763094472204
29,4,16,16,0.13333333333333333,0.1,11,0.0010669993335214029,0.001093641111608698
29,4,16,16,0.13333333333333333,0.1,13,0.0009028434493130293,0.0009253871040263412
29,4,16,16,0.13333333333333333,0.1,15,0.0007824631587923355,0.0008020013254978293
29,4,16,16,0.13333333333333333,0.1,17,0.0006904079831584427,0.0007076477381578504
29,4,16,16,0.13333333333333333,0.1,19,0.0006177330280143279,0.0006331581950115236
29,4,16,16,0.13333333333333333,0.5,1,0.2763978257947608,0.28074624670592696
29,4,16,16,0.13333333333333333,0.5,3,0.09010452209781096,0.09208435190416746
29,4,16,16,0.13333333333333333,0.5,5,0.05396821494146867,0.05518066920799794
29,4,16,16,0.13333333333333333,0.5,7,0.03853017774868974,0.0394010321864687
29,4,16,16,0.13333333333333333,0.5,9,0.02996198434436532,0.030640855300004693
29,4,16,16,0.13333333333333333,0.5,11,0.024511895015396253,0.02506797228615213
29,4,16,16,0.13333333333333333,0.5,13,0.020739639312672465,0.021210476355588263
29,4,16,16,0.13333333333333333,0.5,15,0.017973704395558558,0.018381931770757715
29,4,16,16,0.13333333333333333,0.5,17,0.015858767858020963,0.016219067898123416
29,4,16,16,0.13333333333333333,0.5,19,0.014189183552547918,0.0145116196384702
29,4,16,16,0.13333333333333333,1.0,1,0.9116033214192343,0.9066253875693211
29,4,16,16,0.13333333333333333,1.0,3,0.2790795147081399,0.2821287313837126
29,4,16,16,0.13333333333333333,1.0,5,0.1662835492437211,0.16832055848602484
29,4,16,16,0.13333333333333333,1.0,7,0.1185444323083926,0.12003885898445735
29,4,16,16,0.13333333333333333,1.0,9,0.09212770695049478,0.09330248514126606
29,4,16,16,0.13333333333333333,1.0,11,0.07534675646194479,0.07631305995190835
29,4,16,16,0.13333333333333333,1.0,13,0.0637401222194794,0.06456024707954461
29,4,16,16,0.13333333333333333,1.0,15,0.05523337696366254,0.055945499286297475
29,4,16,16,0.13333333333333333,1.0,17,0.048730578042658124,0.04935971471473417
29,4,16,16,0.13333333333333333,1.0,19,0.04359806050002737,0.0441614695575252
30,4,16,16,0.13333333333333333,0.1,1,0.011507200956628315,0.012456979014982118
30,4,16,16,0.13333333333333333,0.1,3,0.00383468128597208,0.004149726357279568
30,4,16,16,0.13333333333333333,0.1,5,0.002300758239383974,0.0024897057557021177
30,4,16,16,0.13333333333333333,0.1,7,0.0016433887976725278,0.0017783355461721726
30,4,16,16,0.13333333333333333,0.1,9,0.0012781881039972656,0.0013831416296030154
30,4,16,16,0.13333333333333333,0.1,11,0.0010457889485883018,0.001131657918701481
30,4,16,16,0.13333333333333333,0.1,13,0.0008848976995335287,0.0009575550381489192
30,4,16,16,0.13333333333333333,0.1,15,0.0007669109907344177,0.000829880129014233
30,4,16,16,0.13333333333333333,0.1,17,0.0006766859625751591,0.0007322466394894911
30,4,16,16,0.13333333333333333,0.1,19,0.000605455732189325,0.0006551677113285653
30,4,16,16,0.13333333333333333,0.5,1,0.27085085656097035,0.29342293454914053
30,4,16,16,0.13333333333333333,0.5,3,0.08976284996745183,0.0966460016376006
30,4,16,16,0.13333333333333333,0.5,5,0.053831787246404236,0.057907111788595284
30,4,16,16,0.13333333333333333,0.5,7,0.03844615321361647,0.041344755512174695
30,4,16,16,0.13333333333333333,0.5,9,0.029900921566250484,0.032151209730967675
30,4,16,16,0.13333333333333333,0.5,11,0.024463709900000786,0.02630307450290456
30,4,16,16,0.13333333333333333,0.5,13,0.02069973095871411,0.022255236331170224
30,4,16,16,0.13333333333333333,0.5,15,0.01793958667147411,0.01928720816296825
30,4,16,16,0.13333333333333333,0.5,17,0.015828940812337367,0.01701773187436587
30,4,16,16,0.13333333333333333,0.5,19,0.014162669852449822,0.015226144343002674
30,4,16,16,0.13333333333333333,1.0,1,0.9004440228975872,0.9692301639672487
30,4,16,16,0.13333333333333333,1.0,3,0.29741081647813483,0.3109855228188666
30,4,16,16,0.13333333333333333,1.0,5,0.1781646525470187,0.1853171009344563
30,4,16,16,0.13333333333333333,1.0,7,0.1272017792251794,0.13205592127951943
30,4,16,16,0.13333333333333333,1.0,9,0.09891561803101608,0.10259495879149899
30,4,16,16,0.13333333333333333,1.0,11,0.08092299275203893,0.08388890830900302
30,4,16,16,0.13333333333333333,1.0,13,0.06846940932342388,0.07095565661689325
30,4,16,16,0.13333333333333333,1.0,15,0.05933803356065346,0.06147934445440358
30,4,16,16,0.13333333333333333,1.0,17,0.05235583578576147,0.054236972475202455
30,4,16,16,0.13333333333333333,1.0,19,0.04684390852905301,0.048521689256559385
31,4,16,16,0.13333333333333333,0.1,1,0.012482491797135722,0.011970934479269332
31,4,16,16,0.13333333333333333,0.1,3,0.004155481088249427,0.003985394694525555
31,4,16,16,0.13333333333333333,0.1,5,0.0024929078753621933,0.0023909105500286476
31,4,16,16,0.13333333333333333,0.1,7,0.0017805507915434283,0.0017077127147635243
31,4,16,16,0.13333333333333333,0.1,9,0.0013848344246261666,0.0013281901090027816
31,4,16,16,0.13333333333333333,0.1,11,0.001133027502087861,0.0010866861045965128
31,4,16,16,0.13333333333333333,0.1,13,0.0009587049841577095,0.0009194953614227618
31,4,16,16,0.13333333333333333,0.1,15,0.0008308711200230196,0.0007968909337001446
31,4,16,16,0.13333333333333333,0.1,17,0.0007331172694510617,0.0007031357585897443
31,4,16,16,0.13333333333333333,0.1,19,0.0006559440434953484,0.0006291191939461272
31,4,16,16,0.13333333333333333,0.5,1,0.2920898937133457,0.28100846441313565
31,4,16,16,0.13333333333333333,0.5,3,0.09524413199101293,0.09151642856436112
31,4,16,16,0.13333333333333333,0.5,5,0.05704364735188441,0.054786913210952935
31,4,16,16,0.13333333333333333,0.5,7,0.04072396396484223,0.03910567116574443
31,4,16,16,0.13333333333333333,0.5,9,0.03166688085911546,0.03040547857573819
31,4,16,16,0.13333333333333333,0.5,11,0.025906054958376105,0.024872586702398204
31,4,16,16,0.13333333333333333,0.5,13,0.021918855901779888,0.021043560981862004
31,4,16,16,0.13333333333333333,0.5,15,0.018995394653904926,0.018236286287848284
31,4,16,16,0.13333333333333333,0.5,17,0.01676005501065002,0.016089904635541975
31,4,16,16,0.13333333333333333,0.5,19,0.014995452115980827,0.01439559840215179
31,4,16,16,0.13333333333333333,1.0,1,0.9466241422203479,0.9261771980905452
31,4,16,16,0.13333333333333333,1.0,3,0.2997382347315382,0.2892974196613817
31,4,16,16,0.13333333333333333,1.0,5,0.17893957982981648,0.17234205076751402
31,4,16,16,0.13333333333333333,1.0,7,0.1276087490896625,0.12280725066690869
31,4,16,16,0.13333333333333333,1.0,9,0.09917749155106129,0.09540670471213993
31,4,16,16,0.13333333333333333,1.0,11,0.08111143889367571,0.07800795134606581
31,4,16,16,0.13333333333333333,1.0,13,0.06861476693857273,0.06597823616746519
31,4,16,16,0.13333333333333333,1.0,15,0.059455515127393374,0.057163940302703976
31,4,16,16,0.13333333333333333,1.0,17,0.05245399895735183,0.050427626219142076
31,4,16,16,0.13333333333333333,1.0,19,0.04692798493582602,0.04511183470053888
32,4,16,16,0.13333333333333333,0.1,1,0.011172715928364226,0.011172715928364354
32,4,16,16,0.13333333333333333,0.1,3,0.0037205013099355843,0.0037205013099358094
32,4,16,16,0.13333333333333333,0.1,5,0.0022321214121385838,0.002232121412139477
32,4,16,16,0.13333333333333333,0.1,7,0.0015943371380573493,0.0015943371380578845
32,4,16,16,0.13333333333333333,0.1,9,0.0012400286979771904,0.0012400286979799304
32,4,16,16,0.13333333333333333,0.1,11,0.001014564255389226,0.0010145642553892197
32,4,16,16,0.13333333333333333,0.1,13,0.0008584751696144886,0.0008584751696165566
32,4,16,16,0.13333333333333333,0.1,15,0.0007440105754029303,0.0007440105754043149
32,4,16,16,0.13333333333333333,0.1,17,0.0006564791892837728,0.0006564791892838383
32,4,16,16,0.13333333333333333,0.1,19,0.0005873756586287007,0.0005873756586291665
32,4,16,16,0.13333333333333333,0.5,1,0.2606395647525412,0.2606395647525412
32,4,16,16,0.13333333333333333,0.5,3,0.08472206941126273,0.08472206941126352
32,4,16,16,0.13333333333333333,0.5,5,0.05072934506205964,0.05072934506206062
32,4,16,16,0.13333333333333333,0.5,7,0.036214791304233294,0.03621479130423422
32,4,16,16,0.13333333333333333,0.5,9,0.028160511842872667,0.028160511842874554
32,4,16,16,0.13333333333333333,0.5,11,0.023037706653816895,0.02303770665381687
32,4,16,16,0.13333333333333333,0.5,13,0.0194921241550319,0.01949212415503552
32,4,16,16,0.13333333333333333,0.5,15,0.01689245653406393,0.016892456534066375
32,4,16,16,0.13333333333333333,0.5,17,0.01490468546146714,0.014904685461468179
32,4,16,16,0.13333333333333333,0.5,19,0.013335505669197077,0.01333550566920012
32,4,16,16,0.13333333333333333,1.0,1,0.8468975785514101,0.84689757855141
32,4,16,16,0.13333333333333333,1.0,3,0.256800611441644,0.25680061144164434
32,4,16,16,0.13333333333333333,1.0,5,0.15272450885543615,0.15272450885543634
32,4,16,16,0.13333333333333333,1.0,7,0.10881890753315386,0.1088189075331551
32,4,16,16,0.13333333333333333,1.0,9,0.08455017475863728,0.08455017475863706
32,4,16,16,0.13333333333333333,1.0,11,0.06914142589386989,0.06914142589387111
32,4,16,16,0.13333333333333333,1.0,13,0.058486752994300915,0.05848675299430339
32,4,16,16,0.13333333333333333,1.0,15,0.050678981991349126,0.05067898199135127
32,4,16,16,0.13333333333333333,1.0,17,0.0447111228784694,0.04471112287847116
32,4,16,16,0.13333333333333333,1.0,19,0.04000115853289969,0.04000115853290071
33,4,16,16,0.13333333333333333,0.1,1,0.011154410466588282,0.011153812648278768
33,4,16,16,0.13333333333333333,0.1,3,0.003715780578954198,0.003715482638590994
33,4,16,16,0.13333333333333333,0.1,5,0.0022293556817694605,0.002229171703565917
33,4,16,16,0.13333333333333333,0.1,7,0.001592374751754933,0.001592242303763089
33,4,16,16,0.13333333333333333,0.1,9,0.0012385066025549212,0.0012384032553111823
33,4,16,16,0.13333333333333333,0.1,11,0.00101332064629136,0.0010132359517340418
33,4,16,16,0.13333333333333333,0.1,13,0.0008574237326520175,0.0008573520009663618
33,4,16,16,0.13333333333333333,0.1,15,0.0007430997909640977,0.0007430375870249725
33,4,16,16,0.13333333333333333,0.1,17,0.0006556758277632248,0.0006556209204194355
33,4,16,16,0.13333333333333333,0.1,19,0.0005866570320060744,0.0005866078908779578
33,4,16,16,0.13333333333333333,0.5,1,0.2638049112164381,0.2636966148148967
33,4,16,16,0.13333333333333333,0.5,3,0.08682196338301547,0.08665791248493662
33,4,16,16,0.13333333333333333,0.5,5,0.052043441878244584,0.05193123687702264
33,4,16,16,0.13333333333333333,0.5,7,0.03716414960777399,0.03708113671133248
33,4,16,16,0.13333333333333333,0.5,9,0.028902337750244176,0.0288368392899778
33,4,16,16,0.13333333333333333,0.5,11,0.02364607925521089,0.02359210043277052
33,4,16,16,0.13333333333333333,0.5,13,0.020007594307193042,0.019961729796744945
33,4,16,16,0.13333333333333333,0.5,15,0.017339574420633594,0.017299721563910166
33,4,16,16,0.13333333333333333,0.5,17,0.015299423640534049,0.015264198165835614
33,4,16,16,0.13333333333333333,0.5,19,0.01368883199958642,0.013657276043169046
33,4,16,16,0.13333333333333333,1.0,1,0.890258645251191,0.8962117020224156
33,4,16,16,0.13333333333333333,1.0,3,0.28905039337324157,0.28799180196873453
33,4,16,16,0.13333333333333333,1.0,5,0.1729573170460871,0.17173404153207775
33,4,16,16,0.13333333333333333,1.0,7,0.12344525122906246,0.12243660305807878
33,4,16,16,0.13333333333333333,1.0,9,0.09598208846858536,0.09515209579551649
33,4,16,16,0.13333333333333333,1.0,11,0.07851796157674944,0.07781957942191403
33,4,16,16,0.13333333333333333,1.0,13,0.06643201529319864,0.06583156257133783
33,4,16,16,0.13333333333333333,1.0,15,0.05757100552340638,0.057045399358600576
33,4,16,16,0.13333333333333333,1.0,17,0.050795935069718114,0.05032907480335586
33,4,16,16,0.13333333333333333,1.0,19,0.04544773227688111,0.04502806982022255
34,4,16,16,0.13333333333333333,0.1,1,0.0120627744134372,0.012062774413437194
34,4,16,16,0.13333333333333333,0.1,3,0.004014870640577159,0.004014870640577662
34,4,16,16,0.13333333333333333,0.1,5,0.0024084139400752528,0.0024084139400771744
34,4,16,16,0.13333333333333333,0.1,7,0.0017201558427891997,0.0017201558427897595
34,4,16,16,0.13333333333333333,0.1,9,0.0013378417553285046,0.0013378417553326833
34,4,16,16,0.13333333333333333,0.1,11,0.0010945689696300698,0.0010945689696301097
34,4,16,16,0.13333333333333333,0.1,13,0.0009261572283482362,0.0009261572283494534
34,4,16,16,0.13333333333333333,0.1,15,0.0008026592698791556,0.0008026592698815705
34,4,16,16,0.13333333333333333,0.1,17,0.0007082218835756705,0.0007082218835810769
34,4,16,16,0.13333333333333333,0.1,19,0.0006336673954141663,0.000633667395415968
34,4,16,16,0.13333333333333333,0.5,1,0.2845471235785286,0.28454712357852874
34,4,16,16,0.13333333333333333,0.5,3,0.09275967415846881,0.09275967415846918
34,4,16,16,0.13333333333333333,0.5,5,0.05553209338721244,0.055532093387212426
34,4,16,16,0.13333333333333333,0.5,7,0.039636697533693976,0.039636697533695975
34,4,16,16,0.13333333333333333,0.5,9,0.030817730974587634,0.030817730974588245
34,4,16,16,0.13333333333333333,0.5,11,0.02520941002509335,0.025209410025094012
34,4,16,16,0.13333333333333333,0.5,13,0.02132825801442558,0.021328258014428926
34,4,16,16,0.13333333333333333,0.5,15,0.018482814753000117,0.018482814753002324
34,4,16,16,0.13333333333333333,0.5,17,0.016307281767938265,0.016307281767938112
34,4,16,16,0.13333333333333333,0.5,19,0.014589985324242195,0.014589985324241845
34,4,16,16,0.13333333333333333,1.0,1,0.9441701776268938,0.9441701776268937
34,4,16,16,0.13333333333333333,1.0,3,0.2933419669800437,0.2933419669800439
34,4,16,16,0.13333333333333333,1.0,5,0.1748666460589642,0.17486664605896396
34,4,16,16,0.13333333333333333,1.0,7,0.12465156618289541,0.1246515661828971
34,4,16,16,0.13333333333333333,1.0,9,0.09686058020981969,0.09686058020982032
34,4,16,16,0.13333333333333333,1.0,11,0.07920802033768747,0.07920802033768831
34,4,16,16,0.13333333333333333,1.0,13,0.06699999699654904,0.06699999699655108
34,4,16,16,0.13333333333333333,1.0,15,0.05805354205971843,0.05805354205971884
34,4,16,16,0.13333333333333333,1.0,17,0.05121534729348039,0.05121534729348114
34,4,16,16,0.13333333333333333,1.0,19,0.04581861493683604,0.045818614936836914
35,4,16,16,0.13333333333333333,0.1,1,0.012207488313310354,0.011128688123351849
35,4,16,16,0.13333333333333333,0.1,3,0.004066210918211344,0.003707301137690675
35,4,16,16,0.13333333333333333,0.1,5,0.002439584719384075,0.0022242724927309856
35,4,16,16,0.13333333333333333,0.1,7,0.0017425325997557739,0.0015887447819885577
35,4,16,16,0.13333333333333333,0.1,9,0.0013552941983351289,0.0012356835741377963
35,4,16,16,0.13333333333333333,0.1,11,0.0011088733708576924,0.0010110110122886014
35,4,16,16,0.13333333333333333,0.1,13,0.0009382756667346221,0.0008554694836659906
35,4,16,16,0.13333333333333333,0.1,15,0.0008131712652467427,0.000741406139341215
35,4,16,16,0.13333333333333333,0.1,17,0.0007175034801123564,0.0006541814474526667
35,4,16,16,0.13333333333333333,0.1,19,0.0006419764357149524,0.0005853199662841451
35,4,16,16,0.13333333333333333,0.5,1,0.2869325206862413,0.2628106131297281
35,4,16,16,0.13333333333333333,0.5,3,0.09392400466982496,0.08643871921700295
35,4,16,16,0.13333333333333333,0.5,5,0.0562694601964212,0.051811903817790765
35,4,16,16,0.13333333333333333,0.5,7,0.040175717702998055,0.03699847625004083
35,4,16,16,0.13333333333333333,0.5,9,0.031242414349656564,0.028773390601590544
35,4,16,16,0.13333333333333333,0.5,11,0.025559752291167477,0.023540540172716357
35,4,16,16,0.13333333333333333,0.5,13,0.021626400644464243,0.019918274177884325
35,4,16,16,0.13333333333333333,0.5,15,0.01874229212884987,0.017262153984531507
35,4,16,16,0.13333333333333333,0.5,17,0.016536969573074704,0.015231105810265516
35,4,16,16,0.13333333333333333,0.5,19,0.014796018220878861,0.013627701961958909
35,4,16,16,0.13333333333333333,1.0,1,0.947246186883837,0.8783201072910032
35,4,16,16,0.13333333333333333,1.0,3,0.294127562297945,0.284090737061197
35,4,16,16,0.13333333333333333,1.0,5,0.17526775394759375,0.17013165923762205
35,4,16,16,0.13333333333333333,1.0,7,0.12495176826890116,0.12145965538730144
35,4,16,16,0.13333333333333333,1.0,9,0.09710791290585222,0.09444851800186232
35,4,16,16,0.13333333333333333,1.0,11,0.07942009756710743,0.07726774278517073
35,4,16,16,0.13333333333333333,1.0,13,0.06718612352242086,0.0653763521003648
35,4,16,16,0.13333333333333333,1.0,15,0.058219544849167575,0.05665730600624056
35,4,16,16,0.13333333333333333,1.0,17,0.05136521544084448,0.04999044403746356
35,4,16,16,0.13333333333333333,1.0,19,0.045955231554543306,0.044727478723575874
36,4,16,16,0.13333333333333333,0.1,1,0.01204656437918101,0.011787122875083194
36,4,16,16,0.13333333333333333,0.1,3,0.004011242520157652,0.003924071298962491
36,4,16,16,0.13333333333333333,0.1,5,0.0024065403034076787,0.0023542046495405805
36,4,16,16,0.13333333333333333,0.1,7,0.0017189169793136627,0.001681527895104861
36,4,16,16,0.13333333333333333,0.1,9,0.0013369225040458222,0.0013078400333922167
36,4,16,16,0.13333333333333333,0.1,11,0.0010938403324262653,0.001070044725713772
36,4,16,16,0.13333333333333333,0.1,13,0.0009255545994110574,0.0009054194377379824
36,4,16,16,0.13333333333333333,0.1,15,0.000802145903045074,0.000784695202565184
36,4,16,16,0.13333333333333333,0.1,17,0.0007077749615446531,0.0006923771507774696
36,4,16,16,0.13333333333333333,0.1,19,0.0006332718099985484,0.0006194947374267121
36,4,16,16,0.13333333333333333,0.5,1,0.28128792590391305,0.2752857189058683
36,4,16,16,0.13333333333333333,0.5,3,0.09128236766712447,0.08903741459711038
36,4,16,16,0.13333333333333333,0.5,5,0.054653121211386095,0.05329989712501928
36,4,16,16,0.13333333333333333,0.5,7,0.03901511386934037,0.038047405361461124
36,4,16,16,0.13333333333333333,0.5,9,0.030337786959509942,0.029584777213408433
36,4,16,16,0.13333333333333333,0.5,11,0.024818802669083793,0.024202561815609983
36,4,16,16,0.13333333333333333,0.5,13,0.020999054403313542,0.02047755125425461
36,4,16,16,0.13333333333333333,0.5,15,0.018198380744478587,0.017746374222860038
36,4,16,16,0.13333333333333333,0.5,17,0.016056923209900195,0.015658072096145427
36,4,16,16,0.13333333333333333,0.5,19,0.014366424935511957,0.014009544480878303
36,4,16,16,0.13333333333333333,1.0,1,0.9103415627315137,0.8934074843195505
36,4,16,16,0.13333333333333333,1.0,3,0.274048340596609,0.27637515922311895
36,4,16,16,0.13333333333333333,1.0,5,0.1632031995163397,0.16533655011846352
36,4,16,16,0.13333333333333333,1.0,7,0.11633742711061448,0.118008163126687
36,4,16,16,0.13333333333333333,1.0,9,0.09040952671172386,0.09175613073698675
36,4,16,16,0.13333333333333333,1.0,11,0.0739404008666924,0.07506171085557362
36,4,16,16,0.13333333333333333,1.0,13,0.06254987649634759,0.06350819248261533
36,4,16,16,0.13333333333333333,1.0,15,0.05420170169062002,0.05503741747574463
36,4,16,16,0.13333333333333333,1.0,17,0.04782020343806443,0.048560652004442435
36,4,16,16,0.13333333333333333,1.0,19,0.0427834704246266,0.04344789215072129
37,4,16,16,0.13333333333333333,0.1,1,0.01315649494747994,0.013429204007470096
37,4,16,16,0.13333333333333333,0.1,3,0.004380971448265639,0.004472908547586623
37,4,16,16,0.13333333333333333,0.1,5,0.0026283213777391324,0.0026835423165341315
37,4,16,16,0.13333333333333333,0.1,7,0.001877312873217434,0.0019167695874936141
37,4,16,16,0.13333333333333333,0.1,9,0.0014601106426446087,0.0014908039332915705
37,4,16,16,0.13333333333333333,0.1,11,0.0011946259962719683,0.0012197408611250536
37,4,16,16,0.13333333333333333,0.1,13,0.0010108320178112817,0.0010320842170661207
37,4,16,16,0.13333333333333333,0.1,15,0.0008760512251125247,0.0008944704840279986
37,4,16,16,0.13333333333333333,0.1,17,0.0007729843325670845,0.0007892370572494817
37,4,16,16,0.13333333333333333,0.1,19,0.0006916161782431206,0.0007061583847378514
37,4,16,16,0.13333333333333333,0.5,1,0.306518490785036,0.3120377209445726
37,4,16,16,0.13333333333333333,0.5,3,0.10000574123374281,0.10235017881309613
37,4,16,16,0.13333333333333333,0.5,5,0.05989608718309951,0.06132786555353471
37,4,16,16,0.13333333333333333,0.5,7,0.04276096750608145,0.04378841832360507
37,4,16,16,0.13333333333333333,0.5,9,0.03325123954979374,0.03405182243130248
37,4,16,16,0.13333333333333333,0.5,11,0.027202430774187963,0.027858027662680557
37,4,16,16,0.13333333333333333,0.5,13,0.023015865618700105,0.023570867482148244
37,4,16,16,0.13333333333333333,0.5,15,0.019946197846336812,0.02042733674767135
37,4,16,16,0.13333333333333333,0.5,17,0.017599047060596503,0.018023658000346773
37,4,16,16,0.13333333333333333,0.5,19,0.015746166812683766,0.01612612720941114
37,4,16,16,0.13333333333333333,1.0,1,0.9876589472898961,0.9974526532407227
37,4,16,16,0.13333333333333333,1.0,3,0.3111546646944248,0.31864823640354756
37,4,16,16,0.13333333333333333,1.0,5,0.18576603413005258,0.19049369299818308
37,4,16,16,0.13333333333333333,1.0,7,0.13250761155856644,0.13591950643599815
37,4,16,16,0.13333333333333333,1.0,9,0.1030029062606752,0.10566432852665855
37,4,16,16,0.13333333333333333,1.0,11,0.08425074200485894,0.08643003162152482
37,4,16,16,0.13333333333333333,1.0,13,0.07127717442559836,0.07312134849603419
37,4,16,16,0.13333333333333333,1.0,15,0.06176703866223552,0.0633650310322625
37,4,16,16,0.13333333333333333,1.0,17,0.05449646729473099,0.05590606548988215
37,4,16,16,0.13333333333333333,1.0,19,0.048757561623557565,0.05001839346265807
38,4,16,16,0.13333333333333333,0.1,1,0.011616242240077183,0.011616483724264104
38,4,16,16,0.13333333333333333,0.1,3,0.0038690007827475495,0.003869040639029193
38,4,16,16,0.13333333333333333,0.1,5,0.0023212403095324657,0.0023212559358160474
38,4,16,16,0.13333333333333333,0.1,7,0.0016579950157075021,0.0016580032781572775
38,4,16,16,0.13333333333333333,0.1,9,0.0012895401593938079,0.0012895452538143513
38,4,16,16,0.13333333333333333,0.1,11,0.0010550732503017018,0.001055076699952071
38,4,16,16,0.13333333333333333,0.1,13,0.0008927516842358454,0.0008927541724005913
38,4,16,16,0.13333333333333333,0.1,15,0.000773716633645108,0.000773718511763146
38,4,16,16,0.13333333333333333,0.1,17,0.000682690222067252,0.0006826916891579953
38,4,16,16,0.13333333333333333,0.1,19,0.0006108274847152318,0.0006108286618452596
38,4,16,16,0.13333333333333333,0.5,1,0.2734495258604677,0.2731781430780903
38,4,16,16,0.13333333333333333,0.5,3,0.08952752280530675,0.08952827640663645
38,4,16,16,0.13333333333333333,0.5,5,0.053637698304061364,0.05363891236951704
38,4,16,16,0.13333333333333333,0.5,7,0.03829675326781669,0.038297400599276055
38,4,16,16,0.13333333333333333,0.5,9,0.02978115519072896,0.029781487627094625
38,4,16,16,0.13333333333333333,0.5,11,0.024364191614457603,0.02436435359891688
38,4,16,16,0.13333333333333333,0.5,13,0.020614755096138606,0.02061482013858215
38,4,16,16,0.13333333333333333,0.5,15,0.017865509869979746,0.017865517201563607
38,4,16,16,0.13333333333333333,0.5,17,0.015763316836396066,0.015763288626680312
38,4,16,16,0.13333333333333333,0.5,19,0.014103784277278217,0.014103733692172363
38,4,16,16,0.13333333333333333,1.0,1,0.9086444163455445,0.9065592808638256
38,4,16,16,0.13333333333333333,1.0,3,0.2864515537690396,0.28671313388232694
38,4,16,16,0.13333333333333333,1.0,5,0.1710779118954698,0.1711690523519185
38,4,16,16,0.13333333333333333,1.0,7,0.1220431899560182,0.12208076757787102
38,4,16,16,0.13333333333333333,1.0,9,0.09487273460926045,0.09488868274649528
38,4,16,16,0.13333333333333333,1.0,11,0.07760249052388306,0.0776082114365577
38,4,16,16,0.13333333333333333,1.0,13,0.0656535587942083,0.06565394875493227
38,4,16,16,0.13333333333333333,1.0,15,0.05689424472703957,0.056891682840086555
38,4,16,16,0.13333333333333333,1.0,17,0.050197543678201485,0.05019329077723046
38,4,16,16,0.13333333333333333,1.0,19,0.044911537313060544,0.044906305131055355
39,4,16,16,0.13333333333333333,0.1,1,0.010881402232616511,0.011095095347044615
39,4,16,16,0.13333333333333333,0.1,3,0.003624907469969202,0.0036954013953654917
39,4,16,16,0.13333333333333333,0.1,5,0.0021748377003262776,0.0022170939202623982
39,4,16,16,0.13333333333333333,0.1,7,0.001553434488093594,0.001583609503594017
39,4,16,16,0.13333333333333333,0.1,9,0.0012082200988206523,0.0012316869852039348
39,4,16,16,0.13333333333333333,0.1,11,0.0009885409319016823,0.001007740045408649
39,4,16,16,0.13333333333333333,0.1,13,0.000836456356105953,0.0008527012404635892
39,4,16,16,0.13333333333333333,0.1,15,0.0007249281049014876,0.0007390067221136612
39,4,16,16,0.13333333333333333,0.1,17,0.0006396420108675807,0.0006520641534878637
39,4,16,16,0.13333333333333333,0.1,19,0.0005723110002069537,0.0005834254442700276
39,4,16,16,0.13333333333333333,0.5,1,0.25743545455964667,0.26242180564991274
39,4,16,16,0.13333333333333333,0.5,3,0.08460651218752424,0.08610376082286801
39,4,16,16,0.13333333333333333,0.5,5,0.05070576577250425,0.05155784849988062
39,4,16,16,0.13333333333333333,0.5,7,0.03620695101226153,0.036800778249595226
39,4,16,16,0.13333333333333333,0.5,9,0.028157294925602913,0.028613023084139603
39,4,16,16,0.13333333333333333,0.5,11,0.0230362678259835,0.023406157440767714
39,4,16,16,0.13333333333333333,0.5,13,0.019491487359116468,0.019802861915561354
39,4,16,16,0.13333333333333333,0.5,15,0.016892220383865723,0.017161138398350602
39,4,16,16,0.13333333333333333,0.5,17,0.01490466328050448,0.015141360520001848
39,4,16,16,0.13333333333333333,0.5,19,0.013335602630381478,0.013547004372525083
39,4,16,16,0.13333333333333333,1.0,1,0.8677162775036067,0.8842556486243671
39,4,16,16,0.13333333333333333,1.0,3,0.2754380208255562,0.28056045454991746
39,4,16,16,0.13333333333333333,1.0,5,0.16443470835713658,0.16715449729722928
39,4,16,16,0.13333333333333333,1.0,7,0.11728806798606137,0.11909133407583684
39,4,16,16,0.13333333333333333,1.0,9,0.0911709285998677,0.09250737708261217
39,4,16,16,0.13333333333333333,1.0,11,0.07457235501968304,0.07563002851587387
39,4,16,16,0.13333333333333333,1.0,13,0.06308894842145578,0.06396265006669309
39,4,16,16,0.13333333333333333,1.0,15,0.05467124735906164,0.055414958817494045
39,4,16,16,0.13333333333333333,1.0,17,0.04823589015267702,0.04888309118356212
39,4,16,16,0.13333333333333333,1.0,19,0.04315626575301508,0.043729076787302326
40,4,16,16,0.13333333333333333,0.1,1,0.01422256316202519,0.01311635091263436
40,4,16,16,0.13333333333333333,0.1,3,0.004733144742329333,0.004365015852542945
40,4,16,16,0.13333333333333333,0.1,5,0.0028392647652226307,0.0026185358308865457
40,4,16,16,0.13333333333333333,0.1,7,0.002027877960401496,0.0018702652793761983
40,4,16,16,0.13333333333333333,0.1,9,0.0015771701596433742,0.0014546055748338319
40,4,16,16,0.13333333333333333,0.1,11,0.0012903777722193934,0.001190109991507869
40,4,16,16,0.13333333333333333,0.1,13,0.0010918386191529354,0.0010070040031116801
40,4,16,16,0.13333333333333333,0.1,15,0.0009462479825193254,0.0008727293785233001
40,4,16,16,0.13333333333333333,0.1,17,0.0008349166088203428,0.0007700504725753529
40,4,16,16,0.13333333333333333,0.1,19,0.0007470250066711644,0.0006889891751845597
40,4,16,16,0.13333333333333333,0.5,1,0.32955805522266046,0.3045188020428658
40,4,16,16,0.13333333333333333,0.5,3,0.10716869219245255,0.09842330383176473
40,4,16,16,0.13333333333333333,0.5,5,0.06414027704402826,0.058892391495350166
40,4,16,16,0.13333333333333333,0.5,7,0.0457758737949629,0.04203084860818277
40,4,16,16,0.13333333333333333,0.5,9,0.035588911990378815,0.03267834493481441
40,4,16,16,0.13333333333333333,0.5,11,0.029111278116666663,0.02673128793945007
40,4,16,16,0.13333333333333333,0.5,13,0.024628815761538584,0.022615873017061337
40,4,16,16,0.13333333333333333,0.5,15,0.021342669149877837,0.019598725823758028
40,4,16,16,0.13333333333333333,0.5,17,0.0188302690573149,0.01729192430820898
40,4,16,16,0.13333333333333333,0.5,19,0.016847108745431574,0.015471008372384097
40,4,16,16,0.13333333333333333,1.0,1,1.036437944146405,0.9706775278384459
40,4,16,16,0.13333333333333333,1.0,3,0.32472504294368665,0.2971425623012193
40,4,16,16,0.13333333333333333,1.0,5,0.19360447863055705,0.17694901435378657
40,4,16,16,0.13333333333333333,1.0,7,0.13796855626646579,0.1260967061900185
40,4,16,16,0.13333333333333333,1.0,9,0.10718137225239216,0.09797012663881571
40,4,16,16,0.13333333333333333,1.0,11,0.08763076882884911,0.08010950117472755
40,4,16,16,0.13333333333333333,1.0,13,0.07411343517623133,0.06775955097031013
40,4,16,16,0.13333333333333333,1.0,15,0.06420954574779984,0.0587099800441924
40,4,16,16,0.13333333333333333,1.0,17,0.05664086237243454,0.05179342422096717
40,4,16,16,0.13333333333333333,1.0,19,0.05066849975391973,0.046335102083404765
41,4,16,16,0.13333333333333333,0.1,1,0.014136663924337938,0.013455284465208661
41,4,16,16,0.13333333333333333,0.1,3,0.004704464319111253,0.004478615978063482
41,4,16,16,0.13333333333333333,0.1,5,0.002822044502754318,0.0026867534557943897
41,4,16,16,0.13333333333333333,0.1,7,0.0020155736230092706,0.0019190085398529263
41,4,16,16,0.13333333333333333,0.1,9,0.0015675982300587582,0.0014925238331216035
41,4,16,16,0.13333333333333333,0.1,11,0.0012825451803579967,0.0012211375041548042
41,4,16,16,0.13333333333333333,0.1,13,0.0010852104365957707,0.0010332600639311358
41,4,16,16,0.13333333333333333,0.1,15,0.0009405031681124607,0.0008954858968128064
41,4,16,16,0.13333333333333333,0.1,17,0.0008298473895214249,0.0007901306008458966
41,4,16,16,0.13333333333333333,0.1,19,0.0007424892005095932,0.00070695620077777
41,4,16,16,0.13333333333333333,0.5,1,0.327681417159905,0.3118346086644262
41,4,16,16,0.13333333333333333,0.5,3,0.10655454964208497,0.10101252074581125
41,4,16,16,0.13333333333333333,0.5,5,0.06377229231799969,0.060455117585529315
41,4,16,16,0.13333333333333333,0.5,7,0.04551305582567736,0.04314894197353582
41,4,16,16,0.13333333333333333,0.5,9,0.03538448223273628,0.033548580465135085
41,4,16,16,0.13333333333333333,0.5,11,0.02894400027432713,0.0274435551833591
41,4,16,16,0.13333333333333333,0.5,13,0.02448725940911752,0.023218687823731335
41,4,16,16,0.13333333333333333,0.5,15,0.021219976741323972,0.020121235772752672
41,4,16,16,0.13333333333333333,0.5,17,0.018722003318711388,0.017753004830759794
41,4,16,16,0.13333333333333333,0.5,19,0.016750233483963855,0.015883581161612512
41,4,16,16,0.13333333333333333,1.0,1,1.0308217957559187,0.9874516433908158
41,4,16,16,0.13333333333333333,1.0,3,0.322082554026868,0.3032593771203142
41,4,16,16,0.13333333333333333,1.0,5,0.19204902184683942,0.18070800292138
41,4,16,16,0.13333333333333333,1.0,7,0.1368695797421945,0.1287881191518843
41,4,16,16,0.13333333333333333,1.0,9,0.10633221050479863,0.10006147301242446
41,4,16,16,0.13333333333333333,1.0,11,0.08693900682389467,0.081818076064212
41,4,16,16,0.13333333333333333,1.0,13,0.07352988954076184,0.06920320148809071
41,4,16,16,0.13333333333333333,1.0,15,0.06370495676948529,0.0599595639646306
41,4,16,16,0.13333333333333333,1.0,17,0.056196418638686754,0.05289479752527539
41,4,16,16,0.13333333333333333,1.0,19,0.05027139462460426,0.047319619196834556
42,4,16,16,0.13333333333333333,0.1,1,0.011853163606142388,0.011853163606142593
42,4,16,16,0.13333333333333333,0.1,3,0.0039479470868149305,0.003947947086815318
42,4,16,16,0.13333333333333333,0.1,5,0.0023686192613516857,0.002368619261351975
42,4,16,16,0.13333333333333333,0.1,7,0.0016918415837404424,0.0016918415837405957
42,4,16,16,0.13333333333333333,0.1,9,0.0013158674040004846,0.0013158674040041804
42,4,16,16,0.13333333333333333,0.1,11,0.0010766148989152977,0.0010766148989156668
42,4,16,16,0.13333333333333333,0.1,13,0.0009109799462976509,0.0009109799463005336
42,4,16,16,0.13333333333333333,0.1,15,0.0007895149250922349,0.0007895149250958754
42,4,16,16,0.13333333333333333,0.1,17,0.0006966302098423559,0.000696630209846247
42,4,16,16,0.13333333333333333,0.1,19,0.000623300333624829,0.0006233003336246955
42,4,16,16,0.13333333333333333,0.5,1,0.28029024972378586,0.28029024972378574
42,4,16,16,0.13333333333333333,0.5,3,0.09171892628156493,0.09171892628156574
42,4,16,16,0.13333333333333333,0.5,5,0.05495157636843728,0.05495157636843818
42,4,16,16,0.13333333333333333,0.5,7,0.03923547248887877,0.0392354724888792
42,4,16,16,0.13333333333333333,0.5,9,0.03051147290525335,0.03051147290525806
42,4,16,16,0.13333333333333333,0.5,11,0.024961860037450843,0.024961860037451274
42,4,16,16,0.13333333333333333,0.5,13,0.021120565559884258,0.021120565559891696
42,4,16,16,0.13333333333333333,0.5,15,0.018303941945182724,0.01830394194518561
42,4,16,16,0.13333333333333333,0.5,17,0.016150213765179902,0.016150213765182476
42,4,16,16,0.13333333333333333,0.5,19,0.014449988480706647,0.014449988480711249
42,4,16,16,0.13333333333333333,1.0,1,0.9387241850707215,0.9387241850707216
42,4,16,16,0.13333333333333333,1.0,3,0.2947840230933112,0.2947840230933122
42,4,16,16,0.13333333333333333,1.0,5,0.17604732439938184,0.17604732439938192
42,4,16,16,0.13333333333333333,1.0,7,0.125587247407084,0.12558724740708507
42,4,16,16,0.13333333333333333,1.0,9,0.097627598628523,0.09762759862852274
42,4,16,16,0.13333333333333333,1.0,11,0.07985586978433083,0.07985586978433341
42,4,16,16,0.13333333333333333,1.0,13,0.06756001174470219,0.06756001174470519
42,4,16,16,0.13333333333333333,1.0,15,0.05854638962529251,0.05854638962529583
42,4,16,16,0.13333333333333333,1.0,17,0.051655265323953516,0.051655265323953654
42,4,16,16,0.13333333333333333,1.0,19,0.04621579029092848,0.04621579029092784
43,4,16,16,0.13333333333333333,0.1,1,0.011808911966994273,0.011809761319270246
43,4,16,16,0.13333333333333333,0.1,3,0.003934967163022989,0.00393510533109139
43,4,16,16,0.13333333333333333,0.1,5,0.0023609160127021746,0.0023609916297373337
43,4,16,16,0.13333333333333333,0.1,7,0.0016863559274527507,0.0016864085000001811
43,4,16,16,0.13333333333333333,0.1,9,0.0013116061156813461,0.001311646544049589
43,4,16,16,0.13333333333333333,0.1,11,0.0010731305990228117,0.0010731634855758504
43,4,16,16,0.13333333333333333,0.1,13,0.000908032767427794,0.0009080605014326108
43,4,16,16,0.13333333333333333,0.1,15,0.0007869612878684649,0.0007869852733847029
43,4,16,16,0.13333333333333333,0.1,17,0.0006943773451774263,0.0006943984790131475
43,4,16,16,0.13333333333333333,0.1,19,0.0006212848288297926,0.0006213037193223456
43,4,16,16,0.13333333333333333,0.5,1,0.28043000356411685,0.28076478241040287
43,4,16,16,0.13333333333333333,0.5,3,0.09276468109838851,0.09285757528517821
43,4,16,16,0.13333333333333333,0.5,5,0.05562233201481842,0.055673287125280836
43,4,16,16,0.13333333333333333,0.5,7,0.03972301483540153,0.03975834594988584
43,4,16,16,0.13333333333333333,0.5,9,0.030893362236639042,0.030920487977807894
43,4,16,16,0.13333333333333333,0.5,11,0.025275427315455068,0.025297472063450104
43,4,16,16,0.13333333333333333,0.5,13,0.021386432652558754,0.021405012738180806
43,4,16,16,0.13333333333333333,0.5,15,0.018534654092475903,0.01855071684610617
43,4,16,16,0.13333333333333333,0.5,17,0.016353956624714346,0.01636810598462862
43,4,16,16,0.13333333333333333,0.5,19,0.014632393435889622,0.014645038513799842
43,4,16,16,0.13333333333333333,1.0,1,0.9498514177928087,0.9517653869317603
43,4,16,16,0.13333333333333333,1.0,3,0.3097276418662395,0.3117403986334172
43,4,16,16,0.13333333333333333,1.0,5,0.1852898273884453,0.1863824936207961
43,4,16,16,0.13333333333333333,1.0,7,0.13223834885622535,0.13296407226864748
43,4,16,16,0.13333333333333333,1.0,9,0.10281597157796253,0.10335639368205315
43,4,16,16,0.13333333333333333,1.0,11,0.0841071476036246,0.0845376819863999
43,4,16,16,0.13333333333333333,1.0,13,0.07116026338989243,0.07151837839718486
43,4,16,16,0.13333333333333333,1.0,15,0.0616682406103989,0.06197505456522192
43,4,16,16,0.13333333333333333,1.0,17,0.054410799825880395,0.05467934542553043
43,4,16,16,0.13333333333333333,1.0,19,0.0486818696737969,0.048920749276589716
44,4,16,16,0.13333333333333333,0.1,1,0.010910891782119406,0.010910891782119408
44,4,16,16,0.13333333333333333,0.1,3,0.0036264698939687005,0.003626469893969229
44,4,16,16,0.13333333333333333,0.1,5,0.0021748613178428754,0.002174861317844696
44,4,16,16,0.13333333333333333,0.1,7,0.001553177375210066,0.0015531773752103268
44,4,16,16,0.13333333333333333,0.1,9,0.0012079029003428808,0.0012079029003460946
44,4,16,16,0.13333333333333333,0.1,11,0.000988220728298554,0.0009882207282985755
44,4,16,16,0.13333333333333333,0.1,13,0.0008361500068330247,0.0008361500068356185
44,4,16,16,0.13333333333333333,0.1,15,0.0007246401604202278,0.0007246401604229223
44,4,16,16,0.13333333333333333,0.1,17,0.0006393728309897256,0.0006393728309958634
44,4,16,16,0.13333333333333333,0.1,19,0.0005720594979960603,0.0005720594979998861
44,4,16,16,0.13333333333333333,0.5,1,0.2598385706995477,0.2598385706995479
44,4,16,16,0.13333333333333333,0.5,3,0.08384429650206683,0.08384429650206704
44,4,16,16,0.13333333333333333,0.5,5,0.0501053882102502,0.050105388210250235
44,4,16,16,0.13333333333333333,0.5,7,0.035737398051656676,0.0357373980516581
44,4,16,16,0.13333333333333333,0.5,9,0.027775123243307408,0.02777512324330765
44,4,16,16,0.13333333333333333,0.5,11,0.022714942199704435,0.02271494219970634
44,4,16,16,0.13333333333333333,0.5,13,0.019214610078901257,0.019214610078903807
44,4,16,16,0.13333333333333333,0.5,15,0.016649124812827085,0.016649124812829597
44,4,16,16,0.13333333333333333,0.5,17,0.014688068814344077,0.014688068814343898
44,4,16,16,0.13333333333333333,0.5,19,0.013140334751091986,0.01314033475109184
44,4,16,16,0.13333333333333333,1.0,1,0.8765451725370713,0.8765451725370714
44,4,16,16,0.13333333333333333,1.0,3,0.2680302093318317,0.268030209331832
44,4,16,16,0.13333333333333333,1.0,5,0.15900070590266766,0.15900070590266774
44,4,16,16,0.13333333333333333,1.0,7,0.11309336027778892,0.11309336027779157
44,4,16,16,0.13333333333333333,1.0,9,0.08777075828022861,0.08777075828022973
44,4,16,16,0.13333333333333333,1.0,11,0.07171807172381311,0.07171807172381583
44,4,16,16,0.13333333333333333,1.0,13,0.060631165268820064,0.060631165268824755
44,4,16,16,0.13333333333333333,1.0,15,0.05251397042410788,0.05251397042410862
44,4,16,16,0.13333333333333333,1.0,17,0.046314004345812024,0.04631400434581341
44,4,16,16,0.13333333333333333,1.0,19,0.041423652914434825,0.04142365291443618
45,4,16,16,0.13333333333333333,0.1,1,0.010968910678727373,0.011173876784288182
45,4,16,16,0.13333333333333333,0.1,3,0.0036530215836111444,0.003714526416952789
45,4,16,16,0.13333333333333333,0.1,5,0.0021916017207851564,0.002227650604003423
45,4,16,16,0.13333333333333333,0.1,7,0.0015653783774999639,0.0015908632729815133
45,4,16,16,0.13333333333333333,0.1,9,0.0012174969628084736,0.0012372037489763357
45,4,16,16,0.13333333333333333,0.1,11,0.0009961245092502643,0.0010121882896209427
45,4,16,16,0.13333333333333333,0.1,13,0.0008428694087729302,0.0008564266467383912
45,4,16,16,0.13333333333333333,0.1,15,0.0007304836721751664,0.0007422108801913359
45,4,16,16,0.13333333333333333,0.1,17,0.0006445423629800071,0.0006548747702987053
45,4,16,16,0.13333333333333333,0.1,19,0.0005766943866800959,0.0005859284764850616
45,4,16,16,0.13333333333333333,0.5,1,0.2607770157670919,0.26824989168046676
45,4,16,16,0.13333333333333333,0.5,3,0.08549977507559182,0.08738863860434759
45,4,16,16,0.13333333333333333,0.5,5,0.0512318509934236,0.05228777427558859
45,4,16,16,0.13333333333333333,0.5,7,0.03658028038392387,0.03730978856354471
45,4,16,16,0.13333333333333333,0.5,9,0.028446698346954447,0.029003172324333287
45,4,16,16,0.13333333333333333,0.5,11,0.023272575926851113,0.023722109376433962
45,4,16,16,0.13333333333333333,0.5,13,0.019691170366539768,0.020068137803055355
45,4,16,16,0.13333333333333333,0.5,15,0.017065111332058614,0.017389636889586335
45,4,16,16,0.13333333333333333,0.5,17,0.015057102915859384,0.015341971090989358
45,4,16,16,0.13333333333333333,0.5,19,0.013471918468506658,0.013725752539030944
45,4,16,16,0.13333333333333333,1.0,1,0.8853076010340339,0.9149353615840693
45,4,16,16,0.13333333333333333,1.0,3,0.28371275202238083,0.28842022252657695
45,4,16,16,0.13333333333333333,1.0,5,0.16963813079776713,0.17230340197860888
45,4,16,16,0.13333333333333333,1.0,7,0.12104309998033232,0.12290142234651152
45,4,16,16,0.13333333333333333,1.0,9,0.09410060590135157,0.0955258065477551
45,4,16,16,0.13333333333333333,1.0,11,0.07697178867026878,0.07812704803155562
45,4,16,16,0.13333333333333333,1.0,13,0.06511976049208648,0.06609079619031229
45,4,16,16,0.13333333333333333,1.0,15,0.05643120967035424,0.057268567469859685
45,4,16,16,0.13333333333333333,1.0,17,0.04978854227100754,0.05052450478148597
45,4,16,16,0.13333333333333333,1.0,19,0.04454518749078066,0.04520161830723784
46,4,16,16,0.13333333333333333,0.1,1,0.011278480164600573,0.011281731253516815
46,4,16,16,0.13333333333333333,0.1,3,0.0037552301590957214,0.003755222104340156
46,4,16,16,0.13333333333333333,0.1,5,0.0022529339860109117,0.0022528764893793005
46,4,16,16,0.13333333333333333,0.1,7,0.0016091984039076272,0.0016091469661894042
46,4,16,16,0.13333333333333333,0.1,9,0.0012515859062024119,0.0012515425798805297
46,4,16,16,0.13333333333333333,0.1,11,0.0010240195095448318,0.0010239826859539207
46,4,16,16,0.13333333333333333,0.1,13,0.00086647545616841,0.0008664436286737564
46,4,16,16,0.13333333333333333,0.1,15,0.0007509439868393433,0.000750916039192206
46,4,16,16,0.13333333333333333,0.1,17,0.0006625968048700148,0.0006625719306406389
46,4,16,16,0.13333333333333333,0.1,19,0.0005928492517040381,0.0005928268612081497
46,4,16,16,0.13333333333333333,0.5,1,0.2647629777465807,0.2662031105371064
46,4,16,16,0.13333333333333333,0.5,3,0.0859778271638603,0.08601411661023874
46,4,16,16,0.13333333333333333,0.5,5,0.05148636025032737,0.05148573310755432
46,4,16,16,0.13333333333333333,0.5,7,0.03675639411766137,0.036751522893626515
46,4,16,16,0.13333333333333333,0.5,9,0.02858205669677988,0.028576850794970902
46,4,16,16,0.13333333333333333,0.5,11,0.023382733648624823,0.02337788708312634
46,4,16,16,0.13333333333333333,0.5,13,0.01978413252555853,0.0197797457563185
46,4,16,16,0.13333333333333333,0.5,15,0.01714556467568682,0.017141607367693414
46,4,16,16,0.13333333333333333,0.5,17,0.015128036453544024,0.01512445304126635
46,4,16,16,0.13333333333333333,0.5,19,0.013535358795379931,0.013532095070147718
46,4,16,16,0.13333333333333333,1.0,1,0.8724393942971722,0.8844908387667182
46,4,16,16,0.13333333333333333,1.0,3,0.27633455688695097,0.2786149898000807
46,4,16,16,0.13333333333333333,1.0,5,0.16550817763401127,0.16675415584738915
46,4,16,16,0.13333333333333333,1.0,7,0.11816688756203368,0.11903337464991962
46,4,16,16,0.13333333333333333,1.0,9,0.09189093345598642,0.09255741231982825
46,4,16,16,0.13333333333333333,1.0,11,0.07517666715234152,0.07571889266621894
46,4,16,16,0.13333333333333333,1.0,13,0.0636077230251146,0.0640650358205168
46,4,16,16,0.13333333333333333,1.0,15,0.05512490300727505,0.05552042978340984
46,4,16,16,0.13333333333333333,1.0,17,0.04863856676442809,0.04898708315930283
46,4,16,16,0.13333333333333333,1.0,19,0.04351805760234546,0.04382958846636011
47,4,16,16,0.13333333333333333,0.1,1,0.011506937097684059,0.011888476132741207
47,4,16,16,0.13333333333333333,0.1,3,0.0038322287056969427,0.0039602465559847744
47,4,16,16,0.13333333333333333,0.1,5,0.002299172821375469,0.002376024369814031
47,4,16,16,0.13333333333333333,0.1,7,0.0016422339402203364,0.001697135951731094
47,4,16,16,0.13333333333333333,0.1,9,0.0012772827060592497,0.0013199868477719397
47,4,16,16,0.13333333333333333,0.1,11,0.0010450451965167758,0.0010799860164095382
47,4,16,16,0.13333333333333333,0.1,13,0.00088426692448917,0.0009138327532427361
47,4,16,16,0.13333333333333333,0.1,15,0.0007663635325513416,0.0007919875333632803
47,4,16,16,0.13333333333333333,0.1,17,0.000676202447454825,0.0006988120265652628
47,4,16,16,0.13333333333333333,0.1,19,0.0006050228224337013,0.000625252550381506
47,4,16,16,0.13333333333333333,0.5,1,0.27082362245855585,0.27907246720838386
47,4,16,16,0.13333333333333333,0.5,3,0.0884076624329539,0.09162115980268894
47,4,16,16,0.13333333333333333,0.5,5,0.052948734969721294,0.0549076424715412
47,4,16,16,0.13333333333333333,0.5,7,0.03780135589359217,0.03920697763323555
47,4,16,16,0.13333333333333333,0.5,9,0.029394883453451284,0.03049023291255403
47,4,16,16,0.13333333333333333,0.5,11,0.024047796420810348,0.024944863770581978
47,4,16,16,0.13333333333333333,0.5,13,0.020346886387769512,0.021106369905293278
47,4,16,16,0.13333333333333333,0.5,15,0.01763328842591108,0.018291740055673876
47,4,16,16,0.13333333333333333,0.5,17,0.015558382816412754,0.01613950694992931
47,4,16,16,0.13333333333333333,0.5,19,0.013920406578886862,0.014440446060253884
47,4,16,16,0.13333333333333333,1.0,1,0.9045247293921007,0.9209525834681695
47,4,16,16,0.13333333333333333,1.0,3,0.28380087350313776,0.2935769062953134
47,4,16,16,0.13333333333333333,1.0,5,0.16913387577393935,0.1754245781665794
47,4,16,16,0.13333333333333333,1.0,7,0.12055681463993437,0.12515707691117003
47,4,16,16,0.13333333333333333,1.0,9,0.09368048189937274,0.09729714120483896
47,4,16,16,0.13333333333333333,1.0,11,0.07661088049892555,0.07958709509553367
47,4,16,16,0.13333333333333333,1.0,13,0.06480632637999702,0.06733333760181237
47,4,16,16,0.13333333333333333,1.0,15,0.056155422449031454,0.05835033776854339
47,4,16,16,0.13333333333333333,1.0,17,0.04954291762903737,0.05148251026061162
47,4,16,16,0.13333333333333333,1.0,19,0.04432409595630801,0.04606136395627397
48,4,16,16,0.13333333333333333,0.1,1,0.012950377318733223,0.013206936376143692
48,4,16,16,0.13333333333333333,0.1,3,0.004310270443556603,0.004395283732922405
48,4,16,16,0.13333333333333333,0.1,5,0.0025855727071956523,0.0026365559090434487
48,4,16,16,0.13333333333333333,0.1,7,0.0018466714268130806,0.0018830828675669756
48,4,16,16,0.13333333333333333,0.1,9,0.0014362310595010433,0.0014645493370011307
48,4,16,16,0.13333333333333333,0.1,11,0.00117506312501071,0.001198231869466856
48,4,16,16,0.13333333333333333,0.1,13,0.000994264010573974,0.0010138679465058248
48,4,16,16,0.13333333333333333,0.1,15,0.0008616828083776279,0.0008786726658902598
48,4,16,16,0.13333333333333333,0.1,17,0.0007602998902335005,0.0007752908050103523
48,4,16,16,0.13333333333333333,0.1,19,0.0006802623820782413,0.0006936752167086145
48,4,16,16,0.13333333333333333,0.5,1,0.30335684100519034,0.30948361603912994
48,4,16,16,0.13333333333333333,0.5,3,0.09922486231501072,0.1010002350359329
48,4,16,16,0.13333333333333333,0.5,5,0.05939869764911896,0.06046132338543217
48,4,16,16,0.13333333333333333,0.5,7,0.042393023650281254,0.043152799582110685
48,4,16,16,0.13333333333333333,0.5,9,0.03295885381624789,0.03355039786317491
48,4,16,16,0.13333333333333333,0.5,11,0.026959756577979516,0.027444143453936188
48,4,16,16,0.13333333333333333,0.5,13,0.022808422644206332,0.02321855033177581
48,4,16,16,0.13333333333333333,0.5,15,0.01976504040218882,0.020120663867959597
48,4,16,16,0.13333333333333333,0.5,17,0.017438257098153723,0.01775217004233305
48,4,16,16,0.13333333333333333,0.5,19,0.015601624471837014,0.015882587506182388
48,4,16,16,0.13333333333333333,1.0,1,0.9860237332665702,1.0051408050015302
48,4,16,16,0.13333333333333333,1.0,3,0.3154865779151198,0.3173701514853533
48,4,16,16,0.13333333333333333,1.0,5,0.18798996226637105,0.18925087055451656
48,4,16,16,0.13333333333333333,1.0,7,0.13391713318703055,0.1349033975074281
48,4,16,16,0.13333333333333333,1.0,9,0.10400998900976506,0.10482217896432809
48,4,16,16,0.13333333333333333,1.0,11,0.08502483614038694,0.0857151160755237
48,4,16,16,0.13333333333333333,1.0,13,0.07190167569174008,0.072501683942955
48,4,16,16,0.13333333333333333,1.0,15,0.062288324352743445,0.06281881488861268
48,4,16,16,0.13333333333333333,1.0,17,0.05494268628239074,0.05541801688131317
48,4,16,16,0.13333333333333333,1.0,19,0.049146954817123105,0.04957746714967258
49,4,16,16,0.13333333333333333,0.1,1,0.01147038250412168,0.011608149526155636
49,4,16,16,0.13333333333333333,0.1,3,0.0038166511658442345,0.003864739632966246
49,4,16,16,0.13333333333333333,0.1,5,0.00228965029610707,0.0023186213305933664
49,4,16,16,0.13333333333333333,0.1,7,0.0016353972046050792,0.0016561143250284447
49,4,16,16,0.13333333333333333,0.1,9,0.0012719540347483232,0.001288074911227899
49,4,16,16,0.13333333333333333,0.1,11,0.0010406807262523764,0.001053873671278204
49,4,16,16,0.13333333333333333,0.1,13,0.0008805716476402776,0.0008917364369585417
49,4,16,16,0.13333333333333333,0.1,15,0.000763159728018238,0.0007728367101662636
49,4,16,16,0.13333333333333333,0.1,17,0.0006733748348679928,0.0006819138389813783
49,4,16,16,0.13333333333333333,0.1,19,0.000602492397586079,0.0006101328669251895
49,4,16,16,0.13333333333333333,0.5,1,0.26878869395741845,0.27600782923490547
49,4,16,16,0.13333333333333333,0.5,3,0.08658932949538889,0.08946122273271413
49,4,16,16,0.13333333333333333,0.5,5,0.051778400849069366,0.053560768745781896
49,4,16,16,0.13333333333333333,0.5,7,0.036948075993612293,0.038234981441257775
49,4,16,16,0.13333333333333333,0.5,9,0.028725444179418736,0.029731060641695863
49,4,16,16,0.13333333333333333,0.5,11,0.023497632990210578,0.024322409113752514
49,4,16,16,0.13333333333333333,0.5,13,0.019880162756089677,0.020579038518610555
49,4,16,16,0.13333333333333333,0.5,15,0.017228137334471438,0.017834372183498433
49,4,16,16,0.13333333333333333,0.5,17,0.015200507273279944,0.015735742284650023
49,4,16,16,0.13333333333333333,0.5,19,0.013599957183622143,0.014079054485563363
49,4,16,16,0.13333333333333333,1.0,1,0.8725078442595244,0.9365234211502764
49,4,16,16,0.13333333333333333,1.0,3,0.25954605980032447,0.2859555992130473
49,4,16,16,0.13333333333333333,1.0,5,0.1537765333381026,0.17054103565042117
49,4,16,16,0.13333333333333333,1.0,7,0.10942311813911426,0.12161632742230605
49,4,16,16,0.13333333333333333,1.0,9,0.08496823273819248,0.0945273121969336
49,4,16,16,0.13333333333333333,1.0,11,0.06946091796361646,0.07731444641034549
49,4,16,16,0.13333333333333333,1.0,13,0.05874580904367893,0.06540724341043828
49,4,16,16,0.13333333333333333,1.0,15,0.05089725633985768,0.056679393300345896
49,4,16,16,0.13333333333333333,1.0,17,0.044899996052777995,0.05000717225352254
49,4,16,16,0.13333333333333333,1.0,19,0.040167797061661986,0.04474071512762375
50,4,16,16,0.13333333333333333,0.1,1,0.012659326433059902,0.012970745364922081
50,4,16,16,0.13333333333333333,0.1,3,0.004213548886244981,0.004317183480277725
50,4,16,16,0.13333333333333333,0.1,5,0.0025275516089184476,0.0025897714314538993
50,4,16,16,0.13333333333333333,0.1,7,0.0018052293217040512,0.0018496885008348796
50,4,16,16,0.13333333333333333,0.1,9,0.0014039985348316257,0.0014385859169748286
50,4,16,16,0.13333333333333333,0.1,11,0.0011486910390243372,0.0011769942612691795
50,4,16,16,0.13333333333333333,0.1,13,0.0009719491032300158,0.0009959007011941061
50,4,16,16,0.13333333333333333,0.1,15,0.0008423431561878193,0.0008631029836320301
50,4,16,16,0.13333333333333333,0.1,17,0.0007432354345172531,0.000761554152134251
50,4,16,16,0.13333333333333333,0.1,19,0.0006649941380149843,0.0006813854467914187
50,4,16,16,0.13333333333333333,0.5,1,0.2973043237669178,0.3043853829873841
50,4,16,16,0.13333333333333333,0.5,3,0.09736165342411775,0.09931288804562373
50,4,16,16,0.13333333333333333,0.5,5,0.05831264590318488,0.05945944326920599
50,4,16,16,0.13333333333333333,0.5,7,0.041626852703176,0.042440800417950404
50,4,16,16,0.13333333333333333,0.5,9,0.03236698054143079,0.03299825994212811
50,4,16,16,0.13333333333333333,0.5,11,0.02647755753052673,0.026993267729604337
50,4,16,16,0.13333333333333333,0.5,13,0.022401597049295424,0.022837559149945143
50,4,16,16,0.13333333333333333,0.5,15,0.019413204910859364,0.019790804604360026
50,4,16,16,0.13333333333333333,0.5,17,0.017128313052388624,0.017461344082392763
50,4,16,16,0.13333333333333333,0.5,19,0.01532465588544294,0.015622535528642921
50,4,16,16,0.13333333333333333,1.0,1,0.9707925133015864,0.9931454789424161
50,4,16,16,0.13333333333333333,1.0,3,0.31009241521739744,0.3113915556050883
50,4,16,16,0.13333333333333333,1.0,5,0.18550981294936517,0.18585001886795907
50,4,16,16,0.13333333333333333,1.0,7,0.13236945628234958,0.1325369777682424
50,4,16,16,0.13333333333333333,1.0,9,0.10290152893300783,0.10300948700778124
50,4,16,16,0.13333333333333333,1.0,11,0.08416711710831833,0.08424669562576188
50,4,16,16,0.13333333333333333,1.0,13,0.07120458579803521,0.07126784625031382
50,4,16,16,0.13333333333333333,1.0,15,0.06170233722670077,0.06175502852942118
50,4,16,16,0.13333333333333333,1.0,17,0.054437858338622455,0.054483133397500376
50,4,16,16,0.13333333333333333,1.0,19,0.0487038810088638,0.0487436497801678
51,4,16,16,0.13333333333333333,0.1,1,0.011415815991824367,0.011415815991824384
51,4,16,16,0.13333333333333333,0.1,3,0.0037966865598111537,0.0037966865598117756
51,4,16,16,0.13333333333333333,0.1,5,0.0022771618824802688,0.002277161882482906
51,4,16,16,0.13333333333333333,0.1,7,0.0016262970084781636,0.0016262970084787015
51,4,16,16,0.13333333333333333,0.1,9,0.0012647934845872889,0.0012647934845927246
51,4,16,16,0.13333333333333333,0.1,11,0.0010347775835928693,0.0010347775835928923
51,4,16,16,0.13333333333333333,0.1,13,0.0008755500292151712,0.0008755500292172492
51,4,16,16,0.13333333333333333,0.1,15,0.0007587904596857661,0.0007587904596893479
51,4,16,16,0.13333333333333333,0.1,17,0.0006695078618921836,0.0006695078619000086
51,4,16,16,0.13333333333333333,0.1,19,0.0005990241123003144,0.0005990241123034623
51,4,16,16,0.13333333333333333,0.5,1,0.2698894240395143,0.26988942403951466
51,4,16,16,0.13333333333333333,0.5,3,0.08803386570754658,0.08803386570754702
51,4,16,16,0.13333333333333333,0.5,5,0.05268089761642491,0.05268089761642489
51,4,16,16,0.13333333333333333,0.5,7,0.03759249929265454,0.03759249929265699
51,4,16,16,0.13333333333333333,0.5,9,0.029223934124575666,0.029223934124576297
51,4,16,16,0.13333333333333333,0.5,11,0.023903209609212363,0.023903209609214097
51,4,16,16,0.13333333333333333,0.5,13,0.02022166523677724,0.020221665236781195
51,4,16,16,0.13333333333333333,0.5,15,0.01752288215171709,0.017522882151719963
51,4,16,16,0.13333333333333333,0.5,17,0.015459669864550083,0.015459669864550048
51,4,16,16,0.13333333333333333,0.5,19,0.013831154802199113,0.013831154802199246
51,4,16,16,0.13333333333333333,1.0,1,0.8988496713794477,0.8988496713794476
51,4,16,16,0.13333333333333333,1.0,3,0.2868616514371277,0.2868616514371278
51,4,16,16,0.13333333333333333,1.0,5,0.17100822344464597,0.17100822344464625
51,4,16,16,0.13333333333333333,1.0,7,0.12186187747009389,0.12186187747009579
51,4,16,16,0.13333333333333333,1.0,9,0.09466894913933717,0.09466894913933806
51,4,16,16,0.13333333333333333,1.0,11,0.07740140940906748,0.07740140940906926
51,4,16,16,0.13333333333333333,1.0,13,0.0654626771168547,0.06546267711685762
51,4,16,16,0.13333333333333333,1.0,15,0.056715365407145994,0.05671536540714604
51,4,16,16,0.13333333333333333,1.0,17,0.05003050154726281,0.050030501547262546
51,4,16,16,0.13333333333333333,1.0,19,0.0447555027919574,0.044755502791957495
52,4,16,17,0.14166666666666666,0.1,1,0.014379567260597434,0.014828727138888343
52,4,16,17,0.14166666666666666,0.1,3,0.0047845099870115265,0.004930330306146229
52,4,16,17,0.14166666666666666,0.1,5,0.002869944036914279,0.002956963842234574
52,4,16,17,0.14166666666666666,0.1,7,0.0020497473115786676,0.0021117592459496464
52,4,16,17,0.14166666666666666,0.1,9,0.0015941601453933944,0.0016423288659110074
52,4,16,17,0.14166666666666666,0.1,11,0.0013042684153234704,0.0013436464661771039
52,4,16,17,0.14166666666666666,0.1,13,0.0011035861961713799,0.001136886905451675
52,4,16,17,0.14166666666666666,0.1,15,0.0009564253578968579,0.0009852737771086633
52,4,16,17,0.14166666666666666,0.1,17,0.0008438940343397297,0.0008693402902365764
52,4,16,17,0.14166666666666666,0.1,19,0.0007550555906864267,0.0007778174771661483
52,4,16,17,0.14166666666666666,0.5,1,0.33341839211648694,0.3450668057982109
52,4,16,17,0.14166666666666666,0.5,3,0.10841497752063083,0.11188226636119983
52,4,16,17,0.14166666666666666,0.5,5,0.06486581221602562,0.06690420137013618
52,4,16,17,0.14166666666666666,0.5,7,0.04628756799061613,0.04773053808164834
52,4,16,17,0.14166666666666666,0.5,9,0.03598416144104159,0.03710077780613646
52,4,16,17,0.14166666666666666,0.5,11,0.029433272890234445,0.030343878848166327
52,4,16,17,0.14166666666666666,0.5,13,0.024900471453082103,0.025669222570604788
52,4,16,17,0.14166666666666666,0.5,15,0.02157760104034743,0.022242727380152597
52,4,16,17,0.14166666666666666,0.5,17,0.01903722572819951,0.019623340446551053
52,4,16,17,0.14166666666666666,0.5,19,0.017032044847025234,0.0175559239210343
52,4,16,17,0.14166666666666666,1.0,1,1.0471291298642427,1.0778689976048272
52,4,16,17,0.14166666666666666,1.0,3,0.32624482655680365,0.33201062279273946
52,4,16,17,0.14166666666666666,1.0,5,0.19390378062894226,0.19744735168186167
52,4,16,17,0.14166666666666666,1.0,7,0.13803035301291533,0.14059927548514006
52,4,16,17,0.14166666666666666,1.0,9,0.10717297919087529,0.10918785421868217
52,4,16,17,0.14166666666666666,1.0,11,0.08759757669066193,0.08925475140313942
52,4,16,17,0.14166666666666666,1.0,13,0.07407116884106436,0.07547834994136071
52,4,16,17,0.14166666666666666,1.0,15,0.0641644777634621,0.06538711989909379
52,4,16,17,0.14166666666666666,1.0,17,0.05659569922724633,0.0576765439857278
52,4,16,17,0.14166666666666666,1.0,19,0.05062444236915688,0.05159293325868486
53,4,16,17,0.14166666666666666,0.1,1,0.013008123824361168,0.013092583467323306
53,4,16,17,0.14166666666666666,0.1,3,0.004328742611058611,0.00435884793441667
53,4,16,17,0.14166666666666666,0.1,5,0.0025966665009250684,0.0026149654849154927
53,4,16,17,0.14166666666666666,0.1,7,0.0018546060294043635,0.0018677491463613921
53,4,16,17,0.14166666666666666,0.1,9,0.0014424083865187667,0.0014526621526250337
53,4,16,17,0.14166666666666666,0.1,11,0.001180120848187784,0.0011885266280225247
53,4,16,17,0.14166666666666666,0.1,13,0.0009985458686039977,0.001005668026921984
53,4,16,17,0.14166666666666666,0.1,15,0.0008653952553517547,0.0008715738811953022
53,4,16,17,0.14166666666666666,0.1,17,0.0007635766312533574,0.0007690324696862814
53,4,16,17,0.14166666666666666,0.1,19,0.0006831949673271013,0.0006880794108118437
53,4,16,17,0.14166666666666666,0.5,1,0.30301050842334204,0.3027286305541809
53,4,16,17,0.14166666666666666,0.5,3,0.09840813949359914,0.09854123859773282
53,4,16,17,0.14166666666666666,0.5,5,0.05890507568218109,0.05900054460490204
53,4,16,17,0.14166666666666666,0.5,7,0.04204358619208105,0.042116755269676606
53,4,16,17,0.14166666666666666,0.5,9,0.03268921184173538,0.032748349184396244
53,4,16,17,0.14166666666666666,0.5,11,0.02674048314683674,0.026790056801435414
53,4,16,17,0.14166666666666666,0.5,13,0.0226237552511049,0.022666410490634448
53,4,16,17,0.14166666666666666,0.5,15,0.0196055869312926,0.019643010706320862
53,4,16,17,0.14166666666666666,0.5,17,0.017297980719944116,0.01733131231017158
53,4,16,17,0.14166666666666666,0.5,19,0.015476419316853425,0.015506463411663904
53,4,16,17,0.14166666666666666,1.0,1,0.970635586336932,0.9593552225042304
53,4,16,17,0.14166666666666666,1.0,3,0.30280548761040676,0.30269521444819397
53,4,16,17,0.14166666666666666,1.0,5,0.18065866359369354,0.1807382637840956
53,4,16,17,0.14166666666666666,1.0,7,0.1288000895224396,0.1289159307693762
53,4,16,17,0.14166666666666666,1.0,9,0.1000890299457204,0.10020586932042555
53,4,16,17,0.14166666666666666,1.0,11,0.08184973537036291,0.08195938820052469
53,4,16,17,0.14166666666666666,1.0,13,0.0692352362422479,0.06933624816700416
53,4,16,17,0.14166666666666666,1.0,15,0.05999063656892307,0.06008339000846809
53,4,16,17,0.14166666666666666,1.0,17,0.052924440485914555,0.05300978055295734
53,4,16,17,0.14166666666666666,1.0,19,0.04734771275530159,0.04742652947058763
54,4,16,17,0.14166666666666666,0.1,1,0.012611067780921305,0.012624630170879638
54,4,16,17,0.14166666666666666,0.1,3,0.004201757294486994,0.004203310477822792
54,4,16,17,0.14166666666666666,0.1,5,0.0025209581098641176,0.00252174788308536
54,4,16,17,0.14166666666666666,0.1,7,0.0018006649558012268,0.0018012015099924767
54,4,16,17,0.14166666666666666,0.1,9,0.001400510838650371,0.001400919465354364
54,4,16,17,0.14166666666666666,0.1,11,0.001145869819648522,0.0011462006041848248
54,4,16,17,0.14166666666666666,0.1,13,0.0009695808221100645,0.0009698590169608701
54,4,16,17,0.14166666666666666,0.1,15,0.0008403026400978828,0.0008405428322159678
54,4,16,17,0.14166666666666666,0.1,17,0.000741443061786686,0.0007416544676683958
54,4,16,17,0.14166666666666666,0.1,19,0.0006633961398090266,0.0006635849661930479
54,4,16,17,0.14166666666666666,0.5,1,0.29598723351213146,0.30237642464259007
54,4,16,17,0.14166666666666666,0.5,3,0.0975252060368465,0.09844860450147584
54,4,16,17,0.14166666666666666,0.5,5,0.05844638138561757,0.05891710129626759
54,4,16,17,0.14166666666666666,0.5,7,0.041732371636540325,0.04205233582274946
54,4,16,17,0.14166666666666666,0.5,9,0.03245325769242644,0.03269720178002543
54,4,16,17,0.14166666666666666,0.5,11,0.026550314241528396,0.026748015542315977
54,4,16,17,0.14166666666666666,0.5,13,0.022464422376280005,0.0226308651607851
54,4,16,17,0.14166666666666666,0.5,15,0.01946845303564642,0.0196122879136312
54,4,16,17,0.14166666666666666,0.5,17,0.01717759981323081,0.017304293505631663
54,4,16,17,0.14166666666666666,0.5,19,0.015369134409860947,0.015482370441485057
54,4,16,17,0.14166666666666666,1.0,1,0.9723394444396855,1.0264180537084
54,4,16,17,0.14166666666666666,1.0,3,0.3094719178909664,0.325203611932678
54,4,16,17,0.14166666666666666,1.0,5,0.18437037474764054,0.1927547957051581
54,4,16,17,0.14166666666666666,1.0,7,0.131381099258315,0.1369617993937865
54,4,16,17,0.14166666666666666,1.0,9,0.10207026356060779,0.10621603834445198
54,4,16,17,0.14166666666666666,1.0,11,0.08345836732186378,0.08674320739112389
54,4,16,17,0.14166666666666666,1.0,13,0.07058962505117837,0.07330408675926889
54,4,16,17,0.14166666666666666,1.0,15,0.061160361880335405,0.0634705535435302
54,4,16,17,0.14166666666666666,1.0,17,0.053953908599366454,0.05596322831250421
54,4,16,17,0.14166666666666666,1.0,19,0.04826700868568138,0.05004399429648893
55,4,16,17,0.14166666666666666,0.1,1,0.015317182771437928,0.013883619083292036
55,4,16,17,0.14166666666666666,0.1,3,0.0051039742883704125,0.004625782552859214
55,4,16,17,0.14166666666666666,0.1,5,0.003062300248154284,0.002775368771767062
55,4,16,17,0.14166666666666666,0.1,7,0.0021873407224790326,0.0019823864289164276
55,4,16,17,0.14166666666666666,0.1,9,0.0017012596936157708,0.0015418497614506184
55,4,16,17,0.14166666666666666,0.1,11,0.0013919375489232263,0.00126151081114365
55,4,16,17,0.14166666666666666,0.1,13,0.001177792239759619,0.0010674309448398098
55,4,16,17,0.14166666666666666,0.1,15,0.0010207526921661078,0.0009251061228564123
55,4,16,17,0.14166666666666666,0.1,17,0.0009006637967729522,0.0008162696979721563
55,4,16,17,0.14166666666666666,0.1,19,0.0008058568659011896,0.0007303463143727031
55,4,16,17,0.14166666666666666,0.5,1,0.35434338047603964,0.3222878182749583
55,4,16,17,0.14166666666666666,0.5,3,0.1171286470517696,0.10620812678661909
55,4,16,17,0.14166666666666666,0.5,5,0.07022713591260238,0.06365977876358635
55,4,16,17,0.14166666666666666,0.5,7,0.050152341860418025,0.04545833191843785
55,4,16,17,0.14166666666666666,0.5,9,0.03900420422429062,0.03535232647036819
55,4,16,17,0.14166666666666666,0.5,11,0.03191121583626501,0.028922908055809448
55,4,16,17,0.14166666666666666,0.5,13,0.02700115788666843,0.024472390928204545
55,4,16,17,0.14166666666666666,0.5,15,0.023400655359396887,0.02120894908934056
55,4,16,17,0.14166666666666666,0.5,17,0.02064743175931461,0.018713509412051896
55,4,16,17,0.14166666666666666,0.5,19,0.018473889065485954,0.016743497399526734
55,4,16,17,0.14166666666666666,1.0,1,1.1079748630005706,1.0289412380690715
55,4,16,17,0.14166666666666666,1.0,3,0.3578911814893414,0.3273979218667389
55,4,16,17,0.14166666666666666,1.0,5,0.2139935773565684,0.1952850677119683
55,4,16,17,0.14166666666666666,1.0,7,0.15270393257933537,0.13925364137739563
55,4,16,17,0.14166666666666666,1.0,9,0.1187218929020025,0.10823204696819674
55,4,16,17,0.14166666666666666,1.0,11,0.09711623658145728,0.08852170709163136
55,4,16,17,0.14166666666666666,1.0,13,0.08216560102248371,0.074887469932651
55,4,16,17,0.14166666666666666,1.0,15,0.07120492224967309,0.06489402439609733
55,4,16,17,0.14166666666666666,1.0,17,0.06282476620338552,0.057254445233338405
55,4,16,17,0.14166666666666666,1.0,19,0.05620968344709911,0.05122452983327721
56,4,16,17,0.14166666666666666,0.1,1,0.015075563476918536,0.013208129239549228
56,4,16,17,0.14166666666666666,0.1,3,0.005009333499003129,0.004393328667026992
56,4,16,17,0.14166666666666666,0.1,5,0.0030038225697079333,0.002635215177669656
56,4,16,17,0.14166666666666666,0.1,7,0.002145052928217002,0.0018820821893752908
56,4,16,17,0.14166666666666666,0.1,9,0.0016681454330120026,0.001463754123048797
56,4,16,17,0.14166666666666666,0.1,11,0.0013647275918199035,0.0011975729464128238
56,4,16,17,0.14166666666666666,0.1,13,0.0011547002131623975,0.001013305734629936
56,4,16,17,0.14166666666666666,0.1,15,0.001000696252541483,0.0008781825415342593
56,4,16,17,0.14166666666666666,0.1,17,0.0008829376912659151,0.0007748564477499751
56,4,16,17,0.14166666666666666,0.1,19,0.0007899760086259544,0.0006932852674374589
56,4,16,17,0.14166666666666666,0.5,1,0.352596997076282,0.3102883508261868
56,4,16,17,0.14166666666666666,0.5,3,0.11508288139188319,0.10031921987219428
56,4,16,17,0.14166666666666666,0.5,5,0.06879023673959,0.06000787735241248
56,4,16,17,0.14166666666666666,0.5,7,0.04905972470599418,0.042819678960020036
56,4,16,17,0.14166666666666666,0.5,9,0.038125368543274064,0.03328819826032463
56,4,16,17,0.14166666666666666,0.5,11,0.031176945936614374,0.02722826493789437
56,4,16,17,0.14166666666666666,0.5,13,0.026370894022391907,0.02303519383530997
56,4,16,17,0.14166666666666666,0.5,15,0.022848715017951823,0.01996136196880505
56,4,16,17,0.14166666666666666,0.5,17,0.020156562843554274,0.01761136733671283
56,4,16,17,0.14166666666666666,0.5,19,0.01803195728796836,0.01575644757981096
56,4,16,17,0.14166666666666666,1.0,1,1.116726214934551,1.010092471878807
56,4,16,17,0.14166666666666666,1.0,3,0.36372959643473207,0.3103908512908451
56,4,16,17,0.14166666666666666,1.0,5,0.21662491099599693,0.18513506045867367
56,4,16,17,0.14166666666666666,1.0,7,0.1542189874947568,0.13203503311863354
56,4,16,17,0.14166666666666666,1.0,9,0.11972327167153098,0.10262983135162777
56,4,16,17,0.14166666666666666,1.0,11,0.09783750344241061,0.08394350647738848
56,4,16,17,0.14166666666666666,1.0,13,0.08271621512431931,0.07101630623972441
56,4,16,17,0.14166666666666666,1.0,15,0.07164317446645647,0.061540480779122275
56,4,16,17,0.14166666666666666,1.0,17,0.06318467302818925,0.05429628752093807
56,4,16,17,0.14166666666666666,1.0,19,0.05651250722016057,0.04857827904785037
57,4,16,17,0.14166666666666666,0.1,1,0.016320070283754713,0.014668280604920245
57,4,16,17,0.14166666666666666,0.1,3,0.005438564148237632,0.00488138393575118
57,4,16,17,0.14166666666666666,0.1,5,0.0032630568897225342,0.0029281986007676547
57,4,16,17,0.14166666666666666,0.1,7,0.002330736672503593,0.002091401232846658
57,4,16,17,0.14166666666666666,0.1,9,0.0018127886582144435,0.0016265771681471467
57,4,16,17,0.14166666666666666,0.1,11,0.0014831877310961575,0.001330801819781555
57,4,16,17,0.14166666666666666,0.1,13,0.001255003410644843,0.0011260437060028649
57,4,16,17,0.14166666666666666,0.1,15,0.0010876686817853339,0.0009758924904461347
57,4,16,17,0.14166666666666666,0.1,17,0.0009597070615815407,0.0008610736050325986
57,4,16,17,0.14166666666666666,0.1,19,0.0008586848623311159,0.0007704286952667401
57,4,16,17,0.14166666666666666,0.5,1,0.3717953194771672,0.34009423662377436
57,4,16,17,0.14166666666666666,0.5,3,0.12328448204757862,0.11039757608686056
57,4,16,17,0.14166666666666666,0.5,5,0.07394277126425088,0.06607520494985752
57,4,16,17,0.14166666666666666,0.5,7,0.052810630452146165,0.047160626782569076
57,4,16,17,0.14166666666666666,0.5,9,0.041073083528061265,0.036667779872588166
57,4,16,17,0.14166666666666666,0.5,11,0.03360446375531782,0.029995152639887564
57,4,16,17,0.14166666666666666,0.5,13,0.028434154043625152,0.02537747110624341
57,4,16,17,0.14166666666666666,0.5,15,0.024642715110116828,0.021992023308640515
57,4,16,17,0.14166666666666666,0.5,17,0.02174344036258592,0.019403596960411926
57,4,16,17,0.14166666666666666,0.5,19,0.019454572603203685,0.01736035624435045
57,4,16,17,0.14166666666666666,1.0,1,1.1184602426175134,1.063267748361741
57,4,16,17,0.14166666666666666,1.0,3,0.36997678404801837,0.3234644034862542
57,4,16,17,0.14166666666666666,1.0,5,0.22187223962034983,0.19239642440936403
57,4,16,17,0.14166666666666666,1.0,7,0.15845417986019528,0.13709783870591805
57,4,16,17,0.14166666666666666,1.0,9,0.12323222947596896,0.10652534097251748
57,4,16,17,0.14166666666666666,1.0,11,0.10082154842028658,0.08711268206073058
57,4,16,17,0.14166666666666666,1.0,13,0.08530783373366307,0.07368895890207355
57,4,16,17,0.14166666666666666,1.0,15,0.07393178410151997,0.06385184929733657
57,4,16,17,0.14166666666666666,1.0,17,0.06523282233125804,0.056332798860758496
57,4,16,17,0.14166666666666666,1.0,19,0.05836544121012239,0.05039857114004244
58,4,16,17,0.14166666666666666,0.1,1,0.014179412657833271,0.011424109437460068
58,4,16,17,0.14166666666666666,0.1,3,0.004712169038437461,0.003780403653285848
58,4,16,17,0.14166666666666666,0.1,5,0.0028262427700880906,0.0022656964119633204
58,4,16,17,0.14166666666666666,0.1,7,0.0020184682222258604,0.0016176306389283457
58,4,16,17,0.14166666666666666,0.1,9,0.0015698097586457046,0.0012578554834342087
58,4,16,17,0.14166666666666666,0.1,11,0.0012843354507421202,0.0010290007964429836
58,4,16,17,0.14166666666666666,0.1,13,0.001086714661757255,0.0008706042534124876
58,4,16,17,0.14166666666666666,0.1,15,0.0009418003539080055,0.000754467881600159
58,4,16,17,0.14166666666666666,0.1,17,0.000830987733032673,0.0006656695962687678
58,4,16,17,0.14166666666666666,0.1,19,0.0007435065936147994,0.000595572885643585
58,4,16,17,0.14166666666666666,0.5,1,0.32153337767650486,0.272296383179312
58,4,16,17,0.14166666666666666,0.5,3,0.10146531471081738,0.0834116362833283
58,4,16,17,0.14166666666666666,0.5,5,0.060583274506003024,0.04964101411558011
58,4,16,17,0.14166666666666666,0.5,7,0.043206793531099484,0.0353624068812797
58,4,16,17,0.14166666666666666,0.5,9,0.03358099138090425,0.02746841079258348
58,4,16,17,0.14166666666666666,0.5,11,0.027464110192718282,0.0224572349006173
58,4,16,17,0.14166666666666666,0.5,13,0.023232812477051834,0.018992996681074688
58,4,16,17,0.14166666666666666,0.5,15,0.02013150096676223,0.016454982586063642
58,4,16,17,0.14166666666666666,0.5,17,0.01776077956269941,0.014515455604127253
58,4,16,17,0.14166666666666666,0.5,19,0.015889659019512437,0.01298501428734099
58,4,16,17,0.14166666666666666,1.0,1,0.9876891270915193,0.888838983938755
58,4,16,17,0.14166666666666666,1.0,3,0.2956339576838189,0.2607309468714927
58,4,16,17,0.14166666666666666,1.0,5,0.1766521602272638,0.15548727783783345
58,4,16,17,0.14166666666666666,1.0,7,0.1259310077873844,0.11076416200590226
58,4,16,17,0.14166666666666666,1.0,9,0.09783028612894389,0.08601892523795641
58,4,16,17,0.14166666666666666,1.0,11,0.07997966655917581,0.07031026211467033
58,4,16,17,0.14166666666666666,1.0,13,0.0676368601248516,0.05945271292828705
58,4,16,17,0.14166666666666666,1.0,15,0.05859376715408456,0.051499782039237475
58,4,16,17,0.14166666666666666,1.0,17,0.05168334202248677,0.04542345422254087
58,4,16,17,0.14166666666666666,1.0,19,0.046230799600280106,0.040629627555590735
59,4,16,17,0.14166666666666666,0.1,1,0.011969981359797767,0.013810455912202129
59,4,16,17,0.14166666666666666,0.1,3,0.0039854161135981165,0.004596251540019368
59,4,16,17,0.14166666666666666,0.1,5,0.0023909579446930933,0.0027572312334789013
59,4,16,17,0.14166666666666666,0.1,7,0.001707756453171037,0.001969317086303715
59,4,16,17,0.14166666666666666,0.1,9,0.0013282282480286444,0.0015316383510752157
59,4,16,17,0.14166666666666666,0.1,11,0.001086719406770786,0.001253132753908354
59,4,16,17,0.14166666666666666,0.1,13,0.0009195247500895866,0.0010603285265768877
59,4,16,17,0.14166666666666666,0.1,15,0.0007969171642337858,0.0009189423970739712
59,4,16,17,0.14166666666666666,0.1,17,0.000703159411840525,0.0008108255947679938
59,4,16,17,0.14166666666666666,0.1,19,0.0006291407142673562,0.0007254714162072393
59,4,16,17,0.14166666666666666,0.5,1,0.2814910863489844,0.3260332287692684
59,4,16,17,0.14166666666666666,0.5,3,0.09183129017123924,0.10576042626509032
59,4,16,17,0.14166666666666666,0.5,5,0.05500524712748828,0.06329758910459488
59,4,16,17,0.14166666666666666,0.5,7,0.03927039197928579,0.045177355179010684
59,4,16,17,0.14166666666666666,0.5,9,0.030537292626185302,0.035125396155150736
59,4,16,17,0.14166666666666666,0.5,11,0.024982326177614055,0.028733235607938775
59,4,16,17,0.14166666666666666,0.5,13,0.021137511183623052,0.024309694783566912
59,4,16,17,0.14166666666666666,0.5,15,0.01831839802108335,0.021066607864459793
59,4,16,17,0.14166666666666666,0.5,17,0.016162816914777646,0.018587043048964236
59,4,16,17,0.14166666666666666,0.5,19,0.014461159118985057,0.016629745164477506
59,4,16,17,0.14166666666666666,1.0,1,0.9260120437944863,1.075698691261296
59,4,16,17,0.14166666666666666,1.0,3,0.2928320959824827,0.33231060046519945
59,4,16,17,0.14166666666666666,1.0,5,0.1749764528310976,0.19799512123197852
59,4,16,17,0.14166666666666666,1.0,7,0.1248286191371882,0.14112920795769657
59,4,16,17,0.14166666666666666,1.0,9,0.09703546263438492,0.1096644666961409
59,4,16,17,0.14166666666666666,1.0,11,0.07936886150074937,0.08967950368899502
59,4,16,17,0.14166666666666666,1.0,13,0.0671458912908326,0.07585858530378052
59,4,16,17,0.14166666666666666,1.0,15,0.05818594329241618,0.06573008568127918
59,4,16,17,0.14166666666666666,1.0,17,0.05133605980296245,0.057988313303047566
59,4,16,17,0.14166666666666666,1.0,19,0.04592929485404232,0.05187839829940585
60,4,16,17,0.14166666666666666,0.1,1,0.013943344946378031,0.013708055106912845
60,4,16,17,0.14166666666666666,0.1,3,0.004643594431999814,0.004561992320487813
60,4,16,17,0.14166666666666666,0.1,5,0.0027859479213221626,0.0027366589788885756
60,4,16,17,0.14166666666666666,0.1,7,0.0019899204899131917,0.0019546174064672735
60,4,16,17,0.14166666666666666,0.1,9,0.0015477020171492278,0.001520202997139582
60,4,16,17,0.14166666666666666,0.1,11,0.0012662957321889483,0.0012437753684359245
60,4,16,17,0.14166666666666666,0.1,13,0.0010714780500395821,0.0010524100417262016
60,4,16,17,0.14166666666666666,0.1,15,0.0009286126637167944,0.0009120792662794848
60,4,16,17,0.14166666666666666,0.1,17,0.0008193631207116641,0.000804769591168936
60,4,16,17,0.14166666666666666,0.1,19,0.0007331137326265744,0.0007200526745603496
60,4,16,17,0.14166666666666666,0.5,1,0.32344302491535604,0.31822962793118553
60,4,16,17,0.14166666666666666,0.5,3,0.10554832601920942,0.10324995130809671
60,4,16,17,0.14166666666666666,0.5,5,0.06320322102571464,0.06181050002039919
60,4,16,17,0.14166666666666666,0.5,7,0.04511786636843602,0.04412129294572479
60,4,16,17,0.14166666666666666,0.5,9,0.03508217598409995,0.034306709771248445
60,4,16,17,0.14166666666666666,0.5,11,0.02869935696563253,0.0280648151949074
60,4,16,17,0.14166666666666666,0.5,13,0.024281859103244253,0.023744940224182578
60,4,16,17,0.14166666666666666,0.5,15,0.021042995141656296,0.02057768420997003
60,4,16,17,0.14166666666666666,0.5,17,0.018566545346906552,0.01815599838009974
60,4,16,17,0.14166666666666666,0.5,19,0.016611638857206578,0.016244327283576117
60,4,16,17,0.14166666666666666,1.0,1,1.0335196919353247,1.0079211865441728
60,4,16,17,0.14166666666666666,1.0,3,0.3229767134463857,0.3125043796870726
60,4,16,17,0.14166666666666666,1.0,5,0.19221215895072818,0.18615776577581128
60,4,16,17,0.14166666666666666,1.0,7,0.13691387929614604,0.13266627292449015
60,4,16,17,0.14166666666666666,1.0,9,0.10634524984732885,0.10307549198881955
60,4,16,17,0.14166666666666666,1.0,11,0.0869416556360276,0.08428420967878426
60,4,16,17,0.14166666666666666,1.0,13,0.07352867046313398,0.07129053900618756
60,4,16,17,0.14166666666666666,1.0,15,0.06370226721891338,0.06176922865514822
60,4,16,17,0.14166666666666666,1.0,17,0.05619323180593452,0.05449212139182442
60,4,16,17,0.14166666666666666,1.0,19,0.05026812746318956,0.048749272289883246
61,4,16,17,0.14166666666666666,0.1,1,0.013356581606524821,0.01271543920349129
61,4,16,17,0.14166666666666666,0.1,3,0.004445536889623657,0.004224733676111129
61,4,16,17,0.14166666666666666,0.1,5,0.002666816803934683,0.002533422469384048
61,4,16,17,0.14166666666666666,0.1,7,0.0019047357680740148,0.0018091702169444241
61,4,16,17,0.14166666666666666,0.1,9,0.0014814078162038934,0.0014069554617409988
61,4,16,17,0.14166666666666666,0.1,11,0.0012120344768956693,0.001151054281755479
61,4,16,17,0.14166666666666666,0.1,13,0.0010255526356415985,0.000973916038310975
61,4,16,17,0.14166666666666666,0.1,15,0.0008888029787306035,0.0008440270793644397
61,4,16,17,0.14166666666666666,0.1,17,0.0007842317579581611,0.0007447072702955564
61,4,16,17,0.14166666666666666,0.1,19,0.0007016767548307396,0.000666301183033664
61,4,16,17,0.14166666666666666,0.5,1,0.3114023458208202,0.30126857914399674
61,4,16,17,0.14166666666666666,0.5,3,0.10137012935369556,0.09750096210086039
61,4,16,17,0.14166666666666666,0.5,5,0.060687160858097014,0.058281470219512355
61,4,16,17,0.14166666666666666,0.5,7,0.043317476407965946,0.04157113698740874
61,4,16,17,0.14166666666666666,0.5,9,0.03368035752445188,0.03230952955945893
61,4,16,17,0.14166666666666666,0.5,11,0.027551578985519475,0.02642330440660204
61,4,16,17,0.14166666666666666,0.5,13,0.023310153257833584,0.02235148423409883
61,4,16,17,0.14166666666666666,0.5,15,0.020200517212292785,0.019367118230310995
61,4,16,17,0.14166666666666666,0.5,17,0.01782295301248223,0.017085865476507683
61,4,16,17,0.14166666666666666,0.5,19,0.01594615458729518,0.015285422031311523
61,4,16,17,0.14166666666666666,1.0,1,1.0015607954864774,0.9930330689968971
61,4,16,17,0.14166666666666666,1.0,3,0.3158516632133712,0.3117255769334922
61,4,16,17,0.14166666666666666,1.0,5,0.18841434178982105,0.18603895801997797
61,4,16,17,0.14166666666666666,1.0,7,0.13433343712382284,0.13264685594879566
61,4,16,17,0.14166666666666666,1.0,9,0.10439216944189109,0.10307884347428965
61,4,16,17,0.14166666666666666,1.0,11,0.08537069352620073,0.08429331108687031
61,4,16,17,0.14166666666666666,1.0,13,0.07221478559760447,0.07130064856156171
61,4,16,17,0.14166666666666666,1.0,15,0.06257314618857122,0.06177890711905212
61,4,16,17,0.14166666666666666,1.0,17,0.05520330722746181,0.0545009630630053
61,4,16,17,0.14166666666666666,1.0,19,0.04938683847798279,0.04875721976263501
62,4,16,17,0.14166666666666666,0.1,1,0.016701578545812258,0.014273630830270386
62,4,16,17,0.14166666666666666,0.1,3,0.005564929457177174,0.004753615602262144
62,4,16,17,0.14166666666666666,0.1,5,0.003338745673944197,0.0028519632757037644
62,4,16,17,0.14166666666666666,0.1,7,0.002384757876128424,0.002037075731419484
62,4,16,17,0.14166666666666666,0.1,9,0.0018547864560718068,0.0015843790424306299
62,4,16,17,0.14166666666666666,0.1,11,0.0015175396960019126,0.0012963046192971408
62,4,16,17,0.14166666666666666,0.1,13,0.001284064623900254,0.0010968704393442981
62,4,16,17,0.14166666666666666,0.1,15,0.001112851335318437,0.0009506195682825112
62,4,16,17,0.14166666666666666,0.1,17,0.0009819245205527143,0.0008387810933269222
62,4,16,17,0.14166666666666666,0.1,19,0.0008785618482442505,0.0007504877913659464
62,4,16,17,0.14166666666666666,0.5,1,0.38074959735376224,0.3268657771143357
62,4,16,17,0.14166666666666666,0.5,3,0.12639082934558102,0.10665123846796387
62,4,16,17,0.14166666666666666,0.5,5,0.07579167442221027,0.063897240670143
62,4,16,17,0.14166666666666666,0.5,7,0.054125298474942504,0.04562244683934011
62,4,16,17,0.14166666666666666,0.5,9,0.04209275464785944,0.03547817685642387
62,4,16,17,0.14166666666666666,0.5,11,0.03443717905520758,0.029025113779065824
62,4,16,17,0.14166666666666666,0.5,13,0.029137815420036368,0.024558491132766577
62,4,16,17,0.14166666666666666,0.5,15,0.025251942032222367,0.02128335599295394
62,4,16,17,0.14166666666666666,0.5,17,0.02228057345333281,0.018779033335400968
62,4,16,17,0.14166666666666666,0.5,19,0.019934865107602343,0.01680204081162327
62,4,16,17,0.14166666666666666,1.0,1,1.1457287066805637,1.0087533315710147
62,4,16,17,0.14166666666666666,1.0,3,0.38330209373721597,0.3169682732939383
62,4,16,17,0.14166666666666666,1.0,5,0.22958970188802952,0.18966170176076966
62,4,16,17,0.14166666666666666,1.0,7,0.16385293232313558,0.13536842732527768
62,4,16,17,0.14166666666666666,1.0,9,0.12737813302921308,0.10525160996607077
62,4,16,17,0.14166666666666666,1.0,11,0.10418502292619704,0.08609974600559099
62,4,16,17,0.14166666666666666,1.0,13,0.08813676105210054,0.07284586074125285
62,4,16,17,0.14166666666666666,1.0,15,0.07637253168782737,0.06312865061124236
62,4,16,17,0.14166666666666666,1.0,17,0.06737894918945762,0.0556990183278345
62,4,16,17,0.14166666666666666,1.0,19,0.060280350562105345,0.04983417376074462
63,4,16,17,0.14166666666666666,0.1,1,0.013756908851935827,0.013874509498098937
63,4,16,17,0.14166666666666666,0.1,3,0.004582990292195245,0.004621218427309781
63,4,16,17,0.14166666666666666,0.1,5,0.002749667393301948,0.002772557547670993
63,4,16,17,0.14166666666666666,0.1,7,0.0019640231923902817,0.0019803641059771893
63,4,16,17,0.14166666666666666,0.1,9,0.0015275656100402172,0.0015402722657744206
63,4,16,17,0.14166666666666666,0.1,11,0.0012498231015994025,0.0012602182370884001
63,4,16,17,0.14166666666666666,0.1,13,0.0010575410152391092,0.0010663363057704617
63,4,16,17,0.14166666666666666,0.1,15,0.0009165346715450299,0.0009241569340361601
63,4,16,17,0.14166666666666666,0.1,17,0.0008087065471540994,0.0008154318826277723
63,4,16,17,0.14166666666666666,0.1,19,0.0007235792184866152,0.000729596504549966
63,4,16,17,0.14166666666666666,0.5,1,0.3192821549447026,0.3212629396090863
63,4,16,17,0.14166666666666666,0.5,3,0.104995464247655,0.10504843986753053
63,4,16,17,0.14166666666666666,0.5,5,0.06293098340900119,0.06293266931534375
63,4,16,17,0.14166666666666666,0.5,7,0.04493767321626455,0.04493296236603603
63,4,16,17,0.14166666666666666,0.5,9,0.03494735462316998,0.0349417985306735
63,4,16,17,0.14166666666666666,0.5,11,0.02859156372472992,0.028586234426930313
63,4,16,17,0.14166666666666666,0.5,13,0.02419202147985275,0.02418713088203029
63,4,16,17,0.14166666666666666,0.5,15,0.0209659618074667,0.020961516035583584
63,4,16,17,0.14166666666666666,0.5,17,0.01849910869667564,0.018495063749372317
63,4,16,17,0.14166666666666666,0.5,19,0.01655166510602125,0.016547969276897657
63,4,16,17,0.14166666666666666,1.0,1,1.0129233237321005,1.0144766968065737
63,4,16,17,0.14166666666666666,1.0,3,0.3254743513912323,0.31532079977637384
63,4,16,17,0.14166666666666666,1.0,5,0.1945872540631825,0.1880294967213248
63,4,16,17,0.14166666666666666,1.0,7,0.13880292085641116,0.13407697791543005
63,4,16,17,0.14166666666666666,1.0,9,0.10788196240046771,0.10420845110815216
63,4,16,17,0.14166666666666666,1.0,11,0.08822951791534794,0.08523094405492374
63,4,16,17,0.14166666666666666,1.0,13,0.07463470570609657,0.07210363605996437
63,4,16,17,0.14166666666666666,1.0,15,0.06467058448868937,0.06248173912286923
63,4,16,17,0.14166666666666666,1.0,17,0.05705396984890151,0.05512618181093879
63,4,16,17,0.14166666666666666,1.0,19,0.05104265007259583,0.049320436535225755
64,4,16,17,0.14166666666666666,0.1,1,0.014629096215669364,0.012539286165592219
64,4,16,17,0.14166666666666666,0.1,3,0.0048558472835358284,0.004176450601283368
64,4,16,17,0.14166666666666666,0.1,5,0.002911204184334891,0.002505636583226882
64,4,16,17,0.14166666666666666,0.1,7,0.002078741420277659,0.0017896805596473205
64,4,16,17,0.14166666666666666,0.1,9,0.0016165040736292303,0.0013919502552340432
64,4,16,17,0.14166666666666666,0.1,11,0.001322441839336058,0.0011388568619751579
64,4,16,17,0.14166666666666666,0.1,13,0.0011189004074389506,0.0009636416353655866
64,4,16,17,0.14166666666666666,0.1,15,0.0009696574242009868,0.0008351520902387917
64,4,16,17,0.14166666666666666,0.1,17,0.0008555422209609978,0.0007368962707277274
64,4,16,17,0.14166666666666666,0.1,19,0.0007654584597027229,0.0006593264168805304
64,4,16,17,0.14166666666666666,0.5,1,0.34904466867108813,0.2949642354954155
64,4,16,17,0.14166666666666666,0.5,3,0.1135404197821793,0.09705981906465876
64,4,16,17,0.14166666666666666,0.5,5,0.0678336315889649,0.05818134943257692
64,4,16,17,0.14166666666666666,0.5,7,0.04836636290969527,0.04154732863234022
64,4,16,17,0.14166666666666666,0.5,9,0.037581664835542025,0.032311085834266624
64,4,16,17,0.14166666666666666,0.5,11,0.0307297955944888,0.02643486506565485
64,4,16,17,0.14166666666666666,0.5,13,0.02599119646639705,0.022367229296901887
64,4,16,17,0.14166666666666666,0.5,15,0.022518799966947885,0.019384525207140294
64,4,16,17,0.14166666666666666,0.5,17,0.019864897347503057,0.017103748070767675
64,4,16,17,0.14166666666666666,0.5,19,0.017770598765800234,0.015303196900914627
64,4,16,17,0.14166666666666666,1.0,1,1.1411021377308885,0.9711561402370911
64,4,16,17,0.14166666666666666,1.0,3,0.3694068631485665,0.31678533810853937
64,4,16,17,0.14166666666666666,1.0,5,0.2203466854005839,0.1896863017494259
64,4,16,17,0.14166666666666666,1.0,7,0.1569665794370369,0.13539965997675818
64,4,16,17,0.14166666666666666,1.0,9,0.12189691141301238,0.10527690034819252
64,4,16,17,0.14166666666666666,1.0,11,0.09963455447210086,0.08611950954609203
64,4,16,17,0.14166666666666666,1.0,13,0.08424760537299776,0.07286148714009634
64,4,16,17,0.14166666666666666,1.0,15,0.07297724081884403,0.06314124850853765
64,4,16,17,0.14166666666666666,1.0,17,0.06436643385839548,0.055709371755815265
64,4,16,17,0.14166666666666666,1.0,19,0.0575731688767922,0.04984283055042318
65,4,16,17,0.14166666666666666,0.1,1,0.01461677900511279,0.013888947660048357
65,4,16,17,0.14166666666666666,0.1,3,0.004859420578241621,0.004621700275360335
65,4,16,17,0.14166666666666666,0.1,5,0.0029143858588753704,0.002772476563400037
65,4,16,17,0.14166666666666666,0.1,7,0.00208133657137137,0.0019802041985182107
65,4,16,17,0.14166666666666666,0.1,9,0.001618662547433159,0.0015401060751547436
65,4,16,17,0.14166666666666666,0.1,11,0.00132428091184238,0.0012600611870343262
65,4,16,17,0.14166666666666666,0.1,13,0.0011204993784903925,0.0010661913404128203
65,4,16,17,0.14166666666666666,0.1,15,0.0009710704355890689,0.0009240237434800933
65,4,16,17,0.14166666666666666,0.1,17,0.0008568073785026161,0.0008153093259411348
65,4,16,17,0.14166666666666666,0.1,19,0.000766603429957128,0.0007294833251773088
65,4,16,17,0.14166666666666666,0.5,1,0.34160528112224675,0.3219919245458954
65,4,16,17,0.14166666666666666,0.5,3,0.11077297717423354,0.10386856063090907
65,4,16,17,0.14166666666666666,0.5,5,0.06622947903392876,0.0621107253846689
65,4,16,17,0.14166666666666666,0.5,7,0.047243996535509675,0.04431588033835329
65,4,16,17,0.14166666666666666,0.5,9,0.036720003608126536,0.03444994344899993
65,4,16,17,0.14166666666666666,0.5,11,0.03003100026090448,0.028177940185188318
65,4,16,17,0.14166666666666666,0.5,13,0.025403654006394116,0.023838343576119258
65,4,16,17,0.14166666666666666,0.5,15,0.022012024505415072,0.020657190688393463
65,4,16,17,0.14166666666666666,0.5,17,0.019419402861574554,0.018225192942469125
65,4,16,17,0.14166666666666666,0.5,19,0.017373182495573146,0.016305570007306182
65,4,16,17,0.14166666666666666,1.0,1,1.0881457489494075,1.0318516054771187
65,4,16,17,0.14166666666666666,1.0,3,0.3426258665873479,0.31667302261292063
65,4,16,17,0.14166666666666666,1.0,5,0.2039647110968825,0.18860342803612248
65,4,16,17,0.14166666666666666,1.0,7,0.14522144096896705,0.13440750973969104
65,4,16,17,0.14166666666666666,1.0,9,0.11275244403202603,0.10442786547270884
65,4,16,17,0.14166666666666666,1.0,11,0.09215044688870884,0.08538960318366928
65,4,16,17,0.14166666666666666,1.0,13,0.07791446232922478,0.0722251377795222
65,4,16,17,0.14166666666666666,1.0,15,0.06748859614400587,0.06257868844452102
65,4,16,17,0.14166666666666666,1.0,17,0.059523724226075186,0.055205959881199786
65,4,16,17,0.14166666666666666,1.0,19,0.05324044440424075,0.04938767167825533
66,4,16,17,0.14166666666666666,0.1,1,0.013104157302983437,0.013691080176422796
66,4,16,17,0.14166666666666666,0.1,3,0.004344311017543941,0.004552629190660774
66,4,16,17,0.14166666666666666,0.1,5,0.0026041688139387437,0.0027305082696772063
66,4,16,17,0.14166666666666666,0.1,7,0.00185941324018591,0.0019500545703108533
66,4,16,17,0.14166666666666666,0.1,9,0.0014459113403800614,0.0015165796163522896
66,4,16,17,0.14166666666666666,0.1,11,0.0011828647578445866,0.0012407716017836486
66,4,16,17,0.14166666666666666,0.1,13,0.001000796369267134,0.001049845290232267
66,4,16,17,0.14166666666666666,0.1,15,0.0008673005218776253,0.0009098417310670573
66,4,16,17,0.14166666666666666,0.1,17,0.0007652273372984689,0.0008027853085944058
66,4,16,17,0.14166666666666666,0.1,19,0.000684650468647519,0.0007182701908396419
66,4,16,17,0.14166666666666666,0.5,1,0.31280567008010435,0.320949826065681
66,4,16,17,0.14166666666666666,0.5,3,0.09888012375476728,0.10421803922156987
66,4,16,17,0.14166666666666666,0.5,5,0.058825763822978286,0.06233035451167814
66,4,16,17,0.14166666666666666,0.5,7,0.04188072130172209,0.044470135013170625
66,4,16,17,0.14166666666666666,0.5,9,0.03251798866230148,0.03456759555940944
66,4,16,17,0.14166666666666666,0.5,11,0.026577663286097963,0.028272620161518203
66,4,16,17,0.14166666666666666,0.5,13,0.02247286441997671,0.023917386085894856
66,4,16,17,0.14166666666666666,0.5,15,0.019466567855105327,0.02072494713088423
66,4,16,17,0.14166666666666666,0.5,17,0.017169799882498428,0.01828444035014444
66,4,16,17,0.14166666666666666,0.5,19,0.015357860918511957,0.01635818251126224
66,4,16,17,0.14166666666666666,1.0,1,1.0471037954781859,1.0396136191431953
66,4,16,17,0.14166666666666666,1.0,3,0.31262418057768165,0.32260724704152555
66,4,16,17,0.14166666666666666,1.0,5,0.1828643755210485,0.19166300386580662
66,4,16,17,0.14166666666666666,1.0,7,0.1293421691088253,0.13644496338751505
66,4,16,17,0.14166666666666666,1.0,9,0.10009800074201465,0.10595235839432378
66,4,16,17,0.14166666666666666,1.0,11,0.08165529924431637,0.0866069961001746
66,4,16,17,0.14166666666666666,1.0,13,0.06895826709141857,0.07323831301718019
66,4,16,17,0.14166666666666666,1.0,15,0.059681952832326204,0.06344629996048838
66,4,16,17,0.14166666666666666,1.0,17,0.05260726327376365,0.05596457978448899
66,4,16,17,0.14166666666666666,1.0,19,0.04703313271345578,0.050061631296497246
67,4,16,17,0.14166666666666666,0.1,1,0.013780888141474244,0.013541596109309238
67,4,16,17,0.14166666666666666,0.1,3,0.004591642348306817,0.0045115229866165224
67,4,16,17,0.14166666666666666,0.1,5,0.0027548870266350467,0.002706794420128541
67,4,16,17,0.14166666666666666,0.1,7,0.0019677564384943,0.0019334000866977894
67,4,16,17,0.14166666666666666,0.1,9,0.001530470616556119,0.0015037474785813956
67,4,16,17,0.14166666666666666,0.1,11,0.0012522004059884377,0.0012303353505339568
67,4,16,17,0.14166666666666666,0.1,13,0.0010595527722612416,0.0010410512288388679
67,4,16,17,0.14166666666666666,0.1,15,0.0009182782755912782,0.0009022434094651212
67,4,16,17,0.14166666666666666,0.1,17,0.0008102450556984813,0.0007960965241938056
67,4,16,17,0.14166666666666666,0.1,19,0.0007249557918312829,0.0007122965008249944
67,4,16,17,0.14166666666666666,0.5,1,0.3211322738339551,0.3167479850577197
67,4,16,17,0.14166666666666666,0.5,3,0.10609547112017166,0.10441742896565392
67,4,16,17,0.14166666666666666,0.5,5,0.06360231376181429,0.06257892910710859
67,4,16,17,0.14166666666666666,0.5,7,0.045418311246904576,0.04468324582736598
67,4,16,17,0.14166666666666666,0.5,9,0.03532121936610294,0.034747973478812935
67,4,16,17,0.14166666666666666,0.5,11,0.02889733869602946,0.02842759914941539
67,4,16,17,0.14166666666666666,0.5,13,0.02445063674150155,0.024052773108970457
67,4,16,17,0.14166666666666666,0.5,15,0.021189997910897766,0.020844947717809117
67,4,16,17,0.14166666666666666,0.5,17,0.018696710816734605,0.018392103286100837
67,4,16,17,0.14166666666666666,0.5,19,0.01672840661945729,0.016455759982823916
67,4,16,17,0.14166666666666666,1.0,1,1.0367800531522569,1.0316680426388802
67,4,16,17,0.14166666666666666,1.0,3,0.33974136014448897,0.33661478700904246
67,4,16,17,0.14166666666666666,1.0,5,0.2032963959560623,0.2005552119899015
67,4,16,17,0.14166666666666666,1.0,7,0.14507977034931036,0.14286359858295533
67,4,16,17,0.14166666666666666,1.0,9,0.11279217059901371,0.11096063997046625
67,4,16,17,0.14166666666666666,1.0,11,0.09226281570717487,0.09070965110744739
67,4,16,17,0.14166666666666666,1.0,13,0.07805709397384777,0.07671154123690753
67,4,16,17,0.14166666666666666,1.0,15,0.06764279460200819,0.06645706248397638
67,4,16,17,0.14166666666666666,1.0,17,0.059680607575408134,0.058621333560472846
67,4,16,17,0.14166666666666666,1.0,19,0.05339563070182563,0.052438748730692285
68,4,16,17,0.14166666666666666,0.1,1,0.012894171894835214,0.014164225273998117
68,4,16,17,0.14166666666666666,0.1,3,0.004286372834769677,0.004711913477930045
68,4,16,17,0.14166666666666666,0.1,5,0.0025707503804093287,0.002826067833470812
68,4,16,17,0.14166666666666666,0.1,7,0.0018359463466691686,0.002018293151743081
68,4,16,17,0.14166666666666666,0.1,9,0.0014278319545884472,0.0015696431646639109
68,4,16,17,0.14166666666666666,0.1,11,0.0011681619084233826,0.0012841806339824978
68,4,16,17,0.14166666666666666,0.1,13,0.0009884076540420386,0.0010865717888725054
68,4,16,17,0.14166666666666666,0.1,15,0.000856596694502166,0.0009416685201241448
68,4,16,17,0.14166666666666666,0.1,17,0.0007558050447801655,0.0008308657702664885
68,4,16,17,0.14166666666666666,0.1,19,0.000676235696108104,0.0007433933578765382
68,4,16,17,0.14166666666666666,0.5,1,0.30602433422329256,0.33284608275451766
68,4,16,17,0.14166666666666666,0.5,3,0.09915244635773217,0.10971470729593401
68,4,16,17,0.14166666666666666,0.5,5,0.05927526360617275,0.0657175587070633
68,4,16,17,0.14166666666666666,0.5,7,0.04228173414636566,0.0469085178585026
68,4,16,17,0.14166666666666666,0.5,9,0.03286255900427649,0.03647055792489656
68,4,16,17,0.14166666666666666,0.5,11,0.026875977304072252,0.029832403674397955
68,4,16,17,0.14166666666666666,0.5,13,0.022734637481466178,0.02523864141421586
68,4,16,17,0.14166666666666666,0.5,15,0.019699266768314516,0.02187085407485762
68,4,16,17,0.14166666666666666,0.5,17,0.017378995946815464,0.01929603912657502
68,4,16,17,0.14166666666666666,0.5,19,0.015547739369607629,0.017263627027803603
68,4,16,17,0.14166666666666666,1.0,1,1.0157106724197198,1.0734619439866944
68,4,16,17,0.14166666666666666,1.0,3,0.32455954563745953,0.3557097975717195
68,4,16,17,0.14166666666666666,1.0,5,0.19377803722966766,0.21326043328366376
68,4,16,17,0.14166666666666666,1.0,7,0.138158416782821,0.15228306934830071
68,4,16,17,0.14166666666666666,1.0,9,0.10735347305586426,0.11842297085751796
68,4,16,17,0.14166666666666666,1.0,11,0.08778294865356678,0.09688140669257056
68,4,16,17,0.14166666666666666,1.0,13,0.07424830914467359,0.08197061542591307
68,4,16,17,0.14166666666666666,1.0,15,0.06433005662870944,0.0710373866026989
68,4,16,17,0.14166666666666666,1.0,17,0.05674950244577358,0.06267745690642071
68,4,16,17,0.14166666666666666,1.0,19,0.05076725742187034,0.05607798926158786
69,4,16,17,0.14166666666666666,0.1,1,0.015015026878390006,0.013982435437432881
69,4,16,17,0.14166666666666666,0.1,3,0.004999240241318856,0.004650762411484361
69,4,16,17,0.14166666666666666,0.1,5,0.002999191739436085,0.0027896830455631386
69,4,16,17,0.14166666666666666,0.1,7,0.0021421970004408134,0.0019924251216562527
69,4,16,17,0.14166666666666666,0.1,9,0.001666122511729766,0.0015495814757483027
69,4,16,17,0.14166666666666666,0.1,11,0.0013631767024284652,0.001267798361323913
69,4,16,17,0.14166666666666666,0.1,13,0.0011534493456025587,0.0010727291699791335
69,4,16,17,0.14166666666666666,0.1,15,0.0009996513706152887,0.0009296841477309994
69,4,16,17,0.14166666666666666,0.1,17,0.0008820422719158064,0.0008202999502299601
69,4,16,17,0.14166666666666666,0.1,19,0.0007891936332986428,0.0007339459042389639
69,4,16,17,0.14166666666666666,0.5,1,0.34424807723387424,0.3241420465344575
69,4,16,17,0.14166666666666666,0.5,3,0.11213948107929218,0.10427570071714225
69,4,16,17,0.14166666666666666,0.5,5,0.06712891005856554,0.06234834273516025
69,4,16,17,0.14166666666666666,0.5,7,0.047913253306873044,0.04448360868694887
69,4,16,17,0.14166666666666666,0.5,9,0.03725265022748396,0.03457947629332996
69,4,16,17,0.14166666666666666,0.5,11,0.030473275367051238,0.028283414421947862
69,4,16,17,0.14166666666666666,0.5,13,0.025781744020051914,0.023927281615100115
69,4,16,17,0.14166666666666666,0.5,15,0.02234218368572651,0.020734067586961995
69,4,16,17,0.14166666666666666,0.5,17,0.019712408996688052,0.0182928854353832
69,4,16,17,0.14166666666666666,0.5,19,0.017636547388682634,0.016366036164969632
69,4,16,17,0.14166666666666666,1.0,1,1.060145915606261,1.0241020521427369
69,4,16,17,0.14166666666666666,1.0,3,0.33524888925844637,0.3112186845684648
69,4,16,17,0.14166666666666666,1.0,5,0.19986033650797513,0.18471354412448537
69,4,16,17,0.14166666666666666,1.0,7,0.14241422045303956,0.13139655652702195
69,4,16,17,0.14166666666666666,1.0,9,0.11062823809673547,0.10197902726236105
69,4,16,17,0.14166666666666666,1.0,11,0.09044494073603088,0.08332866763854858
69,4,16,17,0.14166666666666666,1.0,13,0.07649101484805211,0.07044713118596072
69,4,16,17,0.14166666666666666,1.0,15,0.06626773762995336,0.06101583128017921
69,4,16,17,0.14166666666666666,1.0,17,0.0584552780432771,0.05381207694536493
69,4,16,17,0.14166666666666666,1.0,19,0.05229075081376229,0.048129942303586686
70,4,16,17,0.14166666666666666,0.1,1,0.013477691069284013,0.013818475294626816
70,4,16,17,0.14166666666666666,0.1,3,0.004482028145704575,0.004604685905490206
70,4,16,17,0.14166666666666666,0.1,5,0.002688171851388399,0.0027627120170815814
70,4,16,17,0.14166666666666666,0.1,7,0.0019198187757080711,0.0019733408836179276
70,4,16,17,0.14166666666666666,0.1,9,0.0014930642458088556,0.0015348110876179058
70,4,16,17,0.14166666666666666,0.1,11,0.0012215322815195314,0.0012557498735659078
70,4,16,17,0.14166666666666666,0.1,13,0.0010335661058574071,0.0010625549930341456
70,4,16,17,0.14166666666666666,0.1,15,0.0008957332263075083,0.0009208794064756541
70,4,16,17,0.14166666666666666,0.1,17,0.000790336694353315,0.0008125396118905671
70,4,16,17,0.14166666666666666,0.1,19,0.0007071319953752914,0.0007270084077559356
70,4,16,17,0.14166666666666666,0.5,1,0.3184513612360187,0.32199084415220064
70,4,16,17,0.14166666666666666,0.5,3,0.1037280817919316,0.10681044136919064
70,4,16,17,0.14166666666666666,0.5,5,0.06206680163173279,0.06405547545485206
70,4,16,17,0.14166666666666666,0.5,7,0.04428938842670124,0.045746789831611526
70,4,16,17,0.14166666666666666,0.5,9,0.03442985800269973,0.03557823290363306
70,4,16,17,0.14166666666666666,0.5,11,0.02816128020100007,0.029108253218185276
70,4,16,17,0.14166666666666666,0.5,13,0.02382391938518057,0.024629408032943327
70,4,16,17,0.14166666666666666,0.5,15,0.020644393054979525,0.02134509789993223
70,4,16,17,0.14166666666666666,0.5,17,0.018213655727134997,0.018833660315412955
70,4,16,17,0.14166666666666666,0.5,19,0.016295049243744635,0.01685100054236255
70,4,16,17,0.14166666666666666,1.0,1,1.0422337025661956,1.0373784514253872
70,4,16,17,0.14166666666666666,1.0,3,0.33083896716997396,0.3438411985276912
70,4,16,17,0.14166666666666666,1.0,5,0.19783937906930035,0.20594023546546897
70,4,16,17,0.14166666666666666,1.0,7,0.14117390602793553,0.1469967840626749
70,4,16,17,0.14166666666666666,1.0,9,0.10975242704501378,0.11428861496407447
70,4,16,17,0.14166666666666666,1.0,11,0.08977475233736845,0.09348775213809789
70,4,16,17,0.14166666666666666,1.0,13,0.07595109390857116,0.07909301376249073
70,4,16,17,0.14166666666666666,1.0,15,0.06581704781024254,0.06853981871790016
70,4,16,17,0.14166666666666666,1.0,17,0.0580692275365444,0.0604713665715503
70,4,16,17,0.14166666666666666,1.0,19,0.051953531413913207,0.05410251747122542
71,4,16,17,0.14166666666666666,0.1,1,0.013447550721731361,0.013449047088100173
71,4,16,17,0.14166666666666666,0.1,3,0.004477684715107593,0.00447902877762846
71,4,16,17,0.14166666666666666,0.1,5,0.002686378658897128,0.002687225641115752
71,4,16,17,0.14166666666666666,0.1,7,0.0019187962056003132,0.0019194091712897959
71,4,16,17,0.14166666666666666,0.1,9,0.0014923824230972287,0.0014928617278073316
71,4,16,17,0.14166666666666666,0.1,11,0.0012210341068641041,0.0012214273228650582
71,4,16,17,0.14166666666666666,0.1,13,0.0010331797578296336,0.001033512993757155
71,4,16,17,0.14166666666666666,0.1,15,0.0008954208538079914,0.0008957099381427701
71,4,16,17,0.14166666666666666,0.1,17,0.0007900762786863808,0.0007903315181341503
71,4,16,17,0.14166666666666666,0.1,19,0.0007069097615863224,0.00070713823726077
71,4,16,17,0.14166666666666666,0.5,1,0.3131441227089802,0.31406094940696033
71,4,16,17,0.14166666666666666,0.5,3,0.10150712329625876,0.10236805564142419
71,4,16,17,0.14166666666666666,0.5,5,0.060762521662885115,0.06130573618642835
71,4,16,17,0.14166666666666666,0.5,7,0.04337384605331698,0.043767105430623246
71,4,16,17,0.14166666666666666,0.5,9,0.03372626021769385,0.034033809068964554
71,4,16,17,0.14166666666666666,0.5,11,0.027590503723626144,0.027842830651611028
71,4,16,17,0.14166666666666666,0.5,13,0.023344005454536836,0.023557851616070102
71,4,16,17,0.14166666666666666,0.5,15,0.020230489622938594,0.02041600717138534
71,4,16,17,0.14166666666666666,0.5,17,0.017849853048157633,0.018013653630742078
71,4,16,17,0.14166666666666666,0.5,19,0.015970557905295054,0.016117184472202607
71,4,16,17,0.14166666666666666,1.0,1,1.0025588264546847,1.0154897837573684
71,4,16,17,0.14166666666666666,1.0,3,0.29655384653688804,0.31040495673399926
71,4,16,17,0.14166666666666666,1.0,5,0.1757641591221782,0.1846883074840857
71,4,16,17,0.14166666666666666,1.0,7,0.12510032084672096,0.13161360639210523
71,4,16,17,0.14166666666666666,1.0,9,0.09715473042361385,0.10226795993365337
71,4,16,17,0.14166666666666666,1.0,11,0.07942931302936596,0.08363311783437852
71,4,16,17,0.14166666666666666,1.0,13,0.06717958376776034,0.07074669157202629
71,4,16,17,0.14166666666666666,1.0,15,0.05820601882252446,0.06130303659531849
71,4,16,17,0.14166666666666666,1.0,17,0.05134862222305187,0.0540845678113783
71,4,16,17,0.14166666666666666,1.0,19,0.04593745160508754,0.04838747354399991
72,4,16,17,0.14166666666666666,0.1,1,0.013003388363947281,0.012693842697636912
72,4,16,17,0.14166666666666666,0.1,3,0.004331599602799386,0.004227938074223077
72,4,16,17,0.14166666666666666,0.1,5,0.002598822117358095,0.0025366021432856388
72,4,16,17,0.14166666666666666,0.1,7,0.001856274421007239,0.001811827044265061
72,4,16,17,0.14166666666666666,0.1,9,0.0014437603225034967,0.0014091886880014833
72,4,16,17,0.14166666666666666,0.1,11,0.0011812548541594596,0.0011529683697581801
72,4,16,17,0.14166666666666666,0.1,13,0.0009995215902525274,0.0009755865798966254
72,4,16,17,0.14166666666666666,0.1,15,0.0008662510944633735,0.0008455072596148677
72,4,16,17,0.14166666666666666,0.1,17,0.0007643386405403795,0.0007460351629689485
72,4,16,17,0.14166666666666666,0.1,19,0.0006838815899224107,0.0006675047352964367
72,4,16,17,0.14166666666666666,0.5,1,0.3042261011854362,0.29882412065038266
72,4,16,17,0.14166666666666666,0.5,3,0.09982612699863366,0.09787212299437544
72,4,16,17,0.14166666666666666,0.5,5,0.05981592025628434,0.05863585041342281
72,4,16,17,0.14166666666666666,0.5,7,0.04270988250268812,0.04186544913483955
72,4,16,17,0.14166666666666666,0.5,9,0.03321374053967563,0.03255646866886444
72,4,16,17,0.14166666666666666,0.5,11,0.027172782782878966,0.026634811460310676
72,4,16,17,0.14166666666666666,0.5,13,0.02299133432194602,0.022536028729038135
72,4,16,17,0.14166666666666666,0.5,15,0.019925268145659952,0.019530616056471765
72,4,16,17,0.14166666666666666,0.5,17,0.017580791668290924,0.017232537436415424
72,4,16,17,0.14166666666666666,0.5,19,0.015729976671767096,0.015418360824942296
72,4,16,17,0.14166666666666666,1.0,1,0.9900727035444912,0.9866386817573481
72,4,16,17,0.14166666666666666,1.0,3,0.31361992577259934,0.3139634903515949
72,4,16,17,0.14166666666666666,1.0,5,0.1869383567145048,0.18724643654746817
72,4,16,17,0.14166666666666666,1.0,7,0.13326064094400283,0.13351189028050725
72,4,16,17,0.14166666666666666,1.0,9,0.10355814796782395,0.10376582899034513
72,4,16,17,0.14166666666666666,1.0,11,0.08469171061335262,0.0848672737992625
72,4,16,17,0.14166666666666666,1.0,13,0.07164364227420403,0.07179511106995823
72,4,16,17,0.14166666666666666,1.0,15,0.06208097538932319,0.06221389346920348
72,4,16,17,0.14166666666666666,1.0,17,0.05477129523332923,0.0548895700518636
72,4,16,17,0.14166666666666666,1.0,19,0.04900209475535486,0.04910855397880807
73,4,16,17,0.14166666666666666,0.1,1,0.015496691946643871,0.015005327532877009
73,4,16,17,0.14166666666666666,0.1,3,0.005160714021757857,0.004995422158974125
73,4,16,17,0.14166666666666666,0.1,5,0.003096027024479378,0.0029968020526259897
73,4,16,17,0.14166666666666666,0.1,7,0.0022113380707490817,0.00214045752628177
73,4,16,17,0.14166666666666666,0.1,9,0.0017198847956087515,0.0016647550430119208
73,4,16,17,0.14166666666666666,0.1,11,0.0014071559356942205,0.0013620501442460871
73,4,16,17,0.14166666666666666,0.1,13,0.0011906575153289565,0.0011524915242445448
73,4,16,17,0.14166666666666666,0.1,15,0.0010318951253800261,0.0009988183220258219
73,4,16,17,0.14166666666666666,0.1,17,0.0009104903340669291,0.0008813052343358967
73,4,16,17,0.14166666666666666,0.1,19,0.0008146454950390331,0.0007885327623822129
73,4,16,17,0.14166666666666666,0.5,1,0.35666566329810684,0.34773222894952227
73,4,16,17,0.14166666666666666,0.5,3,0.11714595068715385,0.11319973742006424
73,4,16,17,0.14166666666666666,0.5,5,0.07019098267093053,0.06776612388448604
73,4,16,17,0.14166666666666666,0.5,7,0.05011469617366223,0.048370198513449994
73,4,16,17,0.14166666666666666,0.5,9,0.03897027475326818,0.03760910958188385
73,4,16,17,0.14166666666666666,0.5,11,0.031881170310527764,0.030765557170274505
73,4,16,17,0.14166666666666666,0.5,13,0.02697444769680565,0.026029461202617444
73,4,16,17,0.14166666666666666,0.5,15,0.023376711524468068,0.02255714085338944
73,4,16,17,0.14166666666666666,0.5,17,0.02062577992608978,0.019902265256965212
73,4,16,17,0.14166666666666666,0.5,19,0.018454151851800563,0.0178065553134091
73,4,16,17,0.14166666666666666,1.0,1,1.1015214556023856,1.0921220361612394
73,4,16,17,0.14166666666666666,1.0,3,0.346645522158876,0.3350155082458045
73,4,16,17,0.14166666666666666,1.0,5,0.20703083898324745,0.19918362392580422
73,4,16,17,0.14166666666666666,1.0,7,0.1476944302901297,0.14186671992414623
73,4,16,17,0.14166666666666666,1.0,9,0.11481303665035858,0.11019572064873695
73,4,16,17,0.14166666666666666,1.0,11,0.09391247513480337,0.09009406710074189
73,4,16,17,0.14166666666666666,1.0,13,0.07945181434858041,0.07619839716758053
73,4,16,17,0.14166666666666666,1.0,15,0.06885129500672937,0.06601799050832512
73,4,16,17,0.14166666666666666,1.0,17,0.06074699163136107,0.05823808831029113
73,4,16,17,0.14166666666666666,1.0,19,0.054349933065380836,0.05209898120087782
74,4,16,17,0.14166666666666666,0.1,1,0.017685243471257092,0.014131503481879493
74,4,16,17,0.14166666666666666,0.1,3,0.005874186553702847,0.0046907187346706064
74,4,16,17,0.14166666666666666,0.1,5,0.003522265652391661,0.002812736114567315
74,4,16,17,0.14166666666666666,0.1,7,0.0025152356789677395,0.0020086278060038997
74,4,16,17,0.14166666666666666,0.1,9,0.0019560095223557505,0.001562073221799465
74,4,16,17,0.14166666666666666,0.1,11,0.0016002242834968732,0.001277962538803913
74,4,16,17,0.14166666666666666,0.1,13,0.0013539501946698833,0.0010812970502048003
74,4,16,17,0.14166666666666666,0.1,15,0.001173369218200003,0.0009370891316678516
74,4,16,17,0.14166666666666666,0.1,17,0.0010352892576510067,0.0008268200161839833
74,4,16,17,0.14166666666666666,0.1,19,0.0009262856993886178,0.0007397699926773169
74,4,16,17,0.14166666666666666,0.5,1,0.4026222604853078,0.3312567675058015
74,4,16,17,0.14166666666666666,0.5,3,0.13035330904128958,0.1042275361722407
74,4,16,17,0.14166666666666666,0.5,5,0.0778638390098241,0.06216654245214085
74,4,16,17,0.14166666666666666,0.5,7,0.05551915572739167,0.04431686764288241
74,4,16,17,0.14166666666666666,0.5,9,0.043141081282830084,0.034435802197190044
74,4,16,17,0.14166666666666666,0.5,11,0.03527672783029357,0.028159166211193392
74,4,16,17,0.14166666666666666,0.5,13,0.02983773529847722,0.023818449498206648
74,4,16,17,0.14166666666666666,0.5,15,0.025851967281687677,0.020637495818687346
74,4,16,17,0.14166666666666666,0.5,17,0.022805613942598495,0.018206206816174762
74,4,16,17,0.14166666666666666,0.5,19,0.02040155712456939,0.01628747197747672
74,4,16,17,0.14166666666666666,1.0,1,1.1712268569062958,1.0507963261135937
74,4,16,17,0.14166666666666666,1.0,3,0.37022350118820374,0.30697171539158224
74,4,16,17,0.14166666666666666,1.0,5,0.21946820125717062,0.18338159117142613
74,4,16,17,0.14166666666666666,1.0,7,0.1559648959627373,0.1307957001983661
74,4,16,17,0.14166666666666666,1.0,9,0.12096808008114604,0.10165808091524171
74,4,16,17,0.14166666666666666,1.0,11,0.09880052249099504,0.08314072081062755
74,4,16,17,0.14166666666666666,1.0,13,0.08350000305500148,0.0703312234061871
74,4,16,17,0.14166666666666666,1.0,15,0.07230337232943862,0.060942516463095384
74,4,16,17,0.14166666666666666,1.0,17,0.0637546676466775,0.053765564703801345
74,4,16,17,0.14166666666666666,1.0,19,0.057013842273413724,0.04810109322874783
75,4,16,17,0.14166666666666666,0.1,1,0.014046438236390754,0.014211113496784692
75,4,16,17,0.14166666666666666,0.1,3,0.004670432042647969,0.004728731756732082
75,4,16,17,0.14166666666666666,0.1,5,0.0028012978609354726,0.0028366543434738744
75,4,16,17,0.14166666666666666,0.1,7,0.0020006657173013503,0.002026032880743085
75,4,16,17,0.14166666666666666,0.1,9,0.0015559670936634465,0.0015757451596056416
75,4,16,17,0.14166666666666666,0.1,11,0.001273010705433354,0.001289217599668464
75,4,16,17,0.14166666666666666,0.1,13,0.0010771324788842456,0.0010908604872489926
75,4,16,17,0.14166666666666666,0.1,15,0.0009334958322353165,0.0009454026126805409
75,4,16,17,0.14166666666666666,0.1,17,0.0008236601633434374,0.000834172319832928
75,4,16,17,0.14166666666666666,0.1,19,0.0007369502700893956,0.0007463602360777815
75,4,16,17,0.14166666666666666,0.5,1,0.3253145509609879,0.32790468860218286
75,4,16,17,0.14166666666666666,0.5,3,0.10431892510344265,0.10583479258499909
75,4,16,17,0.14166666666666666,0.5,5,0.06227942979383944,0.06329834913514296
75,4,16,17,0.14166666666666666,0.5,7,0.04440701758506545,0.04516643046639077
75,4,16,17,0.14166666666666666,0.5,9,0.03450865937498733,0.03511237819484756
75,4,16,17,0.14166666666666666,0.5,11,0.02821982714420326,0.028720369195019354
75,4,16,17,0.14166666666666666,0.5,13,0.023870257328127042,0.024297565039713215
75,4,16,17,0.14166666666666666,0.5,15,0.020682641935037507,0.021055330827126465
75,4,16,17,0.14166666666666666,0.5,17,0.018246178999072733,0.01857658972735165
75,4,16,17,0.14166666666666666,0.5,19,0.016323318309251628,0.016620044037380505
75,4,16,17,0.14166666666666666,1.0,1,1.0423479283526071,1.0245699389816205
75,4,16,17,0.14166666666666666,1.0,3,0.31963377759760636,0.3081819241927917
75,4,16,17,0.14166666666666666,1.0,5,0.18793164477961694,0.18270446821789754
75,4,16,17,0.14166666666666666,1.0,7,0.13313572374001753,0.13000268953094554
75,4,16,17,0.14166666666666666,1.0,9,0.10309502733974364,0.10093172036680528
75,4,16,17,0.14166666666666666,1.0,11,0.08412081236364863,0.08249644844020862
75,4,16,17,0.14166666666666666,1.0,13,0.0710476270771809,0.06975943539035155
75,4,16,17,0.14166666666666666,1.0,15,0.061492455313584576,0.06043119973282293
75,4,16,17,0.14166666666666666,1.0,17,0.05420336765210699,0.05330433678685339
75,4,16,17,0.14166666666666666,1.0,19,0.04845954950893838,0.04768161355985194
76,4,16,17,0.14166666666666666,0.1,1,0.01470379881528576,0.014977560679261752
76,4,16,17,0.14166666666666666,0.1,3,0.004893329007704506,0.004983059871063062
76,4,16,17,0.14166666666666666,0.1,5,0.00293541809471975,0.0029890728706202306
76,4,16,17,0.14166666666666666,0.1,7,0.0020965770313310693,0.0021348455507421917
76,4,16,17,0.14166666666666666,0.1,9,0.0016306116102363418,0.0016603516646961972
76,4,16,17,0.14166666666666666,0.1,11,0.0013341075045967135,0.0013584275947015631
76,4,16,17,0.14166666666666666,0.1,13,0.0011288436942259342,0.001149414801634733
76,4,16,17,0.14166666666666666,0.1,15,0.000978321003482737,0.000996144573530283
76,4,16,17,0.14166666666666666,0.1,17,0.0008632176796857021,0.0008789411720054513
76,4,16,17,0.14166666666666666,0.1,19,0.0007723479832153421,0.0007864141196155587
76,4,16,17,0.14166666666666666,0.5,1,0.33888972959765656,0.3487283084324747
76,4,16,17,0.14166666666666666,0.5,3,0.10976046038184842,0.11318269608281861
76,4,16,17,0.14166666666666666,0.5,5,0.06568214130190884,0.06773372598230863
76,4,16,17,0.14166666666666666,0.5,7,0.04687652287877219,0.048339056877018935
76,4,16,17,0.14166666666666666,0.5,9,0.03644534525901398,0.03758112768948955
76,4,16,17,0.14166666666666666,0.5,11,0.029812392247365718,0.03074060696645619
76,4,16,17,0.14166666666666666,0.5,13,0.02522237567116866,0.02600710649186586
76,4,16,17,0.14166666666666666,0.5,15,0.021857319276083222,0.02253695916567365
76,4,16,17,0.14166666666666666,0.5,17,0.019284545854189504,0.01988390403762658
76,4,16,17,0.14166666666666666,0.5,19,0.017253699240409235,0.01778973072742214
76,4,16,17,0.14166666666666666,1.0,1,1.046079580287127,1.1074773843523953
76,4,16,17,0.14166666666666666,1.0,3,0.3325248879198265,0.3518943627442683
76,4,16,17,0.14166666666666666,1.0,5,0.1984775102458721,0.21022574564083515
76,4,16,17,0.14166666666666666,1.0,7,0.14142952096719436,0.14988626479528502
76,4,16,17,0.14166666666666666,1.0,9,0.10984898663076054,0.11645905321532332
76,4,16,17,0.14166666666666666,1.0,11,0.08979599545797869,0.09522249331080669
76,4,16,17,0.14166666666666666,1.0,13,0.07593355709817103,0.08053639545872633
76,4,16,17,0.14166666666666666,1.0,15,0.06577854549771288,0.0697750007401704
76,4,16,17,0.14166666666666666,1.0,17,0.058019169066448883,0.06155050834335836
76,4,16,17,0.14166666666666666,1.0,19,0.05189718482237345,0.055060435517393765
77,4,16,17,0.14166666666666666,0.1,1,0.012454631116683854,0.012830505844186303
77,4,16,17,0.14166666666666666,0.1,3,0.004146981821342399,0.004273923170209154
77,4,16,17,0.14166666666666666,0.1,5,0.0024879523603616497,0.002564213995842597
77,4,16,17,0.14166666666666666,0.1,7,0.001777061790031406,0.0018315538905942913
77,4,16,17,0.14166666666666666,0.1,9,0.0013821440683442383,0.0014245331014569858
77,4,16,17,0.14166666666666666,0.1,11,0.0011308388838391118,0.0011655234327620154
77,4,16,17,0.14166666666666666,0.1,13,0.0009568606207837069,0.0009862103589675629
77,4,16,17,0.14166666666666666,0.1,15,0.0008292775454385775,0.0008547146784857503
77,4,16,17,0.14166666666666666,0.1,17,0.0007317145025632071,0.0007541594408153226
77,4,16,17,0.14166666666666666,0.1,19,0.0006546913092204282,0.0006747738791529335
77,4,16,17,0.14166666666666666,0.5,1,0.2940789672411225,0.29903719939132595
77,4,16,17,0.14166666666666666,0.5,3,0.09640324680813867,0.09807294860394063
77,4,16,17,0.14166666666666666,0.5,5,0.05775312969000188,0.05875738779964534
77,4,16,17,0.14166666666666666,0.5,7,0.04123411825554822,0.04195217332165649
77,4,16,17,0.14166666666666666,0.5,9,0.03206510403837552,0.032623859260776385
77,4,16,17,0.14166666666666666,0.5,11,0.026232635768036732,0.02668991734811172
77,4,16,17,0.14166666666666666,0.5,13,0.02219564951404955,0.0225826395963561
77,4,16,17,0.14166666666666666,0.5,15,0.019235577814356617,0.019571002242908673
77,4,16,17,0.14166666666666666,0.5,17,0.01697218379775202,0.017268166259237168
77,4,16,17,0.14166666666666666,0.5,19,0.0151853964584867,0.015450235360842533
77,4,16,17,0.14166666666666666,1.0,1,0.977036605573989,0.976479679727568
77,4,16,17,0.14166666666666666,1.0,3,0.3151262234684419,0.3180946735354028
77,4,16,17,0.14166666666666666,1.0,5,0.18858740240253652,0.19021981418249642
77,4,16,17,0.14166666666666666,1.0,7,0.13461000501411602,0.13572511902363016
77,4,16,17,0.14166666666666666,1.0,9,0.10466625281919494,0.10551434052859367
77,4,16,17,0.14166666666666666,1.0,11,0.08562344156121716,0.08630876155384212
77,4,16,17,0.14166666666666666,1.0,13,0.07244448418216358,0.073020032316513
77,4,16,17,0.14166666666666666,1.0,15,0.06278189293277926,0.06327828639643832
77,4,16,17,0.14166666666666666,1.0,17,0.055393826620339585,0.055830375022080866
77,4,16,17,0.14166666666666666,1.0,19,0.049561667260782635,0.0499513466739869
78,4,16,17,0.14166666666666666,0.1,1,0.01620296777757487,0.015445591610846921
78,4,16,17,0.14166666666666666,0.1,3,0.005395729414050442,0.005142174932383387
78,4,16,17,0.14166666666666666,0.1,5,0.0032371197241294987,0.0030848800852897786
78,4,16,17,0.14166666666666666,0.1,7,0.0023121536428827067,0.0022033804237812475
78,4,16,17,0.14166666666666666,0.1,9,0.0017983139775157567,0.001713699798735734
78,4,16,17,0.14166666666666666,0.1,11,0.0014713347364554183,0.001402098434451487
78,4,16,17,0.14166666666666666,0.1,13,0.001244968426386927,0.0011863800978734074
78,4,16,17,0.14166666666666666,0.1,15,0.00107896835111134,0.0010281894310971136
78,4,16,17,0.14166666666666666,0.1,17,0.0009520281275749375,0.0009072216122986268
78,4,16,17,0.14166666666666666,0.1,19,0.0008518127496749806,0.0008117215962897214
78,4,16,17,0.14166666666666666,0.5,1,0.37064799365994316,0.35400269956051894
78,4,16,17,0.14166666666666666,0.5,3,0.12130747815788868,0.11551883131669552
78,4,16,17,0.14166666666666666,0.5,5,0.07268565746488209,0.06917253975075496
78,4,16,17,0.14166666666666666,0.5,7,0.05189838073373077,0.04937711624609804
78,4,16,17,0.14166666666666666,0.5,9,0.040358811950875165,0.038392808228578386
78,4,16,17,0.14166666666666666,0.5,11,0.033018021586602414,0.03140690335790106
78,4,16,17,0.14166666666666666,0.5,13,0.02793690500642759,0.02657216457459888
78,4,16,17,0.14166666666666666,0.5,15,0.024211186212857363,0.023027475402557247
78,4,16,17,0.14166666666666666,0.5,17,0.021362325602022447,0.020317248222419166
78,4,16,17,0.14166666666666666,0.5,19,0.019113345479044048,0.018177836262650512
78,4,16,17,0.14166666666666666,1.0,1,1.1315801999668997,1.0912239024744244
78,4,16,17,0.14166666666666666,1.0,3,0.3679506210290753,0.3532434021055652
78,4,16,17,0.14166666666666666,1.0,5,0.22054609534728428,0.211009798588409
78,4,16,17,0.14166666666666666,1.0,7,0.15748829783812138,0.1504691966446783
78,4,16,17,0.14166666666666666,1.0,9,0.12247626100857087,0.11693086058838859
78,4,16,17,0.14166666666666666,1.0,11,0.10020162104869572,0.09562091062812013
78,4,16,17,0.14166666666666666,1.0,13,0.08478287065204089,0.0808818917907329
78,4,16,17,0.14166666666666666,1.0,15,0.07347674607013269,0.07008026204627206
78,4,16,17,0.14166666666666666,1.0,17,0.06483136763808615,0.06182404924863227
78,4,16,17,0.14166666666666666,1.0,19,0.0580063332046514,0.05530828615502486
79,4,16,17,0.14166666666666666,0.1,1,0.014387950809746782,0.01370140275242191
79,4,16,17,0.14166666666666666,0.1,3,0.004789808776360177,0.004560467966069492
79,4,16,17,0.14166666666666666,0.1,5,0.002873518319539029,0.002735965564419553
79,4,16,17,0.14166666666666666,0.1,7,0.002052428002792542,0.0019541982453510375
79,4,16,17,0.14166666666666666,0.1,9,0.0015963016214082919,0.0015199114978607577
79,4,16,17,0.14166666666666666,0.1,11,0.0013060503539650877,0.0012435553198142674
79,4,16,17,0.14166666666666666,0.1,13,0.0011051116169061457,0.0010522348375911527
79,4,16,17,0.14166666666666666,0.1,15,0.0009577586624196568,0.0009119344893723492
79,4,16,17,0.14166666666666666,0.1,17,0.0008450781215355097,0.0008046466557100182
79,4,16,17,0.14166666666666666,0.1,19,0.0007561204546816521,0.0007199460986931378
79,4,16,17,0.14166666666666666,0.5,1,0.3328863925126973,0.3194322109549639
79,4,16,17,0.14166666666666666,0.5,3,0.10790167750211796,0.10438327835688627
79,4,16,17,0.14166666666666666,0.5,5,0.06458510535694993,0.06252360277640831
79,4,16,17,0.14166666666666666,0.5,7,0.04609965724998753,0.04463280523926089
79,4,16,17,0.14166666666666666,0.5,9,0.03584427380843007,0.03470385779616444
79,4,16,17,0.14166666666666666,0.5,11,0.029322327264981646,0.028388901313786293
79,4,16,17,0.14166666666666666,0.5,13,0.02480874304413972,0.024018479138661338
79,4,16,17,0.14166666666666666,0.5,15,0.021499510611042615,0.020814229970906345
79,4,16,17,0.14166666666666666,0.5,17,0.018969293134988036,0.018364321330551457
79,4,16,17,0.14166666666666666,0.5,19,0.016971960210171083,0.01643042028451061
79,4,16,17,0.14166666666666666,1.0,1,1.045419528566089,1.027739826487231
79,4,16,17,0.14166666666666666,1.0,3,0.3165969028936917,0.350462779653815
79,4,16,17,0.14166666666666666,1.0,5,0.1882356750533966,0.21060737212136033
79,4,16,17,0.14166666666666666,1.0,7,0.13407581947550695,0.15044850527440815
79,4,16,17,0.14166666666666666,1.0,9,0.10414782866193557,0.11700434666797829
79,4,16,17,0.14166666666666666,1.0,11,0.08515161034516848,0.09571972433695616
79,4,16,17,0.14166666666666666,1.0,13,0.07201962438049213,0.08098507747141968
79,4,16,17,0.14166666666666666,1.0,15,0.062398443934895825,0.07018073171511482
79,4,16,17,0.14166666666666666,1.0,17,0.0550457366278191,0.06191944327311509
79,4,16,17,0.14166666666666666,1.0,19,0.049243619832636455,0.05539801523082682
80,4,16,17,0.14166666666666666,0.1,1,0.012936921403458625,0.013290420050068424
80,4,16,17,0.14166666666666666,0.1,3,0.0043078778273279855,0.00442450321930696
80,4,16,17,0.14166666666666666,0.1,5,0.0025844585677347012,0.0026541763615930154
80,4,16,17,0.14166666666666666,0.1,7,0.001845979122528216,0.0018956899981894162
80,4,16,17,0.14166666666666666,0.1,9,0.0014357383583147346,0.0014743627523408722
80,4,16,17,0.14166666666666666,0.1,11,0.0011746841440325232,0.0012062647430215883
80,4,16,17,0.14166666666666666,0.1,13,0.0009939575955275148,0.0010206670221098602
80,4,16,17,0.14166666666666666,0.1,15,0.0008614263669976969,0.0008845664206477898
80,4,16,17,0.14166666666666666,0.1,17,0.0007600797984234447,0.0007804919680383712
80,4,16,17,0.14166666666666666,0.1,19,0.0006800698382579762,0.0006983294292533304
80,4,16,17,0.14166666666666666,0.5,1,0.30441043379528293,0.31366472920691246
80,4,16,17,0.14166666666666666,0.5,3,0.09938758206936131,0.10292961041711765
80,4,16,17,0.14166666666666666,0.5,5,0.059515595966869776,0.06166711294649559
80,4,16,17,0.14166666666666666,0.5,7,0.04248489847058194,0.04402646978801694
80,4,16,17,0.14166666666666666,0.5,9,0.03303440739397713,0.03423472967897796
80,4,16,17,0.14166666666666666,0.5,11,0.02702384726520591,0.028006380083363782
80,4,16,17,0.14166666666666666,0.5,13,0.022864039426339456,0.023695583010150796
80,4,16,17,0.14166666666666666,0.5,15,0.019814146780426214,0.0205348822295591
80,4,16,17,0.14166666666666666,0.5,17,0.01748220911433084,0.018118173338161722
80,4,16,17,0.14166666666666666,0.5,19,0.015641396534755717,0.016210419801887997
80,4,16,17,0.14166666666666666,1.0,1,1.004334892838221,1.0358076493845947
80,4,16,17,0.14166666666666666,1.0,3,0.3162533149565222,0.32947948265618066
80,4,16,17,0.14166666666666666,1.0,5,0.18871910589814733,0.19724380241503545
80,4,16,17,0.14166666666666666,1.0,7,0.13455392668956911,0.14077615791726114
80,4,16,17,0.14166666666666666,1.0,9,0.10456085725833926,0.10945041851938093
80,4,16,17,0.14166666666666666,1.0,11,0.085505976753573,0.08953060680120652
80,4,16,17,0.14166666666666666,1.0,13,0.07232715568761576,0.0757460256770887
80,4,16,17,0.14166666666666666,1.0,15,0.06266897254530267,0.06564022792637687
80,4,16,17,0.14166666666666666,1.0,17,0.055286692341462926,0.057913806051928834
80,4,16,17,0.14166666666666666,1.0,19,0.04946055884233394,0.051814888613703675
81,4,16,17,0.14166666666666666,0.1,1,0.014384127692782873,0.015195448105075698
81,4,16,17,0.14166666666666666,0.1,3,0.00478445419889312,0.005055209001574057
81,4,16,17,0.14166666666666666,0.1,5,0.002870022822614785,0.0030325226247218126
81,4,16,17,0.14166666666666666,0.1,7,0.0020498596198150363,0.0021659461571766647
81,4,16,17,0.14166666666666666,0.1,9,0.0015942760627157275,0.001684572370372735
81,4,16,17,0.14166666666666666,0.1,11,0.0013043794531997345,0.0013782618387218042
81,4,16,17,0.14166666666666666,0.1,13,0.0011036901487037926,0.0011662081385086277
81,4,16,17,0.14166666666666666,0.1,15,0.0009565220334921775,0.0010107056524667265
81,4,16,17,0.14166666666666666,0.1,17,0.000843983893980453,0.0008917938932932854
81,4,16,17,0.14166666666666666,0.1,19,0.0007551392740813238,0.0007979172973294785
81,4,16,17,0.14166666666666666,0.5,1,0.32910302859456203,0.34848039492331523
81,4,16,17,0.14166666666666666,0.5,3,0.1048009870731689,0.11133848173118627
81,4,16,17,0.14166666666666666,0.5,5,0.06264484709526134,0.0665519518903702
81,4,16,17,0.14166666666666666,0.5,7,0.04469825839072522,0.04748421501042031
81,4,16,17,0.14166666666666666,0.5,9,0.03474933655548771,0.036914158710144966
81,4,16,17,0.14166666666666666,0.5,11,0.028424406525192944,0.030194593820494674
81,4,16,17,0.14166666666666666,0.5,13,0.02404795386425264,0.025545213864312022
81,4,16,17,0.14166666666666666,0.5,15,0.020839606867750004,0.022136863316613607
81,4,16,17,0.14166666666666666,0.5,17,0.018386696474038792,0.019531089186637658
81,4,16,17,0.14166666666666666,0.5,19,0.01645048169111393,0.017474240775439995
81,4,16,17,0.14166666666666666,1.0,1,0.9971101626268503,1.0675133099087446
81,4,16,17,0.14166666666666666,1.0,3,0.3181199333692235,0.3193439101765985
81,4,16,17,0.14166666666666666,1.0,5,0.19125485569086653,0.18964257588231223
81,4,16,17,0.14166666666666666,1.0,7,0.1366733326515891,0.13498955451733674
81,4,16,17,0.14166666666666666,1.0,9,0.10631613465313897,0.10481560014732907
81,4,16,17,0.14166666666666666,1.0,11,0.08698963373971344,0.0856746066305634
81,4,16,17,0.14166666666666666,1.0,13,0.07360724577169554,0.07244809668247008
81,4,16,17,0.14166666666666666,1.0,15,0.06379264868811585,0.06276068427669054
81,4,16,17,0.14166666666666666,1.0,17,0.05628707571716908,0.05535913813441419
81,4,16,17,0.14166666666666666,1.0,19,0.05036153292170971,0.049519593267074606
82,4,16,17,0.14166666666666666,0.1,1,0.015727074448584264,0.016180514302775045
82,4,16,17,0.14166666666666666,0.1,3,0.005232518300389805,0.00538285097795491
82,4,16,17,0.14166666666666666,0.1,5,0.0031387048942711484,0.003228655783240062
82,4,16,17,0.14166666666666666,0.1,7,0.002241712707065067,0.0023058758921801355
82,4,16,17,0.14166666666666666,0.1,9,0.0017434650765292404,0.0017933296894948989
82,4,16,17,0.14166666666666666,0.1,11,0.0014264266420526322,0.0014672033876135659
82,4,16,17,0.14166666666666666,0.1,13,0.00120695080504275,0.0012414412954626095
82,4,16,17,0.14166666666666666,0.1,15,0.001046008063852217,0.0010758914948061575
82,4,16,17,0.14166666666666666,0.1,17,0.0009229376656317449,0.0009492997181484146
82,4,16,17,0.14166666666666666,0.1,19,0.0008257789074278981,0.0008493619604767452
82,4,16,17,0.14166666666666666,0.5,1,0.3604623708888994,0.37456521650800045
82,4,16,17,0.14166666666666666,0.5,3,0.11683477068379064,0.12241848641436567
82,4,16,17,0.14166666666666666,0.5,5,0.06989634511863835,0.0732835016406491
82,4,16,17,0.14166666666666666,0.5,7,0.04987626420273461,0.0523020179872352
82,4,16,17,0.14166666666666666,0.5,9,0.0387737678114056,0.040662183581518574
82,4,16,17,0.14166666666666666,0.5,11,0.03171494966264315,0.03326059300979067
82,4,16,17,0.14166666666666666,0.5,13,0.026830734266787018,0.028138799233205673
82,4,16,17,0.14166666666666666,0.5,15,0.023250267497451155,0.02438400252112816
82,4,16,17,0.14166666666666666,0.5,17,0.020512962995190107,0.021513341842503
82,4,16,17,0.14166666666666666,0.5,19,0.0183523438661624,0.01924742112035787
82,4,16,17,0.14166666666666666,1.0,1,1.0981990545636318,1.1630536902981363
82,4,16,17,0.14166666666666666,1.0,3,0.341745393546378,0.3754866037069325
82,4,16,17,0.14166666666666666,1.0,5,0.20350463458054074,0.22482936622446867
82,4,16,17,0.14166666666666666,1.0,7,0.14495648694739702,0.16047827394277386
82,4,16,17,0.14166666666666666,1.0,9,0.11258263890488061,0.12477058236514148
82,4,16,17,0.14166666666666666,1.0,11,0.09203308679091875,0.1020619504024941
82,4,16,17,0.14166666666666666,1.0,13,0.07782883514110123,0.0863468549760509
82,4,16,17,0.14166666666666666,1.0,15,0.06742354943869622,0.0748256179143486
82,4,16,17,0.14166666666666666,1.0,17,0.05947275075743496,0.06601703501019057
82,4,16,17,0.14166666666666666,1.0,19,0.05319950236715509,0.05906396345573949
83,4,16,17,0.14166666666666666,0.1,1,0.013964577780477593,0.012362965950963433
83,4,16,17,0.14166666666666666,0.1,3,0.004647218265101868,0.004114235221501993
83,4,16,17,0.14166666666666666,0.1,5,0.002787666478023146,0.002468161674839352
83,4,16,17,0.14166666666666666,0.1,7,0.001991005155312594,0.0017628885217909297
83,4,16,17,0.14166666666666666,0.1,9,0.0015484832128572412,0.0013711056722117852
83,4,16,17,0.14166666666666666,0.1,11,0.0012669021710557953,0.0011218001741354622
83,4,16,17,0.14166666666666666,0.1,13,0.0010719719390512967,0.0009492083548194277
83,4,16,17,0.14166666666666666,0.1,15,0.0009290284275897439,0.0008226430244244806
83,4,16,17,0.14166666666666666,0.1,17,0.0008197216707848883,0.0007258588210945208
83,4,16,17,0.14166666666666666,0.1,19,0.0007334286669120727,0.0006494508379771477
83,4,16,17,0.14166666666666666,0.5,1,0.3267850847852317,0.2942353492986754
83,4,16,17,0.14166666666666666,0.5,3,0.10634521621260204,0.09466956855061964
83,4,16,17,0.14166666666666666,0.5,5,0.06365543811981884,0.056572116466977435
83,4,16,17,0.14166666666666666,0.5,7,0.04543276848042213,0.04035472876822852
83,4,16,17,0.14166666666666666,0.5,9,0.035323494315169665,0.031367167910289505
83,4,16,17,0.14166666666666666,0.5,11,0.028894881158072365,0.02565478961949151
83,4,16,17,0.14166666666666666,0.5,13,0.02444616094555583,0.021702895769743758
83,4,16,17,0.14166666666666666,0.5,15,0.02118465557759201,0.01880618716050901
83,4,16,17,0.14166666666666666,0.5,17,0.018691039521105852,0.01659177420762234
83,4,16,17,0.14166666666666666,0.5,19,0.01672267226097889,0.01484396830600589
83,4,16,17,0.14166666666666666,1.0,1,1.0524491876825914,1.0078261296281532
83,4,16,17,0.14166666666666666,1.0,3,0.32045132060734705,0.3084772903055233
83,4,16,17,0.14166666666666666,1.0,5,0.19090376579611815,0.18195086772593944
83,4,16,17,0.14166666666666666,1.0,7,0.1361033300261672,0.1291159543467032
83,4,16,17,0.14166666666666666,1.0,9,0.1057778745569068,0.10008247693725994
83,4,16,17,0.14166666666666666,1.0,11,0.08651273507322944,0.08171646818095217
83,4,16,17,0.14166666666666666,1.0,13,0.07318736896260779,0.06904894598851263
83,4,16,17,0.14166666666666666,1.0,15,0.06342080143370911,0.05978311332098758
83,4,16,17,0.14166666666666666,1.0,17,0.05595464042048108,0.05271058674107861
83,4,16,17,0.14166666666666666,1.0,19,0.050061597157914826,0.047134843827756366
84,4,16,17,0.14166666666666666,0.1,1,0.011894763133875913,0.012058389648422794
84,4,16,17,0.14166666666666666,0.1,3,0.0039561157560967794,0.004010000989735346
84,4,16,17,0.14166666666666666,0.1,5,0.0023731902860760538,0.0024055387453286443
84,4,16,17,0.14166666666666666,0.1,7,0.001695039426682631,0.0017181509161274464
84,4,16,17,0.14166666666666666,0.1,9,0.00131833287162999,0.001336310445028926
84,4,16,17,0.14166666666666666,0.1,11,0.0010786230482669782,0.0010933328312724146
84,4,16,17,0.14166666666666666,0.1,13,0.0009126747324776409,0.0009251219015172034
84,4,16,17,0.14166666666666666,0.1,15,0.0007909813340022458,0.0008017691178023778
84,4,16,17,0.14166666666666666,0.1,17,0.0006979226798852576,0.0007074414540047877
84,4,16,17,0.14166666666666666,0.1,19,0.0006244558625679245,0.0006329727497539244
84,4,16,17,0.14166666666666666,0.5,1,0.28247543105136197,0.2882995113329526
84,4,16,17,0.14166666666666666,0.5,3,0.09048137567788461,0.09171799423325422
84,4,16,17,0.14166666666666666,0.5,5,0.054106274220113125,0.05477252628751645
84,4,16,17,0.14166666666666666,0.5,7,0.03861041322770354,0.039069070880679665
84,4,16,17,0.14166666666666666,0.5,9,0.030018298517857367,0.030369267035450894
84,4,16,17,0.14166666666666666,0.5,11,0.024555394491335366,0.02484012124151068
84,4,16,17,0.14166666666666666,0.5,13,0.02077517667314196,0.021014907429940638
84,4,16,17,0.14166666666666666,0.5,15,0.018003807046576507,0.01821092279741503
84,4,16,17,0.14166666666666666,0.5,17,0.015884915970454154,0.016067280346596293
84,4,16,17,0.14166666666666666,0.5,19,0.014212319024412131,0.014375245335496821
84,4,16,17,0.14166666666666666,1.0,1,0.944173703033499,0.9664273112395014
84,4,16,17,0.14166666666666666,1.0,3,0.2896913031962666,0.2923680668044003
84,4,16,17,0.14166666666666666,1.0,5,0.17358344461266906,0.17442867068936863
84,4,16,17,0.14166666666666666,1.0,7,0.12395291597458201,0.12441025437713106
84,4,16,17,0.14166666666666666,1.0,9,0.0963974784083438,0.09670679865291976
84,4,16,17,0.14166666666666666,1.0,11,0.0788665471677878,0.07910050931397657
84,4,16,17,0.14166666666666666,1.0,13,0.06673127140728664,0.06691996049139996
84,4,16,17,0.14166666666666666,1.0,15,0.05783271610733325,0.057991209534167164
84,4,16,17,0.14166666666666666,1.0,17,0.051028251737451444,0.051165131740201875
84,4,16,17,0.14166666666666666,1.0,19,0.045656472943274296,0.04577708440959758
85,4,16,17,0.14166666666666666,0.1,1,0.014273647674553549,0.014367310027381532
85,4,16,17,0.14166666666666666,0.1,3,0.004750409101180796,0.004777736186667732
85,4,16,17,0.14166666666666666,0.1,5,0.0028496103809078775,0.0028658655641658286
85,4,16,17,0.14166666666666666,0.1,7,0.0020352605560475336,0.0020468517354278078
85,4,16,17,0.14166666666666666,0.1,9,0.001582908452915441,0.0015919200425527765
85,4,16,17,0.14166666666666666,0.1,11,0.0012950706019765681,0.001302443192011036
85,4,16,17,0.14166666666666666,0.1,13,0.0010958081463896385,0.0011020467347422937
85,4,16,17,0.14166666666666666,0.1,15,0.0009496873603591762,0.0009550945402154551
85,4,16,17,0.14166666666666666,0.1,17,0.0008379507433235649,0.0008427221817926587
85,4,16,17,0.14166666666666666,0.1,19,0.0007497393176543064,0.0007540088487750003
85,4,16,17,0.14166666666666666,0.5,1,0.3318924207630846,0.3320412246781103
85,4,16,17,0.14166666666666666,0.5,3,0.10827360182103679,0.10580371980131009
85,4,16,17,0.14166666666666666,0.5,5,0.06481999143404646,0.06325012646039091
85,4,16,17,0.14166666666666666,0.5,7,0.046265820281554765,0.04513392605811987
85,4,16,17,0.14166666666666666,0.5,9,0.03597176533903747,0.03508998037444629
85,4,16,17,0.14166666666666666,0.5,11,0.02942540941422964,0.02870413278903218
85,4,16,17,0.14166666666666666,0.5,13,0.02489512292354777,0.024285268140379023
85,4,16,17,0.14166666666666666,0.5,15,0.021573781390369577,0.021045685100564634
85,4,16,17,0.14166666666666666,0.5,17,0.019034398787797807,0.018568808354941495
85,4,16,17,0.14166666666666666,0.5,19,0.017029895345571925,0.016613622408010977
85,4,16,17,0.14166666666666666,1.0,1,1.0573636628224283,1.0375384400486831
85,4,16,17,0.14166666666666666,1.0,3,0.33053587738302964,0.31837721478300596
85,4,16,17,0.14166666666666666,1.0,5,0.19685007084059458,0.19068778367235853
85,4,16,17,0.14166666666666666,1.0,7,0.1402770196108942,0.1361312743515091
85,4,16,17,0.14166666666666666,1.0,9,0.10898603058469958,0.10585346188498544
85,4,16,17,0.14166666666666666,1.0,11,0.0891161867998654,0.08659540164394113
85,4,16,17,0.14166666666666666,1.0,13,0.07537710340550666,0.07326671910372644
85,4,16,17,0.14166666666666666,1.0,15,0.06530973851152642,0.06349413336392046
85,4,16,17,0.14166666666666666,1.0,17,0.057615358558344626,0.056021910285089495
85,4,16,17,0.14166666666666666,1.0,19,0.05154325155575564,0.050123315905304305
86,4,16,17,0.14166666666666666,0.1,1,0.013865524272969453,0.014632196444945945
86,4,16,17,0.14166666666666666,0.1,3,0.004615467666004443,0.004874325375237139
86,4,16,17,0.14166666666666666,0.1,5,0.0027687516526192623,0.002924420874388523
86,4,16,17,0.14166666666666666,0.1,7,0.0019775351664552206,0.002088832790439232
86,4,16,17,0.14166666666666666,0.1,9,0.0015380239369553715,0.001624633603088816
86,4,16,17,0.14166666666666666,0.1,11,0.0012583535854779888,0.0013292391866232512
86,4,16,17,0.14166666666666666,0.1,13,0.0010647437776582385,0.001124737382415987
86,4,16,17,0.14166666666666666,0.1,15,0.0009227673547013457,0.0009747703442621277
86,4,16,17,0.14166666666666666,0.1,17,0.0008141994403137201,0.0008600901700595495
86,4,16,17,0.14166666666666666,0.1,19,0.0007284893080703946,0.0007695534786406205
86,4,16,17,0.14166666666666666,0.5,1,0.3246390964765816,0.34102951276627075
86,4,16,17,0.14166666666666666,0.5,3,0.10609954263108469,0.11233621094686237
86,4,16,17,0.14166666666666666,0.5,5,0.06352003823857726,0.06733375540819324
86,4,16,17,0.14166666666666666,0.5,7,0.04533694022970971,0.04808139378259581
86,4,16,17,0.14166666666666666,0.5,9,0.035248827572088144,0.03739186695931731
86,4,16,17,0.14166666666666666,0.5,11,0.028833571073519665,0.030591268056859043
86,4,16,17,0.14166666666666666,0.5,13,0.024394099049278938,0.025883859010717963
86,4,16,17,0.14166666666666666,0.5,15,0.02113939368873854,0.0224320747723815
86,4,16,17,0.14166666666666666,0.5,17,0.018650994879389794,0.019792635883719496
86,4,16,17,0.14166666666666666,0.5,19,0.016686760216785678,0.017708957786673443
86,4,16,17,0.14166666666666666,1.0,1,1.0569581011113145,1.0963280258767234
86,4,16,17,0.14166666666666666,1.0,3,0.3377561054148267,0.35778224997855956
86,4,16,17,0.14166666666666666,1.0,5,0.20146643550323096,0.21419022902206866
86,4,16,17,0.14166666666666666,1.0,7,0.14358077882560366,0.15288857057573077
86,4,16,17,0.14166666666666666,1.0,9,0.11154211013804424,0.11887630779999926
86,4,16,17,0.14166666666666666,1.0,11,0.09119558738518233,0.09724554718006129
86,4,16,17,0.14166666666666666,1.0,13,0.07712772750629984,0.0822757043809476
86,4,16,17,0.14166666666666666,1.0,15,0.0668204690605481,0.07130029802416783
86,4,16,17,0.14166666666666666,1.0,17,0.05894356435830055,0.06290864284400396
86,4,16,17,0.14166666666666666,1.0,19,0.052728031471970825,0.05628439794522974
87,4,16,17,0.14166666666666666,0.1,1,0.013131480045717714,0.012627561738568351
87,4,16,17,0.14166666666666666,0.1,3,0.0043738375328471945,0.004206691881374064
87,4,16,17,0.14166666666666666,0.1,5,0.002624142825616532,0.002523895737688911
87,4,16,17,0.14166666666666666,0.1,7,0.0018743563019255041,0.0018027591816179667
87,4,16,17,0.14166666666666666,0.1,9,0.0014578226187778995,0.0014021385129216425
87,4,16,17,0.14166666666666666,0.1,11,0.0011927597940692735,0.0011472011246171706
87,4,16,17,0.14166666666666666,0.1,13,0.001009256259465542,0.000970707128852601
87,4,16,17,0.14166666666666666,0.1,15,0.0008746876555618414,0.0008412786878654548
87,4,16,17,0.14166666666666666,0.1,17,0.0007717825752779156,0.0007423042388015297
87,4,16,17,0.14166666666666666,0.1,19,0.0006905418962697295,0.0006641666457340798
87,4,16,17,0.14166666666666666,0.5,1,0.307425505250291,0.29619933783664604
87,4,16,17,0.14166666666666666,0.5,3,0.10052539621065545,0.09738887673739684
87,4,16,17,0.14166666666666666,0.5,5,0.06021811779717419,0.05837408986219211
87,4,16,17,0.14166666666666666,0.5,7,0.04299377067900713,0.04168422002954567
87,4,16,17,0.14166666666666666,0.5,9,0.03343345782370559,0.032417370122974874
87,4,16,17,0.14166666666666666,0.5,11,0.027352102680132422,0.026521776365255843
87,4,16,17,0.14166666666666666,0.5,13,0.0231428482435122,0.022440760656560754
87,4,16,17,0.14166666666666666,0.5,15,0.020056461546074565,0.01944825568765453
87,4,16,17,0.14166666666666666,0.5,17,0.017696480589253882,0.01715998769426323
87,4,16,17,0.14166666666666666,0.5,19,0.015833443925589774,0.015353523964863265
87,4,16,17,0.14166666666666666,1.0,1,1.0020174286374497,0.9731818945652536
87,4,16,17,0.14166666666666666,1.0,3,0.3088557353157021,0.3121010891565971
87,4,16,17,0.14166666666666666,1.0,5,0.18387755698244362,0.1869032294859325
87,4,16,17,0.14166666666666666,1.0,7,0.13105654886918586,0.13343731230078956
87,4,16,17,0.14166666666666666,1.0,9,0.10184161626508327,0.10376429791481777
87,4,16,17,0.14166666666666666,1.0,11,0.08328713387451278,0.08488975897867856
87,4,16,17,0.14166666666666666,1.0,13,0.0704553129514642,0.07182577994900387
87,4,16,17,0.14166666666666666,1.0,15,0.06105125515611998,0.06224683347936888
87,4,16,17,0.14166666666666666,1.0,17,0.0538628472518089,0.0549223965684969
87,4,16,17,0.14166666666666666,1.0,19,0.04818936740419616,0.049140289906163544
88,4,16,17,0.14166666666666666,0.1,1,0.016627326862785063,0.016503863219751246
88,4,16,17,0.14166666666666666,0.1,3,0.005535347488936033,0.0054948492364238774
88,4,16,17,0.14166666666666666,0.1,5,0.003320740788446981,0.0032963629769542035
88,4,16,17,0.14166666666666666,0.1,7,0.0023718422012636207,0.0023543938905896964
88,4,16,17,0.14166666666666666,0.1,9,0.0018447218114136697,0.0018311332216422696
88,4,16,17,0.14166666666666666,0.1,11,0.0015092964477797885,0.0014981686043746372
88,4,16,17,0.14166666666666666,0.1,13,0.0012770851107399303,0.0012676631703508392
88,4,16,17,0.14166666666666666,0.1,15,0.0011067998367057573,0.0010986301738520599
88,4,16,17,0.14166666666666666,0.1,17,0.0009765833408236827,0.0009693720673141028
88,4,16,17,0.14166666666666666,0.1,19,0.0008737818197819953,0.0008673276534552157
88,4,16,17,0.14166666666666666,0.5,1,0.37791287738030194,0.37570890216740216
88,4,16,17,0.14166666666666666,0.5,3,0.1228753120107641,0.12306378879442914
88,4,16,17,0.14166666666666666,0.5,5,0.07358286274103976,0.07371839171274758
88,4,16,17,0.14166666666666666,0.5,7,0.052531221363661985,0.0526278871807128
88,4,16,17,0.14166666666666666,0.5,9,0.040848618137725,0.04092233440804893
88,4,16,17,0.14166666666666666,0.5,11,0.03341784171733514,0.033476964161139294
88,4,16,17,0.14166666666666666,0.5,13,0.028274792295610262,0.028323957518946796
88,4,16,17,0.14166666666666666,0.5,15,0.024503808787781328,0.024545797483039693
88,4,16,17,0.14166666666666666,0.5,17,0.021620405908934517,0.02165699859653922
88,4,16,17,0.14166666666666666,0.5,19,0.019344192562369366,0.019376590913491268
88,4,16,17,0.14166666666666666,1.0,1,1.1337849211209552,1.1260252359868008
88,4,16,17,0.14166666666666666,1.0,3,0.3572137052013282,0.3544034304306543
88,4,16,17,0.14166666666666666,1.0,5,0.21296152748202807,0.2118947433431568
88,4,16,17,0.14166666666666666,1.0,7,0.1517672159962558,0.15120270080078926
88,4,16,17,0.14166666666666666,1.0,9,0.11790504397740077,0.1175510139766922
88,4,16,17,0.14166666666666666,1.0,11,0.09640134822942835,0.09615554750244117
88,4,16,17,0.14166666666666666,1.0,13,0.08153321971824846,0.08135068420533638
88,4,16,17,0.14166666666666666,1.0,15,0.07063931479556203,0.07049715552184548
88,4,16,17,0.14166666666666666,1.0,17,0.062313826759313413,0.06219913479915047
88,4,16,17,0.14166666666666666,1.0,19,0.05574412155732729,0.05564904322221949
89,4,16,17,0.14166666666666666,0.1,1,0.015048845194879427,0.015105329200810647
89,4,16,17,0.14166666666666666,0.1,3,0.005010308379500051,0.005026180886619566
89,4,16,17,0.14166666666666666,0.1,5,0.0030056973785123446,0.0030148457905157236
89,4,16,17,0.14166666666666666,0.1,7,0.0021467936906626284,0.002153212258070489
89,4,16,17,0.14166666666666666,0.1,9,0.0016696742137322306,0.0016746160796638015
89,4,16,17,0.14166666666666666,0.1,11,0.001366069846732247,0.0013700869086933042
89,4,16,17,0.14166666666666666,0.1,13,0.0011558896799839472,0.0011592733110285254
89,4,16,17,0.14166666666666666,0.1,15,0.0010017613285536052,0.0010046839965865038
89,4,16,17,0.14166666666666666,0.1,17,0.000883900577336568,0.000886472775866425
89,4,16,17,0.14166666666666666,0.1,19,0.0007908538831413924,0.0007931506403752213
89,4,16,17,0.14166666666666666,0.5,1,0.3468886778885805,0.3517251272880114
89,4,16,17,0.14166666666666666,0.5,3,0.1137105791839699,0.11504066178597468
89,4,16,17,0.14166666666666666,0.5,5,0.06813272567627686,0.06887753328060828
89,4,16,17,0.14166666666666666,0.5,7,0.048645342188219996,0.049160964493958126
89,4,16,17,0.14166666666666666,0.5,9,0.037827732124658675,0.03822172244816742
89,4,16,17,0.14166666666666666,0.5,11,0.03094648487200172,0.03126518537464709
89,4,16,17,0.14166666666666666,0.5,13,0.026183619467927844,0.026451154979710817
89,4,16,17,0.14166666666666666,0.5,15,0.0226913590026562,0.02292187030163469
89,4,16,17,0.14166666666666666,0.5,17,0.020021075592884626,0.02022355703881122
89,4,16,17,0.14166666666666666,0.5,19,0.01791311192467706,0.01809363722049472
89,4,16,17,0.14166666666666666,1.0,1,1.0826253623553868,1.1038121775945564
89,4,16,17,0.14166666666666666,1.0,3,0.3524852943340965,0.3510150279673851
89,4,16,17,0.14166666666666666,1.0,5,0.21127825502434303,0.20978090965912732
89,4,16,17,0.14166666666666666,1.0,7,0.15082630179711443,0.14965289589059308
89,4,16,17,0.14166666666666666,1.0,9,0.11726780037892545,0.11632623191977912
89,4,16,17,0.14166666666666666,1.0,11,0.09592363331383397,0.09514283558609765
89,4,16,17,0.14166666666666666,1.0,13,0.08115242938669227,0.08048737642618603
89,4,16,17,0.14166666666666666,1.0,15,0.07032321810465392,0.06974481652890555
89,4,16,17,0.14166666666666666,1.0,17,0.062043822504610456,0.06153247948254025
89,4,16,17,0.14166666666666666,1.0,19,0.055508560683893086,0.05505054775251873
90,4,16,17,0.14166666666666666,0.1,1,0.015285824437958359,0.013564087428673566
90,4,16,17,0.14166666666666666,0.1,3,0.005089508960824705,0.004514551913138223
90,4,16,17,0.14166666666666666,0.1,5,0.00305322967981202,0.0027082949078769568
90,4,16,17,0.14166666666666666,0.1,7,0.0021807485962431206,0.0019343909112874086
90,4,16,17,0.14166666666666666,0.1,9,0.0016960849420024483,0.001504486382821062
90,4,16,17,0.14166666666666666,0.1,11,0.0013876793193597504,0.0012309243719083424
90,4,16,17,0.14166666666666666,0.1,13,0.001174175021907325,0.001041540911216742
90,4,16,17,0.14166666666666666,0.1,15,0.0010176088800529586,0.0009026624304054175
90,4,16,17,0.14166666666666666,0.1,17,0.0008978838826293795,0.0007964627114658599
90,4,16,17,0.14166666666666666,0.1,19,0.0008033653825269382,0.0007126216910062034
90,4,16,17,0.14166666666666666,0.5,1,0.3553688286581803,0.3159180162554626
90,4,16,17,0.14166666666666666,0.5,3,0.11648853903614469,0.10227758498649805
90,4,16,17,0.14166666666666666,0.5,5,0.06976688179694168,0.06118868197082601
90,4,16,17,0.14166666666666666,0.5,7,0.04980298719677582,0.04366527451019587
90,4,16,17,0.14166666666666666,0.5,9,0.03872413563669201,0.03394695562474861
90,4,16,17,0.14166666666666666,0.5,11,0.031677892307355335,0.02776785742516185
90,4,16,17,0.14166666666666666,0.5,13,0.026801349779558246,0.023492150915823826
90,4,16,17,0.14166666666666666,0.5,15,0.02322600534304756,0.020357642802368157
90,4,16,17,0.14166666666666666,0.5,17,0.02049234332724161,0.01796120210170498
90,4,16,17,0.14166666666666666,0.5,19,0.01833443795116872,0.01606958456985486
90,4,16,17,0.14166666666666666,1.0,1,1.1265611825996555,1.0100935134442899
90,4,16,17,0.14166666666666666,1.0,3,0.3581838694122116,0.3109825129599545
90,4,16,17,0.14166666666666666,1.0,5,0.21355604828169986,0.18485088966943813
90,4,16,17,0.14166666666666666,1.0,7,0.1522027121067399,0.13160627755632465
90,4,16,17,0.14166666666666666,1.0,9,0.11825040341842434,0.10219480933363524
90,4,16,17,0.14166666666666666,1.0,11,0.09668797018398678,0.08353377152355004
90,4,16,17,0.14166666666666666,1.0,13,0.08177834231792079,0.07063778571713598
90,4,16,17,0.14166666666666666,1.0,15,0.07085349909918273,0.06119208700515427
90,4,16,17,0.14166666666666666,1.0,17,0.06250403550487248,0.05397510190668917
90,4,16,17,0.14166666666666666,1.0,19,0.055915195676596356,0.04828114243065144
91,4,16,17,0.14166666666666666,0.1,1,0.011702692422802564,0.012602009763527204
91,4,16,17,0.14166666666666666,0.1,3,0.003890389643952032,0.0041974203018817526
91,4,16,17,0.14166666666666666,0.1,5,0.0023336263408585156,0.0025182955540665936
91,4,16,17,0.14166666666666666,0.1,7,0.0016667531082733853,0.0017987517017674112
91,4,16,17,0.14166666666666666,0.1,9,0.0012963238575750494,0.0013990192299680171
91,4,16,17,0.14166666666666666,0.1,11,0.0010606121149929024,0.0011446480086310178
91,4,16,17,0.14166666666666666,0.1,13,0.0008974329754095151,0.0009685463251557807
91,4,16,17,0.14166666666666666,0.1,15,0.0007777708653179177,0.0008394057331308242
91,4,16,17,0.14166666666666666,0.1,17,0.0006862658255956702,0.0007406514794136426
91,4,16,17,0.14166666666666666,0.1,19,0.0006140256949952893,0.000662687765489894
91,4,16,17,0.14166666666666666,0.5,1,0.27748979718071193,0.29085541616247707
91,4,16,17,0.14166666666666666,0.5,3,0.08921763540956114,0.09557357524633613
91,4,16,17,0.14166666666666666,0.5,5,0.05324670208771568,0.0572843417484704
91,4,16,17,0.14166666666666666,0.5,7,0.03795727329152239,0.040905678370650546
91,4,16,17,0.14166666666666666,0.5,9,0.02949228302204635,0.031811785387408364
91,4,16,17,0.14166666666666666,0.5,11,0.024115547848842688,0.02602627546328221
91,4,16,17,0.14166666666666666,0.5,13,0.020397539397855047,0.02202147951004902
91,4,16,17,0.14166666666666666,0.5,15,0.017673155402708786,0.01908487256087857
91,4,16,17,0.14166666666666666,0.5,17,0.01559097981200434,0.016839351880662386
91,4,16,17,0.14166666666666666,0.5,19,0.013947846501057898,0.015066636992813541
91,4,16,17,0.14166666666666666,1.0,1,0.933297572380284,0.9257017907220696
91,4,16,17,0.14166666666666666,1.0,3,0.2834723704121148,0.30201850384176415
91,4,16,17,0.14166666666666666,1.0,5,0.16734673517020246,0.18066420400615749
91,4,16,17,0.14166666666666666,1.0,7,0.11879570779704078,0.12893175478608157
91,4,16,17,0.14166666666666666,1.0,9,0.09210352903242858,0.10024307490878083
91,4,16,17,0.14166666666666666,1.0,11,0.07521487736640665,0.08200154224365121
91,4,16,17,0.14166666666666666,1.0,13,0.06356485720896261,0.06937833645198788
91,4,16,17,0.14166666666666666,1.0,15,0.05504250420671999,0.0601237576547663
91,4,16,17,0.14166666666666666,1.0,17,0.048536941429232414,0.05304793280100035
91,4,16,17,0.14166666666666666,1.0,19,0.043407769601616915,0.04746240643640979
92,4,16,17,0.14166666666666666,0.1,1,0.014494306563263094,0.013938895734478814
92,4,16,17,0.14166666666666666,0.1,3,0.004821365731416217,0.0046337791479237845
92,4,16,17,0.14166666666666666,0.1,5,0.002891957600795264,0.0027791978863791807
92,4,16,17,0.14166666666666666,0.1,7,0.0020654451670940807,0.0019848456928025014
92,4,16,17,0.14166666666666666,0.1,9,0.0016063591799241447,0.0015436475411319368
92,4,16,17,0.14166666666666666,0.1,11,0.0013142442879030647,0.0012629231353575858
92,4,16,17,0.14166666666666666,0.1,13,0.0011120243998564302,0.0010685921623810248
92,4,16,17,0.14166666666666666,0.1,15,0.0009637366576561678,0.000926091235783697
92,4,16,17,0.14166666666666666,0.1,17,0.0008503439825537474,0.0008171246719908944
92,4,16,17,0.14166666666666666,0.1,19,0.0007608257627126782,0.0007311012915985426
92,4,16,17,0.14166666666666666,0.5,1,0.3388166910665139,0.32448530237398326
92,4,16,17,0.14166666666666666,0.5,3,0.10953713875752713,0.10407403879080167
92,4,16,17,0.14166666666666666,0.5,5,0.06552313565766252,0.062175540058087536
92,4,16,17,0.14166666666666666,0.5,7,0.04675525529675175,0.04434512886031238
92,4,16,17,0.14166666666666666,0.5,9,0.03634766079777674,0.03446547756807728
92,4,16,17,0.14166666666666666,0.5,11,0.02973069765561796,0.028186936412208506
92,4,16,17,0.14166666666666666,0.5,13,0.025152203263621963,0.023843796186478083
92,4,16,17,0.14166666666666666,0.5,15,0.021795833804640202,0.020660550629402086
92,4,16,17,0.14166666666666666,0.5,17,0.019229839877100786,0.01822723951337245
92,4,16,17,0.14166666666666666,0.5,19,0.017204429622291573,0.016306754457568875
92,4,16,17,0.14166666666666666,1.0,1,1.0946767504113952,1.0305685052950455
92,4,16,17,0.14166666666666666,1.0,3,0.3331726178897577,0.3108840138384032
92,4,16,17,0.14166666666666666,1.0,5,0.19864820617177853,0.18412139407537204
92,4,16,17,0.14166666666666666,1.0,7,0.14163975426862774,0.13088159971222993
92,4,16,17,0.14166666666666666,1.0,9,0.1100787309773463,0.10154427820014213
92,4,16,17,0.14166666666666666,1.0,11,0.09002651797393232,0.08295679143421401
92,4,16,17,0.14166666666666666,1.0,13,0.07615654073164889,0.07012361904382805
92,4,16,17,0.14166666666666666,1.0,15,0.0659908658240905,0.060730109951269144
92,4,16,17,0.14166666666666666,1.0,17,0.05822002905737785,0.053556503349308074
92,4,16,17,0.14166666666666666,1.0,19,0.052086803344052905,0.04789889834567735
93,4,16,17,0.14166666666666666,0.1,1,0.013615959178743607,0.0140628750626917
93,4,16,17,0.14166666666666666,0.1,3,0.004533419446401582,0.0046808196679156725
93,4,16,17,0.14166666666666666,0.1,5,0.0027197032540907805,0.0028079236832447437
93,4,16,17,0.14166666666666666,0.1,7,0.00194255876112568,0.0020055042516758503
93,4,16,17,0.14166666666666666,0.1,9,0.0015108457676297185,0.0015597731623567337
93,4,16,17,0.14166666666666666,0.1,11,0.0012361304537307524,0.001276146126511243
93,4,16,17,0.14166666666666666,0.1,13,0.0010459475932862717,0.0010797976952744213
93,4,16,17,0.14166666666666666,0.1,15,0.0009064824444282103,0.000935813262894652
93,4,16,17,0.14166666666666666,0.1,17,0.0007998338685661096,0.0008257099881772232
93,4,16,17,0.14166666666666666,0.1,19,0.0007156383585551504,0.0007387878357796557
93,4,16,17,0.14166666666666666,0.5,1,0.316950501731198,0.3275011008581419
93,4,16,17,0.14166666666666666,0.5,3,0.10330426000007434,0.10689440421411449
93,4,16,17,0.14166666666666666,0.5,5,0.06186216191465568,0.06397649987353952
93,4,16,17,0.14166666666666666,0.5,7,0.04416191790331882,0.04565769506335485
93,4,16,17,0.14166666666666666,0.5,9,0.03433950999980568,0.03549625118262535
93,4,16,17,0.14166666666666666,0.5,11,0.028092156630591406,0.029035015665509062
93,4,16,17,0.14166666666666666,0.5,13,0.023768324546226547,0.02456400071794258
93,4,16,17,0.14166666666666666,0.5,15,0.020598088162677,0.021286305227000944
93,4,16,17,0.14166666666666666,0.5,17,0.018174084175201444,0.018780402711748027
93,4,16,17,0.14166666666666666,0.5,19,0.01626056170786241,0.01680239470633595
93,4,16,17,0.14166666666666666,1.0,1,1.0277166775626885,1.0522868428766332
93,4,16,17,0.14166666666666666,1.0,3,0.32101267776283954,0.33260974177284497
93,4,16,17,0.14166666666666666,1.0,5,0.19140007302921544,0.1976783315503124
93,4,16,17,0.14166666666666666,1.0,7,0.13647653489255848,0.14069198829428994
93,4,16,17,0.14166666666666666,1.0,9,0.10607032669099117,0.1092240585394692
93,4,16,17,0.14166666666666666,1.0,11,0.08675192431346133,0.08926450927488712
93,4,16,17,0.14166666666666666,1.0,13,0.07338925738505982,0.07547457413498053
93,4,16,17,0.14166666666666666,1.0,15,0.06359510504179579,0.0653760373497391
93,4,16,17,0.14166666666666666,1.0,17,0.05610801522566759,0.05766141886006114
93,4,16,17,0.14166666666666666,1.0,19,0.050198543471176436,0.051575583985762646
94,4,16,17,0.14166666666666666,0.1,1,0.012947502344924457,0.012747686763507082
94,4,16,17,0.14166666666666666,0.1,3,0.004315935339455478,0.004244480689150073
94,4,16,17,0.14166666666666666,0.1,5,0.002589565941835023,0.0025464595678783303
94,4,16,17,0.14166666666666666,0.1,7,0.0018496908886283029,0.0018188546382114726
94,4,16,17,0.14166666666666666,0.1,9,0.0014386487664359647,0.0014146502965602576
94,4,16,17,0.14166666666666666,0.1,11,0.0011770763866219532,0.0011574351783390493
94,4,16,17,0.14166666666666666,0.1,13,0.0009959877716909094,0.0009793653207138572
94,4,16,17,0.14166666666666666,0.1,15,0.0008631894347181404,0.0008487816971752661
94,4,16,17,0.14166666666666666,0.1,17,0.0007616377557307985,0.0007489240947424564
94,4,16,17,0.14166666666666666,0.1,19,0.0006814653724449288,0.0006700893946802041
94,4,16,17,0.14166666666666666,0.5,1,0.3054451356145934,0.3014622821565674
94,4,16,17,0.14166666666666666,0.5,3,0.10201651750821102,0.09828025089022586
94,4,16,17,0.14166666666666666,0.5,5,0.06121705975546573,0.05885627995912849
94,4,16,17,0.14166666666666666,0.5,7,0.04372782446298681,0.04201792940033416
94,4,16,17,0.14166666666666666,0.5,9,0.03401095796146708,0.03267345607652212
94,4,16,17,0.14166666666666666,0.5,11,0.027827323643583583,0.02672985892813127
94,4,16,17,0.14166666666666666,0.5,13,0.02354628243957816,0.022616126797745967
94,4,16,17,0.14166666666666666,0.5,15,0.020406824530071806,0.019599856441541007
94,4,16,17,0.14166666666666666,0.5,17,0.018006048984407094,0.017293526852889
94,4,16,17,0.14166666666666666,0.5,19,0.016110692546406912,0.015472864355734826
94,4,16,17,0.14166666666666666,1.0,1,1.0156180922574536,0.9873371332932096
94,4,16,17,0.14166666666666666,1.0,3,0.34667820398655597,0.31749840250397376
94,4,16,17,0.14166666666666666,1.0,5,0.20814423783176197,0.18981959476082744
94,4,16,17,0.14166666666666666,1.0,7,0.14869566492582184,0.1353665208427536
94,4,16,17,0.14166666666666666,1.0,9,0.11565839847361391,0.10518819406705877
94,4,16,17,0.14166666666666666,1.0,11,0.09463206788768909,0.08601245785094375
94,4,16,17,0.14166666666666666,1.0,13,0.08007446282807622,0.07275040180628593
94,4,16,17,0.14166666666666666,1.0,15,0.069398497746179,0.06303201161761841
94,4,16,17,0.14166666666666666,1.0,17,0.061234336765135226,0.05560439803327154
94,4,16,17,0.14166666666666666,1.0,19,0.054788846663139774,0.04974300307081695
95,4,16,17,0.14166666666666666,0.1,1,0.014675364250304981,0.012443623849128862
95,4,16,17,0.14166666666666666,0.1,3,0.0048912003169288495,0.0041431791799344765
95,4,16,17,0.14166666666666666,0.1,5,0.0029346916844679447,0.002485682502051542
95,4,16,17,0.14166666666666666,0.1,7,0.002096202730886336,0.0017754432288101538
95,4,16,17,0.14166666666666666,0.1,9,0.0016303781040066597,0.0013808861192638035
95,4,16,17,0.14166666666666666,0.1,11,0.0013339449767851902,0.0011298100472825854
95,4,16,17,0.14166666666666666,0.1,13,0.0011287223102333147,0.0009559902609900164
95,4,16,17,0.14166666666666666,0.1,15,0.0009782258051212178,0.000828523339939572
95,4,16,17,0.14166666666666666,0.1,17,0.0008631403000641919,0.0007310490900939218
95,4,16,17,0.14166666666666666,0.1,19,0.0007722833534595576,0.0006540959797939426
95,4,16,17,0.14166666666666666,0.5,1,0.3410591975304425,0.293624838901901
95,4,16,17,0.14166666666666666,0.5,3,0.11335414362286492,0.09556120704278034
95,4,16,17,0.14166666666666666,0.5,5,0.06799190810803239,0.05722923955426937
95,4,16,17,0.14166666666666666,0.5,7,0.04856151469259981,0.040856926155069785
95,4,16,17,0.14166666666666666,0.5,9,0.0377687356045581,0.03177085975757927
95,4,16,17,0.14166666666666666,0.5,11,0.03090113986857023,0.025991545277483173
95,4,16,17,0.14166666666666666,0.5,13,0.02614684889035318,0.02199148622958775
95,4,16,17,0.14166666666666666,0.5,15,0.02266045572781804,0.019058548754626932
95,4,16,17,0.14166666666666666,0.5,17,0.01999443323849426,0.016815930611212494
95,4,16,17,0.14166666666666666,0.5,19,0.01788970175454681,0.015045559170127596
95,4,16,17,0.14166666666666666,1.0,1,1.085964963566727,0.9671986203087252
95,4,16,17,0.14166666666666666,1.0,3,0.35832115086730837,0.3028308465124165
95,4,16,17,0.14166666666666666,1.0,5,0.21451901527566253,0.18059248932759314
95,4,16,17,0.14166666666666666,1.0,7,0.15312968045670242,0.1287715856989403
95,4,16,17,0.14166666666666666,1.0,9,0.11906895763466241,0.10008373006047165
95,4,16,17,0.14166666666666666,1.0,11,0.09740675598108993,0.0818567873318332
95,4,16,17,0.14166666666666666,1.0,13,0.08241460624208798,0.06924885702947414
95,4,16,17,0.14166666666666666,1.0,15,0.07142245324558959,0.060007740364653624
95,4,16,17,0.14166666666666666,1.0,17,0.06301772216000412,0.05294332329224277
95,4,16,17,0.14166666666666666,1.0,19,0.05638296565610607,0.04736740256544864
96,4,16,17,0.14166666666666666,0.1,1,0.014149564888386193,0.01361577375494832
96,4,16,17,0.14166666666666666,0.1,3,0.004708739204619131,0.0045313833742891265
96,4,16,17,0.14166666666666666,0.1,5,0.0028246085961223036,0.0027183664964052522
96,4,16,17,0.14166666666666666,0.1,7,0.0020174050194604705,0.0019415776999995734
96,4,16,17,0.14166666666666666,0.1,9,0.0015690226384707693,0.0015100732082539248
96,4,16,17,0.14166666666666666,0.1,11,0.0012837106092771688,0.0012354939635186761
96,4,16,17,0.14166666666666666,0.1,13,0.0010861965747156392,0.0010454066641275277
96,4,16,17,0.14166666666666666,0.1,15,0.0009413578266017541,0.0009060122357950695
96,4,16,17,0.14166666666666666,0.1,17,0.0008306015044705641,0.0007994180805278841
96,4,16,17,0.14166666666666666,0.1,19,0.0007431639385878749,0.0007152657300752404
96,4,16,17,0.14166666666666666,0.5,1,0.3279713107811592,0.31302680520694803
96,4,16,17,0.14166666666666666,0.5,3,0.10663706385194495,0.10097431112505054
96,4,16,17,0.14166666666666666,0.5,5,0.06382138413322667,0.060406202688944505
96,4,16,17,0.14166666666666666,0.5,7,0.04554806689642214,0.04310841678687183
96,4,16,17,0.14166666666666666,0.5,9,0.03541170390548161,0.033515132779551905
96,4,16,17,0.14166666666666666,0.5,11,0.028966272131689473,0.02741533336366779
96,4,16,17,0.14166666666666666,0.5,13,0.024506106252105177,0.023194363920249577
96,4,16,17,0.14166666666666666,0.5,15,0.021236312329776266,0.02009989875019994
96,4,16,17,0.14166666666666666,0.5,17,0.018736418570363532,0.017734018112890985
96,4,16,17,0.14166666666666666,0.5,19,0.016763132605444077,0.015866487197159548
96,4,16,17,0.14166666666666666,1.0,1,1.0317925517012716,0.9789008572193126
96,4,16,17,0.14166666666666666,1.0,3,0.32221763566305595,0.29826129006525715
96,4,16,17,0.14166666666666666,1.0,5,0.19211501537124642,0.17808364264406484
96,4,16,17,0.14166666666666666,1.0,7,0.13691262781664046,0.1270409851671527
96,4,16,17,0.14166666666666666,1.0,9,0.10636405436256537,0.0987570020072042
96,4,16,17,0.14166666666666666,1.0,11,0.08696425245476412,0.08077844315900311
96,4,16,17,0.14166666666666666,1.0,13,0.07355079609424642,0.06833935254672042
96,4,16,17,0.14166666666666666,1.0,15,0.06372279526599817,0.05922076730225915
96,4,16,17,0.14166666666666666,1.0,17,0.05621197378403261,0.05224947014840135
96,4,16,17,0.14166666666666666,1.0,19,0.05028518449093853,0.04674678485035237
97,4,16,17,0.14166666666666666,0.1,1,0.014894750699291632,0.014518806168387882
97,4,16,17,0.14166666666666666,0.1,3,0.004950111469992141,0.004826472901330987
97,4,16,17,0.14166666666666666,0.1,5,0.0029685146573109732,0.002894558928873619
97,4,16,17,0.14166666666666666,0.1,7,0.002119908885726279,0.002067154832684361
97,4,16,17,0.14166666666666666,0.1,9,0.0016486231299168868,0.0016076234478783846
97,4,16,17,0.14166666666666666,0.1,11,0.0013487730093228042,0.0013152441953045474
97,4,16,17,0.14166666666666666,0.1,13,0.0011412110102490926,0.0011128501133417458
97,4,16,17,0.14166666666666666,0.1,15,0.0009890125642459298,0.0009644392648042541
97,4,16,17,0.14166666666666666,0.1,17,0.0008726332831276872,0.0008509551156263423
97,4,16,17,0.14166666666666666,0.1,19,0.0007807596350253646,0.0007613663204684339
97,4,16,17,0.14166666666666666,0.5,1,0.3484387812626057,0.3369173212037454
97,4,16,17,0.14166666666666666,0.5,3,0.11339139033707049,0.10931587899161152
97,4,16,17,0.14166666666666666,0.5,5,0.06780420973362694,0.06536181307410652
97,4,16,17,0.14166666666666666,0.5,7,0.04836739292048116,0.046627335494257335
97,4,16,17,0.14166666666666666,0.5,9,0.037592621641789226,0.03624195726736856
97,4,16,17,0.14166666666666666,0.5,11,0.030744207283541027,0.029640767123300618
97,4,16,17,0.14166666666666666,0.5,13,0.02600663234859181,0.02507400971688998
97,4,16,17,0.14166666666666666,0.5,15,0.022534256324016302,0.021726696907215473
97,4,16,17,0.14166666666666666,0.5,17,0.019879945306314782,0.019167895242621507
97,4,16,17,0.14166666666666666,0.5,19,0.017785061937666286,0.017148330838673027
97,4,16,17,0.14166666666666666,1.0,1,1.1063438447791731,1.0551412990278828
97,4,16,17,0.14166666666666666,1.0,3,0.36119478334179983,0.3285802138593945
97,4,16,17,0.14166666666666666,1.0,5,0.21629537465380153,0.19509801351566777
97,4,16,17,0.14166666666666666,1.0,7,0.15435805788570378,0.1388461189368041
97,4,16,17,0.14166666666666666,1.0,9,0.11999254540702003,0.107796211229842
97,4,16,17,0.14166666666666666,1.0,11,0.09814112475337318,0.08810297503114144
97,4,16,17,0.14166666666666666,1.0,13,0.0830216222428564,0.07449664390930676
97,4,16,17,0.14166666666666666,1.0,15,0.07193852168303089,0.0645320457254165
97,4,16,17,0.14166666666666666,1.0,17,0.06346587175962345,0.05691932617902402
97,4,16,17,0.14166666666666666,1.0,19,0.056778603214003874,0.05091356109691618
98,4,16,17,0.14166666666666666,0.1,1,0.015020487444951089,0.014899544774005638
98,4,16,17,0.14166666666666666,0.1,3,0.004994621096612087,0.004946308510776377
98,4,16,17,0.14166666666666666,0.1,5,0.0029957436630761985,0.002965959563114181
98,4,16,17,0.14166666666666666,0.1,7,0.002139533663214669,0.002118028119360748
98,4,16,17,0.14166666666666666,0.1,9,0.0016639657546173741,0.001647141908336506
98,4,16,17,0.14166666666666666,0.1,11,0.001361368086952563,0.0013475532455912516
98,4,16,17,0.14166666666666666,0.1,13,0.0011518933601828514,0.001140174967317824
98,4,16,17,0.14166666666666666,0.1,15,0.0009982866372962587,0.0009881124598809994
98,4,16,17,0.14166666666666666,0.1,17,0.0008808271910014972,0.0008718377400965224
98,4,16,17,0.14166666666666666,0.1,19,0.0007880987721050273,0.0007800469745553285
98,4,16,17,0.14166666666666666,0.5,1,0.34719183513313323,0.34808369212222956
98,4,16,17,0.14166666666666666,0.5,3,0.11159387916522746,0.1099905242879693
98,4,16,17,0.14166666666666666,0.5,5,0.06670437250833033,0.06555067208284278
98,4,16,17,0.14166666666666666,0.5,7,0.0475864287148538,0.04671266557098046
98,4,16,17,0.14166666666666666,0.5,9,0.03698946897884331,0.03629047292152715
98,4,16,17,0.14166666666666666,0.5,11,0.03025362779952344,0.029672281415455665
98,4,16,17,0.14166666666666666,0.5,13,0.02559349647071953,0.02509631940905653
98,4,16,17,0.14166666666666666,0.5,15,0.022177576932141,0.021743461420502666
98,4,16,17,0.14166666666666666,0.5,17,0.019566214069061803,0.019181053366935222
98,4,16,17,0.14166666666666666,0.5,19,0.0175050844776082,0.017159004820591066
98,4,16,17,0.14166666666666666,1.0,1,1.0788784878048352,1.1072164925158574
98,4,16,17,0.14166666666666666,1.0,3,0.32555889919758385,0.33208053490910755
98,4,16,17,0.14166666666666666,1.0,5,0.19406957787100762,0.19762188427623947
98,4,16,17,0.14166666666666666,1.0,7,0.13834721065827654,0.14087907666182212
98,4,16,17,0.14166666666666666,1.0,9,0.10750237487333912,0.1094830909857469
98,4,16,17,0.14166666666666666,1.0,11,0.08790856630926337,0.08953823042934049
98,4,16,17,0.14166666666666666,1.0,13,0.07435778468068815,0.07574300210036929
98,4,16,17,0.14166666666666666,1.0,15,0.0644273731844848,0.06563224142202878
98,4,16,17,0.14166666666666666,1.0,17,0.056837217479766874,0.05790342754437173
98,4,16,17,0.14166666666666666,1.0,19,0.05084715312897431,0.051803391312323935
99,4,16,17,0.14166666666666666,0.1,1,0.015219107161372897,0.015326647751824726
99,4,16,17,0.14166666666666666,0.1,3,0.005062621228314454,0.005105112904789275
99,4,16,17,0.14166666666666666,0.1,5,0.003036633202049224,0.0030628075261851383
99,4,16,17,0.14166666666666666,0.1,7,0.0021687583474453774,0.002187654336963519
99,4,16,17,0.14166666666666666,0.1,9,0.0016867018503755613,0.0017014836080149827
99,4,16,17,0.14166666666666666,0.1,11,0.001379972767863311,0.0013921106549871953
99,4,16,17,0.14166666666666666,0.1,13,0.0011676369718498735,0.0011779329236953422
99,4,16,17,0.14166666666666666,0.1,15,0.0010119317533904032,0.001020870994217644
99,4,16,17,0.14166666666666666,0.1,17,0.0008928673876076644,0.0009007657639821977
99,4,16,17,0.14166666666666666,0.1,19,0.0007988718253154115,0.0008059464079892409
99,4,16,17,0.14166666666666666,0.5,1,0.3519106149126478,0.3561672554903641
99,4,16,17,0.14166666666666666,0.5,3,0.11434512664437455,0.1172472666271496
99,4,16,17,0.14166666666666666,0.5,5,0.06842721896350702,0.07024855185865278
99,4,16,17,0.14166666666666666,0.5,7,0.04883273605500236,0.050154266999029445
99,4,16,17,0.14166666666666666,0.5,9,0.03796428872182198,0.0390003559695413
99,4,16,17,0.14166666666666666,0.5,11,0.031053651485889643,0.03190542382607016
99,4,16,17,0.14166666666666666,0.5,13,0.026271714770482665,0.02699476419620188
99,4,16,17,0.14166666666666666,0.5,15,0.02276610586040233,0.023394191118773767
99,4,16,17,0.14166666666666666,0.5,17,0.020085967735678886,0.0206411183452588
99,4,16,17,0.14166666666666666,0.5,19,0.017970435010489175,0.01846781684701894
99,4,16,17,0.14166666666666666,1.0,1,1.1051577927761314,1.1231745026619346
99,4,16,17,0.14166666666666666,1.0,3,0.3512214368488813,0.36451700219798994
99,4,16,17,0.14166666666666666,1.0,5,0.20914834856385156,0.21739214235410603
99,4,16,17,0.14166666666666666,1.0,7,0.14893355240437037,0.1549422656020119
99,4,16,17,0.14166666666666666,1.0,9,0.11564674485264231,0.12038064112669382
99,4,16,17,0.14166666666666666,1.0,11,0.09452353666267302,0.09843078168040115
99,4,16,17,0.14166666666666666,1.0,13,0.0799260154721679,0.0832530813596605
99,4,16,17,0.14166666666666666,1.0,15,0.0692345062046591,0.07213170754093204
99,4,16,17,0.14166666666666666,1.0,17,0.061066127909891466,0.06363197432366441
99,4,16,17,0.14166666666666666,1.0,19,0.05462192308694491,0.05692450400604111
100,4,16,17,0.14166666666666666,0.1,1,0.013206656844707131,0.013193162617408672
100,4,16,17,0.14166666666666666,0.1,3,0.004392553307021199,0.004389964585222333
100,4,16,17,0.14166666666666666,0.1,5,0.002634673356419642,0.0026332691912185277
100,4,16,17,0.14166666666666666,0.1,7,0.0018816683838707925,0.0018807059857375717
100,4,16,17,0.14166666666666666,0.1,9,0.0014634200108587206,0.0014626880335821678
100,4,16,17,0.14166666666666666,0.1,11,0.001197292985488404,0.0011967024226416923
100,4,16,17,0.14166666666666666,0.1,13,0.0010130648984877444,0.001012569958762219
100,4,16,17,0.14166666666666666,0.1,15,0.0008779712718016214,0.0008775453043171629
100,4,16,17,0.14166666666666666,0.1,17,0.0007746682972723952,0.0007742944296914677
100,4,16,17,0.14166666666666666,0.1,19,0.000693115685718395,0.0006927825619939161
100,4,16,17,0.14166666666666666,0.5,1,0.310726710694349,0.3113628105053661
100,4,16,17,0.14166666666666666,0.5,3,0.10067960655491566,0.1018945469143593
100,4,16,17,0.14166666666666666,0.5,5,0.06024528728651987,0.06099469845465126
100,4,16,17,0.14166666666666666,0.5,7,0.04299501486790859,0.04353171263194493
100,4,16,17,0.14166666666666666,0.5,9,0.03342688483943615,0.03384408234096042
100,4,16,17,0.14166666666666666,0.5,11,0.027342883426801284,0.02768386985387009
100,4,16,17,0.14166666666666666,0.5,13,0.023132827836359032,0.023421059886657068
100,4,16,17,0.14166666666666666,0.5,15,0.02004637987685007,0.02029595634141165
100,4,16,17,0.14166666666666666,0.5,17,0.017686648672861165,0.01790669341383331
100,4,16,17,0.14166666666666666,0.5,19,0.01582398903323229,0.01602074148437282
100,4,16,17,0.14166666666666666,1.0,1,1.0068162896003519,1.0350405597518986
100,4,16,17,0.14166666666666666,1.0,3,0.3108974863733218,0.33135415272376306
100,4,16,17,0.14166666666666666,1.0,5,0.18539872231330257,0.1976924564365722
100,4,16,17,0.14166666666666666,1.0,7,0.13217229375858602,0.14089108368628045
100,4,16,17,0.14166666666666666,1.0,9,0.10271006937067868,0.10945329196886931
100,4,16,17,0.14166666666666666,1.0,11,0.08399449963995263,0.08948891819682983
100,4,16,17,0.14166666666666666,1.0,13,0.07105065901391693,0.07568540877160343
100,4,16,17,0.14166666666666666,1.0,15,0.061564604081710564,0.06557181319648828
100,4,16,17,0.14166666666666666,1.0,17,0.05431374404096309,0.057842846345926124
100,4,16,17,0.14166666666666666,1.0,19,0.048591189435017175,0.051743984527263365
101,4,16,17,0.14166666666666666,0.1,1,0.015069516688874728,0.014218525180166476
101,4,16,17,0.14166666666666666,0.1,3,0.005021639157284118,0.004735315900748051
101,4,16,17,0.14166666666666666,0.1,5,0.0030129101636281264,0.0028409885874224666
101,4,16,17,0.14166666666666666,0.1,7,0.00215206426211112,0.002029238021628834
101,4,16,17,0.14166666666666666,0.1,9,0.0016738231424499486,0.0015782835836120055
101,4,16,17,0.14166666666666666,0.1,11,0.001369489749914607,0.0012913176907383577
101,4,16,17,0.14166666666666666,0.1,13,0.001158798088634629,0.0010926508798995414
101,4,16,17,0.14166666666666666,0.1,15,0.001004291170849646,0.0009469627089538473
101,4,16,17,0.14166666666666666,0.1,17,0.0008861389700354839,0.0008355545135575131
101,4,16,17,0.14166666666666666,0.1,19,0.0007928609965350028,0.0007476008937593707
101,4,16,17,0.14166666666666666,0.5,1,0.3448104775568547,0.3266406202366201
101,4,16,17,0.14166666666666666,0.5,3,0.1140532008077955,0.10660167365543126
101,4,16,17,0.14166666666666666,0.5,5,0.06839365720962495,0.06385611810328956
101,4,16,17,0.14166666666666666,0.5,7,0.048845163045161295,0.04559095554097017
101,4,16,17,0.14166666666666666,0.5,9,0.03798830596320719,0.03545306034910118
101,4,16,17,0.14166666666666666,0.5,11,0.031080358463096886,0.029004329088149854
101,4,16,17,0.14166666666666666,0.5,13,0.026298286940928582,0.02454080112823501
101,4,16,17,0.14166666666666666,0.5,15,0.022791588935535605,0.021267974785140597
101,4,16,17,0.14166666666666666,0.5,17,0.020110072407029108,0.018765435854483033
101,4,16,17,0.14166666666666666,0.5,19,0.01799312663392119,0.01678986067571132
101,4,16,17,0.14166666666666666,1.0,1,1.0485448074250177,1.0090815972903626
101,4,16,17,0.14166666666666666,1.0,3,0.3398000896377027,0.3189437907100641
101,4,16,17,0.14166666666666666,1.0,5,0.20371757123558232,0.19071157177704814
101,4,16,17,0.14166666666666666,1.0,7,0.14548615486179034,0.13609484538513328
101,4,16,17,0.14166666666666666,1.0,9,0.11314798179559071,0.10581075991753476
101,4,16,17,0.14166666666666666,1.0,11,0.09257243885065243,0.08655556258946093
101,4,16,17,0.14166666666666666,1.0,13,0.07832900098046737,0.0732311122903954
101,4,16,17,0.14166666666666666,1.0,15,0.06788431334823991,0.06346250099232408
101,4,16,17,0.14166666666666666,1.0,17,0.059897442518453047,0.05599369306295629
101,4,16,17,0.14166666666666666,1.0,19,0.053592148076773705,0.050097969471074096
102,4,16,17,0.14166666666666666,0.1,1,0.014267213218444338,0.014008915999913833
102,4,16,17,0.14166666666666666,0.1,3,0.004752793329322066,0.004659795507135203
102,4,16,17,0.14166666666666666,0.1,5,0.0028514253668393574,0.0027950465526653586
102,4,16,17,0.14166666666666666,0.1,7,0.002036663160628467,0.0019962327440242516
102,4,16,17,0.14166666666666666,0.1,9,0.0015840429339607027,0.0015525315541766312
102,4,16,17,0.14166666666666666,0.1,11,0.0012960207925579467,0.0012702057334057289
102,4,16,17,0.14166666666666666,0.1,13,0.00109662475744446,0.0010747623188128372
102,4,16,17,0.14166666666666666,0.1,15,0.0009504029779080768,0.0009314436895423489
102,4,16,17,0.14166666666666666,0.1,17,0.0008385874312783515,0.0008218507519171315
102,4,16,17,0.14166666666666666,0.1,19,0.0007503126680830217,0.0007353322190025274
102,4,16,17,0.14166666666666666,0.5,1,0.3344583850636953,0.32539090371422624
102,4,16,17,0.14166666666666666,0.5,3,0.11053877670024428,0.10529558313553777
102,4,16,17,0.14166666666666666,0.5,5,0.06626269958142533,0.0630092042951674
102,4,16,17,0.14166666666666666,0.5,7,0.04731621143265464,0.044969713910835464
102,4,16,17,0.14166666666666666,0.5,9,0.03679618699253756,0.03496339781535858
102,4,16,17,0.14166666666666666,0.5,11,0.03010346899995333,0.02860048995182276
102,4,16,17,0.14166666666666666,0.5,13,0.025470801685513828,0.024197274363654524
102,4,16,17,0.14166666666666666,0.5,15,0.022073873327108178,0.020969123964851847
102,4,16,17,0.14166666666666666,0.5,17,0.019476415781838737,0.01850099645049491
102,4,16,17,0.14166666666666666,0.5,19,0.017425904075085506,0.01655273618805855
102,4,16,17,0.14166666666666666,1.0,1,1.0892717979453184,1.0320948636652238
102,4,16,17,0.14166666666666666,1.0,3,0.35607231181039595,0.3230419622270391
102,4,16,17,0.14166666666666666,1.0,5,0.21302651594911798,0.19228815794496018
102,4,16,17,0.14166666666666666,1.0,7,0.1520251781266376,0.13696756083986422
102,4,16,17,0.14166666666666666,1.0,9,0.11819374252828217,0.10638561299836333
102,4,16,17,0.14166666666666666,1.0,11,0.09668231013708052,0.08697376574745859
102,4,16,17,0.14166666666666666,1.0,13,0.08179671789847184,0.07355526277606424
102,4,16,17,0.14166666666666666,1.0,15,0.07088383430391071,0.06372493650691445
102,4,16,17,0.14166666666666666,1.0,17,0.06254036395952672,0.05621297741039459
102,4,16,17,0.14166666666666666,1.0,19,0.055954365092165156,0.050285613333765536
103,4,16,17,0.14166666666666666,0.1,1,0.013688771307823134,0.014021064489507108
103,4,16,17,0.14166666666666666,0.1,3,0.004548127054557228,0.004664315341418931
103,4,16,17,0.14166666666666666,0.1,5,0.0027273267501566304,0.0027978415616712418
103,4,16,17,0.14166666666666666,0.1,7,0.0019476325505012207,0.001998256423194301
103,4,16,17,0.14166666666666666,0.1,9,0.0015146307137359608,0.0015541176592232873
103,4,16,17,0.14166666666666666,0.1,11,0.001239142989838483,0.0012715098818288847
103,4,16,17,0.14166666666666666,0.1,13,0.0010484472244137997,0.0010758696354915113
103,4,16,17,0.14166666666666666,0.1,15,0.0009086173297426678,0.0009324058021665334
103,4,16,17,0.14166666666666666,0.1,17,0.0008016963417357882,0.0008227013294912746
103,4,16,17,0.14166666666666666,0.1,19,0.0007172897607819146,0.000736094436130151
103,4,16,17,0.14166666666666666,0.5,1,0.32338123596627605,0.32492482191272004
103,4,16,17,0.14166666666666666,0.5,3,0.1047244084377378,0.1049134542981146
103,4,16,17,0.14166666666666666,0.5,5,0.06259666143392402,0.06278605250518376
103,4,16,17,0.14166666666666666,0.5,7,0.044647297616889695,0.04481232912699542
103,4,16,17,0.14166666666666666,0.5,9,0.03469939684141624,0.034841829222587724
103,4,16,17,0.14166666666666666,0.5,11,0.02837722815471952,0.028501449545464137
103,4,16,17,0.14166666666666666,0.5,13,0.02400396593001102,0.024113713627827445
103,4,16,17,0.14166666666666666,0.5,15,0.020798734020964042,0.020896855883815922
103,4,16,17,0.14166666666666666,0.5,17,0.018348693876440548,0.01843733094119564
103,4,16,17,0.14166666666666666,0.5,19,0.016415064899168438,0.016495842364710397
103,4,16,17,0.14166666666666666,1.0,1,1.0469154505831768,1.0131531291900562
103,4,16,17,0.14166666666666666,1.0,3,0.32599319517141756,0.31756241331934465
103,4,16,17,0.14166666666666666,1.0,5,0.19404210699317445,0.1892436169345446
103,4,16,17,0.14166666666666666,1.0,7,0.13817846985024548,0.13476222846832883
103,4,16,17,0.14166666666666666,1.0,9,0.10729973137970959,0.10463695838015168
103,4,16,17,0.14166666666666666,1.0,11,0.08770408755582902,0.08551978413436263
103,4,16,17,0.14166666666666666,1.0,13,0.0741616467577501,0.07230914688962709
103,4,16,17,0.14166666666666666,1.0,15,0.06424252012826982,0.06263394613383477
103,4,16,17,0.14166666666666666,1.0,17,0.05666400342394252,0.055242423018389816
103,4,16,17,0.14166666666666666,1.0,19,0.0506849937061389,0.049411373047692005
104,4,16,17,0.14166666666666666,0.1,1,0.015259171697278478,0.015122484992758815
104,4,16,17,0.14166666666666666,0.1,3,0.00507203972630365,0.00503372070394809
104,4,16,17,0.14166666666666666,0.1,5,0.0030415835197644438,0.003019829737441336
104,4,16,17,0.14166666666666666,0.1,7,0.0021720634772578787,0.0021569303915376812
104,4,16,17,0.14166666666666666,0.1,9,0.0016891695089392626,0.0016775797912857956
104,4,16,17,0.14166666666666666,0.1,11,0.0013819371437708149,0.0013725502213396018
104,4,16,17,0.14166666666666666,0.1,13,0.0011692667600886148,0.001161380588693343
104,4,16,17,0.14166666666666666,0.1,15,0.0010133234882305502,0.0010065250647597786
104,4,16,17,0.14166666666666666,0.1,17,0.0008940813028700909,0.0008881073000061695
104,4,16,17,0.14166666666666666,0.1,19,0.0007999479627662304,0.0007946202605760292
104,4,16,17,0.14166666666666666,0.5,1,0.3599725335771578,0.34312447981167804
104,4,16,17,0.14166666666666666,0.5,3,0.11796366754351906,0.11081350720556926
104,4,16,17,0.14166666666666666,0.5,5,0.07056908390899959,0.06632815298654897
104,4,16,17,0.14166666666666666,0.5,7,0.05034452268032596,0.04734462470851196
104,4,16,17,0.14166666666666666,0.5,9,0.039130479192405324,0.03681281274681863
104,4,16,17,0.14166666666666666,0.5,11,0.03200223772531735,0.030114972229240845
104,4,16,17,0.14166666666666666,0.5,13,0.027070891302398356,0.025479595701480704
104,4,16,17,0.14166666666666666,0.5,15,0.023456423275881606,0.022081029067363513
104,4,16,17,0.14166666666666666,0.5,17,0.020693470275411224,0.019482481760520965
104,4,16,17,0.14166666666666666,0.5,19,0.018512832904797386,0.017431192828002984
104,4,16,17,0.14166666666666666,1.0,1,1.1572414294088706,1.038659802645591
104,4,16,17,0.14166666666666666,1.0,3,0.3782820251131617,0.3319551731841139
104,4,16,17,0.14166666666666666,1.0,5,0.22581856590557614,0.19792387292254576
104,4,16,17,0.14166666666666666,1.0,7,0.1609431483366404,0.14101158216512846
104,4,16,17,0.14166666666666666,1.0,9,0.12502378540998965,0.1095236593077686
104,4,16,17,0.14166666666666666,1.0,11,0.10221176006608322,0.08953270487668417
104,4,16,17,0.14166666666666666,1.0,13,0.08643970707829042,0.07571366539485788
104,4,16,17,0.14166666666666666,1.0,15,0.0748844111179997,0.0655903640335109
104,4,16,17,0.14166666666666666,1.0,17,0.06605422414899091,0.05785502285655513
104,4,16,17,0.14166666666666666,1.0,19,0.0590868321564903,0.05175181323894409
105,4,16,17,0.14166666666666666,0.1,1,0.015980831010378733,0.01283606935800283
105,4,16,17,0.14166666666666666,0.1,3,0.005319164418545399,0.004269196458311071
105,4,16,17,0.14166666666666666,0.1,5,0.003190755576897107,0.002560469294245761
105,4,16,17,0.14166666666666666,0.1,7,0.0022788977467347155,0.001828592191754913
105,4,16,17,0.14166666666666666,0.1,9,0.0017723866794530732,0.0014221038181412523
105,4,16,17,0.14166666666666666,0.1,11,0.0014500889079922647,0.001163469832141291
105,4,16,17,0.14166666666666666,0.1,13,0.0012269719025497837,0.0009844338239387207
105,4,16,17,0.14166666666666666,0.1,15,0.0010633590192429495,0.0008531502154814141
105,4,16,17,0.14166666666666666,0.1,17,0.0009382468139529196,0.000752762252135795
105,4,16,17,0.14166666666666666,0.1,19,0.0008394761614061309,0.0006735118841915757
105,4,16,17,0.14166666666666666,0.5,1,0.37015842104961916,0.30715835945267844
105,4,16,17,0.14166666666666666,0.5,3,0.12152565849346464,0.10075302342024342
105,4,16,17,0.14166666666666666,0.5,5,0.07276869016621863,0.06030117516608977
105,4,16,17,0.14166666666666666,0.5,7,0.05193799896697417,0.04302872502839154
105,4,16,17,0.14166666666666666,0.5,9,0.040380190092617965,0.03344847943248443
105,4,16,17,0.14166666666666666,0.5,11,0.033030330587546765,0.027357560117985555
105,4,16,17,0.14166666666666666,0.5,13,0.02794418382738319,0.023143270649041283
105,4,16,17,0.14166666666666666,0.5,15,0.024215456626341003,0.020054074316708703
105,4,16,17,0.14166666666666666,0.5,17,0.02136469648642462,0.017692472655588497
105,4,16,17,0.14166666666666666,0.5,19,0.0191144679534303,0.015828490692147663
105,4,16,17,0.14166666666666666,1.0,1,1.1539513097270526,1.0397905431039338
105,4,16,17,0.14166666666666666,1.0,3,0.37966047352959453,0.3381215200895691
105,4,16,17,0.14166666666666666,1.0,5,0.22697078291048267,0.20195284426498003
105,4,16,17,0.14166666666666666,1.0,7,0.1618340777308406,0.14395964623480811
105,4,16,17,0.14166666666666666,1.0,9,0.12573979754304868,0.11184022677449973
105,4,16,17,0.14166666666666666,1.0,11,0.10280777600317544,0.0914382043287176
105,4,16,17,0.14166666666666666,1.0,13,0.086949323955837,0.07733106642542632
105,4,16,17,0.14166666666666666,1.0,15,0.075329152886382,0.06699491691305116
105,4,16,17,0.14166666666666666,1.0,17,0.06644857485552992,0.05909601682397774
105,4,16,17,0.14166666666666666,1.0,19,0.05944096058327665,0.0528632475014555
106,4,16,17,0.14166666666666666,0.1,1,0.017244089827024623,0.016234312120379166
106,4,16,17,0.14166666666666666,0.1,3,0.005742704368075388,0.00540304881996781
106,4,16,17,0.14166666666666666,0.1,5,0.003445258376921697,0.003241398231741618
106,4,16,17,0.14166666666666666,0.1,7,0.0024608071731071646,0.002315194262278765
106,4,16,17,0.14166666666666666,0.1,9,0.0019139255190524231,0.0018006760936646762
106,4,16,17,0.14166666666666666,0.1,11,0.001565921731938643,0.001473267091485045
106,4,16,17,0.14166666666666666,0.1,13,0.0013250010129821563,0.001246603782886276
106,4,16,17,0.14166666666666666,0.1,15,0.0011483282679079054,0.001080386047051931
106,4,16,17,0.14166666666666666,0.1,17,0.0010132269206484465,0.0009532793999736631
106,4,16,17,0.14166666666666666,0.1,19,0.0009065687558472189,0.0008529326229417631
106,4,16,17,0.14166666666666666,0.5,1,0.38967013484343077,0.366891636164204
106,4,16,17,0.14166666666666666,0.5,3,0.12781100379380586,0.11795318581312626
106,4,16,17,0.14166666666666666,0.5,5,0.07659065277816776,0.0705777769779174
106,4,16,17,0.14166666666666666,0.5,7,0.05468711879543734,0.05037500930783898
106,4,16,17,0.14166666666666666,0.5,9,0.042527290950945464,0.039168512260798004
106,4,16,17,0.14166666666666666,0.5,11,0.03479185586473418,0.032041972215962805
106,4,16,17,0.14166666666666666,0.5,13,0.029437584449532598,0.02711000717944767
106,4,16,17,0.14166666666666666,0.5,15,0.025511594696242566,0.023494016991826263
106,4,16,17,0.14166666666666666,0.5,17,0.02250961460185432,0.020729234607190946
106,4,16,17,0.14166666666666666,0.5,19,0.020139770507319125,0.018546720012876126
106,4,16,17,0.14166666666666666,1.0,1,1.1464927925008084,1.0911384464826668
106,4,16,17,0.14166666666666666,1.0,3,0.3754091839979813,0.3455192380172926
106,4,16,17,0.14166666666666666,1.0,5,0.2251003916311623,0.20726015548659238
106,4,16,17,0.14166666666666666,1.0,7,0.1607013186675517,0.1480154695130134
106,4,16,17,0.14166666666666666,1.0,9,0.12494648565596086,0.115107186112184
106,4,16,17,0.14166666666666666,1.0,11,0.10220449479342802,0.09416893048478799
106,4,16,17,0.14166666666666666,1.0,13,0.0864657598133303,0.07967518913308154
106,4,16,17,0.14166666666666666,1.0,15,0.07492720932181615,0.06904763253910355
106,4,16,17,0.14166666666666666,1.0,17,0.06610551423060526,0.06092142296509419
106,4,16,17,0.14166666666666666,1.0,19,0.05914221845148737,0.054506482469106145
107,4,16,17,0.14166666666666666,0.1,1,0.016367572357800314,0.01584071020915434
107,4,16,17,0.14166666666666666,0.1,3,0.005452253448223038,0.005274412750300486
107,4,16,17,0.14166666666666666,0.1,5,0.003271166712996169,0.003164314057215668
107,4,16,17,0.14166666666666666,0.1,7,0.0023365083852090393,0.0022601489183557595
107,4,16,17,0.14166666666666666,0.1,9,0.0018172708322661548,0.0017578664123837566
107,4,16,17,0.14166666666666666,0.1,11,0.0014868520033052978,0.0014382418222982263
107,4,16,17,0.14166666666666666,0.1,13,0.0012581024640275593,0.001216967151625974
107,4,16,17,0.14166666666666666,0.1,15,0.0010903536969345364,0.0010547008932834177
107,4,16,17,0.14166666666666666,0.1,17,0.0009620756883879319,0.0009306158994003486
107,4,16,17,0.14166666666666666,0.1,19,0.0008608038348043703,0.0008326546185997729
107,4,16,17,0.14166666666666666,0.5,1,0.3722164878704669,0.36377180182020813
107,4,16,17,0.14166666666666666,0.5,3,0.12240635356678022,0.11834694987437369
107,4,16,17,0.14166666666666666,0.5,5,0.07335094137462801,0.07085129538859075
107,4,16,17,0.14166666666666666,0.5,7,0.052371889571679445,0.050573668942484294
107,4,16,17,0.14166666666666666,0.5,9,0.04072572244569656,0.0393229614588664
107,4,16,17,0.14166666666666666,0.5,11,0.033317320861063975,0.03216786278343805
107,4,16,17,0.14166666666666666,0.5,13,0.02818956222519163,0.027216080542991593
107,4,16,17,0.14166666666666666,0.5,15,0.024429746850879654,0.02358558527013684
107,4,16,17,0.14166666666666666,0.5,17,0.021554882390353136,0.020809747553082344
107,4,16,17,0.14166666666666666,0.5,19,0.019285419657784558,0.018618537323549213
107,4,16,17,0.14166666666666666,1.0,1,1.127786359954195,1.1279503596161498
107,4,16,17,0.14166666666666666,1.0,3,0.3653261891488595,0.3505263357117975
107,4,16,17,0.14166666666666666,1.0,5,0.2183822915300227,0.20863970693766856
107,4,16,17,0.14166666666666666,1.0,7,0.1557143237030532,0.14861397408451932
107,4,16,17,0.14166666666666666,1.0,9,0.1209886590692047,0.11542929447174767
107,4,16,17,0.14166666666666666,1.0,11,0.09892571152919612,0.09436519653176055
107,4,16,17,0.14166666666666666,1.0,13,0.08366785143254034,0.07980472434341127
107,4,16,17,0.14166666666666666,1.0,15,0.07248747306934726,0.06913797900191418
107,4,16,17,0.14166666666666666,1.0,17,0.06394280575522256,0.06098701105588388
107,4,16,17,0.14166666666666666,1.0,19,0.05720012174219323,0.05455554805092193
108,4,16,17,0.14166666666666666,0.1,1,0.013691985738179719,0.013402429281981997
108,4,16,17,0.14166666666666666,0.1,3,0.004559767428233947,0.004462526301541188
108,4,16,17,0.14166666666666666,0.1,5,0.0027356578832833634,0.002677278428241778
108,4,16,17,0.14166666666666666,0.1,7,0.0019540014868045506,0.0019122950298018683
108,4,16,17,0.14166666666666666,0.1,9,0.0015197661772290924,0.0014873256302866868
108,4,16,17,0.14166666666666666,0.1,11,0.0012434397707669228,0.0012168965974143201
108,4,16,17,0.14166666666666666,0.1,13,0.0010521387733210474,0.0010296787233635828
108,4,16,17,0.14166666666666666,0.1,15,0.0009118522054714944,0.0008923865886424013
108,4,16,17,0.14166666666666666,0.1,17,0.0008045746509902315,0.0007873989650869484
108,4,16,17,0.14166666666666666,0.1,19,0.0007198820652481715,0.0007045142574132764
108,4,16,17,0.14166666666666666,0.5,1,0.31283331477206344,0.3112054739961463
108,4,16,17,0.14166666666666666,0.5,3,0.10186090356868847,0.10099146284764385
108,4,16,17,0.14166666666666666,0.5,5,0.06100503748139243,0.060466421840770154
108,4,16,17,0.14166666666666666,0.5,7,0.0435531500072315,0.043165075417522236
108,4,16,17,0.14166666666666666,0.5,9,0.0338676763733673,0.033564767438949955
108,4,16,17,0.14166666666666666,0.5,11,0.027707020750446357,0.02745874150595999
108,4,16,17,0.14166666666666666,0.5,13,0.02344299294974651,0.023232694058989124
108,4,16,17,0.14166666666666666,0.5,15,0.020316494380683656,0.02013411762818811
108,4,16,17,0.14166666666666666,0.5,17,0.017925866801237793,0.017764876716366316
108,4,16,17,0.14166666666666666,0.5,19,0.01603865004240854,0.01589456272702807
108,4,16,17,0.14166666666666666,1.0,1,0.9480628471454168,0.9900960753900576
108,4,16,17,0.14166666666666666,1.0,3,0.28877606548143675,0.30174681872982584
108,4,16,17,0.14166666666666666,1.0,5,0.172010458818941,0.17975753163591107
108,4,16,17,0.14166666666666666,1.0,7,0.12261374641717088,0.1281438361917137
108,4,16,17,0.14166666666666666,1.0,9,0.09528547384934066,0.09958593854158185
108,4,16,17,0.14166666666666666,1.0,11,0.07792729512708974,0.08144564166424487
108,4,16,17,0.14166666666666666,1.0,13,0.06592212928601553,0.06889910850393689
108,4,16,17,0.14166666666666666,1.0,15,0.05712361277797091,0.05970362329475795
108,4,16,17,0.14166666666666666,1.0,17,0.05039793677567426,0.05267439688542878
108,4,16,17,0.14166666666666666,1.0,19,0.04508959513861454,0.04712641664967744
109,4,16,17,0.14166666666666666,0.1,1,0.01225139745012633,0.012105045610140933
109,4,16,17,0.14166666666666666,0.1,3,0.004068424802818764,0.004031278821152837
109,4,16,17,0.14166666666666666,0.1,5,0.00244014307948023,0.0024185882420393974
109,4,16,17,0.14166666666666666,0.1,7,0.001742774049708551,0.0017275277995543055
109,4,16,17,0.14166666666666666,0.1,9,0.0013554309944401129,0.0013436214571961693
109,4,16,17,0.14166666666666666,0.1,11,0.0011089640560158478,0.0010993219768766244
109,4,16,17,0.14166666666666666,0.1,13,0.0009383420334449088,0.0009301932462523391
109,4,16,17,0.14166666666666666,0.1,15,0.0008132231360471644,0.0008061662443348582
109,4,16,17,0.14166666666666666,0.1,17,0.0007175459146748405,0.0007113224280619321
109,4,16,17,0.14166666666666666,0.1,19,0.0006420123103312249,0.0006364459258252085
109,4,16,17,0.14166666666666666,0.5,1,0.2953059743517976,0.28466580405401704
109,4,16,17,0.14166666666666666,0.5,3,0.09486851311069051,0.0929533832109324
109,4,16,17,0.14166666666666666,0.5,5,0.056738712135817625,0.05568364089475171
109,4,16,17,0.14166666666666666,0.5,7,0.040491030558053066,0.039756702009949595
109,4,16,17,0.14166666666666666,0.5,9,0.03148121808555275,0.030916339723051713
109,4,16,17,0.14166666666666666,0.5,11,0.02575245452530431,0.025292893888943107
109,4,16,17,0.14166666666666666,0.5,13,0.02178814670109535,0.021400563741541652
109,4,16,17,0.14166666666666666,0.5,15,0.018881758544438004,0.01854654867022862
109,4,16,17,0.14166666666666666,0.5,17,0.01665960691187217,0.01636424411444359
109,4,16,17,0.14166666666666666,0.5,19,0.014905481854913387,0.014641467736967678
109,4,16,17,0.14166666666666666,1.0,1,0.991416792268243,0.9438232222455971
109,4,16,17,0.14166666666666666,1.0,3,0.3080570312355158,0.3032668469505932
109,4,16,17,0.14166666666666666,1.0,5,0.1843288819186275,0.18176530818330613
109,4,16,17,0.14166666666666666,1.0,7,0.13157376345412686,0.1298000885152462
109,4,16,17,0.14166666666666666,1.0,9,0.10230736387316719,0.10094587582175636
109,4,16,17,0.14166666666666666,1.0,11,0.08369468593994614,0.08258814788928726
109,4,16,17,0.14166666666666666,1.0,13,0.07081310544277074,0.06988039228172896
109,4,16,17,0.14166666666666666,1.0,15,0.06136839500120849,0.06056198946180963
109,4,16,17,0.14166666666666666,1.0,17,0.05414684184475761,0.0534364530069742
109,4,16,17,0.14166666666666666,1.0,19,0.0484460836815959,0.047811190391108795
110,4,16,17,0.14166666666666666,0.1,1,0.01818379862839522,0.016270383813444565
110,4,16,17,0.14166666666666666,0.1,3,0.006052380858167455,0.005414977127466321
110,4,16,17,0.14166666666666666,0.1,5,0.003630734114245541,0.0032484849921342995
110,4,16,17,0.14166666666666666,0.1,7,0.0025931957322122452,0.002320230363073724
110,4,16,17,0.14166666666666666,0.1,9,0.0020168551304395226,0.0018045809937224967
110,4,16,17,0.14166666666666666,0.1,11,0.0016501168474564688,0.001476455455403934
110,4,16,17,0.14166666666666666,0.1,13,0.0013962314688175754,0.001249297684900543
110,4,16,17,0.14166666666666666,0.1,15,0.0012100540529844084,0.0010827182079197293
110,4,16,17,0.14166666666666666,0.1,17,0.0010676859758345573,0.0009553354416682926
110,4,16,17,0.14166666666666666,0.1,19,0.0009552918571579012,0.0008547709918576001
110,4,16,17,0.14166666666666666,0.5,1,0.41288391958730913,0.3695155833530462
110,4,16,17,0.14166666666666666,0.5,3,0.13469939309126272,0.11937118813746025
110,4,16,17,0.14166666666666666,0.5,5,0.08067102866988488,0.07145430167598286
110,4,16,17,0.14166666666666666,0.5,7,0.05758875737353128,0.05100499470863611
110,4,16,17,0.14166666666666666,0.5,9,0.044779178297482035,0.03965955622744546
110,4,16,17,0.14166666666666666,0.5,11,0.03663192892336659,0.03244410535618467
110,4,16,17,0.14166666666666666,0.5,13,0.030993249300733668,0.027450422978173593
110,4,16,17,0.14166666666666666,0.5,15,0.02685903202521581,0.023789109065003648
110,4,16,17,0.14166666666666666,0.5,17,0.023698003174710745,0.020989639011345394
110,4,16,17,0.14166666666666666,0.5,19,0.021202702689576563,0.018779725888066628
110,4,16,17,0.14166666666666666,1.0,1,1.2227332098913721,1.1146067094742027
110,4,16,17,0.14166666666666666,1.0,3,0.3981391503500977,0.35538917640696693
110,4,16,17,0.14166666666666666,1.0,5,0.23871532995583897,0.211982086510727
110,4,16,17,0.14166666666666666,1.0,7,0.17045099178361756,0.1510826490361751
110,4,16,17,0.14166666666666666,1.0,9,0.13254490242152733,0.11737461219486182
110,4,16,17,0.14166666666666666,1.0,11,0.1084305267363081,0.09596695913745142
110,4,16,17,0.14166666666666666,1.0,13,0.09173968696781844,0.08116484746952352
110,4,16,17,0.14166666666666666,1.0,15,0.07950175622674552,0.07031927525709707
110,4,16,17,0.14166666666666666,1.0,17,0.07014452333426391,0.06203077296983558
110,4,16,17,0.14166666666666666,1.0,19,0.06275797416225332,0.05549031622671257
111,4,16,17,0.14166666666666666,0.1,1,0.013573263167367983,0.01411016445723983
111,4,16,17,0.14166666666666666,0.1,3,0.0045168592493705076,0.004696301924720206
111,4,16,17,0.14166666666666666,0.1,5,0.0027094052588850863,0.002816952827426417
111,4,16,17,0.14166666666666666,0.1,7,0.0019350865399668246,0.002011857614485018
111,4,16,17,0.14166666666666666,0.1,9,0.0015049825572700174,0.0015646698826459352
111,4,16,17,0.14166666666666666,0.1,11,0.0012313061326176353,0.0012801282166515827
111,4,16,17,0.14166666666666666,0.1,13,0.001041849439602642,0.0010831525259081742
111,4,16,17,0.14166666666666666,0.1,15,0.0009029204602999355,0.0009387113109682987
111,4,16,17,0.14166666666666666,0.1,17,0.0007966839948776928,0.0008282606110594997
111,4,16,17,0.14166666666666666,0.1,19,0.0007128151274083189,0.0007410653480901277
111,4,16,17,0.14166666666666666,0.5,1,0.32002141121874783,0.3302556704902518
111,4,16,17,0.14166666666666666,0.5,3,0.1047683041255598,0.10912899229983651
111,4,16,17,0.14166666666666666,0.5,5,0.06272495778465502,0.0653555304414358
111,4,16,17,0.14166666666666666,0.5,7,0.04476820165444682,0.04664527845771333
111,4,16,17,0.14166666666666666,0.5,9,0.03480572373945214,0.03626361876120504
111,4,16,17,0.14166666666666666,0.5,11,0.028470519932566312,0.02966190259383216
111,4,16,17,0.14166666666666666,0.5,13,0.024086555904671333,0.02509366259860403
111,4,16,17,0.14166666666666666,0.5,15,0.020872615544155197,0.02174475047280823
111,4,16,17,0.14166666666666666,0.5,17,0.018415429473115228,0.0191844619561939
111,4,16,17,0.14166666666666666,0.5,19,0.016475863285971382,0.01716357537366282
111,4,16,17,0.14166666666666666,1.0,1,1.0441948542993054,1.0606950364444065
111,4,16,17,0.14166666666666666,1.0,3,0.33796677970467226,0.347929802053682
111,4,16,17,0.14166666666666666,1.0,5,0.20183726127454868,0.20767920381050023
111,4,16,17,0.14166666666666666,1.0,7,0.14388429117124715,0.1479947814808476
111,4,16,17,0.14166666666666666,1.0,9,0.11178782785616988,0.11495361304416507
111,4,16,17,0.14166666666666666,1.0,11,0.09139957563721485,0.09397211913482106
111,4,16,17,0.14166666666666666,1.0,13,0.07730127528549811,0.07946716594436103
111,4,16,17,0.14166666666666666,1.0,15,0.06697112886566668,0.0688410728693474
111,4,16,17,0.14166666666666666,1.0,17,0.05907649677176644,0.06072148851177383
111,4,16,17,0.14166666666666666,1.0,19,0.052846875579601216,0.05431513724853661
112,4,16,17,0.14166666666666666,0.1,1,0.01575339246193538,0.014329444153828964
112,4,16,17,0.14166666666666666,0.1,3,0.005248060499443666,0.004769793834923194
112,4,16,17,0.14166666666666666,0.1,5,0.0031486599416416052,0.00286128060393282
112,4,16,17,0.14166666666666666,0.1,7,0.002249002477919943,0.0020436044252941576
112,4,16,17,0.14166666666666666,0.1,9,0.0017492094526916702,0.0015894007603359532
112,4,16,17,0.14166666666666666,0.1,11,0.0014311645469930146,0.0013003836085083717
112,4,16,17,0.14166666666666666,0.1,13,0.001210981707562918,0.0011003043254877419
112,4,16,17,0.14166666666666666,0.1,15,0.0010495152855422845,0.0009535843598434684
112,4,16,17,0.14166666666666666,0.1,17,0.0009260414905837057,0.0008413894599787818
112,4,16,17,0.14166666666666666,0.1,19,0.0008285624835828732,0.0007528161846050627
112,4,16,17,0.14166666666666666,0.5,1,0.363194127387956,0.3352447677860017
112,4,16,17,0.14166666666666666,0.5,3,0.11978638978283124,0.1097762585995291
112,4,16,17,0.14166666666666666,0.5,5,0.07177799275948653,0.06574461889112468
112,4,16,17,0.14166666666666666,0.5,7,0.051247590981086895,0.04693193811610594
112,4,16,17,0.14166666666666666,0.5,9,0.03985091181488381,0.03649201737716771
112,4,16,17,0.14166666666666666,0.5,11,0.03260138009857867,0.029852104298841782
112,4,16,17,0.14166666666666666,0.5,13,0.02758365761579326,0.025256742535874798
112,4,16,17,0.14166666666666666,0.5,15,0.02390456113283725,0.021887531052739145
112,4,16,17,0.14166666666666666,0.5,17,0.02109143747947904,0.019311461865469254
112,4,16,17,0.14166666666666666,0.5,19,0.018870726354613444,0.01727794832458258
112,4,16,17,0.14166666666666666,1.0,1,1.1380662035587952,1.0818341450384223
112,4,16,17,0.14166666666666666,1.0,3,0.36859825680883224,0.34440908443213636
112,4,16,17,0.14166666666666666,1.0,5,0.21943495845127411,0.20562446073064736
112,4,16,17,0.14166666666666666,1.0,7,0.15627942462685085,0.14663549866645856
112,4,16,17,0.14166666666666666,1.0,9,0.121368341705327,0.11396534987222552
112,4,16,17,0.14166666666666666,1.0,11,0.09921175187836219,0.09320666667577567
112,4,16,17,0.14166666666666666,1.0,13,0.08389802267569214,0.07884762683953027
112,4,16,17,0.14166666666666666,1.0,15,0.07268057164742507,0.06832336126340027
112,4,16,17,0.14166666666666666,1.0,17,0.06410946378126109,0.06027833436265074
112,4,16,17,0.14166666666666666,1.0,19,0.05734692713082871,0.05392864948089785
113,4,16,17,0.14166666666666666,0.1,1,0.014248550213836763,0.013243963039639954
113,4,16,17,0.14166666666666666,0.1,3,0.004741966351059043,0.0044059685164908125
113,4,16,17,0.14166666666666666,0.1,5,0.002844554643114496,0.002642975274452315
113,4,16,17,0.14166666666666666,0.1,7,0.0020316540946967664,0.0018876855972857704
113,4,16,17,0.14166666666666666,0.1,9,0.0015801058655866187,0.001468139772891501
113,4,16,17,0.14166666666666666,0.1,11,0.001292778962072053,0.0012011758912019543
113,4,16,17,0.14166666666666666,0.1,13,0.0010938699241661845,0.0010163631358445114
113,4,16,17,0.14166666666666666,0.1,15,0.0009480081337187647,0.0008808379226409104
113,4,16,17,0.14166666666666666,0.1,17,0.0008364694652138132,0.0007772032667246803
113,4,16,17,0.14166666666666666,0.1,19,0.0007484142466078788,0.0006953877811452327
113,4,16,17,0.14166666666666666,0.5,1,0.33108468114337586,0.3070939672245093
113,4,16,17,0.14166666666666666,0.5,3,0.10781295716666037,0.0986121837040545
113,4,16,17,0.14166666666666666,0.5,5,0.06451752386916479,0.058979853808040786
113,4,16,17,0.14166666666666666,0.5,7,0.046041243736695193,0.04208854047853179
113,4,16,17,0.14166666666666666,0.5,9,0.035793323329132036,0.03272173755348031
113,4,16,17,0.14166666666666666,0.5,11,0.02927742690207968,0.026766193142352672
113,4,16,17,0.14166666666666666,0.5,13,0.02476873784783349,0.02264512284485437
113,4,16,17,0.14166666666666666,0.5,15,0.021463502151414335,0.019623923116916596
113,4,16,17,0.14166666666666666,0.5,17,0.018936589495379484,0.01731406862370828
113,4,16,17,0.14166666666666666,0.5,19,0.01694202520174884,0.015490766922694174
113,4,16,17,0.14166666666666666,1.0,1,1.0513704723502377,0.9737670952795873
113,4,16,17,0.14166666666666666,1.0,3,0.3309220782916635,0.28738194635783676
113,4,16,17,0.14166666666666666,1.0,5,0.19698225222900972,0.17131153493516693
113,4,16,17,0.14166666666666666,1.0,7,0.14025754680736574,0.1221639409741062
113,4,16,17,0.14166666666666666,1.0,9,0.10890461229997495,0.09495375360836454
113,4,16,17,0.14166666666666666,1.0,11,0.0890099029540169,0.0776638280629048
113,4,16,17,0.14166666666666666,1.0,13,0.07526195562099007,0.06570317250057808
113,4,16,17,0.14166666666666666,1.0,15,0.065193032137865,0.056936048744213374
113,4,16,17,0.14166666666666666,1.0,17,0.057500527280895455,0.05023374880179417
113,4,16,17,0.14166666666666666,1.0,19,0.05143189143787186,0.04494351712129813
114,4,16,17,0.14166666666666666,0.1,1,0.013933216616430778,0.015055900887772903
114,4,16,17,0.14166666666666666,0.1,3,0.004638458916845125,0.005013351041924603
114,4,16,17,0.14166666666666666,0.1,5,0.002782659604299509,0.003007524559874321
114,4,16,17,0.14166666666666666,0.1,7,0.0019875081464626834,0.0021480938094003404
114,4,16,17,0.14166666666666666,0.1,9,0.0015457982316304125,0.0016706821662128037
114,4,16,17,0.14166666666666666,0.1,11,0.0012647237396191298,0.0013668925154062838
114,4,16,17,0.14166666666666666,0.1,13,0.0010701394869475124,0.0011565844757847738
114,4,16,17,0.14166666666666666,0.1,15,0.000927447222667253,0.0010023625970757356
114,4,16,17,0.14166666666666666,0.1,17,0.0008183311761019242,0.0008844304810798898
114,4,16,17,0.14166666666666666,0.1,19,0.0007321878594141568,0.0007913275489971273
114,4,16,17,0.14166666666666666,0.5,1,0.32651671535930105,0.34926551866381234
114,4,16,17,0.14166666666666666,0.5,3,0.10652647401957985,0.11494826652760821
114,4,16,17,0.14166666666666666,0.5,5,0.06381729077342842,0.0688740968102098
114,4,16,17,0.14166666666666666,0.5,7,0.04556364810530741,0.049172207643319484
114,4,16,17,0.14166666666666666,0.5,9,0.035431766281016845,0.03823595609631494
114,4,16,17,0.14166666666666666,0.5,11,0.028986814608232315,0.031279560954173405
114,4,16,17,0.14166666666666666,0.5,13,0.024525904952801603,0.026464869378636763
114,4,16,17,0.14166666666666666,0.5,15,0.021255006919802425,0.02293471975951901
114,4,16,17,0.14166666666666666,0.5,17,0.018753950091393443,0.02023553412312405
114,4,16,17,0.14166666666666666,0.5,19,0.016779550827119256,0.018104799230907107
114,4,16,17,0.14166666666666666,1.0,1,1.0610278244994622,1.094215864395264
114,4,16,17,0.14166666666666666,1.0,3,0.3389603844681621,0.35246160042597385
114,4,16,17,0.14166666666666666,1.0,5,0.2021728215118075,0.210831026323578
114,4,16,17,0.14166666666666666,1.0,7,0.14409432895526883,0.15044358499023058
114,4,16,17,0.14166666666666666,1.0,9,0.11194824366466737,0.1169557160327896
114,4,16,17,0.14166666666666666,1.0,11,0.09153224604457637,0.09566449707428182
114,4,16,17,0.14166666666666666,1.0,13,0.07741549604884797,0.08093231157298121
114,4,16,17,0.14166666666666666,1.0,15,0.06707187216269554,0.07013251123394189
114,4,16,17,0.14166666666666666,1.0,17,0.059166823605328864,0.06187588970703682
114,4,16,17,0.14166666666666666,1.0,19,0.0529288469038717,0.05535870317547332
115,4,16,17,0.14166666666666666,0.1,1,0.012559418545324209,0.012555288556760854
115,4,16,17,0.14166666666666666,0.1,3,0.0041828872662841654,0.004182421880651584
115,4,16,17,0.14166666666666666,0.1,5,0.002509560550094595,0.002509325166163977
115,4,16,17,0.14166666666666666,0.1,7,0.0017925094446413462,0.0017923499440977752
115,4,16,17,0.14166666666666666,0.1,9,0.0013941631928276502,0.001394041899542371
115,4,16,17,0.14166666666666666,0.1,11,0.0011406744949474684,0.0011405763992217016
115,4,16,17,0.14166666666666666,0.1,13,0.0009651839303939865,0.0009651014831896206
115,4,16,17,0.14166666666666666,0.1,15,0.0008364915539126084,0.0008364204024705364
115,4,16,17,0.14166666666666666,0.1,17,0.0007380800836355774,0.000738017481513285
115,4,16,17,0.14166666666666666,0.1,19,0.0006603870045805328,0.0006603311041736034
115,4,16,17,0.14166666666666666,0.5,1,0.29195945729693706,0.289689981673448
115,4,16,17,0.14166666666666666,0.5,3,0.09544371640289105,0.09515667416670272
115,4,16,17,0.14166666666666666,0.5,5,0.057179934701462286,0.05703124538623043
115,4,16,17,0.14166666666666666,0.5,7,0.0408258859228382,0.040724324021885215
115,4,16,17,0.14166666666666666,0.5,9,0.03174805524583028,0.03167055052912141
115,4,16,17,0.14166666666666666,0.5,11,0.0259734412887114,0.025910644776503223
115,4,16,17,0.14166666666666666,0.5,13,0.02197643723964846,0.02192360178269209
115,4,16,17,0.14166666666666666,0.5,15,0.01904565299696787,0.01900002544040223
115,4,16,17,0.14166666666666666,0.5,17,0.016804638513698334,0.016764475132952206
115,4,16,17,0.14166666666666666,0.5,19,0.015035509991506713,0.014999634708407095
115,4,16,17,0.14166666666666666,1.0,1,0.9367986952522468,0.9184193047712337
115,4,16,17,0.14166666666666666,1.0,3,0.29912645013232037,0.29601211672025707
115,4,16,17,0.14166666666666666,1.0,5,0.1787946626736803,0.17690672001860538
115,4,16,17,0.14166666666666666,1.0,7,0.1275739782533896,0.1262132661300165
115,4,16,17,0.14166666666666666,1.0,9,0.09918027482799682,0.09811703352325987
115,4,16,17,0.14166666666666666,1.0,11,0.081129259017527,0.08025710240573755
115,4,16,17,0.14166666666666666,1.0,13,0.06863894709115087,0.06789982917815514
115,4,16,17,0.14166666666666666,1.0,15,0.059482251202392596,0.05884104538290592
115,4,16,17,0.14166666666666666,1.0,17,0.052481485995358304,0.051915333825960044
115,4,16,17,0.14166666666666666,1.0,19,0.04695532837634142,0.046448528414294324
116,4,16,17,0.14166666666666666,0.1,1,0.014209326065523869,0.015047271720259818
116,4,16,17,0.14166666666666666,0.1,3,0.0047299354612116,0.005008593733189399
116,4,16,17,0.14166666666666666,0.1,5,0.002837473800355297,0.0030044457305686586
116,4,16,17,0.14166666666666666,0.1,7,0.00202663935311134,0.0021458259749523216
116,4,16,17,0.14166666666666666,0.1,9,0.0015762242616438155,0.0016688886257392886
116,4,16,17,0.14166666666666666,0.1,11,0.00128961291797876,0.0013654096259092948
116,4,16,17,0.14166666666666666,0.1,13,0.0010911967321570858,0.0011553206740932925
116,4,16,17,0.14166666666666666,0.1,15,0.0009456950422067008,0.0010012615510425478
116,4,16,17,0.14166666666666666,0.1,17,0.0008344309861223671,0.0008834550892318657
116,4,16,17,0.14166666666666666,0.1,19,0.0007465921013029309,0.0007904520887651061
116,4,16,17,0.14166666666666666,0.5,1,0.32913361313484174,0.34830239822746983
116,4,16,17,0.14166666666666666,0.5,3,0.10724157629446851,0.11443413002951472
116,4,16,17,0.14166666666666666,0.5,5,0.06419056076794297,0.06853785197134453
116,4,16,17,0.14166666666666666,0.5,7,0.045813118705679994,0.0489236154935189
116,4,16,17,0.14166666666666666,0.5,9,0.035618351127938264,0.03803899082431497
116,4,16,17,0.14166666666666666,0.5,11,0.02913558336174527,0.031116531410416367
116,4,16,17,0.14166666666666666,0.5,13,0.024649500729975227,0.02632582467670692
116,4,16,17,0.14166666666666666,0.5,15,0.02136066797351238,0.02281351843020288
116,4,16,17,0.14166666666666666,0.5,17,0.01884619707046634,0.020128122715357858
116,4,16,17,0.14166666666666666,0.5,19,0.016861392184522355,0.018008363226641594
116,4,16,17,0.14166666666666666,1.0,1,1.04011222862504,1.0906546129572572
116,4,16,17,0.14166666666666666,1.0,3,0.32801954893180374,0.35359624447723403
116,4,16,17,0.14166666666666666,1.0,5,0.1952242632043603,0.21123944223058874
116,4,16,17,0.14166666666666666,1.0,7,0.1390149887085732,0.150646181323145
116,4,16,17,0.14166666666666666,1.0,9,0.1079478908246624,0.11707486201897198
116,4,16,17,0.14166666666666666,1.0,11,0.08823343434356083,0.09574215515683246
116,4,16,17,0.14166666666666666,1.0,13,0.07460911808169693,0.08098651265627696
116,4,16,17,0.14166666666666666,1.0,15,0.06463010954078124,0.07017222664845017
116,4,16,17,0.14166666666666666,1.0,17,0.05700587638088417,0.06190606635478014
116,4,16,17,0.14166666666666666,1.0,19,0.05099081354108188,0.05538228438535007
117,4,16,17,0.14166666666666666,0.1,1,0.011389162243078956,0.010785095369319804
117,4,16,17,0.14166666666666666,0.1,3,0.00378783564189748,0.00357985340009959
117,4,16,17,0.14166666666666666,0.1,5,0.002271937897874047,0.002146260257085038
117,4,16,17,0.14166666666666666,0.1,7,0.0016225980851257422,0.0015325498603662687
117,4,16,17,0.14166666666666666,0.1,9,0.0012619317917067308,0.0011917726433434304
117,4,16,17,0.14166666666666666,0.1,11,0.001032444504170333,0.0009749778349683256
117,4,16,17,0.14166666666666666,0.1,13,0.0008735808918953798,0.0008249177636579708
117,4,16,17,0.14166666666666666,0.1,15,0.0007570871197940394,0.0007148885163043029
117,4,16,17,0.14166666666666666,0.1,17,0.0006680071370623785,0.0006307569195632282
117,4,16,17,0.14166666666666666,0.1,19,0.000597682945719282,0.0005643423730428726
117,4,16,17,0.14166666666666666,0.5,1,0.2691801819327713,0.26216691510597495
117,4,16,17,0.14166666666666666,0.5,3,0.08699932795018925,0.08457654047210923
117,4,16,17,0.14166666666666666,0.5,5,0.05203218973621349,0.0504901285737574
117,4,16,17,0.14166666666666666,0.5,7,0.03712554133193035,0.035991328917957185
117,4,16,17,0.14166666666666666,0.5,9,0.028860187966875225,0.027962744582419673
117,4,16,17,0.14166666666666666,0.5,11,0.02360561167342844,0.022863043826245297
117,4,16,17,0.14166666666666666,0.5,13,0.019969975297468502,0.01933665811288019
117,4,16,17,0.14166666666666666,0.5,15,0.017304881848774187,0.01675277651467639
117,4,16,17,0.14166666666666666,0.5,17,0.015267431383120658,0.014778070450532655
117,4,16,17,0.14166666666666666,0.5,19,0.013659247412956182,0.01321982157245172
117,4,16,17,0.14166666666666666,1.0,1,0.8916614806972349,0.9221128808769666
117,4,16,17,0.14166666666666666,1.0,3,0.26664116471869304,0.28888374487722057
117,4,16,17,0.14166666666666666,1.0,5,0.15830638544213466,0.17182185741450692
117,4,16,17,0.14166666666666666,1.0,7,0.1126977955679701,0.12228327350067617
117,4,16,17,0.14166666666666666,1.0,9,0.08751779165084514,0.09491849581733068
117,4,16,17,0.14166666666666666,1.0,11,0.071542959643903,0.07756189361889021
117,4,16,17,0.14166666666666666,1.0,13,0.06050294530110969,0.06557169664869625
117,4,16,17,0.14166666666666666,1.0,15,0.05241610190884019,0.05679229040137818
117,4,16,17,0.14166666666666666,1.0,17,0.04623688133610724,0.05008625301607296
117,4,16,17,0.14166666666666666,1.0,19,0.04136132563850861,0.04479666958302285
118,4,16,17,0.14166666666666666,0.1,1,0.012975037448089574,0.012087252079244586
118,4,16,17,0.14166666666666666,0.1,3,0.00432361226694522,0.00402107112830822
118,4,16,17,0.14166666666666666,0.1,5,0.002594045143418763,0.0024119468974082127
118,4,16,17,0.14166666666666666,0.1,7,0.001852855356154865,0.001722625941694602
118,4,16,17,0.14166666666666666,0.1,9,0.0014410956994998416,0.0013397406618121212
118,4,16,17,0.14166666666666666,0.1,11,0.0011790712069776564,0.0010961112694202833
118,4,16,17,0.14166666666666666,0.1,13,0.000997671562084477,0.0009274556991281907
118,4,16,17,0.14166666666666666,0.1,15,0.0008646461336915022,0.0008037804910689319
118,4,16,17,0.14166666666666666,0.1,17,0.0007629213544541102,0.0007092084386545838
118,4,16,17,0.14166666666666666,0.1,19,0.0006826126493049703,0.0006345481668565733
118,4,16,17,0.14166666666666666,0.5,1,0.30692600389612373,0.2810537532660952
118,4,16,17,0.14166666666666666,0.5,3,0.10194676450793308,0.09121648006232734
118,4,16,17,0.14166666666666666,0.5,5,0.06114095756939052,0.05455633380930278
118,4,16,17,0.14166666666666666,0.5,7,0.04366553452101071,0.03892543367958984
118,4,16,17,0.14166666666666666,0.5,9,0.03395959793313323,0.0302586265947638
118,4,16,17,0.14166666666666666,0.5,11,0.027783941987383563,0.024748986611513434
118,4,16,17,0.14166666666666666,0.5,13,0.023508838601278455,0.020936967101883107
118,4,16,17,0.14166666666666666,0.5,15,0.020373932413379665,0.018142633541496173
118,4,16,17,0.14166666666666666,0.5,17,0.017976742785556228,0.016006415046775132
118,4,16,17,0.14166666666666666,0.5,19,0.016084278271352576,0.01432029514135845
118,4,16,17,0.14166666666666666,1.0,1,1.0241527709513751,0.9665585723988075
118,4,16,17,0.14166666666666666,1.0,3,0.34105459309885977,0.28581759139100593
118,4,16,17,0.14166666666666666,1.0,5,0.2043824999485152,0.16988002194207255
118,4,16,17,0.14166666666666666,1.0,7,0.1459344236420666,0.12093014168995793
118,4,16,17,0.14166666666666666,1.0,9,0.11348709181777385,0.09389577991888616
118,4,16,17,0.14166666666666666,1.0,11,0.09284571000202543,0.07674548516248914
118,4,16,17,0.14166666666666666,1.0,13,0.07855811368298107,0.06489477714115914
118,4,16,17,0.14166666666666666,1.0,15,0.0680816895229438,0.056215363466806605
118,4,16,17,0.14166666666666666,1.0,17,0.06007087736487164,0.04958423857783855
118,4,16,17,0.14166666666666666,1.0,19,0.053746862671177405,0.04435273231165107
119,4,16,17,0.14166666666666666,0.1,1,0.014842547349862689,0.014954908574073411
119,4,16,17,0.14166666666666666,0.1,3,0.0049419727159900955,0.004973477249581627
119,4,16,17,0.14166666666666666,0.1,5,0.002964799716443188,0.002982931541946339
119,4,16,17,0.14166666666666666,0.1,7,0.0021176172779412772,0.002130328052825772
119,4,16,17,0.14166666666666666,0.1,9,0.0016469980219787712,0.001656779312684197
119,4,16,17,0.14166666666666666,0.1,11,0.0013475255163371835,0.001355473502624433
119,4,16,17,0.14166666666666666,0.1,13,0.0011402036595465387,0.0011468966139306714
119,4,16,17,0.14166666666666666,0.1,15,0.0009881702198046587,0.0009939502237569723
119,4,16,17,0.14166666666666666,0.1,17,0.0008719107710058993,0.0008769968786906909
119,4,16,17,0.14166666666666666,0.1,19,0.0007801278347436982,0.0007846687330850214
119,4,16,17,0.14166666666666666,0.5,1,0.34330920804337683,0.3487318097836761
119,4,16,17,0.14166666666666666,0.5,3,0.11219911426255759,0.11360158817434872
119,4,16,17,0.14166666666666666,0.5,5,0.06718345486216708,0.06797082587737005
119,4,16,17,0.14166666666666666,0.5,7,0.04795653467439643,0.04850047704016635
119,4,16,17,0.14166666666666666,0.5,9,0.03728790486071806,0.03770253507754612
119,4,16,17,0.14166666666666666,0.5,11,0.030502865627737383,0.0308375664297707
119,4,16,17,0.14166666666666666,0.5,13,0.025807186787193154,0.02608767422356665
119,4,16,17,0.14166666666666666,0.5,15,0.022364477027560357,0.022605808984254624
119,4,16,17,0.14166666666666666,0.5,17,0.019732236278707346,0.019943976324128514
119,4,16,17,0.14166666666666666,0.5,19,0.017654394300329525,0.01784299039632654
119,4,16,17,0.14166666666666666,1.0,1,1.0786255527115267,1.1071291640671874
119,4,16,17,0.14166666666666666,1.0,3,0.34471629908125456,0.3511853808506685
119,4,16,17,0.14166666666666666,1.0,5,0.20531917245877382,0.20956993469948784
119,4,16,17,0.14166666666666666,1.0,7,0.14624434496221853,0.14938704426276092
119,4,16,17,0.14166666666666666,1.0,9,0.11357988959465344,0.11606573270143448
119,4,16,17,0.14166666666666666,1.0,11,0.09284684232150915,0.09490054376504276
119,4,16,17,0.14166666666666666,1.0,13,0.0785162551553201,0.08026483436117013
119,4,16,17,0.14166666666666666,1.0,15,0.06801867254812777,0.06954061069801946
119,4,16,17,0.14166666666666666,1.0,17,0.05999747883022853,0.06134455113026157
119,4,16,17,0.14166666666666666,1.0,19,0.05366875919461591,0.05487687637123599
120,4,16,17,0.14166666666666666,0.1,1,0.012057595197582196,0.013297638167704205
120,4,16,17,0.14166666666666666,0.1,3,0.0040117621398722,0.004421439019264606
120,4,16,17,0.14166666666666666,0.1,5,0.002406351945680167,0.0026518478851756426
120,4,16,17,0.14166666666666666,0.1,7,0.0017186204859197657,0.0018938895724073736
120,4,16,17,0.14166666666666666,0.1,9,0.0013366201348766664,0.0014729057316071657
120,4,16,17,0.14166666666666666,0.1,11,0.0010935550325735172,0.0012050439173668288
120,4,16,17,0.14166666666666666,0.1,13,0.0009252907769038651,0.0010196175018998904
120,4,16,17,0.14166666666666666,0.1,15,0.0008019029167067105,0.0008836464805750927
120,4,16,17,0.14166666666666666,0.1,17,0.0007075508384832375,0.0007796733391306383
120,4,16,17,0.14166666666666666,0.1,19,0.000633064384549651,0.0006975921244338187
120,4,16,17,0.14166666666666666,0.5,1,0.2858601042474082,0.30818663146407077
120,4,16,17,0.14166666666666666,0.5,3,0.09342527236781144,0.09953895008928487
120,4,16,17,0.14166666666666666,0.5,5,0.05593066907246555,0.05950446054906792
120,4,16,17,0.14166666666666666,0.5,7,0.03991854357764366,0.04244788243315291
120,4,16,17,0.14166666666666666,0.5,9,0.031035180490170275,0.032993497468774426
120,4,16,17,0.14166666666666666,0.5,11,0.025386242835659094,0.026984199680043147
120,4,16,17,0.14166666666666666,0.5,13,0.02147719052911965,0.02282692581116294
120,4,16,17,0.14166666666666666,0.5,15,0.01861141968779182,0.019779739073859836
120,4,16,17,0.14166666666666666,0.5,17,0.01642042553805173,0.01745034814830046
120,4,16,17,0.14166666666666666,0.5,19,0.014690977578510933,0.015611835485040663
120,4,16,17,0.14166666666666666,1.0,1,0.9569413176337564,0.9611809759121853
120,4,16,17,0.14166666666666666,1.0,3,0.30840976579370455,0.29015245090478203
120,4,16,17,0.14166666666666666,1.0,5,0.18446125854340517,0.17236977392387146
120,4,16,17,0.14166666666666666,1.0,7,0.13159989108891262,0.12271638799279665
120,4,16,17,0.14166666666666666,1.0,9,0.10229058322079705,0.09529474056469137
120,4,16,17,0.14166666666666666,1.0,11,0.08365946839835478,0.07789667543302375
120,4,16,17,0.14166666666666666,1.0,13,0.07076990103232556,0.06587322902437712
120,4,16,17,0.14166666666666666,1.0,15,0.061322067427725,0.05706633037548534
120,4,16,17,0.14166666666666666,1.0,17,0.05409978801106348,0.05033718770021494
120,4,16,17,0.14166666666666666,1.0,19,0.048399520401336736,0.04502794730630513
121,4,16,17,0.14166666666666666,0.1,1,0.013295731297444711,0.01618629185032954
121,4,16,17,0.14166666666666666,0.1,3,0.0044248872856769515,0.005374777887486712
121,4,16,17,0.14166666666666666,0.1,5,0.0026543179088692162,0.003222594329061234
121,4,16,17,0.14166666666666666,0.1,7,0.0018957699844434671,0.0023011726071772297
121,4,16,17,0.14166666666666666,0.1,9,0.0014744170904303843,0.001789509941785731
121,4,16,17,0.14166666666666666,0.1,11,0.0012063054865216669,0.0014639939312149869
121,4,16,17,0.14166666666666666,0.1,13,0.0010206994702040677,0.001238676253737034
121,4,16,17,0.14166666666666666,0.1,15,0.000884593321356665,0.0010734637537345212
121,4,16,17,0.14166666666666666,0.1,17,0.0007805149141662329,0.000947136421893377
121,4,16,17,0.14166666666666666,0.1,19,0.0006983494208001231,0.0008474114222572401
121,4,16,17,0.14166666666666666,0.5,1,0.311464248924891,0.38002059238450353
121,4,16,17,0.14166666666666666,0.5,3,0.10163940141119505,0.12306162668898038
121,4,16,17,0.14166666666666666,0.5,5,0.06084145571095608,0.0735002048450193
121,4,16,17,0.14166666666666666,0.5,7,0.04342319106164867,0.05240476558613173
121,4,16,17,0.14166666666666666,0.5,9,0.033760206653264395,0.04071963301787638
121,4,16,17,0.14166666666666666,0.5,11,0.027615547478321175,0.03329591662562089
121,4,16,17,0.14166666666666666,0.5,13,0.02336343428821241,0.02816185457177372
121,4,16,17,0.14166666666666666,0.5,15,0.020246135020508028,0.02439964500794828
121,4,16,17,0.14166666666666666,0.5,17,0.017862816158476583,0.021524218969943398
121,4,16,17,0.14166666666666666,0.5,19,0.015981541864588517,0.019255088570301067
121,4,16,17,0.14166666666666666,1.0,1,1.0073768679768644,1.1940956197474053
121,4,16,17,0.14166666666666666,1.0,3,0.32113186482561484,0.37412931115465575
121,4,16,17,0.14166666666666666,1.0,5,0.19167827412228922,0.22197878837891172
121,4,16,17,0.14166666666666666,1.0,7,0.13664898802800304,0.1578544913934846
121,4,16,17,0.14166666666666666,1.0,9,0.10617693656712217,0.12248618618299113
121,4,16,17,0.14166666666666666,1.0,11,0.08681966680588717,0.10006953098212093
121,4,16,17,0.14166666666666666,1.0,13,0.07343313556447673,0.08459012544720165
121,4,16,17,0.14166666666666666,1.0,15,0.06362366504471095,0.07325876744076132
121,4,16,17,0.14166666666666666,1.0,17,0.05612635828079524,0.06460493901453995
121,4,16,17,0.14166666666666666,1.0,19,0.050209854364950304,0.05777980619266711
122,4,16,17,0.14166666666666666,0.1,1,0.014534282376603204,0.01380648005758134
122,4,16,17,0.14166666666666666,0.1,3,0.00483998941240421,0.004590171661202764
122,4,16,17,0.14166666666666666,0.1,5,0.0029037345000540384,0.0027529397896018473
122,4,16,17,0.14166666666666666,0.1,7,0.0020740397157151483,0.0019660497083620583
122,4,16,17,0.14166666666666666,0.1,9,0.0016131222927559207,0.0015290087394783773
122,4,16,17,0.14166666666666666,0.1,11,0.0013198184834465167,0.0012509349655687794
122,4,16,17,0.14166666666666666,0.1,13,0.0011167648491149202,0.0010584416272595048
122,4,16,17,0.14166666666666666,0.1,15,0.0009678601682809962,0.0009172897242167344
122,4,16,17,0.14166666666666666,0.1,17,0.0008539925676820638,0.0008093556140471043
122,4,16,17,0.14166666666666666,0.1,19,0.0007640974813902492,0.0007241478630937302
122,4,16,17,0.14166666666666666,0.5,1,0.33374274085591976,0.3221216163033015
122,4,16,17,0.14166666666666666,0.5,3,0.10896115566582132,0.10437138627301223
122,4,16,17,0.14166666666666666,0.5,5,0.06525585795091038,0.06239923934103383
122,4,16,17,0.14166666666666666,0.5,7,0.04658476789392173,0.044512160673234054
122,4,16,17,0.14166666666666666,0.5,9,0.03622322779027399,0.03459716592438353
122,4,16,17,0.14166666666666666,0.5,11,0.02963295127309841,0.028295189287050316
122,4,16,17,0.14166666666666666,0.5,13,0.025071803453836517,0.023935531023563758
122,4,16,17,0.14166666666666666,0.5,15,0.02172758993666031,0.020740067833029088
122,4,16,17,0.14166666666666666,0.5,17,0.019170578095413133,0.01829737415815854
122,4,16,17,0.14166666666666666,0.5,19,0.01715207099183649,0.01636946680969463
122,4,16,17,0.14166666666666666,1.0,1,1.0308038277503198,1.0323283183890608
122,4,16,17,0.14166666666666666,1.0,3,0.3303926241608502,0.3230958560156687
122,4,16,17,0.14166666666666666,1.0,5,0.19735435679660882,0.19229327598247695
122,4,16,17,0.14166666666666666,1.0,7,0.14072952988034237,0.13694525021874343
122,4,16,17,0.14166666666666666,1.0,9,0.1093600596625215,0.10635135463545821
122,4,16,17,0.14166666666666666,1.0,11,0.08942834072272195,0.086934909368142
122,4,16,17,0.14166666666666666,1.0,13,0.0756427740284454,0.07351519476679963
122,4,16,17,0.14166666666666666,1.0,15,0.06554004730065902,0.06368523980545827
122,4,16,17,0.14166666666666666,1.0,17,0.05781815318931382,0.05617438713721029
122,4,16,17,0.14166666666666666,1.0,19,0.05172415242828869,0.05024845009041689
123,4,16,17,0.14166666666666666,0.1,1,0.011755066267259341,0.012391901717117416
123,4,16,17,0.14166666666666666,0.1,3,0.003917065143024548,0.004126632845786651
123,4,16,17,0.14166666666666666,0.1,5,0.0023501778432608636,0.0024757880336001114
123,4,16,17,0.14166666666666666,0.1,7,0.0016786864201623764,0.001768382310911622
123,4,16,17,0.14166666666666666,0.1,9,0.001305641141248381,0.0013753963937831078
123,4,16,17,0.14166666666666666,0.1,11,0.001068250247625574,0.001125319323256519
123,4,16,17,0.14166666666666666,0.1,13,0.0009039032794091295,0.00095219084077015
123,4,16,17,0.14166666666666666,0.1,15,0.0007833824200722797,0.0008252307391904131
123,4,16,17,0.14166666666666666,0.1,17,0.000691219533526577,0.0007281439898326979
123,4,16,17,0.14166666666666666,0.1,19,0.0006184594264864692,0.0006514967646791675
123,4,16,17,0.14166666666666666,0.5,1,0.27976434024319946,0.2851048111748249
123,4,16,17,0.14166666666666666,0.5,3,0.09270857852331947,0.09266226966983247
123,4,16,17,0.14166666666666666,0.5,5,0.055607374368715545,0.05548808353532539
123,4,16,17,0.14166666666666666,0.5,7,0.03971619501217319,0.03961291438022302
123,4,16,17,0.14166666666666666,0.5,9,0.030889312498205135,0.03080319214456412
123,4,16,17,0.14166666666666666,0.5,11,0.02527263670484955,0.02519977504664593
123,4,16,17,0.14166666666666666,0.5,13,0.021384326627755513,0.021321506385918475
123,4,16,17,0.14166666666666666,0.5,15,0.018532967937212493,0.01847788849078294
123,4,16,17,0.14166666666666666,0.5,17,0.016352550947816038,0.01630357680780583
123,4,16,17,0.14166666666666666,0.5,19,0.014631187279778765,0.014587133266599587
123,4,16,17,0.14166666666666666,1.0,1,0.9459408941766111,0.898140972714279
123,4,16,17,0.14166666666666666,1.0,3,0.31531067087438186,0.2788511306608092
123,4,16,17,0.14166666666666666,1.0,5,0.18939376939217176,0.16649172266953435
123,4,16,17,0.14166666666666666,1.0,7,0.13532363305570658,0.11876139453155052
123,4,16,17,0.14166666666666666,1.0,9,0.10526541191149692,0.09231832596565101
123,4,16,17,0.14166666666666666,1.0,11,0.08613194285388957,0.07551177844390489
123,4,16,17,0.14166666666666666,1.0,13,0.07288365315529914,0.0638841665368038
123,4,16,17,0.14166666666666666,1.0,15,0.06316734544726012,0.055360613712239035
123,4,16,17,0.14166666666666666,1.0,17,0.05573678580018884,0.048844260112969176
123,4,16,17,0.14166666666666666,1.0,19,0.049870316115246546,0.04370066338827188
124,4,16,17,0.14166666666666666,0.1,1,0.013476909902840407,0.01385987470150567
124,4,16,17,0.14166666666666666,0.1,3,0.004488918295367383,0.0046190816859230065
124,4,16,17,0.14166666666666666,0.1,5,0.0026931877344069147,0.0027714071500633242
124,4,16,17,0.14166666666666666,0.1,7,0.0019236733852658224,0.0019795683016477646
124,4,16,17,0.14166666666666666,0.1,9,0.0014961801224382962,0.0015396615994827938
124,4,16,17,0.14166666666666666,0.1,11,0.0012241431116154482,0.0012597220355450515
124,4,16,17,0.14166666666666666,0.1,13,0.0010358113282560228,0.0010659181143857681
124,4,16,17,0.14166666666666666,0.1,15,0.0008977020234557691,0.0009237954103656994
124,4,16,17,0.14166666666666666,0.1,17,0.0007920893556960353,0.0008151134270977011
124,4,16,17,0.14166666666666666,0.1,19,0.0007087111115764764,0.0007293119068893095
124,4,16,17,0.14166666666666666,0.5,1,0.31519341085113806,0.3207073399780168
124,4,16,17,0.14166666666666666,0.5,3,0.103230868974767,0.1065350941269328
124,4,16,17,0.14166666666666666,0.5,5,0.061835821201349755,0.06390597713658135
124,4,16,17,0.14166666666666666,0.5,7,0.044147885070180796,0.045644203382941506
124,4,16,17,0.14166666666666666,0.5,9,0.034330628457659135,0.03550011576022331
124,4,16,17,0.14166666666666666,0.5,11,0.028085949641936947,0.029045164324013426
124,4,16,17,0.14166666666666666,0.5,13,0.02376369607444985,0.024576490372528525
124,4,16,17,0.14166666666666666,0.5,15,0.020594475048920275,0.021299523300655834
124,4,16,17,0.14166666666666666,0.5,17,0.018171166003603807,0.018793637089796054
124,4,16,17,0.14166666666666666,0.5,19,0.016258142063620206,0.016815321907298633
124,4,16,17,0.14166666666666666,1.0,1,1.0305168910823406,1.0261422609871116
124,4,16,17,0.14166666666666666,1.0,3,0.3279866620127997,0.3430088092739477
124,4,16,17,0.14166666666666666,1.0,5,0.19485382062104875,0.2058456384747413
124,4,16,17,0.14166666666666666,1.0,7,0.1386769658397936,0.14704244705471314
124,4,16,17,0.14166666666666666,1.0,9,0.10766323483052688,0.11436970468188278
124,4,16,17,0.14166666666666666,1.0,11,0.08799276273235414,0.09357664155551636
124,4,16,17,0.14166666666666666,1.0,13,0.07440246462560766,0.07918094041544922
124,4,16,17,0.14166666666666666,1.0,15,0.0644498795891119,0.06862386842567517
124,4,16,17,0.14166666666666666,1.0,17,0.05684653177064313,0.060550701429159186
124,4,16,17,0.14166666666666666,1.0,19,0.050848293778583985,0.054177087762978915
125,4,16,17,0.14166666666666666,0.1,1,0.01366087539243028,0.014132025360551154
125,4,16,17,0.14166666666666666,0.1,3,0.004552069479539479,0.004710653178593457
125,4,16,17,0.14166666666666666,0.1,5,0.0027311667338365676,0.0028263908197010148
125,4,16,17,0.14166666666666666,0.1,7,0.0019508186256599123,0.0020188503708459217
125,4,16,17,0.14166666666666666,0.1,9,0.0015172986521130253,0.0015702168863404445
125,4,16,17,0.14166666666666666,0.1,11,0.001241424213562944,0.0012847228785069606
125,4,16,17,0.14166666666666666,0.1,13,0.0010504349209077134,0.0010870731910273608
125,4,16,17,0.14166666666666666,0.1,15,0.0009103764137349013,0.000942130091351895
125,4,16,17,0.14166666666666666,0.1,17,0.0008032730009399418,0.0008312912526301391
125,4,16,17,0.14166666666666666,0.1,19,0.0007187177566755382,0.0007437869074474128
125,4,16,17,0.14166666666666666,0.5,1,0.31894780693616953,0.32678356064758995
125,4,16,17,0.14166666666666666,0.5,3,0.10547308748053871,0.1089991348485757
125,4,16,17,0.14166666666666666,0.5,5,0.06323867393810705,0.06540211818557314
125,4,16,17,0.14166666666666666,0.5,7,0.04516150420616109,0.04671629861911281
125,4,16,17,0.14166666666666666,0.5,9,0.035122732620074856,0.03633505703184003
125,4,16,17,0.14166666666666666,0.5,11,0.02873558618909105,0.029728748158926784
125,4,16,17,0.14166666666666666,0.5,13,0.02431414479662632,0.025155126203746603
125,4,16,17,0.14166666666666666,0.5,15,0.02107194224385287,0.02180112653420773
125,4,16,17,0.14166666666666666,0.5,17,0.01859270348321761,0.019236298225021226
125,4,16,17,0.14166666666666666,0.5,19,0.016635459630296483,0.017211431063484498
125,4,16,17,0.14166666666666666,1.0,1,1.0308471097341492,1.0251886133421468
125,4,16,17,0.14166666666666666,1.0,3,0.3352965294281737,0.3452621991919858
125,4,16,17,0.14166666666666666,1.0,5,0.20042224374503156,0.20722151713625606
125,4,16,17,0.14166666666666666,1.0,7,0.14300381668188997,0.14802542250670891
125,4,16,17,0.14166666666666666,1.0,9,0.11117500329732882,0.11513384564230182
125,4,16,17,0.14166666666666666,1.0,11,0.09094047214174078,0.09420159883731562
125,4,16,17,0.14166666666666666,1.0,13,0.0769394339498749,0.07970960717579305
125,4,16,17,0.14166666666666666,1.0,15,0.06667528947552134,0.06908196123023494
125,4,16,17,0.14166666666666666,1.0,17,0.05882785965232102,0.0609548480840942
125,4,16,17,0.14166666666666666,1.0,19,0.05263339532415842,0.05453865832462273
126,4,16,17,0.14166666666666666,0.1,1,0.014316898171071303,0.01458457444179839
126,4,16,17,0.14166666666666666,0.1,3,0.004763385214106901,0.004851345653058048
126,4,16,17,0.14166666666666666,0.1,5,0.002857279666060805,0.0029099127294768506
126,4,16,17,0.14166666666666666,0.1,7,0.002040707257918023,0.002078259328279317
126,4,16,17,0.14166666666666666,0.1,9,0.0015871320942694247,0.0016163208742859978
126,4,16,17,0.14166666666666666,0.1,11,0.0012985199704559928,0.0013223921840085785
126,4,16,17,0.14166666666666666,0.1,13,0.0010987232323999346,0.0011189172458845999
126,4,16,17,0.14166666666666666,0.1,15,0.0009522115198692975,0.0009697094798988451
126,4,16,17,0.14166666666666666,0.1,17,0.0008401764491491003,0.0008556134568469566
126,4,16,17,0.14166666666666666,0.1,19,0.0007517296963042564,0.0007655400854102336
126,4,16,17,0.14166666666666666,0.5,1,0.3317744620717729,0.33938225030661107
126,4,16,17,0.14166666666666666,0.5,3,0.10778704067848743,0.11031032728525728
126,4,16,17,0.14166666666666666,0.5,5,0.0644945126091698,0.0659916592912415
126,4,16,17,0.14166666666666666,0.5,7,0.04602482962739498,0.0470891383010902
126,4,16,17,0.14166666666666666,0.5,9,0.035781014641131925,0.03660666167245408
126,4,16,17,0.14166666666666666,0.5,11,0.029267726550639805,0.029942155607670603
126,4,16,17,0.14166666666666666,0.5,13,0.024760796508274632,0.02533083057296066
126,4,16,17,0.14166666666666666,0.5,15,0.0214568111049584,0.021950439772322843
126,4,16,17,0.14166666666666666,0.5,17,0.018930825720985762,0.019366111940307035
126,4,16,17,0.14166666666666666,0.5,19,0.01693697300466005,0.017326251089182114
126,4,16,17,0.14166666666666666,1.0,1,1.0529536350518303,1.0768336668502378
126,4,16,17,0.14166666666666666,1.0,3,0.333692886292641,0.34591537217911333
126,4,16,17,0.14166666666666666,1.0,5,0.1991562870192569,0.20686106459067688
126,4,16,17,0.14166666666666666,1.0,7,0.14201607555872287,0.1476235047838281
126,4,16,17,0.14166666666666666,1.0,9,0.11036977506747964,0.11477209271671096
126,4,16,17,0.14166666666666666,1.0,11,0.09026176190752437,0.09388348321887485
126,4,16,17,0.14166666666666666,1.0,13,0.07635317560284015,0.07942866973365077
126,4,16,17,0.14166666666666666,1.0,15,0.06615943251931179,0.06883151244370618
126,4,16,17,0.14166666666666666,1.0,17,0.05836736319171104,0.060729403362493786
126,4,16,17,0.14166666666666666,1.0,19,0.05221755728167566,0.05433392142106694
127,4,16,17,0.14166666666666666,0.1,1,0.01521125554051243,0.015044660686595336
127,4,16,17,0.14166666666666666,0.1,3,0.005067925109184859,0.005007408444938088
127,4,16,17,0.14166666666666666,0.1,5,0.003040608222002878,0.003003866792407602
127,4,16,17,0.14166666666666666,0.1,7,0.0021718294039118906,0.002145465570524788
127,4,16,17,0.14166666666666666,0.1,9,0.0016891884210334036,0.0016686338281074087
127,4,16,17,0.14166666666666666,0.1,11,0.0013820575882044829,0.0013652152225348694
127,4,16,17,0.14166666666666666,0.1,13,0.0011694302954859954,0.0011551647214519988
127,4,16,17,0.14166666666666666,0.1,15,0.0010135044406283124,0.001001131957507293
127,4,16,17,0.14166666666666666,0.1,17,0.000894267460592586,0.0008833445658602602
127,4,16,17,0.14166666666666666,0.1,19,0.0008001332555178185,0.0007903559381253983
127,4,16,17,0.14166666666666666,0.5,1,0.3513394973437516,0.34791092066073087
127,4,16,17,0.14166666666666666,0.5,3,0.11586064876668875,0.11319080134889901
127,4,16,17,0.14166666666666666,0.5,5,0.06943301195023564,0.06774201690196881
127,4,16,17,0.14166666666666666,0.5,7,0.04957604080861598,0.048346678875668944
127,4,16,17,0.14166666666666666,0.5,9,0.0385523280256461,0.037587995198458506
127,4,16,17,0.14166666666666666,0.5,11,0.031539693463646885,0.030746785027992
127,4,16,17,0.14166666666666666,0.5,13,0.02668577158278135,0.02601269015096241
127,4,16,17,0.14166666666666666,0.5,15,0.0231266883556157,0.02254203785251334
127,4,16,17,0.14166666666666666,0.5,17,0.020405278219862252,0.019888553617771376
127,4,16,17,0.14166666666666666,0.5,19,0.018256934931519843,0.017794013575714376
127,4,16,17,0.14166666666666666,1.0,1,1.099841050447958,1.0927804325553243
127,4,16,17,0.14166666666666666,1.0,3,0.35403021596427714,0.3397617368989154
127,4,16,17,0.14166666666666666,1.0,5,0.21077239852163432,0.20213822705891968
127,4,16,17,0.14166666666666666,1.0,7,0.15013840299363623,0.1439773606488111
127,4,16,17,0.14166666666666666,1.0,9,0.11661752630278105,0.11183050654299048
127,4,16,17,0.14166666666666666,1.0,11,0.0953397884130339,0.09142591907107755
127,4,16,17,0.14166666666666666,1.0,13,0.08063128077047163,0.07732117345176576
127,4,16,17,0.14166666666666666,1.0,15,0.06985578160205602,0.06698803054859934
127,4,16,17,0.14166666666666666,1.0,17,0.06162147784975934,0.05909176803467226
127,4,16,17,0.14166666666666666,1.0,19,0.05512408838925982,0.052861113842706885
128,4,16,17,0.14166666666666666,0.1,1,0.014606067083737316,0.013568451278713914
128,4,16,17,0.14166666666666666,0.1,3,0.004863984945919341,0.0045170845712906894
128,4,16,17,0.14166666666666666,0.1,5,0.002918119503375186,0.0027097917614850027
128,4,16,17,0.14166666666666666,0.1,7,0.0020843093942334305,0.0019354416585425902
128,4,16,17,0.14166666666666666,0.1,9,0.0016211072035456735,0.001505293331695519
128,4,16,17,0.14166666666666666,0.1,11,0.001326350132941281,0.001231578527352169
128,4,16,17,0.14166666666666666,0.1,13,0.0011222907371547226,0.001042090592709526
128,4,16,17,0.14166666666666666,0.1,15,0.0009726486872415925,0.0009031362594510502
128,4,16,17,0.14166666666666666,0.1,17,0.0008582173288912095,0.0007968790047437148
128,4,16,17,0.14166666666666666,0.1,19,0.0007678772418476918,0.0007129928642900952
128,4,16,17,0.14166666666666666,0.5,1,0.3377371415746732,0.31436554285809987
128,4,16,17,0.14166666666666666,0.5,3,0.11032620200294631,0.10285535000055705
128,4,16,17,0.14166666666666666,0.5,5,0.0660819248718007,0.061606755366527495
128,4,16,17,0.14166666666666666,0.5,7,0.04717690967455059,0.043980373620453574
128,4,16,17,0.14166666666666666,0.5,9,0.03668466297609436,0.03419801435529756
128,4,16,17,0.14166666666666666,0.5,11,0.030010938439936657,0.0279760296630337
128,4,16,17,0.14166666666666666,0.5,13,0.025391898022426147,0.023669775515795445
128,4,16,17,0.14166666666666666,0.5,15,0.022005168127478745,0.02051246114259634
128,4,16,17,0.14166666666666666,0.5,17,0.01941560895009658,0.018098366397896363
128,4,16,17,0.14166666666666666,0.5,19,0.01737138550287611,0.0161926884509487
128,4,16,17,0.14166666666666666,1.0,1,1.0563657819614032,0.992818111352178
128,4,16,17,0.14166666666666666,1.0,3,0.33262956814575284,0.316172262201775
128,4,16,17,0.14166666666666666,1.0,5,0.19865778028815909,0.18899012252364744
128,4,16,17,0.14166666666666666,1.0,7,0.14168395871435316,0.13482970206176573
128,4,16,17,0.14166666666666666,1.0,9,0.11011911288031519,0.10480769500026925
128,4,16,17,0.14166666666666666,1.0,11,0.09006003552989725,0.08572380796504296
128,4,16,17,0.14166666666666666,1.0,13,0.07618426148192821,0.07252039873165933
128,4,16,17,0.14166666666666666,1.0,15,0.06601409873454722,0.0628419529386287
128,4,16,17,0.14166666666666666,1.0,17,0.05823981132090474,0.05544295014307529
128,4,16,17,0.14166666666666666,1.0,19,0.052103900618891766,0.049602884554131865
129,4,16,17,0.14166666666666666,0.1,1,0.012848017369558509,0.011952238019337454
129,4,16,17,0.14166666666666666,0.1,3,0.004280248980002273,0.003973876159822605
129,4,16,17,0.14166666666666666,0.1,5,0.002568020374631586,0.0023834648434455214
129,4,16,17,0.14166666666666666,0.1,7,0.0018342725431804837,0.0017022380312386276
129,4,16,17,0.14166666666666666,0.1,9,0.001426646813871792,0.0013238659510093882
129,4,16,17,0.14166666666666666,0.1,11,0.0011672522023653694,0.001083114205158767
129,4,16,17,0.14166666666666666,0.1,13,0.000987672710159971,0.0009164532687296931
129,4,16,17,0.14166666666666666,0.1,15,0.0008559817232110181,0.0007942420004180264
129,4,16,17,0.14166666666666666,0.1,17,0.0007552771821990176,0.0007007901011970999
129,4,16,17,0.14166666666666666,0.1,19,0.0006757737840956861,0.0006270145617003949
129,4,16,17,0.14166666666666666,0.5,1,0.29954611733803826,0.2831987962256989
129,4,16,17,0.14166666666666666,0.5,3,0.09847989777273523,0.09086071347106595
129,4,16,17,0.14166666666666666,0.5,5,0.059021163847737694,0.05428615892425415
129,4,16,17,0.14166666666666666,0.5,7,0.04214466079598105,0.03872169147155309
129,4,16,17,0.14166666666666666,0.5,9,0.03277488720473372,0.0300968461459272
129,4,16,17,0.14166666666666666,0.5,11,0.026814028119754963,0.02461529865501079
129,4,16,17,0.14166666666666666,0.5,13,0.022687918001855555,0.02082322650283034
129,4,16,17,0.14166666666666666,0.5,15,0.01966238416963549,0.01804373351276855
129,4,16,17,0.14166666666666666,0.5,17,0.017348879271547626,0.015918965830357883
129,4,16,17,0.14166666666666666,0.5,19,0.015522502968885457,0.014241939720937949
129,4,16,17,0.14166666666666666,1.0,1,0.9648274496654072,0.9422001396887669
129,4,16,17,0.14166666666666666,1.0,3,0.3038790024598493,0.2757533699022107
129,4,16,17,0.14166666666666666,1.0,5,0.1811850063511218,0.16211422919324658
129,4,16,17,0.14166666666666666,1.0,7,0.12917550025819038,0.11500522961869644
129,4,16,17,0.14166666666666666,1.0,9,0.10038779838035412,0.08916349532315929
129,4,16,17,0.14166666666666666,1.0,11,0.08209978579001913,0.0728222466139767
129,4,16,17,0.14166666666666666,1.0,13,0.06945087909086671,0.061550365511618396
129,4,16,17,0.14166666666666666,1.0,15,0.060180452741171335,0.05330361899456739
129,4,16,17,0.14166666666666666,1.0,17,0.05309407011764995,0.047007376248428
129,4,16,17,0.14166666666666666,1.0,19,0.047501093928818475,0.042042398050881835
130,4,16,17,0.14166666666666666,0.1,1,0.013454373264032368,0.013113811129987153
130,4,16,17,0.14166666666666666,0.1,3,0.004480916453785016,0.0043606244629318764
130,4,16,17,0.14166666666666666,0.1,5,0.002688290105300657,0.002615316317389857
130,4,16,17,0.14166666666666666,0.1,7,0.0019201428762106864,0.0018677749372840045
130,4,16,17,0.14166666666666666,0.1,9,0.0014934197301480392,0.001452583880586376
130,4,16,17,0.14166666666666666,0.1,11,0.00122187693150088,0.0011884110258366118
130,4,16,17,0.14166666666666666,0.1,13,0.0010338892331077025,0.0010055398646278072
130,4,16,17,0.14166666666666666,0.1,15,0.0008960332834523993,0.0008714434579104119
130,4,16,17,0.14166666666666666,0.1,17,0.0007906149512733446,0.0007689043026506769
130,4,16,17,0.14166666666666666,0.1,19,0.0007073904967395238,0.0006879554728074444
130,4,16,17,0.14166666666666666,0.5,1,0.3159269229986326,0.3087116418140759
130,4,16,17,0.14166666666666666,0.5,3,0.10370663249292231,0.10035486916895667
130,4,16,17,0.14166666666666666,0.5,5,0.06212089335699316,0.06003682343574605
130,4,16,17,0.14166666666666666,0.5,7,0.04434766735761099,0.042837886546442674
130,4,16,17,0.14166666666666666,0.5,9,0.03448357012798422,0.03330032299232891
130,4,16,17,0.14166666666666666,0.5,11,0.0282095701229836,0.027236828989514204
130,4,16,17,0.14166666666666666,0.5,13,0.02386731845143992,0.023041531791981918
130,4,16,17,0.14166666666666666,0.5,15,0.020683616737876824,0.019966225993117138
130,4,16,17,0.14166666666666666,0.5,17,0.018249351142622286,0.017615208879833182
130,4,16,17,0.14166666666666666,0.5,19,0.01632775420704121,0.01575955251308136
130,4,16,17,0.14166666666666666,1.0,1,1.0394757013745886,0.9991236610778897
130,4,16,17,0.14166666666666666,1.0,3,0.3355704168476925,0.31006554109768175
130,4,16,17,0.14166666666666666,1.0,5,0.20020962188892213,0.18470426654548458
130,4,16,17,0.14166666666666666,1.0,7,0.1427171687982101,0.13160691014669856
130,4,16,17,0.14166666666666666,1.0,9,0.11088997823974073,0.10223676292601191
130,4,16,17,0.14166666666666666,1.0,11,0.0906738226151827,0.08358842171985727
130,4,16,17,0.14166666666666666,1.0,13,0.07669379373238493,0.07069544416114462
130,4,16,17,0.14166666666666666,1.0,15,0.06644949700531447,0.06124909163997545
130,4,16,17,0.14166666666666666,1.0,17,0.05861983303781875,0.05403003447959004
130,4,16,17,0.14166666666666666,1.0,19,0.05244100270804657,0.04833350494528789
131,4,16,17,0.14166666666666666,0.1,1,0.01519984690636834,0.015191507601671995
131,4,16,17,0.14166666666666666,0.1,3,0.005060847907004331,0.005044187661076626
131,4,16,17,0.14166666666666666,0.1,5,0.0030361574768362405,0.0030246386364950347
131,4,16,17,0.14166666666666666,0.1,7,0.002168601001418611,0.0021599185762414225
131,4,16,17,0.14166666666666666,0.1,9,0.0016866587994025543,0.0016797116939539273
131,4,16,17,0.14166666666666666,0.1,11,0.0013799789986524594,0.0013741946641740097
131,4,16,17,0.14166666666666666,0.1,13,0.0011676665864288986,0.0011627136524300142
131,4,16,17,0.14166666666666666,0.1,15,0.001011972916773663,0.0010076433231368663
131,4,16,17,0.14166666666666666,0.1,17,0.0008929141783620653,0.0008890690133206475
131,4,16,17,0.14166666666666666,0.1,19,0.0007989210938733925,0.0007954631047449844
131,4,16,17,0.14166666666666666,0.5,1,0.3479868686499405,0.35051369428376933
131,4,16,17,0.14166666666666666,0.5,3,0.11359634396612286,0.11192180834935603
131,4,16,17,0.14166666666666666,0.5,5,0.06805199420131113,0.06675520618449521
131,4,16,17,0.14166666666666666,0.5,7,0.048587037863709534,0.047575311347035756
131,4,16,17,0.14166666666666666,0.5,9,0.037782748299674936,0.036959921656901436
131,4,16,17,0.14166666666666666,0.5,11,0.030910067327205408,0.030218473072811954
131,4,16,17,0.14166666666666666,0.5,13,0.026153108662738435,0.025557287310679695
131,4,16,17,0.14166666666666666,0.5,15,0.022665144546961582,0.022142076296428066
131,4,16,17,0.14166666666666666,0.5,17,0.01999811692954359,0.019532105289425908
131,4,16,17,0.14166666666666666,0.5,19,0.0178927010303431,0.01747259656321611
131,4,16,17,0.14166666666666666,1.0,1,1.0662845564777181,1.0893104586589268
131,4,16,17,0.14166666666666666,1.0,3,0.34727883849930763,0.35521720687529673
131,4,16,17,0.14166666666666666,1.0,5,0.20820543225591406,0.21249205322522915
131,4,16,17,0.14166666666666666,1.0,7,0.14868193030578403,0.15155208334956674
131,4,16,17,0.14166666666666666,1.0,9,0.11562849610596439,0.11776801894533279
131,4,16,17,0.14166666666666666,1.0,11,0.09459919621898415,0.09629828026724514
131,4,16,17,0.14166666666666666,1.0,13,0.08004232695172486,0.08144867304678406
131,4,16,17,0.14166666666666666,1.0,15,0.0693681693309259,0.07056653602155463
131,4,16,17,0.14166666666666666,1.0,17,0.0612060399608433,0.062249335886311444
131,4,16,17,0.14166666666666666,1.0,19,0.054762517115437885,0.05568589030291609
132,4,16,17,0.14166666666666666,0.1,1,0.01340810157704153,0.013902682480581512
132,4,16,17,0.14166666666666666,0.1,3,0.0044666546747554724,0.004633959472729256
132,4,16,17,0.14166666666666666,0.1,5,0.00267986268612609,0.002780361819784902
132,4,16,17,0.14166666666666666,0.1,7,0.0019141620280227923,0.001985969980595206
132,4,16,17,0.14166666666666666,0.1,9,0.001488784493162394,0.0015446424368249097
132,4,16,17,0.14166666666666666,0.1,11,0.0012180930093398119,0.0012637979920013774
132,4,16,17,0.14166666666666666,0.1,13,0.0010306924330206791,0.0010693673537839029
132,4,16,17,0.14166666666666666,0.1,15,0.0008932658771121188,0.0009267849431748848
132,4,16,17,0.14166666666666666,0.1,17,0.0007881752442807883,0.0008177513633734388
132,4,16,17,0.14166666666666666,0.1,19,0.0007052090968128228,0.0007316722366743291
132,4,16,17,0.14166666666666666,0.5,1,0.3135839858653313,0.32395963853785514
132,4,16,17,0.14166666666666666,0.5,3,0.10312400047978011,0.10813996995494363
132,4,16,17,0.14166666666666666,0.5,5,0.06180773729223749,0.06487755925488514
132,4,16,17,0.14166666666666666,0.5,7,0.04413527814068718,0.0463391431576903
132,4,16,17,0.14166666666666666,0.5,9,0.034323245063453245,0.03604084317689489
132,4,16,17,0.14166666666666666,0.5,11,0.02808091849710114,0.029487651643653696
132,4,16,17,0.14166666666666666,0.5,13,0.023759932131136245,0.024950934328677704
132,4,16,17,0.14166666666666666,0.5,15,0.020591481696194482,0.021624057142116793
132,4,16,17,0.14166666666666666,0.5,17,0.01816868349227365,0.019079999212972116
132,4,16,17,0.14166666666666666,0.5,19,0.01625602051331547,0.0170715458910132
132,4,16,17,0.14166666666666666,1.0,1,1.0189162575029198,1.04337491417061
132,4,16,17,0.14166666666666666,1.0,3,0.32946962877869845,0.36040777355077064
132,4,16,17,0.14166666666666666,1.0,5,0.19708206354965885,0.21642127187505517
132,4,16,17,0.14166666666666666,1.0,7,0.14065137606191472,0.15453227418542292
132,4,16,17,0.14166666666666666,1.0,9,0.10935625216277348,0.12014707038985728
132,4,16,17,0.14166666666666666,1.0,11,0.08945696832907522,0.09827262730953677
132,4,16,17,0.14166666666666666,1.0,13,0.07568639349489938,0.08313415469762574
132,4,16,17,0.14166666666666666,1.0,15,0.06559053800700514,0.07203615108695635
132,4,16,17,0.14166666666666666,1.0,17,0.0578714448417315,0.06355177105073778
132,4,16,17,0.14166666666666666,1.0,19,0.051778107256968305,0.05685514207799228
133,4,16,17,0.14166666666666666,0.1,1,0.011487666838345683,0.01255459357627057
133,4,16,17,0.14166666666666666,0.1,3,0.003823944144508454,0.0041809040532058755
133,4,16,17,0.14166666666666666,0.1,5,0.0022939229544268296,0.0025083065584139267
133,4,16,17,0.14166666666666666,0.1,7,0.0016383944620176195,0.0017915926263070777
133,4,16,17,0.14166666666666666,0.1,9,0.0012742569090265277,0.0013934406826441991
133,4,16,17,0.14166666666666666,0.1,11,0.0010425487065048977,0.0011400783463792821
133,4,16,17,0.14166666666666666,0.1,13,0.000882142205592361,0.0009646765291351772
133,4,16,17,0.14166666666666666,0.1,15,0.0007645142455570628,0.0008360499033699074
133,4,16,17,0.14166666666666666,0.1,17,0.0006745653954025681,0.0007376890997376154
133,4,16,17,0.14166666666666666,0.1,19,0.0006035543158315956,0.000660036259492473
133,4,16,17,0.14166666666666666,0.5,1,0.27320044314110925,0.292815970109593
133,4,16,17,0.14166666666666666,0.5,3,0.089359063036254,0.09564487796338979
133,4,16,17,0.14166666666666666,0.5,5,0.0535137426550219,0.05729450624275622
133,4,16,17,0.14166666666666666,0.5,7,0.03819983666181798,0.04090583017020164
133,4,16,17,0.14166666666666666,0.5,9,0.029701870046869867,0.03180940365263413
133,4,16,17,0.14166666666666666,0.5,11,0.024297200644776792,0.026023198023476617
133,4,16,17,0.14166666666666666,0.5,13,0.020556793778679465,0.02201828065969643
133,4,16,17,0.14166666666666666,0.5,15,0.017814449998854898,0.019081751983068305
133,4,16,17,0.14166666666666666,0.5,17,0.01571769844284322,0.01683637845629003
133,4,16,17,0.14166666666666666,0.5,19,0.014062564079573502,0.015063829382138828
133,4,16,17,0.14166666666666666,1.0,1,0.9254439264256779,0.9439783459054308
133,4,16,17,0.14166666666666666,1.0,3,0.295980159760198,0.2922228430407554
133,4,16,17,0.14166666666666666,1.0,5,0.17714915603922948,0.17420978552724564
133,4,16,17,0.14166666666666666,1.0,7,0.12644571291650936,0.12419138666676328
133,4,16,17,0.14166666666666666,1.0,9,0.09831608956652675,0.09650821559696506
133,4,16,17,0.14166666666666666,1.0,11,0.08042683805247307,0.0789232400479182
133,4,16,17,0.14166666666666666,1.0,13,0.06804637942288051,0.0667613606851985
133,4,16,17,0.14166666666666666,1.0,15,0.05896940008072563,0.057848336770312724
133,4,16,17,0.14166666666666666,1.0,17,0.05202922799144228,0.051035441307709144
133,4,16,17,0.14166666666666666,1.0,19,0.04655073679474222,0.04565850334678307
134,4,16,17,0.14166666666666666,0.1,1,0.015837462828027383,0.01419253313102476
134,4,16,17,0.14166666666666666,0.1,3,0.005274289197329642,0.004720071228895725
134,4,16,17,0.14166666666666666,0.1,5,0.0031640219790261075,0.0028311838588261106
134,4,16,17,0.14166666666666666,0.1,7,0.002259849357455674,0.0020220429790057627
134,4,16,17,0.14166666666666666,0.1,9,0.0017575892479926843,0.0015726065925089077
134,4,16,17,0.14166666666666666,0.1,11,0.001437990567888939,0.0012866313869688817
134,4,16,17,0.14166666666666666,0.1,13,0.001216739637048056,0.001088661471396075
134,4,16,17,0.14166666666666666,0.1,15,0.0010544939769935992,0.0009434900254771232
134,4,16,17,0.14166666666666666,0.1,17,0.0009304266263649115,0.000832480180372484
134,4,16,17,0.14166666666666666,0.1,19,0.0008324804653215777,0.0007448429980006268
134,4,16,17,0.14166666666666666,0.5,1,0.36434533447820944,0.3327635439877823
134,4,16,17,0.14166666666666666,0.5,3,0.12083961969542888,0.1071556940941171
134,4,16,17,0.14166666666666666,0.5,5,0.07242937618666234,0.06406880316724348
134,4,16,17,0.14166666666666666,0.5,7,0.05171221697376525,0.04571107853262766
134,4,16,17,0.14166666666666666,0.5,9,0.04021060289431971,0.03553374395905301
134,4,16,17,0.14166666666666666,0.5,11,0.032894358673632065,0.02906401081935973
134,4,16,17,0.14166666666666666,0.5,13,0.02783062224102307,0.024587709216342145
134,4,16,17,0.14166666666666666,0.5,15,0.024117922083135623,0.021306398712096674
134,4,16,17,0.14166666666666666,0.5,17,0.021279202439960163,0.01879786158459946
134,4,16,17,0.14166666666666666,0.5,19,0.019038355578329825,0.016817844017960496
134,4,16,17,0.14166666666666666,1.0,1,1.1158107612480244,1.071673917865824
134,4,16,17,0.14166666666666666,1.0,3,0.3736203675033295,0.32554891225786925
134,4,16,17,0.14166666666666666,1.0,5,0.2239001474237425,0.19342318272998868
134,4,16,17,0.14166666666666666,1.0,7,0.15980830680459615,0.13773838719763107
134,4,16,17,0.14166666666666666,1.0,9,0.124235481352305,0.10698061533311173
134,4,16,17,0.14166666666666666,1.0,11,0.10161358486192194,0.08746180220985915
134,4,16,17,0.14166666666666666,1.0,13,0.08596006410453992,0.07397023923234922
134,4,16,17,0.14166666666666666,1.0,15,0.07448515181582227,0.06408643785522555
134,4,16,17,0.14166666666666666,1.0,17,0.065712813381745,0.05653348031526828
134,4,16,17,0.14166666666666666,1.0,19,0.058788926947830014,0.050573610549339974
135,4,16,17,0.14166666666666666,0.1,1,0.010664834944375855,0.013946113014071563
135,4,16,17,0.14166666666666666,0.1,3,0.003545720262317343,0.004641459760179305
135,4,16,17,0.14166666666666666,0.1,5,0.0021269654039229135,0.0027845280801377585
135,4,16,17,0.14166666666666666,0.1,7,0.0015191685955021634,0.0019888801881533013
135,4,16,17,0.14166666666666666,0.1,9,0.001181545941783189,0.001546884906983053
135,4,16,17,0.14166666666666666,0.1,11,0.0009667071240923339,0.001265624033041086
135,4,16,17,0.14166666666666666,0.1,13,0.0008179769709257383,0.0010709082280178136
135,4,16,17,0.14166666666666666,0.1,15,0.000708910122183095,0.0009281180634306493
135,4,16,17,0.14166666666666666,0.1,17,0.0006255070129810805,0.0008189262872758433
135,4,16,17,0.14166666666666666,0.1,19,0.0005596629658532774,0.0007327226319760162
135,4,16,17,0.14166666666666666,0.5,1,0.2553096718618256,0.3222485728697065
135,4,16,17,0.14166666666666666,0.5,3,0.08153879195746022,0.10326588281625246
135,4,16,17,0.14166666666666666,0.5,5,0.048711704564348084,0.061759227174294155
135,4,16,17,0.14166666666666666,0.5,7,0.034748330315765526,0.044074307377396676
135,4,16,17,0.14166666666666666,0.5,9,0.02701120347312195,0.03426739684762056
135,4,16,17,0.14166666666666666,0.5,11,0.02209360910869488,0.02803173420803808
135,4,16,17,0.14166666666666666,0.5,13,0.018691405574596073,0.023716615966815298
135,4,16,17,0.14166666666666666,0.5,15,0.016197471764163914,0.02055301732422321
135,4,16,17,0.14166666666666666,0.5,17,0.014290851673396771,0.018134199635983304
135,4,16,17,0.14166666666666666,0.5,19,0.012785899719102177,0.016224824801149344
135,4,16,17,0.14166666666666666,1.0,1,0.8751148923987836,1.007136737140625
135,4,16,17,0.14166666666666666,1.0,3,0.2757868803725779,0.2878741532916236
135,4,16,17,0.14166666666666666,1.0,5,0.16538077509719595,0.17023605281857826
135,4,16,17,0.14166666666666666,1.0,7,0.11812036442038973,0.12110275299686724
135,4,16,17,0.14166666666666666,1.0,9,0.09186945090281852,0.09403222819090305
135,4,16,17,0.14166666666666666,1.0,11,0.07516526363836518,0.07686958337695694
135,4,16,17,0.14166666666666666,1.0,13,0.06360109971271746,0.06501140594428739
135,4,16,17,0.14166666666666666,1.0,15,0.05512081505957922,0.05632576144549376
135,4,16,17,0.14166666666666666,1.0,17,0.04863593670626708,0.0496889034996934
135,4,16,17,0.14166666666666666,1.0,19,0.043516318430035054,0.04445203057093626
136,4,16,17,0.14166666666666666,0.1,1,0.013220034010186805,0.01463155083627066
136,4,16,17,0.14166666666666666,0.1,3,0.004404733106224694,0.0048741320422505535
136,4,16,17,0.14166666666666666,0.1,5,0.002642746727016209,0.00292433277421852
136,4,16,17,0.14166666666666666,0.1,7,0.0018876579089766674,0.0020887803043384964
136,4,16,17,0.14166666666666666,0.1,9,0.0014681725088290197,0.001624597678880049
136,4,16,17,0.14166666666666666,0.1,11,0.0012012296237630157,0.0013292124622877343
136,4,16,17,0.14166666666666666,0.1,13,0.0010164238842146186,0.0011247163780593215
136,4,16,17,0.14166666666666666,0.1,15,0.0008809000569177534,0.0009747531833386026
136,4,16,17,0.14166666666666666,0.1,17,0.0007772643770917652,0.0008600757420794972
136,4,16,17,0.14166666666666666,0.1,19,0.0006954468364616398,0.0007695410794254003
136,4,16,17,0.14166666666666666,0.5,1,0.30691442108590095,0.3379138672571074
136,4,16,17,0.14166666666666666,0.5,3,0.1012440421378071,0.11092967961100769
136,4,16,17,0.14166666666666666,0.5,5,0.060698411195650795,0.06647569595479386
136,4,16,17,0.14166666666666666,0.5,7,0.043346609064995434,0.047466481622127354
136,4,16,17,0.14166666666666666,0.5,9,0.03371102575927728,0.03691320283665032
136,4,16,17,0.14166666666666666,0.5,11,0.027580505283151393,0.030199569483334472
136,4,16,17,0.14166666666666666,0.5,13,0.02333674589510136,0.025552439476852037
136,4,16,17,0.14166666666666666,0.5,15,0.020224851025285717,0.02214488074349485
136,4,16,17,0.14166666666666666,0.5,17,0.0178452629540479,0.01953926641900583
136,4,16,17,0.14166666666666666,0.5,19,0.01596669262902134,0.01748229184307586
136,4,16,17,0.14166666666666666,1.0,1,0.975967925133703,1.0573195912939015
136,4,16,17,0.14166666666666666,1.0,3,0.3154783690364177,0.3324486009301844
136,4,16,17,0.14166666666666666,1.0,5,0.18889739840307318,0.19840262683827056
136,4,16,17,0.14166666666666666,1.0,7,0.13485091667318636,0.14150535437248984
136,4,16,17,0.14166666666666666,1.0,9,0.10485986648642188,0.10999216615193246
136,4,16,17,0.14166666666666666,1.0,11,0.08578443621520601,0.08996559821607762
136,4,16,17,0.14166666666666666,1.0,13,0.07258196767390636,0.0761111105944454
136,4,16,17,0.14166666666666666,1.0,15,0.06290172890815113,0.06595555201007809
136,4,16,17,0.14166666666666666,1.0,17,0.05549996735972496,0.05819170498215905
136,4,16,17,0.14166666666666666,1.0,19,0.049656888188925934,0.0520635203664814
137,4,16,17,0.14166666666666666,0.1,1,0.014982619528793402,0.01415986352777257
137,4,16,17,0.14166666666666666,0.1,3,0.004989727609424652,0.004710618358643438
137,4,16,17,0.14166666666666666,0.1,5,0.002993548800670455,0.002825557080882967
137,4,16,17,0.14166666666666666,0.1,7,0.002138178971036849,0.0020180282458694392
137,4,16,17,0.14166666666666666,0.1,9,0.0016630013655372696,0.001569484031153549
137,4,16,17,0.14166666666666666,0.1,11,0.0013606246598966622,0.0012840759935033798
137,4,16,17,0.14166666666666666,0.1,13,0.001151290699339297,0.001086498659409965
137,4,16,17,0.14166666666666666,0.1,15,0.000997780956241468,0.0009416151351260964
137,4,16,17,0.14166666666666666,0.1,17,0.0008803921442368999,0.0008308255091507918
137,4,16,17,0.14166666666666666,0.1,19,0.0007877173492121073,0.0007433622235048568
137,4,16,17,0.14166666666666666,0.5,1,0.34494028292060946,0.33183075776127585
137,4,16,17,0.14166666666666666,0.5,3,0.11318034413279882,0.10797196142756339
137,4,16,17,0.14166666666666666,0.5,5,0.06781510021418509,0.0646285198981569
137,4,16,17,0.14166666666666666,0.5,7,0.04841947752697689,0.04612644984819762
137,4,16,17,0.14166666666666666,0.5,9,0.03765279771816947,0.03586235559826164
137,4,16,17,0.14166666666666666,0.5,11,0.030803850017705994,0.02933540219608305
137,4,16,17,0.14166666666666666,0.5,13,0.026063263222566437,0.024818690159801957
137,4,16,17,0.14166666666666666,0.5,15,0.022587284787086662,0.021507372912312014
137,4,16,17,0.14166666666666666,0.5,17,0.019929415002708763,0.01897569397912537
137,4,16,17,0.14166666666666666,0.5,19,0.01783122599660918,0.016977294838793903
137,4,16,17,0.14166666666666666,1.0,1,1.0757657065286494,1.0650697378001994
137,4,16,17,0.14166666666666666,1.0,3,0.34614329152663237,0.3349220001970589
137,4,16,17,0.14166666666666666,1.0,5,0.20630128713470972,0.20020957728671848
137,4,16,17,0.14166666666666666,1.0,7,0.14701037555584626,0.14283667779629827
137,4,16,17,0.14166666666666666,1.0,9,0.11420904986398228,0.11103300934822055
137,4,16,17,0.14166666666666666,1.0,11,0.09338061262223793,0.0908162752383421
137,4,16,17,0.14166666666666666,1.0,13,0.07897965332392144,0.07682894615015932
137,4,16,17,0.14166666666666666,1.0,15,0.06842802061079253,0.06657578469155595
137,4,16,17,0.14166666666666666,1.0,17,0.06036402217508393,0.05873737151794909
137,4,16,17,0.14166666666666666,1.0,19,0.054000573014158226,0.05255044448525975
138,4,16,17,0.14166666666666666,0.1,1,0.01839452577982147,0.013543593015221516
138,4,16,17,0.14166666666666666,0.1,3,0.00612520674306596,0.004505363060868238
138,4,16,17,0.14166666666666666,0.1,5,0.003674751442072254,0.0027022883846598705
138,4,16,17,0.14166666666666666,0.1,7,0.0026247361267103695,0.0019299335495848184
138,4,16,17,0.14166666666666666,0.1,9,0.0020414297123101696,0.0015009441297155718
138,4,16,17,0.14166666666666666,0.1,11,0.0016702458568532863,0.0012279859013211293
138,4,16,17,0.14166666666666666,0.1,13,0.0014132769306469492,0.0010390305411217856
138,4,16,17,0.14166666666666666,0.1,15,0.0012248352010578113,0.0009004713667232848
138,4,16,17,0.14166666666666666,0.1,17,0.001080733848197451,0.0007945189346581832
138,4,16,17,0.14166666666666666,0.1,19,0.0009669702864053153,0.0007108750675857943
138,4,16,17,0.14166666666666666,0.5,1,0.4163346169565019,0.3155460482623582
138,4,16,17,0.14166666666666666,0.5,3,0.13616992148594942,0.10335459973448927
138,4,16,17,0.14166666666666666,0.5,5,0.08158465205746032,0.061893077393077665
138,4,16,17,0.14166666666666666,0.5,7,0.05825064997807041,0.04417738129943284
138,4,16,17,0.14166666666666666,0.5,9,0.04529797163081551,0.0343472430222891
138,4,16,17,0.14166666666666666,0.5,11,0.03705846650599916,0.02809580548204397
138,4,16,17,0.14166666666666666,0.5,13,0.03135537707283149,0.023769671435662217
138,4,16,17,0.14166666666666666,0.5,15,0.027173645615790765,0.020598071514127375
138,4,16,17,0.14166666666666666,0.5,17,0.023976122549601086,0.018173231378056282
138,4,16,17,0.14166666666666666,0.5,19,0.021451913051598888,0.016259185128186724
138,4,16,17,0.14166666666666666,1.0,1,1.2302838952489685,1.0035714397780642
138,4,16,17,0.14166666666666666,1.0,3,0.40435102338206913,0.33003835290895034
138,4,16,17,0.14166666666666666,1.0,5,0.24263976058408407,0.19818262573196294
138,4,16,17,0.14166666666666666,1.0,7,0.1733147833265879,0.14160602350452642
138,4,16,17,0.14166666666666666,1.0,9,0.13479780187027607,0.11015479364334498
138,4,16,17,0.14166666666666666,1.0,11,0.1102867755727463,0.09013319517880722
138,4,16,17,0.14166666666666666,1.0,13,0.09331781157028105,0.07626957595129331
138,4,16,17,0.14166666666666666,1.0,15,0.08087412886739224,0.06610186913449781
138,4,16,17,0.14166666666666666,1.0,17,0.07135854907383493,0.05832606402422955
138,4,16,17,0.14166666666666666,1.0,19,0.06384638135587727,0.05218701015540695
139,4,16,17,0.14166666666666666,0.1,1,0.012820780964761134,0.012245125988963015
139,4,16,17,0.14166666666666666,0.1,3,0.004271387214394795,0.004077443603954081
139,4,16,17,0.14166666666666666,0.1,5,0.0025627261950255937,0.0024462612472782343
139,4,16,17,0.14166666666666666,0.1,7,0.0018304978202021958,0.0017472891329227782
139,4,16,17,0.14166666666666666,0.1,9,0.001423713839918386,0.0013589897502310942
139,4,16,17,0.14166666666666666,0.1,11,0.0011648540085763268,0.0011118953583678104
139,4,16,17,0.14166666666666666,0.1,13,0.0009856443517120245,0.000940831932109444
139,4,16,17,0.14166666666666666,0.1,15,0.0008542243719121368,0.0008153862597011505
139,4,16,17,0.14166666666666666,0.1,17,0.0007537269547923725,0.0007194576301522686
139,4,16,17,0.14166666666666666,0.1,19,0.0006743870041982317,0.0006437247246172277
139,4,16,17,0.14166666666666666,0.5,1,0.29967964531061697,0.28766724172166785
139,4,16,17,0.14166666666666666,0.5,3,0.0986362537312143,0.09341486422265555
139,4,16,17,0.14166666666666666,0.5,5,0.059117864352502866,0.05592700960963485
139,4,16,17,0.14166666666666666,0.5,7,0.04221440648957591,0.03992381937550428
139,4,16,17,0.14166666666666666,0.5,9,0.03282937518896939,0.03104415826307275
139,4,16,17,0.14166666666666666,0.5,11,0.026858718476110904,0.025396575338612396
139,4,16,17,0.14166666666666666,0.5,13,0.022725790329826554,0.02148785695203891
139,4,16,17,0.14166666666666666,0.5,15,0.01969524027493088,0.01862196485860262
139,4,16,17,0.14166666666666666,0.5,17,0.01737789092473127,0.016430647441299195
139,4,16,17,0.14166666666666666,0.5,19,0.015548474699193198,0.014700793148897131
139,4,16,17,0.14166666666666666,1.0,1,0.9733858537808278,0.9425807443309158
139,4,16,17,0.14166666666666666,1.0,3,0.3099853888937394,0.283160835363128
139,4,16,17,0.14166666666666666,1.0,5,0.18505862520820135,0.16818022880140934
139,4,16,17,0.14166666666666666,1.0,7,0.13199715640088955,0.11978751310097853
139,4,16,17,0.14166666666666666,1.0,9,0.10260402720517094,0.0930585100072467
139,4,16,17,0.14166666666666666,1.0,11,0.08392365202766358,0.07609334512115982
139,4,16,17,0.14166666666666666,1.0,13,0.07100008874947997,0.064364548716014
139,4,16,17,0.14166666666666666,1.0,15,0.06152675309454255,0.05577057159380171
139,4,16,17,0.14166666666666666,1.0,17,0.05428438368059872,0.049202227655220095
139,4,16,17,0.14166666666666666,1.0,19,0.04856777285411643,0.04401859049843848
140,4,16,17,0.14166666666666666,0.1,1,0.014153057622089174,0.014805457027795727
140,4,16,17,0.14166666666666666,0.1,3,0.004712577874175064,0.004918658746259746
140,4,16,17,0.14166666666666666,0.1,5,0.002827210779083269,0.002949696665303727
140,4,16,17,0.14166666666666666,0.1,7,0.00201935387258116,0.002106502159533028
140,4,16,17,0.14166666666666666,0.1,9,0.0015705771017250575,0.0016382143377873333
140,4,16,17,0.14166666666666666,0.1,11,0.001285002507411143,0.0013402675554909263
140,4,16,17,0.14166666666666666,0.1,13,0.0010873014429917014,0.0011340208614480378
140,4,16,17,0.14166666666666666,0.1,15,0.0009423228167279595,0.0009827856002331378
140,4,16,17,0.14166666666666666,0.1,17,0.0008314579780816406,0.0008671420355840682
140,4,16,17,0.14166666666666666,0.1,19,0.000743933793559582,0.0007758486794961934
140,4,16,17,0.14166666666666666,0.5,1,0.3279089777173094,0.3439988019140117
140,4,16,17,0.14166666666666666,0.5,3,0.10701030002171939,0.11038331910328834
140,4,16,17,0.14166666666666666,0.5,5,0.06406432221505347,0.06597697374503814
140,4,16,17,0.14166666666666666,0.5,7,0.04572619251744242,0.04706376432854085
140,4,16,17,0.14166666666666666,0.5,9,0.03555202731012218,0.03658094097185106
140,4,16,17,0.14166666666666666,0.5,11,0.029081952862710377,0.029918111023075174
140,4,16,17,0.14166666666666666,0.5,13,0.024604479457772065,0.02530876816543195
140,4,16,17,0.14166666666666666,0.5,15,0.021321871376929234,0.021930244938912328
140,4,16,17,0.14166666666666666,0.5,17,0.018812111494722762,0.019347576496499368
140,4,16,17,0.14166666666666666,0.5,19,0.016830996581960713,0.017309165012845556
140,4,16,17,0.14166666666666666,1.0,1,1.0469152161090345,1.0725789965854682
140,4,16,17,0.14166666666666666,1.0,3,0.33165854767205954,0.3320072729351774
140,4,16,17,0.14166666666666666,1.0,5,0.19752717303588083,0.19825465835639233
140,4,16,17,0.14166666666666666,1.0,7,0.14066068627897546,0.14140948650660895
140,4,16,17,0.14166666666666666,1.0,9,0.10922054637671977,0.1099151766911903
140,4,16,17,0.14166666666666666,1.0,11,0.08926853860822151,0.08989913369895715
140,4,16,17,0.14166666666666666,1.0,13,0.07548046777490171,0.07605194561257993
140,4,16,17,0.14166666666666666,1.0,15,0.0653820110144928,0.06590200315003727
140,4,16,17,0.14166666666666666,1.0,17,0.05766691147276036,0.058142710487782676
140,4,16,17,0.14166666666666666,1.0,19,0.05158045525672728,0.05201833237896152
141,4,16,17,0.14166666666666666,0.1,1,0.01494538813560865,0.01474873470789095
141,4,16,17,0.14166666666666666,0.1,3,0.004973204560817463,0.0049036904225634986
141,4,16,17,0.14166666666666666,0.1,5,0.0029833304802162203,0.0029412193082546255
141,4,16,17,0.14166666666666666,0.1,7,0.0021308009417909724,0.0021006040443045295
141,4,16,17,0.14166666666666666,0.1,9,0.001657231498396256,0.001633695443995336
141,4,16,17,0.14166666666666666,0.1,11,0.0013558883757986409,0.001336606155133697
141,4,16,17,0.14166666666666666,0.1,13,0.0011472743380764355,0.0011309438463286059
141,4,16,17,0.14166666666666666,0.1,15,0.0009942947081809804,0.000980132294281365
141,4,16,17,0.14166666666666666,0.1,17,0.0008773124743143471,0.0008648099697475778
141,4,16,17,0.14166666666666666,0.1,19,0.0007849593759106183,0.000773768522400749
141,4,16,17,0.14166666666666666,0.5,1,0.3436261496173482,0.34158118933999176
141,4,16,17,0.14166666666666666,0.5,3,0.11108232759632938,0.10935755866248657
141,4,16,17,0.14166666666666666,0.5,5,0.06646951623312734,0.06532392099326079
141,4,16,17,0.14166666666666666,0.5,7,0.047438166783658565,0.046589599138950236
141,4,16,17,0.14166666666666666,0.5,9,0.036882020690143694,0.036209757429272856
141,4,16,17,0.14166666666666666,0.5,11,0.030169638773780726,0.029613480508574805
141,4,16,17,0.14166666666666666,0.5,13,0.02552465998439539,0.02505058036235121
141,4,16,17,0.14166666666666666,0.5,15,0.022119306332637163,0.021706270463191513
141,4,16,17,0.14166666666666666,0.5,17,0.01951571985624994,0.01914983859268089
141,4,16,17,0.14166666666666666,0.5,19,0.01746054763603391,0.017132177916927196
141,4,16,17,0.14166666666666666,1.0,1,1.0645057735039025,1.080060530470635
141,4,16,17,0.14166666666666666,1.0,3,0.3370097696273706,0.3288211813094684
141,4,16,17,0.14166666666666666,1.0,5,0.2017068168945032,0.19561452576306113
141,4,16,17,0.14166666666666666,1.0,7,0.14395930338705917,0.13932853238691886
141,4,16,17,0.14166666666666666,1.0,9,0.11192337193192962,0.10821644920023062
141,4,16,17,0.14166666666666666,1.0,11,0.09155175517638219,0.08846854481127822
141,4,16,17,0.14166666666666666,1.0,13,0.0774545733673552,0.07481794840297037
141,4,16,17,0.14166666666666666,1.0,15,0.06711971413118348,0.06481775123257233
141,4,16,17,0.14166666666666666,1.0,17,0.0592182739443569,0.05717610948234526
141,4,16,17,0.14166666666666666,1.0,19,0.052981297767749555,0.05114651644218043
142,4,16,17,0.14166666666666666,0.1,1,0.012359358726660068,0.011665293908914966
142,4,16,17,0.14166666666666666,0.1,3,0.004117205565668723,0.0038847116656531375
142,4,16,17,0.14166666666666666,0.1,5,0.0024701971707967083,0.0023306469710884584
142,4,16,17,0.14166666666666666,0.1,7,0.0017644016755585053,0.001664712380082476
142,4,16,17,0.14166666666666666,0.1,9,0.001372304447984889,0.0012947649442323437
142,4,16,17,0.14166666666666666,0.1,11,0.0011227912481711227,0.0010593484343679573
142,4,16,17,0.14166666666666666,0.1,13,0.0009500525267774737,0.000896369463830379
142,4,16,17,0.14166666666666666,0.1,15,0.0008233779830468793,0.0007768522909907014
142,4,16,17,0.14166666666666666,0.1,17,0.000726509469925227,0.0006854571700321841
142,4,16,17,0.14166666666666666,0.1,19,0.0006500344657018474,0.0006133033233494122
142,4,16,17,0.14166666666666666,0.5,1,0.29107467947072735,0.2806540250755312
142,4,16,17,0.14166666666666666,0.5,3,0.0957417784178664,0.09180881949859312
142,4,16,17,0.14166666666666666,0.5,5,0.05735894598434669,0.05498882851943661
142,4,16,17,0.14166666666666666,0.5,7,0.04095214042174783,0.03925845934425771
142,4,16,17,0.14166666666666666,0.5,9,0.03184551318953777,0.030528158492302535
142,4,16,17,0.14166666666666666,0.5,11,0.02605282626077338,0.02497501155238222
142,4,16,17,0.14166666666666666,0.5,13,0.022043424236978207,0.02113144866957125
142,4,16,17,0.14166666666666666,0.5,15,0.019103603502609437,0.018313240183182002
142,4,16,17,0.14166666666666666,0.5,17,0.016855707767463278,0.016158339000964653
142,4,16,17,0.14166666666666666,0.5,19,0.01508116293269071,0.014457208724382166
142,4,16,17,0.14166666666666666,1.0,1,0.9643152211071564,0.9705989049853307
142,4,16,17,0.14166666666666666,1.0,3,0.30890838980965846,0.3113269830844915
142,4,16,17,0.14166666666666666,1.0,5,0.18400396915105902,0.18602291268759627
142,4,16,17,0.14166666666666666,1.0,7,0.13108651158708337,0.13272487699832072
142,4,16,17,0.14166666666666666,1.0,9,0.10182233710119949,0.10318337969670574
142,4,16,17,0.14166666666666666,1.0,11,0.08324453220555068,0.08440336519794915
142,4,16,17,0.14166666666666666,1.0,13,0.07040191667504002,0.07140881737441489
142,4,16,17,0.14166666666666666,1.0,15,0.06099330630359661,0.0618825312218974
142,4,16,17,0.14166666666666666,1.0,17,0.05380357026056899,0.05459922319783958
142,4,16,17,0.14166666666666666,1.0,19,0.048130464483526376,0.04885004947353821
143,4,16,17,0.14166666666666666,0.1,1,0.01415697678349994,0.01385616479764873
143,4,16,17,0.14166666666666666,0.1,3,0.004710963753976446,0.004613391934065461
143,4,16,17,0.14166666666666666,0.1,5,0.002825962024359127,0.002767747395459446
143,4,16,17,0.14166666666666666,0.1,7,0.0020183812964165685,0.001976900031564085
143,4,16,17,0.14166666666666666,0.1,9,0.001569786875413012,0.0015375671383103715
143,4,16,17,0.14166666666666666,0.1,11,0.0012843386928352621,0.0012579997175965795
143,4,16,17,0.14166666666666666,0.1,13,0.0010867297635204897,0.0010644561911570217
143,4,16,17,0.14166666666666666,0.1,15,0.0009418210678259005,0.0009225257266688233
143,4,16,17,0.14166666666666666,0.1,17,0.0008310110403013312,0.0008139914208820562
143,4,16,17,0.14166666666666666,0.1,19,0.0007435309377443319,0.0007283068700786488
143,4,16,17,0.14166666666666666,0.5,1,0.3290996384841125,0.3227889005455099
143,4,16,17,0.14166666666666666,0.5,3,0.10668275239803045,0.10477762299765403
143,4,16,17,0.14166666666666666,0.5,5,0.06381590428282367,0.06272058999152308
143,4,16,17,0.14166666666666666,0.5,7,0.045535124655606725,0.044769883337249836
143,4,16,17,0.14166666666666666,0.5,9,0.035397987166140385,0.03481068397509841
143,4,16,17,0.14166666666666666,0.5,11,0.02895323149236944,0.028476957836056513
143,4,16,17,0.14166666666666666,0.5,13,0.024494040529558912,0.024093580916565858
143,4,16,17,0.14166666666666666,0.5,15,0.02122521553050923,0.020879789050017104
143,4,16,17,0.14166666666666666,0.5,17,0.018726203613533398,0.018422532734184132
143,4,16,17,0.14166666666666666,0.5,19,0.016753698138866884,0.016482788043437852
143,4,16,17,0.14166666666666666,1.0,1,1.0463010557318624,1.042036256009605
143,4,16,17,0.14166666666666666,1.0,3,0.32480805166858273,0.3191096418377253
143,4,16,17,0.14166666666666666,1.0,5,0.19292150786415516,0.1900814421423247
143,4,16,17,0.14166666666666666,1.0,7,0.13724059569742056,0.135482553346276
143,4,16,17,0.14166666666666666,1.0,9,0.10650907052138975,0.10527541842917751
143,4,16,17,0.14166666666666666,1.0,11,0.08702487995478993,0.08608995820768245
143,4,16,17,0.14166666666666666,1.0,13,0.07356787071054273,0.0728221702304883
143,4,16,17,0.14166666666666666,1.0,15,0.06371574651905221,0.06309910351433633
143,4,16,17,0.14166666666666666,1.0,17,0.05619097025897447,0.055667254602924654
143,4,16,17,0.14166666666666666,1.0,19,0.05025592707105776,0.04980194559631549
144,4,16,17,0.14166666666666666,0.1,1,0.01190003593464629,0.014983615281327618
144,4,16,17,0.14166666666666666,0.1,3,0.0039633893267603,0.004984762135225564
144,4,16,17,0.14166666666666666,0.1,5,0.002377841396796966,0.002989890904543251
144,4,16,17,0.14166666666666666,0.1,7,0.00169841408862721,0.002135355621649228
144,4,16,17,0.14166666666666666,0.1,9,0.001320972683759675,0.00166071388766365
144,4,16,17,0.14166666666666666,0.1,11,0.0010807883825307253,0.0013587052599527579
144,4,16,17,0.14166666666666666,0.1,13,0.0009145092328662121,0.001149638511156057
144,4,16,17,0.14166666666666666,0.1,15,0.0007925722752313987,0.0009963311846514884
144,4,16,17,0.14166666666666666,0.1,17,0.0006993269428215589,0.0008791008586594446
144,4,16,17,0.14166666666666666,0.1,19,0.000625712539460265,0.0007865534509711409
144,4,16,17,0.14166666666666666,0.5,1,0.280649762988704,0.34617265742727144
144,4,16,17,0.14166666666666666,0.5,3,0.09195573402808992,0.11307210367194248
144,4,16,17,0.14166666666666666,0.5,5,0.055092705736422914,0.06767513159605999
144,4,16,17,0.14166666666666666,0.5,7,0.039335165933259295,0.04829585984034699
144,4,16,17,0.14166666666666666,0.5,9,0.030588374465856456,0.03754624509094697
144,4,16,17,0.14166666666666666,0.5,11,0.025024400785339317,0.030711187056085634
144,4,16,17,0.14166666666666666,0.5,13,0.02117324504077553,0.025981616734134835
144,4,16,17,0.14166666666666666,0.5,15,0.018349437261481773,0.02251445295526187
144,4,16,17,0.14166666666666666,0.5,17,0.01619024459253346,0.019863747260455648
144,4,16,17,0.14166666666666666,0.5,19,0.01448572418001529,0.017771474951169767
144,4,16,17,0.14166666666666666,1.0,1,0.9373728938318479,1.0728706553366647
144,4,16,17,0.14166666666666666,1.0,3,0.2985288629090255,0.3436994898314033
144,4,16,17,0.14166666666666666,1.0,5,0.1784550255262066,0.2053293080964508
144,4,16,17,0.14166666666666666,1.0,7,0.1273262019163574,0.14644075441414506
144,4,16,17,0.14166666666666666,1.0,9,0.09898255217806982,0.11381218716792768
144,4,16,17,0.14166666666666666,1.0,11,0.08096401329439584,0.09307732078531254
144,4,16,17,0.14166666666666666,1.0,13,0.06849675774128784,0.0787344911603677
144,4,16,17,0.14166666666666666,1.0,15,0.05935736899873598,0.0682223340079476
144,4,16,17,0.14166666666666666,1.0,17,0.05237010811057662,0.0601868544649475
144,4,16,17,0.14166666666666666,1.0,19,0.046854795804435106,0.053844961925802924
145,4,16,17,0.14166666666666666,0.1,1,0.014233759165617676,0.012528614371588732
145,4,16,17,0.14166666666666666,0.1,3,0.004741304643520694,0.004166759414789354
145,4,16,17,0.14166666666666666,0.1,5,0.002844090995566315,0.0024989864621156304
145,4,16,17,0.14166666666666666,0.1,7,0.0020312599139078566,0.0017846675709754453
145,4,16,17,0.14166666666666666,0.1,9,0.0015797634432950973,0.0013879362274340395
145,4,16,17,0.14166666666666666,0.1,11,0.00129247751527525,0.0011355123264146232
145,4,16,17,0.14166666666666666,0.1,13,0.001093601373806327,0.000960776134186595
145,4,16,17,0.14166666666666666,0.1,15,0.0009477663663206636,0.0008326460121066346
145,4,16,17,0.14166666666666666,0.1,17,0.0008362498223130842,0.0007346697086554458
145,4,16,17,0.14166666666666666,0.1,19,0.0007482131346121309,0.0006573233897230492
145,4,16,17,0.14166666666666666,0.5,1,0.3345091300514876,0.2978034426315755
145,4,16,17,0.14166666666666666,0.5,3,0.11342798945739042,0.0980548661504861
145,4,16,17,0.14166666666666666,0.5,5,0.06810387044977333,0.05871138761073368
145,4,16,17,0.14166666666666666,0.5,7,0.048645151455836096,0.041899350125841575
145,4,16,17,0.14166666666666666,0.5,9,0.03783190167437854,0.03257217303700328
145,4,16,17,0.14166666666666666,0.5,11,0.030950782678577513,0.02664149459961689
145,4,16,17,0.14166666666666666,0.5,13,0.026187252415182438,0.022537833868321436
145,4,16,17,0.14166666666666666,0.5,15,0.022694270228231436,0.01952962625758238
145,4,16,17,0.14166666666666666,0.5,17,0.02002336603263384,0.017229886396192617
145,4,16,17,0.14166666666666666,0.5,19,0.017914900068738273,0.0154147033972404
145,4,16,17,0.14166666666666666,1.0,1,1.0695994483884717,0.996160815174079
145,4,16,17,0.14166666666666666,1.0,3,0.39619209607922534,0.3324744642269667
145,4,16,17,0.14166666666666666,1.0,5,0.23942110960715116,0.19930413061613544
145,4,16,17,0.14166666666666666,1.0,7,0.17128237712772254,0.14224476540299022
145,4,16,17,0.14166666666666666,1.0,9,0.13328447488076395,0.11057270162738994
145,4,16,17,0.14166666666666666,1.0,11,0.10906943928324618,0.09043248642282799
145,4,16,17,0.14166666666666666,1.0,13,0.09229452323865399,0.07649721074925483
145,4,16,17,0.14166666666666666,1.0,15,0.07998914284429502,0.06628257674885181
145,4,16,17,0.14166666666666666,1.0,17,0.07057771545978056,0.05847417314613276
145,4,16,17,0.14166666666666666,1.0,19,0.06314709994001647,0.05231143319540811
146,4,16,17,0.14166666666666666,0.1,1,0.014162625183004374,0.013772926910535856
146,4,16,17,0.14166666666666666,0.1,3,0.004713099248876805,0.004582588094641409
146,4,16,17,0.14166666666666666,0.1,5,0.002827221819487253,0.002748821870492275
146,4,16,17,0.14166666666666666,0.1,7,0.0020192704875586394,0.001963241093933653
146,4,16,17,0.14166666666666666,0.1,9,0.001570473021308557,0.001526881737782975
146,4,16,17,0.14166666666666666,0.1,11,0.0012848969905748266,0.0012492246546689982
146,4,16,17,0.14166666666666666,0.1,13,0.0010872002564680586,0.0010570120088181476
146,4,16,17,0.14166666666666666,0.1,15,0.0009422275673413247,0.0009160618939512887
146,4,16,17,0.14166666666666666,0.1,17,0.0008313688425661904,0.0008082797765416004
146,4,16,17,0.14166666666666666,0.1,19,0.0007438504468272568,0.0007231906012446043
146,4,16,17,0.14166666666666666,0.5,1,0.3284221062894196,0.3202586501977378
146,4,16,17,0.14166666666666666,0.5,3,0.10682364558161887,0.10426536331587703
146,4,16,17,0.14166666666666666,0.5,5,0.06393476025387465,0.06236361137689643
146,4,16,17,0.14166666666666666,0.5,7,0.04562927690099646,0.04449391871459282
146,4,16,17,0.14166666666666666,0.5,9,0.03547492272444753,0.03458587927738903
146,4,16,17,0.14166666666666666,0.5,11,0.02901801246834756,0.02828741036030889
146,4,16,17,0.14166666666666666,0.5,13,0.02454989077635112,0.02392978254787605
146,4,16,17,0.14166666666666666,0.5,15,0.021274259332607365,0.020735607808732768
146,4,16,17,0.14166666666666666,0.5,17,0.018769900349655005,0.01829378733732835
146,4,16,17,0.14166666666666666,0.5,19,0.01679308874112513,0.016366501788022552
146,4,16,17,0.14166666666666666,1.0,1,1.035470422199579,1.0198656668602293
146,4,16,17,0.14166666666666666,1.0,3,0.32566436937284515,0.32768723940320277
146,4,16,17,0.14166666666666666,1.0,5,0.19433531329409862,0.19544245194144896
146,4,16,17,0.14166666666666666,1.0,7,0.13853450374414408,0.1392841773770253
146,4,16,17,0.14166666666666666,1.0,9,0.10763887190169198,0.10820196080118498
146,4,16,17,0.14166666666666666,1.0,11,0.08801357307992,0.08846301393641584
146,4,16,17,0.14166666666666666,1.0,13,0.07444210752904305,0.07481541929977144
146,4,16,17,0.14166666666666666,1.0,15,0.06449732459188119,0.06481623295008816
146,4,16,17,0.14166666666666666,1.0,17,0.056896712310206675,0.057174877240933716
146,4,16,17,0.14166666666666666,1.0,19,0.050898752391326796,0.05114530054906836
147,4,16,17,0.14166666666666666,0.1,1,0.014247579819906354,0.013716774820998503
147,4,16,17,0.14166666666666666,0.1,3,0.0047445199588770975,0.0045664565543868324
147,4,16,17,0.14166666666666666,0.1,5,0.0028464030399524753,0.002739536126826642
147,4,16,17,0.14166666666666666,0.1,7,0.002033068930439824,0.0019567342593975294
147,4,16,17,0.14166666666666666,0.1,9,0.001581246685084915,0.0015218763098722792
147,4,16,17,0.14166666666666666,0.1,11,0.001293733247400264,0.0012451584911389304
147,4,16,17,0.14166666666666666,0.1,13,0.0010946895768282879,0.001053588628128214
147,4,16,17,0.14166666666666666,0.1,15,0.0009487262156142047,0.0009131059622428471
147,4,16,17,0.14166666666666666,0.1,17,0.0008371082606654683,0.0008056790497272509
147,4,16,17,0.14166666666666666,0.1,19,0.0007489894621998252,0.0007208689112337552
147,4,16,17,0.14166666666666666,0.5,1,0.3315721600345968,0.3182698337290128
147,4,16,17,0.14166666666666666,0.5,3,0.10852655408584269,0.10294374502828574
147,4,16,17,0.14166666666666666,0.5,5,0.06499798083522874,0.061570694903173455
147,4,16,17,0.14166666666666666,0.5,7,0.046400129414072185,0.04393591911717809
147,4,16,17,0.14166666666666666,0.5,9,0.03607918355899173,0.03415720457359267
147,4,16,17,0.14166666666666666,0.5,11,0.029514796447476205,0.027939966689245074
147,4,16,17,0.14166666666666666,0.5,13,0.024971622318482812,0.023637917461225226
147,4,16,17,0.14166666666666666,0.5,15,0.021640624085993754,0.0204840979401291
147,4,16,17,0.14166666666666666,0.5,17,0.019093741252346808,0.01807288295084684
147,4,16,17,0.14166666666666666,0.5,19,0.0170832465362939,0.016169592525438457
147,4,16,17,0.14166666666666666,1.0,1,1.0660789915273885,1.0372580403139036
147,4,16,17,0.14166666666666666,1.0,3,0.3416001944049376,0.32382784541897053
147,4,16,17,0.14166666666666666,1.0,5,0.20362228308778865,0.19115260607791454
147,4,16,17,0.14166666666666666,1.0,7,0.1450957497540163,0.13559395411060368
147,4,16,17,0.14166666666666666,1.0,9,0.11271515145352869,0.10505961759756147
147,4,16,17,0.14166666666666666,1.0,11,0.09215441174822087,0.08575037543020744
147,4,16,17,0.14166666666666666,1.0,13,0.07793921400528306,0.07243733714707012
147,4,16,17,0.14166666666666666,1.0,15,0.06752420001865556,0.06270276590467344
147,4,16,17,0.14166666666666666,1.0,17,0.05956497178268477,0.05527474984455646
147,4,16,17,0.14166666666666666,1.0,19,0.05328445220372889,0.049420311172965144
148,4,16,17,0.14166666666666666,0.1,1,0.011701513103320073,0.01163172999379378
148,4,16,17,0.14166666666666666,0.1,3,0.0038974617723588592,0.0038650802889708545
148,4,16,17,0.14166666666666666,0.1,5,0.0023382856020411715,0.0023178362681767466
148,4,16,17,0.14166666666666666,0.1,7,0.0016701580619389866,0.001655244560751317
148,4,16,17,0.14166666666666666,0.1,9,0.0012989945333076584,0.001287263687547393
148,4,16,17,0.14166666666666666,0.1,11,0.0010628054842221053,0.0010531394195894199
148,4,16,17,0.14166666666666666,0.1,13,0.0008992924304343543,0.0008910736927631273
148,4,16,17,0.14166666666666666,0.1,15,0.0007793840371567652,0.0007722359215508825
148,4,16,17,0.14166666666666666,0.1,17,0.000687690019700707,0.0006813658791787741
148,4,16,17,0.14166666666666666,0.1,19,0.0006153003781691627,0.0006096299592721945
148,4,16,17,0.14166666666666666,0.5,1,0.27721269607439003,0.27589070979095964
148,4,16,17,0.14166666666666666,0.5,3,0.0910300455606922,0.0891469096049421
148,4,16,17,0.14166666666666666,0.5,5,0.054542235350468656,0.05328157693026748
148,4,16,17,0.14166666666666666,0.5,7,0.03894129440454012,0.038004241942325635
148,4,16,17,0.14166666666666666,0.5,9,0.030281290902184167,0.029537369612105117
148,4,16,17,0.14166666666666666,0.5,11,0.024772630445146257,0.024156319567995833
148,4,16,17,0.14166666666666666,0.5,13,0.0209598518875315,0.020433961144648936
148,4,16,17,0.14166666666666666,0.5,15,0.018164246453855455,0.017705717580591862
148,4,16,17,0.14166666666666666,0.5,17,0.016026660464035957,0.015620234936865403
148,4,16,17,0.14166666666666666,0.5,19,0.014339225535641794,0.013974291449365302
148,4,16,17,0.14166666666666666,1.0,1,0.9359454957709067,0.9117366866112213
148,4,16,17,0.14166666666666666,1.0,3,0.30274422935186085,0.28011554748396633
148,4,16,17,0.14166666666666666,1.0,5,0.18118146965808632,0.16663471707771488
148,4,16,17,0.14166666666666666,1.0,7,0.12928565939981487,0.11867518396147476
148,4,16,17,0.14166666666666666,1.0,9,0.10050160645030089,0.09216989787488779
148,4,16,17,0.14166666666666666,1.0,11,0.0822011362394177,0.07534796978973456
148,4,16,17,0.14166666666666666,1.0,13,0.06953896123544631,0.06372074093559428
148,4,16,17,0.14166666666666666,1.0,15,0.06025713389525749,0.05520320510575094
148,4,16,17,0.14166666666666666,1.0,17,0.053161388173858244,0.04869472762676072
148,4,16,17,0.14166666666666666,1.0,19,0.04756076952620763,0.04355935371528757
149,4,16,17,0.14166666666666666,0.1,1,0.015688911907002265,0.014670541665990368
149,4,16,17,0.14166666666666666,0.1,3,0.005221376489919901,0.00488007009139153
149,4,16,17,0.14166666666666666,0.1,5,0.0031321666388868428,0.0029271615991131547
149,4,16,17,0.14166666666666666,0.1,7,0.002237084181273202,0.0020905846717999333
149,4,16,17,0.14166666666666666,0.1,9,0.0017398824384101468,0.00162590936872067
149,4,16,17,0.14166666666666666,0.1,11,0.0014235042075103328,0.0013302384408129116
149,4,16,17,0.14166666666666666,0.1,13,0.001204483059640078,0.0011255570542843128
149,4,16,17,0.14166666666666666,0.1,15,0.0010438725461166978,0.0009754644091610977
149,4,16,17,0.14166666666666666,0.1,17,0.000921055522810478,0.0008606916268992534
149,4,16,17,0.14166666666666666,0.1,19,0.0008240963847964467,0.0007700839181409437
149,4,16,17,0.14166666666666666,0.5,1,0.3598991556976327,0.3369982088746049
149,4,16,17,0.14166666666666666,0.5,3,0.11723065502149431,0.10925466472553831
149,4,16,17,0.14166666666666666,0.5,5,0.07018221182625799,0.06534428520996619
149,4,16,17,0.14166666666666666,0.5,7,0.05009331685241667,0.046622771162956204
149,4,16,17,0.14166666666666666,0.5,9,0.038947733217953896,0.03624229061900861
149,4,16,17,0.14166666666666666,0.5,11,0.031859836084387555,0.029643202585308063
149,4,16,17,0.14166666666666666,0.5,13,0.026954774450576858,0.02507739301726152
149,4,16,17,0.14166666666666666,0.5,15,0.02335866371185861,0.02173049512577747
149,4,16,17,0.14166666666666666,0.5,17,0.020609198725543572,0.019171843954593412
149,4,16,17,0.14166666666666666,0.5,19,0.018438861251421298,0.017152293032024448
149,4,16,17,0.14166666666666666,1.0,1,1.1047513909564104,1.0473397524323762
149,4,16,17,0.14166666666666666,1.0,3,0.35189425814779723,0.3301838850175617
149,4,16,17,0.14166666666666666,1.0,5,0.21012694508407603,0.19612192829591604
149,4,16,17,0.14166666666666666,1.0,7,0.1498475687732341,0.13955203039608238
149,4,16,17,0.14166666666666666,1.0,9,0.11645625990995054,0.10832726254010776
149,4,16,17,0.14166666666666666,1.0,11,0.09523856709979112,0.08852632016869669
149,4,16,17,0.14166666666666666,1.0,13,0.08056234078159807,0.07484772361041012
149,4,16,17,0.14166666666666666,1.0,15,0.06980604375286843,0.06483153473771547
149,4,16,17,0.14166666666666666,1.0,17,0.061584029062846816,0.057180242279286614
149,4,16,17,0.14166666666666666,1.0,19,0.05509495150194328,0.05114459575065921
150,4,16,17,0.14166666666666666,0.1,1,0.011594538998477332,0.012241835814271443
150,4,16,17,0.14166666666666666,0.1,3,0.0038592527347092375,0.004075848891475004
150,4,16,17,0.14166666666666666,0.1,5,0.002315279740645544,0.0024452808967702334
150,4,16,17,0.14166666666666666,0.1,7,0.0016537176678091223,0.001746584260452823
150,4,16,17,0.14166666666666666,0.1,9,0.0012862076980305957,0.0013584400373631896
150,4,16,17,0.14166666666666666,0.1,11,0.0010523446468934936,0.0011114449809877822
150,4,16,17,0.14166666666666666,0.1,13,0.000890442011884563,0.0009404505456018645
150,4,16,17,0.14166666666666666,0.1,15,0.0007717145295953717,0.0008150555627234512
150,4,16,17,0.14166666666666666,0.1,17,0.0006809234758676314,0.0007191657431725131
150,4,16,17,0.14166666666666666,0.1,19,0.0006092466247011834,0.0006434635026565016
150,4,16,17,0.14166666666666666,0.5,1,0.2750533463456283,0.2857834607469759
150,4,16,17,0.14166666666666666,0.5,3,0.08890766877600623,0.09254913057513717
150,4,16,17,0.14166666666666666,0.5,5,0.053188164387899466,0.055401822950372825
150,4,16,17,0.14166666666666666,0.5,7,0.03795985739801993,0.03954765274983081
150,4,16,17,0.14166666666666666,0.5,9,0.02951409044170131,0.030751262910996766
150,4,16,17,0.14166666666666666,0.5,11,0.024143630755448852,0.025156802319812606
150,4,16,17,0.14166666666666666,0.5,13,0.020427147109522124,0.021284908597517683
150,4,16,17,0.14166666666666666,0.5,15,0.017702395432655522,0.018446041902230523
150,4,16,17,0.14166666666666666,0.5,17,0.015619092482071361,0.016275401082097796
150,4,16,17,0.14166666666666666,0.5,19,0.013974558009580548,0.014561875848511227
150,4,16,17,0.14166666666666666,1.0,1,0.9284115877409821,0.9207665253483236
150,4,16,17,0.14166666666666666,1.0,3,0.2871675360312332,0.2773294142424515
150,4,16,17,0.14166666666666666,1.0,5,0.1706770502942973,0.16521031272239242
150,4,16,17,0.14166666666666666,1.0,7,0.12153923193106574,0.11778081442213383
150,4,16,17,0.14166666666666666,1.0,9,0.09440294990957371,0.09153562858199034
150,4,16,17,0.14166666666666666,1.0,11,0.07718414794157408,0.07486327098641726
150,4,16,17,0.14166666666666666,1.0,13,0.06528256846629514,0.06333152557446647
150,4,16,17,0.14166666666666666,1.0,15,0.05656331919384152,0.05487955114285898
150,4,16,17,0.14166666666666666,1.0,17,0.04989995248747232,0.04841855667658679
150,4,16,17,0.14166666666666666,1.0,19,0.04464173849553454,0.0433189977389539
151,4,16,17,0.14166666666666666,0.1,1,0.013789233465635807,0.01502510149210627
151,4,16,17,0.14166666666666666,0.1,3,0.004591305796068887,0.00499673852292017
151,4,16,17,0.14166666666666666,0.1,5,0.0027544031899665224,0.002996761822785013
151,4,16,17,0.14166666666666666,0.1,7,0.0019673309582662357,0.002140159833678743
151,4,16,17,0.14166666666666666,0.1,9,0.0015301064499958518,0.0016644042670995497
151,4,16,17,0.14166666666666666,0.1,11,0.001251885533469482,0.001361700140648923
151,4,16,17,0.14166666666666666,0.1,13,0.00105927657999739,0.001152158102374885
151,4,16,17,0.14166666666666666,0.1,15,0.0009180327718526636,0.0009985055114554954
151,4,16,17,0.14166666666666666,0.1,17,0.000810024327487269,0.0008810130546654867
151,4,16,17,0.14166666666666666,0.1,19,0.0007247554153490616,0.0007882598716917929
151,4,16,17,0.14166666666666666,0.5,1,0.32084418658557834,0.3516049565771057
151,4,16,17,0.14166666666666666,0.5,3,0.10507809508921652,0.11578610241331799
151,4,16,17,0.14166666666666666,0.5,5,0.06296849020971089,0.06936646573511
151,4,16,17,0.14166666666666666,0.5,7,0.04496210990197418,0.04951829518549121
151,4,16,17,0.14166666666666666,0.5,9,0.03496554230472857,0.038502161603306995
151,4,16,17,0.14166666666666666,0.5,11,0.02860606866674059,0.03149564019257242
151,4,16,17,0.14166666666666666,0.5,13,0.024204091850715957,0.02664662464575074
151,4,16,17,0.14166666666666666,0.5,15,0.020976300814024056,0.02309152159459893
151,4,16,17,0.14166666666666666,0.5,17,0.01850815236303196,0.020373386742223693
151,4,16,17,0.14166666666666666,0.5,19,0.01655970273428386,0.018227777335419946
151,4,16,17,0.14166666666666666,1.0,1,1.0217787424262372,1.0990652879541745
151,4,16,17,0.14166666666666666,1.0,3,0.33203198644478266,0.3720076537558748
151,4,16,17,0.14166666666666666,1.0,5,0.19845052573410765,0.2231722709311888
151,4,16,17,0.14166666666666666,1.0,7,0.14153155409888493,0.15935557056361047
151,4,16,17,0.14166666666666666,1.0,9,0.10999024761982572,0.12391247370193069
151,4,16,17,0.14166666666666666,1.0,11,0.08994687938956465,0.10136471291377237
151,4,16,17,0.14166666666666666,1.0,13,0.07608313558065058,0.08575865180270768
151,4,16,17,0.14166666666666666,1.0,15,0.0659226661865352,0.07431650539246487
151,4,16,17,0.14166666666666666,1.0,17,0.058156395667952804,0.06556804307889132
151,4,16,17,0.14166666666666666,1.0,19,0.05202723212055546,0.058662274280698354
152,4,16,17,0.14166666666666666,0.1,1,0.013032849492030582,0.013139107973037517
152,4,16,17,0.14166666666666666,0.1,3,0.004337033748721608,0.004369755057106894
152,4,16,17,0.14166666666666666,0.1,5,0.0026015372061184805,0.0026208095172564633
152,4,16,17,0.14166666666666666,0.1,7,0.001858045318873381,0.001871698176411083
152,4,16,17,0.14166666666666666,0.1,9,0.0014450645949637133,0.0014556340711608037
152,4,16,17,0.14166666666666666,0.1,11,0.0011822838363814868,0.0011909056942108404
152,4,16,17,0.14166666666666666,0.1,13,0.001000369883309646,0.0010076500671792048
152,4,16,17,0.14166666666666666,0.1,15,0.0008669720390655597,0.0008732718203111823
152,4,16,17,0.14166666666666666,0.1,17,0.0007649651497685622,0.0007705172128651212
152,4,16,17,0.14166666666666666,0.1,19,0.0006844353521651127,0.0006893983404761125
152,4,16,17,0.14166666666666666,0.5,1,0.3073787104679193,0.31047296040301026
152,4,16,17,0.14166666666666666,0.5,3,0.10049820515046594,0.10134847527493353
152,4,16,17,0.14166666666666666,0.5,5,0.060172305003985314,0.06064558466276675
152,4,16,17,0.14166666666666666,0.5,7,0.04294910188814969,0.04327406151418489
152,4,16,17,0.14166666666666666,0.5,9,0.03339294050505728,0.033639652543539726
152,4,16,17,0.14166666666666666,0.5,11,0.027315755558224384,0.0275143542928433
152,4,16,17,0.14166666666666666,0.5,13,0.0231101465847836,0.02327623971585673
152,4,16,17,0.14166666666666666,0.5,15,0.02002684959384032,0.020169536467536137
152,4,16,17,0.14166666666666666,0.5,17,0.017669478202872298,0.017794517839327638
152,4,16,17,0.14166666666666666,0.5,19,0.01580865709374053,0.01591992130919569
152,4,16,17,0.14166666666666666,1.0,1,1.0095231045751374,1.0237449838054982
152,4,16,17,0.14166666666666666,1.0,3,0.3195381943729349,0.3236217215527435
152,4,16,17,0.14166666666666666,1.0,5,0.19090222281940136,0.1930741721424461
152,4,16,17,0.14166666666666666,1.0,7,0.13620197527820968,0.13763376668261718
152,4,16,17,0.14166666666666666,1.0,9,0.1058855080879326,0.10694097719919511
152,4,16,17,0.14166666666666666,1.0,11,0.08661336325094052,0.08744480211240625
152,4,16,17,0.14166666666666666,1.0,13,0.07327845410808764,0.07396247637634987
152,4,16,17,0.14166666666666666,1.0,15,0.06350270663148763,0.0640828329596055
152,4,16,17,0.14166666666666666,1.0,17,0.056028743412697195,0.056531861401021385
152,4,16,17,0.14166666666666666,1.0,19,0.050129087113214565,0.05057296736866052
153,4,16,17,0.14166666666666666,0.1,1,0.01789779345247169,0.015532616511169434
153,4,16,17,0.14166666666666666,0.1,3,0.005960963052169788,0.005173589351483433
153,4,16,17,0.14166666666666666,0.1,5,0.0035762746509846325,0.003103844772922421
153,4,16,17,0.14166666666666666,0.1,7,0.002554410152110755,0.002216949745473033
153,4,16,17,0.14166666666666666,0.1,9,0.0019867366884408913,0.0017242612091148857
153,4,16,17,0.14166666666666666,0.1,11,0.0016254991887138253,0.001410742731629656
153,4,16,17,0.14166666666666666,0.1,13,0.0013754154775757644,0.0011936960522967847
153,4,16,17,0.14166666666666666,0.1,15,0.0011920225770817544,0.0010345307778567025
153,4,16,17,0.14166666666666666,0.1,17,0.001051781925549568,0.0009128174274765151
153,4,16,17,0.14166666666666666,0.1,19,0.0009410661921329796,0.0008167287016819401
153,4,16,17,0.14166666666666666,0.5,1,0.40214128181673786,0.3584010317712185
153,4,16,17,0.14166666666666666,0.5,3,0.13189200977286103,0.11821546061574174
153,4,16,17,0.14166666666666666,0.5,5,0.07904706024661898,0.07083281408634802
153,4,16,17,0.14166666666666666,0.5,7,0.056444577501942414,0.05057026913369727
153,4,16,17,0.14166666666666666,0.5,9,0.043895618859714394,0.0393228520114571
153,4,16,17,0.14166666666666666,0.5,11,0.035912195615189026,0.03216858219359836
153,4,16,17,0.14166666666666666,0.5,13,0.03038605813681061,0.027216967567409378
153,4,16,17,0.14166666666666666,0.5,15,0.026333931499458833,0.02358644312476186
153,4,16,17,0.14166666666666666,0.5,17,0.023235432517673855,0.02081052051653692
153,4,16,17,0.14166666666666666,0.5,19,0.020789350253402842,0.018619216150385268
153,4,16,17,0.14166666666666666,1.0,1,1.1645102800670573,1.1299947736705933
153,4,16,17,0.14166666666666666,1.0,3,0.3818640050077528,0.37553875627874705
153,4,16,17,0.14166666666666666,1.0,5,0.22864114846075292,0.224247230128302
153,4,16,17,0.14166666666666666,1.0,7,0.16317776592749664,0.15984623057037814
153,4,16,17,0.14166666666666666,1.0,9,0.12685801205045077,0.12418496271041686
153,4,16,17,0.14166666666666666,1.0,11,0.10376305772532313,0.10153433145309165
153,4,16,17,0.14166666666666666,1.0,13,0.08778214470800602,0.08587233862540054
153,4,16,17,0.14166666666666666,1.0,15,0.07606687709123902,0.07439671860667094
153,4,16,17,0.14166666666666666,1.0,17,0.06711045018022577,0.06562679279005218
153,4,16,17,0.14166666666666666,1.0,19,0.06004099216453235,0.05870652820092776
154,4,16,17,0.14166666666666666,0.1,1,0.013946084954243973,0.013652480815708804
154,4,16,17,0.14166666666666666,0.1,3,0.004644616530370223,0.0045434150422412126
154,4,16,17,0.14166666666666666,0.1,5,0.002786501008885133,0.002725436210721439
154,4,16,17,0.14166666666666666,0.1,7,0.0019902914605884653,0.0019465722743025949
154,4,16,17,0.14166666666666666,0.1,9,0.0015479789797963577,0.0015139320746140289
154,4,16,17,0.14166666666666666,0.1,11,0.0012665159585315347,0.0012386371895680792
154,4,16,17,0.14166666666666666,0.1,13,0.0010716605207789333,0.0010480578695306023
154,4,16,17,0.14166666666666666,0.1,15,0.0009287682803296835,0.0009083044746180875
154,4,16,17,0.14166666666666666,0.1,17,0.0008194986946036512,0.000801436899325435
154,4,16,17,0.14166666666666666,0.1,19,0.00073323379290253,0.000717069367662884
154,4,16,17,0.14166666666666666,0.5,1,0.32453847266821007,0.3208631053830495
154,4,16,17,0.14166666666666666,0.5,3,0.10645704025732616,0.10439630012098401
154,4,16,17,0.14166666666666666,0.5,5,0.06379565218163616,0.06250840747954065
154,4,16,17,0.14166666666666666,0.5,7,0.04555241300541081,0.04461991664334534
154,4,16,17,0.14166666666666666,0.5,9,0.03542437459006845,0.03469393329635413
154,4,16,17,0.14166666666666666,0.5,11,0.028981309053086976,0.028381122143173985
154,4,16,17,0.14166666666666666,0.5,13,0.0245214995180376,0.02401220508857324
154,4,16,17,0.14166666666666666,0.5,15,0.021251319700854254,0.02080903644089106
154,4,16,17,0.14166666666666666,0.5,17,0.01875076944818984,0.01835992724809527
154,4,16,17,0.14166666666666666,0.5,19,0.016776747772526086,0.016426634733019457
154,4,16,17,0.14166666666666666,1.0,1,1.0345657238237604,1.0448748509798407
154,4,16,17,0.14166666666666666,1.0,3,0.33518222723891244,0.32622417084553446
154,4,16,17,0.14166666666666666,1.0,5,0.20032054623403783,0.1951002925511627
154,4,16,17,0.14166666666666666,1.0,7,0.14286105086084475,0.13923755113615405
154,4,16,17,0.14166666666666666,1.0,9,0.11102209469693583,0.10825708495394334
154,4,16,17,0.14166666666666666,1.0,11,0.09079020162798772,0.08855751812313126
154,4,16,17,0.14166666666666666,1.0,13,0.07679628894709882,0.07492504028276287
154,4,16,17,0.14166666666666666,1.0,15,0.0665405167486924,0.06493041405057512
154,4,16,17,0.14166666666666666,1.0,17,0.05870144272278484,0.05728873188401708
154,4,16,17,0.14166666666666666,1.0,19,0.052514841981563774,0.05125652140580586
155,4,16,17,0.14166666666666666,0.1,1,0.011875398025522853,0.01250969256452642
155,4,16,17,0.14166666666666666,0.1,3,0.00395477125323806,0.004167965985624675
155,4,16,17,0.14166666666666666,0.1,5,0.002372685364060777,0.002500687028047425
155,4,16,17,0.14166666666666666,0.1,7,0.001694740350620178,0.0017861868070208344
155,4,16,17,0.14166666666666666,0.1,9,0.0013181202101753707,0.0013892505762381155
155,4,16,17,0.14166666666666666,0.1,11,0.0010784573624299642,0.0011366571481808314
155,4,16,17,0.14166666666666666,0.1,13,0.0009125385929900529,0.0009617856428076342
155,4,16,17,0.14166666666666666,0.1,15,0.0007908655559805977,0.0008335469182551075
155,4,16,17,0.14166666666666666,0.1,17,0.0006978218272545081,0.0007354821982146803
155,4,16,17,0.14166666666666666,0.1,19,0.0006243664450216504,0.0006580627831125671
155,4,16,17,0.14166666666666666,0.5,1,0.2796296787401015,0.2949842866760931
155,4,16,17,0.14166666666666666,0.5,3,0.09104865836282683,0.09731597211655399
155,4,16,17,0.14166666666666666,0.5,5,0.054524290643845216,0.058343317123417844
155,4,16,17,0.14166666666666666,0.5,7,0.03892525452473979,0.04166473822917232
155,4,16,17,0.14166666666666666,0.5,9,0.030268580617445744,0.03240301216384274
155,4,16,17,0.14166666666666666,0.5,11,0.024762461251204616,0.026510357068702486
155,4,16,17,0.14166666666666666,0.5,13,0.020951517740076524,0.022431257616748364
155,4,16,17,0.14166666666666666,0.5,15,0.018157256592137298,0.01944010633789474
155,4,16,17,0.14166666666666666,0.5,17,0.01602068095496236,0.017152848139337012
155,4,16,17,0.14166666666666666,0.5,19,0.014334025090072117,0.01534716795505178
155,4,16,17,0.14166666666666666,1.0,1,0.9260917937142112,0.9777199369692897
155,4,16,17,0.14166666666666666,1.0,3,0.28398727877968183,0.3181766392001983
155,4,16,17,0.14166666666666666,1.0,5,0.16896376255158538,0.19065711135799474
155,4,16,17,0.14166666666666666,1.0,7,0.12033676575786328,0.13613727570279358
155,4,16,17,0.14166666666666666,1.0,9,0.09345958838147303,0.10586995886219819
155,4,16,17,0.14166666666666666,1.0,11,0.07640132399259007,0.08661487958522472
155,4,16,17,0.14166666666666666,1.0,13,0.06461088941960146,0.07328660747221316
155,4,16,17,0.14166666666666666,1.0,15,0.05597398481277656,0.06351348350805358
155,4,16,17,0.14166666666666666,1.0,17,0.04937444664154704,0.056040380913212895
155,4,16,17,0.14166666666666666,1.0,19,0.04416733537763427,0.05014081183526321
156,4,16,17,0.14166666666666666,0.1,1,0.012398441105253233,0.012398441105253202
156,4,16,17,0.14166666666666666,0.1,3,0.004127361644592025,0.004127361644592059
156,4,16,17,0.14166666666666666,0.1,5,0.002476155578929148,0.0024761555789292807
156,4,16,17,0.14166666666666666,0.1,7,0.0017686311219529724,0.001768631121953102
156,4,16,17,0.14166666666666666,0.1,9,0.0013755855221484706,0.001375585522149379
156,4,16,17,0.14166666666666666,0.1,11,0.0011254722460997057,0.001125472246099479
156,4,16,17,0.14166666666666666,0.1,13,0.0009523193520755475,0.0009523193520773978
156,4,16,17,0.14166666666666666,0.1,15,0.0008253416345183551,0.0008253416345191631
156,4,16,17,0.14166666666666666,0.1,17,0.0007282415549498424,0.0007282415549502483
156,4,16,17,0.14166666666666666,0.1,19,0.0006515838818114884,0.0006515838818118962
156,4,16,17,0.14166666666666666,0.5,1,0.2887600926957747,0.28876009269577485
156,4,16,17,0.14166666666666666,0.5,3,0.09303222118770468,0.09303222118770482
156,4,16,17,0.14166666666666666,0.5,5,0.055667565627667476,0.05566756562766755
156,4,16,17,0.14166666666666666,0.5,7,0.03973270577881315,0.039732705778813764
156,4,16,17,0.14166666666666666,0.5,9,0.030893661508392463,0.030893661508392605
156,4,16,17,0.14166666666666666,0.5,11,0.02527267330929769,0.025272673309297736
156,4,16,17,0.14166666666666666,0.5,13,0.021382642079363974,0.021382642079363717
156,4,16,17,0.14166666666666666,0.5,15,0.018530574396663103,0.018530574396663113
156,4,16,17,0.14166666666666666,0.5,17,0.016349888046357147,0.016349888046357158
156,4,16,17,0.14166666666666666,0.5,19,0.014628458782529967,0.014628458782529496
156,4,16,17,0.14166666666666666,1.0,1,0.9288938384752865,0.9288938384752858
156,4,16,17,0.14166666666666666,1.0,3,0.2678438985949729,0.2678438985949733
156,4,16,17,0.14166666666666666,1.0,5,0.15878495072215826,0.15878495072215862
156,4,16,17,0.14166666666666666,1.0,7,0.11303980478672945,0.11303980478673022
156,4,16,17,0.14166666666666666,1.0,9,0.08779824048566921,0.08779824048566869
156,4,16,17,0.14166666666666666,1.0,11,0.07178424059281556,0.07178424059281584
156,4,16,17,0.14166666666666666,1.0,13,0.06071568002737442,0.06071568002737472
156,4,16,17,0.14166666666666666,1.0,15,0.05260666156480515,0.05260666156480612
156,4,16,17,0.14166666666666666,1.0,17,0.046409570888991995,0.04640957088899156
156,4,16,17,0.14166666666666666,1.0,19,0.04151925415759559,0.041519254157594984
157,4,16,17,0.14166666666666666,0.1,1,0.010184830281212566,0.010106882276778634
157,4,16,17,0.14166666666666666,0.1,3,0.0033913606373311006,0.0033587271995516913
157,4,16,17,0.14166666666666666,0.1,5,0.0020346449096281696,0.0020147085734310197
157,4,16,17,0.14166666666666666,0.1,7,0.0014532840572437748,0.0014389728815979504
157,4,16,17,0.14166666666666666,0.1,9,0.001130321247649702,0.0011191675466941645
157,4,16,17,0.14166666666666666,0.1,11,0.0009248038220386189,0.0009156686143573415
157,4,16,17,0.14166666666666666,0.1,13,0.000782524134885632,0.0007747897397761325
157,4,16,17,0.14166666666666666,0.1,15,0.000678186400337383,0.00067148075321538
157,4,16,17,0.14166666666666666,0.1,17,0.0005983990672688747,0.0005924808423423064
157,4,16,17,0.14166666666666666,0.1,19,0.0005354092540335131,0.0005301130730280532
157,4,16,17,0.14166666666666666,0.5,1,0.2398788425184806,0.2473869189710014
157,4,16,17,0.14166666666666666,0.5,3,0.07800700581370433,0.07976481710390558
157,4,16,17,0.14166666666666666,0.5,5,0.04671779394498721,0.04769462664237419
157,4,16,17,0.14166666666666666,0.5,7,0.033352976311324466,0.034033873978072095
157,4,16,17,0.14166666666666666,0.5,9,0.025935814531221648,0.026459844874618534
157,4,16,17,0.14166666666666666,0.5,11,0.021217982118608217,0.021644401235746027
157,4,16,17,0.14166666666666666,0.5,13,0.017952592610892756,0.018312265110955787
157,4,16,17,0.14166666666666666,0.5,15,0.015558324047707585,0.01586941562687716
157,4,16,17,0.14166666666666666,0.5,17,0.013727585404225449,0.014001708626898476
157,4,16,17,0.14166666666666666,0.5,19,0.012282358384396534,0.01252739436969382
157,4,16,17,0.14166666666666666,1.0,1,0.8027227243672806,0.863489532753765
157,4,16,17,0.14166666666666666,1.0,3,0.252726023705048,0.27402087908106076
157,4,16,17,0.14166666666666666,1.0,5,0.15132698940577505,0.16378011950906482
157,4,16,17,0.14166666666666666,1.0,7,0.10803584027265069,0.11686223582765151
157,4,16,17,0.14166666666666666,1.0,9,0.08401087107491843,0.09085339806453031
157,4,16,17,0.14166666666666666,1.0,11,0.06872922482747601,0.07431827726086469
157,4,16,17,0.14166666666666666,1.0,13,0.05815214503591527,0.06287675804702367
157,4,16,17,0.14166666666666666,1.0,15,0.05039671084387007,0.054488875513112475
157,4,16,17,0.14166666666666666,1.0,17,0.04446661897991243,0.048075875781820473
157,4,16,17,0.14166666666666666,1.0,19,0.039785254147014434,0.043013661640961105
158,4,16,17,0.14166666666666666,0.1,1,0.013302970019920542,0.014283708921907147
158,4,16,17,0.14166666666666666,0.1,3,0.004430313171154351,0.004756098810741127
158,4,16,17,0.14166666666666666,0.1,5,0.0026578132390566588,0.002853262864859875
158,4,16,17,0.14166666666666666,0.1,7,0.001898331481151454,0.002037940252067357
158,4,16,17,0.14166666666666666,0.1,9,0.0014764356646707543,0.0015850228217433838
158,4,16,17,0.14166666666666666,0.1,11,0.0012079702204038612,0.0012968161204884214
158,4,16,17,0.14166666666666666,0.1,13,0.0010221156080975672,0.0010972942043215761
158,4,16,17,0.14166666666666666,0.1,15,0.0008858253283411518,0.0009509810280812562
158,4,16,17,0.14166666666666666,0.1,17,0.0007816050967262683,0.0008390960850030252
158,4,16,17,0.14166666666666666,0.1,19,0.0006993270246975019,0.0007507668253067354
158,4,16,17,0.14166666666666666,0.5,1,0.3119057303673359,0.33390640069623456
158,4,16,17,0.14166666666666666,0.5,3,0.10298922278141805,0.10944960723138061
158,4,16,17,0.14166666666666666,0.5,5,0.06169537854167642,0.06550718158542074
158,4,16,17,0.14166666666666666,0.5,7,0.04404088734401126,0.046748054052060006
158,4,16,17,0.14166666666666666,0.5,9,0.034242884384291135,0.03634265100653724
158,4,16,17,0.14166666666666666,0.5,11,0.028011307157135453,0.029726562386593738
158,4,16,17,0.14166666666666666,0.5,13,0.023698675634537578,0.02514855649260275
158,4,16,17,0.14166666666666666,0.5,15,0.020536855259139675,0.02179252431554888
158,4,16,17,0.14166666666666666,0.5,17,0.01811942587988115,0.019226792162548845
158,4,16,17,0.14166666666666666,0.5,19,0.016211189614189162,0.017201598053693725
158,4,16,17,0.14166666666666666,1.0,1,1.026216669870398,1.08969128976709
158,4,16,17,0.14166666666666666,1.0,3,0.3415898837100478,0.3569136500165407
158,4,16,17,0.14166666666666666,1.0,5,0.20401316405800368,0.21272130843299558
158,4,16,17,0.14166666666666666,1.0,7,0.14543216249855218,0.15149782433649653
158,4,16,17,0.14166666666666666,1.0,9,0.11298875625495687,0.11763701149068347
158,4,16,17,0.14166666666666666,1.0,11,0.09238060929012622,0.0961464946129426
158,4,16,17,0.14166666666666666,1.0,13,0.07813048310941197,0.08129473605927508
158,4,16,17,0.14166666666666666,1.0,15,0.06768920807687114,0.07041719132708632
158,4,16,17,0.14166666666666666,1.0,17,0.05970971398658061,0.06210694776657131
158,4,16,17,0.14166666666666666,1.0,19,0.05341316854447162,0.05555106753991213
159,4,16,17,0.14166666666666666,0.1,1,0.013710362675793671,0.013217932557422471
159,4,16,17,0.14166666666666666,0.1,3,0.00456415056037748,0.004386642275603068
159,4,16,17,0.14166666666666666,0.1,5,0.00273810383007169,0.0026300205839155737
159,4,16,17,0.14166666666666666,0.1,7,0.0019556941750691827,0.0018780104874088414
159,4,16,17,0.14166666666666666,0.1,9,0.0015210595823771603,0.0014604312937483595
159,4,16,17,0.14166666666666666,0.1,11,0.0012444860852578062,0.0011947731185717842
159,4,16,17,0.14166666666666666,0.1,13,0.0010530171752000856,0.0010108891307354514
159,4,16,17,0.14166666666666666,0.1,15,0.0009126090959726668,0.0008760579589274265
159,4,16,17,0.14166666666666666,0.1,17,0.0008052395429438029,0.0007729614480552796
159,4,16,17,0.14166666666666666,0.1,19,0.0007204748885631851,0.000691575356317323
159,4,16,17,0.14166666666666666,0.5,1,0.3173090246803658,0.3155043669979167
159,4,16,17,0.14166666666666666,0.5,3,0.10306130284902904,0.10108280083221938
159,4,16,17,0.14166666666666666,0.5,5,0.061698325938830394,0.06036339172497016
159,4,16,17,0.14166666666666666,0.5,7,0.04404103336961395,0.04304232463030075
159,4,16,17,0.14166666666666666,0.5,9,0.034244164060497635,0.03344785487357214
159,4,16,17,0.14166666666666666,0.5,11,0.028013562643345806,0.027351859256768488
159,4,16,17,0.14166666666666666,0.5,13,0.02370152139784722,0.0231356535821132
159,4,16,17,0.14166666666666666,0.5,15,0.020540019904400474,0.02004580865651157
159,4,16,17,0.14166666666666666,0.5,17,0.018122740834781458,0.017684112398298195
159,4,16,17,0.14166666666666666,0.5,19,0.01621455285883127,0.015820287320253205
159,4,16,17,0.14166666666666666,1.0,1,0.9983986772203084,1.0412449447989103
159,4,16,17,0.14166666666666666,1.0,3,0.3059084301551764,0.3192537872927467
159,4,16,17,0.14166666666666666,1.0,5,0.1822835425094034,0.19031691745822
159,4,16,17,0.14166666666666666,1.0,7,0.12993377469801332,0.13564566240049694
159,4,16,17,0.14166666666666666,1.0,9,0.10096746365440236,0.10538980902340168
159,4,16,17,0.14166666666666666,1.0,11,0.0825691355265045,0.08617395019540183
159,4,16,17,0.14166666666666666,1.0,13,0.06984526123780248,0.07288642387681349
159,4,16,17,0.14166666666666666,1.0,15,0.060520550976372024,0.06314992166906991
159,4,16,17,0.14166666666666666,1.0,17,0.05339303732073185,0.05570853968007655
159,4,16,17,0.14166666666666666,1.0,19,0.047767815149146436,0.049836226586246826
160,4,16,17,0.14166666666666666,0.1,1,0.014469343371474847,0.013557104977005309
160,4,16,17,0.14166666666666666,0.1,3,0.004817116184160429,0.004502255833559191
160,4,16,17,0.14166666666666666,0.1,5,0.0028898468800270137,0.0026995825979010354
160,4,16,17,0.14166666666666666,0.1,7,0.002064068636695807,0.0019277490444890566
160,4,16,17,0.14166666666666666,0.1,9,0.0016053445672785762,0.0014991374621208327
160,4,16,17,0.14166666666666666,0.1,11,0.001313443127811528,0.0012264520589642535
160,4,16,17,0.14166666666666666,0.1,13,0.0011113633972505363,0.0010377002117362565
160,4,16,17,0.14166666666666666,0.1,15,0.0009631744983080288,0.0008992978472702426
160,4,16,17,0.14166666666666666,0.1,17,0.0008498551694236512,0.0007934696313517285
160,4,16,17,0.14166666666666666,0.1,19,0.000760393487480215,0.0007099264554941928
160,4,16,17,0.14166666666666666,0.5,1,0.33520588764158304,0.320155786269224
160,4,16,17,0.14166666666666666,0.5,3,0.1092749256150774,0.10353328405204516
160,4,16,17,0.14166666666666666,0.5,5,0.06542366703059391,0.06184226538621289
160,4,16,17,0.14166666666666666,0.5,7,0.04669846061627273,0.044095201603708827
160,4,16,17,0.14166666666666666,0.5,9,0.03630900560757066,0.0342640949514465
160,4,16,17,0.14166666666666666,0.5,11,0.029701758055169877,0.028017958021489188
160,4,16,17,0.14166666666666666,0.5,13,0.025129220714181378,0.02369812811757446
160,4,16,17,0.14166666666666666,0.5,15,0.021776841363648578,0.020532498545590375
160,4,16,17,0.14166666666666666,0.5,17,0.019213691321526106,0.018112983558431085
160,4,16,17,0.14166666666666666,0.5,19,0.01719040322864667,0.016203601810278783
160,4,16,17,0.14166666666666666,1.0,1,1.0592799813506648,1.0430626069000795
160,4,16,17,0.14166666666666666,1.0,3,0.33347908425010936,0.33169660043567667
160,4,16,17,0.14166666666666666,1.0,5,0.1987232471657821,0.1970833972907589
160,4,16,17,0.14166666666666666,1.0,7,0.1415891681447215,0.1401924632057136
160,4,16,17,0.14166666666666666,1.0,9,0.10998375565504635,0.10879080200946602
160,4,16,17,0.14166666666666666,1.0,11,0.08991714359604336,0.08888288529165328
160,4,16,17,0.14166666666666666,1.0,13,0.07604451955737476,0.07513427002581805
160,4,16,17,0.14166666666666666,1.0,15,0.06588102368184456,0.06506937896780689
160,4,16,17,0.14166666666666666,1.0,17,0.0581143227378214,0.05738258362708879
160,4,16,17,0.14166666666666666,1.0,19,0.05198592440644941,0.05132008217254319
161,4,16,17,0.14166666666666666,0.1,1,0.012107132134145862,0.014572894621901934
161,4,16,17,0.14166666666666666,0.1,3,0.004034046177423015,0.004854890494249186
161,4,16,17,0.14166666666666666,0.1,5,0.0024203477538127464,0.0029128022791622228
161,4,16,17,0.14166666666666666,0.1,7,0.0017288040890042643,0.0020805470681343765
161,4,16,17,0.14166666666666666,0.1,9,0.0013446203660602,0.001618194956212623
161,4,16,17,0.14166666666666666,0.1,11,0.0011001418499222112,0.0013239742458810639
161,4,16,17,0.14166666666666666,0.1,13,0.0009308882424669863,0.0011202842234963979
161,4,16,17,0.14166666666666666,0.1,15,0.000806769258140897,0.0009709120818824204
161,4,16,17,0.14166666666666666,0.1,17,0.0007118549022641855,0.0008566865933807376
161,4,16,17,0.14166666666666666,0.1,19,0.0006369226030762292,0.000766508719899029
161,4,16,17,0.14166666666666666,0.5,1,0.28369080348694053,0.3374026578146131
161,4,16,17,0.14166666666666666,0.5,3,0.09363277145744328,0.11083637936875412
161,4,16,17,0.14166666666666666,0.5,5,0.0561337837091698,0.06641654466362683
161,4,16,17,0.14166666666666666,0.5,7,0.040086507922093166,0.04742347754484853
161,4,16,17,0.14166666666666666,0.5,9,0.03117549552461292,0.03687950153910709
161,4,16,17,0.14166666666666666,0.5,11,0.025506022324593723,0.03017188833312188
161,4,16,17,0.14166666666666666,0.5,13,0.021581434161400646,0.02552896412468697
161,4,16,17,0.14166666666666666,0.5,15,0.018703591624221513,0.022124506514943302
161,4,16,17,0.14166666666666666,0.5,17,0.01650298155644657,0.019521272030223566
161,4,16,17,0.14166666666666666,0.5,19,0.01476570795095291,0.017466180823713946
161,4,16,17,0.14166666666666666,1.0,1,0.9293920202009861,1.0647662170255627
161,4,16,17,0.14166666666666666,1.0,3,0.29971278725849565,0.33306625983943206
161,4,16,17,0.14166666666666666,1.0,5,0.17921631061593257,0.19833498432090113
161,4,16,17,0.14166666666666666,1.0,7,0.1278892079230886,0.14136356931111352
161,4,16,17,0.14166666666666666,1.0,9,0.0994299898090733,0.10985125507874334
161,4,16,17,0.14166666666666666,1.0,11,0.08133545751941477,0.08983748884717294
161,4,16,17,0.14166666666666666,1.0,13,0.06881434268757745,0.07599643819440118
161,4,16,17,0.14166666666666666,1.0,15,0.05963476158709317,0.06585274779386514
161,4,16,17,0.14166666666666666,1.0,17,0.05261634958567049,0.05809897361530913
161,4,16,17,0.14166666666666666,1.0,19,0.047076181358363084,0.0519792800236168
162,4,16,17,0.14166666666666666,0.1,1,0.015245269488908635,0.014296964615039195
162,4,16,17,0.14166666666666666,0.1,3,0.005078344045485551,0.004761975368619625
162,4,16,17,0.14166666666666666,0.1,5,0.0030468430118924775,0.0028570088417700264
162,4,16,17,0.14166666666666666,0.1,7,0.002176284285145577,0.002040685895433103
162,4,16,17,0.14166666666666666,0.1,9,0.0016926552648378309,0.0015871890329199334
162,4,16,17,0.14166666666666666,0.1,11,0.0013848955004219215,0.0012986046083247992
162,4,16,17,0.14166666666666666,0.1,13,0.0011718325802119922,0.00109881704512659
162,4,16,17,0.14166666666666666,0.1,15,0.0010155871084560008,0.0009523068884079413
162,4,16,17,0.14166666666666666,0.1,17,0.0008961056071610276,0.0008402700660235461
162,4,16,17,0.14166666666666666,0.1,19,0.0008017782839421031,0.0007518201350218619
162,4,16,17,0.14166666666666666,0.5,1,0.35027005236819847,0.32850861760073574
162,4,16,17,0.14166666666666666,0.5,3,0.11495742526390187,0.10749047756142714
162,4,16,17,0.14166666666666666,0.5,5,0.06889299266568379,0.06440064411385109
162,4,16,17,0.14166666666666666,0.5,7,0.04919333402399061,0.04598208629455599
162,4,16,17,0.14166666666666666,0.5,9,0.03825638620835364,0.03575796923701042
162,4,16,17,0.14166666666666666,0.5,11,0.03129857062456585,0.02925408777135458
162,4,16,17,0.14166666666666666,0.5,13,0.026482379923281982,0.0247522753155723
162,4,16,17,0.14166666666666666,0.5,15,0.022950838172398694,0.02145132845158291
162,4,16,17,0.14166666666666666,0.5,17,0.020250410705217495,0.018927263323531777
162,4,16,17,0.14166666666666666,0.5,19,0.018118582230040224,0.01693468178744316
162,4,16,17,0.14166666666666666,1.0,1,1.0844795147174278,1.015229113909944
162,4,16,17,0.14166666666666666,1.0,3,0.34778089359447434,0.3191951002595998
162,4,16,17,0.14166666666666666,1.0,5,0.20811654753819228,0.19059450744230336
162,4,16,17,0.14166666666666666,1.0,7,0.1485478057540234,0.13595632445957848
162,4,16,17,0.14166666666666666,1.0,9,0.11550314852059701,0.10568523780860536
162,4,16,17,0.14166666666666666,1.0,11,0.09448851209987061,0.08644545920891519
162,4,16,17,0.14166666666666666,1.0,13,0.07994498164503748,0.07313433506427446
162,4,16,17,0.14166666666666666,1.0,15,0.06928193613771533,0.0633766597365578
162,4,16,17,0.14166666666666666,1.0,17,0.06112893064758752,0.05591678926724777
162,4,16,17,0.14166666666666666,1.0,19,0.05469293318732073,0.05002843160093322
163,4,16,17,0.14166666666666666,0.1,1,0.013711298995937761,0.013236035471150384
163,4,16,17,0.14166666666666666,0.1,3,0.004567152977756035,0.004396738730675414
163,4,16,17,0.14166666666666666,0.1,5,0.002740118762043741,0.002636448993512274
163,4,16,17,0.14166666666666666,0.1,7,0.0019571906117038587,0.0018827072247102497
163,4,16,17,0.14166666666666666,0.1,9,0.0015222465402609452,0.0014641279947735922
163,4,16,17,0.14166666666666666,0.1,11,0.001245468736083931,0.0011978199209175717
163,4,16,17,0.14166666666666666,0.1,13,0.0010538551929130627,0.0010134800172089304
163,4,16,17,0.14166666666666666,0.1,15,0.0009133394491474499,0.0008783114540519677
163,4,16,17,0.14166666666666666,0.1,17,0.0008058866748843379,0.0007749552195425486
163,4,16,17,0.14166666666666666,0.1,19,0.0007210557861563737,0.0006933630421898208
163,4,16,17,0.14166666666666666,0.5,1,0.3205784395471202,0.3135871065091915
163,4,16,17,0.14166666666666666,0.5,3,0.10519449986854974,0.10167275754505281
163,4,16,17,0.14166666666666666,0.5,5,0.06303857176025125,0.06077804766111916
163,4,16,17,0.14166666666666666,0.5,7,0.0450116100058871,0.04335331789145968
163,4,16,17,0.14166666666666666,0.5,9,0.03500375975360591,0.03369546193793166
163,4,16,17,0.14166666666666666,0.5,11,0.028637190058876674,0.02755723123936545
163,4,16,17,0.14166666666666666,0.5,13,0.024230341690230094,0.02331098766508961
163,4,16,17,0.14166666666666666,0.5,15,0.020998999586551544,0.020198722477841494
163,4,16,17,0.14166666666666666,0.5,17,0.018528147571142784,0.017819666356430425
163,4,16,17,0.14166666666666666,0.5,19,0.016577570654469995,0.01594200868976468
163,4,16,17,0.14166666666666666,1.0,1,1.0390123959005715,1.0263184669851593
163,4,16,17,0.14166666666666666,1.0,3,0.33245374538122935,0.32046146256109503
163,4,16,17,0.14166666666666666,1.0,5,0.19871252176457044,0.19058156099906756
163,4,16,17,0.14166666666666666,1.0,7,0.14176391305748176,0.13575008220008458
163,4,16,17,0.14166666666666666,1.0,9,0.11019811651018666,0.10544824230999734
163,4,16,17,0.14166666666666666,1.0,11,0.09013327040859646,0.0862142631070115
163,4,16,17,0.14166666666666666,1.0,13,0.076251221642573,0.07291784714646926
163,4,16,17,0.14166666666666666,1.0,15,0.06607528938324135,0.06317621759212749
163,4,16,17,0.14166666666666666,1.0,17,0.05829592874940198,0.05573149776904332
163,4,16,17,0.14166666666666666,1.0,19,0.05215561012284756,0.04985680816773333
164,4,16,17,0.14166666666666666,0.1,1,0.012893528979931783,0.012805797744659826
164,4,16,17,0.14166666666666666,0.1,3,0.0042933306860095,0.004265466152864833
164,4,16,17,0.14166666666666666,0.1,5,0.0025756926727878624,0.0025590949131763553
164,4,16,17,0.14166666666666666,0.1,7,0.0018397042195947202,0.0018278820309483126
164,4,16,17,0.14166666666666666,0.1,9,0.00143085161183565,0.001421670227895862
164,4,16,17,0.14166666666666666,0.1,11,0.0011706825087651072,0.001163177341023156
164,4,16,17,0.14166666666666666,0.1,13,0.000990569563268116,0.0009842229723517676
164,4,16,17,0.14166666666666666,0.1,15,0.0008584887583378968,0.0008529908396759159
164,4,16,17,0.14166666666666666,0.1,17,0.0007574868931467905,0.0007526374275795318
164,4,16,17,0.14166666666666666,0.1,19,0.0006777492302861198,0.0006734113811847532
164,4,16,17,0.14166666666666666,0.5,1,0.3038042639523139,0.3010493716437133
164,4,16,17,0.14166666666666666,0.5,3,0.09937052208269374,0.09900694394686986
164,4,16,17,0.14166666666666666,0.5,5,0.05950976650479494,0.05934092195524622
164,4,16,17,0.14166666666666666,0.5,7,0.0424808366083107,0.04237363978060004
164,4,16,17,0.14166666666666666,0.5,9,0.0330310491025997,0.032953073649488095
164,4,16,17,0.14166666666666666,0.5,11,0.027020923225857134,0.026959808203099806
164,4,16,17,0.14166666666666666,0.5,13,0.02286143420898958,0.02281124157524671
164,4,16,17,0.14166666666666666,0.5,15,0.019811793244292917,0.019769235099728843
164,4,16,17,0.14166666666666666,0.5,17,0.017480061689241752,0.017443133766854184
164,4,16,17,0.14166666666666666,0.5,19,0.015639421769674273,0.015606814484736949
164,4,16,17,0.14166666666666666,1.0,1,1.0082934149394118,1.002750754745133
164,4,16,17,0.14166666666666666,1.0,3,0.3218867020807403,0.32157703778434243
164,4,16,17,0.14166666666666666,1.0,5,0.19208010407681195,0.19218269522244485
164,4,16,17,0.14166666666666666,1.0,7,0.1369229449785576,0.1370882435208342
164,4,16,17,0.14166666666666666,1.0,9,0.10638498797015276,0.10655609016574404
164,4,16,17,0.14166666666666666,1.0,11,0.08698746080829291,0.08715069502370547
164,4,16,17,0.14166666666666666,1.0,13,0.07357376141402945,0.07372597075160109
164,4,16,17,0.14166666666666666,1.0,15,0.06374471072560679,0.06388580676739007
164,4,16,17,0.14166666666666666,1.0,17,0.05623261796841501,0.0563634289241829
164,4,16,17,0.14166666666666666,1.0,19,0.050304551455477846,0.05042612052344684
165,4,16,17,0.14166666666666666,0.1,1,0.01409744346590126,0.012718232862983979
165,4,16,17,0.14166666666666666,0.1,3,0.004695257596145529,0.00423564184148232
165,4,16,17,0.14166666666666666,0.1,5,0.0028169679272126128,0.002541203968490665
165,4,16,17,0.14166666666666666,0.1,7,0.00201208322222995,0.0018151100412907566
165,4,16,17,0.14166666666666666,0.1,9,0.001564941862528053,0.001411740843175055
165,4,16,17,0.14166666666666666,0.1,11,0.001280402110085009,0.0011550559637187178
165,4,16,17,0.14166666666666666,0.1,13,0.00108341480083215,0.0009773527461696266
165,4,16,17,0.14166666666666666,0.1,15,0.0009389582057760384,0.0008470377960084621
165,4,16,17,0.14166666666666666,0.1,17,0.0008284917748250848,0.0007473855530860903
165,4,16,17,0.14166666666666666,0.1,19,0.0007412816377169397,0.0006687129269056853
165,4,16,17,0.14166666666666666,0.5,1,0.3266440960023261,0.2956944128294077
165,4,16,17,0.14166666666666666,0.5,3,0.1066874306390014,0.09643226180730993
165,4,16,17,0.14166666666666666,0.5,5,0.06390601006046867,0.05775073007588157
165,4,16,17,0.14166666666666666,0.5,7,0.04562611174030263,0.041228976430877855
165,4,16,17,0.14166666666666666,0.5,9,0.03548023200049636,0.0320600684606444
165,4,16,17,0.14166666666666666,0.5,11,0.02902648580462408,0.02622809873220785
165,4,16,17,0.14166666666666666,0.5,13,0.024559511918532284,0.02219161083466657
165,4,16,17,0.14166666666666666,0.5,15,0.021284170289938842,0.019231970159730848
165,4,16,17,0.14166666666666666,0.5,17,0.018779713800528314,0.016968937623283095
165,4,16,17,0.14166666666666666,0.5,19,0.016802627976292114,0.015182452676020076
165,4,16,17,0.14166666666666666,1.0,1,1.0326179818902181,0.9566465895970578
165,4,16,17,0.14166666666666666,1.0,3,0.32385938239546386,0.30591912101902696
165,4,16,17,0.14166666666666666,1.0,5,0.19313157701541056,0.18285697764445563
165,4,16,17,0.14166666666666666,1.0,7,0.1376829953476379,0.13047429174586922
165,4,16,17,0.14166666666666666,1.0,9,0.10699448991003041,0.10143577698801114
165,4,16,17,0.14166666666666666,1.0,11,0.0875011429961994,0.08297457110266737
165,4,16,17,0.14166666666666666,1.0,13,0.07401957839654352,0.0702003232490577
165,4,16,17,0.14166666666666666,1.0,15,0.06413933686678994,0.06083542321106703
165,4,16,17,0.14166666666666666,1.0,17,0.0565869979871134,0.0536754498908217
165,4,16,17,0.14166666666666666,1.0,19,0.050626341552369,0.048023605038687044
166,4,16,17,0.14166666666666666,0.1,1,0.014375265577477463,0.014514960007542424
166,4,16,17,0.14166666666666666,0.1,3,0.004787240049184885,0.004832366385905816
166,4,16,17,0.14166666666666666,0.1,5,0.00287203272968072,0.0028990909444070686
166,4,16,17,0.14166666666666666,0.1,7,0.002051373439010485,0.0020707065612700316
166,4,16,17,0.14166666666666666,0.1,9,0.0015954821347933783,0.0016105237834762225
166,4,16,17,0.14166666666666666,0.1,11,0.0013053796027395587,0.0013176895797836839
166,4,16,17,0.14166666666666666,0.1,13,0.0011045436570446421,0.0011149619153657613
166,4,16,17,0.14166666666666666,0.1,15,0.0009572660640322953,0.0009662966904387574
166,4,16,17,0.14166666666666666,0.1,17,0.000844643172398396,0.0008526124236109649
166,4,16,17,0.14166666666666666,0.1,19,0.0007557310444936405,0.0007628622027940713
166,4,16,17,0.14166666666666666,0.5,1,0.33343917775301607,0.3347928465559015
166,4,16,17,0.14166666666666666,0.5,3,0.1093855257008098,0.10873822993114267
166,4,16,17,0.14166666666666666,0.5,5,0.06553341027577775,0.06511398093476384
166,4,16,17,0.14166666666666666,0.5,7,0.04678764565449959,0.04648414358201385
166,4,16,17,0.14166666666666666,0.5,9,0.03638253175288124,0.03614586517735019
166,4,16,17,0.14166666666666666,0.5,11,0.029763926224601393,0.029570295882375308
166,4,16,17,0.14166666666666666,0.5,13,0.025182941744782167,0.025019227759037026
166,4,16,17,0.14166666666666666,0.5,15,0.021824082174729163,0.021682332909712772
166,4,16,17,0.14166666666666666,0.5,17,0.019255821052260914,0.019130867898418155
166,4,16,17,0.14166666666666666,0.5,19,0.01722840611081273,0.01711670570544719
166,4,16,17,0.14166666666666666,1.0,1,1.0644733063513798,1.0456178753110983
166,4,16,17,0.14166666666666666,1.0,3,0.346591042780224,0.33303836124914915
166,4,16,17,0.14166666666666666,1.0,5,0.20736219011306356,0.1994646051245062
166,4,16,17,0.14166666666666666,1.0,7,0.14795607625360443,0.14240840358297804
166,4,16,17,0.14166666666666666,1.0,9,0.1150124029089346,0.11074091821505708
166,4,16,17,0.14166666666666666,1.0,11,0.09406887443699032,0.09059731327869264
166,4,16,17,0.14166666666666666,1.0,13,0.07957845350891649,0.07665484917429151
166,4,16,17,0.14166666666666666,1.0,15,0.06895663206049917,0.06643174592093562
166,4,16,17,0.14166666666666666,1.0,17,0.0608365552353841,0.058614762472746426
166,4,16,17,0.14166666666666666,1.0,19,0.05442746134282035,0.05244383343947046
167,4,16,17,0.14166666666666666,0.1,1,0.013483349253468857,0.01411825859403839
167,4,16,17,0.14166666666666666,0.1,3,0.004489185228119581,0.0046912038488694675
167,4,16,17,0.14166666666666666,0.1,5,0.002693168019463845,0.00281316257956803
167,4,16,17,0.14166666666666666,0.1,7,0.0019236077008652512,0.002008941251602066
167,4,16,17,0.14166666666666666,0.1,9,0.0014961074455098445,0.0015623142679465566
167,4,16,17,0.14166666666666666,0.1,11,0.0012240726252599502,0.0012781563360514828
167,4,16,17,0.14166666666666666,0.1,13,0.0010357453125842474,0.0010814582599017258
167,4,16,17,0.14166666666666666,0.1,15,0.0008976407972833317,0.0009372267387742939
167,4,16,17,0.14166666666666666,0.1,17,0.0007920326443564918,0.0008269398377419888
167,4,16,17,0.14166666666666666,0.1,19,0.0007086584814943107,0.0007398759783735629
167,4,16,17,0.14166666666666666,0.5,1,0.31472330509645396,0.33545587577706015
167,4,16,17,0.14166666666666666,0.5,3,0.10245343277864204,0.10894178703405719
167,4,16,17,0.14166666666666666,0.5,5,0.061324880534133853,0.06511395421074109
167,4,16,17,0.14166666666666666,0.5,7,0.04377007299861727,0.04644038745321914
167,4,16,17,0.14166666666666666,0.5,9,0.03403133779774699,0.03609175223044452
167,4,16,17,0.14166666666666666,0.5,11,0.027838278073421114,0.029515220103567608
167,4,16,17,0.14166666666666666,0.5,13,0.023552501800657256,0.02496616696261588
167,4,16,17,0.14166666666666666,0.5,15,0.020410412324895464,0.021632184287660408
167,4,16,17,0.14166666666666666,0.5,17,0.018008067216852306,0.019083781500866155
167,4,16,17,0.14166666666666666,0.5,19,0.016111725438193183,0.01707255563346529
167,4,16,17,0.14166666666666666,1.0,1,1.0167613182200752,1.0908257172767115
167,4,16,17,0.14166666666666666,1.0,3,0.31261921256473224,0.34642198210995845
167,4,16,17,0.14166666666666666,1.0,5,0.18571511559621975,0.2059631561869359
167,4,16,17,0.14166666666666666,1.0,7,0.13221454196865692,0.14657791425198047
167,4,16,17,0.14166666666666666,1.0,9,0.10267001194162002,0.11378198793064266
167,4,16,17,0.14166666666666666,1.0,11,0.08392559149643053,0.09298139057601904
167,4,16,17,0.14166666666666666,1.0,13,0.07097185564514194,0.07861166195867313
167,4,16,17,0.14166666666666666,1.0,15,0.06148357237868423,0.06808944930456819
167,4,16,17,0.14166666666666666,1.0,17,0.05423379496144486,0.060051794727135316
167,4,16,17,0.14166666666666666,1.0,19,0.04851376324474821,0.053711556301279134
168,4,16,17,0.14166666666666666,0.1,1,0.018872014150621588,0.014377594567511705
168,4,16,17,0.14166666666666666,0.1,3,0.006285997588803337,0.0047873695455675404
168,4,16,17,0.14166666666666666,0.1,5,0.0037709886960410562,0.0028719114818159443
168,4,16,17,0.14166666666666666,0.1,7,0.0026933731907967657,0.002051216990805987
168,4,16,17,0.14166666666666666,0.1,9,0.0020947629554126986,0.001595328467735862
168,4,16,17,0.14166666666666666,0.1,11,0.0017138536133832311,0.001305236671707662
168,4,16,17,0.14166666666666666,0.1,13,0.0014501583523494582,0.001104412425506607
168,4,16,17,0.14166666666666666,0.1,15,0.0012567876791215004,0.0009571456946010597
168,4,16,17,0.14166666666666666,0.1,17,0.0011089193385757931,0.0008445324386979196
168,4,16,17,0.14166666666666666,0.1,19,0.0009921832308524734,0.0007556287439781571
168,4,16,17,0.14166666666666666,0.5,1,0.42415362845886395,0.33481137973022984
168,4,16,17,0.14166666666666666,0.5,3,0.14128944872851912,0.11045094217795717
168,4,16,17,0.14166666666666666,0.5,5,0.08471693977414423,0.06619182981881726
168,4,16,17,0.14166666666666666,0.5,7,0.06048981774311442,0.04725898051430667
168,4,16,17,0.14166666666666666,0.5,9,0.04703699838389613,0.03674857466829746
168,4,16,17,0.14166666666666666,0.5,11,0.03847897116231079,0.03006282250400095
168,4,16,17,0.14166666666666666,0.5,13,0.03255558701576505,0.025435387608304043
168,4,16,17,0.14166666666666666,0.5,15,0.028212537654652193,0.022042518494401184
168,4,16,17,0.14166666666666666,0.5,17,0.024891834061291227,0.019448295655384813
168,4,16,17,0.14166666666666666,0.5,19,0.0222705093179043,0.017400419356251372
168,4,16,17,0.14166666666666666,1.0,1,1.2302227038925344,1.069193714561306
168,4,16,17,0.14166666666666666,1.0,3,0.42616142184665234,0.3514481474171007
168,4,16,17,0.14166666666666666,1.0,5,0.2562734412877917,0.21065775592012756
168,4,16,17,0.14166666666666666,1.0,7,0.1830442152449807,0.15040364393134062
168,4,16,17,0.14166666666666666,1.0,9,0.14232463936886994,0.11695113258665515
168,4,16,17,0.14166666666666666,1.0,11,0.11641273892868935,0.0956716076049962
168,4,16,17,0.14166666666666666,1.0,13,0.09847799441180466,0.08094357015431075
168,4,16,17,0.14166666666666666,1.0,15,0.0853294880038852,0.07014509794807224
168,4,16,17,0.14166666666666666,1.0,17,0.0752774160616258,0.06188865252349198
168,4,16,17,0.14166666666666666,1.0,19,0.06734347798589167,0.055371155178577165
169,4,16,17,0.14166666666666666,0.1,1,0.014007798210224187,0.013996048979922987
169,4,16,17,0.14166666666666666,0.1,3,0.004665006908020261,0.004659493404624897
169,4,16,17,0.14166666666666666,0.1,5,0.0027987741595263582,0.002795289453546616
169,4,16,17,0.14166666666666666,0.1,7,0.00199907450343563,0.00199653239994477
169,4,16,17,0.14166666666666666,0.1,9,0.0015548183034931658,0.0015528184047385386
169,4,16,17,0.14166666666666666,0.1,11,0.0012721162557956544,0.001270468214624486
169,4,16,17,0.14166666666666666,0.1,13,0.0010764019729958554,0.0010750006113709877
169,4,16,17,0.14166666666666666,0.1,15,0.0009328793297884373,0.0009316604639089871
169,4,16,17,0.14166666666666666,0.1,17,0.0008231273247806909,0.0008220489235187969
169,4,16,17,0.14166666666666666,0.1,19,0.0007364813472168164,0.0007355143942087179
169,4,16,17,0.14166666666666666,0.5,1,0.32424333609097455,0.32384346955069077
169,4,16,17,0.14166666666666666,0.5,3,0.10595488545829539,0.10557211194156196
169,4,16,17,0.14166666666666666,0.5,5,0.06346448785698809,0.06321723052209813
169,4,16,17,0.14166666666666666,0.5,7,0.04530861046735799,0.04512691559510707
169,4,16,17,0.14166666666666666,0.5,9,0.03523204830928126,0.03508857990435403
169,4,16,17,0.14166666666666666,0.5,11,0.02882268465173488,0.028704194211499362
169,4,16,17,0.14166666666666666,0.5,13,0.024386593055549813,0.024285687742265718
169,4,16,17,0.14166666666666666,0.5,15,0.021133990805418213,0.02104613203663231
169,4,16,17,0.14166666666666666,0.5,17,0.018646980616302808,0.01856918415279012
169,4,16,17,0.14166666666666666,0.5,19,0.01668370543788019,0.01661390501703793
169,4,16,17,0.14166666666666666,1.0,1,1.0246803292255613,1.018472262875774
169,4,16,17,0.14166666666666666,1.0,3,0.3257955413797286,0.3242594819286983
169,4,16,17,0.14166666666666666,1.0,5,0.1943724120266664,0.1936692615125959
169,4,16,17,0.14166666666666666,1.0,7,0.1385430879788834,0.13809920980290277
169,4,16,17,0.14166666666666666,1.0,9,0.10763812658527946,0.10731508277515671
169,4,16,17,0.14166666666666666,1.0,11,0.08800940862841859,0.08775550791809804
169,4,16,17,0.14166666666666666,1.0,13,0.07443667199806049,0.07422743104315077
169,4,16,17,0.14166666666666666,1.0,15,0.06449149150513422,0.06431346482010818
169,4,16,17,0.14166666666666666,1.0,17,0.05689086079469225,0.05673588683779447
169,4,16,17,0.14166666666666666,1.0,19,0.05089305032371457,0.05075580550559287
170,4,16,17,0.14166666666666666,0.1,1,0.01201241420041663,0.01217691431931795
170,4,16,17,0.14166666666666666,0.1,3,0.003997857862924758,0.004053564551844032
170,4,16,17,0.14166666666666666,0.1,5,0.0023984116863559916,0.002431878158802048
170,4,16,17,0.14166666666666666,0.1,7,0.001713091539566486,0.0017370045289468673
170,4,16,17,0.14166666666666666,0.1,9,0.0013323854306281932,0.001350987101202875
170,4,16,17,0.14166666666666666,0.1,11,0.0010901256230460162,0.0011053462813570018
170,4,16,17,0.14166666666666666,0.1,13,0.0009224101385443632,0.0009352896971960317
170,4,16,17,0.14166666666666666,0.1,15,0.0007994200264747301,0.0008105826043272035
170,4,16,17,0.14166666666666666,0.1,17,0.0007053693770073691,0.0007152188835972097
170,4,16,17,0.14166666666666666,0.1,19,0.000631119194351838,0.0006399320194266991
170,4,16,17,0.14166666666666666,0.5,1,0.28660630600718295,0.29124474387678434
170,4,16,17,0.14166666666666666,0.5,3,0.09244060935487751,0.0941673103172866
170,4,16,17,0.14166666666666666,0.5,5,0.0553084766867599,0.056344648144182774
170,4,16,17,0.14166666666666666,0.5,7,0.03947513839225897,0.04021492383619989
170,4,16,17,0.14166666666666666,0.5,9,0.03069296491556848,0.03126820485398633
170,4,16,17,0.14166666666666666,0.5,11,0.025108312488574792,0.025578893968461164
170,4,16,17,0.14166666666666666,0.5,13,0.021243492151971965,0.021641640671042836
170,4,16,17,0.14166666666666666,0.5,15,0.018409936983619157,0.01875497889288715
170,4,16,17,0.14166666666666666,0.5,17,0.016243419399699133,0.016547856011046844
170,4,16,17,0.14166666666666666,0.5,19,0.014533182538967147,0.014805565470186301
170,4,16,17,0.14166666666666666,1.0,1,0.9640956319034231,0.9957590299978366
170,4,16,17,0.14166666666666666,1.0,3,0.2899869306486448,0.3054361836803383
170,4,16,17,0.14166666666666666,1.0,5,0.17237139895266498,0.18188446917322038
170,4,16,17,0.14166666666666666,1.0,7,0.12279691967456598,0.12963117054184647
170,4,16,17,0.14166666666666666,1.0,9,0.09540371844608163,0.10073027119258116
170,4,16,17,0.14166666666666666,1.0,11,0.07801394190976471,0.08237625223743258
170,4,16,17,0.14166666666666666,1.0,13,0.06599051321378477,0.06968365492339369
170,4,16,17,0.14166666666666666,1.0,15,0.0571801908262189,0.060381943477708776
170,4,16,17,0.14166666666666666,1.0,17,0.05044627120676748,0.05327194107328323
170,4,16,17,0.14166666666666666,1.0,19,0.045131844880026584,0.0476604426494238
171,4,16,17,0.14166666666666666,0.1,1,0.014941504146051497,0.01357240295155372
171,4,16,17,0.14166666666666666,0.1,3,0.004974529205092419,0.004511743046432458
171,4,16,17,0.14166666666666666,0.1,5,0.002984313477303292,0.0027060854780483405
171,4,16,17,0.14166666666666666,0.1,7,0.0021315516215799587,0.0019326628264887426
171,4,16,17,0.14166666666666666,0.1,9,0.0016578345098939135,0.0015030796514572716
171,4,16,17,0.14166666666666666,0.1,11,0.0013563911650363776,0.0012297414249903987
171,4,16,17,0.14166666666666666,0.1,13,0.001147705077680054,0.0010405214668882342
171,4,16,17,0.14166666666666666,0.1,15,0.000994671289780036,0.000901767272492898
171,4,16,17,0.14166666666666666,0.1,17,0.0008776469128557274,0.0007956650687248408
171,4,16,17,0.14166666666666666,0.1,19,0.0007852601101202869,0.0007119025334372831
171,4,16,17,0.14166666666666666,0.5,1,0.3435047262093836,0.3167083144067277
171,4,16,17,0.14166666666666666,0.5,3,0.11215522125014184,0.10109348873892923
171,4,16,17,0.14166666666666666,0.5,5,0.06716502721639533,0.060407613679731575
171,4,16,17,0.14166666666666666,0.5,7,0.04794563698527675,0.04309327656163911
171,4,16,17,0.14166666666666666,0.5,9,0.037280326418673335,0.03349747921296882
171,4,16,17,0.14166666666666666,0.5,11,0.030497101715896736,0.027398167792601326
171,4,16,17,0.14166666666666666,0.5,13,0.025802552351398098,0.02317837623757845
171,4,16,17,0.14166666666666666,0.5,15,0.02236060855216573,0.020085172446782033
171,4,16,17,0.14166666666666666,0.5,17,0.019728919550474937,0.01772046713887298
171,4,16,17,0.14166666666666666,0.5,19,0.01765149313190263,0.0158539855684846
171,4,16,17,0.14166666666666666,1.0,1,1.0645435087570525,1.0197678005328634
171,4,16,17,0.14166666666666666,1.0,3,0.34355100907770253,0.3111412689299374
171,4,16,17,0.14166666666666666,1.0,5,0.20527201824416552,0.1848251899528857
171,4,16,17,0.14166666666666666,1.0,7,0.14637875993906885,0.13155128105711159
171,4,16,17,0.14166666666666666,1.0,9,0.11374903719068448,0.10213627838689276
171,4,16,17,0.14166666666666666,1.0,11,0.09301619071371893,0.08347779617608755
171,4,16,17,0.14166666666666666,1.0,13,0.07867659590364155,0.07058576298120812
171,4,16,17,0.14166666666666666,1.0,15,0.06816796210764142,0.061144086756571195
171,4,16,17,0.14166666666666666,1.0,17,0.06013591265489978,0.053930811253254544
171,4,16,17,0.14166666666666666,1.0,19,0.05379721404061012,0.048240163200099065
172,4,16,17,0.14166666666666666,0.1,1,0.013195862905659213,0.013834777087229506
172,4,16,17,0.14166666666666666,0.1,3,0.004397769474579558,0.004611470853227465
172,4,16,17,0.14166666666666666,0.1,5,0.002638620702848421,0.0027668763938265032
172,4,16,17,0.14166666666666666,0.1,7,0.001884721006449435,0.001976339071969328
172,4,16,17,0.14166666666666666,0.1,9,0.0014658915338912424,0.0015371522239373072
172,4,16,17,0.14166666666666666,0.1,11,0.0011993647309552883,0.0012576698407795292
172,4,16,17,0.14166666666666666,0.1,13,0.0010148465595422704,0.001064182094774014
172,4,16,17,0.14166666666666666,0.1,15,0.0008795334019116456,0.000922291106278625
172,4,16,17,0.14166666666666666,0.1,17,0.0007760587171420421,0.0008137862451686677
172,4,16,17,0.14166666666666666,0.1,19,0.0006943682211570817,0.0007281245194157176
172,4,16,17,0.14166666666666666,0.5,1,0.3106460381676929,0.3228895822708623
172,4,16,17,0.14166666666666666,0.5,3,0.10313574198162753,0.10765693849850734
172,4,16,17,0.14166666666666666,0.5,5,0.06185930455463782,0.06459060684641882
172,4,16,17,0.14166666666666666,0.5,7,0.04418081318867658,0.04613535089949778
172,4,16,17,0.14166666666666666,0.5,9,0.03436144034410495,0.03588278612879766
172,4,16,17,0.14166666666666666,0.5,11,0.028113319115674835,0.029358531886276906
172,4,16,17,0.14166666666666666,0.5,13,0.023787907392719874,0.024841780055183726
172,4,16,17,0.14166666666666666,0.5,15,0.020616030983372325,0.021529512871298003
172,4,16,17,0.14166666666666666,0.5,17,0.018190523895138554,0.018996611351020543
172,4,16,17,0.14166666666666666,0.5,19,0.016275674378507455,0.01699695695246875
172,4,16,17,0.14166666666666666,1.0,1,1.026538839947044,1.0413380772485819
172,4,16,17,0.14166666666666666,1.0,3,0.3402858685707639,0.350811828467926
172,4,16,17,0.14166666666666666,1.0,5,0.20384352899416078,0.21030121951939998
172,4,16,17,0.14166666666666666,1.0,7,0.14553317763392806,0.15017081446114697
172,4,16,17,0.14166666666666666,1.0,9,0.11316980739037255,0.11678456834203457
172,4,16,17,0.14166666666666666,1.0,11,0.09258400676331041,0.09554467844934077
172,4,16,17,0.14166666666666666,1.0,13,0.07833568172667842,0.08084237985680842
172,4,16,17,0.14166666666666666,1.0,15,0.06788839855705833,0.07006168928934584
172,4,16,17,0.14166666666666666,1.0,17,0.05990003611874943,0.06181812687160733
172,4,16,17,0.14166666666666666,1.0,19,0.05359383195840572,0.05531031964370355
173,4,16,17,0.14166666666666666,0.1,1,0.014947282996367169,0.013706663197314057
173,4,16,17,0.14166666666666666,0.1,3,0.004965433758779425,0.004562986759691258
173,4,16,17,0.14166666666666666,0.1,5,0.002977513565433435,0.0027374914115548426
173,4,16,17,0.14166666666666666,0.1,7,0.0021262814571982127,0.001955288801680764
173,4,16,17,0.14166666666666666,0.1,9,0.001653556548382183,0.001520759324652032
173,4,16,17,0.14166666666666666,0.1,11,0.0013527977026012623,0.0012442486061517493
173,4,16,17,0.14166666666666666,0.1,13,0.0011446097373471252,0.0010528211657868285
173,4,16,17,0.14166666666666666,0.1,15,0.000991953859316227,0.000912442419983042
173,4,16,17,0.14166666666666666,0.1,17,0.0008752256845889229,0.000805094665916868
173,4,16,17,0.14166666666666666,0.1,19,0.0007830771442258182,0.0007203468260664269
173,4,16,17,0.14166666666666666,0.5,1,0.35105644236261135,0.3174544133021768
173,4,16,17,0.14166666666666666,0.5,3,0.1134265708126334,0.10264463575402277
173,4,16,17,0.14166666666666666,0.5,5,0.06781864127461804,0.06143715204977167
173,4,16,17,0.14166666666666666,0.5,7,0.04838082518733382,0.04385278099387336
173,4,16,17,0.14166666666666666,0.5,9,0.037605375122165434,0.034097370762904484
173,4,16,17,0.14166666666666666,0.5,11,0.03075612069406526,0.027893377057777637
173,4,16,17,0.14166666666666666,0.5,13,0.026017683309690214,0.02359982258455482
173,4,16,17,0.14166666666666666,0.5,15,0.022544496555310038,0.020451899338249663
173,4,16,17,0.14166666666666666,0.5,17,0.019889450809025693,0.018045010290163487
173,4,16,17,0.14166666666666666,0.5,19,0.01779391122366011,0.016145026451016762
173,4,16,17,0.14166666666666666,1.0,1,1.1102836419134274,1.0081879048710172
173,4,16,17,0.14166666666666666,1.0,3,0.3482693459721516,0.30430542910764086
173,4,16,17,0.14166666666666666,1.0,5,0.20808305299644667,0.18167137425864033
173,4,16,17,0.14166666666666666,1.0,7,0.14839510080742552,0.12957985553487966
173,4,16,17,0.14166666666666666,1.0,9,0.11532520044812902,0.10072213220134163
173,4,16,17,0.14166666666666666,1.0,11,0.09431137312197352,0.08238200068435343
173,4,16,17,0.14166666666666666,1.0,13,0.07977641325489584,0.06969407886949738
173,4,16,17,0.14166666666666666,1.0,15,0.06912390376936328,0.06039371061109969
173,4,16,17,0.14166666666666666,1.0,17,0.06098140957502946,0.0532837548944349
173,4,16,17,0.14166666666666666,1.0,19,0.05455522299269664,0.04767179397976695
174,4,16,17,0.14166666666666666,0.1,1,0.01090841776071157,0.012941488717478659
174,4,16,17,0.14166666666666666,0.1,3,0.0036293384166845794,0.004306664686179611
174,4,16,17,0.14166666666666666,0.1,5,0.0021770943394756378,0.002583429273371286
174,4,16,17,0.14166666666666666,0.1,7,0.0015549342852755736,0.00184515370051124
174,4,16,17,0.14166666666666666,0.1,9,0.0012093403994146445,0.0014350578034384642
174,4,16,17,0.14166666666666666,0.1,11,0.0009894341621602789,0.0011741073785268951
174,4,16,17,0.14166666666666666,0.1,13,0.0008371987333650239,0.0009934579275951484
174,4,16,17,0.14166666666666666,0.1,15,0.0007255630796824123,0.0008609859489326865
174,4,16,17,0.14166666666666666,0.1,17,0.0006401966619909538,0.0007596862310836287
174,4,16,17,0.14166666666666666,0.1,19,0.0005728033294514286,0.0006797141994629004
174,4,16,17,0.14166666666666666,0.5,1,0.26174075714242667,0.30291000895967046
174,4,16,17,0.14166666666666666,0.5,3,0.08498657635339923,0.09817023797179769
174,4,16,17,0.14166666666666666,0.5,5,0.05087535383247929,0.05871932878940262
174,4,16,17,0.14166666666666666,0.5,7,0.036313228774691904,0.04189784261882721
174,4,16,17,0.14166666666666666,0.5,9,0.02823407958798283,0.03257031116934705
174,4,16,17,0.14166666666666666,0.5,11,0.023096189804339844,0.02664035731789669
174,4,16,17,0.14166666666666666,0.5,13,0.019540549836966667,0.02253738732946573
174,4,16,17,0.14166666666666666,0.5,15,0.016933724668377573,0.019529698297843862
174,4,16,17,0.14166666666666666,0.5,17,0.014940611902869206,0.01723032606184045
174,4,16,17,0.14166666666666666,0.5,19,0.013367299055276826,0.015415398906140253
174,4,16,17,0.14166666666666666,1.0,1,0.901426861686637,0.9931879625011295
174,4,16,17,0.14166666666666666,1.0,3,0.29016064077252524,0.3026913757535849
174,4,16,17,0.14166666666666666,1.0,5,0.17399387744325798,0.17924466985606807
174,4,16,17,0.14166666666666666,1.0,7,0.12423538194807446,0.1274027953463334
174,4,16,17,0.14166666666666666,1.0,9,0.0966045383672811,0.09884079908312299
174,4,16,17,0.14166666666666666,1.0,11,0.079027186028309,0.08074637602745126
174,4,16,17,0.14166666666666666,1.0,13,0.06686126026130597,0.0682543527990172
174,4,16,17,0.14166666666666666,1.0,15,0.05794125503517624,0.05911087421199833
174,4,16,17,0.14166666666666666,1.0,17,0.05112107356693116,0.05212836185312766
174,4,16,17,0.14166666666666666,1.0,19,0.04573735100940782,0.04662154371690187
175,4,16,17,0.14166666666666666,0.1,1,0.013155479419759527,0.013150942245933868
175,4,16,17,0.14166666666666666,0.1,3,0.004381006928109656,0.00438126544098915
175,4,16,17,0.14166666666666666,0.1,5,0.002628373880106372,0.002628539826826024
175,4,16,17,0.14166666666666666,0.1,7,0.0018773588494202767,0.001877466101861746
175,4,16,17,0.14166666666666666,0.1,9,0.001460149841499042,0.0014602254451467624
175,4,16,17,0.14166666666666666,0.1,11,0.001194659790664608,0.001194716684977365
175,4,16,17,0.14166666666666666,0.1,13,0.0010108615957042108,0.0010109064849179055
175,4,16,17,0.14166666666666666,0.1,15,0.0008760774718377392,0.0008761141536049938
175,4,16,17,0.14166666666666666,0.1,17,0.0007730078987095608,0.0007730386873238582
175,4,16,17,0.14166666666666666,0.1,19,0.0006916375481026611,0.0006916639385558831
175,4,16,17,0.14166666666666666,0.5,1,0.30677156851456344,0.30795326787158395
175,4,16,17,0.14166666666666666,0.5,3,0.10013484532263325,0.10192157387968993
175,4,16,17,0.14166666666666666,0.5,5,0.05997725612644229,0.061104430870807705
175,4,16,17,0.14166666666666666,0.5,7,0.042819731733290185,0.04363454006651183
175,4,16,17,0.14166666666666666,0.5,9,0.03329720653490529,0.03393370141657339
175,4,16,17,0.14166666666666666,0.5,11,0.027240151259694548,0.027761921576560742
175,4,16,17,0.14166666666666666,0.5,13,0.023047838143836707,0.02348975652279442
175,4,16,17,0.14166666666666666,0.5,15,0.019973937896710613,0.020357126118514646
175,4,16,17,0.14166666666666666,0.5,17,0.017623541853328373,0.01796174114961958
175,4,16,17,0.14166666666666666,0.5,19,0.015768094833244328,0.016070738575838305
175,4,16,17,0.14166666666666666,1.0,1,0.9931394826449919,1.0016331041884854
175,4,16,17,0.14166666666666666,1.0,3,0.310313313039477,0.32497587182603765
175,4,16,17,0.14166666666666666,1.0,5,0.18497770004508776,0.1942617381291525
175,4,16,17,0.14166666666666666,1.0,7,0.13186174050546778,0.13860490901275638
175,4,16,17,0.14166666666666666,1.0,9,0.1024661178158532,0.1077528481481146
175,4,16,17,0.14166666666666666,1.0,11,0.08379409268187762,0.08813972166629602
175,4,16,17,0.14166666666666666,1.0,13,0.07088075066732184,0.07456894953766073
175,4,16,17,0.14166666666666666,1.0,15,0.061417192360968355,0.06462041218829956
175,4,16,17,0.14166666666666666,1.0,17,0.05418359186531739,0.05701439224280906
175,4,16,17,0.14166666666666666,1.0,19,0.04847469012685153,0.05101056167360409
176,4,16,17,0.14166666666666666,0.1,1,0.010992823282912404,0.012054505857757183
176,4,16,17,0.14166666666666666,0.1,3,0.0036624391281213538,0.004001812474219861
176,4,16,17,0.14166666666666666,0.1,5,0.002197375929660786,0.0024000303013686176
176,4,16,17,0.14166666666666666,0.1,7,0.0015695370169200138,0.0017140884664805253
176,4,16,17,0.14166666666666666,0.1,9,0.0012207455029518927,0.0013331086494089946
176,4,16,17,0.14166666666666666,0.1,11,0.000998789493201282,0.0010906955116859972
176,4,16,17,0.14166666666666666,0.1,13,0.0008451284606791109,0.0009228816649009279
176,4,16,17,0.14166666666666666,0.1,15,0.0007324440621038829,0.0007998228517468353
176,4,16,17,0.14166666666666666,0.1,17,0.0006462738163851206,0.0007057213651011287
176,4,16,17,0.14166666666666666,0.1,19,0.0005782447702296526,0.0006314319659290052
176,4,16,17,0.14166666666666666,0.5,1,0.2623429151900114,0.29278487455112573
176,4,16,17,0.14166666666666666,0.5,3,0.08667239033061486,0.0941202140768769
176,4,16,17,0.14166666666666666,0.5,5,0.05197189400853196,0.056200121556669674
176,4,16,17,0.14166666666666666,0.5,7,0.037116659416291095,0.040080378872893195
176,4,16,17,0.14166666666666666,0.5,9,0.02886656147028538,0.031152217829055306
176,4,16,17,0.14166666666666666,0.5,11,0.023617289007248982,0.02547900503703636
176,4,16,17,0.14166666666666666,0.5,13,0.019983467692114325,0.021554606732910875
176,4,16,17,0.14166666666666666,0.5,15,0.01731879217379998,0.018678154508789083
176,4,16,17,0.14166666666666666,0.5,17,0.015281161560157032,0.016479235857600465
176,4,16,17,0.14166666666666666,0.5,19,0.013672539427378349,0.014743640338111019
176,4,16,17,0.14166666666666666,1.0,1,0.8960522419527434,1.0099605670911946
176,4,16,17,0.14166666666666666,1.0,3,0.2971747426606917,0.31874252831498767
176,4,16,17,0.14166666666666666,1.0,5,0.17818134904000413,0.188750745479524
176,4,16,17,0.14166666666666666,1.0,7,0.12724475545623865,0.13406027772368212
176,4,16,17,0.14166666666666666,1.0,9,0.0989589558943172,0.10394193714323292
176,4,16,17,0.14166666666666666,1.0,11,0.0809625504244695,0.0848739050442863
176,4,16,17,0.14166666666666666,1.0,13,0.06850487465896951,0.07171748320945474
176,4,16,17,0.14166666666666666,1.0,15,0.05936985360477573,0.06209250009769698
176,4,16,17,0.14166666666666666,1.0,17,0.052384550971146464,0.05474534091225589
176,4,16,17,0.14166666666666666,1.0,19,0.046870001659947785,0.04895296325545984
177,4,16,17,0.14166666666666666,0.1,1,0.015052140530403236,0.01221107653940396
177,4,16,17,0.14166666666666666,0.1,3,0.005007839353663544,0.004065454437614425
177,4,16,17,0.14166666666666666,0.1,5,0.003004038287594036,0.0024389029178599267
177,4,16,17,0.14166666666666666,0.1,7,0.0021455725920073864,0.0017419761045967593
177,4,16,17,0.14166666666666666,0.1,9,0.0016687126043940753,0.001354831389706783
177,4,16,17,0.14166666666666666,0.1,11,0.0013652780247114145,0.00110847911451828
177,4,16,17,0.14166666666666666,0.1,13,0.0011552171527019683,0.0009379329351478288
177,4,16,17,0.14166666666666666,0.1,15,0.00100117706332316,0.0008128684308842902
177,4,16,17,0.14166666666666666,0.1,17,0.0008833841976838609,0.0007172323607760868
177,4,16,17,0.14166666666666666,0.1,19,0.0007903913118228619,0.0006417310921785008
177,4,16,17,0.14166666666666666,0.5,1,0.35329613616732164,0.2862922538724221
177,4,16,17,0.14166666666666666,0.5,3,0.11383497903000402,0.09374812670972978
177,4,16,17,0.14166666666666666,0.5,5,0.06811258678343692,0.05616410581564442
177,4,16,17,0.14166666666666666,0.5,7,0.048614381519798334,0.04009831114624948
177,4,16,17,0.14166666666666666,0.5,9,0.037799039269076136,0.03118078584428466
177,4,16,17,0.14166666666666666,0.5,11,0.030921387333257954,0.025508432392689975
177,4,16,17,0.14166666666666666,0.5,13,0.026161734502417985,0.021582389885040444
177,4,16,17,0.14166666666666666,0.5,15,0.022672115764596705,0.018703749098522376
177,4,16,17,0.14166666666666666,0.5,17,0.020003978381381408,0.016502676772475706
177,4,16,17,0.14166666666666666,0.5,19,0.017897768697687052,0.014765126647433131
177,4,16,17,0.14166666666666666,1.0,1,1.1394954986047303,0.9417884692449309
177,4,16,17,0.14166666666666666,1.0,3,0.3470413747989075,0.3055594083254517
177,4,16,17,0.14166666666666666,1.0,5,0.20521229726204995,0.1831659335593562
177,4,16,17,0.14166666666666666,1.0,7,0.14587580892228644,0.13080323273894648
177,4,16,17,0.14166666666666666,1.0,9,0.11320143918310839,0.10172660688867183
177,4,16,17,0.14166666666666666,1.0,11,0.092499871911138,0.08322701325055756
177,4,16,17,0.14166666666666666,1.0,13,0.0782048230760241,0.07042095280972113
177,4,16,17,0.14166666666666666,1.0,15,0.06773923414269806,0.06103043291573441
177,4,16,17,0.14166666666666666,1.0,17,0.059745393686287084,0.05384974095538556
177,4,16,17,0.14166666666666666,1.0,19,0.05343980556744836,0.0481809339740207
178,4,16,17,0.14166666666666666,0.1,1,0.013135617012142747,0.01349617939749283
178,4,16,17,0.14166666666666666,0.1,3,0.004374539372282682,0.004488196533309136
178,4,16,17,0.14166666666666666,0.1,5,0.002624493138170545,0.0026919133269144553
178,4,16,17,0.14166666666666666,0.1,7,0.0018745856146877291,0.0019225067564442276
178,4,16,17,0.14166666666666666,0.1,9,0.0014579920926124815,0.0014951622364061728
178,4,16,17,0.14166666666666666,0.1,11,0.0011928938781512785,0.001223252837861754
178,4,16,17,0.14166666666666666,0.1,13,0.0010093670527806086,0.001035024391941399
178,4,16,17,0.14166666666666666,0.1,15,0.0008747819926020187,0.0008969986537942225
178,4,16,17,0.14166666666666666,0.1,17,0.0007718646818828942,0.0007914543313353252
178,4,16,17,0.14166666666666666,0.1,19,0.0006906145627884759,0.0007081327612101595
178,4,16,17,0.14166666666666666,0.5,1,0.3100447648138836,0.32157977961300466
178,4,16,17,0.14166666666666666,0.5,3,0.10148264036535369,0.10458668356207494
178,4,16,17,0.14166666666666666,0.5,5,0.0607930356631765,0.06256389446987971
178,4,16,17,0.14166666666666666,0.5,7,0.04340299654670049,0.044639244658809064
178,4,16,17,0.14166666666666666,0.5,9,0.0337507848404605,0.03469979903496252
178,4,16,17,0.14166666666666666,0.5,11,0.027611128599365414,0.028381039927254412
178,4,16,17,0.14166666666666666,0.5,13,0.023361628551767013,0.024009236756049202
178,4,16,17,0.14166666666666666,0.5,15,0.02024580133796852,0.020804604680998207
178,4,16,17,0.14166666666666666,0.5,17,0.017863353753031247,0.01835475417734902
178,4,16,17,0.14166666666666666,0.5,19,0.015982611224702452,0.01642110988654239
178,4,16,17,0.14166666666666666,1.0,1,1.028385291288098,1.0698497716401114
178,4,16,17,0.14166666666666666,1.0,3,0.3295263235130208,0.3393790651376421
178,4,16,17,0.14166666666666666,1.0,5,0.1971903943938643,0.20251589587433833
178,4,16,17,0.14166666666666666,1.0,7,0.1407369112154942,0.14436371203653608
178,4,16,17,0.14166666666666666,1.0,9,0.10942257085449894,0.11216636047866499
178,4,16,17,0.14166666666666666,1.0,11,0.08950993750148925,0.09171441498778866
178,4,16,17,0.14166666666666666,1.0,13,0.07572999835468534,0.0775714719682932
178,4,16,17,0.14166666666666666,1.0,15,0.06562735067669166,0.06720804884786492
178,4,16,17,0.14166666666666666,1.0,17,0.0579031635427085,0.0592875630118587
178,4,16,17,0.14166666666666666,1.0,19,0.051805892107207,0.053037237782630677
179,4,16,17,0.14166666666666666,0.1,1,0.01433502211347723,0.014157663172882346
179,4,16,17,0.14166666666666666,0.1,3,0.004773836021586508,0.004714895144546323
179,4,16,17,0.14166666666666666,0.1,5,0.0028640590739341686,0.002828680311669281
179,4,16,17,0.14166666666666666,0.1,7,0.0020457037550311932,0.0020204263378076947
179,4,16,17,0.14166666666666666,0.1,9,0.0015910844674065037,0.0015714207843758395
179,4,16,17,0.14166666666666666,0.1,11,0.0013017880906536611,0.001285697665275584
179,4,16,17,0.14166666666666666,0.1,13,0.0011015086495344214,0.0010878924696429671
179,4,16,17,0.14166666666666666,0.1,15,0.0009546382931887291,0.0009428368123719816
179,4,16,17,0.14166666666666666,0.1,17,0.0008423263093713095,0.0008319126908858772
179,4,16,17,0.14166666666666666,0.1,19,0.0007536593174247001,0.0007443414756527868
179,4,16,17,0.14166666666666666,0.5,1,0.3321405322441839,0.32675920686529913
179,4,16,17,0.14166666666666666,0.5,3,0.10856907766198731,0.10725537984606677
179,4,16,17,0.14166666666666666,0.5,5,0.0650373181962676,0.06428700949957492
179,4,16,17,0.14166666666666666,0.5,7,0.04643362599447196,0.045906320124824956
179,4,16,17,0.14166666666666666,0.5,9,0.03610781293588283,0.03570074297875007
179,4,16,17,0.14166666666666666,0.5,11,0.02953963750452406,0.029207960515835137
179,4,16,17,0.14166666666666666,0.5,13,0.024993501214248353,0.024713577112109735
179,4,16,17,0.14166666666666666,0.5,15,0.021660145453030574,0.021417968009056345
179,4,16,17,0.14166666666666666,0.5,17,0.019111350384374608,0.01889793096717628
179,4,16,17,0.14166666666666666,0.5,19,0.017099277327084418,0.01690850086014708
179,4,16,17,0.14166666666666666,1.0,1,1.053988799751344,1.0415582245560508
179,4,16,17,0.14166666666666666,1.0,3,0.3388736256119844,0.34346141748034537
179,4,16,17,0.14166666666666666,1.0,5,0.20208013026924382,0.2056370555747014
179,4,16,17,0.14166666666666666,1.0,7,0.14401802884052484,0.1467499877002615
179,4,16,17,0.14166666666666666,1.0,9,0.11188664273305102,0.11408162835521127
179,4,16,17,0.14166666666666666,1.0,11,0.09148151609956019,0.09330989616847286
179,4,16,17,0.14166666666666666,1.0,13,0.07737274658944225,0.07893726066976882
179,4,16,17,0.14166666666666666,1.0,15,0.0670351125199579,0.06840135910969984
179,4,16,17,0.14166666666666666,1.0,17,0.05913467802563232,0.06034678469259276
179,4,16,17,0.14166666666666666,1.0,19,0.05290034247709942,0.05398930798851237
180,4,16,17,0.14166666666666666,0.1,1,0.011730159160130656,0.014693721450620022
180,4,16,17,0.14166666666666666,0.1,3,0.0039000068481033615,0.004891556440478795
180,4,16,17,0.14166666666666666,0.1,5,0.002339062181761803,0.002934430124981668
180,4,16,17,0.14166666666666666,0.1,7,0.0016704890804193552,0.002095886343202243
180,4,16,17,0.14166666666666666,0.1,9,0.0012991565350026493,0.0016300792612095184
180,4,16,17,0.14166666666666666,0.1,11,0.001062888690227895,0.0013336739779695667
180,4,16,17,0.14166666666666666,0.1,13,0.0008993340696320794,0.0011284778635537993
180,4,16,17,0.14166666666666666,0.1,15,0.0007794019040385431,0.0009780044996790898
180,4,16,17,0.14166666666666666,0.1,17,0.0006876935216250468,0.0008629387391466068
180,4,16,17,0.14166666666666666,0.1,19,0.0006152948662481691,0.0007720986125329477
180,4,16,17,0.14166666666666666,0.5,1,0.28297064072336464,0.3392851979813632
180,4,16,17,0.14166666666666666,0.5,3,0.09208850019998194,0.11073821671935516
180,4,16,17,0.14166666666666666,0.5,5,0.05512953659137004,0.06628904590050518
180,4,16,17,0.14166666666666666,0.5,7,0.03934844382716113,0.04731260923390601
180,4,16,17,0.14166666666666666,0.5,9,0.03059299918186088,0.036784965919513246
180,4,16,17,0.14166666666666666,0.5,11,0.025025181719368243,0.030090294931296276
180,4,16,17,0.14166666666666666,0.5,13,0.021172131089041524,0.025457466742526767
180,4,16,17,0.14166666666666666,0.5,15,0.018347336089577233,0.022060994612650438
180,4,16,17,0.14166666666666666,0.5,17,0.01618762008672477,0.01946419504074129
180,4,16,17,0.14166666666666666,0.5,19,0.014482829250707914,0.01741438329002276
180,4,16,17,0.14166666666666666,1.0,1,0.9706798623648266,1.0650536709985159
180,4,16,17,0.14166666666666666,1.0,3,0.3130245179727309,0.33245577177149066
180,4,16,17,0.14166666666666666,1.0,5,0.18768902917177285,0.19770538030913634
180,4,16,17,0.14166666666666666,1.0,7,0.13403017146283244,0.14080311362804282
180,4,16,17,0.14166666666666666,1.0,9,0.10423260438664993,0.10936055383059605
180,4,16,17,0.14166666666666666,1.0,11,0.08527489588695072,0.08940526111155706
180,4,16,17,0.14166666666666666,1.0,13,0.07215218298653198,0.07561182109226428
180,4,16,17,0.14166666666666666,1.0,15,0.06252976873663903,0.06550700972914661
180,4,16,17,0.14166666666666666,1.0,17,0.055171945682732725,0.05778533822690056
180,4,16,17,0.14166666666666666,1.0,19,0.049363427959928874,0.05169249148080922
181,4,16,17,0.14166666666666666,0.1,1,0.01229568122098547,0.014403186434199862
181,4,16,17,0.14166666666666666,0.1,3,0.00409407744835145,0.004795625788320671
181,4,16,17,0.14166666666666666,0.1,5,0.0024561586388314213,0.002876627130429665
181,4,16,17,0.14166666666666666,0.1,7,0.0017543290305589568,0.0020544977787123045
181,4,16,17,0.14166666666666666,0.1,9,0.001364451536156638,0.0015978394291396012
181,4,16,17,0.14166666666666666,0.1,11,0.0011163566986327248,0.0013072689785729437
181,4,16,17,0.14166666666666666,0.1,13,0.0009446024784378707,0.001106118770485622
181,4,16,17,0.14166666666666666,0.1,15,0.0008186512021947611,0.0009586159197092268
181,4,16,17,0.14166666666666666,0.1,17,0.0007223365057226729,0.0008458238105943459
181,4,16,17,0.14166666666666666,0.1,19,0.0006462991661602908,0.0007567799819443379
181,4,16,17,0.14166666666666666,0.5,1,0.287985132780196,0.3376662939883119
181,4,16,17,0.14166666666666666,0.5,3,0.09406057013437578,0.11262194996653264
181,4,16,17,0.14166666666666666,0.5,5,0.056345710816063974,0.06750620182406043
181,4,16,17,0.14166666666666666,0.5,7,0.04022907753831042,0.048193693677175055
181,4,16,17,0.14166666666666666,0.5,9,0.031283540691293854,0.03747229453600641
181,4,16,17,0.14166666666666666,0.5,11,0.025593232953593982,0.030652801324977663
181,4,16,17,0.14166666666666666,0.5,13,0.021654641773913196,0.025933166416886685
181,4,16,17,0.14166666666666666,0.5,15,0.018766715647597257,0.022472938618856277
181,4,16,17,0.14166666666666666,0.5,17,0.016558486616425613,0.019827372830907006
181,4,16,17,0.14166666666666666,0.5,19,0.014815248010519151,0.017739074432942016
181,4,16,17,0.14166666666666666,1.0,1,0.9454489494621477,1.0900330479265634
181,4,16,17,0.14166666666666666,1.0,3,0.2983019037446178,0.3727648249794852
181,4,16,17,0.14166666666666666,1.0,5,0.17794886065612636,0.22319583266054094
181,4,16,17,0.14166666666666666,1.0,7,0.1268801075640281,0.15922881019349525
181,4,16,17,0.14166666666666666,1.0,9,0.09860531267265371,0.12375006199732252
181,4,16,17,0.14166666666666666,1.0,11,0.08064152310486042,0.10119806755974976
181,4,16,17,0.14166666666666666,1.0,13,0.06821651596317627,0.08559765219468574
181,4,16,17,0.14166666666666666,1.0,15,0.05911014504100845,0.07416416614085236
181,4,16,17,0.14166666666666666,1.0,17,0.05214920315795831,0.06542493287087552
181,4,16,17,0.14166666666666666,1.0,19,0.04665528150286679,0.058528058131264875
182,4,16,17,0.14166666666666666,0.1,1,0.011922890136433072,0.012505842238280924
182,4,16,17,0.14166666666666666,0.1,3,0.003968099492465202,0.004162825961462875
182,4,16,17,0.14166666666666666,0.1,5,0.002380562922807105,0.0024974181921172873
182,4,16,17,0.14166666666666666,0.1,7,0.0017003437021716054,0.0017838155581214436
182,4,16,17,0.14166666666666666,0.1,9,0.001322470860604746,0.0013873946322630483
182,4,16,17,0.14166666666666666,0.1,11,0.0010820138748841657,0.0011351338281138039
182,4,16,17,0.14166666666666666,0.1,13,0.0009155464360509534,0.0009604943337572393
182,4,16,17,0.14166666666666666,0.1,15,0.0007934715303429938,0.0008324265081547001
182,4,16,17,0.14166666666666666,0.1,17,0.0007001207311350358,0.0007344928488688618
182,4,16,17,0.14166666666666666,0.1,19,0.0006264230545854304,0.0006571771038986034
182,4,16,17,0.14166666666666666,0.5,1,0.27694549467604374,0.289102027841863
182,4,16,17,0.14166666666666666,0.5,3,0.08871601566494816,0.09301864503884284
182,4,16,17,0.14166666666666666,0.5,5,0.05306579283966538,0.05565719111235351
182,4,16,17,0.14166666666666666,0.5,7,0.03787201847507393,0.03972495796124064
182,4,16,17,0.14166666666666666,0.5,9,0.02944573799568229,0.030887542559036495
182,4,16,17,0.14166666666666666,0.5,11,0.02408771003600844,0.025267632571713928
182,4,16,17,0.14166666666666666,0.5,13,0.020379835407204405,0.02137836173878868
182,4,16,17,0.14166666666666666,0.5,15,0.017661396026290615,0.01852685732078801
182,4,16,17,0.14166666666666666,0.5,17,0.01558291908886784,0.016346604297303217
182,4,16,17,0.14166666666666666,0.5,19,0.01394219390478922,0.014625518444083186
182,4,16,17,0.14166666666666666,1.0,1,0.8851281172323212,0.9077455945729929
182,4,16,17,0.14166666666666666,1.0,3,0.25538848961506166,0.26489776735951776
182,4,16,17,0.14166666666666666,1.0,5,0.15190138261324818,0.1576196836962406
182,4,16,17,0.14166666666666666,1.0,7,0.10824434433026395,0.11233506674118668
182,4,16,17,0.14166666666666666,1.0,9,0.08410743428285346,0.0872924434456533
182,4,16,17,0.14166666666666666,1.0,11,0.06878055042094554,0.07138841612602288
182,4,16,17,0.14166666666666666,1.0,13,0.058181841066498055,0.06038972244873581
182,4,16,17,0.14166666666666666,1.0,15,0.05041483391384298,0.05232914846441907
182,4,16,17,0.14166666666666666,1.0,17,0.044478033265372426,0.046167705237390555
182,4,16,17,0.14166666666666666,1.0,19,0.03979254071186411,0.041304766392540535
183,4,16,17,0.14166666666666666,0.1,1,0.015841134192989843,0.01596119601117562
183,4,16,17,0.14166666666666666,0.1,3,0.005268857404903387,0.005311228412783994
183,4,16,17,0.14166666666666666,0.1,5,0.0031604482089412633,0.0031860137663208984
183,4,16,17,0.14166666666666666,0.1,7,0.0022572356423867486,0.002275530328178113
183,4,16,17,0.14166666666666666,0.1,9,0.001755537110037541,0.0017697787631706448
183,4,16,17,0.14166666666666666,0.1,11,0.0014363036898533488,0.0014479618105326523
183,4,16,17,0.14166666666666666,0.1,13,0.001215308511519138,0.0012251762665558628
183,4,16,17,0.14166666666666666,0.1,15,0.0010532516501632748,0.001061805624318302
183,4,16,17,0.14166666666666666,0.1,17,0.0009293292834934597,0.0009368781484504952
183,4,16,17,0.14166666666666666,0.1,19,0.0008314979080605386,0.0008382530021153381
183,4,16,17,0.14166666666666666,0.5,1,0.3700796972122504,0.36773311643506346
183,4,16,17,0.14166666666666666,0.5,3,0.11911014070507141,0.11927685600006159
183,4,16,17,0.14166666666666666,0.5,5,0.0712233184990334,0.07136146272746112
183,4,16,17,0.14166666666666666,0.5,7,0.05082040039865624,0.050923955131607614
183,4,16,17,0.14166666666666666,0.5,9,0.03950814508725254,0.039589410210846505
183,4,16,17,0.14166666666666666,0.5,11,0.03231633267228018,0.03238277577090949
183,4,16,17,0.14166666666666666,0.5,13,0.02734010064399746,0.027396131446653572
183,4,16,17,0.14166666666666666,0.5,15,0.023692125928165116,0.023740491584899413
183,4,16,17,0.14166666666666666,0.5,17,0.020903157046792287,0.020945664498252674
183,4,16,17,0.14166666666666666,0.5,19,0.018701714222821676,0.018739608201092165
183,4,16,17,0.14166666666666666,1.0,1,1.1762121660798464,1.1473934844494837
183,4,16,17,0.14166666666666666,1.0,3,0.3562042192862204,0.3576505671755133
183,4,16,17,0.14166666666666666,1.0,5,0.21153039847805635,0.21304338088737146
183,4,16,17,0.14166666666666666,1.0,7,0.15063919924263153,0.1518327230706256
183,4,16,17,0.14166666666666666,1.0,9,0.1170135952575768,0.11796977269589448
183,4,16,17,0.14166666666666666,1.0,11,0.09567444539683558,0.09646438767736756
183,4,16,17,0.14166666666666666,1.0,13,0.08092340357881206,0.08159349101901879
183,4,16,17,0.14166666666666666,1.0,15,0.07011587244002127,0.07069638605445623
183,4,16,17,0.14166666666666666,1.0,17,0.061856254161857485,0.06236765269313424
183,4,16,17,0.14166666666666666,1.0,19,0.0553382211666382,0.05579483973555363
184,4,16,17,0.14166666666666666,0.1,1,0.016742858688821593,0.01583343195279092
184,4,16,17,0.14166666666666666,0.1,3,0.005571692662591948,0.005252434415568253
184,4,16,17,0.14166666666666666,0.1,5,0.0033423688688145005,0.0031488064118306205
184,4,16,17,0.14166666666666666,0.1,7,0.002387241966422601,0.002248364206636306
184,4,16,17,0.14166666666666666,0.1,9,0.0018566794958552052,0.0017483952319860092
184,4,16,17,0.14166666666666666,0.1,11,0.0015190700081438462,0.0014303338945093444
184,4,16,17,0.14166666666666666,0.1,13,0.001285349330417837,0.0012101828832625906
184,4,16,17,0.14166666666666666,0.1,15,0.0011139585915426083,0.001048762153609662
184,4,16,17,0.14166666666666666,0.1,17,0.000982897513387995,0.0009253360138622235
184,4,16,17,0.14166666666666666,0.1,19,0.0008794296820674798,0.0008279023907286782
184,4,16,17,0.14166666666666666,0.5,1,0.3806653143579843,0.36986852935332115
184,4,16,17,0.14166666666666666,0.5,3,0.12306968896637349,0.11803843552125702
184,4,16,17,0.14166666666666666,0.5,5,0.07365598284768296,0.07035656052265146
184,4,16,17,0.14166666666666666,0.5,7,0.05257185114092332,0.05012634818280502
184,4,16,17,0.14166666666666666,0.5,9,0.040875526530963976,0.038934769210454544
184,4,16,17,0.14166666666666666,0.5,11,0.03343750964354879,0.03182939775122184
184,4,16,17,0.14166666666666666,0.5,13,0.028290095408308312,0.026917521301220305
184,4,16,17,0.14166666666666666,0.5,15,0.02451623692358147,0.023319125943280988
184,4,16,17,0.14166666666666666,0.5,17,0.02163081708407706,0.020569448135659956
184,4,16,17,0.14166666666666666,0.5,19,0.019353120455531243,0.018399874900730192
184,4,16,17,0.14166666666666666,1.0,1,1.1355599068410063,1.1566196240304218
184,4,16,17,0.14166666666666666,1.0,3,0.3574928804310285,0.34921395238157255
184,4,16,17,0.14166666666666666,1.0,5,0.21430353248026957,0.2053518738668455
184,4,16,17,0.14166666666666666,1.0,7,0.1530047045436125,0.14547915817959348
184,4,16,17,0.14166666666666666,1.0,9,0.11897033534654777,0.11264954172864287
184,4,16,17,0.14166666666666666,1.0,11,0.09732090157387727,0.09191285844758264
184,4,16,17,0.14166666666666666,1.0,13,0.0823372041388481,0.07762543602999562
184,4,16,17,0.14166666666666666,1.0,15,0.07135156404812579,0.06718306417707257
184,4,16,17,0.14166666666666666,1.0,17,0.06295220784816648,0.05921745547222419
184,4,16,17,0.14166666666666666,1.0,19,0.05632203619502875,0.052940760444920555
185,4,16,17,0.14166666666666666,0.1,1,0.011992696449967137,0.01184683549392232
185,4,16,17,0.14166666666666666,0.1,3,0.003994339790324408,0.003942586656994369
185,4,16,17,0.14166666666666666,0.1,5,0.0023964493983456006,0.002365215772660968
185,4,16,17,0.14166666666666666,0.1,7,0.0017117191771132579,0.0016893729305945753
185,4,16,17,0.14166666666666666,0.1,9,0.0013313274103746973,0.0013139352341378658
185,4,16,17,0.14166666666666666,0.1,11,0.0010892638526199324,0.001075029004944884
185,4,16,17,0.14166666666666666,0.1,13,0.0009216828378294131,0.0009096355856514749
185,4,16,17,0.14166666666666666,0.1,15,0.000798790726745496,0.0007883484789875782
185,4,16,17,0.14166666666666666,0.1,17,0.0007048147184997464,0.0006956002058793152
185,4,16,17,0.14166666666666666,0.1,19,0.0006306233011196317,0.0006223782573210453
185,4,16,17,0.14166666666666666,0.5,1,0.2824688436714476,0.2807952912879647
185,4,16,17,0.14166666666666666,0.5,3,0.09235926433578144,0.09157109885255882
185,4,16,17,0.14166666666666666,0.5,5,0.05533356585527998,0.054762506572101584
185,4,16,17,0.14166666666666666,0.5,7,0.03950791387946807,0.03906631965581545
185,4,16,17,0.14166666666666666,0.5,9,0.03072324368423615,0.030365100919781115
185,4,16,17,0.14166666666666666,0.5,11,0.025135074458273957,0.024834629453336553
185,4,16,17,0.14166666666666666,0.5,13,0.021267106138900416,0.021008740349491392
185,4,16,17,0.14166666666666666,0.5,15,0.018430929969789983,0.018204525510182812
185,4,16,17,0.14166666666666666,0.5,17,0.01626225389284377,0.016060906605091803
185,4,16,17,0.14166666666666666,0.5,19,0.014550229816852715,0.014369029782879083
185,4,16,17,0.14166666666666666,1.0,1,0.9326628917745403,0.9314638729364253
185,4,16,17,0.14166666666666666,1.0,3,0.29090229924731126,0.2983429940072921
185,4,16,17,0.14166666666666666,1.0,5,0.17366689948788022,0.17889919972203364
185,4,16,17,0.14166666666666666,1.0,7,0.12387670195350038,0.12778119973077962
185,4,16,17,0.14166666666666666,1.0,9,0.09629387926553422,0.09938581897894194
185,4,16,17,0.14166666666666666,1.0,11,0.07876327681897442,0.08131616399557863
185,4,16,17,0.14166666666666666,1.0,13,0.06663484335208175,0.06880630555041574
185,4,16,17,0.14166666666666666,1.0,15,0.0577442142344972,0.05963233176877751
185,4,16,17,0.14166666666666666,1.0,17,0.05094724946801493,0.052616891279604436
185,4,16,17,0.14166666666666666,1.0,19,0.04558216808972307,0.04707835562904469
186,4,16,17,0.14166666666666666,0.1,1,0.011264637929596349,0.011683663457554772
186,4,16,17,0.14166666666666666,0.1,3,0.003749705519587718,0.0038906969581426008
186,4,16,17,0.14166666666666666,0.1,5,0.002249575747415671,0.002334229075864501
186,4,16,17,0.14166666666666666,0.1,7,0.0016067911151159367,0.0016672691912775703
186,4,16,17,0.14166666666666666,0.1,9,0.0012497108352871162,0.0012967529828737377
186,4,16,17,0.14166666666666666,0.1,11,0.0010224842278849147,0.0010609747652383136
186,4,16,17,0.14166666666666666,0.1,13,0.0008651758204504006,0.000897745469901031
186,4,16,17,0.14166666666666666,0.1,15,0.000749817336153803,0.0007780447642320177
186,4,16,17,0.14166666666666666,0.1,17,0.0006616025245797401,0.0006865093137395247
186,4,16,17,0.14166666666666666,0.1,19,0.0005919595216133079,0.0006142446908804142
186,4,16,17,0.14166666666666666,0.5,1,0.26283554214670246,0.27951850678937423
186,4,16,17,0.14166666666666666,0.5,3,0.08490336396428742,0.09164129731490163
186,4,16,17,0.14166666666666666,0.5,5,0.05082588567683239,0.05488578778237556
186,4,16,17,0.14166666666666666,0.5,7,0.03628160605923352,0.039183413390674326
186,4,16,17,0.14166666666666666,0.5,9,0.02821181886798472,0.03046921257720838
186,4,16,17,0.14166666666666666,0.5,11,0.023079416479867082,0.024926521826732682
186,4,16,17,0.14166666666666666,0.5,13,0.01952728755391538,0.02109028580386784
186,4,16,17,0.14166666666666666,0.5,15,0.016922861438180753,0.0182774913656248
186,4,16,17,0.14166666666666666,0.5,17,0.014931472163649895,0.01612675134008665
186,4,16,17,0.14166666666666666,0.5,19,0.0133594469629556,0.014428917783960406
186,4,16,17,0.14166666666666666,1.0,1,0.8572123344879163,0.953601279655408
186,4,16,17,0.14166666666666666,1.0,3,0.27184712350650575,0.3099789462343552
186,4,16,17,0.14166666666666666,1.0,5,0.1628115875473819,0.18498621592155262
186,4,16,17,0.14166666666666666,1.0,7,0.11623772700725696,0.1318425909787596
186,4,16,17,0.14166666666666666,1.0,9,0.09038929538347643,0.10242981042871646
186,4,16,17,0.14166666666666666,1.0,11,0.07394752730739754,0.08375248846201903
186,4,16,17,0.14166666666666666,1.0,13,0.06256741539389003,0.07083914777403554
186,4,16,17,0.14166666666666666,1.0,15,0.05422315513580387,0.06137765213838383
186,4,16,17,0.14166666666666666,1.0,17,0.04784281844971227,0.05414677890752148
186,4,16,17,0.14166666666666666,1.0,19,0.042806016278963965,0.0484406846554581
187,4,16,17,0.14166666666666666,0.1,1,0.016411627182120442,0.014863944554381756
187,4,16,17,0.14166666666666666,0.1,3,0.005461624144120594,0.004941618412636017
187,4,16,17,0.14166666666666666,0.1,5,0.0032762096830340984,0.002963874288119841
187,4,16,17,0.14166666666666666,0.1,7,0.0023399382429563484,0.002116751055567313
187,4,16,17,0.14166666666666666,0.1,9,0.0018198651401010021,0.0016462382245806648
187,4,16,17,0.14166666666666666,0.1,11,0.0014889367571931894,0.0013468598380902896
187,4,16,17,0.14166666666666666,0.1,13,0.0012598444374085527,0.001139614905533938
187,4,16,17,0.14166666666666666,0.1,15,0.0010918494528490991,0.000987643903456939
187,4,16,17,0.14166666666666666,0.1,17,0.0009633860873923749,0.0008714356043964633
187,4,16,17,0.14166666666666666,0.1,19,0.0008619696838016145,0.0007796951156181917
187,4,16,17,0.14166666666666666,0.5,1,0.37459704646054226,0.34415562513641235
187,4,16,17,0.14166666666666666,0.5,3,0.12220172278571521,0.11021996490298673
187,4,16,17,0.14166666666666666,0.5,5,0.07312798939686363,0.06587455870431427
187,4,16,17,0.14166666666666666,0.5,7,0.05218475452555561,0.04699355816744843
187,4,16,17,0.14166666666666666,0.5,9,0.040568712183145374,0.03652854420758664
187,4,16,17,0.14166666666666666,0.5,11,0.033183072014691534,0.029876682495629015
187,4,16,17,0.14166666666666666,0.5,13,0.028072647958280315,0.025274671723816245
187,4,16,17,0.14166666666666666,0.5,15,0.024326343452746143,0.021901355615519248
187,4,16,17,0.14166666666666666,0.5,17,0.02146225821668648,0.019322558076519097
187,4,16,17,0.14166666666666666,0.5,19,0.019201575237451463,0.017287128033392073
187,4,16,17,0.14166666666666666,1.0,1,1.136153450294036,1.0672905280630327
187,4,16,17,0.14166666666666666,1.0,3,0.36694166812737505,0.31547883313368547
187,4,16,17,0.14166666666666666,1.0,5,0.2187933634454983,0.1886257986132435
187,4,16,17,0.14166666666666666,1.0,7,0.15588864362961288,0.1345777106145922
187,4,16,17,0.14166666666666666,1.0,9,0.1210825205032766,0.10461422516257753
187,4,16,17,0.14166666666666666,1.0,11,0.09898359241869917,0.08556663066968695
187,4,16,17,0.14166666666666666,1.0,13,0.08370677750076798,0.07238801212161938
187,4,16,17,0.14166666666666666,1.0,15,0.07251526845971391,0.06272759588222339
187,4,16,17,0.14166666666666666,1.0,17,0.0639635411650109,0.05534230124982579
187,4,16,17,0.14166666666666666,1.0,19,0.05721611410108449,0.04951301137714875
188,4,16,17,0.14166666666666666,0.1,1,0.014523185565180778,0.014111965532162728
188,4,16,17,0.14166666666666666,0.1,3,0.004836556199125175,0.0046979259807657546
188,4,16,17,0.14166666666666666,0.1,5,0.002901631295997914,0.0028183569061515086
188,4,16,17,0.14166666666666666,0.1,7,0.0020725187682211093,0.002013013324655172
188,4,16,17,0.14166666666666666,0.1,9,0.0016119301811298589,0.0015656390258579308
188,4,16,17,0.14166666666666666,0.1,11,0.0013188380224686757,0.0012809590125495013
188,4,16,17,0.14166666666666666,0.1,13,0.0011159321146884177,0.0010838781773456878
188,4,16,17,0.14166666666666666,0.1,15,0.000967136428637834,0.0009393548380944069
188,4,16,17,0.14166666666666666,0.1,17,0.0008533525707661572,0.0008288384111479699
188,4,16,17,0.14166666666666666,0.1,19,0.0007635238455550724,0.0007415894389139721
188,4,16,17,0.14166666666666666,0.5,1,0.33737446439491786,0.32736655206137294
188,4,16,17,0.14166666666666666,0.5,3,0.11055690138782405,0.10669817695831992
188,4,16,17,0.14166666666666666,0.5,5,0.06621664284420743,0.06391129726289915
188,4,16,17,0.14166666666666666,0.5,7,0.04727059528864717,0.04562812994411356
188,4,16,17,0.14166666666666666,0.5,9,0.036756192407702136,0.03548078903106493
188,4,16,17,0.14166666666666666,0.5,11,0.030068698145523536,0.02902634318546825
188,4,16,17,0.14166666666666666,0.5,13,0.025440298374561358,0.024559014862001738
188,4,16,17,0.14166666666666666,0.5,15,0.022046803042644506,0.021283489160913903
188,4,16,17,0.14166666666666666,0.5,17,0.019452129458618076,0.01877893847233747
188,4,16,17,0.14166666666666666,0.5,19,0.017403905983867526,0.01680180823876599
188,4,16,17,0.14166666666666666,1.0,1,1.077226567314176,1.0339692119704413
188,4,16,17,0.14166666666666666,1.0,3,0.3400353109840971,0.3235296860888107
188,4,16,17,0.14166666666666666,1.0,5,0.2023426824419062,0.1925185122886084
188,4,16,17,0.14166666666666666,1.0,7,0.1441350957142091,0.1371331892397428
188,4,16,17,0.14166666666666666,1.0,9,0.11195945726725814,0.10651799544383132
188,4,16,17,0.14166666666666666,1.0,11,0.09153520217927322,0.08708474769522563
188,4,16,17,0.14166666666666666,1.0,13,0.07741608249389534,0.07365102208847801
188,4,16,17,0.14166666666666666,1.0,15,0.06707194369754962,0.06380922696389087
188,4,16,17,0.14166666666666666,1.0,17,0.05916698521676959,0.0562882868968556
188,4,16,17,0.14166666666666666,1.0,19,0.05292927630682409,0.05035368765348887
189,4,16,17,0.14166666666666666,0.1,1,0.015277424495170593,0.013525327340679242
189,4,16,17,0.14166666666666666,0.1,3,0.005081391664361632,0.004491202874870225
189,4,16,17,0.14166666666666666,0.1,5,0.0030477995052145606,0.002693021825397865
189,4,16,17,0.14166666666666666,0.1,7,0.0021767040452142813,0.0019230937031711397
189,4,16,17,0.14166666666666666,0.1,9,0.0016928686184846937,0.0014955318546816196
189,4,16,17,0.14166666666666666,0.1,11,0.0013850113782311946,0.0012235105005352343
189,4,16,17,0.14166666666666666,0.1,13,0.0011718963369446497,0.0010352163876138894
189,4,16,17,0.14166666666666666,0.1,15,0.0010156206063591604,0.0008971485939672779
189,4,16,17,0.14166666666666666,0.1,17,0.0008961205021468,0.0007915755708547498
189,4,16,17,0.14166666666666666,0.1,19,0.0008017812646225496,0.0007082334492838214
189,4,16,17,0.14166666666666666,0.5,1,0.35453663062785223,0.31832603962866635
189,4,16,17,0.14166666666666666,0.5,3,0.11524751846068933,0.10204269687103679
189,4,16,17,0.14166666666666666,0.5,5,0.06895338987736359,0.06092211832822626
189,4,16,17,0.14166666666666666,0.5,7,0.04920250938141311,0.04343604780067675
189,4,16,17,0.14166666666666666,0.5,9,0.03824900414530063,0.03375179726044405
189,4,16,17,0.14166666666666666,0.5,11,0.031285019483369175,0.02759936591637838
189,4,16,17,0.14166666666666666,0.5,13,0.02646653205581177,0.023344403122674804
189,4,16,17,0.14166666666666666,0.5,15,0.022934327084578137,0.02022629747978605
189,4,16,17,0.14166666666666666,0.5,17,0.02023397310973591,0.01784308112199324
189,4,16,17,0.14166666666666666,0.5,19,0.01810255706152995,0.015962321715643893
189,4,16,17,0.14166666666666666,1.0,1,1.109668944491665,1.027623828844788
189,4,16,17,0.14166666666666666,1.0,3,0.35202990686461993,0.31509446329668905
189,4,16,17,0.14166666666666666,1.0,5,0.2100332280798003,0.18683014284162378
189,4,16,17,0.14166666666666666,1.0,7,0.14968821563976442,0.1328629333053706
189,4,16,17,0.14166666666666666,1.0,9,0.1162845065168144,0.10310417234915717
189,4,16,17,0.14166666666666666,1.0,11,0.0950708069288108,0.08424254080015671
189,4,16,17,0.14166666666666666,1.0,13,0.0804035538074143,0.07121697600406984
189,4,16,17,0.14166666666666666,1.0,15,0.0696573380983566,0.06168106576382953
189,4,16,17,0.14166666666666666,1.0,17,0.06144514167905594,0.054397830345900955
189,4,16,17,0.14166666666666666,1.0,19,0.054965156760210764,0.04865323464898448
190,4,16,17,0.14166666666666666,0.1,1,0.012709389408563329,0.013329487213122085
190,4,16,17,0.14166666666666666,0.1,3,0.004232229375582341,0.004438328753899363
190,4,16,17,0.14166666666666666,0.1,5,0.0025390812080285942,0.0026626827797220326
190,4,16,17,0.14166666666666666,0.1,7,0.0018135690754080265,0.0019018389381771062
190,4,16,17,0.14166666666666666,0.1,9,0.0014105312943866752,0.00147917844478016
190,4,16,17,0.14166666666666666,0.1,11,0.0011540604898818004,0.0012102226407002803
190,4,16,17,0.14166666666666666,0.1,13,0.000976506958450607,0.0010240266271444802
190,4,16,17,0.14166666666666666,0.1,15,0.0008463025601396008,0.0008874849128068249
190,4,16,17,0.14166666666666666,0.1,17,0.000746735308406942,0.0007830717641065773
190,4,16,17,0.14166666666666666,0.1,19,0.0006681300593175605,0.000700640980990916
190,4,16,17,0.14166666666666666,0.5,1,0.2981215521090459,0.30849818484537644
190,4,16,17,0.14166666666666666,0.5,3,0.09724419295092497,0.10092207810551289
190,4,16,17,0.14166666666666666,0.5,5,0.058253930493095483,0.06045524186011706
190,4,16,17,0.14166666666666666,0.5,7,0.04159114509462488,0.0431604849618095
190,4,16,17,0.14166666666666666,0.5,9,0.03234240272893315,0.033561525190494615
190,4,16,17,0.14166666666666666,0.5,11,0.026459262961555437,0.02745592221009985
190,4,16,17,0.14166666666666666,0.5,13,0.022387238204328433,0.02323008311271876
190,4,16,17,0.14166666666666666,0.5,15,0.019401499419633546,0.020131654655768043
190,4,16,17,0.14166666666666666,0.5,17,0.017118496465970367,0.017762540047292365
190,4,16,17,0.14166666666666666,0.5,19,0.015316241416062842,0.01589234111027074
190,4,16,17,0.14166666666666666,1.0,1,0.9915429998865375,0.9847743634394885
190,4,16,17,0.14166666666666666,1.0,3,0.3071518329872606,0.3234579502341593
190,4,16,17,0.14166666666666666,1.0,5,0.18261816499556474,0.19370552563067311
190,4,16,17,0.14166666666666666,1.0,7,0.13016467037397433,0.13822162071548
190,4,16,17,0.14166666666666666,1.0,9,0.10115304823936694,0.10743906718480792
190,4,16,17,0.14166666666666666,1.0,11,0.08272481114808125,0.08786795360447118
190,4,16,17,0.14166666666666666,1.0,13,0.06997912369234875,0.07432748117382793
190,4,16,17,0.14166666666666666,1.0,15,0.06063777978581077,0.06440259428755882
190,4,16,17,0.14166666666666666,1.0,17,0.053497192278713586,0.05681581093090202
190,4,16,17,0.14166666666666666,1.0,19,0.04786144671433024,0.05082802792113379
191,4,16,17,0.14166666666666666,0.1,1,0.014492095125388361,0.013510419474181629
191,4,16,17,0.14166666666666666,0.1,3,0.004825550243651375,0.004487508802692592
191,4,16,17,0.14166666666666666,0.1,5,0.0028949694142455886,0.002691028947335796
191,4,16,17,0.14166666666666666,0.1,7,0.002067743741075498,0.0019217436783428535
191,4,16,17,0.14166666666666666,0.1,9,0.0016082093872897766,0.001494514582759684
191,4,16,17,0.14166666666666666,0.1,11,0.001315790232487266,0.0012226955423812788
191,4,16,17,0.14166666666666666,0.1,13,0.001113351193626051,0.0010345370916296163
191,4,16,17,0.14166666666666666,0.1,15,0.0009648983592966461,0.000896566459623331
191,4,16,17,0.14166666666666666,0.1,17,0.0008513769530547123,0.0007910663952307987
191,4,16,17,0.14166666666666666,0.1,19,0.0007617555905706059,0.0007077810447576056
191,4,16,17,0.14166666666666666,0.5,1,0.33617180429028143,0.31577956032333354
191,4,16,17,0.14166666666666666,0.5,3,0.10998434624870772,0.10093822363627777
191,4,16,17,0.14166666666666666,0.5,5,0.06586968988968585,0.06028174339569248
191,4,16,17,0.14166666666666666,0.5,7,0.047021384558437254,0.042989096202255855
191,4,16,17,0.14166666666666666,0.5,9,0.03656165886967028,0.03340940022656716
191,4,16,17,0.14166666666666666,0.5,11,0.029909133513104064,0.02732216045067095
191,4,16,17,0.14166666666666666,0.5,13,0.02530503337267836,0.023111646918634557
191,4,16,17,0.14166666666666666,0.5,15,0.021929408845029585,0.020025757310659892
191,4,16,17,0.14166666666666666,0.5,17,0.019348432060134365,0.017666949624263285
191,4,16,17,0.14166666666666666,0.5,19,0.01731104157347321,0.015805316523828553
191,4,16,17,0.14166666666666666,1.0,1,1.0651862111109733,0.9982657895602117
191,4,16,17,0.14166666666666666,1.0,3,0.3406245045070491,0.29863147605096857
191,4,16,17,0.14166666666666666,1.0,5,0.20341398950104406,0.1773711140199512
191,4,16,17,0.14166666666666666,1.0,7,0.14504459918837864,0.12629311473173868
191,4,16,17,0.14166666666666666,1.0,9,0.11271264403730277,0.09808411951576945
191,4,16,17,0.14166666666666666,1.0,11,0.09217012514108838,0.08018441114659608
191,4,16,17,0.14166666666666666,1.0,13,0.07796225311019815,0.06781284566051711
191,4,16,17,0.14166666666666666,1.0,15,0.06755005231046927,0.05875004217494658
191,4,16,17,0.14166666666666666,1.0,17,0.0595915959527404,0.051824779469056455
191,4,16,17,0.14166666666666666,1.0,19,0.05331088004875136,0.046360410863044356
192,4,16,17,0.14166666666666666,0.1,1,0.017926089767820255,0.014856096317125369
192,4,16,17,0.14166666666666666,0.1,3,0.005970010523122231,0.004939864730112956
192,4,16,17,0.14166666666666666,0.1,5,0.003581633640594693,0.0029627054779227738
192,4,16,17,0.14166666666666666,0.1,7,0.0025582150932081603,0.0021158651215546632
192,4,16,17,0.14166666666666666,0.1,9,0.0019896858619083417,0.001645524028130168
192,4,16,17,0.14166666666666666,0.1,11,0.001627906726168034,0.001346261478288349
192,4,16,17,0.14166666666666666,0.1,13,0.0013774494100898974,0.0011391000324409328
192,4,16,17,0.14166666666666666,0.1,15,0.0011937832584807213,0.0009871920735162406
192,4,16,17,0.14166666666666666,0.1,17,0.0010533340693273698,0.0008710330670569285
192,4,16,17,0.14166666666666666,0.1,19,0.0009424539597002242,0.0007793321770599097
192,4,16,17,0.14166666666666666,0.5,1,0.4037112682075607,0.3432018471284302
192,4,16,17,0.14166666666666666,0.5,3,0.1324995399612461,0.11142025724163629
192,4,16,17,0.14166666666666666,0.5,5,0.0794024353234439,0.06660849466142563
192,4,16,17,0.14166666666666666,0.5,7,0.056695389453313094,0.04751343743312166
192,4,16,17,0.14166666666666666,0.5,9,0.044089290126431986,0.036929427334904515
192,4,16,17,0.14166666666666666,0.5,11,0.03606988591039292,0.030202410449880843
192,4,16,17,0.14166666666666666,0.5,13,0.030519022689214283,0.02554878573619153
192,4,16,17,0.14166666666666666,0.5,15,0.026448863846150892,0.02213788949606521
192,4,16,17,0.14166666666666666,0.5,17,0.023336634539233254,0.01953053003219466
192,4,16,17,0.14166666666666666,0.5,19,0.02087974961036322,0.017472668617127807
192,4,16,17,0.14166666666666666,1.0,1,1.1762461266230337,1.0739516710788077
192,4,16,17,0.14166666666666666,1.0,3,0.38461024982262754,0.33292141690845356
192,4,16,17,0.14166666666666666,1.0,5,0.2307014331898883,0.1968108351031839
192,4,16,17,0.14166666666666666,1.0,7,0.16476927290103996,0.1397835451713591
192,4,16,17,0.14166666666666666,1.0,9,0.12814589754034975,0.10840217186656642
192,4,16,17,0.14166666666666666,1.0,11,0.10484224382434922,0.08853529313727439
192,4,16,17,0.14166666666666666,1.0,13,0.0887099736684364,0.07482565044442648
192,4,16,17,0.14166666666666666,1.0,15,0.07688020591622857,0.0647940060110216
192,4,16,17,0.14166666666666666,1.0,17,0.06783424884905481,0.05713494881952287
192,4,16,17,0.14166666666666666,1.0,19,0.06069291666205918,0.051095597008442406
193,4,16,17,0.14166666666666666,0.1,1,0.017617694558173955,0.016767830881237535
193,4,16,17,0.14166666666666666,0.1,3,0.0058511217992970955,0.005581326494247429
193,4,16,17,0.14166666666666666,0.1,5,0.0035083281829702806,0.0033482219190166416
193,4,16,17,0.14166666666666666,0.1,7,0.00250524777504253,0.0023914391876360282
193,4,16,17,0.14166666666666666,0.1,9,0.0019482266002013985,0.0018599499647898225
193,4,16,17,0.14166666666666666,0.1,11,0.0015938487153239812,0.0015217486026049697
193,4,16,17,0.14166666666666666,0.1,13,0.0013485509029123274,0.0012876173140926024
193,4,16,17,0.14166666666666666,0.1,15,0.0011686868956810631,0.0011159250582363758
193,4,16,17,0.14166666666666666,0.1,17,0.0010311558025797684,0.0009846331951253592
193,4,16,17,0.14166666666666666,0.1,19,0.0009225859293377558,0.0008809830423447341
193,4,16,17,0.14166666666666666,0.5,1,0.4082338916031497,0.3818850703486554
193,4,16,17,0.14166666666666666,0.5,3,0.1324466681600394,0.12408598522362416
193,4,16,17,0.14166666666666666,0.5,5,0.07912884213958525,0.07426736432559217
193,4,16,17,0.14166666666666666,0.5,7,0.05642429285335384,0.05300663052830565
193,4,16,17,0.14166666666666666,0.5,9,0.043845500976754874,0.04121247583948215
193,4,16,17,0.14166666666666666,0.5,11,0.03585321366872239,0.033712461313618124
193,4,16,17,0.14166666666666666,0.5,13,0.030325583796482144,0.02852227997121563
193,4,16,17,0.14166666666666666,0.5,15,0.026274788913213068,0.024717151068003547
193,4,16,17,0.14166666666666666,0.5,17,0.02317869800212185,0.021807875770661286
193,4,16,17,0.14166666666666666,0.5,19,0.02073536962623794,0.01951138296253619
193,4,16,17,0.14166666666666666,1.0,1,1.2396906643413796,1.1471907506461727
193,4,16,17,0.14166666666666666,1.0,3,0.3945101153521195,0.35357289293352057
193,4,16,17,0.14166666666666666,1.0,5,0.23445307622844266,0.21024319299881689
193,4,16,17,0.14166666666666666,1.0,7,0.16680365468870928,0.14974107063975692
193,4,16,17,0.14166666666666666,1.0,9,0.12945648062082665,0.11630919115340646
193,4,16,17,0.14166666666666666,1.0,11,0.10577557019367431,0.09509028392368397
193,4,16,17,0.14166666666666666,1.0,13,0.08941934403851377,0.0804226379684324
193,4,16,17,0.14166666666666666,1.0,15,0.07744440754278648,0.06967689594132198
193,4,16,17,0.14166666666666666,1.0,17,0.06829819748691951,0.0614651216904155
193,4,16,17,0.14166666666666666,1.0,19,0.061084243068862294,0.054985332948465346
194,4,16,17,0.14166666666666666,0.1,1,0.013030442974678435,0.013782944493010521
194,4,16,17,0.14166666666666666,0.1,3,0.004334661846414119,0.004587051695027811
194,4,16,17,0.14166666666666666,0.1,5,0.002600045790673994,0.0027516551958249227
194,4,16,17,0.14166666666666666,0.1,7,0.0018569678513159704,0.0019653140427436607
194,4,16,17,0.14166666666666666,0.1,9,0.001444223065531819,0.0015285155990751383
194,4,16,17,0.14166666666666666,0.1,11,0.0011815940259339195,0.0012505727805562391
194,4,16,17,0.14166666666666666,0.1,13,0.0009997856504366223,0.0010581594067204888
194,4,16,17,0.14166666666666666,0.1,15,0.0008664654492281098,0.0009170605658420502
194,4,16,17,0.14166666666666666,0.1,17,0.0007645180337618083,0.0008091638410193164
194,4,16,17,0.14166666666666666,0.1,19,0.00068403523839629,0.0007239836478367577
194,4,16,17,0.14166666666666666,0.5,1,0.30621072685141504,0.32477180422686747
194,4,16,17,0.14166666666666666,0.5,3,0.09921902334238257,0.10581953114220466
194,4,16,17,0.14166666666666666,0.5,5,0.05936398044705774,0.06329553628043402
194,4,16,17,0.14166666666666666,0.5,7,0.04236338594008362,0.045162323835990385
194,4,16,17,0.14166666666666666,0.5,9,0.03293459407722543,0.03510785600295766
194,4,16,17,0.14166666666666666,0.5,11,0.02693953759502578,0.02871591546770402
194,4,16,17,0.14166666666666666,0.5,13,0.02279119507842581,0.02429334691267954
194,4,16,17,0.14166666666666666,0.5,15,0.01975007741565874,0.02105139064221017
194,4,16,17,0.14166666666666666,0.5,17,0.017425054168457393,0.018572923558891903
194,4,16,17,0.14166666666666666,0.5,19,0.015589822842025985,0.01661663195319799
194,4,16,17,0.14166666666666666,1.0,1,0.9988322641351087,1.065322653062687
194,4,16,17,0.14166666666666666,1.0,3,0.31137081201797767,0.34871906491729776
194,4,16,17,0.14166666666666666,1.0,5,0.1861059061485539,0.20864961536770765
194,4,16,17,0.14166666666666666,1.0,7,0.13279642393175162,0.14881802080857617
194,4,16,17,0.14166666666666666,1.0,9,0.10324264634979058,0.11564934208258121
194,4,16,17,0.14166666666666666,1.0,11,0.08445319355478499,0.0945707039453341
194,4,16,17,0.14166666666666666,1.0,13,0.07145154602974652,0.07999123469559083
194,4,16,17,0.14166666666666666,1.0,15,0.06191982256359894,0.06930666761286831
194,4,16,17,0.14166666666666666,1.0,17,0.05463225141262887,0.06114014115110057
194,4,16,17,0.14166666666666666,1.0,19,0.04887966022991193,0.05469534158220528
195,4,16,17,0.14166666666666666,0.1,1,0.013577890306249884,0.013578016379994411
195,4,16,17,0.14166666666666666,0.1,3,0.0045241822583278685,0.004524948069699156
195,4,16,17,0.14166666666666666,0.1,5,0.0027144238426070745,0.002714918075126129
195,4,16,17,0.14166666666666666,0.1,7,0.0019388573447331003,0.0019392172057573832
195,4,16,17,0.14166666666666666,0.1,9,0.0015079947706141275,0.00150827685112491
195,4,16,17,0.14166666666666666,0.1,11,0.0012338116723796396,0.0012340433719636391
195,4,16,17,0.14166666666666666,0.1,13,0.0010439934063386596,0.0010441899009677508
195,4,16,17,0.14166666666666666,0.1,15,0.0009047936951541412,0.0009049642303662647
195,4,16,17,0.14166666666666666,0.1,17,0.0007983470299602052,0.0007984976436524549
195,4,16,17,0.14166666666666666,0.1,19,0.0007143102820938232,0.0007144451304503925
195,4,16,17,0.14166666666666666,0.5,1,0.31648308428317484,0.31649206249511996
195,4,16,17,0.14166666666666666,0.5,3,0.10451672852858537,0.10495334453760187
195,4,16,17,0.14166666666666666,0.5,5,0.06266185988820774,0.06294494109040676
195,4,16,17,0.14166666666666666,0.5,7,0.04474895739476909,0.044955325530465336
195,4,16,17,0.14166666666666666,0.5,9,0.03480169616136983,0.03496353985636307
195,4,16,17,0.14166666666666666,0.5,11,0.02847285186708522,0.028605822645399
195,4,16,17,0.14166666666666666,0.5,13,0.024091798219882117,0.02420458124554628
195,4,16,17,0.14166666666666666,0.5,15,0.020879224053292265,0.020977115790047247
195,4,16,17,0.14166666666666666,0.5,17,0.01842264753914664,0.01850910896748847
195,4,16,17,0.14166666666666666,0.5,19,0.01648329774827289,0.016560712160648448
195,4,16,17,0.14166666666666666,1.0,1,1.0169930510728975,1.0158473550072935
195,4,16,17,0.14166666666666666,1.0,3,0.3294698896138224,0.3338025963460108
195,4,16,17,0.14166666666666666,1.0,5,0.19676553976697878,0.1998524141729756
195,4,16,17,0.14166666666666666,1.0,7,0.14032333731144556,0.14266344192721495
195,4,16,17,0.14166666666666666,1.0,9,0.10905842906185316,0.11093182702830945
195,4,16,17,0.14166666666666666,1.0,11,0.08919223386809014,0.09075048009943722
195,4,16,17,0.14166666666666666,1.0,13,0.07545080294758741,0.07678304757169721
195,4,16,17,0.14166666666666666,1.0,15,0.06537947427125629,0.06654213755254966
195,4,16,17,0.14166666666666666,1.0,17,0.057680872947051404,0.05871177914613051
195,4,16,17,0.14166666666666666,1.0,19,0.05160473161289662,0.05253041675566195
196,4,16,17,0.14166666666666666,0.1,1,0.014367996541715534,0.014048470759371826
196,4,16,17,0.14166666666666666,0.1,3,0.004785709541772343,0.004678373394522652
196,4,16,17,0.14166666666666666,0.1,5,0.002871153303139989,0.002806676584881257
196,4,16,17,0.14166666666666666,0.1,7,0.0020507520107222563,0.0020046760649407897
196,4,16,17,0.14166666666666666,0.1,9,0.0015950006586965355,0.0015591550439569368
196,4,16,17,0.14166666666666666,0.1,11,0.0013049863127910452,0.00127565363016962
196,4,16,17,0.14166666666666666,0.1,13,0.0011042111266627937,0.0010793885998035182
196,4,16,17,0.14166666666666666,0.1,15,0.0009569779759037492,0.0009354635089728439
196,4,16,17,0.14166666666666666,0.1,17,0.0008443890194013299,0.0008254045895873686
196,4,16,17,0.14166666666666666,0.1,19,0.0007555036588560979,0.0007385168349985494
196,4,16,17,0.14166666666666666,0.5,1,0.3351826198533198,0.3299010470757851
196,4,16,17,0.14166666666666666,0.5,3,0.11048293638449566,0.10827813653201528
196,4,16,17,0.14166666666666666,0.5,5,0.06623503015890587,0.06487733402616463
196,4,16,17,0.14166666666666666,0.5,7,0.04730013106822731,0.04632137422466605
196,4,16,17,0.14166666666666666,0.5,9,0.036785611113947465,0.03602083024387426
196,4,16,17,0.14166666666666666,0.5,11,0.030095918908724914,0.029468462342093975
196,4,16,17,0.14166666666666666,0.5,13,0.02546509551779591,0.02493320154719041
196,4,16,17,0.14166666666666666,0.5,15,0.02206937764655899,0.02160780610420798
196,4,16,17,0.14166666666666666,0.5,17,0.019472760328754994,0.019065098371969756
196,4,16,17,0.14166666666666666,0.5,19,0.01742285759886067,0.01705783519730912
196,4,16,17,0.14166666666666666,1.0,1,1.0721971160777177,1.0750540567116418
196,4,16,17,0.14166666666666666,1.0,3,0.35146209166272324,0.3407732044253582
196,4,16,17,0.14166666666666666,1.0,5,0.21008052601944463,0.20366394388924616
196,4,16,17,0.14166666666666666,1.0,7,0.14984353467633849,0.14530436731134608
196,4,16,17,0.14166666666666666,1.0,9,0.11645998958178587,0.11295710488596747
196,4,16,17,0.14166666666666666,1.0,11,0.09524366487582232,0.0923945571027672
196,4,16,17,0.14166666666666666,1.0,13,0.08056730973847002,0.07816738278901726
196,4,16,17,0.14166666666666666,1.0,15,0.06981053554661026,0.06773792963897865
196,4,16,17,0.14166666666666666,1.0,17,0.061588005831116024,0.059764398280818906
196,4,16,17,0.14166666666666666,1.0,19,0.055098459950409316,0.053470575546047096
197,4,16,17,0.14166666666666666,0.1,1,0.01360477560898388,0.012835374026964805
197,4,16,17,0.14166666666666666,0.1,3,0.004525463260995211,0.004269023101916359
197,4,16,17,0.14166666666666666,0.1,5,0.002714347658653422,0.002560754517772428
197,4,16,17,0.14166666666666666,0.1,7,0.001938550151109764,0.0018289433922167632
197,4,16,17,0.14166666666666666,0.1,9,0.0015076478073173271,0.0014224464288361005
197,4,16,17,0.14166666666666666,0.1,11,0.0012334719077849185,0.0011637880605334953
197,4,16,17,0.14166666666666666,0.1,13,0.0010436733163930363,0.0009847259768562483
197,4,16,17,0.14166666666666666,0.1,15,0.0009044956304047695,0.0008534182622830121
197,4,16,17,0.14166666666666666,0.1,17,0.0007980701280357526,0.0007530089357155186
197,4,16,17,0.14166666666666666,0.1,19,0.0007140527242379132,0.0006737398701421408
197,4,16,17,0.14166666666666666,0.5,1,0.31814812012616017,0.2978404015079651
197,4,16,17,0.14166666666666666,0.5,3,0.10380204793572238,0.0951796190067551
197,4,16,17,0.14166666666666666,0.5,5,0.06210244662852035,0.05684138986691831
197,4,16,17,0.14166666666666666,0.5,7,0.04431096797937985,0.04053711575730384
197,4,16,17,0.14166666666666666,0.5,9,0.034444786784203645,0.03150495092617118
197,4,16,17,0.14166666666666666,0.5,11,0.0281724841965241,0.025765466168758737
197,4,16,17,0.14166666666666666,0.5,13,0.023832792885678498,0.0217953663206798
197,4,16,17,0.14166666666666666,0.5,15,0.020651691747349356,0.018885590263987805
197,4,16,17,0.14166666666666666,0.5,17,0.018219828688517563,0.01666134339394466
197,4,16,17,0.14166666666666666,0.5,19,0.016300382354128187,0.014905869688370862
197,4,16,17,0.14166666666666666,1.0,1,1.019245323776114,0.9707654077475579
197,4,16,17,0.14166666666666666,1.0,3,0.32706538978574967,0.3062800811229427
197,4,16,17,0.14166666666666666,1.0,5,0.19470005713619062,0.18259796443710283
197,4,16,17,0.14166666666666666,1.0,7,0.13862855771550311,0.13010743380923256
197,4,16,17,0.14166666666666666,1.0,9,0.10763914962208604,0.10106320016106213
197,4,16,17,0.14166666666666666,1.0,11,0.0879760129559291,0.0826214972836095
197,4,16,17,0.14166666666666666,1.0,13,0.07438834808001771,0.06987218656818041
197,4,16,17,0.14166666666666666,1.0,15,0.06443686486507072,0.06053184619602677
197,4,16,17,0.14166666666666666,1.0,17,0.056834068574274255,0.053394373192280756
197,4,16,17,0.14166666666666666,1.0,19,0.05083617295405865,0.047762634054186306
198,4,16,17,0.14166666666666666,0.1,1,0.013645985916266487,0.015722486172180302
198,4,16,17,0.14166666666666666,0.1,3,0.0045424327566261,0.005221115733330595
198,4,16,17,0.14166666666666666,0.1,5,0.0027248608811781655,0.0031307119724538327
198,4,16,17,0.14166666666666666,0.1,7,0.0019461566104115808,0.002235653494986401
198,4,16,17,0.14166666666666666,0.1,9,0.0015136049455374138,0.0017386016279651974
198,4,16,17,0.14166666666666666,0.1,11,0.001238366997767164,0.0014223691300008616
198,4,16,17,0.14166666666666666,0.1,13,0.0010478275483244137,0.0012034717000798069
198,4,16,17,0.14166666666666666,0.1,15,0.0009081036901586835,0.0010429637410907658
198,4,16,17,0.14166666666666666,0.1,17,0.0008012588980094255,0.0009202318777707019
198,4,16,17,0.14166666666666666,0.1,19,0.0007169094851435388,0.0008233440870499297
198,4,16,17,0.14166666666666666,0.5,1,0.31490831700112965,0.36583511323322493
198,4,16,17,0.14166666666666666,0.5,3,0.10348728789251442,0.11700317617772119
198,4,16,17,0.14166666666666666,0.5,5,0.06200528288783276,0.06983455101510898
198,4,16,17,0.14166666666666666,0.5,7,0.04426633243697566,0.04978632935427573
198,4,16,17,0.14166666666666666,0.5,9,0.034419987765316906,0.038684881932570594
198,4,16,17,0.14166666666666666,0.5,11,0.028157104171295654,0.03163262788442575
198,4,16,17,0.14166666666666666,0.5,13,0.023822554444178107,0.026755557266671615
198,4,16,17,0.14166666666666666,0.5,15,0.02064453601531388,0.02318165175881924
198,4,16,17,0.14166666666666666,0.5,17,0.01821465007496055,0.020450106725646195
198,4,16,17,0.14166666666666666,0.5,19,0.016296537699737247,0.01829448295507738
198,4,16,17,0.14166666666666666,1.0,1,0.988808350266774,1.1370241174627533
198,4,16,17,0.14166666666666666,1.0,3,0.32645459261556126,0.33215072799795015
198,4,16,17,0.14166666666666666,1.0,5,0.1964679018108505,0.19612818364511062
198,4,16,17,0.14166666666666666,1.0,7,0.14041275959156016,0.1393059606623555
198,4,16,17,0.14166666666666666,1.0,9,0.10922231432936406,0.10804518279701168
198,4,16,17,0.14166666666666666,1.0,11,0.08936360645094622,0.08825305854334828
198,4,16,17,0.14166666666666666,1.0,13,0.07561278065577795,0.0745933262353988
198,4,16,17,0.14166666666666666,1.0,15,0.06552830855009262,0.06459705725000688
198,4,16,17,0.14166666666666666,1.0,17,0.057816661621375214,0.05696425879480188
198,4,16,17,0.14166666666666666,1.0,19,0.05172866866420614,0.0509451143262688
199,4,16,17,0.14166666666666666,0.1,1,0.01361175126354172,0.013716952067659608
199,4,16,17,0.14166666666666666,0.1,3,0.0045334500836127015,0.004567527044788412
199,4,16,17,0.14166666666666666,0.1,5,0.002719870688544806,0.002740175498527953
199,4,16,17,0.14166666666666666,0.1,7,0.0019427223379501995,0.0019571808864442207
199,4,16,17,0.14166666666666666,0.1,9,0.001510991669652591,0.0015222174887798217
199,4,16,17,0.14166666666666666,0.1,11,0.0012362594524953769,0.0012454338489799649
199,4,16,17,0.14166666666666666,0.1,13,0.0010460623459291963,0.0010538191875496521
199,4,16,17,0.14166666666666666,0.1,15,0.0009065854386071989,0.000913304134958032
199,4,16,17,0.14166666666666666,0.1,17,0.000799927127032141,0.0008058527486884123
199,4,16,17,0.14166666666666666,0.1,19,0.0007157234776808267,0.0007210234803205352
199,4,16,17,0.14166666666666666,0.5,1,0.3170470123614898,0.31983021410533174
199,4,16,17,0.14166666666666666,0.5,3,0.10379718021354302,0.10474505113043198
199,4,16,17,0.14166666666666666,0.5,5,0.06219460412124146,0.06275482685120215
199,4,16,17,0.14166666666666666,0.5,7,0.04440814446085868,0.04480474644928356
199,4,16,17,0.14166666666666666,0.5,9,0.03453430086969031,0.034841028454470256
199,4,16,17,0.14166666666666666,0.5,11,0.02825308535083227,0.028503074508023182
199,4,16,17,0.14166666666666666,0.5,13,0.02390534641794697,0.024116282789277486
199,4,16,17,0.14166666666666666,0.5,15,0.020717355045820753,0.020899778450529986
199,4,16,17,0.14166666666666666,0.5,17,0.018279653567946034,0.01844034779636031
199,4,16,17,0.14166666666666666,0.5,19,0.016355247130409506,0.01649883400455519
199,4,16,17,0.14166666666666666,1.0,1,1.0157246453164581,1.0241059614150543
199,4,16,17,0.14166666666666666,1.0,3,0.3245624984947846,0.3271177848252814
199,4,16,17,0.14166666666666666,1.0,5,0.19433866221700097,0.19597429155150742
199,4,16,17,0.14166666666666666,1.0,7,0.13873992513258082,0.13992027734858065
199,4,16,17,0.14166666666666666,1.0,9,0.10788581925971104,0.10880556337756232
199,4,16,17,0.14166666666666666,1.0,11,0.08826076027588291,0.08901316919535028
199,4,16,17,0.14166666666666666,1.0,13,0.07467759261378265,0.07531382132277625
199,4,16,17,0.14166666666666666,1.0,15,0.06471808535541251,0.06526905736258244
199,4,16,17,0.14166666666666666,1.0,17,0.05710271994834102,0.05758850801668022
199,4,16,17,0.14166666666666666,1.0,19,0.05109098129370163,0.05152533624126596
