graph_index,n_qubits,n_vertices,n_edges,density,time,trotter_steps,matching_diff,pauli_diff
0,3,8,7,0.25,0.1,1,0.008074072973169488,0.008074072973169508
0,3,8,7,0.25,0.1,3,0.0026889771227013915,0.002688977122701708
0,3,8,7,0.25,0.1,5,0.0016132721653345766,0.0016132721653361612
0,3,8,7,0.25,0.1,7,0.0011523148081307108,0.0011523148081314923
0,3,8,7,0.25,0.1,9,0.000896237664495092,0.0008962376644988589
0,3,8,7,0.25,0.1,11,0.0007332823856226712,0.0007332823856226374
0,3,8,7,0.25,0.1,13,0.0006204682624958411,0.0006204682624959776
0,3,8,7,0.25,0.1,15,0.0005377383732520754,0.0005377383732536125
0,3,8,7,0.25,0.1,17,0.00047447457079717196,0.000474474570800503
0,3,8,7,0.25,0.1,19,0.00042452958776839313,0.0004245295877686528
0,3,8,7,0.25,0.5,1,0.1924569473826943,0.19245694738269437
0,3,8,7,0.25,0.5,3,0.062766754896756,0.0627667548967564
0,3,8,7,0.25,0.5,5,0.03759574821933176,0.037595748219331857
0,3,8,7,0.25,0.5,7,0.026841488253306903,0.02684148825330895
0,3,8,7,0.25,0.5,9,0.02087267743032031,0.02087267743032115
0,3,8,7,0.25,0.5,11,0.01707597404136199,0.017075974041361956
0,3,8,7,0.25,0.5,13,0.014448087809336293,0.014448087809340057
0,3,8,7,0.25,0.5,15,0.012521233811020018,0.012521233811021297
0,3,8,7,0.25,0.5,17,0.011047886621545506,0.011047886621545298
0,3,8,7,0.25,0.5,19,0.009884787500188707,0.00988478750018893
0,3,8,7,0.25,1.0,1,0.6646932388207962,0.6646932388207961
0,3,8,7,0.25,1.0,3,0.20438049127527969,0.20438049127527969
0,3,8,7,0.25,1.0,5,0.12189369876863639,0.12189369876863647
0,3,8,7,0.25,1.0,7,0.08692365965257565,0.08692365965257752
0,3,8,7,0.25,1.0,9,0.06756149241935525,0.06756149241935598
0,3,8,7,0.25,1.0,11,0.055258603487488976,0.05525860348749178
0,3,8,7,0.25,1.0,13,0.04674802911228519,0.046748029112285955
0,3,8,7,0.25,1.0,15,0.04050991946041033,0.04050991946041169
0,3,8,7,0.25,1.0,17,0.035741069234557485,0.035741069234560434
0,3,8,7,0.25,1.0,19,0.031976979654182,0.03197697965418389
1,3,8,8,0.2857142857142857,0.1,1,0.013049639114480966,0.011684657169231798
1,3,8,8,0.2857142857142857,0.1,3,0.0043480921574162446,0.0038914967082269956
1,3,8,8,0.2857142857142857,0.1,5,0.0026087696558953805,0.0023347349964353238
1,3,8,8,0.2857142857142857,0.1,7,0.0018633900470358211,0.0016676357651277144
1,3,8,8,0.2857142857142857,0.1,9,0.0014492979769697952,0.0012970397679311842
1,3,8,8,0.2857142857142857,0.1,11,0.0011857870203829373,0.0010612101013378807
1,3,8,8,0.2857142857142857,0.1,13,0.0010033571610661735,0.000897944938417145
1,3,8,8,0.2857142857142857,0.1,15,0.0008695756152297396,0.0007782178208280013
1,3,8,8,0.2857142857142857,0.1,17,0.0007672722531524614,0.0006866621192149597
1,3,8,8,0.2857142857142857,0.1,19,0.0006865065341698851,0.0006143814796353228
1,3,8,8,0.2857142857142857,0.5,1,0.30283451071949735,0.2750353368652792
1,3,8,8,0.2857142857142857,0.5,3,0.0999298825467766,0.08973940805530416
1,3,8,8,0.2857142857142857,0.5,5,0.059911459148948264,0.05374478665456677
1,3,8,8,0.2857142857142857,0.5,7,0.04278479293305219,0.0383695774006553
1,3,8,8,0.2857142857142857,0.5,9,0.03327415017193564,0.029836735493534376
1,3,8,8,0.2857142857142857,0.5,11,0.027223099737939217,0.02440927626547145
1,3,8,8,0.2857142857142857,0.5,13,0.0230343443173503,0.020652738071229856
1,3,8,8,0.2857142857142857,0.5,15,0.019962779700214754,0.01789835170792703
1,3,8,8,0.2857142857142857,0.5,17,0.017614029465138285,0.01579225753659388
1,3,8,8,0.2857142857142857,0.5,19,0.015759803215926363,0.014129660068297668
1,3,8,8,0.2857142857142857,1.0,1,0.9611260661791995,0.9106080400941425
1,3,8,8,0.2857142857142857,1.0,3,0.30890674699881093,0.28005280349300526
1,3,8,8,0.2857142857142857,1.0,5,0.18487363199359924,0.1664935974588659
1,3,8,8,0.2857142857142857,1.0,7,0.13196079968423943,0.11861483227680662
1,3,8,8,0.2857142857142857,1.0,9,0.10260686608913587,0.09215640651984697
1,3,8,8,0.2857142857142857,1.0,11,0.0839389448249685,0.07535934474810894
1,3,8,8,0.2857142857142857,1.0,13,0.0710193621412649,0.06374544646946811
1,3,8,8,0.2857142857142857,1.0,15,0.06154690732841294,0.05523508614306663
1,3,8,8,0.2857142857142857,1.0,17,0.05430420422395461,0.048730369817743965
1,3,8,8,0.2857142857142857,1.0,19,0.048586786333667,0.04359679606817055
2,3,8,8,0.2857142857142857,0.1,1,0.011696035864584045,0.011210056196875253
2,3,8,8,0.2857142857142857,0.1,3,0.003890097590808827,0.0037330711614171467
2,3,8,8,0.2857142857142857,0.1,5,0.0023332386775013095,0.002239599337453071
2,3,8,8,0.2857142857142857,0.1,7,0.0016663635177271748,0.0015996532249488533
2,3,8,8,0.2857142857142857,0.1,9,0.0012959618614157102,0.0012441513584619663
2,3,8,8,0.2857142857142857,0.1,11,0.0010602820192631348,0.0010179307064373362
2,3,8,8,0.2857142857142857,0.1,13,0.0008971325440486011,0.0008613196842269185
2,3,8,8,0.2857142857142857,0.1,15,0.0007774965013938478,0.0007464732054427842
2,3,8,8,0.2857142857142857,0.1,17,0.0006860140131490992,0.000658650302605121
2,3,8,8,0.2857142857142857,0.1,19,0.0006137933609224364,0.0005893169487199892
2,3,8,8,0.2857142857142857,0.5,1,0.27706762150387326,0.26498429083804353
2,3,8,8,0.2857142857142857,0.5,3,0.0900850577908111,0.08677816231232369
2,3,8,8,0.2857142857142857,0.5,5,0.053879565835825025,0.05198047766085671
2,3,8,8,0.2857142857142857,0.5,7,0.03844054256035966,0.037109626165282655
2,3,8,8,0.2857142857142857,0.5,9,0.02988037450842848,0.02885615800737587
2,3,8,8,0.2857142857142857,0.5,11,0.024438776161800315,0.023606441047875012
2,3,8,8,0.2857142857142857,0.5,13,0.020673992766683465,0.019973010381872134
2,3,8,8,0.2857142857142857,0.5,15,0.017914384300343967,0.017308957558830877
2,3,8,8,0.2857142857142857,0.5,17,0.015804776361723887,0.015271983926629278
2,3,8,8,0.2857142857142857,0.5,19,0.014139702601471914,0.013663985960789706
2,3,8,8,0.2857142857142857,1.0,1,0.9275507274792943,0.8905799252925715
2,3,8,8,0.2857142857142857,1.0,3,0.291393235821484,0.28197338031493213
2,3,8,8,0.2857142857142857,1.0,5,0.17320344847197075,0.1682413926595244
2,3,8,8,0.2857142857142857,1.0,7,0.12327617001398772,0.11995799781332586
2,3,8,8,0.2857142857142857,1.0,9,0.0957036438475989,0.09322329833712704
2,3,8,8,0.2857142857142857,1.0,11,0.0782142975876268,0.07623801928883825
2,3,8,8,0.2857142857142857,1.0,13,0.06613090005001661,0.06449006388953143
2,3,8,8,0.2857142857142857,1.0,15,0.05728208785852729,0.055880116492340245
2,3,8,8,0.2857142857142857,1.0,17,0.0505222098372433,0.04929879430660678
2,3,8,8,0.2857142857142857,1.0,19,0.04518957633600532,0.044104595803434066
3,3,8,8,0.2857142857142857,0.1,1,0.01352301058495255,0.01191550528283618
3,3,8,8,0.2857142857142857,0.1,3,0.004500568705141982,0.0039580279113440725
3,3,8,8,0.2857142857142857,0.1,5,0.002699743258555551,0.002373526238997575
3,3,8,8,0.2857142857142857,0.1,7,0.0019282235185128119,0.0016950075239251532
3,3,8,8,0.2857142857142857,0.1,9,0.0014996620516908117,0.0013181854010698207
3,3,8,8,0.2857142857142857,0.1,11,0.0012269622949175663,0.0010784368973465613
3,3,8,8,0.2857142857142857,0.1,13,0.0010381794281815158,0.0009124782156930461
3,3,8,8,0.2857142857142857,0.1,15,0.000899743349147634,0.0007907859395588792
3,3,8,8,0.2857142857142857,0.1,17,0.0007938830884581038,0.0006977332035062277
3,3,8,8,0.2857142857142857,0.1,19,0.0007103107791847734,0.0006242741927914487
3,3,8,8,0.2857142857142857,0.5,1,0.3144481241924621,0.28095400708573337
3,3,8,8,0.2857142857142857,0.5,3,0.10242961560566068,0.08976077337039567
3,3,8,8,0.2857142857142857,0.5,5,0.06131574175673978,0.05359533901125481
3,3,8,8,0.2857142857142857,0.5,7,0.043762881600801995,0.03821653873662813
3,3,8,8,0.2857142857142857,0.5,9,0.03402495015048338,0.029698346283269613
3,3,8,8,0.2857142857142857,0.5,11,0.027832477196703696,0.024286161265161452
3,3,8,8,0.2857142857142857,0.5,13,0.02354719332979173,0.020542845286723354
3,3,8,8,0.2857142857142857,0.5,15,0.020405528450370174,0.017799509853135078
3,3,8,8,0.2857142857142857,0.5,17,0.018003552117560523,0.015702630701920503
3,3,8,8,0.2857142857142857,0.5,19,0.016107532134747214,0.014047771945304738
3,3,8,8,0.2857142857142857,1.0,1,0.9948321202339064,0.918964473784552
3,3,8,8,0.2857142857142857,1.0,3,0.30972106460157867,0.27032509723461123
3,3,8,8,0.2857142857142857,1.0,5,0.18476685908169616,0.16007865198111185
3,3,8,8,0.2857142857142857,1.0,7,0.13171497456358655,0.11381896824539801
3,3,8,8,0.2857142857142857,1.0,9,0.102344250671026,0.0883240643909718
3,3,8,8,0.2857142857142857,1.0,11,0.08368739786869876,0.07216732170747438
3,3,8,8,0.2857142857142857,1.0,13,0.07078521481745928,0.06101012941145409
3,3,8,8,0.2857142857142857,1.0,15,0.0613305255122662,0.052842037464308905
3,3,8,8,0.2857142857142857,1.0,17,0.05410424277482659,0.046603412524104236
3,3,8,8,0.2857142857142857,1.0,19,0.048401513347900285,0.0416826533673133
4,3,8,8,0.2857142857142857,0.1,1,0.011037643074559934,0.010781095922362262
4,3,8,8,0.2857142857142857,0.1,3,0.003672741027493626,0.003587608314733956
4,3,8,8,0.2857142857142857,0.1,5,0.002203057205756128,0.0021520501702172626
4,3,8,8,0.2857142857142857,0.1,7,0.0015734461607215208,0.0015370372217874241
4,3,8,8,0.2857142857142857,0.1,9,0.0012237224299947473,0.0011954155405447145
4,3,8,8,0.2857142857142857,0.1,11,0.0010011923402283595,0.0009780381383247144
4,3,8,8,0.2857142857142857,0.1,13,0.0008471425092991581,0.0008275540592390233
4,3,8,8,0.2857142857142857,0.1,15,0.0007341774564665138,0.000717203095726303
4,3,8,8,0.2857142857142857,0.1,17,0.0006477951297980874,0.0006328193165841598
4,3,8,8,0.2857142857142857,0.1,19,0.0005796001989001504,0.0005662018998884448
4,3,8,8,0.2857142857142857,0.5,1,0.26318783998471945,0.2579996156158798
4,3,8,8,0.2857142857142857,0.5,3,0.08588369577084705,0.08397816089165276
4,3,8,8,0.2857142857142857,0.5,5,0.0514189762990027,0.05024821247188169
4,3,8,8,0.2857142857142857,0.5,7,0.036700983843270966,0.03585623475812537
4,3,8,8,0.2857142857142857,0.5,9,0.02853502356239846,0.02787435872599271
4,3,8,8,0.2857142857142857,0.5,11,0.02334196121756018,0.022799541110404175
4,3,8,8,0.2857142857142857,0.5,13,0.019748197530657773,0.019288136720389263
4,3,8,8,0.2857142857142857,0.5,15,0.017113466673887977,0.016714059383414148
4,3,8,8,0.2857142857142857,0.5,17,0.0150990494706441,0.014746169788766582
4,3,8,8,0.2857142857142857,0.5,19,0.013508941504350912,0.013192882655727677
4,3,8,8,0.2857142857142857,1.0,1,0.8931115276280583,0.8897423618714312
4,3,8,8,0.2857142857142857,1.0,3,0.2822203628381259,0.27681456127391757
4,3,8,8,0.2857142857142857,1.0,5,0.1688806161346163,0.16498467505282122
4,3,8,8,0.2857142857142857,1.0,7,0.12052704777687989,0.11756865146766743
4,3,8,8,0.2857142857142857,1.0,9,0.09370742064204107,0.09133325401261995
4,3,8,8,0.2857142857142857,1.0,11,0.0766536954611901,0.07467357341357572
4,3,8,8,0.2857142857142857,1.0,13,0.0648524951488545,0.06315507924674084
4,3,8,8,0.2857142857142857,1.0,15,0.05620069214882305,0.05471568873481908
4,3,8,8,0.2857142857142857,1.0,17,0.0495858540328512,0.048266176626077545
4,3,8,8,0.2857142857142857,1.0,19,0.04436431519821545,0.043176924568114505
5,3,8,8,0.2857142857142857,0.1,1,0.012587572247038256,0.008641024939019573
5,3,8,8,0.2857142857142857,0.1,3,0.004195009077185927,0.0028774993991036515
5,3,8,8,0.2857142857142857,0.1,5,0.0025169649438497492,0.0017263635112021122
5,3,8,8,0.2857142857142857,0.1,7,0.0017978241361853503,0.0012330900101812164
5,3,8,8,0.2857142857142857,0.1,9,0.0013983051119880183,0.0009590614357726834
5,3,8,8,0.2857142857142857,0.1,11,0.0011440667630683023,0.0007846830791050559
5,3,8,8,0.2857142857142857,0.1,13,0.0009680559780113035,0.000663960877688784
5,3,8,8,0.2857142857142857,0.1,15,0.0008389815682266832,0.0005754318212251314
5,3,8,8,0.2857142857142857,0.1,17,0.0007402776895706234,0.0005077334059335506
5,3,8,8,0.2857142857142857,0.1,19,0.000662353618891219,0.0004542874367098511
5,3,8,8,0.2857142857142857,0.5,1,0.29475145849760864,0.2047362901627632
5,3,8,8,0.2857142857142857,0.5,3,0.0978563129390643,0.06659530462791051
5,3,8,8,0.2857142857142857,0.5,5,0.05869794200462259,0.03988223712799355
5,3,8,8,0.2857142857142857,0.5,7,0.04192403571275321,0.02847263736566071
5,3,8,8,0.2857142857142857,0.5,9,0.03260660717073518,0.022140694750275487
5,3,8,8,0.2857142857142857,0.5,11,0.026677729774302886,0.01811317282048081
5,3,8,8,0.2857142857142857,0.5,13,0.02257326758963738,0.015325586536427259
5,3,8,8,0.2857142857142857,0.5,15,0.019563392043204945,0.013281661633909973
5,3,8,8,0.2857142857142857,0.5,17,0.017261753715583812,0.011718810521980014
5,3,8,8,0.2857142857142857,0.5,19,0.01544468762664872,0.010485061642319127
5,3,8,8,0.2857142857142857,1.0,1,0.957306502627977,0.6912510421618308
5,3,8,8,0.2857142857142857,1.0,3,0.31822873851594696,0.2092279753461766
5,3,8,8,0.2857142857142857,1.0,5,0.19102179220999946,0.12471988457934863
5,3,8,8,0.2857142857142857,1.0,7,0.13646235455093036,0.08892764639670267
5,3,8,8,0.2857142857142857,1.0,9,0.10614336647549306,0.06911564426787022
5,3,8,8,0.2857142857142857,1.0,11,0.08684707584935672,0.05652837753664068
5,3,8,8,0.2857142857142857,1.0,13,0.07348721236902232,0.047821600524231365
5,3,8,8,0.2857142857142857,1.0,15,0.06368958575441419,0.041439897228683784
5,3,8,8,0.2857142857142857,1.0,17,0.05619708827866785,0.03656137936490469
5,3,8,8,0.2857142857142857,1.0,19,0.050281853448715115,0.03271078368959826
6,3,8,8,0.2857142857142857,0.1,1,0.00997780029733863,0.009977800297338682
6,3,8,8,0.2857142857142857,0.1,3,0.003322644653595518,0.0033226446535955722
6,3,8,8,0.2857142857142857,0.1,5,0.001993428846609246,0.0019934288466100783
6,3,8,8,0.2857142857142857,0.1,7,0.0014238466634532475,0.0014238466634540867
6,3,8,8,0.2857142857142857,0.1,9,0.0011074263444522466,0.001107426344454421
6,3,8,8,0.2857142857142857,0.1,11,0.0009060719793356656,0.00090607197933568
6,3,8,8,0.2857142857142857,0.1,13,0.0007666742848194618,0.0007666742848212346
6,3,8,8,0.2857142857142857,0.1,15,0.0006644499564055343,0.0006644499564056396
6,3,8,8,0.2857142857142857,0.1,17,0.0005862787302786696,0.0005862787302788535
6,3,8,8,0.2857142857142857,0.1,19,0.0005245647763115294,0.0005245647763138266
6,3,8,8,0.2857142857142857,0.5,1,0.23645877516352246,0.23645877516352246
6,3,8,8,0.2857142857142857,0.5,3,0.07681449794604032,0.07681449794604064
6,3,8,8,0.2857142857142857,0.5,5,0.04599118014058476,0.04599118014058483
6,3,8,8,0.2857142857142857,0.5,7,0.032831635434543996,0.03283163543454554
6,3,8,8,0.2857142857142857,0.5,9,0.025529567089009768,0.02552956708901087
6,3,8,8,0.2857142857142857,0.5,11,0.020885280507687766,0.02088528050768919
6,3,8,8,0.2857142857142857,0.5,13,0.017670920772431983,0.017670920772435043
6,3,8,8,0.2857142857142857,0.5,15,0.015314123912493179,0.015314123912493281
6,3,8,8,0.2857142857142857,0.5,17,0.013512064763336346,0.013512064763336525
6,3,8,8,0.2857142857142857,0.5,19,0.012089492765960271,0.012089492765960514
6,3,8,8,0.2857142857142857,1.0,1,0.7992141739660589,0.7992141739660591
6,3,8,8,0.2857142857142857,1.0,3,0.23672448971012847,0.23672448971012858
6,3,8,8,0.2857142857142857,1.0,5,0.14053418857246402,0.14053418857246416
6,3,8,8,0.2857142857142857,1.0,7,0.1000865453437711,0.10008654534377114
6,3,8,8,0.2857142857142857,1.0,9,0.07775070300231997,0.07775070300231995
6,3,8,8,0.2857142857142857,1.0,11,0.06357512759591828,0.06357512759592009
6,3,8,8,0.2857142857142857,1.0,13,0.05377532012489516,0.05377532012489608
6,3,8,8,0.2857142857142857,1.0,15,0.04659493671622714,0.04659493671622867
6,3,8,8,0.2857142857142857,1.0,17,0.04110708191177761,0.04110708191178096
6,3,8,8,0.2857142857142857,1.0,19,0.03677619536347733,0.03677619536347895
7,3,8,8,0.2857142857142857,0.1,1,0.008077403942273546,0.008077403942273543
7,3,8,8,0.2857142857142857,0.1,3,0.002693045196248507,0.0026930451962485706
7,3,8,8,0.2857142857142857,0.1,5,0.0016158549849033823,0.0016158549849036657
7,3,8,8,0.2857142857142857,0.1,7,0.0011541876191077302,0.0011541876191079714
7,3,8,8,0.2857142857142857,0.1,9,0.0008977032380704491,0.0008977032380712773
7,3,8,8,0.2857142857142857,0.1,11,0.000734485195058478,0.0007344851950585504
7,3,8,8,0.2857142857142857,0.1,13,0.0006214878268258043,0.0006214878268263031
7,3,8,8,0.2857142857142857,0.1,15,0.0005386229757876552,0.0005386229757874502
7,3,8,8,0.2857142857142857,0.1,17,0.0004752556804110998,0.00047525568041115076
7,3,8,8,0.2857142857142857,0.1,19,0.00042522883791539857,0.0004252288379162608
7,3,8,8,0.2857142857142857,0.5,1,0.19436561783525752,0.19436561783525755
7,3,8,8,0.2857142857142857,0.5,3,0.06515265233493357,0.06515265233493354
7,3,8,8,0.2857142857142857,0.5,5,0.03911115234710524,0.03911115234710525
7,3,8,8,0.2857142857142857,0.5,7,0.027940419984091632,0.027940419984092375
7,3,8,8,0.2857142857142857,0.5,9,0.02173268366332018,0.021732683663320485
7,3,8,8,0.2857142857142857,0.5,11,0.017781803213755797,0.017781803213756293
7,3,8,8,0.2857142857142857,0.5,13,0.015046392729741013,0.0150463927297421
7,3,8,8,0.2857142857142857,0.5,15,0.013040343860714197,0.013040343860714053
7,3,8,8,0.2857142857142857,0.5,17,0.011506266463717283,0.011506266463717222
7,3,8,8,0.2857142857142857,0.5,19,0.010295131159274235,0.010295131159274362
7,3,8,8,0.2857142857142857,1.0,1,0.6876762298590507,0.6876762298590509
7,3,8,8,0.2857142857142857,1.0,3,0.2352359370962344,0.23523593709623417
7,3,8,8,0.2857142857142857,1.0,5,0.14149606734666417,0.1414960673466645
7,3,8,8,0.2857142857142857,1.0,7,0.1011388756753363,0.10113887567533643
7,3,8,8,0.2857142857142857,1.0,9,0.07868610082809578,0.0786861008280956
7,3,8,8,0.2857142857142857,1.0,11,0.06438887619358945,0.06438887619359045
7,3,8,8,0.2857142857142857,1.0,13,0.05448744222822723,0.054487442228228176
7,3,8,8,0.2857142857142857,1.0,15,0.047224922998671114,0.04722492299867204
7,3,8,8,0.2857142857142857,1.0,17,0.04167050828332376,0.041670508283325414
7,3,8,8,0.2857142857142857,1.0,19,0.037285054158795274,0.03728505415879644
8,3,8,8,0.2857142857142857,0.1,1,0.011157992414913566,0.011156595384261753
8,3,8,8,0.2857142857142857,0.1,3,0.0037187816493053486,0.003719006902515378
8,3,8,8,0.2857142857142857,0.1,5,0.002231242354398697,0.002231410644321015
8,3,8,8,0.2857142857142857,0.1,7,0.0015937392921166816,0.001593866020019043
8,3,8,8,0.2857142857142857,0.1,9,0.001239573325139363,0.001239673978377013
8,3,8,8,0.2857142857142857,0.1,11,0.001014195661114995,0.0010142788781448882
8,3,8,8,0.2857142857142857,0.1,13,0.0008581652207523711,0.0008582360558271433
8,3,8,8,0.2857142857142857,0.1,15,0.0007437430071684944,0.0007438046263022166
8,3,8,8,0.2857142857142857,0.1,17,0.0006562437212592391,0.0006562982259700589
8,3,8,8,0.2857142857142857,0.1,19,0.0005871653666812898,0.0005872142186732096
8,3,8,8,0.2857142857142857,0.5,1,0.26574976534033495,0.2649753628204796
8,3,8,8,0.2857142857142857,0.5,3,0.08828028636148931,0.08843816068383038
8,3,8,8,0.2857142857142857,0.5,5,0.052949310295156995,0.05306367107098008
8,3,8,8,0.2857142857142857,0.5,7,0.037817145456743334,0.037902684419178864
8,3,8,8,0.2857142857142857,0.5,9,0.029412114470576744,0.029479876727562835
8,3,8,8,0.2857142857142857,0.5,11,0.024063950258129616,0.024119902112858752
8,3,8,8,0.2857142857142857,0.5,13,0.020361556950214566,0.020409148972495687
8,3,8,8,0.2857142857142857,0.5,15,0.01764654820521467,0.01768792953568536
8,3,8,8,0.2857142857142857,0.5,17,0.015570404362247436,0.015606996849488611
8,3,8,8,0.2857142857142857,0.5,19,0.01393136462997283,0.013964155179763486
8,3,8,8,0.2857142857142857,1.0,1,0.9096117715556186,0.9013267690169563
8,3,8,8,0.2857142857142857,1.0,3,0.2997816562126954,0.3030365797105229
8,3,8,8,0.2857142857142857,1.0,5,0.17942515515674254,0.1816517369688723
8,3,8,8,0.2857142857142857,1.0,7,0.12806860851318996,0.12971100554273265
8,3,8,8,0.2857142857142857,1.0,9,0.09957893103077348,0.10087277880801243
8,3,8,8,0.2857142857142857,1.0,11,0.08146116617659127,0.08252653273439849
8,3,8,8,0.2857142857142857,1.0,13,0.06892257156332514,0.06982731677091619
8,3,8,8,0.2857142857142857,1.0,15,0.05972956729401475,0.06051546053270989
8,3,8,8,0.2857142857142857,1.0,17,0.05270059417030051,0.05339507814340005
8,3,8,8,0.2857142857142857,1.0,19,0.047151929147209004,0.04777396694195749
9,3,8,8,0.2857142857142857,0.1,1,0.012332613832478596,0.012981038920388696
9,3,8,8,0.2857142857142857,0.1,3,0.004107155829947117,0.0043244185182269084
9,3,8,8,0.2857142857142857,0.1,5,0.002464062128226984,0.002594481898529851
9,3,8,8,0.2857142857142857,0.1,7,0.0017599892439579179,0.0018531598385931102
9,3,8,8,0.2857142857142857,0.1,9,0.001368859867826139,0.001441330671902423
9,3,8,8,0.2857142857142857,0.1,11,0.001119966465479147,0.0011792629168505698
9,3,8,8,0.2857142857142857,0.1,13,0.0009476585692482404,0.0009978336240235198
9,3,8,8,0.2857142857142857,0.1,15,0.000821300852448382,0.0008647865625734348
9,3,8,8,0.2857142857142857,0.1,17,0.0007246751204429053,0.0007630452823938339
9,3,8,8,0.2857142857142857,0.1,19,0.000648392090077442,0.0006827235665694846
9,3,8,8,0.2857142857142857,0.5,1,0.28842976342812493,0.3030958526695109
9,3,8,8,0.2857142857142857,0.5,3,0.0944155613395085,0.09991348180020176
9,3,8,8,0.2857142857142857,0.5,5,0.056554657187974935,0.05989529801229021
9,3,8,8,0.2857142857142857,0.5,7,0.04037573308373119,0.04277144979570272
9,3,8,8,0.2857142857142857,0.5,9,0.03139624534116315,0.03326301261690113
9,3,8,8,0.2857142857142857,0.5,11,0.025684668591086365,0.02721359604421392
9,3,8,8,0.2857142857142857,0.5,13,0.021731529593716548,0.023026075022381447
9,3,8,8,0.2857142857142857,0.5,15,0.018833035009268265,0.019955468831523913
9,3,8,8,0.2857142857142857,0.5,17,0.016616784457345615,0.0176074817031546
9,3,8,8,0.2857142857142857,0.5,19,0.014867251391755805,0.015753876313450193
9,3,8,8,0.2857142857142857,1.0,1,0.9410108735594848,0.978406490910639
9,3,8,8,0.2857142857142857,1.0,3,0.297819765691264,0.31742596498104714
9,3,8,8,0.2857142857142857,1.0,5,0.17760228339279716,0.19011581847359463
9,3,8,8,0.2857142857142857,1.0,7,0.12661146472669538,0.13573102069970713
9,3,8,8,0.2857142857142857,1.0,9,0.09838656497076483,0.10554721782650203
9,3,8,8,0.2857142857142857,1.0,11,0.08045723526937845,0.08634780891675226
9,3,8,8,0.2857142857142857,1.0,13,0.06805738829561907,0.07305905533672119
9,3,8,8,0.2857142857142857,1.0,15,0.05897017003799983,0.06331536027955044
9,3,8,8,0.2857142857142857,1.0,17,0.05202428493473584,0.05586499408931753
9,3,8,8,0.2857142857142857,1.0,19,0.04654250616091384,0.04998350573640731
10,3,8,8,0.2857142857142857,0.1,1,0.013834058177586837,0.012684878280557303
10,3,8,8,0.2857142857142857,0.1,3,0.004605727585941585,0.004220648019419323
10,3,8,8,0.2857142857142857,0.1,5,0.002763038014203505,0.0025318944443316173
10,3,8,8,0.2857142857142857,0.1,7,0.001973496844391429,0.001808375373633454
10,3,8,8,0.2857142857142857,0.1,9,0.0015349021245939832,0.0014064682240307025
10,3,8,8,0.2857142857142857,0.1,11,0.0012558095021084124,0.0011507246814828175
10,3,8,8,0.2857142857142857,0.1,13,0.0010625970932312935,0.0009736779244483189
10,3,8,8,0.2857142857142857,0.1,15,0.0009209107403751971,0.000843846779863866
10,3,8,8,0.2857142857142857,0.1,17,0.0008125638616561557,0.000744565845116482
10,3,8,8,0.2857142857142857,0.1,19,0.0007270277481552107,0.0006661871621252557
10,3,8,8,0.2857142857142857,0.5,1,0.3198112505566618,0.294719578339347
10,3,8,8,0.2857142857142857,0.5,3,0.10428925880134216,0.09481734357874544
10,3,8,8,0.2857142857142857,0.5,5,0.06244087564707067,0.05672655902668964
10,3,8,8,0.2857142857142857,0.5,7,0.04456982214008272,0.040485273114273954
10,3,8,8,0.2857142857142857,0.5,9,0.03465408741870318,0.03147725717022128
10,3,8,8,0.2857142857142857,0.5,11,0.028348049689832438,0.02574923211753262
10,3,8,8,0.2857142857142857,0.5,13,0.023983943376509963,0.021785329390077345
10,3,8,8,0.2857142857142857,0.5,15,0.020784367074586,0.01887921233371709
10,3,8,8,0.2857142857142857,0.5,17,0.018338042015594747,0.016657265687270585
10,3,8,8,0.2857142857142857,0.5,19,0.01640697018737873,0.014903306966984182
10,3,8,8,0.2857142857142857,1.0,1,1.004231853751522,0.9368063876425167
10,3,8,8,0.2857142857142857,1.0,3,0.3150098241296481,0.2811703481364242
10,3,8,8,0.2857142857142857,1.0,5,0.1878001906353174,0.1674234480286757
10,3,8,8,0.2857142857142857,1.0,7,0.1338270678810141,0.11931792920510086
10,3,8,8,0.2857142857142857,1.0,9,0.1039617298476244,0.09270923213888455
10,3,8,8,0.2857142857142857,1.0,11,0.08499722274753442,0.07581121767732389
10,3,8,8,0.2857142857142857,1.0,13,0.07188544207227562,0.06412613500890024
10,3,8,8,0.2857142857142857,1.0,15,0.06227886066778358,0.05556331409231397
10,3,8,8,0.2857142857142857,1.0,17,0.05493747784159457,0.0490185075777172
10,3,8,8,0.2857142857142857,1.0,19,0.04914453186230246,0.043853381871251505
11,3,8,8,0.2857142857142857,0.1,1,0.009978726566726093,0.009969494133415168
11,3,8,8,0.2857142857142857,0.1,3,0.0033272001644241893,0.003320286791247875
11,3,8,8,0.2857142857142857,0.1,5,0.0019963657296839443,0.0019920337531381437
11,3,8,8,0.2857142857142857,0.1,7,0.001425984494531624,0.0014228540281427857
11,3,8,8,0.2857142857142857,0.1,9,0.0011091019227862855,0.001106655530079504
11,3,8,8,0.2857142857142857,0.1,11,0.0009074482168783438,0.0009054418246167364
11,3,8,8,0.2857142857142857,0.1,13,0.000767841377580436,0.0007661413259438563
11,3,8,8,0.2857142857142857,0.1,15,0.0006654628418876535,0.0006639881940839277
11,3,8,8,0.2857142857142857,0.1,17,0.0005871732813260012,0.0005858713727621401
11,3,8,8,0.2857142857142857,0.1,19,0.0005253656839044717,0.0005242003486152272
11,3,8,8,0.2857142857142857,0.5,1,0.23704198929775283,0.23166887629216876
11,3,8,8,0.2857142857142857,0.5,3,0.079579923298057,0.07546518001864491
11,3,8,8,0.2857142857142857,0.5,5,0.04776977487244598,0.045191585150811696
11,3,8,8,0.2857142857142857,0.5,7,0.03412546357600269,0.03226242048674576
11,3,8,8,0.2857142857142857,0.5,9,0.026543360601993936,0.025087456032122715
11,3,8,8,0.2857142857142857,0.5,11,0.021717845528707345,0.020523805837734554
11,3,8,8,0.2857142857142857,0.5,13,0.018376905979031015,0.017365180300615485
11,3,8,8,0.2857142857142857,0.5,15,0.015926797132747295,0.015049215496218257
11,3,8,8,0.2857142857142857,0.5,17,0.014053141911126108,0.013278361326731535
11,3,8,8,0.2857142857142857,0.5,19,0.012573917505488148,0.011880414325910027
11,3,8,8,0.2857142857142857,1.0,1,0.8086046335429352,0.7415905942728104
11,3,8,8,0.2857142857142857,1.0,3,0.27711335088538125,0.22127509945176957
11,3,8,8,0.2857142857142857,1.0,5,0.1663188022936919,0.13117768774874738
11,3,8,8,0.2857142857142857,1.0,7,0.11880351515948862,0.09337690388532337
11,3,8,8,0.2857142857142857,1.0,9,0.0924035878857737,0.0725226618588804
11,3,8,8,0.2857142857142857,1.0,11,0.07560319029104852,0.059293552573037284
11,3,8,8,0.2857142857142857,1.0,13,0.0639720287735027,0.05015041299790558
11,3,8,8,0.2857142857142857,1.0,15,0.05544247029343767,0.04345222819688039
11,3,8,8,0.2857142857142857,1.0,17,0.04891985035992269,0.03833343615589816
11,3,8,8,0.2857142857142857,1.0,19,0.04377040592051117,0.034294090962760426
12,3,8,8,0.2857142857142857,0.1,1,0.012239748936582973,0.01343690128555759
12,3,8,8,0.2857142857142857,0.1,3,0.0040697577652701175,0.004468458609536746
12,3,8,8,0.2857142857142857,0.1,5,0.0024409280828345172,0.0026801590994540974
12,3,8,8,0.2857142857142857,0.1,7,0.001743257432890297,0.0019141444804264877
12,3,8,8,0.2857142857142857,0.1,9,0.0013557576369330013,0.0014886740842544623
12,3,8,8,0.2857142857142857,0.1,11,0.0011092006471430898,0.0012179530007816587
12,3,8,8,0.2857142857142857,0.1,13,0.0009385223170682292,0.0010305451381293288
12,3,8,8,0.2857142857142857,0.1,15,0.0008133658443379158,0.0008931200241684539
12,3,8,8,0.2857142857142857,0.1,17,0.0007176622518303497,0.0007880343341729379
12,3,8,8,0.2857142857142857,0.1,19,0.0006421093871225213,0.0007050744241733174
12,3,8,8,0.2857142857142857,0.5,1,0.28817291279956575,0.3120019208475988
12,3,8,8,0.2857142857142857,0.5,3,0.09309802471976927,0.10055415603142528
12,3,8,8,0.2857142857142857,0.5,5,0.05568439186715488,0.06008675575342624
12,3,8,8,0.2857142857142857,0.5,7,0.03973256059978761,0.04285683315635833
12,3,8,8,0.2857142857142857,0.5,9,0.03088718700755737,0.033308862167838044
12,3,8,8,0.2857142857142857,0.5,11,0.025263720044893766,0.02724091658339785
12,3,8,8,0.2857142857142857,0.5,13,0.021372790451592422,0.023043422068810205
12,3,8,8,0.2857142857142857,0.5,15,0.0185205289965859,0.019966926937118663
12,3,8,8,0.2857142857142857,0.5,17,0.016339976539826842,0.017615225310143836
12,3,8,8,0.2857142857142857,0.5,19,0.014618833396402554,0.015759158744412707
12,3,8,8,0.2857142857142857,1.0,1,0.9428697192102198,0.9877680950261754
12,3,8,8,0.2857142857142857,1.0,3,0.2877057099775334,0.2991252703899343
12,3,8,8,0.2857142857142857,1.0,5,0.1717356918300672,0.17665892323724613
12,3,8,8,0.2857142857142857,1.0,7,0.12249849965922574,0.12537884487057066
12,3,8,8,0.2857142857142857,1.0,9,0.09522167292946337,0.09718124311343097
12,3,8,8,0.2857142857142857,1.0,11,0.07788539088061501,0.07934130176194701
12,3,8,8,0.2857142857142857,1.0,13,0.06589141136980045,0.06703665889279466
12,3,8,8,0.2857142857142857,1.0,15,0.05709939935502518,0.05803674241438573
12,3,8,8,0.2857142857142857,1.0,17,0.05037788610366471,0.05116766019219586
12,3,8,8,0.2857142857142857,1.0,19,0.0450724100456257,0.045752688791628
13,3,8,9,0.32142857142857145,0.1,1,0.013727092999323115,0.01337816894780571
13,3,8,9,0.32142857142857145,0.1,3,0.004570407111598265,0.004453503909824839
13,3,8,9,0.32142857142857145,0.1,5,0.0027419369722257443,0.0026717125758509955
13,3,8,9,0.32142857142857145,0.1,7,0.00195845594142258,0.0019082698228634607
13,3,8,9,0.32142857142857145,0.1,9,0.0015232178091127099,0.0014841728886455258
13,3,8,9,0.32142857142857145,0.1,11,0.0012462571782281356,0.0012143054330208645
13,3,8,9,0.32142857142857145,0.1,13,0.001054518867210302,0.0010274793061866943
13,3,8,9,0.32142857142857145,0.1,15,0.000913912510697733,0.0008904760144553595
13,3,8,9,0.32142857142857145,0.1,17,0.0008063909263316342,0.0007857101710978484
13,3,8,9,0.32142857142857145,0.1,19,0.0007215059984754004,0.000703001108197339
13,3,8,9,0.32142857142857145,0.5,1,0.31715870913626293,0.3045928185773931
13,3,8,9,0.32142857142857145,0.5,3,0.10312607113808607,0.09876107829755254
13,3,8,9,0.32142857142857145,0.5,5,0.06176189895890289,0.05911483312137052
13,3,8,9,0.32142857142857145,0.5,7,0.04409320364637113,0.042194893696869726
13,3,8,9,0.32142857142857145,0.5,9,0.03428745407404404,0.03280798413598485
13,3,8,9,0.32142857142857145,0.5,11,0.02805032525816916,0.026838367505248078
13,3,8,9,0.32142857142857145,0.5,13,0.023733387401979403,0.02270704950488311
13,3,8,9,0.32142857142857145,0.5,15,0.02056810671060114,0.019678098334123317
13,3,8,9,0.32142857142857145,0.5,17,0.018147833554661156,0.01736219200050118
13,3,8,9,0.32142857142857145,0.5,19,0.01623721971525675,0.015534041393139962
13,3,8,9,0.32142857142857145,1.0,1,1.001766837610295,0.9210458365298008
13,3,8,9,0.32142857142857145,1.0,3,0.3103969989621207,0.27379808322085714
13,3,8,9,0.32142857142857145,1.0,5,0.18531169797371863,0.16278104099504578
13,3,8,9,0.32142857142857145,1.0,7,0.13215820882411697,0.11598021341402669
13,3,8,9,0.32142857142857145,1.0,9,0.10271530187876916,0.0901133013793815
13,3,8,9,0.32142857142857145,1.0,11,0.08400565993107151,0.07369016515483924
13,3,8,9,0.32142857142857145,1.0,13,0.07106350104382884,0.0623341790079011
13,3,8,9,0.32142857142857145,1.0,15,0.061577599594993,0.05401253742943387
13,3,8,9,0.32142857142857145,1.0,17,0.054326317809551466,0.04765193639652415
13,3,8,9,0.32142857142857145,1.0,19,0.04860313715736511,0.04263203564648895
14,3,8,9,0.32142857142857145,0.1,1,0.009699725393229951,0.008078212354492747
14,3,8,9,0.32142857142857145,0.1,3,0.0032210067401207743,0.0026915671114954437
14,3,8,9,0.32142857142857145,0.1,5,0.0019311589781385897,0.0016148841556741303
14,3,8,9,0.32142857142857145,0.1,7,0.001378982821271563,0.001153477641534902
14,3,8,9,0.32142857142857145,0.1,9,0.0010723757673883406,0.0008971457429132847
14,3,8,9,0.32142857142857145,0.1,11,0.0008773188811767497,0.0007340268715486149
14,3,8,9,0.32142857142857145,0.1,13,0.0007423041614410585,0.0006210989482863226
14,3,8,9,0.32142857142857145,0.1,15,0.0006433055001515647,0.0005382853678940419
14,3,8,9,0.32142857142857145,0.1,17,0.0005676071602632058,0.00047495744917566983
14,3,8,9,0.32142857142857145,0.1,19,0.0005078490588837897,0.0004249617849292513
14,3,8,9,0.32142857142857145,0.5,1,0.2374463332393048,0.19483300401542206
14,3,8,9,0.32142857142857145,0.5,3,0.078448692777611,0.06426527160746193
14,3,8,9,0.32142857142857145,0.5,5,0.047011631697585474,0.038527244161567574
14,3,8,9,0.32142857142857145,0.5,7,0.03356731984968637,0.027513190409261076
14,3,8,9,0.32142857142857145,0.5,9,0.0261038167699571,0.021397142463442632
14,3,8,9,0.32142857142857145,0.5,11,0.021355946823958756,0.017505922472595126
14,3,8,9,0.32142857142857145,0.5,13,0.01806957244758595,0.014812299532694933
14,3,8,9,0.32142857142857145,0.5,15,0.015659835064823286,0.01283710654921828
14,3,8,9,0.32142857142857145,0.5,17,0.013817228852937277,0.011326729164315484
14,3,8,9,0.32142857142857145,0.5,19,0.012362612300848081,0.010134360607452044
14,3,8,9,0.32142857142857145,1.0,1,0.8489819245187377,0.6937430575682549
14,3,8,9,0.32142857142857145,1.0,3,0.289541400764636,0.22268230123759067
14,3,8,9,0.32142857142857145,1.0,5,0.17403465384337924,0.13318138942291097
14,3,8,9,0.32142857142857145,1.0,7,0.12437032830361221,0.0950447770076974
14,3,8,9,0.32142857142857145,1.0,9,0.09675152000959256,0.07389651920747578
14,3,8,9,0.32142857142857145,1.0,11,0.07916819928354989,0.06044951397855431
14,3,8,9,0.32142857142857145,1.0,13,0.06699229808025624,0.05114409907017759
14,3,8,9,0.32142857142857145,1.0,15,0.05806206790722133,0.04432189991761761
14,3,8,9,0.32142857142857145,1.0,17,0.051232460016247795,0.039105797625446886
14,3,8,9,0.32142857142857145,1.0,19,0.045840336851230436,0.034988292850990595
15,3,8,9,0.32142857142857145,0.1,1,0.011144820351054527,0.015348839190464644
15,3,8,9,0.32142857142857145,0.1,3,0.0037038688083562725,0.005109104684539542
15,3,8,9,0.32142857142857145,0.1,5,0.002221374746028212,0.0030650111118010128
15,3,8,9,0.32142857142857145,0.1,7,0.0015864343487436647,0.0021891845663306693
15,3,8,9,0.32142857142857145,0.1,9,0.001233785842593333,0.001702657828566504
15,3,8,9,0.32142857142857145,0.1,11,0.0010094068657405478,0.0013930639637297943
15,3,8,9,0.32142857142857145,0.1,13,0.0008540823667186553,0.0011787355667965916
15,3,8,9,0.32142857142857145,0.1,15,0.0007401852278044748,0.001021564228042244
15,3,8,9,0.32142857142857145,0.1,17,0.0006530916122583221,0.000901375905432346
15,3,8,9,0.32142857142857145,0.1,19,0.0005843360258612391,0.0008064912817030943
15,3,8,9,0.32142857142857145,0.5,1,0.26289154269631543,0.3518942672854195
15,3,8,9,0.32142857142857145,0.5,3,0.08416811550563993,0.11399961010872181
15,3,8,9,0.32142857142857145,0.5,5,0.05028120612286649,0.06825663691308845
15,3,8,9,0.32142857142857145,0.5,7,0.03585918097624523,0.04872489972812938
15,3,8,9,0.32142857142857145,0.5,9,0.027868530270180283,0.03788710246731308
15,3,8,9,0.32142857142857145,0.5,11,0.022790780169010618,0.030994185126212437
15,3,8,9,0.32142857142857145,0.5,13,0.019278474942942297,0.026223638093387177
15,3,8,9,0.32142857142857145,0.5,15,0.01670429702027228,0.022725901409902768
15,3,8,9,0.32142857142857145,0.5,17,0.014736639100942452,0.02005149901650392
15,3,8,9,0.32142857142857145,0.5,19,0.013183718644067683,0.01794031576274459
15,3,8,9,0.32142857142857145,1.0,1,0.87756913139191,1.0688008347218385
15,3,8,9,0.32142857142857145,1.0,3,0.2722147534861478,0.3273856614101382
15,3,8,9,0.32142857142857145,1.0,5,0.16182286879014632,0.19432982863201828
15,3,8,9,0.32142857142857145,1.0,7,0.11511785834213499,0.13826667851444233
15,3,8,9,0.32142857142857145,1.0,9,0.08933056625049374,0.10732921040420271
15,3,8,9,0.32142857142857145,1.0,11,0.07298083343333882,0.08771156110320066
15,3,8,9,0.32142857142857145,1.0,13,0.0616895529705806,0.07415970571397666
15,3,8,9,0.32142857142857145,1.0,15,0.05342381196097733,0.06423627017534485
15,3,8,9,0.32142857142857145,1.0,17,0.04711128585217505,0.05665575745156547
15,3,8,9,0.32142857142857145,1.0,19,0.042132832489807245,0.05067588086950478
16,3,8,9,0.32142857142857145,0.1,1,0.01404666021352702,0.013666100571097031
16,3,8,9,0.32142857142857145,0.1,3,0.004662436078628434,0.0045222419176211386
16,3,8,9,0.32142857142857145,0.1,5,0.0027953844322839245,0.002709553031361782
16,3,8,9,0.32142857142857145,0.1,7,0.0019960888205266198,0.0019342471874073141
16,3,8,9,0.32142857142857145,0.1,9,0.0015522524125690525,0.0015039211106698863
16,3,8,9,0.32142857142857145,0.1,11,0.0012698900709546541,0.0012302248227682938
16,3,8,9,0.32142857142857145,0.1,13,0.0010744440112453678,0.0010408097553070669
16,3,8,9,0.32142857142857145,0.1,15,0.0009311352396106457,0.0009019401093507135
16,3,8,9,0.32142857142857145,0.1,17,0.0008215565860887331,0.0007957654689131214
16,3,8,9,0.32142857142857145,0.1,19,0.0007350534646531488,0.0007119554849657245
16,3,8,9,0.32142857142857145,0.5,1,0.33366914489406146,0.3323646848696555
16,3,8,9,0.32142857142857145,0.5,3,0.10725782496785258,0.10652231174110077
16,3,8,9,0.32142857142857145,0.5,5,0.06404524551646464,0.06352698139152713
16,3,8,9,0.32142857142857145,0.5,7,0.04566153131818721,0.04526611496383239
16,3,8,9,0.32142857142857145,0.5,9,0.03547965249326046,0.035160885729601396
16,3,8,9,0.32142857142857145,0.5,11,0.029011218600571678,0.028744469377115264
16,3,8,9,0.32142857142857145,0.5,13,0.024537869268310166,0.02430864046162789
16,3,8,9,0.32142857142857145,0.5,15,0.021259841859355456,0.021058923583736688
16,3,8,9,0.32142857142857145,0.5,17,0.01875447467063298,0.0185756645322252
16,3,8,9,0.32142857142857145,0.5,19,0.016777373077953982,0.016616299872026192
16,3,8,9,0.32142857142857145,1.0,1,1.0838506281750793,1.1007437320834534
16,3,8,9,0.32142857142857145,1.0,3,0.3343152204499684,0.3478971627675147
16,3,8,9,0.32142857142857145,1.0,5,0.19919101948251552,0.20800295615142383
16,3,8,9,0.32142857142857145,1.0,7,0.14188716639091561,0.14845283244953666
16,3,8,9,0.32142857142857145,1.0,9,0.11019192197206656,0.11543591809435749
16,3,8,9,0.32142857142857145,1.0,11,0.09007238134058802,0.09443480270744144
16,3,8,9,0.32142857142857145,1.0,13,0.07616589118720382,0.07989963257201103
16,3,8,9,0.32142857142857145,1.0,15,0.06597932799680176,0.06924244663188912
16,3,8,9,0.32142857142857145,1.0,17,0.058196137422098844,0.06109385310281429
16,3,8,9,0.32142857142857145,1.0,19,0.05205549261595519,0.05466133100571515
17,3,8,9,0.32142857142857145,0.1,1,0.014448841659281059,0.01427414232892094
17,3,8,9,0.32142857142857145,0.1,3,0.004809965869106463,0.004757525083930038
17,3,8,9,0.32142857142857145,0.1,5,0.002885218267075352,0.0028544829041284893
17,3,8,9,0.32142857142857145,0.1,7,0.0020606372525239654,0.002038908722110226
17,3,8,9,0.32142857142857145,0.1,9,0.0016026172516792891,0.0015858150379186643
17,3,8,9,0.32142857142857145,0.1,11,0.0013111799280802906,0.001297483678242766
17,3,8,9,0.32142857142857145,0.1,13,0.0011094292684134777,0.001097870064144034
17,3,8,9,0.32142857142857145,0.1,15,0.0009614858763133655,0.0009514869416795169
17,3,8,9,0.32142857142857145,0.1,17,0.0008483567421653435,0.0008395470114920097
17,3,8,9,0.32142857142857145,0.1,19,0.0007590467455974692,0.000751173443474711
17,3,8,9,0.32142857142857145,0.5,1,0.3374587807372264,0.3274601144239916
17,3,8,9,0.32142857142857145,0.5,3,0.11192949477523155,0.10889198619563036
17,3,8,9,0.32142857142857145,0.5,5,0.06705440960242848,0.06531694814648464
17,3,8,9,0.32142857142857145,0.5,7,0.04786202362552271,0.04665022120119635
17,3,8,9,0.32142857142857145,0.5,9,0.037210902498178176,0.036281622427680335
17,3,8,9,0.32142857142857145,0.5,11,0.030437290291612774,0.029684033545573883
17,3,8,9,0.32142857142857145,0.5,13,0.025749902117172818,0.02511673347350557
17,3,8,9,0.32142857142857145,0.5,15,0.022313556987565247,0.021767510247511463
17,3,8,9,0.32142857142857145,0.5,17,0.01968638188906213,0.019206411473006592
17,3,8,9,0.32142857142857145,0.5,19,0.0176126773326707,0.01718453431704051
17,3,8,9,0.32142857142857145,1.0,1,1.0899739866637381,1.014359490817472
17,3,8,9,0.32142857142857145,1.0,3,0.36976279543199625,0.3378090281308786
17,3,8,9,0.32142857142857145,1.0,5,0.22112587117971433,0.20236786378953978
17,3,8,9,0.32142857142857145,1.0,7,0.15762736850727022,0.14444106484142452
17,3,8,9,0.32142857142857145,1.0,9,0.12244282290225736,0.11229465022604619
17,3,8,9,0.32142857142857145,1.0,11,0.10009384364039194,0.09185165019305305
17,3,8,9,0.32142857142857145,1.0,13,0.08464204325584364,0.07770529534268235
17,3,8,9,0.32142857142857145,1.0,15,0.07332203413884623,0.06733474593945374
17,3,8,9,0.32142857142857145,1.0,17,0.06467226260867137,0.05940632006140386
17,3,8,9,0.32142857142857145,1.0,19,0.05784771407381014,0.05314827008286961
18,3,8,9,0.32142857142857145,0.1,1,0.017587704981008614,0.01821780413476443
18,3,8,9,0.32142857142857145,0.1,3,0.005858354295935996,0.006061972659075265
18,3,8,9,0.32142857142857145,0.1,5,0.0035146908741432443,0.0036362271848979517
18,3,8,9,0.32142857142857145,0.1,7,0.002510408736053201,0.0025970350159737676
18,3,8,9,0.32142857142857145,0.1,9,0.0019525063002542437,0.002019803947368152
18,3,8,9,0.32142857142857145,0.1,11,0.0015974883943761444,0.0016525098376141615
18,3,8,9,0.32142857142857145,0.1,13,0.0013517114603026296,0.0013982446777435786
18,3,8,9,0.32142857142857145,0.1,15,0.0011714773836491283,0.0012117913973439282
18,3,8,9,0.32142857142857145,0.1,17,0.0010336526211981215,0.0010692138856974855
18,3,8,9,0.32142857142857145,0.1,19,0.0009248443727849735,0.0009566553608225898
18,3,8,9,0.32142857142857145,0.5,1,0.39383064996606526,0.4193417447277394
18,3,8,9,0.32142857142857145,0.5,3,0.12981858234027593,0.13704266656566413
18,3,8,9,0.32142857142857145,0.5,5,0.07779623571522362,0.08208793555474161
18,3,8,9,0.32142857142857145,0.5,7,0.055544879402765326,0.05860344875460761
18,3,8,9,0.32142857142857145,0.5,9,0.0431923389384889,0.045569330383372526
18,3,8,9,0.32142857142857145,0.5,11,0.035334712715669354,0.03727884835714307
18,3,8,9,0.32142857142857145,0.5,13,0.029896112994115497,0.031540869728192096
18,3,8,9,0.32142857142857145,0.5,15,0.02590844148127648,0.027333768603314226
18,3,8,9,0.32142857142857145,0.5,17,0.022859392026085747,0.024116971291995068
18,3,8,9,0.32142857142857145,0.5,19,0.02045245225447671,0.021577623916967235
18,3,8,9,0.32142857142857145,1.0,1,1.1344044081145999,1.2664695549403753
18,3,8,9,0.32142857142857145,1.0,3,0.37296562815824336,0.4157971980818818
18,3,8,9,0.32142857142857145,1.0,5,0.22331840203034922,0.24857279636694543
18,3,8,9,0.32142857142857145,1.0,7,0.15931217746696455,0.17725600418582915
18,3,8,9,0.32142857142857145,1.0,9,0.12381034828684345,0.1377363396181337
18,3,8,9,0.32142857142857145,1.0,11,0.1012440695733816,0.11262587648735188
18,3,8,9,0.32142857142857145,1.0,13,0.08563425395219916,0.09525933533895518
18,3,8,9,0.32142857142857145,1.0,15,0.07419424203603213,0.08253304953823552
18,3,8,9,0.32142857142857145,1.0,17,0.06545027576289207,0.0728064198838996
18,3,8,9,0.32142857142857145,1.0,19,0.05854984394924242,0.06513070218961842
19,3,8,9,0.32142857142857145,0.1,1,0.01599653872990886,0.01445307239241774
19,3,8,9,0.32142857142857145,0.1,3,0.005290576077608536,0.004811262275172866
19,3,8,9,0.32142857142857145,0.1,5,0.003169302802370568,0.002885949597948948
19,3,8,9,0.32142857142857145,0.1,7,0.0022622404838632654,0.0020611426064007805
19,3,8,9,0.32142857142857145,0.1,9,0.001758851121087657,0.0016030023611997603
19,3,8,9,0.32142857142857145,0.1,11,0.001438711341758848,0.0013114906993361482
19,3,8,9,0.32142857142857145,0.1,13,0.00121716680583727,0.0011096896277382599
19,3,8,9,0.32142857142857145,0.1,15,0.0010547479991699236,0.0009617098355893932
19,3,8,9,0.32142857142857145,0.1,17,0.0009305723326600636,0.0008485531996015996
19,3,8,9,0.32142857142857145,0.1,19,0.0008325554150744681,0.0007592216993250816
19,3,8,9,0.32142857142857145,0.5,1,0.38563257866759676,0.33510280786816055
19,3,8,9,0.32142857142857145,0.5,3,0.12408602795044692,0.11111801120892166
19,3,8,9,0.32142857142857145,0.5,5,0.07386153201850251,0.06658019512733929
19,3,8,9,0.32142857142857145,0.5,7,0.05257497455801925,0.047528777737376196
19,3,8,9,0.32142857142857145,0.5,9,0.04081198580635329,0.03695436047660645
19,3,8,9,0.32142857142857145,0.5,11,0.03335001186710492,0.030228848904130436
19,3,8,9,0.32142857142857145,0.5,13,0.028194813124176217,0.025574409457394903
19,3,8,9,0.32142857142857145,0.5,15,0.024419957114900397,0.022162034825360805
19,3,8,9,0.32142857142857145,0.5,17,0.021536519267554125,0.019553077055007622
19,3,8,9,0.32142857142857145,0.5,19,0.01926209310859586,0.017493683854941645
19,3,8,9,0.32142857142857145,1.0,1,1.2452874515517383,1.0606299092322253
19,3,8,9,0.32142857142857145,1.0,3,0.39728861499689666,0.3509760261739563
19,3,8,9,0.32142857142857145,1.0,5,0.23426744898517124,0.20981704446359792
19,3,8,9,0.32142857142857145,1.0,7,0.166035055649653,0.14965933135322326
19,3,8,9,0.32142857142857145,1.0,9,0.12857237594319523,0.11631628301242943
19,3,8,9,0.32142857142857145,1.0,11,0.10489991112681989,0.095124976308053
19,3,8,9,0.32142857142857145,1.0,13,0.08858798780229496,0.08046583401660723
19,3,8,9,0.32142857142857145,1.0,15,0.07666590954912723,0.0697217281688651
19,3,8,9,0.32142857142857145,1.0,17,0.06757189892036264,0.06150895939586505
19,3,8,9,0.32142857142857145,1.0,19,0.06040643271237477,0.05502718834027914
20,3,8,9,0.32142857142857145,0.1,1,0.009977811066015037,0.009649700889057672
20,3,8,9,0.32142857142857145,0.1,3,0.0033263577045241372,0.0032118177383937546
20,3,8,9,0.32142857142857145,0.1,5,0.0019958352815082968,0.0019268632489655168
20,3,8,9,0.32142857142857145,0.1,7,0.0014256007034384017,0.0013762861531425824
20,3,8,9,0.32142857142857145,0.1,9,0.0011088018518366834,0.0010704304670675696
20,3,8,9,0.32142857142857145,0.1,11,0.0009072020556509206,0.0008758008156983997
20,3,8,9,0.32142857142857145,0.1,13,0.0007676327717126639,0.0007410593427631905
20,3,8,9,0.32142857142857145,0.1,15,0.0006652818785499482,0.0006422498611894028
20,3,8,9,0.32142857142857145,0.1,17,0.0005870135066184381,0.0005666901286564801
20,3,8,9,0.32142857142857145,0.1,19,0.000525222664117471,0.0005070379556394047
20,3,8,9,0.32142857142857145,0.5,1,0.23661492311996304,0.2350312863868092
20,3,8,9,0.32142857142857145,0.5,3,0.07926449137317618,0.07567406415692209
20,3,8,9,0.32142857142857145,0.5,5,0.047583982177460106,0.04528416780916042
20,3,8,9,0.32142857142857145,0.5,7,0.033993641452604646,0.0323223170799088
20,3,8,9,0.32142857142857145,0.5,9,0.026441136054193765,0.02513206757582299
20,3,8,9,0.32142857142857145,0.5,11,0.021634336682998634,0.020559492096489516
20,3,8,9,0.32142857142857145,0.5,13,0.018306308561850688,0.01739498114136715
20,3,8,9,0.32142857142857145,0.5,15,0.015865647758060025,0.015074828299313288
20,3,8,9,0.32142857142857145,0.5,17,0.01399920736504418,0.01330083443459709
20,3,8,9,0.32142857142857145,0.5,19,0.01252567336827643,0.01190044257942226
20,3,8,9,0.32142857142857145,1.0,1,0.8071422581114824,0.846543395947334
20,3,8,9,0.32142857142857145,1.0,3,0.2800719663847352,0.25211680952257853
20,3,8,9,0.32142857142857145,1.0,5,0.1688336446146328,0.15016777953433597
20,3,8,9,0.32142857142857145,1.0,7,0.12075463696506158,0.10705322798063803
20,3,8,9,0.32142857142857145,1.0,9,0.09397156900701976,0.08319730279751598
20,3,8,9,0.32142857142857145,1.0,11,0.07690713691048784,0.06804318586785221
20,3,8,9,0.32142857142857145,1.0,13,0.06508565556570932,0.05756173472125759
20,3,8,9,0.32142857142857145,1.0,15,0.05641322072845486,0.04987963285971474
20,3,8,9,0.32142857142857145,1.0,17,0.049779706470123794,0.04400719686947037
20,3,8,9,0.32142857142857145,1.0,19,0.044541830639847714,0.039372199655319164
21,3,8,9,0.32142857142857145,0.1,1,0.014681530502312697,0.015033047774236665
21,3,8,9,0.32142857142857145,0.1,3,0.00488768229690943,0.004991044283652074
21,3,8,9,0.32142857142857145,0.1,5,0.0029323137610268234,0.002992696084511576
21,3,8,9,0.32142857142857145,0.1,7,0.0020944515774940077,0.002137083150241522
21,3,8,9,0.32142857142857145,0.1,9,0.001628999227590583,0.0016619420146413327
21,3,8,9,0.32142857142857145,0.1,11,0.0013328098108223627,0.0013596511163306328
21,3,8,9,0.32142857142857145,0.1,13,0.0011277583774143775,0.0011504047530031703
21,3,8,9,0.32142857142857145,0.1,15,0.000977388541613266,0.0009969737921073176
21,3,8,9,0.32142857142857145,0.1,17,0.0008624004430199924,0.0008796534813677877
21,3,8,9,0.32142857142857145,0.1,19,0.0007716206883001105,0.0007870377983945806
21,3,8,9,0.32142857142857145,0.5,1,0.33814848084661964,0.35279644484696787
21,3,8,9,0.32142857142857145,0.5,3,0.10908278092382509,0.11215169263064965
21,3,8,9,0.32142857142857145,0.5,5,0.06527645902097148,0.06690345285803774
21,3,8,9,0.32142857142857145,0.5,7,0.04659172469249462,0.04768941227912281
21,3,8,9,0.32142857142857145,0.5,9,0.036226951107657834,0.037053108745822544
21,3,8,9,0.32142857142857145,0.5,11,0.02963562372450467,0.03029727875830019
21,3,8,9,0.32142857142857145,0.5,13,0.025074039742743116,0.025625559756787073
21,3,8,9,0.32142857142857145,0.5,15,0.021729599389451574,0.022202295432484014
21,3,8,9,0.32142857142857145,0.5,17,0.01917244314151887,0.01958596686577422
21,3,8,9,0.32142857142857145,0.5,19,0.017153828695874923,0.017521312047659516
21,3,8,9,0.32142857142857145,1.0,1,1.0500880923372147,1.1246549405238422
21,3,8,9,0.32142857142857145,1.0,3,0.30422513724883077,0.31523139496335584
21,3,8,9,0.32142857142857145,1.0,5,0.1804598878026039,0.18506713341500364
21,3,8,9,0.32142857142857145,1.0,7,0.12848750340114273,0.13121031764919916
21,3,8,9,0.32142857142857145,1.0,9,0.09979971182979691,0.10168204568409187
21,3,8,9,0.32142857142857145,1.0,11,0.08159696778920775,0.08301769213928134
21,3,8,9,0.32142857142857145,1.0,13,0.06901495791221918,0.07014844444853996
21,3,8,9,0.32142857142857145,1.0,15,0.059796994880040914,0.06073628383410608
21,3,8,9,0.32142857142857145,1.0,17,0.05275239930814324,0.05355241651373099
21,3,8,9,0.32142857142857145,1.0,19,0.04719330762956679,0.0478889524164567
22,3,8,9,0.32142857142857145,0.1,1,0.018091164220790146,0.015406264560387035
22,3,8,9,0.32142857142857145,0.1,3,0.006020671249504606,0.005121169107474819
22,3,8,9,0.32142857142857145,0.1,5,0.003611596013443113,0.0030716298963600714
22,3,8,9,0.32142857142857145,0.1,7,0.002579490341284655,0.002193740464761772
22,3,8,9,0.32142857142857145,0.1,9,0.002006179932004031,0.0017061307446526732
22,3,8,9,0.32142857142857145,0.1,11,0.0016413744924332295,0.001395869829135798
22,3,8,9,0.32142857142857145,0.1,13,0.0013888293232529796,0.001181089335715244
22,3,8,9,0.32142857142857145,0.1,15,0.0012036358196482627,0.0010235913771021563
22,3,8,9,0.32142857142857145,0.1,17,0.001062020772156181,0.0009031560399992366
22,3,8,9,0.32142857142857145,0.1,19,0.0009502215352008413,0.0008080780654950393
22,3,8,9,0.32142857142857145,0.5,1,0.41121719661302875,0.35505594228602366
22,3,8,9,0.32142857142857145,0.5,3,0.13409657120963783,0.11295760191848357
22,3,8,9,0.32142857142857145,0.5,5,0.08029864262190754,0.06742035993503168
22,3,8,9,0.32142857142857145,0.5,7,0.05731917702979121,0.048073580084416104
22,3,8,9,0.32142857142857145,0.5,9,0.04456788830497061,0.037359442465755455
22,3,8,9,0.32142857142857145,0.5,11,0.03645819361857605,0.030552184757761506
22,3,8,9,0.32142857142857145,0.5,13,0.030845729910041683,0.02584388753156833
22,3,8,9,0.32142857142857145,0.5,15,0.0267308525489482,0.02239325247146979
22,3,8,9,0.32142857142857145,0.5,17,0.02358467961721208,0.019755664330058355
22,3,8,9,0.32142857142857145,0.5,19,0.02110114869469183,0.017674016265797926
22,3,8,9,0.32142857142857145,1.0,1,1.219803399716727,1.1133684971836244
22,3,8,9,0.32142857142857145,1.0,3,0.3956674082354118,0.33592553392584545
22,3,8,9,0.32142857142857145,1.0,5,0.23727572295800653,0.198073432769067
22,3,8,9,0.32142857142857145,1.0,7,0.16943407588747658,0.1405527461388616
22,3,8,9,0.32142857142857145,1.0,9,0.13175877443168266,0.10894652064289456
22,3,8,9,0.32142857142857145,1.0,11,0.10778984161708231,0.08895322360421958
22,3,8,9,0.32142857142857145,1.0,13,0.09119905180989092,0.0751633656354771
22,3,8,9,0.32142857142857145,1.0,15,0.0790341566530751,0.0650766251408283
22,3,8,9,0.32142857142857145,1.0,17,0.06973258229013586,0.057377543426153046
22,3,8,9,0.32142857142857145,1.0,19,0.06238985548579805,0.05130787640078394
23,3,8,9,0.32142857142857145,0.1,1,0.012952029108598091,0.012771671693579439
23,3,8,9,0.32142857142857145,0.1,3,0.004315581412945544,0.004247589106579965
23,3,8,9,0.32142857142857145,0.1,5,0.00258921396766057,0.002547405078476212
23,3,8,9,0.32142857142857145,0.1,7,0.001849402496325104,0.0018192244308596949
23,3,8,9,0.32142857142857145,0.1,9,0.0014384096234843148,0.0014148010344181238
23,3,8,9,0.32142857142857145,0.1,11,0.001176873343413012,0.001157485771103425
23,3,8,9,0.32142857142857145,0.1,13,0.000995811774460672,0.0009793649535343608
23,3,8,9,0.32142857142857145,0.1,15,0.0008630342992796726,0.0008487536828048216
23,3,8,9,0.32142857142857145,0.1,17,0.000761499143997949,0.0007488805600110727
23,3,8,9,0.32142857142857145,0.1,19,0.0006813401474649326,0.0006700370810201558
23,3,8,9,0.32142857142857145,0.5,1,0.3046241544837697,0.30528760396674276
23,3,8,9,0.32142857142857145,0.5,3,0.10103517483112064,0.10069794280093156
23,3,8,9,0.32142857142857145,0.5,5,0.06058886078811348,0.06026277587231462
23,3,8,9,0.32142857142857145,0.5,7,0.04326948799640186,0.04299630831767961
23,3,8,9,0.32142857142857145,0.5,9,0.03365086485239704,0.03342050362137787
23,3,8,9,0.32142857142857145,0.5,11,0.0275309985396533,0.02733305665148304
23,3,8,9,0.32142857142857145,0.5,13,0.02329461769578981,0.023121525636573007
23,3,8,9,0.32142857142857145,0.5,15,0.020188157281308124,0.02003455685523937
23,3,8,9,0.32142857142857145,0.5,17,0.01781274730185619,0.017674783663429974
23,3,8,9,0.32142857142857145,0.5,19,0.015937493187786034,0.015812325511558478
23,3,8,9,0.32142857142857145,1.0,1,1.0008011176996994,1.0296819439368805
23,3,8,9,0.32142857142857145,1.0,3,0.33597885656608917,0.34279568625671647
23,3,8,9,0.32142857142857145,1.0,5,0.20098502295784162,0.2043806420247053
23,3,8,9,0.32142857142857145,1.0,7,0.14336153960611286,0.14555016617313815
23,3,8,9,0.32142857142857145,1.0,9,0.1114162552939247,0.11301115949854341
23,3,8,9,0.32142857142857145,1.0,11,0.09111329250862042,0.09236076343408672
23,3,8,9,0.32142857142857145,1.0,13,0.07706925731665182,0.07809055237600783
23,3,8,9,0.32142857142857145,1.0,15,0.06677647526313875,0.06763955240514824
23,3,8,9,0.32142857142857145,1.0,17,0.05890904913374009,0.059655575098636046
23,3,8,9,0.32142857142857145,1.0,19,0.05270007843880906,0.053357342506836825
24,3,8,9,0.32142857142857145,0.1,1,0.014679840654824177,0.01470902524366197
24,3,8,9,0.32142857142857145,0.1,3,0.004884385532408863,0.004875076413757785
24,3,8,9,0.32142857142857145,0.1,5,0.0029299292930332526,0.002921975216648777
24,3,8,9,0.32142857142857145,0.1,7,0.0020926184801403317,0.0020862055400852906
24,3,8,9,0.32142857142857145,0.1,9,0.0016275162512424698,0.0016222110500943292
24,3,8,9,0.32142857142857145,0.1,11,0.001331566332819933,0.0013270600807574002
24,3,8,9,0.32142857142857145,0.1,13,0.0011266884228268075,0.001122778259462585
24,3,8,9,0.32142857142857145,0.1,15,0.0009764498890162326,0.000972999247741748
24,3,8,9,0.32142857142857145,0.1,17,0.0008615645268922152,0.0008584780872654467
24,3,8,9,0.32142857142857145,0.1,19,0.000770867313113084,0.0007680762473903036
24,3,8,9,0.32142857142857145,0.5,1,0.3399963889808174,0.34919578742784035
24,3,8,9,0.32142857142857145,0.5,3,0.11016099614225601,0.11189716504273552
24,3,8,9,0.32142857142857145,0.5,5,0.06590255917418,0.06674127235651013
24,3,8,9,0.32142857142857145,0.5,7,0.04702687102138311,0.04755993145043053
24,3,8,9,0.32142857142857145,0.5,9,0.03655904235530929,0.036944298731945054
24,3,8,9,0.32142857142857145,0.5,11,0.029903680225873343,0.030203356130283167
24,3,8,9,0.32142857142857145,0.5,13,0.025298583457073247,0.025542956350556974
24,3,8,9,0.32142857142857145,0.5,15,0.02192269959985256,0.022128597827101686
24,3,8,9,0.32142857142857145,0.5,17,0.019341780735365244,0.019519457468105902
24,3,8,9,0.32142857142857145,0.5,19,0.017304586815195495,0.01746072396124925
24,3,8,9,0.32142857142857145,1.0,1,1.0715602066494219,1.1143208273697491
24,3,8,9,0.32142857142857145,1.0,3,0.3348044824621863,0.3504315314778831
24,3,8,9,0.32142857142857145,1.0,5,0.19940413407272486,0.2081946710654377
24,3,8,9,0.32142857142857145,1.0,7,0.14206072323808555,0.14811380102147653
24,3,8,9,0.32142857142857145,1.0,9,0.11034799462889938,0.11494934438203691
24,3,8,9,0.32142857142857145,1.0,11,0.09021496601925443,0.09392153491353243
24,3,8,9,0.32142857142857145,1.0,13,0.07629682939021823,0.07939806821462708
24,3,8,9,0.32142857142857145,1.0,15,0.06610007023078435,0.06876505938295453
24,3,8,9,0.32142857142857145,1.0,17,0.05830794455613211,0.06064382969399508
24,3,8,9,0.32142857142857145,1.0,19,0.05215945762832896,0.05423833556621598
25,3,8,9,0.32142857142857145,0.1,1,0.012024879541647862,0.011637642893215984
25,3,8,9,0.32142857142857145,0.1,3,0.003992018575711121,0.0038703687412380418
25,3,8,9,0.32142857142857145,0.1,5,0.002393754515340455,0.0023211964358727075
25,3,8,9,0.32142857142857145,0.1,7,0.0017094151766738118,0.0016576859371355353
25,3,8,9,0.32142857142857145,0.1,9,0.0013293755701781775,0.001289177105667943
25,3,8,9,0.32142857142857145,0.1,11,0.0010875848792434673,0.0010547115345504717
25,3,8,9,0.32142857142857145,0.1,13,0.0009202145918611172,0.0008924074204913035
25,3,8,9,0.32142857142857145,0.1,15,0.0007974882203551166,0.0007733938549917377
25,3,8,9,0.32142857142857145,0.1,17,0.0007036452943003693,0.0006823888714837462
25,3,8,9,0.32142857142857145,0.1,19,0.0006295627963553676,0.0006105461288385181
25,3,8,9,0.32142857142857145,0.5,1,0.27491544175817867,0.2739438597541772
25,3,8,9,0.32142857142857145,0.5,3,0.08725731123910577,0.09064408468707719
25,3,8,9,0.32142857142857145,0.5,5,0.0520700492449751,0.05430975748821627
25,3,8,9,0.32142857142857145,0.5,7,0.037118765289069156,0.03876591992533051
25,3,8,9,0.32142857142857145,0.5,9,0.02884064427792829,0.030138966071775235
25,3,8,9,0.32142857142857145,0.5,11,0.023582291538512424,0.024652513481482896
25,3,8,9,0.32142857142857145,0.5,13,0.01994598885318863,0.020855837231088685
25,3,8,9,0.32142857142857145,0.5,15,0.01728140820620245,0.018072486404960238
25,3,8,9,0.32142857142857145,0.5,17,0.01524491678058705,0.015944554524473065
25,3,8,9,0.32142857142857145,0.5,19,0.01363783470894475,0.014264927583251354
25,3,8,9,0.32142857142857145,1.0,1,0.8483432110927934,0.9120438537883774
25,3,8,9,0.32142857142857145,1.0,3,0.29096728795274135,0.3128818425163388
25,3,8,9,0.32142857142857145,1.0,5,0.17567150325634523,0.18820873917667016
25,3,8,9,0.32142857142857145,1.0,7,0.12568656686961424,0.13446083904670023
25,3,8,9,0.32142857142857145,1.0,9,0.09781997301211416,0.10456673596887782
25,3,8,9,0.32142857142857145,1.0,11,0.08005993045357257,0.08553963856253687
25,3,8,9,0.32142857142857145,1.0,13,0.06775490638428533,0.0723679449879802
25,3,8,9,0.32142857142857145,1.0,15,0.05872712736877294,0.06271007245098642
25,3,8,9,0.32142857142857145,1.0,17,0.05182156510066207,0.05532579196574559
25,3,8,9,0.32142857142857145,1.0,19,0.04636877329612986,0.04949697320765826
26,3,8,9,0.32142857142857145,0.1,1,0.010775011321976995,0.012766335955759158
26,3,8,9,0.32142857142857145,0.1,3,0.003581505719612804,0.004244569630707308
26,3,8,9,0.32142857142857145,0.1,5,0.002147900800122173,0.002545518949005226
26,3,8,9,0.32142857142857145,0.1,7,0.0015339236795613382,0.0018178590582182076
26,3,8,9,0.32142857142857145,0.1,9,0.001192929108237038,0.001413732140123364
26,3,8,9,0.32142857142857145,0.1,11,0.0009759700175948176,0.0011566078769268732
26,3,8,9,0.32142857142857145,0.1,13,0.0008257843161796458,0.0009786202628923124
26,3,8,9,0.32142857142857145,0.1,15,0.0007156567311422542,0.0008481071495119003
26,3,8,9,0.32142857142857145,0.1,17,0.0006314463806850624,0.0007483093466120567
26,3,8,9,0.32142857142857145,0.1,19,0.000564967479917955,0.0006695254830541042
26,3,8,9,0.32142857142857145,0.5,1,0.2559096969492121,0.29968152135392584
26,3,8,9,0.32142857142857145,0.5,3,0.0829962503841455,0.09816526091195932
26,3,8,9,0.32142857142857145,0.5,5,0.04963373837694264,0.058759898455194054
26,3,8,9,0.32142857142857145,0.5,7,0.03540924831279365,0.041931712959097735
26,3,8,9,0.32142857142857145,0.5,9,0.027523093022309826,0.032596948298558644
26,3,8,9,0.32142857142857145,0.5,11,0.02251021724823126,0.026661732672057754
26,3,8,9,0.32142857142857145,0.5,13,0.01904217715400677,0.022555004492939495
26,3,8,9,0.32142857142857145,0.5,15,0.016500155890126666,0.01954456561660556
26,3,8,9,0.32142857142857145,0.5,17,0.014556928051496587,0.017243121756980687
26,3,8,9,0.32142857142857145,0.5,19,0.013023202675465001,0.01542659117450784
26,3,8,9,0.32142857142857145,1.0,1,0.8591293219459303,0.9739384250822962
26,3,8,9,0.32142857142857145,1.0,3,0.276496994101323,0.3152561160072736
26,3,8,9,0.32142857142857145,1.0,5,0.16541857204161559,0.18918255682162466
26,3,8,9,0.32142857142857145,1.0,7,0.11801568909091897,0.1351432923674009
26,3,8,9,0.32142857142857145,1.0,9,0.09172966527948569,0.10511497054129239
26,3,8,9,0.32142857142857145,1.0,11,0.07502014524177004,0.08600400179993357
26,3,8,9,0.32142857142857145,1.0,13,0.06346017097640312,0.0727726520059925
26,3,8,9,0.32142857142857145,1.0,15,0.054987097047376796,0.06306942459327355
26,3,8,9,0.32142857142857145,1.0,17,0.04851011069666665,0.05564922908057965
26,3,8,9,0.32142857142857145,1.0,19,0.043398185445010486,0.04979115879558285
27,3,8,9,0.32142857142857145,0.1,1,0.015843426473010496,0.01363207324146921
27,3,8,9,0.32142857142857145,0.1,3,0.005272883913614083,0.004517098782285195
27,3,8,9,0.32142857142857145,0.1,5,0.003162816916713121,0.002707283866907798
27,3,8,9,0.32142857142857145,0.1,7,0.0022588812594953717,0.0019328812225101774
27,3,8,9,0.32142857142857145,0.1,9,0.0017567906023150898,0.0015029697729860153
27,3,8,9,0.32142857142857145,0.1,11,0.0014373135604007167,0.001229504575881149
27,3,8,9,0.32142857142857145,0.1,13,0.0012161530599020113,0.001040234471566973
27,3,8,9,0.32142857142857145,0.1,15,0.0010539769246737474,0.0009014632869875224
27,3,8,9,0.32142857142857145,0.1,17,0.0009299645621195739,0.0007953594480637538
27,3,8,9,0.32142857142857145,0.1,19,0.0008320629233901364,0.0007116026035609631
27,3,8,9,0.32142857142857145,0.5,1,0.3692078633380167,0.32693674768760367
27,3,8,9,0.32142857142857145,0.5,3,0.1217425910848787,0.10465674617964883
27,3,8,9,0.32142857142857145,0.5,5,0.07289442391069818,0.0624622369201615
27,3,8,9,0.32142857142857145,0.5,7,0.05202265133774543,0.04452649884453867
27,3,8,9,0.32142857142857145,0.5,9,0.04044304736354758,0.03459547274730311
27,3,8,9,0.32142857142857145,0.5,11,0.033079976152279235,0.028287222402569128
27,3,8,9,0.32142857142857145,0.5,13,0.02798505828731585,0.023924971282636973
27,3,8,9,0.32142857142857145,0.5,15,0.024250120754429616,0.020728504522056632
27,3,8,9,0.32142857142857145,0.5,17,0.021394749152923567,0.01828555132566104
27,3,8,9,0.32142857142857145,0.5,19,0.019140969337326244,0.016357747992855637
27,3,8,9,0.32142857142857145,1.0,1,1.1716646171464902,1.0639436442143118
27,3,8,9,0.32142857142857145,1.0,3,0.3876466017315604,0.32637667184530117
27,3,8,9,0.32142857142857145,1.0,5,0.23144143377746343,0.19376928040081748
27,3,8,9,0.32142857142857145,1.0,7,0.16493556387827807,0.13791097489763637
27,3,8,9,0.32142857142857145,1.0,9,0.12811406693718694,0.10708330522680268
27,3,8,9,0.32142857142857145,1.0,11,0.1047310987539263,0.08753038192462041
27,3,8,9,0.32142857142857145,1.0,13,0.0885656655475881,0.07401976162123813
27,3,8,9,0.32142857142857145,1.0,15,0.07672302383166256,0.06412423716679544
27,3,8,9,0.32142857142857145,1.0,17,0.06767380850381091,0.056563537176372955
27,3,8,9,0.32142857142857145,1.0,19,0.060533958689959935,0.05059826887353625
28,3,8,9,0.32142857142857145,0.1,1,0.012607188834871873,0.013833351916395488
28,3,8,9,0.32142857142857145,0.1,3,0.004198695728240472,0.004603369109477512
28,3,8,9,0.32142857142857145,0.1,5,0.002518718281762445,0.0027613804847233443
28,3,8,9,0.32142857142857145,0.1,7,0.00179892795006478,0.0019722395102041964
28,3,8,9,0.32142857142857145,0.1,9,0.0013990978029852763,0.001533892651589874
28,3,8,9,0.32142857142857145,0.1,11,0.0011446805574581267,0.001254967193436285
28,3,8,9,0.32142857142857145,0.1,13,0.000968554783117358,0.0010618747959510037
28,3,8,9,0.32142857142857145,0.1,15,0.0008394007135863804,0.0009202786725612914
28,3,8,9,0.32142857142857145,0.1,17,0.0007406386060882573,0.0008120020586447094
28,3,8,9,0.32142857142857145,0.1,19,0.0006626702214164062,0.0007265221911994659
28,3,8,9,0.32142857142857145,0.5,1,0.2983807375146542,0.320359515738121
28,3,8,9,0.32142857142857145,0.5,3,0.09948197589978344,0.10414989555428078
28,3,8,9,0.32142857142857145,0.5,5,0.059631399148280695,0.06232902879037458
28,3,8,9,0.32142857142857145,0.5,7,0.042573764675875106,0.04448242531040568
28,3,8,9,0.32142857142857145,0.5,9,0.0331038247941372,0.03458309583063279
28,3,8,9,0.32142857142857145,0.5,11,0.027080087309422733,0.02828846314012491
28,3,8,9,0.32142857142857145,0.5,13,0.022911028062066453,0.02393266961778904
28,3,8,9,0.32142857142857145,0.5,15,0.019854366563572604,0.020739398309442523
28,3,8,9,0.32142857142857145,0.5,17,0.01751729543741536,0.0182980107980407
28,3,8,9,0.32142857142857145,0.5,19,0.015672471946277015,0.01637090662361354
28,3,8,9,0.32142857142857145,1.0,1,0.9946955283969175,1.0005056715809741
28,3,8,9,0.32142857142857145,1.0,3,0.34065145510680916,0.31008820932125986
28,3,8,9,0.32142857142857145,1.0,5,0.20384635355109398,0.1847592784367984
28,3,8,9,0.32142857142857145,1.0,7,0.14540542417464475,0.1316717108469668
28,3,8,9,0.32142857142857145,1.0,9,0.11300243351232439,0.10230124044514712
28,3,8,9,0.32142857142857145,1.0,11,0.09240812224562876,0.08364949152972145
28,3,8,9,0.32142857142857145,1.0,13,0.07816270361720638,0.07075238174833791
28,3,8,9,0.32142857142857145,1.0,15,0.06772253590857791,0.061301962530598615
28,3,8,9,0.32142857142857145,1.0,17,0.05974262679345986,0.0540791555336182
28,3,8,9,0.32142857142857145,1.0,19,0.05344501676517647,0.04837925104722892
29,3,8,9,0.32142857142857145,0.1,1,0.012384593388147099,0.011481492233290985
29,3,8,9,0.32142857142857145,0.1,3,0.004115299982024333,0.0038133828683622672
29,3,8,9,0.32142857142857145,0.1,5,0.00246775147640057,0.0022866952542681153
29,3,8,9,0.32142857142857145,0.1,7,0.001762250692578346,0.0016329678955933455
29,3,8,9,0.32142857142857145,0.1,9,0.0013704557594904987,0.001269923949656147
29,3,8,9,0.32142857142857145,0.1,11,0.0011211868635483304,0.0010389456154058633
29,3,8,9,0.32142857142857145,0.1,13,0.000948641049961978,0.000879059695180516
29,3,8,9,0.32142857142857145,0.1,15,0.0008221203740430379,0.0007618213827710684
29,3,8,9,0.32142857142857145,0.1,17,0.0007253766216258908,0.0006721749772369246
29,3,8,9,0.32142857142857145,0.1,19,0.000649004465023861,0.0006014054000474745
29,3,8,9,0.32142857142857145,0.5,1,0.2907960479093511,0.27269153377337707
29,3,8,9,0.32142857142857145,0.5,3,0.09483782899346131,0.08762625418339542
29,3,8,9,0.32142857142857145,0.5,5,0.05673346162581526,0.05241460688874502
29,3,8,9,0.32142857142857145,0.5,7,0.04047578889776723,0.03740359522588222
29,3,8,9,0.32142857142857145,0.5,9,0.03146106438557563,0.029079029076896988
29,3,8,9,0.32142857142857145,0.5,11,0.02573060426327892,0.02378612232932534
29,3,8,9,0.32142857142857145,0.5,13,0.02176611171783458,0.02012360926411466
29,3,8,9,0.32142857142857145,0.5,15,0.018860223439242502,0.017438615706758236
29,3,8,9,0.32142857142857145,0.5,17,0.016638867006849266,0.015385833661270496
29,3,8,9,0.32142857142857145,0.5,19,0.014885645950460862,0.013765473956261348
29,3,8,9,0.32142857142857145,1.0,1,0.9315530424557353,0.90073154191669
29,3,8,9,0.32142857142857145,1.0,3,0.29854844832461697,0.30096619509201067
29,3,8,9,0.32142857142857145,1.0,5,0.17883946389945848,0.17918629215695625
29,3,8,9,0.32142857142857145,1.0,7,0.1276344941514679,0.1274746610517699
29,3,8,9,0.32142857142857145,1.0,9,0.09921883745613214,0.09890937371966499
29,3,8,9,0.32142857142857145,1.0,11,0.08114981496736948,0.08079816325413411
29,3,8,9,0.32142857142857145,1.0,13,0.06864732953127996,0.06829146889881564
29,3,8,9,0.32142857142857145,1.0,15,0.059482621934729724,0.05913691137878542
29,3,8,9,0.32142857142857145,1.0,17,0.05247657101802998,0.0521462621096942
29,3,8,9,0.32142857142857145,1.0,19,0.0469469036891577,0.0466334641316755
30,3,8,9,0.32142857142857145,0.1,1,0.014101596681259227,0.01584775725095859
30,3,8,9,0.32142857142857145,0.1,3,0.004697437582519886,0.0052820916766910374
30,3,8,9,0.32142857142857145,0.1,5,0.002818313614995568,0.003169230070688475
30,3,8,9,0.32142857142857145,0.1,7,0.00201305183700735,0.0022637307059618075
30,3,8,9,0.32142857142857145,0.1,9,0.0015656976001736148,0.001760677774569217
30,3,8,9,0.32142857142857145,0.1,11,0.0012810214225311353,0.0014405538362434519
30,3,8,9,0.32142857142857145,0.1,13,0.00108393931212777,0.0012189298168099522
30,3,8,9,0.32142857142857145,0.1,15,0.0009394130419609998,0.0010564056451113275
30,3,8,9,0.32142857142857145,0.1,17,0.00082889325402427,0.0009321225097207515
30,3,8,9,0.32142857142857145,0.1,19,0.0007416409520277912,0.0008340042749073387
30,3,8,9,0.32142857142857145,0.5,1,0.329016177352485,0.3670928558632702
30,3,8,9,0.32142857142857145,0.5,3,0.10787553800974971,0.12206552800354112
30,3,8,9,0.32142857142857145,0.5,5,0.06463297564098686,0.07322017490442839
30,3,8,9,0.32142857142857145,0.5,7,0.046148133122419124,0.052295866328012315
30,3,8,9,0.32142857142857145,0.5,9,0.03588713112775929,0.04067305816708762
30,3,8,9,0.32142857142857145,0.5,11,0.029359768384983734,0.033277277191247255
30,3,8,9,0.32142857142857145,0.5,13,0.024841697736879616,0.02815733846999924
30,3,8,9,0.32142857142857145,0.5,15,0.02152882771905649,0.024402817725549815
30,3,8,9,0.32142857142857145,0.5,17,0.018995644767690865,0.02153176628521148
30,3,8,9,0.32142857142857145,0.5,19,0.016995864933644005,0.01926517663518613
30,3,8,9,0.32142857142857145,1.0,1,1.0589891645755067,1.1511858486673914
30,3,8,9,0.32142857142857145,1.0,3,0.3308357574407782,0.37912674674236885
30,3,8,9,0.32142857142857145,1.0,5,0.19704603566546805,0.22704646965148884
30,3,8,9,0.32142857142857145,1.0,7,0.14045540943940324,0.16207530919946678
30,3,8,9,0.32142857142857145,1.0,9,0.10914905661868038,0.1260216149843144
30,3,8,9,0.32142857142857145,1.0,11,0.08926465648961365,0.10309140102434693
30,3,8,9,0.32142857142857145,1.0,13,0.07551253119622138,0.08722191565944107
30,3,8,9,0.32142857142857145,1.0,15,0.06543377687673972,0.07558680025930108
30,3,8,9,0.32142857142857145,1.0,17,0.057729526214144546,0.06669069152603711
30,3,8,9,0.32142857142857145,1.0,19,0.051648859957285166,0.05966821724141728
31,3,8,9,0.32142857142857145,0.1,1,0.016676349301752928,0.015255616273420425
31,3,8,9,0.32142857142857145,0.1,3,0.005555787023872225,0.005080980111395262
31,3,8,9,0.32142857142857145,0.1,5,0.003333327616993844,0.00304838487165383
31,3,8,9,0.32142857142857145,0.1,7,0.0023809198275357066,0.00217737777102629
31,3,8,9,0.32142857142857145,0.1,9,0.0018518174185213696,0.0016935032422977427
31,3,8,9,0.32142857142857145,0.1,11,0.0015151195674905638,0.001385588259716592
31,3,8,9,0.32142857142857145,0.1,13,0.0012820224122241965,0.0011724182547462778
31,3,8,9,0.32142857142857145,0.1,15,0.0011110850915948373,0.0010160944176680336
31,3,8,9,0.32142857142857145,0.1,17,0.0009803686093584618,0.0008965530705413742
31,3,8,9,0.32142857142857145,0.1,19,0.0008771715440454988,0.0008021785440262848
31,3,8,9,0.32142857142857145,0.5,1,0.3851421580318482,0.35120291389553615
31,3,8,9,0.32142857142857145,0.5,3,0.12676641109440628,0.1146098449218546
31,3,8,9,0.32142857142857145,0.5,5,0.07597012052241171,0.06864187532789078
31,3,8,9,0.32142857142857145,0.5,7,0.0542464985035666,0.049005396397690915
31,3,8,9,0.32142857142857145,0.5,9,0.04218597935552038,0.03810745158305031
31,3,8,9,0.32142857142857145,0.5,11,0.034513419492971605,0.03117556819775361
31,3,8,9,0.32142857142857145,0.5,13,0.029202502535043282,0.026377741965042726
31,3,8,9,0.32142857142857145,0.5,15,0.025308204399427235,0.02285984771486514
31,3,8,9,0.32142857142857145,0.5,17,0.022330396296836048,0.02016994550219475
31,3,8,9,0.32142857142857145,0.5,19,0.019979594650552504,0.01804647438714141
31,3,8,9,0.32142857142857145,1.0,1,1.1876418838855496,1.0828918477798573
31,3,8,9,0.32142857142857145,1.0,3,0.37763480338714556,0.3292537490994739
31,3,8,9,0.32142857142857145,1.0,5,0.22494758027432749,0.1956328483288052
31,3,8,9,0.32142857142857145,1.0,7,0.16034359184542663,0.13935389824463165
31,3,8,9,0.32142857142857145,1.0,9,0.12460389163902244,0.10826292117866369
31,3,8,9,0.32142857142857145,1.0,11,0.10190379253994847,0.08852752242467993
31,3,8,9,0.32142857142857145,1.0,13,0.08620440890313802,0.07488294414688654
31,3,8,9,0.32142857142857145,1.0,15,0.07469857516741872,0.0648849710968399
31,3,8,9,0.32142857142857145,1.0,17,0.06590347643136688,0.057243433509035914
31,3,8,9,0.32142857142857145,1.0,19,0.05896185458946481,0.051212781301581155
32,3,8,9,0.32142857142857145,0.1,1,0.01254366500931526,0.014291999873811492
32,3,8,9,0.32142857142857145,0.1,3,0.004171732121699949,0.004759005064848583
32,3,8,9,0.32142857142857145,0.1,5,0.0025021984181528875,0.00285512222250513
32,3,8,9,0.32142857142857145,0.1,7,0.0017870486063270774,0.002039310254348741
32,3,8,9,0.32142857142857145,0.1,9,0.0013898290361477072,0.001586107760153996
32,3,8,9,0.32142857142857145,0.1,11,0.0011370833103570151,0.0012977142737233085
32,3,8,9,0.32142857142857145,0.1,13,0.0009621189018214661,0.001098060464771029
32,3,8,9,0.32142857142857145,0.1,15,0.0008338184861047485,0.0009516491809335582
32,3,8,9,0.32142857142857145,0.1,17,0.0007357102332145481,0.0008396884046543622
32,3,8,9,0.32142857142857145,0.1,19,0.0006582586649249185,0.0007512987724750459
32,3,8,9,0.32142857142857145,0.5,1,0.294800273863708,0.3227738939778204
32,3,8,9,0.32142857142857145,0.5,3,0.09540152074645566,0.10490980177584859
32,3,8,9,0.32142857142857145,0.5,5,0.05707716104335124,0.06281450636677344
32,3,8,9,0.32142857142857145,0.5,7,0.04073053690254532,0.04483967343127994
32,3,8,9,0.32142857142857145,0.5,9,0.031664725038498466,0.03486575528360232
32,3,8,9,0.32142857142857145,0.5,11,0.025900575717113537,0.02852231046597057
32,3,8,9,0.32142857142857145,0.5,13,0.02191206910825087,0.024132083307832588
32,3,8,9,0.32142857142857145,0.5,15,0.018988157532606204,0.020913218136143885
32,3,8,9,0.32142857142857145,0.5,17,0.0167527606409393,0.018452059422620785
32,3,8,9,0.32142857142857145,0.5,19,0.014988286844498017,0.016509222532041304
32,3,8,9,0.32142857142857145,1.0,1,0.9602798043293392,0.9465703069925685
32,3,8,9,0.32142857142857145,1.0,3,0.2947934807585585,0.28500714240839625
32,3,8,9,0.32142857142857145,1.0,5,0.17603742922547472,0.1695572531287728
32,3,8,9,0.32142857142857145,1.0,7,0.12557873109027973,0.1207656836017356
32,3,8,9,0.32142857142857145,1.0,9,0.09761936948044159,0.0937984577707704
32,3,8,9,0.32142857142857145,1.0,11,0.07984779859636824,0.0766822544101718
32,3,8,9,0.32142857142857145,1.0,13,0.06755216166914757,0.06485102134397851
32,3,8,9,0.32142857142857145,1.0,15,0.058538818708454295,0.056183686942939466
32,3,8,9,0.32142857142857145,1.0,17,0.05164800311577995,0.04956052222356273
32,3,8,9,0.32142857142857145,1.0,19,0.046208844616605495,0.044334510988584125
33,3,8,9,0.32142857142857145,0.1,1,0.016015659605766223,0.016528852336743338
33,3,8,9,0.32142857142857145,0.1,3,0.0053288638971841894,0.0055041139370050314
33,3,8,9,0.32142857142857145,0.1,5,0.0031964659218763954,0.0033021220419092168
33,3,8,9,0.32142857142857145,0.1,7,0.002282951445354189,0.002358575782591988
33,3,8,9,0.32142857142857145,0.1,9,0.0017755303644416966,0.001834416735208067
33,3,8,9,0.32142857142857145,0.1,11,0.001452656730550659,0.0015008716582623313
33,3,8,9,0.32142857142857145,0.1,13,0.0012291423592116454,0.0012699602302308189
33,3,8,9,0.32142857142857145,0.1,15,0.0010652386962559561,0.0011006273026255848
33,3,8,9,0.32142857142857145,0.1,17,0.0009399044612738206,0.0009711385587175199
33,3,8,9,0.32142857142857145,0.1,19,0.0008409587138391875,0.0008689112704163968
33,3,8,9,0.32142857142857145,0.5,1,0.36520615734235146,0.37313677838998366
33,3,8,9,0.32142857142857145,0.5,3,0.11865832507786338,0.12174812018293944
33,3,8,9,0.32142857142857145,0.5,5,0.07101043526079467,0.07288969217779163
33,3,8,9,0.32142857142857145,0.5,7,0.050678063800553445,0.052029272530729274
33,3,8,9,0.32142857142857145,0.5,9,0.03939995925104044,0.04045506926698094
33,3,8,9,0.32142857142857145,0.5,11,0.03222861207948163,0.03309417001719698
33,3,8,9,0.32142857142857145,0.5,13,0.02726614071831211,0.0279999224692719
33,3,8,9,0.32142857142857145,0.5,15,0.023628105145886213,0.02426495280314505
33,3,8,9,0.32142857142857145,0.5,17,0.02084667481150725,0.021409220331815356
33,3,8,9,0.32142857142857145,0.5,19,0.018651157069493392,0.019154932438580855
33,3,8,9,0.32142857142857145,1.0,1,1.0961586333738549,1.1055515435206111
33,3,8,9,0.32142857142857145,1.0,3,0.33472636302378517,0.3420324812010783
33,3,8,9,0.32142857142857145,1.0,5,0.1993333550653556,0.20246883425087958
33,3,8,9,0.32142857142857145,1.0,7,0.14208443802504753,0.14392915296496622
33,3,8,9,0.32142857142857145,1.0,9,0.11041451145901857,0.11168116660941052
33,3,8,9,0.32142857142857145,1.0,11,0.09029916131978381,0.09124955194027662
33,3,8,9,0.32142857142857145,1.0,13,0.07638730733310428,0.07714192661030583
33,3,8,9,0.32142857142857145,1.0,15,0.06619150755735972,0.0668144351776999
33,3,8,9,0.32142857142857145,1.0,17,0.05839780924976462,0.05892671735431409
33,3,8,9,0.32142857142857145,1.0,19,0.05224656650629617,0.052705291793694535
34,3,8,9,0.32142857142857145,0.1,1,0.01311494488428849,0.012622152478043764
34,3,8,9,0.32142857142857145,0.1,3,0.004330594599075829,0.0041987424670710686
34,3,8,9,0.32142857142857145,0.1,5,0.0025937984821301488,0.002518720598292739
34,3,8,9,0.32142857142857145,0.1,7,0.001851344856598844,0.001798963094451307
34,3,8,9,0.32142857142857145,0.1,9,0.001439349100230642,0.001399147958499285
34,3,8,9,0.32142857142857145,0.1,11,0.0011773459346648765,0.0011447360182408127
34,3,8,9,0.32142857142857145,0.1,13,0.000996038744808893,0.0009686111419009688
34,3,8,9,0.32142857142857145,0.1,15,0.0008631213465970438,0.000839455993486535
34,3,8,9,0.32142857142857145,0.1,17,0.0007615020774920688,0.0007406919475898594
34,3,8,9,0.32142857142857145,0.1,19,0.0006812906558466969,0.0006627212947215214
34,3,8,9,0.32142857142857145,0.5,1,0.312548018082361,0.2920755036102104
34,3,8,9,0.32142857142857145,0.5,3,0.09720984001828958,0.09352270478700395
34,3,8,9,0.32142857142857145,0.5,5,0.05767956064897703,0.05590863966038353
34,3,8,9,0.32142857142857145,0.5,7,0.04101381136237576,0.0398895949354484
34,3,8,9,0.32142857142857145,0.5,9,0.031821716043220094,0.031009312197893543
34,3,8,9,0.32142857142857145,0.5,11,0.02599611385227732,0.02536405892788511
34,3,8,9,0.32142857142857145,0.5,13,0.02197365877920711,0.021458105193570064
34,3,8,9,0.32142857142857145,0.5,15,0.019029313872408648,0.018594807390033656
34,3,8,9,0.32142857142857145,0.5,17,0.01678083575541344,0.016405784088566983
34,3,8,9,0.32142857142857145,0.5,19,0.01500759060481919,0.014677924588406659
34,3,8,9,0.32142857142857145,1.0,1,0.9721145800983342,0.9233848641859423
34,3,8,9,0.32142857142857145,1.0,3,0.2737658509713623,0.2743782683170345
34,3,8,9,0.32142857142857145,1.0,5,0.16005669170940293,0.16285076271122348
34,3,8,9,0.32142857142857145,1.0,7,0.11309696470643214,0.1158720602861834
34,3,8,9,0.32142857142857145,1.0,9,0.08744309679109191,0.08994780704399916
34,3,8,9,0.32142857142857145,1.0,11,0.07127582013330905,0.07350870272698984
34,3,8,9,0.32142857142857145,1.0,13,0.06015406260588388,0.062152310690192385
34,3,8,9,0.32142857142857145,1.0,15,0.05203468471896886,0.05383633817237861
34,3,8,9,0.32142857142857145,1.0,17,0.04584650040859661,0.047483647883894683
34,3,8,9,0.32142857142857145,1.0,19,0.04097373575236438,0.04247225686439363
35,3,8,9,0.32142857142857145,0.1,1,0.012148612600675804,0.011515395426119733
35,3,8,9,0.32142857142857145,0.1,3,0.003984502828481254,0.003811898294467924
35,3,8,9,0.32142857142857145,0.1,5,0.002382926559285408,0.0022845764521055747
35,3,8,9,0.32142857142857145,0.1,7,0.0016997125686724044,0.0016311016852991157
35,3,8,9,0.32142857142857145,0.1,9,0.0013209717000529485,0.0012683247341412237
35,3,8,9,0.32142857142857145,0.1,11,0.0010802604816918758,0.0010375616977096262
35,3,8,9,0.32142857142857145,0.1,13,0.0009137534861617505,0.0008778450363880425
35,3,8,9,0.32142857142857145,0.1,15,0.0007917207391232279,0.0007607411874917404
35,3,8,9,0.32142857142857145,0.1,17,0.0006984428980617084,0.0006712034415952888
35,3,8,9,0.32142857142857145,0.1,19,0.0006248277883699992,0.0006005231881454371
35,3,8,9,0.32142857142857145,0.5,1,0.3141617264696264,0.2715509465254867
35,3,8,9,0.32142857142857145,0.5,3,0.09803541800183561,0.08384064429246997
35,3,8,9,0.32142857142857145,0.5,5,0.0580300688167173,0.049848892135962324
35,3,8,9,0.32142857142857145,0.5,7,0.04120588285314812,0.03548992031085072
35,3,8,9,0.32142857142857145,0.5,9,0.03194306650115351,0.027557597597174834
35,3,8,9,0.32142857142857145,0.5,11,0.02607993063407369,0.02252475901139839
35,3,8,9,0.32142857142857145,0.5,13,0.022035181770518386,0.01904685585189238
35,3,8,9,0.32142857142857145,0.5,15,0.01907650842452933,0.016499542060272668
35,3,8,9,0.32142857142857145,0.5,17,0.016818268434746538,0.014553326204709033
35,3,8,9,0.32142857142857145,0.5,19,0.015038067548680098,0.013017867688568979
35,3,8,9,0.32142857142857145,1.0,1,1.1220538184719435,0.8516853914891273
35,3,8,9,0.32142857142857145,1.0,3,0.3577391143999953,0.22602088487586
35,3,8,9,0.32142857142857145,1.0,5,0.2118743330796609,0.13319250807234492
35,3,8,9,0.32142857142857145,1.0,7,0.15035603698321215,0.09455466742701048
35,3,8,9,0.32142857142857145,1.0,9,0.11648961981757043,0.07331884551849373
35,3,8,9,0.32142857142857145,1.0,11,0.09506421001823132,0.05987987581985704
35,3,8,9,0.32142857142857145,1.0,13,0.08029159894507899,0.05060725128782166
35,3,8,9,0.32142857142857145,1.0,15,0.06949079941151345,0.04382264683697767
35,3,8,9,0.32142857142857145,1.0,17,0.06125032983412753,0.03864278399497877
35,3,8,9,0.32142857142857145,1.0,19,0.05475651071004507,0.03455836339133047
36,3,8,9,0.32142857142857145,0.1,1,0.01212375547888919,0.012152806225822472
36,3,8,9,0.32142857142857145,0.1,3,0.004035481823641064,0.004048039408544647
36,3,8,9,0.32142857142857145,0.1,5,0.0024210129674409214,0.0024284038842059363
36,3,8,9,0.32142857142857145,0.1,7,0.001729240657702791,0.0017344402803249667
36,3,8,9,0.32142857142857145,0.1,9,0.001344947572421921,0.0013489501380497125
36,3,8,9,0.32142857142857145,0.1,11,0.001100404451085471,0.0011036554377200807
36,3,8,9,0.32142857142857145,0.1,13,0.0009311079552438591,0.000933843981125688
36,3,8,9,0.32142857142857145,0.1,15,0.000806958322971925,0.0008093197532389518
36,3,8,9,0.32142857142857145,0.1,17,0.0007120209264047942,0.0007140977426063467
36,3,8,9,0.32142857142857145,0.1,19,0.0006370706505081468,0.0006389239471047368
36,3,8,9,0.32142857142857145,0.5,1,0.28065690383327563,0.2889923815540813
36,3,8,9,0.32142857142857145,0.5,3,0.09028245411127214,0.09664729403015268
36,3,8,9,0.32142857142857145,0.5,5,0.05402164675099597,0.05798337779315447
36,3,8,9,0.32142857142857145,0.5,7,0.03855799081950705,0.04141120283200236
36,3,8,9,0.32142857142857145,0.5,9,0.0299803039365108,0.03220551427193073
36,3,8,9,0.32142857142857145,0.5,11,0.024525510738273606,0.026348046580001207
36,3,8,9,0.32142857142857145,0.5,13,0.02075049142046689,0.02229327781307415
36,3,8,9,0.32142857142857145,0.5,15,0.01798274543503614,0.01932001875943351
36,3,8,9,0.32142857142857145,0.5,17,0.01586653027656855,0.01704649817480635
36,3,8,9,0.32142857142857145,0.5,19,0.01419599384942595,0.015251709844564481
36,3,8,9,0.32142857142857145,1.0,1,0.8845834917290781,0.9706224197065791
36,3,8,9,0.32142857142857145,1.0,3,0.258213530831849,0.3360598254976465
36,3,8,9,0.32142857142857145,1.0,5,0.15343459446264016,0.20235453752686838
36,3,8,9,0.32142857142857145,1.0,7,0.10930206590627645,0.14467777429927275
36,3,8,9,0.32142857142857145,1.0,9,0.08491790163758721,0.11257041012473251
36,3,8,9,0.32142857142857145,1.0,11,0.0694386726662134,0.09212044947297615
36,3,8,9,0.32142857142857145,1.0,13,0.058736348880238244,0.07795627008959041
36,3,8,9,0.32142857142857145,1.0,15,0.050894162892663034,0.06756641250795714
36,3,8,9,0.32142857142857145,1.0,17,0.04490026358574738,0.05961987881871354
36,3,8,9,0.32142857142857145,1.0,19,0.04016989989830725,0.05334558833343584
37,3,8,9,0.32142857142857145,0.1,1,0.011228031553846109,0.010656633704121855
37,3,8,9,0.32142857142857145,0.1,3,0.003728729429425445,0.0035255691432623075
37,3,8,9,0.32142857142857145,0.1,5,0.002236032470100915,0.0021127290900655915
37,3,8,9,0.32142857142857145,0.1,7,0.0015968319840220326,0.0015083365233622957
37,3,8,9,0.32142857142857145,0.1,9,0.0012418431620163533,0.0011728330785082675
37,3,8,9,0.32142857142857145,0.1,11,0.00101598418687054,0.000959428112736572
37,3,8,9,0.32142857142857145,0.1,13,0.0008596391613090473,0.0008117296074670855
37,3,8,9,0.32142857142857145,0.1,15,0.0007449957099371753,0.0007034396168918367
37,3,8,9,0.32142857142857145,0.1,17,0.0006573325472573908,0.0006206421938693186
37,3,8,9,0.32142857142857145,0.1,19,0.0005881280199602636,0.000555283441217582
37,3,8,9,0.32142857142857145,0.5,1,0.270223936380658,0.26162125483143644
37,3,8,9,0.32142857142857145,0.5,3,0.08632489114113387,0.08181908530240273
37,3,8,9,0.32142857142857145,0.5,5,0.05154204046891744,0.04870778052492245
37,3,8,9,0.32142857142857145,0.5,7,0.03674945912117605,0.03468628707721965
37,3,8,9,0.32142857142857145,0.5,9,0.028556493784369662,0.02693512254395783
37,3,8,9,0.32142857142857145,0.5,11,0.023351328362608826,0.022016043001803435
37,3,8,9,0.32142857142857145,0.5,13,0.01975142024925263,0.018616444304693527
37,3,8,9,0.32142857142857145,0.5,15,0.01711331640919832,0.01612640666008521
37,3,8,9,0.32142857142857145,0.5,17,0.015096954446273172,0.014223943202320179
37,3,8,9,0.32142857142857145,0.5,19,0.01350569384783903,0.012723014685083618
37,3,8,9,0.32142857142857145,1.0,1,0.9258675248137884,0.9159094455461626
37,3,8,9,0.32142857142857145,1.0,3,0.2923846832922759,0.2805690331147051
37,3,8,9,0.32142857142857145,1.0,5,0.17466887470407938,0.167703564834821
37,3,8,9,0.32142857142857145,1.0,7,0.1244931384531995,0.11961343046690891
37,3,8,9,0.32142857142857145,1.0,9,0.09670132268819913,0.09295695561379505
37,3,8,9,0.32142857142857145,1.0,11,0.07905007806288666,0.07601570086525133
37,3,8,9,0.32142857142857145,1.0,13,0.06684671238172243,0.0642972241637272
37,3,8,9,0.32142857142857145,1.0,15,0.05790665221106238,0.0557089863121119
37,3,8,9,0.32142857142857145,1.0,17,0.05107547568902147,0.049144581338426245
37,3,8,9,0.32142857142857145,1.0,19,0.04568578550122833,0.043964057533539734
38,3,8,9,0.32142857142857145,0.1,1,0.016130310089491524,0.014323619641691411
38,3,8,9,0.32142857142857145,0.1,3,0.0053704605067974994,0.004756985347575516
38,3,8,9,0.32142857142857145,0.1,5,0.003221920369295211,0.0028527943271875558
38,3,8,9,0.32142857142857145,0.1,7,0.0023012923372037948,0.002037334138109374
38,3,8,9,0.32142857142857145,0.1,9,0.001789865741380998,0.0015844410903559484
38,3,8,9,0.32142857142857145,0.1,11,0.0014644226986166974,0.0012962848431690365
38,3,8,9,0.32142857142857145,0.1,13,0.0012391200421049643,0.0010968130738016238
38,3,8,9,0.32142857142857145,0.1,15,0.0010738999965002325,0.0009505443393628825
38,3,8,9,0.32142857142857145,0.1,17,0.0009475562546972357,0.0008386976578045402
38,3,8,9,0.32142857142857145,0.1,19,0.0008478117664623245,0.0007504011758894095
38,3,8,9,0.32142857142857145,0.5,1,0.368168475483555,0.329084691118476
38,3,8,9,0.32142857142857145,0.5,3,0.11935932753124717,0.10308445475846333
38,3,8,9,0.32142857142857145,0.5,5,0.07147059488326117,0.06147674609496066
38,3,8,9,0.32142857142857145,0.5,7,0.05102086469023621,0.0438257869002428
38,3,8,9,0.32142857142857145,0.5,9,0.03967316594769202,0.034055128209795435
38,3,8,9,0.32142857142857145,0.5,11,0.032455732831664745,0.027848546155790216
38,3,8,9,0.32142857142857145,0.5,13,0.02746048640688425,0.023556177332273786
38,3,8,9,0.32142857142857145,0.5,15,0.023797945178134234,0.020410579974576615
38,3,8,9,0.32142857142857145,0.5,17,0.020997498606419557,0.0180062633633057
38,3,8,9,0.32142857142857145,0.5,19,0.01878679492500131,0.016108778951306732
38,3,8,9,0.32142857142857145,1.0,1,1.1323218351166684,1.0181595985096121
38,3,8,9,0.32142857142857145,1.0,3,0.34077191299084986,0.2839589411478001
38,3,8,9,0.32142857142857145,1.0,5,0.20284285265381663,0.16875694867795055
38,3,8,9,0.32142857142857145,1.0,7,0.1445930470539553,0.12020558189767212
38,3,8,9,0.32142857142857145,1.0,9,0.1123712287761797,0.09337751195600742
38,3,8,9,0.32142857142857145,1.0,11,0.09190190865417108,0.0763480748601218
38,3,8,9,0.32142857142857145,1.0,13,0.07774422705968347,0.06457516315728322
38,3,8,9,0.32142857142857145,1.0,15,0.06736788133847495,0.055949390252195794
38,3,8,9,0.32142857142857145,1.0,17,0.05943600397160813,0.049357203016450676
38,3,8,9,0.32142857142857145,1.0,19,0.05317561727300326,0.044155104047126685
39,3,8,9,0.32142857142857145,0.1,1,0.014760513988995737,0.014273294481889904
39,3,8,9,0.32142857142857145,0.1,3,0.004907485733321021,0.004746432243282571
39,3,8,9,0.32142857142857145,0.1,5,0.002943158052649832,0.0028468636288531573
39,3,8,9,0.32142857142857145,0.1,7,0.0021018611076252607,0.002033195577116632
39,3,8,9,0.32142857142857145,0.1,9,0.001634613055229183,0.001581259333399227
39,3,8,9,0.32142857142857145,0.1,11,0.0013373241372348704,0.0012936993732670524
39,3,8,9,0.32142857142857145,0.1,13,0.0011315315827821663,0.0010946351924802666
39,3,8,9,0.32142857142857145,0.1,15,0.0009806288293517649,0.0009486628177956557
39,3,8,9,0.32142857142857145,0.1,17,0.0008652392960619181,0.0008370413886170212
39,3,8,9,0.32142857142857145,0.1,19,0.0007741463733402145,0.0007489219295052356
39,3,8,9,0.32142857142857145,0.5,1,0.3409677443915344,0.32794922903521806
39,3,8,9,0.32142857142857145,0.5,3,0.11120757910907467,0.10589126390768752
39,3,8,9,0.32142857142857145,0.5,5,0.06653953024995496,0.06333483106676926
39,3,8,9,0.32142857142857145,0.5,7,0.04747812007410845,0.04519138380331058
39,3,8,9,0.32142857142857145,0.5,9,0.0369070392349939,0.03513085661691861
39,3,8,9,0.32142857142857145,0.5,11,0.030186432996342723,0.02873485680883048
39,3,8,9,0.32142857142857145,0.5,13,0.02553651543833009,0.024309395312188904
39,3,8,9,0.32142857142857145,0.5,15,0.02212799307024521,0.021065284295652614
39,3,8,9,0.32142857142857145,0.5,17,0.01952226709607553,0.018585156278766495
39,3,8,9,0.32142857142857145,0.5,19,0.017465591039673066,0.016627548632612944
39,3,8,9,0.32142857142857145,1.0,1,1.047828066196357,1.0096532242797334
39,3,8,9,0.32142857142857145,1.0,3,0.3370342399948212,0.3122706924328815
39,3,8,9,0.32142857142857145,1.0,5,0.2017363616599054,0.1869283407268251
39,3,8,9,0.32142857142857145,1.0,7,0.1439737842155566,0.13344054052847112
39,3,8,9,0.32142857142857145,1.0,9,0.11192958658797116,0.10376050543072009
39,3,8,9,0.32142857142857145,1.0,11,0.09155352483882805,0.08488349026821375
39,3,8,9,0.32142857142857145,1.0,13,0.07745385629335054,0.07181869025326838
39,3,8,9,0.32142857142857145,1.0,15,0.06711755957177062,0.06223959304429006
39,3,8,9,0.32142857142857145,1.0,17,0.05921527396154335,0.054915290686197646
39,3,8,9,0.32142857142857145,1.0,19,0.0529778015218179,0.04913343872395135
40,3,8,9,0.32142857142857145,0.1,1,0.01680758598842971,0.016099373340240912
40,3,8,9,0.32142857142857145,0.1,3,0.005597374277003203,0.005347261578311277
40,3,8,9,0.32142857142857145,0.1,5,0.0033581335539723915,0.003206348171745154
40,3,8,9,0.32142857142857145,0.1,7,0.0023986016042973624,0.0022896550968246397
40,3,8,9,0.32142857142857145,0.1,9,0.0018655556582006373,0.0017805906610152415
40,3,8,9,0.32142857142857145,0.1,11,0.0015263530190581798,0.0014567169065146876
40,3,8,9,0.32142857142857145,0.1,13,0.0012915237738215356,0.001232530965129733
40,3,8,9,0.32142857142857145,0.1,15,0.0011193172335068028,0.0010681456519724877
40,3,8,9,0.32142857142857145,0.1,17,0.0009876307071889892,0.0009424492850939148
40,3,8,9,0.32142857142857145,0.1,19,0.0008836681345851741,0.000843221434202797
40,3,8,9,0.32142857142857145,0.5,1,0.38277567859081646,0.37200793072591565
40,3,8,9,0.32142857142857145,0.5,3,0.1252536740606698,0.1202154687710308
40,3,8,9,0.32142857142857145,0.5,5,0.07503775299050429,0.0718327342978641
40,3,8,9,0.32142857142857145,0.5,7,0.05357473493148775,0.051226708514351356
40,3,8,9,0.32142857142857145,0.5,9,0.04166129746363368,0.039809018332574234
40,3,8,9,0.32142857142857145,0.5,11,0.03408307564549418,0.0325538113692159
40,3,8,9,0.32142857142857145,0.5,13,0.02883777769122265,0.027535641460320247
40,3,8,9,0.32142857142857145,0.5,15,0.024991750414798432,0.02385802002356285
40,3,8,9,0.32142857142857145,0.5,17,0.022050937095294654,0.021047051182181087
40,3,8,9,0.32142857142857145,0.5,19,0.019729390077818144,0.018828668722312026
40,3,8,9,0.32142857142857145,1.0,1,1.1551343203572944,1.1335148790292293
40,3,8,9,0.32142857142857145,1.0,3,0.3732411095589656,0.3609217214373652
40,3,8,9,0.32142857142857145,1.0,5,0.2233313493539364,0.21568597693573766
40,3,8,9,0.32142857142857145,1.0,7,0.15937525989617723,0.15374535672764583
40,3,8,9,0.32142857142857145,1.0,9,0.12390297763985142,0.11943071776337522
40,3,8,9,0.32142857142857145,1.0,11,0.10134866837558758,0.09763448163631583
40,3,8,9,0.32142857142857145,1.0,13,0.08574198283011385,0.0825644495272461
40,3,8,9,0.32142857142857145,1.0,15,0.07430087380730362,0.07152378449274963
40,3,8,9,0.32142857142857145,1.0,17,0.06555384042326222,0.06308722118299225
40,3,8,9,0.32142857142857145,1.0,19,0.05864948890232241,0.056430722706976334
41,3,8,9,0.32142857142857145,0.1,1,0.017458842346138814,0.013831845647549827
41,3,8,9,0.32142857142857145,0.1,3,0.00580832608186536,0.004590274518745982
41,3,8,9,0.32142857142857145,0.1,5,0.003483762217347725,0.002752131170336872
41,3,8,9,0.32142857142857145,0.1,7,0.0024880327375452495,0.001965214003697597
41,3,8,9,0.32142857142857145,0.1,9,0.0019349789559853757,0.0015282488182876658
41,3,8,9,0.32142857142857145,0.1,11,0.0015830830706165362,0.0012502564537487401
41,3,8,9,0.32142857142857145,0.1,13,0.0013394842754928767,0.0010578344345996832
41,3,8,9,0.32142857142857145,0.1,15,0.0011608562422962645,0.00091674255554819
41,3,8,9,0.32142857142857145,0.1,17,0.0010242646367778093,0.000808858733006602
41,3,8,9,0.32142857142857145,0.1,19,0.0009164330050286078,0.0007236933580703821
41,3,8,9,0.32142857142857145,0.5,1,0.39993298470400224,0.32655087237326336
41,3,8,9,0.32142857142857145,0.5,3,0.13128830386046567,0.10371225080468231
41,3,8,9,0.32142857142857145,0.5,5,0.07860046962437321,0.06191343607072867
41,3,8,9,0.32142857142857145,0.5,7,0.056093927518262386,0.04414716046733814
41,3,8,9,0.32142857142857145,0.5,9,0.04360800632237024,0.03430726071160524
41,3,8,9,0.32142857142857145,0.5,11,0.03566875538123301,0.02805536785320934
41,3,8,9,0.32142857142857145,0.5,13,0.03017516914988726,0.023731254734005336
41,3,8,9,0.32142857142857145,0.5,15,0.026147981022301345,0.0205622526082299
41,3,8,9,0.32142857142857145,0.5,17,0.0230691799910795,0.01813999568329859
41,3,8,9,0.32142857142857145,0.5,19,0.020639041059101183,0.016228335517865785
41,3,8,9,0.32142857142857145,1.0,1,1.2027308683697135,1.0647795081755362
41,3,8,9,0.32142857142857145,1.0,3,0.39005730276971595,0.3068052637976746
41,3,8,9,0.32142857142857145,1.0,5,0.23324558165102038,0.1814362004798883
41,3,8,9,0.32142857142857145,1.0,7,0.1663591736150116,0.12895094219983538
41,3,8,9,0.32142857142857145,1.0,9,0.12928328646301165,0.10005599188314615
41,3,8,9,0.32142857142857145,1.0,11,0.10572093064432632,0.08175266384313795
41,3,8,9,0.32142857142857145,1.0,13,0.08942298433215468,0.06911543347708317
41,3,8,9,0.32142857142857145,1.0,15,0.07747873146129315,0.059864439703402855
41,3,8,9,0.32142857142857145,1.0,17,0.06834924082676135,0.05279880852792719
41,3,8,9,0.32142857142857145,1.0,19,0.06114442319232238,0.047225668990138234
42,3,8,9,0.32142857142857145,0.1,1,0.011304597132853794,0.01181082537258101
42,3,8,9,0.32142857142857145,0.1,3,0.0037607664595324594,0.003919335492572691
42,3,8,9,0.32142857142857145,0.1,5,0.0022555546610696416,0.0023496601650287276
42,3,8,9,0.32142857142857145,0.1,7,0.0016108321969329628,0.0016777468954490508
42,3,8,9,0.32142857142857145,0.1,9,0.0012527490013611619,0.0013046653630961625
42,3,8,9,0.32142857142857145,0.1,11,0.0010249136489380059,0.0010673246534848837
42,3,8,9,0.32142857142857145,0.1,13,0.00086719780488931,0.0009030456883151638
42,3,8,9,0.32142857142857145,0.1,15,0.0007515480158854964,0.0007825919525733633
42,3,8,9,0.32142857142857145,0.1,17,0.0006631147965504105,0.0006904902303818126
42,3,8,9,0.32142857142857145,0.1,19,0.0005933020706809754,0.0006177844238223482
42,3,8,9,0.32142857142857145,0.5,1,0.2723502392756816,0.2829672499029407
42,3,8,9,0.32142857142857145,0.5,3,0.08967101615012371,0.09147180763277495
42,3,8,9,0.32142857142857145,0.5,5,0.05367873177272439,0.054631034122032095
42,3,8,9,0.32142857142857145,0.5,7,0.03830294760213165,0.038951031404910456
42,3,8,9,0.32142857142857145,0.5,9,0.029774066452152567,0.03026570737137265
42,3,8,9,0.32142857142857145,0.5,11,0.02435160432834404,0.024747834188211942
42,3,8,9,0.32142857142857145,0.5,13,0.02059990066691892,0.020931817358431422
42,3,8,9,0.32142857142857145,0.5,15,0.017849861581966234,0.018135468611813223
42,3,8,9,0.32142857142857145,0.5,17,0.015747585628866852,0.015998245183326945
42,3,8,9,0.32142857142857145,0.5,19,0.0140883215666585,0.014311666231983848
42,3,8,9,0.32142857142857145,1.0,1,0.9606937362739889,0.9378998812064621
42,3,8,9,0.32142857142857145,1.0,3,0.31619069267181904,0.2969776210962593
42,3,8,9,0.32142857142857145,1.0,5,0.18901832038907,0.17686605538593075
42,3,8,9,0.32142857142857145,1.0,7,0.13474571009014377,0.1259772564377356
42,3,8,9,0.32142857142857145,1.0,9,0.10467499440162832,0.09783881171887424
42,3,8,9,0.32142857142857145,1.0,11,0.08557330671503485,0.07997835281944723
42,3,8,9,0.32142857142857145,1.0,13,0.07236584097659098,0.06763326913446677
42,3,8,9,0.32142857142857145,1.0,15,0.06268951271381414,0.05859016635844591
42,3,8,9,0.32142857142857145,1.0,17,0.05529536444399101,0.05168038802713101
42,3,8,9,0.32142857142857145,1.0,19,0.04946126418183136,0.04622861896492975
43,3,8,9,0.32142857142857145,0.1,1,0.008074072973169494,0.00807407297316949
43,3,8,9,0.32142857142857145,0.1,3,0.0026889771227013976,0.0026889771227016166
43,3,8,9,0.32142857142857145,0.1,5,0.001613272165334563,0.0016132721653348955
43,3,8,9,0.32142857142857145,0.1,7,0.0011523148081307197,0.0011523148081314756
43,3,8,9,0.32142857142857145,0.1,9,0.0008962376644950551,0.0008962376644959353
43,3,8,9,0.32142857142857145,0.1,11,0.0007332823856226659,0.0007332823856229298
43,3,8,9,0.32142857142857145,0.1,13,0.0006204682624958291,0.0006204682624981973
43,3,8,9,0.32142857142857145,0.1,15,0.0005377383732520564,0.0005377383732539277
43,3,8,9,0.32142857142857145,0.1,17,0.00047447457079720606,0.0004744745707997131
43,3,8,9,0.32142857142857145,0.1,19,0.0004245295877683669,0.00042452958777186583
43,3,8,9,0.32142857142857145,0.5,1,0.19245694738269434,0.19245694738269445
43,3,8,9,0.32142857142857145,0.5,3,0.062766754896756,0.0627667548967563
43,3,8,9,0.32142857142857145,0.5,5,0.0375957482193319,0.03759574821933184
43,3,8,9,0.32142857142857145,0.5,7,0.026841488253307105,0.026841488253307597
43,3,8,9,0.32142857142857145,0.5,9,0.020872677430320254,0.020872677430321205
43,3,8,9,0.32142857142857145,0.5,11,0.01707597404136179,0.01707597404136416
43,3,8,9,0.32142857142857145,0.5,13,0.014448087809336282,0.014448087809337639
43,3,8,9,0.32142857142857145,0.5,15,0.012521233811020206,0.01252123381102064
43,3,8,9,0.32142857142857145,0.5,17,0.011047886621545622,0.011047886621546245
43,3,8,9,0.32142857142857145,0.5,19,0.009884787500188999,0.009884787500189758
43,3,8,9,0.32142857142857145,1.0,1,0.6646932388207962,0.6646932388207963
43,3,8,9,0.32142857142857145,1.0,3,0.20438049127527977,0.20438049127528002
43,3,8,9,0.32142857142857145,1.0,5,0.12189369876863641,0.12189369876863655
43,3,8,9,0.32142857142857145,1.0,7,0.08692365965257581,0.08692365965257583
43,3,8,9,0.32142857142857145,1.0,9,0.06756149241935526,0.06756149241935624
43,3,8,9,0.32142857142857145,1.0,11,0.055258603487489066,0.05525860348749021
43,3,8,9,0.32142857142857145,1.0,13,0.046748029112285094,0.04674802911228802
43,3,8,9,0.32142857142857145,1.0,15,0.04050991946041046,0.040509919460411374
43,3,8,9,0.32142857142857145,1.0,17,0.035741069234557374,0.035741069234560066
43,3,8,9,0.32142857142857145,1.0,19,0.031976979654182065,0.03197697965418434
44,3,8,9,0.32142857142857145,0.1,1,0.019989578466631335,0.016282701869104313
44,3,8,9,0.32142857142857145,0.1,3,0.006660423335254199,0.005410910630318793
44,3,8,9,0.32142857142857145,0.1,5,0.003996089575409581,0.003245269509375425
44,3,8,9,0.32142857142857145,0.1,7,0.002854311357589112,0.0023177115609732497
44,3,8,9,0.32142857142857145,0.1,9,0.002220005786590067,0.0018025291144055545
44,3,8,9,0.32142857142857145,0.1,11,0.0018163617304416861,0.0014747292769642097
44,3,8,9,0.32142857142857145,0.1,13,0.001536917855838761,0.0012478096931760922
44,3,8,9,0.32142857142857145,0.1,15,0.0013319933085205419,0.0010814113806147294
44,3,8,9,0.32142857142857145,0.1,17,0.00117528681538235,0.0009541708139295721
44,3,8,9,0.32142857142857145,0.1,19,0.0010515714611931699,0.0008537208476169852
44,3,8,9,0.32142857142857145,0.5,1,0.4449237413773009,0.37024090108837304
44,3,8,9,0.32142857142857145,0.5,3,0.14723839483491616,0.11696782103344261
44,3,8,9,0.32142857142857145,0.5,5,0.08828518905412006,0.06980545002264553
44,3,8,9,0.32142857142857145,0.5,7,0.06304785447345203,0.049775580548647266
44,3,8,9,0.32142857142857145,0.5,9,0.04903256464189219,0.038683365262834786
44,3,8,9,0.32142857142857145,0.5,11,0.040115423359516206,0.03163571229201181
44,3,8,9,0.32142857142857145,0.5,13,0.0339426864853057,0.026760994682220193
44,3,8,9,0.32142857142857145,0.5,15,0.029416326388879477,0.02318829361511426
44,3,8,9,0.32142857142857145,0.5,17,0.025955157134152664,0.02045733573400353
44,3,8,9,0.32142857142857145,0.5,19,0.02322274949572957,0.01830195424165998
44,3,8,9,0.32142857142857145,1.0,1,1.255921207647069,1.1063863947605523
44,3,8,9,0.32142857142857145,1.0,3,0.4166548209760804,0.3053075932554355
44,3,8,9,0.32142857142857145,1.0,5,0.24954661731844022,0.17945031829073363
44,3,8,9,0.32142857142857145,1.0,7,0.17808030859242754,0.1273525972992392
44,3,8,9,0.32142857142857145,1.0,9,0.1384290697037641,0.09875836754729583
44,3,8,9,0.32142857142857145,1.0,11,0.11321805809394495,0.08066862122034359
44,3,8,9,0.32142857142857145,1.0,13,0.09577467013255626,0.06818715230672923
44,3,8,9,0.32142857142857145,1.0,15,0.08298843661002374,0.05905379534343874
44,3,8,9,0.32142857142857145,1.0,17,0.07321398850627396,0.05207980652103407
44,3,8,9,0.32142857142857145,1.0,19,0.06549934660384478,0.04657993341029664
45,3,8,9,0.32142857142857145,0.1,1,0.018069697176373176,0.016422349825096636
45,3,8,9,0.32142857142857145,0.1,3,0.006016683174641708,0.005465919708629487
45,3,8,9,0.32142857142857145,0.1,5,0.003609370918055234,0.00327901640899632
45,3,8,9,0.32142857142857145,0.1,7,0.0025779369194040354,0.002342023505289123
45,3,8,9,0.32142857142857145,0.1,9,0.002004984135637285,0.0018215238284050412
45,3,8,9,0.32142857142857145,0.1,11,0.0016404016361950221,0.0014903136575914204
45,3,8,9,0.32142857142857145,0.1,13,0.0013880090084186607,0.0012610213404008173
45,3,8,9,0.32142857142857145,0.1,15,0.0012029265409775247,0.0010928770639878611
45,3,8,9,0.32142857142857145,0.1,17,0.0010613959760966683,0.00096429800461446
45,3,8,9,0.32142857142857145,0.1,19,0.0009496631951769676,0.000862789313612166
45,3,8,9,0.32142857142857145,0.5,1,0.408387047939917,0.3745953040665011
45,3,8,9,0.32142857142857145,0.5,3,0.13470111372918578,0.12133893899460452
45,3,8,9,0.32142857142857145,0.5,5,0.08073152139972875,0.07260984788914468
45,3,8,9,0.32142857142857145,0.5,7,0.05764140314274414,0.05182259809301871
45,3,8,9,0.32142857142857145,0.5,9,0.044822450201262416,0.040292081549541434
45,3,8,9,0.32142857142857145,0.5,11,0.03666801301513204,0.032959852249246246
45,3,8,9,0.32142857142857145,0.5,13,0.031023976138328628,0.02788578061668904
45,3,8,9,0.32142857142857145,0.5,15,0.02688569353834963,0.02416575347522858
45,3,8,9,0.32142857142857145,0.5,17,0.0237215031682371,0.021321521981620753
45,3,8,9,0.32142857142857145,0.5,19,0.021223686160185665,0.01907635496577149
45,3,8,9,0.32142857142857145,1.0,1,1.1939780100088895,1.145288305579516
45,3,8,9,0.32142857142857145,1.0,3,0.3979897292142166,0.35808350715337234
45,3,8,9,0.32142857142857145,1.0,5,0.23924348827934014,0.21349336648652234
45,3,8,9,0.32142857142857145,1.0,7,0.17096586959163526,0.15221530154335774
45,3,8,9,0.32142857142857145,1.0,9,0.1329938057366947,0.11829667991871093
45,3,8,9,0.32142857142857145,1.0,11,0.10881957095115241,0.09674836662631596
45,3,8,9,0.32142857142857145,1.0,13,0.09208026136837005,0.08184400405493902
45,3,8,9,0.32142857142857145,1.0,15,0.0798035312413303,0.07092026667689923
45,3,8,9,0.32142857142857145,1.0,17,0.07041493772231076,0.06256990726178159
45,3,8,9,0.32142857142857145,1.0,19,0.06300267406485192,0.05597921636404126
46,3,8,9,0.32142857142857145,0.1,1,0.012871938942983592,0.01294605876005235
46,3,8,9,0.32142857142857145,0.1,3,0.004281018132042399,0.004305886858427678
46,3,8,9,0.32142857142857145,0.1,5,0.002567466850827739,0.002582845603331284
46,3,8,9,0.32142857142857145,0.1,7,0.0018335549812511312,0.0018447121608255526
46,3,8,9,0.32142857142857145,0.1,9,0.0014259471556518888,0.0014347059724026422
46,3,8,9,0.32142857142857145,0.1,11,0.0011666053378627382,0.0011738158135111971
46,3,8,9,0.32142857142857145,0.1,13,0.0009870814934849997,0.0009932093093310518
46,3,8,9,0.32142857142857145,0.1,15,0.000855441328884438,0.0008607693831752208
46,3,8,9,0.32142857142857145,0.1,17,0.0007547814035382212,0.000759494462563438
46,3,8,9,0.32142857142857145,0.1,19,0.0006753167652263637,0.0006795421681939399
46,3,8,9,0.32142857142857145,0.5,1,0.308486576796717,0.2967025874100056
46,3,8,9,0.32142857142857145,0.5,3,0.10201492634089743,0.09502535613603377
46,3,8,9,0.32142857142857145,0.5,5,0.06112848596677249,0.05681464570396238
46,3,8,9,0.32142857142857145,0.5,7,0.04363805415059142,0.040538069399755385
46,3,8,9,0.32142857142857145,0.5,9,0.03392965646201638,0.031514178314863965
46,3,8,9,0.32142857142857145,0.5,11,0.02775480541599979,0.025777354913594275
46,3,8,9,0.32142857142857145,0.5,13,0.023481395513009998,0.02180793180256191
46,3,8,9,0.32142857142857145,0.5,15,0.020348342693096287,0.018898054993505237
46,3,8,9,0.32142857142857145,0.5,17,0.01795292824921089,0.016673394534414316
46,3,8,9,0.32142857142857145,0.5,19,0.01606208846708149,0.014917390468780161
46,3,8,9,0.32142857142857145,1.0,1,1.033979601890652,0.9149272010942356
46,3,8,9,0.32142857142857145,1.0,3,0.3549940261481939,0.26567792213057045
46,3,8,9,0.32142857142857145,1.0,5,0.2135548579592862,0.15772431920880473
46,3,8,9,0.32142857142857145,1.0,7,0.15260201237639678,0.11231247281150321
46,3,8,9,0.32142857142857145,1.0,9,0.11869753206674924,0.08723666176183541
46,3,8,9,0.32142857142857145,1.0,11,0.09711399658173517,0.0713241619416668
46,3,8,9,0.32142857142857145,1.0,13,0.08216991653639806,0.06032496183013217
46,3,8,9,0.32142857142857145,1.0,15,0.07121075360477983,0.0522666540859455
46,3,8,9,0.32142857142857145,1.0,17,0.06283039326859453,0.04610838646272973
46,3,8,9,0.32142857142857145,1.0,19,0.056214551902286615,0.04124880792997036
47,3,8,9,0.32142857142857145,0.1,1,0.01646950175374024,0.01209678617135719
47,3,8,9,0.32142857142857145,0.1,3,0.0054822342640122495,0.00401304175437197
47,3,8,9,0.32142857142857145,0.1,5,0.003288726011362736,0.002405956237826007
47,3,8,9,0.32142857142857145,0.1,7,0.002348923797592603,0.0017180002156956334
47,3,8,9,0.32142857142857145,0.1,9,0.0018268733413373572,0.0013359955672309239
47,3,8,9,0.32142857142857145,0.1,11,0.0014946808137060923,0.0010929711611976914
47,3,8,9,0.32142857142857145,0.1,13,0.00126471067586673,0.0009247544906537624
47,3,8,9,0.32142857142857145,0.1,15,0.0010960705901199256,0.0008014114874501259
47,3,8,9,0.32142857142857145,0.1,17,0.0009671131332243426,0.0007070993442493974
47,3,8,9,0.32142857142857145,0.1,19,0.0008653061817466315,0.0006326478408726215
47,3,8,9,0.32142857142857145,0.5,1,0.37906626523551207,0.2887842361715688
47,3,8,9,0.32142857142857145,0.5,3,0.12355481863293571,0.09118801307518844
47,3,8,9,0.32142857142857145,0.5,5,0.0739499075484203,0.05433798123467457
47,3,8,9,0.32142857142857145,0.5,7,0.05277844208903135,0.03871635996525974
47,3,8,9,0.32142857142857145,0.5,9,0.0410340489193015,0.030074758759655595
47,3,8,9,0.32142857142857145,0.5,11,0.0335658870021176,0.024587993051188313
47,3,8,9,0.32142857142857145,0.5,13,0.028397874650143526,0.020794753462278045
47,3,8,9,0.32142857142857145,0.5,15,0.024609074980941146,0.018015663512252107
47,3,8,9,0.32142857142857145,0.5,17,0.021712332314054162,0.015891917866597643
47,3,8,9,0.32142857142857145,0.5,19,0.019425763637564167,0.014216133278072658
47,3,8,9,0.32142857142857145,1.0,1,1.1694785030711974,0.9613592058601855
47,3,8,9,0.32142857142857145,1.0,3,0.36017478301763767,0.26932654522000044
47,3,8,9,0.32142857142857145,1.0,5,0.21358062276968864,0.15767984262994858
47,3,8,9,0.32142857142857145,1.0,7,0.15196398194017308,0.11165379004757932
47,3,8,9,0.32142857142857145,1.0,9,0.1179756577515054,0.08646669918141255
47,3,8,9,0.32142857142857145,1.0,11,0.09642351456926904,0.07056428483153249
47,3,8,9,0.32142857142857145,1.0,13,0.0815339458830232,0.05960757096052204
47,3,8,9,0.32142857142857145,1.0,15,0.07062976113115164,0.05159839000167356
47,3,8,9,0.32142857142857145,1.0,17,0.06229916861489872,0.04548774251691251
47,3,8,9,0.32142857142857145,1.0,19,0.0557269583147075,0.04067181540428951
48,3,8,9,0.32142857142857145,0.1,1,0.009342506024574752,0.011069150018502819
48,3,8,9,0.32142857142857145,0.1,3,0.003086313691586777,0.0036796627875639244
48,3,8,9,0.32142857142857145,0.1,5,0.0018485679234148274,0.0022069743324468114
48,3,8,9,0.32142857142857145,0.1,7,0.0013194446273415165,0.001576186373578163
48,3,8,9,0.32142857142857145,0.1,9,0.0010258299095411384,0.0012258317008421108
48,3,8,9,0.32142857142857145,0.1,11,0.0008391099378468606,0.0010029075476616835
48,3,8,9,0.32142857142857145,0.1,13,0.0007098987339558352,0.0008485879997255135
48,3,8,9,0.32142857142857145,0.1,15,0.0006151727576204678,0.0007354266604001336
48,3,8,9,0.32142857142857145,0.1,17,0.000542751481362435,0.0006488950491746832
48,3,8,9,0.32142857142857145,0.1,19,0.0004855865634162618,0.0005805827422078344
48,3,8,9,0.32142857142857145,0.5,1,0.233872964713737,0.2631991518781062
48,3,8,9,0.32142857142857145,0.5,3,0.07474112355368132,0.08478705647942039
48,3,8,9,0.32142857142857145,0.5,5,0.04454278699333299,0.05073610975773119
48,3,8,9,0.32142857142857145,0.5,7,0.03173124117337186,0.03621303470396193
48,3,8,9,0.32142857142857145,0.5,9,0.024644956150910568,0.028156905515751215
48,3,8,9,0.32142857142857145,0.5,11,0.02014652766658183,0.023033766971691468
48,3,8,9,0.32142857142857145,0.5,13,0.01703706543888929,0.019488277907674184
48,3,8,9,0.32142857142857145,0.5,15,0.014759233621858232,0.016888826877797854
48,3,8,9,0.32142857142857145,0.5,17,0.01301872299319618,0.014901297673543932
48,3,8,9,0.32142857142857145,0.5,19,0.011645452714133399,0.013332351708814201
48,3,8,9,0.32142857142857145,1.0,1,0.8451757076742947,0.8761074324226983
48,3,8,9,0.32142857142857145,1.0,3,0.2678390608057261,0.26339401827219316
48,3,8,9,0.32142857142857145,1.0,5,0.15941448748130702,0.1563683384300128
48,3,8,9,0.32142857142857145,1.0,7,0.11345459801657401,0.11128512781035764
48,3,8,9,0.32142857142857145,1.0,9,0.08805941635051148,0.086400598468823
48,3,8,9,0.32142857142857145,1.0,11,0.07195180509504437,0.07061749420549197
48,3,8,9,0.32142857142857145,1.0,13,0.060824992469714144,0.05971252340069904
48,3,8,9,0.32142857142857145,1.0,15,0.052678302492495686,0.05172612204765019
48,3,8,9,0.32142857142857145,1.0,17,0.04645596083026777,0.04562459824591186
48,3,8,9,0.32142857142857145,1.0,19,0.04154819952431071,0.040810963057511314
49,3,8,9,0.32142857142857145,0.1,1,0.014116953867457383,0.015089935962935896
49,3,8,9,0.32142857142857145,0.1,3,0.004703045018969991,0.0050205225842198005
49,3,8,9,0.32142857142857145,0.1,5,0.002821546839675885,0.0030109275401177765
49,3,8,9,0.32142857142857145,0.1,7,0.002015307080176603,0.002150220221429671
49,3,8,9,0.32142857142857145,0.1,9,0.001567425421339395,0.0016721987691298713
49,3,8,9,0.32142857142857145,0.1,11,0.0012824205596598274,0.0013680601399618738
49,3,8,9,0.32142857142857145,0.1,13,0.001085114349737751,0.0011575288885348623
49,3,8,9,0.32142857142857145,0.1,15,0.0009404256344837216,0.0010031530870550948
49,3,8,9,0.32142857142857145,0.1,17,0.0008297827467622734,0.0008851089250427249
49,3,8,9,0.32142857142857145,0.1,19,0.0007424339672990046,0.0007919210392308193
49,3,8,9,0.32142857142857145,0.5,1,0.333526073025961,0.3538963502808282
49,3,8,9,0.32142857142857145,0.5,3,0.1107820440126245,0.11856478674426729
49,3,8,9,0.32142857142857145,0.5,5,0.0664335938512656,0.07103952953818218
49,3,8,9,0.32142857142857145,0.5,7,0.04744187697054387,0.05070001244342615
49,3,8,9,0.32142857142857145,0.5,9,0.03689464072097915,0.03941257910863206
49,3,8,9,0.32142857142857145,0.5,11,0.03018413478515699,0.032235123208199865
49,3,8,9,0.32142857142857145,0.5,13,0.02553902296198653,0.027268841555534915
49,3,8,9,0.32142857142857145,0.5,15,0.022132931159494273,0.023628402939909737
49,3,8,9,0.32142857142857145,0.5,17,0.019528457309008353,0.0208454295073113
49,3,8,9,0.32142857142857145,0.5,19,0.01747240670277709,0.01864890673452254
49,3,8,9,0.32142857142857145,1.0,1,1.1061474980427246,1.1309407522598542
49,3,8,9,0.32142857142857145,1.0,3,0.3720576102782978,0.40075381118964004
49,3,8,9,0.32142857142857145,1.0,5,0.22317428596914735,0.24032825501444866
49,3,8,9,0.32142857142857145,1.0,7,0.15936204350700267,0.1714103973450519
49,3,8,9,0.32142857142857145,1.0,9,0.12392116549801754,0.13316785705038062
49,3,8,9,0.32142857142857145,1.0,11,0.101373985368728,0.10886411995801551
49,3,8,9,0.32142857142857145,1.0,13,0.08576781718221733,0.09205745557909771
49,3,8,9,0.32142857142857145,1.0,15,0.07432529764918289,0.07974390970122226
49,3,8,9,0.32142857142857145,1.0,17,0.06557637395915018,0.07033474007347389
49,3,8,9,0.32142857142857145,1.0,19,0.05867013101841922,0.0629110513385041
50,3,8,9,0.32142857142857145,0.1,1,0.016276588437236873,0.014953411060032559
50,3,8,9,0.32142857142857145,0.1,3,0.0054182766577479955,0.004960359986395371
50,3,8,9,0.32142857142857145,0.1,5,0.003250356854090347,0.0029736120669383048
50,3,8,9,0.32142857142857145,0.1,7,0.002321516067465189,0.0021232332302947615
50,3,8,9,0.32142857142857145,0.1,9,0.0018055551237265476,0.0016510729949706586
50,3,8,9,0.32142857142857145,0.1,11,0.0014772378885260804,0.0013507071083368341
50,3,8,9,0.32142857142857145,0.1,13,0.0012499507713780607,0.001142806483478048
50,3,8,9,0.32142857142857145,0.1,15,0.0010832783201779866,0.0009903692632811508
50,3,8,9,0.32142857142857145,0.1,17,0.000955825582607552,0.0008738128271858443
50,3,8,9,0.32142857142857145,0.1,19,0.0008552066066498499,0.0007818026408729448
50,3,8,9,0.32142857142857145,0.5,1,0.3723563741208853,0.35520882904186174
50,3,8,9,0.32142857142857145,0.5,3,0.12175709747508294,0.11410722433506655
50,3,8,9,0.32142857142857145,0.5,5,0.07290188008641979,0.06805512684547363
50,3,8,9,0.32142857142857145,0.5,7,0.05203560835418531,0.048495209857141335
50,3,8,9,0.32142857142857145,0.5,9,0.040458012871288515,0.0376705853074759
50,3,8,9,0.32142857142857145,0.5,11,0.03309524609989711,0.030797075302344205
50,3,8,9,0.32142857142857145,0.5,13,0.027999935816118093,0.026045068397381983
50,3,8,9,0.32142857142857145,0.5,15,0.02426434119578626,0.02256361005797784
50,3,8,9,0.32142857142857145,0.5,17,0.021408233395071613,0.019903198640939857
50,3,8,9,0.32142857142857145,0.5,19,0.019153718714873615,0.017804010667562948
50,3,8,9,0.32142857142857145,1.0,1,1.1302560177428793,1.1530745627535854
50,3,8,9,0.32142857142857145,1.0,3,0.36181657140520074,0.36132450881455946
50,3,8,9,0.32142857142857145,1.0,5,0.21556026127013492,0.21379469227793615
50,3,8,9,0.32142857142857145,1.0,7,0.15355432710320807,0.15185786458522932
50,3,8,9,0.32142857142857145,1.0,9,0.11926290044563012,0.11775767071215212
50,3,8,9,0.32142857142857145,1.0,11,0.0974950891637665,0.09616736437534139
50,3,8,9,0.32142857142857145,1.0,13,0.0824484337402883,0.08126879812780716
50,3,8,9,0.32142857142857145,1.0,15,0.07142591414758383,0.07036791730446222
50,3,8,9,0.32142857142857145,1.0,17,0.0630034104017014,0.06204585466395312
50,3,8,9,0.32142857142857145,1.0,19,0.05635794082901896,0.05548421676319607
51,3,8,9,0.32142857142857145,0.1,1,0.013073910557166474,0.011682214406759662
51,3,8,9,0.32142857142857145,0.1,3,0.004355164726772856,0.003893925779348702
51,3,8,9,0.32142857142857145,0.1,5,0.0026129637424709188,0.002336348320280273
51,3,8,9,0.32142857142857145,0.1,7,0.0018663760797173884,0.0016688188193567934
51,3,8,9,0.32142857142857145,0.1,9,0.001451617327141561,0.0012979697414392405
51,3,8,9,0.32142857142857145,0.1,11,0.0011876833782692186,0.0010619750559925736
51,3,8,9,0.32142857142857145,0.1,13,0.0010049611426417118,0.0008985941871282846
51,3,8,9,0.32142857142857145,0.1,15,0.000870965390589082,0.0007787815793485354
51,3,8,9,0.32142857142857145,0.1,17,0.0007684983238439158,0.0006871601878848517
51,3,8,9,0.32142857142857145,0.1,19,0.0006876034182563758,0.0006148275182142918
51,3,8,9,0.32142857142857145,0.5,1,0.3159649667778429,0.2734696541606202
51,3,8,9,0.32142857142857145,0.5,3,0.10405960347479032,0.09111414719314771
51,3,8,9,0.32142857142857145,0.5,5,0.062368230634072916,0.0546639485684564
51,3,8,9,0.32142857142857145,0.5,7,0.044535324548565104,0.03904473655061637
51,3,8,9,0.32142857142857145,0.5,9,0.03463428123895333,0.03036782258443286
51,3,8,9,0.32142857142857145,0.5,11,0.028335354279542323,0.024846272780121487
51,3,8,9,0.32142857142857145,0.5,13,0.023975199799804028,0.02102370699963363
51,3,8,9,0.32142857142857145,0.5,15,0.020778033681380002,0.01822051213310114
51,3,8,9,0.32142857142857145,0.5,17,0.01833328025101891,0.01607690243354895
51,3,8,9,0.32142857142857145,0.5,19,0.016403286287856127,0.014384584332293589
51,3,8,9,0.32142857142857145,1.0,1,1.0936938516449426,0.8871644631485583
51,3,8,9,0.32142857142857145,1.0,3,0.3620924266124595,0.2955877068967095
51,3,8,9,0.32142857142857145,1.0,5,0.21667166076748373,0.17717165450234254
51,3,8,9,0.32142857142857145,1.0,7,0.15464314902539492,0.1265118947852276
51,3,8,9,0.32142857142857145,1.0,9,0.1202381420267498,0.09838520234775584
51,3,8,9,0.32142857142857145,1.0,11,0.09836002368684632,0.08049155892003235
51,3,8,9,0.32142857142857145,1.0,13,0.0832195823036315,0.06810558496736903
51,3,8,9,0.32142857142857145,1.0,15,0.07211920663017556,0.05902338990438072
51,3,8,9,0.32142857142857145,1.0,17,0.06363197693003997,0.052078604291297396
51,3,8,9,0.32142857142857145,1.0,19,0.0569322304523666,0.04659610714569284
52,3,8,9,0.32142857142857145,0.1,1,0.01452236088228944,0.015240712594336696
52,3,8,9,0.32142857142857145,0.1,3,0.004832641212827994,0.005062180148366631
52,3,8,9,0.32142857142857145,0.1,5,0.002898829730582737,0.0030355940887895547
52,3,8,9,0.32142857142857145,0.1,7,0.002070377802762964,0.002167790030930231
52,3,8,9,0.32142857142857145,0.1,9,0.001610204288528027,0.0016858532667808725
52,3,8,9,0.32142857142857145,0.1,11,0.0013173942429684517,0.0013792294637057767
52,3,8,9,0.32142857142857145,0.1,13,0.0011146918616116881,0.0011669795792867766
52,3,8,9,0.32142857142857145,0.1,15,0.0009660497108933145,0.0010113440564246741
52,3,8,9,0.32142857142857145,0.1,17,0.0008523857114638416,0.0008923367760331647
52,3,8,9,0.32142857142857145,0.1,19,0.0007626531124801819,0.0007983885852870931
52,3,8,9,0.32142857142857145,0.5,1,0.3401774752955749,0.35287665201365537
52,3,8,9,0.32142857142857145,0.5,3,0.11120188679893613,0.11255666028062246
52,3,8,9,0.32142857142857145,0.5,5,0.06657732262884337,0.06716865233345562
52,3,8,9,0.32142857142857145,0.5,7,0.04751916554924539,0.04788406602472976
52,3,8,9,0.32142857142857145,0.5,9,0.036945365849367334,0.03720647177232328
52,3,8,9,0.32142857142857145,0.5,11,0.030221231910332366,0.030423696376316096
52,3,8,9,0.32142857142857145,0.5,13,0.025568019242872827,0.02573304684386042
52,3,8,9,0.32142857142857145,0.5,15,0.02215662456187361,0.022295766419787002
52,3,8,9,0.32142857142857145,0.5,17,0.01954843655035601,0.01966864726338127
52,3,8,9,0.32142857142857145,0.5,19,0.01748965170706454,0.017595431031274426
52,3,8,9,0.32142857142857145,1.0,1,1.0873814491680298,1.0921537844548685
52,3,8,9,0.32142857142857145,1.0,3,0.3456304485576567,0.31412906655493167
52,3,8,9,0.32142857142857145,1.0,5,0.20633272430744623,0.18473681752219756
52,3,8,9,0.32142857142857145,1.0,7,0.14711096933364837,0.13098949711397964
52,3,8,9,0.32142857142857145,1.0,9,0.11431310886028517,0.10150035001465034
52,3,8,9,0.32142857142857145,1.0,11,0.09347647401252726,0.08285900553220281
52,3,8,9,0.32142857142857145,1.0,13,0.07906594094673025,0.07000647062629693
52,3,8,9,0.32142857142857145,1.0,15,0.06850557762217185,0.060607535657514346
52,3,8,9,0.32142857142857145,1.0,17,0.06043406294778944,0.05343456321256711
52,3,8,9,0.32142857142857145,1.0,19,0.054064230594349935,0.047780282554569495
53,3,8,9,0.32142857142857145,0.1,1,0.014397806393018733,0.015641679347362474
53,3,8,9,0.32142857142857145,0.1,3,0.0047699094689627655,0.005205491859604001
53,3,8,9,0.32142857142857145,0.1,5,0.0028590271541623804,0.0031227345008668045
53,3,8,9,0.32142857142857145,0.1,7,0.0020413150882579285,0.0022303846104827266
53,3,8,9,0.32142857142857145,0.1,9,0.0015873328982148455,0.0017346893963703868
53,3,8,9,0.32142857142857145,0.1,11,0.0012985441320774297,0.0014192650251816732
53,3,8,9,0.32142857142857145,0.1,13,0.001098662155250608,0.0012009018904737294
53,3,8,9,0.32142857142857145,0.1,15,0.000952107031936954,0.0010407726467543293
53,3,8,9,0.32142857142857145,0.1,17,0.0008400495980214297,0.0009183229057369338
53,3,8,9,0.32142857142857145,0.1,19,0.0007515917893604199,0.0008216532602592723
53,3,8,9,0.32142857142857145,0.5,1,0.3410995697689369,0.36586474284281034
53,3,8,9,0.32142857142857145,0.5,3,0.10703758699278075,0.1186495479089523
53,3,8,9,0.32142857142857145,0.5,5,0.06360041556150053,0.07104160612962337
53,3,8,9,0.32142857142857145,0.5,7,0.04525682197434701,0.05071090396636107
53,3,8,9,0.32142857142857145,0.5,9,0.03512950965440359,0.039430079228634535
53,3,8,9,0.32142857142857145,0.5,11,0.028707065811621118,0.03225566317498352
53,3,8,9,0.32142857142857145,0.5,13,0.024270459815027956,0.027290455081941986
53,3,8,9,0.32142857142857145,0.5,15,0.021021841697324396,0.023650091563932784
53,3,8,9,0.32142857142857145,0.5,17,0.01854033379570441,0.020866696111158982
53,3,8,9,0.32142857142857145,0.5,19,0.016582889342441964,0.018669512799621025
53,3,8,9,0.32142857142857145,1.0,1,1.0994439768776068,1.1613216760742697
53,3,8,9,0.32142857142857145,1.0,3,0.33744252934156704,0.3718417456709463
53,3,8,9,0.32142857142857145,1.0,5,0.19825344892888672,0.22145640231545052
53,3,8,9,0.32142857142857145,1.0,7,0.1402738489132707,0.1576519410173397
53,3,8,9,0.32142857142857145,1.0,9,0.10851433928248853,0.12238449793558664
53,3,8,9,0.32142857142857145,1.0,11,0.08847528292515529,0.10001018099888484
53,3,8,9,0.32142857142857145,1.0,13,0.07468130745478152,0.08455192896543763
53,3,8,9,0.32142857142857145,1.0,15,0.06460729814500672,0.07323245147805016
53,3,8,9,0.32142857142857145,1.0,17,0.05692753755027925,0.06458587892238622
53,3,8,9,0.32142857142857145,1.0,19,0.05087926989318063,0.05776546518230005
54,3,8,9,0.32142857142857145,0.1,1,0.01482196405843493,0.016379435451076504
54,3,8,9,0.32142857142857145,0.1,3,0.0049348019667293285,0.005431655722974296
54,3,8,9,0.32142857142857145,0.1,5,0.002960306508958732,0.003255847625185587
54,3,8,9,0.32142857142857145,0.1,7,0.0021143378124176488,0.002324658802038535
54,3,8,9,0.32142857142857145,0.1,9,0.0016444146981351739,0.0018076621788015172
54,3,8,9,0.32142857142857145,0.1,11,0.0013453941757445298,0.0014787860438028834
54,3,8,9,0.32142857142857145,0.1,13,0.0011383895621405848,0.00125115769432179
54,3,8,9,0.32142857142857145,0.1,15,0.0009865911037060073,0.0010842587903787085
54,3,8,9,0.32142857142857145,0.1,17,0.0008705127149888594,0.0009566464711952111
54,3,8,9,0.32142857142857145,0.1,19,0.0007788735747406559,0.0008559098323986255
54,3,8,9,0.32142857142857145,0.5,1,0.3397031842603403,0.388255373618571
54,3,8,9,0.32142857142857145,0.5,3,0.11199595939758424,0.12496791630093959
54,3,8,9,0.32142857142857145,0.5,5,0.06712099475357239,0.07459872109398785
54,3,8,9,0.32142857142857145,0.5,7,0.04792357760244783,0.05317777058404107
54,3,8,9,0.32142857142857145,0.5,9,0.037265889096322655,0.04131616589228399
54,3,8,9,0.32142857142857145,0.5,11,0.030486289759941124,0.03378163301620762
54,3,8,9,0.32142857142857145,0.5,13,0.02579382744194577,0.02857149524855288
54,3,8,9,0.32142857142857145,0.5,15,0.022353242414280963,0.024753821218425016
54,3,8,9,0.32142857142857145,0.5,17,0.019722514472663107,0.02183616256126096
54,3,8,9,0.32142857142857145,0.5,19,0.017645808395903184,0.019533800017614688
54,3,8,9,0.32142857142857145,1.0,1,1.0411862843354567,1.2267533826594623
54,3,8,9,0.32142857142857145,1.0,3,0.3487065141764062,0.37814477792557816
54,3,8,9,0.32142857142857145,1.0,5,0.20934046338763196,0.22472503489704193
54,3,8,9,0.32142857142857145,1.0,7,0.1495207451682452,0.15999748087551963
54,3,8,9,0.32142857142857145,1.0,9,0.11628219126932382,0.124245180192754
54,3,8,9,0.32142857142857145,1.0,11,0.09513150835437388,0.10156061167440754
54,3,8,9,0.32142857142857145,1.0,13,0.0804900551852589,0.08588363182739457
54,3,8,9,0.32142857142857145,1.0,15,0.06975395424222733,0.0744006449718761
54,3,8,9,0.32142857142857145,1.0,17,0.06154465522191132,0.06562683841374646
54,3,8,9,0.32142857142857145,1.0,19,0.05506408369328156,0.0587044412232203
55,3,8,9,0.32142857142857145,0.1,1,0.01751169745976678,0.014871077830665637
55,3,8,9,0.32142857142857145,0.1,3,0.0058305471669206676,0.0049430318007356484
55,3,8,9,0.32142857142857145,0.1,5,0.003497654252328352,0.0029644746150160753
55,3,8,9,0.32142857142857145,0.1,7,0.002498127516369782,0.0021170942923722396
55,3,8,9,0.32142857142857145,0.1,9,0.0019429048691143424,0.0016464662427113565
55,3,8,9,0.32142857142857145,0.1,11,0.001589606700239547,0.0013470255215377762
55,3,8,9,0.32142857142857145,0.1,13,0.001345027011506473,0.001139742637954901
55,3,8,9,0.32142857142857145,0.1,15,0.0011656744085298196,0.000987746580609364
55,3,8,9,0.32142857142857145,0.1,17,0.0010285257219160612,0.0008715207349357122
55,3,8,9,0.32142857142857145,0.1,19,0.0009202524527441589,0.0007797673945095724
55,3,8,9,0.32142857142857145,0.5,1,0.39403180539860766,0.34155694171142265
55,3,8,9,0.32142857142857145,0.5,3,0.12986616949089644,0.11014182524611103
55,3,8,9,0.32142857142857145,0.5,5,0.07780019555342711,0.06585815405363422
55,3,8,9,0.32142857142857145,0.5,7,0.05553693837875188,0.04698591207223401
55,3,8,9,0.32142857142857145,0.5,9,0.04318080126754523,0.03652327895976862
55,3,8,9,0.32142857142857145,0.5,11,0.03532225887648197,0.029872399006821666
55,3,8,9,0.32142857142857145,0.5,13,0.02988372225260282,0.025270933507402508
55,3,8,9,0.32142857142857145,0.5,15,0.025896485429837027,0.02189798564908623
55,3,8,9,0.32142857142857145,0.5,17,0.02284800092495238,0.019319467499768747
55,3,8,9,0.32142857142857145,0.5,19,0.020441654570152703,0.017284264034277956
55,3,8,9,0.32142857142857145,1.0,1,1.1386406044339024,1.0350565754283179
55,3,8,9,0.32142857142857145,1.0,3,0.37953863337578897,0.3154519772965735
55,3,8,9,0.32142857142857145,1.0,5,0.22737081028288555,0.18738056726565896
55,3,8,9,0.32142857142857145,1.0,7,0.16220297432195685,0.13335888838134904
55,3,8,9,0.32142857142857145,1.0,9,0.12604955135157858,0.10353797086200492
55,3,8,9,0.32142857142857145,1.0,11,0.1030690181069002,0.08462414947418137
55,3,8,9,0.32142857142857145,1.0,13,0.08717335147342645,0.07155627500148232
55,3,8,9,0.32142857142857145,1.0,15,0.07552447469282864,0.061985932359169285
55,3,8,9,0.32142857142857145,1.0,17,0.06662133433713191,0.054674330102311715
55,3,8,9,0.32142857142857145,1.0,19,0.05959562582403721,0.048906046163688904
56,3,8,9,0.32142857142857145,0.1,1,0.017221912135987016,0.012567165899645799
56,3,8,9,0.32142857142857145,0.1,3,0.005713538413478417,0.004182264286314553
56,3,8,9,0.32142857142857145,0.1,5,0.003424967853124257,0.0025090024976570117
56,3,8,9,0.32142857142857145,0.1,7,0.0024454473982045938,0.0017920692286545878
56,3,8,9,0.32142857142857145,0.1,9,0.0019016021829619866,0.001393805821873963
56,3,8,9,0.32142857142857145,0.1,11,0.0015556420664422973,0.0011403752148641548
56,3,8,9,0.32142857142857145,0.1,13,0.0013161871905515243,0.0009649270127440726
56,3,8,9,0.32142857142857145,0.1,15,0.00114061599832934,0.0008362667119098634
56,3,8,9,0.32142857142857145,0.1,17,0.0010063722371910439,0.0007378803029408061
56,3,8,9,0.32142857142857145,0.1,19,0.0009004004488901026,0.0006602073150773784
56,3,8,9,0.32142857142857145,0.5,1,0.40302087224048616,0.2895900965770373
56,3,8,9,0.32142857142857145,0.5,3,0.13084400969543827,0.09296904757353108
56,3,8,9,0.32142857142857145,0.5,5,0.0780926581955762,0.055601702206167065
56,3,8,9,0.32142857142857145,0.5,7,0.05565463721105875,0.039677333215784205
56,3,8,9,0.32142857142857145,0.5,9,0.043232808603770725,0.03084705185813578
56,3,8,9,0.32142857142857145,0.5,11,0.03534420059741166,0.025232713851578426
56,3,8,9,0.32142857142857145,0.5,13,0.02989020878264124,0.021347770132294306
56,3,8,9,0.32142857142857145,0.5,15,0.02589442793822579,0.018499682459776273
56,3,8,9,0.32142857142857145,0.5,17,0.022841003423850245,0.016322180882154952
56,3,8,9,0.32142857142857145,0.5,19,0.020431732977793347,0.014603351867180203
56,3,8,9,0.32142857142857145,1.0,1,1.2370934669689282,0.9057812826682603
56,3,8,9,0.32142857142857145,1.0,3,0.4016155894113197,0.2660967802139904
56,3,8,9,0.32142857142857145,1.0,5,0.23879374017106514,0.15776471220719732
56,3,8,9,0.32142857142857145,1.0,7,0.16979806800153763,0.11223207149769732
56,3,8,9,0.32142857142857145,1.0,9,0.13171177736959216,0.08711849650498348
56,3,8,9,0.32142857142857145,1.0,11,0.10757375304021069,0.07119607100993829
56,3,8,9,0.32142857142857145,1.0,13,0.09090992062899285,0.060197265523586785
56,3,8,9,0.32142857142857145,1.0,15,0.07871501972066826,0.05214330973582292
56,3,8,9,0.32142857142857145,1.0,17,0.06940422617249234,0.04599080352895529
56,3,8,9,0.32142857142857145,1.0,19,0.062062752196129466,0.04113731492438685
57,3,8,9,0.32142857142857145,0.1,1,0.009982415317956187,0.011014005683524623
57,3,8,9,0.32142857142857145,0.1,3,0.0033273446266754757,0.003667887797669229
57,3,8,9,0.32142857142857145,0.1,5,0.001996400575982773,0.0022005662253956485
57,3,8,9,0.32142857142857145,0.1,7,0.0014259991894875945,0.0015718002429846928
57,3,8,9,0.32142857142857145,0.1,9,0.001109110089429726,0.0012225008078633845
57,3,8,9,0.32142857142857145,0.1,11,0.0009074535474468513,0.0010002235878897824
57,3,8,9,0.32142857142857145,0.1,13,0.0007678452304881035,0.0008463409208744457
57,3,8,9,0.32142857142857145,0.1,15,0.0006654658235239078,0.0007334943146749077
57,3,8,9,0.32142857142857145,0.1,17,0.0005871757013401847,0.0006472001876897558
57,3,8,9,0.32142857142857145,0.1,19,0.0005253677169063415,0.000579073426655254
57,3,8,9,0.32142857142857145,0.5,1,0.2391352071246027,0.262332231343948
57,3,8,9,0.32142857142857145,0.5,3,0.07977129110342067,0.08568744759642333
57,3,8,9,0.32142857142857145,0.5,5,0.04786399715920839,0.05131651942854603
57,3,8,9,0.32142857142857145,0.5,7,0.03418877814110541,0.036635519261669275
57,3,8,9,0.32142857142857145,0.5,9,0.026591335580676344,0.02848814193325462
57,3,8,9,0.32142857142857145,0.5,11,0.021756573104522878,0.023305927666579518
57,3,8,9,0.32142857142857145,0.5,13,0.018409420426480586,0.01971915711701015
57,3,8,9,0.32142857142857145,0.5,15,0.015954837739627806,0.0170892597758901
57,3,8,9,0.32142857142857145,0.5,17,0.014077801940489406,0.015078359616757757
57,3,8,9,0.32142857142857145,0.5,19,0.012595930512996713,0.013490913478402793
57,3,8,9,0.32142857142857145,1.0,1,0.8334647152391521,0.8955165032717209
57,3,8,9,0.32142857142857145,1.0,3,0.28382609846951784,0.2838431305454542
57,3,8,9,0.32142857142857145,1.0,5,0.17046392835237353,0.1691484305361299
57,3,8,9,0.32142857142857145,1.0,7,0.12179049141323517,0.12058095413860666
57,3,8,9,0.32142857142857145,1.0,9,0.0947354601512681,0.0937073855035218
57,3,8,9,0.32142857142857145,1.0,11,0.07751472860426283,0.07663723632132682
57,3,8,9,0.32142857142857145,1.0,13,0.06559127061889132,0.06483104629478771
57,3,8,9,0.32142857142857145,1.0,15,0.0568467889198442,0.05617827189451431
57,3,8,9,0.32142857142857145,1.0,17,0.050159532038366865,0.04956396445977806
57,3,8,9,0.32142857142857145,1.0,19,0.04487995749358135,0.044343503072701976
58,3,8,9,0.32142857142857145,0.1,1,0.011148713849897886,0.011681267918523962
58,3,8,9,0.32142857142857145,0.1,3,0.0037148682893593473,0.0038891282190541172
58,3,8,9,0.32142857142857145,0.1,5,0.0022288556466469,0.0023332546629360336
58,3,8,9,0.32142857142857145,0.1,7,0.0015920268994388455,0.0016665667300795831
58,3,8,9,0.32142857142857145,0.1,9,0.0012382390324079502,0.0012962045664920293
58,3,8,9,0.32142857142857145,0.1,11,0.0010131029601471437,0.0010605252100665586
58,3,8,9,0.32142857142857145,0.1,13,0.0008572401376553706,0.0008973646633297436
58,3,8,9,0.32142857142857145,0.1,15,0.0007429410020808299,0.0007777145070144482
58,3,8,9,0.32142857142857145,0.1,17,0.0006555359126228773,0.0006862177777659782
58,3,8,9,0.32142857142857145,0.1,19,0.0005865319656680643,0.0006139837597637607
58,3,8,9,0.32142857142857145,0.5,1,0.26050551828873175,0.27309963083837113
58,3,8,9,0.32142857142857145,0.5,3,0.08613180634816886,0.08850463567524257
58,3,8,9,0.32142857142857145,0.5,5,0.05165118999882637,0.05297984594111411
58,3,8,9,0.32142857142857145,0.5,7,0.03688831834010713,0.03781852463507214
58,3,8,9,0.32142857142857145,0.5,9,0.028689199185606137,0.029406652189667974
58,3,8,9,0.32142857142857145,0.5,11,0.02347227259639994,0.02405677544291775
58,3,8,9,0.32142857142857145,0.5,13,0.019860809361575027,0.020354169420874636
58,3,8,9,0.32142857142857145,0.5,15,0.017212514339071294,0.017639429883355637
58,3,8,9,0.32142857142857145,0.5,17,0.01518740237240575,0.015563701419851356
58,3,8,9,0.32142857142857145,0.5,19,0.0135886592761507,0.013925102478303511
58,3,8,9,0.32142857142857145,1.0,1,0.8494859599990585,0.8936902942897798
58,3,8,9,0.32142857142857145,1.0,3,0.2783487534403712,0.27153410976546305
58,3,8,9,0.32142857142857145,1.0,5,0.16703667654285828,0.16144606981799217
58,3,8,9,0.32142857142857145,1.0,7,0.1193207464793854,0.11502536219510395
58,3,8,9,0.32142857142857145,1.0,9,0.09280818016825197,0.0893700119877213
58,3,8,9,0.32142857142857145,1.0,11,0.07593533141866285,0.0730818689709443
58,3,8,9,0.32142857142857145,1.0,13,0.06425365260806996,0.0618194867462516
58,3,8,9,0.32142857142857145,1.0,15,0.05568687350084418,0.053566543164106424
58,3,8,9,0.32142857142857145,1.0,17,0.04913569935417803,0.04725849471063604
58,3,8,9,0.32142857142857145,1.0,19,0.04396366100427177,0.04228008728035896
59,3,8,9,0.32142857142857145,0.1,1,0.01309309221848211,0.011805892190250578
59,3,8,9,0.32142857142857145,0.1,3,0.004361793002421401,0.003913195185901931
59,3,8,9,0.32142857142857145,0.1,5,0.0026167979838206575,0.002345544523202064
59,3,8,9,0.32142857142857145,0.1,7,0.0018690587067859941,0.0016746828070044691
59,3,8,9,0.32142857142857145,0.1,9,0.0014536770679060079,0.0013022300083946744
59,3,8,9,0.32142857142857145,0.1,11,0.001189353935418113,0.0010653053973395906
59,3,8,9,0.32142857142857145,0.1,13,0.0010063657959864067,0.0009013216319891321
59,3,8,9,0.32142857142857145,0.1,15,0.0008721769718758795,0.0007810880298491236
59,3,8,9,0.32142857142857145,0.1,17,0.0007695633965255706,0.0006891567086334819
59,3,8,9,0.32142857142857145,0.1,19,0.000688553537693779,0.0006165866819851168
59,3,8,9,0.32142857142857145,0.5,1,0.3075030831873819,0.28289306896757577
59,3,8,9,0.32142857142857145,0.5,3,0.102112101268502,0.0902926000817382
59,3,8,9,0.32142857142857145,0.5,5,0.06122709716619269,0.05385657456284833
59,3,8,9,0.32142857142857145,0.5,7,0.04372097528147497,0.03838139175618097
59,3,8,9,0.32142857142857145,0.5,9,0.03399965573179592,0.0298163202602338
59,3,8,9,0.32142857142857145,0.5,11,0.027814990695677215,0.024377087179575853
59,3,8,9,0.32142857142857145,0.5,13,0.023534049337955318,0.020616400045495854
59,3,8,9,0.32142857142857145,0.5,15,0.020395084737615126,0.017861060643992555
59,3,8,9,0.32142857142857145,0.5,17,0.017994925048815672,0.015755434287618334
59,3,8,9,0.32142857142857145,0.5,19,0.016100200313453942,0.014093940436321773
59,3,8,9,0.32142857142857145,1.0,1,1.0023659118401689,0.9325828864022718
59,3,8,9,0.32142857142857145,1.0,3,0.3359504772409788,0.2826971683343181
59,3,8,9,0.32142857142857145,1.0,5,0.20150694703980418,0.16795557286702392
59,3,8,9,0.32142857142857145,1.0,7,0.1438647186642905,0.11955088190630027
59,3,8,9,0.32142857142857145,1.0,9,0.11185535799076678,0.09282134761029467
59,3,8,9,0.32142857142857145,1.0,11,0.0914946136084817,0.07586532075969601
59,3,8,9,0.32142857142857145,1.0,13,0.07740371560066364,0.06414922312156372
59,3,8,9,0.32142857142857145,1.0,15,0.06707332558496365,0.0555686058915903
59,3,8,9,0.32142857142857145,1.0,17,0.0591754272646423,0.04901309506364155
59,3,8,9,0.32142857142857145,1.0,19,0.05294141579316777,0.04384133408600708
60,3,8,9,0.32142857142857145,0.1,1,0.015745501094399098,0.01548291055034815
60,3,8,9,0.32142857142857145,0.1,3,0.005243292698816104,0.005152653987000401
60,3,8,9,0.32142857142857145,0.1,5,0.003145721337903793,0.0030910779976845277
60,3,8,9,0.32142857142857145,0.1,7,0.0022468927544779,0.0022077904346142923
60,3,8,9,0.32142857142857145,0.1,9,0.0017475665815987402,0.0017171244990274886
60,3,8,9,0.32142857142857145,0.1,11,0.0014298201614422648,0.0014048983248392036
60,3,8,9,0.32142857142857145,0.1,13,0.001209844335336522,0.0011887482249553086
60,3,8,9,0.32142857142857145,0.1,15,0.0010485298213962573,0.001030241273817878
60,3,8,9,0.32142857142857145,0.1,17,0.0009251722088616003,0.0009090317559445358
60,3,8,9,0.32142857142857145,0.1,19,0.0008277849175400571,0.0008133410123358623
60,3,8,9,0.32142857142857145,0.5,1,0.358574796665273,0.3521904827238007
60,3,8,9,0.32142857142857145,0.5,3,0.11676569283388444,0.11349604815460793
60,3,8,9,0.32142857142857145,0.5,5,0.06991961930922487,0.06791552467934132
60,3,8,9,0.32142857142857145,0.5,7,0.049913529174942885,0.04847456765696262
60,3,8,9,0.32142857142857145,0.5,9,0.03881185941536989,0.03769048452706572
60,3,8,9,0.32142857142857145,0.5,11,0.0317509171487409,0.030832600614607922
60,3,8,9,0.32142857142857145,0.5,13,0.02686400439379903,0.02608659913400266
60,3,8,9,0.32142857142857145,0.5,15,0.023280914689304363,0.02260698149850236
60,3,8,9,0.32142857142857145,0.5,17,0.02054123334681107,0.019946489628715782
60,3,8,9,0.32142857142857145,0.5,19,0.01837850925609424,0.017846315920760483
60,3,8,9,0.32142857142857145,1.0,1,1.0793945933483926,1.0540427211603844
60,3,8,9,0.32142857142857145,1.0,3,0.3359054750688092,0.3180176331418116
60,3,8,9,0.32142857142857145,1.0,5,0.1998592444127802,0.18902252519714655
60,3,8,9,0.32142857142857145,1.0,7,0.14234038450611927,0.134600347277908
60,3,8,9,0.32142857142857145,1.0,9,0.11055004168220742,0.10453594069622715
60,3,8,9,0.32142857142857145,1.0,11,0.09037359228276509,0.08545772141835423
60,3,8,9,0.32142857142857145,1.0,13,0.07642768924045888,0.07227152559857786
60,3,8,9,0.32142857142857145,1.0,15,0.0662116030931607,0.0626120502858109
60,3,8,9,0.32142857142857145,1.0,17,0.058405221225228274,0.05523094370657247
60,3,8,9,0.32142857142857145,1.0,19,0.0522457674562376,0.0494069720869092
61,3,8,9,0.32142857142857145,0.1,1,0.01518072210788636,0.01715698251656586
61,3,8,9,0.32142857142857145,0.1,3,0.005055305789930922,0.005712373436884664
61,3,8,9,0.32142857142857145,0.1,5,0.0030328447907536846,0.0034266963999315587
61,3,8,9,0.32142857142857145,0.1,7,0.002166232186438604,0.002447422518872826
61,3,8,9,0.32142857142857145,0.1,9,0.0016848139500500422,0.0019034577596490573
61,3,8,9,0.32142857142857145,0.1,11,0.0013784679077180797,0.0015573263702474596
61,3,8,9,0.32142857142857145,0.1,13,0.0011663868392095239,0.001317709604063712
61,3,8,9,0.32142857142857145,0.1,15,0.0010108630135873171,0.0011419971883882471
61,3,8,9,0.32142857142857145,0.1,17,0.0008919342846089762,0.0010076325932962015
61,3,8,9,0.32142857142857145,0.1,19,0.0007980439267956443,0.0009015575536226523
61,3,8,9,0.32142857142857145,0.5,1,0.3494654968828881,0.38747524931810584
61,3,8,9,0.32142857142857145,0.5,3,0.11469092343519917,0.12795580643418653
61,3,8,9,0.32142857142857145,0.5,5,0.06873835558244211,0.07666041091528501
61,3,8,9,0.32142857142857145,0.5,7,0.049083645784324774,0.054727114679565134
61,3,8,9,0.32142857142857145,0.5,9,0.03817119345004724,0.04255335844794342
61,3,8,9,0.32142857142857145,0.5,11,0.031228860563250003,0.0348103341243063
61,3,8,9,0.32142857142857145,0.5,13,0.0264233624800898,0.029451466840349397
61,3,8,9,0.32142857142857145,0.5,15,0.022899656439094532,0.025522475073187122
61,3,8,9,0.32142857142857145,0.5,17,0.0202052212575737,0.022518420009777516
61,3,8,9,0.32142857142857145,0.5,19,0.018078125330822974,0.020147077618993033
61,3,8,9,0.32142857142857145,1.0,1,1.081794607721809,1.1319396329626057
61,3,8,9,0.32142857142857145,1.0,3,0.35456544175850047,0.3686740370500494
61,3,8,9,0.32142857142857145,1.0,5,0.21266782363546605,0.21961654992597499
61,3,8,9,0.32142857142857145,1.0,7,0.15189584402897,0.15647537480720627
61,3,8,9,0.32142857142857145,1.0,9,0.11813794226613299,0.12155635615057311
61,3,8,9,0.32142857142857145,1.0,11,0.09665685880148976,0.09938650772801796
61,3,8,9,0.32142857142857145,1.0,13,0.08178580839645114,0.08405912535113604
61,3,8,9,0.32142857142857145,1.0,15,0.07088058774219973,0.07282905795695112
61,3,8,9,0.32142857142857145,1.0,17,0.06254141393270021,0.06424669592879731
61,3,8,9,0.32142857142857145,1.0,19,0.05595791958628248,0.057474233915930775
62,3,8,9,0.32142857142857145,0.1,1,0.014956615957797926,0.013798076362179204
62,3,8,9,0.32142857142857145,0.1,3,0.004980158753128994,0.0045770353549633965
62,3,8,9,0.32142857142857145,0.1,5,0.002987706418835097,0.0027439830529747463
62,3,8,9,0.32142857142857145,0.1,7,0.002133975781478622,0.001959336194868095
62,3,8,9,0.32142857142857145,0.1,9,0.0016597194271728948,0.0015236533675997426
62,3,8,9,0.32142857142857145,0.1,11,0.0013579328411616061,0.0012464844972742085
62,3,8,9,0.32142857142857145,0.1,13,0.0011490091675148708,0.0010546358683802895
62,3,8,9,0.32142857142857145,0.1,15,0.0009958012002830813,0.000913966138767084
62,3,8,9,0.32142857142857145,0.1,17,0.0008786436681204675,0.0008064060683302923
62,3,8,9,0.32142857142857145,0.1,19,0.0007861517732407541,0.0007214968493504916
62,3,8,9,0.32142857142857145,0.5,1,0.3455807661689778,0.32598706990145887
62,3,8,9,0.32142857142857145,0.5,3,0.11303574154352855,0.10352863693752329
62,3,8,9,0.32142857142857145,0.5,5,0.06769176866743877,0.061690277904484635
62,3,8,9,0.32142857142857145,0.5,7,0.04832095651954926,0.04395219993412181
62,3,8,9,0.32142857142857145,0.5,9,0.03757177738169291,0.03414048240236881
62,3,8,9,0.32142857142857145,0.5,11,0.03073530232856138,0.027911162401861728
62,3,8,9,0.32142857142857145,0.5,13,0.026003948397337006,0.023604761595427966
62,3,8,9,0.32142857142857145,0.5,15,0.022535048336205003,0.02044981732034435
62,3,8,9,0.32142857142857145,0.5,17,0.019882765789031413,0.0180389128800726
62,3,8,9,0.32142857142857145,0.5,19,0.017789093954024792,0.016136579791629586
62,3,8,9,0.32142857142857145,1.0,1,1.0868164942465077,1.062109719345721
62,3,8,9,0.32142857142857145,1.0,3,0.3451938072205575,0.30859499609110175
62,3,8,9,0.32142857142857145,1.0,5,0.20601669262719155,0.18096217522862673
62,3,8,9,0.32142857142857145,1.0,7,0.14687743074296072,0.12820723126058103
62,3,8,9,0.32142857142857145,1.0,9,0.1141292111014316,0.09931453645239244
62,3,8,9,0.32142857142857145,1.0,11,0.09332506329991924,0.08106486575638765
62,3,8,9,0.32142857142857145,1.0,13,0.07893732856923807,0.06848741825560425
62,3,8,9,0.32142857142857145,1.0,15,0.06839381757152413,0.05929161789299807
62,3,8,9,0.32142857142857145,1.0,17,0.06033525805574912,0.05227449516136358
62,3,8,9,0.32142857142857145,1.0,19,0.05397569225468277,0.04674342246963039
63,3,8,9,0.32142857142857145,0.1,1,0.015221425547127737,0.01672863548049817
63,3,8,9,0.32142857142857145,0.1,3,0.0050676878776197394,0.005563502544929706
63,3,8,9,0.32142857142857145,0.1,5,0.0030400337113970187,0.003336570126772273
63,3,8,9,0.32142857142857145,0.1,7,0.002171286681708646,0.0023827947355306487
63,3,8,9,0.32142857142857145,0.1,9,0.0016887090885393983,0.0018530816723393356
63,3,8,9,0.32142857142857145,0.1,11,0.0013816356085123156,0.0015160519130842562
63,3,8,9,0.32142857142857145,0.1,13,0.0011690557760297557,0.0012827511444041264
63,3,8,9,0.32142857142857145,0.1,15,0.0010131687586820838,0.0011116782347331425
63,3,8,9,0.32142857142857145,0.1,17,0.0008939637811455795,0.0009808659535581448
63,3,8,9,0.32142857142857145,0.1,19,0.000799856251433402,0.0008775981085947858
63,3,8,9,0.32142857142857145,0.5,1,0.3526408850327076,0.3877249529766293
63,3,8,9,0.32142857142857145,0.5,3,0.11599672816013051,0.12791463360744662
63,3,8,9,0.32142857142857145,0.5,5,0.06949370152850996,0.07659890211504711
63,3,8,9,0.32142857142857145,0.5,7,0.049611799128984446,0.05466738364762779
63,3,8,9,0.32142857142857145,0.5,9,0.038576549594998455,0.042499047513559755
63,3,8,9,0.32142857142857145,0.5,11,0.03155753829325393,0.034761480632341656
63,3,8,9,0.32142857142857145,0.5,13,0.02669967364498988,0.029407411666002015
63,3,8,9,0.32142857142857145,0.5,15,0.023137956457113182,0.025482507161607708
63,3,8,9,0.32142857142857145,0.5,17,0.020414684208269793,0.022481918241904375
63,3,8,9,0.32142857142857145,0.5,19,0.018264966376025715,0.02011352831797269
63,3,8,9,0.32142857142857145,1.0,1,1.1082208062933308,1.1926768569668251
63,3,8,9,0.32142857142857145,1.0,3,0.36030076433134056,0.39460109620355716
63,3,8,9,0.32142857142857145,1.0,5,0.2155513290854785,0.2365533737748347
63,3,8,9,0.32142857142857145,1.0,7,0.15380754433550067,0.16891458683129407
63,3,8,9,0.32142857142857145,1.0,9,0.11956668674174341,0.13135651825065012
63,3,8,9,0.32142857142857145,1.0,11,0.09779731881150198,0.10746237439271297
63,3,8,9,0.32142857142857145,1.0,13,0.08273478012756598,0.09092312609576475
63,3,8,9,0.32142857142857145,1.0,15,0.07169313903973687,0.07879581920306486
63,3,8,9,0.32142857142857145,1.0,17,0.06325184649484242,0.06952284229428428
63,3,8,9,0.32142857142857145,1.0,19,0.05658904226676054,0.06220259315941376
64,3,8,9,0.32142857142857145,0.1,1,0.014545393214781575,0.015443131316251161
64,3,8,9,0.32142857142857145,0.1,3,0.0048397456678821,0.005135424428903669
64,3,8,9,0.32142857142857145,0.1,5,0.002903431399551785,0.0030802130131806203
64,3,8,9,0.32142857142857145,0.1,7,0.002073797779680568,0.002199864880295646
64,3,8,9,0.32142857142857145,0.1,9,0.0016129276593435165,0.0017108882636522034
64,3,8,9,0.32142857142857145,0.1,11,0.0013196572489103527,0.0013997583006799539
64,3,8,9,0.32142857142857145,0.1,13,0.0011166277840296058,0.0011843768394410531
64,3,8,9,0.32142857142857145,0.1,15,0.0009677412132950126,0.0010264386365885665
64,3,8,9,0.32142857142857145,0.1,17,0.0008538876161926405,0.000905666953996454
64,3,8,9,0.32142857142857145,0.1,19,0.0007640036491290493,0.0008103236558959147
64,3,8,9,0.32142857142857145,0.5,1,0.3308903947138194,0.3526347920668226
64,3,8,9,0.32142857142857145,0.5,3,0.10544035347348743,0.11347721312686801
64,3,8,9,0.32142857142857145,0.5,5,0.0630565765717764,0.06782773756260317
64,3,8,9,0.32142857142857145,0.5,7,0.04499957094829174,0.04838615389755617
64,3,8,9,0.32142857142857145,0.5,9,0.03498655761833351,0.03761021081954269
64,3,8,9,0.32142857142857145,0.5,11,0.028619917927981034,0.030760817720547194
64,3,8,9,0.32142857142857145,0.5,13,0.024214193338800115,0.02602224210081907
64,3,8,9,0.32142857142857145,0.5,15,0.02098418262322811,0.02254888791252611
64,3,8,9,0.32142857142857145,0.5,17,0.018514596280611622,0.019893657862548535
64,3,8,9,0.32142857142857145,0.5,19,0.01656515065189233,0.017797929606811185
64,3,8,9,0.32142857142857145,1.0,1,1.0119807443448343,1.0820741802262235
64,3,8,9,0.32142857142857145,1.0,3,0.29119836273300914,0.32490786122551274
64,3,8,9,0.32142857142857145,1.0,5,0.1730737499287784,0.19253134345088574
64,3,8,9,0.32142857142857145,1.0,7,0.12328146245878972,0.13696063102697686
64,3,8,9,0.32142857142857145,1.0,9,0.0957693363925363,0.10631850812326993
64,3,8,9,0.32142857142857145,1.0,11,0.07830584403514791,0.0868915125276175
64,3,8,9,0.32142857142857145,1.0,13,0.06623269533352304,0.07347144396571849
64,3,8,9,0.32142857142857145,1.0,15,0.057386757635584845,0.06364405475248176
64,3,8,9,0.32142857142857145,1.0,17,0.05062615644242488,0.05613644978493782
64,3,8,9,0.32142857142857145,1.0,19,0.04529103837775268,0.05021371126289006
65,3,8,9,0.32142857142857145,0.1,1,0.01603313434531457,0.017376972233567888
65,3,8,9,0.32142857142857145,0.1,3,0.005335933956677113,0.005780018827596513
65,3,8,9,0.32142857142857145,0.1,5,0.003200956883686974,0.003466745249629209
65,3,8,9,0.32142857142857145,0.1,7,0.002286242905477409,0.00247587499360633
65,3,8,9,0.32142857142857145,0.1,9,0.0017781280307671147,0.0019255232210402809
65,3,8,9,0.32142857142857145,0.1,11,0.0014548021515714184,0.001575347165608857
65,3,8,9,0.32142857142857145,0.1,13,0.0012309696424210265,0.0013329390407988454
65,3,8,9,0.32142857142857145,0.1,15,0.001066830001879585,0.001155184122866058
65,3,8,9,0.32142857142857145,0.1,17,0.0009413137633915716,0.001019260147366984
65,3,8,9,0.32142857142857145,0.1,19,0.0008422233698758387,0.000911955553423337
65,3,8,9,0.32142857142857145,0.5,1,0.3670063850973804,0.399225460438788
65,3,8,9,0.32142857142857145,0.5,3,0.11853808581553808,0.13022454440143189
65,3,8,9,0.32142857142857145,0.5,5,0.07091275319102995,0.07786779531515232
65,3,8,9,0.32142857142857145,0.5,7,0.05060610087925047,0.055547426528246076
65,3,8,9,0.32142857142857145,0.5,9,0.03934420429239003,0.04317426656581224
65,3,8,9,0.32142857142857145,0.5,11,0.032183464122779254,0.03530978031153869
65,3,8,9,0.32142857142857145,0.5,13,0.027228352202071177,0.029869188813029194
65,3,8,9,0.32142857142857145,0.5,15,0.02359568056089929,0.025881456272720312
65,3,8,9,0.32142857142857145,0.5,17,0.020818316093600395,0.022833144901897872
65,3,8,9,0.32142857142857145,0.5,19,0.018625978269842115,0.0204272615413038
65,3,8,9,0.32142857142857145,1.0,1,1.112676333840526,1.217993650747577
65,3,8,9,0.32142857142857145,1.0,3,0.3195383870088857,0.3836868757974362
65,3,8,9,0.32142857142857145,1.0,5,0.18901687088581023,0.22660131703018843
65,3,8,9,0.32142857142857145,1.0,7,0.13447118720443332,0.1608412099310539
65,3,8,9,0.32142857142857145,1.0,9,0.1044113746064509,0.1246819861357868
65,3,8,9,0.32142857142857145,1.0,11,0.08535207093536878,0.10180311726626493
65,3,8,9,0.32142857142857145,1.0,13,0.07218326718811714,0.08602148830544025
65,3,8,9,0.32142857142857145,1.0,15,0.06253775749841237,0.07447736369383022
65,3,8,9,0.32142857142857145,1.0,17,0.055167608082567036,0.06566572502695119
65,3,8,9,0.32142857142857145,1.0,19,0.04935226748804712,0.05871891961396968
66,3,8,9,0.32142857142857145,0.1,1,0.012046119271304454,0.014564817143138715
66,3,8,9,0.32142857142857145,0.1,3,0.004014312268580764,0.004856680152940322
66,3,8,9,0.32142857142857145,0.1,5,0.002408536093591904,0.002914091717277856
66,3,8,9,0.32142857142857145,0.1,7,0.0017203728284325773,0.0020815105416532452
66,3,8,9,0.32142857142857145,0.1,9,0.0013380645234986569,0.0016189579113312512
66,3,8,9,0.32142857142857145,0.1,11,0.0010947787260145994,0.0013246041092014988
66,3,8,9,0.32142857142857145,0.1,13,0.0009263505781948876,0.0011208199234162828
66,3,8,9,0.32142857142857145,0.1,15,0.0008028368134994315,0.0009713778443100752
66,3,8,9,0.32142857142857145,0.1,17,0.0007083852147628084,0.0008570984383802018
66,3,8,9,0.32142857142857145,0.1,19,0.0006338182189837845,0.0007668777637214859
66,3,8,9,0.32142857142857145,0.5,1,0.2863851702470014,0.3408712037481314
66,3,8,9,0.32142857142857145,0.5,3,0.09495491390192136,0.11481174031607562
66,3,8,9,0.32142857142857145,0.5,5,0.05694294403484825,0.0689449296113057
66,3,8,9,0.32142857142857145,0.5,7,0.04066752399627759,0.04925778329159387
66,3,8,9,0.32142857142857145,0.5,9,0.03162836361312811,0.038315260960986794
66,3,8,9,0.32142857142857145,0.5,11,0.025876949725153257,0.031350362522996604
66,3,8,9,0.32142857142857145,0.5,13,0.021895489607783654,0.026527966037319495
66,3,8,9,0.32142857142857145,0.5,15,0.018975878273456728,0.022991304235071272
66,3,8,9,0.32142857142857145,0.5,17,0.01674329651001192,0.020286680994525998
66,3,8,9,0.32142857142857145,0.5,19,0.014980765488987809,0.018151389003078052
66,3,8,9,0.32142857142857145,1.0,1,0.9719686881308742,1.0976539632595723
66,3,8,9,0.32142857142857145,1.0,3,0.32265438373665023,0.38629505921394164
66,3,8,9,0.32142857142857145,1.0,5,0.19314498128471616,0.23280473375209257
66,3,8,9,0.32142857142857145,1.0,7,0.1378660552038894,0.16649186777877753
66,3,8,9,0.32142857142857145,1.0,9,0.10719823094090689,0.12955862610858998
66,3,8,9,0.32142857142857145,1.0,11,0.0876947224056234,0.10602942141428785
66,3,8,9,0.32142857142857145,1.0,13,0.07419690915020519,0.08973030069335035
66,3,8,9,0.32142857142857145,1.0,15,0.06430054332274808,0.07777338338254075
66,3,8,9,0.32142857142857145,1.0,17,0.056733738692277984,0.06862777407487643
66,3,8,9,0.32142857142857145,1.0,19,0.05076048808033186,0.06140643323922798
67,3,8,9,0.32142857142857145,0.1,1,0.01419660257432654,0.012265210403574622
67,3,8,9,0.32142857142857145,0.1,3,0.00469353759732208,0.004083440842007474
67,3,8,9,0.32142857142857145,0.1,5,0.0028117237884896476,0.0024497864015235247
67,3,8,9,0.32142857142857145,0.1,7,0.0020070453230578945,0.0017497851187140607
67,3,8,9,0.32142857142857145,0.1,9,0.0015604646646523099,0.0013609216428747363
67,3,8,9,0.32142857142857145,0.1,11,0.0012764478288417034,0.001113471106566179
67,3,8,9,0.32142857142857145,0.1,13,0.0010798982729834838,0.0009421623987522597
67,3,8,9,0.32142857142857145,0.1,15,0.000935802097083573,0.0008165375166663643
67,3,8,9,0.32142857142857145,0.1,17,0.0008256337830591411,0.0007204722223919923
67,3,8,9,0.32142857142857145,0.1,19,0.0007386727804961908,0.0006446316546836775
67,3,8,9,0.32142857142857145,0.5,1,0.3435665797186884,0.2914843966011048
67,3,8,9,0.32142857142857145,0.5,3,0.1092620487809562,0.095170500771836
67,3,8,9,0.32142857142857145,0.5,5,0.0650467965810099,0.05698064240237781
67,3,8,9,0.32142857142857145,0.5,7,0.046314634534725264,0.040672721218659655
67,3,8,9,0.32142857142857145,0.5,9,0.03596059963021707,0.0316243352858414
67,3,8,9,0.32142857142857145,0.5,11,0.029390623283120403,0.025869860741891758
67,3,8,9,0.32142857142857145,0.5,13,0.024850635456025616,0.021887428835824348
67,3,8,9,0.32142857142857145,0.5,15,0.021525646289828147,0.018967654021415117
67,3,8,9,0.32142857142857145,0.5,17,0.01898545690294219,0.016735241078839527
67,3,8,9,0.32142857142857145,0.5,19,0.016981531794739924,0.01497301402213321
67,3,8,9,0.32142857142857145,1.0,1,1.1258556438019536,0.9884221942741118
67,3,8,9,0.32142857142857145,1.0,3,0.35106335468387967,0.3186599435413081
67,3,8,9,0.32142857142857145,1.0,5,0.20864308171036888,0.18957614531838854
67,3,8,9,0.32142857142857145,1.0,7,0.14851333470608227,0.13495563524718499
67,3,8,9,0.32142857142857145,1.0,9,0.11530418679151637,0.10477938335974392
67,3,8,9,0.32142857142857145,1.0,11,0.09423748097150668,0.08563539029388473
67,3,8,9,0.32142857142857145,1.0,13,0.07968135816505864,0.07240763745137405
67,3,8,9,0.32142857142857145,1.0,15,0.06902111344069854,0.06272026203065109
67,3,8,9,0.32142857142857145,1.0,17,0.06087705974478966,0.05531949226043271
67,3,8,9,0.32142857142857145,1.0,19,0.05445227200835119,0.049481112321071
68,3,8,9,0.32142857142857145,0.1,1,0.015364461441137345,0.014415340112700256
68,3,8,9,0.32142857142857145,0.1,3,0.005115977265550308,0.004795326758977718
68,3,8,9,0.32142857142857145,0.1,5,0.003069161800108832,0.0028764616212140224
68,3,8,9,0.32142857142857145,0.1,7,0.0021921456624428375,0.00205442259642056
68,3,8,9,0.32142857142857145,0.1,9,0.0017049569204025635,0.0015978073558944972
68,3,8,9,0.32142857142857145,0.1,11,0.0013949422407472972,0.0013072588559025317
68,3,8,9,0.32142857142857145,0.1,13,0.0011803229605191945,0.0011061205618717966
68,3,8,9,0.32142857142857145,0.1,15,0.001022938625270467,0.0009586244663492115
68,3,8,9,0.32142857142857145,0.1,17,0.0009025876390042403,0.0008458362783615633
68,3,8,9,0.32142857142857145,0.1,19,0.0008075747448067185,0.0007567947309166024
68,3,8,9,0.32142857142857145,0.5,1,0.35053459830088635,0.3307055735085449
68,3,8,9,0.32142857142857145,0.5,3,0.11461475479998999,0.10620130202591709
68,3,8,9,0.32142857142857145,0.5,5,0.06864700600569318,0.06350111932782278
68,3,8,9,0.32142857142857145,0.5,7,0.049007686490724685,0.045309984163988695
68,3,8,9,0.32142857142857145,0.5,9,0.03810821474046269,0.035224244371254015
68,3,8,9,0.32142857142857145,0.5,11,0.0311755313991305,0.028812234607356796
68,3,8,9,0.32142857142857145,0.5,13,0.02637727239436219,0.024375581791241985
68,3,8,9,0.32142857142857145,0.5,15,0.022859138901779055,0.021123164485016555
68,3,8,9,0.32142857142857145,0.5,17,0.02016910465342588,0.018636609944548386
68,3,8,9,0.32142857142857145,0.5,19,0.018045563412736252,0.016673874691376604
68,3,8,9,0.32142857142857145,1.0,1,1.0569673467750464,1.0020554285168553
68,3,8,9,0.32142857142857145,1.0,3,0.3249327463319753,0.2836319825861471
68,3,8,9,0.32142857142857145,1.0,5,0.19222234763483986,0.16795869924240822
68,3,8,9,0.32142857142857145,1.0,7,0.13666268803401907,0.119522907385189
68,3,8,9,0.32142857142857145,1.0,9,0.10606409101836169,0.09281547018106649
68,3,8,9,0.32142857142857145,1.0,11,0.08667563707065763,0.07587771908712557
68,3,8,9,0.32142857142857145,1.0,13,0.07328601854685277,0.06417327918133407
68,3,8,9,0.32142857142857145,1.0,15,0.06348244108842276,0.055599660100530586
68,3,8,9,0.32142857142857145,1.0,17,0.05599367685727961,0.04904818540378003
68,3,8,9,0.32142857142857145,1.0,19,0.05008609444525055,0.04387860482253173
69,3,8,9,0.32142857142857145,0.1,1,0.012041817193495416,0.012512542821468516
69,3,8,9,0.32142857142857145,0.1,3,0.004014177215244631,0.004162422697401828
69,3,8,9,0.32142857142857145,0.1,5,0.002408514042742887,0.0024961572063024414
69,3,8,9,0.32142857142857145,0.1,7,0.001720368208763718,0.0017825519744727356
69,3,8,9,0.32142857142857145,0.1,9,0.001338064351502385,0.0013862447875421743
69,3,8,9,0.32142857142857145,0.1,11,0.001094779945165846,0.001134102946335818
69,3,8,9,0.32142857142857145,0.1,13,0.0009263522442337077,0.0009595680666580772
69,3,8,9,0.32142857142857145,0.1,15,0.0008028385876292891,0.000831588892777693
69,3,8,9,0.32142857142857145,0.1,17,0.0007083869662486032,0.0007337299885643916
69,3,8,9,0.32142857142857145,0.1,19,0.000633819897428994,0.0006564775921638106
69,3,8,9,0.32142857142857145,0.5,1,0.2840800509818042,0.29364443666926254
69,3,8,9,0.32142857142857145,0.5,3,0.0948446438634839,0.09868369473959876
69,3,8,9,0.32142857142857145,0.5,5,0.05689947924143055,0.05912700982662703
69,3,8,9,0.32142857142857145,0.5,7,0.04063949957122967,0.04219576717002973
69,3,8,9,0.32142857142857145,0.5,9,0.0316070978835586,0.03280014466150791
69,3,8,9,0.32142857142857145,0.5,11,0.025859594126536916,0.026825962665440847
69,3,8,9,0.32142857142857145,0.5,13,0.021880740595486857,0.02269244597040768
69,3,8,9,0.32142857142857145,0.5,15,0.018963015517242672,0.019662562776970677
69,3,8,9,0.32142857142857145,0.5,17,0.016731872825399185,0.01734640622784013
69,3,8,9,0.32142857142857145,0.5,19,0.014970480954509027,0.015518375494049847
69,3,8,9,0.32142857142857145,1.0,1,0.9493710458670923,0.9420784554743968
69,3,8,9,0.32142857142857145,1.0,3,0.31864947463317145,0.334017837502818
69,3,8,9,0.32142857142857145,1.0,5,0.19071005927473422,0.20006172590837495
69,3,8,9,0.32142857142857145,1.0,7,0.13607649843949055,0.1426259403447173
69,3,8,9,0.32142857142857145,1.0,9,0.10577670112184104,0.11078060539619626
69,3,8,9,0.32142857142857145,1.0,11,0.08651387125960956,0.09055089120289209
69,3,8,9,0.32142857142857145,1.0,13,0.0731864254310704,0.07656503508000784
69,3,8,9,0.32142857142857145,1.0,15,0.0634172143282028,0.06631987316629862
69,3,8,9,0.32142857142857145,1.0,17,0.055949022660908336,0.058492131845752894
69,3,8,9,0.32142857142857145,1.0,19,0.05005451786724238,0.05231669619903121
70,3,8,9,0.32142857142857145,0.1,1,0.013532491400153017,0.014309937521609554
70,3,8,9,0.32142857142857145,0.1,3,0.004501333919340762,0.00476980069022266
70,3,8,9,0.32142857142857145,0.1,5,0.002699787193023462,0.0028618713960939547
70,3,8,9,0.32142857142857145,0.1,7,0.001928118273306662,0.0020441918861992497
70,3,8,9,0.32142857142857145,0.1,9,0.0014995192246327815,0.0015899263290978572
70,3,8,9,0.32142857142857145,0.1,11,0.0012268131017105675,0.0013008485010814386
70,3,8,9,0.32142857142857145,0.1,13,0.0010380340181760498,0.001100717796959799
70,3,8,9,0.32142857142857145,0.1,15,0.0008996050409238016,0.0009539553270535628
70,3,8,9,0.32142857142857145,0.1,17,0.0007937527099066763,0.0008417252272688377
70,3,8,9,0.32142857142857145,0.1,19,0.0007101882037908218,0.0007531225307196436
70,3,8,9,0.32142857142857145,0.5,1,0.3163766349459456,0.3318340003860739
70,3,8,9,0.32142857142857145,0.5,3,0.10373421818249563,0.11061901342287908
70,3,8,9,0.32142857142857145,0.5,5,0.06210874395975699,0.0663801048405809
70,3,8,9,0.32142857142857145,0.5,7,0.044327294649328906,0.04741617134150977
70,3,8,9,0.32142857142857145,0.5,9,0.03446199971195925,0.0368798236722482
70,3,8,9,0.32142857142857145,0.5,11,0.02818872434617579,0.030174637703893874
70,3,8,9,0.32142857142857145,0.5,13,0.023847720578159013,0.025532498597005168
70,3,8,9,0.32142857142857145,0.5,15,0.020665347115045758,0.022128225433133978
70,3,8,9,0.32142857142857145,0.5,17,0.018232343710814634,0.01952493930424768
70,3,8,9,0.32142857142857145,0.5,19,0.01631189913248616,0.017469703628662913
70,3,8,9,0.32142857142857145,1.0,1,1.0190120975452286,1.0537231913159424
70,3,8,9,0.32142857142857145,1.0,3,0.3301490848283971,0.3563121889141139
70,3,8,9,0.32142857142857145,1.0,5,0.19776186437847681,0.21421613673254672
70,3,8,9,0.32142857142857145,1.0,7,0.14118454211808307,0.15308982527815954
70,3,8,9,0.32142857142857145,1.0,9,0.1097817173176199,0.11909271082219848
70,3,8,9,0.32142857142857145,1.0,11,0.089807374195627,0.09744802396672597
70,3,8,9,0.32142857142857145,1.0,13,0.07598288741259214,0.08245972111081547
70,3,8,9,0.32142857142857145,1.0,15,0.06584686880246189,0.0714668587010461
70,3,8,9,0.32142857142857145,1.0,17,0.058096869980892134,0.06305989067017555
70,3,8,9,0.32142857142857145,1.0,19,0.05197909425921553,0.05642248024813817
71,3,8,9,0.32142857142857145,0.1,1,0.013620801078960057,0.01592985999753995
71,3,8,9,0.32142857142857145,0.1,3,0.004526640871604022,0.005289924035559744
71,3,8,9,0.32142857142857145,0.1,5,0.0027148907744967655,0.0031719088028349957
71,3,8,9,0.32142857142857145,0.1,7,0.0019389123581002787,0.002265049522611511
71,3,8,9,0.32142857142857145,0.1,9,0.0015079232948850966,0.001761451477643052
71,3,8,9,0.32142857142857145,0.1,11,0.0012336955499660158,0.001441057121639406
71,3,8,9,0.32142857142857145,0.1,13,0.001043862095696426,0.001219280242864822
71,3,8,9,0.32142857142857145,0.1,15,0.0009046592070652983,0.0010566616658543434
71,3,8,9,0.32142857142857145,0.1,17,0.000798214568672844,0.0009323163679032176
71,3,8,9,0.32142857142857145,0.1,19,0.0007141821082413808,0.0008341551645497159
71,3,8,9,0.32142857142857145,0.5,1,0.31450472494951537,0.3684160170580932
71,3,8,9,0.32142857142857145,0.5,3,0.09965562086036395,0.11822016854448629
71,3,8,9,0.32142857142857145,0.5,5,0.0594881257290575,0.07054981634378724
71,3,8,9,0.32142857142857145,0.5,7,0.04242026203615826,0.05028869899516348
71,3,8,9,0.32142857142857145,0.5,9,0.03296720925672209,0.03907116790850399
71,3,8,9,0.32142857142857145,0.5,11,0.026960820949327172,0.03194614186447463
71,3,8,9,0.32142857142857145,0.5,13,0.022806291186102546,0.027019267247819972
71,3,8,9,0.32142857142857145,0.5,15,0.019761423126449813,0.023409164552701547
71,3,8,9,0.32142857142857145,0.5,17,0.01743395010470127,0.020650135786798328
71,3,8,9,0.32142857142857145,0.5,19,0.01559702629097326,0.018472939404434806
71,3,8,9,0.32142857142857145,1.0,1,0.9729193317947775,1.1297987536778518
71,3,8,9,0.32142857142857145,1.0,3,0.2827141681231786,0.3455280010432236
71,3,8,9,0.32142857142857145,1.0,5,0.1699254305829713,0.20474747654857603
71,3,8,9,0.32142857142857145,1.0,7,0.12138450951984783,0.14551563652500513
71,3,8,9,0.32142857142857145,1.0,9,0.09439920667484121,0.11287089586930278
71,3,8,9,0.32142857142857145,1.0,11,0.07722575727532528,0.09219092605066669
71,3,8,9,0.32142857142857145,1.0,13,0.06533748136410861,0.0779160027614203
71,3,8,9,0.32142857142857145,1.0,15,0.05662044502865432,0.06746928528072084
71,3,8,9,0.32142857142857145,1.0,17,0.049955261431548714,0.059492822457014274
71,3,8,9,0.32142857142857145,1.0,19,0.04469384301875509,0.05320303852737391
72,3,8,9,0.32142857142857145,0.1,1,0.014277541356647798,0.013692596244936225
72,3,8,9,0.32142857142857145,0.1,3,0.0047454551967606815,0.004560612064693784
72,3,8,9,0.32142857142857145,0.1,5,0.0028456444831739458,0.002735993829064609
72,3,8,9,0.32142857142857145,0.1,7,0.0020321060070239,0.0019541716776081794
72,3,8,9,0.32142857142857145,0.1,9,0.0015803123350735773,0.0015198649071880557
72,3,8,9,0.32142857142857145,0.1,11,0.0012928711920138973,0.001243501976163833
72,3,8,9,0.32142857142857145,0.1,13,0.0010939025733081192,0.0010521801213019416
72,3,8,9,0.32142857142857145,0.1,15,0.0009480073728440284,0.0009118806835814171
72,3,8,9,0.32142857142857145,0.1,17,0.000836449083249804,0.0008045947226953831
72,3,8,9,0.32142857142857145,0.1,19,0.0007483820296790148,0.0007198964022999319
72,3,8,9,0.32142857142857145,0.5,1,0.34047333672049784,0.3207673282033629
72,3,8,9,0.32142857142857145,0.5,3,0.11195761443907061,0.1062218061892198
72,3,8,9,0.32142857142857145,0.5,5,0.06698634571609959,0.06364185726634482
72,3,8,9,0.32142857142857145,0.5,7,0.04778927487130004,0.04543099600989731
72,3,8,9,0.32142857142857145,0.5,9,0.03714422401968326,0.03532350871832894
72,3,8,9,0.32142857142857145,0.5,11,0.030377571637017764,0.028895015580625714
72,3,8,9,0.32142857142857145,0.5,13,0.02569638017674221,0.02444611799307681
72,3,8,9,0.32142857142857145,0.5,15,0.022265285248986588,0.021184416941398415
72,3,8,9,0.32142857142857145,0.5,17,0.01964252378895588,0.018690642195350795
72,3,8,9,0.32142857142857145,0.5,19,0.017572545896922996,0.016722157152873885
72,3,8,9,0.32142857142857145,1.0,1,1.1248532812451912,1.0350743049997053
72,3,8,9,0.32142857142857145,1.0,3,0.3728188866331564,0.34417472883430894
72,3,8,9,0.32142857142857145,1.0,5,0.22275662966239035,0.2055651175697609
72,3,8,9,0.32142857142857145,1.0,7,0.1587899891309795,0.14650564643332764
72,3,8,9,0.32142857142857145,1.0,9,0.12335699288631684,0.1138010566154335
72,3,8,9,0.32142857142857145,1.0,11,0.10085004743689903,0.09303117318561419
72,3,8,9,0.32142857142857145,1.0,13,0.08528787400379803,0.07867187134463567
72,3,8,9,0.32142857142857145,1.0,15,0.07388603999579377,0.06815225134271592
72,3,8,9,0.32142857142857145,1.0,17,0.06517304910090317,0.06011393416617587
72,3,8,9,0.32142857142857145,1.0,19,0.0582981301724738,0.05377166461749344
73,3,8,9,0.32142857142857145,0.1,1,0.0139381107978897,0.014550065252974368
73,3,8,9,0.32142857142857145,0.1,3,0.004644740826073656,0.004837863619637224
73,3,8,9,0.32142857142857145,0.1,5,0.00278671195888175,0.0029011031833726607
73,3,8,9,0.32142857142857145,0.1,7,0.0019904697086852575,0.002071710762298278
73,3,8,9,0.32142857142857145,0.1,9,0.00154812667848318,0.0016111097349611463
73,3,8,9,0.32142857142857145,0.1,11,0.0012666406540306609,0.0013180649988352336
73,3,8,9,0.32142857142857145,0.1,13,0.0010717679543806693,0.0011152177247584116
73,3,8,9,0.32142857142857145,0.1,15,0.0009288624605578282,0.0009664786608132729
73,3,8,9,0.32142857142857145,0.1,17,0.000819582441752818,0.0008527459658581485
73,3,8,9,0.32142857142857145,0.1,19,0.0007333091400517941,0.0007629624859776784
73,3,8,9,0.32142857142857145,0.5,1,0.32627654504608194,0.3459784244425135
73,3,8,9,0.32142857142857145,0.5,3,0.10844448901134543,0.11494252608819673
73,3,8,9,0.32142857142857145,0.5,5,0.06503579073115007,0.06882278708751904
73,3,8,9,0.32142857142857145,0.5,7,0.046446420695800204,0.0491085811246312
73,3,8,9,0.32142857142857145,0.5,9,0.03612203863953365,0.038172334252084224
73,3,8,9,0.32142857142857145,0.5,11,0.029552974347970874,0.031219393650033136
73,3,8,9,0.32142857142857145,0.5,13,0.025005576378232093,0.0264089153308661
73,3,8,9,0.32142857142857145,0.5,15,0.021671020395894944,0.022882889982401667
73,3,8,9,0.32142857142857145,0.5,17,0.019121175777087752,0.020187484842974505
73,3,8,9,0.32142857142857145,0.5,19,0.017108205224592367,0.018060134857564913
73,3,8,9,0.32142857142857145,1.0,1,1.0612504919146855,1.1359075625432355
73,3,8,9,0.32142857142857145,1.0,3,0.35062166745004497,0.38808426548547387
73,3,8,9,0.32142857142857145,1.0,5,0.2097176343992866,0.23224696326473712
73,3,8,9,0.32142857142857145,1.0,7,0.14965271491228568,0.1656126046282831
73,3,8,9,0.32142857142857145,1.0,9,0.11634622292373553,0.12867078205496504
73,3,8,9,0.32142857142857145,1.0,11,0.09517012308751906,0.1051979575116494
73,3,8,9,0.32142857142857145,1.0,13,0.08051708841979885,0.08896566305893977
73,3,8,9,0.32142857142857145,1.0,15,0.06977488663220092,0.07707207090431142
73,3,8,9,0.32142857142857145,1.0,17,0.06156198624912714,0.06798300705528497
73,3,8,9,0.32142857142857145,1.0,19,0.05507908364945762,0.06081125306218185
74,3,8,9,0.32142857142857145,0.1,1,0.015455024565864523,0.014856709755093544
74,3,8,9,0.32142857142857145,0.1,3,0.005125367471018754,0.004936227766468514
74,3,8,9,0.32142857142857145,0.1,5,0.0030721369737888053,0.0029600407389199493
74,3,8,9,0.32142857142857145,0.1,7,0.0021934449328835513,0.0021138128783831046
74,3,8,9,0.32142857142857145,0.1,9,0.0017056082177875898,0.001643863313272882
74,3,8,9,0.32142857142857145,0.1,11,0.0013952873460542532,0.0013448690571413332
74,3,8,9,0.32142857142857145,0.1,13,0.0011805046938005732,0.0011379020935629923
74,3,8,9,0.32142857142857145,0.1,15,0.0010230259125099243,0.0009861413067830185
74,3,8,9,0.32142857142857145,0.1,17,0.0009026172165425074,0.0008700974452184838
74,3,8,9,0.32142857142857145,0.1,19,0.0008075676633194644,0.0007784890529110093
74,3,8,9,0.32142857142857145,0.5,1,0.3689324459835614,0.3495516140644274
74,3,8,9,0.32142857142857145,0.5,3,0.11967510412525209,0.11334657104775796
74,3,8,9,0.32142857142857145,0.5,5,0.0714384164809634,0.06767603137447661
74,3,8,9,0.32142857142857145,0.5,7,0.05091764637498673,0.04824495396725985
74,3,8,9,0.32142857142857145,0.5,9,0.03955566686584234,0.03748425895380606
74,3,8,9,0.32142857142857145,0.5,11,0.032339434390813375,0.030648800835975282
74,3,8,9,0.32142857142857145,0.5,13,0.027349963863999936,0.02592199336860596
74,3,8,9,0.32142857142857145,0.5,15,0.023694320395411844,0.02245843772181619
74,3,8,9,0.32142857142857145,0.5,17,0.020900706142525354,0.019811394406309246
74,3,8,9,0.32142857142857145,0.5,19,0.018696367457987813,0.017722566188007226
74,3,8,9,0.32142857142857145,1.0,1,1.1918891867439396,1.13969875685209
74,3,8,9,0.32142857142857145,1.0,3,0.3819956448449837,0.3673924488040652
74,3,8,9,0.32142857142857145,1.0,5,0.22715778551842564,0.21711005045683815
74,3,8,9,0.32142857142857145,1.0,7,0.1616561656097571,0.1540101665183231
74,3,8,9,0.32142857142857145,1.0,9,0.12547911970003855,0.11931770370851666
74,3,8,9,0.32142857142857145,1.0,11,0.10253448576216552,0.09737858477223078
74,3,8,9,0.32142857142857145,1.0,13,0.08668431221970603,0.08225337521625485
74,3,8,9,0.32142857142857145,1.0,15,0.07507862996772027,0.07119468403441141
74,3,8,9,0.32142857142857145,1.0,17,0.06621376444100771,0.06275700266303179
74,3,8,9,0.32142857142857145,1.0,19,0.05922131180965099,0.056107303876977765
75,3,8,9,0.32142857142857145,0.1,1,0.019932343388298985,0.01436277844932673
75,3,8,9,0.32142857142857145,0.1,3,0.006637526525823879,0.004770550847224225
75,3,8,9,0.32142857142857145,0.1,5,0.003981855892797176,0.0028609213225710543
75,3,8,9,0.32142857142857145,0.1,7,0.002843990151420101,0.0020431309182708333
75,3,8,9,0.32142857142857145,0.1,9,0.002211911000929178,0.0015889452917166966
75,3,8,9,0.32142857142857145,0.1,11,0.0018097035906911218,0.0012999675509511239
75,3,8,9,0.32142857142857145,0.1,13,0.0015312634047862023,0.0010999276220121973
75,3,8,9,0.32142857142857145,0.1,15,0.0013270796393765128,0.0009532425613676515
75,3,8,9,0.32142857142857145,0.1,17,0.001170942342133297,0.0008410777097747802
75,3,8,9,0.32142857142857145,0.1,19,0.0010476780189972435,0.0007525301671462241
75,3,8,9,0.32142857142857145,0.5,1,0.4466304512492204,0.3353886393925696
75,3,8,9,0.32142857142857145,0.5,3,0.14745813879086242,0.10613783573716849
75,3,8,9,0.32142857142857145,0.5,5,0.08837317458824741,0.06330417288259602
75,3,8,9,0.32142857142857145,0.5,7,0.06309657159468399,0.04512658836896115
75,3,8,9,0.32142857142857145,0.5,9,0.04906417587245904,0.03506449296061058
75,3,8,9,0.32142857142857145,0.5,11,0.040137959410557277,0.02867305314373905
75,3,8,9,0.32142857142857145,0.5,13,0.033959782585934364,0.02425301974884982
75,3,8,9,0.32142857142857145,0.5,15,0.029429878196427936,0.021013976789353704
75,3,8,9,0.32142857142857145,0.5,17,0.025966255548144433,0.018538306090683496
75,3,8,9,0.32142857142857145,0.5,19,0.023232069694182775,0.01658455520658769
75,3,8,9,0.32142857142857145,1.0,1,1.2672710293675502,1.0561186008068397
75,3,8,9,0.32142857142857145,1.0,3,0.4186559042807854,0.3053631996621544
75,3,8,9,0.32142857142857145,1.0,5,0.25118307199183637,0.17950195400741642
75,3,8,9,0.32142857142857145,1.0,7,0.17938463118481274,0.12735716393965502
75,3,8,9,0.32142857142857145,1.0,9,0.1395006326534345,0.09874409410068005
75,3,8,9,0.32142857142857145,1.0,11,0.11412384395145803,0.08064692014370288
75,3,8,9,0.32142857142857145,1.0,13,0.09655781276356949,0.06816271902430678
75,3,8,9,0.32142857142857145,1.0,15,0.08367762448834426,0.05902869525374148
75,3,8,9,0.32142857142857145,1.0,17,0.07382907282382778,0.052054985920199436
75,3,8,9,0.32142857142857145,1.0,19,0.06605456604912739,0.04655582625322149
76,3,8,9,0.32142857142857145,0.1,1,0.01114581761285145,0.011142974497998075
76,3,8,9,0.32142857142857145,0.1,3,0.0037097952151727673,0.003709139890413984
76,3,8,9,0.32142857142857145,0.1,5,0.002225614555983356,0.002225235500997154
76,3,8,9,0.32142857142857145,0.1,7,0.0015896730165621212,0.0015894050476011525
76,3,8,9,0.32142857142857145,0.1,9,0.001236395809836208,0.001236188281003257
76,3,8,9,0.32142857142857145,0.1,11,0.0010115897230510685,0.0010114202959796946
76,3,8,9,0.32142857142857145,0.1,13,0.0008559572019372003,0.0008558140202790634
76,3,8,9,0.32142857142857145,0.1,15,0.0007418277627187974,0.0007417037696685904
76,3,8,9,0.32142857142857145,0.1,17,0.000654552839594683,0.0006544434915887627
76,3,8,9,0.32142857142857145,0.1,19,0.0005856518702307889,0.0005855540686936735
76,3,8,9,0.32142857142857145,0.5,1,0.25874309081870284,0.2570252669865071
76,3,8,9,0.32142857142857145,0.5,3,0.08301604526610319,0.0826384835519637
76,3,8,9,0.32142857142857145,0.5,5,0.049658575192640046,0.049443619994047415
76,3,8,9,0.32142857142857145,0.5,7,0.03544075023348775,0.03528953749814252
76,3,8,9,0.32142857142857145,0.5,9,0.02755554065537337,0.027438680166458906
76,3,8,9,0.32142857142857145,0.5,11,0.022541514203369417,0.022446212315997003
76,3,8,9,0.32142857142857145,0.5,13,0.01907167754402379,0.01899118917667969
76,3,8,9,0.32142857142857145,0.5,15,0.016527747970517738,0.016458073939881416
76,3,8,9,0.32142857142857145,0.5,17,0.014582694243174784,0.014521265866018367
76,3,8,9,0.32142857142857145,0.5,19,0.01304728936641107,0.012992357704218088
76,3,8,9,0.32142857142857145,1.0,1,0.8255155702929952,0.8014201204296718
76,3,8,9,0.32142857142857145,1.0,3,0.23270571893064976,0.227651381610327
76,3,8,9,0.32142857142857145,1.0,5,0.13749010284072014,0.13496888130494714
76,3,8,9,0.32142857142857145,1.0,7,0.09777229014042707,0.09609144195028875
76,3,8,9,0.32142857142857145,1.0,9,0.07590398847003241,0.07463740509611258
76,3,8,9,0.32142857142857145,1.0,11,0.06204443172129991,0.06102546664501404
76,3,8,9,0.32142857142857145,1.0,13,0.05247040044439453,0.051616755135962554
76,3,8,9,0.32142857142857145,1.0,15,0.04545868874568215,0.044723555274261945
76,3,8,9,0.32142857142857145,1.0,17,0.04010136107522819,0.03945549640918139
76,3,8,9,0.32142857142857145,1.0,19,0.03587435845619094,0.03529823185480422
77,3,8,9,0.32142857142857145,0.1,1,0.009984708341985742,0.01453076650159724
77,3,8,9,0.32142857142857145,0.1,3,0.0033272168057117443,0.004840482725382556
77,3,8,9,0.32142857142857145,0.1,5,0.0019962814760343776,0.002904140596612138
77,3,8,9,0.32142857142857145,0.1,7,0.0014259057803353908,0.0020743568116879958
77,3,8,9,0.32142857142857145,0.1,9,0.001109034769925771,0.0016133792440758896
77,3,8,9,0.32142857142857145,0.1,11,0.0009073908175739923,0.0013200336755028739
77,3,8,9,0.32142857142857145,0.1,13,0.000767791613722864,0.001116949679527399
77,3,8,9,0.32142857142857145,0.1,15,0.0006654190633276354,0.0009680220267812666
77,3,8,9,0.32142857142857145,0.1,17,0.0005871342699617794,0.0008541364757861562
77,3,8,9,0.32142857142857145,0.1,19,0.0005253305385808209,0.0007642269924546082
77,3,8,9,0.32142857142857145,0.5,1,0.2402650443731547,0.3392253906638182
77,3,8,9,0.32142857142857145,0.5,3,0.0795849792515167,0.1114631959318446
77,3,8,9,0.32142857142857145,0.5,5,0.047731058759199474,0.06680047807377748
77,3,8,9,0.32142857142857145,0.5,7,0.03408975893730155,0.04769938557987321
77,3,8,9,0.32142857142857145,0.5,9,0.026513029718164195,0.03709464347587501
77,3,8,9,0.32142857142857145,0.5,11,0.02169197175887366,0.030348142255864453
77,3,8,9,0.32142857142857145,0.5,13,0.01835449884792183,0.025678213936710315
77,3,8,9,0.32142857142857145,0.5,15,0.01590709840430848,0.02225391737199448
77,3,8,9,0.32142857142857145,0.5,17,0.014035596122082087,0.019635494134016742
77,3,8,9,0.32142857142857145,0.5,19,0.012558115442224752,0.01756840219719058
77,3,8,9,0.32142857142857145,1.0,1,0.8403335241558435,1.0792031929252432
77,3,8,9,0.32142857142857145,1.0,3,0.27726660801062664,0.3442078867627574
77,3,8,9,0.32142857142857145,1.0,5,0.16636866539666267,0.20563858935820392
77,3,8,9,0.32142857142857145,1.0,7,0.11883749992604212,0.14670778179326946
77,3,8,9,0.32142857142857145,1.0,9,0.09243013435798492,0.11404917669723917
77,3,8,9,0.32142857142857145,1.0,11,0.0756250722505412,0.09328936208181875
77,3,8,9,0.32142857142857145,1.0,13,0.06399065270382376,0.07892565539246672
77,3,8,9,0.32142857142857145,1.0,15,0.05545867951611036,0.0683959793379582
77,3,8,9,0.32142857142857145,1.0,17,0.048934196608422624,0.060345703415066454
77,3,8,9,0.32142857142857145,1.0,19,0.04378327117978229,0.05399120843691085
78,3,8,9,0.32142857142857145,0.1,1,0.012446223724313785,0.01186071032784091
78,3,8,9,0.32142857142857145,0.1,3,0.004136523333815057,0.003946731311447412
78,3,8,9,0.32142857142857145,0.1,5,0.0024807885257429317,0.0023674910183125756
78,3,8,9,0.32142857142857145,0.1,7,0.0017716720177001247,0.0016909172416111836
78,3,8,9,0.32142857142857145,0.1,9,0.0013778339334674244,0.001315098021697076
78,3,8,9,0.32142857142857145,0.1,11,0.0011272508427415662,0.0010759593613658808
78,3,8,9,0.32142857142857145,0.1,13,0.0009537884863677088,0.0009104100913561307
78,3,8,9,0.32142857142857145,0.1,15,0.0008265920699386044,0.0007890114489434461
78,3,8,9,0.32142857142857145,0.1,17,0.0007293294659373945,0.0006961795071231921
78,3,8,9,0.32142857142857145,0.1,19,0.0006525463762740691,0.000622892521606801
78,3,8,9,0.32142857142857145,0.5,1,0.2920188512361922,0.2778528044979851
78,3,8,9,0.32142857142857145,0.5,3,0.09382310642348987,0.0901765356668335
78,3,8,9,0.32142857142857145,0.5,5,0.05606526859118243,0.05395425390936509
78,3,8,9,0.32142857142857145,0.5,7,0.039989726701714655,0.03850185714331407
78,3,8,9,0.32142857142857145,0.5,9,0.031081151257256745,0.029931868191222732
78,3,8,9,0.32142857142857145,0.5,11,0.02541938705632855,0.024482996400159066
78,3,8,9,0.32142857142857145,0.5,13,0.021502781031884168,0.020712674968742115
78,3,8,9,0.32142857142857145,0.5,15,0.01863211144312213,0.01794873143019132
78,3,8,9,0.32142857142857145,0.5,17,0.01643771678465559,0.015835646969060847
78,3,8,9,0.32142857142857145,0.5,19,0.014705786434874624,0.014167727374799294
78,3,8,9,0.32142857142857145,1.0,1,0.9417791905958274,0.9119491765000349
78,3,8,9,0.32142857142857145,1.0,3,0.28095818957439833,0.28299912693530876
78,3,8,9,0.32142857142857145,1.0,5,0.1666825819825535,0.16822542178567204
78,3,8,9,0.32142857142857145,1.0,7,0.11860719022633655,0.11973151631444783
78,3,8,9,0.32142857142857145,1.0,9,0.09207999196059806,0.09295013373655799
78,3,8,9,0.32142857142857145,1.0,11,0.0752572377778022,0.07596285540558216
78,3,8,9,0.32142857142857145,1.0,13,0.06363470493131643,0.06422654636912732
78,3,8,9,0.32142857142857145,1.0,15,0.055123108828926924,0.05563205013758646
78,3,8,9,0.32142857142857145,1.0,17,0.048620499590839514,0.04906654203350147
78,3,8,9,0.32142857142857145,1.0,19,0.0434905248890857,0.04388729984340869
79,3,8,9,0.32142857142857145,0.1,1,0.012767564764858361,0.012767564764858377
79,3,8,9,0.32142857142857145,0.1,3,0.004249915218751347,0.004249915218751378
79,3,8,9,0.32142857142857145,0.1,5,0.0025496645236600213,0.002549664523660064
79,3,8,9,0.32142857142857145,0.1,7,0.001821132945574931,0.0018211329455749224
79,3,8,9,0.32142857142857145,0.1,9,0.0014164188121485127,0.001416418812148531
79,3,8,9,0.32142857142857145,0.1,11,0.0011588806959807064,0.001158880695980778
79,3,8,9,0.32142857142857145,0.1,13,0.0009805877456218412,0.0009805877456218305
79,3,8,9,0.32142857142857145,0.1,15,0.000849840748553173,0.0008498407485531622
79,3,8,9,0.32142857142857145,0.1,17,0.0007498583256753251,0.0007498583256752711
79,3,8,9,0.32142857142857145,0.1,19,0.0006709251436291083,0.0006709251436291694
79,3,8,9,0.32142857142857145,0.5,1,0.2961089040049337,0.2961089040049339
79,3,8,9,0.32142857142857145,0.5,3,0.09538764857654457,0.09538764857654483
79,3,8,9,0.32142857142857145,0.5,5,0.057079414529120485,0.057079414529120465
79,3,8,9,0.32142857142857145,0.5,7,0.040740944109563075,0.04074094410956296
79,3,8,9,0.32142857142857145,0.5,9,0.0316777769257355,0.031677776925735424
79,3,8,9,0.32142857142857145,0.5,11,0.025914192297062832,0.025914192297062752
79,3,8,9,0.32142857142857145,0.5,13,0.021925450370669362,0.02192545037066898
79,3,8,9,0.32142857142857145,0.5,15,0.01900099926271926,0.019000999262719292
79,3,8,9,0.32142857142857145,0.5,17,0.016764963138148025,0.01676496313814804
79,3,8,9,0.32142857142857145,0.5,19,0.01499983795366273,0.01499983795366268
79,3,8,9,0.32142857142857145,1.0,1,0.943588716666166,0.9435887166661658
79,3,8,9,0.32142857142857145,1.0,3,0.2807946457630528,0.2807946457630528
79,3,8,9,0.32142857142857145,1.0,5,0.16687477142392707,0.1668747714239273
79,3,8,9,0.32142857142857145,1.0,7,0.11888065866331944,0.11888065866331958
79,3,8,9,0.32142857142857145,1.0,9,0.09236088732514817,0.09236088732514809
79,3,8,9,0.32142857142857145,1.0,11,0.07552538443322081,0.07552538443322081
79,3,8,9,0.32142857142857145,1.0,13,0.06388512673199635,0.06388512673199656
79,3,8,9,0.32142857142857145,1.0,15,0.05535557900444278,0.055355579004443094
79,3,8,9,0.32142857142857145,1.0,17,0.04883628025699126,0.04883628025699108
79,3,8,9,0.32142857142857145,1.0,19,0.04369125467604822,0.0436912546760484
