[2025-12-04 16:28:17] 

Starting analysis with:
[2025-12-04 16:28:17] Script location: F:\UTK\Research\DOE_FOA_project\code\dyn-CTQW\analysis
[2025-12-04 16:28:17] Number of qubits: 7
[2025-12-04 16:28:17] Number of vertices: 128
[2025-12-04 16:28:17] Delta t: 0.1
[2025-12-04 16:28:17] Matching algorithm: automatic (bipartite/greedy)
[2025-12-04 16:28:17] Graph type: counting
[2025-12-04 16:28:17] Input file: analysis\graphs\connected\200graph_counting_128v.g6
[2025-12-04 16:28:17] Output directory: F:\UTK\Research\DOE_FOA_project\code\dyn-CTQW\analysis\outputs\matching_vs_pauli\connected_128v\counting_128v\20251204_162817
[2025-12-04 16:28:17] Checkpoint interval: 50
[2025-12-04 16:28:17] Parsed graph info: {'num_graphs': 200, 'size': 'counting', 'vertices': '128', 'type': 'v'}
[2025-12-04 16:28:17] Found 200 graphs in file
[2025-12-04 16:28:17] 
Processing graph 0/200
[2025-12-04 16:28:17] Graph 0 has 128 nodes and 127 edges
[2025-12-04 16:28:17] Converted to 127 bitstring edges
[2025-12-04 16:28:17] Computing Matchings Dynamic walk
[2025-12-04 16:28:17] Matchings - CX: 179.0, U3: 173.0, Depth: 242.0
[2025-12-04 16:28:17] Computing Pauli decomposition
[2025-12-04 16:28:26] Pauli - CX: 656.0, U3: 606.0, Depth: 957.0
[2025-12-04 16:28:26] Analysis completed in 8.89s - Category: win
[2025-12-04 16:28:26] Successfully processed graph 0 - Category: win - Time: 8.89s
[2025-12-04 16:28:26] 
Processing graph 1/200
[2025-12-04 16:28:26] Graph 1 has 128 nodes and 128 edges
[2025-12-04 16:28:26] Converted to 128 bitstring edges
[2025-12-04 16:28:26] Computing Matchings Dynamic walk
[2025-12-04 16:28:26] Matchings - CX: 237.0, U3: 231.0, Depth: 318.0
[2025-12-04 16:28:26] Computing Pauli decomposition
[2025-12-04 16:28:36] Pauli - CX: 801.0, U3: 785.0, Depth: 1198.0
[2025-12-04 16:28:36] Analysis completed in 10.13s - Category: win
[2025-12-04 16:28:36] Successfully processed graph 1 - Category: win - Time: 10.13s
[2025-12-04 16:28:36] 
Processing graph 2/200
[2025-12-04 16:28:36] Graph 2 has 128 nodes and 128 edges
[2025-12-04 16:28:36] Converted to 128 bitstring edges
[2025-12-04 16:28:36] Computing Matchings Dynamic walk
[2025-12-04 16:28:36] Matchings - CX: 241.0, U3: 233.0, Depth: 320.0
[2025-12-04 16:28:36] Computing Pauli decomposition
[2025-12-04 16:28:45] Pauli - CX: 785.0, U3: 1019.0, Depth: 1265.0
[2025-12-04 16:28:45] Analysis completed in 9.10s - Category: win
[2025-12-04 16:28:45] Successfully processed graph 2 - Category: win - Time: 9.10s
[2025-12-04 16:28:45] 
Processing graph 3/200
[2025-12-04 16:28:45] Graph 3 has 128 nodes and 128 edges
[2025-12-04 16:28:45] Converted to 128 bitstring edges
[2025-12-04 16:28:45] Computing Matchings Dynamic walk
[2025-12-04 16:28:45] Matchings - CX: 233.0, U3: 231.0, Depth: 314.0
[2025-12-04 16:28:45] Computing Pauli decomposition
[2025-12-04 16:28:54] Pauli - CX: 832.0, U3: 736.0, Depth: 1215.0
[2025-12-04 16:28:54] Analysis completed in 9.00s - Category: win
[2025-12-04 16:28:54] Successfully processed graph 3 - Category: win - Time: 9.00s
[2025-12-04 16:28:54] 
Processing graph 4/200
[2025-12-04 16:28:54] Graph 4 has 128 nodes and 128 edges
[2025-12-04 16:28:54] Converted to 128 bitstring edges
[2025-12-04 16:28:54] Computing Matchings Dynamic walk
[2025-12-04 16:28:54] Matchings - CX: 243.0, U3: 233.0, Depth: 323.0
[2025-12-04 16:28:54] Computing Pauli decomposition
[2025-12-04 16:29:04] Pauli - CX: 987.0, U3: 915.0, Depth: 1441.0
[2025-12-04 16:29:04] Analysis completed in 9.68s - Category: win
[2025-12-04 16:29:04] Successfully processed graph 4 - Category: win - Time: 9.68s
[2025-12-04 16:29:04] 
Processing graph 5/200
[2025-12-04 16:29:04] Graph 5 has 128 nodes and 128 edges
[2025-12-04 16:29:04] Converted to 128 bitstring edges
[2025-12-04 16:29:04] Computing Matchings Dynamic walk
[2025-12-04 16:29:04] Matchings - CX: 641.0, U3: 636.0, Depth: 835.0
[2025-12-04 16:29:04] Computing Pauli decomposition
[2025-12-04 16:29:14] Pauli - CX: 968.0, U3: 840.0, Depth: 1397.0
[2025-12-04 16:29:14] Analysis completed in 10.11s - Category: win
[2025-12-04 16:29:14] Successfully processed graph 5 - Category: win - Time: 10.11s
[2025-12-04 16:29:14] 
Processing graph 6/200
[2025-12-04 16:29:14] Graph 6 has 128 nodes and 128 edges
[2025-12-04 16:29:14] Converted to 128 bitstring edges
[2025-12-04 16:29:14] Computing Matchings Dynamic walk
[2025-12-04 16:29:14] Matchings - CX: 241.0, U3: 232.0, Depth: 322.0
[2025-12-04 16:29:14] Computing Pauli decomposition
[2025-12-04 16:29:23] Pauli - CX: 963.0, U3: 934.0, Depth: 1421.0
[2025-12-04 16:29:23] Analysis completed in 9.45s - Category: win
[2025-12-04 16:29:23] Successfully processed graph 6 - Category: win - Time: 9.45s
[2025-12-04 16:29:23] 
Processing graph 7/200
[2025-12-04 16:29:23] Graph 7 has 128 nodes and 128 edges
[2025-12-04 16:29:23] Converted to 128 bitstring edges
[2025-12-04 16:29:23] Computing Matchings Dynamic walk
[2025-12-04 16:29:23] Matchings - CX: 239.0, U3: 233.0, Depth: 319.0
[2025-12-04 16:29:23] Computing Pauli decomposition
[2025-12-04 16:29:32] Pauli - CX: 748.0, U3: 944.0, Depth: 1203.0
[2025-12-04 16:29:32] Analysis completed in 8.96s - Category: win
[2025-12-04 16:29:32] Successfully processed graph 7 - Category: win - Time: 8.96s
[2025-12-04 16:29:32] 
Processing graph 8/200
[2025-12-04 16:29:32] Graph 8 has 128 nodes and 128 edges
[2025-12-04 16:29:32] Converted to 128 bitstring edges
[2025-12-04 16:29:32] Computing Matchings Dynamic walk
[2025-12-04 16:29:32] Matchings - CX: 239.0, U3: 235.0, Depth: 321.0
[2025-12-04 16:29:32] Computing Pauli decomposition
[2025-12-04 16:29:42] Pauli - CX: 921.0, U3: 783.0, Depth: 1320.0
[2025-12-04 16:29:42] Analysis completed in 9.45s - Category: win
[2025-12-04 16:29:42] Successfully processed graph 8 - Category: win - Time: 9.45s
[2025-12-04 16:29:42] 
Processing graph 9/200
[2025-12-04 16:29:42] Graph 9 has 128 nodes and 128 edges
[2025-12-04 16:29:42] Converted to 128 bitstring edges
[2025-12-04 16:29:42] Computing Matchings Dynamic walk
[2025-12-04 16:29:42] Matchings - CX: 241.0, U3: 231.0, Depth: 319.0
[2025-12-04 16:29:42] Computing Pauli decomposition
[2025-12-04 16:29:51] Pauli - CX: 744.0, U3: 958.0, Depth: 1205.0
[2025-12-04 16:29:51] Analysis completed in 9.19s - Category: win
[2025-12-04 16:29:51] Successfully processed graph 9 - Category: win - Time: 9.19s
[2025-12-04 16:29:51] 
Processing graph 10/200
[2025-12-04 16:29:51] Graph 10 has 128 nodes and 128 edges
[2025-12-04 16:29:51] Converted to 128 bitstring edges
[2025-12-04 16:29:51] Computing Matchings Dynamic walk
[2025-12-04 16:29:51] Matchings - CX: 677.0, U3: 688.0, Depth: 912.0
[2025-12-04 16:29:51] Computing Pauli decomposition
[2025-12-04 16:30:00] Pauli - CX: 843.0, U3: 979.0, Depth: 1305.0
[2025-12-04 16:30:00] Analysis completed in 9.45s - Category: win
[2025-12-04 16:30:00] Successfully processed graph 10 - Category: win - Time: 9.45s
[2025-12-04 16:30:00] 
Processing graph 11/200
[2025-12-04 16:30:00] Graph 11 has 128 nodes and 128 edges
[2025-12-04 16:30:00] Converted to 128 bitstring edges
[2025-12-04 16:30:00] Computing Matchings Dynamic walk
[2025-12-04 16:30:00] Matchings - CX: 237.0, U3: 231.0, Depth: 318.0
[2025-12-04 16:30:00] Computing Pauli decomposition
[2025-12-04 16:30:09] Pauli - CX: 840.0, U3: 796.0, Depth: 1242.0
[2025-12-04 16:30:09] Analysis completed in 9.22s - Category: win
[2025-12-04 16:30:09] Successfully processed graph 11 - Category: win - Time: 9.22s
[2025-12-04 16:30:09] 
Processing graph 12/200
[2025-12-04 16:30:09] Graph 12 has 128 nodes and 128 edges
[2025-12-04 16:30:09] Converted to 128 bitstring edges
[2025-12-04 16:30:09] Computing Matchings Dynamic walk
[2025-12-04 16:30:09] Matchings - CX: 235.0, U3: 231.0, Depth: 316.0
[2025-12-04 16:30:09] Computing Pauli decomposition
[2025-12-04 16:30:19] Pauli - CX: 736.0, U3: 935.0, Depth: 1186.0
[2025-12-04 16:30:19] Analysis completed in 9.43s - Category: win
[2025-12-04 16:30:19] Successfully processed graph 12 - Category: win - Time: 9.43s
[2025-12-04 16:30:19] 
Processing graph 13/200
[2025-12-04 16:30:19] Graph 13 has 128 nodes and 128 edges
[2025-12-04 16:30:19] Converted to 128 bitstring edges
[2025-12-04 16:30:19] Computing Matchings Dynamic walk
[2025-12-04 16:30:19] Matchings - CX: 717.0, U3: 720.0, Depth: 947.0
[2025-12-04 16:30:19] Computing Pauli decomposition
[2025-12-04 16:30:28] Pauli - CX: 801.0, U3: 784.0, Depth: 1198.0
[2025-12-04 16:30:28] Analysis completed in 9.37s - Category: win
[2025-12-04 16:30:28] Successfully processed graph 13 - Category: win - Time: 9.37s
[2025-12-04 16:30:28] 
Processing graph 14/200
[2025-12-04 16:30:28] Graph 14 has 128 nodes and 128 edges
[2025-12-04 16:30:28] Converted to 128 bitstring edges
[2025-12-04 16:30:28] Computing Matchings Dynamic walk
[2025-12-04 16:30:28] Matchings - CX: 241.0, U3: 234.0, Depth: 320.0
[2025-12-04 16:30:28] Computing Pauli decomposition
[2025-12-04 16:30:38] Pauli - CX: 688.0, U3: 900.0, Depth: 1123.0
[2025-12-04 16:30:38] Analysis completed in 9.67s - Category: win
[2025-12-04 16:30:38] Successfully processed graph 14 - Category: win - Time: 9.67s
[2025-12-04 16:30:38] 
Processing graph 15/200
[2025-12-04 16:30:38] Graph 15 has 128 nodes and 128 edges
[2025-12-04 16:30:38] Converted to 128 bitstring edges
[2025-12-04 16:30:38] Computing Matchings Dynamic walk
[2025-12-04 16:30:38] Matchings - CX: 241.0, U3: 232.0, Depth: 322.0
[2025-12-04 16:30:38] Computing Pauli decomposition
[2025-12-04 16:30:48] Pauli - CX: 927.0, U3: 939.0, Depth: 1380.0
[2025-12-04 16:30:48] Analysis completed in 10.04s - Category: win
[2025-12-04 16:30:48] Successfully processed graph 15 - Category: win - Time: 10.04s
[2025-12-04 16:30:48] 
Processing graph 16/200
[2025-12-04 16:30:48] Graph 16 has 128 nodes and 129 edges
[2025-12-04 16:30:48] Converted to 129 bitstring edges
[2025-12-04 16:30:48] Computing Matchings Dynamic walk
[2025-12-04 16:30:48] Matchings - CX: 620.0, U3: 623.0, Depth: 823.0
[2025-12-04 16:30:48] Computing Pauli decomposition
[2025-12-04 16:30:57] Pauli - CX: 860.0, U3: 1066.0, Depth: 1391.0
[2025-12-04 16:30:57] Analysis completed in 9.38s - Category: win
[2025-12-04 16:30:57] Successfully processed graph 16 - Category: win - Time: 9.38s
[2025-12-04 16:30:57] 
Processing graph 17/200
[2025-12-04 16:30:57] Graph 17 has 128 nodes and 129 edges
[2025-12-04 16:30:57] Converted to 129 bitstring edges
[2025-12-04 16:30:57] Computing Matchings Dynamic walk
[2025-12-04 16:30:57] Matchings - CX: 661.0, U3: 665.0, Depth: 890.0
[2025-12-04 16:30:57] Computing Pauli decomposition
[2025-12-04 16:31:07] Pauli - CX: 1037.0, U3: 1362.0, Depth: 1671.0
[2025-12-04 16:31:07] Analysis completed in 9.26s - Category: win
[2025-12-04 16:31:07] Successfully processed graph 17 - Category: win - Time: 9.26s
[2025-12-04 16:31:07] 
Processing graph 18/200
[2025-12-04 16:31:07] Graph 18 has 128 nodes and 129 edges
[2025-12-04 16:31:07] Converted to 129 bitstring edges
[2025-12-04 16:31:07] Computing Matchings Dynamic walk
[2025-12-04 16:31:07] Matchings - CX: 299.0, U3: 289.0, Depth: 399.0
[2025-12-04 16:31:07] Computing Pauli decomposition
[2025-12-04 16:31:16] Pauli - CX: 1228.0, U3: 1155.0, Depth: 1780.0
[2025-12-04 16:31:16] Analysis completed in 9.16s - Category: win
[2025-12-04 16:31:16] Successfully processed graph 18 - Category: win - Time: 9.16s
[2025-12-04 16:31:16] 
Processing graph 19/200
[2025-12-04 16:31:16] Graph 19 has 128 nodes and 129 edges
[2025-12-04 16:31:16] Converted to 129 bitstring edges
[2025-12-04 16:31:16] Computing Matchings Dynamic walk
[2025-12-04 16:31:16] Matchings - CX: 848.0, U3: 864.0, Depth: 1146.0
[2025-12-04 16:31:16] Computing Pauli decomposition
[2025-12-04 16:31:25] Pauli - CX: 1055.0, U3: 1182.0, Depth: 1632.0
[2025-12-04 16:31:25] Analysis completed in 9.11s - Category: win
[2025-12-04 16:31:25] Successfully processed graph 19 - Category: win - Time: 9.11s
[2025-12-04 16:31:25] 
Processing graph 20/200
[2025-12-04 16:31:25] Graph 20 has 128 nodes and 129 edges
[2025-12-04 16:31:25] Converted to 129 bitstring edges
[2025-12-04 16:31:25] Computing Matchings Dynamic walk
[2025-12-04 16:31:25] Matchings - CX: 560.0, U3: 559.0, Depth: 721.0
[2025-12-04 16:31:25] Computing Pauli decomposition
[2025-12-04 16:31:34] Pauli - CX: 870.0, U3: 1068.0, Depth: 1405.0
[2025-12-04 16:31:34] Analysis completed in 9.43s - Category: win
[2025-12-04 16:31:34] Successfully processed graph 20 - Category: win - Time: 9.43s
[2025-12-04 16:31:34] 
Processing graph 21/200
[2025-12-04 16:31:34] Graph 21 has 128 nodes and 129 edges
[2025-12-04 16:31:34] Converted to 129 bitstring edges
[2025-12-04 16:31:34] Computing Matchings Dynamic walk
[2025-12-04 16:31:34] Matchings - CX: 297.0, U3: 292.0, Depth: 396.0
[2025-12-04 16:31:34] Computing Pauli decomposition
[2025-12-04 16:31:44] Pauli - CX: 892.0, U3: 1096.0, Depth: 1439.0
[2025-12-04 16:31:44] Analysis completed in 9.43s - Category: win
[2025-12-04 16:31:44] Successfully processed graph 21 - Category: win - Time: 9.43s
[2025-12-04 16:31:44] 
Processing graph 22/200
[2025-12-04 16:31:44] Graph 22 has 128 nodes and 129 edges
[2025-12-04 16:31:44] Converted to 129 bitstring edges
[2025-12-04 16:31:44] Computing Matchings Dynamic walk
[2025-12-04 16:31:44] Matchings - CX: 307.0, U3: 296.0, Depth: 405.0
[2025-12-04 16:31:44] Computing Pauli decomposition
[2025-12-04 16:31:53] Pauli - CX: 1089.0, U3: 1356.0, Depth: 1729.0
[2025-12-04 16:31:53] Analysis completed in 9.58s - Category: win
[2025-12-04 16:31:53] Successfully processed graph 22 - Category: win - Time: 9.58s
[2025-12-04 16:31:53] 
Processing graph 23/200
[2025-12-04 16:31:53] Graph 23 has 128 nodes and 129 edges
[2025-12-04 16:31:53] Converted to 129 bitstring edges
[2025-12-04 16:31:53] Computing Matchings Dynamic walk
[2025-12-04 16:31:53] Matchings - CX: 1024.0, U3: 1046.0, Depth: 1329.0
[2025-12-04 16:31:53] Computing Pauli decomposition
[2025-12-04 16:32:03] Pauli - CX: 791.0, U3: 1089.0, Depth: 1306.0
[2025-12-04 16:32:03] Analysis completed in 9.51s - Category: lose
[2025-12-04 16:32:03] Successfully processed graph 23 - Category: lose - Time: 9.51s
[2025-12-04 16:32:03] 
Processing graph 24/200
[2025-12-04 16:32:03] Graph 24 has 128 nodes and 129 edges
[2025-12-04 16:32:03] Converted to 129 bitstring edges
[2025-12-04 16:32:03] Computing Matchings Dynamic walk
[2025-12-04 16:32:03] Matchings - CX: 297.0, U3: 293.0, Depth: 395.0
[2025-12-04 16:32:03] Computing Pauli decomposition
[2025-12-04 16:32:12] Pauli - CX: 877.0, U3: 1129.0, Depth: 1431.0
[2025-12-04 16:32:12] Analysis completed in 9.61s - Category: win
[2025-12-04 16:32:12] Successfully processed graph 24 - Category: win - Time: 9.61s
[2025-12-04 16:32:12] 
Processing graph 25/200
[2025-12-04 16:32:12] Graph 25 has 128 nodes and 129 edges
[2025-12-04 16:32:12] Converted to 129 bitstring edges
[2025-12-04 16:32:12] Computing Matchings Dynamic walk
[2025-12-04 16:32:13] Matchings - CX: 968.0, U3: 973.0, Depth: 1285.0
[2025-12-04 16:32:13] Computing Pauli decomposition
[2025-12-04 16:32:22] Pauli - CX: 946.0, U3: 1086.0, Depth: 1469.0
[2025-12-04 16:32:22] Analysis completed in 9.61s - Category: lose
[2025-12-04 16:32:22] Successfully processed graph 25 - Category: lose - Time: 9.61s
[2025-12-04 16:32:22] 
Processing graph 26/200
[2025-12-04 16:32:22] Graph 26 has 128 nodes and 129 edges
[2025-12-04 16:32:22] Converted to 129 bitstring edges
[2025-12-04 16:32:22] Computing Matchings Dynamic walk
[2025-12-04 16:32:22] Matchings - CX: 303.0, U3: 292.0, Depth: 400.0
[2025-12-04 16:32:22] Computing Pauli decomposition
[2025-12-04 16:32:32] Pauli - CX: 1057.0, U3: 1230.0, Depth: 1650.0
[2025-12-04 16:32:32] Analysis completed in 10.05s - Category: win
[2025-12-04 16:32:32] Successfully processed graph 26 - Category: win - Time: 10.05s
[2025-12-04 16:32:32] 
Processing graph 27/200
[2025-12-04 16:32:32] Graph 27 has 128 nodes and 129 edges
[2025-12-04 16:32:32] Converted to 129 bitstring edges
[2025-12-04 16:32:32] Computing Matchings Dynamic walk
[2025-12-04 16:32:32] Matchings - CX: 705.0, U3: 701.0, Depth: 929.0
[2025-12-04 16:32:32] Computing Pauli decomposition
[2025-12-04 16:32:42] Pauli - CX: 1096.0, U3: 1424.0, Depth: 1762.0
[2025-12-04 16:32:42] Analysis completed in 9.76s - Category: win
[2025-12-04 16:32:42] Successfully processed graph 27 - Category: win - Time: 9.76s
[2025-12-04 16:32:42] 
Processing graph 28/200
[2025-12-04 16:32:42] Graph 28 has 128 nodes and 129 edges
[2025-12-04 16:32:42] Converted to 129 bitstring edges
[2025-12-04 16:32:42] Computing Matchings Dynamic walk
[2025-12-04 16:32:42] Matchings - CX: 297.0, U3: 291.0, Depth: 397.0
[2025-12-04 16:32:42] Computing Pauli decomposition
[2025-12-04 16:32:51] Pauli - CX: 1007.0, U3: 1123.0, Depth: 1555.0
[2025-12-04 16:32:51] Analysis completed in 9.13s - Category: win
[2025-12-04 16:32:51] Successfully processed graph 28 - Category: win - Time: 9.13s
[2025-12-04 16:32:51] 
Processing graph 29/200
[2025-12-04 16:32:51] Graph 29 has 128 nodes and 129 edges
[2025-12-04 16:32:51] Converted to 129 bitstring edges
[2025-12-04 16:32:51] Computing Matchings Dynamic walk
[2025-12-04 16:32:51] Matchings - CX: 293.0, U3: 289.0, Depth: 393.0
[2025-12-04 16:32:51] Computing Pauli decomposition
[2025-12-04 16:33:01] Pauli - CX: 898.0, U3: 1129.0, Depth: 1451.0
[2025-12-04 16:33:01] Analysis completed in 10.15s - Category: win
[2025-12-04 16:33:01] Successfully processed graph 29 - Category: win - Time: 10.15s
[2025-12-04 16:33:01] 
Processing graph 30/200
[2025-12-04 16:33:01] Graph 30 has 128 nodes and 129 edges
[2025-12-04 16:33:01] Converted to 129 bitstring edges
[2025-12-04 16:33:01] Computing Matchings Dynamic walk
[2025-12-04 16:33:01] Matchings - CX: 894.0, U3: 910.0, Depth: 1161.0
[2025-12-04 16:33:01] Computing Pauli decomposition
[2025-12-04 16:33:11] Pauli - CX: 1135.0, U3: 1040.0, Depth: 1671.0
[2025-12-04 16:33:11] Analysis completed in 9.87s - Category: win
[2025-12-04 16:33:11] Successfully processed graph 30 - Category: win - Time: 9.87s
[2025-12-04 16:33:11] 
Processing graph 31/200
[2025-12-04 16:33:11] Graph 31 has 128 nodes and 129 edges
[2025-12-04 16:33:11] Converted to 129 bitstring edges
[2025-12-04 16:33:11] Computing Matchings Dynamic walk
[2025-12-04 16:33:11] Matchings - CX: 704.0, U3: 698.0, Depth: 938.0
[2025-12-04 16:33:11] Computing Pauli decomposition
[2025-12-04 16:33:22] Pauli - CX: 988.0, U3: 1228.0, Depth: 1580.0
[2025-12-04 16:33:22] Analysis completed in 10.58s - Category: win
[2025-12-04 16:33:22] Successfully processed graph 31 - Category: win - Time: 10.58s
[2025-12-04 16:33:22] 
Processing graph 32/200
[2025-12-04 16:33:22] Graph 32 has 128 nodes and 129 edges
[2025-12-04 16:33:22] Converted to 129 bitstring edges
[2025-12-04 16:33:22] Computing Matchings Dynamic walk
[2025-12-04 16:33:22] Matchings - CX: 295.0, U3: 291.0, Depth: 395.0
[2025-12-04 16:33:22] Computing Pauli decomposition
[2025-12-04 16:33:33] Pauli - CX: 951.0, U3: 1104.0, Depth: 1494.0
[2025-12-04 16:33:33] Analysis completed in 11.31s - Category: win
[2025-12-04 16:33:33] Successfully processed graph 32 - Category: win - Time: 11.31s
[2025-12-04 16:33:33] 
Processing graph 33/200
[2025-12-04 16:33:33] Graph 33 has 128 nodes and 129 edges
[2025-12-04 16:33:33] Converted to 129 bitstring edges
[2025-12-04 16:33:33] Computing Matchings Dynamic walk
[2025-12-04 16:33:33] Matchings - CX: 299.0, U3: 289.0, Depth: 398.0
[2025-12-04 16:33:33] Computing Pauli decomposition
[2025-12-04 16:33:44] Pauli - CX: 1187.0, U3: 932.0, Depth: 1682.0
[2025-12-04 16:33:44] Analysis completed in 11.33s - Category: win
[2025-12-04 16:33:44] Successfully processed graph 33 - Category: win - Time: 11.33s
[2025-12-04 16:33:44] 
Processing graph 34/200
[2025-12-04 16:33:44] Graph 34 has 128 nodes and 129 edges
[2025-12-04 16:33:44] Converted to 129 bitstring edges
[2025-12-04 16:33:44] Computing Matchings Dynamic walk
[2025-12-04 16:33:44] Matchings - CX: 299.0, U3: 294.0, Depth: 395.0
[2025-12-04 16:33:44] Computing Pauli decomposition
[2025-12-04 16:33:54] Pauli - CX: 900.0, U3: 1095.0, Depth: 1436.0
[2025-12-04 16:33:54] Analysis completed in 10.13s - Category: win
[2025-12-04 16:33:54] Successfully processed graph 34 - Category: win - Time: 10.13s
[2025-12-04 16:33:54] 
Processing graph 35/200
[2025-12-04 16:33:54] Graph 35 has 128 nodes and 129 edges
[2025-12-04 16:33:54] Converted to 129 bitstring edges
[2025-12-04 16:33:54] Computing Matchings Dynamic walk
[2025-12-04 16:33:54] Matchings - CX: 1096.0, U3: 1110.0, Depth: 1478.0
[2025-12-04 16:33:54] Computing Pauli decomposition
[2025-12-04 16:34:06] Pauli - CX: 1176.0, U3: 997.0, Depth: 1698.0
[2025-12-04 16:34:06] Analysis completed in 11.13s - Category: win
[2025-12-04 16:34:06] Successfully processed graph 35 - Category: win - Time: 11.13s
[2025-12-04 16:34:06] 
Processing graph 36/200
[2025-12-04 16:34:06] Graph 36 has 128 nodes and 129 edges
[2025-12-04 16:34:06] Converted to 129 bitstring edges
[2025-12-04 16:34:06] Computing Matchings Dynamic walk
[2025-12-04 16:34:06] Matchings - CX: 762.0, U3: 763.0, Depth: 1019.0
[2025-12-04 16:34:06] Computing Pauli decomposition
[2025-12-04 16:34:17] Pauli - CX: 1111.0, U3: 1192.0, Depth: 1679.0
[2025-12-04 16:34:17] Analysis completed in 11.41s - Category: win
[2025-12-04 16:34:17] Successfully processed graph 36 - Category: win - Time: 11.41s
[2025-12-04 16:34:17] 
Processing graph 37/200
[2025-12-04 16:34:17] Graph 37 has 128 nodes and 129 edges
[2025-12-04 16:34:17] Converted to 129 bitstring edges
[2025-12-04 16:34:17] Computing Matchings Dynamic walk
[2025-12-04 16:34:17] Matchings - CX: 299.0, U3: 293.0, Depth: 398.0
[2025-12-04 16:34:17] Computing Pauli decomposition
[2025-12-04 16:34:29] Pauli - CX: 1172.0, U3: 1106.0, Depth: 1723.0
[2025-12-04 16:34:29] Analysis completed in 12.32s - Category: win
[2025-12-04 16:34:29] Successfully processed graph 37 - Category: win - Time: 12.32s
[2025-12-04 16:34:29] 
Processing graph 38/200
[2025-12-04 16:34:29] Graph 38 has 128 nodes and 129 edges
[2025-12-04 16:34:29] Converted to 129 bitstring edges
[2025-12-04 16:34:29] Computing Matchings Dynamic walk
[2025-12-04 16:34:29] Matchings - CX: 303.0, U3: 292.0, Depth: 400.0
[2025-12-04 16:34:29] Computing Pauli decomposition
[2025-12-04 16:34:40] Pauli - CX: 1155.0, U3: 1104.0, Depth: 1709.0
[2025-12-04 16:34:40] Analysis completed in 11.00s - Category: win
[2025-12-04 16:34:40] Successfully processed graph 38 - Category: win - Time: 11.00s
[2025-12-04 16:34:40] 
Processing graph 39/200
[2025-12-04 16:34:40] Graph 39 has 128 nodes and 129 edges
[2025-12-04 16:34:40] Converted to 129 bitstring edges
[2025-12-04 16:34:40] Computing Matchings Dynamic walk
[2025-12-04 16:34:40] Matchings - CX: 918.0, U3: 927.0, Depth: 1211.0
[2025-12-04 16:34:40] Computing Pauli decomposition
[2025-12-04 16:34:52] Pauli - CX: 916.0, U3: 1172.0, Depth: 1486.0
[2025-12-04 16:34:52] Analysis completed in 12.10s - Category: lose
[2025-12-04 16:34:52] Successfully processed graph 39 - Category: lose - Time: 12.10s
[2025-12-04 16:34:52] 
Processing graph 40/200
[2025-12-04 16:34:52] Graph 40 has 128 nodes and 129 edges
[2025-12-04 16:34:52] Converted to 129 bitstring edges
[2025-12-04 16:34:52] Computing Matchings Dynamic walk
[2025-12-04 16:34:52] Matchings - CX: 1029.0, U3: 1039.0, Depth: 1343.0
[2025-12-04 16:34:52] Computing Pauli decomposition
[2025-12-04 16:35:03] Pauli - CX: 1200.0, U3: 1047.0, Depth: 1729.0
[2025-12-04 16:35:04] Analysis completed in 11.09s - Category: win
[2025-12-04 16:35:04] Successfully processed graph 40 - Category: win - Time: 11.09s
[2025-12-04 16:35:04] 
Processing graph 41/200
[2025-12-04 16:35:04] Graph 41 has 128 nodes and 129 edges
[2025-12-04 16:35:04] Converted to 129 bitstring edges
[2025-12-04 16:35:04] Computing Matchings Dynamic walk
[2025-12-04 16:35:04] Matchings - CX: 297.0, U3: 289.0, Depth: 396.0
[2025-12-04 16:35:04] Computing Pauli decomposition
[2025-12-04 16:35:15] Pauli - CX: 1117.0, U3: 1120.0, Depth: 1662.0
[2025-12-04 16:35:15] Analysis completed in 11.60s - Category: win
[2025-12-04 16:35:15] Successfully processed graph 41 - Category: win - Time: 11.60s
[2025-12-04 16:35:15] 
Processing graph 42/200
[2025-12-04 16:35:15] Graph 42 has 128 nodes and 129 edges
[2025-12-04 16:35:15] Converted to 129 bitstring edges
[2025-12-04 16:35:15] Computing Matchings Dynamic walk
[2025-12-04 16:35:15] Matchings - CX: 717.0, U3: 722.0, Depth: 935.0
[2025-12-04 16:35:15] Computing Pauli decomposition
[2025-12-04 16:35:27] Pauli - CX: 1257.0, U3: 1054.0, Depth: 1796.0
[2025-12-04 16:35:27] Analysis completed in 12.01s - Category: win
[2025-12-04 16:35:27] Successfully processed graph 42 - Category: win - Time: 12.01s
[2025-12-04 16:35:27] 
Processing graph 43/200
[2025-12-04 16:35:27] Graph 43 has 128 nodes and 129 edges
[2025-12-04 16:35:27] Converted to 129 bitstring edges
[2025-12-04 16:35:27] Computing Matchings Dynamic walk
[2025-12-04 16:35:27] Matchings - CX: 303.0, U3: 289.0, Depth: 400.0
[2025-12-04 16:35:27] Computing Pauli decomposition
[2025-12-04 16:35:39] Pauli - CX: 1017.0, U3: 1292.0, Depth: 1620.0
[2025-12-04 16:35:39] Analysis completed in 11.84s - Category: win
[2025-12-04 16:35:39] Successfully processed graph 43 - Category: win - Time: 11.84s
[2025-12-04 16:35:39] 
Processing graph 44/200
[2025-12-04 16:35:39] Graph 44 has 128 nodes and 129 edges
[2025-12-04 16:35:39] Converted to 129 bitstring edges
[2025-12-04 16:35:39] Computing Matchings Dynamic walk
[2025-12-04 16:35:39] Matchings - CX: 301.0, U3: 292.0, Depth: 396.0
[2025-12-04 16:35:39] Computing Pauli decomposition
[2025-12-04 16:35:50] Pauli - CX: 1000.0, U3: 1271.0, Depth: 1597.0
[2025-12-04 16:35:50] Analysis completed in 11.24s - Category: win
[2025-12-04 16:35:50] Successfully processed graph 44 - Category: win - Time: 11.24s
[2025-12-04 16:35:50] 
Processing graph 45/200
[2025-12-04 16:35:50] Graph 45 has 128 nodes and 129 edges
[2025-12-04 16:35:50] Converted to 129 bitstring edges
[2025-12-04 16:35:50] Computing Matchings Dynamic walk
[2025-12-04 16:35:50] Matchings - CX: 504.0, U3: 508.0, Depth: 673.0
[2025-12-04 16:35:50] Computing Pauli decomposition
[2025-12-04 16:36:00] Pauli - CX: 984.0, U3: 1262.0, Depth: 1583.0
[2025-12-04 16:36:00] Analysis completed in 10.26s - Category: win
[2025-12-04 16:36:00] Successfully processed graph 45 - Category: win - Time: 10.26s
[2025-12-04 16:36:00] 
Processing graph 46/200
[2025-12-04 16:36:00] Graph 46 has 128 nodes and 129 edges
[2025-12-04 16:36:00] Converted to 129 bitstring edges
[2025-12-04 16:36:00] Computing Matchings Dynamic walk
[2025-12-04 16:36:01] Matchings - CX: 303.0, U3: 293.0, Depth: 402.0
[2025-12-04 16:36:01] Computing Pauli decomposition
[2025-12-04 16:36:12] Pauli - CX: 1079.0, U3: 1358.0, Depth: 1718.0
[2025-12-04 16:36:12] Analysis completed in 11.25s - Category: win
[2025-12-04 16:36:12] Successfully processed graph 46 - Category: win - Time: 11.25s
[2025-12-04 16:36:12] 
Processing graph 47/200
[2025-12-04 16:36:12] Graph 47 has 128 nodes and 129 edges
[2025-12-04 16:36:12] Converted to 129 bitstring edges
[2025-12-04 16:36:12] Computing Matchings Dynamic walk
[2025-12-04 16:36:12] Matchings - CX: 301.0, U3: 294.0, Depth: 399.0
[2025-12-04 16:36:12] Computing Pauli decomposition
[2025-12-04 16:36:23] Pauli - CX: 980.0, U3: 1144.0, Depth: 1545.0
[2025-12-04 16:36:23] Analysis completed in 11.42s - Category: win
[2025-12-04 16:36:23] Successfully processed graph 47 - Category: win - Time: 11.42s
[2025-12-04 16:36:23] 
Processing graph 48/200
[2025-12-04 16:36:23] Graph 48 has 128 nodes and 129 edges
[2025-12-04 16:36:23] Converted to 129 bitstring edges
[2025-12-04 16:36:23] Computing Matchings Dynamic walk
[2025-12-04 16:36:23] Matchings - CX: 683.0, U3: 696.0, Depth: 901.0
[2025-12-04 16:36:23] Computing Pauli decomposition
[2025-12-04 16:36:35] Pauli - CX: 807.0, U3: 1128.0, Depth: 1329.0
[2025-12-04 16:36:35] Analysis completed in 11.94s - Category: win
[2025-12-04 16:36:35] Successfully processed graph 48 - Category: win - Time: 11.94s
[2025-12-04 16:36:35] 
Processing graph 49/200
[2025-12-04 16:36:35] Graph 49 has 128 nodes and 129 edges
[2025-12-04 16:36:35] Converted to 129 bitstring edges
[2025-12-04 16:36:35] Computing Matchings Dynamic walk
[2025-12-04 16:36:35] Matchings - CX: 698.0, U3: 701.0, Depth: 919.0
[2025-12-04 16:36:35] Computing Pauli decomposition
[2025-12-04 16:36:46] Pauli - CX: 1108.0, U3: 978.0, Depth: 1619.0
[2025-12-04 16:36:46] Analysis completed in 10.92s - Category: win
[2025-12-04 16:36:46] Successfully processed graph 49 - Category: win - Time: 10.92s
[2025-12-04 16:36:46] 
Processing graph 50/200
[2025-12-04 16:36:46] Graph 50 has 128 nodes and 129 edges
[2025-12-04 16:36:46] Converted to 129 bitstring edges
[2025-12-04 16:36:46] Computing Matchings Dynamic walk
[2025-12-04 16:36:46] Matchings - CX: 299.0, U3: 290.0, Depth: 398.0
[2025-12-04 16:36:46] Computing Pauli decomposition
[2025-12-04 16:36:58] Pauli - CX: 1016.0, U3: 1256.0, Depth: 1614.0
[2025-12-04 16:36:58] Analysis completed in 12.02s - Category: win
[2025-12-04 16:36:58] Successfully processed graph 50 - Category: win - Time: 12.02s
[2025-12-04 16:36:58] 
Processing graph 51/200
[2025-12-04 16:36:58] Graph 51 has 128 nodes and 129 edges
[2025-12-04 16:36:58] Converted to 129 bitstring edges
[2025-12-04 16:36:58] Computing Matchings Dynamic walk
[2025-12-04 16:36:58] Matchings - CX: 1058.0, U3: 1062.0, Depth: 1425.0
[2025-12-04 16:36:58] Computing Pauli decomposition
[2025-12-04 16:37:11] Pauli - CX: 1249.0, U3: 1110.0, Depth: 1805.0
[2025-12-04 16:37:11] Analysis completed in 12.52s - Category: win
[2025-12-04 16:37:11] Successfully processed graph 51 - Category: win - Time: 12.52s
[2025-12-04 16:37:11] 
Processing graph 52/200
[2025-12-04 16:37:11] Graph 52 has 128 nodes and 129 edges
[2025-12-04 16:37:11] Converted to 129 bitstring edges
[2025-12-04 16:37:11] Computing Matchings Dynamic walk
[2025-12-04 16:37:11] Matchings - CX: 301.0, U3: 293.0, Depth: 397.0
[2025-12-04 16:37:11] Computing Pauli decomposition
[2025-12-04 16:37:22] Pauli - CX: 1039.0, U3: 1237.0, Depth: 1632.0
[2025-12-04 16:37:22] Analysis completed in 11.48s - Category: win
[2025-12-04 16:37:22] Successfully processed graph 52 - Category: win - Time: 11.48s
[2025-12-04 16:37:22] 
Processing graph 53/200
[2025-12-04 16:37:22] Graph 53 has 128 nodes and 129 edges
[2025-12-04 16:37:22] Converted to 129 bitstring edges
[2025-12-04 16:37:22] Computing Matchings Dynamic walk
[2025-12-04 16:37:22] Matchings - CX: 447.0, U3: 437.0, Depth: 582.0
[2025-12-04 16:37:22] Computing Pauli decomposition
[2025-12-04 16:37:33] Pauli - CX: 1199.0, U3: 1123.0, Depth: 1760.0
[2025-12-04 16:37:33] Analysis completed in 11.42s - Category: win
[2025-12-04 16:37:33] Successfully processed graph 53 - Category: win - Time: 11.42s
[2025-12-04 16:37:33] 
Processing graph 54/200
[2025-12-04 16:37:33] Graph 54 has 128 nodes and 129 edges
[2025-12-04 16:37:33] Converted to 129 bitstring edges
[2025-12-04 16:37:33] Computing Matchings Dynamic walk
[2025-12-04 16:37:34] Matchings - CX: 823.0, U3: 835.0, Depth: 1104.0
[2025-12-04 16:37:34] Computing Pauli decomposition
[2025-12-04 16:37:45] Pauli - CX: 934.0, U3: 1208.0, Depth: 1515.0
[2025-12-04 16:37:45] Analysis completed in 11.20s - Category: win
[2025-12-04 16:37:45] Successfully processed graph 54 - Category: win - Time: 11.20s
[2025-12-04 16:37:45] 
Processing graph 55/200
[2025-12-04 16:37:45] Graph 55 has 128 nodes and 129 edges
[2025-12-04 16:37:45] Converted to 129 bitstring edges
[2025-12-04 16:37:45] Computing Matchings Dynamic walk
[2025-12-04 16:37:45] Matchings - CX: 683.0, U3: 689.0, Depth: 914.0
[2025-12-04 16:37:45] Computing Pauli decomposition
[2025-12-04 16:37:57] Pauli - CX: 1044.0, U3: 1272.0, Depth: 1647.0
[2025-12-04 16:37:57] Analysis completed in 11.93s - Category: win
[2025-12-04 16:37:57] Successfully processed graph 55 - Category: win - Time: 11.93s
[2025-12-04 16:37:57] 
Processing graph 56/200
[2025-12-04 16:37:57] Graph 56 has 128 nodes and 129 edges
[2025-12-04 16:37:57] Converted to 129 bitstring edges
[2025-12-04 16:37:57] Computing Matchings Dynamic walk
[2025-12-04 16:37:57] Matchings - CX: 295.0, U3: 289.0, Depth: 390.0
[2025-12-04 16:37:57] Computing Pauli decomposition
[2025-12-04 16:38:08] Pauli - CX: 876.0, U3: 1106.0, Depth: 1422.0
[2025-12-04 16:38:08] Analysis completed in 10.94s - Category: win
[2025-12-04 16:38:08] Successfully processed graph 56 - Category: win - Time: 10.94s
[2025-12-04 16:38:08] 
Processing graph 57/200
[2025-12-04 16:38:08] Graph 57 has 128 nodes and 129 edges
[2025-12-04 16:38:08] Converted to 129 bitstring edges
[2025-12-04 16:38:08] Computing Matchings Dynamic walk
[2025-12-04 16:38:08] Matchings - CX: 303.0, U3: 295.0, Depth: 401.0
[2025-12-04 16:38:08] Computing Pauli decomposition
[2025-12-04 16:38:17] Pauli - CX: 1152.0, U3: 1034.0, Depth: 1678.0
[2025-12-04 16:38:17] Analysis completed in 9.52s - Category: win
[2025-12-04 16:38:17] Successfully processed graph 57 - Category: win - Time: 9.52s
[2025-12-04 16:38:17] 
Processing graph 58/200
[2025-12-04 16:38:17] Graph 58 has 128 nodes and 129 edges
[2025-12-04 16:38:17] Converted to 129 bitstring edges
[2025-12-04 16:38:17] Computing Matchings Dynamic walk
[2025-12-04 16:38:17] Matchings - CX: 297.0, U3: 291.0, Depth: 390.0
[2025-12-04 16:38:17] Computing Pauli decomposition
[2025-12-04 16:38:27] Pauli - CX: 912.0, U3: 1116.0, Depth: 1465.0
[2025-12-04 16:38:27] Analysis completed in 9.90s - Category: win
[2025-12-04 16:38:27] Successfully processed graph 58 - Category: win - Time: 9.90s
[2025-12-04 16:38:27] 
Processing graph 59/200
[2025-12-04 16:38:27] Graph 59 has 128 nodes and 129 edges
[2025-12-04 16:38:27] Converted to 129 bitstring edges
[2025-12-04 16:38:27] Computing Matchings Dynamic walk
[2025-12-04 16:38:27] Matchings - CX: 668.0, U3: 672.0, Depth: 886.0
[2025-12-04 16:38:27] Computing Pauli decomposition
[2025-12-04 16:38:38] Pauli - CX: 856.0, U3: 1053.0, Depth: 1383.0
[2025-12-04 16:38:38] Analysis completed in 11.09s - Category: win
[2025-12-04 16:38:38] Successfully processed graph 59 - Category: win - Time: 11.09s
[2025-12-04 16:38:38] 
Processing graph 60/200
[2025-12-04 16:38:38] Graph 60 has 128 nodes and 129 edges
[2025-12-04 16:38:38] Converted to 129 bitstring edges
[2025-12-04 16:38:38] Computing Matchings Dynamic walk
[2025-12-04 16:38:38] Matchings - CX: 299.0, U3: 291.0, Depth: 396.0
[2025-12-04 16:38:38] Computing Pauli decomposition
[2025-12-04 16:38:48] Pauli - CX: 912.0, U3: 1145.0, Depth: 1474.0
[2025-12-04 16:38:48] Analysis completed in 9.89s - Category: win
[2025-12-04 16:38:48] Successfully processed graph 60 - Category: win - Time: 9.89s
[2025-12-04 16:38:48] 
Processing graph 61/200
[2025-12-04 16:38:48] Graph 61 has 128 nodes and 129 edges
[2025-12-04 16:38:48] Converted to 129 bitstring edges
[2025-12-04 16:38:48] Computing Matchings Dynamic walk
[2025-12-04 16:38:48] Matchings - CX: 752.0, U3: 764.0, Depth: 993.0
[2025-12-04 16:38:48] Computing Pauli decomposition
[2025-12-04 16:38:58] Pauli - CX: 864.0, U3: 1105.0, Depth: 1408.0
[2025-12-04 16:38:58] Analysis completed in 10.18s - Category: win
[2025-12-04 16:38:58] Successfully processed graph 61 - Category: win - Time: 10.18s
[2025-12-04 16:38:58] 
Processing graph 62/200
[2025-12-04 16:38:58] Graph 62 has 128 nodes and 129 edges
[2025-12-04 16:38:58] Converted to 129 bitstring edges
[2025-12-04 16:38:58] Computing Matchings Dynamic walk
[2025-12-04 16:38:58] Matchings - CX: 301.0, U3: 294.0, Depth: 397.0
[2025-12-04 16:38:58] Computing Pauli decomposition
[2025-12-04 16:39:08] Pauli - CX: 977.0, U3: 1259.0, Depth: 1579.0
[2025-12-04 16:39:08] Analysis completed in 10.12s - Category: win
[2025-12-04 16:39:08] Successfully processed graph 62 - Category: win - Time: 10.12s
[2025-12-04 16:39:08] 
Processing graph 63/200
[2025-12-04 16:39:08] Graph 63 has 128 nodes and 129 edges
[2025-12-04 16:39:08] Converted to 129 bitstring edges
[2025-12-04 16:39:08] Computing Matchings Dynamic walk
[2025-12-04 16:39:08] Matchings - CX: 790.0, U3: 808.0, Depth: 1027.0
[2025-12-04 16:39:08] Computing Pauli decomposition
[2025-12-04 16:39:18] Pauli - CX: 1005.0, U3: 1265.0, Depth: 1606.0
[2025-12-04 16:39:18] Analysis completed in 9.99s - Category: win
[2025-12-04 16:39:18] Successfully processed graph 63 - Category: win - Time: 9.99s
[2025-12-04 16:39:18] 
Processing graph 64/200
[2025-12-04 16:39:18] Graph 64 has 128 nodes and 129 edges
[2025-12-04 16:39:18] Converted to 129 bitstring edges
[2025-12-04 16:39:18] Computing Matchings Dynamic walk
[2025-12-04 16:39:18] Matchings - CX: 467.0, U3: 472.0, Depth: 610.0
[2025-12-04 16:39:18] Computing Pauli decomposition
[2025-12-04 16:39:28] Pauli - CX: 945.0, U3: 1281.0, Depth: 1545.0
[2025-12-04 16:39:28] Analysis completed in 9.75s - Category: win
[2025-12-04 16:39:28] Successfully processed graph 64 - Category: win - Time: 9.75s
[2025-12-04 16:39:28] 
Processing graph 65/200
[2025-12-04 16:39:28] Graph 65 has 128 nodes and 129 edges
[2025-12-04 16:39:28] Converted to 129 bitstring edges
[2025-12-04 16:39:28] Computing Matchings Dynamic walk
[2025-12-04 16:39:28] Matchings - CX: 620.0, U3: 627.0, Depth: 788.0
[2025-12-04 16:39:28] Computing Pauli decomposition
[2025-12-04 16:39:37] Pauli - CX: 1247.0, U3: 1081.0, Depth: 1795.0
[2025-12-04 16:39:37] Analysis completed in 9.37s - Category: win
[2025-12-04 16:39:37] Successfully processed graph 65 - Category: win - Time: 9.37s
[2025-12-04 16:39:37] 
Processing graph 66/200
[2025-12-04 16:39:37] Graph 66 has 128 nodes and 129 edges
[2025-12-04 16:39:37] Converted to 129 bitstring edges
[2025-12-04 16:39:37] Computing Matchings Dynamic walk
[2025-12-04 16:39:37] Matchings - CX: 303.0, U3: 291.0, Depth: 401.0
[2025-12-04 16:39:37] Computing Pauli decomposition
[2025-12-04 16:39:48] Pauli - CX: 1071.0, U3: 1336.0, Depth: 1694.0
[2025-12-04 16:39:48] Analysis completed in 10.38s - Category: win
[2025-12-04 16:39:48] Successfully processed graph 66 - Category: win - Time: 10.38s
[2025-12-04 16:39:48] 
Processing graph 67/200
[2025-12-04 16:39:48] Graph 67 has 128 nodes and 129 edges
[2025-12-04 16:39:48] Converted to 129 bitstring edges
[2025-12-04 16:39:48] Computing Matchings Dynamic walk
[2025-12-04 16:39:48] Matchings - CX: 659.0, U3: 662.0, Depth: 875.0
[2025-12-04 16:39:48] Computing Pauli decomposition
[2025-12-04 16:39:57] Pauli - CX: 920.0, U3: 1151.0, Depth: 1483.0
[2025-12-04 16:39:57] Analysis completed in 9.64s - Category: win
[2025-12-04 16:39:57] Successfully processed graph 67 - Category: win - Time: 9.64s
[2025-12-04 16:39:57] 
Processing graph 68/200
[2025-12-04 16:39:57] Graph 68 has 128 nodes and 129 edges
[2025-12-04 16:39:57] Converted to 129 bitstring edges
[2025-12-04 16:39:57] Computing Matchings Dynamic walk
[2025-12-04 16:39:58] Matchings - CX: 695.0, U3: 701.0, Depth: 923.0
[2025-12-04 16:39:58] Computing Pauli decomposition
[2025-12-04 16:40:07] Pauli - CX: 1198.0, U3: 1096.0, Depth: 1748.0
[2025-12-04 16:40:07] Analysis completed in 9.60s - Category: win
[2025-12-04 16:40:07] Successfully processed graph 68 - Category: win - Time: 9.60s
[2025-12-04 16:40:07] 
Processing graph 69/200
[2025-12-04 16:40:07] Graph 69 has 128 nodes and 130 edges
[2025-12-04 16:40:07] Converted to 130 bitstring edges
[2025-12-04 16:40:07] Computing Matchings Dynamic walk
[2025-12-04 16:40:07] Matchings - CX: 361.0, U3: 354.0, Depth: 473.0
[2025-12-04 16:40:07] Computing Pauli decomposition
[2025-12-04 16:40:17] Pauli - CX: 1075.0, U3: 1311.0, Depth: 1733.0
[2025-12-04 16:40:17] Analysis completed in 9.82s - Category: win
[2025-12-04 16:40:17] Successfully processed graph 69 - Category: win - Time: 9.82s
[2025-12-04 16:40:17] 
Processing graph 70/200
[2025-12-04 16:40:17] Graph 70 has 128 nodes and 130 edges
[2025-12-04 16:40:17] Converted to 130 bitstring edges
[2025-12-04 16:40:17] Computing Matchings Dynamic walk
[2025-12-04 16:40:17] Matchings - CX: 715.0, U3: 728.0, Depth: 942.0
[2025-12-04 16:40:17] Computing Pauli decomposition
[2025-12-04 16:40:27] Pauli - CX: 1532.0, U3: 1465.0, Depth: 2245.0
[2025-12-04 16:40:27] Analysis completed in 10.05s - Category: win
[2025-12-04 16:40:27] Successfully processed graph 70 - Category: win - Time: 10.05s
[2025-12-04 16:40:27] 
Processing graph 71/200
[2025-12-04 16:40:27] Graph 71 has 128 nodes and 130 edges
[2025-12-04 16:40:27] Converted to 130 bitstring edges
[2025-12-04 16:40:27] Computing Matchings Dynamic walk
[2025-12-04 16:40:27] Matchings - CX: 696.0, U3: 687.0, Depth: 915.0
[2025-12-04 16:40:27] Computing Pauli decomposition
[2025-12-04 16:40:38] Pauli - CX: 1292.0, U3: 1623.0, Depth: 2055.0
[2025-12-04 16:40:38] Analysis completed in 10.57s - Category: win
[2025-12-04 16:40:38] Successfully processed graph 71 - Category: win - Time: 10.57s
[2025-12-04 16:40:38] 
Processing graph 72/200
[2025-12-04 16:40:38] Graph 72 has 128 nodes and 130 edges
[2025-12-04 16:40:38] Converted to 130 bitstring edges
[2025-12-04 16:40:38] Computing Matchings Dynamic walk
[2025-12-04 16:40:38] Matchings - CX: 367.0, U3: 352.0, Depth: 480.0
[2025-12-04 16:40:38] Computing Pauli decomposition
[2025-12-04 16:40:47] Pauli - CX: 1313.0, U3: 1493.0, Depth: 2027.0
[2025-12-04 16:40:47] Analysis completed in 9.64s - Category: win
[2025-12-04 16:40:47] Successfully processed graph 72 - Category: win - Time: 9.64s
[2025-12-04 16:40:47] 
Processing graph 73/200
[2025-12-04 16:40:47] Graph 73 has 128 nodes and 130 edges
[2025-12-04 16:40:47] Converted to 130 bitstring edges
[2025-12-04 16:40:47] Computing Matchings Dynamic walk
[2025-12-04 16:40:47] Matchings - CX: 782.0, U3: 793.0, Depth: 1029.0
[2025-12-04 16:40:47] Computing Pauli decomposition
[2025-12-04 16:40:57] Pauli - CX: 1290.0, U3: 1534.0, Depth: 2027.0
[2025-12-04 16:40:57] Analysis completed in 9.52s - Category: win
[2025-12-04 16:40:57] Successfully processed graph 73 - Category: win - Time: 9.52s
[2025-12-04 16:40:57] 
Processing graph 74/200
[2025-12-04 16:40:57] Graph 74 has 128 nodes and 130 edges
[2025-12-04 16:40:57] Converted to 130 bitstring edges
[2025-12-04 16:40:57] Computing Matchings Dynamic walk
[2025-12-04 16:40:57] Matchings - CX: 787.0, U3: 791.0, Depth: 1024.0
[2025-12-04 16:40:57] Computing Pauli decomposition
[2025-12-04 16:41:06] Pauli - CX: 1311.0, U3: 1360.0, Depth: 1988.0
[2025-12-04 16:41:06] Analysis completed in 9.64s - Category: win
[2025-12-04 16:41:06] Successfully processed graph 74 - Category: win - Time: 9.64s
[2025-12-04 16:41:06] 
Processing graph 75/200
[2025-12-04 16:41:06] Graph 75 has 128 nodes and 130 edges
[2025-12-04 16:41:06] Converted to 130 bitstring edges
[2025-12-04 16:41:06] Computing Matchings Dynamic walk
[2025-12-04 16:41:06] Matchings - CX: 1027.0, U3: 1038.0, Depth: 1350.0
[2025-12-04 16:41:06] Computing Pauli decomposition
[2025-12-04 16:41:16] Pauli - CX: 1223.0, U3: 1402.0, Depth: 1913.0
[2025-12-04 16:41:16] Analysis completed in 9.51s - Category: win
[2025-12-04 16:41:16] Successfully processed graph 75 - Category: win - Time: 9.51s
[2025-12-04 16:41:16] 
Processing graph 76/200
[2025-12-04 16:41:16] Graph 76 has 128 nodes and 130 edges
[2025-12-04 16:41:16] Converted to 130 bitstring edges
[2025-12-04 16:41:16] Computing Matchings Dynamic walk
[2025-12-04 16:41:16] Matchings - CX: 1025.0, U3: 1029.0, Depth: 1355.0
[2025-12-04 16:41:16] Computing Pauli decomposition
[2025-12-04 16:41:26] Pauli - CX: 1270.0, U3: 1623.0, Depth: 2041.0
[2025-12-04 16:41:26] Analysis completed in 9.89s - Category: win
[2025-12-04 16:41:26] Successfully processed graph 76 - Category: win - Time: 9.89s
[2025-12-04 16:41:26] 
Processing graph 77/200
[2025-12-04 16:41:26] Graph 77 has 128 nodes and 130 edges
[2025-12-04 16:41:26] Converted to 130 bitstring edges
[2025-12-04 16:41:26] Computing Matchings Dynamic walk
[2025-12-04 16:41:26] Matchings - CX: 1125.0, U3: 1133.0, Depth: 1495.0
[2025-12-04 16:41:26] Computing Pauli decomposition
[2025-12-04 16:41:35] Pauli - CX: 1017.0, U3: 1302.0, Depth: 1640.0
[2025-12-04 16:41:35] Analysis completed in 9.42s - Category: lose
[2025-12-04 16:41:35] Successfully processed graph 77 - Category: lose - Time: 9.42s
[2025-12-04 16:41:35] 
Processing graph 78/200
[2025-12-04 16:41:35] Graph 78 has 128 nodes and 130 edges
[2025-12-04 16:41:35] Converted to 130 bitstring edges
[2025-12-04 16:41:35] Computing Matchings Dynamic walk
[2025-12-04 16:41:35] Matchings - CX: 835.0, U3: 852.0, Depth: 1094.0
[2025-12-04 16:41:35] Computing Pauli decomposition
[2025-12-04 16:41:45] Pauli - CX: 1146.0, U3: 1415.0, Depth: 1834.0
[2025-12-04 16:41:45] Analysis completed in 9.38s - Category: win
[2025-12-04 16:41:45] Successfully processed graph 78 - Category: win - Time: 9.38s
[2025-12-04 16:41:45] 
Processing graph 79/200
[2025-12-04 16:41:45] Graph 79 has 128 nodes and 130 edges
[2025-12-04 16:41:45] Converted to 130 bitstring edges
[2025-12-04 16:41:45] Computing Matchings Dynamic walk
[2025-12-04 16:41:45] Matchings - CX: 957.0, U3: 978.0, Depth: 1277.0
[2025-12-04 16:41:45] Computing Pauli decomposition
[2025-12-04 16:41:54] Pauli - CX: 1186.0, U3: 1436.0, Depth: 1874.0
[2025-12-04 16:41:54] Analysis completed in 9.69s - Category: win
[2025-12-04 16:41:54] Successfully processed graph 79 - Category: win - Time: 9.69s
[2025-12-04 16:41:54] 
Processing graph 80/200
[2025-12-04 16:41:54] Graph 80 has 128 nodes and 130 edges
[2025-12-04 16:41:54] Converted to 130 bitstring edges
[2025-12-04 16:41:54] Computing Matchings Dynamic walk
[2025-12-04 16:41:54] Matchings - CX: 369.0, U3: 352.0, Depth: 481.0
[2025-12-04 16:41:54] Computing Pauli decomposition
[2025-12-04 16:42:05] Pauli - CX: 829.0, U3: 956.0, Depth: 1284.0
[2025-12-04 16:42:05] Analysis completed in 10.27s - Category: win
[2025-12-04 16:42:05] Successfully processed graph 80 - Category: win - Time: 10.27s
[2025-12-04 16:42:05] 
Processing graph 81/200
[2025-12-04 16:42:05] Graph 81 has 128 nodes and 130 edges
[2025-12-04 16:42:05] Converted to 130 bitstring edges
[2025-12-04 16:42:05] Computing Matchings Dynamic walk
[2025-12-04 16:42:05] Matchings - CX: 760.0, U3: 770.0, Depth: 1024.0
[2025-12-04 16:42:05] Computing Pauli decomposition
[2025-12-04 16:42:14] Pauli - CX: 1281.0, U3: 1444.0, Depth: 1976.0
[2025-12-04 16:42:14] Analysis completed in 9.57s - Category: win
[2025-12-04 16:42:14] Successfully processed graph 81 - Category: win - Time: 9.57s
[2025-12-04 16:42:14] 
Processing graph 82/200
[2025-12-04 16:42:14] Graph 82 has 128 nodes and 130 edges
[2025-12-04 16:42:14] Converted to 130 bitstring edges
[2025-12-04 16:42:14] Computing Matchings Dynamic walk
[2025-12-04 16:42:14] Matchings - CX: 902.0, U3: 921.0, Depth: 1207.0
[2025-12-04 16:42:14] Computing Pauli decomposition
[2025-12-04 16:42:24] Pauli - CX: 1213.0, U3: 1469.0, Depth: 1920.0
[2025-12-04 16:42:24] Analysis completed in 9.74s - Category: win
[2025-12-04 16:42:24] Successfully processed graph 82 - Category: win - Time: 9.74s
[2025-12-04 16:42:24] 
Processing graph 83/200
[2025-12-04 16:42:24] Graph 83 has 128 nodes and 130 edges
[2025-12-04 16:42:24] Converted to 130 bitstring edges
[2025-12-04 16:42:24] Computing Matchings Dynamic walk
[2025-12-04 16:42:24] Matchings - CX: 878.0, U3: 886.0, Depth: 1160.0
[2025-12-04 16:42:24] Computing Pauli decomposition
[2025-12-04 16:42:34] Pauli - CX: 1193.0, U3: 1176.0, Depth: 1797.0
[2025-12-04 16:42:34] Analysis completed in 9.90s - Category: win
[2025-12-04 16:42:34] Successfully processed graph 83 - Category: win - Time: 9.90s
[2025-12-04 16:42:34] 
Processing graph 84/200
[2025-12-04 16:42:34] Graph 84 has 128 nodes and 130 edges
[2025-12-04 16:42:34] Converted to 130 bitstring edges
[2025-12-04 16:42:34] Computing Matchings Dynamic walk
[2025-12-04 16:42:34] Matchings - CX: 882.0, U3: 880.0, Depth: 1190.0
[2025-12-04 16:42:34] Computing Pauli decomposition
[2025-12-04 16:42:44] Pauli - CX: 1407.0, U3: 1214.0, Depth: 2035.0
[2025-12-04 16:42:44] Analysis completed in 9.86s - Category: win
[2025-12-04 16:42:44] Successfully processed graph 84 - Category: win - Time: 9.86s
[2025-12-04 16:42:44] 
Processing graph 85/200
[2025-12-04 16:42:44] Graph 85 has 128 nodes and 130 edges
[2025-12-04 16:42:44] Converted to 130 bitstring edges
[2025-12-04 16:42:44] Computing Matchings Dynamic walk
[2025-12-04 16:42:44] Matchings - CX: 830.0, U3: 832.0, Depth: 1120.0
[2025-12-04 16:42:44] Computing Pauli decomposition
[2025-12-04 16:42:53] Pauli - CX: 1029.0, U3: 1284.0, Depth: 1661.0
[2025-12-04 16:42:53] Analysis completed in 9.46s - Category: win
[2025-12-04 16:42:53] Successfully processed graph 85 - Category: win - Time: 9.46s
[2025-12-04 16:42:53] 
Processing graph 86/200
[2025-12-04 16:42:53] Graph 86 has 128 nodes and 130 edges
[2025-12-04 16:42:53] Converted to 130 bitstring edges
[2025-12-04 16:42:53] Computing Matchings Dynamic walk
[2025-12-04 16:42:53] Matchings - CX: 740.0, U3: 749.0, Depth: 990.0
[2025-12-04 16:42:53] Computing Pauli decomposition
[2025-12-04 16:43:03] Pauli - CX: 1175.0, U3: 1296.0, Depth: 1827.0
[2025-12-04 16:43:03] Analysis completed in 9.99s - Category: win
[2025-12-04 16:43:03] Successfully processed graph 86 - Category: win - Time: 9.99s
[2025-12-04 16:43:03] 
Processing graph 87/200
[2025-12-04 16:43:03] Graph 87 has 128 nodes and 130 edges
[2025-12-04 16:43:03] Converted to 130 bitstring edges
[2025-12-04 16:43:03] Computing Matchings Dynamic walk
[2025-12-04 16:43:03] Matchings - CX: 723.0, U3: 719.0, Depth: 960.0
[2025-12-04 16:43:03] Computing Pauli decomposition
[2025-12-04 16:43:13] Pauli - CX: 1127.0, U3: 1406.0, Depth: 1818.0
[2025-12-04 16:43:13] Analysis completed in 9.49s - Category: win
[2025-12-04 16:43:13] Successfully processed graph 87 - Category: win - Time: 9.49s
[2025-12-04 16:43:13] 
Processing graph 88/200
[2025-12-04 16:43:13] Graph 88 has 128 nodes and 130 edges
[2025-12-04 16:43:13] Converted to 130 bitstring edges
[2025-12-04 16:43:13] Computing Matchings Dynamic walk
[2025-12-04 16:43:13] Matchings - CX: 657.0, U3: 663.0, Depth: 858.0
[2025-12-04 16:43:13] Computing Pauli decomposition
[2025-12-04 16:43:22] Pauli - CX: 1199.0, U3: 1368.0, Depth: 1859.0
[2025-12-04 16:43:22] Analysis completed in 9.50s - Category: win
[2025-12-04 16:43:22] Successfully processed graph 88 - Category: win - Time: 9.50s
[2025-12-04 16:43:22] 
Processing graph 89/200
[2025-12-04 16:43:22] Graph 89 has 128 nodes and 130 edges
[2025-12-04 16:43:22] Converted to 130 bitstring edges
[2025-12-04 16:43:22] Computing Matchings Dynamic walk
[2025-12-04 16:43:22] Matchings - CX: 863.0, U3: 877.0, Depth: 1102.0
[2025-12-04 16:43:22] Computing Pauli decomposition
[2025-12-04 16:43:32] Pauli - CX: 1146.0, U3: 1389.0, Depth: 1814.0
[2025-12-04 16:43:32] Analysis completed in 9.90s - Category: win
[2025-12-04 16:43:32] Successfully processed graph 89 - Category: win - Time: 9.90s
[2025-12-04 16:43:32] 
Processing graph 90/200
[2025-12-04 16:43:32] Graph 90 has 128 nodes and 130 edges
[2025-12-04 16:43:32] Converted to 130 bitstring edges
[2025-12-04 16:43:32] Computing Matchings Dynamic walk
[2025-12-04 16:43:32] Matchings - CX: 914.0, U3: 914.0, Depth: 1194.0
[2025-12-04 16:43:32] Computing Pauli decomposition
[2025-12-04 16:43:41] Pauli - CX: 1148.0, U3: 1381.0, Depth: 1827.0
[2025-12-04 16:43:41] Analysis completed in 9.24s - Category: win
[2025-12-04 16:43:41] Successfully processed graph 90 - Category: win - Time: 9.24s
[2025-12-04 16:43:41] 
Processing graph 91/200
[2025-12-04 16:43:41] Graph 91 has 128 nodes and 130 edges
[2025-12-04 16:43:41] Converted to 130 bitstring edges
[2025-12-04 16:43:41] Computing Matchings Dynamic walk
[2025-12-04 16:43:41] Matchings - CX: 572.0, U3: 565.0, Depth: 764.0
[2025-12-04 16:43:41] Computing Pauli decomposition
[2025-12-04 16:43:51] Pauli - CX: 1233.0, U3: 1533.0, Depth: 1968.0
[2025-12-04 16:43:51] Analysis completed in 9.33s - Category: win
[2025-12-04 16:43:51] Successfully processed graph 91 - Category: win - Time: 9.33s
[2025-12-04 16:43:51] 
Processing graph 92/200
[2025-12-04 16:43:51] Graph 92 has 128 nodes and 130 edges
[2025-12-04 16:43:51] Converted to 130 bitstring edges
[2025-12-04 16:43:51] Computing Matchings Dynamic walk
[2025-12-04 16:43:51] Matchings - CX: 698.0, U3: 696.0, Depth: 926.0
[2025-12-04 16:43:51] Computing Pauli decomposition
[2025-12-04 16:44:00] Pauli - CX: 1159.0, U3: 1393.0, Depth: 1816.0
[2025-12-04 16:44:00] Analysis completed in 9.78s - Category: win
[2025-12-04 16:44:00] Successfully processed graph 92 - Category: win - Time: 9.78s
[2025-12-04 16:44:00] 
Processing graph 93/200
[2025-12-04 16:44:00] Graph 93 has 128 nodes and 130 edges
[2025-12-04 16:44:00] Converted to 130 bitstring edges
[2025-12-04 16:44:00] Computing Matchings Dynamic walk
[2025-12-04 16:44:00] Matchings - CX: 689.0, U3: 694.0, Depth: 931.0
[2025-12-04 16:44:00] Computing Pauli decomposition
[2025-12-04 16:44:10] Pauli - CX: 1329.0, U3: 1406.0, Depth: 2026.0
[2025-12-04 16:44:10] Analysis completed in 9.61s - Category: win
[2025-12-04 16:44:10] Successfully processed graph 93 - Category: win - Time: 9.61s
[2025-12-04 16:44:10] 
Processing graph 94/200
[2025-12-04 16:44:10] Graph 94 has 128 nodes and 130 edges
[2025-12-04 16:44:10] Converted to 130 bitstring edges
[2025-12-04 16:44:10] Computing Matchings Dynamic walk
[2025-12-04 16:44:10] Matchings - CX: 713.0, U3: 712.0, Depth: 949.0
[2025-12-04 16:44:10] Computing Pauli decomposition
[2025-12-04 16:44:20] Pauli - CX: 931.0, U3: 1202.0, Depth: 1527.0
[2025-12-04 16:44:20] Analysis completed in 9.70s - Category: win
[2025-12-04 16:44:20] Successfully processed graph 94 - Category: win - Time: 9.70s
[2025-12-04 16:44:20] 
Processing graph 95/200
[2025-12-04 16:44:20] Graph 95 has 128 nodes and 130 edges
[2025-12-04 16:44:20] Converted to 130 bitstring edges
[2025-12-04 16:44:20] Computing Matchings Dynamic walk
[2025-12-04 16:44:20] Matchings - CX: 801.0, U3: 805.0, Depth: 1066.0
[2025-12-04 16:44:20] Computing Pauli decomposition
[2025-12-04 16:44:29] Pauli - CX: 1161.0, U3: 1317.0, Depth: 1814.0
[2025-12-04 16:44:29] Analysis completed in 9.65s - Category: win
[2025-12-04 16:44:29] Successfully processed graph 95 - Category: win - Time: 9.65s
[2025-12-04 16:44:29] 
Processing graph 96/200
[2025-12-04 16:44:29] Graph 96 has 128 nodes and 130 edges
[2025-12-04 16:44:29] Converted to 130 bitstring edges
[2025-12-04 16:44:29] Computing Matchings Dynamic walk
[2025-12-04 16:44:29] Matchings - CX: 357.0, U3: 350.0, Depth: 466.0
[2025-12-04 16:44:29] Computing Pauli decomposition
[2025-12-04 16:44:39] Pauli - CX: 1129.0, U3: 1575.0, Depth: 1844.0
[2025-12-04 16:44:39] Analysis completed in 9.37s - Category: win
[2025-12-04 16:44:39] Successfully processed graph 96 - Category: win - Time: 9.37s
[2025-12-04 16:44:39] 
Processing graph 97/200
[2025-12-04 16:44:39] Graph 97 has 128 nodes and 130 edges
[2025-12-04 16:44:39] Converted to 130 bitstring edges
[2025-12-04 16:44:39] Computing Matchings Dynamic walk
[2025-12-04 16:44:39] Matchings - CX: 813.0, U3: 812.0, Depth: 1055.0
[2025-12-04 16:44:39] Computing Pauli decomposition
[2025-12-04 16:44:49] Pauli - CX: 1241.0, U3: 1407.0, Depth: 1925.0
[2025-12-04 16:44:49] Analysis completed in 10.00s - Category: win
[2025-12-04 16:44:49] Successfully processed graph 97 - Category: win - Time: 10.00s
[2025-12-04 16:44:49] 
Processing graph 98/200
[2025-12-04 16:44:49] Graph 98 has 128 nodes and 130 edges
[2025-12-04 16:44:49] Converted to 130 bitstring edges
[2025-12-04 16:44:49] Computing Matchings Dynamic walk
[2025-12-04 16:44:49] Matchings - CX: 359.0, U3: 352.0, Depth: 472.0
[2025-12-04 16:44:49] Computing Pauli decomposition
[2025-12-04 16:44:58] Pauli - CX: 1033.0, U3: 1244.0, Depth: 1658.0
[2025-12-04 16:44:58] Analysis completed in 9.73s - Category: win
[2025-12-04 16:44:58] Successfully processed graph 98 - Category: win - Time: 9.73s
[2025-12-04 16:44:58] 
Processing graph 99/200
[2025-12-04 16:44:58] Graph 99 has 128 nodes and 130 edges
[2025-12-04 16:44:58] Converted to 130 bitstring edges
[2025-12-04 16:44:58] Computing Matchings Dynamic walk
[2025-12-04 16:44:58] Matchings - CX: 737.0, U3: 751.0, Depth: 979.0
[2025-12-04 16:44:58] Computing Pauli decomposition
[2025-12-04 16:45:09] Pauli - CX: 1059.0, U3: 1338.0, Depth: 1709.0
[2025-12-04 16:45:09] Analysis completed in 10.48s - Category: win
[2025-12-04 16:45:09] Successfully processed graph 99 - Category: win - Time: 10.48s
[2025-12-04 16:45:09] 
Processing graph 100/200
[2025-12-04 16:45:09] Graph 100 has 128 nodes and 130 edges
[2025-12-04 16:45:09] Converted to 130 bitstring edges
[2025-12-04 16:45:09] Computing Matchings Dynamic walk
[2025-12-04 16:45:09] Matchings - CX: 811.0, U3: 814.0, Depth: 1057.0
[2025-12-04 16:45:09] Computing Pauli decomposition
[2025-12-04 16:45:20] Pauli - CX: 1037.0, U3: 1160.0, Depth: 1643.0
[2025-12-04 16:45:20] Analysis completed in 11.04s - Category: win
[2025-12-04 16:45:20] Successfully processed graph 100 - Category: win - Time: 11.04s
[2025-12-04 16:45:20] 
Processing graph 101/200
[2025-12-04 16:45:20] Graph 101 has 128 nodes and 130 edges
[2025-12-04 16:45:20] Converted to 130 bitstring edges
[2025-12-04 16:45:20] Computing Matchings Dynamic walk
[2025-12-04 16:45:20] Matchings - CX: 359.0, U3: 354.0, Depth: 473.0
[2025-12-04 16:45:20] Computing Pauli decomposition
[2025-12-04 16:45:32] Pauli - CX: 1191.0, U3: 1426.0, Depth: 1885.0
[2025-12-04 16:45:32] Analysis completed in 12.15s - Category: win
[2025-12-04 16:45:32] Successfully processed graph 101 - Category: win - Time: 12.15s
[2025-12-04 16:45:32] 
Processing graph 102/200
[2025-12-04 16:45:32] Graph 102 has 128 nodes and 130 edges
[2025-12-04 16:45:32] Converted to 130 bitstring edges
[2025-12-04 16:45:32] Computing Matchings Dynamic walk
[2025-12-04 16:45:32] Matchings - CX: 668.0, U3: 667.0, Depth: 854.0
[2025-12-04 16:45:32] Computing Pauli decomposition
[2025-12-04 16:45:44] Pauli - CX: 1077.0, U3: 1429.0, Depth: 1755.0
[2025-12-04 16:45:44] Analysis completed in 11.45s - Category: win
[2025-12-04 16:45:44] Successfully processed graph 102 - Category: win - Time: 11.45s
[2025-12-04 16:45:44] 
Processing graph 103/200
[2025-12-04 16:45:44] Graph 103 has 128 nodes and 130 edges
[2025-12-04 16:45:44] Converted to 130 bitstring edges
[2025-12-04 16:45:44] Computing Matchings Dynamic walk
[2025-12-04 16:45:44] Matchings - CX: 367.0, U3: 356.0, Depth: 481.0
[2025-12-04 16:45:44] Computing Pauli decomposition
[2025-12-04 16:45:56] Pauli - CX: 829.0, U3: 988.0, Depth: 1301.0
[2025-12-04 16:45:56] Analysis completed in 12.10s - Category: win
[2025-12-04 16:45:56] Successfully processed graph 103 - Category: win - Time: 12.10s
[2025-12-04 16:45:56] 
Processing graph 104/200
[2025-12-04 16:45:56] Graph 104 has 128 nodes and 130 edges
[2025-12-04 16:45:56] Converted to 130 bitstring edges
[2025-12-04 16:45:56] Computing Matchings Dynamic walk
[2025-12-04 16:45:56] Matchings - CX: 832.0, U3: 831.0, Depth: 1116.0
[2025-12-04 16:45:56] Computing Pauli decomposition
[2025-12-04 16:46:07] Pauli - CX: 1144.0, U3: 1227.0, Depth: 1761.0
[2025-12-04 16:46:07] Analysis completed in 11.55s - Category: win
[2025-12-04 16:46:07] Successfully processed graph 104 - Category: win - Time: 11.55s
[2025-12-04 16:46:07] 
Processing graph 105/200
[2025-12-04 16:46:07] Graph 105 has 128 nodes and 130 edges
[2025-12-04 16:46:07] Converted to 130 bitstring edges
[2025-12-04 16:46:07] Computing Matchings Dynamic walk
[2025-12-04 16:46:07] Matchings - CX: 982.0, U3: 991.0, Depth: 1309.0
[2025-12-04 16:46:07] Computing Pauli decomposition
[2025-12-04 16:46:19] Pauli - CX: 1078.0, U3: 1337.0, Depth: 1731.0
[2025-12-04 16:46:19] Analysis completed in 11.75s - Category: win
[2025-12-04 16:46:19] Successfully processed graph 105 - Category: win - Time: 11.75s
[2025-12-04 16:46:19] 
Processing graph 106/200
[2025-12-04 16:46:19] Graph 106 has 128 nodes and 130 edges
[2025-12-04 16:46:19] Converted to 130 bitstring edges
[2025-12-04 16:46:19] Computing Matchings Dynamic walk
[2025-12-04 16:46:19] Matchings - CX: 1068.0, U3: 1080.0, Depth: 1415.0
[2025-12-04 16:46:19] Computing Pauli decomposition
[2025-12-04 16:46:31] Pauli - CX: 1160.0, U3: 1479.0, Depth: 1852.0
[2025-12-04 16:46:31] Analysis completed in 11.61s - Category: win
[2025-12-04 16:46:31] Successfully processed graph 106 - Category: win - Time: 11.61s
[2025-12-04 16:46:31] 
Processing graph 107/200
[2025-12-04 16:46:31] Graph 107 has 128 nodes and 130 edges
[2025-12-04 16:46:31] Converted to 130 bitstring edges
[2025-12-04 16:46:31] Computing Matchings Dynamic walk
[2025-12-04 16:46:31] Matchings - CX: 766.0, U3: 770.0, Depth: 1014.0
[2025-12-04 16:46:31] Computing Pauli decomposition
[2025-12-04 16:46:42] Pauli - CX: 1213.0, U3: 1381.0, Depth: 1897.0
[2025-12-04 16:46:42] Analysis completed in 10.98s - Category: win
[2025-12-04 16:46:42] Successfully processed graph 107 - Category: win - Time: 10.98s
[2025-12-04 16:46:42] 
Processing graph 108/200
[2025-12-04 16:46:42] Graph 108 has 128 nodes and 130 edges
[2025-12-04 16:46:42] Converted to 130 bitstring edges
[2025-12-04 16:46:42] Computing Matchings Dynamic walk
[2025-12-04 16:46:42] Matchings - CX: 762.0, U3: 768.0, Depth: 1024.0
[2025-12-04 16:46:42] Computing Pauli decomposition
[2025-12-04 16:46:53] Pauli - CX: 1114.0, U3: 1402.0, Depth: 1799.0
[2025-12-04 16:46:53] Analysis completed in 11.25s - Category: win
[2025-12-04 16:46:53] Successfully processed graph 108 - Category: win - Time: 11.25s
[2025-12-04 16:46:53] 
Processing graph 109/200
[2025-12-04 16:46:53] Graph 109 has 128 nodes and 130 edges
[2025-12-04 16:46:53] Converted to 130 bitstring edges
[2025-12-04 16:46:53] Computing Matchings Dynamic walk
[2025-12-04 16:46:53] Matchings - CX: 696.0, U3: 688.0, Depth: 920.0
[2025-12-04 16:46:53] Computing Pauli decomposition
[2025-12-04 16:47:05] Pauli - CX: 1301.0, U3: 1569.0, Depth: 2048.0
[2025-12-04 16:47:05] Analysis completed in 12.27s - Category: win
[2025-12-04 16:47:05] Successfully processed graph 109 - Category: win - Time: 12.27s
[2025-12-04 16:47:05] 
Processing graph 110/200
[2025-12-04 16:47:05] Graph 110 has 128 nodes and 130 edges
[2025-12-04 16:47:05] Converted to 130 bitstring edges
[2025-12-04 16:47:05] Computing Matchings Dynamic walk
[2025-12-04 16:47:05] Matchings - CX: 758.0, U3: 761.0, Depth: 1012.0
[2025-12-04 16:47:05] Computing Pauli decomposition
[2025-12-04 16:47:16] Pauli - CX: 1087.0, U3: 1317.0, Depth: 1744.0
[2025-12-04 16:47:16] Analysis completed in 11.38s - Category: win
[2025-12-04 16:47:16] Successfully processed graph 110 - Category: win - Time: 11.38s
[2025-12-04 16:47:16] 
Processing graph 111/200
[2025-12-04 16:47:16] Graph 111 has 128 nodes and 130 edges
[2025-12-04 16:47:16] Converted to 130 bitstring edges
[2025-12-04 16:47:16] Computing Matchings Dynamic walk
[2025-12-04 16:47:17] Matchings - CX: 689.0, U3: 688.0, Depth: 916.0
[2025-12-04 16:47:17] Computing Pauli decomposition
[2025-12-04 16:47:29] Pauli - CX: 1210.0, U3: 1559.0, Depth: 1951.0
[2025-12-04 16:47:29] Analysis completed in 12.04s - Category: win
[2025-12-04 16:47:29] Successfully processed graph 111 - Category: win - Time: 12.04s
[2025-12-04 16:47:29] 
Processing graph 112/200
[2025-12-04 16:47:29] Graph 112 has 128 nodes and 130 edges
[2025-12-04 16:47:29] Converted to 130 bitstring edges
[2025-12-04 16:47:29] Computing Matchings Dynamic walk
[2025-12-04 16:47:29] Matchings - CX: 551.0, U3: 551.0, Depth: 722.0
[2025-12-04 16:47:29] Computing Pauli decomposition
[2025-12-04 16:47:40] Pauli - CX: 1152.0, U3: 1471.0, Depth: 1873.0
[2025-12-04 16:47:40] Analysis completed in 11.62s - Category: win
[2025-12-04 16:47:40] Successfully processed graph 112 - Category: win - Time: 11.62s
[2025-12-04 16:47:40] 
Processing graph 113/200
[2025-12-04 16:47:40] Graph 113 has 128 nodes and 130 edges
[2025-12-04 16:47:40] Converted to 130 bitstring edges
[2025-12-04 16:47:40] Computing Matchings Dynamic walk
[2025-12-04 16:47:40] Matchings - CX: 1231.0, U3: 1230.0, Depth: 1601.0
[2025-12-04 16:47:40] Computing Pauli decomposition
[2025-12-04 16:47:52] Pauli - CX: 1359.0, U3: 1231.0, Depth: 1985.0
[2025-12-04 16:47:52] Analysis completed in 11.68s - Category: win
[2025-12-04 16:47:52] Successfully processed graph 113 - Category: win - Time: 11.68s
[2025-12-04 16:47:52] 
Processing graph 114/200
[2025-12-04 16:47:52] Graph 114 has 128 nodes and 130 edges
[2025-12-04 16:47:52] Converted to 130 bitstring edges
[2025-12-04 16:47:52] Computing Matchings Dynamic walk
[2025-12-04 16:47:52] Matchings - CX: 711.0, U3: 723.0, Depth: 924.0
[2025-12-04 16:47:52] Computing Pauli decomposition
[2025-12-04 16:48:03] Pauli - CX: 1032.0, U3: 1256.0, Depth: 1666.0
[2025-12-04 16:48:03] Analysis completed in 11.04s - Category: win
[2025-12-04 16:48:03] Successfully processed graph 114 - Category: win - Time: 11.04s
[2025-12-04 16:48:03] 
Processing graph 115/200
[2025-12-04 16:48:03] Graph 115 has 128 nodes and 130 edges
[2025-12-04 16:48:03] Converted to 130 bitstring edges
[2025-12-04 16:48:03] Computing Matchings Dynamic walk
[2025-12-04 16:48:03] Matchings - CX: 1085.0, U3: 1114.0, Depth: 1450.0
[2025-12-04 16:48:03] Computing Pauli decomposition
[2025-12-04 16:48:15] Pauli - CX: 1147.0, U3: 1226.0, Depth: 1773.0
[2025-12-04 16:48:15] Analysis completed in 11.72s - Category: win
[2025-12-04 16:48:15] Successfully processed graph 115 - Category: win - Time: 11.72s
[2025-12-04 16:48:15] 
Processing graph 116/200
[2025-12-04 16:48:15] Graph 116 has 128 nodes and 130 edges
[2025-12-04 16:48:15] Converted to 130 bitstring edges
[2025-12-04 16:48:15] Computing Matchings Dynamic walk
[2025-12-04 16:48:15] Matchings - CX: 768.0, U3: 762.0, Depth: 1017.0
[2025-12-04 16:48:15] Computing Pauli decomposition
[2025-12-04 16:48:26] Pauli - CX: 967.0, U3: 1321.0, Depth: 1597.0
[2025-12-04 16:48:26] Analysis completed in 11.21s - Category: win
[2025-12-04 16:48:26] Successfully processed graph 116 - Category: win - Time: 11.21s
[2025-12-04 16:48:26] 
Processing graph 117/200
[2025-12-04 16:48:26] Graph 117 has 128 nodes and 130 edges
[2025-12-04 16:48:26] Converted to 130 bitstring edges
[2025-12-04 16:48:26] Computing Matchings Dynamic walk
[2025-12-04 16:48:26] Matchings - CX: 707.0, U3: 709.0, Depth: 939.0
[2025-12-04 16:48:26] Computing Pauli decomposition
[2025-12-04 16:48:37] Pauli - CX: 1231.0, U3: 1501.0, Depth: 1956.0
[2025-12-04 16:48:37] Analysis completed in 11.54s - Category: win
[2025-12-04 16:48:37] Successfully processed graph 117 - Category: win - Time: 11.54s
[2025-12-04 16:48:37] 
Processing graph 118/200
[2025-12-04 16:48:37] Graph 118 has 128 nodes and 130 edges
[2025-12-04 16:48:37] Converted to 130 bitstring edges
[2025-12-04 16:48:37] Computing Matchings Dynamic walk
[2025-12-04 16:48:37] Matchings - CX: 793.0, U3: 795.0, Depth: 1043.0
[2025-12-04 16:48:37] Computing Pauli decomposition
[2025-12-04 16:48:50] Pauli - CX: 1289.0, U3: 1441.0, Depth: 1989.0
[2025-12-04 16:48:50] Analysis completed in 12.30s - Category: win
[2025-12-04 16:48:50] Successfully processed graph 118 - Category: win - Time: 12.30s
[2025-12-04 16:48:50] 
Processing graph 119/200
[2025-12-04 16:48:50] Graph 119 has 128 nodes and 130 edges
[2025-12-04 16:48:50] Converted to 130 bitstring edges
[2025-12-04 16:48:50] Computing Matchings Dynamic walk
[2025-12-04 16:48:50] Matchings - CX: 1055.0, U3: 1071.0, Depth: 1397.0
[2025-12-04 16:48:50] Computing Pauli decomposition
[2025-12-04 16:49:01] Pauli - CX: 1085.0, U3: 1287.0, Depth: 1712.0
[2025-12-04 16:49:01] Analysis completed in 10.98s - Category: win
[2025-12-04 16:49:01] Successfully processed graph 119 - Category: win - Time: 10.98s
[2025-12-04 16:49:01] 
Processing graph 120/200
[2025-12-04 16:49:01] Graph 120 has 128 nodes and 130 edges
[2025-12-04 16:49:01] Converted to 130 bitstring edges
[2025-12-04 16:49:01] Computing Matchings Dynamic walk
[2025-12-04 16:49:01] Matchings - CX: 361.0, U3: 353.0, Depth: 476.0
[2025-12-04 16:49:01] Computing Pauli decomposition
[2025-12-04 16:49:13] Pauli - CX: 1085.0, U3: 1393.0, Depth: 1765.0
[2025-12-04 16:49:13] Analysis completed in 12.00s - Category: win
[2025-12-04 16:49:13] Successfully processed graph 120 - Category: win - Time: 12.00s
[2025-12-04 16:49:13] 
Processing graph 121/200
[2025-12-04 16:49:13] Graph 121 has 128 nodes and 130 edges
[2025-12-04 16:49:13] Converted to 130 bitstring edges
[2025-12-04 16:49:13] Computing Matchings Dynamic walk
[2025-12-04 16:49:13] Matchings - CX: 361.0, U3: 350.0, Depth: 471.0
[2025-12-04 16:49:13] Computing Pauli decomposition
[2025-12-04 16:49:24] Pauli - CX: 1176.0, U3: 1227.0, Depth: 1810.0
[2025-12-04 16:49:24] Analysis completed in 11.36s - Category: win
[2025-12-04 16:49:24] Successfully processed graph 121 - Category: win - Time: 11.36s
[2025-12-04 16:49:24] 
Processing graph 122/200
[2025-12-04 16:49:24] Graph 122 has 128 nodes and 130 edges
[2025-12-04 16:49:24] Converted to 130 bitstring edges
[2025-12-04 16:49:24] Computing Matchings Dynamic walk
[2025-12-04 16:49:24] Matchings - CX: 864.0, U3: 887.0, Depth: 1134.0
[2025-12-04 16:49:24] Computing Pauli decomposition
[2025-12-04 16:49:36] Pauli - CX: 1260.0, U3: 1587.0, Depth: 2012.0
[2025-12-04 16:49:36] Analysis completed in 11.74s - Category: win
[2025-12-04 16:49:36] Successfully processed graph 122 - Category: win - Time: 11.74s
[2025-12-04 16:49:36] 
Processing graph 123/200
[2025-12-04 16:49:36] Graph 123 has 128 nodes and 130 edges
[2025-12-04 16:49:36] Converted to 130 bitstring edges
[2025-12-04 16:49:36] Computing Matchings Dynamic walk
[2025-12-04 16:49:36] Matchings - CX: 768.0, U3: 771.0, Depth: 1031.0
[2025-12-04 16:49:36] Computing Pauli decomposition
[2025-12-04 16:49:48] Pauli - CX: 1245.0, U3: 1488.0, Depth: 1942.0
[2025-12-04 16:49:48] Analysis completed in 12.24s - Category: win
[2025-12-04 16:49:48] Successfully processed graph 123 - Category: win - Time: 12.24s
[2025-12-04 16:49:48] 
Processing graph 124/200
[2025-12-04 16:49:48] Graph 124 has 128 nodes and 130 edges
[2025-12-04 16:49:48] Converted to 130 bitstring edges
[2025-12-04 16:49:48] Computing Matchings Dynamic walk
[2025-12-04 16:49:48] Matchings - CX: 361.0, U3: 352.0, Depth: 474.0
[2025-12-04 16:49:48] Computing Pauli decomposition
[2025-12-04 16:50:01] Pauli - CX: 1198.0, U3: 1470.0, Depth: 1908.0
[2025-12-04 16:50:01] Analysis completed in 12.67s - Category: win
[2025-12-04 16:50:01] Successfully processed graph 124 - Category: win - Time: 12.67s
[2025-12-04 16:50:01] 
Processing graph 125/200
[2025-12-04 16:50:01] Graph 125 has 128 nodes and 130 edges
[2025-12-04 16:50:01] Converted to 130 bitstring edges
[2025-12-04 16:50:01] Computing Matchings Dynamic walk
[2025-12-04 16:50:01] Matchings - CX: 357.0, U3: 355.0, Depth: 473.0
[2025-12-04 16:50:01] Computing Pauli decomposition
[2025-12-04 16:50:12] Pauli - CX: 1261.0, U3: 1520.0, Depth: 1995.0
[2025-12-04 16:50:12] Analysis completed in 11.53s - Category: win
[2025-12-04 16:50:12] Successfully processed graph 125 - Category: win - Time: 11.53s
[2025-12-04 16:50:12] 
Processing graph 126/200
[2025-12-04 16:50:12] Graph 126 has 128 nodes and 130 edges
[2025-12-04 16:50:12] Converted to 130 bitstring edges
[2025-12-04 16:50:12] Computing Matchings Dynamic walk
[2025-12-04 16:50:12] Matchings - CX: 719.0, U3: 736.0, Depth: 950.0
[2025-12-04 16:50:12] Computing Pauli decomposition
[2025-12-04 16:50:24] Pauli - CX: 1063.0, U3: 1280.0, Depth: 1712.0
[2025-12-04 16:50:24] Analysis completed in 12.22s - Category: win
[2025-12-04 16:50:24] Successfully processed graph 126 - Category: win - Time: 12.22s
[2025-12-04 16:50:24] 
Processing graph 127/200
[2025-12-04 16:50:24] Graph 127 has 128 nodes and 130 edges
[2025-12-04 16:50:24] Converted to 130 bitstring edges
[2025-12-04 16:50:24] Computing Matchings Dynamic walk
[2025-12-04 16:50:25] Matchings - CX: 740.0, U3: 744.0, Depth: 993.0
[2025-12-04 16:50:25] Computing Pauli decomposition
[2025-12-04 16:50:36] Pauli - CX: 1360.0, U3: 1605.0, Depth: 2124.0
[2025-12-04 16:50:36] Analysis completed in 11.25s - Category: win
[2025-12-04 16:50:36] Successfully processed graph 127 - Category: win - Time: 11.25s
[2025-12-04 16:50:36] 
Processing graph 128/200
[2025-12-04 16:50:36] Graph 128 has 128 nodes and 130 edges
[2025-12-04 16:50:36] Converted to 130 bitstring edges
[2025-12-04 16:50:36] Computing Matchings Dynamic walk
[2025-12-04 16:50:36] Matchings - CX: 359.0, U3: 346.0, Depth: 475.0
[2025-12-04 16:50:36] Computing Pauli decomposition
[2025-12-04 16:50:47] Pauli - CX: 1264.0, U3: 1513.0, Depth: 1983.0
[2025-12-04 16:50:47] Analysis completed in 11.48s - Category: win
[2025-12-04 16:50:47] Successfully processed graph 128 - Category: win - Time: 11.48s
[2025-12-04 16:50:47] 
Processing graph 129/200
[2025-12-04 16:50:47] Graph 129 has 128 nodes and 130 edges
[2025-12-04 16:50:47] Converted to 130 bitstring edges
[2025-12-04 16:50:47] Computing Matchings Dynamic walk
[2025-12-04 16:50:47] Matchings - CX: 711.0, U3: 708.0, Depth: 953.0
[2025-12-04 16:50:47] Computing Pauli decomposition
[2025-12-04 16:50:59] Pauli - CX: 1212.0, U3: 1137.0, Depth: 1814.0
[2025-12-04 16:50:59] Analysis completed in 11.59s - Category: win
[2025-12-04 16:50:59] Successfully processed graph 129 - Category: win - Time: 11.59s
[2025-12-04 16:50:59] 
Processing graph 130/200
[2025-12-04 16:50:59] Graph 130 has 128 nodes and 130 edges
[2025-12-04 16:50:59] Converted to 130 bitstring edges
[2025-12-04 16:50:59] Computing Matchings Dynamic walk
[2025-12-04 16:50:59] Matchings - CX: 363.0, U3: 354.0, Depth: 476.0
[2025-12-04 16:50:59] Computing Pauli decomposition
[2025-12-04 16:51:11] Pauli - CX: 1008.0, U3: 1416.0, Depth: 1683.0
[2025-12-04 16:51:11] Analysis completed in 12.13s - Category: win
[2025-12-04 16:51:11] Successfully processed graph 130 - Category: win - Time: 12.13s
[2025-12-04 16:51:11] 
Processing graph 131/200
[2025-12-04 16:51:11] Graph 131 has 128 nodes and 130 edges
[2025-12-04 16:51:11] Converted to 130 bitstring edges
[2025-12-04 16:51:11] Computing Matchings Dynamic walk
[2025-12-04 16:51:11] Matchings - CX: 361.0, U3: 353.0, Depth: 473.0
[2025-12-04 16:51:11] Computing Pauli decomposition
[2025-12-04 16:51:23] Pauli - CX: 1102.0, U3: 1307.0, Depth: 1757.0
[2025-12-04 16:51:23] Analysis completed in 11.71s - Category: win
[2025-12-04 16:51:23] Successfully processed graph 131 - Category: win - Time: 11.71s
[2025-12-04 16:51:23] 
Processing graph 132/200
[2025-12-04 16:51:23] Graph 132 has 128 nodes and 130 edges
[2025-12-04 16:51:23] Converted to 130 bitstring edges
[2025-12-04 16:51:23] Computing Matchings Dynamic walk
[2025-12-04 16:51:23] Matchings - CX: 765.0, U3: 772.0, Depth: 1025.0
[2025-12-04 16:51:23] Computing Pauli decomposition
[2025-12-04 16:51:35] Pauli - CX: 1156.0, U3: 1349.0, Depth: 1821.0
[2025-12-04 16:51:35] Analysis completed in 12.37s - Category: win
[2025-12-04 16:51:35] Successfully processed graph 132 - Category: win - Time: 12.37s
[2025-12-04 16:51:35] 
Processing graph 133/200
[2025-12-04 16:51:35] Graph 133 has 128 nodes and 130 edges
[2025-12-04 16:51:35] Converted to 130 bitstring edges
[2025-12-04 16:51:35] Computing Matchings Dynamic walk
[2025-12-04 16:51:35] Matchings - CX: 373.0, U3: 354.0, Depth: 484.0
[2025-12-04 16:51:35] Computing Pauli decomposition
[2025-12-04 16:51:46] Pauli - CX: 1140.0, U3: 1344.0, Depth: 1803.0
[2025-12-04 16:51:46] Analysis completed in 11.05s - Category: win
[2025-12-04 16:51:46] Successfully processed graph 133 - Category: win - Time: 11.05s
[2025-12-04 16:51:46] 
Processing graph 134/200
[2025-12-04 16:51:46] Graph 134 has 128 nodes and 130 edges
[2025-12-04 16:51:46] Converted to 130 bitstring edges
[2025-12-04 16:51:46] Computing Matchings Dynamic walk
[2025-12-04 16:51:46] Matchings - CX: 642.0, U3: 639.0, Depth: 839.0
[2025-12-04 16:51:46] Computing Pauli decomposition
[2025-12-04 16:51:57] Pauli - CX: 1260.0, U3: 1480.0, Depth: 1981.0
[2025-12-04 16:51:57] Analysis completed in 11.41s - Category: win
[2025-12-04 16:51:57] Successfully processed graph 134 - Category: win - Time: 11.41s
[2025-12-04 16:51:57] 
Processing graph 135/200
[2025-12-04 16:51:57] Graph 135 has 128 nodes and 130 edges
[2025-12-04 16:51:57] Converted to 130 bitstring edges
[2025-12-04 16:51:57] Computing Matchings Dynamic walk
[2025-12-04 16:51:57] Matchings - CX: 363.0, U3: 355.0, Depth: 476.0
[2025-12-04 16:51:57] Computing Pauli decomposition
[2025-12-04 16:52:09] Pauli - CX: 1301.0, U3: 1504.0, Depth: 2029.0
[2025-12-04 16:52:09] Analysis completed in 12.04s - Category: win
[2025-12-04 16:52:09] Successfully processed graph 135 - Category: win - Time: 12.04s
[2025-12-04 16:52:09] 
Processing graph 136/200
[2025-12-04 16:52:10] Graph 136 has 128 nodes and 130 edges
[2025-12-04 16:52:10] Converted to 130 bitstring edges
[2025-12-04 16:52:10] Computing Matchings Dynamic walk
[2025-12-04 16:52:10] Matchings - CX: 787.0, U3: 798.0, Depth: 1025.0
[2025-12-04 16:52:10] Computing Pauli decomposition
[2025-12-04 16:52:20] Pauli - CX: 1179.0, U3: 1402.0, Depth: 1870.0
[2025-12-04 16:52:20] Analysis completed in 10.95s - Category: win
[2025-12-04 16:52:20] Successfully processed graph 136 - Category: win - Time: 10.95s
[2025-12-04 16:52:20] 
Processing graph 137/200
[2025-12-04 16:52:20] Graph 137 has 128 nodes and 130 edges
[2025-12-04 16:52:20] Converted to 130 bitstring edges
[2025-12-04 16:52:20] Computing Matchings Dynamic walk
[2025-12-04 16:52:21] Matchings - CX: 760.0, U3: 760.0, Depth: 1019.0
[2025-12-04 16:52:21] Computing Pauli decomposition
[2025-12-04 16:52:33] Pauli - CX: 1175.0, U3: 1413.0, Depth: 1872.0
[2025-12-04 16:52:33] Analysis completed in 12.20s - Category: win
[2025-12-04 16:52:33] Successfully processed graph 137 - Category: win - Time: 12.20s
[2025-12-04 16:52:33] 
Processing graph 138/200
[2025-12-04 16:52:33] Graph 138 has 128 nodes and 130 edges
[2025-12-04 16:52:33] Converted to 130 bitstring edges
[2025-12-04 16:52:33] Computing Matchings Dynamic walk
[2025-12-04 16:52:33] Matchings - CX: 363.0, U3: 357.0, Depth: 480.0
[2025-12-04 16:52:33] Computing Pauli decomposition
[2025-12-04 16:52:44] Pauli - CX: 1568.0, U3: 1458.0, Depth: 2275.0
[2025-12-04 16:52:44] Analysis completed in 11.77s - Category: win
[2025-12-04 16:52:44] Successfully processed graph 138 - Category: win - Time: 11.77s
[2025-12-04 16:52:44] 
Processing graph 139/200
[2025-12-04 16:52:44] Graph 139 has 128 nodes and 130 edges
[2025-12-04 16:52:44] Converted to 130 bitstring edges
[2025-12-04 16:52:44] Computing Matchings Dynamic walk
[2025-12-04 16:52:44] Matchings - CX: 872.0, U3: 886.0, Depth: 1177.0
[2025-12-04 16:52:44] Computing Pauli decomposition
[2025-12-04 16:52:56] Pauli - CX: 1159.0, U3: 1267.0, Depth: 1798.0
[2025-12-04 16:52:56] Analysis completed in 12.04s - Category: win
[2025-12-04 16:52:56] Successfully processed graph 139 - Category: win - Time: 12.04s
[2025-12-04 16:52:56] 
Processing graph 140/200
[2025-12-04 16:52:56] Graph 140 has 128 nodes and 130 edges
[2025-12-04 16:52:56] Converted to 130 bitstring edges
[2025-12-04 16:52:56] Computing Matchings Dynamic walk
[2025-12-04 16:52:57] Matchings - CX: 840.0, U3: 857.0, Depth: 1124.0
[2025-12-04 16:52:57] Computing Pauli decomposition
[2025-12-04 16:53:09] Pauli - CX: 1073.0, U3: 1309.0, Depth: 1717.0
[2025-12-04 16:53:09] Analysis completed in 12.65s - Category: win
[2025-12-04 16:53:09] Successfully processed graph 140 - Category: win - Time: 12.65s
[2025-12-04 16:53:09] 
Processing graph 141/200
[2025-12-04 16:53:09] Graph 141 has 128 nodes and 130 edges
[2025-12-04 16:53:09] Converted to 130 bitstring edges
[2025-12-04 16:53:09] Computing Matchings Dynamic walk
[2025-12-04 16:53:09] Matchings - CX: 764.0, U3: 768.0, Depth: 1018.0
[2025-12-04 16:53:09] Computing Pauli decomposition
[2025-12-04 16:53:21] Pauli - CX: 1141.0, U3: 1481.0, Depth: 1845.0
[2025-12-04 16:53:21] Analysis completed in 11.91s - Category: win
[2025-12-04 16:53:21] Successfully processed graph 141 - Category: win - Time: 11.91s
[2025-12-04 16:53:21] 
Processing graph 142/200
[2025-12-04 16:53:21] Graph 142 has 128 nodes and 130 edges
[2025-12-04 16:53:21] Converted to 130 bitstring edges
[2025-12-04 16:53:21] Computing Matchings Dynamic walk
[2025-12-04 16:53:21] Matchings - CX: 357.0, U3: 351.0, Depth: 461.0
[2025-12-04 16:53:21] Computing Pauli decomposition
[2025-12-04 16:53:33] Pauli - CX: 1181.0, U3: 1186.0, Depth: 1795.0
[2025-12-04 16:53:33] Analysis completed in 11.92s - Category: win
[2025-12-04 16:53:33] Successfully processed graph 142 - Category: win - Time: 11.92s
[2025-12-04 16:53:33] 
Processing graph 143/200
[2025-12-04 16:53:33] Graph 143 has 128 nodes and 130 edges
[2025-12-04 16:53:33] Converted to 130 bitstring edges
[2025-12-04 16:53:33] Computing Matchings Dynamic walk
[2025-12-04 16:53:33] Matchings - CX: 790.0, U3: 801.0, Depth: 1071.0
[2025-12-04 16:53:33] Computing Pauli decomposition
[2025-12-04 16:53:45] Pauli - CX: 1135.0, U3: 1338.0, Depth: 1802.0
[2025-12-04 16:53:45] Analysis completed in 11.79s - Category: win
[2025-12-04 16:53:45] Successfully processed graph 143 - Category: win - Time: 11.79s
[2025-12-04 16:53:45] 
Processing graph 144/200
[2025-12-04 16:53:45] Graph 144 has 128 nodes and 130 edges
[2025-12-04 16:53:45] Converted to 130 bitstring edges
[2025-12-04 16:53:45] Computing Matchings Dynamic walk
[2025-12-04 16:53:45] Matchings - CX: 1016.0, U3: 1040.0, Depth: 1324.0
[2025-12-04 16:53:45] Computing Pauli decomposition
[2025-12-04 16:53:57] Pauli - CX: 1299.0, U3: 1593.0, Depth: 2061.0
[2025-12-04 16:53:57] Analysis completed in 12.12s - Category: win
[2025-12-04 16:53:57] Successfully processed graph 144 - Category: win - Time: 12.12s
[2025-12-04 16:53:57] 
Processing graph 145/200
[2025-12-04 16:53:57] Graph 145 has 128 nodes and 130 edges
[2025-12-04 16:53:57] Converted to 130 bitstring edges
[2025-12-04 16:53:57] Computing Matchings Dynamic walk
[2025-12-04 16:53:57] Matchings - CX: 766.0, U3: 766.0, Depth: 1030.0
[2025-12-04 16:53:57] Computing Pauli decomposition
[2025-12-04 16:54:09] Pauli - CX: 1164.0, U3: 1196.0, Depth: 1764.0
[2025-12-04 16:54:09] Analysis completed in 11.69s - Category: win
[2025-12-04 16:54:09] Successfully processed graph 145 - Category: win - Time: 11.69s
[2025-12-04 16:54:09] 
Processing graph 146/200
[2025-12-04 16:54:09] Graph 146 has 128 nodes and 130 edges
[2025-12-04 16:54:09] Converted to 130 bitstring edges
[2025-12-04 16:54:09] Computing Matchings Dynamic walk
[2025-12-04 16:54:09] Matchings - CX: 719.0, U3: 724.0, Depth: 948.0
[2025-12-04 16:54:09] Computing Pauli decomposition
[2025-12-04 16:54:21] Pauli - CX: 1345.0, U3: 1653.0, Depth: 2100.0
[2025-12-04 16:54:21] Analysis completed in 11.94s - Category: win
[2025-12-04 16:54:21] Successfully processed graph 146 - Category: win - Time: 11.94s
[2025-12-04 16:54:21] 
Processing graph 147/200
[2025-12-04 16:54:21] Graph 147 has 128 nodes and 130 edges
[2025-12-04 16:54:21] Converted to 130 bitstring edges
[2025-12-04 16:54:21] Computing Matchings Dynamic walk
[2025-12-04 16:54:21] Matchings - CX: 1083.0, U3: 1092.0, Depth: 1451.0
[2025-12-04 16:54:21] Computing Pauli decomposition
[2025-12-04 16:54:32] Pauli - CX: 1052.0, U3: 1356.0, Depth: 1703.0
[2025-12-04 16:54:32] Analysis completed in 11.78s - Category: lose
[2025-12-04 16:54:32] Successfully processed graph 147 - Category: lose - Time: 11.78s
[2025-12-04 16:54:32] 
Processing graph 148/200
[2025-12-04 16:54:32] Graph 148 has 128 nodes and 130 edges
[2025-12-04 16:54:32] Converted to 130 bitstring edges
[2025-12-04 16:54:32] Computing Matchings Dynamic walk
[2025-12-04 16:54:32] Matchings - CX: 877.0, U3: 883.0, Depth: 1158.0
[2025-12-04 16:54:32] Computing Pauli decomposition
[2025-12-04 16:54:45] Pauli - CX: 951.0, U3: 1357.0, Depth: 1586.0
[2025-12-04 16:54:45] Analysis completed in 12.36s - Category: win
[2025-12-04 16:54:45] Successfully processed graph 148 - Category: win - Time: 12.36s
[2025-12-04 16:54:45] 
Processing graph 149/200
[2025-12-04 16:54:45] Graph 149 has 128 nodes and 130 edges
[2025-12-04 16:54:45] Converted to 130 bitstring edges
[2025-12-04 16:54:45] Computing Matchings Dynamic walk
[2025-12-04 16:54:45] Matchings - CX: 762.0, U3: 762.0, Depth: 1029.0
[2025-12-04 16:54:45] Computing Pauli decomposition
[2025-12-04 16:54:57] Pauli - CX: 1111.0, U3: 1339.0, Depth: 1778.0
[2025-12-04 16:54:57] Analysis completed in 11.95s - Category: win
[2025-12-04 16:54:57] Successfully processed graph 149 - Category: win - Time: 11.95s
[2025-12-04 16:54:57] 
Processing graph 150/200
[2025-12-04 16:54:57] Graph 150 has 128 nodes and 130 edges
[2025-12-04 16:54:57] Converted to 130 bitstring edges
[2025-12-04 16:54:57] Computing Matchings Dynamic walk
[2025-12-04 16:54:57] Matchings - CX: 1091.0, U3: 1099.0, Depth: 1398.0
[2025-12-04 16:54:57] Computing Pauli decomposition
[2025-12-04 16:55:09] Pauli - CX: 960.0, U3: 1124.0, Depth: 1497.0
[2025-12-04 16:55:09] Analysis completed in 12.16s - Category: lose
[2025-12-04 16:55:09] Successfully processed graph 150 - Category: lose - Time: 12.16s
[2025-12-04 16:55:09] 
Processing graph 151/200
[2025-12-04 16:55:09] Graph 151 has 128 nodes and 130 edges
[2025-12-04 16:55:09] Converted to 130 bitstring edges
[2025-12-04 16:55:09] Computing Matchings Dynamic walk
[2025-12-04 16:55:09] Matchings - CX: 365.0, U3: 355.0, Depth: 476.0
[2025-12-04 16:55:09] Computing Pauli decomposition
[2025-12-04 16:55:21] Pauli - CX: 1276.0, U3: 1598.0, Depth: 2035.0
[2025-12-04 16:55:21] Analysis completed in 11.95s - Category: win
[2025-12-04 16:55:21] Successfully processed graph 151 - Category: win - Time: 11.95s
[2025-12-04 16:55:21] 
Processing graph 152/200
[2025-12-04 16:55:21] Graph 152 has 128 nodes and 130 edges
[2025-12-04 16:55:21] Converted to 130 bitstring edges
[2025-12-04 16:55:21] Computing Matchings Dynamic walk
[2025-12-04 16:55:21] Matchings - CX: 492.0, U3: 493.0, Depth: 670.0
[2025-12-04 16:55:21] Computing Pauli decomposition
[2025-12-04 16:55:33] Pauli - CX: 1141.0, U3: 997.0, Depth: 1626.0
[2025-12-04 16:55:33] Analysis completed in 12.20s - Category: win
[2025-12-04 16:55:33] Successfully processed graph 152 - Category: win - Time: 12.20s
[2025-12-04 16:55:33] 
Processing graph 153/200
[2025-12-04 16:55:33] Graph 153 has 128 nodes and 130 edges
[2025-12-04 16:55:33] Converted to 130 bitstring edges
[2025-12-04 16:55:33] Computing Matchings Dynamic walk
[2025-12-04 16:55:33] Matchings - CX: 361.0, U3: 348.0, Depth: 476.0
[2025-12-04 16:55:33] Computing Pauli decomposition
[2025-12-04 16:55:45] Pauli - CX: 1084.0, U3: 863.0, Depth: 1535.0
[2025-12-04 16:55:45] Analysis completed in 11.86s - Category: win
[2025-12-04 16:55:45] Successfully processed graph 153 - Category: win - Time: 11.86s
[2025-12-04 16:55:45] 
Processing graph 154/200
[2025-12-04 16:55:45] Graph 154 has 128 nodes and 130 edges
[2025-12-04 16:55:45] Converted to 130 bitstring edges
[2025-12-04 16:55:45] Computing Matchings Dynamic walk
[2025-12-04 16:55:45] Matchings - CX: 361.0, U3: 352.0, Depth: 470.0
[2025-12-04 16:55:45] Computing Pauli decomposition
[2025-12-04 16:55:56] Pauli - CX: 1083.0, U3: 1324.0, Depth: 1745.0
[2025-12-04 16:55:56] Analysis completed in 11.26s - Category: win
[2025-12-04 16:55:56] Successfully processed graph 154 - Category: win - Time: 11.26s
[2025-12-04 16:55:56] 
Processing graph 155/200
[2025-12-04 16:55:56] Graph 155 has 128 nodes and 130 edges
[2025-12-04 16:55:56] Converted to 130 bitstring edges
[2025-12-04 16:55:56] Computing Matchings Dynamic walk
[2025-12-04 16:55:56] Matchings - CX: 735.0, U3: 731.0, Depth: 971.0
[2025-12-04 16:55:56] Computing Pauli decomposition
[2025-12-04 16:56:08] Pauli - CX: 1029.0, U3: 1259.0, Depth: 1669.0
[2025-12-04 16:56:08] Analysis completed in 11.77s - Category: win
[2025-12-04 16:56:08] Successfully processed graph 155 - Category: win - Time: 11.77s
[2025-12-04 16:56:08] 
Processing graph 156/200
[2025-12-04 16:56:08] Graph 156 has 128 nodes and 130 edges
[2025-12-04 16:56:08] Converted to 130 bitstring edges
[2025-12-04 16:56:08] Computing Matchings Dynamic walk
[2025-12-04 16:56:08] Matchings - CX: 355.0, U3: 347.0, Depth: 467.0
[2025-12-04 16:56:08] Computing Pauli decomposition
[2025-12-04 16:56:20] Pauli - CX: 1076.0, U3: 1255.0, Depth: 1716.0
[2025-12-04 16:56:20] Analysis completed in 11.72s - Category: win
[2025-12-04 16:56:20] Successfully processed graph 156 - Category: win - Time: 11.72s
[2025-12-04 16:56:20] 
Processing graph 157/200
[2025-12-04 16:56:20] Graph 157 has 128 nodes and 130 edges
[2025-12-04 16:56:20] Converted to 130 bitstring edges
[2025-12-04 16:56:20] Computing Matchings Dynamic walk
[2025-12-04 16:56:20] Matchings - CX: 1375.0, U3: 1420.0, Depth: 1797.0
[2025-12-04 16:56:20] Computing Pauli decomposition
[2025-12-04 16:56:30] Pauli - CX: 1323.0, U3: 1478.0, Depth: 2024.0
[2025-12-04 16:56:30] Analysis completed in 10.45s - Category: lose
[2025-12-04 16:56:30] Successfully processed graph 157 - Category: lose - Time: 10.45s
[2025-12-04 16:56:30] 
Processing graph 158/200
[2025-12-04 16:56:30] Graph 158 has 128 nodes and 130 edges
[2025-12-04 16:56:30] Converted to 130 bitstring edges
[2025-12-04 16:56:30] Computing Matchings Dynamic walk
[2025-12-04 16:56:30] Matchings - CX: 715.0, U3: 723.0, Depth: 932.0
[2025-12-04 16:56:30] Computing Pauli decomposition
[2025-12-04 16:56:41] Pauli - CX: 1255.0, U3: 1464.0, Depth: 1972.0
[2025-12-04 16:56:41] Analysis completed in 10.84s - Category: win
[2025-12-04 16:56:41] Successfully processed graph 158 - Category: win - Time: 10.84s
[2025-12-04 16:56:41] 
Processing graph 159/200
[2025-12-04 16:56:41] Graph 159 has 128 nodes and 130 edges
[2025-12-04 16:56:41] Converted to 130 bitstring edges
[2025-12-04 16:56:41] Computing Matchings Dynamic walk
[2025-12-04 16:56:41] Matchings - CX: 738.0, U3: 747.0, Depth: 990.0
[2025-12-04 16:56:41] Computing Pauli decomposition
[2025-12-04 16:56:50] Pauli - CX: 1223.0, U3: 1263.0, Depth: 1865.0
[2025-12-04 16:56:50] Analysis completed in 9.38s - Category: win
[2025-12-04 16:56:50] Successfully processed graph 159 - Category: win - Time: 9.38s
[2025-12-04 16:56:50] 
Processing graph 160/200
[2025-12-04 16:56:50] Graph 160 has 128 nodes and 130 edges
[2025-12-04 16:56:50] Converted to 130 bitstring edges
[2025-12-04 16:56:50] Computing Matchings Dynamic walk
[2025-12-04 16:56:50] Matchings - CX: 365.0, U3: 351.0, Depth: 478.0
[2025-12-04 16:56:50] Computing Pauli decomposition
[2025-12-04 16:57:00] Pauli - CX: 1335.0, U3: 1482.0, Depth: 2058.0
[2025-12-04 16:57:00] Analysis completed in 9.48s - Category: win
[2025-12-04 16:57:00] Successfully processed graph 160 - Category: win - Time: 9.48s
[2025-12-04 16:57:00] 
Processing graph 161/200
[2025-12-04 16:57:00] Graph 161 has 128 nodes and 130 edges
[2025-12-04 16:57:00] Converted to 130 bitstring edges
[2025-12-04 16:57:00] Computing Matchings Dynamic walk
[2025-12-04 16:57:00] Matchings - CX: 722.0, U3: 729.0, Depth: 950.0
[2025-12-04 16:57:00] Computing Pauli decomposition
[2025-12-04 16:57:09] Pauli - CX: 1404.0, U3: 1324.0, Depth: 2066.0
[2025-12-04 16:57:09] Analysis completed in 9.50s - Category: win
[2025-12-04 16:57:09] Successfully processed graph 161 - Category: win - Time: 9.50s
[2025-12-04 16:57:09] 
Processing graph 162/200
[2025-12-04 16:57:09] Graph 162 has 128 nodes and 130 edges
[2025-12-04 16:57:09] Converted to 130 bitstring edges
[2025-12-04 16:57:09] Computing Matchings Dynamic walk
[2025-12-04 16:57:09] Matchings - CX: 752.0, U3: 764.0, Depth: 1000.0
[2025-12-04 16:57:09] Computing Pauli decomposition
[2025-12-04 16:57:19] Pauli - CX: 1187.0, U3: 1493.0, Depth: 1905.0
[2025-12-04 16:57:19] Analysis completed in 9.73s - Category: win
[2025-12-04 16:57:19] Successfully processed graph 162 - Category: win - Time: 9.73s
[2025-12-04 16:57:19] 
Processing graph 163/200
[2025-12-04 16:57:19] Graph 163 has 128 nodes and 130 edges
[2025-12-04 16:57:19] Converted to 130 bitstring edges
[2025-12-04 16:57:19] Computing Matchings Dynamic walk
[2025-12-04 16:57:19] Matchings - CX: 1192.0, U3: 1219.0, Depth: 1581.0
[2025-12-04 16:57:19] Computing Pauli decomposition
[2025-12-04 16:57:28] Pauli - CX: 1101.0, U3: 1285.0, Depth: 1740.0
[2025-12-04 16:57:28] Analysis completed in 9.39s - Category: lose
[2025-12-04 16:57:28] Successfully processed graph 163 - Category: lose - Time: 9.39s
[2025-12-04 16:57:28] 
Processing graph 164/200
[2025-12-04 16:57:28] Graph 164 has 128 nodes and 130 edges
[2025-12-04 16:57:28] Converted to 130 bitstring edges
[2025-12-04 16:57:28] Computing Matchings Dynamic walk
[2025-12-04 16:57:28] Matchings - CX: 769.0, U3: 767.0, Depth: 1020.0
[2025-12-04 16:57:28] Computing Pauli decomposition
[2025-12-04 16:57:38] Pauli - CX: 1211.0, U3: 1541.0, Depth: 1955.0
[2025-12-04 16:57:38] Analysis completed in 9.58s - Category: win
[2025-12-04 16:57:38] Successfully processed graph 164 - Category: win - Time: 9.58s
[2025-12-04 16:57:38] 
Processing graph 165/200
[2025-12-04 16:57:38] Graph 165 has 128 nodes and 130 edges
[2025-12-04 16:57:38] Converted to 130 bitstring edges
[2025-12-04 16:57:38] Computing Matchings Dynamic walk
[2025-12-04 16:57:38] Matchings - CX: 766.0, U3: 771.0, Depth: 1022.0
[2025-12-04 16:57:38] Computing Pauli decomposition
[2025-12-04 16:57:48] Pauli - CX: 952.0, U3: 1190.0, Depth: 1546.0
[2025-12-04 16:57:48] Analysis completed in 9.75s - Category: win
[2025-12-04 16:57:48] Successfully processed graph 165 - Category: win - Time: 9.75s
[2025-12-04 16:57:48] 
Processing graph 166/200
[2025-12-04 16:57:48] Graph 166 has 128 nodes and 130 edges
[2025-12-04 16:57:48] Converted to 130 bitstring edges
[2025-12-04 16:57:48] Computing Matchings Dynamic walk
[2025-12-04 16:57:48] Matchings - CX: 1069.0, U3: 1078.0, Depth: 1400.0
[2025-12-04 16:57:48] Computing Pauli decomposition
[2025-12-04 16:57:57] Pauli - CX: 1180.0, U3: 1502.0, Depth: 1911.0
[2025-12-04 16:57:57] Analysis completed in 9.75s - Category: win
[2025-12-04 16:57:57] Successfully processed graph 166 - Category: win - Time: 9.75s
[2025-12-04 16:57:57] 
Processing graph 167/200
[2025-12-04 16:57:57] Graph 167 has 128 nodes and 130 edges
[2025-12-04 16:57:57] Converted to 130 bitstring edges
[2025-12-04 16:57:57] Computing Matchings Dynamic walk
[2025-12-04 16:57:58] Matchings - CX: 793.0, U3: 808.0, Depth: 1064.0
[2025-12-04 16:57:58] Computing Pauli decomposition
[2025-12-04 16:58:07] Pauli - CX: 1261.0, U3: 1223.0, Depth: 1894.0
[2025-12-04 16:58:07] Analysis completed in 9.43s - Category: win
[2025-12-04 16:58:07] Successfully processed graph 167 - Category: win - Time: 9.43s
[2025-12-04 16:58:07] 
Processing graph 168/200
[2025-12-04 16:58:07] Graph 168 has 128 nodes and 130 edges
[2025-12-04 16:58:07] Converted to 130 bitstring edges
[2025-12-04 16:58:07] Computing Matchings Dynamic walk
[2025-12-04 16:58:07] Matchings - CX: 762.0, U3: 756.0, Depth: 1014.0
[2025-12-04 16:58:07] Computing Pauli decomposition
[2025-12-04 16:58:16] Pauli - CX: 1253.0, U3: 1504.0, Depth: 1963.0
[2025-12-04 16:58:16] Analysis completed in 9.48s - Category: win
[2025-12-04 16:58:16] Successfully processed graph 168 - Category: win - Time: 9.48s
[2025-12-04 16:58:16] 
Processing graph 169/200
[2025-12-04 16:58:16] Graph 169 has 128 nodes and 130 edges
[2025-12-04 16:58:16] Converted to 130 bitstring edges
[2025-12-04 16:58:16] Computing Matchings Dynamic walk
[2025-12-04 16:58:16] Matchings - CX: 1018.0, U3: 1025.0, Depth: 1360.0
[2025-12-04 16:58:16] Computing Pauli decomposition
[2025-12-04 16:58:26] Pauli - CX: 1032.0, U3: 1237.0, Depth: 1663.0
[2025-12-04 16:58:26] Analysis completed in 9.39s - Category: win
[2025-12-04 16:58:26] Successfully processed graph 169 - Category: win - Time: 9.39s
[2025-12-04 16:58:26] 
Processing graph 170/200
[2025-12-04 16:58:26] Graph 170 has 128 nodes and 130 edges
[2025-12-04 16:58:26] Converted to 130 bitstring edges
[2025-12-04 16:58:26] Computing Matchings Dynamic walk
[2025-12-04 16:58:26] Matchings - CX: 777.0, U3: 770.0, Depth: 1042.0
[2025-12-04 16:58:26] Computing Pauli decomposition
[2025-12-04 16:58:36] Pauli - CX: 1204.0, U3: 1643.0, Depth: 1963.0
[2025-12-04 16:58:36] Analysis completed in 9.74s - Category: win
[2025-12-04 16:58:36] Successfully processed graph 170 - Category: win - Time: 9.74s
[2025-12-04 16:58:36] 
Processing graph 171/200
[2025-12-04 16:58:36] Graph 171 has 128 nodes and 130 edges
[2025-12-04 16:58:36] Converted to 130 bitstring edges
[2025-12-04 16:58:36] Computing Matchings Dynamic walk
[2025-12-04 16:58:36] Matchings - CX: 365.0, U3: 356.0, Depth: 482.0
[2025-12-04 16:58:36] Computing Pauli decomposition
[2025-12-04 16:58:46] Pauli - CX: 1327.0, U3: 1622.0, Depth: 2091.0
[2025-12-04 16:58:46] Analysis completed in 10.19s - Category: win
[2025-12-04 16:58:46] Successfully processed graph 171 - Category: win - Time: 10.19s
[2025-12-04 16:58:46] 
Processing graph 172/200
[2025-12-04 16:58:46] Graph 172 has 128 nodes and 130 edges
[2025-12-04 16:58:46] Converted to 130 bitstring edges
[2025-12-04 16:58:46] Computing Matchings Dynamic walk
[2025-12-04 16:58:46] Matchings - CX: 628.0, U3: 632.0, Depth: 820.0
[2025-12-04 16:58:46] Computing Pauli decomposition
[2025-12-04 16:58:56] Pauli - CX: 1162.0, U3: 1267.0, Depth: 1813.0
[2025-12-04 16:58:56] Analysis completed in 9.97s - Category: win
[2025-12-04 16:58:56] Successfully processed graph 172 - Category: win - Time: 9.97s
[2025-12-04 16:58:56] 
Processing graph 173/200
[2025-12-04 16:58:56] Graph 173 has 128 nodes and 130 edges
[2025-12-04 16:58:56] Converted to 130 bitstring edges
[2025-12-04 16:58:56] Computing Matchings Dynamic walk
[2025-12-04 16:58:56] Matchings - CX: 361.0, U3: 352.0, Depth: 475.0
[2025-12-04 16:58:56] Computing Pauli decomposition
[2025-12-04 16:59:05] Pauli - CX: 1169.0, U3: 1279.0, Depth: 1808.0
[2025-12-04 16:59:05] Analysis completed in 9.38s - Category: win
[2025-12-04 16:59:05] Successfully processed graph 173 - Category: win - Time: 9.38s
[2025-12-04 16:59:05] 
Processing graph 174/200
[2025-12-04 16:59:05] Graph 174 has 128 nodes and 130 edges
[2025-12-04 16:59:05] Converted to 130 bitstring edges
[2025-12-04 16:59:05] Computing Matchings Dynamic walk
[2025-12-04 16:59:05] Matchings - CX: 1209.0, U3: 1229.0, Depth: 1619.0
[2025-12-04 16:59:05] Computing Pauli decomposition
[2025-12-04 16:59:15] Pauli - CX: 1517.0, U3: 1315.0, Depth: 2169.0
[2025-12-04 16:59:15] Analysis completed in 10.29s - Category: win
[2025-12-04 16:59:15] Successfully processed graph 174 - Category: win - Time: 10.29s
[2025-12-04 16:59:15] 
Processing graph 175/200
[2025-12-04 16:59:15] Graph 175 has 128 nodes and 130 edges
[2025-12-04 16:59:15] Converted to 130 bitstring edges
[2025-12-04 16:59:15] Computing Matchings Dynamic walk
[2025-12-04 16:59:15] Matchings - CX: 357.0, U3: 350.0, Depth: 469.0
[2025-12-04 16:59:15] Computing Pauli decomposition
[2025-12-04 16:59:26] Pauli - CX: 1071.0, U3: 1340.0, Depth: 1741.0
[2025-12-04 16:59:26] Analysis completed in 10.18s - Category: win
[2025-12-04 16:59:26] Successfully processed graph 175 - Category: win - Time: 10.18s
[2025-12-04 16:59:26] 
Processing graph 176/200
[2025-12-04 16:59:26] Graph 176 has 128 nodes and 130 edges
[2025-12-04 16:59:26] Converted to 130 bitstring edges
[2025-12-04 16:59:26] Computing Matchings Dynamic walk
[2025-12-04 16:59:26] Matchings - CX: 964.0, U3: 971.0, Depth: 1296.0
[2025-12-04 16:59:26] Computing Pauli decomposition
[2025-12-04 16:59:35] Pauli - CX: 1137.0, U3: 1200.0, Depth: 1744.0
[2025-12-04 16:59:35] Analysis completed in 9.53s - Category: win
[2025-12-04 16:59:35] Successfully processed graph 176 - Category: win - Time: 9.53s
[2025-12-04 16:59:35] 
Processing graph 177/200
[2025-12-04 16:59:35] Graph 177 has 128 nodes and 130 edges
[2025-12-04 16:59:35] Converted to 130 bitstring edges
[2025-12-04 16:59:35] Computing Matchings Dynamic walk
[2025-12-04 16:59:35] Matchings - CX: 761.0, U3: 754.0, Depth: 1002.0
[2025-12-04 16:59:35] Computing Pauli decomposition
[2025-12-04 16:59:45] Pauli - CX: 1304.0, U3: 1672.0, Depth: 2086.0
[2025-12-04 16:59:45] Analysis completed in 9.46s - Category: win
[2025-12-04 16:59:45] Successfully processed graph 177 - Category: win - Time: 9.46s
[2025-12-04 16:59:45] 
Processing graph 178/200
[2025-12-04 16:59:45] Graph 178 has 128 nodes and 130 edges
[2025-12-04 16:59:45] Converted to 130 bitstring edges
[2025-12-04 16:59:45] Computing Matchings Dynamic walk
[2025-12-04 16:59:45] Matchings - CX: 713.0, U3: 731.0, Depth: 933.0
[2025-12-04 16:59:45] Computing Pauli decomposition
[2025-12-04 16:59:54] Pauli - CX: 1005.0, U3: 1210.0, Depth: 1620.0
[2025-12-04 16:59:54] Analysis completed in 9.49s - Category: win
[2025-12-04 16:59:54] Successfully processed graph 178 - Category: win - Time: 9.49s
[2025-12-04 16:59:54] 
Processing graph 179/200
[2025-12-04 16:59:54] Graph 179 has 128 nodes and 130 edges
[2025-12-04 16:59:54] Converted to 130 bitstring edges
[2025-12-04 16:59:54] Computing Matchings Dynamic walk
[2025-12-04 16:59:54] Matchings - CX: 636.0, U3: 628.0, Depth: 829.0
[2025-12-04 16:59:54] Computing Pauli decomposition
[2025-12-04 17:00:03] Pauli - CX: 1232.0, U3: 1448.0, Depth: 1921.0
[2025-12-04 17:00:03] Analysis completed in 9.27s - Category: win
[2025-12-04 17:00:03] Successfully processed graph 179 - Category: win - Time: 9.27s
[2025-12-04 17:00:03] 
Processing graph 180/200
[2025-12-04 17:00:03] Graph 180 has 128 nodes and 130 edges
[2025-12-04 17:00:03] Converted to 130 bitstring edges
[2025-12-04 17:00:03] Computing Matchings Dynamic walk
[2025-12-04 17:00:03] Matchings - CX: 818.0, U3: 818.0, Depth: 1104.0
[2025-12-04 17:00:03] Computing Pauli decomposition
[2025-12-04 17:00:13] Pauli - CX: 1252.0, U3: 1456.0, Depth: 1952.0
[2025-12-04 17:00:13] Analysis completed in 9.31s - Category: win
[2025-12-04 17:00:13] Successfully processed graph 180 - Category: win - Time: 9.31s
[2025-12-04 17:00:13] 
Processing graph 181/200
[2025-12-04 17:00:13] Graph 181 has 128 nodes and 130 edges
[2025-12-04 17:00:13] Converted to 130 bitstring edges
[2025-12-04 17:00:13] Computing Matchings Dynamic walk
[2025-12-04 17:00:13] Matchings - CX: 359.0, U3: 349.0, Depth: 471.0
[2025-12-04 17:00:13] Computing Pauli decomposition
[2025-12-04 17:00:23] Pauli - CX: 1115.0, U3: 1149.0, Depth: 1709.0
[2025-12-04 17:00:23] Analysis completed in 10.10s - Category: win
[2025-12-04 17:00:23] Successfully processed graph 181 - Category: win - Time: 10.10s
[2025-12-04 17:00:23] 
Processing graph 182/200
[2025-12-04 17:00:23] Graph 182 has 128 nodes and 130 edges
[2025-12-04 17:00:23] Converted to 130 bitstring edges
[2025-12-04 17:00:23] Computing Matchings Dynamic walk
[2025-12-04 17:00:23] Matchings - CX: 365.0, U3: 356.0, Depth: 476.0
[2025-12-04 17:00:23] Computing Pauli decomposition
[2025-12-04 17:00:32] Pauli - CX: 1295.0, U3: 1619.0, Depth: 2063.0
[2025-12-04 17:00:32] Analysis completed in 9.58s - Category: win
[2025-12-04 17:00:32] Successfully processed graph 182 - Category: win - Time: 9.58s
[2025-12-04 17:00:32] 
Processing graph 183/200
[2025-12-04 17:00:32] Graph 183 has 128 nodes and 130 edges
[2025-12-04 17:00:32] Converted to 130 bitstring edges
[2025-12-04 17:00:32] Computing Matchings Dynamic walk
[2025-12-04 17:00:32] Matchings - CX: 363.0, U3: 353.0, Depth: 477.0
[2025-12-04 17:00:32] Computing Pauli decomposition
[2025-12-04 17:00:42] Pauli - CX: 1238.0, U3: 1327.0, Depth: 1904.0
[2025-12-04 17:00:42] Analysis completed in 9.65s - Category: win
[2025-12-04 17:00:42] Successfully processed graph 183 - Category: win - Time: 9.65s
[2025-12-04 17:00:42] 
Processing graph 184/200
[2025-12-04 17:00:42] Graph 184 has 128 nodes and 130 edges
[2025-12-04 17:00:42] Converted to 130 bitstring edges
[2025-12-04 17:00:42] Computing Matchings Dynamic walk
[2025-12-04 17:00:42] Matchings - CX: 946.0, U3: 955.0, Depth: 1263.0
[2025-12-04 17:00:42] Computing Pauli decomposition
[2025-12-04 17:00:52] Pauli - CX: 1197.0, U3: 1221.0, Depth: 1822.0
[2025-12-04 17:00:52] Analysis completed in 10.27s - Category: win
[2025-12-04 17:00:52] Successfully processed graph 184 - Category: win - Time: 10.27s
[2025-12-04 17:00:52] 
Processing graph 185/200
[2025-12-04 17:00:52] Graph 185 has 128 nodes and 130 edges
[2025-12-04 17:00:52] Converted to 130 bitstring edges
[2025-12-04 17:00:52] Computing Matchings Dynamic walk
[2025-12-04 17:00:52] Matchings - CX: 759.0, U3: 752.0, Depth: 1004.0
[2025-12-04 17:00:52] Computing Pauli decomposition
[2025-12-04 17:01:02] Pauli - CX: 1414.0, U3: 1658.0, Depth: 2185.0
[2025-12-04 17:01:02] Analysis completed in 9.28s - Category: win
[2025-12-04 17:01:02] Successfully processed graph 185 - Category: win - Time: 9.28s
[2025-12-04 17:01:02] 
Processing graph 186/200
[2025-12-04 17:01:02] Graph 186 has 128 nodes and 130 edges
[2025-12-04 17:01:02] Converted to 130 bitstring edges
[2025-12-04 17:01:02] Computing Matchings Dynamic walk
[2025-12-04 17:01:02] Matchings - CX: 789.0, U3: 802.0, Depth: 1063.0
[2025-12-04 17:01:02] Computing Pauli decomposition
[2025-12-04 17:01:11] Pauli - CX: 1239.0, U3: 1349.0, Depth: 1914.0
[2025-12-04 17:01:11] Analysis completed in 9.46s - Category: win
[2025-12-04 17:01:11] Successfully processed graph 186 - Category: win - Time: 9.46s
[2025-12-04 17:01:11] 
Processing graph 187/200
[2025-12-04 17:01:11] Graph 187 has 128 nodes and 130 edges
[2025-12-04 17:01:11] Converted to 130 bitstring edges
[2025-12-04 17:01:11] Computing Matchings Dynamic walk
[2025-12-04 17:01:11] Matchings - CX: 762.0, U3: 762.0, Depth: 1011.0
[2025-12-04 17:01:11] Computing Pauli decomposition
[2025-12-04 17:01:21] Pauli - CX: 1075.0, U3: 1388.0, Depth: 1731.0
[2025-12-04 17:01:21] Analysis completed in 9.59s - Category: win
[2025-12-04 17:01:21] Successfully processed graph 187 - Category: win - Time: 9.59s
[2025-12-04 17:01:21] 
Processing graph 188/200
[2025-12-04 17:01:21] Graph 188 has 128 nodes and 130 edges
[2025-12-04 17:01:21] Converted to 130 bitstring edges
[2025-12-04 17:01:21] Computing Matchings Dynamic walk
[2025-12-04 17:01:21] Matchings - CX: 359.0, U3: 355.0, Depth: 475.0
[2025-12-04 17:01:21] Computing Pauli decomposition
[2025-12-04 17:01:30] Pauli - CX: 967.0, U3: 1183.0, Depth: 1509.0
[2025-12-04 17:01:30] Analysis completed in 9.65s - Category: win
[2025-12-04 17:01:30] Successfully processed graph 188 - Category: win - Time: 9.65s
[2025-12-04 17:01:30] 
Processing graph 189/200
[2025-12-04 17:01:30] Graph 189 has 128 nodes and 131 edges
[2025-12-04 17:01:30] Converted to 131 bitstring edges
[2025-12-04 17:01:30] Computing Matchings Dynamic walk
[2025-12-04 17:01:30] Matchings - CX: 775.0, U3: 782.0, Depth: 1018.0
[2025-12-04 17:01:30] Computing Pauli decomposition
[2025-12-04 17:01:40] Pauli - CX: 1373.0, U3: 1688.0, Depth: 2174.0
[2025-12-04 17:01:40] Analysis completed in 9.59s - Category: win
[2025-12-04 17:01:40] Successfully processed graph 189 - Category: win - Time: 9.59s
[2025-12-04 17:01:40] 
Processing graph 190/200
[2025-12-04 17:01:40] Graph 190 has 128 nodes and 131 edges
[2025-12-04 17:01:40] Converted to 131 bitstring edges
[2025-12-04 17:01:40] Computing Matchings Dynamic walk
[2025-12-04 17:01:40] Matchings - CX: 920.0, U3: 921.0, Depth: 1231.0
[2025-12-04 17:01:40] Computing Pauli decomposition
[2025-12-04 17:01:49] Pauli - CX: 1456.0, U3: 1793.0, Depth: 2318.0
[2025-12-04 17:01:49] Analysis completed in 9.23s - Category: win
[2025-12-04 17:01:49] Successfully processed graph 190 - Category: win - Time: 9.23s
[2025-12-04 17:01:49] 
Processing graph 191/200
[2025-12-04 17:01:49] Graph 191 has 128 nodes and 131 edges
[2025-12-04 17:01:49] Converted to 131 bitstring edges
[2025-12-04 17:01:49] Computing Matchings Dynamic walk
[2025-12-04 17:01:49] Matchings - CX: 804.0, U3: 822.0, Depth: 1050.0
[2025-12-04 17:01:49] Computing Pauli decomposition
[2025-12-04 17:02:00] Pauli - CX: 1465.0, U3: 1834.0, Depth: 2338.0
[2025-12-04 17:02:00] Analysis completed in 10.48s - Category: win
[2025-12-04 17:02:00] Successfully processed graph 191 - Category: win - Time: 10.48s
[2025-12-04 17:02:00] 
Processing graph 192/200
[2025-12-04 17:02:00] Graph 192 has 128 nodes and 131 edges
[2025-12-04 17:02:00] Converted to 131 bitstring edges
[2025-12-04 17:02:00] Computing Matchings Dynamic walk
[2025-12-04 17:02:00] Matchings - CX: 621.0, U3: 629.0, Depth: 829.0
[2025-12-04 17:02:00] Computing Pauli decomposition
[2025-12-04 17:02:10] Pauli - CX: 1325.0, U3: 1326.0, Depth: 2029.0
[2025-12-04 17:02:10] Analysis completed in 10.57s - Category: win
[2025-12-04 17:02:10] Successfully processed graph 192 - Category: win - Time: 10.57s
[2025-12-04 17:02:10] 
Processing graph 193/200
[2025-12-04 17:02:10] Graph 193 has 128 nodes and 131 edges
[2025-12-04 17:02:10] Converted to 131 bitstring edges
[2025-12-04 17:02:10] Computing Matchings Dynamic walk
[2025-12-04 17:02:10] Matchings - CX: 874.0, U3: 891.0, Depth: 1176.0
[2025-12-04 17:02:10] Computing Pauli decomposition
[2025-12-04 17:02:21] Pauli - CX: 1384.0, U3: 1450.0, Depth: 2121.0
[2025-12-04 17:02:21] Analysis completed in 11.36s - Category: win
[2025-12-04 17:02:21] Successfully processed graph 193 - Category: win - Time: 11.36s
[2025-12-04 17:02:21] 
Processing graph 194/200
[2025-12-04 17:02:21] Graph 194 has 128 nodes and 131 edges
[2025-12-04 17:02:21] Converted to 131 bitstring edges
[2025-12-04 17:02:21] Computing Matchings Dynamic walk
[2025-12-04 17:02:22] Matchings - CX: 804.0, U3: 826.0, Depth: 1046.0
[2025-12-04 17:02:22] Computing Pauli decomposition
[2025-12-04 17:02:31] Pauli - CX: 1381.0, U3: 1500.0, Depth: 2137.0
[2025-12-04 17:02:31] Analysis completed in 9.80s - Category: win
[2025-12-04 17:02:31] Successfully processed graph 194 - Category: win - Time: 9.80s
[2025-12-04 17:02:31] 
Processing graph 195/200
[2025-12-04 17:02:31] Graph 195 has 128 nodes and 131 edges
[2025-12-04 17:02:31] Converted to 131 bitstring edges
[2025-12-04 17:02:31] Computing Matchings Dynamic walk
[2025-12-04 17:02:31] Matchings - CX: 421.0, U3: 410.0, Depth: 545.0
[2025-12-04 17:02:31] Computing Pauli decomposition
[2025-12-04 17:02:43] Pauli - CX: 1408.0, U3: 1400.0, Depth: 2135.0
[2025-12-04 17:02:43] Analysis completed in 11.90s - Category: win
[2025-12-04 17:02:43] Successfully processed graph 195 - Category: win - Time: 11.90s
[2025-12-04 17:02:43] 
Processing graph 196/200
[2025-12-04 17:02:43] Graph 196 has 128 nodes and 131 edges
[2025-12-04 17:02:43] Converted to 131 bitstring edges
[2025-12-04 17:02:43] Computing Matchings Dynamic walk
[2025-12-04 17:02:43] Matchings - CX: 674.0, U3: 677.0, Depth: 911.0
[2025-12-04 17:02:43] Computing Pauli decomposition
[2025-12-04 17:02:53] Pauli - CX: 1304.0, U3: 1534.0, Depth: 2076.0
[2025-12-04 17:02:53] Analysis completed in 10.07s - Category: win
[2025-12-04 17:02:53] Successfully processed graph 196 - Category: win - Time: 10.07s
[2025-12-04 17:02:53] 
Processing graph 197/200
[2025-12-04 17:02:53] Graph 197 has 128 nodes and 131 edges
[2025-12-04 17:02:53] Converted to 131 bitstring edges
[2025-12-04 17:02:53] Computing Matchings Dynamic walk
[2025-12-04 17:02:53] Matchings - CX: 964.0, U3: 986.0, Depth: 1279.0
[2025-12-04 17:02:53] Computing Pauli decomposition
[2025-12-04 17:03:03] Pauli - CX: 1044.0, U3: 1377.0, Depth: 1720.0
[2025-12-04 17:03:03] Analysis completed in 9.84s - Category: win
[2025-12-04 17:03:03] Successfully processed graph 197 - Category: win - Time: 9.84s
[2025-12-04 17:03:03] 
Processing graph 198/200
[2025-12-04 17:03:03] Graph 198 has 128 nodes and 131 edges
[2025-12-04 17:03:03] Converted to 131 bitstring edges
[2025-12-04 17:03:03] Computing Matchings Dynamic walk
[2025-12-04 17:03:03] Matchings - CX: 419.0, U3: 414.0, Depth: 536.0
[2025-12-04 17:03:03] Computing Pauli decomposition
[2025-12-04 17:03:12] Pauli - CX: 1114.0, U3: 1464.0, Depth: 1842.0
[2025-12-04 17:03:12] Analysis completed in 9.26s - Category: win
[2025-12-04 17:03:12] Successfully processed graph 198 - Category: win - Time: 9.26s
[2025-12-04 17:03:12] 
Processing graph 199/200
[2025-12-04 17:03:12] Graph 199 has 128 nodes and 131 edges
[2025-12-04 17:03:12] Converted to 131 bitstring edges
[2025-12-04 17:03:12] Computing Matchings Dynamic walk
[2025-12-04 17:03:12] Matchings - CX: 1149.0, U3: 1151.0, Depth: 1490.0
[2025-12-04 17:03:12] Computing Pauli decomposition
[2025-12-04 17:03:22] Pauli - CX: 1346.0, U3: 1664.0, Depth: 2154.0
[2025-12-04 17:03:22] Analysis completed in 9.38s - Category: win
[2025-12-04 17:03:22] Successfully processed graph 199 - Category: win - Time: 9.38s
[2025-12-04 17:03:22] 
Final Results Summary:
[2025-12-04 17:03:22] Total graphs in file: 200
[2025-12-04 17:03:22] Successfully processed: 200
[2025-12-04 17:03:22] Matching algorithm used: automatic (bipartite/greedy)
[2025-12-04 17:03:22] win: 192 (96.0%)
[2025-12-04 17:03:22] lose: 8 (4.0%)
[2025-12-04 17:03:22] draw: 0 (0.0%)
[2025-12-04 17:03:22] Average time per graph: 10.52s
[2025-12-04 17:03:22] Min time per graph: 8.89s
[2025-12-04 17:03:22] Max time per graph: 12.67s
[2025-12-04 17:03:22] Total analysis time: 2104.16s
[2025-12-04 17:03:22] 
Detailed Graph Properties by Category:

[2025-12-04 17:03:22] 
WIN Graphs Statistics:
[2025-12-04 17:03:22] Total graphs processed: 192
[2025-12-04 17:03:22] Edge count - Min: 127, Max: 131, Mean: 129.62
[2025-12-04 17:03:22] Edge density - Min: 0.0156, Max: 0.0161, Mean: 0.0159
[2025-12-04 17:03:22] Bipartite graphs: 35, Non-bipartite graphs: 157
[2025-12-04 17:03:22] Diameter (connected graphs) - Min: 40, Max: 127, Mean: 71.85
[2025-12-04 17:03:22] Clique number - Min: 2, Max: 3, Mean: 2.07
[2025-12-04 17:03:22] Maximum degree - Min: 2, Max: 4, Mean: 3.08
[2025-12-04 17:03:22] Average degree - Min: 1.98, Max: 2.05, Mean: 2.03
[2025-12-04 17:03:22] Clustering coefficient - Min: 0.0000, Max: 0.0130, Mean: 0.0009
[2025-12-04 17:03:22] Estimated group size - Min: 32, Max: 32, Mean: 32.00
[2025-12-04 17:03:22] Estimated orbit count - Min: 2, Max: 4, Mean: 3.08
[2025-12-04 17:03:22] 
LOSE Graphs Statistics:
[2025-12-04 17:03:22] Total graphs processed: 8
[2025-12-04 17:03:22] Edge count - Min: 129, Max: 130, Mean: 129.62
[2025-12-04 17:03:22] Edge density - Min: 0.0159, Max: 0.0160, Mean: 0.0159
[2025-12-04 17:03:22] Bipartite graphs: 1, Non-bipartite graphs: 7
[2025-12-04 17:03:22] Diameter (connected graphs) - Min: 52, Max: 96, Mean: 68.50
[2025-12-04 17:03:22] Clique number - Min: 2, Max: 2, Mean: 2.00
[2025-12-04 17:03:22] Maximum degree - Min: 3, Max: 3, Mean: 3.00
[2025-12-04 17:03:22] Average degree - Min: 2.02, Max: 2.03, Mean: 2.03
[2025-12-04 17:03:22] Clustering coefficient - Min: 0.0000, Max: 0.0000, Mean: 0.0000
[2025-12-04 17:03:22] Estimated group size - Min: 32, Max: 32, Mean: 32.00
[2025-12-04 17:03:22] Estimated orbit count - Min: 3, Max: 3, Mean: 3.00
[2025-12-04 17:03:22] 
Average Gate Counts by Category:
[2025-12-04 17:03:22] win_matching_cx: 615.52
[2025-12-04 17:03:22] win_matching_u3: 616.25
[2025-12-04 17:03:22] win_pauli_cx: 1121.79
[2025-12-04 17:03:22] win_pauli_u3: 1285.59
[2025-12-04 17:03:22] win_matching_depth: 814.95
[2025-12-04 17:03:22] win_pauli_depth: 1750.78
[2025-12-04 17:03:22] win_analysis_time: 10.52
[2025-12-04 17:03:22] win_graph_edge_count: 129.62
[2025-12-04 17:03:22] win_graph_edge_density: 0.02
[2025-12-04 17:03:22] win_graph_is_bipartite: 0.18
[2025-12-04 17:03:22] win_graph_diameter: 71.85
[2025-12-04 17:03:22] win_graph_clique_number: 2.07
[2025-12-04 17:03:22] win_graph_max_degree: 3.08
[2025-12-04 17:03:22] win_graph_avg_degree: 2.03
[2025-12-04 17:03:22] win_graph_avg_clustering: 0.00
[2025-12-04 17:03:22] win_graph_estimated_group_size: 32.00
[2025-12-04 17:03:22] win_graph_estimated_orbit_count: 3.08
[2025-12-04 17:03:22] lose_matching_cx: 1097.00
[2025-12-04 17:03:22] lose_matching_u3: 1113.62
[2025-12-04 17:03:22] lose_pauli_cx: 1013.25
[2025-12-04 17:03:22] lose_pauli_u3: 1236.50
[2025-12-04 17:03:22] lose_matching_depth: 1443.38
[2025-12-04 17:03:22] lose_pauli_depth: 1608.12
[2025-12-04 17:03:22] lose_analysis_time: 10.55
[2025-12-04 17:03:22] lose_graph_edge_count: 129.62
[2025-12-04 17:03:22] lose_graph_edge_density: 0.02
[2025-12-04 17:03:22] lose_graph_is_bipartite: 0.12
[2025-12-04 17:03:22] lose_graph_diameter: 68.50
[2025-12-04 17:03:22] lose_graph_clique_number: 2.00
[2025-12-04 17:03:22] lose_graph_max_degree: 3.00
[2025-12-04 17:03:22] lose_graph_avg_degree: 2.03
[2025-12-04 17:03:22] lose_graph_avg_clustering: 0.00
[2025-12-04 17:03:22] lose_graph_estimated_group_size: 32.00
[2025-12-04 17:03:22] lose_graph_estimated_orbit_count: 3.00
[2025-12-04 17:03:22] config_n_qubits: 7.00
[2025-12-04 17:03:22] config_n_vertices: 128.00
[2025-12-04 17:03:22] config_delta_t: 0.10
[2025-12-04 17:03:22] config_matchings: automatic
[2025-12-04 17:03:22] config_graph_type: counting
[2025-12-04 17:03:22] config_n_steps: 1.00
[2025-12-04 17:03:22] timing_avg_per_graph: 10.52
[2025-12-04 17:03:22] timing_min_per_graph: 8.89
[2025-12-04 17:03:22] timing_max_per_graph: 12.67
[2025-12-04 17:03:22] timing_total_analysis: 2104.16
[2025-12-04 17:03:22] ======================================================================
======================================================================

