graph_index,n_qubits,n_vertices,n_edges,density,time,trotter_steps,matching_diff,pauli_diff
0,5,32,31,0.0625,0.1,1,0.009807979929913583,0.009807979929913694
0,5,32,31,0.0625,0.1,3,0.003266116051004666,0.0032661160510050746
0,5,32,31,0.0625,0.1,5,0.0019595157678122346,0.001959515767812446
0,5,32,31,0.0625,0.1,7,0.0013996238453044098,0.001399623845306094
0,5,32,31,0.0625,0.1,9,0.0010885866344961597,0.0010885866344962159
0,5,32,31,0.0625,0.1,11,0.000890657778862265,0.000890657778862229
0,5,32,31,0.0625,0.1,13,0.0007536315522321125,0.0007536315522334071
0,5,32,31,0.0625,0.1,15,0.000653146283347352,0.0006531462833468175
0,5,32,31,0.0625,0.1,17,0.0005763049179292839,0.0005763049179309003
0,5,32,31,0.0625,0.1,19,0.0005156408495000141,0.0005156408495020078
0,5,32,31,0.0625,0.5,1,0.2325576594546016,0.23255765945460166
0,5,32,31,0.0625,0.5,3,0.07574857588354661,0.07574857588354741
0,5,32,31,0.0625,0.5,5,0.04536727406968895,0.04536727406968992
0,5,32,31,0.0625,0.5,7,0.03238913948260615,0.03238913948260768
0,5,32,31,0.0625,0.5,9,0.025186419037161168,0.02518641903716244
0,5,32,31,0.0625,0.5,11,0.02060494480814936,0.02060494480815107
0,5,32,31,0.0625,0.5,13,0.01743391922840671,0.017433919228407098
0,5,32,31,0.0625,0.5,15,0.015108834462088484,0.0151088344620907
0,5,32,31,0.0625,0.5,17,0.013330993028970157,0.013330993028968762
0,5,32,31,0.0625,0.5,19,0.011927522645964478,0.011927522645967437
0,5,32,31,0.0625,1.0,1,0.7910952826476341,0.7910952826476344
0,5,32,31,0.0625,1.0,3,0.24602123217622945,0.24602123217623031
0,5,32,31,0.0625,1.0,5,0.14683600537173216,0.1468360053717329
0,5,32,31,0.0625,1.0,7,0.10473117221059777,0.1047311722105994
0,5,32,31,0.0625,1.0,9,0.08140913331273462,0.08140913331273597
0,5,32,31,0.0625,1.0,11,0.06658742648437481,0.06658742648437538
0,5,32,31,0.0625,1.0,13,0.056333455323734336,0.05633345532373718
0,5,32,31,0.0625,1.0,15,0.048817026499630045,0.04881702649963068
0,5,32,31,0.0625,1.0,17,0.043070720987366105,0.043070720987367035
0,5,32,31,0.0625,1.0,19,0.03853499982737054,0.03853499982737149
1,5,32,32,0.06451612903225806,0.1,1,0.012568312884208064,0.012568312884209676
1,5,32,32,0.06451612903225806,0.1,3,0.004183771441013717,0.004183771441018475
1,5,32,32,0.06451612903225806,0.1,5,0.0025099005939875586,0.002509900593987423
1,5,32,32,0.06451612903225806,0.1,7,0.0017926993461330728,0.0017926993461438948
1,5,32,32,0.06451612903225806,0.1,9,0.001394289457082197,0.001394289457084815
1,5,32,32,0.06451612903225806,0.1,11,0.0011407672650903438,0.0011407672650967065
1,5,32,32,0.06451612903225806,0.1,13,0.0009652565871797192,0.0009652565871857575
1,5,32,32,0.06451612903225806,0.1,15,0.0008365510081685534,0.0008365510081789134
1,5,32,32,0.06451612903225806,0.1,17,0.0007381302972403234,0.000738130297260708
1,5,32,32,0.06451612903225806,0.1,19,0.0006604304296370223,0.0006604304296495248
1,5,32,32,0.06451612903225806,0.5,1,0.2935617979086487,0.2935617979086497
1,5,32,32,0.06451612903225806,0.5,3,0.09512066784105144,0.09512066784105683
1,5,32,32,0.06451612903225806,0.5,5,0.05692700323496331,0.05692700323497158
1,5,32,32,0.06451612903225806,0.5,7,0.04063120698885318,0.040631206988858894
1,5,32,32,0.06451612903225806,0.5,9,0.031591428220649975,0.03159142822066005
1,5,32,32,0.06451612903225806,0.5,11,0.02584284049739325,0.02584284049740155
1,5,32,32,0.06451612903225806,0.5,13,0.02186459517559062,0.021864595175592527
1,5,32,32,0.06451612903225806,0.5,15,0.018947922553540258,0.018947922553563378
1,5,32,32,0.06451612903225806,0.5,17,0.016717889755141324,0.016717889755142695
1,5,32,32,0.06451612903225806,0.5,19,0.01495754182336427,0.014957541823394116
1,5,32,32,0.06451612903225806,1.0,1,0.9484348827747562,0.9484348827747575
1,5,32,32,0.06451612903225806,1.0,3,0.28299806716573095,0.2829980671657336
1,5,32,32,0.06451612903225806,1.0,5,0.1679994676351507,0.1679994676351555
1,5,32,32,0.06451612903225806,1.0,7,0.1196259595776374,0.11962595957763943
1,5,32,32,0.06451612903225806,1.0,9,0.09291669732473018,0.09291669732474023
1,5,32,32,0.06451612903225806,1.0,11,0.07596821593317284,0.0759682159331749
1,5,32,32,0.06451612903225806,1.0,13,0.06425309043033275,0.06425309043034895
1,5,32,32,0.06451612903225806,1.0,15,0.055670332251032774,0.055670332251039595
1,5,32,32,0.06451612903225806,1.0,17,0.049111287173507906,0.04911128717351524
1,5,32,32,0.06451612903225806,1.0,19,0.04393544935368888,0.0439354493536979
2,5,32,32,0.06451612903225806,0.1,1,0.011519331047735082,0.01151849200314157
2,5,32,32,0.06451612903225806,0.1,3,0.0038367064315565657,0.0038366808955727152
2,5,32,32,0.06451612903225806,0.1,5,0.002301876669700655,0.002301873533114251
2,5,32,32,0.06451612903225806,0.1,7,0.0016441686590866482,0.0016441688163388486
2,5,32,32,0.06451612903225806,0.1,9,0.0012787885763164263,0.0012787894660228048
2,5,32,32,0.06451612903225806,0.1,11,0.0010462777233705214,0.0010462787691393237
2,5,32,32,0.06451612903225806,0.1,13,0.0008853100514561166,0.0008853110910099207
2,5,32,32,0.06451612903225806,0.1,15,0.000767267695363914,0.0007672686804195018
2,5,32,32,0.06451612903225806,0.1,17,0.0006770003086117201,0.0006770012273791996
2,5,32,32,0.06451612903225806,0.1,19,0.0006057367423986067,0.0006057375955634407
2,5,32,32,0.06451612903225806,0.5,1,0.2718534681376569,0.2714059539465054
2,5,32,32,0.06451612903225806,0.5,3,0.08895526159985992,0.08894889910057344
2,5,32,32,0.06451612903225806,0.5,5,0.053295453934646526,0.05329819904495803
2,5,32,32,0.06451612903225806,0.5,7,0.0380529271900057,0.03805617359611272
2,5,32,32,0.06451612903225806,0.5,9,0.029591842312095655,0.02959477820841072
2,5,32,32,0.06451612903225806,0.5,11,0.024209487374632795,0.024212059551520167
2,5,32,32,0.06451612903225806,0.5,13,0.020483967978207823,0.02048622718017526
2,5,32,32,0.06451612903225806,0.5,15,0.017752237859991218,0.01775424081890753
2,5,32,32,0.06451612903225806,0.5,17,0.01566342418630247,0.01566521802615457
2,5,32,32,0.06451612903225806,0.5,19,0.014014445016656418,0.014016066669681025
2,5,32,32,0.06451612903225806,1.0,1,0.9078528007478368,0.9037545242245509
2,5,32,32,0.06451612903225806,1.0,3,0.28698353461671017,0.2870114078996686
2,5,32,32,0.06451612903225806,1.0,5,0.17151270632431398,0.17155213661039043
2,5,32,32,0.06451612903225806,1.0,7,0.12237780664805173,0.12240924164976222
2,5,32,32,0.06451612903225806,1.0,9,0.09514092321176541,0.09516629761735335
2,5,32,32,0.06451612903225806,1.0,11,0.07782529171819573,0.0778464132265567
2,5,32,32,0.06451612903225806,1.0,13,0.06584376888830537,0.06586181062097099
2,5,32,32,0.06451612903225806,1.0,15,0.057060034658210065,0.0570757612081245
2,5,32,32,0.06451612903225806,1.0,17,0.050344398599588495,0.050358327547389795
2,5,32,32,0.06451612903225806,1.0,19,0.04504330058571772,0.04505579600883381
3,5,32,32,0.06451612903225806,0.1,1,0.011808859872440474,0.011808859872440531
3,5,32,32,0.06451612903225806,0.1,3,0.003932927555714881,0.0039329275557149
3,5,32,32,0.06451612903225806,0.1,5,0.002359588249087679,0.0023595882490877
3,5,32,32,0.06451612903225806,0.1,7,0.0016853857913198048,0.00168538579131983
3,5,32,32,0.06451612903225806,0.1,9,0.0013108442128403146,0.0013108442128403198
3,5,32,32,0.06451612903225806,0.1,11,0.0010725040163470055,0.001072504016347058
3,5,32,32,0.06451612903225806,0.1,13,0.0009075009423679689,0.0009075009423679673
3,5,32,32,0.06451612903225806,0.1,15,0.0007864994385527444,0.0007864994385527222
3,5,32,32,0.06451612903225806,0.1,17,0.0006939692550379045,0.000693969255037917
3,5,32,32,0.06451612903225806,0.1,19,0.0006209193184233656,0.0006209193184234433
3,5,32,32,0.06451612903225806,0.5,1,0.27783671455962355,0.2778367145596244
3,5,32,32,0.06451612903225806,0.5,3,0.09078998571650253,0.09078998571650326
3,5,32,32,0.06451612903225806,0.5,5,0.05438577470112246,0.054385774701123366
3,5,32,32,0.06451612903225806,0.5,7,0.038829174666093244,0.03882917466609382
3,5,32,32,0.06451612903225806,0.5,9,0.03019462224730062,0.03019462224730126
3,5,32,32,0.06451612903225806,0.5,11,0.024702208168063854,0.024702208168064496
3,5,32,32,0.06451612903225806,0.5,13,0.020900630421994207,0.020900630421994536
3,5,32,32,0.06451612903225806,0.5,15,0.01811319035189737,0.01811319035189815
3,5,32,32,0.06451612903225806,0.5,17,0.01598181075603755,0.01598181075603798
3,5,32,32,0.06451612903225806,0.5,19,0.01429924791452806,0.014299247914529639
3,5,32,32,0.06451612903225806,1.0,1,0.9212823054783649,0.921282305478366
3,5,32,32,0.06451612903225806,1.0,3,0.28877638564221025,0.28877638564221203
3,5,32,32,0.06451612903225806,1.0,5,0.17242729384060992,0.1724272938406116
3,5,32,32,0.06451612903225806,1.0,7,0.12299331230670763,0.12299331230671003
3,5,32,32,0.06451612903225806,1.0,9,0.0956062163539122,0.09560621635391332
3,5,32,32,0.06451612903225806,1.0,11,0.07819993596213409,0.07819993596213502
3,5,32,32,0.06451612903225806,1.0,13,0.06615760861378306,0.06615760861378522
3,5,32,32,0.06451612903225806,1.0,15,0.05733018996962924,0.0573301899696318
3,5,32,32,0.06451612903225806,1.0,17,0.05058161872145878,0.05058161872146001
3,5,32,32,0.06451612903225806,1.0,19,0.04525478535838913,0.04525478535839005
4,5,32,32,0.06451612903225806,0.1,1,0.012474668629802035,0.012473159812149684
4,5,32,32,0.06451612903225806,0.1,3,0.0041548887431188284,0.004153789213104034
4,5,32,32,0.06451612903225806,0.1,5,0.002492755745542348,0.0024920730459063686
4,5,32,32,0.06451612903225806,0.1,7,0.001780501861839312,0.0017800105573426454
4,5,32,32,0.06451612903225806,0.1,9,0.0013848216929013947,0.0013844386559689126
4,5,32,32,0.06451612903225806,0.1,11,0.001133030125209679,0.0011327164597516248
4,5,32,32,0.06451612903225806,0.1,13,0.0009587147869587756,0.0009584492964941804
4,5,32,32,0.06451612903225806,0.1,15,0.0008308844104774867,0.0008306543021126576
4,5,32,32,0.06451612903225806,0.1,17,0.0007331322190275269,0.0007329291886098842
4,5,32,32,0.06451612903225806,0.1,19,0.0006559596890537597,0.0006557780443851158
4,5,32,32,0.06451612903225806,0.5,1,0.292491757873688,0.29164566443302753
4,5,32,32,0.06451612903225806,0.5,3,0.095823783576328,0.09517017311399496
4,5,32,32,0.06451612903225806,0.5,5,0.057402133688724724,0.057004082758137564
4,5,32,32,0.06451612903225806,0.5,7,0.040981394082378095,0.04069762246408334
4,5,32,32,0.06451612903225806,0.5,9,0.03186737079011613,0.03164734202749465
4,5,32,32,0.06451612903225806,0.5,11,0.026070140806959616,0.02589060338015361
4,5,32,32,0.06451612903225806,0.5,13,0.02205769352288652,0.021906111340470005
4,5,32,32,0.06451612903225806,0.5,15,0.019115703741628066,0.018984566766936644
4,5,32,32,0.06451612903225806,0.5,17,0.016866191809789894,0.016750651690611146
4,5,32,32,0.06451612903225806,0.5,19,0.015090400015742148,0.014987147305026436
4,5,32,32,0.06451612903225806,1.0,1,0.9613856365451071,0.9515333365955935
4,5,32,32,0.06451612903225806,1.0,3,0.3071387705441917,0.29888842331065024
4,5,32,32,0.06451612903225806,1.0,5,0.18334679056441,0.1785013248917442
4,5,32,32,0.06451612903225806,1.0,7,0.1307344374244943,0.12733871173292233
4,5,32,32,0.06451612903225806,1.0,9,0.10159655273652583,0.09898930618378535
4,5,32,32,0.06451612903225806,1.0,11,0.08308369754762632,0.0809697044558409
4,5,32,32,0.06451612903225806,1.0,13,0.07027924702364612,0.06850230945663523
4,5,32,32,0.06451612903225806,1.0,15,0.06089517733566769,0.05936292953982627
4,5,32,32,0.06451612903225806,1.0,17,0.05372228119534164,0.05237565895364397
4,5,32,32,0.06451612903225806,1.0,19,0.04806131289149075,0.046860292667013706
5,5,32,32,0.06451612903225806,0.1,1,0.013943253473046546,0.013585781660130535
5,5,32,32,0.06451612903225806,0.1,3,0.0046425921596644866,0.00452362294184888
5,5,32,32,0.06451612903225806,0.1,5,0.0027852585733777876,0.002713905663672465
5,5,32,32,0.06451612903225806,0.1,7,0.001989402874272602,0.0019384459704687468
5,5,32,32,0.06451612903225806,0.1,9,0.0015472888547150194,0.001507659950061434
5,5,32,32,0.06451612903225806,0.1,11,0.0012659522823753953,0.0012335308914338133
5,5,32,32,0.06451612903225806,0.1,13,0.001071184307509001,0.001043752165288618
5,5,32,32,0.06451612903225806,0.1,15,0.0009283561132184335,0.0009045824520844194
5,5,32,32,0.06451612903225806,0.1,17,0.0008191354291175401,0.0007981592555633655
5,5,32,32,0.06451612903225806,0.1,19,0.0007329090781383306,0.0007141413394979317
5,5,32,32,0.06451612903225806,0.5,1,0.3226186891838435,0.3140041144651476
5,5,32,32,0.06451612903225806,0.5,3,0.10503396946008439,0.10212481240681465
5,5,32,32,0.06451612903225806,0.5,5,0.06290742586925659,0.06114521816220493
5,5,32,32,0.06451612903225806,0.5,7,0.044911445420568435,0.043647349056479406
5,5,32,32,0.06451612903225806,0.5,9,0.03492383609089752,0.03393831364793198
5,5,32,32,0.06451612903225806,0.5,11,0.0285709790078638,0.02776342821420131
5,5,32,32,0.06451612903225806,0.5,13,0.024173924861710504,0.023489903693879384
5,5,32,32,0.06451612903225806,0.5,15,0.020949894820697777,0.02035662741411238
5,5,32,32,0.06451612903225806,0.5,17,0.018484697500494723,0.01796092419639272
5,5,32,32,0.06451612903225806,0.5,19,0.0165386184612395,0.016069766405045587
5,5,32,32,0.06451612903225806,1.0,1,1.0195040897046628,0.9900673424931964
5,5,32,32,0.06451612903225806,1.0,3,0.3195217742867642,0.3084553424210234
5,5,32,32,0.06451612903225806,1.0,5,0.1908130765766069,0.18388328264533307
5,5,32,32,0.06451612903225806,1.0,7,0.1360978628567314,0.13105032705061193
5,5,32,32,0.06451612903225806,1.0,9,0.10578430427350159,0.10181427794380701
5,5,32,32,0.06451612903225806,1.0,11,0.0865193130722873,0.08324752135073624
5,5,32,32,0.06451612903225806,1.0,13,0.07319204232052262,0.07040955965041142
5,5,32,32,0.06451612903225806,1.0,15,0.06342337679808323,0.06100286624965404
5,5,32,32,0.06451612903225806,1.0,17,0.05595565810778957,0.05381377381482479
5,5,32,32,0.06451612903225806,1.0,19,0.05006147748511,0.048140690845076314
6,5,32,32,0.06451612903225806,0.1,1,0.012082632664802398,0.012083684271592527
6,5,32,32,0.06451612903225806,0.1,3,0.004024332072267957,0.0040241823327684155
6,5,32,32,0.06451612903225806,0.1,5,0.0024144452902616033,0.0024143315622654686
6,5,32,32,0.06451612903225806,0.1,7,0.001724573486117582,0.0017244875540002725
6,5,32,32,0.06451612903225806,0.1,9,0.0013413252381988732,0.0013412568986885367
6,5,32,32,0.06451612903225806,0.1,11,0.0010974439067506989,0.0010973873699926813
6,5,32,32,0.06451612903225806,0.1,13,0.0009286044284990894,0.000928556286714143
6,5,32,32,0.06451612903225806,0.1,15,0.0008047894421385769,0.0008047475545100684
6,5,32,32,0.06451612903225806,0.1,17,0.0007101077047192447,0.0007100706479174012
6,5,32,32,0.06451612903225806,0.1,19,0.0006353591321813451,0.0006353259151374911
6,5,32,32,0.06451612903225806,0.5,1,0.28298042829969156,0.28341809841523946
6,5,32,32,0.06451612903225806,0.5,3,0.09259527051408736,0.09246806706769489
6,5,32,32,0.06451612903225806,0.5,5,0.0554760937605105,0.05538959951162617
6,5,32,32,0.06451612903225806,0.5,7,0.03960985791318068,0.03954613424077738
6,5,32,32,0.06451612903225806,0.5,9,0.030802573532502212,0.030752394938685125
6,5,32,32,0.06451612903225806,0.5,11,0.02519999650943752,0.025158687349822663
6,5,32,32,0.06451612903225806,0.5,13,0.021322047677949808,0.021286970462701164
6,5,32,32,0.06451612903225806,0.5,15,0.018478549981766894,0.018448082766935756
6,5,32,32,0.06451612903225806,0.5,17,0.016304273891574683,0.0162773516021795
6,5,32,32,0.06451612903225806,0.5,19,0.014587828116120555,0.014563715014965206
6,5,32,32,0.06451612903225806,1.0,1,0.9290609030154501,0.9288179043333388
6,5,32,32,0.06451612903225806,1.0,3,0.29265239626357226,0.2921459640995482
6,5,32,32,0.06451612903225806,1.0,5,0.17468914268896754,0.17462209132219328
6,5,32,32,0.06451612903225806,1.0,7,0.12459906483010594,0.12460158596192475
6,5,32,32,0.06451612903225806,1.0,9,0.09685300095626508,0.09687145581621469
6,5,32,32,0.06451612903225806,1.0,11,0.07921957652301778,0.07924157129820882
6,5,32,32,0.06451612903225806,1.0,13,0.0670203670108652,0.067042350115898
6,5,32,32,0.06451612903225806,1.0,15,0.058078018316704984,0.05809890924366026
6,5,32,32,0.06451612903225806,1.0,17,0.051241594691783215,0.05126111424592572
6,5,32,32,0.06451612903225806,1.0,19,0.0458454112803145,0.04586355856285106
7,5,32,32,0.06451612903225806,0.1,1,0.012289795904294758,0.012289795904295263
7,5,32,32,0.06451612903225806,0.1,3,0.004092431962329116,0.004092431962329768
7,5,32,32,0.06451612903225806,0.1,5,0.002455250543048335,0.002455250543047775
7,5,32,32,0.06451612903225806,0.1,7,0.0017537090898059027,0.0017537090898074542
7,5,32,32,0.06451612903225806,0.1,9,0.001363982715589153,0.0013639827155928136
7,5,32,32,0.06451612903225806,0.1,11,0.0011159803688177488,0.0011159803688188382
7,5,32,32,0.06451612903225806,0.1,13,0.0009442884086316451,0.0009442884086348931
7,5,32,32,0.06451612903225806,0.1,15,0.0008183818338181024,0.0008183818338166248
7,5,32,32,0.06451612903225806,0.1,17,0.0007221007607201504,0.0007221007607311045
7,5,32,32,0.06451612903225806,0.1,19,0.0006460896163895121,0.0006460896163898736
7,5,32,32,0.06451612903225806,0.5,1,0.2888221247671338,0.2888221247671349
7,5,32,32,0.06451612903225806,0.5,3,0.0942785109497407,0.09427851094974231
7,5,32,32,0.06451612903225806,0.5,5,0.05646621025667592,0.05646621025667788
7,5,32,32,0.06451612903225806,0.5,7,0.04031252266541492,0.040312522665416184
7,5,32,32,0.06451612903225806,0.5,9,0.03134752839506432,0.031347528395064495
7,5,32,32,0.06451612903225806,0.5,11,0.02564519905706481,0.025645199057065072
7,5,32,32,0.06451612903225806,0.5,13,0.021698425205390816,0.021698425205397616
7,5,32,32,0.06451612903225806,0.5,15,0.018804560931721625,0.018804560931724473
7,5,32,32,0.06451612903225806,0.5,17,0.016591821885619362,0.016591821885619324
7,5,32,32,0.06451612903225806,0.5,19,0.014845039308272804,0.014845039308276912
7,5,32,32,0.06451612903225806,1.0,1,0.952339603114699,0.9523396031147005
7,5,32,32,0.06451612903225806,1.0,3,0.29816184465784823,0.2981618446578495
7,5,32,32,0.06451612903225806,1.0,5,0.17802972516207455,0.17802972516207727
7,5,32,32,0.06451612903225806,1.0,7,0.12699568878262898,0.12699568878263037
7,5,32,32,0.06451612903225806,1.0,9,0.0987207659225584,0.09872076592256206
7,5,32,32,0.06451612903225806,1.0,11,0.08074935737222011,0.08074935737222023
7,5,32,32,0.06451612903225806,1.0,13,0.06831559762167702,0.06831559762167835
7,5,32,32,0.06451612903225806,1.0,15,0.059200992500654775,0.05920099250065891
7,5,32,32,0.06451612903225806,1.0,17,0.052232716448385307,0.05223271644838805
7,5,32,32,0.06451612903225806,1.0,19,0.046732369830569276,0.04673236983057104
8,5,32,32,0.06451612903225806,0.1,1,0.012148145095382914,0.012148504034217187
8,5,32,32,0.06451612903225806,0.1,3,0.004045741398959208,0.004045754905728432
8,5,32,32,0.06451612903225806,0.1,5,0.002427270261475277,0.002427273182703166
8,5,32,32,0.06451612903225806,0.1,7,0.001733730119660145,0.001733731184632693
8,5,32,32,0.06451612903225806,0.1,9,0.001348445764601043,0.0013484462657571282
8,5,32,32,0.06451612903225806,0.1,11,0.0011032692536827736,0.0011032695281898467
8,5,32,32,0.06451612903225806,0.1,13,0.0009335333062310948,0.0009335334725478355
8,5,32,32,0.06451612903225806,0.1,15,0.0008090609937178099,0.0008090611019829309
8,5,32,32,0.06451612903225806,0.1,17,0.0007138766368166529,0.0007138767112140967
8,5,32,32,0.06451612903225806,0.1,19,0.0006387312818815601,0.0006387313351639304
8,5,32,32,0.06451612903225806,0.5,1,0.28414332984628965,0.2843028105235083
8,5,32,32,0.06451612903225806,0.5,3,0.09271155761389167,0.09271941233302543
8,5,32,32,0.06451612903225806,0.5,5,0.05553231304462618,0.05553406034542176
8,5,32,32,0.06451612903225806,0.5,7,0.039647339098554564,0.03964798127357793
8,5,32,32,0.06451612903225806,0.5,9,0.03083086840342161,0.030831171618288664
8,5,32,32,0.06451612903225806,0.5,11,0.025222791703394327,0.02522295807505241
8,5,32,32,0.06451612903225806,0.5,13,0.021341163039021463,0.02134126393574462
8,5,32,32,0.06451612903225806,0.5,15,0.01849502261140337,0.018495088334204615
8,5,32,32,0.06451612903225806,0.5,17,0.0163187531194102,0.016318798287540393
8,5,32,32,0.06451612903225806,0.5,19,0.014600748427944671,0.01460078079111316
8,5,32,32,0.06451612903225806,1.0,1,0.9269855181063729,0.9281455842281922
8,5,32,32,0.06451612903225806,1.0,3,0.2891215567671545,0.2891995637840145
8,5,32,32,0.06451612903225806,1.0,5,0.17252164570333664,0.1725397632032896
8,5,32,32,0.06451612903225806,1.0,7,0.12304258940654687,0.12304935868682272
8,5,32,32,0.06451612903225806,1.0,9,0.09563986373412925,0.09564308445481444
8,5,32,32,0.06451612903225806,1.0,11,0.07822597097075329,0.07822774537698027
8,5,32,32,0.06451612903225806,1.0,13,0.06617912195000121,0.06618020064817492
8,5,32,32,0.06451612903225806,1.0,15,0.05734866745511102,0.05734937118984282
8,5,32,32,0.06451612903225806,1.0,17,0.0505978899333172,0.050598374081346785
8,5,32,32,0.06451612903225806,1.0,19,0.04526936478079923,0.04526971193069095
9,5,32,32,0.06451612903225806,0.1,1,0.012046657603917349,0.012046750586045426
9,5,32,32,0.06451612903225806,0.1,3,0.004012036957120408,0.004012040483306579
9,5,32,32,0.06451612903225806,0.1,5,0.0024070535902639837,0.00240705435335528
9,5,32,32,0.06451612903225806,0.1,7,0.001719290819926746,0.0017192910981731302
9,5,32,32,0.06451612903225806,0.1,9,0.0013372155757479171,0.0013372157066920082
9,5,32,32,0.06451612903225806,0.1,11,0.0010940810737399941,0.001094081145470689
9,5,32,32,0.06451612903225806,0.1,13,0.0009257587685455317,0.0009257588120074164
9,5,32,32,0.06451612903225806,0.1,15,0.0008023231024441794,0.0008023231307398417
9,5,32,32,0.06451612903225806,0.1,17,0.0007079314630368744,0.0007079314824884349
9,5,32,32,0.06451612903225806,0.1,19,0.0006334119311787067,0.0006334119451065047
9,5,32,32,0.06451612903225806,0.5,1,0.2821045715214312,0.28214277117180797
9,5,32,32,0.06451612903225806,0.5,3,0.09209491402286624,0.09209741490115884
9,5,32,32,0.06451612903225806,0.5,5,0.055165408768404686,0.05516597129292996
9,5,32,32,0.06451612903225806,0.5,7,0.03938587666927268,0.03938608395306462
9,5,32,32,0.06451612903225806,0.5,9,0.030627705244587144,0.0306278032174362
9,5,32,32,0.06451612903225806,0.5,11,0.025056648801276272,0.025056702585303875
9,5,32,32,0.06451612903225806,0.5,13,0.02120062027663383,0.02120065290347812
9,5,32,32,0.06451612903225806,0.5,15,0.018373240477070545,0.018373261733552783
9,5,32,32,0.06451612903225806,0.5,17,0.01621131103191132,0.016211325642189883
9,5,32,32,0.06451612903225806,0.5,19,0.014504624026206309,0.014504634495413303
9,5,32,32,0.06451612903225806,1.0,1,0.9235652741857845,0.9236400796588629
9,5,32,32,0.06451612903225806,1.0,3,0.288288071234751,0.288321609979526
9,5,32,32,0.06451612903225806,1.0,5,0.1720529735298306,0.17206065925751174
9,5,32,32,0.06451612903225806,1.0,7,0.12271536531134469,0.12271820586979694
9,5,32,32,0.06451612903225806,1.0,9,0.09538793666536366,0.09538928053290471
9,5,32,32,0.06451612903225806,1.0,11,0.07802095051221854,0.07802168856200106
9,5,32,32,0.06451612903225806,1.0,13,0.0660061880727029,0.06600663589279027
9,5,32,32,0.06451612903225806,1.0,15,0.05719909067144893,0.057199382465835884
9,5,32,32,0.06451612903225806,1.0,17,0.05046608799864118,0.050466288575718436
9,5,32,32,0.06451612903225806,1.0,19,0.045151548625406046,0.045151692359924174
10,5,32,32,0.06451612903225806,0.1,1,0.01354115826005768,0.013106872518130443
10,5,32,32,0.06451612903225806,0.1,3,0.004511082204863799,0.004365206465342983
10,5,32,32,0.06451612903225806,0.1,5,0.0027065230786028644,0.0026189440911871266
10,5,32,32,0.06451612903225806,0.1,7,0.0019332059327300168,0.001870638974688327
10,5,32,32,0.06451612903225806,0.1,9,0.0015035966650785509,0.0014549301022710446
10,5,32,32,0.06451612903225806,0.1,11,0.0012302121610710721,0.0011903926671408853
10,5,32,32,0.06451612903225806,0.1,13,0.0010409471495235478,0.0010072530516740481
10,5,32,32,0.06451612903225806,0.1,15,0.0009021533250889159,0.0008729514038975991
10,5,32,32,0.06451612903225806,0.1,17,0.0007960171260711898,0.0007702505070318314
10,5,32,32,0.06451612903225806,0.1,19,0.0007122255273560331,0.000689171047220507
10,5,32,32,0.06451612903225806,0.5,1,0.3129519678895094,0.30532339013698356
10,5,32,32,0.06451612903225806,0.5,3,0.10289231005441923,0.09973185285653366
10,5,32,32,0.06451612903225806,0.5,5,0.06167009869584217,0.05974421058691125
10,5,32,32,0.06451612903225806,0.5,7,0.04403720749195969,0.04265581394591021
10,5,32,32,0.06451612903225806,0.5,9,0.03424703954992683,0.033170788913547876
10,5,32,32,0.06451612903225806,0.5,11,0.028018596829968313,0.027137270879429323
10,5,32,32,0.06451612903225806,0.5,13,0.023707211789245407,0.02296110649993108
10,5,32,32,0.06451612903225806,0.5,15,0.020545797871281513,0.01989897340970143
10,5,32,32,0.06451612903225806,0.5,17,0.01812837839101459,0.017557533134945656
10,5,32,32,0.06451612903225806,0.5,19,0.01621996063835892,0.0157091304917158
10,5,32,32,0.06451612903225806,1.0,1,0.9852331254562131,0.9798741630238621
10,5,32,32,0.06451612903225806,1.0,3,0.31620177200363014,0.3071030818192324
10,5,32,32,0.06451612903225806,1.0,5,0.18921022162847556,0.18335186426253897
10,5,32,32,0.06451612903225806,1.0,7,0.1350439517013826,0.13078667863356427
10,5,32,32,0.06451612903225806,1.0,9,0.10499894446037718,0.10166570963819281
10,5,32,32,0.06451612903225806,1.0,11,0.08589330299688493,0.08315732094624792
10,5,32,32,0.06451612903225806,1.0,13,0.07267158139871502,0.07035234655735707
10,5,32,32,0.06451612903225806,1.0,15,0.06297799307172539,0.06096575869775509
10,5,32,32,0.06451612903225806,1.0,17,0.0555664169318108,0.053789616260009214
10,5,32,32,0.06451612903225806,1.0,19,0.049715807326028164,0.048125229997734366
11,5,32,32,0.06451612903225806,0.1,1,0.01223378014682549,0.01212187659778992
11,5,32,32,0.06451612903225806,0.1,3,0.004073750360354541,0.0040364514496005165
11,5,32,32,0.06451612903225806,0.1,5,0.002444011285390377,0.002421627266084886
11,5,32,32,0.06451612903225806,0.1,7,0.0017456683386782158,0.0017296778674856616
11,5,32,32,0.06451612903225806,0.1,9,0.0013577225648246356,0.0013452846201330263
11,5,32,32,0.06451612903225806,0.1,11,0.0011108549511079401,0.0011006779461995814
11,5,32,32,0.06451612903225806,0.1,13,0.0009399493904704292,0.0009313377712011769
11,5,32,32,0.06451612903225806,0.1,15,0.0008146199593093864,0.0008071563552049307
11,5,32,32,0.06451612903225806,0.1,17,0.0007187804997743609,0.0007121948285809596
11,5,32,32,0.06451612903225806,0.1,19,0.0006431181672343608,0.0006372256255012462
11,5,32,32,0.06451612903225806,0.5,1,0.28634492575026166,0.2845147035097423
11,5,32,32,0.06451612903225806,0.5,3,0.09339900221197155,0.09283370987282044
11,5,32,32,0.06451612903225806,0.5,5,0.05593625112208402,0.0556046809614099
11,5,32,32,0.06451612903225806,0.5,7,0.039932996549782045,0.039698279862545933
11,5,32,32,0.06451612903225806,0.5,9,0.031051753423150294,0.030870055253092808
11,5,32,32,0.06451612903225806,0.5,11,0.02540282657635701,0.025254592647650197
11,5,32,32,0.06451612903225806,0.5,13,0.021493090364352797,0.02136790465744024
11,5,32,32,0.06451612903225806,0.5,15,0.01862642972507757,0.018518086217031778
11,5,32,32,0.06451612903225806,0.5,17,0.01643452158845724,0.01633902420945181
11,5,32,32,0.06451612903225806,0.5,19,0.014704203567781692,0.014618828004907705
11,5,32,32,0.06451612903225806,1.0,1,0.9356011291158803,0.9337532401587504
11,5,32,32,0.06451612903225806,1.0,3,0.29307477844412216,0.2931210517407971
11,5,32,32,0.06451612903225806,1.0,5,0.17498889636192197,0.17502329215662013
11,5,32,32,0.06451612903225806,1.0,7,0.1248259606794503,0.12484124831855688
11,5,32,32,0.06451612903225806,1.0,9,0.09703395256068023,0.0970400668126409
11,5,32,32,0.06451612903225806,1.0,11,0.07936954655533093,0.07937108284182981
11,5,32,32,0.06451612903225806,1.0,13,0.06714821031766231,0.06714732132635891
11,5,32,32,0.06451612903225806,1.0,15,0.058189330949020554,0.05818710361086827
11,5,32,32,0.06451612903225806,1.0,17,0.051340114133393205,0.051337134806382904
11,5,32,32,0.06451612903225806,1.0,19,0.04593374839201216,0.045930350278232036
12,5,32,32,0.06451612903225806,0.1,1,0.013140148664170105,0.012691607158003269
12,5,32,32,0.06451612903225806,0.1,3,0.004375033988724848,0.004222350560560157
12,5,32,32,0.06451612903225806,0.1,5,0.0026246982304245475,0.0025327160315747523
12,5,32,32,0.06451612903225806,0.1,7,0.001874706196007177,0.0018088912470416497
12,5,32,32,0.06451612903225806,0.1,9,0.0014580751120469562,0.0014068368236572527
12,5,32,32,0.06451612903225806,0.1,11,0.0011929563284088238,0.0011510086728622922
12,5,32,32,0.06451612903225806,0.1,13,0.0010094167385106183,0.0009739076900119282
12,5,32,32,0.06451612903225806,0.1,15,0.0008748230698865587,0.0008440391106649938
12,5,32,32,0.06451612903225806,0.1,17,0.0007718995994682313,0.0007447309086410372
12,5,32,32,0.06451612903225806,0.1,19,0.0006906448736651461,0.0006663315442350904
12,5,32,32,0.06451612903225806,0.5,1,0.30636336888877697,0.29746648687431365
12,5,32,32,0.06451612903225806,0.5,3,0.09990254101627308,0.09648692911859243
12,5,32,32,0.06451612903225806,0.5,5,0.059826116304672834,0.057731724513388136
12,5,32,32,0.06451612903225806,0.5,7,0.04270841852414498,0.0411989163327518
12,5,32,32,0.06451612903225806,0.5,9,0.0332092378211516,0.032029387453223784
12,5,32,32,0.06451612903225806,0.5,11,0.027167471355550324,0.02619913482781976
12,5,32,32,0.06451612903225806,0.5,13,0.022985934173772208,0.022164816774504145
12,5,32,32,0.06451612903225806,0.5,15,0.01992003357618781,0.01920728446952078
12,5,32,32,0.06451612903225806,0.5,17,0.017575809518306645,0.016946162460991294
12,5,32,32,0.06451612903225806,0.5,19,0.015725268099747457,0.015161369822841836
12,5,32,32,0.06451612903225806,1.0,1,0.9888320798023422,0.9676832033885479
12,5,32,32,0.06451612903225806,1.0,3,0.31127750775705587,0.30007894670684315
12,5,32,32,0.06451612903225806,1.0,5,0.18576679060969215,0.1787795418786142
12,5,32,32,0.06451612903225806,1.0,7,0.13248351228517502,0.1274132654774611
12,5,32,32,0.06451612903225806,1.0,9,0.10297309862160149,0.09899564484117623
12,5,32,32,0.06451612903225806,1.0,11,0.08422047325162783,0.08094861858649233
12,5,32,32,0.06451612903225806,1.0,13,0.07124807263941504,0.06846931668026449
12,5,32,32,0.06451612903225806,1.0,15,0.061739579391234256,0.05932481436812504
12,5,32,32,0.06451612903225806,1.0,17,0.05447071883252616,0.05233565766627663
12,5,32,32,0.06451612903225806,1.0,19,0.04873344474712525,0.04682003194639874
13,5,32,32,0.06451612903225806,0.1,1,0.011594823235677166,0.011594823235677941
13,5,32,32,0.06451612903225806,0.1,3,0.0038547986517112045,0.003854798651714534
13,5,32,32,0.06451612903225806,0.1,5,0.002312217535924392,0.0023122175359268607
13,5,32,32,0.06451612903225806,0.1,7,0.0016514449826051452,0.00165144498260645
13,5,32,32,0.06451612903225806,0.1,9,0.0012844116822319067,0.0012844116822341891
13,5,32,32,0.06451612903225806,0.1,11,0.0010508632255170442,0.0010508632255192983
13,5,32,32,0.06451612903225806,0.1,13,0.0008891826296803902,0.0008891826296833513
13,5,32,32,0.06451612903225806,0.1,15,0.0007706198543162111,0.0007706198543173142
13,5,32,32,0.06451612903225806,0.1,17,0.0006799556857329863,0.0006799556857466165
13,5,32,32,0.06451612903225806,0.1,19,0.0006083795121374511,0.0006083795121393326
13,5,32,32,0.06451612903225806,0.5,1,0.2722799356852226,0.2722799356852235
13,5,32,32,0.06451612903225806,0.5,3,0.08759218523853438,0.08759218523853718
13,5,32,32,0.06451612903225806,0.5,5,0.052341153876296585,0.05234115387630132
13,5,32,32,0.06451612903225806,0.5,7,0.03733547297827853,0.03733547297827983
13,5,32,32,0.06451612903225806,0.5,9,0.029020293179416706,0.02902029317941766
13,5,32,32,0.06451612903225806,0.5,11,0.02373564317153237,0.023735643171535183
13,5,32,32,0.06451612903225806,0.5,13,0.020079787286828566,0.020079787286835626
13,5,32,32,0.06451612903225806,0.5,15,0.01740010524081105,0.0174001052408254
13,5,32,32,0.06451612903225806,0.5,17,0.015351596166010086,0.015351596166009769
13,5,32,32,0.06451612903225806,0.5,19,0.013734719596947139,0.013734719596957018
13,5,32,32,0.06451612903225806,1.0,1,0.8864924475600788,0.8864924475600802
13,5,32,32,0.06451612903225806,1.0,3,0.26496883257598874,0.26496883257599124
13,5,32,32,0.06451612903225806,1.0,5,0.157000964071343,0.15700096407134495
13,5,32,32,0.06451612903225806,1.0,7,0.11169666359602044,0.11169666359602518
13,5,32,32,0.06451612903225806,1.0,9,0.08672030557396683,0.0867203055739687
13,5,32,32,0.06451612903225806,1.0,11,0.07088561657320558,0.07088561657320637
13,5,32,32,0.06451612903225806,1.0,13,0.0599463053426693,0.059946305342672195
13,5,32,32,0.06451612903225806,1.0,15,0.05193467462108135,0.051934674621086196
13,5,32,32,0.06451612903225806,1.0,17,0.0458134675787303,0.04581346757873268
13,5,32,32,0.06451612903225806,1.0,19,0.04098386669361983,0.04098386669362458
14,5,32,32,0.06451612903225806,0.1,1,0.01159438923016245,0.011593814301340202
14,5,32,32,0.06451612903225806,0.1,3,0.003861917886949627,0.003861896296885704
14,5,32,32,0.06451612903225806,0.1,5,0.0023170125736684155,0.0023170078615796
14,5,32,32,0.06451612903225806,0.1,7,0.0016549817713299134,0.00165498003704196
14,5,32,32,0.06451612903225806,0.1,9,0.0012871993279944096,0.0012871985040744246
14,5,32,32,0.06451612903225806,0.1,11,0.0010531594735212742,0.0010531590179368186
14,5,32,32,0.06451612903225806,0.1,13,0.0008911331793305498,0.000891132900718267
14,5,32,32,0.06451612903225806,0.1,15,0.0007723144643840891,0.0007723142813235397
14,5,32,32,0.06451612903225806,0.1,17,0.0006814533739416327,0.000681453247024882
14,5,32,32,0.06451612903225806,0.1,19,0.0006097210849424971,0.0006097209932020358
14,5,32,32,0.06451612903225806,0.5,1,0.27289406375792163,0.27253883391234407
14,5,32,32,0.06451612903225806,0.5,3,0.08937296208186078,0.08936000973588563
14,5,32,32,0.06451612903225806,0.5,5,0.053548986368383206,0.05354629614938227
14,5,32,32,0.06451612903225806,0.5,7,0.038234584285025935,0.03823364437589475
14,5,32,32,0.06451612903225806,0.5,9,0.02973330959398556,0.029732886521698105
14,5,32,32,0.06451612903225806,0.5,11,0.024325306743116535,0.024325085531173987
14,5,32,32,0.06451612903225806,0.5,13,0.02058200450248954,0.020581876853216746
14,5,32,32,0.06451612903225806,0.5,15,0.01783722205761992,0.017837143105886112
14,5,32,32,0.06451612903225806,0.5,17,0.01573842151178198,0.015738370120573535
14,5,32,32,0.06451612903225806,0.5,19,0.014081554920232556,0.014081520146223141
14,5,32,32,0.06451612903225806,1.0,1,0.9059632351419422,0.9009805847219141
14,5,32,32,0.06451612903225806,1.0,3,0.2858065411632196,0.28557629607925655
14,5,32,32,0.06451612903225806,1.0,5,0.17070768444410667,0.17065920702474774
14,5,32,32,0.06451612903225806,1.0,7,0.12178151597854002,0.12176444608818061
14,5,32,32,0.06451612903225806,1.0,9,0.09467014128978418,0.0946624029089399
14,5,32,32,0.06451612903225806,1.0,11,0.07743716740276659,0.07743309083282258
14,5,32,32,0.06451612903225806,1.0,13,0.0655139131364992,0.06551154124408308
14,5,32,32,0.06451612903225806,1.0,15,0.05677336998306465,0.05677188924180559
14,5,32,32,0.06451612903225806,1.0,17,0.05009099099524033,0.05009001691781946
14,5,32,32,0.06451612903225806,1.0,19,0.044816272344987126,0.04481560524324086
15,5,32,32,0.06451612903225806,0.1,1,0.012489442770325813,0.012087614135099926
15,5,32,32,0.06451612903225806,0.1,3,0.004157805168554244,0.004025193140862349
15,5,32,32,0.06451612903225806,0.1,5,0.0024943039178423328,0.0024149065515182136
15,5,32,32,0.06451612903225806,0.1,7,0.0017815485059258986,0.0017248890821632266
15,5,32,32,0.06451612903225806,0.1,9,0.0013856106692050364,0.0013415653329375808
15,5,32,32,0.06451612903225806,0.1,11,0.0011336627418285844,0.0010976377443605364
15,5,32,32,0.06451612903225806,0.1,13,0.0009592425724227573,0.0009287669939740055
15,5,32,32,0.06451612903225806,0.1,15,0.0008313370798057947,0.000804929443553372
15,5,32,32,0.06451612903225806,0.1,17,0.0007335284444244063,0.0007102306526686957
15,5,32,32,0.06451612903225806,0.1,19,0.000656311961054828,0.0006354687359002137
15,5,32,32,0.06451612903225806,0.5,1,0.2922559878232587,0.28301092197505695
15,5,32,32,0.06451612903225806,0.5,3,0.09529783880164462,0.09223578919593428
15,5,32,32,0.06451612903225806,0.5,5,0.05707605200789369,0.05523107653327176
15,5,32,32,0.06451612903225806,0.5,7,0.04074718959828905,0.03942713772630962
15,5,32,32,0.06451612903225806,0.5,9,0.03168498426707488,0.030657396195900105
15,5,32,32,0.06451612903225806,0.5,11,0.025920888559418934,0.025079705005038404
15,5,32,32,0.06451612903225806,0.5,13,0.021931420669365893,0.021219410918517992
15,5,32,32,0.06451612903225806,0.5,15,0.019006292784931565,0.0183890718793106
15,5,32,32,0.06451612903225806,0.5,17,0.016769676975454974,0.01622497517825674
15,5,32,32,0.06451612903225806,0.5,19,0.01500406552246028,0.014516635417526746
15,5,32,32,0.06451612903225806,1.0,1,0.9472826993548819,0.9293652390329752
15,5,32,32,0.06451612903225806,1.0,3,0.30009291670931815,0.29057741927108993
15,5,32,32,0.06451612903225806,1.0,5,0.17914597246009242,0.17317401253024817
15,5,32,32,0.06451612903225806,1.0,7,0.12775401300674963,0.12342598415428
15,5,32,32,0.06451612903225806,1.0,9,0.09928950556631667,0.09589957102424028
15,5,32,32,0.06451612903225806,1.0,11,0.08120257158277931,0.0784175853959746
15,5,32,32,0.06451612903225806,1.0,13,0.06869157342288867,0.06632871243276825
15,5,32,32,0.06451612903225806,1.0,15,0.059521884605959,0.05747019797581368
15,5,32,32,0.06451612903225806,1.0,17,0.052512427020236216,0.05069957665786459
15,5,32,32,0.06451612903225806,1.0,19,0.046980168069225746,0.04535639144088221
16,5,32,32,0.06451612903225806,0.1,1,0.011597130941354684,0.01159692653536459
16,5,32,32,0.06451612903225806,0.1,3,0.0038622817012216645,0.0038622741311755493
16,5,32,32,0.06451612903225806,0.1,5,0.002317204608976264,0.002317202973853483
16,5,32,32,0.06451612903225806,0.1,7,0.0016551137971840743,0.0016551132013025158
16,5,32,32,0.06451612903225806,0.1,9,0.0012873003764019416,0.001287300096033804
16,5,32,32,0.06451612903225806,0.1,11,0.001053241474020845,0.0010532413204648683
16,5,32,32,0.06451612903225806,0.1,13,0.0008912022371335381,0.0008912021441097223
16,5,32,32,0.06451612903225806,0.1,15,0.0007723741373549812,0.000772374076800378
16,5,32,32,0.06451612903225806,0.1,17,0.0006815059225877794,0.0006815058810039932
16,5,32,32,0.06451612903225806,0.1,19,0.0006097680372233974,0.0006097680074318398
16,5,32,32,0.06451612903225806,0.5,1,0.273363767369843,0.2732547637987462
16,5,32,32,0.06451612903225806,0.5,3,0.08919234230862601,0.08918842274345888
16,5,32,32,0.06451612903225806,0.5,5,0.05342486469245361,0.0534240197457547
16,5,32,32,0.06451612903225806,0.5,7,0.03814283581102799,0.038142528050125676
16,5,32,32,0.06451612903225806,0.5,9,0.029660962076089294,0.029660817303808113
16,5,32,32,0.06451612903225806,0.5,11,0.02426570475846603,0.024265625474175108
16,5,32,32,0.06451612903225806,0.5,13,0.02053137342165776,0.02053132539219699
16,5,32,32,0.06451612903225806,0.5,15,0.017793233882785524,0.017793202618628778
16,5,32,32,0.06451612903225806,0.5,17,0.01569954484437326,0.015699523367925804
16,5,32,32,0.06451612903225806,0.5,19,0.014046730686415865,0.014046715303457176
16,5,32,32,0.06451612903225806,1.0,1,0.909800601386645,0.9086299281242765
16,5,32,32,0.06451612903225806,1.0,3,0.2825086263561109,0.2824762651504903
16,5,32,32,0.06451612903225806,1.0,5,0.1685263280811904,0.16851944867176735
16,5,32,32,0.06451612903225806,1.0,7,0.12018322568056984,0.12018072804469127
16,5,32,32,0.06451612903225806,1.0,9,0.09341414254002947,0.09341296910513684
16,5,32,32,0.06451612903225806,1.0,11,0.07640419642081446,0.07640355418470805
16,5,32,32,0.06451612903225806,1.0,13,0.06463726642923544,0.06463687750510688
16,5,32,32,0.06451612903225806,1.0,15,0.05601220065069459,0.056011947539943506
16,5,32,32,0.06451612903225806,1.0,17,0.04941854147141649,0.04941836762564557
16,5,32,32,0.06451612903225806,1.0,19,0.04421408742347985,0.04421396291504426
17,5,32,32,0.06451612903225806,0.1,1,0.013187636318724745,0.012265531473095913
17,5,32,32,0.06451612903225806,0.1,3,0.0043927128268597395,0.004079344061563324
17,5,32,32,0.06451612903225806,0.1,5,0.002635438413392963,0.002446801402651842
17,5,32,32,0.06451612903225806,0.1,7,0.0018824121524859997,0.0017474904700993737
17,5,32,32,0.06451612903225806,0.1,9,0.0014640822415970662,0.0013590664788859783
17,5,32,32,0.06451612903225806,0.1,11,0.0011978779574307343,0.0011119165083030413
17,5,32,32,0.06451612903225806,0.1,13,0.001013584975332196,0.0009408254256783908
17,5,32,32,0.06451612903225806,0.1,15,0.0008784378793842129,0.0008153651041192855
17,5,32,32,0.06451612903225806,0.1,17,0.0007750906814373799,0.0007194284899807178
17,5,32,32,0.06451612903225806,0.1,19,0.0006935011249263153,0.0006436912516295676
17,5,32,32,0.06451612903225806,0.5,1,0.3079662379712089,0.28823733855895156
17,5,32,32,0.06451612903225806,0.5,3,0.10119454782413305,0.09325210983009369
17,5,32,32,0.06451612903225806,0.5,5,0.06062948188903033,0.05576321606699181
17,5,32,32,0.06451612903225806,0.5,7,0.043286855998388295,0.039784229474989156
17,5,32,32,0.06451612903225806,0.5,9,0.033660349167633316,0.0309253510926655
17,5,32,32,0.06451612903225806,0.5,11,0.027536965304993714,0.025293896161067028
17,5,32,32,0.06451612903225806,0.5,13,0.02329873152690288,0.021397713522513826
17,5,32,32,0.06451612903225806,0.5,15,0.020191180112319535,0.018541743435583638
17,5,32,32,0.06451612903225806,0.5,17,0.017815074428538753,0.016358436522609203
17,5,32,32,0.06451612903225806,0.5,19,0.015939349313572364,0.014635168459384309
17,5,32,32,0.06451612903225806,1.0,1,0.9999085038544825,0.9449636519691449
17,5,32,32,0.06451612903225806,1.0,3,0.3235616200065596,0.29384579321763843
17,5,32,32,0.06451612903225806,1.0,5,0.19317886856352862,0.17485809753091705
17,5,32,32,0.06451612903225806,1.0,7,0.13771822352529775,0.12453603928661491
17,5,32,32,0.06451612903225806,1.0,9,0.10700515024053421,0.09672095838112234
17,5,32,32,0.06451612903225806,1.0,11,0.08749494523259874,0.07906716827225406
17,5,32,32,0.06451612903225806,1.0,13,0.07400295347448901,0.06686496335570859
17,5,32,32,0.06451612903225806,1.0,15,0.06411642867019701,0.05792632526525853
17,5,32,32,0.06451612903225806,1.0,17,0.05656038454434657,0.051096167349284106
17,5,32,32,0.06451612903225806,1.0,19,0.05059763378436035,0.04570705517671817
18,5,32,32,0.06451612903225806,0.1,1,0.011789775491106056,0.011790734390025539
18,5,32,32,0.06451612903225806,0.1,3,0.003926689151945951,0.003926985206230775
18,5,32,32,0.06451612903225806,0.1,5,0.0023558583347500356,0.0023560311970096215
18,5,32,32,0.06451612903225806,0.1,7,0.0016827254172061443,0.0016828472818439999
18,5,32,32,0.06451612903225806,0.1,9,0.0013087766604202612,0.0013088707186021838
18,5,32,32,0.06451612903225806,0.1,11,0.0010708132184881359,0.0010708897881389918
18,5,32,32,0.06451612903225806,0.1,13,0.000906070752466221,0.0009061353118205878
18,5,32,32,0.06451612903225806,0.1,15,0.0007852602469695201,0.0007853160503724651
18,5,32,32,0.06451612903225806,0.1,17,0.0006928760563542172,0.0006929251939371277
18,5,32,32,0.06451612903225806,0.1,19,0.0006199413379799759,0.0006199852315908296
18,5,32,32,0.06451612903225806,0.5,1,0.2768568001871081,0.27727807150561784
18,5,32,32,0.06451612903225806,0.5,3,0.09050227280876968,0.09064630665525854
18,5,32,32,0.06451612903225806,0.5,5,0.054217865348819824,0.0543052174840624
18,5,32,32,0.06451612903225806,0.5,7,0.038710624538213334,0.0387732499018936
18,5,32,32,0.06451612903225806,0.5,9,0.03010300172546368,0.03015179726954311
18,5,32,32,0.06451612903225806,0.5,11,0.02462754630453677,0.024667511333167507
18,5,32,32,0.06451612903225806,0.5,13,0.020837629265253996,0.020871467684188905
18,5,32,32,0.06451612903225806,0.5,15,0.018058699325098328,0.01808803877608717
18,5,32,32,0.06451612903225806,0.5,17,0.01593380424453845,0.015959700111689706
18,5,32,32,0.06451612903225806,0.5,19,0.014256346633752838,0.01427952206213856
18,5,32,32,0.06451612903225806,1.0,1,0.9135832158773949,0.9177267852851193
18,5,32,32,0.06451612903225806,1.0,3,0.28700343464943323,0.2882596665472647
18,5,32,32,0.06451612903225806,1.0,5,0.17138471527573668,0.1721535168146486
18,5,32,32,0.06451612903225806,1.0,7,0.12225674309197006,0.12280871842126585
18,5,32,32,0.06451612903225806,1.0,9,0.09503698141070435,0.09546717163943409
18,5,32,32,0.06451612903225806,1.0,11,0.07773611556528942,0.07808844374709649
18,5,32,32,0.06451612903225806,1.0,13,0.06576626832393613,0.0660645616333696
18,5,32,32,0.06451612903225806,1.0,15,0.05699174035170999,0.057250352122243324
18,5,32,32,0.06451612903225806,1.0,17,0.05028346550678511,0.05051170538164517
18,5,32,32,0.06451612903225806,1.0,19,0.04498835375666468,0.04519260134032532
19,5,32,32,0.06451612903225806,0.1,1,0.01250467216223798,0.01250647027556231
19,5,32,32,0.06451612903225806,0.1,3,0.004166528105534226,0.004166606092902703
19,5,32,32,0.06451612903225806,0.1,5,0.0024998351709804197,0.002499852270169188
19,5,32,32,0.06451612903225806,0.1,7,0.0017855804687785773,0.001785586726513918
19,5,32,32,0.06451612903225806,0.1,9,0.0013887796611282408,0.001388782610568
19,5,32,32,0.06451612903225806,0.1,11,0.0011362721360237142,0.0011362737528828354
19,5,32,32,0.06451612903225806,0.1,13,0.0009614600005004527,0.0009614609805389379
19,5,32,32,0.06451612903225806,0.1,15,0.0008332647695219975,0.0008332654076865407
19,5,32,32,0.06451612903225806,0.1,17,0.0007352332874325265,0.0007352337259330222
19,5,32,32,0.06451612903225806,0.1,19,0.0006578401010617079,0.0006578404151929904
19,5,32,32,0.06451612903225806,0.5,1,0.2936254236592267,0.2940406737209081
19,5,32,32,0.06451612903225806,0.5,3,0.0969011761100289,0.09695153404490099
19,5,32,32,0.06451612903225806,0.5,5,0.05808637585659157,0.05810120761550405
19,5,32,32,0.06451612903225806,0.5,7,0.041479325138208525,0.04148547886546782
19,5,32,32,0.06451612903225806,0.5,9,0.03225816620115467,0.03226125594559269
19,5,32,32,0.06451612903225806,0.5,11,0.02639157713222655,0.026393332459273472
19,5,32,32,0.06451612903225806,0.5,13,0.022330618650657906,0.022331706173019935
19,5,32,32,0.06451612903225806,0.5,15,0.01935281311053622,0.019353531485179466
19,5,32,32,0.06451612903225806,0.5,17,0.017075781571888642,0.017076280046013543
19,5,32,32,0.06451612903225806,0.5,19,0.015278186509016052,0.015278546132198532
19,5,32,32,0.06451612903225806,1.0,1,0.9671229194631381,0.9692388170101901
19,5,32,32,0.06451612903225806,1.0,3,0.31104593896309085,0.31146894125052493
19,5,32,32,0.06451612903225806,1.0,5,0.18558019831382333,0.18574313468340697
19,5,32,32,0.06451612903225806,1.0,7,0.1323172467813301,0.13239986430143302
19,5,32,32,0.06451612903225806,1.0,9,0.10282881238693847,0.10287713281213227
19,5,32,32,0.06451612903225806,1.0,11,0.08409515223910242,0.08412599457021067
19,5,32,32,0.06451612903225806,1.0,13,0.07113824541207131,0.07115914306931406
19,5,32,32,0.06451612903225806,1.0,15,0.06164231419959633,0.06165711105836208
19,5,32,32,0.06451612903225806,1.0,17,0.05438370642808618,0.05439454863390164
19,5,32,32,0.06451612903225806,1.0,19,0.0486548925255059,0.04866306003117171
20,5,32,32,0.06451612903225806,0.1,1,0.012478527890805856,0.012479028153688353
20,5,32,32,0.06451612903225806,0.1,3,0.004157861237072112,0.0041578806251576575
20,5,32,32,0.06451612903225806,0.1,5,0.0024946373436117776,0.0024946415468161676
20,5,32,32,0.06451612903225806,0.1,7,0.001781868186319929,0.001781869719652269
20,5,32,32,0.06451612903225806,0.1,9,0.0013858924747990901,0.0013858931965476074
20,5,32,32,0.06451612903225806,0.1,11,0.0011339099524982463,0.0011339103478893247
20,5,32,32,0.06451612903225806,0.1,13,0.0009594612589430736,0.0009594614985140626
20,5,32,32,0.06451612903225806,0.1,15,0.0008315325426708937,0.0008315326986303575
20,5,32,32,0.06451612903225806,0.1,17,0.000733704861313278,0.0007337049684720478
20,5,32,32,0.06451612903225806,0.1,19,0.0006564725677586747,0.0006564726445128616
20,5,32,32,0.06451612903225806,0.5,1,0.29307279234497297,0.29330339301867214
20,5,32,32,0.06451612903225806,0.5,3,0.09673687219883571,0.09675645931482009
20,5,32,32,0.06451612903225806,0.5,5,0.05799069665660805,0.05799535129215977
20,5,32,32,0.06451612903225806,0.5,7,0.041411685069301526,0.04141343001754345
20,5,32,32,0.06451612903225806,0.5,9,0.032205798461117874,0.03220662932227452
20,5,32,32,0.06451612903225806,0.5,11,0.02634883397642489,0.0263492918326156
20,5,32,32,0.06451612903225806,0.5,13,0.02229450246069023,0.022294780823417803
20,5,32,32,0.06451612903225806,0.5,15,0.019321540488524944,0.019321722095812077
20,5,32,32,0.06451612903225806,0.5,17,0.017048204750606165,0.017048329692272195
20,5,32,32,0.06451612903225806,0.5,19,0.015253523017113621,0.015253612604670742
20,5,32,32,0.06451612903225806,1.0,1,0.965821351128493,0.9674567049109839
20,5,32,32,0.06451612903225806,1.0,3,0.31059743451831645,0.3109425761755561
20,5,32,32,0.06451612903225806,1.0,5,0.18534504576590424,0.18545943292602873
20,5,32,32,0.06451612903225806,1.0,7,0.1321697450382238,0.13221984524806066
20,5,32,32,0.06451612903225806,1.0,9,0.10272553013761679,0.10275142262937523
20,5,32,32,0.06451612903225806,1.0,11,0.08401723097632431,0.0840321914349866
20,5,32,32,0.06451612903225806,1.0,13,0.07107627138952502,0.07108563889705467
20,5,32,32,0.06451612903225806,1.0,15,0.06159109145686139,0.0615973228624743
20,5,32,32,0.06451612903225806,1.0,17,0.05434013627790446,0.05434448130778891
20,5,32,32,0.06451612903225806,1.0,19,0.048617009340948245,0.04862015506250703
21,5,32,32,0.06451612903225806,0.1,1,0.013578647130905714,0.012878997779912572
21,5,32,32,0.06451612903225806,0.1,3,0.004520499689450452,0.00428702005868658
21,5,32,32,0.06451612903225806,0.1,5,0.0027118770409092934,0.0025718043628876162
21,5,32,32,0.06451612903225806,0.1,7,0.0019369451369877562,0.0018369009179471094
21,5,32,32,0.06451612903225806,0.1,9,0.0015064693588537892,0.0014286611152424533
21,5,32,32,0.06451612903225806,0.1,11,0.0012325443849117025,0.0011688853199114946
21,5,32,32,0.06451612903225806,0.1,13,0.0010429100704734406,0.000989046080398359
21,5,32,32,0.06451612903225806,0.1,15,0.0009038479137612303,0.0008571666923588671
21,5,32,32,0.06451612903225806,0.1,17,0.0007975079236903599,0.0007563192357293303
21,5,32,32,0.06451612903225806,0.1,19,0.0007135562888952089,0.0006767037022865791
21,5,32,32,0.06451612903225806,0.5,1,0.315130998166183,0.2992353264156249
21,5,32,32,0.06451612903225806,0.5,3,0.10279428704898462,0.09718835282115809
21,5,32,32,0.06451612903225806,0.5,5,0.06152724235251741,0.0581803696965953
21,5,32,32,0.06451612903225806,0.5,7,0.04391112916007432,0.041528293848005875
21,5,32,32,0.06451612903225806,0.5,9,0.03413896932367618,0.032289505008619636
21,5,32,32,0.06451612903225806,0.5,11,0.02792508541491759,0.026414033349489722
21,5,32,32,0.06451612903225806,0.5,13,0.0236251531530686,0.022347880116441707
21,5,32,32,0.06451612903225806,0.5,15,0.020472838224156745,0.019366723562069033
21,5,32,32,0.06451612903225806,0.5,17,0.018062770685536245,0.017087375687903396
21,5,32,32,0.06451612903225806,0.5,19,0.016160395429285705,0.015288095483334057
21,5,32,32,0.06451612903225806,1.0,1,1.0011617308821552,0.9497359513716354
21,5,32,32,0.06451612903225806,1.0,3,0.31612464433270376,0.2929631984723669
21,5,32,32,0.06451612903225806,1.0,5,0.18809593533012384,0.17480348735896178
21,5,32,32,0.06451612903225806,1.0,7,0.13390329783844862,0.12464449708455021
21,5,32,32,0.06451612903225806,1.0,9,0.10395875372896472,0.09686890333793839
21,5,32,32,0.06451612903225806,1.0,11,0.08496118886485435,0.07922125816086621
21,5,32,32,0.06451612903225806,1.0,13,0.07183481632004504,0.06701468012364926
21,5,32,32,0.06451612903225806,1.0,15,0.06222198348861479,0.058068357486601906
21,5,32,32,0.06451612903225806,1.0,17,0.05487841647328868,0.05122977013672053
21,5,32,32,0.06451612903225806,1.0,19,0.049085361551348544,0.045832441645360156
22,5,32,32,0.06451612903225806,0.1,1,0.012669411351790158,0.012509803221877903
22,5,32,32,0.06451612903225806,0.1,3,0.00421913981325102,0.004165218862895576
22,5,32,32,0.06451612903225806,0.1,5,0.0025312769875796516,0.002498873171710068
22,5,32,32,0.06451612903225806,0.1,7,0.0018080114532856358,0.0017848527593089687
22,5,32,32,0.06451612903225806,0.1,9,0.0014062163074654496,0.0013881988452334427
22,5,32,32,0.06451612903225806,0.1,11,0.0011505341112067657,0.0011357900311372237
22,5,32,32,0.06451612903225806,0.1,13,0.000973525521143923,0.0009610483460079001
22,5,32,32,0.06451612903225806,0.1,15,0.0008437202050048645,0.00083290578143832
22,5,32,32,0.06451612903225806,0.1,17,0.0007444578196208556,0.0007349151068501996
22,5,32,32,0.06451612903225806,0.1,19,0.0006660930598709937,0.0006575544451047873
22,5,32,32,0.06451612903225806,0.5,1,0.29576469017505624,0.2920129045745912
22,5,32,32,0.06451612903225806,0.5,3,0.09655766479036638,0.09501869438179596
22,5,32,32,0.06451612903225806,0.5,5,0.0578428386855616,0.056902521739230195
22,5,32,32,0.06451612903225806,0.5,7,0.04129828327436092,0.04062296874178053
22,5,32,32,0.06451612903225806,0.5,9,0.03211511187630786,0.03158858494559695
22,5,32,32,0.06451612903225806,0.5,11,0.026273605989056766,0.025842233304441187
22,5,32,32,0.06451612903225806,0.5,13,0.022230345861449563,0.021865033955181707
22,5,32,32,0.06451612903225806,0.5,15,0.019265664389624796,0.018948882738131147
22,5,32,32,0.06451612903225806,0.5,17,0.01699874046645405,0.01671911485146884
22,5,32,32,0.06451612903225806,0.5,19,0.015209163673781083,0.014958897153034913
22,5,32,32,0.06451612903225806,1.0,1,0.9591297146519658,0.9476732710114214
22,5,32,32,0.06451612903225806,1.0,3,0.30291902729352693,0.298932246778091
22,5,32,32,0.06451612903225806,1.0,5,0.18090024937892543,0.1785875449879978
22,5,32,32,0.06451612903225806,1.0,7,0.12903398756895731,0.1274070709082713
22,5,32,32,0.06451612903225806,1.0,9,0.10029814939052621,0.09904333313594996
22,5,32,32,0.06451612903225806,1.0,11,0.08203505156617644,0.08101375584158742
22,5,32,32,0.06451612903225806,1.0,13,0.0694003559662544,0.06853926888928563
22,5,32,32,0.06451612903225806,1.0,15,0.06013900549893347,0.05939466082679231
22,5,32,32,0.06451612903225806,1.0,17,0.053058893138151694,0.052403404611949755
22,5,32,32,0.06451612903225806,1.0,19,0.047470502922754274,0.046884912159599466
23,5,32,32,0.06451612903225806,0.1,1,0.011869338296682255,0.011584566138613504
23,5,32,32,0.06451612903225806,0.1,3,0.003952112021866217,0.0038534870539875298
23,5,32,32,0.06451612903225806,0.1,5,0.0023709551355544658,0.002311403175228391
23,5,32,32,0.06451612903225806,0.1,7,0.0016934590159200988,0.0016508114994831008
23,5,32,32,0.06451612903225806,0.1,9,0.0013171031229659248,0.0012838861427463036
23,5,32,32,0.06451612903225806,0.1,11,0.0010776142709590891,0.0010504127420403126
23,5,32,32,0.06451612903225806,0.1,13,0.0009118187057526253,0.0008887880881694633
23,5,32,32,0.06451612903225806,0.1,15,0.0007902374762524747,0.0007702688025203369
23,5,32,32,0.06451612903225806,0.1,17,0.0006972647979031069,0.0006796394659481667
23,5,32,32,0.06451612903225806,0.1,19,0.0006238660308774736,0.0006080918345075903
23,5,32,32,0.06451612903225806,0.5,1,0.27992700856445374,0.2741729351989552
23,5,32,32,0.06451612903225806,0.5,3,0.09155478688826674,0.08887975041239031
23,5,32,32,0.06451612903225806,0.5,5,0.05483829173099065,0.05316496840218554
23,5,32,32,0.06451612903225806,0.5,7,0.03914959228050298,0.03793459420821222
23,5,32,32,0.06451612903225806,0.5,9,0.03044245124184367,0.029489135538807953
23,5,32,32,0.06451612903225806,0.5,11,0.024904204416547584,0.024119956790509392
23,5,32,32,0.06451612903225806,0.5,13,0.021071077488014,0.0204050131900346
23,5,32,32,0.06451612903225806,0.5,15,0.01826060157653442,0.017681787981467113
23,5,32,32,0.06451612903225806,0.5,17,0.016111666040186323,0.01559990311146916
23,5,32,32,0.06451612903225806,0.5,19,0.014415280946284834,0.013956652968769707
23,5,32,32,0.06451612903225806,1.0,1,0.92941069419115,0.9168446188271633
23,5,32,32,0.06451612903225806,1.0,3,0.2936788578081948,0.28819974395307474
23,5,32,32,0.06451612903225806,1.0,5,0.17539720816516827,0.172307335227417
23,5,32,32,0.06451612903225806,1.0,7,0.12511259486561319,0.1229703980204176
23,5,32,32,0.06451612903225806,1.0,9,0.09725174132936902,0.09560974198223453
23,5,32,32,0.06451612903225806,1.0,11,0.07954427402416854,0.07821161148452178
23,5,32,32,0.06451612903225806,1.0,13,0.06729375494260302,0.06617162452148304
23,5,32,32,0.06451612903225806,1.0,15,0.05831389251891913,0.057344476755080684
23,5,32,32,0.06451612903225806,1.0,17,0.05144890287875749,0.050595410620082354
23,5,32,32,0.06451612903225806,1.0,19,0.04603026712295489,0.04526781748049324
24,5,32,32,0.06451612903225806,0.1,1,0.012699223647080178,0.012529597054897512
24,5,32,32,0.06451612903225806,0.1,3,0.004229098880272905,0.004172261246880933
24,5,32,32,0.06451612903225806,0.1,5,0.0025372568899947713,0.0025031513738360545
24,5,32,32,0.06451612903225806,0.1,7,0.001812284325351856,0.0017879247090805193
24,5,32,32,0.06451612903225806,0.1,9,0.0014095403365944436,0.0013905950786239935
24,5,32,32,0.06451612903225806,0.1,11,0.0011532541369643128,0.0011377541943087574
24,5,32,32,0.06451612903225806,0.1,13,0.0009758272991658612,0.0009627124424197954
24,5,32,32,0.06451612903225806,0.1,15,0.0008457152193311405,0.0008343493399610305
24,5,32,32,0.06451612903225806,0.1,17,0.0007462182216991548,0.0007361897398150403
24,5,32,32,0.06451612903225806,0.1,19,0.0006676682242526277,0.0006586955451242434
24,5,32,32,0.06451612903225806,0.5,1,0.29658050849999906,0.2924925992590128
24,5,32,32,0.06451612903225806,0.5,3,0.09679939008409165,0.0952336465582463
24,5,32,32,0.06451612903225806,0.5,5,0.0579839807618684,0.05703602313412856
24,5,32,32,0.06451612903225806,0.5,7,0.041398073967859425,0.0407194617538606
24,5,32,32,0.06451612903225806,0.5,9,0.03219231178486947,0.03166408201796245
24,5,32,32,0.06451612903225806,0.5,11,0.02633656107663281,0.025904224284706283
24,5,32,32,0.06451612903225806,0.5,13,0.022283496179654416,0.021917612739433538
24,5,32,32,0.06451612903225806,0.5,15,0.019311653313992237,0.018994528495259906
24,5,32,32,0.06451612903225806,0.5,17,0.01703926911089139,0.016759441875388956
24,5,32,32,0.06451612903225806,0.5,19,0.01524539126097733,0.014995015011422756
24,5,32,32,0.06451612903225806,1.0,1,0.9618092275812833,0.9501108717735554
24,5,32,32,0.06451612903225806,1.0,3,0.3032620659259159,0.2999668981866477
24,5,32,32,0.06451612903225806,1.0,5,0.18115766218467502,0.17916188953070813
24,5,32,32,0.06451612903225806,1.0,7,0.1292380989002636,0.12780160293642462
24,5,32,32,0.06451612903225806,1.0,9,0.1004663904848656,0.09934336602236822
24,5,32,32,0.06451612903225806,1.0,11,0.08217784412964292,0.08125571594167086
24,5,32,32,0.06451612903225806,1.0,13,0.06952426350384758,0.06874196429971358
24,5,32,32,0.06451612903225806,1.0,15,0.0602483819679713,0.05956904700920828
24,5,32,32,0.06451612903225806,1.0,17,0.05315675917351098,0.05255641686094498
24,5,32,32,0.06451612903225806,1.0,19,0.04755903386240357,0.04702121665367631
25,5,32,32,0.06451612903225806,0.1,1,0.01422516496892535,0.01354335530225358
25,5,32,32,0.06451612903225806,0.1,3,0.004734015311754964,0.004507084544209256
25,5,32,32,0.06451612903225806,0.1,5,0.002839787724694116,0.0027037200250427584
25,5,32,32,0.06451612903225806,0.1,7,0.002028251708426719,0.0019310918332478473
25,5,32,32,0.06451612903225806,0.1,9,0.0015774609446908476,0.0015019064056943556
25,5,32,32,0.06451612903225806,0.1,11,0.00129061573624414,0.0012288060226384808
25,5,32,32,0.06451612903225806,0.1,13,0.001092040002413874,0.0010397440318783242
25,5,32,32,0.06451612903225806,0.1,15,0.0009464225333416242,0.0009011022920049763
25,5,32,32,0.06451612903225806,0.1,17,0.0008350706369326655,0.0007950841865665499
25,5,32,32,0.06451612903225806,0.1,19,0.0007471628303044091,0.0007113869014885954
25,5,32,32,0.06451612903225806,0.5,1,0.3296250493332325,0.3142266757557175
25,5,32,32,0.06451612903225806,0.5,3,0.10719149428047627,0.1017832763559987
25,5,32,32,0.06451612903225806,0.5,5,0.06415401702901284,0.06090985436047236
25,5,32,32,0.06451612903225806,0.5,7,0.04578570912613092,0.04347107936670347
25,5,32,32,0.06451612903225806,0.5,9,0.035596571502429106,0.033797910964050173
25,5,32,32,0.06451612903225806,0.5,11,0.0291175503256296,0.027646896903212398
25,5,32,32,0.06451612903225806,0.5,13,0.024634126230923134,0.02339035395552329
25,5,32,32,0.06451612903225806,0.5,15,0.021347273641675883,0.020269760144699323
25,5,32,32,0.06451612903225806,0.5,17,0.01883433327204509,0.017883883220104056
25,5,32,32,0.06451612903225806,0.5,19,0.01685074616827825,0.01600055998497685
25,5,32,32,0.06451612903225806,1.0,1,1.0368098502316099,0.9954958431778119
25,5,32,32,0.06451612903225806,1.0,3,0.32494867106892567,0.307199851307748
25,5,32,32,0.06451612903225806,1.0,5,0.19374084712833037,0.18307408916508527
25,5,32,32,0.06451612903225806,1.0,7,0.13806634644511231,0.1304799062804824
25,5,32,32,0.06451612903225806,1.0,9,0.10725755248986524,0.10137864683250247
25,5,32,32,0.06451612903225806,1.0,11,0.08769314912154114,0.0828966729430773
25,5,32,32,0.06451612903225806,1.0,13,0.07416624401860819,0.07011647921924136
25,5,32,32,0.06451612903225806,1.0,15,0.06425532774568264,0.06075150435597648
25,5,32,32,0.06451612903225806,1.0,17,0.05668126700371952,0.05359388083177513
25,5,32,32,0.06451612903225806,1.0,19,0.05070465695350883,0.04794534653552874
26,5,32,32,0.06451612903225806,0.1,1,0.014232480368702373,0.013881080834496845
26,5,32,32,0.06451612903225806,0.1,3,0.0047364130571845965,0.004620084518231691
26,5,32,32,0.06451612903225806,0.1,5,0.0028412219817161907,0.002771557547387137
26,5,32,32,0.06451612903225806,0.1,7,0.0020292748680101665,0.0019795577756445823
26,5,32,32,0.06451612903225806,0.1,9,0.0015782561763564992,0.0015396065231811328
26,5,32,32,0.06451612903225806,0.1,11,0.0012912660912789565,0.001259653801162941
26,5,32,32,0.06451612903225806,0.1,13,0.0010925901342899297,0.0010658472823210413
26,5,32,32,0.06451612903225806,0.1,15,0.0009468992075400465,0.0009237259156488399
26,5,32,32,0.06451612903225806,0.1,17,0.0008354911599566963,0.0008150467469189751
26,5,32,32,0.06451612903225806,0.1,19,0.0007475390370866325,0.0007292485181824585
26,5,32,32,0.06451612903225806,0.5,1,0.32983831324102814,0.32161166613930103
26,5,32,32,0.06451612903225806,0.5,3,0.10725641589890517,0.10438012167104423
26,5,32,32,0.06451612903225806,0.5,5,0.0641924711905673,0.0624729919471325
26,5,32,32,0.06451612903225806,0.5,7,0.045813035432183236,0.044588317961366676
26,5,32,32,0.06451612903225806,0.5,9,0.035617766443147764,0.034667020684573335
26,5,32,32,0.06451612903225806,0.5,11,0.02913486157537831,0.028358015015893207
26,5,32,32,0.06451612903225806,0.5,13,0.024648756810579056,0.02399206774084251
26,5,32,32,0.06451612903225806,0.5,15,0.02135994251002164,0.020791236371057512
26,5,32,32,0.06451612903225806,0.5,17,0.01884550433023343,0.01834399916369938
26,5,32,32,0.06451612903225806,0.5,19,0.01686073615437525,0.0164122333194029
26,5,32,32,0.06451612903225806,1.0,1,1.0379073089532145,1.0151491051913233
26,5,32,32,0.06451612903225806,1.0,3,0.32537124417609087,0.31578433341466683
26,5,32,32,0.06451612903225806,1.0,5,0.1940004491259681,0.1882700330680619
26,5,32,32,0.06451612903225806,1.0,7,0.13825381977730108,0.1341824472122386
26,5,32,32,0.06451612903225806,1.0,9,0.10740426899708364,0.10424989818246187
26,5,32,32,0.06451612903225806,1.0,11,0.08781366372712288,0.08524002925341487
26,5,32,32,0.06451612903225806,1.0,13,0.07426849589501618,0.07209534672787653
26,5,32,32,0.06451612903225806,1.0,15,0.06434412263277946,0.06246375325879761
26,5,32,32,0.06451612903225806,1.0,17,0.05675973445079139,0.055102697063258196
26,5,32,32,0.06451612903225806,1.0,19,0.05077494862192479,0.04929386612583394
27,5,32,32,0.06451612903225806,0.1,1,0.010160223689974176,0.01016752930624539
27,5,32,32,0.06451612903225806,0.1,3,0.003384112985672432,0.003385068259067694
27,5,32,32,0.06451612903225806,0.1,5,0.0020303415901978665,0.0020308440462828772
27,5,32,32,0.06451612903225806,0.1,7,0.0014502191564283726,0.0014505641451163255
27,5,32,32,0.06451612903225806,0.1,9,0.0011279402831532433,0.001128204156560331
27,5,32,32,0.06451612903225806,0.1,11,0.0009228569392185082,0.0009230709922659083
27,5,32,32,0.06451612903225806,0.1,13,0.0007808773462463622,0.00078105757098203
27,5,32,32,0.06451612903225806,0.1,15,0.0006767594954771071,0.0006769152024718476
27,5,32,32,0.06451612903225806,0.1,17,0.0005971402175260331,0.0005972773184215226
27,5,32,32,0.06451612903225806,0.1,19,0.000534283030195431,0.0005344055189613455
27,5,32,32,0.06451612903225806,0.5,1,0.24323186793354015,0.2391202347157494
27,5,32,32,0.06451612903225806,0.5,3,0.07979032899911352,0.07736584979653797
27,5,32,32,0.06451612903225806,0.5,5,0.04781268034978305,0.046310518538984345
27,5,32,32,0.06451612903225806,0.5,7,0.034139756290496356,0.033057545350494766
27,5,32,32,0.06451612903225806,0.5,9,0.026549246275911074,0.025704580689871328
27,5,32,32,0.06451612903225806,0.5,11,0.021720495246654873,0.021028187150523396
27,5,32,32,0.06451612903225806,0.5,13,0.018378094163604964,0.01779170274483372
27,5,32,32,0.06451612903225806,0.5,15,0.015927253886367797,0.015418726119036129
27,5,32,32,0.06451612903225806,0.5,17,0.014053207050781641,0.013604316341338404
27,5,32,32,0.06451612903225806,0.5,19,0.012573763821304802,0.012172005757699774
27,5,32,32,0.06451612903225806,1.0,1,0.8439165865963674,0.7969957937605829
27,5,32,32,0.06451612903225806,1.0,3,0.2723532060763885,0.24727339874130938
27,5,32,32,0.06451612903225806,1.0,5,0.16303643104871696,0.1480108509285769
27,5,32,32,0.06451612903225806,1.0,7,0.11637794994995407,0.1056580974774718
27,5,32,32,0.06451612903225806,1.0,9,0.09049128888107064,0.08215855909250196
27,5,32,32,0.06451612903225806,1.0,11,0.07402794412093282,0.06721246163869386
27,5,32,32,0.06451612903225806,1.0,13,0.06263395691202446,0.05686812600228535
27,5,32,32,0.06451612903225806,1.0,15,0.05427999784333674,0.04928356494660115
27,5,32,32,0.06451612903225806,1.0,17,0.04789248285989479,0.043484236809931506
27,5,32,32,0.06451612903225806,1.0,19,0.04285014337244308,0.03890615837271829
28,5,32,32,0.06451612903225806,0.1,1,0.011747940115760986,0.011748348395561561
28,5,32,32,0.06451612903225806,0.1,3,0.003912820539097537,0.003913033543078426
28,5,32,32,0.06451612903225806,0.1,5,0.0023475402378879107,0.002347671185865906
28,5,32,32,0.06451612903225806,0.1,7,0.0016767844174576238,0.001676878477237413
28,5,32,32,0.06451612903225806,0.1,9,0.0013041560087280653,0.0013042293055380752
28,5,32,32,0.06451612903225806,0.1,11,0.0010670327236334573,0.0010670927395431964
28,5,32,32,0.06451612903225806,0.1,13,0.0009028718841767227,0.0009029226834191969
28,5,32,32,0.06451612903225806,0.1,15,0.0007824878973314664,0.0007825319292319289
28,5,32,32,0.06451612903225806,0.1,17,0.0006904298650559196,0.0006904687183779274
28,5,32,32,0.06451612903225806,0.1,19,0.0006177526388850341,0.0006177874022703223
28,5,32,32,0.06451612903225806,0.5,1,0.27597010538702527,0.2761803354134746
28,5,32,32,0.06451612903225806,0.5,3,0.09024803150789901,0.09036413482396977
28,5,32,32,0.06451612903225806,0.5,5,0.05406745263379427,0.05413903022096799
28,5,32,32,0.06451612903225806,0.5,7,0.03860363145785063,0.03865508171382092
28,5,32,32,0.06451612903225806,0.5,9,0.030019934757370907,0.03006003829143146
28,5,32,32,0.06451612903225806,0.5,11,0.024559647559746028,0.024592488520417757
28,5,32,32,0.06451612903225806,0.5,13,0.020780209656556577,0.020808008914568778
28,5,32,32,0.06451612903225806,0.5,15,0.01800895449993063,0.018033051220922882
28,5,32,32,0.06451612903225806,0.5,17,0.01588992332658491,0.01591118644715683
28,5,32,32,0.06451612903225806,0.5,19,0.01421709231400285,0.014236117362170222
28,5,32,32,0.06451612903225806,1.0,1,0.9114287617177955,0.9132410082067878
28,5,32,32,0.06451612903225806,1.0,3,0.2865012515332022,0.28759502361489975
28,5,32,32,0.06451612903225806,1.0,5,0.17110034456013268,0.1717900807814015
28,5,32,32,0.06451612903225806,1.0,7,0.12205738312535072,0.12255620810545223
28,5,32,32,0.06451612903225806,1.0,9,0.09488322073286115,0.0952730481062237
28,5,32,32,0.06451612903225806,1.0,11,0.07761088164637414,0.07793055531221077
28,5,32,32,0.06451612903225806,1.0,13,0.06566059364601867,0.06593141962125554
28,5,32,32,0.06451612903225806,1.0,15,0.056900322476042015,0.05713520924072912
28,5,32,32,0.06451612903225806,1.0,17,0.05020290555223068,0.050410253615481126
28,5,32,32,0.06451612903225806,1.0,19,0.04491634111077549,0.045101919156065914
29,5,32,32,0.06451612903225806,0.1,1,0.012719690877371487,0.012314198517622192
29,5,32,32,0.06451612903225806,0.1,3,0.004236002494143985,0.004096816022397067
29,5,32,32,0.06451612903225806,0.1,5,0.0025414149401931964,0.0024574247292428286
29,5,32,32,0.06451612903225806,0.1,7,0.0018152596080113917,0.0017551203982593393
29,5,32,32,0.06451612903225806,0.1,9,0.001411856793779108,0.0013650187123639486
29,5,32,32,0.06451612903225806,0.1,11,0.0011551506681373818,0.0011167957349964004
29,5,32,32,0.06451612903225806,0.1,13,0.0009774327972701172,0.0009449593726658358
29,5,32,32,0.06451612903225806,0.1,15,0.0008471071264241677,0.0008189512581822032
29,5,32,32,0.06451612903225806,0.1,17,0.0007474466980614748,0.0007225950309283442
29,5,32,32,0.06451612903225806,0.1,19,0.0006687676167540889,0.0006465260844728062
29,5,32,32,0.06451612903225806,0.5,1,0.29714217503971335,0.2895265857686286
29,5,32,32,0.06451612903225806,0.5,3,0.09699090515847913,0.09393787791007228
29,5,32,32,0.06451612903225806,0.5,5,0.05809546700541507,0.056224652149785746
29,5,32,32,0.06451612903225806,0.5,7,0.041476764299853745,0.04012934540106469
29,5,32,32,0.06451612903225806,0.5,9,0.03225314311904628,0.03120046023421204
29,5,32,32,0.06451612903225806,0.5,11,0.026386150932761306,0.025522450657284527
29,5,32,32,0.06451612903225806,0.5,13,0.022325355938790654,0.021593127361525563
29,5,32,32,0.06451612903225806,0.5,15,0.01934787015764674,0.01871238247277264
29,5,32,32,0.06451612903225806,0.5,17,0.017071184883491013,0.016509861810954096
29,5,32,32,0.06451612903225806,0.5,19,0.015273919770757455,0.014771261266514972
29,5,32,32,0.06451612903225806,1.0,1,0.9664122169539014,0.9455266750615964
29,5,32,32,0.06451612903225806,1.0,3,0.30540113070114955,0.2954608874417469
29,5,32,32,0.06451612903225806,1.0,5,0.1823405702992982,0.17635150096336855
29,5,32,32,0.06451612903225806,1.0,7,0.13004794817187582,0.1257516485606537
29,5,32,32,0.06451612903225806,1.0,9,0.10108036514217777,0.09772961139611179
29,5,32,32,0.06451612903225806,1.0,11,0.08267170107013097,0.0799251478336356
29,5,32,32,0.06451612903225806,1.0,13,0.0699370996164935,0.06761008429988997
29,5,32,32,0.06451612903225806,1.0,15,0.06060293809888276,0.058584259689299964
29,5,32,32,0.06451612903225806,1.0,17,0.053467405565752406,0.05168490868312942
29,5,32,32,0.06451612903225806,1.0,19,0.0478354210590119,0.04623962778945475
30,5,32,32,0.06451612903225806,0.1,1,0.01236498522017482,0.01205634848854362
30,5,32,32,0.06451612903225806,0.1,3,0.004120161034707884,0.004017251433432595
30,5,32,32,0.06451612903225806,0.1,5,0.002472024278020521,0.0024102770205486857
30,5,32,32,0.06451612903225806,0.1,7,0.0017657173848496838,0.0017216119059630672
30,5,32,32,0.06451612903225806,0.1,9,0.001373331184630501,0.001339026828812186
30,5,32,32,0.06451612903225806,0.1,11,0.0011236327172806984,0.0010955654779388141
30,5,32,32,0.06451612903225806,0.1,13,0.0009507652263857651,0.0009270160048185347
30,5,32,32,0.06451612903225806,0.1,15,0.0008239960298145086,0.0008034133607724897
30,5,32,32,0.06451612903225806,0.1,17,0.0007270550257403625,0.0007088938410694957
30,5,32,32,0.06451612903225806,0.1,19,0.0006505227328923974,0.0006342732480362146
30,5,32,32,0.06451612903225806,0.5,1,0.29078462400462496,0.284450344707141
30,5,32,32,0.06451612903225806,0.5,3,0.09605270489968654,0.09394106821821903
30,5,32,32,0.06451612903225806,0.5,5,0.057584271906469406,0.056317007257806175
30,5,32,32,0.06451612903225806,0.5,7,0.041122202005934826,0.040216951899642486
30,5,32,32,0.06451612903225806,0.5,9,0.031980909519162756,0.031276806022938614
30,5,32,32,0.06451612903225806,0.5,11,0.026164943874385276,0.025588850782239297
30,5,32,32,0.06451612903225806,0.5,13,0.022138956745943895,0.021651489240799633
30,5,32,32,0.06451612903225806,0.5,15,0.01918676338076805,0.01876428929493134
30,5,32,32,0.06451612903225806,0.5,17,0.016929300991499464,0.016556528410566658
30,5,32,32,0.06451612903225806,0.5,19,0.015147146250641133,0.014813612053869538
30,5,32,32,0.06451612903225806,1.0,1,0.9617182803132407,0.9494472014445215
30,5,32,32,0.06451612903225806,1.0,3,0.30952823737332585,0.3061595892076854
30,5,32,32,0.06451612903225806,1.0,5,0.1847496619657762,0.18278773535641002
30,5,32,32,0.06451612903225806,1.0,7,0.1317617573049818,0.1303750288447915
30,5,32,32,0.06451612903225806,1.0,9,0.10241531698771385,0.10134184560851363
30,5,32,32,0.06451612903225806,1.0,11,0.08376674723733293,0.08289064589012378
30,5,32,32,0.06451612903225806,1.0,13,0.07086605676227882,0.07012583033353133
30,5,32,32,0.06451612903225806,1.0,15,0.06140988796621044,0.06076895867810372
30,5,32,32,0.06451612903225806,1.0,17,0.054180846278175626,0.05361567732998745
30,5,32,32,0.06451612903225806,1.0,19,0.04847486737992699,0.04796941506541298
31,5,32,32,0.06451612903225806,0.1,1,0.012146028124832448,0.012148790012798344
31,5,32,32,0.06451612903225806,0.1,3,0.004045081613816473,0.004045361838362292
31,5,32,32,0.06451612903225806,0.1,5,0.0024268756901617105,0.0024269653159513013
31,5,32,32,0.06451612903225806,0.1,7,0.0017334483588915784,0.0017334883083419087
31,5,32,32,0.06451612903225806,0.1,9,0.0013482265847244935,0.0013482472538726088
31,5,32,32,0.06451612903225806,0.1,11,0.001103089887755629,0.0011031013825833678
31,5,32,32,0.06451612903225806,0.1,13,0.0009333815057192991,0.0009333880594057042
31,5,32,32,0.06451612903225806,0.1,15,0.0008089294111500247,0.0008089330747000689
31,5,32,32,0.06451612903225806,0.1,17,0.0007137605178690641,0.0007137623900052229
31,5,32,32,0.06451612903225806,0.1,19,0.0006386273732379386,0.000638628087405044
31,5,32,32,0.06451612903225806,0.5,1,0.2841023085590272,0.2842681071777839
31,5,32,32,0.06451612903225806,0.5,3,0.09272766473137851,0.09274205738633116
31,5,32,32,0.06451612903225806,0.5,5,0.055544896613420706,0.0555446657799361
31,5,32,32,0.06451612903225806,0.5,7,0.03965691235130534,0.039653931391704804
31,5,32,32,0.06451612903225806,0.5,9,0.030838499418023597,0.03083495312413911
31,5,32,32,0.06451612903225806,0.5,11,0.025229110560696606,0.025225568018901197
31,5,32,32,0.06451612903225806,0.5,13,0.02134654565198521,0.021343172293681947
31,5,32,32,0.06451612903225806,0.5,15,0.01849970662517671,0.01849654416893753
31,5,32,32,0.06451612903225806,0.5,17,0.016322897065799667,0.016319945513457588
31,5,32,32,0.06451612903225806,0.5,19,0.014604462901542499,0.014601708242671978
31,5,32,32,0.06451612903225806,1.0,1,0.9277599135912805,0.9273160470366539
31,5,32,32,0.06451612903225806,1.0,3,0.29028289862898454,0.29042649616275507
31,5,32,32,0.06451612903225806,1.0,5,0.17331013249744734,0.17335337567985326
31,5,32,32,0.06451612903225806,1.0,7,0.12362452317590152,0.1236356532619638
31,5,32,32,0.06451612903225806,1.0,9,0.0960984293153885,0.09609759727047476
31,5,32,32,0.06451612903225806,1.0,11,0.07860359594664364,0.07859772493127475
31,5,32,32,0.06451612903225806,1.0,13,0.06649981941873187,0.06649172522796086
31,5,32,32,0.06451612903225806,1.0,15,0.05762723138345868,0.057618194018506146
31,5,32,32,0.06451612903225806,1.0,17,0.050844045245345436,0.050834689944218026
31,5,32,32,0.06451612903225806,1.0,19,0.04548983358270858,0.045480478912508636
32,5,32,32,0.06451612903225806,0.1,1,0.012512508255488709,0.012513795703776061
32,5,32,32,0.06451612903225806,0.1,3,0.004169120528982033,0.004169647931614091
32,5,32,32,0.06451612903225806,0.1,5,0.002501389556738101,0.0025017109772681395
32,5,32,32,0.06451612903225806,0.1,7,0.0017866905299449463,0.0017869211026230612
32,5,32,32,0.06451612903225806,0.1,9,0.0013896429729955218,0.0013898226237574313
32,5,32,32,0.06451612903225806,0.1,11,0.0011369784534251387,0.0011371255716035953
32,5,32,32,0.06451612903225806,0.1,13,0.0009620576397124106,0.0009621821882008816
32,5,32,32,0.06451612903225806,0.1,15,0.0008337827158997075,0.0008338906926689259
32,5,32,32,0.06451612903225806,0.1,17,0.0007356902944548045,0.0007357855885705368
32,5,32,32,0.06451612903225806,0.1,19,0.0006582489992643095,0.0006583342752749996
32,5,32,32,0.06451612903225806,0.5,1,0.29382594252821936,0.29491533648650314
32,5,32,32,0.06451612903225806,0.5,3,0.09696708376265308,0.09741120260038752
32,5,32,32,0.06451612903225806,0.5,5,0.05812249461390662,0.05840078702973852
32,5,32,32,0.06451612903225806,0.5,7,0.04150361854716931,0.04170574872687414
32,5,32,32,0.06451612903225806,0.5,9,0.032276308190141205,0.03243488632998525
32,5,32,32,0.06451612903225806,0.5,11,0.02640600033893786,0.02653642458294615
32,5,32,32,0.06451612903225806,0.5,13,0.02234256836863892,0.022453308739026335
32,5,32,32,0.06451612903225806,0.5,15,0.01936300563288771,0.019459213889407103
32,5,32,32,0.06451612903225806,0.5,17,0.01708466434469035,0.01716970566709177
32,5,32,32,0.06451612903225806,0.5,19,0.015286056746022821,0.01536224967819566
32,5,32,32,0.06451612903225806,1.0,1,0.9677517837867052,0.9777512887857048
32,5,32,32,0.06451612903225806,1.0,3,0.3112786837815221,0.316238840963959
32,5,32,32,0.06451612903225806,1.0,5,0.18572383217514757,0.18897182889184896
32,5,32,32,0.06451612903225806,1.0,7,0.13241734751814235,0.13482126011592163
32,5,32,32,0.06451612903225806,1.0,9,0.10290348545149429,0.1048095304039293
32,5,32,32,0.06451612903225806,1.0,11,0.08415341916616301,0.08573181878848726
32,5,32,32,0.06451612903225806,1.0,13,0.07118521790397629,0.07253184507436324
32,5,32,32,0.06451612903225806,1.0,15,0.06168114295091965,0.06285523257944407
32,5,32,32,0.06451612903225806,1.0,17,0.05441645290813808,0.055457134241601126
32,5,32,32,0.06451612903225806,1.0,19,0.04868296752357309,0.04961742830809907
33,5,32,32,0.06451612903225806,0.1,1,0.011469351960974901,0.011506618479316827
33,5,32,32,0.06451612903225806,0.1,3,0.0038200207673984685,0.0038306358115274574
33,5,32,32,0.06451612903225806,0.1,5,0.0022918623439077954,0.0022980028878599778
33,5,32,32,0.06451612903225806,0.1,7,0.0016370146765109725,0.0016413298251758688
33,5,32,32,0.06451612903225806,0.1,9,0.0012732239822222675,0.0012765493374761138
33,5,32,32,0.06451612903225806,0.1,11,0.0010417246730330242,0.0010444292787936962
33,5,32,32,0.06451612903225806,0.1,13,0.0008814573528855145,0.0008837363852951627
33,5,32,32,0.06451612903225806,0.1,15,0.000763928615249034,0.0007658977398377767
33,5,32,32,0.06451612903225806,0.1,17,0.0006740540110576173,0.0006757873947241617
33,5,32,32,0.06451612903225806,0.1,19,0.0006031005458324717,0.0006046485833762703
33,5,32,32,0.06451612903225806,0.5,1,0.27070999864046374,0.271954348048463
33,5,32,32,0.06451612903225806,0.5,3,0.08858865091134627,0.08887446323163117
33,5,32,32,0.06451612903225806,0.5,5,0.05307719499850195,0.05323738133314462
33,5,32,32,0.06451612903225806,0.5,7,0.03789736279174587,0.03800811818331532
33,5,32,32,0.06451612903225806,0.5,9,0.029470952190303917,0.029555440777671825
33,5,32,32,0.06451612903225806,0.5,11,0.024110619178351313,0.024178858466654234
33,5,32,32,0.06451612903225806,0.5,13,0.020400329987597502,0.02045753968945924
33,5,32,32,0.06451612903225806,0.5,15,0.01767976194697671,0.01772900069185796
33,5,32,32,0.06451612903225806,0.5,17,0.015599480730462204,0.01564269242729813
33,5,32,32,0.06451612903225806,0.5,19,0.013957236000246754,0.013995732033344385
33,5,32,32,0.06451612903225806,1.0,1,0.9046593931533565,0.9061475633648205
33,5,32,32,0.06451612903225806,1.0,3,0.2871232568037059,0.2886805685263397
33,5,32,32,0.06451612903225806,1.0,5,0.17163682884617737,0.17250836969869562
33,5,32,32,0.06451612903225806,1.0,7,0.1224725026044672,0.12305522565752555
33,5,32,32,0.06451612903225806,1.0,9,0.09521621416864515,0.09564884125942406
33,5,32,32,0.06451612903225806,1.0,11,0.07788748463808945,0.07822979941789339
33,5,32,32,0.06451612903225806,1.0,13,0.0658966453510441,0.06617913813188207
33,5,32,32,0.06451612903225806,1.0,15,0.05710597987226901,0.05734611549903524
33,5,32,32,0.06451612903225806,1.0,17,0.0503849986217501,0.05059364868661847
33,5,32,32,0.06451612903225806,1.0,19,0.04507965856654629,0.045264024292753544
34,5,32,32,0.06451612903225806,0.1,1,0.01419007704360048,0.013568178747624924
34,5,32,32,0.06451612903225806,0.1,3,0.004722594558403396,0.004516831281941268
34,5,32,32,0.06451612903225806,0.1,5,0.002832939861671675,0.0027097675802283416
34,5,32,32,0.06451612903225806,0.1,7,0.0020233598656977563,0.0019354743758780997
34,5,32,32,0.06451612903225806,0.1,9,0.0015736555786977145,0.001505342578825555
34,5,32,32,0.06451612903225806,0.1,11,0.0012875018290509747,0.0012316318829732771
34,5,32,32,0.06451612903225806,0.1,13,0.0010894048647697397,0.0010421436506133969
34,5,32,32,0.06451612903225806,0.1,15,0.0009441385415461019,0.0009031873874842685
34,5,32,32,0.06451612903225806,0.1,17,0.0008330552013507954,0.0007969276477700745
34,5,32,32,0.06451612903225806,0.1,19,0.000745359435430215,0.0007130389127714654
34,5,32,32,0.06451612903225806,0.5,1,0.32949852517060596,0.3130993319445018
34,5,32,32,0.06451612903225806,0.5,3,0.10734154409580485,0.10143664799373388
34,5,32,32,0.06451612903225806,0.5,5,0.06424156094441616,0.06071442401585865
34,5,32,32,0.06451612903225806,0.5,7,0.04584602960157073,0.04333594231115981
34,5,32,32,0.06451612903225806,0.5,9,0.03564226241477608,0.033694867095262
34,5,32,32,0.06451612903225806,0.5,11,0.029154217406692908,0.02756370668505109
34,5,32,32,0.06451612903225806,0.5,13,0.024664703093576476,0.023320635211501788
34,5,32,32,0.06451612903225806,0.5,15,0.021373475116810266,0.020209773206277877
34,5,32,32,0.06451612903225806,0.5,17,0.018857244360163065,0.017831251983086147
34,5,32,32,0.06451612903225806,0.5,19,0.01687109523161993,0.015953682032037845
34,5,32,32,0.06451612903225806,1.0,1,1.0433387927340416,0.9785253527587783
34,5,32,32,0.06451612903225806,1.0,3,0.3293671580890541,0.30265819308852604
34,5,32,32,0.06451612903225806,1.0,5,0.19619037402386383,0.18052657049389098
34,5,32,32,0.06451612903225806,1.0,7,0.13972794184523082,0.128688297129502
34,5,32,32,0.06451612903225806,1.0,9,0.10850687138798822,0.09999182356922036
34,5,32,32,0.06451612903225806,1.0,11,0.08869144867025093,0.08176381290460365
34,5,32,32,0.06451612903225806,1.0,13,0.07499642298540268,0.0691583399183547
34,5,32,32,0.06451612903225806,1.0,15,0.06496533232239948,0.059921113504304534
34,5,32,32,0.06451612903225806,1.0,17,0.05730122022695312,0.05286104120619045
34,5,32,32,0.06451612903225806,1.0,19,0.05125467901879858,0.04728947199160006
35,5,32,32,0.06451612903225806,0.1,1,0.011354581946674842,0.011353728177566257
35,5,32,32,0.06451612903225806,0.1,3,0.003781838188695462,0.0037815664140952365
35,5,32,32,0.06451612903225806,0.1,5,0.0022689580787578385,0.0022687954833286762
35,5,32,32,0.06451612903225806,0.1,7,0.0016206558440768153,0.0016205397941397351
35,5,32,32,0.06451612903225806,0.1,9,0.0012605009799784856,0.0012604107473448902
35,5,32,32,0.06451612903225806,0.1,11,0.0010313152061378237,0.0010312413911650663
35,5,32,32,0.06451612903225806,0.1,13,0.0008726494899278562,0.0008725870368012565
35,5,32,32,0.06451612903225806,0.1,15,0.0007562952250066412,0.0007562411020561508
35,5,32,32,0.06451612903225806,0.1,17,0.0006673187267327257,0.0006672709730266145
35,5,32,32,0.06451612903225806,0.1,19,0.0005970742804335878,0.0005970315545642147
35,5,32,32,0.06451612903225806,0.5,1,0.267921023921735,0.26750686316456157
35,5,32,32,0.06451612903225806,0.5,3,0.08769198841181167,0.08754536582855144
35,5,32,32,0.06451612903225806,0.5,5,0.052540379025984185,0.05244978963229226
35,5,32,32,0.06451612903225806,0.5,7,0.03751416489133738,0.037448902354321224
35,5,32,32,0.06451612903225806,0.5,9,0.029172990414086636,0.029122048754993694
35,5,32,32,0.06451612903225806,0.5,11,0.02386686731324979,0.0238251117067539
35,5,32,32,0.06451612903225806,0.5,13,0.020194096178626636,0.02015872730496786
35,5,32,32,0.06451612903225806,0.5,15,0.017501036026936173,0.017470362711314035
35,5,32,32,0.06451612903225806,0.5,17,0.015441787540177053,0.015414710861089732
35,5,32,32,0.06451612903225806,0.5,19,0.013816146093008514,0.013791912059449457
35,5,32,32,0.06451612903225806,1.0,1,0.8955076387634501,0.8929847643410116
35,5,32,32,0.06451612903225806,1.0,3,0.28349160961138165,0.2821588632115102
35,5,32,32,0.06451612903225806,1.0,5,0.16941183486687286,0.16849061814149735
35,5,32,32,0.06451612903225806,1.0,7,0.12087522696271961,0.12019175557265332
35,5,32,32,0.06451612903225806,1.0,9,0.09397154497055378,0.09343165920825225
35,5,32,32,0.06451612903225806,1.0,11,0.0768682215054736,0.07642303370082916
35,5,32,32,0.06451612903225806,1.0,13,0.06503378760628088,0.06465539797281486
35,5,32,32,0.06451612903225806,1.0,15,0.05635796671382461,0.056029106631938115
35,5,32,32,0.06451612903225806,1.0,17,0.049724876809670845,0.049434161375640585
35,5,32,32,0.06451612903225806,1.0,19,0.04448896001193428,0.04422850406747409
36,5,32,32,0.06451612903225806,0.1,1,0.01095853346638286,0.011163216153920116
36,5,32,32,0.06451612903225806,0.1,3,0.0036497903441715775,0.0037183243383064886
36,5,32,32,0.06451612903225806,0.1,5,0.002189727825115484,0.0022308626433466612
36,5,32,32,0.06451612903225806,0.1,7,0.0015640625008483296,0.0015934473465167268
36,5,32,32,0.06451612903225806,0.1,9,0.0012164838376037437,0.001239339623683335
36,5,32,32,0.06451612903225806,0.1,11,0.0009953011401093925,0.0010140017039045291
36,5,32,32,0.06451612903225806,0.1,13,0.0008421760297558105,0.0008579997663013171
36,5,32,32,0.06451612903225806,0.1,15,0.0007298848821523036,0.0007435988864187971
36,5,32,32,0.06451612903225806,0.1,17,0.0006440154767258622,0.0006561161272623978
36,5,32,32,0.06451612903225806,0.1,19,0.0005762240001516991,0.0005870509347146669
36,5,32,32,0.06451612903225806,0.5,1,0.2586128106780574,0.2631426165400618
36,5,32,32,0.06451612903225806,0.5,3,0.08452246793550233,0.08624512447850455
36,5,32,32,0.06451612903225806,0.5,5,0.050634951976177296,0.05167506625829196
36,5,32,32,0.06451612903225806,0.5,7,0.036152405965284184,0.036896508344899034
36,5,32,32,0.06451612903225806,0.5,9,0.02811360703231737,0.028692713181493298
36,5,32,32,0.06451612903225806,0.5,11,0.02300000055853557,0.023473961371059702
36,5,32,32,0.06451612903225806,0.5,13,0.019460545549210777,0.01986166009070404
36,5,32,32,0.06451612903225806,0.5,15,0.016865266040613183,0.01721293692951192
36,5,32,32,0.06451612903225806,0.5,17,0.014880798622847878,0.015187589555462809
36,5,32,32,0.06451612903225806,0.5,19,0.013314198977186827,0.013588710211539012
36,5,32,32,0.06451612903225806,1.0,1,0.8643663869117684,0.8780950157205039
36,5,32,32,0.06451612903225806,1.0,3,0.2704104085280022,0.27980202325747017
36,5,32,32,0.06451612903225806,1.0,5,0.16145686212711566,0.16711157980989935
36,5,32,32,0.06451612903225806,1.0,7,0.11517302064587512,0.11918954559166642
36,5,32,32,0.06451612903225806,1.0,9,0.08953014602416202,0.09264239805963266
36,5,32,32,0.06451612903225806,1.0,11,0.07323173397072902,0.0757722160229056
36,5,32,32,0.06451612903225806,1.0,13,0.061955490349573955,0.06410194274168982
36,5,32,32,0.06451612903225806,1.0,15,0.053689420044383596,0.055547836814377666
36,5,32,32,0.06451612903225806,1.0,17,0.04736987092351603,0.049008520501833894
36,5,32,32,0.06451612903225806,1.0,19,0.042381595031077655,0.04384702692708433
37,5,32,32,0.06451612903225806,0.1,1,0.011358053012527285,0.011469163338915987
37,5,32,32,0.06451612903225806,0.1,3,0.0037830803974793796,0.0038151497872971436
37,5,32,32,0.06451612903225806,0.1,5,0.002269706742006409,0.0022883259898820924
37,5,32,32,0.06451612903225806,0.1,7,0.0016211911297812052,0.0016342982986968788
37,5,32,32,0.06451612903225806,0.1,9,0.001260917441004575,0.001271028466908155
37,5,32,32,0.06451612903225806,0.1,11,0.0010316559831655878,0.001039885092337665
37,5,32,32,0.06451612903225806,0.1,13,0.0008729378492468365,0.0008798753907943206
37,5,32,32,0.06451612903225806,0.1,15,0.000756545137211632,0.0007625414161937779
37,5,32,32,0.06451612903225806,0.1,17,0.0006675392353907127,0.0006728190914463252
37,5,32,32,0.06451612903225806,0.1,19,0.0005972715747115908,0.0006019878967078702
37,5,32,32,0.06451612903225806,0.5,1,0.2683927176009447,0.27274598850799947
37,5,32,32,0.06451612903225806,0.5,3,0.08789242434601217,0.0889104816995627
37,5,32,32,0.06451612903225806,0.5,5,0.05266266738455733,0.05319820207740792
37,5,32,32,0.06451612903225806,0.5,7,0.03760188902347114,0.03796023080050276
37,5,32,32,0.06451612903225806,0.5,9,0.029241331844628612,0.029509387275606966
37,5,32,32,0.06451612903225806,0.5,11,0.02392282556432982,0.024136536806042143
37,5,32,32,0.06451612903225806,0.5,13,0.020241464364081908,0.02041899035103871
37,5,32,32,0.06451612903225806,0.5,15,0.017542097742834984,0.01769384231671605
37,5,32,32,0.06451612903225806,0.5,17,0.01547802336006625,0.015610486229686988
37,5,32,32,0.06451612903225806,0.5,19,0.013848570319979683,0.01396607742588474
37,5,32,32,0.06451612903225806,1.0,1,0.8994889244093272,0.9196673935434695
37,5,32,32,0.06451612903225806,1.0,3,0.28592734116535135,0.2910161413465544
37,5,32,32,0.06451612903225806,1.0,5,0.17094381619673366,0.17342624480833013
37,5,32,32,0.06451612903225806,1.0,7,0.12198296365147386,0.1235700094886801
37,5,32,32,0.06451612903225806,1.0,9,0.09483733319944553,0.09598925338550882
37,5,32,32,0.06451612903225806,1.0,11,0.07757830413096052,0.07847726863854347
37,5,32,32,0.06451612903225806,1.0,13,0.06563544246271683,0.06637039262395938
37,5,32,32,0.06451612903225806,1.0,15,0.056879835474500866,0.05750035298764153
37,5,32,32,0.06451612903225806,1.0,17,0.05018560020497696,0.050721974691904516
37,5,32,32,0.06451612903225806,1.0,19,0.04490134033215384,0.04537335823570988
38,5,32,32,0.06451612903225806,0.1,1,0.0120664544229292,0.01206646230444233
38,5,32,32,0.06451612903225806,0.1,3,0.0040185530590165774,0.004018553351352493
38,5,32,32,0.06451612903225806,0.1,5,0.0024109593792651387,0.0024109594424164796
38,5,32,32,0.06451612903225806,0.1,7,0.0017220799091408599,0.001722079932162372
38,5,32,32,0.06451612903225806,0.1,9,0.0013393846242689615,0.0013393846351040194
38,5,32,32,0.06451612903225806,0.1,11,0.0010958556491589525,0.0010958556550950524
38,5,32,32,0.06451612903225806,0.1,13,0.0009272602833901763,0.0009272602869904737
38,5,32,32,0.06451612903225806,0.1,15,0.0008036243886848203,0.0008036243910258302
38,5,32,32,0.06451612903225806,0.1,17,0.0007090796410791404,0.0007090796427090252
38,5,32,32,0.06451612903225806,0.1,19,0.0006344392385253257,0.0006344392396853827
38,5,32,32,0.06451612903225806,0.5,1,0.28251961582712976,0.28252302148867997
38,5,32,32,0.06451612903225806,0.5,3,0.0921751241973029,0.09217524306339865
38,5,32,32,0.06451612903225806,0.5,5,0.055212468280311615,0.0552124938057555
38,5,32,32,0.06451612903225806,0.5,7,0.039419311641794845,0.03941932092823103
38,5,32,32,0.06451612903225806,0.5,9,0.030653655945710876,0.030653660311931535
38,5,32,32,0.06451612903225806,0.5,11,0.025077859258926537,0.025077861649475338
38,5,32,32,0.06451612903225806,0.5,13,0.021218557052823578,0.021218558500784572
38,5,32,32,0.06451612903225806,0.5,15,0.018388780000495677,0.01838878094294547
38,5,32,32,0.06451612903225806,0.5,17,0.016225019042338105,0.0162250196896881
38,5,32,32,0.06451612903225806,0.5,19,0.014516887004013674,0.014516887467690365
38,5,32,32,0.06451612903225806,1.0,1,0.9261333086511608,0.9261273464281219
38,5,32,32,0.06451612903225806,1.0,3,0.2883052765176972,0.28830281149133385
38,5,32,32,0.06451612903225806,1.0,5,0.17204175565674457,0.17204115251315696
38,5,32,32,0.06451612903225806,1.0,7,0.12270239990758516,0.12270217287373111
38,5,32,32,0.06451612903225806,1.0,9,0.09537619173819703,0.09537608351314944
38,5,32,32,0.06451612903225806,1.0,11,0.07801063918501368,0.07801057951964356
38,5,32,32,0.06451612903225806,1.0,13,0.06599711789474545,0.0659970816121123
38,5,32,32,0.06451612903225806,1.0,15,0.057191040957767905,0.05719101728364262
38,5,32,32,0.06451612903225806,1.0,17,0.050458873471552035,0.05045885718307239
38,5,32,32,0.06451612903225806,1.0,19,0.045145023165196835,0.04514501148520499
39,5,32,32,0.06451612903225806,0.1,1,0.009924808032649337,0.01120804266352031
39,5,32,32,0.06451612903225806,0.1,3,0.0033055095666238822,0.0037316033887219036
39,5,32,32,0.06451612903225806,0.1,5,0.0019831736560400113,0.002238750552764511
39,5,32,32,0.06451612903225806,0.1,7,0.0014165266254270435,0.0015990659242588572
39,5,32,32,0.06451612903225806,0.1,9,0.0011017346141558163,0.0012437046221798168
39,5,32,32,0.06451612903225806,0.1,11,0.0009014157854143279,0.0010175709929471984
39,5,32,32,0.06451612903225806,0.1,13,0.0007627347576051266,0.0008610189249455239
39,5,32,32,0.06451612903225806,0.1,15,0.0006610358784938716,0.0007462149419405079
39,5,32,32,0.06451612903225806,0.1,17,0.0005832664141541584,0.0006584240880183655
39,5,32,32,0.06451612903225806,0.1,19,0.0005218696123240591,0.000589115749266944
39,5,32,32,0.06451612903225806,0.5,1,0.23630947989192588,0.2624039305590533
39,5,32,32,0.06451612903225806,0.5,3,0.07740743926896045,0.0849203750079488
39,5,32,32,0.06451612903225806,0.5,5,0.046384910227707285,0.05083268078480634
39,5,32,32,0.06451612903225806,0.5,7,0.033120465359187085,0.036285579369639866
39,5,32,32,0.06451612903225806,0.5,9,0.025756655163975118,0.028214607064351537
39,5,32,32,0.06451612903225806,0.5,11,0.021072093623349077,0.023081568883351913
39,5,32,32,0.06451612903225806,0.5,13,0.017829487334689285,0.019529045157955102
39,5,32,32,0.06451612903225806,0.5,15,0.015451817019508731,0.016924349770977433
39,5,32,32,0.06451612903225806,0.5,17,0.013633717230039736,0.014932764687137673
39,5,32,32,0.06451612903225806,0.5,19,0.012198439207503799,0.01336059038768294
39,5,32,32,0.06451612903225806,1.0,1,0.8160695430316541,0.8552766446555623
39,5,32,32,0.06451612903225806,1.0,3,0.2647818886787336,0.2537950359686621
39,5,32,32,0.06451612903225806,1.0,5,0.15870850376659545,0.15057526408936106
39,5,32,32,0.06451612903225806,1.0,7,0.1133344066732875,0.10717150291416033
39,5,32,32,0.06451612903225806,1.0,9,0.08814002882251407,0.08321798957742009
39,5,32,32,0.06451612903225806,1.0,11,0.07211090882640081,0.06802428318302305
39,5,32,32,0.06451612903225806,1.0,13,0.061015153954110196,0.05752540562461315
39,5,32,32,0.06451612903225806,1.0,15,0.05287884224623134,0.0498356133337736
39,5,32,32,0.06451612903225806,1.0,17,0.046657238664082036,0.04396015481538492
39,5,32,32,0.06451612903225806,1.0,19,0.041745597622352505,0.03932449502298469
40,5,32,32,0.06451612903225806,0.1,1,0.012068911702613202,0.012069228556717469
40,5,32,32,0.06451612903225806,0.1,3,0.004019514671724246,0.004019549283213507
40,5,32,32,0.06451612903225806,0.1,5,0.002411543110666599,0.0024115555182813828
40,5,32,32,0.06451612903225806,0.1,7,0.0017224981813057528,0.0017225045009041295
40,5,32,32,0.06451612903225806,0.1,9,0.001339710367277651,0.0013397141867135336
40,5,32,32,0.06451612903225806,0.1,11,0.0010961223391714537,0.0010961248945055649
40,5,32,32,0.06451612903225806,0.1,13,0.0009274860278775961,0.0009274878567121026
40,5,32,32,0.06451612903225806,0.1,15,0.0008038200791620164,0.0008038214524240826
40,5,32,32,0.06451612903225806,0.1,17,0.0007092523356824347,0.0007092534045972696
40,5,32,32,0.06451612903225806,0.1,19,0.0006345937713015619,0.0006345946268784492
40,5,32,32,0.06451612903225806,0.5,1,0.282381916261272,0.28242879368980844
40,5,32,32,0.06451612903225806,0.5,3,0.09222492726266888,0.09222872216420032
40,5,32,32,0.06451612903225806,0.5,5,0.05524613388987303,0.055247446657402964
40,5,32,32,0.06451612903225806,0.5,7,0.039444050141904254,0.039444710215689974
40,5,32,32,0.06451612903225806,0.5,9,0.030673103973742115,0.030673500306608346
40,5,32,32,0.06451612903225806,0.5,11,0.02509385132747772,0.02509411544598616
40,5,32,32,0.06451612903225806,0.5,13,0.021232125054428966,0.021232313587191444
40,5,32,32,0.06451612903225806,0.5,15,0.01840055719235001,0.01840069849626594
40,5,32,32,0.06451612903225806,0.5,17,0.016235420595727305,0.016235530429616944
40,5,32,32,0.06451612903225806,0.5,19,0.014526199343690064,0.01452628716115339
40,5,32,32,0.06451612903225806,1.0,1,0.9225531509651329,0.9230473321012068
40,5,32,32,0.06451612903225806,1.0,3,0.2891873497569629,0.28916975176231263
40,5,32,32,0.06451612903225806,1.0,5,0.17268599158827908,0.17268062785737437
40,5,32,32,0.06451612903225806,1.0,7,0.12318419050531271,0.1231816883966499
40,5,32,32,0.06451612903225806,1.0,9,0.0957575083335795,0.09575607466038588
40,5,32,32,0.06451612903225806,1.0,11,0.07832521849511152,0.07832429282017613
40,5,32,32,0.06451612903225806,1.0,13,0.06626449610330871,0.06626385016632756
40,5,32,32,0.06451612903225806,1.0,15,0.057423383040036316,0.0574229070996109
40,5,32,32,0.06451612903225806,1.0,17,0.050664222344570416,0.050663857276595885
40,5,32,32,0.06451612903225806,1.0,19,0.0453289571923588,0.04532866838307441
41,5,32,32,0.06451612903225806,0.1,1,0.012617198471602826,0.012575845590291287
41,5,32,32,0.06451612903225806,0.1,3,0.004201775969363314,0.004187334050276824
41,5,32,32,0.06451612903225806,0.1,5,0.0025208625234443495,0.002512116139190709
41,5,32,32,0.06451612903225806,0.1,7,0.001800573737364865,0.001794301213226807
41,5,32,32,0.06451612903225806,0.1,9,0.0014004319364559177,0.0013955424060710122
41,5,32,32,0.06451612903225806,0.1,11,0.0011458017168049072,0.0011417955001683353
41,5,32,32,0.06451612903225806,0.1,13,0.0009695213483125411,0.0009661281320510926
41,5,32,32,0.06451612903225806,0.1,15,0.0008402500246739819,0.000837307111156289
41,5,32,32,0.06451612903225806,0.1,17,0.0007413959654399609,0.0007387978409948534
41,5,32,32,0.06451612903225806,0.1,19,0.0006633535554831678,0.0006610279026199555
41,5,32,32,0.06451612903225806,0.5,1,0.29493413547842456,0.2939295957432698
41,5,32,32,0.06451612903225806,0.5,3,0.09627568111944258,0.09590357702599643
41,5,32,32,0.06451612903225806,0.5,5,0.057666051652541135,0.05744116528580144
41,5,32,32,0.06451612903225806,0.5,7,0.04116973729140771,0.04100859370587139
41,5,32,32,0.06451612903225806,0.5,9,0.032014169257678124,0.031888601071507906
41,5,32,32,0.06451612903225806,0.5,11,0.026190521924206473,0.026087656458754112
41,5,32,32,0.06451612903225806,0.5,13,0.02215975686817537,0.02207263929087425
41,5,32,32,0.06451612903225806,0.5,15,0.01920430605850714,0.01912875353263181
41,5,32,32,0.06451612903225806,0.5,17,0.016944479150830253,0.016877780284478675
41,5,32,32,0.06451612903225806,0.5,19,0.015160528538431549,0.015100825562189769
41,5,32,32,0.06451612903225806,1.0,1,0.9608172880540498,0.955165996480109
41,5,32,32,0.06451612903225806,1.0,3,0.303362421410945,0.30147215089006324
41,5,32,32,0.06451612903225806,1.0,5,0.18113355787406327,0.1801112111036129
41,5,32,32,0.06451612903225806,1.0,7,0.12919000998953276,0.1285006793209792
41,5,32,32,0.06451612903225806,1.0,9,0.10041466485688295,0.09989713043610189
41,5,32,32,0.06451612903225806,1.0,11,0.08212778066689766,0.08171425330402585
41,5,32,32,0.06451612903225806,1.0,13,0.06947726118942996,0.06913324250246095
41,5,32,32,0.06451612903225806,1.0,15,0.060204651165362416,0.05991028833185177
41,5,32,32,0.06451612903225806,1.0,17,0.05311612952496481,0.052858957580860094
41,5,32,32,0.06451612903225806,1.0,19,0.047521225411368676,0.047292934992441124
42,5,32,32,0.06451612903225806,0.1,1,0.01316639719836616,0.013291208941024719
42,5,32,32,0.06451612903225806,0.1,3,0.004384369159728779,0.0044264168937651095
42,5,32,32,0.06451612903225806,0.1,5,0.0026303726444679106,0.002655622658840471
42,5,32,32,0.06451612903225806,0.1,7,0.001878782004285701,0.0018968219442651974
42,5,32,32,0.06451612903225806,0.1,9,0.001461255017115505,0.0014752874339701888
42,5,32,32,0.06451612903225806,0.1,11,0.0011955632009476047,0.001207044830778313
42,5,32,32,0.06451612903225806,0.1,13,0.001011625565035444,0.001021341064218233
42,5,32,32,0.06451612903225806,0.1,15,0.0008767393022889374,0.0008851595509133079
42,5,32,32,0.06451612903225806,0.1,17,0.0007735916867453576,0.0007810214061679424
42,5,32,32,0.06451612903225806,0.1,19,0.0006921597611382375,0.0006988074603592096
42,5,32,32,0.06451612903225806,0.5,1,0.30672186528801537,0.309246310010066
42,5,32,32,0.06451612903225806,0.5,3,0.1000833129147638,0.10115969344612705
42,5,32,32,0.06451612903225806,0.5,5,0.05994445412371693,0.060601186951212554
42,5,32,32,0.06451612903225806,0.5,7,0.04279610755501436,0.043267073819706334
42,5,32,32,0.06451612903225806,0.5,9,0.03327883285899697,0.033645649212365236
42,5,32,32,0.06451612903225806,0.5,11,0.027225145437015544,0.027525441726761347
42,5,32,32,0.06451612903225806,0.5,13,0.023035167429293187,0.023289330880902463
42,5,32,32,0.06451612903225806,0.5,15,0.019962978317122265,0.02018327975333958
42,5,32,32,0.06451612903225806,0.5,17,0.017613888753995628,0.017808282220811014
42,5,32,32,0.06451612903225806,0.5,19,0.015759471306728053,0.015933404879752033
42,5,32,32,0.06451612903225806,1.0,1,0.988350909161772,0.9925848495894195
42,5,32,32,0.06451612903225806,1.0,3,0.3116310523096423,0.3148213897872578
42,5,32,32,0.06451612903225806,1.0,5,0.1860628234609607,0.18809087987462128
42,5,32,32,0.06451612903225806,1.0,7,0.1327185682332243,0.1341874792840817
42,5,32,32,0.06451612903225806,1.0,9,0.10316588329855642,0.10431385788284898
42,5,32,32,0.06451612903225806,1.0,11,0.08438335729421585,0.08532441879437631
42,5,32,32,0.06451612903225806,1.0,13,0.07138890999347759,0.07218583781818479
42,5,32,32,0.06451612903225806,1.0,15,0.061863553475596515,0.06255444389283467
42,5,32,32,0.06451612903225806,1.0,17,0.05458140118420808,0.055191061534035704
42,5,32,32,0.06451612903225806,1.0,19,0.04883339113197644,0.04937885921412531
43,5,32,32,0.06451612903225806,0.1,1,0.012221850577248358,0.01183060701946916
43,5,32,32,0.06451612903225806,0.1,3,0.004070269952050545,0.003936493863222818
43,5,32,32,0.06451612903225806,0.1,5,0.002441963666532364,0.0023612812888749585
43,5,32,32,0.06451612903225806,0.1,7,0.0017442168917507538,0.001686457837433465
43,5,32,32,0.06451612903225806,0.1,9,0.0013565982172178929,0.0013116186025582779
43,5,32,32,0.06451612903225806,0.1,11,0.0011099373247236335,0.0010731066334004932
43,5,32,32,0.06451612903225806,0.1,13,0.0009391742517111652,0.0009079926905754228
43,5,32,32,0.06451612903225806,0.1,15,0.0008139489943794878,0.0007869140733299856
43,5,32,32,0.06451612903225806,0.1,17,0.0007181890198289831,0.000694327314846425
43,5,32,32,0.06451612903225806,0.1,19,0.0006425893317189779,0.0006212341802292115
43,5,32,32,0.06451612903225806,0.5,1,0.2867152182717245,0.2796118805190243
43,5,32,32,0.06451612903225806,0.5,3,0.09368807112014166,0.09103173609768285
43,5,32,32,0.06451612903225806,0.5,5,0.056113068263747415,0.05449207738991957
43,5,32,32,0.06451612903225806,0.5,7,0.04005920045416224,0.038892869153727014
43,5,32,32,0.06451612903225806,0.5,9,0.03114965537362384,0.030238770842515375
43,5,32,32,0.06451612903225806,0.5,11,0.025482730755847775,0.024735486596054422
43,5,32,32,0.06451612903225806,0.5,13,0.02156056183069842,0.02092710874182855
43,5,32,32,0.06451612903225806,0.5,15,0.0186848054509564,0.018135063295564153
43,5,32,32,0.06451612903225806,0.5,17,0.016485957071346143,0.016000381490450067
43,5,32,32,0.06451612903225806,0.5,19,0.01475017066663383,0.014315346918737383
43,5,32,32,0.06451612903225806,1.0,1,0.9434044969341738,0.9264705944517294
43,5,32,32,0.06451612903225806,1.0,3,0.29702610653954375,0.28945562516089984
43,5,32,32,0.06451612903225806,1.0,5,0.17716929113868163,0.17283307030834996
43,5,32,32,0.06451612903225806,1.0,7,0.12631085929317118,0.1232889165902127
43,5,32,32,0.06451612903225806,1.0,9,0.0981553407574049,0.09583892927501456
43,5,32,32,0.06451612903225806,1.0,11,0.08026900510821657,0.07839173350024962
43,5,32,32,0.06451612903225806,1.0,13,0.06789851632657752,0.06632065563006014
43,5,32,32,0.06451612903225806,1.0,15,0.05883266085247863,0.05747193918715081
43,5,32,32,0.06451612903225806,1.0,17,0.05190303629024334,0.050706965602679364
43,5,32,32,0.06451612903225806,1.0,19,0.046434057715070365,0.04536711641171429
44,5,32,32,0.06451612903225806,0.1,1,0.012024475412274837,0.012024475412275727
44,5,32,32,0.06451612903225806,0.1,3,0.004004567415893462,0.004004567415896625
44,5,32,32,0.06451612903225806,0.1,5,0.0024025682395036755,0.0024025682395038992
44,5,32,32,0.06451612903225806,0.1,7,0.0017160862843274792,0.0017160862843366511
44,5,32,32,0.06451612903225806,0.1,9,0.0013347229307520798,0.0013347229307579596
44,5,32,32,0.06451612903225806,0.1,11,0.0010920415423222487,0.0010920415423288192
44,5,32,32,0.06451612903225806,0.1,13,0.000924032965151217,0.0009240329651619693
44,5,32,32,0.06451612903225806,0.1,15,0.0008008273811336753,0.0008008273811400045
44,5,32,32,0.06451612903225806,0.1,17,0.0007066116941773537,0.0007066116942018472
44,5,32,32,0.06451612903225806,0.1,19,0.0006322310760945792,0.0006322310761062091
44,5,32,32,0.06451612903225806,0.5,1,0.2815442006820902,0.28154420068209096
44,5,32,32,0.06451612903225806,0.5,3,0.09186251772315922,0.09186251772316302
44,5,32,32,0.06451612903225806,0.5,5,0.05502419619006289,0.05502419619006845
44,5,32,32,0.06451612903225806,0.5,7,0.03928467040518495,0.03928467040518997
44,5,32,32,0.06451612903225806,0.5,9,0.03054888128983653,0.030548881289839003
44,5,32,32,0.06451612903225806,0.5,11,0.02499211192035483,0.024992111920362582
44,5,32,32,0.06451612903225806,0.5,13,0.0211459905058031,0.021145990505813953
44,5,32,32,0.06451612903225806,0.5,15,0.018325882922043405,0.018325882922058494
44,5,32,32,0.06451612903225806,0.5,17,0.016169518028118914,0.016169518028120743
44,5,32,32,0.06451612903225806,0.5,19,0.014467225943129861,0.014467225943148474
44,5,32,32,0.06451612903225806,1.0,1,0.921038728961067,0.9210387289610689
44,5,32,32,0.06451612903225806,1.0,3,0.28810884828145056,0.28810884828145394
44,5,32,32,0.06451612903225806,1.0,5,0.17198456247415475,0.17198456247415886
44,5,32,32,0.06451612903225806,1.0,7,0.12267238079153887,0.12267238079154162
44,5,32,32,0.06451612903225806,1.0,9,0.09535618554538833,0.09535618554539758
44,5,32,32,0.06451612903225806,1.0,11,0.07799563070146524,0.07799563070146764
44,5,32,32,0.06451612903225806,1.0,13,0.06598507408302183,0.06598507408303374
44,5,32,32,0.06451612903225806,1.0,15,0.05718095745456755,0.05718095745457632
44,5,32,32,0.06451612903225806,1.0,17,0.05045018450205846,0.05045018450206664
44,5,32,32,0.06451612903225806,1.0,19,0.045137379129265964,0.04513737912927547
45,5,32,32,0.06451612903225806,0.1,1,0.013177521512113882,0.013300922213218052
45,5,32,32,0.06451612903225806,0.1,3,0.004387868299363756,0.004429310142604108
45,5,32,32,0.06451612903225806,0.1,5,0.0026324475644925022,0.00265731684846347
45,5,32,32,0.06451612903225806,0.1,7,0.001880256608443186,0.0018980192706718186
45,5,32,32,0.06451612903225806,0.1,9,0.0014623987063720888,0.0014762131481416535
45,5,32,32,0.06451612903225806,0.1,11,0.0011964972698713316,0.0012077993475032506
45,5,32,32,0.06451612903225806,0.1,13,0.001012414949667614,0.0010219778103997463
45,5,32,32,0.06451612903225806,0.1,15,0.0008774228123240927,0.0008857103225982613
45,5,32,32,0.06451612903225806,0.1,17,0.0007741943634673603,0.0007815066557083964
45,5,32,32,0.06451612903225806,0.1,19,0.000692698701382231,0.0006992411184768083
45,5,32,32,0.06451612903225806,0.5,1,0.30707141567538565,0.30966027024328585
45,5,32,32,0.06451612903225806,0.5,3,0.10017143134122737,0.10126009467026721
45,5,32,32,0.06451612903225806,0.5,5,0.059993746230884624,0.06065608238950531
45,5,32,32,0.06451612903225806,0.5,7,0.04283021374549944,0.04330463794679963
45,5,32,32,0.06451612903225806,0.5,9,0.03330488247252248,0.03367415317797661
45,5,32,32,0.06451612903225806,0.5,11,0.02724620991176767,0.027548391981319614
45,5,32,32,0.06451612903225806,0.5,13,0.02305284535040163,0.023308532858374854
45,5,32,32,0.06451612903225806,0.5,15,0.019978206438911628,0.020199783243894275
45,5,32,32,0.06451612903225806,0.5,17,0.017627262736820075,0.017822750856678903
45,5,32,32,0.06451612903225806,0.5,19,0.015771393277315575,0.01594628461914521
45,5,32,32,0.06451612903225806,1.0,1,0.9900895857312154,0.9949844510952925
45,5,32,32,0.06451612903225806,1.0,3,0.3120219023678774,0.31530374208119794
45,5,32,32,0.06451612903225806,1.0,5,0.18628256400766785,0.18833621702693057
45,5,32,32,0.06451612903225806,1.0,7,0.13287458726319512,0.13435049958948905
45,5,32,32,0.06451612903225806,1.0,9,0.1032873025172347,0.10443557101005216
45,5,32,32,0.06451612903225806,1.0,11,0.08448283788708097,0.08542140857092152
45,5,32,32,0.06451612903225806,1.0,13,0.07147319425942916,0.0722664043641397
45,5,32,32,0.06451612903225806,1.0,15,0.061936677799914346,0.06262332109510059
45,5,32,32,0.06451612903225806,1.0,17,0.0546459785529955,0.055251199899085265
45,5,32,32,0.06451612903225806,1.0,19,0.04889121165047371,0.049432220012786236
46,5,32,32,0.06451612903225806,0.1,1,0.014218150623823703,0.013382353815453692
46,5,32,32,0.06451612903225806,0.1,3,0.004731974054036178,0.0044522027447758735
46,5,32,32,0.06451612903225806,0.1,5,0.002838571140864308,0.00267067496222713
46,5,32,32,0.06451612903225806,0.1,7,0.002027383432049924,0.001907454586638807
46,5,32,32,0.06451612903225806,0.1,9,0.00157678557679048,0.001483507711893912
46,5,32,32,0.06451612903225806,0.1,11,0.001290063036068765,0.0012137452770259916
46,5,32,32,0.06451612903225806,0.1,13,0.0010915722190135409,0.0010269961071548003
46,5,32,32,0.06451612903225806,0.1,15,0.0009460170307095182,0.0008900514289134917
46,5,32,32,0.06451612903225806,0.1,17,0.0008347127705620401,0.0007853316382989851
46,5,32,32,0.06451612903225806,0.1,19,0.0007468425797890806,0.0007026596801888295
46,5,32,32,0.06451612903225806,0.5,1,0.33028796272256755,0.30958245488868935
46,5,32,32,0.06451612903225806,0.5,3,0.10760391294060027,0.09987729994657937
46,5,32,32,0.06451612903225806,0.5,5,0.06439563881527299,0.059765229353688935
46,5,32,32,0.06451612903225806,0.5,7,0.04595499761242257,0.04265498962847194
46,5,32,32,0.06451612903225806,0.5,9,0.0357265405058023,0.03316412964391684
46,5,32,32,0.06451612903225806,0.5,11,0.02922292472634979,0.02712893075901195
46,5,32,32,0.06451612903225806,0.5,13,0.024722695260726364,0.022952446739180024
46,5,32,32,0.06451612903225806,0.5,15,0.021423643136349067,0.019890490154068498
46,5,32,32,0.06451612903225806,0.5,17,0.018901448394648905,0.017549408118640676
46,5,32,32,0.06451612903225806,0.5,19,0.0169106025865685,0.01570141978668653
46,5,32,32,0.06451612903225806,1.0,1,1.0478898476343843,0.9707123415833909
46,5,32,32,0.06451612903225806,1.0,3,0.3310083973494039,0.29742554717023495
46,5,32,32,0.06451612903225806,1.0,5,0.1970969910671774,0.1774109949419794
46,5,32,32,0.06451612903225806,1.0,7,0.14035109749782068,0.12647334871460014
46,5,32,32,0.06451612903225806,1.0,9,0.10898090096204185,0.09827515225480014
46,5,32,32,0.06451612903225806,1.0,11,0.08907371449461793,0.08036301794438198
46,5,32,32,0.06451612903225806,1.0,13,0.07531659739327415,0.06797550899465185
46,5,32,32,0.06451612903225806,1.0,15,0.06524072416473413,0.058897679581634534
46,5,32,32,0.06451612903225806,1.0,17,0.05754279715325599,0.05195921478386136
46,5,32,32,0.06451612903225806,1.0,19,0.05146982442224554,0.046483462037164656
47,5,32,32,0.06451612903225806,0.1,1,0.011466955050378069,0.01146683364463453
47,5,32,32,0.06451612903225806,0.1,3,0.003819181053239166,0.003819175609689561
47,5,32,32,0.06451612903225806,0.1,5,0.002291358306103727,0.0022913566690266948
47,5,32,32,0.06451612903225806,0.1,7,0.0016366549261958067,0.0016366540764848803
47,5,32,32,0.06451612903225806,0.1,9,0.0012729443647880342,0.0012729438061118688
47,5,32,32,0.06451612903225806,0.1,11,0.0010414960141655718,0.0010414955993802368
47,5,32,32,0.06451612903225806,0.1,13,0.0008812639501189401,0.0008812636197397661
47,5,32,32,0.06451612903225806,0.1,15,0.0007637610526179176,0.0007637607774798675
47,5,32,32,0.06451612903225806,0.1,17,0.0006739061993422623,0.0006739059631929004
47,5,32,32,0.06451612903225806,0.1,19,0.0006029683208573773,0.0006029681136951621
47,5,32,32,0.06451612903225806,0.5,1,0.2704858766955973,0.27045616295588015
47,5,32,32,0.06451612903225806,0.5,3,0.08849266811005269,0.08850580090301502
47,5,32,32,0.06451612903225806,0.5,5,0.05301893577389707,0.05302714943561328
47,5,32,32,0.06451612903225806,0.5,7,0.03785564153747851,0.03786156191062477
47,5,32,32,0.06451612903225806,0.5,9,0.029438472893114524,0.029443093567506698
47,5,32,32,0.06451612903225806,0.5,11,0.02408403475895857,0.02408782169984331
47,5,32,32,0.06451612903225806,0.5,13,0.020377831175888927,0.020381038565224694
47,5,32,32,0.06451612903225806,0.5,15,0.017660261044377498,0.017663042425207377
47,5,32,32,0.06451612903225806,0.5,17,0.015582273146243605,0.015584728268206463
47,5,32,32,0.06451612903225806,0.5,19,0.01394183931709437,0.01394403660612104
47,5,32,32,0.06451612903225806,1.0,1,0.9026585288234494,0.9037464768879532
47,5,32,32,0.06451612903225806,1.0,3,0.2865038933708086,0.28713713449075456
47,5,32,32,0.06451612903225806,1.0,5,0.171234061009599,0.1715956733661846
47,5,32,32,0.06451612903225806,1.0,7,0.12217863092206868,0.12243330049600465
47,5,32,32,0.06451612903225806,1.0,9,0.0949857739368514,0.09518269273572362
47,5,32,32,0.06451612903225806,1.0,11,0.07769821988102815,0.07785885659950677
47,5,32,32,0.06451612903225806,1.0,13,0.06573617374322539,0.06587186439419836
47,5,32,32,0.06451612903225806,1.0,15,0.05696674309006187,0.057084215185311905
47,5,32,32,0.06451612903225806,1.0,17,0.050262056403563606,0.05036563370522625
47,5,32,32,0.06451612903225806,1.0,19,0.0449696091498839,0.04506223682241329
48,5,32,33,0.06653225806451613,0.1,1,0.013513933264348,0.013514394544146342
48,5,32,33,0.06653225806451613,0.1,3,0.004499870103316416,0.0044999618274644765
48,5,32,33,0.06653225806451613,0.1,5,0.0026995895058534443,0.0026996254407282913
48,5,32,33,0.06653225806451613,0.1,7,0.0019281938795983427,0.001928212851234887
48,5,32,33,0.06653225806451613,0.1,9,0.001499673427798949,0.001499685118782365
48,5,32,33,0.06653225806451613,0.1,11,0.001226989460866857,0.0012269973783753945
48,5,32,33,0.06653225806451613,0.1,13,0.0010382128499042413,0.0010382185639200537
48,5,32,33,0.06653225806451613,0.1,15,0.0008997789349023848,0.0008997832516994209
48,5,32,33,0.06653225806451613,0.1,17,0.0007939189486176528,0.0007939223242928119
48,5,32,33,0.06653225806451613,0.1,19,0.0007103460123943381,0.0007103487241889839
48,5,32,33,0.06653225806451613,0.5,1,0.3161517424636545,0.31597999520361164
48,5,32,33,0.06653225806451613,0.5,3,0.10342357458590813,0.10342647652401339
48,5,32,33,0.06653225806451613,0.5,5,0.06195234010934976,0.061954866947617246
48,5,32,33,0.06653225806451613,0.5,7,0.04422977831642427,0.044231389959671505
48,5,32,33,0.06653225806451613,0.5,9,0.03439333684143076,0.034394419989355635
48,5,32,33,0.06653225806451613,0.5,11,0.028136608975311582,0.028137380122462308
48,5,32,33,0.06653225806451613,0.5,13,0.023806128971795043,0.02380670392048344
48,5,32,33,0.06653225806451613,0.5,15,0.020630950734781852,0.020631395155375105
48,5,32,33,0.06653225806451613,0.5,17,0.01820313587713807,0.01820348936223217
48,5,32,33,0.06653225806451613,0.5,19,0.016286588247583396,0.016286875960429225
48,5,32,33,0.06653225806451613,1.0,1,1.0252965633057627,1.0231749318405106
48,5,32,33,0.06653225806451613,1.0,3,0.3256686698067221,0.32566093408451674
48,5,32,33,0.06653225806451613,1.0,5,0.19459784134251176,0.1946148717567484
48,5,32,33,0.06653225806451613,1.0,7,0.1388387639586998,0.13885203540616434
48,5,32,33,0.06653225806451613,1.0,9,0.10793403691421515,0.10794362080673713
48,5,32,33,0.06653225806451613,1.0,11,0.08828802114485665,0.08829510000519368
48,5,32,33,0.06653225806451613,1.0,13,0.07469459008937072,0.07469998664202926
48,5,32,33,0.06653225806451613,1.0,15,0.06472944654314404,0.06473368040287465
48,5,32,33,0.06653225806451613,1.0,17,0.057110717686641874,0.05711412116082662
48,5,32,33,0.06653225806451613,1.0,19,0.0510968412762085,0.05109963357763241
49,5,32,33,0.06653225806451613,0.1,1,0.013168214859874768,0.013463455063446227
49,5,32,33,0.06653225806451613,0.1,3,0.004385778019853841,0.004481647268087095
49,5,32,33,0.06653225806451613,0.1,5,0.00263129281091387,0.002688490138607991
49,5,32,33,0.06653225806451613,0.1,7,0.001879460614189934,0.001920215119332285
49,5,32,33,0.06653225806451613,0.1,9,0.001461791733913354,0.0014934458545110647
49,5,32,33,0.06653225806451613,0.1,11,0.0011960068755498142,0.001221882789084085
49,5,32,33,0.06653225806451613,0.1,13,0.00101200360612105,0.0010338851518079625
49,5,32,33,0.06653225806451613,0.1,15,0.0008770685890042678,0.0008960240256310666
49,5,32,33,0.06653225806451613,0.1,17,0.0007738833395229256,0.0007906029342808281
49,5,32,33,0.06653225806451613,0.1,19,0.0006924214900436086,0.0007073770327040628
49,5,32,33,0.06653225806451613,0.5,1,0.3069239211155099,0.31435795270574907
49,5,32,33,0.06653225806451613,0.5,3,0.10035196786754665,0.10257988852554094
49,5,32,33,0.06653225806451613,0.5,5,0.060119085060515456,0.061423415701991724
49,5,32,33,0.06653225806451613,0.5,7,0.04292408311015053,0.04384530977849233
49,5,32,33,0.06653225806451613,0.5,9,0.03337959218842778,0.0340914702053365
49,5,32,33,0.06653225806451613,0.5,11,0.027308167814093814,0.02788816239261508
49,5,32,33,0.06653225806451613,0.5,13,0.023105737932627816,0.023595050870959623
49,5,32,33,0.06653225806451613,0.5,15,0.020024334002048,0.02044747523769448
49,5,32,33,0.06653225806451613,0.5,17,0.01766815273458185,0.01804088139046204
49,5,32,33,0.06653225806451613,0.5,19,0.015808110162985677,0.016141156231173265
49,5,32,33,0.06653225806451613,1.0,1,0.9899916815225959,1.014415434356796
49,5,32,33,0.06653225806451613,1.0,3,0.313499292315933,0.3186985554264235
49,5,32,33,0.06653225806451613,1.0,5,0.18733498254796044,0.19030905124631586
49,5,32,33,0.06653225806451613,1.0,7,0.1336584143452372,0.13574428497265495
49,5,32,33,0.06653225806451613,1.0,9,0.10390679075086577,0.10551344894171003
49,5,32,33,0.06653225806451613,1.0,11,0.08499357584595224,0.08630018208772332
49,5,32,33,0.06653225806451613,1.0,13,0.07190715181724341,0.0730081726719255
49,5,32,33,0.06653225806451613,1.0,15,0.06231369827684317,0.06326504334067369
49,5,32,33,0.06653225806451613,1.0,17,0.05497915798915783,0.05581665554607156
49,5,32,33,0.06653225806451613,1.0,19,0.049189623154629235,0.04993761060370631
50,5,32,33,0.06653225806451613,0.1,1,0.013943576577545054,0.013550929456641958
50,5,32,33,0.06653225806451613,0.1,3,0.004642700014441689,0.004511940246559773
50,5,32,33,0.06653225806451613,0.1,5,0.0027853233447794586,0.002706888485695494
50,5,32,33,0.06653225806451613,0.1,7,0.001989449159857028,0.0019334311024854446
50,5,32,33,0.06653225806451613,0.1,9,0.0015473248638359677,0.0015037583017343268
50,5,32,33,0.06653225806451613,0.1,11,0.001265981749316982,0.0012303379867789352
50,5,32,33,0.06653225806451613,0.1,13,0.0010712092440158015,0.0010410500877691777
50,5,32,33,0.06653225806451613,0.1,15,0.0009283777267502745,0.0009022403996903197
50,5,32,33,0.06653225806451613,0.1,17,0.0008191545011669606,0.000796092566381419
50,5,32,33,0.06653225806451613,0.1,19,0.0007329261435191272,0.0007122920734470607
50,5,32,33,0.06653225806451613,0.5,1,0.3226269835959279,0.3143151314808378
50,5,32,33,0.06653225806451613,0.5,3,0.10503689266658957,0.10208369316243135
50,5,32,33,0.06653225806451613,0.5,5,0.06290923767337263,0.06114198693855271
50,5,32,33,0.06653225806451613,0.5,7,0.04491275807471267,0.04365132307830076
50,5,32,33,0.06653225806451613,0.5,9,0.03492486516674186,0.033944059893690114
50,5,32,33,0.06653225806451613,0.5,11,0.028571825242764446,0.027769494247471514
50,5,32,33,0.06653225806451613,0.5,13,0.024174643416996176,0.023495828972998452
50,5,32,33,0.06653225806451613,0.5,15,0.020950519169606142,0.020362263249743322
50,5,32,33,0.06653225806451613,0.5,17,0.018485249479556883,0.017966233227691978
50,5,32,33,0.06653225806451613,0.5,19,0.016539113103676752,0.01607475326241707
50,5,32,33,0.06653225806451613,1.0,1,1.0195334218102752,1.051923169049792
50,5,32,33,0.06653225806451613,1.0,3,0.3195500382591047,0.32957659472390527
50,5,32,33,0.06653225806451613,1.0,5,0.1908320601318473,0.19549929655657938
50,5,32,33,0.06653225806451613,1.0,7,0.13611210308479854,0.13896054876954475
50,5,32,33,0.06653225806451613,1.0,9,0.10579568283830768,0.10778808451667636
50,5,32,33,0.06653225806451613,1.0,11,0.08652878320371342,0.08803902496898068
50,5,32,33,0.06653225806451613,1.0,13,0.07320015057397787,0.07440644099310656
50,5,32,33,0.06653225806451613,1.0,15,0.06343046489056763,0.064429821151599
50,5,32,33,0.06653225806451613,1.0,17,0.05596195369642149,0.05681235322869695
50,5,32,33,0.06653225806451613,1.0,19,0.05006713976885652,0.0508057041715229
51,5,32,33,0.06653225806451613,0.1,1,0.012701476703425788,0.012800860372301893
51,5,32,33,0.06653225806451613,0.1,3,0.004229836981029516,0.0042615723915522055
51,5,32,33,0.06653225806451613,0.1,5,0.002537700317916358,0.0025565522680963165
51,5,32,33,0.06653225806451613,0.1,7,0.0018126013893854382,0.0018260075534375295
51,5,32,33,0.06653225806451613,0.1,9,0.00140978711608571,0.0014201881026245965
51,5,32,33,0.06653225806451613,0.1,11,0.0011534561477678897,0.0011619523979100484
51,5,32,33,0.06653225806451613,0.1,13,0.0009759982938720189,0.0009831793970497271
51,5,32,33,0.06653225806451613,0.1,15,0.0008458634561380031,0.0008520819579114575
51,5,32,33,0.06653225806451613,0.1,17,0.0007463490476599839,0.0007518324973619768
51,5,32,33,0.06653225806451613,0.1,19,0.0006677852998528297,0.0006726890931765758
51,5,32,33,0.06653225806451613,0.5,1,0.29660808931456717,0.29807649846511663
51,5,32,33,0.06653225806451613,0.5,3,0.09680839656747645,0.09726287021786764
51,5,32,33,0.06653225806451613,0.5,5,0.057989865581260916,0.05824489580409776
51,5,32,33,0.06653225806451613,0.5,7,0.04140236867184754,0.041578452531198205
51,5,32,33,0.06653225806451613,0.5,9,0.032195678541294466,0.032329874985950836
51,5,32,33,0.06653225806451613,0.5,11,0.026339325356563092,0.026447647666235703
51,5,32,33,0.06653225806451613,0.5,13,0.022285839243253038,0.02237661776196794
51,5,32,33,0.06653225806451613,0.5,15,0.019313685821857995,0.019391795321118305
51,5,32,33,0.06653225806451613,0.5,17,0.017041063383639043,0.017109598802813087
51,5,32,33,0.06653225806451613,0.5,19,0.015246997085902549,0.015308044658399548
51,5,32,33,0.06653225806451613,1.0,1,0.9623172772662254,0.9579899203506482
51,5,32,33,0.06653225806451613,1.0,3,0.30359392800407714,0.30376823702855854
51,5,32,33,0.06653225806451613,1.0,5,0.1812853613709359,0.18155080486200165
51,5,32,33,0.06653225806451613,1.0,7,0.12931531709110342,0.12953467531766924
51,5,32,33,0.06653225806451613,1.0,9,0.10052191932427972,0.10070089390800584
51,5,32,33,0.06653225806451613,1.0,11,0.08222134827787966,0.08237072042279442
51,5,32,33,0.06653225806451613,1.0,13,0.06956010213326683,0.06968766182365282
51,5,32,33,0.06653225806451613,1.0,15,0.06027889211206581,0.06038993494995892
51,5,32,33,0.06653225806451613,1.0,17,0.05318334210699209,0.05328152544154362
51,5,32,33,0.06653225806451613,1.0,19,0.04758259783693216,0.04767052070427701
52,5,32,33,0.06653225806451613,0.1,1,0.012421364976537374,0.012421364976537804
52,5,32,33,0.06653225806451613,0.1,3,0.00413714083015142,0.00413714083015341
52,5,32,33,0.06653225806451613,0.1,5,0.0024821257198383946,0.002482125719838488
52,5,32,33,0.06653225806451613,0.1,7,0.0017729157018786877,0.0017729157018794481
52,5,32,33,0.06653225806451613,0.1,9,0.0013789244359767685,0.001378924435976624
52,5,32,33,0.06653225806451613,0.1,11,0.0011282067611292509,0.0011282067611303695
52,5,32,33,0.06653225806451613,0.1,13,0.0009546344749211544,0.0009546344749214004
52,5,32,33,0.06653225806451613,0.1,15,0.0008273487824670185,0.0008273487824750948
52,5,32,33,0.06653225806451613,0.1,17,0.000730012985411404,0.0007300129854133074
52,5,32,33,0.06653225806451613,0.1,19,0.000653169107872797,0.0006531691078744785
52,5,32,33,0.06653225806451613,0.5,1,0.29105954147762514,0.2910595414776266
52,5,32,33,0.06653225806451613,0.5,3,0.09524357026330021,0.09524357026330342
52,5,32,33,0.06653225806451613,0.5,5,0.05706458018279956,0.05706458018280296
52,5,32,33,0.06653225806451613,0.5,7,0.04074442469503856,0.04074442469504034
52,5,32,33,0.06653225806451613,0.5,9,0.03168499610510411,0.03168499610510964
52,5,32,33,0.06653225806451613,0.5,11,0.025921971595317405,0.02592197159531911
52,5,32,33,0.06653225806451613,0.5,13,0.021932946397539472,0.021932946397541335
52,5,32,33,0.06653225806451613,0.5,15,0.01900799380245913,0.019007993802469012
52,5,32,33,0.06653225806451613,0.5,17,0.01677142919719497,0.016771429197199244
52,5,32,33,0.06653225806451613,0.5,19,0.015005808554751922,0.015005808554764707
52,5,32,33,0.06653225806451613,1.0,1,0.953275207078246,0.9532752070782489
52,5,32,33,0.06653225806451613,1.0,3,0.3027887454460866,0.30278874544609097
52,5,32,33,0.06653225806451613,1.0,5,0.18101151756417866,0.18101151756418288
52,5,32,33,0.06653225806451613,1.0,7,0.12916352881584164,0.12916352881584364
52,5,32,33,0.06653225806451613,1.0,9,0.10041874667128252,0.10041874667128806
52,5,32,33,0.06653225806451613,1.0,11,0.08214348356911227,0.0821434835691147
52,5,32,33,0.06653225806451613,1.0,13,0.06949759883741671,0.06949759883742627
52,5,32,33,0.06653225806451613,1.0,15,0.0602266701523059,0.060226670152307815
52,5,32,33,0.06653225806451613,1.0,17,0.05313847723221974,0.0531384772322244
52,5,32,33,0.06653225806451613,1.0,19,0.047543257853837215,0.04754325785384183
53,5,32,33,0.06653225806451613,0.1,1,0.013987357218126719,0.014093140274556942
53,5,32,33,0.06653225806451613,0.1,3,0.004659716430933356,0.004694389069081014
53,5,32,33,0.06653225806451613,0.1,5,0.00279566703432863,0.0028163930766192807
53,5,32,33,0.06653225806451613,0.1,7,0.001996867122308111,0.0020116471688414643
53,5,32,33,0.06653225806451613,0.1,9,0.001553104897000117,0.0015645898931823177
53,5,32,33,0.06653225806451613,0.1,11,0.0012707156415332987,0.0012801069065755196
53,5,32,33,0.06653225806451613,0.1,13,0.001075217373397229,0.0010831605643466667
53,5,32,33,0.06653225806451613,0.1,15,0.0009318529247696597,0.0009387349432586116
53,5,32,33,0.06653225806451613,0.1,17,0.0008222217940142221,0.0008282927566427941
53,5,32,33,0.06653225806451613,0.1,19,0.0007356711952116956,0.0007411021139300136
53,5,32,33,0.06653225806451613,0.5,1,0.32560912360143757,0.32794478269735017
53,5,32,33,0.06653225806451613,0.5,3,0.10731575232905421,0.10808721123162761
53,5,32,33,0.06653225806451613,0.5,5,0.06433017110482013,0.06479457225316582
53,5,32,33,0.06653225806451613,0.5,7,0.04593824288503896,0.04627041784849975
53,5,32,33,0.06653225806451613,0.5,9,0.035725893539074856,0.0359844169741216
53,5,32,33,0.06653225806451613,0.5,11,0.029228663736456214,0.029440254339840006
53,5,32,33,0.06653225806451613,0.5,13,0.024731153102886413,0.024910226576392924
53,5,32,33,0.06653225806451613,0.5,15,0.021433230394861322,0.021588446574319506
53,5,32,33,0.06653225806451613,0.5,17,0.01891141446620125,0.01904838111485062
53,5,32,33,0.06653225806451613,0.5,19,0.016920574944114367,0.017043130965660087
53,5,32,33,0.06653225806451613,1.0,1,1.044682172440137,1.0485902961864704
53,5,32,33,0.06653225806451613,1.0,3,0.34016218844434765,0.34309247712080354
53,5,32,33,0.06653225806451613,1.0,5,0.20329596681790477,0.2052888703701026
53,5,32,33,0.06653225806451613,1.0,7,0.1450201296355946,0.1465090607987264
53,5,32,33,0.06653225806451613,1.0,9,0.1127229416781104,0.11390747590121696
53,5,32,33,0.06653225806451613,1.0,11,0.09219500292839865,0.09317735303741076
53,5,32,33,0.06653225806451613,1.0,13,0.07799341920963451,0.0788321206974011
53,5,32,33,0.06653225806451613,1.0,15,0.06758371294454064,0.0683152307185995
53,5,32,33,0.06653225806451613,1.0,17,0.05962589661376524,0.06027442878345158
53,5,32,33,0.06653225806451613,1.0,19,0.05334488207565001,0.053927288003927036
54,5,32,33,0.06653225806451613,0.1,1,0.012113115774644143,0.013841871210062855
54,5,32,33,0.06653225806451613,0.1,3,0.004034903863325618,0.004611011483436711
54,5,32,33,0.06653225806451613,0.1,5,0.0024208080761690016,0.00276646565661994
54,5,32,33,0.06653225806451613,0.1,7,0.0017291222121412334,0.0019760191067045773
54,5,32,33,0.06653225806451613,0.1,9,0.001344864377756889,0.0015368948548201977
54,5,32,33,0.06653225806451613,0.1,11,0.0011003400805849955,0.0012574557428186384
54,5,32,33,0.06653225806451613,0.1,13,0.0009310552873684013,0.0010639992203694496
54,5,32,33,0.06653225806451613,0.1,15,0.0008069136558950318,0.0009221316828292372
54,5,32,33,0.06653225806451613,0.1,17,0.0007119820912143955,0.0008136450276575829
54,5,32,33,0.06653225806451613,0.1,19,0.0006370362651744511,0.0007279978219967978
54,5,32,33,0.06653225806451613,0.5,1,0.2848957899374574,0.32282740647773356
54,5,32,33,0.06653225806451613,0.5,3,0.09354071977606744,0.10609565428461348
54,5,32,33,0.06653225806451613,0.5,5,0.05605797175562062,0.06358650743501129
54,5,32,33,0.06653225806451613,0.5,7,0.040028357329908594,0.04540501400633411
54,5,32,33,0.06653225806451613,0.5,9,0.03112899216665023,0.03531055840043512
54,5,32,33,0.06653225806451613,0.5,11,0.02546744690678711,0.02888861334155092
54,5,32,33,0.06653225806451613,0.5,13,0.021548537075522206,0.024443314243901462
54,5,32,33,0.06653225806451613,0.5,15,0.018674941500523862,0.021183717950487208
54,5,32,33,0.06653225806451613,0.5,17,0.016477619910463464,0.018691228247475357
54,5,32,33,0.06653225806451613,0.5,19,0.014742964441156131,0.01672355011844105
54,5,32,33,0.06653225806451613,1.0,1,0.9456707603093888,1.0329449383611378
54,5,32,33,0.06653225806451613,1.0,3,0.30442181393357787,0.3324425179438815
54,5,32,33,0.06653225806451613,1.0,5,0.18204135315195907,0.19886099268514643
54,5,32,33,0.06653225806451613,1.0,7,0.12990757112185586,0.14192380645859165
54,5,32,33,0.06653225806451613,1.0,9,0.10100003468929825,0.11034677490956195
54,5,32,33,0.06653225806451613,1.0,11,0.08262013534755412,0.09026780410615737
54,5,32,33,0.06653225806451613,1.0,13,0.06990142690489079,0.07637269802251916
54,5,32,33,0.06653225806451613,1.0,15,0.06057692879300389,0.06618545552431002
54,5,32,33,0.06653225806451613,1.0,17,0.05344769015444887,0.058396444729145625
54,5,32,33,0.06653225806451613,1.0,19,0.047820022920707854,0.05224789033729944
55,5,32,33,0.06653225806451613,0.1,1,0.014028318943649873,0.014047771244256164
55,5,32,33,0.06653225806451613,0.1,3,0.004669837770767886,0.004677923593058867
55,5,32,33,0.06653225806451613,0.1,5,0.0028014335927738004,0.0028064615733006293
55,5,32,33,0.06653225806451613,0.1,7,0.002000901124395,0.0020045455011778847
55,5,32,33,0.06653225806451613,0.1,9,0.001556207522873285,0.001559064713775091
55,5,32,33,0.06653225806451613,0.1,11,0.001273236510891275,0.0012755859560471601
55,5,32,33,0.06653225806451613,0.1,13,0.0010773402920729283,0.001079335139453424
55,5,32,33,0.06653225806451613,0.1,15,0.0009336864478531142,0.0009354196617662933
55,5,32,33,0.06653225806451613,0.1,17,0.0008238353787086216,0.0008253676122538964
55,5,32,33,0.06653225806451613,0.1,19,0.0007371119673484235,0.0007384849778617591
55,5,32,33,0.06653225806451613,0.5,1,0.3259931347895967,0.3254525957598427
55,5,32,33,0.06653225806451613,0.5,3,0.10633476230707674,0.10644361516870507
55,5,32,33,0.06653225806451613,0.5,5,0.06366358454178372,0.06375030632195818
55,5,32,33,0.06653225806451613,0.5,7,0.045442098318697936,0.04550944864821767
55,5,32,33,0.06653225806451613,0.5,9,0.0353321204115266,0.03538661190387623
55,5,32,33,0.06653225806451613,0.5,11,0.028902612672338564,0.02894822575019386
55,5,32,33,0.06653225806451613,0.5,13,0.024453083922518777,0.02449225641464393
55,5,32,33,0.06653225806451613,0.5,15,0.021190891800083444,0.021225196254123887
55,5,32,33,0.06653225806451613,0.5,17,0.01869669875594982,0.018727201079199576
55,5,32,33,0.06653225806451613,0.5,19,0.016727845017475602,0.016755298470827327
55,5,32,33,0.06653225806451613,1.0,1,1.0397689428018924,1.0348045107851416
55,5,32,33,0.06653225806451613,1.0,3,0.3291342991773085,0.33025766618612096
55,5,32,33,0.06653225806451613,1.0,5,0.19628862753388282,0.1970898201384229
55,5,32,33,0.06653225806451613,1.0,7,0.1399382353304383,0.14052510571483467
55,5,32,33,0.06653225806451613,1.0,9,0.10874532332601072,0.1092029263398008
55,5,32,33,0.06653225806451613,1.0,11,0.0889299286207654,0.08930334034510409
55,5,32,33,0.06653225806451613,1.0,13,0.07522531489315104,0.07554008331259622
55,5,32,33,0.06653225806451613,1.0,15,0.06518168654088524,0.06545344859921809
55,5,32,33,0.06653225806451613,1.0,17,0.05750463317328039,0.05774358350523132
55,5,32,33,0.06653225806451613,1.0,19,0.051445725272543645,0.051658853191230675
56,5,32,33,0.06653225806451613,0.1,1,0.012554100556425217,0.012841589386684392
56,5,32,33,0.06653225806451613,0.1,3,0.0041766078047238515,0.004268664175493367
56,5,32,33,0.06653225806451613,0.1,5,0.0025054672684044557,0.0025601597356929027
56,5,32,33,0.06653225806451613,0.1,7,0.0017895022445097541,0.0018283954481146255
56,5,32,33,0.06653225806451613,0.1,9,0.0013917915199222132,0.0014219656337198354
56,5,32,33,0.06653225806451613,0.1,11,0.0011387180012094337,0.001163365809102433
56,5,32,33,0.06653225806451613,0.1,13,0.0009635194343196381,0.0009843516038349864
56,5,32,33,0.06653225806451613,0.1,15,0.0008350434465202326,0.0008530828717606831
56,5,32,33,0.06653225806451613,0.1,17,0.0007367986901428984,0.0007527055867422223
56,5,32,33,0.06653225806451613,0.1,19,0.0006592379640722439,0.0006734631928961746
56,5,32,33,0.06653225806451613,0.5,1,0.29282589836465606,0.30045748337310463
56,5,32,33,0.06653225806451613,0.5,3,0.09442893238446409,0.09696179070464685
56,5,32,33,0.06653225806451613,0.5,5,0.056518026665245906,0.058009986000381195
56,5,32,33,0.06653225806451613,0.5,7,0.040341477930991014,0.041395741152679945
56,5,32,33,0.06653225806451613,0.5,9,0.031367114225434235,0.032181531617650264
56,5,32,33,0.06653225806451613,0.5,11,0.02565983260466897,0.026323078762711703
56,5,32,33,0.06653225806451613,0.5,13,0.021710038960529567,0.022269356245248697
56,5,32,33,0.06653225806451613,0.5,15,0.01881415701998255,0.019297661324283774
56,5,32,33,0.06653225806451613,0.5,17,0.016599981594150885,0.017025750096336792
56,5,32,33,0.06653225806451613,0.5,19,0.014852127739189199,0.015232466047045326
56,5,32,33,0.06653225806451613,1.0,1,0.9499980281894544,0.9651510815447801
56,5,32,33,0.06653225806451613,1.0,3,0.3075153523877034,0.313519414815094
56,5,32,33,0.06653225806451613,1.0,5,0.18427821966832156,0.18809919065246983
56,5,32,33,0.06653225806451613,1.0,7,0.1315801299141259,0.13434748138181452
56,5,32,33,0.06653225806451613,1.0,9,0.10232458961064092,0.10448719790140029
56,5,32,33,0.06653225806451613,1.0,11,0.08371354288150064,0.08548634243838572
56,5,32,33,0.06653225806451613,1.0,13,0.07083126639268056,0.07233256608475137
56,5,32,33,0.06653225806451613,1.0,15,0.061385282817387726,0.06268685795686559
56,5,32,33,0.06653225806451613,1.0,17,0.054162393464048234,0.05531097423158253
56,5,32,33,0.06653225806451613,1.0,19,0.048460391016005654,0.049488068347458676
57,5,32,33,0.06653225806451613,0.1,1,0.014471039314116814,0.014588612002189269
57,5,32,33,0.06653225806451613,0.1,3,0.004818060121726064,0.00485726338427274
57,5,32,33,0.06653225806451613,0.1,5,0.0028904967442488663,0.0029139761506263035
57,5,32,33,0.06653225806451613,0.1,7,0.0020645610869999857,0.0020813158154971453
57,5,32,33,0.06653225806451613,0.1,9,0.0016057403346216377,0.0016187641002381559
57,5,32,33,0.06653225806451613,0.1,11,0.0013137737390794967,0.0013244253433474318
57,5,32,33,0.06653225806451613,0.1,13,0.0011116471922286437,0.0011206575482626232
57,5,32,33,0.06653225806451613,0.1,15,0.0009634230541797355,0.0009712303803597704
57,5,32,33,0.06653225806451613,0.1,17,0.000850076252054316,0.0008569639390509692
57,5,32,33,0.06653225806451613,0.1,19,0.0007605925553006806,0.0007667544146483756
57,5,32,33,0.06653225806451613,0.5,1,0.335305976940248,0.33772301228768714
57,5,32,33,0.06653225806451613,0.5,3,0.1091571103726264,0.11023857558702363
57,5,32,33,0.06653225806451613,0.5,5,0.06536157564941193,0.06602156074810099
57,5,32,33,0.06653225806451613,0.5,7,0.046659309247137286,0.047132133565496934
57,5,32,33,0.06653225806451613,0.5,9,0.03628131780292215,0.03664926409240077
57,5,32,33,0.06653225806451613,0.5,11,0.029680698658766137,0.02998171946312594
57,5,32,33,0.06653225806451613,0.5,13,0.025112394556754847,0.025367039852430506
57,5,32,33,0.06653225806451613,0.5,15,0.021762916588840373,0.021983545829423648
57,5,32,33,0.06653225806451613,0.5,17,0.019201861972281267,0.019396480840159
57,5,32,33,0.06653225806451613,0.5,19,0.017180149292688213,0.01735423765671455
57,5,32,33,0.06653225806451613,1.0,1,1.0624887486349293,1.0646685333936674
57,5,32,33,0.06653225806451613,1.0,3,0.3327088221906811,0.33561875570014366
57,5,32,33,0.06653225806451613,1.0,5,0.19814586553614344,0.2002648412334883
57,5,32,33,0.06653225806451613,1.0,7,0.14120044834723414,0.14280617116748184
57,5,32,33,0.06653225806451613,1.0,9,0.10970530855982245,0.11098862569788978
57,5,32,33,0.06653225806451613,1.0,11,0.08970613400485114,0.09077225788886736
57,5,32,33,0.06653225806451613,1.0,13,0.0758775513174765,0.07678838937155207
57,5,32,33,0.06653225806451613,1.0,15,0.06574446906310415,0.06653907866352383
57,5,32,33,0.06653225806451613,1.0,17,0.05799973682586342,0.05870421129112152
57,5,32,33,0.06653225806451613,1.0,19,0.0518877929101747,0.052520382035273615
58,5,32,33,0.06653225806451613,0.1,1,0.012790584944595215,0.013078833330052062
58,5,32,33,0.06653225806451613,0.1,3,0.004260127064617681,0.004351387090167615
58,5,32,33,0.06653225806451613,0.1,5,0.0025558943155634542,0.0026100858955232548
58,5,32,33,0.06653225806451613,0.1,7,0.0018255995643291706,0.0018641360454504025
58,5,32,33,0.06653225806451613,0.1,9,0.0014198971376475104,0.001449795924035645
58,5,32,33,0.06653225806451613,0.1,11,0.0011617279320881486,0.001186152089630424
58,5,32,33,0.06653225806451613,0.1,13,0.0009829973797429695,0.001003641452587853
58,5,32,33,0.06653225806451613,0.1,15,0.0008519292178891002,0.0008698064440306425
58,5,32,33,0.06653225806451613,0.1,17,0.0007517010948175396,0.0007674654718162542
58,5,32,33,0.06653225806451613,0.1,19,0.0006725738954182072,0.0006866720534459005
58,5,32,33,0.06653225806451613,0.5,1,0.30047198363856464,0.30681187005843885
58,5,32,33,0.06653225806451613,0.5,3,0.09844552550541445,0.09993082023349405
58,5,32,33,0.06653225806451613,0.5,5,0.0589845556385735,0.05981110055964486
58,5,32,33,0.06653225806451613,0.5,7,0.042115235247517833,0.04268662570428856
58,5,32,33,0.06653225806451613,0.5,9,0.0327508837608758,0.03318723774432182
58,5,32,33,0.06653225806451613,0.5,11,0.026793895017957935,0.02714675835157309
58,5,32,33,0.06653225806451613,0.5,13,0.022670626025040264,0.02296678581617247
58,5,32,33,0.06653225806451613,0.5,15,0.019647249609734293,0.01990239256139607
58,5,32,33,0.06653225806451613,0.5,17,0.017335432598479684,0.01755953071281891
58,5,32,33,0.06653225806451613,0.5,19,0.015510410278682335,0.01571019488682543
58,5,32,33,0.06653225806451613,1.0,1,0.9878889612048171,0.9968789221954707
58,5,32,33,0.06653225806451613,1.0,3,0.3153686146604583,0.316306245517764
58,5,32,33,0.06653225806451613,1.0,5,0.1884117688099068,0.18888915432644218
58,5,32,33,0.06653225806451613,1.0,7,0.13441088369528165,0.1347031856486791
58,5,32,33,0.06653225806451613,1.0,9,0.10448577827111753,0.10468853610023411
58,5,32,33,0.06653225806451613,1.0,11,0.08546448895367392,0.08561669673445246
58,5,32,33,0.06653225806451613,1.0,13,0.07230418401623175,0.0724246706225474
58,5,32,33,0.06653225806451613,1.0,15,0.06265698528516525,0.0627560163754249
58,5,32,33,0.06653225806451613,1.0,17,0.055281567971584136,0.05536526088284728
58,5,32,33,0.06653225806451613,1.0,19,0.04945988504214106,0.04953213877213512
59,5,32,33,0.06653225806451613,0.1,1,0.013215150049058133,0.01306654150227571
59,5,32,33,0.06653225806451613,0.1,3,0.0044017801647627235,0.004350369728472921
59,5,32,33,0.06653225806451613,0.1,5,0.0026408732153859254,0.002609899363331805
59,5,32,33,0.06653225806451613,0.1,7,0.001886292948402171,0.001864136644729535
59,5,32,33,0.06653225806451613,0.1,9,0.0014671002204641541,0.0014498550487411672
59,5,32,33,0.06653225806451613,0.1,11,0.0012003470266173343,0.0011862312584917777
59,5,32,33,0.06653225806451613,0.1,13,0.001015674090716219,0.0010037265784628925
59,5,32,33,0.06653225806451613,0.1,15,0.0008802483898541713,0.0008698917908468128
59,5,32,33,0.06653225806451613,0.1,17,0.0007766881555067249,0.0007675486075253637
59,5,32,33,0.06653225806451613,0.1,19,0.0006949304204941756,0.0006867519808869496
59,5,32,33,0.06653225806451613,0.5,1,0.30861231491227403,0.30458442137764014
59,5,32,33,0.06653225806451613,0.5,3,0.10133249430988389,0.09916973976668485
59,5,32,33,0.06653225806451613,0.5,5,0.06070813372335913,0.05938275605765057
59,5,32,33,0.06653225806451613,0.5,7,0.04334215247400502,0.04239189029851665
59,5,32,33,0.06653225806451613,0.5,9,0.033703051052759884,0.03296338654660653
59,5,32,33,0.06653225806451613,0.5,11,0.027571766462817667,0.026966578960106912
59,5,32,33,0.06653225806451613,0.5,13,0.02332810734424356,0.022816132013106585
59,5,32,33,0.06653225806451613,0.5,15,0.02021659778858586,0.019773003022129594
59,5,32,33,0.06653225806451613,0.5,17,0.017837475873608722,0.017446172631855095
59,5,32,33,0.06653225806451613,0.5,19,0.01595937549772949,0.015609349012515948
59,5,32,33,0.06653225806451613,1.0,1,1.0013583967551858,0.985021799413461
59,5,32,33,0.06653225806451613,1.0,3,0.32382229579167127,0.30836058808353256
59,5,32,33,0.06653225806451613,1.0,5,0.19339297937376604,0.18368079698935366
59,5,32,33,0.06653225806451613,1.0,7,0.13788852050303754,0.1309011722704618
59,5,32,33,0.06653225806451613,1.0,9,0.10714497852063126,0.10170663924840002
59,5,32,33,0.06653225806451613,1.0,11,0.08761314284302307,0.08316719389668965
59,5,32,33,0.06653225806451613,1.0,13,0.07410516807117258,0.07034747246871584
59,5,32,33,0.06653225806451613,1.0,15,0.06420640365629038,0.06095341412036549
59,5,32,33,0.06653225806451613,1.0,17,0.056640706112313616,0.05377339408407758
59,5,32,33,0.06653225806451613,1.0,19,0.05067015564046932,0.04810703413279588
60,5,32,33,0.06653225806451613,0.1,1,0.01320304899711891,0.013391233218390189
60,5,32,33,0.06653225806451613,0.1,3,0.004393065873611953,0.004459137156028513
60,5,32,33,0.06653225806451613,0.1,5,0.002635154153854643,0.0026752449289564775
60,5,32,33,0.06653225806451613,0.1,7,0.0018820625722338095,0.0019108396366780268
60,5,32,33,0.06653225806451613,0.1,9,0.0014637480823821382,0.0014861918292076266
60,5,32,33,0.06653225806451613,0.1,11,0.0011975724546179891,0.001215967814521024
60,5,32,33,0.06653225806451613,0.1,13,0.0010133077910071525,0.0010288921022044628
60,5,32,33,0.06653225806451613,0.1,15,0.0008781858343819932,0.0008917043572914869
60,5,32,33,0.06653225806451613,0.1,17,0.0007748603418592962,0.0007867966483080919
60,5,32,33,0.06653225806451613,0.1,19,0.0006932894331987972,0.0007039750882659806
60,5,32,33,0.06653225806451613,0.5,1,0.31025991087842547,0.3117231191348475
60,5,32,33,0.06653225806451613,0.5,3,0.1010224179768733,0.10138282283237475
60,5,32,33,0.06653225806451613,0.5,5,0.060486986187947435,0.06070086043676221
60,5,32,33,0.06653225806451613,0.5,7,0.043177152711666,0.043331214585958476
60,5,32,33,0.06653225806451613,0.5,9,0.033572343237092045,0.033693197434842
60,5,32,33,0.06653225806451613,0.5,11,0.02746377709132367,0.027563345510430035
60,5,32,33,0.06653225806451613,0.5,13,0.023236188699388052,0.02332090277400462
60,5,32,33,0.06653225806451613,0.5,15,0.020136620474529337,0.020210362356980628
60,5,32,33,0.06653225806451613,0.5,17,0.017766710539678703,0.017832009323737637
60,5,32,33,0.06653225806451613,0.5,19,0.015895928025108478,0.01595452545579196
60,5,32,33,0.06653225806451613,1.0,1,1.0132440537390441,1.0036093603304066
60,5,32,33,0.06653225806451613,1.0,3,0.3231389753583344,0.31722178621505803
60,5,32,33,0.06653225806451613,1.0,5,0.19287071229491057,0.18975105757831376
60,5,32,33,0.06653225806451613,1.0,7,0.1375120333070032,0.1354111528166888
60,5,32,33,0.06653225806451613,1.0,9,0.10685639253378929,0.10527589144024636
60,5,32,33,0.06653225806451613,1.0,11,0.08738088625241507,0.08611506111104186
60,5,32,33,0.06653225806451613,1.0,13,0.07391152020273097,0.07285620488559602
60,5,32,33,0.06653225806451613,1.0,15,0.06404067530736451,0.06313597921798164
60,5,32,33,0.06653225806451613,1.0,17,0.05649602645152337,0.05570439418650506
60,5,32,33,0.06653225806451613,1.0,19,0.05054187385600233,0.04983822103836253
61,5,32,33,0.06653225806451613,0.1,1,0.012913191030499335,0.012962057238048864
61,5,32,33,0.06653225806451613,0.1,3,0.004299365358970376,0.004315027968827846
61,5,32,33,0.06653225806451613,0.1,5,0.002579219986588743,0.002588531556201202
61,5,32,33,0.06653225806451613,0.1,7,0.0018421925778707047,0.0018488164756302534
61,5,32,33,0.06653225806451613,0.1,9,0.0014327730172620952,0.0014379129886728035
61,5,32,33,0.06653225806451613,0.1,11,0.0011722471253174328,0.0011764462778099955
61,5,32,33,0.06653225806451613,0.1,13,0.0009918890471649945,0.0009954384759380131
61,5,32,33,0.06653225806451613,0.1,15,0.0008596294719863819,0.0008627032818056327
61,5,32,33,0.06653225806451613,0.1,17,0.0007584914752175026,0.0007612020616747103
61,5,32,33,0.06653225806451613,0.1,19,0.0006786466957225962,0.0006810708252365041
61,5,32,33,0.06653225806451613,0.5,1,0.30289894456025357,0.30385160938697475
61,5,32,33,0.06653225806451613,0.5,3,0.09934593803017662,0.0996211319647786
61,5,32,33,0.06653225806451613,0.5,5,0.05951834950991764,0.059679520326129186
61,5,32,33,0.06653225806451613,0.5,7,0.0424929821856879,0.0426064447239828
61,5,32,33,0.06653225806451613,0.5,9,0.03304283843465249,0.033130265227896034
61,5,32,33,0.06653225806451613,0.5,11,0.027031705827877103,0.027102775407644858
61,5,32,33,0.06653225806451613,0.5,13,0.022871190608330393,0.022931042834232078
61,5,32,33,0.06653225806451613,0.5,15,0.019820635484460218,0.019872321113902778
61,5,32,33,0.06653225806451613,0.5,17,0.01748811667682016,0.017533592847518206
61,5,32,33,0.06653225806451613,0.5,19,0.015646803188217276,0.015687399708496353
61,5,32,33,0.06653225806451613,1.0,1,0.9894050456198545,0.988471241922348
61,5,32,33,0.06653225806451613,1.0,3,0.317524443508593,0.31670555135047274
61,5,32,33,0.06653225806451613,1.0,5,0.18963281831684017,0.1891362945536515
61,5,32,33,0.06653225806451613,1.0,7,0.13526345286224642,0.13490739935419493
61,5,32,33,0.06653225806451613,1.0,9,0.10514145299474141,0.10486379662306354
61,5,32,33,0.06653225806451613,1.0,11,0.08599745486640605,0.0857698325221875
61,5,32,33,0.06653225806451613,1.0,13,0.07275326539448992,0.0725603627447672
61,5,32,33,0.06653225806451613,1.0,15,0.0630450629560937,0.06287767143894062
61,5,32,33,0.06653225806451613,1.0,17,0.05562326863195314,0.0554754183740047
61,5,32,33,0.06653225806451613,1.0,19,0.04976513000784115,0.049632729357271387
62,5,32,33,0.06653225806451613,0.1,1,0.013578567300393682,0.013329689893349136
62,5,32,33,0.06653225806451613,0.1,3,0.004521991693973475,0.004439824488737724
62,5,32,33,0.06653225806451613,0.1,5,0.0027129938782704172,0.0026637312519397814
62,5,32,33,0.06653225806451613,0.1,7,0.0019378131938130097,0.0019026330162100341
62,5,32,33,0.06653225806451613,0.1,9,0.001507175372899952,0.001479815384555901
62,5,32,33,0.06653225806451613,0.1,11,0.0012331382409448447,0.0012107537782313842
62,5,32,33,0.06653225806451613,0.1,13,0.0010434221124197916,0.001024481891222209
62,5,32,33,0.06653225806451613,0.1,15,0.0009042977759080227,0.0008878831774518047
62,5,32,33,0.06653225806451613,0.1,17,0.0007979089836747514,0.0007834256677165012
62,5,32,33,0.06653225806451613,0.1,19,0.0007139180507791023,0.0007009593905489713
62,5,32,33,0.06653225806451613,0.5,1,0.31668357234773864,0.31156232932033034
62,5,32,33,0.06653225806451613,0.5,3,0.1032138345999495,0.101968819392058
62,5,32,33,0.06653225806451613,0.5,5,0.06181719719480829,0.061089646321433974
62,5,32,33,0.06653225806451613,0.5,7,0.044133302224747595,0.04361740812324373
62,5,32,33,0.06653225806451613,0.5,9,0.034318914270762134,0.0339188705557199
62,5,32,33,0.06653225806451613,0.5,11,0.02807621818754589,0.027749408921432413
62,5,32,33,0.06653225806451613,0.5,13,0.023755391965993106,0.023479103806479763
62,5,32,33,0.06653225806451613,0.5,15,0.020587240782775188,0.020347922980962878
62,5,32,33,0.06653225806451613,0.5,17,0.01816476101089089,0.0179536760218233
62,5,32,33,0.06653225806451613,0.5,19,0.016252397688242954,0.016063580956391686
62,5,32,33,0.06653225806451613,1.0,1,1.0173320923356586,1.0111805563799834
62,5,32,33,0.06653225806451613,1.0,3,0.3133898458101258,0.3180445088442814
62,5,32,33,0.06653225806451613,1.0,5,0.18672403091155643,0.18974988858023215
62,5,32,33,0.06653225806451613,1.0,7,0.13311563263991233,0.13532186712208813
62,5,32,33,0.06653225806451613,1.0,9,0.10345149307975982,0.10518174627165412
62,5,32,33,0.06653225806451613,1.0,11,0.0846077844201604,0.0860293518769788
62,5,32,33,0.06653225806451613,1.0,13,0.07157448262495915,0.07278021802980862
62,5,32,33,0.06653225806451613,1.0,15,0.062022125494330164,0.06306865598612806
62,5,32,33,0.06653225806451613,1.0,17,0.054720042378380275,0.0556443710210179
62,5,32,33,0.06653225806451613,1.0,19,0.048956673431548615,0.04978428093925915
63,5,32,33,0.06653225806451613,0.1,1,0.01639442300545402,0.015192571597788123
63,5,32,33,0.06653225806451613,0.1,3,0.005465296613445212,0.005060688568850132
63,5,32,33,0.06653225806451613,0.1,5,0.0032792013962324286,0.003036244800782342
63,5,32,33,0.06653225806451613,0.1,7,0.0023422913213090725,0.0021687131534633814
63,5,32,33,0.06653225806451613,0.1,9,0.0018217836141647074,0.0016867662917661361
63,5,32,33,0.06653225806451613,0.1,11,0.0014905508408000346,0.0013800771190215866
63,5,32,33,0.06653225806451613,0.1,13,0.001261235624192976,0.0011677554245952126
63,5,32,33,0.06653225806451613,0.1,15,0.0010930710359909083,0.0010120535389529564
63,5,32,33,0.06653225806451613,0.1,17,0.0009644745388686032,0.0008929877312930262
63,5,32,33,0.06653225806451613,0.1,19,0.0008629509630161356,0.0007989885927130793
63,5,32,33,0.06653225806451613,0.5,1,0.37505213311475233,0.3533567890665725
63,5,32,33,0.06653225806451613,0.5,3,0.12541626918731352,0.11592576664386899
63,5,32,33,0.06653225806451613,0.5,5,0.07526810495024928,0.06946158808723518
63,5,32,33,0.06653225806451613,0.5,7,0.05376652037830191,0.04959686351626327
63,5,32,33,0.06653225806451613,0.5,9,0.041819551082459286,0.03856939074562377
63,5,32,33,0.06653225806451613,0.5,11,0.0342164707153351,0.031554309527570164
63,5,32,33,0.06653225806451613,0.5,13,0.028952629055990938,0.026698600501914513
63,5,32,33,0.06653225806451613,0.5,15,0.02509240395752063,0.02313813454769917
63,5,32,33,0.06653225806451613,0.5,17,0.02214043039245759,0.020415616221120047
63,5,32,33,0.06653225806451613,0.5,19,0.01980990516660556,0.018266362524254502
63,5,32,33,0.06653225806451613,1.0,1,1.1426226454814816,1.1188983512122799
63,5,32,33,0.06653225806451613,1.0,3,0.38971913598167707,0.3551423032284927
63,5,32,33,0.06653225806451613,1.0,5,0.23416474833082548,0.21181288161390424
63,5,32,33,0.06653225806451613,1.0,7,0.1673234235582986,0.1510377320742211
63,5,32,33,0.06653225806451613,1.0,9,0.13016029988057382,0.11739082664807629
63,5,32,33,0.06653225806451613,1.0,11,0.10650296635946839,0.09601256201855332
63,5,32,33,0.06653225806451613,1.0,13,0.0901218605728005,0.08122458940333556
63,5,32,33,0.06653225806451613,1.0,15,0.07810776486248037,0.07038549438434552
63,5,32,33,0.06653225806451613,1.0,17,0.06891988371105838,0.0620994487950525
63,5,32,33,0.06653225806451613,1.0,19,0.06166595372595194,0.055559275855750975
64,5,32,33,0.06653225806451613,0.1,1,0.015109447730286859,0.014506946938690531
64,5,32,33,0.06653225806451613,0.1,3,0.005024759646969972,0.004830033703059348
64,5,32,33,0.06653225806451613,0.1,5,0.003013677324238452,0.0028976360727796286
64,5,32,33,0.06653225806451613,0.1,7,0.00215228265529323,0.002069643527382458
64,5,32,33,0.06653225806451613,0.1,9,0.0016738523601493181,0.0016096852822224217
64,5,32,33,0.06653225806451613,0.1,11,0.0013694409662567879,0.0013169970181790777
64,5,32,33,0.06653225806451613,0.1,13,0.0011587144368923536,0.0011143719212967187
64,5,32,33,0.06653225806451613,0.1,15,0.0010041918358701474,0.0009657827586186891
64,5,32,33,0.06653225806451613,0.1,17,0.000886033260906776,0.0008521571603706341
64,5,32,33,0.06653225806451613,0.1,19,0.0007927536830778747,0.0007624535743916242
64,5,32,33,0.06653225806451613,0.5,1,0.35191530919346586,0.3356583076854889
64,5,32,33,0.06653225806451613,0.5,3,0.11458996946365013,0.10947042919725798
64,5,32,33,0.06653225806451613,0.5,5,0.06854422266179004,0.06555712815788507
64,5,32,33,0.06653225806451613,0.5,7,0.048904669458205506,0.046800197168638584
64,5,32,33,0.06653225806451613,0.5,9,0.03801475280289453,0.03639118712254919
64,5,32,33,0.06653225806451613,0.5,11,0.031091952282371618,0.029770670591176808
64,5,32,33,0.06653225806451613,0.5,13,0.02630232278908482,0.0251885427123896
64,5,32,33,0.06653225806451613,0.5,15,0.022791466386841586,0.021828910345271343
64,5,32,33,0.06653225806451613,0.5,17,0.020107546564925905,0.01926008438861849
64,5,32,33,0.06653225806451613,0.5,19,0.01798917260439177,0.017232234260057978
64,5,32,33,0.06653225806451613,1.0,1,1.1089900919592968,1.052745322399253
64,5,32,33,0.06653225806451613,1.0,3,0.3505979413179147,0.3314509206572249
64,5,32,33,0.06653225806451613,1.0,5,0.20906783288027198,0.19787713017184497
64,5,32,33,0.06653225806451613,1.0,7,0.14901774256439376,0.14111617666492088
64,5,32,33,0.06653225806451613,1.0,9,0.11578081687341095,0.10967611650947122
64,5,32,33,0.06653225806451613,1.0,11,0.0946706610884234,0.08969783942200198
64,5,32,33,0.06653225806451613,1.0,13,0.0800729644299222,0.07587832769021016
64,5,32,33,0.06653225806451613,1.0,15,0.06937633590214015,0.06574947875852696
64,5,32,33,0.06653225806451613,1.0,17,0.061201123685637744,0.05800676749020597
64,5,32,33,0.06653225806451613,1.0,19,0.05474970859028903,0.051895752380394185
65,5,32,33,0.06653225806451613,0.1,1,0.013620325133852007,0.013072180241802197
65,5,32,33,0.06653225806451613,0.1,3,0.004536370916000856,0.004347628182682682
65,5,32,33,0.06653225806451613,0.1,5,0.0027215674980097357,0.0026077602701894916
65,5,32,33,0.06653225806451613,0.1,7,0.00194391296993422,0.0018624625691798817
65,5,32,33,0.06653225806451613,0.1,9,0.001511907620585006,0.0014484909136191892
65,5,32,33,0.06653225806451613,0.1,11,0.0012370033502279287,0.001185083161054453
65,5,32,33,0.06653225806451613,0.1,13,0.001046688466363342,0.0010027365037869457
65,5,32,33,0.06653225806451613,0.1,15,0.0009071259140925483,0.0008690219591364779
65,5,32,33,0.06653225806451613,0.1,17,0.0008004025356616056,0.0007667731992795717
65,5,32,33,0.06653225806451613,0.1,19,0.0007161477844624096,0.0006860526238906767
65,5,32,33,0.06653225806451613,0.5,1,0.31838619424789444,0.306966039654117
65,5,32,33,0.06653225806451613,0.5,3,0.10459523977424193,0.09911673096696327
65,5,32,33,0.06653225806451613,0.5,5,0.06266532577108092,0.059249463216365525
65,5,32,33,0.06653225806451613,0.5,7,0.04474014702271704,0.042265535163261876
65,5,32,33,0.06653225806451613,0.5,9,0.034790412252411064,0.03285166207545015
65,5,32,33,0.06653225806451613,0.5,11,0.028461452145495784,0.026868175170812216
65,5,32,33,0.06653225806451613,0.5,13,0.02408093756922272,0.02272877612678269
65,5,32,33,0.06653225806451613,0.5,15,0.020869064544055776,0.01969469741076169
65,5,32,33,0.06653225806451613,0.5,17,0.018413192027151498,0.017375328756950033
65,5,32,33,0.06653225806451613,0.5,19,0.016474497592213908,0.01554472680333322
65,5,32,33,0.06653225806451613,1.0,1,1.0302096392098912,0.9990906541670099
65,5,32,33,0.06653225806451613,1.0,3,0.33179923176152426,0.3056344381248689
65,5,32,33,0.06653225806451613,1.0,5,0.19798598214860844,0.18182643429846146
65,5,32,33,0.06653225806451613,1.0,7,0.1411465613452528,0.12952519329383919
65,5,32,33,0.06653225806451613,1.0,9,0.1096777830094803,0.1006147669193916
65,5,32,33,0.06653225806451613,1.0,11,0.08968755925911301,0.0822623803957674
65,5,32,33,0.06653225806451613,1.0,13,0.07586278329534409,0.06957499841203918
65,5,32,33,0.06653225806451613,1.0,15,0.06573166083918713,0.06027948630229432
65,5,32,33,0.06653225806451613,1.0,17,0.05798812137112229,0.05317569658439413
65,5,32,33,0.06653225806451613,1.0,19,0.05187701000219642,0.047570062070270036
66,5,32,33,0.06653225806451613,0.1,1,0.012838175570202398,0.012837474789914755
66,5,32,33,0.06653225806451613,0.1,3,0.004274038568663089,0.004273846357892763
66,5,32,33,0.06653225806451613,0.1,5,0.0025641663134569562,0.0025640530676044144
66,5,32,33,0.06653225806451613,0.1,7,0.0018314968272682784,0.001831416348597429
66,5,32,33,0.06653225806451613,0.1,9,0.0014244813562223964,0.0014244188934908748
66,5,32,33,0.06653225806451613,0.1,11,0.0011654780465151508,0.0011654269952593383
66,5,32,33,0.06653225806451613,0.1,13,0.000986170471280954,0.0009861273006541661
66,5,32,33,0.06653225806451613,0.1,15,0.0008546793022686192,0.0008546419021873153
66,5,32,33,0.06653225806451613,0.1,17,0.0007541277506981422,0.0007540947591566046
66,5,32,33,0.06653225806451613,0.1,19,0.000674745226338617,0.0006747157129374145
66,5,32,33,0.06653225806451613,0.5,1,0.29870372715040955,0.2981734995866683
66,5,32,33,0.06653225806451613,0.5,3,0.09650302736037057,0.09633954357430718
66,5,32,33,0.06653225806451613,0.5,5,0.05775560646646212,0.0576602867455235
66,5,32,33,0.06653225806451613,0.5,7,0.0412252313671154,0.04115775269936578
66,5,32,33,0.06653225806451613,0.5,9,0.03205485894819133,0.03200257616385002
66,5,32,33,0.06653225806451613,0.5,11,0.02622288830119124,0.026180195753983507
66,5,32,33,0.06653225806451613,0.5,13,0.022186741402963752,0.022150658262441017
66,5,32,33,0.06653225806451613,0.5,15,0.019227499789613686,0.019196250303847303
66,5,32,33,0.06653225806451613,0.5,17,0.016964845739836816,0.01693728601114191
66,5,32,33,0.06653225806451613,0.5,19,0.015178699060528501,0.015154048745728205
66,5,32,33,0.06653225806451613,1.0,1,0.9603497344531998,0.9509737922489452
66,5,32,33,0.06653225806451613,1.0,3,0.2935533496228416,0.295125474908728
66,5,32,33,0.06653225806451613,1.0,5,0.1753587251327035,0.17699070737649092
66,5,32,33,0.06653225806451613,1.0,7,0.12511541908565177,0.1264057469439423
66,5,32,33,0.06653225806451613,1.0,9,0.09726798238715142,0.09831041583190549
66,5,32,33,0.06653225806451613,1.0,11,0.07956485696638296,0.08043365698607448
66,5,32,33,0.06653225806451613,1.0,13,0.06731537992189482,0.06805820803466636
66,5,32,33,0.06653225806451613,1.0,15,0.058335264663052326,0.05898321472852662
66,5,32,33,0.06653225806451613,1.0,17,0.05146950827120873,0.0520436794931426
66,5,32,33,0.06653225806451613,1.0,19,0.04604992116820376,0.046565188213063366
67,5,32,33,0.06653225806451613,0.1,1,0.014984252777393594,0.014046124642647343
67,5,32,33,0.06653225806451613,0.1,3,0.004983123152960162,0.004676333668150302
67,5,32,33,0.06653225806451613,0.1,5,0.002988767229841166,0.002805511095277618
67,5,32,33,0.06653225806451613,0.1,7,0.0021345161054307778,0.0020038765205988443
67,5,32,33,0.06653225806451613,0.1,9,0.0016600462183928226,0.0015585504497705547
67,5,32,33,0.06653225806451613,0.1,11,0.0013581517001704838,0.001275168879242318
67,5,32,33,0.06653225806451613,0.1,13,0.0011491659918774345,0.0010789845911555738
67,5,32,33,0.06653225806451613,0.1,15,0.0009959191132708687,0.0009351174467953489
67,5,32,33,0.06653225806451613,0.1,17,0.0008787355755237749,0.000825102073384862
67,5,32,33,0.06653225806451613,0.1,19,0.0007862254424931098,0.0007382482078227117
67,5,32,33,0.06653225806451613,0.5,1,0.3489739097579414,0.32391801074961823
67,5,32,33,0.06653225806451613,0.5,3,0.11333943179145987,0.1050099631733311
67,5,32,33,0.06653225806451613,0.5,5,0.0677866986505696,0.0628712273257694
67,5,32,33,0.06653225806451613,0.5,7,0.04836197074390701,0.0448805783364379
67,5,32,33,0.06653225806451613,0.5,9,0.03759207216182083,0.03489804000867855
67,5,32,33,0.06653225806451613,0.5,11,0.03074585558999787,0.0285490636099089
67,5,32,33,0.06653225806451613,0.5,13,0.0260093295330663,0.02415495543104633
67,5,32,33,0.06653225806451613,0.5,15,0.022537455115113268,0.020933206557210968
67,5,32,33,0.06653225806451613,0.5,17,0.019883365839053174,0.01846981665788105
67,5,32,33,0.06653225806451613,0.5,19,0.01778855421349244,0.01652520027433719
67,5,32,33,0.06653225806451613,1.0,1,1.1043228917102594,1.0143957172773939
67,5,32,33,0.06653225806451613,1.0,3,0.3502566654854334,0.3167922900329337
67,5,32,33,0.06653225806451613,1.0,5,0.20852446490831675,0.1893201934459959
67,5,32,33,0.06653225806451613,1.0,7,0.14846828269957982,0.1350571621433974
67,5,32,33,0.06653225806451613,1.0,9,0.11527350777073575,0.10498164973321475
67,5,32,33,0.06653225806451613,1.0,11,0.09421109785875915,0.08586477889080055
67,5,32,33,0.06653225806451613,1.0,13,0.07965699826127437,0.07263896101169659
67,5,32,33,0.06653225806451613,1.0,15,0.06899815570383958,0.0629442831504868
67,5,32,33,0.06653225806451613,1.0,17,0.060855289458080684,0.05553297351349811
67,5,32,33,0.06653225806451613,1.0,19,0.054431581715359736,0.04968325261361718
68,5,32,33,0.06653225806451613,0.1,1,0.012891545528112893,0.012937197172323311
68,5,32,33,0.06653225806451613,0.1,3,0.004289273323090375,0.004308055263994622
68,5,32,33,0.06653225806451613,0.1,5,0.002572989468264206,0.0025846081416483722
68,5,32,33,0.06653225806451613,0.1,7,0.0018377012854363939,0.001846101708258462
68,5,32,33,0.06653225806451613,0.1,9,0.0014292646948653005,0.0014358410297088534
68,5,32,33,0.06653225806451613,0.1,11,0.0011693696104520012,0.001174772123033654
68,5,32,33,0.06653225806451613,0.1,13,0.0009894503909653712,0.000994034430014789
68,5,32,33,0.06653225806451613,0.1,15,0.0008575136697574337,0.0008614945043917502
68,5,32,33,0.06653225806451613,0.1,17,0.0007566231083353358,0.000760140977992039
68,5,32,33,0.06653225806451613,0.1,19,0.0006769739898787796,0.0006801253332293688
68,5,32,33,0.06653225806451613,0.5,1,0.3015735799727174,0.3024774892264618
68,5,32,33,0.06653225806451613,0.5,3,0.09746812722649945,0.09869534640425259
68,5,32,33,0.06653225806451613,0.5,5,0.05831128827574327,0.059087027674751755
68,5,32,33,0.06653225806451613,0.5,7,0.041611907496630164,0.04217459714641264
68,5,32,33,0.06653225806451613,0.5,9,0.03235046139151965,0.03279126538388321
68,5,32,33,0.06653225806451613,0.5,11,0.026461832315464225,0.026823986554051563
68,5,32,33,0.06653225806451613,0.5,13,0.022387125658899925,0.022694388803881776
68,5,32,33,0.06653225806451613,0.5,15,0.019399979930866604,0.019666777169185874
68,5,32,33,0.06653225806451613,0.5,17,0.017116211877921547,0.017351949832915055
68,5,32,33,0.06653225806451613,0.5,19,0.015313539050355042,0.015524689117751452
68,5,32,33,0.06653225806451613,1.0,1,0.9790703192493166,0.9914612982030876
68,5,32,33,0.06653225806451613,1.0,3,0.3120891234375982,0.31643089406900926
68,5,32,33,0.06653225806451613,1.0,5,0.18652611226184865,0.18883879817671057
68,5,32,33,0.06653225806451613,1.0,7,0.1330844203006082,0.13463222273470762
68,5,32,33,0.06653225806451613,1.0,9,0.10346122980916693,0.10461644311724538
68,5,32,33,0.06653225806451613,1.0,11,0.08462932817605721,0.08554798751490003
68,5,32,33,0.06653225806451613,1.0,13,0.07159907114363119,0.07236038827498584
68,5,32,33,0.06653225806451613,1.0,15,0.06204675785350267,0.06269617093570276
68,5,32,33,0.06653225806451613,1.0,17,0.05474365579538938,0.055309541025206674
68,5,32,33,0.06653225806451613,1.0,19,0.04897892964080855,0.04948015205412798
69,5,32,33,0.06653225806451613,0.1,1,0.012281382511855368,0.012403694889121455
69,5,32,33,0.06653225806451613,0.1,3,0.004090232698688556,0.004129618360174841
69,5,32,33,0.06653225806451613,0.1,5,0.0024539442346705226,0.002477411435870414
69,5,32,33,0.06653225806451613,0.1,7,0.0017527744825769954,0.0017694866479559866
69,5,32,33,0.06653225806451613,0.1,9,0.0013632539669604913,0.0013762306872072039
69,5,32,33,0.06653225806451613,0.1,11,0.0011153828052972569,0.0011259888673830893
69,5,32,33,0.06653225806451613,0.1,13,0.0009437818679451683,0.0009527496381927035
69,5,32,33,0.06653225806451613,0.1,15,0.0008179421902959267,0.0008257100708130015
69,5,32,33,0.06653225806451613,0.1,17,0.0007217123751497028,0.0007285635628374134
69,5,32,33,0.06653225806451613,0.1,19,0.0006457417676839148,0.0006518697828891665
69,5,32,33,0.06653225806451613,0.5,1,0.2890797722425036,0.29149978299539214
69,5,32,33,0.06653225806451613,0.5,3,0.09462210747423444,0.09515071571376933
69,5,32,33,0.06653225806451613,0.5,5,0.05668618277512458,0.05697351447234872
69,5,32,33,0.06653225806451613,0.5,7,0.04047162360348394,0.04066891958619929
69,5,32,33,0.06653225806451613,0.5,9,0.031471561847233584,0.03162184712303495
69,5,32,33,0.06653225806451613,0.5,11,0.02574663878840373,0.025868033473638644
69,5,32,33,0.06653225806451613,0.5,13,0.02178415539338855,0.021885989133806467
69,5,32,33,0.06653225806451613,0.5,15,0.018878757918493295,0.018966466253014347
69,5,32,33,0.06653225806451613,0.5,17,0.016657201691805547,0.016734229423931258
69,5,32,33,0.06653225806451613,0.5,19,0.014903464236215132,0.01497213221992086
69,5,32,33,0.06653225806451613,1.0,1,0.961299335474593,0.9602227162092841
69,5,32,33,0.06653225806451613,1.0,3,0.30710832862189535,0.2997244096427656
69,5,32,33,0.06653225806451613,1.0,5,0.1837306755107732,0.17869959125357296
69,5,32,33,0.06653225806451613,1.0,7,0.1311170920272163,0.12740969490753612
69,5,32,33,0.06653225806451613,1.0,9,0.10193847228392132,0.09901837614660482
69,5,32,33,0.06653225806451613,1.0,11,0.0833858056890074,0.08098115927529091
69,5,32,33,0.06653225806451613,1.0,13,0.07054771631240846,0.06850525665694292
69,5,32,33,0.06653225806451613,1.0,15,0.061135900162389144,0.05936140641503302
69,5,32,33,0.06653225806451613,1.0,17,0.05394006101310896,0.052371667362263195
69,5,32,33,0.06653225806451613,1.0,19,0.04825993807128017,0.04685490679230233
70,5,32,33,0.06653225806451613,0.1,1,0.012383845389352747,0.012427641226499534
70,5,32,33,0.06653225806451613,0.1,3,0.0041247832483032884,0.0041388883445659325
70,5,32,33,0.06653225806451613,0.1,5,0.0024747141446517648,0.002483145489131643
70,5,32,33,0.06653225806451613,0.1,7,0.0017676215103306669,0.0017736364787910065
70,5,32,33,0.06653225806451613,0.1,9,0.0013748064139471614,0.0013794819916127363
70,5,32,33,0.06653225806451613,0.1,11,0.0011248372358044637,0.001128661433088167
70,5,32,33,0.06653225806451613,0.1,13,0.0009517831739532088,0.0009550183430992127
70,5,32,33,0.06653225806451613,0.1,15,0.0008248775385684553,0.0008276809390678305
70,5,32,33,0.06653225806451613,0.1,17,0.0007278323914732064,0.0007303057147078464
70,5,32,33,0.06653225806451613,0.1,19,0.000651217987035783,0.0006534307801336968
70,5,32,33,0.06653225806451613,0.5,1,0.28984151855956525,0.2918657812665611
70,5,32,33,0.06653225806451613,0.5,3,0.09500041059677292,0.09535531124317605
70,5,32,33,0.06653225806451613,0.5,5,0.05692819053686703,0.05711252135740176
70,5,32,33,0.06653225806451613,0.5,7,0.04064883475769138,0.0407728547193795
70,5,32,33,0.06653225806451613,0.5,9,0.031611217284408695,0.03170466266592487
70,5,32,33,0.06653225806451613,0.5,11,0.025861835250002605,0.025936819025599373
70,5,32,33,0.06653225806451613,0.5,13,0.021882169148889213,0.02194479516628317
70,5,32,33,0.06653225806451613,0.5,15,0.01896404322144511,0.019017815689358925
70,5,32,33,0.06653225806451613,0.5,17,0.016732681330264395,0.016779797738678614
70,5,32,33,0.06653225806451613,0.5,19,0.01497115878163505,0.015013088021150348
70,5,32,33,0.06653225806451613,1.0,1,0.9437135465867392,0.9752477644608255
70,5,32,33,0.06653225806451613,1.0,3,0.3036612138424493,0.3061475966058008
70,5,32,33,0.06653225806451613,1.0,5,0.18183000554521186,0.18294232477165234
70,5,32,33,0.06653225806451613,1.0,7,0.12980856597649973,0.13048319699268887
70,5,32,33,0.06653225806451613,1.0,9,0.10093993577180277,0.1014120669845545
70,5,32,33,0.06653225806451613,1.0,11,0.08257798416939284,0.08293666327015654
70,5,32,33,0.06653225806451613,1.0,13,0.06986916914697795,0.07015640660801202
70,5,32,33,0.06653225806451613,1.0,15,0.060550816664186824,0.06078938427619969
70,5,32,33,0.06653225806451613,1.0,17,0.053425731136584394,0.05362921591453848
70,5,32,33,0.06653225806451613,1.0,19,0.04780104892956544,0.0479781488649545
71,5,32,33,0.06653225806451613,0.1,1,0.014233816817372862,0.014069361030008682
71,5,32,33,0.06653225806451613,0.1,3,0.00473716237122436,0.00467570040240017
71,5,32,33,0.06653225806451613,0.1,5,0.002841681550890343,0.002804070055440631
71,5,32,33,0.06653225806451613,0.1,7,0.002029604465232306,0.002002518289049461
71,5,32,33,0.06653225806451613,0.1,9,0.0015785127698694711,0.0015573510941857451
71,5,32,33,0.06653225806451613,0.1,11,0.0012914760558446292,0.0012741129056452313
71,5,32,33,0.06653225806451613,0.1,13,0.0010927677725250109,0.0010780472286084921
71,5,32,33,0.06653225806451613,0.1,15,0.0009470531281799773,0.0009342771551560573
71,5,32,33,0.06653225806451613,0.1,17,0.0008356269417483403,0.0008243417849247575
71,5,32,33,0.06653225806451613,0.1,19,0.0007476604997848895,0.000737554619207592
71,5,32,33,0.06653225806451613,0.5,1,0.3306919191155342,0.3296349407999144
71,5,32,33,0.06653225806451613,0.5,3,0.10773172843890501,0.10633038819818304
71,5,32,33,0.06653225806451613,0.5,5,0.06447221170096792,0.0635779110259721
71,5,32,33,0.06653225806451613,0.5,7,0.046009689764383896,0.04535796842456052
71,5,32,33,0.06653225806451613,0.5,9,0.03576908371160255,0.03525719146582736
71,5,32,33,0.06653225806451613,0.5,11,0.029257737103835033,0.02883647831312371
71,5,32,33,0.06653225806451613,0.5,13,0.024752155070542015,0.02439433690606713
71,5,32,33,0.06653225806451613,0.5,15,0.02144917728827727,0.021138224276952226
71,5,32,33,0.06653225806451613,0.5,17,0.018923980238139917,0.018649053067996354
71,5,32,33,0.06653225806451613,0.5,19,0.016930763943892313,0.016684389836679324
71,5,32,33,0.06653225806451613,1.0,1,1.0498577448925193,1.044941362565428
71,5,32,33,0.06653225806451613,1.0,3,0.3318928483324349,0.32222282350878056
71,5,32,33,0.06653225806451613,1.0,5,0.19763777359490758,0.19257190214099149
71,5,32,33,0.06653225806451613,1.0,7,0.14074038997633562,0.1374132027045302
71,5,32,33,0.06653225806451613,1.0,9,0.10928501617760959,0.10683383461164343
71,5,32,33,0.06653225806451613,1.0,11,0.0893232436892486,0.08739177673899709
71,5,32,33,0.06653225806451613,1.0,13,0.07552815864706314,0.07393825153378203
71,5,32,33,0.06653225806451613,1.0,15,0.0654243482549642,0.06407509526458874
71,5,32,33,0.06653225806451613,1.0,17,0.057705003062751406,0.05653404083320164
71,5,32,33,0.06653225806451613,1.0,19,0.051615087490694204,0.050581310197663494
72,5,32,33,0.06653225806451613,0.1,1,0.01224149385230358,0.012250294047579205
72,5,32,33,0.06653225806451613,0.1,3,0.00407703190291569,0.0040803727741250875
72,5,32,33,0.06653225806451613,0.1,5,0.002446038577730543,0.002448069651217504
72,5,32,33,0.06653225806451613,0.1,7,0.0017471322598897835,0.0017485895361258619
72,5,32,33,0.06653225806451613,0.1,9,0.0013588676127818103,0.00136000353775229
72,5,32,33,0.06653225806451613,0.1,11,0.0011117950382291768,0.0011127256281611285
72,5,32,33,0.06653225806451613,0.1,13,0.0009407466925925854,0.0009415347779732834
72,5,32,33,0.06653225806451613,0.1,15,0.0008153121045760138,0.000815995516285733
72,5,32,33,0.06653225806451613,0.1,17,0.0007193919812411604,0.0007199952558298711
72,5,32,33,0.06653225806451613,0.1,19,0.000643665816636283,0.0006442057705954461
72,5,32,33,0.06653225806451613,0.5,1,0.28716074196465435,0.2891697236558222
72,5,32,33,0.06653225806451613,0.5,3,0.09395195949198144,0.0950188318294848
72,5,32,33,0.06653225806451613,0.5,5,0.05628758419688738,0.05694579726605565
72,5,32,33,0.06653225806451613,0.5,7,0.04018877617273178,0.04066219390488486
72,5,32,33,0.06653225806451613,0.5,9,0.03125254390217738,0.03162171060451967
72,5,32,33,0.06653225806451613,0.5,11,0.02556800153847422,0.025870403914334913
72,5,32,33,0.06653225806451613,0.5,13,0.02163334849577167,0.021889382862169918
72,5,32,33,0.06653225806451613,0.5,15,0.018748288659758253,0.018970259744461287
72,5,32,33,0.06653225806451613,0.5,17,0.01654224155603677,0.016738136594296293
72,5,32,33,0.06653225806451613,0.5,19,0.014800720549349031,0.01497601538275165
72,5,32,33,0.06653225806451613,1.0,1,0.9435664270819459,0.9684232217183604
72,5,32,33,0.06653225806451613,1.0,3,0.29992227692663675,0.31467113701585153
72,5,32,33,0.06653225806451613,1.0,5,0.17915928982323176,0.18822131642243578
72,5,32,33,0.06653225806451613,1.0,7,0.12779480192383733,0.13431734956338554
72,5,32,33,0.06653225806451613,1.0,9,0.09933477028257762,0.10442553646669034
72,5,32,33,0.06653225806451613,1.0,11,0.08124682130839674,0.08541989044003225
72,5,32,33,0.06653225806451613,1.0,13,0.06873334345957932,0.0722684855496771
72,5,32,33,0.06653225806451613,1.0,15,0.05956089304343242,0.0626270214992156
72,5,32,33,0.06653225806451613,1.0,17,0.052548773528114136,0.055255625135316844
72,5,32,33,0.06653225806451613,1.0,19,0.04701406962601745,0.0494369344111382
73,5,32,33,0.06653225806451613,0.1,1,0.012594318408167026,0.012499593603074432
73,5,32,33,0.06653225806451613,0.1,3,0.0041941955085912285,0.0041600241718899676
73,5,32,33,0.06653225806451613,0.1,5,0.002516307526886068,0.00249550950533448
73,5,32,33,0.06653225806451613,0.1,7,0.0017973173171883128,0.0017823723682052566
73,5,32,33,0.06653225806451613,0.1,9,0.0013978977782094064,0.0013862356079036462
73,5,32,33,0.06653225806451613,0.1,11,0.0011437275460479503,0.0011341658878114092
73,5,32,33,0.06653225806451613,0.1,13,0.0009677658128183654,0.0009596635585799733
73,5,32,33,0.06653225806451613,0.1,15,0.0008387282552555,0.0008316989282672321
73,5,32,33,0.06653225806451613,0.1,17,0.0007400530177293794,0.0007338457013789698
73,5,32,33,0.06653225806451613,0.1,19,0.0006621518201908955,0.000656594398916961
73,5,32,33,0.06653225806451613,0.5,1,0.29499727737332115,0.29384141200376845
73,5,32,33,0.06653225806451613,0.5,3,0.096380814461874,0.09552835073919642
73,5,32,33,0.06653225806451613,0.5,5,0.05772715747154315,0.05717493211198051
73,5,32,33,0.06653225806451613,0.5,7,0.041212120724929385,0.040806388694854485
73,5,32,33,0.06653225806451613,0.5,9,0.03204645732345934,0.03172624962505127
73,5,32,33,0.06653225806451613,0.5,11,0.026216547324394157,0.02595221618105682
73,5,32,33,0.06653225806451613,0.5,13,0.022181533359080702,0.02195652361998979
73,5,32,33,0.06653225806451613,0.5,15,0.019223016406134618,0.019027165591103738
73,5,32,33,0.06653225806451613,0.5,17,0.016960875084051405,0.016787503386225432
73,5,32,33,0.06653225806451613,0.5,19,0.015175116719794263,0.015019600988275662
73,5,32,33,0.06653225806451613,1.0,1,0.9675714461884339,0.9676858075300339
73,5,32,33,0.06653225806451613,1.0,3,0.30694911418762216,0.30173940107353336
73,5,32,33,0.06653225806451613,1.0,5,0.18345008733062243,0.1802494068774726
73,5,32,33,0.06653225806451613,1.0,7,0.130896772614955,0.12860360110495053
73,5,32,33,0.06653225806451613,1.0,9,0.10176440784697412,0.09997735616594175
73,5,32,33,0.06653225806451613,1.0,11,0.08324354241763282,0.08177957338488537
73,5,32,33,0.06653225806451613,1.0,13,0.0704279779878639,0.06918817650490697
73,5,32,33,0.06653225806451613,1.0,15,0.06103276389682263,0.059957612783502263
73,5,32,33,0.06653225806451613,1.0,17,0.05384959898830459,0.052900504620981975
73,5,32,33,0.06653225806451613,1.0,19,0.04817943854075841,0.047329951510478356
74,5,32,33,0.06653225806451613,0.1,1,0.013557734288129333,0.014325416906695112
74,5,32,33,0.06653225806451613,0.1,3,0.004513632177551971,0.004771485764735672
74,5,32,33,0.06653225806451613,0.1,5,0.0027077907372509784,0.0028626735399824355
74,5,32,33,0.06653225806451613,0.1,7,0.0019340379763369494,0.0020447162329611957
74,5,32,33,0.06653225806451613,0.1,9,0.0015042134670961423,0.0015903162483949008
74,5,32,33,0.06653225806451613,0.1,11,0.0012307014398408578,0.0013011591472337
74,5,32,33,0.06653225806451613,0.1,13,0.0010413523087862964,0.0011009761073960316
74,5,32,33,0.06653225806451613,0.1,15,0.0009024989141729483,0.0009541764723566915
74,5,32,33,0.06653225806451613,0.1,17,0.0007963183503293948,0.0008419186004131642
74,5,32,33,0.06653225806451613,0.1,19,0.0007124924452366764,0.0007532943544079577
74,5,32,33,0.06653225806451613,0.5,1,0.31566192633764406,0.33287143829370086
74,5,32,33,0.06653225806451613,0.5,3,0.10288567643472515,0.10934594429519773
74,5,32,33,0.06653225806451613,0.5,5,0.06161388802416302,0.06552507576015558
74,5,32,33,0.06653225806451613,0.5,7,0.04398517556494126,0.04678609969229737
74,5,32,33,0.06653225806451613,0.5,9,0.03420223810372323,0.03638316674824126
74,5,32,33,0.06653225806451613,0.5,11,0.02797992504313315,0.0297653816537152
74,5,32,33,0.06653225806451613,0.5,13,0.023673399820700426,0.025184713427958052
74,5,32,33,0.06653225806451613,0.5,15,0.02051584245781206,0.02182595728653508
74,5,32,33,0.06653225806451613,0.5,17,0.01810152788187382,0.019257702897118947
74,5,32,33,0.06653225806451613,0.5,19,0.01619565151406539,0.01723024943881678
74,5,32,33,0.06653225806451613,1.0,1,1.010756483367838,1.0601516460333096
74,5,32,33,0.06653225806451613,1.0,3,0.317579463535612,0.343033337357836
74,5,32,33,0.06653225806451613,1.0,5,0.18950543843869133,0.2053423023721964
74,5,32,33,0.06653225806451613,1.0,7,0.13513648154719948,0.14657465029840347
74,5,32,33,0.06653225806451613,1.0,9,0.10502852701999113,0.1139693814103325
74,5,32,33,0.06653225806451613,1.0,11,0.0858979655662402,0.09323326909313062
74,5,32,33,0.06653225806451613,1.0,13,0.07266500926020614,0.07888234124546281
74,5,32,33,0.06653225806451613,1.0,15,0.06296601693453832,0.06836051675528305
74,5,32,33,0.06653225806451613,1.0,17,0.055551810241157656,0.06031553044632628
74,5,32,33,0.06653225806451613,1.0,19,0.04969999104910925,0.053964845360944355
75,5,32,33,0.06653225806451613,0.1,1,0.012634044854936261,0.012691235698352631
75,5,32,33,0.06653225806451613,0.1,3,0.004206480156952428,0.004225462881692904
75,5,32,33,0.06653225806451613,0.1,5,0.002523581350857721,0.0025349637288591235
75,5,32,33,0.06653225806451613,0.1,7,0.001802484295148979,0.001810612701360238
75,5,32,33,0.06653225806451613,0.1,9,0.0014019043798253197,0.0014082257497637228
75,5,32,33,0.06653225806451613,0.1,11,0.001146999403942814,0.0011521710832756563
75,5,32,33,0.06653225806451613,0.1,13,0.0009705306572861795,0.0009749064986941787
75,5,32,33,0.06653225806451613,0.1,15,0.0008411221436790875,0.0008449144204690528
75,5,32,33,0.06653225806451613,0.1,17,0.0007421637185258781,0.0007455097672029835
75,5,32,33,0.06653225806451613,0.1,19,0.0006640392472072408,0.0006670330265675926
75,5,32,33,0.06653225806451613,0.5,1,0.29587981082094095,0.2973062458055292
75,5,32,33,0.06653225806451613,0.5,3,0.09637343815149292,0.09678186922591649
75,5,32,33,0.06653225806451613,0.5,5,0.0577194778441632,0.057940242833986445
75,5,32,33,0.06653225806451613,0.5,7,0.04120753894265746,0.04135735215791717
75,5,32,33,0.06653225806451613,0.5,9,0.03204363668334465,0.03215670890148981
75,5,32,33,0.06653225806451613,0.5,11,0.026214728864264226,0.026305439157703545
75,5,32,33,0.06653225806451613,0.5,13,0.02218031970033152,0.022256016807574355
75,5,32,33,0.06653225806451613,0.5,15,0.019222188099420227,0.019287119848086235
75,5,32,33,0.06653225806451613,0.5,17,0.016960303462074514,0.017017142574159393
75,5,32,33,0.06653225806451613,0.5,19,0.015174722302982148,0.015225258058568062
75,5,32,33,0.06653225806451613,1.0,1,0.9631077592450124,0.9751049253165445
75,5,32,33,0.06653225806451613,1.0,3,0.3027650451438604,0.3066065346717704
75,5,32,33,0.06653225806451613,1.0,5,0.18088202285647423,0.18334504874468427
75,5,32,33,0.06653225806451613,1.0,7,0.12905053883934078,0.13082037614220063
75,5,32,33,0.06653225806451613,1.0,9,0.10032250651211874,0.10169883148368625
75,5,32,33,0.06653225806451613,1.0,11,0.08206066840286352,0.08318513956205253
75,5,32,33,0.06653225806451613,1.0,13,0.06942527615469025,0.07037521960179426
75,5,32,33,0.06653225806451613,1.0,15,0.06016263296246127,0.060984676832268055
75,5,32,33,0.06653225806451613,1.0,17,0.0530810972385781,0.05380545817382753
75,5,32,33,0.06653225806451613,1.0,19,0.04749132167077116,0.04813867349492376
76,5,32,33,0.06653225806451613,0.1,1,0.01423506384832379,0.013732048319627401
76,5,32,33,0.06653225806451613,0.1,3,0.004737583151989954,0.004573885623539678
76,5,32,33,0.06653225806451613,0.1,5,0.0028419343336454025,0.0027441213752802595
76,5,32,33,0.06653225806451613,0.1,7,0.002029785099152018,0.0019600374269272227
76,5,32,33,0.06653225806451613,0.1,9,0.0015786532909438128,0.0015244552953064421
76,5,32,33,0.06653225806451613,0.1,11,0.0012915910409191174,0.0012472730210444246
76,5,32,33,0.06653225806451613,0.1,13,0.00109286507486838,0.0010553801911080826
76,5,32,33,0.06653225806451613,0.1,15,0.0009471374612795261,0.0009146600228010961
76,5,32,33,0.06653225806451613,0.1,17,0.0008357013561600353,0.0008070511464152487
76,5,32,33,0.06653225806451613,0.1,19,0.0007477270830552859,0.0007220971564450976
76,5,32,33,0.06653225806451613,0.5,1,0.3307316901685786,0.3195540984870837
76,5,32,33,0.06653225806451613,0.5,3,0.1077480113032181,0.1048927885543083
76,5,32,33,0.06653225806451613,0.5,5,0.06448214830351673,0.06285271342363184
76,5,32,33,0.06653225806451613,0.5,7,0.04601682320296801,0.044877333536673496
76,5,32,33,0.06653225806451613,0.5,9,0.03577464436333972,0.034898647575890174
76,5,32,33,0.06653225806451613,0.5,11,0.029262292259853235,0.028550830802684123
76,5,32,33,0.06653225806451613,0.5,13,0.0247560123133182,0.02415705547558612
76,5,32,33,0.06653225806451613,0.5,15,0.02145252189997087,0.020935348003624118
76,5,32,33,0.06653225806451613,0.5,17,0.018926932409731544,0.018471891269010103
76,5,32,33,0.06653225806451613,0.5,19,0.016933406052966973,0.01652716982433212
76,5,32,33,0.06653225806451613,1.0,1,1.0500074176950818,1.0225267815905499
76,5,32,33,0.06653225806451613,1.0,3,0.33216690671553345,0.32449068486810784
76,5,32,33,0.06653225806451613,1.0,5,0.19781831632388988,0.1938241731086278
76,5,32,33,0.06653225806451613,1.0,7,0.14087241813111065,0.13826354656734857
76,5,32,33,0.06653225806451613,1.0,9,0.10938865872287644,0.1074765662546744
76,5,32,33,0.06653225806451613,1.0,11,0.08940842677397404,0.08790840799412235
76,5,32,33,0.06653225806451613,1.0,13,0.07560041908458605,0.07437024211618769
76,5,32,33,0.06653225806451613,1.0,15,0.0654870707021015,0.06444634388785318
76,5,32,33,0.06653225806451613,1.0,17,0.05776040202792528,0.05685956802137536
76,5,32,33,0.06653225806451613,1.0,19,0.051664689016914,0.05087117122728387
77,5,32,33,0.06653225806451613,0.1,1,0.012672313982758115,0.012806028214535926
77,5,32,33,0.06653225806451613,0.1,3,0.004220108034230984,0.004265396330564413
77,5,32,33,0.06653225806451613,0.1,5,0.0025318737326766876,0.002559080784827435
77,5,32,33,0.06653225806451613,0.1,7,0.0018084436467591402,0.0018278839548364501
77,5,32,33,0.06653225806451613,0.1,9,0.0014065552503412383,0.0014216776336442008
77,5,32,33,0.06653225806451613,0.1,11,0.0011508129497770868,0.0011631866965702573
77,5,32,33,0.06653225806451613,0.1,13,0.0009737623790040486,0.0009842329044450638
77,5,32,33,0.06653225806451613,0.1,15,0.0008439260767472775,0.0008530007670188342
77,5,32,33,0.06653225806451613,0.1,17,0.0007446398785209454,0.0007526470966907378
77,5,32,33,0.06653225806451613,0.1,19,0.0006662562456784725,0.0006734206856661331
77,5,32,33,0.06653225806451613,0.5,1,0.2954872925039466,0.29903053407937924
77,5,32,33,0.06653225806451613,0.5,3,0.09649383470878588,0.09796318224567911
77,5,32,33,0.06653225806451613,0.5,5,0.05780958438223013,0.05870107441094775
77,5,32,33,0.06653225806451613,0.5,7,0.04127564094798353,0.041914313287042655
77,5,32,33,0.06653225806451613,0.5,9,0.032097874825617406,0.032595221369286394
77,5,32,33,0.06653225806451613,0.5,11,0.026259663022149472,0.026666831144388885
77,5,32,33,0.06653225806451613,0.5,13,0.02221862803231958,0.022563275488372385
77,5,32,33,0.06653225806451613,0.5,15,0.019255553535052445,0.01955431349448918
77,5,32,33,0.06653225806451613,0.5,17,0.016989846010255383,0.017253496335823355
77,5,32,33,0.06653225806451613,0.5,19,0.015201222697394233,0.015437144560163159
77,5,32,33,0.06653225806451613,1.0,1,0.9563904164480307,0.9668990802585211
77,5,32,33,0.06653225806451613,1.0,3,0.3071439141863309,0.3092090362728663
77,5,32,33,0.06653225806451613,1.0,5,0.18366490746515887,0.184972808915898
77,5,32,33,0.06653225806451613,1.0,7,0.13105834794645788,0.13201028996270964
77,5,32,33,0.06653225806451613,1.0,9,0.10189143850850058,0.10263776493970668
77,5,32,33,0.06653225806451613,1.0,11,0.08334780423435342,0.08396092036517003
77,5,32,33,0.06653225806451613,1.0,13,0.0705162980657373,0.07103630387956669
77,5,32,33,0.06653225806451613,1.0,15,0.061109342554261196,0.06156067645684518
77,5,32,33,0.06653225806451613,1.0,17,0.05391718213670978,0.054315808852163944
77,5,32,33,0.06653225806451613,1.0,19,0.048239913824291,0.04859682523626333
78,5,32,33,0.06653225806451613,0.1,1,0.012821029359682832,0.013024408392578546
78,5,32,33,0.06653225806451613,0.1,3,0.004269935226512258,0.004337826032876374
78,5,32,33,0.06653225806451613,0.1,5,0.00256178180276924,0.002602521184769706
78,5,32,33,0.06653225806451613,0.1,7,0.0018298088578854123,0.0018589093841938293
78,5,32,33,0.06653225806451613,0.1,9,0.0014231733732835237,0.0014458074260846575
78,5,32,33,0.06653225806451613,0.1,11,0.0011644099006894641,0.0011829287996685766
78,5,32,33,0.06653225806451613,0.1,13,0.000985267639643721,0.0010009375397998731
78,5,32,33,0.06653225806451613,0.1,15,0.0008538973832729132,0.0008674779974284149
78,5,32,33,0.06653225806451613,0.1,17,0.0007534381377080346,0.0007654210526290263
78,5,32,33,0.06653225806451613,0.1,19,0.0006741284021476625,0.0006848499701831633
78,5,32,33,0.06653225806451613,0.5,1,0.3006233658351632,0.30567203947344285
78,5,32,33,0.06653225806451613,0.5,3,0.0982245928160983,0.09999912804147931
78,5,32,33,0.06653225806451613,0.5,5,0.058842395427036426,0.05991468479976567
78,5,32,33,0.06653225806451613,0.5,7,0.04201215389510847,0.04277962327094086
78,5,32,33,0.06653225806451613,0.5,9,0.03267032179334385,0.03326774376216225
78,5,32,33,0.06653225806451613,0.5,11,0.02672786283889028,0.02721687131250457
78,5,32,33,0.06653225806451613,0.5,13,0.022614715942995453,0.023028594169885112
78,5,32,33,0.06653225806451613,0.5,15,0.019598785450202025,0.019957535368589567
78,5,32,33,0.06653225806451613,0.5,17,0.01729267153895991,0.017609248318757674
78,5,32,33,0.06653225806451613,0.5,19,0.015472155419250197,0.01575542887798781
78,5,32,33,0.06653225806451613,1.0,1,0.984938605376467,1.000069959243882
78,5,32,33,0.06653225806451613,1.0,3,0.31228305566556747,0.3196601456891336
78,5,32,33,0.06653225806451613,1.0,5,0.1865434686083955,0.19120280958365826
78,5,32,33,0.06653225806451613,1.0,7,0.13308012070325345,0.136454567666487
78,5,32,33,0.06653225806451613,1.0,9,0.10345360623165589,0.10609303555983446
78,5,32,33,0.06653225806451613,1.0,11,0.08462179404241611,0.08678748470645292
78,5,32,33,0.06653225806451613,1.0,13,0.07159230465269484,0.0734278095211646
78,5,32,33,0.06653225806451613,1.0,15,0.0620408133520693,0.06363321427946025
78,5,32,33,0.06653225806451613,1.0,17,0.05473844240210425,0.05614446333334835
78,5,32,33,0.06653225806451613,1.0,19,0.048974334879421176,0.05023295671967537
79,5,32,33,0.06653225806451613,0.1,1,0.014969165927297539,0.014209963667105035
79,5,32,33,0.06653225806451613,0.1,3,0.0049852994461812685,0.0047297261317647615
79,5,32,33,0.06653225806451613,0.1,5,0.0029908386913822063,0.0028373293294998913
79,5,32,33,0.06653225806451613,0.1,7,0.002136222650853765,0.0020265325503943674
79,5,32,33,0.06653225806451613,0.1,9,0.0016614700662924353,0.0015761400606349241
79,5,32,33,0.06653225806451613,0.1,11,0.0013593664630329977,0.0012895435651937713
79,5,32,33,0.06653225806451613,0.1,13,0.0011502228587295905,0.0010911378280958602
79,5,32,33,0.06653225806451613,0.1,15,0.0009968534083200115,0.0009456438736360101
79,5,32,33,0.06653225806451613,0.1,17,0.0008795722897462883,0.0008343857685614918
79,5,32,33,0.06653225806451613,0.1,19,0.0007869827729821353,0.0007465516009097524
79,5,32,33,0.06653225806451613,0.5,1,0.345792023057366,0.3291383537063233
79,5,32,33,0.06653225806451613,0.5,3,0.11382211098742527,0.10696898147576901
79,5,32,33,0.06653225806451613,0.5,5,0.06821987187296825,0.0640276509058229
79,5,32,33,0.06653225806451613,0.5,7,0.048712623886467084,0.04569957357815319
79,5,32,33,0.06653225806451613,0.5,9,0.03788205327156345,0.03553176007211573
79,5,32,33,0.06653225806451613,0.5,11,0.03099191582113449,0.02906578107000599
79,5,32,33,0.06653225806451613,0.5,13,0.02622262070444589,0.02459110535293092
79,5,32,33,0.06653225806451613,0.5,15,0.02272550793022102,0.02131050808434431
79,5,32,33,0.06653225806451613,0.5,17,0.020051437877875094,0.018802253949814676
79,5,32,33,0.06653225806451613,0.5,19,0.017940439211413924,0.01682230428979738
79,5,32,33,0.06653225806451613,1.0,1,1.0795524817699669,1.0373853834600977
79,5,32,33,0.06653225806451613,1.0,3,0.3561986343989904,0.3240789463460508
79,5,32,33,0.06653225806451613,1.0,5,0.21342496730278074,0.19345081625211136
79,5,32,33,0.06653225806451613,1.0,7,0.1523702661434953,0.13798150357300304
79,5,32,33,0.06653225806451613,1.0,9,0.11848068550608667,0.10725415941951542
79,5,32,33,0.06653225806451613,1.0,11,0.09692448220586777,0.08772580512443115
79,5,32,33,0.06653225806451613,1.0,13,0.08200511634203592,0.07421569600643
79,5,32,33,0.06653225806451613,1.0,15,0.0710662823425233,0.06431252341703672
79,5,32,33,0.06653225806451613,1.0,17,0.06270239823778102,0.056741640483671946
79,5,32,33,0.06653225806451613,1.0,19,0.05609998325331033,0.050765799063118504
80,5,32,33,0.06653225806451613,0.1,1,0.014239536675383815,0.01368200862792111
80,5,32,33,0.06653225806451613,0.1,3,0.004739136948358471,0.004551360031855064
80,5,32,33,0.06653225806451613,0.1,5,0.0028428753209301157,0.0027298016733149086
80,5,32,33,0.06653225806451613,0.1,7,0.0020304599877273206,0.0019495553963343396
80,5,32,33,0.06653225806451613,0.1,9,0.0015791794126705527,0.0015161914953708078
80,5,32,33,0.06653225806451613,0.1,11,0.0012920221388267698,0.0012404534243838567
80,5,32,33,0.06653225806451613,0.1,13,0.0010932302239472138,0.0010495754322189538
80,5,32,33,0.06653225806451613,0.1,15,0.0009474541624286971,0.0009096073334907464
80,5,32,33,0.06653225806451613,0.1,17,0.0008359809598370234,0.0008025780756787992
80,5,32,33,0.06653225806451613,0.1,19,0.00074797736910304,0.0007180844482414786
80,5,32,33,0.06653225806451613,0.5,1,0.330817883914574,0.3200801166454824
80,5,32,33,0.06653225806451613,0.5,3,0.10777899737871409,0.10501927398644843
80,5,32,33,0.06653225806451613,0.5,5,0.06450142579217509,0.06286452560864655
80,5,32,33,0.06653225806451613,0.5,7,0.04603085585365875,0.04486200766802848
80,5,32,33,0.06653225806451613,0.5,9,0.03578568388222646,0.034875628461366236
80,5,32,33,0.06653225806451613,0.5,11,0.029271393445176375,0.02852596606152786
80,5,32,33,0.06653225806451613,0.5,13,0.024763755082355492,0.02413238614738591
80,5,32,33,0.06653225806451613,0.5,15,0.021459259498132127,0.020911617218860673
80,5,32,33,0.06653225806451613,0.5,17,0.018932896033221493,0.01844934424324602
80,5,32,33,0.06653225806451613,0.5,19,0.016938755307484288,0.01650584822034304
80,5,32,33,0.06653225806451613,1.0,1,1.05051613608497,1.0218904428720108
80,5,32,33,0.06653225806451613,1.0,3,0.3322708934686254,0.32928861989899627
80,5,32,33,0.06653225806451613,1.0,5,0.19786716482951278,0.19660142197464234
80,5,32,33,0.06653225806451613,1.0,7,0.14090515549177288,0.1401636502496077
80,5,32,33,0.06653225806451613,1.0,9,0.10941364068588637,0.1089079650999474
80,5,32,33,0.06653225806451613,1.0,11,0.08942876104377305,0.08905226214171205
80,5,32,33,0.06653225806451613,1.0,13,0.07561762082948666,0.07532094506085533
80,5,32,33,0.06653225806451613,1.0,15,0.06550200280470857,0.06525883915365051
80,5,32,33,0.06653225806451613,1.0,17,0.05777360717186576,0.05756848428006238
80,5,32,33,0.06653225806451613,1.0,19,0.0516765327230384,0.05149967377115798
81,5,32,33,0.06653225806451613,0.1,1,0.012535932942560996,0.013888975664045247
81,5,32,33,0.06653225806451613,0.1,3,0.004175368651321299,0.004621402669558818
81,5,32,33,0.06653225806451613,0.1,5,0.002505062283345189,0.0027721232228223513
81,5,32,33,0.06653225806451613,0.1,7,0.0017892988891994163,0.001979888059317296
81,5,32,33,0.06653225806451613,0.1,9,0.0013916668852900103,0.0015398305630566266
81,5,32,33,0.06653225806451613,0.1,11,0.0011386323873175449,0.001259819708698008
81,5,32,33,0.06653225806451613,0.1,13,0.0009634561509832619,0.0010659773601164695
81,5,32,33,0.06653225806451613,0.1,15,0.0008349942305349836,0.0009238320486973276
81,5,32,33,0.06653225806451613,0.1,17,0.0007367589661314487,0.0008151359138833993
81,5,32,33,0.06653225806451613,0.1,19,0.000659204983435583,0.0007293251205568891
81,5,32,33,0.06653225806451613,0.5,1,0.294950564098008,0.32490163916591125
81,5,32,33,0.06653225806451613,0.5,3,0.09656865146036467,0.10563109393768987
81,5,32,33,0.06653225806451613,0.5,5,0.0578422758281458,0.06320688058772243
81,5,32,33,0.06653225806451613,0.5,7,0.04129577705779006,0.04510641197774689
81,5,32,33,0.06653225806451613,0.5,9,0.03211241382337291,0.035067177493274926
81,5,32,33,0.06653225806451613,0.5,11,0.026271075591751222,0.028683909561403043
81,5,32,33,0.06653225806451613,0.5,13,0.022228044950994008,0.024266925214249353
81,5,32,33,0.06653225806451613,0.5,15,0.019263582839951374,0.021028867080616614
81,5,32,33,0.06653225806451613,0.5,17,0.016996852222181124,0.018553278883564752
81,5,32,33,0.06653225806451613,0.5,19,0.01520744191692702,0.016599202976592068
81,5,32,33,0.06653225806451613,1.0,1,0.9750511061282369,1.038203771720452
81,5,32,33,0.06653225806451613,1.0,3,0.3068791352505864,0.3197003899355909
81,5,32,33,0.06653225806451613,1.0,5,0.182696625899957,0.19012658148268932
81,5,32,33,0.06653225806451613,1.0,7,0.13017708267529743,0.1353886209575819
81,5,32,33,0.06653225806451613,1.0,9,0.10114002734772391,0.10514388132419894
81,5,32,33,0.06653225806451613,1.0,11,0.08270443491192558,0.08595104008494438
81,5,32,33,0.06653225806451613,1.0,13,0.06995762727902476,0.07268604291471373
81,5,32,33,0.06653225806451613,1.0,15,0.060617262752158424,0.06296922907571784
81,5,32,33,0.06653225806451613,1.0,17,0.05347828214223747,0.05554459582251467
81,5,32,33,0.06653225806451613,1.0,19,0.04784423295046768,0.04968648597601708
82,5,32,33,0.06653225806451613,0.1,1,0.014166215687337053,0.013863517921163446
82,5,32,33,0.06653225806451613,0.1,3,0.004717592510857581,0.0046147528584295
82,5,32,33,0.06653225806451613,0.1,5,0.0028303407987093324,0.0027683590201037483
82,5,32,33,0.06653225806451613,0.1,7,0.0020216297477228464,0.0019772683890373084
82,5,32,33,0.06653225806451613,0.1,9,0.0015723651681956977,0.0015378228484918526
82,5,32,33,0.06653225806451613,0.1,11,0.001286474990275534,0.001258192541065816
82,5,32,33,0.06653225806451613,0.1,13,0.0010885530344677896,0.0010646096054893204
82,5,32,33,0.06653225806451613,0.1,15,0.0009434111471384815,0.0009226524294505771
82,5,32,33,0.06653225806451613,0.1,17,0.0008324207259599429,0.0008140989640392491
82,5,32,33,0.06653225806451613,0.1,19,0.0007447969429753815,0.0007284000708427631
82,5,32,33,0.06653225806451613,0.5,1,0.3279423237714513,0.32157253818263665
82,5,32,33,0.06653225806451613,0.5,3,0.10688316405232541,0.10505504735993579
82,5,32,33,0.06653225806451613,0.5,5,0.06401681325776203,0.06293877221188716
82,5,32,33,0.06653225806451613,0.5,7,0.04570402697728254,0.04493721499966546
82,5,32,33,0.06653225806451613,0.5,9,0.03554042841649218,0.034944836562124465
82,5,32,33,0.06653225806451613,0.5,11,0.029075561745259104,0.028588502060206453
82,5,32,33,0.06653225806451613,0.5,13,0.024600947536054494,0.02418888982534445
82,5,32,33,0.06653225806451613,0.5,15,0.021320029407389845,0.02096292377125208
82,5,32,33,0.06653225806451613,0.5,17,0.018811322028263612,0.018496219301977434
82,5,32,33,0.06653225806451613,0.5,19,0.016830887784569763,0.01654893765805701
82,5,32,33,0.06653225806451613,1.0,1,1.0358007236893354,1.0169447450762181
82,5,32,33,0.06653225806451613,1.0,3,0.3261269663155503,0.3303264052555255
82,5,32,33,0.06653225806451613,1.0,5,0.19491628109091397,0.19739149699157374
82,5,32,33,0.06653225806451613,1.0,7,0.13907531492983102,0.14078155202746817
82,5,32,33,0.06653225806451613,1.0,9,0.10812072179766322,0.1094127940810674
82,5,32,33,0.06653225806451613,1.0,11,0.08844177207030755,0.08947835357535974
82,5,32,33,0.06653225806451613,1.0,13,0.07482512218094856,0.07568931669929482
82,5,32,33,0.06653225806451613,1.0,15,0.06484278042893765,0.06558316456623854
82,5,32,33,0.06653225806451613,1.0,17,0.05721082171214806,0.057858123518203505
82,5,32,33,0.06653225806451613,1.0,19,0.05118646175579616,0.051761303412401406
83,5,32,33,0.06653225806451613,0.1,1,0.014190944140335641,0.013105270866125014
83,5,32,33,0.06653225806451613,0.1,3,0.00472286465161125,0.004357380221859728
83,5,32,33,0.06653225806451613,0.1,5,0.0028330996382202257,0.0026134762320931923
83,5,32,33,0.06653225806451613,0.1,7,0.0020234732943366428,0.001866504638212826
83,5,32,33,0.06653225806451613,0.1,9,0.0015737434996985825,0.0014516172253752485
83,5,32,33,0.06653225806451613,0.1,11,0.0012875736075919906,0.0011876319533290585
83,5,32,33,0.06653225806451613,0.1,13,0.0010894655086075835,0.0010048878513139064
83,5,32,33,0.06653225806451613,0.1,15,0.0009441910411709717,0.000870883080294399
83,5,32,33,0.06653225806451613,0.1,17,0.0008331014851691534,0.0007684130856970596
83,5,32,33,0.06653225806451613,0.1,19,0.0007454008194535668,0.0006875182813160516
83,5,32,33,0.06653225806451613,0.5,1,0.32954321510815443,0.30595528265053673
83,5,32,33,0.06653225806451613,0.5,3,0.10735351095920334,0.09845642022111194
83,5,32,33,0.06653225806451613,0.5,5,0.06424837264854127,0.05885053260236112
83,5,32,33,0.06653225806451613,0.5,7,0.0458507804240872,0.04198146419088115
83,5,32,33,0.06653225806451613,0.5,9,0.03564590732310866,0.03263141619497667
83,5,32,33,0.06653225806451613,0.5,11,0.029157173252355967,0.026688429947033795
83,5,32,33,0.06653225806451613,0.5,13,0.024667188660124736,0.022576985644436415
83,5,32,33,0.06653225806451613,0.5,15,0.021375619355752808,0.019563352572807825
83,5,32,33,0.06653225806451613,0.5,17,0.01885912961884724,0.017259583394021283
83,5,32,33,0.06653225806451613,0.5,19,0.016872777283727262,0.015441273164885446
83,5,32,33,0.06653225806451613,1.0,1,1.0439037214343379,0.9773597641311897
83,5,32,33,0.06653225806451613,1.0,3,0.3295313958224542,0.3037868880772378
83,5,32,33,0.06653225806451613,1.0,5,0.1963066809109281,0.18092060957879957
83,5,32,33,0.06653225806451613,1.0,7,0.13981754178284544,0.1289070645263525
83,5,32,33,0.06653225806451613,1.0,9,0.10857956341444651,0.10014048841055953
83,5,32,33,0.06653225806451613,1.0,11,0.0887525384644572,0.08187603639837433
83,5,32,33,0.06653225806451613,1.0,13,0.07504907843466879,0.06924848217300948
83,5,32,33,0.06653225806451613,1.0,15,0.06501158761241889,0.059996492890490985
83,5,32,33,0.06653225806451613,1.0,17,0.05734245623045391,0.0529258614992563
83,5,32,33,0.06653225806451613,1.0,19,0.05129187484909589,0.0473463628420624
84,5,32,33,0.06653225806451613,0.1,1,0.016379485305737525,0.015413176555027618
84,5,32,33,0.06653225806451613,0.1,3,0.005443398726323366,0.005124563408291847
84,5,32,33,0.06653225806451613,0.1,5,0.003264440821556788,0.003073452866998317
84,5,32,33,0.06653225806451613,0.1,7,0.0023312820610473153,0.0021949511894665884
84,5,32,33,0.06653225806451613,0.1,9,0.001813025689400473,0.0017070276406068318
84,5,32,33,0.06653225806451613,0.1,11,0.0014832855391976624,0.0013965787239233372
84,5,32,33,0.06653225806451613,0.1,13,0.001255030371125389,0.0011816739424284784
84,5,32,33,0.06653225806451613,0.1,15,0.001087656813957667,0.0010240880768645595
84,5,32,33,0.06653225806451613,0.1,17,0.0009596729327661929,0.0009035874424967633
84,5,32,33,0.06653225806451613,0.1,19,0.0008586376790420997,0.0008084591322444054
84,5,32,33,0.06653225806451613,0.5,1,0.378165908896784,0.35807605641499907
84,5,32,33,0.06653225806451613,0.5,3,0.12198112562886029,0.11612504944151185
84,5,32,33,0.06653225806451613,0.5,5,0.07285244488517632,0.06946654798220868
84,5,32,33,0.06653225806451613,0.5,7,0.05194726900561058,0.04956680124089621
84,5,32,33,0.06653225806451613,0.5,9,0.0403671430282352,0.038531706479669414
84,5,32,33,0.06653225806451613,0.5,11,0.03300960362557893,0.03151608595198604
84,5,32,33,0.06653225806451613,0.5,13,0.027920950694709432,0.026661947018030235
84,5,32,33,0.06653225806451613,0.5,15,0.024191789857150772,0.023103636627263505
84,5,32,33,0.06653225806451613,0.5,17,0.02134147593233634,0.02038333755649146
84,5,32,33,0.06653225806451613,0.5,19,0.019092064679412626,0.01823618434108957
84,5,32,33,0.06653225806451613,1.0,1,1.1669165934020718,1.1156653726941796
84,5,32,33,0.06653225806451613,1.0,3,0.3629775825258434,0.3473633625668563
84,5,32,33,0.06653225806451613,1.0,5,0.2146234153790167,0.20746648502284348
84,5,32,33,0.06653225806451613,1.0,7,0.15236490752184664,0.1479579580251434
84,5,32,33,0.06653225806451613,1.0,9,0.11810934112337243,0.11499239918307916
84,5,32,33,0.06653225806451613,1.0,11,0.0964312990390389,0.09404467603526494
84,5,32,33,0.06653225806451613,1.0,13,0.08147765798072984,0.07955475405239767
84,5,32,33,0.06653225806451613,1.0,15,0.07053951873253024,0.06893468027746996
84,5,32,33,0.06653225806451613,1.0,17,0.062190819622230456,0.06081656175131428
84,5,32,33,0.06653225806451613,1.0,19,0.05560931769881082,0.05440931472333384
85,5,32,33,0.06653225806451613,0.1,1,0.012708144407768218,0.012759308017193093
85,5,32,33,0.06653225806451613,0.1,3,0.004230025229402099,0.004248148362376632
85,5,32,33,0.06653225806451613,0.1,5,0.0025376231965948412,0.002548601259935767
85,5,32,33,0.06653225806451613,0.1,7,0.0018124921212569985,0.0018203636334120157
85,5,32,33,0.06653225806451613,0.1,9,0.0014096795275818509,0.0014158144139164604
85,5,32,33,0.06653225806451613,0.1,11,0.001153356599370809,0.0011583824949214319
85,5,32,33,0.06653225806451613,0.1,13,0.0009759074065170711,0.0009801638164670145
85,5,32,33,0.06653225806451613,0.1,15,0.0008457805009498866,0.0008494717391522341
85,5,32,33,0.06653225806451613,0.1,17,0.0007462730489604568,0.000749531598861044
85,5,32,33,0.06653225806451613,0.1,19,0.0006677153329404821,0.0006706319844597627
85,5,32,33,0.06653225806451613,0.5,1,0.297395192283607,0.2989518295560272
85,5,32,33,0.06653225806451613,0.5,3,0.09636615534169127,0.09706415810724521
85,5,32,33,0.06653225806451613,0.5,5,0.05767144988431013,0.058098551699700664
85,5,32,33,0.06653225806451613,0.5,7,0.041161537924271394,0.041469458965104386
85,5,32,33,0.06653225806451613,0.5,9,0.03200318857290227,0.03224406074664665
85,5,32,33,0.06653225806451613,0.5,11,0.02617932903140933,0.026377178059163304
85,5,32,33,0.06653225806451613,0.5,13,0.022149065638415993,0.022316950972158817
85,5,32,33,0.06653225806451613,0.5,15,0.019194298209454674,0.019340110947045585
85,5,32,33,0.06653225806451613,0.5,17,0.016935164941784375,0.01706403918929359
85,5,32,33,0.06653225806451613,0.5,19,0.015151862417118633,0.015267326446971473
85,5,32,33,0.06653225806451613,1.0,1,0.9694395194480002,0.981758550141606
85,5,32,33,0.06653225806451613,1.0,3,0.3063055849212966,0.3083598795810096
85,5,32,33,0.06653225806451613,1.0,5,0.18312664435738982,0.18417096512509212
85,5,32,33,0.06653225806451613,1.0,7,0.1306723088826699,0.13137254949014485
85,5,32,33,0.06653225806451613,1.0,9,0.10159081023748952,0.10211787595117668
85,5,32,33,0.06653225806451613,1.0,11,0.08310155123920471,0.083524285401484
85,5,32,33,0.06653225806451613,1.0,13,0.07030769603378731,0.07066065912277561
85,5,32,33,0.06653225806451613,1.0,15,0.06092836667110588,0.061231368230685035
85,5,32,33,0.06653225806451613,1.0,17,0.05375734907074936,0.05402280173135453
85,5,32,33,0.06653225806451613,1.0,19,0.048096787500568484,0.0483329844954426
86,5,32,33,0.06653225806451613,0.1,1,0.013772884117137695,0.014328382779452321
86,5,32,33,0.06653225806451613,0.1,3,0.004586376401875525,0.004768706660421912
86,5,32,33,0.06653225806451613,0.1,5,0.0027513012256460572,0.002860479524091004
86,5,32,33,0.06653225806451613,0.1,7,0.0019650565836033277,0.0020429823640675617
86,5,32,33,0.06653225806451613,0.1,9,0.001528309238460674,0.0015888945266497433
86,5,32,33,0.06653225806451613,0.1,11,0.0012503995005344786,0.0012999574886872498
86,5,32,33,0.06653225806451613,0.1,13,0.0010580096996315785,0.0010999366742569137
86,5,32,33,0.06653225806451613,0.1,15,0.0009169286399557177,0.0009532611785459792
86,5,32,33,0.06653225806451613,0.1,17,0.0008090458548123411,0.0008411012070378375
86,5,32,33,0.06653225806451613,0.1,19,0.0007238769040295501,0.0007525560768457944
86,5,32,33,0.06653225806451613,0.5,1,0.3235167918904734,0.3375019721989551
86,5,32,33,0.06653225806451613,0.5,3,0.10747931805964843,0.11081833564327362
86,5,32,33,0.06653225806451613,0.5,5,0.06442843638627373,0.06636229074874554
86,5,32,33,0.06653225806451613,0.5,7,0.046001162186554305,0.047367264506329256
86,5,32,33,0.06653225806451613,0.5,9,0.03577021303001405,0.036827350513873806
86,5,32,33,0.06653225806451613,0.5,11,0.029262072224492213,0.030124555721766536
86,5,32,33,0.06653225806451613,0.5,13,0.024757577876231278,0.025486074674529898
86,5,32,33,0.06653225806451613,0.5,15,0.021454882193126405,0.022085483030767652
86,5,32,33,0.06653225806451613,0.5,17,0.018929636666364994,0.01948556501735709
86,5,32,33,0.06653225806451613,0.5,19,0.016936234355335172,0.01743331870958447
86,5,32,33,0.06653225806451613,1.0,1,1.0535334785589014,1.1046318924647947
86,5,32,33,0.06653225806451613,1.0,3,0.36026369368940053,0.3581079672721419
86,5,32,33,0.06653225806451613,1.0,5,0.2162329183350835,0.2140253923480046
86,5,32,33,0.06653225806451613,1.0,7,0.1544181042299589,0.1526539031881684
86,5,32,33,0.06653225806451613,1.0,9,0.1200770270777959,0.11864133164428142
86,5,32,33,0.06653225806451613,1.0,11,0.09822792560378713,0.09702532281904758
86,5,32,33,0.06653225806451613,1.0,13,0.08310471842120677,0.08207270747125671
86,5,32,33,0.06653225806451613,1.0,15,0.07201636984896664,0.07111365899551456
86,5,32,33,0.06653225806451613,1.0,17,0.06353835054823204,0.06273667214716427
86,5,32,33,0.06653225806451613,1.0,19,0.05684605209322123,0.056125345129096234
87,5,32,33,0.06653225806451613,0.1,1,0.01316116991276054,0.013089709257181404
87,5,32,33,0.06653225806451613,0.1,3,0.004382104128777178,0.004359310633484787
87,5,32,33,0.06653225806451613,0.1,5,0.0026288760788691764,0.002615325975162013
87,5,32,33,0.06653225806451613,0.1,7,0.0018776656181464808,0.0018680253653848775
87,5,32,33,0.06653225806451613,0.1,9,0.0014603651697474291,0.0014528837285986355
87,5,32,33,0.06653225806451613,0.1,11,0.0011948236038280139,0.0011887110126796803
87,5,32,33,0.06653225806451613,0.1,13,0.0010109928682447296,0.0010058256980266952
87,5,32,33,0.06653225806451613,0.1,15,0.0008761865343932091,0.0008717115080807683
87,5,32,33,0.06653225806451613,0.1,17,0.0007731009328298074,0.0007691545290594333
87,5,32,33,0.06653225806451613,0.1,19,0.0006917185187176424,0.0006881890425601179
87,5,32,33,0.06653225806451613,0.5,1,0.30883255966442136,0.308202696464967
87,5,32,33,0.06653225806451613,0.5,3,0.10120909554284455,0.10106085238881081
87,5,32,33,0.06653225806451613,0.5,5,0.060630272010208874,0.06055632159886495
87,5,32,33,0.06653225806451613,0.5,7,0.04328633862117316,0.04323809718161345
87,5,32,33,0.06653225806451613,0.5,9,0.03365970113423216,0.033624148923653153
87,5,32,33,0.06653225806451613,0.5,11,0.027536366175350036,0.027508299454655813
87,5,32,33,0.06653225806451613,0.5,13,0.02329820482662925,0.02327505294469887
87,5,32,33,0.06653225806451613,0.5,15,0.0201907197252824,0.02017103343697561
87,5,32,33,0.06653225806451613,0.5,17,0.0178146696681144,0.01779755458194149
87,5,32,33,0.06653225806451613,0.5,19,0.015938990337484894,0.01592385689772362
87,5,32,33,0.06653225806451613,1.0,1,1.0089062413075098,1.0166701783056398
87,5,32,33,0.06653225806451613,1.0,3,0.32392518902837625,0.32383769914947286
87,5,32,33,0.06653225806451613,1.0,5,0.19348763050498527,0.1933619135688522
87,5,32,33,0.06653225806451613,1.0,7,0.13801995893330338,0.13791336237199273
87,5,32,33,0.06653225806451613,1.0,9,0.10728615712369398,0.10719780234050877
87,5,32,33,0.06653225806451613,1.0,11,0.08775238531332513,0.0876779201714222
87,5,32,33,0.06653225806451613,1.0,13,0.07423821150055922,0.07417420869068869
87,5,32,33,0.06653225806451613,1.0,15,0.06433197270413128,0.06427600583252924
87,5,32,33,0.06653225806451613,1.0,17,0.056758723096292485,0.056709074854187094
87,5,32,33,0.06653225806451613,1.0,19,0.050781010637954906,0.050736440374341274
88,5,32,33,0.06653225806451613,0.1,1,0.013188932802330003,0.012755591138230098
88,5,32,33,0.06653225806451613,0.1,3,0.004393126458821951,0.0042429013546507015
88,5,32,33,0.06653225806451613,0.1,5,0.0026356845171644576,0.002544967577518288
88,5,32,33,0.06653225806451613,0.1,7,0.0018825873106222226,0.0018176193127068274
88,5,32,33,0.06653225806451613,0.1,9,0.0014642182041108046,0.0014136155952062428
88,5,32,33,0.06653225806451613,0.1,11,0.0011979890582679866,0.0011565499485415812
88,5,32,33,0.06653225806451613,0.1,13,0.0010136789010718333,0.0009785935649652589
88,5,32,33,0.06653225806451613,0.1,15,0.0008785192291799492,0.000848098373671847
88,5,32,33,0.06653225806451613,0.1,17,0.0007751624252488417,0.0007483113837359241
88,5,32,33,0.06653225806451613,0.1,19,0.0006935652917460269,0.0006695342635532766
88,5,32,33,0.06653225806451613,0.5,1,0.30802695209466935,0.29907759426834457
88,5,32,33,0.06653225806451613,0.5,3,0.10121239906920286,0.09691735048376464
88,5,32,33,0.06653225806451613,0.5,5,0.06064037382022721,0.057984953100620386
88,5,32,33,0.06653225806451613,0.5,7,0.0432946864988556,0.04137887863003277
88,5,32,33,0.06653225806451613,0.5,9,0.033666458879185165,0.032169096235723976
88,5,32,33,0.06653225806451613,0.5,11,0.02754197324599414,0.02631334759830001
88,5,32,33,0.06653225806451613,0.5,13,0.023302973916569984,0.022261419521007922
88,5,32,33,0.06653225806451613,0.5,15,0.020194859761536798,0.01929098969459294
88,5,32,33,0.06653225806451613,0.5,17,0.017818323035087895,0.01702001226182073
88,5,32,33,0.06653225806451613,0.5,19,0.01594225721273025,0.015227442595108708
88,5,32,33,0.06653225806451613,1.0,1,1.000271468821277,0.9648961957143644
88,5,32,33,0.06653225806451613,1.0,3,0.32376257440390904,0.30162397306013183
88,5,32,33,0.06653225806451613,1.0,5,0.1933270726004903,0.17995704834752516
88,5,32,33,0.06653225806451613,1.0,7,0.13783278403017155,0.12830579892200356
88,5,32,33,0.06653225806451613,1.0,9,0.10709806935727466,0.09970868760372192
88,5,32,33,0.06653225806451613,1.0,11,0.08757297355350288,0.08154110734008653
88,5,32,33,0.06653225806451613,1.0,13,0.07407015692184869,0.06897577383360538
88,5,32,33,0.06653225806451613,1.0,15,0.06417542363714553,0.05976692927766908
88,5,32,33,0.06653225806451613,1.0,17,0.05661294738814215,0.052727882090124266
88,5,32,33,0.06653225806451613,1.0,19,0.05064502339136266,0.04717245838102441
89,5,32,33,0.06653225806451613,0.1,1,0.013053370837725663,0.01322526233224969
89,5,32,33,0.06653225806451613,0.1,3,0.004345996857775008,0.004404144054361564
89,5,32,33,0.06653225806451613,0.1,5,0.0026073508271491274,0.002642281247896664
89,5,32,33,0.06653225806451613,0.1,7,0.0018623447595272121,0.0018873033713486746
89,5,32,33,0.06653225806451613,0.1,9,0.0014484747823017914,0.0014678896986864802
89,5,32,33,0.06653225806451613,0.1,11,0.001185109275320579,0.0012009953101783826
89,5,32,33,0.06653225806451613,0.1,13,0.0010027816295825717,0.001016224196123078
89,5,32,33,0.06653225806451613,0.1,15,0.0008690757038824864,0.0008807262202700593
89,5,32,33,0.06653225806451613,0.1,17,0.000766830495974371,0.0007771105356337479
89,5,32,33,0.06653225806451613,0.1,19,0.000686110864347844,0.0006953089026213265
89,5,32,33,0.06653225806451613,0.5,1,0.3049793833936497,0.3086290396477957
89,5,32,33,0.06653225806451613,0.5,3,0.09891639950012754,0.10052835256873367
89,5,32,33,0.06653225806451613,0.5,5,0.05919066133749518,0.060203275738398454
89,5,32,33,0.06653225806451613,0.5,7,0.042244763116038496,0.042979898863473864
89,5,32,33,0.06653225806451613,0.5,9,0.03284556464782574,0.03342162123832023
89,5,32,33,0.06653225806451613,0.5,11,0.026868774818153064,0.027341984255450542
89,5,32,33,0.06653225806451613,0.5,13,0.02273271308537675,0.023134075269912385
89,5,32,33,0.06653225806451613,0.5,15,0.019700365384314966,0.020048743430526143
89,5,32,33,0.06653225806451613,0.5,17,0.01738189255320844,0.017689602742777415
89,5,32,33,0.06653225806451613,0.5,19,0.015551726427081471,0.015827247559605163
89,5,32,33,0.06653225806451613,1.0,1,0.9894204199309917,0.9990689867049307
89,5,32,33,0.06653225806451613,1.0,3,0.3086285095457263,0.3122091741283654
89,5,32,33,0.06653225806451613,1.0,5,0.18392367017138445,0.18579316783470448
89,5,32,33,0.06653225806451613,1.0,7,0.1311164276409712,0.13234745639021028
89,5,32,33,0.06653225806451613,1.0,9,0.10189565903497019,0.10280848187671403
89,5,32,33,0.06653225806451613,1.0,11,0.08333421281763898,0.08405940343121653
89,5,32,33,0.06653225806451613,1.0,13,0.07049647920198515,0.07109850181309203
89,5,32,33,0.06653225806451613,1.0,15,0.0610876350825122,0.06160267902409675
89,5,32,33,0.06653225806451613,1.0,17,0.05389535342711874,0.05434567825778408
89,5,32,33,0.06653225806451613,1.0,19,0.04821870327206598,0.04861895905625268
90,5,32,33,0.06653225806451613,0.1,1,0.014608898274741298,0.014621199245317866
90,5,32,33,0.06653225806451613,0.1,3,0.004859865823096258,0.0048693450829741265
90,5,32,33,0.06653225806451613,0.1,5,0.002915028792292701,0.0029213888251204564
90,5,32,33,0.06653225806451613,0.1,7,0.0020819113184178607,0.0020866617826576736
90,5,32,33,0.06653225806451613,0.1,9,0.0016191595769193443,0.0016229444108573703
90,5,32,33,0.06653225806451613,0.1,11,0.0013247136353296209,0.0013278572904288101
90,5,32,33,0.06653225806451613,0.1,13,0.0011208808074604506,0.0011235683772951254
90,5,32,33,0.06653225806451613,0.1,15,0.0009714107223633622,0.0009737574783034338
90,5,32,33,0.06653225806451613,0.1,17,0.0008571141890391773,0.0008591966917295105
90,5,32,33,0.06653225806451613,0.1,19,0.0007668825779848884,0.0007687542347869597
90,5,32,33,0.06653225806451613,0.5,1,0.340348793930256,0.33653881925685625
90,5,32,33,0.06653225806451613,0.5,3,0.11064442869084258,0.10972760383575428
90,5,32,33,0.06653225806451613,0.5,5,0.06619726145231965,0.06571559459511159
90,5,32,33,0.06653225806451613,0.5,7,0.04723531318712569,0.046914815181202024
90,5,32,33,0.06653225806451613,0.5,9,0.036719554187251535,0.03648100188363026
90,5,32,33,0.06653225806451613,0.5,11,0.030033948606212252,0.029844522160310385
90,5,32,33,0.06653225806451613,0.5,13,0.025408104128348236,0.025251255805101232
90,5,32,33,0.06653225806451613,0.5,15,0.02201712975973982,0.021883407757296896
90,5,32,33,0.06653225806451613,0.5,17,0.01942475277284377,0.01930827111048784
90,5,32,33,0.06653225806451613,0.5,19,0.017378567903595307,0.01727542114355102
90,5,32,33,0.06653225806451613,1.0,1,1.0807688213493598,1.0428285166091902
90,5,32,33,0.06653225806451613,1.0,3,0.3397204407161291,0.3318608911386486
90,5,32,33,0.06653225806451613,1.0,5,0.20242362129321018,0.19856805158871105
90,5,32,33,0.06653225806451613,1.0,7,0.1441973491306884,0.14165122317801135
90,5,32,33,0.06653225806451613,1.0,9,0.11199219127761345,0.11009048876361141
90,5,32,33,0.06653225806451613,1.0,11,0.09154827786013185,0.09002990760181467
90,5,32,33,0.06653225806451613,1.0,13,0.07741694798399569,0.07615289612173783
90,5,32,33,0.06653225806451613,1.0,15,0.06706522597550996,0.0659823105326299
90,5,32,33,0.06653225806451613,1.0,17,0.059155519541621446,0.05820821740349408
90,5,32,33,0.06653225806451613,1.0,19,0.0529148309060508,0.05207288832229255
91,5,32,33,0.06653225806451613,0.1,1,0.016726095625884216,0.016736280217788987
91,5,32,33,0.06653225806451613,0.1,3,0.005573459341454765,0.005570121800926576
91,5,32,33,0.06653225806451613,0.1,5,0.003343987211611332,0.0033414077107787863
91,5,32,33,0.06653225806451613,0.1,7,0.0023885447956404375,0.0023865431539323743
91,5,32,33,0.06653225806451613,0.1,9,0.0018577514360839905,0.0018561293582377747
91,5,32,33,0.06653225806451613,0.1,11,0.0015199761073387997,0.0015186160517194805
91,5,32,33,0.06653225806451613,0.1,13,0.0012861324858366272,0.0012849628082934126
91,5,32,33,0.06653225806451613,0.1,15,0.0011146475302924613,0.001113622008026126
91,5,32,33,0.06653225806451613,0.1,17,0.0009835121573556651,0.0009825994151509484
91,5,32,33,0.06653225806451613,0.1,19,0.0008799843292800841,0.0008791621575244424
91,5,32,33,0.06653225806451613,0.5,1,0.3786012324148055,0.38286939222216365
91,5,32,33,0.06653225806451613,0.5,3,0.12525250231205332,0.1243695720916758
91,5,32,33,0.06653225806451613,0.5,5,0.07511674107682492,0.07443642542949414
91,5,32,33,0.06653225806451613,0.5,7,0.05364733168483623,0.05312714957198852
91,5,32,33,0.06653225806451613,0.5,9,0.041723084819254116,0.04130611257995128
91,5,32,33,0.06653225806451613,0.5,11,0.034135893005289054,0.03378901922955384
91,5,32,33,0.06653225806451613,0.5,13,0.028883599965383484,0.02858702682345083
91,5,32,33,0.06653225806451613,0.5,15,0.025032093522314846,0.024773243292227236
91,5,32,33,0.06653225806451613,0.5,17,0.022086914980320928,0.02185735378645598
91,5,32,33,0.06653225806451613,0.5,19,0.019761825663673512,0.019555641794285115
91,5,32,33,0.06653225806451613,1.0,1,1.1328166675469329,1.1618240458614966
91,5,32,33,0.06653225806451613,1.0,3,0.3759939024264503,0.3575610419198522
91,5,32,33,0.06653225806451613,1.0,5,0.22571739502749472,0.2127542375889026
91,5,32,33,0.06653225806451613,1.0,7,0.16122350722428067,0.15158150952479268
91,5,32,33,0.06653225806451613,1.0,9,0.12538605002165096,0.11776268652400898
91,5,32,33,0.06653225806451613,1.0,11,0.10258071730751393,0.09629148987829805
91,5,32,33,0.06653225806451613,1.0,13,0.08679343232764343,0.08144624795951186
91,5,32,33,0.06653225806451613,1.0,15,0.07521693027157861,0.07056868474658783
91,5,32,33,0.06653225806451613,1.0,17,0.0663649181667812,0.06225517842785102
91,5,32,33,0.06653225806451613,1.0,19,0.05937691823462798,0.055694496554041226
92,5,32,33,0.06653225806451613,0.1,1,0.0127022617769587,0.01270418876382185
92,5,32,33,0.06653225806451613,0.1,3,0.004231028429876614,0.004230394679457818
92,5,32,33,0.06653225806451613,0.1,5,0.0025384685445194316,0.0025380017186539803
92,5,32,33,0.06653225806451613,0.1,7,0.0018131622506087498,0.0018128071600556754
92,5,32,33,0.06653225806451613,0.1,9,0.0014102277345970167,0.0014099431814546576
92,5,32,33,0.06653225806451613,0.1,11,0.0011538186833791565,0.0011535818068755855
92,5,32,33,0.06653225806451613,0.1,13,0.0009763061443186498,0.000976103446932999
92,5,32,33,0.06653225806451613,0.1,15,0.000846130907545531,0.0008459538498264769
92,5,32,33,0.06653225806451613,0.1,17,0.0007465854486583205,0.0007464283117670693
92,5,32,33,0.06653225806451613,0.1,19,0.0006679970969442736,0.0006678558726572204
92,5,32,33,0.06653225806451613,0.5,1,0.2968358058009205,0.2970067693346838
92,5,32,33,0.06653225806451613,0.5,3,0.09735846592953863,0.09680958747390028
92,5,32,33,0.06653225806451613,0.5,5,0.05833914288776002,0.057980523642554564
92,5,32,33,0.06653225806451613,0.5,7,0.04165581323769784,0.04139354714852337
92,5,32,33,0.06653225806451613,0.5,9,0.03239414829094084,0.032188088894284275
92,5,32,33,0.06653225806451613,0.5,11,0.026502301988141658,0.026332798674793486
92,5,32,33,0.06653225806451613,0.5,13,0.02242404810422735,0.022280155302599042
92,5,32,33,0.06653225806451613,0.5,15,0.019433642494404258,0.019308668224554383
92,5,32,33,0.06653225806451613,0.5,17,0.01714701673065248,0.01703657993198577
92,5,32,33,0.06653225806451613,0.5,19,0.015341869521930323,0.015242948979085597
92,5,32,33,0.06653225806451613,1.0,1,0.967298906790396,0.9644011906845181
92,5,32,33,0.06653225806451613,1.0,3,0.3081429977921428,0.30168533638230355
92,5,32,33,0.06653225806451613,1.0,5,0.18400755291678836,0.18011838095485425
92,5,32,33,0.06653225806451613,1.0,7,0.13125413529492935,0.1284729324145162
92,5,32,33,0.06653225806451613,1.0,9,0.10202790623892544,0.09986162168950735
92,5,32,33,0.06653225806451613,1.0,11,0.08345278300509584,0.08167797815622044
92,5,32,33,0.06653225806451613,1.0,13,0.07060180323667802,0.06909830557272753
92,5,32,33,0.06653225806451613,1.0,15,0.06118159764943658,0.059877295619969066
92,5,32,33,0.06653225806451613,1.0,17,0.05397982042923055,0.05282802126612764
92,5,32,33,0.06653225806451613,1.0,19,0.04829524209920088,0.04726396870818553
93,5,32,33,0.06653225806451613,0.1,1,0.012882510981884856,0.013486175458280599
93,5,32,33,0.06653225806451613,0.1,3,0.004285925115565117,0.004485107730601279
93,5,32,33,0.06653225806451613,0.1,5,0.0025709139064715794,0.00269005576923357
93,5,32,33,0.06653225806451613,0.1,7,0.0018361959252775478,0.0019211762548789343
93,5,32,33,0.06653225806451613,0.1,9,0.0014280834869746792,0.0014941253405538223
93,5,32,33,0.06653225806451613,0.1,11,0.0011683976071141299,0.0012224032516800413
93,5,32,33,0.06653225806451613,0.1,13,0.0009886246066285738,0.0010343047432346466
93,5,32,33,0.06653225806451613,0.1,15,0.000856795851472382,0.0008963744452076596
93,5,32,33,0.06653225806451613,0.1,17,0.0007559882818538354,0.0007909032003622838
93,5,32,33,0.06653225806451613,0.1,19,0.0006764049498088451,0.0007076393838009052
93,5,32,33,0.06653225806451613,0.5,1,0.3033687586695172,0.316932355612241
93,5,32,33,0.06653225806451613,0.5,3,0.09830177924005203,0.10315262152663264
93,5,32,33,0.06653225806451613,0.5,5,0.05884364775236587,0.06169999467023556
93,5,32,33,0.06653225806451613,0.5,7,0.04200210343892425,0.04402075161110443
93,5,32,33,0.06653225806451613,0.5,9,0.03265830102747041,0.0342180940252201
93,5,32,33,0.06653225806451613,0.5,11,0.02671599218771879,0.02798656813770831
93,5,32,33,0.06653225806451613,0.5,13,0.022603536766326645,0.023675245641462034
93,5,32,33,0.06653225806451613,0.5,15,0.019588401139247955,0.020515013019091907
93,5,32,33,0.06653225806451613,0.5,17,0.017283052204325345,0.01809914217470877
93,5,32,33,0.06653225806451613,0.5,19,0.015463232936676216,0.01619234067297915
93,5,32,33,0.06653225806451613,1.0,1,0.9920060559690205,1.0263499298842398
93,5,32,33,0.06653225806451613,1.0,3,0.31184749310948184,0.32273053725791684
93,5,32,33,0.06653225806451613,1.0,5,0.1860320023526032,0.19218446929148247
93,5,32,33,0.06653225806451613,1.0,7,0.1326283927047955,0.13691550406380273
93,5,32,33,0.06653225806451613,1.0,9,0.10306253420591165,0.10635285793762737
93,5,32,33,0.06653225806451613,1.0,11,0.08428040446133105,0.08695029216265754
93,5,32,33,0.06653225806451613,1.0,13,0.07129060937388029,0.07353703943145484
93,5,32,33,0.06653225806451613,1.0,15,0.06177106937384107,0.0637100325387253
93,5,32,33,0.06653225806451613,1.0,17,0.05449478957615449,0.056200345753595324
93,5,32,33,0.06653225806451613,1.0,19,0.04875231115961271,0.0502746312698733
94,5,32,33,0.06653225806451613,0.1,1,0.013755134060339439,0.013876218127899189
94,5,32,33,0.06653225806451613,0.1,3,0.004580636335082215,0.004620259164929783
94,5,32,33,0.06653225806451613,0.1,5,0.0027481703822285182,0.0027719067818793883
94,5,32,33,0.06653225806451613,0.1,7,0.0019629372420692714,0.001979884436058091
94,5,32,33,0.06653225806451613,0.1,9,0.0015267156505778337,0.0015398944365537296
94,5,32,33,0.06653225806451613,0.1,11,0.0012491254721271007,0.0012599071350816043
94,5,32,33,0.06653225806451613,0.1,13,0.0010569496387775532,0.0010660721071990105
94,5,32,33,0.06653225806451613,0.1,15,0.0009160215609590841,0.0009239274407426315
94,5,32,33,0.06653225806451613,0.1,17,0.0008082534579530598,0.0008152290812031866
94,5,32,33,0.06653225806451613,0.1,19,0.000723173606715193,0.0007294148577892968
94,5,32,33,0.06653225806451613,0.5,1,0.3178104663835037,0.32166870386933094
94,5,32,33,0.06653225806451613,0.5,3,0.10351467106326319,0.10470884033381454
94,5,32,33,0.06653225806451613,0.5,5,0.06199395211907287,0.06270439588405347
94,5,32,33,0.06653225806451613,0.5,7,0.04425881371756968,0.04476500306761395
94,5,32,33,0.06653225806451613,0.5,9,0.03441629634157859,0.034809583899723925
94,5,32,33,0.06653225806451613,0.5,11,0.028155795777172313,0.028477402885438992
94,5,32,33,0.06653225806451613,0.5,13,0.023822678817220857,0.024094722985450918
94,5,32,33,0.06653225806451613,0.5,15,0.02064552992870659,0.02088125522404571
94,5,32,33,0.06653225806451613,0.5,17,0.018216177201714808,0.018424142743273916
94,5,32,33,0.06653225806451613,0.5,19,0.016298391980412472,0.016484449220839185
94,5,32,33,0.06653225806451613,1.0,1,1.0017454068271814,1.0153404703331004
94,5,32,33,0.06653225806451613,1.0,3,0.3091066263719617,0.31583176314108896
94,5,32,33,0.06653225806451613,1.0,5,0.18416872334286638,0.18857784970471997
94,5,32,33,0.06653225806451613,1.0,7,0.1312927999846596,0.13452299318826633
94,5,32,33,0.06653225806451613,1.0,9,0.1020344633458552,0.10457339689208046
94,5,32,33,0.06653225806451613,1.0,11,0.08344869283120492,0.08553712798052106
94,5,32,33,0.06653225806451613,1.0,13,0.07059385572400063,0.07236643989125621
94,5,32,33,0.06653225806451613,1.0,15,0.061172326139942064,0.062711537804037
94,5,32,33,0.06653225806451613,1.0,17,0.05397026484540717,0.0553301493015155
94,5,32,33,0.06653225806451613,1.0,19,0.04828584828489515,0.04950369067240275
95,5,32,33,0.06653225806451613,0.1,1,0.012712187836233513,0.012746689705652412
95,5,32,33,0.06653225806451613,0.1,3,0.004234300989782076,0.004243470189259573
95,5,32,33,0.06653225806451613,0.1,5,0.0025404313792747398,0.002545727449738645
95,5,32,33,0.06653225806451613,0.1,7,0.0018145643644794055,0.0018182898297556035
95,5,32,33,0.06653225806451613,0.1,9,0.0014113183684703104,0.0014141922329045133
95,5,32,33,0.06653225806451613,0.1,11,0.0011547110918193328,0.001157050420867058
95,5,32,33,0.06653225806451613,0.1,13,0.0009770613085147441,0.0009790338320094473
95,5,32,33,0.06653225806451613,0.1,15,0.0008467854178962932,0.0008484906056635363
95,5,32,33,0.06653225806451613,0.1,17,0.0007471629829006701,0.0007486646663509326
95,5,32,33,0.06653225806451613,0.1,19,0.000668513856769082,0.0006698554401442778
95,5,32,33,0.06653225806451613,0.5,1,0.29821955798959815,0.2981127529764193
95,5,32,33,0.06653225806451613,0.5,3,0.09770996705754809,0.09686654148066921
95,5,32,33,0.06653225806451613,0.5,5,0.05854351000378085,0.05798936813031065
95,5,32,33,0.06653225806451613,0.5,7,0.041800541142118675,0.04139344326752866
95,5,32,33,0.06653225806451613,0.5,9,0.03250632679241571,0.03218550951960811
95,5,32,33,0.06653225806451613,0.5,11,0.02659392869316123,0.026329472041235112
95,5,32,33,0.06653225806451613,0.5,13,0.022501504932019,0.022276660740485926
95,5,32,33,0.06653225806451613,0.5,15,0.019500733044446213,0.019305222388592225
95,5,32,33,0.06653225806451613,0.5,17,0.017206192181102108,0.017033265429951622
95,5,32,33,0.06653225806451613,0.5,19,0.015394802570637389,0.0152397938696178
95,5,32,33,0.06653225806451613,1.0,1,0.9796360732607903,0.9657805550263051
95,5,32,33,0.06653225806451613,1.0,3,0.3104242396121712,0.2952086005466518
95,5,32,33,0.06653225806451613,1.0,5,0.1853958375143841,0.17593837449860342
95,5,32,33,0.06653225806451613,1.0,7,0.13225644137026085,0.12543917783395378
95,5,32,33,0.06653225806451613,1.0,9,0.10281191223977014,0.09748977426561917
95,5,32,33,0.06653225806451613,1.0,11,0.08409635271689592,0.07973358346944492
95,5,32,33,0.06653225806451613,1.0,13,0.07114749221387243,0.0674518271427428
95,5,32,33,0.06653225806451613,1.0,15,0.06165519030779492,0.05845002231413962
95,5,32,33,0.06653225806451613,1.0,17,0.054398112228368684,0.051568670152554244
95,5,32,33,0.06653225806451613,1.0,19,0.048669779010203806,0.04613731075140768
96,5,32,33,0.06653225806451613,0.1,1,0.012863230645952127,0.012863246486487054
96,5,32,33,0.06653225806451613,0.1,3,0.004283399598850895,0.004283400112132418
96,5,32,33,0.06653225806451613,0.1,5,0.002569830173728354,0.0025698302832051715
96,5,32,33,0.06653225806451613,0.1,7,0.001835551714596209,0.0018355517543547813
96,5,32,33,0.06653225806451613,0.1,9,0.0014276381231010614,0.0014276381417822953
96,5,32,33,0.06653225806451613,0.1,11,0.0011680620835952398,0.001168062093818905
96,5,32,33,0.06653225806451613,0.1,13,0.0009883575616186707,0.0009883575678104788
96,5,32,33,0.06653225806451613,0.1,15,0.0008565751053778281,0.0008565751094067696
96,5,32,33,0.06653225806451613,0.1,17,0.0007558007096708428,0.0007558007124444983
96,5,32,33,0.06653225806451613,0.1,19,0.0006762422045169163,0.0006762422065030104
96,5,32,33,0.06653225806451613,0.5,1,0.3028402128705259,0.3028706288488823
96,5,32,33,0.06653225806451613,0.5,3,0.09879708974955775,0.0987991180843417
96,5,32,33,0.06653225806451613,0.5,5,0.059173572859582795,0.05917405574534868
96,5,32,33,0.06653225806451613,0.5,7,0.04224611468082733,0.04224629588771042
96,5,32,33,0.06653225806451613,0.5,9,0.032851442117322466,0.03285152844011898
96,5,32,33,0.06653225806451613,0.5,11,0.026875696943984905,0.026875744525218452
96,5,32,33,0.06653225806451613,0.5,13,0.022739632518155143,0.022739661450424643
96,5,32,33,0.06653225806451613,0.5,15,0.019706951661067472,0.01970697053863676
96,5,32,33,0.06653225806451613,0.5,17,0.01738805628193301,0.017388069270097794
96,5,32,33,0.06653225806451613,0.5,19,0.015557464460643053,0.015557473774043533
96,5,32,33,0.06653225806451613,1.0,1,0.9980164753008254,0.9982727381525726
96,5,32,33,0.06653225806451613,1.0,3,0.3144450878551752,0.31452033062954465
96,5,32,33,0.06653225806451613,1.0,5,0.1877728787484987,0.18779526118631593
96,5,32,33,0.06653225806451613,1.0,7,0.13394518435216649,0.1339542243433445
96,5,32,33,0.06653225806451613,1.0,9,0.10412220956403402,0.10412665864289367
96,5,32,33,0.06653225806451613,1.0,11,0.08516707205780967,0.08516956669640328
96,5,32,33,0.06653225806451613,1.0,13,0.07205283296843534,0.07205436516020391
96,5,32,33,0.06653225806451613,1.0,15,0.06243946850521821,0.06244047461449037
96,5,32,33,0.06653225806451613,1.0,17,0.05508991961625061,0.055090614820293995
96,5,32,33,0.06653225806451613,1.0,19,0.04928864026174744,0.04928914028184059
97,5,32,33,0.06653225806451613,0.1,1,0.013350353450845908,0.013313770569145893
97,5,32,33,0.06653225806451613,0.1,3,0.004445762914716228,0.004429256675401686
97,5,32,33,0.06653225806451613,0.1,5,0.0026672098845289755,0.0026567427878212637
97,5,32,33,0.06653225806451613,0.1,7,0.0019050939795781806,0.0018974420087255275
97,5,32,33,0.06653225806451613,0.1,9,0.0014817196083750232,0.0014756916616478473
97,5,32,33,0.06653225806451613,0.1,11,0.001212306771958283,0.0012073348521036461
97,5,32,33,0.06653225806451613,0.1,13,0.0010257930776884287,0.0010215625900923129
97,5,32,33,0.06653225806451613,0.1,15,0.0008890177271157926,0.0008853363521968693
97,5,32,33,0.06653225806451613,0.1,17,0.0007844255292957167,0.0007811671530828875
97,5,32,33,0.06653225806451613,0.1,19,0.0007018531536504812,0.0006989306187308035
97,5,32,33,0.06653225806451613,0.5,1,0.31128756870838215,0.3136998002116585
97,5,32,33,0.06653225806451613,0.5,3,0.10164606135639788,0.10234622855902428
97,5,32,33,0.06653225806451613,0.5,5,0.060888262063070644,0.06124682116414938
97,5,32,33,0.06653225806451613,0.5,7,0.043471829701497725,0.043706803454307115
97,5,32,33,0.06653225806451613,0.5,9,0.033804996567018436,0.03397821353204362
97,5,32,33,0.06653225806451613,0.5,11,0.027655930785999136,0.02779257131033907
97,5,32,33,0.06653225806451613,0.5,13,0.023399836351351753,0.023512435493213583
97,5,32,33,0.06653225806451613,0.5,15,0.02027912050661003,0.02037476863641485
97,5,32,33,0.06653225806451613,0.5,17,0.017892899925863636,0.017975978681629614
97,5,32,33,0.06653225806451613,0.5,19,0.0160091554434413,0.016082554097473296
97,5,32,33,0.06653225806451613,1.0,1,1.0023703884222896,1.0243621151614923
97,5,32,33,0.06653225806451613,1.0,3,0.3167138489568864,0.3274779361905561
97,5,32,33,0.06653225806451613,1.0,5,0.18909790080570332,0.1952717569936982
97,5,32,33,0.06653225806451613,1.0,7,0.13487122582106578,0.13916409643331762
97,5,32,33,0.06653225806451613,1.0,9,0.10483146679399093,0.10811441100666995
97,5,32,33,0.06653225806451613,1.0,11,0.08574093974531072,0.08839630811246864
97,5,32,33,0.06653225806451613,1.0,13,0.07253436345129477,0.07476267135579422
97,5,32,33,0.06653225806451613,1.0,15,0.0628540925132564,0.0647732576674171
97,5,32,33,0.06653225806451613,1.0,17,0.055453875690446894,0.057139012764267805
97,5,32,33,0.06653225806451613,1.0,19,0.04961291523402694,0.05111477972189861
98,5,32,33,0.06653225806451613,0.1,1,0.01174578210707708,0.012379871084320647
98,5,32,33,0.06653225806451613,0.1,3,0.003911375203321563,0.004122381030744876
98,5,32,33,0.06653225806451613,0.1,5,0.0023466384308838783,0.00247322507350767
98,5,32,33,0.06653225806451613,0.1,7,0.0016761335644894992,0.0017665492839054862
98,5,32,33,0.06653225806451613,0.1,9,0.0013036476781363184,0.00137396995624563
98,5,32,33,0.06653225806451613,0.1,11,0.0010666159565738541,0.0011241519273490958
98,5,32,33,0.06653225806451613,0.1,13,0.0009025188234727575,0.0009512028930199516
98,5,32,33,0.06653225806451613,0.1,15,0.000782181691341775,0.0008243744355781374
98,5,32,33,0.06653225806451613,0.1,17,0.0006901595557802015,0.0007273883793335141
98,5,32,33,0.06653225806451613,0.1,19,0.0006175107046163534,0.0006508206617080938
98,5,32,33,0.06653225806451613,0.5,1,0.2768875434643028,0.2897067030376605
98,5,32,33,0.06653225806451613,0.5,3,0.09026158098196309,0.09412161915652305
98,5,32,33,0.06653225806451613,0.5,5,0.05406077138767521,0.056355954777165485
98,5,32,33,0.06653225806451613,0.5,7,0.03859592373652518,0.04023122867293777
98,5,32,33,0.06653225806451613,0.5,9,0.03001299945928014,0.031283586303558875
98,5,32,33,0.06653225806451613,0.5,11,0.024553584024925693,0.025592609468024705
98,5,32,33,0.06653225806451613,0.5,13,0.02077488981770947,0.021653799622688374
98,5,32,33,0.06653225806451613,0.5,15,0.01800424128694027,0.01876581870041473
98,5,32,33,0.06653225806451613,0.5,17,0.015885704164770687,0.01655759906914001
98,5,32,33,0.06653225806451613,0.5,19,0.014213279424867315,0.014814395117009273
98,5,32,33,0.06653225806451613,1.0,1,0.9201042360006118,0.9445831533871767
98,5,32,33,0.06653225806451613,1.0,3,0.28625676267301486,0.286565497038926
98,5,32,33,0.06653225806451613,1.0,5,0.17075487413065102,0.17032653360430416
98,5,32,33,0.06653225806451613,1.0,7,0.12177035999131754,0.12132913648479011
98,5,32,33,0.06653225806451613,1.0,9,0.09464701201736325,0.09425862387459952
98,5,32,33,0.06653225806451613,1.0,11,0.07741224555127205,0.07707535475406194
98,5,32,33,0.06653225806451613,1.0,13,0.06548990548137748,0.06519543253244137
98,5,32,33,0.06653225806451613,1.0,15,0.05675097638187605,0.05649061319899975
98,5,32,33,0.06653225806451613,1.0,17,0.050070296972135546,0.049837512072893136
98,5,32,33,0.06653225806451613,1.0,19,0.044797170758993136,0.04458696838134975
99,5,32,33,0.06653225806451613,0.1,1,0.013524301191899107,0.01396075720468177
99,5,32,33,0.06653225806451613,0.1,3,0.004503793372991416,0.004649468664441908
99,5,32,33,0.06653225806451613,0.1,5,0.0027020602584825245,0.0027894449608177625
99,5,32,33,0.06653225806451613,0.1,7,0.0019299989699272679,0.0019924071778698376
99,5,32,33,0.06653225806451613,0.1,9,0.0015010956996622043,0.001549630699629116
99,5,32,33,0.06653225806451613,0.1,11,0.001228162950877959,0.0012678707545004187
99,5,32,33,0.06653225806451613,0.1,13,0.0010392116588304166,0.0010728089415865552
99,5,32,33,0.06653225806451613,0.1,15,0.0009006483394317846,0.0009297649159457546
99,5,32,33,0.06653225806451613,0.1,17,0.0007946886385154862,0.0008203789973944247
99,5,32,33,0.06653225806451613,0.1,19,0.000711036509811423,0.0007340220897091056
99,5,32,33,0.06653225806451613,0.5,1,0.31513432113784295,0.32483385689980016
99,5,32,33,0.06653225806451613,0.5,3,0.10264827012862461,0.10620999238671104
99,5,32,33,0.06653225806451613,0.5,5,0.061470344751756084,0.06362059795791797
99,5,32,33,0.06653225806451613,0.5,7,0.043883805578782006,0.04542172674613298
99,5,32,33,0.06653225806451613,0.5,9,0.034124232090932335,0.03532085809237752
99,5,32,33,0.06653225806451613,0.5,11,0.027916644349014492,0.028895818985631063
99,5,32,33,0.06653225806451613,0.5,13,0.023620214320516666,0.02444876693870352
99,5,32,33,0.06653225806451613,0.5,15,0.020469996143045722,0.021188066155736433
99,5,32,33,0.06653225806451613,0.5,17,0.018061252193573178,0.018694826383139865
99,5,32,33,0.06653225806451613,0.5,19,0.01615974573729202,0.01672660988565982
99,5,32,33,0.06653225806451613,1.0,1,1.0117066288463281,1.0372699323390686
99,5,32,33,0.06653225806451613,1.0,3,0.3104997545773804,0.32457112159000195
99,5,32,33,0.06653225806451613,1.0,5,0.18480411664238908,0.19356491376546742
99,5,32,33,0.06653225806451613,1.0,7,0.13170202260974895,0.13801977768055937
99,5,32,33,0.06653225806451613,1.0,9,0.10233704639254033,0.10726876247214925
99,5,32,33,0.06653225806451613,1.0,11,0.08368919862515098,0.08773106008221414
99,5,32,33,0.06653225806451613,1.0,13,0.07079365720118985,0.0742167140988329
99,5,32,33,0.06653225806451613,1.0,15,0.06134333035562374,0.06431145675905887
99,5,32,33,0.06653225806451613,1.0,17,0.054119794972318384,0.05673950285681344
99,5,32,33,0.06653225806451613,1.0,19,0.04841873528096318,0.05076310738128643
100,5,32,33,0.06653225806451613,0.1,1,0.01341802376390157,0.012769693661629757
100,5,32,33,0.06653225806451613,0.1,3,0.004465204285588744,0.004249057785589165
100,5,32,33,0.06653225806451613,0.1,5,0.0026784370582090414,0.002548829891916234
100,5,32,33,0.06653225806451613,0.1,7,0.001912974880291878,0.0018204292894760572
100,5,32,33,0.06653225806451613,0.1,9,0.001487788439749126,0.0014158231733071474
100,5,32,33,0.06653225806451613,0.1,11,0.0012172402695350504,0.0011583676023584016
100,5,32,33,0.06653225806451613,0.1,13,0.001029948776827416,0.000980138280802031
100,5,32,33,0.06653225806451613,0.1,15,0.0008926073376291587,0.0008494413825479218
100,5,32,33,0.06653225806451613,0.1,17,0.0007875847148874563,0.0007494992608148262
100,5,32,33,0.06653225806451613,0.1,19,0.0007046740460636486,0.0006705991266715443
100,5,32,33,0.06653225806451613,0.5,1,0.3154131864049623,0.2993966688811433
100,5,32,33,0.06653225806451613,0.5,3,0.10301810161493215,0.09718650885324735
100,5,32,33,0.06653225806451613,0.5,5,0.06166894548743731,0.058154319372740966
100,5,32,33,0.06653225806451613,0.5,7,0.044013753479440594,0.04150155306176906
100,5,32,33,0.06653225806451613,0.5,9,0.03421918606259975,0.03226510916155866
100,5,32,33,0.06653225806451613,0.5,11,0.027990853824995304,0.02639217641164323
100,5,32,33,0.06653225806451613,0.5,13,0.02368085444972301,0.02232826585004084
100,5,32,33,0.06653225806451613,0.5,15,0.0205211316166189,0.019349008821617126
100,5,32,33,0.06653225806451613,0.5,17,0.0181053882568428,0.017071260153390454
100,5,32,33,0.06653225806451613,0.5,19,0.01619852707434041,0.015273332744786934
100,5,32,33,0.06653225806451613,1.0,1,1.0313471755071413,0.9754644344670657
100,5,32,33,0.06653225806451613,1.0,3,0.327378885807306,0.30547262843594764
100,5,32,33,0.06653225806451613,1.0,5,0.19551233771846102,0.18217703792546114
100,5,32,33,0.06653225806451613,1.0,7,0.13944517177005095,0.1298688657439573
100,5,32,33,0.06653225806451613,1.0,9,0.10838266551979325,0.10091434364863923
100,5,32,33,0.06653225806451613,1.0,11,0.08864221811911253,0.08252201162569878
100,5,32,33,0.06653225806451613,1.0,13,0.07498641801339213,0.06980235408655958
100,5,32,33,0.06653225806451613,1.0,15,0.0649772023547876,0.06048103533002113
100,5,32,33,0.06653225806451613,1.0,17,0.05732576434365839,0.053356395772616215
100,5,32,33,0.06653225806451613,1.0,19,0.05128669259073398,0.047733665450295705
101,5,32,33,0.06653225806451613,0.1,1,0.012209738797242835,0.012210201631870251
101,5,32,33,0.06653225806451613,0.1,3,0.004066492032675983,0.004066550965292057
101,5,32,33,0.06653225806451613,0.1,5,0.002439723929861306,0.0024397424484391313
101,5,32,33,0.06653225806451613,0.1,7,0.0017426248620116306,0.0017426325314437276
101,5,32,33,0.06653225806451613,0.1,9,0.0013553632267113062,0.001355366708271318
101,5,32,33,0.06653225806451613,0.1,11,0.0011089285384082862,0.0011089300688390514
101,5,32,33,0.06653225806451613,0.1,13,0.0009383216224742678,0.0009383221356268517
101,5,32,33,0.06653225806451613,0.1,15,0.0008132106524670657,0.0008132105959363125
101,5,32,33,0.06653225806451613,0.1,17,0.0007175379456731785,0.0007175375553673626
101,5,32,33,0.06653225806451613,0.1,19,0.0006420070753185354,0.0006420064844222169
101,5,32,33,0.06653225806451613,0.5,1,0.28610853513449264,0.285949220571629
101,5,32,33,0.06653225806451613,0.5,3,0.09365224943722153,0.09361947860039639
101,5,32,33,0.06653225806451613,0.5,5,0.05611265235931758,0.056095113311787466
101,5,32,33,0.06653225806451613,0.5,7,0.04006488515037619,0.04005310911482737
101,5,32,33,0.06653225806451613,0.5,9,0.03115654504007955,0.031147651916204517
101,5,32,33,0.06653225806451613,0.5,11,0.025489614184449113,0.025482461594347132
101,5,32,33,0.06653225806451613,0.5,13,0.021567100748767172,0.021561115900592783
101,5,32,33,0.06653225806451613,0.5,15,0.018690919304469544,0.018685773158457923
101,5,32,33,0.06653225806451613,0.5,17,0.01649164935309431,0.01648713513917305
101,5,32,33,0.06653225806451613,0.5,19,0.01475547195424895,0.014751451138284296
101,5,32,33,0.06653225806451613,1.0,1,0.9417235247544451,0.9386470613412166
101,5,32,33,0.06653225806451613,1.0,3,0.3001844297816074,0.30020076790093314
101,5,32,33,0.06653225806451613,1.0,5,0.17939518430531837,0.17921583856136092
101,5,32,33,0.06653225806451613,1.0,7,0.12799312155210546,0.12780532509092551
101,5,32,33,0.06653225806451613,1.0,9,0.09950228527412126,0.09933041686491827
101,5,32,33,0.06653225806451613,1.0,11,0.08139074195934767,0.08123673162922636
101,5,32,33,0.06653225806451613,1.0,13,0.06885908556063208,0.06872095327801232
101,5,32,33,0.06653225806451613,1.0,15,0.05967235008875064,0.059547684292958994
101,5,32,33,0.06653225806451613,1.0,17,0.052648767940431225,0.052535437430276825
101,5,32,33,0.06653225806451613,1.0,19,0.04710468890703473,0.047000940525172764
102,5,32,33,0.06653225806451613,0.1,1,0.015894552147975197,0.0157976234374518
102,5,32,33,0.06653225806451613,0.1,3,0.00528820631739471,0.005259465229511206
102,5,32,33,0.06653225806451613,0.1,5,0.0031720510658479906,0.0031553396973933467
102,5,32,33,0.06653225806451613,0.1,7,0.0022655070727146207,0.0022537413814873093
102,5,32,33,0.06653225806451613,0.1,9,0.0017619604841649017,0.0017528848528296735
102,5,32,33,0.06653225806451613,0.1,11,0.0014415531050435352,0.0014341673587887419
102,5,32,33,0.06653225806451613,0.1,13,0.0012197464246553541,0.0012135204300093728
102,5,32,33,0.06653225806451613,0.1,15,0.0010570952086454137,0.001051714355098934
102,5,32,33,0.06653225806451613,0.1,17,0.0009327188042567118,0.0009279811613768619
102,5,32,33,0.06653225806451613,0.1,19,0.0008345292846331799,0.0008302975473034103
102,5,32,33,0.06653225806451613,0.5,1,0.36959810208627014,0.359368684162686
102,5,32,33,0.06653225806451613,0.5,3,0.12007747200656525,0.11691618050763049
102,5,32,33,0.06653225806451613,0.5,5,0.07185701028727637,0.07001746958072941
102,5,32,33,0.06653225806451613,0.5,7,0.05128082968018988,0.04998430606559367
102,5,32,33,0.06653225806451613,0.5,9,0.039867845369907486,0.03886693305752156
102,5,32,33,0.06653225806451613,0.5,11,0.03261091221527445,0.0317958745626196
102,5,32,33,0.06653225806451613,0.5,13,0.027589311376061357,0.02690193905475341
102,5,32,33,0.06653225806451613,0.5,15,0.023907981378861708,0.023313702819453545
102,5,32,33,0.06653225806451613,0.5,17,0.02109348338629764,0.020570093566694602
102,5,32,33,0.06653225806451613,0.5,19,0.018871884677968978,0.018404275861003114
102,5,32,33,0.06653225806451613,1.0,1,1.1678210110855334,1.0892638581910192
102,5,32,33,0.06653225806451613,1.0,3,0.36428063280307565,0.358660908937675
102,5,32,33,0.06653225806451613,1.0,5,0.21713319419157132,0.21495896613559656
102,5,32,33,0.06653225806451613,1.0,7,0.1547620540836131,0.15344921487762728
102,5,32,33,0.06653225806451613,1.0,9,0.12024687930202882,0.11930531329739544
102,5,32,33,0.06653225806451613,1.0,11,0.09832547791633112,0.09758932478326626
102,5,32,33,0.06653225806451613,1.0,13,0.08316659816650006,0.08256101596416056
102,5,32,33,0.06653225806451613,1.0,15,0.07205847580193216,0.0715434264436843
102,5,32,33,0.06653225806451613,1.0,17,0.06356853500028417,0.06312007579188571
102,5,32,33,0.06653225806451613,1.0,19,0.05686857794117959,0.05647122890873112
103,5,32,33,0.06653225806451613,0.1,1,0.012837270139381927,0.01324576178098274
103,5,32,33,0.06653225806451613,0.1,3,0.004274918306188237,0.004405419714101241
103,5,32,33,0.06653225806451613,0.1,5,0.0025647380995152853,0.0026423349182038347
103,5,32,33,0.06653225806451613,0.1,7,0.0018319115036832991,0.0018871212755212892
103,5,32,33,0.06653225806451613,0.1,9,0.0014248051346287777,0.0014676523426052548
103,5,32,33,0.06653225806451613,0.1,11,0.0011657431663729184,0.0012007511292377547
103,5,32,33,0.06653225806451613,0.1,13,0.0009863947563193102,0.0010159882504098276
103,5,32,33,0.06653225806451613,0.1,15,0.0008548735759158975,0.000880503069187623
103,5,32,33,0.06653225806451613,0.1,17,0.0007542990579471169,0.0007769010321188968
103,5,32,33,0.06653225806451613,0.1,19,0.0006748984018907152,0.0006951125416885419
103,5,32,33,0.06653225806451613,0.5,1,0.2998347322280786,0.31215155894216995
103,5,32,33,0.06653225806451613,0.5,3,0.09799581607479062,0.10167222109789259
103,5,32,33,0.06653225806451613,0.5,5,0.05870925800656816,0.060806739754776476
103,5,32,33,0.06653225806451613,0.5,7,0.04191747701811944,0.04338091774065055
103,5,32,33,0.06653225806451613,0.5,9,0.032596679533925206,0.03371973739236183
103,5,32,33,0.06653225806451613,0.5,11,0.026667549172348082,0.027578494474754103
103,5,32,33,0.06653225806451613,0.5,13,0.022563622794254536,0.023329781922513015
103,5,32,33,0.06653225806451613,0.5,15,0.01955445717987487,0.02021551385104583
103,5,32,33,0.06653225806451613,0.5,17,0.017253521043406144,0.017834818797518002
103,5,32,33,0.06653225806451613,0.5,19,0.015437096793561608,0.01595580251788848
103,5,32,33,0.06653225806451613,1.0,1,0.9783012318088741,1.0226949066175754
103,5,32,33,0.06653225806451613,1.0,3,0.31354903629376485,0.33149306621414487
103,5,32,33,0.06653225806451613,1.0,5,0.18741112205359597,0.1977721520907296
103,5,32,33,0.06653225806451613,1.0,7,0.13372204431328674,0.1409411141650897
103,5,32,33,0.06653225806451613,1.0,9,0.10396006586717474,0.10948571444154542
103,5,32,33,0.06653225806451613,1.0,11,0.08503914088490581,0.08951065592514482
103,5,32,33,0.06653225806451613,1.0,13,0.07194687699495775,0.07570037793584004
103,5,32,33,0.06653225806451613,1.0,15,0.06234887807095908,0.06558231015552973
103,5,32,33,0.06653225806451613,1.0,17,0.05501071021041811,0.05785027907003067
103,5,32,33,0.06653225806451613,1.0,19,0.04921821765739501,0.05174925303317418
104,5,32,33,0.06653225806451613,0.1,1,0.01377983408006694,0.012456571630794713
104,5,32,33,0.06653225806451613,0.1,3,0.004589314717473506,0.004142543988782724
104,5,32,33,0.06653225806451613,0.1,5,0.0027533984076146597,0.002485040112506569
104,5,32,33,0.06653225806451613,0.1,7,0.0019666756699071213,0.0017749323819452533
104,5,32,33,0.06653225806451613,0.1,9,0.0015296246358721096,0.0013804720923691193
104,5,32,33,0.06653225806451613,0.1,11,0.001251506097224918,0.0011294643700749017
104,5,32,33,0.06653225806451613,0.1,13,0.001058964279648006,0.0009556943905212878
104,5,32,33,0.06653225806451613,0.1,15,0.000917767727558909,0.0008282650831490196
104,5,32,33,0.06653225806451613,0.1,17,0.0008097942783999951,0.000730820133620753
104,5,32,33,0.06653225806451613,0.1,19,0.0007245522889942859,0.0006538904444944979
104,5,32,33,0.06653225806451613,0.5,1,0.3189217129356862,0.29438932164745524
104,5,32,33,0.06653225806451613,0.5,3,0.10402065418450976,0.09393590212065267
104,5,32,33,0.06653225806451613,0.5,5,0.062297721541599495,0.056115995548197455
104,5,32,33,0.06653225806451613,0.5,7,0.04447528260942702,0.04003261641245797
104,5,32,33,0.06653225806451613,0.5,9,0.034584347028779654,0.03112017631932045
104,5,32,33,0.06653225806451613,0.5,11,0.02829310309120813,0.025455166868310352
104,5,32,33,0.06653225806451613,0.5,13,0.02393874284146898,0.021535668632453927
104,5,32,33,0.06653225806451613,0.5,15,0.02074603979216264,0.01866243778228361
104,5,32,33,0.06653225806451613,0.5,17,0.01830480779144104,0.01646578903438454
104,5,32,33,0.06653225806451613,0.5,19,0.016377653978063518,0.014731877530187404
104,5,32,33,0.06653225806451613,1.0,1,1.0095013412472797,0.9694143953641325
104,5,32,33,0.06653225806451613,1.0,3,0.30924549220225706,0.2894795283672893
104,5,32,33,0.06653225806451613,1.0,5,0.18381481322328902,0.17022593575375797
104,5,32,33,0.06653225806451613,1.0,7,0.13092453249022484,0.12062519905666466
104,5,32,33,0.06653225806451613,1.0,9,0.10170303915241503,0.0934359005235157
104,5,32,33,0.06653225806451613,1.0,11,0.08315575691058569,0.07626317867422226
104,5,32,33,0.06653225806451613,1.0,13,0.07033391167040529,0.06443058668172484
104,5,32,33,0.06653225806451613,1.0,15,0.06093968635226542,0.055781158404406735
104,5,32,33,0.06653225806451613,1.0,17,0.05376019915606729,0.04918196266421131
104,5,32,33,0.06653225806451613,1.0,19,0.048094602774636716,0.04398081962988232
105,5,32,33,0.06653225806451613,0.1,1,0.012011478649036102,0.012012243134865718
105,5,32,33,0.06653225806451613,0.1,3,0.004003329921607423,0.0040033426759423524
105,5,32,33,0.06653225806451613,0.1,5,0.0024019740941158023,0.0024019701492220998
105,5,32,33,0.06653225806451613,0.1,7,0.0017156910855583955,0.0017156859858813126
105,5,32,33,0.06653225806451613,0.1,9,0.0013344248967608692,0.0013344202000104602
105,5,32,33,0.06653225806451613,0.1,11,0.001091801565712613,0.0010917974204474237
105,5,32,33,0.06653225806451613,0.1,13,0.0009238317910920434,0.0009238281363590214
105,5,32,33,0.06653225806451613,0.1,15,0.0008006540542027071,0.0008006508067302295
105,5,32,33,0.06653225806451613,0.1,17,0.0007064593624439747,0.000706456449829875
105,5,32,33,0.06653225806451613,0.1,19,0.0006320951580824749,0.0006320925224447387
105,5,32,33,0.06653225806451613,0.5,1,0.2847980806578321,0.28517400723925085
105,5,32,33,0.06653225806451613,0.5,3,0.09469758227149064,0.09470877238407494
105,5,32,33,0.06653225806451613,0.5,5,0.05680607371037516,0.056807505081065204
105,5,32,33,0.06653225806451613,0.5,7,0.040573285001785045,0.04057327018717066
105,5,32,33,0.06653225806451613,0.5,9,0.03155620239125494,0.03155585909350699
105,5,32,33,0.06653225806451613,0.5,11,0.025818380452614354,0.0258179622011084
105,5,32,33,0.06653225806451613,0.5,13,0.021846160907831595,0.02184574015844107
105,5,32,33,0.06653225806451613,0.5,15,0.018933251861323296,0.01893285086810567
105,5,32,33,0.06653225806451613,0.5,17,0.016705758798379003,0.016705383550455363
105,5,32,33,0.06653225806451613,0.5,19,0.014947225451069588,0.014946876258672243
105,5,32,33,0.06653225806451613,1.0,1,0.9612202237565118,0.9639410438490152
105,5,32,33,0.06653225806451613,1.0,3,0.3194255603396279,0.3197363423232528
105,5,32,33,0.06653225806451613,1.0,5,0.191453749406887,0.1916093181233018
105,5,32,33,0.06653225806451613,1.0,7,0.13670988622087085,0.13681431921397164
105,5,32,33,0.06653225806451613,1.0,9,0.10631591131279981,0.10639491029177912
105,5,32,33,0.06653225806451613,1.0,11,0.08697989211206969,0.08704358776310787
105,5,32,33,0.06653225806451613,1.0,13,0.0735955073583793,0.07364894146743084
105,5,32,33,0.06653225806451613,1.0,15,0.06378121175145482,0.06382726838400092
105,5,32,33,0.06653225806451613,1.0,17,0.05627661736405419,0.0563171058021372
105,5,32,33,0.06653225806451613,1.0,19,0.05035218346537983,0.05038831573606959
106,5,32,33,0.06653225806451613,0.1,1,0.012809930512038497,0.012755737561807368
106,5,32,33,0.06653225806451613,0.1,3,0.004265809037679102,0.004247614303462918
106,5,32,33,0.06653225806451613,0.1,5,0.0025592441382306314,0.002548322644857375
106,5,32,33,0.06653225806451613,0.1,7,0.0018279764817653284,0.0018201748588456414
106,5,32,33,0.06653225806451613,0.1,9,0.0014217394933738704,0.0014156715037819065
106,5,32,33,0.06653225806451613,0.1,11,0.0011632321482028295,0.001158267453281675
106,5,32,33,0.06653225806451613,0.1,13,0.000984268379111364,0.0009800675189142536
106,5,32,33,0.06653225806451613,0.1,15,0.0008530296324649185,0.0008493889192910081
106,5,32,33,0.06653225806451613,0.1,17,0.0007526713069871579,0.0007494589397627523
106,5,32,33,0.06653225806451613,0.1,19,0.0006734414628751305,0.0006705672611808291
106,5,32,33,0.06653225806451613,0.5,1,0.29972082243627435,0.29818730096142815
106,5,32,33,0.06653225806451613,0.5,3,0.0978774718554028,0.09736379345993454
106,5,32,33,0.06653225806451613,0.5,5,0.05862587526399984,0.05831434854482907
106,5,32,33,0.06653225806451613,0.5,7,0.041854921017466434,0.04163088573314636
106,5,32,33,0.06653225806451613,0.5,9,0.032546911407779364,0.032371906678519836
106,5,32,33,0.06653225806451613,0.5,11,0.02662630752331893,0.026482699030846622
106,5,32,33,0.06653225806451613,0.5,13,0.022528442620885547,0.0224066688671439
106,5,32,33,0.06653225806451613,0.5,15,0.01952379784718232,0.019418091105736942
106,5,32,33,0.06653225806451613,0.5,17,0.01722635928752706,0.017132971810250534
106,5,32,33,0.06653225806451613,0.5,19,0.015412719749848914,0.015329078679813646
106,5,32,33,0.06653225806451613,1.0,1,0.9766898657236812,0.9730488961410626
106,5,32,33,0.06653225806451613,1.0,3,0.3065899469975778,0.30971142064152685
106,5,32,33,0.06653225806451613,1.0,5,0.182805793525451,0.18496812407575766
106,5,32,33,0.06653225806451613,1.0,7,0.1303237434694912,0.13192565054982147
106,5,32,33,0.06653225806451613,1.0,9,0.10127486201296286,0.10253875078801
106,5,32,33,0.06653225806451613,1.0,11,0.08282181848802496,0.08386310071170414
106,5,32,33,0.06653225806451613,1.0,13,0.07005939461558217,0.07094384030078615
106,5,32,33,0.06653225806451613,1.0,15,0.06070617647366375,0.06147444209501495
106,5,32,33,0.06653225806451613,1.0,17,0.0535567716826879,0.0542356326198944
106,5,32,33,0.06653225806451613,1.0,19,0.047914232101066385,0.04852221618196126
107,5,32,33,0.06653225806451613,0.1,1,0.017972987711395865,0.01581849609068329
107,5,32,33,0.06653225806451613,0.1,3,0.00596608205780479,0.0052666533004205535
107,5,32,33,0.06653225806451613,0.1,5,0.0035769539992693247,0.003159398155842206
107,5,32,33,0.06653225806451613,0.1,7,0.0025541641213459605,0.0022565421549627742
107,5,32,33,0.06653225806451613,0.1,9,0.0019862295888132112,0.0017550167566907392
107,5,32,33,0.06653225806451613,0.1,11,0.0016249199746647888,0.0014358862065475834
107,5,32,33,0.06653225806451613,0.1,13,0.001374829150767286,0.001214959460982974
107,5,32,33,0.06653225806451613,0.1,15,0.0011914532874947594,0.001052951526096832
107,5,32,33,0.06653225806451613,0.1,17,0.0010512383655784203,0.0009290659343565284
107,5,32,33,0.06653225806451613,0.1,19,0.0009405507186135795,0.0008312632367167986
107,5,32,33,0.06653225806451613,0.5,1,0.4154337822929993,0.3654055863243401
107,5,32,33,0.06653225806451613,0.5,3,0.13409249676812007,0.12036167212934173
107,5,32,33,0.06653225806451613,0.5,5,0.08003644860509186,0.07209633410059924
107,5,32,33,0.06653225806451613,0.5,7,0.05704991327051294,0.051465451801348795
107,5,32,33,0.06653225806451613,0.5,9,0.04432271115912846,0.04001594674741652
107,5,32,33,0.06653225806451613,0.5,11,0.036238906119900494,0.03273401660544662
107,5,32,33,0.06653225806451613,0.5,13,0.030649208387938796,0.027694449656779984
107,5,32,33,0.06653225806451613,0.5,15,0.026553552734891392,0.023999649179364056
107,5,32,33,0.06653225806451613,0.5,17,0.023423524321105792,0.021174701218467665
107,5,32,33,0.06653225806451613,0.5,19,0.020953625239915827,0.0189447703205647
107,5,32,33,0.06653225806451613,1.0,1,1.253879674159151,1.1454976810908912
107,5,32,33,0.06653225806451613,1.0,3,0.4012276244172057,0.377485122687476
107,5,32,33,0.06653225806451613,1.0,5,0.23810129236135413,0.2252615846719617
107,5,32,33,0.06653225806451613,1.0,7,0.1692531451611965,0.16055628626482094
107,5,32,33,0.06653225806451613,1.0,9,0.13128592507069348,0.1247373460779957
107,5,32,33,0.06653225806451613,1.0,11,0.10723046079620548,0.10198822768567525
107,5,32,33,0.06653225806451613,1.0,13,0.09062487340632039,0.08625825540234927
107,5,32,33,0.06653225806451613,1.0,15,0.0784725342387489,0.07473267089383674
107,5,32,33,0.06653225806451613,1.0,17,0.06919390215767146,0.06592438386207752
107,5,32,33,0.06653225806451613,1.0,19,0.06187744266863675,0.05897369991259237
108,5,32,33,0.06653225806451613,0.1,1,0.012974258894790848,0.012395355838501142
108,5,32,33,0.06653225806451613,0.1,3,0.0043205605203254374,0.004127236752784523
108,5,32,33,0.06653225806451613,0.1,5,0.002592135400052342,0.002476123754572366
108,5,32,33,0.06653225806451613,0.1,7,0.0018514857536628426,0.001768616865898293
108,5,32,33,0.06653225806451613,0.1,9,0.0014400318224968662,0.0013755771457931352
108,5,32,33,0.06653225806451613,0.1,11,0.0011782026146580585,0.0011254665155117603
108,5,32,33,0.06653225806451613,0.1,13,0.0009969381237975668,0.0009523150494247169
108,5,32,33,0.06653225806451613,0.1,15,0.0008640116539844278,0.000825338202551498
108,5,32,33,0.06653225806451613,0.1,17,0.000762362406421845,0.0007282387018602991
108,5,32,33,0.06653225806451613,0.1,19,0.0006821132190749977,0.0006515814388950994
108,5,32,33,0.06653225806451613,0.5,1,0.3029395348055863,0.29123673309071696
108,5,32,33,0.06653225806451613,0.5,3,0.09853348215008423,0.09452895670780898
108,5,32,33,0.06653225806451613,0.5,5,0.05900676434763594,0.05659903570521468
108,5,32,33,0.06653225806451613,0.5,7,0.04212546566808168,0.04040477919366609
108,5,32,33,0.06653225806451613,0.5,9,0.032757145622754745,0.03141856487658811
108,5,32,33,0.06653225806451613,0.5,11,0.02679835952831463,0.025703048132293144
108,5,32,33,0.06653225806451613,0.5,13,0.022674103849320865,0.02174724952003916
108,5,32,33,0.06653225806451613,0.5,15,0.019650111932205817,0.018846809912740983
108,5,32,33,0.06653225806451613,0.5,17,0.01733787528134599,0.0166290627946035
108,5,32,33,0.06653225806451613,0.5,19,0.015512547974333211,0.01487833695718804
108,5,32,33,0.06653225806451613,1.0,1,0.9824827491474544,0.961315223973392
108,5,32,33,0.06653225806451613,1.0,3,0.30017357004369544,0.29584945398264023
108,5,32,33,0.06653225806451613,1.0,5,0.17890448590325103,0.1764492292235284
108,5,32,33,0.06653225806451613,1.0,7,0.12755663121514357,0.12583147392845356
108,5,32,33,0.06653225806451613,1.0,9,0.09913673638709478,0.09780423502539212
108,5,32,33,0.06653225806451613,1.0,11,0.0810813045444439,0.07999494805067933
108,5,32,33,0.06653225806451613,1.0,13,0.06859239749763774,0.06767506369704336
108,5,32,33,0.06653225806451613,1.0,15,0.05943866985840673,0.05864467758151128
108,5,32,33,0.06653225806451613,1.0,17,0.05244112577957766,0.05174115276591428
108,5,32,33,0.06653225806451613,1.0,19,0.04691802229624545,0.0462921127002349
109,5,32,33,0.06653225806451613,0.1,1,0.012965319078432179,0.012852118993666294
109,5,32,33,0.06653225806451613,0.1,3,0.004317195429757619,0.004279078810758581
109,5,32,33,0.06653225806451613,0.1,5,0.0025900509457354886,0.0025671979195150702
109,5,32,33,0.06653225806451613,0.1,7,0.001849975400667139,0.0018336616233982851
109,5,32,33,0.06653225806451613,0.1,9,0.001438847540347043,0.0014261642206445143
109,5,32,33,0.06653225806451613,0.1,11,0.001177228588372589,0.0011668543047141278
109,5,32,33,0.06653225806451613,0.1,13,0.0009961109444100891,0.0009873345584143925
109,5,32,33,0.06653225806451613,0.1,15,0.0008632928409074685,0.0008556878674253729
109,5,32,33,0.06653225806451613,0.1,17,0.0007617268533814582,0.0007550174359269469
109,5,32,33,0.06653225806451613,0.1,19,0.0006815436394002906,0.0006755410927624914
109,5,32,33,0.06653225806451613,0.5,1,0.3029806997636089,0.29963654002548307
109,5,32,33,0.06653225806451613,0.5,3,0.09885220118047346,0.09730002802951508
109,5,32,33,0.06653225806451613,0.5,5,0.05921060397302725,0.05826791580907785
109,5,32,33,0.06653225806451613,0.5,7,0.04227292638024251,0.041597847228794796
109,5,32,33,0.06653225806451613,0.5,9,0.032872227134919364,0.03234675826042002
109,5,32,33,0.06653225806451613,0.5,11,0.02689259239777096,0.026462554886075223
109,5,32,33,0.06653225806451613,0.5,13,0.02275383383106624,0.022389932662428846
109,5,32,33,0.06653225806451613,0.5,15,0.019719185264921044,0.019403807739599297
109,5,32,33,0.06653225806451613,0.5,17,0.017398793443360604,0.01712053078344369
109,5,32,33,0.06653225806451613,0.5,19,0.015567027045464059,0.015318068516025251
109,5,32,33,0.06653225806451613,1.0,1,0.9830573317098821,0.9742724506159872
109,5,32,33,0.06653225806451613,1.0,3,0.31162322769742534,0.3104966286562397
109,5,32,33,0.06653225806451613,1.0,5,0.18626805706146238,0.185667979428546
109,5,32,33,0.06653225806451613,1.0,7,0.13290080024083956,0.132501039228489
109,5,32,33,0.06653225806451613,1.0,9,0.10331748331593861,0.10301989287315867
109,5,32,33,0.06653225806451613,1.0,11,0.08451089305171865,0.0842737194815177
109,5,32,33,0.06653225806451613,1.0,13,0.07149825539666055,0.07130102509218585
109,5,32,33,0.06653225806451613,1.0,15,0.06195895302177758,0.061790108148277324
109,5,32,33,0.06653225806451613,1.0,17,0.05466586712039532,0.05451824122629607
109,5,32,33,0.06653225806451613,1.0,19,0.04890909581785728,0.0487779370617861
110,5,32,33,0.06653225806451613,0.1,1,0.013551559531306349,0.013164532654971455
110,5,32,33,0.06653225806451613,0.1,3,0.004514534318275475,0.004371897433626605
110,5,32,33,0.06653225806451613,0.1,5,0.002708593633052996,0.0026221119404506205
110,5,32,33,0.06653225806451613,0.1,7,0.0019346847598977106,0.0018727256188861214
110,5,32,33,0.06653225806451613,0.1,9,0.0015047468190947846,0.0014564956354452586
110,5,32,33,0.06653225806451613,0.1,11,0.0012311531775863688,0.0011916495814078853
110,5,32,33,0.06653225806451613,0.1,13,0.0010417433852202256,0.0010083048738312585
110,5,32,33,0.06653225806451613,0.1,15,0.0009028433911068346,0.000873856592918217
110,5,32,33,0.06653225806451613,0.1,17,0.0007966260049523914,0.0007710454284701419
110,5,32,33,0.06653225806451613,0.1,19,0.0007127703119036193,0.000689879921772563
110,5,32,33,0.06653225806451613,0.5,1,0.3132664567203745,0.31569308606354435
110,5,32,33,0.06653225806451613,0.5,3,0.10299523825353256,0.10121878839092234
110,5,32,33,0.06653225806451613,0.5,5,0.06173296839198793,0.06043661309950705
110,5,32,33,0.06653225806451613,0.5,7,0.044082416577729204,0.04309758665980263
110,5,32,33,0.06653225806451613,0.5,9,0.0342823101102717,0.03349479021050106
110,5,32,33,0.06653225806451613,0.5,11,0.02804750158459765,0.027393539860703715
110,5,32,33,0.06653225806451613,0.5,13,0.023731693179584117,0.023173432191300344
110,5,32,33,0.06653225806451613,0.5,15,0.020567028078987627,0.020080450688702452
110,5,32,33,0.06653225806451613,0.5,17,0.018147118677440333,0.0177161294973888
110,5,32,33,0.06653225806451613,0.5,19,0.016236733161156574,0.015850056896915814
110,5,32,33,0.06653225806451613,1.0,1,0.9881194909433673,1.058015991864413
110,5,32,33,0.06653225806451613,1.0,3,0.31836626136969776,0.32343393776795865
110,5,32,33,0.06653225806451613,1.0,5,0.1905091446769589,0.1922323914361526
110,5,32,33,0.06653225806451613,1.0,7,0.135974738687069,0.13687277527635822
110,5,32,33,0.06653225806451613,1.0,9,0.10572474266528854,0.1062945580384515
110,5,32,33,0.06653225806451613,1.0,11,0.08648816432326074,0.0868931758547657
110,5,32,33,0.06653225806451613,1.0,13,0.07317551038257303,0.07348521836435652
110,5,32,33,0.06653225806451613,1.0,15,0.06341508137652059,0.06366412486838742
110,5,32,33,0.06653225806451613,1.0,17,0.0559523026646067,0.056159938863060414
110,5,32,33,0.06653225806451613,1.0,19,0.05006121731704963,0.05023905109302581
111,5,32,33,0.06653225806451613,0.1,1,0.013359782656670958,0.01421548746108029
111,5,32,33,0.06653225806451613,0.1,3,0.004446862185388591,0.0047342590313183015
111,5,32,33,0.06653225806451613,0.1,5,0.0026676700810506,0.0028402723323254254
111,5,32,33,0.06653225806451613,0.1,7,0.0019053653138627542,0.002028695876278124
111,5,32,33,0.06653225806451613,0.1,9,0.0014819066062547008,0.0015778476439891587
111,5,32,33,0.06653225806451613,0.1,11,0.001212447485101211,0.0012909532562549288
111,5,32,33,0.06653225806451613,0.1,13,0.001025905035870552,0.001092337843009428
111,5,32,33,0.06653225806451613,0.1,15,0.0008891102814378511,0.0009466883863256101
111,5,32,33,0.06653225806451613,0.1,17,0.0007845041952090704,0.0008353103953843899
111,5,32,33,0.06653225806451613,0.1,19,0.0007019214313433151,0.0007473809953662898
111,5,32,33,0.06653225806451613,0.5,1,0.30948128424870264,0.32756448490240814
111,5,32,33,0.06653225806451613,0.5,3,0.10050954011297031,0.10742244087652486
111,5,32,33,0.06653225806451613,0.5,5,0.06015327625180397,0.06435290463899214
111,5,32,33,0.06653225806451613,0.5,7,0.04293226828215751,0.045943958685428346
111,5,32,33,0.06653225806451613,0.5,9,0.033379418644659646,0.035726220389578595
111,5,32,33,0.06653225806451613,0.5,11,0.027304769299042284,0.02922691795998823
111,5,32,33,0.06653225806451613,0.5,13,0.023101012661639855,0.024728547531086685
111,5,32,33,0.06653225806451613,0.5,15,0.020019089653974836,0.02143027816993436
111,5,32,33,0.06653225806451613,0.5,17,0.017662763410191434,0.018908352925913162
111,5,32,33,0.06653225806451613,0.5,19,0.01580275728398189,0.016917519533435753
111,5,32,33,0.06653225806451613,1.0,1,0.9816706110386076,1.0229399182523133
111,5,32,33,0.06653225806451613,1.0,3,0.3047222388439832,0.3269850269240872
111,5,32,33,0.06653225806451613,1.0,5,0.18161376446021144,0.19537352272477113
111,5,32,33,0.06653225806451613,1.0,7,0.1294397743287872,0.1393758791864183
111,5,32,33,0.06653225806451613,1.0,9,0.10057239995624681,0.10834233940765611
111,5,32,33,0.06653225806451613,1.0,11,0.08223926470123884,0.08861658185347207
111,5,32,33,0.06653225806451613,1.0,13,0.06956193136566834,0.07496916901459137
111,5,32,33,0.06653225806451613,1.0,15,0.06027219855078822,0.0649651428512054
111,5,32,33,0.06653225806451613,1.0,17,0.05317195767275218,0.057317108479852504
111,5,32,33,0.06653225806451613,1.0,19,0.04756860535639144,0.0512803699834204
112,5,32,33,0.06653225806451613,0.1,1,0.01575381521774301,0.014785964193229627
112,5,32,33,0.06653225806451613,0.1,3,0.005248351522844363,0.004924907004274965
112,5,32,33,0.06653225806451613,0.1,5,0.003148870897736243,0.0029547644768451865
112,5,32,33,0.06653225806451613,0.1,7,0.0022491659470605337,0.0021105106891999817
112,5,32,33,0.06653225806451613,0.1,9,0.0017493424739971238,0.0016414969945117521
112,5,32,33,0.06653225806451613,0.1,11,0.0014312765538991659,0.0013430383075311203
112,5,32,33,0.06653225806451613,0.1,13,0.001211078383660433,0.001136414748005294
112,5,32,33,0.06653225806451613,0.1,15,0.0010496002994162187,0.0009848915410520017
112,5,32,33,0.06653225806451613,0.1,17,0.0009261173413634032,0.0008690212164934676
112,5,32,33,0.06653225806451613,0.1,19,0.0008286309479006045,0.0007775448400081223
112,5,32,33,0.06653225806451613,0.5,1,0.3630062025631251,0.34115731416214656
112,5,32,33,0.06653225806451613,0.5,3,0.11943410377736652,0.11165042803028687
112,5,32,33,0.06653225806451613,0.5,5,0.07158640034180241,0.06689255890275916
112,5,32,33,0.06653225806451613,0.5,7,0.0511185779482001,0.047761199832197544
112,5,32,33,0.06653225806451613,0.5,9,0.039754232845930104,0.037141457259027955
112,5,32,33,0.06653225806451613,0.5,11,0.032524260189602625,0.030385921463343943
112,5,32,33,0.06653225806451613,0.5,13,0.027519588470062067,0.02570992657481055
112,5,32,33,0.06653225806451613,0.5,15,0.023849799226024978,0.022281263378818143
112,5,32,33,0.06653225806451613,0.5,17,0.021043639295397123,0.01965954143766442
112,5,32,33,0.06653225806451613,0.5,19,0.018828330408866566,0.017589867065778732
112,5,32,33,0.06653225806451613,1.0,1,1.1282779101483675,1.065855573050458
112,5,32,33,0.06653225806451613,1.0,3,0.36303447950602735,0.33448210374871334
112,5,32,33,0.06653225806451613,1.0,5,0.21708897869184016,0.19962608324958248
112,5,32,33,0.06653225806451613,1.0,7,0.1549135206524467,0.14237988524434875
112,5,32,33,0.06653225806451613,1.0,9,0.12043954931124644,0.1106725488581692
112,5,32,33,0.06653225806451613,1.0,11,0.09852111994408712,0.09052235208281773
112,5,32,33,0.06653225806451613,1.0,13,0.0833540932341119,0.07658224686511605
112,5,32,33,0.06653225806451613,1.0,15,0.07223480151929738,0.06636388991624037
112,5,32,33,0.06653225806451613,1.0,17,0.06373339304580733,0.058552014724026484
112,5,32,33,0.06653225806451613,1.0,19,0.05702260737128985,0.05238590999907139
113,5,32,33,0.06653225806451613,0.1,1,0.013982298805663033,0.013507319833403642
113,5,32,33,0.06653225806451613,0.1,3,0.004656846003794753,0.004498206058487678
113,5,32,33,0.06653225806451613,0.1,5,0.002793862003920337,0.002698713972070101
113,5,32,33,0.06653225806451613,0.1,7,0.0019955568446800406,0.0019276103218567617
113,5,32,33,0.06653225806451613,0.1,9,0.001552077616168908,0.001499238468075548
113,5,32,33,0.06653225806451613,0.1,11,0.0012698711521635948,0.0012266436923592395
113,5,32,33,0.06653225806451613,0.1,13,0.001074500574255509,0.0010379262968324902
113,5,32,33,0.06653225806451613,0.1,15,0.0009312303278426584,0.0008995344598480532
113,5,32,33,0.06653225806451613,0.1,17,0.0008216715424374786,0.0007937058697399812
113,5,32,33,0.06653225806451613,0.1,19,0.0007351782411726252,0.0007101572360774847
113,5,32,33,0.06653225806451613,0.5,1,0.32377050025711684,0.31457864503812344
113,5,32,33,0.06653225806451613,0.5,3,0.10622685329778442,0.10267880691108143
113,5,32,33,0.06653225806451613,0.5,5,0.06365415450314275,0.061504839930774366
113,5,32,33,0.06653225806451613,0.5,7,0.045450192138790396,0.04391163205481956
113,5,32,33,0.06653225806451613,0.5,9,0.03534437181261355,0.034146879523040796
113,5,32,33,0.06653225806451613,0.5,11,0.02891559651852912,0.027935582435054725
113,5,32,33,0.06653225806451613,0.5,13,0.024465748929945297,0.023636433673728714
113,5,32,33,0.06653225806451613,0.5,15,0.02120290987506326,0.020484156690596042
113,5,32,33,0.06653225806451613,0.5,17,0.01870799307956852,0.018073806712199773
113,5,32,33,0.06653225806451613,0.5,19,0.0167384309339972,0.01617101551715002
113,5,32,33,0.06653225806451613,1.0,1,1.0238339430786738,1.011243145947663
113,5,32,33,0.06653225806451613,1.0,3,0.3299454759651597,0.31984427702290896
113,5,32,33,0.06653225806451613,1.0,5,0.19747125013496566,0.1909112563787178
113,5,32,33,0.06653225806451613,1.0,7,0.14094153019753927,0.13614703674982967
113,5,32,33,0.06653225806451613,1.0,9,0.10958259886150062,0.10581573677467257
113,5,32,33,0.06653225806451613,1.0,11,0.08964105803787052,0.08654221884844937
113,5,32,33,0.06653225806451613,1.0,13,0.07584094746147242,0.0732100695215793
113,5,32,33,0.06653225806451613,1.0,15,0.06572345565013023,0.06343827318984432
113,5,32,33,0.06653225806451613,1.0,17,0.05798790082156318,0.05596837921993643
113,5,32,33,0.06653225806451613,1.0,19,0.051881651295448035,0.050072598255411924
114,5,32,33,0.06653225806451613,0.1,1,0.013601292960412188,0.013204291186779215
114,5,32,33,0.06653225806451613,0.1,3,0.0045309511900919084,0.004396706151914095
114,5,32,33,0.06653225806451613,0.1,5,0.0027184309054905987,0.0026377107016866794
114,5,32,33,0.06653225806451613,0.1,7,0.0019417078936916732,0.0018840016806010466
114,5,32,33,0.06653225806451613,0.1,9,0.0015102078370969902,0.0014653049117021913
114,5,32,33,0.06653225806451613,0.1,11,0.0012356205709031331,0.0011988714875480742
114,5,32,33,0.06653225806451613,0.1,13,0.001045523080232716,0.0010144217497612916
114,5,32,33,0.06653225806451613,0.1,15,0.0009061188727043194,0.0008791606469584395
114,5,32,33,0.06653225806451613,0.1,17,0.0007995159666508651,0.0007757267957835655
114,5,32,33,0.06653225806451613,0.1,19,0.0007153559489125725,0.0006940691466413258
114,5,32,33,0.06653225806451613,0.5,1,0.3147884626907352,0.3077762674176527
114,5,32,33,0.06653225806451613,0.5,3,0.10347674078556027,0.10041681396351383
114,5,32,33,0.06653225806451613,0.5,5,0.06201999164533847,0.06014608750830808
114,5,32,33,0.06653225806451613,0.5,7,0.044286883225303005,0.04294000436909549
114,5,32,33,0.06653225806451613,0.5,9,0.03444110806866128,0.03339055868408958
114,5,32,33,0.06653225806451613,0.5,11,0.028177308631805637,0.02731641242029013
114,5,32,33,0.06653225806451613,0.5,13,0.02384146132855367,0.023112291070493757
114,5,32,33,0.06653225806451613,0.5,15,0.020662117302067937,0.02002974594739432
114,5,32,33,0.06653225806451613,0.5,17,0.01823099202238351,0.01767274822843539
114,5,32,33,0.06653225806451613,0.5,19,0.01631175743608086,0.01581209532393299
114,5,32,33,0.06653225806451613,1.0,1,0.9973170991412521,1.0164049443299867
114,5,32,33,0.06653225806451613,1.0,3,0.3207284112602848,0.3160058952924897
114,5,32,33,0.06653225806451613,1.0,5,0.19197795810147533,0.18794462748651547
114,5,32,33,0.06653225806451613,1.0,7,0.13703155683252313,0.13384553518735173
114,5,32,33,0.06653225806451613,1.0,9,0.10654775196832143,0.10395110715963612
114,5,32,33,0.06653225806451613,1.0,11,0.08716130492442063,0.08497909336452801
114,5,32,33,0.06653225806451613,1.0,13,0.07374464301138513,0.07186595137360363
114,5,32,33,0.06653225806451613,1.0,15,0.06390790032352917,0.06225995132205747
114,5,32,33,0.06653225806451613,1.0,17,0.05638677923844562,0.05491974389293095
114,5,32,33,0.06653225806451613,1.0,19,0.050449661726509845,0.049128094077198814
115,5,32,33,0.06653225806451613,0.1,1,0.014235825287533192,0.013355028038101787
115,5,32,33,0.06653225806451613,0.1,3,0.004737829925927425,0.004439777565039752
115,5,32,33,0.06653225806451613,0.1,5,0.0028420824203266937,0.0026628149155751195
115,5,32,33,0.06653225806451613,0.1,7,0.0020298909464219732,0.0019017158437513871
115,5,32,33,0.06653225806451613,0.1,9,0.0015787356602968176,0.0014789903904762307
115,5,32,33,0.06653225806451613,0.1,11,0.0012916584607334692,0.001210021219211873
115,5,32,33,0.06653225806451613,0.1,13,0.0010929221395769384,0.0010238285288329625
115,5,32,33,0.06653225806451613,0.1,15,0.0009471869289616787,0.0008872957331764524
115,5,32,33,0.06653225806451613,0.1,17,0.0008357450122914549,0.0007828930810966124
115,5,32,33,0.06653225806451613,0.1,19,0.0007477661497689377,0.0007004728242595301
115,5,32,33,0.06653225806451613,0.5,1,0.3307376146448669,0.3105287567367962
115,5,32,33,0.06653225806451613,0.5,3,0.1077404581432059,0.09993856761490813
115,5,32,33,0.06653225806451613,0.5,5,0.06447718050626411,0.05977721196623118
115,5,32,33,0.06653225806451613,0.5,7,0.04601319793754235,0.04265619072969205
115,5,32,33,0.06653225806451613,0.5,9,0.0357718028650334,0.033161865431080864
115,5,32,33,0.06653225806451613,0.5,11,0.029259959467320837,0.027125394904737383
115,5,32,33,0.06653225806451613,0.5,13,0.024754035092137493,0.022948458701166796
115,5,32,33,0.06653225806451613,0.5,15,0.021450806795143995,0.019886395200733705
115,5,32,33,0.06653225806451613,0.5,17,0.018925418361369045,0.01754536083560218
115,5,32,33,0.06653225806451613,0.5,19,0.016932051033567746,0.015697490014650366
115,5,32,33,0.06653225806451613,1.0,1,1.049767856087277,0.9866615462391148
115,5,32,33,0.06653225806451613,1.0,3,0.33185859814304863,0.31357703926921704
115,5,32,33,0.06653225806451613,1.0,5,0.19763397121507084,0.18706111900718994
115,5,32,33,0.06653225806451613,1.0,7,0.14074150580607792,0.13335055083552524
115,5,32,33,0.06653225806451613,1.0,9,0.10928722958838676,0.10361784331602605
115,5,32,33,0.06653225806451613,1.0,11,0.08932565596273204,0.08473132828853307
115,5,32,33,0.06653225806451613,1.0,13,0.07553051288312483,0.07167014120715053
115,5,32,33,0.06653225806451613,1.0,15,0.06542656970084272,0.06209871265445823
115,5,32,33,0.06653225806451613,1.0,17,0.05770707628858949,0.05478302131461011
115,5,32,33,0.06653225806451613,1.0,19,0.051617017395162924,0.04900959287727376
116,5,32,33,0.06653225806451613,0.1,1,0.014216764518656944,0.014084692908348158
116,5,32,33,0.06653225806451613,0.1,3,0.004734330421200722,0.004691070988991463
116,5,32,33,0.06653225806451613,0.1,5,0.0028403772840058733,0.0028144523978024458
116,5,32,33,0.06653225806451613,0.1,7,0.002028797222292221,0.0020102847485615684
116,5,32,33,0.06653225806451613,0.1,9,0.0015779393474859322,0.0015635422331534302
116,5,32,33,0.06653225806451613,0.1,11,0.0012910354414615516,0.0012792565073994095
116,5,32,33,0.06653225806451613,0.1,13,0.0010924117489361882,0.0010824451708934995
116,5,32,33,0.06653225806451613,0.1,15,0.0009467552900661217,0.0009381176817821196
116,5,32,33,0.06653225806451613,0.1,17,0.0008353713916880484,0.0008277500139276578
116,5,32,33,0.06653225806451613,0.1,19,0.000747436979535774,0.0007406178696478068
116,5,32,33,0.06653225806451613,0.5,1,0.32860926075301655,0.3249044653765929
116,5,32,33,0.06653225806451613,0.5,3,0.10713722404650866,0.10629014501241998
116,5,32,33,0.06653225806451613,0.5,5,0.06416839121034099,0.06365976811309998
116,5,32,33,0.06653225806451613,0.5,7,0.04581142964700298,0.04544563302223256
116,5,32,33,0.06653225806451613,0.5,9,0.03562347412125917,0.035337452907398315
116,5,32,33,0.06653225806451613,0.5,11,0.029143219736599047,0.028908289141058686
116,5,32,33,0.06653225806451613,0.5,13,0.02465801506896915,0.024458645802652078
116,5,32,33,0.06653225806451613,0.5,15,0.021369367036211256,0.02119618990246592
116,5,32,33,0.06653225806451613,0.5,17,0.018854770920419588,0.018701693896670167
116,5,32,33,0.06653225806451613,0.5,19,0.016869702078538596,0.01673253958257592
116,5,32,33,0.06653225806451613,1.0,1,1.0371960354037029,1.0125075982460212
116,5,32,33,0.06653225806451613,1.0,3,0.3282288129905964,0.3224226811848408
116,5,32,33,0.06653225806451613,1.0,5,0.19605751550530548,0.19264881603748113
116,5,32,33,0.06653225806451613,1.0,7,0.13984434771709736,0.13740253658901216
116,5,32,33,0.06653225806451613,1.0,9,0.10869723482645552,0.1067879109648148
116,5,32,33,0.06653225806451613,1.0,11,0.08890172457585446,0.08733199177982658
116,5,32,33,0.06653225806451613,1.0,13,0.07520725827056099,0.07387369361001044
116,5,32,33,0.06653225806451613,1.0,15,0.06516940439497387,0.06400984962731346
116,5,32,33,0.06653225806451613,1.0,17,0.057495904283979396,0.05646999546981025
116,5,32,33,0.06653225806451613,1.0,19,0.05143931501473831,0.05051932322617911
117,5,32,33,0.06653225806451613,0.1,1,0.012125040555587661,0.012142417179449173
117,5,32,33,0.06653225806451613,0.1,3,0.004037140176292993,0.004043083499751799
117,5,32,33,0.06653225806451613,0.1,5,0.0024220551023510744,0.002425633206881756
117,5,32,33,0.06653225806451613,0.1,7,0.0017299940026143299,0.0017325523224270807
117,5,32,33,0.06653225806451613,0.1,9,0.0013455363440530426,0.0013475269737484891
117,5,32,33,0.06653225806451613,0.1,11,0.0011008873421869923,0.001102516383907089
117,5,32,33,0.06653225806451613,0.1,13,0.0009315171226706262,0.0009328957110829601
117,5,32,33,0.06653225806451613,0.1,15,0.000807313242673942,0.0008085081111527674
117,5,32,33,0.06653225806451613,0.1,17,0.0007123342722309455,0.0007133886222164611
117,5,32,33,0.06653225806451613,0.1,19,0.0006373511262699333,0.0006382945261216459
117,5,32,33,0.06653225806451613,0.5,1,0.284810923126652,0.2857003160618773
117,5,32,33,0.06653225806451613,0.5,3,0.0928707973652625,0.0932767028319122
117,5,32,33,0.06653225806451613,0.5,5,0.055607471607876886,0.055866463800443834
117,5,32,33,0.06653225806451613,0.5,7,0.03969560115080942,0.039884771330265634
117,5,32,33,0.06653225806451613,0.5,9,0.030866446058384397,0.03101510809767094
117,5,32,33,0.06653225806451613,0.5,11,0.025251038606546834,0.025373349397205383
117,5,32,33,0.06653225806451613,0.5,13,0.021364630136326876,0.021468466982207002
117,5,32,33,0.06653225806451613,0.5,15,0.01851511966898729,0.01860530269348823
117,5,32,33,0.06653225806451613,0.5,17,0.016336341655588543,0.01641602939556878
117,5,32,33,0.06653225806451613,0.5,19,0.014616394220809391,0.014687766393714346
117,5,32,33,0.06653225806451613,1.0,1,0.93870155774105,0.9410971516745321
117,5,32,33,0.06653225806451613,1.0,3,0.29453726619671144,0.2962071172114303
117,5,32,33,0.06653225806451613,1.0,5,0.17586661881097593,0.1767863131751257
117,5,32,33,0.06653225806451613,1.0,7,0.1254509476183299,0.12607804346958382
117,5,32,33,0.06653225806451613,1.0,9,0.09751902278089737,0.09799498565795359
117,5,32,33,0.06653225806451613,1.0,11,0.07976591160945706,0.08014993721746029
117,5,32,33,0.06653225806451613,1.0,13,0.0674833287512018,0.06780549281765647
117,5,32,33,0.06653225806451613,1.0,15,0.058479617906044654,0.05875726106722662
117,5,32,33,0.06653225806451613,1.0,17,0.05159616202449053,0.051840196576281444
117,5,32,33,0.06653225806451613,1.0,19,0.04616278995877663,0.04638053449589733
118,5,32,33,0.06653225806451613,0.1,1,0.014901604504031196,0.014071530811448019
118,5,32,33,0.06653225806451613,0.1,3,0.004963497727723104,0.004681830162382265
118,5,32,33,0.06653225806451613,0.1,5,0.002977902581214946,0.002808402691695747
118,5,32,33,0.06653225806451613,0.1,7,0.0021270313547023974,0.002005814624665859
118,5,32,33,0.06653225806451613,0.1,9,0.0016543432579259891,0.0015600022880339584
118,5,32,33,0.06653225806451613,0.1,11,0.001353547155435247,0.0012763276450375432
118,5,32,33,0.06653225806451613,0.1,13,0.0011453057994040552,0.001079947974733309
118,5,32,33,0.06653225806451613,0.1,15,0.0009925964347501646,0.0009359414765998822
118,5,32,33,0.06653225806451613,0.1,17,0.0008758191821436682,0.0008258217881193133
118,5,32,33,0.06653225806451613,0.1,19,0.0007836268938722682,0.0007388869492967119
118,5,32,33,0.06653225806451613,0.5,1,0.34378157707026585,0.3268448267936997
118,5,32,33,0.06653225806451613,0.5,3,0.11275223631607864,0.10590656872604931
118,5,32,33,0.06653225806451613,0.5,5,0.06756191552672125,0.06335141912558727
118,5,32,33,0.06653225806451613,0.5,7,0.04824040644545279,0.04520488651297098
118,5,32,33,0.06653225806451613,0.5,9,0.03751435261145009,0.03514204548864817
118,5,32,33,0.06653225806451613,0.5,11,0.03069102098179362,0.02874437456742537
118,5,32,33,0.06653225806451613,0.5,13,0.025968054885974024,0.024317667075706977
118,5,32,33,0.06653225806451613,0.5,15,0.022504938030084784,0.021072595374726152
118,5,32,33,0.06653225806451613,0.5,17,0.019856868847356234,0.01859170532004019
118,5,32,33,0.06653225806451613,0.5,19,0.017766395819998015,0.016633478909192728
118,5,32,33,0.06653225806451613,1.0,1,1.0719561023511734,1.0356318726611824
118,5,32,33,0.06653225806451613,1.0,3,0.3441336762285573,0.32324857487059067
118,5,32,33,0.06653225806451613,1.0,5,0.2059031064042033,0.19291585009975865
118,5,32,33,0.06653225806451613,1.0,7,0.14695513854708395,0.13758111770253825
118,5,32,33,0.06653225806451613,1.0,9,0.11425899566018168,0.10693325399548619
118,5,32,33,0.06653225806451613,1.0,11,0.09346769185866158,0.08745779715542461
118,5,32,33,0.06653225806451613,1.0,13,0.07907951516710787,0.07398552957488734
118,5,32,33,0.06653225806451613,1.0,15,0.06853078676025857,0.06411080066973396
118,5,32,33,0.06653225806451613,1.0,17,0.060465425029705186,0.056562089100245405
118,5,32,33,0.06653225806451613,1.0,19,0.05409875794465482,0.05060402016501174
119,5,32,33,0.06653225806451613,0.1,1,0.012660565625299334,0.012653912061635905
119,5,32,33,0.06653225806451613,0.1,3,0.004213932053637789,0.004212128225502385
119,5,32,33,0.06653225806451613,0.1,5,0.0025277787390900006,0.002526823300668481
119,5,32,33,0.06653225806451613,0.1,7,0.0018053907647436714,0.0018047529361131332
119,5,32,33,0.06653225806451613,0.1,9,0.0014041237700074742,0.0014036481413425644
119,5,32,33,0.06653225806451613,0.1,11,0.001148793334796713,0.0011484151963173975
119,5,32,33,0.06653225806451613,0.1,13,0.0009720355632379724,0.0009717221897197712
119,5,32,33,0.06653225806451613,0.1,15,0.0008424180265073958,0.0008421506869814832
119,5,32,33,0.06653225806451613,0.1,17,0.0007433014552265713,0.0007430684672362526
119,5,32,33,0.06653225806451613,0.1,19,0.0006650531801321264,0.0006648467828711702
119,5,32,33,0.06653225806451613,0.5,1,0.29733767127764926,0.2968154484567172
119,5,32,33,0.06653225806451613,0.5,3,0.09737790503465925,0.09673831415018894
119,5,32,33,0.06653225806451613,0.5,5,0.05832238536740753,0.0579162748467705
119,5,32,33,0.06653225806451613,0.5,7,0.04163378182501161,0.04133991523076833
119,5,32,33,0.06653225806451613,0.5,9,0.03237235379351628,0.032142800388140505
119,5,32,33,0.06653225806451613,0.5,11,0.026481944308629903,0.02629381313708958
119,5,32,33,0.06653225806451613,0.5,13,0.022405302939160678,0.022246009123058984
119,5,32,33,0.06653225806451613,0.5,15,0.019416412685062178,0.01927832640647851
119,5,32,33,0.06653225806451613,0.5,17,0.017131140654015806,0.0170092965498823
119,5,32,33,0.06653225806451613,0.5,19,0.015327183827292888,0.015218173055128056
119,5,32,33,0.06653225806451613,1.0,1,0.9713640401997884,0.972321752847902
119,5,32,33,0.06653225806451613,1.0,3,0.310251100242018,0.3038748673918352
119,5,32,33,0.06653225806451613,1.0,5,0.18561442119747984,0.18120268077046767
119,5,32,33,0.06653225806451613,1.0,7,0.13244649556998453,0.12919046442401758
119,5,32,33,0.06653225806451613,1.0,9,0.10296235162267828,0.10039853998563923
119,5,32,33,0.06653225806451613,1.0,11,0.08421732440791689,0.08210738106704545
119,5,32,33,0.06653225806451613,1.0,13,0.0712473189557157,0.06945629591133845
119,5,32,33,0.06653225806451613,1.0,15,0.06173952747547742,0.06018435648206843
119,5,32,33,0.06653225806451613,1.0,17,0.05447077578340646,0.05309690287426219
119,5,32,33,0.06653225806451613,1.0,19,0.048733404841809234,0.047503152382824536
120,5,32,33,0.06653225806451613,0.1,1,0.012626008837710034,0.01299002619803235
120,5,32,33,0.06653225806451613,0.1,3,0.004199647055034682,0.0043257322827825444
120,5,32,33,0.06653225806451613,0.1,5,0.002519030186339423,0.0025951086957673787
120,5,32,33,0.06653225806451613,0.1,7,0.001799101726909653,0.0018535612354078088
120,5,32,33,0.06653225806451613,0.1,9,0.0013992180958124528,0.0014416234935606693
120,5,32,33,0.06653225806451613,0.1,11,0.0011447731949476546,0.0011794926052388175
120,5,32,33,0.06653225806451613,0.1,13,0.0009686305438902226,0.0009980222560814303
120,5,32,33,0.06653225806451613,0.1,15,0.0008394650516284778,0.0008649464427225459
120,5,32,33,0.06653225806451613,0.1,17,0.0007406946592473563,0.0007631839406574845
120,5,32,33,0.06653225806451613,0.1,19,0.0006627199654552089,0.0006828459346085914
120,5,32,33,0.06653225806451613,0.5,1,0.2981266847901302,0.30392911789589233
120,5,32,33,0.06653225806451613,0.5,3,0.09684253613219913,0.09978328846671762
120,5,32,33,0.06653225806451613,0.5,5,0.05796288580657093,0.05978699072848895
120,5,32,33,0.06653225806451613,0.5,7,0.04137255403581738,0.042686732016802495
120,5,32,33,0.06653225806451613,0.5,9,0.032168909209071075,0.033194358367259647
120,5,32,33,0.06653225806451613,0.5,11,0.026315876807803035,0.027156117636433073
120,5,32,33,0.06653225806451613,0.5,13,0.02226521872168129,0.022976725885211643
120,5,32,33,0.06653225806451613,0.5,15,0.019295377290233198,0.01991226982308262
120,5,32,33,0.06653225806451613,0.5,17,0.01702464316324737,0.017569087046360767
120,5,32,33,0.06653225806451613,0.5,19,0.015232133944804941,0.015719333582188497
120,5,32,33,0.06653225806451613,1.0,1,0.983038783191032,0.9841732705061077
120,5,32,33,0.06653225806451613,1.0,3,0.30876713668787853,0.3165949133159229
120,5,32,33,0.06653225806451613,1.0,5,0.18398487969864438,0.18929956392529068
120,5,32,33,0.06653225806451613,1.0,7,0.13114660808481401,0.1350608814940509
120,5,32,33,0.06653225806451613,1.0,9,0.10191127968169002,0.10499221698335769
120,5,32,33,0.06653225806451613,1.0,11,0.0833421889971181,0.08587760494790951
120,5,32,33,0.06653225806451613,1.0,13,0.07050011614768945,0.07265239456804261
120,5,32,33,0.06653225806451613,1.0,15,0.06108866939862392,0.0629576430254308
120,5,32,33,0.06653225806451613,1.0,17,0.053894765055333256,0.05554596562725907
120,5,32,33,0.06653225806451613,1.0,19,0.04821707649161346,0.04969575483421424
121,5,32,33,0.06653225806451613,0.1,1,0.013379047687073323,0.01343488535268749
121,5,32,33,0.06653225806451613,0.1,3,0.0044537219379543755,0.0044698102875807754
121,5,32,33,0.06653225806451613,0.1,5,0.002671828526181781,0.0026811983345313827
121,5,32,33,0.06653225806451613,0.1,7,0.0019083474851944783,0.0019149548644544954
121,5,32,33,0.06653225806451613,0.1,9,0.0014842309316849451,0.0014893333959863175
121,5,32,33,0.06653225806451613,0.1,11,0.0012143516521162256,0.0012185074154732421
121,5,32,33,0.06653225806451613,0.1,13,0.0010275176540368335,0.0010310229814263052
121,5,32,33,0.06653225806451613,0.1,15,0.0008905087584241838,0.0008935396757553081
121,5,32,33,0.06653225806451613,0.1,17,0.0007857387278766737,0.0007884083281336908
121,5,32,33,0.06653225806451613,0.1,19,0.0007030264203141846,0.0007054116666205153
121,5,32,33,0.06653225806451613,0.5,1,0.3127352767041375,0.3144684805131348
121,5,32,33,0.06653225806451613,0.5,3,0.10181245884476384,0.10196805669558777
121,5,32,33,0.06653225806451613,0.5,5,0.06097930562779682,0.06104670387254566
121,5,32,33,0.06653225806451613,0.5,7,0.04353563180194948,0.04357770750431366
121,5,32,33,0.06653225806451613,0.5,9,0.03385435141397954,0.033884809773984975
121,5,32,33,0.06653225806451613,0.5,11,0.02769624685520254,0.02772008985870888
121,5,32,33,0.06653225806451613,0.5,13,0.02343393952889577,0.02345352169881736
121,5,32,33,0.06653225806451613,0.5,15,0.02030868214373464,0.02032529365129479
121,5,32,33,0.06653225806451613,0.5,17,0.017918993478038367,0.017933416392000922
121,5,32,33,0.06653225806451613,0.5,19,0.01603251243793112,0.0160452561955204
121,5,32,33,0.06653225806451613,1.0,1,1.0152788429724713,1.0151185447377045
121,5,32,33,0.06653225806451613,1.0,3,0.32103907483342153,0.3214298423435547
121,5,32,33,0.06653225806451613,1.0,5,0.19131268115161684,0.19146632626823015
121,5,32,33,0.06653225806451613,1.0,7,0.13633017049949886,0.13640192724374792
121,5,32,33,0.06653225806451613,1.0,9,0.10591253625272316,0.10594857287817304
121,5,32,33,0.06653225806451613,1.0,11,0.08659747926129586,0.08661552815857643
121,5,32,33,0.06653225806451613,1.0,13,0.07324275798698447,0.0732508629357288
121,5,32,33,0.06653225806451613,1.0,15,0.06345764633305985,0.06345989555858786
121,5,32,33,0.06653225806451613,1.0,17,0.05597942486389635,0.055978073495251385
121,5,32,33,0.06653225806451613,1.0,19,0.05007820729650682,0.05007457790554961
122,5,32,33,0.06653225806451613,0.1,1,0.013508924177972326,0.011812433991317423
122,5,32,33,0.06653225806451613,0.1,3,0.004499113785253916,0.003933921489091072
122,5,32,33,0.06653225806451613,0.1,5,0.0026992834914438876,0.002360182604619915
122,5,32,33,0.06653225806451613,0.1,7,0.0019280232835007032,0.0016858112137637278
122,5,32,33,0.06653225806451613,0.1,9,0.001499562030233162,0.0013111757766810274
122,5,32,33,0.06653225806451613,0.1,11,0.00122690956989301,0.0010727757400356703
122,5,32,33,0.06653225806451613,0.1,13,0.001038151906519589,0.0009077311573111073
122,5,32,33,0.06653225806451613,0.1,15,0.0008997303772671059,0.0007866991611989886
122,5,32,33,0.06653225806451613,0.1,17,0.0007938789927721958,0.0006941456257515177
122,5,32,33,0.06653225806451613,0.1,19,0.0007103123113047286,0.0006210772303989227
122,5,32,33,0.06653225806451613,0.5,1,0.3126959623650973,0.2793890985116385
122,5,32,33,0.06653225806451613,0.5,3,0.10227386908389631,0.09131535270914856
122,5,32,33,0.06653225806451613,0.5,5,0.06127721644810265,0.05470711284870513
122,5,32,33,0.06653225806451613,0.5,7,0.04375241436472725,0.03906043211602825
122,5,32,33,0.06653225806451613,0.5,9,0.03402421724216773,0.03037519788749373
122,5,32,33,0.06653225806451613,0.5,11,0.027835745581684942,0.024850307967006473
122,5,32,33,0.06653225806451613,0.5,13,0.023552228545227948,0.021026149047461522
122,5,32,33,0.06653225806451613,0.5,15,0.020411336360642563,0.0182221000462665
122,5,32,33,0.06653225806451613,0.5,17,0.018009651843224096,0.016077991936199184
122,5,32,33,0.06653225806451613,0.5,19,0.016113678946262838,0.014385363693999387
122,5,32,33,0.06653225806451613,1.0,1,0.9902554107402467,0.932700838858699
122,5,32,33,0.06653225806451613,1.0,3,0.31700325477789104,0.2958222748771899
122,5,32,33,0.06653225806451613,1.0,5,0.18968710077876927,0.176863524055196
122,5,32,33,0.06653225806451613,1.0,7,0.13539029025327437,0.12620864480772645
122,5,32,33,0.06653225806451613,1.0,9,0.10527146636834812,0.09812323563762762
122,5,32,33,0.06653225806451613,1.0,11,0.0861179211220548,0.08026650375076866
122,5,32,33,0.06653225806451613,1.0,13,0.07286255124660193,0.06790996128144514
122,5,32,33,0.06653225806451613,1.0,15,0.06314403340548722,0.058851033775700445
122,5,32,33,0.06653225806451613,1.0,17,0.05571325358864515,0.051924867975929406
122,5,32,33,0.06653225806451613,1.0,19,0.04984740209252017,0.04645751507446391
123,5,32,33,0.06653225806451613,0.1,1,0.012894029640366983,0.012916915644274853
123,5,32,33,0.06653225806451613,0.1,3,0.0042938891744036456,0.004299526973868341
123,5,32,33,0.06653225806451613,0.1,5,0.002576126396062169,0.0025792993448549044
123,5,32,33,0.06653225806451613,0.1,7,0.001840047920369937,0.0018422521003944505
123,5,32,33,0.06653225806451613,0.1,9,0.0014311343257169963,0.001432822200034781
123,5,32,33,0.06653225806451613,0.1,11,0.0011709220593439503,0.0011722893748246945
123,5,32,33,0.06653225806451613,0.1,13,0.0009907771733160765,0.000991926168633487
123,5,32,33,0.06653225806451613,0.1,15,0.0008586718488991703,0.0008596626037171955
123,5,32,33,0.06653225806451613,0.1,17,0.0007576505967603809,0.0007585214009831598
123,5,32,33,0.06653225806451613,0.1,19,0.000677897233618714,0.0006786739843886241
123,5,32,33,0.06653225806451613,0.5,1,0.30177177221741897,0.30255703944300943
123,5,32,33,0.06653225806451613,0.5,3,0.09832798051143782,0.09819246346833316
123,5,32,33,0.06653225806451613,0.5,5,0.058878090749991265,0.05878137738463922
123,5,32,33,0.06653225806451613,0.5,7,0.04203069057862136,0.041959075802405196
123,5,32,33,0.06653225806451613,0.5,9,0.03268198028576505,0.032625606967991654
123,5,32,33,0.06653225806451613,0.5,11,0.026736044543223716,0.026689695696689306
123,5,32,33,0.06653225806451613,0.5,13,0.022620875444012385,0.022581572674250486
123,5,32,33,0.06653225806451613,0.5,15,0.019603652903460042,0.019569557893332864
123,5,32,33,0.06653225806451613,0.5,17,0.017296656071605573,0.017266560766919337
123,5,32,33,0.06653225806451613,0.5,19,0.015475505434650759,0.015448575678366855
123,5,32,33,0.06653225806451613,1.0,1,0.9861175224641463,0.9902425142976649
123,5,32,33,0.06653225806451613,1.0,3,0.3051475797421078,0.305575288495798
123,5,32,33,0.06653225806451613,1.0,5,0.1815373724119277,0.181504759868393
123,5,32,33,0.06653225806451613,1.0,7,0.12930733412021272,0.129204253280516
123,5,32,33,0.06653225806451613,1.0,9,0.10043961744408227,0.1003290772264261
123,5,32,33,0.06653225806451613,1.0,11,0.08211614065756374,0.08201149945079017
123,5,32,33,0.06653225806451613,1.0,13,0.06944961567687012,0.06935345578871228
123,5,32,33,0.06653225806451613,1.0,15,0.06016983339618808,0.060081991577897065
123,5,32,33,0.06653225806451613,1.0,17,0.053078312703135,0.05299794441967575
123,5,32,33,0.06653225806451613,1.0,19,0.04748250554811844,0.047408676507448164
124,5,32,33,0.06653225806451613,0.1,1,0.013525228344698239,0.01352521645612444
124,5,32,33,0.06653225806451613,0.1,3,0.004504150983916978,0.004504150549869507
124,5,32,33,0.06653225806451613,0.1,5,0.0027022863509441513,0.002702286257298075
124,5,32,33,0.06653225806451613,0.1,7,0.0019301643465936284,0.001930164312483725
124,5,32,33,0.06653225806451613,0.1,9,0.001501226072867021,0.0015012260568198778
124,5,32,33,0.06653225806451613,0.1,11,0.0012282705503316807,0.001228270541545556
124,5,32,33,0.06653225806451613,0.1,13,0.0010393032576095852,0.0010393032522905395
124,5,32,33,0.06653225806451613,0.1,15,0.0009007280801603788,0.0009007280766995691
124,5,32,33,0.06653225806451613,0.1,17,0.0007947592394068232,0.0007947592370430703
124,5,32,33,0.06653225806451613,0.1,19,0.0007110998505549461,0.0007110998488584641
124,5,32,33,0.06653225806451613,0.5,1,0.3132041637877425,0.3131983140706924
124,5,32,33,0.06653225806451613,0.5,3,0.10202254094208,0.10202240229664358
124,5,32,33,0.06653225806451613,0.5,5,0.06110105452530408,0.061101025714692773
124,5,32,33,0.06653225806451613,0.5,7,0.04362150520366919,0.04362149481550666
124,5,32,33,0.06653225806451613,0.5,9,0.03392076482305911,0.03392075995673817
124,5,32,33,0.06653225806451613,0.5,11,0.027750424342290386,0.02775042168287808
124,5,32,33,0.06653225806451613,0.5,13,0.02347970312689557,0.023479701517811695
124,5,32,33,0.06653225806451613,0.5,15,0.020348301147509167,0.02034830010090685
124,5,32,33,0.06653225806451613,0.5,17,0.017953926433271025,0.017953925714677896
124,5,32,33,0.06653225806451613,0.5,19,0.016063752781758377,0.016063752267253595
124,5,32,33,0.06653225806451613,1.0,1,0.9921797683113515,0.9921248284495292
124,5,32,33,0.06653225806451613,1.0,3,0.3068818458675397,0.30687366857516
124,5,32,33,0.06653225806451613,1.0,5,0.182920152148367,0.18291807360701326
124,5,32,33,0.06653225806451613,1.0,7,0.1304176679424422,0.13041687654957076
124,5,32,33,0.06653225806451613,1.0,9,0.10135911634709235,0.10135873727060145
124,5,32,33,0.06653225806451613,1.0,11,0.0828983290214431,0.08289811951583564
124,5,32,33,0.06653225806451613,1.0,13,0.07012922860886243,0.07012910102555156
124,5,32,33,0.06653225806451613,1.0,15,0.06077022798814994,0.0607701446659925
124,5,32,33,0.06653225806451613,1.0,17,0.053615813370902016,0.053615756008221147
124,5,32,33,0.06653225806451613,1.0,19,0.04796892133375152,0.04796888018321356
125,5,32,33,0.06653225806451613,0.1,1,0.010534096579332521,0.01086826116705492
125,5,32,33,0.06653225806451613,0.1,3,0.0035066526962577145,0.0036170535499219446
125,5,32,33,0.06653225806451613,0.1,5,0.0021037533110442484,0.0021697872059896744
125,5,32,33,0.06653225806451613,0.1,7,0.001502631880802157,0.0015497287929276903
125,5,32,33,0.06653225806451613,0.1,9,0.0011686972997056923,0.001205296513061039
125,5,32,33,0.06653225806451613,0.1,11,0.0009561998129804667,0.0009861276810346183
125,5,32,33,0.06653225806451613,0.1,13,0.0008090885721657482,0.0008344020623621652
125,5,32,33,0.06653225806451613,0.1,15,0.0007012080761408307,0.0007231399466964613
125,5,32,33,0.06653225806451613,0.1,17,0.0006187117733816751,0.0006380590088394881
125,5,32,33,0.06653225806451613,0.1,19,0.0005535834159284083,0.0005708909610470195
125,5,32,33,0.06653225806451613,0.5,1,0.25270718817863336,0.25980114836612733
125,5,32,33,0.06653225806451613,0.5,3,0.08235565786957137,0.08449727961448947
125,5,32,33,0.06653225806451613,0.5,5,0.049310488637503126,0.050607126914452655
125,5,32,33,0.06653225806451613,0.5,7,0.03519752069794702,0.03612845939365308
125,5,32,33,0.06653225806451613,0.5,9,0.02736679521835672,0.02809306504872763
125,5,32,33,0.06653225806451613,0.5,11,0.02238673276885614,0.022982132170435522
125,5,32,33,0.06653225806451613,0.5,13,0.018940278946463288,0.01944477679530282
125,5,32,33,0.06653225806451613,0.5,15,0.016413495987969717,0.016851173712388107
125,5,32,33,0.06653225806451613,0.5,17,0.01448158155776109,0.014868069665394877
125,5,32,33,0.06653225806451613,0.5,19,0.012956579231173927,0.013302597852381824
125,5,32,33,0.06653225806451613,1.0,1,0.8728432429112448,0.8931024843481803
125,5,32,33,0.06653225806451613,1.0,3,0.28075352902355977,0.28463505075387424
125,5,32,33,0.06653225806451613,1.0,5,0.1681018835112794,0.17040298947080615
125,5,32,33,0.06653225806451613,1.0,7,0.12000054860682002,0.12167424386952322
125,5,32,33,0.06653225806451613,1.0,9,0.09331022572512145,0.0946216385357086
125,5,32,33,0.06653225806451613,1.0,11,0.07633492796498284,0.07741121969023913
125,5,32,33,0.06653225806451613,1.0,13,0.06458631854518883,0.06549833540846374
125,5,32,33,0.06653225806451613,1.0,15,0.055972216307775775,0.056763186837195785
125,5,32,33,0.06653225806451613,1.0,17,0.04938572358437915,0.05008387979436864
125,5,32,33,0.06653225806451613,1.0,19,0.044186299905403396,0.04481103640539141
126,5,32,33,0.06653225806451613,0.1,1,0.013070318742565382,0.013017930859895646
126,5,32,33,0.06653225806451613,0.1,3,0.004349814140096716,0.004335020156913428
126,5,32,33,0.06653225806451613,0.1,5,0.0026093341310766045,0.0026007696132024616
126,5,32,33,0.06653225806451613,0.1,7,0.0018636607634162192,0.0018576382051695179
126,5,32,33,0.06653225806451613,0.1,9,0.001449453505014138,0.0014448102256499151
126,5,32,33,0.06653225806451613,0.1,11,0.0011858862926355175,0.0011821085294818666
126,5,32,33,0.06653225806451613,0.1,13,0.001003425030758717,0.0010002409191622944
126,5,32,33,0.06653225806451613,0.1,15,0.0008696243011120791,0.0008668726502592977
126,5,32,33,0.06653225806451613,0.1,17,0.0007673084320079764,0.0007648858413391714
126,5,32,33,0.06653225806451613,0.1,19,0.0006865341482926567,0.00068437033548183
126,5,32,33,0.06653225806451613,0.5,1,0.3063311142554395,0.3044466376687065
126,5,32,33,0.06653225806451613,0.5,3,0.09962700909568675,0.09948941405830825
126,5,32,33,0.06653225806451613,0.5,5,0.059643861926617754,0.05959468000967919
126,5,32,33,0.06653225806451613,0.5,7,0.04257401527962751,0.042546658757656314
126,5,32,33,0.06653225806451613,0.5,9,0.033103062969791486,0.033084660974099
126,5,32,33,0.06653225806451613,0.5,11,0.0270798023812094,0.027066098834414985
126,5,32,33,0.06653225806451613,0.5,13,0.022911305573722077,0.022900447747061244
126,5,32,33,0.06653225806451613,0.5,15,0.019855080449315762,0.01984611457766111
126,5,32,33,0.06653225806451613,0.5,17,0.01751831695609538,0.01751069342314046
126,5,32,33,0.06653225806451613,0.5,19,0.015673702033844127,0.01566707743381917
126,5,32,33,0.06653225806451613,1.0,1,0.9936854778687896,0.9896606168481044
126,5,32,33,0.06653225806451613,1.0,3,0.31063312922634323,0.31652355167137425
126,5,32,33,0.06653225806451613,1.0,5,0.1851208511559968,0.18908851570317747
126,5,32,33,0.06653225806451613,1.0,7,0.13194206552258464,0.13486605596924103
126,5,32,33,0.06653225806451613,1.0,9,0.10251780848044531,0.10482261059682789
126,5,32,33,0.06653225806451613,1.0,11,0.08383040216360196,0.08572960146870327
126,5,32,33,0.06653225806451613,1.0,13,0.07090783725108893,0.07252178742080848
126,5,32,33,0.06653225806451613,1.0,15,0.06143830002941251,0.06284104104466011
126,5,32,33,0.06653225806451613,1.0,17,0.054200592174227874,0.05544078040574322
126,5,32,33,0.06653225806451613,1.0,19,0.04848873971435143,0.049600014199808085
127,5,32,33,0.06653225806451613,0.1,1,0.012089530082666087,0.013259438429192217
127,5,32,33,0.06653225806451613,0.1,3,0.004026482350043709,0.00441732260213088
127,5,32,33,0.06653225806451613,0.1,5,0.002415728105754532,0.002650274646492993
127,5,32,33,0.06653225806451613,0.1,7,0.001725488332403284,0.0018930299287470366
127,5,32,33,0.06653225806451613,0.1,9,0.0013420363206726746,0.0014723491257842463
127,5,32,33,0.06653225806451613,0.1,11,0.0010980255089971353,0.0012046461847453193
127,5,32,33,0.06653225806451613,0.1,13,0.000929096459775369,0.0010193144938798156
127,5,32,33,0.06653225806451613,0.1,15,0.0008052158182876472,0.0008834050744091487
127,5,32,33,0.06653225806451613,0.1,17,0.0007104838889186234,0.0007794745819613174
127,5,32,33,0.06653225806451613,0.1,19,0.000635695699189077,0.0006974243224947017
127,5,32,33,0.06653225806451613,0.5,1,0.28361853165591255,0.3106766628820198
127,5,32,33,0.06653225806451613,0.5,3,0.09314454299253673,0.10240182050292626
127,5,32,33,0.06653225806451613,0.5,5,0.05583766764006021,0.061394041198626875
127,5,32,33,0.06653225806451613,0.5,7,0.039874498009550875,0.0438437731613464
127,5,32,33,0.06653225806451613,0.5,9,0.03101045063819187,0.03409780962127048
127,5,32,33,0.06653225806451613,0.5,11,0.025370926168727,0.027897008187119824
127,5,32,33,0.06653225806451613,0.5,13,0.021467093611135805,0.02360457758969499
127,5,32,33,0.06653225806451613,0.5,15,0.018604481189834918,0.020456983682414043
127,5,32,33,0.06653225806451613,0.5,17,0.016415522217404645,0.018050092930675554
127,5,32,33,0.06653225806451613,0.5,19,0.01468744926559775,0.01614996599729942
127,5,32,33,0.06653225806451613,1.0,1,0.9523161064744436,1.0112230063256304
127,5,32,33,0.06653225806451613,1.0,3,0.309969587038571,0.33351148618104914
127,5,32,33,0.06653225806451613,1.0,5,0.18542377263408252,0.20020013363069383
127,5,32,33,0.06653225806451613,1.0,7,0.13233188810206659,0.1430208815823499
127,5,32,33,0.06653225806451613,1.0,9,0.10288804675200298,0.11124533288104124
127,5,32,33,0.06653225806451613,1.0,11,0.08416583862678086,0.091021791895775
127,5,32,33,0.06653225806451613,1.0,13,0.07120978923099425,0.07701985210898615
127,5,32,33,0.06653225806451613,1.0,15,0.061711089252046526,0.06675130981689578
127,5,32,33,0.06653225806451613,1.0,17,0.054448563990688766,0.058898670555227836
127,5,32,33,0.06653225806451613,1.0,19,0.04871563141129061,0.052699097082733785
128,5,32,33,0.06653225806451613,0.1,1,0.013367314003713993,0.013369940154433824
128,5,32,33,0.06653225806451613,0.1,3,0.004453134612152174,0.004454011582991437
128,5,32,33,0.06653225806451613,0.1,5,0.0026717541734232473,0.0026722799566569976
128,5,32,33,0.06653225806451613,0.1,7,0.0019083709247894396,0.0019087463967260847
128,5,32,33,0.06653225806451613,0.1,9,0.0014842805228998473,0.001484572527742051
128,5,32,33,0.06653225806451613,0.1,11,0.0012144080343136313,0.0012146469352435877
128,5,32,33,0.06653225806451613,0.1,13,0.0010275744217740366,0.0010277765627712979
128,5,32,33,0.06653225806451613,0.1,15,0.0008905636249172545,0.0008907388105427889
128,5,32,33,0.06653225806451613,0.1,17,0.0007857909183898323,0.0007859454920282428
128,5,32,33,0.06653225806451613,0.1,19,0.0007030757615547987,0.000703214063072883
128,5,32,33,0.06653225806451613,0.5,1,0.31338163155147386,0.31460222194438314
128,5,32,33,0.06653225806451613,0.5,3,0.10299565580102968,0.10352447924091153
128,5,32,33,0.06653225806451613,0.5,5,0.061726023596188014,0.0620432096990041
128,5,32,33,0.06653225806451613,0.5,7,0.04407595215194352,0.04430234787816051
128,5,32,33,0.06653225806451613,0.5,9,0.034276792475038766,0.03445281039335336
128,5,32,33,0.06653225806451613,0.5,11,0.02804278280254738,0.028186766764063648
128,5,32,33,0.06653225806451613,0.5,13,0.023727600522950955,0.023849417471176186
128,5,32,33,0.06653225806451613,0.5,15,0.020563426695313494,0.020668992657373327
128,5,32,33,0.06653225806451613,0.5,17,0.018143908850639448,0.018237050056374934
128,5,32,33,0.06653225806451613,0.5,19,0.016233841029804276,0.01631717457951256
128,5,32,33,0.06653225806451613,1.0,1,1.0208686828862898,1.0324473755010088
128,5,32,33,0.06653225806451613,1.0,3,0.32507172824497305,0.33200325955272353
128,5,32,33,0.06653225806451613,1.0,5,0.19416100934103608,0.19818813210650882
128,5,32,33,0.06653225806451613,1.0,7,0.13851050908015003,0.14134329841174484
128,5,32,33,0.06653225806451613,1.0,9,0.1076738631628659,0.10986071299582868
128,5,32,33,0.06653225806451613,1.0,11,0.08807334306277688,0.08985527390487977
128,5,32,33,0.06653225806451613,1.0,13,0.0745121733844752,0.07601626483728507
128,5,32,33,0.06653225806451613,1.0,15,0.06457100143934678,0.0658724910859262
128,5,32,33,0.06653225806451613,1.0,17,0.056970746561354764,0.05811788918985364
128,5,32,33,0.06653225806451613,1.0,19,0.050971525098451285,0.051997136016723476
129,5,32,33,0.06653225806451613,0.1,1,0.015032879044793689,0.014235947210793902
129,5,32,33,0.06653225806451613,0.1,3,0.005004823057135104,0.004731367495096173
129,5,32,33,0.06653225806451613,0.1,5,0.0030024778828315565,0.002837518236874242
129,5,32,33,0.06653225806451613,0.1,7,0.0021445231733744014,0.0020264267354403406
129,5,32,33,0.06653225806451613,0.1,9,0.001667922315358483,0.0015759542923100317
129,5,32,33,0.06653225806451613,0.1,11,0.0013646442490400242,0.0012893378678224133
129,5,32,33,0.06653225806451613,0.1,13,0.0011546881347001669,0.0010909323794489362
129,5,32,33,0.06653225806451613,0.1,15,0.001000723074856312,0.000945445891885846
129,5,32,33,0.06653225806451613,0.1,17,0.0008829865932809002,0.0008341976478916124
129,5,32,33,0.06653225806451613,0.1,19,0.0007900376290248677,0.0007463738029399088
129,5,32,33,0.06653225806451613,0.5,1,0.3457647772510994,0.3319002727276578
129,5,32,33,0.06653225806451613,0.5,3,0.11276043650440984,0.10682711119532695
129,5,32,33,0.06653225806451613,0.5,5,0.06751690786451166,0.06387322004161436
129,5,32,33,0.06653225806451613,0.5,7,0.048194400659140435,0.04557041285426464
129,5,32,33,0.06653225806451613,0.5,9,0.03747287806411737,0.03542354674728498
129,5,32,33,0.06653225806451613,0.5,11,0.0306542160391834,0.028973311950096527
129,5,32,33,0.06653225806451613,0.5,13,0.02593526672307042,0.024510597854587528
129,5,32,33,0.06653225806451613,0.5,15,0.022475492489862615,0.021239312203680635
129,5,32,33,0.06653225806451613,0.5,17,0.019830201600902483,0.018738482064975207
129,5,32,33,0.06653225806451613,0.5,19,0.017742055867573752,0.016764577018002862
129,5,32,33,0.06653225806451613,1.0,1,1.0709601226315355,1.0471991095589346
129,5,32,33,0.06653225806451613,1.0,3,0.341490783184923,0.32146149008424135
129,5,32,33,0.06653225806451613,1.0,5,0.20383628065169346,0.19165676279881613
129,5,32,33,0.06653225806451613,1.0,7,0.1453093113465972,0.1366011639632808
129,5,32,33,0.06653225806451613,1.0,9,0.1129013098271186,0.1061340956402989
129,5,32,33,0.06653225806451613,1.0,11,0.09231518251885534,0.08678443413902885
129,5,32,33,0.06653225806451613,1.0,13,0.07807942550917041,0.07340432829499353
129,5,32,33,0.06653225806451613,1.0,15,0.06764801436980594,0.06359985252543249
129,5,32,33,0.06653225806451613,1.0,17,0.05967558999134872,0.056106390377766255
129,5,32,33,0.06653225806451613,1.0,19,0.053384295325656,0.050192872278295574
130,5,32,33,0.06653225806451613,0.1,1,0.014779710170718876,0.014779745620841667
130,5,32,33,0.06653225806451613,0.1,3,0.004916036989078179,0.004916040824318657
130,5,32,33,0.06653225806451613,0.1,5,0.0029486881913647197,0.002948689565964405
130,5,32,33,0.06653225806451613,0.1,7,0.002105943909892806,0.002105944610000799
130,5,32,33,0.06653225806451613,0.1,9,0.0016378480220992692,0.001637848445230796
130,5,32,33,0.06653225806451613,0.1,11,0.0013400025277557695,0.001340002810848246
130,5,32,33,0.06653225806451613,0.1,13,0.001133816672689724,0.001133816875298391
130,5,32,33,0.06653225806451613,0.1,15,0.0009826212753739137,0.0009826214275137318
130,5,32,33,0.06653225806451613,0.1,17,0.0008670055135085861,0.0008670056319311732
130,5,32,33,0.06653225806451613,0.1,19,0.0007757324799984642,0.000775732574786614
130,5,32,33,0.06653225806451613,0.5,1,0.3430485167090592,0.3430577923341585
130,5,32,33,0.06653225806451613,0.5,3,0.11123951348338945,0.11124026669687573
130,5,32,33,0.06653225806451613,0.5,5,0.0665471155453291,0.06654735470978769
130,5,32,33,0.06653225806451613,0.5,7,0.04748582042094247,0.047485935490462546
130,5,32,33,0.06653225806451613,0.5,9,0.03691521761188635,0.03691528491478027
130,5,32,33,0.06653225806451613,0.5,11,0.03019463411209129,0.030194678193429494
130,5,32,33,0.06653225806451613,0.5,13,0.025544482674078443,0.02554451375698333
130,5,32,33,0.06653225806451613,0.5,15,0.022135616142998693,0.02213563922790164
130,5,32,33,0.06653225806451613,0.5,17,0.019529510670304177,0.019529528487879807
130,5,32,33,0.06653225806451613,0.5,19,0.017472455552488306,0.01747246971878869
130,5,32,33,0.06653225806451613,1.0,1,1.0828553777890122,1.0830882237877049
130,5,32,33,0.06653225806451613,1.0,3,0.33898235071214233,0.33899097437235903
130,5,32,33,0.06653225806451613,1.0,5,0.20212835326316222,0.20213046955861586
130,5,32,33,0.06653225806451613,1.0,7,0.14407643444309776,0.14407734410911144
130,5,32,33,0.06653225806451613,1.0,9,0.1119453344416133,0.11194583454191283
130,5,32,33,0.06653225806451613,1.0,11,0.09153693187242228,0.09153724695087047
130,5,32,33,0.06653225806451613,1.0,13,0.07742407036086006,0.07742428672179884
130,5,32,33,0.06653225806451613,1.0,15,0.06708243112904083,0.06708258876367318
130,5,32,33,0.06653225806451613,1.0,17,0.0591783458843408,0.0591784657976182
130,5,32,33,0.06653225806451613,1.0,19,0.05294076425099932,0.05294085851440182
131,5,32,33,0.06653225806451613,0.1,1,0.013656550713822036,0.013658328820028705
131,5,32,33,0.06653225806451613,0.1,3,0.004547917435695088,0.004548549309433604
131,5,32,33,0.06653225806451613,0.1,5,0.0027285309335723764,0.00272891401902264
131,5,32,33,0.06653225806451613,0.1,7,0.0019489046873888154,0.001949179678283608
131,5,32,33,0.06653225806451613,0.1,9,0.0015157991667342089,0.001516013673273042
131,5,32,33,0.06653225806451613,0.1,11,0.001240192502457854,0.00124036834572113
131,5,32,33,0.06653225806451613,0.1,13,0.001049390164939574,0.0010495391584719404
131,5,32,33,0.06653225806451613,0.1,15,0.0009094694836524986,0.0009095987428361327
131,5,32,33,0.06653225806451613,0.1,17,0.0008024718431973152,0.0008025859853461856
131,5,32,33,0.06653225806451613,0.1,19,0.0007180003159746616,0.0007181025073676892
131,5,32,33,0.06653225806451613,0.5,1,0.31626286374349305,0.3175755373530243
131,5,32,33,0.06653225806451613,0.5,3,0.10331240360881871,0.10364685715251856
131,5,32,33,0.06653225806451613,0.5,5,0.06189113501864988,0.06207554029726488
131,5,32,33,0.06653225806451613,0.5,7,0.04418857082799723,0.044315999005483366
131,5,32,33,0.06653225806451613,0.5,9,0.03436254098443451,0.03445994500339376
131,5,32,33,0.06653225806451613,0.5,11,0.028112118741635685,0.028190969790009433
131,5,32,33,0.06653225806451613,0.5,13,0.023785841289784126,0.023852085259586864
131,5,32,33,0.06653225806451613,0.5,15,0.020613654079928243,0.020670770991753556
131,5,32,33,0.06653225806451613,0.5,17,0.018188072028165494,0.018238274683607798
131,5,32,33,0.06653225806451613,0.5,19,0.01627325258974268,0.01631803554964994
131,5,32,33,0.06653225806451613,1.0,1,1.0010765049207115,1.0180568838707547
131,5,32,33,0.06653225806451613,1.0,3,0.32043483745816537,0.32020315434851976
131,5,32,33,0.06653225806451613,1.0,5,0.19137404179969267,0.19129711777887942
131,5,32,33,0.06653225806451613,1.0,7,0.13646311037483205,0.1364767042685749
131,5,32,33,0.06653225806451613,1.0,9,0.10604773904959848,0.10609525586011831
131,5,32,33,0.06653225806451613,1.0,11,0.08672309432856799,0.08678280451905789
131,5,32,33,0.06653225806451613,1.0,13,0.0733573973304713,0.07342053649368138
131,5,32,33,0.06653225806451613,1.0,15,0.0635621797940049,0.0636250246205138
131,5,32,33,0.06653225806451613,1.0,17,0.05607512126991582,0.05613607388279338
131,5,32,33,0.06653225806451613,1.0,19,0.05016627131441607,0.05022468836603684
132,5,32,33,0.06653225806451613,0.1,1,0.012320971231099428,0.012511059078002457
132,5,32,33,0.06653225806451613,0.1,3,0.004099808600970044,0.004165763788127308
132,5,32,33,0.06653225806451613,0.1,5,0.0024593767521299942,0.002499217431154067
132,5,32,33,0.06653225806451613,0.1,7,0.0017565682154153952,0.0017851042090176019
132,5,32,33,0.06653225806451613,0.1,9,0.0013661690813879899,0.0013883968712924365
132,5,32,33,0.06653225806451613,0.1,11,0.0011177499518266276,0.0011359533479176022
132,5,32,33,0.06653225806451613,0.1,13,0.0009457745454176827,0.0009611873030092721
132,5,32,33,0.06653225806451613,0.1,15,0.0008196627355122593,0.0008330267008044941
132,5,32,33,0.06653225806451613,0.1,17,0.0007232262069056676,0.0007350221326414977
132,5,32,33,0.06653225806451613,0.1,19,0.0006470932414424015,0.0006576504406055893
132,5,32,33,0.06653225806451613,0.5,1,0.29206143084344155,0.2964231516922651
132,5,32,33,0.06653225806451613,0.5,3,0.09498844103390491,0.09667111198381215
132,5,32,33,0.06653225806451613,0.5,5,0.05687868081105684,0.05788745308948684
132,5,32,33,0.06653225806451613,0.5,7,0.04060457139696431,0.041323047685796574
132,5,32,33,0.06653225806451613,0.5,9,0.03157377636241336,0.03213134101317864
132,5,32,33,0.06653225806451613,0.5,11,0.025829887044341086,0.026285320012634943
132,5,32,33,0.06653225806451613,0.5,13,0.021854464274152698,0.022239347529935834
132,5,32,33,0.06653225806451613,0.5,15,0.01893964978957323,0.01927289035355439
132,5,32,33,0.06653225806451613,0.5,17,0.016710921994516185,0.017004729599836666
132,5,32,33,0.06653225806451613,0.5,19,0.014951535672922124,0.01521425010386906
132,5,32,33,0.06653225806451613,1.0,1,0.9727906311844436,0.9859373783627108
132,5,32,33,0.06653225806451613,1.0,3,0.3077425669423614,0.3125731824187138
132,5,32,33,0.06653225806451613,1.0,5,0.18378893362121637,0.18654003139600311
132,5,32,33,0.06653225806451613,1.0,7,0.13110821508272824,0.13302188641287077
132,5,32,33,0.06653225806451613,1.0,9,0.1019181967212937,0.10338362528222354
132,5,32,33,0.06653225806451613,1.0,11,0.08336460750894409,0.08455144986094712
132,5,32,33,0.06653225806451613,1.0,13,0.07052793432707563,0.07152501321583506
132,5,32,33,0.06653225806451613,1.0,15,0.06111795245569837,0.061977505770206755
132,5,32,33,0.06653225806451613,1.0,17,0.05392386300825612,0.05467919010650117
132,5,32,33,0.06653225806451613,1.0,19,0.0482452858789492,0.04891890790639163
133,5,32,33,0.06653225806451613,0.1,1,0.012828879219166022,0.012714990917620038
133,5,32,33,0.06653225806451613,0.1,3,0.004271335827646493,0.0042343073524409745
133,5,32,33,0.06653225806451613,0.1,5,0.0025624879274000686,0.002540361430656534
133,5,32,33,0.06653225806451613,0.1,7,0.001830273068269548,0.001814494441187314
133,5,32,33,0.06653225806451613,0.1,9,0.001423517261657695,0.001411255882301599
133,5,32,33,0.06653225806451613,0.1,11,0.001164682385790192,0.001154655907170652
133,5,32,33,0.06653225806451613,0.1,13,0.0009854930258795692,0.0009770122966267596
133,5,32,33,0.06653225806451613,0.1,15,0.0008540894373240902,0.0008467414956321891
133,5,32,33,0.06653225806451613,0.1,17,0.0007536053887386662,0.0007471232665503029
133,5,32,33,0.06653225806451613,0.1,19,0.0006742764906858434,0.0006684776495183016
133,5,32,33,0.06653225806451613,0.5,1,0.3002420368326463,0.2972348925903638
133,5,32,33,0.06653225806451613,0.5,3,0.09779734230451664,0.09709457897183522
133,5,32,33,0.06653225806451613,0.5,5,0.05855655122435625,0.058166974914380984
133,5,32,33,0.06653225806451613,0.5,7,0.041799673313440554,0.0415298316428897
133,5,32,33,0.06653225806451613,0.5,9,0.03250162601229786,0.03229512729701079
133,5,32,33,0.06653225806451613,0.5,11,0.026588100646753435,0.02642082838746865
133,5,32,33,0.06653225806451613,0.5,13,0.022495456629333898,0.02235487404209037
133,5,32,33,0.06653225806451613,0.5,15,0.019494801301830993,0.019373557233309514
133,5,32,33,0.06653225806451613,0.5,17,0.01720050288173202,0.017093917197966182
133,5,32,33,0.06653225806451613,0.5,19,0.015389395991765859,0.015294304872301797
133,5,32,33,0.06653225806451613,1.0,1,0.9787764906404469,0.966649507808516
133,5,32,33,0.06653225806451613,1.0,3,0.3077924351985003,0.3070771814775902
133,5,32,33,0.06653225806451613,1.0,5,0.1837068199387449,0.18317615554837716
133,5,32,33,0.06653225806451613,1.0,7,0.1310061269385756,0.1305906461216665
133,5,32,33,0.06653225806451613,1.0,9,0.10181835234694418,0.1014796956457714
133,5,32,33,0.06653225806451613,1.0,11,0.08327179973813843,0.08298689790469047
133,5,32,33,0.06653225806451613,1.0,13,0.07044271876826372,0.07019720599971596
133,5,32,33,0.06653225806451613,1.0,15,0.06103977415804043,0.060824247717207854
133,5,32,33,0.06653225806451613,1.0,17,0.05385192694770791,0.0536599436918895
133,5,32,33,0.06653225806451613,1.0,19,0.04817881464889326,0.04800578425907168
134,5,32,33,0.06653225806451613,0.1,1,0.013589313508057754,0.013591548227300323
134,5,32,33,0.06653225806451613,0.1,3,0.00452615455475676,0.004526759049296576
134,5,32,33,0.06653225806451613,0.1,5,0.0027155190515028758,0.0027158752016191545
134,5,32,33,0.06653225806451613,0.1,7,0.0019396222844860868,0.0019398753926778882
134,5,32,33,0.06653225806451613,0.1,9,0.0015085841696199805,0.001508780620680873
134,5,32,33,0.06653225806451613,0.1,11,0.0012342916075941577,0.001234452170177929
134,5,32,33,0.06653225806451613,0.1,13,0.0010443983858705718,0.001044534163752398
134,5,32,33,0.06653225806451613,0.1,15,0.0009051440686845901,0.0009052616978526182
134,5,32,33,0.06653225806451613,0.1,17,0.0007986558241112659,0.0007987595880270586
134,5,32,33,0.06653225806451613,0.1,19,0.0007145863463940262,0.0007146791711418429
134,5,32,33,0.06653225806451613,0.5,1,0.3176068157381627,0.31856326870473456
134,5,32,33,0.06653225806451613,0.5,3,0.10390094829557373,0.10424386349012257
134,5,32,33,0.06653225806451613,0.5,5,0.06224351987382713,0.0624544465485585
134,5,32,33,0.06653225806451613,0.5,7,0.04444048721211028,0.0445922480621957
134,5,32,33,0.06653225806451613,0.5,9,0.03455868035296107,0.03467707621643425
134,5,32,33,0.06653225806451613,0.5,11,0.02827273836731421,0.02836975810617998
134,5,32,33,0.06653225806451613,0.5,13,0.02392184713151887,0.02400401432171959
134,5,32,33,0.06653225806451613,0.5,15,0.02073159359327039,0.02080284527988081
134,5,32,33,0.06653225806451613,0.5,17,0.01829218513554154,0.018355077975906915
134,5,32,33,0.06653225806451613,0.5,19,0.016366442599124884,0.016422730031956195
134,5,32,33,0.06653225806451613,1.0,1,1.0283093980429034,1.0329473226673775
134,5,32,33,0.06653225806451613,1.0,3,0.32599695009258317,0.32824473873249
134,5,32,33,0.06653225806451613,1.0,5,0.1944714076385161,0.19604481633202925
134,5,32,33,0.06653225806451613,1.0,7,0.13866102886260512,0.13984680738920743
134,5,32,33,0.06653225806451613,1.0,9,0.10776345136583257,0.10870955818796926
134,5,32,33,0.06653225806451613,1.0,11,0.08813400853247437,0.08891908404450746
134,5,32,33,0.06653225806451613,1.0,13,0.074556954768661,0.07522696313887059
134,5,32,33,0.06653225806451613,1.0,15,0.06460610054413221,0.06519001866023477
134,5,32,33,0.06653225806451613,1.0,17,0.05699946570113743,0.057516658093975034
134,5,32,33,0.06653225806451613,1.0,19,0.05099578090301963,0.05145979452289033
135,5,32,33,0.06653225806451613,0.1,1,0.013997365872799554,0.013852626612518073
135,5,32,33,0.06653225806451613,0.1,3,0.004661550607875336,0.004611408938588667
135,5,32,33,0.06653225806451613,0.1,5,0.0027967070850509605,0.0027664578177772894
135,5,32,33,0.06653225806451613,0.1,7,0.001997600331812356,0.0019759481909984835
135,5,32,33,0.06653225806451613,0.1,9,0.0015536727720020186,0.001536813517900572
135,5,32,33,0.06653225806451613,0.1,11,0.0012711795616730487,0.0012573761864422734
135,5,32,33,0.06653225806451613,0.1,13,0.0010756097183547049,0.001063924523917207
135,5,32,33,0.06653225806451613,0.1,15,0.0009321929228800421,0.0009220623643154519
135,5,32,33,0.06653225806451613,0.1,17,0.0008225218170321009,0.0008135808275783872
135,5,32,33,0.06653225806451613,0.1,19,0.0007359396804640582,0.0007279382647813444
135,5,32,33,0.06653225806451613,0.5,1,0.32402101899815366,0.3211174604272247
135,5,32,33,0.06653225806451613,0.5,3,0.10589603905760651,0.10451858573022761
135,5,32,33,0.06653225806451613,0.5,5,0.063435094700781,0.06257591215837162
135,5,32,33,0.06653225806451613,0.5,7,0.04529015611468918,0.044667234895339164
135,5,32,33,0.06653225806451613,0.5,9,0.035218930810969495,0.03473060874738494
135,5,32,33,0.06653225806451613,0.5,11,0.028812635257354113,0.028411153770431883
135,5,32,33,0.06653225806451613,0.5,13,0.024378504498119756,0.024037668449213925
135,5,32,33,0.06653225806451613,0.5,15,0.021127250701195706,0.02083115548945151
135,5,32,33,0.06653225806451613,0.5,17,0.018641218752848625,0.01837948756823232
135,5,32,33,0.06653225806451613,0.5,19,0.016678682641170787,0.01644417198365433
135,5,32,33,0.06653225806451613,1.0,1,1.0252724676652187,1.0178505456498796
135,5,32,33,0.06653225806451613,1.0,3,0.32501584927130805,0.32469277956034237
135,5,32,33,0.06653225806451613,1.0,5,0.19436998864642138,0.19450489576704452
135,5,32,33,0.06653225806451613,1.0,7,0.13870937861057084,0.13887170870069288
135,5,32,33,0.06653225806451613,1.0,9,0.10784370606375836,0.10799105342685221
135,5,32,33,0.06653225806451613,1.0,11,0.0882181881642563,0.08834740934074914
135,5,32,33,0.06653225806451613,1.0,13,0.07463738835474319,0.07475089660423752
135,5,32,33,0.06653225806451613,1.0,15,0.06468084737241071,0.06478145559152718
135,5,32,33,0.06653225806451613,1.0,17,0.0570683820690169,0.057158451239826484
135,5,32,33,0.06653225806451613,1.0,19,0.05105928651935426,0.05114067500449685
136,5,32,33,0.06653225806451613,0.1,1,0.012930838644224217,0.013142539681839635
136,5,32,33,0.06653225806451613,0.1,3,0.004304921827885575,0.004377083943510842
136,5,32,33,0.06653225806451613,0.1,5,0.0025825887133730345,0.0026260399605003136
136,5,32,33,0.06653225806451613,0.1,7,0.00184461491929143,0.0018756959763511494
136,5,32,33,0.06653225806451613,0.1,9,0.0014346651200206277,0.0014588579441983706
136,5,32,33,0.06653225806451613,0.1,11,0.0011737997403660542,0.0011936034256465236
136,5,32,33,0.06653225806451613,0.1,13,0.0009932055817118335,0.001009968081299928
136,5,32,33,0.06653225806451613,0.1,15,0.000860772295773785,0.0008753032849198638
136,5,32,33,0.06653225806451613,0.1,17,0.0007595011113490193,0.0007723249125843278
136,5,32,33,0.06653225806451613,0.1,19,0.0006795509620168182,0.000691026534683815
136,5,32,33,0.06653225806451613,0.5,1,0.3028122887754514,0.30673332476699644
136,5,32,33,0.06653225806451613,0.5,3,0.09871020509117022,0.10029196236531737
136,5,32,33,0.06653225806451613,0.5,5,0.05911197752512069,0.06007649064612481
136,5,32,33,0.06653225806451613,0.5,7,0.04219836984387599,0.04289101645779406
136,5,32,33,0.06653225806451613,0.5,9,0.032812474629439314,0.03335260026940572
136,5,32,33,0.06653225806451613,0.5,11,0.02684279053222958,0.027285379660346287
136,5,32,33,0.06653225806451613,0.5,13,0.02271116098738694,0.023086027431690196
136,5,32,33,0.06653225806451613,0.5,15,0.019681864646867157,0.020006972204484896
136,5,32,33,0.06653225806451613,0.5,17,0.017365636381844428,0.01765264135817178
136,5,32,33,0.06653225806451613,0.5,19,0.015537200131415314,0.01579409383612669
136,5,32,33,0.06653225806451613,1.0,1,0.9850216947673878,0.9953098324215282
136,5,32,33,0.06653225806451613,1.0,3,0.3099135616871106,0.31154342338611724
136,5,32,33,0.06653225806451613,1.0,5,0.18515098191123747,0.18587174255663066
136,5,32,33,0.06653225806451613,1.0,7,0.1320919820601213,0.13254238098460694
136,5,32,33,0.06653225806451613,1.0,9,0.10268634440444402,0.10301167977854085
136,5,32,33,0.06653225806451613,1.0,11,0.08399413063210961,0.08424815730502928
136,5,32,33,0.06653225806451613,1.0,13,0.07106101768463881,0.07126915996535928
136,5,32,33,0.06653225806451613,1.0,15,0.06158013034163678,0.06175633678390571
136,5,32,33,0.06653225806451613,1.0,17,0.054331739400886314,0.05448446240840625
136,5,32,33,0.06653225806451613,1.0,19,0.048610255264709246,0.04874499490383733
137,5,32,33,0.06653225806451613,0.1,1,0.015295787084976151,0.01476361850407865
137,5,32,33,0.06653225806451613,0.1,3,0.00509307536037448,0.004914446467110226
137,5,32,33,0.06653225806451613,0.1,5,0.003055340863253106,0.0029481920668298525
137,5,32,33,0.06653225806451613,0.1,7,0.002182243297458886,0.0021057303508307543
137,5,32,33,0.06653225806451613,0.1,9,0.0016972408216998202,0.001637742886397982
137,5,32,33,0.06653225806451613,0.1,11,0.001388621285181752,0.0013399482876831543
137,5,32,33,0.06653225806451613,0.1,13,0.0011749697611370216,0.0011337894086897423
137,5,32,33,0.06653225806451613,0.1,15,0.001018296137102871,0.0009826094946136983
137,5,32,33,0.06653225806451613,0.1,17,0.0008984892373233624,0.000867003116485683
137,5,32,33,0.06653225806451613,0.1,19,0.0008039062612481737,0.0007757359865672079
137,5,32,33,0.06653225806451613,0.5,1,0.35258644615349694,0.34373970164255463
137,5,32,33,0.06653225806451613,0.5,3,0.11595372540075748,0.11188570414596158
137,5,32,33,0.06653225806451613,0.5,5,0.06947954300195974,0.06698022801464892
137,5,32,33,0.06653225806451613,0.5,7,0.049605974489205215,0.04780948635124704
137,5,32,33,0.06653225806451613,0.5,9,0.03857400089425058,0.03717325297650343
137,5,32,33,0.06653225806451613,0.5,11,0.03155652115227747,0.030409071870267475
137,5,32,33,0.06653225806451613,0.5,13,0.026699452133290058,0.025727890244276977
137,5,32,33,0.06653225806451613,0.5,15,0.023138176549759675,0.022295823014310934
137,5,32,33,0.06653225806451613,0.5,17,0.020415159328235146,0.01967171960455499
137,5,32,33,0.06653225806451613,0.5,19,0.018265591466419272,0.017600297754120094
137,5,32,33,0.06653225806451613,1.0,1,1.0940395405329877,1.0925720670444024
137,5,32,33,0.06653225806451613,1.0,3,0.35167064015275473,0.3428329708124846
137,5,32,33,0.06653225806451613,1.0,5,0.21040624750803244,0.20431849618833492
137,5,32,33,0.06653225806451613,1.0,7,0.15016989007980613,0.14562934034569283
137,5,32,33,0.06653225806451613,1.0,9,0.11675872970717145,0.1131554592338487
137,5,32,33,0.06653225806451613,1.0,11,0.09551253637144225,0.09253072548053982
137,5,32,33,0.06653225806451613,1.0,13,0.08080948748415955,0.07826815304287887
137,5,32,33,0.06653225806451613,1.0,15,0.07002988689266484,0.06781646596139813
137,5,32,33,0.06653225806451613,1.0,17,0.061788000887350265,0.0598279532162009
137,5,32,33,0.06653225806451613,1.0,19,0.055281991313205055,0.05352349130416825
138,5,32,33,0.06653225806451613,0.1,1,0.015266001573909678,0.014768893314040436
138,5,32,33,0.06653225806451613,0.1,3,0.0050836960676718165,0.004918123896950386
138,5,32,33,0.06653225806451613,0.1,5,0.0030497766840405184,0.0029505779080609674
138,5,32,33,0.06653225806451613,0.1,7,0.002178288111740937,0.0021074856610316345
138,5,32,33,0.06653225806451613,0.1,9,0.0016941728385904894,0.0016391294603361767
138,5,32,33,0.06653225806451613,0.1,11,0.001386115413410098,0.001341093631538065
138,5,32,33,0.06653225806451613,0.1,13,0.0011728519206197214,0.00113476482608976
138,5,32,33,0.06653225806451613,0.1,15,0.0010164622702741298,0.000983458807322054
138,5,32,33,0.06653225806451613,0.1,17,0.0008968721947603644,0.0008677551555079614
138,5,32,33,0.06653225806451613,0.1,19,0.000802460192678643,0.0007764107210739234
138,5,32,33,0.06653225806451613,0.5,1,0.3516296409165165,0.3425202272373463
138,5,32,33,0.06653225806451613,0.5,3,0.11571196020523938,0.11193315554822524
138,5,32,33,0.06653225806451613,0.5,5,0.06934306247160772,0.06704318717201321
138,5,32,33,0.06653225806451613,0.5,7,0.049511068115144025,0.047863177157907805
138,5,32,33,0.06653225806451613,0.5,9,0.0385012898144877,0.03721839509307395
138,5,32,33,0.06653225806451613,0.5,11,0.03149760258079428,0.030447648309015876
138,5,32,33,0.06653225806451613,0.5,13,0.026649932040908732,0.025761447328358333
138,5,32,33,0.06653225806451613,0.5,15,0.023095470930356767,0.022325466630175476
138,5,32,33,0.06653225806451613,0.5,17,0.020377620534324934,0.01969824349915096
138,5,32,33,0.06653225806451613,0.5,19,0.018232104728585823,0.017624283592311003
138,5,32,33,0.06653225806451613,1.0,1,1.089986634413267,1.0824300831324971
138,5,32,33,0.06653225806451613,1.0,3,0.35065083270149744,0.3412281352990676
138,5,32,33,0.06653225806451613,1.0,5,0.20991334478203533,0.20355103393122434
138,5,32,33,0.06653225806451613,1.0,7,0.14983794840745845,0.14513175293566152
138,5,32,33,0.06653225806451613,1.0,9,0.11650690217940887,0.11278789781322214
138,5,32,33,0.06653225806451613,1.0,11,0.09530923450315384,0.09223929688470993
138,5,32,33,0.06653225806451613,1.0,13,0.08063888377815889,0.07802667048083671
138,5,32,33,0.06653225806451613,1.0,15,0.06988286154774644,0.06761026989979096
138,5,32,33,0.06653225806451613,1.0,17,0.061658801215088564,0.05964801695424495
138,5,32,33,0.06653225806451613,1.0,19,0.055166748942310655,0.05336386315178219
139,5,32,33,0.06653225806451613,0.1,1,0.01368117190006334,0.013664628461645211
139,5,32,33,0.06653225806451613,0.1,3,0.004554344755049544,0.004549000233983157
139,5,32,33,0.06653225806451613,0.1,5,0.0027321740541543667,0.002728979252798528
139,5,32,33,0.06653225806451613,0.1,7,0.0019514416789741481,0.0019491628795554519
139,5,32,33,0.06653225806451613,0.1,9,0.0015177442038148924,0.0015159731075020146
139,5,32,33,0.06653225806451613,0.1,11,0.001241769228115409,0.0012403208049142794
139,5,32,33,0.06653225806451613,0.1,13,0.0010507157259623235,0.00104949051264401
139,5,32,33,0.06653225806451613,0.1,15,0.0009106128434097225,0.0009095512268164622
139,5,32,33,0.06653225806451613,0.1,17,0.0008034770063731026,0.0008025404425389716
139,5,32,33,0.06653225806451613,0.1,19,0.0007188970706149649,0.0007180592021353676
139,5,32,33,0.06653225806451613,0.5,1,0.3187799023626451,0.31778033777642406
139,5,32,33,0.06653225806451613,0.5,3,0.10388685144774124,0.10364066234435299
139,5,32,33,0.06653225806451613,0.5,5,0.06220582040836089,0.062054025836975155
139,5,32,33,0.06653225806451613,0.5,7,0.04440486662722484,0.044294412701694104
139,5,32,33,0.06653225806451613,0.5,9,0.034527234439001374,0.03444030300765372
139,5,32,33,0.06653225806451613,0.5,11,0.028245062364385877,0.028173361354803125
139,5,32,33,0.06653225806451613,0.5,13,0.023897287386589926,0.02383626420977054
139,5,32,33,0.06653225806451613,0.5,15,0.020709582387361803,0.0206564640968898
139,5,32,33,0.06653225806451613,0.5,17,0.018272273208274365,0.018225244354876144
139,5,32,33,0.06653225806451613,0.5,19,0.016348280128472066,0.016306086897631925
139,5,32,33,0.06653225806451613,1.0,1,1.0228685101318937,1.018206006865844
139,5,32,33,0.06653225806451613,1.0,3,0.32242550074956294,0.32228726056172385
139,5,32,33,0.06653225806451613,1.0,5,0.1925543016182281,0.19256240164948765
139,5,32,33,0.06653225806451613,1.0,7,0.13735629172428435,0.13738809287195114
139,5,32,33,0.06653225806451613,1.0,9,0.10677224236449578,0.10680737344952539
139,5,32,33,0.06653225806451613,1.0,11,0.0873331868610786,0.08736701401497973
139,5,32,33,0.06653225806451613,1.0,13,0.07388424888915364,0.07391570586921137
139,5,32,33,0.06653225806451613,1.0,15,0.06402566447583996,0.06405465844008912
139,5,32,33,0.06653225806451613,1.0,17,0.056488750522331856,0.05651546453082031
139,5,32,33,0.06653225806451613,1.0,19,0.05053966041775255,0.050564340360131965
140,5,32,33,0.06653225806451613,0.1,1,0.013068224174168802,0.012610253081074453
140,5,32,33,0.06653225806451613,0.1,3,0.004349127232541087,0.0041977123319450246
140,5,32,33,0.06653225806451613,0.1,5,0.002608929003562051,0.002518259803530248
140,5,32,33,0.06653225806451613,0.1,7,0.0018633738254977361,0.0017986676730139398
140,5,32,33,0.06653225806451613,0.1,9,0.0014492314379206234,0.0013989298299002587
140,5,32,33,0.06653225806451613,0.1,11,0.0011857051929870053,0.0011445627189879109
140,5,32,33,0.06653225806451613,0.1,13,0.0010032721448814778,0.0009684671876140951
140,5,32,33,0.06653225806451613,0.1,15,0.0008694920264396981,0.0008393327830635571
140,5,32,33,0.06653225806451613,0.1,17,0.000767191873088413,0.0007405841998842229
140,5,32,33,0.06653225806451613,0.1,19,0.000686429968209974,0.0006626255292059557
140,5,32,33,0.06653225806451613,0.5,1,0.3069111330152638,0.29456650558441716
140,5,32,33,0.06653225806451613,0.5,3,0.09987818064542056,0.0956847420617993
140,5,32,33,0.06653225806451613,0.5,5,0.05980447088036464,0.05728951476092511
140,5,32,33,0.06653225806451613,0.5,7,0.04269101536134073,0.04089689105600794
140,5,32,33,0.06653225806451613,0.5,9,0.03319485560400226,0.031800817860378396
140,5,32,33,0.06653225806451613,0.5,11,0.02715525430105654,0.026015528931348238
140,5,32,33,0.06653225806451613,0.5,13,0.0229753281368318,0.022011492342466656
140,5,32,33,0.06653225806451613,0.5,15,0.019910668281854896,0.019075713668705613
140,5,32,33,0.06653225806451613,0.5,17,0.017567427487689434,0.016830963365771997
140,5,32,33,0.06653225806451613,0.5,19,0.015717683748539036,0.015058932253564744
140,5,32,33,0.06653225806451613,1.0,1,1.0012670111244255,0.9647922669225891
140,5,32,33,0.06653225806451613,1.0,3,0.3167522772450098,0.30693042957727784
140,5,32,33,0.06653225806451613,1.0,5,0.18928008204868538,0.18329602042904036
140,5,32,33,0.06653225806451613,1.0,7,0.13503454846526228,0.13074170431631119
140,5,32,33,0.06653225806451613,1.0,9,0.10496912020830401,0.10162444211144554
140,5,32,33,0.06653225806451613,1.0,11,0.0858578846769665,0.08311896673245514
140,5,32,33,0.06653225806451613,1.0,13,0.07263536179229955,0.07031667515656877
140,5,32,33,0.06653225806451613,1.0,15,0.06294270009234813,0.06093255257360175
140,5,32,33,0.06653225806451613,1.0,17,0.055532669963567045,0.053758644302632864
140,5,32,33,0.06653225806451613,1.0,19,0.049683783472999364,0.04809626628016417
141,5,32,33,0.06653225806451613,0.1,1,0.013418645534152422,0.012758538535301317
141,5,32,33,0.06653225806451613,0.1,3,0.004467939273009884,0.004244718002922229
141,5,32,33,0.06653225806451613,0.1,5,0.00268041927258225,0.0025460906411893403
141,5,32,33,0.06653225806451613,0.1,7,0.0019144979411342164,0.0018184265911809125
141,5,32,33,0.06653225806451613,0.1,9,0.0014890199118305612,0.0014142446547405357
141,5,32,33,0.06653225806451613,0.1,11,0.001218272408115532,0.001157064933538668
141,5,32,33,0.06653225806451613,0.1,13,0.0010308365827952136,0.0009790293764352976
141,5,32,33,0.06653225806451613,0.1,15,0.0008933859873778134,0.0008484760573528222
141,5,32,33,0.06653225806451613,0.1,17,0.0007882779931287565,0.0007486445933329827
141,5,32,33,0.06653225806451613,0.1,19,0.0007052987594338831,0.0006698323546296131
141,5,32,33,0.06653225806451613,0.5,1,0.31299615617664595,0.301270889498166
141,5,32,33,0.06653225806451613,0.5,3,0.10234854651648191,0.09830657897285319
141,5,32,33,0.06653225806451613,0.5,5,0.061303408746350346,0.05885512141047954
141,5,32,33,0.06653225806451613,0.5,7,0.043765011789017656,0.04200845562629704
141,5,32,33,0.06653225806451613,0.5,9,0.03403130214592324,0.032661580070827416
141,5,32,33,0.06653225806451613,0.5,11,0.027840108546288975,0.02671755136132456
141,5,32,33,0.06653225806451613,0.5,13,0.02355507233212764,0.02260409910271557
141,5,32,33,0.06653225806451613,0.5,15,0.020413258447144315,0.019588363192766325
141,5,32,33,0.06653225806451613,0.5,17,0.01801097992151454,0.017282642100347342
141,5,32,33,0.06653225806451613,0.5,19,0.016114606373270147,0.015462587856896236
141,5,32,33,0.06653225806451613,1.0,1,1.009393450688211,0.9952586071260323
141,5,32,33,0.06653225806451613,1.0,3,0.32173115744593644,0.317104789584015
141,5,32,33,0.06653225806451613,1.0,5,0.19237782156149275,0.18935456982221
141,5,32,33,0.06653225806451613,1.0,7,0.1372651842304422,0.13505768714296892
141,5,32,33,0.06653225806451613,1.0,9,0.10670968657228183,0.10497708794779381
141,5,32,33,0.06653225806451613,1.0,11,0.08728443363322665,0.08586013655383337
141,5,32,33,0.06653225806451613,1.0,13,0.07384373105620738,0.07263514419623233
141,5,32,33,0.06653225806451613,1.0,15,0.06399071961945049,0.06294133390907065
141,5,32,33,0.06653225806451613,1.0,17,0.05645788762581326,0.055530756965228315
141,5,32,33,0.06653225806451613,1.0,19,0.050511948702218354,0.04968161989442919
142,5,32,33,0.06653225806451613,0.1,1,0.017166060449122354,0.016483683998402655
142,5,32,33,0.06653225806451613,0.1,3,0.005709742368909646,0.005488052336689664
142,5,32,33,0.06653225806451613,0.1,5,0.0034247223390192873,0.0032924707248136987
142,5,32,33,0.06653225806451613,0.1,7,0.0024459118191475157,0.0023516849317082593
142,5,32,33,0.06653225806451613,0.1,9,0.001902243379935161,0.0018290599223873792
142,5,32,33,0.06653225806451613,0.1,11,0.001556313524544891,0.0014964906803336818
142,5,32,33,0.06653225806451613,0.1,13,0.0013168417774700094,0.0012662545141878844
142,5,32,33,0.06653225806451613,0.1,15,0.0011412384223881957,0.0010974165628931777
142,5,32,33,0.06653225806451613,0.1,17,0.0010069587161483128,0.0009683061859880977
142,5,32,33,0.06653225806451613,0.1,19,0.0009009515783160973,0.0008663775103693289
142,5,32,33,0.06653225806451613,0.5,1,0.3940630699813851,0.3765321436995337
142,5,32,33,0.06653225806451613,0.5,3,0.12794489607721937,0.1223213865192715
142,5,32,33,0.06653225806451613,0.5,5,0.07654771520263617,0.07324021471817704
142,5,32,33,0.06653225806451613,0.5,7,0.05462287826256501,0.05228363946007201
142,5,32,33,0.06653225806451613,0.5,9,0.042463702572960796,0.0406549297769684
142,5,32,33,0.06653225806451613,0.5,11,0.034733009099444614,0.03325881997147711
142,5,32,33,0.06653225806451613,0.5,13,0.029383902255561173,0.028139928892174013
142,5,32,33,0.06653225806451613,0.5,15,0.025462646760548154,0.024386739689259716
142,5,32,33,0.06653225806451613,0.5,17,0.022464814450194555,0.021516987002713914
142,5,32,33,0.06653225806451613,0.5,19,0.02009856170885946,0.01925157540637311
142,5,32,33,0.06653225806451613,1.0,1,1.2011200339620176,1.1474856301043739
142,5,32,33,0.06653225806451613,1.0,3,0.37698427410118285,0.3568987575490835
142,5,32,33,0.06653225806451613,1.0,5,0.22476600136485528,0.21288867077286056
142,5,32,33,0.06653225806451613,1.0,7,0.1602234307720318,0.15180915384622007
142,5,32,33,0.06653225806451613,1.0,9,0.12450024950963944,0.11799051403539397
142,5,32,33,0.06653225806451613,1.0,11,0.10180895431335257,0.09650250534046319
142,5,32,33,0.06653225806451613,1.0,13,0.0861163766728375,0.08163852187303594
142,5,32,33,0.06653225806451613,1.0,15,0.07461645475816794,0.07074373282869219
142,5,32,33,0.06653225806451613,1.0,17,0.06582663696159773,0.06241515207052476
142,5,32,33,0.06653225806451613,1.0,19,0.05888976056016123,0.05584144480580739
143,5,32,33,0.06653225806451613,0.1,1,0.013343602065891247,0.012943668434223218
143,5,32,33,0.06653225806451613,0.1,3,0.004442573841314378,0.00430382209094704
143,5,32,33,0.06653225806451613,0.1,5,0.0026651293683857117,0.002581287042984076
143,5,32,33,0.06653225806451613,0.1,7,0.0019035526770180059,0.0018434896020557284
143,5,32,33,0.06653225806451613,0.1,9,0.0014804961301292368,0.0014337055997014265
143,5,32,33,0.06653225806451613,0.1,11,0.0012112926381120657,0.0011729708743724934
143,5,32,33,0.06653225806451613,0.1,13,0.0010249271893398742,0.0009924786031896273
143,5,32,33,0.06653225806451613,0.1,15,0.0008882623050473588,0.0008601259720864471
143,5,32,33,0.06653225806451613,0.1,17,0.0007837555943093842,0.0007589198510613502
143,5,32,33,0.06653225806451613,0.1,19,0.0007012513341324414,0.0006790231388023457
143,5,32,33,0.06653225806451613,0.5,1,0.31298084687797373,0.3065119883040471
143,5,32,33,0.06653225806451613,0.5,3,0.10253286098798776,0.0994776789653773
143,5,32,33,0.06653225806451613,0.5,5,0.061428731386254626,0.05948793458196885
143,5,32,33,0.06653225806451613,0.5,7,0.043857900686655425,0.04244025331131827
143,5,32,33,0.06653225806451613,0.5,9,0.03410475257751211,0.032989004482130595
143,5,32,33,0.06653225806451613,0.5,11,0.027900750095563767,0.026981170057275846
143,5,32,33,0.06653225806451613,0.5,13,0.023606672072986456,0.02282470263970748
143,5,32,33,0.06653225806451613,0.5,15,0.020458146349810018,0.019778011869996222
143,5,32,33,0.06653225806451613,0.5,17,0.018050692837710023,0.01744895052481066
143,5,32,33,0.06653225806451613,0.5,19,0.016150209670609372,0.015610669804461283
143,5,32,33,0.06653225806451613,1.0,1,1.0203867433610734,1.010708634115961
143,5,32,33,0.06653225806451613,1.0,3,0.33076841266660784,0.31888124865282746
143,5,32,33,0.06653225806451613,1.0,5,0.1977790787698497,0.18980070714510358
143,5,32,33,0.06653225806451613,1.0,7,0.1410974925548673,0.13517277420431767
143,5,32,33,0.06653225806451613,1.0,9,0.10967578807730134,0.10497638296955725
143,5,32,33,0.06653225806451613,1.0,11,0.08970263533881723,0.08581200294704608
143,5,32,33,0.06653225806451613,1.0,13,0.0758844736433157,0.07256635758162289
143,5,32,33,0.06653225806451613,1.0,15,0.0657557413471716,0.0628638047599936
143,5,32,33,0.06653225806451613,1.0,17,0.05801272977209997,0.055450223619074084
143,5,32,33,0.06653225806451613,1.0,19,0.05190128914161699,0.04960097938667146
144,5,32,33,0.06653225806451613,0.1,1,0.013928946623915457,0.013633362111337722
144,5,32,33,0.06653225806451613,0.1,3,0.004640937493596151,0.004542761564789239
144,5,32,33,0.06653225806451613,0.1,5,0.0027844642146402287,0.002725575731234255
144,5,32,33,0.06653225806451613,0.1,7,0.0019888836668118487,0.0019468238274657598
144,5,32,33,0.06653225806451613,0.1,9,0.0015469033270027013,0.0015141911953540806
144,5,32,33,0.06653225806451613,0.1,11,0.001265645612254591,0.0012388815869017811
144,5,32,33,0.06653225806451613,0.1,13,0.0010709296546742887,0.0010482833887478016
144,5,32,33,0.06653225806451613,0.1,15,0.0009281383554415005,0.0009085117096719492
144,5,32,33,0.06653225806451613,0.1,17,0.0008189452075710636,0.0008016276485618107
144,5,32,33,0.06653225806451613,0.1,19,0.0007327401978265598,0.0007172455834300602
144,5,32,33,0.06653225806451613,0.5,1,0.3242803147481601,0.3187734857421778
144,5,32,33,0.06653225806451613,0.5,3,0.10700008544369076,0.10543705685676523
144,5,32,33,0.06653225806451613,0.5,5,0.06414417813146546,0.06322152555283221
144,5,32,33,0.06653225806451613,0.5,7,0.04580620619006243,0.045150187909478126
144,5,32,33,0.06653225806451613,0.5,9,0.03562350127064021,0.03511423461560417
144,5,32,33,0.06653225806451613,0.5,11,0.029145030369934145,0.028728759917427776
144,5,32,33,0.06653225806451613,0.5,13,0.02466046350596863,0.024308430588176996
144,5,32,33,0.06653225806451613,0.5,15,0.021372012255114297,0.021067023646691458
144,5,32,33,0.06653225806451613,0.5,17,0.018857428178874286,0.018588383455840095
144,5,32,33,0.06653225806451613,0.5,19,0.016872291619917257,0.016631606846719535
144,5,32,33,0.06653225806451613,1.0,1,1.0410249228534014,1.036298487139026
144,5,32,33,0.06653225806451613,1.0,3,0.3368642618730411,0.34060787439049317
144,5,32,33,0.06653225806451613,1.0,5,0.20111325271188474,0.20388865754247532
144,5,32,33,0.06653225806451613,1.0,7,0.14340995197633877,0.14553651422764868
144,5,32,33,0.06653225806451613,1.0,9,0.11145122494633804,0.11316318097168157
144,5,32,33,0.06653225806451613,1.0,11,0.09114541881723764,0.09257477125583752
144,5,32,33,0.06653225806451613,1.0,13,0.07710044908720808,0.07832601238350809
144,5,32,33,0.06653225806451613,1.0,15,0.06680697332232596,0.06787901042711617
144,5,32,33,0.06653225806451613,1.0,17,0.05893878665588035,0.05989115822330435
144,5,32,33,0.06653225806451613,1.0,19,0.052728969367303175,0.05358551583819068
145,5,32,33,0.06653225806451613,0.1,1,0.014338020262833545,0.013718150643001737
145,5,32,33,0.06653225806451613,0.1,3,0.004771863434674147,0.004565488151792457
145,5,32,33,0.06653225806451613,0.1,5,0.002862528966368701,0.0027387789903847988
145,5,32,33,0.06653225806451613,0.1,7,0.0020445056345459885,0.001956139010817136
145,5,32,33,0.06653225806451613,0.1,9,0.0015901073379250182,0.0015213897079845314
145,5,32,33,0.06653225806451613,0.1,11,0.0013009651174700075,0.001244748025665982
145,5,32,33,0.06653225806451613,0.1,13,0.0011007985429574883,0.0010532340717010838
145,5,32,33,0.06653225806451613,0.1,15,0.0009540141428241281,0.0009127940732099328
145,5,32,33,0.06653225806451613,0.1,17,0.0008417697070782964,0.0008054007422678998
145,5,32,33,0.06653225806451613,0.1,19,0.0007531571534391532,0.0007206177000330652
145,5,32,33,0.06653225806451613,0.5,1,0.3323021366631542,0.3184949188366341
145,5,32,33,0.06653225806451613,0.5,3,0.10811577797227341,0.10326577418698125
145,5,32,33,0.06653225806451613,0.5,5,0.06471894292988785,0.061812002260021974
145,5,32,33,0.06653225806451613,0.5,7,0.046192665065568794,0.04411944831363205
145,5,32,33,0.06653225806451613,0.5,9,0.03591462014694664,0.034303920922495595
145,5,32,33,0.06653225806451613,0.5,11,0.02937857812984808,0.028061800830948988
145,5,32,33,0.06653225806451613,0.5,13,0.024855471955973457,0.023741950125016828
145,5,32,33,0.06653225806451613,0.5,15,0.02153941072484701,0.020574808910009738
145,5,32,33,0.06653225806451613,0.5,17,0.019004071935949562,0.018153267542989526
145,5,32,33,0.06653225806451613,0.5,19,0.0170027634616363,0.01624174578021729
145,5,32,33,0.06653225806451613,1.0,1,1.0452556716201151,1.0099830891693906
145,5,32,33,0.06653225806451613,1.0,3,0.32896074019657173,0.3137392617671295
145,5,32,33,0.06653225806451613,1.0,5,0.19640248447627828,0.18740602004462154
145,5,32,33,0.06653225806451613,1.0,7,0.1400492646374118,0.1336995031578174
145,5,32,33,0.06653225806451613,1.0,9,0.10883598506501536,0.10393669486166754
145,5,32,33,0.06653225806451613,1.0,11,0.08900369010799884,0.08501762819604879
145,5,32,33,0.06653225806451613,1.0,13,0.07528645578464221,0.07192751599562885
145,5,32,33,0.06653225806451613,1.0,15,0.06523340350194934,0.06233147078327157
145,5,32,33,0.06653225806451613,1.0,17,0.05754917514461916,0.05499498162922551
145,5,32,33,0.06653225806451613,1.0,19,0.05148468130784114,0.04920391372270658
146,5,32,33,0.06653225806451613,0.1,1,0.013537923480524884,0.013537923480524941
146,5,32,33,0.06653225806451613,0.1,3,0.004507834516086066,0.0045078345160861405
146,5,32,33,0.06653225806451613,0.1,5,0.0027044029710793127,0.0027044029710793626
146,5,32,33,0.06653225806451613,0.1,7,0.0019316455146584446,0.0019316455146584778
146,5,32,33,0.06653225806451613,0.1,9,0.0015023644030396678,0.0015023644030396205
146,5,32,33,0.06653225806451613,0.1,11,0.0012291946548594126,0.0012291946548593415
146,5,32,33,0.06653225806451613,0.1,13,0.0010400808915353292,0.0010400808915355462
146,5,32,33,0.06653225806451613,0.1,15,0.0009013992737683181,0.0009013992737685962
146,5,32,33,0.06653225806451613,0.1,17,0.000795349598282094,0.0007953495982821487
146,5,32,33,0.06653225806451613,0.1,19,0.0007116267387153145,0.0007116267387153212
146,5,32,33,0.06653225806451613,0.5,1,0.3139935158580631,0.31399351585806445
146,5,32,33,0.06653225806451613,0.5,3,0.10251864900983709,0.10251864900983887
146,5,32,33,0.06653225806451613,0.5,5,0.061410406486565684,0.06141040648656665
146,5,32,33,0.06653225806451613,0.5,7,0.04384440540463381,0.043844405404635044
146,5,32,33,0.06653225806451613,0.5,9,0.03409461114349836,0.03409461114349955
146,5,32,33,0.06653225806451613,0.5,11,0.02789279982863463,0.027892799828635382
146,5,32,33,0.06653225806451613,0.5,13,0.023600211261610344,0.023600211261609754
146,5,32,33,0.06653225806451613,0.5,15,0.02045274468378681,0.020452744683788073
146,5,32,33,0.06653225806451613,0.5,17,0.018046074413373654,0.018046074413374816
146,5,32,33,0.06653225806451613,0.5,19,0.01614618963791181,0.016146189637913293
146,5,32,33,0.06653225806451613,1.0,1,0.9984495224677625,0.998449522467765
146,5,32,33,0.06653225806451613,1.0,3,0.31800181090986224,0.31800181090986485
146,5,32,33,0.06653225806451613,1.0,5,0.1899385348880326,0.1899385348880355
146,5,32,33,0.06653225806451613,1.0,7,0.13548608600394818,0.13548608600395193
146,5,32,33,0.06653225806451613,1.0,9,0.10531456477041419,0.10531456477041619
146,5,32,33,0.06653225806451613,1.0,11,0.0861382923558367,0.08613829235583839
146,5,32,33,0.06653225806451613,1.0,13,0.07287162635942965,0.07287162635943285
146,5,32,33,0.06653225806451613,1.0,15,0.06314696255124269,0.06314696255124616
146,5,32,33,0.06653225806451613,1.0,17,0.05571263372696272,0.05571263372696502
146,5,32,33,0.06653225806451613,1.0,19,0.049844652755370526,0.04984465275537291
147,5,32,33,0.06653225806451613,0.1,1,0.013555940103860502,0.013109961454737497
147,5,32,33,0.06653225806451613,0.1,3,0.004515948192141243,0.004365863523862165
147,5,32,33,0.06653225806451613,0.1,5,0.0027094379272111944,0.0026192944553259235
147,5,32,33,0.06653225806451613,0.1,7,0.0019352866981447575,0.0018708758617086497
147,5,32,33,0.06653225806451613,0.1,9,0.0015052145263340293,0.0014551085804407815
147,5,32,33,0.06653225806451613,0.1,11,0.001231535610347886,0.0011905356953003728
147,5,32,33,0.06653225806451613,0.1,13,0.001042066845889864,0.0010073723197145637
147,5,32,33,0.06653225806451613,0.1,15,0.000903123638165788,0.0008730536542281064
147,5,32,33,0.06653225806451613,0.1,17,0.0007968732246144534,0.0007703399756265706
147,5,32,33,0.06653225806451613,0.1,19,0.0007129914683735699,0.0006892505668619764
147,5,32,33,0.06653225806451613,0.5,1,0.313429001613412,0.3056475100308538
147,5,32,33,0.06653225806451613,0.5,3,0.1030399047666273,0.09978677201929487
147,5,32,33,0.06653225806451613,0.5,5,0.06175823823435455,0.05977184348474007
147,5,32,33,0.06653225806451613,0.5,7,0.04409998403650604,0.042674000192495426
147,5,32,33,0.06653225806451613,0.5,9,0.034295763690019784,0.033184276726891684
147,5,32,33,0.06653225806451613,0.5,11,0.028058399484816404,0.027147967979102842
147,5,32,33,0.06653225806451613,0.5,13,0.02374085026181891,0.022969961011846663
147,5,32,33,0.06653225806451613,0.5,15,0.020574923409596154,0.019906522770721767
147,5,32,33,0.06653225806451613,0.5,17,0.018154057622349437,0.017564110579023375
147,5,32,33,0.06653225806451613,0.5,19,0.016242922258539183,0.015714956559895507
147,5,32,33,0.06653225806451613,1.0,1,0.9902100972277424,0.9836951443176375
147,5,32,33,0.06653225806451613,1.0,3,0.31793847084577853,0.3079308291705291
147,5,32,33,0.06653225806451613,1.0,5,0.19025417206201353,0.1838115547250328
147,5,32,33,0.06653225806451613,1.0,7,0.13578936462031108,0.13110841275960455
147,5,32,33,0.06653225806451613,1.0,9,0.1055777976501896,0.10191378081890651
147,5,32,33,0.06653225806451613,1.0,11,0.08636600631661537,0.08335932856524952
147,5,32,33,0.06653225806451613,1.0,13,0.07307081150309135,0.07052276878379289
147,5,32,33,0.06653225806451613,1.0,15,0.06332339887387337,0.06111315726769279
147,5,32,33,0.06653225806451613,1.0,17,0.05587072061903199,0.05391948078461529
147,5,32,33,0.06653225806451613,1.0,19,0.049987711212002586,0.04824129316409644
148,5,32,33,0.06653225806451613,0.1,1,0.013784869031489755,0.013719997707665528
148,5,32,33,0.06653225806451613,0.1,3,0.004582306273214114,0.004568530410515363
148,5,32,33,0.06653225806451613,0.1,5,0.002748304005386902,0.0027408528785514115
148,5,32,33,0.06653225806451613,0.1,7,0.0019627777677763223,0.0019576934681352232
148,5,32,33,0.06653225806451613,0.1,9,0.0015264837728293065,0.0015226297269049158
148,5,32,33,0.06653225806451613,0.1,11,0.0012488803233780884,0.0012457785455184968
148,5,32,33,0.06653225806451613,0.1,13,0.001056710014869625,0.0010541153296270889
148,5,32,33,0.06653225806451613,0.1,15,0.0009157935558456626,0.0009135636966769993
148,5,32,33,0.06653225806451613,0.1,17,0.0008080386235225187,0.0008060837645832105
148,5,32,33,0.06653225806451613,0.1,19,0.0007229717776645328,0.0007212316017711079
148,5,32,33,0.06653225806451613,0.5,1,0.32527443667699235,0.3187303866334253
148,5,32,33,0.06653225806451613,0.5,3,0.10498805441450125,0.1038613761667124
148,5,32,33,0.06653225806451613,0.5,5,0.06277617773714562,0.06219957034538061
148,5,32,33,0.06653225806451613,0.5,7,0.04479324734684164,0.04440408545418404
148,5,32,33,0.06653225806451613,0.5,9,0.034823215299732056,0.034528412123305804
148,5,32,33,0.06653225806451613,0.5,11,0.028484750965198345,0.028247015767758645
148,5,32,33,0.06653225806451613,0.5,13,0.02409892674513683,0.02389954369751111
148,5,32,33,0.06653225806451613,0.5,15,0.02088371767797892,0.020711932098468822
148,5,32,33,0.06653225806451613,0.5,17,0.018425569366589588,0.01827461793450421
148,5,32,33,0.06653225806451613,0.5,19,0.016485226591872005,0.01635057278268311
148,5,32,33,0.06653225806451613,1.0,1,1.0575462202057109,1.0196533786037445
148,5,32,33,0.06653225806451613,1.0,3,0.33368582792468515,0.3188039089895443
148,5,32,33,0.06653225806451613,1.0,5,0.19832604247762792,0.19032047642547534
148,5,32,33,0.06653225806451613,1.0,7,0.14114319977326062,0.13575131472096244
148,5,32,33,0.06653225806451613,1.0,9,0.10956966332947304,0.10552154759936745
148,5,32,33,0.06653225806451613,1.0,11,0.08954490052795876,0.08630915834332019
148,5,32,33,0.06653225806451613,1.0,13,0.07571074784623665,0.0730175307997074
148,5,32,33,0.06653225806451613,1.0,15,0.06558023006007953,0.06327445085013232
148,5,32,33,0.06653225806451613,1.0,17,0.057841378065218746,0.055825921602836025
148,5,32,33,0.06653225806451613,1.0,19,0.051736527066993714,0.04994663294877584
149,5,32,33,0.06653225806451613,0.1,1,0.014829288231058502,0.014141027292875284
149,5,32,33,0.06653225806451613,0.1,3,0.004935537356674683,0.0047080535727232154
149,5,32,33,0.06653225806451613,0.1,5,0.0029606985948263105,0.0028244765894275
149,5,32,33,0.06653225806451613,0.1,7,0.002114614611056553,0.0020173977825209024
149,5,32,33,0.06653225806451613,0.1,9,0.001644630975241631,0.0015690549366114497
149,5,32,33,0.06653225806451613,0.1,11,0.0013455723782730279,0.0012837568770628725
149,5,32,33,0.06653225806451613,0.1,13,0.0011385413638557366,0.0010862473845080368
149,5,32,33,0.06653225806451613,0.1,15,0.000986723438295962,0.0009414092889676671
149,5,32,33,0.06653225806451613,0.1,17,0.000870630067039739,0.0008306519322278672
149,5,32,33,0.06653225806451613,0.1,19,0.0007789790234606544,0.0007432126085678328
149,5,32,33,0.06653225806451613,0.5,1,0.3456627426481992,0.329569377163734
149,5,32,33,0.06653225806451613,0.5,3,0.11274179002523134,0.10739780398637955
149,5,32,33,0.06653225806451613,0.5,5,0.06748237130930164,0.06430529486067227
149,5,32,33,0.06653225806451613,0.5,7,0.0481613357663864,0.04590278546473736
149,5,32,33,0.06653225806451613,0.5,9,0.037443296928879884,0.03569165962538499
149,5,32,33,0.06653225806451613,0.5,11,0.03062793158599318,0.02919748776624587
149,5,32,33,0.06653225806451613,0.5,13,0.025911780057645852,0.024703033741960465
149,5,32,33,0.06653225806451613,0.5,15,0.022454333668161765,0.021407806519400645
149,5,32,33,0.06653225806451613,0.5,17,0.019810983841323,0.0188882967781285
149,5,32,33,0.06653225806451613,0.5,19,0.017724470567573584,0.016899421269263314
149,5,32,33,0.06653225806451613,1.0,1,1.1059234155232525,1.0591883862236655
149,5,32,33,0.06653225806451613,1.0,3,0.351668995519249,0.33415296852867776
149,5,32,33,0.06653225806451613,1.0,5,0.20975716418542942,0.1993757287010099
149,5,32,33,0.06653225806451613,1.0,7,0.14949257460646956,0.14215603116192552
149,5,32,33,0.06653225806451613,1.0,9,0.11613691133455413,0.11047283850257436
149,5,32,33,0.06653225806451613,1.0,11,0.09495357309480444,0.09034371614917462
149,5,32,33,0.06653225806451613,1.0,13,0.0803068513349173,0.0764214255625698
149,5,32,33,0.06653225806451613,1.0,15,0.06957530494366913,0.06621803062420994
149,5,32,33,0.06653225806451613,1.0,17,0.06137405158335022,0.05841877240028471
149,5,32,33,0.06653225806451613,1.0,19,0.054902513342182435,0.05226339079168794
150,5,32,33,0.06653225806451613,0.1,1,0.012087467543351136,0.01206741221249678
150,5,32,33,0.06653225806451613,0.1,3,0.004024267523261065,0.004016917418117579
150,5,32,33,0.06653225806451613,0.1,5,0.002414228534319577,0.002409737973817566
150,5,32,33,0.06653225806451613,0.1,7,0.001724366116232567,0.0017211337049695304
150,5,32,33,0.06653225806451613,0.1,9,0.0013411416551143258,0.001338616756606493
150,5,32,33,0.06653225806451613,0.1,11,0.0010972822207479603,0.001095210752751745
150,5,32,33,0.06653225806451613,0.1,13,0.0009284609406981202,0.0009267048476122207
150,5,32,33,0.06653225806451613,0.1,15,0.0008046608651281685,0.0008031368090704602
150,5,32,33,0.06653225806451613,0.1,17,0.0007099914177454884,0.0007086452377837797
150,5,32,33,0.06653225806451613,0.1,19,0.000635253088439852,0.0006340476043321839
150,5,32,33,0.06653225806451613,0.5,1,0.2843969358885409,0.28388806926526566
150,5,32,33,0.06653225806451613,0.5,3,0.09272737636306534,0.09247091964670917
150,5,32,33,0.06653225806451613,0.5,5,0.05551430389841952,0.055362203983519306
150,5,32,33,0.06653225806451613,0.5,7,0.03962483670773782,0.03951741798751356
150,5,32,33,0.06653225806451613,0.5,9,0.030808967160842773,0.0307260714928035
150,5,32,33,0.06653225806451613,0.5,11,0.025202512614812017,0.025135063755078967
150,5,32,33,0.06653225806451613,0.5,13,0.021322595199866522,0.021265755743787702
150,5,32,33,0.06653225806451613,0.5,15,0.018478023602258302,0.018428916321572085
150,5,32,33,0.06653225806451613,0.5,17,0.016303136289120907,0.01625991277938834
150,5,32,33,0.06653225806451613,0.5,19,0.01458633599966788,0.014547739038054926
150,5,32,33,0.06653225806451613,1.0,1,0.9452323780821921,0.9358152855722659
150,5,32,33,0.06653225806451613,1.0,3,0.2977529149155721,0.29360141279867424
150,5,32,33,0.06653225806451613,1.0,5,0.17772680727792714,0.175441325453617
150,5,32,33,0.06653225806451613,1.0,7,0.126749722732523,0.1251767788807101
150,5,32,33,0.06653225806451613,1.0,9,0.09851454266403199,0.0973155859463751
150,5,32,33,0.06653225806451613,1.0,11,0.08057224437217,0.07960354879579143
150,5,32,33,0.06653225806451613,1.0,13,0.06816058723655188,0.06734791858406518
150,5,32,33,0.06653225806451613,1.0,15,0.0590632756362191,0.05836332001234564
150,5,32,33,0.06653225806451613,1.0,17,0.05210887240227446,0.05149415795649261
150,5,32,33,0.06653225806451613,1.0,19,0.046619888222376435,0.04607189838456005
151,5,32,33,0.06653225806451613,0.1,1,0.012468106058880015,0.012457023148131135
151,5,32,33,0.06653225806451613,0.1,3,0.0041489833949831635,0.004148038966599423
151,5,32,33,0.06653225806451613,0.1,5,0.002488804775741571,0.00248858033006048
151,5,32,33,0.06653225806451613,0.1,7,0.0017775574289422005,0.0017775028891896252
151,5,32,33,0.06653225806451613,0.1,9,0.0013824792193273315,0.0013824827186114145
151,5,32,33,0.06653225806451613,0.1,11,0.0011310864418808259,0.00113111327879652
151,5,32,33,0.06653225806451613,0.1,13,0.0009570543047205377,0.0009570910822507502
151,5,32,33,0.06653225806451613,0.1,15,0.0008294352920530385,0.0008294761193446152
151,5,32,33,0.06653225806451613,0.1,17,0.0007318468275328638,0.0007318888987078734
151,5,32,33,0.06653225806451613,0.1,19,0.000654804835454231,0.0006548467527929266
151,5,32,33,0.06653225806451613,0.5,1,0.29365581117875705,0.2917796929812534
151,5,32,33,0.06653225806451613,0.5,3,0.09545135140857867,0.09508994657326511
151,5,32,33,0.06653225806451613,0.5,5,0.05713348458857404,0.05694642189215623
151,5,32,33,0.06653225806451613,0.5,7,0.04077824414726164,0.04065405829080764
151,5,32,33,0.06653225806451613,0.5,9,0.03170496846805211,0.03161254438143078
151,5,32,33,0.06653225806451613,0.5,11,0.025935111150650024,0.025861691384312956
151,5,32,33,0.06653225806451613,0.5,13,0.02194222507563184,0.021881402438522213
151,5,32,33,0.06653225806451613,0.5,15,0.019014882290111425,0.01896300286209423
151,5,32,33,0.06653225806451613,0.5,17,0.016776737261927303,0.016731526920739682
151,5,32,33,0.06653225806451613,0.5,19,0.015010018301183408,0.014969968286825957
151,5,32,33,0.06653225806451613,1.0,1,0.9673424593828678,0.9538895589928226
151,5,32,33,0.06653225806451613,1.0,3,0.3028286264852355,0.29722335392883287
151,5,32,33,0.06653225806451613,1.0,5,0.18095523416124124,0.17740788361451526
151,5,32,33,0.06653225806451613,1.0,7,0.12908196488166662,0.12654622834753917
151,5,32,33,0.06653225806451613,1.0,9,0.10033410792093216,0.09837046853852642
151,5,32,33,0.06653225806451613,1.0,11,0.08206225641146914,0.0804626854428496
151,5,32,33,0.06653225806451613,1.0,13,0.06942151382600589,0.06807307143752164
151,5,32,33,0.06653225806451613,1.0,15,0.060155911972959074,0.05899085503423062
151,5,32,33,0.06653225806451613,1.0,17,0.05307272381158653,0.05204734699884661
151,5,32,33,0.06653225806451613,1.0,19,0.047482044662547615,0.04656658950595956
152,5,32,33,0.06653225806451613,0.1,1,0.01251824339624064,0.012517587518363998
152,5,32,33,0.06653225806451613,0.1,3,0.0041681880792862535,0.004168132112230925
152,5,32,33,0.06653225806451613,0.1,5,0.002500636842919403,0.002500618125588562
152,5,32,33,0.06653225806451613,0.1,7,0.0017861043504247805,0.0017860951242836011
152,5,32,33,0.06653225806451613,0.1,9,0.001389168223224005,0.0013891627523582035
152,5,32,33,0.06653225806451613,0.1,11,0.0011365808654297388,0.0011365772505452637
152,5,32,33,0.06653225806451613,0.1,13,0.0009617161052551989,0.0009617135407270237
152,5,32,33,0.06653225806451613,0.1,15,0.0008334835818102859,0.0008334816686397413
152,5,32,33,0.06653225806451613,0.1,17,0.0007354242922604107,0.0007354228105751382
152,5,32,33,0.06653225806451613,0.1,19,0.0006580095729667814,0.0006580083917436482
152,5,32,33,0.06653225806451613,0.5,1,0.29295754354206194,0.29278622021217404
152,5,32,33,0.06653225806451613,0.5,3,0.09540947176517148,0.09540452265565996
152,5,32,33,0.06653225806451613,0.5,5,0.057138923876329614,0.05713982367922039
152,5,32,33,0.06653225806451613,0.5,7,0.040792517575556714,0.04079342420821268
152,5,32,33,0.06653225806451613,0.5,9,0.031720780158388806,0.03172145727926121
152,5,32,33,0.06653225806451613,0.5,11,0.025950569401067967,0.025951072072700348
152,5,32,33,0.06653225806451613,0.5,13,0.021956809131313027,0.02195719174599598
152,5,32,33,0.06653225806451613,0.5,15,0.019028489924296083,0.019028789130046724
152,5,32,33,0.06653225806451613,0.5,17,0.016789403429027745,0.016789643104058703
152,5,32,33,0.06653225806451613,0.5,19,0.015021820400745357,0.015022016375828649
152,5,32,33,0.06653225806451613,1.0,1,0.9532982822059376,0.9531428708418208
152,5,32,33,0.06653225806451613,1.0,3,0.2935034357590815,0.29337824042035854
152,5,32,33,0.06653225806451613,1.0,5,0.1750996375573251,0.1750444339322978
152,5,32,33,0.06653225806451613,1.0,7,0.12486069793519856,0.1248288507548767
152,5,32,33,0.06653225806451613,1.0,9,0.09704097329927185,0.09702036160176482
152,5,32,33,0.06653225806451613,1.0,11,0.07936461110373957,0.07935022871533966
152,5,32,33,0.06653225806451613,1.0,13,0.06713768752342798,0.06712710007146844
152,5,32,33,0.06653225806451613,1.0,15,0.058176144063147764,0.0581680327612151
152,5,32,33,0.06653225806451613,1.0,17,0.051325721075692256,0.051319312064591095
152,5,32,33,0.06653225806451613,1.0,19,0.04591891699594856,0.04591372726774139
153,5,32,33,0.06653225806451613,0.1,1,0.01302853393854799,0.013187220206915993
153,5,32,33,0.06653225806451613,0.1,3,0.004336260924738801,0.004389293797922735
153,5,32,33,0.06653225806451613,0.1,5,0.002601389484852504,0.0026331012632180586
153,5,32,33,0.06653225806451613,0.1,7,0.0018580541173906385,0.0018806632736787007
153,5,32,33,0.06653225806451613,0.1,9,0.0014451243921026582,0.0014626892758977628
153,5,32,33,0.06653225806451613,0.1,11,0.0011823614168315992,0.0011967217129240683
153,5,32,33,0.06653225806451613,0.1,13,0.0010004527331014738,0.0010125971132721701
153,5,32,33,0.06653225806451613,0.1,15,0.0008670549654829097,0.0008775757797906195
153,5,32,33,0.06653225806451613,0.1,17,0.0007650459205256482,0.0007743260323894065
153,5,32,33,0.06653225806451613,0.1,19,0.0006845130415204215,0.000692814182696201
153,5,32,33,0.06653225806451613,0.5,1,0.3046265444327322,0.3068634908510119
153,5,32,33,0.06653225806451613,0.5,3,0.09844863382989989,0.09984578287454786
153,5,32,33,0.06653225806451613,0.5,5,0.058906825071292336,0.059771699800543227
153,5,32,33,0.06653225806451613,0.5,7,0.042042594103593386,0.042663758588310556
153,5,32,33,0.06653225806451613,0.5,9,0.03268861418956156,0.033172110774906595
153,5,32,33,0.06653225806451613,0.5,11,0.026740462571646237,0.02713588765686511
153,5,32,33,0.06653225806451613,0.5,13,0.022624164644812723,0.022958518346167984
153,5,32,33,0.06653225806451613,0.5,15,0.019606283643821616,0.019895841492320605
153,5,32,33,0.06653225806451613,0.5,17,0.017298862439469872,0.01755417624361452
153,5,32,33,0.06653225806451613,0.5,19,0.015477416951524854,0.015705711297728138
153,5,32,33,0.06653225806451613,1.0,1,0.9842570555323068,0.9970082324080266
153,5,32,33,0.06653225806451613,1.0,3,0.3007558762127303,0.30688157934936694
153,5,32,33,0.06653225806451613,1.0,5,0.17879378739887336,0.18297211041685538
153,5,32,33,0.06653225806451613,1.0,7,0.12734064776942927,0.13045366383765963
153,5,32,33,0.06653225806451613,1.0,9,0.09891268484184944,0.10138240653559746
153,5,32,33,0.06653225806451613,1.0,11,0.08087011203917184,0.08291358694932892
153,5,32,33,0.06653225806451613,1.0,13,0.06839796627518556,0.07013938664899255
153,5,32,33,0.06653225806451613,1.0,15,0.05926046719650285,0.060777042853372924
153,5,32,33,0.06653225806451613,1.0,17,0.052277509883572736,0.05362036369143577
153,5,32,33,0.06653225806451613,1.0,19,0.046767218512898924,0.04797189313203045
154,5,32,33,0.06653225806451613,0.1,1,0.014907029779319743,0.01435079294616981
154,5,32,33,0.06653225806451613,0.1,3,0.004956384996767374,0.004757898537310611
154,5,32,33,0.06653225806451613,0.1,5,0.002972615055269117,0.0028524720954335673
154,5,32,33,0.06653225806451613,0.1,7,0.0021229461070689094,0.002036852696319314
154,5,32,33,0.06653225806451613,0.1,9,0.0016510333316483985,0.0015839614302677384
154,5,32,33,0.06653225806451613,0.1,11,0.0013507702747795256,0.00129583868820769
154,5,32,33,0.06653225806451613,0.1,13,0.0011429159427807226,0.0010964045199199583
154,5,32,33,0.06653225806451613,0.1,15,0.0009904997246759418,0.0009501707262487407
154,5,32,33,0.06653225806451613,0.1,17,0.0008739519579454829,0.0008383549178622455
154,5,32,33,0.06653225806451613,0.1,19,0.0007819440912976409,0.000750085327918139
154,5,32,33,0.06653225806451613,0.5,1,0.3475275534672921,0.3409208182431109
154,5,32,33,0.06653225806451613,0.5,3,0.11265270393158835,0.10787351753657927
154,5,32,33,0.06653225806451613,0.5,5,0.06736064232755257,0.06417427917055182
154,5,32,33,0.06653225806451613,0.5,7,0.04805398810091424,0.04568025930753245
154,5,32,33,0.06653225806451613,0.5,9,0.0373510694628004,0.03546274432919635
154,5,32,33,0.06653225806451613,0.5,11,0.030547946159889622,0.0289811780874025
154,5,32,33,0.06653225806451613,0.5,13,0.02584145601744813,0.024503080553423956
154,5,32,33,0.06653225806451613,0.5,15,0.02239170897109902,0.02122382346273525
154,5,32,33,0.06653225806451613,0.5,17,0.019754596662382284,0.018718796663414423
154,5,32,33,0.06653225806451613,0.5,19,0.017673221455865133,0.016742743771173182
154,5,32,33,0.06653225806451613,1.0,1,1.099655399798933,1.087188503560293
154,5,32,33,0.06653225806451613,1.0,3,0.3462392629906023,0.3391301043932994
154,5,32,33,0.06653225806451613,1.0,5,0.20614106655595216,0.20307986545953172
154,5,32,33,0.06653225806451613,1.0,7,0.1467836471901269,0.14496213965760796
154,5,32,33,0.06653225806451613,1.0,9,0.11397221183549487,0.11271327098199668
154,5,32,33,0.06653225806451613,1.0,11,0.09315138377802995,0.0922036572234858
154,5,32,33,0.06653225806451613,1.0,13,0.07876333702177543,0.07800973710981887
154,5,32,33,0.06653225806451613,1.0,15,0.06822560893433768,0.06760325952385758
154,5,32,33,0.06653225806451613,1.0,17,0.06017497125369727,0.05964663610022022
154,5,32,33,0.06653225806451613,1.0,19,0.05382383235624286,0.053365822654586184
155,5,32,33,0.06653225806451613,0.1,1,0.01320437861653988,0.013135951947441778
155,5,32,33,0.06653225806451613,0.1,3,0.004398584285296723,0.004366612067271349
155,5,32,33,0.06653225806451613,0.1,5,0.0026390015300200736,0.0026187238765898804
155,5,32,33,0.06653225806451613,0.1,7,0.0018849699354661286,0.0018701513484923084
155,5,32,33,0.06653225806451613,0.1,9,0.0014660771921537398,0.0014544071616674195
155,5,32,33,0.06653225806451613,0.1,11,0.001199513109690752,0.0011898897165487467
155,5,32,33,0.06653225806451613,0.1,13,0.0010149702851309202,0.0010067833816103124
155,5,32,33,0.06653225806451613,0.1,15,0.0008796395780052546,0.0008725162819146583
155,5,32,33,0.06653225806451613,0.1,17,0.0007761517458186405,0.0007698476082304836
155,5,32,33,0.06653225806451613,0.1,19,0.0006944510235995251,0.0006887971472379057
155,5,32,33,0.06653225806451613,0.5,1,0.308170872110716,0.31045004385550723
155,5,32,33,0.06653225806451613,0.5,3,0.10126687577917062,0.10106366613958061
155,5,32,33,0.06653225806451613,0.5,5,0.06067700950859362,0.06044604307892057
155,5,32,33,0.06653225806451613,0.5,7,0.04332231558305168,0.043123759755250034
155,5,32,33,0.06653225806451613,0.5,9,0.03368863084050878,0.03351962310451925
155,5,32,33,0.06653225806451613,0.5,11,0.02756048512673269,0.027414594297596837
155,5,32,33,0.06653225806451613,0.5,13,0.023318861337921486,0.02319094687806209
155,5,32,33,0.06653225806451613,0.5,15,0.02020877366505242,0.020095070176698135
155,5,32,33,0.06653225806451613,0.5,17,0.017830699097882374,0.01772845107250617
155,5,32,33,0.06653225806451613,0.5,19,0.015953401283752063,0.015860557717463374
155,5,32,33,0.06653225806451613,1.0,1,0.9999726130432061,1.0129787671798964
155,5,32,33,0.06653225806451613,1.0,3,0.3236221893572578,0.3218810856347869
155,5,32,33,0.06653225806451613,1.0,5,0.19325892035241668,0.19219098494154685
155,5,32,33,0.06653225806451613,1.0,7,0.13779320717678248,0.13703292418942198
155,5,32,33,0.06653225806451613,1.0,9,0.10707198233203072,0.10648175933758493
155,5,32,33,0.06653225806451613,1.0,11,0.08755429353675226,0.08707169835651285
155,5,32,33,0.06653225806451613,1.0,13,0.07405599318902732,0.07364766644153016
155,5,32,33,0.06653225806451613,1.0,15,0.06416422841478067,0.06381026935495125
155,5,32,33,0.06653225806451613,1.0,17,0.05660381592855046,0.056291395924054646
155,5,32,33,0.06653225806451613,1.0,19,0.050637390296843394,0.050357752621442764
156,5,32,33,0.06653225806451613,0.1,1,0.01465753661277411,0.014554411020459766
156,5,32,33,0.06653225806451613,0.1,3,0.004876209293141367,0.004845984096212645
156,5,32,33,0.06653225806451613,0.1,5,0.0029248471581867293,0.0029072802345491383
156,5,32,33,0.06653225806451613,0.1,7,0.002088928078333515,0.0020765591004582476
156,5,32,33,0.06653225806451613,0.1,9,0.0016246186107168013,0.0016150765379744957
156,5,32,33,0.06653225806451613,0.1,11,0.0013291809211653943,0.001321414803410704
156,5,32,33,0.06653225806451613,0.1,13,0.0011246612873593584,0.0011181141069093019
156,5,32,33,0.06653225806451613,0.1,15,0.0009746874353789947,0.0009690286117876539
156,5,32,33,0.06653225806451613,0.1,17,0.0008600056064567711,0.00085502294301747
156,5,32,33,0.06653225806451613,0.1,19,0.0007694697767617685,0.0007650189758945929
156,5,32,33,0.06653225806451613,0.5,1,0.3415731295819198,0.3372181905501195
156,5,32,33,0.06653225806451613,0.5,3,0.11119293698008786,0.1097752882995146
156,5,32,33,0.06653225806451613,0.5,5,0.06652424062561543,0.0657406151323783
156,5,32,33,0.06653225806451613,0.5,7,0.047468173948666884,0.04693287969759698
156,5,32,33,0.06653225806451613,0.5,9,0.036900393410235245,0.03649536688990052
156,5,32,33,0.06653225806451613,0.5,11,0.03018177679567973,0.029856504825900267
156,5,32,33,0.06653225806451613,0.5,13,0.02553311802013372,0.025261553472685546
156,5,32,33,0.06653225806451613,0.5,15,0.02212543230577575,0.021892443591589292
156,5,32,33,0.06653225806451613,0.5,17,0.019520286331591828,0.019316324056126245
156,5,32,33,0.06653225806451613,0.5,19,0.017464026650376614,0.0172826857748492
156,5,32,33,0.06653225806451613,1.0,1,1.0912303648993995,1.0704297529347808
156,5,32,33,0.06653225806451613,1.0,3,0.348680633819311,0.3373424745869753
156,5,32,33,0.06653225806451613,1.0,5,0.20782215669706688,0.20099192811129132
156,5,32,33,0.06653225806451613,1.0,7,0.14806293805387782,0.14322999085232943
156,5,32,33,0.06653225806451613,1.0,9,0.11500412542587442,0.11127687800854405
156,5,32,33,0.06653225806451613,1.0,11,0.09401584313979501,0.09098656661810266
156,5,32,33,0.06653225806451613,1.0,13,0.07950698816894525,0.07695713157883723
156,5,32,33,0.06653225806451613,1.0,15,0.06887802015746276,0.06667732953388195
156,5,32,33,0.06653225806451613,1.0,17,0.060756053276643254,0.05882081297338942
156,5,32,33,0.06653225806451613,1.0,19,0.054347626866236856,0.052620911888394885
157,5,32,33,0.06653225806451613,0.1,1,0.01297894450886991,0.013013095140169607
157,5,32,33,0.06653225806451613,0.1,3,0.004319343988908908,0.004330634515754348
157,5,32,33,0.06653225806451613,0.1,5,0.002591133412095828,0.0025978498505510785
157,5,32,33,0.06653225806451613,0.1,7,0.0018506915253351944,0.0018554673077896674
157,5,32,33,0.06653225806451613,0.1,9,0.0014393811370799214,0.0014430854446670883
157,5,32,33,0.06653225806451613,0.1,11,0.001177653378601042,0.001180678615367196
157,5,32,33,0.06653225806451613,0.1,13,0.0009964636269449163,0.000999020086263666
157,5,32,33,0.06653225806451613,0.1,15,0.0008635942737657186,0.0008658076937018985
157,5,32,33,0.06653225806451613,0.1,17,0.0007619900069033633,0.0007639415320695418
157,5,32,33,0.06653225806451613,0.1,19,0.0006817771218038764,0.0006835221565641608
157,5,32,33,0.06653225806451613,0.5,1,0.3043822240124732,0.304658265422654
157,5,32,33,0.06653225806451613,0.5,3,0.09929073386658184,0.09967424726192821
157,5,32,33,0.06653225806451613,0.5,5,0.0594589692531479,0.05969420727150329
157,5,32,33,0.06653225806451613,0.5,7,0.042443829098349206,0.04261293008817055
157,5,32,33,0.06653225806451613,0.5,9,0.03300192424877365,0.033133860981877004
157,5,32,33,0.06653225806451613,0.5,11,0.026996898844915972,0.027105053958439065
157,5,32,33,0.06653225806451613,0.5,13,0.02284098309432444,0.022932618366724444
157,5,32,33,0.06653225806451613,0.5,15,0.019793986464330084,0.019873479236875522
157,5,32,33,0.06653225806451613,0.5,17,0.017464291732075317,0.01753448336450406
157,5,32,33,0.06653225806451613,0.5,19,0.015625269353785713,0.01568810844060255
157,5,32,33,0.06653225806451613,1.0,1,1.0036643429812964,1.010501721791664
157,5,32,33,0.06653225806451613,1.0,3,0.3199637765564402,0.3220815910191528
157,5,32,33,0.06653225806451613,1.0,5,0.19117666421081225,0.19226875916171804
157,5,32,33,0.06653225806451613,1.0,7,0.13637977172365173,0.13709987179560357
157,5,32,33,0.06653225806451613,1.0,9,0.10601150480753294,0.10654485031980093
157,5,32,33,0.06653225806451613,1.0,11,0.0867087983210866,0.08713104218316978
157,5,32,33,0.06653225806451613,1.0,13,0.07335426195749667,0.07370319580066484
157,5,32,33,0.06653225806451613,1.0,15,0.06356506281323751,0.06386213592185135
157,5,32,33,0.06653225806451613,1.0,17,0.056081360932528156,0.05633986979358598
157,5,32,33,0.06653225806451613,1.0,19,0.050174402766186815,0.05040313983784092
158,5,32,33,0.06653225806451613,0.1,1,0.01354740488235324,0.013153058685590961
158,5,32,33,0.06653225806451613,0.1,3,0.004513135473749764,0.004380451763808558
158,5,32,33,0.06653225806451613,0.1,5,0.0027077522427243193,0.0026280134944283795
158,5,32,33,0.06653225806451613,0.1,7,0.0019340831200571498,0.001877089037700454
158,5,32,33,0.06653225806451613,0.1,9,0.0015042785969103102,0.0014599338260734502
158,5,32,33,0.06653225806451613,0.1,11,0.0012307699408640345,0.0011944795982609445
158,5,32,33,0.06653225806451613,0.1,13,0.0010414190225949743,0.0010107070088420263
158,5,32,33,0.06653225806451613,0.1,15,0.0009025622225848054,0.0008759421092604591
158,5,32,33,0.06653225806451613,0.1,17,0.000796377878495706,0.0007728875038343895
158,5,32,33,0.06653225806451613,0.1,19,0.0007125482781929826,0.0006915291385355449
158,5,32,33,0.06653225806451613,0.5,1,0.3131541348497354,0.3051073577047609
158,5,32,33,0.06653225806451613,0.5,3,0.10295058569453112,0.09997157298067566
158,5,32,33,0.06653225806451613,0.5,5,0.06170385471192961,0.05989046123952691
158,5,32,33,0.06653225806451613,0.5,7,0.04406083657103544,0.042758742163550696
158,5,32,33,0.06653225806451613,0.5,9,0.03426517614398595,0.03324972805995703
158,5,32,33,0.06653225806451613,0.5,11,0.028033298564930673,0.027201139596888663
158,5,32,33,0.06653225806451613,0.5,13,0.02371956659334631,0.023014676214231488
158,5,32,33,0.06653225806451613,0.5,15,0.020556449092708727,0.019945076229582012
158,5,32,33,0.06653225806451613,0.5,17,0.01813773744737797,0.017597981419121157
158,5,32,33,0.06653225806451613,0.5,19,0.01622830631488481,0.015745151620723284
158,5,32,33,0.06653225806451613,1.0,1,0.9867837421372793,0.9704789404712826
158,5,32,33,0.06653225806451613,1.0,3,0.3167669705335209,0.3072659724819874
158,5,32,33,0.06653225806451613,1.0,5,0.18956251300710483,0.183579372364159
158,5,32,33,0.06653225806451613,1.0,7,0.13529763207073414,0.13096718904622895
158,5,32,33,0.06653225806451613,1.0,9,0.10519622335984384,0.10180931196971721
158,5,32,33,0.06653225806451613,1.0,11,0.08605429085723157,0.08327506383067984
158,5,32,33,0.06653225806451613,1.0,13,0.07280736099683582,0.07045156855152729
158,5,32,33,0.06653225806451613,1.0,15,0.06309528992390978,0.061051241592263224
158,5,32,33,0.06653225806451613,1.0,17,0.05566960501695189,0.05386457141820834
158,5,32,33,0.06653225806451613,1.0,19,0.049807884363007676,0.04819189257711478
159,5,32,33,0.06653225806451613,0.1,1,0.013239755754450265,0.013239755754450326
159,5,32,33,0.06653225806451613,0.1,3,0.004409047488211898,0.004409047488212031
159,5,32,33,0.06653225806451613,0.1,5,0.0026451769859453197,0.0026451769859455088
159,5,32,33,0.06653225806451613,0.1,7,0.00188935354353428,0.0018893535435347021
159,5,32,33,0.06653225806451613,0.1,9,0.0014694755932404633,0.001469475593240339
159,5,32,33,0.06653225806451613,0.1,11,0.0012022880909305412,0.0012022880909307707
159,5,32,33,0.06653225806451613,0.1,13,0.0010173151979865997,0.0010173151979865798
159,5,32,33,0.06653225806451613,0.1,15,0.0008816698756318072,0.0008816698756319259
159,5,32,33,0.06653225806451613,0.1,17,0.0007779418827274576,0.0007779418827276038
159,5,32,33,0.06653225806451613,0.1,19,0.0006960518164031256,0.0006960518164033318
159,5,32,33,0.06653225806451613,0.5,1,0.30906798544380193,0.309067985443803
159,5,32,33,0.06653225806451613,0.5,3,0.10106429638186169,0.10106429638186301
159,5,32,33,0.06653225806451613,0.5,5,0.06053834629957779,0.060538346299579424
159,5,32,33,0.06653225806451613,0.5,7,0.04322100444966648,0.043221004449668
159,5,32,33,0.06653225806451613,0.5,9,0.03360943055470194,0.033609430554702675
159,5,32,33,0.06653225806451613,0.5,11,0.02749564642356627,0.027495646423567156
159,5,32,33,0.06653225806451613,0.5,13,0.023264040240082422,0.02326404024008316
159,5,32,33,0.06653225806451613,0.5,15,0.020161317944469487,0.020161317944469737
159,5,32,33,0.06653225806451613,0.5,17,0.017788878570903676,0.017788878570904453
159,5,32,33,0.06653225806451613,0.5,19,0.01591602762936308,0.015916027629364667
159,5,32,33,0.06653225806451613,1.0,1,1.0018826894481203,1.001882689448122
159,5,32,33,0.06653225806451613,1.0,3,0.3153072100587761,0.315307210058779
159,5,32,33,0.06653225806451613,1.0,5,0.18799021710882166,0.18799021710882455
159,5,32,33,0.06653225806451613,1.0,7,0.13402886676721137,0.13402886676721512
159,5,32,33,0.06653225806451613,1.0,9,0.10416035624804938,0.10416035624805044
159,5,32,33,0.06653225806451613,1.0,11,0.08518542863359477,0.08518542863359668
159,5,32,33,0.06653225806451613,1.0,13,0.07206127816261702,0.07206127816261987
159,5,32,33,0.06653225806451613,1.0,15,0.06244248037898492,0.062442480378987655
159,5,32,33,0.06653225806451613,1.0,17,0.05508976934398571,0.05508976934398951
159,5,32,33,0.06653225806451613,1.0,19,0.04928657612469158,0.04928657612469189
160,5,32,33,0.06653225806451613,0.1,1,0.01480652782074424,0.014038886311545628
160,5,32,33,0.06653225806451613,0.1,3,0.004928174318443531,0.004674902218054835
160,5,32,33,0.06653225806451613,0.1,5,0.00295621132355803,0.0028046295688585457
160,5,32,33,0.06653225806451613,0.1,7,0.0021113808431668405,0.00200323002228824
160,5,32,33,0.06653225806451613,0.1,9,0.001642101982924015,0.0015580383609505378
160,5,32,33,0.06653225806451613,0.1,11,0.0013434955401085953,0.0012747444769128254
160,5,32,33,0.06653225806451613,0.1,13,0.0011367793736839972,0.0010786220749387685
160,5,32,33,0.06653225806451613,0.1,15,0.0009851933350362798,0.000934800996972103
160,5,32,33,0.06653225806451613,0.1,17,0.0008692778809537558,0.0008248212695328279
160,5,32,33,0.06653225806451613,0.1,19,0.0007777676708097247,0.0007379958151267495
160,5,32,33,0.06653225806451613,0.5,1,0.3448977443349992,0.32628051760671195
160,5,32,33,0.06653225806451613,0.5,3,0.11312440258988786,0.10670803210009835
160,5,32,33,0.06653225806451613,0.5,5,0.06775476567307478,0.06391457314361189
160,5,32,33,0.06653225806451613,0.5,7,0.04836651226197306,0.045629386381568465
160,5,32,33,0.06653225806451613,0.5,9,0.03760691908849322,0.03548119016819559
160,5,32,33,0.06653225806451613,0.5,11,0.030763735114322083,0.02902632994243595
160,5,32,33,0.06653225806451613,0.5,13,0.026027753285316223,0.024558785519247468
160,5,32,33,0.06653225806451613,0.5,15,0.02255548760700052,0.021283142930035075
160,5,32,33,0.06653225806451613,0.5,17,0.01990065561993998,0.018778528778497408
160,5,32,33,0.06653225806451613,0.5,19,0.01780498977165815,0.016801365394821664
160,5,32,33,0.06653225806451613,1.0,1,1.0912396182504212,1.0412376284272615
160,5,32,33,0.06653225806451613,1.0,3,0.3519921655201377,0.3291065033112355
160,5,32,33,0.06653225806451613,1.0,5,0.21066962326764063,0.19647606826000608
160,5,32,33,0.06653225806451613,1.0,7,0.15035183366698007,0.1401440544138685
160,5,32,33,0.06653225806451613,1.0,9,0.11689456542953766,0.10893784260391973
160,5,32,33,0.06653225806451613,1.0,11,0.09562015746142555,0.08910467907092925
160,5,32,33,0.06653225806451613,1.0,13,0.08089835219865957,0.07538339604391503
160,5,32,33,0.06653225806451613,1.0,15,0.07010546540955136,0.06532523250709564
160,5,32,33,0.06653225806451613,1.0,17,0.061853705859242346,0.05763572949781616
160,5,32,33,0.06653225806451613,1.0,19,0.05534008307981929,0.05156616941961261
161,5,32,33,0.06653225806451613,0.1,1,0.012252791645888843,0.012244019896454045
161,5,32,33,0.06653225806451613,0.1,3,0.004080185755456995,0.004075778394333697
161,5,32,33,0.06653225806451613,0.1,5,0.0024479141423140857,0.002445081401595801
161,5,32,33,0.06653225806451613,0.1,7,0.0017484709198828073,0.0017463892142842914
161,5,32,33,0.06653225806451613,0.1,9,0.0013599091725399525,0.0013582647385985897
161,5,32,33,0.06653225806451613,0.1,11,0.001112647671780192,0.0011112889989741929
161,5,32,33,0.06653225806451613,0.1,13,0.0009414685108954862,0.0009403111016596973
161,5,32,33,0.06653225806451613,0.1,15,0.0008159379521794712,0.000814929923762965
161,5,32,33,0.06653225806451613,0.1,17,0.0007199444049684563,0.0007190516313382057
161,5,32,33,0.06653225806451613,0.1,19,0.000644160247474594,0.0006433590912058128
161,5,32,33,0.06653225806451613,0.5,1,0.2863711618061127,0.286750205445603
161,5,32,33,0.06653225806451613,0.5,3,0.09320814925968496,0.09334432780271491
161,5,32,33,0.06653225806451613,0.5,5,0.05582039933048446,0.05588931517290515
161,5,32,33,0.06653225806451613,0.5,7,0.03985111507496637,0.03989516043130307
161,5,32,33,0.06653225806451613,0.5,9,0.03098868720783676,0.031020446999992353
161,5,32,33,0.06653225806451613,0.5,11,0.02535162177408247,0.025376227244029163
161,5,32,33,0.06653225806451613,0.5,13,0.02145002204728512,0.021470003092227918
161,5,32,33,0.06653225806451613,0.5,15,0.018589280657056645,0.018606050507802004
161,5,32,33,0.06653225806451613,0.5,17,0.016401868466047007,0.01641628929276417
161,5,32,33,0.06653225806451613,0.5,19,0.014675079608193085,0.014687712960973124
161,5,32,33,0.06653225806451613,1.0,1,0.9322128748048999,0.9386522104891697
161,5,32,33,0.06653225806451613,1.0,3,0.2974404751754179,0.2991334794934765
161,5,32,33,0.06653225806451613,1.0,5,0.1778837083010808,0.17890547322711986
161,5,32,33,0.06653225806451613,1.0,7,0.12693465192006015,0.127674452593376
161,5,32,33,0.06653225806451613,1.0,9,0.09868369410697696,0.09926487282106052
161,5,32,33,0.06653225806451613,1.0,11,0.08072198631474456,0.08120094677663672
161,5,32,33,0.06653225806451613,1.0,13,0.06829323624018167,0.0687007028460343
161,5,32,33,0.06653225806451613,1.0,15,0.05918170111992572,0.059536309742811246
161,5,32,33,0.06653225806451613,1.0,17,0.05221554383062175,0.05252946555124798
161,5,32,33,0.06653225806451613,1.0,19,0.04671678321503097,0.04699841098038988
162,5,32,33,0.06653225806451613,0.1,1,0.014708826975910135,0.014364309536689726
162,5,32,33,0.06653225806451613,0.1,3,0.004895536082631513,0.0047806799849773466
162,5,32,33,0.06653225806451613,0.1,5,0.0029367476860888493,0.002867866218887498
162,5,32,33,0.06653225806451613,0.1,7,0.002097524486373233,0.002048335752176526
162,5,32,33,0.06653225806451613,0.1,9,0.0016313467807122562,0.001593094690998979
162,5,32,33,0.06653225806451613,0.1,11,0.0013347078721878988,0.0013034138853160644
162,5,32,33,0.06653225806451613,0.1,13,0.0011293509443309141,0.0011028733360622493
162,5,32,33,0.06653225806451613,0.1,15,0.0009787601020306586,0.0009558140872176104
162,5,32,33,0.06653225806451613,0.1,17,0.0008636047501055317,0.0008433591200530448
162,5,32,33,0.06653225806451613,0.1,19,0.0007726940375699217,0.0007545801365986939
162,5,32,33,0.06653225806451613,0.5,1,0.34144199813732296,0.3340299408043235
162,5,32,33,0.06653225806451613,0.5,3,0.11109095289107677,0.10837954461392794
162,5,32,33,0.06653225806451613,0.5,5,0.06647625661275053,0.06484107913647684
162,5,32,33,0.06653225806451613,0.5,7,0.047439247044929966,0.0462701720873791
162,5,32,33,0.06653225806451613,0.5,9,0.03688048144442351,0.03597101741648914
162,5,32,33,0.06653225806451613,0.5,11,0.030166918870863913,0.029422802976930142
162,5,32,33,0.06653225806451613,0.5,13,0.025521420041009383,0.024891811398523183
162,5,32,33,0.06653225806451613,0.5,15,0.022115865297939366,0.021570237051827593
162,5,32,33,0.06653225806451613,0.5,17,0.019512238297290704,0.01903083104698875
162,5,32,33,0.06653225806451613,0.5,19,0.017457108120682796,0.01702640018405223
162,5,32,33,0.06653225806451613,1.0,1,1.0821898074452367,1.0672333430590184
162,5,32,33,0.06653225806451613,1.0,3,0.3397447301001547,0.3314926075417953
162,5,32,33,0.06653225806451613,1.0,5,0.2020704585975124,0.19699387248150488
162,5,32,33,0.06653225806451613,1.0,7,0.14385069660959987,0.14020700139539533
162,5,32,33,0.06653225806451613,1.0,9,0.11168644918819405,0.10884872093782126
162,5,32,33,0.06653225806451613,1.0,11,0.0912808710139082,0.08895825505538842
162,5,32,33,0.06653225806451613,1.0,13,0.07718120251648268,0.07521583446044107
162,5,32,33,0.06653225806451613,1.0,15,0.06685518204960819,0.0651519954332215
162,5,32,33,0.06653225806451613,1.0,17,0.05896647031490387,0.0574638377241084
162,5,32,33,0.06653225806451613,1.0,19,0.05274314037306777,0.05139885463896264
163,5,32,33,0.06653225806451613,0.1,1,0.014247218080953023,0.013583826389985737
163,5,32,33,0.06653225806451613,0.1,3,0.004741390383476324,0.0045206758105888365
163,5,32,33,0.06653225806451613,0.1,5,0.00284421097401398,0.0027118762254658697
163,5,32,33,0.06653225806451613,0.1,7,0.00203141030076636,0.0019369173852493754
163,5,32,33,0.06653225806451613,0.1,9,0.0015799171870387809,0.0015064371097886463
163,5,32,33,0.06653225806451613,0.1,11,0.001292625140344769,0.0012325127711286358
163,5,32,33,0.06653225806451613,0.1,13,0.0010937401142972613,0.001042880382054137
163,5,32,33,0.06653225806451613,0.1,15,0.0009478958629870932,0.0009038203721932237
163,5,32,33,0.06653225806451613,0.1,17,0.0008363705640882652,0.0007974824280017914
163,5,32,33,0.06653225806451613,0.1,19,0.0007483258729497924,0.0007135326486764191
163,5,32,33,0.06653225806451613,0.5,1,0.3304363473624139,0.31565059447348964
163,5,32,33,0.06653225806451613,0.5,3,0.10751224109365502,0.10238312371578222
163,5,32,33,0.06653225806451613,0.5,5,0.06434721625764109,0.06127316836406664
163,5,32,33,0.06653225806451613,0.5,7,0.04592364855049194,0.0437309165643873
163,5,32,33,0.06653225806451613,0.5,9,0.03570377567658684,0.03400000794604894
163,5,32,33,0.06653225806451613,0.5,11,0.029205203310584717,0.02781220764808308
163,5,32,33,0.06653225806451613,0.5,13,0.024708252849622938,0.023530191972990392
163,5,32,33,0.06653225806451613,0.5,15,0.021411487587809374,0.02039092025897042
163,5,32,33,0.06653225806451613,0.5,17,0.01889097153962321,0.017990763424782976
163,5,32,33,0.06653225806451613,0.5,19,0.016901406820884587,0.01609616945260066
163,5,32,33,0.06653225806451613,1.0,1,1.04430104791047,1.0076115847326743
163,5,32,33,0.06653225806451613,1.0,3,0.3276510256212904,0.312495426167101
163,5,32,33,0.06653225806451613,1.0,5,0.19536445812598385,0.18629437982633476
163,5,32,33,0.06653225806451613,1.0,7,0.13923506727624302,0.13280198425213396
163,5,32,33,0.06653225806451613,1.0,9,0.10817206614162475,0.10319576228342461
163,5,32,33,0.06653225806451613,1.0,11,0.08844472970829739,0.08438960237752677
163,5,32,33,0.06653225806451613,1.0,13,0.07480433183740738,0.07138351604029469
163,5,32,33,0.06653225806451613,1.0,15,0.06480977205293967,0.061852077626902896
163,5,32,33,0.06653225806451613,1.0,17,0.05717148924548936,0.054566676552001474
163,5,32,33,0.06653225806451613,1.0,19,0.05114400871008992,0.048816961431264363
164,5,32,33,0.06653225806451613,0.1,1,0.013876128967059243,0.01353616641075822
164,5,32,33,0.06653225806451613,0.1,3,0.004623173653818489,0.0045100609413222855
164,5,32,33,0.06653225806451613,0.1,5,0.0027737983996913873,0.002705941049632482
164,5,32,33,0.06653225806451613,0.1,7,0.0019812637507417036,0.001932796242758174
164,5,32,33,0.06653225806451613,0.1,9,0.001540976253053001,0.0015032799519408622
164,5,32,33,0.06653225806451613,0.1,11,0.0012607959924196743,0.0012299538333475166
164,5,32,33,0.06653225806451613,0.1,13,0.0010668260349667692,0.0010407289544316022
164,5,32,33,0.06653225806451613,0.1,15,0.000924581833248996,0.0009019644346894216
164,5,32,33,0.06653225806451613,0.1,17,0.0008158070692217794,0.0007958505830916826
164,5,32,33,0.06653225806451613,0.1,19,0.0007299323706731301,0.0007120765936455631
164,5,32,33,0.06653225806451613,0.5,1,0.3226900022730768,0.3159730965086289
164,5,32,33,0.06653225806451613,0.5,3,0.10639181218081645,0.1043607457816931
164,5,32,33,0.06653225806451613,0.5,5,0.06377642313750227,0.0625698975383803
164,5,32,33,0.06653225806451613,0.5,7,0.04554298863383734,0.044683596069162855
164,5,32,33,0.06653225806451613,0.5,9,0.03541860644269853,0.03475096443678525
164,5,32,33,0.06653225806451613,0.5,11,0.028977318949897832,0.028431387608656284
164,5,32,33,0.06653225806451613,0.5,13,0.02451851974099974,0.024056734277689663
164,5,32,33,0.06653225806451613,0.5,15,0.021248975801999092,0.020848846837676845
164,5,32,33,0.06653225806451613,0.5,17,0.018748855686894234,0.01839585091785812
164,5,32,33,0.06653225806451613,0.5,19,0.016775140966285084,0.01645932609387239
164,5,32,33,0.06653225806451613,1.0,1,1.0328653480800847,1.0231304311874114
164,5,32,33,0.06653225806451613,1.0,3,0.3348610352183105,0.33584472237442553
164,5,32,33,0.06653225806451613,1.0,5,0.1999288526372565,0.20095261983210658
164,5,32,33,0.06653225806451613,1.0,7,0.1425626128271701,0.1434215064988422
164,5,32,33,0.06653225806451613,1.0,9,0.11079056204498602,0.11151220887026594
164,5,32,33,0.06653225806451613,1.0,11,0.09060382155144735,0.0912214572576431
164,5,32,33,0.06653225806451613,1.0,13,0.07664152800127474,0.07717966239023251
164,5,32,33,0.06653225806451613,1.0,15,0.06640884689405882,0.06688482981812718
164,5,32,33,0.06653225806451613,1.0,17,0.058587256862357925,0.059013539118061495
164,5,32,33,0.06653225806451613,1.0,19,0.052414295108764546,0.052800025508180935
165,5,32,33,0.06653225806451613,0.1,1,0.013706784185886207,0.014003494937832123
165,5,32,33,0.06653225806451613,0.1,3,0.00456543276139082,0.004664819471712159
165,5,32,33,0.06653225806451613,0.1,5,0.0027390914407157308,0.0027987468356723863
165,5,32,33,0.06653225806451613,0.1,7,0.0019564607742254513,0.001999076372787157
165,5,32,33,0.06653225806451613,0.1,9,0.001521681114219197,0.0015548280531119342
165,5,32,33,0.06653225806451613,0.1,11,0.0012450074308454657,0.00127212826384535
165,5,32,33,0.06653225806451613,0.1,13,0.0010534656896671979,0.0010764143838338193
165,5,32,33,0.06653225806451613,0.1,15,0.0009130024360080611,0.0009328914657983506
165,5,32,33,0.06653225806451613,0.1,17,0.0008055896996649461,0.0008231389388610386
165,5,32,33,0.06653225806451613,0.1,19,0.0007207903541307374,0.0007364923647278337
165,5,32,33,0.06653225806451613,0.5,1,0.31992188327548243,0.32570651053988986
165,5,32,33,0.06653225806451613,0.5,3,0.10476623185966412,0.10695234717852192
165,5,32,33,0.06653225806451613,0.5,5,0.06276131658400595,0.06408864940684762
165,5,32,33,0.06653225806451613,0.5,7,0.04480996866730198,0.04576121623063527
165,5,32,33,0.06653225806451613,0.5,9,0.0348459254073297,0.035586800680827146
165,5,32,33,0.06653225806451613,0.5,11,0.028507701656886805,0.02911429442185117
165,5,32,33,0.06653225806451613,0.5,13,0.0241206348046471,0.024634111349017242
165,5,32,33,0.06653225806451613,0.5,15,0.020903861185862984,0.021348986171003035
165,5,32,33,0.06653225806451613,0.5,17,0.018444177016928777,0.01883700043051934
165,5,32,33,0.06653225806451613,0.5,19,0.01650242970508444,0.016853944755667816
165,5,32,33,0.06653225806451613,1.0,1,1.037189336654958,1.042526885903401
165,5,32,33,0.06653225806451613,1.0,3,0.32958540591651203,0.3327208736137053
165,5,32,33,0.06653225806451613,1.0,5,0.19599831749337732,0.19825752386654485
165,5,32,33,0.06653225806451613,1.0,7,0.13958415856529283,0.14131912481491415
165,5,32,33,0.06653225806451613,1.0,9,0.10841899678521982,0.10981836387725158
165,5,32,33,0.06653225806451613,1.0,11,0.08864205005089963,0.08981091338812235
165,5,32,33,0.06653225806451613,1.0,13,0.07497223355087747,0.07597401805780789
165,5,32,33,0.06653225806451613,1.0,15,0.06495775227941852,0.0658333213914969
165,5,32,33,0.06653225806451613,1.0,17,0.05730474276023658,0.058081822964053835
165,5,32,33,0.06653225806451613,1.0,19,0.0512657214440955,0.05196392330643839
166,5,32,33,0.06653225806451613,0.1,1,0.013480630747848353,0.01276585643365439
166,5,32,33,0.06653225806451613,0.1,3,0.004489117316978842,0.004250523126858421
166,5,32,33,0.06653225806451613,0.1,5,0.002693258113691766,0.002550085378906981
166,5,32,33,0.06653225806451613,0.1,7,0.0019237140243752102,0.0018214445914712274
166,5,32,33,0.06653225806451613,0.1,9,0.0014962086494768798,0.0014166647348173712
166,5,32,33,0.06653225806451613,0.1,11,0.001224165176133996,0.0011590833679406042
166,5,32,33,0.06653225806451613,0.1,13,0.0010358293774361705,0.0009807599490278538
166,5,32,33,0.06653225806451613,0.1,15,0.0008977173285438549,0.0008499903785189133
166,5,32,33,0.06653225806451613,0.1,17,0.0007921026611558907,0.0007499905803566229
166,5,32,33,0.06653225806451613,0.1,19,0.0007087228916008711,0.000671043619944601
166,5,32,33,0.06653225806451613,0.5,1,0.3117532121572108,0.2968027008575465
166,5,32,33,0.06653225806451613,0.5,3,0.10140577712056396,0.09633045695607592
166,5,32,33,0.06653225806451613,0.5,5,0.06072464045323727,0.05767447389905021
166,5,32,33,0.06653225806451613,0.5,7,0.043351384220238216,0.04117170337598184
166,5,32,33,0.06653225806451613,0.5,9,0.03371026908475105,0.03201464360091908
166,5,32,33,0.06653225806451613,0.5,11,0.027578034148690048,0.02619057222779259
166,5,32,33,0.06653225806451613,0.5,13,0.02333375350030009,0.022159682975751088
166,5,32,33,0.06653225806451613,0.5,15,0.020221767421015658,0.019204204661046748
166,5,32,33,0.06653225806451613,0.5,17,0.017842253049597443,0.01694438292622045
166,5,32,33,0.06653225806451613,0.5,19,0.01596381819245211,0.015160447768633291
166,5,32,33,0.06653225806451613,1.0,1,0.9820189119698961,0.9526056860557126
166,5,32,33,0.06653225806451613,1.0,3,0.3003601096794566,0.29533966329759875
166,5,32,33,0.06653225806451613,1.0,5,0.17862742909483176,0.17611998015009475
166,5,32,33,0.06653225806451613,1.0,7,0.1272609027562687,0.12558389664106814
166,5,32,33,0.06653225806451613,1.0,9,0.09887294272828234,0.09760689696453492
166,5,32,33,0.06653225806451613,1.0,11,0.08085100254025053,0.07983136095131267
166,5,32,33,0.06653225806451613,1.0,13,0.06839035671077595,0.06753556897960221
166,5,32,33,0.06653225806451613,1.0,15,0.05925962730160474,0.05852318507294882
166,5,32,33,0.06653225806451613,1.0,17,0.05228080728983066,0.0516335965969591
166,5,32,33,0.06653225806451613,1.0,19,0.046773104622236716,0.046195652271209635
167,5,32,33,0.06653225806451613,0.1,1,0.014390496686851025,0.014267087468261233
167,5,32,33,0.06653225806451613,0.1,3,0.004787654773739519,0.004746601962982527
167,5,32,33,0.06653225806451613,0.1,5,0.002871600665109044,0.0028471465959343627
167,5,32,33,0.06653225806451613,0.1,7,0.002050847372810255,0.0020334470271321696
167,5,32,33,0.06653225806451613,0.1,9,0.0015949771891154256,0.0015814749992208337
167,5,32,33,0.06653225806451613,0.1,11,0.0013049160389099277,0.001293885918871905
167,5,32,33,0.06653225806451613,0.1,13,0.0011041216564210217,0.0010947988081564594
167,5,32,33,0.06653225806451613,0.1,15,0.0009568813228889472,0.0009488082207855961
167,5,32,33,0.06653225806451613,0.1,17,0.0008442908211766281,0.0008371720840684976
167,5,32,33,0.06653225806451613,0.1,19,0.0007554066625132042,0.0007490405442803093
167,5,32,33,0.06653225806451613,0.5,1,0.3348803093902658,0.3307604905611654
167,5,32,33,0.06653225806451613,0.5,3,0.1096765613291414,0.10752971848587523
167,5,32,33,0.06653225806451613,0.5,5,0.06565481025291905,0.06433684912181489
167,5,32,33,0.06653225806451613,0.5,7,0.04685442041971688,0.045910200791030836
167,5,32,33,0.06653225806451613,0.5,9,0.03642508513609702,0.03569079780930319
167,5,32,33,0.06653225806451613,0.5,11,0.02979362046722977,0.02919330402812886
167,5,32,33,0.06653225806451613,0.5,13,0.025204974926056486,0.024697445782193163
167,5,32,33,0.06653225806451613,0.5,15,0.021841170252390168,0.021401657602666397
167,5,32,33,0.06653225806451613,0.5,17,0.019269523220444708,0.018881987804300848
167,5,32,33,0.06653225806451613,0.5,19,0.01723968270530415,0.016893151130772305
167,5,32,33,0.06653225806451613,1.0,1,1.0931238383086763,1.0434995311880813
167,5,32,33,0.06653225806451613,1.0,3,0.34203360451986803,0.3235743255173969
167,5,32,33,0.06653225806451613,1.0,5,0.2038347278178138,0.19239778059594992
167,5,32,33,0.06653225806451613,1.0,7,0.14522103966956199,0.13701919055920941
167,5,32,33,0.06653225806451613,1.0,9,0.11279690131575484,0.10642142857143748
167,5,32,33,0.06653225806451613,1.0,11,0.09221163533823887,0.08700292048926678
167,5,32,33,0.06653225806451613,1.0,13,0.07798136338660525,0.07358063747132086
167,5,32,33,0.06653225806451613,1.0,15,0.06755645969838395,0.06374772587065448
167,5,32,33,0.06653225806451613,1.0,17,0.05959040878745108,0.05623379727014276
167,5,32,33,0.06653225806451613,1.0,19,0.053304991753923364,0.050304837810610396
168,5,32,33,0.06653225806451613,0.1,1,0.01388920213085485,0.014154396814072188
168,5,32,33,0.06653225806451613,0.1,3,0.0046234384781155165,0.004714117200264213
168,5,32,33,0.06653225806451613,0.1,5,0.002773613165408089,0.002828261484119823
168,5,32,33,0.06653225806451613,0.1,7,0.0019810369150050438,0.0020201427989074575
168,5,32,33,0.06653225806451613,0.1,9,0.0015407611700644032,0.001571207203621956
168,5,32,33,0.06653225806451613,0.1,11,0.0012606005564733574,0.0012855265971539406
168,5,32,33,0.06653225806451613,0.1,13,0.0010666495245999286,0.0010877498992092566
168,5,32,33,0.06653225806451613,0.1,15,0.0009244218927156613,0.0009427146473766132
168,5,32,33,0.06653225806451613,0.1,17,0.0008156613042810972,0.0008318058456994356
168,5,32,33,0.06653225806451613,0.1,19,0.0007297987032655367,0.0007442465495994426
168,5,32,33,0.06653225806451613,0.5,1,0.3228156165306689,0.3278507304012654
168,5,32,33,0.06653225806451613,0.5,3,0.10507062396179431,0.10726879780503892
168,5,32,33,0.06653225806451613,0.5,5,0.06289283589168565,0.06425766147286878
168,5,32,33,0.06653225806451613,0.5,7,0.04488895300908182,0.04587624580804237
168,5,32,33,0.06653225806451613,0.5,9,0.034901026914147884,0.03567392469943481
168,5,32,33,0.06653225806451613,0.5,11,0.02854953046601059,0.029184391601542185
168,5,32,33,0.06653225806451613,0.5,13,0.024154138920560782,0.02469274253495897
168,5,32,33,0.06653225806451613,0.5,15,0.020931705057685268,0.021399372409452284
168,5,32,33,0.06653225806451613,0.5,17,0.01846794421630614,0.018881173428342023
168,5,32,33,0.06653225806451613,0.5,19,0.016523131619110183,0.01689326797061057
168,5,32,33,0.06653225806451613,1.0,1,1.0306136635779144,1.0388393165957042
168,5,32,33,0.06653225806451613,1.0,3,0.32457380503361466,0.3324242548262725
168,5,32,33,0.06653225806451613,1.0,5,0.19326156483853654,0.19875993690109944
168,5,32,33,0.06653225806451613,1.0,7,0.13768405672216247,0.1418052383245824
168,5,32,33,0.06653225806451613,1.0,9,0.10695354080182057,0.11022969176218214
168,5,32,33,0.06653225806451613,1.0,11,0.08744459004055982,0.09015749066507502
168,5,32,33,0.06653225806451613,1.0,13,0.07395753830164706,0.07627022622893852
168,5,32,33,0.06653225806451613,1.0,15,0.06407618586385103,0.06609055811211452
168,5,32,33,0.06653225806451613,1.0,17,0.05652474157345812,0.05830845807468095
168,5,32,33,0.06653225806451613,1.0,19,0.050565903274397556,0.052166080644585305
169,5,32,33,0.06653225806451613,0.1,1,0.013293636980711765,0.013652163316748176
169,5,32,33,0.06653225806451613,0.1,3,0.004426931361463643,0.00454592394434571
169,5,32,33,0.06653225806451613,0.1,5,0.0026559462871686675,0.0027272544658982884
169,5,32,33,0.06653225806451613,0.1,7,0.0018970612492902421,0.0019479670793037958
169,5,32,33,0.06653225806451613,0.1,9,0.0014754777928459814,0.0015150584947730974
169,5,32,33,0.06653225806451613,0.1,11,0.001207202999592594,0.0012395804738950576
169,5,32,33,0.06653225806451613,0.1,13,0.0010214764008244523,0.001048868735567949
169,5,32,33,0.06653225806451613,0.1,15,0.0008852778344605052,0.0009090153026352286
169,5,32,33,0.06653225806451613,0.1,17,0.0007811264621340197,0.0008020695529663773
169,5,32,33,0.06653225806451613,0.1,19,0.0006989019542285645,0.0007176392789012948
169,5,32,33,0.06653225806451613,0.5,1,0.30923985846636964,0.31788629964005277
169,5,32,33,0.06653225806451613,0.5,3,0.1009154114029217,0.10375474933605057
169,5,32,33,0.06653225806451613,0.5,5,0.06044889851740554,0.0621492393549894
169,5,32,33,0.06653225806451613,0.5,7,0.043157782064559724,0.044371558963863696
169,5,32,33,0.06653225806451613,0.5,9,0.03356066611546516,0.034504422418454535
169,5,32,33,0.06653225806451613,0.5,11,0.027455995215823543,0.028228014130454504
169,5,32,33,0.06653225806451613,0.5,13,0.023230646767869376,0.023883810307047313
169,5,32,33,0.06653225806451613,0.5,15,0.02013248279643922,0.020698505578939916
169,5,32,33,0.06653225806451613,0.5,17,0.01776351008930574,0.01826290689736053
169,5,32,33,0.06653225806451613,0.5,19,0.015893383559646528,0.016340187600293182
169,5,32,33,0.06653225806451613,1.0,1,0.9940340368406212,1.0157859736555384
169,5,32,33,0.06653225806451613,1.0,3,0.31630480706416725,0.3184822701003197
169,5,32,33,0.06653225806451613,1.0,5,0.18914832198704312,0.19003319429217974
169,5,32,33,0.06653225806451613,1.0,7,0.13497918071011214,0.1355123433839573
169,5,32,33,0.06653225806451613,1.0,9,0.1049424488816329,0.1053210579678731
169,5,32,33,0.06653225806451613,1.0,11,0.08584453042397053,0.08613761298204878
169,5,32,33,0.06653225806451613,1.0,13,0.07262900456570807,0.07286804251341038
169,5,32,33,0.06653225806451613,1.0,15,0.06294032584897696,0.06314217474475659
169,5,32,33,0.06653225806451613,1.0,17,0.055532688322709724,0.05570739231384888
169,5,32,33,0.06653225806451613,1.0,19,0.049685291679149146,0.04983931009070531
170,5,32,33,0.06653225806451613,0.1,1,0.014190909551517155,0.013894602986776515
170,5,32,33,0.06653225806451613,0.1,3,0.004726454346544451,0.004625537243673245
170,5,32,33,0.06653225806451613,0.1,5,0.002835682928268541,0.002774870315549334
170,5,32,33,0.06653225806451613,0.1,7,0.002025449564412933,0.001981931362685049
170,5,32,33,0.06653225806451613,0.1,9,0.0015753371346402124,0.0015414547465447729
170,5,32,33,0.06653225806451613,0.1,11,0.001288906895411049,0.0012611667529558973
170,5,32,33,0.06653225806451613,0.1,13,0.0010906108878256575,0.0010671277976166398
170,5,32,33,0.06653225806451613,0.1,15,0.0009451946368755882,0.0009248358458725072
170,5,32,33,0.06653225806451613,0.1,17,0.0008339943852056851,0.0008160261700754329
170,5,32,33,0.06653225806451613,0.1,19,0.0007462049374153398,0.0007301248801082284
170,5,32,33,0.06653225806451613,0.5,1,0.329313853678279,0.32381760539648907
170,5,32,33,0.06653225806451613,0.5,3,0.10773815491613892,0.10567394866456316
170,5,32,33,0.06653225806451613,0.5,5,0.0645438171844061,0.06327541904329909
170,5,32,33,0.06653225806451613,0.5,7,0.046082902025565434,0.045167657458433395
170,5,32,33,0.06653225806451613,0.5,9,0.03583580968580073,0.035119932940170094
170,5,32,33,0.06653225806451613,0.5,11,0.029317495809942522,0.028729677155450564
170,5,32,33,0.06653225806451613,0.5,13,0.024805771717964973,0.02430715233801062
170,5,32,33,0.06653225806451613,0.5,15,0.021497595830607362,0.021064672923946162
170,5,32,33,0.06653225806451613,0.5,17,0.01896802429053643,0.018585502238196466
170,5,32,33,0.06653225806451613,0.5,19,0.01697110842872386,0.01662847612863871
170,5,32,33,0.06653225806451613,1.0,1,1.0483209820358754,1.0374136375627907
170,5,32,33,0.06653225806451613,1.0,3,0.3297778197764288,0.32508294075620403
170,5,32,33,0.06653225806451613,1.0,5,0.19673348662202675,0.19389817388916208
170,5,32,33,0.06653225806451613,1.0,7,0.14029602715207193,0.13826828467144045
170,5,32,33,0.06653225806451613,1.0,9,0.10904510046531612,0.10746691753684418
170,5,32,33,0.06653225806451613,1.0,11,0.0891876457975,0.0878957800645835
170,5,32,33,0.06653225806451613,1.0,13,0.07545115315520627,0.07435761840457537
170,5,32,33,0.06653225806451613,1.0,15,0.06538256658796186,0.06443454150495177
170,5,32,33,0.06653225806451613,1.0,17,0.05768546586592784,0.05684875689953542
170,5,32,33,0.06653225806451613,1.0,19,0.05161011495069357,0.050861317465642986
171,5,32,33,0.06653225806451613,0.1,1,0.013996499820603647,0.014098397647338405
171,5,32,33,0.06653225806451613,0.1,3,0.004655636781189276,0.004690311667321661
171,5,32,33,0.06653225806451613,0.1,5,0.002792476200768445,0.0028133449182759364
171,5,32,33,0.06653225806451613,0.1,7,0.0019943687171635935,0.0020092928976871553
171,5,32,33,0.06653225806451613,0.1,9,0.0015510686215717553,0.0015626837570535497
171,5,32,33,0.06653225806451613,0.1,11,0.0012690016452384047,0.0012785087143531869
171,5,32,33,0.06653225806451613,0.1,13,0.001073739173318639,0.001081785791208829
171,5,32,33,0.06653225806451613,0.1,15,0.0009305541768622839,0.0009375292776804377
171,5,32,33,0.06653225806451613,0.1,17,0.0008210639810978975,0.0008272193945396022
171,5,32,33,0.06653225806451613,0.1,19,0.0007346269048572628,0.0007401350200964508
171,5,32,33,0.06653225806451613,0.5,1,0.32840589803207054,0.33030642776325714
171,5,32,33,0.06653225806451613,0.5,3,0.10666994865768804,0.10751922820753551
171,5,32,33,0.06653225806451613,0.5,5,0.06382095604010321,0.06434566078705174
171,5,32,33,0.06653225806451613,0.5,7,0.04554213620855207,0.045920757619151806
171,5,32,33,0.06653225806451613,0.5,9,0.03540477039657578,0.03570074568529905
171,5,32,33,0.06653225806451613,0.5,11,0.02895942226544056,0.029202310394457986
171,5,32,33,0.06653225806451613,0.5,13,0.02449963209142603,0.024705558936268145
171,5,32,33,0.06653225806451613,0.5,15,0.021230275267110018,0.021408994502936155
171,5,32,33,0.06653225806451613,0.5,17,0.01873080656988737,0.018888663780230287
171,5,32,33,0.06653225806451613,0.5,19,0.016757911134376628,0.016899265035411355
171,5,32,33,0.06653225806451613,1.0,1,1.0621984891573981,1.065179651053174
171,5,32,33,0.06653225806451613,1.0,3,0.32890271016179157,0.3318585867282633
171,5,32,33,0.06653225806451613,1.0,5,0.19587742067341762,0.19779362871311937
171,5,32,33,0.06653225806451613,1.0,7,0.13960761033917976,0.1410127647284126
171,5,32,33,0.06653225806451613,1.0,9,0.10848042447246835,0.10958739564175753
171,5,32,33,0.06653225806451613,1.0,11,0.08871147078571884,0.08962396695544358
171,5,32,33,0.06653225806451613,1.0,13,0.07504030412078125,0.07581618358877698
171,5,32,33,0.06653225806451613,1.0,15,0.06502160947908603,0.06569633578619877
171,5,32,33,0.06653225806451613,1.0,17,0.05736374869566664,0.057960596286801135
171,5,32,33,0.06653225806451613,1.0,19,0.05132002203515776,0.05185507650903334
172,5,32,33,0.06653225806451613,0.1,1,0.012368737235245052,0.012563726580459761
172,5,32,33,0.06653225806451613,0.1,3,0.004118333839878694,0.004183803772207057
172,5,32,33,0.06653225806451613,0.1,5,0.0024707057793356513,0.0025100200749578376
172,5,32,33,0.06653225806451613,0.1,7,0.0017647181615237995,0.0017928081448372296
172,5,32,33,0.06653225806451613,0.1,9,0.0013725313187530448,0.001394382387364985
172,5,32,33,0.06653225806451613,0.1,11,0.001122967113051768,0.0011408468903652675
172,5,32,33,0.06653225806451613,0.1,13,0.0009501957293523717,0.0009653256924695627
172,5,32,33,0.06653225806451613,0.1,15,0.000823498578064163,0.0008366117826717853
172,5,32,33,0.06653225806451613,0.1,17,0.0007266135310681738,0.0007381843826002729
172,5,32,33,0.06653225806451613,0.1,19,0.0006501259292695144,0.0006604790584691503
172,5,32,33,0.06653225806451613,0.5,1,0.2902190600839681,0.2949520661179174
172,5,32,33,0.06653225806451613,0.5,3,0.09466482665266647,0.09653186829097612
172,5,32,33,0.06653225806451613,0.5,5,0.05669821150112238,0.05782027369918603
172,5,32,33,0.06653225806451613,0.5,7,0.04047815559178544,0.041278540197734165
172,5,32,33,0.06653225806451613,0.5,9,0.03147616694469498,0.03209792853084507
172,5,32,33,0.06653225806451613,0.5,11,0.025750283260530513,0.02625852005284247
172,5,32,33,0.06653225806451613,0.5,13,0.02178721423928532,0.022216951207543023
172,5,32,33,0.06653225806451613,0.5,15,0.018881414207513166,0.019253643115855496
172,5,32,33,0.06653225806451613,0.5,17,0.016659559624004658,0.016987848920557314
172,5,32,33,0.06653225806451613,0.5,19,0.014905589722959882,0.015199214278848565
172,5,32,33,0.06653225806451613,1.0,1,0.9515023995954114,0.9743970094969852
172,5,32,33,0.06653225806451613,1.0,3,0.2982751182591366,0.3110950684643755
172,5,32,33,0.06653225806451613,1.0,5,0.17788076006677148,0.18599004383769496
172,5,32,33,0.06653225806451613,1.0,7,0.12682146421597712,0.13269551796245352
172,5,32,33,0.06653225806451613,1.0,9,0.09855666243996251,0.10315219014723688
172,5,32,33,0.06653225806451613,1.0,11,0.08060052884271594,0.08437205266623196
172,5,32,33,0.06653225806451613,1.0,13,0.0681812825652536,0.07137844659914337
172,5,32,33,0.06653225806451613,1.0,15,0.0590793301324232,0.06185355200963451
172,5,32,33,0.06653225806451613,1.0,17,0.05212185902659497,0.05457176973821575
172,5,32,33,0.06653225806451613,1.0,19,0.04663072508616239,0.048824109166373766
173,5,32,33,0.06653225806451613,0.1,1,0.011641368115624644,0.013175442082461698
173,5,32,33,0.06653225806451613,0.1,3,0.0038769718875316795,0.004388274330947694
173,5,32,33,0.06653225806451613,0.1,5,0.002326016382693979,0.00263279481086878
173,5,32,33,0.06653225806451613,0.1,7,0.001661407467232307,0.0018805343112039924
173,5,32,33,0.06653225806451613,0.1,9,0.0012921953083745458,0.00146262710390162
173,5,32,33,0.06653225806451613,0.1,11,0.0010572463585278302,0.0011966904743026757
173,5,32,33,0.06653225806451613,0.1,13,0.0008945909564728569,0.001012582092116561
173,5,32,33,0.06653225806451613,0.1,15,0.0007753110116368293,0.0008775699745177757
173,5,32,33,0.06653225806451613,0.1,17,0.0006840972729323927,0.0007743257569999604
173,5,32,33,0.06653225806451613,0.1,19,0.000612086607999148,0.0006928173490022819
173,5,32,33,0.06653225806451613,0.5,1,0.2729258472108425,0.3056578193313901
173,5,32,33,0.06653225806451613,0.5,3,0.08916461926692368,0.09986436715378928
173,5,32,33,0.06653225806451613,0.5,5,0.053418625452942556,0.0598227939260752
173,5,32,33,0.06653225806451613,0.5,7,0.03814050331322711,0.04271173042467699
173,5,32,33,0.06653225806451613,0.5,9,0.029659835349235362,0.033214207730435784
173,5,32,33,0.06653225806451613,0.5,11,0.024265068973343344,0.027172765071127775
173,5,32,33,0.06653225806451613,0.5,13,0.020530975028146506,0.022991125157438418
173,5,32,33,0.06653225806451613,0.5,15,0.017792964618497484,0.01992498143633416
173,5,32,33,0.06653225806451613,0.5,17,0.015699352123712,0.017580476573922647
173,5,32,33,0.06653225806451613,0.5,19,0.014046586417798481,0.01572965580040635
173,5,32,33,0.06653225806451613,1.0,1,0.8977006376828675,0.9718291425166896
173,5,32,33,0.06653225806451613,1.0,3,0.2868591261103515,0.2997711814268296
173,5,32,33,0.06653225806451613,1.0,5,0.17161498603018346,0.17864411873419794
173,5,32,33,0.06653225806451613,1.0,7,0.12248307273245775,0.12736172522202913
173,5,32,33,0.06653225806451613,1.0,9,0.09523283735798814,0.09898176838302032
173,5,32,33,0.06653225806451613,1.0,11,0.07790460298776862,0.08095302058167525
173,5,32,33,0.06653225806451613,1.0,13,0.06591286515364803,0.06848309907499664
173,5,32,33,0.06653225806451613,1.0,15,0.057120994206395284,0.05934352861252581
173,5,32,33,0.06653225806451613,1.0,17,0.050398819425794515,0.05235692934984481
173,5,32,33,0.06653225806451613,1.0,19,0.045092389343171654,0.046842531610566625
174,5,32,33,0.06653225806451613,0.1,1,0.01250139111855845,0.0124645714196616
174,5,32,33,0.06653225806451613,0.1,3,0.004162314459469058,0.004149731274939375
174,5,32,33,0.06653225806451613,0.1,5,0.002497054561244159,0.00248948342755083
174,5,32,33,0.06653225806451613,0.1,7,0.001783525779167707,0.0017781125701546898
174,5,32,33,0.06653225806451613,0.1,9,0.001387153708558492,0.0013829414189732673
174,5,32,33,0.06653225806451613,0.1,11,0.0011349278386376027,0.0011314804488163769
174,5,32,33,0.06653225806451613,0.1,13,0.0009603145384748422,0.0009573969779454834
174,5,32,33,0.06653225806451613,0.1,15,0.0008322670568355446,0.0008297381760078852
174,5,32,33,0.06653225806451613,0.1,17,0.0007343496398395289,0.0007321180598130461
174,5,32,33,0.06653225806451613,0.1,19,0.0006570471544135433,0.0006550503297972966
174,5,32,33,0.06653225806451613,0.5,1,0.2931774381918456,0.29210052975065276
174,5,32,33,0.06653225806451613,0.5,3,0.09580747442300827,0.09537997772794872
174,5,32,33,0.06653225806451613,0.5,5,0.05738617729377789,0.057121079372412
174,5,32,33,0.06653225806451613,0.5,7,0.04096925313219158,0.04077687779579272
174,5,32,33,0.06653225806451613,0.5,9,0.0318578045078692,0.031706795730947
174,5,32,33,0.06653225806451613,0.5,11,0.026062304583827127,0.025938008150868753
174,5,32,33,0.06653225806451613,0.5,13,0.02205107735005591,0.02194545887052015
174,5,32,33,0.06653225806451613,0.5,15,0.01910998750041016,0.019018165008418818
174,5,32,33,0.06653225806451613,0.5,17,0.016861164234145357,0.016779949141859082
174,5,32,33,0.06653225806451613,0.5,19,0.015085915302588494,0.015013110195742821
174,5,32,33,0.06653225806451613,1.0,1,0.9600672737875152,0.9574811111485728
174,5,32,33,0.06653225806451613,1.0,3,0.3014283292637976,0.3023056301305289
174,5,32,33,0.06653225806451613,1.0,5,0.17985793729689262,0.18032679983849298
174,5,32,33,0.06653225806451613,1.0,7,0.1282679775345087,0.12857767627447614
174,5,32,33,0.06653225806451613,1.0,9,0.09969798597746514,0.09992696562210573
174,5,32,33,0.06653225806451613,1.0,11,0.08154330051576728,0.08172413937482746
174,5,32,33,0.06653225806451613,1.0,13,0.0689844668888183,0.06913354658263444
174,5,32,33,0.06653225806451613,1.0,15,0.05977898629555059,0.05990562763289394
174,5,32,33,0.06653225806451613,1.0,17,0.052741657002057754,0.0528516410758399
174,5,32,33,0.06653225806451613,1.0,19,0.04718704292888107,0.04728419078916674
175,5,32,33,0.06653225806451613,0.1,1,0.013106429185720437,0.012821815011229516
175,5,32,33,0.06653225806451613,0.1,3,0.004365785761403833,0.004269963789567185
175,5,32,33,0.06653225806451613,0.1,5,0.0026193021002316893,0.0025617482128204375
175,5,32,33,0.06653225806451613,0.1,7,0.0018708921023782813,0.0018297677231824037
175,5,32,33,0.06653225806451613,0.1,9,0.0014551246818373198,0.0014231336494016473
175,5,32,33,0.06653225806451613,0.1,11,0.001190550312655672,0.0011643732764387053
175,5,32,33,0.06653225806451613,0.1,13,0.0010073853935051538,0.0009852341969664917
175,5,32,33,0.06653225806451613,0.1,15,0.0008730653697249986,0.0008538668236598484
175,5,32,33,0.06653225806451613,0.1,17,0.0007703505405691293,0.0007534101014284354
175,5,32,33,0.06653225806451613,0.1,19,0.0006892601630537093,0.0006741025552049834
175,5,32,33,0.06653225806451613,0.5,1,0.3060166630048627,0.3009708822108912
175,5,32,33,0.06653225806451613,0.5,3,0.1005707695525224,0.09838785944893638
175,5,32,33,0.06653225806451613,0.5,5,0.06027105379296429,0.05893369599568554
175,5,32,33,0.06653225806451613,0.5,7,0.043035492930188324,0.04207454787719653
175,5,32,33,0.06653225806451613,0.5,9,0.033466816586026626,0.032717476243756115
175,5,32,33,0.06653225806451613,0.5,11,0.02737963471213631,0.026765681400355155
175,5,32,33,0.06653225806451613,0.5,13,0.023166194897542895,0.022646251723522755
175,5,32,33,0.06653225806451613,0.5,15,0.02007668731619679,0.01962581316241927
175,5,32,33,0.06653225806451613,0.5,17,0.017714301440004087,0.01731631082843367
175,5,32,33,0.06653225806451613,0.5,19,0.015849360027416447,0.015493156738895198
175,5,32,33,0.06653225806451613,1.0,1,0.9911835790271456,0.9875419481574859
175,5,32,33,0.06653225806451613,1.0,3,0.32121633279202766,0.3126595039704604
175,5,32,33,0.06653225806451613,1.0,5,0.19187432403983887,0.1868816441674416
175,5,32,33,0.06653225806451613,1.0,7,0.13681770404490354,0.1333270764026927
175,5,32,33,0.06653225806451613,1.0,9,0.10631832112043138,0.10364098216306752
175,5,32,33,0.06653225806451613,1.0,11,0.08694009028845236,0.0847704112789228
175,5,32,33,0.06653225806451613,1.0,13,0.07353763163732002,0.07171443058450443
175,5,32,33,0.06653225806451613,1.0,15,0.06371580769706027,0.06214395140878796
175,5,32,33,0.06653225806451613,1.0,17,0.056208692821433405,0.054827420091601374
175,5,32,33,0.06653225806451613,1.0,19,0.0502842341493267,0.04905240444860959
176,5,32,33,0.06653225806451613,0.1,1,0.015026200782727438,0.014537936618875133
176,5,32,33,0.06653225806451613,0.1,3,0.0050031982044136504,0.004838007186476848
176,5,32,33,0.06653225806451613,0.1,5,0.0030014079357660833,0.002902091940097911
176,5,32,33,0.06653225806451613,0.1,7,0.002143717565639956,0.002072722675240591
176,5,32,33,0.06653225806451613,0.1,9,0.0016672753786235181,0.0016120347802438466
176,5,32,33,0.06653225806451613,0.1,11,0.0013641035838340015,0.0013188955113518821
176,5,32,33,0.06653225806451613,0.1,13,0.0011542237060776393,0.001115964310712775
176,5,32,33,0.06653225806451613,0.1,15,0.0010003160259411537,0.0009671538815280032
176,5,32,33,0.06653225806451613,0.1,17,0.0008826243000165403,0.0008533609208873686
176,5,32,33,0.06653225806451613,0.1,19,0.0007897112228546563,0.0007635263381266442
176,5,32,33,0.06653225806451613,0.5,1,0.3489570936752289,0.337805384053266
176,5,32,33,0.06653225806451613,0.5,3,0.1149738931985756,0.11030328038848292
176,5,32,33,0.06653225806451613,0.5,5,0.06889736171450737,0.06602468906727345
176,5,32,33,0.06653225806451613,0.5,7,0.049191085215459805,0.047121336593294746
176,5,32,33,0.06653225806451613,0.5,9,0.03825158195225743,0.036634839925735144
176,5,32,33,0.06653225806451613,0.5,11,0.03129282573805609,0.029966663616825436
176,5,32,33,0.06653225806451613,0.5,13,0.02647636997230454,0.025352349912975445
176,5,32,33,0.06653225806451613,0.5,15,0.022944860494337745,0.02196955538493476
176,5,32,33,0.06653225806451613,0.5,17,0.02024459777526849,0.01938327694384814
176,5,32,33,0.06653225806451613,0.5,19,0.018112990059132927,0.017341811279919513
176,5,32,33,0.06653225806451613,1.0,1,1.0983018565147487,1.0721984297769287
176,5,32,33,0.06653225806451613,1.0,3,0.3647307841475999,0.3419245604887828
176,5,32,33,0.06653225806451613,1.0,5,0.2186540550205508,0.2038700319386887
176,5,32,33,0.06653225806451613,1.0,7,0.15610730294391953,0.14530617126718473
176,5,32,33,0.06653225806451613,1.0,9,0.12138208238215488,0.11289588516196829
176,5,32,33,0.06653225806451613,1.0,11,0.09929389166142594,0.09231184318717071
176,5,32,33,0.06653225806451613,1.0,13,0.08400673121530589,0.0780782534590948
176,5,32,33,0.06653225806451613,1.0,15,0.07279864802395322,0.06764849943991112
176,5,32,33,0.06653225806451613,1.0,17,0.06422921615998328,0.059677255164114304
176,5,32,33,0.06653225806451613,1.0,19,0.057464777376545186,0.05338678108739308
177,5,32,33,0.06653225806451613,0.1,1,0.012999473981552576,0.01336799553577013
177,5,32,33,0.06653225806451613,0.1,3,0.004329693548667501,0.0044440962612190115
177,5,32,33,0.06653225806451613,0.1,5,0.002597625579661841,0.002665248413774784
177,5,32,33,0.06653225806451613,0.1,7,0.001855404940766251,0.0019033945559922948
177,5,32,33,0.06653225806451613,0.1,9,0.001443077940979345,0.0014802680933224679
177,5,32,33,0.06653225806451613,0.1,11,0.0011806934416230686,0.001211051369793566
177,5,32,33,0.06653225806451613,0.1,13,0.0009990447657507204,0.0010246910022787404
177,5,32,33,0.06653225806451613,0.1,15,0.000865836728216754,0.000888037249297564
177,5,32,33,0.06653225806451613,0.1,17,0.0007639722762023546,0.0007835432782962155
177,5,32,33,0.06653225806451613,0.1,19,0.0006835532666761247,0.0007010516637485861
177,5,32,33,0.06653225806451613,0.5,1,0.3046733175766566,0.3158815196484557
177,5,32,33,0.06653225806451613,0.5,3,0.0999187939613967,0.10280645651485343
177,5,32,33,0.06653225806451613,0.5,5,0.0598699462246898,0.061509013902946025
177,5,32,33,0.06653225806451613,0.5,7,0.04274741027834894,0.043890111608658376
177,5,32,33,0.06653225806451613,0.5,9,0.033242327733514265,0.03411906230107716
177,5,32,33,0.06653225806451613,0.5,11,0.027195813544568095,0.027906900422378558
177,5,32,33,0.06653225806451613,0.5,13,0.0230105936169168,0.02360863438599959
177,5,32,33,0.06653225806451613,0.5,15,0.01994180618285288,0.020457792887473486
177,5,32,33,0.06653225806451613,0.5,17,0.017595276381384757,0.018048998071527315
177,5,32,33,0.06653225806451613,0.5,19,0.015742858309283257,0.016147718171204972
177,5,32,33,0.06653225806451613,1.0,1,0.9977187690681281,1.0279642417530972
177,5,32,33,0.06653225806451613,1.0,3,0.32088135099028564,0.32923779426613675
177,5,32,33,0.06653225806451613,1.0,5,0.19197968740948707,0.19660848186657826
177,5,32,33,0.06653225806451613,1.0,7,0.13701487305781104,0.1401832687093011
177,5,32,33,0.06653225806451613,1.0,9,0.10652951590193066,0.10893217759077224
177,5,32,33,0.06653225806451613,1.0,11,0.08714446622979048,0.08907787185182615
177,5,32,33,0.06653225806451613,1.0,13,0.07372960057725239,0.07534653079122122
177,5,32,33,0.06653225806451613,1.0,15,0.06389451080442829,0.06528376092313137
177,5,32,33,0.06653225806451613,1.0,17,0.0563748047846311,0.05759246741065739
177,5,32,33,0.06653225806451613,1.0,19,0.050438877713142684,0.051522620669055476
178,5,32,33,0.06653225806451613,0.1,1,0.011919093296861583,0.013215854718546596
178,5,32,33,0.06653225806451613,0.1,3,0.003970104530911459,0.004401786925982547
178,5,32,33,0.06653225806451613,0.1,5,0.002381911346261177,0.0026406792865487356
178,5,32,33,0.06653225806451613,0.1,7,0.0017013333767359126,0.0018860812121232564
178,5,32,33,0.06653225806451613,0.1,9,0.0013232484359546057,0.001466901348079874
178,5,32,33,0.06653225806451613,0.1,11,0.0010826530447145418,0.0012001657340626841
178,5,32,33,0.06653225806451613,0.1,13,0.0009160885872303263,0.0010155095055581365
178,5,32,33,0.06653225806451613,0.1,15,0.000793942038701688,0.0008800985060189949
178,5,32,33,0.06653225806451613,0.1,17,0.0007005362234674088,0.0007765509493929867
178,5,32,33,0.06653225806451613,0.1,19,0.0006267949966399991,0.0006948041191698154
178,5,32,33,0.06653225806451613,0.5,1,0.2800565340410701,0.30915814898777483
178,5,32,33,0.06653225806451613,0.5,3,0.09197540088515278,0.10246416094847328
178,5,32,33,0.06653225806451613,0.5,5,0.05512560457581879,0.06141979559610215
178,5,32,33,0.06653225806451613,0.5,7,0.039363727034561896,0.04385446486856427
178,5,32,33,0.06653225806451613,0.5,9,0.030612476523121893,0.03410200427905465
178,5,32,33,0.06653225806451613,0.5,11,0.02504501065846575,0.027898058011106154
178,5,32,33,0.06653225806451613,0.5,13,0.0211911693693545,0.023603980123114425
178,5,32,33,0.06653225806451613,0.5,15,0.01836526367440359,0.02045548110547019
178,5,32,33,0.06653225806451613,0.5,17,0.016204397817495282,0.01804808234134991
178,5,32,33,0.06653225806451613,0.5,19,0.01449851637081699,0.01614767223180736
178,5,32,33,0.06653225806451613,1.0,1,0.9266081602407243,1.0016017359359008
178,5,32,33,0.06653225806451613,1.0,3,0.301464477375722,0.3290657471803253
178,5,32,33,0.06653225806451613,1.0,5,0.18051299404094226,0.19680233922278925
178,5,32,33,0.06653225806451613,1.0,7,0.12886126378448642,0.14040078651538573
178,5,32,33,0.06653225806451613,1.0,9,0.1001999682880656,0.10913168255728807
178,5,32,33,0.06653225806451613,1.0,11,0.08197092011866319,0.08925546201785758
178,5,32,33,0.06653225806451613,1.0,13,0.06935457119628015,0.07550459185096499
178,5,32,33,0.06653225806451613,1.0,15,0.06010426142177632,0.06542539907285214
178,5,32,33,0.06653225806451613,1.0,17,0.05303133888402707,0.057720421436334504
178,5,32,33,0.06653225806451613,1.0,19,0.0474479155218339,0.051639119342238096
179,5,32,33,0.06653225806451613,0.1,1,0.014277798295709802,0.0134877378439819
179,5,32,33,0.06653225806451613,0.1,3,0.0047532866340983925,0.00448715671817556
179,5,32,33,0.06653225806451613,0.1,5,0.0028515282866540628,0.002691618203041907
179,5,32,33,0.06653225806451613,0.1,7,0.0020366902273671376,0.001922404588673625
179,5,32,33,0.06653225806451613,0.1,9,0.0015840464812480392,0.0014951313019476462
179,5,32,33,0.06653225806451613,0.1,11,0.0012960153636935362,0.0012232532750216954
179,5,32,33,0.06653225806451613,0.1,13,0.0010966155857129953,0.0010350400286804804
179,5,32,33,0.06653225806451613,0.1,15,0.0009503922558668192,0.0008970219913106571
179,5,32,33,0.06653225806451613,0.1,17,0.0008385761682407208,0.0007914815676526822
179,5,32,33,0.06653225806451613,0.1,19,0.0007503013551590078,0.0007081618467021298
179,5,32,33,0.06653225806451613,0.5,1,0.33126618414185616,0.31291935971457924
179,5,32,33,0.06653225806451613,0.5,3,0.10814272108067258,0.10121647200165733
179,5,32,33,0.06653225806451613,0.5,5,0.0647474202354752,0.0605730704777922
179,5,32,33,0.06653225806451613,0.5,7,0.0462149232324229,0.04323141454716339
179,5,32,33,0.06653225806451613,0.5,9,0.035932419159092316,0.03361181580321989
179,5,32,33,0.06653225806451613,0.5,11,0.029393295748580697,0.027494769067069588
179,5,32,33,0.06653225806451613,0.5,13,0.024867979106122616,0.023261694590596477
179,5,32,33,0.06653225806451613,0.5,15,0.021550268179581167,0.0201582898504124
179,5,32,33,0.06653225806451613,0.5,17,0.019013656085119134,0.017785547021393205
179,5,32,33,0.06653225806451613,0.5,19,0.017011337254666147,0.015912587169060265
179,5,32,33,0.06653225806451613,1.0,1,1.0495732470720711,0.9938643799474214
179,5,32,33,0.06653225806451613,1.0,3,0.3339207725196255,0.3124054750065361
179,5,32,33,0.06653225806451613,1.0,5,0.1991801176124433,0.18674875592173004
179,5,32,33,0.06653225806451613,1.0,7,0.14193528304347044,0.13325145401106206
179,5,32,33,0.06653225806451613,1.0,9,0.11025339793400489,0.10359309561338415
179,5,32,33,0.06653225806451613,1.0,11,0.0901355103914726,0.08473765737038555
179,5,32,33,0.06653225806451613,1.0,13,0.07622701723647018,0.07169074614596463
179,5,32,33,0.06653225806451613,1.0,15,0.06603731230152952,0.062126100287491964
179,5,32,33,0.06653225806451613,1.0,17,0.05825074194954444,0.05481352923672447
179,5,32,33,0.06653225806451613,1.0,19,0.05210681796493009,0.04904131876493865
180,5,32,33,0.06653225806451613,0.1,1,0.01383910516324132,0.013924610376405895
180,5,32,33,0.06653225806451613,0.1,3,0.0046075270024923546,0.0046345978434511525
180,5,32,33,0.06653225806451613,0.1,5,0.0027641808875394592,0.0027802468415062576
180,5,32,33,0.06653225806451613,0.1,7,0.0019743359022979324,0.001985757137512273
180,5,32,33,0.06653225806451613,0.1,9,0.0015355652080620346,0.0015444247810322174
180,5,32,33,0.06653225806451613,0.1,11,0.00125635768351521,0.0012635941062269778
180,5,32,33,0.06653225806451613,0.1,13,0.0010630643306600376,0.0010691802310769463
180,5,32,33,0.06653225806451613,0.1,15,0.0009213178695274164,0.0009266137191075162
180,5,32,33,0.06653225806451613,0.1,17,0.0008129245882929199,0.0008175942923250243
180,5,32,33,0.06653225806451613,0.1,19,0.0007273515690779649,0.0007315275311581845
180,5,32,33,0.06653225806451613,0.5,1,0.3206457156539741,0.3226983688851775
180,5,32,33,0.06653225806451613,0.5,3,0.1043454651470181,0.10486992875075425
180,5,32,33,0.06653225806451613,0.5,5,0.062487228399292015,0.06278738541571258
180,5,32,33,0.06653225806451613,0.5,7,0.044609340344965775,0.044819662855642005
180,5,32,33,0.06653225806451613,0.5,9,0.03468807089194516,0.0348499543519131
180,5,32,33,0.06653225806451613,0.5,11,0.028377684483684027,0.028509264856045283
180,5,32,33,0.06653225806451613,0.5,13,0.024010143401506992,0.024120976589495254
180,5,32,33,0.06653225806451613,0.5,15,0.020807811536955035,0.020903548863185222
180,5,32,33,0.06653225806451613,0.5,17,0.018359237599355475,0.018443498131069016
180,5,32,33,0.06653225806451613,0.5,19,0.01642630062882481,0.016501541311947546
180,5,32,33,0.06653225806451613,1.0,1,1.01507516800751,1.019713376939193
180,5,32,33,0.06653225806451613,1.0,3,0.32196419124119563,0.32434063705553196
180,5,32,33,0.06653225806451613,1.0,5,0.19241538942642622,0.1939367742257413
180,5,32,33,0.06653225806451613,1.0,7,0.13728377443970952,0.1383955883478063
180,5,32,33,0.06653225806451613,1.0,9,0.10672507056132009,0.10759908274636275
180,5,32,33,0.06653225806451613,1.0,11,0.08729882059791955,0.08801815684252566
180,5,32,33,0.06653225806451613,1.0,13,0.07385745370976896,0.07446835187621291
180,5,32,33,0.06653225806451613,1.0,15,0.06400381530419809,0.0645345562101091
180,5,32,33,0.06653225806451613,1.0,17,0.056470362245500456,0.05693947392288836
180,5,32,33,0.06653225806451613,1.0,19,0.05052381818339843,0.05094408664187661
181,5,32,33,0.06653225806451613,0.1,1,0.01510456107312987,0.014635651446566752
181,5,32,33,0.06653225806451613,0.1,3,0.005030594907496265,0.004871995439771183
181,5,32,33,0.06653225806451613,0.1,5,0.0030180770411838403,0.0029227229388885485
181,5,32,33,0.06653225806451613,0.1,7,0.0021557004844427615,0.0020875369714572034
181,5,32,33,0.06653225806451613,0.1,9,0.0016766295911008603,0.001623591667730192
181,5,32,33,0.06653225806451613,0.1,11,0.0013717751674287386,0.0013283694989702224
181,5,32,33,0.06653225806451613,0.1,13,0.0011607258052606295,0.001123991631352748
181,5,32,33,0.06653225806451613,0.1,15,0.0010059580773148238,0.0009741178545227974
181,5,32,33,0.06653225806451613,0.1,17,0.0008876072660767672,0.000859510327321554
181,5,32,33,0.06653225806451613,0.1,19,0.0007941729925773454,0.0007690317905743959
181,5,32,33,0.06653225806451613,0.5,1,0.3484070483284396,0.3384382220280733
181,5,32,33,0.06653225806451613,0.5,3,0.11443208589365692,0.11036001124190437
181,5,32,33,0.06653225806451613,0.5,5,0.06856691559970035,0.06607240847942192
181,5,32,33,0.06653225806451613,0.5,7,0.04895584343297722,0.04716144914752599
181,5,32,33,0.06653225806451613,0.5,9,0.03806946001173511,0.03666900122026799
181,5,32,33,0.06653225806451613,0.5,11,0.031144411459127497,0.02999626408490302
181,5,32,33,0.06653225806451613,0.5,13,0.026351197441858598,0.025378404565132816
181,5,32,33,0.06653225806451613,0.5,15,0.02283666490238978,0.02199279537528541
181,5,32,33,0.06653225806451613,0.5,17,0.020149338822033354,0.019404237018656418
181,5,32,33,0.06653225806451613,0.5,19,0.01802791276485449,0.017360890982699266
181,5,32,33,0.06653225806451613,1.0,1,1.0876170159856013,1.0666673954416188
181,5,32,33,0.06653225806451613,1.0,3,0.3546191870920081,0.3414173377281921
181,5,32,33,0.06653225806451613,1.0,5,0.2121896735630274,0.20390449066041363
181,5,32,33,0.06653225806451613,1.0,7,0.15142379944865494,0.14542946453154268
181,5,32,33,0.06653225806451613,1.0,9,0.11772175027432402,0.11303315357709812
181,5,32,33,0.06653225806451613,1.0,11,0.09629315073429758,0.09244528559436849
181,5,32,33,0.06653225806451613,1.0,13,0.08146539677015951,0.07820338266296503
181,5,32,33,0.06653225806451613,1.0,15,0.07059527334824149,0.06776463440323674
181,5,32,33,0.06653225806451613,1.0,17,0.062284734797398295,0.05978487773747207
181,5,32,33,0.06653225806451613,1.0,19,0.055724893333019034,0.05348669220252728
182,5,32,33,0.06653225806451613,0.1,1,0.01449826163156261,0.01362737196341161
182,5,32,33,0.06653225806451613,0.1,3,0.004823723589049057,0.004534721998557424
182,5,32,33,0.06653225806451613,0.1,5,0.002893381859170913,0.0027202665582249643
182,5,32,33,0.06653225806451613,0.1,7,0.0020664567695360954,0.0019429003440360002
182,5,32,33,0.06653225806451613,0.1,9,0.001607141752806547,0.0015110864010261023
182,5,32,33,0.06653225806451613,0.1,11,0.0013148818371265657,0.0012363146688765087
182,5,32,33,0.06653225806451613,0.1,13,0.001112562053901514,0.0010460961909859884
182,5,32,33,0.06653225806451613,0.1,15,0.000964201380321884,0.0009066066691050042
182,5,32,33,0.06653225806451613,0.1,17,0.0008507531453845518,0.0007999404343851048
182,5,32,33,0.06653225806451613,0.1,19,0.0007611912037083296,0.0007157315744693631
182,5,32,33,0.06653225806451613,0.5,1,0.33965207470631054,0.3152905971250088
182,5,32,33,0.06653225806451613,0.5,3,0.11109842240601439,0.10208070147965852
182,5,32,33,0.06653225806451613,0.5,5,0.06654652124905709,0.06109123430035915
182,5,32,33,0.06653225806451613,0.5,7,0.0475066654976241,0.04360245256223894
182,5,32,33,0.06653225806451613,0.5,9,0.03693965476593143,0.03390105274522713
182,5,32,33,0.06653225806451613,0.5,11,0.03021860723590124,0.02773183913024978
182,5,32,33,0.06653225806451613,0.5,13,0.025566979760729046,0.023462572039889922
182,5,32,33,0.06653225806451613,0.5,15,0.022156465419579545,0.02033257640316926
182,5,32,33,0.06653225806451613,0.5,17,0.01954879172476218,0.017939466979325473
182,5,32,33,0.06653225806451613,0.5,19,0.01749031676329153,0.0160504065150733
182,5,32,33,0.06653225806451613,1.0,1,1.0874394168068735,0.9915716919523777
182,5,32,33,0.06653225806451613,1.0,3,0.35502482794500834,0.30739741054879605
182,5,32,33,0.06653225806451613,1.0,5,0.21280444240539717,0.1834138076908593
182,5,32,33,0.06653225806451613,1.0,7,0.15194465699006954,0.1308017092979817
182,5,32,33,0.06653225806451613,1.0,9,0.11815502664083036,0.1016661090169039
182,5,32,33,0.06653225806451613,1.0,11,0.0966600747416868,0.08315220807980614
182,5,32,33,0.06653225806451613,1.0,13,0.0817822768735523,0.07034501159311198
182,5,32,33,0.06653225806451613,1.0,15,0.0708735789092222,0.0609575723264091
182,5,32,33,0.06653225806451613,1.0,17,0.06253257943129695,0.05378120129444133
182,5,32,33,0.06653225806451613,1.0,19,0.05594815081363495,0.048116882815420495
183,5,32,33,0.06653225806451613,0.1,1,0.01224174623001114,0.012241746230011171
183,5,32,33,0.06653225806451613,0.1,3,0.004076089053843495,0.004076089053843706
183,5,32,33,0.06653225806451613,0.1,5,0.002445437779371126,0.0024454377793717173
183,5,32,33,0.06653225806451613,0.1,7,0.0017466988318107332,0.001746698831811497
183,5,32,33,0.06653225806451613,0.1,9,0.0013585299521920652,0.0013585299521930788
183,5,32,33,0.06653225806451613,0.1,11,0.00111151888049537,0.0011115188804952537
183,5,32,33,0.06653225806451613,0.1,13,0.0009405132379097016,0.0009405132379110944
183,5,32,33,0.06653225806451613,0.1,15,0.0008151099841183807,0.0008151099841147146
183,5,32,33,0.06653225806451613,0.1,17,0.0007192138139760978,0.0007192138139800887
183,5,32,33,0.06653225806451613,0.1,19,0.0006435065459524674,0.0006435065459513138
183,5,32,33,0.06653225806451613,0.5,1,0.2862896132585806,0.2862896132585815
183,5,32,33,0.06653225806451613,0.5,3,0.09341908366613871,0.09341908366614073
183,5,32,33,0.06653225806451613,0.5,5,0.055963349458053153,0.05596334945805515
183,5,32,33,0.06653225806451613,0.5,7,0.03995635968264187,0.039956359682644646
183,5,32,33,0.06653225806451613,0.5,9,0.031071560277114513,0.03107156027711538
183,5,32,33,0.06653225806451613,0.5,11,0.025419858824321215,0.025419858824324224
183,5,32,33,0.06653225806451613,0.5,13,0.021507977793783342,0.021507977793788692
183,5,32,33,0.06653225806451613,0.5,15,0.01863963069111664,0.018639630691120304
183,5,32,33,0.06653225806451613,0.5,17,0.016446369138110796,0.016446369138112114
183,5,32,33,0.06653225806451613,0.5,19,0.014714944071274588,0.014714944071281162
183,5,32,33,0.06653225806451613,1.0,1,0.9434440126327529,0.9434440126327562
183,5,32,33,0.06653225806451613,1.0,3,0.30249578092447377,0.30249578092447704
183,5,32,33,0.06653225806451613,1.0,5,0.1806104668554113,0.18061046685541424
183,5,32,33,0.06653225806451613,1.0,7,0.12879520079182924,0.128795200791832
183,5,32,33,0.06653225806451613,1.0,9,0.10009497064965751,0.10009497064966127
183,5,32,33,0.06653225806451613,1.0,11,0.08185865319089695,0.081858653190899
183,5,32,33,0.06653225806451613,1.0,13,0.06924474679508219,0.06924474679508716
183,5,32,33,0.06653225806451613,1.0,15,0.05999993861016461,0.05999993861016872
183,5,32,33,0.06653225806451613,1.0,17,0.05293326854630487,0.05293326854630852
183,5,32,33,0.06653225806451613,1.0,19,0.047355999577798215,0.04735599957779999
184,5,32,33,0.06653225806451613,0.1,1,0.01298414286703072,0.012682750336770677
184,5,32,33,0.06653225806451613,0.1,3,0.004320238219586762,0.0042214847786463065
184,5,32,33,0.06653225806451613,0.1,5,0.0025916007429319238,0.002532555661698887
184,5,32,33,0.06653225806451613,0.1,7,0.0018510062788133941,0.0018088944093298425
184,5,32,33,0.06653225806451613,0.1,9,0.001439618132002008,0.0014068917108784223
184,5,32,33,0.06653225806451613,0.1,11,0.0011778433417112934,0.0011510813529561111
184,5,32,33,0.06653225806451613,0.1,13,0.0009966221041688803,0.0009739856406701033
184,5,32,33,0.06653225806451613,0.1,15,0.0008637302055028409,0.0008441172066090014
184,5,32,33,0.06653225806451613,0.1,17,0.0007621090026614044,0.0007448069692504057
184,5,32,33,0.06653225806451613,0.1,19,0.0006818829308111644,0.0006664046734729268
184,5,32,33,0.06653225806451613,0.5,1,0.3026631169338178,0.29491995413015554
184,5,32,33,0.06653225806451613,0.5,3,0.09751998680967483,0.09563098190632617
184,5,32,33,0.06653225806451613,0.5,5,0.0583301593421008,0.057262754966075496
184,5,32,33,0.06653225806451613,0.5,7,0.04162449951726431,0.040878826142003784
184,5,32,33,0.06653225806451613,0.5,9,0.032360532129319455,0.03178706769402462
184,5,32,33,0.06653225806451613,0.5,11,0.026470429250026458,0.026004389041953603
184,5,32,33,0.06653225806451613,0.5,13,0.022394694066304663,0.022002113672127996
184,5,32,33,0.06653225806451613,0.5,15,0.01940676511236907,0.019067608125409193
184,5,32,33,0.06653225806451613,0.5,17,0.017122371135247404,0.016823823040159582
184,5,32,33,0.06653225806451613,0.5,19,0.015319182709777095,0.01505254980853137
184,5,32,33,0.06653225806451613,1.0,1,0.9730668686859414,0.9591655305174915
184,5,32,33,0.06653225806451613,1.0,3,0.2987643543697408,0.3118167871399588
184,5,32,33,0.06653225806451613,1.0,5,0.17868293055625942,0.1869647532879203
184,5,32,33,0.06653225806451613,1.0,7,0.12751224817507145,0.13351623623773984
184,5,32,33,0.06653225806451613,1.0,9,0.0991355661845829,0.1038349864508908
184,5,32,33,0.06653225806451613,1.0,11,0.0810928787114681,0.08495084144832267
184,5,32,33,0.06653225806451613,1.0,13,0.0686076704400322,0.07187878464873458
184,5,32,33,0.06653225806451613,1.0,15,0.059454550966987596,0.06229335619023495
184,5,32,33,0.06653225806451613,1.0,17,0.05245650132556815,0.05496371632078792
184,5,32,33,0.06653225806451613,1.0,19,0.04693251134746534,0.04917738403030465
185,5,32,33,0.06653225806451613,0.1,1,0.012630161180522377,0.012632078224375204
185,5,32,33,0.06653225806451613,0.1,3,0.004206248099730436,0.004206451545937173
185,5,32,33,0.06653225806451613,0.1,5,0.0025235630012001523,0.002523622956059759
185,5,32,33,0.06653225806451613,0.1,7,0.0018025077739333567,0.0018025309139767204
185,5,32,33,0.06653225806451613,0.1,9,0.0014019383689043948,0.00140194772842291
185,5,32,33,0.06653225806451613,0.1,11,0.0011470353780451516,0.0011470384983182842
185,5,32,33,0.06653225806451613,0.1,13,0.0009705658707627623,0.0009705658376433525
185,5,32,33,0.06653225806451613,0.1,15,0.0008411556920101807,0.0008411539573887655
185,5,32,33,0.06653225806451613,0.1,17,0.0007421953624173296,0.0007421926773745072
185,5,32,33,0.06653225806451613,0.1,19,0.0006640690017653402,0.0006640657819768788
185,5,32,33,0.06653225806451613,0.5,1,0.2953073098959696,0.2952674631391197
185,5,32,33,0.06653225806451613,0.5,3,0.0964452516832626,0.09643101886521464
185,5,32,33,0.06653225806451613,0.5,5,0.05777542257490176,0.057757627783041
185,5,32,33,0.06653225806451613,0.5,7,0.04125015316906106,0.0412340804323866
185,5,32,33,0.06653225806451613,0.5,9,0.032077690967604384,0.03206363900810809
185,5,32,33,0.06653225806451613,0.5,11,0.026242996851023086,0.02623066371664404
185,5,32,33,0.06653225806451613,0.5,13,0.022204450797330934,0.022193514594277753
185,5,32,33,0.06653225806451613,0.5,15,0.01924322528935768,0.01923342444044846
185,5,32,33,0.06653225806451613,0.5,17,0.016978943537728153,0.016970075573066595
185,5,32,33,0.06653225806451613,0.5,19,0.015191452270591129,0.015183360992938509
185,5,32,33,0.06653225806451613,1.0,1,0.9627023329351552,0.9607502221559423
185,5,32,33,0.06653225806451613,1.0,3,0.3047188019994086,0.30343661331642857
185,5,32,33,0.06653225806451613,1.0,5,0.18203007046154815,0.18124006699808953
185,5,32,33,0.06653225806451613,1.0,7,0.12986230802656434,0.12928889783397843
185,5,32,33,0.06653225806451613,1.0,9,0.10095248437592994,0.10050189186628357
185,5,32,33,0.06653225806451613,1.0,11,0.08257587225372819,0.08220461198199337
185,5,32,33,0.06653225806451613,1.0,13,0.06986123244007816,0.06954549838395743
185,5,32,33,0.06653225806451613,1.0,15,0.060540526488049855,0.06026584862088851
185,5,32,33,0.06653225806451613,1.0,17,0.053414599737204714,0.05317151920505328
185,5,32,33,0.06653225806451613,1.0,19,0.0477897768554207,0.04757176892255785
186,5,32,33,0.06653225806451613,0.1,1,0.012993872675038686,0.012817298669873998
186,5,32,33,0.06653225806451613,0.1,3,0.004326285292956284,0.0042679636400363465
186,5,32,33,0.06653225806451613,0.1,5,0.0025954011476103933,0.0025604805134281936
186,5,32,33,0.06653225806451613,0.1,7,0.0018537614873940956,0.001828840830028267
186,5,32,33,0.06653225806451613,0.1,9,0.0014417761924515823,0.0014224033447375066
186,5,32,33,0.06653225806451613,0.1,11,0.0011796161579813098,0.0011637708225018997
186,5,32,33,0.06653225806451613,0.1,13,0.0009981260702344318,0.0009847215220455071
186,5,32,33,0.06653225806451613,0.1,15,0.0008650359865168248,0.0008534206506187117
186,5,32,33,0.06653225806451613,0.1,17,0.0007632626787905744,0.0007530151639430219
186,5,32,33,0.06653225806451613,0.1,19,0.0006829162028795207,0.0006737483011767637
186,5,32,33,0.06653225806451613,0.5,1,0.3044387312767659,0.29946524631657023
186,5,32,33,0.06653225806451613,0.5,3,0.09970374381903739,0.09812206519575717
186,5,32,33,0.06653225806451613,0.5,5,0.05972474090191296,0.05878784140371479
186,5,32,33,0.06653225806451613,0.5,7,0.042638587502305654,0.04197296635399255
186,5,32,33,0.06653225806451613,0.5,9,0.033155444610055804,0.03263926667886587
186,5,32,33,0.06653225806451613,0.5,11,0.02712354691762002,0.02670200721737526
186,5,32,33,0.06653225806451613,0.5,13,0.0229487483465419,0.022592519475351073
186,5,32,33,0.06653225806451613,0.5,15,0.019887761850608025,0.0195793203383419
186,5,32,33,0.06653225806451613,0.5,17,0.01754728865005316,0.017275329538493644
186,5,32,33,0.06653225806451613,0.5,19,0.015699708220436162,0.015456513901626867
186,5,32,33,0.06653225806451613,1.0,1,0.994133703522816,0.9740741055858653
186,5,32,33,0.06653225806451613,1.0,3,0.317628878665347,0.31392705627323075
186,5,32,33,0.06653225806451613,1.0,5,0.18978935395389135,0.18767138148170714
186,5,32,33,0.06653225806451613,1.0,7,0.13539870875687599,0.13391447166724624
186,5,32,33,0.06653225806451613,1.0,9,0.1052556285215164,0.10411273355842972
186,5,32,33,0.06653225806451613,1.0,11,0.08609518672353825,0.08516527796018714
186,5,32,33,0.06653225806451613,1.0,13,0.07283835068942397,0.07205417783203688
186,5,32,33,0.06653225806451613,1.0,15,0.06312025927354624,0.062442174185372575
186,5,32,33,0.06653225806451613,1.0,17,0.05569056900350148,0.055093206627170765
186,5,32,33,0.06653225806451613,1.0,19,0.04982600039808486,0.04929214081848327
187,5,32,33,0.06653225806451613,0.1,1,0.01647936261043315,0.01603966037368696
187,5,32,33,0.06653225806451613,0.1,3,0.005483025496210861,0.005340539003359941
187,5,32,33,0.06653225806451613,0.1,5,0.0032889942772284775,0.0032038759545508066
187,5,32,33,0.06653225806451613,0.1,7,0.002349058679501826,0.0022883656579957227
187,5,32,33,0.06653225806451613,0.1,9,0.0018269550287455872,0.0017797933128593844
187,5,32,33,0.06653225806451613,0.1,11,0.0014947359516345395,0.0014561714541781387
187,5,32,33,0.06653225806451613,0.1,13,0.001264750630061665,0.0012321320260578323
187,5,32,33,0.06653225806451613,0.1,15,0.0010961010263414012,0.0010678396716849654
187,5,32,33,0.06653225806451613,0.1,17,0.0009671371953296039,0.0009422061260712878
187,5,32,33,0.06653225806451613,0.1,19,0.0008653257566006996,0.0008430228134559927
187,5,32,33,0.06653225806451613,0.5,1,0.3766519169068266,0.36697741532334616
187,5,32,33,0.06653225806451613,0.5,3,0.12218509976182476,0.1199865354916036
187,5,32,33,0.06653225806451613,0.5,5,0.07311621549650713,0.07187411198794667
187,5,32,33,0.06653225806451613,0.5,7,0.05217970319910451,0.051314018217141315
187,5,32,33,0.06653225806451613,0.5,9,0.0405669380640983,0.03990253444314409
187,5,32,33,0.06653225806451613,0.5,11,0.03318294464174521,0.03264385870603331
187,5,32,33,0.06653225806451613,0.5,13,0.028073391259217737,0.027619841067790852
187,5,32,33,0.06653225806451613,0.5,15,0.024327561747619655,0.023936115892351752
187,5,32,33,0.06653225806451613,0.5,17,0.02146373699638272,0.021119433393727557
187,5,32,33,0.06653225806451613,0.5,19,0.01920319249261595,0.018895895298570154
187,5,32,33,0.06653225806451613,1.0,1,1.137239369870855,1.1158781412181609
187,5,32,33,0.06653225806451613,1.0,3,0.35674552750517646,0.35453430597734265
187,5,32,33,0.06653225806451613,1.0,5,0.21316380859508596,0.2113402303238209
187,5,32,33,0.06653225806451613,1.0,7,0.15207747345699554,0.15062597239747885
187,5,32,33,0.06653225806451613,1.0,9,0.11821945407086408,0.11703038111806809
187,5,32,33,0.06653225806451613,1.0,11,0.0966967301541642,0.09569432655363178
187,5,32,33,0.06653225806451613,1.0,13,0.08180543537951811,0.08094074837411888
187,5,32,33,0.06653225806451613,1.0,15,0.07088933471033582,0.07012984490489657
187,5,32,33,0.06653225806451613,1.0,17,0.06254390533645057,0.06186716530015886
187,5,32,33,0.06653225806451613,1.0,19,0.05595664544309699,0.05534659711495981
188,5,32,33,0.06653225806451613,0.1,1,0.01282778743221611,0.012828694854816485
188,5,32,33,0.06653225806451613,0.1,3,0.004272990688918701,0.004273092994169189
188,5,32,33,0.06653225806451613,0.1,5,0.002563653586880296,0.00256370558792719
188,5,32,33,0.06653225806451613,0.1,7,0.001831153423884764,0.0018311887253602307
188,5,32,33,0.06653225806451613,0.1,9,0.0014242215720966895,0.0014242484395897855
188,5,32,33,0.06653225806451613,0.1,11,0.0011652685223413142,0.0011652902608836348
188,5,32,33,0.06653225806451613,0.1,13,0.0009859946544793937,0.0009860129299279431
188,5,32,33,0.06653225806451613,0.1,15,0.0008545277285961589,0.0008545435027808206
188,5,32,33,0.06653225806451613,0.1,17,0.0007539944814946581,0.0007540083618462829
188,5,32,33,0.06653225806451613,0.1,19,0.0006746262817630005,0.0006746386771457075
188,5,32,33,0.06653225806451613,0.5,1,0.30141382458206706,0.3017945012424769
188,5,32,33,0.06653225806451613,0.5,3,0.09898516167047737,0.09902541061308397
188,5,32,33,0.06653225806451613,0.5,5,0.05932190245249254,0.05934501639535117
188,5,32,33,0.06653225806451613,0.5,7,0.042359203097179186,0.04237556316914326
188,5,32,33,0.06653225806451613,0.5,9,0.032941701977835344,0.03295438371315306
188,5,32,33,0.06653225806451613,0.5,11,0.026950502697447674,0.02696086189568077
188,5,32,33,0.06653225806451613,0.5,13,0.0228033961884239,0.02281215374699089
188,5,32,33,0.06653225806451613,0.5,15,0.019762467449354282,0.019770053107103155
188,5,32,33,0.06653225806451613,0.5,17,0.017437190655206852,0.01744388142013476
188,5,32,33,0.06653225806451613,0.5,19,0.015601520854959834,0.015607505796688015
188,5,32,33,0.06653225806451613,1.0,1,0.9945399767875436,0.9957205725797652
188,5,32,33,0.06653225806451613,1.0,3,0.3207631495253204,0.3208673353849112
188,5,32,33,0.06653225806451613,1.0,5,0.19180273664732173,0.19194702200719294
188,5,32,33,0.06653225806451613,1.0,7,0.1368697805645826,0.13698960419096473
188,5,32,33,0.06653225806451613,1.0,9,0.10641164922682668,0.10651025761120121
188,5,32,33,0.06653225806451613,1.0,11,0.08704636499278899,0.08712929347957592
188,5,32,33,0.06653225806451613,1.0,13,0.07364598191790883,0.07371724838556191
188,5,32,33,0.06653225806451613,1.0,15,0.06382181771482508,0.0638841785945235
188,5,32,33,0.06653225806451613,1.0,17,0.05631059522417709,0.05636597154189741
188,5,32,33,0.06653225806451613,1.0,19,0.05038142344844258,0.050431191605003485
189,5,32,33,0.06653225806451613,0.1,1,0.012487027695403066,0.01311476572852618
189,5,32,33,0.06653225806451613,0.1,3,0.004157283535282674,0.004367894086140009
189,5,32,33,0.06653225806451613,0.1,5,0.0024941272114028684,0.002620559436338521
189,5,32,33,0.06653225806451613,0.1,7,0.0017814716323226072,0.0018717933393800053
189,5,32,33,0.06653225806451613,0.1,9,0.0013855737463167464,0.001455828116574686
189,5,32,33,0.06653225806451613,0.1,11,0.0011336449098444071,0.001191127478657635
189,5,32,33,0.06653225806451613,0.1,13,0.000959234916575793,0.0010078748505644218
189,5,32,33,0.06653225806451613,0.1,15,0.0008313352507280365,0.000873490315483806
189,5,32,33,0.06653225806451613,0.1,17,0.0007335301146916808,0.0007707260285512341
189,5,32,33,0.06653225806451613,0.1,19,0.0006563157980079773,0.0006895965209558583
189,5,32,33,0.06653225806451613,0.5,1,0.2914775942478034,0.30717004134896897
189,5,32,33,0.06653225806451613,0.5,3,0.09428791354869001,0.10047320068190241
189,5,32,33,0.06653225806451613,0.5,5,0.05643190440915645,0.060195943078781254
189,5,32,33,0.06653225806451613,0.5,7,0.04028069602104374,0.04297986140207902
189,5,32,33,0.06653225806451613,0.5,9,0.03132052061732364,0.03342326983120267
189,5,32,33,0.06653225806451613,0.5,11,0.02562218875170087,0.02734403040661502
189,5,32,33,0.06653225806451613,0.5,13,0.021678516468984808,0.02313614661529013
189,5,32,33,0.06653225806451613,0.5,15,0.018787070287694822,0.020050723671162944
189,5,32,33,0.06653225806451613,0.5,17,0.016576250354835044,0.017691459228672005
189,5,32,33,0.06653225806451613,0.5,19,0.014831020276229227,0.015828977177354674
189,5,32,33,0.06653225806451613,1.0,1,0.9463445158928313,1.0002936848389246
189,5,32,33,0.06653225806451613,1.0,3,0.2914217983913048,0.31865993308472773
189,5,32,33,0.06653225806451613,1.0,5,0.17332068512478643,0.190559411255454
189,5,32,33,0.06653225806451613,1.0,7,0.1234149872357555,0.13599055416448935
189,5,32,33,0.06653225806451613,1.0,9,0.09584618428812987,0.10573116122416931
189,5,32,33,0.06653225806451613,1.0,11,0.07835435700258929,0.08649108626081604
189,5,32,33,0.06653225806451613,1.0,13,0.0662660150383008,0.07317687746094945
189,5,32,33,0.06653225806451613,1.0,15,0.057411334779235254,0.06341567450369283
189,5,32,33,0.06653225806451613,1.0,17,0.050645374436681365,0.055952480697091855
189,5,32,33,0.06653225806451613,1.0,19,0.045306782754405056,0.05006116151551364
190,5,32,33,0.06653225806451613,0.1,1,0.01500378414562918,0.015022752314355039
190,5,32,33,0.06653225806451613,0.1,3,0.00499652153207024,0.004998369023580083
190,5,32,33,0.06653225806451613,0.1,5,0.002997675283805409,0.0029982688572381413
190,5,32,33,0.06653225806451613,0.1,7,0.0021411482301547527,0.002141415921836039
190,5,32,33,0.06653225806451613,0.1,9,0.0016653215195309037,0.0016654624473374819
190,5,32,33,0.06653225806451613,0.1,11,0.0013625289612176949,0.001362609312942344
190,5,32,33,0.06653225806451613,0.1,13,0.0011529056999803019,0.0011529532431970764
190,5,32,33,0.06653225806451613,0.1,15,0.0009991830265557438,0.0009992112484095118
190,5,32,33,0.06653225806451613,0.1,17,0.0008816309226411819,0.0008816470709807641
190,5,32,33,0.06653225806451613,0.1,19,0.0007888269205334698,0.0007888351894339533
190,5,32,33,0.06653225806451613,0.5,1,0.3461091336479066,0.347872159922969
190,5,32,33,0.06653225806451613,0.5,3,0.11294654714713788,0.11286943612442457
190,5,32,33,0.06653225806451613,0.5,5,0.06763713123689745,0.06754037656416559
190,5,32,33,0.06653225806451613,0.5,7,0.048284172851869415,0.04820082993419292
190,5,32,33,0.06653225806451613,0.5,9,0.03754468314307832,0.03747389894221827
190,5,32,33,0.06653225806451613,0.5,11,0.030714093124639092,0.030653123070506383
190,5,32,33,0.06653225806451613,0.5,13,0.025986630167128745,0.02593326674631544
190,5,32,33,0.06653225806451613,0.5,15,0.022520468508152258,0.022473100028155252
190,5,32,33,0.06653225806451613,0.5,17,0.019870206194752955,0.0198276578985602
190,5,32,33,0.06653225806451613,0.5,19,0.017778080251947756,0.017739480814983593
190,5,32,33,0.06653225806451613,1.0,1,1.0854948836120042,1.0923440325321296
190,5,32,33,0.06653225806451613,1.0,3,0.34492685147034474,0.3421513908235468
190,5,32,33,0.06653225806451613,1.0,5,0.20549204199733842,0.20420340772579354
190,5,32,33,0.06653225806451613,1.0,7,0.1464088696364757,0.1456104901503782
190,5,32,33,0.06653225806451613,1.0,9,0.11373076739739457,0.1131602415951127
190,5,32,33,0.06653225806451613,1.0,11,0.09298375989405086,0.09254203640950863
190,5,32,33,0.06653225806451613,1.0,13,0.07864058718298299,0.0782809432567284
190,5,32,33,0.06653225806451613,1.0,15,0.06813207788213481,0.0678290771325625
190,5,32,33,0.06653225806451613,1.0,17,0.06010148658203024,0.059839842765348594
190,5,32,33,0.06653225806451613,1.0,19,0.05376467646483019,0.05353451856909399
191,5,32,33,0.06653225806451613,0.1,1,0.012925002240282488,0.012688422748511279
191,5,32,33,0.06653225806451613,0.1,3,0.004303244184444914,0.004222627343816478
191,5,32,33,0.06653225806451613,0.1,5,0.0025816305760931577,0.0025330632982831502
191,5,32,33,0.06653225806451613,0.1,7,0.0018439465306851006,0.0018091962666486416
191,5,32,33,0.06653225806451613,0.1,9,0.0014341524075186663,0.001407098983081881
191,5,32,33,0.06653225806451613,0.1,11,0.0011733840396297372,0.001151236235701573
191,5,32,33,0.06653225806451613,0.1,13,0.0009928560832396308,0.0009741079347154669
191,5,32,33,0.06653225806451613,0.1,15,0.0008604708383430006,0.0008442175606534256
191,5,32,33,0.06653225806451613,0.1,17,0.0007592360981693805,0.0007448916819906552
191,5,32,33,0.06653225806451613,0.1,19,0.0006793145396646345,0.0006664777419178058
191,5,32,33,0.06653225806451613,0.5,1,0.3021431936137899,0.29776861534515076
191,5,32,33,0.06653225806451613,0.5,3,0.09841114430089952,0.09663949352242243
191,5,32,33,0.06653225806451613,0.5,5,0.058932951065352325,0.05784110814329078
191,5,32,33,0.06653225806451613,0.5,7,0.042071115237100484,0.04128283498646846
191,5,32,33,0.06653225806451613,0.5,9,0.03271386447945715,0.032097210160580425
191,5,32,33,0.06653225806451613,0.5,11,0.026762329214778478,0.026255969558021463
191,5,32,33,0.06653225806451613,0.5,13,0.022643218320273707,0.02221369995598194
191,5,32,33,0.06653225806451613,0.5,15,0.019623075048119238,0.019250155731547088
191,5,32,33,0.06653225806451613,0.5,17,0.01731382921986383,0.01698433250134044
191,5,32,33,0.06653225806451613,0.5,19,0.015490894385144753,0.015195764486501026
191,5,32,33,0.06653225806451613,1.0,1,0.9804835316677519,0.9735149688046311
191,5,32,33,0.06653225806451613,1.0,3,0.3081513523002148,0.3035184702163629
191,5,32,33,0.06653225806451613,1.0,5,0.18397383215096894,0.18119942906230277
191,5,32,33,0.06653225806451613,1.0,7,0.13121463493388266,0.1292295320816378
191,5,32,33,0.06653225806451613,1.0,9,0.10198875208922376,0.10044104033573892
191,5,32,33,0.06653225806451613,1.0,11,0.08341569548134581,0.08214659092945074
191,5,32,33,0.06653225806451613,1.0,13,0.07056718254252692,0.06949133051640732
191,5,32,33,0.06653225806451613,1.0,15,0.061149402335528215,0.060215560355234655
191,5,32,33,0.06653225806451613,1.0,17,0.05394986600841749,0.053124830076484074
191,5,32,33,0.06653225806451613,1.0,19,0.048267309810447245,0.04752832320817548
192,5,32,33,0.06653225806451613,0.1,1,0.012794773946541852,0.012980290732501218
192,5,32,33,0.06653225806451613,0.1,3,0.004261254196774873,0.004315113630449146
192,5,32,33,0.06653225806451613,0.1,5,0.002556568901365869,0.0025880044747364837
192,5,32,33,0.06653225806451613,0.1,7,0.0018260830871312088,0.0018482743871897616
192,5,32,33,0.06653225806451613,0.1,9,0.0014202743761034461,0.001437422185962637
192,5,32,33,0.06653225806451613,0.1,11,0.0011620373224073767,0.0011760094262225403
192,5,32,33,0.06653225806451613,0.1,13,0.0009832596570636882,0.0009950484465717957
192,5,32,33,0.06653225806451613,0.1,15,0.0008521568567242595,0.0008623524290163553
192,5,32,33,0.06653225806451613,0.1,17,0.0007519021882184863,0.0007608838957362856
192,5,32,33,0.06653225806451613,0.1,19,0.0006727539939302699,0.0006807801185553795
192,5,32,33,0.06653225806451613,0.5,1,0.3009168246704753,0.30840448493189376
192,5,32,33,0.06653225806451613,0.5,3,0.09839523141817771,0.09993930578479243
192,5,32,33,0.06653225806451613,0.5,5,0.05894794004540015,0.059760804374732836
192,5,32,33,0.06653225806451613,0.5,7,0.042088031394049145,0.0426367179060714
192,5,32,33,0.06653225806451613,0.5,9,0.03272945679122602,0.03314311231606698
192,5,32,33,0.06653225806451613,0.5,11,0.026776280785899442,0.02710813521733137
192,5,32,33,0.06653225806451613,0.5,13,0.022655694984514387,0.0229327266890481
192,5,32,33,0.06653225806451613,0.5,15,0.019634302361832303,0.01987204466683868
192,5,32,33,0.06653225806451613,0.5,17,0.01732400885655456,0.017532216736938125
192,5,32,33,0.06653225806451613,0.5,19,0.015500192013209547,0.015685390296852984
192,5,32,33,0.06653225806451613,1.0,1,0.9918482834842186,1.0194356876782713
192,5,32,33,0.06653225806451613,1.0,3,0.3132316629913428,0.3179426458763195
192,5,32,33,0.06653225806451613,1.0,5,0.18706910168018295,0.1893305692863912
192,5,32,33,0.06653225806451613,1.0,7,0.13344788816186007,0.13493033303462584
192,5,32,33,0.06653225806451613,1.0,9,0.1037368744155188,0.10484093280484019
192,5,32,33,0.06653225806451613,1.0,11,0.084852207150831,0.08573262522993631
192,5,32,33,0.06653225806451613,1.0,13,0.07178649828315586,0.0725190484308035
192,5,32,33,0.06653225806451613,1.0,15,0.062208629522504715,0.06283606272867806
192,5,32,33,0.06653225806451613,1.0,17,0.054886189566437184,0.05543501099650844
192,5,32,33,0.06653225806451613,1.0,19,0.04910629969136313,0.049594086634080714
193,5,32,33,0.06653225806451613,0.1,1,0.01246226147708255,0.012239195953485688
193,5,32,33,0.06653225806451613,0.1,3,0.004150781188510979,0.0040721161911563665
193,5,32,33,0.06653225806451613,0.1,5,0.0024903028767788832,0.002442742442682063
193,5,32,33,0.06653225806451613,0.1,7,0.0017787535864764753,0.001744683045204874
193,5,32,33,0.06653225806451613,0.1,9,0.0013834635737795344,0.0013569239833998987
193,5,32,33,0.06653225806451613,0.1,11,0.0011319197991829625,0.0011101853538771748
193,5,32,33,0.06653225806451613,0.1,13,0.0009577757858837662,0.0009393735329068919
193,5,32,33,0.06653225806451613,0.1,15,0.0008300709308186686,0.0008141150879111622
193,5,32,33,0.06653225806451613,0.1,17,0.0007324146595321872,0.0007183311654705436
193,5,32,33,0.06653225806451613,0.1,19,0.0006553178151000168,0.0006427134326726104
193,5,32,33,0.06653225806451613,0.5,1,0.2921304471788004,0.28878132367806886
193,5,32,33,0.06653225806451613,0.5,3,0.09572736180693799,0.09331045155886021
193,5,32,33,0.06653225806451613,0.5,5,0.05734955728050423,0.05584719754743421
193,5,32,33,0.06653225806451613,0.5,7,0.04094539986657717,0.0398635297751582
193,5,32,33,0.06653225806451613,0.5,9,0.031840039160086535,0.03099576390299816
193,5,32,33,0.06653225806451613,0.5,11,0.02604812116233773,0.02535609489054229
193,5,32,33,0.06653225806451613,0.5,13,0.022039261053928602,0.02145302938130736
193,5,32,33,0.06653225806451613,0.5,15,0.019099855238326184,0.018591385398460183
193,5,32,33,0.06653225806451613,0.5,17,0.01685229280126641,0.016403381807847898
193,5,32,33,0.06653225806451613,0.5,19,0.015078023937792746,0.014676187262539594
193,5,32,33,0.06653225806451613,1.0,1,0.9597496343068256,0.9657843203095381
193,5,32,33,0.06653225806451613,1.0,3,0.3068693798188281,0.310427977433985
193,5,32,33,0.06653225806451613,1.0,5,0.18321475420543998,0.18572849211495115
193,5,32,33,0.06653225806451613,1.0,7,0.1306480742133584,0.13255486891273288
193,5,32,33,0.06653225806451613,1.0,9,0.10153264271856417,0.10306303239719752
193,5,32,33,0.06653225806451613,1.0,11,0.08303306215931934,0.08430959573068805
193,5,32,33,0.06653225806451613,1.0,13,0.07023735649459319,0.07133168827757115
193,5,32,33,0.06653225806451613,1.0,15,0.060859473217002635,0.061816860941350145
193,5,32,33,0.06653225806451613,1.0,17,0.053691180410104115,0.05454195755669449
193,5,32,33,0.06653225806451613,1.0,19,0.048033769076524076,0.048799229847231645
194,5,32,33,0.06653225806451613,0.1,1,0.013461107296166555,0.01356686303371275
194,5,32,33,0.06653225806451613,0.1,3,0.004480158052949014,0.00451085394552857
194,5,32,33,0.06653225806451613,0.1,5,0.0026876658632552365,0.0027055202281975436
194,5,32,33,0.06653225806451613,0.1,7,0.0019196587555169236,0.0019322407587714862
194,5,32,33,0.06653225806451613,0.1,9,0.0014930293870161972,0.0015027418622195724
194,5,32,33,0.06653225806451613,0.1,11,0.001221551195772368,0.0012294596322955781
194,5,32,33,0.06653225806451613,0.1,13,0.001033610199346581,0.0010402796773753818
194,5,32,33,0.06653225806451613,0.1,15,0.0008957894287648475,0.0009015555155517374
194,5,32,33,0.06653225806451613,0.1,17,0.0007903984904956467,0.0007954766975288562
194,5,32,33,0.06653225806451613,0.1,19,0.0007071959459201357,0.0007117328915077779
194,5,32,33,0.06653225806451613,0.5,1,0.3141957044329238,0.31821223808286325
194,5,32,33,0.06653225806451613,0.5,3,0.10143891009510977,0.10280537313630242
194,5,32,33,0.06653225806451613,0.5,5,0.06069803180945835,0.061433820976932126
194,5,32,33,0.06653225806451613,0.5,7,0.04332130354696533,0.043816677959134034
194,5,32,33,0.06653225806451613,0.5,9,0.03368269089065604,0.03405425802848154
194,5,32,33,0.06653225806451613,0.5,11,0.027553470919715887,0.027850169648076323
194,5,32,33,0.06653225806451613,0.5,13,0.023311865515933415,0.023558583062260916
194,5,32,33,0.06653225806451613,0.5,15,0.020202126374137208,0.02041317293733818
194,5,32,33,0.06653225806451613,0.5,17,0.01782448463102919,0.018008820897416403
194,5,32,33,0.06653225806451613,0.5,19,0.015947618830818158,0.016111218254171677
194,5,32,33,0.06653225806451613,1.0,1,1.0145641689643228,1.0241213190902028
194,5,32,33,0.06653225806451613,1.0,3,0.3114821497293988,0.3186983198507766
194,5,32,33,0.06653225806451613,1.0,5,0.18579988123793562,0.18897721533107112
194,5,32,33,0.06653225806451613,1.0,7,0.13248529889635846,0.13432268251997107
194,5,32,33,0.06653225806451613,1.0,9,0.10296468753732349,0.10419400227248918
194,5,32,33,0.06653225806451613,1.0,11,0.08420823484437265,0.085106549641342
194,5,32,33,0.06653225806451613,1.0,13,0.07123445593099981,0.071930383715162
194,5,32,33,0.06653225806451613,1.0,15,0.061725643815314105,0.062287479549648125
194,5,32,33,0.06653225806451613,1.0,17,0.05445694949268033,0.05492457830985354
194,5,32,33,0.06653225806451613,1.0,19,0.048720065351652735,0.04911848995270626
195,5,32,33,0.06653225806451613,0.1,1,0.012511247378060518,0.012514854392430049
195,5,32,33,0.06653225806451613,0.1,3,0.00416665905085262,0.0041668186527500746
195,5,32,33,0.06653225806451613,0.1,5,0.0024998152449545574,0.0024998601668170025
195,5,32,33,0.06653225806451613,0.1,7,0.001785546861167763,0.0017855689284971147
195,5,32,33,0.06653225806451613,0.1,9,0.0013887473213267606,0.001388761276300876
195,5,32,33,0.06653225806451613,0.1,11,0.0011362431082969488,0.001136253196898759
195,5,32,33,0.06653225806451613,0.1,13,0.0009614341889144294,0.0009614420785272556
195,5,32,33,0.06653225806451613,0.1,15,0.000833241719983448,0.000833248205880894
195,5,32,33,0.06653225806451613,0.1,17,0.0007352125489185383,0.0007352180643357063
195,5,32,33,0.06653225806451613,0.1,19,0.0006578212941711352,0.0006578260988599783
195,5,32,33,0.06653225806451613,0.5,1,0.2929942381787119,0.2947967843324246
195,5,32,33,0.06653225806451613,0.5,3,0.09555399282519546,0.0956562077437312
195,5,32,33,0.06653225806451613,0.5,5,0.05723439812389625,0.05726329044671616
195,5,32,33,0.06653225806451613,0.5,7,0.040862506638106866,0.04087657218252309
195,5,32,33,0.06653225806451613,0.5,9,0.031775810036432116,0.031784627669983856
195,5,32,33,0.06653225806451613,0.5,11,0.02599584868779108,0.02600218073011505
195,5,32,33,0.06653225806451613,0.5,13,0.021995250943611357,0.022000178513041986
195,5,32,33,0.06653225806451613,0.5,15,0.019061878637446628,0.019065914926538453
195,5,32,33,0.06653225806451613,0.5,17,0.016818908348221664,0.016822331523543448
195,5,32,33,0.06653225806451613,0.5,19,0.015048248316255527,0.01505122437301122
195,5,32,33,0.06653225806451613,1.0,1,0.9573050681757734,0.9754316246364851
195,5,32,33,0.06653225806451613,1.0,3,0.303205637458853,0.30425013443478627
195,5,32,33,0.06653225806451613,1.0,5,0.18146433445403023,0.1818909207571989
195,5,32,33,0.06653225806451613,1.0,7,0.12952858458947042,0.12979915200384234
195,5,32,33,0.06653225806451613,1.0,9,0.10071615731459983,0.10091614212168752
195,5,32,33,0.06653225806451613,1.0,11,0.082392430125014,0.08255180632133782
195,5,32,33,0.06653225806451613,1.0,13,0.06971098363527908,0.06984379427660434
195,5,32,33,0.06653225806451613,1.0,15,0.06041309461680693,0.06052709133686319
195,5,32,33,0.06653225806451613,1.0,17,0.05330384950053663,0.05340378529414583
195,5,32,33,0.06653225806451613,1.0,19,0.047691775035666,0.04778078485355774
196,5,32,33,0.06653225806451613,0.1,1,0.012435312264586757,0.013449678903446094
196,5,32,33,0.06653225806451613,0.1,3,0.004141049058036443,0.004477280653303632
196,5,32,33,0.06653225806451613,0.1,5,0.002484419451277686,0.0026858941187485287
196,5,32,33,0.06653225806451613,0.1,7,0.0017745411774846044,0.001918367956543258
196,5,32,33,0.06653225806451613,0.1,9,0.0013801836790902034,0.0014920122193268868
196,5,32,33,0.06653225806451613,0.1,11,0.0011292346101069784,0.0012207113904000096
196,5,32,33,0.06653225806451613,0.1,13,0.0009555028292755753,0.0010328948871532097
196,5,32,33,0.06653225806451613,0.1,15,0.0008281005190184221,0.0008951663784155992
196,5,32,33,0.06653225806451613,0.1,17,0.0007306757324190529,0.000789846578628363
196,5,32,33,0.06653225806451613,0.1,19,0.0006537617117643242,0.000706700569761781
196,5,32,33,0.06653225806451613,0.5,1,0.2906293865298181,0.3140300144304227
196,5,32,33,0.06653225806451613,0.5,3,0.09477207097218641,0.10261308575572846
196,5,32,33,0.06653225806451613,0.5,5,0.05676204640972504,0.06146242251060569
196,5,32,33,0.06653225806451613,0.5,7,0.04052379873160658,0.04387911293676612
196,5,32,33,0.06653225806451613,0.5,9,0.0315117413102455,0.034120342513407224
196,5,32,33,0.06653225806451613,0.5,11,0.025779446920608098,0.027913132427935347
196,5,32,33,0.06653225806451613,0.5,13,0.021811932608617243,0.023616969741211594
196,5,32,33,0.06653225806451613,0.5,15,0.018902866837818513,0.020466974407104502
196,5,32,33,0.06653225806451613,0.5,17,0.016678510629282807,0.01805842604096979
196,5,32,33,0.06653225806451613,0.5,19,0.014922562670636238,0.016157094011777947
196,5,32,33,0.06653225806451613,1.0,1,0.9460799083925112,1.021207622509016
196,5,32,33,0.06653225806451613,1.0,3,0.29670119613000734,0.32357971901583366
196,5,32,33,0.06653225806451613,1.0,5,0.1771056565693073,0.19303545793553414
196,5,32,33,0.06653225806451613,1.0,7,0.12631879367029505,0.13759444905481613
196,5,32,33,0.06653225806451613,1.0,9,0.09818701409420705,0.10690406299335502
196,5,32,33,0.06653225806451613,1.0,11,0.08030891226635933,0.08741098041918631
196,5,32,33,0.06653225806451613,1.0,13,0.06794075144100693,0.07393163660416617
196,5,32,33,0.06653225806451613,1.0,15,0.0588747669404057,0.06405465579002072
196,5,32,33,0.06653225806451613,1.0,17,0.05194396179702504,0.05650600564619896
196,5,32,33,0.06653225806451613,1.0,19,0.046473373427144984,0.05054912440333629
197,5,32,33,0.06653225806451613,0.1,1,0.01484815927611354,0.014811907993181881
197,5,32,33,0.06653225806451613,0.1,3,0.004940430121899016,0.004926972454120796
197,5,32,33,0.06653225806451613,0.1,5,0.0029635181148970798,0.002955257223628044
197,5,32,33,0.06653225806451613,0.1,7,0.0021165964072278227,0.002110637055067112
197,5,32,33,0.06653225806451613,0.1,9,0.0016461591482174816,0.0016414983794599645
197,5,32,33,0.06653225806451613,0.1,11,0.0013468160160727935,0.0013429891637629125
197,5,32,33,0.06653225806451613,0.1,13,0.0011395898326354201,0.0011363437797394633
197,5,32,33,0.06653225806451613,0.1,15,0.0009876297047658469,0.000984811389512478
197,5,32,33,0.06653225806451613,0.1,17,0.0008714281072989008,0.000868937928621896
197,5,32,33,0.06653225806451613,0.1,19,0.0007796919339481581,0.0007774614513951627
197,5,32,33,0.06653225806451613,0.5,1,0.3440824789881736,0.34316856870944096
197,5,32,33,0.06653225806451613,0.5,3,0.1117873597369656,0.11144533349349942
197,5,32,33,0.06653225806451613,0.5,5,0.06690461289822902,0.0666933398526401
197,5,32,33,0.06653225806451613,0.5,7,0.04775001240765348,0.04759648931737331
197,5,32,33,0.06653225806451613,0.5,9,0.03712451135247333,0.03700379913177917
197,5,32,33,0.06653225806451613,0.5,11,0.03036785487553099,0.030268354042297538
197,5,32,33,0.06653225806451613,0.5,13,0.025692212371517992,0.025607565524200095
197,5,32,33,0.06653225806451613,0.5,15,0.022264383757806868,0.02219072437058917
197,5,32,33,0.06653225806451613,0.5,17,0.019643624716968046,0.019578424251732625
197,5,32,33,0.06653225806451613,0.5,19,0.0175749073488631,0.01751642102645574
197,5,32,33,0.06653225806451613,1.0,1,1.083969822892501,1.075638194208637
197,5,32,33,0.06653225806451613,1.0,3,0.3424250838776635,0.3389252634700857
197,5,32,33,0.06653225806451613,1.0,5,0.20460714763947782,0.20263005946255705
197,5,32,33,0.06653225806451613,1.0,7,0.14596224104781808,0.14458904019126295
197,5,32,33,0.06653225806451613,1.0,9,0.11345928782381451,0.1124079578078718
197,5,32,33,0.06653225806451613,1.0,11,0.09279939044424072,0.09194781369753775
197,5,32,33,0.06653225806451613,1.0,13,0.07850591004329016,0.07779033253083723
197,5,32,33,0.06653225806451613,1.0,15,0.06802852775150352,0.0674115031242792
197,5,32,33,0.06653225806451613,1.0,17,0.06001880047296369,0.05947647227119798
197,5,32,33,0.06653225806451613,1.0,19,0.05369671011251215,0.05321294735817466
198,5,32,33,0.06653225806451613,0.1,1,0.012332850739164215,0.012384419904202141
198,5,32,33,0.06653225806451613,0.1,3,0.004107240475817192,0.0041243356200672855
198,5,32,33,0.06653225806451613,0.1,5,0.002464153021751602,0.002474380525685555
198,5,32,33,0.06653225806451613,0.1,7,0.001760069201545216,0.0017673641870509162
198,5,32,33,0.06653225806451613,0.1,9,0.0013689291031625467,0.001374598233006937
198,5,32,33,0.06653225806451613,0.1,11,0.0011200269477490631,0.0011246627742508846
198,5,32,33,0.06653225806451613,0.1,13,0.0009477120572103919,0.0009516331534140586
198,5,32,33,0.06653225806451613,0.1,15,0.0008213487060239095,0.0008247460054470091
198,5,32,33,0.06653225806451613,0.1,17,0.000724718368985994,0.0007277153151849343
198,5,32,33,0.06653225806451613,0.1,19,0.0006484315179558068,0.0006511125183548161
198,5,32,33,0.06653225806451613,0.5,1,0.2890510982335876,0.2905168894152901
198,5,32,33,0.06653225806451613,0.5,3,0.09436617519189751,0.09500929641870746
198,5,32,33,0.06653225806451613,0.5,5,0.05652517194372691,0.056918801776547075
198,5,32,33,0.06653225806451613,0.5,7,0.04035630604576161,0.04063911380928846
198,5,32,33,0.06653225806451613,0.5,9,0.031382155746729035,0.031602661352273534
198,5,32,33,0.06653225806451613,0.5,11,0.025673766916895116,0.02585441055248253
198,5,32,33,0.06653225806451613,0.5,13,0.02172270836821726,0.021875674216019762
198,5,32,33,0.06653225806451613,0.5,15,0.018825662635966776,0.018958295470664924
198,5,32,33,0.06653225806451613,0.5,17,0.016610471659432247,0.016727537788669367
198,5,32,33,0.06653225806451613,0.5,19,0.014861743399796382,0.014966510275764797
198,5,32,33,0.06653225806451613,1.0,1,0.9487624672371977,0.9566863022468912
198,5,32,33,0.06653225806451613,1.0,3,0.2952658378559926,0.30090817601964165
198,5,32,33,0.06653225806451613,1.0,5,0.17603969708800432,0.17959706420831592
198,5,32,33,0.06653225806451613,1.0,7,0.12551732332065485,0.12809311745027765
198,5,32,33,0.06653225806451613,1.0,9,0.09755056084997274,0.09956509457315069
198,5,32,33,0.06653225806451613,1.0,11,0.07978259177667284,0.0814354179114819
198,5,32,33,0.06653225806451613,1.0,13,0.06749259086806884,0.06889333218153083
198,5,32,33,0.06653225806451613,1.0,15,0.05848477677616627,0.05969992887553482
198,5,32,33,0.06653225806451613,1.0,17,0.05159888469651186,0.052671760035136114
198,5,32,33,0.06653225806451613,1.0,19,0.04616399103767672,0.04712435275173865
199,5,32,33,0.06653225806451613,0.1,1,0.016044984127100852,0.015028045310540033
199,5,32,33,0.06653225806451613,0.1,3,0.005345385779038115,0.005005818401350463
199,5,32,33,0.06653225806451613,0.1,5,0.0032070905547345666,0.003003321768715098
199,5,32,33,0.06653225806451613,0.1,7,0.0022907512428937977,0.002145196526382889
199,5,32,33,0.06653225806451613,0.1,9,0.001781686537755897,0.001668475526360512
199,5,32,33,0.06653225806451613,0.1,11,0.0014577398559739963,0.001365111924493124
199,5,32,33,0.06653225806451613,0.1,13,0.0012334703974036943,0.00115509255661761
199,5,32,33,0.06653225806451613,0.1,15,0.0010690067052992916,0.0010010790473551417
199,5,32,33,0.06653225806451613,0.1,17,0.0009432406371175289,0.0008833043528395429
199,5,32,33,0.06653225806451613,0.1,19,0.0008439517892433888,0.0007903245150218613
199,5,32,33,0.06653225806451613,0.5,1,0.3693566095644982,0.3458946197805043
199,5,32,33,0.06653225806451613,0.5,3,0.12161093811170058,0.11339160443251836
199,5,32,33,0.06653225806451613,0.5,5,0.07289794966887385,0.06794494918645372
199,5,32,33,0.06653225806451613,0.5,7,0.05205652627313832,0.048514415032217297
199,5,32,33,0.06653225806451613,0.5,9,0.04048411453066952,0.03772777346999781
199,5,32,33,0.06653225806451613,0.5,11,0.03312158883209943,0.030865834337183
199,5,32,33,0.06653225806451613,0.5,13,0.02802509497987082,0.026116103819842963
199,5,32,33,0.06653225806451613,0.5,15,0.02428794550560176,0.022633336460536075
199,5,32,33,0.06653225806451613,0.5,17,0.021430262949295363,0.019970225291278232
199,5,32,33,0.06653225806451613,0.5,19,0.019174271903651483,0.01786786688747489
199,5,32,33,0.06653225806451613,1.0,1,1.1445120718855217,1.0734877619817154
199,5,32,33,0.06653225806451613,1.0,3,0.37206078415907634,0.34118385291213416
199,5,32,33,0.06653225806451613,1.0,5,0.22283540935633167,0.2037933409301674
199,5,32,33,0.06653225806451613,1.0,7,0.1590900592201172,0.14538320303899877
199,5,32,33,0.06653225806451613,1.0,9,0.12371179854816905,0.11301679542179549
199,5,32,33,0.06653225806451613,1.0,11,0.1012084403124037,0.09244378323117093
199,5,32,33,0.06653225806451613,1.0,13,0.0856329002160226,0.07820972298014503
199,5,32,33,0.06653225806451613,1.0,15,0.07421245674738268,0.06777526291201268
199,5,32,33,0.06653225806451613,1.0,17,0.06547997395771776,0.05979786956062814
199,5,32,33,0.06653225806451613,1.0,19,0.05858633805862392,0.05350095149507933
