graph_index,n_qubits,n_vertices,n_edges,density,time,trotter_steps,matching_diff,pauli_diff
0,3,8,7,0.25,0.1,1,0.008074072973169488,0.008074072973169508
0,3,8,7,0.25,0.1,3,0.002688977122701392,0.002688977122701708
0,3,8,7,0.25,0.1,5,0.0016132721653345748,0.0016132721653361612
0,3,8,7,0.25,0.1,7,0.0011523148081307158,0.0011523148081314923
0,3,8,7,0.25,0.1,9,0.0008962376644950817,0.0008962376644988589
0,3,8,7,0.25,0.1,11,0.0007332823856226723,0.0007332823856226374
0,3,8,7,0.25,0.1,13,0.0006204682624958502,0.0006204682624959776
0,3,8,7,0.25,0.1,15,0.0005377383732520887,0.0005377383732536125
0,3,8,7,0.25,0.1,17,0.00047447457079718514,0.000474474570800503
0,3,8,7,0.25,0.1,19,0.0004245295877683899,0.0004245295877686528
0,3,8,7,0.25,0.5,1,0.19245694738269428,0.19245694738269437
0,3,8,7,0.25,0.5,3,0.06276675489675598,0.0627667548967564
0,3,8,7,0.25,0.5,5,0.03759574821933176,0.037595748219331857
0,3,8,7,0.25,0.5,7,0.02684148825330691,0.02684148825330895
0,3,8,7,0.25,0.5,9,0.020872677430320376,0.02087267743032115
0,3,8,7,0.25,0.5,11,0.017075974041361918,0.017075974041361956
0,3,8,7,0.25,0.5,13,0.014448087809336334,0.014448087809340057
0,3,8,7,0.25,0.5,15,0.01252123381102004,0.012521233811021297
0,3,8,7,0.25,0.5,17,0.011047886621545459,0.011047886621545298
0,3,8,7,0.25,0.5,19,0.009884787500188735,0.00988478750018893
0,3,8,7,0.25,1.0,1,0.6646932388207961,0.6646932388207961
0,3,8,7,0.25,1.0,3,0.20438049127527982,0.20438049127527969
0,3,8,7,0.25,1.0,5,0.12189369876863647,0.12189369876863647
0,3,8,7,0.25,1.0,7,0.0869236596525758,0.08692365965257752
0,3,8,7,0.25,1.0,9,0.06756149241935515,0.06756149241935598
0,3,8,7,0.25,1.0,11,0.055258603487489025,0.05525860348749178
0,3,8,7,0.25,1.0,13,0.04674802911228528,0.046748029112285955
0,3,8,7,0.25,1.0,15,0.04050991946041043,0.04050991946041169
0,3,8,7,0.25,1.0,17,0.03574106923455749,0.035741069234560434
0,3,8,7,0.25,1.0,19,0.03197697965418206,0.03197697965418389
1,3,8,8,0.2857142857142857,0.1,1,0.013049639114480963,0.011684657169231798
1,3,8,8,0.2857142857142857,0.1,3,0.004348092157416246,0.0038914967082269956
1,3,8,8,0.2857142857142857,0.1,5,0.002608769655895409,0.0023347349964353238
1,3,8,8,0.2857142857142857,0.1,7,0.001863390047036021,0.0016676357651277144
1,3,8,8,0.2857142857142857,0.1,9,0.0014492979769698904,0.0012970397679311842
1,3,8,8,0.2857142857142857,0.1,11,0.0011857870203831975,0.0010612101013378807
1,3,8,8,0.2857142857142857,0.1,13,0.0010033571610663582,0.000897944938417145
1,3,8,8,0.2857142857142857,0.1,15,0.0008695756152301738,0.0007782178208280013
1,3,8,8,0.2857142857142857,0.1,17,0.0007672722531524896,0.0006866621192149597
1,3,8,8,0.2857142857142857,0.1,19,0.0006865065341703425,0.0006143814796353228
1,3,8,8,0.2857142857142857,0.5,1,0.3028345107194973,0.2750353368652792
1,3,8,8,0.2857142857142857,0.5,3,0.09992988254677655,0.08973940805530416
1,3,8,8,0.2857142857142857,0.5,5,0.05991145914894831,0.05374478665456677
1,3,8,8,0.2857142857142857,0.5,7,0.04278479293305236,0.0383695774006553
1,3,8,8,0.2857142857142857,0.5,9,0.03327415017193573,0.029836735493534376
1,3,8,8,0.2857142857142857,0.5,11,0.02722309973793911,0.02440927626547145
1,3,8,8,0.2857142857142857,0.5,13,0.0230343443173504,0.020652738071229856
1,3,8,8,0.2857142857142857,0.5,15,0.019962779700214876,0.01789835170792703
1,3,8,8,0.2857142857142857,0.5,17,0.017614029465138833,0.01579225753659388
1,3,8,8,0.2857142857142857,0.5,19,0.015759803215926876,0.014129660068297668
1,3,8,8,0.2857142857142857,1.0,1,0.9611260661791997,0.9106080400941425
1,3,8,8,0.2857142857142857,1.0,3,0.30890674699881093,0.28005280349300526
1,3,8,8,0.2857142857142857,1.0,5,0.18487363199359938,0.1664935974588659
1,3,8,8,0.2857142857142857,1.0,7,0.13196079968423982,0.11861483227680662
1,3,8,8,0.2857142857142857,1.0,9,0.10260686608913594,0.09215640651984697
1,3,8,8,0.2857142857142857,1.0,11,0.08393894482496891,0.07535934474810894
1,3,8,8,0.2857142857142857,1.0,13,0.07101936214126482,0.06374544646946811
1,3,8,8,0.2857142857142857,1.0,15,0.061546907328412996,0.05523508614306663
1,3,8,8,0.2857142857142857,1.0,17,0.054304204223954884,0.048730369817743965
1,3,8,8,0.2857142857142857,1.0,19,0.04858678633366707,0.04359679606817055
2,3,8,8,0.2857142857142857,0.1,1,0.011682852883945508,0.011210056196875253
2,3,8,8,0.2857142857142857,0.1,3,0.003889445542483235,0.0037330711614171467
2,3,8,8,0.2857142857142857,0.1,5,0.002333271824946864,0.002239599337453071
2,3,8,8,0.2857142857142857,0.1,7,0.0016665152000357667,0.0015996532249488533
2,3,8,8,0.2857142857142857,0.1,9,0.0012961347570441422,0.0012441513584619663
2,3,8,8,0.2857142857142857,0.1,11,0.0010604519544863222,0.0010179307064373362
2,3,8,8,0.2857142857142857,0.1,13,0.0008972929696894968,0.0008613196842269185
2,3,8,8,0.2857142857142857,0.1,15,0.000777646087979993,0.0007464732054427842
2,3,8,8,0.2857142857142857,0.1,17,0.0006861531099209633,0.000658650302605121
2,3,8,8,0.2857142857142857,0.1,19,0.0006139228314277159,0.0005893169487199892
2,3,8,8,0.2857142857142857,0.5,1,0.27603078104906,0.26498429083804353
2,3,8,8,0.2857142857142857,0.5,3,0.09032558090521718,0.08677816231232369
2,3,8,8,0.2857142857142857,0.5,5,0.05409443433584041,0.05198047766085671
2,3,8,8,0.2857142857142857,0.5,7,0.03861548874089125,0.037109626165282655
2,3,8,8,0.2857142857142857,0.5,9,0.03002567650632172,0.02885615800737587
2,3,8,8,0.2857142857142857,0.5,11,0.0245624504070015,0.023606441047875012
2,3,8,8,0.2857142857142857,0.5,13,0.020781439605467442,0.019973010381872134
2,3,8,8,0.2857142857142857,0.5,15,0.018009280663071493,0.017308957558830877
2,3,8,8,0.2857142857142857,0.5,17,0.01588970482763842,0.015271983926629278
2,3,8,8,0.2857142857142857,0.5,19,0.014216535294412438,0.013663985960789706
2,3,8,8,0.2857142857142857,1.0,1,0.9194401128078984,0.8905799252925715
2,3,8,8,0.2857142857142857,1.0,3,0.29047485677584933,0.28197338031493213
2,3,8,8,0.2857142857142857,1.0,5,0.17347318407348167,0.1682413926595244
2,3,8,8,0.2857142857142857,1.0,7,0.12374757407361839,0.11995799781332586
2,3,8,8,0.2857142857142857,1.0,9,0.09619524480497205,0.09322329833712704
2,3,8,8,0.2857142857142857,1.0,11,0.07868279934107364,0.07623801928883825
2,3,8,8,0.2857142857142857,1.0,13,0.06656659116085085,0.06449006388953143
2,3,8,8,0.2857142857142857,1.0,15,0.057684830208790686,0.055880116492340245
2,3,8,8,0.2857142857142857,1.0,17,0.0508946266978083,0.04929879430660678
2,3,8,8,0.2857142857142857,1.0,19,0.04553488743652629,0.044104595803434066
3,3,8,8,0.2857142857142857,0.1,1,0.013514807261904366,0.01191550528283618
3,3,8,8,0.2857142857142857,0.1,3,0.00449929719377445,0.0039580279113440725
3,3,8,8,0.2857142857142857,0.1,5,0.002699161169177,0.002373526238997575
3,3,8,8,0.2857142857142857,0.1,7,0.001927863763955134,0.0016950075239251532
3,3,8,8,0.2857142857142857,0.1,9,0.0014994066006272155,0.0013181854010698207
3,3,8,8,0.2857142857142857,0.1,11,0.0012267660197582398,0.0010784368973465613
3,3,8,8,0.2857142857142857,0.1,13,0.0010380208255844868,0.0009124782156930461
3,3,8,8,0.2857142857142857,0.1,15,0.0008996106539481638,0.0007907859395588792
3,3,8,8,0.2857142857142857,0.1,17,0.0007937692209366709,0.0006977332035062277
3,3,8,8,0.2857142857142857,0.1,19,0.0007102111722092558,0.0006242741927914487
3,3,8,8,0.2857142857142857,0.5,1,0.31333573176528223,0.28095400708573337
3,3,8,8,0.2857142857142857,0.5,3,0.10222143544371193,0.08976077337039567
3,3,8,8,0.2857142857142857,0.5,5,0.061189246443279575,0.05359533901125481
3,3,8,8,0.2857142857142857,0.5,7,0.04367145225264481,0.03821653873662813
3,3,8,8,0.2857142857142857,0.5,9,0.033953299938919594,0.029698346283269613
3,3,8,8,0.2857142857142857,0.5,11,0.027773558143867682,0.024286161265161452
3,3,8,8,0.2857142857142857,0.5,13,0.023497160724351505,0.020542845286723354
3,3,8,8,0.2857142857142857,0.5,15,0.020362052140492092,0.017799509853135078
3,3,8,8,0.2857142857142857,0.5,17,0.017965112639222403,0.015702630701920503
3,3,8,8,0.2857142857142857,0.5,19,0.016073083529510236,0.014047771945304738
3,3,8,8,0.2857142857142857,1.0,1,0.990694568036543,0.918964473784552
3,3,8,8,0.2857142857142857,1.0,3,0.3125178708169878,0.27032509723461123
3,3,8,8,0.2857142857142857,1.0,5,0.18604024051089707,0.16007865198111185
3,3,8,8,0.2857142857142857,1.0,7,0.1324687819858783,0.11381896824539801
3,3,8,8,0.2857142857142857,1.0,9,0.10285770601207572,0.0883240643909718
3,3,8,8,0.2857142857142857,1.0,11,0.08406799620229284,0.07216732170747438
3,3,8,8,0.2857142857142857,1.0,13,0.07108353482139401,0.06101012941145409
3,3,8,8,0.2857142857142857,1.0,15,0.06157373422966241,0.052842037464308905
3,3,8,8,0.2857142857142857,1.0,17,0.054308364288628265,0.046603412524104236
3,3,8,8,0.2857142857142857,1.0,19,0.04857668090517544,0.0416826533673133
4,3,8,8,0.2857142857142857,0.1,1,0.011037643074559933,0.010781095922362262
4,3,8,8,0.2857142857142857,0.1,3,0.003672741027493624,0.003587608314733956
4,3,8,8,0.2857142857142857,0.1,5,0.0022030572057561227,0.0021520501702172626
4,3,8,8,0.2857142857142857,0.1,7,0.0015734461607215188,0.0015370372217874241
4,3,8,8,0.2857142857142857,0.1,9,0.0012237224299947497,0.0011954155405447145
4,3,8,8,0.2857142857142857,0.1,11,0.0010011923402283586,0.0009780381383247144
4,3,8,8,0.2857142857142857,0.1,13,0.0008471425092991592,0.0008275540592390233
4,3,8,8,0.2857142857142857,0.1,15,0.0007341774564665142,0.000717203095726303
4,3,8,8,0.2857142857142857,0.1,17,0.0006477951297980933,0.0006328193165841598
4,3,8,8,0.2857142857142857,0.1,19,0.0005796001989001422,0.0005662018998884448
4,3,8,8,0.2857142857142857,0.5,1,0.2631878399847194,0.2579996156158798
4,3,8,8,0.2857142857142857,0.5,3,0.08588369577084706,0.08397816089165276
4,3,8,8,0.2857142857142857,0.5,5,0.05141897629900268,0.05024821247188169
4,3,8,8,0.2857142857142857,0.5,7,0.036700983843270966,0.03585623475812537
4,3,8,8,0.2857142857142857,0.5,9,0.028535023562398502,0.02787435872599271
4,3,8,8,0.2857142857142857,0.5,11,0.023341961217560176,0.022799541110404175
4,3,8,8,0.2857142857142857,0.5,13,0.019748197530657832,0.019288136720389263
4,3,8,8,0.2857142857142857,0.5,15,0.017113466673887984,0.016714059383414148
4,3,8,8,0.2857142857142857,0.5,17,0.015099049470643996,0.014746169788766582
4,3,8,8,0.2857142857142857,0.5,19,0.013508941504350946,0.013192882655727677
4,3,8,8,0.2857142857142857,1.0,1,0.8931115276280585,0.8897423618714312
4,3,8,8,0.2857142857142857,1.0,3,0.28222036283812585,0.27681456127391757
4,3,8,8,0.2857142857142857,1.0,5,0.16888061613461636,0.16498467505282122
4,3,8,8,0.2857142857142857,1.0,7,0.12052704777688,0.11756865146766743
4,3,8,8,0.2857142857142857,1.0,9,0.09370742064204103,0.09133325401261995
4,3,8,8,0.2857142857142857,1.0,11,0.07665369546119016,0.07467357341357572
4,3,8,8,0.2857142857142857,1.0,13,0.06485249514885451,0.06315507924674084
4,3,8,8,0.2857142857142857,1.0,15,0.056200692148822985,0.05471568873481908
4,3,8,8,0.2857142857142857,1.0,17,0.049585854032851186,0.048266176626077545
4,3,8,8,0.2857142857142857,1.0,19,0.04436431519821543,0.043176924568114505
5,3,8,8,0.2857142857142857,0.1,1,0.008648490522840273,0.008641024939019573
5,3,8,8,0.2857142857142857,0.1,3,0.0028820459708027717,0.0028774993991036515
5,3,8,8,0.2857142857142857,0.1,5,0.0017291901545579277,0.0017263635112021122
5,3,8,8,0.2857142857142857,0.1,7,0.0012351284630931355,0.0012330900101812164
5,3,8,8,0.2857142857142857,0.1,9,0.0009606531154335432,0.0009590614357726834
5,3,8,8,0.2857142857142857,0.1,11,0.0007859879369895152,0.0007846830791050559
5,3,8,8,0.2857142857142857,0.1,13,0.0006650662411238108,0.000663960877688784
5,3,8,8,0.2857142857142857,0.1,15,0.0005763904841451536,0.0005754318212251314
5,3,8,8,0.2857142857142857,0.1,17,0.0005085796867178955,0.0005077334059335506
5,3,8,8,0.2857142857142857,0.1,19,0.0004550448873474637,0.0004542874367098511
5,3,8,8,0.2857142857142857,0.5,1,0.20912383005016905,0.2047362901627632
5,3,8,8,0.2857142857142857,0.5,3,0.06932904976267,0.06659530462791051
5,3,8,8,0.2857142857142857,0.5,5,0.041582204040029075,0.03988223712799355
5,3,8,8,0.2857142857142857,0.5,7,0.02969862841303612,0.02847263736566071
5,3,8,8,0.2857142857142857,0.5,9,0.02309799518603213,0.022140694750275487
5,3,8,8,0.2857142857142857,0.5,11,0.01889797208852326,0.01811317282048081
5,3,8,8,0.2857142857142857,0.5,13,0.01599040335967222,0.015325586536427259
5,3,8,8,0.2857142857142857,0.5,15,0.01385824720473471,0.013281661633909973
5,3,8,8,0.2857142857142857,0.5,17,0.012227804839895757,0.011718810521980014
5,3,8,8,0.2857142857142857,0.5,19,0.010940629644316479,0.010485061642319127
5,3,8,8,0.2857142857142857,1.0,1,0.7480510893370651,0.6912510421618308
5,3,8,8,0.2857142857142857,1.0,3,0.2478846164490521,0.2092279753461766
5,3,8,8,0.2857142857142857,1.0,5,0.14878640472683496,0.12471988457934863
5,3,8,8,0.2857142857142857,1.0,7,0.1062886283999693,0.08892764639670267
5,3,8,8,0.2857142857142857,1.0,9,0.08267313317130615,0.06911564426787022
5,3,8,8,0.2857142857142857,1.0,11,0.06764342254893371,0.05652837753664068
5,3,8,8,0.2857142857142857,1.0,13,0.057237609999428694,0.047821600524231365
5,3,8,8,0.2857142857142857,1.0,15,0.04960640292956417,0.041439897228683784
5,3,8,8,0.2857142857142857,1.0,17,0.04377063609222508,0.03656137936490469
5,3,8,8,0.2857142857142857,1.0,19,0.03916337711629464,0.03271078368959826
6,3,8,8,0.2857142857142857,0.1,1,0.00997780029733863,0.009977800297338682
6,3,8,8,0.2857142857142857,0.1,3,0.003322644653595518,0.0033226446535955722
6,3,8,8,0.2857142857142857,0.1,5,0.001993428846609246,0.0019934288466100783
6,3,8,8,0.2857142857142857,0.1,7,0.0014238466634532475,0.0014238466634540867
6,3,8,8,0.2857142857142857,0.1,9,0.0011074263444522466,0.001107426344454421
6,3,8,8,0.2857142857142857,0.1,11,0.0009060719793356656,0.00090607197933568
6,3,8,8,0.2857142857142857,0.1,13,0.0007666742848194618,0.0007666742848212346
6,3,8,8,0.2857142857142857,0.1,15,0.0006644499564055343,0.0006644499564056396
6,3,8,8,0.2857142857142857,0.1,17,0.0005862787302786696,0.0005862787302788535
6,3,8,8,0.2857142857142857,0.1,19,0.0005245647763115294,0.0005245647763138266
6,3,8,8,0.2857142857142857,0.5,1,0.23645877516352246,0.23645877516352246
6,3,8,8,0.2857142857142857,0.5,3,0.07681449794604032,0.07681449794604064
6,3,8,8,0.2857142857142857,0.5,5,0.04599118014058476,0.04599118014058483
6,3,8,8,0.2857142857142857,0.5,7,0.032831635434543996,0.03283163543454554
6,3,8,8,0.2857142857142857,0.5,9,0.025529567089009768,0.02552956708901087
6,3,8,8,0.2857142857142857,0.5,11,0.020885280507687766,0.02088528050768919
6,3,8,8,0.2857142857142857,0.5,13,0.017670920772431983,0.017670920772435043
6,3,8,8,0.2857142857142857,0.5,15,0.015314123912493179,0.015314123912493281
6,3,8,8,0.2857142857142857,0.5,17,0.013512064763336346,0.013512064763336525
6,3,8,8,0.2857142857142857,0.5,19,0.012089492765960271,0.012089492765960514
6,3,8,8,0.2857142857142857,1.0,1,0.7992141739660589,0.7992141739660591
6,3,8,8,0.2857142857142857,1.0,3,0.23672448971012847,0.23672448971012858
6,3,8,8,0.2857142857142857,1.0,5,0.14053418857246402,0.14053418857246416
6,3,8,8,0.2857142857142857,1.0,7,0.1000865453437711,0.10008654534377114
6,3,8,8,0.2857142857142857,1.0,9,0.07775070300231997,0.07775070300231995
6,3,8,8,0.2857142857142857,1.0,11,0.06357512759591828,0.06357512759592009
6,3,8,8,0.2857142857142857,1.0,13,0.05377532012489516,0.05377532012489608
6,3,8,8,0.2857142857142857,1.0,15,0.04659493671622714,0.04659493671622867
6,3,8,8,0.2857142857142857,1.0,17,0.04110708191177761,0.04110708191178096
6,3,8,8,0.2857142857142857,1.0,19,0.03677619536347733,0.03677619536347895
7,3,8,8,0.2857142857142857,0.1,1,0.008077403942273555,0.008077403942273543
7,3,8,8,0.2857142857142857,0.1,3,0.0026930451962485953,0.0026930451962485706
7,3,8,8,0.2857142857142857,0.1,5,0.0016158549849035126,0.0016158549849036657
7,3,8,8,0.2857142857142857,0.1,7,0.0011541876191079224,0.0011541876191079714
7,3,8,8,0.2857142857142857,0.1,9,0.0008977032380707538,0.0008977032380712773
7,3,8,8,0.2857142857142857,0.1,11,0.0007344851950583336,0.0007344851950585504
7,3,8,8,0.2857142857142857,0.1,13,0.0006214878268258187,0.0006214878268263031
7,3,8,8,0.2857142857142857,0.1,15,0.0005386229757878992,0.0005386229757874502
7,3,8,8,0.2857142857142857,0.1,17,0.0004752556804109024,0.00047525568041115076
7,3,8,8,0.2857142857142857,0.1,19,0.0004252288379162747,0.0004252288379162608
7,3,8,8,0.2857142857142857,0.5,1,0.19436561783525752,0.19436561783525755
7,3,8,8,0.2857142857142857,0.5,3,0.0651526523349336,0.06515265233493354
7,3,8,8,0.2857142857142857,0.5,5,0.03911115234710535,0.03911115234710525
7,3,8,8,0.2857142857142857,0.5,7,0.02794041998409162,0.027940419984092375
7,3,8,8,0.2857142857142857,0.5,9,0.02173268366331995,0.021732683663320485
7,3,8,8,0.2857142857142857,0.5,11,0.017781803213755634,0.017781803213756293
7,3,8,8,0.2857142857142857,0.5,13,0.015046392729741197,0.0150463927297421
7,3,8,8,0.2857142857142857,0.5,15,0.013040343860714135,0.013040343860714053
7,3,8,8,0.2857142857142857,0.5,17,0.011506266463717652,0.011506266463717222
7,3,8,8,0.2857142857142857,0.5,19,0.010295131159275325,0.010295131159274362
7,3,8,8,0.2857142857142857,1.0,1,0.6876762298590507,0.6876762298590509
7,3,8,8,0.2857142857142857,1.0,3,0.23523593709623428,0.23523593709623417
7,3,8,8,0.2857142857142857,1.0,5,0.14149606734666434,0.1414960673466645
7,3,8,8,0.2857142857142857,1.0,7,0.10113887567533633,0.10113887567533643
7,3,8,8,0.2857142857142857,1.0,9,0.07868610082809585,0.0786861008280956
7,3,8,8,0.2857142857142857,1.0,11,0.0643888761935895,0.06438887619359045
7,3,8,8,0.2857142857142857,1.0,13,0.05448744222822728,0.054487442228228176
7,3,8,8,0.2857142857142857,1.0,15,0.04722492299867152,0.04722492299867204
7,3,8,8,0.2857142857142857,1.0,17,0.04167050828332382,0.041670508283325414
7,3,8,8,0.2857142857142857,1.0,19,0.03728505415879535,0.03728505415879644
8,3,8,8,0.2857142857142857,0.1,1,0.01115799241491356,0.011156595384261753
8,3,8,8,0.2857142857142857,0.1,3,0.003718781649305351,0.003719006902515378
8,3,8,8,0.2857142857142857,0.1,5,0.002231242354398707,0.002231410644321015
8,3,8,8,0.2857142857142857,0.1,7,0.0015937392921166827,0.001593866020019043
8,3,8,8,0.2857142857142857,0.1,9,0.001239573325139365,0.001239673978377013
8,3,8,8,0.2857142857142857,0.1,11,0.0010141956611150191,0.0010142788781448882
8,3,8,8,0.2857142857142857,0.1,13,0.0008581652207523321,0.0008582360558271433
8,3,8,8,0.2857142857142857,0.1,15,0.0007437430071683864,0.0007438046263022166
8,3,8,8,0.2857142857142857,0.1,17,0.000656243721259291,0.0006562982259700589
8,3,8,8,0.2857142857142857,0.1,19,0.0005871653666812902,0.0005872142186732096
8,3,8,8,0.2857142857142857,0.5,1,0.265749765340335,0.2649753628204796
8,3,8,8,0.2857142857142857,0.5,3,0.08828028636148928,0.08843816068383038
8,3,8,8,0.2857142857142857,0.5,5,0.05294931029515703,0.05306367107098008
8,3,8,8,0.2857142857142857,0.5,7,0.03781714545674336,0.037902684419178864
8,3,8,8,0.2857142857142857,0.5,9,0.029412114470576702,0.029479876727562835
8,3,8,8,0.2857142857142857,0.5,11,0.02406395025812964,0.024119902112858752
8,3,8,8,0.2857142857142857,0.5,13,0.02036155695021457,0.020409148972495687
8,3,8,8,0.2857142857142857,0.5,15,0.01764654820521462,0.01768792953568536
8,3,8,8,0.2857142857142857,0.5,17,0.01557040436224743,0.015606996849488611
8,3,8,8,0.2857142857142857,0.5,19,0.01393136462997284,0.013964155179763486
8,3,8,8,0.2857142857142857,1.0,1,0.9096117715556187,0.9013267690169563
8,3,8,8,0.2857142857142857,1.0,3,0.2997816562126955,0.3030365797105229
8,3,8,8,0.2857142857142857,1.0,5,0.17942515515674268,0.1816517369688723
8,3,8,8,0.2857142857142857,1.0,7,0.12806860851319,0.12971100554273265
8,3,8,8,0.2857142857142857,1.0,9,0.09957893103077353,0.10087277880801243
8,3,8,8,0.2857142857142857,1.0,11,0.08146116617659134,0.08252653273439849
8,3,8,8,0.2857142857142857,1.0,13,0.06892257156332497,0.06982731677091619
8,3,8,8,0.2857142857142857,1.0,15,0.059729567294014796,0.06051546053270989
8,3,8,8,0.2857142857142857,1.0,17,0.052700594170300596,0.05339507814340005
8,3,8,8,0.2857142857142857,1.0,19,0.047151929147209046,0.04777396694195749
9,3,8,8,0.2857142857142857,0.1,1,0.012328290882309934,0.012981038920388696
9,3,8,8,0.2857142857142857,0.1,3,0.004107114543455882,0.0043244185182269084
9,3,8,8,0.2857142857142857,0.1,5,0.002464154895306687,0.002594481898529851
9,3,8,8,0.2857142857142857,0.1,7,0.0017600878827609496,0.0018531598385931102
9,3,8,8,0.2857142857142857,0.1,9,0.001368949853588877,0.001441330671902423
9,3,8,8,0.2857142857142857,0.1,11,0.0011200467781389426,0.0011792629168505698
9,3,8,8,0.2857142857142857,0.1,13,0.0009477303594064698,0.0009978336240235198
9,3,8,8,0.2857142857142857,0.1,15,0.000821365468814039,0.0008647865625734348
9,3,8,8,0.2857142857142857,0.1,17,0.0007247337339151906,0.0007630452823938339
9,3,8,8,0.2857142857142857,0.1,19,0.0006484456527370518,0.0006827235665694846
9,3,8,8,0.2857142857142857,0.5,1,0.28743300797540067,0.3030958526695109
9,3,8,8,0.2857142857142857,0.5,3,0.09455247871047555,0.09991348180020176
9,3,8,8,0.2857142857142857,0.5,5,0.05666103284333056,0.05989529801229021
9,3,8,8,0.2857142857142857,0.5,7,0.040456997332676665,0.04277144979570272
9,3,8,8,0.2857142857142857,0.5,9,0.03146131629805444,0.03326301261690113
9,3,8,8,0.2857142857142857,0.5,11,0.025738755010373725,0.02721359604421392
9,3,8,8,0.2857142857142857,0.5,13,0.02177774334723275,0.023026075022381447
9,3,8,8,0.2857142857142857,0.5,15,0.018873350569770263,0.019955468831523913
9,3,8,8,0.2857142857142857,0.5,17,0.01665252422873687,0.0176074817031546
9,3,8,8,0.2857142857142857,0.5,19,0.014899341377890696,0.015753876313450193
9,3,8,8,0.2857142857142857,1.0,1,0.9325221559066043,0.978406490910639
9,3,8,8,0.2857142857142857,1.0,3,0.2999037441681893,0.31742596498104714
9,3,8,8,0.2857142857142857,1.0,5,0.1789813124173431,0.19011581847359463
9,3,8,8,0.2857142857142857,1.0,7,0.12759700802197427,0.13573102069970713
9,3,8,8,0.2857142857142857,1.0,9,0.09914605923571186,0.10554721782650203
9,3,8,8,0.2857142857142857,1.0,11,0.08107287060404597,0.08634780891675226
9,3,8,8,0.2857142857142857,1.0,13,0.0685741470021394,0.07305905533672119
9,3,8,8,0.2857142857142857,1.0,15,0.059415036768560144,0.06331536027955044
9,3,8,8,0.2857142857142857,1.0,17,0.052414625978195226,0.05586499408931753
9,3,8,8,0.2857142857142857,1.0,19,0.04689012086748654,0.04998350573640731
10,3,8,8,0.2857142857142857,0.1,1,0.013834058177586834,0.012684878280557303
10,3,8,8,0.2857142857142857,0.1,3,0.00460572758594159,0.004220648019419323
10,3,8,8,0.2857142857142857,0.1,5,0.002763038014203507,0.0025318944443316173
10,3,8,8,0.2857142857142857,0.1,7,0.0019734968443914295,0.001808375373633454
10,3,8,8,0.2857142857142857,0.1,9,0.0015349021245939967,0.0014064682240307025
10,3,8,8,0.2857142857142857,0.1,11,0.0012558095021084005,0.0011507246814828175
10,3,8,8,0.2857142857142857,0.1,13,0.001062597093231284,0.0009736779244483189
10,3,8,8,0.2857142857142857,0.1,15,0.0009209107403752133,0.000843846779863866
10,3,8,8,0.2857142857142857,0.1,17,0.000812563861656159,0.000744565845116482
10,3,8,8,0.2857142857142857,0.1,19,0.0007270277481552166,0.0006661871621252557
10,3,8,8,0.2857142857142857,0.5,1,0.31981125055666176,0.294719578339347
10,3,8,8,0.2857142857142857,0.5,3,0.10428925880134217,0.09481734357874544
10,3,8,8,0.2857142857142857,0.5,5,0.06244087564707061,0.05672655902668964
10,3,8,8,0.2857142857142857,0.5,7,0.044569822140082704,0.040485273114273954
10,3,8,8,0.2857142857142857,0.5,9,0.034654087418703135,0.03147725717022128
10,3,8,8,0.2857142857142857,0.5,11,0.02834804968983246,0.02574923211753262
10,3,8,8,0.2857142857142857,0.5,13,0.023983943376509907,0.021785329390077345
10,3,8,8,0.2857142857142857,0.5,15,0.02078436707458599,0.01887921233371709
10,3,8,8,0.2857142857142857,0.5,17,0.018338042015594788,0.016657265687270585
10,3,8,8,0.2857142857142857,0.5,19,0.016406970187378682,0.014903306966984182
10,3,8,8,0.2857142857142857,1.0,1,1.004231853751522,0.9368063876425167
10,3,8,8,0.2857142857142857,1.0,3,0.31500982412964806,0.2811703481364242
10,3,8,8,0.2857142857142857,1.0,5,0.1878001906353173,0.1674234480286757
10,3,8,8,0.2857142857142857,1.0,7,0.13382706788101414,0.11931792920510086
10,3,8,8,0.2857142857142857,1.0,9,0.10396172984762443,0.09270923213888455
10,3,8,8,0.2857142857142857,1.0,11,0.08499722274753445,0.07581121767732389
10,3,8,8,0.2857142857142857,1.0,13,0.07188544207227561,0.06412613500890024
10,3,8,8,0.2857142857142857,1.0,15,0.06227886066778349,0.05556331409231397
10,3,8,8,0.2857142857142857,1.0,17,0.0549374778415946,0.0490185075777172
10,3,8,8,0.2857142857142857,1.0,19,0.04914453186230248,0.043853381871251505
11,3,8,8,0.2857142857142857,0.1,1,0.00996949413341519,0.009969494133415168
11,3,8,8,0.2857142857142857,0.1,3,0.0033202867912477357,0.003320286791247875
11,3,8,8,0.2857142857142857,0.1,5,0.0019920337531378015,0.0019920337531381437
11,3,8,8,0.2857142857142857,0.1,7,0.0014228540281423251,0.0014228540281427857
11,3,8,8,0.2857142857142857,0.1,9,0.0011066555300779377,0.001106655530079504
11,3,8,8,0.2857142857142857,0.1,11,0.000905441824616551,0.0009054418246167364
11,3,8,8,0.2857142857142857,0.1,13,0.0007661413259427422,0.0007661413259438563
11,3,8,8,0.2857142857142857,0.1,15,0.0006639881940842326,0.0006639881940839277
11,3,8,8,0.2857142857142857,0.1,17,0.0005858713727621704,0.0005858713727621401
11,3,8,8,0.2857142857142857,0.1,19,0.0005242003486140423,0.0005242003486152272
11,3,8,8,0.2857142857142857,0.5,1,0.23166887629216884,0.23166887629216876
11,3,8,8,0.2857142857142857,0.5,3,0.0754651800186448,0.07546518001864491
11,3,8,8,0.2857142857142857,0.5,5,0.04519158515081165,0.045191585150811696
11,3,8,8,0.2857142857142857,0.5,7,0.03226242048674495,0.03226242048674576
11,3,8,8,0.2857142857142857,0.5,9,0.025087456032122733,0.025087456032122715
11,3,8,8,0.2857142857142857,0.5,11,0.020523805837733614,0.020523805837734554
11,3,8,8,0.2857142857142857,0.5,13,0.0173651803006136,0.017365180300615485
11,3,8,8,0.2857142857142857,0.5,15,0.015049215496218085,0.015049215496218257
11,3,8,8,0.2857142857142857,0.5,17,0.013278361326731724,0.013278361326731535
11,3,8,8,0.2857142857142857,0.5,19,0.011880414325910344,0.011880414325910027
11,3,8,8,0.2857142857142857,1.0,1,0.7415905942728102,0.7415905942728104
11,3,8,8,0.2857142857142857,1.0,3,0.22127509945176949,0.22127509945176957
11,3,8,8,0.2857142857142857,1.0,5,0.13117768774874725,0.13117768774874738
11,3,8,8,0.2857142857142857,1.0,7,0.09337690388532298,0.09337690388532337
11,3,8,8,0.2857142857142857,1.0,9,0.07252266185888064,0.0725226618588804
11,3,8,8,0.2857142857142857,1.0,11,0.05929355257303631,0.059293552573037284
11,3,8,8,0.2857142857142857,1.0,13,0.05015041299790431,0.05015041299790558
11,3,8,8,0.2857142857142857,1.0,15,0.04345222819687947,0.04345222819688039
11,3,8,8,0.2857142857142857,1.0,17,0.03833343615589625,0.03833343615589816
11,3,8,8,0.2857142857142857,1.0,19,0.034294090962759524,0.034294090962760426
12,3,8,8,0.2857142857142857,0.1,1,0.012253988015776264,0.01343690128555759
12,3,8,8,0.2857142857142857,0.1,3,0.004072831766412322,0.004468458609536746
12,3,8,8,0.2857142857142857,0.1,5,0.00244246442045407,0.0026801590994540974
12,3,8,8,0.2857142857142857,0.1,7,0.0017442529603855883,0.0019141444804264877
12,3,8,8,0.2857142857142857,0.1,9,0.0013564864164668196,0.0014886740842544623
12,3,8,8,0.2857142857142857,0.1,11,0.001109772764582224,0.0012179530007816587
12,3,8,8,0.2857142857142857,0.1,13,0.0009389920900361912,0.0010305451381293288
12,3,8,8,0.2857142857142857,0.1,15,0.0008137637967922713,0.0008931200241684539
12,3,8,8,0.2857142857142857,0.1,17,0.0007180071497696352,0.0007880343341729379
12,3,8,8,0.2857142857142857,0.1,19,0.0006424135529641715,0.0007050744241733174
12,3,8,8,0.2857142857142857,0.5,1,0.2898614764368574,0.3120019208475988
12,3,8,8,0.2857142857142857,0.5,3,0.09406192851050259,0.10055415603142528
12,3,8,8,0.2857142857142857,0.5,5,0.05623704361443626,0.06008675575342624
12,3,8,8,0.2857142857142857,0.5,7,0.04011470241568919,0.04285683315635833
12,3,8,8,0.2857142857142857,0.5,9,0.031178048298276768,0.033308862167838044
12,3,8,8,0.2857142857142857,0.5,11,0.025498115751557263,0.02724091658339785
12,3,8,8,0.2857142857142857,0.5,13,0.02156892463949893,0.023043422068810205
12,3,8,8,0.2857142857142857,0.5,15,0.018689067674292133,0.019966926937118663
12,3,8,8,0.2857142857142857,0.5,17,0.016487689814388688,0.017615225310143836
12,3,8,8,0.2857142857142857,0.5,19,0.01475028101399062,0.015759158744412707
12,3,8,8,0.2857142857142857,1.0,1,0.9457404983903563,0.9877680950261754
12,3,8,8,0.2857142857142857,1.0,3,0.2929452916788704,0.2991252703899343
12,3,8,8,0.2857142857142857,1.0,5,0.17428149434584878,0.17665892323724613
12,3,8,8,0.2857142857142857,1.0,7,0.12406824205130285,0.12537884487057066
12,3,8,8,0.2857142857142857,1.0,9,0.09632348967455619,0.09718124311343097
12,3,8,8,0.2857142857142857,1.0,11,0.07872157629118408,0.07934130176194701
12,3,8,8,0.2857142857142857,1.0,13,0.06655948845062232,0.06703665889279466
12,3,8,8,0.2857142857142857,1.0,15,0.05765278978308544,0.05803674241438573
12,3,8,8,0.2857142857142857,1.0,17,0.05084863251622549,0.05116766019219586
12,3,8,8,0.2857142857142857,1.0,19,0.04548107565770348,0.045752688791628
13,3,8,9,0.32142857142857145,0.1,1,0.013726966679204994,0.01337816894780571
13,3,8,9,0.32142857142857145,0.1,3,0.004569623172142313,0.004453503909824839
13,3,8,9,0.32142857142857145,0.1,5,0.0027413664838485097,0.0026717125758509955
13,3,8,9,0.32142857142857145,0.1,7,0.0019580173691466857,0.0019082698228634607
13,3,8,9,0.32142857142857145,0.1,9,0.0015228632014328526,0.0014841728886455258
13,3,8,9,0.32142857142857145,0.1,11,0.0012459600009156052,0.0012143054330208645
13,3,8,9,0.32142857142857145,0.1,13,0.0010542632774558716,0.0010274793061866943
13,3,8,9,0.32142857142857145,0.1,15,0.0009136883710516798,0.0008904760144553595
13,3,8,9,0.32142857142857145,0.1,17,0.000806191381359862,0.0007857101710978484
13,3,8,9,0.32142857142857145,0.1,19,0.0007213262040620834,0.000703001108197339
13,3,8,9,0.32142857142857145,0.5,1,0.3153362370470222,0.3045928185773931
13,3,8,9,0.32142857142857145,0.5,3,0.10254563547287367,0.09876107829755254
13,3,8,9,0.32142857142857145,0.5,5,0.06138438187751854,0.05911483312137052
13,3,8,9,0.32142857142857145,0.5,7,0.04381315928948034,0.042194893696869726
13,3,8,9,0.32142857142857145,0.5,9,0.03406491903947788,0.03280798413598485
13,3,8,9,0.32142857142857145,0.5,11,0.027865729770777215,0.026838367505248078
13,3,8,9,0.32142857142857145,0.5,13,0.023575692208971568,0.02270704950488311
13,3,8,9,0.32142857142857145,0.5,15,0.020430475561842954,0.019678098334123317
13,3,8,9,0.32142857142857145,0.5,17,0.018025740778792217,0.01736219200050118
13,3,8,9,0.32142857142857145,0.5,19,0.016127514844233793,0.015534041393139962
13,3,8,9,0.32142857142857145,1.0,1,0.9706448529161934,0.9210458365298008
13,3,8,9,0.32142857142857145,1.0,3,0.3022685861890662,0.27379808322085714
13,3,8,9,0.32142857142857145,1.0,5,0.1801391954809559,0.16278104099504578
13,3,8,9,0.32142857142857145,1.0,7,0.12835160049666416,0.11598021341402669
13,3,8,9,0.32142857142857145,1.0,9,0.09970161548531273,0.0901133013793815
13,3,8,9,0.32142857142857145,1.0,11,0.0815108973934037,0.07369016515483924
13,3,8,9,0.32142857142857145,1.0,13,0.06893499358535592,0.0623341790079011
13,3,8,9,0.32142857142857145,1.0,15,0.059721485010111056,0.05401253742943387
13,3,8,9,0.32142857142857145,1.0,17,0.05268074525502173,0.04765193639652415
13,3,8,9,0.32142857142857145,1.0,19,0.047125186242266144,0.04263203564648895
14,3,8,9,0.32142857142857145,0.1,1,0.009636789811149873,0.008078212354492747
14,3,8,9,0.32142857142857145,0.1,3,0.0032108098989349645,0.0026915671114954437
14,3,8,9,0.32142857142857145,0.1,5,0.0019264161043573546,0.0016148841556741303
14,3,8,9,0.32142857142857145,0.1,7,0.001375997760008442,0.001153477641534902
14,3,8,9,0.32142857142857145,0.1,9,0.0010702160813160046,0.0008971457429132847
14,3,8,9,0.32142857142857145,0.1,11,0.0008756295175275681,0.0007340268715486149
14,3,8,9,0.32142857142857145,0.1,13,0.0007409163975076827,0.0006210989482863226
14,3,8,9,0.32142857142857145,0.1,15,0.0006421270624473751,0.0005382853678940419
14,3,8,9,0.32142857142857145,0.1,17,0.0005665824178975759,0.00047495744917566983
14,3,8,9,0.32142857142857145,0.1,19,0.000506941985047263,0.0004249617849292513
14,3,8,9,0.32142857142857145,0.5,1,0.22787803597614206,0.19483300401542206
14,3,8,9,0.32142857142857145,0.5,3,0.07506315059423088,0.06426527160746193
14,3,8,9,0.32142857142857145,0.5,5,0.04499317575960158,0.038527244161567574
14,3,8,9,0.32142857142857145,0.5,7,0.0321291655382441,0.027513190409261076
14,3,8,9,0.32142857142857145,0.5,9,0.024986524016567722,0.021397142463442632
14,3,8,9,0.32142857142857145,0.5,11,0.020442347732195196,0.017505922472595126
14,3,8,9,0.32142857142857145,0.5,13,0.017296800462871686,0.014812299532694933
14,3,8,9,0.32142857142857145,0.5,15,0.014990249929186017,0.01283710654921828
14,3,8,9,0.32142857142857145,0.5,17,0.013226507954950175,0.011326729164315484
14,3,8,9,0.32142857142857145,0.5,19,0.011834129008323497,0.010134360607452044
14,3,8,9,0.32142857142857145,1.0,1,0.7682937090554403,0.6937430575682549
14,3,8,9,0.32142857142857145,1.0,3,0.2425657229323904,0.22268230123759067
14,3,8,9,0.32142857142857145,1.0,5,0.1447813947909677,0.13318138942291097
14,3,8,9,0.32142857142857145,1.0,7,0.10326418848669149,0.0950447770076974
14,3,8,9,0.32142857142857145,1.0,9,0.08026797170674708,0.07389651920747578
14,3,8,9,0.32142857142857145,1.0,11,0.06565358680958189,0.06044951397855431
14,3,8,9,0.32142857142857145,1.0,13,0.05554317171482953,0.05114409907017759
14,3,8,9,0.32142857142857145,1.0,15,0.048132038307855216,0.04432189991761761
14,3,8,9,0.32142857142857145,1.0,17,0.04246626695514095,0.039105797625446886
14,3,8,9,0.32142857142857145,1.0,19,0.03799413475448203,0.034988292850990595
15,3,8,9,0.32142857142857145,0.1,1,0.017303335178046737,0.015348839190464644
15,3,8,9,0.32142857142857145,0.1,3,0.005757119001903362,0.005109104684539542
15,3,8,9,0.32142857142857145,0.1,5,0.003453335120095856,0.0030650111118010128
15,3,8,9,0.32142857142857145,0.1,7,0.0024664061271398143,0.0021891845663306693
15,3,8,9,0.32142857142857145,0.1,9,0.0019182077405079559,0.001702657828566504
15,3,8,9,0.32142857142857145,0.1,11,0.0015693879131987128,0.0013930639637297943
15,3,8,9,0.32142857142857145,0.1,13,0.0013279121120102148,0.0011787355667965916
15,3,8,9,0.32142857142857145,0.1,15,0.0011508374031091396,0.001021564228042244
15,3,8,9,0.32142857142857145,0.1,17,0.0010154315669833253,0.000901375905432346
15,3,8,9,0.32142857142857145,0.1,19,0.0009085347819387486,0.0008064912817030943
15,3,8,9,0.32142857142857145,0.5,1,0.39662706115931784,0.3518942672854195
15,3,8,9,0.32142857142857145,0.5,3,0.12914713520872245,0.11399961010872181
15,3,8,9,0.32142857142857145,0.5,5,0.07730119424645815,0.06825663691308845
15,3,8,9,0.32142857142857145,0.5,7,0.055169397467253786,0.04872489972812938
15,3,8,9,0.32142857142857145,0.5,9,0.04289204844785591,0.03788710246731308
15,3,8,9,0.32142857142857145,0.5,11,0.03508508084480456,0.030994185126212437
15,3,8,9,0.32142857142857145,0.5,13,0.029682712338937822,0.026223638093387177
15,3,8,9,0.32142857142857145,0.5,15,0.025722172331935775,0.022725901409902768
15,3,8,9,0.32142857142857145,0.5,17,0.02269417463784253,0.02005149901650392
15,3,8,9,0.32142857142857145,0.5,19,0.020304033225605134,0.01794031576274459
15,3,8,9,0.32142857142857145,1.0,1,1.2052513449136746,1.0688008347218385
15,3,8,9,0.32142857142857145,1.0,3,0.38649629500852717,0.3273856614101382
15,3,8,9,0.32142857142857145,1.0,5,0.23116812243830218,0.19432982863201828
15,3,8,9,0.32142857142857145,1.0,7,0.16494410197665432,0.13826667851444233
15,3,8,9,0.32142857142857145,1.0,9,0.12822234969975763,0.10732921040420271
15,3,8,9,0.32142857142857145,1.0,11,0.10487651793773424,0.08771156110320066
15,3,8,9,0.32142857142857145,1.0,13,0.08872345332006018,0.07415970571397666
15,3,8,9,0.32142857142857145,1.0,15,0.07688249273677077,0.06423627017534485
15,3,8,9,0.32142857142857145,1.0,17,0.0678301630836906,0.05665575745156547
15,3,8,9,0.32142857142857145,1.0,19,0.06068507871439016,0.05067588086950478
16,3,8,9,0.32142857142857145,0.1,1,0.014846063941156715,0.013666100571097031
16,3,8,9,0.32142857142857145,0.1,3,0.004945826513715822,0.0045222419176211386
16,3,8,9,0.32142857142857145,0.1,5,0.0029672766145364873,0.002709553031361782
16,3,8,9,0.32142857142857145,0.1,7,0.0021194252373620344,0.0019342471874073141
16,3,8,9,0.32142857142857145,0.1,9,0.0016484185966606272,0.0015039211106698863
16,3,8,9,0.32142857142857145,0.1,11,0.001348694574896122,0.0012302248227682938
16,3,8,9,0.32142857142857145,0.1,13,0.001141196551375938,0.0010408097553070669
16,3,8,9,0.32142857142857145,0.1,15,0.0009890329450862674,0.0009019401093507135
16,3,8,9,0.32142857142857145,0.1,17,0.0008726734333694499,0.0007957654689131214
16,3,8,9,0.32142857142857145,0.1,19,0.0007808111953420793,0.0007119554849657245
16,3,8,9,0.32142857142857145,0.5,1,0.34394393564994635,0.3323646848696555
16,3,8,9,0.32142857142857145,0.5,3,0.11369552810633969,0.10652231174110077
16,3,8,9,0.32142857142857145,0.5,5,0.06816004784647213,0.06352698139152713
16,3,8,9,0.32142857142857145,0.5,7,0.04867192150116691,0.04526611496383239
16,3,8,9,0.32142857142857145,0.5,9,0.0378507106209871,0.035160885729601396
16,3,8,9,0.32142857142857145,0.5,11,0.0309662688087217,0.028744469377115264
16,3,8,9,0.32142857142857145,0.5,13,0.026200854275260074,0.02430864046162789
16,3,8,9,0.32142857142857145,0.5,15,0.02270657408211197,0.021058923583736688
16,3,8,9,0.32142857142857145,0.5,17,0.020034670470517088,0.0185756645322252
16,3,8,9,0.32142857142857145,0.5,19,0.01792538598067798,0.016616299872026192
16,3,8,9,0.32142857142857145,1.0,1,1.085432980392034,1.1007437320834534
16,3,8,9,0.32142857142857145,1.0,3,0.3587779894928282,0.3478971627675147
16,3,8,9,0.32142857142857145,1.0,5,0.21488733089502504,0.20800295615142383
16,3,8,9,0.32142857142857145,1.0,7,0.15337466983715606,0.14845283244953666
16,3,8,9,0.32142857142857145,1.0,9,0.11924185056623819,0.11543591809435749
16,3,8,9,0.32142857142857145,1.0,11,0.09753602138993167,0.09443480270744144
16,3,8,9,0.32142857142857145,1.0,13,0.08251568874588919,0.07989963257201103
16,3,8,9,0.32142857142857145,1.0,15,0.07150426750847007,0.06924244663188912
16,3,8,9,0.32142857142857145,1.0,17,0.06308574397857741,0.06109385310281429
16,3,8,9,0.32142857142857145,1.0,19,0.05644074162275891,0.05466133100571515
17,3,8,9,0.32142857142857145,0.1,1,0.014904392896471406,0.01427414232892094
17,3,8,9,0.32142857142857145,0.1,3,0.004955870309549847,0.004757525083930038
17,3,8,9,0.32142857142857145,0.1,5,0.0029723511934249287,0.0028544829041284893
17,3,8,9,0.32142857142857145,0.1,7,0.002122771138244055,0.002038908722110226
17,3,8,9,0.32142857142857145,0.1,9,0.0016509030072638746,0.0015858150379186643
17,3,8,9,0.32142857142857145,0.1,11,0.0013506666207362455,0.001297483678242766
17,3,8,9,0.32142857142857145,0.1,13,0.0011428299677461308,0.001097870064144034
17,3,8,9,0.32142857142857145,0.1,15,0.000990426308933263,0.0009514869416795169
17,3,8,9,0.32142857142857145,0.1,17,0.0008738879162410127,0.0008395470114920097
17,3,8,9,0.32142857142857145,0.1,19,0.0007818873098884529,0.000751173443474711
17,3,8,9,0.32142857142857145,0.5,1,0.34497242416748897,0.3274601144239916
17,3,8,9,0.32142857142857145,0.5,3,0.11164260713055132,0.10889198619563036
17,3,8,9,0.32142857142857145,0.5,5,0.06677206309013914,0.06531694814648464
17,3,8,9,0.32142857142857145,0.5,7,0.04764165296964523,0.04665022120119635
17,3,8,9,0.32142857142857145,0.5,9,0.03703436938190589,0.036281622427680335
17,3,8,9,0.32142857142857145,0.5,11,0.03029106262519631,0.029684033545573883
17,3,8,9,0.32142857142857145,0.5,13,0.02562545789874685,0.02511673347350557
17,3,8,9,0.32142857142857145,0.5,15,0.0222054025950087,0.021767510247511463
17,3,8,9,0.32142857142857145,0.5,17,0.019590822684057548,0.019206411473006592
17,3,8,9,0.32142857142857145,0.5,19,0.017527127106837886,0.01718453431704051
17,3,8,9,0.32142857142857145,1.0,1,1.0719602249099809,1.014359490817472
17,3,8,9,0.32142857142857145,1.0,3,0.32267966587498753,0.3378090281308786
17,3,8,9,0.32142857142857145,1.0,5,0.1918422185520776,0.20236786378953978
17,3,8,9,0.32142857142857145,1.0,7,0.13667620080215864,0.14444106484142452
17,3,8,9,0.32142857142857145,1.0,9,0.10618794788651013,0.11229465022604619
17,3,8,9,0.32142857142857145,1.0,11,0.08683196076313535,0.09185165019305305
17,3,8,9,0.32142857142857145,1.0,13,0.07344871751624034,0.07770529534268235
17,3,8,9,0.32142857142857145,1.0,15,0.06364191074348077,0.06733474593945374
17,3,8,9,0.32142857142857145,1.0,17,0.056146379872899485,0.05940632006140386
17,3,8,9,0.32142857142857145,1.0,19,0.050230932214634344,0.05314827008286961
18,3,8,9,0.32142857142857145,0.1,1,0.013276340084241632,0.01821780413476443
18,3,8,9,0.32142857142857145,0.1,3,0.004388264663078171,0.006061972659075265
18,3,8,9,0.32142857142857145,0.1,5,0.002628736032979376,0.0036362271848979517
18,3,8,9,0.32142857142857145,0.1,7,0.0018763931384256274,0.0025970350159737676
18,3,8,9,0.32142857142857145,0.1,9,0.0014588692299036892,0.002019803947368152
18,3,8,9,0.32142857142857145,0.1,11,0.0011933361904866416,0.0016525098376141615
18,3,8,9,0.32142857142857145,0.1,13,0.0010095799949841504,0.0013982446777435786
18,3,8,9,0.32142857142857145,0.1,15,0.000874864002013372,0.0012117913973439282
18,3,8,9,0.32142857142857145,0.1,17,0.0007718678491589125,0.0010692138856974855
18,3,8,9,0.32142857142857145,0.1,19,0.000690568516884749,0.0009566553608225898
18,3,8,9,0.32142857142857145,0.5,1,0.31958479775064663,0.4193417447277394
18,3,8,9,0.32142857142857145,0.5,3,0.10120285478210826,0.13704266656566413
18,3,8,9,0.32142857142857145,0.5,5,0.060231430939431486,0.08208793555474161
18,3,8,9,0.32142857142857145,0.5,7,0.04288096810986402,0.05860344875460761
18,3,8,9,0.32142857142857145,0.5,9,0.033292383547718594,0.045569330383372526
18,3,8,9,0.32142857142857145,0.5,11,0.02720874660727787,0.03727884835714307
18,3,8,9,0.32142857142857145,0.5,13,0.023005120456095138,0.031540869728192096
18,3,8,9,0.32142857142857145,0.5,15,0.019926627921645523,0.027333768603314226
18,3,8,9,0.32142857142857145,0.5,17,0.017574842145592004,0.024116971291995068
18,3,8,9,0.32142857142857145,0.5,19,0.01571960048594208,0.021577623916967235
18,3,8,9,0.32142857142857145,1.0,1,1.0330612706196456,1.2664695549403753
18,3,8,9,0.32142857142857145,1.0,3,0.31969818347899726,0.4157971980818818
18,3,8,9,0.32142857142857145,1.0,5,0.1910343202487521,0.24857279636694543
18,3,8,9,0.32142857142857145,1.0,7,0.13625213869953653,0.17725600418582915
18,3,8,9,0.32142857142857145,1.0,9,0.10588943907837071,0.1377363396181337
18,3,8,9,0.32142857142857145,1.0,11,0.08659286493864092,0.11262587648735188
18,3,8,9,0.32142857142857145,1.0,13,0.07324499850736514,0.09525933533895518
18,3,8,9,0.32142857142857145,1.0,15,0.06346243940574921,0.08253304953823552
18,3,8,9,0.32142857142857145,1.0,17,0.05598502840867668,0.0728064198838996
18,3,8,9,0.32142857142857145,1.0,19,0.050083883362292504,0.06513070218961842
19,3,8,9,0.32142857142857145,0.1,1,0.014610950567057211,0.01445307239241774
19,3,8,9,0.32142857142857145,0.1,3,0.004839699402903084,0.004811262275172866
19,3,8,9,0.32142857142857145,0.1,5,0.0029001678652222644,0.002885949597948948
19,3,8,9,0.32142857142857145,0.1,7,0.0020704329577122225,0.0020611426064007805
19,3,8,9,0.32142857142857145,0.1,9,0.0016098552508882996,0.0016030023611997603
19,3,8,9,0.32142857142857145,0.1,11,0.0013169037653370129,0.0013114906993361482
19,3,8,9,0.32142857142857145,0.1,13,0.0011141564902192845,0.0011096896277382599
19,3,8,9,0.32142857142857145,0.1,15,0.0009655090878374905,0.0009617098355893932
19,3,8,9,0.32142857142857145,0.1,17,0.0008518569101943086,0.0008485531996015996
19,3,8,9,0.32142857142857145,0.1,19,0.0007621433582849067,0.0007592216993250816
19,3,8,9,0.32142857142857145,0.5,1,0.3505633611060791,0.33510280786816055
19,3,8,9,0.32142857142857145,0.5,3,0.11363538455044107,0.11111801120892166
19,3,8,9,0.32142857142857145,0.5,5,0.06775392856166719,0.06658019512733929
19,3,8,9,0.32142857142857145,0.5,7,0.048263608652250815,0.047528777737376196
19,3,8,9,0.32142857142857145,0.5,9,0.03748114973555199,0.03695436047660645
19,3,8,9,0.32142857142857145,0.5,11,0.030636576430783772,0.030228848904130436
19,3,8,9,0.32142857142857145,0.5,13,0.025905781213352432,0.025574409457394903
19,3,8,9,0.32142857142857145,0.5,15,0.022440567828907982,0.022162034825360805
19,3,8,9,0.32142857142857145,0.5,17,0.019793004408036007,0.019553077055007622
19,3,8,9,0.32142857142857145,0.5,19,0.017704234622984837,0.017493683854941645
19,3,8,9,0.32142857142857145,1.0,1,1.1403311552689264,1.0606299092322253
19,3,8,9,0.32142857142857145,1.0,3,0.37646232325825024,0.3509760261739563
19,3,8,9,0.32142857142857145,1.0,5,0.22371476235011478,0.20981704446359792
19,3,8,9,0.32142857142857145,1.0,7,0.1590640299112964,0.14965933135322326
19,3,8,9,0.32142857142857145,1.0,9,0.12338812574546806,0.11631628301242943
19,3,8,9,0.32142857142857145,1.0,11,0.10077967084570755,0.095124976308053
19,3,8,9,0.32142857142857145,1.0,13,0.08517184181744862,0.08046583401660723
19,3,8,9,0.32142857142857145,1.0,15,0.07374945576956492,0.0697217281688651
19,3,8,9,0.32142857142857145,1.0,17,0.06502817391017647,0.06150895939586505
19,3,8,9,0.32142857142857145,1.0,19,0.05815127267045028,0.05502718834027914
20,3,8,9,0.32142857142857145,0.1,1,0.00997781106601508,0.009649700889057672
20,3,8,9,0.32142857142857145,0.1,3,0.003326357704524147,0.0032118177383937546
20,3,8,9,0.32142857142857145,0.1,5,0.0019958352815083393,0.0019268632489655168
20,3,8,9,0.32142857142857145,0.1,7,0.0014256007034384164,0.0013762861531425824
20,3,8,9,0.32142857142857145,0.1,9,0.0011088018518366901,0.0010704304670675696
20,3,8,9,0.32142857142857145,0.1,11,0.0009072020556509426,0.0008758008156983997
20,3,8,9,0.32142857142857145,0.1,13,0.0007676327717125183,0.0007410593427631905
20,3,8,9,0.32142857142857145,0.1,15,0.0006652818785498065,0.0006422498611894028
20,3,8,9,0.32142857142857145,0.1,17,0.0005870135066185009,0.0005666901286564801
20,3,8,9,0.32142857142857145,0.1,19,0.0005252226641176728,0.0005070379556394047
20,3,8,9,0.32142857142857145,0.5,1,0.23661492311996304,0.2350312863868092
20,3,8,9,0.32142857142857145,0.5,3,0.0792644913731763,0.07567406415692209
20,3,8,9,0.32142857142857145,0.5,5,0.04758398217746022,0.04528416780916042
20,3,8,9,0.32142857142857145,0.5,7,0.03399364145260465,0.0323223170799088
20,3,8,9,0.32142857142857145,0.5,9,0.026441136054193844,0.02513206757582299
20,3,8,9,0.32142857142857145,0.5,11,0.021634336682998623,0.020559492096489516
20,3,8,9,0.32142857142857145,0.5,13,0.018306308561850698,0.01739498114136715
20,3,8,9,0.32142857142857145,0.5,15,0.015865647758059792,0.015074828299313288
20,3,8,9,0.32142857142857145,0.5,17,0.013999207365044414,0.01330083443459709
20,3,8,9,0.32142857142857145,0.5,19,0.012525673368276431,0.01190044257942226
20,3,8,9,0.32142857142857145,1.0,1,0.8071422581114824,0.846543395947334
20,3,8,9,0.32142857142857145,1.0,3,0.28007196638473525,0.25211680952257853
20,3,8,9,0.32142857142857145,1.0,5,0.16883364461463296,0.15016777953433597
20,3,8,9,0.32142857142857145,1.0,7,0.12075463696506145,0.10705322798063803
20,3,8,9,0.32142857142857145,1.0,9,0.09397156900701983,0.08319730279751598
20,3,8,9,0.32142857142857145,1.0,11,0.07690713691048784,0.06804318586785221
20,3,8,9,0.32142857142857145,1.0,13,0.06508565556570951,0.05756173472125759
20,3,8,9,0.32142857142857145,1.0,15,0.05641322072845569,0.04987963285971474
20,3,8,9,0.32142857142857145,1.0,17,0.049779706470123766,0.04400719686947037
20,3,8,9,0.32142857142857145,1.0,19,0.04454183063984822,0.039372199655319164
21,3,8,9,0.32142857142857145,0.1,1,0.014698512524169113,0.015033047774236665
21,3,8,9,0.32142857142857145,0.1,3,0.004893004408122646,0.004991044283652074
21,3,8,9,0.32142857142857145,0.1,5,0.0029352692411081264,0.002992696084511576
21,3,8,9,0.32142857142857145,0.1,7,0.002096475669313282,0.002137083150241522
21,3,8,9,0.32142857142857145,0.1,9,0.0016305330892728673,0.0016619420146413327
21,3,8,9,0.32142857142857145,0.1,11,0.0013340428692917726,0.0013596511163306328
21,3,8,9,0.32142857142857145,0.1,13,0.0011287885598359338,0.0011504047530031703
21,3,8,9,0.32142857142857145,0.1,15,0.0009782728424100606,0.0009969737921073176
21,3,8,9,0.32142857142857145,0.1,17,0.0008631748810683745,0.0008796534813677877
21,3,8,9,0.32142857142857145,0.1,19,0.0007723094487104541,0.0007870377983945806
21,3,8,9,0.32142857142857145,0.5,1,0.34161896205707737,0.35279644484696787
21,3,8,9,0.32142857142857145,0.5,3,0.11156607014864403,0.11215169263064965
21,3,8,9,0.32142857142857145,0.5,5,0.06679609269868406,0.06690345285803774
21,3,8,9,0.32142857142857145,0.5,7,0.04767714158439058,0.04768941227912281
21,3,8,9,0.32142857142857145,0.5,9,0.03706931974242499,0.037053108745822544
21,3,8,9,0.32142857142857145,0.5,11,0.030323319194117185,0.03029727875830019
21,3,8,9,0.32142857142857145,0.5,13,0.025654834797772155,0.025625559756787073
21,3,8,9,0.32142857142857145,0.5,15,0.022232159208614214,0.022202295432484014
21,3,8,9,0.32142857142857145,0.5,17,0.01961529290353662,0.01958596686577422
21,3,8,9,0.32142857142857145,0.5,19,0.017549622741171375,0.017521312047659516
21,3,8,9,0.32142857142857145,1.0,1,1.0795518033475933,1.1246549405238422
21,3,8,9,0.32142857142857145,1.0,3,0.3361729480132902,0.31523139496335584
21,3,8,9,0.32142857142857145,1.0,5,0.20012682058612402,0.18506713341500364
21,3,8,9,0.32142857142857145,1.0,7,0.142561740961554,0.13121031764919916
21,3,8,9,0.32142857142857145,1.0,9,0.11073430523711997,0.10168204568409187
21,3,8,9,0.32142857142857145,1.0,11,0.09053029275552406,0.08301769213928134
21,3,8,9,0.32142857142857145,1.0,13,0.07656360697797941,0.07014844444853996
21,3,8,9,0.32142857142857145,1.0,15,0.06633143726071476,0.06073628383410608
21,3,8,9,0.32142857142857145,1.0,17,0.05851229357145179,0.05355241651373099
21,3,8,9,0.32142857142857145,1.0,19,0.05234249063728127,0.0478889524164567
22,3,8,9,0.32142857142857145,0.1,1,0.018091164220790153,0.015406264560387035
22,3,8,9,0.32142857142857145,0.1,3,0.006020671249504613,0.005121169107474819
22,3,8,9,0.32142857142857145,0.1,5,0.0036115960134431163,0.0030716298963600714
22,3,8,9,0.32142857142857145,0.1,7,0.002579490341284661,0.002193740464761772
22,3,8,9,0.32142857142857145,0.1,9,0.0020061799320040255,0.0017061307446526732
22,3,8,9,0.32142857142857145,0.1,11,0.001641374492433247,0.001395869829135798
22,3,8,9,0.32142857142857145,0.1,13,0.0013888293232529765,0.001181089335715244
22,3,8,9,0.32142857142857145,0.1,15,0.0012036358196482755,0.0010235913771021563
22,3,8,9,0.32142857142857145,0.1,17,0.0010620207721561998,0.0009031560399992366
22,3,8,9,0.32142857142857145,0.1,19,0.0009502215352008313,0.0008080780654950393
22,3,8,9,0.32142857142857145,0.5,1,0.41121719661302875,0.35505594228602366
22,3,8,9,0.32142857142857145,0.5,3,0.1340965712096378,0.11295760191848357
22,3,8,9,0.32142857142857145,0.5,5,0.08029864262190753,0.06742035993503168
22,3,8,9,0.32142857142857145,0.5,7,0.05731917702979124,0.048073580084416104
22,3,8,9,0.32142857142857145,0.5,9,0.04456788830497057,0.037359442465755455
22,3,8,9,0.32142857142857145,0.5,11,0.03645819361857607,0.030552184757761506
22,3,8,9,0.32142857142857145,0.5,13,0.030845729910041635,0.02584388753156833
22,3,8,9,0.32142857142857145,0.5,15,0.02673085254894826,0.02239325247146979
22,3,8,9,0.32142857142857145,0.5,17,0.023584679617212046,0.019755664330058355
22,3,8,9,0.32142857142857145,0.5,19,0.02110114869469177,0.017674016265797926
22,3,8,9,0.32142857142857145,1.0,1,1.219803399716727,1.1133684971836244
22,3,8,9,0.32142857142857145,1.0,3,0.3956674082354118,0.33592553392584545
22,3,8,9,0.32142857142857145,1.0,5,0.23727572295800659,0.198073432769067
22,3,8,9,0.32142857142857145,1.0,7,0.16943407588747642,0.1405527461388616
22,3,8,9,0.32142857142857145,1.0,9,0.13175877443168268,0.10894652064289456
22,3,8,9,0.32142857142857145,1.0,11,0.10778984161708229,0.08895322360421958
22,3,8,9,0.32142857142857145,1.0,13,0.09119905180989094,0.0751633656354771
22,3,8,9,0.32142857142857145,1.0,15,0.07903415665307514,0.0650766251408283
22,3,8,9,0.32142857142857145,1.0,17,0.06973258229013594,0.057377543426153046
22,3,8,9,0.32142857142857145,1.0,19,0.062389855485797986,0.05130787640078394
23,3,8,9,0.32142857142857145,0.1,1,0.012215032571386506,0.012771671693579439
23,3,8,9,0.32142857142857145,0.1,3,0.004071402592919856,0.004247589106579965
23,3,8,9,0.32142857142857145,0.1,5,0.002442827402640551,0.002547405078476212
23,3,8,9,0.32142857142857145,0.1,7,0.0017448737907059442,0.0018192244308596949
23,3,8,9,0.32142857142857145,0.1,9,0.0013571230801642856,0.0014148010344181238
23,3,8,9,0.32142857142857145,0.1,11,0.0011103730061514789,0.001157485771103425
23,3,8,9,0.32142857142857145,0.1,13,0.0009395461754734103,0.0009793649535343608
23,3,8,9,0.32142857142857145,0.1,15,0.0008142732309475179,0.0008487536828048216
23,3,8,9,0.32142857142857145,0.1,17,0.0007184763061263105,0.0007488805600110727
23,3,8,9,0.32142857142857145,0.1,19,0.0006428471730826466,0.0006700370810201558
23,3,8,9,0.32142857142857145,0.5,1,0.2867961868734243,0.30528760396674276
23,3,8,9,0.32142857142857145,0.5,3,0.09559861634088622,0.10069794280093156
23,3,8,9,0.32142857142857145,0.5,5,0.05735323662206759,0.06026277587231462
23,3,8,9,0.32142857142857145,0.5,7,0.04096495745951422,0.04299630831767961
23,3,8,9,0.32142857142857145,0.5,9,0.03186097884781026,0.03342050362137787
23,3,8,9,0.32142857142857145,0.5,11,0.026067751115422897,0.02733305665148304
23,3,8,9,0.32142857142857145,0.5,13,0.022057146418692886,0.023121525636573007
23,3,8,9,0.32142857142857145,0.5,15,0.019116081700468076,0.02003455685523937
23,3,8,9,0.32142857142857145,0.5,17,0.01686705720580864,0.017674783663429974
23,3,8,9,0.32142857142857145,0.5,19,0.015091526417275652,0.015812325511558478
23,3,8,9,0.32142857142857145,1.0,1,0.9512364160384525,1.0296819439368805
23,3,8,9,0.32142857142857145,1.0,3,0.32409623702228363,0.34279568625671647
23,3,8,9,0.32142857142857145,1.0,5,0.194441381620531,0.2043806420247053
23,3,8,9,0.32142857142857145,1.0,7,0.13887143646526165,0.14555016617313815
23,3,8,9,0.32142857142857145,1.0,9,0.108003829977621,0.11301115949854341
23,3,8,9,0.32142857142857145,1.0,11,0.08836290408724942,0.09236076343408672
23,3,8,9,0.32142857142857145,1.0,13,0.07476634343280593,0.07809055237600783
23,3,8,9,0.32142857142857145,1.0,15,0.06479606100853494,0.06763955240514824
23,3,8,9,0.32142857142857145,1.0,17,0.057172029813711646,0.059655575098636046
23,3,8,9,0.32142857142857145,1.0,19,0.0511532425565236,0.053357342506836825
24,3,8,9,0.32142857142857145,0.1,1,0.015169757514790725,0.01470902524366197
24,3,8,9,0.32142857142857145,0.1,3,0.005051088283927315,0.004875076413757785
24,3,8,9,0.32142857142857145,0.1,5,0.0030302980241292596,0.002921975216648777
24,3,8,9,0.32142857142857145,0.1,7,0.002164412026512421,0.0020862055400852906
24,3,8,9,0.32142857142857145,0.1,9,0.001683398627004167,0.0016222110500943292
24,3,8,9,0.32142857142857145,0.1,11,0.0013773103493946305,0.0013270600807574002
24,3,8,9,0.32142857142857145,0.1,13,0.0011654077164503485,0.001122778259462585
24,3,8,9,0.32142857142857145,0.1,15,0.0010100147061116865,0.000972999247741748
24,3,8,9,0.32142857142857145,0.1,17,0.000891185979102852,0.0008584780872654467
24,3,8,9,0.32142857142857145,0.1,19,0.000797374544347454,0.0007680762473903036
24,3,8,9,0.32142857142857145,0.5,1,0.34844199731257147,0.34919578742784035
24,3,8,9,0.32142857142857145,0.5,3,0.113755221571092,0.11189716504273552
24,3,8,9,0.32142857142857145,0.5,5,0.06813719216769579,0.06674127235651013
24,3,8,9,0.32142857142857145,0.5,7,0.04864405634570711,0.04755993145043053
24,3,8,9,0.32142857142857145,0.5,9,0.03782529855482363,0.036944298731945054
24,3,8,9,0.32142857142857145,0.5,11,0.03094390458658928,0.030203356130283167
24,3,8,9,0.32142857142857145,0.5,13,0.026181152846608453,0.025542956350556974
24,3,8,9,0.32142857142857145,0.5,15,0.02268906948157346,0.022128597827101686
24,3,8,9,0.32142857142857145,0.5,17,0.020018967408673406,0.019519457468105902
24,3,8,9,0.32142857142857145,0.5,19,0.01791117143111837,0.01746072396124925
24,3,8,9,0.32142857142857145,1.0,1,1.065164405458505,1.1143208273697491
24,3,8,9,0.32142857142857145,1.0,3,0.33820663299327886,0.3504315314778831
24,3,8,9,0.32142857142857145,1.0,5,0.20252981060891326,0.2081946710654377
24,3,8,9,0.32142857142857145,1.0,7,0.14456836850057422,0.14811380102147653
24,3,8,9,0.32142857142857145,1.0,9,0.11240377603814888,0.11494934438203691
24,3,8,9,0.32142857142857145,1.0,11,0.0919475361843054,0.09392153491353243
24,3,8,9,0.32142857142857145,1.0,13,0.07779077176439844,0.07939806821462708
24,3,8,9,0.32142857142857145,1.0,15,0.06741178879233863,0.06876505938295453
24,3,8,9,0.32142857142857145,1.0,17,0.059476397675918787,0.06064382969399508
24,3,8,9,0.32142857142857145,1.0,19,0.053212506552016876,0.05423833556621598
25,3,8,9,0.32142857142857145,0.1,1,0.012024879541647856,0.011637642893215984
25,3,8,9,0.32142857142857145,0.1,3,0.00399201857571113,0.0038703687412380418
25,3,8,9,0.32142857142857145,0.1,5,0.0023937545153404263,0.0023211964358727075
25,3,8,9,0.32142857142857145,0.1,7,0.001709415176673801,0.0016576859371355353
25,3,8,9,0.32142857142857145,0.1,9,0.0013293755701781658,0.001289177105667943
25,3,8,9,0.32142857142857145,0.1,11,0.0010875848792434634,0.0010547115345504717
25,3,8,9,0.32142857142857145,0.1,13,0.0009202145918611044,0.0008924074204913035
25,3,8,9,0.32142857142857145,0.1,15,0.0007974882203550954,0.0007733938549917377
25,3,8,9,0.32142857142857145,0.1,17,0.0007036452943003822,0.0006823888714837462
25,3,8,9,0.32142857142857145,0.1,19,0.0006295627963553358,0.0006105461288385181
25,3,8,9,0.32142857142857145,0.5,1,0.27491544175817867,0.2739438597541772
25,3,8,9,0.32142857142857145,0.5,3,0.08725731123910575,0.09064408468707719
25,3,8,9,0.32142857142857145,0.5,5,0.05207004924497504,0.05430975748821627
25,3,8,9,0.32142857142857145,0.5,7,0.03711876528906916,0.03876591992533051
25,3,8,9,0.32142857142857145,0.5,9,0.028840644277928207,0.030138966071775235
25,3,8,9,0.32142857142857145,0.5,11,0.023582291538512413,0.024652513481482896
25,3,8,9,0.32142857142857145,0.5,13,0.019945988853188646,0.020855837231088685
25,3,8,9,0.32142857142857145,0.5,15,0.017281408206202553,0.018072486404960238
25,3,8,9,0.32142857142857145,0.5,17,0.01524491678058728,0.015944554524473065
25,3,8,9,0.32142857142857145,0.5,19,0.013637834708944776,0.014264927583251354
25,3,8,9,0.32142857142857145,1.0,1,0.8483432110927938,0.9120438537883774
25,3,8,9,0.32142857142857145,1.0,3,0.29096728795274135,0.3128818425163388
25,3,8,9,0.32142857142857145,1.0,5,0.17567150325634542,0.18820873917667016
25,3,8,9,0.32142857142857145,1.0,7,0.1256865668696143,0.13446083904670023
25,3,8,9,0.32142857142857145,1.0,9,0.09781997301211418,0.10456673596887782
25,3,8,9,0.32142857142857145,1.0,11,0.08005993045357254,0.08553963856253687
25,3,8,9,0.32142857142857145,1.0,13,0.06775490638428555,0.0723679449879802
25,3,8,9,0.32142857142857145,1.0,15,0.058727127368772974,0.06271007245098642
25,3,8,9,0.32142857142857145,1.0,17,0.05182156510066203,0.05532579196574559
25,3,8,9,0.32142857142857145,1.0,19,0.04636877329612957,0.04949697320765826
26,3,8,9,0.32142857142857145,0.1,1,0.010805398883736588,0.012766335955759158
26,3,8,9,0.32142857142857145,0.1,3,0.0035866614060753965,0.004244569630707308
26,3,8,9,0.32142857142857145,0.1,5,0.0021503686048366254,0.002545518949005226
26,3,8,9,0.32142857142857145,0.1,7,0.0015354926936200644,0.0018178590582182076
26,3,8,9,0.32142857142857145,0.1,9,0.0011940653045649813,0.001413732140123364
26,3,8,9,0.32142857142857145,0.1,11,0.00097685568249476,0.0011566078769268732
26,3,8,9,0.32142857142857145,0.1,13,0.0008265079255536455,0.0009786202628923124
26,3,8,9,0.32142857142857145,0.1,15,0.0007162674381861551,0.0008481071495119003
26,3,8,9,0.32142857142857145,0.1,17,0.0006319741476834367,0.0007483093466120567
26,3,8,9,0.32142857142857145,0.1,19,0.0005654318506239257,0.0006695254830541042
26,3,8,9,0.32142857142857145,0.5,1,0.26199593153154044,0.29968152135392584
26,3,8,9,0.32142857142857145,0.5,3,0.08464141574934571,0.09816526091195932
26,3,8,9,0.32142857142857145,0.5,5,0.05056356949833953,0.058759898455194054
26,3,8,9,0.32142857142857145,0.5,7,0.036055629640340404,0.041931712959097735
26,3,8,9,0.32142857142857145,0.5,9,0.0280180983783539,0.032596948298558644
26,3,8,9,0.32142857142857145,0.5,11,0.02291117741594215,0.026661732672057754
26,3,8,9,0.32142857142857145,0.5,13,0.01937907535691378,0.022555004492939495
26,3,8,9,0.32142857142857145,0.5,15,0.016790621263996993,0.01954456561660556
26,3,8,9,0.32142857142857145,0.5,17,0.014812198481118788,0.017243121756980687
26,3,8,9,0.32142857142857145,0.5,19,0.013250879329399329,0.01542659117450784
26,3,8,9,0.32142857142857145,1.0,1,0.9131791658373237,0.9739384250822962
26,3,8,9,0.32142857142857145,1.0,3,0.29239335150109264,0.3152561160072736
26,3,8,9,0.32142857142857145,1.0,5,0.17461516991368678,0.18918255682162466
26,3,8,9,0.32142857142857145,1.0,7,0.12449301081472758,0.1351432923674009
26,3,8,9,0.32142857142857145,1.0,9,0.09672963591071479,0.10511497054129239
26,3,8,9,0.32142857142857145,1.0,11,0.07909162367061906,0.08600400179993357
26,3,8,9,0.32142857142857145,1.0,13,0.06689399771163985,0.0727726520059925
26,3,8,9,0.32142857142857145,1.0,15,0.05795595017791829,0.06306942459327355
26,3,8,9,0.32142857142857145,1.0,17,0.051124888597758066,0.05564922908057965
26,3,8,9,0.32142857142857145,1.0,19,0.04573433932555077,0.04979115879558285
27,3,8,9,0.32142857142857145,0.1,1,0.015843426473010503,0.01363207324146921
27,3,8,9,0.32142857142857145,0.1,3,0.005272883913614081,0.004517098782285195
27,3,8,9,0.32142857142857145,0.1,5,0.0031628169167131227,0.002707283866907798
27,3,8,9,0.32142857142857145,0.1,7,0.002258881259495374,0.0019328812225101774
27,3,8,9,0.32142857142857145,0.1,9,0.0017567906023150859,0.0015029697729860153
27,3,8,9,0.32142857142857145,0.1,11,0.0014373135604007147,0.001229504575881149
27,3,8,9,0.32142857142857145,0.1,13,0.0012161530599020056,0.001040234471566973
27,3,8,9,0.32142857142857145,0.1,15,0.0010539769246737558,0.0009014632869875224
27,3,8,9,0.32142857142857145,0.1,17,0.0009299645621195818,0.0007953594480637538
27,3,8,9,0.32142857142857145,0.1,19,0.0008320629233901346,0.0007116026035609631
27,3,8,9,0.32142857142857145,0.5,1,0.3692078633380167,0.32693674768760367
27,3,8,9,0.32142857142857145,0.5,3,0.12174259108487867,0.10465674617964883
27,3,8,9,0.32142857142857145,0.5,5,0.07289442391069818,0.0624622369201615
27,3,8,9,0.32142857142857145,0.5,7,0.05202265133774542,0.04452649884453867
27,3,8,9,0.32142857142857145,0.5,9,0.04044304736354753,0.03459547274730311
27,3,8,9,0.32142857142857145,0.5,11,0.033079976152279256,0.028287222402569128
27,3,8,9,0.32142857142857145,0.5,13,0.027985058287315845,0.023924971282636973
27,3,8,9,0.32142857142857145,0.5,15,0.02425012075442957,0.020728504522056632
27,3,8,9,0.32142857142857145,0.5,17,0.021394749152923543,0.01828555132566104
27,3,8,9,0.32142857142857145,0.5,19,0.01914096933732621,0.016357747992855637
27,3,8,9,0.32142857142857145,1.0,1,1.1716646171464902,1.0639436442143118
27,3,8,9,0.32142857142857145,1.0,3,0.38764660173156035,0.32637667184530117
27,3,8,9,0.32142857142857145,1.0,5,0.23144143377746337,0.19376928040081748
27,3,8,9,0.32142857142857145,1.0,7,0.16493556387827804,0.13791097489763637
27,3,8,9,0.32142857142857145,1.0,9,0.12811406693718705,0.10708330522680268
27,3,8,9,0.32142857142857145,1.0,11,0.10473109875392633,0.08753038192462041
27,3,8,9,0.32142857142857145,1.0,13,0.08856566554758806,0.07401976162123813
27,3,8,9,0.32142857142857145,1.0,15,0.07672302383166252,0.06412423716679544
27,3,8,9,0.32142857142857145,1.0,17,0.067673808503811,0.056563537176372955
27,3,8,9,0.32142857142857145,1.0,19,0.060533958689959866,0.05059826887353625
28,3,8,9,0.32142857142857145,0.1,1,0.012640651618932583,0.013833351916395488
28,3,8,9,0.32142857142857145,0.1,3,0.004193765880618412,0.004603369109477512
28,3,8,9,0.32142857142857145,0.1,5,0.0025143405917039444,0.0027613804847233443
28,3,8,9,0.32142857142857145,0.1,7,0.00179540483894671,0.0019722395102041964
28,3,8,9,0.32142857142857145,0.1,9,0.0013961942260890309,0.001533892651589874
28,3,8,9,0.32142857142857145,0.1,11,0.0011422222252073914,0.001254967193436285
28,3,8,9,0.32142857142857145,0.1,13,0.0009664271452492186,0.0010618747959510037
28,3,8,9,0.32142857142857145,0.1,15,0.0008375269814752405,0.0009202786725612914
28,3,8,9,0.32142857142857145,0.1,17,0.0007389654297185399,0.0008120020586447094
28,3,8,9,0.32142857142857145,0.1,19,0.0006611592389677624,0.0007265221911994659
28,3,8,9,0.32142857142857145,0.5,1,0.30013760274520357,0.320359515738121
28,3,8,9,0.32142857142857145,0.5,3,0.09486775570706639,0.10414989555428078
28,3,8,9,0.32142857142857145,0.5,5,0.056452222141636074,0.06232902879037458
28,3,8,9,0.32142857142857145,0.5,7,0.04019842337690055,0.04448242531040568
28,3,8,9,0.32142857142857145,0.5,9,0.031215880925301812,0.03458309583063279
28,3,8,9,0.32142857142857145,0.5,11,0.025515838600001506,0.02828846314012491
28,3,8,9,0.32142857142857145,0.5,13,0.02157656337494769,0.02393266961778904
28,3,8,9,0.32142857142857145,0.5,15,0.018691194339856027,0.020739398309442523
28,3,8,9,0.32142857142857145,0.5,17,0.016486628170528816,0.0182980107980407
28,3,8,9,0.32142857142857145,0.5,19,0.014747307940478441,0.01637090662361354
28,3,8,9,0.32142857142857145,1.0,1,1.0039662043909945,1.0005056715809741
28,3,8,9,0.32142857142857145,1.0,3,0.2942542034629478,0.31008820932125986
28,3,8,9,0.32142857142857145,1.0,5,0.17067377786464683,0.1847592784367984
28,3,8,9,0.32142857142857145,1.0,7,0.120216017907678,0.1316717108469668
28,3,8,9,0.32142857142857145,1.0,9,0.09281190061894236,0.10230124044514712
28,3,8,9,0.32142857142857145,1.0,11,0.07559673724205837,0.08364949152972145
28,3,8,9,0.32142857142857145,1.0,13,0.06377631716281207,0.07075238174833791
28,3,8,9,0.32142857142857145,1.0,15,0.055156861093747456,0.061301962530598615
28,3,8,9,0.32142857142857145,1.0,17,0.04859238820018946,0.0540791555336182
28,3,8,9,0.32142857142857145,1.0,19,0.043425809986940886,0.04837925104722892
29,3,8,9,0.32142857142857145,0.1,1,0.016989277801918563,0.011481492233290985
29,3,8,9,0.32142857142857145,0.1,3,0.005648673491000903,0.0038133828683622672
29,3,8,9,0.32142857142857145,0.1,5,0.003387517058562736,0.0022866952542681153
29,3,8,9,0.32142857142857145,0.1,7,0.002419141468472758,0.0016329678955933455
29,3,8,9,0.32142857142857145,0.1,9,0.0018813331276112501,0.001269923949656147
29,3,8,9,0.32142857142857145,0.1,11,0.0015391574825459997,0.0010389456154058633
29,3,8,9,0.32142857142857145,0.1,13,0.0013022966775805432,0.000879059695180516
29,3,8,9,0.32142857142857145,0.1,15,0.00112861434779583,0.0007618213827710684
29,3,8,9,0.32142857142857145,0.1,17,0.0009958073434946186,0.0006721749772369246
29,3,8,9,0.32142857142857145,0.1,19,0.0008909651501498866,0.0006014054000474745
29,3,8,9,0.32142857142857145,0.5,1,0.39298811052014737,0.27269153377337707
29,3,8,9,0.32142857142857145,0.5,3,0.12911794254459008,0.08762625418339542
29,3,8,9,0.32142857142857145,0.5,5,0.0772775899083783,0.05241460688874502
29,3,8,9,0.32142857142857145,0.5,7,0.05513947375313775,0.03740359522588222
29,3,8,9,0.32142857142857145,0.5,9,0.04286086062096663,0.029079029076896988
29,3,8,9,0.32142857142857145,0.5,11,0.03505475127943517,0.02378612232932534
29,3,8,9,0.32142857142857145,0.5,13,0.02965396283359138,0.02012360926411466
29,3,8,9,0.32142857142857145,0.5,15,0.025695174331717488,0.017438615706758236
29,3,8,9,0.32142857142857145,0.5,17,0.022668887529731334,0.015385833661270496
29,3,8,9,0.32142857142857145,0.5,19,0.020280339584972863,0.013765473956261348
29,3,8,9,0.32142857142857145,1.0,1,1.2007956721422315,0.90073154191669
29,3,8,9,0.32142857142857145,1.0,3,0.39432772963361357,0.30096619509201067
29,3,8,9,0.32142857142857145,1.0,5,0.23601338356870818,0.17918629215695625
29,3,8,9,0.32142857142857145,1.0,7,0.16835360544253636,0.1274746610517699
29,3,8,9,0.32142857142857145,1.0,9,0.1308326266095,0.09890937371966499
29,3,8,9,0.32142857142857145,1.0,11,0.10698469231861003,0.08079816325413411
29,3,8,9,0.32142857142857145,1.0,13,0.09048892245815944,0.06829146889881564
29,3,8,9,0.32142857142857145,1.0,15,0.07839987469697139,0.05913691137878542
29,3,8,9,0.32142857142857145,1.0,17,0.06915995512107648,0.0521462621096942
29,3,8,9,0.32142857142857145,1.0,19,0.0618682030593327,0.0466334641316755
30,3,8,9,0.32142857142857145,0.1,1,0.014096221618901401,0.01584775725095859
30,3,8,9,0.32142857142857145,0.1,3,0.004697264075890371,0.0052820916766910374
30,3,8,9,0.32142857142857145,0.1,5,0.002818284474657603,0.003169230070688475
30,3,8,9,0.32142857142857145,0.1,7,0.0020130453242292287,0.0022637307059618075
30,3,8,9,0.32142857142857145,0.1,9,0.001565696977692885,0.001760677774569217
30,3,8,9,0.32142857142857145,0.1,11,0.0012810226992205067,0.0014405538362434519
30,3,8,9,0.32142857142857145,0.1,13,0.0010839412356280342,0.0012189298168099522
30,3,8,9,0.32142857142857145,0.1,15,0.0009394151535120347,0.0010564056451113275
30,3,8,9,0.32142857142857145,0.1,17,0.0008288953710814474,0.0009321225097207515
30,3,8,9,0.32142857142857145,0.1,19,0.0007416430004136747,0.0008340042749073387
30,3,8,9,0.32142857142857145,0.5,1,0.326000935405031,0.3670928558632702
30,3,8,9,0.32142857142857145,0.5,3,0.1079962488283285,0.12206552800354112
30,3,8,9,0.32142857142857145,0.5,5,0.06475947645146156,0.07322017490442839
30,3,8,9,0.32142857142857145,0.5,7,0.04624779592733087,0.052295866328012315
30,3,8,9,0.32142857142857145,0.5,9,0.03596719387986719,0.04067305816708762
30,3,8,9,0.32142857142857145,0.5,11,0.029426152376500665,0.033277277191247255
30,3,8,9,0.32142857142857145,0.5,13,0.024898210707418662,0.02815733846999924
30,3,8,9,0.32142857142857145,0.5,15,0.021577945316068044,0.024402817725549815
30,3,8,9,0.32142857142857145,0.5,17,0.019039039039167892,0.02153176628521148
30,3,8,9,0.32142857142857145,0.5,19,0.017034709033308032,0.01926517663518613
30,3,8,9,0.32142857142857145,1.0,1,1.0256051324190367,1.1511858486673914
30,3,8,9,0.32142857142857145,1.0,3,0.3431300389790402,0.37912674674236885
30,3,8,9,0.32142857142857145,1.0,5,0.2057634857504848,0.22704646965148884
30,3,8,9,0.32142857142857145,1.0,7,0.1469027371841631,0.16207530919946678
30,3,8,9,0.32142857142857145,1.0,9,0.11421979500427026,0.1260216149843144
30,3,8,9,0.32142857142857145,1.0,11,0.09343071065955279,0.10309140102434693
30,3,8,9,0.32142857142857145,1.0,13,0.07904315280553993,0.08722191565944107
30,3,8,9,0.32142857142857145,1.0,15,0.06849506367894967,0.07558680025930108
30,3,8,9,0.32142857142857145,1.0,17,0.06043056893389213,0.06669069152603711
30,3,8,9,0.32142857142857145,1.0,19,0.054064943636113444,0.05966821724141728
31,3,8,9,0.32142857142857145,0.1,1,0.015844122062505978,0.015255616273420425
31,3,8,9,0.32142857142857145,0.1,3,0.005276996482918053,0.005080980111395262
31,3,8,9,0.32142857142857145,0.1,5,0.00316598718832584,0.00304838487165383
31,3,8,9,0.32142857142857145,0.1,7,0.0022613779449217816,0.00217737777102629
31,3,8,9,0.32142857142857145,0.1,9,0.001758836236534601,0.0016935032422977427
31,3,8,9,0.32142857142857145,0.1,11,0.0014390423312077294,0.001385588259716592
31,3,8,9,0.32142857142857145,0.1,13,0.0012176485272707208,0.0011724182547462778
31,3,8,9,0.32142857142857145,0.1,15,0.0010552939351705982,0.0010160944176680336
31,3,8,9,0.32142857142857145,0.1,17,0.0009311408494219604,0.0008965530705413742
31,3,8,9,0.32142857142857145,0.1,19,0.000833125484831423,0.0008021785440262848
31,3,8,9,0.32142857142857145,0.5,1,0.3649079136056271,0.35120291389553615
31,3,8,9,0.32142857142857145,0.5,3,0.11906496179244862,0.1146098449218546
31,3,8,9,0.32142857142857145,0.5,5,0.07130600436294807,0.06864187532789078
31,3,8,9,0.32142857142857145,0.5,7,0.05090652598104861,0.049005396397690915
31,3,8,9,0.32142857142857145,0.5,9,0.03958551965710101,0.03810745158305031
31,3,8,9,0.32142857142857145,0.5,11,0.03238465192731793,0.03117556819775361
31,3,8,9,0.32142857142857145,0.5,13,0.02740069345743916,0.026377741965042726
31,3,8,9,0.32142857142857145,0.5,15,0.023746340687180095,0.02285984771486514
31,3,8,9,0.32142857142857145,0.5,17,0.020952106827813118,0.02016994550219475
31,3,8,9,0.32142857142857145,0.5,19,0.01874627886415709,0.01804647438714141
31,3,8,9,0.32142857142857145,1.0,1,1.1242757558388166,1.0828918477798573
31,3,8,9,0.32142857142857145,1.0,3,0.3404095483061664,0.3292537490994739
31,3,8,9,0.32142857142857145,1.0,5,0.20192249757918523,0.1956328483288052
31,3,8,9,0.32142857142857145,1.0,7,0.14376270947872935,0.13935389824463165
31,3,8,9,0.32142857142857145,1.0,9,0.1116647619584038,0.10826292117866369
31,3,8,9,0.32142857142857145,1.0,11,0.09129949230114552,0.08852752242467993
31,3,8,9,0.32142857142857145,1.0,13,0.07722291211654086,0.07488294414688654
31,3,8,9,0.32142857142857145,1.0,15,0.06690992202025633,0.0648849710968399
31,3,8,9,0.32142857142857145,1.0,17,0.059028370922988606,0.057243433509035914
31,3,8,9,0.32142857142857145,1.0,19,0.052808710342341345,0.051212781301581155
32,3,8,9,0.32142857142857145,0.1,1,0.012571526015081637,0.014291999873811492
32,3,8,9,0.32142857142857145,0.1,3,0.004176103159848749,0.004759005064848583
32,3,8,9,0.32142857142857145,0.1,5,0.002504129783296636,0.00285512222250513
32,3,8,9,0.32142857142857145,0.1,7,0.001788209264141247,0.002039310254348741
32,3,8,9,0.32142857142857145,0.1,9,0.001390635726893761,0.001586107760153996
32,3,8,9,0.32142857142857145,0.1,11,0.001137692880374895,0.0012977142737233085
32,3,8,9,0.32142857142857145,0.1,13,0.0009626049676154685,0.001098060464771029
32,3,8,9,0.32142857142857145,0.1,15,0.0008342207748027472,0.0009516491809335582
32,3,8,9,0.32142857142857145,0.1,17,0.0007360523564056339,0.0008396884046543622
32,3,8,9,0.32142857142857145,0.1,19,0.0006585556859584488,0.0007512987724750459
32,3,8,9,0.32142857142857145,0.5,1,0.2976233786226826,0.3227738939778204
32,3,8,9,0.32142857142857145,0.5,3,0.09631163791258758,0.10490980177584859
32,3,8,9,0.32142857142857145,0.5,5,0.057559763714166164,0.06281450636677344
32,3,8,9,0.32142857142857145,0.5,7,0.04105162392950363,0.04483967343127994
32,3,8,9,0.32142857142857145,0.5,9,0.03190342050507597,0.03486575528360232
32,3,8,9,0.32142857142857145,0.5,11,0.026089875342817245,0.02852231046597057
32,3,8,9,0.32142857142857145,0.5,13,0.022068637565279495,0.024132083307832588
32,3,8,9,0.32142857142857145,0.5,15,0.01912151429504562,0.020913218136143885
32,3,8,9,0.32142857142857145,0.5,17,0.016868830810726425,0.018452059422620785
32,3,8,9,0.32142857142857145,0.5,19,0.015090998925159053,0.016509222532041304
32,3,8,9,0.32142857142857145,1.0,1,0.9631069270258698,0.9465703069925685
32,3,8,9,0.32142857142857145,1.0,3,0.2969691558659542,0.28500714240839625
32,3,8,9,0.32142857142857145,1.0,5,0.1767562030991693,0.1695572531287728
32,3,8,9,0.32142857142857145,1.0,7,0.12585768582972146,0.1207656836017356
32,3,8,9,0.32142857142857145,1.0,9,0.09772481029205715,0.0937984577707704
32,3,8,9,0.32142857142857145,1.0,11,0.07987302650873586,0.0766822544101718
32,3,8,9,0.32142857142857145,1.0,13,0.06753663441913581,0.06485102134397851
32,3,8,9,0.32142857142857145,1.0,15,0.0585014331503154,0.056183686942939466
32,3,8,9,0.32142857142857145,1.0,17,0.05159862534399254,0.04956052222356273
32,3,8,9,0.32142857142857145,1.0,19,0.04615295403503828,0.044334510988584125
33,3,8,9,0.32142857142857145,0.1,1,0.016616404329439706,0.016528852336743338
33,3,8,9,0.32142857142857145,0.1,3,0.005525602079424236,0.0055041139370050314
33,3,8,9,0.32142857142857145,0.1,5,0.0033140960502422915,0.0033021220419092168
33,3,8,9,0.32142857142857145,0.1,7,0.0023668468189669747,0.002358575782591988
33,3,8,9,0.32142857142857145,0.1,9,0.001840727840422712,0.001834416735208067
33,3,8,9,0.32142857142857145,0.1,11,0.001505971759440792,0.0015008716582623313
33,3,8,9,0.32142857142857145,0.1,13,0.0012742384640737417,0.0012699602302308189
33,3,8,9,0.32142857142857145,0.1,15,0.0011043114299601768,0.0011006273026255848
33,3,8,9,0.32142857142857145,0.1,17,0.0009743732796714427,0.0009711385587175199
33,3,8,9,0.32142857142857145,0.1,19,0.0008717942041195275,0.0008689112704163968
33,3,8,9,0.32142857142857145,0.5,1,0.3828183916549752,0.37313677838998366
33,3,8,9,0.32142857142857145,0.5,3,0.12433578398771612,0.12174812018293944
33,3,8,9,0.32142857142857145,0.5,5,0.0744146546855958,0.07288969217779163
33,3,8,9,0.32142857142857145,0.5,7,0.053107777778498136,0.052029272530729274
33,3,8,9,0.32142857142857145,0.5,9,0.0412886017149176,0.04045506926698094
33,3,8,9,0.32142857142857145,0.5,11,0.033773163475561835,0.03309417001719698
33,3,8,9,0.32142857142857145,0.5,13,0.02857261287567033,0.0279999224692719
33,3,8,9,0.32142857142857145,0.5,15,0.024760070281090195,0.02426495280314505
33,3,8,9,0.32142857142857145,0.5,17,0.021845247120504785,0.021409220331815356
33,3,8,9,0.32142857142857145,0.5,19,0.019544454773191403,0.019154932438580855
33,3,8,9,0.32142857142857145,1.0,1,1.1673404320565182,1.1055515435206111
33,3,8,9,0.32142857142857145,1.0,3,0.37205089149860404,0.3420324812010783
33,3,8,9,0.32142857142857145,1.0,5,0.2223905025928954,0.20246883425087958
33,3,8,9,0.32142857142857145,1.0,7,0.1586242427836692,0.14392915296496622
33,3,8,9,0.32142857142857145,1.0,9,0.12328508232902681,0.11168116660941052
33,3,8,9,0.32142857142857145,1.0,11,0.10082595557838094,0.09124955194027662
33,3,8,9,0.32142857142857145,1.0,13,0.08528986439981925,0.07714192661030583
33,3,8,9,0.32142857142857145,1.0,15,0.07390291847402931,0.0668144351776999
33,3,8,9,0.32142857142857145,1.0,17,0.06519864365697554,0.05892671735431409
33,3,8,9,0.32142857142857145,1.0,19,0.05832885436526612,0.052705291793694535
34,3,8,9,0.32142857142857145,0.1,1,0.012950590129221519,0.012622152478043764
34,3,8,9,0.32142857142857145,0.1,3,0.004308608240623092,0.0041987424670710686
34,3,8,9,0.32142857142857145,0.1,5,0.00258477077442434,0.002518720598292739
34,3,8,9,0.32142857142857145,0.1,7,0.0018461873256214588,0.001798963094451307
34,3,8,9,0.32142857142857145,0.1,9,0.0014358986727570117,0.001399147958499285
34,3,8,9,0.32142857142857145,0.1,11,0.0011748159160710023,0.0011447360182408127
34,3,8,9,0.32142857142857145,0.1,13,0.0009940700080227282,0.0009686111419009688
34,3,8,9,0.32142857142857145,0.1,15,0.0008615246228675996,0.000839455993486535
34,3,8,9,0.32142857142857145,0.1,17,0.000760167182671523,0.0007406919475898594
34,3,8,9,0.32142857142857145,0.1,19,0.0006801485795456767,0.0006627212947215214
34,3,8,9,0.32142857142857145,0.5,1,0.29258367397339174,0.2920755036102104
34,3,8,9,0.32142857142857145,0.5,3,0.09284501991705257,0.09352270478700395
34,3,8,9,0.32142857142857145,0.5,5,0.05550552966369306,0.05590863966038353
34,3,8,9,0.32142857142857145,0.5,7,0.039607380948326165,0.0398895949354484
34,3,8,9,0.32142857142857145,0.5,9,0.030793115049365508,0.031009312197893543
34,3,8,9,0.32142857142857145,0.5,11,0.0251891305238957,0.02536405892788511
34,3,8,9,0.32142857142857145,0.5,13,0.02131132713868331,0.021458105193570064
34,3,8,9,0.32142857142857145,0.5,15,0.01846842648735002,0.018594807390033656
34,3,8,9,0.32142857142857145,0.5,17,0.016294849090392426,0.016405784088566983
34,3,8,9,0.32142857142857145,0.5,19,0.014579085614070007,0.014677924588406659
34,3,8,9,0.32142857142857145,1.0,1,0.8721257321750912,0.9233848641859423
34,3,8,9,0.32142857142857145,1.0,3,0.2419818276117137,0.2743782683170345
34,3,8,9,0.32142857142857145,1.0,5,0.14359206841086442,0.16285076271122348
34,3,8,9,0.32142857142857145,1.0,7,0.10224413485038408,0.1158720602861834
34,3,8,9,0.32142857142857145,1.0,9,0.07941678801777627,0.08994780704399916
34,3,8,9,0.32142857142857145,1.0,11,0.06493177056631902,0.07350870272698984
34,3,8,9,0.32142857142857145,1.0,13,0.05491932455803482,0.062152310690192385
34,3,8,9,0.32142857142857145,1.0,15,0.04758386373382501,0.05383633817237861
34,3,8,9,0.32142857142857145,1.0,17,0.04197792333262212,0.047483647883894683
34,3,8,9,0.32142857142857145,1.0,19,0.03755412564530179,0.04247225686439363
35,3,8,9,0.32142857142857145,0.1,1,0.013752037802853822,0.011515395426119733
35,3,8,9,0.32142857142857145,0.1,3,0.004543610472642532,0.003811898294467924
35,3,8,9,0.32142857142857145,0.1,5,0.0027217455275856716,0.0022845764521055747
35,3,8,9,0.32142857142857145,0.1,7,0.001942782377144134,0.0016311016852991157
35,3,8,9,0.32142857142857145,0.1,9,0.0015104883406580152,0.0012683247341412237
35,3,8,9,0.32142857142857145,0.1,11,0.0012355620832042976,0.0010375616977096262
35,3,8,9,0.32142857142857145,0.1,13,0.0010453053050785424,0.0008778450363880425
35,3,8,9,0.32142857142857145,0.1,15,0.0009058233686345101,0.0007607411874917404
35,3,8,9,0.32142857142857145,0.1,17,0.000799183284158422,0.0006712034415952888
35,3,8,9,0.32142857142857145,0.1,19,0.0007150075190896604,0.0006005231881454371
35,3,8,9,0.32142857142857145,0.5,1,0.3235521162178769,0.2715509465254867
35,3,8,9,0.32142857142857145,0.5,3,0.1004884998129478,0.08384064429246997
35,3,8,9,0.32142857142857145,0.5,5,0.05960419078167348,0.049848892135962324
35,3,8,9,0.32142857142857145,0.5,7,0.04237786092873746,0.03548992031085072
35,3,8,9,0.32142857142857145,0.5,9,0.03287857130677165,0.027557597597174834
35,3,8,9,0.32142857142857145,0.5,11,0.026858869183058652,0.02252475901139839
35,3,8,9,0.32142857142857145,0.5,13,0.022702613432992035,0.01904685585189238
35,3,8,9,0.32142857142857145,0.5,15,0.019660427277745387,0.016499542060272668
35,3,8,9,0.32142857142857145,0.5,17,0.017337280203542027,0.014553326204709033
35,3,8,9,0.32142857142857145,0.5,19,0.015505174145463466,0.013017867688568979
35,3,8,9,0.32142857142857145,1.0,1,1.0035936415015245,0.8516853914891273
35,3,8,9,0.32142857142857145,1.0,3,0.2834842031582895,0.22602088487586
35,3,8,9,0.32142857142857145,1.0,5,0.16545230589825324,0.13319250807234492
35,3,8,9,0.32142857142857145,1.0,7,0.1168369089160351,0.09455466742701048
35,3,8,9,0.32142857142857145,1.0,9,0.09030704082608491,0.07331884551849373
35,3,8,9,0.32142857142857145,1.0,11,0.07359704228521237,0.05987987581985704
35,3,8,9,0.32142857142857145,1.0,13,0.06210581776837807,0.05060725128782166
35,3,8,9,0.32142857142857145,1.0,15,0.053718594589967576,0.04382264683697767
35,3,8,9,0.32142857142857145,1.0,17,0.04732728936681946,0.03864278399497877
35,3,8,9,0.32142857142857145,1.0,19,0.042295177196356844,0.03455836339133047
36,3,8,9,0.32142857142857145,0.1,1,0.012123755478889182,0.012152806225822472
36,3,8,9,0.32142857142857145,0.1,3,0.004035481823641064,0.004048039408544647
36,3,8,9,0.32142857142857145,0.1,5,0.0024210129674409244,0.0024284038842059363
36,3,8,9,0.32142857142857145,0.1,7,0.001729240657702791,0.0017344402803249667
36,3,8,9,0.32142857142857145,0.1,9,0.0013449475724219312,0.0013489501380497125
36,3,8,9,0.32142857142857145,0.1,11,0.0011004044510854653,0.0011036554377200807
36,3,8,9,0.32142857142857145,0.1,13,0.0009311079552438661,0.000933843981125688
36,3,8,9,0.32142857142857145,0.1,15,0.0008069583229719302,0.0008093197532389518
36,3,8,9,0.32142857142857145,0.1,17,0.0007120209264047895,0.0007140977426063467
36,3,8,9,0.32142857142857145,0.1,19,0.0006370706505081495,0.0006389239471047368
36,3,8,9,0.32142857142857145,0.5,1,0.2806569038332758,0.2889923815540813
36,3,8,9,0.32142857142857145,0.5,3,0.09028245411127211,0.09664729403015268
36,3,8,9,0.32142857142857145,0.5,5,0.054021646750995946,0.05798337779315447
36,3,8,9,0.32142857142857145,0.5,7,0.03855799081950706,0.04141120283200236
36,3,8,9,0.32142857142857145,0.5,9,0.029980303936510792,0.03220551427193073
36,3,8,9,0.32142857142857145,0.5,11,0.024525510738273554,0.026348046580001207
36,3,8,9,0.32142857142857145,0.5,13,0.020750491420467015,0.02229327781307415
36,3,8,9,0.32142857142857145,0.5,15,0.017982745435036168,0.01932001875943351
36,3,8,9,0.32142857142857145,0.5,17,0.01586653027656858,0.01704649817480635
36,3,8,9,0.32142857142857145,0.5,19,0.014195993849425909,0.015251709844564481
36,3,8,9,0.32142857142857145,1.0,1,0.8845834917290781,0.9706224197065791
36,3,8,9,0.32142857142857145,1.0,3,0.25821353083184906,0.3360598254976465
36,3,8,9,0.32142857142857145,1.0,5,0.15343459446264004,0.20235453752686838
36,3,8,9,0.32142857142857145,1.0,7,0.10930206590627643,0.14467777429927275
36,3,8,9,0.32142857142857145,1.0,9,0.08491790163758725,0.11257041012473251
36,3,8,9,0.32142857142857145,1.0,11,0.06943867266621342,0.09212044947297615
36,3,8,9,0.32142857142857145,1.0,13,0.05873634888023847,0.07795627008959041
36,3,8,9,0.32142857142857145,1.0,15,0.0508941628926631,0.06756641250795714
36,3,8,9,0.32142857142857145,1.0,17,0.044900263585747335,0.05961987881871354
36,3,8,9,0.32142857142857145,1.0,19,0.040169899898307326,0.05334558833343584
37,3,8,9,0.32142857142857145,0.1,1,0.011232238358763982,0.010656633704121855
37,3,8,9,0.32142857142857145,0.1,3,0.0037293299302783543,0.0035255691432623075
37,3,8,9,0.32142857142857145,0.1,5,0.002236276592051957,0.0021127290900655915
37,3,8,9,0.32142857142857145,0.1,7,0.0015969690492576695,0.0015083365233622957
37,3,8,9,0.32142857142857145,0.1,9,0.0012419332822997222,0.0011728330785082675
37,3,8,9,0.32142857142857145,0.1,11,0.0010160492247715397,0.000959428112736572
37,3,8,9,0.32142857142857145,0.1,13,0.0008596890546258604,0.0008117296074670855
37,3,8,9,0.32142857142857145,0.1,15,0.0007450356648166966,0.0007034396168918367
37,3,8,9,0.32142857142857145,0.1,17,0.0006573655742261373,0.0006206421938693186
37,3,8,9,0.32142857142857145,0.1,19,0.0005881559915024436,0.000555283441217582
37,3,8,9,0.32142857142857145,0.5,1,0.2700206186849683,0.26162125483143644
37,3,8,9,0.32142857142857145,0.5,3,0.0863410888015218,0.08181908530240273
37,3,8,9,0.32142857142857145,0.5,5,0.05157167366370781,0.04870778052492245
37,3,8,9,0.32142857142857145,0.5,7,0.03677667014506228,0.03468628707721965
37,3,8,9,0.32142857142857145,0.5,9,0.0285802204988923,0.02693512254395783
37,3,8,9,0.32142857142857145,0.5,11,0.023372054133714303,0.022016043001803435
37,3,8,9,0.32142857142857145,0.5,13,0.019769716881885998,0.018616444304693527
37,3,8,9,0.32142857142857145,0.5,15,0.01712965130097046,0.01612640666008521
37,3,8,9,0.32142857142857145,0.5,17,0.015111687358939486,0.014223943202320179
37,3,8,9,0.32142857142857145,0.5,19,0.013519100293041483,0.012723014685083618
37,3,8,9,0.32142857142857145,1.0,1,0.9195212112048465,0.9159094455461626
37,3,8,9,0.32142857142857145,1.0,3,0.2904261988307957,0.2805690331147051
37,3,8,9,0.32142857142857145,1.0,5,0.173878937966153,0.167703564834821
37,3,8,9,0.32142857142857145,1.0,7,0.12406017210979658,0.11961343046690891
37,3,8,9,0.32142857142857145,1.0,9,0.09642412524768652,0.09295695561379505
37,3,8,9,0.32142857142857145,1.0,11,0.07885517989319721,0.07601570086525133
37,3,8,9,0.32142857142857145,1.0,13,0.06670083770944951,0.0642972241637272
37,3,8,9,0.32142857142857145,1.0,15,0.05779248948618207,0.0557089863121119
37,3,8,9,0.32142857142857145,1.0,17,0.050983099971741976,0.049144581338426245
37,3,8,9,0.32142857142857145,1.0,19,0.0456090816596158,0.043964057533539734
38,3,8,9,0.32142857142857145,0.1,1,0.01734113629311234,0.014323619641691411
38,3,8,9,0.32142857142857145,0.1,3,0.005764781420733744,0.004756985347575516
38,3,8,9,0.32142857142857145,0.1,5,0.003457099617630184,0.0028527943271875558
38,3,8,9,0.32142857142857145,0.1,7,0.0024688231991153464,0.002037334138109374
38,3,8,9,0.32142857142857145,0.1,9,0.0019199668507698057,0.0015844410903559484
38,3,8,9,0.32142857142857145,0.1,11,0.0015707632522706917,0.0012962848431690365
38,3,8,9,0.32142857142857145,0.1,13,0.0013290380169602898,0.0010968130738016238
38,3,8,9,0.32142857142857145,0.1,15,0.0011517889596316347,0.0009505443393628825
38,3,8,9,0.32142857142857145,0.1,17,0.001016254739636062,0.0008386976578045402
38,3,8,9,0.32142857142857145,0.1,19,0.0009092596464239019,0.0007504011758894095
38,3,8,9,0.32142857142857145,0.5,1,0.39621236400062765,0.329084691118476
38,3,8,9,0.32142857142857145,0.5,3,0.12977979047718863,0.10308445475846333
38,3,8,9,0.32142857142857145,0.5,5,0.07761215069074054,0.06147674609496066
38,3,8,9,0.32142857142857145,0.5,7,0.055360336034101086,0.0438257869002428
38,3,8,9,0.32142857142857145,0.5,9,0.04302513918697069,0.034055128209795435
38,3,8,9,0.32142857142857145,0.5,11,0.03518536977677332,0.027848546155790216
38,3,8,9,0.32142857142857145,0.5,13,0.029762313896232136,0.023556177332273786
38,3,8,9,0.32142857142857145,0.5,15,0.025787721164409565,0.020410579974576615
38,3,8,9,0.32142857142857145,0.5,17,0.022749642738059114,0.0180062633633057
38,3,8,9,0.32142857142857145,0.5,19,0.020351962701191204,0.016108778951306732
38,3,8,9,0.32142857142857145,1.0,1,1.1712910673999273,1.0181595985096121
38,3,8,9,0.32142857142857145,1.0,3,0.3863947335878433,0.2839589411478001
38,3,8,9,0.32142857142857145,1.0,5,0.2305000446903731,0.16875694867795055
38,3,8,9,0.32142857142857145,1.0,7,0.16412314121067492,0.12020558189767212
38,3,8,9,0.32142857142857145,1.0,9,0.1274045324229345,0.09337751195600742
38,3,8,9,0.32142857142857145,1.0,11,0.1041048805092565,0.0763480748601218
38,3,8,9,0.32142857142857145,1.0,13,0.08800699267998242,0.06457516315728322
38,3,8,9,0.32142857142857145,1.0,15,0.07621962457596217,0.055949390252195794
38,3,8,9,0.32142857142857145,1.0,17,0.0672162065007702,0.049357203016450676
38,3,8,9,0.32142857142857145,1.0,19,0.060114789619648536,0.044155104047126685
39,3,8,9,0.32142857142857145,0.1,1,0.015292812656888439,0.014273294481889904
39,3,8,9,0.32142857142857145,0.1,3,0.005074887301172552,0.004746432243282571
39,3,8,9,0.32142857142857145,0.1,5,0.003042343944007001,0.0028468636288531573
39,3,8,9,0.32142857142857145,0.1,7,0.00217232112334892,0.002033195577116632
39,3,8,9,0.32142857142857145,0.1,9,0.0016892475199282327,0.001581259333399227
39,3,8,9,0.32142857142857145,0.1,11,0.0013819375589901076,0.0012936993732670524
39,3,8,9,0.32142857142857145,0.1,13,0.0011692300843607847,0.0010946351924802666
39,3,8,9,0.32142857142857145,0.1,15,0.0010132682241322936,0.0009486628177956557
39,3,8,9,0.32142857142857145,0.1,17,0.0008940167260540062,0.0008370413886170212
39,3,8,9,0.32142857142857145,0.1,19,0.0007998790278113977,0.0007489219295052356
39,3,8,9,0.32142857142857145,0.5,1,0.3641796678498653,0.32794922903521806
39,3,8,9,0.32142857142857145,0.5,3,0.11832896006009412,0.10589126390768752
39,3,8,9,0.32142857142857145,0.5,5,0.07064707314615147,0.06333483106676926
39,3,8,9,0.32142857142857145,0.5,7,0.050356800408182786,0.04519138380331058
39,3,8,9,0.32142857142857145,0.5,9,0.039121300992276335,0.03513085661691861
39,3,8,9,0.32142857142857145,0.5,11,0.03198500249376384,0.02873485680883048
39,3,8,9,0.32142857142857145,0.5,13,0.027050623170519907,0.024309395312188904
39,3,8,9,0.32142857142857145,0.5,15,0.023435251599373444,0.021065284295652614
39,3,8,9,0.32142857142857145,0.5,17,0.020672360123168948,0.018585156278766495
39,3,8,9,0.32142857142857145,0.5,19,0.01849223117172879,0.016627548632612944
39,3,8,9,0.32142857142857145,1.0,1,1.1798851429012414,1.0096532242797334
39,3,8,9,0.32142857142857145,1.0,3,0.3869545398432787,0.3122706924328815
39,3,8,9,0.32142857142857145,1.0,5,0.2302258950382046,0.1869283407268251
39,3,8,9,0.32142857142857145,1.0,7,0.16376886845289104,0.13344054052847112
39,3,8,9,0.32142857142857145,1.0,9,0.1270667253831099,0.10376050543072009
39,3,8,9,0.32142857142857145,1.0,11,0.10379801191619065,0.08488349026821375
39,3,8,9,0.32142857142857145,1.0,13,0.08773023380244047,0.07181869025326838
39,3,8,9,0.32142857142857145,1.0,15,0.07596924064146425,0.06223959304429006
39,3,8,9,0.32142857142857145,1.0,17,0.06698835009006336,0.054915290686197646
39,3,8,9,0.32142857142857145,1.0,19,0.05990611838572753,0.04913343872395135
40,3,8,9,0.32142857142857145,0.1,1,0.016227370806762287,0.016099373340240912
40,3,8,9,0.32142857142857145,0.1,3,0.0053900640765567965,0.005347261578311277
40,3,8,9,0.32142857142857145,0.1,5,0.0032320619631564748,0.003206348171745154
40,3,8,9,0.32142857142857145,0.1,7,0.0023080331368690375,0.0022896550968246397
40,3,8,9,0.32142857142857145,0.1,9,0.0017948897005144024,0.0017805906610152415
40,3,8,9,0.32142857142857145,0.1,11,0.0014684188001389258,0.0014567169065146876
40,3,8,9,0.32142857142857145,0.1,13,0.001242434164821226,0.001232530965129733
40,3,8,9,0.32142857142857145,0.1,15,0.0010767294527972739,0.0010681456519724877
40,3,8,9,0.32142857142857145,0.1,17,0.0009500239267860997,0.0009424492850939148
40,3,8,9,0.32142857142857145,0.1,19,0.0008499992429639553,0.000843221434202797
40,3,8,9,0.32142857142857145,0.5,1,0.3747588066875194,0.37200793072591565
40,3,8,9,0.32142857142857145,0.5,3,0.12103575179825031,0.1202154687710308
40,3,8,9,0.32142857142857145,0.5,5,0.07232623334725596,0.0718327342978641
40,3,8,9,0.32142857142857145,0.5,7,0.051580318116690664,0.051226708514351356
40,3,8,9,0.32142857142857145,0.5,9,0.04008467603687804,0.039809018332574234
40,3,8,9,0.32142857142857145,0.5,11,0.03277972294880384,0.0325538113692159
40,3,8,9,0.32142857142857145,0.5,13,0.02772703445866565,0.027535641460320247
40,3,8,9,0.32142857142857145,0.5,15,0.02402405296329958,0.02385802002356285
40,3,8,9,0.32142857142857145,0.5,17,0.021193662374946458,0.021047051182181087
40,3,8,9,0.32142857142857145,0.5,19,0.018959928293749415,0.018828668722312026
40,3,8,9,0.32142857142857145,1.0,1,1.1316778785592154,1.1335148790292293
40,3,8,9,0.32142857142857145,1.0,3,0.35779646250465896,0.3609217214373652
40,3,8,9,0.32142857142857145,1.0,5,0.21368092477705894,0.21568597693573766
40,3,8,9,0.32142857142857145,1.0,7,0.15228580446770984,0.15374535672764583
40,3,8,9,0.32142857142857145,1.0,9,0.11828669256181806,0.11943071776337522
40,3,8,9,0.32142857142857145,1.0,11,0.09669486593722085,0.09763448163631583
40,3,8,9,0.32142857142857145,1.0,13,0.08176768735849603,0.0825644495272461
40,3,8,9,0.32142857142857145,1.0,15,0.07083236280414994,0.07152378449274963
40,3,8,9,0.32142857142857145,1.0,17,0.062476636444642596,0.06308722118299225
40,3,8,9,0.32142857142857145,1.0,19,0.055884105997173375,0.056430722706976334
41,3,8,9,0.32142857142857145,0.1,1,0.01743886330205436,0.013831845647549827
41,3,8,9,0.32142857142857145,0.1,3,0.005803116537543842,0.004590274518745982
41,3,8,9,0.32142857142857145,0.1,5,0.0034809186053333216,0.002752131170336872
41,3,8,9,0.32142857142857145,0.1,7,0.002486095946545366,0.001965214003697597
41,3,8,9,0.32142857142857145,0.1,9,0.001933514954857228,0.0015282488182876658
41,3,8,9,0.32142857142857145,0.1,11,0.0015819078167689888,0.0012502564537487401
41,3,8,9,0.32142857142857145,0.1,13,0.0013385032390723704,0.0010578344345996832
41,3,8,9,0.32142857142857145,0.1,15,0.0011600146188737496,0.00091674255554819
41,3,8,9,0.32142857142857145,0.1,17,0.0010235278794262224,0.000808858733006602
41,3,8,9,0.32142857142857145,0.1,19,0.0009157779581699677,0.0007236933580703821
41,3,8,9,0.32142857142857145,0.5,1,0.3949514364045445,0.32655087237326336
41,3,8,9,0.32142857142857145,0.5,3,0.12937855656675237,0.10371225080468231
41,3,8,9,0.32142857142857145,0.5,5,0.07746016642355509,0.06191343607072867
41,3,8,9,0.32142857142857145,0.5,7,0.05528397737340719,0.04414716046733814
41,3,8,9,0.32142857142857145,0.5,9,0.04298058682677852,0.03430726071160524
41,3,8,9,0.32142857142857145,0.5,11,0.035156909946489984,0.02805536785320934
41,3,8,9,0.32142857142857145,0.5,13,0.029743013664675508,0.023731254734005336
41,3,8,9,0.32142857142857145,0.5,15,0.0257740767375894,0.0205622526082299
41,3,8,9,0.32142857142857145,0.5,17,0.02273970503736352,0.01813999568329859
41,3,8,9,0.32142857142857145,0.5,19,0.020344567211872912,0.016228335517865785
41,3,8,9,0.32142857142857145,1.0,1,1.1588944571069586,1.0647795081755362
41,3,8,9,0.32142857142857145,1.0,3,0.38033242121655525,0.3068052637976746
41,3,8,9,0.32142857142857145,1.0,5,0.22789146015177553,0.1814362004798883
41,3,8,9,0.32142857142857145,1.0,7,0.1626796091911879,0.12895094219983538
41,3,8,9,0.32142857142857145,1.0,9,0.12648206795164732,0.10005599188314615
41,3,8,9,0.32142857142857145,1.0,11,0.10345980110713134,0.08175266384313795
41,3,8,9,0.32142857142857145,1.0,13,0.08752738310067681,0.06911543347708317
41,3,8,9,0.32142857142857145,1.0,15,0.07584692039612487,0.059864439703402855
41,3,8,9,0.32142857142857145,1.0,17,0.06691676110414815,0.05279880852792719
41,3,8,9,0.32142857142857145,1.0,19,0.05986786902533483,0.047225668990138234
42,3,8,9,0.32142857142857145,0.1,1,0.01167931338225104,0.01181082537258101
42,3,8,9,0.32142857142857145,0.1,3,0.0038853125007426055,0.003919335492572691
42,3,8,9,0.32142857142857145,0.1,5,0.0023305525181781177,0.0023496601650287276
42,3,8,9,0.32142857142857145,0.1,7,0.0016645079322218808,0.0016777468954490508
42,3,8,9,0.32142857142857145,0.1,9,0.001294547201399039,0.0013046653630961625
42,3,8,9,0.32142857142857145,0.1,11,0.0010591398446867062,0.0010673246534848837
42,3,8,9,0.32142857142857145,0.1,13,0.0008961751896447467,0.0009030456883151638
42,3,8,9,0.32142857142857145,0.1,15,0.0007766726474621869,0.0007825919525733633
42,3,8,9,0.32142857142857145,0.1,17,0.0006852910673761733,0.0006904902303818126
42,3,8,9,0.32142857142857145,0.1,19,0.0006131493480436123,0.0006177844238223482
42,3,8,9,0.32142857142857145,0.5,1,0.2716300096905044,0.2829672499029407
42,3,8,9,0.32142857142857145,0.5,3,0.08777971489647472,0.09147180763277495
42,3,8,9,0.32142857142857145,0.5,5,0.052496890803191434,0.054631034122032095
42,3,8,9,0.32142857142857145,0.5,7,0.03745675410961083,0.038951031404910456
42,3,8,9,0.32142857142857145,0.5,9,0.02911758848840759,0.03026570737137265
42,3,8,9,0.32142857142857145,0.5,11,0.023816138024759303,0.024747834188211942
42,3,8,9,0.32142857142857145,0.5,13,0.020148084164615873,0.020931817358431422
42,3,8,9,0.32142857142857145,0.5,15,0.01745923146950222,0.018135468611813223
42,3,8,9,0.32142857142857145,0.5,17,0.01540361814730908,0.015998245183326945
42,3,8,9,0.32142857142857145,0.5,19,0.013781097881082952,0.014311666231983848
42,3,8,9,0.32142857142857145,1.0,1,0.872871406484245,0.9378998812064621
42,3,8,9,0.32142857142857145,1.0,3,0.26604909742314437,0.2969776210962593
42,3,8,9,0.32142857142857145,1.0,5,0.1579231761040955,0.17686605538593075
42,3,8,9,0.32142857142857145,1.0,7,0.11236986225653167,0.1259772564377356
42,3,8,9,0.32142857142857145,1.0,9,0.08723006335540706,0.09783881171887424
42,3,8,9,0.32142857142857145,1.0,11,0.07128773483879294,0.07997835281944723
42,3,8,9,0.32142857142857145,1.0,13,0.06027430632409433,0.06763326913446677
42,3,8,9,0.32142857142857145,1.0,15,0.052209407668876814,0.05859016635844591
42,3,8,9,0.32142857142857145,1.0,17,0.04604849969216359,0.05168038802713101
42,3,8,9,0.32142857142857145,1.0,19,0.04118840035418147,0.04622861896492975
43,3,8,9,0.32142857142857145,0.1,1,0.008074072973169496,0.00807407297316949
43,3,8,9,0.32142857142857145,0.1,3,0.0026889771227013946,0.0026889771227016166
43,3,8,9,0.32142857142857145,0.1,5,0.0016132721653345612,0.0016132721653348955
43,3,8,9,0.32142857142857145,0.1,7,0.001152314808130714,0.0011523148081314756
43,3,8,9,0.32142857142857145,0.1,9,0.0008962376644950684,0.0008962376644959353
43,3,8,9,0.32142857142857145,0.1,11,0.0007332823856226742,0.0007332823856229298
43,3,8,9,0.32142857142857145,0.1,13,0.0006204682624958845,0.0006204682624981973
43,3,8,9,0.32142857142857145,0.1,15,0.000537738373252098,0.0005377383732539277
43,3,8,9,0.32142857142857145,0.1,17,0.00047447457079716,0.0004744745707997131
43,3,8,9,0.32142857142857145,0.1,19,0.00042452958776842414,0.00042452958777186583
43,3,8,9,0.32142857142857145,0.5,1,0.19245694738269428,0.19245694738269445
43,3,8,9,0.32142857142857145,0.5,3,0.06276675489675608,0.0627667548967563
43,3,8,9,0.32142857142857145,0.5,5,0.03759574821933189,0.03759574821933184
43,3,8,9,0.32142857142857145,0.5,7,0.02684148825330712,0.026841488253307597
43,3,8,9,0.32142857142857145,0.5,9,0.020872677430320334,0.020872677430321205
43,3,8,9,0.32142857142857145,0.5,11,0.017075974041362005,0.01707597404136416
43,3,8,9,0.32142857142857145,0.5,13,0.014448087809336237,0.014448087809337639
43,3,8,9,0.32142857142857145,0.5,15,0.012521233811020023,0.01252123381102064
43,3,8,9,0.32142857142857145,0.5,17,0.011047886621545574,0.011047886621546245
43,3,8,9,0.32142857142857145,0.5,19,0.00988478750018898,0.009884787500189758
43,3,8,9,0.32142857142857145,1.0,1,0.6646932388207961,0.6646932388207963
43,3,8,9,0.32142857142857145,1.0,3,0.20438049127527985,0.20438049127528002
43,3,8,9,0.32142857142857145,1.0,5,0.12189369876863648,0.12189369876863655
43,3,8,9,0.32142857142857145,1.0,7,0.08692365965257591,0.08692365965257583
43,3,8,9,0.32142857142857145,1.0,9,0.06756149241935544,0.06756149241935624
43,3,8,9,0.32142857142857145,1.0,11,0.05525860348748903,0.05525860348749021
43,3,8,9,0.32142857142857145,1.0,13,0.04674802911228517,0.04674802911228802
43,3,8,9,0.32142857142857145,1.0,15,0.0405099194604103,0.040509919460411374
43,3,8,9,0.32142857142857145,1.0,17,0.035741069234557596,0.035741069234560066
43,3,8,9,0.32142857142857145,1.0,19,0.0319769796541822,0.03197697965418434
44,3,8,9,0.32142857142857145,0.1,1,0.01998957846663132,0.016282701869104313
44,3,8,9,0.32142857142857145,0.1,3,0.006660423335254199,0.005410910630318793
44,3,8,9,0.32142857142857145,0.1,5,0.003996089575409577,0.003245269509375425
44,3,8,9,0.32142857142857145,0.1,7,0.00285431135758911,0.0023177115609732497
44,3,8,9,0.32142857142857145,0.1,9,0.0022200057865900736,0.0018025291144055545
44,3,8,9,0.32142857142857145,0.1,11,0.0018163617304416775,0.0014747292769642097
44,3,8,9,0.32142857142857145,0.1,13,0.0015369178558387636,0.0012478096931760922
44,3,8,9,0.32142857142857145,0.1,15,0.0013319933085205226,0.0010814113806147294
44,3,8,9,0.32142857142857145,0.1,17,0.0011752868153823309,0.0009541708139295721
44,3,8,9,0.32142857142857145,0.1,19,0.0010515714611931532,0.0008537208476169852
44,3,8,9,0.32142857142857145,0.5,1,0.4449237413773009,0.37024090108837304
44,3,8,9,0.32142857142857145,0.5,3,0.14723839483491616,0.11696782103344261
44,3,8,9,0.32142857142857145,0.5,5,0.08828518905412003,0.06980545002264553
44,3,8,9,0.32142857142857145,0.5,7,0.06304785447345201,0.049775580548647266
44,3,8,9,0.32142857142857145,0.5,9,0.04903256464189211,0.038683365262834786
44,3,8,9,0.32142857142857145,0.5,11,0.04011542335951626,0.03163571229201181
44,3,8,9,0.32142857142857145,0.5,13,0.03394268648530564,0.026760994682220193
44,3,8,9,0.32142857142857145,0.5,15,0.029416326388879473,0.02318829361511426
44,3,8,9,0.32142857142857145,0.5,17,0.02595515713415272,0.02045733573400353
44,3,8,9,0.32142857142857145,0.5,19,0.0232227494957296,0.01830195424165998
44,3,8,9,0.32142857142857145,1.0,1,1.255921207647069,1.1063863947605523
44,3,8,9,0.32142857142857145,1.0,3,0.41665482097608036,0.3053075932554355
44,3,8,9,0.32142857142857145,1.0,5,0.2495466173184402,0.17945031829073363
44,3,8,9,0.32142857142857145,1.0,7,0.1780803085924276,0.1273525972992392
44,3,8,9,0.32142857142857145,1.0,9,0.13842906970376406,0.09875836754729583
44,3,8,9,0.32142857142857145,1.0,11,0.11321805809394495,0.08066862122034359
44,3,8,9,0.32142857142857145,1.0,13,0.0957746701325564,0.06818715230672923
44,3,8,9,0.32142857142857145,1.0,15,0.08298843661002364,0.05905379534343874
44,3,8,9,0.32142857142857145,1.0,17,0.07321398850627396,0.05207980652103407
44,3,8,9,0.32142857142857145,1.0,19,0.0654993466038448,0.04657993341029664
45,3,8,9,0.32142857142857145,0.1,1,0.01808035523659074,0.016422349825096636
45,3,8,9,0.32142857142857145,0.1,3,0.006016465193075527,0.005465919708629487
45,3,8,9,0.32142857142857145,0.1,5,0.003608799145263788,0.00327901640899632
45,3,8,9,0.32142857142857145,0.1,7,0.0025773949737661565,0.002342023505289123
45,3,8,9,0.32142857142857145,0.1,9,0.0020045052471071986,0.0018215238284050412
45,3,8,9,0.32142857142857145,0.1,11,0.0016399800490315571,0.0014903136575914204
45,3,8,9,0.32142857142857145,0.1,13,0.0013876348831156156,0.0012610213404008173
45,3,8,9,0.32142857142857145,0.1,15,0.0012025912606949897,0.0010928770639878611
45,3,8,9,0.32142857142857145,0.1,17,0.0010610927021472158,0.00096429800461446
45,3,8,9,0.32142857142857145,0.1,19,0.0009493865958430326,0.000862789313612166
45,3,8,9,0.32142857142857145,0.5,1,0.40733234423411707,0.3745953040665011
45,3,8,9,0.32142857142857145,0.5,3,0.13383600026070558,0.12133893899460452
45,3,8,9,0.32142857142857145,0.5,5,0.08012163566977264,0.07260984788914468
45,3,8,9,0.32142857142857145,0.5,7,0.05717808259217888,0.05182259809301871
45,3,8,9,0.32142857142857145,0.5,9,0.04445025029418505,0.040292081549541434
45,3,8,9,0.32142857142857145,0.5,11,0.036357374252314584,0.032959852249246246
45,3,8,9,0.32142857142857145,0.5,13,0.030757571619805017,0.02788578061668904
45,3,8,9,0.32142857142857145,0.5,15,0.026652561155237457,0.02416575347522858
45,3,8,9,0.32142857142857145,0.5,17,0.023514287308613272,0.021321521981620753
45,3,8,9,0.32142857142857145,0.5,19,0.02103721891716253,0.01907635496577149
45,3,8,9,0.32142857142857145,1.0,1,1.1709074106783164,1.145288305579516
45,3,8,9,0.32142857142857145,1.0,3,0.3899607584358265,0.35808350715337234
45,3,8,9,0.32142857142857145,1.0,5,0.23331314978208634,0.21349336648652234
45,3,8,9,0.32142857142857145,1.0,7,0.16635276031190616,0.15221530154335774
45,3,8,9,0.32142857142857145,1.0,9,0.1292365422968917,0.11829667991871093
45,3,8,9,0.32142857142857145,1.0,11,0.10565553825246322,0.09674836662631596
45,3,8,9,0.32142857142857145,1.0,13,0.08934969283248531,0.08184400405493902
45,3,8,9,0.32142857142857145,1.0,15,0.07740287980485747,0.07092026667689923
45,3,8,9,0.32142857142857145,1.0,17,0.06827353253316726,0.06256990726178159
45,3,8,9,0.32142857142857145,1.0,19,0.061070231858470554,0.05597921636404126
46,3,8,9,0.32142857142857145,0.1,1,0.01570883362901724,0.01294605876005235
46,3,8,9,0.32142857142857145,0.1,3,0.005230790500664518,0.004305886858427678
46,3,8,9,0.32142857142857145,0.1,5,0.0031377371728418765,0.002582845603331284
46,3,8,9,0.32142857142857145,0.1,7,0.0022410091606631976,0.0018447121608255526
46,3,8,9,0.32142857142857145,0.1,9,0.0017429057873816667,0.0014347059724026422
46,3,8,9,0.32142857142857145,0.1,11,0.0014259606869205324,0.0011738158135111971
46,3,8,9,0.32142857142857145,0.1,13,0.001206550845165014,0.0009932093093310518
46,3,8,9,0.32142857142857145,0.1,15,0.001045657456614562,0.0008607693831752208
46,3,8,9,0.32142857142857145,0.1,17,0.0009226254430586993,0.000759494462563438
46,3,8,9,0.32142857142857145,0.1,19,0.0008254974287335358,0.0006795421681939399
46,3,8,9,0.32142857142857145,0.5,1,0.36463720709226977,0.2967025874100056
46,3,8,9,0.32142857142857145,0.5,3,0.12171804509508367,0.09502535613603377
46,3,8,9,0.32142857142857145,0.5,5,0.07300727212593629,0.05681464570396238
46,3,8,9,0.32142857142857145,0.5,7,0.05213664264844364,0.040538069399755385
46,3,8,9,0.32142857142857145,0.5,9,0.040544903257734466,0.031514178314863965
46,3,8,9,0.32142857142857145,0.5,11,0.03316979627238034,0.025777354913594275
46,3,8,9,0.32142857142857145,0.5,13,0.028064705661043274,0.02180793180256191
46,3,8,9,0.32142857142857145,0.5,15,0.02432139599701965,0.018898054993505237
46,3,8,9,0.32142857142857145,0.5,17,0.02145912019404399,0.016673394534414316
46,3,8,9,0.32142857142857145,0.5,19,0.019199591187424724,0.014917390468780161
46,3,8,9,0.32142857142857145,1.0,1,1.1294563100285326,0.9149272010942356
46,3,8,9,0.32142857142857145,1.0,3,0.39216455989453197,0.26567792213057045
46,3,8,9,0.32142857142857145,1.0,5,0.2361065327851658,0.15772431920880473
46,3,8,9,0.32142857142857145,1.0,7,0.16878141374249223,0.11231247281150321
46,3,8,9,0.32142857142857145,1.0,9,0.13131049718231888,0.08723666176183541
46,3,8,9,0.32142857142857145,1.0,11,0.10744816265179849,0.0713241619416668
46,3,8,9,0.32142857142857145,1.0,13,0.09092242060806828,0.06032496183013217
46,3,8,9,0.32142857142857145,1.0,15,0.0788013477280373,0.0522666540859455
46,3,8,9,0.32142857142857145,1.0,17,0.06953134429657301,0.04610838646272973
46,3,8,9,0.32142857142857145,1.0,19,0.06221248090850148,0.04124880792997036
47,3,8,9,0.32142857142857145,0.1,1,0.016461216456980315,0.01209678617135719
47,3,8,9,0.32142857142857145,0.1,3,0.005477393576476513,0.00401304175437197
47,3,8,9,0.32142857142857145,0.1,5,0.003285724703433606,0.002405956237826007
47,3,8,9,0.32142857142857145,0.1,7,0.0023467612496616682,0.0017180002156956334
47,3,8,9,0.32142857142857145,0.1,9,0.0018251854439679256,0.0013359955672309239
47,3,8,9,0.32142857142857145,0.1,11,0.0014932973913683756,0.0010929711611976914
47,3,8,9,0.32142857142857145,0.1,13,0.0012635389287067266,0.0009247544906537624
47,3,8,9,0.32142857142857145,0.1,15,0.0010950544545190626,0.0008014114874501259
47,3,8,9,0.32142857142857145,0.1,17,0.0009662161817213809,0.0007070993442493974
47,3,8,9,0.32142857142857145,0.1,19,0.0008645034227651868,0.0006326478408726215
47,3,8,9,0.32142857142857145,0.5,1,0.37411445864723436,0.2887842361715688
47,3,8,9,0.32142857142857145,0.5,3,0.12049870383989905,0.09118801307518844
47,3,8,9,0.32142857142857145,0.5,5,0.07206220630039782,0.05433798123467457
47,3,8,9,0.32142857142857145,0.5,7,0.05142060196312637,0.03871635996525974
47,3,8,9,0.32142857142857145,0.5,9,0.039975229394152274,0.030074758759655595
47,3,8,9,0.32142857142857145,0.5,11,0.03269857532623035,0.024587993051188313
47,3,8,9,0.32142857142857145,0.5,13,0.027663564506500777,0.020794753462278045
47,3,8,9,0.32142857142857145,0.5,15,0.023972469527038257,0.018015663512252107
47,3,8,9,0.32142857142857145,0.5,17,0.021150519859281965,0.015891917866597643
47,3,8,9,0.32142857142857145,0.5,19,0.01892303680813568,0.014216133278072658
47,3,8,9,0.32142857142857145,1.0,1,1.0994637202885218,0.9613592058601855
47,3,8,9,0.32142857142857145,1.0,3,0.3098917115328798,0.26932654522000044
47,3,8,9,0.32142857142857145,1.0,5,0.18277504721075324,0.15767984262994858
47,3,8,9,0.32142857142857145,1.0,7,0.12988940323460377,0.11165379004757932
47,3,8,9,0.32142857142857145,1.0,9,0.10079834661107022,0.08646669918141255
47,3,8,9,0.32142857142857145,1.0,11,0.08237153349354955,0.07056428483153249
47,3,8,9,0.32142857142857145,1.0,13,0.06964750143664682,0.05960757096052204
47,3,8,9,0.32142857142857145,1.0,15,0.0603315913185117,0.05159839000167356
47,3,8,9,0.32142857142857145,1.0,17,0.0532153837068134,0.04548774251691251
47,3,8,9,0.32142857142857145,1.0,19,0.04760165228717628,0.04067181540428951
48,3,8,9,0.32142857142857145,0.1,1,0.011459708592439955,0.011069150018502819
48,3,8,9,0.32142857142857145,0.1,3,0.0038122257242763622,0.0036796627875639244
48,3,8,9,0.32142857142857145,0.1,5,0.002286376969457973,0.0022069743324468114
48,3,8,9,0.32142857142857145,0.1,7,0.0016328300640601786,0.001576186373578163
48,3,8,9,0.32142857142857145,0.1,9,0.0012698502860646486,0.0012258317008421108
48,3,8,9,0.32142857142857145,0.1,11,0.0010389012461380024,0.0010029075476616835
48,3,8,9,0.32142857142857145,0.1,13,0.0008790308654091748,0.0008485879997255135
48,3,8,9,0.32142857142857145,0.1,15,0.0007618016640641244,0.0007354266604001336
48,3,8,9,0.32142857142857145,0.1,17,0.0006721609959559058,0.0006488950491746832
48,3,8,9,0.32142857142857145,0.1,19,0.0006013952299058467,0.0005805827422078344
48,3,8,9,0.32142857142857145,0.5,1,0.2784910278278419,0.2631991518781062
48,3,8,9,0.32142857142857145,0.5,3,0.09235489823810439,0.08478705647942039
48,3,8,9,0.32142857142857145,0.5,5,0.05533590628535228,0.05073610975773119
48,3,8,9,0.32142857142857145,0.5,7,0.03949983673377988,0.03621303470396193
48,3,8,9,0.32142857142857145,0.5,9,0.030710454517898732,0.028156905515751215
48,3,8,9,0.32142857142857145,0.5,11,0.02512052052146029,0.023033766971691468
48,3,8,9,0.32142857142857145,0.5,13,0.02125212360320432,0.019488277907674184
48,3,8,9,0.32142857142857145,0.5,15,0.018416126887992334,0.016888826877797854
48,3,8,9,0.32142857142857145,0.5,17,0.01624790355978516,0.014901297673543932
48,3,8,9,0.32142857142857145,0.5,19,0.014536445689008833,0.013332351708814201
48,3,8,9,0.32142857142857145,1.0,1,0.9778515699553457,0.8761074324226983
48,3,8,9,0.32142857142857145,1.0,3,0.3329055139410766,0.26339401827219316
48,3,8,9,0.32142857142857145,1.0,5,0.20015361741475776,0.1563683384300128
48,3,8,9,0.32142857142857145,1.0,7,0.1430327439478018,0.11128512781035764
48,3,8,9,0.32142857142857145,1.0,9,0.11126267244720975,0.086400598468823
48,3,8,9,0.32142857142857145,1.0,11,0.09103658815810173,0.07061749420549197
48,3,8,9,0.32142857142857145,1.0,13,0.0770312972135693,0.05971252340069904
48,3,8,9,0.32142857142857145,1.0,15,0.06675988868018011,0.05172612204765019
48,3,8,9,0.32142857142857145,1.0,17,0.0589050004101878,0.04562459824591186
48,3,8,9,0.32142857142857145,1.0,19,0.052703699361033016,0.040810963057511314
49,3,8,9,0.32142857142857145,0.1,1,0.013212879534185129,0.015089935962935896
49,3,8,9,0.32142857142857145,0.1,3,0.004399809509211938,0.0050205225842198005
49,3,8,9,0.32142857142857145,0.1,5,0.0026393629957216997,0.0030109275401177765
49,3,8,9,0.32142857142857145,0.1,7,0.0018851005416285148,0.002150220221429671
49,3,8,9,0.32142857142857145,0.1,9,0.0014661209842229093,0.0016721987691298713
49,3,8,9,0.32142857142857145,0.1,11,0.0011995180402349483,0.0013680601399618738
49,3,8,9,0.32142857142857145,0.1,13,0.0010149560440129845,0.0011575288885348623
49,3,8,9,0.32142857142857145,0.1,15,0.0008796153923812536,0.0010031530870550948
49,3,8,9,0.32142857142857145,0.1,17,0.0007761223434791614,0.0008851089250427249
49,3,8,9,0.32142857142857145,0.1,19,0.0006944189825756736,0.0007919210392308193
49,3,8,9,0.32142857142857145,0.5,1,0.31181541842469934,0.3538963502808282
49,3,8,9,0.32142857142857145,0.5,3,0.10351659165279704,0.11856478674426729
49,3,8,9,0.32142857142857145,0.5,5,0.06204747497256547,0.07103952953818218
49,3,8,9,0.32142857142857145,0.5,7,0.04429979464643334,0.05070001244342615
49,3,8,9,0.32142857142857145,0.5,9,0.03444669834770847,0.03941257910863206
49,3,8,9,0.32142857142857145,0.5,11,0.028179096867965457,0.032235123208199865
49,3,8,9,0.32142857142857145,0.5,13,0.023841163082662212,0.027268841555534915
49,3,8,9,0.32142857142857145,0.5,15,0.020660626896247494,0.023628402939909737
49,3,8,9,0.32142857142857145,0.5,17,0.018228805150153637,0.0208454295073113
49,3,8,9,0.32142857142857145,0.5,19,0.016309162745069425,0.01864890673452254
49,3,8,9,0.32142857142857145,1.0,1,1.029567917289389,1.1309407522598542
49,3,8,9,0.32142857142857145,1.0,3,0.3480633943828978,0.40075381118964004
49,3,8,9,0.32142857142857145,1.0,5,0.20871468383598474,0.24032825501444866
49,3,8,9,0.32142857142857145,1.0,7,0.1490159725308815,0.1714103973450519
49,3,8,9,0.32142857142857145,1.0,9,0.11586713588641334,0.13316785705038062
49,3,8,9,0.32142857142857145,1.0,11,0.09478083357442839,0.10886411995801551
49,3,8,9,0.32142857142857145,1.0,13,0.08018702851905771,0.09205745557909771
49,3,8,9,0.32142857142857145,1.0,15,0.06948739804199924,0.07974390970122226
49,3,8,9,0.32142857142857145,1.0,17,0.061306835727104624,0.07033474007347389
49,3,8,9,0.32142857142857145,1.0,19,0.054849459801968856,0.0629110513385041
50,3,8,9,0.32142857142857145,0.1,1,0.016090300069365206,0.014953411060032559
50,3,8,9,0.32142857142857145,0.1,3,0.0053591947112630305,0.004960359986395371
50,3,8,9,0.32142857142857145,0.1,5,0.003215146393455021,0.0029736120669383048
50,3,8,9,0.32142857142857145,0.1,7,0.002296429524728198,0.0021232332302947615
50,3,8,9,0.32142857142857145,0.1,9,0.0017860690417895208,0.0016510729949706586
50,3,8,9,0.32142857142857145,0.1,11,0.0014613075208678875,0.0013507071083368341
50,3,8,9,0.32142857142857145,0.1,13,0.0012364784991053793,0.001142806483478048
50,3,8,9,0.32142857142857145,0.1,15,0.0010716068704712842,0.0009903692632811508
50,3,8,9,0.32142857142857145,0.1,17,0.0009455302434322884,0.0008738128271858443
50,3,8,9,0.32142857142857145,0.1,19,0.0008459970778307628,0.0007818026408729448
50,3,8,9,0.32142857142857145,0.5,1,0.36641211109517835,0.35520882904186174
50,3,8,9,0.32142857142857145,0.5,3,0.1209973784383149,0.11410722433506655
50,3,8,9,0.32142857142857145,0.5,5,0.07254512103401961,0.06805512684547363
50,3,8,9,0.32142857142857145,0.5,7,0.05180582554744212,0.048495209857141335
50,3,8,9,0.32142857142857145,0.5,9,0.04028897016173203,0.0376705853074759
50,3,8,9,0.32142857142857145,0.5,11,0.03296161766196437,0.030797075302344205
50,3,8,9,0.32142857142857145,0.5,13,0.027889465690815525,0.026045068397381983
50,3,8,9,0.32142857142857145,0.5,15,0.02417018865103253,0.02256361005797784
50,3,8,9,0.32142857142857145,0.5,17,0.02132619662563637,0.019903198640939857
50,3,8,9,0.32142857142857145,0.5,19,0.019081033334584926,0.017804010667562948
50,3,8,9,0.32142857142857145,1.0,1,1.0953180631616473,1.1530745627535854
50,3,8,9,0.32142857142857145,1.0,3,0.3650844537315929,0.36132450881455946
50,3,8,9,0.32142857142857145,1.0,5,0.2191317050610209,0.21379469227793615
50,3,8,9,0.32142857142857145,1.0,7,0.1565122309702759,0.15185786458522932
50,3,8,9,0.32142857142857145,1.0,9,0.12172063433901421,0.11775767071215212
50,3,8,9,0.32142857142857145,1.0,11,0.09958191781225616,0.09616736437534139
50,3,8,9,0.32142857142857145,1.0,13,0.0842564041725323,0.08126879812780716
50,3,8,9,0.32142857142857145,1.0,15,0.07301858702887772,0.07036791730446222
50,3,8,9,0.32142857142857145,1.0,17,0.06442556096464648,0.06204585466395312
50,3,8,9,0.32142857142857145,1.0,19,0.05764200000686067,0.05548421676319607
51,3,8,9,0.32142857142857145,0.1,1,0.00808101826827748,0.011682214406759662
51,3,8,9,0.32142857142857145,0.1,3,0.0026932188813862533,0.003893925779348702
51,3,8,9,0.32142857142857145,0.1,5,0.0016159098260039061,0.002336348320280273
51,3,8,9,0.32142857142857145,0.1,7,0.0011542170779168036,0.0016688188193567934
51,3,8,9,0.32142857142857145,0.1,9,0.000897723041697459,0.0012979697414392405
51,3,8,9,0.32142857142857145,0.1,11,0.0007345001105269157,0.0010619750559925736
51,3,8,9,0.32142857142857145,0.1,13,0.0006214998210376958,0.0008985941871282846
51,3,8,9,0.32142857142857145,0.1,15,0.0005386330300760295,0.0007787815793485354
51,3,8,9,0.32142857142857145,0.1,17,0.0004752643509389404,0.0006871601878848517
51,3,8,9,0.32142857142857145,0.1,19,0.00042523646971680197,0.0006148275182142918
51,3,8,9,0.32142857142857145,0.5,1,0.19632454904218563,0.2734696541606202
51,3,8,9,0.32142857142857145,0.5,3,0.06524410486393759,0.09111414719314771
51,3,8,9,0.32142857142857145,0.5,5,0.039140517482198746,0.0546639485684564
51,3,8,9,0.32142857142857145,0.5,7,0.027956397879496636,0.03904473655061637
51,3,8,9,0.32142857142857145,0.5,9,0.02174351357766437,0.03036782258443286
51,3,8,9,0.32142857142857145,0.5,11,0.017790002881155495,0.024846272780121487
51,3,8,9,0.32142857142857145,0.5,13,0.015053009240677756,0.02102370699963363
51,3,8,9,0.32142857142857145,0.5,15,0.013045903293528529,0.01822051213310114
51,3,8,9,0.32142857142857145,0.5,17,0.011511068734841721,0.01607690243354895
51,3,8,9,0.32142857142857145,0.5,19,0.010299363244830037,0.014384584332293589
51,3,8,9,0.32142857142857145,1.0,1,0.7080999371013625,0.8871644631485583
51,3,8,9,0.32142857142857145,1.0,3,0.2360769620325324,0.2955877068967095
51,3,8,9,0.32142857142857145,1.0,5,0.14174963959036477,0.17717165450234254
51,3,8,9,0.32142857142857145,1.0,7,0.10127065944614495,0.1265118947852276
51,3,8,9,0.32142857142857145,1.0,9,0.07877281118464788,0.09838520234775584
51,3,8,9,0.32142857142857145,1.0,11,0.06445328279860979,0.08049155892003235
51,3,8,9,0.32142857142857145,1.0,13,0.054538758350319926,0.06810558496736903
51,3,8,9,0.32142857142857145,1.0,15,0.047267666916085964,0.05902338990438072
51,3,8,9,0.32142857142857145,1.0,17,0.04170720332623476,0.052078604291297396
51,3,8,9,0.32142857142857145,1.0,19,0.03731724654405091,0.04659610714569284
52,3,8,9,0.32142857142857145,0.1,1,0.014543331321146706,0.015240712594336696
52,3,8,9,0.32142857142857145,0.1,3,0.004834985489521095,0.005062180148366631
52,3,8,9,0.32142857142857145,0.1,5,0.002899645051753874,0.0030355940887895547
52,3,8,9,0.32142857142857145,0.1,7,0.002070776682391189,0.002167790030930231
52,3,8,9,0.32142857142857145,0.1,9,0.0016104347359672615,0.0016858532667808725
52,3,8,9,0.32142857142857145,0.1,11,0.0013175410922027172,0.0013792294637057767
52,3,8,9,0.32142857142857145,0.1,13,0.0011147916322424792,0.0011669795792867766
52,3,8,9,0.32142857142857145,0.1,15,0.0009661205895255123,0.0010113440564246741
52,3,8,9,0.32142857142857145,0.1,17,0.0008524377192465896,0.0008923367760331647
52,3,8,9,0.32142857142857145,0.1,19,0.0007626921987354128,0.0007983885852870931
52,3,8,9,0.32142857142857145,0.5,1,0.3419456797771831,0.35287665201365537
52,3,8,9,0.32142857142857145,0.5,3,0.11145960458941973,0.11255666028062246
52,3,8,9,0.32142857142857145,0.5,5,0.06666965612886691,0.06716865233345562
52,3,8,9,0.32142857142857145,0.5,7,0.047564028191469925,0.04788406602472976
52,3,8,9,0.32142857142857145,0.5,9,0.036970727726538345,0.03720647177232328
52,3,8,9,0.32142857142857145,0.5,11,0.03023689124760032,0.030423696376316096
52,3,8,9,0.32142857142857145,0.5,13,0.02557823705802418,0.02573304684386042
52,3,8,9,0.32142857142857145,0.5,15,0.022163530164281683,0.022295766419787002
52,3,8,9,0.32142857142857145,0.5,17,0.01955320268877947,0.01966864726338127
52,3,8,9,0.32142857142857145,0.5,19,0.017492972504415227,0.017595431031274426
52,3,8,9,0.32142857142857145,1.0,1,1.0922746670385692,1.0921537844548685
52,3,8,9,0.32142857142857145,1.0,3,0.3478123919036456,0.31412906655493167
52,3,8,9,0.32142857142857145,1.0,5,0.20735868020945572,0.18473681752219756
52,3,8,9,0.32142857142857145,1.0,7,0.1477202578787917,0.13098949711397964
52,3,8,9,0.32142857142857145,1.0,9,0.11472605449967302,0.10150035001465034
52,3,8,9,0.32142857142857145,1.0,11,0.09378027961742906,0.08285900553220281
52,3,8,9,0.32142857142857145,1.0,13,0.0793021515979553,0.07000647062629693
52,3,8,9,0.32142857142857145,1.0,15,0.06869662900315013,0.060607535657514346
52,3,8,9,0.32142857142857145,1.0,17,0.06059321047890651,0.05343456321256711
52,3,8,9,0.32142857142857145,1.0,19,0.0541998527615123,0.047780282554569495
53,3,8,9,0.32142857142857145,0.1,1,0.016291770088562255,0.015641679347362474
53,3,8,9,0.32142857142857145,0.1,3,0.005411102272144268,0.005205491859604001
53,3,8,9,0.32142857142857145,0.1,5,0.0032445001105663755,0.0031227345008668045
53,3,8,9,0.32142857142857145,0.1,7,0.002316851682515684,0.0022303846104827266
53,3,8,9,0.32142857142857145,0.1,9,0.0018017182611528243,0.0017346893963703868
53,3,8,9,0.32142857142857145,0.1,11,0.0014739894610903154,0.0014192650251816732
53,3,8,9,0.32142857142857145,0.1,13,0.0012471380105929008,0.0012009018904737294
53,3,8,9,0.32142857142857145,0.1,15,0.001080799799293175,0.0010407726467543293
53,3,8,9,0.32142857142857145,0.1,17,0.0009536110956702675,0.0009183229057369338
53,3,8,9,0.32142857142857145,0.1,19,0.0008532057414610678,0.0008216532602592723
53,3,8,9,0.32142857142857145,0.5,1,0.37204852768571633,0.36586474284281034
53,3,8,9,0.32142857142857145,0.5,3,0.12057134085720837,0.1186495479089523
53,3,8,9,0.32142857142857145,0.5,5,0.07201179564678395,0.07104160612962337
53,3,8,9,0.32142857142857145,0.5,7,0.051342680259869905,0.05071090396636107
53,3,8,9,0.32142857142857145,0.5,9,0.03989391841429912,0.039430079228634535
53,3,8,9,0.32142857142857145,0.5,11,0.03262048738159914,0.03225566317498352
53,3,8,9,0.32142857142857145,0.5,13,0.027590419103307146,0.027290455081941986
53,3,8,9,0.32142857142857145,0.5,15,0.023904448892246112,0.023650091563932784
53,3,8,9,0.32142857142857145,0.5,17,0.02108731175339912,0.020866696111158982
53,3,8,9,0.32142857142857145,0.5,19,0.01886419221078099,0.018669512799621025
53,3,8,9,0.32142857142857145,1.0,1,1.081987215854169,1.1613216760742697
53,3,8,9,0.32142857142857145,1.0,3,0.3320456849501091,0.3718417456709463
53,3,8,9,0.32142857142857145,1.0,5,0.19609106769653742,0.22145640231545052
53,3,8,9,0.32142857142857145,1.0,7,0.13916337811678323,0.1576519410173397
53,3,8,9,0.32142857142857145,1.0,9,0.10786365482710776,0.12238449793558664
53,3,8,9,0.32142857142857145,1.0,11,0.08806218592759195,0.10001018099888484
53,3,8,9,0.32142857142857145,1.0,13,0.074405008851491,0.08455192896543763
53,3,8,9,0.32142857142857145,1.0,15,0.06441595168424914,0.07323245147805016
53,3,8,9,0.32142857142857145,1.0,17,0.05679196722641048,0.06458587892238622
53,3,8,9,0.32142857142857145,1.0,19,0.05078191255042692,0.05776546518230005
54,3,8,9,0.32142857142857145,0.1,1,0.014959683732004458,0.016379435451076504
54,3,8,9,0.32142857142857145,0.1,3,0.004949998504748323,0.005431655722974296
54,3,8,9,0.32142857142857145,0.1,5,0.0029658424184686384,0.003255847625185587
54,3,8,9,0.32142857142857145,0.1,7,0.0021172036106792066,0.002324658802038535
54,3,8,9,0.32142857142857145,0.1,9,0.0016461750115363742,0.0018076621788015172
54,3,8,9,0.32142857142857145,0.1,11,0.0013465909402157665,0.0014787860438028834
54,3,8,9,0.32142857142857145,0.1,13,0.0011392597697676803,0.00125115769432179
54,3,8,9,0.32142857142857145,0.1,15,0.0009872548451703197,0.0010842587903787085
54,3,8,9,0.32142857142857145,0.1,17,0.0008710373919508923,0.0009566464711952111
54,3,8,9,0.32142857142857145,0.1,19,0.0007792999747828821,0.0008559098323986255
54,3,8,9,0.32142857142857145,0.5,1,0.35812685398115834,0.388255373618571
54,3,8,9,0.32142857142857145,0.5,3,0.11402587212450266,0.12496791630093959
54,3,8,9,0.32142857142857145,0.5,5,0.06786703736861094,0.07459872109398785
54,3,8,9,0.32142857142857145,0.5,7,0.04831576402954768,0.05317777058404107
54,3,8,9,0.32142857142857145,0.5,9,0.03751097466140635,0.04131616589228399
54,3,8,9,0.32142857142857145,0.5,11,0.030655872667161868,0.03378163301620762
54,3,8,9,0.32142857142857145,0.5,13,0.025919302576215827,0.02857149524855288
54,3,8,9,0.32142857142857145,0.5,15,0.022450585361060423,0.024753821218425016
54,3,8,9,0.32142857142857145,0.5,17,0.01980073697573419,0.02183616256126096
54,3,8,9,0.32142857142857145,0.5,19,0.017710394183693995,0.019533800017614688
54,3,8,9,0.32142857142857145,1.0,1,1.1533736232051566,1.2267533826594623
54,3,8,9,0.32142857142857145,1.0,3,0.35649173529785594,0.37814477792557816
54,3,8,9,0.32142857142857145,1.0,5,0.21093494311742145,0.22472503489704193
54,3,8,9,0.32142857142857145,1.0,7,0.14979887186130733,0.15999748087551963
54,3,8,9,0.32142857142857145,1.0,9,0.11614167964859567,0.124245180192754
54,3,8,9,0.32142857142857145,1.0,11,0.09483514845578271,0.10156061167440754
54,3,8,9,0.32142857142857145,1.0,13,0.08013467196499863,0.08588363182739457
54,3,8,9,0.32142857142857145,1.0,15,0.06938019136304835,0.0744006449718761
54,3,8,9,0.32142857142857145,1.0,17,0.06117085092879707,0.06562683841374646
54,3,8,9,0.32142857142857145,1.0,19,0.054698732331981866,0.0587044412232203
55,3,8,9,0.32142857142857145,0.1,1,0.013664278637010719,0.014871077830665637
55,3,8,9,0.32142857142857145,0.1,3,0.004549113094633797,0.0049430318007356484
55,3,8,9,0.32142857142857145,0.1,5,0.0027290743263888918,0.0029644746150160753
55,3,8,9,0.32142857142857145,0.1,7,0.0019492397681447231,0.0021170942923722396
55,3,8,9,0.32142857142857145,0.1,9,0.001516036945022997,0.0016464662427113565
55,3,8,9,0.32142857142857145,0.1,11,0.0012403751890366617,0.0013470255215377762
55,3,8,9,0.32142857142857145,0.1,13,0.0010495378128469574,0.001139742637954901
55,3,8,9,0.32142857142857145,0.1,15,0.0009095930456651252,0.000987746580609364
55,3,8,9,0.32142857142857145,0.1,17,0.0008025779035856712,0.0008715207349357122
55,3,8,9,0.32142857142857145,0.1,19,0.0007180931198267653,0.0007797673945095724
55,3,8,9,0.32142857142857145,0.5,1,0.31799431042111354,0.34155694171142265
55,3,8,9,0.32142857142857145,0.5,3,0.10373214819356956,0.11014182524611103
55,3,8,9,0.32142857142857145,0.5,5,0.06207244766334254,0.06585815405363422
55,3,8,9,0.32142857142857145,0.5,7,0.04429502429305914,0.04698591207223401
55,3,8,9,0.32142857142857145,0.5,9,0.03443518984625635,0.03652327895976862
55,3,8,9,0.32142857142857145,0.5,11,0.028166234966911088,0.029872399006821666
55,3,8,9,0.32142857142857145,0.5,13,0.02382850184723356,0.025270933507402508
55,3,8,9,0.32142857142857145,0.5,15,0.02064863327095205,0.02189798564908623
55,3,8,9,0.32142857142857145,0.5,17,0.018217589525365827,0.019319467499768747
55,3,8,9,0.32142857142857145,0.5,19,0.01629871119971533,0.017284264034277956
55,3,8,9,0.32142857142857145,1.0,1,1.0143938723531052,1.0350565754283179
55,3,8,9,0.32142857142857145,1.0,3,0.3237807134503729,0.3154519772965735
55,3,8,9,0.32142857142857145,1.0,5,0.19225504111546696,0.18738056726565896
55,3,8,9,0.32142857142857145,1.0,7,0.1366981186653581,0.13335888838134904
55,3,8,9,0.32142857142857145,1.0,9,0.10604916026768989,0.10353797086200492
55,3,8,9,0.32142857142857145,1.0,11,0.08662616414977573,0.08462414947418137
55,3,8,9,0.32142857142857145,1.0,13,0.07321638210152008,0.07155627500148232
55,3,8,9,0.32142857142857145,1.0,15,0.06340172710626975,0.061985932359169285
55,3,8,9,0.32142857142857145,1.0,17,0.05590734533293131,0.054674330102311715
55,3,8,9,0.32142857142857145,1.0,19,0.049997419149328474,0.048906046163688904
56,3,8,9,0.32142857142857145,0.1,1,0.014316884449096262,0.012567165899645799
56,3,8,9,0.32142857142857145,0.1,3,0.0047570910274964935,0.004182264286314553
56,3,8,9,0.32142857142857145,0.1,5,0.0028527054448592025,0.0025090024976570117
56,3,8,9,0.32142857142857145,0.1,7,0.0020371921204112653,0.0017920692286545878
56,3,8,9,0.32142857142857145,0.1,9,0.0015842902516466305,0.001393805821873963
56,3,8,9,0.32142857142857145,0.1,11,0.0012961384412876365,0.0011403752148641548
56,3,8,9,0.32142857142857145,0.1,13,0.0010966749711563645,0.0009649270127440726
56,3,8,9,0.32142857142857145,0.1,15,0.0009504152686364749,0.0008362667119098634
56,3,8,9,0.32142857142857145,0.1,17,0.0008385772695046373,0.0007378803029408061
56,3,8,9,0.32142857142857145,0.1,19,0.0007502887726675176,0.0006602073150773784
56,3,8,9,0.32142857142857145,0.5,1,0.3322997637400071,0.2895900965770373
56,3,8,9,0.32142857142857145,0.5,3,0.10750977564190672,0.09296904757353108
56,3,8,9,0.32142857142857145,0.5,5,0.06428859491475755,0.055601702206167065
56,3,8,9,0.32142857142857145,0.5,7,0.045863481929077174,0.039677333215784205
56,3,8,9,0.32142857142857145,0.5,9,0.03564881780461537,0.03084705185813578
56,3,8,9,0.32142857142857145,0.5,11,0.029155896640771724,0.025232713851578426
56,3,8,9,0.32142857142857145,0.5,13,0.024663950334284385,0.021347770132294306
56,3,8,9,0.32142857142857145,0.5,15,0.02137143313781373,0.018499682459776273
56,3,8,9,0.32142857142857145,0.5,17,0.01885450049367589,0.016322180882154952
56,3,8,9,0.32142857142857145,0.5,19,0.0168679720619926,0.014603351867180203
56,3,8,9,0.32142857142857145,1.0,1,1.033925714738236,0.9057812826682603
56,3,8,9,0.32142857142857145,1.0,3,0.3222584523078794,0.2660967802139904
56,3,8,9,0.32142857142857145,1.0,5,0.19312874381784087,0.15776471220719732
56,3,8,9,0.32142857142857145,1.0,7,0.13792375295320194,0.11223207149769732
56,3,8,9,0.32142857142857145,1.0,9,0.10726780239434762,0.08711849650498348
56,3,8,9,0.32142857142857145,1.0,11,0.08776225378057312,0.07119607100993829
56,3,8,9,0.32142857142857145,1.0,13,0.07425926709637078,0.060197265523586785
56,3,8,9,0.32142857142857145,1.0,15,0.06435741534559004,0.05214330973582292
56,3,8,9,0.32142857142857145,1.0,17,0.05678557089116765,0.04599080352895529
56,3,8,9,0.32142857142857145,1.0,19,0.050807884593380745,0.04113731492438685
57,3,8,9,0.32142857142857145,0.1,1,0.013621175996008568,0.011014005683524623
57,3,8,9,0.32142857142857145,0.1,3,0.004541583374058815,0.003667887797669229
57,3,8,9,0.32142857142857145,0.1,5,0.0027250075978395988,0.0022005662253956485
57,3,8,9,0.32142857142857145,0.1,7,0.0019464453356427304,0.0015718002429846928
57,3,8,9,0.32142857142857145,0.1,9,0.0015139055571475614,0.0012225008078633845
57,3,8,9,0.32142857142857145,0.1,11,0.0012386515046006316,0.0010002235878897824
57,3,8,9,0.32142857142857145,0.1,13,0.0010480904662949183,0.0008463409208744457
57,3,8,9,0.32142857142857145,0.1,15,0.0009083454686274359,0.0007334943146749077
57,3,8,9,0.32142857142857145,0.1,17,0.0008014815304521557,0.0006472001876897558
57,3,8,9,0.32142857142857145,0.1,19,0.0007171152007483768,0.000579073426655254
57,3,8,9,0.32142857142857145,0.5,1,0.3178024570243164,0.262332231343948
57,3,8,9,0.32142857142857145,0.5,3,0.10672795000292401,0.08568744759642333
57,3,8,9,0.32142857142857145,0.5,5,0.06407933064482364,0.05131651942854603
57,3,8,9,0.32142857142857145,0.5,7,0.04577939334516225,0.036635519261669275
57,3,8,9,0.32142857142857145,0.5,9,0.035608903598578566,0.02848814193325462
57,3,8,9,0.32142857142857145,0.5,11,0.029135680524731387,0.023305927666579518
57,3,8,9,0.32142857142857145,0.5,13,0.02465381497527976,0.01971915711701015
57,3,8,9,0.32142857142857145,0.5,15,0.021366937086976713,0.0170892597758901
57,3,8,9,0.32142857142857145,0.5,17,0.01885335521730506,0.015078359616757757
57,3,8,9,0.32142857142857145,0.5,19,0.016868901588125824,0.013490913478402793
57,3,8,9,0.32142857142857145,1.0,1,1.022365559677956,0.8955165032717209
57,3,8,9,0.32142857142857145,1.0,3,0.35469306105963144,0.2838431305454542
57,3,8,9,0.32142857142857145,1.0,5,0.21357276641056813,0.1691484305361299
57,3,8,9,0.32142857142857145,1.0,7,0.1527012027900859,0.12058095413860666
57,3,8,9,0.32142857142857145,1.0,9,0.11881538502923009,0.0937073855035218
57,3,8,9,0.32142857142857145,1.0,11,0.09723238075681438,0.07663723632132682
57,3,8,9,0.32142857142857145,1.0,13,0.08228318625162521,0.06483104629478771
57,3,8,9,0.32142857142857145,1.0,15,0.07131733313038133,0.05617827189451431
57,3,8,9,0.32142857142857145,1.0,17,0.06293014774921794,0.04956396445977806
57,3,8,9,0.32142857142857145,1.0,19,0.05630785971714332,0.044343503072701976
58,3,8,9,0.32142857142857145,0.1,1,0.014958018719040766,0.011681267918523962
58,3,8,9,0.32142857142857145,0.1,3,0.0049813981650910465,0.0038891282190541172
58,3,8,9,0.32142857142857145,0.1,5,0.002988617853608976,0.0023332546629360336
58,3,8,9,0.32142857142857145,0.1,7,0.002134683540743734,0.0016665667300795831
58,3,8,9,0.32142857142857145,0.1,9,0.0016602954984389902,0.0012962045664920293
58,3,8,9,0.32142857142857145,0.1,11,0.0013584178236542256,0.0010605252100665586
58,3,8,9,0.32142857142857145,0.1,13,0.0011494276600892378,0.0008973646633297436
58,3,8,9,0.32142857142857145,0.1,15,0.0009961691129342556,0.0007777145070144482
58,3,8,9,0.32142857142857145,0.1,17,0.0008789718469535038,0.0006862177777659782
58,3,8,9,0.32142857142857145,0.1,19,0.000786447930166552,0.0006139837597637607
58,3,8,9,0.32142857142857145,0.5,1,0.3489806985753087,0.27309963083837113
58,3,8,9,0.32142857142857145,0.5,3,0.11384145853790346,0.08850463567524257
58,3,8,9,0.32142857142857145,0.5,5,0.06818656158283506,0.05297984594111411
58,3,8,9,0.32142857142857145,0.5,7,0.048681424839890464,0.03781852463507214
58,3,8,9,0.32142857142857145,0.5,9,0.03785588698941682,0.029406652189667974
58,3,8,9,0.32142857142857145,0.5,11,0.030969916036868803,0.02405677544291775
58,3,8,9,0.32142857142857145,0.5,13,0.026203813572332327,0.020354169420874636
58,3,8,9,0.32142857142857145,0.5,15,0.02270915616654528,0.017639429883355637
58,3,8,9,0.32142857142857145,0.5,17,0.02003700979913818,0.015563701419851356
58,3,8,9,0.32142857142857145,0.5,19,0.017927549153671483,0.013925102478303511
58,3,8,9,0.32142857142857145,1.0,1,1.1083832248250594,0.8936902942897798
58,3,8,9,0.32142857142857145,1.0,3,0.3435461122899105,0.27153410976546305
58,3,8,9,0.32142857142857145,1.0,5,0.2047755443178597,0.16144606981799217
58,3,8,9,0.32142857142857145,1.0,7,0.14600134796718817,0.11502536219510395
58,3,8,9,0.32142857142857145,1.0,9,0.1134711074271251,0.0893700119877213
58,3,8,9,0.32142857142857145,1.0,11,0.09280457540223004,0.0730818689709443
58,3,8,9,0.32142857142857145,1.0,13,0.0785097069557329,0.0618194867462516
58,3,8,9,0.32142857142857145,1.0,15,0.06803236995093206,0.053566543164106424
58,3,8,9,0.32142857142857145,1.0,17,0.060023032381224785,0.04725849471063604
58,3,8,9,0.32142857142857145,1.0,19,0.05370134935186002,0.04228008728035896
59,3,8,9,0.32142857142857145,0.1,1,0.017166841675087682,0.011805892190250578
59,3,8,9,0.32142857142857145,0.1,3,0.005721200069829856,0.003913195185901931
59,3,8,9,0.32142857142857145,0.1,5,0.0034326604963489738,0.002345544523202064
59,3,8,9,0.32142857142857145,0.1,7,0.002451886776220166,0.0016746828070044691
59,3,8,9,0.32142857142857145,0.1,9,0.0019070180988260015,0.0013022300083946744
59,3,8,9,0.32142857142857145,0.1,11,0.0015602852349647048,0.0010653053973395906
59,3,8,9,0.32142857142857145,0.1,13,0.0013202401110351237,0.0009013216319891321
59,3,8,9,0.32142857142857145,0.1,15,0.0011442073546758555,0.0007810880298491236
59,3,8,9,0.32142857142857145,0.1,17,0.0010095942482534791,0.0006891567086334819
59,3,8,9,0.32142857142857145,0.1,19,0.000903320845993645,0.0006165866819851168
59,3,8,9,0.32142857142857145,0.5,1,0.3893695846984376,0.28289306896757577
59,3,8,9,0.32142857142857145,0.5,3,0.1295616261322459,0.0902926000817382
59,3,8,9,0.32142857142857145,0.5,5,0.07771896321492236,0.05385657456284833
59,3,8,9,0.32142857142857145,0.5,7,0.05550741702273732,0.03838139175618097
59,3,8,9,0.32142857142857145,0.5,9,0.04316965776604455,0.0298163202602338
59,3,8,9,0.32142857142857145,0.5,11,0.035319145181994735,0.024377087179575853
59,3,8,9,0.32142857142857145,0.5,13,0.029884547499174612,0.020616400045495854
59,3,8,9,0.32142857142857145,0.5,15,0.02589937402607856,0.017861060643992555
59,3,8,9,0.32142857142857145,0.5,17,0.022852003312333127,0.015755434287618334
59,3,8,9,0.32142857142857145,0.5,19,0.02044625543594802,0.014093940436321773
59,3,8,9,0.32142857142857145,1.0,1,1.1636649439372082,0.9325828864022718
59,3,8,9,0.32142857142857145,1.0,3,0.3993274884139219,0.2826971683343181
59,3,8,9,0.32142857142857145,1.0,5,0.24011127086783604,0.16795557286702392
59,3,8,9,0.32142857142857145,1.0,7,0.17151730419378397,0.11955088190630027
59,3,8,9,0.32142857142857145,1.0,9,0.13337468917122164,0.09282134761029467
59,3,8,9,0.32142857142857145,1.0,11,0.10910058232747878,0.07586532075969601
59,3,8,9,0.32142857142857145,1.0,13,0.09229794468721969,0.06414922312156372
59,3,8,9,0.32142857142857145,1.0,15,0.07997845118683326,0.0555686058915903
59,3,8,9,0.32142857142857145,1.0,17,0.07055952407291298,0.04901309506364155
59,3,8,9,0.32142857142857145,1.0,19,0.06312488617412478,0.04384133408600708
60,3,8,9,0.32142857142857145,0.1,1,0.01574550109439908,0.01548291055034815
60,3,8,9,0.32142857142857145,0.1,3,0.005243292698816101,0.005152653987000401
60,3,8,9,0.32142857142857145,0.1,5,0.0031457213379037906,0.0030910779976845277
60,3,8,9,0.32142857142857145,0.1,7,0.002246892754477889,0.0022077904346142923
60,3,8,9,0.32142857142857145,0.1,9,0.0017475665815987174,0.0017171244990274886
60,3,8,9,0.32142857142857145,0.1,11,0.0014298201614422652,0.0014048983248392036
60,3,8,9,0.32142857142857145,0.1,13,0.0012098443353365479,0.0011887482249553086
60,3,8,9,0.32142857142857145,0.1,15,0.0010485298213962142,0.001030241273817878
60,3,8,9,0.32142857142857145,0.1,17,0.0009251722088616153,0.0009090317559445358
60,3,8,9,0.32142857142857145,0.1,19,0.0008277849175400417,0.0008133410123358623
60,3,8,9,0.32142857142857145,0.5,1,0.358574796665273,0.3521904827238007
60,3,8,9,0.32142857142857145,0.5,3,0.11676569283388435,0.11349604815460793
60,3,8,9,0.32142857142857145,0.5,5,0.0699196193092249,0.06791552467934132
60,3,8,9,0.32142857142857145,0.5,7,0.04991352917494288,0.04847456765696262
60,3,8,9,0.32142857142857145,0.5,9,0.03881185941536981,0.03769048452706572
60,3,8,9,0.32142857142857145,0.5,11,0.031750917148741065,0.030832600614607922
60,3,8,9,0.32142857142857145,0.5,13,0.026864004393799025,0.02608659913400266
60,3,8,9,0.32142857142857145,0.5,15,0.023280914689304294,0.02260698149850236
60,3,8,9,0.32142857142857145,0.5,17,0.020541233346810968,0.019946489628715782
60,3,8,9,0.32142857142857145,0.5,19,0.01837850925609426,0.017846315920760483
60,3,8,9,0.32142857142857145,1.0,1,1.0793945933483928,1.0540427211603844
60,3,8,9,0.32142857142857145,1.0,3,0.3359054750688091,0.3180176331418116
60,3,8,9,0.32142857142857145,1.0,5,0.1998592444127804,0.18902252519714655
60,3,8,9,0.32142857142857145,1.0,7,0.14234038450611922,0.134600347277908
60,3,8,9,0.32142857142857145,1.0,9,0.11055004168220749,0.10453594069622715
60,3,8,9,0.32142857142857145,1.0,11,0.09037359228276506,0.08545772141835423
60,3,8,9,0.32142857142857145,1.0,13,0.07642768924045891,0.07227152559857786
60,3,8,9,0.32142857142857145,1.0,15,0.06621160309316086,0.0626120502858109
60,3,8,9,0.32142857142857145,1.0,17,0.058405221225228315,0.05523094370657247
60,3,8,9,0.32142857142857145,1.0,19,0.05224576745623759,0.0494069720869092
61,3,8,9,0.32142857142857145,0.1,1,0.012623195177860657,0.01715698251656586
61,3,8,9,0.32142857142857145,0.1,3,0.004197603793208106,0.005712373436884664
61,3,8,9,0.32142857142857145,0.1,5,0.0025174726383444777,0.0034266963999315587
61,3,8,9,0.32142857142857145,0.1,7,0.0017978703776731389,0.002447422518872826
61,3,8,9,0.32142857142857145,0.1,9,0.0013982053302141041,0.0019034577596490573
61,3,8,9,0.32142857142857145,0.1,11,0.001143914740536251,0.0015573263702474596
61,3,8,9,0.32142857142857145,0.1,13,0.0009678862275225333,0.001317709604063712
61,3,8,9,0.32142857142857145,0.1,15,0.0008388083711496737,0.0011419971883882471
61,3,8,9,0.32142857142857145,0.1,17,0.0007401072973920725,0.0010076325932962015
61,3,8,9,0.32142857142857145,0.1,19,0.0006621887651731676,0.0009015575536226523
61,3,8,9,0.32142857142857145,0.5,1,0.29794505764617285,0.38747524931810584
61,3,8,9,0.32142857142857145,0.5,3,0.09743124494645541,0.12795580643418653
61,3,8,9,0.32142857142857145,0.5,5,0.05830114218079708,0.07666041091528501
61,3,8,9,0.32142857142857145,0.5,7,0.041599157927967145,0.054727114679565134
61,3,8,9,0.32142857142857145,0.5,9,0.03233640840917969,0.04255335844794342
61,3,8,9,0.32142857142857145,0.5,11,0.02644765981208,0.0348103341243063
61,3,8,9,0.32142857142857145,0.5,13,0.022373369328373548,0.029451466840349397
61,3,8,9,0.32142857142857145,0.5,15,0.019386848553684995,0.025522475073187122
61,3,8,9,0.32142857142857145,0.5,17,0.017103765500554053,0.022518420009777516
61,3,8,9,0.32142857142857145,0.5,19,0.015301771502520448,0.020147077618993033
61,3,8,9,0.32142857142857145,1.0,1,0.9693847425822892,1.1319396329626057
61,3,8,9,0.32142857142857145,1.0,3,0.31140019351884557,0.3686740370500494
61,3,8,9,0.32142857142857145,1.0,5,0.18601989237838631,0.21961654992597499
61,3,8,9,0.32142857142857145,1.0,7,0.13260304575671203,0.15647537480720627
61,3,8,9,0.32142857142857145,1.0,9,0.10301589609510359,0.12155635615057311
61,3,8,9,0.32142857142857145,1.0,11,0.08422218675461134,0.09938650772801796
61,3,8,9,0.32142857142857145,1.0,13,0.07122726193305247,0.08405912535113604
61,3,8,9,0.32142857142857145,1.0,15,0.061706161689538956,0.07282905795695112
61,3,8,9,0.32142857142857145,1.0,17,0.05443023498534841,0.06424669592879731
61,3,8,9,0.32142857142857145,1.0,19,0.04868911612654452,0.057474233915930775
62,3,8,9,0.32142857142857145,0.1,1,0.014956615957797929,0.013798076362179204
62,3,8,9,0.32142857142857145,0.1,3,0.004980158753128995,0.0045770353549633965
62,3,8,9,0.32142857142857145,0.1,5,0.0029877064188350943,0.0027439830529747463
62,3,8,9,0.32142857142857145,0.1,7,0.0021339757814786246,0.001959336194868095
62,3,8,9,0.32142857142857145,0.1,9,0.0016597194271728967,0.0015236533675997426
62,3,8,9,0.32142857142857145,0.1,11,0.0013579328411616302,0.0012464844972742085
62,3,8,9,0.32142857142857145,0.1,13,0.0011490091675148675,0.0010546358683802895
62,3,8,9,0.32142857142857145,0.1,15,0.0009958012002830893,0.000913966138767084
62,3,8,9,0.32142857142857145,0.1,17,0.0008786436681204616,0.0008064060683302923
62,3,8,9,0.32142857142857145,0.1,19,0.0007861517732407514,0.0007214968493504916
62,3,8,9,0.32142857142857145,0.5,1,0.34558076616897776,0.32598706990145887
62,3,8,9,0.32142857142857145,0.5,3,0.11303574154352854,0.10352863693752329
62,3,8,9,0.32142857142857145,0.5,5,0.06769176866743888,0.061690277904484635
62,3,8,9,0.32142857142857145,0.5,7,0.048320956519549256,0.04395219993412181
62,3,8,9,0.32142857142857145,0.5,9,0.03757177738169285,0.03414048240236881
62,3,8,9,0.32142857142857145,0.5,11,0.030735302328561514,0.027911162401861728
62,3,8,9,0.32142857142857145,0.5,13,0.026003948397337048,0.023604761595427966
62,3,8,9,0.32142857142857145,0.5,15,0.022535048336205128,0.02044981732034435
62,3,8,9,0.32142857142857145,0.5,17,0.019882765789031347,0.0180389128800726
62,3,8,9,0.32142857142857145,0.5,19,0.017789093954024837,0.016136579791629586
62,3,8,9,0.32142857142857145,1.0,1,1.0868164942465075,1.062109719345721
62,3,8,9,0.32142857142857145,1.0,3,0.3451938072205575,0.30859499609110175
62,3,8,9,0.32142857142857145,1.0,5,0.20601669262719147,0.18096217522862673
62,3,8,9,0.32142857142857145,1.0,7,0.14687743074296078,0.12820723126058103
62,3,8,9,0.32142857142857145,1.0,9,0.11412921110143154,0.09931453645239244
62,3,8,9,0.32142857142857145,1.0,11,0.09332506329991927,0.08106486575638765
62,3,8,9,0.32142857142857145,1.0,13,0.07893732856923791,0.06848741825560425
62,3,8,9,0.32142857142857145,1.0,15,0.06839381757152402,0.05929161789299807
62,3,8,9,0.32142857142857145,1.0,17,0.06033525805574898,0.05227449516136358
62,3,8,9,0.32142857142857145,1.0,19,0.05397569225468263,0.04674342246963039
63,3,8,9,0.32142857142857145,0.1,1,0.015212353222024699,0.01672863548049817
63,3,8,9,0.32142857142857145,0.1,3,0.005061923263963899,0.005563502544929706
63,3,8,9,0.32142857142857145,0.1,5,0.0030364529213808837,0.003336570126772273
63,3,8,9,0.32142857142857145,0.1,7,0.002168706872240501,0.0023827947355306487
63,3,8,9,0.32142857142857145,0.1,9,0.0016866961062405933,0.0018530816723393356
63,3,8,9,0.32142857142857145,0.1,11,0.0013799861984751236,0.0015160519130842562
63,3,8,9,0.32142857142857145,0.1,13,0.0011676590642784198,0.0012827511444041264
63,3,8,9,0.32142857142857145,0.1,15,0.0010119577671165254,0.0011116782347331425
63,3,8,9,0.32142857142857145,0.1,17,0.0008928949989400487,0.0009808659535581448
63,3,8,9,0.32142857142857145,0.1,19,0.000798899834039321,0.0008775981085947858
63,3,8,9,0.32142857142857145,0.5,1,0.3480861575999659,0.3877249529766293
63,3,8,9,0.32142857142857145,0.5,3,0.11287154039360679,0.12791463360744662
63,3,8,9,0.32142857142857145,0.5,5,0.06753071712121993,0.07659890211504711
63,3,8,9,0.32142857142857145,0.5,7,0.04819007203613235,0.05466738364762779
63,3,8,9,0.32142857142857145,0.5,9,0.03746377414693047,0.042499047513559755
63,3,8,9,0.32142857142857145,0.5,11,0.030643899669565856,0.034761480632341656
63,3,8,9,0.32142857142857145,0.5,13,0.025924903434300886,0.029407411666002015
63,3,8,9,0.32142857142857145,0.5,15,0.022465493045269548,0.025482507161607708
63,3,8,9,0.32142857142857145,0.5,17,0.019820702083108068,0.022481918241904375
63,3,8,9,0.32142857142857145,0.5,19,0.017733084119463245,0.02011352831797269
63,3,8,9,0.32142857142857145,1.0,1,1.0564930903137792,1.1926768569668251
63,3,8,9,0.32142857142857145,1.0,3,0.3279018377574576,0.39460109620355716
63,3,8,9,0.32142857142857145,1.0,5,0.19530234511363964,0.2365533737748347
63,3,8,9,0.32142857142857145,1.0,7,0.13914441922273524,0.16891458683129407
63,3,8,9,0.32142857142857145,1.0,9,0.10808505175051966,0.13135651825065012
63,3,8,9,0.32142857142857145,1.0,11,0.0883659369761969,0.10746237439271297
63,3,8,9,0.32142857142857145,1.0,13,0.0747335765657701,0.09092312609576475
63,3,8,9,0.32142857142857145,1.0,15,0.06474601458189345,0.07879581920306486
63,3,8,9,0.32142857142857145,1.0,17,0.05711366707171116,0.06952284229428428
63,3,8,9,0.32142857142857145,1.0,19,0.051091209110028714,0.06220259315941376
64,3,8,9,0.32142857142857145,0.1,1,0.014573675479326377,0.015443131316251161
64,3,8,9,0.32142857142857145,0.1,3,0.004859870038534922,0.005135424428903669
64,3,8,9,0.32142857142857145,0.1,5,0.002915851874951105,0.0030802130131806203
64,3,8,9,0.32142857142857145,0.1,7,0.0020827074266195566,0.002199864880295646
64,3,8,9,0.32142857142857145,0.1,9,0.0016198600541652197,0.0017108882636522034
64,3,8,9,0.32142857142857145,0.1,11,0.0013253264318193758,0.0013997583006799539
64,3,8,9,0.32142857142857145,0.1,13,0.0011214215526171936,0.0011843768394410531
64,3,8,9,0.32142857142857145,0.1,15,0.0009718930342285405,0.0010264386365885665
64,3,8,9,0.32142857142857145,0.1,17,0.0008575487480176507,0.000905666953996454
64,3,8,9,0.32142857142857145,0.1,19,0.0007672776172279306,0.0008103236558959147
64,3,8,9,0.32142857142857145,0.5,1,0.34166069428880164,0.3526347920668226
64,3,8,9,0.32142857142857145,0.5,3,0.11614524180378341,0.11347721312686801
64,3,8,9,0.32142857142857145,0.5,5,0.06977716359706009,0.06782773756260317
64,3,8,9,0.32142857142857145,0.5,7,0.04985488247800821,0.04838615389755617
64,3,8,9,0.32142857142857145,0.5,9,0.03877936100422171,0.03761021081954269
64,3,8,9,0.32142857142857145,0.5,11,0.03172947634285887,0.030760817720547194
64,3,8,9,0.32142857142857145,0.5,13,0.02684822984457531,0.02602224210081907
64,3,8,9,0.32142857142857145,0.5,15,0.023268455690603075,0.02254888791252611
64,3,8,9,0.32142857142857145,0.5,17,0.020530910632895753,0.019893657862548535
64,3,8,9,0.32142857142857145,0.5,19,0.01836966597225313,0.017797929606811185
64,3,8,9,0.32142857142857145,1.0,1,1.108319391321515,1.0820741802262235
64,3,8,9,0.32142857142857145,1.0,3,0.40211552919972043,0.32490786122551274
64,3,8,9,0.32142857142857145,1.0,5,0.24277623816110938,0.19253134345088574
64,3,8,9,0.32142857142857145,1.0,7,0.17368168392081532,0.13696063102697686
64,3,8,9,0.32142857142857145,1.0,9,0.13516358444368842,0.10631850812326993
64,3,8,9,0.32142857142857145,1.0,11,0.11061705421269594,0.0868915125276175
64,3,8,9,0.32142857142857145,1.0,13,0.09361126383603173,0.07347144396571849
64,3,8,9,0.32142857142857145,1.0,15,0.0811354644962156,0.06364405475248176
64,3,8,9,0.32142857142857145,1.0,17,0.07159292413047398,0.05613644978493782
64,3,8,9,0.32142857142857145,1.0,19,0.06405824129406607,0.05021371126289006
65,3,8,9,0.32142857142857145,0.1,1,0.01603504951117841,0.017376972233567888
65,3,8,9,0.32142857142857145,0.1,3,0.005338802580927227,0.005780018827596513
65,3,8,9,0.32142857142857145,0.1,5,0.0032027437492673214,0.003466745249629209
65,3,8,9,0.32142857142857145,0.1,7,0.0022875247866704423,0.00247587499360633
65,3,8,9,0.32142857142857145,0.1,9,0.0017791245234162333,0.0019255232210402809
65,3,8,9,0.32142857142857145,0.1,11,0.0014556163022809733,0.001575347165608857
65,3,8,9,0.32142857142857145,0.1,13,0.0012316575171139228,0.0013329390407988454
65,3,8,9,0.32142857142857145,0.1,15,0.0010674253565406615,0.001155184122866058
65,3,8,9,0.32142857142857145,0.1,17,0.0009418384568005535,0.001019260147366984
65,3,8,9,0.32142857142857145,0.1,19,0.0008426923523917221,0.000911955553423337
65,3,8,9,0.32142857142857145,0.5,1,0.36692748633670846,0.399225460438788
65,3,8,9,0.32142857142857145,0.5,3,0.12037448781211524,0.13022454440143189
65,3,8,9,0.32142857142857145,0.5,5,0.07209557748546111,0.07786779531515232
65,3,8,9,0.32142857142857145,0.5,7,0.05146414277274436,0.055547426528246076
65,3,8,9,0.32142857142857145,0.5,9,0.04001492342644112,0.04317426656581224
65,3,8,9,0.32142857142857145,0.5,11,0.03273327273282102,0.03530978031153869
65,3,8,9,0.32142857142857145,0.5,13,0.027693911488903353,0.029869188813029194
65,3,8,9,0.32142857142857145,0.5,15,0.0239992571511168,0.025881456272720312
65,3,8,9,0.32142857142857145,0.5,17,0.021174413733660413,0.022833144901897872
65,3,8,9,0.32142857142857145,0.5,19,0.01894455887075317,0.0204272615413038
65,3,8,9,0.32142857142857145,1.0,1,1.107266538775957,1.217993650747577
65,3,8,9,0.32142857142857145,1.0,3,0.3559642901894901,0.3836868757974362
65,3,8,9,0.32142857142857145,1.0,5,0.21261522660977913,0.22660131703018843
65,3,8,9,0.32142857142857145,1.0,7,0.151572253172805,0.1608412099310539
65,3,8,9,0.32142857142857145,1.0,9,0.11776137831882132,0.1246819861357868
65,3,8,9,0.32142857142857145,1.0,11,0.09628344340465794,0.10180311726626493
65,3,8,9,0.32142857142857145,1.0,13,0.08143149191027933,0.08602148830544025
65,3,8,9,0.32142857142857145,1.0,15,0.07054911047279021,0.07447736369383022
65,3,8,9,0.32142857142857145,1.0,17,0.06223245701798573,0.06566572502695119
65,3,8,9,0.32142857142857145,1.0,19,0.05566984100261881,0.05871891961396968
66,3,8,9,0.32142857142857145,0.1,1,0.012857747549769026,0.014564817143138715
66,3,8,9,0.32142857142857145,0.1,3,0.004286667553185682,0.004856680152940322
66,3,8,9,0.32142857142857145,0.1,5,0.0025720364408317164,0.002914091717277856
66,3,8,9,0.32142857142857145,0.1,7,0.0018371759496319275,0.0020815105416532452
66,3,8,9,0.32142857142857145,0.1,9,0.0014289168879489684,0.0016189579113312512
66,3,8,9,0.32142857142857145,0.1,11,0.001169114753550259,0.0013246041092014988
66,3,8,9,0.32142857142857145,0.1,13,0.0009892514008807381,0.0011208199234162828
66,3,8,9,0.32142857142857145,0.1,15,0.0008573514618088973,0.0009713778443100752
66,3,8,9,0.32142857142857145,0.1,17,0.0007564867300203764,0.0008570984383802018
66,3,8,9,0.32142857142857145,0.1,19,0.0006768566395526259,0.0007668777637214859
66,3,8,9,0.32142857142857145,0.5,1,0.3028764922418651,0.3408712037481314
66,3,8,9,0.32142857142857145,0.5,3,0.10146458746085227,0.11481174031607562
66,3,8,9,0.32142857142857145,0.5,5,0.06089907824253958,0.0689449296113057
66,3,8,9,0.32142857142857145,0.5,7,0.04350322256439662,0.04925778329159387
66,3,8,9,0.32142857142857145,0.5,9,0.03383706971305795,0.038315260960986794
66,3,8,9,0.32142857142857145,0.5,11,0.027685382347653362,0.031350362522996604
66,3,8,9,0.32142857142857145,0.5,13,0.023426338967644674,0.026527966037319495
66,3,8,9,0.32142857142857145,0.5,15,0.020302960792727417,0.022991304235071272
66,3,8,9,0.32142857142857145,0.5,17,0.01791445593142777,0.020286680994525998
66,3,8,9,0.32142857142857145,0.5,19,0.016028773109457484,0.018151389003078052
66,3,8,9,0.32142857142857145,1.0,1,1.0063961553660783,1.0976539632595723
66,3,8,9,0.32142857142857145,1.0,3,0.3458987826064635,0.38629505921394164
66,3,8,9,0.32142857142857145,1.0,5,0.20764959169543493,0.23280473375209257
66,3,8,9,0.32142857142857145,1.0,7,0.148307314245515,0.16649186777877753
66,3,8,9,0.32142857142857145,1.0,9,0.1153404307946424,0.12955862610858998
66,3,8,9,0.32142857142857145,1.0,11,0.09436428026219508,0.10602942141428785
66,3,8,9,0.32142857142857145,1.0,13,0.0798438634586093,0.08973030069335035
66,3,8,9,0.32142857142857145,1.0,15,0.06919636361212213,0.07777338338254075
66,3,8,9,0.32142857142857145,1.0,17,0.06105459816560112,0.06862777407487643
66,3,8,9,0.32142857142857145,1.0,19,0.05462714168075306,0.06140643323922798
67,3,8,9,0.32142857142857145,0.1,1,0.015450495821293389,0.012265210403574622
67,3,8,9,0.32142857142857145,0.1,3,0.00513857150783936,0.004083440842007474
67,3,8,9,0.32142857142857145,0.1,5,0.00308197933954632,0.0024497864015235247
67,3,8,9,0.32142857142857145,0.1,7,0.0022010741316400135,0.0017497851187140607
67,3,8,9,0.32142857142857145,0.1,9,0.001711803098252499,0.0013609216428747363
67,3,8,9,0.32142857142857145,0.1,11,0.0014004924956299977,0.001113471106566179
67,3,8,9,0.32142857142857145,0.1,13,0.0011849893428698833,0.0009421623987522597
67,3,8,9,0.32142857142857145,0.1,15,0.0010269637577542889,0.0008165375166663643
67,3,8,9,0.32142857142857145,0.1,17,0.0009061263586582623,0.0007204722223919923
67,3,8,9,0.32142857142857145,0.1,19,0.0008107318762629433,0.0006446316546836775
67,3,8,9,0.32142857142857145,0.5,1,0.3536544326409981,0.2914843966011048
67,3,8,9,0.32142857142857145,0.5,3,0.11519186403396621,0.095170500771836
67,3,8,9,0.32142857142857145,0.5,5,0.06892569916700234,0.05698064240237781
67,3,8,9,0.32142857142857145,0.5,7,0.049183025344229706,0.040672721218659655
67,3,8,9,0.32142857142857145,0.5,9,0.03823367831038396,0.0316243352858414
67,3,8,9,0.32142857142857145,0.5,11,0.03127229836039156,0.025869860741891758
67,3,8,9,0.32142857142857145,0.5,13,0.026455625488955876,0.021887428835824348
67,3,8,9,0.32142857142857145,0.5,15,0.022924767765308596,0.018967654021415117
67,3,8,9,0.32142857142857145,0.5,17,0.020225457950256487,0.016735241078839527
67,3,8,9,0.32142857142857145,0.5,19,0.018094876831526784,0.01497301402213321
67,3,8,9,0.32142857142857145,1.0,1,1.0487131340292313,0.9884221942741118
67,3,8,9,0.32142857142857145,1.0,3,0.3311013009531355,0.3186599435413081
67,3,8,9,0.32142857142857145,1.0,5,0.19789202596041475,0.18957614531838854
67,3,8,9,0.32142857142857145,1.0,7,0.1411409630079613,0.13495563524718499
67,3,8,9,0.32142857142857145,1.0,9,0.1096889276277555,0.10477938335974392
67,3,8,9,0.32142857142857145,1.0,11,0.08970093751923702,0.08563539029388473
67,3,8,9,0.32142857142857145,1.0,13,0.07587503604019646,0.07240763745137405
67,3,8,9,0.32142857142857145,1.0,15,0.06574214124890318,0.06272026203065109
67,3,8,9,0.32142857142857145,1.0,17,0.0579968972926322,0.05531949226043271
67,3,8,9,0.32142857142857145,1.0,19,0.051884318234910506,0.049481112321071
68,3,8,9,0.32142857142857145,0.1,1,0.016494246897921835,0.014415340112700256
68,3,8,9,0.32142857142857145,0.1,3,0.005489437761393829,0.004795326758977718
68,3,8,9,0.32142857142857145,0.1,5,0.0032930932463506174,0.0028764616212140224
68,3,8,9,0.32142857142857145,0.1,7,0.0023520697167756384,0.00205442259642056
68,3,8,9,0.32142857142857145,0.1,9,0.0018293341692186742,0.0015978073558944972
68,3,8,9,0.32142857142857145,0.1,11,0.0014967022918727277,0.0013072588559025317
68,3,8,9,0.32142857142857145,0.1,13,0.0012664261894523297,0.0011061205618717966
68,3,8,9,0.32142857142857145,0.1,15,0.0010975607032694707,0.0009586244663492115
68,3,8,9,0.32142857142857145,0.1,17,0.000968430257868146,0.0008458362783615633
68,3,8,9,0.32142857142857145,0.1,19,0.0008664863374590995,0.0007567947309166024
68,3,8,9,0.32142857142857145,0.5,1,0.37584907041841814,0.3307055735085449
68,3,8,9,0.32142857142857145,0.5,3,0.12154373859483343,0.10620130202591709
68,3,8,9,0.32142857142857145,0.5,5,0.07270713079803837,0.06350111932782278
68,3,8,9,0.32142857142857145,0.5,7,0.05188371092633491,0.045309984163988695
68,3,8,9,0.32142857142857145,0.5,9,0.04033590192349595,0.035224244371254015
68,3,8,9,0.32142857142857145,0.5,11,0.03299374910506974,0.028812234607356796
68,3,8,9,0.32142857142857145,0.5,13,0.027913308955816906,0.024375581791241985
68,3,8,9,0.32142857142857145,0.5,15,0.02418887519822913,0.021123164485016555
68,3,8,9,0.32142857142857145,0.5,17,0.021341425463724115,0.018636609944548386
68,3,8,9,0.32142857142857145,0.5,19,0.019093810907883584,0.016673874691376604
68,3,8,9,0.32142857142857145,1.0,1,1.128290901994505,1.0020554285168553
68,3,8,9,0.32142857142857145,1.0,3,0.346725971506529,0.2836319825861471
68,3,8,9,0.32142857142857145,1.0,5,0.20663493644712203,0.16795869924240822
68,3,8,9,0.32142857142857145,1.0,7,0.1472539986468936,0.119522907385189
68,3,8,9,0.32142857142857145,1.0,9,0.11439642968331212,0.09281547018106649
68,3,8,9,0.32142857142857145,1.0,11,0.0935307393600198,0.07587771908712557
68,3,8,9,0.32142857142857145,1.0,13,0.07910386603126338,0.06417327918133407
68,3,8,9,0.32142857142857145,1.0,15,0.06853341224845148,0.055599660100530586
68,3,8,9,0.32142857142857145,1.0,17,0.06045524126185244,0.04904818540378003
68,3,8,9,0.32142857142857145,1.0,19,0.05408079595073509,0.04387860482253173
69,3,8,9,0.32142857142857145,0.1,1,0.01204181719349547,0.012512542821468516
69,3,8,9,0.32142857142857145,0.1,3,0.004014682674068337,0.004162422697401828
69,3,8,9,0.32142857142857145,0.1,5,0.002408842877098678,0.0024961572063024414
69,3,8,9,0.32142857142857145,0.1,7,0.0017206082525515647,0.0017825519744727356
69,3,8,9,0.32142857142857145,0.1,9,0.0013382527480109844,0.0013862447875421743
69,3,8,9,0.32142857142857145,0.1,11,0.0010949348082210423,0.001134102946335818
69,3,8,9,0.32142857142857145,0.1,13,0.0009264836416590632,0.0009595680666580772
69,3,8,9,0.32142857142857145,0.1,15,0.0008029526656596666,0.000831588892777693
69,3,8,9,0.32142857142857145,0.1,17,0.0007084877442612423,0.0007337299885643916
69,3,8,9,0.32142857142857145,0.1,19,0.0006339101448745397,0.0006564775921638106
69,3,8,9,0.32142857142857145,0.5,1,0.2840800509818041,0.29364443666926254
69,3,8,9,0.32142857142857145,0.5,3,0.09514247115735405,0.09868369473959876
69,3,8,9,0.32142857142857145,0.5,5,0.05709237507244001,0.05912700982662703
69,3,8,9,0.32142857142857145,0.5,7,0.040780369303818946,0.04219576717002973
69,3,8,9,0.32142857142857145,0.5,9,0.03171776712210601,0.03280014466150791
69,3,8,9,0.32142857142857145,0.5,11,0.025950649150357826,0.026825962665440847
69,3,8,9,0.32142857142857145,0.5,13,0.0219580590053968,0.02269244597040768
69,3,8,9,0.32142857142857145,0.5,15,0.019030186263529796,0.019662562776970677
69,3,8,9,0.32142857142857145,0.5,17,0.016791244415805148,0.01734640622784013
69,3,8,9,0.32142857142857145,0.5,19,0.01502367277960464,0.015518375494049847
69,3,8,9,0.32142857142857145,1.0,1,0.949371045867092,0.9420784554743968
69,3,8,9,0.32142857142857145,1.0,3,0.3230322240649385,0.334017837502818
69,3,8,9,0.32142857142857145,1.0,5,0.19340768390354462,0.20006172590837495
69,3,8,9,0.32142857142857145,1.0,7,0.13801826363452546,0.1426259403447173
69,3,8,9,0.32142857142857145,1.0,9,0.10729371846349685,0.11078060539619626
69,3,8,9,0.32142857142857145,1.0,11,0.08775885730484602,0.09055089120289209
69,3,8,9,0.32142857142857145,1.0,13,0.07424223484852807,0.07656503508000784
69,3,8,9,0.32142857142857145,1.0,15,0.06433382093747465,0.06631987316629862
69,3,8,9,0.32142857142857145,1.0,17,0.056758893086141404,0.058492131845752894
69,3,8,9,0.32142857142857145,1.0,19,0.0507799384180188,0.05231669619903121
70,3,8,9,0.32142857142857145,0.1,1,0.018554312701190293,0.014309937521609554
70,3,8,9,0.32142857142857145,0.1,3,0.006184881942270051,0.00476980069022266
70,3,8,9,0.32142857142857145,0.1,5,0.0037108755141939762,0.0028618713960939547
70,3,8,9,0.32142857142857145,0.1,7,0.0026506043263853944,0.0020441918861992497
70,3,8,9,0.32142857142857145,0.1,9,0.002061571138146784,0.0015899263290978572
70,3,8,9,0.32142857142857145,0.1,11,0.0016867345382404447,0.0013008485010814386
70,3,8,9,0.32142857142857145,0.1,13,0.0014272335992459616,0.001100717796959799
70,3,8,9,0.32142857142857145,0.1,15,0.0012369336301837918,0.0009539553270535628
70,3,8,9,0.32142857142857145,0.1,17,0.0010914105482940201,0.0008417252272688377
70,3,8,9,0.32142857142857145,0.1,19,0.0009765241702091202,0.0007531225307196436
70,3,8,9,0.32142857142857145,0.5,1,0.4146613196832784,0.3318340003860739
70,3,8,9,0.32142857142857145,0.5,3,0.13877501356475885,0.11061901342287908
70,3,8,9,0.32142857142857145,0.5,5,0.08326913038514967,0.0663801048405809
70,3,8,9,0.32142857142857145,0.5,7,0.05947368542738335,0.04741617134150977
70,3,8,9,0.32142857142857145,0.5,9,0.046254365309249146,0.0368798236722482
70,3,8,9,0.32142857142857145,0.5,11,0.037842615915010064,0.030174637703893874
70,3,8,9,0.32142857142857145,0.5,13,0.03201945629074654,0.025532498597005168
70,3,8,9,0.32142857142857145,0.5,15,0.027749364431091515,0.022128225433133978
70,3,8,9,0.32142857142857145,0.5,17,0.024484144340821287,0.01952493930424768
70,3,8,9,0.32142857142857145,0.5,19,0.021906434553774508,0.017469703628662913
70,3,8,9,0.32142857142857145,1.0,1,1.1939496575743038,1.0537231913159424
70,3,8,9,0.32142857142857145,1.0,3,0.41663339508468805,0.3563121889141139
70,3,8,9,0.32142857142857145,1.0,5,0.2506144174272369,0.21421613673254672
70,3,8,9,0.32142857142857145,1.0,7,0.17901283022313041,0.15308982527815954
70,3,8,9,0.32142857142857145,1.0,9,0.13919303477615824,0.11909271082219848
70,3,8,9,0.32142857142857145,1.0,11,0.11385243515854784,0.09744802396672597
70,3,8,9,0.32142857142857145,1.0,13,0.09631268547775475,0.08245972111081547
70,3,8,9,0.32142857142857145,1.0,15,0.08345358530898654,0.0714668587010461
70,3,8,9,0.32142857142857145,1.0,17,0.07362268093489867,0.06305989067017555
70,3,8,9,0.32142857142857145,1.0,19,0.06586326197670724,0.05642248024813817
71,3,8,9,0.32142857142857145,0.1,1,0.013620801078960056,0.01592985999753995
71,3,8,9,0.32142857142857145,0.1,3,0.004526640871604006,0.005289924035559744
71,3,8,9,0.32142857142857145,0.1,5,0.00271489077449675,0.0031719088028349957
71,3,8,9,0.32142857142857145,0.1,7,0.0019389123581002405,0.002265049522611511
71,3,8,9,0.32142857142857145,0.1,9,0.0015079232948850816,0.001761451477643052
71,3,8,9,0.32142857142857145,0.1,11,0.001233695549966049,0.001441057121639406
71,3,8,9,0.32142857142857145,0.1,13,0.0010438620956963705,0.001219280242864822
71,3,8,9,0.32142857142857145,0.1,15,0.0009046592070653349,0.0010566616658543434
71,3,8,9,0.32142857142857145,0.1,17,0.0007982145686728442,0.0009323163679032176
71,3,8,9,0.32142857142857145,0.1,19,0.0007141821082414047,0.0008341551645497159
71,3,8,9,0.32142857142857145,0.5,1,0.3145047249495154,0.3684160170580932
71,3,8,9,0.32142857142857145,0.5,3,0.09965562086036388,0.11822016854448629
71,3,8,9,0.32142857142857145,0.5,5,0.0594881257290575,0.07054981634378724
71,3,8,9,0.32142857142857145,0.5,7,0.04242026203615837,0.05028869899516348
71,3,8,9,0.32142857142857145,0.5,9,0.03296720925672209,0.03907116790850399
71,3,8,9,0.32142857142857145,0.5,11,0.026960820949327183,0.03194614186447463
71,3,8,9,0.32142857142857145,0.5,13,0.022806291186102452,0.027019267247819972
71,3,8,9,0.32142857142857145,0.5,15,0.019761423126449754,0.023409164552701547
71,3,8,9,0.32142857142857145,0.5,17,0.01743395010470149,0.020650135786798328
71,3,8,9,0.32142857142857145,0.5,19,0.01559702629097325,0.018472939404434806
71,3,8,9,0.32142857142857145,1.0,1,0.972919331794777,1.1297987536778518
71,3,8,9,0.32142857142857145,1.0,3,0.28271416812317857,0.3455280010432236
71,3,8,9,0.32142857142857145,1.0,5,0.1699254305829712,0.20474747654857603
71,3,8,9,0.32142857142857145,1.0,7,0.12138450951984782,0.14551563652500513
71,3,8,9,0.32142857142857145,1.0,9,0.0943992066748412,0.11287089586930278
71,3,8,9,0.32142857142857145,1.0,11,0.0772257572753253,0.09219092605066669
71,3,8,9,0.32142857142857145,1.0,13,0.0653374813641086,0.0779160027614203
71,3,8,9,0.32142857142857145,1.0,15,0.05662044502865429,0.06746928528072084
71,3,8,9,0.32142857142857145,1.0,17,0.0499552614315486,0.059492822457014274
71,3,8,9,0.32142857142857145,1.0,19,0.04469384301875491,0.05320303852737391
72,3,8,9,0.32142857142857145,0.1,1,0.015986910124042724,0.013692596244936225
72,3,8,9,0.32142857142857145,0.1,3,0.005323358028131361,0.004560612064693784
72,3,8,9,0.32142857142857145,0.1,5,0.003193673999729331,0.002735993829064609
72,3,8,9,0.32142857142857145,0.1,7,0.002281115766522796,0.0019541716776081794
72,3,8,9,0.32142857142857145,0.1,9,0.0017741715328817688,0.0015198649071880557
72,3,8,9,0.32142857142857145,0.1,11,0.0014515809696532605,0.001243501976163833
72,3,8,9,0.32142857142857145,0.1,13,0.0012282532444761237,0.0010521801213019416
72,3,8,9,0.32142857142857145,0.1,15,0.0010644815912177385,0.0009118806835814171
72,3,8,9,0.32142857142857145,0.1,17,0.0009392455215845092,0.0008045947226953831
72,3,8,9,0.32142857142857145,0.1,19,0.0008403755663777864,0.0007198964022999319
72,3,8,9,0.32142857142857145,0.5,1,0.36561245846703255,0.3207673282033629
72,3,8,9,0.32142857142857145,0.5,3,0.11938294290162833,0.1062218061892198
72,3,8,9,0.32142857142857145,0.5,5,0.07149162344598246,0.06364185726634482
72,3,8,9,0.32142857142857145,0.5,7,0.051034615837751075,0.04543099600989731
72,3,8,9,0.32142857142857145,0.5,9,0.03968259633632145,0.03532350871832894
72,3,8,9,0.32142857142857145,0.5,11,0.03246256673073697,0.028895015580625714
72,3,8,9,0.32142857142857145,0.5,13,0.027465665079752493,0.02444611799307681
72,3,8,9,0.32142857142857145,0.5,15,0.023802009901145053,0.021184416941398415
72,3,8,9,0.32142857142857145,0.5,17,0.021000779287924376,0.018690642195350795
72,3,8,9,0.32142857142857145,0.5,19,0.018789503167326426,0.016722157152873885
72,3,8,9,0.32142857142857145,1.0,1,1.114624958551354,1.0350743049997053
72,3,8,9,0.32142857142857145,1.0,3,0.35720345994583985,0.34417472883430894
72,3,8,9,0.32142857142857145,1.0,5,0.21310719370863349,0.2055651175697609
72,3,8,9,0.32142857142857145,1.0,7,0.15188859639875757,0.14650564643332764
72,3,8,9,0.32142857142857145,1.0,9,0.11800162085221479,0.1138010566154335
72,3,8,9,0.32142857142857145,1.0,11,0.09647991480623586,0.09303117318561419
72,3,8,9,0.32142857142857145,1.0,13,0.08159882834086504,0.07867187134463567
72,3,8,9,0.32142857142857145,1.0,15,0.07069534836265769,0.06815225134271592
72,3,8,9,0.32142857142857145,1.0,17,0.06236257157909987,0.06011393416617587
72,3,8,9,0.32142857142857145,1.0,19,0.055787167221553025,0.05377166461749344
73,3,8,9,0.32142857142857145,0.1,1,0.013948507675985026,0.014550065252974368
73,3,8,9,0.32142857142857145,0.1,3,0.004639706374162333,0.004837863619637224
73,3,8,9,0.32142857142857145,0.1,5,0.002782931073588573,0.0029011031833726607
73,3,8,9,0.32142857142857145,0.1,7,0.0019875550702695755,0.002071710762298278
73,3,8,9,0.32142857142857145,0.1,9,0.0015457710309789328,0.0016111097349611463
73,3,8,9,0.32142857142857145,0.1,11,0.0012646682646723997,0.0013180649988352336
73,3,8,9,0.32142857142857145,0.1,13,0.0010700730653967043,0.0011152177247584116
73,3,8,9,0.32142857142857145,0.1,15,0.0009273772665306563,0.0009664786608132729
73,3,8,9,0.32142857142857145,0.1,17,0.0008182610848257807,0.0008527459658581485
73,3,8,9,0.32142857142857145,0.1,19,0.000732119234615799,0.0007629624859776784
73,3,8,9,0.32142857142857145,0.5,1,0.32229210302630684,0.3459784244425135
73,3,8,9,0.32142857142857145,0.5,3,0.10453732463008505,0.11494252608819673
73,3,8,9,0.32142857142857145,0.5,5,0.06254219363042893,0.06882278708751904
73,3,8,9,0.32142857142857145,0.5,7,0.04462910598308526,0.0491085811246312
73,3,8,9,0.32142857142857145,0.5,9,0.034694805966348836,0.038172334252084224
73,3,8,9,0.32142857142857145,0.5,11,0.028378632363766636,0.031219393650033136
73,3,8,9,0.32142857142857145,0.5,13,0.02400824757094238,0.0264089153308661
73,3,8,9,0.32142857142857145,0.5,15,0.020804442505204263,0.022882889982401667
73,3,8,9,0.32142857142857145,0.5,17,0.01835509462448261,0.020187484842974505
73,3,8,9,0.32142857142857145,0.5,19,0.016421763957848425,0.018060134857564913
73,3,8,9,0.32142857142857145,1.0,1,1.0040820282925622,1.1359075625432355
73,3,8,9,0.32142857142857145,1.0,3,0.30835628250541586,0.38808426548547387
73,3,8,9,0.32142857142857145,1.0,5,0.18354864105067156,0.23224696326473712
73,3,8,9,0.32142857142857145,1.0,7,0.13077505563193342,0.1656126046282831
73,3,8,9,0.32142857142857145,1.0,9,0.10159437208688665,0.12867078205496504
73,3,8,9,0.32142857142857145,1.0,11,0.08306753875118547,0.1051979575116494
73,3,8,9,0.32142857142857145,1.0,13,0.07025835899647233,0.08896566305893977
73,3,8,9,0.32142857142857145,1.0,15,0.0608730220173635,0.07707207090431142
73,3,8,9,0.32142857142857145,1.0,17,0.05370026306573444,0.06798300705528497
73,3,8,9,0.32142857142857145,1.0,19,0.048040011794788014,0.06081125306218185
74,3,8,9,0.32142857142857145,0.1,1,0.014504990323821238,0.014856709755093544
74,3,8,9,0.32142857142857145,0.1,3,0.004831189544629489,0.004936227766468514
74,3,8,9,0.32142857142857145,0.1,5,0.002898345695294029,0.0029600407389199493
74,3,8,9,0.32142857142857145,0.1,7,0.002070140539039982,0.0021138128783831046
74,3,8,9,0.32142857142857145,0.1,9,0.0016100645965675085,0.001643863313272882
74,3,8,9,0.32142857142857145,0.1,11,0.0013173026810672285,0.0013448690571413332
74,3,8,9,0.32142857142857145,0.1,13,0.0011146274634385271,0.0011379020935629923
74,3,8,9,0.32142857142857145,0.1,15,0.0009660021027207667,0.0009861413067830185
74,3,8,9,0.32142857142857145,0.1,17,0.0008523491852028632,0.0008700974452184838
74,3,8,9,0.32142857142857145,0.1,19,0.0007626242728913461,0.0007784890529110093
74,3,8,9,0.32142857142857145,0.5,1,0.3325354977426335,0.3495516140644274
74,3,8,9,0.32142857142857145,0.5,3,0.10998676678126909,0.11334657104775796
74,3,8,9,0.32142857142857145,0.5,5,0.06594958609193963,0.06767603137447661
74,3,8,9,0.32142857142857145,0.5,7,0.047096746004022465,0.04824495396725985
74,3,8,9,0.32142857142857145,0.5,9,0.036626980204466066,0.03748425895380606
74,3,8,9,0.32142857142857145,0.5,11,0.029965699083728772,0.030648800835975282
74,3,8,9,0.32142857142857145,0.5,13,0.025354580009879932,0.02592199336860596
74,3,8,9,0.32142857142857145,0.5,15,0.021973353472919184,0.02245843772181619
74,3,8,9,0.32142857142857145,0.5,17,0.019387851017611025,0.019811394406309246
74,3,8,9,0.32142857142857145,0.5,19,0.017346747957603163,0.017722566188007226
74,3,8,9,0.32142857142857145,1.0,1,1.0107402484004862,1.13969875685209
74,3,8,9,0.32142857142857145,1.0,3,0.3316769100435347,0.3673924488040652
74,3,8,9,0.32142857142857145,1.0,5,0.1987001929732729,0.21711005045683815
74,3,8,9,0.32142857142857145,1.0,7,0.14183087548700635,0.1540101665183231
74,3,8,9,0.32142857142857145,1.0,9,0.11026986197680008,0.11931770370851666
74,3,8,9,0.32142857142857145,1.0,11,0.09019818824203372,0.09737858477223078
74,3,8,9,0.32142857142857145,1.0,13,0.07630823455024989,0.08225337521625485
74,3,8,9,0.32142857142857145,1.0,15,0.06612531854095818,0.07119468403441141
74,3,8,9,0.32142857142857145,1.0,17,0.0583401326980414,0.06275700266303179
74,3,8,9,0.32142857142857145,1.0,19,0.05219500819838509,0.056107303876977765
75,3,8,9,0.32142857142857145,0.1,1,0.019361474803587436,0.01436277844932673
75,3,8,9,0.32142857142857145,0.1,3,0.006449303731566757,0.004770550847224225
75,3,8,9,0.32142857142857145,0.1,5,0.003869305585991752,0.0028609213225710543
75,3,8,9,0.32142857142857145,0.1,7,0.002763724980643163,0.0020431309182708333
75,3,8,9,0.32142857142857145,0.1,9,0.002149539972436025,0.0015889452917166966
75,3,8,9,0.32142857142857145,0.1,11,0.0017587033217334948,0.0012999675509511239
75,3,8,9,0.32142857142857145,0.1,13,0.0014881274991479932,0.0010999276220121973
75,3,8,9,0.32142857142857145,0.1,15,0.0012897068517562019,0.0009532425613676515
75,3,8,9,0.32142857142857145,0.1,17,0.0011379742823558695,0.0008410777097747802
75,3,8,9,0.32142857142857145,0.1,19,0.0010181859148171517,0.0007525301671462241
75,3,8,9,0.32142857142857145,0.5,1,0.4316875709517096,0.3353886393925696
75,3,8,9,0.32142857142857145,0.5,3,0.14195934858121276,0.10613783573716849
75,3,8,9,0.32142857142857145,0.5,5,0.08504647416880601,0.06330417288259602
75,3,8,9,0.32142857142857145,0.5,7,0.06071358316343504,0.04512658836896115
75,3,8,9,0.32142857142857145,0.5,9,0.04720819855937966,0.03506449296061058
75,3,8,9,0.32142857142857145,0.5,11,0.038618239397314236,0.02867305314373905
75,3,8,9,0.32142857142857145,0.5,13,0.03267322057028877,0.02425301974884982
75,3,8,9,0.32142857142857145,0.5,15,0.028314473260967,0.021013976789353704
75,3,8,9,0.32142857142857145,0.5,17,0.02498182855817362,0.018538306090683496
75,3,8,9,0.32142857142857145,0.5,19,0.022351100191499242,0.01658455520658769
75,3,8,9,0.32142857142857145,1.0,1,1.2122392924409566,1.0561186008068397
75,3,8,9,0.32142857142857145,1.0,3,0.4018018023054469,0.3053631996621544
75,3,8,9,0.32142857142857145,1.0,5,0.2406483036556498,0.17950195400741642
75,3,8,9,0.32142857142857145,1.0,7,0.17159976548215522,0.12735716393965502
75,3,8,9,0.32142857142857145,1.0,9,0.13330618256298563,0.09874409410068005
75,3,8,9,0.32142857142857145,1.0,11,0.10897472010149442,0.08064692014370288
75,3,8,9,0.32142857142857145,1.0,13,0.09215027302374462,0.06816271902430678
75,3,8,9,0.32142857142857145,1.0,15,0.07982418119648421,0.05902869525374148
75,3,8,9,0.32142857142857145,1.0,17,0.07040560749624002,0.052054985920199436
75,3,8,9,0.32142857142857145,1.0,19,0.06297456968373093,0.04655582625322149
76,3,8,9,0.32142857142857145,0.1,1,0.009991353129911396,0.011142974497998075
76,3,8,9,0.32142857142857145,0.1,3,0.003322390761857584,0.003709139890413984
76,3,8,9,0.32142857142857145,0.1,5,0.0019930319361381754,0.002225235500997154
76,3,8,9,0.32142857142857145,0.1,7,0.0014235147040619,0.0015894050476011525
76,3,8,9,0.32142857142857145,0.1,9,0.0011071526139532918,0.001236188281003257
76,3,8,9,0.32142857142857145,0.1,11,0.0009058415762062654,0.0010114202959796946
76,3,8,9,0.32142857142857145,0.1,13,0.0007664761918361737,0.0008558140202790634
76,3,8,9,0.32142857142857145,0.1,15,0.0006642765698615694,0.0007417037696685904
76,3,8,9,0.32142857142857145,0.1,17,0.0005861247359827485,0.0006544434915887627
76,3,8,9,0.32142857142857145,0.1,19,0.0005244263606239672,0.0005855540686936735
76,3,8,9,0.32142857142857145,0.5,1,0.23977476669566136,0.2570252669865071
76,3,8,9,0.32142857142857145,0.5,3,0.07700358570606503,0.0826384835519637
76,3,8,9,0.32142857142857145,0.5,5,0.04601289058500413,0.049443619994047415
76,3,8,9,0.32142857142857145,0.5,7,0.0328270974828796,0.03528953749814252
76,3,8,9,0.32142857142857145,0.5,9,0.025519397158829525,0.027438680166458906
76,3,8,9,0.32142857142857145,0.5,11,0.020874166503211555,0.022446212315997003
76,3,8,9,0.32142857142857145,0.5,13,0.017660145956855902,0.01899118917667969
76,3,8,9,0.32142857142857145,0.5,15,0.015304036728959455,0.016458073939881416
76,3,8,9,0.32142857142857145,0.5,17,0.013502721205352952,0.014521265866018367
76,3,8,9,0.32142857142857145,0.5,19,0.012080854142054702,0.012992357704218088
76,3,8,9,0.32142857142857145,1.0,1,0.8226208253620719,0.8014201204296718
76,3,8,9,0.32142857142857145,1.0,3,0.25672696201136547,0.227651381610327
76,3,8,9,0.32142857142857145,1.0,5,0.1527562053837389,0.13496888130494714
76,3,8,9,0.32142857142857145,1.0,7,0.10884293320210194,0.09609144195028875
76,3,8,9,0.32142857142857145,1.0,9,0.08456779794454507,0.07463740509611258
76,3,8,9,0.32142857142857145,1.0,11,0.06915511769813688,0.06102546664501404
76,3,8,9,0.32142857142857145,1.0,13,0.05849790903286517,0.051616755135962554
76,3,8,9,0.32142857142857145,1.0,15,0.05068839244118944,0.044723555274261945
76,3,8,9,0.32142857142857145,1.0,17,0.044719264585862666,0.03945549640918139
76,3,8,9,0.32142857142857145,1.0,19,0.04000833776911704,0.03529823185480422
77,3,8,9,0.32142857142857145,0.1,1,0.014107771478925401,0.01453076650159724
77,3,8,9,0.32142857142857145,0.1,3,0.0047027491996439455,0.004840482725382556
77,3,8,9,0.32142857142857145,0.1,5,0.0028216574852957567,0.002904140596612138
77,3,8,9,0.32142857142857145,0.1,7,0.0020154712063401607,0.0020743568116879958
77,3,8,9,0.32142857142857145,0.1,9,0.0015675892204600635,0.0016133792440758896
77,3,8,9,0.32142857142857145,0.1,11,0.0012825732075831702,0.0013200336755028739
77,3,8,9,0.32142857142857145,0.1,13,0.001085254354324742,0.001116949679527399
77,3,8,9,0.32142857142857145,0.1,15,0.0009405538290873532,0.0009680220267812666
77,3,8,9,0.32142857142857145,0.1,17,0.0008299004700655931,0.0008541364757861562
77,3,8,9,0.32142857142857145,0.1,19,0.0007425425463246565,0.0007642269924546082
77,3,8,9,0.32142857142857145,0.5,1,0.3322430755260856,0.3392253906638182
77,3,8,9,0.32142857142857145,0.5,3,0.11103155368147599,0.1114631959318446
77,3,8,9,0.32142857142857145,0.5,5,0.06663712190350055,0.06680047807377748
77,3,8,9,0.32142857142857145,0.5,7,0.04760159725009983,0.04769938557987321
77,3,8,9,0.32142857142857145,0.5,9,0.03702464082909821,0.03709464347587501
77,3,8,9,0.32142857142857145,0.5,11,0.030293376409366257,0.030348142255864453
77,3,8,9,0.32142857142857145,0.5,13,0.02563309500537965,0.025678213936710315
77,3,8,9,0.32142857142857145,0.5,15,0.02221547854770316,0.02225391737199448
77,3,8,9,0.32142857142857145,0.5,17,0.01960196926654657,0.019635494134016742
77,3,8,9,0.32142857142857145,0.5,19,0.017538652047813692,0.01756840219719058
77,3,8,9,0.32142857142857145,1.0,1,1.086839148826667,1.0792031929252432
77,3,8,9,0.32142857142857145,1.0,3,0.3736194277045769,0.3442078867627574
77,3,8,9,0.32142857142857145,1.0,5,0.22486492564405294,0.20563858935820392
77,3,8,9,0.32142857142857145,1.0,7,0.16075524154333573,0.14670778179326946
77,3,8,9,0.32142857142857145,1.0,9,0.1250759317572577,0.11404917669723917
77,3,8,9,0.32142857142857145,1.0,11,0.10235312360706049,0.09328936208181875
77,3,8,9,0.32142857142857145,1.0,13,0.08661538457178541,0.07892565539246672
77,3,8,9,0.32142857142857145,1.0,15,0.07507150474288281,0.0683959793379582
77,3,8,9,0.32142857142857145,1.0,17,0.06624241645593211,0.060345703415066454
77,3,8,9,0.32142857142857145,1.0,19,0.0592713208757456,0.05399120843691085
78,3,8,9,0.32142857142857145,0.1,1,0.012413385968764037,0.01186071032784091
78,3,8,9,0.32142857142857145,0.1,3,0.00413280624216247,0.003946731311447412
78,3,8,9,0.32142857142857145,0.1,5,0.002479445264164332,0.0023674910183125756
78,3,8,9,0.32142857142857145,0.1,7,0.00177098542917623,0.0016909172416111836
78,3,8,9,0.32142857142857145,0.1,9,0.0013774181030801172,0.001315098021697076
78,3,8,9,0.32142857142857145,0.1,11,0.0011269722328265718,0.0010759593613658808
78,3,8,9,0.32142857142857145,0.1,13,0.0009535888648666014,0.0009104100913561307
78,3,8,9,0.32142857142857145,0.1,15,0.0008264420384164193,0.0007890114489434461
78,3,8,9,0.32142857142857145,0.1,17,0.000729212593618327,0.0006961795071231921
78,3,8,9,0.32142857142857145,0.1,19,0.0006524527648990553,0.000622892521606801
78,3,8,9,0.32142857142857145,0.5,1,0.2885127882072403,0.2778528044979851
78,3,8,9,0.32142857142857145,0.5,3,0.09336186601839962,0.0901765356668335
78,3,8,9,0.32142857142857145,0.5,5,0.05589092849084468,0.05395425390936509
78,3,8,9,0.32142857142857145,0.5,7,0.039897405429211795,0.03850185714331407
78,3,8,9,0.32142857142857145,0.5,9,0.031023423584049914,0.029931868191222732
78,3,8,9,0.32142857142857145,0.5,11,0.02537953251286842,0.024482996400159066
78,3,8,9,0.32142857142857145,0.5,13,0.02147339746868505,0.020712674968742115
78,3,8,9,0.32142857142857145,0.5,15,0.01860941169069033,0.01794873143019132
78,3,8,9,0.32142857142857145,0.5,17,0.01641955792301948,0.015835646969060847
78,3,8,9,0.32142857142857145,0.5,19,0.01469086235740035,0.014167727374799294
78,3,8,9,0.32142857142857145,1.0,1,0.9230366471648411,0.9119491765000349
78,3,8,9,0.32142857142857145,1.0,3,0.27851796416191604,0.28299912693530876
78,3,8,9,0.32142857142857145,1.0,5,0.16595574494127327,0.16822542178567204
78,3,8,9,0.32142857142857145,1.0,7,0.11831095778051756,0.11973151631444783
78,3,8,9,0.32142857142857145,1.0,9,0.09194508601871548,0.09295013373655799
78,3,8,9,0.32142857142857145,1.0,11,0.07519630564542146,0.07596285540558216
78,3,8,9,0.32142857142857145,1.0,13,0.06361200226288899,0.06422654636912732
78,3,8,9,0.32142857142857145,1.0,15,0.05512172216179731,0.05563205013758646
78,3,8,9,0.32142857142857145,1.0,17,0.048631590940180214,0.04906654203350147
78,3,8,9,0.32142857142857145,1.0,19,0.04350913362671533,0.04388729984340869
79,3,8,9,0.32142857142857145,0.1,1,0.012776861363024188,0.012767564764858377
79,3,8,9,0.32142857142857145,0.1,3,0.004260812658709136,0.004249915218751378
79,3,8,9,0.32142857142857145,0.1,5,0.002556576800396337,0.002549664523660064
79,3,8,9,0.32142857142857145,0.1,7,0.0018261438405357618,0.0018211329455749224
79,3,8,9,0.32142857142857145,0.1,9,0.0014203397168832247,0.001416418812148531
79,3,8,9,0.32142857142857145,0.1,11,0.0011620984590332332,0.001158880695980778
79,3,8,9,0.32142857142857145,0.1,13,0.0009833152132012913,0.0009805877456218305
79,3,8,9,0.32142857142857145,0.1,15,0.0008522071338960773,0.0008498407485531622
79,3,8,9,0.32142857142857145,0.1,17,0.0007519478342075597,0.0007498583256752711
79,3,8,9,0.32142857142857145,0.1,19,0.0006727956584183589,0.0006709251436291694
79,3,8,9,0.32142857142857145,0.5,1,0.3013569008204093,0.2961089040049339
79,3,8,9,0.32142857142857145,0.5,3,0.10161659033453553,0.09538764857654483
79,3,8,9,0.32142857142857145,0.5,5,0.06102565735502067,0.057079414529120465
79,3,8,9,0.32142857142857145,0.5,7,0.0436007114919025,0.04074094410956296
79,3,8,9,0.32142857142857145,0.5,9,0.0339151701253522,0.031677776925735424
79,3,8,9,0.32142857142857145,0.5,11,0.027750227046920373,0.025914192297062752
79,3,8,9,0.32142857142857145,0.5,13,0.023481667548556587,0.02192545037066898
79,3,8,9,0.32142857142857145,0.5,15,0.02035116244349872,0.019000999262719292
79,3,8,9,0.32142857142857145,0.5,17,0.017957134364459445,0.01676496313814804
79,3,8,9,0.32142857142857145,0.5,19,0.016067051649550742,0.01499983795366268
79,3,8,9,0.32142857142857145,1.0,1,1.0018018106057176,0.9435887166661658
79,3,8,9,0.32142857142857145,1.0,3,0.3527344080859967,0.2807946457630528
79,3,8,9,0.32142857142857145,1.0,5,0.21255539411507615,0.1668747714239273
79,3,8,9,0.32142857142857145,1.0,7,0.15200519024465373,0.11888065866331958
79,3,8,9,0.32142857142857145,1.0,9,0.11828374301005706,0.09236088732514809
79,3,8,9,0.32142857142857145,1.0,11,0.09680136813473617,0.07552538443322081
79,3,8,9,0.32142857142857145,1.0,13,0.08192038914314198,0.06388512673199656
79,3,8,9,0.32142857142857145,1.0,15,0.07100393177436029,0.055355579004443094
79,3,8,9,0.32142857142857145,1.0,17,0.0626542123022283,0.04883628025699108
79,3,8,9,0.32142857142857145,1.0,19,0.0560613384914868,0.0436912546760484
