graph_index,n_qubits,n_vertices,n_edges,density,time,trotter_steps,matching_diff,pauli_diff
0,5,32,31,0.0625,0.1,1,0.009807979929913583,0.009807979929913694
0,5,32,31,0.0625,0.1,3,0.003266116051004666,0.0032661160510050746
0,5,32,31,0.0625,0.1,5,0.0019595157678122346,0.001959515767812446
0,5,32,31,0.0625,0.1,7,0.0013996238453044098,0.001399623845306094
0,5,32,31,0.0625,0.1,9,0.0010885866344961597,0.0010885866344962159
0,5,32,31,0.0625,0.1,11,0.000890657778862265,0.000890657778862229
0,5,32,31,0.0625,0.1,13,0.0007536315522321125,0.0007536315522334071
0,5,32,31,0.0625,0.1,15,0.000653146283347352,0.0006531462833468175
0,5,32,31,0.0625,0.1,17,0.0005763049179292839,0.0005763049179309003
0,5,32,31,0.0625,0.1,19,0.0005156408495000141,0.0005156408495020078
0,5,32,31,0.0625,0.5,1,0.2325576594546016,0.23255765945460166
0,5,32,31,0.0625,0.5,3,0.07574857588354661,0.07574857588354741
0,5,32,31,0.0625,0.5,5,0.04536727406968895,0.04536727406968992
0,5,32,31,0.0625,0.5,7,0.03238913948260615,0.03238913948260768
0,5,32,31,0.0625,0.5,9,0.025186419037161168,0.02518641903716244
0,5,32,31,0.0625,0.5,11,0.02060494480814936,0.02060494480815107
0,5,32,31,0.0625,0.5,13,0.01743391922840671,0.017433919228407098
0,5,32,31,0.0625,0.5,15,0.015108834462088484,0.0151088344620907
0,5,32,31,0.0625,0.5,17,0.013330993028970157,0.013330993028968762
0,5,32,31,0.0625,0.5,19,0.011927522645964478,0.011927522645967437
0,5,32,31,0.0625,1.0,1,0.7910952826476341,0.7910952826476344
0,5,32,31,0.0625,1.0,3,0.24602123217622945,0.24602123217623031
0,5,32,31,0.0625,1.0,5,0.14683600537173216,0.1468360053717329
0,5,32,31,0.0625,1.0,7,0.10473117221059777,0.1047311722105994
0,5,32,31,0.0625,1.0,9,0.08140913331273462,0.08140913331273597
0,5,32,31,0.0625,1.0,11,0.06658742648437481,0.06658742648437538
0,5,32,31,0.0625,1.0,13,0.056333455323734336,0.05633345532373718
0,5,32,31,0.0625,1.0,15,0.048817026499630045,0.04881702649963068
0,5,32,31,0.0625,1.0,17,0.043070720987366105,0.043070720987367035
0,5,32,31,0.0625,1.0,19,0.03853499982737054,0.03853499982737149
1,5,32,32,0.06451612903225806,0.1,1,0.012568312884207948,0.012568312884209676
1,5,32,32,0.06451612903225806,0.1,3,0.004183771441013376,0.004183771441018475
1,5,32,32,0.06451612903225806,0.1,5,0.002509900593987393,0.002509900593987423
1,5,32,32,0.06451612903225806,0.1,7,0.001792699346133081,0.0017926993461438948
1,5,32,32,0.06451612903225806,0.1,9,0.0013942894570811032,0.001394289457084815
1,5,32,32,0.06451612903225806,0.1,11,0.0011407672650887374,0.0011407672650967065
1,5,32,32,0.06451612903225806,0.1,13,0.0009652565871783198,0.0009652565871857575
1,5,32,32,0.06451612903225806,0.1,15,0.0008365510081663718,0.0008365510081789134
1,5,32,32,0.06451612903225806,0.1,17,0.0007381302972390935,0.000738130297260708
1,5,32,32,0.06451612903225806,0.1,19,0.0006604304296352232,0.0006604304296495248
1,5,32,32,0.06451612903225806,0.5,1,0.29356179790864884,0.2935617979086497
1,5,32,32,0.06451612903225806,0.5,3,0.09512066784105143,0.09512066784105683
1,5,32,32,0.06451612903225806,0.5,5,0.05692700323496306,0.05692700323497158
1,5,32,32,0.06451612903225806,0.5,7,0.04063120698885262,0.040631206988858894
1,5,32,32,0.06451612903225806,0.5,9,0.03159142822065044,0.03159142822066005
1,5,32,32,0.06451612903225806,0.5,11,0.02584284049739261,0.02584284049740155
1,5,32,32,0.06451612903225806,0.5,13,0.021864595175589276,0.021864595175592527
1,5,32,32,0.06451612903225806,0.5,15,0.018947922553538894,0.018947922553563378
1,5,32,32,0.06451612903225806,0.5,17,0.01671788975513992,0.016717889755142695
1,5,32,32,0.06451612903225806,0.5,19,0.014957541823362267,0.014957541823394116
1,5,32,32,0.06451612903225806,1.0,1,0.9484348827747563,0.9484348827747575
1,5,32,32,0.06451612903225806,1.0,3,0.2829980671657307,0.2829980671657336
1,5,32,32,0.06451612903225806,1.0,5,0.16799946763515058,0.1679994676351555
1,5,32,32,0.06451612903225806,1.0,7,0.11962595957763661,0.11962595957763943
1,5,32,32,0.06451612903225806,1.0,9,0.09291669732473011,0.09291669732474023
1,5,32,32,0.06451612903225806,1.0,11,0.07596821593317274,0.0759682159331749
1,5,32,32,0.06451612903225806,1.0,13,0.06425309043033293,0.06425309043034895
1,5,32,32,0.06451612903225806,1.0,15,0.055670332251033745,0.055670332251039595
1,5,32,32,0.06451612903225806,1.0,17,0.04911128717350651,0.04911128717351524
1,5,32,32,0.06451612903225806,1.0,19,0.04393544935368879,0.0439354493536979
2,5,32,32,0.06451612903225806,0.1,1,0.011519331047735172,0.01151849200314157
2,5,32,32,0.06451612903225806,0.1,3,0.0038367064315564985,0.0038366808955727152
2,5,32,32,0.06451612903225806,0.1,5,0.0023018766697005897,0.002301873533114251
2,5,32,32,0.06451612903225806,0.1,7,0.0016441686590866872,0.0016441688163388486
2,5,32,32,0.06451612903225806,0.1,9,0.0012787885763155757,0.0012787894660228048
2,5,32,32,0.06451612903225806,0.1,11,0.0010462777233706368,0.0010462787691393237
2,5,32,32,0.06451612903225806,0.1,13,0.0008853100514568286,0.0008853110910099207
2,5,32,32,0.06451612903225806,0.1,15,0.0007672676953627092,0.0007672686804195018
2,5,32,32,0.06451612903225806,0.1,17,0.0006770003086115861,0.0006770012273791996
2,5,32,32,0.06451612903225806,0.1,19,0.0006057367423998898,0.0006057375955634407
2,5,32,32,0.06451612903225806,0.5,1,0.2718534681376571,0.2714059539465054
2,5,32,32,0.06451612903225806,0.5,3,0.08895526159986006,0.08894889910057344
2,5,32,32,0.06451612903225806,0.5,5,0.053295453934646415,0.05329819904495803
2,5,32,32,0.06451612903225806,0.5,7,0.038052927190005886,0.03805617359611272
2,5,32,32,0.06451612903225806,0.5,9,0.02959184231209621,0.02959477820841072
2,5,32,32,0.06451612903225806,0.5,11,0.02420948737463219,0.024212059551520167
2,5,32,32,0.06451612903225806,0.5,13,0.020483967978207264,0.02048622718017526
2,5,32,32,0.06451612903225806,0.5,15,0.017752237859990562,0.01775424081890753
2,5,32,32,0.06451612903225806,0.5,17,0.015663424186301463,0.01566521802615457
2,5,32,32,0.06451612903225806,0.5,19,0.014014445016656043,0.014016066669681025
2,5,32,32,0.06451612903225806,1.0,1,0.9078528007478373,0.9037545242245509
2,5,32,32,0.06451612903225806,1.0,3,0.28698353461671033,0.2870114078996686
2,5,32,32,0.06451612903225806,1.0,5,0.17151270632431379,0.17155213661039043
2,5,32,32,0.06451612903225806,1.0,7,0.12237780664805248,0.12240924164976222
2,5,32,32,0.06451612903225806,1.0,9,0.09514092321176655,0.09516629761735335
2,5,32,32,0.06451612903225806,1.0,11,0.07782529171819713,0.0778464132265567
2,5,32,32,0.06451612903225806,1.0,13,0.06584376888830658,0.06586181062097099
2,5,32,32,0.06451612903225806,1.0,15,0.057060034658211516,0.0570757612081245
2,5,32,32,0.06451612903225806,1.0,17,0.050344398599589044,0.050358327547389795
2,5,32,32,0.06451612903225806,1.0,19,0.04504330058571634,0.04505579600883381
3,5,32,32,0.06451612903225806,0.1,1,0.011808859872440475,0.011808859872440531
3,5,32,32,0.06451612903225806,0.1,3,0.003932927555714879,0.0039329275557149
3,5,32,32,0.06451612903225806,0.1,5,0.002359588249087681,0.0023595882490877
3,5,32,32,0.06451612903225806,0.1,7,0.0016853857913197946,0.00168538579131983
3,5,32,32,0.06451612903225806,0.1,9,0.0013108442128403253,0.0013108442128403198
3,5,32,32,0.06451612903225806,0.1,11,0.0010725040163470207,0.001072504016347058
3,5,32,32,0.06451612903225806,0.1,13,0.0009075009423679672,0.0009075009423679673
3,5,32,32,0.06451612903225806,0.1,15,0.0007864994385527316,0.0007864994385527222
3,5,32,32,0.06451612903225806,0.1,17,0.0006939692550378896,0.000693969255037917
3,5,32,32,0.06451612903225806,0.1,19,0.0006209193184233733,0.0006209193184234433
3,5,32,32,0.06451612903225806,0.5,1,0.27783671455962344,0.2778367145596244
3,5,32,32,0.06451612903225806,0.5,3,0.09078998571650257,0.09078998571650326
3,5,32,32,0.06451612903225806,0.5,5,0.05438577470112247,0.054385774701123366
3,5,32,32,0.06451612903225806,0.5,7,0.03882917466609325,0.03882917466609382
3,5,32,32,0.06451612903225806,0.5,9,0.030194622247300684,0.03019462224730126
3,5,32,32,0.06451612903225806,0.5,11,0.024702208168063816,0.024702208168064496
3,5,32,32,0.06451612903225806,0.5,13,0.02090063042199422,0.020900630421994536
3,5,32,32,0.06451612903225806,0.5,15,0.01811319035189744,0.01811319035189815
3,5,32,32,0.06451612903225806,0.5,17,0.01598181075603757,0.01598181075603798
3,5,32,32,0.06451612903225806,0.5,19,0.014299247914528294,0.014299247914529639
3,5,32,32,0.06451612903225806,1.0,1,0.9212823054783649,0.921282305478366
3,5,32,32,0.06451612903225806,1.0,3,0.2887763856422105,0.28877638564221203
3,5,32,32,0.06451612903225806,1.0,5,0.17242729384060987,0.1724272938406116
3,5,32,32,0.06451612903225806,1.0,7,0.12299331230670783,0.12299331230671003
3,5,32,32,0.06451612903225806,1.0,9,0.09560621635391182,0.09560621635391332
3,5,32,32,0.06451612903225806,1.0,11,0.07819993596213459,0.07819993596213502
3,5,32,32,0.06451612903225806,1.0,13,0.06615760861378296,0.06615760861378522
3,5,32,32,0.06451612903225806,1.0,15,0.057330189969628756,0.0573301899696318
3,5,32,32,0.06451612903225806,1.0,17,0.05058161872145932,0.05058161872146001
3,5,32,32,0.06451612903225806,1.0,19,0.04525478535838938,0.04525478535839005
4,5,32,32,0.06451612903225806,0.1,1,0.012473159812149668,0.012473159812149684
4,5,32,32,0.06451612903225806,0.1,3,0.004153789213104072,0.004153789213104034
4,5,32,32,0.06451612903225806,0.1,5,0.002492073045906434,0.0024920730459063686
4,5,32,32,0.06451612903225806,0.1,7,0.0017800105573425602,0.0017800105573426454
4,5,32,32,0.06451612903225806,0.1,9,0.0013844386559690445,0.0013844386559689126
4,5,32,32,0.06451612903225806,0.1,11,0.0011327164597518494,0.0011327164597516248
4,5,32,32,0.06451612903225806,0.1,13,0.0009584492964943032,0.0009584492964941804
4,5,32,32,0.06451612903225806,0.1,15,0.0008306543021127534,0.0008306543021126576
4,5,32,32,0.06451612903225806,0.1,17,0.0007329291886100512,0.0007329291886098842
4,5,32,32,0.06451612903225806,0.1,19,0.0006557780443851993,0.0006557780443851158
4,5,32,32,0.06451612903225806,0.5,1,0.2916456644330266,0.29164566443302753
4,5,32,32,0.06451612903225806,0.5,3,0.0951701731139939,0.09517017311399496
4,5,32,32,0.06451612903225806,0.5,5,0.057004082758137065,0.057004082758137564
4,5,32,32,0.06451612903225806,0.5,7,0.04069762246408253,0.04069762246408334
4,5,32,32,0.06451612903225806,0.5,9,0.031647342027493953,0.03164734202749465
4,5,32,32,0.06451612903225806,0.5,11,0.025890603380153174,0.02589060338015361
4,5,32,32,0.06451612903225806,0.5,13,0.021906111340469846,0.021906111340470005
4,5,32,32,0.06451612903225806,0.5,15,0.018984566766936464,0.018984566766936644
4,5,32,32,0.06451612903225806,0.5,17,0.016750651690611296,0.016750651690611146
4,5,32,32,0.06451612903225806,0.5,19,0.014987147305025946,0.014987147305026436
4,5,32,32,0.06451612903225806,1.0,1,0.9515333365955927,0.9515333365955935
4,5,32,32,0.06451612903225806,1.0,3,0.29888842331064874,0.29888842331065024
4,5,32,32,0.06451612903225806,1.0,5,0.1785013248917419,0.1785013248917442
4,5,32,32,0.06451612903225806,1.0,7,0.12733871173292022,0.12733871173292233
4,5,32,32,0.06451612903225806,1.0,9,0.09898930618378404,0.09898930618378535
4,5,32,32,0.06451612903225806,1.0,11,0.08096970445583897,0.0809697044558409
4,5,32,32,0.06451612903225806,1.0,13,0.0685023094566349,0.06850230945663523
4,5,32,32,0.06451612903225806,1.0,15,0.059362929539824305,0.05936292953982627
4,5,32,32,0.06451612903225806,1.0,17,0.05237565895364161,0.05237565895364397
4,5,32,32,0.06451612903225806,1.0,19,0.04686029266701209,0.046860292667013706
5,5,32,32,0.06451612903225806,0.1,1,0.013946357361543446,0.013585781660130535
5,5,32,32,0.06451612903225806,0.1,3,0.004643076725169042,0.00452362294184888
5,5,32,32,0.06451612903225806,0.1,5,0.0027854464546376396,0.002713905663672465
5,5,32,32,0.06451612903225806,0.1,7,0.0019895032188185524,0.0019384459704687468
5,5,32,32,0.06451612903225806,0.1,9,0.0015473518106892711,0.001507659950061434
5,5,32,32,0.06451612903225806,0.1,11,0.0012659957976275567,0.0012335308914338133
5,5,32,32,0.06451612903225806,0.1,13,0.0010712163927206542,0.001043752165288618
5,5,32,32,0.06451612903225806,0.1,15,0.0009283808873693021,0.0009045824520844194
5,5,32,32,0.06451612903225806,0.1,17,0.0008191552304169685,0.0007981592555633655
5,5,32,32,0.06451612903225806,0.1,19,0.0007329253348056198,0.0007141413394979317
5,5,32,32,0.06451612903225806,0.5,1,0.32240585088277945,0.3140041144651476
5,5,32,32,0.06451612903225806,0.5,3,0.10511570765756041,0.10212481240681465
5,5,32,32,0.06451612903225806,0.5,5,0.06293441538848839,0.06114521816220493
5,5,32,32,0.06451612903225806,0.5,7,0.04492185111066357,0.043647349056479406
5,5,32,32,0.06451612903225806,0.5,9,0.03492771705678959,0.03393831364793198
5,5,32,32,0.06451612903225806,0.5,11,0.02857185363595514,0.02776342821420131
5,5,32,32,0.06451612903225806,0.5,13,0.024173277566364507,0.023489903693879384
5,5,32,32,0.06451612903225806,0.5,15,0.020948434795601302,0.02035662741411238
5,5,32,32,0.06451612903225806,0.5,17,0.018482794125401138,0.01796092419639272
5,5,32,32,0.06451612903225806,0.5,19,0.016536476369811197,0.016069766405045587
5,5,32,32,0.06451612903225806,1.0,1,1.0132017484380131,0.9900673424931964
5,5,32,32,0.06451612903225806,1.0,3,0.3188809705634384,0.3084553424210234
5,5,32,32,0.06451612903225806,1.0,5,0.19009941892117632,0.18388328264533307
5,5,32,32,0.06451612903225806,1.0,7,0.13546018203586865,0.13105032705061193
5,5,32,32,0.06451612903225806,1.0,9,0.10522774039623947,0.10181427794380701
5,5,32,32,0.06451612903225806,1.0,11,0.08603082432129944,0.08324752135073624
5,5,32,32,0.06451612903225806,1.0,13,0.07275871204923016,0.07040955965041142
5,5,32,32,0.06451612903225806,1.0,15,0.06303485393768081,0.06100286624965404
5,5,32,32,0.06451612903225806,1.0,17,0.05560396171110163,0.05381377381482479
5,5,32,32,0.06451612903225806,1.0,19,0.049740456807782524,0.048140690845076314
6,5,32,32,0.06451612903225806,0.1,1,0.01208155355435097,0.012083684271592527
6,5,32,32,0.06451612903225806,0.1,3,0.0040234155037233476,0.0040241823327684155
6,5,32,32,0.06451612903225806,0.1,5,0.0024138686705252837,0.0024143315622654686
6,5,32,32,0.06451612903225806,0.1,7,0.001724156365676047,0.0017244875540002725
6,5,32,32,0.06451612903225806,0.1,9,0.0013409991311553275,0.0013412568986885367
6,5,32,32,0.06451612903225806,0.1,11,0.0010971763961071645,0.0010973873699926813
6,5,32,32,0.06451612903225806,0.1,13,0.0009283777347283673,0.000928556286714143
6,5,32,32,0.06451612903225806,0.1,15,0.000804592790084632,0.0008047475545100684
6,5,32,32,0.06451612903225806,0.1,17,0.0007099340796294475,0.0007100706479174012
6,5,32,32,0.06451612903225806,0.1,19,0.0006352037153012855,0.0006353259151374911
6,5,32,32,0.06451612903225806,0.5,1,0.28230542957068294,0.28341809841523946
6,5,32,32,0.06451612903225806,0.5,3,0.09202440829986668,0.09246806706769489
6,5,32,32,0.06451612903225806,0.5,5,0.0551186833653817,0.05538959951162617
6,5,32,32,0.06451612903225806,0.5,7,0.039351670083953745,0.03954613424077738
6,5,32,32,0.06451612903225806,0.5,9,0.030600837828244833,0.030752394938685125
6,5,32,32,0.06451612903225806,0.5,11,0.025034558424071502,0.025158687349822663
6,5,32,32,0.06451612903225806,0.5,13,0.02118187606260484,0.021286970462701164
6,5,32,32,0.06451612903225806,0.5,15,0.018356967079742898,0.018448082766935756
6,5,32,32,0.06451612903225806,0.5,17,0.01619693541942212,0.0162773516021795
6,5,32,32,0.06451612903225806,0.5,19,0.014491751147892893,0.014563715014965206
6,5,32,32,0.06451612903225806,1.0,1,0.9192404123464116,0.9288179043333388
6,5,32,32,0.06451612903225806,1.0,3,0.28747434091427415,0.2921459640995482
6,5,32,32,0.06451612903225806,1.0,5,0.17166697088292046,0.17462209132219328
6,5,32,32,0.06451612903225806,1.0,7,0.1224596674057591,0.12460158596192475
6,5,32,32,0.06451612903225806,1.0,9,0.09519545040978517,0.09687145581621469
6,5,32,32,0.06451612903225806,1.0,11,0.0778661046581182,0.07924157129820882
6,5,32,32,0.06451612903225806,1.0,13,0.0658764499031305,0.067042350115898
6,5,32,32,0.06451612903225806,1.0,15,0.05708734946370483,0.05809890924366026
6,5,32,32,0.06451612903225806,1.0,17,0.050367904614457684,0.05126111424592572
6,5,32,32,0.06451612903225806,1.0,19,0.04506395863178261,0.04586355856285106
7,5,32,32,0.06451612903225806,0.1,1,0.012289795904294758,0.012289795904295263
7,5,32,32,0.06451612903225806,0.1,3,0.004092431962329116,0.004092431962329768
7,5,32,32,0.06451612903225806,0.1,5,0.002455250543048335,0.002455250543047775
7,5,32,32,0.06451612903225806,0.1,7,0.0017537090898059027,0.0017537090898074542
7,5,32,32,0.06451612903225806,0.1,9,0.001363982715589153,0.0013639827155928136
7,5,32,32,0.06451612903225806,0.1,11,0.0011159803688177488,0.0011159803688188382
7,5,32,32,0.06451612903225806,0.1,13,0.0009442884086316451,0.0009442884086348931
7,5,32,32,0.06451612903225806,0.1,15,0.0008183818338181024,0.0008183818338166248
7,5,32,32,0.06451612903225806,0.1,17,0.0007221007607201504,0.0007221007607311045
7,5,32,32,0.06451612903225806,0.1,19,0.0006460896163895121,0.0006460896163898736
7,5,32,32,0.06451612903225806,0.5,1,0.2888221247671338,0.2888221247671349
7,5,32,32,0.06451612903225806,0.5,3,0.0942785109497407,0.09427851094974231
7,5,32,32,0.06451612903225806,0.5,5,0.05646621025667592,0.05646621025667788
7,5,32,32,0.06451612903225806,0.5,7,0.04031252266541492,0.040312522665416184
7,5,32,32,0.06451612903225806,0.5,9,0.03134752839506432,0.031347528395064495
7,5,32,32,0.06451612903225806,0.5,11,0.02564519905706481,0.025645199057065072
7,5,32,32,0.06451612903225806,0.5,13,0.021698425205390816,0.021698425205397616
7,5,32,32,0.06451612903225806,0.5,15,0.018804560931721625,0.018804560931724473
7,5,32,32,0.06451612903225806,0.5,17,0.016591821885619362,0.016591821885619324
7,5,32,32,0.06451612903225806,0.5,19,0.014845039308272804,0.014845039308276912
7,5,32,32,0.06451612903225806,1.0,1,0.952339603114699,0.9523396031147005
7,5,32,32,0.06451612903225806,1.0,3,0.29816184465784823,0.2981618446578495
7,5,32,32,0.06451612903225806,1.0,5,0.17802972516207455,0.17802972516207727
7,5,32,32,0.06451612903225806,1.0,7,0.12699568878262898,0.12699568878263037
7,5,32,32,0.06451612903225806,1.0,9,0.0987207659225584,0.09872076592256206
7,5,32,32,0.06451612903225806,1.0,11,0.08074935737222011,0.08074935737222023
7,5,32,32,0.06451612903225806,1.0,13,0.06831559762167702,0.06831559762167835
7,5,32,32,0.06451612903225806,1.0,15,0.059200992500654775,0.05920099250065891
7,5,32,32,0.06451612903225806,1.0,17,0.052232716448385307,0.05223271644838805
7,5,32,32,0.06451612903225806,1.0,19,0.046732369830569276,0.04673236983057104
8,5,32,32,0.06451612903225806,0.1,1,0.01214814509538289,0.012148504034217187
8,5,32,32,0.06451612903225806,0.1,3,0.0040457413989590995,0.004045754905728432
8,5,32,32,0.06451612903225806,0.1,5,0.002427270261475096,0.002427273182703166
8,5,32,32,0.06451612903225806,0.1,7,0.0017337301196598746,0.001733731184632693
8,5,32,32,0.06451612903225806,0.1,9,0.0013484457646006647,0.0013484462657571282
8,5,32,32,0.06451612903225806,0.1,11,0.0011032692536823764,0.0011032695281898467
8,5,32,32,0.06451612903225806,0.1,13,0.0009335333062306225,0.0009335334725478355
8,5,32,32,0.06451612903225806,0.1,15,0.0008090609937171393,0.0008090611019829309
8,5,32,32,0.06451612903225806,0.1,17,0.0007138766368159874,0.0007138767112140967
8,5,32,32,0.06451612903225806,0.1,19,0.0006387312818808148,0.0006387313351639304
8,5,32,32,0.06451612903225806,0.5,1,0.28414332984628954,0.2843028105235083
8,5,32,32,0.06451612903225806,0.5,3,0.0927115576138916,0.09271941233302543
8,5,32,32,0.06451612903225806,0.5,5,0.05553231304462609,0.05553406034542176
8,5,32,32,0.06451612903225806,0.5,7,0.03964733909855443,0.03964798127357793
8,5,32,32,0.06451612903225806,0.5,9,0.03083086840342138,0.030831171618288664
8,5,32,32,0.06451612903225806,0.5,11,0.025222791703394032,0.02522295807505241
8,5,32,32,0.06451612903225806,0.5,13,0.021341163039021185,0.02134126393574462
8,5,32,32,0.06451612903225806,0.5,15,0.018495022611402893,0.018495088334204615
8,5,32,32,0.06451612903225806,0.5,17,0.01631875311940964,0.016318798287540393
8,5,32,32,0.06451612903225806,0.5,19,0.01460074842794411,0.01460078079111316
8,5,32,32,0.06451612903225806,1.0,1,0.9269855181063735,0.9281455842281922
8,5,32,32,0.06451612903225806,1.0,3,0.2891215567671542,0.2891995637840145
8,5,32,32,0.06451612903225806,1.0,5,0.172521645703337,0.1725397632032896
8,5,32,32,0.06451612903225806,1.0,7,0.12304258940654726,0.12304935868682272
8,5,32,32,0.06451612903225806,1.0,9,0.09563986373412967,0.09564308445481444
8,5,32,32,0.06451612903225806,1.0,11,0.07822597097075389,0.07822774537698027
8,5,32,32,0.06451612903225806,1.0,13,0.0661791219500019,0.06618020064817492
8,5,32,32,0.06451612903225806,1.0,15,0.05734866745511162,0.05734937118984282
8,5,32,32,0.06451612903225806,1.0,17,0.05059788993331741,0.050598374081346785
8,5,32,32,0.06451612903225806,1.0,19,0.045269364780799556,0.04526971193069095
9,5,32,32,0.06451612903225806,0.1,1,0.01204665760391723,0.012046750586045426
9,5,32,32,0.06451612903225806,0.1,3,0.004012036957120015,0.004012040483306579
9,5,32,32,0.06451612903225806,0.1,5,0.0024070535902634966,0.00240705435335528
9,5,32,32,0.06451612903225806,0.1,7,0.0017192908199259184,0.0017192910981731302
9,5,32,32,0.06451612903225806,0.1,9,0.0013372155757465037,0.0013372157066920082
9,5,32,32,0.06451612903225806,0.1,11,0.0010940810737386246,0.001094081145470689
9,5,32,32,0.06451612903225806,0.1,13,0.000925758768543414,0.0009257588120074164
9,5,32,32,0.06451612903225806,0.1,15,0.0008023231024419783,0.0008023231307398417
9,5,32,32,0.06451612903225806,0.1,17,0.0007079314630345523,0.0007079314824884349
9,5,32,32,0.06451612903225806,0.1,19,0.000633411931175934,0.0006334119451065047
9,5,32,32,0.06451612903225806,0.5,1,0.28210457152143104,0.28214277117180797
9,5,32,32,0.06451612903225806,0.5,3,0.09209491402286568,0.09209741490115884
9,5,32,32,0.06451612903225806,0.5,5,0.055165408768403715,0.05516597129292996
9,5,32,32,0.06451612903225806,0.5,7,0.039385876669271694,0.03938608395306462
9,5,32,32,0.06451612903225806,0.5,9,0.03062770524458553,0.0306278032174362
9,5,32,32,0.06451612903225806,0.5,11,0.025056648801274436,0.025056702585303875
9,5,32,32,0.06451612903225806,0.5,13,0.021200620276631242,0.02120065290347812
9,5,32,32,0.06451612903225806,0.5,15,0.018373240477067596,0.018373261733552783
9,5,32,32,0.06451612903225806,0.5,17,0.016211311031908194,0.016211325642189883
9,5,32,32,0.06451612903225806,0.5,19,0.01450462402620258,0.014504634495413303
9,5,32,32,0.06451612903225806,1.0,1,0.9235652741857845,0.9236400796588629
9,5,32,32,0.06451612903225806,1.0,3,0.28828807123475036,0.288321609979526
9,5,32,32,0.06451612903225806,1.0,5,0.17205297352982932,0.17206065925751174
9,5,32,32,0.06451612903225806,1.0,7,0.12271536531134361,0.12271820586979694
9,5,32,32,0.06451612903225806,1.0,9,0.09538793666536176,0.09538928053290471
9,5,32,32,0.06451612903225806,1.0,11,0.0780209505122169,0.07802168856200106
9,5,32,32,0.06451612903225806,1.0,13,0.06600618807270078,0.06600663589279027
9,5,32,32,0.06451612903225806,1.0,15,0.0571990906714456,0.057199382465835884
9,5,32,32,0.06451612903225806,1.0,17,0.05046608799863717,0.050466288575718436
9,5,32,32,0.06451612903225806,1.0,19,0.045151548625402355,0.045151692359924174
10,5,32,32,0.06451612903225806,0.1,1,0.01354115826005774,0.013106872518130443
10,5,32,32,0.06451612903225806,0.1,3,0.004511082204863962,0.004365206465342983
10,5,32,32,0.06451612903225806,0.1,5,0.0027065230786030734,0.0026189440911871266
10,5,32,32,0.06451612903225806,0.1,7,0.00193320593273034,0.001870638974688327
10,5,32,32,0.06451612903225806,0.1,9,0.001503596665078992,0.0014549301022710446
10,5,32,32,0.06451612903225806,0.1,11,0.0012302121610714937,0.0011903926671408853
10,5,32,32,0.06451612903225806,0.1,13,0.0010409471495241946,0.0010072530516740481
10,5,32,32,0.06451612903225806,0.1,15,0.0009021533250895338,0.0008729514038975991
10,5,32,32,0.06451612903225806,0.1,17,0.0007960171260718833,0.0007702505070318314
10,5,32,32,0.06451612903225806,0.1,19,0.0007122255273569312,0.000689171047220507
10,5,32,32,0.06451612903225806,0.5,1,0.3129519678895095,0.30532339013698356
10,5,32,32,0.06451612903225806,0.5,3,0.10289231005441919,0.09973185285653366
10,5,32,32,0.06451612903225806,0.5,5,0.061670098695842245,0.05974421058691125
10,5,32,32,0.06451612903225806,0.5,7,0.04403720749196039,0.04265581394591021
10,5,32,32,0.06451612903225806,0.5,9,0.03424703954992741,0.033170788913547876
10,5,32,32,0.06451612903225806,0.5,11,0.02801859682996911,0.027137270879429323
10,5,32,32,0.06451612903225806,0.5,13,0.023707211789246306,0.02296110649993108
10,5,32,32,0.06451612903225806,0.5,15,0.020545797871282346,0.01989897340970143
10,5,32,32,0.06451612903225806,0.5,17,0.01812837839101566,0.017557533134945656
10,5,32,32,0.06451612903225806,0.5,19,0.016219960638360013,0.0157091304917158
10,5,32,32,0.06451612903225806,1.0,1,0.9852331254562126,0.9798741630238621
10,5,32,32,0.06451612903225806,1.0,3,0.31620177200363037,0.3071030818192324
10,5,32,32,0.06451612903225806,1.0,5,0.18921022162847573,0.18335186426253897
10,5,32,32,0.06451612903225806,1.0,7,0.1350439517013825,0.13078667863356427
10,5,32,32,0.06451612903225806,1.0,9,0.10499894446037776,0.10166570963819281
10,5,32,32,0.06451612903225806,1.0,11,0.08589330299688555,0.08315732094624792
10,5,32,32,0.06451612903225806,1.0,13,0.07267158139871657,0.07035234655735707
10,5,32,32,0.06451612903225806,1.0,15,0.06297799307172575,0.06096575869775509
10,5,32,32,0.06451612903225806,1.0,17,0.05556641693181176,0.053789616260009214
10,5,32,32,0.06451612903225806,1.0,19,0.0497158073260296,0.048125229997734366
11,5,32,32,0.06451612903225806,0.1,1,0.01223378014682549,0.01212187659778992
11,5,32,32,0.06451612903225806,0.1,3,0.004073750360354541,0.0040364514496005165
11,5,32,32,0.06451612903225806,0.1,5,0.002444011285390377,0.002421627266084886
11,5,32,32,0.06451612903225806,0.1,7,0.0017456683386782158,0.0017296778674856616
11,5,32,32,0.06451612903225806,0.1,9,0.0013577225648246356,0.0013452846201330263
11,5,32,32,0.06451612903225806,0.1,11,0.0011108549511079401,0.0011006779461995814
11,5,32,32,0.06451612903225806,0.1,13,0.0009399493904704292,0.0009313377712011769
11,5,32,32,0.06451612903225806,0.1,15,0.0008146199593093864,0.0008071563552049307
11,5,32,32,0.06451612903225806,0.1,17,0.0007187804997743609,0.0007121948285809596
11,5,32,32,0.06451612903225806,0.1,19,0.0006431181672343608,0.0006372256255012462
11,5,32,32,0.06451612903225806,0.5,1,0.28634492575026166,0.2845147035097423
11,5,32,32,0.06451612903225806,0.5,3,0.09339900221197155,0.09283370987282044
11,5,32,32,0.06451612903225806,0.5,5,0.05593625112208402,0.0556046809614099
11,5,32,32,0.06451612903225806,0.5,7,0.039932996549782045,0.039698279862545933
11,5,32,32,0.06451612903225806,0.5,9,0.031051753423150294,0.030870055253092808
11,5,32,32,0.06451612903225806,0.5,11,0.02540282657635701,0.025254592647650197
11,5,32,32,0.06451612903225806,0.5,13,0.021493090364352797,0.02136790465744024
11,5,32,32,0.06451612903225806,0.5,15,0.01862642972507757,0.018518086217031778
11,5,32,32,0.06451612903225806,0.5,17,0.01643452158845724,0.01633902420945181
11,5,32,32,0.06451612903225806,0.5,19,0.014704203567781692,0.014618828004907705
11,5,32,32,0.06451612903225806,1.0,1,0.9356011291158803,0.9337532401587504
11,5,32,32,0.06451612903225806,1.0,3,0.29307477844412216,0.2931210517407971
11,5,32,32,0.06451612903225806,1.0,5,0.17498889636192197,0.17502329215662013
11,5,32,32,0.06451612903225806,1.0,7,0.1248259606794503,0.12484124831855688
11,5,32,32,0.06451612903225806,1.0,9,0.09703395256068023,0.0970400668126409
11,5,32,32,0.06451612903225806,1.0,11,0.07936954655533093,0.07937108284182981
11,5,32,32,0.06451612903225806,1.0,13,0.06714821031766231,0.06714732132635891
11,5,32,32,0.06451612903225806,1.0,15,0.058189330949020554,0.05818710361086827
11,5,32,32,0.06451612903225806,1.0,17,0.051340114133393205,0.051337134806382904
11,5,32,32,0.06451612903225806,1.0,19,0.04593374839201216,0.045930350278232036
12,5,32,32,0.06451612903225806,0.1,1,0.013140148664170105,0.012691607158003269
12,5,32,32,0.06451612903225806,0.1,3,0.004375033988724848,0.004222350560560157
12,5,32,32,0.06451612903225806,0.1,5,0.0026246982304245475,0.0025327160315747523
12,5,32,32,0.06451612903225806,0.1,7,0.001874706196007177,0.0018088912470416497
12,5,32,32,0.06451612903225806,0.1,9,0.0014580751120469562,0.0014068368236572527
12,5,32,32,0.06451612903225806,0.1,11,0.0011929563284088238,0.0011510086728622922
12,5,32,32,0.06451612903225806,0.1,13,0.0010094167385106183,0.0009739076900119282
12,5,32,32,0.06451612903225806,0.1,15,0.0008748230698865587,0.0008440391106649938
12,5,32,32,0.06451612903225806,0.1,17,0.0007718995994682313,0.0007447309086410372
12,5,32,32,0.06451612903225806,0.1,19,0.0006906448736651461,0.0006663315442350904
12,5,32,32,0.06451612903225806,0.5,1,0.30636336888877697,0.29746648687431365
12,5,32,32,0.06451612903225806,0.5,3,0.09990254101627308,0.09648692911859243
12,5,32,32,0.06451612903225806,0.5,5,0.059826116304672834,0.057731724513388136
12,5,32,32,0.06451612903225806,0.5,7,0.04270841852414498,0.0411989163327518
12,5,32,32,0.06451612903225806,0.5,9,0.0332092378211516,0.032029387453223784
12,5,32,32,0.06451612903225806,0.5,11,0.027167471355550324,0.02619913482781976
12,5,32,32,0.06451612903225806,0.5,13,0.022985934173772208,0.022164816774504145
12,5,32,32,0.06451612903225806,0.5,15,0.01992003357618781,0.01920728446952078
12,5,32,32,0.06451612903225806,0.5,17,0.017575809518306645,0.016946162460991294
12,5,32,32,0.06451612903225806,0.5,19,0.015725268099747457,0.015161369822841836
12,5,32,32,0.06451612903225806,1.0,1,0.9888320798023422,0.9676832033885479
12,5,32,32,0.06451612903225806,1.0,3,0.31127750775705587,0.30007894670684315
12,5,32,32,0.06451612903225806,1.0,5,0.18576679060969215,0.1787795418786142
12,5,32,32,0.06451612903225806,1.0,7,0.13248351228517502,0.1274132654774611
12,5,32,32,0.06451612903225806,1.0,9,0.10297309862160149,0.09899564484117623
12,5,32,32,0.06451612903225806,1.0,11,0.08422047325162783,0.08094861858649233
12,5,32,32,0.06451612903225806,1.0,13,0.07124807263941504,0.06846931668026449
12,5,32,32,0.06451612903225806,1.0,15,0.061739579391234256,0.05932481436812504
12,5,32,32,0.06451612903225806,1.0,17,0.05447071883252616,0.05233565766627663
12,5,32,32,0.06451612903225806,1.0,19,0.04873344474712525,0.04682003194639874
13,5,32,32,0.06451612903225806,0.1,1,0.011594823235677166,0.011594823235677941
13,5,32,32,0.06451612903225806,0.1,3,0.0038547986517112045,0.003854798651714534
13,5,32,32,0.06451612903225806,0.1,5,0.002312217535924392,0.0023122175359268607
13,5,32,32,0.06451612903225806,0.1,7,0.0016514449826051452,0.00165144498260645
13,5,32,32,0.06451612903225806,0.1,9,0.0012844116822319067,0.0012844116822341891
13,5,32,32,0.06451612903225806,0.1,11,0.0010508632255170442,0.0010508632255192983
13,5,32,32,0.06451612903225806,0.1,13,0.0008891826296803902,0.0008891826296833513
13,5,32,32,0.06451612903225806,0.1,15,0.0007706198543162111,0.0007706198543173142
13,5,32,32,0.06451612903225806,0.1,17,0.0006799556857329863,0.0006799556857466165
13,5,32,32,0.06451612903225806,0.1,19,0.0006083795121374511,0.0006083795121393326
13,5,32,32,0.06451612903225806,0.5,1,0.2722799356852226,0.2722799356852235
13,5,32,32,0.06451612903225806,0.5,3,0.08759218523853438,0.08759218523853718
13,5,32,32,0.06451612903225806,0.5,5,0.052341153876296585,0.05234115387630132
13,5,32,32,0.06451612903225806,0.5,7,0.03733547297827853,0.03733547297827983
13,5,32,32,0.06451612903225806,0.5,9,0.029020293179416706,0.02902029317941766
13,5,32,32,0.06451612903225806,0.5,11,0.02373564317153237,0.023735643171535183
13,5,32,32,0.06451612903225806,0.5,13,0.020079787286828566,0.020079787286835626
13,5,32,32,0.06451612903225806,0.5,15,0.01740010524081105,0.0174001052408254
13,5,32,32,0.06451612903225806,0.5,17,0.015351596166010086,0.015351596166009769
13,5,32,32,0.06451612903225806,0.5,19,0.013734719596947139,0.013734719596957018
13,5,32,32,0.06451612903225806,1.0,1,0.8864924475600788,0.8864924475600802
13,5,32,32,0.06451612903225806,1.0,3,0.26496883257598874,0.26496883257599124
13,5,32,32,0.06451612903225806,1.0,5,0.157000964071343,0.15700096407134495
13,5,32,32,0.06451612903225806,1.0,7,0.11169666359602044,0.11169666359602518
13,5,32,32,0.06451612903225806,1.0,9,0.08672030557396683,0.0867203055739687
13,5,32,32,0.06451612903225806,1.0,11,0.07088561657320558,0.07088561657320637
13,5,32,32,0.06451612903225806,1.0,13,0.0599463053426693,0.059946305342672195
13,5,32,32,0.06451612903225806,1.0,15,0.05193467462108135,0.051934674621086196
13,5,32,32,0.06451612903225806,1.0,17,0.0458134675787303,0.04581346757873268
13,5,32,32,0.06451612903225806,1.0,19,0.04098386669361983,0.04098386669362458
14,5,32,32,0.06451612903225806,0.1,1,0.011593820030284474,0.011593814301340202
14,5,32,32,0.06451612903225806,0.1,3,0.0038618964134365845,0.003861896296885704
14,5,32,32,0.06451612903225806,0.1,5,0.0023170078658772664,0.0023170078615796
14,5,32,32,0.06451612903225806,0.1,7,0.0016549800309997803,0.00165498003704196
14,5,32,32,0.06451612903225806,0.1,9,0.0012871984976521676,0.0012871985040744246
14,5,32,32,0.06451612903225806,0.1,11,0.001053159012459236,0.0010531590179368186
14,5,32,32,0.06451612903225806,0.1,13,0.0008911328962122685,0.000891132900718267
14,5,32,32,0.06451612903225806,0.1,15,0.0007723142776172926,0.0007723142813235397
14,5,32,32,0.06451612903225806,0.1,17,0.000681453243948341,0.000681453247024882
14,5,32,32,0.06451612903225806,0.1,19,0.0006097209906173067,0.0006097209932020358
14,5,32,32,0.06451612903225806,0.5,1,0.27254298883879774,0.27253883391234407
14,5,32,32,0.06451612903225806,0.5,3,0.08936019975189247,0.08936000973588563
14,5,32,32,0.06451612903225806,0.5,5,0.05354633877302864,0.05354629614938227
14,5,32,32,0.06451612903225806,0.5,7,0.038233660356442184,0.03823364437589475
14,5,32,32,0.06451612903225806,0.5,9,0.029732894237453674,0.029732886521698105
14,5,32,32,0.06451612903225806,0.5,11,0.024325089862321528,0.024325085531173987
14,5,32,32,0.06451612903225806,0.5,13,0.020581879540142605,0.020581876853216746
14,5,32,32,0.06451612903225806,0.5,15,0.017837144895750553,0.017837143105886112
14,5,32,32,0.06451612903225806,0.5,17,0.01573837137804384,0.015738370120573535
14,5,32,32,0.06451612903225806,0.5,19,0.014081521066885224,0.014081520146223141
14,5,32,32,0.06451612903225806,1.0,1,0.9010295122369599,0.9009805847219141
14,5,32,32,0.06451612903225806,1.0,3,0.2855791613973326,0.28557629607925655
14,5,32,32,0.06451612903225806,1.0,5,0.17065996071481734,0.17065920702474774
14,5,32,32,0.06451612903225806,1.0,7,0.12176477740996546,0.12176444608818061
14,5,32,32,0.06451612903225806,1.0,9,0.09466258613405328,0.0946624029089399
14,5,32,32,0.06451612903225806,1.0,11,0.07743320625514881,0.07743309083282258
14,5,32,32,0.06451612903225806,1.0,13,0.06551162031504147,0.06551154124408308
14,5,32,32,0.06451612903225806,1.0,15,0.056771946669461934,0.05677188924180559
14,5,32,32,0.06451612903225806,1.0,17,0.05009006045867277,0.05009001691781946
14,5,32,32,0.06451612903225806,1.0,19,0.04481563936039945,0.04481560524324086
15,5,32,32,0.06451612903225806,0.1,1,0.012489442770325813,0.012087614135099926
15,5,32,32,0.06451612903225806,0.1,3,0.004157805168554244,0.004025193140862349
15,5,32,32,0.06451612903225806,0.1,5,0.0024943039178423328,0.0024149065515182136
15,5,32,32,0.06451612903225806,0.1,7,0.0017815485059258986,0.0017248890821632266
15,5,32,32,0.06451612903225806,0.1,9,0.0013856106692050364,0.0013415653329375808
15,5,32,32,0.06451612903225806,0.1,11,0.0011336627418285844,0.0010976377443605364
15,5,32,32,0.06451612903225806,0.1,13,0.0009592425724227573,0.0009287669939740055
15,5,32,32,0.06451612903225806,0.1,15,0.0008313370798057947,0.000804929443553372
15,5,32,32,0.06451612903225806,0.1,17,0.0007335284444244063,0.0007102306526686957
15,5,32,32,0.06451612903225806,0.1,19,0.000656311961054828,0.0006354687359002137
15,5,32,32,0.06451612903225806,0.5,1,0.2922559878232587,0.28301092197505695
15,5,32,32,0.06451612903225806,0.5,3,0.09529783880164462,0.09223578919593428
15,5,32,32,0.06451612903225806,0.5,5,0.05707605200789369,0.05523107653327176
15,5,32,32,0.06451612903225806,0.5,7,0.04074718959828905,0.03942713772630962
15,5,32,32,0.06451612903225806,0.5,9,0.03168498426707488,0.030657396195900105
15,5,32,32,0.06451612903225806,0.5,11,0.025920888559418934,0.025079705005038404
15,5,32,32,0.06451612903225806,0.5,13,0.021931420669365893,0.021219410918517992
15,5,32,32,0.06451612903225806,0.5,15,0.019006292784931565,0.0183890718793106
15,5,32,32,0.06451612903225806,0.5,17,0.016769676975454974,0.01622497517825674
15,5,32,32,0.06451612903225806,0.5,19,0.01500406552246028,0.014516635417526746
15,5,32,32,0.06451612903225806,1.0,1,0.9472826993548819,0.9293652390329752
15,5,32,32,0.06451612903225806,1.0,3,0.30009291670931815,0.29057741927108993
15,5,32,32,0.06451612903225806,1.0,5,0.17914597246009242,0.17317401253024817
15,5,32,32,0.06451612903225806,1.0,7,0.12775401300674963,0.12342598415428
15,5,32,32,0.06451612903225806,1.0,9,0.09928950556631667,0.09589957102424028
15,5,32,32,0.06451612903225806,1.0,11,0.08120257158277931,0.0784175853959746
15,5,32,32,0.06451612903225806,1.0,13,0.06869157342288867,0.06632871243276825
15,5,32,32,0.06451612903225806,1.0,15,0.059521884605959,0.05747019797581368
15,5,32,32,0.06451612903225806,1.0,17,0.052512427020236216,0.05069957665786459
15,5,32,32,0.06451612903225806,1.0,19,0.046980168069225746,0.04535639144088221
16,5,32,32,0.06451612903225806,0.1,1,0.01159713094135468,0.01159692653536459
16,5,32,32,0.06451612903225806,0.1,3,0.003862281701221655,0.0038622741311755493
16,5,32,32,0.06451612903225806,0.1,5,0.0023172046089762538,0.002317202973853483
16,5,32,32,0.06451612903225806,0.1,7,0.0016551137971840576,0.0016551132013025158
16,5,32,32,0.06451612903225806,0.1,9,0.0012873003764019293,0.001287300096033804
16,5,32,32,0.06451612903225806,0.1,11,0.0010532414740208208,0.0010532413204648683
16,5,32,32,0.06451612903225806,0.1,13,0.0008912022371335077,0.0008912021441097223
16,5,32,32,0.06451612903225806,0.1,15,0.0007723741373549384,0.000772374076800378
16,5,32,32,0.06451612903225806,0.1,17,0.0006815059225877525,0.0006815058810039932
16,5,32,32,0.06451612903225806,0.1,19,0.000609768037223351,0.0006097680074318398
16,5,32,32,0.06451612903225806,0.5,1,0.2733637673698431,0.2732547637987462
16,5,32,32,0.06451612903225806,0.5,3,0.08919234230862602,0.08918842274345888
16,5,32,32,0.06451612903225806,0.5,5,0.05342486469245361,0.0534240197457547
16,5,32,32,0.06451612903225806,0.5,7,0.03814283581102799,0.038142528050125676
16,5,32,32,0.06451612903225806,0.5,9,0.029660962076089276,0.029660817303808113
16,5,32,32,0.06451612903225806,0.5,11,0.024265704758466,0.024265625474175108
16,5,32,32,0.06451612903225806,0.5,13,0.020531373421657746,0.02053132539219699
16,5,32,32,0.06451612903225806,0.5,15,0.017793233882785517,0.017793202618628778
16,5,32,32,0.06451612903225806,0.5,17,0.015699544844373196,0.015699523367925804
16,5,32,32,0.06451612903225806,0.5,19,0.014046730686415832,0.014046715303457176
16,5,32,32,0.06451612903225806,1.0,1,0.909800601386645,0.9086299281242765
16,5,32,32,0.06451612903225806,1.0,3,0.28250862635611085,0.2824762651504903
16,5,32,32,0.06451612903225806,1.0,5,0.16852632808119036,0.16851944867176735
16,5,32,32,0.06451612903225806,1.0,7,0.12018322568056998,0.12018072804469127
16,5,32,32,0.06451612903225806,1.0,9,0.09341414254002953,0.09341296910513684
16,5,32,32,0.06451612903225806,1.0,11,0.07640419642081447,0.07640355418470805
16,5,32,32,0.06451612903225806,1.0,13,0.06463726642923545,0.06463687750510688
16,5,32,32,0.06451612903225806,1.0,15,0.056012200650694614,0.056011947539943506
16,5,32,32,0.06451612903225806,1.0,17,0.04941854147141661,0.04941836762564557
16,5,32,32,0.06451612903225806,1.0,19,0.044214087423479986,0.04421396291504426
17,5,32,32,0.06451612903225806,0.1,1,0.013186983532667333,0.012265531473095913
17,5,32,32,0.06451612903225806,0.1,3,0.004391119109987657,0.004079344061563324
17,5,32,32,0.06451612903225806,0.1,5,0.0026344106193543,0.002446801402651842
17,5,32,32,0.06451612903225806,0.1,7,0.0018816627054291208,0.0017474904700993737
17,5,32,32,0.06451612903225806,0.1,9,0.0014634940425151967,0.0013590664788859783
17,5,32,32,0.06451612903225806,0.1,11,0.0011973943458940906,0.0011119165083030413
17,5,32,32,0.06451612903225806,0.1,13,0.00101317453804983,0.0009408254256783908
17,5,32,32,0.06451612903225806,0.1,15,0.0008780814560318368,0.0008153651041192855
17,5,32,32,0.06451612903225806,0.1,17,0.0007747757452491537,0.0007194284899807178
17,5,32,32,0.06451612903225806,0.1,19,0.0006932190446133875,0.0006436912516295676
17,5,32,32,0.06451612903225806,0.5,1,0.3072629162168872,0.28823733855895156
17,5,32,32,0.06451612903225806,0.5,3,0.10024515433035869,0.09325210983009369
17,5,32,32,0.06451612903225806,0.5,5,0.06003979536927021,0.05576321606699181
17,5,32,32,0.06451612903225806,0.5,7,0.042863694524467644,0.039784229474989156
17,5,32,32,0.06451612903225806,0.5,9,0.03333118344410686,0.0309253510926655
17,5,32,32,0.06451612903225806,0.5,11,0.027267866215792663,0.025293896161067028
17,5,32,32,0.06451612903225806,0.5,13,0.023071251024111,0.021397713522513826
17,5,32,32,0.06451612903225806,0.5,15,0.019994209865225345,0.018541743435583638
17,5,32,32,0.06451612903225806,0.5,17,0.017641418533134806,0.016358436522609203
17,5,32,32,0.06451612903225806,0.5,19,0.015784083880936176,0.014635168459384309
17,5,32,32,0.06451612903225806,1.0,1,0.9905210889015733,0.9449636519691449
17,5,32,32,0.06451612903225806,1.0,3,0.3123493195325585,0.29384579321763843
17,5,32,32,0.06451612903225806,1.0,5,0.18651711401333845,0.17485809753091705
17,5,32,32,0.06451612903225806,1.0,7,0.1330489676803036,0.12453603928661491
17,5,32,32,0.06451612903225806,1.0,9,0.1034251777175463,0.09672095838112234
17,5,32,32,0.06451612903225806,1.0,11,0.08459664467795615,0.07906716827225406
17,5,32,32,0.06451612903225806,1.0,13,0.07157002422892786,0.06686496335570859
17,5,32,32,0.06451612903225806,1.0,15,0.062020914562415645,0.05792632526525853
17,5,32,32,0.06451612903225806,1.0,17,0.05472051026707479,0.051096167349284106
17,5,32,32,0.06451612903225806,1.0,19,0.048958038447924596,0.04570705517671817
18,5,32,32,0.06451612903225806,0.1,1,0.011790734390025516,0.011790734390025539
18,5,32,32,0.06451612903225806,0.1,3,0.00392698520623077,0.003926985206230775
18,5,32,32,0.06451612903225806,0.1,5,0.0023560311970096067,0.0023560311970096215
18,5,32,32,0.06451612903225806,0.1,7,0.0016828472818439541,0.0016828472818439999
18,5,32,32,0.06451612903225806,0.1,9,0.0013088707186020654,0.0013088707186021838
18,5,32,32,0.06451612903225806,0.1,11,0.0010708897881387788,0.0010708897881389918
18,5,32,32,0.06451612903225806,0.1,13,0.0009061353118204134,0.0009061353118205878
18,5,32,32,0.06451612903225806,0.1,15,0.0007853160503725712,0.0007853160503724651
18,5,32,32,0.06451612903225806,0.1,17,0.0006929251939371098,0.0006929251939371277
18,5,32,32,0.06451612903225806,0.1,19,0.0006199852315908387,0.0006199852315908296
18,5,32,32,0.06451612903225806,0.5,1,0.2772780715056169,0.27727807150561784
18,5,32,32,0.06451612903225806,0.5,3,0.09064630665525764,0.09064630665525854
18,5,32,32,0.06451612903225806,0.5,5,0.0543052174840617,0.0543052174840624
18,5,32,32,0.06451612903225806,0.5,7,0.03877324990189301,0.0387732499018936
18,5,32,32,0.06451612903225806,0.5,9,0.030151797269542518,0.03015179726954311
18,5,32,32,0.06451612903225806,0.5,11,0.024667511333167316,0.024667511333167507
18,5,32,32,0.06451612903225806,0.5,13,0.020871467684188613,0.020871467684188905
18,5,32,32,0.06451612903225806,0.5,15,0.018088038776087053,0.01808803877608717
18,5,32,32,0.06451612903225806,0.5,17,0.015959700111689384,0.015959700111689706
18,5,32,32,0.06451612903225806,0.5,19,0.014279522062137555,0.01427952206213856
18,5,32,32,0.06451612903225806,1.0,1,0.9177267852851174,0.9177267852851193
18,5,32,32,0.06451612903225806,1.0,3,0.2882596665472628,0.2882596665472647
18,5,32,32,0.06451612903225806,1.0,5,0.17215351681464672,0.1721535168146486
18,5,32,32,0.06451612903225806,1.0,7,0.12280871842126345,0.12280871842126585
18,5,32,32,0.06451612903225806,1.0,9,0.09546717163943287,0.09546717163943409
18,5,32,32,0.06451612903225806,1.0,11,0.07808844374709596,0.07808844374709649
18,5,32,32,0.06451612903225806,1.0,13,0.06606456163336762,0.0660645616333696
18,5,32,32,0.06451612903225806,1.0,15,0.05725035212224104,0.057250352122243324
18,5,32,32,0.06451612903225806,1.0,17,0.050511705381643505,0.05051170538164517
18,5,32,32,0.06451612903225806,1.0,19,0.04519260134032464,0.04519260134032532
19,5,32,32,0.06451612903225806,0.1,1,0.01250467216223798,0.01250647027556231
19,5,32,32,0.06451612903225806,0.1,3,0.004166528105534226,0.004166606092902703
19,5,32,32,0.06451612903225806,0.1,5,0.0024998351709804197,0.002499852270169188
19,5,32,32,0.06451612903225806,0.1,7,0.0017855804687785773,0.001785586726513918
19,5,32,32,0.06451612903225806,0.1,9,0.0013887796611282408,0.001388782610568
19,5,32,32,0.06451612903225806,0.1,11,0.0011362721360237142,0.0011362737528828354
19,5,32,32,0.06451612903225806,0.1,13,0.0009614600005004527,0.0009614609805389379
19,5,32,32,0.06451612903225806,0.1,15,0.0008332647695219975,0.0008332654076865407
19,5,32,32,0.06451612903225806,0.1,17,0.0007352332874325265,0.0007352337259330222
19,5,32,32,0.06451612903225806,0.1,19,0.0006578401010617079,0.0006578404151929904
19,5,32,32,0.06451612903225806,0.5,1,0.2936254236592267,0.2940406737209081
19,5,32,32,0.06451612903225806,0.5,3,0.0969011761100289,0.09695153404490099
19,5,32,32,0.06451612903225806,0.5,5,0.05808637585659157,0.05810120761550405
19,5,32,32,0.06451612903225806,0.5,7,0.041479325138208525,0.04148547886546782
19,5,32,32,0.06451612903225806,0.5,9,0.03225816620115467,0.03226125594559269
19,5,32,32,0.06451612903225806,0.5,11,0.02639157713222655,0.026393332459273472
19,5,32,32,0.06451612903225806,0.5,13,0.022330618650657906,0.022331706173019935
19,5,32,32,0.06451612903225806,0.5,15,0.01935281311053622,0.019353531485179466
19,5,32,32,0.06451612903225806,0.5,17,0.017075781571888642,0.017076280046013543
19,5,32,32,0.06451612903225806,0.5,19,0.015278186509016052,0.015278546132198532
19,5,32,32,0.06451612903225806,1.0,1,0.9671229194631381,0.9692388170101901
19,5,32,32,0.06451612903225806,1.0,3,0.31104593896309085,0.31146894125052493
19,5,32,32,0.06451612903225806,1.0,5,0.18558019831382333,0.18574313468340697
19,5,32,32,0.06451612903225806,1.0,7,0.1323172467813301,0.13239986430143302
19,5,32,32,0.06451612903225806,1.0,9,0.10282881238693847,0.10287713281213227
19,5,32,32,0.06451612903225806,1.0,11,0.08409515223910242,0.08412599457021067
19,5,32,32,0.06451612903225806,1.0,13,0.07113824541207131,0.07115914306931406
19,5,32,32,0.06451612903225806,1.0,15,0.06164231419959633,0.06165711105836208
19,5,32,32,0.06451612903225806,1.0,17,0.05438370642808618,0.05439454863390164
19,5,32,32,0.06451612903225806,1.0,19,0.0486548925255059,0.04866306003117171
20,5,32,32,0.06451612903225806,0.1,1,0.012478527890805856,0.012479028153688353
20,5,32,32,0.06451612903225806,0.1,3,0.004157861237072112,0.0041578806251576575
20,5,32,32,0.06451612903225806,0.1,5,0.0024946373436117776,0.0024946415468161676
20,5,32,32,0.06451612903225806,0.1,7,0.001781868186319929,0.001781869719652269
20,5,32,32,0.06451612903225806,0.1,9,0.0013858924747990901,0.0013858931965476074
20,5,32,32,0.06451612903225806,0.1,11,0.0011339099524982463,0.0011339103478893247
20,5,32,32,0.06451612903225806,0.1,13,0.0009594612589430736,0.0009594614985140626
20,5,32,32,0.06451612903225806,0.1,15,0.0008315325426708937,0.0008315326986303575
20,5,32,32,0.06451612903225806,0.1,17,0.000733704861313278,0.0007337049684720478
20,5,32,32,0.06451612903225806,0.1,19,0.0006564725677586747,0.0006564726445128616
20,5,32,32,0.06451612903225806,0.5,1,0.29307279234497297,0.29330339301867214
20,5,32,32,0.06451612903225806,0.5,3,0.09673687219883571,0.09675645931482009
20,5,32,32,0.06451612903225806,0.5,5,0.05799069665660805,0.05799535129215977
20,5,32,32,0.06451612903225806,0.5,7,0.041411685069301526,0.04141343001754345
20,5,32,32,0.06451612903225806,0.5,9,0.032205798461117874,0.03220662932227452
20,5,32,32,0.06451612903225806,0.5,11,0.02634883397642489,0.0263492918326156
20,5,32,32,0.06451612903225806,0.5,13,0.02229450246069023,0.022294780823417803
20,5,32,32,0.06451612903225806,0.5,15,0.019321540488524944,0.019321722095812077
20,5,32,32,0.06451612903225806,0.5,17,0.017048204750606165,0.017048329692272195
20,5,32,32,0.06451612903225806,0.5,19,0.015253523017113621,0.015253612604670742
20,5,32,32,0.06451612903225806,1.0,1,0.965821351128493,0.9674567049109839
20,5,32,32,0.06451612903225806,1.0,3,0.31059743451831645,0.3109425761755561
20,5,32,32,0.06451612903225806,1.0,5,0.18534504576590424,0.18545943292602873
20,5,32,32,0.06451612903225806,1.0,7,0.1321697450382238,0.13221984524806066
20,5,32,32,0.06451612903225806,1.0,9,0.10272553013761679,0.10275142262937523
20,5,32,32,0.06451612903225806,1.0,11,0.08401723097632431,0.0840321914349866
20,5,32,32,0.06451612903225806,1.0,13,0.07107627138952502,0.07108563889705467
20,5,32,32,0.06451612903225806,1.0,15,0.06159109145686139,0.0615973228624743
20,5,32,32,0.06451612903225806,1.0,17,0.05434013627790446,0.05434448130778891
20,5,32,32,0.06451612903225806,1.0,19,0.048617009340948245,0.04862015506250703
21,5,32,32,0.06451612903225806,0.1,1,0.013587865952900784,0.012878997779912572
21,5,32,32,0.06451612903225806,0.1,3,0.004521821534681786,0.00428702005868658
21,5,32,32,0.06451612903225806,0.1,5,0.002712456434643745,0.0025718043628876162
21,5,32,32,0.06451612903225806,0.1,7,0.0019372929418477027,0.0018369009179471094
21,5,32,32,0.06451612903225806,0.1,9,0.0015067111895112194,0.0014286611152424533
21,5,32,32,0.06451612903225806,0.1,11,0.0012327272646238691,0.0011688853199114946
21,5,32,32,0.06451612903225806,0.1,13,0.0010430560197954564,0.000989046080398359
21,5,32,32,0.06451612903225806,0.1,15,0.0009039688047745652,0.0008571666923588671
21,5,32,32,0.06451612903225806,0.1,17,0.0007976108103290889,0.0007563192357293303
21,5,32,32,0.06451612903225806,0.1,19,0.0007136456714752099,0.0006767037022865791
21,5,32,32,0.06451612903225806,0.5,1,0.3161885821828964,0.2992353264156249
21,5,32,32,0.06451612903225806,0.5,3,0.10294275365598403,0.09718835282115809
21,5,32,32,0.06451612903225806,0.5,5,0.06161872732563185,0.0581803696965953
21,5,32,32,0.06451612903225806,0.5,7,0.04397797150699708,0.041528293848005875
21,5,32,32,0.06451612903225806,0.5,9,0.03419170045119597,0.032289505008619636
21,5,32,32,0.06451612903225806,0.5,11,0.027968636593480707,0.026414033349489722
21,5,32,32,0.06451612903225806,0.5,13,0.023662248969126567,0.022347880116441707
21,5,32,32,0.06451612903225806,0.5,15,0.020505145677787762,0.019366723562069033
21,5,32,32,0.06451612903225806,0.5,17,0.01809138456760126,0.017087375687903396
21,5,32,32,0.06451612903225806,0.5,19,0.016186073506797034,0.015288095483334057
21,5,32,32,0.06451612903225806,1.0,1,1.0018586185996323,0.9497359513716354
21,5,32,32,0.06451612903225806,1.0,3,0.31206386549372156,0.2929631984723669
21,5,32,32,0.06451612903225806,1.0,5,0.18617907714747847,0.17480348735896178
21,5,32,32,0.06451612903225806,1.0,7,0.13272704999798254,0.12464449708455021
21,5,32,32,0.06451612903225806,1.0,9,0.10313310143085111,0.09686890333793839
21,5,32,32,0.06451612903225806,1.0,11,0.0843337591436948,0.07922125816086621
21,5,32,32,0.06451612903225806,1.0,13,0.07133270717160507,0.06701468012364926
21,5,32,32,0.06451612903225806,1.0,15,0.06180539103212323,0.058068357486601906
21,5,32,32,0.06451612903225806,1.0,17,0.05452349713673415,0.05122977013672053
21,5,32,32,0.06451612903225806,1.0,19,0.04877681827220565,0.045832441645360156
22,5,32,32,0.06451612903225806,0.1,1,0.012669411351790158,0.012509803221877903
22,5,32,32,0.06451612903225806,0.1,3,0.00421913981325102,0.004165218862895576
22,5,32,32,0.06451612903225806,0.1,5,0.0025312769875796516,0.002498873171710068
22,5,32,32,0.06451612903225806,0.1,7,0.0018080114532856358,0.0017848527593089687
22,5,32,32,0.06451612903225806,0.1,9,0.0014062163074654496,0.0013881988452334427
22,5,32,32,0.06451612903225806,0.1,11,0.0011505341112067657,0.0011357900311372237
22,5,32,32,0.06451612903225806,0.1,13,0.000973525521143923,0.0009610483460079001
22,5,32,32,0.06451612903225806,0.1,15,0.0008437202050048645,0.00083290578143832
22,5,32,32,0.06451612903225806,0.1,17,0.0007444578196208556,0.0007349151068501996
22,5,32,32,0.06451612903225806,0.1,19,0.0006660930598709937,0.0006575544451047873
22,5,32,32,0.06451612903225806,0.5,1,0.29576469017505624,0.2920129045745912
22,5,32,32,0.06451612903225806,0.5,3,0.09655766479036638,0.09501869438179596
22,5,32,32,0.06451612903225806,0.5,5,0.0578428386855616,0.056902521739230195
22,5,32,32,0.06451612903225806,0.5,7,0.04129828327436092,0.04062296874178053
22,5,32,32,0.06451612903225806,0.5,9,0.03211511187630786,0.03158858494559695
22,5,32,32,0.06451612903225806,0.5,11,0.026273605989056766,0.025842233304441187
22,5,32,32,0.06451612903225806,0.5,13,0.022230345861449563,0.021865033955181707
22,5,32,32,0.06451612903225806,0.5,15,0.019265664389624796,0.018948882738131147
22,5,32,32,0.06451612903225806,0.5,17,0.01699874046645405,0.01671911485146884
22,5,32,32,0.06451612903225806,0.5,19,0.015209163673781083,0.014958897153034913
22,5,32,32,0.06451612903225806,1.0,1,0.9591297146519658,0.9476732710114214
22,5,32,32,0.06451612903225806,1.0,3,0.30291902729352693,0.298932246778091
22,5,32,32,0.06451612903225806,1.0,5,0.18090024937892543,0.1785875449879978
22,5,32,32,0.06451612903225806,1.0,7,0.12903398756895731,0.1274070709082713
22,5,32,32,0.06451612903225806,1.0,9,0.10029814939052621,0.09904333313594996
22,5,32,32,0.06451612903225806,1.0,11,0.08203505156617644,0.08101375584158742
22,5,32,32,0.06451612903225806,1.0,13,0.0694003559662544,0.06853926888928563
22,5,32,32,0.06451612903225806,1.0,15,0.06013900549893347,0.05939466082679231
22,5,32,32,0.06451612903225806,1.0,17,0.053058893138151694,0.052403404611949755
22,5,32,32,0.06451612903225806,1.0,19,0.047470502922754274,0.046884912159599466
23,5,32,32,0.06451612903225806,0.1,1,0.01188545889546291,0.011584566138613504
23,5,32,32,0.06451612903225806,0.1,3,0.003953115404344573,0.0038534870539875298
23,5,32,32,0.06451612903225806,0.1,5,0.0023710527699283336,0.002311403175228391
23,5,32,32,0.06451612903225806,0.1,7,0.0016933759421605796,0.0016508114994831008
23,5,32,32,0.06451612903225806,0.1,9,0.0013169728090143377,0.0012838861427463036
23,5,32,32,0.06451612903225806,0.1,11,0.0010774735437933964,0.0010504127420403126
23,5,32,32,0.06451612903225806,0.1,13,0.0009116796886136666,0.0008887880881694633
23,5,32,32,0.06451612903225806,0.1,15,0.0007901043393711075,0.0007702688025203369
23,5,32,32,0.06451612903225806,0.1,17,0.0006971387941033568,0.0006796394659481667
23,5,32,32,0.06451612903225806,0.1,19,0.0006237472701775376,0.0006080918345075903
23,5,32,32,0.06451612903225806,0.5,1,0.2812598467714901,0.2741729351989552
23,5,32,32,0.06451612903225806,0.5,3,0.09137579203207066,0.08887975041239031
23,5,32,32,0.06451612903225806,0.5,5,0.05465078864179645,0.05316496840218554
23,5,32,32,0.06451612903225806,0.5,7,0.03899106060392582,0.03793459420821222
23,5,32,32,0.06451612903225806,0.5,9,0.030308526487938053,0.029489135538807953
23,5,32,32,0.06451612903225806,0.5,11,0.024789105096790776,0.024119956790509392
23,5,32,32,0.06451612903225806,0.5,13,0.020970452769386274,0.0204050131900346
23,5,32,32,0.06451612903225806,0.5,15,0.01817134050206339,0.017681787981467113
23,5,32,32,0.06451612903225806,0.5,17,0.016031522026408607,0.01559990311146916
23,5,32,32,0.06451612903225806,0.5,19,0.014342595941697933,0.013956652968769707
23,5,32,32,0.06451612903225806,1.0,1,0.9395029304395891,0.9168446188271633
23,5,32,32,0.06451612903225806,1.0,3,0.29483161787175816,0.28819974395307474
23,5,32,32,0.06451612903225806,1.0,5,0.17527390013002384,0.172307335227417
23,5,32,32,0.06451612903225806,1.0,7,0.12476269471974043,0.1229703980204176
23,5,32,32,0.06451612903225806,1.0,9,0.09686417653680501,0.09560974198223453
23,5,32,32,0.06451612903225806,1.0,11,0.07916640054181825,0.07821161148452178
23,5,32,32,0.06451612903225806,1.0,13,0.06693815373145783,0.06617162452148304
23,5,32,32,0.06451612903225806,1.0,15,0.05798279552192346,0.057344476755080684
23,5,32,32,0.06451612903225806,1.0,17,0.05114124180562746,0.050595410620082354
23,5,32,32,0.06451612903225806,1.0,19,0.0457439986715097,0.04526781748049324
24,5,32,32,0.06451612903225806,0.1,1,0.012699223647080178,0.012529597054897512
24,5,32,32,0.06451612903225806,0.1,3,0.004229098880272905,0.004172261246880933
24,5,32,32,0.06451612903225806,0.1,5,0.0025372568899947713,0.0025031513738360545
24,5,32,32,0.06451612903225806,0.1,7,0.001812284325351856,0.0017879247090805193
24,5,32,32,0.06451612903225806,0.1,9,0.0014095403365944436,0.0013905950786239935
24,5,32,32,0.06451612903225806,0.1,11,0.0011532541369643128,0.0011377541943087574
24,5,32,32,0.06451612903225806,0.1,13,0.0009758272991658612,0.0009627124424197954
24,5,32,32,0.06451612903225806,0.1,15,0.0008457152193311405,0.0008343493399610305
24,5,32,32,0.06451612903225806,0.1,17,0.0007462182216991548,0.0007361897398150403
24,5,32,32,0.06451612903225806,0.1,19,0.0006676682242526277,0.0006586955451242434
24,5,32,32,0.06451612903225806,0.5,1,0.29658050849999906,0.2924925992590128
24,5,32,32,0.06451612903225806,0.5,3,0.09679939008409165,0.0952336465582463
24,5,32,32,0.06451612903225806,0.5,5,0.0579839807618684,0.05703602313412856
24,5,32,32,0.06451612903225806,0.5,7,0.041398073967859425,0.0407194617538606
24,5,32,32,0.06451612903225806,0.5,9,0.03219231178486947,0.03166408201796245
24,5,32,32,0.06451612903225806,0.5,11,0.02633656107663281,0.025904224284706283
24,5,32,32,0.06451612903225806,0.5,13,0.022283496179654416,0.021917612739433538
24,5,32,32,0.06451612903225806,0.5,15,0.019311653313992237,0.018994528495259906
24,5,32,32,0.06451612903225806,0.5,17,0.01703926911089139,0.016759441875388956
24,5,32,32,0.06451612903225806,0.5,19,0.01524539126097733,0.014995015011422756
24,5,32,32,0.06451612903225806,1.0,1,0.9618092275812833,0.9501108717735554
24,5,32,32,0.06451612903225806,1.0,3,0.3032620659259159,0.2999668981866477
24,5,32,32,0.06451612903225806,1.0,5,0.18115766218467502,0.17916188953070813
24,5,32,32,0.06451612903225806,1.0,7,0.1292380989002636,0.12780160293642462
24,5,32,32,0.06451612903225806,1.0,9,0.1004663904848656,0.09934336602236822
24,5,32,32,0.06451612903225806,1.0,11,0.08217784412964292,0.08125571594167086
24,5,32,32,0.06451612903225806,1.0,13,0.06952426350384758,0.06874196429971358
24,5,32,32,0.06451612903225806,1.0,15,0.0602483819679713,0.05956904700920828
24,5,32,32,0.06451612903225806,1.0,17,0.05315675917351098,0.05255641686094498
24,5,32,32,0.06451612903225806,1.0,19,0.04755903386240357,0.04702121665367631
25,5,32,32,0.06451612903225806,0.1,1,0.014225164968925343,0.01354335530225358
25,5,32,32,0.06451612903225806,0.1,3,0.00473401531175494,0.004507084544209256
25,5,32,32,0.06451612903225806,0.1,5,0.0028397877246941344,0.0027037200250427584
25,5,32,32,0.06451612903225806,0.1,7,0.0020282517084268016,0.0019310918332478473
25,5,32,32,0.06451612903225806,0.1,9,0.0015774609446908147,0.0015019064056943556
25,5,32,32,0.06451612903225806,0.1,11,0.0012906157362441184,0.0012288060226384808
25,5,32,32,0.06451612903225806,0.1,13,0.001092040002413859,0.0010397440318783242
25,5,32,32,0.06451612903225806,0.1,15,0.0009464225333416307,0.0009011022920049763
25,5,32,32,0.06451612903225806,0.1,17,0.0008350706369327171,0.0007950841865665499
25,5,32,32,0.06451612903225806,0.1,19,0.0007471628303043654,0.0007113869014885954
25,5,32,32,0.06451612903225806,0.5,1,0.3296250493332325,0.3142266757557175
25,5,32,32,0.06451612903225806,0.5,3,0.10719149428047624,0.1017832763559987
25,5,32,32,0.06451612903225806,0.5,5,0.06415401702901256,0.06090985436047236
25,5,32,32,0.06451612903225806,0.5,7,0.04578570912613071,0.04347107936670347
25,5,32,32,0.06451612903225806,0.5,9,0.035596571502428696,0.033797910964050173
25,5,32,32,0.06451612903225806,0.5,11,0.029117550325629526,0.027646896903212398
25,5,32,32,0.06451612903225806,0.5,13,0.024634126230923103,0.02339035395552329
25,5,32,32,0.06451612903225806,0.5,15,0.021347273641676053,0.020269760144699323
25,5,32,32,0.06451612903225806,0.5,17,0.018834333272045263,0.017883883220104056
25,5,32,32,0.06451612903225806,0.5,19,0.016850746168277524,0.01600055998497685
25,5,32,32,0.06451612903225806,1.0,1,1.0368098502316099,0.9954958431778119
25,5,32,32,0.06451612903225806,1.0,3,0.32494867106892555,0.307199851307748
25,5,32,32,0.06451612903225806,1.0,5,0.19374084712833017,0.18307408916508527
25,5,32,32,0.06451612903225806,1.0,7,0.13806634644511198,0.1304799062804824
25,5,32,32,0.06451612903225806,1.0,9,0.1072575524898654,0.10137864683250247
25,5,32,32,0.06451612903225806,1.0,11,0.08769314912154129,0.0828966729430773
25,5,32,32,0.06451612903225806,1.0,13,0.07416624401860782,0.07011647921924136
25,5,32,32,0.06451612903225806,1.0,15,0.06425532774568264,0.06075150435597648
25,5,32,32,0.06451612903225806,1.0,17,0.05668126700371909,0.05359388083177513
25,5,32,32,0.06451612903225806,1.0,19,0.05070465695350939,0.04794534653552874
26,5,32,32,0.06451612903225806,0.1,1,0.014232480368702373,0.013881080834496845
26,5,32,32,0.06451612903225806,0.1,3,0.0047364130571845965,0.004620084518231691
26,5,32,32,0.06451612903225806,0.1,5,0.0028412219817161907,0.002771557547387137
26,5,32,32,0.06451612903225806,0.1,7,0.0020292748680101665,0.0019795577756445823
26,5,32,32,0.06451612903225806,0.1,9,0.0015782561763564992,0.0015396065231811328
26,5,32,32,0.06451612903225806,0.1,11,0.0012912660912789565,0.001259653801162941
26,5,32,32,0.06451612903225806,0.1,13,0.0010925901342899297,0.0010658472823210413
26,5,32,32,0.06451612903225806,0.1,15,0.0009468992075400465,0.0009237259156488399
26,5,32,32,0.06451612903225806,0.1,17,0.0008354911599566963,0.0008150467469189751
26,5,32,32,0.06451612903225806,0.1,19,0.0007475390370866325,0.0007292485181824585
26,5,32,32,0.06451612903225806,0.5,1,0.32983831324102814,0.32161166613930103
26,5,32,32,0.06451612903225806,0.5,3,0.10725641589890517,0.10438012167104423
26,5,32,32,0.06451612903225806,0.5,5,0.0641924711905673,0.0624729919471325
26,5,32,32,0.06451612903225806,0.5,7,0.045813035432183236,0.044588317961366676
26,5,32,32,0.06451612903225806,0.5,9,0.035617766443147764,0.034667020684573335
26,5,32,32,0.06451612903225806,0.5,11,0.02913486157537831,0.028358015015893207
26,5,32,32,0.06451612903225806,0.5,13,0.024648756810579056,0.02399206774084251
26,5,32,32,0.06451612903225806,0.5,15,0.02135994251002164,0.020791236371057512
26,5,32,32,0.06451612903225806,0.5,17,0.01884550433023343,0.01834399916369938
26,5,32,32,0.06451612903225806,0.5,19,0.01686073615437525,0.0164122333194029
26,5,32,32,0.06451612903225806,1.0,1,1.0379073089532145,1.0151491051913233
26,5,32,32,0.06451612903225806,1.0,3,0.32537124417609087,0.31578433341466683
26,5,32,32,0.06451612903225806,1.0,5,0.1940004491259681,0.1882700330680619
26,5,32,32,0.06451612903225806,1.0,7,0.13825381977730108,0.1341824472122386
26,5,32,32,0.06451612903225806,1.0,9,0.10740426899708364,0.10424989818246187
26,5,32,32,0.06451612903225806,1.0,11,0.08781366372712288,0.08524002925341487
26,5,32,32,0.06451612903225806,1.0,13,0.07426849589501618,0.07209534672787653
26,5,32,32,0.06451612903225806,1.0,15,0.06434412263277946,0.06246375325879761
26,5,32,32,0.06451612903225806,1.0,17,0.05675973445079139,0.055102697063258196
26,5,32,32,0.06451612903225806,1.0,19,0.05077494862192479,0.04929386612583394
27,5,32,32,0.06451612903225806,0.1,1,0.013517349140761522,0.01016752930624539
27,5,32,32,0.06451612903225806,0.1,3,0.004503204540955953,0.003385068259067694
27,5,32,32,0.06451612903225806,0.1,5,0.0027017993075627235,0.0020308440462828772
27,5,32,32,0.06451612903225806,0.1,7,0.0019298323671648923,0.0014505641451163255
27,5,32,32,0.06451612903225806,0.1,9,0.00150097295892654,0.001128204156560331
27,5,32,32,0.06451612903225806,0.1,11,0.0012280655661992216,0.0009230709922659083
27,5,32,32,0.06451612903225806,0.1,13,0.0010391308359317696,0.00078105757098203
27,5,32,32,0.06451612903225806,0.1,15,0.0009005792061700413,0.0006769152024718476
27,5,32,32,0.06451612903225806,0.1,17,0.0007946282091302666,0.0005972773184215226
27,5,32,32,0.06451612903225806,0.1,19,0.0007109828194240151,0.0005344055189613455
27,5,32,32,0.06451612903225806,0.5,1,0.31240362161377244,0.2391202347157494
27,5,32,32,0.06451612903225806,0.5,3,0.10274311190686958,0.07736584979653797
27,5,32,32,0.06451612903225806,0.5,5,0.06158366567488583,0.046310518538984345
27,5,32,32,0.06451612903225806,0.5,7,0.04397616952308165,0.033057545350494766
27,5,32,32,0.06451612903225806,0.5,9,0.034199801835642245,0.025704580689871328
27,5,32,32,0.06451612903225806,0.5,11,0.027980048152137615,0.021028187150523396
27,5,32,32,0.06451612903225806,0.5,13,0.02367464320572823,0.01779170274483372
27,5,32,32,0.06451612903225806,0.5,15,0.0205175989262173,0.015418726119036129
27,5,32,32,0.06451612903225806,0.5,17,0.01810351307407859,0.013604316341338404
27,5,32,32,0.06451612903225806,0.5,19,0.016197722865613443,0.012172005757699774
27,5,32,32,0.06451612903225806,1.0,1,0.9828569074612391,0.7969957937605829
27,5,32,32,0.06451612903225806,1.0,3,0.3157362041701409,0.24727339874130938
27,5,32,32,0.06451612903225806,1.0,5,0.18901099892988563,0.1480108509285769
27,5,32,32,0.06451612903225806,1.0,7,0.13492458944005414,0.1056580974774718
27,5,32,32,0.06451612903225806,1.0,9,0.10491483105420787,0.08215855909250196
27,5,32,32,0.06451612903225806,1.0,11,0.08582844912121043,0.06721246163869386
27,5,32,32,0.06451612903225806,1.0,13,0.07261874551250412,0.05686812600228535
27,5,32,32,0.06451612903225806,1.0,15,0.06293335158969061,0.04928356494660115
27,5,32,32,0.06451612903225806,1.0,17,0.055527721743469836,0.043484236809931506
27,5,32,32,0.06451612903225806,1.0,19,0.049681628343472305,0.03890615837271829
28,5,32,32,0.06451612903225806,0.1,1,0.011748338126167763,0.011748348395561561
28,5,32,32,0.06451612903225806,0.1,3,0.0039130328384354976,0.003913033543078426
28,5,32,32,0.06451612903225806,0.1,5,0.0023476709710405453,0.002347671185865906
28,5,32,32,0.06451612903225806,0.1,7,0.001676878376537746,0.001676878477237413
28,5,32,32,0.06451612903225806,0.1,9,0.0013042292476792994,0.0013042293055380752
28,5,32,32,0.06451612903225806,0.1,11,0.0010670927021301415,0.0010670927395431964
28,5,32,32,0.06451612903225806,0.1,13,0.0009029226572918771,0.0009029226834191969
28,5,32,32,0.06451612903225806,0.1,15,0.0007825319099726798,0.0007825319292319289
28,5,32,32,0.06451612903225806,0.1,17,0.0006904687036021496,0.0006904687183779274
28,5,32,32,0.06451612903225806,0.1,19,0.0006177873905799042,0.0006177874022703223
28,5,32,32,0.06451612903225806,0.5,1,0.276175503292794,0.2761803354134746
28,5,32,32,0.06451612903225806,0.5,3,0.09036333933274186,0.09036413482396977
28,5,32,32,0.06451612903225806,0.5,5,0.05413873861667922,0.05413903022096799
28,5,32,32,0.06451612903225806,0.5,7,0.03865493296582689,0.03865508171382092
28,5,32,32,0.06451612903225806,0.5,9,0.03005994851618404,0.03006003829143146
28,5,32,32,0.06451612903225806,0.5,11,0.024592428562538304,0.024592488520417757
28,5,32,32,0.06451612903225806,0.5,13,0.02080796607227359,0.020808008914568778
28,5,32,32,0.06451612903225806,0.5,15,0.01803301909573255,0.018033051220922882
28,5,32,32,0.06451612903225806,0.5,17,0.015911161471425534,0.01591118644715683
28,5,32,32,0.06451612903225806,0.5,19,0.014236097391493532,0.014236117362170222
28,5,32,32,0.06451612903225806,1.0,1,0.9131790070889944,0.9132410082067878
28,5,32,32,0.06451612903225806,1.0,3,0.28760542306571346,0.28759502361489975
28,5,32,32,0.06451612903225806,1.0,5,0.17179104800836884,0.1717900807814015
28,5,32,32,0.06451612903225806,1.0,7,0.12255631079637944,0.12255620810545223
28,5,32,32,0.06451612903225806,1.0,9,0.0952730207998598,0.0952730481062237
28,5,32,32,0.06451612903225806,1.0,11,0.0779305098739494,0.07793055531221077
28,5,32,32,0.06451612903225806,1.0,13,0.06593137725622829,0.06593141962125554
28,5,32,32,0.06451612903225806,1.0,15,0.05713517343254663,0.05713520924072912
28,5,32,32,0.06451612903225806,1.0,17,0.05041022400049776,0.050410253615481126
28,5,32,32,0.06451612903225806,1.0,19,0.045101894662964596,0.045101919156065914
29,5,32,32,0.06451612903225806,0.1,1,0.012720192606022723,0.012314198517622192
29,5,32,32,0.06451612903225806,0.1,3,0.004236074071213269,0.004096816022397067
29,5,32,32,0.06451612903225806,0.1,5,0.002541441405944163,0.0024574247292428286
29,5,32,32,0.06451612903225806,0.1,7,0.0018152731732617852,0.0017551203982593393
29,5,32,32,0.06451612903225806,0.1,9,0.0014118649751271104,0.0013650187123639486
29,5,32,32,0.06451612903225806,0.1,11,0.0011551561088292703,0.0011167957349964004
29,5,32,32,0.06451612903225806,0.1,13,0.000977436659226307,0.0009449593726658358
29,5,32,32,0.06451612903225806,0.1,15,0.00084710999859179,0.0008189512581822032
29,5,32,32,0.06451612903225806,0.1,17,0.0007474489101618681,0.0007225950309283442
29,5,32,32,0.06451612903225806,0.1,19,0.000668769367465938,0.0006465260844728062
29,5,32,32,0.06451612903225806,0.5,1,0.2970738849716339,0.2895265857686286
29,5,32,32,0.06451612903225806,0.5,3,0.0969593880669457,0.09393787791007228
29,5,32,32,0.06451612903225806,0.5,5,0.05807905471114928,0.056224652149785746
29,5,32,32,0.06451612903225806,0.5,7,0.041465708157423134,0.04012934540106469
29,5,32,32,0.06451612903225806,0.5,9,0.03224480000392866,0.03120046023421204
29,5,32,32,0.06451612903225806,0.5,11,0.02637944664450353,0.025522450657284527
29,5,32,32,0.06451612903225806,0.5,13,0.022319749696002016,0.021593127361525563
29,5,32,32,0.06451612903225806,0.5,15,0.019343051481924715,0.01871238247277264
29,5,32,32,0.06451612903225806,0.5,17,0.01706695896269738,0.016509861810954096
29,5,32,32,0.06451612903225806,0.5,19,0.015270156280144912,0.014771261266514972
29,5,32,32,0.06451612903225806,1.0,1,0.9637988588899722,0.9455266750615964
29,5,32,32,0.06451612903225806,1.0,3,0.30410259449824545,0.2954608874417469
29,5,32,32,0.06451612903225806,1.0,5,0.1816372006785629,0.17635150096336855
29,5,32,32,0.06451612903225806,1.0,7,0.12957169503845603,0.1257516485606537
29,5,32,32,0.06451612903225806,1.0,9,0.10072176903489162,0.09772961139611179
29,5,32,32,0.06451612903225806,1.0,11,0.08238460087917673,0.0799251478336356
29,5,32,32,0.06451612903225806,1.0,13,0.06969790641882721,0.06761008429988997
29,5,32,32,0.06451612903225806,1.0,15,0.060398033285652616,0.058584259689299964
29,5,32,32,0.06451612903225806,1.0,17,0.053288233457120276,0.05168490868312942
29,5,32,32,0.06451612903225806,1.0,19,0.047676262877060865,0.04623962778945475
30,5,32,32,0.06451612903225806,0.1,1,0.012364985220174715,0.01205634848854362
30,5,32,32,0.06451612903225806,0.1,3,0.004120161034707796,0.004017251433432595
30,5,32,32,0.06451612903225806,0.1,5,0.0024720242780206184,0.0024102770205486857
30,5,32,32,0.06451612903225806,0.1,7,0.0017657173848494505,0.0017216119059630672
30,5,32,32,0.06451612903225806,0.1,9,0.0013733311846300977,0.001339026828812186
30,5,32,32,0.06451612903225806,0.1,11,0.0011236327172799722,0.0010955654779388141
30,5,32,32,0.06451612903225806,0.1,13,0.0009507652263850878,0.0009270160048185347
30,5,32,32,0.06451612903225806,0.1,15,0.0008239960298135639,0.0008034133607724897
30,5,32,32,0.06451612903225806,0.1,17,0.0007270550257398201,0.0007088938410694957
30,5,32,32,0.06451612903225806,0.1,19,0.0006505227328918445,0.0006342732480362146
30,5,32,32,0.06451612903225806,0.5,1,0.29078462400462496,0.284450344707141
30,5,32,32,0.06451612903225806,0.5,3,0.09605270489968651,0.09394106821821903
30,5,32,32,0.06451612903225806,0.5,5,0.05758427190646899,0.056317007257806175
30,5,32,32,0.06451612903225806,0.5,7,0.04112220200593439,0.040216951899642486
30,5,32,32,0.06451612903225806,0.5,9,0.03198090951916245,0.031276806022938614
30,5,32,32,0.06451612903225806,0.5,11,0.026164943874385088,0.025588850782239297
30,5,32,32,0.06451612903225806,0.5,13,0.02213895674594292,0.021651489240799633
30,5,32,32,0.06451612903225806,0.5,15,0.01918676338076678,0.01876428929493134
30,5,32,32,0.06451612903225806,0.5,17,0.016929300991498215,0.016556528410566658
30,5,32,32,0.06451612903225806,0.5,19,0.01514714625064003,0.014813612053869538
30,5,32,32,0.06451612903225806,1.0,1,0.9617182803132406,0.9494472014445215
30,5,32,32,0.06451612903225806,1.0,3,0.3095282373733251,0.3061595892076854
30,5,32,32,0.06451612903225806,1.0,5,0.18474966196577583,0.18278773535641002
30,5,32,32,0.06451612903225806,1.0,7,0.1317617573049812,0.1303750288447915
30,5,32,32,0.06451612903225806,1.0,9,0.10241531698771295,0.10134184560851363
30,5,32,32,0.06451612903225806,1.0,11,0.08376674723733189,0.08289064589012378
30,5,32,32,0.06451612903225806,1.0,13,0.07086605676227768,0.07012583033353133
30,5,32,32,0.06451612903225806,1.0,15,0.061409887966209935,0.06076895867810372
30,5,32,32,0.06451612903225806,1.0,17,0.05418084627817407,0.05361567732998745
30,5,32,32,0.06451612903225806,1.0,19,0.048474867379925575,0.04796941506541298
31,5,32,32,0.06451612903225806,0.1,1,0.012146099125453485,0.012148790012798344
31,5,32,32,0.06451612903225806,0.1,3,0.004045055611178024,0.004045361838362292
31,5,32,32,0.06451612903225806,0.1,5,0.002426854837273019,0.0024269653159513013
31,5,32,32,0.06451612903225806,0.1,7,0.0017334319055504464,0.0017334883083419087
31,5,32,32,0.06451612903225806,0.1,9,0.0013482131240202958,0.0013482472538726088
31,5,32,32,0.06451612903225806,0.1,11,0.0011030785318426046,0.0011031013825833678
31,5,32,32,0.06451612903225806,0.1,13,0.0009333716972940613,0.0009333880594057042
31,5,32,32,0.06451612903225806,0.1,15,0.0008089207841781326,0.0008089330747000689
31,5,32,32,0.06451612903225806,0.1,17,0.0007137528208440191,0.0007137623900052229
31,5,32,32,0.06451612903225806,0.1,19,0.0006386204265292349,0.000638628087405044
31,5,32,32,0.06451612903225806,0.5,1,0.2840364518371765,0.2842681071777839
31,5,32,32,0.06451612903225806,0.5,3,0.09270394487229172,0.09274205738633116
31,5,32,32,0.06451612903225806,0.5,5,0.055530767098854,0.0555446657799361
31,5,32,32,0.06451612903225806,0.5,7,0.039646828214074364,0.039653931391704804
31,5,32,32,0.06451612903225806,0.5,9,0.030830656742059936,0.03083495312413911
31,5,32,32,0.06451612903225806,0.5,11,0.025222693388163957,0.025225568018901197
31,5,32,32,0.06451612903225806,0.5,13,0.021341115251374516,0.021343172293681947
31,5,32,32,0.06451612903225806,0.5,15,0.01849499988064991,0.01849654416893753
31,5,32,32,0.06451612903225806,0.5,17,0.016318743748212294,0.016319945513457588
31,5,32,32,0.06451612903225806,0.5,19,0.014600746538325469,0.014601708242671978
31,5,32,32,0.06451612903225806,1.0,1,0.9260862806150932,0.9273160470366539
31,5,32,32,0.06451612903225806,1.0,3,0.29016405871354606,0.29042649616275507
31,5,32,32,0.06451612903225806,1.0,5,0.17323941859073075,0.17335337567985326
31,5,32,32,0.06451612903225806,1.0,7,0.12357450019166512,0.1236356532619638
31,5,32,32,0.06451612903225806,1.0,9,0.09605982723369584,0.09609759727047476
31,5,32,32,0.06451612903225806,1.0,11,0.0785721731929245,0.07859772493127475
31,5,32,32,0.06451612903225806,1.0,13,0.0664733194554176,0.06649172522796086
31,5,32,32,0.06451612903225806,1.0,15,0.057604316452487356,0.057618194018506146
31,5,32,32,0.06451612903225806,1.0,17,0.05082385804304091,0.050834689944218026
31,5,32,32,0.06451612903225806,1.0,19,0.045471791881620746,0.045480478912508636
32,5,32,32,0.06451612903225806,0.1,1,0.01251250825548861,0.012513795703776061
32,5,32,32,0.06451612903225806,0.1,3,0.00416912052898174,0.004169647931614091
32,5,32,32,0.06451612903225806,0.1,5,0.0025013895567375702,0.0025017109772681395
32,5,32,32,0.06451612903225806,0.1,7,0.00178669052994423,0.0017869211026230612
32,5,32,32,0.06451612903225806,0.1,9,0.001389642972994658,0.0013898226237574313
32,5,32,32,0.06451612903225806,0.1,11,0.0011369784534239896,0.0011371255716035953
32,5,32,32,0.06451612903225806,0.1,13,0.0009620576397110552,0.0009621821882008816
32,5,32,32,0.06451612903225806,0.1,15,0.0008337827158981503,0.0008338906926689259
32,5,32,32,0.06451612903225806,0.1,17,0.0007356902944532882,0.0007357855885705368
32,5,32,32,0.06451612903225806,0.1,19,0.0006582489992625377,0.0006583342752749996
32,5,32,32,0.06451612903225806,0.5,1,0.2938259425282195,0.29491533648650314
32,5,32,32,0.06451612903225806,0.5,3,0.09696708376265308,0.09741120260038752
32,5,32,32,0.06451612903225806,0.5,5,0.05812249461390645,0.05840078702973852
32,5,32,32,0.06451612903225806,0.5,7,0.04150361854716848,0.04170574872687414
32,5,32,32,0.06451612903225806,0.5,9,0.032276308190140525,0.03243488632998525
32,5,32,32,0.06451612903225806,0.5,11,0.026406000338936187,0.02653642458294615
32,5,32,32,0.06451612903225806,0.5,13,0.022342568368636805,0.022453308739026335
32,5,32,32,0.06451612903225806,0.5,15,0.019363005632887075,0.019459213889407103
32,5,32,32,0.06451612903225806,0.5,17,0.017084664344687705,0.01716970566709177
32,5,32,32,0.06451612903225806,0.5,19,0.01528605674602024,0.01536224967819566
32,5,32,32,0.06451612903225806,1.0,1,0.9677517837867058,0.9777512887857048
32,5,32,32,0.06451612903225806,1.0,3,0.3112786837815215,0.316238840963959
32,5,32,32,0.06451612903225806,1.0,5,0.1857238321751467,0.18897182889184896
32,5,32,32,0.06451612903225806,1.0,7,0.13241734751814224,0.13482126011592163
32,5,32,32,0.06451612903225806,1.0,9,0.1029034854514952,0.1048095304039293
32,5,32,32,0.06451612903225806,1.0,11,0.0841534191661629,0.08573181878848726
32,5,32,32,0.06451612903225806,1.0,13,0.07118521790397687,0.07253184507436324
32,5,32,32,0.06451612903225806,1.0,15,0.06168114295091916,0.06285523257944407
32,5,32,32,0.06451612903225806,1.0,17,0.054416452908136015,0.055457134241601126
32,5,32,32,0.06451612903225806,1.0,19,0.04868296752357091,0.04961742830809907
33,5,32,32,0.06451612903225806,0.1,1,0.011469351960974903,0.011506618479316827
33,5,32,32,0.06451612903225806,0.1,3,0.0038200207673984676,0.0038306358115274574
33,5,32,32,0.06451612903225806,0.1,5,0.0022918623439077915,0.0022980028878599778
33,5,32,32,0.06451612903225806,0.1,7,0.001637014676510982,0.0016413298251758688
33,5,32,32,0.06451612903225806,0.1,9,0.00127322398222227,0.0012765493374761138
33,5,32,32,0.06451612903225806,0.1,11,0.0010417246730330093,0.0010444292787936962
33,5,32,32,0.06451612903225806,0.1,13,0.0008814573528855331,0.0008837363852951627
33,5,32,32,0.06451612903225806,0.1,15,0.0007639286152490535,0.0007658977398377767
33,5,32,32,0.06451612903225806,0.1,17,0.0006740540110575918,0.0006757873947241617
33,5,32,32,0.06451612903225806,0.1,19,0.0006031005458324836,0.0006046485833762703
33,5,32,32,0.06451612903225806,0.5,1,0.27070999864046374,0.271954348048463
33,5,32,32,0.06451612903225806,0.5,3,0.08858865091134632,0.08887446323163117
33,5,32,32,0.06451612903225806,0.5,5,0.053077194998501956,0.05323738133314462
33,5,32,32,0.06451612903225806,0.5,7,0.03789736279174586,0.03800811818331532
33,5,32,32,0.06451612903225806,0.5,9,0.029470952190303996,0.029555440777671825
33,5,32,32,0.06451612903225806,0.5,11,0.024110619178351392,0.024178858466654234
33,5,32,32,0.06451612903225806,0.5,13,0.020400329987597516,0.02045753968945924
33,5,32,32,0.06451612903225806,0.5,15,0.017679761946976714,0.01772900069185796
33,5,32,32,0.06451612903225806,0.5,17,0.015599480730462195,0.01564269242729813
33,5,32,32,0.06451612903225806,0.5,19,0.013957236000246682,0.013995732033344385
33,5,32,32,0.06451612903225806,1.0,1,0.9046593931533568,0.9061475633648205
33,5,32,32,0.06451612903225806,1.0,3,0.2871232568037059,0.2886805685263397
33,5,32,32,0.06451612903225806,1.0,5,0.1716368288461774,0.17250836969869562
33,5,32,32,0.06451612903225806,1.0,7,0.12247250260446739,0.12305522565752555
33,5,32,32,0.06451612903225806,1.0,9,0.09521621416864517,0.09564884125942406
33,5,32,32,0.06451612903225806,1.0,11,0.0778874846380895,0.07822979941789339
33,5,32,32,0.06451612903225806,1.0,13,0.06589664535104413,0.06617913813188207
33,5,32,32,0.06451612903225806,1.0,15,0.057105979872269,0.05734611549903524
33,5,32,32,0.06451612903225806,1.0,17,0.0503849986217501,0.05059364868661847
33,5,32,32,0.06451612903225806,1.0,19,0.04507965856654631,0.045264024292753544
34,5,32,32,0.06451612903225806,0.1,1,0.014187669630101816,0.013568178747624924
34,5,32,32,0.06451612903225806,0.1,3,0.004721753374871806,0.004516831281941268
34,5,32,32,0.06451612903225806,0.1,5,0.0028324565533197625,0.0027097675802283416
34,5,32,32,0.06451612903225806,0.1,7,0.0020230229486018743,0.0019354743758780997
34,5,32,32,0.06451612903225806,0.1,9,0.0015733974651579207,0.001505342578825555
34,5,32,32,0.06451612903225806,0.1,11,0.0012872927969362457,0.0012316318829732771
34,5,32,32,0.06451612903225806,0.1,13,0.0010892292916706726,0.0010421436506133969
34,5,32,32,0.06451612903225806,0.1,15,0.0009439872224012336,0.0009031873874842685
34,5,32,32,0.06451612903225806,0.1,17,0.0008329222630332143,0.0007969276477700745
34,5,32,32,0.06451612903225806,0.1,19,0.0007452409042017285,0.0007130389127714654
34,5,32,32,0.06451612903225806,0.5,1,0.3286134602849871,0.3130993319445018
34,5,32,32,0.06451612903225806,0.5,3,0.10689217549182208,0.10143664799373388
34,5,32,32,0.06451612903225806,0.5,5,0.06397743950072074,0.06071442401585865
34,5,32,32,0.06451612903225806,0.5,7,0.04566043442864218,0.04333594231115981
34,5,32,32,0.06451612903225806,0.5,9,0.035499491170835104,0.033694867095262
34,5,32,32,0.06451612903225806,0.5,11,0.02903830244853565,0.02756370668505109
34,5,32,32,0.06451612903225806,0.5,13,0.02456717529669702,0.023320635211501788
34,5,32,32,0.06451612903225806,0.5,15,0.021289315612847613,0.020209773206277877
34,5,32,32,0.06451612903225806,0.5,17,0.018783238150237178,0.017831251983086147
34,5,32,32,0.06451612903225806,0.5,19,0.016805060624259335,0.015953682032037845
34,5,32,32,0.06451612903225806,1.0,1,1.0330579440610927,0.9785253527587783
34,5,32,32,0.06451612903225806,1.0,3,0.3237304746715616,0.30265819308852604
34,5,32,32,0.06451612903225806,1.0,5,0.19300547588478192,0.18052657049389098
34,5,32,32,0.06451612903225806,1.0,7,0.13753947220663118,0.128688297129502
34,5,32,32,0.06451612903225806,1.0,9,0.10684704586016465,0.09999182356922036
34,5,32,32,0.06451612903225806,1.0,11,0.08735690671847332,0.08176381290460365
34,5,32,32,0.06451612903225806,1.0,13,0.07388151358619165,0.0691583399183547
34,5,32,32,0.06451612903225806,1.0,15,0.06400842397851357,0.059921113504304534
34,5,32,32,0.06451612903225806,1.0,17,0.056463318664807104,0.05286104120619045
34,5,32,32,0.06451612903225806,1.0,19,0.05050958592224411,0.04728947199160006
35,5,32,32,0.06451612903225806,0.1,1,0.011354581946674836,0.011353728177566257
35,5,32,32,0.06451612903225806,0.1,3,0.0037818381886954248,0.0037815664140952365
35,5,32,32,0.06451612903225806,0.1,5,0.0022689580787578056,0.0022687954833286762
35,5,32,32,0.06451612903225806,0.1,7,0.001620655844076834,0.0016205397941397351
35,5,32,32,0.06451612903225806,0.1,9,0.0012605009799784835,0.0012604107473448902
35,5,32,32,0.06451612903225806,0.1,11,0.0010313152061377678,0.0010312413911650663
35,5,32,32,0.06451612903225806,0.1,13,0.0008726494899279792,0.0008725870368012565
35,5,32,32,0.06451612903225806,0.1,15,0.0007562952250068098,0.0007562411020561508
35,5,32,32,0.06451612903225806,0.1,17,0.00066731872673259,0.0006672709730266145
35,5,32,32,0.06451612903225806,0.1,19,0.0005970742804334149,0.0005970315545642147
35,5,32,32,0.06451612903225806,0.5,1,0.2679210239217349,0.26750686316456157
35,5,32,32,0.06451612903225806,0.5,3,0.08769198841181158,0.08754536582855144
35,5,32,32,0.06451612903225806,0.5,5,0.0525403790259841,0.05244978963229226
35,5,32,32,0.06451612903225806,0.5,7,0.03751416489133744,0.037448902354321224
35,5,32,32,0.06451612903225806,0.5,9,0.029172990414086677,0.029122048754993694
35,5,32,32,0.06451612903225806,0.5,11,0.023866867313249603,0.0238251117067539
35,5,32,32,0.06451612903225806,0.5,13,0.02019409617862653,0.02015872730496786
35,5,32,32,0.06451612903225806,0.5,15,0.01750103602693599,0.017470362711314035
35,5,32,32,0.06451612903225806,0.5,17,0.01544178754017729,0.015414710861089732
35,5,32,32,0.06451612903225806,0.5,19,0.013816146093008736,0.013791912059449457
35,5,32,32,0.06451612903225806,1.0,1,0.89550763876345,0.8929847643410116
35,5,32,32,0.06451612903225806,1.0,3,0.2834916096113818,0.2821588632115102
35,5,32,32,0.06451612903225806,1.0,5,0.16941183486687292,0.16849061814149735
35,5,32,32,0.06451612903225806,1.0,7,0.12087522696271956,0.12019175557265332
35,5,32,32,0.06451612903225806,1.0,9,0.09397154497055372,0.09343165920825225
35,5,32,32,0.06451612903225806,1.0,11,0.07686822150547346,0.07642303370082916
35,5,32,32,0.06451612903225806,1.0,13,0.06503378760628128,0.06465539797281486
35,5,32,32,0.06451612903225806,1.0,15,0.05635796671382434,0.056029106631938115
35,5,32,32,0.06451612903225806,1.0,17,0.04972487680967052,0.049434161375640585
35,5,32,32,0.06451612903225806,1.0,19,0.04448896001193432,0.04422850406747409
36,5,32,32,0.06451612903225806,0.1,1,0.010963013744329545,0.011163216153920116
36,5,32,32,0.06451612903225806,0.1,3,0.00365145269099696,0.0037183243383064886
36,5,32,32,0.06451612903225806,0.1,5,0.0021907332960815094,0.0022308626433466612
36,5,32,32,0.06451612903225806,0.1,7,0.0015647822802756159,0.0015934473465167268
36,5,32,32,0.06451612903225806,0.1,9,0.001217044173563006,0.001239339623683335
36,5,32,32,0.06451612903225806,0.1,11,0.000995759806983338,0.0010140017039045291
36,5,32,32,0.06451612903225806,0.1,13,0.000842564234776814,0.0008579997663013171
36,5,32,32,0.06451612903225806,0.1,15,0.000730221382118798,0.0007435988864187971
36,5,32,32,0.06451612903225806,0.1,17,0.0006443124212566442,0.0006561161272623978
36,5,32,32,0.06451612903225806,0.1,19,0.0005764897079368994,0.0005870509347146669
36,5,32,32,0.06451612903225806,0.5,1,0.2590728969820145,0.2631426165400618
36,5,32,32,0.06451612903225806,0.5,3,0.08479044473366193,0.08624512447850455
36,5,32,32,0.06451612903225806,0.5,5,0.05080085422464336,0.05167506625829196
36,5,32,32,0.06451612903225806,0.5,7,0.036271910718742695,0.036896508344899034
36,5,32,32,0.06451612903225806,0.5,9,0.02820687592647159,0.028692713181493298
36,5,32,32,0.06451612903225806,0.5,11,0.023076444257691855,0.023473961371059702
36,5,32,32,0.06451612903225806,0.5,13,0.01952529328656829,0.01986166009070404
36,5,32,32,0.06451612903225806,0.5,15,0.01692141587203055,0.01721293692951192
36,5,32,32,0.06451612903225806,0.5,17,0.014930363303216163,0.015187589555462809
36,5,32,32,0.06451612903225806,0.5,19,0.013358559315759348,0.013588710211539012
36,5,32,32,0.06451612903225806,1.0,1,0.8706400893171844,0.8780950157205039
36,5,32,32,0.06451612903225806,1.0,3,0.27588840794961855,0.27980202325747017
36,5,32,32,0.06451612903225806,1.0,5,0.16491640740780433,0.16711157980989935
36,5,32,32,0.06451612903225806,1.0,7,0.11767713091409578,0.11918954559166642
36,5,32,32,0.06451612903225806,1.0,9,0.09148824502905718,0.09264239805963266
36,5,32,32,0.06451612903225806,1.0,11,0.07483812618178635,0.0757722160229056
36,5,32,32,0.06451612903225806,1.0,13,0.06331683819787444,0.06410194274168982
36,5,32,32,0.06451612903225806,1.0,15,0.05487039117409492,0.055547836814377666
36,5,32,32,0.06451612903225806,1.0,17,0.04841257370882407,0.049008520501833894
36,5,32,32,0.06451612903225806,1.0,19,0.043314959335383776,0.04384702692708433
37,5,32,32,0.06451612903225806,0.1,1,0.011358053012527286,0.011469163338915987
37,5,32,32,0.06451612903225806,0.1,3,0.003783080397479379,0.0038151497872971436
37,5,32,32,0.06451612903225806,0.1,5,0.0022697067420064092,0.0022883259898820924
37,5,32,32,0.06451612903225806,0.1,7,0.0016211911297812028,0.0016342982986968788
37,5,32,32,0.06451612903225806,0.1,9,0.001260917441004572,0.001271028466908155
37,5,32,32,0.06451612903225806,0.1,11,0.0010316559831655865,0.001039885092337665
37,5,32,32,0.06451612903225806,0.1,13,0.0008729378492468389,0.0008798753907943206
37,5,32,32,0.06451612903225806,0.1,15,0.0007565451372116292,0.0007625414161937779
37,5,32,32,0.06451612903225806,0.1,17,0.000667539235390709,0.0006728190914463252
37,5,32,32,0.06451612903225806,0.1,19,0.0005972715747115883,0.0006019878967078702
37,5,32,32,0.06451612903225806,0.5,1,0.2683927176009447,0.27274598850799947
37,5,32,32,0.06451612903225806,0.5,3,0.08789242434601219,0.0889104816995627
37,5,32,32,0.06451612903225806,0.5,5,0.05266266738455731,0.05319820207740792
37,5,32,32,0.06451612903225806,0.5,7,0.03760188902347112,0.03796023080050276
37,5,32,32,0.06451612903225806,0.5,9,0.0292413318446286,0.029509387275606966
37,5,32,32,0.06451612903225806,0.5,11,0.02392282556432983,0.024136536806042143
37,5,32,32,0.06451612903225806,0.5,13,0.020241464364081897,0.02041899035103871
37,5,32,32,0.06451612903225806,0.5,15,0.017542097742835,0.01769384231671605
37,5,32,32,0.06451612903225806,0.5,17,0.01547802336006625,0.015610486229686988
37,5,32,32,0.06451612903225806,0.5,19,0.013848570319979681,0.01396607742588474
37,5,32,32,0.06451612903225806,1.0,1,0.8994889244093272,0.9196673935434695
37,5,32,32,0.06451612903225806,1.0,3,0.28592734116535146,0.2910161413465544
37,5,32,32,0.06451612903225806,1.0,5,0.17094381619673366,0.17342624480833013
37,5,32,32,0.06451612903225806,1.0,7,0.12198296365147385,0.1235700094886801
37,5,32,32,0.06451612903225806,1.0,9,0.09483733319944551,0.09598925338550882
37,5,32,32,0.06451612903225806,1.0,11,0.07757830413096053,0.07847726863854347
37,5,32,32,0.06451612903225806,1.0,13,0.06563544246271685,0.06637039262395938
37,5,32,32,0.06451612903225806,1.0,15,0.05687983547450087,0.05750035298764153
37,5,32,32,0.06451612903225806,1.0,17,0.05018560020497695,0.050721974691904516
37,5,32,32,0.06451612903225806,1.0,19,0.044901340332153816,0.04537335823570988
38,5,32,32,0.06451612903225806,0.1,1,0.012066454422929213,0.01206646230444233
38,5,32,32,0.06451612903225806,0.1,3,0.00401855305901662,0.004018553351352493
38,5,32,32,0.06451612903225806,0.1,5,0.002410959379265208,0.0024109594424164796
38,5,32,32,0.06451612903225806,0.1,7,0.0017220799091409611,0.001722079932162372
38,5,32,32,0.06451612903225806,0.1,9,0.0013393846242690916,0.0013393846351040194
38,5,32,32,0.06451612903225806,0.1,11,0.001095855649159151,0.0010958556550950524
38,5,32,32,0.06451612903225806,0.1,13,0.0009272602833903599,0.0009272602869904737
38,5,32,32,0.06451612903225806,0.1,15,0.000803624388685036,0.0008036243910258302
38,5,32,32,0.06451612903225806,0.1,17,0.0007090796410794034,0.0007090796427090252
38,5,32,32,0.06451612903225806,0.1,19,0.0006344392385255594,0.0006344392396853827
38,5,32,32,0.06451612903225806,0.5,1,0.28251961582712987,0.28252302148867997
38,5,32,32,0.06451612903225806,0.5,3,0.09217512419730292,0.09217524306339865
38,5,32,32,0.06451612903225806,0.5,5,0.05521246828031171,0.0552124938057555
38,5,32,32,0.06451612903225806,0.5,7,0.039419311641794956,0.03941932092823103
38,5,32,32,0.06451612903225806,0.5,9,0.030653655945710977,0.030653660311931535
38,5,32,32,0.06451612903225806,0.5,11,0.02507785925892667,0.025077861649475338
38,5,32,32,0.06451612903225806,0.5,13,0.021218557052823814,0.021218558500784572
38,5,32,32,0.06451612903225806,0.5,15,0.018388780000495937,0.01838878094294547
38,5,32,32,0.06451612903225806,0.5,17,0.01622501904233836,0.0162250196896881
38,5,32,32,0.06451612903225806,0.5,19,0.014516887004014014,0.014516887467690365
38,5,32,32,0.06451612903225806,1.0,1,0.9261333086511604,0.9261273464281219
38,5,32,32,0.06451612903225806,1.0,3,0.2883052765176971,0.28830281149133385
38,5,32,32,0.06451612903225806,1.0,5,0.1720417556567447,0.17204115251315696
38,5,32,32,0.06451612903225806,1.0,7,0.1227023999075853,0.12270217287373111
38,5,32,32,0.06451612903225806,1.0,9,0.0953761917381972,0.09537608351314944
38,5,32,32,0.06451612903225806,1.0,11,0.07801063918501394,0.07801057951964356
38,5,32,32,0.06451612903225806,1.0,13,0.06599711789474587,0.0659970816121123
38,5,32,32,0.06451612903225806,1.0,15,0.05719104095776803,0.05719101728364262
38,5,32,32,0.06451612903225806,1.0,17,0.0504588734715523,0.05045885718307239
38,5,32,32,0.06451612903225806,1.0,19,0.04514502316519719,0.04514501148520499
39,5,32,32,0.06451612903225806,0.1,1,0.00992314481730865,0.01120804266352031
39,5,32,32,0.06451612903225806,0.1,3,0.003304457285182793,0.0037316033887219036
39,5,32,32,0.06451612903225806,0.1,5,0.0019825182794392833,0.002238750552764511
39,5,32,32,0.06451612903225806,0.1,7,0.001416053772681172,0.0015990659242588572
39,5,32,32,0.06451612903225806,0.1,9,0.001101365326739609,0.0012437046221798168
39,5,32,32,0.06451612903225806,0.1,11,0.0009011130144761748,0.0010175709929471984
39,5,32,32,0.06451612903225806,0.1,13,0.0007624782618170393,0.0008610189249455239
39,5,32,32,0.06451612903225806,0.1,15,0.0006608134162981431,0.0007462149419405079
39,5,32,32,0.06451612903225806,0.1,17,0.0005830700261828621,0.0006584240880183655
39,5,32,32,0.06451612903225806,0.1,19,0.0005216938354152057,0.000589115749266944
39,5,32,32,0.06451612903225806,0.5,1,0.23522642358121,0.2624039305590533
39,5,32,32,0.06451612903225806,0.5,3,0.07661575921380952,0.0849203750079488
39,5,32,32,0.06451612903225806,0.5,5,0.04588691876494023,0.05083268078480634
39,5,32,32,0.06451612903225806,0.5,7,0.03276018990260199,0.036285579369639866
39,5,32,32,0.06451612903225806,0.5,9,0.025474974731063017,0.028214607064351537
39,5,32,32,0.06451612903225806,0.5,11,0.020841019786858702,0.023081568883351913
39,5,32,32,0.06451612903225806,0.5,13,0.017633667211260737,0.019529045157955102
39,5,32,32,0.06451612903225806,0.5,15,0.015281945170686059,0.016924349770977433
39,5,32,32,0.06451612903225806,0.5,17,0.013483735295442728,0.014932764687137673
39,5,32,32,0.06451612903225806,0.5,19,0.012064185228514806,0.01336059038768294
39,5,32,32,0.06451612903225806,1.0,1,0.7988728580522789,0.8552766446555623
39,5,32,32,0.06451612903225806,1.0,3,0.2483475290009894,0.2537950359686621
39,5,32,32,0.06451612903225806,1.0,5,0.148235233387241,0.15057526408936106
39,5,32,32,0.06451612903225806,1.0,7,0.10573153175297369,0.10717150291416033
39,5,32,32,0.06451612903225806,1.0,9,0.08218751074428941,0.08321798957742009
39,5,32,32,0.06451612903225806,1.0,11,0.0672244198195999,0.06802428318302305
39,5,32,32,0.06451612903225806,1.0,13,0.05687251958200683,0.05752540562461315
39,5,32,32,0.06451612903225806,1.0,15,0.049284254488746425,0.0498356133337736
39,5,32,32,0.06451612903225806,1.0,17,0.04348300444190285,0.04396015481538492
39,5,32,32,0.06451612903225806,1.0,19,0.03890390002054359,0.03932449502298469
40,5,32,32,0.06451612903225806,0.1,1,0.0120689117026132,0.012069228556717469
40,5,32,32,0.06451612903225806,0.1,3,0.004019514671724245,0.004019549283213507
40,5,32,32,0.06451612903225806,0.1,5,0.002411543110666603,0.0024115555182813828
40,5,32,32,0.06451612903225806,0.1,7,0.0017224981813057432,0.0017225045009041295
40,5,32,32,0.06451612903225806,0.1,9,0.0013397103672776588,0.0013397141867135336
40,5,32,32,0.06451612903225806,0.1,11,0.0010961223391714521,0.0010961248945055649
40,5,32,32,0.06451612903225806,0.1,13,0.0009274860278775978,0.0009274878567121026
40,5,32,32,0.06451612903225806,0.1,15,0.0008038200791620261,0.0008038214524240826
40,5,32,32,0.06451612903225806,0.1,17,0.0007092523356824282,0.0007092534045972696
40,5,32,32,0.06451612903225806,0.1,19,0.0006345937713015702,0.0006345946268784492
40,5,32,32,0.06451612903225806,0.5,1,0.28238191626127207,0.28242879368980844
40,5,32,32,0.06451612903225806,0.5,3,0.0922249272626689,0.09222872216420032
40,5,32,32,0.06451612903225806,0.5,5,0.05524613388987303,0.055247446657402964
40,5,32,32,0.06451612903225806,0.5,7,0.03944405014190425,0.039444710215689974
40,5,32,32,0.06451612903225806,0.5,9,0.030673103973742136,0.030673500306608346
40,5,32,32,0.06451612903225806,0.5,11,0.02509385132747774,0.02509411544598616
40,5,32,32,0.06451612903225806,0.5,13,0.021232125054428976,0.021232313587191444
40,5,32,32,0.06451612903225806,0.5,15,0.018400557192350005,0.01840069849626594
40,5,32,32,0.06451612903225806,0.5,17,0.01623542059572729,0.016235530429616944
40,5,32,32,0.06451612903225806,0.5,19,0.01452619934369007,0.01452628716115339
40,5,32,32,0.06451612903225806,1.0,1,0.9225531509651327,0.9230473321012068
40,5,32,32,0.06451612903225806,1.0,3,0.2891873497569629,0.28916975176231263
40,5,32,32,0.06451612903225806,1.0,5,0.17268599158827908,0.17268062785737437
40,5,32,32,0.06451612903225806,1.0,7,0.1231841905053127,0.1231816883966499
40,5,32,32,0.06451612903225806,1.0,9,0.09575750833357957,0.09575607466038588
40,5,32,32,0.06451612903225806,1.0,11,0.0783252184951116,0.07832429282017613
40,5,32,32,0.06451612903225806,1.0,13,0.06626449610330874,0.06626385016632756
40,5,32,32,0.06451612903225806,1.0,15,0.057423383040036254,0.0574229070996109
40,5,32,32,0.06451612903225806,1.0,17,0.050664222344570374,0.050663857276595885
40,5,32,32,0.06451612903225806,1.0,19,0.04532895719235881,0.04532866838307441
41,5,32,32,0.06451612903225806,0.1,1,0.01261670316618882,0.012575845590291287
41,5,32,32,0.06451612903225806,0.1,3,0.004201724917250168,0.004187334050276824
41,5,32,32,0.06451612903225806,0.1,5,0.002520844214530474,0.002512116139190709
41,5,32,32,0.06451612903225806,0.1,7,0.0018005642319156693,0.001794301213226807
41,5,32,32,0.06451612903225806,0.1,9,0.0014004260418291775,0.0013955424060710122
41,5,32,32,0.06451612903225806,0.1,11,0.0011457976597131448,0.0011417955001683353
41,5,32,32,0.06451612903225806,0.1,13,0.0009695183582600122,0.0009661281320510926
41,5,32,32,0.06451612903225806,0.1,15,0.0008402477121369572,0.000837307111156289
41,5,32,32,0.06451612903225806,0.1,17,0.0007413941117697796,0.0007387978409948534
41,5,32,32,0.06451612903225806,0.1,19,0.0006633520281473974,0.0006610279026199555
41,5,32,32,0.06451612903225806,0.5,1,0.29470656533133255,0.2939295957432698
41,5,32,32,0.06451612903225806,0.5,3,0.09620937305671334,0.09590357702599643
41,5,32,32,0.06451612903225806,0.5,5,0.05763407167136329,0.05744116528580144
41,5,32,32,0.06451612903225806,0.5,7,0.04114917589243914,0.04100859370587139
41,5,32,32,0.06451612903225806,0.5,9,0.031999134256920275,0.031888601071507906
41,5,32,32,0.06451612903225806,0.5,11,0.02617870933275354,0.026087656458754112
41,5,32,32,0.06451612903225806,0.5,13,0.02215004402454598,0.02207263929087425
41,5,32,32,0.06451612903225806,0.5,15,0.01919606594597093,0.01912875353263181
41,5,32,32,0.06451612903225806,0.5,17,0.01693732742211295,0.016877780284478675
41,5,32,32,0.06451612903225806,0.5,19,0.01515421313353472,0.015100825562189769
41,5,32,32,0.06451612903225806,1.0,1,0.9557544424014076,0.955165996480109
41,5,32,32,0.06451612903225806,1.0,3,0.3014272641673716,0.30147215089006324
41,5,32,32,0.06451612903225806,1.0,5,0.18003168502826228,0.1801112111036129
41,5,32,32,0.06451612903225806,1.0,7,0.12842626113582162,0.1285006793209792
41,5,32,32,0.06451612903225806,1.0,9,0.09983172415880583,0.09989713043610189
41,5,32,32,0.06451612903225806,1.0,11,0.08165689782662863,0.08171425330402585
41,5,32,32,0.06451612903225806,1.0,13,0.06908248701374704,0.06913324250246095
41,5,32,32,0.06451612903225806,1.0,15,0.05986489111044928,0.05991028833185177
41,5,32,32,0.06451612903225806,1.0,17,0.05281796914466926,0.052858957580860094
41,5,32,32,0.06451612903225806,1.0,19,0.04725561293681802,0.047292934992441124
42,5,32,32,0.06451612903225806,0.1,1,0.01316639719836616,0.013291208941024719
42,5,32,32,0.06451612903225806,0.1,3,0.004384369159728779,0.0044264168937651095
42,5,32,32,0.06451612903225806,0.1,5,0.0026303726444679106,0.002655622658840471
42,5,32,32,0.06451612903225806,0.1,7,0.001878782004285701,0.0018968219442651974
42,5,32,32,0.06451612903225806,0.1,9,0.001461255017115505,0.0014752874339701888
42,5,32,32,0.06451612903225806,0.1,11,0.0011955632009476047,0.001207044830778313
42,5,32,32,0.06451612903225806,0.1,13,0.001011625565035444,0.001021341064218233
42,5,32,32,0.06451612903225806,0.1,15,0.0008767393022889374,0.0008851595509133079
42,5,32,32,0.06451612903225806,0.1,17,0.0007735916867453576,0.0007810214061679424
42,5,32,32,0.06451612903225806,0.1,19,0.0006921597611382375,0.0006988074603592096
42,5,32,32,0.06451612903225806,0.5,1,0.30672186528801537,0.309246310010066
42,5,32,32,0.06451612903225806,0.5,3,0.1000833129147638,0.10115969344612705
42,5,32,32,0.06451612903225806,0.5,5,0.05994445412371693,0.060601186951212554
42,5,32,32,0.06451612903225806,0.5,7,0.04279610755501436,0.043267073819706334
42,5,32,32,0.06451612903225806,0.5,9,0.03327883285899697,0.033645649212365236
42,5,32,32,0.06451612903225806,0.5,11,0.027225145437015544,0.027525441726761347
42,5,32,32,0.06451612903225806,0.5,13,0.023035167429293187,0.023289330880902463
42,5,32,32,0.06451612903225806,0.5,15,0.019962978317122265,0.02018327975333958
42,5,32,32,0.06451612903225806,0.5,17,0.017613888753995628,0.017808282220811014
42,5,32,32,0.06451612903225806,0.5,19,0.015759471306728053,0.015933404879752033
42,5,32,32,0.06451612903225806,1.0,1,0.988350909161772,0.9925848495894195
42,5,32,32,0.06451612903225806,1.0,3,0.3116310523096423,0.3148213897872578
42,5,32,32,0.06451612903225806,1.0,5,0.1860628234609607,0.18809087987462128
42,5,32,32,0.06451612903225806,1.0,7,0.1327185682332243,0.1341874792840817
42,5,32,32,0.06451612903225806,1.0,9,0.10316588329855642,0.10431385788284898
42,5,32,32,0.06451612903225806,1.0,11,0.08438335729421585,0.08532441879437631
42,5,32,32,0.06451612903225806,1.0,13,0.07138890999347759,0.07218583781818479
42,5,32,32,0.06451612903225806,1.0,15,0.061863553475596515,0.06255444389283467
42,5,32,32,0.06451612903225806,1.0,17,0.05458140118420808,0.055191061534035704
42,5,32,32,0.06451612903225806,1.0,19,0.04883339113197644,0.04937885921412531
43,5,32,32,0.06451612903225806,0.1,1,0.012221850577248363,0.01183060701946916
43,5,32,32,0.06451612903225806,0.1,3,0.004070269952050542,0.003936493863222818
43,5,32,32,0.06451612903225806,0.1,5,0.0024419636665323294,0.0023612812888749585
43,5,32,32,0.06451612903225806,0.1,7,0.0017442168917506241,0.001686457837433465
43,5,32,32,0.06451612903225806,0.1,9,0.0013565982172179234,0.0013116186025582779
43,5,32,32,0.06451612903225806,0.1,11,0.0011099373247236142,0.0010731066334004932
43,5,32,32,0.06451612903225806,0.1,13,0.0009391742517111479,0.0009079926905754228
43,5,32,32,0.06451612903225806,0.1,15,0.000813948994379705,0.0007869140733299856
43,5,32,32,0.06451612903225806,0.1,17,0.000718189019828972,0.000694327314846425
43,5,32,32,0.06451612903225806,0.1,19,0.0006425893317189272,0.0006212341802292115
43,5,32,32,0.06451612903225806,0.5,1,0.28671521827172447,0.2796118805190243
43,5,32,32,0.06451612903225806,0.5,3,0.09368807112014173,0.09103173609768285
43,5,32,32,0.06451612903225806,0.5,5,0.05611306826374714,0.05449207738991957
43,5,32,32,0.06451612903225806,0.5,7,0.04005920045416224,0.038892869153727014
43,5,32,32,0.06451612903225806,0.5,9,0.031149655373623936,0.030238770842515375
43,5,32,32,0.06451612903225806,0.5,11,0.02548273075584756,0.024735486596054422
43,5,32,32,0.06451612903225806,0.5,13,0.02156056183069861,0.02092710874182855
43,5,32,32,0.06451612903225806,0.5,15,0.01868480545095659,0.018135063295564153
43,5,32,32,0.06451612903225806,0.5,17,0.016485957071346542,0.016000381490450067
43,5,32,32,0.06451612903225806,0.5,19,0.014750170666633882,0.014315346918737383
43,5,32,32,0.06451612903225806,1.0,1,0.9434044969341738,0.9264705944517294
43,5,32,32,0.06451612903225806,1.0,3,0.2970261065395436,0.28945562516089984
43,5,32,32,0.06451612903225806,1.0,5,0.17716929113868146,0.17283307030834996
43,5,32,32,0.06451612903225806,1.0,7,0.1263108592931712,0.1232889165902127
43,5,32,32,0.06451612903225806,1.0,9,0.09815534075740434,0.09583892927501456
43,5,32,32,0.06451612903225806,1.0,11,0.08026900510821668,0.07839173350024962
43,5,32,32,0.06451612903225806,1.0,13,0.06789851632657742,0.06632065563006014
43,5,32,32,0.06451612903225806,1.0,15,0.058832660852478846,0.05747193918715081
43,5,32,32,0.06451612903225806,1.0,17,0.05190303629024319,0.050706965602679364
43,5,32,32,0.06451612903225806,1.0,19,0.0464340577150702,0.04536711641171429
44,5,32,32,0.06451612903225806,0.1,1,0.012024475412274827,0.012024475412275727
44,5,32,32,0.06451612903225806,0.1,3,0.004004567415893518,0.004004567415896625
44,5,32,32,0.06451612903225806,0.1,5,0.0024025682395035887,0.0024025682395038992
44,5,32,32,0.06451612903225806,0.1,7,0.001716086284327511,0.0017160862843366511
44,5,32,32,0.06451612903225806,0.1,9,0.0013347229307523018,0.0013347229307579596
44,5,32,32,0.06451612903225806,0.1,11,0.0010920415423221494,0.0010920415423288192
44,5,32,32,0.06451612903225806,0.1,13,0.0009240329651514096,0.0009240329651619693
44,5,32,32,0.06451612903225806,0.1,15,0.0008008273811338526,0.0008008273811400045
44,5,32,32,0.06451612903225806,0.1,17,0.0007066116941774244,0.0007066116942018472
44,5,32,32,0.06451612903225806,0.1,19,0.0006322310760942951,0.0006322310761062091
44,5,32,32,0.06451612903225806,0.5,1,0.28154420068208996,0.28154420068209096
44,5,32,32,0.06451612903225806,0.5,3,0.09186251772315918,0.09186251772316302
44,5,32,32,0.06451612903225806,0.5,5,0.05502419619006289,0.05502419619006845
44,5,32,32,0.06451612903225806,0.5,7,0.0392846704051848,0.03928467040518997
44,5,32,32,0.06451612903225806,0.5,9,0.030548881289836516,0.030548881289839003
44,5,32,32,0.06451612903225806,0.5,11,0.024992111920354953,0.024992111920362582
44,5,32,32,0.06451612903225806,0.5,13,0.021145990505802847,0.021145990505813953
44,5,32,32,0.06451612903225806,0.5,15,0.018325882922043492,0.018325882922058494
44,5,32,32,0.06451612903225806,0.5,17,0.01616951802811928,0.016169518028120743
44,5,32,32,0.06451612903225806,0.5,19,0.014467225943130036,0.014467225943148474
44,5,32,32,0.06451612903225806,1.0,1,0.9210387289610671,0.9210387289610689
44,5,32,32,0.06451612903225806,1.0,3,0.2881088482814503,0.28810884828145394
44,5,32,32,0.06451612903225806,1.0,5,0.17198456247415472,0.17198456247415886
44,5,32,32,0.06451612903225806,1.0,7,0.12267238079153865,0.12267238079154162
44,5,32,32,0.06451612903225806,1.0,9,0.09535618554538804,0.09535618554539758
44,5,32,32,0.06451612903225806,1.0,11,0.07799563070146504,0.07799563070146764
44,5,32,32,0.06451612903225806,1.0,13,0.06598507408302114,0.06598507408303374
44,5,32,32,0.06451612903225806,1.0,15,0.057180957454567125,0.05718095745457632
44,5,32,32,0.06451612903225806,1.0,17,0.05045018450205797,0.05045018450206664
44,5,32,32,0.06451612903225806,1.0,19,0.0451373791292656,0.04513737912927547
45,5,32,32,0.06451612903225806,0.1,1,0.013177521512113882,0.013300922213218052
45,5,32,32,0.06451612903225806,0.1,3,0.004387868299363756,0.004429310142604108
45,5,32,32,0.06451612903225806,0.1,5,0.0026324475644925022,0.00265731684846347
45,5,32,32,0.06451612903225806,0.1,7,0.001880256608443186,0.0018980192706718186
45,5,32,32,0.06451612903225806,0.1,9,0.0014623987063720888,0.0014762131481416535
45,5,32,32,0.06451612903225806,0.1,11,0.0011964972698713316,0.0012077993475032506
45,5,32,32,0.06451612903225806,0.1,13,0.001012414949667614,0.0010219778103997463
45,5,32,32,0.06451612903225806,0.1,15,0.0008774228123240927,0.0008857103225982613
45,5,32,32,0.06451612903225806,0.1,17,0.0007741943634673603,0.0007815066557083964
45,5,32,32,0.06451612903225806,0.1,19,0.000692698701382231,0.0006992411184768083
45,5,32,32,0.06451612903225806,0.5,1,0.30707141567538565,0.30966027024328585
45,5,32,32,0.06451612903225806,0.5,3,0.10017143134122737,0.10126009467026721
45,5,32,32,0.06451612903225806,0.5,5,0.059993746230884624,0.06065608238950531
45,5,32,32,0.06451612903225806,0.5,7,0.04283021374549944,0.04330463794679963
45,5,32,32,0.06451612903225806,0.5,9,0.03330488247252248,0.03367415317797661
45,5,32,32,0.06451612903225806,0.5,11,0.02724620991176767,0.027548391981319614
45,5,32,32,0.06451612903225806,0.5,13,0.02305284535040163,0.023308532858374854
45,5,32,32,0.06451612903225806,0.5,15,0.019978206438911628,0.020199783243894275
45,5,32,32,0.06451612903225806,0.5,17,0.017627262736820075,0.017822750856678903
45,5,32,32,0.06451612903225806,0.5,19,0.015771393277315575,0.01594628461914521
45,5,32,32,0.06451612903225806,1.0,1,0.9900895857312154,0.9949844510952925
45,5,32,32,0.06451612903225806,1.0,3,0.3120219023678774,0.31530374208119794
45,5,32,32,0.06451612903225806,1.0,5,0.18628256400766785,0.18833621702693057
45,5,32,32,0.06451612903225806,1.0,7,0.13287458726319512,0.13435049958948905
45,5,32,32,0.06451612903225806,1.0,9,0.1032873025172347,0.10443557101005216
45,5,32,32,0.06451612903225806,1.0,11,0.08448283788708097,0.08542140857092152
45,5,32,32,0.06451612903225806,1.0,13,0.07147319425942916,0.0722664043641397
45,5,32,32,0.06451612903225806,1.0,15,0.061936677799914346,0.06262332109510059
45,5,32,32,0.06451612903225806,1.0,17,0.0546459785529955,0.055251199899085265
45,5,32,32,0.06451612903225806,1.0,19,0.04889121165047371,0.049432220012786236
46,5,32,32,0.06451612903225806,0.1,1,0.014217044447813508,0.013382353815453692
46,5,32,32,0.06451612903225806,0.1,3,0.004731257118114067,0.0044522027447758735
46,5,32,32,0.06451612903225806,0.1,5,0.0028381259201371322,0.00267067496222713
46,5,32,32,0.06451612903225806,0.1,7,0.002027062540289104,0.001907454586638807
46,5,32,32,0.06451612903225806,0.1,9,0.0015765350892005877,0.001483507711893912
46,5,32,32,0.06451612903225806,0.1,11,0.0012898577215602846,0.0012137452770259916
46,5,32,32,0.06451612903225806,0.1,13,0.0010913983131291632,0.0010269961071548003
46,5,32,32,0.06451612903225806,0.1,15,0.0009458662162734217,0.0008900514289134917
46,5,32,32,0.06451612903225806,0.1,17,0.0008345796428797905,0.0007853316382989851
46,5,32,32,0.06451612903225806,0.1,19,0.0007467234306263261,0.0007026596801888295
46,5,32,32,0.06451612903225806,0.5,1,0.3294672091332247,0.30958245488868935
46,5,32,32,0.06451612903225806,0.5,3,0.107133141867605,0.09987729994657937
46,5,32,32,0.06451612903225806,0.5,5,0.06411843243079587,0.059765229353688935
46,5,32,32,0.06451612903225806,0.5,7,0.04576010668496991,0.04265498962847194
46,5,32,32,0.06451612903225806,0.5,9,0.035576575970444294,0.03316412964391684
46,5,32,32,0.06451612903225806,0.5,11,0.02910114647251455,0.02712893075901195
46,5,32,32,0.06451612903225806,0.5,13,0.024620219974606634,0.022952446739180024
46,5,32,32,0.06451612903225806,0.5,15,0.02133520480735884,0.019890490154068498
46,5,32,32,0.06451612903225806,0.5,17,0.018823672911250356,0.017549408118640676
46,5,32,32,0.06451612903225806,0.5,19,0.016841199855069055,0.01570141978668653
46,5,32,32,0.06451612903225806,1.0,1,1.036339090247324,0.9707123415833909
46,5,32,32,0.06451612903225806,1.0,3,0.324569544149056,0.29742554717023495
46,5,32,32,0.06451612903225806,1.0,5,0.1935182132216425,0.1774109949419794
46,5,32,32,0.06451612903225806,1.0,7,0.13790991804116345,0.12647334871460014
46,5,32,32,0.06451612903225806,1.0,9,0.10713716860493493,0.09827515225480014
46,5,32,32,0.06451612903225806,1.0,11,0.0875953609842103,0.08036301794438198
46,5,32,32,0.06451612903225806,1.0,13,0.07408392816489852,0.06797550899465185
46,5,32,32,0.06451612903225806,1.0,15,0.0641842647289358,0.058897679581634534
46,5,32,32,0.06451612903225806,1.0,17,0.05661875400835442,0.05195921478386136
46,5,32,32,0.06451612903225806,1.0,19,0.05064885952737128,0.046483462037164656
47,5,32,32,0.06451612903225806,0.1,1,0.011466955050378046,0.01146683364463453
47,5,32,32,0.06451612903225806,0.1,3,0.003819181053239204,0.003819175609689561
47,5,32,32,0.06451612903225806,0.1,5,0.002291358306103631,0.0022913566690266948
47,5,32,32,0.06451612903225806,0.1,7,0.001636654926195594,0.0016366540764848803
47,5,32,32,0.06451612903225806,0.1,9,0.001272944364788312,0.0012729438061118688
47,5,32,32,0.06451612903225806,0.1,11,0.0010414960141655338,0.0010414955993802368
47,5,32,32,0.06451612903225806,0.1,13,0.0008812639501185711,0.0008812636197397661
47,5,32,32,0.06451612903225806,0.1,15,0.0007637610526176563,0.0007637607774798675
47,5,32,32,0.06451612903225806,0.1,17,0.0006739061993419556,0.0006739059631929004
47,5,32,32,0.06451612903225806,0.1,19,0.0006029683208571801,0.0006029681136951621
47,5,32,32,0.06451612903225806,0.5,1,0.270485876695597,0.27045616295588015
47,5,32,32,0.06451612903225806,0.5,3,0.08849266811005271,0.08850580090301502
47,5,32,32,0.06451612903225806,0.5,5,0.05301893577389715,0.05302714943561328
47,5,32,32,0.06451612903225806,0.5,7,0.0378556415374785,0.03786156191062477
47,5,32,32,0.06451612903225806,0.5,9,0.029438472893114402,0.029443093567506698
47,5,32,32,0.06451612903225806,0.5,11,0.024084034758958758,0.02408782169984331
47,5,32,32,0.06451612903225806,0.5,13,0.020377831175888532,0.020381038565224694
47,5,32,32,0.06451612903225806,0.5,15,0.017660261044377262,0.017663042425207377
47,5,32,32,0.06451612903225806,0.5,17,0.015582273146244066,0.015584728268206463
47,5,32,32,0.06451612903225806,0.5,19,0.01394183931709446,0.01394403660612104
47,5,32,32,0.06451612903225806,1.0,1,0.9026585288234489,0.9037464768879532
47,5,32,32,0.06451612903225806,1.0,3,0.28650389337080856,0.28713713449075456
47,5,32,32,0.06451612903225806,1.0,5,0.1712340610095988,0.1715956733661846
47,5,32,32,0.06451612903225806,1.0,7,0.1221786309220688,0.12243330049600465
47,5,32,32,0.06451612903225806,1.0,9,0.09498577393685087,0.09518269273572362
47,5,32,32,0.06451612903225806,1.0,11,0.07769821988102808,0.07785885659950677
47,5,32,32,0.06451612903225806,1.0,13,0.06573617374322514,0.06587186439419836
47,5,32,32,0.06451612903225806,1.0,15,0.05696674309006163,0.057084215185311905
47,5,32,32,0.06451612903225806,1.0,17,0.05026205640356358,0.05036563370522625
47,5,32,32,0.06451612903225806,1.0,19,0.04496960914988416,0.04506223682241329
48,5,32,33,0.06653225806451613,0.1,1,0.013513933264347992,0.013514394544146342
48,5,32,33,0.06653225806451613,0.1,3,0.004499870103316426,0.0044999618274644765
48,5,32,33,0.06653225806451613,0.1,5,0.002699589505853335,0.0026996254407282913
48,5,32,33,0.06653225806451613,0.1,7,0.0019281938795983073,0.001928212851234887
48,5,32,33,0.06653225806451613,0.1,9,0.0014996734277990568,0.001499685118782365
48,5,32,33,0.06653225806451613,0.1,11,0.0012269894608666818,0.0012269973783753945
48,5,32,33,0.06653225806451613,0.1,13,0.0010382128499039957,0.0010382185639200537
48,5,32,33,0.06653225806451613,0.1,15,0.0008997789349023427,0.0008997832516994209
48,5,32,33,0.06653225806451613,0.1,17,0.000793918948617428,0.0007939223242928119
48,5,32,33,0.06653225806451613,0.1,19,0.000710346012394451,0.0007103487241889839
48,5,32,33,0.06653225806451613,0.5,1,0.3161517424636545,0.31597999520361164
48,5,32,33,0.06653225806451613,0.5,3,0.10342357458590822,0.10342647652401339
48,5,32,33,0.06653225806451613,0.5,5,0.06195234010934975,0.061954866947617246
48,5,32,33,0.06653225806451613,0.5,7,0.044229778316424134,0.044231389959671505
48,5,32,33,0.06653225806451613,0.5,9,0.034393336841431116,0.034394419989355635
48,5,32,33,0.06653225806451613,0.5,11,0.028136608975311617,0.028137380122462308
48,5,32,33,0.06653225806451613,0.5,13,0.02380612897179484,0.02380670392048344
48,5,32,33,0.06653225806451613,0.5,15,0.020630950734781744,0.020631395155375105
48,5,32,33,0.06653225806451613,0.5,17,0.018203135877138323,0.01820348936223217
48,5,32,33,0.06653225806451613,0.5,19,0.016286588247583472,0.016286875960429225
48,5,32,33,0.06653225806451613,1.0,1,1.025296563305763,1.0231749318405106
48,5,32,33,0.06653225806451613,1.0,3,0.32566866980672216,0.32566093408451674
48,5,32,33,0.06653225806451613,1.0,5,0.19459784134251218,0.1946148717567484
48,5,32,33,0.06653225806451613,1.0,7,0.1388387639586998,0.13885203540616434
48,5,32,33,0.06653225806451613,1.0,9,0.10793403691421521,0.10794362080673713
48,5,32,33,0.06653225806451613,1.0,11,0.08828802114485605,0.08829510000519368
48,5,32,33,0.06653225806451613,1.0,13,0.07469459008937085,0.07469998664202926
48,5,32,33,0.06653225806451613,1.0,15,0.06472944654314507,0.06473368040287465
48,5,32,33,0.06653225806451613,1.0,17,0.05711071768664174,0.05711412116082662
48,5,32,33,0.06653225806451613,1.0,19,0.0510968412762081,0.05109963357763241
49,5,32,33,0.06653225806451613,0.1,1,0.01313916223815312,0.013463455063446227
49,5,32,33,0.06653225806451613,0.1,3,0.004376474559168281,0.004481647268087095
49,5,32,33,0.06653225806451613,0.1,5,0.0026257180547909894,0.002688490138607991
49,5,32,33,0.06653225806451613,0.1,7,0.001875478066796539,0.001920215119332285
49,5,32,33,0.06653225806451613,0.1,9,0.0014586933775966853,0.0014934458545110647
49,5,32,33,0.06653225806451613,0.1,11,0.0011934712567272586,0.001221882789084085
49,5,32,33,0.06653225806451613,0.1,13,0.0010098576641546812,0.0010338851518079625
49,5,32,33,0.06653225806451613,0.1,15,0.0008752084766134094,0.0008960240256310666
49,5,32,33,0.06653225806451613,0.1,17,0.0007722418489625267,0.0007906029342808281
49,5,32,33,0.06653225806451613,0.1,19,0.0006909526278316192,0.0007073770327040628
49,5,32,33,0.06653225806451613,0.5,1,0.30872199031962233,0.31435795270574907
49,5,32,33,0.06653225806451613,0.5,3,0.10129953574762313,0.10257988852554094
49,5,32,33,0.06653225806451613,0.5,5,0.0607049836765187,0.061423415701991724
49,5,32,33,0.06653225806451613,0.5,7,0.04334596507106975,0.04384530977849233
49,5,32,33,0.06653225806451613,0.5,9,0.033708790223114043,0.0340914702053365
49,5,32,33,0.06653225806451613,0.5,11,0.027577946922655576,0.02788816239261508
49,5,32,33,0.06653225806451613,0.5,13,0.02333422088917463,0.023595050870959623
49,5,32,33,0.06653225806451613,0.5,15,0.02022246389813223,0.02044747523769448
49,5,32,33,0.06653225806451613,0.5,17,0.017843037722177716,0.01804088139046204
49,5,32,33,0.06653225806451613,0.5,19,0.015964625929644802,0.016141156231173265
49,5,32,33,0.06653225806451613,1.0,1,1.0145253870811226,1.014415434356796
49,5,32,33,0.06653225806451613,1.0,3,0.3267518953492401,0.3186985554264235
49,5,32,33,0.06653225806451613,1.0,5,0.19542869356896275,0.19030905124631586
49,5,32,33,0.06653225806451613,1.0,7,0.1394649842796826,0.13574428497265495
49,5,32,33,0.06653225806451613,1.0,9,0.108431053367129,0.10551344894171003
49,5,32,33,0.06653225806451613,1.0,11,0.0886986282917625,0.08630018208772332
49,5,32,33,0.06653225806451613,1.0,13,0.07504388325804477,0.0730081726719255
49,5,32,33,0.06653225806451613,1.0,15,0.06503314213418726,0.06326504334067369
49,5,32,33,0.06653225806451613,1.0,17,0.05737923999938677,0.05581665554607156
49,5,32,33,0.06653225806451613,1.0,19,0.05133743504159465,0.04993761060370631
50,5,32,33,0.06653225806451613,0.1,1,0.013946683777612472,0.013550929456641958
50,5,32,33,0.06653225806451613,0.1,3,0.00464318494358151,0.004511940246559773
50,5,32,33,0.06653225806451613,0.1,5,0.0027855113441803705,0.002706888485695494
50,5,32,33,0.06653225806451613,0.1,7,0.0019895495584330448,0.0019334311024854446
50,5,32,33,0.06653225806451613,0.1,9,0.0015473878488260532,0.0015037583017343268
50,5,32,33,0.06653225806451613,0.1,11,0.0012660252815805662,0.0012303379867789352
50,5,32,33,0.06653225806451613,0.1,13,0.001071241339697075,0.0010410500877691777
50,5,32,33,0.06653225806451613,0.1,15,0.0009284025074885019,0.0009022403996903197
50,5,32,33,0.06653225806451613,0.1,17,0.000819174306607043,0.000796092566381419
50,5,32,33,0.06653225806451613,0.1,19,0.0007329424027126175,0.0007122920734470607
50,5,32,33,0.06653225806451613,0.5,1,0.3224166289169609,0.3143151314808378
50,5,32,33,0.06653225806451613,0.5,3,0.10511905304542904,0.10208369316243135
50,5,32,33,0.06653225806451613,0.5,5,0.0629363811470839,0.06114198693855271
50,5,32,33,0.06653225806451613,0.5,7,0.04492324369425015,0.04365132307830076
50,5,32,33,0.06653225806451613,0.5,9,0.03492879542111502,0.033944059893690114
50,5,32,33,0.06653225806451613,0.5,11,0.028572733522520693,0.027769494247471514
50,5,32,33,0.06653225806451613,0.5,13,0.02417402069701436,0.023495828972998452
50,5,32,33,0.06653225806451613,0.5,15,0.020949077969943823,0.020362263249743322
50,5,32,33,0.06653225806451613,0.5,17,0.01848336104875681,0.017966233227691978
50,5,32,33,0.06653225806451613,0.5,19,0.016536983207647647,0.01607475326241707
50,5,32,33,0.06653225806451613,1.0,1,1.0133052015268247,1.051923169049792
50,5,32,33,0.06653225806451613,1.0,3,0.31891258339768125,0.32957659472390527
50,5,32,33,0.06653225806451613,1.0,5,0.19012145437301392,0.19549929655657938
50,5,32,33,0.06653225806451613,1.0,7,0.13547686813084345,0.13896054876954475
50,5,32,33,0.06653225806451613,1.0,9,0.10524113690856356,0.10778808451667636
50,5,32,33,0.06653225806451613,1.0,11,0.08604200770785471,0.08803902496898068
50,5,32,33,0.06653225806451613,1.0,13,0.07276830763208235,0.07440644099310656
50,5,32,33,0.06653225806451613,1.0,15,0.0630432556596181,0.064429821151599
50,5,32,33,0.06653225806451613,1.0,17,0.05561143338315447,0.05681235322869695
50,5,32,33,0.06653225806451613,1.0,19,0.04974718362014439,0.0508057041715229
51,5,32,33,0.06653225806451613,0.1,1,0.012701476703425788,0.012800860372301893
51,5,32,33,0.06653225806451613,0.1,3,0.004229836981029516,0.0042615723915522055
51,5,32,33,0.06653225806451613,0.1,5,0.002537700317916358,0.0025565522680963165
51,5,32,33,0.06653225806451613,0.1,7,0.0018126013893854382,0.0018260075534375295
51,5,32,33,0.06653225806451613,0.1,9,0.00140978711608571,0.0014201881026245965
51,5,32,33,0.06653225806451613,0.1,11,0.0011534561477678897,0.0011619523979100484
51,5,32,33,0.06653225806451613,0.1,13,0.0009759982938720189,0.0009831793970497271
51,5,32,33,0.06653225806451613,0.1,15,0.0008458634561380031,0.0008520819579114575
51,5,32,33,0.06653225806451613,0.1,17,0.0007463490476599839,0.0007518324973619768
51,5,32,33,0.06653225806451613,0.1,19,0.0006677852998528297,0.0006726890931765758
51,5,32,33,0.06653225806451613,0.5,1,0.29660808931456717,0.29807649846511663
51,5,32,33,0.06653225806451613,0.5,3,0.09680839656747645,0.09726287021786764
51,5,32,33,0.06653225806451613,0.5,5,0.057989865581260916,0.05824489580409776
51,5,32,33,0.06653225806451613,0.5,7,0.04140236867184754,0.041578452531198205
51,5,32,33,0.06653225806451613,0.5,9,0.032195678541294466,0.032329874985950836
51,5,32,33,0.06653225806451613,0.5,11,0.026339325356563092,0.026447647666235703
51,5,32,33,0.06653225806451613,0.5,13,0.022285839243253038,0.02237661776196794
51,5,32,33,0.06653225806451613,0.5,15,0.019313685821857995,0.019391795321118305
51,5,32,33,0.06653225806451613,0.5,17,0.017041063383639043,0.017109598802813087
51,5,32,33,0.06653225806451613,0.5,19,0.015246997085902549,0.015308044658399548
51,5,32,33,0.06653225806451613,1.0,1,0.9623172772662254,0.9579899203506482
51,5,32,33,0.06653225806451613,1.0,3,0.30359392800407714,0.30376823702855854
51,5,32,33,0.06653225806451613,1.0,5,0.1812853613709359,0.18155080486200165
51,5,32,33,0.06653225806451613,1.0,7,0.12931531709110342,0.12953467531766924
51,5,32,33,0.06653225806451613,1.0,9,0.10052191932427972,0.10070089390800584
51,5,32,33,0.06653225806451613,1.0,11,0.08222134827787966,0.08237072042279442
51,5,32,33,0.06653225806451613,1.0,13,0.06956010213326683,0.06968766182365282
51,5,32,33,0.06653225806451613,1.0,15,0.06027889211206581,0.06038993494995892
51,5,32,33,0.06653225806451613,1.0,17,0.05318334210699209,0.05328152544154362
51,5,32,33,0.06653225806451613,1.0,19,0.04758259783693216,0.04767052070427701
52,5,32,33,0.06653225806451613,0.1,1,0.012421364976537336,0.012421364976537804
52,5,32,33,0.06653225806451613,0.1,3,0.004137140830151209,0.00413714083015341
52,5,32,33,0.06653225806451613,0.1,5,0.0024821257198385793,0.002482125719838488
52,5,32,33,0.06653225806451613,0.1,7,0.0017729157018782581,0.0017729157018794481
52,5,32,33,0.06653225806451613,0.1,9,0.0013789244359771983,0.001378924435976624
52,5,32,33,0.06653225806451613,0.1,11,0.001128206761129349,0.0011282067611303695
52,5,32,33,0.06653225806451613,0.1,13,0.0009546344749214498,0.0009546344749214004
52,5,32,33,0.06653225806451613,0.1,15,0.0008273487824672785,0.0008273487824750948
52,5,32,33,0.06653225806451613,0.1,17,0.000730012985411569,0.0007300129854133074
52,5,32,33,0.06653225806451613,0.1,19,0.0006531691078736972,0.0006531691078744785
52,5,32,33,0.06653225806451613,0.5,1,0.2910595414776258,0.2910595414776266
52,5,32,33,0.06653225806451613,0.5,3,0.09524357026330087,0.09524357026330342
52,5,32,33,0.06653225806451613,0.5,5,0.057064580182799994,0.05706458018280296
52,5,32,33,0.06653225806451613,0.5,7,0.04074442469503931,0.04074442469504034
52,5,32,33,0.06653225806451613,0.5,9,0.03168499610510505,0.03168499610510964
52,5,32,33,0.06653225806451613,0.5,11,0.025921971595318047,0.02592197159531911
52,5,32,33,0.06653225806451613,0.5,13,0.021932946397540162,0.021932946397541335
52,5,32,33,0.06653225806451613,0.5,15,0.019007993802459544,0.019007993802469012
52,5,32,33,0.06653225806451613,0.5,17,0.016771429197195483,0.016771429197199244
52,5,32,33,0.06653225806451613,0.5,19,0.015005808554752111,0.015005808554764707
52,5,32,33,0.06653225806451613,1.0,1,0.9532752070782479,0.9532752070782489
52,5,32,33,0.06653225806451613,1.0,3,0.302788745446089,0.30278874544609097
52,5,32,33,0.06653225806451613,1.0,5,0.1810115175641801,0.18101151756418288
52,5,32,33,0.06653225806451613,1.0,7,0.12916352881584264,0.12916352881584364
52,5,32,33,0.06653225806451613,1.0,9,0.1004187466712846,0.10041874667128806
52,5,32,33,0.06653225806451613,1.0,11,0.08214348356911358,0.0821434835691147
52,5,32,33,0.06653225806451613,1.0,13,0.06949759883741821,0.06949759883742627
52,5,32,33,0.06653225806451613,1.0,15,0.060226670152307635,0.060226670152307815
52,5,32,33,0.06653225806451613,1.0,17,0.05313847723222052,0.0531384772322244
52,5,32,33,0.06653225806451613,1.0,19,0.04754325785383823,0.04754325785384183
53,5,32,33,0.06653225806451613,0.1,1,0.013987357218126727,0.014093140274556942
53,5,32,33,0.06653225806451613,0.1,3,0.004659716430933343,0.004694389069081014
53,5,32,33,0.06653225806451613,0.1,5,0.002795667034328592,0.0028163930766192807
53,5,32,33,0.06653225806451613,0.1,7,0.0019968671223080767,0.0020116471688414643
53,5,32,33,0.06653225806451613,0.1,9,0.0015531048970000706,0.0015645898931823177
53,5,32,33,0.06653225806451613,0.1,11,0.001270715641533244,0.0012801069065755196
53,5,32,33,0.06653225806451613,0.1,13,0.0010752173733974706,0.0010831605643466667
53,5,32,33,0.06653225806451613,0.1,15,0.0009318529247700164,0.0009387349432586116
53,5,32,33,0.06653225806451613,0.1,17,0.0008222217940136417,0.0008282927566427941
53,5,32,33,0.06653225806451613,0.1,19,0.000735671195211733,0.0007411021139300136
53,5,32,33,0.06653225806451613,0.5,1,0.3256091236014377,0.32794478269735017
53,5,32,33,0.06653225806451613,0.5,3,0.10731575232905434,0.10808721123162761
53,5,32,33,0.06653225806451613,0.5,5,0.06433017110482026,0.06479457225316582
53,5,32,33,0.06653225806451613,0.5,7,0.04593824288503887,0.04627041784849975
53,5,32,33,0.06653225806451613,0.5,9,0.03572589353907457,0.0359844169741216
53,5,32,33,0.06653225806451613,0.5,11,0.0292286637364564,0.029440254339840006
53,5,32,33,0.06653225806451613,0.5,13,0.024731153102886906,0.024910226576392924
53,5,32,33,0.06653225806451613,0.5,15,0.021433230394861332,0.021588446574319506
53,5,32,33,0.06653225806451613,0.5,17,0.018911414466202262,0.01904838111485062
53,5,32,33,0.06653225806451613,0.5,19,0.016920574944114662,0.017043130965660087
53,5,32,33,0.06653225806451613,1.0,1,1.0446821724401372,1.0485902961864704
53,5,32,33,0.06653225806451613,1.0,3,0.3401621884443475,0.34309247712080354
53,5,32,33,0.06653225806451613,1.0,5,0.20329596681790457,0.2052888703701026
53,5,32,33,0.06653225806451613,1.0,7,0.1450201296355947,0.1465090607987264
53,5,32,33,0.06653225806451613,1.0,9,0.11272294167811049,0.11390747590121696
53,5,32,33,0.06653225806451613,1.0,11,0.09219500292839942,0.09317735303741076
53,5,32,33,0.06653225806451613,1.0,13,0.07799341920963461,0.0788321206974011
53,5,32,33,0.06653225806451613,1.0,15,0.06758371294454076,0.0683152307185995
53,5,32,33,0.06653225806451613,1.0,17,0.05962589661376561,0.06027442878345158
53,5,32,33,0.06653225806451613,1.0,19,0.053344882075651086,0.053927288003927036
54,5,32,33,0.06653225806451613,0.1,1,0.012152575892582135,0.013841871210062855
54,5,32,33,0.06653225806451613,0.1,3,0.004047192143095988,0.004611011483436711
54,5,32,33,0.06653225806451613,0.1,5,0.0024281396028080593,0.00276646565661994
54,5,32,33,0.06653225806451613,0.1,7,0.0017343508631054527,0.0019760191067045773
54,5,32,33,0.06653225806451613,0.1,9,0.0013489284966315452,0.0015368948548201977
54,5,32,33,0.06653225806451613,0.1,11,0.0011036641879636933,0.0012574557428186384
54,5,32,33,0.06653225806451613,0.1,13,0.0009338674676367869,0.0010639992203694496
54,5,32,33,0.06653225806451613,0.1,15,0.0008093505927950242,0.0009221316828292372
54,5,32,33,0.06653225806451613,0.1,17,0.0007141321610069123,0.0008136450276575829
54,5,32,33,0.06653225806451613,0.1,19,0.0006389599060249524,0.0007279978219967978
54,5,32,33,0.06653225806451613,0.5,1,0.28569816422866395,0.32282740647773356
54,5,32,33,0.06653225806451613,0.5,3,0.09327674706241905,0.10609565428461348
54,5,32,33,0.06653225806451613,0.5,5,0.05587576229773171,0.06358650743501129
54,5,32,33,0.06653225806451613,0.5,7,0.039893551901486246,0.04540501400633411
54,5,32,33,0.06653225806451613,0.5,9,0.03102265651757075,0.03531055840043512
54,5,32,33,0.06653225806451613,0.5,11,0.025379829745657032,0.02888861334155092
54,5,32,33,0.06653225806451613,0.5,13,0.021474100200747075,0.024443314243901462
54,5,32,33,0.06653225806451613,0.5,15,0.01861026685840971,0.021183717950487208
54,5,32,33,0.06653225806451613,0.5,17,0.016420458135291905,0.018691228247475357
54,5,32,33,0.06653225806451613,0.5,19,0.014691759529071403,0.01672355011844105
54,5,32,33,0.06653225806451613,1.0,1,0.9420540303775605,1.0329449383611378
54,5,32,33,0.06653225806451613,1.0,3,0.2961132527275352,0.3324425179438815
54,5,32,33,0.06653225806451613,1.0,5,0.176756667161826,0.19886099268514643
54,5,32,33,0.06653225806451613,1.0,7,0.12607339308106688,0.14192380645859165
54,5,32,33,0.06653225806451613,1.0,9,0.097998809264191,0.11034677490956195
54,5,32,33,0.06653225806451613,1.0,11,0.08015666674057476,0.09026780410615737
54,5,32,33,0.06653225806451613,1.0,13,0.06781309460791902,0.07637269802251916
54,5,32,33,0.06653225806451613,1.0,15,0.05876494112493825,0.06618545552431002
54,5,32,33,0.06653225806451613,1.0,17,0.05184763880384784,0.058396444729145625
54,5,32,33,0.06653225806451613,1.0,19,0.04638762066833814,0.05224789033729944
55,5,32,33,0.06653225806451613,0.1,1,0.014028318943649845,0.014047771244256164
55,5,32,33,0.06653225806451613,0.1,3,0.0046698377707679204,0.004677923593058867
55,5,32,33,0.06653225806451613,0.1,5,0.0028014335927739535,0.0028064615733006293
55,5,32,33,0.06653225806451613,0.1,7,0.0020009011243950024,0.0020045455011778847
55,5,32,33,0.06653225806451613,0.1,9,0.0015562075228727084,0.001559064713775091
55,5,32,33,0.06653225806451613,0.1,11,0.0012732365108913625,0.0012755859560471601
55,5,32,33,0.06653225806451613,0.1,13,0.0010773402920734893,0.001079335139453424
55,5,32,33,0.06653225806451613,0.1,15,0.0009336864478525873,0.0009354196617662933
55,5,32,33,0.06653225806451613,0.1,17,0.0008238353787087775,0.0008253676122538964
55,5,32,33,0.06653225806451613,0.1,19,0.0007371119673480477,0.0007384849778617591
55,5,32,33,0.06653225806451613,0.5,1,0.3259931347895968,0.3254525957598427
55,5,32,33,0.06653225806451613,0.5,3,0.10633476230707657,0.10644361516870507
55,5,32,33,0.06653225806451613,0.5,5,0.0636635845417837,0.06375030632195818
55,5,32,33,0.06653225806451613,0.5,7,0.04544209831869798,0.04550944864821767
55,5,32,33,0.06653225806451613,0.5,9,0.035332120411526335,0.03538661190387623
55,5,32,33,0.06653225806451613,0.5,11,0.028902612672339015,0.02894822575019386
55,5,32,33,0.06653225806451613,0.5,13,0.02445308392251862,0.02449225641464393
55,5,32,33,0.06653225806451613,0.5,15,0.02119089180008422,0.021225196254123887
55,5,32,33,0.06653225806451613,0.5,17,0.018696698755950186,0.018727201079199576
55,5,32,33,0.06653225806451613,0.5,19,0.016727845017475602,0.016755298470827327
55,5,32,33,0.06653225806451613,1.0,1,1.0397689428018926,1.0348045107851416
55,5,32,33,0.06653225806451613,1.0,3,0.32913429917730885,0.33025766618612096
55,5,32,33,0.06653225806451613,1.0,5,0.19628862753388276,0.1970898201384229
55,5,32,33,0.06653225806451613,1.0,7,0.13993823533043798,0.14052510571483467
55,5,32,33,0.06653225806451613,1.0,9,0.108745323326011,0.1092029263398008
55,5,32,33,0.06653225806451613,1.0,11,0.08892992862076574,0.08930334034510409
55,5,32,33,0.06653225806451613,1.0,13,0.07522531489315062,0.07554008331259622
55,5,32,33,0.06653225806451613,1.0,15,0.06518168654088546,0.06545344859921809
55,5,32,33,0.06653225806451613,1.0,17,0.057504633173280265,0.05774358350523132
55,5,32,33,0.06653225806451613,1.0,19,0.05144572527254428,0.051658853191230675
56,5,32,33,0.06653225806451613,0.1,1,0.012554100556425217,0.012841589386684392
56,5,32,33,0.06653225806451613,0.1,3,0.0041766078047238125,0.004268664175493367
56,5,32,33,0.06653225806451613,0.1,5,0.002505467268404361,0.0025601597356929027
56,5,32,33,0.06653225806451613,0.1,7,0.0017895022445097888,0.0018283954481146255
56,5,32,33,0.06653225806451613,0.1,9,0.0013917915199222204,0.0014219656337198354
56,5,32,33,0.06653225806451613,0.1,11,0.0011387180012093227,0.001163365809102433
56,5,32,33,0.06653225806451613,0.1,13,0.0009635194343193387,0.0009843516038349864
56,5,32,33,0.06653225806451613,0.1,15,0.0008350434465201526,0.0008530828717606831
56,5,32,33,0.06653225806451613,0.1,17,0.0007367986901426348,0.0007527055867422223
56,5,32,33,0.06653225806451613,0.1,19,0.0006592379640720653,0.0006734631928961746
56,5,32,33,0.06653225806451613,0.5,1,0.29282589836465617,0.30045748337310463
56,5,32,33,0.06653225806451613,0.5,3,0.09442893238446412,0.09696179070464685
56,5,32,33,0.06653225806451613,0.5,5,0.05651802666524574,0.058009986000381195
56,5,32,33,0.06653225806451613,0.5,7,0.040341477930991104,0.041395741152679945
56,5,32,33,0.06653225806451613,0.5,9,0.03136711422543421,0.032181531617650264
56,5,32,33,0.06653225806451613,0.5,11,0.025659832604668604,0.026323078762711703
56,5,32,33,0.06653225806451613,0.5,13,0.021710038960529653,0.022269356245248697
56,5,32,33,0.06653225806451613,0.5,15,0.01881415701998299,0.019297661324283774
56,5,32,33,0.06653225806451613,0.5,17,0.01659998159414991,0.017025750096336792
56,5,32,33,0.06653225806451613,0.5,19,0.014852127739189045,0.015232466047045326
56,5,32,33,0.06653225806451613,1.0,1,0.9499980281894542,0.9651510815447801
56,5,32,33,0.06653225806451613,1.0,3,0.3075153523877032,0.313519414815094
56,5,32,33,0.06653225806451613,1.0,5,0.1842782196683216,0.18809919065246983
56,5,32,33,0.06653225806451613,1.0,7,0.13158012991412582,0.13434748138181452
56,5,32,33,0.06653225806451613,1.0,9,0.10232458961064103,0.10448719790140029
56,5,32,33,0.06653225806451613,1.0,11,0.08371354288150103,0.08548634243838572
56,5,32,33,0.06653225806451613,1.0,13,0.07083126639268084,0.07233256608475137
56,5,32,33,0.06653225806451613,1.0,15,0.06138528281738757,0.06268685795686559
56,5,32,33,0.06653225806451613,1.0,17,0.05416239346404832,0.05531097423158253
56,5,32,33,0.06653225806451613,1.0,19,0.04846039101600613,0.049488068347458676
57,5,32,33,0.06653225806451613,0.1,1,0.014471039314116795,0.014588612002189269
57,5,32,33,0.06653225806451613,0.1,3,0.004818060121726168,0.00485726338427274
57,5,32,33,0.06653225806451613,0.1,5,0.0028904967442488307,0.0029139761506263035
57,5,32,33,0.06653225806451613,0.1,7,0.0020645610869998166,0.0020813158154971453
57,5,32,33,0.06653225806451613,0.1,9,0.0016057403346215373,0.0016187641002381559
57,5,32,33,0.06653225806451613,0.1,11,0.0013137737390790881,0.0013244253433474318
57,5,32,33,0.06653225806451613,0.1,13,0.0011116471922289959,0.0011206575482626232
57,5,32,33,0.06653225806451613,0.1,15,0.0009634230541793766,0.0009712303803597704
57,5,32,33,0.06653225806451613,0.1,17,0.0008500762520541641,0.0008569639390509692
57,5,32,33,0.06653225806451613,0.1,19,0.0007605925553007673,0.0007667544146483756
57,5,32,33,0.06653225806451613,0.5,1,0.33530597694024794,0.33772301228768714
57,5,32,33,0.06653225806451613,0.5,3,0.1091571103726265,0.11023857558702363
57,5,32,33,0.06653225806451613,0.5,5,0.06536157564941211,0.06602156074810099
57,5,32,33,0.06653225806451613,0.5,7,0.0466593092471372,0.047132133565496934
57,5,32,33,0.06653225806451613,0.5,9,0.03628131780292268,0.03664926409240077
57,5,32,33,0.06653225806451613,0.5,11,0.0296806986587665,0.02998171946312594
57,5,32,33,0.06653225806451613,0.5,13,0.025112394556754732,0.025367039852430506
57,5,32,33,0.06653225806451613,0.5,15,0.02176291658884079,0.021983545829423648
57,5,32,33,0.06653225806451613,0.5,17,0.019201861972280958,0.019396480840159
57,5,32,33,0.06653225806451613,0.5,19,0.017180149292688362,0.01735423765671455
57,5,32,33,0.06653225806451613,1.0,1,1.0624887486349295,1.0646685333936674
57,5,32,33,0.06653225806451613,1.0,3,0.3327088221906808,0.33561875570014366
57,5,32,33,0.06653225806451613,1.0,5,0.19814586553614275,0.2002648412334883
57,5,32,33,0.06653225806451613,1.0,7,0.14120044834723455,0.14280617116748184
57,5,32,33,0.06653225806451613,1.0,9,0.10970530855982272,0.11098862569788978
57,5,32,33,0.06653225806451613,1.0,11,0.0897061340048506,0.09077225788886736
57,5,32,33,0.06653225806451613,1.0,13,0.07587755131747642,0.07678838937155207
57,5,32,33,0.06653225806451613,1.0,15,0.06574446906310433,0.06653907866352383
57,5,32,33,0.06653225806451613,1.0,17,0.057999736825863284,0.05870421129112152
57,5,32,33,0.06653225806451613,1.0,19,0.05188779291017485,0.052520382035273615
58,5,32,33,0.06653225806451613,0.1,1,0.012570827835398887,0.013078833330052062
58,5,32,33,0.06653225806451613,0.1,3,0.004186751592391926,0.004351387090167615
58,5,32,33,0.06653225806451613,0.1,5,0.002511878234006603,0.0026100858955232548
58,5,32,33,0.06653225806451613,0.1,7,0.0017941639375817218,0.0018641360454504025
58,5,32,33,0.06653225806451613,0.1,9,0.0013954494410469659,0.001449795924035645
58,5,32,33,0.06653225806451613,0.1,11,0.001141726531894269,0.001186152089630424
58,5,32,33,0.06653225806451613,0.1,13,0.0009660738937080457,0.001003641452587853
58,5,32,33,0.06653225806451613,0.1,15,0.0008372627063471668,0.0008698064440306425
58,5,32,33,0.06653225806451613,0.1,17,0.0007387604075296158,0.0007674654718162542
58,5,32,33,0.06653225806451613,0.1,19,0.0006609956391953648,0.0006866720534459005
58,5,32,33,0.06653225806451613,0.5,1,0.2943129416176303,0.30681187005843885
58,5,32,33,0.06653225806451613,0.5,3,0.09646041160127326,0.09993082023349405
58,5,32,33,0.06653225806451613,0.5,5,0.05779895805929088,0.05981110055964486
58,5,32,33,0.06653225806451613,0.5,7,0.04126937614955358,0.04268662570428856
58,5,32,33,0.06653225806451613,0.5,9,0.03209328106989545,0.03318723774432182
58,5,32,33,0.06653225806451613,0.5,11,0.026255962645644754,0.02714675835157309
58,5,32,33,0.06653225806451613,0.5,13,0.022215497923577434,0.02296678581617247
58,5,32,33,0.06653225806451613,0.5,15,0.019252826614542775,0.01990239256139607
58,5,32,33,0.06653225806451613,0.5,17,0.01698742294654755,0.01755953071281891
58,5,32,33,0.06653225806451613,0.5,19,0.01519903867655229,0.01571019488682543
58,5,32,33,0.06653225806451613,1.0,1,0.9672624538381076,0.9968789221954707
58,5,32,33,0.06653225806451613,1.0,3,0.3122316238771358,0.316306245517764
58,5,32,33,0.06653225806451613,1.0,5,0.18675720889245062,0.18888915432644218
58,5,32,33,0.06653225806451613,1.0,7,0.1332808422861844,0.1347031856486791
58,5,32,33,0.06653225806451613,1.0,9,0.10362487697022767,0.10468853610023411
58,5,32,33,0.06653225806451613,1.0,11,0.0847680755595265,0.08561669673445246
58,5,32,33,0.06653225806451613,1.0,13,0.0717190066715747,0.0724246706225474
58,5,32,33,0.06653225806451613,1.0,15,0.06215217336637669,0.0627560163754249
58,5,32,33,0.06653225806451613,1.0,17,0.054837592443513695,0.05536526088284728
58,5,32,33,0.06653225806451613,1.0,19,0.049063591999379076,0.04953213877213512
59,5,32,33,0.06653225806451613,0.1,1,0.013213392704961824,0.01306654150227571
59,5,32,33,0.06653225806451613,0.1,3,0.0044000241290790216,0.004350369728472921
59,5,32,33,0.06653225806451613,0.1,5,0.002639769151360201,0.002609899363331805
59,5,32,33,0.06653225806451613,0.1,7,0.0018854952348171972,0.001864136644729535
59,5,32,33,0.06653225806451613,0.1,9,0.0014664771141442777,0.0014498550487411672
59,5,32,33,0.06653225806451613,0.1,11,0.0011998362103046473,0.0011862312584917777
59,5,32,33,0.06653225806451613,0.1,13,0.0010152414222365273,0.0010037265784628925
59,5,32,33,0.06653225806451613,0.1,15,0.0008798731977571006,0.0008698917908468128
59,5,32,33,0.06653225806451613,0.1,17,0.0007763569935366877,0.0007675486075253637
59,5,32,33,0.06653225806451613,0.1,19,0.000694634058185753,0.0006867519808869496
59,5,32,33,0.06653225806451613,0.5,1,0.3078417673718866,0.30458442137764014
59,5,32,33,0.06653225806451613,0.5,3,0.10039376415797212,0.09916973976668485
59,5,32,33,0.06653225806451613,0.5,5,0.06012679825977388,0.05938275605765057
59,5,32,33,0.06653225806451613,0.5,7,0.04292548978358403,0.04239189029851665
59,5,32,33,0.06653225806451613,0.5,9,0.03337916172304773,0.03296338654660653
59,5,32,33,0.06653225806451613,0.5,11,0.027307097787278894,0.026966578960106912
59,5,32,33,0.06653225806451613,0.5,13,0.023104441379509035,0.022816132013106585
59,5,32,33,0.06653225806451613,0.5,15,0.02002297497907238,0.019773003022129594
59,5,32,33,0.06653225806451613,0.5,17,0.017666801483336107,0.017446172631855095
59,5,32,33,0.06653225806451613,0.5,19,0.015806797363275997,0.015609349012515948
59,5,32,33,0.06653225806451613,1.0,1,0.9915966968473472,0.985021799413461
59,5,32,33,0.06653225806451613,1.0,3,0.3139947744456293,0.30836058808353256
59,5,32,33,0.06653225806451613,1.0,5,0.1875766266290769,0.18368079698935366
59,5,32,33,0.06653225806451613,1.0,7,0.13381974094751856,0.1309011722704618
59,5,32,33,0.06653225806451613,1.0,9,0.10402888069630077,0.10170663924840002
59,5,32,33,0.06653225806451613,1.0,11,0.08509218186332833,0.08316719389668965
59,5,32,33,0.06653225806451613,1.0,13,0.07199002136192585,0.07034747246871584
59,5,32,33,0.06653225806451613,1.0,15,0.06238524312340732,0.06095341412036549
59,5,32,33,0.06653225806451613,1.0,17,0.055042142476382894,0.05377339408407758
59,5,32,33,0.06653225806451613,1.0,19,0.04924589968682549,0.04810703413279588
60,5,32,33,0.06653225806451613,0.1,1,0.01337315950953829,0.013391233218390189
60,5,32,33,0.06653225806451613,0.1,3,0.004453199254730516,0.004459137156028513
60,5,32,33,0.06653225806451613,0.1,5,0.0026716883281184445,0.0026752449289564775
60,5,32,33,0.06653225806451613,0.1,7,0.0019083007339239944,0.0019108396366780268
60,5,32,33,0.06653225806451613,0.1,9,0.0014842177134107373,0.0014861918292076266
60,5,32,33,0.06653225806451613,0.1,11,0.0012143529115878203,0.001215967814521024
60,5,32,33,0.06653225806451613,0.1,13,0.001027525802725526,0.0010288921022044628
60,5,32,33,0.06653225806451613,0.1,15,0.0008905203267920086,0.0008917043572914869
60,5,32,33,0.06653225806451613,0.1,17,0.0007857519780897633,0.0007867966483080919
60,5,32,33,0.06653225806451613,0.1,19,0.0007030404264321476,0.0007039750882659806
60,5,32,33,0.06653225806451613,0.5,1,0.31135300097943547,0.3117231191348475
60,5,32,33,0.06653225806451613,0.5,3,0.10133380198943824,0.10138282283237475
60,5,32,33,0.06653225806451613,0.5,5,0.06067982083189156,0.06070086043676221
60,5,32,33,0.06653225806451613,0.5,7,0.04331841884086091,0.043331214585958476
60,5,32,33,0.06653225806451613,0.5,9,0.03368412967091154,0.033693197434842
60,5,32,33,0.06653225806451613,0.5,11,0.02755636067389874,0.027563345510430035
60,5,32,33,0.06653225806451613,0.5,13,0.023315236363546207,0.02332090277400462
60,5,32,33,0.06653225806451613,0.5,15,0.02020560156603214,0.020210362356980628
60,5,32,33,0.06653225806451613,0.5,17,0.017827907405099538,0.017832009323737637
60,5,32,33,0.06653225806451613,0.5,19,0.015950923707071473,0.01595452545579196
60,5,32,33,0.06653225806451613,1.0,1,1.0014179548893447,1.0036093603304066
60,5,32,33,0.06653225806451613,1.0,3,0.316777806641511,0.31722178621505803
60,5,32,33,0.06653225806451613,1.0,5,0.18955927776996456,0.18975105757831376
60,5,32,33,0.06653225806451613,1.0,7,0.1352951244634836,0.1354111528166888
60,5,32,33,0.06653225806451613,1.0,9,0.10519402542094201,0.10527589144024636
60,5,32,33,0.06653225806451613,1.0,11,0.08605220999247203,0.08611506111104186
60,5,32,33,0.06653225806451613,1.0,13,0.07280534909398806,0.07285620488559602
60,5,32,33,0.06653225806451613,1.0,15,0.06309333942822909,0.06313597921798164
60,5,32,33,0.06653225806451613,1.0,17,0.05566771734415048,0.05570439418650506
60,5,32,33,0.06653225806451613,1.0,19,0.04980606142848985,0.04983822103836253
61,5,32,33,0.06653225806451613,0.1,1,0.012913191030499292,0.012962057238048864
61,5,32,33,0.06653225806451613,0.1,3,0.0042993653589703815,0.004315027968827846
61,5,32,33,0.06653225806451613,0.1,5,0.002579219986588712,0.002588531556201202
61,5,32,33,0.06653225806451613,0.1,7,0.0018421925778707175,0.0018488164756302534
61,5,32,33,0.06653225806451613,0.1,9,0.0014327730172620735,0.0014379129886728035
61,5,32,33,0.06653225806451613,0.1,11,0.0011722471253175026,0.0011764462778099955
61,5,32,33,0.06653225806451613,0.1,13,0.00099188904716507,0.0009954384759380131
61,5,32,33,0.06653225806451613,0.1,15,0.0008596294719862756,0.0008627032818056327
61,5,32,33,0.06653225806451613,0.1,17,0.0007584914752175192,0.0007612020616747103
61,5,32,33,0.06653225806451613,0.1,19,0.0006786466957224848,0.0006810708252365041
61,5,32,33,0.06653225806451613,0.5,1,0.3028989445602536,0.30385160938697475
61,5,32,33,0.06653225806451613,0.5,3,0.09934593803017663,0.0996211319647786
61,5,32,33,0.06653225806451613,0.5,5,0.05951834950991756,0.059679520326129186
61,5,32,33,0.06653225806451613,0.5,7,0.042492982185688234,0.0426064447239828
61,5,32,33,0.06653225806451613,0.5,9,0.03304283843465266,0.033130265227896034
61,5,32,33,0.06653225806451613,0.5,11,0.027031705827876982,0.027102775407644858
61,5,32,33,0.06653225806451613,0.5,13,0.022871190608330153,0.022931042834232078
61,5,32,33,0.06653225806451613,0.5,15,0.01982063548446048,0.019872321113902778
61,5,32,33,0.06653225806451613,0.5,17,0.0174881166768202,0.017533592847518206
61,5,32,33,0.06653225806451613,0.5,19,0.01564680318821726,0.015687399708496353
61,5,32,33,0.06653225806451613,1.0,1,0.9894050456198545,0.988471241922348
61,5,32,33,0.06653225806451613,1.0,3,0.3175244435085929,0.31670555135047274
61,5,32,33,0.06653225806451613,1.0,5,0.18963281831684012,0.1891362945536515
61,5,32,33,0.06653225806451613,1.0,7,0.1352634528622465,0.13490739935419493
61,5,32,33,0.06653225806451613,1.0,9,0.10514145299474141,0.10486379662306354
61,5,32,33,0.06653225806451613,1.0,11,0.08599745486640596,0.0857698325221875
61,5,32,33,0.06653225806451613,1.0,13,0.07275326539449,0.0725603627447672
61,5,32,33,0.06653225806451613,1.0,15,0.06304506295609358,0.06287767143894062
61,5,32,33,0.06653225806451613,1.0,17,0.05562326863195284,0.0554754183740047
61,5,32,33,0.06653225806451613,1.0,19,0.04976513000784176,0.049632729357271387
62,5,32,33,0.06653225806451613,0.1,1,0.013576193097536663,0.013329689893349136
62,5,32,33,0.06653225806451613,0.1,3,0.004520118039150822,0.004439824488737724
62,5,32,33,0.06653225806451613,0.1,5,0.0027118171637319174,0.0026637312519397814
62,5,32,33,0.06653225806451613,0.1,7,0.0019369623367249233,0.0019026330162100341
62,5,32,33,0.06653225806451613,0.1,9,0.0015065102824061499,0.001479815384555901
62,5,32,33,0.06653225806451613,0.1,11,0.0012325927037840105,0.0012107537782313842
62,5,32,33,0.06653225806451613,0.1,13,0.0010429598361980437,0.001024481891222209
62,5,32,33,0.06653225806451613,0.1,15,0.0009038967733523552,0.0008878831774518047
62,5,32,33,0.06653225806451613,0.1,17,0.0007975549437290948,0.0007834256677165012
62,5,32,33,0.06653225806451613,0.1,19,0.0007136011438381837,0.0007009593905489713
62,5,32,33,0.06653225806451613,0.5,1,0.31551411050822054,0.31156232932033034
62,5,32,33,0.06653225806451613,0.5,3,0.10218997979956952,0.101968819392058
62,5,32,33,0.06653225806451613,0.5,5,0.06117171882346489,0.061089646321433974
62,5,32,33,0.06653225806451613,0.5,7,0.0436661253545353,0.04361740812324373
62,5,32,33,0.06653225806451613,0.5,9,0.03395359690334336,0.0339188705557199
62,5,32,33,0.06653225806451613,0.5,11,0.02777651170909906,0.027749408921432413
62,5,32,33,0.06653225806451613,0.5,13,0.023501399841033825,0.023479103806479763
62,5,32,33,0.06653225806451613,0.5,15,0.020366899880085255,0.020347922980962878
62,5,32,33,0.06653225806451613,0.5,17,0.01797021615155239,0.0179536760218233
62,5,32,33,0.06653225806451613,0.5,19,0.016078251930206244,0.016063580956391686
62,5,32,33,0.06653225806451613,1.0,1,1.0077474462181994,1.0111805563799834
62,5,32,33,0.06653225806451613,1.0,3,0.3035874080841097,0.3180445088442814
62,5,32,33,0.06653225806451613,1.0,5,0.18056878379552538,0.18974988858023215
62,5,32,33,0.06653225806451613,1.0,7,0.12866723572088773,0.13532186712208813
62,5,32,33,0.06653225806451613,1.0,9,0.09997526426187332,0.10518174627165412
62,5,32,33,0.06653225806451613,1.0,11,0.08175685874991964,0.0860293518769788
62,5,32,33,0.06653225806451613,1.0,13,0.0691588916716964,0.07278021802980862
62,5,32,33,0.06653225806451613,1.0,15,0.05992683896103241,0.06306865598612806
62,5,32,33,0.06653225806451613,1.0,17,0.05287021506057591,0.0556443710210179
62,5,32,33,0.06653225806451613,1.0,19,0.04730090965967694,0.04978428093925915
63,5,32,33,0.06653225806451613,0.1,1,0.01639899724439464,0.015192571597788123
63,5,32,33,0.06653225806451613,0.1,3,0.005464776487385134,0.005060688568850132
63,5,32,33,0.06653225806451613,0.1,5,0.003278791068697284,0.003036244800782342
63,5,32,33,0.06653225806451613,0.1,7,0.0023419788931064735,0.0021687131534633814
63,5,32,33,0.06653225806451613,0.1,9,0.0018215344249863205,0.0016867662917661361
63,5,32,33,0.06653225806451613,0.1,11,0.0014903443952688485,0.0013800771190215866
63,5,32,33,0.06653225806451613,0.1,13,0.001261059691954736,0.0011677554245952126
63,5,32,33,0.06653225806451613,0.1,15,0.0010929178830189103,0.0010120535389529564
63,5,32,33,0.06653225806451613,0.1,17,0.0009643390038672425,0.0008929877312930262
63,5,32,33,0.06653225806451613,0.1,19,0.0008628294438925316,0.0007989885927130793
63,5,32,33,0.06653225806451613,0.5,1,0.3775407340677321,0.3533567890665725
63,5,32,33,0.06653225806451613,0.5,3,0.12502174444078412,0.11592576664386899
63,5,32,33,0.06653225806451613,0.5,5,0.07497032530678971,0.06946158808723518
63,5,32,33,0.06653225806451613,0.5,7,0.05354176149260326,0.04959686351626327
63,5,32,33,0.06653225806451613,0.5,9,0.04164087471890829,0.03856939074562377
63,5,32,33,0.06653225806451613,0.5,11,0.03406867993979466,0.031554309527570164
63,5,32,33,0.06653225806451613,0.5,13,0.028826795971516408,0.026698600501914513
63,5,32,33,0.06653225806451613,0.5,15,0.02498292478112785,0.02313813454769917
63,5,32,33,0.06653225806451613,0.5,17,0.022043581163922146,0.020415616221120047
63,5,32,33,0.06653225806451613,0.5,19,0.019723093769474058,0.018266362524254502
63,5,32,33,0.06653225806451613,1.0,1,1.1661133851303853,1.1188983512122799
63,5,32,33,0.06653225806451613,1.0,3,0.38155937785739763,0.3551423032284927
63,5,32,33,0.06653225806451613,1.0,5,0.22818645611641944,0.21181288161390424
63,5,32,33,0.06653225806451613,1.0,7,0.16283161646049116,0.1510377320742211
63,5,32,33,0.06653225806451613,1.0,9,0.12659481874252157,0.11739082664807629
63,5,32,33,0.06653225806451613,1.0,11,0.10355582083090464,0.09601256201855332
63,5,32,33,0.06653225806451613,1.0,13,0.08761350859045955,0.08122458940333556
63,5,32,33,0.06653225806451613,1.0,15,0.07592589874519769,0.07038549438434552
63,5,32,33,0.06653225806451613,1.0,17,0.06699000746489464,0.0620994487950525
63,5,32,33,0.06653225806451613,1.0,19,0.05993627110007544,0.055559275855750975
64,5,32,33,0.06653225806451613,0.1,1,0.015109447730286855,0.014506946938690531
64,5,32,33,0.06653225806451613,0.1,3,0.005024759646970015,0.004830033703059348
64,5,32,33,0.06653225806451613,0.1,5,0.003013677324238457,0.0028976360727796286
64,5,32,33,0.06653225806451613,0.1,7,0.002152282655293298,0.002069643527382458
64,5,32,33,0.06653225806451613,0.1,9,0.0016738523601490538,0.0016096852822224217
64,5,32,33,0.06653225806451613,0.1,11,0.0013694409662567697,0.0013169970181790777
64,5,32,33,0.06653225806451613,0.1,13,0.0011587144368923356,0.0011143719212967187
64,5,32,33,0.06653225806451613,0.1,15,0.0010041918358703746,0.0009657827586186891
64,5,32,33,0.06653225806451613,0.1,17,0.0008860332609068766,0.0008521571603706341
64,5,32,33,0.06653225806451613,0.1,19,0.0007927536830780405,0.0007624535743916242
64,5,32,33,0.06653225806451613,0.5,1,0.35191530919346586,0.3356583076854889
64,5,32,33,0.06653225806451613,0.5,3,0.11458996946365022,0.10947042919725798
64,5,32,33,0.06653225806451613,0.5,5,0.06854422266179011,0.06555712815788507
64,5,32,33,0.06653225806451613,0.5,7,0.04890466945820552,0.046800197168638584
64,5,32,33,0.06653225806451613,0.5,9,0.038014752802894784,0.03639118712254919
64,5,32,33,0.06653225806451613,0.5,11,0.03109195228237195,0.029770670591176808
64,5,32,33,0.06653225806451613,0.5,13,0.02630232278908509,0.0251885427123896
64,5,32,33,0.06653225806451613,0.5,15,0.022791466386841954,0.021828910345271343
64,5,32,33,0.06653225806451613,0.5,17,0.020107546564925895,0.01926008438861849
64,5,32,33,0.06653225806451613,0.5,19,0.017989172604391934,0.017232234260057978
64,5,32,33,0.06653225806451613,1.0,1,1.1089900919592968,1.052745322399253
64,5,32,33,0.06653225806451613,1.0,3,0.35059794131791494,0.3314509206572249
64,5,32,33,0.06653225806451613,1.0,5,0.2090678328802719,0.19787713017184497
64,5,32,33,0.06653225806451613,1.0,7,0.1490177425643938,0.14111617666492088
64,5,32,33,0.06653225806451613,1.0,9,0.11578081687341127,0.10967611650947122
64,5,32,33,0.06653225806451613,1.0,11,0.09467066108842388,0.08969783942200198
64,5,32,33,0.06653225806451613,1.0,13,0.08007296442992227,0.07587832769021016
64,5,32,33,0.06653225806451613,1.0,15,0.06937633590214036,0.06574947875852696
64,5,32,33,0.06653225806451613,1.0,17,0.06120112368563894,0.05800676749020597
64,5,32,33,0.06653225806451613,1.0,19,0.05474970859028919,0.051895752380394185
65,5,32,33,0.06653225806451613,0.1,1,0.013101001846544108,0.013072180241802197
65,5,32,33,0.06653225806451613,0.1,3,0.004358152707431967,0.004347628182682682
65,5,32,33,0.06653225806451613,0.1,5,0.0026141755946535107,0.0026077602701894916
65,5,32,33,0.06653225806451613,0.1,7,0.0018670749407188997,0.0018624625691798817
65,5,32,33,0.06653225806451613,0.1,9,0.0014520911066506228,0.0014484909136191892
65,5,32,33,0.06653225806451613,0.1,11,0.0011880353819066888,0.001185083161054453
65,5,32,33,0.06653225806451613,0.1,13,0.0010052383875245295,0.0010027365037869457
65,5,32,33,0.06653225806451613,0.1,15,0.0008711926964111512,0.0008690219591364779
65,5,32,33,0.06653225806451613,0.1,17,0.000768690196023321,0.0007667731992795717
65,5,32,33,0.06653225806451613,0.1,19,0.0006877689875862485,0.0006860526238906767
65,5,32,33,0.06653225806451613,0.5,1,0.3072167120851822,0.306966039654117
65,5,32,33,0.06653225806451613,0.5,3,0.09934977618700068,0.09911673096696327
65,5,32,33,0.06653225806451613,0.5,5,0.05940522751755589,0.059249463216365525
65,5,32,33,0.06653225806451613,0.5,7,0.04238170371861754,0.042265535163261876
65,5,32,33,0.06653225806451613,0.5,9,0.03294414963847977,0.03285166207545015
65,5,32,33,0.06653225806451613,0.5,11,0.026944962904920256,0.026868175170812216
65,5,32,33,0.06653225806451613,0.5,13,0.022794406187846408,0.02272877612678269
65,5,32,33,0.06653225806451613,0.5,15,0.019751994551496888,0.01969469741076169
65,5,32,33,0.06653225806451613,0.5,17,0.017426167416162257,0.017375328756950033
65,5,32,33,0.06653225806451613,0.5,19,0.015590413741544337,0.01554472680333322
65,5,32,33,0.06653225806451613,1.0,1,0.9981408044920985,0.9990906541670099
65,5,32,33,0.06653225806451613,1.0,3,0.3059915830438578,0.3056344381248689
65,5,32,33,0.06653225806451613,1.0,5,0.18203073411377688,0.18182643429846146
65,5,32,33,0.06653225806451613,1.0,7,0.12967029702562052,0.12952519329383919
65,5,32,33,0.06653225806451613,1.0,9,0.1007281344120427,0.1006147669193916
65,5,32,33,0.06653225806451613,1.0,11,0.08235572618307418,0.0822623803957674
65,5,32,33,0.06653225806451613,1.0,13,0.06965446955063904,0.06957499841203918
65,5,32,33,0.06653225806451613,1.0,15,0.06034873811866652,0.06027948630229432
65,5,32,33,0.06653225806451613,1.0,17,0.0532370912304296,0.05317569658439413
65,5,32,33,0.06653225806451613,1.0,19,0.047625219380513256,0.047570062070270036
66,5,32,33,0.06653225806451613,0.1,1,0.012837276343098414,0.012837474789914755
66,5,32,33,0.06653225806451613,0.1,3,0.004273838990761793,0.004273846357892763
66,5,32,33,0.06653225806451613,0.1,5,0.0025640514760079097,0.0025640530676044144
66,5,32,33,0.06653225806451613,0.1,7,0.0018314157685337023,0.001831416348597429
66,5,32,33,0.06653225806451613,0.1,9,0.0014244186205613098,0.0014244188934908748
66,5,32,33,0.06653225806451613,0.1,11,0.0011654268457693187,0.0011654269952593383
66,5,32,33,0.06653225806451613,0.1,13,0.0009861272100860604,0.0009861273006541661
66,5,32,33,0.06653225806451613,0.1,15,0.000854641843227341,0.0008546419021873153
66,5,32,33,0.06653225806451613,0.1,17,0.0007540947186470561,0.0007540947591566046
66,5,32,33,0.06653225806451613,0.1,19,0.0006747156839220685,0.0006747157129374145
66,5,32,33,0.06653225806451613,0.5,1,0.2980630252633089,0.2981734995866683
66,5,32,33,0.06653225806451613,0.5,3,0.09633526412455444,0.09633954357430718
66,5,32,33,0.06653225806451613,0.5,5,0.05765936001816993,0.0576602867455235
66,5,32,33,0.06653225806451613,0.5,7,0.04115741474272792,0.04115775269936578
66,5,32,33,0.06653225806451613,0.5,9,0.032002417109123917,0.03200257616385002
66,5,32,33,0.06653225806451613,0.5,11,0.026180108626346774,0.026180195753983507
66,5,32,33,0.06653225806451613,0.5,13,0.022150605474067057,0.022150658262441017
66,5,32,33,0.06653225806451613,0.5,15,0.01919621593886437,0.019196250303847303
66,5,32,33,0.06653225806451613,0.5,17,0.016937262403239367,0.01693728601114191
66,5,32,33,0.06653225806451613,0.5,19,0.015154031835331743,0.015154048745728205
66,5,32,33,0.06653225806451613,1.0,1,0.9499139130001947,0.9509737922489452
66,5,32,33,0.06653225806451613,1.0,3,0.29518376422261516,0.295125474908728
66,5,32,33,0.06653225806451613,1.0,5,0.177003914306659,0.17699070737649092
66,5,32,33,0.06653225806451613,1.0,7,0.12641062252753169,0.1264057469439423
66,5,32,33,0.06653225806451613,1.0,9,0.09831272197188287,0.09831041583190549
66,5,32,33,0.06653225806451613,1.0,11,0.0804349234476011,0.08043365698607448
66,5,32,33,0.06653225806451613,1.0,13,0.06805897646457161,0.06805820803466636
66,5,32,33,0.06653225806451613,1.0,15,0.058983715427720206,0.05898321472852662
66,5,32,33,0.06653225806451613,1.0,17,0.05204402367024922,0.0520436794931426
66,5,32,33,0.06653225806451613,1.0,19,0.046565434852678694,0.046565188213063366
67,5,32,33,0.06653225806451613,0.1,1,0.014885960182890796,0.014046124642647343
67,5,32,33,0.06653225806451613,0.1,3,0.004954508234940969,0.004676333668150302
67,5,32,33,0.06653225806451613,0.1,5,0.002972124901569697,0.002805511095277618
67,5,32,33,0.06653225806451613,0.1,7,0.002122792214243248,0.0020038765205988443
67,5,32,33,0.06653225806451613,0.1,9,0.0016509987459784028,0.0015585504497705547
67,5,32,33,0.06653225806451613,0.1,11,0.0013507863902590667,0.001275168879242318
67,5,32,33,0.06653225806451613,0.1,13,0.001142955634868828,0.0010789845911555738
67,5,32,33,0.06653225806451613,0.1,15,0.0009905507021130708,0.0009351174467953489
67,5,32,33,0.06653225806451613,0.1,17,0.0008740081325609733,0.000825102073384862
67,5,32,33,0.06653225806451613,0.1,19,0.0007820022651933729,0.0007382482078227117
67,5,32,33,0.06653225806451613,0.5,1,0.34540661043172877,0.32391801074961823
67,5,32,33,0.06653225806451613,0.5,3,0.11243773566969154,0.1050099631733311
67,5,32,33,0.06653225806451613,0.5,5,0.06728991765433935,0.0628712273257694
67,5,32,33,0.06653225806451613,0.5,7,0.048022178074344994,0.0448805783364379
67,5,32,33,0.06653225806451613,0.5,9,0.03733462159029605,0.03489804000867855
67,5,32,33,0.06653225806451613,0.5,11,0.030538875152431734,0.0285490636099089
67,5,32,33,0.06653225806451613,0.5,13,0.02583637743001618,0.02415495543104633
67,5,32,33,0.06653225806451613,0.5,15,0.022388970620970238,0.020933206557210968
67,5,32,33,0.06653225806451613,0.5,17,0.019753309095630636,0.01846981665788105
67,5,32,33,0.06653225806451613,0.5,19,0.01767287023688206,0.01652520027433719
67,5,32,33,0.06653225806451613,1.0,1,1.090979862339711,1.0143957172773939
67,5,32,33,0.06653225806451613,1.0,3,0.34464417639193523,0.3167922900329337
67,5,32,33,0.06653225806451613,1.0,5,0.2053431051613076,0.1893201934459959
67,5,32,33,0.06653225806451613,1.0,7,0.14628701870314345,0.1350571621433974
67,5,32,33,0.06653225806451613,1.0,9,0.11362290666457776,0.10498164973321475
67,5,32,33,0.06653225806451613,1.0,11,0.09288647285528528,0.08586477889080055
67,5,32,33,0.06653225806451613,1.0,13,0.07855205570561431,0.07263896101169659
67,5,32,33,0.06653225806451613,1.0,15,0.06805097147704052,0.0629442831504868
67,5,32,33,0.06653225806451613,1.0,17,0.060026743810528256,0.05553297351349811
67,5,32,33,0.06653225806451613,1.0,19,0.053695431317384926,0.04968325261361718
68,5,32,33,0.06653225806451613,0.1,1,0.012891545528112882,0.012937197172323311
68,5,32,33,0.06653225806451613,0.1,3,0.004289273323090296,0.004308055263994622
68,5,32,33,0.06653225806451613,0.1,5,0.002572989468264235,0.0025846081416483722
68,5,32,33,0.06653225806451613,0.1,7,0.0018377012854362685,0.001846101708258462
68,5,32,33,0.06653225806451613,0.1,9,0.001429264694865248,0.0014358410297088534
68,5,32,33,0.06653225806451613,0.1,11,0.0011693696104520868,0.001174772123033654
68,5,32,33,0.06653225806451613,0.1,13,0.0009894503909654911,0.000994034430014789
68,5,32,33,0.06653225806451613,0.1,15,0.0008575136697576207,0.0008614945043917502
68,5,32,33,0.06653225806451613,0.1,17,0.0007566231083352125,0.000760140977992039
68,5,32,33,0.06653225806451613,0.1,19,0.0006769739898791645,0.0006801253332293688
68,5,32,33,0.06653225806451613,0.5,1,0.3015735799727174,0.3024774892264618
68,5,32,33,0.06653225806451613,0.5,3,0.09746812722649936,0.09869534640425259
68,5,32,33,0.06653225806451613,0.5,5,0.05831128827574346,0.059087027674751755
68,5,32,33,0.06653225806451613,0.5,7,0.041611907496630136,0.04217459714641264
68,5,32,33,0.06653225806451613,0.5,9,0.032350461391519564,0.03279126538388321
68,5,32,33,0.06653225806451613,0.5,11,0.02646183231546419,0.026823986554051563
68,5,32,33,0.06653225806451613,0.5,13,0.022387125658900147,0.022694388803881776
68,5,32,33,0.06653225806451613,0.5,15,0.01939997993086633,0.019666777169185874
68,5,32,33,0.06653225806451613,0.5,17,0.017116211877921575,0.017351949832915055
68,5,32,33,0.06653225806451613,0.5,19,0.015313539050354978,0.015524689117751452
68,5,32,33,0.06653225806451613,1.0,1,0.979070319249316,0.9914612982030876
68,5,32,33,0.06653225806451613,1.0,3,0.31208912343759815,0.31643089406900926
68,5,32,33,0.06653225806451613,1.0,5,0.18652611226184881,0.18883879817671057
68,5,32,33,0.06653225806451613,1.0,7,0.13308442030060846,0.13463222273470762
68,5,32,33,0.06653225806451613,1.0,9,0.10346122980916717,0.10461644311724538
68,5,32,33,0.06653225806451613,1.0,11,0.08462932817605744,0.08554798751490003
68,5,32,33,0.06653225806451613,1.0,13,0.0715990711436307,0.07236038827498584
68,5,32,33,0.06653225806451613,1.0,15,0.062046757853502124,0.06269617093570276
68,5,32,33,0.06653225806451613,1.0,17,0.05474365579538901,0.055309541025206674
68,5,32,33,0.06653225806451613,1.0,19,0.048978929640809056,0.04948015205412798
69,5,32,33,0.06653225806451613,0.1,1,0.012419099306695358,0.012403694889121455
69,5,32,33,0.06653225806451613,0.1,3,0.004135144739015908,0.004129618360174841
69,5,32,33,0.06653225806451613,0.1,5,0.002480801889227936,0.002477411435870414
69,5,32,33,0.06653225806451613,0.1,7,0.0017719332257299394,0.0017694866479559866
69,5,32,33,0.06653225806451613,0.1,9,0.001378144705787368,0.0013762306872072039
69,5,32,33,0.06653225806451613,0.1,11,0.0011275607955975758,0.0011259888673830893
69,5,32,33,0.06653225806451613,0.1,13,0.0009540832416429775,0.0009527496381927035
69,5,32,33,0.06653225806451613,0.1,15,0.0008268681124331768,0.0008257100708130015
69,5,32,33,0.06653225806451613,0.1,17,0.0007295868943025607,0.0007285635628374134
69,5,32,33,0.06653225806451613,0.1,19,0.0006527864817988923,0.0006518697828891665
69,5,32,33,0.06653225806451613,0.5,1,0.2913201634503312,0.29149978299539214
69,5,32,33,0.06653225806451613,0.5,3,0.09493434766209893,0.09515071571376933
69,5,32,33,0.06653225806451613,0.5,5,0.05684603250460344,0.05697351447234872
69,5,32,33,0.06653225806451613,0.5,7,0.04057987127197355,0.04066891958619929
69,5,32,33,0.06653225806451613,0.5,9,0.031553706035064896,0.03162184712303495
69,5,32,33,0.06653225806451613,0.5,11,0.025812938759283737,0.025868033473638644
69,5,32,33,0.06653225806451613,0.5,13,0.021839783886916937,0.021885989133806467
69,5,32,33,0.06653225806451613,0.5,15,0.01892669713721846,0.018966466253014347
69,5,32,33,0.06653225806451613,0.5,17,0.01669933124607927,0.016734229423931258
69,5,32,33,0.06653225806451613,0.5,19,0.014941046789287543,0.01497213221992086
69,5,32,33,0.06653225806451613,1.0,1,0.9555180024613262,0.9602227162092841
69,5,32,33,0.06653225806451613,1.0,3,0.29540746530010453,0.2997244096427656
69,5,32,33,0.06653225806451613,1.0,5,0.1762001195255397,0.17869959125357296
69,5,32,33,0.06653225806451613,1.0,7,0.12565062257454737,0.12740969490753612
69,5,32,33,0.06653225806451613,1.0,9,0.09766029022840517,0.09901837614660482
69,5,32,33,0.06653225806451613,1.0,11,0.07987478163454584,0.08098115927529091
69,5,32,33,0.06653225806451613,1.0,13,0.06757170278421214,0.06850525665694292
69,5,32,33,0.06653225806451613,1.0,15,0.05855389864685559,0.05936140641503302
69,5,32,33,0.06653225806451613,1.0,17,0.05166017684664805,0.052371667362263195
69,5,32,33,0.06653225806451613,1.0,19,0.046219003501607285,0.04685490679230233
70,5,32,33,0.06653225806451613,0.1,1,0.012383845389352756,0.012427641226499534
70,5,32,33,0.06653225806451613,0.1,3,0.004124783248303284,0.0041388883445659325
70,5,32,33,0.06653225806451613,0.1,5,0.0024747141446518567,0.002483145489131643
70,5,32,33,0.06653225806451613,0.1,7,0.0017676215103306215,0.0017736364787910065
70,5,32,33,0.06653225806451613,0.1,9,0.0013748064139471156,0.0013794819916127363
70,5,32,33,0.06653225806451613,0.1,11,0.0011248372358046168,0.001128661433088167
70,5,32,33,0.06653225806451613,0.1,13,0.0009517831739531556,0.0009550183430992127
70,5,32,33,0.06653225806451613,0.1,15,0.0008248775385685604,0.0008276809390678305
70,5,32,33,0.06653225806451613,0.1,17,0.0007278323914730929,0.0007303057147078464
70,5,32,33,0.06653225806451613,0.1,19,0.0006512179870359455,0.0006534307801336968
70,5,32,33,0.06653225806451613,0.5,1,0.28984151855956525,0.2918657812665611
70,5,32,33,0.06653225806451613,0.5,3,0.09500041059677293,0.09535531124317605
70,5,32,33,0.06653225806451613,0.5,5,0.056928190536866825,0.05711252135740176
70,5,32,33,0.06653225806451613,0.5,7,0.04064883475769145,0.0407728547193795
70,5,32,33,0.06653225806451613,0.5,9,0.031611217284408646,0.03170466266592487
70,5,32,33,0.06653225806451613,0.5,11,0.025861835250002393,0.025936819025599373
70,5,32,33,0.06653225806451613,0.5,13,0.02188216914888938,0.02194479516628317
70,5,32,33,0.06653225806451613,0.5,15,0.01896404322144507,0.019017815689358925
70,5,32,33,0.06653225806451613,0.5,17,0.01673268133026467,0.016779797738678614
70,5,32,33,0.06653225806451613,0.5,19,0.01497115878163543,0.015013088021150348
70,5,32,33,0.06653225806451613,1.0,1,0.9437135465867391,0.9752477644608255
70,5,32,33,0.06653225806451613,1.0,3,0.30366121384244915,0.3061475966058008
70,5,32,33,0.06653225806451613,1.0,5,0.18183000554521203,0.18294232477165234
70,5,32,33,0.06653225806451613,1.0,7,0.12980856597649984,0.13048319699268887
70,5,32,33,0.06653225806451613,1.0,9,0.1009399357718029,0.1014120669845545
70,5,32,33,0.06653225806451613,1.0,11,0.08257798416939283,0.08293666327015654
70,5,32,33,0.06653225806451613,1.0,13,0.06986916914697805,0.07015640660801202
70,5,32,33,0.06653225806451613,1.0,15,0.06055081666418706,0.06078938427619969
70,5,32,33,0.06653225806451613,1.0,17,0.05342573113658405,0.05362921591453848
70,5,32,33,0.06653225806451613,1.0,19,0.04780104892956631,0.0479781488649545
71,5,32,33,0.06653225806451613,0.1,1,0.01423250421113057,0.014069361030008682
71,5,32,33,0.06653225806451613,0.1,3,0.00473642126499361,0.00467570040240017
71,5,32,33,0.06653225806451613,0.1,5,0.002841226865658853,0.002804070055440631
71,5,32,33,0.06653225806451613,0.1,7,0.0020292783385305897,0.002002518289049461
71,5,32,33,0.06653225806451613,0.1,9,0.0015782588667554761,0.0015573510941857451
71,5,32,33,0.06653225806451613,0.1,11,0.0012912682875462753,0.0012741129056452313
71,5,32,33,0.06653225806451613,0.1,13,0.0010925919896304836,0.0010780472286084921
71,5,32,33,0.06653225806451613,0.1,15,0.0009469008135107188,0.0009342771551560573
71,5,32,33,0.06653225806451613,0.1,17,0.0008354925756171969,0.0008243417849247575
71,5,32,33,0.06653225806451613,0.1,19,0.0007475403027450955,0.000737554619207592
71,5,32,33,0.06653225806451613,0.5,1,0.3298420082289215,0.3296349407999144
71,5,32,33,0.06653225806451613,0.5,3,0.10726084247563747,0.10633038819818304
71,5,32,33,0.06653225806451613,0.5,5,0.06419531333083514,0.0635779110259721
71,5,32,33,0.06653225806451613,0.5,7,0.04581510536311012,0.04535796842456052
71,5,32,33,0.06653225806451613,0.5,9,0.03561939007510597,0.03525719146582736
71,5,32,33,0.06653225806451613,0.5,11,0.029136196039228297,0.02883647831312371
71,5,32,33,0.06653225806451613,0.5,13,0.024649889085384194,0.02439433690606713
71,5,32,33,0.06653225806451613,0.5,15,0.02136092560090621,0.021138224276952226
71,5,32,33,0.06653225806451613,0.5,17,0.018846372870936528,0.018649053067996354
71,5,32,33,0.06653225806451613,0.5,19,0.01686151399840814,0.016684389836679324
71,5,32,33,0.06653225806451613,1.0,1,1.0380662380038712,1.044941362565428
71,5,32,33,0.06653225806451613,1.0,3,0.32536711555529435,0.32222282350878056
71,5,32,33,0.06653225806451613,1.0,5,0.19399280416483952,0.19257190214099149
71,5,32,33,0.06653225806451613,1.0,7,0.138247485367805,0.1374132027045302
71,5,32,33,0.06653225806451613,1.0,9,0.1073990577523201,0.10683383461164343
71,5,32,33,0.06653225806451613,1.0,11,0.08780927556721543,0.08739177673899709
71,5,32,33,0.06653225806451613,1.0,13,0.07426471845623875,0.07393825153378203
71,5,32,33,0.06653225806451613,1.0,15,0.06434081166296712,0.06407509526458874
71,5,32,33,0.06653225806451613,1.0,17,0.056756789777501204,0.05653404083320164
71,5,32,33,0.06653225806451613,1.0,19,0.05077229852829713,0.050581310197663494
72,5,32,33,0.06653225806451613,0.1,1,0.012391970100908858,0.012250294047579205
72,5,32,33,0.06653225806451613,0.1,3,0.004127388585575291,0.0040803727741250875
72,5,32,33,0.06653225806451613,0.1,5,0.002476267599525839,0.002448069651217504
72,5,32,33,0.06653225806451613,0.1,7,0.0017687283258595394,0.0017485895361258619
72,5,32,33,0.06653225806451613,0.1,9,0.0013756661004462299,0.00136000353775229
72,5,32,33,0.06653225806451613,0.1,11,0.001125540017900914,0.0011127256281611285
72,5,32,33,0.06653225806451613,0.1,13,0.0009523774899425677,0.0009415347779732834
72,5,32,33,0.06653225806451613,0.1,15,0.0008253923946324237,0.000815995516285733
72,5,32,33,0.06653225806451613,0.1,17,0.0007282865302728062,0.0007199952558298711
72,5,32,33,0.06653225806451613,0.1,19,0.0006516242191893811,0.0006442057705954461
72,5,32,33,0.06653225806451613,0.5,1,0.29112848164205357,0.2891697236558222
72,5,32,33,0.06653225806451613,0.5,3,0.09552018571580087,0.0950188318294848
72,5,32,33,0.06653225806451613,0.5,5,0.05724335107616528,0.05694579726605565
72,5,32,33,0.06653225806451613,0.5,7,0.04087455043732073,0.04066219390488486
72,5,32,33,0.06653225806451613,0.5,9,0.03178695689975498,0.03162171060451967
72,5,32,33,0.06653225806451613,0.5,11,0.02600569469453428,0.025870403914334913
72,5,32,33,0.06653225806451613,0.5,13,0.022003930151657254,0.021889382862169918
72,5,32,33,0.06653225806451613,0.5,15,0.019069587005579227,0.018970259744461287
72,5,32,33,0.06653225806451613,0.5,17,0.016825818111018,0.016738136594296293
72,5,32,33,0.06653225806451613,0.5,19,0.015054497626867013,0.01497601538275165
72,5,32,33,0.06653225806451613,1.0,1,0.9663242953462936,0.9684232217183604
72,5,32,33,0.06653225806451613,1.0,3,0.3127514857218255,0.31467113701585153
72,5,32,33,0.06653225806451613,1.0,5,0.18706853858866532,0.18822131642243578
72,5,32,33,0.06653225806451613,1.0,7,0.1335019003042004,0.13431734956338554
72,5,32,33,0.06653225806451613,1.0,9,0.10379636471628369,0.10442553646669034
72,5,32,33,0.06653225806451613,1.0,11,0.08490823073528324,0.08541989044003225
72,5,32,33,0.06653225806451613,1.0,13,0.07183754885687413,0.0722684855496771
72,5,32,33,0.06653225806451613,1.0,15,0.06225489758425267,0.0626270214992156
72,5,32,33,0.06653225806451613,1.0,17,0.05492823390563264,0.055255625135316844
72,5,32,33,0.06653225806451613,1.0,19,0.049144700187420884,0.0494369344111382
73,5,32,33,0.06653225806451613,0.1,1,0.012600199671087881,0.012499593603074432
73,5,32,33,0.06653225806451613,0.1,3,0.004194813013308822,0.0041600241718899676
73,5,32,33,0.06653225806451613,0.1,5,0.002516522458892093,0.00249550950533448
73,5,32,33,0.06653225806451613,0.1,7,0.0017974234878784052,0.0017823723682052566
73,5,32,33,0.06653225806451613,0.1,9,0.0013979599420335708,0.0013862356079036462
73,5,32,33,0.06653225806451613,0.1,11,0.0011437677922328793,0.0011341658878114092
73,5,32,33,0.06653225806451613,0.1,13,0.0009677936538332656,0.0009596635585799733
73,5,32,33,0.06653225806451613,0.1,15,0.0008387484372628436,0.0008316989282672321
73,5,32,33,0.06653225806451613,0.1,17,0.0007400681633071556,0.0007338457013789698
73,5,32,33,0.06653225806451613,0.1,19,0.0006621634916415425,0.000656594398916961
73,5,32,33,0.06653225806451613,0.5,1,0.2955168507167153,0.29384141200376845
73,5,32,33,0.06653225806451613,0.5,3,0.0963401713891266,0.09552835073919642
73,5,32,33,0.06653225806451613,0.5,5,0.05768798070840338,0.05717493211198051
73,5,32,33,0.06653225806451613,0.5,7,0.04118028847666339,0.040806388694854485
73,5,32,33,0.06653225806451613,0.5,9,0.03202016964776029,0.03172624962505127
73,5,32,33,0.06653225806451613,0.5,11,0.026194283227386244,0.02595221618105682
73,5,32,33,0.06653225806451613,0.5,13,0.022162267029617946,0.02195652361998979
73,5,32,33,0.06653225806451613,0.5,15,0.019206054128011595,0.019027165591103738
73,5,32,33,0.06653225806451613,0.5,17,0.016945733159267572,0.016787503386225432
73,5,32,33,0.06653225806451613,0.5,19,0.015161446806665405,0.015019600988275662
73,5,32,33,0.06653225806451613,1.0,1,0.9685822612117384,0.9676858075300339
73,5,32,33,0.06653225806451613,1.0,3,0.3047744402300817,0.30173940107353336
73,5,32,33,0.06653225806451613,1.0,5,0.18186278913809642,0.1802494068774726
73,5,32,33,0.06653225806451613,1.0,7,0.12967749892600303,0.12860360110495053
73,5,32,33,0.06653225806451613,1.0,9,0.10077969376631694,0.09997735616594175
73,5,32,33,0.06653225806451613,1.0,11,0.08241913652506784,0.08177957338488537
73,5,32,33,0.06653225806451613,1.0,13,0.06971952540181803,0.06918817650490697
73,5,32,33,0.06653225806451613,1.0,15,0.06041190337538285,0.059957612783502263
73,5,32,33,0.06653225806451613,1.0,17,0.05329717061813062,0.052900504620981975
73,5,32,33,0.06653225806451613,1.0,19,0.047681917589031564,0.047329951510478356
74,5,32,33,0.06653225806451613,0.1,1,0.01355773428812934,0.014325416906695112
74,5,32,33,0.06653225806451613,0.1,3,0.004513632177551971,0.004771485764735672
74,5,32,33,0.06653225806451613,0.1,5,0.002707790737251,0.0028626735399824355
74,5,32,33,0.06653225806451613,0.1,7,0.0019340379763368918,0.0020447162329611957
74,5,32,33,0.06653225806451613,0.1,9,0.0015042134670961822,0.0015903162483949008
74,5,32,33,0.06653225806451613,0.1,11,0.0012307014398408936,0.0013011591472337
74,5,32,33,0.06653225806451613,0.1,13,0.0010413523087862905,0.0011009761073960316
74,5,32,33,0.06653225806451613,0.1,15,0.0009024989141728951,0.0009541764723566915
74,5,32,33,0.06653225806451613,0.1,17,0.0007963183503295299,0.0008419186004131642
74,5,32,33,0.06653225806451613,0.1,19,0.0007124924452362501,0.0007532943544079577
74,5,32,33,0.06653225806451613,0.5,1,0.3156619263376441,0.33287143829370086
74,5,32,33,0.06653225806451613,0.5,3,0.10288567643472514,0.10934594429519773
74,5,32,33,0.06653225806451613,0.5,5,0.06161388802416323,0.06552507576015558
74,5,32,33,0.06653225806451613,0.5,7,0.043985175564941484,0.04678609969229737
74,5,32,33,0.06653225806451613,0.5,9,0.034202238103723644,0.03638316674824126
74,5,32,33,0.06653225806451613,0.5,11,0.027979925043132802,0.0297653816537152
74,5,32,33,0.06653225806451613,0.5,13,0.02367339982070095,0.025184713427958052
74,5,32,33,0.06653225806451613,0.5,15,0.020515842457812187,0.02182595728653508
74,5,32,33,0.06653225806451613,0.5,17,0.0181015278818743,0.019257702897118947
74,5,32,33,0.06653225806451613,0.5,19,0.016195651514065816,0.01723024943881678
74,5,32,33,0.06653225806451613,1.0,1,1.0107564833678382,1.0601516460333096
74,5,32,33,0.06653225806451613,1.0,3,0.31757946353561234,0.343033337357836
74,5,32,33,0.06653225806451613,1.0,5,0.18950543843869125,0.2053423023721964
74,5,32,33,0.06653225806451613,1.0,7,0.1351364815471997,0.14657465029840347
74,5,32,33,0.06653225806451613,1.0,9,0.10502852701999084,0.1139693814103325
74,5,32,33,0.06653225806451613,1.0,11,0.08589796556624023,0.09323326909313062
74,5,32,33,0.06653225806451613,1.0,13,0.07266500926020629,0.07888234124546281
74,5,32,33,0.06653225806451613,1.0,15,0.06296601693453865,0.06836051675528305
74,5,32,33,0.06653225806451613,1.0,17,0.05555181024115758,0.06031553044632628
74,5,32,33,0.06653225806451613,1.0,19,0.049699991049108175,0.053964845360944355
75,5,32,33,0.06653225806451613,0.1,1,0.012634044854936256,0.012691235698352631
75,5,32,33,0.06653225806451613,0.1,3,0.0042064801569524106,0.004225462881692904
75,5,32,33,0.06653225806451613,0.1,5,0.0025235813508577712,0.0025349637288591235
75,5,32,33,0.06653225806451613,0.1,7,0.0018024842951490157,0.001810612701360238
75,5,32,33,0.06653225806451613,0.1,9,0.0014019043798253578,0.0014082257497637228
75,5,32,33,0.06653225806451613,0.1,11,0.0011469994039429799,0.0011521710832756563
75,5,32,33,0.06653225806451613,0.1,13,0.000970530657286164,0.0009749064986941787
75,5,32,33,0.06653225806451613,0.1,15,0.0008411221436789767,0.0008449144204690528
75,5,32,33,0.06653225806451613,0.1,17,0.0007421637185255994,0.0007455097672029835
75,5,32,33,0.06653225806451613,0.1,19,0.0006640392472075336,0.0006670330265675926
75,5,32,33,0.06653225806451613,0.5,1,0.29587981082094106,0.2973062458055292
75,5,32,33,0.06653225806451613,0.5,3,0.09637343815149305,0.09678186922591649
75,5,32,33,0.06653225806451613,0.5,5,0.057719477844163064,0.057940242833986445
75,5,32,33,0.06653225806451613,0.5,7,0.041207538942657405,0.04135735215791717
75,5,32,33,0.06653225806451613,0.5,9,0.03204363668334471,0.03215670890148981
75,5,32,33,0.06653225806451613,0.5,11,0.026214728864264205,0.026305439157703545
75,5,32,33,0.06653225806451613,0.5,13,0.022180319700331307,0.022256016807574355
75,5,32,33,0.06653225806451613,0.5,15,0.019222188099419866,0.019287119848086235
75,5,32,33,0.06653225806451613,0.5,17,0.016960303462074704,0.017017142574159393
75,5,32,33,0.06653225806451613,0.5,19,0.015174722302981778,0.015225258058568062
75,5,32,33,0.06653225806451613,1.0,1,0.963107759245012,0.9751049253165445
75,5,32,33,0.06653225806451613,1.0,3,0.30276504514386066,0.3066065346717704
75,5,32,33,0.06653225806451613,1.0,5,0.18088202285647456,0.18334504874468427
75,5,32,33,0.06653225806451613,1.0,7,0.1290505388393408,0.13082037614220063
75,5,32,33,0.06653225806451613,1.0,9,0.10032250651211819,0.10169883148368625
75,5,32,33,0.06653225806451613,1.0,11,0.08206066840286347,0.08318513956205253
75,5,32,33,0.06653225806451613,1.0,13,0.06942527615468992,0.07037521960179426
75,5,32,33,0.06653225806451613,1.0,15,0.06016263296246117,0.060984676832268055
75,5,32,33,0.06653225806451613,1.0,17,0.05308109723857806,0.05380545817382753
75,5,32,33,0.06653225806451613,1.0,19,0.047491321670770255,0.04813867349492376
76,5,32,33,0.06653225806451613,0.1,1,0.014251149887626609,0.013732048319627401
76,5,32,33,0.06653225806451613,0.1,3,0.004742735291830387,0.004573885623539678
76,5,32,33,0.06653225806451613,0.1,5,0.002845025623097575,0.0027441213752802595
76,5,32,33,0.06653225806451613,0.1,7,0.0020319947802208706,0.0019600374269272227
76,5,32,33,0.06653225806451613,0.1,9,0.0015803729445497143,0.0015244552953064421
76,5,32,33,0.06653225806451613,0.1,11,0.0012929986513213231,0.0012472730210444246
76,5,32,33,0.06653225806451613,0.1,13,0.0010940565293982493,0.0010553801911080826
76,5,32,33,0.06653225806451613,0.1,15,0.0009481703251385793,0.0009146600228010961
76,5,32,33,0.06653225806451613,0.1,17,0.0008366128967635998,0.0008070511464152487
76,5,32,33,0.06653225806451613,0.1,19,0.0007485428106916847,0.0007220971564450976
76,5,32,33,0.06653225806451613,0.5,1,0.3303169182329631,0.3195540984870837
76,5,32,33,0.06653225806451613,0.5,3,0.10745801799030737,0.1048927885543083
76,5,32,33,0.06653225806451613,0.5,5,0.06431751047649238,0.06285271342363184
76,5,32,33,0.06653225806451613,0.5,7,0.04590348361045529,0.044877333536673496
76,5,32,33,0.06653225806451613,0.5,9,0.03568857923494501,0.034898647575890174
76,5,32,33,0.06653225806451613,0.5,11,0.029193032622611605,0.028550830802684123
76,5,32,33,0.06653225806451613,0.5,13,0.024698111786191402,0.02415705547558612
76,5,32,33,0.06653225806451613,0.5,15,0.02140280000737897,0.020935348003624118
76,5,32,33,0.06653225806451613,0.5,17,0.01888337510438633,0.018471891269010103
76,5,32,33,0.06653225806451613,0.5,19,0.016894659178387846,0.01652716982433212
76,5,32,33,0.06653225806451613,1.0,1,1.0403359734694042,1.0225267815905499
76,5,32,33,0.06653225806451613,1.0,3,0.3276443194880328,0.32449068486810784
76,5,32,33,0.06653225806451613,1.0,5,0.19551621005793923,0.1938241731086278
76,5,32,33,0.06653225806451613,1.0,7,0.13938140540915847,0.13826354656734857
76,5,32,33,0.06653225806451613,1.0,9,0.10830038954424316,0.1074765662546744
76,5,32,33,0.06653225806451613,1.0,11,0.08855671716611782,0.08790840799412235
76,5,32,33,0.06653225806451613,1.0,13,0.0749029789869077,0.07437024211618769
76,5,32,33,0.06653225806451613,1.0,15,0.06489764488759561,0.06444634388785318
76,5,32,33,0.06653225806451613,1.0,17,0.05725058297663768,0.05685956802137536
76,5,32,33,0.06653225806451613,1.0,19,0.051215852957384886,0.05087117122728387
77,5,32,33,0.06653225806451613,0.1,1,0.011967359809100851,0.012806028214535926
77,5,32,33,0.06653225806451613,0.1,3,0.003983665207674297,0.004265396330564413
77,5,32,33,0.06653225806451613,0.1,5,0.0023899365441859516,0.002559080784827435
77,5,32,33,0.06653225806451613,0.1,7,0.001707045842585928,0.0018278839548364501
77,5,32,33,0.06653225806451613,0.1,9,0.0013276857762850186,0.0014216776336442008
77,5,32,33,0.06653225806451613,0.1,11,0.0010862815095322672,0.0011631866965702573
77,5,32,33,0.06653225806451613,0.1,13,0.000919157942178744,0.0009842329044450638
77,5,32,33,0.06653225806451613,0.1,15,0.0007966017363853537,0.0008530007670188342
77,5,32,33,0.06653225806451613,0.1,17,0.0007028828156332874,0.0007526470966907378
77,5,32,33,0.06653225806451613,0.1,19,0.0006288944799124835,0.0006734206856661331
77,5,32,33,0.06653225806451613,0.5,1,0.2829961608026843,0.29903053407937924
77,5,32,33,0.06653225806451613,0.5,3,0.09178334679558948,0.09796318224567911
77,5,32,33,0.06653225806451613,0.5,5,0.054951449436712665,0.05870107441094775
77,5,32,33,0.06653225806451613,0.5,7,0.03922775098251613,0.041914313287042655
77,5,32,33,0.06653225806451613,0.5,9,0.030503024589245593,0.032595221369286394
77,5,32,33,0.06653225806451613,0.5,11,0.024953936034707105,0.026666831144388885
77,5,32,33,0.06653225806451613,0.5,13,0.0211133682349109,0.022563275488372385
77,5,32,33,0.06653225806451613,0.5,15,0.018297436512703862,0.01955431349448918
77,5,32,33,0.06653225806451613,0.5,17,0.016144315785160873,0.017253496335823355
77,5,32,33,0.06653225806451613,0.5,19,0.014444612282568974,0.015437144560163159
77,5,32,33,0.06653225806451613,1.0,1,0.9460099152196608,0.9668990802585211
77,5,32,33,0.06653225806451613,1.0,3,0.3007015428381537,0.3092090362728663
77,5,32,33,0.06653225806451613,1.0,5,0.17989640013521344,0.184972808915898
77,5,32,33,0.06653225806451613,1.0,7,0.12839648453417976,0.13201028996270964
77,5,32,33,0.06653225806451613,1.0,9,0.09983183680643157,0.10263776493970668
77,5,32,33,0.06653225806451613,1.0,11,0.0816673393862038,0.08396092036517003
77,5,32,33,0.06653225806451613,1.0,13,0.06909669275409192,0.07103630387956669
77,5,32,33,0.06653225806451613,1.0,15,0.0598803014768513,0.06156067645684518
77,5,32,33,0.06653225806451613,1.0,17,0.05283349805787282,0.054315808852163944
77,5,32,33,0.06653225806451613,1.0,19,0.04727078404401969,0.04859682523626333
78,5,32,33,0.06653225806451613,0.1,1,0.01282102935968287,0.013024408392578546
78,5,32,33,0.06653225806451613,0.1,3,0.004269935226512457,0.004337826032876374
78,5,32,33,0.06653225806451613,0.1,5,0.0025617818027695574,0.002602521184769706
78,5,32,33,0.06653225806451613,0.1,7,0.001829808857885366,0.0018589093841938293
78,5,32,33,0.06653225806451613,0.1,9,0.0014231733732841547,0.0014458074260846575
78,5,32,33,0.06653225806451613,0.1,11,0.0011644099006907266,0.0011829287996685766
78,5,32,33,0.06653225806451613,0.1,13,0.0009852676396434638,0.0010009375397998731
78,5,32,33,0.06653225806451613,0.1,15,0.0008538973832732201,0.0008674779974284149
78,5,32,33,0.06653225806451613,0.1,17,0.000753438137708961,0.0007654210526290263
78,5,32,33,0.06653225806451613,0.1,19,0.000674128402148824,0.0006848499701831633
78,5,32,33,0.06653225806451613,0.5,1,0.3006233658351632,0.30567203947344285
78,5,32,33,0.06653225806451613,0.5,3,0.0982245928160984,0.09999912804147931
78,5,32,33,0.06653225806451613,0.5,5,0.058842395427036315,0.05991468479976567
78,5,32,33,0.06653225806451613,0.5,7,0.04201215389510856,0.04277962327094086
78,5,32,33,0.06653225806451613,0.5,9,0.0326703217933451,0.03326774376216225
78,5,32,33,0.06653225806451613,0.5,11,0.026727862838891666,0.02721687131250457
78,5,32,33,0.06653225806451613,0.5,13,0.022614715942997556,0.023028594169885112
78,5,32,33,0.06653225806451613,0.5,15,0.019598785450203795,0.019957535368589567
78,5,32,33,0.06653225806451613,0.5,17,0.017292671538960924,0.017609248318757674
78,5,32,33,0.06653225806451613,0.5,19,0.015472155419251196,0.01575542887798781
78,5,32,33,0.06653225806451613,1.0,1,0.9849386053764678,1.000069959243882
78,5,32,33,0.06653225806451613,1.0,3,0.3122830556655676,0.3196601456891336
78,5,32,33,0.06653225806451613,1.0,5,0.18654346860839655,0.19120280958365826
78,5,32,33,0.06653225806451613,1.0,7,0.13308012070325467,0.136454567666487
78,5,32,33,0.06653225806451613,1.0,9,0.10345360623165718,0.10609303555983446
78,5,32,33,0.06653225806451613,1.0,11,0.0846217940424184,0.08678748470645292
78,5,32,33,0.06653225806451613,1.0,13,0.07159230465269723,0.0734278095211646
78,5,32,33,0.06653225806451613,1.0,15,0.06204081335207192,0.06363321427946025
78,5,32,33,0.06653225806451613,1.0,17,0.0547384424021071,0.05614446333334835
78,5,32,33,0.06653225806451613,1.0,19,0.048974334879425145,0.05023295671967537
79,5,32,33,0.06653225806451613,0.1,1,0.014904884832520449,0.014209963667105035
79,5,32,33,0.06653225806451613,0.1,3,0.004962999023250165,0.0047297261317647615
79,5,32,33,0.06653225806451613,0.1,5,0.0029774312987266827,0.0028373293294998913
79,5,32,33,0.06653225806451613,0.1,7,0.0021266431176253614,0.0020265325503943674
79,5,32,33,0.06653225806451613,0.1,9,0.0016540191948631016,0.0015761400606349241
79,5,32,33,0.06653225806451613,0.1,11,0.0013532705637654865,0.0012895435651937713
79,5,32,33,0.06653225806451613,0.1,13,0.0011450650751554103,0.0010911378280958602
79,5,32,33,0.06653225806451613,0.1,15,0.00099238356792321,0.0009456438736360101
79,5,32,33,0.06653225806451613,0.1,17,0.0008756285029428702,0.0008343857685614918
79,5,32,33,0.06653225806451613,0.1,19,0.0007834542717015963,0.0007465516009097524
79,5,32,33,0.06653225806451613,0.5,1,0.344442167537956,0.3291383537063233
79,5,32,33,0.06653225806451613,0.5,3,0.11276897231225476,0.10696898147576901
79,5,32,33,0.06653225806451613,0.5,5,0.067575009500882,0.0640276509058229
79,5,32,33,0.06653225806451613,0.5,7,0.04825148118215902,0.04569957357815319
79,5,32,33,0.06653225806451613,0.5,9,0.03752361653912897,0.03553176007211573
79,5,32,33,0.06653225806451613,0.5,11,0.030698916984555118,0.02906578107000599
79,5,32,33,0.06653225806451613,0.5,13,0.02597491447897834,0.02459110535293092
79,5,32,33,0.06653225806451613,0.5,15,0.02251099368462184,0.02131050808434431
79,5,32,33,0.06653225806451613,0.5,17,0.01986228556947845,0.018802253949814676
79,5,32,33,0.06653225806451613,0.5,19,0.01777129370416148,0.01682230428979738
79,5,32,33,0.06653225806451613,1.0,1,1.0770673584616453,1.0373853834600977
79,5,32,33,0.06653225806451613,1.0,3,0.3496675773524851,0.3240789463460508
79,5,32,33,0.06653225806451613,1.0,5,0.2090161402292979,0.19345081625211136
79,5,32,33,0.06653225806451613,1.0,7,0.14909233575219677,0.13798150357300304
79,5,32,33,0.06653225806451613,1.0,9,0.11587989229519198,0.10725415941951542
79,5,32,33,0.06653225806451613,1.0,11,0.0947711857183608,0.08772580512443115
79,5,32,33,0.06653225806451613,1.0,13,0.08016874696130585,0.07421569600643
79,5,32,33,0.06653225806451613,1.0,15,0.06946587542573959,0.06431252341703672
79,5,32,33,0.06653225806451613,1.0,17,0.06128439590041697,0.056741640483671946
79,5,32,33,0.06653225806451613,1.0,19,0.0548271564664322,0.050765799063118504
80,5,32,33,0.06653225806451613,0.1,1,0.01423843979100426,0.01368200862792111
80,5,32,33,0.06653225806451613,0.1,3,0.004738490876774223,0.004551360031855064
80,5,32,33,0.06653225806451613,0.1,5,0.0028424795314610234,0.0027298016733149086
80,5,32,33,0.06653225806451613,0.1,7,0.0020301764346280764,0.0019495553963343396
80,5,32,33,0.06653225806451613,0.1,9,0.001578958826621498,0.0015161914953708078
80,5,32,33,0.06653225806451613,0.1,11,0.0012918417320021025,0.0012404534243838567
80,5,32,33,0.06653225806451613,0.1,13,0.0010930776511897259,0.0010495754322189538
80,5,32,33,0.06653225806451613,0.1,15,0.0009473219993998775,0.0009096073334907464
80,5,32,33,0.06653225806451613,0.1,17,0.0008358643986079902,0.0008025780756787992
80,5,32,33,0.06653225806451613,0.1,19,0.0007478731195371644,0.0007180844482414786
80,5,32,33,0.06653225806451613,0.5,1,0.32998263894891894,0.3200801166454824
80,5,32,33,0.06653225806451613,0.5,3,0.10732228270198367,0.10501927398644843
80,5,32,33,0.06653225806451613,0.5,5,0.06423358615028374,0.06286452560864655
80,5,32,33,0.06653225806451613,0.5,7,0.04584286889908467,0.04486200766802848
80,5,32,33,0.06653225806451613,0.5,9,0.03564116797412313,0.034875628461366236
80,5,32,33,0.06653225806451613,0.5,11,0.029154110325976933,0.02852596606152786
80,5,32,33,0.06653225806451613,0.5,13,0.024665103678615928,0.02413238614738591
80,5,32,33,0.06653225806451613,0.5,15,0.021374147457378347,0.020911617218860673
80,5,32,33,0.06653225806451613,0.5,17,0.018858063457061577,0.01844934424324602
80,5,32,33,0.06653225806451613,0.5,19,0.01687199114167384,0.01650584822034304
80,5,32,33,0.06653225806451613,1.0,1,1.039007753371753,1.0218904428720108
80,5,32,33,0.06653225806451613,1.0,3,0.32600952847714554,0.32928861989899627
80,5,32,33,0.06653225806451613,1.0,5,0.1943607750206125,0.19660142197464234
80,5,32,33,0.06653225806451613,1.0,7,0.13850365541499607,0.1401636502496077
80,5,32,33,0.06653225806451613,1.0,9,0.10759530630577845,0.1089079650999474
80,5,32,33,0.06653225806451613,1.0,11,0.08796826712228296,0.08905226214171205
80,5,32,33,0.06653225806451613,1.0,13,0.07439832449473148,0.07532094506085533
80,5,32,33,0.06653225806451613,1.0,15,0.06445601549696045,0.06525883915365051
80,5,32,33,0.06653225806451613,1.0,17,0.05685804379376266,0.05756848428006238
80,5,32,33,0.06653225806451613,1.0,19,0.050862614549227365,0.05149967377115798
81,5,32,33,0.06653225806451613,0.1,1,0.012531964342937973,0.013888975664045247
81,5,32,33,0.06653225806451613,0.1,3,0.0041725584489196626,0.004621402669558818
81,5,32,33,0.06653225806451613,0.1,5,0.002503305433948122,0.0027721232228223513
81,5,32,33,0.06653225806451613,0.1,7,0.001788030060676598,0.001979888059317296
81,5,32,33,0.06653225806451613,0.1,9,0.0013906755490208083,0.0015398305630566266
81,5,32,33,0.06653225806451613,0.1,11,0.001137819438750464,0.001259819708698008
81,5,32,33,0.06653225806451613,0.1,13,0.0009627673664880156,0.0010659773601164695
81,5,32,33,0.06653225806451613,0.1,15,0.0008343967907790065,0.0009238320486973276
81,5,32,33,0.06653225806451613,0.1,17,0.0007362315219055268,0.0008151359138833993
81,5,32,33,0.06653225806451613,0.1,19,0.0006587328763529187,0.0007293251205568891
81,5,32,33,0.06653225806451613,0.5,1,0.2926830645456749,0.32490163916591125
81,5,32,33,0.06653225806451613,0.5,3,0.09483728819663854,0.10563109393768987
81,5,32,33,0.06653225806451613,0.5,5,0.05676527751243493,0.06320688058772243
81,5,32,33,0.06653225806451613,0.5,7,0.04051939254177429,0.04510641197774689
81,5,32,33,0.06653225806451613,0.5,9,0.0315063323968412,0.035067177493274926
81,5,32,33,0.06653225806451613,0.5,11,0.025774276011769296,0.028683909561403043
81,5,32,33,0.06653225806451613,0.5,13,0.021807232258478002,0.024266925214249353
81,5,32,33,0.06653225806451613,0.5,15,0.018898637334672876,0.021028867080616614
81,5,32,33,0.06653225806451613,0.5,17,0.016674699170885602,0.018553278883564752
81,5,32,33,0.06653225806451613,0.5,19,0.014919110303742789,0.016599202976592068
81,5,32,33,0.06653225806451613,1.0,1,0.9474698315045055,1.038203771720452
81,5,32,33,0.06653225806451613,1.0,3,0.2897519604128987,0.3197003899355909
81,5,32,33,0.06653225806451613,1.0,5,0.17298626899770939,0.19012658148268932
81,5,32,33,0.06653225806451613,1.0,7,0.12339831950361106,0.1353886209575819
81,5,32,33,0.06653225806451613,1.0,9,0.0959243742399369,0.10514388132419894
81,5,32,33,0.06653225806451613,1.0,11,0.07846182304471917,0.08595104008494438
81,5,32,33,0.06653225806451613,1.0,13,0.0663800456356661,0.07268604291471373
81,5,32,33,0.06653225806451613,1.0,15,0.05752344865768504,0.06296922907571784
81,5,32,33,0.06653225806451613,1.0,17,0.0507524318221071,0.05554459582251467
81,5,32,33,0.06653225806451613,1.0,19,0.045407803000850025,0.04968648597601708
82,5,32,33,0.06653225806451613,0.1,1,0.014112797423960013,0.013863517921163446
82,5,32,33,0.06653225806451613,0.1,3,0.004698651890852991,0.0046147528584295
82,5,32,33,0.06653225806451613,0.1,5,0.0028188339026295446,0.0027683590201037483
82,5,32,33,0.06653225806451613,0.1,7,0.0020133664731271407,0.0019772683890373084
82,5,32,33,0.06653225806451613,0.1,9,0.001565919052375192,0.0015378228484918526
82,5,32,33,0.06653225806451613,0.1,11,0.0012811909127370203,0.001258192541065816
82,5,32,33,0.06653225806451613,0.1,13,0.0010840760343405415,0.0010646096054893204
82,5,32,33,0.06653225806451613,0.1,15,0.0009395273531964388,0.0009226524294505771
82,5,32,33,0.06653225806451613,0.1,17,0.0008289913319098985,0.0008140989640392491
82,5,32,33,0.06653225806451613,0.1,19,0.0007417267586198828,0.0007284000708427631
82,5,32,33,0.06653225806451613,0.5,1,0.3272082015105,0.32157253818263665
82,5,32,33,0.06653225806451613,0.5,3,0.10664872875896754,0.10505504735993579
82,5,32,33,0.06653225806451613,0.5,5,0.06386383773052454,0.06293877221188716
82,5,32,33,0.06653225806451613,0.5,7,0.045589796671121306,0.04493721499966546
82,5,32,33,0.06653225806451613,0.5,9,0.035449199324822746,0.034944836562124465
82,5,32,33,0.06653225806451613,0.5,11,0.02899960665280434,0.028588502060206453
82,5,32,33,0.06653225806451613,0.5,13,0.024535880957830183,0.02418888982534445
82,5,32,33,0.06653225806451613,0.5,15,0.021263119500729392,0.02096292377125208
82,5,32,33,0.06653225806451613,0.5,17,0.01876075107420329,0.018496219301977434
82,5,32,33,0.06653225806451613,0.5,19,0.01678538498728792,0.01654893765805701
82,5,32,33,0.06653225806451613,1.0,1,1.0402139157483261,1.0169447450762181
82,5,32,33,0.06653225806451613,1.0,3,0.331062274863969,0.3303264052555255
82,5,32,33,0.06653225806451613,1.0,5,0.1977538291330731,0.19739149699157374
82,5,32,33,0.06653225806451613,1.0,7,0.14104324344102734,0.14078155202746817
82,5,32,33,0.06653225806451613,1.0,9,0.10962209305594756,0.1094127940810674
82,5,32,33,0.06653225806451613,1.0,11,0.08965384663302661,0.08947835357535974
82,5,32,33,0.06653225806451613,1.0,13,0.07584075372393262,0.07568931669929482
82,5,32,33,0.06653225806451613,1.0,15,0.06571647710024404,0.06558316456623854
82,5,32,33,0.06653225806451613,1.0,17,0.05797724329563136,0.057858123518203505
82,5,32,33,0.06653225806451613,1.0,19,0.051868989130249045,0.051761303412401406
83,5,32,33,0.06653225806451613,0.1,1,0.014188469555290455,0.013105270866125014
83,5,32,33,0.06653225806451613,0.1,3,0.004722022997055798,0.004357380221859728
83,5,32,33,0.06653225806451613,0.1,5,0.0028326187226550732,0.0026134762320931923
83,5,32,33,0.06653225806451613,0.1,7,0.0020231389093452925,0.001866504638212826
83,5,32,33,0.06653225806451613,0.1,9,0.0015734877120135316,0.0014516172253752485
83,5,32,33,0.06653225806451613,0.1,11,0.001287366664292767,0.0011876319533290585
83,5,32,33,0.06653225806451613,0.1,13,0.0010892918119338253,0.0010048878513139064
83,5,32,33,0.06653225806451613,0.1,15,0.0009440414175603785,0.000870883080294399
83,5,32,33,0.06653225806451613,0.1,17,0.0008329700896948708,0.0007684130856970596
83,5,32,33,0.06653225806451613,0.1,19,0.0007452837017224998,0.0006875182813160516
83,5,32,33,0.06653225806451613,0.5,1,0.3286395895624326,0.30595528265053673
83,5,32,33,0.06653225806451613,0.5,3,0.10690126306042155,0.09845642022111194
83,5,32,33,0.06653225806451613,0.5,5,0.06398284803544214,0.05885053260236112
83,5,32,33,0.06653225806451613,0.5,7,0.04566428401874811,0.04198146419088115
83,5,32,33,0.06653225806451613,0.5,9,0.035502479503399346,0.03263141619497667
83,5,32,33,0.06653225806451613,0.5,11,0.029040744480716342,0.026688429947033795
83,5,32,33,0.06653225806451613,0.5,13,0.024569239916059672,0.022576985644436415
83,5,32,33,0.06653225806451613,0.5,15,0.021291103870574098,0.019563352572807825
83,5,32,33,0.06653225806451613,0.5,17,0.01878481530269005,0.017259583394021283
83,5,32,33,0.06653225806451613,0.5,19,0.01680647125413839,0.015441273164885446
83,5,32,33,0.06653225806451613,1.0,1,1.033366415823302,0.9773597641311897
83,5,32,33,0.06653225806451613,1.0,3,0.3238820645628397,0.3037868880772378
83,5,32,33,0.06653225806451613,1.0,5,0.19310640101246626,0.18092060957879957
83,5,32,33,0.06653225806451613,1.0,7,0.13761526224201368,0.1289070645263525
83,5,32,33,0.06653225806451613,1.0,9,0.10690772541796752,0.10014048841055953
83,5,32,33,0.06653225806451613,1.0,11,0.08740749598234313,0.08187603639837433
83,5,32,33,0.06653225806451613,1.0,13,0.07392488764227598,0.06924848217300948
83,5,32,33,0.06653225806451613,1.0,15,0.06404638275377883,0.059996492890490985
83,5,32,33,0.06653225806451613,1.0,17,0.05649706352204979,0.0529258614992563
83,5,32,33,0.06653225806451613,1.0,19,0.05053995851727615,0.0473463628420624
84,5,32,33,0.06653225806451613,0.1,1,0.017209220429300023,0.015413176555027618
84,5,32,33,0.06653225806451613,0.1,3,0.005720053349891805,0.005124563408291847
84,5,32,33,0.06653225806451613,0.1,5,0.003430230967877131,0.003073452866998317
84,5,32,33,0.06653225806451613,0.1,7,0.0024496255001521857,0.0021949511894665884
84,5,32,33,0.06653225806451613,0.1,9,0.001905033568298278,0.0017070276406068318
84,5,32,33,0.06653225806451613,0.1,11,0.001558544437528237,0.0013965787239233372
84,5,32,33,0.06653225806451613,0.1,13,0.001318698712873621,0.0011816739424284784
84,5,32,33,0.06653225806451613,0.1,15,0.001142828073777349,0.0010240880768645595
84,5,32,33,0.06653225806451613,0.1,17,0.0010083479904155065,0.0009035874424967633
84,5,32,33,0.06653225806451613,0.1,19,0.0009021851371895374,0.0008084591322444054
84,5,32,33,0.06653225806451613,0.5,1,0.3993819276358437,0.35807605641499907
84,5,32,33,0.06653225806451613,0.5,3,0.1304580509149994,0.11612504944151185
84,5,32,33,0.06653225806451613,0.5,5,0.07802735928696224,0.06946654798220868
84,5,32,33,0.06653225806451613,0.5,7,0.05566377332914057,0.04956680124089621
84,5,32,33,0.06653225806451613,0.5,9,0.04326494343909775,0.038531706479669414
84,5,32,33,0.06653225806451613,0.5,11,0.03538379567819021,0.03151608595198604
84,5,32,33,0.06653225806451613,0.5,13,0.029931606950339345,0.026661947018030235
84,5,32,33,0.06653225806451613,0.5,15,0.02593536879277217,0.023103636627263505
84,5,32,33,0.06653225806451613,0.5,17,0.02288056584666788,0.02038333755649146
84,5,32,33,0.06653225806451613,0.5,19,0.020469571607228308,0.01823618434108957
84,5,32,33,0.06653225806451613,1.0,1,1.2187921562040767,1.1156653726941796
84,5,32,33,0.06653225806451613,1.0,3,0.39290012395455226,0.3473633625668563
84,5,32,33,0.06653225806451613,1.0,5,0.23426984511287013,0.20746648502284348
84,5,32,33,0.06653225806451613,1.0,7,0.1669373723412813,0.1479579580251434
84,5,32,33,0.06653225806451613,1.0,9,0.12967956804405215,0.11499239918307916
84,5,32,33,0.06653225806451613,1.0,11,0.10602144010257394,0.09404467603526494
84,5,32,33,0.06653225806451613,1.0,13,0.08966497947297705,0.07955475405239767
84,5,32,33,0.06653225806451613,1.0,15,0.07768139053683824,0.06893468027746996
84,5,32,33,0.06653225806451613,1.0,17,0.06852366070010873,0.06081656175131428
84,5,32,33,0.06653225806451613,1.0,19,0.06129758279572628,0.05440931472333384
85,5,32,33,0.06653225806451613,0.1,1,0.012708144407768227,0.012759308017193093
85,5,32,33,0.06653225806451613,0.1,3,0.00423002522940207,0.004248148362376632
85,5,32,33,0.06653225806451613,0.1,5,0.0025376231965948534,0.002548601259935767
85,5,32,33,0.06653225806451613,0.1,7,0.0018124921212570027,0.0018203636334120157
85,5,32,33,0.06653225806451613,0.1,9,0.001409679527581874,0.0014158144139164604
85,5,32,33,0.06653225806451613,0.1,11,0.0011533565993705444,0.0011583824949214319
85,5,32,33,0.06653225806451613,0.1,13,0.0009759074065170067,0.0009801638164670145
85,5,32,33,0.06653225806451613,0.1,15,0.0008457805009500689,0.0008494717391522341
85,5,32,33,0.06653225806451613,0.1,17,0.0007462730489601209,0.000749531598861044
85,5,32,33,0.06653225806451613,0.1,19,0.0006677153329402801,0.0006706319844597627
85,5,32,33,0.06653225806451613,0.5,1,0.2973951922836071,0.2989518295560272
85,5,32,33,0.06653225806451613,0.5,3,0.0963661553416913,0.09706415810724521
85,5,32,33,0.06653225806451613,0.5,5,0.057671449884310264,0.058098551699700664
85,5,32,33,0.06653225806451613,0.5,7,0.04116153792427147,0.041469458965104386
85,5,32,33,0.06653225806451613,0.5,9,0.03200318857290254,0.03224406074664665
85,5,32,33,0.06653225806451613,0.5,11,0.026179329031409338,0.026377178059163304
85,5,32,33,0.06653225806451613,0.5,13,0.02214906563841555,0.022316950972158817
85,5,32,33,0.06653225806451613,0.5,15,0.019194298209454334,0.019340110947045585
85,5,32,33,0.06653225806451613,0.5,17,0.01693516494178398,0.01706403918929359
85,5,32,33,0.06653225806451613,0.5,19,0.01515186241711826,0.015267326446971473
85,5,32,33,0.06653225806451613,1.0,1,0.969439519448001,0.981758550141606
85,5,32,33,0.06653225806451613,1.0,3,0.30630558492129656,0.3083598795810096
85,5,32,33,0.06653225806451613,1.0,5,0.18312664435738973,0.18417096512509212
85,5,32,33,0.06653225806451613,1.0,7,0.1306723088826699,0.13137254949014485
85,5,32,33,0.06653225806451613,1.0,9,0.10159081023748977,0.10211787595117668
85,5,32,33,0.06653225806451613,1.0,11,0.08310155123920472,0.083524285401484
85,5,32,33,0.06653225806451613,1.0,13,0.07030769603378757,0.07066065912277561
85,5,32,33,0.06653225806451613,1.0,15,0.060928366671106064,0.061231368230685035
85,5,32,33,0.06653225806451613,1.0,17,0.05375734907074965,0.05402280173135453
85,5,32,33,0.06653225806451613,1.0,19,0.04809678750056884,0.0483329844954426
86,5,32,33,0.06653225806451613,0.1,1,0.015232209015501237,0.014328382779452321
86,5,32,33,0.06653225806451613,0.1,3,0.005073734700833279,0.004768706660421912
86,5,32,33,0.06653225806451613,0.1,5,0.0030438409593213835,0.002860479524091004
86,5,32,33,0.06653225806451613,0.1,7,0.0021740525464237223,0.0020429823640675617
86,5,32,33,0.06653225806451613,0.1,9,0.0016908786614484809,0.0015888945266497433
86,5,32,33,0.06653225806451613,0.1,11,0.0013834197455977347,0.0012999574886872498
86,5,32,33,0.06653225806451613,0.1,13,0.0011705705210270276,0.0010999366742569137
86,5,32,33,0.06653225806451613,0.1,15,0.0010144846826560436,0.0009532611785459792
86,5,32,33,0.06653225806451613,0.1,17,0.0008951269670507913,0.0008411012070378375
86,5,32,33,0.06653225806451613,0.1,19,0.0008008984385660821,0.0007525560768457944
86,5,32,33,0.06653225806451613,0.5,1,0.3558396433137312,0.3375019721989551
86,5,32,33,0.06653225806451613,0.5,3,0.11804170638537861,0.11081833564327362
86,5,32,33,0.06653225806451613,0.5,5,0.0707732610678161,0.06636229074874554
86,5,32,33,0.06653225806451613,0.5,7,0.050537224851715724,0.047367264506329256
86,5,32,33,0.06653225806451613,0.5,9,0.03930033269174552,0.036827350513873806
86,5,32,33,0.06653225806451613,0.5,11,0.03215152310783216,0.030124555721766536
86,5,32,33,0.06653225806451613,0.5,13,0.027203218486917338,0.025486074674529898
86,5,32,33,0.06653225806451613,0.5,15,0.0235749105905721,0.022085483030767652
86,5,32,33,0.06653225806451613,0.5,17,0.020800576765765716,0.01948556501735709
86,5,32,33,0.06653225806451613,0.5,19,0.018610468300728586,0.01743331870958447
86,5,32,33,0.06653225806451613,1.0,1,1.1429855238659243,1.1046318924647947
86,5,32,33,0.06653225806451613,1.0,3,0.38212153442055424,0.3581079672721419
86,5,32,33,0.06653225806451613,1.0,5,0.22914542489743556,0.2140253923480046
86,5,32,33,0.06653225806451613,1.0,7,0.16361802580252033,0.1526539031881684
86,5,32,33,0.06653225806451613,1.0,9,0.1272293620926583,0.11864133164428142
86,5,32,33,0.06653225806451613,1.0,11,0.10408018050431991,0.09702532281904758
86,5,32,33,0.06653225806451613,1.0,13,0.08805757114617951,0.08207270747125671
86,5,32,33,0.06653225806451613,1.0,15,0.07630977055447113,0.07111365899551456
86,5,32,33,0.06653225806451613,1.0,17,0.06732743445067929,0.06273667214716427
86,5,32,33,0.06653225806451613,1.0,19,0.06023693068173873,0.056125345129096234
87,5,32,33,0.06653225806451613,0.1,1,0.013153369185218993,0.013089709257181404
87,5,32,33,0.06653225806451613,0.1,3,0.0043815845083561705,0.004359310633484787
87,5,32,33,0.06653225806451613,0.1,5,0.002628797982932388,0.002615325975162013
87,5,32,33,0.06653225806451613,0.1,7,0.0018776801171819786,0.0018680253653848775
87,5,32,33,0.06653225806451613,0.1,9,0.001460406557643473,0.0014528837285986355
87,5,32,33,0.06653225806451613,0.1,11,0.0011948730648973155,0.0011887110126796803
87,5,32,33,0.06653225806451613,0.1,13,0.0010110438265679173,0.0010058256980266952
87,5,32,33,0.06653225806451613,0.1,15,0.0008762364721171917,0.0008717115080807683
87,5,32,33,0.06653225806451613,0.1,17,0.0007731488843288767,0.0007691545290594333
87,5,32,33,0.06653225806451613,0.1,19,0.000691764165758851,0.0006881890425601179
87,5,32,33,0.06653225806451613,0.5,1,0.308075667611964,0.308202696464967
87,5,32,33,0.06653225806451613,0.5,3,0.10122926858381318,0.10106085238881081
87,5,32,33,0.06653225806451613,0.5,5,0.06066208516696572,0.06055632159886495
87,5,32,33,0.06653225806451613,0.5,7,0.043314346242183215,0.04323809718161345
87,5,32,33,0.06653225806451613,0.5,9,0.03368364488238718,0.033624148923653153
87,5,32,33,0.06653225806451613,0.5,11,0.027557048488939438,0.027508299454655813
87,5,32,33,0.06653225806451613,0.5,13,0.023316333510619614,0.02327505294469887
87,5,32,33,0.06653225806451613,0.5,15,0.020206825777864253,0.02017103343697561
87,5,32,33,0.06653225806451613,0.5,17,0.01782914482911776,0.01779755458194149
87,5,32,33,0.06653225806451613,0.5,19,0.015952127053403334,0.01592385689772362
87,5,32,33,0.06653225806451613,1.0,1,1.0047761950012912,1.0166701783056398
87,5,32,33,0.06653225806451613,1.0,3,0.3211543443561685,0.32383769914947286
87,5,32,33,0.06653225806451613,1.0,5,0.19172689729129552,0.1933619135688522
87,5,32,33,0.06653225806451613,1.0,7,0.13674208558896,0.13791336237199273
87,5,32,33,0.06653225806451613,1.0,9,0.10628567527205819,0.10719780234050877
87,5,32,33,0.06653225806451613,1.0,11,0.08693108485895984,0.0876779201714222
87,5,32,33,0.06653225806451613,1.0,13,0.07354195295209699,0.07417420869068869
87,5,32,33,0.06653225806451613,1.0,15,0.06372784718087446,0.06427600583252924
87,5,32,33,0.06653225806451613,1.0,17,0.05622526626708077,0.056709074854187094
87,5,32,33,0.06653225806451613,1.0,19,0.05030345934025725,0.050736440374341274
88,5,32,33,0.06653225806451613,0.1,1,0.01318948090599174,0.012755591138230098
88,5,32,33,0.06653225806451613,0.1,3,0.004391944472528646,0.0042429013546507015
88,5,32,33,0.06653225806451613,0.1,5,0.002634904773158368,0.002544967577518288
88,5,32,33,0.06653225806451613,0.1,7,0.0018820153329860455,0.0018176193127068274
88,5,32,33,0.06653225806451613,0.1,9,0.0014637681590271609,0.0014136155952062428
88,5,32,33,0.06653225806451613,0.1,11,0.001197618544466741,0.0011565499485415812
88,5,32,33,0.06653225806451613,0.1,13,0.0010133641981997315,0.0009785935649652589
88,5,32,33,0.06653225806451613,0.1,15,0.0008782457985756112,0.000848098373671847
88,5,32,33,0.06653225806451613,0.1,17,0.0007749207333450904,0.0007483113837359241
88,5,32,33,0.06653225806451613,0.1,19,0.000693348756617254,0.0006695342635532766
88,5,32,33,0.06653225806451613,0.5,1,0.30734108926286086,0.29907759426834457
88,5,32,33,0.06653225806451613,0.5,3,0.10027360410593367,0.09691735048376464
88,5,32,33,0.06653225806451613,0.5,5,0.06005665347295413,0.057984953100620386
88,5,32,33,0.06653225806451613,0.5,7,0.04287564315935758,0.04137887863003277
88,5,32,33,0.06653225806451613,0.5,9,0.03334043163942673,0.032169096235723976
88,5,32,33,0.06653225806451613,0.5,11,0.027275407943488116,0.02631334759830001
88,5,32,33,0.06653225806451613,0.5,13,0.023077617315818904,0.022261419521007922
88,5,32,33,0.06653225806451613,0.5,15,0.019999717440214473,0.01929098969459294
88,5,32,33,0.06653225806451613,0.5,17,0.01764627137638934,0.01702001226182073
88,5,32,33,0.06653225806451613,0.5,19,0.01578842104515126,0.015227442595108708
88,5,32,33,0.06653225806451613,1.0,1,0.9912102617216388,0.9648961957143644
88,5,32,33,0.06653225806451613,1.0,3,0.3127916329389637,0.30162397306013183
88,5,32,33,0.06653225806451613,1.0,5,0.186782975763435,0.17995704834752516
88,5,32,33,0.06653225806451613,1.0,7,0.13324240902828002,0.12830579892200356
88,5,32,33,0.06653225806451613,1.0,9,0.10357750985057607,0.09970868760372192
88,5,32,33,0.06653225806451613,1.0,11,0.08472230793353057,0.08154110734008653
88,5,32,33,0.06653225806451613,1.0,13,0.0716769628529501,0.06897577383360538
88,5,32,33,0.06653225806451613,1.0,15,0.06211397988483021,0.05976692927766908
88,5,32,33,0.06653225806451613,1.0,17,0.05480288445992222,0.052727882090124266
88,5,32,33,0.06653225806451613,1.0,19,0.04903192192438124,0.04717245838102441
89,5,32,33,0.06653225806451613,0.1,1,0.01305337083772582,0.01322526233224969
89,5,32,33,0.06653225806451613,0.1,3,0.004345996857775164,0.004404144054361564
89,5,32,33,0.06653225806451613,0.1,5,0.0026073508271493902,0.002642281247896664
89,5,32,33,0.06653225806451613,0.1,7,0.001862344759527954,0.0018873033713486746
89,5,32,33,0.06653225806451613,0.1,9,0.0014484747823020785,0.0014678896986864802
89,5,32,33,0.06653225806451613,0.1,11,0.0011851092753206156,0.0012009953101783826
89,5,32,33,0.06653225806451613,0.1,13,0.0010027816295832947,0.001016224196123078
89,5,32,33,0.06653225806451613,0.1,15,0.0008690757038830111,0.0008807262202700593
89,5,32,33,0.06653225806451613,0.1,17,0.0007668304959748925,0.0007771105356337479
89,5,32,33,0.06653225806451613,0.1,19,0.0006861108643492924,0.0006953089026213265
89,5,32,33,0.06653225806451613,0.5,1,0.30497938339364977,0.3086290396477957
89,5,32,33,0.06653225806451613,0.5,3,0.09891639950012752,0.10052835256873367
89,5,32,33,0.06653225806451613,0.5,5,0.05919066133749538,0.060203275738398454
89,5,32,33,0.06653225806451613,0.5,7,0.04224476311603866,0.042979898863473864
89,5,32,33,0.06653225806451613,0.5,9,0.03284556464782652,0.03342162123832023
89,5,32,33,0.06653225806451613,0.5,11,0.02686877481815372,0.027341984255450542
89,5,32,33,0.06653225806451613,0.5,13,0.022732713085377075,0.023134075269912385
89,5,32,33,0.06653225806451613,0.5,15,0.019700365384314227,0.020048743430526143
89,5,32,33,0.06653225806451613,0.5,17,0.01738189255320886,0.017689602742777415
89,5,32,33,0.06653225806451613,0.5,19,0.01555172642708224,0.015827247559605163
89,5,32,33,0.06653225806451613,1.0,1,0.9894204199309922,0.9990689867049307
89,5,32,33,0.06653225806451613,1.0,3,0.30862850954572607,0.3122091741283654
89,5,32,33,0.06653225806451613,1.0,5,0.1839236701713838,0.18579316783470448
89,5,32,33,0.06653225806451613,1.0,7,0.13111642764097087,0.13234745639021028
89,5,32,33,0.06653225806451613,1.0,9,0.10189565903496998,0.10280848187671403
89,5,32,33,0.06653225806451613,1.0,11,0.08333421281763846,0.08405940343121653
89,5,32,33,0.06653225806451613,1.0,13,0.07049647920198476,0.07109850181309203
89,5,32,33,0.06653225806451613,1.0,15,0.061087635082511645,0.06160267902409675
89,5,32,33,0.06653225806451613,1.0,17,0.053895353427118764,0.05434567825778408
89,5,32,33,0.06653225806451613,1.0,19,0.04821870327206604,0.04861895905625268
90,5,32,33,0.06653225806451613,0.1,1,0.01459048829067794,0.014621199245317866
90,5,32,33,0.06653225806451613,0.1,3,0.0048566394812307595,0.0048693450829741265
90,5,32,33,0.06653225806451613,0.1,5,0.0029134966687881445,0.0029213888251204564
90,5,32,33,0.06653225806451613,0.1,7,0.0020809445000322855,0.0020866617826576736
90,5,32,33,0.06653225806451613,0.1,9,0.0016184635238209533,0.0016229444108573703
90,5,32,33,0.06653225806451613,0.1,11,0.0013241734940382536,0.0013278572904288101
90,5,32,33,0.06653225806451613,0.1,13,0.0011204410555149516,0.0011235683772951254
90,5,32,33,0.06653225806451613,0.1,15,0.0009710406353294328,0.0009737574783034338
90,5,32,33,0.06653225806451613,0.1,17,0.0008567951061405181,0.0008591966917295105
90,5,32,33,0.06653225806451613,0.1,19,0.0007666023670683782,0.0007687542347869597
90,5,32,33,0.06653225806451613,0.5,1,0.33700580635166777,0.33653881925685625
90,5,32,33,0.06653225806451613,0.5,3,0.10934944023887286,0.10972760383575428
90,5,32,33,0.06653225806451613,0.5,5,0.06544346688338434,0.06571559459511159
90,5,32,33,0.06653225806451613,0.5,7,0.046708348894347565,0.046914815181202024
90,5,32,33,0.06653225806451613,0.5,9,0.036315541990462094,0.03648100188363026
90,5,32,33,0.06653225806451613,0.5,11,0.029706712830250254,0.029844522160310385
90,5,32,33,0.06653225806451613,0.5,13,0.025133262931943595,0.025251255805101232
90,5,32,33,0.06653225806451613,0.5,15,0.021780285120577444,0.021883407757296896
90,5,32,33,0.06653225806451613,0.5,17,0.019216707903999188,0.01930827111048784
90,5,32,33,0.06653225806451613,0.5,19,0.017193096630883073,0.01727542114355102
90,5,32,33,0.06653225806451613,1.0,1,1.0474302539081142,1.0428285166091902
90,5,32,33,0.06653225806451613,1.0,3,0.32867132469202226,0.3318608911386486
90,5,32,33,0.06653225806451613,1.0,5,0.19652062923728345,0.19856805158871105
90,5,32,33,0.06653225806451613,1.0,7,0.14013652076363414,0.14165122317801135
90,5,32,33,0.06653225806451613,1.0,9,0.10888778001677374,0.11009048876361141
90,5,32,33,0.06653225806451613,1.0,11,0.08903245425549268,0.09002990760181467
90,5,32,33,0.06653225806451613,1.0,13,0.07530080133772567,0.07615289612173783
90,5,32,33,0.06653225806451613,1.0,15,0.06523857626566763,0.0659823105326299
90,5,32,33,0.06653225806451613,1.0,17,0.05754838320490876,0.05820821740349408
90,5,32,33,0.06653225806451613,1.0,19,0.051479938815950234,0.05207288832229255
91,5,32,33,0.06653225806451613,0.1,1,0.016763197655216843,0.016736280217788987
91,5,32,33,0.06653225806451613,0.1,3,0.00557685335123774,0.005570121800926576
91,5,32,33,0.06653225806451613,0.1,5,0.0033451157787024108,0.0033414077107787863
91,5,32,33,0.06653225806451613,0.1,7,0.0023890859202884097,0.0023865431539323743
91,5,32,33,0.06653225806451613,0.1,9,0.0018580604023931086,0.0018561293582377747
91,5,32,33,0.06653225806451613,0.1,11,0.0015201714198736238,0.0015186160517194805
91,5,32,33,0.06653225806451613,0.1,13,0.0012862643832392512,0.0012849628082934126
91,5,32,33,0.06653225806451613,0.1,15,0.0011147407714454977,0.001113622008026126
91,5,32,33,0.06653225806451613,0.1,17,0.0009835802810416892,0.0009825994151509484
91,5,32,33,0.06653225806451613,0.1,19,0.0008800353260454288,0.0008791621575244424
91,5,32,33,0.06653225806451613,0.5,1,0.3861327829136386,0.38286939222216365
91,5,32,33,0.06653225806451613,0.5,3,0.1256101959417936,0.1243695720916758
91,5,32,33,0.06653225806451613,0.5,5,0.07516228993155832,0.07443642542949414
91,5,32,33,0.06653225806451613,0.5,7,0.05363690159018125,0.05312714957198852
91,5,32,33,0.06653225806451613,0.5,9,0.041698186873349,0.04130611257995128
91,5,32,33,0.06653225806451613,0.5,11,0.03410732297450158,0.03378901922955384
91,5,32,33,0.06653225806451613,0.5,13,0.02885483040066866,0.02858702682345083
91,5,32,33,0.06653225806451613,0.5,15,0.025004333160894333,0.024773243292227236
91,5,32,33,0.06653225806451613,0.5,17,0.022060560307153494,0.02185735378645598
91,5,32,33,0.06653225806451613,0.5,19,0.019736956904409197,0.019555641794285115
91,5,32,33,0.06653225806451613,1.0,1,1.188105953217069,1.1618240458614966
91,5,32,33,0.06653225806451613,1.0,3,0.37214846332760326,0.3575610419198522
91,5,32,33,0.06653225806451613,1.0,5,0.22183342292268046,0.2127542375889026
91,5,32,33,0.06653225806451613,1.0,7,0.15811380676484937,0.15158150952479268
91,5,32,33,0.06653225806451613,1.0,9,0.12285171591543109,0.11776268652400898
91,5,32,33,0.06653225806451613,1.0,11,0.10045575085017845,0.09629148987829805
91,5,32,33,0.06653225806451613,1.0,13,0.08496863255863955,0.08144624795951186
91,5,32,33,0.06653225806451613,1.0,15,0.07361994613681722,0.07056868474658783
91,5,32,33,0.06653225806451613,1.0,17,0.06494612013461355,0.06225517842785102
91,5,32,33,0.06653225806451613,1.0,19,0.058101033405301865,0.055694496554041226
92,5,32,33,0.06653225806451613,0.1,1,0.012704009508715034,0.01270418876382185
92,5,32,33,0.06653225806451613,0.1,3,0.004230381910265319,0.004230394679457818
92,5,32,33,0.06653225806451613,0.1,5,0.0025379975803627238,0.0025380017186539803
92,5,32,33,0.06653225806451613,0.1,7,0.0018128051460437964,0.0018128071600556754
92,5,32,33,0.06653225806451613,0.1,9,0.0014099419953606048,0.0014099431814546576
92,5,32,33,0.06653225806451613,0.1,11,0.0011535810265050923,0.0011535818068755855
92,5,32,33,0.06653225806451613,0.1,13,0.0009761028949225982,0.000976103446932999
92,5,32,33,0.06653225806451613,0.1,15,0.0008459534388899995,0.0008459538498264769
92,5,32,33,0.06653225806451613,0.1,17,0.000746427994021138,0.0007464283117670693
92,5,32,33,0.06653225806451613,0.1,19,0.0006678556196633929,0.0006678558726572204
92,5,32,33,0.06653225806451613,0.5,1,0.29706121809570657,0.2970067693346838
92,5,32,33,0.06653225806451613,0.5,3,0.09681497676158941,0.09680958747390028
92,5,32,33,0.06653225806451613,0.5,5,0.057982478319096094,0.057980523642554564
92,5,32,33,0.06653225806451613,0.5,7,0.04139456511948976,0.04139354714852337
92,5,32,33,0.06653225806451613,0.5,9,0.032188714607629385,0.032188088894284275
92,5,32,33,0.06653225806451613,0.5,11,0.026333222508418203,0.026332798674793486
92,5,32,33,0.06653225806451613,0.5,13,0.022280461465699453,0.022280155302599042
92,5,32,33,0.06653225806451613,0.5,15,0.01930889977511514,0.019308668224554383
92,5,32,33,0.06653225806451613,0.5,17,0.01703676119323038,0.01703657993198577
92,5,32,33,0.06653225806451613,0.5,19,0.015243094734142294,0.015242948979085597
92,5,32,33,0.06653225806451613,1.0,1,0.964968290873331,0.9644011906845181
92,5,32,33,0.06653225806451613,1.0,3,0.30152511040413743,0.30168533638230355
92,5,32,33,0.06653225806451613,1.0,5,0.1800704768354085,0.18011838095485425
92,5,32,33,0.06653225806451613,1.0,7,0.12845040131322255,0.1284729324145162
92,5,32,33,0.06653225806451613,1.0,9,0.09984857265030181,0.09986162168950735
92,5,32,33,0.06653225806451613,1.0,11,0.08166947260178571,0.08167797815622044
92,5,32,33,0.06653225806451613,1.0,13,0.06909232345957773,0.06909830557272753
92,5,32,33,0.06653225806451613,1.0,15,0.05987285915192006,0.059877295619969066
92,5,32,33,0.06653225806451613,1.0,17,0.052824599901752554,0.05282802126612764
92,5,32,33,0.06653225806451613,1.0,19,0.04726124976489195,0.04726396870818553
93,5,32,33,0.06653225806451613,0.1,1,0.013688537030401515,0.013486175458280599
93,5,32,33,0.06653225806451613,0.1,3,0.004558751744153925,0.004485107730601279
93,5,32,33,0.06653225806451613,0.1,5,0.002735045610406315,0.00269005576923357
93,5,32,33,0.06653225806451613,0.1,7,0.0019535618536206866,0.0019211762548789343
93,5,32,33,0.06653225806451613,0.1,9,0.0015194229606792112,0.0014941253405538223
93,5,32,33,0.06653225806451613,0.1,11,0.0012431582031786424,0.0012224032516800413
93,5,32,33,0.06653225806451613,0.1,13,0.0010519000482052214,0.0010343047432346466
93,5,32,33,0.06653225806451613,0.1,15,0.000911644992796674,0.0008963744452076596
93,5,32,33,0.06653225806451613,0.1,17,0.000804391594288906,0.0007909032003622838
93,5,32,33,0.06653225806451613,0.1,19,0.0007197181166415544,0.0007076393838009052
93,5,32,33,0.06653225806451613,0.5,1,0.31813298265879636,0.316932355612241
93,5,32,33,0.06653225806451613,0.5,3,0.10398937120614865,0.10315262152663264
93,5,32,33,0.06653225806451613,0.5,5,0.06229887359710709,0.06169999467023556
93,5,32,33,0.06653225806451613,0.5,7,0.04448035802237449,0.04402075161110443
93,5,32,33,0.06653225806451613,0.5,9,0.0345897419136384,0.0342180940252201
93,5,32,33,0.06653225806451613,0.5,11,0.02829814952707605,0.02798656813770831
93,5,32,33,0.06653225806451613,0.5,13,0.02394333580194962,0.023675245641462034
93,5,32,33,0.06653225806451613,0.5,15,0.020750203654338474,0.020515013019091907
93,5,32,33,0.06653225806451613,0.5,17,0.018308594120067755,0.01809914217470877
93,5,32,33,0.06653225806451613,0.5,19,0.01638111468056737,0.01619234067297915
93,5,32,33,0.06653225806451613,1.0,1,1.0203172329863326,1.0263499298842398
93,5,32,33,0.06653225806451613,1.0,3,0.3256330430251776,0.32273053725791684
93,5,32,33,0.06653225806451613,1.0,5,0.1943613424181268,0.19218446929148247
93,5,32,33,0.06653225806451613,1.0,7,0.13858559365516804,0.13691550406380273
93,5,32,33,0.06653225806451613,1.0,9,0.10769919098415871,0.10635285793762737
93,5,32,33,0.06653225806451613,1.0,11,0.08807596182594961,0.08695029216265754
93,5,32,33,0.06653225806451613,1.0,13,0.07450349622380148,0.07353703943145484
93,5,32,33,0.06653225806451613,1.0,15,0.06455644431769134,0.0637100325387253
93,5,32,33,0.06653225806451613,1.0,17,0.056953102307079395,0.056200345753595324
93,5,32,33,0.06653225806451613,1.0,19,0.050952321774218025,0.0502746312698733
94,5,32,33,0.06653225806451613,0.1,1,0.01375513406033955,0.013876218127899189
94,5,32,33,0.06653225806451613,0.1,3,0.004580636335081779,0.004620259164929783
94,5,32,33,0.06653225806451613,0.1,5,0.0027481703822277857,0.0027719067818793883
94,5,32,33,0.06653225806451613,0.1,7,0.001962937242068745,0.001979884436058091
94,5,32,33,0.06653225806451613,0.1,9,0.0015267156505765905,0.0015398944365537296
94,5,32,33,0.06653225806451613,0.1,11,0.0012491254721258853,0.0012599071350816043
94,5,32,33,0.06653225806451613,0.1,13,0.0010569496387757688,0.0010660721071990105
94,5,32,33,0.06653225806451613,0.1,15,0.0009160215609580381,0.0009239274407426315
94,5,32,33,0.06653225806451613,0.1,17,0.0008082534579513645,0.0008152290812031866
94,5,32,33,0.06653225806451613,0.1,19,0.0007231736067129186,0.0007294148577892968
94,5,32,33,0.06653225806451613,0.5,1,0.3178104663835034,0.32166870386933094
94,5,32,33,0.06653225806451613,0.5,3,0.10351467106326291,0.10470884033381454
94,5,32,33,0.06653225806451613,0.5,5,0.0619939521190728,0.06270439588405347
94,5,32,33,0.06653225806451613,0.5,7,0.04425881371756874,0.04476500306761395
94,5,32,33,0.06653225806451613,0.5,9,0.03441629634157741,0.034809583899723925
94,5,32,33,0.06653225806451613,0.5,11,0.028155795777171068,0.028477402885438992
94,5,32,33,0.06653225806451613,0.5,13,0.023822678817219594,0.024094722985450918
94,5,32,33,0.06653225806451613,0.5,15,0.020645529928705303,0.02088125522404571
94,5,32,33,0.06653225806451613,0.5,17,0.01821617720171253,0.018424142743273916
94,5,32,33,0.06653225806451613,0.5,19,0.016298391980410436,0.016484449220839185
94,5,32,33,0.06653225806451613,1.0,1,1.0017454068271805,1.0153404703331004
94,5,32,33,0.06653225806451613,1.0,3,0.3091066263719614,0.31583176314108896
94,5,32,33,0.06653225806451613,1.0,5,0.1841687233428657,0.18857784970471997
94,5,32,33,0.06653225806451613,1.0,7,0.13129279998465912,0.13452299318826633
94,5,32,33,0.06653225806451613,1.0,9,0.10203446334585399,0.10457339689208046
94,5,32,33,0.06653225806451613,1.0,11,0.08344869283120397,0.08553712798052106
94,5,32,33,0.06653225806451613,1.0,13,0.07059385572399987,0.07236643989125621
94,5,32,33,0.06653225806451613,1.0,15,0.06117232613994108,0.062711537804037
94,5,32,33,0.06653225806451613,1.0,17,0.05397026484540646,0.0553301493015155
94,5,32,33,0.06653225806451613,1.0,19,0.048285848284894184,0.04950369067240275
95,5,32,33,0.06653225806451613,0.1,1,0.012709826322178739,0.012746689705652412
95,5,32,33,0.06653225806451613,0.1,3,0.004232442555209843,0.004243470189259573
95,5,32,33,0.06653225806451613,0.1,5,0.002539263656565968,0.002545727449738645
95,5,32,33,0.06653225806451613,0.1,7,0.0018137196790314581,0.0018182898297556035
95,5,32,33,0.06653225806451613,0.1,9,0.0014106579251777017,0.0014141922329045133
95,5,32,33,0.06653225806451613,0.1,11,0.00115416926348659,0.001157050420867058
95,5,32,33,0.06653225806451613,0.1,13,0.0009766021104427249,0.0009790338320094473
95,5,32,33,0.06653225806451613,0.1,15,0.0008463870424532109,0.0008484906056635363
95,5,32,33,0.06653225806451613,0.1,17,0.0007468112323651924,0.0007486646663509326
95,5,32,33,0.06653225806451613,0.1,19,0.0006681989773484298,0.0006698554401442778
95,5,32,33,0.06653225806451613,0.5,1,0.29679926791732697,0.2981127529764193
95,5,32,33,0.06653225806451613,0.5,3,0.09656633337963552,0.09686654148066921
95,5,32,33,0.06653225806451613,0.5,5,0.057826604709068155,0.05798936813031065
95,5,32,33,0.06653225806451613,0.5,7,0.04128245302361884,0.04139344326752866
95,5,32,33,0.06653225806451613,0.5,9,0.03210144726471565,0.03218550951960811
95,5,32,33,0.06653225806451613,0.5,11,0.026261867663651288,0.026329472041235112
95,5,32,33,0.06653225806451613,0.5,13,0.022220142721291653,0.022276660740485926
95,5,32,33,0.06653225806451613,0.5,15,0.019256674978087186,0.019305222388592225
95,5,32,33,0.06653225806451613,0.5,17,0.01699072242809274,0.017033265429951622
95,5,32,33,0.06653225806451613,0.5,19,0.015201935740974403,0.0152397938696178
95,5,32,33,0.06653225806451613,1.0,1,0.9614709742389602,0.9657805550263051
95,5,32,33,0.06653225806451613,1.0,3,0.29701876433024343,0.2952086005466518
95,5,32,33,0.06653225806451613,1.0,5,0.1771815969593308,0.17593837449860342
95,5,32,33,0.06653225806451613,1.0,7,0.12635662966481387,0.12543917783395378
95,5,32,33,0.06653225806451613,1.0,9,0.09821247117097133,0.09748977426561917
95,5,32,33,0.06653225806451613,1.0,11,0.08032855174468612,0.07973358346944492
95,5,32,33,0.06653225806451613,1.0,13,0.06795699825128027,0.0674518271427428
95,5,32,33,0.06653225806451613,1.0,15,0.05888875472575379,0.05845002231413962
95,5,32,33,0.06653225806451613,1.0,17,0.05195631234731649,0.051568670152554244
95,5,32,33,0.06653225806451613,1.0,19,0.04648446830986711,0.04613731075140768
96,5,32,33,0.06653225806451613,0.1,1,0.012863230645951934,0.012863246486487054
96,5,32,33,0.06653225806451613,0.1,3,0.004283399598850739,0.004283400112132418
96,5,32,33,0.06653225806451613,0.1,5,0.0025698301737279686,0.0025698302832051715
96,5,32,33,0.06653225806451613,0.1,7,0.0018355517145959128,0.0018355517543547813
96,5,32,33,0.06653225806451613,0.1,9,0.0014276381231004647,0.0014276381417822953
96,5,32,33,0.06653225806451613,0.1,11,0.0011680620835948798,0.001168062093818905
96,5,32,33,0.06653225806451613,0.1,13,0.0009883575616178478,0.0009883575678104788
96,5,32,33,0.06653225806451613,0.1,15,0.0008565751053763791,0.0008565751094067696
96,5,32,33,0.06653225806451613,0.1,17,0.000755800709669246,0.0007558007124444983
96,5,32,33,0.06653225806451613,0.1,19,0.0006762422045159184,0.0006762422065030104
96,5,32,33,0.06653225806451613,0.5,1,0.30284021287052587,0.3028706288488823
96,5,32,33,0.06653225806451613,0.5,3,0.09879708974955784,0.0987991180843417
96,5,32,33,0.06653225806451613,0.5,5,0.05917357285958273,0.05917405574534868
96,5,32,33,0.06653225806451613,0.5,7,0.04224611468082695,0.04224629588771042
96,5,32,33,0.06653225806451613,0.5,9,0.032851442117322216,0.03285152844011898
96,5,32,33,0.06653225806451613,0.5,11,0.026875696943984152,0.026875744525218452
96,5,32,33,0.06653225806451613,0.5,13,0.02273963251815434,0.022739661450424643
96,5,32,33,0.06653225806451613,0.5,15,0.01970695166106673,0.01970697053863676
96,5,32,33,0.06653225806451613,0.5,17,0.017388056281931855,0.017388069270097794
96,5,32,33,0.06653225806451613,0.5,19,0.015557464460641686,0.015557473774043533
96,5,32,33,0.06653225806451613,1.0,1,0.998016475300825,0.9982727381525726
96,5,32,33,0.06653225806451613,1.0,3,0.31444508785517555,0.31452033062954465
96,5,32,33,0.06653225806451613,1.0,5,0.1877728787484987,0.18779526118631593
96,5,32,33,0.06653225806451613,1.0,7,0.13394518435216668,0.1339542243433445
96,5,32,33,0.06653225806451613,1.0,9,0.10412220956403465,0.10412665864289367
96,5,32,33,0.06653225806451613,1.0,11,0.08516707205780936,0.08516956669640328
96,5,32,33,0.06653225806451613,1.0,13,0.07205283296843493,0.07205436516020391
96,5,32,33,0.06653225806451613,1.0,15,0.06243946850521805,0.06244047461449037
96,5,32,33,0.06653225806451613,1.0,17,0.05508991961624993,0.055090614820293995
96,5,32,33,0.06653225806451613,1.0,19,0.049288640261746064,0.04928914028184059
97,5,32,33,0.06653225806451613,0.1,1,0.013346252907041146,0.013313770569145893
97,5,32,33,0.06653225806451613,0.1,3,0.0044448757519840775,0.004429256675401686
97,5,32,33,0.06653225806451613,0.1,5,0.002666708344094694,0.0026567427878212637
97,5,32,33,0.06653225806451613,0.1,7,0.0019047432348195995,0.0018974420087255275
97,5,32,33,0.06653225806451613,0.1,9,0.001481449662464389,0.0014756916616478473
97,5,32,33,0.06653225806451613,0.1,11,0.0012120872772316484,0.0012073348521036461
97,5,32,33,0.06653225806451613,0.1,13,0.001025608109083876,0.0010215625900923129
97,5,32,33,0.06653225806451613,0.1,15,0.0008888578823396913,0.0008853363521968693
97,5,32,33,0.06653225806451613,0.1,17,0.000784284790901969,0.0007811671530828875
97,5,32,33,0.06653225806451613,0.1,19,0.000701727436953611,0.0006989306187308035
97,5,32,33,0.06653225806451613,0.5,1,0.31288448041667966,0.3136998002116585
97,5,32,33,0.06653225806451613,0.5,3,0.10242590182830473,0.10234622855902428
97,5,32,33,0.06653225806451613,0.5,5,0.06136664021526058,0.06124682116414938
97,5,32,33,0.06653225806451613,0.5,7,0.04381533495016319,0.043706803454307115
97,5,32,33,0.06653225806451613,0.5,9,0.03407266738068313,0.03397821353204362
97,5,32,33,0.06653225806451613,0.5,11,0.027875109514156757,0.02779257131033907
97,5,32,33,0.06653225806451613,0.5,13,0.023585365295198217,0.023512435493213583
97,5,32,33,0.06653225806451613,0.5,15,0.02043994205625112,0.02037476863641485
97,5,32,33,0.06653225806451613,0.5,17,0.018034814003594975,0.017975978681629614
97,5,32,33,0.06653225806451613,0.5,19,0.016136136129333727,0.016082554097473296
97,5,32,33,0.06653225806451613,1.0,1,1.01972391459395,1.0243621151614923
97,5,32,33,0.06653225806451613,1.0,3,0.32609500916537204,0.3274779361905561
97,5,32,33,0.06653225806451613,1.0,5,0.19495582148312518,0.1952717569936982
97,5,32,33,0.06653225806451613,1.0,7,0.13909922009356215,0.13916409643331762
97,5,32,33,0.06653225806451613,1.0,9,0.10813364906494363,0.10811441100666995
97,5,32,33,0.06653225806451613,1.0,11,0.08844833403368374,0.08839630811246864
97,5,32,33,0.06653225806451613,1.0,13,0.07482793135965851,0.07476267135579422
97,5,32,33,0.06653225806451613,1.0,15,0.06484330084043213,0.0647732576674171
97,5,32,33,0.06653225806451613,1.0,17,0.057209905305552554,0.057139012764267805
97,5,32,33,0.06653225806451613,1.0,19,0.05118462494273452,0.05111477972189861
98,5,32,33,0.06653225806451613,0.1,1,0.012964236439397342,0.012379871084320647
98,5,32,33,0.06653225806451613,0.1,3,0.0043196598802106145,0.004122381030744876
98,5,32,33,0.06653225806451613,0.1,5,0.0025917122180515975,0.00247322507350767
98,5,32,33,0.06653225806451613,0.1,7,0.0018512065467247124,0.0017665492839054862
98,5,32,33,0.06653225806451613,0.1,9,0.00143982204446068,0.00137396995624563
98,5,32,33,0.06653225806451613,0.1,11,0.0011780340358334095,0.0011241519273490958
98,5,32,33,0.06653225806451613,0.1,13,0.0009967969682789176,0.0009512028930199516
98,5,32,33,0.06653225806451613,0.1,15,0.000863890128365456,0.0008243744355781374
98,5,32,33,0.06653225806451613,0.1,17,0.000762255655088458,0.0007273883793335141
98,5,32,33,0.06653225806451613,0.1,19,0.0006820180040761299,0.0006508206617080938
98,5,32,33,0.06653225806451613,0.5,1,0.30300508570091655,0.2897067030376605
98,5,32,33,0.06653225806451613,0.5,3,0.10018446322851245,0.09412161915652305
98,5,32,33,0.06653225806451613,0.5,5,0.060076434654605104,0.056355954777165485
98,5,32,33,0.06653225806451613,0.5,7,0.042905083931022846,0.04023122867293777
98,5,32,33,0.06653225806451613,0.5,9,0.03336849880566187,0.031283586303558875
98,5,32,33,0.06653225806451613,0.5,11,0.027300621625282826,0.025592609468024705
98,5,32,33,0.06653225806451613,0.5,13,0.02310009937057561,0.021653799622688374
98,5,32,33,0.06653225806451613,0.5,15,0.02001985426705506,0.01876581870041473
98,5,32,33,0.06653225806451613,0.5,17,0.017664440618799217,0.01655759906914001
98,5,32,33,0.06653225806451613,0.5,19,0.015804940090470964,0.014814395117009273
98,5,32,33,0.06653225806451613,1.0,1,0.9801916805151883,0.9445831533871767
98,5,32,33,0.06653225806451613,1.0,3,0.3237987770933473,0.286565497038926
98,5,32,33,0.06653225806451613,1.0,5,0.1942422580061488,0.17032653360430416
98,5,32,33,0.06653225806451613,1.0,7,0.1387384323068284,0.12132913648479011
98,5,32,33,0.06653225806451613,1.0,9,0.10790585597756086,0.09425862387459952
98,5,32,33,0.06653225806451613,1.0,11,0.08828587979900061,0.07707535475406194
98,5,32,33,0.06653225806451613,1.0,13,0.0747030871841045,0.06519543253244137
98,5,32,33,0.06653225806451613,1.0,15,0.06474248726084497,0.05649061319899975
98,5,32,33,0.06653225806451613,1.0,17,0.05712561369061339,0.049837512072893136
98,5,32,33,0.06653225806451613,1.0,19,0.05111232224673293,0.04458696838134975
99,5,32,33,0.06653225806451613,0.1,1,0.013524301191899115,0.01396075720468177
99,5,32,33,0.06653225806451613,0.1,3,0.004503793372991406,0.004649468664441908
99,5,32,33,0.06653225806451613,0.1,5,0.0027020602584825492,0.0027894449608177625
99,5,32,33,0.06653225806451613,0.1,7,0.0019299989699273054,0.0019924071778698376
99,5,32,33,0.06653225806451613,0.1,9,0.0015010956996623836,0.001549630699629116
99,5,32,33,0.06653225806451613,0.1,11,0.0012281629508779826,0.0012678707545004187
99,5,32,33,0.06653225806451613,0.1,13,0.0010392116588304912,0.0010728089415865552
99,5,32,33,0.06653225806451613,0.1,15,0.0009006483394315841,0.0009297649159457546
99,5,32,33,0.06653225806451613,0.1,17,0.0007946886385155208,0.0008203789973944247
99,5,32,33,0.06653225806451613,0.1,19,0.0007110365098113406,0.0007340220897091056
99,5,32,33,0.06653225806451613,0.5,1,0.31513432113784295,0.32483385689980016
99,5,32,33,0.06653225806451613,0.5,3,0.10264827012862465,0.10620999238671104
99,5,32,33,0.06653225806451613,0.5,5,0.061470344751756195,0.06362059795791797
99,5,32,33,0.06653225806451613,0.5,7,0.043883805578782104,0.04542172674613298
99,5,32,33,0.06653225806451613,0.5,9,0.03412423209093239,0.03532085809237752
99,5,32,33,0.06653225806451613,0.5,11,0.027916644349014197,0.028895818985631063
99,5,32,33,0.06653225806451613,0.5,13,0.023620214320516558,0.02444876693870352
99,5,32,33,0.06653225806451613,0.5,15,0.020469996143045607,0.021188066155736433
99,5,32,33,0.06653225806451613,0.5,17,0.018061252193572915,0.018694826383139865
99,5,32,33,0.06653225806451613,0.5,19,0.016159745737292286,0.01672660988565982
99,5,32,33,0.06653225806451613,1.0,1,1.0117066288463281,1.0372699323390686
99,5,32,33,0.06653225806451613,1.0,3,0.31049975457738044,0.32457112159000195
99,5,32,33,0.06653225806451613,1.0,5,0.1848041166423891,0.19356491376546742
99,5,32,33,0.06653225806451613,1.0,7,0.1317020226097488,0.13801977768055937
99,5,32,33,0.06653225806451613,1.0,9,0.10233704639254029,0.10726876247214925
99,5,32,33,0.06653225806451613,1.0,11,0.08368919862515121,0.08773106008221414
99,5,32,33,0.06653225806451613,1.0,13,0.07079365720119003,0.0742167140988329
99,5,32,33,0.06653225806451613,1.0,15,0.06134333035562319,0.06431145675905887
99,5,32,33,0.06653225806451613,1.0,17,0.05411979497231875,0.05673950285681344
99,5,32,33,0.06653225806451613,1.0,19,0.04841873528096341,0.05076310738128643
100,5,32,33,0.06653225806451613,0.1,1,0.01341275436839548,0.012769693661629757
100,5,32,33,0.06653225806451613,0.1,3,0.00446319476712175,0.004249057785589165
100,5,32,33,0.06653225806451613,0.1,5,0.0026772637149872535,0.002548829891916234
100,5,32,33,0.06653225806451613,0.1,7,0.0019121513165888978,0.0018204292894760572
100,5,32,33,0.06653225806451613,0.1,9,0.0014871551091230764,0.0014158231733071474
100,5,32,33,0.06653225806451613,0.1,11,0.001216726134079022,0.0011583676023584016
100,5,32,33,0.06653225806451613,0.1,13,0.0010295162183845718,0.000980138280802031
100,5,32,33,0.06653225806451613,0.1,15,0.000892234079042593,0.0008494413825479218
100,5,32,33,0.06653225806451613,0.1,17,0.0007872564908439017,0.0007494992608148262
100,5,32,33,0.06653225806451613,0.1,19,0.0007043811780294626,0.0006705991266715443
100,5,32,33,0.06653225806451613,0.5,1,0.31404066447580287,0.2993966688811433
100,5,32,33,0.06653225806451613,0.5,3,0.10222837468207838,0.09718650885324735
100,5,32,33,0.06653225806451613,0.5,5,0.06118224184436858,0.058154319372740966
100,5,32,33,0.06653225806451613,0.5,7,0.04366429143272595,0.04150155306176906
100,5,32,33,0.06653225806451613,0.5,9,0.03394703337951156,0.03226510916155866
100,5,32,33,0.06653225806451613,0.5,11,0.02776813574394212,0.02639217641164323
100,5,32,33,0.06653225806451613,0.5,13,0.02349242467729238,0.02232826585004084
100,5,32,33,0.06653225806451613,0.5,15,0.020357864555819238,0.019349008821617126
100,5,32,33,0.06653225806451613,0.5,17,0.017961367096320156,0.017071260153390454
100,5,32,33,0.06653225806451613,0.5,19,0.01606969940145801,0.015273332744786934
100,5,32,33,0.06653225806451613,1.0,1,1.0165984960714292,0.9754644344670657
100,5,32,33,0.06653225806451613,1.0,3,0.3212300980356861,0.30547262843594764
100,5,32,33,0.06653225806451613,1.0,5,0.19160891563184487,0.18217703792546114
100,5,32,33,0.06653225806451613,1.0,7,0.13660016524148993,0.1298688657439573
100,5,32,33,0.06653225806451613,1.0,9,0.10614752258005342,0.10091434364863923
100,5,32,33,0.06653225806451613,1.0,11,0.086802556424243,0.08252201162569878
100,5,32,33,0.06653225806451613,1.0,13,0.0734236882795551,0.06980235408655958
100,5,32,33,0.06653225806451613,1.0,15,0.06361910245164482,0.06048103533002113
100,5,32,33,0.06653225806451613,1.0,17,0.056124992533731495,0.053356395772616215
100,5,32,33,0.06653225806451613,1.0,19,0.05021062800446057,0.047733665450295705
101,5,32,33,0.06653225806451613,0.1,1,0.012210058341502612,0.012210201631870251
101,5,32,33,0.06653225806451613,0.1,3,0.004066532717819175,0.004066550965292057
101,5,32,33,0.06653225806451613,0.1,5,0.0024397355460503813,0.0024397424484391313
101,5,32,33,0.06653225806451613,0.1,7,0.0017426289278920056,0.0017426325314437276
101,5,32,33,0.06653225806451613,0.1,9,0.001355364499378762,0.001355366708271318
101,5,32,33,0.06653225806451613,0.1,11,0.0011089285774610615,0.0011089300688390514
101,5,32,33,0.06653225806451613,0.1,13,0.0009383210614242591,0.0009383221356268517
101,5,32,33,0.06653225806451613,0.1,15,0.0008132097855132124,0.0008132105959363125
101,5,32,33,0.06653225806451613,0.1,17,0.0007175369222650628,0.0007175375553673626
101,5,32,33,0.06653225806451613,0.1,19,0.0006420059762206052,0.0006420064844222169
101,5,32,33,0.06653225806451613,0.5,1,0.2859506473350739,0.285949220571629
101,5,32,33,0.06653225806451613,0.5,3,0.09362829669482323,0.09361947860039639
101,5,32,33,0.06653225806451613,0.5,5,0.05609843025060078,0.056095113311787466
101,5,32,33,0.06653225806451613,0.5,7,0.04005468241469467,0.04005310911482737
101,5,32,33,0.06653225806451613,0.5,9,0.031148573693076987,0.031147651916204517
101,5,32,33,0.06653225806451613,0.5,11,0.025483068375757728,0.025482461594347132
101,5,32,33,0.06653225806451613,0.5,13,0.02156154605882336,0.021561115900592783
101,5,32,33,0.06653225806451613,0.5,15,0.018686094211682533,0.018685773158457923
101,5,32,33,0.06653225806451613,0.5,17,0.01648738401751495,0.01648713513917305
101,5,32,33,0.06653225806451613,0.5,19,0.014751649766865396,0.014751451138284296
101,5,32,33,0.06653225806451613,1.0,1,0.9397834873030845,0.9386470613412166
101,5,32,33,0.06653225806451613,1.0,3,0.2998894046904654,0.30020076790093314
101,5,32,33,0.06653225806451613,1.0,5,0.17909895585848493,0.17921583856136092
101,5,32,33,0.06653225806451613,1.0,7,0.12774553668518407,0.12780532509092551
101,5,32,33,0.06653225806451613,1.0,9,0.09929432530725563,0.09933041686491827
101,5,32,33,0.06653225806451613,1.0,11,0.08121263538281608,0.08123673162922636
101,5,32,33,0.06653225806451613,1.0,13,0.06870374307039805,0.06872095327801232
101,5,32,33,0.06653225806451613,1.0,15,0.05953478477308134,0.059547684292958994
101,5,32,33,0.06653225806451613,1.0,17,0.052525412593325084,0.052535437430276825
101,5,32,33,0.06653225806451613,1.0,19,0.04699292739940771,0.047000940525172764
102,5,32,33,0.06653225806451613,0.1,1,0.016231292302717252,0.0157976234374518
102,5,32,33,0.06653225806451613,0.1,3,0.005402538916742413,0.005259465229511206
102,5,32,33,0.06653225806451613,0.1,5,0.0032409920147615377,0.0031553396973933467
102,5,32,33,0.06653225806451613,0.1,7,0.002314861846332347,0.0022537413814873093
102,5,32,33,0.06653225806451613,0.1,9,0.0018003969626966454,0.0017528848528296735
102,5,32,33,0.06653225806451613,0.1,11,0.001473027287679444,0.0014341673587887419
102,5,32,33,0.06653225806451613,0.1,13,0.0012463939079837597,0.0012135204300093728
102,5,32,33,0.06653225806451613,0.1,15,0.0010801996070405554,0.001051714355098934
102,5,32,33,0.06653225806451613,0.1,17,0.0009531117634328314,0.0009279811613768619
102,5,32,33,0.06653225806451613,0.1,19,0.000852780387205019,0.0008302975473034103
102,5,32,33,0.06653225806451613,0.5,1,0.3696691621234894,0.359368684162686
102,5,32,33,0.06653225806451613,0.5,3,0.1201883790663648,0.11691618050763049
102,5,32,33,0.06653225806451613,0.5,5,0.07195974337320145,0.07001746958072941
102,5,32,33,0.06653225806451613,0.5,7,0.05136553687964552,0.04998430606559367
102,5,32,33,0.06653225806451613,0.5,9,0.03993865517068883,0.03886693305752156
102,5,32,33,0.06653225806451613,0.5,11,0.0326714220926208,0.0317958745626196
102,5,32,33,0.06653225806451613,0.5,13,0.027642024152884647,0.02690193905475341
102,5,32,33,0.06653225806451613,0.5,15,0.023954628704724115,0.023313702819453545
102,5,32,33,0.06653225806451613,0.5,17,0.02113529352050514,0.020570093566694602
102,5,32,33,0.06653225806451613,0.5,19,0.018909753981637797,0.018404275861003114
102,5,32,33,0.06653225806451613,1.0,1,1.1144127522057812,1.0892638581910192
102,5,32,33,0.06653225806451613,1.0,3,0.363242881032345,0.358660908937675
102,5,32,33,0.06653225806451613,1.0,5,0.2176217913336249,0.21495896613559656
102,5,32,33,0.06653225806451613,1.0,7,0.15534151613355526,0.15344921487762728
102,5,32,33,0.06653225806451613,1.0,9,0.12077576086176536,0.11930531329739544
102,5,32,33,0.06653225806451613,1.0,11,0.09879252349978707,0.09758932478326626
102,5,32,33,0.06653225806451613,1.0,13,0.08357946508139494,0.08256101596416056
102,5,32,33,0.06653225806451613,1.0,15,0.07242643937859332,0.0715434264436843
102,5,32,33,0.06653225806451613,1.0,17,0.06389950966208803,0.06312007579188571
102,5,32,33,0.06653225806451613,1.0,19,0.05716886687277543,0.05647122890873112
103,5,32,33,0.06653225806451613,0.1,1,0.012837270139381927,0.01324576178098274
103,5,32,33,0.06653225806451613,0.1,3,0.0042749183061882605,0.004405419714101241
103,5,32,33,0.06653225806451613,0.1,5,0.002564738099515363,0.0026423349182038347
103,5,32,33,0.06653225806451613,0.1,7,0.0018319115036831432,0.0018871212755212892
103,5,32,33,0.06653225806451613,0.1,9,0.0014248051346292085,0.0014676523426052548
103,5,32,33,0.06653225806451613,0.1,11,0.0011657431663728243,0.0012007511292377547
103,5,32,33,0.06653225806451613,0.1,13,0.000986394756319115,0.0010159882504098276
103,5,32,33,0.06653225806451613,0.1,15,0.0008548735759158567,0.000880503069187623
103,5,32,33,0.06653225806451613,0.1,17,0.0007542990579472595,0.0007769010321188968
103,5,32,33,0.06653225806451613,0.1,19,0.0006748984018908312,0.0006951125416885419
103,5,32,33,0.06653225806451613,0.5,1,0.2998347322280788,0.31215155894216995
103,5,32,33,0.06653225806451613,0.5,3,0.09799581607479056,0.10167222109789259
103,5,32,33,0.06653225806451613,0.5,5,0.05870925800656795,0.060806739754776476
103,5,32,33,0.06653225806451613,0.5,7,0.04191747701811925,0.04338091774065055
103,5,32,33,0.06653225806451613,0.5,9,0.03259667953392496,0.03371973739236183
103,5,32,33,0.06653225806451613,0.5,11,0.026667549172347843,0.027578494474754103
103,5,32,33,0.06653225806451613,0.5,13,0.022563622794254695,0.023329781922513015
103,5,32,33,0.06653225806451613,0.5,15,0.01955445717987529,0.02021551385104583
103,5,32,33,0.06653225806451613,0.5,17,0.017253521043406363,0.017834818797518002
103,5,32,33,0.06653225806451613,0.5,19,0.01543709679356111,0.01595580251788848
103,5,32,33,0.06653225806451613,1.0,1,0.9783012318088741,1.0226949066175754
103,5,32,33,0.06653225806451613,1.0,3,0.3135490362937646,0.33149306621414487
103,5,32,33,0.06653225806451613,1.0,5,0.18741112205359614,0.1977721520907296
103,5,32,33,0.06653225806451613,1.0,7,0.13372204431328716,0.1409411141650897
103,5,32,33,0.06653225806451613,1.0,9,0.103960065867175,0.10948571444154542
103,5,32,33,0.06653225806451613,1.0,11,0.08503914088490509,0.08951065592514482
103,5,32,33,0.06653225806451613,1.0,13,0.07194687699495765,0.07570037793584004
103,5,32,33,0.06653225806451613,1.0,15,0.062348878070958576,0.06558231015552973
103,5,32,33,0.06653225806451613,1.0,17,0.05501071021041825,0.05785027907003067
103,5,32,33,0.06653225806451613,1.0,19,0.0492182176573957,0.05174925303317418
104,5,32,33,0.06653225806451613,0.1,1,0.012222956187459376,0.012456571630794713
104,5,32,33,0.06653225806451613,0.1,3,0.004066497930094275,0.004142543988782724
104,5,32,33,0.06653225806451613,0.1,5,0.002439520435368842,0.002485040112506569
104,5,32,33,0.06653225806451613,0.1,7,0.0017424400821811105,0.0017749323819452533
104,5,32,33,0.06653225806451613,0.1,9,0.001355207318634918,0.0013804720923691193
104,5,32,33,0.06653225806451613,0.1,11,0.0011087961064028967,0.0011294643700749017
104,5,32,33,0.06653225806451613,0.1,13,0.0009382072807328283,0.0009556943905212878
104,5,32,33,0.06653225806451613,0.1,15,0.0008131103614674218,0.0008282650831490196
104,5,32,33,0.06653225806451613,0.1,17,0.000717448776769915,0.000730820133620753
104,5,32,33,0.06653225806451613,0.1,19,0.0006419268853719755,0.0006538904444944979
104,5,32,33,0.06653225806451613,0.5,1,0.28811858494973824,0.29438932164745524
104,5,32,33,0.06653225806451613,0.5,3,0.09173907587513296,0.09393590212065267
104,5,32,33,0.06653225806451613,0.5,5,0.054785808383945096,0.056115995548197455
104,5,32,33,0.06653225806451613,0.5,7,0.03907826505301687,0.04003261641245797
104,5,32,33,0.06653225806451613,0.5,9,0.030375859393857216,0.03112017631932045
104,5,32,33,0.06653225806451613,0.5,11,0.024845036888743156,0.025455166868310352
104,5,32,33,0.06653225806451613,0.5,13,0.0210187042517945,0.021535668632453927
104,5,32,33,0.06653225806451613,0.5,15,0.018213944043470785,0.01866243778228361
104,5,32,33,0.06653225806451613,0.5,17,0.016069744915805227,0.01646578903438454
104,5,32,33,0.06653225806451613,0.5,19,0.0143772980715899,0.014731877530187404
104,5,32,33,0.06653225806451613,1.0,1,0.9593836578520606,0.9694143953641325
104,5,32,33,0.06653225806451613,1.0,3,0.28360467753170504,0.2894795283672893
104,5,32,33,0.06653225806451613,1.0,5,0.16623020348349324,0.17022593575375797
104,5,32,33,0.06653225806451613,1.0,7,0.11761266103383947,0.12062519905666466
104,5,32,33,0.06653225806451613,1.0,9,0.09100937987823944,0.0934359005235157
104,5,32,33,0.06653225806451613,1.0,11,0.07422483987962848,0.07626317867422226
104,5,32,33,0.06653225806451613,1.0,13,0.0626689071460639,0.06443058668172484
104,5,32,33,0.06653225806451613,1.0,15,0.05422723390323766,0.055781158404406735
104,5,32,33,0.06653225806451613,1.0,17,0.04779020924760701,0.04918196266421131
104,5,32,33,0.06653225806451613,1.0,19,0.04271946078632709,0.04398081962988232
105,5,32,33,0.06653225806451613,0.1,1,0.01109829382087519,0.012012243134865718
105,5,32,33,0.06653225806451613,0.1,3,0.0036968945785839954,0.0040033426759423524
105,5,32,33,0.06653225806451613,0.1,5,0.0022180154735942084,0.0024019701492220998
105,5,32,33,0.06653225806451613,0.1,7,0.001584272910091586,0.0017156859858813126
105,5,32,33,0.06653225806451613,0.1,9,0.0012322046283761144,0.0013344202000104602
105,5,32,33,0.06653225806451613,0.1,11,0.0010081642612365799,0.0010917974204474237
105,5,32,33,0.06653225806451613,0.1,13,0.0008530605284210967,0.0009238281363590214
105,5,32,33,0.06653225806451613,0.1,15,0.0007393182879284292,0.0008006508067302295
105,5,32,33,0.06653225806451613,0.1,17,0.0006523391724324802,0.000706456449829875
105,5,32,33,0.06653225806451613,0.1,19,0.0005836715815879125,0.0006320925224447387
105,5,32,33,0.06653225806451613,0.5,1,0.25948278931707525,0.28517400723925085
105,5,32,33,0.06653225806451613,0.5,3,0.08524653127974621,0.09470877238407494
105,5,32,33,0.06653225806451613,0.5,5,0.05109446957414828,0.056807505081065204
105,5,32,33,0.06653225806451613,0.5,7,0.036485631487522506,0.04057327018717066
105,5,32,33,0.06653225806451613,0.5,9,0.028374388405305852,0.03155585909350699
105,5,32,33,0.06653225806451613,0.5,11,0.02321403335563366,0.0258179622011084
105,5,32,33,0.06653225806451613,0.5,13,0.019641974727777407,0.02184574015844107
105,5,32,33,0.06653225806451613,0.5,15,0.017022681202271257,0.01893285086810567
105,5,32,33,0.06653225806451613,0.5,17,0.015019798491732413,0.016705383550455363
105,5,32,33,0.06653225806451613,0.5,19,0.013438632628488798,0.014946876258672243
105,5,32,33,0.06653225806451613,1.0,1,0.8602342537903646,0.9639410438490152
105,5,32,33,0.06653225806451613,1.0,3,0.27897162851149065,0.3197363423232528
105,5,32,33,0.06653225806451613,1.0,5,0.16720862668949535,0.1916093181233018
105,5,32,33,0.06653225806451613,1.0,7,0.11939928779550366,0.13681431921397164
105,5,32,33,0.06653225806451613,1.0,9,0.09285464614698935,0.10639491029177912
105,5,32,33,0.06653225806451613,1.0,11,0.0759672115301542,0.08704358776310787
105,5,32,33,0.06653225806451613,1.0,13,0.06427762011211759,0.07364894146743084
105,5,32,33,0.06653225806451613,1.0,15,0.055706002930713594,0.06382726838400092
105,5,32,33,0.06653225806451613,1.0,17,0.04915160716941502,0.0563171058021372
105,5,32,33,0.06653225806451613,1.0,19,0.04397728397370322,0.05038831573606959
106,5,32,33,0.06653225806451613,0.1,1,0.01274891232538385,0.012755737561807368
106,5,32,33,0.06653225806451613,0.1,3,0.004244075792896142,0.004247614303462918
106,5,32,33,0.06653225806451613,0.1,5,0.002546050229841867,0.002548322644857375
106,5,32,33,0.06653225806451613,0.1,7,0.0018185062078635928,0.0018201748588456414
106,5,32,33,0.06653225806451613,0.1,9,0.001414354048875197,0.0014156715037819065
106,5,32,33,0.06653225806451613,0.1,11,0.0011571793364277224,0.001158267453281675
106,5,32,33,0.06653225806451613,0.1,13,0.0009791408353162438,0.0009800675189142536
106,5,32,33,0.06653225806451613,0.1,15,0.0008485820020875667,0.0008493889192910081
106,5,32,33,0.06653225806451613,0.1,17,0.0007487443970011315,0.0007494589397627523
106,5,32,33,0.06653225806451613,0.1,19,0.0006699261279358101,0.0006705672611808291
106,5,32,33,0.06653225806451613,0.5,1,0.2991595477559843,0.29818730096142815
106,5,32,33,0.06653225806451613,0.5,3,0.09754410723743322,0.09736379345993454
106,5,32,33,0.06653225806451613,0.5,5,0.05840194837454908,0.05831434854482907
106,5,32,33,0.06653225806451613,0.5,7,0.041687144384855775,0.04163088573314636
106,5,32,33,0.06653225806451613,0.5,9,0.032412939184242255,0.032371906678519836
106,5,32,33,0.06653225806451613,0.5,11,0.026514854418412906,0.026482699030846622
106,5,32,33,0.06653225806451613,0.5,13,0.022433048205332103,0.0224066688671439
106,5,32,33,0.06653225806451613,0.5,15,0.0194404266882094,0.019418091105736942
106,5,32,33,0.06653225806451613,0.5,17,0.017152324638620205,0.017132971810250534
106,5,32,33,0.06653225806451613,0.5,19,0.015346143705369254,0.015329078679813646
106,5,32,33,0.06653225806451613,1.0,1,0.9839646619734915,0.9730488961410626
106,5,32,33,0.06653225806451613,1.0,3,0.31146197550966204,0.30971142064152685
106,5,32,33,0.06653225806451613,1.0,5,0.18583029732861775,0.18496812407575766
106,5,32,33,0.06653225806451613,1.0,7,0.13249395405765788,0.13192565054982147
106,5,32,33,0.06653225806451613,1.0,9,0.1029622370860681,0.10253875078801
106,5,32,33,0.06653225806451613,1.0,11,0.08420054405948048,0.08386310071170414
106,5,32,33,0.06653225806451613,1.0,13,0.07122429870330897,0.07094384030078615
106,5,32,33,0.06653225806451613,1.0,15,0.06171438501981528,0.06147444209501495
106,5,32,33,0.06653225806451613,1.0,17,0.054445291782135696,0.0542356326198944
106,5,32,33,0.06653225806451613,1.0,19,0.048708381790472134,0.04852221618196126
107,5,32,33,0.06653225806451613,0.1,1,0.016661589600747942,0.01581849609068329
107,5,32,33,0.06653225806451613,0.1,3,0.0055503191134209885,0.0052666533004205535
107,5,32,33,0.06653225806451613,0.1,5,0.003329801019306915,0.003159398155842206
107,5,32,33,0.06653225806451613,0.1,7,0.002378311896130416,0.0022565421549627742
107,5,32,33,0.06653225806451613,0.1,9,0.0018497478187424225,0.0017550167566907392
107,5,32,33,0.06653225806451613,0.1,11,0.0015134039532943683,0.0014358862065475834
107,5,32,33,0.06653225806451613,0.1,13,0.0012805573439879775,0.001214959460982974
107,5,32,33,0.06653225806451613,0.1,15,0.001109806704553846,0.001052951526096832
107,5,32,33,0.06653225806451613,0.1,17,0.0009792347019806408,0.0009290659343565284
107,5,32,33,0.06653225806451613,0.1,19,0.0008761527734969214,0.0008312632367167986
107,5,32,33,0.06653225806451613,0.5,1,0.3825627551633662,0.3654055863243401
107,5,32,33,0.06653225806451613,0.5,3,0.1272144628498143,0.12036167212934173
107,5,32,33,0.06653225806451613,0.5,5,0.07631831453627093,0.07209633410059924
107,5,32,33,0.06653225806451613,0.5,7,0.054510214129015355,0.051465451801348795
107,5,32,33,0.06653225806451613,0.5,9,0.04239558374583406,0.04001594674741652
107,5,32,33,0.06653225806451613,0.5,11,0.03468663199102256,0.03273401660544662
107,5,32,33,0.06653225806451613,0.5,13,0.029349830824856316,0.027694449656779984
107,5,32,33,0.06653225806451613,0.5,15,0.025436264202865776,0.023999649179364056
107,5,32,33,0.06653225806451613,0.5,17,0.022443587639035464,0.021174701218467665
107,5,32,33,0.06653225806451613,0.5,19,0.02008097985043385,0.0189447703205647
107,5,32,33,0.06653225806451613,1.0,1,1.1731315066918198,1.1454976810908912
107,5,32,33,0.06653225806451613,1.0,3,0.40388412894944997,0.377485122687476
107,5,32,33,0.06653225806451613,1.0,5,0.242353209902596,0.2252615846719617
107,5,32,33,0.06653225806451613,1.0,7,0.17303868034435735,0.16055628626482094
107,5,32,33,0.06653225806451613,1.0,9,0.13454071280719254,0.1247373460779957
107,5,32,33,0.06653225806451613,1.0,11,0.11005120412679358,0.10198822768567525
107,5,32,33,0.06653225806451613,1.0,13,0.0931025442990304,0.08625825540234927
107,5,32,33,0.06653225806451613,1.0,15,0.08067693031346061,0.07473267089383674
107,5,32,33,0.06653225806451613,1.0,17,0.07117712776275614,0.06592438386207752
107,5,32,33,0.06653225806451613,1.0,19,0.06367868081197825,0.05897369991259237
108,5,32,33,0.06653225806451613,0.1,1,0.012993249784071986,0.012395355838501142
108,5,32,33,0.06653225806451613,0.1,3,0.00432696178263716,0.004127236752784523
108,5,32,33,0.06653225806451613,0.1,5,0.002595978237555142,0.002476123754572366
108,5,32,33,0.06653225806451613,0.1,7,0.001854231020469921,0.001768616865898293
108,5,32,33,0.06653225806451613,0.1,9,0.0014421671499579287,0.0013755771457931352
108,5,32,33,0.06653225806451613,0.1,11,0.0011799497499651542,0.0011254665155117603
108,5,32,33,0.06653225806451613,0.1,13,0.000998416492880209,0.0009523150494247169
108,5,32,33,0.06653225806451613,0.1,15,0.0008652929201033874,0.000825338202551498
108,5,32,33,0.06653225806451613,0.1,17,0.0007634929429503014,0.0007282387018602991
108,5,32,33,0.06653225806451613,0.1,19,0.0006831247565201276,0.0006515814388950994
108,5,32,33,0.06653225806451613,0.5,1,0.30496816095389584,0.29123673309071696
108,5,32,33,0.06653225806451613,0.5,3,0.09963943805126176,0.09452895670780898
108,5,32,33,0.06653225806451613,0.5,5,0.059688848557674826,0.05659903570521468
108,5,32,33,0.06653225806451613,0.5,7,0.0426162735345083,0.04040477919366609
108,5,32,33,0.06653225806451613,0.5,9,0.03314003527568025,0.03141856487658811
108,5,32,33,0.06653225806451613,0.5,11,0.02711210859769074,0.025703048132293144
108,5,32,33,0.06653225806451613,0.5,13,0.022939815177604166,0.02174724952003916
108,5,32,33,0.06653225806451613,0.5,15,0.01988052082469279,0.018846809912740983
108,5,32,33,0.06653225806451613,0.5,17,0.017541251373108396,0.0166290627946035
108,5,32,33,0.06653225806451613,0.5,19,0.015694562553182276,0.01487833695718804
108,5,32,33,0.06653225806451613,1.0,1,0.9969896962143027,0.961315223973392
108,5,32,33,0.06653225806451613,1.0,3,0.3133070641800642,0.29584945398264023
108,5,32,33,0.06653225806451613,1.0,5,0.18702782386764283,0.1764492292235284
108,5,32,33,0.06653225806451613,1.0,7,0.13340324475446805,0.12583147392845356
108,5,32,33,0.06653225806451613,1.0,9,0.10369791227191479,0.09780423502539212
108,5,32,33,0.06653225806451613,1.0,11,0.08481883268783127,0.07999494805067933
108,5,32,33,0.06653225806451613,1.0,13,0.07175765830584009,0.06767506369704336
108,5,32,33,0.06653225806451613,1.0,15,0.062183378968915286,0.05864467758151128
108,5,32,33,0.06653225806451613,1.0,17,0.05486380053110043,0.05174115276591428
108,5,32,33,0.06653225806451613,1.0,19,0.049086225255354166,0.0462921127002349
109,5,32,33,0.06653225806451613,0.1,1,0.012965319078432184,0.012852118993666294
109,5,32,33,0.06653225806451613,0.1,3,0.004317195429757507,0.004279078810758581
109,5,32,33,0.06653225806451613,0.1,5,0.002590050945735713,0.0025671979195150702
109,5,32,33,0.06653225806451613,0.1,7,0.001849975400667183,0.0018336616233982851
109,5,32,33,0.06653225806451613,0.1,9,0.0014388475403468138,0.0014261642206445143
109,5,32,33,0.06653225806451613,0.1,11,0.0011772285883726733,0.0011668543047141278
109,5,32,33,0.06653225806451613,0.1,13,0.0009961109444101095,0.0009873345584143925
109,5,32,33,0.06653225806451613,0.1,15,0.0008632928409073925,0.0008556878674253729
109,5,32,33,0.06653225806451613,0.1,17,0.0007617268533813133,0.0007550174359269469
109,5,32,33,0.06653225806451613,0.1,19,0.0006815436394007555,0.0006755410927624914
109,5,32,33,0.06653225806451613,0.5,1,0.3029806997636092,0.29963654002548307
109,5,32,33,0.06653225806451613,0.5,3,0.09885220118047358,0.09730002802951508
109,5,32,33,0.06653225806451613,0.5,5,0.05921060397302698,0.05826791580907785
109,5,32,33,0.06653225806451613,0.5,7,0.04227292638024276,0.041597847228794796
109,5,32,33,0.06653225806451613,0.5,9,0.03287222713491951,0.03234675826042002
109,5,32,33,0.06653225806451613,0.5,11,0.02689259239777115,0.026462554886075223
109,5,32,33,0.06653225806451613,0.5,13,0.022753833831066158,0.022389932662428846
109,5,32,33,0.06653225806451613,0.5,15,0.019719185264921245,0.019403807739599297
109,5,32,33,0.06653225806451613,0.5,17,0.017398793443360143,0.01712053078344369
109,5,32,33,0.06653225806451613,0.5,19,0.015567027045464277,0.015318068516025251
109,5,32,33,0.06653225806451613,1.0,1,0.9830573317098822,0.9742724506159872
109,5,32,33,0.06653225806451613,1.0,3,0.31162322769742556,0.3104966286562397
109,5,32,33,0.06653225806451613,1.0,5,0.1862680570614629,0.185667979428546
109,5,32,33,0.06653225806451613,1.0,7,0.13290080024083972,0.132501039228489
109,5,32,33,0.06653225806451613,1.0,9,0.10331748331593867,0.10301989287315867
109,5,32,33,0.06653225806451613,1.0,11,0.08451089305171827,0.0842737194815177
109,5,32,33,0.06653225806451613,1.0,13,0.07149825539666074,0.07130102509218585
109,5,32,33,0.06653225806451613,1.0,15,0.06195895302177725,0.061790108148277324
109,5,32,33,0.06653225806451613,1.0,17,0.05466586712039491,0.05451824122629607
109,5,32,33,0.06653225806451613,1.0,19,0.04890909581785742,0.0487779370617861
110,5,32,33,0.06653225806451613,0.1,1,0.013551559531306493,0.013164532654971455
110,5,32,33,0.06653225806451613,0.1,3,0.004514534318276165,0.004371897433626605
110,5,32,33,0.06653225806451613,0.1,5,0.002708593633053892,0.0026221119404506205
110,5,32,33,0.06653225806451613,0.1,7,0.0019346847598991327,0.0018727256188861214
110,5,32,33,0.06653225806451613,0.1,9,0.0015047468190958785,0.0014564956354452586
110,5,32,33,0.06653225806451613,0.1,11,0.0012311531775881892,0.0011916495814078853
110,5,32,33,0.06653225806451613,0.1,13,0.001041743385222657,0.0010083048738312585
110,5,32,33,0.06653225806451613,0.1,15,0.000902843391109367,0.000873856592918217
110,5,32,33,0.06653225806451613,0.1,17,0.0007966260049552592,0.0007710454284701419
110,5,32,33,0.06653225806451613,0.1,19,0.0007127703119069031,0.000689879921772563
110,5,32,33,0.06653225806451613,0.5,1,0.31326645672037484,0.31569308606354435
110,5,32,33,0.06653225806451613,0.5,3,0.10299523825353318,0.10121878839092234
110,5,32,33,0.06653225806451613,0.5,5,0.06173296839198855,0.06043661309950705
110,5,32,33,0.06653225806451613,0.5,7,0.044082416577730675,0.04309758665980263
110,5,32,33,0.06653225806451613,0.5,9,0.034282310110273495,0.03349479021050106
110,5,32,33,0.06653225806451613,0.5,11,0.028047501584599694,0.027393539860703715
110,5,32,33,0.06653225806451613,0.5,13,0.02373169317958695,0.023173432191300344
110,5,32,33,0.06653225806451613,0.5,15,0.02056702807899099,0.020080450688702452
110,5,32,33,0.06653225806451613,0.5,17,0.01814711867744322,0.0177161294973888
110,5,32,33,0.06653225806451613,0.5,19,0.016236733161161043,0.015850056896915814
110,5,32,33,0.06653225806451613,1.0,1,0.9881194909433676,1.058015991864413
110,5,32,33,0.06653225806451613,1.0,3,0.31836626136969814,0.32343393776795865
110,5,32,33,0.06653225806451613,1.0,5,0.19050914467696,0.1922323914361526
110,5,32,33,0.06653225806451613,1.0,7,0.13597473868707002,0.13687277527635822
110,5,32,33,0.06653225806451613,1.0,9,0.1057247426652901,0.1062945580384515
110,5,32,33,0.06653225806451613,1.0,11,0.08648816432326274,0.0868931758547657
110,5,32,33,0.06653225806451613,1.0,13,0.07317551038257529,0.07348521836435652
110,5,32,33,0.06653225806451613,1.0,15,0.06341508137652307,0.06366412486838742
110,5,32,33,0.06653225806451613,1.0,17,0.05595230266460997,0.056159938863060414
110,5,32,33,0.06653225806451613,1.0,19,0.05006121731705291,0.05023905109302581
111,5,32,33,0.06653225806451613,0.1,1,0.013379064219087662,0.01421548746108029
111,5,32,33,0.06653225806451613,0.1,3,0.004449624141894528,0.0047342590313183015
111,5,32,33,0.06653225806451613,0.1,5,0.002668948687319648,0.0028402723323254254
111,5,32,33,0.06653225806451613,0.1,7,0.0019061681490504532,0.002028695876278124
111,5,32,33,0.06653225806451613,0.1,9,0.0014824844566582404,0.0015778476439891587
111,5,32,33,0.06653225806451613,0.1,11,0.0012128963793954343,0.0012909532562549288
111,5,32,33,0.06653225806451613,0.1,13,0.00102627101349939,0.001092337843009428
111,5,32,33,0.06653225806451613,0.1,15,0.000889418719539212,0.0009466883863256101
111,5,32,33,0.06653225806451613,0.1,17,0.0007847704798819071,0.0008353103953843899
111,5,32,33,0.06653225806451613,0.1,19,0.000702155559858794,0.0007473809953662898
111,5,32,33,0.06653225806451613,0.5,1,0.3136685566058548,0.32756448490240814
111,5,32,33,0.06653225806451613,0.5,3,0.10135107946737608,0.10742244087652486
111,5,32,33,0.06653225806451613,0.5,5,0.060599041620743706,0.06435290463899214
111,5,32,33,0.06653225806451613,0.5,7,0.04323394590654796,0.045943958685428346
111,5,32,33,0.06653225806451613,0.5,9,0.03360722039169609,0.035726220389578595
111,5,32,33,0.06653225806451613,0.5,11,0.027487732581425398,0.02922691795998823
111,5,32,33,0.06653225806451613,0.5,13,0.023253883354736153,0.024728547531086685
111,5,32,33,0.06653225806451613,0.5,15,0.02015037009618084,0.02143027816993436
111,5,32,33,0.06653225806451613,0.5,17,0.017777799227722508,0.018908352925913162
111,5,32,33,0.06653225806451613,0.5,19,0.015905127482193117,0.016917519533435753
111,5,32,33,0.06653225806451613,1.0,1,1.00988238853013,1.0229399182523133
111,5,32,33,0.06653225806451613,1.0,3,0.30910953454497797,0.3269850269240872
111,5,32,33,0.06653225806451613,1.0,5,0.18368972421280216,0.19537352272477113
111,5,32,33,0.06653225806451613,1.0,7,0.130803500880918,0.1393758791864183
111,5,32,33,0.06653225806451613,1.0,9,0.10159285399474689,0.10834233940765611
111,5,32,33,0.06653225806451613,1.0,11,0.08305679984719998,0.08861658185347207
111,5,32,33,0.06653225806451613,1.0,13,0.07024491154756328,0.07496916901459137
111,5,32,33,0.06653225806451613,1.0,15,0.06085917389620427,0.0649651428512054
111,5,32,33,0.06653225806451613,1.0,17,0.05368686797803648,0.057317108479852504
111,5,32,33,0.06653225806451613,1.0,19,0.04802736773115546,0.0512803699834204
112,5,32,33,0.06653225806451613,0.1,1,0.016119793357745847,0.014785964193229627
112,5,32,33,0.06653225806451613,0.1,3,0.0053724594266810165,0.004924907004274965
112,5,32,33,0.06653225806451613,0.1,5,0.0032234371704422463,0.0029547644768451865
112,5,32,33,0.06653225806451613,0.1,7,0.0023024475509323713,0.0021105106891999817
112,5,32,33,0.06653225806451613,0.1,9,0.0017907901166810821,0.0016414969945117521
112,5,32,33,0.06653225806451613,0.1,11,0.001465190910212837,0.0013430383075311203
112,5,32,33,0.06653225806451613,0.1,13,0.0012397764357031426,0.001136414748005294
112,5,32,33,0.06653225806451613,0.1,15,0.001074472645420345,0.0009848915410520017
112,5,32,33,0.06653225806451613,0.1,17,0.0009480639423270559,0.0008690212164934676
112,5,32,33,0.06653225806451613,0.1,19,0.0008482676396435479,0.0007775448400081223
112,5,32,33,0.06653225806451613,0.5,1,0.36753497662241835,0.34115731416214656
112,5,32,33,0.06653225806451613,0.5,3,0.1221880345828953,0.11165042803028687
112,5,32,33,0.06653225806451613,0.5,5,0.07329912661218675,0.06689255890275916
112,5,32,33,0.06653225806451613,0.5,7,0.05235385262705687,0.047761199832197544
112,5,32,33,0.06653225806451613,0.5,9,0.040718812451144455,0.037141457259027955
112,5,32,33,0.06653225806451613,0.5,11,0.033315040170616435,0.030385921463343943
112,5,32,33,0.06653225806451613,0.5,13,0.028189478276916355,0.02570992657481055
112,5,32,33,0.06653225806451613,0.5,15,0.024430788179123177,0.022281263378818143
112,5,32,33,0.06653225806451613,0.5,17,0.02155652298296286,0.01965954143766442
112,5,32,33,0.06653225806451613,0.5,19,0.019287380913458184,0.017589867065778732
112,5,32,33,0.06653225806451613,1.0,1,1.1086364865471356,1.065855573050458
112,5,32,33,0.06653225806451613,1.0,3,0.37112937657299444,0.33448210374871334
112,5,32,33,0.06653225806451613,1.0,5,0.22275452220850492,0.19962608324958248
112,5,32,33,0.06653225806451613,1.0,7,0.159124822175966,0.14237988524434875
112,5,32,33,0.06653225806451613,1.0,9,0.12376830459162232,0.1106725488581692
112,5,32,33,0.06653225806451613,1.0,11,0.10126684948166548,0.09052235208281773
112,5,32,33,0.06653225806451613,1.0,13,0.08568824229472903,0.07658224686511605
112,5,32,33,0.06653225806451613,1.0,15,0.07426363601018302,0.06636388991624037
112,5,32,33,0.06653225806451613,1.0,17,0.06552702776913791,0.058552014724026484
112,5,32,33,0.06653225806451613,1.0,19,0.05862962772695878,0.05238590999907139
113,5,32,33,0.06653225806451613,0.1,1,0.013983847953588853,0.013507319833403642
113,5,32,33,0.06653225806451613,0.1,3,0.004656914143974823,0.004498206058487678
113,5,32,33,0.06653225806451613,0.1,5,0.0027938551021829653,0.002698713972070101
113,5,32,33,0.06653225806451613,0.1,7,0.001995537736976832,0.0019276103218567617
113,5,32,33,0.06653225806451613,0.1,9,0.0015520567198024646,0.001499238468075548
113,5,32,33,0.06653225806451613,0.1,11,0.0012698509409479742,0.0012266436923592395
113,5,32,33,0.06653225806451613,0.1,13,0.0010744816589488087,0.0010379262968324902
113,5,32,33,0.06653225806451613,0.1,15,0.0009312127868549609,0.0008995344598480532
113,5,32,33,0.06653225806451613,0.1,17,0.0008216552931327422,0.0007937058697399812
113,5,32,33,0.06653225806451613,0.1,19,0.0007351631583734568,0.0007101572360774847
113,5,32,33,0.06653225806451613,0.5,1,0.3239214436295628,0.31457864503812344
113,5,32,33,0.06653225806451613,0.5,3,0.10618092853044042,0.10267880691108143
113,5,32,33,0.06653225806451613,0.5,5,0.06361780556770329,0.061504839930774366
113,5,32,33,0.06653225806451613,0.5,7,0.04542177288745844,0.04391163205481956
113,5,32,33,0.06653225806451613,0.5,9,0.035321258567196534,0.034146879523040796
113,5,32,33,0.06653225806451613,0.5,11,0.028896176556377943,0.027935582435054725
113,5,32,33,0.06653225806451613,0.5,13,0.02444902490593588,0.023636433673728714
113,5,32,33,0.06653225806451613,0.5,15,0.021188233277829017,0.020484156690596042
113,5,32,33,0.06653225806451613,0.5,17,0.01869492155888127,0.018073806712199773
113,5,32,33,0.06653225806451613,0.5,19,0.01672665032127483,0.01617101551715002
113,5,32,33,0.06653225806451613,1.0,1,1.0240893078071704,1.011243145947663
113,5,32,33,0.06653225806451613,1.0,3,0.32893146238567356,0.31984427702290896
113,5,32,33,0.06653225806451613,1.0,5,0.1967943303439903,0.1909112563787178
113,5,32,33,0.06653225806451613,1.0,7,0.1404545303059105,0.13614703674982967
113,5,32,33,0.06653225806451613,1.0,9,0.1092054995038645,0.10581573677467257
113,5,32,33,0.06653225806451613,1.0,11,0.08933429684026058,0.08654221884844937
113,5,32,33,0.06653225806451613,1.0,13,0.0755827490970935,0.0732100695215793
113,5,32,33,0.06653225806451613,1.0,15,0.06550069615406562,0.06343827318984432
113,5,32,33,0.06653225806451613,1.0,17,0.057792100968031675,0.05596837921993643
113,5,32,33,0.06653225806451613,1.0,19,0.051707030714941225,0.050072598255411924
114,5,32,33,0.06653225806451613,0.1,1,0.013601292960412188,0.013204291186779215
114,5,32,33,0.06653225806451613,0.1,3,0.0045309511900919084,0.004396706151914095
114,5,32,33,0.06653225806451613,0.1,5,0.0027184309054905987,0.0026377107016866794
114,5,32,33,0.06653225806451613,0.1,7,0.0019417078936916732,0.0018840016806010466
114,5,32,33,0.06653225806451613,0.1,9,0.0015102078370969902,0.0014653049117021913
114,5,32,33,0.06653225806451613,0.1,11,0.0012356205709031331,0.0011988714875480742
114,5,32,33,0.06653225806451613,0.1,13,0.001045523080232716,0.0010144217497612916
114,5,32,33,0.06653225806451613,0.1,15,0.0009061188727043194,0.0008791606469584395
114,5,32,33,0.06653225806451613,0.1,17,0.0007995159666508651,0.0007757267957835655
114,5,32,33,0.06653225806451613,0.1,19,0.0007153559489125725,0.0006940691466413258
114,5,32,33,0.06653225806451613,0.5,1,0.3147884626907352,0.3077762674176527
114,5,32,33,0.06653225806451613,0.5,3,0.10347674078556027,0.10041681396351383
114,5,32,33,0.06653225806451613,0.5,5,0.06201999164533847,0.06014608750830808
114,5,32,33,0.06653225806451613,0.5,7,0.044286883225303005,0.04294000436909549
114,5,32,33,0.06653225806451613,0.5,9,0.03444110806866128,0.03339055868408958
114,5,32,33,0.06653225806451613,0.5,11,0.028177308631805637,0.02731641242029013
114,5,32,33,0.06653225806451613,0.5,13,0.02384146132855367,0.023112291070493757
114,5,32,33,0.06653225806451613,0.5,15,0.020662117302067937,0.02002974594739432
114,5,32,33,0.06653225806451613,0.5,17,0.01823099202238351,0.01767274822843539
114,5,32,33,0.06653225806451613,0.5,19,0.01631175743608086,0.01581209532393299
114,5,32,33,0.06653225806451613,1.0,1,0.9973170991412521,1.0164049443299867
114,5,32,33,0.06653225806451613,1.0,3,0.3207284112602848,0.3160058952924897
114,5,32,33,0.06653225806451613,1.0,5,0.19197795810147533,0.18794462748651547
114,5,32,33,0.06653225806451613,1.0,7,0.13703155683252313,0.13384553518735173
114,5,32,33,0.06653225806451613,1.0,9,0.10654775196832143,0.10395110715963612
114,5,32,33,0.06653225806451613,1.0,11,0.08716130492442063,0.08497909336452801
114,5,32,33,0.06653225806451613,1.0,13,0.07374464301138513,0.07186595137360363
114,5,32,33,0.06653225806451613,1.0,15,0.06390790032352917,0.06225995132205747
114,5,32,33,0.06653225806451613,1.0,17,0.05638677923844562,0.05491974389293095
114,5,32,33,0.06653225806451613,1.0,19,0.050449661726509845,0.049128094077198814
115,5,32,33,0.06653225806451613,0.1,1,0.014233074296683445,0.013355028038101787
115,5,32,33,0.06653225806451613,0.1,3,0.004736597396707358,0.004439777565039752
115,5,32,33,0.06653225806451613,0.1,5,0.0028413311930248725,0.0026628149155751195
115,5,32,33,0.06653225806451613,0.1,7,0.002029352466841752,0.0019017158437513871
115,5,32,33,0.06653225806451613,0.1,9,0.001578316357577446,0.0014789903904762307
115,5,32,33,0.06653225806451613,0.1,11,0.0012913152411975462,0.001210021219211873
115,5,32,33,0.06653225806451613,0.1,13,0.001092631670791919,0.0010238285288329625
115,5,32,33,0.06653225806451613,0.1,15,0.0009469351730418078,0.0008872957331764524
115,5,32,33,0.06653225806451613,0.1,17,0.0008355228721823268,0.0007828930810966124
115,5,32,33,0.06653225806451613,0.1,19,0.000747567395662972,0.0007004728242595301
115,5,32,33,0.06653225806451613,0.5,1,0.3298646108693478,0.3105287567367962
115,5,32,33,0.06653225806451613,0.5,3,0.107265931128537,0.09993856761490813
115,5,32,33,0.06653225806451613,0.5,5,0.06419828753465061,0.05977721196623118
115,5,32,33,0.06653225806451613,0.5,7,0.0458172069705302,0.04265619072969205
115,5,32,33,0.06653225806451613,0.5,9,0.03562101451385344,0.033161865431080864
115,5,32,33,0.06653225806451613,0.5,11,0.029137519691078303,0.027125394904737383
115,5,32,33,0.06653225806451613,0.5,13,0.024651005842932523,0.022948458701166796
115,5,32,33,0.06653225806451613,0.5,15,0.02136189135223524,0.019886395200733705
115,5,32,33,0.06653225806451613,0.5,17,0.018847223564570838,0.01754536083560218
115,5,32,33,0.06653225806451613,0.5,19,0.016862274117135378,0.015697490014650366
115,5,32,33,0.06653225806451613,1.0,1,1.0384178817762841,0.9866615462391148
115,5,32,33,0.06653225806451613,1.0,3,0.3257554698658147,0.31357703926921704
115,5,32,33,0.06653225806451613,1.0,5,0.19425083723899148,0.18706111900718994
115,5,32,33,0.06653225806451613,1.0,7,0.1384396331517592,0.13335055083552524
115,5,32,33,0.06653225806451613,1.0,9,0.10755202289279674,0.10361784331602605
115,5,32,33,0.06653225806451613,1.0,11,0.08793630887015998,0.08473132828853307
115,5,32,33,0.06653225806451613,1.0,13,0.07437332984515845,0.07167014120715053
115,5,32,33,0.06653225806451613,1.0,15,0.06443566391425189,0.06209871265445823
115,5,32,33,0.06653225806451613,1.0,17,0.05684097522311153,0.05478302131461011
115,5,32,33,0.06653225806451613,1.0,19,0.05084797276730838,0.04900959287727376
116,5,32,33,0.06653225806451613,0.1,1,0.014231321084240467,0.014084692908348158
116,5,32,33,0.06653225806451613,0.1,3,0.004736032797871635,0.004691070988991463
116,5,32,33,0.06653225806451613,0.1,5,0.0028409944851229513,0.0028144523978024458
116,5,32,33,0.06653225806451613,0.1,7,0.0020291125665985173,0.0020102847485615684
116,5,32,33,0.06653225806451613,0.1,9,0.0015781300255760435,0.0015635422331534302
116,5,32,33,0.06653225806451613,0.1,11,0.0012911629202234966,0.0012792565073994095
116,5,32,33,0.06653225806451613,0.1,13,0.0010925028608938208,0.0010824451708934995
116,5,32,33,0.06653225806451613,0.1,15,0.0009468235865478856,0.0009381176817821196
116,5,32,33,0.06653225806451613,0.1,17,0.0008354244462865529,0.0008277500139276578
116,5,32,33,0.06653225806451613,0.1,19,0.0007474793534744151,0.0007406178696478068
116,5,32,33,0.06653225806451613,0.5,1,0.3298020853559327,0.3249044653765929
116,5,32,33,0.06653225806451613,0.5,3,0.10724519900661715,0.10629014501241998
116,5,32,33,0.06653225806451613,0.5,5,0.06418581214727771,0.06365976811309998
116,5,32,33,0.06653225806451613,0.5,7,0.045808299154066805,0.04544563302223256
116,5,32,33,0.06653225806451613,0.5,9,0.03561409112482362,0.035337452907398315
116,5,32,33,0.06653225806451613,0.5,11,0.029131858825239776,0.028908289141058686
116,5,32,33,0.06653225806451613,0.5,13,0.024646218531477037,0.024458645802652078
116,5,32,33,0.06653225806451613,0.5,15,0.02135774425186904,0.02119618990246592
116,5,32,33,0.06653225806451613,0.5,17,0.018843565753891546,0.018701693896670167
116,5,32,33,0.06653225806451613,0.5,19,0.01685900238685075,0.01673253958257592
116,5,32,33,0.06653225806451613,1.0,1,1.037673346708855,1.0125075982460212
116,5,32,33,0.06653225806451613,1.0,3,0.32526999267056544,0.3224226811848408
116,5,32,33,0.06653225806451613,1.0,5,0.19393753460514288,0.19264881603748113
116,5,32,33,0.06653225806451613,1.0,7,0.13820817873566002,0.13740253658901216
116,5,32,33,0.06653225806451613,1.0,9,0.10736845983588826,0.1067879109648148
116,5,32,33,0.06653225806451613,1.0,11,0.0877842019153954,0.08733199177982658
116,5,32,33,0.06653225806451613,1.0,13,0.07424347044295478,0.07387369361001044
116,5,32,33,0.06653225806451613,1.0,15,0.06432237257759006,0.06400984962731346
116,5,32,33,0.06653225806451613,1.0,17,0.05674050177827099,0.05646999546981025
116,5,32,33,0.06653225806451613,1.0,19,0.05075771113762765,0.05051932322617911
117,5,32,33,0.06653225806451613,0.1,1,0.012125040555587696,0.012142417179449173
117,5,32,33,0.06653225806451613,0.1,3,0.00403714017629304,0.004043083499751799
117,5,32,33,0.06653225806451613,0.1,5,0.002422055102351516,0.002425633206881756
117,5,32,33,0.06653225806451613,0.1,7,0.0017299940026143685,0.0017325523224270807
117,5,32,33,0.06653225806451613,0.1,9,0.0013455363440534995,0.0013475269737484891
117,5,32,33,0.06653225806451613,0.1,11,0.0011008873421872066,0.001102516383907089
117,5,32,33,0.06653225806451613,0.1,13,0.0009315171226698208,0.0009328957110829601
117,5,32,33,0.06653225806451613,0.1,15,0.0008073132426743868,0.0008085081111527674
117,5,32,33,0.06653225806451613,0.1,17,0.000712334272232187,0.0007133886222164611
117,5,32,33,0.06653225806451613,0.1,19,0.0006373511262701437,0.0006382945261216459
117,5,32,33,0.06653225806451613,0.5,1,0.28481092312665224,0.2857003160618773
117,5,32,33,0.06653225806451613,0.5,3,0.09287079736526241,0.0932767028319122
117,5,32,33,0.06653225806451613,0.5,5,0.05560747160787667,0.055866463800443834
117,5,32,33,0.06653225806451613,0.5,7,0.03969560115080941,0.039884771330265634
117,5,32,33,0.06653225806451613,0.5,9,0.03086644605838361,0.03101510809767094
117,5,32,33,0.06653225806451613,0.5,11,0.02525103860654672,0.025373349397205383
117,5,32,33,0.06653225806451613,0.5,13,0.02136463013632656,0.021468466982207002
117,5,32,33,0.06653225806451613,0.5,15,0.018515119668986637,0.01860530269348823
117,5,32,33,0.06653225806451613,0.5,17,0.016336341655588518,0.01641602939556878
117,5,32,33,0.06653225806451613,0.5,19,0.014616394220808846,0.014687766393714346
117,5,32,33,0.06653225806451613,1.0,1,0.9387015577410497,0.9410971516745321
117,5,32,33,0.06653225806451613,1.0,3,0.2945372661967114,0.2962071172114303
117,5,32,33,0.06653225806451613,1.0,5,0.1758666188109753,0.1767863131751257
117,5,32,33,0.06653225806451613,1.0,7,0.12545094761832934,0.12607804346958382
117,5,32,33,0.06653225806451613,1.0,9,0.09751902278089676,0.09799498565795359
117,5,32,33,0.06653225806451613,1.0,11,0.07976591160945586,0.08014993721746029
117,5,32,33,0.06653225806451613,1.0,13,0.06748332875120062,0.06780549281765647
117,5,32,33,0.06653225806451613,1.0,15,0.05847961790604317,0.05875726106722662
117,5,32,33,0.06653225806451613,1.0,17,0.05159616202448857,0.051840196576281444
117,5,32,33,0.06653225806451613,1.0,19,0.046162789958774424,0.04638053449589733
118,5,32,33,0.06653225806451613,0.1,1,0.014828288681934998,0.014071530811448019
118,5,32,33,0.06653225806451613,0.1,3,0.004939057811573837,0.004681830162382265
118,5,32,33,0.06653225806451613,0.1,5,0.0029632408444293596,0.002808402691695747
118,5,32,33,0.06653225806451613,0.1,7,0.0021165594138448677,0.002005814624665859
118,5,32,33,0.06653225806451613,0.1,9,0.001646198734136185,0.0015600022880339584
118,5,32,33,0.06653225806451613,0.1,11,0.001346883620785822,0.0012763276450375432
118,5,32,33,0.06653225806451613,0.1,13,0.0011396675215393547,0.001079947974733309
118,5,32,33,0.06653225806451613,0.1,15,0.000987709989239525,0.0009359414765998822
118,5,32,33,0.06653225806451613,0.1,17,0.0008715076543381002,0.0008258217881193133
118,5,32,33,0.06653225806451613,0.1,19,0.0007797692405615695,0.0007388869492967119
118,5,32,33,0.06653225806451613,0.5,1,0.34231550662433813,0.3268448267936997
118,5,32,33,0.06653225806451613,0.5,3,0.11234802866312915,0.10590656872604931
118,5,32,33,0.06653225806451613,0.5,5,0.06732611530977915,0.06335141912558727
118,5,32,33,0.06653225806451613,0.5,7,0.04807339100364929,0.04520488651297098
118,5,32,33,0.06653225806451613,0.5,9,0.03738493981323506,0.03514204548864817
118,5,32,33,0.06653225806451613,0.5,11,0.030585356054756534,0.02874437456742537
118,5,32,33,0.06653225806451613,0.5,13,0.025878760507298045,0.024317667075706977
118,5,32,33,0.06653225806451613,0.5,15,0.02242761633338944,0.021072595374726152
118,5,32,33,0.06653225806451613,0.5,17,0.01978868591885065,0.01859170532004019
118,5,32,33,0.06653225806451613,0.5,19,0.017705418181284963,0.016633478909192728
118,5,32,33,0.06653225806451613,1.0,1,1.0729343454794478,1.0356318726611824
118,5,32,33,0.06653225806451613,1.0,3,0.3476899326091516,0.32324857487059067
118,5,32,33,0.06653225806451613,1.0,5,0.20807310926760478,0.19291585009975865
118,5,32,33,0.06653225806451613,1.0,7,0.14850393950778576,0.13758111770253825
118,5,32,33,0.06653225806451613,1.0,9,0.1154604917533321,0.10693325399548619
118,5,32,33,0.06653225806451613,1.0,11,0.09444827818080141,0.08745779715542461
118,5,32,33,0.06653225806451613,1.0,13,0.07990747458130666,0.07398552957488734
118,5,32,33,0.06653225806451613,1.0,15,0.06924707688121905,0.06411080066973396
118,5,32,33,0.06653225806451613,1.0,17,0.06109650814001861,0.056562089100245405
118,5,32,33,0.06653225806451613,1.0,19,0.05466270599619053,0.05060402016501174
119,5,32,33,0.06653225806451613,0.1,1,0.012653912061635828,0.012653912061635905
119,5,32,33,0.06653225806451613,0.1,3,0.004212128225502442,0.004212128225502385
119,5,32,33,0.06653225806451613,0.1,5,0.00252682330066854,0.002526823300668481
119,5,32,33,0.06653225806451613,0.1,7,0.001804752936113105,0.0018047529361131332
119,5,32,33,0.06653225806451613,0.1,9,0.0014036481413425722,0.0014036481413425644
119,5,32,33,0.06653225806451613,0.1,11,0.0011484151963172414,0.0011484151963173975
119,5,32,33,0.06653225806451613,0.1,13,0.0009717221897196336,0.0009717221897197712
119,5,32,33,0.06653225806451613,0.1,15,0.0008421506869813866,0.0008421506869814832
119,5,32,33,0.06653225806451613,0.1,17,0.0007430684672358806,0.0007430684672362526
119,5,32,33,0.06653225806451613,0.1,19,0.0006648467828708093,0.0006648467828711702
119,5,32,33,0.06653225806451613,0.5,1,0.29681544845671637,0.2968154484567172
119,5,32,33,0.06653225806451613,0.5,3,0.09673831415018778,0.09673831415018894
119,5,32,33,0.06653225806451613,0.5,5,0.05791627484676934,0.0579162748467705
119,5,32,33,0.06653225806451613,0.5,7,0.04133991523076769,0.04133991523076833
119,5,32,33,0.06653225806451613,0.5,9,0.03214280038813972,0.032142800388140505
119,5,32,33,0.06653225806451613,0.5,11,0.026293813137089294,0.02629381313708958
119,5,32,33,0.06653225806451613,0.5,13,0.022246009123058425,0.022246009123058984
119,5,32,33,0.06653225806451613,0.5,15,0.01927832640647827,0.01927832640647851
119,5,32,33,0.06653225806451613,0.5,17,0.017009296549882206,0.0170092965498823
119,5,32,33,0.06653225806451613,0.5,19,0.015218173055128074,0.015218173055128056
119,5,32,33,0.06653225806451613,1.0,1,0.9723217528478995,0.972321752847902
119,5,32,33,0.06653225806451613,1.0,3,0.3038748673918323,0.3038748673918352
119,5,32,33,0.06653225806451613,1.0,5,0.181202680770465,0.18120268077046767
119,5,32,33,0.06653225806451613,1.0,7,0.12919046442401375,0.12919046442401758
119,5,32,33,0.06653225806451613,1.0,9,0.10039853998563725,0.10039853998563923
119,5,32,33,0.06653225806451613,1.0,11,0.08210738106704368,0.08210738106704545
119,5,32,33,0.06653225806451613,1.0,13,0.06945629591133565,0.06945629591133845
119,5,32,33,0.06653225806451613,1.0,15,0.06018435648206578,0.06018435648206843
119,5,32,33,0.06653225806451613,1.0,17,0.05309690287426104,0.05309690287426219
119,5,32,33,0.06653225806451613,1.0,19,0.04750315238282318,0.047503152382824536
120,5,32,33,0.06653225806451613,0.1,1,0.012983567954738968,0.01299002619803235
120,5,32,33,0.06653225806451613,0.1,3,0.0043249856691055626,0.0043257322827825444
120,5,32,33,0.06653225806451613,0.1,5,0.002594838398899655,0.0025951086957673787
120,5,32,33,0.06653225806451613,0.1,7,0.0018534230294673746,0.0018535612354078088
120,5,32,33,0.06653225806451613,0.1,9,0.0014415397920000237,0.0014416234935606693
120,5,32,33,0.06653225806451613,0.1,11,0.0011794365342167193,0.0011794926052388175
120,5,32,33,0.06653225806451613,0.1,13,0.0009979820914479609,0.0009980222560814303
120,5,32,33,0.06653225806451613,0.1,15,0.0008649162642594955,0.0008649464427225459
120,5,32,33,0.06653225806451613,0.1,17,0.0007631604392193202,0.0007631839406574845
120,5,32,33,0.06653225806451613,0.1,19,0.0006828271166215608,0.0006828459346085914
120,5,32,33,0.06653225806451613,0.5,1,0.3034171260159466,0.30392911789589233
120,5,32,33,0.06653225806451613,0.5,3,0.09972023045727306,0.09978328846671762
120,5,32,33,0.06653225806451613,0.5,5,0.059765163732842005,0.05978699072848895
120,5,32,33,0.06653225806451613,0.5,7,0.04267583017374471,0.042686732016802495
120,5,32,33,0.06653225806451613,0.5,9,0.033187848838397926,0.033194358367259647
120,5,32,33,0.06653225806451613,0.5,11,0.02715179796772206,0.027156117636433073
120,5,32,33,0.06653225806451613,0.5,13,0.022973652399877656,0.022976725885211643
120,5,32,33,0.06653225806451613,0.5,15,0.01990997210324518,0.01991226982308262
120,5,32,33,0.06653225806451613,0.5,17,0.017567304677017444,0.017569087046360767
120,5,32,33,0.06653225806451613,0.5,19,0.01571791085234507,0.015719333582188497
120,5,32,33,0.06653225806451613,1.0,1,0.9833638845065391,0.9841732705061077
120,5,32,33,0.06653225806451613,1.0,3,0.3163121836386953,0.3165949133159229
120,5,32,33,0.06653225806451613,1.0,5,0.18915849893728423,0.18929956392529068
120,5,32,33,0.06653225806451613,1.0,7,0.13498405197041907,0.1350608814940509
120,5,32,33,0.06653225806451613,1.0,9,0.10494490885319008,0.10499221698335769
120,5,32,33,0.06653225806451613,1.0,11,0.08584580569694916,0.08587760494790951
120,5,32,33,0.06653225806451613,1.0,13,0.07262963969262755,0.07265239456804261
120,5,32,33,0.06653225806451613,1.0,15,0.06294058961624899,0.0629576430254308
120,5,32,33,0.06653225806451613,1.0,17,0.05553272546212706,0.05554596562725907
120,5,32,33,0.06653225806451613,1.0,19,0.049685185546180434,0.04969575483421424
121,5,32,33,0.06653225806451613,0.1,1,0.013391843536235508,0.01343488535268749
121,5,32,33,0.06653225806451613,0.1,3,0.004458294976990595,0.0044698102875807754
121,5,32,33,0.06653225806451613,0.1,5,0.0026746254205699685,0.0026811983345313827
121,5,32,33,0.06653225806451613,0.1,7,0.0019103625365431058,0.0019149548644544954
121,5,32,33,0.06653225806451613,0.1,9,0.0014858058540794048,0.0014893333959863175
121,5,32,33,0.06653225806451613,0.1,11,0.0012156442723765407,0.0012185074154732421
121,5,32,33,0.06653225806451613,0.1,13,0.0010286138030534064,0.0010310229814263052
121,5,32,33,0.06653225806451613,0.1,15,0.0008914602854146997,0.0008935396757553081
121,5,32,33,0.06653225806451613,0.1,17,0.000786579348681945,0.0007884083281336908
121,5,32,33,0.06653225806451613,0.1,19,0.0007037792907854682,0.0007054116666205153
121,5,32,33,0.06653225806451613,0.5,1,0.3127197815255382,0.3144684805131348
121,5,32,33,0.06653225806451613,0.5,3,0.10184220891188545,0.10196805669558777
121,5,32,33,0.06653225806451613,0.5,5,0.06098098000496621,0.06104670387254566
121,5,32,33,0.06653225806451613,0.5,7,0.04353081327277949,0.04357770750431366
121,5,32,33,0.06653225806451613,0.5,9,0.03384790228525608,0.033884809773984975
121,5,32,33,0.06653225806451613,0.5,11,0.02768954962259736,0.02772008985870888
121,5,32,33,0.06653225806451613,0.5,13,0.023427438953403042,0.02345352169881736
121,5,32,33,0.06653225806451613,0.5,15,0.02030251902330731,0.02032529365129479
121,5,32,33,0.06653225806451613,0.5,17,0.017913199029516248,0.017933416392000922
121,5,32,33,0.06653225806451613,0.5,19,0.016027076765891827,0.0160452561955204
121,5,32,33,0.06653225806451613,1.0,1,1.017228551857814,1.0151185447377045
121,5,32,33,0.06653225806451613,1.0,3,0.3215080471596164,0.3214298423435547
121,5,32,33,0.06653225806451613,1.0,5,0.1914765762008354,0.19146632626823015
121,5,32,33,0.06653225806451613,1.0,7,0.13640154107457517,0.13640192724374792
121,5,32,33,0.06653225806451613,1.0,9,0.10594593451089089,0.10594857287817304
121,5,32,33,0.06653225806451613,1.0,11,0.08661249602315299,0.08661552815857643
121,5,32,33,0.06653225806451613,1.0,13,0.07324792748173002,0.0732508629357288
121,5,32,33,0.06653225806451613,1.0,15,0.06345718311353044,0.06345989555858786
121,5,32,33,0.06653225806451613,1.0,17,0.055975601063046644,0.055978073495251385
121,5,32,33,0.06653225806451613,1.0,19,0.050072329141952934,0.05007457790554961
122,5,32,33,0.06653225806451613,0.1,1,0.013506960988284054,0.011812433991317423
122,5,32,33,0.06653225806451613,0.1,3,0.004498120916619972,0.003933921489091072
122,5,32,33,0.06653225806451613,0.1,5,0.002698671554915181,0.002360182604619915
122,5,32,33,0.06653225806451613,0.1,7,0.0019275829954847402,0.0016858112137637278
122,5,32,33,0.06653225806451613,0.1,9,0.0014992185628617675,0.0013111757766810274
122,5,32,33,0.06653225806451613,0.1,11,0.0012266281282296444,0.0010727757400356703
122,5,32,33,0.06653225806451613,0.1,13,0.0010379135577591445,0.0009077311573111073
122,5,32,33,0.06653225806451613,0.1,15,0.0008995236964331307,0.0007866991611989886
122,5,32,33,0.06653225806451613,0.1,17,0.0007936965613379408,0.0006941456257515177
122,5,32,33,0.06653225806451613,0.1,19,0.00071014904178035,0.0006210772303989227
122,5,32,33,0.06653225806451613,0.5,1,0.31162614594356175,0.2793890985116385
122,5,32,33,0.06653225806451613,0.5,3,0.10167342378418162,0.09131535270914856
122,5,32,33,0.06653225806451613,0.5,5,0.060905495670911185,0.05470711284870513
122,5,32,33,0.06653225806451613,0.5,7,0.043484646923807935,0.03906043211602825
122,5,32,33,0.06653225806451613,0.5,9,0.03381523278854921,0.03037519788749373
122,5,32,33,0.06653225806451613,0.5,11,0.027664459754796155,0.024850307967006473
122,5,32,33,0.06653225806451613,0.5,13,0.023407149096711044,0.021026149047461522
122,5,32,33,0.06653225806451613,0.5,15,0.020285521839595776,0.0182221000462665
122,5,32,33,0.06653225806451613,0.5,17,0.017898592446213113,0.016077991936199184
122,5,32,33,0.06653225806451613,0.5,19,0.016014280786752797,0.014385363693999387
122,5,32,33,0.06653225806451613,1.0,1,0.9795909667491011,0.932700838858699
122,5,32,33,0.06653225806451613,1.0,3,0.3072144618078823,0.2958222748771899
122,5,32,33,0.06653225806451613,1.0,5,0.18350392616587666,0.176863524055196
122,5,32,33,0.06653225806451613,1.0,7,0.1309125014715834,0.12620864480772645
122,5,32,33,0.06653225806451613,1.0,9,0.10176911915126151,0.09812323563762762
122,5,32,33,0.06653225806451613,1.0,11,0.08324423332079448,0.08026650375076866
122,5,32,33,0.06653225806451613,1.0,13,0.07042701117552275,0.06790996128144514
122,5,32,33,0.06653225806451613,1.0,15,0.06103107945884075,0.058851033775700445
122,5,32,33,0.06653225806451613,1.0,17,0.05384761299794822,0.051924867975929406
122,5,32,33,0.06653225806451613,1.0,19,0.04817734824778392,0.04645751507446391
123,5,32,33,0.06653225806451613,0.1,1,0.012894029640366995,0.012916915644274853
123,5,32,33,0.06653225806451613,0.1,3,0.0042938891744036395,0.004299526973868341
123,5,32,33,0.06653225806451613,0.1,5,0.0025761263960621863,0.0025792993448549044
123,5,32,33,0.06653225806451613,0.1,7,0.0018400479203699023,0.0018422521003944505
123,5,32,33,0.06653225806451613,0.1,9,0.0014311343257170728,0.001432822200034781
123,5,32,33,0.06653225806451613,0.1,11,0.0011709220593439451,0.0011722893748246945
123,5,32,33,0.06653225806451613,0.1,13,0.000990777173315986,0.000991926168633487
123,5,32,33,0.06653225806451613,0.1,15,0.0008586718488993882,0.0008596626037171955
123,5,32,33,0.06653225806451613,0.1,17,0.0007576505967603899,0.0007585214009831598
123,5,32,33,0.06653225806451613,0.1,19,0.000677897233618475,0.0006786739843886241
123,5,32,33,0.06653225806451613,0.5,1,0.3017717722174191,0.30255703944300943
123,5,32,33,0.06653225806451613,0.5,3,0.09832798051143789,0.09819246346833316
123,5,32,33,0.06653225806451613,0.5,5,0.058878090749991195,0.05878137738463922
123,5,32,33,0.06653225806451613,0.5,7,0.042030690578621445,0.041959075802405196
123,5,32,33,0.06653225806451613,0.5,9,0.032681980285765036,0.032625606967991654
123,5,32,33,0.06653225806451613,0.5,11,0.026736044543223772,0.026689695696689306
123,5,32,33,0.06653225806451613,0.5,13,0.022620875444012346,0.022581572674250486
123,5,32,33,0.06653225806451613,0.5,15,0.019603652903459935,0.019569557893332864
123,5,32,33,0.06653225806451613,0.5,17,0.01729665607160518,0.017266560766919337
123,5,32,33,0.06653225806451613,0.5,19,0.015475505434650346,0.015448575678366855
123,5,32,33,0.06653225806451613,1.0,1,0.9861175224641461,0.9902425142976649
123,5,32,33,0.06653225806451613,1.0,3,0.30514757974210804,0.305575288495798
123,5,32,33,0.06653225806451613,1.0,5,0.18153737241192772,0.181504759868393
123,5,32,33,0.06653225806451613,1.0,7,0.12930733412021275,0.129204253280516
123,5,32,33,0.06653225806451613,1.0,9,0.10043961744408228,0.1003290772264261
123,5,32,33,0.06653225806451613,1.0,11,0.08211614065756381,0.08201149945079017
123,5,32,33,0.06653225806451613,1.0,13,0.06944961567686961,0.06935345578871228
123,5,32,33,0.06653225806451613,1.0,15,0.060169833396187915,0.060081991577897065
123,5,32,33,0.06653225806451613,1.0,17,0.05307831270313465,0.05299794441967575
123,5,32,33,0.06653225806451613,1.0,19,0.04748250554811821,0.047408676507448164
124,5,32,33,0.06653225806451613,0.1,1,0.013525228344698317,0.01352521645612444
124,5,32,33,0.06653225806451613,0.1,3,0.004504150983916898,0.004504150549869507
124,5,32,33,0.06653225806451613,0.1,5,0.0027022863509441456,0.002702286257298075
124,5,32,33,0.06653225806451613,0.1,7,0.0019301643465938294,0.001930164312483725
124,5,32,33,0.06653225806451613,0.1,9,0.0015012260728664447,0.0015012260568198778
124,5,32,33,0.06653225806451613,0.1,11,0.0012282705503308578,0.001228270541545556
124,5,32,33,0.06653225806451613,0.1,13,0.001039303257609662,0.0010393032522905395
124,5,32,33,0.06653225806451613,0.1,15,0.0009007280801600108,0.0009007280766995691
124,5,32,33,0.06653225806451613,0.1,17,0.0007947592394066167,0.0007947592370430703
124,5,32,33,0.06653225806451613,0.1,19,0.0007110998505564832,0.0007110998488584641
124,5,32,33,0.06653225806451613,0.5,1,0.3132041637877426,0.3131983140706924
124,5,32,33,0.06653225806451613,0.5,3,0.1020225409420803,0.10202240229664358
124,5,32,33,0.06653225806451613,0.5,5,0.06110105452530455,0.061101025714692773
124,5,32,33,0.06653225806451613,0.5,7,0.043621505203669496,0.04362149481550666
124,5,32,33,0.06653225806451613,0.5,9,0.03392076482305988,0.03392075995673817
124,5,32,33,0.06653225806451613,0.5,11,0.027750424342291465,0.02775042168287808
124,5,32,33,0.06653225806451613,0.5,13,0.023479703126896675,0.023479701517811695
124,5,32,33,0.06653225806451613,0.5,15,0.02034830114750915,0.02034830010090685
124,5,32,33,0.06653225806451613,0.5,17,0.01795392643327139,0.017953925714677896
124,5,32,33,0.06653225806451613,0.5,19,0.01606375278175866,0.016063752267253595
124,5,32,33,0.06653225806451613,1.0,1,0.9921797683113515,0.9921248284495292
124,5,32,33,0.06653225806451613,1.0,3,0.3068818458675393,0.30687366857516
124,5,32,33,0.06653225806451613,1.0,5,0.1829201521483679,0.18291807360701326
124,5,32,33,0.06653225806451613,1.0,7,0.13041766794244325,0.13041687654957076
124,5,32,33,0.06653225806451613,1.0,9,0.10135911634709314,0.10135873727060145
124,5,32,33,0.06653225806451613,1.0,11,0.0828983290214438,0.08289811951583564
124,5,32,33,0.06653225806451613,1.0,13,0.07012922860886385,0.07012910102555156
124,5,32,33,0.06653225806451613,1.0,15,0.06077022798815192,0.0607701446659925
124,5,32,33,0.06653225806451613,1.0,17,0.05361581337090443,0.053615756008221147
124,5,32,33,0.06653225806451613,1.0,19,0.047968921333753384,0.04796888018321356
125,5,32,33,0.06653225806451613,0.1,1,0.012050665776570657,0.01086826116705492
125,5,32,33,0.06653225806451613,0.1,3,0.00401689592504076,0.0036170535499219446
125,5,32,33,0.06653225806451613,0.1,5,0.002410136704936989,0.0021697872059896744
125,5,32,33,0.06653225806451613,0.1,7,0.0017215257971847826,0.0015497287929276903
125,5,32,33,0.06653225806451613,0.1,9,0.0013389642940240198,0.001205296513061039
125,5,32,33,0.06653225806451613,0.1,11,0.0010955161185114623,0.0009861276810346183
125,5,32,33,0.06653225806451613,0.1,13,0.0009269751017706351,0.0008344020623621652
125,5,32,33,0.06653225806451613,0.1,15,0.0008033783718180998,0.0007231399466964613
125,5,32,33,0.06653225806451613,0.1,17,0.0007088632348101934,0.0006380590088394881
125,5,32,33,0.06653225806451613,0.1,19,0.0006342460273796373,0.0005708909610470195
125,5,32,33,0.06653225806451613,0.5,1,0.2862609091771066,0.25980114836612733
125,5,32,33,0.06653225806451613,0.5,3,0.09560501149783628,0.08449727961448947
125,5,32,33,0.06653225806451613,0.5,5,0.05737453919205621,0.050607126914452655
125,5,32,33,0.06653225806451613,0.5,7,0.040984105508393834,0.03612845939365308
125,5,32,33,0.06653225806451613,0.5,9,0.03187725627224977,0.02809306504872763
125,5,32,33,0.06653225806451613,0.5,11,0.026081691061969642,0.022982132170435522
125,5,32,33,0.06653225806451613,0.5,13,0.022069267493007166,0.01944477679530282
125,5,32,33,0.06653225806451613,0.5,15,0.01912677608418043,0.016851173712388107
125,5,32,33,0.06653225806451613,0.5,17,0.01687661236109897,0.014868069665394877
125,5,32,33,0.06653225806451613,0.5,19,0.015100154888411498,0.013302597852381824
125,5,32,33,0.06653225806451613,1.0,1,0.9695166374624732,0.8931024843481803
125,5,32,33,0.06653225806451613,1.0,3,0.33217241363592204,0.28463505075387424
125,5,32,33,0.06653225806451613,1.0,5,0.19982457276896204,0.17040298947080615
125,5,32,33,0.06653225806451613,1.0,7,0.14283554948862218,0.12167424386952322
125,5,32,33,0.06653225806451613,1.0,9,0.11112758243156912,0.0946216385357086
125,5,32,33,0.06653225806451613,1.0,11,0.09093634408325481,0.07741121969023913
125,5,32,33,0.06653225806451613,1.0,13,0.07695283599724664,0.06549833540846374
125,5,32,33,0.06653225806451613,1.0,15,0.06669609574517728,0.056763186837195785
125,5,32,33,0.06653225806451613,1.0,17,0.058851638360432015,0.05008387979436864
125,5,32,33,0.06653225806451613,1.0,19,0.05265807085745473,0.04481103640539141
126,5,32,33,0.06653225806451613,0.1,1,0.013058124769813427,0.013017930859895646
126,5,32,33,0.06653225806451613,0.1,3,0.004345046596627231,0.004335020156913428
126,5,32,33,0.06653225806451613,0.1,5,0.002606401111281239,0.0026007696132024616
126,5,32,33,0.06653225806451613,0.1,7,0.0018615445263329778,0.0018576382051695179
126,5,32,33,0.06653225806451613,0.1,9,0.001447798574722129,0.0014448102256499151
126,5,32,33,0.06653225806451613,0.1,11,0.001184527652053364,0.0011821085294818666
126,5,32,33,0.06653225806451613,0.1,13,0.0010022727376133808,0.0010002409191622944
126,5,32,33,0.06653225806451613,0.1,15,0.0008686239585381377,0.0008668726502592977
126,5,32,33,0.06653225806451613,0.1,17,0.0007664246430987761,0.0007648858413391714
126,5,32,33,0.06653225806451613,0.1,19,0.0006857425920708404,0.00068437033548183
126,5,32,33,0.06653225806451613,0.5,1,0.3061819665665127,0.3044466376687065
126,5,32,33,0.06653225806451613,0.5,3,0.09947471627127069,0.09948941405830825
126,5,32,33,0.06653225806451613,0.5,5,0.05953530575906361,0.05959468000967919
126,5,32,33,0.06653225806451613,0.5,7,0.04249049835367358,0.042546658757656314
126,5,32,33,0.06653225806451613,0.5,9,0.03303537848920601,0.033084660974099
126,5,32,33,0.06653225806451613,0.5,11,0.02702296159785469,0.027066098834414985
126,5,32,33,0.06653225806451613,0.5,13,0.0228623366496066,0.022900447747061244
126,5,32,33,0.06653225806451613,0.5,15,0.019812078842819107,0.01984611457766111
126,5,32,33,0.06653225806451613,0.5,17,0.017479991722290502,0.01751069342314046
126,5,32,33,0.06653225806451613,0.5,19,0.01563913884741768,0.01566707743381917
126,5,32,33,0.06653225806451613,1.0,1,0.9950908307015819,0.9896606168481044
126,5,32,33,0.06653225806451613,1.0,3,0.3124479642250419,0.31652355167137425
126,5,32,33,0.06653225806451613,1.0,5,0.1866026277761911,0.18908851570317747
126,5,32,33,0.06653225806451613,1.0,7,0.1331140506980727,0.13486605596924103
126,5,32,33,0.06653225806451613,1.0,9,0.10347642423266447,0.10482261059682789
126,5,32,33,0.06653225806451613,1.0,11,0.0846385241725293,0.08572960146870327
126,5,32,33,0.06653225806451613,1.0,13,0.07160527766578274,0.07252178742080848
126,5,32,33,0.06653225806451613,1.0,15,0.06205127895285911,0.06284104104466011
126,5,32,33,0.06653225806451613,1.0,17,0.05474713771685909,0.05544078040574322
126,5,32,33,0.06653225806451613,1.0,19,0.04898172578527272,0.049600014199808085
127,5,32,33,0.06653225806451613,0.1,1,0.012089143661342772,0.013259438429192217
127,5,32,33,0.06653225806451613,0.1,3,0.004025928413937582,0.00441732260213088
127,5,32,33,0.06653225806451613,0.1,5,0.0024153752906012067,0.002650274646492993
127,5,32,33,0.06653225806451613,0.1,7,0.0017252322955163565,0.0018930299287470366
127,5,32,33,0.06653225806451613,0.1,9,0.00134183589214271,0.0014723491257842463
127,5,32,33,0.06653225806451613,0.1,11,0.0010978609882580047,0.0012046461847453193
127,5,32,33,0.06653225806451613,0.1,13,0.0009289569901528192,0.0010193144938798156
127,5,32,33,0.06653225806451613,0.1,15,0.0008050948033654404,0.0008834050744091487
127,5,32,33,0.06653225806451613,0.1,17,0.0007103770277519063,0.0007794745819613174
127,5,32,33,0.06653225806451613,0.1,19,0.0006356000343105259,0.0006974243224947017
127,5,32,33,0.06653225806451613,0.5,1,0.28352118613603633,0.3106766628820198
127,5,32,33,0.06653225806451613,0.5,3,0.0931850220194727,0.10240182050292626
127,5,32,33,0.06653225806451613,0.5,5,0.055863464272691794,0.061394041198626875
127,5,32,33,0.06653225806451613,0.5,7,0.039893192689717076,0.0438437731613464
127,5,32,33,0.06653225806451613,0.5,9,0.031025074470553665,0.03409780962127048
127,5,32,33,0.06653225806451613,0.5,11,0.025382925293933635,0.027897008187119824
127,5,32,33,0.06653225806451613,0.5,13,0.021477263240487435,0.02360457758969499
127,5,32,33,0.06653225806451613,0.5,15,0.018613303819166815,0.020456983682414043
127,5,32,33,0.06653225806451613,0.5,17,0.01642331215554368,0.018050092930675554
127,5,32,33,0.06653225806451613,0.5,19,0.014694422507998219,0.01614996599729942
127,5,32,33,0.06653225806451613,1.0,1,0.9527318919138503,1.0112230063256304
127,5,32,33,0.06653225806451613,1.0,3,0.3101919619459043,0.33351148618104914
127,5,32,33,0.06653225806451613,1.0,5,0.18556334039233272,0.20020013363069383
127,5,32,33,0.06653225806451613,1.0,7,0.13243269233440907,0.1430208815823499
127,5,32,33,0.06653225806451613,1.0,9,0.10296679573237597,0.11124533288104124
127,5,32,33,0.06653225806451613,1.0,11,0.08423041079509166,0.091021791895775
127,5,32,33,0.06653225806451613,1.0,13,0.0712644954089249,0.07701985210898615
127,5,32,33,0.06653225806451613,1.0,15,0.061758538181671,0.06675130981689578
127,5,32,33,0.06653225806451613,1.0,17,0.05449045239340271,0.058898670555227836
127,5,32,33,0.06653225806451613,1.0,19,0.04875312409472614,0.052699097082733785
128,5,32,33,0.06653225806451613,0.1,1,0.01336731400371391,0.013369940154433824
128,5,32,33,0.06653225806451613,0.1,3,0.004453134612151872,0.004454011582991437
128,5,32,33,0.06653225806451613,0.1,5,0.0026717541734226314,0.0026722799566569976
128,5,32,33,0.06653225806451613,0.1,7,0.0019083709247883795,0.0019087463967260847
128,5,32,33,0.06653225806451613,0.1,9,0.0014842805229002358,0.001484572527742051
128,5,32,33,0.06653225806451613,0.1,11,0.001214408034311979,0.0012146469352435877
128,5,32,33,0.06653225806451613,0.1,13,0.0010275744217723949,0.0010277765627712979
128,5,32,33,0.06653225806451613,0.1,15,0.0008905636249165961,0.0008907388105427889
128,5,32,33,0.06653225806451613,0.1,17,0.0007857909183876409,0.0007859454920282428
128,5,32,33,0.06653225806451613,0.1,19,0.00070307576155212,0.000703214063072883
128,5,32,33,0.06653225806451613,0.5,1,0.3133816315514735,0.31460222194438314
128,5,32,33,0.06653225806451613,0.5,3,0.10299565580102876,0.10352447924091153
128,5,32,33,0.06653225806451613,0.5,5,0.061726023596187604,0.0620432096990041
128,5,32,33,0.06653225806451613,0.5,7,0.04407595215194195,0.04430234787816051
128,5,32,33,0.06653225806451613,0.5,9,0.03427679247503727,0.03445281039335336
128,5,32,33,0.06653225806451613,0.5,11,0.028042782802545185,0.028186766764063648
128,5,32,33,0.06653225806451613,0.5,13,0.023727600522949432,0.023849417471176186
128,5,32,33,0.06653225806451613,0.5,15,0.02056342669531208,0.020668992657373327
128,5,32,33,0.06653225806451613,0.5,17,0.01814390885063877,0.018237050056374934
128,5,32,33,0.06653225806451613,0.5,19,0.016233841029801566,0.01631717457951256
128,5,32,33,0.06653225806451613,1.0,1,1.02086868288629,1.0324473755010088
128,5,32,33,0.06653225806451613,1.0,3,0.32507172824497305,0.33200325955272353
128,5,32,33,0.06653225806451613,1.0,5,0.194161009341036,0.19818813210650882
128,5,32,33,0.06653225806451613,1.0,7,0.13851050908014922,0.14134329841174484
128,5,32,33,0.06653225806451613,1.0,9,0.10767386316286494,0.10986071299582868
128,5,32,33,0.06653225806451613,1.0,11,0.0880733430627765,0.08985527390487977
128,5,32,33,0.06653225806451613,1.0,13,0.07451217338447294,0.07601626483728507
128,5,32,33,0.06653225806451613,1.0,15,0.0645710014393461,0.0658724910859262
128,5,32,33,0.06653225806451613,1.0,17,0.056970746561354965,0.05811788918985364
128,5,32,33,0.06653225806451613,1.0,19,0.050971525098451306,0.051997136016723476
129,5,32,33,0.06653225806451613,0.1,1,0.015054400476871274,0.014235947210793902
129,5,32,33,0.06653225806451613,0.1,3,0.005008580266831846,0.004731367495096173
129,5,32,33,0.06653225806451613,0.1,5,0.003004284994682128,0.002837518236874242
129,5,32,33,0.06653225806451613,0.1,7,0.002145674311749604,0.0020264267354403406
129,5,32,33,0.06653225806451613,0.1,9,0.001668756742718093,0.0015759542923100317
129,5,32,33,0.06653225806451613,0.1,11,0.001365295082849962,0.0012893378678224133
129,5,32,33,0.06653225806451613,0.1,13,0.0011552200996832465,0.0010909323794489362
129,5,32,33,0.06653225806451613,0.1,15,0.0010011721709370655,0.000945445891885846
129,5,32,33,0.06653225806451613,0.1,17,0.0008833747830546513,0.0008341976478916124
129,5,32,33,0.06653225806451613,0.1,19,0.0007903792470932275,0.0007463738029399088
129,5,32,33,0.06653225806451613,0.5,1,0.3499321534636866,0.3319002727276578
129,5,32,33,0.06653225806451613,0.5,3,0.11392214941042979,0.10682711119532695
129,5,32,33,0.06653225806451613,0.5,5,0.0681723328459819,0.06387322004161436
129,5,32,33,0.06653225806451613,0.5,7,0.0486486964636613,0.04557041285426464
129,5,32,33,0.06653225806451613,0.5,9,0.03781999579792481,0.03542354674728498
129,5,32,33,0.06653225806451613,0.5,11,0.030934909717716595,0.028973311950096527
129,5,32,33,0.06653225806451613,0.5,13,0.02617080904205059,0.024510597854587528
129,5,32,33,0.06653225806451613,0.5,15,0.022678366038184714,0.021239312203680635
129,5,32,33,0.06653225806451613,0.5,17,0.020008349056495494,0.018738482064975207
129,5,32,33,0.06653225806451613,0.5,19,0.017900840981200924,0.016764577018002862
129,5,32,33,0.06653225806451613,1.0,1,1.1056453855869193,1.0471991095589346
129,5,32,33,0.06653225806451613,1.0,3,0.35068274891777756,0.32146149008424135
129,5,32,33,0.06653225806451613,1.0,5,0.20912565593223115,0.19165676279881613
129,5,32,33,0.06653225806451613,1.0,7,0.14901720842039565,0.1366011639632808
129,5,32,33,0.06653225806451613,1.0,9,0.11575454705694466,0.1061340956402989
129,5,32,33,0.06653225806451613,1.0,11,0.09463356338851248,0.08678443413902885
129,5,32,33,0.06653225806451613,1.0,13,0.08003166584021894,0.07340432829499353
129,5,32,33,0.06653225806451613,1.0,15,0.06933391987730095,0.06359985252543249
129,5,32,33,0.06653225806451613,1.0,17,0.06115907104426941,0.056106390377766255
129,5,32,33,0.06653225806451613,1.0,19,0.054708731283235786,0.050192872278295574
130,5,32,33,0.06653225806451613,0.1,1,0.014779710170718878,0.014779745620841667
130,5,32,33,0.06653225806451613,0.1,3,0.004916036989078179,0.004916040824318657
130,5,32,33,0.06653225806451613,0.1,5,0.002948688191364721,0.002948689565964405
130,5,32,33,0.06653225806451613,0.1,7,0.0021059439098928064,0.002105944610000799
130,5,32,33,0.06653225806451613,0.1,9,0.0016378480220992702,0.001637848445230796
130,5,32,33,0.06653225806451613,0.1,11,0.0013400025277557693,0.001340002810848246
130,5,32,33,0.06653225806451613,0.1,13,0.0011338166726897216,0.001133816875298391
130,5,32,33,0.06653225806451613,0.1,15,0.0009826212753739154,0.0009826214275137318
130,5,32,33,0.06653225806451613,0.1,17,0.0008670055135085885,0.0008670056319311732
130,5,32,33,0.06653225806451613,0.1,19,0.0007757324799984643,0.000775732574786614
130,5,32,33,0.06653225806451613,0.5,1,0.3430485167090593,0.3430577923341585
130,5,32,33,0.06653225806451613,0.5,3,0.11123951348338945,0.11124026669687573
130,5,32,33,0.06653225806451613,0.5,5,0.06654711554532915,0.06654735470978769
130,5,32,33,0.06653225806451613,0.5,7,0.04748582042094247,0.047485935490462546
130,5,32,33,0.06653225806451613,0.5,9,0.03691521761188636,0.03691528491478027
130,5,32,33,0.06653225806451613,0.5,11,0.03019463411209129,0.030194678193429494
130,5,32,33,0.06653225806451613,0.5,13,0.025544482674078432,0.02554451375698333
130,5,32,33,0.06653225806451613,0.5,15,0.022135616142998703,0.02213563922790164
130,5,32,33,0.06653225806451613,0.5,17,0.01952951067030425,0.019529528487879807
130,5,32,33,0.06653225806451613,0.5,19,0.017472455552488296,0.01747246971878869
130,5,32,33,0.06653225806451613,1.0,1,1.082855377789012,1.0830882237877049
130,5,32,33,0.06653225806451613,1.0,3,0.33898235071214233,0.33899097437235903
130,5,32,33,0.06653225806451613,1.0,5,0.20212835326316222,0.20213046955861586
130,5,32,33,0.06653225806451613,1.0,7,0.1440764344430975,0.14407734410911144
130,5,32,33,0.06653225806451613,1.0,9,0.11194533444161345,0.11194583454191283
130,5,32,33,0.06653225806451613,1.0,11,0.09153693187242222,0.09153724695087047
130,5,32,33,0.06653225806451613,1.0,13,0.07742407036086014,0.07742428672179884
130,5,32,33,0.06653225806451613,1.0,15,0.06708243112904089,0.06708258876367318
130,5,32,33,0.06653225806451613,1.0,17,0.059178345884340795,0.0591784657976182
130,5,32,33,0.06653225806451613,1.0,19,0.05294076425099931,0.05294085851440182
131,5,32,33,0.06653225806451613,0.1,1,0.013658328820028659,0.013658328820028705
131,5,32,33,0.06653225806451613,0.1,3,0.004548549309433588,0.004548549309433604
131,5,32,33,0.06653225806451613,0.1,5,0.0027289140190227476,0.00272891401902264
131,5,32,33,0.06653225806451613,0.1,7,0.0019491796782834647,0.001949179678283608
131,5,32,33,0.06653225806451613,0.1,9,0.0015160136732730747,0.001516013673273042
131,5,32,33,0.06653225806451613,0.1,11,0.0012403683457212617,0.00124036834572113
131,5,32,33,0.06653225806451613,0.1,13,0.0010495391584718337,0.0010495391584719404
131,5,32,33,0.06653225806451613,0.1,15,0.0009095987428364863,0.0009095987428361327
131,5,32,33,0.06653225806451613,0.1,17,0.000802585985346249,0.0008025859853461856
131,5,32,33,0.06653225806451613,0.1,19,0.0007181025073674212,0.0007181025073676892
131,5,32,33,0.06653225806451613,0.5,1,0.3175755373530225,0.3175755373530243
131,5,32,33,0.06653225806451613,0.5,3,0.10364685715251674,0.10364685715251856
131,5,32,33,0.06653225806451613,0.5,5,0.06207554029726351,0.06207554029726488
131,5,32,33,0.06653225806451613,0.5,7,0.044315999005482165,0.044315999005483366
131,5,32,33,0.06653225806451613,0.5,9,0.03445994500339254,0.03445994500339376
131,5,32,33,0.06653225806451613,0.5,11,0.028190969790008565,0.028190969790009433
131,5,32,33,0.06653225806451613,0.5,13,0.02385208525958626,0.023852085259586864
131,5,32,33,0.06653225806451613,0.5,15,0.020670770991752248,0.020670770991753556
131,5,32,33,0.06653225806451613,0.5,17,0.018238274683606188,0.018238274683607798
131,5,32,33,0.06653225806451613,0.5,19,0.016318035549648443,0.01631803554964994
131,5,32,33,0.06653225806451613,1.0,1,1.0180568838707522,1.0180568838707547
131,5,32,33,0.06653225806451613,1.0,3,0.32020315434851787,0.32020315434851976
131,5,32,33,0.06653225806451613,1.0,5,0.19129711777887665,0.19129711777887942
131,5,32,33,0.06653225806451613,1.0,7,0.13647670426857156,0.1364767042685749
131,5,32,33,0.06653225806451613,1.0,9,0.10609525586011485,0.10609525586011831
131,5,32,33,0.06653225806451613,1.0,11,0.08678280451905691,0.08678280451905789
131,5,32,33,0.06653225806451613,1.0,13,0.07342053649367902,0.07342053649368138
131,5,32,33,0.06653225806451613,1.0,15,0.06362502462051112,0.0636250246205138
131,5,32,33,0.06653225806451613,1.0,17,0.05613607388279202,0.05613607388279338
131,5,32,33,0.06653225806451613,1.0,19,0.05022468836603527,0.05022468836603684
132,5,32,33,0.06653225806451613,0.1,1,0.012320971231099428,0.012511059078002457
132,5,32,33,0.06653225806451613,0.1,3,0.004099808600970044,0.004165763788127308
132,5,32,33,0.06653225806451613,0.1,5,0.0024593767521299942,0.002499217431154067
132,5,32,33,0.06653225806451613,0.1,7,0.0017565682154153952,0.0017851042090176019
132,5,32,33,0.06653225806451613,0.1,9,0.0013661690813879899,0.0013883968712924365
132,5,32,33,0.06653225806451613,0.1,11,0.0011177499518266276,0.0011359533479176022
132,5,32,33,0.06653225806451613,0.1,13,0.0009457745454176827,0.0009611873030092721
132,5,32,33,0.06653225806451613,0.1,15,0.0008196627355122593,0.0008330267008044941
132,5,32,33,0.06653225806451613,0.1,17,0.0007232262069056676,0.0007350221326414977
132,5,32,33,0.06653225806451613,0.1,19,0.0006470932414424015,0.0006576504406055893
132,5,32,33,0.06653225806451613,0.5,1,0.29206143084344155,0.2964231516922651
132,5,32,33,0.06653225806451613,0.5,3,0.09498844103390491,0.09667111198381215
132,5,32,33,0.06653225806451613,0.5,5,0.05687868081105684,0.05788745308948684
132,5,32,33,0.06653225806451613,0.5,7,0.04060457139696431,0.041323047685796574
132,5,32,33,0.06653225806451613,0.5,9,0.03157377636241336,0.03213134101317864
132,5,32,33,0.06653225806451613,0.5,11,0.025829887044341086,0.026285320012634943
132,5,32,33,0.06653225806451613,0.5,13,0.021854464274152698,0.022239347529935834
132,5,32,33,0.06653225806451613,0.5,15,0.01893964978957323,0.01927289035355439
132,5,32,33,0.06653225806451613,0.5,17,0.016710921994516185,0.017004729599836666
132,5,32,33,0.06653225806451613,0.5,19,0.014951535672922124,0.01521425010386906
132,5,32,33,0.06653225806451613,1.0,1,0.9727906311844436,0.9859373783627108
132,5,32,33,0.06653225806451613,1.0,3,0.3077425669423614,0.3125731824187138
132,5,32,33,0.06653225806451613,1.0,5,0.18378893362121637,0.18654003139600311
132,5,32,33,0.06653225806451613,1.0,7,0.13110821508272824,0.13302188641287077
132,5,32,33,0.06653225806451613,1.0,9,0.1019181967212937,0.10338362528222354
132,5,32,33,0.06653225806451613,1.0,11,0.08336460750894409,0.08455144986094712
132,5,32,33,0.06653225806451613,1.0,13,0.07052793432707563,0.07152501321583506
132,5,32,33,0.06653225806451613,1.0,15,0.06111795245569837,0.061977505770206755
132,5,32,33,0.06653225806451613,1.0,17,0.05392386300825612,0.05467919010650117
132,5,32,33,0.06653225806451613,1.0,19,0.0482452858789492,0.04891890790639163
133,5,32,33,0.06653225806451613,0.1,1,0.012817712032168206,0.012714990917620038
133,5,32,33,0.06653225806451613,0.1,3,0.004267903700023469,0.0042343073524409745
133,5,32,33,0.06653225806451613,0.1,5,0.002560468737063588,0.002540361430656534
133,5,32,33,0.06653225806451613,0.1,7,0.0018288433261359775,0.001814494441187314
133,5,32,33,0.06653225806451613,0.1,9,0.0014224107045944015,0.001411255882301599
133,5,32,33,0.06653225806451613,0.1,11,0.0011637798796907313,0.001154655907170652
133,5,32,33,0.06653225806451613,0.1,13,0.0009847310465603677,0.0009770122966267596
133,5,32,33,0.06653225806451613,0.1,15,0.0008534301249838158,0.0008467414956321891
133,5,32,33,0.06653225806451613,0.1,17,0.0007530243654375442,0.0007471232665503029
133,5,32,33,0.06653225806451613,0.1,19,0.0006737571389395018,0.0006684776495183016
133,5,32,33,0.06653225806451613,0.5,1,0.29928756078692087,0.2972348925903638
133,5,32,33,0.06653225806451613,0.5,3,0.09756079801942809,0.09709457897183522
133,5,32,33,0.06653225806451613,0.5,5,0.05843183413507291,0.058166974914380984
133,5,32,33,0.06653225806451613,0.5,7,0.04171585897449437,0.0415298316428897
133,5,32,33,0.06653225806451613,0.5,9,0.032438694347293545,0.03229512729701079
133,5,32,33,0.06653225806451613,0.5,11,0.026537777703748773,0.02642082838746865
133,5,32,33,0.06653225806451613,0.5,13,0.022453555123020098,0.02235487404209037
133,5,32,33,0.06653225806451613,0.5,15,0.019458916529338073,0.019373557233309514
133,5,32,33,0.06653225806451613,0.5,17,0.017169128844122975,0.017093917197966182
133,5,32,33,0.06653225806451613,0.5,19,0.01536152802131904,0.015294304872301797
133,5,32,33,0.06653225806451613,1.0,1,0.9710999608828624,0.966649507808516
133,5,32,33,0.06653225806451613,1.0,3,0.3081459769053462,0.3070771814775902
133,5,32,33,0.06653225806451613,1.0,5,0.18393274591866524,0.18317615554837716
133,5,32,33,0.06653225806451613,1.0,7,0.13116651722929357,0.1305906461216665
133,5,32,33,0.06653225806451613,1.0,9,0.10194240285810086,0.1014796956457714
133,5,32,33,0.06653225806451613,1.0,11,0.08337295535640873,0.08298689790469047
133,5,32,33,0.06653225806451613,1.0,13,0.07052814509424955,0.07019720599971596
133,5,32,33,0.06653225806451613,1.0,15,0.061113725855063326,0.060824247717207854
133,5,32,33,0.06653225806451613,1.0,17,0.053917134856099884,0.0536599436918895
133,5,32,33,0.06653225806451613,1.0,19,0.04823713614057794,0.04800578425907168
134,5,32,33,0.06653225806451613,0.1,1,0.013589313508057822,0.013591548227300323
134,5,32,33,0.06653225806451613,0.1,3,0.004526154554756617,0.004526759049296576
134,5,32,33,0.06653225806451613,0.1,5,0.0027155190515027014,0.0027158752016191545
134,5,32,33,0.06653225806451613,0.1,7,0.0019396222844856093,0.0019398753926778882
134,5,32,33,0.06653225806451613,0.1,9,0.001508584169619476,0.001508780620680873
134,5,32,33,0.06653225806451613,0.1,11,0.0012342916075937097,0.001234452170177929
134,5,32,33,0.06653225806451613,0.1,13,0.0010443983858697344,0.001044534163752398
134,5,32,33,0.06653225806451613,0.1,15,0.0009051440686842149,0.0009052616978526182
134,5,32,33,0.06653225806451613,0.1,17,0.000798655824111062,0.0007987595880270586
134,5,32,33,0.06653225806451613,0.1,19,0.0007145863463940092,0.0007146791711418429
134,5,32,33,0.06653225806451613,0.5,1,0.3176068157381624,0.31856326870473456
134,5,32,33,0.06653225806451613,0.5,3,0.10390094829557397,0.10424386349012257
134,5,32,33,0.06653225806451613,0.5,5,0.06224351987382703,0.0624544465485585
134,5,32,33,0.06653225806451613,0.5,7,0.044440487212109546,0.0445922480621957
134,5,32,33,0.06653225806451613,0.5,9,0.03455868035296053,0.03467707621643425
134,5,32,33,0.06653225806451613,0.5,11,0.028272738367314157,0.02836975810617998
134,5,32,33,0.06653225806451613,0.5,13,0.023921847131518903,0.02400401432171959
134,5,32,33,0.06653225806451613,0.5,15,0.02073159359326916,0.02080284527988081
134,5,32,33,0.06653225806451613,0.5,17,0.018292185135540068,0.018355077975906915
134,5,32,33,0.06653225806451613,0.5,19,0.01636644259912416,0.016422730031956195
134,5,32,33,0.06653225806451613,1.0,1,1.0283093980429034,1.0329473226673775
134,5,32,33,0.06653225806451613,1.0,3,0.32599695009258306,0.32824473873249
134,5,32,33,0.06653225806451613,1.0,5,0.19447140763851595,0.19604481633202925
134,5,32,33,0.06653225806451613,1.0,7,0.13866102886260503,0.13984680738920743
134,5,32,33,0.06653225806451613,1.0,9,0.10776345136583246,0.10870955818796926
134,5,32,33,0.06653225806451613,1.0,11,0.08813400853247433,0.08891908404450746
134,5,32,33,0.06653225806451613,1.0,13,0.07455695476866213,0.07522696313887059
134,5,32,33,0.06653225806451613,1.0,15,0.06460610054413182,0.06519001866023477
134,5,32,33,0.06653225806451613,1.0,17,0.05699946570113752,0.057516658093975034
134,5,32,33,0.06653225806451613,1.0,19,0.05099578090302008,0.05145979452289033
135,5,32,33,0.06653225806451613,0.1,1,0.01399736587279956,0.013852626612518073
135,5,32,33,0.06653225806451613,0.1,3,0.0046615506078754206,0.004611408938588667
135,5,32,33,0.06653225806451613,0.1,5,0.002796707085051207,0.0027664578177772894
135,5,32,33,0.06653225806451613,0.1,7,0.0019976003318125995,0.0019759481909984835
135,5,32,33,0.06653225806451613,0.1,9,0.0015536727720019366,0.001536813517900572
135,5,32,33,0.06653225806451613,0.1,11,0.0012711795616728355,0.0012573761864422734
135,5,32,33,0.06653225806451613,0.1,13,0.001075609718354966,0.001063924523917207
135,5,32,33,0.06653225806451613,0.1,15,0.0009321929228794739,0.0009220623643154519
135,5,32,33,0.06653225806451613,0.1,17,0.0008225218170323671,0.0008135808275783872
135,5,32,33,0.06653225806451613,0.1,19,0.0007359396804645422,0.0007279382647813444
135,5,32,33,0.06653225806451613,0.5,1,0.3240210189981536,0.3211174604272247
135,5,32,33,0.06653225806451613,0.5,3,0.10589603905760626,0.10451858573022761
135,5,32,33,0.06653225806451613,0.5,5,0.06343509470078082,0.06257591215837162
135,5,32,33,0.06653225806451613,0.5,7,0.04529015611468948,0.044667234895339164
135,5,32,33,0.06653225806451613,0.5,9,0.03521893081096976,0.03473060874738494
135,5,32,33,0.06653225806451613,0.5,11,0.02881263525735444,0.028411153770431883
135,5,32,33,0.06653225806451613,0.5,13,0.024378504498120623,0.024037668449213925
135,5,32,33,0.06653225806451613,0.5,15,0.021127250701195446,0.02083115548945151
135,5,32,33,0.06653225806451613,0.5,17,0.018641218752848833,0.01837948756823232
135,5,32,33,0.06653225806451613,0.5,19,0.016678682641170353,0.01644417198365433
135,5,32,33,0.06653225806451613,1.0,1,1.025272467665219,1.0178505456498796
135,5,32,33,0.06653225806451613,1.0,3,0.3250158492713081,0.32469277956034237
135,5,32,33,0.06653225806451613,1.0,5,0.1943699886464216,0.19450489576704452
135,5,32,33,0.06653225806451613,1.0,7,0.13870937861057045,0.13887170870069288
135,5,32,33,0.06653225806451613,1.0,9,0.10784370606375812,0.10799105342685221
135,5,32,33,0.06653225806451613,1.0,11,0.08821818816425586,0.08834740934074914
135,5,32,33,0.06653225806451613,1.0,13,0.07463738835474333,0.07475089660423752
135,5,32,33,0.06653225806451613,1.0,15,0.06468084737241094,0.06478145559152718
135,5,32,33,0.06653225806451613,1.0,17,0.057068382069017154,0.057158451239826484
135,5,32,33,0.06653225806451613,1.0,19,0.05105928651935449,0.05114067500449685
136,5,32,33,0.06653225806451613,0.1,1,0.012929814018153567,0.013142539681839635
136,5,32,33,0.06653225806451613,0.1,3,0.004304817805366609,0.004377083943510842
136,5,32,33,0.06653225806451613,0.1,5,0.0025825422799859487,0.0026260399605003136
136,5,32,33,0.06653225806451613,0.1,7,0.0018445858118949906,0.0018756959763511494
136,5,32,33,0.06653225806451613,0.1,9,0.0014346440708617775,0.0014588579441983706
136,5,32,33,0.06653225806451613,0.1,11,0.001173783296760023,0.0011936034256465236
136,5,32,33,0.06653225806451613,0.1,13,0.0009931921049852418,0.001009968081299928
136,5,32,33,0.06653225806451613,0.1,15,0.0008607608852574593,0.0008753032849198638
136,5,32,33,0.06653225806451613,0.1,17,0.0007594912207020325,0.0007723249125843278
136,5,32,33,0.06653225806451613,0.1,19,0.0006795422355119013,0.000691026534683815
136,5,32,33,0.06653225806451613,0.5,1,0.302447317899928,0.30673332476699644
136,5,32,33,0.06653225806451613,0.5,3,0.09862380512465059,0.10029196236531737
136,5,32,33,0.06653225806451613,0.5,5,0.059057417501338874,0.06007649064612481
136,5,32,33,0.06653225806451613,0.5,7,0.042158372502869045,0.04289101645779406
136,5,32,33,0.06653225806451613,0.5,9,0.03278089302529605,0.03335260026940572
136,5,32,33,0.06653225806451613,0.5,11,0.026816697379197407,0.027285379660346287
136,5,32,33,0.06653225806451613,0.5,13,0.02268893092309804,0.023086027431690196
136,5,32,33,0.06653225806451613,0.5,15,0.019662501358438673,0.020006972204484896
136,5,32,33,0.06653225806451613,0.5,17,0.0173484849915472,0.01765264135817178
136,5,32,33,0.06653225806451613,0.5,19,0.015521807156761571,0.01579409383612669
136,5,32,33,0.06653225806451613,1.0,1,0.9802818267342344,0.9953098324215282
136,5,32,33,0.06653225806451613,1.0,3,0.3073488618432021,0.31154342338611724
136,5,32,33,0.06653225806451613,1.0,5,0.18359069989188517,0.18587174255663066
136,5,32,33,0.06653225806451613,1.0,7,0.1309733500535294,0.13254238098460694
136,5,32,33,0.06653225806451613,1.0,9,0.10181455573190398,0.10301167977854085
136,5,32,33,0.06653225806451613,1.0,11,0.08327990149668778,0.08424815730502928
136,5,32,33,0.06653225806451613,1.0,13,0.07045608767225921,0.07126915996535928
136,5,32,33,0.06653225806451613,1.0,15,0.06105547210600433,0.06175633678390571
136,5,32,33,0.06653225806451613,1.0,17,0.0538685366209747,0.05448446240840625
136,5,32,33,0.06653225806451613,1.0,19,0.048195615330392814,0.04874499490383733
137,5,32,33,0.06653225806451613,0.1,1,0.01527889959862144,0.01476361850407865
137,5,32,33,0.06653225806451613,0.1,3,0.005087822946650016,0.004914446467110226
137,5,32,33,0.06653225806451613,0.1,5,0.003052223378389964,0.0029481920668298525
137,5,32,33,0.06653225806451613,0.1,7,0.0021800262531847924,0.0021057303508307543
137,5,32,33,0.06653225806451613,0.1,9,0.001695520532106614,0.001637742886397982
137,5,32,33,0.06653225806451613,0.1,11,0.0013872158615810936,0.0013399482876831543
137,5,32,33,0.06653225806451613,0.1,13,0.0011737817644695637,0.0011337894086897423
137,5,32,33,0.06653225806451613,0.1,15,0.0010172673014200587,0.0009826094946136983
137,5,32,33,0.06653225806451613,0.1,17,0.0008975819517722477,0.000867003116485683
137,5,32,33,0.06653225806451613,0.1,19,0.0008030948384395218,0.0007757359865672079
137,5,32,33,0.06653225806451613,0.5,1,0.352417262219945,0.34373970164255463
137,5,32,33,0.06653225806451613,0.5,3,0.11604545149186718,0.11188570414596158
137,5,32,33,0.06653225806451613,0.5,5,0.0695346672494437,0.06698022801464892
137,5,32,33,0.06653225806451613,0.5,7,0.049644630295620135,0.04780948635124704
137,5,32,33,0.06653225806451613,0.5,9,0.03860363054993923,0.03717325297650343
137,5,32,33,0.06653225806451613,0.5,11,0.03158050208429391,0.030409071870267475
137,5,32,33,0.06653225806451613,0.5,13,0.0267195780320846,0.025727890244276977
137,5,32,33,0.06653225806451613,0.5,15,0.023155508347656787,0.022295823014310934
137,5,32,33,0.06653225806451613,0.5,17,0.02043037482391457,0.01967171960455499
137,5,32,33,0.06653225806451613,0.5,19,0.018279149361124427,0.017600297754120094
137,5,32,33,0.06653225806451613,1.0,1,1.0972783154702812,1.0925720670444024
137,5,32,33,0.06653225806451613,1.0,3,0.35614166714668116,0.3428329708124846
137,5,32,33,0.06653225806451613,1.0,5,0.21296017013835478,0.20431849618833492
137,5,32,33,0.06653225806451613,1.0,7,0.15193447973221233,0.14562934034569283
137,5,32,33,0.06653225806451613,1.0,9,0.11810217812387766,0.1131554592338487
137,5,32,33,0.06653225806451613,1.0,11,0.09659574980492952,0.09253072548053982
137,5,32,33,0.06653225806451613,1.0,13,0.08171638907574981,0.07826815304287887
137,5,32,33,0.06653225806451613,1.0,15,0.07080959596673082,0.06781646596139813
137,5,32,33,0.06653225806451613,1.0,17,0.06247168443048562,0.0598279532162009
137,5,32,33,0.06653225806451613,1.0,19,0.05589064101631212,0.05352349130416825
138,5,32,33,0.06653225806451613,0.1,1,0.015266001573909678,0.014768893314040436
138,5,32,33,0.06653225806451613,0.1,3,0.005083696067671818,0.004918123896950386
138,5,32,33,0.06653225806451613,0.1,5,0.003049776684040519,0.0029505779080609674
138,5,32,33,0.06653225806451613,0.1,7,0.0021782881117409386,0.0021074856610316345
138,5,32,33,0.06653225806451613,0.1,9,0.0016941728385904881,0.0016391294603361767
138,5,32,33,0.06653225806451613,0.1,11,0.0013861154134101003,0.001341093631538065
138,5,32,33,0.06653225806451613,0.1,13,0.0011728519206197204,0.00113476482608976
138,5,32,33,0.06653225806451613,0.1,15,0.0010164622702741272,0.000983458807322054
138,5,32,33,0.06653225806451613,0.1,17,0.0008968721947603661,0.0008677551555079614
138,5,32,33,0.06653225806451613,0.1,19,0.0008024601926786448,0.0007764107210739234
138,5,32,33,0.06653225806451613,0.5,1,0.35162964091651666,0.3425202272373463
138,5,32,33,0.06653225806451613,0.5,3,0.11571196020523941,0.11193315554822524
138,5,32,33,0.06653225806451613,0.5,5,0.06934306247160778,0.06704318717201321
138,5,32,33,0.06653225806451613,0.5,7,0.049511068115144045,0.047863177157907805
138,5,32,33,0.06653225806451613,0.5,9,0.038501289814487714,0.03721839509307395
138,5,32,33,0.06653225806451613,0.5,11,0.03149760258079431,0.030447648309015876
138,5,32,33,0.06653225806451613,0.5,13,0.026649932040908757,0.025761447328358333
138,5,32,33,0.06653225806451613,0.5,15,0.023095470930356722,0.022325466630175476
138,5,32,33,0.06653225806451613,0.5,17,0.020377620534324892,0.01969824349915096
138,5,32,33,0.06653225806451613,0.5,19,0.018232104728585795,0.017624283592311003
138,5,32,33,0.06653225806451613,1.0,1,1.0899866344132667,1.0824300831324971
138,5,32,33,0.06653225806451613,1.0,3,0.3506508327014975,0.3412281352990676
138,5,32,33,0.06653225806451613,1.0,5,0.2099133447820354,0.20355103393122434
138,5,32,33,0.06653225806451613,1.0,7,0.14983794840745868,0.14513175293566152
138,5,32,33,0.06653225806451613,1.0,9,0.11650690217940864,0.11278789781322214
138,5,32,33,0.06653225806451613,1.0,11,0.09530923450315361,0.09223929688470993
138,5,32,33,0.06653225806451613,1.0,13,0.08063888377815913,0.07802667048083671
138,5,32,33,0.06653225806451613,1.0,15,0.06988286154774673,0.06761026989979096
138,5,32,33,0.06653225806451613,1.0,17,0.06165880121508894,0.05964801695424495
138,5,32,33,0.06653225806451613,1.0,19,0.05516674894231035,0.05336386315178219
139,5,32,33,0.06653225806451613,0.1,1,0.013681171900063339,0.013664628461645211
139,5,32,33,0.06653225806451613,0.1,3,0.00455434475504956,0.004549000233983157
139,5,32,33,0.06653225806451613,0.1,5,0.0027321740541542557,0.002728979252798528
139,5,32,33,0.06653225806451613,0.1,7,0.0019514416789741353,0.0019491628795554519
139,5,32,33,0.06653225806451613,0.1,9,0.0015177442038151981,0.0015159731075020146
139,5,32,33,0.06653225806451613,0.1,11,0.0012417692281151175,0.0012403208049142794
139,5,32,33,0.06653225806451613,0.1,13,0.0010507157259622836,0.00104949051264401
139,5,32,33,0.06653225806451613,0.1,15,0.0009106128434092437,0.0009095512268164622
139,5,32,33,0.06653225806451613,0.1,17,0.0008034770063732815,0.0008025404425389716
139,5,32,33,0.06653225806451613,0.1,19,0.0007188970706153355,0.0007180592021353676
139,5,32,33,0.06653225806451613,0.5,1,0.31877990236264514,0.31778033777642406
139,5,32,33,0.06653225806451613,0.5,3,0.10388685144774121,0.10364066234435299
139,5,32,33,0.06653225806451613,0.5,5,0.062205820408361145,0.062054025836975155
139,5,32,33,0.06653225806451613,0.5,7,0.044404866627224794,0.044294412701694104
139,5,32,33,0.06653225806451613,0.5,9,0.03452723443900088,0.03444030300765372
139,5,32,33,0.06653225806451613,0.5,11,0.028245062364385606,0.028173361354803125
139,5,32,33,0.06653225806451613,0.5,13,0.023897287386589854,0.02383626420977054
139,5,32,33,0.06653225806451613,0.5,15,0.020709582387361675,0.0206564640968898
139,5,32,33,0.06653225806451613,0.5,17,0.018272273208273876,0.018225244354876144
139,5,32,33,0.06653225806451613,0.5,19,0.016348280128472083,0.016306086897631925
139,5,32,33,0.06653225806451613,1.0,1,1.0228685101318942,1.018206006865844
139,5,32,33,0.06653225806451613,1.0,3,0.32242550074956294,0.32228726056172385
139,5,32,33,0.06653225806451613,1.0,5,0.19255430161822804,0.19256240164948765
139,5,32,33,0.06653225806451613,1.0,7,0.13735629172428426,0.13738809287195114
139,5,32,33,0.06653225806451613,1.0,9,0.10677224236449644,0.10680737344952539
139,5,32,33,0.06653225806451613,1.0,11,0.08733318686107873,0.08736701401497973
139,5,32,33,0.06653225806451613,1.0,13,0.07388424888915443,0.07391570586921137
139,5,32,33,0.06653225806451613,1.0,15,0.06402566447583968,0.06405465844008912
139,5,32,33,0.06653225806451613,1.0,17,0.05648875052233225,0.05651546453082031
139,5,32,33,0.06653225806451613,1.0,19,0.050539660417753485,0.050564340360131965
140,5,32,33,0.06653225806451613,0.1,1,0.012648930689650027,0.012610253081074453
140,5,32,33,0.06653225806451613,0.1,3,0.004212130759572775,0.0041977123319450246
140,5,32,33,0.06653225806451613,0.1,5,0.0025270571655539643,0.002518259803530248
140,5,32,33,0.06653225806451613,0.1,7,0.0018049934044767574,0.0017986676730139398
140,5,32,33,0.06653225806451613,0.1,9,0.0014038673579643455,0.0013989298299002587
140,5,32,33,0.06653225806451613,0.1,11,0.0011486114528561752,0.0011445627189879109
140,5,32,33,0.06653225806451613,0.1,13,0.0009718982052418254,0.0009684671876140951
140,5,32,33,0.06653225806451613,0.1,15,0.0008423095832172636,0.0008393327830635571
140,5,32,33,0.06653225806451613,0.1,17,0.0007432129662190847,0.0007405841998842229
140,5,32,33,0.06653225806451613,0.1,19,0.0006649791129791523,0.0006626255292059557
140,5,32,33,0.06653225806451613,0.5,1,0.29547925385913043,0.29456650558441716
140,5,32,33,0.06653225806451613,0.5,3,0.09651504811739796,0.0956847420617993
140,5,32,33,0.06653225806451613,0.5,5,0.05781223180820934,0.05728951476092511
140,5,32,33,0.06653225806451613,0.5,7,0.041274315715911655,0.04089689105600794
140,5,32,33,0.06653225806451613,0.5,9,0.032095473576620105,0.031800817860378396
140,5,32,33,0.06653225806451613,0.5,11,0.02625699706096005,0.026015528931348238
140,5,32,33,0.06653225806451613,0.5,13,0.02221596757075511,0.022011492342466656
140,5,32,33,0.06653225806451613,0.5,15,0.019252993835818,0.019075713668705613
140,5,32,33,0.06653225806451613,0.5,17,0.016987417861357226,0.016830963365771997
140,5,32,33,0.06653225806451613,0.5,19,0.015198931381344946,0.015058932253564744
140,5,32,33,0.06653225806451613,1.0,1,0.966451593728366,0.9647922669225891
140,5,32,33,0.06653225806451613,1.0,3,0.3074109088021779,0.30693042957727784
140,5,32,33,0.06653225806451613,1.0,5,0.1833705230294944,0.18329602042904036
140,5,32,33,0.06653225806451613,1.0,7,0.13072853115087935,0.13074170431631119
140,5,32,33,0.06653225806451613,1.0,9,0.1015865384406623,0.10162444211144554
140,5,32,33,0.06653225806451613,1.0,11,0.08307405490904256,0.08311896673245514
140,5,32,33,0.06653225806451613,1.0,13,0.07027076672726414,0.07031667515656877
140,5,32,33,0.06653225806451613,1.0,15,0.06088785997910552,0.06093255257360175
140,5,32,33,0.06653225806451613,1.0,17,0.05371596471962466,0.053758644302632864
140,5,32,33,0.06653225806451613,1.0,19,0.04805582458960684,0.04809626628016417
141,5,32,33,0.06653225806451613,0.1,1,0.013388550157920369,0.012758538535301317
141,5,32,33,0.06653225806451613,0.1,3,0.004459319016590166,0.004244718002922229
141,5,32,33,0.06653225806451613,0.1,5,0.0026754212267064595,0.0025460906411893403
141,5,32,33,0.06653225806451613,0.1,7,0.0019109814979395938,0.0018184265911809125
141,5,32,33,0.06653225806451613,0.1,9,0.0014863081130765275,0.0014142446547405357
141,5,32,33,0.06653225806451613,0.1,11,0.0012160657665330995,0.001157064933538668
141,5,32,33,0.06653225806451613,0.1,13,0.0010289765208383805,0.0009790293764352976
141,5,32,33,0.06653225806451613,0.1,15,0.0008917784466744527,0.0008484760573528222
141,5,32,33,0.06653225806451613,0.1,17,0.0007868626214121406,0.0007486445933329827
141,5,32,33,0.06653225806451613,0.1,19,0.0007040345270017605,0.0006698323546296131
141,5,32,33,0.06653225806451613,0.5,1,0.3136638918576383,0.301270889498166
141,5,32,33,0.06653225806451613,0.5,3,0.10274786153899983,0.09830657897285319
141,5,32,33,0.06653225806451613,0.5,5,0.06155988785288051,0.05885512141047954
141,5,32,33,0.06653225806451613,0.5,7,0.043953004230264735,0.04200845562629704
141,5,32,33,0.06653225806451613,0.5,9,0.03417952501446412,0.032661580070827416
141,5,32,33,0.06653225806451613,0.5,11,0.027962408844971625,0.02671755136132456
141,5,32,33,0.06653225806451613,0.5,13,0.023659152504520872,0.02260409910271557
141,5,32,33,0.06653225806451613,0.5,15,0.020503836905390833,0.019588363192766325
141,5,32,33,0.06653225806451613,0.5,17,0.01809115424272839,0.017282642100347342
141,5,32,33,0.06653225806451613,0.5,19,0.016186518711284716,0.015462587856896236
141,5,32,33,0.06653225806451613,1.0,1,1.0256173761123462,0.9952586071260323
141,5,32,33,0.06653225806451613,1.0,3,0.3278735955544873,0.317104789584015
141,5,32,33,0.06653225806451613,1.0,5,0.1957301200827202,0.18935456982221
141,5,32,33,0.06653225806451613,1.0,7,0.13957517835116273,0.13505768714296892
141,5,32,33,0.06653225806451613,1.0,9,0.10847333077737321,0.10497708794779381
141,5,32,33,0.06653225806451613,1.0,11,0.08871124350298376,0.08586013655383337
141,5,32,33,0.06653225806451613,1.0,13,0.07504193691914371,0.07263514419623233
141,5,32,33,0.06653225806451613,1.0,15,0.06502355001206576,0.06294133390907065
141,5,32,33,0.06653225806451613,1.0,17,0.05736550150385511,0.055530756965228315
141,5,32,33,0.06653225806451613,1.0,19,0.05132144942941382,0.04968161989442919
142,5,32,33,0.06653225806451613,0.1,1,0.01715997925169733,0.016483683998402655
142,5,32,33,0.06653225806451613,0.1,3,0.005707527892938399,0.005488052336689664
142,5,32,33,0.06653225806451613,0.1,5,0.0034233754694643396,0.0032924707248136987
142,5,32,33,0.06653225806451613,0.1,7,0.0024449445156977997,0.0023516849317082593
142,5,32,33,0.06653225806451613,0.1,9,0.0019014888257039046,0.0018290599223873792
142,5,32,33,0.06653225806451613,0.1,11,0.001555695032019101,0.0014964906803336818
142,5,32,33,0.06653225806451613,0.1,13,0.001316317783097378,0.0012662545141878844
142,5,32,33,0.06653225806451613,0.1,15,0.0011407838812666933,0.0010974165628931777
142,5,32,33,0.06653225806451613,0.1,17,0.0010065573736896482,0.0009683061859880977
142,5,32,33,0.06653225806451613,0.1,19,0.0009005922878538688,0.0008663775103693289
142,5,32,33,0.06653225806451613,0.5,1,0.39388671078623516,0.3765321436995337
142,5,32,33,0.06653225806451613,0.5,3,0.1278372838259023,0.1223213865192715
142,5,32,33,0.06653225806451613,0.5,5,0.07648011757909784,0.07324021471817704
142,5,32,33,0.06653225806451613,0.5,7,0.0545738149651048,0.05228363946007201
142,5,32,33,0.06653225806451613,0.5,9,0.04242523233076488,0.0406549297769684
142,5,32,33,0.06653225806451613,0.5,11,0.03470137984613942,0.03325881997147711
142,5,32,33,0.06653225806451613,0.5,13,0.029357051962326616,0.028139928892174013
142,5,32,33,0.06653225806451613,0.5,15,0.0254393224445056,0.024386739689259716
142,5,32,33,0.06653225806451613,0.5,17,0.022444198330317043,0.021516987002713914
142,5,32,33,0.06653225806451613,0.5,19,0.020080090735016938,0.01925157540637311
142,5,32,33,0.06653225806451613,1.0,1,1.2003893732096949,1.1474856301043739
142,5,32,33,0.06653225806451613,1.0,3,0.3769507042134102,0.3568987575490835
142,5,32,33,0.06653225806451613,1.0,5,0.2248469772055733,0.21288867077286056
142,5,32,33,0.06653225806451613,1.0,7,0.16030833153088608,0.15180915384622007
142,5,32,33,0.06653225806451613,1.0,9,0.1245768001405533,0.11799051403539397
142,5,32,33,0.06653225806451613,1.0,11,0.1018766569774844,0.09650250534046319
142,5,32,33,0.06653225806451613,1.0,13,0.08617646763190977,0.08163852187303594
142,5,32,33,0.06653225806451613,1.0,15,0.0746702381084236,0.07074373282869219
142,5,32,33,0.06653225806451613,1.0,17,0.06587520289760568,0.06241515207052476
142,5,32,33,0.06653225806451613,1.0,19,0.058933976061265686,0.05584144480580739
143,5,32,33,0.06653225806451613,0.1,1,0.013110721334994017,0.012943668434223218
143,5,32,33,0.06653225806451613,0.1,3,0.004361848724837294,0.00430382209094704
143,5,32,33,0.06653225806451613,0.1,5,0.0026164575957153603,0.002581287042984076
143,5,32,33,0.06653225806451613,0.1,7,0.001868724964603221,0.0018434896020557284
143,5,32,33,0.06653225806451613,0.1,9,0.0014533831517319516,0.0014337055997014265
143,5,32,33,0.06653225806451613,0.1,11,0.0011890970451562024,0.0011729708743724934
143,5,32,33,0.06653225806451613,0.1,13,0.0010061393776306545,0.0009924786031896273
143,5,32,33,0.06653225806451613,0.1,15,0.0008719752458962273,0.0008601259720864471
143,5,32,33,0.06653225806451613,0.1,17,0.0007693818225457182,0.0007589198510613502
143,5,32,33,0.06653225806451613,0.1,19,0.000688388617969732,0.0006790231388023457
143,5,32,33,0.06653225806451613,0.5,1,0.3090339739295076,0.3065119883040471
143,5,32,33,0.06653225806451613,0.5,3,0.1003307425623434,0.0994776789653773
143,5,32,33,0.06653225806451613,0.5,5,0.06005142413395992,0.05948793458196885
143,5,32,33,0.06653225806451613,0.5,7,0.04286057804252616,0.04244025331131827
143,5,32,33,0.06653225806451613,0.5,9,0.03332394672607361,0.032989004482130595
143,5,32,33,0.06653225806451613,0.5,11,0.02725947442300063,0.026981170057275846
143,5,32,33,0.06653225806451613,0.5,13,0.02306271597271342,0.02282470263970748
143,5,32,33,0.06653225806451613,0.5,15,0.01998590707302431,0.019778011869996222
143,5,32,33,0.06653225806451613,0.5,17,0.017633484314773448,0.01744895052481066
143,5,32,33,0.06653225806451613,0.5,19,0.015776556804985558,0.015610669804461283
143,5,32,33,0.06653225806451613,1.0,1,1.0083919600951412,1.010708634115961
143,5,32,33,0.06653225806451613,1.0,3,0.32198744626229453,0.31888124865282746
143,5,32,33,0.06653225806451613,1.0,5,0.1925215658083127,0.18980070714510358
143,5,32,33,0.06653225806451613,1.0,7,0.1373552458695505,0.13517277420431767
143,5,32,33,0.06653225806451613,1.0,9,0.10677252957121397,0.10497638296955725
143,5,32,33,0.06653225806451613,1.0,11,0.08733156786993185,0.08581200294704608
143,5,32,33,0.06653225806451613,1.0,13,0.07388089792661198,0.07256635758162289
143,5,32,33,0.06653225806451613,1.0,15,0.064021110238064,0.0628638047599936
143,5,32,33,0.06653225806451613,1.0,17,0.05648342621257642,0.055450223619074084
143,5,32,33,0.06653225806451613,1.0,19,0.05053387055302532,0.04960097938667146
144,5,32,33,0.06653225806451613,0.1,1,0.013928946623915616,0.013633362111337722
144,5,32,33,0.06653225806451613,0.1,3,0.004640937493596716,0.004542761564789239
144,5,32,33,0.06653225806451613,0.1,5,0.002784464214641144,0.002725575731234255
144,5,32,33,0.06653225806451613,0.1,7,0.0019888836668130183,0.0019468238274657598
144,5,32,33,0.06653225806451613,0.1,9,0.0015469033270044915,0.0015141911953540806
144,5,32,33,0.06653225806451613,0.1,11,0.0012656456122561287,0.0012388815869017811
144,5,32,33,0.06653225806451613,0.1,13,0.0010709296546770968,0.0010482833887478016
144,5,32,33,0.06653225806451613,0.1,15,0.000928138355443829,0.0009085117096719492
144,5,32,33,0.06653225806451613,0.1,17,0.0008189452075756903,0.0008016276485618107
144,5,32,33,0.06653225806451613,0.1,19,0.0007327401978307617,0.0007172455834300602
144,5,32,33,0.06653225806451613,0.5,1,0.3242803147481602,0.3187734857421778
144,5,32,33,0.06653225806451613,0.5,3,0.10700008544369163,0.10543705685676523
144,5,32,33,0.06653225806451613,0.5,5,0.06414417813146621,0.06322152555283221
144,5,32,33,0.06653225806451613,0.5,7,0.045806206190063765,0.045150187909478126
144,5,32,33,0.06653225806451613,0.5,9,0.03562350127064238,0.03511423461560417
144,5,32,33,0.06653225806451613,0.5,11,0.029145030369936615,0.028728759917427776
144,5,32,33,0.06653225806451613,0.5,13,0.024660463505971543,0.024308430588176996
144,5,32,33,0.06653225806451613,0.5,15,0.021372012255117673,0.021067023646691458
144,5,32,33,0.06653225806451613,0.5,17,0.01885742817887739,0.018588383455840095
144,5,32,33,0.06653225806451613,0.5,19,0.01687229161992098,0.016631606846719535
144,5,32,33,0.06653225806451613,1.0,1,1.0410249228534028,1.036298487139026
144,5,32,33,0.06653225806451613,1.0,3,0.33686426187304175,0.34060787439049317
144,5,32,33,0.06653225806451613,1.0,5,0.20111325271188502,0.20388865754247532
144,5,32,33,0.06653225806451613,1.0,7,0.14340995197633996,0.14553651422764868
144,5,32,33,0.06653225806451613,1.0,9,0.11145122494633887,0.11316318097168157
144,5,32,33,0.06653225806451613,1.0,11,0.09114541881723909,0.09257477125583752
144,5,32,33,0.06653225806451613,1.0,13,0.07710044908720973,0.07832601238350809
144,5,32,33,0.06653225806451613,1.0,15,0.06680697332232752,0.06787901042711617
144,5,32,33,0.06653225806451613,1.0,17,0.05893878665588229,0.05989115822330435
144,5,32,33,0.06653225806451613,1.0,19,0.05272896936730523,0.05358551583819068
145,5,32,33,0.06653225806451613,0.1,1,0.01433802026283351,0.013718150643001737
145,5,32,33,0.06653225806451613,0.1,3,0.004771863434673956,0.004565488151792457
145,5,32,33,0.06653225806451613,0.1,5,0.0028625289663689406,0.0027387789903847988
145,5,32,33,0.06653225806451613,0.1,7,0.002044505634545928,0.001956139010817136
145,5,32,33,0.06653225806451613,0.1,9,0.0015901073379249488,0.0015213897079845314
145,5,32,33,0.06653225806451613,0.1,11,0.0013009651174704258,0.001244748025665982
145,5,32,33,0.06653225806451613,0.1,13,0.0011007985429572964,0.0010532340717010838
145,5,32,33,0.06653225806451613,0.1,15,0.0009540141428238647,0.0009127940732099328
145,5,32,33,0.06653225806451613,0.1,17,0.0008417697070772896,0.0008054007422678998
145,5,32,33,0.06653225806451613,0.1,19,0.0007531571534392639,0.0007206177000330652
145,5,32,33,0.06653225806451613,0.5,1,0.33230213666315417,0.3184949188366341
145,5,32,33,0.06653225806451613,0.5,3,0.10811577797227345,0.10326577418698125
145,5,32,33,0.06653225806451613,0.5,5,0.06471894292988803,0.061812002260021974
145,5,32,33,0.06653225806451613,0.5,7,0.046192665065568926,0.04411944831363205
145,5,32,33,0.06653225806451613,0.5,9,0.035914620146946186,0.034303920922495595
145,5,32,33,0.06653225806451613,0.5,11,0.02937857812984872,0.028061800830948988
145,5,32,33,0.06653225806451613,0.5,13,0.0248554719559739,0.023741950125016828
145,5,32,33,0.06653225806451613,0.5,15,0.02153941072484716,0.020574808910009738
145,5,32,33,0.06653225806451613,0.5,17,0.019004071935948892,0.018153267542989526
145,5,32,33,0.06653225806451613,0.5,19,0.017002763461636355,0.01624174578021729
145,5,32,33,0.06653225806451613,1.0,1,1.0452556716201153,1.0099830891693906
145,5,32,33,0.06653225806451613,1.0,3,0.3289607401965719,0.3137392617671295
145,5,32,33,0.06653225806451613,1.0,5,0.19640248447627853,0.18740602004462154
145,5,32,33,0.06653225806451613,1.0,7,0.14004926463741144,0.1336995031578174
145,5,32,33,0.06653225806451613,1.0,9,0.10883598506501657,0.10393669486166754
145,5,32,33,0.06653225806451613,1.0,11,0.08900369010799879,0.08501762819604879
145,5,32,33,0.06653225806451613,1.0,13,0.07528645578464334,0.07192751599562885
145,5,32,33,0.06653225806451613,1.0,15,0.06523340350194869,0.06233147078327157
145,5,32,33,0.06653225806451613,1.0,17,0.05754917514461891,0.05499498162922551
145,5,32,33,0.06653225806451613,1.0,19,0.051484681307841056,0.04920391372270658
146,5,32,33,0.06653225806451613,0.1,1,0.013537923480524891,0.013537923480524941
146,5,32,33,0.06653225806451613,0.1,3,0.004507834516086077,0.0045078345160861405
146,5,32,33,0.06653225806451613,0.1,5,0.0027044029710793583,0.0027044029710793626
146,5,32,33,0.06653225806451613,0.1,7,0.0019316455146583785,0.0019316455146584778
146,5,32,33,0.06653225806451613,0.1,9,0.0015023644030397495,0.0015023644030396205
146,5,32,33,0.06653225806451613,0.1,11,0.0012291946548594153,0.0012291946548593415
146,5,32,33,0.06653225806451613,0.1,13,0.001040080891535674,0.0010400808915355462
146,5,32,33,0.06653225806451613,0.1,15,0.0009013992737681567,0.0009013992737685962
146,5,32,33,0.06653225806451613,0.1,17,0.0007953495982821118,0.0007953495982821487
146,5,32,33,0.06653225806451613,0.1,19,0.0007116267387151263,0.0007116267387153212
146,5,32,33,0.06653225806451613,0.5,1,0.3139935158580629,0.31399351585806445
146,5,32,33,0.06653225806451613,0.5,3,0.10251864900983698,0.10251864900983887
146,5,32,33,0.06653225806451613,0.5,5,0.0614104064865654,0.06141040648656665
146,5,32,33,0.06653225806451613,0.5,7,0.043844405404634135,0.043844405404635044
146,5,32,33,0.06653225806451613,0.5,9,0.034094611143498633,0.03409461114349955
146,5,32,33,0.06653225806451613,0.5,11,0.027892799828634615,0.027892799828635382
146,5,32,33,0.06653225806451613,0.5,13,0.023600211261610285,0.023600211261609754
146,5,32,33,0.06653225806451613,0.5,15,0.020452744683786436,0.020452744683788073
146,5,32,33,0.06653225806451613,0.5,17,0.01804607441337367,0.018046074413374816
146,5,32,33,0.06653225806451613,0.5,19,0.01614618963791181,0.016146189637913293
146,5,32,33,0.06653225806451613,1.0,1,0.9984495224677618,0.998449522467765
146,5,32,33,0.06653225806451613,1.0,3,0.318001810909862,0.31800181090986485
146,5,32,33,0.06653225806451613,1.0,5,0.18993853488803245,0.1899385348880355
146,5,32,33,0.06653225806451613,1.0,7,0.1354860860039481,0.13548608600395193
146,5,32,33,0.06653225806451613,1.0,9,0.10531456477041407,0.10531456477041619
146,5,32,33,0.06653225806451613,1.0,11,0.0861382923558367,0.08613829235583839
146,5,32,33,0.06653225806451613,1.0,13,0.07287162635942973,0.07287162635943285
146,5,32,33,0.06653225806451613,1.0,15,0.06314696255124312,0.06314696255124616
146,5,32,33,0.06653225806451613,1.0,17,0.05571263372696267,0.05571263372696502
146,5,32,33,0.06653225806451613,1.0,19,0.049844652755371525,0.04984465275537291
147,5,32,33,0.06653225806451613,0.1,1,0.013555940103860513,0.013109961454737497
147,5,32,33,0.06653225806451613,0.1,3,0.00451594819214123,0.004365863523862165
147,5,32,33,0.06653225806451613,0.1,5,0.0027094379272111927,0.0026192944553259235
147,5,32,33,0.06653225806451613,0.1,7,0.0019352866981447424,0.0018708758617086497
147,5,32,33,0.06653225806451613,0.1,9,0.0015052145263340566,0.0014551085804407815
147,5,32,33,0.06653225806451613,0.1,11,0.001231535610347879,0.0011905356953003728
147,5,32,33,0.06653225806451613,0.1,13,0.0010420668458898453,0.0010073723197145637
147,5,32,33,0.06653225806451613,0.1,15,0.0009031236381658189,0.0008730536542281064
147,5,32,33,0.06653225806451613,0.1,17,0.0007968732246144069,0.0007703399756265706
147,5,32,33,0.06653225806451613,0.1,19,0.0007129914683736578,0.0006892505668619764
147,5,32,33,0.06653225806451613,0.5,1,0.3134290016134121,0.3056475100308538
147,5,32,33,0.06653225806451613,0.5,3,0.10303990476662736,0.09978677201929487
147,5,32,33,0.06653225806451613,0.5,5,0.06175823823435456,0.05977184348474007
147,5,32,33,0.06653225806451613,0.5,7,0.04409998403650603,0.042674000192495426
147,5,32,33,0.06653225806451613,0.5,9,0.03429576369001985,0.033184276726891684
147,5,32,33,0.06653225806451613,0.5,11,0.028058399484816827,0.027147967979102842
147,5,32,33,0.06653225806451613,0.5,13,0.02374085026181896,0.022969961011846663
147,5,32,33,0.06653225806451613,0.5,15,0.02057492340959652,0.019906522770721767
147,5,32,33,0.06653225806451613,0.5,17,0.01815405762234927,0.017564110579023375
147,5,32,33,0.06653225806451613,0.5,19,0.016242922258539235,0.015714956559895507
147,5,32,33,0.06653225806451613,1.0,1,0.9902100972277423,0.9836951443176375
147,5,32,33,0.06653225806451613,1.0,3,0.3179384708457787,0.3079308291705291
147,5,32,33,0.06653225806451613,1.0,5,0.1902541720620136,0.1838115547250328
147,5,32,33,0.06653225806451613,1.0,7,0.13578936462031135,0.13110841275960455
147,5,32,33,0.06653225806451613,1.0,9,0.10557779765018972,0.10191378081890651
147,5,32,33,0.06653225806451613,1.0,11,0.08636600631661563,0.08335932856524952
147,5,32,33,0.06653225806451613,1.0,13,0.07307081150309218,0.07052276878379289
147,5,32,33,0.06653225806451613,1.0,15,0.06332339887387274,0.06111315726769279
147,5,32,33,0.06653225806451613,1.0,17,0.05587072061903216,0.05391948078461529
147,5,32,33,0.06653225806451613,1.0,19,0.04998771121200398,0.04824129316409644
148,5,32,33,0.06653225806451613,0.1,1,0.013742718573101146,0.013719997707665528
148,5,32,33,0.06653225806451613,0.1,3,0.004576406811652706,0.004568530410515363
148,5,32,33,0.06653225806451613,0.1,5,0.0027456088950988116,0.0027408528785514115
148,5,32,33,0.06653225806451613,0.1,7,0.0019610993872822657,0.0019576934681352232
148,5,32,33,0.06653225806451613,0.1,9,0.0015252824652659126,0.0015226297269049158
148,5,32,33,0.06653225806451613,0.1,11,0.0012479508593622227,0.0012457785455184968
148,5,32,33,0.06653225806451613,0.1,13,0.0010559545378739587,0.0010541153296270889
148,5,32,33,0.06653225806451613,0.1,15,0.0009151583688483273,0.0009135636966769993
148,5,32,33,0.06653225806451613,0.1,17,0.0008074912923411945,0.0008060837645832105
148,5,32,33,0.06653225806451613,0.1,19,0.0007224912950768455,0.0007212316017711079
148,5,32,33,0.06653225806451613,0.5,1,0.318970367897805,0.3187303866334253
148,5,32,33,0.06653225806451613,0.5,3,0.10400407082669934,0.1038613761667124
148,5,32,33,0.06653225806451613,0.5,5,0.06229133251468723,0.06219957034538061
148,5,32,33,0.06653225806451613,0.5,7,0.044471493194237696,0.04440408545418404
148,5,32,33,0.06653225806451613,0.5,9,0.034581642416056935,0.034528412123305804
148,5,32,33,0.06653225806451613,0.5,11,0.028290984382101945,0.028247015767758645
148,5,32,33,0.06653225806451613,0.5,13,0.02393699148235855,0.02389954369751111
148,5,32,33,0.06653225806451613,0.5,15,0.02074454143066352,0.020711932098468822
148,5,32,33,0.06653225806451613,0.5,17,0.018303495061949403,0.01827461793450421
148,5,32,33,0.06653225806451613,0.5,19,0.016376483739455973,0.01635057278268311
148,5,32,33,0.06653225806451613,1.0,1,1.0186000177965644,1.0196533786037445
148,5,32,33,0.06653225806451613,1.0,3,0.3186254009375154,0.3188039089895443
148,5,32,33,0.06653225806451613,1.0,5,0.19021395492638243,0.19032047642547534
148,5,32,33,0.06653225806451613,1.0,7,0.13567746920765053,0.13575131472096244
148,5,32,33,0.06653225806451613,1.0,9,0.10546565545526392,0.10552154759936745
148,5,32,33,0.06653225806451613,1.0,11,0.08626443156329093,0.08630915834332019
148,5,32,33,0.06653225806451613,1.0,13,0.07298035554430482,0.0730175307997074
148,5,32,33,0.06653225806451613,1.0,15,0.06324269755213505,0.06327445085013232
148,5,32,33,0.06653225806451613,1.0,17,0.0557982382832108,0.055825921602836025
148,5,32,33,0.06653225806451613,1.0,19,0.049922111230347205,0.04994663294877584
149,5,32,33,0.06653225806451613,0.1,1,0.014829288231058566,0.014141027292875284
149,5,32,33,0.06653225806451613,0.1,3,0.004935537356674993,0.0047080535727232154
149,5,32,33,0.06653225806451613,0.1,5,0.0029606985948265104,0.0028244765894275
149,5,32,33,0.06653225806451613,0.1,7,0.0021146146110567793,0.0020173977825209024
149,5,32,33,0.06653225806451613,0.1,9,0.0016446309752415117,0.0015690549366114497
149,5,32,33,0.06653225806451613,0.1,11,0.0013455723782732456,0.0012837568770628725
149,5,32,33,0.06653225806451613,0.1,13,0.0011385413638558227,0.0010862473845080368
149,5,32,33,0.06653225806451613,0.1,15,0.0009867234382963162,0.0009414092889676671
149,5,32,33,0.06653225806451613,0.1,17,0.0008706300670397109,0.0008306519322278672
149,5,32,33,0.06653225806451613,0.1,19,0.0007789790234601521,0.0007432126085678328
149,5,32,33,0.06653225806451613,0.5,1,0.3456627426481992,0.329569377163734
149,5,32,33,0.06653225806451613,0.5,3,0.11274179002523133,0.10739780398637955
149,5,32,33,0.06653225806451613,0.5,5,0.06748237130930161,0.06430529486067227
149,5,32,33,0.06653225806451613,0.5,7,0.048161335766386586,0.04590278546473736
149,5,32,33,0.06653225806451613,0.5,9,0.037443296928879016,0.03569165962538499
149,5,32,33,0.06653225806451613,0.5,11,0.030627931585993504,0.02919748776624587
149,5,32,33,0.06653225806451613,0.5,13,0.025911780057646033,0.024703033741960465
149,5,32,33,0.06653225806451613,0.5,15,0.022454333668161564,0.021407806519400645
149,5,32,33,0.06653225806451613,0.5,17,0.019810983841323185,0.0188882967781285
149,5,32,33,0.06653225806451613,0.5,19,0.01772447056757226,0.016899421269263314
149,5,32,33,0.06653225806451613,1.0,1,1.1059234155232525,1.0591883862236655
149,5,32,33,0.06653225806451613,1.0,3,0.3516689955192486,0.33415296852867776
149,5,32,33,0.06653225806451613,1.0,5,0.20975716418542878,0.1993757287010099
149,5,32,33,0.06653225806451613,1.0,7,0.14949257460646917,0.14215603116192552
149,5,32,33,0.06653225806451613,1.0,9,0.11613691133455406,0.11047283850257436
149,5,32,33,0.06653225806451613,1.0,11,0.09495357309480466,0.09034371614917462
149,5,32,33,0.06653225806451613,1.0,13,0.08030685133491683,0.0764214255625698
149,5,32,33,0.06653225806451613,1.0,15,0.06957530494366923,0.06621803062420994
149,5,32,33,0.06653225806451613,1.0,17,0.06137405158335057,0.05841877240028471
149,5,32,33,0.06653225806451613,1.0,19,0.05490251334218178,0.05226339079168794
150,5,32,33,0.06653225806451613,0.1,1,0.012120638009958265,0.01206741221249678
150,5,32,33,0.06653225806451613,0.1,3,0.004036260608509688,0.004016917418117579
150,5,32,33,0.06653225806451613,0.1,5,0.0024215633333536488,0.002409737973817566
150,5,32,33,0.06653225806451613,0.1,7,0.0017296496437922064,0.0017211337049695304
150,5,32,33,0.06653225806451613,0.1,9,0.0013452706103647025,0.001338616756606493
150,5,32,33,0.06653225806451613,0.1,11,0.0011006707433655464,0.001095210752751745
150,5,32,33,0.06653225806451613,0.1,13,0.0009313342201734784,0.0009267048476122207
150,5,32,33,0.06653225806451613,0.1,15,0.0008071549161764205,0.0008031368090704602
150,5,32,33,0.06653225806451613,0.1,17,0.0007121946754868757,0.0007086452377837797
150,5,32,33,0.06653225806451613,0.1,19,0.0006372262833511519,0.0006340476043321839
150,5,32,33,0.06653225806451613,0.5,1,0.2844627563722056,0.28388806926526566
150,5,32,33,0.06653225806451613,0.5,3,0.09265586401628989,0.09247091964670917
150,5,32,33,0.06653225806451613,0.5,5,0.05547217477714072,0.055362203983519306
150,5,32,33,0.06653225806451613,0.5,7,0.039596467237805806,0.03951741798751356
150,5,32,33,0.06653225806451613,0.5,9,0.03078800803909973,0.0307260714928035
150,5,32,33,0.06653225806451613,0.5,11,0.02518606059640725,0.025135063755078967
150,5,32,33,0.06653225806451613,0.5,13,0.021309131170761615,0.021265755743787702
150,5,32,33,0.06653225806451613,0.5,15,0.018466668026885867,0.018428916321572085
150,5,32,33,0.06653225806451613,0.5,17,0.016293339827775196,0.01625991277938834
150,5,32,33,0.06653225806451613,0.5,19,0.014577734964754698,0.014547739038054926
150,5,32,33,0.06653225806451613,1.0,1,0.9383928500583185,0.9358152855722659
150,5,32,33,0.06653225806451613,1.0,3,0.2973094075143744,0.29360141279867424
150,5,32,33,0.06653225806451613,1.0,5,0.17747774644943543,0.175441325453617
150,5,32,33,0.06653225806451613,1.0,7,0.12656338085120186,0.1251767788807101
150,5,32,33,0.06653225806451613,1.0,9,0.09836360250508012,0.0973155859463751
150,5,32,33,0.06653225806451613,1.0,11,0.08044493974966184,0.07960354879579143
150,5,32,33,0.06653225806451613,1.0,13,0.06805038091629717,0.06734791858406518
150,5,32,33,0.06653225806451613,1.0,15,0.058966068648607504,0.05836332001234564
150,5,32,33,0.06653225806451613,1.0,17,0.05202190074176196,0.05149415795649261
150,5,32,33,0.06653225806451613,1.0,19,0.04654119202390629,0.04607189838456005
151,5,32,33,0.06653225806451613,0.1,1,0.012457023148131102,0.012457023148131135
151,5,32,33,0.06653225806451613,0.1,3,0.0041480389665992734,0.004148038966599423
151,5,32,33,0.06653225806451613,0.1,5,0.0024885803300605442,0.00248858033006048
151,5,32,33,0.06653225806451613,0.1,7,0.0017775028891898665,0.0017775028891896252
151,5,32,33,0.06653225806451613,0.1,9,0.0013824827186111927,0.0013824827186114145
151,5,32,33,0.06653225806451613,0.1,11,0.001131113278796061,0.00113111327879652
151,5,32,33,0.06653225806451613,0.1,13,0.000957091082250447,0.0009570910822507502
151,5,32,33,0.06653225806451613,0.1,15,0.0008294761193446002,0.0008294761193446152
151,5,32,33,0.06653225806451613,0.1,17,0.0007318888987073533,0.0007318888987078734
151,5,32,33,0.06653225806451613,0.1,19,0.0006548467527927806,0.0006548467527929266
151,5,32,33,0.06653225806451613,0.5,1,0.2917796929812523,0.2917796929812534
151,5,32,33,0.06653225806451613,0.5,3,0.09508994657326386,0.09508994657326511
151,5,32,33,0.06653225806451613,0.5,5,0.056946421892154694,0.05694642189215623
151,5,32,33,0.06653225806451613,0.5,7,0.04065405829080668,0.04065405829080764
151,5,32,33,0.06653225806451613,0.5,9,0.03161254438142995,0.03161254438143078
151,5,32,33,0.06653225806451613,0.5,11,0.025861691384312473,0.025861691384312956
151,5,32,33,0.06653225806451613,0.5,13,0.02188140243852149,0.021881402438522213
151,5,32,33,0.06653225806451613,0.5,15,0.018963002862094222,0.01896300286209423
151,5,32,33,0.06653225806451613,0.5,17,0.01673152692073959,0.016731526920739682
151,5,32,33,0.06653225806451613,0.5,19,0.014969968286824693,0.014969968286825957
151,5,32,33,0.06653225806451613,1.0,1,0.9538895589928202,0.9538895589928226
151,5,32,33,0.06653225806451613,1.0,3,0.29722335392883,0.29722335392883287
151,5,32,33,0.06653225806451613,1.0,5,0.17740788361451262,0.17740788361451526
151,5,32,33,0.06653225806451613,1.0,7,0.12654622834753562,0.12654622834753917
151,5,32,33,0.06653225806451613,1.0,9,0.09837046853852487,0.09837046853852642
151,5,32,33,0.06653225806451613,1.0,11,0.08046268544284803,0.0804626854428496
151,5,32,33,0.06653225806451613,1.0,13,0.06807307143751931,0.06807307143752164
151,5,32,33,0.06653225806451613,1.0,15,0.05899085503422818,0.05899085503423062
151,5,32,33,0.06653225806451613,1.0,17,0.05204734699884442,0.05204734699884661
151,5,32,33,0.06653225806451613,1.0,19,0.046566589505957136,0.04656658950595956
152,5,32,33,0.06653225806451613,0.1,1,0.012518243396240636,0.012517587518363998
152,5,32,33,0.06653225806451613,0.1,3,0.004168188079286235,0.004168132112230925
152,5,32,33,0.06653225806451613,0.1,5,0.0025006368429194704,0.002500618125588562
152,5,32,33,0.06653225806451613,0.1,7,0.001786104350424584,0.0017860951242836011
152,5,32,33,0.06653225806451613,0.1,9,0.0013891682232239281,0.0013891627523582035
152,5,32,33,0.06653225806451613,0.1,11,0.0011365808654295259,0.0011365772505452637
152,5,32,33,0.06653225806451613,0.1,13,0.0009617161052549764,0.0009617135407270237
152,5,32,33,0.06653225806451613,0.1,15,0.0008334835818104335,0.0008334816686397413
152,5,32,33,0.06653225806451613,0.1,17,0.000735424292260604,0.0007354228105751382
152,5,32,33,0.06653225806451613,0.1,19,0.0006580095729669931,0.0006580083917436482
152,5,32,33,0.06653225806451613,0.5,1,0.292957543542062,0.29278622021217404
152,5,32,33,0.06653225806451613,0.5,3,0.09540947176517146,0.09540452265565996
152,5,32,33,0.06653225806451613,0.5,5,0.05713892387632964,0.05713982367922039
152,5,32,33,0.06653225806451613,0.5,7,0.04079251757555693,0.04079342420821268
152,5,32,33,0.06653225806451613,0.5,9,0.03172078015838873,0.03172145727926121
152,5,32,33,0.06653225806451613,0.5,11,0.025950569401068137,0.025951072072700348
152,5,32,33,0.06653225806451613,0.5,13,0.02195680913131324,0.02195719174599598
152,5,32,33,0.06653225806451613,0.5,15,0.019028489924296055,0.019028789130046724
152,5,32,33,0.06653225806451613,0.5,17,0.016789403429027863,0.016789643104058703
152,5,32,33,0.06653225806451613,0.5,19,0.015021820400745352,0.015022016375828649
152,5,32,33,0.06653225806451613,1.0,1,0.9532982822059376,0.9531428708418208
152,5,32,33,0.06653225806451613,1.0,3,0.2935034357590816,0.29337824042035854
152,5,32,33,0.06653225806451613,1.0,5,0.1750996375573253,0.1750444339322978
152,5,32,33,0.06653225806451613,1.0,7,0.12486069793519859,0.1248288507548767
152,5,32,33,0.06653225806451613,1.0,9,0.09704097329927115,0.09702036160176482
152,5,32,33,0.06653225806451613,1.0,11,0.07936461110373938,0.07935022871533966
152,5,32,33,0.06653225806451613,1.0,13,0.06713768752342811,0.06712710007146844
152,5,32,33,0.06653225806451613,1.0,15,0.05817614406314755,0.0581680327612151
152,5,32,33,0.06653225806451613,1.0,17,0.05132572107569258,0.051319312064591095
152,5,32,33,0.06653225806451613,1.0,19,0.04591891699594898,0.04591372726774139
153,5,32,33,0.06653225806451613,0.1,1,0.013028533938547986,0.013187220206915993
153,5,32,33,0.06653225806451613,0.1,3,0.004336260924738841,0.004389293797922735
153,5,32,33,0.06653225806451613,0.1,5,0.0026013894848525496,0.0026331012632180586
153,5,32,33,0.06653225806451613,0.1,7,0.0018580541173905765,0.0018806632736787007
153,5,32,33,0.06653225806451613,0.1,9,0.001445124392102581,0.0014626892758977628
153,5,32,33,0.06653225806451613,0.1,11,0.0011823614168315689,0.0011967217129240683
153,5,32,33,0.06653225806451613,0.1,13,0.001000452733101346,0.0010125971132721701
153,5,32,33,0.06653225806451613,0.1,15,0.0008670549654828779,0.0008775757797906195
153,5,32,33,0.06653225806451613,0.1,17,0.0007650459205254126,0.0007743260323894065
153,5,32,33,0.06653225806451613,0.1,19,0.0006845130415202629,0.000692814182696201
153,5,32,33,0.06653225806451613,0.5,1,0.30462654443273224,0.3068634908510119
153,5,32,33,0.06653225806451613,0.5,3,0.09844863382989988,0.09984578287454786
153,5,32,33,0.06653225806451613,0.5,5,0.058906825071292336,0.059771699800543227
153,5,32,33,0.06653225806451613,0.5,7,0.04204259410359333,0.042663758588310556
153,5,32,33,0.06653225806451613,0.5,9,0.032688614189561656,0.033172110774906595
153,5,32,33,0.06653225806451613,0.5,11,0.026740462571646504,0.02713588765686511
153,5,32,33,0.06653225806451613,0.5,13,0.022624164644812726,0.022958518346167984
153,5,32,33,0.06653225806451613,0.5,15,0.01960628364382135,0.019895841492320605
153,5,32,33,0.06653225806451613,0.5,17,0.017298862439469705,0.01755417624361452
153,5,32,33,0.06653225806451613,0.5,19,0.01547741695152483,0.015705711297728138
153,5,32,33,0.06653225806451613,1.0,1,0.984257055532307,0.9970082324080266
153,5,32,33,0.06653225806451613,1.0,3,0.30075587621273014,0.30688157934936694
153,5,32,33,0.06653225806451613,1.0,5,0.17879378739887355,0.18297211041685538
153,5,32,33,0.06653225806451613,1.0,7,0.12734064776942908,0.13045366383765963
153,5,32,33,0.06653225806451613,1.0,9,0.09891268484184944,0.10138240653559746
153,5,32,33,0.06653225806451613,1.0,11,0.08087011203917197,0.08291358694932892
153,5,32,33,0.06653225806451613,1.0,13,0.06839796627518603,0.07013938664899255
153,5,32,33,0.06653225806451613,1.0,15,0.05926046719650233,0.060777042853372924
153,5,32,33,0.06653225806451613,1.0,17,0.05227750988357213,0.05362036369143577
153,5,32,33,0.06653225806451613,1.0,19,0.04676721851289948,0.04797189313203045
154,5,32,33,0.06653225806451613,0.1,1,0.014881157638711142,0.01435079294616981
154,5,32,33,0.06653225806451613,0.1,3,0.004952951970067923,0.004757898537310611
154,5,32,33,0.06653225806451613,0.1,5,0.0029712075737706985,0.0028524720954335673
154,5,32,33,0.06653225806451613,0.1,7,0.0021221428504955312,0.002036852696319314
154,5,32,33,0.06653225806451613,0.1,9,0.001650496393243933,0.0015839614302677384
154,5,32,33,0.06653225806451613,0.1,11,0.0013503768367480744,0.00129583868820769
154,5,32,33,0.06653225806451613,0.1,13,0.0011426099665219295,0.0010964045199199583
154,5,32,33,0.06653225806451613,0.1,15,0.0009902516893793845,0.0009501707262487407
154,5,32,33,0.06653225806451613,0.1,17,0.0008737446846603319,0.0008383549178622455
154,5,32,33,0.06653225806451613,0.1,19,0.000781766824455001,0.000750085327918139
154,5,32,33,0.06653225806451613,0.5,1,0.34495486932468516,0.3409208182431109
154,5,32,33,0.06653225806451613,0.5,3,0.11222607572053478,0.10787351753657927
154,5,32,33,0.06653225806451613,0.5,5,0.06715759683629531,0.06417427917055182
154,5,32,33,0.06653225806451613,0.5,7,0.04792626030440825,0.04568025930753245
154,5,32,33,0.06653225806451613,0.5,9,0.03725946800501483,0.03546274432919635
154,5,32,33,0.06653225806451613,0.5,11,0.03047711742373204,0.0289811780874025
154,5,32,33,0.06653225806451613,0.5,13,0.02578397110930611,0.024503080553423956
154,5,32,33,0.06653225806451613,0.5,15,0.022343460097224058,0.02122382346273525
154,5,32,33,0.06653225806451613,0.5,17,0.01971309266619768,0.018718796663414423
154,5,32,33,0.06653225806451613,0.5,19,0.017636845676016224,0.016742743771173182
154,5,32,33,0.06653225806451613,1.0,1,1.0893388948089051,1.087188503560293
154,5,32,33,0.06653225806451613,1.0,3,0.3441372873050519,0.3391301043932994
154,5,32,33,0.06653225806451613,1.0,5,0.20482024404785837,0.20307986545953172
154,5,32,33,0.06653225806451613,1.0,7,0.14584140105142115,0.14496213965760796
154,5,32,33,0.06653225806451613,1.0,9,0.11324468509205202,0.11271327098199668
154,5,32,33,0.06653225806451613,1.0,11,0.09256048797301834,0.0922036572234858
154,5,32,33,0.06653225806451613,1.0,13,0.07826653098449089,0.07800973710981887
154,5,32,33,0.06653225806451613,1.0,15,0.06779735863373632,0.06760325952385758
154,5,32,33,0.06653225806451613,1.0,17,0.05979881498363899,0.05964663610022022
154,5,32,33,0.06653225806451613,1.0,19,0.0534885635288619,0.053365822654586184
155,5,32,33,0.06653225806451613,0.1,1,0.013196587525065322,0.013135951947441778
155,5,32,33,0.06653225806451613,0.1,3,0.004394218282709948,0.004366612067271349
155,5,32,33,0.06653225806451613,0.1,5,0.0026362582209533986,0.0026187238765898804
155,5,32,33,0.06653225806451613,0.1,7,0.0018829788219351707,0.0018701513484923084
155,5,32,33,0.06653225806451613,0.1,9,0.0014645161436785928,0.0014544071616674195
155,5,32,33,0.06653225806451613,0.1,11,0.0011982298092935732,0.0011898897165487467
155,5,32,33,0.06653225806451613,0.1,13,0.0010138810005699877,0.0010067833816103124
155,5,32,33,0.06653225806451613,0.1,15,0.0008786934266714379,0.0008725162819146583
155,5,32,33,0.06653225806451613,0.1,17,0.00077531551933098,0.0007698476082304836
155,5,32,33,0.06653225806451613,0.1,19,0.0006937018592546006,0.0006887971472379057
155,5,32,33,0.06653225806451613,0.5,1,0.30761081616256936,0.31045004385550723
155,5,32,33,0.06653225806451613,0.5,3,0.10036638517365999,0.10106366613958061
155,5,32,33,0.06653225806451613,0.5,5,0.06011023715738924,0.06044604307892057
155,5,32,33,0.06653225806451613,0.5,7,0.04291311572676796,0.043123759755250034
155,5,32,33,0.06653225806451613,0.5,9,0.03336920017356617,0.03351962310451925
155,5,32,33,0.06653225806451613,0.5,11,0.027298740800283154,0.027414594297596837
155,5,32,33,0.06653225806451613,0.5,13,0.02309723708495135,0.02319094687806209
155,5,32,33,0.06653225806451613,0.5,15,0.02001664134346834,0.020095070176698135
155,5,32,33,0.06653225806451613,0.5,17,0.017661149600419805,0.01772845107250617
155,5,32,33,0.06653225806451613,0.5,19,0.01580169415956543,0.015860557717463374
155,5,32,33,0.06653225806451613,1.0,1,0.9943302923800406,1.0129787671798964
155,5,32,33,0.06653225806451613,1.0,3,0.313919848644001,0.3218810856347869
155,5,32,33,0.06653225806451613,1.0,5,0.18737876602661258,0.19219098494154685
155,5,32,33,0.06653225806451613,1.0,7,0.1336461819590699,0.13703292418942198
155,5,32,33,0.06653225806451613,1.0,9,0.10388301149842046,0.10648175933758493
155,5,32,33,0.06653225806451613,1.0,11,0.08496810386026327,0.08707169835651285
155,5,32,33,0.06653225806451613,1.0,13,0.0718826220218114,0.07364766644153016
155,5,32,33,0.06653225806451613,1.0,15,0.06229079465336826,0.06381026935495125
155,5,32,33,0.06653225806451613,1.0,17,0.054957963918802914,0.056291395924054646
155,5,32,33,0.06653225806451613,1.0,19,0.049170032474310045,0.050357752621442764
156,5,32,33,0.06653225806451613,0.1,1,0.01446458954285612,0.014554411020459766
156,5,32,33,0.06653225806451613,0.1,3,0.004815540623726164,0.004845984096212645
156,5,32,33,0.06653225806451613,0.1,5,0.002888960754372151,0.0029072802345491383
156,5,32,33,0.06653225806451613,0.1,7,0.002063457980191665,0.0020765591004582476
156,5,32,33,0.06653225806451613,0.1,9,0.0016048800783312336,0.0016150765379744957
156,5,32,33,0.06653225806451613,0.1,11,0.0013130687937489402,0.001321414803410704
156,5,32,33,0.06653225806451613,0.1,13,0.0011110500908218797,0.0011181141069093019
156,5,32,33,0.06653225806451613,0.1,15,0.0009629051947765741,0.0009690286117876539
156,5,32,33,0.06653225806451613,0.1,17,0.0008496190745040749,0.00085502294301747
156,5,32,33,0.06653225806451613,0.1,19,0.0007601833345342256,0.0007650189758945929
156,5,32,33,0.06653225806451613,0.5,1,0.33480993234970124,0.3372181905501195
156,5,32,33,0.06653225806451613,0.5,3,0.10881951854589039,0.1097752882995146
156,5,32,33,0.06653225806451613,0.5,5,0.06515048960892174,0.0657406151323783
156,5,32,33,0.06653225806451613,0.5,7,0.04650662908036597,0.04693287969759698
156,5,32,33,0.06653225806451613,0.5,9,0.03616188218479679,0.03649536688990052
156,5,32,33,0.06653225806451613,0.5,11,0.02958266404768773,0.029856504825900267
156,5,32,33,0.06653225806451613,0.5,13,0.025029273965934476,0.025261553472685546
156,5,32,33,0.06653225806451613,0.5,15,0.021690779041083495,0.021892443591589292
156,5,32,33,0.06653225806451613,0.5,17,0.019138147552920638,0.019316324056126245
156,5,32,33,0.06653225806451613,0.5,19,0.017123098687395814,0.0172826857748492
156,5,32,33,0.06653225806451613,1.0,1,1.0575847591951764,1.0704297529347808
156,5,32,33,0.06653225806451613,1.0,3,0.3315101961976771,0.3373424745869753
156,5,32,33,0.06653225806451613,1.0,5,0.19755967614502756,0.20099192811129132
156,5,32,33,0.06653225806451613,1.0,7,0.1408081498404006,0.14322999085232943
156,5,32,33,0.06653225806451613,1.0,9,0.10940813126991293,0.11127687800854405
156,5,32,33,0.06653225806451613,1.0,11,0.08946600666265904,0.09098656661810266
156,5,32,33,0.06653225806451613,1.0,13,0.07567569190618333,0.07695713157883723
156,5,32,33,0.06653225806451613,1.0,15,0.06557016432839438,0.06667732953388195
156,5,32,33,0.06653225806451613,1.0,17,0.05784626774334572,0.05882081297338942
156,5,32,33,0.06653225806451613,1.0,19,0.05175065448613109,0.052620911888394885
157,5,32,33,0.06653225806451613,0.1,1,0.012978944508869899,0.013013095140169607
157,5,32,33,0.06653225806451613,0.1,3,0.00431934398890886,0.004330634515754348
157,5,32,33,0.06653225806451613,0.1,5,0.0025911334120958056,0.0025978498505510785
157,5,32,33,0.06653225806451613,0.1,7,0.0018506915253353633,0.0018554673077896674
157,5,32,33,0.06653225806451613,0.1,9,0.001439381137080059,0.0014430854446670883
157,5,32,33,0.06653225806451613,0.1,11,0.001177653378600993,0.001180678615367196
157,5,32,33,0.06653225806451613,0.1,13,0.0009964636269449284,0.000999020086263666
157,5,32,33,0.06653225806451613,0.1,15,0.0008635942737658518,0.0008658076937018985
157,5,32,33,0.06653225806451613,0.1,17,0.0007619900069031418,0.0007639415320695418
157,5,32,33,0.06653225806451613,0.1,19,0.0006817771218041186,0.0006835221565641608
157,5,32,33,0.06653225806451613,0.5,1,0.3043822240124733,0.304658265422654
157,5,32,33,0.06653225806451613,0.5,3,0.09929073386658181,0.09967424726192821
157,5,32,33,0.06653225806451613,0.5,5,0.05945896925314782,0.05969420727150329
157,5,32,33,0.06653225806451613,0.5,7,0.042443829098349414,0.04261293008817055
157,5,32,33,0.06653225806451613,0.5,9,0.03300192424877342,0.033133860981877004
157,5,32,33,0.06653225806451613,0.5,11,0.02699689884491591,0.027105053958439065
157,5,32,33,0.06653225806451613,0.5,13,0.022840983094324516,0.022932618366724444
157,5,32,33,0.06653225806451613,0.5,15,0.019793986464330626,0.019873479236875522
157,5,32,33,0.06653225806451613,0.5,17,0.01746429173207519,0.01753448336450406
157,5,32,33,0.06653225806451613,0.5,19,0.015625269353785658,0.01568810844060255
157,5,32,33,0.06653225806451613,1.0,1,1.0036643429812964,1.010501721791664
157,5,32,33,0.06653225806451613,1.0,3,0.31996377655643987,0.3220815910191528
157,5,32,33,0.06653225806451613,1.0,5,0.19117666421081211,0.19226875916171804
157,5,32,33,0.06653225806451613,1.0,7,0.1363797717236512,0.13709987179560357
157,5,32,33,0.06653225806451613,1.0,9,0.10601150480753316,0.10654485031980093
157,5,32,33,0.06653225806451613,1.0,11,0.08670879832108631,0.08713104218316978
157,5,32,33,0.06653225806451613,1.0,13,0.07335426195749661,0.07370319580066484
157,5,32,33,0.06653225806451613,1.0,15,0.06356506281323696,0.06386213592185135
157,5,32,33,0.06653225806451613,1.0,17,0.05608136093252867,0.05633986979358598
157,5,32,33,0.06653225806451613,1.0,19,0.05017440276618631,0.05040313983784092
158,5,32,33,0.06653225806451613,0.1,1,0.013547404882353271,0.013153058685590961
158,5,32,33,0.06653225806451613,0.1,3,0.0045131354737496816,0.004380451763808558
158,5,32,33,0.06653225806451613,0.1,5,0.002707752242724304,0.0026280134944283795
158,5,32,33,0.06653225806451613,0.1,7,0.0019340831200570785,0.001877089037700454
158,5,32,33,0.06653225806451613,0.1,9,0.001504278596910183,0.0014599338260734502
158,5,32,33,0.06653225806451613,0.1,11,0.0012307699408639922,0.0011944795982609445
158,5,32,33,0.06653225806451613,0.1,13,0.0010414190225952551,0.0010107070088420263
158,5,32,33,0.06653225806451613,0.1,15,0.0009025622225850201,0.0008759421092604591
158,5,32,33,0.06653225806451613,0.1,17,0.000796377878495804,0.0007728875038343895
158,5,32,33,0.06653225806451613,0.1,19,0.0007125482781934724,0.0006915291385355449
158,5,32,33,0.06653225806451613,0.5,1,0.313154134849736,0.3051073577047609
158,5,32,33,0.06653225806451613,0.5,3,0.10295058569453186,0.09997157298067566
158,5,32,33,0.06653225806451613,0.5,5,0.061703854711930496,0.05989046123952691
158,5,32,33,0.06653225806451613,0.5,7,0.044060836571035836,0.042758742163550696
158,5,32,33,0.06653225806451613,0.5,9,0.03426517614398623,0.03324972805995703
158,5,32,33,0.06653225806451613,0.5,11,0.028033298564930628,0.027201139596888663
158,5,32,33,0.06653225806451613,0.5,13,0.023719566593347043,0.023014676214231488
158,5,32,33,0.06653225806451613,0.5,15,0.020556449092710417,0.019945076229582012
158,5,32,33,0.06653225806451613,0.5,17,0.01813773744737831,0.017597981419121157
158,5,32,33,0.06653225806451613,0.5,19,0.016228306314884665,0.015745151620723284
158,5,32,33,0.06653225806451613,1.0,1,0.9867837421372819,0.9704789404712826
158,5,32,33,0.06653225806451613,1.0,3,0.31676697053352243,0.3072659724819874
158,5,32,33,0.06653225806451613,1.0,5,0.18956251300710636,0.183579372364159
158,5,32,33,0.06653225806451613,1.0,7,0.13529763207073606,0.13096718904622895
158,5,32,33,0.06653225806451613,1.0,9,0.10519622335984641,0.10180931196971721
158,5,32,33,0.06653225806451613,1.0,11,0.08605429085723353,0.08327506383067984
158,5,32,33,0.06653225806451613,1.0,13,0.07280736099683766,0.07045156855152729
158,5,32,33,0.06653225806451613,1.0,15,0.06309528992391031,0.061051241592263224
158,5,32,33,0.06653225806451613,1.0,17,0.055669605016953574,0.05386457141820834
158,5,32,33,0.06653225806451613,1.0,19,0.049807884363008606,0.04819189257711478
159,5,32,33,0.06653225806451613,0.1,1,0.013239755754450272,0.013239755754450326
159,5,32,33,0.06653225806451613,0.1,3,0.004409047488211904,0.004409047488212031
159,5,32,33,0.06653225806451613,0.1,5,0.0026451769859454706,0.0026451769859455088
159,5,32,33,0.06653225806451613,0.1,7,0.001889353543534448,0.0018893535435347021
159,5,32,33,0.06653225806451613,0.1,9,0.0014694755932404876,0.001469475593240339
159,5,32,33,0.06653225806451613,0.1,11,0.0012022880909307264,0.0012022880909307707
159,5,32,33,0.06653225806451613,0.1,13,0.0010173151979863137,0.0010173151979865798
159,5,32,33,0.06653225806451613,0.1,15,0.0008816698756319965,0.0008816698756319259
159,5,32,33,0.06653225806451613,0.1,17,0.0007779418827277286,0.0007779418827276038
159,5,32,33,0.06653225806451613,0.1,19,0.0006960518164030818,0.0006960518164033318
159,5,32,33,0.06653225806451613,0.5,1,0.3090679854438018,0.309067985443803
159,5,32,33,0.06653225806451613,0.5,3,0.10106429638186178,0.10106429638186301
159,5,32,33,0.06653225806451613,0.5,5,0.060538346299578286,0.060538346299579424
159,5,32,33,0.06653225806451613,0.5,7,0.04322100444966641,0.043221004449668
159,5,32,33,0.06653225806451613,0.5,9,0.03360943055470225,0.033609430554702675
159,5,32,33,0.06653225806451613,0.5,11,0.02749564642356602,0.027495646423567156
159,5,32,33,0.06653225806451613,0.5,13,0.023264040240082003,0.02326404024008316
159,5,32,33,0.06653225806451613,0.5,15,0.020161317944468807,0.020161317944469737
159,5,32,33,0.06653225806451613,0.5,17,0.017788878570903735,0.017788878570904453
159,5,32,33,0.06653225806451613,0.5,19,0.015916027629363207,0.015916027629364667
159,5,32,33,0.06653225806451613,1.0,1,1.0018826894481205,1.001882689448122
159,5,32,33,0.06653225806451613,1.0,3,0.3153072100587762,0.315307210058779
159,5,32,33,0.06653225806451613,1.0,5,0.1879902171088218,0.18799021710882455
159,5,32,33,0.06653225806451613,1.0,7,0.13402886676721185,0.13402886676721512
159,5,32,33,0.06653225806451613,1.0,9,0.10416035624804958,0.10416035624805044
159,5,32,33,0.06653225806451613,1.0,11,0.08518542863359439,0.08518542863359668
159,5,32,33,0.06653225806451613,1.0,13,0.07206127816261715,0.07206127816261987
159,5,32,33,0.06653225806451613,1.0,15,0.062442480378985414,0.062442480378987655
159,5,32,33,0.06653225806451613,1.0,17,0.05508976934398599,0.05508976934398951
159,5,32,33,0.06653225806451613,1.0,19,0.04928657612469148,0.04928657612469189
160,5,32,33,0.06653225806451613,0.1,1,0.014806527820744255,0.014038886311545628
160,5,32,33,0.06653225806451613,0.1,3,0.004928174318443501,0.004674902218054835
160,5,32,33,0.06653225806451613,0.1,5,0.0029562113235581536,0.0028046295688585457
160,5,32,33,0.06653225806451613,0.1,7,0.002111380843166791,0.00200323002228824
160,5,32,33,0.06653225806451613,0.1,9,0.0016421019829243827,0.0015580383609505378
160,5,32,33,0.06653225806451613,0.1,11,0.00134349554010859,0.0012747444769128254
160,5,32,33,0.06653225806451613,0.1,13,0.0011367793736839717,0.0010786220749387685
160,5,32,33,0.06653225806451613,0.1,15,0.0009851933350366524,0.000934800996972103
160,5,32,33,0.06653225806451613,0.1,17,0.0008692778809535098,0.0008248212695328279
160,5,32,33,0.06653225806451613,0.1,19,0.000777767670810163,0.0007379958151267495
160,5,32,33,0.06653225806451613,0.5,1,0.34489774433499903,0.32628051760671195
160,5,32,33,0.06653225806451613,0.5,3,0.11312440258988782,0.10670803210009835
160,5,32,33,0.06653225806451613,0.5,5,0.06775476567307455,0.06391457314361189
160,5,32,33,0.06653225806451613,0.5,7,0.048366512261972625,0.045629386381568465
160,5,32,33,0.06653225806451613,0.5,9,0.03760691908849294,0.03548119016819559
160,5,32,33,0.06653225806451613,0.5,11,0.030763735114322004,0.02902632994243595
160,5,32,33,0.06653225806451613,0.5,13,0.02602775328531599,0.024558785519247468
160,5,32,33,0.06653225806451613,0.5,15,0.02255548760700016,0.021283142930035075
160,5,32,33,0.06653225806451613,0.5,17,0.019900655619940106,0.018778528778497408
160,5,32,33,0.06653225806451613,0.5,19,0.01780498977165882,0.016801365394821664
160,5,32,33,0.06653225806451613,1.0,1,1.091239618250421,1.0412376284272615
160,5,32,33,0.06653225806451613,1.0,3,0.35199216552013735,0.3291065033112355
160,5,32,33,0.06653225806451613,1.0,5,0.2106696232676401,0.19647606826000608
160,5,32,33,0.06653225806451613,1.0,7,0.15035183366698024,0.1401440544138685
160,5,32,33,0.06653225806451613,1.0,9,0.11689456542953691,0.10893784260391973
160,5,32,33,0.06653225806451613,1.0,11,0.09562015746142564,0.08910467907092925
160,5,32,33,0.06653225806451613,1.0,13,0.08089835219865958,0.07538339604391503
160,5,32,33,0.06653225806451613,1.0,15,0.0701054654095509,0.06532523250709564
160,5,32,33,0.06653225806451613,1.0,17,0.06185370585924292,0.05763572949781616
160,5,32,33,0.06653225806451613,1.0,19,0.05534008307981998,0.05156616941961261
161,5,32,33,0.06653225806451613,0.1,1,0.012207046246656429,0.012244019896454045
161,5,32,33,0.06653225806451613,0.1,3,0.004064101003996094,0.004075778394333697
161,5,32,33,0.06653225806451613,0.1,5,0.002438157915511349,0.002445081401595801
161,5,32,33,0.06653225806451613,0.1,7,0.001741469503088798,0.0017463892142842914
161,5,32,33,0.06653225806451613,0.1,9,0.0013544494156235924,0.0013582647385985897
161,5,32,33,0.06653225806451613,0.1,11,0.0011081731719662636,0.0011112889989741929
161,5,32,33,0.06653225806451613,0.1,13,0.0009376780350248303,0.0009403111016596973
161,5,32,33,0.06653225806451613,0.1,15,0.0008126500969011828,0.000814929923762965
161,5,32,33,0.06653225806451613,0.1,17,0.0007170414805805306,0.0007190516313382057
161,5,32,33,0.06653225806451613,0.1,19,0.0006415615678767595,0.0006433590912058128
161,5,32,33,0.06653225806451613,0.5,1,0.2856263827613941,0.286750205445603
161,5,32,33,0.06653225806451613,0.5,3,0.0930947547721062,0.09334432780271491
161,5,32,33,0.06653225806451613,0.5,5,0.05576566406392727,0.05588931517290515
161,5,32,33,0.06653225806451613,0.5,7,0.039814660079636924,0.03989516043130307
161,5,32,33,0.06653225806451613,0.5,9,0.03096114444114493,0.031020446999992353
161,5,32,33,0.06653225806451613,0.5,11,0.025329403213041758,0.025376227244029163
161,5,32,33,0.06653225806451613,0.5,13,0.021431365110889024,0.021470003092227918
161,5,32,33,0.06653225806451613,0.5,15,0.0185731831876486,0.018606050507802004
161,5,32,33,0.06653225806451613,0.5,17,0.01638770349719161,0.01641628929276417
161,5,32,33,0.06653225806451613,0.5,19,0.014662427587016805,0.014687712960973124
161,5,32,33,0.06653225806451613,1.0,1,0.9339594249507862,0.9386522104891697
161,5,32,33,0.06653225806451613,1.0,3,0.3000920006998878,0.2991334794934765
161,5,32,33,0.06653225806451613,1.0,5,0.17938292377376241,0.17890547322711986
161,5,32,33,0.06653225806451613,1.0,7,0.1279949459186969,0.127674452593376
161,5,32,33,0.06653225806451613,1.0,9,0.0995074964792848,0.09926487282106052
161,5,32,33,0.06653225806451613,1.0,11,0.08139668595552027,0.08120094677663672
161,5,32,33,0.06653225806451613,1.0,13,0.06886497075816901,0.0687007028460343
161,5,32,33,0.06653225806451613,1.0,15,0.05967793147444822,0.059536309742811246
161,5,32,33,0.06653225806451613,1.0,17,0.0526539835716734,0.05252946555124798
161,5,32,33,0.06653225806451613,1.0,19,0.04710954178985839,0.04699841098038988
162,5,32,33,0.06653225806451613,0.1,1,0.014708826975910269,0.014364309536689726
162,5,32,33,0.06653225806451613,0.1,3,0.004895536082631724,0.0047806799849773466
162,5,32,33,0.06653225806451613,0.1,5,0.0029367476860886594,0.002867866218887498
162,5,32,33,0.06653225806451613,0.1,7,0.0020975244863735785,0.002048335752176526
162,5,32,33,0.06653225806451613,0.1,9,0.0016313467807125377,0.001593094690998979
162,5,32,33,0.06653225806451613,0.1,11,0.0013347078721883537,0.0013034138853160644
162,5,32,33,0.06653225806451613,0.1,13,0.0011293509443305646,0.0011028733360622493
162,5,32,33,0.06653225806451613,0.1,15,0.000978760102030918,0.0009558140872176104
162,5,32,33,0.06653225806451613,0.1,17,0.0008636047501062995,0.0008433591200530448
162,5,32,33,0.06653225806451613,0.1,19,0.0007726940375703826,0.0007545801365986939
162,5,32,33,0.06653225806451613,0.5,1,0.34144199813732284,0.3340299408043235
162,5,32,33,0.06653225806451613,0.5,3,0.11109095289107672,0.10837954461392794
162,5,32,33,0.06653225806451613,0.5,5,0.06647625661275088,0.06484107913647684
162,5,32,33,0.06653225806451613,0.5,7,0.04743924704493001,0.0462701720873791
162,5,32,33,0.06653225806451613,0.5,9,0.03688048144442432,0.03597101741648914
162,5,32,33,0.06653225806451613,0.5,11,0.030166918870863653,0.029422802976930142
162,5,32,33,0.06653225806451613,0.5,13,0.025521420041009168,0.024891811398523183
162,5,32,33,0.06653225806451613,0.5,15,0.022115865297939224,0.021570237051827593
162,5,32,33,0.06653225806451613,0.5,17,0.019512238297290842,0.01903083104698875
162,5,32,33,0.06653225806451613,0.5,19,0.01745710812068202,0.01702640018405223
162,5,32,33,0.06653225806451613,1.0,1,1.0821898074452365,1.0672333430590184
162,5,32,33,0.06653225806451613,1.0,3,0.3397447301001551,0.3314926075417953
162,5,32,33,0.06653225806451613,1.0,5,0.20207045859751235,0.19699387248150488
162,5,32,33,0.06653225806451613,1.0,7,0.1438506966096006,0.14020700139539533
162,5,32,33,0.06653225806451613,1.0,9,0.11168644918819273,0.10884872093782126
162,5,32,33,0.06653225806451613,1.0,11,0.09128087101390853,0.08895825505538842
162,5,32,33,0.06653225806451613,1.0,13,0.07718120251648256,0.07521583446044107
162,5,32,33,0.06653225806451613,1.0,15,0.06685518204960693,0.0651519954332215
162,5,32,33,0.06653225806451613,1.0,17,0.05896647031490329,0.0574638377241084
162,5,32,33,0.06653225806451613,1.0,19,0.05274314037306881,0.05139885463896264
163,5,32,33,0.06653225806451613,0.1,1,0.014247218080953052,0.013583826389985737
163,5,32,33,0.06653225806451613,0.1,3,0.004741390383476291,0.0045206758105888365
163,5,32,33,0.06653225806451613,0.1,5,0.0028442109740140775,0.0027118762254658697
163,5,32,33,0.06653225806451613,0.1,7,0.002031410300766225,0.0019369173852493754
163,5,32,33,0.06653225806451613,0.1,9,0.0015799171870388706,0.0015064371097886463
163,5,32,33,0.06653225806451613,0.1,11,0.0012926251403440842,0.0012325127711286358
163,5,32,33,0.06653225806451613,0.1,13,0.0010937401142967098,0.001042880382054137
163,5,32,33,0.06653225806451613,0.1,15,0.0009478958629867906,0.0009038203721932237
163,5,32,33,0.06653225806451613,0.1,17,0.000836370564088753,0.0007974824280017914
163,5,32,33,0.06653225806451613,0.1,19,0.0007483258729497807,0.0007135326486764191
163,5,32,33,0.06653225806451613,0.5,1,0.330436347362414,0.31565059447348964
163,5,32,33,0.06653225806451613,0.5,3,0.10751224109365555,0.10238312371578222
163,5,32,33,0.06653225806451613,0.5,5,0.06434721625764127,0.06127316836406664
163,5,32,33,0.06653225806451613,0.5,7,0.04592364855049216,0.0437309165643873
163,5,32,33,0.06653225806451613,0.5,9,0.03570377567658774,0.03400000794604894
163,5,32,33,0.06653225806451613,0.5,11,0.02920520331058471,0.02781220764808308
163,5,32,33,0.06653225806451613,0.5,13,0.024708252849624537,0.023530191972990392
163,5,32,33,0.06653225806451613,0.5,15,0.0214114875878098,0.02039092025897042
163,5,32,33,0.06653225806451613,0.5,17,0.018890971539623734,0.017990763424782976
163,5,32,33,0.06653225806451613,0.5,19,0.01690140682088363,0.01609616945260066
163,5,32,33,0.06653225806451613,1.0,1,1.0443010479104697,1.0076115847326743
163,5,32,33,0.06653225806451613,1.0,3,0.3276510256212904,0.312495426167101
163,5,32,33,0.06653225806451613,1.0,5,0.19536445812598432,0.18629437982633476
163,5,32,33,0.06653225806451613,1.0,7,0.1392350672762431,0.13280198425213396
163,5,32,33,0.06653225806451613,1.0,9,0.10817206614162486,0.10319576228342461
163,5,32,33,0.06653225806451613,1.0,11,0.08844472970829677,0.08438960237752677
163,5,32,33,0.06653225806451613,1.0,13,0.07480433183740674,0.07138351604029469
163,5,32,33,0.06653225806451613,1.0,15,0.06480977205294061,0.061852077626902896
163,5,32,33,0.06653225806451613,1.0,17,0.057171489245489794,0.054566676552001474
163,5,32,33,0.06653225806451613,1.0,19,0.051144008710088444,0.048816961431264363
164,5,32,33,0.06653225806451613,0.1,1,0.013876128967059136,0.01353616641075822
164,5,32,33,0.06653225806451613,0.1,3,0.0046231736538184165,0.0045100609413222855
164,5,32,33,0.06653225806451613,0.1,5,0.0027737983996908985,0.002705941049632482
164,5,32,33,0.06653225806451613,0.1,7,0.0019812637507405475,0.001932796242758174
164,5,32,33,0.06653225806451613,0.1,9,0.0015409762530513985,0.0015032799519408622
164,5,32,33,0.06653225806451613,0.1,11,0.0012607959924183412,0.0012299538333475166
164,5,32,33,0.06653225806451613,0.1,13,0.0010668260349640975,0.0010407289544316022
164,5,32,33,0.06653225806451613,0.1,15,0.0009245818332460585,0.0009019644346894216
164,5,32,33,0.06653225806451613,0.1,17,0.0008158070692191601,0.0007958505830916826
164,5,32,33,0.06653225806451613,0.1,19,0.0007299323706700158,0.0007120765936455631
164,5,32,33,0.06653225806451613,0.5,1,0.32269000227307676,0.3159730965086289
164,5,32,33,0.06653225806451613,0.5,3,0.10639181218081538,0.1043607457816931
164,5,32,33,0.06653225806451613,0.5,5,0.06377642313750188,0.0625698975383803
164,5,32,33,0.06653225806451613,0.5,7,0.04554298863383561,0.044683596069162855
164,5,32,33,0.06653225806451613,0.5,9,0.03541860644269712,0.03475096443678525
164,5,32,33,0.06653225806451613,0.5,11,0.028977318949896174,0.028431387608656284
164,5,32,33,0.06653225806451613,0.5,13,0.024518519740997096,0.024056734277689663
164,5,32,33,0.06653225806451613,0.5,15,0.021248975801996178,0.020848846837676845
164,5,32,33,0.06653225806451613,0.5,17,0.018748855686891584,0.01839585091785812
164,5,32,33,0.06653225806451613,0.5,19,0.016775140966281167,0.01645932609387239
164,5,32,33,0.06653225806451613,1.0,1,1.0328653480800847,1.0231304311874114
164,5,32,33,0.06653225806451613,1.0,3,0.33486103521830973,0.33584472237442553
164,5,32,33,0.06653225806451613,1.0,5,0.1999288526372556,0.20095261983210658
164,5,32,33,0.06653225806451613,1.0,7,0.14256261282716884,0.1434215064988422
164,5,32,33,0.06653225806451613,1.0,9,0.11079056204498487,0.11151220887026594
164,5,32,33,0.06653225806451613,1.0,11,0.09060382155144547,0.0912214572576431
164,5,32,33,0.06653225806451613,1.0,13,0.07664152800127272,0.07717966239023251
164,5,32,33,0.06653225806451613,1.0,15,0.06640884689405761,0.06688482981812718
164,5,32,33,0.06653225806451613,1.0,17,0.05858725686235668,0.059013539118061495
164,5,32,33,0.06653225806451613,1.0,19,0.05241429510876396,0.052800025508180935
165,5,32,33,0.06653225806451613,0.1,1,0.01370678418588614,0.014003494937832123
165,5,32,33,0.06653225806451613,0.1,3,0.004565432761390464,0.004664819471712159
165,5,32,33,0.06653225806451613,0.1,5,0.002739091440715327,0.0027987468356723863
165,5,32,33,0.06653225806451613,0.1,7,0.001956460774225053,0.001999076372787157
165,5,32,33,0.06653225806451613,0.1,9,0.0015216811142184342,0.0015548280531119342
165,5,32,33,0.06653225806451613,0.1,11,0.0012450074308439495,0.00127212826384535
165,5,32,33,0.06653225806451613,0.1,13,0.0010534656896655941,0.0010764143838338193
165,5,32,33,0.06653225806451613,0.1,15,0.0009130024360062865,0.0009328914657983506
165,5,32,33,0.06653225806451613,0.1,17,0.0008055896996631613,0.0008231389388610386
165,5,32,33,0.06653225806451613,0.1,19,0.0007207903541281982,0.0007364923647278337
165,5,32,33,0.06653225806451613,0.5,1,0.3199218832754825,0.32570651053988986
165,5,32,33,0.06653225806451613,0.5,3,0.10476623185966373,0.10695234717852192
165,5,32,33,0.06653225806451613,0.5,5,0.06276131658400562,0.06408864940684762
165,5,32,33,0.06653225806451613,0.5,7,0.04480996866730101,0.04576121623063527
165,5,32,33,0.06653225806451613,0.5,9,0.03484592540732864,0.035586800680827146
165,5,32,33,0.06653225806451613,0.5,11,0.028507701656885317,0.02911429442185117
165,5,32,33,0.06653225806451613,0.5,13,0.024120634804645102,0.024634111349017242
165,5,32,33,0.06653225806451613,0.5,15,0.02090386118586108,0.021348986171003035
165,5,32,33,0.06653225806451613,0.5,17,0.018444177016926033,0.01883700043051934
165,5,32,33,0.06653225806451613,0.5,19,0.016502429705082162,0.016853944755667816
165,5,32,33,0.06653225806451613,1.0,1,1.0371893366549574,1.042526885903401
165,5,32,33,0.06653225806451613,1.0,3,0.32958540591651175,0.3327208736137053
165,5,32,33,0.06653225806451613,1.0,5,0.19599831749337687,0.19825752386654485
165,5,32,33,0.06653225806451613,1.0,7,0.13958415856529272,0.14131912481491415
165,5,32,33,0.06653225806451613,1.0,9,0.10841899678521953,0.10981836387725158
165,5,32,33,0.06653225806451613,1.0,11,0.08864205005089872,0.08981091338812235
165,5,32,33,0.06653225806451613,1.0,13,0.07497223355087697,0.07597401805780789
165,5,32,33,0.06653225806451613,1.0,15,0.06495775227941838,0.0658333213914969
165,5,32,33,0.06653225806451613,1.0,17,0.05730474276023403,0.058081822964053835
165,5,32,33,0.06653225806451613,1.0,19,0.05126572144409392,0.05196392330643839
166,5,32,33,0.06653225806451613,0.1,1,0.012646703771179478,0.01276585643365439
166,5,32,33,0.06653225806451613,0.1,3,0.0042144622165192006,0.004250523126858421
166,5,32,33,0.06653225806451613,0.1,5,0.0025286242288007897,0.002550085378906981
166,5,32,33,0.06653225806451613,0.1,7,0.0018061497129724074,0.0018214445914712274
166,5,32,33,0.06653225806451613,0.1,9,0.0014047797651266642,0.0014166647348173712
166,5,32,33,0.06653225806451613,0.1,11,0.0011493638770101668,0.0011590833679406042
166,5,32,33,0.06653225806451613,0.1,13,0.0009725379909524596,0.0009807599490278538
166,5,32,33,0.06653225806451613,0.1,15,0.0008428658922210193,0.0008499903785189133
166,5,32,33,0.06653225806451613,0.1,17,0.0007437049828349817,0.0007499905803566229
166,5,32,33,0.06653225806451613,0.1,19,0.0006654201121730516,0.000671043619944601
166,5,32,33,0.06653225806451613,0.5,1,0.29747016979743346,0.2968027008575465
166,5,32,33,0.06653225806451613,0.5,3,0.09868109683291063,0.09633045695607592
166,5,32,33,0.06653225806451613,0.5,5,0.0591841655862072,0.05767447389905021
166,5,32,33,0.06653225806451613,0.5,7,0.042269548016441796,0.04117170337598184
166,5,32,33,0.06653225806451613,0.5,9,0.03287475730670236,0.03201464360091908
166,5,32,33,0.06653225806451613,0.5,11,0.026896882868662583,0.02619057222779259
166,5,32,33,0.06653225806451613,0.5,13,0.02275858641648105,0.022159682975751088
166,5,32,33,0.06653225806451613,0.5,15,0.019723937178255,0.019204204661046748
166,5,32,33,0.06653225806451613,0.5,17,0.01740337309435643,0.01694438292622045
166,5,32,33,0.06653225806451613,0.5,19,0.015571375782605111,0.015160447768633291
166,5,32,33,0.06653225806451613,1.0,1,0.9843740860143576,0.9526056860557126
166,5,32,33,0.06653225806451613,1.0,3,0.3281042938136032,0.29533966329759875
166,5,32,33,0.06653225806451613,1.0,5,0.19663863794558326,0.17611998015009475
166,5,32,33,0.06653225806451613,1.0,7,0.14040808194419954,0.12558389664106814
166,5,32,33,0.06653225806451613,1.0,9,0.10919050740495484,0.09760689696453492
166,5,32,33,0.06653225806451613,1.0,11,0.089331082957964,0.07983136095131267
166,5,32,33,0.06653225806451613,1.0,13,0.07558460704692907,0.06753556897960221
166,5,32,33,0.06653225806451613,1.0,15,0.06550489601361459,0.05852318507294882
166,5,32,33,0.06653225806451613,1.0,17,0.057797395582855855,0.0516335965969591
166,5,32,33,0.06653225806451613,1.0,19,0.05171280449807431,0.046195652271209635
167,5,32,33,0.06653225806451613,0.1,1,0.014681050123032356,0.014267087468261233
167,5,32,33,0.06653225806451613,0.1,3,0.004885688683547514,0.004746601962982527
167,5,32,33,0.06653225806451613,0.1,5,0.0029307194858590466,0.0028471465959343627
167,5,32,33,0.06653225806451613,0.1,7,0.002093178197894815,0.0020334470271321696
167,5,32,33,0.06653225806451613,0.1,9,0.001627948091340984,0.0015814749992208337
167,5,32,33,0.06653225806451613,0.1,11,0.0013319173910163289,0.001293885918871905
167,5,32,33,0.06653225806451613,0.1,13,0.0011269839731700352,0.0010947988081564594
167,5,32,33,0.06653225806451613,0.1,15,0.0009767050025822131,0.0009488082207855961
167,5,32,33,0.06653225806451613,0.1,17,0.0008617888930531701,0.0008371720840684976
167,5,32,33,0.06653225806451613,0.1,19,0.0007710675219007742,0.0007490405442803093
167,5,32,33,0.06653225806451613,0.5,1,0.3400887786889549,0.3307604905611654
167,5,32,33,0.06653225806451613,0.5,3,0.11088228070443261,0.10752971848587523
167,5,32,33,0.06653225806451613,0.5,5,0.06636250714515736,0.06433684912181489
167,5,32,33,0.06653225806451613,0.5,7,0.04736079353986382,0.045910200791030836
167,5,32,33,0.06653225806451613,0.5,9,0.03682052061838519,0.03569079780930319
167,5,32,33,0.06653225806451613,0.5,11,0.030118363017214662,0.02919330402812886
167,5,32,33,0.06653225806451613,0.5,13,0.0254806096026028,0.024697445782193163
167,5,32,33,0.06653225806451613,0.5,15,0.02208066219275513,0.021401657602666397
167,5,32,33,0.06653225806451613,0.5,17,0.019481284045656157,0.018881987804300848
167,5,32,33,0.06653225806451613,0.5,19,0.01742948541322024,0.016893151130772305
167,5,32,33,0.06653225806451613,1.0,1,1.069791278748343,1.0434995311880813
167,5,32,33,0.06653225806451613,1.0,3,0.33638528603267315,0.3235743255173969
167,5,32,33,0.06653225806451613,1.0,5,0.20005858887706995,0.19239778059594992
167,5,32,33,0.06653225806451613,1.0,7,0.14245863931344824,0.13701919055920941
167,5,32,33,0.06653225806451613,1.0,9,0.11063337165738983,0.10642142857143748
167,5,32,33,0.06653225806451613,1.0,11,0.090437936518823,0.08700292048926678
167,5,32,33,0.06653225806451613,1.0,13,0.07648016700908017,0.07358063747132086
167,5,32,33,0.06653225806451613,1.0,15,0.06625596452572736,0.06374772587065448
167,5,32,33,0.06653225806451613,1.0,17,0.05844367601126423,0.05623379727014276
167,5,32,33,0.06653225806451613,1.0,19,0.05227972618095957,0.050304837810610396
168,5,32,33,0.06653225806451613,0.1,1,0.013827657645912433,0.014154396814072188
168,5,32,33,0.06653225806451613,0.1,3,0.00460461941986827,0.004714117200264213
168,5,32,33,0.06653225806451613,0.1,5,0.002762531748490289,0.002828261484119823
168,5,32,33,0.06653225806451613,0.1,7,0.001973186244698567,0.0020201427989074575
168,5,32,33,0.06653225806451613,0.1,9,0.0015346830795785868,0.001571207203621956
168,5,32,33,0.06653225806451613,0.1,11,0.0012556421623361991,0.0012855265971539406
168,5,32,33,0.06653225806451613,0.1,13,0.0010624625130747096,0.0010877498992092566
168,5,32,33,0.06653225806451613,0.1,15,0.0009207985880128175,0.0009427146473766132
168,5,32,33,0.06653225806451613,0.1,17,0.0008124679417994853,0.0008318058456994356
168,5,32,33,0.06653225806451613,0.1,19,0.0007269440781159485,0.0007442465495994426
168,5,32,33,0.06653225806451613,0.5,1,0.31958190036800055,0.3278507304012654
168,5,32,33,0.06653225806451613,0.5,3,0.10433913797642916,0.10726879780503892
168,5,32,33,0.06653225806451613,0.5,5,0.06249809560116115,0.06425766147286878
168,5,32,33,0.06653225806451613,0.5,7,0.044619954321547986,0.04587624580804237
168,5,32,33,0.06653225806451613,0.5,9,0.034697252179182514,0.03567392469943481
168,5,32,33,0.06653225806451613,0.5,11,0.028385588795318436,0.029184391601542185
168,5,32,33,0.06653225806451613,0.5,13,0.024017027668799863,0.02469274253495897
168,5,32,33,0.06653225806451613,0.5,15,0.020813887455944032,0.021399372409452284
168,5,32,33,0.06653225806451613,0.5,17,0.018364665142558995,0.018881173428342023
168,5,32,33,0.06653225806451613,0.5,19,0.01643119971732952,0.01689326797061057
168,5,32,33,0.06653225806451613,1.0,1,1.016450291000807,1.0388393165957042
168,5,32,33,0.06653225806451613,1.0,3,0.32612209203714765,0.3324242548262725
168,5,32,33,0.06653225806451613,1.0,5,0.19492440832964322,0.19875993690109944
168,5,32,33,0.06653225806451613,1.0,7,0.13906861732467787,0.1418052383245824
168,5,32,33,0.06653225806451613,1.0,9,0.10810734396321921,0.11022969176218214
168,5,32,33,0.06653225806451613,1.0,11,0.08842577652350582,0.09015749066507502
168,5,32,33,0.06653225806451613,1.0,13,0.07480833086428616,0.07627022622893852
168,5,32,33,0.06653225806451613,1.0,15,0.06482602625562314,0.06609055811211452
168,5,32,33,0.06653225806451613,1.0,17,0.05719448744548043,0.05830845807468095
168,5,32,33,0.06653225806451613,1.0,19,0.0511707155985193,0.052166080644585305
169,5,32,33,0.06653225806451613,0.1,1,0.013454994613703596,0.013652163316748176
169,5,32,33,0.06653225806451613,0.1,3,0.004478927957318357,0.00454592394434571
169,5,32,33,0.06653225806451613,0.1,5,0.0026869611154812178,0.0027272544658982884
169,5,32,33,0.06653225806451613,0.1,7,0.0019191609359196743,0.0019479670793037958
169,5,32,33,0.06653225806451613,0.1,9,0.0014926436688707237,0.0015150584947730974
169,5,32,33,0.06653225806451613,0.1,11,0.0012212360923037264,0.0012395804738950576
169,5,32,33,0.06653225806451613,0.1,13,0.0010333437475008875,0.001048868735567949
169,5,32,33,0.06653225806451613,0.1,15,0.0008955585652091071,0.0009090153026352286
169,5,32,33,0.06653225806451613,0.1,17,0.0007901948039271733,0.0008020695529663773
169,5,32,33,0.06653225806451613,0.1,19,0.0007070136981383532,0.0007176392789012948
169,5,32,33,0.06653225806451613,0.5,1,0.3146261522415909,0.31788629964005277
169,5,32,33,0.06653225806451613,0.5,3,0.10218186185377642,0.10375474933605057
169,5,32,33,0.06653225806451613,0.5,5,0.06118299002571422,0.0621492393549894
169,5,32,33,0.06653225806451613,0.5,7,0.0436772308088349,0.044371558963863696
169,5,32,33,0.06653225806451613,0.5,9,0.033963136426167356,0.034504422418454535
169,5,32,33,0.06653225806451613,0.5,11,0.027784653251924644,0.028228014130454504
169,5,32,33,0.06653225806451613,0.5,13,0.02350843319774395,0.023883810307047313
169,5,32,33,0.06653225806451613,0.5,15,0.02037306299255318,0.020698505578939916
169,5,32,33,0.06653225806451613,0.5,17,0.017975687403809358,0.01826290689736053
169,5,32,33,0.06653225806451613,0.5,19,0.01608316388493724,0.016340187600293182
169,5,32,33,0.06653225806451613,1.0,1,1.0154669528027012,1.0157859736555384
169,5,32,33,0.06653225806451613,1.0,3,0.31435261486384214,0.3184822701003197
169,5,32,33,0.06653225806451613,1.0,5,0.1872378193726162,0.19003319429217974
169,5,32,33,0.06653225806451613,1.0,7,0.13343904280017652,0.1355123433839573
169,5,32,33,0.06653225806451613,1.0,9,0.10368007048871213,0.1053210579678731
169,5,32,33,0.06653225806451613,1.0,11,0.08478168084728249,0.08613761298204878
169,5,32,33,0.06653225806451613,1.0,13,0.07171350948372798,0.07286804251341038
169,5,32,33,0.06653225806451613,1.0,15,0.062137268916009805,0.06314217474475659
169,5,32,33,0.06653225806451613,1.0,17,0.0548179390920128,0.05570739231384888
169,5,32,33,0.06653225806451613,1.0,19,0.04904160121781741,0.04983931009070531
170,5,32,33,0.06653225806451613,0.1,1,0.014190909551517143,0.013894602986776515
170,5,32,33,0.06653225806451613,0.1,3,0.0047264543465444335,0.004625537243673245
170,5,32,33,0.06653225806451613,0.1,5,0.002835682928268559,0.002774870315549334
170,5,32,33,0.06653225806451613,0.1,7,0.002025449564412828,0.001981931362685049
170,5,32,33,0.06653225806451613,0.1,9,0.0015753371346401374,0.0015414547465447729
170,5,32,33,0.06653225806451613,0.1,11,0.0012889068954111476,0.0012611667529558973
170,5,32,33,0.06653225806451613,0.1,13,0.0010906108878254604,0.0010671277976166398
170,5,32,33,0.06653225806451613,0.1,15,0.0009451946368758541,0.0009248358458725072
170,5,32,33,0.06653225806451613,0.1,17,0.0008339943852052006,0.0008160261700754329
170,5,32,33,0.06653225806451613,0.1,19,0.0007462049374160799,0.0007301248801082284
170,5,32,33,0.06653225806451613,0.5,1,0.32931385367827903,0.32381760539648907
170,5,32,33,0.06653225806451613,0.5,3,0.10773815491613913,0.10567394866456316
170,5,32,33,0.06653225806451613,0.5,5,0.06454381718440579,0.06327541904329909
170,5,32,33,0.06653225806451613,0.5,7,0.04608290202556538,0.045167657458433395
170,5,32,33,0.06653225806451613,0.5,9,0.03583580968580058,0.035119932940170094
170,5,32,33,0.06653225806451613,0.5,11,0.029317495809943365,0.028729677155450564
170,5,32,33,0.06653225806451613,0.5,13,0.024805771717965493,0.02430715233801062
170,5,32,33,0.06653225806451613,0.5,15,0.021497595830607803,0.021064672923946162
170,5,32,33,0.06653225806451613,0.5,17,0.018968024290536633,0.018585502238196466
170,5,32,33,0.06653225806451613,0.5,19,0.016971108428723437,0.01662847612863871
170,5,32,33,0.06653225806451613,1.0,1,1.0483209820358754,1.0374136375627907
170,5,32,33,0.06653225806451613,1.0,3,0.3297778197764289,0.32508294075620403
170,5,32,33,0.06653225806451613,1.0,5,0.19673348662202655,0.19389817388916208
170,5,32,33,0.06653225806451613,1.0,7,0.1402960271520722,0.13826828467144045
170,5,32,33,0.06653225806451613,1.0,9,0.1090451004653159,0.10746691753684418
170,5,32,33,0.06653225806451613,1.0,11,0.08918764579749958,0.0878957800645835
170,5,32,33,0.06653225806451613,1.0,13,0.07545115315520615,0.07435761840457537
170,5,32,33,0.06653225806451613,1.0,15,0.0653825665879613,0.06443454150495177
170,5,32,33,0.06653225806451613,1.0,17,0.05768546586592813,0.05684875689953542
170,5,32,33,0.06653225806451613,1.0,19,0.05161011495069264,0.050861317465642986
171,5,32,33,0.06653225806451613,0.1,1,0.013996499820603647,0.014098397647338405
171,5,32,33,0.06653225806451613,0.1,3,0.004655636781189276,0.004690311667321661
171,5,32,33,0.06653225806451613,0.1,5,0.002792476200768445,0.0028133449182759364
171,5,32,33,0.06653225806451613,0.1,7,0.0019943687171635935,0.0020092928976871553
171,5,32,33,0.06653225806451613,0.1,9,0.0015510686215717553,0.0015626837570535497
171,5,32,33,0.06653225806451613,0.1,11,0.0012690016452384047,0.0012785087143531869
171,5,32,33,0.06653225806451613,0.1,13,0.001073739173318639,0.001081785791208829
171,5,32,33,0.06653225806451613,0.1,15,0.0009305541768622839,0.0009375292776804377
171,5,32,33,0.06653225806451613,0.1,17,0.0008210639810978975,0.0008272193945396022
171,5,32,33,0.06653225806451613,0.1,19,0.0007346269048572628,0.0007401350200964508
171,5,32,33,0.06653225806451613,0.5,1,0.32840589803207054,0.33030642776325714
171,5,32,33,0.06653225806451613,0.5,3,0.10666994865768804,0.10751922820753551
171,5,32,33,0.06653225806451613,0.5,5,0.06382095604010321,0.06434566078705174
171,5,32,33,0.06653225806451613,0.5,7,0.04554213620855207,0.045920757619151806
171,5,32,33,0.06653225806451613,0.5,9,0.03540477039657578,0.03570074568529905
171,5,32,33,0.06653225806451613,0.5,11,0.02895942226544056,0.029202310394457986
171,5,32,33,0.06653225806451613,0.5,13,0.02449963209142603,0.024705558936268145
171,5,32,33,0.06653225806451613,0.5,15,0.021230275267110018,0.021408994502936155
171,5,32,33,0.06653225806451613,0.5,17,0.01873080656988737,0.018888663780230287
171,5,32,33,0.06653225806451613,0.5,19,0.016757911134376628,0.016899265035411355
171,5,32,33,0.06653225806451613,1.0,1,1.0621984891573981,1.065179651053174
171,5,32,33,0.06653225806451613,1.0,3,0.32890271016179157,0.3318585867282633
171,5,32,33,0.06653225806451613,1.0,5,0.19587742067341762,0.19779362871311937
171,5,32,33,0.06653225806451613,1.0,7,0.13960761033917976,0.1410127647284126
171,5,32,33,0.06653225806451613,1.0,9,0.10848042447246835,0.10958739564175753
171,5,32,33,0.06653225806451613,1.0,11,0.08871147078571884,0.08962396695544358
171,5,32,33,0.06653225806451613,1.0,13,0.07504030412078125,0.07581618358877698
171,5,32,33,0.06653225806451613,1.0,15,0.06502160947908603,0.06569633578619877
171,5,32,33,0.06653225806451613,1.0,17,0.05736374869566664,0.057960596286801135
171,5,32,33,0.06653225806451613,1.0,19,0.05132002203515776,0.05185507650903334
172,5,32,33,0.06653225806451613,0.1,1,0.012368737235245049,0.012563726580459761
172,5,32,33,0.06653225806451613,0.1,3,0.004118333839878701,0.004183803772207057
172,5,32,33,0.06653225806451613,0.1,5,0.0024707057793356946,0.0025100200749578376
172,5,32,33,0.06653225806451613,0.1,7,0.0017647181615237176,0.0017928081448372296
172,5,32,33,0.06653225806451613,0.1,9,0.0013725313187532562,0.001394382387364985
172,5,32,33,0.06653225806451613,0.1,11,0.0011229671130517766,0.0011408468903652675
172,5,32,33,0.06653225806451613,0.1,13,0.0009501957293522837,0.0009653256924695627
172,5,32,33,0.06653225806451613,0.1,15,0.0008234985780640425,0.0008366117826717853
172,5,32,33,0.06653225806451613,0.1,17,0.0007266135310683443,0.0007381843826002729
172,5,32,33,0.06653225806451613,0.1,19,0.0006501259292692258,0.0006604790584691503
172,5,32,33,0.06653225806451613,0.5,1,0.29021906008396803,0.2949520661179174
172,5,32,33,0.06653225806451613,0.5,3,0.09466482665266654,0.09653186829097612
172,5,32,33,0.06653225806451613,0.5,5,0.0566982115011222,0.05782027369918603
172,5,32,33,0.06653225806451613,0.5,7,0.04047815559178534,0.041278540197734165
172,5,32,33,0.06653225806451613,0.5,9,0.03147616694469526,0.03209792853084507
172,5,32,33,0.06653225806451613,0.5,11,0.025750283260530558,0.02625852005284247
172,5,32,33,0.06653225806451613,0.5,13,0.0217872142392856,0.022216951207543023
172,5,32,33,0.06653225806451613,0.5,15,0.01888141420751357,0.019253643115855496
172,5,32,33,0.06653225806451613,0.5,17,0.01665955962400481,0.016987848920557314
172,5,32,33,0.06653225806451613,0.5,19,0.01490558972296001,0.015199214278848565
172,5,32,33,0.06653225806451613,1.0,1,0.9515023995954114,0.9743970094969852
172,5,32,33,0.06653225806451613,1.0,3,0.29827511825913666,0.3110950684643755
172,5,32,33,0.06653225806451613,1.0,5,0.17788076006677161,0.18599004383769496
172,5,32,33,0.06653225806451613,1.0,7,0.12682146421597723,0.13269551796245352
172,5,32,33,0.06653225806451613,1.0,9,0.09855666243996242,0.10315219014723688
172,5,32,33,0.06653225806451613,1.0,11,0.0806005288427162,0.08437205266623196
172,5,32,33,0.06653225806451613,1.0,13,0.06818128256525398,0.07137844659914337
172,5,32,33,0.06653225806451613,1.0,15,0.05907933013242325,0.06185355200963451
172,5,32,33,0.06653225806451613,1.0,17,0.05212185902659484,0.05457176973821575
172,5,32,33,0.06653225806451613,1.0,19,0.04663072508616202,0.048824109166373766
173,5,32,33,0.06653225806451613,0.1,1,0.012685947610596672,0.013175442082461698
173,5,32,33,0.06653225806451613,0.1,3,0.0042276006799583585,0.004388274330947694
173,5,32,33,0.06653225806451613,0.1,5,0.002536510341207476,0.00263279481086878
173,5,32,33,0.06653225806451613,0.1,7,0.0018117832529371074,0.0018805343112039924
173,5,32,33,0.06653225806451613,0.1,9,0.0014091616007023426,0.00146262710390162
173,5,32,33,0.06653225806451613,0.1,11,0.0011529490953950915,0.0011966904743026757
173,5,32,33,0.06653225806451613,0.1,13,0.0009755716763285857,0.001012582092116561
173,5,32,33,0.06653225806451613,0.1,15,0.0008454951074565665,0.0008775699745177757
173,5,32,33,0.06653225806451613,0.1,17,0.0007460248911602725,0.0007743257569999604
173,5,32,33,0.06653225806451613,0.1,19,0.000667495827484578,0.0006928173490022819
173,5,32,33,0.06653225806451613,0.5,1,0.29710725287195544,0.3056578193313901
173,5,32,33,0.06653225806451613,0.5,3,0.09854839137348484,0.09986436715378928
173,5,32,33,0.06653225806451613,0.5,5,0.05910918174668127,0.0598227939260752
173,5,32,33,0.06653225806451613,0.5,7,0.04221699778350079,0.04271173042467699
173,5,32,33,0.06653225806451613,0.5,9,0.03283421748515142,0.033214207730435784
173,5,32,33,0.06653225806451613,0.5,11,0.02686385337892355,0.027172765071127775
173,5,32,33,0.06653225806451613,0.5,13,0.022730706695501524,0.022991125157438418
173,5,32,33,0.06653225806451613,0.5,15,0.019699812039021075,0.01992498143633416
173,5,32,33,0.06653225806451613,0.5,17,0.01738210824775815,0.017580476573922647
173,5,32,33,0.06653225806451613,0.5,19,0.015552363191835073,0.01572965580040635
173,5,32,33,0.06653225806451613,1.0,1,0.9659978729780719,0.9718291425166896
173,5,32,33,0.06653225806451613,1.0,3,0.3207419465494301,0.2997711814268296
173,5,32,33,0.06653225806451613,1.0,5,0.19251098543815925,0.17864411873419794
173,5,32,33,0.06653225806451613,1.0,7,0.137522462329622,0.12736172522202913
173,5,32,33,0.06653225806451613,1.0,9,0.10696675049558113,0.09898176838302032
173,5,32,33,0.06653225806451613,1.0,11,0.08752028134715541,0.08095302058167525
173,5,32,33,0.06653225806451613,1.0,13,0.07405661832708033,0.06848309907499664
173,5,32,33,0.06653225806451613,1.0,15,0.0641829462782447,0.05934352861252581
173,5,32,33,0.06653225806451613,1.0,17,0.05663233293911373,0.05235692934984481
173,5,32,33,0.06653225806451613,1.0,19,0.05067123682359115,0.046842531610566625
174,5,32,33,0.06653225806451613,0.1,1,0.012460449951856634,0.0124645714196616
174,5,32,33,0.06653225806451613,0.1,3,0.0041492501777721374,0.004149731274939375
174,5,32,33,0.06653225806451613,0.1,5,0.0024893085375774595,0.00248948342755083
174,5,32,33,0.06653225806451613,0.1,7,0.001778022967607881,0.0017781125701546898
174,5,32,33,0.06653225806451613,0.1,9,0.0013828870892176976,0.0013829414189732673
174,5,32,33,0.06653225806451613,0.1,11,0.001131444025639952,0.0011314804488163769
174,5,32,33,0.06653225806451613,0.1,13,0.0009573708731755344,0.0009573969779454834
174,5,32,33,0.06653225806451613,0.1,15,0.0008297185537391019,0.0008297381760078852
174,5,32,33,0.06653225806451613,0.1,17,0.0007321027742105211,0.0007321180598130461
174,5,32,33,0.06653225806451613,0.1,19,0.0006550380873135213,0.0006550503297972966
174,5,32,33,0.06653225806451613,0.5,1,0.29171013453415,0.29210052975065276
174,5,32,33,0.06653225806451613,0.5,3,0.0953308182406536,0.09537997772794872
174,5,32,33,0.06653225806451613,0.5,5,0.05710297720358713,0.057121079372412
174,5,32,33,0.06653225806451613,0.5,7,0.04076754592871443,0.04077687779579272
174,5,32,33,0.06653225806451613,0.5,9,0.03170111689236066,0.031706795730947
174,5,32,33,0.06653225806451613,0.5,11,0.025934191927790392,0.025938008150868753
174,5,32,33,0.06653225806451613,0.5,13,0.021942719143796575,0.02194545887052015
174,5,32,33,0.06653225806451613,0.5,15,0.019016103043665796,0.019018165008418818
174,5,32,33,0.06653225806451613,0.5,17,0.016778341327644723,0.016779949141859082
174,5,32,33,0.06653225806451613,0.5,19,0.015011821476248107,0.015013110195742821
174,5,32,33,0.06653225806451613,1.0,1,0.9550762313926083,0.9574811111485728
174,5,32,33,0.06653225806451613,1.0,3,0.3020139779581629,0.3023056301305289
174,5,32,33,0.06653225806451613,1.0,5,0.18022831759965868,0.18032679983849298
174,5,32,33,0.06653225806451613,1.0,7,0.1285294437305805,0.12857767627447614
174,5,32,33,0.06653225806451613,1.0,9,0.09989854796142036,0.09992696562210573
174,5,32,33,0.06653225806451613,1.0,11,0.08170545867969112,0.08172413937482746
174,5,32,33,0.06653225806451613,1.0,13,0.06912034725341884,0.06913354658263444
174,5,32,33,0.06653225806451613,1.0,15,0.05989581231375073,0.05990562763289394
174,5,32,33,0.06653225806451613,1.0,17,0.05284405913774122,0.0528516410758399
174,5,32,33,0.06653225806451613,1.0,19,0.04727815922312857,0.04728419078916674
175,5,32,33,0.06653225806451613,0.1,1,0.013098293020856815,0.012821815011229516
175,5,32,33,0.06653225806451613,0.1,3,0.004362236801491027,0.004269963789567185
175,5,32,33,0.06653225806451613,0.1,5,0.002617156340921552,0.0025617482128204375
175,5,32,33,0.06653225806451613,0.1,7,0.0018693607334220527,0.0018297677231824037
175,5,32,33,0.06653225806451613,0.1,9,0.0014539354733788443,0.0014231336494016473
175,5,32,33,0.06653225806451613,0.1,11,0.0011895786837984486,0.0011643732764387053
175,5,32,33,0.06653225806451613,0.1,13,0.0010065641946625954,0.0009852341969664917
175,5,32,33,0.06653225806451613,0.1,15,0.0008723543356146478,0.0008538668236598484
175,5,32,33,0.06653225806451613,0.1,17,0.0007697236452706659,0.0007534101014284354
175,5,32,33,0.06653225806451613,0.1,19,0.0006886996202381007,0.0006741025552049834
175,5,32,33,0.06653225806451613,0.5,1,0.3051822620535328,0.3009708822108912
175,5,32,33,0.06653225806451613,0.5,3,0.09965175059186236,0.09838785944893638
175,5,32,33,0.06653225806451613,0.5,5,0.05969184592738654,0.05893369599568554
175,5,32,33,0.06653225806451613,0.5,7,0.04261735413346098,0.04207454787719653
175,5,32,33,0.06653225806451613,0.5,9,0.03314047844997119,0.032717476243756115
175,5,32,33,0.06653225806451613,0.5,11,0.027112283256725836,0.026765681400355155
175,5,32,33,0.06653225806451613,0.5,13,0.022939860233408875,0.022646251723522755
175,5,32,33,0.06653225806451613,0.5,15,0.019880497915020553,0.01962581316241927
175,5,32,33,0.06653225806451613,0.5,17,0.017541191037828256,0.01731631082843367
175,5,32,33,0.06653225806451613,0.5,19,0.01569448115334903,0.015493156738895198
175,5,32,33,0.06653225806451613,1.0,1,0.9880683526082019,0.9875419481574859
175,5,32,33,0.06653225806451613,1.0,3,0.3106442969156256,0.3126595039704604
175,5,32,33,0.06653225806451613,1.0,5,0.18539199595392467,0.1868816441674416
175,5,32,33,0.06653225806451613,1.0,7,0.13221814981053379,0.1333270764026927
175,5,32,33,0.06653225806451613,1.0,9,0.10276794873664086,0.10364098216306752
175,5,32,33,0.06653225806451613,1.0,11,0.08405336712698433,0.0847704112789228
175,5,32,33,0.06653225806451613,1.0,13,0.0711071561986293,0.07171443058450443
175,5,32,33,0.06653225806451613,1.0,15,0.061617780779436686,0.06214395140878796
175,5,32,33,0.06653225806451613,1.0,17,0.05436348424310664,0.054827420091601374
175,5,32,33,0.06653225806451613,1.0,19,0.04863767133926737,0.04905240444860959
176,5,32,33,0.06653225806451613,0.1,1,0.015047232221418712,0.014537936618875133
176,5,32,33,0.06653225806451613,0.1,3,0.005005062640436563,0.004838007186476848
176,5,32,33,0.06653225806451613,0.1,5,0.003001976974204659,0.002902091940097911
176,5,32,33,0.06653225806451613,0.1,7,0.0021439602241528585,0.002072722675240591
176,5,32,33,0.06653225806451613,0.1,9,0.001667394208887969,0.0016120347802438466
176,5,32,33,0.06653225806451613,0.1,11,0.0013641646739100545,0.0013188955113518821
176,5,32,33,0.06653225806451613,0.1,13,0.0011542543300198291,0.001115964310712775
176,5,32,33,0.06653225806451613,0.1,15,0.0010003292218150998,0.0009671538815280032
176,5,32,33,0.06653225806451613,0.1,17,0.0008826269615753032,0.0008533609208873686
176,5,32,33,0.06653225806451613,0.1,19,0.0007897072719872302,0.0007635263381266442
176,5,32,33,0.06653225806451613,0.5,1,0.3514425777855119,0.337805384053266
176,5,32,33,0.06653225806451613,0.5,3,0.11486129260126621,0.11030328038848292
176,5,32,33,0.06653225806451613,0.5,5,0.06878146672518627,0.06602468906727345
176,5,32,33,0.06653225806451613,0.5,7,0.04909676989260625,0.047121336593294746
176,5,32,33,0.06653225806451613,0.5,9,0.03817382723211342,0.036634839925735144
176,5,32,33,0.06653225806451613,0.5,11,0.031227085412548577,0.029966663616825436
176,5,32,33,0.06653225806451613,0.5,13,0.02641956195003961,0.025352349912975445
176,5,32,33,0.06653225806451613,0.5,15,0.022894903066203533,0.02196955538493476
176,5,32,33,0.06653225806451613,0.5,17,0.02020004271316712,0.01938327694384814
176,5,32,33,0.06653225806451613,0.5,19,0.018072796719956888,0.017341811279919513
176,5,32,33,0.06653225806451613,1.0,1,1.1109794385452465,1.0721984297769287
176,5,32,33,0.06653225806451613,1.0,3,0.3628724742978151,0.3419245604887828
176,5,32,33,0.06653225806451613,1.0,5,0.21692945741668557,0.2038700319386887
176,5,32,33,0.06653225806451613,1.0,7,0.1547088411754753,0.14530617126718473
176,5,32,33,0.06653225806451613,1.0,9,0.12022792640611134,0.11289588516196829
176,5,32,33,0.06653225806451613,1.0,11,0.09831685068934262,0.09231184318717071
176,5,32,33,0.06653225806451613,1.0,13,0.08316159407554452,0.0780782534590948
176,5,32,33,0.06653225806451613,1.0,15,0.07205485160367266,0.06764849943991112
176,5,32,33,0.06653225806451613,1.0,17,0.06356545466907716,0.059677255164114304
176,5,32,33,0.06653225806451613,1.0,19,0.05686571102566633,0.05338678108739308
177,5,32,33,0.06653225806451613,0.1,1,0.013001563103379564,0.01336799553577013
177,5,32,33,0.06653225806451613,0.1,3,0.004330453892164433,0.0044440962612190115
177,5,32,33,0.06653225806451613,0.1,5,0.002598097415828031,0.002665248413774784
177,5,32,33,0.06653225806451613,0.1,7,0.0018557473074820637,0.0019033945559922948
177,5,32,33,0.06653225806451613,0.1,9,0.0014433466450198178,0.0014802680933224679
177,5,32,33,0.06653225806451613,0.1,11,0.0011809145833871827,0.001211051369793566
177,5,32,33,0.06653225806451613,0.1,13,0.000999232656068604,0.0010246910022787404
177,5,32,33,0.06653225806451613,0.1,15,0.0008660000619133185,0.000888037249297564
177,5,32,33,0.06653225806451613,0.1,17,0.0007641167313745162,0.0007835432782962155
177,5,32,33,0.06653225806451613,0.1,19,0.0006836827558331582,0.0007010516637485861
177,5,32,33,0.06653225806451613,0.5,1,0.30409998340106914,0.3158815196484557
177,5,32,33,0.06653225806451613,0.5,3,0.09967541763753954,0.10280645651485343
177,5,32,33,0.06653225806451613,0.5,5,0.05972261160283305,0.061509013902946025
177,5,32,33,0.06653225806451613,0.5,7,0.04264211544364115,0.043890111608658376
177,5,32,33,0.06653225806451613,0.5,9,0.03316047974151906,0.03411906230107716
177,5,32,33,0.06653225806451613,0.5,11,0.02712889436688374,0.027906900422378558
177,5,32,33,0.06653225806451613,0.5,13,0.022954006171895715,0.02360863438599959
177,5,32,33,0.06653225806451613,0.5,15,0.019892790878875008,0.020457792887473486
177,5,32,33,0.06653225806451613,0.5,17,0.0175520479120141,0.018048998071527315
177,5,32,33,0.06653225806451613,0.5,19,0.01570419567039419,0.016147718171204972
177,5,32,33,0.06653225806451613,1.0,1,0.9911785304965982,1.0279642417530972
177,5,32,33,0.06653225806451613,1.0,3,0.3172409617857016,0.32923779426613675
177,5,32,33,0.06653225806451613,1.0,5,0.18967495604746704,0.19660848186657826
177,5,32,33,0.06653225806451613,1.0,7,0.13534682030854892,0.1401832687093011
177,5,32,33,0.06653225806451613,1.0,9,0.10522505790618114,0.10893217759077224
177,5,32,33,0.06653225806451613,1.0,11,0.08607410403443985,0.08907787185182615
177,5,32,33,0.06653225806451613,1.0,13,0.07282231771967734,0.07534653079122122
177,5,32,33,0.06653225806451613,1.0,15,0.06310727563981382,0.06528376092313137
177,5,32,33,0.06653225806451613,1.0,17,0.055679604457905416,0.05759246741065739
177,5,32,33,0.06653225806451613,1.0,19,0.04981646787039975,0.051522620669055476
178,5,32,33,0.06653225806451613,0.1,1,0.012555648467831108,0.013215854718546596
178,5,32,33,0.06653225806451613,0.1,3,0.004183137871914112,0.004401786925982547
178,5,32,33,0.06653225806451613,0.1,5,0.0025097704512676774,0.0026406792865487356
178,5,32,33,0.06653225806451613,0.1,7,0.0017926687223190614,0.0018860812121232564
178,5,32,33,0.06653225806451613,0.1,9,0.0013942893210207496,0.001466901348079874
178,5,32,33,0.06653225806451613,0.1,11,0.0011407783134573762,0.0012001657340626841
178,5,32,33,0.06653225806451613,0.1,13,0.0009652719307814869,0.0010155095055581365
178,5,32,33,0.06653225806451613,0.1,15,0.0008365678236989868,0.0008800985060189949
178,5,32,33,0.06653225806451613,0.1,17,0.0007381473344773265,0.0007765509493929867
178,5,32,33,0.06653225806451613,0.1,19,0.0006604471176225913,0.0006948041191698154
178,5,32,33,0.06653225806451613,0.5,1,0.2947965831924082,0.30915814898777483
178,5,32,33,0.06653225806451613,0.5,3,0.09722679616755323,0.10246416094847328
178,5,32,33,0.06653225806451613,0.5,5,0.058278281356182814,0.06141979559610215
178,5,32,33,0.06653225806451613,0.5,7,0.041615190058354345,0.04385446486856427
178,5,32,33,0.06653225806451613,0.5,9,0.03236326811182156,0.03410200427905465
178,5,32,33,0.06653225806451613,0.5,11,0.026477256006987096,0.027898058011106154
178,5,32,33,0.06653225806451613,0.5,13,0.022402925870597206,0.023603980123114425
178,5,32,33,0.06653225806451613,0.5,15,0.01941535542273551,0.02045548110547019
178,5,32,33,0.06653225806451613,0.5,17,0.017130880817771033,0.01804808234134991
178,5,32,33,0.06653225806451613,0.5,19,0.01532742486083158,0.01614767223180736
178,5,32,33,0.06653225806451613,1.0,1,0.9711768526997113,1.0016017359359008
178,5,32,33,0.06653225806451613,1.0,3,0.3124091370166066,0.3290657471803253
178,5,32,33,0.06653225806451613,1.0,5,0.18642521905632448,0.19680233922278925
178,5,32,33,0.06653225806451613,1.0,7,0.1329272984092535,0.14040078651538573
178,5,32,33,0.06653225806451613,1.0,9,0.1033047127841745,0.10913168255728807
178,5,32,33,0.06653225806451613,1.0,11,0.0844844128656423,0.08925546201785758
178,5,32,33,0.06653225806451613,1.0,13,0.07146703711687008,0.07550459185096499
178,5,32,33,0.06653225806451613,1.0,15,0.06192657801253811,0.06542539907285214
178,5,32,33,0.06653225806451613,1.0,17,0.054633861722286646,0.057720421436334504
178,5,32,33,0.06653225806451613,1.0,19,0.048878115772941606,0.051639119342238096
179,5,32,33,0.06653225806451613,0.1,1,0.014285302203054134,0.0134877378439819
179,5,32,33,0.06653225806451613,0.1,3,0.004753409563486645,0.00448715671817556
179,5,32,33,0.06653225806451613,0.1,5,0.0028513494381757175,0.002691618203041907
179,5,32,33,0.06653225806451613,0.1,7,0.002036487390007143,0.001922404588673625
179,5,32,33,0.06653225806451613,0.1,9,0.0015838567167840538,0.0014951313019476462
179,5,32,33,0.06653225806451613,0.1,11,0.0012958435733649194,0.0012232532750216954
179,5,32,33,0.06653225806451613,0.1,13,0.0010964605935670096,0.0010350400286804804
179,5,32,33,0.06653225806451613,0.1,15,0.0009502518312624646,0.0008970219913106571
179,5,32,33,0.06653225806451613,0.1,17,0.0008384481611240096,0.0007914815676526822
179,5,32,33,0.06653225806451613,0.1,19,0.0007501839305160969,0.0007081618467021298
179,5,32,33,0.06653225806451613,0.5,1,0.3315692058750151,0.31291935971457924
179,5,32,33,0.06653225806451613,0.5,3,0.10774325425220414,0.10121647200165733
179,5,32,33,0.06653225806451613,0.5,5,0.06447657457473378,0.0605730704777922
179,5,32,33,0.06653225806451613,0.5,7,0.046013661206978904,0.04323141454716339
179,5,32,33,0.06653225806451613,0.5,9,0.03577283763787621,0.03361181580321989
179,5,32,33,0.06653225806451613,0.5,11,0.02926123940027957,0.027494769067069588
179,5,32,33,0.06653225806451613,0.5,13,0.0247554023600373,0.023261694590596477
179,5,32,33,0.06653225806451613,0.5,15,0.02145218574303852,0.0201582898504124
179,5,32,33,0.06653225806451613,0.5,17,0.018926772541542514,0.017785547021393205
179,5,32,33,0.06653225806451613,0.5,19,0.016933363309567004,0.015912587169060265
179,5,32,33,0.06653225806451613,1.0,1,1.0472135592787286,0.9938643799474214
179,5,32,33,0.06653225806451613,1.0,3,0.3279089103315541,0.3124054750065361
179,5,32,33,0.06653225806451613,1.0,5,0.1955598004973052,0.18674875592173004
179,5,32,33,0.06653225806451613,1.0,7,0.1393853575367765,0.13325145401106206
179,5,32,33,0.06653225806451613,1.0,9,0.10829316288899829,0.10359309561338415
179,5,32,33,0.06653225806451613,1.0,11,0.08854585341560749,0.08473765737038555
179,5,32,33,0.06653225806451613,1.0,13,0.07489103869162203,0.07169074614596463
179,5,32,33,0.06653225806451613,1.0,15,0.06488561694854633,0.062126100287491964
179,5,32,33,0.06653225806451613,1.0,17,0.05723886967101598,0.05481352923672447
179,5,32,33,0.06653225806451613,1.0,19,0.051204613079880015,0.04904131876493865
180,5,32,33,0.06653225806451613,0.1,1,0.013839105163241322,0.013924610376405895
180,5,32,33,0.06653225806451613,0.1,3,0.004607527002492309,0.0046345978434511525
180,5,32,33,0.06653225806451613,0.1,5,0.0027641808875395785,0.0027802468415062576
180,5,32,33,0.06653225806451613,0.1,7,0.0019743359022982524,0.001985757137512273
180,5,32,33,0.06653225806451613,0.1,9,0.0015355652080622079,0.0015444247810322174
180,5,32,33,0.06653225806451613,0.1,11,0.0012563576835151774,0.0012635941062269778
180,5,32,33,0.06653225806451613,0.1,13,0.0010630643306596805,0.0010691802310769463
180,5,32,33,0.06653225806451613,0.1,15,0.0009213178695274248,0.0009266137191075162
180,5,32,33,0.06653225806451613,0.1,17,0.0008129245882929413,0.0008175942923250243
180,5,32,33,0.06653225806451613,0.1,19,0.0007273515690781536,0.0007315275311581845
180,5,32,33,0.06653225806451613,0.5,1,0.32064571565397415,0.3226983688851775
180,5,32,33,0.06653225806451613,0.5,3,0.1043454651470181,0.10486992875075425
180,5,32,33,0.06653225806451613,0.5,5,0.06248722839929209,0.06278738541571258
180,5,32,33,0.06653225806451613,0.5,7,0.04460934034496577,0.044819662855642005
180,5,32,33,0.06653225806451613,0.5,9,0.034688070891945345,0.0348499543519131
180,5,32,33,0.06653225806451613,0.5,11,0.02837768448368364,0.028509264856045283
180,5,32,33,0.06653225806451613,0.5,13,0.024010143401507374,0.024120976589495254
180,5,32,33,0.06653225806451613,0.5,15,0.02080781153695475,0.020903548863185222
180,5,32,33,0.06653225806451613,0.5,17,0.01835923759935478,0.018443498131069016
180,5,32,33,0.06653225806451613,0.5,19,0.016426300628825302,0.016501541311947546
180,5,32,33,0.06653225806451613,1.0,1,1.0150751680075096,1.019713376939193
180,5,32,33,0.06653225806451613,1.0,3,0.32196419124119535,0.32434063705553196
180,5,32,33,0.06653225806451613,1.0,5,0.1924153894264262,0.1939367742257413
180,5,32,33,0.06653225806451613,1.0,7,0.13728377443970927,0.1383955883478063
180,5,32,33,0.06653225806451613,1.0,9,0.10672507056131916,0.10759908274636275
180,5,32,33,0.06653225806451613,1.0,11,0.08729882059791945,0.08801815684252566
180,5,32,33,0.06653225806451613,1.0,13,0.07385745370976941,0.07446835187621291
180,5,32,33,0.06653225806451613,1.0,15,0.064003815304198,0.0645345562101091
180,5,32,33,0.06653225806451613,1.0,17,0.056470362245500824,0.05693947392288836
180,5,32,33,0.06653225806451613,1.0,19,0.05052381818339898,0.05094408664187661
181,5,32,33,0.06653225806451613,0.1,1,0.015090788774617217,0.014635651446566752
181,5,32,33,0.06653225806451613,0.1,3,0.005023093998448881,0.004871995439771183
181,5,32,33,0.06653225806451613,0.1,5,0.003013237965938749,0.0029227229388885485
181,5,32,33,0.06653225806451613,0.1,7,0.0021521409158701444,0.0020875369714572034
181,5,32,33,0.06653225806451613,0.1,9,0.0016738165912295593,0.001623591667730192
181,5,32,33,0.06653225806451613,0.1,11,0.001369450508000214,0.0013283694989702224
181,5,32,33,0.06653225806451613,0.1,13,0.0011587452556832416,0.001123991631352748
181,5,32,33,0.06653225806451613,0.1,15,0.00100423300633607,0.0009741178545227974
181,5,32,33,0.06653225806451613,0.1,17,0.0008860793476272154,0.000859510327321554
181,5,32,33,0.06653225806451613,0.1,19,0.000792801813987125,0.0007690317905743959
181,5,32,33,0.06653225806451613,0.5,1,0.3494264175507238,0.3384382220280733
181,5,32,33,0.06653225806451613,0.5,3,0.1143470052280678,0.11036001124190437
181,5,32,33,0.06653225806451613,0.5,5,0.0684919345284985,0.06607240847942192
181,5,32,33,0.06653225806451613,0.5,7,0.04889649227058165,0.04716144914752599
181,5,32,33,0.06653225806451613,0.5,9,0.03802105816744281,0.03666900122026799
181,5,32,33,0.06653225806451613,0.5,11,0.03110371648132351,0.02999626408490302
181,5,32,33,0.06653225806451613,0.5,13,0.026316148916851228,0.025378404565132816
181,5,32,33,0.06653225806451613,0.5,15,0.022805910351902183,0.02199279537528541
181,5,32,33,0.06653225806451613,0.5,17,0.020121952088739438,0.019404237018656418
181,5,32,33,0.06653225806451613,0.5,19,0.0180032349053788,0.017360890982699266
181,5,32,33,0.06653225806451613,1.0,1,1.0918572357117657,1.0666673954416188
181,5,32,33,0.06653225806451613,1.0,3,0.35194823774378736,0.3414173377281921
181,5,32,33,0.06653225806451613,1.0,5,0.21025233803022533,0.20390449066041363
181,5,32,33,0.06653225806451613,1.0,7,0.14994664402285013,0.14542946453154268
181,5,32,33,0.06653225806451613,1.0,9,0.11653551718722754,0.11303315357709812
181,5,32,33,0.06653225806451613,1.0,11,0.09530424923840637,0.09244528559436849
181,5,32,33,0.06653225806451613,1.0,13,0.08061834964443254,0.07820338266296503
181,5,32,33,0.06653225806451613,1.0,15,0.06985485158795234,0.06776463440323674
181,5,32,33,0.06653225806451613,1.0,17,0.061627277676165375,0.05978487773747207
181,5,32,33,0.06653225806451613,1.0,19,0.05513378109390736,0.05348669220252728
182,5,32,33,0.06653225806451613,0.1,1,0.014459440464905809,0.01362737196341161
182,5,32,33,0.06653225806451613,0.1,3,0.004806215541631113,0.004534721998557424
182,5,32,33,0.06653225806451613,0.1,5,0.002882336545503295,0.0027202665582249643
182,5,32,33,0.06653225806451613,0.1,7,0.0020584033274101566,0.0019429003440360002
182,5,32,33,0.06653225806451613,0.1,9,0.0016008074857344705,0.0015110864010261023
182,5,32,33,0.06653225806451613,0.1,11,0.001309662675136472,0.0012363146688765087
182,5,32,33,0.06653225806451613,0.1,13,0.0011081244577910306,0.0010460961909859884
182,5,32,33,0.06653225806451613,0.1,15,0.0009603418955537313,0.0009066066691050042
182,5,32,33,0.06653225806451613,0.1,17,0.0008473385736367032,0.0007999404343851048
182,5,32,33,0.06653225806451613,0.1,19,0.0007581296075802655,0.0007157315744693631
182,5,32,33,0.06653225806451613,0.5,1,0.3361379116734352,0.3152905971250088
182,5,32,33,0.06653225806451613,0.5,3,0.10902023616007223,0.10208070147965852
182,5,32,33,0.06653225806451613,0.5,5,0.06515267235521512,0.06109123430035915
182,5,32,33,0.06653225806451613,0.5,7,0.046466824514203364,0.04360245256223894
182,5,32,33,0.06653225806451613,0.5,9,0.03611206240712395,0.03390105274522713
182,5,32,33,0.06653225806451613,0.5,11,0.029531789799231625,0.02773183913024978
182,5,32,33,0.06653225806451613,0.5,13,0.024980191593423694,0.023462572039889922
182,5,32,33,0.06653225806451613,0.5,15,0.021644355992717974,0.02033257640316926
182,5,32,33,0.06653225806451613,0.5,17,0.01909453996496397,0.017939466979325473
182,5,32,33,0.06653225806451613,0.5,19,0.017082198808239368,0.0160504065150733
182,5,32,33,0.06653225806451613,1.0,1,1.0584671005447377,0.9915716919523777
182,5,32,33,0.06653225806451613,1.0,3,0.3294372549297795,0.30739741054879605
182,5,32,33,0.06653225806451613,1.0,5,0.19527844894568547,0.1834138076908593
182,5,32,33,0.06653225806451613,1.0,7,0.13884745325810022,0.1308017092979817
182,5,32,33,0.06653225806451613,1.0,9,0.10773729015167921,0.1016661090169039
182,5,32,33,0.06653225806451613,1.0,11,0.08802210927301933,0.08315220807980614
182,5,32,33,0.06653225806451613,1.0,13,0.07440854032202097,0.07034501159311198
182,5,32,33,0.06653225806451613,1.0,15,0.0644429372819605,0.0609575723264091
182,5,32,33,0.06653225806451613,1.0,17,0.05683197392466795,0.05378120129444133
182,5,32,33,0.06653225806451613,1.0,19,0.05082917213009445,0.048116882815420495
183,5,32,33,0.06653225806451613,0.1,1,0.012241746230011124,0.012241746230011171
183,5,32,33,0.06653225806451613,0.1,3,0.004076089053843399,0.004076089053843706
183,5,32,33,0.06653225806451613,0.1,5,0.002445437779370805,0.0024454377793717173
183,5,32,33,0.06653225806451613,0.1,7,0.0017466988318103993,0.001746698831811497
183,5,32,33,0.06653225806451613,0.1,9,0.0013585299521913085,0.0013585299521930788
183,5,32,33,0.06653225806451613,0.1,11,0.0011115188804945786,0.0011115188804952537
183,5,32,33,0.06653225806451613,0.1,13,0.0009405132379089623,0.0009405132379110944
183,5,32,33,0.06653225806451613,0.1,15,0.0008151099841169306,0.0008151099841147146
183,5,32,33,0.06653225806451613,0.1,17,0.0007192138139742388,0.0007192138139800887
183,5,32,33,0.06653225806451613,0.1,19,0.0006435065459510092,0.0006435065459513138
183,5,32,33,0.06653225806451613,0.5,1,0.2862896132585807,0.2862896132585815
183,5,32,33,0.06653225806451613,0.5,3,0.09341908366613882,0.09341908366614073
183,5,32,33,0.06653225806451613,0.5,5,0.055963349458053174,0.05596334945805515
183,5,32,33,0.06653225806451613,0.5,7,0.03995635968264219,0.039956359682644646
183,5,32,33,0.06653225806451613,0.5,9,0.03107156027711523,0.03107156027711538
183,5,32,33,0.06653225806451613,0.5,11,0.025419858824320716,0.025419858824324224
183,5,32,33,0.06653225806451613,0.5,13,0.02150797779378389,0.021507977793788692
183,5,32,33,0.06653225806451613,0.5,15,0.018639630691115877,0.018639630691120304
183,5,32,33,0.06653225806451613,0.5,17,0.016446369138110307,0.016446369138112114
183,5,32,33,0.06653225806451613,0.5,19,0.014714944071275311,0.014714944071281162
183,5,32,33,0.06653225806451613,1.0,1,0.9434440126327531,0.9434440126327562
183,5,32,33,0.06653225806451613,1.0,3,0.30249578092447293,0.30249578092447704
183,5,32,33,0.06653225806451613,1.0,5,0.180610466855411,0.18061046685541424
183,5,32,33,0.06653225806451613,1.0,7,0.12879520079182838,0.128795200791832
183,5,32,33,0.06653225806451613,1.0,9,0.10009497064965656,0.10009497064966127
183,5,32,33,0.06653225806451613,1.0,11,0.08185865319089647,0.081858653190899
183,5,32,33,0.06653225806451613,1.0,13,0.0692447467950812,0.06924474679508716
183,5,32,33,0.06653225806451613,1.0,15,0.05999993861016366,0.05999993861016872
183,5,32,33,0.06653225806451613,1.0,17,0.05293326854630344,0.05293326854630852
183,5,32,33,0.06653225806451613,1.0,19,0.04735599957779679,0.04735599957779999
184,5,32,33,0.06653225806451613,0.1,1,0.01263620949123642,0.012682750336770677
184,5,32,33,0.06653225806451613,0.1,3,0.004204803520159249,0.0042214847786463065
184,5,32,33,0.06653225806451613,0.1,5,0.002522443964201322,0.002532555661698887
184,5,32,33,0.06653225806451613,0.1,7,0.0018016431849003625,0.0018088944093298425
184,5,32,33,0.06653225806451613,0.1,9,0.0014012401220417769,0.0014068917108784223
184,5,32,33,0.06653225806451613,0.1,11,0.0011464513946541134,0.0011510813529561111
184,5,32,33,0.06653225806451613,0.1,13,0.0009700645811769939,0.0009739856406701033
184,5,32,33,0.06653225806451613,0.1,15,0.0008407168251514036,0.0008441172066090014
184,5,32,33,0.06653225806451613,0.1,17,0.0007418052119955238,0.0007448069692504057
184,5,32,33,0.06653225806451613,0.1,19,0.0006637178961754837,0.0006664046734729268
184,5,32,33,0.06653225806451613,0.5,1,0.2944244258255645,0.29491995413015554
184,5,32,33,0.06653225806451613,0.5,3,0.0951313404934098,0.09563098190632617
184,5,32,33,0.06653225806451613,0.5,5,0.056945436326467765,0.057262754966075496
184,5,32,33,0.06653225806451613,0.5,7,0.04064757697923971,0.040878826142003784
184,5,32,33,0.06653225806451613,0.5,9,0.031605346683027676,0.03178706769402462
184,5,32,33,0.06653225806451613,0.5,11,0.025854773744896614,0.026004389041953603
184,5,32,33,0.06653225806451613,0.5,13,0.021874981231253476,0.022002113672127996
184,5,32,33,0.06653225806451613,0.5,15,0.01895709219766225,0.019067608125409193
184,5,32,33,0.06653225806451613,0.5,17,0.016726085995848197,0.016823823040159582
184,5,32,33,0.06653225806451613,0.5,19,0.01496494481453723,0.01505254980853137
184,5,32,33,0.06653225806451613,1.0,1,0.9549382637378863,0.9591655305174915
184,5,32,33,0.06653225806451613,1.0,3,0.31028726386883715,0.3118167871399588
184,5,32,33,0.06653225806451613,1.0,5,0.18590346409865519,0.1869647532879203
184,5,32,33,0.06653225806451613,1.0,7,0.13272696140190182,0.13351623623773984
184,5,32,33,0.06653225806451613,1.0,9,0.10320988805615947,0.1038349864508908
184,5,32,33,0.06653225806451613,1.0,11,0.08443419823769667,0.08495084144832267
184,5,32,33,0.06653225806451613,1.0,13,0.07143881491662904,0.07187878464873458
184,5,32,33,0.06653225806451613,1.0,15,0.06191036553979548,0.06229335619023495
184,5,32,33,0.06653225806451613,1.0,17,0.054624697650189465,0.05496371632078792
184,5,32,33,0.06653225806451613,1.0,19,0.04887331152150692,0.04917738403030465
185,5,32,33,0.06653225806451613,0.1,1,0.012630404240063625,0.012632078224375204
185,5,32,33,0.06653225806451613,0.1,3,0.004206252356458391,0.004206451545937173
185,5,32,33,0.06653225806451613,0.1,5,0.0025235504200354845,0.002523622956059759
185,5,32,33,0.06653225806451613,0.1,7,0.001802493731195683,0.0018025309139767204
185,5,32,33,0.06653225806451613,0.1,9,0.0014019251774523938,0.00140194772842291
185,5,32,33,0.06653225806451613,0.1,11,0.0011470233778882555,0.0011470384983182842
185,5,32,33,0.06653225806451613,0.1,13,0.0009705549997961085,0.0009705658376433525
185,5,32,33,0.06653225806451613,0.1,15,0.0008411458103952317,0.0008411539573887655
185,5,32,33,0.06653225806451613,0.1,17,0.0007421863306641698,0.0007421926773745072
185,5,32,33,0.06653225806451613,0.1,19,0.0006640606986376751,0.0006640657819768788
185,5,32,33,0.06653225806451613,0.5,1,0.29508419027242794,0.2952674631391197
185,5,32,33,0.06653225806451613,0.5,3,0.09638021458018144,0.09643101886521464
185,5,32,33,0.06653225806451613,0.5,5,0.05773826521943334,0.057757627783041
185,5,32,33,0.06653225806451613,0.5,7,0.04122403007857065,0.0412340804323866
185,5,32,33,0.06653225806451613,0.5,9,0.0320575112745835,0.03206363900810809
185,5,32,33,0.06653225806451613,0.5,11,0.026226543686300757,0.02623066371664404
185,5,32,33,0.06653225806451613,0.5,13,0.022190556612481715,0.022193514594277753
185,5,32,33,0.06653225806451613,0.5,15,0.01923119848946454,0.01923342444044846
185,5,32,33,0.06653225806451613,0.5,17,0.016968340213813174,0.016970075573066595
185,5,32,33,0.06653225806451613,0.5,19,0.01518197032338428,0.015183360992938509
185,5,32,33,0.06653225806451613,1.0,1,0.9583852327863248,0.9607502221559423
185,5,32,33,0.06653225806451613,1.0,3,0.30324846129064875,0.30343661331642857
185,5,32,33,0.06653225806451613,1.0,5,0.1811974912184018,0.18124006699808953
185,5,32,33,0.06653225806451613,1.0,7,0.12927094303481482,0.12928889783397843
185,5,32,33,0.06653225806451613,1.0,9,0.10049205861710518,0.10050189186628357
185,5,32,33,0.06653225806451613,1.0,11,0.08219841147686448,0.08220461198199337
185,5,32,33,0.06653225806451613,1.0,13,0.06954123058113011,0.06954549838395743
185,5,32,33,0.06653225806451613,1.0,15,0.06026273070536776,0.06026584862088851
185,5,32,33,0.06653225806451613,1.0,17,0.053169140942004284,0.05317151920505328
185,5,32,33,0.06653225806451613,1.0,19,0.04756989460335408,0.04757176892255785
186,5,32,33,0.06653225806451613,0.1,1,0.012941309063241112,0.012817298669873998
186,5,32,33,0.06653225806451613,0.1,3,0.004308203970883255,0.0042679636400363465
186,5,32,33,0.06653225806451613,0.1,5,0.0025845208512092306,0.0025604805134281936
186,5,32,33,0.06653225806451613,0.1,7,0.0018459826394219055,0.001828840830028267
186,5,32,33,0.06653225806451613,0.1,9,0.0014357233460444876,0.0014224033447375066
186,5,32,33,0.06653225806451613,0.1,11,0.0011746626048881343,0.0011637708225018997
186,5,32,33,0.06653225806451613,0.1,13,0.0009939339410270974,0.0009847215220455071
186,5,32,33,0.06653225806451613,0.1,15,0.0008614024127637774,0.0008534206506187117
186,5,32,33,0.06653225806451613,0.1,17,0.0007600563303354269,0.0007530151639430219
186,5,32,33,0.06653225806451613,0.1,19,0.0006800471922968488,0.0006737483011767637
186,5,32,33,0.06653225806451613,0.5,1,0.30225060000213533,0.29946524631657023
186,5,32,33,0.06653225806451613,0.5,3,0.09879188047255859,0.09812206519575717
186,5,32,33,0.06653225806451613,0.5,5,0.05917636577592645,0.05878784140371479
186,5,32,33,0.06653225806451613,0.5,7,0.042247352493281355,0.04197296635399255
186,5,32,33,0.06653225806451613,0.5,9,0.03285150588680493,0.03263926667886587
186,5,32,33,0.06653225806451613,0.5,11,0.02687510037099875,0.02670200721737526
186,5,32,33,0.06653225806451613,0.5,13,0.02273867668164094,0.022592519475351073
186,5,32,33,0.06653225806451613,0.5,15,0.01970580423951766,0.0195793203383419
186,5,32,33,0.06653225806451613,0.5,17,0.017386812162489617,0.017275329538493644
186,5,32,33,0.06653225806451613,0.5,19,0.015556178598901536,0.015456513901626867
186,5,32,33,0.06653225806451613,1.0,1,0.982311760584975,0.9740741055858653
186,5,32,33,0.06653225806451613,1.0,3,0.3160372414682718,0.31392705627323075
186,5,32,33,0.06653225806451613,1.0,5,0.18895816526260267,0.18767138148170714
186,5,32,33,0.06653225806451613,1.0,7,0.13482347613725867,0.13391447166724624
186,5,32,33,0.06653225806451613,1.0,9,0.10481186371111963,0.10411273355842972
186,5,32,33,0.06653225806451613,1.0,11,0.08573263811962768,0.08516527796018714
186,5,32,33,0.06653225806451613,1.0,13,0.07253135822320418,0.07205417783203688
186,5,32,33,0.06653225806451613,1.0,15,0.06285381768450125,0.062442174185372575
186,5,32,33,0.06653225806451613,1.0,17,0.055455094154390656,0.055093206627170765
186,5,32,33,0.06653225806451613,1.0,19,0.049614977504450805,0.04929214081848327
187,5,32,33,0.06653225806451613,0.1,1,0.01647201317432272,0.01603966037368696
187,5,32,33,0.06653225806451613,0.1,3,0.005485958909280832,0.005340539003359941
187,5,32,33,0.06653225806451613,0.1,5,0.0032912266650366086,0.0032038759545508066
187,5,32,33,0.06653225806451613,0.1,7,0.002350785323675432,0.0022883656579957227
187,5,32,33,0.06653225806451613,0.1,9,0.0018283525286030716,0.0017797933128593844
187,5,32,33,0.06653225806451613,0.1,11,0.0014959069995107226,0.0014561714541781387
187,5,32,33,0.06653225806451613,0.1,13,0.0012657574126089368,0.0012321320260578323
187,5,32,33,0.06653225806451613,0.1,15,0.0010969835410514508,0.0010678396716849654
187,5,32,33,0.06653225806451613,0.1,17,0.00096792254490318,0.0009422061260712878
187,5,32,33,0.06653225806451613,0.1,19,0.0008660331056664843,0.0008430228134559927
187,5,32,33,0.06653225806451613,0.5,1,0.3784752817635947,0.36697741532334616
187,5,32,33,0.06653225806451613,0.5,3,0.12449890607212098,0.1199865354916036
187,5,32,33,0.06653225806451613,0.5,5,0.07459912598569815,0.07187411198794667
187,5,32,33,0.06653225806451613,0.5,7,0.05326137951860597,0.051314018217141315
187,5,32,33,0.06653225806451613,0.5,9,0.04141668371124203,0.03990253444314409
187,5,32,33,0.06653225806451613,0.5,11,0.0338822094402808,0.03264385870603331
187,5,32,33,0.06653225806451613,0.5,13,0.02866728687255015,0.027619841067790852
187,5,32,33,0.06653225806451613,0.5,15,0.024843611395927823,0.023936115892351752
187,5,32,33,0.06653225806451613,0.5,17,0.021919946811655388,0.021119433393727557
187,5,32,33,0.06653225806451613,0.5,19,0.019611978440405135,0.018895895298570154
187,5,32,33,0.06653225806451613,1.0,1,1.1670008561106455,1.1158781412181609
187,5,32,33,0.06653225806451613,1.0,3,0.3822191212292032,0.35453430597734265
187,5,32,33,0.06653225806451613,1.0,5,0.2285575360472679,0.2113402303238209
187,5,32,33,0.06653225806451613,1.0,7,0.16304596475050914,0.15062597239747885
187,5,32,33,0.06653225806451613,1.0,9,0.12672928061758124,0.11703038111806809
187,5,32,33,0.06653225806451613,1.0,11,0.10364571207005034,0.09569432655363178
187,5,32,33,0.06653225806451613,1.0,13,0.08767646584959102,0.08094074837411888
187,5,32,33,0.06653225806451613,1.0,15,0.0759715318558553,0.07012984490489657
187,5,32,33,0.06653225806451613,1.0,17,0.06702394148993616,0.06186716530015886
187,5,32,33,0.06653225806451613,1.0,19,0.05996199352162652,0.05534659711495981
188,5,32,33,0.06653225806451613,0.1,1,0.0128277874322161,0.012828694854816485
188,5,32,33,0.06653225806451613,0.1,3,0.004272990688918822,0.004273092994169189
188,5,32,33,0.06653225806451613,0.1,5,0.002563653586879807,0.00256370558792719
188,5,32,33,0.06653225806451613,0.1,7,0.001831153423884964,0.0018311887253602307
188,5,32,33,0.06653225806451613,0.1,9,0.0014242215720957077,0.0014242484395897855
188,5,32,33,0.06653225806451613,0.1,11,0.0011652685223414103,0.0011652902608836348
188,5,32,33,0.06653225806451613,0.1,13,0.0009859946544799425,0.0009860129299279431
188,5,32,33,0.06653225806451613,0.1,15,0.000854527728594909,0.0008545435027808206
188,5,32,33,0.06653225806451613,0.1,17,0.0007539944814947925,0.0007540083618462829
188,5,32,33,0.06653225806451613,0.1,19,0.0006746262817644916,0.0006746386771457075
188,5,32,33,0.06653225806451613,0.5,1,0.30141382458206706,0.3017945012424769
188,5,32,33,0.06653225806451613,0.5,3,0.09898516167047774,0.09902541061308397
188,5,32,33,0.06653225806451613,0.5,5,0.059321902452492525,0.05934501639535117
188,5,32,33,0.06653225806451613,0.5,7,0.04235920309717895,0.04237556316914326
188,5,32,33,0.06653225806451613,0.5,9,0.032941701977836746,0.03295438371315306
188,5,32,33,0.06653225806451613,0.5,11,0.026950502697447164,0.02696086189568077
188,5,32,33,0.06653225806451613,0.5,13,0.02280339618842501,0.02281215374699089
188,5,32,33,0.06653225806451613,0.5,15,0.01976246744935444,0.019770053107103155
188,5,32,33,0.06653225806451613,0.5,17,0.017437190655205083,0.01744388142013476
188,5,32,33,0.06653225806451613,0.5,19,0.015601520854960206,0.015607505796688015
188,5,32,33,0.06653225806451613,1.0,1,0.9945399767875427,0.9957205725797652
188,5,32,33,0.06653225806451613,1.0,3,0.32076314952531987,0.3208673353849112
188,5,32,33,0.06653225806451613,1.0,5,0.19180273664732173,0.19194702200719294
188,5,32,33,0.06653225806451613,1.0,7,0.13686978056458382,0.13698960419096473
188,5,32,33,0.06653225806451613,1.0,9,0.10641164922682814,0.10651025761120121
188,5,32,33,0.06653225806451613,1.0,11,0.08704636499279082,0.08712929347957592
188,5,32,33,0.06653225806451613,1.0,13,0.07364598191791093,0.07371724838556191
188,5,32,33,0.06653225806451613,1.0,15,0.0638218177148264,0.0638841785945235
188,5,32,33,0.06653225806451613,1.0,17,0.05631059522417878,0.05636597154189741
188,5,32,33,0.06653225806451613,1.0,19,0.050381423448444033,0.050431191605003485
189,5,32,33,0.06653225806451613,0.1,1,0.012487027695403054,0.01311476572852618
189,5,32,33,0.06653225806451613,0.1,3,0.00415728353528255,0.004367894086140009
189,5,32,33,0.06653225806451613,0.1,5,0.002494127211403204,0.002620559436338521
189,5,32,33,0.06653225806451613,0.1,7,0.0017814716323225994,0.0018717933393800053
189,5,32,33,0.06653225806451613,0.1,9,0.001385573746316498,0.001455828116574686
189,5,32,33,0.06653225806451613,0.1,11,0.0011336449098443388,0.001191127478657635
189,5,32,33,0.06653225806451613,0.1,13,0.000959234916575933,0.0010078748505644218
189,5,32,33,0.06653225806451613,0.1,15,0.0008313352507284324,0.000873490315483806
189,5,32,33,0.06653225806451613,0.1,17,0.0007335301146918735,0.0007707260285512341
189,5,32,33,0.06653225806451613,0.1,19,0.0006563157980079935,0.0006895965209558583
189,5,32,33,0.06653225806451613,0.5,1,0.2914775942478034,0.30717004134896897
189,5,32,33,0.06653225806451613,0.5,3,0.09428791354868997,0.10047320068190241
189,5,32,33,0.06653225806451613,0.5,5,0.0564319044091565,0.060195943078781254
189,5,32,33,0.06653225806451613,0.5,7,0.04028069602104383,0.04297986140207902
189,5,32,33,0.06653225806451613,0.5,9,0.031320520617323384,0.03342326983120267
189,5,32,33,0.06653225806451613,0.5,11,0.02562218875170089,0.02734403040661502
189,5,32,33,0.06653225806451613,0.5,13,0.021678516468985404,0.02313614661529013
189,5,32,33,0.06653225806451613,0.5,15,0.018787070287694347,0.020050723671162944
189,5,32,33,0.06653225806451613,0.5,17,0.016576250354835526,0.017691459228672005
189,5,32,33,0.06653225806451613,0.5,19,0.014831020276228693,0.015828977177354674
189,5,32,33,0.06653225806451613,1.0,1,0.9463445158928309,1.0002936848389246
189,5,32,33,0.06653225806451613,1.0,3,0.2914217983913049,0.31865993308472773
189,5,32,33,0.06653225806451613,1.0,5,0.17332068512478674,0.190559411255454
189,5,32,33,0.06653225806451613,1.0,7,0.12341498723575522,0.13599055416448935
189,5,32,33,0.06653225806451613,1.0,9,0.09584618428813035,0.10573116122416931
189,5,32,33,0.06653225806451613,1.0,11,0.07835435700258882,0.08649108626081604
189,5,32,33,0.06653225806451613,1.0,13,0.06626601503830114,0.07317687746094945
189,5,32,33,0.06653225806451613,1.0,15,0.057411334779234845,0.06341567450369283
189,5,32,33,0.06653225806451613,1.0,17,0.0506453744366818,0.055952480697091855
189,5,32,33,0.06653225806451613,1.0,19,0.04530678275440526,0.05006116151551364
190,5,32,33,0.06653225806451613,0.1,1,0.015022752314355091,0.015022752314355039
190,5,32,33,0.06653225806451613,0.1,3,0.004998369023579889,0.004998369023580083
190,5,32,33,0.06653225806451613,0.1,5,0.002998268857237762,0.0029982688572381413
190,5,32,33,0.06653225806451613,0.1,7,0.002141415921835668,0.002141415921836039
190,5,32,33,0.06653225806451613,0.1,9,0.001665462447337694,0.0016654624473374819
190,5,32,33,0.06653225806451613,0.1,11,0.0013626093129425099,0.001362609312942344
190,5,32,33,0.06653225806451613,0.1,13,0.0011529532431967466,0.0011529532431970764
190,5,32,33,0.06653225806451613,0.1,15,0.0009992112484093515,0.0009992112484095118
190,5,32,33,0.06653225806451613,0.1,17,0.0008816470709807527,0.0008816470709807641
190,5,32,33,0.06653225806451613,0.1,19,0.0007888351894339571,0.0007888351894339533
190,5,32,33,0.06653225806451613,0.5,1,0.34787215992296766,0.347872159922969
190,5,32,33,0.06653225806451613,0.5,3,0.11286943612442363,0.11286943612442457
190,5,32,33,0.06653225806451613,0.5,5,0.06754037656416441,0.06754037656416559
190,5,32,33,0.06653225806451613,0.5,7,0.048200829934191496,0.04820082993419292
190,5,32,33,0.06653225806451613,0.5,9,0.03747389894221722,0.03747389894221827
190,5,32,33,0.06653225806451613,0.5,11,0.030653123070504842,0.030653123070506383
190,5,32,33,0.06653225806451613,0.5,13,0.02593326674631525,0.02593326674631544
190,5,32,33,0.06653225806451613,0.5,15,0.02247310002815458,0.022473100028155252
190,5,32,33,0.06653225806451613,0.5,17,0.01982765789855892,0.0198276578985602
190,5,32,33,0.06653225806451613,0.5,19,0.017739480814982535,0.017739480814983593
190,5,32,33,0.06653225806451613,1.0,1,1.0923440325321263,1.0923440325321296
190,5,32,33,0.06653225806451613,1.0,3,0.342151390823543,0.3421513908235468
190,5,32,33,0.06653225806451613,1.0,5,0.20420340772579001,0.20420340772579354
190,5,32,33,0.06653225806451613,1.0,7,0.14561049015037442,0.1456104901503782
190,5,32,33,0.06653225806451613,1.0,9,0.11316024159511039,0.1131602415951127
190,5,32,33,0.06653225806451613,1.0,11,0.09254203640950652,0.09254203640950863
190,5,32,33,0.06653225806451613,1.0,13,0.07828094325672649,0.0782809432567284
190,5,32,33,0.06653225806451613,1.0,15,0.06782907713256064,0.0678290771325625
190,5,32,33,0.06653225806451613,1.0,17,0.0598398427653457,0.059839842765348594
190,5,32,33,0.06653225806451613,1.0,19,0.05353451856909118,0.05353451856909399
191,5,32,33,0.06653225806451613,0.1,1,0.012887899979918717,0.012688422748511279
191,5,32,33,0.06653225806451613,0.1,3,0.004289975117350352,0.004222627343816478
191,5,32,33,0.06653225806451613,0.1,5,0.0025735613241062534,0.0025330632982831502
191,5,32,33,0.06653225806451613,0.1,7,0.0018381497761752333,0.0018091962666486416
191,5,32,33,0.06653225806451613,0.1,9,0.0014296295589022682,0.001407098983081881
191,5,32,33,0.06653225806451613,0.1,11,0.0011696761010304246,0.001151236235701573
191,5,32,33,0.06653225806451613,0.1,13,0.000989714246283492,0.0009741079347154669
191,5,32,33,0.06653225806451613,0.1,15,0.0008577451479029578,0.0008442175606534256
191,5,32,33,0.06653225806451613,0.1,17,0.0007568292114147481,0.0007448916819906552
191,5,32,33,0.06653225806451613,0.1,19,0.0006771596914398042,0.0006664777419178058
191,5,32,33,0.06653225806451613,0.5,1,0.3017866335415897,0.29776861534515076
191,5,32,33,0.06653225806451613,0.5,3,0.09818743799301356,0.09663949352242243
191,5,32,33,0.06653225806451613,0.5,5,0.05878969036398981,0.05784110814329078
191,5,32,33,0.06653225806451613,0.5,7,0.041966086485211065,0.04128283498646846
191,5,32,33,0.06653225806451613,0.5,9,0.0326310112042504,0.032097210160580425
191,5,32,33,0.06653225806451613,0.5,11,0.026693933008359393,0.026255969558021463
191,5,32,33,0.06653225806451613,0.5,13,0.02258498816043399,0.02221369995598194
191,5,32,33,0.06653225806451613,0.5,15,0.019572381901535978,0.019250155731547088
191,5,32,33,0.06653225806451613,0.5,17,0.01726894652328215,0.01698433250134044
191,5,32,33,0.06653225806451613,0.5,19,0.01545062762038873,0.015195764486501026
191,5,32,33,0.06653225806451613,1.0,1,0.9814781296381567,0.9735149688046311
191,5,32,33,0.06653225806451613,1.0,3,0.30806842500172854,0.3035184702163629
191,5,32,33,0.06653225806451613,1.0,5,0.18406218900396676,0.18119942906230277
191,5,32,33,0.06653225806451613,1.0,7,0.13131380051136324,0.1292295320816378
191,5,32,33,0.06653225806451613,1.0,9,0.10208041157334709,0.10044104033573892
191,5,32,33,0.06653225806451613,1.0,11,0.08349796902361004,0.08214659092945074
191,5,32,33,0.06653225806451613,1.0,13,0.07064096042520893,0.06949133051640732
191,5,32,33,0.06653225806451613,1.0,15,0.061215944475470706,0.060215560355234655
191,5,32,33,0.06653225806451613,1.0,17,0.054010313720283296,0.053124830076484074
191,5,32,33,0.06653225806451613,1.0,19,0.04832260828280255,0.04752832320817548
192,5,32,33,0.06653225806451613,0.1,1,0.012794773946541882,0.012980290732501218
192,5,32,33,0.06653225806451613,0.1,3,0.0042612541967748585,0.004315113630449146
192,5,32,33,0.06653225806451613,0.1,5,0.002556568901365902,0.0025880044747364837
192,5,32,33,0.06653225806451613,0.1,7,0.0018260830871313677,0.0018482743871897616
192,5,32,33,0.06653225806451613,0.1,9,0.0014202743761036172,0.001437422185962637
192,5,32,33,0.06653225806451613,0.1,11,0.0011620373224075367,0.0011760094262225403
192,5,32,33,0.06653225806451613,0.1,13,0.0009832596570636411,0.0009950484465717957
192,5,32,33,0.06653225806451613,0.1,15,0.0008521568567243784,0.0008623524290163553
192,5,32,33,0.06653225806451613,0.1,17,0.0007519021882183807,0.0007608838957362856
192,5,32,33,0.06653225806451613,0.1,19,0.000672753993930133,0.0006807801185553795
192,5,32,33,0.06653225806451613,0.5,1,0.30091682467047537,0.30840448493189376
192,5,32,33,0.06653225806451613,0.5,3,0.09839523141817777,0.09993930578479243
192,5,32,33,0.06653225806451613,0.5,5,0.05894794004540008,0.059760804374732836
192,5,32,33,0.06653225806451613,0.5,7,0.04208803139404917,0.0426367179060714
192,5,32,33,0.06653225806451613,0.5,9,0.03272945679122589,0.03314311231606698
192,5,32,33,0.06653225806451613,0.5,11,0.026776280785899498,0.02710813521733137
192,5,32,33,0.06653225806451613,0.5,13,0.022655694984514516,0.0229327266890481
192,5,32,33,0.06653225806451613,0.5,15,0.01963430236183177,0.01987204466683868
192,5,32,33,0.06653225806451613,0.5,17,0.017324008856554895,0.017532216736938125
192,5,32,33,0.06653225806451613,0.5,19,0.0155001920132099,0.015685390296852984
192,5,32,33,0.06653225806451613,1.0,1,0.9918482834842187,1.0194356876782713
192,5,32,33,0.06653225806451613,1.0,3,0.3132316629913428,0.3179426458763195
192,5,32,33,0.06653225806451613,1.0,5,0.187069101680183,0.1893305692863912
192,5,32,33,0.06653225806451613,1.0,7,0.1334478881618598,0.13493033303462584
192,5,32,33,0.06653225806451613,1.0,9,0.10373687441551932,0.10484093280484019
192,5,32,33,0.06653225806451613,1.0,11,0.08485220715083187,0.08573262522993631
192,5,32,33,0.06653225806451613,1.0,13,0.07178649828315609,0.0725190484308035
192,5,32,33,0.06653225806451613,1.0,15,0.06220862952250385,0.06283606272867806
192,5,32,33,0.06653225806451613,1.0,17,0.05488618956643721,0.05543501099650844
192,5,32,33,0.06653225806451613,1.0,19,0.04910629969136401,0.049594086634080714
193,5,32,33,0.06653225806451613,0.1,1,0.012461046887564001,0.012239195953485688
193,5,32,33,0.06653225806451613,0.1,3,0.004149833491315462,0.0040721161911563665
193,5,32,33,0.06653225806451613,0.1,5,0.002489709567108075,0.002442742442682063
193,5,32,33,0.06653225806451613,0.1,7,0.0017783253802944063,0.001744683045204874
193,5,32,33,0.06653225806451613,0.1,9,0.0013831292616924104,0.0013569239833998987
193,5,32,33,0.06653225806451613,0.1,11,0.0011316458111360877,0.0011101853538771748
193,5,32,33,0.06653225806451613,0.1,13,0.0009575437568935073,0.0009393735329068919
193,5,32,33,0.06653225806451613,0.1,15,0.0008298697509784977,0.0008141150879111622
193,5,32,33,0.06653225806451613,0.1,17,0.0007322371059581878,0.0007183311654705436
193,5,32,33,0.06653225806451613,0.1,19,0.0006551589313229331,0.0006427134326726104
193,5,32,33,0.06653225806451613,0.5,1,0.2914466742347786,0.28878132367806886
193,5,32,33,0.06653225806451613,0.5,3,0.09509216444284496,0.09331045155886021
193,5,32,33,0.06653225806451613,0.5,5,0.05695874808222298,0.05584719754743421
193,5,32,33,0.06653225806451613,0.5,7,0.04066575568905587,0.0398635297751582
193,5,32,33,0.06653225806451613,0.5,9,0.03162278465018598,0.03099576390299816
193,5,32,33,0.06653225806451613,0.5,11,0.02587063010460355,0.02535609489054229
193,5,32,33,0.06653225806451613,0.5,13,0.021889280577255154,0.02145302938130736
193,5,32,33,0.06653225806451613,0.5,15,0.018970024288049767,0.018591385398460183
193,5,32,33,0.06653225806451613,0.5,17,0.01673784981628767,0.016403381807847898
193,5,32,33,0.06653225806451613,0.5,19,0.01497571393360821,0.014676187262539594
193,5,32,33,0.06653225806451613,1.0,1,0.9535886329405415,0.9657843203095381
193,5,32,33,0.06653225806451613,1.0,3,0.3098841249871222,0.310427977433985
193,5,32,33,0.06653225806451613,1.0,5,0.18538162562297103,0.18572849211495115
193,5,32,33,0.06653225806451613,1.0,7,0.1323032212890072,0.13255486891273288
193,5,32,33,0.06653225806451613,1.0,9,0.10286613291925596,0.10306303239719752
193,5,32,33,0.06653225806451613,1.0,11,0.08414803945947004,0.08430959573068805
193,5,32,33,0.06653225806451613,1.0,13,0.07119477897168391,0.07133168827757115
193,5,32,33,0.06653225806451613,1.0,15,0.06169810110494941,0.061816860941350145
193,5,32,33,0.06653225806451613,1.0,17,0.05443711219047468,0.05454195755669449
193,5,32,33,0.06653225806451613,1.0,19,0.04870538787306527,0.048799229847231645
194,5,32,33,0.06653225806451613,0.1,1,0.013461107296166563,0.01356686303371275
194,5,32,33,0.06653225806451613,0.1,3,0.004480158052948976,0.00451085394552857
194,5,32,33,0.06653225806451613,0.1,5,0.00268766586325524,0.0027055202281975436
194,5,32,33,0.06653225806451613,0.1,7,0.0019196587555169403,0.0019322407587714862
194,5,32,33,0.06653225806451613,0.1,9,0.0014930293870162193,0.0015027418622195724
194,5,32,33,0.06653225806451613,0.1,11,0.0012215511957723618,0.0012294596322955781
194,5,32,33,0.06653225806451613,0.1,13,0.0010336101993466127,0.0010402796773753818
194,5,32,33,0.06653225806451613,0.1,15,0.0008957894287649852,0.0009015555155517374
194,5,32,33,0.06653225806451613,0.1,17,0.0007903984904956437,0.0007954766975288562
194,5,32,33,0.06653225806451613,0.1,19,0.0007071959459201347,0.0007117328915077779
194,5,32,33,0.06653225806451613,0.5,1,0.31419570443292394,0.31821223808286325
194,5,32,33,0.06653225806451613,0.5,3,0.10143891009510964,0.10280537313630242
194,5,32,33,0.06653225806451613,0.5,5,0.060698031809458576,0.061433820976932126
194,5,32,33,0.06653225806451613,0.5,7,0.04332130354696502,0.043816677959134034
194,5,32,33,0.06653225806451613,0.5,9,0.033682690890656154,0.03405425802848154
194,5,32,33,0.06653225806451613,0.5,11,0.02755347091971588,0.027850169648076323
194,5,32,33,0.06653225806451613,0.5,13,0.023311865515933367,0.023558583062260916
194,5,32,33,0.06653225806451613,0.5,15,0.020202126374137003,0.02041317293733818
194,5,32,33,0.06653225806451613,0.5,17,0.01782448463102943,0.018008820897416403
194,5,32,33,0.06653225806451613,0.5,19,0.015947618830818286,0.016111218254171677
194,5,32,33,0.06653225806451613,1.0,1,1.0145641689643234,1.0241213190902028
194,5,32,33,0.06653225806451613,1.0,3,0.31148214972939875,0.3186983198507766
194,5,32,33,0.06653225806451613,1.0,5,0.18579988123793542,0.18897721533107112
194,5,32,33,0.06653225806451613,1.0,7,0.1324852988963586,0.13432268251997107
194,5,32,33,0.06653225806451613,1.0,9,0.10296468753732368,0.10419400227248918
194,5,32,33,0.06653225806451613,1.0,11,0.08420823484437215,0.085106549641342
194,5,32,33,0.06653225806451613,1.0,13,0.07123445593099968,0.071930383715162
194,5,32,33,0.06653225806451613,1.0,15,0.06172564381531449,0.062287479549648125
194,5,32,33,0.06653225806451613,1.0,17,0.054456949492680734,0.05492457830985354
194,5,32,33,0.06653225806451613,1.0,19,0.04872006535165248,0.04911848995270626
195,5,32,33,0.06653225806451613,0.1,1,0.012511247378060562,0.012514854392430049
195,5,32,33,0.06653225806451613,0.1,3,0.0041666590508532535,0.0041668186527500746
195,5,32,33,0.06653225806451613,0.1,5,0.00249981524495499,0.0024998601668170025
195,5,32,33,0.06653225806451613,0.1,7,0.0017855468611690072,0.0017855689284971147
195,5,32,33,0.06653225806451613,0.1,9,0.0013887473213290607,0.001388761276300876
195,5,32,33,0.06653225806451613,0.1,11,0.0011362431082981236,0.001136253196898759
195,5,32,33,0.06653225806451613,0.1,13,0.0009614341889168446,0.0009614420785272556
195,5,32,33,0.06653225806451613,0.1,15,0.0008332417199857345,0.000833248205880894
195,5,32,33,0.06653225806451613,0.1,17,0.0007352125489198605,0.0007352180643357063
195,5,32,33,0.06653225806451613,0.1,19,0.000657821294173179,0.0006578260988599783
195,5,32,33,0.06653225806451613,0.5,1,0.29299423817871195,0.2947967843324246
195,5,32,33,0.06653225806451613,0.5,3,0.09555399282519592,0.0956562077437312
195,5,32,33,0.06653225806451613,0.5,5,0.05723439812389695,0.05726329044671616
195,5,32,33,0.06653225806451613,0.5,7,0.04086250663810804,0.04087657218252309
195,5,32,33,0.06653225806451613,0.5,9,0.03177581003643324,0.031784627669983856
195,5,32,33,0.06653225806451613,0.5,11,0.02599584868779269,0.02600218073011505
195,5,32,33,0.06653225806451613,0.5,13,0.02199525094361264,0.022000178513041986
195,5,32,33,0.06653225806451613,0.5,15,0.019061878637449,0.019065914926538453
195,5,32,33,0.06653225806451613,0.5,17,0.016818908348225563,0.016822331523543448
195,5,32,33,0.06653225806451613,0.5,19,0.015048248316259083,0.01505122437301122
195,5,32,33,0.06653225806451613,1.0,1,0.9573050681757734,0.9754316246364851
195,5,32,33,0.06653225806451613,1.0,3,0.30320563745885254,0.30425013443478627
195,5,32,33,0.06653225806451613,1.0,5,0.18146433445402974,0.1818909207571989
195,5,32,33,0.06653225806451613,1.0,7,0.12952858458946956,0.12979915200384234
195,5,32,33,0.06653225806451613,1.0,9,0.10071615731459876,0.10091614212168752
195,5,32,33,0.06653225806451613,1.0,11,0.08239243012501368,0.08255180632133782
195,5,32,33,0.06653225806451613,1.0,13,0.06971098363527811,0.06984379427660434
195,5,32,33,0.06653225806451613,1.0,15,0.06041309461680563,0.06052709133686319
195,5,32,33,0.06653225806451613,1.0,17,0.053303849500535544,0.05340378529414583
195,5,32,33,0.06653225806451613,1.0,19,0.047691775035664706,0.04778078485355774
196,5,32,33,0.06653225806451613,0.1,1,0.013727862417273768,0.013449678903446094
196,5,32,33,0.06653225806451613,0.1,3,0.004573025427762328,0.004477280653303632
196,5,32,33,0.06653225806451613,0.1,5,0.0027436540074569147,0.0026858941187485287
196,5,32,33,0.06653225806451613,0.1,7,0.001959717296356668,0.001918367956543258
196,5,32,33,0.06653225806451613,0.1,9,0.0015242119755631246,0.0014920122193268868
196,5,32,33,0.06653225806451613,0.1,11,0.0012470768168295974,0.0012207113904000096
196,5,32,33,0.06653225806451613,0.1,13,0.0010552158268455735,0.0010328948871532097
196,5,32,33,0.06653225806451613,0.1,15,0.000914518611933298,0.0008951663784155992
196,5,32,33,0.06653225806451613,0.1,17,0.000806927065797056,0.000789846578628363
196,5,32,33,0.06653225806451613,0.1,19,0.0007219866231992882,0.000706700569761781
196,5,32,33,0.06653225806451613,0.5,1,0.3185730350554936,0.3140300144304227
196,5,32,33,0.06653225806451613,0.5,3,0.10479703471428042,0.10261308575572846
196,5,32,33,0.06653225806451613,0.5,5,0.06281443054111396,0.06146242251060569
196,5,32,33,0.06653225806451613,0.5,7,0.0448547812502019,0.04387911293676612
196,5,32,33,0.06653225806451613,0.5,9,0.03488294103704226,0.034120342513407224
196,5,32,33,0.06653225806451613,0.5,11,0.028538860138879817,0.027913132427935347
196,5,32,33,0.06653225806451613,0.5,13,0.024147412568605742,0.023616969741211594
196,5,32,33,0.06653225806451613,0.5,15,0.020927286305075406,0.020466974407104502
196,5,32,33,0.06653225806451613,0.5,17,0.018464970532581674,0.01805842604096979
196,5,32,33,0.06653225806451613,0.5,19,0.016521109802453575,0.016157094011777947
196,5,32,33,0.06653225806451613,1.0,1,1.013352825221086,1.021207622509016
196,5,32,33,0.06653225806451613,1.0,3,0.3281559324484134,0.32357971901583366
196,5,32,33,0.06653225806451613,1.0,5,0.19638921409224067,0.19303545793553414
196,5,32,33,0.06653225806451613,1.0,7,0.14017635504912032,0.13759444905481613
196,5,32,33,0.06653225806451613,1.0,9,0.10899258746873333,0.10690406299335502
196,5,32,33,0.06653225806451613,1.0,11,0.089161477286957,0.08741098041918631
196,5,32,33,0.06653225806451613,1.0,13,0.0754371695234328,0.07393163660416617
196,5,32,33,0.06653225806451613,1.0,15,0.06537487201116177,0.06405465579002072
196,5,32,33,0.06653225806451613,1.0,17,0.05768127750475055,0.05650600564619896
196,5,32,33,0.06653225806451613,1.0,19,0.05160799369561631,0.05054912440333629
197,5,32,33,0.06653225806451613,0.1,1,0.01484815927611352,0.014811907993181881
197,5,32,33,0.06653225806451613,0.1,3,0.00494043012189899,0.004926972454120796
197,5,32,33,0.06653225806451613,0.1,5,0.002963518114897069,0.002955257223628044
197,5,32,33,0.06653225806451613,0.1,7,0.0021165964072278687,0.002110637055067112
197,5,32,33,0.06653225806451613,0.1,9,0.0016461591482176314,0.0016414983794599645
197,5,32,33,0.06653225806451613,0.1,11,0.001346816016073082,0.0013429891637629125
197,5,32,33,0.06653225806451613,0.1,13,0.0011395898326350875,0.0011363437797394633
197,5,32,33,0.06653225806451613,0.1,15,0.0009876297047658376,0.000984811389512478
197,5,32,33,0.06653225806451613,0.1,17,0.0008714281072989272,0.000868937928621896
197,5,32,33,0.06653225806451613,0.1,19,0.0007796919339485508,0.0007774614513951627
197,5,32,33,0.06653225806451613,0.5,1,0.3440824789881736,0.34316856870944096
197,5,32,33,0.06653225806451613,0.5,3,0.11178735973696584,0.11144533349349942
197,5,32,33,0.06653225806451613,0.5,5,0.0669046128982289,0.0666933398526401
197,5,32,33,0.06653225806451613,0.5,7,0.04775001240765349,0.04759648931737331
197,5,32,33,0.06653225806451613,0.5,9,0.03712451135247341,0.03700379913177917
197,5,32,33,0.06653225806451613,0.5,11,0.030367854875530564,0.030268354042297538
197,5,32,33,0.06653225806451613,0.5,13,0.02569221237151794,0.025607565524200095
197,5,32,33,0.06653225806451613,0.5,15,0.02226438375780637,0.02219072437058917
197,5,32,33,0.06653225806451613,0.5,17,0.019643624716967317,0.019578424251732625
197,5,32,33,0.06653225806451613,0.5,19,0.017574907348863297,0.01751642102645574
197,5,32,33,0.06653225806451613,1.0,1,1.083969822892501,1.075638194208637
197,5,32,33,0.06653225806451613,1.0,3,0.34242508387766357,0.3389252634700857
197,5,32,33,0.06653225806451613,1.0,5,0.20460714763947815,0.20263005946255705
197,5,32,33,0.06653225806451613,1.0,7,0.14596224104781824,0.14458904019126295
197,5,32,33,0.06653225806451613,1.0,9,0.11345928782381504,0.1124079578078718
197,5,32,33,0.06653225806451613,1.0,11,0.09279939044424011,0.09194781369753775
197,5,32,33,0.06653225806451613,1.0,13,0.0785059100432906,0.07779033253083723
197,5,32,33,0.06653225806451613,1.0,15,0.06802852775150318,0.0674115031242792
197,5,32,33,0.06653225806451613,1.0,17,0.06001880047296293,0.05947647227119798
197,5,32,33,0.06653225806451613,1.0,19,0.053696710112512605,0.05321294735817466
198,5,32,33,0.06653225806451613,0.1,1,0.012337496496409741,0.012384419904202141
198,5,32,33,0.06653225806451613,0.1,3,0.004107847082876693,0.0041243356200672855
198,5,32,33,0.06653225806451613,0.1,5,0.002464422060419652,0.002474380525685555
198,5,32,33,0.06653225806451613,0.1,7,0.0017602336867559595,0.0017673641870509162
198,5,32,33,0.06653225806451613,0.1,9,0.0013690453530591925,0.001374598233006937
198,5,32,33,0.06653225806451613,0.1,11,0.001120116063917412,0.0011246627742508846
198,5,32,33,0.06653225806451613,0.1,13,0.0009477839830056011,0.0009516331534140586
198,5,32,33,0.06653225806451613,0.1,15,0.0008214088447883974,0.0008247460054470091
198,5,32,33,0.06653225806451613,0.1,17,0.0007247699577796715,0.0007277153151849343
198,5,32,33,0.06653225806451613,0.1,19,0.0006484766387089416,0.0006511125183548161
198,5,32,33,0.06653225806451613,0.5,1,0.2890369313588726,0.2905168894152901
198,5,32,33,0.06653225806451613,0.5,3,0.0940787511737321,0.09500929641870746
198,5,32,33,0.06653225806451613,0.5,5,0.056331705517447775,0.056918801776547075
198,5,32,33,0.06653225806451613,0.5,7,0.04021286326435688,0.04063911380928846
198,5,32,33,0.06653225806451613,0.5,9,0.03126854290173424,0.031602661352273534
198,5,32,33,0.06653225806451613,0.5,11,0.025579811353761236,0.02585441055248253
198,5,32,33,0.06653225806451613,0.5,13,0.021642646809209444,0.021875674216019762
198,5,32,33,0.06653225806451613,0.5,15,0.018755930652096388,0.018958295470664924
198,5,32,33,0.06653225806451613,0.5,17,0.016548715965507416,0.016727537788669367
198,5,32,33,0.06653225806451613,0.5,19,0.014806330623010745,0.014966510275764797
198,5,32,33,0.06653225806451613,1.0,1,0.943629545858403,0.9566863022468912
198,5,32,33,0.06653225806451613,1.0,3,0.2928112453183901,0.30090817601964165
198,5,32,33,0.06653225806451613,1.0,5,0.17511067209655604,0.17959706420831592
198,5,32,33,0.06653225806451613,1.0,7,0.12496958611165325,0.12809311745027765
198,5,32,33,0.06653225806451613,1.0,9,0.09716292380810224,0.09956509457315069
198,5,32,33,0.06653225806451613,1.0,11,0.07948174013901962,0.0814354179114819
198,5,32,33,0.06653225806451613,1.0,13,0.0672461382741361,0.06889333218153083
198,5,32,33,0.06653225806451613,1.0,15,0.05827568893063742,0.05969992887553482
198,5,32,33,0.06653225806451613,1.0,17,0.051417104626329216,0.052671760035136114
198,5,32,33,0.06653225806451613,1.0,19,0.046003078153888356,0.04712435275173865
199,5,32,33,0.06653225806451613,0.1,1,0.016044984127100873,0.015028045310540033
199,5,32,33,0.06653225806451613,0.1,3,0.005345385779038301,0.005005818401350463
199,5,32,33,0.06653225806451613,0.1,5,0.0032070905547349152,0.003003321768715098
199,5,32,33,0.06653225806451613,0.1,7,0.0022907512428942275,0.002145196526382889
199,5,32,33,0.06653225806451613,0.1,9,0.0017816865377566315,0.001668475526360512
199,5,32,33,0.06653225806451613,0.1,11,0.0014577398559748908,0.001365111924493124
199,5,32,33,0.06653225806451613,0.1,13,0.0012334703974045522,0.00115509255661761
199,5,32,33,0.06653225806451613,0.1,15,0.0010690067053004022,0.0010010790473551417
199,5,32,33,0.06653225806451613,0.1,17,0.0009432406371185445,0.0008833043528395429
199,5,32,33,0.06653225806451613,0.1,19,0.0008439517892444787,0.0007903245150218613
199,5,32,33,0.06653225806451613,0.5,1,0.36935660956449823,0.3458946197805043
199,5,32,33,0.06653225806451613,0.5,3,0.12161093811170073,0.11339160443251836
199,5,32,33,0.06653225806451613,0.5,5,0.07289794966887414,0.06794494918645372
199,5,32,33,0.06653225806451613,0.5,7,0.05205652627313889,0.048514415032217297
199,5,32,33,0.06653225806451613,0.5,9,0.04048411453066991,0.03772777346999781
199,5,32,33,0.06653225806451613,0.5,11,0.03312158883210017,0.030865834337183
199,5,32,33,0.06653225806451613,0.5,13,0.028025094979871663,0.026116103819842963
199,5,32,33,0.06653225806451613,0.5,15,0.024287945505601875,0.022633336460536075
199,5,32,33,0.06653225806451613,0.5,17,0.021430262949297004,0.019970225291278232
199,5,32,33,0.06653225806451613,0.5,19,0.019174271903653842,0.01786786688747489
199,5,32,33,0.06653225806451613,1.0,1,1.144512071885521,1.0734877619817154
199,5,32,33,0.06653225806451613,1.0,3,0.37206078415907656,0.34118385291213416
199,5,32,33,0.06653225806451613,1.0,5,0.22283540935633236,0.2037933409301674
199,5,32,33,0.06653225806451613,1.0,7,0.1590900592201174,0.14538320303899877
199,5,32,33,0.06653225806451613,1.0,9,0.12371179854816873,0.11301679542179549
199,5,32,33,0.06653225806451613,1.0,11,0.10120844031240377,0.09244378323117093
199,5,32,33,0.06653225806451613,1.0,13,0.08563290021602235,0.07820972298014503
199,5,32,33,0.06653225806451613,1.0,15,0.07421245674738235,0.06777526291201268
199,5,32,33,0.06653225806451613,1.0,17,0.06547997395771833,0.05979786956062814
199,5,32,33,0.06653225806451613,1.0,19,0.05858633805862437,0.05350095149507933
