[2025-12-04 13:52:20] 

Starting analysis with:
[2025-12-04 13:52:20] Script location: F:\UTK\Research\DOE_FOA_project\code\dyn-CTQW\analysis
[2025-12-04 13:52:20] Number of qubits: 5
[2025-12-04 13:52:20] Number of vertices: 32
[2025-12-04 13:52:20] Delta t: 0.1
[2025-12-04 13:52:20] Matching algorithm: automatic (bipartite/greedy)
[2025-12-04 13:52:20] Graph type: counting
[2025-12-04 13:52:20] Input file: analysis\graphs\connected\200graph_counting_32v.g6
[2025-12-04 13:52:20] Output directory: F:\UTK\Research\DOE_FOA_project\code\dyn-CTQW\analysis\outputs\matching_vs_pauli\connected_32v\counting_32v\20251204_135220
[2025-12-04 13:52:20] Checkpoint interval: 50
[2025-12-04 13:52:20] Parsed graph info: {'num_graphs': 200, 'size': 'counting', 'vertices': '32', 'type': 'v'}
[2025-12-04 13:52:20] Found 200 graphs in file
[2025-12-04 13:52:20] 
Processing graph 0/200
[2025-12-04 13:52:20] Graph 0 has 32 nodes and 31 edges
[2025-12-04 13:52:20] Converted to 31 bitstring edges
[2025-12-04 13:52:20] Computing Matchings Dynamic walk
[2025-12-04 13:52:20] Matchings - CX: 65.0, U3: 64.0, Depth: 95.0
[2025-12-04 13:52:20] Computing Pauli decomposition
[2025-12-04 13:52:20] Pauli - CX: 124.0, U3: 172.0, Depth: 205.0
[2025-12-04 13:52:20] Analysis completed in 0.17s - Category: win
[2025-12-04 13:52:20] Successfully processed graph 0 - Category: win - Time: 0.17s
[2025-12-04 13:52:20] 
Processing graph 1/200
[2025-12-04 13:52:20] Graph 1 has 32 nodes and 32 edges
[2025-12-04 13:52:20] Converted to 32 bitstring edges
[2025-12-04 13:52:20] Computing Matchings Dynamic walk
[2025-12-04 13:52:20] Matchings - CX: 95.0, U3: 90.0, Depth: 135.0
[2025-12-04 13:52:20] Computing Pauli decomposition
[2025-12-04 13:52:20] Pauli - CX: 180.0, U3: 242.0, Depth: 297.0
[2025-12-04 13:52:20] Analysis completed in 0.12s - Category: win
[2025-12-04 13:52:20] Successfully processed graph 1 - Category: win - Time: 0.12s
[2025-12-04 13:52:20] 
Processing graph 2/200
[2025-12-04 13:52:20] Graph 2 has 32 nodes and 32 edges
[2025-12-04 13:52:20] Converted to 32 bitstring edges
[2025-12-04 13:52:20] Computing Matchings Dynamic walk
[2025-12-04 13:52:20] Matchings - CX: 93.0, U3: 90.0, Depth: 133.0
[2025-12-04 13:52:20] Computing Pauli decomposition
[2025-12-04 13:52:20] Pauli - CX: 184.0, U3: 219.0, Depth: 291.0
[2025-12-04 13:52:20] Analysis completed in 0.13s - Category: win
[2025-12-04 13:52:20] Successfully processed graph 2 - Category: win - Time: 0.13s
[2025-12-04 13:52:20] 
Processing graph 3/200
[2025-12-04 13:52:20] Graph 3 has 32 nodes and 32 edges
[2025-12-04 13:52:20] Converted to 32 bitstring edges
[2025-12-04 13:52:20] Computing Matchings Dynamic walk
[2025-12-04 13:52:20] Matchings - CX: 91.0, U3: 93.0, Depth: 131.0
[2025-12-04 13:52:20] Computing Pauli decomposition
[2025-12-04 13:52:21] Pauli - CX: 164.0, U3: 213.0, Depth: 266.0
[2025-12-04 13:52:21] Analysis completed in 0.12s - Category: win
[2025-12-04 13:52:21] Successfully processed graph 3 - Category: win - Time: 0.12s
[2025-12-04 13:52:21] 
Processing graph 4/200
[2025-12-04 13:52:21] Graph 4 has 32 nodes and 32 edges
[2025-12-04 13:52:21] Converted to 32 bitstring edges
[2025-12-04 13:52:21] Computing Matchings Dynamic walk
[2025-12-04 13:52:21] Matchings - CX: 87.0, U3: 92.0, Depth: 127.0
[2025-12-04 13:52:21] Computing Pauli decomposition
[2025-12-04 13:52:21] Pauli - CX: 152.0, U3: 206.0, Depth: 254.0
[2025-12-04 13:52:21] Analysis completed in 0.13s - Category: win
[2025-12-04 13:52:21] Successfully processed graph 4 - Category: win - Time: 0.13s
[2025-12-04 13:52:21] 
Processing graph 5/200
[2025-12-04 13:52:21] Graph 5 has 32 nodes and 32 edges
[2025-12-04 13:52:21] Converted to 32 bitstring edges
[2025-12-04 13:52:21] Computing Matchings Dynamic walk
[2025-12-04 13:52:21] Matchings - CX: 91.0, U3: 91.0, Depth: 129.0
[2025-12-04 13:52:21] Computing Pauli decomposition
[2025-12-04 13:52:21] Pauli - CX: 159.0, U3: 221.0, Depth: 264.0
[2025-12-04 13:52:21] Analysis completed in 0.13s - Category: win
[2025-12-04 13:52:21] Successfully processed graph 5 - Category: win - Time: 0.13s
[2025-12-04 13:52:21] 
Processing graph 6/200
[2025-12-04 13:52:21] Graph 6 has 32 nodes and 32 edges
[2025-12-04 13:52:21] Converted to 32 bitstring edges
[2025-12-04 13:52:21] Computing Matchings Dynamic walk
[2025-12-04 13:52:21] Matchings - CX: 151.0, U3: 149.0, Depth: 212.0
[2025-12-04 13:52:21] Computing Pauli decomposition
[2025-12-04 13:52:21] Pauli - CX: 188.0, U3: 247.0, Depth: 302.0
[2025-12-04 13:52:21] Analysis completed in 0.14s - Category: win
[2025-12-04 13:52:21] Successfully processed graph 6 - Category: win - Time: 0.14s
[2025-12-04 13:52:21] 
Processing graph 7/200
[2025-12-04 13:52:21] Graph 7 has 32 nodes and 32 edges
[2025-12-04 13:52:21] Converted to 32 bitstring edges
[2025-12-04 13:52:21] Computing Matchings Dynamic walk
[2025-12-04 13:52:21] Matchings - CX: 134.0, U3: 133.0, Depth: 193.0
[2025-12-04 13:52:21] Computing Pauli decomposition
[2025-12-04 13:52:21] Pauli - CX: 187.0, U3: 245.0, Depth: 305.0
[2025-12-04 13:52:21] Analysis completed in 0.13s - Category: win
[2025-12-04 13:52:21] Successfully processed graph 7 - Category: win - Time: 0.13s
[2025-12-04 13:52:21] 
Processing graph 8/200
[2025-12-04 13:52:21] Graph 8 has 32 nodes and 32 edges
[2025-12-04 13:52:21] Converted to 32 bitstring edges
[2025-12-04 13:52:21] Computing Matchings Dynamic walk
[2025-12-04 13:52:21] Matchings - CX: 95.0, U3: 90.0, Depth: 135.0
[2025-12-04 13:52:21] Computing Pauli decomposition
[2025-12-04 13:52:21] Pauli - CX: 140.0, U3: 200.0, Depth: 237.0
[2025-12-04 13:52:21] Analysis completed in 0.13s - Category: win
[2025-12-04 13:52:21] Successfully processed graph 8 - Category: win - Time: 0.13s
[2025-12-04 13:52:21] 
Processing graph 9/200
[2025-12-04 13:52:21] Graph 9 has 32 nodes and 32 edges
[2025-12-04 13:52:21] Converted to 32 bitstring edges
[2025-12-04 13:52:21] Computing Matchings Dynamic walk
[2025-12-04 13:52:21] Matchings - CX: 93.0, U3: 90.0, Depth: 133.0
[2025-12-04 13:52:21] Computing Pauli decomposition
[2025-12-04 13:52:21] Pauli - CX: 184.0, U3: 219.0, Depth: 291.0
[2025-12-04 13:52:21] Analysis completed in 0.13s - Category: win
[2025-12-04 13:52:21] Successfully processed graph 9 - Category: win - Time: 0.13s
[2025-12-04 13:52:21] 
Processing graph 10/200
[2025-12-04 13:52:21] Graph 10 has 32 nodes and 32 edges
[2025-12-04 13:52:21] Converted to 32 bitstring edges
[2025-12-04 13:52:21] Computing Matchings Dynamic walk
[2025-12-04 13:52:21] Matchings - CX: 93.0, U3: 93.0, Depth: 134.0
[2025-12-04 13:52:21] Computing Pauli decomposition
[2025-12-04 13:52:21] Pauli - CX: 165.0, U3: 211.0, Depth: 269.0
[2025-12-04 13:52:21] Analysis completed in 0.12s - Category: win
[2025-12-04 13:52:21] Successfully processed graph 10 - Category: win - Time: 0.12s
[2025-12-04 13:52:21] 
Processing graph 11/200
[2025-12-04 13:52:21] Graph 11 has 32 nodes and 32 edges
[2025-12-04 13:52:21] Converted to 32 bitstring edges
[2025-12-04 13:52:21] Computing Matchings Dynamic walk
[2025-12-04 13:52:21] Matchings - CX: 91.0, U3: 92.0, Depth: 130.0
[2025-12-04 13:52:21] Computing Pauli decomposition
[2025-12-04 13:52:22] Pauli - CX: 155.0, U3: 209.0, Depth: 258.0
[2025-12-04 13:52:22] Analysis completed in 0.13s - Category: win
[2025-12-04 13:52:22] Successfully processed graph 11 - Category: win - Time: 0.13s
[2025-12-04 13:52:22] 
Processing graph 12/200
[2025-12-04 13:52:22] Graph 12 has 32 nodes and 32 edges
[2025-12-04 13:52:22] Converted to 32 bitstring edges
[2025-12-04 13:52:22] Computing Matchings Dynamic walk
[2025-12-04 13:52:22] Matchings - CX: 91.0, U3: 94.0, Depth: 130.0
[2025-12-04 13:52:22] Computing Pauli decomposition
[2025-12-04 13:52:22] Pauli - CX: 147.0, U3: 207.0, Depth: 247.0
[2025-12-04 13:52:22] Analysis completed in 0.13s - Category: win
[2025-12-04 13:52:22] Successfully processed graph 12 - Category: win - Time: 0.13s
[2025-12-04 13:52:22] 
Processing graph 13/200
[2025-12-04 13:52:22] Graph 13 has 32 nodes and 32 edges
[2025-12-04 13:52:22] Converted to 32 bitstring edges
[2025-12-04 13:52:22] Computing Matchings Dynamic walk
[2025-12-04 13:52:22] Matchings - CX: 89.0, U3: 91.0, Depth: 129.0
[2025-12-04 13:52:22] Computing Pauli decomposition
[2025-12-04 13:52:22] Pauli - CX: 161.0, U3: 220.0, Depth: 265.0
[2025-12-04 13:52:22] Analysis completed in 0.12s - Category: win
[2025-12-04 13:52:22] Successfully processed graph 13 - Category: win - Time: 0.12s
[2025-12-04 13:52:22] 
Processing graph 14/200
[2025-12-04 13:52:22] Graph 14 has 32 nodes and 32 edges
[2025-12-04 13:52:22] Converted to 32 bitstring edges
[2025-12-04 13:52:22] Computing Matchings Dynamic walk
[2025-12-04 13:52:22] Matchings - CX: 200.0, U3: 195.0, Depth: 281.0
[2025-12-04 13:52:22] Computing Pauli decomposition
[2025-12-04 13:52:22] Pauli - CX: 132.0, U3: 196.0, Depth: 224.0
[2025-12-04 13:52:22] Analysis completed in 0.13s - Category: lose
[2025-12-04 13:52:22] Successfully processed graph 14 - Category: lose - Time: 0.13s
[2025-12-04 13:52:22] 
Processing graph 15/200
[2025-12-04 13:52:22] Graph 15 has 32 nodes and 32 edges
[2025-12-04 13:52:22] Converted to 32 bitstring edges
[2025-12-04 13:52:22] Computing Matchings Dynamic walk
[2025-12-04 13:52:22] Matchings - CX: 195.0, U3: 204.0, Depth: 271.0
[2025-12-04 13:52:22] Computing Pauli decomposition
[2025-12-04 13:52:22] Pauli - CX: 162.0, U3: 216.0, Depth: 267.0
[2025-12-04 13:52:22] Analysis completed in 0.14s - Category: lose
[2025-12-04 13:52:22] Successfully processed graph 15 - Category: lose - Time: 0.14s
[2025-12-04 13:52:22] 
Processing graph 16/200
[2025-12-04 13:52:22] Graph 16 has 32 nodes and 32 edges
[2025-12-04 13:52:22] Converted to 32 bitstring edges
[2025-12-04 13:52:22] Computing Matchings Dynamic walk
[2025-12-04 13:52:22] Matchings - CX: 95.0, U3: 91.0, Depth: 136.0
[2025-12-04 13:52:22] Computing Pauli decomposition
[2025-12-04 13:52:22] Pauli - CX: 140.0, U3: 199.0, Depth: 237.0
[2025-12-04 13:52:22] Analysis completed in 0.13s - Category: win
[2025-12-04 13:52:22] Successfully processed graph 16 - Category: win - Time: 0.13s
[2025-12-04 13:52:22] 
Processing graph 17/200
[2025-12-04 13:52:22] Graph 17 has 32 nodes and 32 edges
[2025-12-04 13:52:22] Converted to 32 bitstring edges
[2025-12-04 13:52:22] Computing Matchings Dynamic walk
[2025-12-04 13:52:22] Matchings - CX: 87.0, U3: 91.0, Depth: 127.0
[2025-12-04 13:52:22] Computing Pauli decomposition
[2025-12-04 13:52:22] Pauli - CX: 152.0, U3: 202.0, Depth: 252.0
[2025-12-04 13:52:22] Analysis completed in 0.12s - Category: win
[2025-12-04 13:52:22] Successfully processed graph 17 - Category: win - Time: 0.12s
[2025-12-04 13:52:22] 
Processing graph 18/200
[2025-12-04 13:52:22] Graph 18 has 32 nodes and 32 edges
[2025-12-04 13:52:22] Converted to 32 bitstring edges
[2025-12-04 13:52:22] Computing Matchings Dynamic walk
[2025-12-04 13:52:22] Matchings - CX: 91.0, U3: 90.0, Depth: 130.0
[2025-12-04 13:52:22] Computing Pauli decomposition
[2025-12-04 13:52:23] Pauli - CX: 148.0, U3: 200.0, Depth: 248.0
[2025-12-04 13:52:23] Analysis completed in 0.13s - Category: win
[2025-12-04 13:52:23] Successfully processed graph 18 - Category: win - Time: 0.13s
[2025-12-04 13:52:23] 
Processing graph 19/200
[2025-12-04 13:52:23] Graph 19 has 32 nodes and 32 edges
[2025-12-04 13:52:23] Converted to 32 bitstring edges
[2025-12-04 13:52:23] Computing Matchings Dynamic walk
[2025-12-04 13:52:23] Matchings - CX: 93.0, U3: 92.0, Depth: 133.0
[2025-12-04 13:52:23] Computing Pauli decomposition
[2025-12-04 13:52:23] Pauli - CX: 165.0, U3: 211.0, Depth: 269.0
[2025-12-04 13:52:23] Analysis completed in 0.13s - Category: win
[2025-12-04 13:52:23] Successfully processed graph 19 - Category: win - Time: 0.13s
[2025-12-04 13:52:23] 
Processing graph 20/200
[2025-12-04 13:52:23] Graph 20 has 32 nodes and 32 edges
[2025-12-04 13:52:23] Converted to 32 bitstring edges
[2025-12-04 13:52:23] Computing Matchings Dynamic walk
[2025-12-04 13:52:23] Matchings - CX: 93.0, U3: 90.0, Depth: 133.0
[2025-12-04 13:52:23] Computing Pauli decomposition
[2025-12-04 13:52:23] Pauli - CX: 165.0, U3: 211.0, Depth: 269.0
[2025-12-04 13:52:23] Analysis completed in 0.12s - Category: win
[2025-12-04 13:52:23] Successfully processed graph 20 - Category: win - Time: 0.12s
[2025-12-04 13:52:23] 
Processing graph 21/200
[2025-12-04 13:52:23] Graph 21 has 32 nodes and 32 edges
[2025-12-04 13:52:23] Converted to 32 bitstring edges
[2025-12-04 13:52:23] Computing Matchings Dynamic walk
[2025-12-04 13:52:23] Matchings - CX: 89.0, U3: 92.0, Depth: 129.0
[2025-12-04 13:52:23] Computing Pauli decomposition
[2025-12-04 13:52:23] Pauli - CX: 160.0, U3: 200.0, Depth: 259.0
[2025-12-04 13:52:23] Analysis completed in 0.12s - Category: win
[2025-12-04 13:52:23] Successfully processed graph 21 - Category: win - Time: 0.12s
[2025-12-04 13:52:23] 
Processing graph 22/200
[2025-12-04 13:52:23] Graph 22 has 32 nodes and 32 edges
[2025-12-04 13:52:23] Converted to 32 bitstring edges
[2025-12-04 13:52:23] Computing Matchings Dynamic walk
[2025-12-04 13:52:23] Matchings - CX: 89.0, U3: 92.0, Depth: 128.0
[2025-12-04 13:52:23] Computing Pauli decomposition
[2025-12-04 13:52:23] Pauli - CX: 149.0, U3: 216.0, Depth: 252.0
[2025-12-04 13:52:23] Analysis completed in 0.13s - Category: win
[2025-12-04 13:52:23] Successfully processed graph 22 - Category: win - Time: 0.13s
[2025-12-04 13:52:23] 
Processing graph 23/200
[2025-12-04 13:52:23] Graph 23 has 32 nodes and 32 edges
[2025-12-04 13:52:23] Converted to 32 bitstring edges
[2025-12-04 13:52:23] Computing Matchings Dynamic walk
[2025-12-04 13:52:23] Matchings - CX: 89.0, U3: 95.0, Depth: 130.0
[2025-12-04 13:52:23] Computing Pauli decomposition
[2025-12-04 13:52:23] Pauli - CX: 152.0, U3: 203.0, Depth: 252.0
[2025-12-04 13:52:23] Analysis completed in 0.12s - Category: win
[2025-12-04 13:52:23] Successfully processed graph 23 - Category: win - Time: 0.12s
[2025-12-04 13:52:23] 
Processing graph 24/200
[2025-12-04 13:52:23] Graph 24 has 32 nodes and 32 edges
[2025-12-04 13:52:23] Converted to 32 bitstring edges
[2025-12-04 13:52:23] Computing Matchings Dynamic walk
[2025-12-04 13:52:23] Matchings - CX: 89.0, U3: 90.0, Depth: 128.0
[2025-12-04 13:52:23] Computing Pauli decomposition
[2025-12-04 13:52:23] Pauli - CX: 149.0, U3: 216.0, Depth: 252.0
[2025-12-04 13:52:23] Analysis completed in 0.12s - Category: win
[2025-12-04 13:52:23] Successfully processed graph 24 - Category: win - Time: 0.12s
[2025-12-04 13:52:23] 
Processing graph 25/200
[2025-12-04 13:52:23] Graph 25 has 32 nodes and 32 edges
[2025-12-04 13:52:23] Converted to 32 bitstring edges
[2025-12-04 13:52:23] Computing Matchings Dynamic walk
[2025-12-04 13:52:23] Matchings - CX: 89.0, U3: 91.0, Depth: 129.0
[2025-12-04 13:52:23] Computing Pauli decomposition
[2025-12-04 13:52:23] Pauli - CX: 149.0, U3: 216.0, Depth: 252.0
[2025-12-04 13:52:23] Analysis completed in 0.12s - Category: win
[2025-12-04 13:52:23] Successfully processed graph 25 - Category: win - Time: 0.12s
[2025-12-04 13:52:23] 
Processing graph 26/200
[2025-12-04 13:52:23] Graph 26 has 32 nodes and 32 edges
[2025-12-04 13:52:23] Converted to 32 bitstring edges
[2025-12-04 13:52:23] Computing Matchings Dynamic walk
[2025-12-04 13:52:23] Matchings - CX: 91.0, U3: 90.0, Depth: 130.0
[2025-12-04 13:52:23] Computing Pauli decomposition
[2025-12-04 13:52:24] Pauli - CX: 159.0, U3: 221.0, Depth: 264.0
[2025-12-04 13:52:24] Analysis completed in 0.12s - Category: win
[2025-12-04 13:52:24] Successfully processed graph 26 - Category: win - Time: 0.12s
[2025-12-04 13:52:24] 
Processing graph 27/200
[2025-12-04 13:52:24] Graph 27 has 32 nodes and 32 edges
[2025-12-04 13:52:24] Converted to 32 bitstring edges
[2025-12-04 13:52:24] Computing Matchings Dynamic walk
[2025-12-04 13:52:24] Matchings - CX: 89.0, U3: 92.0, Depth: 129.0
[2025-12-04 13:52:24] Computing Pauli decomposition
[2025-12-04 13:52:24] Pauli - CX: 181.0, U3: 237.0, Depth: 292.0
[2025-12-04 13:52:24] Analysis completed in 0.13s - Category: win
[2025-12-04 13:52:24] Successfully processed graph 27 - Category: win - Time: 0.13s
[2025-12-04 13:52:24] 
Processing graph 28/200
[2025-12-04 13:52:24] Graph 28 has 32 nodes and 32 edges
[2025-12-04 13:52:24] Converted to 32 bitstring edges
[2025-12-04 13:52:24] Computing Matchings Dynamic walk
[2025-12-04 13:52:24] Matchings - CX: 93.0, U3: 92.0, Depth: 134.0
[2025-12-04 13:52:24] Computing Pauli decomposition
[2025-12-04 13:52:24] Pauli - CX: 154.0, U3: 212.0, Depth: 259.0
[2025-12-04 13:52:24] Analysis completed in 0.12s - Category: win
[2025-12-04 13:52:24] Successfully processed graph 28 - Category: win - Time: 0.12s
[2025-12-04 13:52:24] 
Processing graph 29/200
[2025-12-04 13:52:24] Graph 29 has 32 nodes and 32 edges
[2025-12-04 13:52:24] Converted to 32 bitstring edges
[2025-12-04 13:52:24] Computing Matchings Dynamic walk
[2025-12-04 13:52:24] Matchings - CX: 89.0, U3: 91.0, Depth: 128.0
[2025-12-04 13:52:24] Computing Pauli decomposition
[2025-12-04 13:52:24] Pauli - CX: 159.0, U3: 221.0, Depth: 264.0
[2025-12-04 13:52:24] Analysis completed in 0.12s - Category: win
[2025-12-04 13:52:24] Successfully processed graph 29 - Category: win - Time: 0.12s
[2025-12-04 13:52:24] 
Processing graph 30/200
[2025-12-04 13:52:24] Graph 30 has 32 nodes and 32 edges
[2025-12-04 13:52:24] Converted to 32 bitstring edges
[2025-12-04 13:52:24] Computing Matchings Dynamic walk
[2025-12-04 13:52:24] Matchings - CX: 197.0, U3: 205.0, Depth: 276.0
[2025-12-04 13:52:24] Computing Pauli decomposition
[2025-12-04 13:52:24] Pauli - CX: 175.0, U3: 214.0, Depth: 279.0
[2025-12-04 13:52:24] Analysis completed in 0.13s - Category: lose
[2025-12-04 13:52:24] Successfully processed graph 30 - Category: lose - Time: 0.13s
[2025-12-04 13:52:24] 
Processing graph 31/200
[2025-12-04 13:52:24] Graph 31 has 32 nodes and 32 edges
[2025-12-04 13:52:24] Converted to 32 bitstring edges
[2025-12-04 13:52:24] Computing Matchings Dynamic walk
[2025-12-04 13:52:24] Matchings - CX: 234.0, U3: 231.0, Depth: 322.0
[2025-12-04 13:52:24] Computing Pauli decomposition
[2025-12-04 13:52:24] Pauli - CX: 124.0, U3: 191.0, Depth: 215.0
[2025-12-04 13:52:24] Analysis completed in 0.13s - Category: lose
[2025-12-04 13:52:24] Successfully processed graph 31 - Category: lose - Time: 0.13s
[2025-12-04 13:52:24] 
Processing graph 32/200
[2025-12-04 13:52:24] Graph 32 has 32 nodes and 32 edges
[2025-12-04 13:52:24] Converted to 32 bitstring edges
[2025-12-04 13:52:24] Computing Matchings Dynamic walk
[2025-12-04 13:52:24] Matchings - CX: 91.0, U3: 93.0, Depth: 131.0
[2025-12-04 13:52:24] Computing Pauli decomposition
[2025-12-04 13:52:24] Pauli - CX: 175.0, U3: 214.0, Depth: 279.0
[2025-12-04 13:52:24] Analysis completed in 0.12s - Category: win
[2025-12-04 13:52:24] Successfully processed graph 32 - Category: win - Time: 0.12s
[2025-12-04 13:52:24] 
Processing graph 33/200
[2025-12-04 13:52:24] Graph 33 has 32 nodes and 32 edges
[2025-12-04 13:52:24] Converted to 32 bitstring edges
[2025-12-04 13:52:24] Computing Matchings Dynamic walk
[2025-12-04 13:52:24] Matchings - CX: 168.0, U3: 167.0, Depth: 238.0
[2025-12-04 13:52:24] Computing Pauli decomposition
[2025-12-04 13:52:24] Pauli - CX: 154.0, U3: 212.0, Depth: 259.0
[2025-12-04 13:52:24] Analysis completed in 0.13s - Category: lose
[2025-12-04 13:52:24] Successfully processed graph 33 - Category: lose - Time: 0.13s
[2025-12-04 13:52:24] 
Processing graph 34/200
[2025-12-04 13:52:24] Graph 34 has 32 nodes and 32 edges
[2025-12-04 13:52:24] Converted to 32 bitstring edges
[2025-12-04 13:52:24] Computing Matchings Dynamic walk
[2025-12-04 13:52:24] Matchings - CX: 89.0, U3: 93.0, Depth: 129.0
[2025-12-04 13:52:24] Computing Pauli decomposition
[2025-12-04 13:52:25] Pauli - CX: 160.0, U3: 200.0, Depth: 259.0
[2025-12-04 13:52:25] Analysis completed in 0.12s - Category: win
[2025-12-04 13:52:25] Successfully processed graph 34 - Category: win - Time: 0.12s
[2025-12-04 13:52:25] 
Processing graph 35/200
[2025-12-04 13:52:25] Graph 35 has 32 nodes and 32 edges
[2025-12-04 13:52:25] Converted to 32 bitstring edges
[2025-12-04 13:52:25] Computing Matchings Dynamic walk
[2025-12-04 13:52:25] Matchings - CX: 95.0, U3: 92.0, Depth: 135.0
[2025-12-04 13:52:25] Computing Pauli decomposition
[2025-12-04 13:52:25] Pauli - CX: 180.0, U3: 242.0, Depth: 297.0
[2025-12-04 13:52:25] Analysis completed in 0.12s - Category: win
[2025-12-04 13:52:25] Successfully processed graph 35 - Category: win - Time: 0.12s
[2025-12-04 13:52:25] 
Processing graph 36/200
[2025-12-04 13:52:25] Graph 36 has 32 nodes and 32 edges
[2025-12-04 13:52:25] Converted to 32 bitstring edges
[2025-12-04 13:52:25] Computing Matchings Dynamic walk
[2025-12-04 13:52:25] Matchings - CX: 170.0, U3: 165.0, Depth: 238.0
[2025-12-04 13:52:25] Computing Pauli decomposition
[2025-12-04 13:52:25] Pauli - CX: 140.0, U3: 200.0, Depth: 237.0
[2025-12-04 13:52:25] Analysis completed in 0.13s - Category: lose
[2025-12-04 13:52:25] Successfully processed graph 36 - Category: lose - Time: 0.13s
[2025-12-04 13:52:25] 
Processing graph 37/200
[2025-12-04 13:52:25] Graph 37 has 32 nodes and 32 edges
[2025-12-04 13:52:25] Converted to 32 bitstring edges
[2025-12-04 13:52:25] Computing Matchings Dynamic walk
[2025-12-04 13:52:25] Matchings - CX: 93.0, U3: 91.0, Depth: 132.0
[2025-12-04 13:52:25] Computing Pauli decomposition
[2025-12-04 13:52:25] Pauli - CX: 132.0, U3: 195.0, Depth: 224.0
[2025-12-04 13:52:25] Analysis completed in 0.12s - Category: win
[2025-12-04 13:52:25] Successfully processed graph 37 - Category: win - Time: 0.12s
[2025-12-04 13:52:25] 
Processing graph 38/200
[2025-12-04 13:52:25] Graph 38 has 32 nodes and 32 edges
[2025-12-04 13:52:25] Converted to 32 bitstring edges
[2025-12-04 13:52:25] Computing Matchings Dynamic walk
[2025-12-04 13:52:25] Matchings - CX: 93.0, U3: 91.0, Depth: 134.0
[2025-12-04 13:52:25] Computing Pauli decomposition
[2025-12-04 13:52:25] Pauli - CX: 172.0, U3: 195.0, Depth: 273.0
[2025-12-04 13:52:25] Analysis completed in 0.13s - Category: win
[2025-12-04 13:52:25] Successfully processed graph 38 - Category: win - Time: 0.13s
[2025-12-04 13:52:25] 
Processing graph 39/200
[2025-12-04 13:52:25] Graph 39 has 32 nodes and 32 edges
[2025-12-04 13:52:25] Converted to 32 bitstring edges
[2025-12-04 13:52:25] Computing Matchings Dynamic walk
[2025-12-04 13:52:25] Matchings - CX: 89.0, U3: 90.0, Depth: 128.0
[2025-12-04 13:52:25] Computing Pauli decomposition
[2025-12-04 13:52:25] Pauli - CX: 181.0, U3: 237.0, Depth: 292.0
[2025-12-04 13:52:25] Analysis completed in 0.12s - Category: win
[2025-12-04 13:52:25] Successfully processed graph 39 - Category: win - Time: 0.12s
[2025-12-04 13:52:25] 
Processing graph 40/200
[2025-12-04 13:52:25] Graph 40 has 32 nodes and 32 edges
[2025-12-04 13:52:25] Converted to 32 bitstring edges
[2025-12-04 13:52:25] Computing Matchings Dynamic walk
[2025-12-04 13:52:25] Matchings - CX: 91.0, U3: 92.0, Depth: 131.0
[2025-12-04 13:52:25] Computing Pauli decomposition
[2025-12-04 13:52:25] Pauli - CX: 148.0, U3: 200.0, Depth: 248.0
[2025-12-04 13:52:25] Analysis completed in 0.13s - Category: win
[2025-12-04 13:52:25] Successfully processed graph 40 - Category: win - Time: 0.13s
[2025-12-04 13:52:25] 
Processing graph 41/200
[2025-12-04 13:52:25] Graph 41 has 32 nodes and 32 edges
[2025-12-04 13:52:25] Converted to 32 bitstring edges
[2025-12-04 13:52:25] Computing Matchings Dynamic walk
[2025-12-04 13:52:25] Matchings - CX: 91.0, U3: 93.0, Depth: 130.0
[2025-12-04 13:52:25] Computing Pauli decomposition
[2025-12-04 13:52:25] Pauli - CX: 162.0, U3: 216.0, Depth: 267.0
[2025-12-04 13:52:25] Analysis completed in 0.13s - Category: win
[2025-12-04 13:52:25] Successfully processed graph 41 - Category: win - Time: 0.13s
[2025-12-04 13:52:25] 
Processing graph 42/200
[2025-12-04 13:52:25] Graph 42 has 32 nodes and 32 edges
[2025-12-04 13:52:25] Converted to 32 bitstring edges
[2025-12-04 13:52:25] Computing Matchings Dynamic walk
[2025-12-04 13:52:25] Matchings - CX: 91.0, U3: 90.0, Depth: 130.0
[2025-12-04 13:52:25] Computing Pauli decomposition
[2025-12-04 13:52:26] Pauli - CX: 147.0, U3: 207.0, Depth: 247.0
[2025-12-04 13:52:26] Analysis completed in 0.12s - Category: win
[2025-12-04 13:52:26] Successfully processed graph 42 - Category: win - Time: 0.12s
[2025-12-04 13:52:26] 
Processing graph 43/200
[2025-12-04 13:52:26] Graph 43 has 32 nodes and 32 edges
[2025-12-04 13:52:26] Converted to 32 bitstring edges
[2025-12-04 13:52:26] Computing Matchings Dynamic walk
[2025-12-04 13:52:26] Matchings - CX: 89.0, U3: 90.0, Depth: 127.0
[2025-12-04 13:52:26] Computing Pauli decomposition
[2025-12-04 13:52:26] Pauli - CX: 159.0, U3: 221.0, Depth: 264.0
[2025-12-04 13:52:26] Analysis completed in 0.12s - Category: win
[2025-12-04 13:52:26] Successfully processed graph 43 - Category: win - Time: 0.12s
[2025-12-04 13:52:26] 
Processing graph 44/200
[2025-12-04 13:52:26] Graph 44 has 32 nodes and 32 edges
[2025-12-04 13:52:26] Converted to 32 bitstring edges
[2025-12-04 13:52:26] Computing Matchings Dynamic walk
[2025-12-04 13:52:26] Matchings - CX: 232.0, U3: 234.0, Depth: 322.0
[2025-12-04 13:52:26] Computing Pauli decomposition
[2025-12-04 13:52:26] Pauli - CX: 180.0, U3: 242.0, Depth: 297.0
[2025-12-04 13:52:26] Analysis completed in 0.14s - Category: lose
[2025-12-04 13:52:26] Successfully processed graph 44 - Category: lose - Time: 0.14s
[2025-12-04 13:52:26] 
Processing graph 45/200
[2025-12-04 13:52:26] Graph 45 has 32 nodes and 32 edges
[2025-12-04 13:52:26] Converted to 32 bitstring edges
[2025-12-04 13:52:26] Computing Matchings Dynamic walk
[2025-12-04 13:52:26] Matchings - CX: 91.0, U3: 92.0, Depth: 130.0
[2025-12-04 13:52:26] Computing Pauli decomposition
[2025-12-04 13:52:26] Pauli - CX: 147.0, U3: 207.0, Depth: 247.0
[2025-12-04 13:52:26] Analysis completed in 0.12s - Category: win
[2025-12-04 13:52:26] Successfully processed graph 45 - Category: win - Time: 0.12s
[2025-12-04 13:52:26] 
Processing graph 46/200
[2025-12-04 13:52:26] Graph 46 has 32 nodes and 32 edges
[2025-12-04 13:52:26] Converted to 32 bitstring edges
[2025-12-04 13:52:26] Computing Matchings Dynamic walk
[2025-12-04 13:52:26] Matchings - CX: 89.0, U3: 92.0, Depth: 129.0
[2025-12-04 13:52:26] Computing Pauli decomposition
[2025-12-04 13:52:26] Pauli - CX: 160.0, U3: 200.0, Depth: 259.0
[2025-12-04 13:52:26] Analysis completed in 0.12s - Category: win
[2025-12-04 13:52:26] Successfully processed graph 46 - Category: win - Time: 0.12s
[2025-12-04 13:52:26] 
Processing graph 47/200
[2025-12-04 13:52:26] Graph 47 has 32 nodes and 32 edges
[2025-12-04 13:52:26] Converted to 32 bitstring edges
[2025-12-04 13:52:26] Computing Matchings Dynamic walk
[2025-12-04 13:52:26] Matchings - CX: 170.0, U3: 166.0, Depth: 236.0
[2025-12-04 13:52:26] Computing Pauli decomposition
[2025-12-04 13:52:26] Pauli - CX: 172.0, U3: 195.0, Depth: 273.0
[2025-12-04 13:52:26] Analysis completed in 0.13s - Category: win
[2025-12-04 13:52:26] Successfully processed graph 47 - Category: win - Time: 0.13s
[2025-12-04 13:52:26] 
Processing graph 48/200
[2025-12-04 13:52:26] Graph 48 has 32 nodes and 33 edges
[2025-12-04 13:52:26] Converted to 33 bitstring edges
[2025-12-04 13:52:26] Computing Matchings Dynamic walk
[2025-12-04 13:52:26] Matchings - CX: 259.0, U3: 260.0, Depth: 361.0
[2025-12-04 13:52:26] Computing Pauli decomposition
[2025-12-04 13:52:26] Pauli - CX: 217.0, U3: 287.0, Depth: 359.0
[2025-12-04 13:52:26] Analysis completed in 0.14s - Category: lose
[2025-12-04 13:52:26] Successfully processed graph 48 - Category: lose - Time: 0.14s
[2025-12-04 13:52:26] 
Processing graph 49/200
[2025-12-04 13:52:26] Graph 49 has 32 nodes and 33 edges
[2025-12-04 13:52:26] Converted to 33 bitstring edges
[2025-12-04 13:52:26] Computing Matchings Dynamic walk
[2025-12-04 13:52:26] Matchings - CX: 196.0, U3: 199.0, Depth: 276.0
[2025-12-04 13:52:26] Computing Pauli decomposition
[2025-12-04 13:52:26] Pauli - CX: 152.0, U3: 225.0, Depth: 262.0
[2025-12-04 13:52:26] Analysis completed in 0.13s - Category: lose
[2025-12-04 13:52:26] Successfully processed graph 49 - Category: lose - Time: 0.13s
[2025-12-04 13:52:26] 
Processing graph 50/200
[2025-12-04 13:52:26] Graph 50 has 32 nodes and 33 edges
[2025-12-04 13:52:26] Converted to 33 bitstring edges
[2025-12-04 13:52:26] Computing Matchings Dynamic walk
[2025-12-04 13:52:27] Matchings - CX: 121.0, U3: 122.0, Depth: 170.0
[2025-12-04 13:52:27] Computing Pauli decomposition
[2025-12-04 13:52:27] Pauli - CX: 215.0, U3: 292.0, Depth: 356.0
[2025-12-04 13:52:27] Analysis completed in 0.13s - Category: win
[2025-12-04 13:52:27] Successfully processed graph 50 - Category: win - Time: 0.13s
[2025-12-04 13:52:27] 
Processing graph 51/200
[2025-12-04 13:52:27] Graph 51 has 32 nodes and 33 edges
[2025-12-04 13:52:27] Converted to 33 bitstring edges
[2025-12-04 13:52:27] Computing Matchings Dynamic walk
[2025-12-04 13:52:27] Matchings - CX: 221.0, U3: 232.0, Depth: 303.0
[2025-12-04 13:52:27] Computing Pauli decomposition
[2025-12-04 13:52:27] Pauli - CX: 180.0, U3: 256.0, Depth: 306.0
[2025-12-04 13:52:27] Analysis completed in 0.13s - Category: lose
[2025-12-04 13:52:27] Successfully processed graph 51 - Category: lose - Time: 0.13s
[2025-12-04 13:52:27] 
Processing graph 52/200
[2025-12-04 13:52:27] Graph 52 has 32 nodes and 33 edges
[2025-12-04 13:52:27] Converted to 33 bitstring edges
[2025-12-04 13:52:27] Computing Matchings Dynamic walk
[2025-12-04 13:52:27] Matchings - CX: 117.0, U3: 119.0, Depth: 164.0
[2025-12-04 13:52:27] Computing Pauli decomposition
[2025-12-04 13:52:27] Pauli - CX: 140.0, U3: 188.0, Depth: 229.0
[2025-12-04 13:52:27] Analysis completed in 0.13s - Category: win
[2025-12-04 13:52:27] Successfully processed graph 52 - Category: win - Time: 0.13s
[2025-12-04 13:52:27] 
Processing graph 53/200
[2025-12-04 13:52:27] Graph 53 has 32 nodes and 33 edges
[2025-12-04 13:52:27] Converted to 33 bitstring edges
[2025-12-04 13:52:27] Computing Matchings Dynamic walk
[2025-12-04 13:52:27] Matchings - CX: 119.0, U3: 118.0, Depth: 167.0
[2025-12-04 13:52:27] Computing Pauli decomposition
[2025-12-04 13:52:27] Pauli - CX: 196.0, U3: 251.0, Depth: 322.0
[2025-12-04 13:52:27] Analysis completed in 0.13s - Category: win
[2025-12-04 13:52:27] Successfully processed graph 53 - Category: win - Time: 0.13s
[2025-12-04 13:52:27] 
Processing graph 54/200
[2025-12-04 13:52:27] Graph 54 has 32 nodes and 33 edges
[2025-12-04 13:52:27] Converted to 33 bitstring edges
[2025-12-04 13:52:27] Computing Matchings Dynamic walk
[2025-12-04 13:52:27] Matchings - CX: 226.0, U3: 229.0, Depth: 319.0
[2025-12-04 13:52:27] Computing Pauli decomposition
[2025-12-04 13:52:27] Pauli - CX: 177.0, U3: 247.0, Depth: 297.0
[2025-12-04 13:52:27] Analysis completed in 0.14s - Category: lose
[2025-12-04 13:52:27] Successfully processed graph 54 - Category: lose - Time: 0.14s
[2025-12-04 13:52:27] 
Processing graph 55/200
[2025-12-04 13:52:27] Graph 55 has 32 nodes and 33 edges
[2025-12-04 13:52:27] Converted to 33 bitstring edges
[2025-12-04 13:52:27] Computing Matchings Dynamic walk
[2025-12-04 13:52:27] Matchings - CX: 233.0, U3: 232.0, Depth: 318.0
[2025-12-04 13:52:27] Computing Pauli decomposition
[2025-12-04 13:52:27] Pauli - CX: 188.0, U3: 266.0, Depth: 312.0
[2025-12-04 13:52:27] Analysis completed in 0.14s - Category: lose
[2025-12-04 13:52:27] Successfully processed graph 55 - Category: lose - Time: 0.14s
[2025-12-04 13:52:27] 
Processing graph 56/200
[2025-12-04 13:52:27] Graph 56 has 32 nodes and 33 edges
[2025-12-04 13:52:27] Converted to 33 bitstring edges
[2025-12-04 13:52:27] Computing Matchings Dynamic walk
[2025-12-04 13:52:27] Matchings - CX: 229.0, U3: 230.0, Depth: 316.0
[2025-12-04 13:52:27] Computing Pauli decomposition
[2025-12-04 13:52:27] Pauli - CX: 155.0, U3: 228.0, Depth: 268.0
[2025-12-04 13:52:27] Analysis completed in 0.14s - Category: lose
[2025-12-04 13:52:27] Successfully processed graph 56 - Category: lose - Time: 0.14s
[2025-12-04 13:52:27] 
Processing graph 57/200
[2025-12-04 13:52:27] Graph 57 has 32 nodes and 33 edges
[2025-12-04 13:52:27] Converted to 33 bitstring edges
[2025-12-04 13:52:27] Computing Matchings Dynamic walk
[2025-12-04 13:52:27] Matchings - CX: 121.0, U3: 122.0, Depth: 171.0
[2025-12-04 13:52:27] Computing Pauli decomposition
[2025-12-04 13:52:28] Pauli - CX: 163.0, U3: 236.0, Depth: 279.0
[2025-12-04 13:52:28] Analysis completed in 0.16s - Category: win
[2025-12-04 13:52:28] Successfully processed graph 57 - Category: win - Time: 0.16s
[2025-12-04 13:52:28] 
Processing graph 58/200
[2025-12-04 13:52:28] Graph 58 has 32 nodes and 33 edges
[2025-12-04 13:52:28] Converted to 33 bitstring edges
[2025-12-04 13:52:28] Computing Matchings Dynamic walk
[2025-12-04 13:52:28] Matchings - CX: 113.0, U3: 121.0, Depth: 164.0
[2025-12-04 13:52:28] Computing Pauli decomposition
[2025-12-04 13:52:28] Pauli - CX: 215.0, U3: 282.0, Depth: 352.0
[2025-12-04 13:52:28] Analysis completed in 0.13s - Category: win
[2025-12-04 13:52:28] Successfully processed graph 58 - Category: win - Time: 0.13s
[2025-12-04 13:52:28] 
Processing graph 59/200
[2025-12-04 13:52:28] Graph 59 has 32 nodes and 33 edges
[2025-12-04 13:52:28] Converted to 33 bitstring edges
[2025-12-04 13:52:28] Computing Matchings Dynamic walk
[2025-12-04 13:52:28] Matchings - CX: 251.0, U3: 264.0, Depth: 352.0
[2025-12-04 13:52:28] Computing Pauli decomposition
[2025-12-04 13:52:28] Pauli - CX: 175.0, U3: 246.0, Depth: 297.0
[2025-12-04 13:52:28] Analysis completed in 0.13s - Category: lose
[2025-12-04 13:52:28] Successfully processed graph 59 - Category: lose - Time: 0.13s
[2025-12-04 13:52:28] 
Processing graph 60/200
[2025-12-04 13:52:28] Graph 60 has 32 nodes and 33 edges
[2025-12-04 13:52:28] Converted to 33 bitstring edges
[2025-12-04 13:52:28] Computing Matchings Dynamic walk
[2025-12-04 13:52:28] Matchings - CX: 117.0, U3: 122.0, Depth: 165.0
[2025-12-04 13:52:28] Computing Pauli decomposition
[2025-12-04 13:52:28] Pauli - CX: 160.0, U3: 228.0, Depth: 273.0
[2025-12-04 13:52:28] Analysis completed in 0.13s - Category: win
[2025-12-04 13:52:28] Successfully processed graph 60 - Category: win - Time: 0.13s
[2025-12-04 13:52:28] 
Processing graph 61/200
[2025-12-04 13:52:28] Graph 61 has 32 nodes and 33 edges
[2025-12-04 13:52:28] Converted to 33 bitstring edges
[2025-12-04 13:52:28] Computing Matchings Dynamic walk
[2025-12-04 13:52:28] Matchings - CX: 260.0, U3: 261.0, Depth: 363.0
[2025-12-04 13:52:28] Computing Pauli decomposition
[2025-12-04 13:52:28] Pauli - CX: 193.0, U3: 276.0, Depth: 326.0
[2025-12-04 13:52:28] Analysis completed in 0.13s - Category: lose
[2025-12-04 13:52:28] Successfully processed graph 61 - Category: lose - Time: 0.13s
[2025-12-04 13:52:28] 
Processing graph 62/200
[2025-12-04 13:52:28] Graph 62 has 32 nodes and 33 edges
[2025-12-04 13:52:28] Converted to 33 bitstring edges
[2025-12-04 13:52:28] Computing Matchings Dynamic walk
[2025-12-04 13:52:28] Matchings - CX: 117.0, U3: 116.0, Depth: 167.0
[2025-12-04 13:52:28] Computing Pauli decomposition
[2025-12-04 13:52:28] Pauli - CX: 145.0, U3: 184.0, Depth: 233.0
[2025-12-04 13:52:28] Analysis completed in 0.12s - Category: win
[2025-12-04 13:52:28] Successfully processed graph 62 - Category: win - Time: 0.12s
[2025-12-04 13:52:28] 
Processing graph 63/200
[2025-12-04 13:52:28] Graph 63 has 32 nodes and 33 edges
[2025-12-04 13:52:28] Converted to 33 bitstring edges
[2025-12-04 13:52:28] Computing Matchings Dynamic walk
[2025-12-04 13:52:28] Matchings - CX: 121.0, U3: 117.0, Depth: 172.0
[2025-12-04 13:52:28] Computing Pauli decomposition
[2025-12-04 13:52:28] Pauli - CX: 191.0, U3: 243.0, Depth: 311.0
[2025-12-04 13:52:28] Analysis completed in 0.13s - Category: win
[2025-12-04 13:52:28] Successfully processed graph 63 - Category: win - Time: 0.13s
[2025-12-04 13:52:28] 
Processing graph 64/200
[2025-12-04 13:52:28] Graph 64 has 32 nodes and 33 edges
[2025-12-04 13:52:28] Converted to 33 bitstring edges
[2025-12-04 13:52:28] Computing Matchings Dynamic walk
[2025-12-04 13:52:28] Matchings - CX: 119.0, U3: 119.0, Depth: 167.0
[2025-12-04 13:52:28] Computing Pauli decomposition
[2025-12-04 13:52:29] Pauli - CX: 226.0, U3: 291.0, Depth: 364.0
[2025-12-04 13:52:29] Analysis completed in 0.13s - Category: win
[2025-12-04 13:52:29] Successfully processed graph 64 - Category: win - Time: 0.13s
[2025-12-04 13:52:29] 
Processing graph 65/200
[2025-12-04 13:52:29] Graph 65 has 32 nodes and 33 edges
[2025-12-04 13:52:29] Converted to 33 bitstring edges
[2025-12-04 13:52:29] Computing Matchings Dynamic walk
[2025-12-04 13:52:29] Matchings - CX: 194.0, U3: 190.0, Depth: 279.0
[2025-12-04 13:52:29] Computing Pauli decomposition
[2025-12-04 13:52:29] Pauli - CX: 128.0, U3: 154.0, Depth: 206.0
[2025-12-04 13:52:29] Analysis completed in 0.13s - Category: lose
[2025-12-04 13:52:29] Successfully processed graph 65 - Category: lose - Time: 0.13s
[2025-12-04 13:52:29] 
Processing graph 66/200
[2025-12-04 13:52:29] Graph 66 has 32 nodes and 33 edges
[2025-12-04 13:52:29] Converted to 33 bitstring edges
[2025-12-04 13:52:29] Computing Matchings Dynamic walk
[2025-12-04 13:52:29] Matchings - CX: 119.0, U3: 118.0, Depth: 170.0
[2025-12-04 13:52:29] Computing Pauli decomposition
[2025-12-04 13:52:29] Pauli - CX: 239.0, U3: 246.0, Depth: 365.0
[2025-12-04 13:52:29] Analysis completed in 0.13s - Category: win
[2025-12-04 13:52:29] Successfully processed graph 66 - Category: win - Time: 0.13s
[2025-12-04 13:52:29] 
Processing graph 67/200
[2025-12-04 13:52:29] Graph 67 has 32 nodes and 33 edges
[2025-12-04 13:52:29] Converted to 33 bitstring edges
[2025-12-04 13:52:29] Computing Matchings Dynamic walk
[2025-12-04 13:52:29] Matchings - CX: 115.0, U3: 121.0, Depth: 165.0
[2025-12-04 13:52:29] Computing Pauli decomposition
[2025-12-04 13:52:29] Pauli - CX: 191.0, U3: 238.0, Depth: 312.0
[2025-12-04 13:52:29] Analysis completed in 0.13s - Category: win
[2025-12-04 13:52:29] Successfully processed graph 67 - Category: win - Time: 0.13s
[2025-12-04 13:52:29] 
Processing graph 68/200
[2025-12-04 13:52:29] Graph 68 has 32 nodes and 33 edges
[2025-12-04 13:52:29] Converted to 33 bitstring edges
[2025-12-04 13:52:29] Computing Matchings Dynamic walk
[2025-12-04 13:52:29] Matchings - CX: 121.0, U3: 118.0, Depth: 173.0
[2025-12-04 13:52:29] Computing Pauli decomposition
[2025-12-04 13:52:29] Pauli - CX: 198.0, U3: 270.0, Depth: 333.0
[2025-12-04 13:52:29] Analysis completed in 0.13s - Category: win
[2025-12-04 13:52:29] Successfully processed graph 68 - Category: win - Time: 0.13s
[2025-12-04 13:52:29] 
Processing graph 69/200
[2025-12-04 13:52:29] Graph 69 has 32 nodes and 33 edges
[2025-12-04 13:52:29] Converted to 33 bitstring edges
[2025-12-04 13:52:29] Computing Matchings Dynamic walk
[2025-12-04 13:52:29] Matchings - CX: 113.0, U3: 117.0, Depth: 163.0
[2025-12-04 13:52:29] Computing Pauli decomposition
[2025-12-04 13:52:29] Pauli - CX: 189.0, U3: 256.0, Depth: 312.0
[2025-12-04 13:52:29] Analysis completed in 0.13s - Category: win
[2025-12-04 13:52:29] Successfully processed graph 69 - Category: win - Time: 0.13s
[2025-12-04 13:52:29] 
Processing graph 70/200
[2025-12-04 13:52:29] Graph 70 has 32 nodes and 33 edges
[2025-12-04 13:52:29] Converted to 33 bitstring edges
[2025-12-04 13:52:29] Computing Matchings Dynamic walk
[2025-12-04 13:52:29] Matchings - CX: 117.0, U3: 123.0, Depth: 165.0
[2025-12-04 13:52:29] Computing Pauli decomposition
[2025-12-04 13:52:29] Pauli - CX: 219.0, U3: 242.0, Depth: 340.0
[2025-12-04 13:52:29] Analysis completed in 0.13s - Category: win
[2025-12-04 13:52:29] Successfully processed graph 70 - Category: win - Time: 0.13s
[2025-12-04 13:52:29] 
Processing graph 71/200
[2025-12-04 13:52:29] Graph 71 has 32 nodes and 33 edges
[2025-12-04 13:52:29] Converted to 33 bitstring edges
[2025-12-04 13:52:29] Computing Matchings Dynamic walk
[2025-12-04 13:52:29] Matchings - CX: 113.0, U3: 117.0, Depth: 160.0
[2025-12-04 13:52:29] Computing Pauli decomposition
[2025-12-04 13:52:29] Pauli - CX: 154.0, U3: 186.0, Depth: 244.0
[2025-12-04 13:52:29] Analysis completed in 0.12s - Category: win
[2025-12-04 13:52:29] Successfully processed graph 71 - Category: win - Time: 0.12s
[2025-12-04 13:52:29] 
Processing graph 72/200
[2025-12-04 13:52:29] Graph 72 has 32 nodes and 33 edges
[2025-12-04 13:52:29] Converted to 33 bitstring edges
[2025-12-04 13:52:29] Computing Matchings Dynamic walk
[2025-12-04 13:52:29] Matchings - CX: 190.0, U3: 197.0, Depth: 266.0
[2025-12-04 13:52:29] Computing Pauli decomposition
[2025-12-04 13:52:30] Pauli - CX: 203.0, U3: 250.0, Depth: 326.0
[2025-12-04 13:52:30] Analysis completed in 0.13s - Category: win
[2025-12-04 13:52:30] Successfully processed graph 72 - Category: win - Time: 0.13s
[2025-12-04 13:52:30] 
Processing graph 73/200
[2025-12-04 13:52:30] Graph 73 has 32 nodes and 33 edges
[2025-12-04 13:52:30] Converted to 33 bitstring edges
[2025-12-04 13:52:30] Computing Matchings Dynamic walk
[2025-12-04 13:52:30] Matchings - CX: 111.0, U3: 116.0, Depth: 161.0
[2025-12-04 13:52:30] Computing Pauli decomposition
[2025-12-04 13:52:30] Pauli - CX: 180.0, U3: 242.0, Depth: 301.0
[2025-12-04 13:52:30] Analysis completed in 0.13s - Category: win
[2025-12-04 13:52:30] Successfully processed graph 73 - Category: win - Time: 0.13s
[2025-12-04 13:52:30] 
Processing graph 74/200
[2025-12-04 13:52:30] Graph 74 has 32 nodes and 33 edges
[2025-12-04 13:52:30] Converted to 33 bitstring edges
[2025-12-04 13:52:30] Computing Matchings Dynamic walk
[2025-12-04 13:52:30] Matchings - CX: 226.0, U3: 223.0, Depth: 314.0
[2025-12-04 13:52:30] Computing Pauli decomposition
[2025-12-04 13:52:30] Pauli - CX: 226.0, U3: 291.0, Depth: 364.0
[2025-12-04 13:52:30] Analysis completed in 0.16s - Category: draw
[2025-12-04 13:52:30] Successfully processed graph 74 - Category: draw - Time: 0.16s
[2025-12-04 13:52:30] 
Processing graph 75/200
[2025-12-04 13:52:30] Graph 75 has 32 nodes and 33 edges
[2025-12-04 13:52:30] Converted to 33 bitstring edges
[2025-12-04 13:52:30] Computing Matchings Dynamic walk
[2025-12-04 13:52:30] Matchings - CX: 227.0, U3: 231.0, Depth: 316.0
[2025-12-04 13:52:30] Computing Pauli decomposition
[2025-12-04 13:52:30] Pauli - CX: 184.0, U3: 258.0, Depth: 311.0
[2025-12-04 13:52:30] Analysis completed in 0.14s - Category: lose
[2025-12-04 13:52:30] Successfully processed graph 75 - Category: lose - Time: 0.14s
[2025-12-04 13:52:30] 
Processing graph 76/200
[2025-12-04 13:52:30] Graph 76 has 32 nodes and 33 edges
[2025-12-04 13:52:30] Converted to 33 bitstring edges
[2025-12-04 13:52:30] Computing Matchings Dynamic walk
[2025-12-04 13:52:30] Matchings - CX: 117.0, U3: 124.0, Depth: 168.0
[2025-12-04 13:52:30] Computing Pauli decomposition
[2025-12-04 13:52:30] Pauli - CX: 199.0, U3: 244.0, Depth: 321.0
[2025-12-04 13:52:30] Analysis completed in 0.13s - Category: win
[2025-12-04 13:52:30] Successfully processed graph 76 - Category: win - Time: 0.13s
[2025-12-04 13:52:30] 
Processing graph 77/200
[2025-12-04 13:52:30] Graph 77 has 32 nodes and 33 edges
[2025-12-04 13:52:30] Converted to 33 bitstring edges
[2025-12-04 13:52:30] Computing Matchings Dynamic walk
[2025-12-04 13:52:30] Matchings - CX: 117.0, U3: 121.0, Depth: 169.0
[2025-12-04 13:52:30] Computing Pauli decomposition
[2025-12-04 13:52:30] Pauli - CX: 221.0, U3: 286.0, Depth: 361.0
[2025-12-04 13:52:30] Analysis completed in 0.13s - Category: win
[2025-12-04 13:52:30] Successfully processed graph 77 - Category: win - Time: 0.13s
[2025-12-04 13:52:30] 
Processing graph 78/200
[2025-12-04 13:52:30] Graph 78 has 32 nodes and 33 edges
[2025-12-04 13:52:30] Converted to 33 bitstring edges
[2025-12-04 13:52:30] Computing Matchings Dynamic walk
[2025-12-04 13:52:30] Matchings - CX: 225.0, U3: 226.0, Depth: 316.0
[2025-12-04 13:52:30] Computing Pauli decomposition
[2025-12-04 13:52:30] Pauli - CX: 235.0, U3: 223.0, Depth: 351.0
[2025-12-04 13:52:30] Analysis completed in 0.14s - Category: win
[2025-12-04 13:52:30] Successfully processed graph 78 - Category: win - Time: 0.14s
[2025-12-04 13:52:30] 
Processing graph 79/200
[2025-12-04 13:52:30] Graph 79 has 32 nodes and 33 edges
[2025-12-04 13:52:30] Converted to 33 bitstring edges
[2025-12-04 13:52:30] Computing Matchings Dynamic walk
[2025-12-04 13:52:30] Matchings - CX: 253.0, U3: 267.0, Depth: 355.0
[2025-12-04 13:52:30] Computing Pauli decomposition
[2025-12-04 13:52:31] Pauli - CX: 200.0, U3: 231.0, Depth: 322.0
[2025-12-04 13:52:31] Analysis completed in 0.13s - Category: lose
[2025-12-04 13:52:31] Successfully processed graph 79 - Category: lose - Time: 0.13s
[2025-12-04 13:52:31] 
Processing graph 80/200
[2025-12-04 13:52:31] Graph 80 has 32 nodes and 33 edges
[2025-12-04 13:52:31] Converted to 33 bitstring edges
[2025-12-04 13:52:31] Computing Matchings Dynamic walk
[2025-12-04 13:52:31] Matchings - CX: 256.0, U3: 263.0, Depth: 354.0
[2025-12-04 13:52:31] Computing Pauli decomposition
[2025-12-04 13:52:31] Pauli - CX: 216.0, U3: 270.0, Depth: 351.0
[2025-12-04 13:52:31] Analysis completed in 0.14s - Category: lose
[2025-12-04 13:52:31] Successfully processed graph 80 - Category: lose - Time: 0.14s
[2025-12-04 13:52:31] 
Processing graph 81/200
[2025-12-04 13:52:31] Graph 81 has 32 nodes and 33 edges
[2025-12-04 13:52:31] Converted to 33 bitstring edges
[2025-12-04 13:52:31] Computing Matchings Dynamic walk
[2025-12-04 13:52:31] Matchings - CX: 145.0, U3: 141.0, Depth: 207.0
[2025-12-04 13:52:31] Computing Pauli decomposition
[2025-12-04 13:52:31] Pauli - CX: 195.0, U3: 251.0, Depth: 317.0
[2025-12-04 13:52:31] Analysis completed in 0.13s - Category: win
[2025-12-04 13:52:31] Successfully processed graph 81 - Category: win - Time: 0.13s
[2025-12-04 13:52:31] 
Processing graph 82/200
[2025-12-04 13:52:31] Graph 82 has 32 nodes and 33 edges
[2025-12-04 13:52:31] Converted to 33 bitstring edges
[2025-12-04 13:52:31] Computing Matchings Dynamic walk
[2025-12-04 13:52:31] Matchings - CX: 119.0, U3: 122.0, Depth: 169.0
[2025-12-04 13:52:31] Computing Pauli decomposition
[2025-12-04 13:52:31] Pauli - CX: 177.0, U3: 248.0, Depth: 301.0
[2025-12-04 13:52:31] Analysis completed in 0.14s - Category: win
[2025-12-04 13:52:31] Successfully processed graph 82 - Category: win - Time: 0.14s
[2025-12-04 13:52:31] 
Processing graph 83/200
[2025-12-04 13:52:31] Graph 83 has 32 nodes and 33 edges
[2025-12-04 13:52:31] Converted to 33 bitstring edges
[2025-12-04 13:52:31] Computing Matchings Dynamic walk
[2025-12-04 13:52:31] Matchings - CX: 115.0, U3: 123.0, Depth: 166.0
[2025-12-04 13:52:31] Computing Pauli decomposition
[2025-12-04 13:52:31] Pauli - CX: 181.0, U3: 236.0, Depth: 299.0
[2025-12-04 13:52:31] Analysis completed in 0.13s - Category: win
[2025-12-04 13:52:31] Successfully processed graph 83 - Category: win - Time: 0.13s
[2025-12-04 13:52:31] 
Processing graph 84/200
[2025-12-04 13:52:31] Graph 84 has 32 nodes and 33 edges
[2025-12-04 13:52:31] Converted to 33 bitstring edges
[2025-12-04 13:52:31] Computing Matchings Dynamic walk
[2025-12-04 13:52:31] Matchings - CX: 115.0, U3: 119.0, Depth: 164.0
[2025-12-04 13:52:31] Computing Pauli decomposition
[2025-12-04 13:52:31] Pauli - CX: 203.0, U3: 247.0, Depth: 325.0
[2025-12-04 13:52:31] Analysis completed in 0.13s - Category: win
[2025-12-04 13:52:31] Successfully processed graph 84 - Category: win - Time: 0.13s
[2025-12-04 13:52:31] 
Processing graph 85/200
[2025-12-04 13:52:31] Graph 85 has 32 nodes and 33 edges
[2025-12-04 13:52:31] Converted to 33 bitstring edges
[2025-12-04 13:52:31] Computing Matchings Dynamic walk
[2025-12-04 13:52:31] Matchings - CX: 119.0, U3: 121.0, Depth: 168.0
[2025-12-04 13:52:31] Computing Pauli decomposition
[2025-12-04 13:52:31] Pauli - CX: 216.0, U3: 265.0, Depth: 345.0
[2025-12-04 13:52:31] Analysis completed in 0.14s - Category: win
[2025-12-04 13:52:31] Successfully processed graph 85 - Category: win - Time: 0.14s
[2025-12-04 13:52:31] 
Processing graph 86/200
[2025-12-04 13:52:31] Graph 86 has 32 nodes and 33 edges
[2025-12-04 13:52:31] Converted to 33 bitstring edges
[2025-12-04 13:52:31] Computing Matchings Dynamic walk
[2025-12-04 13:52:31] Matchings - CX: 256.0, U3: 254.0, Depth: 349.0
[2025-12-04 13:52:31] Computing Pauli decomposition
[2025-12-04 13:52:32] Pauli - CX: 184.0, U3: 267.0, Depth: 314.0
[2025-12-04 13:52:32] Analysis completed in 0.13s - Category: lose
[2025-12-04 13:52:32] Successfully processed graph 86 - Category: lose - Time: 0.13s
[2025-12-04 13:52:32] 
Processing graph 87/200
[2025-12-04 13:52:32] Graph 87 has 32 nodes and 33 edges
[2025-12-04 13:52:32] Converted to 33 bitstring edges
[2025-12-04 13:52:32] Computing Matchings Dynamic walk
[2025-12-04 13:52:32] Matchings - CX: 262.0, U3: 262.0, Depth: 360.0
[2025-12-04 13:52:32] Computing Pauli decomposition
[2025-12-04 13:52:32] Pauli - CX: 198.0, U3: 259.0, Depth: 324.0
[2025-12-04 13:52:32] Analysis completed in 0.14s - Category: lose
[2025-12-04 13:52:32] Successfully processed graph 87 - Category: lose - Time: 0.14s
[2025-12-04 13:52:32] 
Processing graph 88/200
[2025-12-04 13:52:32] Graph 88 has 32 nodes and 33 edges
[2025-12-04 13:52:32] Converted to 33 bitstring edges
[2025-12-04 13:52:32] Computing Matchings Dynamic walk
[2025-12-04 13:52:32] Matchings - CX: 194.0, U3: 196.0, Depth: 273.0
[2025-12-04 13:52:32] Computing Pauli decomposition
[2025-12-04 13:52:32] Pauli - CX: 182.0, U3: 243.0, Depth: 306.0
[2025-12-04 13:52:32] Analysis completed in 0.13s - Category: lose
[2025-12-04 13:52:32] Successfully processed graph 88 - Category: lose - Time: 0.13s
[2025-12-04 13:52:32] 
Processing graph 89/200
[2025-12-04 13:52:32] Graph 89 has 32 nodes and 33 edges
[2025-12-04 13:52:32] Converted to 33 bitstring edges
[2025-12-04 13:52:32] Computing Matchings Dynamic walk
[2025-12-04 13:52:32] Matchings - CX: 231.0, U3: 234.0, Depth: 321.0
[2025-12-04 13:52:32] Computing Pauli decomposition
[2025-12-04 13:52:32] Pauli - CX: 240.0, U3: 286.0, Depth: 383.0
[2025-12-04 13:52:32] Analysis completed in 0.15s - Category: win
[2025-12-04 13:52:32] Successfully processed graph 89 - Category: win - Time: 0.15s
[2025-12-04 13:52:32] 
Processing graph 90/200
[2025-12-04 13:52:32] Graph 90 has 32 nodes and 33 edges
[2025-12-04 13:52:32] Converted to 33 bitstring edges
[2025-12-04 13:52:32] Computing Matchings Dynamic walk
[2025-12-04 13:52:32] Matchings - CX: 252.0, U3: 256.0, Depth: 348.0
[2025-12-04 13:52:32] Computing Pauli decomposition
[2025-12-04 13:52:32] Pauli - CX: 187.0, U3: 247.0, Depth: 310.0
[2025-12-04 13:52:32] Analysis completed in 0.14s - Category: lose
[2025-12-04 13:52:32] Successfully processed graph 90 - Category: lose - Time: 0.14s
[2025-12-04 13:52:32] 
Processing graph 91/200
[2025-12-04 13:52:32] Graph 91 has 32 nodes and 33 edges
[2025-12-04 13:52:32] Converted to 33 bitstring edges
[2025-12-04 13:52:32] Computing Matchings Dynamic walk
[2025-12-04 13:52:32] Matchings - CX: 165.0, U3: 162.0, Depth: 234.0
[2025-12-04 13:52:32] Computing Pauli decomposition
[2025-12-04 13:52:32] Pauli - CX: 196.0, U3: 270.0, Depth: 321.0
[2025-12-04 13:52:32] Analysis completed in 0.13s - Category: win
[2025-12-04 13:52:32] Successfully processed graph 91 - Category: win - Time: 0.13s
[2025-12-04 13:52:32] 
Processing graph 92/200
[2025-12-04 13:52:32] Graph 92 has 32 nodes and 33 edges
[2025-12-04 13:52:32] Converted to 33 bitstring edges
[2025-12-04 13:52:32] Computing Matchings Dynamic walk
[2025-12-04 13:52:32] Matchings - CX: 117.0, U3: 120.0, Depth: 166.0
[2025-12-04 13:52:32] Computing Pauli decomposition
[2025-12-04 13:52:32] Pauli - CX: 160.0, U3: 229.0, Depth: 271.0
[2025-12-04 13:52:32] Analysis completed in 0.13s - Category: win
[2025-12-04 13:52:32] Successfully processed graph 92 - Category: win - Time: 0.13s
[2025-12-04 13:52:32] 
Processing graph 93/200
[2025-12-04 13:52:32] Graph 93 has 32 nodes and 33 edges
[2025-12-04 13:52:32] Converted to 33 bitstring edges
[2025-12-04 13:52:32] Computing Matchings Dynamic walk
[2025-12-04 13:52:32] Matchings - CX: 257.0, U3: 258.0, Depth: 358.0
[2025-12-04 13:52:32] Computing Pauli decomposition
[2025-12-04 13:52:32] Pauli - CX: 178.0, U3: 245.0, Depth: 301.0
[2025-12-04 13:52:32] Analysis completed in 0.14s - Category: lose
[2025-12-04 13:52:32] Successfully processed graph 93 - Category: lose - Time: 0.14s
[2025-12-04 13:52:32] 
Processing graph 94/200
[2025-12-04 13:52:32] Graph 94 has 32 nodes and 33 edges
[2025-12-04 13:52:32] Converted to 33 bitstring edges
[2025-12-04 13:52:32] Computing Matchings Dynamic walk
[2025-12-04 13:52:33] Matchings - CX: 123.0, U3: 119.0, Depth: 172.0
[2025-12-04 13:52:33] Computing Pauli decomposition
[2025-12-04 13:52:33] Pauli - CX: 225.0, U3: 297.0, Depth: 362.0
[2025-12-04 13:52:33] Analysis completed in 0.13s - Category: win
[2025-12-04 13:52:33] Successfully processed graph 94 - Category: win - Time: 0.13s
[2025-12-04 13:52:33] 
Processing graph 95/200
[2025-12-04 13:52:33] Graph 95 has 32 nodes and 33 edges
[2025-12-04 13:52:33] Converted to 33 bitstring edges
[2025-12-04 13:52:33] Computing Matchings Dynamic walk
[2025-12-04 13:52:33] Matchings - CX: 196.0, U3: 201.0, Depth: 274.0
[2025-12-04 13:52:33] Computing Pauli decomposition
[2025-12-04 13:52:33] Pauli - CX: 227.0, U3: 289.0, Depth: 366.0
[2025-12-04 13:52:33] Analysis completed in 0.13s - Category: win
[2025-12-04 13:52:33] Successfully processed graph 95 - Category: win - Time: 0.13s
[2025-12-04 13:52:33] 
Processing graph 96/200
[2025-12-04 13:52:33] Graph 96 has 32 nodes and 33 edges
[2025-12-04 13:52:33] Converted to 33 bitstring edges
[2025-12-04 13:52:33] Computing Matchings Dynamic walk
[2025-12-04 13:52:33] Matchings - CX: 121.0, U3: 119.0, Depth: 171.0
[2025-12-04 13:52:33] Computing Pauli decomposition
[2025-12-04 13:52:33] Pauli - CX: 217.0, U3: 248.0, Depth: 337.0
[2025-12-04 13:52:33] Analysis completed in 0.13s - Category: win
[2025-12-04 13:52:33] Successfully processed graph 96 - Category: win - Time: 0.13s
[2025-12-04 13:52:33] 
Processing graph 97/200
[2025-12-04 13:52:33] Graph 97 has 32 nodes and 33 edges
[2025-12-04 13:52:33] Converted to 33 bitstring edges
[2025-12-04 13:52:33] Computing Matchings Dynamic walk
[2025-12-04 13:52:33] Matchings - CX: 194.0, U3: 193.0, Depth: 269.0
[2025-12-04 13:52:33] Computing Pauli decomposition
[2025-12-04 13:52:33] Pauli - CX: 170.0, U3: 238.0, Depth: 286.0
[2025-12-04 13:52:33] Analysis completed in 0.13s - Category: lose
[2025-12-04 13:52:33] Successfully processed graph 97 - Category: lose - Time: 0.13s
[2025-12-04 13:52:33] 
Processing graph 98/200
[2025-12-04 13:52:33] Graph 98 has 32 nodes and 33 edges
[2025-12-04 13:52:33] Converted to 33 bitstring edges
[2025-12-04 13:52:33] Computing Matchings Dynamic walk
[2025-12-04 13:52:33] Matchings - CX: 223.0, U3: 232.0, Depth: 311.0
[2025-12-04 13:52:33] Computing Pauli decomposition
[2025-12-04 13:52:33] Pauli - CX: 229.0, U3: 261.0, Depth: 360.0
[2025-12-04 13:52:33] Analysis completed in 0.14s - Category: win
[2025-12-04 13:52:33] Successfully processed graph 98 - Category: win - Time: 0.14s
[2025-12-04 13:52:33] 
Processing graph 99/200
[2025-12-04 13:52:33] Graph 99 has 32 nodes and 33 edges
[2025-12-04 13:52:33] Converted to 33 bitstring edges
[2025-12-04 13:52:33] Computing Matchings Dynamic walk
[2025-12-04 13:52:33] Matchings - CX: 166.0, U3: 161.0, Depth: 234.0
[2025-12-04 13:52:33] Computing Pauli decomposition
[2025-12-04 13:52:33] Pauli - CX: 218.0, U3: 287.0, Depth: 358.0
[2025-12-04 13:52:33] Analysis completed in 0.14s - Category: win
[2025-12-04 13:52:33] Successfully processed graph 99 - Category: win - Time: 0.14s
[2025-12-04 13:52:33] 
Processing graph 100/200
[2025-12-04 13:52:33] Graph 100 has 32 nodes and 33 edges
[2025-12-04 13:52:33] Converted to 33 bitstring edges
[2025-12-04 13:52:33] Computing Matchings Dynamic walk
[2025-12-04 13:52:33] Matchings - CX: 194.0, U3: 194.0, Depth: 272.0
[2025-12-04 13:52:33] Computing Pauli decomposition
[2025-12-04 13:52:33] Pauli - CX: 182.0, U3: 242.0, Depth: 306.0
[2025-12-04 13:52:33] Analysis completed in 0.14s - Category: lose
[2025-12-04 13:52:33] Successfully processed graph 100 - Category: lose - Time: 0.14s
[2025-12-04 13:52:33] 
Processing graph 101/200
[2025-12-04 13:52:33] Graph 101 has 32 nodes and 33 edges
[2025-12-04 13:52:33] Converted to 33 bitstring edges
[2025-12-04 13:52:33] Computing Matchings Dynamic walk
[2025-12-04 13:52:34] Matchings - CX: 232.0, U3: 226.0, Depth: 325.0
[2025-12-04 13:52:34] Computing Pauli decomposition
[2025-12-04 13:52:34] Pauli - CX: 188.0, U3: 268.0, Depth: 317.0
[2025-12-04 13:52:34] Analysis completed in 0.13s - Category: lose
[2025-12-04 13:52:34] Successfully processed graph 101 - Category: lose - Time: 0.13s
[2025-12-04 13:52:34] 
Processing graph 102/200
[2025-12-04 13:52:34] Graph 102 has 32 nodes and 33 edges
[2025-12-04 13:52:34] Converted to 33 bitstring edges
[2025-12-04 13:52:34] Computing Matchings Dynamic walk
[2025-12-04 13:52:34] Matchings - CX: 283.0, U3: 285.0, Depth: 394.0
[2025-12-04 13:52:34] Computing Pauli decomposition
[2025-12-04 13:52:34] Pauli - CX: 186.0, U3: 257.0, Depth: 312.0
[2025-12-04 13:52:34] Analysis completed in 0.14s - Category: lose
[2025-12-04 13:52:34] Successfully processed graph 102 - Category: lose - Time: 0.14s
[2025-12-04 13:52:34] 
Processing graph 103/200
[2025-12-04 13:52:34] Graph 103 has 32 nodes and 33 edges
[2025-12-04 13:52:34] Converted to 33 bitstring edges
[2025-12-04 13:52:34] Computing Matchings Dynamic walk
[2025-12-04 13:52:34] Matchings - CX: 260.0, U3: 263.0, Depth: 358.0
[2025-12-04 13:52:34] Computing Pauli decomposition
[2025-12-04 13:52:34] Pauli - CX: 226.0, U3: 291.0, Depth: 364.0
[2025-12-04 13:52:34] Analysis completed in 0.13s - Category: lose
[2025-12-04 13:52:34] Successfully processed graph 103 - Category: lose - Time: 0.13s
[2025-12-04 13:52:34] 
Processing graph 104/200
[2025-12-04 13:52:34] Graph 104 has 32 nodes and 33 edges
[2025-12-04 13:52:34] Converted to 33 bitstring edges
[2025-12-04 13:52:34] Computing Matchings Dynamic walk
[2025-12-04 13:52:34] Matchings - CX: 261.0, U3: 269.0, Depth: 366.0
[2025-12-04 13:52:34] Computing Pauli decomposition
[2025-12-04 13:52:34] Pauli - CX: 188.0, U3: 222.0, Depth: 305.0
[2025-12-04 13:52:34] Analysis completed in 0.14s - Category: lose
[2025-12-04 13:52:34] Successfully processed graph 104 - Category: lose - Time: 0.14s
[2025-12-04 13:52:34] 
Processing graph 105/200
[2025-12-04 13:52:34] Graph 105 has 32 nodes and 33 edges
[2025-12-04 13:52:34] Converted to 33 bitstring edges
[2025-12-04 13:52:34] Computing Matchings Dynamic walk
[2025-12-04 13:52:34] Matchings - CX: 196.0, U3: 199.0, Depth: 275.0
[2025-12-04 13:52:34] Computing Pauli decomposition
[2025-12-04 13:52:34] Pauli - CX: 210.0, U3: 264.0, Depth: 337.0
[2025-12-04 13:52:34] Analysis completed in 0.13s - Category: win
[2025-12-04 13:52:34] Successfully processed graph 105 - Category: win - Time: 0.13s
[2025-12-04 13:52:34] 
Processing graph 106/200
[2025-12-04 13:52:34] Graph 106 has 32 nodes and 33 edges
[2025-12-04 13:52:34] Converted to 33 bitstring edges
[2025-12-04 13:52:34] Computing Matchings Dynamic walk
[2025-12-04 13:52:34] Matchings - CX: 121.0, U3: 119.0, Depth: 169.0
[2025-12-04 13:52:34] Computing Pauli decomposition
[2025-12-04 13:52:34] Pauli - CX: 180.0, U3: 216.0, Depth: 287.0
[2025-12-04 13:52:34] Analysis completed in 0.13s - Category: win
[2025-12-04 13:52:34] Successfully processed graph 106 - Category: win - Time: 0.13s
[2025-12-04 13:52:34] 
Processing graph 107/200
[2025-12-04 13:52:34] Graph 107 has 32 nodes and 33 edges
[2025-12-04 13:52:34] Converted to 33 bitstring edges
[2025-12-04 13:52:34] Computing Matchings Dynamic walk
[2025-12-04 13:52:34] Matchings - CX: 113.0, U3: 116.0, Depth: 162.0
[2025-12-04 13:52:34] Computing Pauli decomposition
[2025-12-04 13:52:34] Pauli - CX: 175.0, U3: 244.0, Depth: 293.0
[2025-12-04 13:52:34] Analysis completed in 0.13s - Category: win
[2025-12-04 13:52:34] Successfully processed graph 107 - Category: win - Time: 0.13s
[2025-12-04 13:52:34] 
Processing graph 108/200
[2025-12-04 13:52:34] Graph 108 has 32 nodes and 33 edges
[2025-12-04 13:52:34] Converted to 33 bitstring edges
[2025-12-04 13:52:34] Computing Matchings Dynamic walk
[2025-12-04 13:52:34] Matchings - CX: 258.0, U3: 264.0, Depth: 355.0
[2025-12-04 13:52:34] Computing Pauli decomposition
[2025-12-04 13:52:35] Pauli - CX: 233.0, U3: 308.0, Depth: 381.0
[2025-12-04 13:52:35] Analysis completed in 0.14s - Category: lose
[2025-12-04 13:52:35] Successfully processed graph 108 - Category: lose - Time: 0.14s
[2025-12-04 13:52:35] 
Processing graph 109/200
[2025-12-04 13:52:35] Graph 109 has 32 nodes and 33 edges
[2025-12-04 13:52:35] Converted to 33 bitstring edges
[2025-12-04 13:52:35] Computing Matchings Dynamic walk
[2025-12-04 13:52:35] Matchings - CX: 119.0, U3: 123.0, Depth: 171.0
[2025-12-04 13:52:35] Computing Pauli decomposition
[2025-12-04 13:52:35] Pauli - CX: 155.0, U3: 228.0, Depth: 268.0
[2025-12-04 13:52:35] Analysis completed in 0.13s - Category: win
[2025-12-04 13:52:35] Successfully processed graph 109 - Category: win - Time: 0.13s
[2025-12-04 13:52:35] 
Processing graph 110/200
[2025-12-04 13:52:35] Graph 110 has 32 nodes and 33 edges
[2025-12-04 13:52:35] Converted to 33 bitstring edges
[2025-12-04 13:52:35] Computing Matchings Dynamic walk
[2025-12-04 13:52:35] Matchings - CX: 198.0, U3: 195.0, Depth: 276.0
[2025-12-04 13:52:35] Computing Pauli decomposition
[2025-12-04 13:52:35] Pauli - CX: 191.0, U3: 243.0, Depth: 311.0
[2025-12-04 13:52:35] Analysis completed in 0.14s - Category: lose
[2025-12-04 13:52:35] Successfully processed graph 110 - Category: lose - Time: 0.14s
[2025-12-04 13:52:35] 
Processing graph 111/200
[2025-12-04 13:52:35] Graph 111 has 32 nodes and 33 edges
[2025-12-04 13:52:35] Converted to 33 bitstring edges
[2025-12-04 13:52:35] Computing Matchings Dynamic walk
[2025-12-04 13:52:35] Matchings - CX: 200.0, U3: 192.0, Depth: 284.0
[2025-12-04 13:52:35] Computing Pauli decomposition
[2025-12-04 13:52:35] Pauli - CX: 125.0, U3: 164.0, Depth: 204.0
[2025-12-04 13:52:35] Analysis completed in 0.13s - Category: lose
[2025-12-04 13:52:35] Successfully processed graph 111 - Category: lose - Time: 0.13s
[2025-12-04 13:52:35] 
Processing graph 112/200
[2025-12-04 13:52:35] Graph 112 has 32 nodes and 33 edges
[2025-12-04 13:52:35] Converted to 33 bitstring edges
[2025-12-04 13:52:35] Computing Matchings Dynamic walk
[2025-12-04 13:52:35] Matchings - CX: 262.0, U3: 263.0, Depth: 361.0
[2025-12-04 13:52:35] Computing Pauli decomposition
[2025-12-04 13:52:35] Pauli - CX: 221.0, U3: 283.0, Depth: 361.0
[2025-12-04 13:52:35] Analysis completed in 0.14s - Category: lose
[2025-12-04 13:52:35] Successfully processed graph 112 - Category: lose - Time: 0.14s
[2025-12-04 13:52:35] 
Processing graph 113/200
[2025-12-04 13:52:35] Graph 113 has 32 nodes and 33 edges
[2025-12-04 13:52:35] Converted to 33 bitstring edges
[2025-12-04 13:52:35] Computing Matchings Dynamic walk
[2025-12-04 13:52:35] Matchings - CX: 121.0, U3: 121.0, Depth: 172.0
[2025-12-04 13:52:35] Computing Pauli decomposition
[2025-12-04 13:52:35] Pauli - CX: 209.0, U3: 273.0, Depth: 343.0
[2025-12-04 13:52:35] Analysis completed in 0.12s - Category: win
[2025-12-04 13:52:35] Successfully processed graph 113 - Category: win - Time: 0.12s
[2025-12-04 13:52:35] 
Processing graph 114/200
[2025-12-04 13:52:35] Graph 114 has 32 nodes and 33 edges
[2025-12-04 13:52:35] Converted to 33 bitstring edges
[2025-12-04 13:52:35] Computing Matchings Dynamic walk
[2025-12-04 13:52:35] Matchings - CX: 117.0, U3: 119.0, Depth: 164.0
[2025-12-04 13:52:35] Computing Pauli decomposition
[2025-12-04 13:52:35] Pauli - CX: 199.0, U3: 245.0, Depth: 322.0
[2025-12-04 13:52:35] Analysis completed in 0.13s - Category: win
[2025-12-04 13:52:35] Successfully processed graph 114 - Category: win - Time: 0.13s
[2025-12-04 13:52:35] 
Processing graph 115/200
[2025-12-04 13:52:35] Graph 115 has 32 nodes and 33 edges
[2025-12-04 13:52:35] Converted to 33 bitstring edges
[2025-12-04 13:52:35] Computing Matchings Dynamic walk
[2025-12-04 13:52:35] Matchings - CX: 117.0, U3: 121.0, Depth: 167.0
[2025-12-04 13:52:35] Computing Pauli decomposition
[2025-12-04 13:52:36] Pauli - CX: 208.0, U3: 225.0, Depth: 327.0
[2025-12-04 13:52:36] Analysis completed in 0.13s - Category: win
[2025-12-04 13:52:36] Successfully processed graph 115 - Category: win - Time: 0.13s
[2025-12-04 13:52:36] 
Processing graph 116/200
[2025-12-04 13:52:36] Graph 116 has 32 nodes and 33 edges
[2025-12-04 13:52:36] Converted to 33 bitstring edges
[2025-12-04 13:52:36] Computing Matchings Dynamic walk
[2025-12-04 13:52:36] Matchings - CX: 111.0, U3: 119.0, Depth: 159.0
[2025-12-04 13:52:36] Computing Pauli decomposition
[2025-12-04 13:52:36] Pauli - CX: 183.0, U3: 241.0, Depth: 306.0
[2025-12-04 13:52:36] Analysis completed in 0.13s - Category: win
[2025-12-04 13:52:36] Successfully processed graph 116 - Category: win - Time: 0.13s
[2025-12-04 13:52:36] 
Processing graph 117/200
[2025-12-04 13:52:36] Graph 117 has 32 nodes and 33 edges
[2025-12-04 13:52:36] Converted to 33 bitstring edges
[2025-12-04 13:52:36] Computing Matchings Dynamic walk
[2025-12-04 13:52:36] Matchings - CX: 261.0, U3: 258.0, Depth: 364.0
[2025-12-04 13:52:36] Computing Pauli decomposition
[2025-12-04 13:52:36] Pauli - CX: 155.0, U3: 147.0, Depth: 231.0
[2025-12-04 13:52:36] Analysis completed in 0.12s - Category: lose
[2025-12-04 13:52:36] Successfully processed graph 117 - Category: lose - Time: 0.12s
[2025-12-04 13:52:36] 
Processing graph 118/200
[2025-12-04 13:52:36] Graph 118 has 32 nodes and 33 edges
[2025-12-04 13:52:36] Converted to 33 bitstring edges
[2025-12-04 13:52:36] Computing Matchings Dynamic walk
[2025-12-04 13:52:36] Matchings - CX: 209.0, U3: 221.0, Depth: 291.0
[2025-12-04 13:52:36] Computing Pauli decomposition
[2025-12-04 13:52:36] Pauli - CX: 187.0, U3: 223.0, Depth: 298.0
[2025-12-04 13:52:36] Analysis completed in 0.13s - Category: lose
[2025-12-04 13:52:36] Successfully processed graph 118 - Category: lose - Time: 0.13s
[2025-12-04 13:52:36] 
Processing graph 119/200
[2025-12-04 13:52:36] Graph 119 has 32 nodes and 33 edges
[2025-12-04 13:52:36] Converted to 33 bitstring edges
[2025-12-04 13:52:36] Computing Matchings Dynamic walk
[2025-12-04 13:52:36] Matchings - CX: 111.0, U3: 122.0, Depth: 159.0
[2025-12-04 13:52:36] Computing Pauli decomposition
[2025-12-04 13:52:36] Pauli - CX: 144.0, U3: 184.0, Depth: 233.0
[2025-12-04 13:52:36] Analysis completed in 0.13s - Category: win
[2025-12-04 13:52:36] Successfully processed graph 119 - Category: win - Time: 0.13s
[2025-12-04 13:52:36] 
Processing graph 120/200
[2025-12-04 13:52:36] Graph 120 has 32 nodes and 33 edges
[2025-12-04 13:52:36] Converted to 33 bitstring edges
[2025-12-04 13:52:36] Computing Matchings Dynamic walk
[2025-12-04 13:52:36] Matchings - CX: 119.0, U3: 121.0, Depth: 168.0
[2025-12-04 13:52:36] Computing Pauli decomposition
[2025-12-04 13:52:36] Pauli - CX: 124.0, U3: 185.0, Depth: 212.0
[2025-12-04 13:52:36] Analysis completed in 0.13s - Category: win
[2025-12-04 13:52:36] Successfully processed graph 120 - Category: win - Time: 0.13s
[2025-12-04 13:52:36] 
Processing graph 121/200
[2025-12-04 13:52:36] Graph 121 has 32 nodes and 33 edges
[2025-12-04 13:52:36] Converted to 33 bitstring edges
[2025-12-04 13:52:36] Computing Matchings Dynamic walk
[2025-12-04 13:52:36] Matchings - CX: 119.0, U3: 121.0, Depth: 167.0
[2025-12-04 13:52:36] Computing Pauli decomposition
[2025-12-04 13:52:36] Pauli - CX: 222.0, U3: 303.0, Depth: 369.0
[2025-12-04 13:52:36] Analysis completed in 0.13s - Category: win
[2025-12-04 13:52:36] Successfully processed graph 121 - Category: win - Time: 0.13s
[2025-12-04 13:52:36] 
Processing graph 122/200
[2025-12-04 13:52:36] Graph 122 has 32 nodes and 33 edges
[2025-12-04 13:52:36] Converted to 33 bitstring edges
[2025-12-04 13:52:36] Computing Matchings Dynamic walk
[2025-12-04 13:52:36] Matchings - CX: 176.0, U3: 183.0, Depth: 247.0
[2025-12-04 13:52:36] Computing Pauli decomposition
[2025-12-04 13:52:36] Pauli - CX: 220.0, U3: 278.0, Depth: 354.0
[2025-12-04 13:52:36] Analysis completed in 0.13s - Category: win
[2025-12-04 13:52:36] Successfully processed graph 122 - Category: win - Time: 0.13s
[2025-12-04 13:52:36] 
Processing graph 123/200
[2025-12-04 13:52:36] Graph 123 has 32 nodes and 33 edges
[2025-12-04 13:52:36] Converted to 33 bitstring edges
[2025-12-04 13:52:36] Computing Matchings Dynamic walk
[2025-12-04 13:52:36] Matchings - CX: 119.0, U3: 120.0, Depth: 170.0
[2025-12-04 13:52:36] Computing Pauli decomposition
[2025-12-04 13:52:37] Pauli - CX: 207.0, U3: 255.0, Depth: 333.0
[2025-12-04 13:52:37] Analysis completed in 0.13s - Category: win
[2025-12-04 13:52:37] Successfully processed graph 123 - Category: win - Time: 0.13s
[2025-12-04 13:52:37] 
Processing graph 124/200
[2025-12-04 13:52:37] Graph 124 has 32 nodes and 33 edges
[2025-12-04 13:52:37] Converted to 33 bitstring edges
[2025-12-04 13:52:37] Computing Matchings Dynamic walk
[2025-12-04 13:52:37] Matchings - CX: 121.0, U3: 117.0, Depth: 170.0
[2025-12-04 13:52:37] Computing Pauli decomposition
[2025-12-04 13:52:37] Pauli - CX: 217.0, U3: 248.0, Depth: 337.0
[2025-12-04 13:52:37] Analysis completed in 0.13s - Category: win
[2025-12-04 13:52:37] Successfully processed graph 124 - Category: win - Time: 0.13s
[2025-12-04 13:52:37] 
Processing graph 125/200
[2025-12-04 13:52:37] Graph 125 has 32 nodes and 33 edges
[2025-12-04 13:52:37] Converted to 33 bitstring edges
[2025-12-04 13:52:37] Computing Matchings Dynamic walk
[2025-12-04 13:52:37] Matchings - CX: 115.0, U3: 120.0, Depth: 165.0
[2025-12-04 13:52:37] Computing Pauli decomposition
[2025-12-04 13:52:37] Pauli - CX: 185.0, U3: 252.0, Depth: 308.0
[2025-12-04 13:52:37] Analysis completed in 0.13s - Category: win
[2025-12-04 13:52:37] Successfully processed graph 125 - Category: win - Time: 0.13s
[2025-12-04 13:52:37] 
Processing graph 126/200
[2025-12-04 13:52:37] Graph 126 has 32 nodes and 33 edges
[2025-12-04 13:52:37] Converted to 33 bitstring edges
[2025-12-04 13:52:37] Computing Matchings Dynamic walk
[2025-12-04 13:52:37] Matchings - CX: 292.0, U3: 291.0, Depth: 404.0
[2025-12-04 13:52:37] Computing Pauli decomposition
[2025-12-04 13:52:37] Pauli - CX: 205.0, U3: 243.0, Depth: 324.0
[2025-12-04 13:52:37] Analysis completed in 0.14s - Category: lose
[2025-12-04 13:52:37] Successfully processed graph 126 - Category: lose - Time: 0.14s
[2025-12-04 13:52:37] 
Processing graph 127/200
[2025-12-04 13:52:37] Graph 127 has 32 nodes and 33 edges
[2025-12-04 13:52:37] Converted to 33 bitstring edges
[2025-12-04 13:52:37] Computing Matchings Dynamic walk
[2025-12-04 13:52:37] Matchings - CX: 193.0, U3: 203.0, Depth: 272.0
[2025-12-04 13:52:37] Computing Pauli decomposition
[2025-12-04 13:52:37] Pauli - CX: 239.0, U3: 290.0, Depth: 376.0
[2025-12-04 13:52:37] Analysis completed in 0.13s - Category: win
[2025-12-04 13:52:37] Successfully processed graph 127 - Category: win - Time: 0.13s
[2025-12-04 13:52:37] 
Processing graph 128/200
[2025-12-04 13:52:37] Graph 128 has 32 nodes and 33 edges
[2025-12-04 13:52:37] Converted to 33 bitstring edges
[2025-12-04 13:52:37] Computing Matchings Dynamic walk
[2025-12-04 13:52:37] Matchings - CX: 200.0, U3: 198.0, Depth: 278.0
[2025-12-04 13:52:37] Computing Pauli decomposition
[2025-12-04 13:52:37] Pauli - CX: 243.0, U3: 303.0, Depth: 389.0
[2025-12-04 13:52:37] Analysis completed in 0.14s - Category: win
[2025-12-04 13:52:37] Successfully processed graph 128 - Category: win - Time: 0.14s
[2025-12-04 13:52:37] 
Processing graph 129/200
[2025-12-04 13:52:37] Graph 129 has 32 nodes and 33 edges
[2025-12-04 13:52:37] Converted to 33 bitstring edges
[2025-12-04 13:52:37] Computing Matchings Dynamic walk
[2025-12-04 13:52:37] Matchings - CX: 194.0, U3: 197.0, Depth: 272.0
[2025-12-04 13:52:37] Computing Pauli decomposition
[2025-12-04 13:52:37] Pauli - CX: 190.0, U3: 240.0, Depth: 313.0
[2025-12-04 13:52:37] Analysis completed in 0.13s - Category: lose
[2025-12-04 13:52:37] Successfully processed graph 129 - Category: lose - Time: 0.13s
[2025-12-04 13:52:37] 
Processing graph 130/200
[2025-12-04 13:52:37] Graph 130 has 32 nodes and 33 edges
[2025-12-04 13:52:37] Converted to 33 bitstring edges
[2025-12-04 13:52:37] Computing Matchings Dynamic walk
[2025-12-04 13:52:37] Matchings - CX: 230.0, U3: 225.0, Depth: 323.0
[2025-12-04 13:52:37] Computing Pauli decomposition
[2025-12-04 13:52:38] Pauli - CX: 124.0, U3: 152.0, Depth: 200.0
[2025-12-04 13:52:38] Analysis completed in 0.15s - Category: lose
[2025-12-04 13:52:38] Successfully processed graph 130 - Category: lose - Time: 0.15s
[2025-12-04 13:52:38] 
Processing graph 131/200
[2025-12-04 13:52:38] Graph 131 has 32 nodes and 33 edges
[2025-12-04 13:52:38] Converted to 33 bitstring edges
[2025-12-04 13:52:38] Computing Matchings Dynamic walk
[2025-12-04 13:52:38] Matchings - CX: 119.0, U3: 119.0, Depth: 169.0
[2025-12-04 13:52:38] Computing Pauli decomposition
[2025-12-04 13:52:38] Pauli - CX: 189.0, U3: 256.0, Depth: 312.0
[2025-12-04 13:52:38] Analysis completed in 0.13s - Category: win
[2025-12-04 13:52:38] Successfully processed graph 131 - Category: win - Time: 0.13s
[2025-12-04 13:52:38] 
Processing graph 132/200
[2025-12-04 13:52:38] Graph 132 has 32 nodes and 33 edges
[2025-12-04 13:52:38] Converted to 33 bitstring edges
[2025-12-04 13:52:38] Computing Matchings Dynamic walk
[2025-12-04 13:52:38] Matchings - CX: 117.0, U3: 119.0, Depth: 164.0
[2025-12-04 13:52:38] Computing Pauli decomposition
[2025-12-04 13:52:38] Pauli - CX: 219.0, U3: 242.0, Depth: 340.0
[2025-12-04 13:52:38] Analysis completed in 0.13s - Category: win
[2025-12-04 13:52:38] Successfully processed graph 132 - Category: win - Time: 0.13s
[2025-12-04 13:52:38] 
Processing graph 133/200
[2025-12-04 13:52:38] Graph 133 has 32 nodes and 33 edges
[2025-12-04 13:52:38] Converted to 33 bitstring edges
[2025-12-04 13:52:38] Computing Matchings Dynamic walk
[2025-12-04 13:52:38] Matchings - CX: 259.0, U3: 264.0, Depth: 360.0
[2025-12-04 13:52:38] Computing Pauli decomposition
[2025-12-04 13:52:38] Pauli - CX: 172.0, U3: 229.0, Depth: 286.0
[2025-12-04 13:52:38] Analysis completed in 0.14s - Category: lose
[2025-12-04 13:52:38] Successfully processed graph 133 - Category: lose - Time: 0.14s
[2025-12-04 13:52:38] 
Processing graph 134/200
[2025-12-04 13:52:38] Graph 134 has 32 nodes and 33 edges
[2025-12-04 13:52:38] Converted to 33 bitstring edges
[2025-12-04 13:52:38] Computing Matchings Dynamic walk
[2025-12-04 13:52:38] Matchings - CX: 196.0, U3: 195.0, Depth: 272.0
[2025-12-04 13:52:38] Computing Pauli decomposition
[2025-12-04 13:52:38] Pauli - CX: 231.0, U3: 239.0, Depth: 351.0
[2025-12-04 13:52:38] Analysis completed in 0.14s - Category: win
[2025-12-04 13:52:38] Successfully processed graph 134 - Category: win - Time: 0.14s
[2025-12-04 13:52:38] 
Processing graph 135/200
[2025-12-04 13:52:38] Graph 135 has 32 nodes and 33 edges
[2025-12-04 13:52:38] Converted to 33 bitstring edges
[2025-12-04 13:52:38] Computing Matchings Dynamic walk
[2025-12-04 13:52:38] Matchings - CX: 209.0, U3: 221.0, Depth: 290.0
[2025-12-04 13:52:38] Computing Pauli decomposition
[2025-12-04 13:52:38] Pauli - CX: 157.0, U3: 240.0, Depth: 271.0
[2025-12-04 13:52:38] Analysis completed in 0.13s - Category: lose
[2025-12-04 13:52:38] Successfully processed graph 135 - Category: lose - Time: 0.13s
[2025-12-04 13:52:38] 
Processing graph 136/200
[2025-12-04 13:52:38] Graph 136 has 32 nodes and 33 edges
[2025-12-04 13:52:38] Converted to 33 bitstring edges
[2025-12-04 13:52:38] Computing Matchings Dynamic walk
[2025-12-04 13:52:38] Matchings - CX: 262.0, U3: 259.0, Depth: 359.0
[2025-12-04 13:52:38] Computing Pauli decomposition
[2025-12-04 13:52:38] Pauli - CX: 188.0, U3: 264.0, Depth: 312.0
[2025-12-04 13:52:38] Analysis completed in 0.14s - Category: lose
[2025-12-04 13:52:38] Successfully processed graph 136 - Category: lose - Time: 0.14s
[2025-12-04 13:52:38] 
Processing graph 137/200
[2025-12-04 13:52:38] Graph 137 has 32 nodes and 33 edges
[2025-12-04 13:52:38] Converted to 33 bitstring edges
[2025-12-04 13:52:38] Computing Matchings Dynamic walk
[2025-12-04 13:52:38] Matchings - CX: 227.0, U3: 233.0, Depth: 318.0
[2025-12-04 13:52:38] Computing Pauli decomposition
[2025-12-04 13:52:38] Pauli - CX: 180.0, U3: 220.0, Depth: 293.0
[2025-12-04 13:52:38] Analysis completed in 0.14s - Category: lose
[2025-12-04 13:52:38] Successfully processed graph 137 - Category: lose - Time: 0.14s
[2025-12-04 13:52:38] 
Processing graph 138/200
[2025-12-04 13:52:38] Graph 138 has 32 nodes and 33 edges
[2025-12-04 13:52:38] Converted to 33 bitstring edges
[2025-12-04 13:52:38] Computing Matchings Dynamic walk
[2025-12-04 13:52:38] Matchings - CX: 217.0, U3: 225.0, Depth: 298.0
[2025-12-04 13:52:38] Computing Pauli decomposition
[2025-12-04 13:52:39] Pauli - CX: 125.0, U3: 170.0, Depth: 207.0
[2025-12-04 13:52:39] Analysis completed in 0.13s - Category: lose
[2025-12-04 13:52:39] Successfully processed graph 138 - Category: lose - Time: 0.13s
[2025-12-04 13:52:39] 
Processing graph 139/200
[2025-12-04 13:52:39] Graph 139 has 32 nodes and 33 edges
[2025-12-04 13:52:39] Converted to 33 bitstring edges
[2025-12-04 13:52:39] Computing Matchings Dynamic walk
[2025-12-04 13:52:39] Matchings - CX: 117.0, U3: 120.0, Depth: 164.0
[2025-12-04 13:52:39] Computing Pauli decomposition
[2025-12-04 13:52:39] Pauli - CX: 193.0, U3: 254.0, Depth: 320.0
[2025-12-04 13:52:39] Analysis completed in 0.13s - Category: win
[2025-12-04 13:52:39] Successfully processed graph 139 - Category: win - Time: 0.13s
[2025-12-04 13:52:39] 
Processing graph 140/200
[2025-12-04 13:52:39] Graph 140 has 32 nodes and 33 edges
[2025-12-04 13:52:39] Converted to 33 bitstring edges
[2025-12-04 13:52:39] Computing Matchings Dynamic walk
[2025-12-04 13:52:39] Matchings - CX: 119.0, U3: 120.0, Depth: 171.0
[2025-12-04 13:52:39] Computing Pauli decomposition
[2025-12-04 13:52:39] Pauli - CX: 152.0, U3: 227.0, Depth: 262.0
[2025-12-04 13:52:39] Analysis completed in 0.13s - Category: win
[2025-12-04 13:52:39] Successfully processed graph 140 - Category: win - Time: 0.13s
[2025-12-04 13:52:39] 
Processing graph 141/200
[2025-12-04 13:52:39] Graph 141 has 32 nodes and 33 edges
[2025-12-04 13:52:39] Converted to 33 bitstring edges
[2025-12-04 13:52:39] Computing Matchings Dynamic walk
[2025-12-04 13:52:39] Matchings - CX: 178.0, U3: 188.0, Depth: 249.0
[2025-12-04 13:52:39] Computing Pauli decomposition
[2025-12-04 13:52:39] Pauli - CX: 216.0, U3: 283.0, Depth: 351.0
[2025-12-04 13:52:39] Analysis completed in 0.14s - Category: win
[2025-12-04 13:52:39] Successfully processed graph 141 - Category: win - Time: 0.14s
[2025-12-04 13:52:39] 
Processing graph 142/200
[2025-12-04 13:52:39] Graph 142 has 32 nodes and 33 edges
[2025-12-04 13:52:39] Converted to 33 bitstring edges
[2025-12-04 13:52:39] Computing Matchings Dynamic walk
[2025-12-04 13:52:39] Matchings - CX: 224.0, U3: 231.0, Depth: 313.0
[2025-12-04 13:52:39] Computing Pauli decomposition
[2025-12-04 13:52:39] Pauli - CX: 200.0, U3: 282.0, Depth: 333.0
[2025-12-04 13:52:39] Analysis completed in 0.14s - Category: lose
[2025-12-04 13:52:39] Successfully processed graph 142 - Category: lose - Time: 0.14s
[2025-12-04 13:52:39] 
Processing graph 143/200
[2025-12-04 13:52:39] Graph 143 has 32 nodes and 33 edges
[2025-12-04 13:52:39] Converted to 33 bitstring edges
[2025-12-04 13:52:39] Computing Matchings Dynamic walk
[2025-12-04 13:52:39] Matchings - CX: 260.0, U3: 261.0, Depth: 361.0
[2025-12-04 13:52:39] Computing Pauli decomposition
[2025-12-04 13:52:39] Pauli - CX: 184.0, U3: 261.0, Depth: 317.0
[2025-12-04 13:52:39] Analysis completed in 0.14s - Category: lose
[2025-12-04 13:52:39] Successfully processed graph 143 - Category: lose - Time: 0.14s
[2025-12-04 13:52:39] 
Processing graph 144/200
[2025-12-04 13:52:39] Graph 144 has 32 nodes and 33 edges
[2025-12-04 13:52:39] Converted to 33 bitstring edges
[2025-12-04 13:52:39] Computing Matchings Dynamic walk
[2025-12-04 13:52:39] Matchings - CX: 198.0, U3: 198.0, Depth: 276.0
[2025-12-04 13:52:39] Computing Pauli decomposition
[2025-12-04 13:52:39] Pauli - CX: 235.0, U3: 260.0, Depth: 365.0
[2025-12-04 13:52:39] Analysis completed in 0.14s - Category: win
[2025-12-04 13:52:39] Successfully processed graph 144 - Category: win - Time: 0.14s
[2025-12-04 13:52:39] 
Processing graph 145/200
[2025-12-04 13:52:39] Graph 145 has 32 nodes and 33 edges
[2025-12-04 13:52:39] Converted to 33 bitstring edges
[2025-12-04 13:52:39] Computing Matchings Dynamic walk
[2025-12-04 13:52:39] Matchings - CX: 119.0, U3: 121.0, Depth: 168.0
[2025-12-04 13:52:39] Computing Pauli decomposition
[2025-12-04 13:52:40] Pauli - CX: 165.0, U3: 244.0, Depth: 284.0
[2025-12-04 13:52:40] Analysis completed in 0.14s - Category: win
[2025-12-04 13:52:40] Successfully processed graph 145 - Category: win - Time: 0.14s
[2025-12-04 13:52:40] 
Processing graph 146/200
[2025-12-04 13:52:40] Graph 146 has 32 nodes and 33 edges
[2025-12-04 13:52:40] Converted to 33 bitstring edges
[2025-12-04 13:52:40] Computing Matchings Dynamic walk
[2025-12-04 13:52:40] Matchings - CX: 250.0, U3: 265.0, Depth: 351.0
[2025-12-04 13:52:40] Computing Pauli decomposition
[2025-12-04 13:52:40] Pauli - CX: 188.0, U3: 242.0, Depth: 310.0
[2025-12-04 13:52:40] Analysis completed in 0.14s - Category: lose
[2025-12-04 13:52:40] Successfully processed graph 146 - Category: lose - Time: 0.14s
[2025-12-04 13:52:40] 
Processing graph 147/200
[2025-12-04 13:52:40] Graph 147 has 32 nodes and 33 edges
[2025-12-04 13:52:40] Converted to 33 bitstring edges
[2025-12-04 13:52:40] Computing Matchings Dynamic walk
[2025-12-04 13:52:40] Matchings - CX: 119.0, U3: 119.0, Depth: 168.0
[2025-12-04 13:52:40] Computing Pauli decomposition
[2025-12-04 13:52:40] Pauli - CX: 189.0, U3: 242.0, Depth: 312.0
[2025-12-04 13:52:40] Analysis completed in 0.12s - Category: win
[2025-12-04 13:52:40] Successfully processed graph 147 - Category: win - Time: 0.12s
[2025-12-04 13:52:40] 
Processing graph 148/200
[2025-12-04 13:52:40] Graph 148 has 32 nodes and 33 edges
[2025-12-04 13:52:40] Converted to 33 bitstring edges
[2025-12-04 13:52:40] Computing Matchings Dynamic walk
[2025-12-04 13:52:40] Matchings - CX: 111.0, U3: 120.0, Depth: 161.0
[2025-12-04 13:52:40] Computing Pauli decomposition
[2025-12-04 13:52:40] Pauli - CX: 180.0, U3: 242.0, Depth: 301.0
[2025-12-04 13:52:40] Analysis completed in 0.14s - Category: win
[2025-12-04 13:52:40] Successfully processed graph 148 - Category: win - Time: 0.14s
[2025-12-04 13:52:40] 
Processing graph 149/200
[2025-12-04 13:52:40] Graph 149 has 32 nodes and 33 edges
[2025-12-04 13:52:40] Converted to 33 bitstring edges
[2025-12-04 13:52:40] Computing Matchings Dynamic walk
[2025-12-04 13:52:40] Matchings - CX: 125.0, U3: 123.0, Depth: 176.0
[2025-12-04 13:52:40] Computing Pauli decomposition
[2025-12-04 13:52:40] Pauli - CX: 180.0, U3: 263.0, Depth: 307.0
[2025-12-04 13:52:40] Analysis completed in 0.13s - Category: win
[2025-12-04 13:52:40] Successfully processed graph 149 - Category: win - Time: 0.13s
[2025-12-04 13:52:40] 
Processing graph 150/200
[2025-12-04 13:52:40] Graph 150 has 32 nodes and 33 edges
[2025-12-04 13:52:40] Converted to 33 bitstring edges
[2025-12-04 13:52:40] Computing Matchings Dynamic walk
[2025-12-04 13:52:40] Matchings - CX: 115.0, U3: 122.0, Depth: 165.0
[2025-12-04 13:52:40] Computing Pauli decomposition
[2025-12-04 13:52:40] Pauli - CX: 181.0, U3: 241.0, Depth: 304.0
[2025-12-04 13:52:40] Analysis completed in 0.13s - Category: win
[2025-12-04 13:52:40] Successfully processed graph 150 - Category: win - Time: 0.13s
[2025-12-04 13:52:40] 
Processing graph 151/200
[2025-12-04 13:52:40] Graph 151 has 32 nodes and 33 edges
[2025-12-04 13:52:40] Converted to 33 bitstring edges
[2025-12-04 13:52:40] Computing Matchings Dynamic walk
[2025-12-04 13:52:40] Matchings - CX: 254.0, U3: 263.0, Depth: 358.0
[2025-12-04 13:52:40] Computing Pauli decomposition
[2025-12-04 13:52:40] Pauli - CX: 208.0, U3: 248.0, Depth: 331.0
[2025-12-04 13:52:40] Analysis completed in 0.13s - Category: lose
[2025-12-04 13:52:40] Successfully processed graph 151 - Category: lose - Time: 0.13s
[2025-12-04 13:52:40] 
Processing graph 152/200
[2025-12-04 13:52:40] Graph 152 has 32 nodes and 33 edges
[2025-12-04 13:52:40] Converted to 33 bitstring edges
[2025-12-04 13:52:40] Computing Matchings Dynamic walk
[2025-12-04 13:52:40] Matchings - CX: 119.0, U3: 118.0, Depth: 167.0
[2025-12-04 13:52:40] Computing Pauli decomposition
[2025-12-04 13:52:41] Pauli - CX: 192.0, U3: 280.0, Depth: 325.0
[2025-12-04 13:52:41] Analysis completed in 0.13s - Category: win
[2025-12-04 13:52:41] Successfully processed graph 152 - Category: win - Time: 0.13s
[2025-12-04 13:52:41] 
Processing graph 153/200
[2025-12-04 13:52:41] Graph 153 has 32 nodes and 33 edges
[2025-12-04 13:52:41] Converted to 33 bitstring edges
[2025-12-04 13:52:41] Computing Matchings Dynamic walk
[2025-12-04 13:52:41] Matchings - CX: 119.0, U3: 121.0, Depth: 169.0
[2025-12-04 13:52:41] Computing Pauli decomposition
[2025-12-04 13:52:41] Pauli - CX: 185.0, U3: 261.0, Depth: 308.0
[2025-12-04 13:52:41] Analysis completed in 0.12s - Category: win
[2025-12-04 13:52:41] Successfully processed graph 153 - Category: win - Time: 0.12s
[2025-12-04 13:52:41] 
Processing graph 154/200
[2025-12-04 13:52:41] Graph 154 has 32 nodes and 33 edges
[2025-12-04 13:52:41] Converted to 33 bitstring edges
[2025-12-04 13:52:41] Computing Matchings Dynamic walk
[2025-12-04 13:52:41] Matchings - CX: 117.0, U3: 123.0, Depth: 169.0
[2025-12-04 13:52:41] Computing Pauli decomposition
[2025-12-04 13:52:41] Pauli - CX: 204.0, U3: 259.0, Depth: 333.0
[2025-12-04 13:52:41] Analysis completed in 0.13s - Category: win
[2025-12-04 13:52:41] Successfully processed graph 154 - Category: win - Time: 0.13s
[2025-12-04 13:52:41] 
Processing graph 155/200
[2025-12-04 13:52:41] Graph 155 has 32 nodes and 33 edges
[2025-12-04 13:52:41] Converted to 33 bitstring edges
[2025-12-04 13:52:41] Computing Matchings Dynamic walk
[2025-12-04 13:52:41] Matchings - CX: 221.0, U3: 231.0, Depth: 310.0
[2025-12-04 13:52:41] Computing Pauli decomposition
[2025-12-04 13:52:41] Pauli - CX: 200.0, U3: 226.0, Depth: 320.0
[2025-12-04 13:52:41] Analysis completed in 0.14s - Category: lose
[2025-12-04 13:52:41] Successfully processed graph 155 - Category: lose - Time: 0.14s
[2025-12-04 13:52:41] 
Processing graph 156/200
[2025-12-04 13:52:41] Graph 156 has 32 nodes and 33 edges
[2025-12-04 13:52:41] Converted to 33 bitstring edges
[2025-12-04 13:52:41] Computing Matchings Dynamic walk
[2025-12-04 13:52:41] Matchings - CX: 113.0, U3: 119.0, Depth: 164.0
[2025-12-04 13:52:41] Computing Pauli decomposition
[2025-12-04 13:52:41] Pauli - CX: 216.0, U3: 280.0, Depth: 349.0
[2025-12-04 13:52:41] Analysis completed in 0.12s - Category: win
[2025-12-04 13:52:41] Successfully processed graph 156 - Category: win - Time: 0.12s
[2025-12-04 13:52:41] 
Processing graph 157/200
[2025-12-04 13:52:41] Graph 157 has 32 nodes and 33 edges
[2025-12-04 13:52:41] Converted to 33 bitstring edges
[2025-12-04 13:52:41] Computing Matchings Dynamic walk
[2025-12-04 13:52:41] Matchings - CX: 256.0, U3: 260.0, Depth: 354.0
[2025-12-04 13:52:41] Computing Pauli decomposition
[2025-12-04 13:52:41] Pauli - CX: 218.0, U3: 241.0, Depth: 339.0
[2025-12-04 13:52:41] Analysis completed in 0.14s - Category: lose
[2025-12-04 13:52:41] Successfully processed graph 157 - Category: lose - Time: 0.14s
[2025-12-04 13:52:41] 
Processing graph 158/200
[2025-12-04 13:52:41] Graph 158 has 32 nodes and 33 edges
[2025-12-04 13:52:41] Converted to 33 bitstring edges
[2025-12-04 13:52:41] Computing Matchings Dynamic walk
[2025-12-04 13:52:41] Matchings - CX: 119.0, U3: 121.0, Depth: 169.0
[2025-12-04 13:52:41] Computing Pauli decomposition
[2025-12-04 13:52:41] Pauli - CX: 219.0, U3: 275.0, Depth: 353.0
[2025-12-04 13:52:41] Analysis completed in 0.15s - Category: win
[2025-12-04 13:52:41] Successfully processed graph 158 - Category: win - Time: 0.15s
[2025-12-04 13:52:41] 
Processing graph 159/200
[2025-12-04 13:52:41] Graph 159 has 32 nodes and 33 edges
[2025-12-04 13:52:41] Converted to 33 bitstring edges
[2025-12-04 13:52:41] Computing Matchings Dynamic walk
[2025-12-04 13:52:41] Matchings - CX: 255.0, U3: 256.0, Depth: 354.0
[2025-12-04 13:52:41] Computing Pauli decomposition
[2025-12-04 13:52:41] Pauli - CX: 208.0, U3: 249.0, Depth: 335.0
[2025-12-04 13:52:41] Analysis completed in 0.14s - Category: lose
[2025-12-04 13:52:41] Successfully processed graph 159 - Category: lose - Time: 0.14s
[2025-12-04 13:52:42] 
Processing graph 160/200
[2025-12-04 13:52:42] Graph 160 has 32 nodes and 33 edges
[2025-12-04 13:52:42] Converted to 33 bitstring edges
[2025-12-04 13:52:42] Computing Matchings Dynamic walk
[2025-12-04 13:52:42] Matchings - CX: 254.0, U3: 264.0, Depth: 354.0
[2025-12-04 13:52:42] Computing Pauli decomposition
[2025-12-04 13:52:42] Pauli - CX: 208.0, U3: 249.0, Depth: 335.0
[2025-12-04 13:52:42] Analysis completed in 0.14s - Category: lose
[2025-12-04 13:52:42] Successfully processed graph 160 - Category: lose - Time: 0.14s
[2025-12-04 13:52:42] 
Processing graph 161/200
[2025-12-04 13:52:42] Graph 161 has 32 nodes and 33 edges
[2025-12-04 13:52:42] Converted to 33 bitstring edges
[2025-12-04 13:52:42] Computing Matchings Dynamic walk
[2025-12-04 13:52:42] Matchings - CX: 117.0, U3: 122.0, Depth: 165.0
[2025-12-04 13:52:42] Computing Pauli decomposition
[2025-12-04 13:52:42] Pauli - CX: 188.0, U3: 251.0, Depth: 316.0
[2025-12-04 13:52:42] Analysis completed in 0.13s - Category: win
[2025-12-04 13:52:42] Successfully processed graph 161 - Category: win - Time: 0.13s
[2025-12-04 13:52:42] 
Processing graph 162/200
[2025-12-04 13:52:42] Graph 162 has 32 nodes and 33 edges
[2025-12-04 13:52:42] Converted to 33 bitstring edges
[2025-12-04 13:52:42] Computing Matchings Dynamic walk
[2025-12-04 13:52:42] Matchings - CX: 260.0, U3: 253.0, Depth: 356.0
[2025-12-04 13:52:42] Computing Pauli decomposition
[2025-12-04 13:52:42] Pauli - CX: 175.0, U3: 249.0, Depth: 296.0
[2025-12-04 13:52:42] Analysis completed in 0.13s - Category: lose
[2025-12-04 13:52:42] Successfully processed graph 162 - Category: lose - Time: 0.13s
[2025-12-04 13:52:42] 
Processing graph 163/200
[2025-12-04 13:52:42] Graph 163 has 32 nodes and 33 edges
[2025-12-04 13:52:42] Converted to 33 bitstring edges
[2025-12-04 13:52:42] Computing Matchings Dynamic walk
[2025-12-04 13:52:42] Matchings - CX: 169.0, U3: 164.0, Depth: 239.0
[2025-12-04 13:52:42] Computing Pauli decomposition
[2025-12-04 13:52:42] Pauli - CX: 213.0, U3: 293.0, Depth: 349.0
[2025-12-04 13:52:42] Analysis completed in 0.14s - Category: win
[2025-12-04 13:52:42] Successfully processed graph 163 - Category: win - Time: 0.14s
[2025-12-04 13:52:42] 
Processing graph 164/200
[2025-12-04 13:52:42] Graph 164 has 32 nodes and 33 edges
[2025-12-04 13:52:42] Converted to 33 bitstring edges
[2025-12-04 13:52:42] Computing Matchings Dynamic walk
[2025-12-04 13:52:42] Matchings - CX: 123.0, U3: 119.0, Depth: 173.0
[2025-12-04 13:52:42] Computing Pauli decomposition
[2025-12-04 13:52:42] Pauli - CX: 151.0, U3: 166.0, Depth: 231.0
[2025-12-04 13:52:42] Analysis completed in 0.13s - Category: win
[2025-12-04 13:52:42] Successfully processed graph 164 - Category: win - Time: 0.13s
[2025-12-04 13:52:42] 
Processing graph 165/200
[2025-12-04 13:52:42] Graph 165 has 32 nodes and 33 edges
[2025-12-04 13:52:42] Converted to 33 bitstring edges
[2025-12-04 13:52:42] Computing Matchings Dynamic walk
[2025-12-04 13:52:42] Matchings - CX: 262.0, U3: 261.0, Depth: 364.0
[2025-12-04 13:52:42] Computing Pauli decomposition
[2025-12-04 13:52:42] Pauli - CX: 188.0, U3: 223.0, Depth: 305.0
[2025-12-04 13:52:42] Analysis completed in 0.13s - Category: lose
[2025-12-04 13:52:42] Successfully processed graph 165 - Category: lose - Time: 0.13s
[2025-12-04 13:52:42] 
Processing graph 166/200
[2025-12-04 13:52:42] Graph 166 has 32 nodes and 33 edges
[2025-12-04 13:52:42] Converted to 33 bitstring edges
[2025-12-04 13:52:42] Computing Matchings Dynamic walk
[2025-12-04 13:52:42] Matchings - CX: 196.0, U3: 190.0, Depth: 280.0
[2025-12-04 13:52:42] Computing Pauli decomposition
[2025-12-04 13:52:42] Pauli - CX: 164.0, U3: 191.0, Depth: 254.0
[2025-12-04 13:52:42] Analysis completed in 0.12s - Category: lose
[2025-12-04 13:52:42] Successfully processed graph 166 - Category: lose - Time: 0.12s
[2025-12-04 13:52:42] 
Processing graph 167/200
[2025-12-04 13:52:42] Graph 167 has 32 nodes and 33 edges
[2025-12-04 13:52:42] Converted to 33 bitstring edges
[2025-12-04 13:52:42] Computing Matchings Dynamic walk
[2025-12-04 13:52:42] Matchings - CX: 256.0, U3: 268.0, Depth: 358.0
[2025-12-04 13:52:42] Computing Pauli decomposition
[2025-12-04 13:52:43] Pauli - CX: 165.0, U3: 237.0, Depth: 280.0
[2025-12-04 13:52:43] Analysis completed in 0.14s - Category: lose
[2025-12-04 13:52:43] Successfully processed graph 167 - Category: lose - Time: 0.14s
[2025-12-04 13:52:43] 
Processing graph 168/200
[2025-12-04 13:52:43] Graph 168 has 32 nodes and 33 edges
[2025-12-04 13:52:43] Converted to 33 bitstring edges
[2025-12-04 13:52:43] Computing Matchings Dynamic walk
[2025-12-04 13:52:43] Matchings - CX: 113.0, U3: 118.0, Depth: 163.0
[2025-12-04 13:52:43] Computing Pauli decomposition
[2025-12-04 13:52:43] Pauli - CX: 196.0, U3: 266.0, Depth: 328.0
[2025-12-04 13:52:43] Analysis completed in 0.13s - Category: win
[2025-12-04 13:52:43] Successfully processed graph 168 - Category: win - Time: 0.13s
[2025-12-04 13:52:43] 
Processing graph 169/200
[2025-12-04 13:52:43] Graph 169 has 32 nodes and 33 edges
[2025-12-04 13:52:43] Converted to 33 bitstring edges
[2025-12-04 13:52:43] Computing Matchings Dynamic walk
[2025-12-04 13:52:43] Matchings - CX: 227.0, U3: 228.0, Depth: 314.0
[2025-12-04 13:52:43] Computing Pauli decomposition
[2025-12-04 13:52:43] Pauli - CX: 205.0, U3: 256.0, Depth: 330.0
[2025-12-04 13:52:43] Analysis completed in 0.14s - Category: lose
[2025-12-04 13:52:43] Successfully processed graph 169 - Category: lose - Time: 0.14s
[2025-12-04 13:52:43] 
Processing graph 170/200
[2025-12-04 13:52:43] Graph 170 has 32 nodes and 33 edges
[2025-12-04 13:52:43] Converted to 33 bitstring edges
[2025-12-04 13:52:43] Computing Matchings Dynamic walk
[2025-12-04 13:52:43] Matchings - CX: 261.0, U3: 262.0, Depth: 362.0
[2025-12-04 13:52:43] Computing Pauli decomposition
[2025-12-04 13:52:43] Pauli - CX: 178.0, U3: 245.0, Depth: 299.0
[2025-12-04 13:52:43] Analysis completed in 0.13s - Category: lose
[2025-12-04 13:52:43] Successfully processed graph 170 - Category: lose - Time: 0.13s
[2025-12-04 13:52:43] 
Processing graph 171/200
[2025-12-04 13:52:43] Graph 171 has 32 nodes and 33 edges
[2025-12-04 13:52:43] Converted to 33 bitstring edges
[2025-12-04 13:52:43] Computing Matchings Dynamic walk
[2025-12-04 13:52:43] Matchings - CX: 311.0, U3: 343.0, Depth: 428.0
[2025-12-04 13:52:43] Computing Pauli decomposition
[2025-12-04 13:52:43] Pauli - CX: 171.0, U3: 237.0, Depth: 290.0
[2025-12-04 13:52:43] Analysis completed in 0.14s - Category: lose
[2025-12-04 13:52:43] Successfully processed graph 171 - Category: lose - Time: 0.14s
[2025-12-04 13:52:43] 
Processing graph 172/200
[2025-12-04 13:52:43] Graph 172 has 32 nodes and 33 edges
[2025-12-04 13:52:43] Converted to 33 bitstring edges
[2025-12-04 13:52:43] Computing Matchings Dynamic walk
[2025-12-04 13:52:43] Matchings - CX: 227.0, U3: 223.0, Depth: 318.0
[2025-12-04 13:52:43] Computing Pauli decomposition
[2025-12-04 13:52:43] Pauli - CX: 149.0, U3: 235.0, Depth: 262.0
[2025-12-04 13:52:43] Analysis completed in 0.13s - Category: lose
[2025-12-04 13:52:43] Successfully processed graph 172 - Category: lose - Time: 0.13s
[2025-12-04 13:52:43] 
Processing graph 173/200
[2025-12-04 13:52:43] Graph 173 has 32 nodes and 33 edges
[2025-12-04 13:52:43] Converted to 33 bitstring edges
[2025-12-04 13:52:43] Computing Matchings Dynamic walk
[2025-12-04 13:52:43] Matchings - CX: 257.0, U3: 262.0, Depth: 358.0
[2025-12-04 13:52:43] Computing Pauli decomposition
[2025-12-04 13:52:43] Pauli - CX: 220.0, U3: 278.0, Depth: 354.0
[2025-12-04 13:52:43] Analysis completed in 0.14s - Category: lose
[2025-12-04 13:52:43] Successfully processed graph 173 - Category: lose - Time: 0.14s
[2025-12-04 13:52:43] 
Processing graph 174/200
[2025-12-04 13:52:43] Graph 174 has 32 nodes and 33 edges
[2025-12-04 13:52:43] Converted to 33 bitstring edges
[2025-12-04 13:52:43] Computing Matchings Dynamic walk
[2025-12-04 13:52:43] Matchings - CX: 119.0, U3: 124.0, Depth: 168.0
[2025-12-04 13:52:43] Computing Pauli decomposition
[2025-12-04 13:52:44] Pauli - CX: 192.0, U3: 279.0, Depth: 325.0
[2025-12-04 13:52:44] Analysis completed in 0.13s - Category: win
[2025-12-04 13:52:44] Successfully processed graph 174 - Category: win - Time: 0.13s
[2025-12-04 13:52:44] 
Processing graph 175/200
[2025-12-04 13:52:44] Graph 175 has 32 nodes and 33 edges
[2025-12-04 13:52:44] Converted to 33 bitstring edges
[2025-12-04 13:52:44] Computing Matchings Dynamic walk
[2025-12-04 13:52:44] Matchings - CX: 110.0, U3: 121.0, Depth: 158.0
[2025-12-04 13:52:44] Computing Pauli decomposition
[2025-12-04 13:52:44] Pauli - CX: 196.0, U3: 260.0, Depth: 325.0
[2025-12-04 13:52:44] Analysis completed in 0.13s - Category: win
[2025-12-04 13:52:44] Successfully processed graph 175 - Category: win - Time: 0.13s
[2025-12-04 13:52:44] 
Processing graph 176/200
[2025-12-04 13:52:44] Graph 176 has 32 nodes and 33 edges
[2025-12-04 13:52:44] Converted to 33 bitstring edges
[2025-12-04 13:52:44] Computing Matchings Dynamic walk
[2025-12-04 13:52:44] Matchings - CX: 117.0, U3: 119.0, Depth: 169.0
[2025-12-04 13:52:44] Computing Pauli decomposition
[2025-12-04 13:52:44] Pauli - CX: 196.0, U3: 261.0, Depth: 325.0
[2025-12-04 13:52:44] Analysis completed in 0.13s - Category: win
[2025-12-04 13:52:44] Successfully processed graph 176 - Category: win - Time: 0.13s
[2025-12-04 13:52:44] 
Processing graph 177/200
[2025-12-04 13:52:44] Graph 177 has 32 nodes and 33 edges
[2025-12-04 13:52:44] Converted to 33 bitstring edges
[2025-12-04 13:52:44] Computing Matchings Dynamic walk
[2025-12-04 13:52:44] Matchings - CX: 119.0, U3: 123.0, Depth: 169.0
[2025-12-04 13:52:44] Computing Pauli decomposition
[2025-12-04 13:52:44] Pauli - CX: 155.0, U3: 230.0, Depth: 266.0
[2025-12-04 13:52:44] Analysis completed in 0.12s - Category: win
[2025-12-04 13:52:44] Successfully processed graph 177 - Category: win - Time: 0.12s
[2025-12-04 13:52:44] 
Processing graph 178/200
[2025-12-04 13:52:44] Graph 178 has 32 nodes and 33 edges
[2025-12-04 13:52:44] Converted to 33 bitstring edges
[2025-12-04 13:52:44] Computing Matchings Dynamic walk
[2025-12-04 13:52:44] Matchings - CX: 256.0, U3: 260.0, Depth: 358.0
[2025-12-04 13:52:44] Computing Pauli decomposition
[2025-12-04 13:52:44] Pauli - CX: 164.0, U3: 228.0, Depth: 280.0
[2025-12-04 13:52:44] Analysis completed in 0.14s - Category: lose
[2025-12-04 13:52:44] Successfully processed graph 178 - Category: lose - Time: 0.14s
[2025-12-04 13:52:44] 
Processing graph 179/200
[2025-12-04 13:52:44] Graph 179 has 32 nodes and 33 edges
[2025-12-04 13:52:44] Converted to 33 bitstring edges
[2025-12-04 13:52:44] Computing Matchings Dynamic walk
[2025-12-04 13:52:44] Matchings - CX: 256.0, U3: 256.0, Depth: 353.0
[2025-12-04 13:52:44] Computing Pauli decomposition
[2025-12-04 13:52:44] Pauli - CX: 160.0, U3: 218.0, Depth: 269.0
[2025-12-04 13:52:44] Analysis completed in 0.14s - Category: lose
[2025-12-04 13:52:44] Successfully processed graph 179 - Category: lose - Time: 0.14s
[2025-12-04 13:52:44] 
Processing graph 180/200
[2025-12-04 13:52:44] Graph 180 has 32 nodes and 33 edges
[2025-12-04 13:52:44] Converted to 33 bitstring edges
[2025-12-04 13:52:44] Computing Matchings Dynamic walk
[2025-12-04 13:52:44] Matchings - CX: 289.0, U3: 298.0, Depth: 397.0
[2025-12-04 13:52:44] Computing Pauli decomposition
[2025-12-04 13:52:44] Pauli - CX: 188.0, U3: 219.0, Depth: 296.0
[2025-12-04 13:52:44] Analysis completed in 0.15s - Category: lose
[2025-12-04 13:52:44] Successfully processed graph 180 - Category: lose - Time: 0.15s
[2025-12-04 13:52:44] 
Processing graph 181/200
[2025-12-04 13:52:44] Graph 181 has 32 nodes and 33 edges
[2025-12-04 13:52:44] Converted to 33 bitstring edges
[2025-12-04 13:52:44] Computing Matchings Dynamic walk
[2025-12-04 13:52:44] Matchings - CX: 119.0, U3: 118.0, Depth: 169.0
[2025-12-04 13:52:44] Computing Pauli decomposition
[2025-12-04 13:52:45] Pauli - CX: 168.0, U3: 235.0, Depth: 284.0
[2025-12-04 13:52:45] Analysis completed in 0.13s - Category: win
[2025-12-04 13:52:45] Successfully processed graph 181 - Category: win - Time: 0.13s
[2025-12-04 13:52:45] 
Processing graph 182/200
[2025-12-04 13:52:45] Graph 182 has 32 nodes and 33 edges
[2025-12-04 13:52:45] Converted to 33 bitstring edges
[2025-12-04 13:52:45] Computing Matchings Dynamic walk
[2025-12-04 13:52:45] Matchings - CX: 288.0, U3: 288.0, Depth: 398.0
[2025-12-04 13:52:45] Computing Pauli decomposition
[2025-12-04 13:52:45] Pauli - CX: 180.0, U3: 256.0, Depth: 306.0
[2025-12-04 13:52:45] Analysis completed in 0.14s - Category: lose
[2025-12-04 13:52:45] Successfully processed graph 182 - Category: lose - Time: 0.14s
[2025-12-04 13:52:45] 
Processing graph 183/200
[2025-12-04 13:52:45] Graph 183 has 32 nodes and 33 edges
[2025-12-04 13:52:45] Converted to 33 bitstring edges
[2025-12-04 13:52:45] Computing Matchings Dynamic walk
[2025-12-04 13:52:45] Matchings - CX: 256.0, U3: 262.0, Depth: 355.0
[2025-12-04 13:52:45] Computing Pauli decomposition
[2025-12-04 13:52:45] Pauli - CX: 152.0, U3: 183.0, Depth: 240.0
[2025-12-04 13:52:45] Analysis completed in 0.13s - Category: lose
[2025-12-04 13:52:45] Successfully processed graph 183 - Category: lose - Time: 0.13s
[2025-12-04 13:52:45] 
Processing graph 184/200
[2025-12-04 13:52:45] Graph 184 has 32 nodes and 33 edges
[2025-12-04 13:52:45] Converted to 33 bitstring edges
[2025-12-04 13:52:45] Computing Matchings Dynamic walk
[2025-12-04 13:52:45] Matchings - CX: 117.0, U3: 120.0, Depth: 165.0
[2025-12-04 13:52:45] Computing Pauli decomposition
[2025-12-04 13:52:45] Pauli - CX: 188.0, U3: 251.0, Depth: 316.0
[2025-12-04 13:52:45] Analysis completed in 0.13s - Category: win
[2025-12-04 13:52:45] Successfully processed graph 184 - Category: win - Time: 0.13s
[2025-12-04 13:52:45] 
Processing graph 185/200
[2025-12-04 13:52:45] Graph 185 has 32 nodes and 33 edges
[2025-12-04 13:52:45] Converted to 33 bitstring edges
[2025-12-04 13:52:45] Computing Matchings Dynamic walk
[2025-12-04 13:52:45] Matchings - CX: 119.0, U3: 120.0, Depth: 167.0
[2025-12-04 13:52:45] Computing Pauli decomposition
[2025-12-04 13:52:45] Pauli - CX: 124.0, U3: 183.0, Depth: 210.0
[2025-12-04 13:52:45] Analysis completed in 0.12s - Category: win
[2025-12-04 13:52:45] Successfully processed graph 185 - Category: win - Time: 0.12s
[2025-12-04 13:52:45] 
Processing graph 186/200
[2025-12-04 13:52:45] Graph 186 has 32 nodes and 33 edges
[2025-12-04 13:52:45] Converted to 33 bitstring edges
[2025-12-04 13:52:45] Computing Matchings Dynamic walk
[2025-12-04 13:52:45] Matchings - CX: 220.0, U3: 218.0, Depth: 301.0
[2025-12-04 13:52:45] Computing Pauli decomposition
[2025-12-04 13:52:45] Pauli - CX: 220.0, U3: 281.0, Depth: 358.0
[2025-12-04 13:52:45] Analysis completed in 0.14s - Category: draw
[2025-12-04 13:52:45] Successfully processed graph 186 - Category: draw - Time: 0.14s
[2025-12-04 13:52:45] 
Processing graph 187/200
[2025-12-04 13:52:45] Graph 187 has 32 nodes and 33 edges
[2025-12-04 13:52:45] Converted to 33 bitstring edges
[2025-12-04 13:52:45] Computing Matchings Dynamic walk
[2025-12-04 13:52:45] Matchings - CX: 256.0, U3: 257.0, Depth: 356.0
[2025-12-04 13:52:45] Computing Pauli decomposition
[2025-12-04 13:52:45] Pauli - CX: 176.0, U3: 228.0, Depth: 291.0
[2025-12-04 13:52:45] Analysis completed in 0.14s - Category: lose
[2025-12-04 13:52:45] Successfully processed graph 187 - Category: lose - Time: 0.14s
[2025-12-04 13:52:45] 
Processing graph 188/200
[2025-12-04 13:52:45] Graph 188 has 32 nodes and 33 edges
[2025-12-04 13:52:45] Converted to 33 bitstring edges
[2025-12-04 13:52:45] Computing Matchings Dynamic walk
[2025-12-04 13:52:45] Matchings - CX: 194.0, U3: 196.0, Depth: 269.0
[2025-12-04 13:52:45] Computing Pauli decomposition
[2025-12-04 13:52:45] Pauli - CX: 231.0, U3: 239.0, Depth: 351.0
[2025-12-04 13:52:45] Analysis completed in 0.13s - Category: win
[2025-12-04 13:52:45] Successfully processed graph 188 - Category: win - Time: 0.13s
[2025-12-04 13:52:45] 
Processing graph 189/200
[2025-12-04 13:52:45] Graph 189 has 32 nodes and 33 edges
[2025-12-04 13:52:45] Converted to 33 bitstring edges
[2025-12-04 13:52:45] Computing Matchings Dynamic walk
[2025-12-04 13:52:46] Matchings - CX: 257.0, U3: 257.0, Depth: 356.0
[2025-12-04 13:52:46] Computing Pauli decomposition
[2025-12-04 13:52:46] Pauli - CX: 154.0, U3: 190.0, Depth: 247.0
[2025-12-04 13:52:46] Analysis completed in 0.13s - Category: lose
[2025-12-04 13:52:46] Successfully processed graph 189 - Category: lose - Time: 0.13s
[2025-12-04 13:52:46] 
Processing graph 190/200
[2025-12-04 13:52:46] Graph 190 has 32 nodes and 33 edges
[2025-12-04 13:52:46] Converted to 33 bitstring edges
[2025-12-04 13:52:46] Computing Matchings Dynamic walk
[2025-12-04 13:52:46] Matchings - CX: 121.0, U3: 118.0, Depth: 171.0
[2025-12-04 13:52:46] Computing Pauli decomposition
[2025-12-04 13:52:46] Pauli - CX: 116.0, U3: 160.0, Depth: 194.0
[2025-12-04 13:52:46] Analysis completed in 0.12s - Category: lose
[2025-12-04 13:52:46] Successfully processed graph 190 - Category: lose - Time: 0.12s
[2025-12-04 13:52:46] 
Processing graph 191/200
[2025-12-04 13:52:46] Graph 191 has 32 nodes and 33 edges
[2025-12-04 13:52:46] Converted to 33 bitstring edges
[2025-12-04 13:52:46] Computing Matchings Dynamic walk
[2025-12-04 13:52:46] Matchings - CX: 117.0, U3: 120.0, Depth: 164.0
[2025-12-04 13:52:46] Computing Pauli decomposition
[2025-12-04 13:52:46] Pauli - CX: 191.0, U3: 263.0, Depth: 323.0
[2025-12-04 13:52:46] Analysis completed in 0.13s - Category: win
[2025-12-04 13:52:46] Successfully processed graph 191 - Category: win - Time: 0.13s
[2025-12-04 13:52:46] 
Processing graph 192/200
[2025-12-04 13:52:46] Graph 192 has 32 nodes and 33 edges
[2025-12-04 13:52:46] Converted to 33 bitstring edges
[2025-12-04 13:52:46] Computing Matchings Dynamic walk
[2025-12-04 13:52:46] Matchings - CX: 227.0, U3: 222.0, Depth: 316.0
[2025-12-04 13:52:46] Computing Pauli decomposition
[2025-12-04 13:52:46] Pauli - CX: 172.0, U3: 235.0, Depth: 285.0
[2025-12-04 13:52:46] Analysis completed in 0.13s - Category: lose
[2025-12-04 13:52:46] Successfully processed graph 192 - Category: lose - Time: 0.13s
[2025-12-04 13:52:46] 
Processing graph 193/200
[2025-12-04 13:52:46] Graph 193 has 32 nodes and 33 edges
[2025-12-04 13:52:46] Converted to 33 bitstring edges
[2025-12-04 13:52:46] Computing Matchings Dynamic walk
[2025-12-04 13:52:46] Matchings - CX: 190.0, U3: 197.0, Depth: 267.0
[2025-12-04 13:52:46] Computing Pauli decomposition
[2025-12-04 13:52:46] Pauli - CX: 202.0, U3: 252.0, Depth: 327.0
[2025-12-04 13:52:46] Analysis completed in 0.13s - Category: win
[2025-12-04 13:52:46] Successfully processed graph 193 - Category: win - Time: 0.13s
[2025-12-04 13:52:46] 
Processing graph 194/200
[2025-12-04 13:52:46] Graph 194 has 32 nodes and 33 edges
[2025-12-04 13:52:46] Converted to 33 bitstring edges
[2025-12-04 13:52:46] Computing Matchings Dynamic walk
[2025-12-04 13:52:46] Matchings - CX: 229.0, U3: 226.0, Depth: 317.0
[2025-12-04 13:52:46] Computing Pauli decomposition
[2025-12-04 13:52:46] Pauli - CX: 179.0, U3: 219.0, Depth: 289.0
[2025-12-04 13:52:46] Analysis completed in 0.14s - Category: lose
[2025-12-04 13:52:46] Successfully processed graph 194 - Category: lose - Time: 0.14s
[2025-12-04 13:52:46] 
Processing graph 195/200
[2025-12-04 13:52:46] Graph 195 has 32 nodes and 33 edges
[2025-12-04 13:52:46] Converted to 33 bitstring edges
[2025-12-04 13:52:46] Computing Matchings Dynamic walk
[2025-12-04 13:52:46] Matchings - CX: 153.0, U3: 159.0, Depth: 215.0
[2025-12-04 13:52:46] Computing Pauli decomposition
[2025-12-04 13:52:46] Pauli - CX: 248.0, U3: 328.0, Depth: 407.0
[2025-12-04 13:52:46] Analysis completed in 0.14s - Category: win
[2025-12-04 13:52:46] Successfully processed graph 195 - Category: win - Time: 0.14s
[2025-12-04 13:52:46] 
Processing graph 196/200
[2025-12-04 13:52:46] Graph 196 has 32 nodes and 33 edges
[2025-12-04 13:52:46] Converted to 33 bitstring edges
[2025-12-04 13:52:46] Computing Matchings Dynamic walk
[2025-12-04 13:52:46] Matchings - CX: 223.0, U3: 234.0, Depth: 310.0
[2025-12-04 13:52:46] Computing Pauli decomposition
[2025-12-04 13:52:47] Pauli - CX: 219.0, U3: 275.0, Depth: 353.0
[2025-12-04 13:52:47] Analysis completed in 0.14s - Category: lose
[2025-12-04 13:52:47] Successfully processed graph 196 - Category: lose - Time: 0.14s
[2025-12-04 13:52:47] 
Processing graph 197/200
[2025-12-04 13:52:47] Graph 197 has 32 nodes and 33 edges
[2025-12-04 13:52:47] Converted to 33 bitstring edges
[2025-12-04 13:52:47] Computing Matchings Dynamic walk
[2025-12-04 13:52:47] Matchings - CX: 262.0, U3: 261.0, Depth: 363.0
[2025-12-04 13:52:47] Computing Pauli decomposition
[2025-12-04 13:52:47] Pauli - CX: 172.0, U3: 218.0, Depth: 283.0
[2025-12-04 13:52:47] Analysis completed in 0.14s - Category: lose
[2025-12-04 13:52:47] Successfully processed graph 197 - Category: lose - Time: 0.14s
[2025-12-04 13:52:47] 
Processing graph 198/200
[2025-12-04 13:52:47] Graph 198 has 32 nodes and 33 edges
[2025-12-04 13:52:47] Converted to 33 bitstring edges
[2025-12-04 13:52:47] Computing Matchings Dynamic walk
[2025-12-04 13:52:47] Matchings - CX: 199.0, U3: 190.0, Depth: 277.0
[2025-12-04 13:52:47] Computing Pauli decomposition
[2025-12-04 13:52:47] Pauli - CX: 201.0, U3: 265.0, Depth: 326.0
[2025-12-04 13:52:47] Analysis completed in 0.13s - Category: win
[2025-12-04 13:52:47] Successfully processed graph 198 - Category: win - Time: 0.13s
[2025-12-04 13:52:47] 
Processing graph 199/200
[2025-12-04 13:52:47] Graph 199 has 32 nodes and 33 edges
[2025-12-04 13:52:47] Converted to 33 bitstring edges
[2025-12-04 13:52:47] Computing Matchings Dynamic walk
[2025-12-04 13:52:47] Matchings - CX: 119.0, U3: 120.0, Depth: 169.0
[2025-12-04 13:52:47] Computing Pauli decomposition
[2025-12-04 13:52:47] Pauli - CX: 221.0, U3: 237.0, Depth: 340.0
[2025-12-04 13:52:47] Analysis completed in 0.13s - Category: win
[2025-12-04 13:52:47] Successfully processed graph 199 - Category: win - Time: 0.13s
[2025-12-04 13:52:47] 
Final Results Summary:
[2025-12-04 13:52:47] Total graphs in file: 200
[2025-12-04 13:52:47] Successfully processed: 200
[2025-12-04 13:52:47] Matching algorithm used: automatic (bipartite/greedy)
[2025-12-04 13:52:47] win: 125 (62.5%)
[2025-12-04 13:52:47] lose: 73 (36.5%)
[2025-12-04 13:52:47] draw: 2 (1.0%)
[2025-12-04 13:52:47] Average time per graph: 0.13s
[2025-12-04 13:52:47] Min time per graph: 0.12s
[2025-12-04 13:52:47] Max time per graph: 0.17s
[2025-12-04 13:52:47] Total analysis time: 26.48s
[2025-12-04 13:52:47] 
Detailed Graph Properties by Category:

[2025-12-04 13:52:47] 
WIN Graphs Statistics:
[2025-12-04 13:52:47] Total graphs processed: 125
[2025-12-04 13:52:47] Edge count - Min: 31, Max: 33, Mean: 32.66
[2025-12-04 13:52:47] Edge density - Min: 0.0625, Max: 0.0665, Mean: 0.0659
[2025-12-04 13:52:47] Bipartite graphs: 39, Non-bipartite graphs: 86
[2025-12-04 13:52:47] Diameter (connected graphs) - Min: 12, Max: 31, Mean: 20.51
[2025-12-04 13:52:47] Clique number - Min: 2, Max: 3, Mean: 2.17
[2025-12-04 13:52:47] Maximum degree - Min: 2, Max: 4, Mean: 3.06
[2025-12-04 13:52:47] Average degree - Min: 1.94, Max: 2.06, Mean: 2.04
[2025-12-04 13:52:47] Clustering coefficient - Min: 0.0000, Max: 0.1250, Mean: 0.0090
[2025-12-04 13:52:47] Estimated group size - Min: 8, Max: 8, Mean: 8.00
[2025-12-04 13:52:47] Estimated orbit count - Min: 2, Max: 4, Mean: 3.06
[2025-12-04 13:52:47] 
LOSE Graphs Statistics:
[2025-12-04 13:52:47] Total graphs processed: 73
[2025-12-04 13:52:47] Edge count - Min: 32, Max: 33, Mean: 32.90
[2025-12-04 13:52:47] Edge density - Min: 0.0645, Max: 0.0665, Mean: 0.0663
[2025-12-04 13:52:47] Bipartite graphs: 14, Non-bipartite graphs: 59
[2025-12-04 13:52:47] Diameter (connected graphs) - Min: 13, Max: 29, Mean: 18.66
[2025-12-04 13:52:47] Clique number - Min: 2, Max: 3, Mean: 2.12
[2025-12-04 13:52:47] Maximum degree - Min: 3, Max: 4, Mean: 3.11
[2025-12-04 13:52:47] Average degree - Min: 2.00, Max: 2.06, Mean: 2.06
[2025-12-04 13:52:47] Clustering coefficient - Min: 0.0000, Max: 0.1042, Mean: 0.0062
[2025-12-04 13:52:47] Estimated group size - Min: 8, Max: 8, Mean: 8.00
[2025-12-04 13:52:47] Estimated orbit count - Min: 3, Max: 4, Mean: 3.11
[2025-12-04 13:52:47] 
DRAW Graphs Statistics:
[2025-12-04 13:52:47] Total graphs processed: 2
[2025-12-04 13:52:47] Edge count - Min: 33, Max: 33, Mean: 33.00
[2025-12-04 13:52:47] Edge density - Min: 0.0665, Max: 0.0665, Mean: 0.0665
[2025-12-04 13:52:47] Bipartite graphs: 0, Non-bipartite graphs: 2
[2025-12-04 13:52:47] Diameter (connected graphs) - Min: 14, Max: 18, Mean: 16.00
[2025-12-04 13:52:47] Clique number - Min: 2, Max: 2, Mean: 2.00
[2025-12-04 13:52:47] Maximum degree - Min: 3, Max: 3, Mean: 3.00
[2025-12-04 13:52:47] Average degree - Min: 2.06, Max: 2.06, Mean: 2.06
[2025-12-04 13:52:47] Clustering coefficient - Min: 0.0000, Max: 0.0000, Mean: 0.0000
[2025-12-04 13:52:47] Estimated group size - Min: 8, Max: 8, Mean: 8.00
[2025-12-04 13:52:47] Estimated orbit count - Min: 3, Max: 3, Mean: 3.00
[2025-12-04 13:52:47] 
Average Gate Counts by Category:
[2025-12-04 13:52:47] win_matching_cx: 121.50
[2025-12-04 13:52:47] win_matching_u3: 123.22
[2025-12-04 13:52:47] win_pauli_cx: 184.46
[2025-12-04 13:52:47] win_pauli_u3: 238.86
[2025-12-04 13:52:47] win_matching_depth: 172.43
[2025-12-04 13:52:47] win_pauli_depth: 301.21
[2025-12-04 13:52:47] win_analysis_time: 0.13
[2025-12-04 13:52:47] win_graph_edge_count: 32.66
[2025-12-04 13:52:47] win_graph_edge_density: 0.07
[2025-12-04 13:52:47] win_graph_is_bipartite: 0.31
[2025-12-04 13:52:47] win_graph_diameter: 20.51
[2025-12-04 13:52:47] win_graph_clique_number: 2.17
[2025-12-04 13:52:47] win_graph_max_degree: 3.06
[2025-12-04 13:52:47] win_graph_avg_degree: 2.04
[2025-12-04 13:52:47] win_graph_avg_clustering: 0.01
[2025-12-04 13:52:47] win_graph_estimated_group_size: 8.00
[2025-12-04 13:52:47] win_graph_estimated_orbit_count: 3.06
[2025-12-04 13:52:47] lose_matching_cx: 236.64
[2025-12-04 13:52:47] lose_matching_u3: 239.49
[2025-12-04 13:52:47] lose_pauli_cx: 178.29
[2025-12-04 13:52:47] lose_pauli_u3: 234.22
[2025-12-04 13:52:47] lose_matching_depth: 329.18
[2025-12-04 13:52:47] lose_pauli_depth: 293.90
[2025-12-04 13:52:47] lose_analysis_time: 0.14
[2025-12-04 13:52:47] lose_graph_edge_count: 32.90
[2025-12-04 13:52:47] lose_graph_edge_density: 0.07
[2025-12-04 13:52:47] lose_graph_is_bipartite: 0.19
[2025-12-04 13:52:47] lose_graph_diameter: 18.66
[2025-12-04 13:52:47] lose_graph_clique_number: 2.12
[2025-12-04 13:52:47] lose_graph_max_degree: 3.11
[2025-12-04 13:52:47] lose_graph_avg_degree: 2.06
[2025-12-04 13:52:47] lose_graph_avg_clustering: 0.01
[2025-12-04 13:52:47] lose_graph_estimated_group_size: 8.00
[2025-12-04 13:52:47] lose_graph_estimated_orbit_count: 3.11
[2025-12-04 13:52:47] draw_matching_cx: 223.00
[2025-12-04 13:52:47] draw_matching_u3: 220.50
[2025-12-04 13:52:47] draw_pauli_cx: 223.00
[2025-12-04 13:52:47] draw_pauli_u3: 286.00
[2025-12-04 13:52:47] draw_matching_depth: 307.50
[2025-12-04 13:52:47] draw_pauli_depth: 361.00
[2025-12-04 13:52:47] draw_analysis_time: 0.15
[2025-12-04 13:52:47] draw_graph_edge_count: 33.00
[2025-12-04 13:52:47] draw_graph_edge_density: 0.07
[2025-12-04 13:52:47] draw_graph_is_bipartite: 0.00
[2025-12-04 13:52:47] draw_graph_diameter: 16.00
[2025-12-04 13:52:47] draw_graph_clique_number: 2.00
[2025-12-04 13:52:47] draw_graph_max_degree: 3.00
[2025-12-04 13:52:47] draw_graph_avg_degree: 2.06
[2025-12-04 13:52:47] draw_graph_avg_clustering: 0.00
[2025-12-04 13:52:47] draw_graph_estimated_group_size: 8.00
[2025-12-04 13:52:47] draw_graph_estimated_orbit_count: 3.00
[2025-12-04 13:52:47] config_n_qubits: 5.00
[2025-12-04 13:52:47] config_n_vertices: 32.00
[2025-12-04 13:52:47] config_delta_t: 0.10
[2025-12-04 13:52:47] config_matchings: automatic
[2025-12-04 13:52:47] config_graph_type: counting
[2025-12-04 13:52:47] config_n_steps: 1.00
[2025-12-04 13:52:47] timing_avg_per_graph: 0.13
[2025-12-04 13:52:47] timing_min_per_graph: 0.12
[2025-12-04 13:52:47] timing_max_per_graph: 0.17
[2025-12-04 13:52:47] timing_total_analysis: 26.48
[2025-12-04 13:52:47] ======================================================================
======================================================================

