graph_index,n_qubits,n_vertices,n_edges,density,time,trotter_steps,matching_diff,pauli_diff
0,4,16,15,0.125,0.1,1,0.009376476551462782,0.009376476551462872
0,4,16,15,0.125,0.1,3,0.003122471904209135,0.00312247190420946
0,4,16,15,0.125,0.1,5,0.0018733383968804565,0.0018733383968810979
0,4,16,15,0.125,0.1,7,0.0013380703742085168,0.0013380703742093107
0,4,16,15,0.125,0.1,9,0.0010407122866630144,0.0010407122866642777
0,4,16,15,0.125,0.1,11,0.0008514880956841566,0.0008514880956841264
0,4,16,15,0.125,0.1,13,0.0007204880898728799,0.0007204880898756171
0,4,16,15,0.125,0.1,15,0.0006244220122218403,0.0006244220122232026
0,4,16,15,0.125,0.1,17,0.0005509600099211757,0.0005509600099226016
0,4,16,15,0.125,0.1,19,0.0004929638498220855,0.0004929638498240185
0,4,16,15,0.125,0.5,1,0.22251573556431065,0.22251573556431045
0,4,16,15,0.125,0.5,3,0.07247847301212104,0.07247847301212113
0,4,16,15,0.125,0.5,5,0.043408792725475105,0.04340879272547561
0,4,16,15,0.125,0.5,7,0.03099092664296983,0.03099092664297118
0,4,16,15,0.125,0.5,9,0.024099144825613674,0.02409914482561406
0,4,16,15,0.125,0.5,11,0.01971544982525139,0.019715449825252113
0,4,16,15,0.125,0.5,13,0.016681314875859905,0.016681314875860345
0,4,16,15,0.125,0.5,15,0.014456601952679537,0.014456601952680974
0,4,16,15,0.125,0.5,17,0.012755508255523205,0.012755508255524965
0,4,16,15,0.125,0.5,19,0.011412624310841234,0.011412624310842768
0,4,16,15,0.125,1.0,1,0.7587270495516979,0.7587270495516977
0,4,16,15,0.125,1.0,3,0.2348163508502035,0.2348163508502039
0,4,16,15,0.125,1.0,5,0.14010738517192495,0.14010738517192528
0,4,16,15,0.125,1.0,7,0.099923855117351,0.09992385511735234
0,4,16,15,0.125,1.0,9,0.07766969804657528,0.07766969804657525
0,4,16,15,0.125,1.0,11,0.06352769932249844,0.06352769932249994
0,4,16,15,0.125,1.0,13,0.05374435367838828,0.05374435367839018
0,4,16,15,0.125,1.0,15,0.04657307776371854,0.04657307776372097
0,4,16,15,0.125,1.0,17,0.04109072730536508,0.041090727305365886
0,4,16,15,0.125,1.0,19,0.036763400136587694,0.03676340013658841
1,4,16,16,0.13333333333333333,0.1,1,0.011367887914185852,0.011500517633575385
1,4,16,16,0.13333333333333333,0.1,3,0.003785788998246505,0.003829273140169509
1,4,16,16,0.13333333333333333,0.1,5,0.002271261885044281,0.0022972209342977325
1,4,16,16,0.13333333333333333,0.1,7,0.0016222804921432069,0.001640779189869233
1,4,16,16,0.13333333333333333,0.1,9,0.0012617554536830402,0.001276123886845032
1,4,16,16,0.13333333333333333,0.1,11,0.0010323368049315051,0.001044082473125026
1,4,16,16,0.13333333333333333,0.1,13,0.0008735111033526112,0.0008834436218005106
1,4,16,16,0.13333333333333333,0.1,15,0.0007570401617831345,0.0007656444177058694
1,4,16,16,0.13333333333333333,0.1,17,0.0006679748103635763,0.0006755641338884454
1,4,16,16,0.13333333333333333,0.1,19,0.0005976604440903727,0.0006044489979956234
1,4,16,16,0.13333333333333333,0.5,1,0.26892839685307923,0.272360438236129
1,4,16,16,0.13333333333333333,0.5,3,0.08799504604458111,0.08924384472073753
1,4,16,16,0.13333333333333333,0.5,5,0.0527094233078807,0.05344862632542699
1,4,16,16,0.13333333333333333,0.5,7,0.03763062349069163,0.03815393502263865
1,4,16,16,0.13333333333333333,0.5,9,0.029261650293604904,0.029666325588689438
1,4,16,16,0.13333333333333333,0.5,11,0.023938389020149674,0.0242681702264953
1,4,16,16,0.13333333333333333,0.5,13,0.020254011028873583,0.020532248508709675
1,4,16,16,0.13333333333333333,0.5,15,0.01755257556387841,0.017793184553984327
1,4,16,16,0.13333333333333333,0.5,17,0.015487001172414923,0.01569893719361575
1,4,16,16,0.13333333333333333,0.5,19,0.013856414197227648,0.014045778067494921
1,4,16,16,0.13333333333333333,1.0,1,0.903955966774586,0.9186187334465234
1,4,16,16,0.13333333333333333,1.0,3,0.2862834403336944,0.29025403712805764
1,4,16,16,0.13333333333333333,1.0,5,0.17106573431016145,0.17315248082766818
1,4,16,16,0.13333333333333333,1.0,7,0.12204851110131382,0.12343977566169197
1,4,16,16,0.13333333333333333,1.0,9,0.09487991643509747,0.09591805869598105
1,4,16,16,0.13333333333333333,1.0,11,0.07760898191099366,0.07843526426605624
1,4,16,16,0.13333333333333333,1.0,13,0.06565902671177985,0.06634458919601262
1,4,16,16,0.13333333333333333,1.0,15,0.05689879075186884,0.05748427952515108
1,4,16,16,0.13333333333333333,1.0,17,0.0502013343222332,0.05071208634546979
1,4,16,16,0.13333333333333333,1.0,19,0.044914723106402314,0.04536757155196276
2,4,16,16,0.13333333333333333,0.1,1,0.011566983849320292,0.01105855054856675
2,4,16,16,0.13333333333333333,0.1,3,0.003851254580726271,0.003683007946200231
2,4,16,16,0.13333333333333333,0.1,5,0.002310433720158292,0.002209650887676509
2,4,16,16,0.13333333333333333,0.1,7,0.0016502274204244864,0.0015782913808921916
2,4,16,16,0.13333333333333333,0.1,9,0.0012834777017132245,0.0012275500111641013
2,4,16,16,0.13333333333333333,0.1,11,0.001050102128611859,0.0010043549235654978
2,4,16,16,0.13333333333333333,0.1,13,0.0008885389490971316,0.0008498367221602241
2,4,16,16,0.13333333333333333,0.1,15,0.0007700615284538718,0.0007365240248579265
2,4,16,16,0.13333333333333333,0.1,17,0.0006794623845504128,0.0006498734620574854
2,4,16,16,0.13333333333333333,0.1,19,0.0006079374808965898,0.0005814652987465988
2,4,16,16,0.13333333333333333,0.5,1,0.2740266720229336,0.2610982493809272
2,4,16,16,0.13333333333333333,0.5,3,0.08959792812869563,0.08531359494519666
2,4,16,16,0.13333333333333333,0.5,5,0.05366595694995515,0.05110003342989751
2,4,16,16,0.13333333333333333,0.5,7,0.03831253478186286,0.03648176352902116
2,4,16,16,0.13333333333333333,0.5,9,0.029791492774696723,0.028368580909117855
2,4,16,16,0.13333333333333333,0.5,11,0.024371629364639144,0.023208007387191983
2,4,16,16,0.13333333333333333,0.5,13,0.02062044605429662,0.019636200589296295
2,4,16,16,0.13333333333333333,0.5,15,0.017870056823070496,0.017017280128094312
2,4,16,16,0.13333333333333333,0.5,17,0.01576706775939576,0.015014781445337813
2,4,16,16,0.13333333333333333,0.5,19,0.014106955278973278,0.013433975103582477
2,4,16,16,0.13333333333333333,1.0,1,0.919892420636139,0.8772156806882745
2,4,16,16,0.13333333333333333,1.0,3,0.290837488528744,0.27279970783223273
2,4,16,16,0.13333333333333333,1.0,5,0.17387003283381555,0.16252402970883065
2,4,16,16,0.13333333333333333,1.0,7,0.12406450164868185,0.1158414939978613
2,4,16,16,0.13333333333333333,1.0,9,0.0964522808975326,0.09001411192284343
2,4,16,16,0.13333333333333333,1.0,11,0.078897474441812,0.07361047097551814
2,4,16,16,0.13333333333333333,1.0,13,0.06675039260995062,0.0622664558455297
2,4,16,16,0.13333333333333333,1.0,15,0.05784531604016902,0.053953154824557197
2,4,16,16,0.13333333333333333,1.0,17,0.05103694884696471,0.047598824353505334
2,4,16,16,0.13333333333333333,1.0,19,0.04566268832651516,0.04258387313848087
3,4,16,16,0.13333333333333333,0.1,1,0.013135594579429343,0.012508695994169797
3,4,16,16,0.13333333333333333,0.1,3,0.004373537616723923,0.004158849787641778
3,4,16,16,0.13333333333333333,0.1,5,0.0026238026399556464,0.0024942931397182464
3,4,16,16,0.13333333333333333,0.1,7,0.0018740671457092267,0.0017813462470713962
3,4,16,16,0.13333333333333333,0.1,9,0.001457578351601221,0.0013853694140747263
3,4,16,16,0.13333333333333333,0.1,11,0.0011925500315305216,0.0011334216846428133
3,4,16,16,0.13333333333333333,0.1,13,0.0010090730322791623,0.0009590130362965225
3,4,16,16,0.13333333333333333,0.1,15,0.0008745252439006889,0.0008311219076214721
3,4,16,16,0.13333333333333333,0.1,17,0.000771636847284448,0.0007333276317222294
3,4,16,16,0.13333333333333333,0.1,19,0.0006904098045704652,0.0006561245502264024
3,4,16,16,0.13333333333333333,0.5,1,0.3062378237259439,0.294347611177467
3,4,16,16,0.13333333333333333,0.5,3,0.09986434408556615,0.09526411985910034
3,4,16,16,0.13333333333333333,0.5,5,0.05980353859368235,0.056965492346050424
3,4,16,16,0.13333333333333333,0.5,7,0.04269239060104615,0.040640864701760426
3,4,16,16,0.13333333333333333,0.5,9,0.03319681346044685,0.031590547156418895
3,4,16,16,0.13333333333333333,0.5,11,0.0271573274439058,0.025837536144863896
3,4,16,16,0.13333333333333333,0.5,13,0.022977363333555576,0.02185733765906014
3,4,16,16,0.13333333333333333,0.5,15,0.019912613390743693,0.018939833822976225
3,4,16,16,0.13333333333333333,0.5,17,0.017569267585624975,0.01670951869566558
3,4,16,16,0.13333333333333333,0.5,19,0.015719418514727482,0.014949168876242733
3,4,16,16,0.13333333333333333,1.0,1,0.9881621176581655,0.9623478896768765
3,4,16,16,0.13333333333333333,1.0,3,0.3110111246715014,0.29751103018858477
3,4,16,16,0.13333333333333333,1.0,5,0.1856059847005547,0.1770583631038299
3,4,16,16,0.13333333333333333,1.0,7,0.13236871162401534,0.12612407711190443
3,4,16,16,0.13333333333333333,1.0,9,0.1028839130072442,0.09796618107093889
3,4,16,16,0.13333333333333333,1.0,11,0.08414758166321104,0.08009210325712061
3,4,16,16,0.13333333333333333,1.0,13,0.07118645071821382,0.06773612304722185
3,4,16,16,0.13333333333333333,1.0,15,0.06168621344403354,0.058683956274578356
3,4,16,16,0.13333333333333333,1.0,17,0.0544236602689191,0.05176650788667476
3,4,16,16,0.13333333333333333,1.0,19,0.04869136146273913,0.04630817335935256
4,4,16,16,0.13333333333333333,0.1,1,0.013083282160213547,0.01180851431841389
4,4,16,16,0.13333333333333333,0.1,3,0.004358270911338866,0.003930051592769571
4,4,16,16,0.13333333333333333,0.1,5,0.0026148133555813978,0.0023576238350856127
4,4,16,16,0.13333333333333333,0.1,7,0.0018676917416576128,0.001683916260464907
4,4,16,16,0.13333333333333333,0.1,9,0.0014526379973413182,0.0013096739208184988
4,4,16,16,0.13333333333333333,0.1,11,0.001188517028714193,0.001071532691701658
4,4,16,16,0.13333333333333333,0.1,13,0.0010056656631771672,0.0009066711200111164
4,4,16,16,0.13333333333333333,0.1,15,0.0008715754044467454,0.0007857752895994325
4,4,16,16,0.13333333333333333,0.1,17,0.0007690361793266462,0.0006933269830871445
4,4,16,16,0.13333333333333333,0.1,19,0.0006880843765782206,0.0006203423308384218
4,4,16,16,0.13333333333333333,0.5,1,0.3053352069596486,0.27721057408654165
4,4,16,16,0.13333333333333333,0.5,3,0.10041152403181552,0.08972629226550803
4,4,16,16,0.13333333333333333,0.5,5,0.0601740893927056,0.053694142390591594
4,4,16,16,0.13333333333333333,0.5,7,0.042965678069017084,0.03832233932381127
4,4,16,16,0.13333333333333333,0.5,9,0.03341225329894124,0.029795597647472912
4,4,16,16,0.13333333333333333,0.5,11,0.027334848212947058,0.024373442956415366
4,4,16,16,0.13333333333333333,0.5,13,0.02312821171899349,0.02062118714093643
4,4,16,16,0.13333333333333333,0.5,15,0.020043712127412253,0.017870245181367126
4,4,16,16,0.13333333333333333,0.5,17,0.01768516700445846,0.0157669531136805
4,4,16,16,0.13333333333333333,0.5,19,0.01582326472198392,0.014106668270722074
4,4,16,16,0.13333333333333333,1.0,1,0.9891630033765169,0.9121343537963656
4,4,16,16,0.13333333333333333,1.0,3,0.3206485338168076,0.27799131215676326
4,4,16,16,0.13333333333333333,1.0,5,0.19151690743071192,0.16540377778448168
4,4,16,16,0.13333333333333333,1.0,7,0.13655723974675504,0.117855900359807
4,4,16,16,0.13333333333333333,1.0,9,0.10611344791828876,0.09156822034156106
4,4,16,16,0.13333333333333333,1.0,11,0.0867712493876338,0.07487714537906835
4,4,16,16,0.13333333333333333,1.0,13,0.07339404163367119,0.0633360615093524
4,4,16,16,0.13333333333333333,1.0,15,0.06359089676228806,0.05487904483622601
4,4,16,16,0.13333333333333333,1.0,17,0.056098159601171316,0.04841519026913408
4,4,16,16,0.13333333333333333,1.0,19,0.050185109828464226,0.04331396536473682
5,4,16,16,0.13333333333333333,0.1,1,0.011868060661931386,0.011825309226789585
5,4,16,16,0.13333333333333333,0.1,3,0.0039516823757245285,0.003935084424323011
5,4,16,16,0.13333333333333333,0.1,5,0.002370696638964086,0.0023605025438068867
5,4,16,16,0.13333333333333333,0.1,7,0.001693274139950272,0.001685924057571849
5,4,16,16,0.13333333333333333,0.1,9,0.001316959225030897,0.001311213560441076
5,4,16,16,0.13333333333333333,0.1,11,0.0010774964802124415,0.0010727806317507834
5,4,16,16,0.13333333333333333,0.1,13,0.0009117190033744481,0.0009077200538116148
5,4,16,16,0.13333333333333333,0.1,15,0.0007901510461724291,0.0007866798512389886
5,4,16,16,0.13333333333333333,0.1,17,0.0006971885215621474,0.0006941220517267074
5,4,16,16,0.13333333333333333,0.1,19,0.000623797773324421,0.0006210515213466598
5,4,16,16,0.13333333333333333,0.5,1,0.2798977125341787,0.2788968304893714
5,4,16,16,0.13333333333333333,0.5,3,0.09154563341578471,0.09091271380142456
5,4,16,16,0.13333333333333333,0.5,5,0.054832745634842896,0.05442571042751654
5,4,16,16,0.13333333333333333,0.5,7,0.03914560688106724,0.038845739985329135
5,4,16,16,0.13333333333333333,0.5,9,0.03043933972392087,0.030201974690236295
5,4,16,16,0.13333333333333333,0.5,11,0.024901652074129747,0.024705229818128893
5,4,16,16,0.13333333333333333,0.5,13,0.02106891380893146,0.020901388905430168
5,4,16,16,0.13333333333333333,0.5,15,0.018258723768825195,0.018112684643614332
5,4,16,16,0.13333333333333333,0.5,17,0.016110007346631927,0.015980569597369213
5,4,16,16,0.13333333333333333,0.5,19,0.014413795557178276,0.014297570289660744
5,4,16,16,0.13333333333333333,1.0,1,0.9292887216662986,0.9263086352615851
5,4,16,16,0.13333333333333333,1.0,3,0.2936134417450575,0.302735286321012
5,4,16,16,0.13333333333333333,1.0,5,0.17535899845465763,0.18147609985989507
5,4,16,16,0.13333333333333333,1.0,7,0.12508567946988916,0.1295899665672162
5,4,16,16,0.13333333333333333,1.0,9,0.09723098087964867,0.10077908894254847
5,4,16,16,0.13333333333333333,1.0,11,0.07952738179800867,0.0824494182624455
5,4,16,16,0.13333333333333333,1.0,13,0.06727951752916718,0.06976147747429366
5,4,16,16,0.13333333333333333,1.0,15,0.05830158954777956,0.060457867141400744
5,4,16,16,0.13333333333333333,1.0,17,0.051438071949062254,0.053343816172926065
5,4,16,16,0.13333333333333333,1.0,19,0.046020593833103314,0.04772773870186101
6,4,16,16,0.13333333333333333,0.1,1,0.013484776384793371,0.01260612572645983
6,4,16,16,0.13333333333333333,0.1,3,0.004492425434030043,0.004198896668764325
6,4,16,16,0.13333333333333333,0.1,5,0.002695335584838749,0.0025191870783034375
6,4,16,16,0.13333333333333333,0.1,7,0.0019252161581782446,0.0017993896419589343
6,4,16,16,0.13333333333333333,0.1,9,0.0014973828096271795,0.001399515771095196
6,4,16,16,0.13333333333333333,0.1,11,0.0012251282688313723,0.0011450544211634433
6,4,16,16,0.13333333333333333,0.1,13,0.0010366454779198436,0.0009688902865326466
6,4,16,16,0.13333333333333333,0.1,15,0.0008984252550299288,0.0008397038731686894
6,4,16,16,0.13333333333333333,0.1,17,0.0007927276792206185,0.0007409145678546208
6,4,16,16,0.13333333333333333,0.1,19,0.0007092823548402625,0.0006629231752870526
6,4,16,16,0.13333333333333333,0.5,1,0.3117767695156502,0.29256850117546257
6,4,16,16,0.13333333333333333,0.5,3,0.10256909437832268,0.09573833779049357
6,4,16,16,0.13333333333333333,0.5,5,0.06148068109251782,0.0573575349230569
6,4,16,16,0.13333333333333333,0.5,7,0.04390288603209934,0.04095284982701691
6,4,16,16,0.13333333333333333,0.5,9,0.03414289185150649,0.03184683367629557
6,4,16,16,0.13333333333333333,0.5,11,0.027933521939862826,0.026054270926734683
6,4,16,16,0.13333333333333333,0.5,13,0.02363529262031698,0.022044836613488435
6,4,16,16,0.13333333333333333,0.5,15,0.020483504730880252,0.019104935127377178
6,4,16,16,0.13333333333333333,0.5,17,0.018073435646334134,0.01685694782145139
6,4,16,16,0.13333333333333333,0.5,19,0.01617081504913982,0.015082314012924113
6,4,16,16,0.13333333333333333,1.0,1,0.9820327727117455,0.9335249809708831
6,4,16,16,0.13333333333333333,1.0,3,0.3154402245292182,0.29099736887493804
6,4,16,16,0.13333333333333333,1.0,5,0.188832437657812,0.17354453923974433
6,4,16,16,0.13333333333333333,1.0,7,0.1347970029412939,0.1237513182976068
6,4,16,16,0.13333333333333333,1.0,9,0.10481560068675001,0.09618394566785743
6,4,16,16,0.13333333333333333,1.0,11,0.08574726543997886,0.07866814403834685
6,4,16,16,0.13333333333333333,1.0,13,0.07255005484280982,0.06655181016370539
6,4,16,16,0.13333333333333333,1.0,15,0.06287382171150248,0.05767086924095187
6,4,16,16,0.13333333333333333,1.0,17,0.05547519669076421,0.05088171637090079
6,4,16,16,0.13333333333333333,1.0,19,0.04963463311311213,0.04552302008078661
7,4,16,16,0.13333333333333333,0.1,1,0.011827162266563069,0.011829348153742817
7,4,16,16,0.13333333333333333,0.1,3,0.003938571319304576,0.003938965967335186
7,4,16,16,0.13333333333333333,0.1,5,0.0023629167770025574,0.0023630950597435946
7,4,16,16,0.13333333333333333,0.1,7,0.0016877453882392696,0.0016878536581808733
7,4,16,16,0.13333333333333333,0.1,9,0.001312671657701107,0.0013127474000897146
7,4,16,16,0.13333333333333333,0.1,11,0.00107399512245983,0.0010740526176437838
7,4,16,16,0.13333333333333333,0.1,13,0.0009087602534163515,0.0009088062556896827
7,4,16,16,0.13333333333333333,0.1,15,0.0007875893169637125,0.0007876274915594094
7,4,16,16,0.13333333333333333,0.1,17,0.000694929882350185,0.0006949624170687212
7,4,16,16,0.13333333333333333,0.1,19,0.000621778098623678,0.0006218063940800024
7,4,16,16,0.13333333333333333,0.5,1,0.2779732922992726,0.27830691732806934
7,4,16,16,0.13333333333333333,0.5,3,0.09083596083296483,0.09098125294572783
7,4,16,16,0.13333333333333333,0.5,5,0.054411824599180696,0.054483355694268286
7,4,16,16,0.13333333333333333,0.5,7,0.038847100294486,0.03889241113816017
7,4,16,16,0.13333333333333333,0.5,9,0.03020822484036105,0.03024078762476948
7,4,16,16,0.13333333333333333,0.5,11,0.02471314672060504,0.0247383422983025
7,4,16,16,0.13333333333333333,0.5,13,0.020909768840361293,0.020930221404900657
7,4,16,16,0.13333333333333333,0.5,15,0.01812103328372261,0.018138199475941297
7,4,16,16,0.13333333333333333,0.5,17,0.015988677750894884,0.016003442769929634
7,4,16,16,0.13333333333333333,0.5,19,0.014305353766159648,0.0143182927405022
7,4,16,16,0.13333333333333333,1.0,1,0.9175749566769403,0.9218240664528905
7,4,16,16,0.13333333333333333,1.0,3,0.2891626769966581,0.2901214302424511
7,4,16,16,0.13333333333333333,1.0,5,0.17267518377265043,0.17306798409559468
7,4,16,16,0.13333333333333333,1.0,7,0.1231710673129372,0.12339288762373815
7,4,16,16,0.13333333333333333,1.0,9,0.09574382508320958,0.0958902198896742
7,4,16,16,0.13333333333333333,1.0,11,0.07831188557126811,0.07841780485786617
7,4,16,16,0.13333333333333333,1.0,13,0.06625183944696761,0.06633324211408365
7,4,16,16,0.13333333333333333,1.0,15,0.057411485594407806,0.05747676116721153
7,4,16,16,0.13333333333333333,1.0,17,0.05065307101561105,0.0507070839591181
7,4,16,16,0.13333333333333333,1.0,19,0.04531850321114766,0.045364285603253715
8,4,16,16,0.13333333333333333,0.1,1,0.009977800297338654,0.009977800297338649
8,4,16,16,0.13333333333333333,0.1,3,0.003322644653595518,0.0033226446535955735
8,4,16,16,0.13333333333333333,0.1,5,0.001993428846609302,0.0019934288466100496
8,4,16,16,0.13333333333333333,0.1,7,0.001423846663453557,0.001423846663454205
8,4,16,16,0.13333333333333333,0.1,9,0.0011074263444526067,0.0011074263444547515
8,4,16,16,0.13333333333333333,0.1,11,0.0009060719793362203,0.0009060719793358954
8,4,16,16,0.13333333333333333,0.1,13,0.0007666742848199756,0.0007666742848209924
8,4,16,16,0.13333333333333333,0.1,15,0.000664449956406339,0.0006644499564067095
8,4,16,16,0.13333333333333333,0.1,17,0.0005862787302790842,0.0005862787302791327
8,4,16,16,0.13333333333333333,0.1,19,0.000524564776312163,0.00052456477631433
8,4,16,16,0.13333333333333333,0.5,1,0.2364587751635226,0.23645877516352248
8,4,16,16,0.13333333333333333,0.5,3,0.07681449794604034,0.07681449794604077
8,4,16,16,0.13333333333333333,0.5,5,0.04599118014058475,0.04599118014058484
8,4,16,16,0.13333333333333333,0.5,7,0.03283163543454434,0.03283163543454574
8,4,16,16,0.13333333333333333,0.5,9,0.02552956708901013,0.025529567089010885
8,4,16,16,0.13333333333333333,0.5,11,0.020885280507688102,0.02088528050768913
8,4,16,16,0.13333333333333333,0.5,13,0.017670920772432052,0.017670920772434873
8,4,16,16,0.13333333333333333,0.5,15,0.015314123912493401,0.015314123912493474
8,4,16,16,0.13333333333333333,0.5,17,0.013512064763337142,0.013512064763336834
8,4,16,16,0.13333333333333333,0.5,19,0.01208949276596116,0.012089492765961468
8,4,16,16,0.13333333333333333,1.0,1,0.7992141739660591,0.799214173966059
8,4,16,16,0.13333333333333333,1.0,3,0.2367244897101285,0.23672448971012877
8,4,16,16,0.13333333333333333,1.0,5,0.140534188572464,0.14053418857246439
8,4,16,16,0.13333333333333333,1.0,7,0.10008654534377097,0.1000865453437719
8,4,16,16,0.13333333333333333,1.0,9,0.07775070300232069,0.07775070300232029
8,4,16,16,0.13333333333333333,1.0,11,0.0635751275959187,0.0635751275959201
8,4,16,16,0.13333333333333333,1.0,13,0.05377532012489501,0.05377532012489627
8,4,16,16,0.13333333333333333,1.0,15,0.04659493671622756,0.046594936716229614
8,4,16,16,0.13333333333333333,1.0,17,0.04110708191177815,0.041107081911781064
8,4,16,16,0.13333333333333333,1.0,19,0.036776195363478405,0.03677619536347972
9,4,16,16,0.13333333333333333,0.1,1,0.01231603210410021,0.012278184013632435
9,4,16,16,0.13333333333333333,0.1,3,0.0041022450540108705,0.004087859086774466
9,4,16,16,0.13333333333333333,0.1,5,0.0024611937984282827,0.0024524123561977225
9,4,16,16,0.13333333333333333,0.1,7,0.001757964389509509,0.0017516507758746473
9,4,16,16,0.13333333333333333,0.1,9,0.0013672953245174176,0.0013623679140704135
9,4,16,16,0.13333333333333333,0.1,11,0.0011186917661774188,0.0011146517836792616
9,4,16,16,0.13333333333333333,0.1,13,0.0009465831281264519,0.000943159836250386
9,4,16,16,0.13333333333333333,0.1,15,0.0008203708048497709,0.0008174009238034409
9,4,16,16,0.13333333333333333,0.1,17,0.0007238558400622887,0.0007212333394776755
9,4,16,16,0.13333333333333333,0.1,19,0.0006476600029106764,0.00064531214423254
9,4,16,16,0.13333333333333333,0.5,1,0.2887303895933852,0.2876375200440885
9,4,16,16,0.13333333333333333,0.5,3,0.09467288480704306,0.09364178060463778
9,4,16,16,0.13333333333333333,0.5,5,0.05672113054793512,0.056072205803563785
9,4,16,16,0.13333333333333333,0.5,7,0.0404975360873527,0.040027697013422056
9,4,16,16,0.13333333333333333,0.5,9,0.03149207697921121,0.031124467534079197
9,4,16,16,0.13333333333333333,0.5,11,0.025763601689518807,0.025461858079442724
9,4,16,16,0.13333333333333333,0.5,13,0.02179860993638601,0.021542780146404327
9,4,16,16,0.13333333333333333,0.5,15,0.018891348624619848,0.018669333659945945
9,4,16,16,0.13333333333333333,0.5,17,0.016668353571000258,0.01647227199169831
9,4,16,16,0.13333333333333333,0.5,19,0.014913472049883063,0.014737906614815244
9,4,16,16,0.13333333333333333,1.0,1,0.9494852339595689,0.9433247735836202
9,4,16,16,0.13333333333333333,1.0,3,0.30379140616481204,0.29533249397422606
9,4,16,16,0.13333333333333333,1.0,5,0.18141103991629556,0.17655197572360817
9,4,16,16,0.13333333333333333,1.0,7,0.12937080907136306,0.1259896370261693
9,4,16,16,0.13333333333333333,1.0,9,0.1005433994279067,0.09795300795282462
9,4,16,16,0.13333333333333333,1.0,11,0.08222565100921819,0.08012691703430583
9,4,16,16,0.13333333333333333,1.0,13,0.06955523112554769,0.06779154289436044
9,4,16,16,0.13333333333333333,1.0,15,0.06026893754105212,0.05874815863018703
9,4,16,16,0.13333333333333333,1.0,17,0.05317053080557647,0.05183390622299829
9,4,16,16,0.13333333333333333,1.0,19,0.047568203949673475,0.046375982257152136
10,4,16,16,0.13333333333333333,0.1,1,0.009984883252693167,0.009162829619151762
10,4,16,16,0.13333333333333333,0.1,3,0.003325794248015665,0.003045797846651579
10,4,16,16,0.13333333333333333,0.1,5,0.0019953558266623487,0.0018267216614516984
10,4,16,16,0.13333333333333333,0.1,7,0.0014252303906238447,0.0013045982768790146
10,4,16,16,0.13333333333333333,0.1,9,0.0011085049161193871,0.0010146090935480355
10,4,16,16,0.13333333333333333,0.1,11,0.000906955415740871,0.0008300979267556329
10,4,16,16,0.13333333333333333,0.1,13,0.0007674222792944702,0.000702371062849651
10,4,16,16,0.13333333333333333,0.1,15,0.0006650984745702762,0.0006087103329915441
10,4,16,16,0.13333333333333333,0.1,17,0.000586851103310579,0.0005370904191753056
10,4,16,16,0.13333333333333333,0.1,19,0.0005250769943578548,0.0004805500916952628
10,4,16,16,0.13333333333333333,0.5,1,0.2400115611451325,0.21902320312364976
10,4,16,16,0.13333333333333333,0.5,3,0.07882749081760963,0.07079843202522224
10,4,16,16,0.13333333333333333,0.5,5,0.04723635787675743,0.04237749082948345
10,4,16,16,0.13333333333333333,0.5,7,0.033728229176790345,0.03024970787385366
10,4,16,16,0.13333333333333333,0.5,9,0.026229196669454488,0.023521177432453483
10,4,16,16,0.13333333333333333,0.5,11,0.021458644821291083,0.01924196116604307
10,4,16,16,0.13333333333333333,0.5,13,0.018156531731947038,0.01628037560582149
10,4,16,16,0.13333333333333333,0.5,15,0.01573523466987527,0.014108960843641194
10,4,16,16,0.13333333333333333,0.5,17,0.01388377915587983,0.012448671515260643
10,4,16,16,0.13333333333333333,0.5,19,0.012422170919673743,0.011138026838720923
10,4,16,16,0.13333333333333333,1.0,1,0.83663623696012,0.7473951198553934
10,4,16,16,0.13333333333333333,1.0,3,0.2705030730809468,0.23252645652195372
10,4,16,16,0.13333333333333333,1.0,5,0.16192190793072037,0.13905558198143092
10,4,16,16,0.13333333333333333,1.0,7,0.11557843863095343,0.09923847662094397
10,4,16,16,0.13333333333333333,1.0,9,0.08986800997733925,0.07715799336586075
10,4,16,16,0.13333333333333333,1.0,11,0.07351732378524772,0.06311794321354236
10,4,16,16,0.13333333333333333,1.0,13,0.06220155094279897,0.053401994890726286
10,4,16,16,0.13333333333333333,1.0,15,0.05390505335760911,0.04627874568788078
10,4,16,16,0.13333333333333333,1.0,17,0.047561533432333956,0.04083243008842566
10,4,16,16,0.13333333333333333,1.0,19,0.04255395685160355,0.0365331778933592
11,4,16,16,0.13333333333333333,0.1,1,0.012219947590221271,0.011657635390070399
11,4,16,16,0.13333333333333333,0.1,3,0.004068953685291351,0.0038770063919269376
11,4,16,16,0.13333333333333333,0.1,5,0.00244109398200245,0.0023253460327951362
11,4,16,16,0.13333333333333333,0.1,7,0.0017435712629587808,0.0016607137225269544
11,4,16,16,0.13333333333333333,0.1,9,0.0013560855099620712,0.0012915621723208013
11,4,16,16,0.13333333333333333,0.1,11,0.00110951234317614,0.0010566794159374403
11,4,16,16,0.13333333333333333,0.1,13,0.0009388114334743565,0.0008940824957189165
11,4,16,16,0.13333333333333333,0.1,15,0.0008136325062386957,0.000774852042886493
11,4,16,16,0.13333333333333333,0.1,17,0.0007179083851903694,0.0006836799322991519
11,4,16,16,0.13333333333333333,0.1,19,0.0006423372624316728,0.0006117044512213361
11,4,16,16,0.13333333333333333,0.5,1,0.286826762549425,0.27664287190402415
11,4,16,16,0.13333333333333333,0.5,3,0.09368134367652468,0.08997181467480883
11,4,16,16,0.13333333333333333,0.5,5,0.056108868824162265,0.053838744579398516
11,4,16,16,0.13333333333333333,0.5,7,0.040056356531738314,0.038420034187738386
11,4,16,16,0.13333333333333333,0.5,9,0.031147539769818548,0.029868163292076984
11,4,16,16,0.13333333333333333,0.5,11,0.025481056823967084,0.02443072307931219
11,4,16,16,0.13333333333333333,0.5,13,0.02155918099094605,0.02066830800521241
11,4,16,16,0.13333333333333333,0.5,15,0.01868363215201912,0.017910171971351186
11,4,16,16,0.13333333333333333,0.5,17,0.016484937976820463,0.01580153975496296
11,4,16,16,0.13333333333333333,0.5,19,0.014749270441197965,0.014137144700061893
11,4,16,16,0.13333333333333333,1.0,1,0.9429089656273121,0.9207215890447266
11,4,16,16,0.13333333333333333,1.0,3,0.29837982317685413,0.2876234325399757
11,4,16,16,0.13333333333333333,1.0,5,0.17818583364763466,0.17176304998717343
11,4,16,16,0.13333333333333333,1.0,7,0.12709336265225396,0.12252650064777265
11,4,16,16,0.13333333333333333,1.0,9,0.09878690380894842,0.09524497557861732
11,4,16,16,0.13333333333333333,1.0,11,0.08079723984428225,0.0779046787616995
11,4,16,16,0.13333333333333333,1.0,13,0.06835204710829071,0.06590765305352878
11,4,16,16,0.13333333333333333,1.0,15,0.059229812967373306,0.05711333347653465
11,4,16,16,0.13333333333333333,1.0,17,0.052256185878975986,0.050390039324779465
11,4,16,16,0.13333333333333333,1.0,19,0.04675193404182472,0.045083159017135346
12,4,16,16,0.13333333333333333,0.1,1,0.009918172090345304,0.00996231002007714
12,4,16,16,0.13333333333333333,0.1,3,0.0033020518099610347,0.0033115888566331614
12,4,16,16,0.13333333333333333,0.1,5,0.0019810394166381003,0.001985929613367379
12,4,16,16,0.13333333333333333,0.1,7,0.0014149904506185502,0.001418213332235749
12,4,16,16,0.13333333333333333,0.1,9,0.0011005360620118406,0.0011029229203852855
12,4,16,16,0.13333333333333333,0.1,11,0.0009004335992079375,0.0009023231469956481
12,4,16,16,0.13333333333333333,0.1,13,0.0007619029214479207,0.0007634643020697615
12,4,16,16,0.13333333333333333,0.1,15,0.0006603145430415318,0.0006616437623035187
12,4,16,16,0.13333333333333333,0.1,17,0.0005826296994794715,0.0005837862786368311
12,4,16,16,0.13333333333333333,0.1,19,0.000521299768322724,0.0005223230702858888
12,4,16,16,0.13333333333333333,0.5,1,0.23241718201140776,0.24104994842059502
12,4,16,16,0.13333333333333333,0.5,3,0.07518744950520502,0.0788249308346402
12,4,16,16,0.13333333333333333,0.5,5,0.045009563231151364,0.0471595964853342
12,4,16,16,0.13333333333333333,0.5,7,0.03212954305263501,0.03364660559421049
12,4,16,16,0.13333333333333333,0.5,9,0.024983200165372622,0.02615331132936841
12,4,16,16,0.13333333333333333,0.5,11,0.02043813071196846,0.021389842488729913
12,4,16,16,0.13333333333333333,0.5,13,0.01729250331640765,0.018094280178956413
12,4,16,16,0.13333333333333333,0.5,15,0.0149861292202174,0.015678673475532225
12,4,16,16,0.13333333333333333,0.5,17,0.013222638078764745,0.013832087999576057
12,4,16,16,0.13333333333333333,0.5,19,0.011830519613981544,0.012374647831732777
12,4,16,16,0.13333333333333333,1.0,1,0.7652771680286817,0.8423202763495411
12,4,16,16,0.13333333333333333,1.0,3,0.2292482067659,0.27095841515406893
12,4,16,16,0.13333333333333333,1.0,5,0.1365346205865772,0.16186706015489688
12,4,16,16,0.13333333333333333,1.0,7,0.09732621652773765,0.11540854421046762
12,4,16,16,0.13333333333333333,1.0,9,0.07563439405369475,0.08967185129367107
12,4,16,16,0.13333333333333333,1.0,11,0.06185612067342408,0.07332100792210626
12,4,16,16,0.13333333333333333,1.0,13,0.05232678270349673,0.06201345235363862
12,4,16,16,0.13333333333333333,1.0,15,0.04534275577525884,0.053727600143960275
12,4,16,16,0.13333333333333333,1.0,17,0.04000408525924424,0.047394981523463116
12,4,16,16,0.13333333333333333,1.0,19,0.03579045786771073,0.042397759689858025
13,4,16,16,0.13333333333333333,0.1,1,0.012402097902721896,0.012400521889844276
13,4,16,16,0.13333333333333333,0.1,3,0.004131004865160752,0.004128926119899397
13,4,16,16,0.13333333333333333,0.1,5,0.002478457427147034,0.0024771354704357248
13,4,16,16,0.13333333333333333,0.1,7,0.001770298098942277,0.0017693391390601041
13,4,16,16,0.13333333333333333,0.1,9,0.001376889355903325,0.0013761387912441074
13,4,16,16,0.13333333333333333,0.1,11,0.0011265420405936826,0.0011259259927333062
13,4,16,16,0.13333333333333333,0.1,13,0.0009532260330870524,0.0009527038130627068
13,4,16,16,0.13333333333333333,0.1,15,0.0008261282241334258,0.0008256751175481936
13,4,16,16,0.13333333333333333,0.1,17,0.0007289360759837203,0.0007285359718368916
13,4,16,16,0.13333333333333333,0.1,19,0.0006522055910873419,0.0006518474123024035
13,4,16,16,0.13333333333333333,0.5,1,0.2908439609376008,0.2898724077043537
13,4,16,16,0.13333333333333333,0.5,3,0.09518364083765314,0.09392227129403438
13,4,16,16,0.13333333333333333,0.5,5,0.05702295438099371,0.05621881093499334
13,4,16,16,0.13333333333333333,0.5,7,0.04071347597775994,0.04012970705761868
13,4,16,16,0.13333333333333333,0.5,9,0.03166052600610452,0.03120347392620736
13,4,16,16,0.13333333333333333,0.5,11,0.02590178365731014,0.02552658418833004
13,4,16,16,0.13333333333333333,0.5,13,0.021915782599048594,0.02159769854177124
13,4,16,16,0.13333333333333333,0.5,15,0.018993073942282997,0.01871707060661892
13,4,16,16,0.13333333333333333,0.5,17,0.016758238278338337,0.016514510997238923
13,4,16,16,0.13333333333333333,0.5,19,0.014993989607557797,0.01477579552108566
13,4,16,16,0.13333333333333333,1.0,1,0.9542212383525784,0.9408000949618233
13,4,16,16,0.13333333333333333,1.0,3,0.296056755420258,0.27855169862966106
13,4,16,16,0.13333333333333333,1.0,5,0.1764062752669255,0.16504634310322572
13,4,16,16,0.13333333333333333,1.0,7,0.1257615030811627,0.1174509135620583
13,4,16,16,0.13333333333333333,1.0,9,0.09773661362576179,0.09120505167383254
13,4,16,16,0.13333333333333333,1.0,11,0.0799340411218918,0.0745607873257868
13,4,16,16,0.13333333333333333,1.0,13,0.06762078207461317,0.06305959541105845
13,4,16,16,0.13333333333333333,1.0,15,0.0585961314628568,0.05463504645269083
13,4,16,16,0.13333333333333333,1.0,17,0.05169742863179672,0.04819755269470451
13,4,16,16,0.13333333333333333,1.0,19,0.04625243164048956,0.04311792950001787
14,4,16,16,0.13333333333333333,0.1,1,0.014216923302342564,0.013228238608449083
14,4,16,16,0.13333333333333333,0.1,3,0.004731564012010894,0.004396483903535309
14,4,16,16,0.13333333333333333,0.1,5,0.002838324907011363,0.0026367371257816656
14,4,16,16,0.13333333333333333,0.1,7,0.0020272074785614444,0.001883059390058676
14,4,16,16,0.13333333333333333,0.1,9,0.0015766486911542082,0.0014644674170961696
14,4,16,16,0.13333333333333333,0.1,11,0.0012899510210493193,0.0011981324322727746
14,4,16,16,0.13333333333333333,0.1,13,0.001091477426507291,0.0010137651028003635
14,4,16,16,0.13333333333333333,0.1,15,0.0009459348703917844,0.0008785717739804126
14,4,16,16,0.13333333333333333,0.1,17,0.000834640271520074,0.0007751939112873012
14,4,16,16,0.13333333333333333,0.1,19,0.0007467777089169261,0.0006935829971796401
14,4,16,16,0.13333333333333333,0.5,1,0.3302501710235759,0.30755417367103893
14,4,16,16,0.13333333333333333,0.5,3,0.1075911355906895,0.0985975442627699
14,4,16,16,0.13333333333333333,0.5,5,0.06438802889079814,0.05892992888613153
14,4,16,16,0.13333333333333333,0.5,7,0.04594958013539649,0.04203852291083895
14,4,16,16,0.13333333333333333,0.5,9,0.0357223347279589,0.03267627148649304
14,4,16,16,0.13333333333333333,0.5,11,0.02921948765910923,0.026725466095993154
14,4,16,16,0.13333333333333333,0.5,13,0.02471978930498653,0.02260855244066195
14,4,16,16,0.13333333333333333,0.5,15,0.021421126109774903,0.019590869082598644
14,4,16,16,0.13333333333333333,0.5,17,0.018899228471904474,0.01728397614429296
14,4,16,16,0.13333333333333333,0.5,19,0.016908617029720754,0.015463181824696897
14,4,16,16,0.13333333333333333,1.0,1,1.0475660378289149,0.9696299568792466
14,4,16,16,0.13333333333333333,1.0,3,0.3308360745012005,0.290885156188925
14,4,16,16,0.13333333333333333,1.0,5,0.19699420460106207,0.1735758817906709
14,4,16,16,0.13333333333333333,1.0,7,0.14027805302345953,0.12377724732950235
14,4,16,16,0.13333333333333333,1.0,9,0.10892428143757173,0.09620048987032892
14,4,16,16,0.13333333333333333,1.0,11,0.08902749875173292,0.07867832899030384
14,4,16,16,0.13333333333333333,1.0,13,0.07527755917164917,0.06655793230014492
14,4,16,16,0.13333333333333333,1.0,15,0.06520693538460082,0.05767435992415659
14,4,16,16,0.13333333333333333,1.0,17,0.05751301420075879,0.05088346076049653
14,4,16,16,0.13333333333333333,1.0,19,0.05144319860020541,0.04552357863739407
15,4,16,16,0.13333333333333333,0.1,1,0.012000059884362469,0.011994353738778921
15,4,16,16,0.13333333333333333,0.1,3,0.003993711568099297,0.003992492151003173
15,4,16,16,0.13333333333333333,0.1,5,0.0023956769678726217,0.002395060007337795
15,4,16,16,0.13333333333333333,0.1,7,0.0017110443587244851,0.0017106412906503895
15,4,16,16,0.13333333333333333,0.1,9,0.0013307489537556184,0.0013304522228663465
15,4,16,16,0.13333333333333333,0.1,11,0.0010887625362860436,0.0010885286427300982
15,4,16,16,0.13333333333333333,0.1,13,0.0009212421756205715,0.0009210495318224939
15,4,16,16,0.13333333333333333,0.1,15,0.0007983983286147839,0.0007982347449348686
15,4,16,16,0.13333333333333333,0.1,17,0.0007044613949375661,0.0007043193469627214
15,4,16,16,0.13333333333333333,0.1,19,0.0006303021551967661,0.0006301766852004415
15,4,16,16,0.13333333333333333,0.5,1,0.2832949380150618,0.28254520503985675
15,4,16,16,0.13333333333333333,0.5,3,0.0924927597951563,0.09207321526946563
15,4,16,16,0.13333333333333333,0.5,5,0.05538819371638109,0.05513040827953498
15,4,16,16,0.13333333333333333,0.5,7,0.03953831428652398,0.03935379318399873
15,4,16,16,0.13333333333333333,0.5,9,0.030742975964067287,0.03059960085678084
15,4,16,16,0.13333333333333333,0.5,11,0.025149121047292444,0.025031983665713704
15,4,16,16,0.13333333333333333,0.5,13,0.021277738303671762,0.021178758771073673
15,4,16,16,0.13333333333333333,0.5,15,0.01843933661684376,0.01835365822454718
15,4,16,16,0.13333333333333333,0.5,17,0.01626912061202028,0.01619360071335121
15,4,16,16,0.13333333333333333,0.5,19,0.01455598135961944,0.014488471230669113
15,4,16,16,0.13333333333333333,1.0,1,0.9391825469255415,0.9346736190760949
15,4,16,16,0.13333333333333333,1.0,3,0.2978967523108957,0.29217139001916076
15,4,16,16,0.13333333333333333,1.0,5,0.17806141407596474,0.17442985357877297
15,4,16,16,0.13333333333333333,1.0,7,0.12702959924793344,0.12440589061440416
15,4,16,16,0.13333333333333333,1.0,9,0.09874382472717774,0.09669591213749482
15,4,16,16,0.13333333333333333,1.0,11,0.08076420082638192,0.07908647848505916
15,4,16,16,0.13333333333333333,1.0,13,0.06832496031089369,0.06690468835788396
15,4,16,16,0.13333333333333333,1.0,15,0.059206709427721146,0.05797565270174909
15,4,16,16,0.13333333333333333,1.0,17,0.05223596389265494,0.0511497647338089
15,4,16,16,0.13333333333333333,1.0,19,0.046733909937775965,0.04576213796603781
16,4,16,16,0.13333333333333333,0.1,1,0.013527356959612212,0.012702023353093369
16,4,16,16,0.13333333333333333,0.1,3,0.004506512482798931,0.0042289826874481505
16,4,16,16,0.13333333333333333,0.1,5,0.002703782712699258,0.0025371485385739614
16,4,16,16,0.13333333333333333,0.1,7,0.0019312488171801623,0.0018122015168976515
16,4,16,16,0.13333333333333333,0.1,9,0.0015020745564807464,0.001409474884919719
16,4,16,16,0.13333333333333333,0.1,11,0.001228966837752166,0.0011532004355110457
16,4,16,16,0.13333333333333333,0.1,13,0.0010398934330263193,0.000975781923528028
16,4,16,16,0.13333333333333333,0.1,15,0.0009012401142474052,0.00084567600297437
16,4,16,16,0.13333333333333333,0.1,17,0.0007952113577686317,0.0007461837272200337
16,4,16,16,0.13333333333333333,0.1,19,0.0007115045805162813,0.0006676374560815331
16,4,16,16,0.13333333333333333,0.5,1,0.3126085221388528,0.29883829452405053
16,4,16,16,0.13333333333333333,0.5,3,0.10279150447135736,0.09685966261483858
16,4,16,16,0.13333333333333333,0.5,5,0.061611170294179625,0.05798469129752137
16,4,16,16,0.13333333333333333,0.5,7,0.0439954968530354,0.04139185540627748
16,4,16,16,0.13333333333333333,0.5,9,0.03421473032028891,0.03218541534654727
16,4,16,16,0.13333333333333333,0.5,11,0.02799221900079613,0.026330105168849954
16,4,16,16,0.13333333333333333,0.5,13,0.02368492042249842,0.02227765717216549
16,4,16,16,0.13333333333333333,0.5,15,0.020526494294405232,0.019306398875176798
16,4,16,16,0.13333333333333333,0.5,17,0.01811135510467019,0.017034524758688795
16,4,16,16,0.13333333333333333,0.5,19,0.016204735133609025,0.015241082460902743
16,4,16,16,0.13333333333333333,1.0,1,0.9837002826842131,0.9831327220189431
16,4,16,16,0.13333333333333333,1.0,3,0.3155777119371092,0.30009374163034463
16,4,16,16,0.13333333333333333,1.0,5,0.18885023292990505,0.17862113237971936
16,4,16,16,0.13333333333333333,1.0,7,0.13479390357309548,0.1273027354373687
16,4,16,16,0.13333333333333333,1.0,9,0.10480771990409646,0.09892227929903069
16,4,16,16,0.13333333333333333,1.0,11,0.08573846784557838,0.08089871577983596
16,4,16,16,0.13333333333333333,1.0,13,0.07254144420531615,0.06843440915807718
16,4,16,16,0.13333333333333333,1.0,15,0.06286571716834774,0.059299841353197325
16,4,16,16,0.13333333333333333,1.0,17,0.05546766406894785,0.052317503677224236
16,4,16,16,0.13333333333333333,1.0,19,0.049627652731765726,0.046806705187664194
17,4,16,16,0.13333333333333333,0.1,1,0.01149737137288877,0.011335778356217617
17,4,16,16,0.13333333333333333,0.1,3,0.003827611393579469,0.0037721136096554603
17,4,16,16,0.13333333333333333,0.1,5,0.002296210774898151,0.002262676738895604
17,4,16,16,0.13333333333333333,0.1,7,0.0016400578511252515,0.0016160298611689718
17,4,16,16,0.13333333333333333,0.1,9,0.001275563774325581,0.0012568422575168201
17,4,16,16,0.13333333333333333,0.1,11,0.0010436249371693226,0.0010282899167781895
17,4,16,16,0.13333333333333333,0.1,13,0.0008830570059987153,0.0008700709429551966
17,4,16,16,0.13333333333333333,0.1,15,0.000765309731469437,0.0007540485785148797
17,4,16,16,0.13333333333333333,0.1,17,0.0006752691015389386,0.0006653283434519253
17,4,16,16,0.13333333333333333,0.1,19,0.000604185230875545,0.0005952877180602315
17,4,16,16,0.13333333333333333,0.5,1,0.2719120537252964,0.26870922338616215
17,4,16,16,0.13333333333333333,0.5,3,0.08877078640879305,0.08770357759237911
17,4,16,16,0.13333333333333333,0.5,5,0.05316982857829968,0.05252059287007098
17,4,16,16,0.13333333333333333,0.5,7,0.037958815694838006,0.037491387026333166
17,4,16,16,0.13333333333333333,0.5,9,0.029516766352158053,0.029151402759016978
17,4,16,16,0.13333333333333333,0.5,11,0.024147084363819557,0.023847140799315755
17,4,16,16,0.13333333333333333,0.5,13,0.020430592388870305,0.020176175343642615
17,4,16,16,0.13333333333333333,0.5,15,0.01770561430278754,0.017484713862926448
17,4,16,16,0.13333333333333333,0.5,17,0.015622039318062107,0.015426847064509029
17,4,16,16,0.13333333333333333,0.5,19,0.013977242147302673,0.013802395058351688
17,4,16,16,0.13333333333333333,1.0,1,0.9079055610078818,0.898542331406127
17,4,16,16,0.13333333333333333,1.0,3,0.2880811409857081,0.28309536144475866
17,4,16,16,0.13333333333333333,1.0,5,0.17205608616963894,0.16891487733642865
17,4,16,16,0.13333333333333333,1.0,7,0.12271516894154731,0.12041927256475717
17,4,16,16,0.13333333333333333,1.0,9,0.09537917385962058,0.093571003625232
17,4,16,16,0.13333333333333333,1.0,11,0.07800710051550928,0.07651620424018885
17,4,16,16,0.13333333333333333,1.0,13,0.0659897312172032,0.06472160396531011
17,4,16,16,0.13333333333333333,1.0,15,0.05718145232057423,0.05607828513048102
17,4,16,16,0.13333333333333333,1.0,17,0.05044806566294995,0.04947194096583336
17,4,16,16,0.13333333333333333,1.0,19,0.045133588004049846,0.04425830060453834
18,4,16,16,0.13333333333333333,0.1,1,0.012023248319518773,0.012378326664672708
18,4,16,16,0.13333333333333333,0.1,3,0.004002634810375698,0.004117288849179899
18,4,16,16,0.13333333333333333,0.1,5,0.0024012078894104357,0.002469554738318386
18,4,16,16,0.13333333333333333,0.1,7,0.0017150517181627658,0.0017637343286176696
18,4,16,16,0.13333333333333333,0.1,9,0.001333890802019807,0.0013716960061460459
18,4,16,16,0.13333333333333333,0.1,11,0.001091346319294478,0.0011222470936007815
18,4,16,16,0.13333333333333333,0.1,13,0.0009234362347722941,0.0009495650219724458
18,4,16,16,0.13333333333333333,0.1,15,0.0008003048192300833,0.0008229383120621245
18,4,16,16,0.13333333333333333,0.1,17,0.0007061469615693718,0.0007261099595383026
18,4,16,16,0.13333333333333333,0.1,19,0.0006318126810900928,0.0006496688492747347
18,4,16,16,0.13333333333333333,0.5,1,0.2820653248955363,0.290918278969992
18,4,16,16,0.13333333333333333,0.5,3,0.09200580929440724,0.09448861048387976
18,4,16,16,0.13333333333333333,0.5,5,0.05510361552409012,0.05654592105595044
18,4,16,16,0.13333333333333333,0.5,7,0.0393387216759033,0.04035437313574486
18,4,16,16,0.13333333333333333,0.5,9,0.030589605288587306,0.03137322516600185
18,4,16,16,0.13333333333333333,0.5,11,0.02502469440159691,0.025662527185450156
18,4,16,16,0.13333333333333333,0.5,13,0.02117310758590366,0.02171086664520318
18,4,16,16,0.13333333333333333,0.5,15,0.018349087003305505,0.01881390534873136
18,4,16,16,0.13333333333333333,0.5,17,0.016189786597704155,0.016599082527748183
18,4,16,16,0.13333333333333333,0.5,19,0.014485212980657683,0.014850832377124208
18,4,16,16,0.13333333333333333,1.0,1,0.9219989572102111,0.943194290056208
18,4,16,16,0.13333333333333333,1.0,3,0.2905536341068717,0.29367116325450937
18,4,16,16,0.13333333333333333,1.0,5,0.17340797367180993,0.1753573198497087
18,4,16,16,0.13333333333333333,1.0,7,0.12365701080861567,0.12506264456702568
18,4,16,16,0.13333333333333333,1.0,9,0.09610468731885921,0.0972020695929483
18,4,16,16,0.13333333333333333,1.0,11,0.07859801901750758,0.07949760378318972
18,4,16,16,0.13333333333333333,1.0,13,0.06648854111664107,0.0672505962982716
18,4,16,16,0.13333333333333333,1.0,15,0.057613160474749944,0.058274100127674325
18,4,16,16,0.13333333333333333,1.0,17,0.05082866816795286,0.05141215356084449
18,4,16,16,0.13333333333333333,1.0,19,0.045473949542566165,0.04599621474688093
19,4,16,16,0.13333333333333333,0.1,1,0.014189614753357426,0.013174982691562207
19,4,16,16,0.13333333333333333,0.1,3,0.004722440968304032,0.0043828987097598165
19,4,16,16,0.13333333333333333,0.1,5,0.002832847715166444,0.002629138228875186
19,4,16,16,0.13333333333333333,0.1,7,0.0020232940453764688,0.0018778045074353369
19,4,16,16,0.13333333333333333,0.1,9,0.0015736043837761109,0.0014604557765412
19,4,16,16,0.13333333333333333,0.1,11,0.0012874599413782526,0.0011948897236474826
19,4,16,16,0.13333333333333333,0.1,13,0.0010893694207295052,0.0010110445283129264
19,4,16,16,0.13333333333333333,0.1,15,0.0009441078229438248,0.000876228764570507
19,4,16,16,0.13333333333333333,0.1,17,0.0008330280963876742,0.000773136571790474
19,4,16,16,0.13333333333333333,0.1,19,0.0007453351833894258,0.0006917493102451019
19,4,16,16,0.13333333333333333,0.5,1,0.3294849400669295,0.304910733026945
19,4,16,16,0.13333333333333333,0.5,3,0.10733713919921295,0.09778829078513857
19,4,16,16,0.13333333333333333,0.5,5,0.06423890730572558,0.05848214666104043
19,4,16,16,0.13333333333333333,0.5,7,0.0458441293259489,0.04173231114128127
19,4,16,16,0.13333333333333333,0.5,9,0.03564078204796348,0.03244441643755742
19,4,16,16,0.13333333333333333,0.5,11,0.029153004875322994,0.026539179896829634
19,4,16,16,0.13333333333333333,0.5,13,0.02466367629868325,0.022452974859243514
19,4,16,16,0.13333333333333333,0.5,15,0.021372584700821547,0.01945736001393272
19,4,16,16,0.13333333333333333,0.5,17,0.01885645833623664,0.01716707928809946
19,4,16,16,0.13333333333333333,0.5,19,0.0168703916869516,0.0153592355800714
19,4,16,16,0.13333333333333333,1.0,1,1.0432351834006668,0.9597026685889497
19,4,16,16,0.13333333333333333,1.0,3,0.32931215875203496,0.28603495274733653
19,4,16,16,0.13333333333333333,1.0,5,0.1961557053990689,0.17089421895999987
19,4,16,16,0.13333333333333333,1.0,7,0.13970266800658052,0.12195322963423645
19,4,16,16,0.13333333333333333,1.0,9,0.10848699072242715,0.09481566085797548
19,4,16,16,0.13333333333333333,1.0,11,0.08867506524225857,0.07756095531410231
19,4,16,16,0.13333333333333333,1.0,13,0.07498249074233365,0.06562083865597514
19,4,16,16,0.13333333333333333,1.0,15,0.06495321336468934,0.05686716100056489
19,4,16,16,0.13333333333333333,1.0,17,0.057290496957511546,0.050174372294582846
19,4,16,16,0.13333333333333333,1.0,19,0.051245063187555374,0.04489124551218672
20,4,16,16,0.13333333333333333,0.1,1,0.012357880965412708,0.01205322549315712
20,4,16,16,0.13333333333333333,0.1,3,0.004117809355086218,0.004016334886008584
20,4,16,16,0.13333333333333333,0.1,5,0.0024706140467585813,0.002409733113059091
20,4,16,16,0.13333333333333333,0.1,7,0.001764710229414024,0.0017212245863656985
20,4,16,16,0.13333333333333333,0.1,9,0.0013725478903398468,0.001338725959853494
20,4,16,16,0.13333333333333333,0.1,11,0.0011229918603516663,0.0010953194696607744
20,4,16,16,0.13333333333333333,0.1,13,0.0009502229726683436,0.0009268079204960604
20,4,16,16,0.13333333333333333,0.1,15,0.0008235260819415836,0.000803233062631901
20,4,16,16,0.13333333333333333,0.1,17,0.0007266403690071972,0.0007087347790117627
20,4,16,16,0.13333333333333333,0.1,19,0.0006501517262147594,0.0006341309447529705
20,4,16,16,0.13333333333333333,0.5,1,0.2906184700557589,0.28480200255769444
20,4,16,16,0.13333333333333333,0.5,3,0.0960034349618185,0.09415249815097965
20,4,16,16,0.13333333333333333,0.5,5,0.05755486724235834,0.05644899887129664
20,4,16,16,0.13333333333333333,0.5,7,0.041101227098989876,0.04031225070654198
20,4,16,16,0.13333333333333333,0.5,9,0.031964604552221165,0.031351254333112616
20,4,16,16,0.13333333333333333,0.5,11,0.026151607066781258,0.02564989862401087
20,4,16,16,0.13333333333333333,0.5,13,0.02212767350489251,0.021703211131215948
20,4,16,16,0.13333333333333333,0.5,15,0.019176985519650514,0.018809150846627945
20,4,16,16,0.13333333333333333,0.5,17,0.01692067402445518,0.016596133315075166
20,4,16,16,0.13333333333333333,0.5,19,0.015139427734519676,0.014849061312248366
20,4,16,16,0.13333333333333333,1.0,1,0.9612195744801387,0.9530233838406239
20,4,16,16,0.13333333333333333,1.0,3,0.3093382499216962,0.3093328410452175
20,4,16,16,0.13333333333333333,1.0,5,0.1846234024148819,0.1847931939539971
20,4,16,16,0.13333333333333333,1.0,7,0.13166835399352225,0.13182655814715682
20,4,16,16,0.13333333333333333,1.0,9,0.10234153146972651,0.10247680616671863
20,4,16,16,0.13333333333333333,1.0,11,0.08370588344409333,0.08382171163054948
20,4,16,16,0.13333333333333333,1.0,13,0.0708143102095502,0.0709148477521863
20,4,16,16,0.13333333333333333,1.0,15,0.06136490492727882,0.061453420453471734
20,4,16,16,0.13333333333333333,1.0,17,0.05414107436044082,0.05421999484964785
20,4,16,16,0.13333333333333333,1.0,19,0.04843923082100468,0.04851035873572083
21,4,16,16,0.13333333333333333,0.1,1,0.013578563886916747,0.012334867712238755
21,4,16,16,0.13333333333333333,0.1,3,0.004520471947553939,0.004104745588924157
21,4,16,16,0.13333333333333333,0.1,5,0.002711860387858391,0.002462373176738981
21,4,16,16,0.13333333333333333,0.1,7,0.00193693323884553,0.0017587182144940291
21,4,16,16,0.13333333333333333,0.1,9,0.00150646010326006,0.0013678453045512567
21,4,16,16,0.13333333333333333,0.1,11,0.0012325368113375163,0.0011191234291164653
21,4,16,16,0.13333333333333333,0.1,13,0.0010429036615700825,0.0009469378782531091
21,4,16,16,0.13333333333333333,0.1,15,0.0009038423590573036,0.0008206716829389477
21,4,16,16,0.13333333333333333,0.1,17,0.0007975030222606989,0.0007241169383757524
21,4,16,16,0.13333333333333333,0.1,19,0.0007135519032458339,0.0006478905501423182
21,4,16,16,0.13333333333333333,0.5,1,0.3151279668601302,0.28801460416405195
21,4,16,16,0.13333333333333333,0.5,3,0.10279326995855904,0.09304865376476648
21,4,16,16,0.13333333333333333,0.5,5,0.06152663444791161,0.055679651901235215
21,4,16,16,0.13333333333333333,0.5,7,0.04391069563054286,0.039738483125366
21,4,16,16,0.13333333333333333,0.5,9,0.034138632413689675,0.030896163426767514
21,4,16,16,0.13333333333333333,0.5,11,0.027924809899867654,0.025273447156123358
21,4,16,16,0.13333333333333333,0.5,13,0.02362492010303199,0.021382458783484982
21,4,16,16,0.13333333333333333,0.5,15,0.020472636295574467,0.018529840975573263
21,4,16,16,0.13333333333333333,0.5,17,0.018062592544922894,0.016348832000385692
21,4,16,16,0.13333333333333333,0.5,19,0.01616023606222577,0.014627213384868241
21,4,16,16,0.13333333333333333,1.0,1,1.001116424575669,0.9380209471383005
21,4,16,16,0.13333333333333333,1.0,3,0.31609819588221566,0.28541422207983236
21,4,16,16,0.13333333333333333,1.0,5,0.18807956239098514,0.17005329867616337
21,4,16,16,0.13333333333333333,1.0,7,0.13389146774302021,0.12121596145324019
21,4,16,16,0.13333333333333333,1.0,9,0.10394949689551858,0.09419277034793713
21,4,16,16,0.13333333333333333,1.0,11,0.08495358685688861,0.07702841292200775
21,4,16,16,0.13333333333333333,1.0,13,0.0718283675824054,0.06515788122506996
21,4,16,16,0.13333333333333333,1.0,15,0.06221638436197092,0.05645855983491372
21,4,16,16,0.13333333333333333,1.0,17,0.05487346923071499,0.049809103250677646
21,4,16,16,0.13333333333333333,1.0,19,0.04908093027444401,0.0445612057556863
22,4,16,16,0.13333333333333333,0.1,1,0.009920414749889236,0.009926561012613182
22,4,16,16,0.13333333333333333,0.1,3,0.0033031403468771017,0.0033072333684287716
22,4,16,16,0.13333333333333333,0.1,5,0.0019817086713410283,0.0019842626353830353
22,4,16,16,0.13333333333333333,0.1,7,0.0014154716561283547,0.0014173152320978535
22,4,16,16,0.13333333333333333,0.1,9,0.001100911345279788,0.001102351420264557
22,4,16,16,0.13333333333333333,0.1,11,0.00090074106813678,0.0009019218718963941
22,4,16,16,0.13333333333333333,0.1,13,0.0007621632912759688,0.0007631636790687977
22,4,16,16,0.13333333333333333,0.1,15,0.0006605403076795901,0.0006614079880318364
22,4,16,16,0.13333333333333333,0.1,17,0.0005828289688852771,0.0005835949687691939
22,4,16,16,0.13333333333333333,0.1,19,0.000521478102941391,0.0005221637219390192
22,4,16,16,0.13333333333333333,0.5,1,0.2336692572114853,0.23714710801156186
22,4,16,16,0.13333333333333333,0.5,3,0.07582903921996373,0.07824727918152892
22,4,16,16,0.13333333333333333,0.5,5,0.04540336414476325,0.046915086295757066
22,4,16,16,0.13333333333333333,0.5,7,0.03241254869137597,0.033504316780336864
22,4,16,16,0.13333333333333333,0.5,9,0.025203870718710324,0.026056854411267604
22,4,16,16,0.13333333333333333,0.5,11,0.020618911100711186,0.021318393496738218
22,4,16,16,0.13333333333333333,0.5,13,0.01744558498936051,0.018038226898930896
22,4,16,16,0.13333333333333333,0.5,15,0.015118862254811165,0.01563290513217498
22,4,16,16,0.13333333333333333,0.5,17,0.013339792430848119,0.013793607282816962
22,4,16,16,0.13333333333333333,0.5,19,0.011935365281504505,0.01234156549156819
22,4,16,16,0.13333333333333333,1.0,1,0.7801028514792843,0.8201585521633881
22,4,16,16,0.13333333333333333,1.0,3,0.23734962326342887,0.2687671479324469
22,4,16,16,0.13333333333333333,1.0,5,0.14147948413922243,0.16121035274436202
22,4,16,16,0.13333333333333333,1.0,7,0.10087604494858954,0.11514274589809052
22,4,16,16,0.13333333333333333,1.0,9,0.0784015238660675,0.0895532865053503
22,4,16,16,0.13333333333333333,1.0,11,0.06412287696760725,0.07327000648916492
22,4,16,16,0.13333333333333333,1.0,13,0.05424623493626041,0.06199728734788129
22,4,16,16,0.13333333333333333,1.0,15,0.04700710811816889,0.053730762461803895
22,4,16,16,0.13333333333333333,1.0,17,0.04147314899415271,0.047409367854731245
22,4,16,16,0.13333333333333333,1.0,19,0.037105226671558876,0.042418828034546975
23,4,16,16,0.13333333333333333,0.1,1,0.012233428418722596,0.012230613555900065
23,4,16,16,0.13333333333333333,0.1,3,0.00407203895607887,0.004071255639844947
23,4,16,16,0.13333333333333333,0.1,5,0.0024427601486375137,0.002442327791772882
23,4,16,16,0.13333333333333333,0.1,7,0.001744703735014133,0.001744407755092294
23,4,16,16,0.13333333333333333,0.1,9,0.0013569412152057783,0.0013567168236672308
23,4,16,16,0.13333333333333333,0.1,11,0.0011101993348750939,0.0011100188493677549
23,4,16,16,0.13333333333333333,0.1,13,0.0009393850197166264,0.0009392341523076045
23,4,16,16,0.13333333333333333,0.1,15,0.0008141247013372101,0.0008139951398530271
23,4,16,16,0.13333333333333333,0.1,17,0.0007183393549729784,0.0007182258460770937
23,4,16,16,0.13333333333333333,0.1,19,0.000642720519073932,0.0006426195344808848
23,4,16,16,0.13333333333333333,0.5,1,0.287707073597214,0.28704066469436307
23,4,16,16,0.13333333333333333,0.5,3,0.09389248123021952,0.09353911701801704
23,4,16,16,0.13333333333333333,0.5,5,0.056207387924741906,0.05599689997610062
23,4,16,16,0.13333333333333333,0.5,7,0.04011744697836693,0.03996850911719903
23,4,16,16,0.13333333333333333,0.5,9,0.031190948785565272,0.031075880926941475
23,4,16,16,0.13333333333333333,0.5,11,0.02551441191786566,0.025420713285053517
23,4,16,16,0.13333333333333333,0.5,13,0.02158613054773827,0.02150712596249328
23,4,16,16,0.13333333333333333,0.5,15,0.018706175589152864,0.018637889349615612
23,4,16,16,0.13333333333333333,0.5,17,0.016504279332622638,0.016444154689985988
23,4,16,16,0.13333333333333333,0.5,19,0.014766186684081408,0.014712483182662085
23,4,16,16,0.13333333333333333,1.0,1,0.9485027626580553,0.9420800912895995
23,4,16,16,0.13333333333333333,1.0,3,0.3001383852370831,0.2949289315539719
23,4,16,16,0.13333333333333333,1.0,5,0.178818504126976,0.17593603893436277
23,4,16,16,0.13333333333333333,1.0,7,0.12740413013276566,0.1254473629199971
23,4,16,16,0.13333333333333333,1.0,9,0.09896601153119389,0.09749238041435102
23,4,16,16,0.13333333333333333,1.0,11,0.08091081906486931,0.0797313193909778
23,4,16,16,0.13333333333333333,1.0,13,0.06842872956826349,0.06744639260237428
23,4,16,16,0.13333333333333333,1.0,15,0.0592838849872763,0.05844264923803623
23,4,16,16,0.13333333333333333,1.0,17,0.05229552152037571,0.051560151841279635
23,4,16,16,0.13333333333333333,1.0,19,0.046781205098681604,0.0461281489050447
24,4,16,16,0.13333333333333333,0.1,1,0.013221143154076694,0.012401888979688422
24,4,16,16,0.13333333333333333,0.1,3,0.004405102160575274,0.004131301229202244
24,4,16,16,0.13333333333333333,0.1,5,0.002642968124610637,0.002478652967478652
24,4,16,16,0.13333333333333333,0.1,7,0.0018878160431628403,0.0017704412609864696
24,4,16,16,0.13333333333333333,0.1,9,0.001468295499853355,0.0013770018216148097
24,4,16,16,0.13333333333333333,0.1,11,0.0012013302518577558,0.0011266345208498338
24,4,16,16,0.13333333333333333,0.1,13,0.0010165090306139078,0.0009533045108835641
24,4,16,16,0.13333333333333333,0.1,15,0.0008809738502184346,0.0008261963607186655
24,4,16,16,0.13333333333333333,0.1,17,0.000777329488683311,0.0007289962687338536
24,4,16,16,0.13333333333333333,0.1,19,0.0006955050941098248,0.0006522594930780138
24,4,16,16,0.13333333333333333,0.5,1,0.30694010306573993,0.28958625501112073
24,4,16,16,0.13333333333333333,0.5,3,0.10125256317869902,0.09503486013069225
24,4,16,16,0.13333333333333333,0.5,5,0.060703459318331834,0.05694869397252511
24,4,16,16,0.13333333333333333,0.5,7,0.04335020121182213,0.040663415198323664
24,4,16,16,0.13333333333333333,0.5,9,0.03371381518916732,0.03162254715935764
24,4,16,16,0.13333333333333333,0.5,11,0.027582785679450942,0.025871107032549988
24,4,16,16,0.13333333333333333,0.5,13,0.023338674549574938,0.021890018775899103
24,4,16,16,0.13333333333333333,0.5,15,0.020226522028765067,0.01897085045516988
24,4,16,16,0.13333333333333333,0.5,17,0.017846737075251213,0.01673869134605179
24,4,16,16,0.13333333333333333,0.5,19,0.0159680113951367,0.014976539167475293
24,4,16,16,0.13333333333333333,1.0,1,0.976189518813611,0.9390915334132847
24,4,16,16,0.13333333333333333,1.0,3,0.3155326583171804,0.29661668872438324
24,4,16,16,0.13333333333333333,1.0,5,0.18893209267609454,0.17707063502475762
24,4,16,16,0.13333333333333333,1.0,7,0.13487638521821524,0.12630007304959395
24,4,16,16,0.13333333333333333,1.0,9,0.10487992334279136,0.09817592330326705
24,4,16,16,0.13333333333333333,1.0,11,0.08580095429529937,0.08030192056649954
24,4,16,16,0.13333333333333333,1.0,13,0.07259599839019247,0.06793617056837782
24,4,16,16,0.13333333333333333,1.0,15,0.06291391859959057,0.05887169955996015
24,4,16,16,0.13333333333333333,1.0,17,0.05551074067307362,0.05194189233333154
24,4,16,16,0.13333333333333333,1.0,19,0.04966653864750437,0.04647198735522397
25,4,16,16,0.13333333333333333,0.1,1,0.012644382447233744,0.012354067860104023
25,4,16,16,0.13333333333333333,0.1,3,0.004210795170853272,0.004112475492438452
25,4,16,16,0.13333333333333333,0.1,5,0.002526268007935637,0.002467143680298615
25,4,16,16,0.13333333333333333,0.1,7,0.001804432800710053,0.0017621645175385726
25,4,16,16,0.13333333333333333,0.1,9,0.0014034325335073245,0.0013705421766057983
25,4,16,16,0.13333333333333333,0.1,11,0.0011482562730929036,0.0011213384010232467
25,4,16,16,0.13333333333333333,0.1,13,0.000971597996451683,0.0009488169888867383
25,4,16,16,0.13333333333333333,0.1,15,0.0008420496038607455,0.0008223033437699367
25,4,16,16,0.13333333333333333,0.1,17,0.0007429837052592,0.0007255587204734594
25,4,16,16,0.13333333333333333,0.1,19,0.0006647740765296545,0.0006491820309047982
25,4,16,16,0.13333333333333333,0.5,1,0.29519047265102727,0.28806170122335495
25,4,16,16,0.13333333333333333,0.5,3,0.09637085929130908,0.0934790905818042
25,4,16,16,0.13333333333333333,0.5,5,0.057729834656829765,0.05595970760890135
25,4,16,16,0.13333333333333333,0.5,7,0.041217362034770305,0.039944601377198075
25,4,16,16,0.13333333333333333,0.5,9,0.0320520925153857,0.031059027311682696
25,4,16,16,0.13333333333333333,0.5,11,0.02622200378691854,0.025408008737666993
25,4,16,16,0.13333333333333333,0.5,13,0.022186658619698936,0.02149707961405673
25,4,16,16,0.13333333333333333,0.5,15,0.01922778692949899,0.01862966031358803
25,4,16,16,0.13333333333333333,0.5,17,0.016965308884604673,0.016437231524436925
25,4,16,16,0.13333333333333333,0.5,19,0.015179243895053728,0.014706535738581867
25,4,16,16,0.13333333333333333,1.0,1,0.9564738942465439,0.9343038735505105
25,4,16,16,0.13333333333333333,1.0,3,0.30190509976046154,0.29607552438755963
25,4,16,16,0.13333333333333333,1.0,5,0.18031375544178888,0.17688219565656774
25,4,16,16,0.13333333333333333,1.0,7,0.12862258039087665,0.12617265235911404
25,4,16,16,0.13333333333333333,1.0,9,0.09998155370070536,0.09807232374017799
25,4,16,16,0.13333333333333333,1.0,11,0.08177782179830843,0.0802124691757954
25,4,16,16,0.13333333333333333,1.0,13,0.0691837706826775,0.06785682786443649
25,4,16,16,0.13333333333333333,1.0,15,0.059951985032042875,0.05880020631935418
25,4,16,16,0.13333333333333333,1.0,17,0.052894341582462166,0.05187676347845151
25,4,16,16,0.13333333333333333,1.0,19,0.047323603780246824,0.04641215667614202
26,4,16,16,0.13333333333333333,0.1,1,0.012309022333098184,0.013031287117842884
26,4,16,16,0.13333333333333333,0.1,3,0.00409125116360345,0.004335897424595219
26,4,16,16,0.13333333333333333,0.1,5,0.0024535317158324754,0.0026008964390858407
26,4,16,16,0.13333333333333333,0.1,7,0.001752163451617766,0.0018576092157850802
26,4,16,16,0.13333333333333333,0.1,9,0.001362641400574276,0.0014447365882882582
26,4,16,16,0.13333333333333333,0.1,11,0.0011148099296338413,0.001182021861083902
26,4,16,16,0.13333333333333333,0.1,13,0.000943255061496905,0.0010001521785738855
26,4,16,16,0.13333333333333333,0.1,15,0.0008174588570176507,0.0008667859827409131
26,4,16,16,0.13333333333333333,0.1,17,0.0007212678268646074,0.0007648028015509971
26,4,16,16,0.13333333333333333,0.1,19,0.0006453312353114634,0.0006842914059645431
26,4,16,16,0.13333333333333333,0.5,1,0.2911573813005692,0.3051934331696482
26,4,16,16,0.13333333333333333,0.5,3,0.09447427079642268,0.09905286344811752
26,4,16,16,0.13333333333333333,0.5,5,0.05648523493465931,0.05923217565552183
26,4,16,16,0.13333333333333333,0.5,7,0.04029244932031197,0.04225732770024226
26,4,16,16,0.13333333333333333,0.5,9,0.03131654388030816,0.032846657369444594
26,4,16,16,0.13333333333333333,0.5,11,0.025611573498021265,0.02686468095415568
26,4,16,16,0.13333333333333333,0.5,13,0.021665016656760266,0.02272612766651577
26,4,16,16,0.13333333333333333,0.5,15,0.01877240663663433,0.01969257876640138
26,4,16,16,0.13333333333333333,0.5,17,0.016561265384572376,0.0173735690861559
26,4,16,16,0.13333333333333333,0.5,19,0.014816141562429056,0.015543224729126564
26,4,16,16,0.13333333333333333,1.0,1,0.9511090903656807,0.9926249501263034
26,4,16,16,0.13333333333333333,1.0,3,0.29507070636311633,0.31174036965174223
26,4,16,16,0.13333333333333333,1.0,5,0.1755712565845893,0.1851013317995151
26,4,16,16,0.13333333333333333,1.0,7,0.12499548505562959,0.13166021762491645
26,4,16,16,0.13333333333333333,1.0,9,0.09704767786538535,0.10217211734888883
26,4,16,16,0.13333333333333333,1.0,11,0.07931579537039449,0.08347861990736152
26,4,16,16,0.13333333333333333,1.0,13,0.06706334303057526,0.07056863380618719
26,4,16,16,0.13333333333333333,1.0,15,0.05809016018605319,0.06111741292838271
26,4,16,16,0.13333333333333333,1.0,17,0.05123503126145195,0.05389904640322274
26,4,16,16,0.13333333333333333,1.0,19,0.04582715019180078,0.048205794687824564
27,4,16,16,0.13333333333333333,0.1,1,0.013946251766392314,0.013289122626921033
27,4,16,16,0.13333333333333333,0.1,3,0.0046430415038191215,0.004423854599585153
27,4,16,16,0.13333333333333333,0.1,5,0.0027854253072058886,0.0026539861358102737
27,4,16,16,0.13333333333333333,0.1,7,0.001989488108174069,0.0018956315664260016
27,4,16,16,0.13333333333333333,0.1,9,0.0015473400554868813,0.0014743541138116534
27,4,16,16,0.13333333333333333,0.1,11,0.0012659861783923746,0.0012062778591333367
27,4,16,16,0.13333333333333333,0.1,13,0.0010712082525608925,0.0010206903374335278
27,4,16,16,0.13333333333333333,0.1,15,0.0009283738320417051,0.0008845945692511687
27,4,16,16,0.13333333333333333,0.1,17,0.0008191490047711452,0.0007805222532097873
27,4,16,16,0.13333333333333333,0.1,19,0.0007329197642361095,0.0006983604239188666
27,4,16,16,0.13333333333333333,0.5,1,0.32240256161758435,0.30743548765255374
27,4,16,16,0.13333333333333333,0.5,3,0.10511459683460914,0.09960041920840537
27,4,16,16,0.13333333333333333,0.5,5,0.06293374598705018,0.05963187122777158
27,4,16,16,0.13333333333333333,0.5,7,0.04492137186776615,0.042568578692104536
27,4,16,16,0.13333333333333333,0.5,9,0.03492734379345953,0.03310057160267296
27,4,16,16,0.13333333333333333,0.5,11,0.028571547955066223,0.027078787312099714
27,4,16,16,0.13333333333333333,0.5,13,0.02417301874196994,0.02291109255002712
27,4,16,16,0.13333333333333333,0.5,15,0.02094821036989735,0.019855327459762866
27,4,16,16,0.13333333333333333,0.5,17,0.018482596026497874,0.017518836883064406
27,4,16,16,0.13333333333333333,0.5,19,0.016536299068938814,0.01567438646078022
27,4,16,16,0.13333333333333333,1.0,1,1.01316829294757,0.9719572831085374
27,4,16,16,0.13333333333333333,1.0,3,0.31885801004519404,0.3002110043706157
27,4,16,16,0.13333333333333333,1.0,5,0.19008504084515104,0.17897221247405978
27,4,16,16,0.13333333333333333,1.0,7,0.13544974884180394,0.12756421576454874
27,4,16,16,0.13333333333333333,1.0,9,0.1052195583922467,0.09911414797654926
27,4,16,16,0.13333333333333333,1.0,11,0.08602409578173821,0.08104473373598334
27,4,16,16,0.13333333333333333,1.0,13,0.07275299896765136,0.06854961438458325
27,4,16,16,0.13333333333333333,1.0,15,0.0630298902172043,0.05939351212555331
27,4,16,16,0.13333333333333333,1.0,17,0.055599573671076825,0.052395551735606644
27,4,16,16,0.13333333333333333,1.0,19,0.04973652485055454,0.04687304740125899
28,4,16,16,0.13333333333333333,0.1,1,0.009731133800196355,0.01116402980674889
28,4,16,16,0.13333333333333333,0.1,3,0.0032415459200222227,0.003717387765422518
28,4,16,16,0.13333333333333333,0.1,5,0.0019448239525754567,0.0022302430824309273
28,4,16,16,0.13333333333333333,0.1,7,0.0013891395847386437,0.0015929934711066307
28,4,16,16,0.13333333333333333,0.1,9,0.0010804353763170882,0.0012389829831082608
28,4,16,16,0.13333333333333333,0.1,11,0.0008839898791850972,0.001013708405279861
28,4,16,16,0.13333333333333333,0.1,13,0.0007479901215703469,0.0008577508597080094
28,4,16,16,0.13333333333333333,0.1,15,0.0006482573905185563,0.0007433827699893891
28,4,16,16,0.13333333333333333,0.1,17,0.0005719913936313314,0.0006559252019618354
28,4,16,16,0.13333333333333333,0.1,19,0.0005117815087956816,0.0005868799598052674
28,4,16,16,0.13333333333333333,0.5,1,0.23265080639405256,0.26061110555517697
28,4,16,16,0.13333333333333333,0.5,3,0.07646945085353765,0.08456373942419786
28,4,16,16,0.13333333333333333,0.5,5,0.0458344937661785,0.05063146316088811
28,4,16,16,0.13333333333333333,0.5,7,0.03272972317595674,0.03614438803560688
28,4,16,16,0.13333333333333333,0.5,9,0.025453514454036506,0.028105605473138125
28,4,16,16,0.13333333333333333,0.5,11,0.0208243878450911,0.022992723271350473
28,4,16,16,0.13333333333333333,0.5,13,0.017620045003341755,0.01945403246422253
28,4,16,16,0.13333333333333333,0.5,15,0.015270384506413307,0.0168594281778406
28,4,16,16,0.13333333333333333,0.5,17,0.013473679341898047,0.014875533664940384
28,4,16,16,0.13333333333333333,0.5,19,0.012055278539436854,0.013309416774573857
28,4,16,16,0.13333333333333333,1.0,1,0.8095760645976736,0.839688481364438
28,4,16,16,0.13333333333333333,1.0,3,0.2638557664428997,0.2493626815412001
28,4,16,16,0.13333333333333333,1.0,5,0.15819032440396358,0.1482468361915052
28,4,16,16,0.13333333333333333,1.0,7,0.11297130047964561,0.10562064401796886
28,4,16,16,0.13333333333333333,1.0,9,0.08785982661458872,0.08206291258008318
28,4,16,16,0.13333333333333333,1.0,11,0.07188256322378131,0.06710655049993187
28,4,16,16,0.13333333333333333,1.0,13,0.060822380110674215,0.056765022592806004
28,4,16,16,0.13333333333333333,1.0,15,0.05271201123590674,0.04918686646537926
28,4,16,16,0.13333333333333333,1.0,17,0.046510175962107964,0.04339458159258067
28,4,16,16,0.13333333333333333,1.0,19,0.04161410366437343,0.03882322067490578
29,4,16,16,0.13333333333333333,0.1,1,0.011748766638269407,0.012038460924842509
29,4,16,16,0.13333333333333333,0.1,3,0.003912737372252654,0.00401030772936179
29,4,16,16,0.13333333333333333,0.1,5,0.0023474737834395516,0.0024060641910572432
29,4,16,16,0.13333333333333333,0.1,7,0.0016767338053314013,0.001718593579200405
29,4,16,16,0.13333333333333333,0.1,9,0.001304115672520145,0.0013366763094472204
29,4,16,16,0.13333333333333333,0.1,11,0.0010669993335213023,0.001093641111608698
29,4,16,16,0.13333333333333333,0.1,13,0.0009028434493130234,0.0009253871040263412
29,4,16,16,0.13333333333333333,0.1,15,0.0007824631587925512,0.0008020013254978293
29,4,16,16,0.13333333333333333,0.1,17,0.0006904079831583866,0.0007076477381578504
29,4,16,16,0.13333333333333333,0.1,19,0.0006177330280140102,0.0006331581950115236
29,4,16,16,0.13333333333333333,0.5,1,0.27639782579476063,0.28074624670592696
29,4,16,16,0.13333333333333333,0.5,3,0.0901045220978109,0.09208435190416746
29,4,16,16,0.13333333333333333,0.5,5,0.0539682149414685,0.05518066920799794
29,4,16,16,0.13333333333333333,0.5,7,0.038530177748689574,0.0394010321864687
29,4,16,16,0.13333333333333333,0.5,9,0.02996198434436529,0.030640855300004693
29,4,16,16,0.13333333333333333,0.5,11,0.024511895015396305,0.02506797228615213
29,4,16,16,0.13333333333333333,0.5,13,0.020739639312672458,0.021210476355588263
29,4,16,16,0.13333333333333333,0.5,15,0.017973704395558288,0.018381931770757715
29,4,16,16,0.13333333333333333,0.5,17,0.01585876785802062,0.016219067898123416
29,4,16,16,0.13333333333333333,0.5,19,0.014189183552548041,0.0145116196384702
29,4,16,16,0.13333333333333333,1.0,1,0.9116033214192342,0.9066253875693211
29,4,16,16,0.13333333333333333,1.0,3,0.27907951470814,0.2821287313837126
29,4,16,16,0.13333333333333333,1.0,5,0.16628354924372088,0.16832055848602484
29,4,16,16,0.13333333333333333,1.0,7,0.11854443230839279,0.12003885898445735
29,4,16,16,0.13333333333333333,1.0,9,0.09212770695049456,0.09330248514126606
29,4,16,16,0.13333333333333333,1.0,11,0.07534675646194461,0.07631305995190835
29,4,16,16,0.13333333333333333,1.0,13,0.06374012221947936,0.06456024707954461
29,4,16,16,0.13333333333333333,1.0,15,0.05523337696366246,0.055945499286297475
29,4,16,16,0.13333333333333333,1.0,17,0.04873057804265786,0.04935971471473417
29,4,16,16,0.13333333333333333,1.0,19,0.04359806050002727,0.0441614695575252
30,4,16,16,0.13333333333333333,0.1,1,0.011507200956628303,0.012456979014982118
30,4,16,16,0.13333333333333333,0.1,3,0.003834681285972174,0.004149726357279568
30,4,16,16,0.13333333333333333,0.1,5,0.0023007582393839198,0.0024897057557021177
30,4,16,16,0.13333333333333333,0.1,7,0.0016433887976723457,0.0017783355461721726
30,4,16,16,0.13333333333333333,0.1,9,0.0012781881039970924,0.0013831416296030154
30,4,16,16,0.13333333333333333,0.1,11,0.0010457889485882294,0.001131657918701481
30,4,16,16,0.13333333333333333,0.1,13,0.0008848976995337541,0.0009575550381489192
30,4,16,16,0.13333333333333333,0.1,15,0.0007669109907344795,0.000829880129014233
30,4,16,16,0.13333333333333333,0.1,17,0.0006766859625750369,0.0007322466394894911
30,4,16,16,0.13333333333333333,0.1,19,0.0006054557321895064,0.0006551677113285653
30,4,16,16,0.13333333333333333,0.5,1,0.2708508565609704,0.29342293454914053
30,4,16,16,0.13333333333333333,0.5,3,0.08976284996745193,0.0966460016376006
30,4,16,16,0.13333333333333333,0.5,5,0.053831787246404056,0.057907111788595284
30,4,16,16,0.13333333333333333,0.5,7,0.03844615321361624,0.041344755512174695
30,4,16,16,0.13333333333333333,0.5,9,0.029900921566250308,0.032151209730967675
30,4,16,16,0.13333333333333333,0.5,11,0.024463709900000866,0.02630307450290456
30,4,16,16,0.13333333333333333,0.5,13,0.020699730958714017,0.022255236331170224
30,4,16,16,0.13333333333333333,0.5,15,0.017939586671473832,0.01928720816296825
30,4,16,16,0.13333333333333333,0.5,17,0.015828940812336652,0.01701773187436587
30,4,16,16,0.13333333333333333,0.5,19,0.014162669852449395,0.015226144343002674
30,4,16,16,0.13333333333333333,1.0,1,0.9004440228975876,0.9692301639672487
30,4,16,16,0.13333333333333333,1.0,3,0.29741081647813505,0.3109855228188666
30,4,16,16,0.13333333333333333,1.0,5,0.1781646525470184,0.1853171009344563
30,4,16,16,0.13333333333333333,1.0,7,0.12720177922517964,0.13205592127951943
30,4,16,16,0.13333333333333333,1.0,9,0.09891561803101609,0.10259495879149899
30,4,16,16,0.13333333333333333,1.0,11,0.08092299275203846,0.08388890830900302
30,4,16,16,0.13333333333333333,1.0,13,0.06846940932342363,0.07095565661689325
30,4,16,16,0.13333333333333333,1.0,15,0.059338033560653355,0.06147934445440358
30,4,16,16,0.13333333333333333,1.0,17,0.0523558357857615,0.054236972475202455
30,4,16,16,0.13333333333333333,1.0,19,0.04684390852905285,0.048521689256559385
31,4,16,16,0.13333333333333333,0.1,1,0.012482491797135722,0.011970934479269332
31,4,16,16,0.13333333333333333,0.1,3,0.004155481088249429,0.003985394694525555
31,4,16,16,0.13333333333333333,0.1,5,0.0024929078753621993,0.0023909105500286476
31,4,16,16,0.13333333333333333,0.1,7,0.0017805507915434253,0.0017077127147635243
31,4,16,16,0.13333333333333333,0.1,9,0.0013848344246261664,0.0013281901090027816
31,4,16,16,0.13333333333333333,0.1,11,0.001133027502087859,0.0010866861045965128
31,4,16,16,0.13333333333333333,0.1,13,0.0009587049841576982,0.0009194953614227618
31,4,16,16,0.13333333333333333,0.1,15,0.0008308711200230174,0.0007968909337001446
31,4,16,16,0.13333333333333333,0.1,17,0.0007331172694510576,0.0007031357585897443
31,4,16,16,0.13333333333333333,0.1,19,0.0006559440434953414,0.0006291191939461272
31,4,16,16,0.13333333333333333,0.5,1,0.2920898937133456,0.28100846441313565
31,4,16,16,0.13333333333333333,0.5,3,0.09524413199101289,0.09151642856436112
31,4,16,16,0.13333333333333333,0.5,5,0.05704364735188444,0.054786913210952935
31,4,16,16,0.13333333333333333,0.5,7,0.04072396396484224,0.03910567116574443
31,4,16,16,0.13333333333333333,0.5,9,0.03166688085911547,0.03040547857573819
31,4,16,16,0.13333333333333333,0.5,11,0.02590605495837612,0.024872586702398204
31,4,16,16,0.13333333333333333,0.5,13,0.02191885590177997,0.021043560981862004
31,4,16,16,0.13333333333333333,0.5,15,0.018995394653904905,0.018236286287848284
31,4,16,16,0.13333333333333333,0.5,17,0.016760055010650008,0.016089904635541975
31,4,16,16,0.13333333333333333,0.5,19,0.014995452115980789,0.01439559840215179
31,4,16,16,0.13333333333333333,1.0,1,0.9466241422203477,0.9261771980905452
31,4,16,16,0.13333333333333333,1.0,3,0.2997382347315382,0.2892974196613817
31,4,16,16,0.13333333333333333,1.0,5,0.17893957982981648,0.17234205076751402
31,4,16,16,0.13333333333333333,1.0,7,0.1276087490896625,0.12280725066690869
31,4,16,16,0.13333333333333333,1.0,9,0.09917749155106136,0.09540670471213993
31,4,16,16,0.13333333333333333,1.0,11,0.08111143889367588,0.07800795134606581
31,4,16,16,0.13333333333333333,1.0,13,0.06861476693857277,0.06597823616746519
31,4,16,16,0.13333333333333333,1.0,15,0.05945551512739332,0.057163940302703976
31,4,16,16,0.13333333333333333,1.0,17,0.05245399895735177,0.050427626219142076
31,4,16,16,0.13333333333333333,1.0,19,0.04692798493582613,0.04511183470053888
32,4,16,16,0.13333333333333333,0.1,1,0.011179354965269303,0.011172715928364354
32,4,16,16,0.13333333333333333,0.1,3,0.0037257680699548743,0.0037205013099358094
32,4,16,16,0.13333333333333333,0.1,5,0.002235427991319417,0.002232121412139477
32,4,16,16,0.13333333333333333,0.1,7,0.0015967278140002737,0.0015943371380578845
32,4,16,16,0.13333333333333333,0.1,9,0.001241897341379967,0.0012400286979799304
32,4,16,16,0.13333333333333333,0.1,11,0.0010160969676400917,0.0010145642553892197
32,4,16,16,0.13333333333333333,0.1,13,0.0008597739400983267,0.0008584751696165566
32,4,16,16,0.13333333333333333,0.1,15,0.0007451371879327511,0.0007440105754043149
32,4,16,16,0.13333333333333333,0.1,17,0.0006574738555980712,0.0006564791892838383
32,4,16,16,0.13333333333333333,0.1,19,0.0005882659974119408,0.0005873756586291665
32,4,16,16,0.13333333333333333,0.5,1,0.2644113600906431,0.2606395647525412
32,4,16,16,0.13333333333333333,0.5,3,0.08783386591747874,0.08472206941126352
32,4,16,16,0.13333333333333333,0.5,5,0.0526844130876563,0.05072934506206062
32,4,16,16,0.13333333333333333,0.5,7,0.03762856300427961,0.03621479130423422
32,4,16,16,0.13333333333333333,0.5,9,0.029265645476215178,0.028160511842874554
32,4,16,16,0.13333333333333333,0.5,11,0.023944198251993103,0.02303770665381687
32,4,16,16,0.13333333333333333,0.5,13,0.02026027052682953,0.01949212415503552
32,4,16,16,0.13333333333333333,0.5,15,0.017558789653055996,0.016892456534066375
32,4,16,16,0.13333333333333333,0.5,17,0.01549298394370042,0.014904685461468179
32,4,16,16,0.13333333333333333,0.5,19,0.013862102271501009,0.01333550566920012
32,4,16,16,0.13333333333333333,1.0,1,0.8902645469847503,0.84689757855141
32,4,16,16,0.13333333333333333,1.0,3,0.29643468197379885,0.25680061144164434
32,4,16,16,0.13333333333333333,1.0,5,0.17766342308770233,0.15272450885543634
32,4,16,16,0.13333333333333333,1.0,7,0.12685983118728497,0.1088189075331551
32,4,16,16,0.13333333333333333,1.0,9,0.09865475012973655,0.08455017475863706
32,4,16,16,0.13333333333333333,1.0,11,0.0807116545770076,0.06914142589387111
32,4,16,16,0.13333333333333333,1.0,13,0.06829160385150647,0.05848675299430339
32,4,16,16,0.13333333333333333,1.0,15,0.05918448884806931,0.05067898199135127
32,4,16,16,0.13333333333333333,1.0,17,0.05222068116737225,0.04471112287847116
32,4,16,16,0.13333333333333333,1.0,19,0.04672318511242907,0.04000115853290071
33,4,16,16,0.13333333333333333,0.1,1,0.011154410466588355,0.011153812648278768
33,4,16,16,0.13333333333333333,0.1,3,0.0037157805789542336,0.003715482638590994
33,4,16,16,0.13333333333333333,0.1,5,0.002229355681769412,0.002229171703565917
33,4,16,16,0.13333333333333333,0.1,7,0.0015923747517549859,0.001592242303763089
33,4,16,16,0.13333333333333333,0.1,9,0.0012385066025547063,0.0012384032553111823
33,4,16,16,0.13333333333333333,0.1,11,0.001013320646291765,0.0010132359517340418
33,4,16,16,0.13333333333333333,0.1,13,0.0008574237326521228,0.0008573520009663618
33,4,16,16,0.13333333333333333,0.1,15,0.0007430997909640598,0.0007430375870249725
33,4,16,16,0.13333333333333333,0.1,17,0.0006556758277629834,0.0006556209204194355
33,4,16,16,0.13333333333333333,0.1,19,0.0005866570320054708,0.0005866078908779578
33,4,16,16,0.13333333333333333,0.5,1,0.2638049112164382,0.2636966148148967
33,4,16,16,0.13333333333333333,0.5,3,0.08682196338301537,0.08665791248493662
33,4,16,16,0.13333333333333333,0.5,5,0.05204344187824453,0.05193123687702264
33,4,16,16,0.13333333333333333,0.5,7,0.037164149607773915,0.03708113671133248
33,4,16,16,0.13333333333333333,0.5,9,0.028902337750243784,0.0288368392899778
33,4,16,16,0.13333333333333333,0.5,11,0.023646079255210846,0.02359210043277052
33,4,16,16,0.13333333333333333,0.5,13,0.020007594307193104,0.019961729796744945
33,4,16,16,0.13333333333333333,0.5,15,0.017339574420633795,0.017299721563910166
33,4,16,16,0.13333333333333333,0.5,17,0.015299423640533397,0.015264198165835614
33,4,16,16,0.13333333333333333,0.5,19,0.013688831999586197,0.013657276043169046
33,4,16,16,0.13333333333333333,1.0,1,0.890258645251191,0.8962117020224156
33,4,16,16,0.13333333333333333,1.0,3,0.28905039337324157,0.28799180196873453
33,4,16,16,0.13333333333333333,1.0,5,0.17295731704608708,0.17173404153207775
33,4,16,16,0.13333333333333333,1.0,7,0.12344525122906211,0.12243660305807878
33,4,16,16,0.13333333333333333,1.0,9,0.0959820884685851,0.09515209579551649
33,4,16,16,0.13333333333333333,1.0,11,0.07851796157674967,0.07781957942191403
33,4,16,16,0.13333333333333333,1.0,13,0.06643201529319848,0.06583156257133783
33,4,16,16,0.13333333333333333,1.0,15,0.057571005523406465,0.057045399358600576
33,4,16,16,0.13333333333333333,1.0,17,0.0507959350697184,0.05032907480335586
33,4,16,16,0.13333333333333333,1.0,19,0.045447732276880565,0.04502806982022255
34,4,16,16,0.13333333333333333,0.1,1,0.012062774413437189,0.012062774413437194
34,4,16,16,0.13333333333333333,0.1,3,0.004014870640577175,0.004014870640577662
34,4,16,16,0.13333333333333333,0.1,5,0.002408413940075244,0.0024084139400771744
34,4,16,16,0.13333333333333333,0.1,7,0.0017201558427891888,0.0017201558427897595
34,4,16,16,0.13333333333333333,0.1,9,0.0013378417553285057,0.0013378417553326833
34,4,16,16,0.13333333333333333,0.1,11,0.0010945689696300479,0.0010945689696301097
34,4,16,16,0.13333333333333333,0.1,13,0.0009261572283482192,0.0009261572283494534
34,4,16,16,0.13333333333333333,0.1,15,0.0008026592698791396,0.0008026592698815705
34,4,16,16,0.13333333333333333,0.1,17,0.0007082218835756615,0.0007082218835810769
34,4,16,16,0.13333333333333333,0.1,19,0.0006336673954141809,0.000633667395415968
34,4,16,16,0.13333333333333333,0.5,1,0.28454712357852857,0.28454712357852874
34,4,16,16,0.13333333333333333,0.5,3,0.0927596741584688,0.09275967415846918
34,4,16,16,0.13333333333333333,0.5,5,0.05553209338721244,0.055532093387212426
34,4,16,16,0.13333333333333333,0.5,7,0.03963669753369404,0.039636697533695975
34,4,16,16,0.13333333333333333,0.5,9,0.030817730974587648,0.030817730974588245
34,4,16,16,0.13333333333333333,0.5,11,0.025209410025093342,0.025209410025094012
34,4,16,16,0.13333333333333333,0.5,13,0.0213282580144256,0.021328258014428926
34,4,16,16,0.13333333333333333,0.5,15,0.018482814753000176,0.018482814753002324
34,4,16,16,0.13333333333333333,0.5,17,0.01630728176793821,0.016307281767938112
34,4,16,16,0.13333333333333333,0.5,19,0.014589985324242096,0.014589985324241845
34,4,16,16,0.13333333333333333,1.0,1,0.9441701776268944,0.9441701776268937
34,4,16,16,0.13333333333333333,1.0,3,0.2933419669800437,0.2933419669800439
34,4,16,16,0.13333333333333333,1.0,5,0.17486664605896415,0.17486664605896396
34,4,16,16,0.13333333333333333,1.0,7,0.12465156618289538,0.1246515661828971
34,4,16,16,0.13333333333333333,1.0,9,0.09686058020981955,0.09686058020982032
34,4,16,16,0.13333333333333333,1.0,11,0.07920802033768737,0.07920802033768831
34,4,16,16,0.13333333333333333,1.0,13,0.06699999699654902,0.06699999699655108
34,4,16,16,0.13333333333333333,1.0,15,0.058053542059718535,0.05805354205971884
34,4,16,16,0.13333333333333333,1.0,17,0.051215347293480276,0.05121534729348114
34,4,16,16,0.13333333333333333,1.0,19,0.04581861493683604,0.045818614936836914
35,4,16,16,0.13333333333333333,0.1,1,0.011129853794516205,0.011128688123351849
35,4,16,16,0.13333333333333333,0.1,3,0.0037067331749443544,0.003707301137690675
35,4,16,16,0.13333333333333333,0.1,5,0.002223885310357736,0.0022242724927309856
35,4,16,16,0.13333333333333333,0.1,7,0.0015884590818757193,0.0015887447819885577
35,4,16,16,0.13333333333333333,0.1,9,0.0012354584361659532,0.0012356835741377963
35,4,16,16,0.13333333333333333,0.1,11,0.001010825596176153,0.0010110110122886014
35,4,16,16,0.13333333333333333,0.1,13,0.0008553120030682658,0.0008554694836659906
35,4,16,16,0.13333333333333333,0.1,15,0.0007412693353082088,0.000741406139341215
35,4,16,16,0.13333333333333333,0.1,17,0.0006540605488063361,0.0006541814474526667
35,4,16,16,0.13333333333333333,0.1,19,0.0005852116751140225,0.0005853199662841451
35,4,16,16,0.13333333333333333,0.5,1,0.2636553938067756,0.2628106131297281
35,4,16,16,0.13333333333333333,0.5,3,0.08614936824119618,0.08643871921700295
35,4,16,16,0.13333333333333333,0.5,5,0.051604389220123885,0.051811903817790765
35,4,16,16,0.13333333333333333,0.5,7,0.036843459951233254,0.03699847625004083
35,4,16,16,0.13333333333333333,0.5,9,0.028650636858864105,0.028773390601590544
35,4,16,16,0.13333333333333333,0.5,11,0.023439198004458216,0.023540540172716357
35,4,16,16,0.13333333333333333,0.5,13,0.019832081018821533,0.019918274177884325
35,4,16,16,0.13333333333333333,0.5,15,0.017187212679267184,0.017262153984531507
35,4,16,16,0.13333333333333333,0.5,17,0.015164839201757391,0.015231105810265516
35,4,16,16,0.13333333333333333,0.5,19,0.013568321716239208,0.013627701961958909
35,4,16,16,0.13333333333333333,1.0,1,0.8939638097917809,0.8783201072910032
35,4,16,16,0.13333333333333333,1.0,3,0.2818924143853643,0.284090737061197
35,4,16,16,0.13333333333333333,1.0,5,0.16822919737577655,0.17013165923762205
35,4,16,16,0.13333333333333333,1.0,7,0.11998281561737632,0.12145965538730144
35,4,16,16,0.13333333333333333,1.0,9,0.09326180600792777,0.09444851800186232
35,4,16,16,0.13333333333333333,1.0,11,0.07628097719666087,0.07726774278517073
35,4,16,16,0.13333333333333333,1.0,13,0.06453368314968992,0.0653763521003648
35,4,16,16,0.13333333333333333,1.0,15,0.05592279393301113,0.05665730600624056
35,4,16,16,0.13333333333333333,1.0,17,0.04933986724304618,0.04999044403746356
35,4,16,16,0.13333333333333333,1.0,19,0.04414382835960655,0.044727478723575874
36,4,16,16,0.13333333333333333,0.1,1,0.011786969127497148,0.011787122875083194
36,4,16,16,0.13333333333333333,0.1,3,0.003924065746692449,0.003924071298962491
36,4,16,16,0.13333333333333333,0.1,5,0.002354203452764913,0.0023542046495405805
36,4,16,16,0.13333333333333333,0.1,7,0.0016815274592157027,0.001681527895104861
36,4,16,16,0.13333333333333333,0.1,9,0.0013078398283501626,0.0013078400333922167
36,4,16,16,0.13333333333333333,0.1,11,0.001070044613425572,0.001070044725713772
36,4,16,16,0.13333333333333333,0.1,13,0.0009054193697121056,0.0009054194377379824
36,4,16,16,0.13333333333333333,0.1,15,0.0007846951582840745,0.000784695202565184
36,4,16,16,0.13333333333333333,0.1,17,0.0006923771203574047,0.0006923771507774696
36,4,16,16,0.13333333333333333,0.1,19,0.0006194947156396109,0.0006194947374267121
36,4,16,16,0.13333333333333333,0.5,1,0.2751687762582997,0.2752857189058683
36,4,16,16,0.13333333333333333,0.5,3,0.08903540869120512,0.08903741459711038
36,4,16,16,0.13333333333333333,0.5,5,0.05329952323488675,0.05329989712501928
36,4,16,16,0.13333333333333333,0.5,7,0.038047275268632504,0.038047405361461124
36,4,16,16,0.13333333333333333,0.5,9,0.0295847172093858,0.029584777213408433
36,4,16,16,0.13333333333333333,0.5,11,0.024202529286633044,0.024202561815609983
36,4,16,16,0.13333333333333333,0.5,13,0.020477531664598408,0.02047755125425461
36,4,16,16,0.13333333333333333,0.5,15,0.01774636151867306,0.017746374222860038
36,4,16,16,0.13333333333333333,0.5,17,0.01565806339099971,0.015658072096145427
36,4,16,16,0.13333333333333333,0.5,19,0.014009538256582727,0.014009544480878303
36,4,16,16,0.13333333333333333,1.0,1,0.8913070187752653,0.8934074843195505
36,4,16,16,0.13333333333333333,1.0,3,0.27647589909386494,0.27637515922311895
36,4,16,16,0.13333333333333333,1.0,5,0.1653609975951384,0.16533655011846352
36,4,16,16,0.13333333333333333,1.0,7,0.11801732057958138,0.118008163126687
36,4,16,16,0.13333333333333333,1.0,9,0.09176048613677161,0.09175613073698675
36,4,16,16,0.13333333333333333,1.0,11,0.07506410915194206,0.07506171085557362
36,4,16,16,0.13333333333333333,1.0,13,0.06350964986729629,0.06350819248261533
36,4,16,16,0.13333333333333333,1.0,15,0.055038367983283584,0.05503741747574463
36,4,16,16,0.13333333333333333,1.0,17,0.04856130578466561,0.048560652004442435
36,4,16,16,0.13333333333333333,1.0,19,0.04344836085807834,0.04344789215072129
37,4,16,16,0.13333333333333333,0.1,1,0.013156494947479948,0.013429204007470096
37,4,16,16,0.13333333333333333,0.1,3,0.004380971448265647,0.004472908547586623
37,4,16,16,0.13333333333333333,0.1,5,0.0026283213777391293,0.0026835423165341315
37,4,16,16,0.13333333333333333,0.1,7,0.0018773128732174388,0.0019167695874936141
37,4,16,16,0.13333333333333333,0.1,9,0.0014601106426446165,0.0014908039332915705
37,4,16,16,0.13333333333333333,0.1,11,0.0011946259962719895,0.0012197408611250536
37,4,16,16,0.13333333333333333,0.1,13,0.0010108320178112788,0.0010320842170661207
37,4,16,16,0.13333333333333333,0.1,15,0.0008760512251125371,0.0008944704840279986
37,4,16,16,0.13333333333333333,0.1,17,0.0007729843325670652,0.0007892370572494817
37,4,16,16,0.13333333333333333,0.1,19,0.0006916161782431506,0.0007061583847378514
37,4,16,16,0.13333333333333333,0.5,1,0.30651849078503607,0.3120377209445726
37,4,16,16,0.13333333333333333,0.5,3,0.10000574123374283,0.10235017881309613
37,4,16,16,0.13333333333333333,0.5,5,0.05989608718309946,0.06132786555353471
37,4,16,16,0.13333333333333333,0.5,7,0.04276096750608143,0.04378841832360507
37,4,16,16,0.13333333333333333,0.5,9,0.033251239549793796,0.03405182243130248
37,4,16,16,0.13333333333333333,0.5,11,0.02720243077418793,0.027858027662680557
37,4,16,16,0.13333333333333333,0.5,13,0.023015865618700095,0.023570867482148244
37,4,16,16,0.13333333333333333,0.5,15,0.01994619784633678,0.02042733674767135
37,4,16,16,0.13333333333333333,0.5,17,0.017599047060596545,0.018023658000346773
37,4,16,16,0.13333333333333333,0.5,19,0.01574616681268364,0.01612612720941114
37,4,16,16,0.13333333333333333,1.0,1,0.9876589472898967,0.9974526532407227
37,4,16,16,0.13333333333333333,1.0,3,0.31115466469442454,0.31864823640354756
37,4,16,16,0.13333333333333333,1.0,5,0.1857660341300526,0.19049369299818308
37,4,16,16,0.13333333333333333,1.0,7,0.13250761155856644,0.13591950643599815
37,4,16,16,0.13333333333333333,1.0,9,0.10300290626067533,0.10566432852665855
37,4,16,16,0.13333333333333333,1.0,11,0.08425074200485895,0.08643003162152482
37,4,16,16,0.13333333333333333,1.0,13,0.07127717442559829,0.07312134849603419
37,4,16,16,0.13333333333333333,1.0,15,0.061767038662235485,0.0633650310322625
37,4,16,16,0.13333333333333333,1.0,17,0.05449646729473106,0.05590606548988215
37,4,16,16,0.13333333333333333,1.0,19,0.048757561623557676,0.05001839346265807
38,4,16,16,0.13333333333333333,0.1,1,0.011616242240077177,0.011616483724264104
38,4,16,16,0.13333333333333333,0.1,3,0.003869000782747551,0.003869040639029193
38,4,16,16,0.13333333333333333,0.1,5,0.0023212403095324626,0.0023212559358160474
38,4,16,16,0.13333333333333333,0.1,7,0.0016579950157074922,0.0016580032781572775
38,4,16,16,0.13333333333333333,0.1,9,0.0012895401593938048,0.0012895452538143513
38,4,16,16,0.13333333333333333,0.1,11,0.0010550732503017183,0.001055076699952071
38,4,16,16,0.13333333333333333,0.1,13,0.0008927516842358572,0.0008927541724005913
38,4,16,16,0.13333333333333333,0.1,15,0.0007737166336450956,0.000773718511763146
38,4,16,16,0.13333333333333333,0.1,17,0.0006826902220672399,0.0006826916891579953
38,4,16,16,0.13333333333333333,0.1,19,0.000610827484715241,0.0006108286618452596
38,4,16,16,0.13333333333333333,0.5,1,0.2734495258604678,0.2731781430780903
38,4,16,16,0.13333333333333333,0.5,3,0.08952752280530672,0.08952827640663645
38,4,16,16,0.13333333333333333,0.5,5,0.053637698304061315,0.05363891236951704
38,4,16,16,0.13333333333333333,0.5,7,0.03829675326781671,0.038297400599276055
38,4,16,16,0.13333333333333333,0.5,9,0.029781155190728898,0.029781487627094625
38,4,16,16,0.13333333333333333,0.5,11,0.024364191614457673,0.02436435359891688
38,4,16,16,0.13333333333333333,0.5,13,0.02061475509613857,0.02061482013858215
38,4,16,16,0.13333333333333333,0.5,15,0.017865509869979784,0.017865517201563607
38,4,16,16,0.13333333333333333,0.5,17,0.015763316836396056,0.015763288626680312
38,4,16,16,0.13333333333333333,0.5,19,0.014103784277278162,0.014103733692172363
38,4,16,16,0.13333333333333333,1.0,1,0.9086444163455442,0.9065592808638256
38,4,16,16,0.13333333333333333,1.0,3,0.28645155376903964,0.28671313388232694
38,4,16,16,0.13333333333333333,1.0,5,0.17107791189547017,0.1711690523519185
38,4,16,16,0.13333333333333333,1.0,7,0.12204318995601812,0.12208076757787102
38,4,16,16,0.13333333333333333,1.0,9,0.09487273460926046,0.09488868274649528
38,4,16,16,0.13333333333333333,1.0,11,0.07760249052388314,0.0776082114365577
38,4,16,16,0.13333333333333333,1.0,13,0.06565355879420799,0.06565394875493227
38,4,16,16,0.13333333333333333,1.0,15,0.0568942447270397,0.056891682840086555
38,4,16,16,0.13333333333333333,1.0,17,0.050197543678201374,0.05019329077723046
38,4,16,16,0.13333333333333333,1.0,19,0.04491153731306042,0.044906305131055355
39,4,16,16,0.13333333333333333,0.1,1,0.010881402232616381,0.011095095347044615
39,4,16,16,0.13333333333333333,0.1,3,0.0036249074699691844,0.0036954013953654917
39,4,16,16,0.13333333333333333,0.1,5,0.0021748377003264602,0.0022170939202623982
39,4,16,16,0.13333333333333333,0.1,7,0.001553434488093208,0.001583609503594017
39,4,16,16,0.13333333333333333,0.1,9,0.001208220098819921,0.0012316869852039348
39,4,16,16,0.13333333333333333,0.1,11,0.0009885409319014306,0.001007740045408649
39,4,16,16,0.13333333333333333,0.1,13,0.0008364563561054753,0.0008527012404635892
39,4,16,16,0.13333333333333333,0.1,15,0.0007249281049013297,0.0007390067221136612
39,4,16,16,0.13333333333333333,0.1,17,0.0006396420108677152,0.0006520641534878637
39,4,16,16,0.13333333333333333,0.1,19,0.0005723110002062954,0.0005834254442700276
39,4,16,16,0.13333333333333333,0.5,1,0.25743545455964667,0.26242180564991274
39,4,16,16,0.13333333333333333,0.5,3,0.084606512187524,0.08610376082286801
39,4,16,16,0.13333333333333333,0.5,5,0.050705765772504,0.05155784849988062
39,4,16,16,0.13333333333333333,0.5,7,0.036206951012261256,0.036800778249595226
39,4,16,16,0.13333333333333333,0.5,9,0.02815729492560236,0.028613023084139603
39,4,16,16,0.13333333333333333,0.5,11,0.023036267825983312,0.023406157440767714
39,4,16,16,0.13333333333333333,0.5,13,0.019491487359116696,0.019802861915561354
39,4,16,16,0.13333333333333333,0.5,15,0.016892220383865397,0.017161138398350602
39,4,16,16,0.13333333333333333,0.5,17,0.014904663280503442,0.015141360520001848
39,4,16,16,0.13333333333333333,0.5,19,0.013335602630381974,0.013547004372525083
39,4,16,16,0.13333333333333333,1.0,1,0.8677162775036062,0.8842556486243671
39,4,16,16,0.13333333333333333,1.0,3,0.2754380208255562,0.28056045454991746
39,4,16,16,0.13333333333333333,1.0,5,0.16443470835713656,0.16715449729722928
39,4,16,16,0.13333333333333333,1.0,7,0.11728806798606108,0.11909133407583684
39,4,16,16,0.13333333333333333,1.0,9,0.09117092859986727,0.09250737708261217
39,4,16,16,0.13333333333333333,1.0,11,0.07457235501968328,0.07563002851587387
39,4,16,16,0.13333333333333333,1.0,13,0.06308894842145613,0.06396265006669309
39,4,16,16,0.13333333333333333,1.0,15,0.05467124735906209,0.055414958817494045
39,4,16,16,0.13333333333333333,1.0,17,0.048235890152676215,0.04888309118356212
39,4,16,16,0.13333333333333333,1.0,19,0.0431562657530145,0.043729076787302326
40,4,16,16,0.13333333333333333,0.1,1,0.014208166484547915,0.01311635091263436
40,4,16,16,0.13333333333333333,0.1,3,0.004731447549934032,0.004365015852542945
40,4,16,16,0.13333333333333333,0.1,5,0.0028386492396179665,0.0026185358308865457
40,4,16,16,0.13333333333333333,0.1,7,0.0020275633858802132,0.0018702652793761983
40,4,16,16,0.13333333333333333,0.1,9,0.0015769798981935875,0.0014546055748338319
40,4,16,16,0.13333333333333333,0.1,11,0.001290250540274647,0.001190109991507869
40,4,16,16,0.13333333333333333,0.1,13,0.0010917476612136783,0.0010070040031116801
40,4,16,16,0.13333333333333333,0.1,15,0.0009461797848006874,0.0008727293785233001
40,4,16,16,0.13333333333333333,0.1,17,0.0008348636180031869,0.0007700504725753529
40,4,16,16,0.13333333333333333,0.1,19,0.0007469826733320458,0.0006889891751845597
40,4,16,16,0.13333333333333333,0.5,1,0.3283883214327087,0.3045188020428658
40,4,16,16,0.13333333333333333,0.5,3,0.10706010770424414,0.09842330383176473
40,4,16,16,0.13333333333333333,0.5,5,0.06412230846526737,0.058892391495350166
40,4,16,16,0.13333333333333333,0.5,7,0.04577856984372631,0.04203084860818277
40,4,16,16,0.13333333333333333,0.5,9,0.03559794070708032,0.03267834493481441
40,4,16,16,0.13333333333333333,0.5,11,0.029122341313047764,0.02673128793945007
40,4,16,16,0.13333333333333333,0.5,13,0.024640356042999068,0.022615873017061337
40,4,16,16,0.13333333333333333,0.5,15,0.021354067198209457,0.019598725823758028
40,4,16,16,0.13333333333333333,0.5,17,0.018841274197245354,0.01729192430820898
40,4,16,16,0.13333333333333333,0.5,19,0.01685762827435784,0.015471008372384097
40,4,16,16,0.13333333333333333,1.0,1,1.0361292965905586,0.9706775278384459
40,4,16,16,0.13333333333333333,1.0,3,0.32765513005985814,0.2971425623012193
40,4,16,16,0.13333333333333333,1.0,5,0.1957073848806885,0.17694901435378657
40,4,16,16,0.13333333333333333,1.0,7,0.13959304032961753,0.1260967061900185
40,4,16,16,0.13333333333333333,1.0,9,0.10850136329052192,0.09797012663881571
40,4,16,16,0.13333333333333333,1.0,11,0.08874128685040869,0.08010950117472755
40,4,16,16,0.13333333333333333,1.0,13,0.07507141152850776,0.06775955097031013
40,4,16,16,0.13333333333333333,1.0,15,0.06505161820773854,0.0587099800441924
40,4,16,16,0.13333333333333333,1.0,17,0.057391942984688034,0.05179342422096717
40,4,16,16,0.13333333333333333,1.0,19,0.05134627583698146,0.046335102083404765
41,4,16,16,0.13333333333333333,0.1,1,0.014136663924337935,0.013455284465208661
41,4,16,16,0.13333333333333333,0.1,3,0.004704464319111256,0.004478615978063482
41,4,16,16,0.13333333333333333,0.1,5,0.0028220445027543084,0.0026867534557943897
41,4,16,16,0.13333333333333333,0.1,7,0.002015573623009269,0.0019190085398529263
41,4,16,16,0.13333333333333333,0.1,9,0.0015675982300587584,0.0014925238331216035
41,4,16,16,0.13333333333333333,0.1,11,0.0012825451803579965,0.0012211375041548042
41,4,16,16,0.13333333333333333,0.1,13,0.00108521043659575,0.0010332600639311358
41,4,16,16,0.13333333333333333,0.1,15,0.0009405031681124628,0.0008954858968128064
41,4,16,16,0.13333333333333333,0.1,17,0.0008298473895214302,0.0007901306008458966
41,4,16,16,0.13333333333333333,0.1,19,0.000742489200509566,0.00070695620077777
41,4,16,16,0.13333333333333333,0.5,1,0.327681417159905,0.3118346086644262
41,4,16,16,0.13333333333333333,0.5,3,0.10655454964208501,0.10101252074581125
41,4,16,16,0.13333333333333333,0.5,5,0.06377229231799975,0.060455117585529315
41,4,16,16,0.13333333333333333,0.5,7,0.04551305582567736,0.04314894197353582
41,4,16,16,0.13333333333333333,0.5,9,0.035384482232736325,0.033548580465135085
41,4,16,16,0.13333333333333333,0.5,11,0.028944000274327183,0.0274435551833591
41,4,16,16,0.13333333333333333,0.5,13,0.024487259409117532,0.023218687823731335
41,4,16,16,0.13333333333333333,0.5,15,0.02121997674132391,0.020121235772752672
41,4,16,16,0.13333333333333333,0.5,17,0.018722003318711336,0.017753004830759794
41,4,16,16,0.13333333333333333,0.5,19,0.01675023348396368,0.015883581161612512
41,4,16,16,0.13333333333333333,1.0,1,1.030821795755919,0.9874516433908158
41,4,16,16,0.13333333333333333,1.0,3,0.3220825540268679,0.3032593771203142
41,4,16,16,0.13333333333333333,1.0,5,0.19204902184683947,0.18070800292138
41,4,16,16,0.13333333333333333,1.0,7,0.13686957974219457,0.1287881191518843
41,4,16,16,0.13333333333333333,1.0,9,0.10633221050479862,0.10006147301242446
41,4,16,16,0.13333333333333333,1.0,11,0.0869390068238948,0.081818076064212
41,4,16,16,0.13333333333333333,1.0,13,0.073529889540762,0.06920320148809071
41,4,16,16,0.13333333333333333,1.0,15,0.06370495676948523,0.0599595639646306
41,4,16,16,0.13333333333333333,1.0,17,0.056196418638686706,0.05289479752527539
41,4,16,16,0.13333333333333333,1.0,19,0.0502713946246043,0.047319619196834556
42,4,16,16,0.13333333333333333,0.1,1,0.011847838559875139,0.011853163606142593
42,4,16,16,0.13333333333333333,0.1,3,0.003945082751371702,0.003947947086815318
42,4,16,16,0.13333333333333333,0.1,5,0.002366848402186988,0.002368619261351975
42,4,16,16,0.13333333333333333,0.1,7,0.0016905664008998536,0.0016918415837405957
42,4,16,16,0.13333333333333333,0.1,9,0.0013148723037261817,0.0013158674040041804
42,4,16,16,0.13333333333333333,0.1,11,0.0010757993628003329,0.0010766148989156668
42,4,16,16,0.13333333333333333,0.1,13,0.0009102892138779607,0.0009109799463005336
42,4,16,16,0.13333333333333333,0.1,15,0.0007889159296031251,0.0007895149250958754
42,4,16,16,0.13333333333333333,0.1,17,0.0006961014716962414,0.000696630209846247
42,4,16,16,0.13333333333333333,0.1,19,0.0006228271186746006,0.0006233003336246955
42,4,16,16,0.13333333333333333,0.5,1,0.27731902284647697,0.28029024972378574
42,4,16,16,0.13333333333333333,0.5,3,0.09001492944758553,0.09171892628156574
42,4,16,16,0.13333333333333333,0.5,5,0.05389556215348476,0.05495157636843818
42,4,16,16,0.13333333333333333,0.5,7,0.038474574987143774,0.0392354724888792
42,4,16,16,0.13333333333333333,0.5,9,0.029917552093462904,0.03051147290525806
42,4,16,16,0.13333333333333333,0.5,11,0.024475050513298912,0.024961860037451274
42,4,16,16,0.13333333333333333,0.5,13,0.020708224375793845,0.021120565559891696
42,4,16,16,0.13333333333333333,0.5,15,0.0179463482759536,0.01830394194518561
42,4,16,16,0.13333333333333333,0.5,17,0.015834553546454362,0.016150213765182476
42,4,16,16,0.13333333333333333,0.5,19,0.01416747008807656,0.014449988480711249
42,4,16,16,0.13333333333333333,1.0,1,0.9041662236263802,0.9387241850707216
42,4,16,16,0.13333333333333333,1.0,3,0.27312213524545426,0.2947840230933122
42,4,16,16,0.13333333333333333,1.0,5,0.16272388571496657,0.17604732439938192
42,4,16,16,0.13333333333333333,1.0,7,0.11601010342411655,0.12558724740708507
42,4,16,16,0.13333333333333333,1.0,9,0.09015975358206514,0.09762759862852274
42,4,16,16,0.13333333333333333,1.0,11,0.07373803321325476,0.07985586978433341
42,4,16,16,0.13333333333333333,1.0,13,0.062379611631696676,0.06756001174470519
42,4,16,16,0.13333333333333333,1.0,15,0.05405466579515504,0.05854638962529583
42,4,16,16,0.13333333333333333,1.0,17,0.04769077661263312,0.051655265323953654
42,4,16,16,0.13333333333333333,1.0,19,0.04266786240480597,0.04621579029092784
43,4,16,16,0.13333333333333333,0.1,1,0.011808911966994207,0.011809761319270246
43,4,16,16,0.13333333333333333,0.1,3,0.00393496716302299,0.00393510533109139
43,4,16,16,0.13333333333333333,0.1,5,0.0023609160127021534,0.0023609916297373337
43,4,16,16,0.13333333333333333,0.1,7,0.0016863559274523955,0.0016864085000001811
43,4,16,16,0.13333333333333333,0.1,9,0.0013116061156816625,0.001311646544049589
43,4,16,16,0.13333333333333333,0.1,11,0.001073130599022648,0.0010731634855758504
43,4,16,16,0.13333333333333333,0.1,13,0.0009080327674275056,0.0009080605014326108
43,4,16,16,0.13333333333333333,0.1,15,0.0007869612878687763,0.0007869852733847029
43,4,16,16,0.13333333333333333,0.1,17,0.0006943773451775048,0.0006943984790131475
43,4,16,16,0.13333333333333333,0.1,19,0.00062128482883043,0.0006213037193223456
43,4,16,16,0.13333333333333333,0.5,1,0.28043000356411685,0.28076478241040287
43,4,16,16,0.13333333333333333,0.5,3,0.09276468109838859,0.09285757528517821
43,4,16,16,0.13333333333333333,0.5,5,0.05562233201481852,0.055673287125280836
43,4,16,16,0.13333333333333333,0.5,7,0.03972301483540164,0.03975834594988584
43,4,16,16,0.13333333333333333,0.5,9,0.03089336223663934,0.030920487977807894
43,4,16,16,0.13333333333333333,0.5,11,0.025275427315454745,0.025297472063450104
43,4,16,16,0.13333333333333333,0.5,13,0.021386432652559042,0.021405012738180806
43,4,16,16,0.13333333333333333,0.5,15,0.01853465409247571,0.01855071684610617
43,4,16,16,0.13333333333333333,0.5,17,0.016353956624715005,0.01636810598462862
43,4,16,16,0.13333333333333333,0.5,19,0.014632393435889637,0.014645038513799842
43,4,16,16,0.13333333333333333,1.0,1,0.9498514177928086,0.9517653869317603
43,4,16,16,0.13333333333333333,1.0,3,0.3097276418662396,0.3117403986334172
43,4,16,16,0.13333333333333333,1.0,5,0.1852898273884453,0.1863824936207961
43,4,16,16,0.13333333333333333,1.0,7,0.1322383488562252,0.13296407226864748
43,4,16,16,0.13333333333333333,1.0,9,0.1028159715779624,0.10335639368205315
43,4,16,16,0.13333333333333333,1.0,11,0.08410714760362416,0.0845376819863999
43,4,16,16,0.13333333333333333,1.0,13,0.07116026338989284,0.07151837839718486
43,4,16,16,0.13333333333333333,1.0,15,0.061668240610399036,0.06197505456522192
43,4,16,16,0.13333333333333333,1.0,17,0.05441079982588067,0.05467934542553043
43,4,16,16,0.13333333333333333,1.0,19,0.048681869673797555,0.048920749276589716
44,4,16,16,0.13333333333333333,0.1,1,0.010910891782119408,0.010910891782119408
44,4,16,16,0.13333333333333333,0.1,3,0.003626469893968692,0.003626469893969229
44,4,16,16,0.13333333333333333,0.1,5,0.002174861317842869,0.002174861317844696
44,4,16,16,0.13333333333333333,0.1,7,0.0015531773752100648,0.0015531773752103268
44,4,16,16,0.13333333333333333,0.1,9,0.0012079029003428691,0.0012079029003460946
44,4,16,16,0.13333333333333333,0.1,11,0.000988220728298576,0.0009882207282985755
44,4,16,16,0.13333333333333333,0.1,13,0.0008361500068330206,0.0008361500068356185
44,4,16,16,0.13333333333333333,0.1,15,0.0007246401604202574,0.0007246401604229223
44,4,16,16,0.13333333333333333,0.1,17,0.0006393728309896927,0.0006393728309958634
44,4,16,16,0.13333333333333333,0.1,19,0.000572059497996044,0.0005720594979998861
44,4,16,16,0.13333333333333333,0.5,1,0.2598385706995478,0.2598385706995479
44,4,16,16,0.13333333333333333,0.5,3,0.08384429650206691,0.08384429650206704
44,4,16,16,0.13333333333333333,0.5,5,0.05010538821025026,0.050105388210250235
44,4,16,16,0.13333333333333333,0.5,7,0.03573739805165653,0.0357373980516581
44,4,16,16,0.13333333333333333,0.5,9,0.027775123243307335,0.02777512324330765
44,4,16,16,0.13333333333333333,0.5,11,0.022714942199704297,0.02271494219970634
44,4,16,16,0.13333333333333333,0.5,13,0.01921461007890123,0.019214610078903807
44,4,16,16,0.13333333333333333,0.5,15,0.016649124812827053,0.016649124812829597
44,4,16,16,0.13333333333333333,0.5,17,0.014688068814344037,0.014688068814343898
44,4,16,16,0.13333333333333333,0.5,19,0.013140334751092069,0.01314033475109184
44,4,16,16,0.13333333333333333,1.0,1,0.8765451725370713,0.8765451725370714
44,4,16,16,0.13333333333333333,1.0,3,0.2680302093318315,0.268030209331832
44,4,16,16,0.13333333333333333,1.0,5,0.15900070590266768,0.15900070590266774
44,4,16,16,0.13333333333333333,1.0,7,0.11309336027778917,0.11309336027779157
44,4,16,16,0.13333333333333333,1.0,9,0.08777075828022878,0.08777075828022973
44,4,16,16,0.13333333333333333,1.0,11,0.07171807172381298,0.07171807172381583
44,4,16,16,0.13333333333333333,1.0,13,0.06063116526882011,0.060631165268824755
44,4,16,16,0.13333333333333333,1.0,15,0.0525139704241081,0.05251397042410862
44,4,16,16,0.13333333333333333,1.0,17,0.04631400434581188,0.04631400434581341
44,4,16,16,0.13333333333333333,1.0,19,0.041423652914435144,0.04142365291443618
45,4,16,16,0.13333333333333333,0.1,1,0.010968910678727368,0.011173876784288182
45,4,16,16,0.13333333333333333,0.1,3,0.003653021583611143,0.003714526416952789
45,4,16,16,0.13333333333333333,0.1,5,0.002191601720785157,0.002227650604003423
45,4,16,16,0.13333333333333333,0.1,7,0.0015653783774999637,0.0015908632729815133
45,4,16,16,0.13333333333333333,0.1,9,0.0012174969628084744,0.0012372037489763357
45,4,16,16,0.13333333333333333,0.1,11,0.0009961245092502634,0.0010121882896209427
45,4,16,16,0.13333333333333333,0.1,13,0.000842869408772932,0.0008564266467383912
45,4,16,16,0.13333333333333333,0.1,15,0.0007304836721751647,0.0007422108801913359
45,4,16,16,0.13333333333333333,0.1,17,0.0006445423629800079,0.0006548747702987053
45,4,16,16,0.13333333333333333,0.1,19,0.0005766943866800958,0.0005859284764850616
45,4,16,16,0.13333333333333333,0.5,1,0.2607770157670919,0.26824989168046676
45,4,16,16,0.13333333333333333,0.5,3,0.08549977507559185,0.08738863860434759
45,4,16,16,0.13333333333333333,0.5,5,0.051231850993423575,0.05228777427558859
45,4,16,16,0.13333333333333333,0.5,7,0.03658028038392388,0.03730978856354471
45,4,16,16,0.13333333333333333,0.5,9,0.028446698346954475,0.029003172324333287
45,4,16,16,0.13333333333333333,0.5,11,0.023272575926851124,0.023722109376433962
45,4,16,16,0.13333333333333333,0.5,13,0.01969117036653977,0.020068137803055355
45,4,16,16,0.13333333333333333,0.5,15,0.017065111332058628,0.017389636889586335
45,4,16,16,0.13333333333333333,0.5,17,0.015057102915859391,0.015341971090989358
45,4,16,16,0.13333333333333333,0.5,19,0.013471918468506625,0.013725752539030944
45,4,16,16,0.13333333333333333,1.0,1,0.8853076010340339,0.9149353615840693
45,4,16,16,0.13333333333333333,1.0,3,0.2837127520223809,0.28842022252657695
45,4,16,16,0.13333333333333333,1.0,5,0.16963813079776713,0.17230340197860888
45,4,16,16,0.13333333333333333,1.0,7,0.12104309998033225,0.12290142234651152
45,4,16,16,0.13333333333333333,1.0,9,0.09410060590135169,0.0955258065477551
45,4,16,16,0.13333333333333333,1.0,11,0.07697178867026881,0.07812704803155562
45,4,16,16,0.13333333333333333,1.0,13,0.06511976049208663,0.06609079619031229
45,4,16,16,0.13333333333333333,1.0,15,0.05643120967035421,0.057268567469859685
45,4,16,16,0.13333333333333333,1.0,17,0.04978854227100738,0.05052450478148597
45,4,16,16,0.13333333333333333,1.0,19,0.044545187490780916,0.04520161830723784
46,4,16,16,0.13333333333333333,0.1,1,0.011278480164600625,0.011281731253516815
46,4,16,16,0.13333333333333333,0.1,3,0.0037552301590956677,0.003755222104340156
46,4,16,16,0.13333333333333333,0.1,5,0.0022529339860108727,0.0022528764893793005
46,4,16,16,0.13333333333333333,0.1,7,0.0016091984039076671,0.0016091469661894042
46,4,16,16,0.13333333333333333,0.1,9,0.00125158590620235,0.0012515425798805297
46,4,16,16,0.13333333333333333,0.1,11,0.0010240195095449203,0.0010239826859539207
46,4,16,16,0.13333333333333333,0.1,13,0.0008664754561685908,0.0008664436286737564
46,4,16,16,0.13333333333333333,0.1,15,0.0007509439868392582,0.000750916039192206
46,4,16,16,0.13333333333333333,0.1,17,0.0006625968048700824,0.0006625719306406389
46,4,16,16,0.13333333333333333,0.1,19,0.0005928492517034849,0.0005928268612081497
46,4,16,16,0.13333333333333333,0.5,1,0.26476297774658075,0.2662031105371064
46,4,16,16,0.13333333333333333,0.5,3,0.0859778271638602,0.08601411661023874
46,4,16,16,0.13333333333333333,0.5,5,0.05148636025032724,0.05148573310755432
46,4,16,16,0.13333333333333333,0.5,7,0.036756394117661274,0.036751522893626515
46,4,16,16,0.13333333333333333,0.5,9,0.028582056696779417,0.028576850794970902
46,4,16,16,0.13333333333333333,0.5,11,0.02338273364862488,0.02337788708312634
46,4,16,16,0.13333333333333333,0.5,13,0.0197841325255585,0.0197797457563185
46,4,16,16,0.13333333333333333,0.5,15,0.017145564675686592,0.017141607367693414
46,4,16,16,0.13333333333333333,0.5,17,0.015128036453543344,0.01512445304126635
46,4,16,16,0.13333333333333333,0.5,19,0.013535358795379647,0.013532095070147718
46,4,16,16,0.13333333333333333,1.0,1,0.8724393942971722,0.8844908387667182
46,4,16,16,0.13333333333333333,1.0,3,0.27633455688695097,0.2786149898000807
46,4,16,16,0.13333333333333333,1.0,5,0.16550817763401118,0.16675415584738915
46,4,16,16,0.13333333333333333,1.0,7,0.11816688756203368,0.11903337464991962
46,4,16,16,0.13333333333333333,1.0,9,0.0918909334559857,0.09255741231982825
46,4,16,16,0.13333333333333333,1.0,11,0.07517666715234156,0.07571889266621894
46,4,16,16,0.13333333333333333,1.0,13,0.06360772302511417,0.0640650358205168
46,4,16,16,0.13333333333333333,1.0,15,0.05512490300727492,0.05552042978340984
46,4,16,16,0.13333333333333333,1.0,17,0.04863856676442804,0.04898708315930283
46,4,16,16,0.13333333333333333,1.0,19,0.04351805760234498,0.04382958846636011
47,4,16,16,0.13333333333333333,0.1,1,0.012452170037645847,0.011888476132741207
47,4,16,16,0.13333333333333333,0.1,3,0.004147530729417559,0.0039602465559847744
47,4,16,16,0.13333333333333333,0.1,5,0.002488365081396636,0.002376024369814031
47,4,16,16,0.13333333333333333,0.1,7,0.0017773734480909162,0.001697135951731094
47,4,16,16,0.13333333333333333,0.1,9,0.0013823919102574737,0.0013199868477719397
47,4,16,16,0.13333333333333333,0.1,11,0.0011310439255315932,0.0010799860164095382
47,4,16,16,0.13333333333333333,0.1,13,0.0009570352205861756,0.0009138327532427361
47,4,16,16,0.13333333333333333,0.1,15,0.0008294294657251814,0.0007919875333632803
47,4,16,16,0.13333333333333333,0.1,17,0.0007318489042271271,0.0006988120265652628
47,4,16,16,0.13333333333333333,0.1,19,0.0006548117857651365,0.000625252550381506
47,4,16,16,0.13333333333333333,0.5,1,0.2916855076791715,0.27907246720838386
47,4,16,16,0.13333333333333333,0.5,3,0.095374249989761,0.09162115980268894
47,4,16,16,0.13333333333333333,0.5,5,0.05713375862172253,0.0549076424715412
47,4,16,16,0.13333333333333333,0.5,7,0.040791933773004586,0.03920697763323555
47,4,16,16,0.13333333333333333,0.5,9,0.031721329726237035,0.03049023291255403
47,4,16,16,0.13333333333333333,0.5,11,0.02595144167304635,0.024944863770581978
47,4,16,16,0.13333333333333333,0.5,13,0.021957756942827776,0.021106369905293278
47,4,16,16,0.13333333333333333,0.5,15,0.01902942781264853,0.018291740055673876
47,4,16,16,0.13333333333333333,0.5,17,0.016790301139620396,0.01613950694992931
47,4,16,16,0.13333333333333333,0.5,19,0.015022668598470028,0.014440446060253884
47,4,16,16,0.13333333333333333,1.0,1,0.9546692114057234,0.9209525834681695
47,4,16,16,0.13333333333333333,1.0,3,0.2956598486910672,0.2935769062953134
47,4,16,16,0.13333333333333333,1.0,5,0.17618994565164586,0.1754245781665794
47,4,16,16,0.13333333333333333,1.0,7,0.12561183405592663,0.12515707691117003
47,4,16,16,0.13333333333333333,1.0,9,0.09762180799579753,0.09729714120483896
47,4,16,16,0.13333333333333333,1.0,11,0.07984078236337591,0.07958709509553367
47,4,16,16,0.13333333333333333,1.0,13,0.06754220068289765,0.06733333760181237
47,4,16,16,0.13333333333333333,1.0,15,0.05852820768800024,0.05835033776854339
47,4,16,16,0.13333333333333333,1.0,17,0.05163760236783235,0.05148251026061162
47,4,16,16,0.13333333333333333,1.0,19,0.04619896979736244,0.04606136395627397
48,4,16,16,0.13333333333333333,0.1,1,0.012950377318733214,0.013206936376143692
48,4,16,16,0.13333333333333333,0.1,3,0.004310270443556613,0.004395283732922405
48,4,16,16,0.13333333333333333,0.1,5,0.0025855727071956566,0.0026365559090434487
48,4,16,16,0.13333333333333333,0.1,7,0.0018466714268130955,0.0018830828675669756
48,4,16,16,0.13333333333333333,0.1,9,0.0014362310595010237,0.0014645493370011307
48,4,16,16,0.13333333333333333,0.1,11,0.0011750631250107128,0.001198231869466856
48,4,16,16,0.13333333333333333,0.1,13,0.000994264010573982,0.0010138679465058248
48,4,16,16,0.13333333333333333,0.1,15,0.000861682808377614,0.0008786726658902598
48,4,16,16,0.13333333333333333,0.1,17,0.0007602998902335221,0.0007752908050103523
48,4,16,16,0.13333333333333333,0.1,19,0.0006802623820782361,0.0006936752167086145
48,4,16,16,0.13333333333333333,0.5,1,0.3033568410051904,0.30948361603912994
48,4,16,16,0.13333333333333333,0.5,3,0.09922486231501075,0.1010002350359329
48,4,16,16,0.13333333333333333,0.5,5,0.059398697649118995,0.06046132338543217
48,4,16,16,0.13333333333333333,0.5,7,0.042393023650281254,0.043152799582110685
48,4,16,16,0.13333333333333333,0.5,9,0.032958853816247906,0.03355039786317491
48,4,16,16,0.13333333333333333,0.5,11,0.026959756577979506,0.027444143453936188
48,4,16,16,0.13333333333333333,0.5,13,0.022808422644206506,0.02321855033177581
48,4,16,16,0.13333333333333333,0.5,15,0.019765040402188804,0.020120663867959597
48,4,16,16,0.13333333333333333,0.5,17,0.01743825709815381,0.01775217004233305
48,4,16,16,0.13333333333333333,0.5,19,0.01560162447183691,0.015882587506182388
48,4,16,16,0.13333333333333333,1.0,1,0.9860237332665704,1.0051408050015302
48,4,16,16,0.13333333333333333,1.0,3,0.31548657791511986,0.3173701514853533
48,4,16,16,0.13333333333333333,1.0,5,0.187989962266371,0.18925087055451656
48,4,16,16,0.13333333333333333,1.0,7,0.13391713318703058,0.1349033975074281
48,4,16,16,0.13333333333333333,1.0,9,0.10400998900976482,0.10482217896432809
48,4,16,16,0.13333333333333333,1.0,11,0.0850248361403869,0.0857151160755237
48,4,16,16,0.13333333333333333,1.0,13,0.07190167569174,0.072501683942955
48,4,16,16,0.13333333333333333,1.0,15,0.06228832435274362,0.06281881488861268
48,4,16,16,0.13333333333333333,1.0,17,0.054942686282390664,0.05541801688131317
48,4,16,16,0.13333333333333333,1.0,19,0.049146954817123355,0.04957746714967258
49,4,16,16,0.13333333333333333,0.1,1,0.011470382504121676,0.011608149526155636
49,4,16,16,0.13333333333333333,0.1,3,0.0038166511658441695,0.003864739632966246
49,4,16,16,0.13333333333333333,0.1,5,0.002289650296107175,0.0023186213305933664
49,4,16,16,0.13333333333333333,0.1,7,0.0016353972046051727,0.0016561143250284447
49,4,16,16,0.13333333333333333,0.1,9,0.0012719540347484646,0.001288074911227899
49,4,16,16,0.13333333333333333,0.1,11,0.0010406807262525537,0.001053873671278204
49,4,16,16,0.13333333333333333,0.1,13,0.0008805716476402738,0.0008917364369585417
49,4,16,16,0.13333333333333333,0.1,15,0.0007631597280180344,0.0007728367101662636
49,4,16,16,0.13333333333333333,0.1,17,0.0006733748348679326,0.0006819138389813783
49,4,16,16,0.13333333333333333,0.1,19,0.0006024923975856879,0.0006101328669251895
49,4,16,16,0.13333333333333333,0.5,1,0.26878869395741833,0.27600782923490547
49,4,16,16,0.13333333333333333,0.5,3,0.08658932949538885,0.08946122273271413
49,4,16,16,0.13333333333333333,0.5,5,0.05177840084906955,0.053560768745781896
49,4,16,16,0.13333333333333333,0.5,7,0.03694807599361247,0.038234981441257775
49,4,16,16,0.13333333333333333,0.5,9,0.02872544417941861,0.029731060641695863
49,4,16,16,0.13333333333333333,0.5,11,0.023497632990210782,0.024322409113752514
49,4,16,16,0.13333333333333333,0.5,13,0.019880162756089646,0.020579038518610555
49,4,16,16,0.13333333333333333,0.5,15,0.01722813733447159,0.017834372183498433
49,4,16,16,0.13333333333333333,0.5,17,0.015200507273279781,0.015735742284650023
49,4,16,16,0.13333333333333333,0.5,19,0.013599957183622172,0.014079054485563363
49,4,16,16,0.13333333333333333,1.0,1,0.8725078442595241,0.9365234211502764
49,4,16,16,0.13333333333333333,1.0,3,0.2595460598003244,0.2859555992130473
49,4,16,16,0.13333333333333333,1.0,5,0.15377653333810262,0.17054103565042117
49,4,16,16,0.13333333333333333,1.0,7,0.10942311813911412,0.12161632742230605
49,4,16,16,0.13333333333333333,1.0,9,0.08496823273819236,0.0945273121969336
49,4,16,16,0.13333333333333333,1.0,11,0.0694609179636166,0.07731444641034549
49,4,16,16,0.13333333333333333,1.0,13,0.05874580904367905,0.06540724341043828
49,4,16,16,0.13333333333333333,1.0,15,0.05089725633985766,0.056679393300345896
49,4,16,16,0.13333333333333333,1.0,17,0.044899996052777946,0.05000717225352254
49,4,16,16,0.13333333333333333,1.0,19,0.04016779706166175,0.04474071512762375
50,4,16,16,0.13333333333333333,0.1,1,0.012659326433059897,0.012970745364922081
50,4,16,16,0.13333333333333333,0.1,3,0.004213548886244985,0.004317183480277725
50,4,16,16,0.13333333333333333,0.1,5,0.002527551608918455,0.0025897714314538993
50,4,16,16,0.13333333333333333,0.1,7,0.0018052293217040501,0.0018496885008348796
50,4,16,16,0.13333333333333333,0.1,9,0.0014039985348316146,0.0014385859169748286
50,4,16,16,0.13333333333333333,0.1,11,0.001148691039024324,0.0011769942612691795
50,4,16,16,0.13333333333333333,0.1,13,0.0009719491032300243,0.0009959007011941061
50,4,16,16,0.13333333333333333,0.1,15,0.0008423431561878193,0.0008631029836320301
50,4,16,16,0.13333333333333333,0.1,17,0.0007432354345172376,0.000761554152134251
50,4,16,16,0.13333333333333333,0.1,19,0.0006649941380150149,0.0006813854467914187
50,4,16,16,0.13333333333333333,0.5,1,0.2973043237669177,0.3043853829873841
50,4,16,16,0.13333333333333333,0.5,3,0.09736165342411772,0.09931288804562373
50,4,16,16,0.13333333333333333,0.5,5,0.05831264590318492,0.05945944326920599
50,4,16,16,0.13333333333333333,0.5,7,0.041626852703175954,0.042440800417950404
50,4,16,16,0.13333333333333333,0.5,9,0.032366980541430765,0.03299825994212811
50,4,16,16,0.13333333333333333,0.5,11,0.026477557530526698,0.026993267729604337
50,4,16,16,0.13333333333333333,0.5,13,0.022401597049295417,0.022837559149945143
50,4,16,16,0.13333333333333333,0.5,15,0.019413204910859332,0.019790804604360026
50,4,16,16,0.13333333333333333,0.5,17,0.017128313052388742,0.017461344082392763
50,4,16,16,0.13333333333333333,0.5,19,0.015324655885442906,0.015622535528642921
50,4,16,16,0.13333333333333333,1.0,1,0.9707925133015862,0.9931454789424161
50,4,16,16,0.13333333333333333,1.0,3,0.3100924152173974,0.3113915556050883
50,4,16,16,0.13333333333333333,1.0,5,0.1855098129493653,0.18585001886795907
50,4,16,16,0.13333333333333333,1.0,7,0.1323694562823496,0.1325369777682424
50,4,16,16,0.13333333333333333,1.0,9,0.1029015289330079,0.10300948700778124
50,4,16,16,0.13333333333333333,1.0,11,0.08416711710831834,0.08424669562576188
50,4,16,16,0.13333333333333333,1.0,13,0.07120458579803508,0.07126784625031382
50,4,16,16,0.13333333333333333,1.0,15,0.06170233722670069,0.06175502852942118
50,4,16,16,0.13333333333333333,1.0,17,0.05443785833862221,0.054483133397500376
50,4,16,16,0.13333333333333333,1.0,19,0.048703881008863775,0.0487436497801678
51,4,16,16,0.13333333333333333,0.1,1,0.011415815991824384,0.011415815991824384
51,4,16,16,0.13333333333333333,0.1,3,0.0037966865598111467,0.0037966865598117756
51,4,16,16,0.13333333333333333,0.1,5,0.002277161882480274,0.002277161882482906
51,4,16,16,0.13333333333333333,0.1,7,0.001626297008478177,0.0016262970084787015
51,4,16,16,0.13333333333333333,0.1,9,0.0012647934845872674,0.0012647934845927246
51,4,16,16,0.13333333333333333,0.1,11,0.0010347775835928533,0.0010347775835928923
51,4,16,16,0.13333333333333333,0.1,13,0.0008755500292151517,0.0008755500292172492
51,4,16,16,0.13333333333333333,0.1,15,0.0007587904596858141,0.0007587904596893479
51,4,16,16,0.13333333333333333,0.1,17,0.000669507861892175,0.0006695078619000086
51,4,16,16,0.13333333333333333,0.1,19,0.0005990241123003542,0.0005990241123034623
51,4,16,16,0.13333333333333333,0.5,1,0.2698894240395144,0.26988942403951466
51,4,16,16,0.13333333333333333,0.5,3,0.08803386570754668,0.08803386570754702
51,4,16,16,0.13333333333333333,0.5,5,0.0526808976164249,0.05268089761642489
51,4,16,16,0.13333333333333333,0.5,7,0.03759249929265462,0.03759249929265699
51,4,16,16,0.13333333333333333,0.5,9,0.02922393412457566,0.029223934124576297
51,4,16,16,0.13333333333333333,0.5,11,0.023903209609212286,0.023903209609214097
51,4,16,16,0.13333333333333333,0.5,13,0.020221665236777084,0.020221665236781195
51,4,16,16,0.13333333333333333,0.5,15,0.017522882151717045,0.017522882151719963
51,4,16,16,0.13333333333333333,0.5,17,0.015459669864550088,0.015459669864550048
51,4,16,16,0.13333333333333333,0.5,19,0.013831154802199076,0.013831154802199246
51,4,16,16,0.13333333333333333,1.0,1,0.8988496713794475,0.8988496713794476
51,4,16,16,0.13333333333333333,1.0,3,0.286861651437128,0.2868616514371278
51,4,16,16,0.13333333333333333,1.0,5,0.17100822344464606,0.17100822344464625
51,4,16,16,0.13333333333333333,1.0,7,0.1218618774700941,0.12186187747009579
51,4,16,16,0.13333333333333333,1.0,9,0.09466894913933697,0.09466894913933806
51,4,16,16,0.13333333333333333,1.0,11,0.07740140940906742,0.07740140940906926
51,4,16,16,0.13333333333333333,1.0,13,0.06546267711685443,0.06546267711685762
51,4,16,16,0.13333333333333333,1.0,15,0.056715365407146015,0.05671536540714604
51,4,16,16,0.13333333333333333,1.0,17,0.050030501547262594,0.050030501547262546
51,4,16,16,0.13333333333333333,1.0,19,0.04475550279195722,0.044755502791957495
52,4,16,17,0.14166666666666666,0.1,1,0.014029830182510104,0.014828727138888343
52,4,16,17,0.14166666666666666,0.1,3,0.004665585661940608,0.004930330306146229
52,4,16,17,0.14166666666666666,0.1,5,0.002798113577658796,0.002956963842234574
52,4,16,17,0.14166666666666666,0.1,7,0.001998279426019377,0.0021117592459496464
52,4,16,17,0.14166666666666666,0.1,9,0.0015540572527657378,0.0016423288659110074
52,4,16,17,0.14166666666666666,0.1,11,0.0012714183892860345,0.0013436464661771039
52,4,16,17,0.14166666666666666,0.1,13,0.001075767072567645,0.001136886905451675
52,4,16,17,0.14166666666666666,0.1,15,0.0009323007062327374,0.0009852737771086633
52,4,16,17,0.14166666666666666,0.1,17,0.0008225975475543263,0.0008693402902365764
52,4,16,17,0.14166666666666666,0.1,19,0.0007359937106060712,0.0007778174771661483
52,4,16,17,0.14166666666666666,0.5,1,0.3291255649598371,0.3450668057982109
52,4,16,17,0.14166666666666666,0.5,3,0.10754464934068599,0.11188226636119983
52,4,16,17,0.14166666666666666,0.5,5,0.06435624439028025,0.06690420137013618
52,4,16,17,0.14166666666666666,0.5,7,0.045920240938168225,0.04773053808164834
52,4,16,17,0.14166666666666666,0.5,9,0.03569546192483835,0.03710077780613646
52,4,16,17,0.14166666666666666,0.5,11,0.02919501624381605,0.030343878848166327
52,4,16,17,0.14166666666666666,0.5,13,0.024697479910431256,0.025669222570604788
52,4,16,17,0.14166666666666666,0.5,15,0.021400705261182512,0.022242727380152597
52,4,16,17,0.14166666666666666,0.5,17,0.01888044299424924,0.019623340446551053
52,4,16,17,0.14166666666666666,0.5,19,0.016891248199190235,0.0175559239210343
52,4,16,17,0.14166666666666666,1.0,1,1.0880012473098748,1.0778689976048272
52,4,16,17,0.14166666666666666,1.0,3,0.34031084408403445,0.33201062279273946
52,4,16,17,0.14166666666666666,1.0,5,0.20283634627938757,0.19744735168186167
52,4,16,17,0.14166666666666666,1.0,7,0.14451051782786659,0.14059927548514006
52,4,16,17,0.14166666666666666,1.0,9,0.11224395231327046,0.10918785421868217
52,4,16,17,0.14166666666666666,1.0,11,0.09175861995242496,0.08925475140313942
52,4,16,17,0.14166666666666666,1.0,13,0.07759751988053604,0.07547834994136071
52,4,16,17,0.14166666666666666,1.0,15,0.0672233853655729,0.06538711989909379
52,4,16,17,0.14166666666666666,1.0,17,0.05929620334328355,0.0576765439857278
52,4,16,17,0.14166666666666666,1.0,19,0.05304150982859301,0.05159293325868486
53,4,16,17,0.14166666666666666,0.1,1,0.01300812382436119,0.013092583467323306
53,4,16,17,0.14166666666666666,0.1,3,0.004328742611058619,0.00435884793441667
53,4,16,17,0.14166666666666666,0.1,5,0.0025966665009250853,0.0026149654849154927
53,4,16,17,0.14166666666666666,0.1,7,0.001854606029404354,0.0018677491463613921
53,4,16,17,0.14166666666666666,0.1,9,0.0014424083865187578,0.0014526621526250337
53,4,16,17,0.14166666666666666,0.1,11,0.001180120848187804,0.0011885266280225247
53,4,16,17,0.14166666666666666,0.1,13,0.0009985458686040342,0.001005668026921984
53,4,16,17,0.14166666666666666,0.1,15,0.0008653952553517333,0.0008715738811953022
53,4,16,17,0.14166666666666666,0.1,17,0.0007635766312533628,0.0007690324696862814
53,4,16,17,0.14166666666666666,0.1,19,0.0006831949673271134,0.0006880794108118437
53,4,16,17,0.14166666666666666,0.5,1,0.3030105084233421,0.3027286305541809
53,4,16,17,0.14166666666666666,0.5,3,0.09840813949359914,0.09854123859773282
53,4,16,17,0.14166666666666666,0.5,5,0.05890507568218107,0.05900054460490204
53,4,16,17,0.14166666666666666,0.5,7,0.042043586192081026,0.042116755269676606
53,4,16,17,0.14166666666666666,0.5,9,0.032689211841735205,0.032748349184396244
53,4,16,17,0.14166666666666666,0.5,11,0.02674048314683671,0.026790056801435414
53,4,16,17,0.14166666666666666,0.5,13,0.02262375525110486,0.022666410490634448
53,4,16,17,0.14166666666666666,0.5,15,0.019605586931292603,0.019643010706320862
53,4,16,17,0.14166666666666666,0.5,17,0.017297980719943897,0.01733131231017158
53,4,16,17,0.14166666666666666,0.5,19,0.015476419316853235,0.015506463411663904
53,4,16,17,0.14166666666666666,1.0,1,0.9706355863369317,0.9593552225042304
53,4,16,17,0.14166666666666666,1.0,3,0.30280548761040693,0.30269521444819397
53,4,16,17,0.14166666666666666,1.0,5,0.1806586635936935,0.1807382637840956
53,4,16,17,0.14166666666666666,1.0,7,0.12880008952243982,0.1289159307693762
53,4,16,17,0.14166666666666666,1.0,9,0.10008902994572048,0.10020586932042555
53,4,16,17,0.14166666666666666,1.0,11,0.08184973537036291,0.08195938820052469
53,4,16,17,0.14166666666666666,1.0,13,0.06923523624224785,0.06933624816700416
53,4,16,17,0.14166666666666666,1.0,15,0.05999063656892298,0.06008339000846809
53,4,16,17,0.14166666666666666,1.0,17,0.05292444048591447,0.05300978055295734
53,4,16,17,0.14166666666666666,1.0,19,0.04734771275530139,0.04742652947058763
54,4,16,17,0.14166666666666666,0.1,1,0.012611067780921333,0.012624630170879638
54,4,16,17,0.14166666666666666,0.1,3,0.0042017572944869795,0.004203310477822792
54,4,16,17,0.14166666666666666,0.1,5,0.0025209581098640773,0.00252174788308536
54,4,16,17,0.14166666666666666,0.1,7,0.0018006649558012537,0.0018012015099924767
54,4,16,17,0.14166666666666666,0.1,9,0.0014005108386503152,0.001400919465354364
54,4,16,17,0.14166666666666666,0.1,11,0.0011458698196485015,0.0011462006041848248
54,4,16,17,0.14166666666666666,0.1,13,0.0009695808221100653,0.0009698590169608701
54,4,16,17,0.14166666666666666,0.1,15,0.0008403026400979592,0.0008405428322159678
54,4,16,17,0.14166666666666666,0.1,17,0.0007414430617865999,0.0007416544676683958
54,4,16,17,0.14166666666666666,0.1,19,0.0006633961398090584,0.0006635849661930479
54,4,16,17,0.14166666666666666,0.5,1,0.29598723351213146,0.30237642464259007
54,4,16,17,0.14166666666666666,0.5,3,0.09752520603684652,0.09844860450147584
54,4,16,17,0.14166666666666666,0.5,5,0.05844638138561755,0.05891710129626759
54,4,16,17,0.14166666666666666,0.5,7,0.04173237163654027,0.04205233582274946
54,4,16,17,0.14166666666666666,0.5,9,0.032453257692426456,0.03269720178002543
54,4,16,17,0.14166666666666666,0.5,11,0.026550314241528383,0.026748015542315977
54,4,16,17,0.14166666666666666,0.5,13,0.022464422376279953,0.0226308651607851
54,4,16,17,0.14166666666666666,0.5,15,0.019468453035646514,0.0196122879136312
54,4,16,17,0.14166666666666666,0.5,17,0.017177599813230898,0.017304293505631663
54,4,16,17,0.14166666666666666,0.5,19,0.015369134409860756,0.015482370441485057
54,4,16,17,0.14166666666666666,1.0,1,0.9723394444396853,1.0264180537084
54,4,16,17,0.14166666666666666,1.0,3,0.30947191789096645,0.325203611932678
54,4,16,17,0.14166666666666666,1.0,5,0.18437037474764068,0.1927547957051581
54,4,16,17,0.14166666666666666,1.0,7,0.13138109925831512,0.1369617993937865
54,4,16,17,0.14166666666666666,1.0,9,0.10207026356060793,0.10621603834445198
54,4,16,17,0.14166666666666666,1.0,11,0.08345836732186364,0.08674320739112389
54,4,16,17,0.14166666666666666,1.0,13,0.07058962505117834,0.07330408675926889
54,4,16,17,0.14166666666666666,1.0,15,0.06116036188033559,0.0634705535435302
54,4,16,17,0.14166666666666666,1.0,17,0.05395390859936655,0.05596322831250421
54,4,16,17,0.14166666666666666,1.0,19,0.04826700868568118,0.05004399429648893
55,4,16,17,0.14166666666666666,0.1,1,0.011033669410372985,0.013883619083292036
55,4,16,17,0.14166666666666666,0.1,3,0.003674417244831008,0.004625782552859214
55,4,16,17,0.14166666666666666,0.1,5,0.002204475964079754,0.002775368771767062
55,4,16,17,0.14166666666666666,0.1,7,0.0015745911911985407,0.0019823864289164276
55,4,16,17,0.14166666666666666,0.1,9,0.001224670977839873,0.0015418497614506184
55,4,16,17,0.14166666666666666,0.1,11,0.0010019989434761451,0.00126151081114365
55,4,16,17,0.14166666666666666,0.1,13,0.0008478430282148697,0.0010674309448398098
55,4,16,17,0.14166666666666666,0.1,15,0.000734796077376346,0.0009251061228564123
55,4,16,17,0.14166666666666666,0.1,17,0.0006483487642000401,0.0008162696979721563
55,4,16,17,0.14166666666666666,0.1,19,0.0005801010767242319,0.0007303463143727031
55,4,16,17,0.14166666666666666,0.5,1,0.25984799906610495,0.3222878182749583
55,4,16,17,0.14166666666666666,0.5,3,0.08538614854384148,0.10620812678661909
55,4,16,17,0.14166666666666666,0.5,5,0.05117940240873251,0.06365977876358635
55,4,16,17,0.14166666666666666,0.5,7,0.03654657424942308,0.04545833191843785
55,4,16,17,0.14166666666666666,0.5,9,0.028421881596062737,0.03535232647036819
55,4,16,17,0.14166666666666666,0.5,11,0.023252930921822478,0.028922908055809448
55,4,16,17,0.14166666666666666,0.5,13,0.019674907502432348,0.024472390928204545
55,4,16,17,0.14166666666666666,0.5,15,0.017051233588993166,0.02120894908934056
55,4,16,17,0.14166666666666666,0.5,17,0.01504499808125299,0.018713509412051896
55,4,16,17,0.14166666666666666,0.5,19,0.013461183598379901,0.016743497399526734
55,4,16,17,0.14166666666666666,1.0,1,0.8678050446097306,1.0289412380690715
55,4,16,17,0.14166666666666666,1.0,3,0.2827938547542462,0.3273979218667389
55,4,16,17,0.14166666666666666,1.0,5,0.16930426875235408,0.1952850677119683
55,4,16,17,0.14166666666666666,1.0,7,0.12085695911197304,0.13925364137739563
55,4,16,17,0.14166666666666666,1.0,9,0.09397582031489293,0.10823204696819674
55,4,16,17,0.14166666666666666,1.0,11,0.07687932710047897,0.08852170709163136
55,4,16,17,0.14166666666666666,1.0,13,0.06504687469552772,0.074887469932651
55,4,16,17,0.14166666666666666,1.0,15,0.05637131136012068,0.06489402439609733
55,4,16,17,0.14166666666666666,1.0,17,0.049737830844451096,0.057254445233338405
55,4,16,17,0.14166666666666666,1.0,19,0.04450128970552346,0.05122452983327721
56,4,16,17,0.14166666666666666,0.1,1,0.015234282411547458,0.013208129239549228
56,4,16,17,0.14166666666666666,0.1,3,0.005070847436597302,0.004393328667026992
56,4,16,17,0.14166666666666666,0.1,5,0.0030417415231119693,0.002635215177669656
56,4,16,17,0.14166666666666666,0.1,7,0.002172445596165034,0.0018820821893752908
56,4,16,17,0.14166666666666666,0.1,9,0.0016895834609109886,0.001463754123048797
56,4,16,17,0.14166666666666666,0.1,11,0.0013823367431033014,0.0011975729464128238
56,4,16,17,0.14166666666666666,0.1,13,0.0011696406132360396,0.001013305734629936
56,4,16,17,0.14166666666666666,0.1,15,0.0010136702252976366,0.0008781825415342593
56,4,16,17,0.14166666666666666,0.1,17,0.0008944025961259921,0.0007748564477499751
56,4,16,17,0.14166666666666666,0.1,19,0.0008002462838128366,0.0006932852674374589
56,4,16,17,0.14166666666666666,0.5,1,0.3520596223107823,0.3102883508261868
56,4,16,17,0.14166666666666666,0.5,3,0.11609510707385966,0.10031921987219428
56,4,16,17,0.14166666666666666,0.5,5,0.06952464521686923,0.06000787735241248
56,4,16,17,0.14166666666666666,0.5,7,0.049622116169003895,0.042819678960020036
56,4,16,17,0.14166666666666666,0.5,9,0.038578907005868156,0.03328819826032463
56,4,16,17,0.14166666666666666,0.5,11,0.031556351718406976,0.02722826493789437
56,4,16,17,0.14166666666666666,0.5,13,0.026696783403253366,0.02303519383530997
56,4,16,17,0.14166666666666666,0.5,15,0.023134225879028667,0.01996136196880505
56,4,16,17,0.14166666666666666,0.5,17,0.020410552187008473,0.01761136733671283
56,4,16,17,0.14166666666666666,0.5,19,0.018260668532368192,0.01575644757981096
56,4,16,17,0.14166666666666666,1.0,1,1.0945600585514685,1.010092471878807
56,4,16,17,0.14166666666666666,1.0,3,0.36520523889634754,0.3103908512908451
56,4,16,17,0.14166666666666666,1.0,5,0.2181978099204438,0.18513506045867367
56,4,16,17,0.14166666666666666,1.0,7,0.1555260016047352,0.13203503311863354
56,4,16,17,0.14166666666666666,1.0,9,0.12081422756561605,0.10262983135162777
56,4,16,17,0.14166666666666666,1.0,11,0.09876742481116008,0.08394350647738848
56,4,16,17,0.14166666666666666,1.0,13,0.0835244099007242,0.07101630623972441
56,4,16,17,0.14166666666666666,1.0,15,0.07235694112725373,0.061540480779122275
56,4,16,17,0.14166666666666666,1.0,17,0.06382334828308639,0.05429628752093807
56,4,16,17,0.14166666666666666,1.0,19,0.05709016535461439,0.04857827904785037
57,4,16,17,0.14166666666666666,0.1,1,0.01281163570642719,0.014668280604920245
57,4,16,17,0.14166666666666666,0.1,3,0.00426701348813195,0.00488138393575118
57,4,16,17,0.14166666666666666,0.1,5,0.002560021441602849,0.0029281986007676547
57,4,16,17,0.14166666666666666,0.1,7,0.0018285466800168767,0.002091401232846658
57,4,16,17,0.14166666666666666,0.1,9,0.0014221890945661732,0.0016265771681471467
57,4,16,17,0.14166666666666666,0.1,11,0.001163603076120492,0.001330801819781555
57,4,16,17,0.14166666666666666,0.1,13,0.0009845839980124123,0.0011260437060028649
57,4,16,17,0.14166666666666666,0.1,15,0.0008533042659390594,0.0009758924904461347
57,4,16,17,0.14166666666666666,0.1,17,0.0007529143610559375,0.0008610736050325986
57,4,16,17,0.14166666666666666,0.1,19,0.0006736594428486428,0.0007704286952667401
57,4,16,17,0.14166666666666666,0.5,1,0.30008683644381584,0.34009423662377436
57,4,16,17,0.14166666666666666,0.5,3,0.09836998534106416,0.11039757608686056
57,4,16,17,0.14166666666666666,0.5,5,0.05893314346328048,0.06607520494985752
57,4,16,17,0.14166666666666666,0.5,7,0.04207616852840619,0.047160626782569076
57,4,16,17,0.14166666666666666,0.5,9,0.03271941244022586,0.036667779872588166
57,4,16,17,0.14166666666666666,0.5,11,0.026767561630367503,0.029995152639887564
57,4,16,17,0.14166666666666666,0.5,13,0.022647995448407832,0.02537747110624341
57,4,16,17,0.14166666666666666,0.5,15,0.01962741240081727,0.021992023308640515
57,4,16,17,0.14166666666666666,0.5,17,0.01731777681768335,0.019403596960411926
57,4,16,17,0.14166666666666666,0.5,19,0.015494504767872867,0.01736035624435045
57,4,16,17,0.14166666666666666,1.0,1,0.9769404015613478,1.063267748361741
57,4,16,17,0.14166666666666666,1.0,3,0.31056668622316563,0.3234644034862542
57,4,16,17,0.14166666666666666,1.0,5,0.18531657564911752,0.19239642440936403
57,4,16,17,0.14166666666666666,1.0,7,0.13213453724770208,0.13709783870591805
57,4,16,17,0.14166666666666666,1.0,9,0.10268620174612776,0.10652534097251748
57,4,16,17,0.14166666666666666,1.0,11,0.08397661928639093,0.08711268206073058
57,4,16,17,0.14166666666666666,1.0,13,0.07103598865119376,0.07368895890207355
57,4,16,17,0.14166666666666666,1.0,15,0.061551941143979154,0.06385184929733657
57,4,16,17,0.14166666666666666,1.0,17,0.05430247965653904,0.056332798860758496
57,4,16,17,0.14166666666666666,1.0,19,0.0485809753713541,0.05039857114004244
58,4,16,17,0.14166666666666666,0.1,1,0.014179412657833285,0.011424109437460068
58,4,16,17,0.14166666666666666,0.1,3,0.004712169038437458,0.003780403653285848
58,4,16,17,0.14166666666666666,0.1,5,0.0028262427700881092,0.0022656964119633204
58,4,16,17,0.14166666666666666,0.1,7,0.002018468222225852,0.0016176306389283457
58,4,16,17,0.14166666666666666,0.1,9,0.0015698097586457562,0.0012578554834342087
58,4,16,17,0.14166666666666666,0.1,11,0.0012843354507421029,0.0010290007964429836
58,4,16,17,0.14166666666666666,0.1,13,0.0010867146617572813,0.0008706042534124876
58,4,16,17,0.14166666666666666,0.1,15,0.0009418003539079858,0.000754467881600159
58,4,16,17,0.14166666666666666,0.1,17,0.0008309877330326868,0.0006656695962687678
58,4,16,17,0.14166666666666666,0.1,19,0.0007435065936148646,0.000595572885643585
58,4,16,17,0.14166666666666666,0.5,1,0.3215333776765048,0.272296383179312
58,4,16,17,0.14166666666666666,0.5,3,0.1014653147108174,0.0834116362833283
58,4,16,17,0.14166666666666666,0.5,5,0.06058327450600307,0.04964101411558011
58,4,16,17,0.14166666666666666,0.5,7,0.04320679353109961,0.0353624068812797
58,4,16,17,0.14166666666666666,0.5,9,0.033580991380904396,0.02746841079258348
58,4,16,17,0.14166666666666666,0.5,11,0.027464110192718334,0.0224572349006173
58,4,16,17,0.14166666666666666,0.5,13,0.023232812477051893,0.018992996681074688
58,4,16,17,0.14166666666666666,0.5,15,0.020131500966762274,0.016454982586063642
58,4,16,17,0.14166666666666666,0.5,17,0.01776077956269902,0.014515455604127253
58,4,16,17,0.14166666666666666,0.5,19,0.015889659019512187,0.01298501428734099
58,4,16,17,0.14166666666666666,1.0,1,0.9876891270915195,0.888838983938755
58,4,16,17,0.14166666666666666,1.0,3,0.2956339576838186,0.2607309468714927
58,4,16,17,0.14166666666666666,1.0,5,0.17665216022726368,0.15548727783783345
58,4,16,17,0.14166666666666666,1.0,7,0.1259310077873842,0.11076416200590226
58,4,16,17,0.14166666666666666,1.0,9,0.09783028612894391,0.08601892523795641
58,4,16,17,0.14166666666666666,1.0,11,0.07997966655917589,0.07031026211467033
58,4,16,17,0.14166666666666666,1.0,13,0.06763686012485155,0.05945271292828705
58,4,16,17,0.14166666666666666,1.0,15,0.058593767154084785,0.051499782039237475
58,4,16,17,0.14166666666666666,1.0,17,0.05168334202248676,0.04542345422254087
58,4,16,17,0.14166666666666666,1.0,19,0.04623079960027969,0.040629627555590735
59,4,16,17,0.14166666666666666,0.1,1,0.014131796500080444,0.013810455912202129
59,4,16,17,0.14166666666666666,0.1,3,0.004706158697499381,0.004596251540019368
59,4,16,17,0.14166666666666666,0.1,5,0.0028234042149237206,0.0027572312334789013
59,4,16,17,0.14166666666666666,0.1,7,0.002016645812391701,0.001969317086303715
59,4,16,17,0.14166666666666666,0.1,9,0.0015684749594346084,0.0015316383510752157
59,4,16,17,0.14166666666666666,0.1,11,0.00128328453971151,0.001253132753908354
59,4,16,17,0.14166666666666666,0.1,13,0.0010858488595875354,0.0010603285265768877
59,4,16,17,0.14166666666666666,0.1,15,0.0009410645665017019,0.0009189423970739712
59,4,16,17,0.14166666666666666,0.1,17,0.0008303481833235421,0.0008108255947679938
59,4,16,17,0.14166666666666666,0.1,19,0.0007429411113434526,0.0007254714162072393
59,4,16,17,0.14166666666666666,0.5,1,0.3277063308099047,0.3260332287692684
59,4,16,17,0.14166666666666666,0.5,3,0.10731672131751288,0.10576042626509032
59,4,16,17,0.14166666666666666,0.5,5,0.06429538624602876,0.06329758910459488
59,4,16,17,0.14166666666666666,0.5,7,0.045905491915863156,0.045177355179010684
59,4,16,17,0.14166666666666666,0.5,9,0.03569755851355402,0.035125396155150736
59,4,16,17,0.14166666666666666,0.5,11,0.029204154697050132,0.028733235607938775
59,4,16,17,0.14166666666666666,0.5,13,0.02470970053979842,0.024309694783566912
59,4,16,17,0.14166666666666666,0.5,15,0.021414212249453345,0.021066607864459793
59,4,16,17,0.14166666666666666,0.5,17,0.01889436036857456,0.018587043048964236
59,4,16,17,0.14166666666666666,0.5,19,0.01690513054900302,0.016629745164477506
59,4,16,17,0.14166666666666666,1.0,1,1.0346194500577757,1.075698691261296
59,4,16,17,0.14166666666666666,1.0,3,0.3302489289103158,0.33231060046519945
59,4,16,17,0.14166666666666666,1.0,5,0.19724994679129354,0.19799512123197852
59,4,16,17,0.14166666666666666,1.0,7,0.14067825827693678,0.14112920795769657
59,4,16,17,0.14166666666666666,1.0,9,0.10933673246965568,0.1096644666961409
59,4,16,17,0.14166666666666666,1.0,11,0.08941994682981186,0.08967950368899502
59,4,16,17,0.14166666666666666,1.0,13,0.07564275981181551,0.07585858530378052
59,4,16,17,0.14166666666666666,1.0,15,0.06554491962426245,0.06573008568127918
59,4,16,17,0.14166666666666666,1.0,17,0.05782594232046922,0.057988313303047566
59,4,16,17,0.14166666666666666,1.0,19,0.051733694471220594,0.05187839829940585
60,4,16,17,0.14166666666666666,0.1,1,0.013943344946378038,0.013708055106912845
60,4,16,17,0.14166666666666666,0.1,3,0.004643594431999809,0.004561992320487813
60,4,16,17,0.14166666666666666,0.1,5,0.0027859479213221553,0.0027366589788885756
60,4,16,17,0.14166666666666666,0.1,7,0.001989920489913208,0.0019546174064672735
60,4,16,17,0.14166666666666666,0.1,9,0.0015477020171492254,0.001520202997139582
60,4,16,17,0.14166666666666666,0.1,11,0.0012662957321889488,0.0012437753684359245
60,4,16,17,0.14166666666666666,0.1,13,0.0010714780500395624,0.0010524100417262016
60,4,16,17,0.14166666666666666,0.1,15,0.0009286126637167475,0.0009120792662794848
60,4,16,17,0.14166666666666666,0.1,17,0.0008193631207116652,0.000804769591168936
60,4,16,17,0.14166666666666666,0.1,19,0.0007331137326265759,0.0007200526745603496
60,4,16,17,0.14166666666666666,0.5,1,0.3234430249153559,0.31822962793118553
60,4,16,17,0.14166666666666666,0.5,3,0.10554832601920942,0.10324995130809671
60,4,16,17,0.14166666666666666,0.5,5,0.0632032210257145,0.06181050002039919
60,4,16,17,0.14166666666666666,0.5,7,0.04511786636843598,0.04412129294572479
60,4,16,17,0.14166666666666666,0.5,9,0.0350821759840999,0.034306709771248445
60,4,16,17,0.14166666666666666,0.5,11,0.028699356965632392,0.0280648151949074
60,4,16,17,0.14166666666666666,0.5,13,0.024281859103244208,0.023744940224182578
60,4,16,17,0.14166666666666666,0.5,15,0.021042995141656418,0.02057768420997003
60,4,16,17,0.14166666666666666,0.5,17,0.0185665453469064,0.01815599838009974
60,4,16,17,0.14166666666666666,0.5,19,0.016611638857206616,0.016244327283576117
60,4,16,17,0.14166666666666666,1.0,1,1.0335196919353247,1.0079211865441728
60,4,16,17,0.14166666666666666,1.0,3,0.32297671344638573,0.3125043796870726
60,4,16,17,0.14166666666666666,1.0,5,0.19221215895072793,0.18615776577581128
60,4,16,17,0.14166666666666666,1.0,7,0.1369138792961458,0.13266627292449015
60,4,16,17,0.14166666666666666,1.0,9,0.10634524984732871,0.10307549198881955
60,4,16,17,0.14166666666666666,1.0,11,0.08694165563602746,0.08428420967878426
60,4,16,17,0.14166666666666666,1.0,13,0.07352867046313404,0.07129053900618756
60,4,16,17,0.14166666666666666,1.0,15,0.06370226721891342,0.06176922865514822
60,4,16,17,0.14166666666666666,1.0,17,0.05619323180593471,0.05449212139182442
60,4,16,17,0.14166666666666666,1.0,19,0.05026812746318982,0.048749272289883246
61,4,16,17,0.14166666666666666,0.1,1,0.01334798418954098,0.01271543920349129
61,4,16,17,0.14166666666666666,0.1,3,0.004444470067837455,0.004224733676111129
61,4,16,17,0.14166666666666666,0.1,5,0.002666399367870998,0.002533422469384048
61,4,16,17,0.14166666666666666,0.1,7,0.0019045062908943134,0.0018091702169444241
61,4,16,17,0.14166666666666666,0.1,9,0.0014812591240792033,0.0014069554617409988
61,4,16,17,0.14166666666666666,0.1,11,0.0012119283635361271,0.001151054281755479
61,4,16,17,0.14166666666666666,0.1,13,0.0010254719658487506,0.000973916038310975
61,4,16,17,0.14166666666666666,0.1,15,0.0008887388659985276,0.0008440270793644397
61,4,16,17,0.14166666666666666,0.1,17,0.000784179105064968,0.0007447072702955564
61,4,16,17,0.14166666666666666,0.1,19,0.0007016324129294435,0.000666301183033664
61,4,16,17,0.14166666666666666,0.5,1,0.3103235408296101,0.30126857914399674
61,4,16,17,0.14166666666666666,0.5,3,0.10114889104539262,0.09750096210086039
61,4,16,17,0.14166666666666666,0.5,5,0.06057657244981236,0.058281470219512355
61,4,16,17,0.14166666666666666,0.5,7,0.043245884558608824,0.04157113698740874
61,4,16,17,0.14166666666666666,0.5,9,0.03362800209455082,0.03230952955945893
61,4,16,17,0.14166666666666666,0.5,11,0.02751051505867547,0.02642330440660204
61,4,16,17,0.14166666666666666,0.5,13,0.023276460639813455,0.02235148423409883
61,4,16,17,0.14166666666666666,0.5,15,0.02017199372030928,0.019367118230310995
61,4,16,17,0.14166666666666666,0.5,17,0.017798245431710605,0.017085865476507683
61,4,16,17,0.14166666666666666,0.5,19,0.015924374833781094,0.015285422031311523
61,4,16,17,0.14166666666666666,1.0,1,0.9939259907228798,0.9930330689968971
61,4,16,17,0.14166666666666666,1.0,3,0.31239297949763933,0.3117255769334922
61,4,16,17,0.14166666666666666,1.0,5,0.18647991447973958,0.18603895801997797
61,4,16,17,0.14166666666666666,1.0,7,0.13300942783966938,0.13264685594879566
61,4,16,17,0.14166666666666666,1.0,9,0.10338996126221538,0.10307884347428965
61,4,16,17,0.14166666666666666,1.0,11,0.08456582700207937,0.08429331108687031
61,4,16,17,0.14166666666666666,1.0,13,0.0715428901708619,0.07130064856156171
61,4,16,17,0.14166666666666666,1.0,15,0.06199677665109942,0.06177890711905212
61,4,16,17,0.14166666666666666,1.0,17,0.054698817230670806,0.0545009630630053
61,4,16,17,0.14166666666666666,1.0,19,0.048938363124040124,0.04875721976263501
62,4,16,17,0.14166666666666666,0.1,1,0.01604979822971811,0.014273630830270386
62,4,16,17,0.14166666666666666,0.1,3,0.005338679312051525,0.004753615602262144
62,4,16,17,0.14166666666666666,0.1,5,0.0032020795769449797,0.0028519632757037644
62,4,16,17,0.14166666666666666,0.1,7,0.002286870326010544,0.002037075731419484
62,4,16,17,0.14166666666666666,0.1,9,0.0017785378041152555,0.0015843790424306299
62,4,16,17,0.14166666666666666,0.1,11,0.0014550958360837398,0.0012963046192971408
62,4,16,17,0.14166666666666666,0.1,13,0.0012311934534431264,0.0010968704393442981
62,4,16,17,0.14166666666666666,0.1,15,0.001067008129526063,0.0009506195682825112
62,4,16,17,0.14166666666666666,0.1,17,0.0009414601704719087,0.0008387810933269222
62,4,16,17,0.14166666666666666,0.1,19,0.000842346720847236,0.0007504877913659464
62,4,16,17,0.14166666666666666,0.5,1,0.3698246593202891,0.3268657771143357
62,4,16,17,0.14166666666666666,0.5,3,0.12080470682259829,0.10665123846796387
62,4,16,17,0.14166666666666666,0.5,5,0.07231564239292987,0.063897240670143
62,4,16,17,0.14166666666666666,0.5,7,0.051609392466074225,0.04562244683934011
62,4,16,17,0.14166666666666666,0.5,9,0.040122594060996025,0.03547817685642387
62,4,16,17,0.14166666666666666,0.5,11,0.032818551678642845,0.029025113779065824
62,4,16,17,0.14166666666666666,0.5,13,0.027764397621598328,0.024558491132766577
62,4,16,17,0.14166666666666666,0.5,15,0.02405927034737575,0.02128335599295394
62,4,16,17,0.14166666666666666,0.5,17,0.021226635272842444,0.018779033335400968
62,4,16,17,0.14166666666666666,0.5,19,0.018990763405845306,0.01680204081162327
62,4,16,17,0.14166666666666666,1.0,1,1.1324281587897858,1.0087533315710147
62,4,16,17,0.14166666666666666,1.0,3,0.3664878517488415,0.3169682732939383
62,4,16,17,0.14166666666666666,1.0,5,0.219726864088424,0.18966170176076966
62,4,16,17,0.14166666666666666,1.0,7,0.15688492124736833,0.13536842732527768
62,4,16,17,0.14166666666666666,1.0,9,0.12199005251707892,0.10525160996607077
62,4,16,17,0.14166666666666666,1.0,11,0.0997920656830133,0.08609974600559099
62,4,16,17,0.14166666666666666,1.0,13,0.0844282720127266,0.07284586074125285
62,4,16,17,0.14166666666666666,1.0,15,0.07316377342559902,0.06312865061124236
62,4,16,17,0.14166666666666666,1.0,17,0.06455112713812045,0.0556990183278345
62,4,16,17,0.14166666666666666,1.0,19,0.05775255308151328,0.04983417376074462
63,4,16,17,0.14166666666666666,0.1,1,0.013756908851935739,0.013874509498098937
63,4,16,17,0.14166666666666666,0.1,3,0.004582990292195053,0.004621218427309781
63,4,16,17,0.14166666666666666,0.1,5,0.002749667393301901,0.002772557547670993
63,4,16,17,0.14166666666666666,0.1,7,0.0019640231923898415,0.0019803641059771893
63,4,16,17,0.14166666666666666,0.1,9,0.0015275656100397555,0.0015402722657744206
63,4,16,17,0.14166666666666666,0.1,11,0.0012498231015987474,0.0012602182370884001
63,4,16,17,0.14166666666666666,0.1,13,0.0010575410152390639,0.0010663363057704617
63,4,16,17,0.14166666666666666,0.1,15,0.000916534671544837,0.0009241569340361601
63,4,16,17,0.14166666666666666,0.1,17,0.0008087065471541311,0.0008154318826277723
63,4,16,17,0.14166666666666666,0.1,19,0.0007235792184859111,0.000729596504549966
63,4,16,17,0.14166666666666666,0.5,1,0.31928215494470225,0.3212629396090863
63,4,16,17,0.14166666666666666,0.5,3,0.10499546424765492,0.10504843986753053
63,4,16,17,0.14166666666666666,0.5,5,0.06293098340900093,0.06293266931534375
63,4,16,17,0.14166666666666666,0.5,7,0.0449376732162641,0.04493296236603603
63,4,16,17,0.14166666666666666,0.5,9,0.03494735462316963,0.0349417985306735
63,4,16,17,0.14166666666666666,0.5,11,0.02859156372473004,0.028586234426930313
63,4,16,17,0.14166666666666666,0.5,13,0.02419202147985276,0.02418713088203029
63,4,16,17,0.14166666666666666,0.5,15,0.02096596180746609,0.020961516035583584
63,4,16,17,0.14166666666666666,0.5,17,0.0184991086966748,0.018495063749372317
63,4,16,17,0.14166666666666666,0.5,19,0.016551665106021064,0.016547969276897657
63,4,16,17,0.14166666666666666,1.0,1,1.0129233237321007,1.0144766968065737
63,4,16,17,0.14166666666666666,1.0,3,0.3254743513912324,0.31532079977637384
63,4,16,17,0.14166666666666666,1.0,5,0.19458725406318247,0.1880294967213248
63,4,16,17,0.14166666666666666,1.0,7,0.13880292085641113,0.13407697791543005
63,4,16,17,0.14166666666666666,1.0,9,0.1078819624004675,0.10420845110815216
63,4,16,17,0.14166666666666666,1.0,11,0.088229517915348,0.08523094405492374
63,4,16,17,0.14166666666666666,1.0,13,0.0746347057060966,0.07210363605996437
63,4,16,17,0.14166666666666666,1.0,15,0.06467058448868951,0.06248173912286923
63,4,16,17,0.14166666666666666,1.0,17,0.05705396984890108,0.05512618181093879
63,4,16,17,0.14166666666666666,1.0,19,0.0510426500725953,0.049320436535225755
64,4,16,17,0.14166666666666666,0.1,1,0.012540250943215835,0.012539286165592219
64,4,16,17,0.14166666666666666,0.1,3,0.0041738547780451754,0.004176450601283368
64,4,16,17,0.14166666666666666,0.1,5,0.002503841179469991,0.002505636583226882
64,4,16,17,0.14166666666666666,0.1,7,0.0017883336300634468,0.0017896805596473205
64,4,16,17,0.14166666666666666,0.1,9,0.001390876462144708,0.0013919502552340432
64,4,16,17,0.14166666666666666,0.1,11,0.0011379651875208468,0.0011388568619751579
64,4,16,17,0.14166666666666666,0.1,13,0.0009628796568529753,0.0009636416353655866
64,4,16,17,0.14166666666666666,0.1,15,0.0008344870416074412,0.0008351520902387917
64,4,16,17,0.14166666666666666,0.1,17,0.0007363063591565641,0.0007368962707277274
64,4,16,17,0.14166666666666666,0.1,19,0.000658796433508205,0.0006593264168805304
64,4,16,17,0.14166666666666666,0.5,1,0.29304754382350856,0.2949642354954155
64,4,16,17,0.14166666666666666,0.5,3,0.09533527593909767,0.09705981906465876
64,4,16,17,0.14166666666666666,0.5,5,0.05707558665531314,0.05818134943257692
64,4,16,17,0.14166666666666666,0.5,7,0.04074040058975644,0.04154732863234022
64,4,16,17,0.14166666666666666,0.5,9,0.03167703691735398,0.032311085834266624
64,4,16,17,0.14166666666666666,0.5,11,0.025913036285613852,0.02643486506565485
64,4,16,17,0.14166666666666666,0.5,13,0.021924000892877344,0.022367229296901887
64,4,16,17,0.14166666666666666,0.5,15,0.018999376360249745,0.019384525207140294
64,4,16,17,0.14166666666666666,0.5,17,0.016763249890025356,0.017103748070767675
64,4,16,17,0.14166666666666666,0.5,19,0.01499808780418227,0.015303196900914627
64,4,16,17,0.14166666666666666,1.0,1,0.950182981672881,0.9711561402370911
64,4,16,17,0.14166666666666666,1.0,3,0.29727528876558285,0.31678533810853937
64,4,16,17,0.14166666666666666,1.0,5,0.1774512282102571,0.1896863017494259
64,4,16,17,0.14166666666666666,1.0,7,0.12653969283624755,0.13539965997675818
64,4,16,17,0.14166666666666666,1.0,9,0.0983431809321283,0.10527690034819252
64,4,16,17,0.14166666666666666,1.0,11,0.08042734564539064,0.08611950954609203
64,4,16,17,0.14166666666666666,1.0,13,0.06803507177793805,0.07286148714009634
64,4,16,17,0.14166666666666666,1.0,15,0.05895258863732381,0.06314124850853765
64,4,16,17,0.14166666666666666,1.0,17,0.05200989643510959,0.055709371755815265
64,4,16,17,0.14166666666666666,1.0,19,0.04653039356567941,0.04984283055042318
65,4,16,17,0.14166666666666666,0.1,1,0.014717162957416471,0.013888947660048357
65,4,16,17,0.14166666666666666,0.1,3,0.00489509467180027,0.004621700275360335
65,4,16,17,0.14166666666666666,0.1,5,0.00293606181785511,0.002772476563400037
65,4,16,17,0.14166666666666666,0.1,7,0.002096902974652406,0.0019802041985182107
65,4,16,17,0.14166666666666666,0.1,9,0.0016308059569138805,0.0015401060751547436
65,4,16,17,0.14166666666666666,0.1,11,0.0013342353089656881,0.0012600611870343262
65,4,16,17,0.14166666666666666,0.1,13,0.001128933401045207,0.0010661913404128203
65,4,16,17,0.14166666666666666,0.1,15,0.000978386963137878,0.0009240237434800933
65,4,16,17,0.14166666666666666,0.1,17,0.0008632678917032093,0.0008153093259411348
65,4,16,17,0.14166666666666666,0.1,19,0.000772387248325953,0.0007294833251773088
65,4,16,17,0.14166666666666666,0.5,1,0.3433564401390892,0.3219919245458954
65,4,16,17,0.14166666666666666,0.5,3,0.11158699576572521,0.10386856063090907
65,4,16,17,0.14166666666666666,0.5,5,0.06674980193935691,0.0621107253846689
65,4,16,17,0.14166666666666666,0.5,7,0.04762603509180578,0.04431588033835329
65,4,16,17,0.14166666666666666,0.5,9,0.037021758782857184,0.03444994344899993
65,4,16,17,0.14166666666666666,0.5,11,0.030280333104085386,0.028177940185188318
65,4,16,17,0.14166666666666666,0.5,13,0.025616074081864084,0.023838343576119258
65,4,16,17,0.14166666666666666,0.5,15,0.022197047992234396,0.020657190688393463
65,4,16,17,0.14166666666666666,0.5,17,0.019583287276297476,0.018225192942469125
65,4,16,17,0.14166666666666666,0.5,19,0.017520261734987913,0.016305570007306182
65,4,16,17,0.14166666666666666,1.0,1,1.090745594186116,1.0318516054771187
65,4,16,17,0.14166666666666666,1.0,3,0.3439076020400211,0.31667302261292063
65,4,16,17,0.14166666666666666,1.0,5,0.2049421102318008,0.18860342803612248
65,4,16,17,0.14166666666666666,1.0,7,0.1460099562081559,0.13440750973969104
65,4,16,17,0.14166666666666666,1.0,9,0.11341033512264538,0.10442786547270884
65,4,16,17,0.14166666666666666,1.0,11,0.09271364811556809,0.08538960318366928
65,4,16,17,0.14166666666666666,1.0,13,0.07840627860532172,0.0722251377795222
65,4,16,17,0.14166666666666666,1.0,15,0.0679248339899279,0.06257868844452102
65,4,16,17,0.14166666666666666,1.0,17,0.05991553544193188,0.055205959881199786
65,4,16,17,0.14166666666666666,1.0,19,0.05359596531009252,0.04938767167825533
66,4,16,17,0.14166666666666666,0.1,1,0.013104157302983442,0.013691080176422796
66,4,16,17,0.14166666666666666,0.1,3,0.004344311017543927,0.004552629190660774
66,4,16,17,0.14166666666666666,0.1,5,0.002604168813938741,0.0027305082696772063
66,4,16,17,0.14166666666666666,0.1,7,0.001859413240185903,0.0019500545703108533
66,4,16,17,0.14166666666666666,0.1,9,0.00144591134038008,0.0015165796163522896
66,4,16,17,0.14166666666666666,0.1,11,0.0011828647578445816,0.0012407716017836486
66,4,16,17,0.14166666666666666,0.1,13,0.0010007963692671327,0.001049845290232267
66,4,16,17,0.14166666666666666,0.1,15,0.0008673005218776124,0.0009098417310670573
66,4,16,17,0.14166666666666666,0.1,17,0.0007652273372984396,0.0008027853085944058
66,4,16,17,0.14166666666666666,0.1,19,0.0006846504686474698,0.0007182701908396419
66,4,16,17,0.14166666666666666,0.5,1,0.31280567008010446,0.320949826065681
66,4,16,17,0.14166666666666666,0.5,3,0.09888012375476725,0.10421803922156987
66,4,16,17,0.14166666666666666,0.5,5,0.05882576382297831,0.06233035451167814
66,4,16,17,0.14166666666666666,0.5,7,0.041880721301722046,0.044470135013170625
66,4,16,17,0.14166666666666666,0.5,9,0.032517988662301475,0.03456759555940944
66,4,16,17,0.14166666666666666,0.5,11,0.02657766328609787,0.028272620161518203
66,4,16,17,0.14166666666666666,0.5,13,0.02247286441997654,0.023917386085894856
66,4,16,17,0.14166666666666666,0.5,15,0.019466567855105362,0.02072494713088423
66,4,16,17,0.14166666666666666,0.5,17,0.01716979988249834,0.01828444035014444
66,4,16,17,0.14166666666666666,0.5,19,0.01535786091851194,0.01635818251126224
66,4,16,17,0.14166666666666666,1.0,1,1.0471037954781857,1.0396136191431953
66,4,16,17,0.14166666666666666,1.0,3,0.31262418057768154,0.32260724704152555
66,4,16,17,0.14166666666666666,1.0,5,0.18286437552104834,0.19166300386580662
66,4,16,17,0.14166666666666666,1.0,7,0.12934216910882523,0.13644496338751505
66,4,16,17,0.14166666666666666,1.0,9,0.10009800074201447,0.10595235839432378
66,4,16,17,0.14166666666666666,1.0,11,0.08165529924431665,0.0866069961001746
66,4,16,17,0.14166666666666666,1.0,13,0.06895826709141857,0.07323831301718019
66,4,16,17,0.14166666666666666,1.0,15,0.05968195283232666,0.06344629996048838
66,4,16,17,0.14166666666666666,1.0,17,0.052607263273763874,0.05596457978448899
66,4,16,17,0.14166666666666666,1.0,19,0.04703313271345576,0.050061631296497246
67,4,16,17,0.14166666666666666,0.1,1,0.014272129564176488,0.013541596109309238
67,4,16,17,0.14166666666666666,0.1,3,0.004752370593282835,0.0045115229866165224
67,4,16,17,0.14166666666666666,0.1,5,0.002850968289374609,0.002706794420128541
67,4,16,17,0.14166666666666666,0.1,7,0.002036277776671396,0.0019334000866977894
67,4,16,17,0.14166666666666666,0.1,9,0.001583718429639279,0.0015037474785813956
67,4,16,17,0.14166666666666666,0.1,11,0.0012957426078424165,0.0012303353505339568
67,4,16,17,0.14166666666666666,0.1,13,0.001096382023410888,0.0010410512288388679
67,4,16,17,0.14166666666666666,0.1,15,0.0009501879758942955,0.0009022434094651212
67,4,16,17,0.14166666666666666,0.1,17,0.0008383946164862193,0.0007960965241938056
67,4,16,17,0.14166666666666666,0.1,19,0.000750137965005216,0.0007122965008249944
67,4,16,17,0.14166666666666666,0.5,1,0.33299047245139746,0.3167479850577197
67,4,16,17,0.14166666666666666,0.5,3,0.10950385433965383,0.10441742896565392
67,4,16,17,0.14166666666666666,0.5,5,0.06559317404060587,0.06257892910710859
67,4,16,17,0.14166666666666666,0.5,7,0.046825087932426464,0.04468324582736598
67,4,16,17,0.14166666666666666,0.5,9,0.03640905795742289,0.034747973478812935
67,4,16,17,0.14166666666666666,0.5,11,0.02978418203971048,0.02842759914941539
67,4,16,17,0.14166666666666666,0.5,13,0.025199197123620443,0.024052773108970457
67,4,16,17,0.14166666666666666,0.5,15,0.021837592111123023,0.020844947717809117
67,4,16,17,0.14166666666666666,0.5,17,0.019267343488689262,0.018392103286100837
67,4,16,17,0.14166666666666666,0.5,19,0.01723843006940962,0.016455759982823916
67,4,16,17,0.14166666666666666,1.0,1,1.0678952300332545,1.0316680426388802
67,4,16,17,0.14166666666666666,1.0,3,0.3413904971374078,0.33661478700904246
67,4,16,17,0.14166666666666666,1.0,5,0.2034935738099865,0.2005552119899015
67,4,16,17,0.14166666666666666,1.0,7,0.1450446999513617,0.14286359858295533
67,4,16,17,0.14166666666666666,1.0,9,0.11270159098718663,0.11096063997046625
67,4,16,17,0.14166666666666666,1.0,11,0.092159462529522,0.09070965110744739
67,4,16,17,0.14166666666666666,1.0,13,0.07795390509689126,0.07671154123690753
67,4,16,17,0.14166666666666666,1.0,15,0.06754397891732085,0.06645706248397638
67,4,16,17,0.14166666666666666,1.0,17,0.059587390245691034,0.058621333560472846
67,4,16,17,0.14166666666666666,1.0,19,0.053308133866928994,0.052438748730692285
68,4,16,17,0.14166666666666666,0.1,1,0.012894171894835198,0.014164225273998117
68,4,16,17,0.14166666666666666,0.1,3,0.004286372834769685,0.004711913477930045
68,4,16,17,0.14166666666666666,0.1,5,0.0025707503804093513,0.002826067833470812
68,4,16,17,0.14166666666666666,0.1,7,0.0018359463466691363,0.002018293151743081
68,4,16,17,0.14166666666666666,0.1,9,0.001427831954588419,0.0015696431646639109
68,4,16,17,0.14166666666666666,0.1,11,0.0011681619084234558,0.0012841806339824978
68,4,16,17,0.14166666666666666,0.1,13,0.000988407654042033,0.0010865717888725054
68,4,16,17,0.14166666666666666,0.1,15,0.0008565966945021851,0.0009416685201241448
68,4,16,17,0.14166666666666666,0.1,17,0.0007558050447801691,0.0008308657702664885
68,4,16,17,0.14166666666666666,0.1,19,0.0006762356961081508,0.0007433933578765382
68,4,16,17,0.14166666666666666,0.5,1,0.30602433422329256,0.33284608275451766
68,4,16,17,0.14166666666666666,0.5,3,0.09915244635773213,0.10971470729593401
68,4,16,17,0.14166666666666666,0.5,5,0.05927526360617277,0.0657175587070633
68,4,16,17,0.14166666666666666,0.5,7,0.04228173414636548,0.0469085178585026
68,4,16,17,0.14166666666666666,0.5,9,0.03286255900427668,0.03647055792489656
68,4,16,17,0.14166666666666666,0.5,11,0.026875977304072044,0.029832403674397955
68,4,16,17,0.14166666666666666,0.5,13,0.02273463748146589,0.02523864141421586
68,4,16,17,0.14166666666666666,0.5,15,0.019699266768314787,0.02187085407485762
68,4,16,17,0.14166666666666666,0.5,17,0.01737899594681508,0.01929603912657502
68,4,16,17,0.14166666666666666,0.5,19,0.015547739369607658,0.017263627027803603
68,4,16,17,0.14166666666666666,1.0,1,1.0157106724197194,1.0734619439866944
68,4,16,17,0.14166666666666666,1.0,3,0.3245595456374595,0.3557097975717195
68,4,16,17,0.14166666666666666,1.0,5,0.1937780372296675,0.21326043328366376
68,4,16,17,0.14166666666666666,1.0,7,0.1381584167828211,0.15228306934830071
68,4,16,17,0.14166666666666666,1.0,9,0.1073534730558646,0.11842297085751796
68,4,16,17,0.14166666666666666,1.0,11,0.08778294865356695,0.09688140669257056
68,4,16,17,0.14166666666666666,1.0,13,0.07424830914467315,0.08197061542591307
68,4,16,17,0.14166666666666666,1.0,15,0.064330056628709,0.0710373866026989
68,4,16,17,0.14166666666666666,1.0,17,0.05674950244577349,0.06267745690642071
68,4,16,17,0.14166666666666666,1.0,19,0.050767257421870465,0.05607798926158786
69,4,16,17,0.14166666666666666,0.1,1,0.015035015009994731,0.013982435437432881
69,4,16,17,0.14166666666666666,0.1,3,0.00499542217294621,0.004650762411484361
69,4,16,17,0.14166666666666666,0.1,5,0.0029955876239836036,0.0027896830455631386
69,4,16,17,0.14166666666666666,0.1,7,0.002139215654784002,0.0019924251216562527
69,4,16,17,0.14166666666666666,0.1,9,0.0016636267862411899,0.0015495814757483027
69,4,16,17,0.14166666666666666,0.1,11,0.0013610423141031858,0.001267798361323913
69,4,16,17,0.14166666666666666,0.1,13,0.0011515890514995574,0.0010727291699791335
69,4,16,17,0.14166666666666666,0.1,15,0.0009980045642647816,0.0009296841477309994
69,4,16,17,0.14166666666666666,0.1,17,0.000880565864908175,0.0008202999502299601
69,4,16,17,0.14166666666666666,0.1,19,0.0007878561328975017,0.0007339459042389639
69,4,16,17,0.14166666666666666,0.5,1,0.3530736280704835,0.3241420465344575
69,4,16,17,0.14166666666666666,0.5,3,0.11424315071050989,0.10427570071714225
69,4,16,17,0.14166666666666666,0.5,5,0.06832374727553733,0.06234834273516025
69,4,16,17,0.14166666666666666,0.5,7,0.048745758234929416,0.04448360868694887
69,4,16,17,0.14166666666666666,0.5,9,0.037890889779110724,0.03457947629332996
69,4,16,17,0.14166666666666666,0.5,11,0.030990561489478614,0.028283414421947862
69,4,16,17,0.14166666666666666,0.5,13,0.02621653305498062,0.023927281615100115
69,4,16,17,0.14166666666666666,0.5,15,0.02271712958174427,0.020734067586961995
69,4,16,17,0.14166666666666666,0.5,17,0.020041970913339528,0.0182928854353832
69,4,16,17,0.14166666666666666,0.5,19,0.01793051382369039,0.016366036164969632
69,4,16,17,0.14166666666666666,1.0,1,1.1172555461588878,1.0241020521427369
69,4,16,17,0.14166666666666666,1.0,3,0.35215178324271695,0.3112186845684648
69,4,16,17,0.14166666666666666,1.0,5,0.21055667057803987,0.18471354412448537
69,4,16,17,0.14166666666666666,1.0,7,0.15018232553039512,0.13139655652702195
69,4,16,17,0.14166666666666666,1.0,9,0.11671889705410222,0.10197902726236105
69,4,16,17,0.14166666666666666,1.0,11,0.09545196216542538,0.08332866763854858
69,4,16,17,0.14166666666666666,1.0,13,0.08074107734317944,0.07044713118596072
69,4,16,17,0.14166666666666666,1.0,15,0.06995937975461397,0.06101583128017921
69,4,16,17,0.14166666666666666,1.0,17,0.0617180708285945,0.05381207694536493
69,4,16,17,0.14166666666666666,1.0,19,0.05521389375586056,0.048129942303586686
70,4,16,17,0.14166666666666666,0.1,1,0.013477691069283999,0.013818475294626816
70,4,16,17,0.14166666666666666,0.1,3,0.004482028145704546,0.004604685905490206
70,4,16,17,0.14166666666666666,0.1,5,0.002688171851388399,0.0027627120170815814
70,4,16,17,0.14166666666666666,0.1,7,0.0019198187757080917,0.0019733408836179276
70,4,16,17,0.14166666666666666,0.1,9,0.0014930642458088497,0.0015348110876179058
70,4,16,17,0.14166666666666666,0.1,11,0.0012215322815195351,0.0012557498735659078
70,4,16,17,0.14166666666666666,0.1,13,0.0010335661058574004,0.0010625549930341456
70,4,16,17,0.14166666666666666,0.1,15,0.0008957332263075332,0.0009208794064756541
70,4,16,17,0.14166666666666666,0.1,17,0.0007903366943533489,0.0008125396118905671
70,4,16,17,0.14166666666666666,0.1,19,0.0007071319953753174,0.0007270084077559356
70,4,16,17,0.14166666666666666,0.5,1,0.3184513612360188,0.32199084415220064
70,4,16,17,0.14166666666666666,0.5,3,0.10372808179193171,0.10681044136919064
70,4,16,17,0.14166666666666666,0.5,5,0.06206680163173287,0.06405547545485206
70,4,16,17,0.14166666666666666,0.5,7,0.04428938842670144,0.045746789831611526
70,4,16,17,0.14166666666666666,0.5,9,0.03442985800269971,0.03557823290363306
70,4,16,17,0.14166666666666666,0.5,11,0.028161280201000175,0.029108253218185276
70,4,16,17,0.14166666666666666,0.5,13,0.023823919385180695,0.024629408032943327
70,4,16,17,0.14166666666666666,0.5,15,0.020644393054979553,0.02134509789993223
70,4,16,17,0.14166666666666666,0.5,17,0.018213655727135028,0.018833660315412955
70,4,16,17,0.14166666666666666,0.5,19,0.016295049243744503,0.01685100054236255
70,4,16,17,0.14166666666666666,1.0,1,1.0422337025661954,1.0373784514253872
70,4,16,17,0.14166666666666666,1.0,3,0.3308389671699739,0.3438411985276912
70,4,16,17,0.14166666666666666,1.0,5,0.1978393790693005,0.20594023546546897
70,4,16,17,0.14166666666666666,1.0,7,0.1411739060279357,0.1469967840626749
70,4,16,17,0.14166666666666666,1.0,9,0.10975242704501385,0.11428861496407447
70,4,16,17,0.14166666666666666,1.0,11,0.08977475233736852,0.09348775213809789
70,4,16,17,0.14166666666666666,1.0,13,0.07595109390857113,0.07909301376249073
70,4,16,17,0.14166666666666666,1.0,15,0.06581704781024245,0.06853981871790016
70,4,16,17,0.14166666666666666,1.0,17,0.0580692275365438,0.0604713665715503
70,4,16,17,0.14166666666666666,1.0,19,0.0519535314139131,0.05410251747122542
71,4,16,17,0.14166666666666666,0.1,1,0.013687177655509595,0.013449047088100173
71,4,16,17,0.14166666666666666,0.1,3,0.00455794044185593,0.00447902877762846
71,4,16,17,0.14166666666666666,0.1,5,0.002734550127648842,0.002687225641115752
71,4,16,17,0.14166666666666666,0.1,7,0.0019532079423428025,0.0019194091712897959
71,4,16,17,0.14166666666666666,0.1,9,0.001519148241434557,0.0014928617278073316
71,4,16,17,0.14166666666666666,0.1,11,0.001242933882451131,0.0012214273228650582
71,4,16,17,0.14166666666666666,0.1,13,0.0010517105657282834,0.001033512993757155
71,4,16,17,0.14166666666666666,0.1,15,0.0009114810115924161,0.0008957099381427701
71,4,16,17,0.14166666666666666,0.1,17,0.0008042470794228555,0.0007903315181341503
71,4,16,17,0.14166666666666666,0.1,19,0.0007195889450598072,0.00070713823726077
71,4,16,17,0.14166666666666666,0.5,1,0.31898966675548085,0.31406094940696033
71,4,16,17,0.14166666666666666,0.5,3,0.10367598348983556,0.10236805564142419
71,4,16,17,0.14166666666666666,0.5,5,0.06207108477519692,0.06130573618642835
71,4,16,17,0.14166666666666666,0.5,7,0.04430989725190118,0.043767105430623246
71,4,16,17,0.14166666666666666,0.5,9,0.03445473024435565,0.034033809068964554
71,4,16,17,0.14166666666666666,0.5,11,0.028186701713239552,0.027842830651611028
71,4,16,17,0.14166666666666666,0.5,13,0.02384856655700015,0.023557851616070102
71,4,16,17,0.14166666666666666,0.5,15,0.0206678225166084,0.02041600717138534
71,4,16,17,0.14166666666666666,0.5,17,0.018235762460307236,0.018013653630742078
71,4,16,17,0.14166666666666666,0.5,19,0.016315862478489405,0.016117184472202607
71,4,16,17,0.14166666666666666,1.0,1,1.0245614700036434,1.0154897837573684
71,4,16,17,0.14166666666666666,1.0,3,0.3057863763803671,0.31040495673399926
71,4,16,17,0.14166666666666666,1.0,5,0.18122800348354848,0.1846883074840857
71,4,16,17,0.14166666666666666,1.0,7,0.1289972802541975,0.13161360639210523
71,4,16,17,0.14166666666666666,1.0,9,0.10018577992914711,0.10226795993365337
71,4,16,17,0.14166666666666666,1.0,11,0.08190976520249343,0.08363311783437852
71,4,16,17,0.14166666666666666,1.0,13,0.06927881177530121,0.07074669157202629
71,4,16,17,0.14166666666666666,1.0,15,0.060025607276627764,0.06130303659531849
71,4,16,17,0.14166666666666666,1.0,17,0.05295431276083202,0.0540845678113783
71,4,16,17,0.14166666666666666,1.0,19,0.047374238166770465,0.04838747354399991
72,4,16,17,0.14166666666666666,0.1,1,0.013004602854929279,0.012693842697636912
72,4,16,17,0.14166666666666666,0.1,3,0.004333540364257382,0.004227938074223077
72,4,16,17,0.14166666666666666,0.1,5,0.0026000602020634497,0.0025366021432856388
72,4,16,17,0.14166666666666666,0.1,7,0.0018571732548875973,0.001811827044265061
72,4,16,17,0.14166666666666666,0.1,9,0.001444464052460232,0.0014091886880014833
72,4,16,17,0.14166666666666666,0.1,11,0.0011818325536286417,0.0011529683697581801
72,4,16,17,0.14166666666666666,0.1,13,0.0010000113474666142,0.0009755865798966254
72,4,16,17,0.14166666666666666,0.1,15,0.00086667605889753,0.0008455072596148677
72,4,16,17,0.14166666666666666,0.1,17,0.0007647139088277663,0.0007460351629689485
72,4,16,17,0.14166666666666666,0.1,19,0.0006842175442873993,0.0006675047352964367
72,4,16,17,0.14166666666666666,0.5,1,0.3049442285903746,0.29882412065038266
72,4,16,17,0.14166666666666666,0.5,3,0.10088104086576273,0.09787212299437544
72,4,16,17,0.14166666666666666,0.5,5,0.060486541706186614,0.05863585041342281
72,4,16,17,0.14166666666666666,0.5,7,0.04319629145065464,0.04186544913483955
72,4,16,17,0.14166666666666666,0.5,9,0.03359442323621198,0.03255646866886444
72,4,16,17,0.14166666666666666,0.5,11,0.02748522944714986,0.026634811460310676
72,4,16,17,0.14166666666666666,0.5,13,0.023256188628296044,0.022536028729038135
72,4,16,17,0.14166666666666666,0.5,15,0.020155067538952885,0.019530616056471765
72,4,16,17,0.14166666666666666,0.5,17,0.01778370855463602,0.017232537436415424
72,4,16,17,0.14166666666666666,0.5,19,0.015911629690589676,0.015418360824942296
72,4,16,17,0.14166666666666666,1.0,1,0.9998900455437528,0.9866386817573481
72,4,16,17,0.14166666666666666,1.0,3,0.32531372947664633,0.3139634903515949
72,4,16,17,0.14166666666666666,1.0,5,0.19440014625616506,0.18724643654746817
72,4,16,17,0.14166666666666666,1.0,7,0.13868569520592713,0.13351189028050725
72,4,16,17,0.14166666666666666,1.0,9,0.10780942904306065,0.10376582899034513
72,4,16,17,0.14166666666666666,1.0,11,0.08818351499840765,0.0848672737992625
72,4,16,17,0.14166666666666666,1.0,13,0.07460490192764055,0.07179511106995823
72,4,16,17,0.14166666666666666,1.0,15,0.06465105272887098,0.06221389346920348
72,4,16,17,0.14166666666666666,1.0,17,0.05704117753145478,0.0548895700518636
72,4,16,17,0.14166666666666666,1.0,19,0.05103440747303535,0.04910855397880807
73,4,16,17,0.14166666666666666,0.1,1,0.015431995351150578,0.015005327532877009
73,4,16,17,0.14166666666666666,0.1,3,0.005136639581912267,0.004995422158974125
73,4,16,17,0.14166666666666666,0.1,5,0.003081431643647282,0.0029968020526259897
73,4,16,17,0.14166666666666666,0.1,7,0.0022008777541914055,0.00214045752628177
73,4,16,17,0.14166666666666666,0.1,9,0.0017117360942097515,0.0016647550430119208
73,4,16,17,0.14166666666666666,0.1,11,0.001400482783437375,0.0013620501442460871
73,4,16,17,0.14166666666666666,0.1,13,0.0011850077314690115,0.0011524915242445448
73,4,16,17,0.14166666666666666,0.1,15,0.0010269966863941638,0.0009988183220258219
73,4,16,17,0.14166666666666666,0.1,17,0.0009061669196853351,0.0008813052343358967
73,4,16,17,0.14166666666666666,0.1,19,0.000810776318057173,0.0007885327623822129
73,4,16,17,0.14166666666666666,0.5,1,0.3551704519675691,0.34773222894952227
73,4,16,17,0.14166666666666666,0.5,3,0.11541018544882528,0.11319973742006424
73,4,16,17,0.14166666666666666,0.5,5,0.06906894191177698,0.06776612388448604
73,4,16,17,0.14166666666666666,0.5,7,0.049294407174657204,0.048370198513449994
73,4,16,17,0.14166666666666666,0.5,9,0.03832534795868439,0.03760910958188385
73,4,16,17,0.14166666666666666,0.5,11,0.0313502715442522,0.030765557170274505
73,4,16,17,0.14166666666666666,0.5,13,0.026523477868880544,0.026029461202617444
73,4,16,17,0.14166666666666666,0.5,15,0.02298482590274646,0.02255714085338944
73,4,16,17,0.14166666666666666,0.5,17,0.020279326533496147,0.019902265256965212
73,4,16,17,0.14166666666666666,0.5,19,0.0181437108182393,0.0178065553134091
73,4,16,17,0.14166666666666666,1.0,1,1.1048296525920838,1.0921220361612394
73,4,16,17,0.14166666666666666,1.0,3,0.33857164674370266,0.3350155082458045
73,4,16,17,0.14166666666666666,1.0,5,0.2009969875419485,0.19918362392580422
73,4,16,17,0.14166666666666666,1.0,7,0.14307233618032303,0.14186671992414623
73,4,16,17,0.14166666666666666,1.0,9,0.11109704399024659,0.11019572064873695
73,4,16,17,0.14166666666666666,1.0,11,0.09081335469415518,0.09009406710074189
73,4,16,17,0.14166666666666666,1.0,13,0.07679670059849844,0.07619839716758053
73,4,16,17,0.14166666666666666,1.0,15,0.06653010211108021,0.06601799050832512
73,4,16,17,0.14166666666666666,1.0,17,0.05868569425251623,0.05823808831029113
73,4,16,17,0.14166666666666666,1.0,19,0.052496503972401916,0.05209898120087782
74,4,16,17,0.14166666666666666,0.1,1,0.015693887868561945,0.014131503481879493
74,4,16,17,0.14166666666666666,0.1,3,0.005210303012837492,0.0046907187346706064
74,4,16,17,0.14166666666666666,0.1,5,0.003124459025665345,0.002812736114567315
74,4,16,17,0.14166666666666666,0.1,7,0.002231287841284328,0.0020086278060038997
74,4,16,17,0.14166666666666666,0.1,9,0.0017352555021486675,0.001562073221799465
74,4,16,17,0.14166666666666666,0.1,11,0.0014196588877180831,0.001277962538803913
74,4,16,17,0.14166666666666666,0.1,13,0.0012011952151164758,0.0010812970502048003
74,4,16,17,0.14166666666666666,0.1,15,0.0010410017737603925,0.0009370891316678516
74,4,16,17,0.14166666666666666,0.1,17,0.0009185082997506548,0.0008268200161839833
74,4,16,17,0.14166666666666666,0.1,19,0.0008218073711439063,0.0007397699926773169
74,4,16,17,0.14166666666666666,0.5,1,0.3653462273848952,0.3312567675058015
74,4,16,17,0.14166666666666666,0.5,3,0.11451239157175176,0.1042275361722407
74,4,16,17,0.14166666666666666,0.5,5,0.06821221375145654,0.06216654245214085
74,4,16,17,0.14166666666666666,0.5,7,0.04860323413849056,0.04431686764288241
74,4,16,17,0.14166666666666666,0.5,9,0.03775738625602109,0.034435802197190044
74,4,16,17,0.14166666666666666,0.5,11,0.03087095493487966,0.028159166211193392
74,4,16,17,0.14166666666666666,0.5,13,0.02610980550566262,0.023818449498206648
74,4,16,17,0.14166666666666666,0.5,15,0.022621376578297082,0.020637495818687346
74,4,16,17,0.14166666666666666,0.5,17,0.01995541503237212,0.018206206816174762
74,4,16,17,0.14166666666666666,0.5,19,0.01785167937846455,0.01628747197747672
74,4,16,17,0.14166666666666666,1.0,1,1.1484080469965274,1.0507963261135937
74,4,16,17,0.14166666666666666,1.0,3,0.3345027172058526,0.30697171539158224
74,4,16,17,0.14166666666666666,1.0,5,0.1958757201646351,0.18338159117142613
74,4,16,17,0.14166666666666666,1.0,7,0.1384636578432243,0.1307957001983661
74,4,16,17,0.14166666666666666,1.0,9,0.10707149139142016,0.10165808091524171
74,4,16,17,0.14166666666666666,1.0,11,0.08728045706833992,0.08314072081062755
74,4,16,17,0.14166666666666666,1.0,13,0.07366336988580019,0.0703312234061871
74,4,16,17,0.14166666666666666,1.0,15,0.06372132661810209,0.060942516463095384
74,4,16,17,0.14166666666666666,1.0,17,0.05614358437240845,0.053765564703801345
74,4,16,17,0.14166666666666666,1.0,19,0.050176450296340595,0.04810109322874783
75,4,16,17,0.14166666666666666,0.1,1,0.015059858628778703,0.014211113496784692
75,4,16,17,0.14166666666666666,0.1,3,0.005012386778337365,0.004728731756732082
75,4,16,17,0.14166666666666666,0.1,5,0.0030068809188068786,0.0028366543434738744
75,4,16,17,0.14166666666666666,0.1,7,0.0021476293018237594,0.002026032880743085
75,4,16,17,0.14166666666666666,0.1,9,0.0016703218780475297,0.0015757451596056416
75,4,16,17,0.14166666666666666,0.1,11,0.0013665991813907497,0.001289217599668464
75,4,16,17,0.14166666666666666,0.1,13,0.0011563374758771171,0.0010908604872489926
75,4,16,17,0.14166666666666666,0.1,15,0.0010021494581639798,0.0009454026126805409
75,4,16,17,0.14166666666666666,0.1,17,0.0008842431245338685,0.000834172319832928
75,4,16,17,0.14166666666666666,0.1,19,0.0007911604582443176,0.0007463602360777815
75,4,16,17,0.14166666666666666,0.5,1,0.3447012421836882,0.32790468860218286
75,4,16,17,0.14166666666666666,0.5,3,0.11190049624337534,0.10583479258499909
75,4,16,17,0.14166666666666666,0.5,5,0.06697621918653535,0.06329834913514296
75,4,16,17,0.14166666666666666,0.5,7,0.047803231856672075,0.04516643046639077
75,4,16,17,0.14166666666666666,0.5,9,0.037166999985125425,0.03511237819484756
75,4,16,17,0.14166666666666666,0.5,11,0.03040325209505146,0.028720369195019354
75,4,16,17,0.14166666666666666,0.5,13,0.02572256012808083,0.024297565039713215
75,4,16,17,0.14166666666666666,0.5,15,0.022290948442524477,0.021055330827126465
75,4,16,17,0.14166666666666666,0.5,17,0.019667247638409796,0.01857658972735165
75,4,16,17,0.14166666666666666,0.5,19,0.01759617648886247,0.016620044037380505
75,4,16,17,0.14166666666666666,1.0,1,1.0540707324309435,1.0245699389816205
75,4,16,17,0.14166666666666666,1.0,3,0.3253728601680314,0.3081819241927917
75,4,16,17,0.14166666666666666,1.0,5,0.19374101855707443,0.18270446821789754
75,4,16,17,0.14166666666666666,1.0,7,0.13804544630373178,0.13000268953094554
75,4,16,17,0.14166666666666666,1.0,9,0.10724394560358874,0.10093172036680528
75,4,16,17,0.14166666666666666,1.0,11,0.08768696184949348,0.08249644844020862
75,4,16,17,0.14166666666666666,1.0,13,0.07416527523809012,0.06975943539035155
75,4,16,17,0.14166666666666666,1.0,15,0.06425781444086587,0.06043119973282293
75,4,16,17,0.14166666666666666,1.0,17,0.056686014048684306,0.05330433678685339
75,4,16,17,0.14166666666666666,1.0,19,0.05071087606279312,0.04768161355985194
76,4,16,17,0.14166666666666666,0.1,1,0.014601564442495324,0.014977560679261752
76,4,16,17,0.14166666666666666,0.1,3,0.004861871634756156,0.004983059871063062
76,4,16,17,0.14166666666666666,0.1,5,0.002916841022616021,0.0029890728706202306
76,4,16,17,0.14166666666666666,0.1,7,0.0020833977694887608,0.0021348455507421917
76,4,16,17,0.14166666666666666,0.1,9,0.001620399818734303,0.0016603516646961972
76,4,16,17,0.14166666666666666,0.1,11,0.001325772524537452,0.0013584275947015631
76,4,16,17,0.14166666666666666,0.1,13,0.0011218027870951433,0.001149414801634733
76,4,16,17,0.14166666666666666,0.1,15,0.0009722263549007775,0.000996144573530283
76,4,16,17,0.14166666666666666,0.1,17,0.0008578450853129289,0.0008789411720054513
76,4,16,17,0.14166666666666666,0.1,19,0.0007675444806112783,0.0007864141196155587
76,4,16,17,0.14166666666666666,0.5,1,0.3385793409195912,0.3487283084324747
76,4,16,17,0.14166666666666666,0.5,3,0.11019733755761318,0.11318269608281861
76,4,16,17,0.14166666666666666,0.5,5,0.06597083863454586,0.06773372598230863
76,4,16,17,0.14166666666666666,0.5,7,0.04708885466620759,0.048339056877018935
76,4,16,17,0.14166666666666666,0.5,9,0.03661277276193913,0.03758112768948955
76,4,16,17,0.14166666666666666,0.5,11,0.029950461807157172,0.03074060696645619
76,4,16,17,0.14166666666666666,0.5,13,0.025339799937298287,0.02600710649186586
76,4,16,17,0.14166666666666666,0.5,15,0.021959449024165457,0.02253695916567365
76,4,16,17,0.14166666666666666,0.5,17,0.019374896319691623,0.01988390403762658
76,4,16,17,0.14166666666666666,0.5,19,0.017334701346427218,0.01778973072742214
76,4,16,17,0.14166666666666666,1.0,1,1.0649637961366045,1.1074773843523953
76,4,16,17,0.14166666666666666,1.0,3,0.3350313807365728,0.3518943627442683
76,4,16,17,0.14166666666666666,1.0,5,0.19962948733120287,0.21022574564083515
76,4,16,17,0.14166666666666666,1.0,7,0.1422084537868132,0.14988626479528502
76,4,16,17,0.14166666666666666,1.0,9,0.11044861801256557,0.11645905321532332
76,4,16,17,0.14166666666666666,1.0,11,0.09028724069923443,0.09522249331080669
76,4,16,17,0.14166666666666666,1.0,13,0.07635108773636552,0.08053639545872633
76,4,16,17,0.14166666666666666,1.0,15,0.0661422582000652,0.0697750007401704
76,4,16,17,0.14166666666666666,1.0,17,0.05834167927753032,0.06155050834335836
76,4,16,17,0.14166666666666666,1.0,19,0.052187052293862744,0.055060435517393765
77,4,16,17,0.14166666666666666,0.1,1,0.01244417240711384,0.012830505844186303
77,4,16,17,0.14166666666666666,0.1,3,0.0041431873594308605,0.004273923170209154
77,4,16,17,0.14166666666666666,0.1,5,0.0024856750839220673,0.002564213995842597
77,4,16,17,0.14166666666666666,0.1,7,0.0017754354204160916,0.0018315538905942913
77,4,16,17,0.14166666666666666,0.1,9,0.0013808792344348591,0.0014245331014569858
77,4,16,17,0.14166666666666666,0.1,11,0.0011298040765696665,0.0011655234327620154
77,4,16,17,0.14166666666666666,0.1,13,0.0009559850441205978,0.0009862103589675629
77,4,16,17,0.14166666666666666,0.1,15,0.0008285187289558749,0.0008547146784857503
77,4,16,17,0.14166666666666666,0.1,17,0.0007310449686380335,0.0007541594408153226
77,4,16,17,0.14166666666666666,0.1,19,0.0006540922589393709,0.0006747738791529335
77,4,16,17,0.14166666666666666,0.5,1,0.29026946455639707,0.29903719939132595
77,4,16,17,0.14166666666666666,0.5,3,0.09418693264427773,0.09807294860394063
77,4,16,17,0.14166666666666666,0.5,5,0.05636669430362962,0.05875738779964534
77,4,16,17,0.14166666666666666,0.5,7,0.04022943621298226,0.04195217332165649
77,4,16,17,0.14166666666666666,0.5,9,0.031278063365963116,0.032623859260776385
77,4,16,17,0.14166666666666666,0.5,11,0.025585981016323842,0.02668991734811172
77,4,16,17,0.14166666666666666,0.5,13,0.021646995930414272,0.0225826395963561
77,4,16,17,0.14166666666666666,0.5,15,0.0187591940584635,0.019571002242908673
77,4,16,17,0.14166666666666666,0.5,17,0.016551285186590364,0.017268166259237168
77,4,16,17,0.14166666666666666,0.5,19,0.01480843100976397,0.015450235360842533
77,4,16,17,0.14166666666666666,1.0,1,0.9364323103649621,0.976479679727568
77,4,16,17,0.14166666666666666,1.0,3,0.2846922230605296,0.3180946735354028
77,4,16,17,0.14166666666666666,1.0,5,0.16951168773048422,0.19021981418249642
77,4,16,17,0.14166666666666666,1.0,7,0.1208244040715992,0.13572511902363016
77,4,16,17,0.14166666666666666,1.0,9,0.09389291963497322,0.10551434052859367
77,4,16,17,0.14166666666666666,1.0,11,0.07678769946731104,0.08630876155384212
77,4,16,17,0.14166666666666666,1.0,13,0.06495777344130406,0.073020032316513
77,4,16,17,0.14166666666666666,1.0,15,0.05628780293787075,0.06327828639643832
77,4,16,17,0.14166666666666666,1.0,17,0.049660440881950985,0.055830375022080866
77,4,16,17,0.14166666666666666,1.0,19,0.04442972163401769,0.0499513466739869
78,4,16,17,0.14166666666666666,0.1,1,0.01620296777757486,0.015445591610846921
78,4,16,17,0.14166666666666666,0.1,3,0.005395729414050464,0.005142174932383387
78,4,16,17,0.14166666666666666,0.1,5,0.00323711972412949,0.0030848800852897786
78,4,16,17,0.14166666666666666,0.1,7,0.002312153642882724,0.0022033804237812475
78,4,16,17,0.14166666666666666,0.1,9,0.0017983139775157543,0.001713699798735734
78,4,16,17,0.14166666666666666,0.1,11,0.0014713347364554345,0.001402098434451487
78,4,16,17,0.14166666666666666,0.1,13,0.001244968426386913,0.0011863800978734074
78,4,16,17,0.14166666666666666,0.1,15,0.0010789683511113412,0.0010281894310971136
78,4,16,17,0.14166666666666666,0.1,17,0.0009520281275749767,0.0009072216122986268
78,4,16,17,0.14166666666666666,0.1,19,0.0008518127496749896,0.0008117215962897214
78,4,16,17,0.14166666666666666,0.5,1,0.37064799365994305,0.35400269956051894
78,4,16,17,0.14166666666666666,0.5,3,0.12130747815788862,0.11551883131669552
78,4,16,17,0.14166666666666666,0.5,5,0.07268565746488201,0.06917253975075496
78,4,16,17,0.14166666666666666,0.5,7,0.05189838073373086,0.04937711624609804
78,4,16,17,0.14166666666666666,0.5,9,0.040358811950874984,0.038392808228578386
78,4,16,17,0.14166666666666666,0.5,11,0.033018021586602275,0.03140690335790106
78,4,16,17,0.14166666666666666,0.5,13,0.027936905006427686,0.02657216457459888
78,4,16,17,0.14166666666666666,0.5,15,0.024211186212857286,0.023027475402557247
78,4,16,17,0.14166666666666666,0.5,17,0.021362325602022583,0.020317248222419166
78,4,16,17,0.14166666666666666,0.5,19,0.019113345479043954,0.018177836262650512
78,4,16,17,0.14166666666666666,1.0,1,1.1315801999669006,1.0912239024744244
78,4,16,17,0.14166666666666666,1.0,3,0.3679506210290754,0.3532434021055652
78,4,16,17,0.14166666666666666,1.0,5,0.22054609534728414,0.211009798588409
78,4,16,17,0.14166666666666666,1.0,7,0.1574882978381212,0.1504691966446783
78,4,16,17,0.14166666666666666,1.0,9,0.12247626100857076,0.11693086058838859
78,4,16,17,0.14166666666666666,1.0,11,0.10020162104869575,0.09562091062812013
78,4,16,17,0.14166666666666666,1.0,13,0.08478287065204072,0.0808818917907329
78,4,16,17,0.14166666666666666,1.0,15,0.07347674607013271,0.07008026204627206
78,4,16,17,0.14166666666666666,1.0,17,0.064831367638086,0.06182404924863227
78,4,16,17,0.14166666666666666,1.0,19,0.05800633320465144,0.05530828615502486
79,4,16,17,0.14166666666666666,0.1,1,0.013915671531943848,0.01370140275242191
79,4,16,17,0.14166666666666666,0.1,3,0.004621217891248865,0.004560467966069492
79,4,16,17,0.14166666666666666,0.1,5,0.002770807657120605,0.002735965564419553
79,4,16,17,0.14166666666666666,0.1,7,0.0019785708667866115,0.0019541982453510375
79,4,16,17,0.14166666666666666,0.1,9,0.0015386411867223714,0.0015199114978607577
79,4,16,17,0.14166666666666666,0.1,11,0.0012587601865991659,0.0012435553198142674
79,4,16,17,0.14166666666666666,0.1,13,0.001065030021029446,0.0010522348375911527
79,4,16,17,0.14166666666666666,0.1,15,0.000922978627629942,0.0009119344893723492
79,4,16,17,0.14166666666666666,0.1,17,0.0008143609900894572,0.0008046466557100182
79,4,16,17,0.14166666666666666,0.1,19,0.0007286162682988121,0.0007199460986931378
79,4,16,17,0.14166666666666666,0.5,1,0.33344420525444063,0.3194322109549639
79,4,16,17,0.14166666666666666,0.5,3,0.10845846178030064,0.10438327835688627
79,4,16,17,0.14166666666666666,0.5,5,0.06484711493154477,0.06252360277640831
79,4,16,17,0.14166666666666666,0.5,7,0.0462551955483875,0.04463280523926089
79,4,16,17,0.14166666666666666,0.5,9,0.035949613124297244,0.03470385779616444
79,4,16,17,0.14166666666666666,0.5,11,0.029399765197418597,0.028388901313786293
79,4,16,17,0.14166666666666666,0.5,13,0.024868906288906815,0.024018479138661338
79,4,16,17,0.14166666666666666,0.5,15,0.021548137871011012,0.020814229970906345
79,4,16,17,0.14166666666666666,0.5,17,0.01900977432557459,0.018364321330551457
79,4,16,17,0.14166666666666666,0.5,19,0.017006437454065063,0.01643042028451061
79,4,16,17,0.14166666666666666,1.0,1,1.1004642166532146,1.027739826487231
79,4,16,17,0.14166666666666666,1.0,3,0.3534693535936543,0.350462779653815
79,4,16,17,0.14166666666666666,1.0,5,0.2115415909236988,0.21060737212136033
79,4,16,17,0.14166666666666666,1.0,7,0.15097639843985577,0.15044850527440815
79,4,16,17,0.14166666666666666,1.0,9,0.11737832404147125,0.11700434666797829
79,4,16,17,0.14166666666666666,1.0,11,0.09601352987618744,0.09571972433695616
79,4,16,17,0.14166666666666666,1.0,13,0.08122913035135224,0.08098507747141968
79,4,16,17,0.14166666666666666,1.0,15,0.07039049201673922,0.07018073171511482
79,4,16,17,0.14166666666666666,1.0,17,0.06210391009041901,0.06191944327311509
79,4,16,17,0.14166666666666666,1.0,19,0.05556293637917535,0.05539801523082682
80,4,16,17,0.14166666666666666,0.1,1,0.012936921403458618,0.013290420050068424
80,4,16,17,0.14166666666666666,0.1,3,0.004307877827327983,0.00442450321930696
80,4,16,17,0.14166666666666666,0.1,5,0.0025844585677346995,0.0026541763615930154
80,4,16,17,0.14166666666666666,0.1,7,0.0018459791225282091,0.0018956899981894162
80,4,16,17,0.14166666666666666,0.1,9,0.0014357383583147331,0.0014743627523408722
80,4,16,17,0.14166666666666666,0.1,11,0.0011746841440325143,0.0012062647430215883
80,4,16,17,0.14166666666666666,0.1,13,0.0009939575955275062,0.0010206670221098602
80,4,16,17,0.14166666666666666,0.1,15,0.0008614263669976885,0.0008845664206477898
80,4,16,17,0.14166666666666666,0.1,17,0.0007600797984234537,0.0007804919680383712
80,4,16,17,0.14166666666666666,0.1,19,0.0006800698382579688,0.0006983294292533304
80,4,16,17,0.14166666666666666,0.5,1,0.30441043379528293,0.31366472920691246
80,4,16,17,0.14166666666666666,0.5,3,0.09938758206936128,0.10292961041711765
80,4,16,17,0.14166666666666666,0.5,5,0.059515595966869686,0.06166711294649559
80,4,16,17,0.14166666666666666,0.5,7,0.042484898470582,0.04402646978801694
80,4,16,17,0.14166666666666666,0.5,9,0.033034407393977,0.03423472967897796
80,4,16,17,0.14166666666666666,0.5,11,0.027023847265205906,0.028006380083363782
80,4,16,17,0.14166666666666666,0.5,13,0.022864039426339453,0.023695583010150796
80,4,16,17,0.14166666666666666,0.5,15,0.019814146780426232,0.0205348822295591
80,4,16,17,0.14166666666666666,0.5,17,0.01748220911433085,0.018118173338161722
80,4,16,17,0.14166666666666666,0.5,19,0.015641396534755717,0.016210419801887997
80,4,16,17,0.14166666666666666,1.0,1,1.0043348928382214,1.0358076493845947
80,4,16,17,0.14166666666666666,1.0,3,0.3162533149565221,0.32947948265618066
80,4,16,17,0.14166666666666666,1.0,5,0.18871910589814722,0.19724380241503545
80,4,16,17,0.14166666666666666,1.0,7,0.13455392668956911,0.14077615791726114
80,4,16,17,0.14166666666666666,1.0,9,0.10456085725833922,0.10945041851938093
80,4,16,17,0.14166666666666666,1.0,11,0.08550597675357295,0.08953060680120652
80,4,16,17,0.14166666666666666,1.0,13,0.07232715568761569,0.0757460256770887
80,4,16,17,0.14166666666666666,1.0,15,0.06266897254530243,0.06564022792637687
80,4,16,17,0.14166666666666666,1.0,17,0.0552866923414631,0.057913806051928834
80,4,16,17,0.14166666666666666,1.0,19,0.04946055884233389,0.051814888613703675
81,4,16,17,0.14166666666666666,0.1,1,0.014384127692782864,0.015195448105075698
81,4,16,17,0.14166666666666666,0.1,3,0.004784454198893108,0.005055209001574057
81,4,16,17,0.14166666666666666,0.1,5,0.0028700228226147856,0.0030325226247218126
81,4,16,17,0.14166666666666666,0.1,7,0.002049859619815015,0.0021659461571766647
81,4,16,17,0.14166666666666666,0.1,9,0.0015942760627157143,0.001684572370372735
81,4,16,17,0.14166666666666666,0.1,11,0.0013043794531997599,0.0013782618387218042
81,4,16,17,0.14166666666666666,0.1,13,0.0011036901487037998,0.0011662081385086277
81,4,16,17,0.14166666666666666,0.1,15,0.0009565220334921696,0.0010107056524667265
81,4,16,17,0.14166666666666666,0.1,17,0.0008439838939804409,0.0008917938932932854
81,4,16,17,0.14166666666666666,0.1,19,0.0007551392740813272,0.0007979172973294785
81,4,16,17,0.14166666666666666,0.5,1,0.329103028594562,0.34848039492331523
81,4,16,17,0.14166666666666666,0.5,3,0.10480098707316889,0.11133848173118627
81,4,16,17,0.14166666666666666,0.5,5,0.06264484709526125,0.0665519518903702
81,4,16,17,0.14166666666666666,0.5,7,0.04469825839072515,0.04748421501042031
81,4,16,17,0.14166666666666666,0.5,9,0.03474933655548758,0.036914158710144966
81,4,16,17,0.14166666666666666,0.5,11,0.028424406525192847,0.030194593820494674
81,4,16,17,0.14166666666666666,0.5,13,0.024047953864252868,0.025545213864312022
81,4,16,17,0.14166666666666666,0.5,15,0.020839606867749848,0.022136863316613607
81,4,16,17,0.14166666666666666,0.5,17,0.018386696474038598,0.019531089186637658
81,4,16,17,0.14166666666666666,0.5,19,0.01645048169111393,0.017474240775439995
81,4,16,17,0.14166666666666666,1.0,1,0.99711016262685,1.0675133099087446
81,4,16,17,0.14166666666666666,1.0,3,0.31811993336922334,0.3193439101765985
81,4,16,17,0.14166666666666666,1.0,5,0.19125485569086642,0.18964257588231223
81,4,16,17,0.14166666666666666,1.0,7,0.1366733326515891,0.13498955451733674
81,4,16,17,0.14166666666666666,1.0,9,0.10631613465313908,0.10481560014732907
81,4,16,17,0.14166666666666666,1.0,11,0.08698963373971351,0.0856746066305634
81,4,16,17,0.14166666666666666,1.0,13,0.07360724577169533,0.07244809668247008
81,4,16,17,0.14166666666666666,1.0,15,0.0637926486881161,0.06276068427669054
81,4,16,17,0.14166666666666666,1.0,17,0.056287075717169205,0.05535913813441419
81,4,16,17,0.14166666666666666,1.0,19,0.05036153292170948,0.049519593267074606
82,4,16,17,0.14166666666666666,0.1,1,0.015727074448584268,0.016180514302775045
82,4,16,17,0.14166666666666666,0.1,3,0.005232518300389819,0.00538285097795491
82,4,16,17,0.14166666666666666,0.1,5,0.003138704894271164,0.003228655783240062
82,4,16,17,0.14166666666666666,0.1,7,0.002241712707065038,0.0023058758921801355
82,4,16,17,0.14166666666666666,0.1,9,0.0017434650765292192,0.0017933296894948989
82,4,16,17,0.14166666666666666,0.1,11,0.0014264266420525877,0.0014672033876135659
82,4,16,17,0.14166666666666666,0.1,13,0.0012069508050427554,0.0012414412954626095
82,4,16,17,0.14166666666666666,0.1,15,0.001046008063852236,0.0010758914948061575
82,4,16,17,0.14166666666666666,0.1,17,0.0009229376656317412,0.0009492997181484146
82,4,16,17,0.14166666666666666,0.1,19,0.0008257789074279253,0.0008493619604767452
82,4,16,17,0.14166666666666666,0.5,1,0.3604623708888995,0.37456521650800045
82,4,16,17,0.14166666666666666,0.5,3,0.11683477068379078,0.12241848641436567
82,4,16,17,0.14166666666666666,0.5,5,0.06989634511863825,0.0732835016406491
82,4,16,17,0.14166666666666666,0.5,7,0.04987626420273452,0.0523020179872352
82,4,16,17,0.14166666666666666,0.5,9,0.03877376781140544,0.040662183581518574
82,4,16,17,0.14166666666666666,0.5,11,0.03171494966264331,0.03326059300979067
82,4,16,17,0.14166666666666666,0.5,13,0.026830734266787223,0.028138799233205673
82,4,16,17,0.14166666666666666,0.5,15,0.023250267497450915,0.02438400252112816
82,4,16,17,0.14166666666666666,0.5,17,0.02051296299518976,0.021513341842503
82,4,16,17,0.14166666666666666,0.5,19,0.018352343866162336,0.01924742112035787
82,4,16,17,0.14166666666666666,1.0,1,1.098199054563632,1.1630536902981363
82,4,16,17,0.14166666666666666,1.0,3,0.3417453935463782,0.3754866037069325
82,4,16,17,0.14166666666666666,1.0,5,0.2035046345805409,0.22482936622446867
82,4,16,17,0.14166666666666666,1.0,7,0.14495648694739702,0.16047827394277386
82,4,16,17,0.14166666666666666,1.0,9,0.11258263890488068,0.12477058236514148
82,4,16,17,0.14166666666666666,1.0,11,0.09203308679091864,0.1020619504024941
82,4,16,17,0.14166666666666666,1.0,13,0.07782883514110142,0.0863468549760509
82,4,16,17,0.14166666666666666,1.0,15,0.06742354943869594,0.0748256179143486
82,4,16,17,0.14166666666666666,1.0,17,0.05947275075743514,0.06601703501019057
82,4,16,17,0.14166666666666666,1.0,19,0.05319950236715535,0.05906396345573949
83,4,16,17,0.14166666666666666,0.1,1,0.013964577780477603,0.012362965950963433
83,4,16,17,0.14166666666666666,0.1,3,0.0046472182651018604,0.004114235221501993
83,4,16,17,0.14166666666666666,0.1,5,0.0027876664780231483,0.002468161674839352
83,4,16,17,0.14166666666666666,0.1,7,0.0019910051553125706,0.0017628885217909297
83,4,16,17,0.14166666666666666,0.1,9,0.0015484832128572395,0.0013711056722117852
83,4,16,17,0.14166666666666666,0.1,11,0.0012669021710557911,0.0011218001741354622
83,4,16,17,0.14166666666666666,0.1,13,0.00107197193905127,0.0009492083548194277
83,4,16,17,0.14166666666666666,0.1,15,0.00092902842758973,0.0008226430244244806
83,4,16,17,0.14166666666666666,0.1,17,0.0008197216707848732,0.0007258588210945208
83,4,16,17,0.14166666666666666,0.1,19,0.0007334286669120893,0.0006494508379771477
83,4,16,17,0.14166666666666666,0.5,1,0.3267850847852319,0.2942353492986754
83,4,16,17,0.14166666666666666,0.5,3,0.10634521621260205,0.09466956855061964
83,4,16,17,0.14166666666666666,0.5,5,0.06365543811981891,0.056572116466977435
83,4,16,17,0.14166666666666666,0.5,7,0.04543276848042217,0.04035472876822852
83,4,16,17,0.14166666666666666,0.5,9,0.03532349431516966,0.031367167910289505
83,4,16,17,0.14166666666666666,0.5,11,0.028894881158072497,0.02565478961949151
83,4,16,17,0.14166666666666666,0.5,13,0.024446160945555784,0.021702895769743758
83,4,16,17,0.14166666666666666,0.5,15,0.021184655577591978,0.01880618716050901
83,4,16,17,0.14166666666666666,0.5,17,0.01869103952110586,0.01659177420762234
83,4,16,17,0.14166666666666666,0.5,19,0.0167226722609789,0.01484396830600589
83,4,16,17,0.14166666666666666,1.0,1,1.0524491876825917,1.0078261296281532
83,4,16,17,0.14166666666666666,1.0,3,0.32045132060734705,0.3084772903055233
83,4,16,17,0.14166666666666666,1.0,5,0.1909037657961181,0.18195086772593944
83,4,16,17,0.14166666666666666,1.0,7,0.13610333002616734,0.1291159543467032
83,4,16,17,0.14166666666666666,1.0,9,0.10577787455690675,0.10008247693725994
83,4,16,17,0.14166666666666666,1.0,11,0.08651273507322953,0.08171646818095217
83,4,16,17,0.14166666666666666,1.0,13,0.07318736896260776,0.06904894598851263
83,4,16,17,0.14166666666666666,1.0,15,0.06342080143370926,0.05978311332098758
83,4,16,17,0.14166666666666666,1.0,17,0.05595464042048138,0.05271058674107861
83,4,16,17,0.14166666666666666,1.0,19,0.05006159715791495,0.047134843827756366
84,4,16,17,0.14166666666666666,0.1,1,0.011894763133875916,0.012058389648422794
84,4,16,17,0.14166666666666666,0.1,3,0.003956115756096791,0.004010000989735346
84,4,16,17,0.14166666666666666,0.1,5,0.0023731902860760403,0.0024055387453286443
84,4,16,17,0.14166666666666666,0.1,7,0.0016950394266827848,0.0017181509161274464
84,4,16,17,0.14166666666666666,0.1,9,0.001318332871630018,0.001336310445028926
84,4,16,17,0.14166666666666666,0.1,11,0.0010786230482669836,0.0010933328312724146
84,4,16,17,0.14166666666666666,0.1,13,0.0009126747324776522,0.0009251219015172034
84,4,16,17,0.14166666666666666,0.1,15,0.0007909813340026922,0.0008017691178023778
84,4,16,17,0.14166666666666666,0.1,17,0.0006979226798851118,0.0007074414540047877
84,4,16,17,0.14166666666666666,0.1,19,0.0006244558625682602,0.0006329727497539244
84,4,16,17,0.14166666666666666,0.5,1,0.2824754310513621,0.2882995113329526
84,4,16,17,0.14166666666666666,0.5,3,0.09048137567788464,0.09171799423325422
84,4,16,17,0.14166666666666666,0.5,5,0.05410627422011315,0.05477252628751645
84,4,16,17,0.14166666666666666,0.5,7,0.038610413227703484,0.039069070880679665
84,4,16,17,0.14166666666666666,0.5,9,0.030018298517857287,0.030369267035450894
84,4,16,17,0.14166666666666666,0.5,11,0.024555394491335255,0.02484012124151068
84,4,16,17,0.14166666666666666,0.5,13,0.020775176673141885,0.021014907429940638
84,4,16,17,0.14166666666666666,0.5,15,0.01800380704657654,0.01821092279741503
84,4,16,17,0.14166666666666666,0.5,17,0.01588491597045413,0.016067280346596293
84,4,16,17,0.14166666666666666,0.5,19,0.01421231902441189,0.014375245335496821
84,4,16,17,0.14166666666666666,1.0,1,0.9441737030334992,0.9664273112395014
84,4,16,17,0.14166666666666666,1.0,3,0.2896913031962667,0.2923680668044003
84,4,16,17,0.14166666666666666,1.0,5,0.17358344461266914,0.17442867068936863
84,4,16,17,0.14166666666666666,1.0,7,0.12395291597458215,0.12441025437713106
84,4,16,17,0.14166666666666666,1.0,9,0.09639747840834406,0.09670679865291976
84,4,16,17,0.14166666666666666,1.0,11,0.07886654716778789,0.07910050931397657
84,4,16,17,0.14166666666666666,1.0,13,0.06673127140728614,0.06691996049139996
84,4,16,17,0.14166666666666666,1.0,15,0.057832716107333704,0.057991209534167164
84,4,16,17,0.14166666666666666,1.0,17,0.0510282517374513,0.051165131740201875
84,4,16,17,0.14166666666666666,1.0,19,0.04565647294327474,0.04577708440959758
85,4,16,17,0.14166666666666666,0.1,1,0.014273647674553545,0.014367310027381532
85,4,16,17,0.14166666666666666,0.1,3,0.004750409101180798,0.004777736186667732
85,4,16,17,0.14166666666666666,0.1,5,0.0028496103809078836,0.0028658655641658286
85,4,16,17,0.14166666666666666,0.1,7,0.0020352605560475315,0.0020468517354278078
85,4,16,17,0.14166666666666666,0.1,9,0.0015829084529154372,0.0015919200425527765
85,4,16,17,0.14166666666666666,0.1,11,0.0012950706019765593,0.001302443192011036
85,4,16,17,0.14166666666666666,0.1,13,0.0010958081463896291,0.0011020467347422937
85,4,16,17,0.14166666666666666,0.1,15,0.0009496873603591694,0.0009550945402154551
85,4,16,17,0.14166666666666666,0.1,17,0.0008379507433235819,0.0008427221817926587
85,4,16,17,0.14166666666666666,0.1,19,0.0007497393176543188,0.0007540088487750003
85,4,16,17,0.14166666666666666,0.5,1,0.3318924207630848,0.3320412246781103
85,4,16,17,0.14166666666666666,0.5,3,0.10827360182103674,0.10580371980131009
85,4,16,17,0.14166666666666666,0.5,5,0.06481999143404649,0.06325012646039091
85,4,16,17,0.14166666666666666,0.5,7,0.046265820281554786,0.04513392605811987
85,4,16,17,0.14166666666666666,0.5,9,0.035971765339037544,0.03508998037444629
85,4,16,17,0.14166666666666666,0.5,11,0.029425409414229733,0.02870413278903218
85,4,16,17,0.14166666666666666,0.5,13,0.024895122923547845,0.024285268140379023
85,4,16,17,0.14166666666666666,0.5,15,0.021573781390369695,0.021045685100564634
85,4,16,17,0.14166666666666666,0.5,17,0.019034398787797897,0.018568808354941495
85,4,16,17,0.14166666666666666,0.5,19,0.01702989534557191,0.016613622408010977
85,4,16,17,0.14166666666666666,1.0,1,1.057363662822428,1.0375384400486831
85,4,16,17,0.14166666666666666,1.0,3,0.33053587738302953,0.31837721478300596
85,4,16,17,0.14166666666666666,1.0,5,0.1968500708405944,0.19068778367235853
85,4,16,17,0.14166666666666666,1.0,7,0.1402770196108942,0.1361312743515091
85,4,16,17,0.14166666666666666,1.0,9,0.10898603058469968,0.10585346188498544
85,4,16,17,0.14166666666666666,1.0,11,0.08911618679986558,0.08659540164394113
85,4,16,17,0.14166666666666666,1.0,13,0.075377103405507,0.07326671910372644
85,4,16,17,0.14166666666666666,1.0,15,0.06530973851152645,0.06349413336392046
85,4,16,17,0.14166666666666666,1.0,17,0.05761535855834468,0.056021910285089495
85,4,16,17,0.14166666666666666,1.0,19,0.051543251555755544,0.050123315905304305
86,4,16,17,0.14166666666666666,0.1,1,0.013865524272969445,0.014632196444945945
86,4,16,17,0.14166666666666666,0.1,3,0.004615467666004434,0.004874325375237139
86,4,16,17,0.14166666666666666,0.1,5,0.002768751652619269,0.002924420874388523
86,4,16,17,0.14166666666666666,0.1,7,0.001977535166455209,0.002088832790439232
86,4,16,17,0.14166666666666666,0.1,9,0.0015380239369553895,0.001624633603088816
86,4,16,17,0.14166666666666666,0.1,11,0.001258353585477995,0.0013292391866232512
86,4,16,17,0.14166666666666666,0.1,13,0.0010647437776582377,0.001124737382415987
86,4,16,17,0.14166666666666666,0.1,15,0.0009227673547013476,0.0009747703442621277
86,4,16,17,0.14166666666666666,0.1,17,0.000814199440313732,0.0008600901700595495
86,4,16,17,0.14166666666666666,0.1,19,0.0007284893080703801,0.0007695534786406205
86,4,16,17,0.14166666666666666,0.5,1,0.32463909647658146,0.34102951276627075
86,4,16,17,0.14166666666666666,0.5,3,0.10609954263108473,0.11233621094686237
86,4,16,17,0.14166666666666666,0.5,5,0.06352003823857733,0.06733375540819324
86,4,16,17,0.14166666666666666,0.5,7,0.04533694022970964,0.04808139378259581
86,4,16,17,0.14166666666666666,0.5,9,0.035248827572088165,0.03739186695931731
86,4,16,17,0.14166666666666666,0.5,11,0.02883357107351974,0.030591268056859043
86,4,16,17,0.14166666666666666,0.5,13,0.024394099049278868,0.025883859010717963
86,4,16,17,0.14166666666666666,0.5,15,0.02113939368873838,0.0224320747723815
86,4,16,17,0.14166666666666666,0.5,17,0.018650994879389746,0.019792635883719496
86,4,16,17,0.14166666666666666,0.5,19,0.016686760216785872,0.017708957786673443
86,4,16,17,0.14166666666666666,1.0,1,1.056958101111314,1.0963280258767234
86,4,16,17,0.14166666666666666,1.0,3,0.3377561054148267,0.35778224997855956
86,4,16,17,0.14166666666666666,1.0,5,0.2014664355032309,0.21419022902206866
86,4,16,17,0.14166666666666666,1.0,7,0.14358077882560372,0.15288857057573077
86,4,16,17,0.14166666666666666,1.0,9,0.11154211013804438,0.11887630779999926
86,4,16,17,0.14166666666666666,1.0,11,0.09119558738518238,0.09724554718006129
86,4,16,17,0.14166666666666666,1.0,13,0.07712772750629998,0.0822757043809476
86,4,16,17,0.14166666666666666,1.0,15,0.06682046906054805,0.07130029802416783
86,4,16,17,0.14166666666666666,1.0,17,0.058943564358300615,0.06290864284400396
86,4,16,17,0.14166666666666666,1.0,19,0.05272803147197079,0.05628439794522974
87,4,16,17,0.14166666666666666,0.1,1,0.012536212191803184,0.012627561738568351
87,4,16,17,0.14166666666666666,0.1,3,0.004175839089941762,0.004206691881374064
87,4,16,17,0.14166666666666666,0.1,5,0.002505363993582924,0.002523895737688911
87,4,16,17,0.14166666666666666,0.1,7,0.0017895182585001555,0.0018027591816179667
87,4,16,17,0.14166666666666666,0.1,9,0.001391838747373248,0.0014021385129216425
87,4,16,17,0.14166666666666666,0.1,11,0.0011387735175785682,0.0011472011246171706
87,4,16,17,0.14166666666666666,0.1,13,0.0009635758206218436,0.000970707128852601
87,4,16,17,0.14166666666666666,0.1,15,0.0008350980814479422,0.0008412786878654548
87,4,16,17,0.14166666666666666,0.1,17,0.0007368506804081039,0.0007423042388015297
87,4,16,17,0.14166666666666666,0.1,19,0.0006592870945899516,0.0006641666457340798
87,4,16,17,0.14166666666666666,0.5,1,0.29765473011212834,0.29619933783664604
87,4,16,17,0.14166666666666666,0.5,3,0.0977227813286079,0.09738887673739684
87,4,16,17,0.14166666666666666,0.5,5,0.05855642279395112,0.05837408986219211
87,4,16,17,0.14166666666666666,0.5,7,0.04181071089435115,0.04168422002954567
87,4,16,17,0.14166666666666666,0.5,9,0.03251453279880665,0.032417370122974874
87,4,16,17,0.14166666666666666,0.5,11,0.026600764586745623,0.026521776365255843
87,4,16,17,0.14166666666666666,0.5,13,0.02250734844016659,0.022440760656560754
87,4,16,17,0.14166666666666666,0.5,15,0.019505829729617796,0.01944825568765453
87,4,16,17,0.14166666666666666,0.5,17,0.017210708379154158,0.01715998769426323
87,4,16,17,0.14166666666666666,0.5,19,0.015398855429489945,0.015353523964863265
87,4,16,17,0.14166666666666666,1.0,1,1.00373140843365,0.9731818945652536
87,4,16,17,0.14166666666666666,1.0,3,0.32053612442408147,0.3121010891565971
87,4,16,17,0.14166666666666666,1.0,5,0.1912686013952123,0.1869032294859325
87,4,16,17,0.14166666666666666,1.0,7,0.1364067653473796,0.13343731230078956
87,4,16,17,0.14166666666666666,1.0,9,0.1060251371993308,0.10376429791481777
87,4,16,17,0.14166666666666666,1.0,11,0.08671914295697712,0.08488975897867856
87,4,16,17,0.14166666666666666,1.0,13,0.073363741470849,0.07182577994900387
87,4,16,17,0.14166666666666666,1.0,15,0.06357429004907023,0.06224683347936888
87,4,16,17,0.14166666666666666,1.0,17,0.05609046524210457,0.0549223965684969
87,4,16,17,0.14166666666666666,1.0,19,0.050183383200827124,0.049140289906163544
88,4,16,17,0.14166666666666666,0.1,1,0.017100748897302703,0.016503863219751246
88,4,16,17,0.14166666666666666,0.1,3,0.005683530545162979,0.0054948492364238774
88,4,16,17,0.14166666666666666,0.1,5,0.00340843869760817,0.0032963629769542035
88,4,16,17,0.14166666666666666,0.1,7,0.0024341088753883004,0.0023543938905896964
88,4,16,17,0.14166666666666666,0.1,9,0.0018929888242676068,0.0018311332216422696
88,4,16,17,0.14166666666666666,0.1,11,0.001548702753607099,0.0014981686043746372
88,4,16,17,0.14166666666666666,0.1,13,0.0013103790994524072,0.0012676631703508392
88,4,16,17,0.14166666666666666,0.1,15,0.0011356229340994176,0.0010986301738520599
88,4,16,17,0.14166666666666666,0.1,17,0.0010019940827409566,0.0009693720673141028
88,4,16,17,0.14166666666666666,0.1,19,0.0008965026183654928,0.0008673276534552157
88,4,16,17,0.14166666666666666,0.5,1,0.39593953699116513,0.37570890216740216
88,4,16,17,0.14166666666666666,0.5,3,0.12815234925044142,0.12306378879442914
88,4,16,17,0.14166666666666666,0.5,5,0.07658999929060428,0.07371839171274758
88,4,16,17,0.14166666666666666,0.5,7,0.05462688310362093,0.0526278871807128
88,4,16,17,0.14166666666666666,0.5,9,0.04245535065567645,0.04092233440804893
88,4,16,17,0.14166666666666666,0.5,11,0.03472016994703466,0.033476964161139294
88,4,16,17,0.14166666666666666,0.5,13,0.029369508629786406,0.028323957518946796
88,4,16,17,0.14166666666666666,0.5,15,0.025447924374513622,0.024545797483039693
88,4,16,17,0.14166666666666666,0.5,17,0.022450305280100627,0.02165699859653922
88,4,16,17,0.14166666666666666,0.5,19,0.02008450592178859,0.019376590913491268
88,4,16,17,0.14166666666666666,1.0,1,1.2202783608800871,1.1260252359868008
88,4,16,17,0.14166666666666666,1.0,3,0.3815538559591021,0.3544034304306543
88,4,16,17,0.14166666666666666,1.0,5,0.22642545953864457,0.2118947433431568
88,4,16,17,0.14166666666666666,1.0,7,0.16104434622449143,0.15120270080078926
88,4,16,17,0.14166666666666666,1.0,9,0.12497708538695904,0.1175510139766922
88,4,16,17,0.14166666666666666,1.0,11,0.10211404097156886,0.09615554750244117
88,4,16,17,0.14166666666666666,1.0,13,0.08632445552315998,0.08135068420533638
88,4,16,17,0.14166666666666666,1.0,15,0.07476488333937158,0.07049715552184548
88,4,16,17,0.14166666666666666,1.0,17,0.0659360433218535,0.06219913479915047
88,4,16,17,0.14166666666666666,1.0,19,0.05897240819304946,0.05564904322221949
89,4,16,17,0.14166666666666666,0.1,1,0.015048845194879423,0.015105329200810647
89,4,16,17,0.14166666666666666,0.1,3,0.005010308379500052,0.005026180886619566
89,4,16,17,0.14166666666666666,0.1,5,0.003005697378512342,0.0030148457905157236
89,4,16,17,0.14166666666666666,0.1,7,0.0021467936906626258,0.002153212258070489
89,4,16,17,0.14166666666666666,0.1,9,0.001669674213732207,0.0016746160796638015
89,4,16,17,0.14166666666666666,0.1,11,0.001366069846732218,0.0013700869086933042
89,4,16,17,0.14166666666666666,0.1,13,0.0011558896799839203,0.0011592733110285254
89,4,16,17,0.14166666666666666,0.1,15,0.0010017613285536013,0.0010046839965865038
89,4,16,17,0.14166666666666666,0.1,17,0.0008839005773365478,0.000886472775866425
89,4,16,17,0.14166666666666666,0.1,19,0.0007908538831414028,0.0007931506403752213
89,4,16,17,0.14166666666666666,0.5,1,0.34688867788858063,0.3517251272880114
89,4,16,17,0.14166666666666666,0.5,3,0.11371057918396997,0.11504066178597468
89,4,16,17,0.14166666666666666,0.5,5,0.06813272567627672,0.06887753328060828
89,4,16,17,0.14166666666666666,0.5,7,0.04864534218821992,0.049160964493958126
89,4,16,17,0.14166666666666666,0.5,9,0.0378277321246587,0.03822172244816742
89,4,16,17,0.14166666666666666,0.5,11,0.03094648487200171,0.03126518537464709
89,4,16,17,0.14166666666666666,0.5,13,0.026183619467927747,0.026451154979710817
89,4,16,17,0.14166666666666666,0.5,15,0.02269135900265614,0.02292187030163469
89,4,16,17,0.14166666666666666,0.5,17,0.020021075592884706,0.02022355703881122
89,4,16,17,0.14166666666666666,0.5,19,0.017913111924676973,0.01809363722049472
89,4,16,17,0.14166666666666666,1.0,1,1.082625362355387,1.1038121775945564
89,4,16,17,0.14166666666666666,1.0,3,0.3524852943340967,0.3510150279673851
89,4,16,17,0.14166666666666666,1.0,5,0.21127825502434314,0.20978090965912732
89,4,16,17,0.14166666666666666,1.0,7,0.1508263017971144,0.14965289589059308
89,4,16,17,0.14166666666666666,1.0,9,0.11726780037892531,0.11632623191977912
89,4,16,17,0.14166666666666666,1.0,11,0.09592363331383384,0.09514283558609765
89,4,16,17,0.14166666666666666,1.0,13,0.08115242938669237,0.08048737642618603
89,4,16,17,0.14166666666666666,1.0,15,0.07032321810465395,0.06974481652890555
89,4,16,17,0.14166666666666666,1.0,17,0.062043822504610505,0.06153247948254025
89,4,16,17,0.14166666666666666,1.0,19,0.05550856068389289,0.05505054775251873
90,4,16,17,0.14166666666666666,0.1,1,0.015495926556888627,0.013564087428673566
90,4,16,17,0.14166666666666666,0.1,3,0.0051590591556977565,0.004514551913138223
90,4,16,17,0.14166666666666666,0.1,5,0.0030950879380495146,0.0027082949078769568
90,4,16,17,0.14166666666666666,0.1,7,0.0022107001219373807,0.0019343909112874086
90,4,16,17,0.14166666666666666,0.1,9,0.0017194061027752225,0.001504486382821062
90,4,16,17,0.14166666666666666,0.1,11,0.001406774390947857,0.0012309243719083424
90,4,16,17,0.14166666666666666,0.1,13,0.001190340982436355,0.001041540911216742
90,4,16,17,0.14166666666666666,0.1,15,0.001031624984073198,0.0009026624304054175
90,4,16,17,0.14166666666666666,0.1,17,0.000910254887630351,0.0007964627114658599
90,4,16,17,0.14166666666666666,0.1,19,0.0008144369388391931,0.0007126216910062034
90,4,16,17,0.14166666666666666,0.5,1,0.35716445051831724,0.3159180162554626
90,4,16,17,0.14166666666666666,0.5,3,0.11577830545834279,0.10227758498649805
90,4,16,17,0.14166666666666666,0.5,5,0.06929732522421916,0.06118868197082601
90,4,16,17,0.14166666666666666,0.5,7,0.04946297774478356,0.04366527451019587
90,4,16,17,0.14166666666666666,0.5,9,0.03845943949051851,0.03394695562474861
90,4,16,17,0.14166666666666666,0.5,11,0.03146172670446693,0.02776785742516185
90,4,16,17,0.14166666666666666,0.5,13,0.026618881601535554,0.023492150915823826
90,4,16,17,0.14166666666666666,0.5,15,0.023068238734865253,0.020357642802368157
90,4,16,17,0.14166666666666666,0.5,17,0.020353435177727756,0.01796120210170498
90,4,16,17,0.14166666666666666,0.5,19,0.018210387360409617,0.01606958456985486
90,4,16,17,0.14166666666666666,1.0,1,1.1120632842037579,1.0100935134442899
90,4,16,17,0.14166666666666666,1.0,3,0.3347773186999845,0.3109825129599545
90,4,16,17,0.14166666666666666,1.0,5,0.19883908936777614,0.18485088966943813
90,4,16,17,0.14166666666666666,1.0,7,0.14160208510340522,0.13160627755632465
90,4,16,17,0.14166666666666666,1.0,9,0.10998969717187075,0.10219480933363524
90,4,16,17,0.14166666666666666,1.0,11,0.08992766866615608,0.08353377152355004
90,4,16,17,0.14166666666666666,1.0,13,0.07605972016317457,0.07063778571713598
90,4,16,17,0.14166666666666666,1.0,15,0.06589953058111293,0.06119208700515427
90,4,16,17,0.14166666666666666,1.0,17,0.05813491864263279,0.05397510190668917
90,4,16,17,0.14166666666666666,1.0,19,0.052007730359427906,0.04828114243065144
91,4,16,17,0.14166666666666666,0.1,1,0.01170269242280257,0.012602009763527204
91,4,16,17,0.14166666666666666,0.1,3,0.003890389643952005,0.0041974203018817526
91,4,16,17,0.14166666666666666,0.1,5,0.0023336263408586222,0.0025182955540665936
91,4,16,17,0.14166666666666666,0.1,7,0.001666753108273618,0.0017987517017674112
91,4,16,17,0.14166666666666666,0.1,9,0.0012963238575747417,0.0013990192299680171
91,4,16,17,0.14166666666666666,0.1,11,0.0010606121149936921,0.0011446480086310178
91,4,16,17,0.14166666666666666,0.1,13,0.0008974329754099533,0.0009685463251557807
91,4,16,17,0.14166666666666666,0.1,15,0.0007777708653177647,0.0008394057331308242
91,4,16,17,0.14166666666666666,0.1,17,0.0006862658255956045,0.0007406514794136426
91,4,16,17,0.14166666666666666,0.1,19,0.0006140256949942785,0.000662687765489894
91,4,16,17,0.14166666666666666,0.5,1,0.2774897971807121,0.29085541616247707
91,4,16,17,0.14166666666666666,0.5,3,0.08921763540956129,0.09557357524633613
91,4,16,17,0.14166666666666666,0.5,5,0.053246702087715814,0.0572843417484704
91,4,16,17,0.14166666666666666,0.5,7,0.03795727329152249,0.040905678370650546
91,4,16,17,0.14166666666666666,0.5,9,0.029492283022046123,0.031811785387408364
91,4,16,17,0.14166666666666666,0.5,11,0.024115547848842765,0.02602627546328221
91,4,16,17,0.14166666666666666,0.5,13,0.02039753939785537,0.02202147951004902
91,4,16,17,0.14166666666666666,0.5,15,0.017673155402708342,0.01908487256087857
91,4,16,17,0.14166666666666666,0.5,17,0.015590979812004106,0.016839351880662386
91,4,16,17,0.14166666666666666,0.5,19,0.01394784650105744,0.015066636992813541
91,4,16,17,0.14166666666666666,1.0,1,0.9332975723802841,0.9257017907220696
91,4,16,17,0.14166666666666666,1.0,3,0.2834723704121148,0.30201850384176415
91,4,16,17,0.14166666666666666,1.0,5,0.16734673517020227,0.18066420400615749
91,4,16,17,0.14166666666666666,1.0,7,0.11879570779704093,0.12893175478608157
91,4,16,17,0.14166666666666666,1.0,9,0.0921035290324284,0.10024307490878083
91,4,16,17,0.14166666666666666,1.0,11,0.07521487736640652,0.08200154224365121
91,4,16,17,0.14166666666666666,1.0,13,0.06356485720896278,0.06937833645198788
91,4,16,17,0.14166666666666666,1.0,15,0.05504250420672005,0.0601237576547663
91,4,16,17,0.14166666666666666,1.0,17,0.04853694142923162,0.05304793280100035
91,4,16,17,0.14166666666666666,1.0,19,0.04340776960161626,0.04746240643640979
92,4,16,17,0.14166666666666666,0.1,1,0.015054229195720584,0.013938895734478814
92,4,16,17,0.14166666666666666,0.1,3,0.005012155744545631,0.0046337791479237845
92,4,16,17,0.14166666666666666,0.1,5,0.00300691591686543,0.0027791978863791807
92,4,16,17,0.14166666666666666,0.1,7,0.0021477056008054043,0.0019848456928025014
92,4,16,17,0.14166666666666666,0.1,9,0.0016704030100363973,0.0015436475411319368
92,4,16,17,0.14166666666666666,0.1,11,0.0013666767904100456,0.0012629231353575858
92,4,16,17,0.14166666666666666,0.1,13,0.0011564096776334278,0.0010685921623810248
92,4,16,17,0.14166666666666666,0.1,15,0.0010022161645265044,0.000926091235783697
92,4,16,17,0.14166666666666666,0.1,17,0.0008843047605278189,0.0008171246719908944
92,4,16,17,0.14166666666666666,0.1,19,0.0007912175625146413,0.0007311012915985426
92,4,16,17,0.14166666666666666,0.5,1,0.34756482189622423,0.32448530237398326
92,4,16,17,0.14166666666666666,0.5,3,0.11329713610399274,0.10407403879080167
92,4,16,17,0.14166666666666666,0.5,5,0.06785569561827726,0.062175540058087536
92,4,16,17,0.14166666666666666,0.5,7,0.04844289205219894,0.04434512886031238
92,4,16,17,0.14166666666666666,0.5,9,0.03766919452287576,0.03446547756807728
92,4,16,17,0.14166666666666666,0.5,11,0.03081648970287545,0.028186936412208506
92,4,16,17,0.14166666666666666,0.5,13,0.026073566073901322,0.023843796186478083
92,4,16,17,0.14166666666666666,0.5,15,0.022595991833923395,0.020660550629402086
92,4,16,17,0.14166666666666666,0.5,17,0.0199369612523065,0.01822723951337245
92,4,16,17,0.14166666666666666,0.5,19,0.017837888755528386,0.016306754457568875
92,4,16,17,0.14166666666666666,1.0,1,1.0907923697995523,1.0305685052950455
92,4,16,17,0.14166666666666666,1.0,3,0.34636177181450073,0.3108840138384032
92,4,16,17,0.14166666666666666,1.0,5,0.2071111652162205,0.18412139407537204
92,4,16,17,0.14166666666666666,1.0,7,0.1477841381549146,0.13088159971222993
92,4,16,17,0.14166666666666666,1.0,9,0.11489051826755502,0.10154427820014213
92,4,16,17,0.14166666666666666,1.0,11,0.0939779568948706,0.08295679143421401
92,4,16,17,0.14166666666666666,1.0,13,0.07950769781754916,0.07012361904382805
92,4,16,17,0.14166666666666666,1.0,15,0.06889969165564884,0.060730109951269144
92,4,16,17,0.14166666666666666,1.0,17,0.06078949964837488,0.053556503349308074
92,4,16,17,0.14166666666666666,1.0,19,0.054387735100001465,0.04789889834567735
93,4,16,17,0.14166666666666666,0.1,1,0.014351242932880214,0.0140628750626917
93,4,16,17,0.14166666666666666,0.1,3,0.00477463947169109,0.0046808196679156725
93,4,16,17,0.14166666666666666,0.1,5,0.0028639817067887814,0.0028079236832447437
93,4,16,17,0.14166666666666666,0.1,7,0.002045476645609771,0.0020055042516758503
93,4,16,17,0.14166666666666666,0.1,9,0.0015908334479447373,0.0015597731623567337
93,4,16,17,0.14166666666666666,0.1,11,0.0013015439465318007,0.001276146126511243
93,4,16,17,0.14166666666666666,0.1,13,0.001101279342832394,0.0010797976952744213
93,4,16,17,0.14166666666666666,0.1,15,0.0009544251120450452,0.000935813262894652
93,4,16,17,0.14166666666666666,0.1,17,0.0008421284558139748,0.0008257099881772232
93,4,16,17,0.14166666666666666,0.1,19,0.0007534753997424162,0.0007387878357796557
93,4,16,17,0.14166666666666666,0.5,1,0.33546047275928437,0.3275011008581419
93,4,16,17,0.14166666666666666,0.5,3,0.10905071762808304,0.10689440421411449
93,4,16,17,0.14166666666666666,0.5,5,0.06527046898731813,0.06397649987353952
93,4,16,17,0.14166666666666666,0.5,7,0.04658455760401492,0.04565769506335485
93,4,16,17,0.14166666666666666,0.5,9,0.03621868204798017,0.03549625118262535
93,4,16,17,0.14166666666666666,0.5,11,0.02962700742663714,0.029035015665509062
93,4,16,17,0.14166666666666666,0.5,13,0.02506549045215408,0.02456400071794258
93,4,16,17,0.14166666666666666,0.5,15,0.021721310922274032,0.021286305227000944
93,4,16,17,0.14166666666666666,0.5,17,0.01916449653212698,0.018780402711748027
93,4,16,17,0.14166666666666666,0.5,19,0.01714624920187644,0.01680239470633595
93,4,16,17,0.14166666666666666,1.0,1,1.080693860269829,1.0522868428766332
93,4,16,17,0.14166666666666666,1.0,3,0.3400588061741214,0.33260974177284497
93,4,16,17,0.14166666666666666,1.0,5,0.20297930387787122,0.1976783315503124
93,4,16,17,0.14166666666666666,1.0,7,0.14473790938503686,0.14069198829428994
93,4,16,17,0.14166666666666666,1.0,9,0.11248482812680997,0.1092240585394692
93,4,16,17,0.14166666666666666,1.0,11,0.09199240494145124,0.08926450927488712
93,4,16,17,0.14166666666666666,1.0,13,0.07781822183931776,0.07547457413498053
93,4,16,17,0.14166666666666666,1.0,15,0.06742985137688288,0.0653760373497391
93,4,16,17,0.14166666666666666,1.0,17,0.05948896372884702,0.05766141886006114
93,4,16,17,0.14166666666666666,1.0,19,0.053221642979108155,0.051575583985762646
94,4,16,17,0.14166666666666666,0.1,1,0.012753142429833204,0.012747686763507082
94,4,16,17,0.14166666666666666,0.1,3,0.004245857452464837,0.004244480689150073
94,4,16,17,0.14166666666666666,0.1,5,0.002547265640283093,0.0025464595678783303
94,4,16,17,0.14166666666666666,0.1,7,0.0018194264943890886,0.0018188546382114726
94,4,16,17,0.14166666666666666,0.1,9,0.0014150938244227524,0.0014146502965602576
94,4,16,17,0.14166666666666666,0.1,11,0.001157797547831986,0.0011574351783390493
94,4,16,17,0.14166666666666666,0.1,13,0.0009796716895807205,0.0009793653207138572
94,4,16,17,0.14166666666666666,0.1,15,0.0008490470801546765,0.0008487816971752661
94,4,16,17,0.14166666666666666,0.1,17,0.0007491581755940417,0.0007489240947424564
94,4,16,17,0.14166666666666666,0.1,19,0.0006702987848849334,0.0006700893946802041
94,4,16,17,0.14166666666666666,0.5,1,0.3047883033673976,0.3014622821565674
94,4,16,17,0.14166666666666666,0.5,3,0.09899667620562691,0.09828025089022586
94,4,16,17,0.14166666666666666,0.5,5,0.05927923162310373,0.05885627995912849
94,4,16,17,0.14166666666666666,0.5,7,0.04231901545193581,0.04201792940033416
94,4,16,17,0.14166666666666666,0.5,9,0.03290734182243074,0.03267345607652212
94,4,16,17,0.14166666666666666,0.5,11,0.02692110541883915,0.02672985892813127
94,4,16,17,0.14166666666666666,0.5,13,0.022777896678839973,0.022616126797745967
94,4,16,17,0.14166666666666666,0.5,15,0.01974002815086891,0.019599856441541007
94,4,16,17,0.14166666666666666,0.5,17,0.017417190966282067,0.017293526852889
94,4,16,17,0.14166666666666666,0.5,19,0.015583500739402454,0.015472864355734826
94,4,16,17,0.14166666666666666,1.0,1,1.0241821190043114,0.9873371332932096
94,4,16,17,0.14166666666666666,1.0,3,0.3210762036575715,0.31749840250397376
94,4,16,17,0.14166666666666666,1.0,5,0.19180472499431794,0.18981959476082744
94,4,16,17,0.14166666666666666,1.0,7,0.13679104002733,0.1353665208427536
94,4,16,17,0.14166666666666666,1.0,9,0.10631254985395298,0.10518819406705877
94,4,16,17,0.14166666666666666,1.0,11,0.08694578371362689,0.08601245785094375
94,4,16,17,0.14166666666666666,1.0,13,0.07355001744404799,0.07275040180628593
94,4,16,17,0.14166666666666666,1.0,15,0.0637321978114159,0.06303201161761841
94,4,16,17,0.14166666666666666,1.0,17,0.05622747484050271,0.05560439803327154
94,4,16,17,0.14166666666666666,1.0,19,0.05030440163367768,0.04974300307081695
95,4,16,17,0.14166666666666666,0.1,1,0.01308218474765712,0.012443623849128862
95,4,16,17,0.14166666666666666,0.1,3,0.0043550475684389165,0.0041431791799344765
95,4,16,17,0.14166666666666666,0.1,5,0.002612754658413241,0.002485682502051542
95,4,16,17,0.14166666666666666,0.1,7,0.001866199406314493,0.0017754432288101538
95,4,16,17,0.14166666666666666,0.1,9,0.0014514711661868373,0.0013808861192638035
95,4,16,17,0.14166666666666666,0.1,11,0.0011875601685478563,0.0011298100472825854
95,4,16,17,0.14166666666666666,0.1,13,0.001004855124774672,0.0009559902609900164
95,4,16,17,0.14166666666666666,0.1,15,0.0008708725495128173,0.000828523339939572
95,4,16,17,0.14166666666666666,0.1,17,0.0007684158397723671,0.0007310490900939218
95,4,16,17,0.14166666666666666,0.1,19,0.0006875292619545492,0.0006540959797939426
95,4,16,17,0.14166666666666666,0.5,1,0.3041946175674912,0.293624838901901
95,4,16,17,0.14166666666666666,0.5,3,0.09834544430076204,0.09556120704278034
95,4,16,17,0.14166666666666666,0.5,5,0.05883986694138892,0.05722923955426937
95,4,16,17,0.14166666666666666,0.5,7,0.041994802462899855,0.040856926155069785
95,4,16,17,0.14166666666666666,0.5,9,0.03265176445440997,0.03177085975757927
95,4,16,17,0.14166666666666666,0.5,11,0.026710566747619426,0.025991545277483173
95,4,16,17,0.14166666666666666,0.5,13,0.022599048233582355,0.02199148622958775
95,4,16,17,0.14166666666666666,0.5,15,0.019584643898211653,0.019058548754626932
95,4,16,17,0.14166666666666666,0.5,17,0.017279861239319665,0.016815930611212494
95,4,16,17,0.14166666666666666,0.5,19,0.015460484764776784,0.015045559170127596
95,4,16,17,0.14166666666666666,1.0,1,0.9858610907082135,0.9671986203087252
95,4,16,17,0.14166666666666666,1.0,3,0.30949558713840036,0.3028308465124165
95,4,16,17,0.14166666666666666,1.0,5,0.1843845637274507,0.18059248932759314
95,4,16,17,0.14166666666666666,1.0,7,0.1314309640679682,0.1287715856989403
95,4,16,17,0.14166666666666666,1.0,9,0.10213527996673377,0.10008373006047165
95,4,16,17,0.14166666666666666,1.0,11,0.0835281258437197,0.0818567873318332
95,4,16,17,0.14166666666666666,1.0,13,0.07065950127329311,0.06924885702947414
95,4,16,17,0.14166666666666666,1.0,15,0.06122834005211852,0.060007740364653624
95,4,16,17,0.14166666666666666,1.0,17,0.05401916027622471,0.05294332329224277
95,4,16,17,0.14166666666666666,1.0,19,0.04832926073268856,0.04736740256544864
96,4,16,17,0.14166666666666666,0.1,1,0.01414956488838618,0.01361577375494832
96,4,16,17,0.14166666666666666,0.1,3,0.004708739204619136,0.0045313833742891265
96,4,16,17,0.14166666666666666,0.1,5,0.002824608596122279,0.0027183664964052522
96,4,16,17,0.14166666666666666,0.1,7,0.0020174050194604687,0.0019415776999995734
96,4,16,17,0.14166666666666666,0.1,9,0.0015690226384707854,0.0015100732082539248
96,4,16,17,0.14166666666666666,0.1,11,0.0012837106092771732,0.0012354939635186761
96,4,16,17,0.14166666666666666,0.1,13,0.001086196574715641,0.0010454066641275277
96,4,16,17,0.14166666666666666,0.1,15,0.0009413578266017617,0.0009060122357950695
96,4,16,17,0.14166666666666666,0.1,17,0.0008306015044705337,0.0007994180805278841
96,4,16,17,0.14166666666666666,0.1,19,0.0007431639385878486,0.0007152657300752404
96,4,16,17,0.14166666666666666,0.5,1,0.32797131078115926,0.31302680520694803
96,4,16,17,0.14166666666666666,0.5,3,0.10663706385194498,0.10097431112505054
96,4,16,17,0.14166666666666666,0.5,5,0.06382138413322672,0.060406202688944505
96,4,16,17,0.14166666666666666,0.5,7,0.04554806689642221,0.04310841678687183
96,4,16,17,0.14166666666666666,0.5,9,0.0354117039054816,0.033515132779551905
96,4,16,17,0.14166666666666666,0.5,11,0.028966272131689424,0.02741533336366779
96,4,16,17,0.14166666666666666,0.5,13,0.024506106252105125,0.023194363920249577
96,4,16,17,0.14166666666666666,0.5,15,0.021236312329776307,0.02009989875019994
96,4,16,17,0.14166666666666666,0.5,17,0.018736418570363664,0.017734018112890985
96,4,16,17,0.14166666666666666,0.5,19,0.016763132605443983,0.015866487197159548
96,4,16,17,0.14166666666666666,1.0,1,1.031792551701272,0.9789008572193126
96,4,16,17,0.14166666666666666,1.0,3,0.32221763566305595,0.29826129006525715
96,4,16,17,0.14166666666666666,1.0,5,0.19211501537124656,0.17808364264406484
96,4,16,17,0.14166666666666666,1.0,7,0.13691262781664013,0.1270409851671527
96,4,16,17,0.14166666666666666,1.0,9,0.10636405436256545,0.0987570020072042
96,4,16,17,0.14166666666666666,1.0,11,0.08696425245476418,0.08077844315900311
96,4,16,17,0.14166666666666666,1.0,13,0.07355079609424645,0.06833935254672042
96,4,16,17,0.14166666666666666,1.0,15,0.06372279526599796,0.05922076730225915
96,4,16,17,0.14166666666666666,1.0,17,0.056211973784032795,0.05224947014840135
96,4,16,17,0.14166666666666666,1.0,19,0.05028518449093838,0.04674678485035237
97,4,16,17,0.14166666666666666,0.1,1,0.014894750699291628,0.014518806168387882
97,4,16,17,0.14166666666666666,0.1,3,0.004950111469992134,0.004826472901330987
97,4,16,17,0.14166666666666666,0.1,5,0.0029685146573109763,0.002894558928873619
97,4,16,17,0.14166666666666666,0.1,7,0.002119908885726302,0.002067154832684361
97,4,16,17,0.14166666666666666,0.1,9,0.0016486231299168977,0.0016076234478783846
97,4,16,17,0.14166666666666666,0.1,11,0.001348773009322825,0.0013152441953045474
97,4,16,17,0.14166666666666666,0.1,13,0.0011412110102490597,0.0011128501133417458
97,4,16,17,0.14166666666666666,0.1,15,0.0009890125642459154,0.0009644392648042541
97,4,16,17,0.14166666666666666,0.1,17,0.0008726332831276816,0.0008509551156263423
97,4,16,17,0.14166666666666666,0.1,19,0.000780759635025379,0.0007613663204684339
97,4,16,17,0.14166666666666666,0.5,1,0.3484387812626056,0.3369173212037454
97,4,16,17,0.14166666666666666,0.5,3,0.11339139033707046,0.10931587899161152
97,4,16,17,0.14166666666666666,0.5,5,0.06780420973362686,0.06536181307410652
97,4,16,17,0.14166666666666666,0.5,7,0.04836739292048111,0.046627335494257335
97,4,16,17,0.14166666666666666,0.5,9,0.03759262164178927,0.03624195726736856
97,4,16,17,0.14166666666666666,0.5,11,0.030744207283541047,0.029640767123300618
97,4,16,17,0.14166666666666666,0.5,13,0.02600663234859164,0.02507400971688998
97,4,16,17,0.14166666666666666,0.5,15,0.02253425632401633,0.021726696907215473
97,4,16,17,0.14166666666666666,0.5,17,0.01987994530631498,0.019167895242621507
97,4,16,17,0.14166666666666666,0.5,19,0.0177850619376664,0.017148330838673027
97,4,16,17,0.14166666666666666,1.0,1,1.1063438447791731,1.0551412990278828
97,4,16,17,0.14166666666666666,1.0,3,0.3611947833417998,0.3285802138593945
97,4,16,17,0.14166666666666666,1.0,5,0.21629537465380147,0.19509801351566777
97,4,16,17,0.14166666666666666,1.0,7,0.1543580578857038,0.1388461189368041
97,4,16,17,0.14166666666666666,1.0,9,0.11999254540702017,0.107796211229842
97,4,16,17,0.14166666666666666,1.0,11,0.09814112475337324,0.08810297503114144
97,4,16,17,0.14166666666666666,1.0,13,0.08302162224285665,0.07449664390930676
97,4,16,17,0.14166666666666666,1.0,15,0.07193852168303085,0.0645320457254165
97,4,16,17,0.14166666666666666,1.0,17,0.06346587175962322,0.05691932617902402
97,4,16,17,0.14166666666666666,1.0,19,0.056778603214003666,0.05091356109691618
98,4,16,17,0.14166666666666666,0.1,1,0.015020487444951084,0.014899544774005638
98,4,16,17,0.14166666666666666,0.1,3,0.004994621096612073,0.004946308510776377
98,4,16,17,0.14166666666666666,0.1,5,0.002995743663076188,0.002965959563114181
98,4,16,17,0.14166666666666666,0.1,7,0.0021395336632146506,0.002118028119360748
98,4,16,17,0.14166666666666666,0.1,9,0.0016639657546173832,0.001647141908336506
98,4,16,17,0.14166666666666666,0.1,11,0.0013613680869525584,0.0013475532455912516
98,4,16,17,0.14166666666666666,0.1,13,0.0011518933601828755,0.001140174967317824
98,4,16,17,0.14166666666666666,0.1,15,0.000998286637296298,0.0009881124598809994
98,4,16,17,0.14166666666666666,0.1,17,0.000880827191001541,0.0008718377400965224
98,4,16,17,0.14166666666666666,0.1,19,0.0007880987721050025,0.0007800469745553285
98,4,16,17,0.14166666666666666,0.5,1,0.3471918351331334,0.34808369212222956
98,4,16,17,0.14166666666666666,0.5,3,0.11159387916522744,0.1099905242879693
98,4,16,17,0.14166666666666666,0.5,5,0.06670437250833033,0.06555067208284278
98,4,16,17,0.14166666666666666,0.5,7,0.047586428714853836,0.04671266557098046
98,4,16,17,0.14166666666666666,0.5,9,0.036989468978843254,0.03629047292152715
98,4,16,17,0.14166666666666666,0.5,11,0.030253627799523532,0.029672281415455665
98,4,16,17,0.14166666666666666,0.5,13,0.025593496470719578,0.02509631940905653
98,4,16,17,0.14166666666666666,0.5,15,0.02217757693214093,0.021743461420502666
98,4,16,17,0.14166666666666666,0.5,17,0.019566214069061675,0.019181053366935222
98,4,16,17,0.14166666666666666,0.5,19,0.01750508447760843,0.017159004820591066
98,4,16,17,0.14166666666666666,1.0,1,1.0788784878048352,1.1072164925158574
98,4,16,17,0.14166666666666666,1.0,3,0.3255588991975837,0.33208053490910755
98,4,16,17,0.14166666666666666,1.0,5,0.19406957787100756,0.19762188427623947
98,4,16,17,0.14166666666666666,1.0,7,0.13834721065827657,0.14087907666182212
98,4,16,17,0.14166666666666666,1.0,9,0.10750237487333912,0.1094830909857469
98,4,16,17,0.14166666666666666,1.0,11,0.08790856630926347,0.08953823042934049
98,4,16,17,0.14166666666666666,1.0,13,0.07435778468068835,0.07574300210036929
98,4,16,17,0.14166666666666666,1.0,15,0.0644273731844846,0.06563224142202878
98,4,16,17,0.14166666666666666,1.0,17,0.05683721747976685,0.05790342754437173
98,4,16,17,0.14166666666666666,1.0,19,0.050847153128974115,0.051803391312323935
99,4,16,17,0.14166666666666666,0.1,1,0.0152191071613729,0.015326647751824726
99,4,16,17,0.14166666666666666,0.1,3,0.005062621228314456,0.005105112904789275
99,4,16,17,0.14166666666666666,0.1,5,0.003036633202049223,0.0030628075261851383
99,4,16,17,0.14166666666666666,0.1,7,0.002168758347445377,0.002187654336963519
99,4,16,17,0.14166666666666666,0.1,9,0.0016867018503755752,0.0017014836080149827
99,4,16,17,0.14166666666666666,0.1,11,0.0013799727678633427,0.0013921106549871953
99,4,16,17,0.14166666666666666,0.1,13,0.0011676369718498772,0.0011779329236953422
99,4,16,17,0.14166666666666666,0.1,15,0.0010119317533904117,0.001020870994217644
99,4,16,17,0.14166666666666666,0.1,17,0.0008928673876076432,0.0009007657639821977
99,4,16,17,0.14166666666666666,0.1,19,0.0007988718253154043,0.0008059464079892409
99,4,16,17,0.14166666666666666,0.5,1,0.35191061491264775,0.3561672554903641
99,4,16,17,0.14166666666666666,0.5,3,0.11434512664437457,0.1172472666271496
99,4,16,17,0.14166666666666666,0.5,5,0.06842721896350701,0.07024855185865278
99,4,16,17,0.14166666666666666,0.5,7,0.048832736055002456,0.050154266999029445
99,4,16,17,0.14166666666666666,0.5,9,0.037964288721822025,0.0390003559695413
99,4,16,17,0.14166666666666666,0.5,11,0.031053651485889677,0.03190542382607016
99,4,16,17,0.14166666666666666,0.5,13,0.026271714770482627,0.02699476419620188
99,4,16,17,0.14166666666666666,0.5,15,0.02276610586040229,0.023394191118773767
99,4,16,17,0.14166666666666666,0.5,17,0.020085967735678743,0.0206411183452588
99,4,16,17,0.14166666666666666,0.5,19,0.017970435010489085,0.01846781684701894
99,4,16,17,0.14166666666666666,1.0,1,1.1051577927761318,1.1231745026619346
99,4,16,17,0.14166666666666666,1.0,3,0.3512214368488814,0.36451700219798994
99,4,16,17,0.14166666666666666,1.0,5,0.20914834856385156,0.21739214235410603
99,4,16,17,0.14166666666666666,1.0,7,0.14893355240437028,0.1549422656020119
99,4,16,17,0.14166666666666666,1.0,9,0.11564674485264226,0.12038064112669382
99,4,16,17,0.14166666666666666,1.0,11,0.09452353666267291,0.09843078168040115
99,4,16,17,0.14166666666666666,1.0,13,0.07992601547216795,0.0832530813596605
99,4,16,17,0.14166666666666666,1.0,15,0.06923450620465911,0.07213170754093204
99,4,16,17,0.14166666666666666,1.0,17,0.061066127909891466,0.06363197432366441
99,4,16,17,0.14166666666666666,1.0,19,0.05462192308694508,0.05692450400604111
100,4,16,17,0.14166666666666666,0.1,1,0.01304945072079606,0.013193162617408672
100,4,16,17,0.14166666666666666,0.1,3,0.004345835969500361,0.004389964585222333
100,4,16,17,0.14166666666666666,0.1,5,0.0026072693169022676,0.0026332691912185277
100,4,16,17,0.14166666666666666,0.1,7,0.0018622819555056105,0.0018807059857375717
100,4,16,17,0.14166666666666666,0.1,9,0.0014484220975589657,0.0014626880335821678
100,4,16,17,0.14166666666666666,0.1,11,0.0011850636061442458,0.0011967024226416923
100,4,16,17,0.14166666666666666,0.1,13,0.0010027412666114323,0.001012569958762219
100,4,16,17,0.14166666666666666,0.1,15,0.0008690395312728625,0.0008775453043171629
100,4,16,17,0.14166666666666666,0.1,17,0.0007667977255639999,0.0007742944296914677
100,4,16,17,0.14166666666666666,0.1,19,0.0006860809135011674,0.0006927825619939161
100,4,16,17,0.14166666666666666,0.5,1,0.30586658494108887,0.3113628105053661
100,4,16,17,0.14166666666666666,0.5,3,0.10024774782349384,0.1018945469143593
100,4,16,17,0.14166666666666666,0.5,5,0.06006683052051769,0.06099469845465126
100,4,16,17,0.14166666666666666,0.5,7,0.04288771815289138,0.04353171263194493
100,4,16,17,0.14166666666666666,0.5,9,0.03335126020656669,0.03384408234096042
100,4,16,17,0.14166666666666666,0.5,11,0.02728481860595147,0.02768386985387009
100,4,16,17,0.14166666666666666,0.5,13,0.0230858263771435,0.023421059886657068
100,4,16,17,0.14166666666666666,0.5,15,0.0200069538002293,0.02029595634141165
100,4,16,17,0.14166666666666666,0.5,17,0.017652721120632976,0.01790669341383331
100,4,16,17,0.14166666666666666,0.5,19,0.015794227988586935,0.01602074148437282
100,4,16,17,0.14166666666666666,1.0,1,1.004252602159017,1.0350405597518986
100,4,16,17,0.14166666666666666,1.0,3,0.32638631691240205,0.33135415272376306
100,4,16,17,0.14166666666666666,1.0,5,0.1954616985178229,0.1976924564365722
100,4,16,17,0.14166666666666666,1.0,7,0.13952612221464702,0.14089108368628045
100,4,16,17,0.14166666666666666,1.0,9,0.10848755436608222,0.10945329196886931
100,4,16,17,0.14166666666666666,1.0,11,0.08874741156984729,0.08948891819682983
100,4,16,17,0.14166666666666666,1.0,13,0.07508587292749407,0.07568540877160343
100,4,16,17,0.14166666666666666,1.0,15,0.06506963933330716,0.06557181319648828
100,4,16,17,0.14166666666666666,1.0,17,0.05741134355540717,0.057842846345926124
100,4,16,17,0.14166666666666666,1.0,19,0.051365995990989885,0.051743984527263365
101,4,16,17,0.14166666666666666,0.1,1,0.011514562354971426,0.014218525180166476
101,4,16,17,0.14166666666666666,0.1,3,0.0038319747006937133,0.004735315900748051
101,4,16,17,0.14166666666666666,0.1,5,0.0022988863252391533,0.0028409885874224666
101,4,16,17,0.14166666666666666,0.1,7,0.0016420029134279633,0.002029238021628834
101,4,16,17,0.14166666666666666,0.1,9,0.0012770945730662287,0.0015782835836120055
101,4,16,17,0.14166666666666666,0.1,11,0.0010448877717533782,0.0012913176907383577
101,4,16,17,0.14166666666666666,0.1,13,0.0008841320166916052,0.0010926508798995414
101,4,16,17,0.14166666666666666,0.1,15,0.0007662456868706756,0.0009469627089538473
101,4,16,17,0.14166666666666666,0.1,17,0.0006760979201636326,0.0008355545135575131
101,4,16,17,0.14166666666666666,0.1,19,0.0006049289555913388,0.0007476008937593707
101,4,16,17,0.14166666666666666,0.5,1,0.27431701959450244,0.3266406202366201
101,4,16,17,0.14166666666666666,0.5,3,0.08818299811572435,0.10660167365543126
101,4,16,17,0.14166666666666666,0.5,5,0.05275263917248361,0.06385611810328956
101,4,16,17,0.14166666666666666,0.5,7,0.03764935677942084,0.04559095554097017
101,4,16,17,0.14166666666666666,0.5,9,0.029272859012057756,0.03545306034910118
101,4,16,17,0.14166666666666666,0.5,11,0.023946386332925704,0.029004329088149854
101,4,16,17,0.14166666666666666,0.5,13,0.02026031369535154,0.02454080112823501
101,4,16,17,0.14166666666666666,0.5,15,0.01755784352229147,0.021267974785140597
101,4,16,17,0.14166666666666666,0.5,17,0.015491569029108304,0.018765435854483033
101,4,16,17,0.14166666666666666,0.5,19,0.01386047231600168,0.01678986067571132
101,4,16,17,0.14166666666666666,1.0,1,0.9246550077511827,1.0090815972903626
101,4,16,17,0.14166666666666666,1.0,3,0.2813039795627729,0.3189437907100641
101,4,16,17,0.14166666666666666,1.0,5,0.1679864712134263,0.19071157177704814
101,4,16,17,0.14166666666666666,1.0,7,0.11982696713449284,0.13609484538513328
101,4,16,17,0.14166666666666666,1.0,9,0.0931436932265558,0.10581075991753476
101,4,16,17,0.14166666666666666,1.0,11,0.07618484179004315,0.08655556258946093
101,4,16,17,0.14166666666666666,1.0,13,0.06445231765523364,0.0732311122903954
101,4,16,17,0.14166666666666666,1.0,15,0.05585216600775052,0.06346250099232408
101,4,16,17,0.14166666666666666,1.0,17,0.049277440887916406,0.05599369306295629
101,4,16,17,0.14166666666666666,1.0,19,0.04408788645018724,0.050097969471074096
102,4,16,17,0.14166666666666666,0.1,1,0.014888774522864552,0.014008915999913833
102,4,16,17,0.14166666666666666,0.1,3,0.004956924736894722,0.004659795507135203
102,4,16,17,0.14166666666666666,0.1,5,0.0029737460517448096,0.0027950465526653586
102,4,16,17,0.14166666666666666,0.1,7,0.0021240017458517843,0.0019962327440242516
102,4,16,17,0.14166666666666666,0.1,9,0.001651961580858122,0.0015525315541766312
102,4,16,17,0.14166666666666666,0.1,11,0.0013515856023947016,0.0012702057334057289
102,4,16,17,0.14166666666666666,0.1,13,0.0011436385669897594,0.0010747623188128372
102,4,16,17,0.14166666666666666,0.1,15,0.000991146808011648,0.0009314436895423489
102,4,16,17,0.14166666666666666,0.1,17,0.0008745369576307797,0.0008218507519171315
102,4,16,17,0.14166666666666666,0.1,19,0.0007824774338911354,0.0007353322190025274
102,4,16,17,0.14166666666666666,0.5,1,0.3437778093628599,0.32539090371422624
102,4,16,17,0.14166666666666666,0.5,3,0.11218557778597914,0.10529558313553777
102,4,16,17,0.14166666666666666,0.5,5,0.0671966126459511,0.0630092042951674
102,4,16,17,0.14166666666666666,0.5,7,0.047973693109492836,0.044969713910835464
102,4,16,17,0.14166666666666666,0.5,9,0.03730478091117111,0.03496339781535858
102,4,16,17,0.14166666666666666,0.5,11,0.030518555457400832,0.02860048995182276
102,4,16,17,0.14166666666666666,0.5,13,0.025821580039801163,0.024197274363654524
102,4,16,17,0.14166666666666666,0.5,15,0.02237766720406061,0.020969123964851847
102,4,16,17,0.14166666666666666,0.5,17,0.019744360564395356,0.01850099645049491
102,4,16,17,0.14166666666666666,0.5,19,0.017665586985379317,0.01655273618805855
102,4,16,17,0.14166666666666666,1.0,1,1.0761960314318235,1.0320948636652238
102,4,16,17,0.14166666666666666,1.0,3,0.34012952316350475,0.3230419622270391
102,4,16,17,0.14166666666666666,1.0,5,0.20350138766850498,0.19228815794496018
102,4,16,17,0.14166666666666666,1.0,7,0.14525048358052892,0.13696756083986422
102,4,16,17,0.14166666666666666,1.0,9,0.11293829727723455,0.10638561299836333
102,4,16,17,0.14166666666666666,1.0,11,0.09238973293557676,0.08697376574745859
102,4,16,17,0.14166666666666666,1.0,13,0.07816885923481066,0.07355526277606424
102,4,16,17,0.14166666666666666,1.0,15,0.06774243959493834,0.06372493650691445
102,4,16,17,0.14166666666666666,1.0,17,0.0597703986413628,0.05621297741039459
102,4,16,17,0.14166666666666666,1.0,19,0.05347728240402239,0.050285613333765536
103,4,16,17,0.14166666666666666,0.1,1,0.01368877130782314,0.014021064489507108
103,4,16,17,0.14166666666666666,0.1,3,0.0045481270545572145,0.004664315341418931
103,4,16,17,0.14166666666666666,0.1,5,0.0027273267501566646,0.0027978415616712418
103,4,16,17,0.14166666666666666,0.1,7,0.0019476325505012467,0.001998256423194301
103,4,16,17,0.14166666666666666,0.1,9,0.00151463071373597,0.0015541176592232873
103,4,16,17,0.14166666666666666,0.1,11,0.0012391429898385307,0.0012715098818288847
103,4,16,17,0.14166666666666666,0.1,13,0.0010484472244137678,0.0010758696354915113
103,4,16,17,0.14166666666666666,0.1,15,0.0009086173297426411,0.0009324058021665334
103,4,16,17,0.14166666666666666,0.1,17,0.0008016963417358093,0.0008227013294912746
103,4,16,17,0.14166666666666666,0.1,19,0.0007172897607818962,0.000736094436130151
103,4,16,17,0.14166666666666666,0.5,1,0.323381235966276,0.32492482191272004
103,4,16,17,0.14166666666666666,0.5,3,0.10472440843773784,0.1049134542981146
103,4,16,17,0.14166666666666666,0.5,5,0.06259666143392413,0.06278605250518376
103,4,16,17,0.14166666666666666,0.5,7,0.04464729761688962,0.04481232912699542
103,4,16,17,0.14166666666666666,0.5,9,0.03469939684141639,0.034841829222587724
103,4,16,17,0.14166666666666666,0.5,11,0.028377228154719363,0.028501449545464137
103,4,16,17,0.14166666666666666,0.5,13,0.024003965930011115,0.024113713627827445
103,4,16,17,0.14166666666666666,0.5,15,0.02079873402096383,0.020896855883815922
103,4,16,17,0.14166666666666666,0.5,17,0.018348693876440652,0.01843733094119564
103,4,16,17,0.14166666666666666,0.5,19,0.016415064899168354,0.016495842364710397
103,4,16,17,0.14166666666666666,1.0,1,1.0469154505831766,1.0131531291900562
103,4,16,17,0.14166666666666666,1.0,3,0.3259931951714174,0.31756241331934465
103,4,16,17,0.14166666666666666,1.0,5,0.1940421069931742,0.1892436169345446
103,4,16,17,0.14166666666666666,1.0,7,0.13817846985024534,0.13476222846832883
103,4,16,17,0.14166666666666666,1.0,9,0.1072997313797094,0.10463695838015168
103,4,16,17,0.14166666666666666,1.0,11,0.08770408755582886,0.08551978413436263
103,4,16,17,0.14166666666666666,1.0,13,0.07416164675774983,0.07230914688962709
103,4,16,17,0.14166666666666666,1.0,15,0.06424252012826953,0.06263394613383477
103,4,16,17,0.14166666666666666,1.0,17,0.05666400342394279,0.055242423018389816
103,4,16,17,0.14166666666666666,1.0,19,0.050684993706139075,0.049411373047692005
104,4,16,17,0.14166666666666666,0.1,1,0.015259171697278452,0.015122484992758815
104,4,16,17,0.14166666666666666,0.1,3,0.005072039726303623,0.00503372070394809
104,4,16,17,0.14166666666666666,0.1,5,0.0030415835197644928,0.003019829737441336
104,4,16,17,0.14166666666666666,0.1,7,0.002172063477257898,0.0021569303915376812
104,4,16,17,0.14166666666666666,0.1,9,0.0016891695089392596,0.0016775797912857956
104,4,16,17,0.14166666666666666,0.1,11,0.001381937143770856,0.0013725502213396018
104,4,16,17,0.14166666666666666,0.1,13,0.0011692667600886656,0.001161380588693343
104,4,16,17,0.14166666666666666,0.1,15,0.001013323488230514,0.0010065250647597786
104,4,16,17,0.14166666666666666,0.1,17,0.000894081302870015,0.0008881073000061695
104,4,16,17,0.14166666666666666,0.1,19,0.000799947962766251,0.0007946202605760292
104,4,16,17,0.14166666666666666,0.5,1,0.35997253357715786,0.34312447981167804
104,4,16,17,0.14166666666666666,0.5,3,0.11796366754351904,0.11081350720556926
104,4,16,17,0.14166666666666666,0.5,5,0.07056908390899956,0.06632815298654897
104,4,16,17,0.14166666666666666,0.5,7,0.05034452268032609,0.04734462470851196
104,4,16,17,0.14166666666666666,0.5,9,0.039130479192405414,0.03681281274681863
104,4,16,17,0.14166666666666666,0.5,11,0.03200223772531744,0.030114972229240845
104,4,16,17,0.14166666666666666,0.5,13,0.027070891302398453,0.025479595701480704
104,4,16,17,0.14166666666666666,0.5,15,0.023456423275881568,0.022081029067363513
104,4,16,17,0.14166666666666666,0.5,17,0.020693470275411338,0.019482481760520965
104,4,16,17,0.14166666666666666,0.5,19,0.018512832904797508,0.017431192828002984
104,4,16,17,0.14166666666666666,1.0,1,1.1572414294088709,1.038659802645591
104,4,16,17,0.14166666666666666,1.0,3,0.3782820251131619,0.3319551731841139
104,4,16,17,0.14166666666666666,1.0,5,0.22581856590557584,0.19792387292254576
104,4,16,17,0.14166666666666666,1.0,7,0.16094314833664075,0.14101158216512846
104,4,16,17,0.14166666666666666,1.0,9,0.12502378540998957,0.1095236593077686
104,4,16,17,0.14166666666666666,1.0,11,0.10221176006608337,0.08953270487668417
104,4,16,17,0.14166666666666666,1.0,13,0.08643970707829031,0.07571366539485788
104,4,16,17,0.14166666666666666,1.0,15,0.07488441111799934,0.0655903640335109
104,4,16,17,0.14166666666666666,1.0,17,0.06605422414899072,0.05785502285655513
104,4,16,17,0.14166666666666666,1.0,19,0.05908683215649047,0.05175181323894409
105,4,16,17,0.14166666666666666,0.1,1,0.01598083101037873,0.01283606935800283
105,4,16,17,0.14166666666666666,0.1,3,0.005319164418545386,0.004269196458311071
105,4,16,17,0.14166666666666666,0.1,5,0.0031907555768971208,0.002560469294245761
105,4,16,17,0.14166666666666666,0.1,7,0.002278897746734725,0.001828592191754913
105,4,16,17,0.14166666666666666,0.1,9,0.001772386679453069,0.0014221038181412523
105,4,16,17,0.14166666666666666,0.1,11,0.0014500889079922608,0.001163469832141291
105,4,16,17,0.14166666666666666,0.1,13,0.0012269719025497657,0.0009844338239387207
105,4,16,17,0.14166666666666666,0.1,15,0.0010633590192429317,0.0008531502154814141
105,4,16,17,0.14166666666666666,0.1,17,0.0009382468139529405,0.000752762252135795
105,4,16,17,0.14166666666666666,0.1,19,0.0008394761614061219,0.0006735118841915757
105,4,16,17,0.14166666666666666,0.5,1,0.37015842104961927,0.30715835945267844
105,4,16,17,0.14166666666666666,0.5,3,0.12152565849346465,0.10075302342024342
105,4,16,17,0.14166666666666666,0.5,5,0.07276869016621858,0.06030117516608977
105,4,16,17,0.14166666666666666,0.5,7,0.05193799896697424,0.04302872502839154
105,4,16,17,0.14166666666666666,0.5,9,0.040380190092617965,0.03344847943248443
105,4,16,17,0.14166666666666666,0.5,11,0.0330303305875467,0.027357560117985555
105,4,16,17,0.14166666666666666,0.5,13,0.027944183827383083,0.023143270649041283
105,4,16,17,0.14166666666666666,0.5,15,0.024215456626340878,0.020054074316708703
105,4,16,17,0.14166666666666666,0.5,17,0.021364696486424577,0.017692472655588497
105,4,16,17,0.14166666666666666,0.5,19,0.019114467953430404,0.015828490692147663
105,4,16,17,0.14166666666666666,1.0,1,1.1539513097270526,1.0397905431039338
105,4,16,17,0.14166666666666666,1.0,3,0.3796604735295946,0.3381215200895691
105,4,16,17,0.14166666666666666,1.0,5,0.22697078291048248,0.20195284426498003
105,4,16,17,0.14166666666666666,1.0,7,0.16183407773084058,0.14395964623480811
105,4,16,17,0.14166666666666666,1.0,9,0.12573979754304873,0.11184022677449973
105,4,16,17,0.14166666666666666,1.0,11,0.10280777600317532,0.0914382043287176
105,4,16,17,0.14166666666666666,1.0,13,0.08694932395583693,0.07733106642542632
105,4,16,17,0.14166666666666666,1.0,15,0.075329152886382,0.06699491691305116
105,4,16,17,0.14166666666666666,1.0,17,0.06644857485552991,0.05909601682397774
105,4,16,17,0.14166666666666666,1.0,19,0.0594409605832768,0.0528632475014555
106,4,16,17,0.14166666666666666,0.1,1,0.017244089827024623,0.016234312120379166
106,4,16,17,0.14166666666666666,0.1,3,0.005742704368075391,0.00540304881996781
106,4,16,17,0.14166666666666666,0.1,5,0.0034452583769216893,0.003241398231741618
106,4,16,17,0.14166666666666666,0.1,7,0.0024608071731071607,0.002315194262278765
106,4,16,17,0.14166666666666666,0.1,9,0.001913925519052421,0.0018006760936646762
106,4,16,17,0.14166666666666666,0.1,11,0.0015659217319386831,0.001473267091485045
106,4,16,17,0.14166666666666666,0.1,13,0.0013250010129821743,0.001246603782886276
106,4,16,17,0.14166666666666666,0.1,15,0.0011483282679079037,0.001080386047051931
106,4,16,17,0.14166666666666666,0.1,17,0.0010132269206484517,0.0009532793999736631
106,4,16,17,0.14166666666666666,0.1,19,0.0009065687558472096,0.0008529326229417631
106,4,16,17,0.14166666666666666,0.5,1,0.3896701348434308,0.366891636164204
106,4,16,17,0.14166666666666666,0.5,3,0.12781100379380586,0.11795318581312626
106,4,16,17,0.14166666666666666,0.5,5,0.07659065277816782,0.0705777769779174
106,4,16,17,0.14166666666666666,0.5,7,0.054687118795437244,0.05037500930783898
106,4,16,17,0.14166666666666666,0.5,9,0.042527290950945436,0.039168512260798004
106,4,16,17,0.14166666666666666,0.5,11,0.034791855864734274,0.032041972215962805
106,4,16,17,0.14166666666666666,0.5,13,0.029437584449532785,0.02711000717944767
106,4,16,17,0.14166666666666666,0.5,15,0.025511594696242406,0.023494016991826263
106,4,16,17,0.14166666666666666,0.5,17,0.02250961460185422,0.020729234607190946
106,4,16,17,0.14166666666666666,0.5,19,0.020139770507319122,0.018546720012876126
106,4,16,17,0.14166666666666666,1.0,1,1.1464927925008084,1.0911384464826668
106,4,16,17,0.14166666666666666,1.0,3,0.37540918399798123,0.3455192380172926
106,4,16,17,0.14166666666666666,1.0,5,0.2251003916311623,0.20726015548659238
106,4,16,17,0.14166666666666666,1.0,7,0.16070131866755166,0.1480154695130134
106,4,16,17,0.14166666666666666,1.0,9,0.12494648565596075,0.115107186112184
106,4,16,17,0.14166666666666666,1.0,11,0.1022044947934281,0.09416893048478799
106,4,16,17,0.14166666666666666,1.0,13,0.08646575981333038,0.07967518913308154
106,4,16,17,0.14166666666666666,1.0,15,0.07492720932181585,0.06904763253910355
106,4,16,17,0.14166666666666666,1.0,17,0.06610551423060533,0.06092142296509419
106,4,16,17,0.14166666666666666,1.0,19,0.059142218451487656,0.054506482469106145
107,4,16,17,0.14166666666666666,0.1,1,0.016925958041376414,0.01584071020915434
107,4,16,17,0.14166666666666666,0.1,3,0.005629011691272799,0.005274412750300486
107,4,16,17,0.14166666666666666,0.1,5,0.0033761819933904877,0.003164314057215668
107,4,16,17,0.14166666666666666,0.1,7,0.002411207652426795,0.0022601489183557595
107,4,16,17,0.14166666666666666,0.1,9,0.0018752369547234843,0.0017578664123837566
107,4,16,17,0.14166666666666666,0.1,11,0.0015342098378803648,0.0014382418222982263
107,4,16,17,0.14166666666666666,0.1,13,0.0012981342226902784,0.001216967151625974
107,4,16,17,0.14166666666666666,0.1,15,0.0011250223759991039,0.0010547008932834177
107,4,16,17,0.14166666666666666,0.1,17,0.0009926485221682531,0.0009306158994003486
107,4,16,17,0.14166666666666666,0.1,19,0.0008881463622202539,0.0008326546185997729
107,4,16,17,0.14166666666666666,0.5,1,0.38992825852876556,0.36377180182020813
107,4,16,17,0.14166666666666666,0.5,3,0.12660798653941382,0.11834694987437369
107,4,16,17,0.14166666666666666,0.5,5,0.07574253863006213,0.07085129538859075
107,4,16,17,0.14166666666666666,0.5,7,0.05404621542259853,0.050573668942484294
107,4,16,17,0.14166666666666666,0.5,9,0.04201440857978901,0.0393229614588664
107,4,16,17,0.14166666666666666,0.5,11,0.034364966283840497,0.03216786278343805
107,4,16,17,0.14166666666666666,0.5,13,0.029072211980039526,0.027216080542991593
107,4,16,17,0.14166666666666666,0.5,15,0.02519233844422794,0.02358558527013684
107,4,16,17,0.14166666666666666,0.5,17,0.02222618512611272,0.020809747553082344
107,4,16,17,0.14166666666666666,0.5,19,0.01988496361677909,0.018618537323549213
107,4,16,17,0.14166666666666666,1.0,1,1.1886214753761395,1.1279503596161498
107,4,16,17,0.14166666666666666,1.0,3,0.3718275109276415,0.3505263357117975
107,4,16,17,0.14166666666666666,1.0,5,0.22170348457737166,0.20863970693766856
107,4,16,17,0.14166666666666666,1.0,7,0.15803648243428467,0.14861397408451932
107,4,16,17,0.14166666666666666,1.0,9,0.12279827755354333,0.11542929447174767
107,4,16,17,0.14166666666666666,1.0,11,0.10041563610323334,0.09436519653176055
107,4,16,17,0.14166666666666666,1.0,13,0.08493687392608898,0.07980472434341127
107,4,16,17,0.14166666666666666,1.0,15,0.07359385023982637,0.06913797900191418
107,4,16,17,0.14166666666666666,1.0,17,0.06492408081940935,0.06098701105588388
107,4,16,17,0.14166666666666666,1.0,19,0.05808202442068087,0.05455554805092193
108,4,16,17,0.14166666666666666,0.1,1,0.013705139898662726,0.013402429281981997
108,4,16,17,0.14166666666666666,0.1,3,0.004568005852463269,0.004462526301541188
108,4,16,17,0.14166666666666666,0.1,5,0.0027407854735910283,0.002677278428241778
108,4,16,17,0.14166666666666666,0.1,7,0.0019577003584522624,0.0019122950298018683
108,4,16,17,0.14166666666666666,0.1,9,0.0015226546975416822,0.0014873256302866868
108,4,16,17,0.14166666666666666,0.1,11,0.001245807918046088,0.0012168965974143201
108,4,16,17,0.14166666666666666,0.1,13,0.0010541449322706107,0.0010296787233635828
108,4,16,17,0.14166666666666666,0.1,15,0.0009135921500296674,0.0008923865886424013
108,4,16,17,0.14166666666666666,0.1,17,0.0008061106471349197,0.0007873989650869484
108,4,16,17,0.14166666666666666,0.1,19,0.000721256848706515,0.0007045142574132764
108,4,16,17,0.14166666666666666,0.5,1,0.32048182779072193,0.3112054739961463
108,4,16,17,0.14166666666666666,0.5,3,0.10674956533990708,0.10099146284764385
108,4,16,17,0.14166666666666666,0.5,5,0.06404375845542223,0.060466421840770154
108,4,16,17,0.14166666666666666,0.5,7,0.04574431308993846,0.043165075417522236
108,4,16,17,0.14166666666666666,0.5,9,0.03557851178824233,0.033564767438949955
108,4,16,17,0.14166666666666666,0.5,11,0.02910952552579784,0.02745874150595999
108,4,16,17,0.14166666666666666,0.5,13,0.024631055985473146,0.023232694058989124
108,4,16,17,0.14166666666666666,0.5,15,0.021346871066182115,0.02013411762818811
108,4,16,17,0.14166666666666666,0.5,17,0.01883544842260226,0.017764876716366316
108,4,16,17,0.14166666666666666,0.5,19,0.016852753287114417,0.01589456272702807
108,4,16,17,0.14166666666666666,1.0,1,1.0425591257327849,0.9900960753900576
108,4,16,17,0.14166666666666666,1.0,3,0.35237601214756425,0.30174681872982584
108,4,16,17,0.14166666666666666,1.0,5,0.21137006580982717,0.17975753163591107
108,4,16,17,0.14166666666666666,1.0,7,0.15096096754499796,0.1281438361917137
108,4,16,17,0.14166666666666666,1.0,9,0.11740776955837469,0.09958593854158185
108,4,16,17,0.14166666666666666,1.0,11,0.09605816447486716,0.08144564166424487
108,4,16,17,0.14166666666666666,1.0,13,0.08127862140667587,0.06889910850393689
108,4,16,17,0.14166666666666666,1.0,15,0.07044072006355637,0.05970362329475795
108,4,16,17,0.14166666666666666,1.0,17,0.06215312931817664,0.05267439688542878
108,4,16,17,0.14166666666666666,1.0,19,0.05561041243407161,0.04712641664967744
109,4,16,17,0.14166666666666666,0.1,1,0.012971147081272677,0.012105045610140933
109,4,16,17,0.14166666666666666,0.1,3,0.004319013127051712,0.004031278821152837
109,4,16,17,0.14166666666666666,0.1,5,0.0025911825001585253,0.0024185882420393974
109,4,16,17,0.14166666666666666,0.1,7,0.0018508002969855244,0.0017275277995543055
109,4,16,17,0.14166666666666666,0.1,9,0.0014394971487693324,0.0013436214571961693
109,4,16,17,0.14166666666666666,0.1,11,0.0011777645162203442,0.0010993219768766244
109,4,16,17,0.14166666666666666,0.1,13,0.0009965671145733955,0.0009301932462523391
109,4,16,17,0.14166666666666666,0.1,15,0.0008636899437972941,0.0008061662443348582
109,4,16,17,0.14166666666666666,0.1,17,0.0007620784449164106,0.0007113224280619321
109,4,16,17,0.14166666666666666,0.1,19,0.0006818590857838611,0.0006364459258252085
109,4,16,17,0.14166666666666666,0.5,1,0.2999032511193842,0.28466580405401704
109,4,16,17,0.14166666666666666,0.5,3,0.09740504492096683,0.0929533832109324
109,4,16,17,0.14166666666666666,0.5,5,0.058325027176390314,0.05568364089475171
109,4,16,17,0.14166666666666666,0.5,7,0.041637602148949425,0.039756702009949595
109,4,16,17,0.14166666666666666,0.5,9,0.03237740662965779,0.030916339723051713
109,4,16,17,0.14166666666666666,0.5,11,0.026487544265459347,0.025292893888943107
109,4,16,17,0.14166666666666666,0.5,13,0.022411048109738308,0.021400563741541652
109,4,16,17,0.14166666666666666,0.5,15,0.019422098657595394,0.01854654867022862
109,4,16,17,0.14166666666666666,0.5,17,0.01713666845066817,0.01636424411444359
109,4,16,17,0.14166666666666666,0.5,19,0.015332509114282375,0.014641467736967678
109,4,16,17,0.14166666666666666,1.0,1,0.9468853371941758,0.9438232222455971
109,4,16,17,0.14166666666666666,1.0,3,0.2934420093403834,0.3032668469505932
109,4,16,17,0.14166666666666666,1.0,5,0.1751242457327455,0.18176530818330613
109,4,16,17,0.14166666666666666,1.0,7,0.12490458210575436,0.1298000885152462
109,4,16,17,0.14166666666666666,1.0,9,0.09708915047590769,0.10094587582175636
109,4,16,17,0.14166666666666666,1.0,11,0.07941221647504629,0.08258814788928726
109,4,16,17,0.14166666666666666,1.0,13,0.06718310062647419,0.06988039228172896
109,4,16,17,0.14166666666666666,1.0,15,0.05821891069443886,0.06056198946180963
109,4,16,17,0.14166666666666666,1.0,17,0.05136582808315124,0.0534364530069742
109,4,16,17,0.14166666666666666,1.0,19,0.04595651563777505,0.047811190391108795
110,4,16,17,0.14166666666666666,0.1,1,0.01342630898127578,0.016270383813444565
110,4,16,17,0.14166666666666666,0.1,3,0.0044664017145634935,0.005414977127466321
110,4,16,17,0.14166666666666666,0.1,5,0.0026790721065424465,0.0032484849921342995
110,4,16,17,0.14166666666666666,0.1,7,0.0019134102955770285,0.002320230363073724
110,4,16,17,0.14166666666666666,0.1,9,0.0014881207073675123,0.0018045809937224967
110,4,16,17,0.14166666666666666,0.1,11,0.0012175092450483474,0.001476455455403934
110,4,16,17,0.14166666666666666,0.1,13,0.001030174856400522,0.001249297684900543
110,4,16,17,0.14166666666666666,0.1,15,0.0008928023877298329,0.0010827182079197293
110,4,16,17,0.14166666666666666,0.1,17,0.0007877562593769917,0.0009553354416682926
110,4,16,17,0.14166666666666666,0.1,19,0.00070482716003332,0.0008547709918576001
110,4,16,17,0.14166666666666666,0.5,1,0.31103747908546814,0.3695155833530462
110,4,16,17,0.14166666666666666,0.5,3,0.10104533188101002,0.11937118813746025
110,4,16,17,0.14166666666666666,0.5,5,0.06047723872228863,0.07145430167598286
110,4,16,17,0.14166666666666666,0.5,7,0.0431615775935406,0.05100499470863611
110,4,16,17,0.14166666666666666,0.5,9,0.03355620861207672,0.03965955622744546
110,4,16,17,0.14166666666666666,0.5,11,0.027448392596231434,0.03244410535618467
110,4,16,17,0.14166666666666666,0.5,13,0.023221857836237147,0.027450422978173593
110,4,16,17,0.14166666666666666,0.5,15,0.020123350609161317,0.023789109065003648
110,4,16,17,0.14166666666666666,0.5,17,0.0177544209109134,0.020989639011345394
110,4,16,17,0.14166666666666666,0.5,19,0.01588451760869095,0.018779725888066628
110,4,16,17,0.14166666666666666,1.0,1,0.9836565978229052,1.1146067094742027
110,4,16,17,0.14166666666666666,1.0,3,0.3179908549081733,0.35538917640696693
110,4,16,17,0.14166666666666666,1.0,5,0.19039138957159463,0.211982086510727
110,4,16,17,0.14166666666666666,1.0,7,0.13587267520078025,0.1510826490361751
110,4,16,17,0.14166666666666666,1.0,9,0.1056257780370477,0.11737461219486182
110,4,16,17,0.14166666666666666,1.0,11,0.08639320969194877,0.09596695913745142
110,4,16,17,0.14166666666666666,1.0,13,0.07308547481541715,0.08116484746952352
110,4,16,17,0.14166666666666666,1.0,15,0.06333020756353858,0.07031927525709707
110,4,16,17,0.14166666666666666,1.0,17,0.055872448559494116,0.06203077296983558
110,4,16,17,0.14166666666666666,1.0,19,0.049986069535192364,0.05549031622671257
111,4,16,17,0.14166666666666666,0.1,1,0.013573263167367967,0.01411016445723983
111,4,16,17,0.14166666666666666,0.1,3,0.00451685924937051,0.004696301924720206
111,4,16,17,0.14166666666666666,0.1,5,0.0027094052588850933,0.002816952827426417
111,4,16,17,0.14166666666666666,0.1,7,0.001935086539966822,0.002011857614485018
111,4,16,17,0.14166666666666666,0.1,9,0.0015049825572700615,0.0015646698826459352
111,4,16,17,0.14166666666666666,0.1,11,0.0012313061326176297,0.0012801282166515827
111,4,16,17,0.14166666666666666,0.1,13,0.0010418494396027234,0.0010831525259081742
111,4,16,17,0.14166666666666666,0.1,15,0.0009029204602999481,0.0009387113109682987
111,4,16,17,0.14166666666666666,0.1,17,0.0007966839948777235,0.0008282606110594997
111,4,16,17,0.14166666666666666,0.1,19,0.000712815127408306,0.0007410653480901277
111,4,16,17,0.14166666666666666,0.5,1,0.3200214112187479,0.3302556704902518
111,4,16,17,0.14166666666666666,0.5,3,0.10476830412555979,0.10912899229983651
111,4,16,17,0.14166666666666666,0.5,5,0.06272495778465494,0.0653555304414358
111,4,16,17,0.14166666666666666,0.5,7,0.04476820165444687,0.04664527845771333
111,4,16,17,0.14166666666666666,0.5,9,0.03480572373945209,0.03626361876120504
111,4,16,17,0.14166666666666666,0.5,11,0.028470519932566243,0.02966190259383216
111,4,16,17,0.14166666666666666,0.5,13,0.024086555904671278,0.02509366259860403
111,4,16,17,0.14166666666666666,0.5,15,0.020872615544155503,0.02174475047280823
111,4,16,17,0.14166666666666666,0.5,17,0.0184154294731152,0.0191844619561939
111,4,16,17,0.14166666666666666,0.5,19,0.016475863285971653,0.01716357537366282
111,4,16,17,0.14166666666666666,1.0,1,1.0441948542993054,1.0606950364444065
111,4,16,17,0.14166666666666666,1.0,3,0.3379667797046719,0.347929802053682
111,4,16,17,0.14166666666666666,1.0,5,0.20183726127454887,0.20767920381050023
111,4,16,17,0.14166666666666666,1.0,7,0.1438842911712473,0.1479947814808476
111,4,16,17,0.14166666666666666,1.0,9,0.1117878278561696,0.11495361304416507
111,4,16,17,0.14166666666666666,1.0,11,0.09139957563721474,0.09397211913482106
111,4,16,17,0.14166666666666666,1.0,13,0.07730127528549799,0.07946716594436103
111,4,16,17,0.14166666666666666,1.0,15,0.06697112886566679,0.0688410728693474
111,4,16,17,0.14166666666666666,1.0,17,0.05907649677176661,0.06072148851177383
111,4,16,17,0.14166666666666666,1.0,19,0.052846875579601105,0.05431513724853661
112,4,16,17,0.14166666666666666,0.1,1,0.015332718221516026,0.014329444153828964
112,4,16,17,0.14166666666666666,0.1,3,0.005102064923957727,0.004769793834923194
112,4,16,17,0.14166666666666666,0.1,5,0.003060268186896758,0.00286128060393282
112,4,16,17,0.14166666666666666,0.1,7,0.002185615521332389,0.0020436044252941576
112,4,16,17,0.14166666666666666,0.1,9,0.0016997991268250714,0.0015894007603359532
112,4,16,17,0.14166666666666666,0.1,11,0.0013906805745096565,0.0013003836085083717
112,4,16,17,0.14166666666666666,0.1,13,0.0011766922932953078,0.0011003043254877419
112,4,16,17,0.14166666666666666,0.1,15,0.0010197762770260584,0.0009535843598434684
112,4,16,17,0.14166666666666666,0.1,17,0.0008997866364073686,0.0008413894599787818
112,4,16,17,0.14166666666666666,0.1,19,0.0008050609997980884,0.0007528161846050627
112,4,16,17,0.14166666666666666,0.5,1,0.35677223189259194,0.3352447677860017
112,4,16,17,0.14166666666666666,0.5,3,0.11743905101573333,0.1097762585995291
112,4,16,17,0.14166666666666666,0.5,5,0.0703035334017442,0.06574461889112468
112,4,16,17,0.14166666666666666,0.5,7,0.05017099226469881,0.04693193811610594
112,4,16,17,0.14166666666666666,0.5,9,0.039002777665454694,0.03649201737716771
112,4,16,17,0.14166666666666666,0.5,11,0.03190163476576259,0.029852104298841782
112,4,16,17,0.14166666666666666,0.5,13,0.026988077801376284,0.025256742535874798
112,4,16,17,0.14166666666666666,0.5,15,0.023386139180007155,0.021887531052739145
112,4,16,17,0.14166666666666666,0.5,17,0.020632467966756524,0.019311461865469254
112,4,16,17,0.14166666666666666,0.5,19,0.01845897267328846,0.01727794832458258
112,4,16,17,0.14166666666666666,1.0,1,1.131734130054694,1.0818341450384223
112,4,16,17,0.14166666666666666,1.0,3,0.37225741807508855,0.34440908443213636
112,4,16,17,0.14166666666666666,1.0,5,0.22197249742748879,0.20562446073064736
112,4,16,17,0.14166666666666666,1.0,7,0.1581614337029934,0.14663549866645856
112,4,16,17,0.14166666666666666,1.0,9,0.12285371534499706,0.11396534987222552
112,4,16,17,0.14166666666666666,1.0,11,0.10043551011597597,0.09320666667577567
112,4,16,17,0.14166666666666666,1.0,13,0.08493733367137372,0.07884762683953027
112,4,16,17,0.14166666666666666,1.0,15,0.07358321281241467,0.06832336126340027
112,4,16,17,0.14166666666666666,1.0,17,0.06490692675380852,0.06027833436265074
112,4,16,17,0.14166666666666666,1.0,19,0.05806101285331543,0.05392864948089785
113,4,16,17,0.14166666666666666,0.1,1,0.014248550213836739,0.013243963039639954
113,4,16,17,0.14166666666666666,0.1,3,0.004741966351059053,0.0044059685164908125
113,4,16,17,0.14166666666666666,0.1,5,0.0028445546431145096,0.002642975274452315
113,4,16,17,0.14166666666666666,0.1,7,0.0020316540946967703,0.0018876855972857704
113,4,16,17,0.14166666666666666,0.1,9,0.001580105865586656,0.001468139772891501
113,4,16,17,0.14166666666666666,0.1,11,0.0012927789620720265,0.0012011758912019543
113,4,16,17,0.14166666666666666,0.1,13,0.0010938699241662333,0.0010163631358445114
113,4,16,17,0.14166666666666666,0.1,15,0.0009480081337187627,0.0008808379226409104
113,4,16,17,0.14166666666666666,0.1,17,0.0008364694652138482,0.0007772032667246803
113,4,16,17,0.14166666666666666,0.1,19,0.0007484142466078577,0.0006953877811452327
113,4,16,17,0.14166666666666666,0.5,1,0.33108468114337597,0.3070939672245093
113,4,16,17,0.14166666666666666,0.5,3,0.10781295716666037,0.0986121837040545
113,4,16,17,0.14166666666666666,0.5,5,0.06451752386916458,0.058979853808040786
113,4,16,17,0.14166666666666666,0.5,7,0.046041243736695325,0.04208854047853179
113,4,16,17,0.14166666666666666,0.5,9,0.03579332332913203,0.03272173755348031
113,4,16,17,0.14166666666666666,0.5,11,0.029277426902079674,0.026766193142352672
113,4,16,17,0.14166666666666666,0.5,13,0.024768737847833622,0.02264512284485437
113,4,16,17,0.14166666666666666,0.5,15,0.021463502151414408,0.019623923116916596
113,4,16,17,0.14166666666666666,0.5,17,0.018936589495379515,0.01731406862370828
113,4,16,17,0.14166666666666666,0.5,19,0.016942025201748732,0.015490766922694174
113,4,16,17,0.14166666666666666,1.0,1,1.0513704723502382,0.9737670952795873
113,4,16,17,0.14166666666666666,1.0,3,0.3309220782916632,0.28738194635783676
113,4,16,17,0.14166666666666666,1.0,5,0.19698225222900942,0.17131153493516693
113,4,16,17,0.14166666666666666,1.0,7,0.1402575468073657,0.1221639409741062
113,4,16,17,0.14166666666666666,1.0,9,0.10890461229997521,0.09495375360836454
113,4,16,17,0.14166666666666666,1.0,11,0.08900990295401709,0.0776638280629048
113,4,16,17,0.14166666666666666,1.0,13,0.07526195562099014,0.06570317250057808
113,4,16,17,0.14166666666666666,1.0,15,0.06519303213786493,0.056936048744213374
113,4,16,17,0.14166666666666666,1.0,17,0.057500527280895386,0.05023374880179417
113,4,16,17,0.14166666666666666,1.0,19,0.05143189143787209,0.04494351712129813
114,4,16,17,0.14166666666666666,0.1,1,0.013933216616430771,0.015055900887772903
114,4,16,17,0.14166666666666666,0.1,3,0.004638458916845121,0.005013351041924603
114,4,16,17,0.14166666666666666,0.1,5,0.0027826596042995135,0.003007524559874321
114,4,16,17,0.14166666666666666,0.1,7,0.0019875081464626873,0.0021480938094003404
114,4,16,17,0.14166666666666666,0.1,9,0.0015457982316304057,0.0016706821662128037
114,4,16,17,0.14166666666666666,0.1,11,0.0012647237396191337,0.0013668925154062838
114,4,16,17,0.14166666666666666,0.1,13,0.0010701394869475336,0.0011565844757847738
114,4,16,17,0.14166666666666666,0.1,15,0.0009274472226672656,0.0010023625970757356
114,4,16,17,0.14166666666666666,0.1,17,0.0008183311761019188,0.0008844304810798898
114,4,16,17,0.14166666666666666,0.1,19,0.0007321878594141618,0.0007913275489971273
114,4,16,17,0.14166666666666666,0.5,1,0.32651671535930105,0.34926551866381234
114,4,16,17,0.14166666666666666,0.5,3,0.10652647401957982,0.11494826652760821
114,4,16,17,0.14166666666666666,0.5,5,0.06381729077342845,0.0688740968102098
114,4,16,17,0.14166666666666666,0.5,7,0.04556364810530738,0.049172207643319484
114,4,16,17,0.14166666666666666,0.5,9,0.03543176628101679,0.03823595609631494
114,4,16,17,0.14166666666666666,0.5,11,0.028986814608232384,0.031279560954173405
114,4,16,17,0.14166666666666666,0.5,13,0.02452590495280166,0.026464869378636763
114,4,16,17,0.14166666666666666,0.5,15,0.02125500691980244,0.02293471975951901
114,4,16,17,0.14166666666666666,0.5,17,0.018753950091393502,0.02023553412312405
114,4,16,17,0.14166666666666666,0.5,19,0.016779550827119245,0.018104799230907107
114,4,16,17,0.14166666666666666,1.0,1,1.061027824499462,1.094215864395264
114,4,16,17,0.14166666666666666,1.0,3,0.3389603844681622,0.35246160042597385
114,4,16,17,0.14166666666666666,1.0,5,0.20217282151180757,0.210831026323578
114,4,16,17,0.14166666666666666,1.0,7,0.1440943289552688,0.15044358499023058
114,4,16,17,0.14166666666666666,1.0,9,0.1119482436646674,0.1169557160327896
114,4,16,17,0.14166666666666666,1.0,11,0.09153224604457647,0.09566449707428182
114,4,16,17,0.14166666666666666,1.0,13,0.07741549604884801,0.08093231157298121
114,4,16,17,0.14166666666666666,1.0,15,0.06707187216269571,0.07013251123394189
114,4,16,17,0.14166666666666666,1.0,17,0.0591668236053287,0.06187588970703682
114,4,16,17,0.14166666666666666,1.0,19,0.05292884690387165,0.05535870317547332
115,4,16,17,0.14166666666666666,0.1,1,0.011467764941856265,0.012555288556760854
115,4,16,17,0.14166666666666666,0.1,3,0.0038208862170702636,0.004182421880651584
115,4,16,17,0.14166666666666666,0.1,5,0.0022924268210899375,0.002509325166163977
115,4,16,17,0.14166666666666666,0.1,7,0.0016374264390642877,0.0017923499440977752
115,4,16,17,0.14166666666666666,0.1,9,0.0012735470161764453,0.001394041899542371
115,4,16,17,0.14166666666666666,0.1,11,0.0010419901511382747,0.0011405763992217016
115,4,16,17,0.14166666666666666,0.1,13,0.0008816825779664636,0.0009651014831896206
115,4,16,17,0.14166666666666666,0.1,15,0.0007641241407472707,0.0008364204024705364
115,4,16,17,0.14166666666666666,0.1,17,0.000674226734362025,0.000738017481513285
115,4,16,17,0.14166666666666666,0.1,19,0.0006032552175276459,0.0006603311041736034
115,4,16,17,0.14166666666666666,0.5,1,0.272373963487533,0.289689981673448
115,4,16,17,0.14166666666666666,0.5,3,0.09080384916492668,0.09515667416670272
115,4,16,17,0.14166666666666666,0.5,5,0.05445148735449803,0.05703124538623043
115,4,16,17,0.14166666666666666,0.5,7,0.03888464517749826,0.040724324021885215
115,4,16,17,0.14166666666666666,0.5,9,0.03024004764403982,0.03167055052912141
115,4,16,17,0.14166666666666666,0.5,11,0.024740231111290346,0.025910644776503223
115,4,16,17,0.14166666666666666,0.5,13,0.020933204305471735,0.02192360178269209
115,4,16,17,0.14166666666666666,0.5,15,0.018141638451956807,0.01900002544040223
115,4,16,17,0.14166666666666666,0.5,17,0.016007042981429506,0.016764475132952206
115,4,16,17,0.14166666666666666,0.5,19,0.014321909212083478,0.014999634708407095
115,4,16,17,0.14166666666666666,1.0,1,0.9216015161883415,0.9184193047712337
115,4,16,17,0.14166666666666666,1.0,3,0.31398693114772064,0.29601211672025707
115,4,16,17,0.14166666666666666,1.0,5,0.18815092989691137,0.17690672001860538
115,4,16,17,0.14166666666666666,1.0,7,0.1343227369217273,0.1262132661300165
115,4,16,17,0.14166666666666666,1.0,9,0.10444765918465394,0.09811703352325987
115,4,16,17,0.14166666666666666,1.0,11,0.08544598889194086,0.08025710240573755
115,4,16,17,0.14166666666666666,1.0,13,0.07229484672680628,0.06789982917815514
115,4,16,17,0.14166666666666666,1.0,15,0.06265243210730992,0.05884104538290592
115,4,16,17,0.14166666666666666,1.0,17,0.0552797078896827,0.051915333825960044
115,4,16,17,0.14166666666666666,1.0,19,0.04945962171802428,0.046448528414294324
116,4,16,17,0.14166666666666666,0.1,1,0.014140712976280834,0.015047271720259818
116,4,16,17,0.14166666666666666,0.1,3,0.004705841370462714,0.005008593733189399
116,4,16,17,0.14166666666666666,0.1,5,0.0028228464300818798,0.0030044457305686586
116,4,16,17,0.14166666666666666,0.1,7,0.0020161373633222797,0.0021458259749523216
116,4,16,17,0.14166666666666666,0.1,9,0.001568032470561288,0.0016688886257392886
116,4,16,17,0.14166666666666666,0.1,11,0.0012828981782513865,0.0013654096259092948
116,4,16,17,0.14166666666666666,0.1,13,0.001085507751621192,0.0011553206740932925
116,4,16,17,0.14166666666666666,0.1,15,0.0009407599517586522,0.0010012615510425478
116,4,16,17,0.14166666666666666,0.1,17,0.0008300733556667578,0.0008834550892318657
116,4,16,17,0.14166666666666666,0.1,19,0.0007426909474017506,0.0007904520887651061
116,4,16,17,0.14166666666666666,0.5,1,0.3289221626753017,0.34830239822746983
116,4,16,17,0.14166666666666666,0.5,3,0.10716606452965459,0.11443413002951472
116,4,16,17,0.14166666666666666,0.5,5,0.06411950183575074,0.06853785197134453
116,4,16,17,0.14166666666666666,0.5,7,0.04575310080372064,0.0489236154935189
116,4,16,17,0.14166666666666666,0.5,9,0.03556741606129492,0.03803899082431497
116,4,16,17,0.14166666666666666,0.5,11,0.02909162129487949,0.031116531410416367
116,4,16,17,0.14166666666666666,0.5,13,0.024610934728474206,0.02632582467670692
116,4,16,17,0.14166666666666666,0.5,15,0.021326363202577716,0.02281351843020288
116,4,16,17,0.14166666666666666,0.5,17,0.018815327899502972,0.020128122715357858
116,4,16,17,0.14166666666666666,0.5,19,0.016833345227356963,0.018008363226641594
116,4,16,17,0.14166666666666666,1.0,1,1.0505435666663536,1.0906546129572572
116,4,16,17,0.14166666666666666,1.0,3,0.3337983534263621,0.35359624447723403
116,4,16,17,0.14166666666666666,1.0,5,0.19847375449138221,0.21123944223058874
116,4,16,17,0.14166666666666666,1.0,7,0.14123067650275278,0.150646181323145
116,4,16,17,0.14166666666666666,1.0,9,0.109617980827657,0.11707486201897198
116,4,16,17,0.14166666666666666,1.0,11,0.0895698520280555,0.09574215515683246
116,4,16,17,0.14166666666666666,1.0,13,0.07572146637406872,0.08098651265627696
116,4,16,17,0.14166666666666666,1.0,15,0.06558201393992677,0.07017222664845017
116,4,16,17,0.14166666666666666,1.0,17,0.057837409454708166,0.06190606635478014
116,4,16,17,0.14166666666666666,1.0,19,0.05172878795721275,0.05538228438535007
117,4,16,17,0.14166666666666666,0.1,1,0.011389162243078961,0.010785095369319804
117,4,16,17,0.14166666666666666,0.1,3,0.0037878356418974564,0.00357985340009959
117,4,16,17,0.14166666666666666,0.1,5,0.0022719378978741157,0.002146260257085038
117,4,16,17,0.14166666666666666,0.1,7,0.0016225980851256928,0.0015325498603662687
117,4,16,17,0.14166666666666666,0.1,9,0.0012619317917067182,0.0011917726433434304
117,4,16,17,0.14166666666666666,0.1,11,0.0010324445041702743,0.0009749778349683256
117,4,16,17,0.14166666666666666,0.1,13,0.0008735808918953935,0.0008249177636579708
117,4,16,17,0.14166666666666666,0.1,15,0.0007570871197939874,0.0007148885163043029
117,4,16,17,0.14166666666666666,0.1,17,0.0006680071370624399,0.0006307569195632282
117,4,16,17,0.14166666666666666,0.1,19,0.0005976829457193277,0.0005643423730428726
117,4,16,17,0.14166666666666666,0.5,1,0.2691801819327714,0.26216691510597495
117,4,16,17,0.14166666666666666,0.5,3,0.08699932795018935,0.08457654047210923
117,4,16,17,0.14166666666666666,0.5,5,0.05203218973621342,0.0504901285737574
117,4,16,17,0.14166666666666666,0.5,7,0.03712554133193032,0.035991328917957185
117,4,16,17,0.14166666666666666,0.5,9,0.028860187966875277,0.027962744582419673
117,4,16,17,0.14166666666666666,0.5,11,0.02360561167342834,0.022863043826245297
117,4,16,17,0.14166666666666666,0.5,13,0.01996997529746836,0.01933665811288019
117,4,16,17,0.14166666666666666,0.5,15,0.017304881848774305,0.01675277651467639
117,4,16,17,0.14166666666666666,0.5,17,0.015267431383120738,0.014778070450532655
117,4,16,17,0.14166666666666666,0.5,19,0.01365924741295625,0.01321982157245172
117,4,16,17,0.14166666666666666,1.0,1,0.891661480697235,0.9221128808769666
117,4,16,17,0.14166666666666666,1.0,3,0.26664116471869304,0.28888374487722057
117,4,16,17,0.14166666666666666,1.0,5,0.1583063854421345,0.17182185741450692
117,4,16,17,0.14166666666666666,1.0,7,0.11269779556797038,0.12228327350067617
117,4,16,17,0.14166666666666666,1.0,9,0.08751779165084522,0.09491849581733068
117,4,16,17,0.14166666666666666,1.0,11,0.0715429596439029,0.07756189361889021
117,4,16,17,0.14166666666666666,1.0,13,0.06050294530110939,0.06557169664869625
117,4,16,17,0.14166666666666666,1.0,15,0.0524161019088403,0.05679229040137818
117,4,16,17,0.14166666666666666,1.0,17,0.046236881336107184,0.05008625301607296
117,4,16,17,0.14166666666666666,1.0,19,0.041361325638508535,0.04479666958302285
118,4,16,17,0.14166666666666666,0.1,1,0.012975037448089578,0.012087252079244586
118,4,16,17,0.14166666666666666,0.1,3,0.00432361226694522,0.00402107112830822
118,4,16,17,0.14166666666666666,0.1,5,0.0025940451434187605,0.0024119468974082127
118,4,16,17,0.14166666666666666,0.1,7,0.0018528553561548667,0.001722625941694602
118,4,16,17,0.14166666666666666,0.1,9,0.0014410956994998358,0.0013397406618121212
118,4,16,17,0.14166666666666666,0.1,11,0.001179071206977652,0.0010961112694202833
118,4,16,17,0.14166666666666666,0.1,13,0.000997671562084475,0.0009274556991281907
118,4,16,17,0.14166666666666666,0.1,15,0.0008646461336915035,0.0008037804910689319
118,4,16,17,0.14166666666666666,0.1,17,0.0007629213544541115,0.0007092084386545838
118,4,16,17,0.14166666666666666,0.1,19,0.000682612649304964,0.0006345481668565733
118,4,16,17,0.14166666666666666,0.5,1,0.30692600389612373,0.2810537532660952
118,4,16,17,0.14166666666666666,0.5,3,0.10194676450793301,0.09121648006232734
118,4,16,17,0.14166666666666666,0.5,5,0.0611409575693906,0.05455633380930278
118,4,16,17,0.14166666666666666,0.5,7,0.043665534521010754,0.03892543367958984
118,4,16,17,0.14166666666666666,0.5,9,0.03395959793313322,0.0302586265947638
118,4,16,17,0.14166666666666666,0.5,11,0.027783941987383518,0.024748986611513434
118,4,16,17,0.14166666666666666,0.5,13,0.023508838601278403,0.020936967101883107
118,4,16,17,0.14166666666666666,0.5,15,0.020373932413379654,0.018142633541496173
118,4,16,17,0.14166666666666666,0.5,17,0.01797674278555628,0.016006415046775132
118,4,16,17,0.14166666666666666,0.5,19,0.016084278271352413,0.01432029514135845
118,4,16,17,0.14166666666666666,1.0,1,1.024152770951375,0.9665585723988075
118,4,16,17,0.14166666666666666,1.0,3,0.3410545930988598,0.28581759139100593
118,4,16,17,0.14166666666666666,1.0,5,0.20438249994851504,0.16988002194207255
118,4,16,17,0.14166666666666666,1.0,7,0.14593442364206657,0.12093014168995793
118,4,16,17,0.14166666666666666,1.0,9,0.11348709181777411,0.09389577991888616
118,4,16,17,0.14166666666666666,1.0,11,0.09284571000202527,0.07674548516248914
118,4,16,17,0.14166666666666666,1.0,13,0.07855811368298127,0.06489477714115914
118,4,16,17,0.14166666666666666,1.0,15,0.06808168952294344,0.056215363466806605
118,4,16,17,0.14166666666666666,1.0,17,0.060070877364871274,0.04958423857783855
118,4,16,17,0.14166666666666666,1.0,19,0.05374686267117742,0.04435273231165107
119,4,16,17,0.14166666666666666,0.1,1,0.014681147135549388,0.014954908574073411
119,4,16,17,0.14166666666666666,0.1,3,0.004888418299416467,0.004973477249581627
119,4,16,17,0.14166666666666666,0.1,5,0.002932747128263318,0.002982931541946339
119,4,16,17,0.14166666666666666,0.1,7,0.0020947504071648646,0.002130328052825772
119,4,16,17,0.14166666666666666,0.1,9,0.0016292253577531838,0.001656779312684197
119,4,16,17,0.14166666666666666,0.1,11,0.0013329910431420916,0.001355473502624433
119,4,16,17,0.14166666666666666,0.1,13,0.0011279093159459307,0.0011468966139306714
119,4,16,17,0.14166666666666666,0.1,15,0.000977517733855195,0.0009939502237569723
119,4,16,17,0.14166666666666666,0.1,17,0.0008625132978252052,0.0008769968786906909
119,4,16,17,0.14166666666666666,0.1,19,0.0007717208351719348,0.0007846687330850214
119,4,16,17,0.14166666666666666,0.5,1,0.3397809837242096,0.3487318097836761
119,4,16,17,0.14166666666666666,0.5,3,0.11062809433624281,0.11360158817434872
119,4,16,17,0.14166666666666666,0.5,5,0.06625500046232358,0.06797082587737005
119,4,16,17,0.14166666666666666,0.5,7,0.04730076805237585,0.04850047704016635
119,4,16,17,0.14166666666666666,0.5,9,0.036781619006210076,0.03770253507754612
119,4,16,17,0.14166666666666666,0.5,11,0.030090743993533557,0.0308375664297707
119,4,16,17,0.14166666666666666,0.5,13,0.02545976406170354,0.02608767422356665
119,4,16,17,0.14166666666666666,0.5,15,0.022064226264673727,0.022605808984254624
119,4,16,17,0.14166666666666666,0.5,17,0.019467894538113397,0.019943976324128514
119,4,16,17,0.14166666666666666,0.5,19,0.017418298308117242,0.01784299039632654
119,4,16,17,0.14166666666666666,1.0,1,1.069851525395445,1.1071291640671874
119,4,16,17,0.14166666666666666,1.0,3,0.3332291175809551,0.3511853808506685
119,4,16,17,0.14166666666666666,1.0,5,0.19860187143529615,0.20956993469948784
119,4,16,17,0.14166666666666666,1.0,7,0.14155972144213344,0.14938704426276092
119,4,16,17,0.14166666666666666,1.0,9,0.10999547055841422,0.11606573270143448
119,4,16,17,0.14166666666666666,1.0,11,0.08994775827148986,0.09490054376504276
119,4,16,17,0.14166666666666666,1.0,13,0.07608390045612998,0.08026483436117013
119,4,16,17,0.14166666666666666,1.0,15,0.06592423924476287,0.06954061069801946
119,4,16,17,0.14166666666666666,1.0,17,0.05815884633062328,0.06134455113026157
119,4,16,17,0.14166666666666666,1.0,19,0.05203041985953734,0.05487687637123599
120,4,16,17,0.14166666666666666,0.1,1,0.012048379311340516,0.013297638167704205
120,4,16,17,0.14166666666666666,0.1,3,0.004009784174216915,0.004421439019264606
120,4,16,17,0.14166666666666666,0.1,5,0.002405323904357084,0.0026518478851756426
120,4,16,17,0.14166666666666666,0.1,7,0.0017179366820956497,0.0018938895724073736
120,4,16,17,0.14166666666666666,0.1,9,0.0013361104958484469,0.0014729057316071657
120,4,16,17,0.14166666666666666,0.1,11,0.001093149733973196,0.0012050439173668288
120,4,16,17,0.14166666666666666,0.1,13,0.0009249547178255072,0.0010196175018998904
120,4,16,17,0.14166666666666666,0.1,15,0.0008016160618687545,0.0008836464805750927
120,4,16,17,0.14166666666666666,0.1,17,0.0007073007077349041,0.0007796733391306383
120,4,16,17,0.14166666666666666,0.1,19,0.0006328426913426406,0.0006975921244338187
120,4,16,17,0.14166666666666666,0.5,1,0.28369498530644793,0.30818663146407077
120,4,16,17,0.14166666666666666,0.5,3,0.092814608076243,0.09953895008928487
120,4,16,17,0.14166666666666666,0.5,5,0.055590296485396436,0.05950446054906792
120,4,16,17,0.14166666666666666,0.5,7,0.03968388944110592,0.04244788243315291
120,4,16,17,0.14166666666666666,0.5,9,0.030856406668926886,0.032993497468774426
120,4,16,17,0.14166666666666666,0.5,11,0.025241937051308193,0.026984199680043147
120,4,16,17,0.14166666666666666,0.5,13,0.021356242409378928,0.02282692581116294
120,4,16,17,0.14166666666666666,0.5,15,0.018507335803194285,0.019779739073859836
120,4,16,17,0.14166666666666666,0.5,17,0.01632908587424807,0.01745034814830046
120,4,16,17,0.14166666666666666,0.5,19,0.014609605763536575,0.015611835485040663
120,4,16,17,0.14166666666666666,1.0,1,0.939538393891665,0.9611809759121853
120,4,16,17,0.14166666666666666,1.0,3,0.30840435592901644,0.29015245090478203
120,4,16,17,0.14166666666666666,1.0,5,0.18503620510209481,0.17236977392387146
120,4,16,17,0.14166666666666666,1.0,7,0.13214405595652584,0.12271638799279665
120,4,16,17,0.14166666666666666,1.0,9,0.10276391551301821,0.09529474056469137
120,4,16,17,0.14166666666666666,1.0,11,0.08407070466692046,0.07789667543302375
120,4,16,17,0.14166666666666666,1.0,13,0.0711311385022414,0.06587322902437712
120,4,16,17,0.14166666666666666,1.0,15,0.06164323994229527,0.05706633037548534
120,4,16,17,0.14166666666666666,1.0,17,0.054388478601508375,0.05033718770021494
120,4,16,17,0.14166666666666666,1.0,19,0.04866148172432854,0.04502794730630513
121,4,16,17,0.14166666666666666,0.1,1,0.013255467001549531,0.01618629185032954
121,4,16,17,0.14166666666666666,0.1,3,0.00441123831566104,0.005374777887486712
121,4,16,17,0.14166666666666666,0.1,5,0.0026461855940127293,0.003222594329061234
121,4,16,17,0.14166666666666666,0.1,7,0.0018899847092673507,0.0023011726071772297
121,4,16,17,0.14166666666666666,0.1,9,0.0014699288099635375,0.001789509941785731
121,4,16,17,0.14166666666666666,0.1,11,0.0012026395498148225,0.0014639939312149869
121,4,16,17,0.14166666666666666,0.1,13,0.0010176013519821996,0.001238676253737034
121,4,16,17,0.14166666666666666,0.1,15,0.0008819107825104034,0.0010734637537345212
121,4,16,17,0.14166666666666666,0.1,17,0.0007781496850824237,0.000947136421893377
121,4,16,17,0.14166666666666666,0.1,19,0.0006962343936168582,0.0008474114222572401
121,4,16,17,0.14166666666666666,0.5,1,0.3095144311549576,0.38002059238450353
121,4,16,17,0.14166666666666666,0.5,3,0.10042206845589756,0.12306162668898038
121,4,16,17,0.14166666666666666,0.5,5,0.060098692972127145,0.0735002048450193
121,4,16,17,0.14166666666666666,0.5,7,0.042892962273339344,0.05240476558613173
121,4,16,17,0.14166666666666666,0.5,9,0.033348757746408254,0.04071963301787638
121,4,16,17,0.14166666666666666,0.5,11,0.027279648126604633,0.03329591662562089
121,4,16,17,0.14166666666666666,0.5,13,0.023079739565356312,0.02816185457177372
121,4,16,17,0.14166666666666666,0.5,15,0.020000643819022876,0.02439964500794828
121,4,16,17,0.14166666666666666,0.5,17,0.01764648215725106,0.021524218969943398
121,4,16,17,0.14166666666666666,0.5,19,0.015788186275826344,0.019255088570301067
121,4,16,17,0.14166666666666666,1.0,1,0.9959364977593134,1.1940956197474053
121,4,16,17,0.14166666666666666,1.0,3,0.3116822415370017,0.37412931115465575
121,4,16,17,0.14166666666666666,1.0,5,0.18610939380665678,0.22197878837891172
121,4,16,17,0.14166666666666666,1.0,7,0.13275413065610345,0.1578544913934846
121,4,16,17,0.14166666666666666,1.0,9,0.10319300827999853,0.12248618618299113
121,4,16,17,0.14166666666666666,1.0,11,0.08440470378122285,0.10006953098212093
121,4,16,17,0.14166666666666666,1.0,13,0.07140623903172158,0.08459012544720165
121,4,16,17,0.14166666666666666,1.0,15,0.06187799440553125,0.07325876744076132
121,4,16,17,0.14166666666666666,1.0,17,0.05459369594726909,0.06460493901453995
121,4,16,17,0.14166666666666666,1.0,19,0.04884404379788062,0.05777980619266711
122,4,16,17,0.14166666666666666,0.1,1,0.014534282376603223,0.01380648005758134
122,4,16,17,0.14166666666666666,0.1,3,0.004839989412404227,0.004590171661202764
122,4,16,17,0.14166666666666666,0.1,5,0.0029037345000540522,0.0027529397896018473
122,4,16,17,0.14166666666666666,0.1,7,0.0020740397157151353,0.0019660497083620583
122,4,16,17,0.14166666666666666,0.1,9,0.0016131222927559057,0.0015290087394783773
122,4,16,17,0.14166666666666666,0.1,11,0.0013198184834464347,0.0012509349655687794
122,4,16,17,0.14166666666666666,0.1,13,0.0011167648491148944,0.0010584416272595048
122,4,16,17,0.14166666666666666,0.1,15,0.0009678601682810338,0.0009172897242167344
122,4,16,17,0.14166666666666666,0.1,17,0.0008539925676820845,0.0008093556140471043
122,4,16,17,0.14166666666666666,0.1,19,0.000764097481390283,0.0007241478630937302
122,4,16,17,0.14166666666666666,0.5,1,0.33374274085591976,0.3221216163033015
122,4,16,17,0.14166666666666666,0.5,3,0.10896115566582149,0.10437138627301223
122,4,16,17,0.14166666666666666,0.5,5,0.06525585795091048,0.06239923934103383
122,4,16,17,0.14166666666666666,0.5,7,0.04658476789392171,0.044512160673234054
122,4,16,17,0.14166666666666666,0.5,9,0.036223227790273885,0.03459716592438353
122,4,16,17,0.14166666666666666,0.5,11,0.0296329512730981,0.028295189287050316
122,4,16,17,0.14166666666666666,0.5,13,0.025071803453836833,0.023935531023563758
122,4,16,17,0.14166666666666666,0.5,15,0.02172758993666026,0.020740067833029088
122,4,16,17,0.14166666666666666,0.5,17,0.019170578095412977,0.01829737415815854
122,4,16,17,0.14166666666666666,0.5,19,0.017152070991836764,0.01636946680969463
122,4,16,17,0.14166666666666666,1.0,1,1.0308038277503198,1.0323283183890608
122,4,16,17,0.14166666666666666,1.0,3,0.33039262416085013,0.3230958560156687
122,4,16,17,0.14166666666666666,1.0,5,0.19735435679660862,0.19229327598247695
122,4,16,17,0.14166666666666666,1.0,7,0.14072952988034226,0.13694525021874343
122,4,16,17,0.14166666666666666,1.0,9,0.10936005966252138,0.10635135463545821
122,4,16,17,0.14166666666666666,1.0,11,0.0894283407227222,0.086934909368142
122,4,16,17,0.14166666666666666,1.0,13,0.07564277402844483,0.07351519476679963
122,4,16,17,0.14166666666666666,1.0,15,0.06554004730065911,0.06368523980545827
122,4,16,17,0.14166666666666666,1.0,17,0.05781815318931341,0.05617438713721029
122,4,16,17,0.14166666666666666,1.0,19,0.05172415242828908,0.05024845009041689
123,4,16,17,0.14166666666666666,0.1,1,0.011755066267259362,0.012391901717117416
123,4,16,17,0.14166666666666666,0.1,3,0.003917065143024538,0.004126632845786651
123,4,16,17,0.14166666666666666,0.1,5,0.002350177843260908,0.0024757880336001114
123,4,16,17,0.14166666666666666,0.1,7,0.0016786864201623769,0.001768382310911622
123,4,16,17,0.14166666666666666,0.1,9,0.001305641141248194,0.0013753963937831078
123,4,16,17,0.14166666666666666,0.1,11,0.0010682502476255917,0.001125319323256519
123,4,16,17,0.14166666666666666,0.1,13,0.0009039032794092345,0.00095219084077015
123,4,16,17,0.14166666666666666,0.1,15,0.0007833824200725301,0.0008252307391904131
123,4,16,17,0.14166666666666666,0.1,17,0.000691219533526591,0.0007281439898326979
123,4,16,17,0.14166666666666666,0.1,19,0.0006184594264861039,0.0006514967646791675
123,4,16,17,0.14166666666666666,0.5,1,0.2797643402431995,0.2851048111748249
123,4,16,17,0.14166666666666666,0.5,3,0.09270857852331951,0.09266226966983247
123,4,16,17,0.14166666666666666,0.5,5,0.05560737436871546,0.05548808353532539
123,4,16,17,0.14166666666666666,0.5,7,0.039716195012173154,0.03961291438022302
123,4,16,17,0.14166666666666666,0.5,9,0.030889312498204917,0.03080319214456412
123,4,16,17,0.14166666666666666,0.5,11,0.025272636704849548,0.02519977504664593
123,4,16,17,0.14166666666666666,0.5,13,0.02138432662775562,0.021321506385918475
123,4,16,17,0.14166666666666666,0.5,15,0.01853296793721228,0.01847788849078294
123,4,16,17,0.14166666666666666,0.5,17,0.016352550947815424,0.01630357680780583
123,4,16,17,0.14166666666666666,0.5,19,0.01463118727977872,0.014587133266599587
123,4,16,17,0.14166666666666666,1.0,1,0.9459408941766115,0.898140972714279
123,4,16,17,0.14166666666666666,1.0,3,0.3153106708743817,0.2788511306608092
123,4,16,17,0.14166666666666666,1.0,5,0.18939376939217173,0.16649172266953435
123,4,16,17,0.14166666666666666,1.0,7,0.13532363305570633,0.11876139453155052
123,4,16,17,0.14166666666666666,1.0,9,0.10526541191149702,0.09231832596565101
123,4,16,17,0.14166666666666666,1.0,11,0.08613194285388959,0.07551177844390489
123,4,16,17,0.14166666666666666,1.0,13,0.07288365315529928,0.0638841665368038
123,4,16,17,0.14166666666666666,1.0,15,0.06316734544726008,0.055360613712239035
123,4,16,17,0.14166666666666666,1.0,17,0.05573678580018918,0.048844260112969176
123,4,16,17,0.14166666666666666,1.0,19,0.04987031611524623,0.04370066338827188
124,4,16,17,0.14166666666666666,0.1,1,0.013476909902840497,0.01385987470150567
124,4,16,17,0.14166666666666666,0.1,3,0.004488918295367262,0.0046190816859230065
124,4,16,17,0.14166666666666666,0.1,5,0.0026931877344069915,0.0027714071500633242
124,4,16,17,0.14166666666666666,0.1,7,0.00192367338526614,0.0019795683016477646
124,4,16,17,0.14166666666666666,0.1,9,0.0014961801224385137,0.0015396615994827938
124,4,16,17,0.14166666666666666,0.1,11,0.0012241431116158854,0.0012597220355450515
124,4,16,17,0.14166666666666666,0.1,13,0.0010358113282564658,0.0010659181143857681
124,4,16,17,0.14166666666666666,0.1,15,0.0008977020234556854,0.0009237954103656994
124,4,16,17,0.14166666666666666,0.1,17,0.0007920893556961686,0.0008151134270977011
124,4,16,17,0.14166666666666666,0.1,19,0.0007087111115769177,0.0007293119068893095
124,4,16,17,0.14166666666666666,0.5,1,0.31519341085113795,0.3207073399780168
124,4,16,17,0.14166666666666666,0.5,3,0.10323086897476695,0.1065350941269328
124,4,16,17,0.14166666666666666,0.5,5,0.06183582120135005,0.06390597713658135
124,4,16,17,0.14166666666666666,0.5,7,0.044147885070181116,0.045644203382941506
124,4,16,17,0.14166666666666666,0.5,9,0.03433062845765931,0.03550011576022331
124,4,16,17,0.14166666666666666,0.5,11,0.02808594964193708,0.029045164324013426
124,4,16,17,0.14166666666666666,0.5,13,0.023763696074449645,0.024576490372528525
124,4,16,17,0.14166666666666666,0.5,15,0.020594475048920414,0.021299523300655834
124,4,16,17,0.14166666666666666,0.5,17,0.018171166003604532,0.018793637089796054
124,4,16,17,0.14166666666666666,0.5,19,0.016258142063620376,0.016815321907298633
124,4,16,17,0.14166666666666666,1.0,1,1.0305168910823408,1.0261422609871116
124,4,16,17,0.14166666666666666,1.0,3,0.32798666201279963,0.3430088092739477
124,4,16,17,0.14166666666666666,1.0,5,0.1948538206210489,0.2058456384747413
124,4,16,17,0.14166666666666666,1.0,7,0.13867696583979333,0.14704244705471314
124,4,16,17,0.14166666666666666,1.0,9,0.1076632348305266,0.11436970468188278
124,4,16,17,0.14166666666666666,1.0,11,0.08799276273235396,0.09357664155551636
124,4,16,17,0.14166666666666666,1.0,13,0.07440246462560812,0.07918094041544922
124,4,16,17,0.14166666666666666,1.0,15,0.06444987958911222,0.06862386842567517
124,4,16,17,0.14166666666666666,1.0,17,0.056846531770643006,0.060550701429159186
124,4,16,17,0.14166666666666666,1.0,19,0.05084829377858362,0.054177087762978915
125,4,16,17,0.14166666666666666,0.1,1,0.013660875392430329,0.014132025360551154
125,4,16,17,0.14166666666666666,0.1,3,0.00455206947953939,0.004710653178593457
125,4,16,17,0.14166666666666666,0.1,5,0.0027311667338366227,0.0028263908197010148
125,4,16,17,0.14166666666666666,0.1,7,0.0019508186256599596,0.0020188503708459217
125,4,16,17,0.14166666666666666,0.1,9,0.0015172986521127514,0.0015702168863404445
125,4,16,17,0.14166666666666666,0.1,11,0.0012414242135631852,0.0012847228785069606
125,4,16,17,0.14166666666666666,0.1,13,0.001050434920907905,0.0010870731910273608
125,4,16,17,0.14166666666666666,0.1,15,0.0009103764137346649,0.000942130091351895
125,4,16,17,0.14166666666666666,0.1,17,0.0008032730009399379,0.0008312912526301391
125,4,16,17,0.14166666666666666,0.1,19,0.0007187177566749539,0.0007437869074474128
125,4,16,17,0.14166666666666666,0.5,1,0.31894780693616953,0.32678356064758995
125,4,16,17,0.14166666666666666,0.5,3,0.10547308748053894,0.1089991348485757
125,4,16,17,0.14166666666666666,0.5,5,0.06323867393810706,0.06540211818557314
125,4,16,17,0.14166666666666666,0.5,7,0.04516150420616117,0.04671629861911281
125,4,16,17,0.14166666666666666,0.5,9,0.03512273262007466,0.03633505703184003
125,4,16,17,0.14166666666666666,0.5,11,0.028735586189091077,0.029728748158926784
125,4,16,17,0.14166666666666666,0.5,13,0.02431414479662631,0.025155126203746603
125,4,16,17,0.14166666666666666,0.5,15,0.021071942243852816,0.02180112653420773
125,4,16,17,0.14166666666666666,0.5,17,0.018592703483216552,0.019236298225021226
125,4,16,17,0.14166666666666666,0.5,19,0.01663545963029612,0.017211431063484498
125,4,16,17,0.14166666666666666,1.0,1,1.0308471097341492,1.0251886133421468
125,4,16,17,0.14166666666666666,1.0,3,0.3352965294281735,0.3452621991919858
125,4,16,17,0.14166666666666666,1.0,5,0.20042224374503143,0.20722151713625606
125,4,16,17,0.14166666666666666,1.0,7,0.1430038166818901,0.14802542250670891
125,4,16,17,0.14166666666666666,1.0,9,0.11117500329732834,0.11513384564230182
125,4,16,17,0.14166666666666666,1.0,11,0.09094047214174064,0.09420159883731562
125,4,16,17,0.14166666666666666,1.0,13,0.07693943394987514,0.07970960717579305
125,4,16,17,0.14166666666666666,1.0,15,0.06667528947552116,0.06908196123023494
125,4,16,17,0.14166666666666666,1.0,17,0.05882785965232086,0.0609548480840942
125,4,16,17,0.14166666666666666,1.0,19,0.05263339532415789,0.05453865832462273
126,4,16,17,0.14166666666666666,0.1,1,0.015286007234432807,0.01458457444179839
126,4,16,17,0.14166666666666666,0.1,3,0.005089933038407841,0.004851345653058048
126,4,16,17,0.14166666666666666,0.1,5,0.0030535959678436963,0.0029099127294768506
126,4,16,17,0.14166666666666666,0.1,7,0.0021810492767458853,0.002078259328279317
126,4,16,17,0.14166666666666666,0.1,9,0.0016963366358633866,0.0016163208742859978
126,4,16,17,0.14166666666666666,0.1,11,0.0013878948250777808,0.0013223921840085785
126,4,16,17,0.14166666666666666,0.1,13,0.0011743630931111717,0.0011189172458845999
126,4,16,17,0.14166666666666666,0.1,15,0.0010177755607648409,0.0009697094798988451
126,4,16,17,0.14166666666666666,0.1,17,0.0008980334659393527,0.0008556134568469566
126,4,16,17,0.14166666666666666,0.1,19,0.0008035010084944753,0.0007655400854102336
126,4,16,17,0.14166666666666666,0.5,1,0.3532541773100325,0.33938225030661107
126,4,16,17,0.14166666666666666,0.5,3,0.11548563381773042,0.11031032728525728
126,4,16,17,0.14166666666666666,0.5,5,0.06917367152663732,0.0659916592912415
126,4,16,17,0.14166666666666666,0.5,7,0.04938504081565127,0.0470891383010902
126,4,16,17,0.14166666666666666,0.5,9,0.03840217633165249,0.03660666167245408
126,4,16,17,0.14166666666666666,0.5,11,0.03141627330447826,0.029942155607670603
126,4,16,17,0.14166666666666666,0.5,13,0.02658110511236885,0.02533083057296066
126,4,16,17,0.14166666666666666,0.5,15,0.023035872794970023,0.021950439772322843
126,4,16,17,0.14166666666666666,0.5,17,0.02032509827617662,0.019366111940307035
126,4,16,17,0.14166666666666666,0.5,19,0.01818517265831104,0.017326251089182114
126,4,16,17,0.14166666666666666,1.0,1,1.1062775644878646,1.0768336668502378
126,4,16,17,0.14166666666666666,1.0,3,0.3516196037055804,0.34591537217911333
126,4,16,17,0.14166666666666666,1.0,5,0.21008010914917352,0.20686106459067688
126,4,16,17,0.14166666666666666,1.0,7,0.14988042279247432,0.1476235047838281
126,4,16,17,0.14166666666666666,1.0,9,0.11651661791761478,0.11477209271671096
126,4,16,17,0.14166666666666666,1.0,11,0.09530796929670246,0.09388348321887485
126,4,16,17,0.14166666666666666,1.0,13,0.08063353096337522,0.07942866973365077
126,4,16,17,0.14166666666666666,1.0,15,0.06987599953102304,0.06883151244370618
126,4,16,17,0.14166666666666666,1.0,17,0.06165149633823457,0.060729403362493786
126,4,16,17,0.14166666666666666,1.0,19,0.0551594660861286,0.05433392142106694
127,4,16,17,0.14166666666666666,0.1,1,0.01431590902107913,0.015044660686595336
127,4,16,17,0.14166666666666666,0.1,3,0.004768704075855476,0.005007408444938088
127,4,16,17,0.14166666666666666,0.1,5,0.002861041702820399,0.003003866792407602
127,4,16,17,0.14166666666666666,0.1,7,0.0020435616077671462,0.002145465570524788
127,4,16,17,0.14166666666666666,0.1,9,0.0015894228781173315,0.0016686338281074087
127,4,16,17,0.14166666666666666,0.1,11,0.001300430620749612,0.0013652152225348694
127,4,16,17,0.14166666666666666,0.1,13,0.0011003610682493218,0.0011551647214519988
127,4,16,17,0.14166666666666666,0.1,15,0.0009536443291603544,0.001001131957507293
127,4,16,17,0.14166666666666666,0.1,17,0.0008414496618048874,0.0008833445658602602
127,4,16,17,0.14166666666666666,0.1,19,0.0007528752004254122,0.0007903559381253983
127,4,16,17,0.14166666666666666,0.5,1,0.3328684304003618,0.34791092066073087
127,4,16,17,0.14166666666666666,0.5,3,0.10871417308653428,0.11319080134889901
127,4,16,17,0.14166666666666666,0.5,5,0.0651286658125023,0.06774201690196881
127,4,16,17,0.14166666666666666,0.5,7,0.04650205618847322,0.048346678875668944
127,4,16,17,0.14166666666666666,0.5,9,0.036162327300405216,0.037587995198458506
127,4,16,17,0.14166666666666666,0.5,11,0.02958486894007661,0.030746785027992
127,4,16,17,0.14166666666666666,0.5,13,0.0250321269484943,0.02601269015096241
127,4,16,17,0.14166666666666666,0.5,15,0.021693838908081624,0.02254203785251334
127,4,16,17,0.14166666666666666,0.5,17,0.019141223732031996,0.019888553617771376
127,4,16,17,0.14166666666666666,0.5,19,0.01712610604483459,0.017794013575714376
127,4,16,17,0.14166666666666666,1.0,1,1.113150699114304,1.0927804325553243
127,4,16,17,0.14166666666666666,1.0,3,0.3391232491557324,0.3397617368989154
127,4,16,17,0.14166666666666666,1.0,5,0.2005164944193331,0.20213822705891968
127,4,16,17,0.14166666666666666,1.0,7,0.1425862991878262,0.1439773606488111
127,4,16,17,0.14166666666666666,1.0,9,0.11068088713178312,0.11183050654299048
127,4,16,17,0.14166666666666666,1.0,11,0.090459860088199,0.09142591907107755
127,4,16,17,0.14166666666666666,1.0,13,0.0764924697508834,0.07732117345176576
127,4,16,17,0.14166666666666666,1.0,15,0.06626425277429643,0.06698803054859934
127,4,16,17,0.14166666666666666,1.0,17,0.05845016670291093,0.05909176803467226
127,4,16,17,0.14166666666666666,1.0,19,0.05228536873058022,0.052861113842706885
128,4,16,17,0.14166666666666666,0.1,1,0.014545185377593289,0.013568451278713914
128,4,16,17,0.14166666666666666,0.1,3,0.004843013529476275,0.0045170845712906894
128,4,16,17,0.14166666666666666,0.1,5,0.002905524326338429,0.0027097917614850027
128,4,16,17,0.14166666666666666,0.1,7,0.0020753141307201057,0.0019354416585425902
128,4,16,17,0.14166666666666666,0.1,9,0.0016141124676142457,0.001505293331695519
128,4,16,17,0.14166666666666666,0.1,11,0.0013206283009474826,0.001231578527352169
128,4,16,17,0.14166666666666666,0.1,13,0.001117449971092148,0.001042090592709526
128,4,16,17,0.14166666666666666,0.1,15,0.0009684539090315104,0.0009031362594510502
128,4,16,17,0.14166666666666666,0.1,17,0.0008545164539388597,0.0007968790047437148
128,4,16,17,0.14166666666666666,0.1,19,0.0007645662300985101,0.0007129928642900952
128,4,16,17,0.14166666666666666,0.5,1,0.3358614273175439,0.31436554285809987
128,4,16,17,0.14166666666666666,0.5,3,0.10920307212601826,0.10285535000055705
128,4,16,17,0.14166666666666666,0.5,5,0.06538237194944202,0.061606755366527495
128,4,16,17,0.14166666666666666,0.5,7,0.0466724614578671,0.043980373620453574
128,4,16,17,0.14166666666666666,0.5,9,0.03629089084292747,0.03419801435529756
128,4,16,17,0.14166666666666666,0.5,11,0.029688215051583474,0.0279760296630337
128,4,16,17,0.14166666666666666,0.5,13,0.025118579828246092,0.023669775515795445
128,4,16,17,0.14166666666666666,0.5,15,0.02176817096407065,0.02051246114259634
128,4,16,17,0.14166666666666666,0.5,17,0.019206429058063197,0.018098366397896363
128,4,16,17,0.14166666666666666,0.5,19,0.017184188217349024,0.0161926884509487
128,4,16,17,0.14166666666666666,1.0,1,1.0513820051442384,0.992818111352178
128,4,16,17,0.14166666666666666,1.0,3,0.3296077754325846,0.316172262201775
128,4,16,17,0.14166666666666666,1.0,5,0.19674752705156917,0.18899012252364744
128,4,16,17,0.14166666666666666,1.0,7,0.14031456275987853,0.13482970206176573
128,4,16,17,0.14166666666666666,1.0,9,0.10905642854311795,0.10480769500026925
128,4,16,17,0.14166666666666666,1.0,11,0.08919309785570438,0.08572380796504296
128,4,16,17,0.14166666666666666,1.0,13,0.0754526504605828,0.07252039873165933
128,4,16,17,0.14166666666666666,1.0,15,0.0653814795037991,0.0628419529386287
128,4,16,17,0.14166666666666666,1.0,17,0.05768269140637527,0.05544295014307529
128,4,16,17,0.14166666666666666,1.0,19,0.05160623642074306,0.049602884554131865
129,4,16,17,0.14166666666666666,0.1,1,0.012848017369558517,0.011952238019337454
129,4,16,17,0.14166666666666666,0.1,3,0.004280248980002279,0.003973876159822605
129,4,16,17,0.14166666666666666,0.1,5,0.0025680203746315873,0.0023834648434455214
129,4,16,17,0.14166666666666666,0.1,7,0.0018342725431804783,0.0017022380312386276
129,4,16,17,0.14166666666666666,0.1,9,0.0014266468138718136,0.0013238659510093882
129,4,16,17,0.14166666666666666,0.1,11,0.001167252202365366,0.001083114205158767
129,4,16,17,0.14166666666666666,0.1,13,0.0009876727101599452,0.0009164532687296931
129,4,16,17,0.14166666666666666,0.1,15,0.0008559817232110291,0.0007942420004180264
129,4,16,17,0.14166666666666666,0.1,17,0.0007552771821989924,0.0007007901011970999
129,4,16,17,0.14166666666666666,0.1,19,0.000675773784095655,0.0006270145617003949
129,4,16,17,0.14166666666666666,0.5,1,0.2995461173380383,0.2831987962256989
129,4,16,17,0.14166666666666666,0.5,3,0.09847989777273522,0.09086071347106595
129,4,16,17,0.14166666666666666,0.5,5,0.059021163847737694,0.05428615892425415
129,4,16,17,0.14166666666666666,0.5,7,0.04214466079598113,0.03872169147155309
129,4,16,17,0.14166666666666666,0.5,9,0.032774887204733816,0.0300968461459272
129,4,16,17,0.14166666666666666,0.5,11,0.026814028119754932,0.02461529865501079
129,4,16,17,0.14166666666666666,0.5,13,0.022687918001855458,0.02082322650283034
129,4,16,17,0.14166666666666666,0.5,15,0.019662384169635463,0.01804373351276855
129,4,16,17,0.14166666666666666,0.5,17,0.01734887927154734,0.015918965830357883
129,4,16,17,0.14166666666666666,0.5,19,0.015522502968885596,0.014241939720937949
129,4,16,17,0.14166666666666666,1.0,1,0.964827449665407,0.9422001396887669
129,4,16,17,0.14166666666666666,1.0,3,0.3038790024598491,0.2757533699022107
129,4,16,17,0.14166666666666666,1.0,5,0.18118500635112175,0.16211422919324658
129,4,16,17,0.14166666666666666,1.0,7,0.12917550025819025,0.11500522961869644
129,4,16,17,0.14166666666666666,1.0,9,0.10038779838035428,0.08916349532315929
129,4,16,17,0.14166666666666666,1.0,11,0.08209978579001881,0.0728222466139767
129,4,16,17,0.14166666666666666,1.0,13,0.06945087909086682,0.061550365511618396
129,4,16,17,0.14166666666666666,1.0,15,0.06018045274117118,0.05330361899456739
129,4,16,17,0.14166666666666666,1.0,17,0.053094070117650015,0.047007376248428
129,4,16,17,0.14166666666666666,1.0,19,0.04750109392881836,0.042042398050881835
130,4,16,17,0.14166666666666666,0.1,1,0.01345437326403236,0.013113811129987153
130,4,16,17,0.14166666666666666,0.1,3,0.00448091645378502,0.0043606244629318764
130,4,16,17,0.14166666666666666,0.1,5,0.0026882901053006452,0.002615316317389857
130,4,16,17,0.14166666666666666,0.1,7,0.0019201428762106827,0.0018677749372840045
130,4,16,17,0.14166666666666666,0.1,9,0.001493419730148051,0.001452583880586376
130,4,16,17,0.14166666666666666,0.1,11,0.001221876931500882,0.0011884110258366118
130,4,16,17,0.14166666666666666,0.1,13,0.0010338892331077064,0.0010055398646278072
130,4,16,17,0.14166666666666666,0.1,15,0.0008960332834523921,0.0008714434579104119
130,4,16,17,0.14166666666666666,0.1,17,0.0007906149512733443,0.0007689043026506769
130,4,16,17,0.14166666666666666,0.1,19,0.0007073904967394987,0.0006879554728074444
130,4,16,17,0.14166666666666666,0.5,1,0.3159269229986326,0.3087116418140759
130,4,16,17,0.14166666666666666,0.5,3,0.10370663249292228,0.10035486916895667
130,4,16,17,0.14166666666666666,0.5,5,0.06212089335699315,0.06003682343574605
130,4,16,17,0.14166666666666666,0.5,7,0.044347667357610907,0.042837886546442674
130,4,16,17,0.14166666666666666,0.5,9,0.03448357012798417,0.03330032299232891
130,4,16,17,0.14166666666666666,0.5,11,0.0282095701229837,0.027236828989514204
130,4,16,17,0.14166666666666666,0.5,13,0.023867318451439797,0.023041531791981918
130,4,16,17,0.14166666666666666,0.5,15,0.02068361673787675,0.019966225993117138
130,4,16,17,0.14166666666666666,0.5,17,0.018249351142622196,0.017615208879833182
130,4,16,17,0.14166666666666666,0.5,19,0.01632775420704129,0.01575955251308136
130,4,16,17,0.14166666666666666,1.0,1,1.0394757013745888,0.9991236610778897
130,4,16,17,0.14166666666666666,1.0,3,0.3355704168476926,0.31006554109768175
130,4,16,17,0.14166666666666666,1.0,5,0.20020962188892194,0.18470426654548458
130,4,16,17,0.14166666666666666,1.0,7,0.1427171687982102,0.13160691014669856
130,4,16,17,0.14166666666666666,1.0,9,0.11088997823974082,0.10223676292601191
130,4,16,17,0.14166666666666666,1.0,11,0.09067382261518267,0.08358842171985727
130,4,16,17,0.14166666666666666,1.0,13,0.07669379373238511,0.07069544416114462
130,4,16,17,0.14166666666666666,1.0,15,0.0664494970053142,0.06124909163997545
130,4,16,17,0.14166666666666666,1.0,17,0.05861983303781867,0.05403003447959004
130,4,16,17,0.14166666666666666,1.0,19,0.05244100270804681,0.04833350494528789
131,4,16,17,0.14166666666666666,0.1,1,0.015237080236299378,0.015191507601671995
131,4,16,17,0.14166666666666666,0.1,3,0.005074426957330679,0.005044187661076626
131,4,16,17,0.14166666666666666,0.1,5,0.0030444220684260146,0.0030246386364950347
131,4,16,17,0.14166666666666666,0.1,7,0.002174538453244244,0.0021599185762414225
131,4,16,17,0.14166666666666666,0.1,9,0.0016912912394612255,0.0016797116939539273
131,4,16,17,0.14166666666666666,0.1,11,0.001383776580854091,0.0013741946641740097
131,4,16,17,0.14166666666666666,0.1,13,0.0011708842218796935,0.0011627136524300142
131,4,16,17,0.14166666666666666,0.1,15,0.001014764246618017,0.0010076433231368663
131,4,16,17,0.14166666666666666,0.1,17,0.000895378937424139,0.0008890690133206475
131,4,16,17,0.14166666666666666,0.1,19,0.0008011276858245236,0.0007954631047449844
131,4,16,17,0.14166666666666666,0.5,1,0.35017593772741434,0.35051369428376933
131,4,16,17,0.14166666666666666,0.5,3,0.1146560528073059,0.11192180834935603
131,4,16,17,0.14166666666666666,0.5,5,0.06869242627720243,0.06675520618449521
131,4,16,17,0.14166666666666666,0.5,7,0.049045125472765856,0.047575311347035756
131,4,16,17,0.14166666666666666,0.5,9,0.03813921388005487,0.036959921656901436
131,4,16,17,0.14166666666666666,0.5,11,0.03120178887371058,0.030218473072811954
131,4,16,17,0.14166666666666666,0.5,13,0.026399982203929973,0.025557287310679695
131,4,16,17,0.14166666666666666,0.5,15,0.02287911911782464,0.022142076296428066
131,4,16,17,0.14166666666666666,0.5,17,0.020186928470138574,0.019532105289425908
131,4,16,17,0.14166666666666666,0.5,19,0.018061644364172683,0.01747259656321611
131,4,16,17,0.14166666666666666,1.0,1,1.0943837124452491,1.0893104586589268
131,4,16,17,0.14166666666666666,1.0,3,0.3521179731752004,0.35521720687529673
131,4,16,17,0.14166666666666666,1.0,5,0.21033090846499183,0.21249205322522915
131,4,16,17,0.14166666666666666,1.0,7,0.1500233803875969,0.15155208334956674
131,4,16,17,0.14166666666666666,1.0,9,0.11660873363274608,0.11776801894533279
131,4,16,17,0.14166666666666666,1.0,11,0.09537245042008496,0.09629828026724514
131,4,16,17,0.14166666666666666,1.0,13,0.0806813631127708,0.08144867304678406
131,4,16,17,0.14166666666666666,1.0,15,0.06991302335517904,0.07056653602155463
131,4,16,17,0.14166666666666666,1.0,17,0.06168109854327558,0.062249335886311444
131,4,16,17,0.14166666666666666,1.0,19,0.05518374534377083,0.05568589030291609
132,4,16,17,0.14166666666666666,0.1,1,0.01340810157704151,0.013902682480581512
132,4,16,17,0.14166666666666666,0.1,3,0.004466654674755444,0.004633959472729256
132,4,16,17,0.14166666666666666,0.1,5,0.0026798626861261644,0.002780361819784902
132,4,16,17,0.14166666666666666,0.1,7,0.0019141620280226286,0.001985969980595206
132,4,16,17,0.14166666666666666,0.1,9,0.001488784493162386,0.0015446424368249097
132,4,16,17,0.14166666666666666,0.1,11,0.0012180930093401707,0.0012637979920013774
132,4,16,17,0.14166666666666666,0.1,13,0.001030692433020279,0.0010693673537839029
132,4,16,17,0.14166666666666666,0.1,15,0.0008932658771123539,0.0009267849431748848
132,4,16,17,0.14166666666666666,0.1,17,0.0007881752442808851,0.0008177513633734388
132,4,16,17,0.14166666666666666,0.1,19,0.0007052090968128582,0.0007316722366743291
132,4,16,17,0.14166666666666666,0.5,1,0.3135839858653312,0.32395963853785514
132,4,16,17,0.14166666666666666,0.5,3,0.1031240004797802,0.10813996995494363
132,4,16,17,0.14166666666666666,0.5,5,0.06180773729223747,0.06487755925488514
132,4,16,17,0.14166666666666666,0.5,7,0.04413527814068697,0.0463391431576903
132,4,16,17,0.14166666666666666,0.5,9,0.03432324506345306,0.03604084317689489
132,4,16,17,0.14166666666666666,0.5,11,0.028080918497101055,0.029487651643653696
132,4,16,17,0.14166666666666666,0.5,13,0.023759932131136387,0.024950934328677704
132,4,16,17,0.14166666666666666,0.5,15,0.020591481696193896,0.021624057142116793
132,4,16,17,0.14166666666666666,0.5,17,0.01816868349227416,0.019079999212972116
132,4,16,17,0.14166666666666666,0.5,19,0.016256020513315497,0.0170715458910132
132,4,16,17,0.14166666666666666,1.0,1,1.01891625750292,1.04337491417061
132,4,16,17,0.14166666666666666,1.0,3,0.32946962877869856,0.36040777355077064
132,4,16,17,0.14166666666666666,1.0,5,0.1970820635496589,0.21642127187505517
132,4,16,17,0.14166666666666666,1.0,7,0.14065137606191466,0.15453227418542292
132,4,16,17,0.14166666666666666,1.0,9,0.1093562521627732,0.12014707038985728
132,4,16,17,0.14166666666666666,1.0,11,0.089456968329075,0.09827262730953677
132,4,16,17,0.14166666666666666,1.0,13,0.07568639349489961,0.08313415469762574
132,4,16,17,0.14166666666666666,1.0,15,0.06559053800700536,0.07203615108695635
132,4,16,17,0.14166666666666666,1.0,17,0.057871444841731796,0.06355177105073778
132,4,16,17,0.14166666666666666,1.0,19,0.05177810725696884,0.05685514207799228
133,4,16,17,0.14166666666666666,0.1,1,0.011487666838345687,0.01255459357627057
133,4,16,17,0.14166666666666666,0.1,3,0.003823944144508449,0.0041809040532058755
133,4,16,17,0.14166666666666666,0.1,5,0.0022939229544268447,0.0025083065584139267
133,4,16,17,0.14166666666666666,0.1,7,0.0016383944620176152,0.0017915926263070777
133,4,16,17,0.14166666666666666,0.1,9,0.00127425690902652,0.0013934406826441991
133,4,16,17,0.14166666666666666,0.1,11,0.0010425487065048888,0.0011400783463792821
133,4,16,17,0.14166666666666666,0.1,13,0.000882142205592372,0.0009646765291351772
133,4,16,17,0.14166666666666666,0.1,15,0.0007645142455570548,0.0008360499033699074
133,4,16,17,0.14166666666666666,0.1,17,0.0006745653954025565,0.0007376890997376154
133,4,16,17,0.14166666666666666,0.1,19,0.0006035543158316033,0.000660036259492473
133,4,16,17,0.14166666666666666,0.5,1,0.27320044314110914,0.292815970109593
133,4,16,17,0.14166666666666666,0.5,3,0.08935906303625396,0.09564487796338979
133,4,16,17,0.14166666666666666,0.5,5,0.053513742655022054,0.05729450624275622
133,4,16,17,0.14166666666666666,0.5,7,0.03819983666181801,0.04090583017020164
133,4,16,17,0.14166666666666666,0.5,9,0.029701870046869833,0.03180940365263413
133,4,16,17,0.14166666666666666,0.5,11,0.024297200644776796,0.026023198023476617
133,4,16,17,0.14166666666666666,0.5,13,0.020556793778679472,0.02201828065969643
133,4,16,17,0.14166666666666666,0.5,15,0.017814449998854696,0.019081751983068305
133,4,16,17,0.14166666666666666,0.5,17,0.015717698442843285,0.01683637845629003
133,4,16,17,0.14166666666666666,0.5,19,0.014062564079573552,0.015063829382138828
133,4,16,17,0.14166666666666666,1.0,1,0.925443926425678,0.9439783459054308
133,4,16,17,0.14166666666666666,1.0,3,0.29598015976019804,0.2922228430407554
133,4,16,17,0.14166666666666666,1.0,5,0.1771491560392295,0.17420978552724564
133,4,16,17,0.14166666666666666,1.0,7,0.12644571291650936,0.12419138666676328
133,4,16,17,0.14166666666666666,1.0,9,0.09831608956652686,0.09650821559696506
133,4,16,17,0.14166666666666666,1.0,11,0.08042683805247308,0.0789232400479182
133,4,16,17,0.14166666666666666,1.0,13,0.06804637942288029,0.0667613606851985
133,4,16,17,0.14166666666666666,1.0,15,0.05896940008072561,0.057848336770312724
133,4,16,17,0.14166666666666666,1.0,17,0.05202922799144221,0.051035441307709144
133,4,16,17,0.14166666666666666,1.0,19,0.0465507367947423,0.04565850334678307
134,4,16,17,0.14166666666666666,0.1,1,0.014511726084392268,0.01419253313102476
134,4,16,17,0.14166666666666666,0.1,3,0.004829502130476272,0.004720071228895725
134,4,16,17,0.14166666666666666,0.1,5,0.002897186776476181,0.0028311838588261106
134,4,16,17,0.14166666666666666,0.1,7,0.002069291681908722,0.0020220429790057627
134,4,16,17,0.14166666666666666,0.1,9,0.001609400069811405,0.0015726065925089077
134,4,16,17,0.14166666666666666,0.1,11,0.001316758194830404,0.0012866313869688817
134,4,16,17,0.14166666666666666,0.1,13,0.0011141668482004816,0.001088661471396075
134,4,16,17,0.14166666666666666,0.1,15,0.0009656032222531339,0.0009434900254771232
134,4,16,17,0.14166666666666666,0.1,17,0.000851997574999364,0.000832480180372484
134,4,16,17,0.14166666666666666,0.1,19,0.0007623099865869044,0.0007448429980006268
134,4,16,17,0.14166666666666666,0.5,1,0.33961544727186455,0.3327635439877823
134,4,16,17,0.14166666666666666,0.5,3,0.10978921693793894,0.1071556940941171
134,4,16,17,0.14166666666666666,0.5,5,0.06569916463095048,0.06406880316724348
134,4,16,17,0.14166666666666666,0.5,7,0.04689212271535315,0.04571107853262766
134,4,16,17,0.14166666666666666,0.5,9,0.03645968419596625,0.03553374395905301
134,4,16,17,0.14166666666666666,0.5,11,0.02982549029831911,0.02906401081935973
134,4,16,17,0.14166666666666666,0.5,13,0.025234342331133395,0.024587709216342145
134,4,16,17,0.14166666666666666,0.5,15,0.021868289360931988,0.021306398712096674
134,4,16,17,0.14166666666666666,0.5,17,0.019294648209044182,0.01879786158459946
134,4,16,17,0.14166666666666666,0.5,19,0.01726304709529705,0.016817844017960496
134,4,16,17,0.14166666666666666,1.0,1,1.0991395003739115,1.071673917865824
134,4,16,17,0.14166666666666666,1.0,3,0.33298814918592684,0.32554891225786925
134,4,16,17,0.14166666666666666,1.0,5,0.19756364159587492,0.19342318272998868
134,4,16,17,0.14166666666666666,1.0,7,0.1406515856927587,0.13773838719763107
134,4,16,17,0.14166666666666666,1.0,9,0.10924048899467496,0.10698061533311173
134,4,16,17,0.14166666666666666,1.0,11,0.08931195558953772,0.08746180220985915
134,4,16,17,0.14166666666666666,1.0,13,0.07553813108364238,0.07397023923234922
134,4,16,17,0.14166666666666666,1.0,15,0.0654475664210838,0.06408643785522555
134,4,16,17,0.14166666666666666,1.0,17,0.057736417372357476,0.05653348031526828
134,4,16,17,0.14166666666666666,1.0,19,0.05165151320072277,0.050573610549339974
135,4,16,17,0.14166666666666666,0.1,1,0.014935171619232674,0.013946113014071563
135,4,16,17,0.14166666666666666,0.1,3,0.004976244815970168,0.004641459760179305
135,4,16,17,0.14166666666666666,0.1,5,0.002985644118981013,0.0027845280801377585
135,4,16,17,0.14166666666666666,0.1,7,0.002132582721752852,0.0019888801881533013
135,4,16,17,0.14166666666666666,0.1,9,0.0016586689786583719,0.001546884906983053
135,4,16,17,0.14166666666666666,0.1,11,0.0013570901205042238,0.001265624033041086
135,4,16,17,0.14166666666666666,0.1,13,0.0011483057206971871,0.0010709082280178136
135,4,16,17,0.14166666666666666,0.1,15,0.0009951975820356037,0.0009281180634306493
135,4,16,17,0.14166666666666666,0.1,17,0.00087811509533499,0.0008189262872758433
135,4,16,17,0.14166666666666666,0.1,19,0.0007856816650240288,0.0007327226319760162
135,4,16,17,0.14166666666666666,0.5,1,0.34374729121411707,0.3222485728697065
135,4,16,17,0.14166666666666666,0.5,3,0.11343887041813275,0.10326588281625246
135,4,16,17,0.14166666666666666,0.5,5,0.06801129886611745,0.061759227174294155
135,4,16,17,0.14166666666666666,0.5,7,0.04856931292422958,0.044074307377396676
135,4,16,17,0.14166666666666666,0.5,9,0.03777287694200202,0.03426739684762056
135,4,16,17,0.14166666666666666,0.5,11,0.03090373381020499,0.02803173420803808
135,4,16,17,0.14166666666666666,0.5,13,0.026148657765137112,0.023716615966815298
135,4,16,17,0.14166666666666666,0.5,15,0.02266181373117471,0.02055301732422321
135,4,16,17,0.14166666666666666,0.5,17,0.01999550790177108,0.018134199635983304
135,4,16,17,0.14166666666666666,0.5,19,0.017890585800664542,0.016224824801149344
135,4,16,17,0.14166666666666666,1.0,1,1.0692549293252342,1.007136737140625
135,4,16,17,0.14166666666666666,1.0,3,0.34680952431534506,0.2878741532916236
135,4,16,17,0.14166666666666666,1.0,5,0.20768880354764932,0.17023605281857826
135,4,16,17,0.14166666666666666,1.0,7,0.14827276303182688,0.12110275299686724
135,4,16,17,0.14166666666666666,1.0,9,0.11529898575403531,0.09403222819090305
135,4,16,17,0.14166666666666666,1.0,11,0.0943255121185311,0.07686958337695694
135,4,16,17,0.14166666666666666,1.0,13,0.07980902592201307,0.06501140594428739
135,4,16,17,0.14166666666666666,1.0,15,0.06916517762879401,0.05632576144549376
135,4,16,17,0.14166666666666666,1.0,17,0.06102653928944587,0.0496889034996934
135,4,16,17,0.14166666666666666,1.0,19,0.05460171565303968,0.04445203057093626
136,4,16,17,0.14166666666666666,0.1,1,0.013220034010186846,0.01463155083627066
136,4,16,17,0.14166666666666666,0.1,3,0.004404733106224711,0.0048741320422505535
136,4,16,17,0.14166666666666666,0.1,5,0.0026427467270162073,0.00292433277421852
136,4,16,17,0.14166666666666666,0.1,7,0.001887657908976787,0.0020887803043384964
136,4,16,17,0.14166666666666666,0.1,9,0.0014681725088291117,0.001624597678880049
136,4,16,17,0.14166666666666666,0.1,11,0.0012012296237631718,0.0013292124622877343
136,4,16,17,0.14166666666666666,0.1,13,0.0010164238842145503,0.0011247163780593215
136,4,16,17,0.14166666666666666,0.1,15,0.0008809000569177989,0.0009747531833386026
136,4,16,17,0.14166666666666666,0.1,17,0.0007772643770917639,0.0008600757420794972
136,4,16,17,0.14166666666666666,0.1,19,0.000695446836461863,0.0007695410794254003
136,4,16,17,0.14166666666666666,0.5,1,0.306914421085901,0.3379138672571074
136,4,16,17,0.14166666666666666,0.5,3,0.101244042137807,0.11092967961100769
136,4,16,17,0.14166666666666666,0.5,5,0.06069841119565086,0.06647569595479386
136,4,16,17,0.14166666666666666,0.5,7,0.04334660906499538,0.047466481622127354
136,4,16,17,0.14166666666666666,0.5,9,0.033711025759277195,0.03691320283665032
136,4,16,17,0.14166666666666666,0.5,11,0.027580505283151324,0.030199569483334472
136,4,16,17,0.14166666666666666,0.5,13,0.023336745895101374,0.025552439476852037
136,4,16,17,0.14166666666666666,0.5,15,0.020224851025285796,0.02214488074349485
136,4,16,17,0.14166666666666666,0.5,17,0.017845262954048292,0.01953926641900583
136,4,16,17,0.14166666666666666,0.5,19,0.015966692629021544,0.01748229184307586
136,4,16,17,0.14166666666666666,1.0,1,0.9759679251337029,1.0573195912939015
136,4,16,17,0.14166666666666666,1.0,3,0.31547836903641757,0.3324486009301844
136,4,16,17,0.14166666666666666,1.0,5,0.18889739840307315,0.19840262683827056
136,4,16,17,0.14166666666666666,1.0,7,0.13485091667318636,0.14150535437248984
136,4,16,17,0.14166666666666666,1.0,9,0.10485986648642211,0.10999216615193246
136,4,16,17,0.14166666666666666,1.0,11,0.08578443621520584,0.08996559821607762
136,4,16,17,0.14166666666666666,1.0,13,0.07258196767390647,0.0761111105944454
136,4,16,17,0.14166666666666666,1.0,15,0.06290172890815078,0.06595555201007809
136,4,16,17,0.14166666666666666,1.0,17,0.055499967359724914,0.05819170498215905
136,4,16,17,0.14166666666666666,1.0,19,0.04965688818892584,0.0520635203664814
137,4,16,17,0.14166666666666666,0.1,1,0.014501696528479352,0.01415986352777257
137,4,16,17,0.14166666666666666,0.1,3,0.00482648618678592,0.004710618358643438
137,4,16,17,0.14166666666666666,0.1,5,0.0028953013427626922,0.002825557080882967
137,4,16,17,0.14166666666666666,0.1,7,0.002067912955818092,0.0020180282458694392
137,4,16,17,0.14166666666666666,0.1,9,0.0016083121209413557,0.001569484031153549
137,4,16,17,0.14166666666666666,0.1,11,0.0013158593836982743,0.0012840759935033798
137,4,16,17,0.14166666666666666,0.1,13,0.0011134010252613687,0.001086498659409965
137,4,16,17,0.14166666666666666,0.1,15,0.0009649360514509636,0.0009416151351260964
137,4,16,17,0.14166666666666666,0.1,17,0.0008514065138744679,0.0008308255091507918
137,4,16,17,0.14166666666666666,0.1,19,0.0007617794342142476,0.0007433622235048568
137,4,16,17,0.14166666666666666,0.5,1,0.33306883454508257,0.33183075776127585
137,4,16,17,0.14166666666666666,0.5,3,0.10846002922858043,0.10797196142756339
137,4,16,17,0.14166666666666666,0.5,5,0.06496430998440866,0.0646285198981569
137,4,16,17,0.14166666666666666,0.5,7,0.04638117765725589,0.04612644984819762
137,4,16,17,0.14166666666666666,0.5,9,0.03606717355566865,0.03586235559826164
137,4,16,17,0.14166666666666666,0.5,11,0.02950653493801499,0.02933540219608305
137,4,16,17,0.14166666666666666,0.5,13,0.0249655998106411,0.024818690159801957
137,4,16,17,0.14166666666666666,0.5,15,0.021636041727002998,0.021507372912312014
137,4,16,17,0.14166666666666666,0.5,17,0.01909013851866997,0.01897569397912537
137,4,16,17,0.14166666666666666,0.5,19,0.017080339846577492,0.016977294838793903
137,4,16,17,0.14166666666666666,1.0,1,1.0201122769532993,1.0650697378001994
137,4,16,17,0.14166666666666666,1.0,3,0.32269231099345086,0.3349220001970589
137,4,16,17,0.14166666666666666,1.0,5,0.19205354390731605,0.20020957728671848
137,4,16,17,0.14166666666666666,1.0,7,0.13678020697073942,0.14283667779629827
137,4,16,17,0.14166666666666666,1.0,9,0.10622846153533985,0.11103300934822055
137,4,16,17,0.14166666666666666,1.0,11,0.08683829873989624,0.0908162752383421
137,4,16,17,0.14166666666666666,1.0,13,0.07343622731598551,0.07682894615015932
137,4,16,17,0.14166666666666666,1.0,15,0.06361879725041092,0.06657578469155595
137,4,16,17,0.14166666666666666,1.0,17,0.056117229164651526,0.05873737151794909
137,4,16,17,0.14166666666666666,1.0,19,0.05019841423800753,0.05255044448525975
138,4,16,17,0.14166666666666666,0.1,1,0.018394525779821497,0.013543593015221516
138,4,16,17,0.14166666666666666,0.1,3,0.006125206743065943,0.004505363060868238
138,4,16,17,0.14166666666666666,0.1,5,0.0036747514420722455,0.0027022883846598705
138,4,16,17,0.14166666666666666,0.1,7,0.0026247361267104064,0.0019299335495848184
138,4,16,17,0.14166666666666666,0.1,9,0.002041429712310156,0.0015009441297155718
138,4,16,17,0.14166666666666666,0.1,11,0.001670245856853308,0.0012279859013211293
138,4,16,17,0.14166666666666666,0.1,13,0.0014132769306469224,0.0010390305411217856
138,4,16,17,0.14166666666666666,0.1,15,0.0012248352010578458,0.0009004713667232848
138,4,16,17,0.14166666666666666,0.1,17,0.0010807338481974367,0.0007945189346581832
138,4,16,17,0.14166666666666666,0.1,19,0.0009669702864053456,0.0007108750675857943
138,4,16,17,0.14166666666666666,0.5,1,0.416334616956502,0.3155460482623582
138,4,16,17,0.14166666666666666,0.5,3,0.1361699214859496,0.10335459973448927
138,4,16,17,0.14166666666666666,0.5,5,0.08158465205746021,0.061893077393077665
138,4,16,17,0.14166666666666666,0.5,7,0.05825064997807058,0.04417738129943284
138,4,16,17,0.14166666666666666,0.5,9,0.045297971630815524,0.0343472430222891
138,4,16,17,0.14166666666666666,0.5,11,0.03705846650599906,0.02809580548204397
138,4,16,17,0.14166666666666666,0.5,13,0.03135537707283131,0.023769671435662217
138,4,16,17,0.14166666666666666,0.5,15,0.02717364561579069,0.020598071514127375
138,4,16,17,0.14166666666666666,0.5,17,0.023976122549600975,0.018173231378056282
138,4,16,17,0.14166666666666666,0.5,19,0.02145191305159907,0.016259185128186724
138,4,16,17,0.14166666666666666,1.0,1,1.2302838952489688,1.0035714397780642
138,4,16,17,0.14166666666666666,1.0,3,0.40435102338206913,0.33003835290895034
138,4,16,17,0.14166666666666666,1.0,5,0.24263976058408415,0.19818262573196294
138,4,16,17,0.14166666666666666,1.0,7,0.17331478332658815,0.14160602350452642
138,4,16,17,0.14166666666666666,1.0,9,0.13479780187027587,0.11015479364334498
138,4,16,17,0.14166666666666666,1.0,11,0.11028677557274624,0.09013319517880722
138,4,16,17,0.14166666666666666,1.0,13,0.09331781157028059,0.07626957595129331
138,4,16,17,0.14166666666666666,1.0,15,0.08087412886739215,0.06610186913449781
138,4,16,17,0.14166666666666666,1.0,17,0.07135854907383496,0.05832606402422955
138,4,16,17,0.14166666666666666,1.0,19,0.06384638135587743,0.05218701015540695
139,4,16,17,0.14166666666666666,0.1,1,0.012820780964761117,0.012245125988963015
139,4,16,17,0.14166666666666666,0.1,3,0.004271387214394705,0.004077443603954081
139,4,16,17,0.14166666666666666,0.1,5,0.0025627261950256644,0.0024462612472782343
139,4,16,17,0.14166666666666666,0.1,7,0.001830497820202074,0.0017472891329227782
139,4,16,17,0.14166666666666666,0.1,9,0.0014237138399180174,0.0013589897502310942
139,4,16,17,0.14166666666666666,0.1,11,0.001164854008576056,0.0011118953583678104
139,4,16,17,0.14166666666666666,0.1,13,0.0009856443517118807,0.000940831932109444
139,4,16,17,0.14166666666666666,0.1,15,0.0008542243719122894,0.0008153862597011505
139,4,16,17,0.14166666666666666,0.1,17,0.0007537269547922338,0.0007194576301522686
139,4,16,17,0.14166666666666666,0.1,19,0.0006743870041981956,0.0006437247246172277
139,4,16,17,0.14166666666666666,0.5,1,0.29967964531061675,0.28766724172166785
139,4,16,17,0.14166666666666666,0.5,3,0.09863625373121433,0.09341486422265555
139,4,16,17,0.14166666666666666,0.5,5,0.059117864352502755,0.05592700960963485
139,4,16,17,0.14166666666666666,0.5,7,0.042214406489575584,0.03992381937550428
139,4,16,17,0.14166666666666666,0.5,9,0.032829375188969175,0.03104415826307275
139,4,16,17,0.14166666666666666,0.5,11,0.02685871847611068,0.025396575338612396
139,4,16,17,0.14166666666666666,0.5,13,0.02272579032982668,0.02148785695203891
139,4,16,17,0.14166666666666666,0.5,15,0.019695240274930446,0.01862196485860262
139,4,16,17,0.14166666666666666,0.5,17,0.017377890924730677,0.016430647441299195
139,4,16,17,0.14166666666666666,0.5,19,0.01554847469919279,0.014700793148897131
139,4,16,17,0.14166666666666666,1.0,1,0.9733858537808279,0.9425807443309158
139,4,16,17,0.14166666666666666,1.0,3,0.30998538889373933,0.283160835363128
139,4,16,17,0.14166666666666666,1.0,5,0.18505862520820118,0.16818022880140934
139,4,16,17,0.14166666666666666,1.0,7,0.13199715640088963,0.11978751310097853
139,4,16,17,0.14166666666666666,1.0,9,0.10260402720517073,0.0930585100072467
139,4,16,17,0.14166666666666666,1.0,11,0.08392365202766347,0.07609334512115982
139,4,16,17,0.14166666666666666,1.0,13,0.07100008874947969,0.064364548716014
139,4,16,17,0.14166666666666666,1.0,15,0.061526753094542655,0.05577057159380171
139,4,16,17,0.14166666666666666,1.0,17,0.05428438368059867,0.049202227655220095
139,4,16,17,0.14166666666666666,1.0,19,0.04856777285411598,0.04401859049843848
140,4,16,17,0.14166666666666666,0.1,1,0.014153057622089172,0.014805457027795727
140,4,16,17,0.14166666666666666,0.1,3,0.004712577874175075,0.004918658746259746
140,4,16,17,0.14166666666666666,0.1,5,0.002827210779083308,0.002949696665303727
140,4,16,17,0.14166666666666666,0.1,7,0.0020193538725811412,0.002106502159533028
140,4,16,17,0.14166666666666666,0.1,9,0.0015705771017250677,0.0016382143377873333
140,4,16,17,0.14166666666666666,0.1,11,0.0012850025074111434,0.0013402675554909263
140,4,16,17,0.14166666666666666,0.1,13,0.0010873014429917279,0.0011340208614480378
140,4,16,17,0.14166666666666666,0.1,15,0.0009423228167279451,0.0009827856002331378
140,4,16,17,0.14166666666666666,0.1,17,0.0008314579780816437,0.0008671420355840682
140,4,16,17,0.14166666666666666,0.1,19,0.0007439337935596033,0.0007758486794961934
140,4,16,17,0.14166666666666666,0.5,1,0.3279089777173095,0.3439988019140117
140,4,16,17,0.14166666666666666,0.5,3,0.10701030002171938,0.11038331910328834
140,4,16,17,0.14166666666666666,0.5,5,0.06406432221505355,0.06597697374503814
140,4,16,17,0.14166666666666666,0.5,7,0.04572619251744245,0.04706376432854085
140,4,16,17,0.14166666666666666,0.5,9,0.03555202731012214,0.03658094097185106
140,4,16,17,0.14166666666666666,0.5,11,0.029081952862710238,0.029918111023075174
140,4,16,17,0.14166666666666666,0.5,13,0.024604479457771975,0.02530876816543195
140,4,16,17,0.14166666666666666,0.5,15,0.021321871376929126,0.021930244938912328
140,4,16,17,0.14166666666666666,0.5,17,0.018812111494722766,0.019347576496499368
140,4,16,17,0.14166666666666666,0.5,19,0.016830996581960748,0.017309165012845556
140,4,16,17,0.14166666666666666,1.0,1,1.0469152161090347,1.0725789965854682
140,4,16,17,0.14166666666666666,1.0,3,0.33165854767205954,0.3320072729351774
140,4,16,17,0.14166666666666666,1.0,5,0.19752717303588074,0.19825465835639233
140,4,16,17,0.14166666666666666,1.0,7,0.14066068627897552,0.14140948650660895
140,4,16,17,0.14166666666666666,1.0,9,0.10922054637671981,0.1099151766911903
140,4,16,17,0.14166666666666666,1.0,11,0.08926853860822144,0.08989913369895715
140,4,16,17,0.14166666666666666,1.0,13,0.07548046777490201,0.07605194561257993
140,4,16,17,0.14166666666666666,1.0,15,0.06538201101449288,0.06590200315003727
140,4,16,17,0.14166666666666666,1.0,17,0.05766691147276034,0.058142710487782676
140,4,16,17,0.14166666666666666,1.0,19,0.05158045525672732,0.05201833237896152
141,4,16,17,0.14166666666666666,0.1,1,0.01519192753800174,0.01474873470789095
141,4,16,17,0.14166666666666666,0.1,3,0.005058603535383547,0.0049036904225634986
141,4,16,17,0.14166666666666666,0.1,5,0.00303489666574022,0.0029412193082546255
141,4,16,17,0.14166666666666666,0.1,7,0.002167729623925498,0.0021006040443045295
141,4,16,17,0.14166666666666666,0.1,9,0.0016859942766285533,0.001633695443995336
141,4,16,17,0.14166666666666666,0.1,11,0.001379442361403087,0.001336606155133697
141,4,16,17,0.14166666666666666,0.1,13,0.001167216716919864,0.0011309438463286059
141,4,16,17,0.14166666666666666,0.1,15,0.0010115857362350638,0.000980132294281365
141,4,16,17,0.14166666666666666,0.1,17,0.0008925743906350715,0.0008648099697475778
141,4,16,17,0.14166666666666666,0.1,19,0.0007986183833306454,0.000773768522400749
141,4,16,17,0.14166666666666666,0.5,1,0.3477755107377301,0.34158118933999176
141,4,16,17,0.14166666666666666,0.5,3,0.1130561538585293,0.10935755866248657
141,4,16,17,0.14166666666666666,0.5,5,0.06770309825297713,0.06532392099326079
141,4,16,17,0.14166666666666666,0.5,7,0.04833355292402125,0.046589599138950236
141,4,16,17,0.14166666666666666,0.5,9,0.03758444351298621,0.036209757429272856
141,4,16,17,0.14166666666666666,0.5,11,0.030747434901115738,0.029613480508574805
141,4,16,17,0.14166666666666666,0.5,13,0.026015356107438263,0.02505058036235121
141,4,16,17,0.14166666666666666,0.5,15,0.02254570772703512,0.021706270463191513
141,4,16,17,0.14166666666666666,0.5,17,0.019892716136643826,0.01914983859268089
141,4,16,17,0.14166666666666666,0.5,19,0.017798394770010675,0.017132177916927196
141,4,16,17,0.14166666666666666,1.0,1,1.061556268878928,1.080060530470635
141,4,16,17,0.14166666666666666,1.0,3,0.32836887793153235,0.3288211813094684
141,4,16,17,0.14166666666666666,1.0,5,0.19607343751265702,0.19561452576306113
141,4,16,17,0.14166666666666666,1.0,7,0.13984805375636786,0.13932853238691886
141,4,16,17,0.14166666666666666,1.0,9,0.10869887315367152,0.10821644920023062
141,4,16,17,0.14166666666666666,1.0,11,0.08890302725852482,0.08846854481127822
141,4,16,17,0.14166666666666666,1.0,13,0.07520857651810264,0.07481794840297037
141,4,16,17,0.14166666666666666,1.0,15,0.0651707936713917,0.06481775123257233
141,4,16,17,0.14166666666666666,1.0,17,0.05749735294815921,0.05717610948234526
141,4,16,17,0.14166666666666666,1.0,19,0.05144079999864776,0.05114651644218043
142,4,16,17,0.14166666666666666,0.1,1,0.012359358726660075,0.011665293908914966
142,4,16,17,0.14166666666666666,0.1,3,0.004117205565668632,0.0038847116656531375
142,4,16,17,0.14166666666666666,0.1,5,0.0024701971707967708,0.0023306469710884584
142,4,16,17,0.14166666666666666,0.1,7,0.001764401675558588,0.001664712380082476
142,4,16,17,0.14166666666666666,0.1,9,0.001372304447984541,0.0012947649442323437
142,4,16,17,0.14166666666666666,0.1,11,0.0011227912481711474,0.0010593484343679573
142,4,16,17,0.14166666666666666,0.1,13,0.0009500525267774948,0.000896369463830379
142,4,16,17,0.14166666666666666,0.1,15,0.0008233779830469159,0.0007768522909907014
142,4,16,17,0.14166666666666666,0.1,17,0.0007265094699252885,0.0006854571700321841
142,4,16,17,0.14166666666666666,0.1,19,0.00065003446570188,0.0006133033233494122
142,4,16,17,0.14166666666666666,0.5,1,0.29107467947072746,0.2806540250755312
142,4,16,17,0.14166666666666666,0.5,3,0.09574177841786621,0.09180881949859312
142,4,16,17,0.14166666666666666,0.5,5,0.05735894598434655,0.05498882851943661
142,4,16,17,0.14166666666666666,0.5,7,0.04095214042174787,0.03925845934425771
142,4,16,17,0.14166666666666666,0.5,9,0.03184551318953752,0.030528158492302535
142,4,16,17,0.14166666666666666,0.5,11,0.026052826260773206,0.02497501155238222
142,4,16,17,0.14166666666666666,0.5,13,0.022043424236977874,0.02113144866957125
142,4,16,17,0.14166666666666666,0.5,15,0.0191036035026093,0.018313240183182002
142,4,16,17,0.14166666666666666,0.5,17,0.01685570776746338,0.016158339000964653
142,4,16,17,0.14166666666666666,0.5,19,0.015081162932690654,0.014457208724382166
142,4,16,17,0.14166666666666666,1.0,1,0.9643152211071561,0.9705989049853307
142,4,16,17,0.14166666666666666,1.0,3,0.3089083898096585,0.3113269830844915
142,4,16,17,0.14166666666666666,1.0,5,0.18400396915105902,0.18602291268759627
142,4,16,17,0.14166666666666666,1.0,7,0.13108651158708334,0.13272487699832072
142,4,16,17,0.14166666666666666,1.0,9,0.1018223371011997,0.10318337969670574
142,4,16,17,0.14166666666666666,1.0,11,0.08324453220555063,0.08440336519794915
142,4,16,17,0.14166666666666666,1.0,13,0.07040191667503988,0.07140881737441489
142,4,16,17,0.14166666666666666,1.0,15,0.06099330630359662,0.0618825312218974
142,4,16,17,0.14166666666666666,1.0,17,0.053803570260569485,0.05459922319783958
142,4,16,17,0.14166666666666666,1.0,19,0.048130464483526446,0.04885004947353821
143,4,16,17,0.14166666666666666,0.1,1,0.014419743827439616,0.01385616479764873
143,4,16,17,0.14166666666666666,0.1,3,0.004801983778313904,0.004613391934065461
143,4,16,17,0.14166666666666666,0.1,5,0.0028808315419734227,0.002767747395459446
143,4,16,17,0.14166666666666666,0.1,7,0.00205764099437068,0.001976900031564085
143,4,16,17,0.14166666666666666,0.1,9,0.0016003488570603692,0.0015375671383103715
143,4,16,17,0.14166666666666666,0.1,11,0.0013093571074940047,0.0012579997175965795
143,4,16,17,0.14166666666666666,0.1,13,0.001107906618568858,0.0010644561911570217
143,4,16,17,0.14166666666666666,0.1,15,0.0009601789361822855,0.0009225257266688233
143,4,16,17,0.14166666666666666,0.1,17,0.0008472121953930179,0.0008139914208820562
143,4,16,17,0.14166666666666666,0.1,19,0.0007580288176220144,0.0007283068700786488
143,4,16,17,0.14166666666666666,0.5,1,0.33391177723486276,0.3227889005455099
143,4,16,17,0.14166666666666666,0.5,3,0.10981274151088552,0.10477762299765403
143,4,16,17,0.14166666666666666,0.5,5,0.06580679358123556,0.06272058999152308
143,4,16,17,0.14166666666666666,0.5,7,0.04698577507756585,0.044769883337249836
143,4,16,17,0.14166666666666666,0.5,9,0.036537356929042815,0.03481068397509841
143,4,16,17,0.14166666666666666,0.5,11,0.029890819811830463,0.028476957836056513
143,4,16,17,0.14166666666666666,0.5,13,0.025290379235334167,0.024093580916565858
143,4,16,17,0.14166666666666666,0.5,15,0.021917208475711932,0.020879789050017104
143,4,16,17,0.14166666666666666,0.5,17,0.01933798639393564,0.018422532734184132
143,4,16,17,0.14166666666666666,0.5,19,0.017301911163576544,0.016482788043437852
143,4,16,17,0.14166666666666666,1.0,1,1.05114393039535,1.042036256009605
143,4,16,17,0.14166666666666666,1.0,3,0.3454693435529545,0.3191096418377253
143,4,16,17,0.14166666666666666,1.0,5,0.20718041966417025,0.1900814421423247
143,4,16,17,0.14166666666666666,1.0,7,0.14795354962960747,0.135482553346276
143,4,16,17,0.14166666666666666,1.0,9,0.11506015787081669,0.10527541842917751
143,4,16,17,0.14166666666666666,1.0,11,0.0941321197226756,0.08608995820768245
143,4,16,17,0.14166666666666666,1.0,13,0.07964544258184927,0.0728221702304883
143,4,16,17,0.14166666666666666,1.0,15,0.06902293502133575,0.06309910351433633
143,4,16,17,0.14166666666666666,1.0,17,0.0609004585720501,0.055667254602924654
143,4,16,17,0.14166666666666666,1.0,19,0.054488362352367134,0.04980194559631549
144,4,16,17,0.14166666666666666,0.1,1,0.01190495173698972,0.014983615281327618
144,4,16,17,0.14166666666666666,0.1,3,0.003963895677151056,0.004984762135225564
144,4,16,17,0.14166666666666666,0.1,5,0.002378010200990555,0.002989890904543251
144,4,16,17,0.14166666666666666,0.1,7,0.0016984934211229535,0.002135355621649228
144,4,16,17,0.14166666666666666,0.1,9,0.0013210165850724767,0.00166071388766365
144,4,16,17,0.14166666666666666,0.1,11,0.0010808150390661626,0.0013587052599527579
144,4,16,17,0.14166666666666666,0.1,13,0.0009145263646528052,0.001149638511156057
144,4,16,17,0.14166666666666666,0.1,15,0.0007925836767634096,0.0009963311846514884
144,4,16,17,0.14166666666666666,0.1,17,0.0006993346783768662,0.0008791008586594446
144,4,16,17,0.14166666666666666,0.1,19,0.0006257178190039274,0.0007865534509711409
144,4,16,17,0.14166666666666666,0.5,1,0.2812293772326396,0.34617265742727144
144,4,16,17,0.14166666666666666,0.5,3,0.0920030311086218,0.11307210367194248
144,4,16,17,0.14166666666666666,0.5,5,0.05510337235132343,0.06767513159605999
144,4,16,17,0.14166666666666666,0.5,7,0.03933730435088366,0.04829585984034699
144,4,16,17,0.14166666666666666,0.5,9,0.030587656869984256,0.03754624509094697
144,4,16,17,0.14166666666666666,0.5,11,0.025022570183974937,0.030711187056085634
144,4,16,17,0.14166666666666666,0.5,13,0.021170966150588038,0.025981616734134835
144,4,16,17,0.14166666666666666,0.5,15,0.018346997650102777,0.02251445295526187
144,4,16,17,0.14166666666666666,0.5,17,0.016187778193099838,0.019863747260455648
144,4,16,17,0.14166666666666666,0.5,19,0.014483295559131037,0.017771474951169767
144,4,16,17,0.14166666666666666,1.0,1,0.9400216863187554,1.0728706553366647
144,4,16,17,0.14166666666666666,1.0,3,0.29814160135580897,0.3436994898314033
144,4,16,17,0.14166666666666666,1.0,5,0.17836549085578898,0.2053293080964508
144,4,16,17,0.14166666666666666,1.0,7,0.12729638562971576,0.14644075441414506
144,4,16,17,0.14166666666666666,1.0,9,0.09897233380438861,0.11381218716792768
144,4,16,17,0.14166666666666666,1.0,11,0.08096188031438865,0.09307732078531254
144,4,16,17,0.14166666666666666,1.0,13,0.06849840077478184,0.0787344911603677
144,4,16,17,0.14166666666666666,1.0,15,0.059360894826799626,0.0682223340079476
144,4,16,17,0.14166666666666666,1.0,17,0.05237459256803088,0.0601868544649475
144,4,16,17,0.14166666666666666,1.0,19,0.046859753952719393,0.053844961925802924
145,4,16,17,0.14166666666666666,0.1,1,0.015330088018331318,0.012528614371588732
145,4,16,17,0.14166666666666666,0.1,3,0.005099066010606092,0.004166759414789354
145,4,16,17,0.14166666666666666,0.1,5,0.003058748337277397,0.0024989864621156304
145,4,16,17,0.14166666666666666,0.1,7,0.002184653831622046,0.0017846675709754453
145,4,16,17,0.14166666666666666,0.1,9,0.0016991124018587165,0.0013879362274340395
145,4,16,17,0.14166666666666666,0.1,11,0.0013901529455318017,0.0011355123264146232
145,4,16,17,0.14166666666666666,0.1,13,0.0011762667966589793,0.000960776134186595
145,4,16,17,0.14166666666666666,0.1,15,0.0010194212402810023,0.0008326460121066346
145,4,16,17,0.14166666666666666,0.1,17,0.0008994828356253965,0.0007346697086554458
145,4,16,17,0.14166666666666666,0.1,19,0.0008047959773461463,0.0006573233897230492
145,4,16,17,0.14166666666666666,0.5,1,0.3438898708220755,0.2978034426315755
145,4,16,17,0.14166666666666666,0.5,3,0.1096174637628764,0.0980548661504861
145,4,16,17,0.14166666666666666,0.5,5,0.06553649027120598,0.05871138761073368
145,4,16,17,0.14166666666666666,0.5,7,0.04676376944342685,0.041899350125841575
145,4,16,17,0.14166666666666666,0.5,9,0.03635575598609037,0.03257217303700328
145,4,16,17,0.14166666666666666,0.5,11,0.02973866897883489,0.02664149459961689
145,4,16,17,0.14166666666666666,0.5,13,0.0251599616665672,0.022537833868321436
145,4,16,17,0.14166666666666666,0.5,15,0.021803302685633952,0.01952962625758238
145,4,16,17,0.14166666666666666,0.5,17,0.019236983504518194,0.017229886396192617
145,4,16,17,0.14166666666666666,0.5,19,0.017211240054262368,0.0154147033972404
145,4,16,17,0.14166666666666666,1.0,1,0.9974533944059918,0.996160815174079
145,4,16,17,0.14166666666666666,1.0,3,0.29363126189742395,0.3324744642269667
145,4,16,17,0.14166666666666666,1.0,5,0.1746455078652696,0.19930413061613544
145,4,16,17,0.14166666666666666,1.0,7,0.1244146021399202,0.14224476540299022
145,4,16,17,0.14166666666666666,1.0,9,0.09664967186660868,0.11057270162738994
145,4,16,17,0.14166666666666666,1.0,11,0.07902384043710202,0.09043248642282799
145,4,16,17,0.14166666666666666,1.0,13,0.06683820158341286,0.07649721074925483
145,4,16,17,0.14166666666666666,1.0,15,0.05790992264630234,0.06628257674885181
145,4,16,17,0.14166666666666666,1.0,17,0.05108652692290517,0.05847417314613276
145,4,16,17,0.14166666666666666,1.0,19,0.04570197994530693,0.05231143319540811
146,4,16,17,0.14166666666666666,0.1,1,0.014166296545651992,0.013772926910535856
146,4,16,17,0.14166666666666666,0.1,3,0.004717096291540182,0.004582588094641409
146,4,16,17,0.14166666666666666,0.1,5,0.0028299816410510014,0.002748821870492275
146,4,16,17,0.14166666666666666,0.1,7,0.002021354341462094,0.001963241093933653
146,4,16,17,0.14166666666666666,0.1,9,0.0015721427920622727,0.001526881737782975
146,4,16,17,0.14166666666666666,0.1,11,0.0012862887846587223,0.0012492246546689982
146,4,16,17,0.14166666666666666,0.1,13,0.0010883929765237242,0.0010570120088181476
146,4,16,17,0.14166666666666666,0.1,15,0.0009432708403751566,0.0009160618939512887
146,4,16,17,0.14166666666666666,0.1,17,0.00083229585238537,0.0008082797765416004
146,4,16,17,0.14166666666666666,0.1,19,0.0007446844552924801,0.0007231906012446043
146,4,16,17,0.14166666666666666,0.5,1,0.32795073932716634,0.3202586501977378
146,4,16,17,0.14166666666666666,0.5,3,0.1068778431303043,0.10426536331587703
146,4,16,17,0.14166666666666666,0.5,5,0.06402232804564743,0.06236361137689643
146,4,16,17,0.14166666666666666,0.5,7,0.045709481311555444,0.04449391871459282
146,4,16,17,0.14166666666666666,0.5,9,0.03554511102055561,0.03458587927738903
146,4,16,17,0.14166666666666666,0.5,11,0.02907956006054888,0.02828741036030889
146,4,16,17,0.14166666666666666,0.5,13,0.02460440539788439,0.02392978254787605
146,4,16,17,0.14166666666666666,0.5,15,0.02132306345796614,0.020735607808732768
146,4,16,17,0.14166666666666666,0.5,17,0.018814019197159373,0.01829378733732835
146,4,16,17,0.14166666666666666,0.5,19,0.0168333124807306,0.016366501788022552
146,4,16,17,0.14166666666666666,1.0,1,1.0395947986497682,1.0198656668602293
146,4,16,17,0.14166666666666666,1.0,3,0.3310811526456478,0.32768723940320277
146,4,16,17,0.14166666666666666,1.0,5,0.19763917690208935,0.19544245194144896
146,4,16,17,0.14166666666666666,1.0,7,0.1409222738122197,0.1392841773770253
146,4,16,17,0.14166666666666666,1.0,9,0.10951152313510785,0.10820196080118498
146,4,16,17,0.14166666666666666,1.0,11,0.08955497775455917,0.08846301393641584
146,4,16,17,0.14166666666666666,1.0,13,0.07575225415131528,0.07481541929977144
146,4,16,17,0.14166666666666666,1.0,15,0.06563674045240353,0.06481623295008816
146,4,16,17,0.14166666666666666,1.0,17,0.057904859537837916,0.057174877240933716
146,4,16,17,0.14166666666666666,1.0,19,0.05180280443736768,0.05114530054906836
147,4,16,17,0.14166666666666666,0.1,1,0.014247579819906354,0.013716774820998503
147,4,16,17,0.14166666666666666,0.1,3,0.004744519958877096,0.0045664565543868324
147,4,16,17,0.14166666666666666,0.1,5,0.002846403039952473,0.002739536126826642
147,4,16,17,0.14166666666666666,0.1,7,0.002033068930439807,0.0019567342593975294
147,4,16,17,0.14166666666666666,0.1,9,0.0015812466850848937,0.0015218763098722792
147,4,16,17,0.14166666666666666,0.1,11,0.0012937332474002594,0.0012451584911389304
147,4,16,17,0.14166666666666666,0.1,13,0.0010946895768282994,0.001053588628128214
147,4,16,17,0.14166666666666666,0.1,15,0.000948726215614181,0.0009131059622428471
147,4,16,17,0.14166666666666666,0.1,17,0.0008371082606654681,0.0008056790497272509
147,4,16,17,0.14166666666666666,0.1,19,0.0007489894621998035,0.0007208689112337552
147,4,16,17,0.14166666666666666,0.5,1,0.33157216003459683,0.3182698337290128
147,4,16,17,0.14166666666666666,0.5,3,0.10852655408584275,0.10294374502828574
147,4,16,17,0.14166666666666666,0.5,5,0.06499798083522869,0.061570694903173455
147,4,16,17,0.14166666666666666,0.5,7,0.04640012941407226,0.04393591911717809
147,4,16,17,0.14166666666666666,0.5,9,0.03607918355899178,0.03415720457359267
147,4,16,17,0.14166666666666666,0.5,11,0.029514796447476278,0.027939966689245074
147,4,16,17,0.14166666666666666,0.5,13,0.024971622318482878,0.023637917461225226
147,4,16,17,0.14166666666666666,0.5,15,0.02164062408599378,0.0204840979401291
147,4,16,17,0.14166666666666666,0.5,17,0.01909374125234687,0.01807288295084684
147,4,16,17,0.14166666666666666,0.5,19,0.017083246536293943,0.016169592525438457
147,4,16,17,0.14166666666666666,1.0,1,1.0660789915273885,1.0372580403139036
147,4,16,17,0.14166666666666666,1.0,3,0.34160019440493755,0.32382784541897053
147,4,16,17,0.14166666666666666,1.0,5,0.2036222830877887,0.19115260607791454
147,4,16,17,0.14166666666666666,1.0,7,0.14509574975401623,0.13559395411060368
147,4,16,17,0.14166666666666666,1.0,9,0.11271515145352871,0.10505961759756147
147,4,16,17,0.14166666666666666,1.0,11,0.09215441174822078,0.08575037543020744
147,4,16,17,0.14166666666666666,1.0,13,0.07793921400528284,0.07243733714707012
147,4,16,17,0.14166666666666666,1.0,15,0.06752420001865543,0.06270276590467344
147,4,16,17,0.14166666666666666,1.0,17,0.05956497178268459,0.05527474984455646
147,4,16,17,0.14166666666666666,1.0,19,0.05328445220372893,0.049420311172965144
148,4,16,17,0.14166666666666666,0.1,1,0.01170151310332006,0.01163172999379378
148,4,16,17,0.14166666666666666,0.1,3,0.0038974617723588787,0.0038650802889708545
148,4,16,17,0.14166666666666666,0.1,5,0.002338285602041168,0.0023178362681767466
148,4,16,17,0.14166666666666666,0.1,7,0.0016701580619390016,0.001655244560751317
148,4,16,17,0.14166666666666666,0.1,9,0.0012989945333077098,0.001287263687547393
148,4,16,17,0.14166666666666666,0.1,11,0.0010628054842220795,0.0010531394195894199
148,4,16,17,0.14166666666666666,0.1,13,0.0008992924304343427,0.0008910736927631273
148,4,16,17,0.14166666666666666,0.1,15,0.0007793840371567623,0.0007722359215508825
148,4,16,17,0.14166666666666666,0.1,17,0.0006876900197006904,0.0006813658791787741
148,4,16,17,0.14166666666666666,0.1,19,0.0006153003781691947,0.0006096299592721945
148,4,16,17,0.14166666666666666,0.5,1,0.27721269607439,0.27589070979095964
148,4,16,17,0.14166666666666666,0.5,3,0.09103004556069227,0.0891469096049421
148,4,16,17,0.14166666666666666,0.5,5,0.05454223535046869,0.05328157693026748
148,4,16,17,0.14166666666666666,0.5,7,0.0389412944045401,0.038004241942325635
148,4,16,17,0.14166666666666666,0.5,9,0.03028129090218414,0.029537369612105117
148,4,16,17,0.14166666666666666,0.5,11,0.024772630445146125,0.024156319567995833
148,4,16,17,0.14166666666666666,0.5,13,0.020959851887531654,0.020433961144648936
148,4,16,17,0.14166666666666666,0.5,15,0.018164246453855486,0.017705717580591862
148,4,16,17,0.14166666666666666,0.5,17,0.01602666046403599,0.015620234936865403
148,4,16,17,0.14166666666666666,0.5,19,0.014339225535641754,0.013974291449365302
148,4,16,17,0.14166666666666666,1.0,1,0.9359454957709066,0.9117366866112213
148,4,16,17,0.14166666666666666,1.0,3,0.3027442293518609,0.28011554748396633
148,4,16,17,0.14166666666666666,1.0,5,0.18118146965808635,0.16663471707771488
148,4,16,17,0.14166666666666666,1.0,7,0.12928565939981487,0.11867518396147476
148,4,16,17,0.14166666666666666,1.0,9,0.10050160645030111,0.09216989787488779
148,4,16,17,0.14166666666666666,1.0,11,0.08220113623941742,0.07534796978973456
148,4,16,17,0.14166666666666666,1.0,13,0.06953896123544623,0.06372074093559428
148,4,16,17,0.14166666666666666,1.0,15,0.06025713389525731,0.05520320510575094
148,4,16,17,0.14166666666666666,1.0,17,0.05316138817385827,0.04869472762676072
148,4,16,17,0.14166666666666666,1.0,19,0.04756076952620766,0.04355935371528757
149,4,16,17,0.14166666666666666,0.1,1,0.015688911907002254,0.014670541665990368
149,4,16,17,0.14166666666666666,0.1,3,0.005221376489919956,0.00488007009139153
149,4,16,17,0.14166666666666666,0.1,5,0.0031321666388868263,0.0029271615991131547
149,4,16,17,0.14166666666666666,0.1,7,0.0022370841812732285,0.0020905846717999333
149,4,16,17,0.14166666666666666,0.1,9,0.0017398824384101284,0.00162590936872067
149,4,16,17,0.14166666666666666,0.1,11,0.0014235042075103435,0.0013302384408129116
149,4,16,17,0.14166666666666666,0.1,13,0.0012044830596400868,0.0011255570542843128
149,4,16,17,0.14166666666666666,0.1,15,0.0010438725461167136,0.0009754644091610977
149,4,16,17,0.14166666666666666,0.1,17,0.000921055522810448,0.0008606916268992534
149,4,16,17,0.14166666666666666,0.1,19,0.0008240963847965248,0.0007700839181409437
149,4,16,17,0.14166666666666666,0.5,1,0.35989915569763264,0.3369982088746049
149,4,16,17,0.14166666666666666,0.5,3,0.11723065502149431,0.10925466472553831
149,4,16,17,0.14166666666666666,0.5,5,0.07018221182625774,0.06534428520996619
149,4,16,17,0.14166666666666666,0.5,7,0.050093316852416414,0.046622771162956204
149,4,16,17,0.14166666666666666,0.5,9,0.038947733217953986,0.03624229061900861
149,4,16,17,0.14166666666666666,0.5,11,0.03185983608438748,0.029643202585308063
149,4,16,17,0.14166666666666666,0.5,13,0.026954774450576622,0.02507739301726152
149,4,16,17,0.14166666666666666,0.5,15,0.0233586637118589,0.02173049512577747
149,4,16,17,0.14166666666666666,0.5,17,0.02060919872554369,0.019171843954593412
149,4,16,17,0.14166666666666666,0.5,19,0.018438861251421516,0.017152293032024448
149,4,16,17,0.14166666666666666,1.0,1,1.1047513909564102,1.0473397524323762
149,4,16,17,0.14166666666666666,1.0,3,0.35189425814779707,0.3301838850175617
149,4,16,17,0.14166666666666666,1.0,5,0.21012694508407626,0.19612192829591604
149,4,16,17,0.14166666666666666,1.0,7,0.1498475687732339,0.13955203039608238
149,4,16,17,0.14166666666666666,1.0,9,0.11645625990995073,0.10832726254010776
149,4,16,17,0.14166666666666666,1.0,11,0.0952385670997913,0.08852632016869669
149,4,16,17,0.14166666666666666,1.0,13,0.08056234078159798,0.07484772361041012
149,4,16,17,0.14166666666666666,1.0,15,0.06980604375286861,0.06483153473771547
149,4,16,17,0.14166666666666666,1.0,17,0.061584029062847136,0.057180242279286614
149,4,16,17,0.14166666666666666,1.0,19,0.05509495150194313,0.05114459575065921
150,4,16,17,0.14166666666666666,0.1,1,0.011610777540705101,0.012241835814271443
150,4,16,17,0.14166666666666666,0.1,3,0.003861510898528005,0.004075848891475004
150,4,16,17,0.14166666666666666,0.1,5,0.0023164552956731013,0.0024452808967702334
150,4,16,17,0.14166666666666666,0.1,7,0.0016545214027457727,0.001746584260452823
150,4,16,17,0.14166666666666666,0.1,9,0.0012868212539289712,0.0013584400373631896
150,4,16,17,0.14166666666666666,0.1,11,0.0010528418427643,0.0011114449809877822
150,4,16,17,0.14166666666666666,0.1,13,0.0008908603748419485,0.0009404505456018645
150,4,16,17,0.14166666666666666,0.1,15,0.0007720758367606818,0.0008150555627234512
150,4,16,17,0.14166666666666666,0.1,17,0.0006812415246228589,0.0007191657431725131
150,4,16,17,0.14166666666666666,0.1,19,0.0006095307228926623,0.0006434635026565016
150,4,16,17,0.14166666666666666,0.5,1,0.27921908130574186,0.2857834607469759
150,4,16,17,0.14166666666666666,0.5,3,0.09025892209331772,0.09254913057513717
150,4,16,17,0.14166666666666666,0.5,5,0.053950588259730634,0.055401822950372825
150,4,16,17,0.14166666666666666,0.5,7,0.03848939103052003,0.03954765274983081
150,4,16,17,0.14166666666666666,0.5,9,0.029920235689098754,0.030751262910996766
150,4,16,17,0.14166666666666666,0.5,11,0.024473363502263715,0.025156802319812606
150,4,16,17,0.14166666666666666,0.5,13,0.0207048442622684,0.021284908597517683
150,4,16,17,0.14166666666666666,0.5,15,0.01794233548618058,0.018446041902230523
150,4,16,17,0.14166666666666666,0.5,17,0.015830365506526552,0.016275401082097796
150,4,16,17,0.14166666666666666,0.5,19,0.014163313047834128,0.014561875848511227
150,4,16,17,0.14166666666666666,1.0,1,0.9527334278113521,0.9207665253483236
150,4,16,17,0.14166666666666666,1.0,3,0.303851711310668,0.2773294142424515
150,4,16,17,0.14166666666666666,1.0,5,0.18119028893556138,0.16521031272239242
150,4,16,17,0.14166666666666666,1.0,7,0.12907524708018986,0.11778081442213383
150,4,16,17,0.14166666666666666,1.0,9,0.10024196173460209,0.09153562858199034
150,4,16,17,0.14166666666666666,1.0,11,0.08193878188222355,0.07486327098641726
150,4,16,17,0.14166666666666666,1.0,13,0.06928821519651548,0.06333152557446647
150,4,16,17,0.14166666666666666,1.0,15,0.06002204159041788,0.05487955114285898
150,4,16,17,0.14166666666666666,1.0,17,0.052942374555975565,0.04841855667658679
150,4,16,17,0.14166666666666666,1.0,19,0.04735696311417686,0.0433189977389539
151,4,16,17,0.14166666666666666,0.1,1,0.01378923346563581,0.01502510149210627
151,4,16,17,0.14166666666666666,0.1,3,0.00459130579606889,0.00499673852292017
151,4,16,17,0.14166666666666666,0.1,5,0.0027544031899665246,0.002996761822785013
151,4,16,17,0.14166666666666666,0.1,7,0.0019673309582662365,0.002140159833678743
151,4,16,17,0.14166666666666666,0.1,9,0.0015301064499958477,0.0016644042670995497
151,4,16,17,0.14166666666666666,0.1,11,0.0012518855334694868,0.001361700140648923
151,4,16,17,0.14166666666666666,0.1,13,0.0010592765799973833,0.001152158102374885
151,4,16,17,0.14166666666666666,0.1,15,0.0009180327718526638,0.0009985055114554954
151,4,16,17,0.14166666666666666,0.1,17,0.0008100243274872484,0.0008810130546654867
151,4,16,17,0.14166666666666666,0.1,19,0.0007247554153490605,0.0007882598716917929
151,4,16,17,0.14166666666666666,0.5,1,0.3208441865855784,0.3516049565771057
151,4,16,17,0.14166666666666666,0.5,3,0.1050780950892165,0.11578610241331799
151,4,16,17,0.14166666666666666,0.5,5,0.06296849020971088,0.06936646573511
151,4,16,17,0.14166666666666666,0.5,7,0.044962109901974155,0.04951829518549121
151,4,16,17,0.14166666666666666,0.5,9,0.03496554230472853,0.038502161603306995
151,4,16,17,0.14166666666666666,0.5,11,0.028606068666740665,0.03149564019257242
151,4,16,17,0.14166666666666666,0.5,13,0.024204091850716005,0.02664662464575074
151,4,16,17,0.14166666666666666,0.5,15,0.020976300814024157,0.02309152159459893
151,4,16,17,0.14166666666666666,0.5,17,0.018508152363031966,0.020373386742223693
151,4,16,17,0.14166666666666666,0.5,19,0.016559702734283865,0.018227777335419946
151,4,16,17,0.14166666666666666,1.0,1,1.0217787424262375,1.0990652879541745
151,4,16,17,0.14166666666666666,1.0,3,0.3320319864447826,0.3720076537558748
151,4,16,17,0.14166666666666666,1.0,5,0.19845052573410746,0.2231722709311888
151,4,16,17,0.14166666666666666,1.0,7,0.14153155409888482,0.15935557056361047
151,4,16,17,0.14166666666666666,1.0,9,0.10999024761982576,0.12391247370193069
151,4,16,17,0.14166666666666666,1.0,11,0.08994687938956462,0.10136471291377237
151,4,16,17,0.14166666666666666,1.0,13,0.07608313558065052,0.08575865180270768
151,4,16,17,0.14166666666666666,1.0,15,0.06592266618653493,0.07431650539246487
151,4,16,17,0.14166666666666666,1.0,17,0.05815639566795266,0.06556804307889132
151,4,16,17,0.14166666666666666,1.0,19,0.05202723212055539,0.058662274280698354
152,4,16,17,0.14166666666666666,0.1,1,0.0130117115850142,0.013139107973037517
152,4,16,17,0.14166666666666666,0.1,3,0.004331708905141052,0.004369755057106894
152,4,16,17,0.14166666666666666,0.1,5,0.0025987036622086472,0.0026208095172564633
152,4,16,17,0.14166666666666666,0.1,7,0.0018561432984005428,0.001871698176411083
152,4,16,17,0.14166666666666666,0.1,9,0.0014436402201384155,0.0014556340711608037
152,4,16,17,0.14166666666666666,0.1,11,0.0011811477573477616,0.0011909056942108404
152,4,16,17,0.14166666666666666,0.1,13,0.0009994260286556344,0.0010076500671792048
152,4,16,17,0.14166666666666666,0.1,15,0.0008661652385908984,0.0008732718203111823
152,4,16,17,0.14166666666666666,0.1,17,0.000764260889657094,0.0007705172128651212
152,4,16,17,0.14166666666666666,0.1,19,0.0006838106424954052,0.0006893983404761125
152,4,16,17,0.14166666666666666,0.5,1,0.3034929953482911,0.31047296040301026
152,4,16,17,0.14166666666666666,0.5,3,0.09842786795216074,0.10134847527493353
152,4,16,17,0.14166666666666666,0.5,5,0.05892140750154829,0.06064558466276675
152,4,16,17,0.14166666666666666,0.5,7,0.042058819367245044,0.04327406151418489
152,4,16,17,0.14166666666666666,0.5,9,0.03270306711541608,0.033639652543539726
152,4,16,17,0.14166666666666666,0.5,11,0.02675300945071774,0.0275143542928433
152,4,16,17,0.14166666666666666,0.5,13,0.022635108327560535,0.02327623971585673
152,4,16,17,0.14166666666666666,0.5,15,0.01961593118676662,0.020169536467536137
152,4,16,17,0.14166666666666666,0.5,17,0.01730746176498541,0.017794517839327638
152,4,16,17,0.14166666666666666,0.5,19,0.015485159435973778,0.01591992130919569
152,4,16,17,0.14166666666666666,1.0,1,0.9815416438049316,1.0237449838054982
152,4,16,17,0.14166666666666666,1.0,3,0.30321295652704844,0.3236217215527435
152,4,16,17,0.14166666666666666,1.0,5,0.1810945974504219,0.1930741721424461
152,4,16,17,0.14166666666666666,1.0,7,0.12919019643765042,0.13763376668261718
152,4,16,17,0.14166666666666666,1.0,9,0.10042776054490606,0.10694097719919511
152,4,16,17,0.14166666666666666,1.0,11,0.08214533028297,0.08744480211240625
152,4,16,17,0.14166666666666666,1.0,13,0.06949612114920964,0.07396247637634987
152,4,16,17,0.14166666666666666,1.0,15,0.060223540944289215,0.0640828329596055
152,4,16,17,0.14166666666666666,1.0,17,0.053134509498389444,0.056531861401021385
152,4,16,17,0.14166666666666666,1.0,19,0.047538877164154475,0.05057296736866052
153,4,16,17,0.14166666666666666,0.1,1,0.017972905788051302,0.015532616511169434
153,4,16,17,0.14166666666666666,0.1,3,0.005966054057177003,0.005173589351483433
153,4,16,17,0.14166666666666666,0.1,5,0.003576937102738676,0.003103844772922421
153,4,16,17,0.14166666666666666,0.1,7,0.0025541520220149117,0.002216949745473033
153,4,16,17,0.14166666666666666,0.1,9,0.001986220164904446,0.0017242612091148857
153,4,16,17,0.14166666666666666,0.1,11,0.0016249122572008546,0.001410742731629656
153,4,16,17,0.14166666666666666,0.1,13,0.0013748226164877035,0.0011936960522967847
153,4,16,17,0.14166666666666666,0.1,15,0.00119144762182542,0.0010345307778567025
153,4,16,17,0.14166666666666666,0.1,17,0.001051233364679736,0.0009128174274765151
153,4,16,17,0.14166666666666666,0.1,19,0.0009405462428661851,0.0008167287016819401
153,4,16,17,0.14166666666666666,0.5,1,0.41543158383911866,0.3584010317712185
153,4,16,17,0.14166666666666666,0.5,3,0.1340916376008292,0.11821546061574174
153,4,16,17,0.14166666666666666,0.5,5,0.08003591349472136,0.07083281408634802
153,4,16,17,0.14166666666666666,0.5,7,0.05704952478301,0.05057026913369727
153,4,16,17,0.14166666666666666,0.5,9,0.04432240624639267,0.0393228520114571
153,4,16,17,0.14166666666666666,0.5,11,0.03623865519709411,0.03216858219359836
153,4,16,17,0.14166666666666666,0.5,13,0.03064899521479729,0.027216967567409378
153,4,16,17,0.14166666666666666,0.5,15,0.02655336743990449,0.02358644312476186
153,4,16,17,0.14166666666666666,0.5,17,0.02342336045672316,0.02081052051653692
153,4,16,17,0.14166666666666666,0.5,19,0.020953478363299857,0.018619216150385268
153,4,16,17,0.14166666666666666,1.0,1,1.2538608731971543,1.1299947736705933
153,4,16,17,0.14166666666666666,1.0,3,0.40121040341941516,0.37553875627874705
153,4,16,17,0.14166666666666666,1.0,5,0.2380893543265839,0.224247230128302
153,4,16,17,0.14166666666666666,1.0,7,0.16924409831114964,0.15984623057037814
153,4,16,17,0.14166666666666666,1.0,9,0.1312786582960434,0.12418496271041686
153,4,16,17,0.14166666666666666,1.0,11,0.10722439359181804,0.10153433145309165
153,4,16,17,0.14166666666666666,1.0,13,0.09061966769193697,0.08587233862540054
153,4,16,17,0.14166666666666666,1.0,15,0.07846797661551043,0.07439671860667094
153,4,16,17,0.14166666666666666,1.0,17,0.06918984954008908,0.06562679279005218
153,4,16,17,0.14166666666666666,1.0,19,0.06187379453585226,0.05870652820092776
154,4,16,17,0.14166666666666666,0.1,1,0.013680354127801426,0.013652480815708804
154,4,16,17,0.14166666666666666,0.1,3,0.004554034157639227,0.0045434150422412126
154,4,16,17,0.14166666666666666,0.1,5,0.0027319836122265155,0.002725436210721439
154,4,16,17,0.14166666666666666,0.1,7,0.0019513042552473392,0.0019465722743025949
154,4,16,17,0.14166666666666666,0.1,9,0.0015176366798678967,0.0015139320746140289
154,4,16,17,0.14166666666666666,0.1,11,0.0012416809091690736,0.0012386371895680792
154,4,16,17,0.14166666666666666,0.1,13,0.0010506407876163016,0.0010480578695306023
154,4,16,17,0.14166666666666666,0.1,15,0.0009105477630286631,0.0009083044746180875
154,4,16,17,0.14166666666666666,0.1,17,0.0008034194910343973,0.000801436899325435
154,4,16,17,0.14166666666666666,0.1,19,0.000718845544249052,0.000717069367662884
154,4,16,17,0.14166666666666666,0.5,1,0.3173200152430263,0.3208631053830495
154,4,16,17,0.14166666666666666,0.5,3,0.10339647361534991,0.10439630012098401
154,4,16,17,0.14166666666666666,0.5,5,0.06192094246424463,0.06250840747954065
154,4,16,17,0.14166666666666666,0.5,7,0.04420400086488363,0.04461991664334534
154,4,16,17,0.14166666666666666,0.5,9,0.03437206865501334,0.03469393329635413
154,4,16,17,0.14166666666666666,0.5,11,0.02811863889239556,0.028381122143173985
154,4,16,17,0.14166666666666666,0.5,13,0.023790614900386923,0.02401220508857324
154,4,16,17,0.14166666666666666,0.5,15,0.02061731992788011,0.02080903644089106
154,4,16,17,0.14166666666666666,0.5,17,0.018190989074212738,0.01835992724809527
154,4,16,17,0.14166666666666666,0.5,19,0.016275638482194103,0.016426634733019457
154,4,16,17,0.14166666666666666,1.0,1,1.0004799672498037,1.0448748509798407
154,4,16,17,0.14166666666666666,1.0,3,0.31647318540459984,0.32622417084553446
154,4,16,17,0.14166666666666666,1.0,5,0.1887759856116347,0.1951002925511627
154,4,16,17,0.14166666666666666,1.0,7,0.13460857475414167,0.13923755113615405
154,4,16,17,0.14166666666666666,1.0,9,0.10461909377554497,0.10825708495394334
154,4,16,17,0.14166666666666666,1.0,11,0.08556497118150928,0.08855751812313126
154,4,16,17,0.14166666666666666,1.0,13,0.07238497193165419,0.07492504028276287
154,4,16,17,0.14166666666666666,1.0,15,0.0627246712531018,0.06493041405057512
154,4,16,17,0.14166666666666666,1.0,17,0.055339901162090824,0.05728873188401708
154,4,16,17,0.14166666666666666,1.0,19,0.049511196333050546,0.05125652140580586
155,4,16,17,0.14166666666666666,0.1,1,0.011875407099465485,0.01250969256452642
155,4,16,17,0.14166666666666666,0.1,3,0.003955508744609259,0.004167965985624675
155,4,16,17,0.14166666666666666,0.1,5,0.0023731631291019125,0.002500687028047425
155,4,16,17,0.14166666666666666,0.1,7,0.001695088552589824,0.0017861868070208344
155,4,16,17,0.14166666666666666,0.1,9,0.001318393255658104,0.0013892505762381155
155,4,16,17,0.14166666666666666,0.1,11,0.0010786816834412146,0.0011366571481808314
155,4,16,17,0.14166666666666666,0.1,13,0.0009127288508864197,0.0009617856428076342
155,4,16,17,0.14166666666666666,0.1,15,0.0007910306896563941,0.0008335469182551075
155,4,16,17,0.14166666666666666,0.1,17,0.0006979676770274364,0.0007354821982146803
155,4,16,17,0.14166666666666666,0.1,19,0.0006244970322700875,0.0006580627831125671
155,4,16,17,0.14166666666666666,0.5,1,0.27971596813100463,0.2949842866760931
155,4,16,17,0.14166666666666666,0.5,3,0.09157625465385733,0.09731597211655399
155,4,16,17,0.14166666666666666,0.5,5,0.05486511896682043,0.058343317123417844
155,4,16,17,0.14166666666666666,0.5,7,0.039173490609027875,0.04166473822917232
155,4,16,17,0.14166666666666666,0.5,9,0.030463186560882094,0.03240301216384274
155,4,16,17,0.14166666666666666,0.5,11,0.024922319600643197,0.026510357068702486
155,4,16,17,0.14166666666666666,0.5,13,0.021087091732881723,0.022431257616748364
155,4,16,17,0.14166666666666666,0.5,15,0.018274922218520933,0.01944010633789474
155,4,16,17,0.14166666666666666,0.5,17,0.016124602739022408,0.017152848139337012
155,4,16,17,0.14166666666666666,0.5,19,0.014427069959723801,0.01534716795505178
155,4,16,17,0.14166666666666666,1.0,1,0.929258568578916,0.9777199369692897
155,4,16,17,0.14166666666666666,1.0,3,0.29079578577307463,0.3181766392001983
155,4,16,17,0.14166666666666666,1.0,5,0.17345805956615346,0.19065711135799474
155,4,16,17,0.14166666666666666,1.0,7,0.12369726524997728,0.13613727570279358
155,4,16,17,0.14166666666666666,1.0,9,0.09614447711736344,0.10586995886219819
155,4,16,17,0.14166666666666666,1.0,11,0.07863693635090313,0.08661487958522472
155,4,16,17,0.14166666666666666,1.0,13,0.06652593660504448,0.07328660747221316
155,4,16,17,0.14166666666666666,1.0,15,0.057648736919832626,0.06351348350805358
155,4,16,17,0.14166666666666666,1.0,17,0.05086236032968514,0.056040380913212895
155,4,16,17,0.14166666666666666,1.0,19,0.04550580999241936,0.05014081183526321
156,4,16,17,0.14166666666666666,0.1,1,0.0123984411052532,0.012398441105253202
156,4,16,17,0.14166666666666666,0.1,3,0.0041273616445920295,0.004127361644592059
156,4,16,17,0.14166666666666666,0.1,5,0.002476155578929203,0.0024761555789292807
156,4,16,17,0.14166666666666666,0.1,7,0.0017686311219529134,0.001768631121953102
156,4,16,17,0.14166666666666666,0.1,9,0.0013755855221482883,0.001375585522149379
156,4,16,17,0.14166666666666666,0.1,11,0.0011254722460994498,0.001125472246099479
156,4,16,17,0.14166666666666666,0.1,13,0.0009523193520755487,0.0009523193520773978
156,4,16,17,0.14166666666666666,0.1,15,0.0008253416345183121,0.0008253416345191631
156,4,16,17,0.14166666666666666,0.1,17,0.0007282415549498853,0.0007282415549502483
156,4,16,17,0.14166666666666666,0.1,19,0.0006515838818115012,0.0006515838818118962
156,4,16,17,0.14166666666666666,0.5,1,0.2887600926957746,0.28876009269577485
156,4,16,17,0.14166666666666666,0.5,3,0.09303222118770473,0.09303222118770482
156,4,16,17,0.14166666666666666,0.5,5,0.05566756562766745,0.05566756562766755
156,4,16,17,0.14166666666666666,0.5,7,0.039732705778813354,0.039732705778813764
156,4,16,17,0.14166666666666666,0.5,9,0.03089366150839248,0.030893661508392605
156,4,16,17,0.14166666666666666,0.5,11,0.025272673309297698,0.025272673309297736
156,4,16,17,0.14166666666666666,0.5,13,0.02138264207936384,0.021382642079363717
156,4,16,17,0.14166666666666666,0.5,15,0.01853057439666327,0.018530574396663113
156,4,16,17,0.14166666666666666,0.5,17,0.01634988804635722,0.016349888046357158
156,4,16,17,0.14166666666666666,0.5,19,0.01462845878252992,0.014628458782529496
156,4,16,17,0.14166666666666666,1.0,1,0.928893838475286,0.9288938384752858
156,4,16,17,0.14166666666666666,1.0,3,0.2678438985949728,0.2678438985949733
156,4,16,17,0.14166666666666666,1.0,5,0.1587849507221583,0.15878495072215862
156,4,16,17,0.14166666666666666,1.0,7,0.1130398047867294,0.11303980478673022
156,4,16,17,0.14166666666666666,1.0,9,0.08779824048566923,0.08779824048566869
156,4,16,17,0.14166666666666666,1.0,11,0.07178424059281541,0.07178424059281584
156,4,16,17,0.14166666666666666,1.0,13,0.060715680027374326,0.06071568002737472
156,4,16,17,0.14166666666666666,1.0,15,0.0526066615648049,0.05260666156480612
156,4,16,17,0.14166666666666666,1.0,17,0.046409570888991884,0.04640957088899156
156,4,16,17,0.14166666666666666,1.0,19,0.04151925415759556,0.041519254157594984
157,4,16,17,0.14166666666666666,0.1,1,0.01018483028121255,0.010106882276778634
157,4,16,17,0.14166666666666666,0.1,3,0.0033913606373311696,0.0033587271995516913
157,4,16,17,0.14166666666666666,0.1,5,0.002034644909628205,0.0020147085734310197
157,4,16,17,0.14166666666666666,0.1,7,0.0014532840572437883,0.0014389728815979504
157,4,16,17,0.14166666666666666,0.1,9,0.0011303212476495854,0.0011191675466941645
157,4,16,17,0.14166666666666666,0.1,11,0.000924803822038675,0.0009156686143573415
157,4,16,17,0.14166666666666666,0.1,13,0.0007825241348854233,0.0007747897397761325
157,4,16,17,0.14166666666666666,0.1,15,0.0006781864003368714,0.00067148075321538
157,4,16,17,0.14166666666666666,0.1,17,0.0005983990672693396,0.0005924808423423064
157,4,16,17,0.14166666666666666,0.1,19,0.0005354092540341598,0.0005301130730280532
157,4,16,17,0.14166666666666666,0.5,1,0.2398788425184805,0.2473869189710014
157,4,16,17,0.14166666666666666,0.5,3,0.07800700581370443,0.07976481710390558
157,4,16,17,0.14166666666666666,0.5,5,0.04671779394498728,0.04769462664237419
157,4,16,17,0.14166666666666666,0.5,7,0.03335297631132485,0.034033873978072095
157,4,16,17,0.14166666666666666,0.5,9,0.0259358145312218,0.026459844874618534
157,4,16,17,0.14166666666666666,0.5,11,0.021217982118608397,0.021644401235746027
157,4,16,17,0.14166666666666666,0.5,13,0.017952592610892475,0.018312265110955787
157,4,16,17,0.14166666666666666,0.5,15,0.015558324047707652,0.01586941562687716
157,4,16,17,0.14166666666666666,0.5,17,0.013727585404225593,0.014001708626898476
157,4,16,17,0.14166666666666666,0.5,19,0.012282358384396392,0.01252739436969382
157,4,16,17,0.14166666666666666,1.0,1,0.8027227243672805,0.863489532753765
157,4,16,17,0.14166666666666666,1.0,3,0.252726023705048,0.27402087908106076
157,4,16,17,0.14166666666666666,1.0,5,0.151326989405775,0.16378011950906482
157,4,16,17,0.14166666666666666,1.0,7,0.10803584027265085,0.11686223582765151
157,4,16,17,0.14166666666666666,1.0,9,0.08401087107491888,0.09085339806453031
157,4,16,17,0.14166666666666666,1.0,11,0.06872922482747591,0.07431827726086469
157,4,16,17,0.14166666666666666,1.0,13,0.05815214503591546,0.06287675804702367
157,4,16,17,0.14166666666666666,1.0,15,0.05039671084386995,0.054488875513112475
157,4,16,17,0.14166666666666666,1.0,17,0.04446661897991226,0.048075875781820473
157,4,16,17,0.14166666666666666,1.0,19,0.03978525414701489,0.043013661640961105
158,4,16,17,0.14166666666666666,0.1,1,0.014662111891743419,0.014283708921907147
158,4,16,17,0.14166666666666666,0.1,3,0.004880985276428877,0.004756098810741127
158,4,16,17,0.14166666666666666,0.1,5,0.0029279750826403904,0.002853262864859875
158,4,16,17,0.14166666666666666,0.1,7,0.002091233227885943,0.002037940252067357
158,4,16,17,0.14166666666666666,0.1,9,0.0016264402490211863,0.0015850228217433838
158,4,16,17,0.14166666666666666,0.1,11,0.001330685739579689,0.0012968161204884214
158,4,16,17,0.14166666666666666,0.1,13,0.0011259427997495387,0.0010972942043215761
158,4,16,17,0.14166666666666666,0.1,15,0.0009758031930982486,0.0009509810280812562
158,4,16,17,0.14166666666666666,0.1,17,0.0008609934981551856,0.0008390960850030252
158,4,16,17,0.14166666666666666,0.1,19,0.0007703560534025384,0.0007507668253067354
158,4,16,17,0.14166666666666666,0.5,1,0.34371116780349614,0.33390640069623456
158,4,16,17,0.14166666666666666,0.5,3,0.11291417455907524,0.10944960723138061
158,4,16,17,0.14166666666666666,0.5,5,0.06762147684868432,0.06550718158542074
158,4,16,17,0.14166666666666666,0.5,7,0.048268204637798816,0.046748054052060006
158,4,16,17,0.14166666666666666,0.5,9,0.03752898805322245,0.03634265100653724
158,4,16,17,0.14166666666666666,0.5,11,0.0306991763734361,0.029726562386593738
158,4,16,17,0.14166666666666666,0.5,13,0.02597264919368392,0.02514855649260275
158,4,16,17,0.14166666666666666,0.5,15,0.022507422996734635,0.02179252431554888
158,4,16,17,0.14166666666666666,0.5,17,0.01985803605489033,0.019226792162548845
158,4,16,17,0.14166666666666666,0.5,19,0.017766707400696954,0.017201598053693725
158,4,16,17,0.14166666666666666,1.0,1,1.1120979490322482,1.08969128976709
158,4,16,17,0.14166666666666666,1.0,3,0.35748620979278206,0.3569136500165407
158,4,16,17,0.14166666666666666,1.0,5,0.2130347951754712,0.21272130843299558
158,4,16,17,0.14166666666666666,1.0,7,0.15179453733736722,0.15149782433649653
158,4,16,17,0.14166666666666666,1.0,9,0.11791787168345463,0.11763701149068347
158,4,16,17,0.14166666666666666,1.0,11,0.09640831257484339,0.0961464946129426
158,4,16,17,0.14166666666666666,1.0,13,0.08153738433310641,0.08129473605927508
158,4,16,17,0.14166666666666666,1.0,15,0.07064197868486692,0.07041719132708632
158,4,16,17,0.14166666666666666,1.0,17,0.06231561534537705,0.06210694776657131
158,4,16,17,0.14166666666666666,1.0,19,0.05574536588569642,0.05555106753991213
159,4,16,17,0.14166666666666666,0.1,1,0.013710362675793659,0.013217932557422471
159,4,16,17,0.14166666666666666,0.1,3,0.004564150560377483,0.004386642275603068
159,4,16,17,0.14166666666666666,0.1,5,0.0027381038300716876,0.0026300205839155737
159,4,16,17,0.14166666666666666,0.1,7,0.0019556941750691757,0.0018780104874088414
159,4,16,17,0.14166666666666666,0.1,9,0.0015210595823771573,0.0014604312937483595
159,4,16,17,0.14166666666666666,0.1,11,0.001244486085257784,0.0011947731185717842
159,4,16,17,0.14166666666666666,0.1,13,0.001053017175200078,0.0010108891307354514
159,4,16,17,0.14166666666666666,0.1,15,0.0009126090959726497,0.0008760579589274265
159,4,16,17,0.14166666666666666,0.1,17,0.0008052395429437903,0.0007729614480552796
159,4,16,17,0.14166666666666666,0.1,19,0.000720474888563193,0.000691575356317323
159,4,16,17,0.14166666666666666,0.5,1,0.31730902468036576,0.3155043669979167
159,4,16,17,0.14166666666666666,0.5,3,0.10306130284902904,0.10108280083221938
159,4,16,17,0.14166666666666666,0.5,5,0.06169832593883038,0.06036339172497016
159,4,16,17,0.14166666666666666,0.5,7,0.044041033369613986,0.04304232463030075
159,4,16,17,0.14166666666666666,0.5,9,0.03424416406049757,0.03344785487357214
159,4,16,17,0.14166666666666666,0.5,11,0.02801356264334581,0.027351859256768488
159,4,16,17,0.14166666666666666,0.5,13,0.023701521397847296,0.0231356535821132
159,4,16,17,0.14166666666666666,0.5,15,0.020540019904400426,0.02004580865651157
159,4,16,17,0.14166666666666666,0.5,17,0.01812274083478142,0.017684112398298195
159,4,16,17,0.14166666666666666,0.5,19,0.016214552858831183,0.015820287320253205
159,4,16,17,0.14166666666666666,1.0,1,0.9983986772203086,1.0412449447989103
159,4,16,17,0.14166666666666666,1.0,3,0.3059084301551762,0.3192537872927467
159,4,16,17,0.14166666666666666,1.0,5,0.18228354250940346,0.19031691745822
159,4,16,17,0.14166666666666666,1.0,7,0.12993377469801334,0.13564566240049694
159,4,16,17,0.14166666666666666,1.0,9,0.1009674636544024,0.10538980902340168
159,4,16,17,0.14166666666666666,1.0,11,0.0825691355265046,0.08617395019540183
159,4,16,17,0.14166666666666666,1.0,13,0.06984526123780249,0.07288642387681349
159,4,16,17,0.14166666666666666,1.0,15,0.0605205509763721,0.06314992166906991
159,4,16,17,0.14166666666666666,1.0,17,0.053393037320732015,0.05570853968007655
159,4,16,17,0.14166666666666666,1.0,19,0.047767815149146214,0.049836226586246826
160,4,16,17,0.14166666666666666,0.1,1,0.014394187592282844,0.013557104977005309
160,4,16,17,0.14166666666666666,0.1,3,0.004790879967674875,0.004502255833559191
160,4,16,17,0.14166666666666666,0.1,5,0.0028739882591193398,0.0026995825979010354
160,4,16,17,0.14166666666666666,0.1,7,0.0020527069863621795,0.0019277490444890566
160,4,16,17,0.14166666666666666,0.1,9,0.001596493348765766,0.0014991374621208327
160,4,16,17,0.14166666666666666,0.1,11,0.0013061938372521194,0.0012264520589642535
160,4,16,17,0.14166666666666666,0.1,13,0.0011052250955043935,0.0010377002117362565
160,4,16,17,0.14166666666666666,0.1,15,0.0009578519299635262,0.0008992978472702426
160,4,16,17,0.14166666666666666,0.1,17,0.0008451569680085063,0.0007934696313517285
160,4,16,17,0.14166666666666666,0.1,19,0.0007561885545179917,0.0007099264554941928
160,4,16,17,0.14166666666666666,0.5,1,0.3343580028614036,0.320155786269224
160,4,16,17,0.14166666666666666,0.5,3,0.10878526411764605,0.10353328405204516
160,4,16,17,0.14166666666666666,0.5,5,0.0651249529536394,0.06184226538621289
160,4,16,17,0.14166666666666666,0.5,7,0.04648485099780445,0.044095201603708827
160,4,16,17,0.14166666666666666,0.5,9,0.03614298463087398,0.0342640949514465
160,4,16,17,0.14166666666666666,0.5,11,0.029566048417700445,0.028017958021489188
160,4,16,17,0.14166666666666666,0.5,13,0.025014486302440415,0.02369812811757446
160,4,16,17,0.14166666666666666,0.5,15,0.02167747647184111,0.020532498545590375
160,4,16,17,0.14166666666666666,0.5,17,0.019126069655472658,0.018112983558431085
160,4,16,17,0.14166666666666666,0.5,19,0.01711204514191687,0.016203601810278783
160,4,16,17,0.14166666666666666,1.0,1,1.0625322288880747,1.0430626069000795
160,4,16,17,0.14166666666666666,1.0,3,0.3348138851167348,0.33169660043567667
160,4,16,17,0.14166666666666666,1.0,5,0.20012643406642341,0.1970833972907589
160,4,16,17,0.14166666666666666,1.0,7,0.14280367916986095,0.1401924632057136
160,4,16,17,0.14166666666666666,1.0,9,0.11102394701224526,0.10879080200946602
160,4,16,17,0.14166666666666666,1.0,11,0.09081888363530238,0.08888288529165328
160,4,16,17,0.14166666666666666,1.0,13,0.07683750651073443,0.07513427002581805
160,4,16,17,0.14166666666666666,1.0,15,0.06658744314140883,0.06506937896780689
160,4,16,17,0.14166666666666666,1.0,17,0.05875061475195576,0.05738258362708879
160,4,16,17,0.14166666666666666,1.0,19,0.052564432055190506,0.05132008217254319
161,4,16,17,0.14166666666666666,0.1,1,0.012107132134145816,0.014572894621901934
161,4,16,17,0.14166666666666666,0.1,3,0.004034046177423035,0.004854890494249186
161,4,16,17,0.14166666666666666,0.1,5,0.0024203477538123613,0.0029128022791622228
161,4,16,17,0.14166666666666666,0.1,7,0.0017288040890040908,0.0020805470681343765
161,4,16,17,0.14166666666666666,0.1,9,0.0013446203660598562,0.001618194956212623
161,4,16,17,0.14166666666666666,0.1,11,0.0011001418499216162,0.0013239742458810639
161,4,16,17,0.14166666666666666,0.1,13,0.0009308882424670677,0.0011202842234963979
161,4,16,17,0.14166666666666666,0.1,15,0.0008067692581410762,0.0009709120818824204
161,4,16,17,0.14166666666666666,0.1,17,0.0007118549022646877,0.0008566865933807376
161,4,16,17,0.14166666666666666,0.1,19,0.0006369226030758775,0.000766508719899029
161,4,16,17,0.14166666666666666,0.5,1,0.28369080348694065,0.3374026578146131
161,4,16,17,0.14166666666666666,0.5,3,0.09363277145744324,0.11083637936875412
161,4,16,17,0.14166666666666666,0.5,5,0.0561337837091697,0.06641654466362683
161,4,16,17,0.14166666666666666,0.5,7,0.04008650792209344,0.04742347754484853
161,4,16,17,0.14166666666666666,0.5,9,0.03117549552461266,0.03687950153910709
161,4,16,17,0.14166666666666666,0.5,11,0.025506022324593713,0.03017188833312188
161,4,16,17,0.14166666666666666,0.5,13,0.021581434161400796,0.02552896412468697
161,4,16,17,0.14166666666666666,0.5,15,0.018703591624221392,0.022124506514943302
161,4,16,17,0.14166666666666666,0.5,17,0.01650298155644562,0.019521272030223566
161,4,16,17,0.14166666666666666,0.5,19,0.01476570795095247,0.017466180823713946
161,4,16,17,0.14166666666666666,1.0,1,0.929392020200986,1.0647662170255627
161,4,16,17,0.14166666666666666,1.0,3,0.2997127872584954,0.33306625983943206
161,4,16,17,0.14166666666666666,1.0,5,0.1792163106159327,0.19833498432090113
161,4,16,17,0.14166666666666666,1.0,7,0.12788920792308872,0.14136356931111352
161,4,16,17,0.14166666666666666,1.0,9,0.09942998980907261,0.10985125507874334
161,4,16,17,0.14166666666666666,1.0,11,0.08133545751941507,0.08983748884717294
161,4,16,17,0.14166666666666666,1.0,13,0.06881434268757747,0.07599643819440118
161,4,16,17,0.14166666666666666,1.0,15,0.059634761587093105,0.06585274779386514
161,4,16,17,0.14166666666666666,1.0,17,0.05261634958567074,0.05809897361530913
161,4,16,17,0.14166666666666666,1.0,19,0.04707618135836244,0.0519792800236168
162,4,16,17,0.14166666666666666,0.1,1,0.015262763803367652,0.014296964615039195
162,4,16,17,0.14166666666666666,0.1,3,0.005084677025547979,0.004761975368619625
162,4,16,17,0.14166666666666666,0.1,5,0.003050660428562779,0.0028570088417700264
162,4,16,17,0.14166666666666666,0.1,7,0.002179014340647306,0.002040685895433103
162,4,16,17,0.14166666666666666,0.1,9,0.0016947796930710706,0.0015871890329199334
162,4,16,17,0.14166666666666666,0.1,11,0.0013866341020229726,0.0012986046083247992
162,4,16,17,0.14166666666666666,0.1,13,0.0011733039147360173,0.00109881704512659
162,4,16,17,0.14166666666666666,0.1,15,0.0010168623790682782,0.0009523068884079413
162,4,16,17,0.14166666666666666,0.1,17,0.0008972309130966418,0.0008402700660235461
162,4,16,17,0.14166666666666666,0.1,19,0.0008027851787204425,0.0007518201350218619
162,4,16,17,0.14166666666666666,0.5,1,0.3520739995153724,0.32850861760073574
162,4,16,17,0.14166666666666666,0.5,3,0.11628027823081144,0.10749047756142714
162,4,16,17,0.14166666666666666,0.5,5,0.0697156641892678,0.06440064411385109
162,4,16,17,0.14166666666666666,0.5,7,0.04978649990397708,0.04598208629455599
162,4,16,17,0.14166666666666666,0.5,9,0.03871949536525402,0.03575796923701042
162,4,16,17,0.14166666666666666,0.5,11,0.03167820312540109,0.02925408777135458
162,4,16,17,0.14166666666666666,0.5,13,0.02680395946303897,0.0247522753155723
162,4,16,17,0.14166666666666666,0.5,15,0.023229731603463036,0.02145132845158291
162,4,16,17,0.14166666666666666,0.5,17,0.020496605772652665,0.018927263323531777
162,4,16,17,0.14166666666666666,0.5,19,0.018338932644423874,0.01693468178744316
162,4,16,17,0.14166666666666666,1.0,1,1.0946473035313435,1.015229113909944
162,4,16,17,0.14166666666666666,1.0,3,0.35616782040896705,0.3191951002595998
162,4,16,17,0.14166666666666666,1.0,5,0.2134558170504222,0.19059450744230336
162,4,16,17,0.14166666666666666,1.0,7,0.1524232599679815,0.13595632445957848
162,4,16,17,0.14166666666666666,1.0,9,0.11853724264034467,0.10568523780860536
162,4,16,17,0.14166666666666666,1.0,11,0.09697919310482063,0.08644545920891519
162,4,16,17,0.14166666666666666,1.0,13,0.08205649587717581,0.07313433506427446
162,4,16,17,0.14166666666666666,1.0,15,0.07111409974227605,0.0633766597365578
162,4,16,17,0.14166666666666666,1.0,17,0.06274683438573717,0.05591678926724777
162,4,16,17,0.14166666666666666,1.0,19,0.05614134005419118,0.05002843160093322
163,4,16,17,0.14166666666666666,0.1,1,0.013793817774939146,0.013236035471150384
163,4,16,17,0.14166666666666666,0.1,3,0.004593522863068384,0.004396738730675414
163,4,16,17,0.14166666666666666,0.1,5,0.0027558181506745685,0.002636448993512274
163,4,16,17,0.14166666666666666,0.1,7,0.0019683680589521386,0.0018827072247102497
163,4,16,17,0.14166666666666666,0.1,9,0.0015309246101087315,0.0014641279947735922
163,4,16,17,0.14166666666666666,0.1,11,0.0012525609750392772,0.0011978199209175717
163,4,16,17,0.14166666666666666,0.1,13,0.001059851659071557,0.0010134800172089304
163,4,16,17,0.14166666666666666,0.1,15,0.0009185334377055788,0.0008783114540519677
163,4,16,17,0.14166666666666666,0.1,17,0.0008104676225406259,0.0007749552195425486
163,4,16,17,0.14166666666666666,0.1,19,0.0007251531311853318,0.0006933630421898208
163,4,16,17,0.14166666666666666,0.5,1,0.3221080189140847,0.3135871065091915
163,4,16,17,0.14166666666666666,0.5,3,0.1054727514259097,0.10167275754505281
163,4,16,17,0.14166666666666666,0.5,5,0.06318622205723597,0.06077804766111916
163,4,16,17,0.14166666666666666,0.5,7,0.04511240357800801,0.04335331789145968
163,4,16,17,0.14166666666666666,0.5,9,0.03508036854265196,0.03369546193793166
163,4,16,17,0.14166666666666666,0.5,11,0.028699007634207636,0.02755723123936545
163,4,16,17,0.14166666666666666,0.5,13,0.024282169066909474,0.02331098766508961
163,4,16,17,0.14166666666666666,0.5,15,0.021043622902675668,0.020198722477841494
163,4,16,17,0.14166666666666666,0.5,17,0.01856732843976165,0.017819666356430425
163,4,16,17,0.14166666666666666,0.5,19,0.016612494148439846,0.01594200868976468
163,4,16,17,0.14166666666666666,1.0,1,1.0387716085184278,1.0263184669851593
163,4,16,17,0.14166666666666666,1.0,3,0.3302678455159121,0.32046146256109503
163,4,16,17,0.14166666666666666,1.0,5,0.1971811676944349,0.19058156099906756
163,4,16,17,0.14166666666666666,1.0,7,0.1406308836736957,0.13575008220008458
163,4,16,17,0.14166666666666666,1.0,9,0.10930557120536911,0.10544824230999734
163,4,16,17,0.14166666666666666,1.0,11,0.08939880619353036,0.0862142631070115
163,4,16,17,0.14166666666666666,1.0,13,0.07562793002706632,0.07291784714646926
163,4,16,17,0.14166666666666666,1.0,15,0.06553422927378834,0.06317621759212749
163,4,16,17,0.14166666666666666,1.0,17,0.057818074494379,0.05573149776904332
163,4,16,17,0.14166666666666666,1.0,19,0.051727816484170186,0.04985680816773333
164,4,16,17,0.14166666666666666,0.1,1,0.01289352897993177,0.012805797744659826
164,4,16,17,0.14166666666666666,0.1,3,0.004293330686009502,0.004265466152864833
164,4,16,17,0.14166666666666666,0.1,5,0.0025756926727878646,0.0025590949131763553
164,4,16,17,0.14166666666666666,0.1,7,0.0018397042195946855,0.0018278820309483126
164,4,16,17,0.14166666666666666,0.1,9,0.0014308516118356574,0.001421670227895862
164,4,16,17,0.14166666666666666,0.1,11,0.001170682508765084,0.001163177341023156
164,4,16,17,0.14166666666666666,0.1,13,0.0009905695632680957,0.0009842229723517676
164,4,16,17,0.14166666666666666,0.1,15,0.0008584887583378964,0.0008529908396759159
164,4,16,17,0.14166666666666666,0.1,17,0.0007574868931467882,0.0007526374275795318
164,4,16,17,0.14166666666666666,0.1,19,0.0006777492302860834,0.0006734113811847532
164,4,16,17,0.14166666666666666,0.5,1,0.30380426395231397,0.3010493716437133
164,4,16,17,0.14166666666666666,0.5,3,0.09937052208269377,0.09900694394686986
164,4,16,17,0.14166666666666666,0.5,5,0.059509766504794906,0.05934092195524622
164,4,16,17,0.14166666666666666,0.5,7,0.04248083660831074,0.04237363978060004
164,4,16,17,0.14166666666666666,0.5,9,0.03303104910259974,0.032953073649488095
164,4,16,17,0.14166666666666666,0.5,11,0.027020923225857064,0.026959808203099806
164,4,16,17,0.14166666666666666,0.5,13,0.022861434208989413,0.02281124157524671
164,4,16,17,0.14166666666666666,0.5,15,0.01981179324429285,0.019769235099728843
164,4,16,17,0.14166666666666666,0.5,17,0.017480061689241794,0.017443133766854184
164,4,16,17,0.14166666666666666,0.5,19,0.015639421769674214,0.015606814484736949
164,4,16,17,0.14166666666666666,1.0,1,1.0082934149394118,1.002750754745133
164,4,16,17,0.14166666666666666,1.0,3,0.3218867020807404,0.32157703778434243
164,4,16,17,0.14166666666666666,1.0,5,0.19208010407681195,0.19218269522244485
164,4,16,17,0.14166666666666666,1.0,7,0.13692294497855742,0.1370882435208342
164,4,16,17,0.14166666666666666,1.0,9,0.1063849879701527,0.10655609016574404
164,4,16,17,0.14166666666666666,1.0,11,0.08698746080829294,0.08715069502370547
164,4,16,17,0.14166666666666666,1.0,13,0.07357376141402963,0.07372597075160109
164,4,16,17,0.14166666666666666,1.0,15,0.06374471072560668,0.06388580676739007
164,4,16,17,0.14166666666666666,1.0,17,0.05623261796841532,0.0563634289241829
164,4,16,17,0.14166666666666666,1.0,19,0.050304551455477894,0.05042612052344684
165,4,16,17,0.14166666666666666,0.1,1,0.01409687965851622,0.012718232862983979
165,4,16,17,0.14166666666666666,0.1,3,0.004696309351615921,0.00423564184148232
165,4,16,17,0.14166666666666666,0.1,5,0.0028176586498744887,0.002541203968490665
165,4,16,17,0.14166666666666666,0.1,7,0.002012588341188518,0.0018151100412907566
165,4,16,17,0.14166666666666666,0.1,9,0.0015653384925939456,0.001411740843175055
165,4,16,17,0.14166666666666666,0.1,11,0.0012807281828012193,0.0011550559637187178
165,4,16,17,0.14166666666666666,0.1,13,0.0010836914663663226,0.0009773527461696266
165,4,16,17,0.14166666666666666,0.1,15,0.0009391983946609741,0.0008470377960084621
165,4,16,17,0.14166666666666666,0.1,17,0.0008287039492002793,0.0007473855530860903
165,4,16,17,0.14166666666666666,0.1,19,0.0007414716304012206,0.0006687129269056853
165,4,16,17,0.14166666666666666,0.5,1,0.326417958261669,0.2956944128294077
165,4,16,17,0.14166666666666666,0.5,3,0.10742349593606061,0.09643226180730993
165,4,16,17,0.14166666666666666,0.5,5,0.06439089850268265,0.05775073007588157
165,4,16,17,0.14166666666666666,0.5,7,0.0459811159355407,0.041228976430877855
165,4,16,17,0.14166666666666666,0.5,9,0.03575913195018472,0.0320600684606444
165,4,16,17,0.14166666666666666,0.5,11,0.029255833200461143,0.02622809873220785
165,4,16,17,0.14166666666666666,0.5,13,0.024754138682420455,0.02219161083466657
165,4,16,17,0.14166666666666666,0.5,15,0.021453153510139506,0.019231970159730848
165,4,16,17,0.14166666666666666,0.5,17,0.018928997586551723,0.016968937623283095
165,4,16,17,0.14166666666666666,0.5,19,0.016936311238128887,0.015182452676020076
165,4,16,17,0.14166666666666666,1.0,1,1.0333871633271259,0.9566465895970578
165,4,16,17,0.14166666666666666,1.0,3,0.3339844852362534,0.30591912101902696
165,4,16,17,0.14166666666666666,1.0,5,0.19990302970357132,0.18285697764445563
165,4,16,17,0.14166666666666666,1.0,7,0.14269208324022067,0.13047429174586922
165,4,16,17,0.14166666666666666,1.0,9,0.11095208688047017,0.10143577698801114
165,4,16,17,0.14166666666666666,1.0,11,0.09076629144227799,0.08297457110266737
165,4,16,17,0.14166666666666666,1.0,13,0.07679607225226763,0.0702003232490577
165,4,16,17,0.14166666666666666,1.0,15,0.06655323888444895,0.06083542321106703
165,4,16,17,0.14166666666666666,1.0,17,0.05872146654519871,0.0536754498908217
165,4,16,17,0.14166666666666666,1.0,19,0.05253901768629266,0.048023605038687044
166,4,16,17,0.14166666666666666,0.1,1,0.013985088585678077,0.014514960007542424
166,4,16,17,0.14166666666666666,0.1,3,0.0046581502720018046,0.004832366385905816
166,4,16,17,0.14166666666666666,0.1,5,0.0027946106580188706,0.0028990909444070686
166,4,16,17,0.14166666666666666,0.1,7,0.0019960752053447346,0.0020707065612700316
166,4,16,17,0.14166666666666666,0.1,9,0.0015524724737398935,0.0016105237834762225
166,4,16,17,0.14166666666666666,0.1,11,0.0012701895133712445,0.0013176895797836839
166,4,16,17,0.14166666666666666,0.1,13,0.001074767055446642,0.0011149619153657613
166,4,16,17,0.14166666666666666,0.1,15,0.0009314593683673885,0.0009662966904387574
166,4,16,17,0.14166666666666666,0.1,17,0.0008218723151253086,0.0008526124236109649
166,4,16,17,0.14166666666666666,0.1,19,0.0007353569279081357,0.0007628622027940713
166,4,16,17,0.14166666666666666,0.5,1,0.3233079666644904,0.3347928465559015
166,4,16,17,0.14166666666666666,0.5,3,0.10666485939860403,0.10873822993114267
166,4,16,17,0.14166666666666666,0.5,5,0.0639282320579589,0.06511398093476384
166,4,16,17,0.14166666666666666,0.5,7,0.04564668188856529,0.04648414358201385
166,4,16,17,0.14166666666666666,0.5,9,0.035497054735526945,0.03614586517735019
166,4,16,17,0.14166666666666666,0.5,11,0.02904031977662101,0.029570295882375308
166,4,16,17,0.14166666666666666,0.5,13,0.02457112202581703,0.025019227759037026
166,4,16,17,0.14166666666666666,0.5,15,0.021294110698393095,0.021682332909712772
166,4,16,17,0.14166666666666666,0.5,17,0.018788372149577307,0.019130867898418155
166,4,16,17,0.14166666666666666,0.5,19,0.016810278767793833,0.01711670570544719
166,4,16,17,0.14166666666666666,1.0,1,1.0623371844239775,1.0456178753110983
166,4,16,17,0.14166666666666666,1.0,3,0.33860559593353723,0.33303836124914915
166,4,16,17,0.14166666666666666,1.0,5,0.2010799681202909,0.1994646051245062
166,4,16,17,0.14166666666666666,1.0,7,0.1430159085742616,0.14240840358297804
166,4,16,17,0.14166666666666666,1.0,9,0.11097898960344228,0.11074091821505708
166,4,16,17,0.14166666666666666,1.0,11,0.0906713766537422,0.09059731327869264
166,4,16,17,0.14166666666666666,1.0,13,0.07664751572433194,0.07665484917429151
166,4,16,17,0.14166666666666666,1.0,15,0.06638128450574345,0.06643174592093562
166,4,16,17,0.14166666666666666,1.0,17,0.05854069416352861,0.058614762472746426
166,4,16,17,0.14166666666666666,1.0,19,0.052356821043671564,0.05244383343947046
167,4,16,17,0.14166666666666666,0.1,1,0.013482595286455632,0.01411825859403839
167,4,16,17,0.14166666666666666,0.1,3,0.004490413158727017,0.0046912038488694675
167,4,16,17,0.14166666666666666,0.1,5,0.002694032692911829,0.00281316257956803
167,4,16,17,0.14166666666666666,0.1,7,0.0019242604501608167,0.002008941251602066
167,4,16,17,0.14166666666666666,0.1,9,0.0014966294818980481,0.0015623142679465566
167,4,16,17,0.14166666666666666,0.1,11,0.001224506956090657,0.0012781563360514828
167,4,16,17,0.14166666666666666,0.1,13,0.001036116946966833,0.0010814582599017258
167,4,16,17,0.14166666666666666,0.1,15,0.0008979654559332074,0.0009372267387742939
167,4,16,17,0.14166666666666666,0.1,17,0.0007923208227668659,0.0008269398377419888
167,4,16,17,0.14166666666666666,0.1,19,0.0007089175241034104,0.0007398759783735629
167,4,16,17,0.14166666666666666,0.5,1,0.31533089771431966,0.33545587577706015
167,4,16,17,0.14166666666666666,0.5,3,0.10326839594666033,0.10894178703405719
167,4,16,17,0.14166666666666666,0.5,5,0.06186647822658215,0.06511395421074109
167,4,16,17,0.14166666666666666,0.5,7,0.044170711799496595,0.04644038745321914
167,4,16,17,0.14166666666666666,0.5,9,0.034348428239475544,0.03609175223044452
167,4,16,17,0.14166666666666666,0.5,11,0.028100425323461256,0.029515220103567608
167,4,16,17,0.14166666666666666,0.5,13,0.023775849892924854,0.02496616696261588
167,4,16,17,0.14166666666666666,0.5,15,0.02060492846560405,0.021632184287660408
167,4,16,17,0.14166666666666666,0.5,17,0.018180325814723106,0.019083781500866155
167,4,16,17,0.14166666666666666,0.5,19,0.016266287213931703,0.01707255563346529
167,4,16,17,0.14166666666666666,1.0,1,1.0254345574701105,1.0908257172767115
167,4,16,17,0.14166666666666666,1.0,3,0.32271286242379704,0.34642198210995845
167,4,16,17,0.14166666666666666,1.0,5,0.19224094614142112,0.2059631561869359
167,4,16,17,0.14166666666666666,1.0,7,0.13700223348872143,0.14657791425198047
167,4,16,17,0.14166666666666666,1.0,9,0.10644530802839602,0.11378198793064266
167,4,16,17,0.14166666666666666,1.0,11,0.08704041337653724,0.09298139057601904
167,4,16,17,0.14166666666666666,1.0,13,0.07362233698195741,0.07861166195867313
167,4,16,17,0.14166666666666666,1.0,15,0.06378995351725676,0.06808944930456819
167,4,16,17,0.14166666666666666,1.0,17,0.05627503603968954,0.060051794727135316
167,4,16,17,0.14166666666666666,1.0,19,0.05034447503383659,0.053711556301279134
168,4,16,17,0.14166666666666666,0.1,1,0.018408607157508652,0.014377594567511705
168,4,16,17,0.14166666666666666,0.1,3,0.00613487294684293,0.0047873695455675404
168,4,16,17,0.14166666666666666,0.1,5,0.003680846502487888,0.0028719114818159443
168,4,16,17,0.14166666666666666,0.1,7,0.0026291584429701206,0.002051216990805987
168,4,16,17,0.14166666666666666,0.1,9,0.002044894614734133,0.001595328467735862
168,4,16,17,0.14166666666666666,0.1,11,0.0016730926364725122,0.001305236671707662
168,4,16,17,0.14166666666666666,0.1,13,0.0014156921810078427,0.001104412425506607
168,4,16,17,0.14166666666666666,0.1,15,0.0012269322791362205,0.0009571456946010597
168,4,16,17,0.14166666666666666,0.1,17,0.0010825867007067005,0.0008445324386979196
168,4,16,17,0.14166666666666666,0.1,19,0.0009686297969456468,0.0007556287439781571
168,4,16,17,0.14166666666666666,0.5,1,0.4156750831247348,0.33481137973022984
168,4,16,17,0.14166666666666666,0.5,3,0.13827686047588955,0.11045094217795717
168,4,16,17,0.14166666666666666,0.5,5,0.08295108001473402,0.06619182981881726
168,4,16,17,0.14166666666666666,0.5,7,0.05924556227446221,0.04725898051430667
168,4,16,17,0.14166666666666666,0.5,9,0.04607749070493801,0.03674857466829746
168,4,16,17,0.14166666666666666,0.5,11,0.037698477796753914,0.03006282250400095
168,4,16,17,0.14166666666666666,0.5,13,0.03189794192898072,0.025435387608304043
168,4,16,17,0.14166666666666666,0.5,15,0.027644386596978755,0.022042518494401184
168,4,16,17,0.14166666666666666,0.5,17,0.024391767433187543,0.019448295655384813
168,4,16,17,0.14166666666666666,0.5,19,0.021823972093955545,0.017400419356251372
168,4,16,17,0.14166666666666666,1.0,1,1.2237081489117057,1.069193714561306
168,4,16,17,0.14166666666666666,1.0,3,0.42694786975105303,0.3514481474171007
168,4,16,17,0.14166666666666666,1.0,5,0.25683498736558125,0.21065775592012756
168,4,16,17,0.14166666666666666,1.0,7,0.18349003456244092,0.15040364393134062
168,4,16,17,0.14166666666666666,1.0,9,0.14269659217115882,0.11695113258665515
168,4,16,17,0.14166666666666666,1.0,11,0.11673228586321388,0.0956716076049962
168,4,16,17,0.14166666666666666,1.0,13,0.09875817176992023,0.08094357015431075
168,4,16,17,0.14166666666666666,1.0,15,0.0855789440667037,0.07014509794807224
168,4,16,17,0.14166666666666666,1.0,17,0.07550221600450475,0.06188865252349198
168,4,16,17,0.14166666666666666,1.0,19,0.06754804875388319,0.055371155178577165
169,4,16,17,0.14166666666666666,0.1,1,0.014007798210224189,0.013996048979922987
169,4,16,17,0.14166666666666666,0.1,3,0.00466500690802025,0.004659493404624897
169,4,16,17,0.14166666666666666,0.1,5,0.0027987741595263548,0.002795289453546616
169,4,16,17,0.14166666666666666,0.1,7,0.001999074503435631,0.00199653239994477
169,4,16,17,0.14166666666666666,0.1,9,0.0015548183034931543,0.0015528184047385386
169,4,16,17,0.14166666666666666,0.1,11,0.0012721162557956793,0.001270468214624486
169,4,16,17,0.14166666666666666,0.1,13,0.001076401972995837,0.0010750006113709877
169,4,16,17,0.14166666666666666,0.1,15,0.0009328793297884696,0.0009316604639089871
169,4,16,17,0.14166666666666666,0.1,17,0.0008231273247806938,0.0008220489235187969
169,4,16,17,0.14166666666666666,0.1,19,0.0007364813472168288,0.0007355143942087179
169,4,16,17,0.14166666666666666,0.5,1,0.3242433360909745,0.32384346955069077
169,4,16,17,0.14166666666666666,0.5,3,0.10595488545829539,0.10557211194156196
169,4,16,17,0.14166666666666666,0.5,5,0.06346448785698823,0.06321723052209813
169,4,16,17,0.14166666666666666,0.5,7,0.04530861046735799,0.04512691559510707
169,4,16,17,0.14166666666666666,0.5,9,0.035232048309281304,0.03508857990435403
169,4,16,17,0.14166666666666666,0.5,11,0.02882268465173493,0.028704194211499362
169,4,16,17,0.14166666666666666,0.5,13,0.024386593055549813,0.024285687742265718
169,4,16,17,0.14166666666666666,0.5,15,0.021133990805418272,0.02104613203663231
169,4,16,17,0.14166666666666666,0.5,17,0.018646980616302992,0.01856918415279012
169,4,16,17,0.14166666666666666,0.5,19,0.016683705437880354,0.01661390501703793
169,4,16,17,0.14166666666666666,1.0,1,1.0246803292255615,1.018472262875774
169,4,16,17,0.14166666666666666,1.0,3,0.3257955413797288,0.3242594819286983
169,4,16,17,0.14166666666666666,1.0,5,0.19437241202666622,0.1936692615125959
169,4,16,17,0.14166666666666666,1.0,7,0.1385430879788832,0.13809920980290277
169,4,16,17,0.14166666666666666,1.0,9,0.10763812658527948,0.10731508277515671
169,4,16,17,0.14166666666666666,1.0,11,0.08800940862841848,0.08775550791809804
169,4,16,17,0.14166666666666666,1.0,13,0.0744366719980603,0.07422743104315077
169,4,16,17,0.14166666666666666,1.0,15,0.06449149150513404,0.06431346482010818
169,4,16,17,0.14166666666666666,1.0,17,0.05689086079469223,0.05673588683779447
169,4,16,17,0.14166666666666666,1.0,19,0.050893050323714197,0.05075580550559287
170,4,16,17,0.14166666666666666,0.1,1,0.013636656271250061,0.01217691431931795
170,4,16,17,0.14166666666666666,0.1,3,0.004543644133810091,0.004053564551844032
170,4,16,17,0.14166666666666666,0.1,5,0.002726094566077755,0.002431878158802048
170,4,16,17,0.14166666666666666,0.1,7,0.0019471923100956396,0.0017370045289468673
170,4,16,17,0.14166666666666666,0.1,9,0.0015144771157671994,0.001350987101202875
170,4,16,17,0.14166666666666666,0.1,11,0.0012391152412007972,0.0011053462813570018
170,4,16,17,0.14166666666666666,0.1,13,0.001048480959649116,0.0009352896971960317
170,4,16,17,0.14166666666666666,0.1,15,0.0009086828635100171,0.0008105826043272035
170,4,16,17,0.14166666666666666,0.1,17,0.000801778622845729,0.0007152188835972097
170,4,16,17,0.14166666666666666,0.1,19,0.0007173806382039398,0.0006399320194266991
170,4,16,17,0.14166666666666666,0.5,1,0.31831447264153473,0.29124474387678434
170,4,16,17,0.14166666666666666,0.5,3,0.10507109013494349,0.0941673103172866
170,4,16,17,0.14166666666666666,0.5,5,0.06298766889424658,0.056344648144182774
170,4,16,17,0.14166666666666666,0.5,7,0.044980273859322364,0.04021492383619989
170,4,16,17,0.14166666666666666,0.5,9,0.0349811533331765,0.03126820485398633
170,4,16,17,0.14166666666666666,0.5,11,0.02861949064096026,0.025578893968461164
170,4,16,17,0.14166666666666666,0.5,13,0.024215784516943135,0.021641640671042836
170,4,16,17,0.14166666666666666,0.5,15,0.02098662836458125,0.01875497889288715
170,4,16,17,0.14166666666666666,0.5,17,0.01851738624689465,0.016547856011046844
170,4,16,17,0.14166666666666666,0.5,19,0.016568045248525315,0.014805565470186301
170,4,16,17,0.14166666666666666,1.0,1,1.0263994587021772,0.9957590299978366
170,4,16,17,0.14166666666666666,1.0,3,0.33194385081665295,0.3054361836803383
170,4,16,17,0.14166666666666666,1.0,5,0.19831040830090202,0.18188446917322038
170,4,16,17,0.14166666666666666,1.0,7,0.14147561377312637,0.12963117054184647
170,4,16,17,0.14166666666666666,1.0,9,0.1099800794709547,0.10073027119258116
170,4,16,17,0.14166666666666666,1.0,11,0.0899601890764079,0.08237625223743258
170,4,16,17,0.14166666666666666,1.0,13,0.07610868954482389,0.06968365492339369
170,4,16,17,0.14166666666666666,1.0,15,0.06595461819484792,0.060381943477708776
170,4,16,17,0.14166666666666666,1.0,17,0.058191564698012566,0.05327194107328323
170,4,16,17,0.14166666666666666,1.0,19,0.052063822488844225,0.0476604426494238
171,4,16,17,0.14166666666666666,0.1,1,0.014941504146051474,0.01357240295155372
171,4,16,17,0.14166666666666666,0.1,3,0.004974529205092432,0.004511743046432458
171,4,16,17,0.14166666666666666,0.1,5,0.0029843134773032917,0.0027060854780483405
171,4,16,17,0.14166666666666666,0.1,7,0.002131551621579944,0.0019326628264887426
171,4,16,17,0.14166666666666666,0.1,9,0.0016578345098939538,0.0015030796514572716
171,4,16,17,0.14166666666666666,0.1,11,0.0013563911650364435,0.0012297414249903987
171,4,16,17,0.14166666666666666,0.1,13,0.0011477050776800585,0.0010405214668882342
171,4,16,17,0.14166666666666666,0.1,15,0.0009946712897800055,0.000901767272492898
171,4,16,17,0.14166666666666666,0.1,17,0.000877646912855743,0.0007956650687248408
171,4,16,17,0.14166666666666666,0.1,19,0.0007852601101202758,0.0007119025334372831
171,4,16,17,0.14166666666666666,0.5,1,0.34350472620938366,0.3167083144067277
171,4,16,17,0.14166666666666666,0.5,3,0.11215522125014186,0.10109348873892923
171,4,16,17,0.14166666666666666,0.5,5,0.06716502721639535,0.060407613679731575
171,4,16,17,0.14166666666666666,0.5,7,0.04794563698527683,0.04309327656163911
171,4,16,17,0.14166666666666666,0.5,9,0.03728032641867348,0.03349747921296882
171,4,16,17,0.14166666666666666,0.5,11,0.030497101715897056,0.027398167792601326
171,4,16,17,0.14166666666666666,0.5,13,0.02580255235139801,0.02317837623757845
171,4,16,17,0.14166666666666666,0.5,15,0.022360608552165793,0.020085172446782033
171,4,16,17,0.14166666666666666,0.5,17,0.01972891955047484,0.01772046713887298
171,4,16,17,0.14166666666666666,0.5,19,0.017651493131902295,0.0158539855684846
171,4,16,17,0.14166666666666666,1.0,1,1.0645435087570527,1.0197678005328634
171,4,16,17,0.14166666666666666,1.0,3,0.34355100907770236,0.3111412689299374
171,4,16,17,0.14166666666666666,1.0,5,0.20527201824416513,0.1848251899528857
171,4,16,17,0.14166666666666666,1.0,7,0.14637875993906874,0.13155128105711159
171,4,16,17,0.14166666666666666,1.0,9,0.11374903719068442,0.10213627838689276
171,4,16,17,0.14166666666666666,1.0,11,0.09301619071371924,0.08347779617608755
171,4,16,17,0.14166666666666666,1.0,13,0.0786765959036415,0.07058576298120812
171,4,16,17,0.14166666666666666,1.0,15,0.06816796210764131,0.061144086756571195
171,4,16,17,0.14166666666666666,1.0,17,0.060135912654900384,0.053930811253254544
171,4,16,17,0.14166666666666666,1.0,19,0.053797214040609845,0.048240163200099065
172,4,16,17,0.14166666666666666,0.1,1,0.013195862905659266,0.013834777087229506
172,4,16,17,0.14166666666666666,0.1,3,0.004397769474579748,0.004611470853227465
172,4,16,17,0.14166666666666666,0.1,5,0.0026386207028484356,0.0027668763938265032
172,4,16,17,0.14166666666666666,0.1,7,0.0018847210064495223,0.001976339071969328
172,4,16,17,0.14166666666666666,0.1,9,0.0014658915338912149,0.0015371522239373072
172,4,16,17,0.14166666666666666,0.1,11,0.0011993647309551545,0.0012576698407795292
172,4,16,17,0.14166666666666666,0.1,13,0.0010148465595422225,0.001064182094774014
172,4,16,17,0.14166666666666666,0.1,15,0.0008795334019116904,0.000922291106278625
172,4,16,17,0.14166666666666666,0.1,17,0.0007760587171421072,0.0008137862451686677
172,4,16,17,0.14166666666666666,0.1,19,0.0006943682211569351,0.0007281245194157176
172,4,16,17,0.14166666666666666,0.5,1,0.3106460381676928,0.3228895822708623
172,4,16,17,0.14166666666666666,0.5,3,0.1031357419816277,0.10765693849850734
172,4,16,17,0.14166666666666666,0.5,5,0.06185930455463772,0.06459060684641882
172,4,16,17,0.14166666666666666,0.5,7,0.04418081318867626,0.04613535089949778
172,4,16,17,0.14166666666666666,0.5,9,0.034361440344105036,0.03588278612879766
172,4,16,17,0.14166666666666666,0.5,11,0.028113319115674777,0.029358531886276906
172,4,16,17,0.14166666666666666,0.5,13,0.023787907392720187,0.024841780055183726
172,4,16,17,0.14166666666666666,0.5,15,0.020616030983372214,0.021529512871298003
172,4,16,17,0.14166666666666666,0.5,17,0.01819052389513868,0.018996611351020543
172,4,16,17,0.14166666666666666,0.5,19,0.016275674378507445,0.01699695695246875
172,4,16,17,0.14166666666666666,1.0,1,1.0265388399470436,1.0413380772485819
172,4,16,17,0.14166666666666666,1.0,3,0.3402858685707641,0.350811828467926
172,4,16,17,0.14166666666666666,1.0,5,0.203843528994161,0.21030121951939998
172,4,16,17,0.14166666666666666,1.0,7,0.14553317763392803,0.15017081446114697
172,4,16,17,0.14166666666666666,1.0,9,0.11316980739037238,0.11678456834203457
172,4,16,17,0.14166666666666666,1.0,11,0.09258400676331092,0.09554467844934077
172,4,16,17,0.14166666666666666,1.0,13,0.07833568172667837,0.08084237985680842
172,4,16,17,0.14166666666666666,1.0,15,0.0678883985570587,0.07006168928934584
172,4,16,17,0.14166666666666666,1.0,17,0.059900036118749445,0.06181812687160733
172,4,16,17,0.14166666666666666,1.0,19,0.05359383195840613,0.05531031964370355
173,4,16,17,0.14166666666666666,0.1,1,0.014923698884874307,0.013706663197314057
173,4,16,17,0.14166666666666666,0.1,3,0.00496924707776929,0.004562986759691258
173,4,16,17,0.14166666666666666,0.1,5,0.002981240214437455,0.0027374914115548426
173,4,16,17,0.14166666666666666,0.1,7,0.0021293867183656105,0.001955288801680764
173,4,16,17,0.14166666666666666,0.1,9,0.0016561639401238963,0.001520759324652032
173,4,16,17,0.14166666666666666,0.1,11,0.001355031275477258,0.0012442486061517493
173,4,16,17,0.14166666666666666,0.1,13,0.001146558483935066,0.0010528211657868285
173,4,16,17,0.14166666666666666,0.1,15,0.0009936801767317439,0.000912442419983042
173,4,16,17,0.14166666666666666,0.1,17,0.0008767741602244958,0.000805094665916868
173,4,16,17,0.14166666666666666,0.1,19,0.0007844804705047292,0.0007203468260664269
173,4,16,17,0.14166666666666666,0.5,1,0.34232285971572396,0.3174544133021768
173,4,16,17,0.14166666666666666,0.5,3,0.11177734730489484,0.10264463575402277
173,4,16,17,0.14166666666666666,0.5,5,0.06695811764085628,0.06143715204977167
173,4,16,17,0.14166666666666666,0.5,7,0.04780450874453177,0.04385278099387336
173,4,16,17,0.14166666666666666,0.5,9,0.037173588704092805,0.034097370762904484
173,4,16,17,0.14166666666666666,0.5,11,0.03041139686914322,0.027893377057777637
173,4,16,17,0.14166666666666666,0.5,13,0.02573100511654445,0.02359982258455482
173,4,16,17,0.14166666666666666,0.5,15,0.022299227997899265,0.020451899338249663
173,4,16,17,0.14166666666666666,0.5,17,0.019675188015657544,0.018045010290163487
173,4,16,17,0.14166666666666666,0.5,19,0.01760372231625731,0.016145026451016762
173,4,16,17,0.14166666666666666,1.0,1,1.0558336566952502,1.0081879048710172
173,4,16,17,0.14166666666666666,1.0,3,0.34041377858817334,0.30430542910764086
173,4,16,17,0.14166666666666666,1.0,5,0.2032811742787703,0.18167137425864033
173,4,16,17,0.14166666666666666,1.0,7,0.1449244084829406,0.12957985553487966
173,4,16,17,0.14166666666666666,1.0,9,0.1126042051708924,0.10072213220134163
173,4,16,17,0.14166666666666666,1.0,11,0.09207251296119937,0.08238200068435343
173,4,16,17,0.14166666666666666,1.0,13,0.07787405587639243,0.06969407886949738
173,4,16,17,0.14166666666666666,1.0,15,0.06746988565291537,0.06039371061109969
173,4,16,17,0.14166666666666666,1.0,17,0.05951826320199229,0.0532837548944349
173,4,16,17,0.14166666666666666,1.0,19,0.05324338872281961,0.04767179397976695
174,4,16,17,0.14166666666666666,0.1,1,0.010908417760711562,0.012941488717478659
174,4,16,17,0.14166666666666666,0.1,3,0.0036293384166845855,0.004306664686179611
174,4,16,17,0.14166666666666666,0.1,5,0.002177094339475648,0.002583429273371286
174,4,16,17,0.14166666666666666,0.1,7,0.0015549342852755707,0.00184515370051124
174,4,16,17,0.14166666666666666,0.1,9,0.0012093403994146482,0.0014350578034384642
174,4,16,17,0.14166666666666666,0.1,11,0.0009894341621602798,0.0011741073785268951
174,4,16,17,0.14166666666666666,0.1,13,0.0008371987333650302,0.0009934579275951484
174,4,16,17,0.14166666666666666,0.1,15,0.0007255630796824098,0.0008609859489326865
174,4,16,17,0.14166666666666666,0.1,17,0.0006401966619909651,0.0007596862310836287
174,4,16,17,0.14166666666666666,0.1,19,0.0005728033294514251,0.0006797141994629004
174,4,16,17,0.14166666666666666,0.5,1,0.26174075714242667,0.30291000895967046
174,4,16,17,0.14166666666666666,0.5,3,0.08498657635339917,0.09817023797179769
174,4,16,17,0.14166666666666666,0.5,5,0.050875353832479285,0.05871932878940262
174,4,16,17,0.14166666666666666,0.5,7,0.0363132287746919,0.04189784261882721
174,4,16,17,0.14166666666666666,0.5,9,0.028234079587982817,0.03257031116934705
174,4,16,17,0.14166666666666666,0.5,11,0.02309618980433978,0.02664035731789669
174,4,16,17,0.14166666666666666,0.5,13,0.019540549836966556,0.02253738732946573
174,4,16,17,0.14166666666666666,0.5,15,0.01693372466837749,0.019529698297843862
174,4,16,17,0.14166666666666666,0.5,17,0.014940611902869246,0.01723032606184045
174,4,16,17,0.14166666666666666,0.5,19,0.013367299055276905,0.015415398906140253
174,4,16,17,0.14166666666666666,1.0,1,0.9014268616866372,0.9931879625011295
174,4,16,17,0.14166666666666666,1.0,3,0.2901606407725253,0.3026913757535849
174,4,16,17,0.14166666666666666,1.0,5,0.17399387744325803,0.17924466985606807
174,4,16,17,0.14166666666666666,1.0,7,0.12423538194807443,0.1274027953463334
174,4,16,17,0.14166666666666666,1.0,9,0.09660453836728106,0.09884079908312299
174,4,16,17,0.14166666666666666,1.0,11,0.07902718602830903,0.08074637602745126
174,4,16,17,0.14166666666666666,1.0,13,0.06686126026130605,0.0682543527990172
174,4,16,17,0.14166666666666666,1.0,15,0.05794125503517609,0.05911087421199833
174,4,16,17,0.14166666666666666,1.0,17,0.05112107356693112,0.05212836185312766
174,4,16,17,0.14166666666666666,1.0,19,0.04573735100940803,0.04662154371690187
175,4,16,17,0.14166666666666666,0.1,1,0.012180533778068148,0.013150942245933868
175,4,16,17,0.14166666666666666,0.1,3,0.0040535866230817464,0.00438126544098915
175,4,16,17,0.14166666666666666,0.1,5,0.002431431573759864,0.002628539826826024
175,4,16,17,0.14166666666666666,0.1,7,0.0017365214032758394,0.001877466101861746
175,4,16,17,0.14166666666666666,0.1,9,0.0013505356953057704,0.0014602254451467624
175,4,16,17,0.14166666666666666,0.1,11,0.0011049361294209177,0.001194716684977365
175,4,16,17,0.14166666666666666,0.1,13,0.0009349181795340577,0.0010109064849179055
175,4,16,17,0.14166666666666666,0.1,15,0.0008102448232295764,0.0008761141536049938
175,4,16,17,0.14166666666666666,0.1,17,0.0007149100553930112,0.0007730386873238582
175,4,16,17,0.14166666666666666,0.1,19,0.0006396480116159604,0.0006916639385558831
175,4,16,17,0.14166666666666666,0.5,1,0.2908133354776884,0.30795326787158395
175,4,16,17,0.14166666666666666,0.5,3,0.0959100547276965,0.10192157387968993
175,4,16,17,0.14166666666666666,0.5,5,0.057455787918080446,0.061104430870807705
175,4,16,17,0.14166666666666666,0.5,7,0.041014136760896845,0.04363454006651183
175,4,16,17,0.14166666666666666,0.5,9,0.031889140514847154,0.03393370141657339
175,4,16,17,0.14166666666666666,0.5,11,0.02608562999301968,0.027761921576560742
175,4,16,17,0.14166666666666666,0.5,13,0.0220692844226223,0.02348975652279442
175,4,16,17,0.14166666666666666,0.5,15,0.019124715829532457,0.020357126118514646
175,4,16,17,0.14166666666666666,0.5,17,0.01687341082190819,0.01796174114961958
175,4,16,17,0.14166666666666666,0.5,19,0.015096321918413192,0.016070738575838305
175,4,16,17,0.14166666666666666,1.0,1,0.9896766874088694,1.0016331041884854
175,4,16,17,0.14166666666666666,1.0,3,0.3276818225299746,0.32497587182603765
175,4,16,17,0.14166666666666666,1.0,5,0.19635151360272374,0.1942617381291525
175,4,16,17,0.14166666666666666,1.0,7,0.14017312375855087,0.13860490901275638
175,4,16,17,0.14166666666666666,1.0,9,0.10898954373206618,0.1077528481481146
175,4,16,17,0.14166666666666666,1.0,11,0.0891553836585797,0.08813972166629602
175,4,16,17,0.14166666666666666,1.0,13,0.07542860783163903,0.07456894953766073
175,4,16,17,0.14166666666666666,1.0,15,0.06536470020858612,0.06462041218829956
175,4,16,17,0.14166666666666666,1.0,17,0.057670148486555606,0.05701439224280906
175,4,16,17,0.14166666666666666,1.0,19,0.051596351303715156,0.05101056167360409
176,4,16,17,0.14166666666666666,0.1,1,0.015748576239184044,0.012054505857757183
176,4,16,17,0.14166666666666666,0.1,3,0.005247268816401322,0.004001812474219861
176,4,16,17,0.14166666666666666,0.1,5,0.00314825229700725,0.0024000303013686176
176,4,16,17,0.14166666666666666,0.1,7,0.0022487301789012085,0.0017140884664805253
176,4,16,17,0.14166666666666666,0.1,9,0.0017490054907652783,0.0013331086494089946
176,4,16,17,0.14166666666666666,0.1,11,0.0014310016466719806,0.0010906955116859972
176,4,16,17,0.14166666666666666,0.1,13,0.0012108461621919398,0.0009228816649009279
176,4,16,17,0.14166666666666666,0.1,15,0.0010493992541207645,0.0007998228517468353
176,4,16,17,0.14166666666666666,0.1,17,0.000925940074232157,0.0007057213651011287
176,4,16,17,0.14166666666666666,0.1,19,0.0008284724193729135,0.0006314319659290052
176,4,16,17,0.14166666666666666,0.5,1,0.36432238003345313,0.29278487455112573
176,4,16,17,0.14166666666666666,0.5,3,0.12033941592227142,0.0941202140768769
176,4,16,17,0.14166666666666666,0.5,5,0.07214156429968158,0.056200121556669674
176,4,16,17,0.14166666666666666,0.5,7,0.051517234751633695,0.040080378872893195
176,4,16,17,0.14166666666666666,0.5,9,0.04006495012873921,0.031152217829055306
176,4,16,17,0.14166666666666666,0.5,11,0.03277874842189182,0.02547900503703636
176,4,16,17,0.14166666666666666,0.5,13,0.027735052449432245,0.021554606732910875
176,4,16,17,0.14166666666666666,0.5,15,0.024036603773579815,0.018678154508789083
176,4,16,17,0.14166666666666666,0.5,17,0.021208507438424614,0.016479235857600465
176,4,16,17,0.14166666666666666,0.5,19,0.018975869420001387,0.014743640338111019
176,4,16,17,0.14166666666666666,1.0,1,1.1432178001454638,1.0099605670911946
176,4,16,17,0.14166666666666666,1.0,3,0.3747610747233836,0.31874252831498767
176,4,16,17,0.14166666666666666,1.0,5,0.22397642387330377,0.188750745479524
176,4,16,17,0.14166666666666666,1.0,7,0.1597842517376427,0.13406027772368212
176,4,16,17,0.14166666666666666,1.0,9,0.12420981706860239,0.10394193714323292
176,4,16,17,0.14166666666666666,1.0,11,0.10159790917100683,0.0848739050442863
176,4,16,17,0.14166666666666666,1.0,13,0.08595351715998403,0.07171748320945474
176,4,16,17,0.14166666666666666,1.0,15,0.07448540968203522,0.06209250009769698
176,4,16,17,0.14166666666666666,1.0,17,0.06571789430407493,0.05474534091225589
176,4,16,17,0.14166666666666666,1.0,19,0.058797372391194605,0.04895296325545984
177,4,16,17,0.14166666666666666,0.1,1,0.011118222749131436,0.01221107653940396
177,4,16,17,0.14166666666666666,0.1,3,0.003695068829653285,0.004065454437614425
177,4,16,17,0.14166666666666666,0.1,5,0.0022160992247121803,0.0024389029178599267
177,4,16,17,0.14166666666666666,0.1,7,0.0015826672461280342,0.0017419761045967593
177,4,16,17,0.14166666666666666,0.1,9,0.0012308563059094978,0.001354831389706783
177,4,16,17,0.14166666666666666,0.1,11,0.0010070101790658544,0.00110847911451828
177,4,16,17,0.14166666666666666,0.1,13,0.0008520545150687177,0.0009379329351478288
177,4,16,17,0.14166666666666666,0.1,15,0.0007384278254551592,0.0008128684308842902
177,4,16,17,0.14166666666666666,0.1,17,0.0006515410080000292,0.0007172323607760868
177,4,16,17,0.14166666666666666,0.1,19,0.0005829486738322503,0.0006417310921785008
177,4,16,17,0.14166666666666666,0.5,1,0.2686989639003134,0.2862922538724221
177,4,16,17,0.14166666666666666,0.5,3,0.08643280898498584,0.09374812670972978
177,4,16,17,0.14166666666666666,0.5,5,0.05166226287420743,0.05616410581564442
177,4,16,17,0.14166666666666666,0.5,7,0.03685268362175844,0.04009831114624948
177,4,16,17,0.14166666666666666,0.5,9,0.028644320062698632,0.03118078584428466
177,4,16,17,0.14166666666666666,0.5,11,0.023427115559081585,0.025508432392689975
177,4,16,17,0.14166666666666666,0.5,13,0.0198178480285918,0.021582389885040444
177,4,16,17,0.14166666666666666,0.5,15,0.01717234728642265,0.018703749098522376
177,4,16,17,0.14166666666666666,0.5,17,0.015150024459310005,0.016502676772475706
177,4,16,17,0.14166666666666666,0.5,19,0.013553871708770008,0.014765126647433131
177,4,16,17,0.14166666666666666,1.0,1,0.938330834749033,0.9417884692449309
177,4,16,17,0.14166666666666666,1.0,3,0.2975326935285026,0.3055594083254517
177,4,16,17,0.14166666666666666,1.0,5,0.17803483056695457,0.1831659335593562
177,4,16,17,0.14166666666666666,1.0,7,0.12704911771397312,0.13080323273894648
177,4,16,17,0.14166666666666666,1.0,9,0.09876802026259232,0.10172660688867183
177,4,16,17,0.14166666666666666,1.0,11,0.08078588108154584,0.08322701325055756
177,4,16,17,0.14166666666666666,1.0,13,0.06834321734464534,0.07042095280972113
177,4,16,17,0.14166666666666666,1.0,15,0.059221907796151774,0.06103043291573441
177,4,16,17,0.14166666666666666,1.0,17,0.05224865526893056,0.05384974095538556
177,4,16,17,0.14166666666666666,1.0,19,0.046744589951039986,0.0481809339740207
178,4,16,17,0.14166666666666666,0.1,1,0.01344911176587967,0.01349617939749283
178,4,16,17,0.14166666666666666,0.1,3,0.00447861306267966,0.004488196533309136
178,4,16,17,0.14166666666666666,0.1,5,0.0026868203054747895,0.0026919133269144553
178,4,16,17,0.14166666666666666,0.1,7,0.0019190641812915597,0.0019225067564442276
178,4,16,17,0.14166666666666666,0.1,9,0.0014925678682330312,0.0014951622364061728
178,4,16,17,0.14166666666666666,0.1,11,0.0012211731196507761,0.001223252837861754
178,4,16,17,0.14166666666666666,0.1,13,0.0010332896461883487,0.001035024391941399
178,4,16,17,0.14166666666666666,0.1,15,0.0008955110420742508,0.0008969986537942225
178,4,16,17,0.14166666666666666,0.1,17,0.0007901523845150564,0.0007914543313353252
178,4,16,17,0.14166666666666666,0.1,19,0.000706975367689569,0.0007081327612101595
178,4,16,17,0.14166666666666666,0.5,1,0.31424789697964833,0.32157977961300466
178,4,16,17,0.14166666666666666,0.5,3,0.10327584901816055,0.10458668356207494
178,4,16,17,0.14166666666666666,0.5,5,0.061885249914346456,0.06256389446987971
178,4,16,17,0.14166666666666666,0.5,7,0.044185271364271035,0.044639244658809064
178,4,16,17,0.14166666666666666,0.5,9,0.03435955357604306,0.03469979903496252
178,4,16,17,0.14166666666666666,0.5,11,0.028109207027882898,0.028381039927254412
178,4,16,17,0.14166666666666666,0.5,13,0.023783007674596134,0.024009236756049202
178,4,16,17,0.14166666666666666,0.5,15,0.02061091983432575,0.020804604680998207
178,4,16,17,0.14166666666666666,0.5,17,0.018185449683441605,0.01835475417734902
178,4,16,17,0.14166666666666666,0.5,19,0.016270746090127724,0.01642110988654239
178,4,16,17,0.14166666666666666,1.0,1,1.0132614776281483,1.0698497716401114
178,4,16,17,0.14166666666666666,1.0,3,0.33222630459787905,0.3393790651376421
178,4,16,17,0.14166666666666666,1.0,5,0.19867264938782048,0.20251589587433833
178,4,16,17,0.14166666666666666,1.0,7,0.14170865163820467,0.14436371203653608
178,4,16,17,0.14166666666666666,1.0,9,0.11013333151079109,0.11216636047866499
178,4,16,17,0.14166666666666666,1.0,11,0.090065952568034,0.09171441498778866
178,4,16,17,0.14166666666666666,1.0,13,0.07618476919637926,0.0775714719682932
178,4,16,17,0.14166666666666666,1.0,15,0.06601117587070171,0.06720804884786492
178,4,16,17,0.14166666666666666,1.0,17,0.0582347147681475,0.0592875630118587
178,4,16,17,0.14166666666666666,1.0,19,0.05209742817790484,0.053037237782630677
179,4,16,17,0.14166666666666666,0.1,1,0.014335022113477227,0.014157663172882346
179,4,16,17,0.14166666666666666,0.1,3,0.004773836021586507,0.004714895144546323
179,4,16,17,0.14166666666666666,0.1,5,0.0028640590739341604,0.002828680311669281
179,4,16,17,0.14166666666666666,0.1,7,0.0020457037550311993,0.0020204263378076947
179,4,16,17,0.14166666666666666,0.1,9,0.001591084467406504,0.0015714207843758395
179,4,16,17,0.14166666666666666,0.1,11,0.001301788090653627,0.001285697665275584
179,4,16,17,0.14166666666666666,0.1,13,0.00110150864953443,0.0010878924696429671
179,4,16,17,0.14166666666666666,0.1,15,0.0009546382931887446,0.0009428368123719816
179,4,16,17,0.14166666666666666,0.1,17,0.000842326309371323,0.0008319126908858772
179,4,16,17,0.14166666666666666,0.1,19,0.0007536593174246828,0.0007443414756527868
179,4,16,17,0.14166666666666666,0.5,1,0.33214053224418394,0.32675920686529913
179,4,16,17,0.14166666666666666,0.5,3,0.10856907766198731,0.10725537984606677
179,4,16,17,0.14166666666666666,0.5,5,0.06503731819626768,0.06428700949957492
179,4,16,17,0.14166666666666666,0.5,7,0.04643362599447216,0.045906320124824956
179,4,16,17,0.14166666666666666,0.5,9,0.03610781293588286,0.03570074297875007
179,4,16,17,0.14166666666666666,0.5,11,0.029539637504523958,0.029207960515835137
179,4,16,17,0.14166666666666666,0.5,13,0.02499350121424822,0.024713577112109735
179,4,16,17,0.14166666666666666,0.5,15,0.021660145453030414,0.021417968009056345
179,4,16,17,0.14166666666666666,0.5,17,0.019111350384374837,0.01889793096717628
179,4,16,17,0.14166666666666666,0.5,19,0.01709927732708445,0.01690850086014708
179,4,16,17,0.14166666666666666,1.0,1,1.053988799751344,1.0415582245560508
179,4,16,17,0.14166666666666666,1.0,3,0.3388736256119844,0.34346141748034537
179,4,16,17,0.14166666666666666,1.0,5,0.20208013026924385,0.2056370555747014
179,4,16,17,0.14166666666666666,1.0,7,0.14401802884052478,0.1467499877002615
179,4,16,17,0.14166666666666666,1.0,9,0.11188664273305098,0.11408162835521127
179,4,16,17,0.14166666666666666,1.0,11,0.09148151609956023,0.09330989616847286
179,4,16,17,0.14166666666666666,1.0,13,0.07737274658944211,0.07893726066976882
179,4,16,17,0.14166666666666666,1.0,15,0.06703511251995785,0.06840135910969984
179,4,16,17,0.14166666666666666,1.0,17,0.05913467802563246,0.06034678469259276
179,4,16,17,0.14166666666666666,1.0,19,0.05290034247709955,0.05398930798851237
180,4,16,17,0.14166666666666666,0.1,1,0.014960869544285228,0.014693721450620022
180,4,16,17,0.14166666666666666,0.1,3,0.004979750269979906,0.004891556440478795
180,4,16,17,0.14166666666666666,0.1,5,0.0029874283282126865,0.002934430124981668
180,4,16,17,0.14166666666666666,0.1,7,0.00213378038876068,0.002095886343202243
180,4,16,17,0.14166666666666666,0.1,9,0.0016595715340341846,0.0016300792612095184
180,4,16,17,0.14166666666666666,0.1,11,0.0013578147740476805,0.0013336739779695667
180,4,16,17,0.14166666666666666,0.1,13,0.0011489112974664535,0.0011284778635537993
180,4,16,17,0.14166666666666666,0.1,15,0.0009957178123951218,0.0009780044996790898
180,4,16,17,0.14166666666666666,0.1,17,0.0008785711282298907,0.0008629387391466068
180,4,16,17,0.14166666666666666,0.1,19,0.0007860876408978699,0.0007720986125329477
180,4,16,17,0.14166666666666666,0.5,1,0.3546902317258402,0.3392851979813632
180,4,16,17,0.14166666666666666,0.5,3,0.11492408464515166,0.11073821671935516
180,4,16,17,0.14166666666666666,0.5,5,0.06879501751427936,0.06628904590050518
180,4,16,17,0.14166666666666666,0.5,7,0.04910798902080707,0.04731260923390601
180,4,16,17,0.14166666666666666,0.5,9,0.03818508896152191,0.036784965919513246
180,4,16,17,0.14166666666666666,0.5,11,0.03123819864412421,0.030090294931296276
180,4,16,17,0.14166666666666666,0.5,13,0.02643030325874425,0.025457466742526767
180,4,16,17,0.14166666666666666,0.5,15,0.022905164634435746,0.022060994612650438
180,4,16,17,0.14166666666666666,0.5,17,0.020209791389053315,0.01946419504074129
180,4,16,17,0.14166666666666666,0.5,19,0.018082038103525013,0.01741438329002276
180,4,16,17,0.14166666666666666,1.0,1,1.1660552488768676,1.0650536709985159
180,4,16,17,0.14166666666666666,1.0,3,0.36378646765356054,0.33245577177149066
180,4,16,17,0.14166666666666666,1.0,5,0.21610113902841555,0.19770538030913634
180,4,16,17,0.14166666666666666,1.0,7,0.15386245371756352,0.14080311362804282
180,4,16,17,0.14166666666666666,1.0,9,0.11949376432677668,0.10936055383059605
180,4,16,17,0.14166666666666666,1.0,11,0.09768709688847545,0.08940526111155706
180,4,16,17,0.14166666666666666,1.0,13,0.08261570488218728,0.07561182109226428
180,4,16,17,0.14166666666666666,1.0,15,0.07157527682366704,0.06550700972914661
180,4,16,17,0.14166666666666666,1.0,17,0.06313884164938939,0.05778533822690056
180,4,16,17,0.14166666666666666,1.0,19,0.05648205757268186,0.05169249148080922
181,4,16,17,0.14166666666666666,0.1,1,0.012295681220985467,0.014403186434199862
181,4,16,17,0.14166666666666666,0.1,3,0.004094077448351452,0.004795625788320671
181,4,16,17,0.14166666666666666,0.1,5,0.002456158638831438,0.002876627130429665
181,4,16,17,0.14166666666666666,0.1,7,0.0017543290305589562,0.0020544977787123045
181,4,16,17,0.14166666666666666,0.1,9,0.0013644515361566096,0.0015978394291396012
181,4,16,17,0.14166666666666666,0.1,11,0.0011163566986327333,0.0013072689785729437
181,4,16,17,0.14166666666666666,0.1,13,0.0009446024784378611,0.001106118770485622
181,4,16,17,0.14166666666666666,0.1,15,0.0008186512021947765,0.0009586159197092268
181,4,16,17,0.14166666666666666,0.1,17,0.0007223365057226437,0.0008458238105943459
181,4,16,17,0.14166666666666666,0.1,19,0.0006462991661602859,0.0007567799819443379
181,4,16,17,0.14166666666666666,0.5,1,0.28798513278019594,0.3376662939883119
181,4,16,17,0.14166666666666666,0.5,3,0.09406057013437572,0.11262194996653264
181,4,16,17,0.14166666666666666,0.5,5,0.05634571081606394,0.06750620182406043
181,4,16,17,0.14166666666666666,0.5,7,0.04022907753831048,0.048193693677175055
181,4,16,17,0.14166666666666666,0.5,9,0.031283540691293674,0.03747229453600641
181,4,16,17,0.14166666666666666,0.5,11,0.025593232953593916,0.030652801324977663
181,4,16,17,0.14166666666666666,0.5,13,0.021654641773913255,0.025933166416886685
181,4,16,17,0.14166666666666666,0.5,15,0.018766715647597403,0.022472938618856277
181,4,16,17,0.14166666666666666,0.5,17,0.016558486616425602,0.019827372830907006
181,4,16,17,0.14166666666666666,0.5,19,0.014815248010519337,0.017739074432942016
181,4,16,17,0.14166666666666666,1.0,1,0.9454489494621475,1.0900330479265634
181,4,16,17,0.14166666666666666,1.0,3,0.2983019037446178,0.3727648249794852
181,4,16,17,0.14166666666666666,1.0,5,0.1779488606561261,0.22319583266054094
181,4,16,17,0.14166666666666666,1.0,7,0.12688010756402812,0.15922881019349525
181,4,16,17,0.14166666666666666,1.0,9,0.09860531267265367,0.12375006199732252
181,4,16,17,0.14166666666666666,1.0,11,0.08064152310486042,0.10119806755974976
181,4,16,17,0.14166666666666666,1.0,13,0.06821651596317636,0.08559765219468574
181,4,16,17,0.14166666666666666,1.0,15,0.059110145041008526,0.07416416614085236
181,4,16,17,0.14166666666666666,1.0,17,0.05214920315795832,0.06542493287087552
181,4,16,17,0.14166666666666666,1.0,19,0.0466552815028668,0.058528058131264875
182,4,16,17,0.14166666666666666,0.1,1,0.01192289013643298,0.012505842238280924
182,4,16,17,0.14166666666666666,0.1,3,0.003968099492465167,0.004162825961462875
182,4,16,17,0.14166666666666666,0.1,5,0.002380562922806756,0.0024974181921172873
182,4,16,17,0.14166666666666666,0.1,7,0.0017003437021716303,0.0017838155581214436
182,4,16,17,0.14166666666666666,0.1,9,0.0013224708606046755,0.0013873946322630483
182,4,16,17,0.14166666666666666,0.1,11,0.0010820138748845393,0.0011351338281138039
182,4,16,17,0.14166666666666666,0.1,13,0.0009155464360510591,0.0009604943337572393
182,4,16,17,0.14166666666666666,0.1,15,0.0007934715303432805,0.0008324265081547001
182,4,16,17,0.14166666666666666,0.1,17,0.0007001207311349266,0.0007344928488688618
182,4,16,17,0.14166666666666666,0.1,19,0.0006264230545849611,0.0006571771038986034
182,4,16,17,0.14166666666666666,0.5,1,0.27694549467604407,0.289102027841863
182,4,16,17,0.14166666666666666,0.5,3,0.08871601566494834,0.09301864503884284
182,4,16,17,0.14166666666666666,0.5,5,0.053065792839665046,0.05565719111235351
182,4,16,17,0.14166666666666666,0.5,7,0.037872018475074175,0.03972495796124064
182,4,16,17,0.14166666666666666,0.5,9,0.029445737995682553,0.030887542559036495
182,4,16,17,0.14166666666666666,0.5,11,0.02408771003600839,0.025267632571713928
182,4,16,17,0.14166666666666666,0.5,13,0.020379835407204314,0.02137836173878868
182,4,16,17,0.14166666666666666,0.5,15,0.017661396026289928,0.01852685732078801
182,4,16,17,0.14166666666666666,0.5,17,0.015582919088866682,0.016346604297303217
182,4,16,17,0.14166666666666666,0.5,19,0.013942193904788874,0.014625518444083186
182,4,16,17,0.14166666666666666,1.0,1,0.8851281172323221,0.9077455945729929
182,4,16,17,0.14166666666666666,1.0,3,0.2553884896150616,0.26489776735951776
182,4,16,17,0.14166666666666666,1.0,5,0.15190138261324776,0.1576196836962406
182,4,16,17,0.14166666666666666,1.0,7,0.10824434433026357,0.11233506674118668
182,4,16,17,0.14166666666666666,1.0,9,0.08410743428285296,0.0872924434456533
182,4,16,17,0.14166666666666666,1.0,11,0.0687805504209447,0.07138841612602288
182,4,16,17,0.14166666666666666,1.0,13,0.05818184106649713,0.06038972244873581
182,4,16,17,0.14166666666666666,1.0,15,0.050414833913841654,0.05232914846441907
182,4,16,17,0.14166666666666666,1.0,17,0.04447803326537166,0.046167705237390555
182,4,16,17,0.14166666666666666,1.0,19,0.03979254071186299,0.041304766392540535
183,4,16,17,0.14166666666666666,0.1,1,0.01671960574007717,0.01596119601117562
183,4,16,17,0.14166666666666666,0.1,3,0.00556274899396119,0.005311228412783994
183,4,16,17,0.14166666666666666,0.1,5,0.0033365529472685774,0.0031860137663208984
183,4,16,17,0.14166666666666666,0.1,7,0.0023829278404077373,0.002275530328178113
183,4,16,17,0.14166666666666666,0.1,9,0.0018532504956962192,0.0017697787631706448
183,4,16,17,0.14166666666666666,0.1,11,0.0015162247961517982,0.0014479618105326523
183,4,16,17,0.14166666666666666,0.1,13,0.001282918081847499,0.0012251762665558628
183,4,16,17,0.14166666666666666,0.1,15,0.0011118361711429797,0.001061805624318302
183,4,16,17,0.14166666666666666,0.1,17,0.0009810143209753204,0.0009368781484504952
183,4,16,17,0.14166666666666666,0.1,19,0.0008777372605042127,0.0008382530021153381
183,4,16,17,0.14166666666666666,0.5,1,0.3814965199872217,0.36773311643506346
183,4,16,17,0.14166666666666666,0.5,3,0.1251124376027778,0.11927685600006159
183,4,16,17,0.14166666666666666,0.5,5,0.07490931200975899,0.07136146272746112
183,4,16,17,0.14166666666666666,0.5,7,0.05346388964230986,0.050923955131607614
183,4,16,17,0.14166666666666666,0.5,9,0.041565652493560715,0.039589410210846505
183,4,16,17,0.14166666666666666,0.5,11,0.03399954699547229,0.03238277577090949
183,4,16,17,0.14166666666666666,0.5,13,0.02876386931981702,0.027396131446653572
183,4,16,17,0.14166666666666666,0.5,15,0.024925579589045694,0.023740491584899413
183,4,16,17,0.14166666666666666,0.5,17,0.021991090400720264,0.020945664498252674
183,4,16,17,0.14166666666666666,0.5,19,0.019674793505063053,0.018739608201092165
183,4,16,17,0.14166666666666666,1.0,1,1.1424910173822673,1.1473934844494837
183,4,16,17,0.14166666666666666,1.0,3,0.36913805269772876,0.3576505671755133
183,4,16,17,0.14166666666666666,1.0,5,0.22093628243598717,0.21304338088737146
183,4,16,17,0.14166666666666666,1.0,7,0.1576842870456581,0.1518327230706256
183,4,16,17,0.14166666666666666,1.0,9,0.1225942999036647,0.11796977269589448
183,4,16,17,0.14166666666666666,1.0,11,0.1002804338935875,0.09646438767736756
183,4,16,17,0.14166666666666666,1.0,13,0.08483914911176912,0.08159349101901879
183,4,16,17,0.14166666666666666,1.0,15,0.07351888641793695,0.07069638605445623
183,4,16,17,0.14166666666666666,1.0,17,0.06486405834678412,0.06236765269313424
183,4,16,17,0.14166666666666666,1.0,19,0.058032398808906614,0.05579483973555363
184,4,16,17,0.14166666666666666,0.1,1,0.01649464143573228,0.01583343195279092
184,4,16,17,0.14166666666666666,0.1,3,0.00549154410267824,0.005252434415568253
184,4,16,17,0.14166666666666666,0.1,5,0.003294369106340757,0.0031488064118306205
184,4,16,17,0.14166666666666666,0.1,7,0.0023529674514805566,0.002248364206636306
184,4,16,17,0.14166666666666666,0.1,9,0.001830023002691439,0.0017483952319860092
184,4,16,17,0.14166666666666666,0.1,11,0.001497259905180525,0.0014303338945093444
184,4,16,17,0.14166666666666666,0.1,13,0.0012668940960039276,0.0012101828832625906
184,4,16,17,0.14166666666666666,0.1,15,0.0010979635418300285,0.001048762153609662
184,4,16,17,0.14166666666666666,0.1,17,0.0009687837996567891,0.0009253360138622235
184,4,16,17,0.14166666666666666,0.1,19,0.000866801267070161,0.0008279023907286782
184,4,16,17,0.14166666666666666,0.5,1,0.37579216286915446,0.36986852935332115
184,4,16,17,0.14166666666666666,0.5,3,0.12300894676760891,0.11803843552125702
184,4,16,17,0.14166666666666666,0.5,5,0.07369897962218444,0.07035656052265146
184,4,16,17,0.14166666666666666,0.5,7,0.052619157057246534,0.05012634818280502
184,4,16,17,0.14166666666666666,0.5,9,0.04091792981564992,0.038934769210454544
184,4,16,17,0.14166666666666666,0.5,11,0.03347464788444536,0.03182939775122184
184,4,16,17,0.14166666666666666,0.5,13,0.028322768137751326,0.026917521301220305
184,4,16,17,0.14166666666666666,0.5,15,0.024545263422503516,0.023319125943280988
184,4,16,17,0.14166666666666666,0.5,17,0.021656865940916883,0.020569448135659956
184,4,16,17,0.14166666666666666,0.5,19,0.019376713194398345,0.018399874900730192
184,4,16,17,0.14166666666666666,1.0,1,1.1265261054830806,1.1566196240304218
184,4,16,17,0.14166666666666666,1.0,3,0.3574125000196811,0.34921395238157255
184,4,16,17,0.14166666666666666,1.0,5,0.21355075349191166,0.2053518738668455
184,4,16,17,0.14166666666666666,1.0,7,0.15229331671408847,0.14547915817959348
184,4,16,17,0.14166666666666666,1.0,9,0.11835216904556266,0.11264954172864287
184,4,16,17,0.14166666666666666,1.0,11,0.09678467782715335,0.09191285844758264
184,4,16,17,0.14166666666666666,1.0,13,0.08186696710080611,0.07762543602999562
184,4,16,17,0.14166666666666666,1.0,15,0.07093414599709251,0.06718306417707257
184,4,16,17,0.14166666666666666,1.0,17,0.06257754586204459,0.05921745547222419
184,4,16,17,0.14166666666666666,1.0,19,0.05598249955001556,0.052940760444920555
185,4,16,17,0.14166666666666666,0.1,1,0.011710281883012286,0.01184683549392232
185,4,16,17,0.14166666666666666,0.1,3,0.0039011761292662784,0.003942586656994369
185,4,16,17,0.14166666666666666,0.1,5,0.002340597565709068,0.002365215772660968
185,4,16,17,0.14166666666666666,0.1,7,0.0016718341273700545,0.0016893729305945753
185,4,16,17,0.14166666666666666,0.1,9,0.0013003086221929606,0.0013139352341378658
185,4,16,17,0.14166666666666666,0.1,11,0.0010638860521542674,0.001075029004944884
185,4,16,17,0.14166666666666666,0.1,13,0.0009002099022365191,0.0009096355856514749
185,4,16,17,0.14166666666666666,0.1,15,0.0007801811688801522,0.0007883484789875782
185,4,16,17,0.14166666666666666,0.1,17,0.0006883947088719122,0.0006956002058793152
185,4,16,17,0.14166666666666666,0.1,19,0.0006159318318089855,0.0006223782573210453
185,4,16,17,0.14166666666666666,0.5,1,0.2743529626438953,0.2807952912879647
185,4,16,17,0.14166666666666666,0.5,3,0.09017462289262655,0.09157109885255882
185,4,16,17,0.14166666666666666,0.5,5,0.05404210112227956,0.054762506572101584
185,4,16,17,0.14166666666666666,0.5,7,0.0385891350678972,0.03906631965581545
185,4,16,17,0.14166666666666666,0.5,9,0.030009810572639357,0.030365100919781115
185,4,16,17,0.14166666666666666,0.5,11,0.024551840232838813,0.024834629453336553
185,4,16,17,0.14166666666666666,0.5,13,0.02077383520597601,0.021008740349491392
185,4,16,17,0.14166666666666666,0.5,15,0.01800355609255291,0.018204525510182812
185,4,16,17,0.14166666666666666,0.5,17,0.01588523447890937,0.016060906605091803
185,4,16,17,0.14166666666666666,0.5,19,0.014212943799460965,0.014369029782879083
185,4,16,17,0.14166666666666666,1.0,1,0.900906941147241,0.9314638729364253
185,4,16,17,0.14166666666666666,1.0,3,0.2866436441148628,0.2983429940072921
185,4,16,17,0.14166666666666666,1.0,5,0.17111004863724968,0.17889919972203364
185,4,16,17,0.14166666666666666,1.0,7,0.12204038752492113,0.12778119973077962
185,4,16,17,0.14166666666666666,1.0,9,0.0948613883480335,0.09938581897894194
185,4,16,17,0.14166666666666666,1.0,11,0.07758928222263577,0.08131616399557863
185,4,16,17,0.14166666666666666,1.0,13,0.06564045922368789,0.06880630555041574
185,4,16,17,0.14166666666666666,1.0,15,0.05688185174953179,0.05963233176877751
185,4,16,17,0.14166666666666666,1.0,17,0.05018600299202024,0.052616891279604436
185,4,16,17,0.14166666666666666,1.0,19,0.04490083774612751,0.04707835562904469
186,4,16,17,0.14166666666666666,0.1,1,0.011264637929596394,0.011683663457554772
186,4,16,17,0.14166666666666666,0.1,3,0.0037497055195877694,0.0038906969581426008
186,4,16,17,0.14166666666666666,0.1,5,0.002249575747415525,0.002334229075864501
186,4,16,17,0.14166666666666666,0.1,7,0.0016067911151159972,0.0016672691912775703
186,4,16,17,0.14166666666666666,0.1,9,0.001249710835286557,0.0012967529828737377
186,4,16,17,0.14166666666666666,0.1,11,0.0010224842278853642,0.0010609747652383136
186,4,16,17,0.14166666666666666,0.1,13,0.0008651758204506368,0.000897745469901031
186,4,16,17,0.14166666666666666,0.1,15,0.0007498173361535417,0.0007780447642320177
186,4,16,17,0.14166666666666666,0.1,17,0.0006616025245795182,0.0006865093137395247
186,4,16,17,0.14166666666666666,0.1,19,0.0005919595216130298,0.0006142446908804142
186,4,16,17,0.14166666666666666,0.5,1,0.2628355421467025,0.27951850678937423
186,4,16,17,0.14166666666666666,0.5,3,0.08490336396428744,0.09164129731490163
186,4,16,17,0.14166666666666666,0.5,5,0.050825885676832355,0.05488578778237556
186,4,16,17,0.14166666666666666,0.5,7,0.03628160605923369,0.039183413390674326
186,4,16,17,0.14166666666666666,0.5,9,0.028211818867984375,0.03046921257720838
186,4,16,17,0.14166666666666666,0.5,11,0.02307941647986703,0.024926521826732682
186,4,16,17,0.14166666666666666,0.5,13,0.01952728755391534,0.02109028580386784
186,4,16,17,0.14166666666666666,0.5,15,0.016922861438181256,0.0182774913656248
186,4,16,17,0.14166666666666666,0.5,17,0.014931472163650102,0.01612675134008665
186,4,16,17,0.14166666666666666,0.5,19,0.01335944696295541,0.014428917783960406
186,4,16,17,0.14166666666666666,1.0,1,0.857212334487916,0.953601279655408
186,4,16,17,0.14166666666666666,1.0,3,0.2718471235065059,0.3099789462343552
186,4,16,17,0.14166666666666666,1.0,5,0.16281158754738195,0.18498621592155262
186,4,16,17,0.14166666666666666,1.0,7,0.11623772700725699,0.1318425909787596
186,4,16,17,0.14166666666666666,1.0,9,0.09038929538347604,0.10242981042871646
186,4,16,17,0.14166666666666666,1.0,11,0.07394752730739768,0.08375248846201903
186,4,16,17,0.14166666666666666,1.0,13,0.06256741539389042,0.07083914777403554
186,4,16,17,0.14166666666666666,1.0,15,0.05422315513580394,0.06137765213838383
186,4,16,17,0.14166666666666666,1.0,17,0.047842818449713345,0.05414677890752148
186,4,16,17,0.14166666666666666,1.0,19,0.042806016278964285,0.0484406846554581
187,4,16,17,0.14166666666666666,0.1,1,0.016411627182120456,0.014863944554381756
187,4,16,17,0.14166666666666666,0.1,3,0.005461624144120607,0.004941618412636017
187,4,16,17,0.14166666666666666,0.1,5,0.0032762096830340863,0.002963874288119841
187,4,16,17,0.14166666666666666,0.1,7,0.002339938242956317,0.002116751055567313
187,4,16,17,0.14166666666666666,0.1,9,0.001819865140100968,0.0016462382245806648
187,4,16,17,0.14166666666666666,0.1,11,0.001488936757193179,0.0013468598380902896
187,4,16,17,0.14166666666666666,0.1,13,0.0012598444374085558,0.001139614905533938
187,4,16,17,0.14166666666666666,0.1,15,0.0010918494528490991,0.000987643903456939
187,4,16,17,0.14166666666666666,0.1,17,0.000963386087392391,0.0008714356043964633
187,4,16,17,0.14166666666666666,0.1,19,0.0008619696838016203,0.0007796951156181917
187,4,16,17,0.14166666666666666,0.5,1,0.37459704646054226,0.34415562513641235
187,4,16,17,0.14166666666666666,0.5,3,0.12220172278571519,0.11021996490298673
187,4,16,17,0.14166666666666666,0.5,5,0.07312798939686364,0.06587455870431427
187,4,16,17,0.14166666666666666,0.5,7,0.052184754525555654,0.04699355816744843
187,4,16,17,0.14166666666666666,0.5,9,0.04056871218314541,0.03652854420758664
187,4,16,17,0.14166666666666666,0.5,11,0.03318307201469165,0.029876682495629015
187,4,16,17,0.14166666666666666,0.5,13,0.02807264795828003,0.025274671723816245
187,4,16,17,0.14166666666666666,0.5,15,0.024326343452746063,0.021901355615519248
187,4,16,17,0.14166666666666666,0.5,17,0.0214622582166864,0.019322558076519097
187,4,16,17,0.14166666666666666,0.5,19,0.0192015752374514,0.017287128033392073
187,4,16,17,0.14166666666666666,1.0,1,1.136153450294036,1.0672905280630327
187,4,16,17,0.14166666666666666,1.0,3,0.366941668127375,0.31547883313368547
187,4,16,17,0.14166666666666666,1.0,5,0.21879336344549852,0.1886257986132435
187,4,16,17,0.14166666666666666,1.0,7,0.15588864362961286,0.1345777106145922
187,4,16,17,0.14166666666666666,1.0,9,0.12108252050327684,0.10461422516257753
187,4,16,17,0.14166666666666666,1.0,11,0.09898359241869908,0.08556663066968695
187,4,16,17,0.14166666666666666,1.0,13,0.08370677750076767,0.07238801212161938
187,4,16,17,0.14166666666666666,1.0,15,0.07251526845971382,0.06272759588222339
187,4,16,17,0.14166666666666666,1.0,17,0.06396354116501157,0.05534230124982579
187,4,16,17,0.14166666666666666,1.0,19,0.057216114101084604,0.04951301137714875
188,4,16,17,0.14166666666666666,0.1,1,0.01452318556518078,0.014111965532162728
188,4,16,17,0.14166666666666666,0.1,3,0.004836556199125169,0.0046979259807657546
188,4,16,17,0.14166666666666666,0.1,5,0.0029016312959979093,0.0028183569061515086
188,4,16,17,0.14166666666666666,0.1,7,0.002072518768221112,0.002013013324655172
188,4,16,17,0.14166666666666666,0.1,9,0.00161193018112986,0.0015656390258579308
188,4,16,17,0.14166666666666666,0.1,11,0.0013188380224686794,0.0012809590125495013
188,4,16,17,0.14166666666666666,0.1,13,0.0011159321146884092,0.0010838781773456878
188,4,16,17,0.14166666666666666,0.1,15,0.000967136428637848,0.0009393548380944069
188,4,16,17,0.14166666666666666,0.1,17,0.0008533525707661548,0.0008288384111479699
188,4,16,17,0.14166666666666666,0.1,19,0.0007635238455551054,0.0007415894389139721
188,4,16,17,0.14166666666666666,0.5,1,0.33737446439491786,0.32736655206137294
188,4,16,17,0.14166666666666666,0.5,3,0.11055690138782402,0.10669817695831992
188,4,16,17,0.14166666666666666,0.5,5,0.06621664284420745,0.06391129726289915
188,4,16,17,0.14166666666666666,0.5,7,0.047270595288647216,0.04562812994411356
188,4,16,17,0.14166666666666666,0.5,9,0.03675619240770211,0.03548078903106493
188,4,16,17,0.14166666666666666,0.5,11,0.030068698145523542,0.02902634318546825
188,4,16,17,0.14166666666666666,0.5,13,0.025440298374561292,0.024559014862001738
188,4,16,17,0.14166666666666666,0.5,15,0.02204680304264446,0.021283489160913903
188,4,16,17,0.14166666666666666,0.5,17,0.01945212945861813,0.01877893847233747
188,4,16,17,0.14166666666666666,0.5,19,0.01740390598386756,0.01680180823876599
188,4,16,17,0.14166666666666666,1.0,1,1.0772265673141757,1.0339692119704413
188,4,16,17,0.14166666666666666,1.0,3,0.34003531098409706,0.3235296860888107
188,4,16,17,0.14166666666666666,1.0,5,0.20234268244190612,0.1925185122886084
188,4,16,17,0.14166666666666666,1.0,7,0.14413509571420907,0.1371331892397428
188,4,16,17,0.14166666666666666,1.0,9,0.11195945726725795,0.10651799544383132
188,4,16,17,0.14166666666666666,1.0,11,0.09153520217927313,0.08708474769522563
188,4,16,17,0.14166666666666666,1.0,13,0.07741608249389549,0.07365102208847801
188,4,16,17,0.14166666666666666,1.0,15,0.06707194369754965,0.06380922696389087
188,4,16,17,0.14166666666666666,1.0,17,0.059166985216769545,0.0562882868968556
188,4,16,17,0.14166666666666666,1.0,19,0.05292927630682398,0.05035368765348887
189,4,16,17,0.14166666666666666,0.1,1,0.015247669446842985,0.013525327340679242
189,4,16,17,0.14166666666666666,0.1,3,0.005077778164413941,0.004491202874870225
189,4,16,17,0.14166666666666666,0.1,5,0.0030464062240427667,0.002693021825397865
189,4,16,17,0.14166666666666666,0.1,7,0.002175947294212789,0.0019230937031711397
189,4,16,17,0.14166666666666666,0.1,9,0.0016923833177543016,0.0014955318546816196
189,4,16,17,0.14166666666666666,0.1,11,0.001384668164822125,0.0012235105005352343
189,4,16,17,0.14166666666666666,0.1,13,0.001171637500154002,0.0010352163876138894
189,4,16,17,0.14166666666666666,0.1,15,0.0010154163614519611,0.0008971485939672779
189,4,16,17,0.14166666666666666,0.1,17,0.0008959538415430125,0.0007915755708547498
189,4,16,17,0.14166666666666666,0.1,19,0.0008016417259960364,0.0007082334492838214
189,4,16,17,0.14166666666666666,0.5,1,0.3510212151490255,0.31832603962866635
189,4,16,17,0.14166666666666666,0.5,3,0.11476913820684621,0.10204269687103679
189,4,16,17,0.14166666666666666,0.5,5,0.06875737967858352,0.06092211832822626
189,4,16,17,0.14166666666666666,0.5,7,0.04909116927180488,0.04343604780067675
189,4,16,17,0.14166666666666666,0.5,9,0.038174953233771895,0.03375179726044405
189,4,16,17,0.14166666666666666,0.5,11,0.031231012781750906,0.02759936591637838
189,4,16,17,0.14166666666666666,0.5,13,0.026424706964661815,0.023344403122674804
189,4,16,17,0.14166666666666666,0.5,15,0.022900548156562124,0.02022629747978605
189,4,16,17,0.14166666666666666,0.5,17,0.02020583844790524,0.01784308112199324
189,4,16,17,0.14166666666666666,0.5,19,0.018078565957152497,0.015962321715643893
189,4,16,17,0.14166666666666666,1.0,1,1.0936809208958032,1.027623828844788
189,4,16,17,0.14166666666666666,1.0,3,0.3512105888578539,0.31509446329668905
189,4,16,17,0.14166666666666666,1.0,5,0.2101363268369839,0.18683014284162378
189,4,16,17,0.14166666666666666,1.0,7,0.149968676712337,0.1328629333053706
189,4,16,17,0.14166666666666666,1.0,9,0.11659663687750246,0.10310417234915717
189,4,16,17,0.14166666666666666,1.0,11,0.09537643671218825,0.08424254080015671
189,4,16,17,0.14166666666666666,1.0,13,0.08069207874818234,0.07121697600406984
189,4,16,17,0.14166666666666666,1.0,15,0.06992661237546896,0.06168106576382953
189,4,16,17,0.14166666666666666,1.0,17,0.06169580528380973,0.054397830345900955
189,4,16,17,0.14166666666666666,1.0,19,0.05519871963999472,0.04865323464898448
190,4,16,17,0.14166666666666666,0.1,1,0.012709389408563329,0.013329487213122085
190,4,16,17,0.14166666666666666,0.1,3,0.0042322293755823436,0.004438328753899363
190,4,16,17,0.14166666666666666,0.1,5,0.0025390812080285964,0.0026626827797220326
190,4,16,17,0.14166666666666666,0.1,7,0.0018135690754080256,0.0019018389381771062
190,4,16,17,0.14166666666666666,0.1,9,0.001410531294386672,0.00147917844478016
190,4,16,17,0.14166666666666666,0.1,11,0.0011540604898818026,0.0012102226407002803
190,4,16,17,0.14166666666666666,0.1,13,0.0009765069584506087,0.0010240266271444802
190,4,16,17,0.14166666666666666,0.1,15,0.000846302560139583,0.0008874849128068249
190,4,16,17,0.14166666666666666,0.1,17,0.000746735308406916,0.0007830717641065773
190,4,16,17,0.14166666666666666,0.1,19,0.0006681300593175589,0.000700640980990916
190,4,16,17,0.14166666666666666,0.5,1,0.2981215521090458,0.30849818484537644
190,4,16,17,0.14166666666666666,0.5,3,0.09724419295092498,0.10092207810551289
190,4,16,17,0.14166666666666666,0.5,5,0.058253930493095345,0.06045524186011706
190,4,16,17,0.14166666666666666,0.5,7,0.04159114509462489,0.0431604849618095
190,4,16,17,0.14166666666666666,0.5,9,0.03234240272893313,0.033561525190494615
190,4,16,17,0.14166666666666666,0.5,11,0.026459262961555433,0.02745592221009985
190,4,16,17,0.14166666666666666,0.5,13,0.02238723820432846,0.02323008311271876
190,4,16,17,0.14166666666666666,0.5,15,0.01940149941963353,0.020131654655768043
190,4,16,17,0.14166666666666666,0.5,17,0.017118496465970343,0.017762540047292365
190,4,16,17,0.14166666666666666,0.5,19,0.015316241416062824,0.01589234111027074
190,4,16,17,0.14166666666666666,1.0,1,0.9915429998865373,0.9847743634394885
190,4,16,17,0.14166666666666666,1.0,3,0.30715183298726056,0.3234579502341593
190,4,16,17,0.14166666666666666,1.0,5,0.18261816499556452,0.19370552563067311
190,4,16,17,0.14166666666666666,1.0,7,0.1301646703739743,0.13822162071548
190,4,16,17,0.14166666666666666,1.0,9,0.10115304823936702,0.10743906718480792
190,4,16,17,0.14166666666666666,1.0,11,0.08272481114808125,0.08786795360447118
190,4,16,17,0.14166666666666666,1.0,13,0.06997912369234888,0.07432748117382793
190,4,16,17,0.14166666666666666,1.0,15,0.060637779785810836,0.06440259428755882
190,4,16,17,0.14166666666666666,1.0,17,0.05349719227871307,0.05681581093090202
190,4,16,17,0.14166666666666666,1.0,19,0.047861446714330305,0.05082802792113379
191,4,16,17,0.14166666666666666,0.1,1,0.014375068983027399,0.013510419474181629
191,4,16,17,0.14166666666666666,0.1,3,0.004786528836232987,0.004487508802692592
191,4,16,17,0.14166666666666666,0.1,5,0.0028715870245828463,0.002691028947335796
191,4,16,17,0.14166666666666666,0.1,7,0.0020510536916959385,0.0019217436783428535
191,4,16,17,0.14166666666666666,0.1,9,0.0015952337461342164,0.001494514582759684
191,4,16,17,0.14166666666666666,0.1,11,0.001305176810235911,0.0012226955423812788
191,4,16,17,0.14166666666666666,0.1,13,0.0011043724249668518,0.0010345370916296163
191,4,16,17,0.14166666666666666,0.1,15,0.0009571179410539961,0.000896566459623331
191,4,16,17,0.14166666666666666,0.1,17,0.0008445126877419855,0.0007910663952307987
191,4,16,17,0.14166666666666666,0.1,19,0.0007556144582663074,0.0007077810447576056
191,4,16,17,0.14166666666666666,0.5,1,0.3329973294374539,0.31577956032333354
191,4,16,17,0.14166666666666666,0.5,3,0.108696960367461,0.10093822363627777
191,4,16,17,0.14166666666666666,0.5,5,0.0650880900400746,0.06028174339569248
191,4,16,17,0.14166666666666666,0.5,7,0.04646158698199968,0.042989096202255855
191,4,16,17,0.14166666666666666,0.5,9,0.03612587290821162,0.03340940022656716
191,4,16,17,0.14166666666666666,0.5,11,0.02955246110576763,0.02732216045067095
191,4,16,17,0.14166666666666666,0.5,13,0.025003194923090076,0.023111646918634557
191,4,16,17,0.14166666666666666,0.5,15,0.02166780528774843,0.020025757310659892
191,4,16,17,0.14166666666666666,0.5,17,0.019117605756930056,0.017666949624263285
191,4,16,17,0.14166666666666666,0.5,19,0.017104517028470764,0.015805316523828553
191,4,16,17,0.14166666666666666,1.0,1,1.0528128935014696,0.9982657895602117
191,4,16,17,0.14166666666666666,1.0,3,0.3336260806159372,0.29863147605096857
191,4,16,17,0.14166666666666666,1.0,5,0.19894838204422907,0.1773711140199512
191,4,16,17,0.14166666666666666,1.0,7,0.1417714196505623,0.12629311473173868
191,4,16,17,0.14166666666666666,1.0,9,0.11013060836035118,0.09808411951576945
191,4,16,17,0.14166666666666666,1.0,11,0.09003869391569903,0.08018441114659608
191,4,16,17,0.14166666666666666,1.0,13,0.07614770733141775,0.06781284566051711
191,4,16,17,0.14166666666666666,1.0,15,0.06597045192485082,0.05875004217494658
191,4,16,17,0.14166666666666666,1.0,17,0.05819312113456133,0.051824779469056455
191,4,16,17,0.14166666666666666,1.0,19,0.05205629236806607,0.046360410863044356
192,4,16,17,0.14166666666666666,0.1,1,0.01792608976782024,0.014856096317125369
192,4,16,17,0.14166666666666666,0.1,3,0.005970010523122229,0.004939864730112956
192,4,16,17,0.14166666666666666,0.1,5,0.003581633640594675,0.0029627054779227738
192,4,16,17,0.14166666666666666,0.1,7,0.0025582150932081894,0.0021158651215546632
192,4,16,17,0.14166666666666666,0.1,9,0.0019896858619083716,0.001645524028130168
192,4,16,17,0.14166666666666666,0.1,11,0.001627906726168024,0.001346261478288349
192,4,16,17,0.14166666666666666,0.1,13,0.0013774494100898902,0.0011391000324409328
192,4,16,17,0.14166666666666666,0.1,15,0.0011937832584807647,0.0009871920735162406
192,4,16,17,0.14166666666666666,0.1,17,0.0010533340693273064,0.0008710330670569285
192,4,16,17,0.14166666666666666,0.1,19,0.0009424539597002606,0.0007793321770599097
192,4,16,17,0.14166666666666666,0.5,1,0.4037112682075607,0.3432018471284302
192,4,16,17,0.14166666666666666,0.5,3,0.13249953996124603,0.11142025724163629
192,4,16,17,0.14166666666666666,0.5,5,0.07940243532344399,0.06660849466142563
192,4,16,17,0.14166666666666666,0.5,7,0.056695389453313046,0.04751343743312166
192,4,16,17,0.14166666666666666,0.5,9,0.044089290126432146,0.036929427334904515
192,4,16,17,0.14166666666666666,0.5,11,0.036069885910392806,0.030202410449880843
192,4,16,17,0.14166666666666666,0.5,13,0.03051902268921439,0.02554878573619153
192,4,16,17,0.14166666666666666,0.5,15,0.026448863846150784,0.02213788949606521
192,4,16,17,0.14166666666666666,0.5,17,0.023336634539233115,0.01953053003219466
192,4,16,17,0.14166666666666666,0.5,19,0.020879749610363298,0.017472668617127807
192,4,16,17,0.14166666666666666,1.0,1,1.1762461266230337,1.0739516710788077
192,4,16,17,0.14166666666666666,1.0,3,0.38461024982262776,0.33292141690845356
192,4,16,17,0.14166666666666666,1.0,5,0.2307014331898885,0.1968108351031839
192,4,16,17,0.14166666666666666,1.0,7,0.1647692729010396,0.1397835451713591
192,4,16,17,0.14166666666666666,1.0,9,0.12814589754035008,0.10840217186656642
192,4,16,17,0.14166666666666666,1.0,11,0.10484224382434938,0.08853529313727439
192,4,16,17,0.14166666666666666,1.0,13,0.08870997366843653,0.07482565044442648
192,4,16,17,0.14166666666666666,1.0,15,0.07688020591622842,0.0647940060110216
192,4,16,17,0.14166666666666666,1.0,17,0.06783424884905494,0.05713494881952287
192,4,16,17,0.14166666666666666,1.0,19,0.06069291666205928,0.051095597008442406
193,4,16,17,0.14166666666666666,0.1,1,0.01727094033661748,0.016767830881237535
193,4,16,17,0.14166666666666666,0.1,3,0.005752953124414518,0.005581326494247429
193,4,16,17,0.14166666666666666,0.1,5,0.0034515493600150247,0.0033482219190166416
193,4,16,17,0.14166666666666666,0.1,7,0.00246534279906388,0.0023914391876360282
193,4,16,17,0.14166666666666666,0.1,9,0.0019174711219101539,0.0018599499647898225
193,4,16,17,0.14166666666666666,0.1,11,0.0015688319075588808,0.0015217486026049697
193,4,16,17,0.14166666666666666,0.1,13,0.0013274688400865796,0.0012876173140926024
193,4,16,17,0.14166666666666666,0.1,15,0.001150470448956259,0.0011159250582363758
193,4,16,17,0.14166666666666666,0.1,17,0.001015119364792462,0.0009846331951253592
193,4,16,17,0.14166666666666666,0.1,19,0.0009082636045239801,0.0008809830423447341
193,4,16,17,0.14166666666666666,0.5,1,0.39053491318001726,0.3818850703486554
193,4,16,17,0.14166666666666666,0.5,3,0.12843038598215947,0.12408598522362416
193,4,16,17,0.14166666666666666,0.5,5,0.07695910056234304,0.07426736432559217
193,4,16,17,0.14166666666666666,0.5,7,0.054948285547492925,0.05300663052830565
193,4,16,17,0.14166666666666666,0.5,9,0.04272945255865624,0.04121247583948215
193,4,16,17,0.14166666666666666,0.5,11,0.03495674212448426,0.033712461313618124
193,4,16,17,0.14166666666666666,0.5,13,0.02957679764547504,0.02852227997121563
193,4,16,17,0.14166666666666666,0.5,15,0.025632051801512262,0.024717151068003547
193,4,16,17,0.14166666666666666,0.5,17,0.02261576959899183,0.021807875770661286
193,4,16,17,0.14166666666666666,0.5,19,0.020234659380079307,0.01951138296253619
193,4,16,17,0.14166666666666666,1.0,1,1.1595066878154736,1.1471907506461727
193,4,16,17,0.14166666666666666,1.0,3,0.3761300092331485,0.35357289293352057
193,4,16,17,0.14166666666666666,1.0,5,0.22445030665162954,0.21024319299881689
193,4,16,17,0.14166666666666666,1.0,7,0.15996156003130416,0.14974107063975692
193,4,16,17,0.14166666666666666,1.0,9,0.12426347284152965,0.11630919115340646
193,4,16,17,0.14166666666666666,1.0,11,0.10159305721727445,0.09509028392368397
193,4,16,17,0.14166666666666666,1.0,13,0.08591888944999355,0.0804226379684324
193,4,16,17,0.14166666666666666,1.0,15,0.07443509745922246,0.06967689594132198
193,4,16,17,0.14166666666666666,1.0,17,0.0656593431214054,0.0614651216904155
193,4,16,17,0.14166666666666666,1.0,19,0.058734730367180125,0.054985332948465346
194,4,16,17,0.14166666666666666,0.1,1,0.012818485897453899,0.013782944493010521
194,4,16,17,0.14166666666666666,0.1,3,0.004264370822912776,0.004587051695027811
194,4,16,17,0.14166666666666666,0.1,5,0.0025579318469601433,0.0027516551958249227
194,4,16,17,0.14166666666666666,0.1,7,0.0018269065203111135,0.0019653140427436607
194,4,16,17,0.14166666666666666,0.1,9,0.0014208510078983555,0.0015285155990751383
194,4,16,17,0.14166666666666666,0.1,11,0.0011624762038850722,0.0012505727805562391
194,4,16,17,0.14166666666666666,0.1,13,0.0009836118638797192,0.0010581594067204888
194,4,16,17,0.14166666666666666,0.1,15,0.000852449984526505,0.0009170605658420502
194,4,16,17,0.14166666666666666,0.1,17,0.0007521526818707844,0.0008091638410193164
194,4,16,17,0.14166666666666666,0.1,19,0.0006729723793264375,0.0007239836478367577
194,4,16,17,0.14166666666666666,0.5,1,0.30108000458795237,0.32477180422686747
194,4,16,17,0.14166666666666666,0.5,3,0.09754950992057405,0.10581953114220466
194,4,16,17,0.14166666666666666,0.5,5,0.05836479591096433,0.06329553628043402
194,4,16,17,0.14166666666666666,0.5,7,0.04165097573737056,0.045162323835990385
194,4,16,17,0.14166666666666666,0.5,9,0.03238118664346918,0.03510785600295766
194,4,16,17,0.14166666666666666,0.5,11,0.02648715171125535,0.02871591546770402
194,4,16,17,0.14166666666666666,0.5,13,0.022408659844702236,0.02429334691267954
194,4,16,17,0.14166666666666666,0.5,15,0.01941871557391027,0.02105139064221017
194,4,16,17,0.14166666666666666,0.5,17,0.01713279400591175,0.018572923558891903
194,4,16,17,0.14166666666666666,0.5,19,0.015328412491182714,0.01661663195319799
194,4,16,17,0.14166666666666666,1.0,1,0.9856758313474382,1.065322653062687
194,4,16,17,0.14166666666666666,1.0,3,0.3120501806721773,0.34871906491729776
194,4,16,17,0.14166666666666666,1.0,5,0.18612808905466055,0.20864961536770765
194,4,16,17,0.14166666666666666,1.0,7,0.13266188876310425,0.14881802080857617
194,4,16,17,0.14166666666666666,1.0,9,0.10306934228584128,0.11564934208258121
194,4,16,17,0.14166666666666666,1.0,11,0.08427493470130651,0.0945707039453341
194,4,16,17,0.14166666666666666,1.0,13,0.071279170676496,0.07999123469559083
194,4,16,17,0.14166666666666666,1.0,15,0.06175668793065807,0.06930666761286831
194,4,16,17,0.14166666666666666,1.0,17,0.05447902063143854,0.06114014115110057
194,4,16,17,0.14166666666666666,1.0,19,0.048735993690292356,0.05469534158220528
195,4,16,17,0.14166666666666666,0.1,1,0.013577890306249821,0.013578016379994411
195,4,16,17,0.14166666666666666,0.1,3,0.004524182258327795,0.004524948069699156
195,4,16,17,0.14166666666666666,0.1,5,0.002714423842606978,0.002714918075126129
195,4,16,17,0.14166666666666666,0.1,7,0.0019388573447328666,0.0019392172057573832
195,4,16,17,0.14166666666666666,0.1,9,0.0015079947706141683,0.00150827685112491
195,4,16,17,0.14166666666666666,0.1,11,0.0012338116723796934,0.0012340433719636391
195,4,16,17,0.14166666666666666,0.1,13,0.0010439934063386075,0.0010441899009677508
195,4,16,17,0.14166666666666666,0.1,15,0.0009047936951540543,0.0009049642303662647
195,4,16,17,0.14166666666666666,0.1,17,0.0007983470299602796,0.0007984976436524549
195,4,16,17,0.14166666666666666,0.1,19,0.000714310282093663,0.0007144451304503925
195,4,16,17,0.14166666666666666,0.5,1,0.3164830842831748,0.31649206249511996
195,4,16,17,0.14166666666666666,0.5,3,0.10451672852858537,0.10495334453760187
195,4,16,17,0.14166666666666666,0.5,5,0.06266185988820774,0.06294494109040676
195,4,16,17,0.14166666666666666,0.5,7,0.044748957394769064,0.044955325530465336
195,4,16,17,0.14166666666666666,0.5,9,0.03480169616136968,0.03496353985636307
195,4,16,17,0.14166666666666666,0.5,11,0.028472851867085383,0.028605822645399
195,4,16,17,0.14166666666666666,0.5,13,0.024091798219882287,0.02420458124554628
195,4,16,17,0.14166666666666666,0.5,15,0.020879224053292122,0.020977115790047247
195,4,16,17,0.14166666666666666,0.5,17,0.01842264753914674,0.01850910896748847
195,4,16,17,0.14166666666666666,0.5,19,0.01648329774827285,0.016560712160648448
195,4,16,17,0.14166666666666666,1.0,1,1.0169930510728977,1.0158473550072935
195,4,16,17,0.14166666666666666,1.0,3,0.3294698896138226,0.3338025963460108
195,4,16,17,0.14166666666666666,1.0,5,0.1967655397669786,0.1998524141729756
195,4,16,17,0.14166666666666666,1.0,7,0.14032333731144553,0.14266344192721495
195,4,16,17,0.14166666666666666,1.0,9,0.10905842906185313,0.11093182702830945
195,4,16,17,0.14166666666666666,1.0,11,0.08919223386809019,0.09075048009943722
195,4,16,17,0.14166666666666666,1.0,13,0.07545080294758726,0.07678304757169721
195,4,16,17,0.14166666666666666,1.0,15,0.06537947427125607,0.06654213755254966
195,4,16,17,0.14166666666666666,1.0,17,0.057680872947051154,0.05871177914613051
195,4,16,17,0.14166666666666666,1.0,19,0.051604731612896505,0.05253041675566195
196,4,16,17,0.14166666666666666,0.1,1,0.014330191369513594,0.014048470759371826
196,4,16,17,0.14166666666666666,0.1,3,0.0047675858586798,0.004678373394522652
196,4,16,17,0.14166666666666666,0.1,5,0.002859655891808043,0.002806676584881257
196,4,16,17,0.14166666666666666,0.1,7,0.0020423519454867765,0.0020046760649407897
196,4,16,17,0.14166666666666666,0.1,9,0.0015883868500948647,0.0015591550439569368
196,4,16,17,0.14166666666666666,0.1,11,0.001299533340810568,0.00127565363016962
196,4,16,17,0.14166666666666666,0.1,13,0.001099572738441197,0.0010793885998035182
196,4,16,17,0.14166666666666666,0.1,15,0.0009529426083251126,0.0009354635089728439
196,4,16,17,0.14166666666666666,0.1,17,0.0008408180067037356,0.0008254045895873686
196,4,16,17,0.14166666666666666,0.1,19,0.0007523012097859571,0.0007385168349985494
196,4,16,17,0.14166666666666666,0.5,1,0.3352318956370476,0.3299010470757851
196,4,16,17,0.14166666666666666,0.5,3,0.10960448560785015,0.10827813653201528
196,4,16,17,0.14166666666666666,0.5,5,0.06560447743671426,0.06487733402616463
196,4,16,17,0.14166666666666666,0.5,7,0.046818881732672665,0.04632137422466605
196,4,16,17,0.14166666666666666,0.5,9,0.036398171340353246,0.03602083024387426
196,4,16,17,0.14166666666666666,0.5,11,0.02977214906975729,0.029468462342093975
196,4,16,17,0.14166666666666666,0.5,13,0.025187194721363736,0.02493320154719041
196,4,16,17,0.14166666666666666,0.5,15,0.02182603734769352,0.02160780610420798
196,4,16,17,0.14166666666666666,0.5,17,0.019256372510829935,0.019065098371969756
196,4,16,17,0.14166666666666666,0.5,19,0.017228067225365316,0.01705783519730912
196,4,16,17,0.14166666666666666,1.0,1,1.0708476880168964,1.0750540567116418
196,4,16,17,0.14166666666666666,1.0,3,0.34496325450241955,0.3407732044253582
196,4,16,17,0.14166666666666666,1.0,5,0.20614280081323935,0.20366394388924616
196,4,16,17,0.14166666666666666,1.0,7,0.14702570646298932,0.14530436731134608
196,4,16,17,0.14166666666666666,1.0,9,0.11426515936809657,0.11295710488596747
196,4,16,17,0.14166666666666666,1.0,11,0.09344563227956734,0.0923945571027672
196,4,16,17,0.14166666666666666,1.0,13,0.07904426973302948,0.07816738278901726
196,4,16,17,0.14166666666666666,1.0,15,0.06848937606657492,0.06773792963897865
196,4,16,17,0.14166666666666666,1.0,17,0.060421386556626246,0.059764398280818906
196,4,16,17,0.14166666666666666,1.0,19,0.05405396349316273,0.053470575546047096
197,4,16,17,0.14166666666666666,0.1,1,0.013604775608983885,0.012835374026964805
197,4,16,17,0.14166666666666666,0.1,3,0.004525463260995239,0.004269023101916359
197,4,16,17,0.14166666666666666,0.1,5,0.0027143476586533903,0.002560754517772428
197,4,16,17,0.14166666666666666,0.1,7,0.0019385501511097773,0.0018289433922167632
197,4,16,17,0.14166666666666666,0.1,9,0.0015076478073173549,0.0014224464288361005
197,4,16,17,0.14166666666666666,0.1,11,0.001233471907784913,0.0011637880605334953
197,4,16,17,0.14166666666666666,0.1,13,0.0010436733163929782,0.0009847259768562483
197,4,16,17,0.14166666666666666,0.1,15,0.0009044956304047977,0.0008534182622830121
197,4,16,17,0.14166666666666666,0.1,17,0.0007980701280357015,0.0007530089357155186
197,4,16,17,0.14166666666666666,0.1,19,0.0007140527242379526,0.0006737398701421408
197,4,16,17,0.14166666666666666,0.5,1,0.31814812012616006,0.2978404015079651
197,4,16,17,0.14166666666666666,0.5,3,0.1038020479357224,0.0951796190067551
197,4,16,17,0.14166666666666666,0.5,5,0.06210244662852032,0.05684138986691831
197,4,16,17,0.14166666666666666,0.5,7,0.044310967979379653,0.04053711575730384
197,4,16,17,0.14166666666666666,0.5,9,0.034444786784203485,0.03150495092617118
197,4,16,17,0.14166666666666666,0.5,11,0.02817248419652426,0.025765466168758737
197,4,16,17,0.14166666666666666,0.5,13,0.023832792885678404,0.0217953663206798
197,4,16,17,0.14166666666666666,0.5,15,0.020651691747349637,0.018885590263987805
197,4,16,17,0.14166666666666666,0.5,17,0.01821982868851773,0.01666134339394466
197,4,16,17,0.14166666666666666,0.5,19,0.016300382354128395,0.014905869688370862
197,4,16,17,0.14166666666666666,1.0,1,1.019245323776114,0.9707654077475579
197,4,16,17,0.14166666666666666,1.0,3,0.3270653897857498,0.3062800811229427
197,4,16,17,0.14166666666666666,1.0,5,0.1947000571361906,0.18259796443710283
197,4,16,17,0.14166666666666666,1.0,7,0.13862855771550334,0.13010743380923256
197,4,16,17,0.14166666666666666,1.0,9,0.10763914962208597,0.10106320016106213
197,4,16,17,0.14166666666666666,1.0,11,0.08797601295592931,0.0826214972836095
197,4,16,17,0.14166666666666666,1.0,13,0.0743883480800173,0.06987218656818041
197,4,16,17,0.14166666666666666,1.0,15,0.06443686486507048,0.06053184619602677
197,4,16,17,0.14166666666666666,1.0,17,0.056834068574274366,0.053394373192280756
197,4,16,17,0.14166666666666666,1.0,19,0.05083617295405902,0.047762634054186306
198,4,16,17,0.14166666666666666,0.1,1,0.01546465070971858,0.015722486172180302
198,4,16,17,0.14166666666666666,0.1,3,0.005148695873605292,0.005221115733330595
198,4,16,17,0.14166666666666666,0.1,5,0.0030887317806933064,0.0031307119724538327
198,4,16,17,0.14166666666666666,0.1,7,0.002206106929999677,0.002235653494986401
198,4,16,17,0.14166666666666666,0.1,9,0.0017158085048659315,0.0017386016279651974
198,4,16,17,0.14166666666666666,0.1,11,0.00140381716105534,0.0014223691300008616
198,4,16,17,0.14166666666666666,0.1,13,0.0011878304054651558,0.0012034717000798069
198,4,16,17,0.14166666666666666,0.1,15,0.0010294437565377963,0.0010429637410907658
198,4,16,17,0.14166666666666666,0.1,17,0.0009083265772157308,0.0009202318777707019
198,4,16,17,0.14166666666666666,0.1,19,0.0008127089644885531,0.0008233440870499297
198,4,16,17,0.14166666666666666,0.5,1,0.35775426633031154,0.36583511323322493
198,4,16,17,0.14166666666666666,0.5,3,0.11705502141480686,0.11700317617772119
198,4,16,17,0.14166666666666666,0.5,5,0.07011099800354963,0.06983455101510898
198,4,16,17,0.14166666666666666,0.5,7,0.05005153216306228,0.04978632935427573
198,4,16,17,0.14166666666666666,0.5,9,0.03891889282872209,0.038684881932570594
198,4,16,17,0.14166666666666666,0.5,11,0.031838064363078324,0.03163262788442575
198,4,16,17,0.14166666666666666,0.5,13,0.02693739049628498,0.026755557266671615
198,4,16,17,0.14166666666666666,0.5,15,0.023344243621676822,0.02318165175881924
198,4,16,17,0.14166666666666666,0.5,17,0.02059690400577033,0.020450106725646195
198,4,16,17,0.14166666666666666,0.5,19,0.018428159831987877,0.01829448295507738
198,4,16,17,0.14166666666666666,1.0,1,1.1184652331145988,1.1370241174627533
198,4,16,17,0.14166666666666666,1.0,3,0.3551892520781182,0.33215072799795015
198,4,16,17,0.14166666666666666,1.0,5,0.21224497017061691,0.19612818364511062
198,4,16,17,0.14166666666666666,1.0,7,0.1514194415238072,0.1393059606623555
198,4,16,17,0.14166666666666666,1.0,9,0.1177072537071549,0.10804518279701168
198,4,16,17,0.14166666666666666,1.0,11,0.09627778558266567,0.08825305854334828
198,4,16,17,0.14166666666666666,1.0,13,0.0814512009946537,0.0745933262353988
198,4,16,17,0.14166666666666666,1.0,15,0.07058259276762706,0.06459705725000688
198,4,16,17,0.14166666666666666,1.0,17,0.062273481830870996,0.05696425879480188
198,4,16,17,0.14166666666666666,1.0,19,0.05571488326292956,0.0509451143262688
199,4,16,17,0.14166666666666666,0.1,1,0.01361175126354171,0.013716952067659608
199,4,16,17,0.14166666666666666,0.1,3,0.0045334500836127015,0.004567527044788412
199,4,16,17,0.14166666666666666,0.1,5,0.002719870688544807,0.002740175498527953
199,4,16,17,0.14166666666666666,0.1,7,0.0019427223379501998,0.0019571808864442207
199,4,16,17,0.14166666666666666,0.1,9,0.0015109916696525918,0.0015222174887798217
199,4,16,17,0.14166666666666666,0.1,11,0.001236259452495376,0.0012454338489799649
199,4,16,17,0.14166666666666666,0.1,13,0.0010460623459291954,0.0010538191875496521
199,4,16,17,0.14166666666666666,0.1,15,0.0009065854386071993,0.000913304134958032
199,4,16,17,0.14166666666666666,0.1,17,0.0007999271270321389,0.0008058527486884123
199,4,16,17,0.14166666666666666,0.1,19,0.0007157234776808262,0.0007210234803205352
199,4,16,17,0.14166666666666666,0.5,1,0.31704701236149,0.31983021410533174
199,4,16,17,0.14166666666666666,0.5,3,0.10379718021354303,0.10474505113043198
199,4,16,17,0.14166666666666666,0.5,5,0.06219460412124145,0.06275482685120215
199,4,16,17,0.14166666666666666,0.5,7,0.04440814446085868,0.04480474644928356
199,4,16,17,0.14166666666666666,0.5,9,0.03453430086969034,0.034841028454470256
199,4,16,17,0.14166666666666666,0.5,11,0.028253085350832256,0.028503074508023182
199,4,16,17,0.14166666666666666,0.5,13,0.023905346417946966,0.024116282789277486
199,4,16,17,0.14166666666666666,0.5,15,0.020717355045820774,0.020899778450529986
199,4,16,17,0.14166666666666666,0.5,17,0.01827965356794604,0.01844034779636031
199,4,16,17,0.14166666666666666,0.5,19,0.016355247130409485,0.01649883400455519
199,4,16,17,0.14166666666666666,1.0,1,1.0157246453164581,1.0241059614150543
199,4,16,17,0.14166666666666666,1.0,3,0.3245624984947846,0.3271177848252814
199,4,16,17,0.14166666666666666,1.0,5,0.19433866221700097,0.19597429155150742
199,4,16,17,0.14166666666666666,1.0,7,0.13873992513258082,0.13992027734858065
199,4,16,17,0.14166666666666666,1.0,9,0.10788581925971119,0.10880556337756232
199,4,16,17,0.14166666666666666,1.0,11,0.08826076027588294,0.08901316919535028
199,4,16,17,0.14166666666666666,1.0,13,0.0746775926137827,0.07531382132277625
199,4,16,17,0.14166666666666666,1.0,15,0.06471808535541254,0.06526905736258244
199,4,16,17,0.14166666666666666,1.0,17,0.05710271994834124,0.05758850801668022
199,4,16,17,0.14166666666666666,1.0,19,0.05109098129370174,0.05152533624126596
