[2025-01-04 10:35:47] Starting analysis with:
[2025-01-04 10:35:47] Number of qubits: 3
[2025-01-04 10:35:47] Number of vertices: 8
[2025-01-04 10:35:47] Delta t: 0.1
[2025-01-04 10:35:47] Input file: ../data/graphs/100graph_50-50_8c.g6
[2025-01-04 10:36:21] Starting analysis with:
[2025-01-04 10:36:21] Number of qubits: 3
[2025-01-04 10:36:21] Number of vertices: 8
[2025-01-04 10:36:21] Delta t: 0.1
[2025-01-04 10:36:21] Input file: ../data/graphs/100graph_50-50_8c.g6
[2025-01-04 10:36:21] Parsed graph info: {'num_graphs': 100, 'size': '50-50', 'vertices': '8', 'type': 'c'}
[2025-01-04 10:36:21] Found 100 graphs in file
[2025-01-04 10:36:21] 
Processing graph 0/100
[2025-01-04 10:36:21] Graph 0 has 8 nodes and 15 edges
[2025-01-04 10:36:21] Converted to 15 bitstring edges
[2025-01-04 10:36:21] Computing Matchings Dynamic walk
[2025-01-04 10:36:22] Matchings - CX: 22, U3: 25, Depth: 36
[2025-01-04 10:36:22] Computing Exact walk
[2025-01-04 10:36:22] Exact - CX: 20, U3: 37, Depth: 41
[2025-01-04 10:36:22] Successfully processed graph 0 - Category: lose
[2025-01-04 10:36:22] 
Processing graph 1/100
[2025-01-04 10:36:22] Graph 1 has 8 nodes and 7 edges
[2025-01-04 10:36:22] Converted to 7 bitstring edges
[2025-01-04 10:36:22] Computing Matchings Dynamic walk
[2025-01-04 10:36:22] Matchings - CX: 6, U3: 6, Depth: 10
[2025-01-04 10:36:22] Computing Exact walk
[2025-01-04 10:36:22] Exact - CX: 20, U3: 36, Depth: 40
[2025-01-04 10:36:22] Successfully processed graph 1 - Category: win
[2025-01-04 10:36:22] 
Processing graph 2/100
[2025-01-04 10:36:22] Graph 2 has 8 nodes and 25 edges
[2025-01-04 10:36:22] Converted to 25 bitstring edges
[2025-01-04 10:36:22] Computing Matchings Dynamic walk
[2025-01-04 10:36:22] Matchings - CX: 55, U3: 57, Depth: 84
[2025-01-04 10:36:23] Computing Exact walk
[2025-01-04 10:36:23] Exact - CX: 20, U3: 37, Depth: 41
[2025-01-04 10:36:23] Successfully processed graph 2 - Category: lose
[2025-01-04 10:36:23] 
Processing graph 3/100
[2025-01-04 10:36:23] Graph 3 has 8 nodes and 26 edges
[2025-01-04 10:36:23] Converted to 26 bitstring edges
[2025-01-04 10:36:23] Computing Matchings Dynamic walk
[2025-01-04 10:36:23] Matchings - CX: 43, U3: 46, Depth: 70
[2025-01-04 10:36:23] Computing Exact walk
[2025-01-04 10:36:23] Exact - CX: 20, U3: 37, Depth: 41
[2025-01-04 10:36:23] Successfully processed graph 3 - Category: lose
[2025-01-04 10:36:23] 
Processing graph 4/100
[2025-01-04 10:36:23] Graph 4 has 8 nodes and 11 edges
[2025-01-04 10:36:23] Converted to 11 bitstring edges
[2025-01-04 10:36:23] Computing Matchings Dynamic walk
[2025-01-04 10:36:23] Matchings - CX: 16, U3: 16, Depth: 27
[2025-01-04 10:36:23] Computing Exact walk
[2025-01-04 10:36:24] Exact - CX: 20, U3: 37, Depth: 41
[2025-01-04 10:36:24] Successfully processed graph 4 - Category: win
[2025-01-04 10:36:24] 
Processing graph 5/100
[2025-01-04 10:36:24] Graph 5 has 8 nodes and 7 edges
[2025-01-04 10:36:24] Converted to 7 bitstring edges
[2025-01-04 10:36:24] Computing Matchings Dynamic walk
[2025-01-04 10:36:24] Matchings - CX: 8, U3: 9, Depth: 13
[2025-01-04 10:36:24] Computing Exact walk
[2025-01-04 10:36:24] Exact - CX: 19, U3: 31, Depth: 36
[2025-01-04 10:36:24] Successfully processed graph 5 - Category: win
[2025-01-04 10:36:24] 
Processing graph 6/100
[2025-01-04 10:36:24] Graph 6 has 8 nodes and 10 edges
[2025-01-04 10:36:24] Converted to 10 bitstring edges
[2025-01-04 10:36:24] Computing Matchings Dynamic walk
[2025-01-04 10:36:24] Matchings - CX: 14, U3: 19, Depth: 23
[2025-01-04 10:36:24] Computing Exact walk
[2025-01-04 10:36:24] Exact - CX: 20, U3: 36, Depth: 41
[2025-01-04 10:36:24] Successfully processed graph 6 - Category: win
[2025-01-04 10:36:24] 
Processing graph 7/100
[2025-01-04 10:36:24] Graph 7 has 8 nodes and 13 edges
[2025-01-04 10:36:24] Converted to 13 bitstring edges
[2025-01-04 10:36:24] Computing Matchings Dynamic walk
[2025-01-04 10:36:24] Matchings - CX: 18, U3: 27, Depth: 32
[2025-01-04 10:36:24] Computing Exact walk
[2025-01-04 10:36:25] Exact - CX: 20, U3: 37, Depth: 41
[2025-01-04 10:36:25] Successfully processed graph 7 - Category: win
[2025-01-04 10:36:25] 
Processing graph 8/100
[2025-01-04 10:36:25] Graph 8 has 8 nodes and 7 edges
[2025-01-04 10:36:25] Converted to 7 bitstring edges
[2025-01-04 10:36:25] Computing Matchings Dynamic walk
[2025-01-04 10:36:25] Matchings - CX: 11, U3: 17, Depth: 19
[2025-01-04 10:36:25] Computing Exact walk
[2025-01-04 10:36:25] Exact - CX: 19, U3: 33, Depth: 38
[2025-01-04 10:36:25] Successfully processed graph 8 - Category: win
[2025-01-04 10:36:25] 
Processing graph 9/100
[2025-01-04 10:36:25] Graph 9 has 8 nodes and 14 edges
[2025-01-04 10:36:25] Converted to 14 bitstring edges
[2025-01-04 10:36:25] Computing Matchings Dynamic walk
[2025-01-04 10:36:25] Matchings - CX: 28, U3: 29, Depth: 44
[2025-01-04 10:36:25] Computing Exact walk
[2025-01-04 10:36:25] Exact - CX: 20, U3: 37, Depth: 41
[2025-01-04 10:36:25] Successfully processed graph 9 - Category: lose
[2025-01-04 10:36:25] 
Processing graph 10/100
[2025-01-04 10:36:25] Graph 10 has 8 nodes and 16 edges
[2025-01-04 10:36:25] Converted to 16 bitstring edges
[2025-01-04 10:36:25] Computing Matchings Dynamic walk
[2025-01-04 10:36:26] Matchings - CX: 31, U3: 34, Depth: 50
[2025-01-04 10:36:26] Computing Exact walk
[2025-01-04 10:36:26] Exact - CX: 20, U3: 37, Depth: 41
[2025-01-04 10:36:26] Successfully processed graph 10 - Category: lose
[2025-01-04 10:36:26] 
Processing graph 11/100
[2025-01-04 10:36:26] Graph 11 has 8 nodes and 12 edges
[2025-01-04 10:36:26] Converted to 12 bitstring edges
[2025-01-04 10:36:26] Computing Matchings Dynamic walk
[2025-01-04 10:36:26] Matchings - CX: 12, U3: 19, Depth: 21
[2025-01-04 10:36:26] Computing Exact walk
[2025-01-04 10:36:26] Exact - CX: 17, U3: 31, Depth: 33
[2025-01-04 10:36:26] Successfully processed graph 11 - Category: win
[2025-01-04 10:36:26] 
Processing graph 12/100
[2025-01-04 10:36:26] Graph 12 has 8 nodes and 24 edges
[2025-01-04 10:36:26] Converted to 24 bitstring edges
[2025-01-04 10:36:26] Computing Matchings Dynamic walk
[2025-01-04 10:36:26] Matchings - CX: 49, U3: 57, Depth: 81
[2025-01-04 10:36:26] Computing Exact walk
[2025-01-04 10:36:27] Exact - CX: 20, U3: 37, Depth: 41
[2025-01-04 10:36:27] Successfully processed graph 12 - Category: lose
[2025-01-04 10:36:27] 
Processing graph 13/100
[2025-01-04 10:36:27] Graph 13 has 8 nodes and 10 edges
[2025-01-04 10:36:27] Converted to 10 bitstring edges
[2025-01-04 10:36:27] Computing Matchings Dynamic walk
[2025-01-04 10:36:27] Matchings - CX: 6, U3: 9, Depth: 10
[2025-01-04 10:36:27] Computing Exact walk
[2025-01-04 10:36:27] Exact - CX: 20, U3: 37, Depth: 41
[2025-01-04 10:36:27] Successfully processed graph 13 - Category: win
[2025-01-04 10:36:27] 
Processing graph 14/100
[2025-01-04 10:36:27] Graph 14 has 8 nodes and 14 edges
[2025-01-04 10:36:27] Converted to 14 bitstring edges
[2025-01-04 10:36:27] Computing Matchings Dynamic walk
[2025-01-04 10:36:27] Matchings - CX: 18, U3: 20, Depth: 29
[2025-01-04 10:36:27] Computing Exact walk
[2025-01-04 10:36:27] Exact - CX: 20, U3: 37, Depth: 41
[2025-01-04 10:36:27] Successfully processed graph 14 - Category: win
[2025-01-04 10:36:27] 
Processing graph 15/100
[2025-01-04 10:36:27] Graph 15 has 8 nodes and 7 edges
[2025-01-04 10:36:27] Converted to 7 bitstring edges
[2025-01-04 10:36:27] Computing Matchings Dynamic walk
[2025-01-04 10:36:27] Matchings - CX: 18, U3: 19, Depth: 28
[2025-01-04 10:36:27] Computing Exact walk
[2025-01-04 10:36:28] Exact - CX: 20, U3: 37, Depth: 41
[2025-01-04 10:36:28] Successfully processed graph 15 - Category: win
[2025-01-04 10:36:28] 
Processing graph 16/100
[2025-01-04 10:36:28] Graph 16 has 8 nodes and 21 edges
[2025-01-04 10:36:28] Converted to 21 bitstring edges
[2025-01-04 10:36:28] Computing Matchings Dynamic walk
[2025-01-04 10:36:28] Matchings - CX: 41, U3: 46, Depth: 67
[2025-01-04 10:36:28] Computing Exact walk
[2025-01-04 10:36:28] Exact - CX: 20, U3: 37, Depth: 41
[2025-01-04 10:36:28] Successfully processed graph 16 - Category: lose
[2025-01-04 10:36:28] 
Processing graph 17/100
[2025-01-04 10:36:28] Graph 17 has 8 nodes and 10 edges
[2025-01-04 10:36:28] Converted to 10 bitstring edges
[2025-01-04 10:36:28] Computing Matchings Dynamic walk
[2025-01-04 10:36:28] Matchings - CX: 30, U3: 32, Depth: 47
[2025-01-04 10:36:28] Computing Exact walk
[2025-01-04 10:36:28] Exact - CX: 20, U3: 36, Depth: 41
[2025-01-04 10:36:28] Successfully processed graph 17 - Category: lose
[2025-01-04 10:36:28] 
Processing graph 18/100
[2025-01-04 10:36:28] Graph 18 has 8 nodes and 11 edges
[2025-01-04 10:36:28] Converted to 11 bitstring edges
[2025-01-04 10:36:28] Computing Matchings Dynamic walk
[2025-01-04 10:36:29] Matchings - CX: 29, U3: 28, Depth: 45
[2025-01-04 10:36:29] Computing Exact walk
[2025-01-04 10:36:29] Exact - CX: 20, U3: 37, Depth: 41
[2025-01-04 10:36:29] Successfully processed graph 18 - Category: lose
[2025-01-04 10:36:29] 
Processing graph 19/100
[2025-01-04 10:36:29] Graph 19 has 8 nodes and 18 edges
[2025-01-04 10:36:29] Converted to 18 bitstring edges
[2025-01-04 10:36:29] Computing Matchings Dynamic walk
[2025-01-04 10:36:29] Matchings - CX: 44, U3: 53, Depth: 73
[2025-01-04 10:36:29] Computing Exact walk
[2025-01-04 10:36:29] Exact - CX: 20, U3: 37, Depth: 41
[2025-01-04 10:36:29] Successfully processed graph 19 - Category: lose
[2025-01-04 10:36:29] 
Processing graph 20/100
[2025-01-04 10:36:29] Graph 20 has 8 nodes and 23 edges
[2025-01-04 10:36:29] Converted to 23 bitstring edges
[2025-01-04 10:36:29] Computing Matchings Dynamic walk
[2025-01-04 10:36:30] Matchings - CX: 41, U3: 39, Depth: 63
[2025-01-04 10:36:30] Computing Exact walk
[2025-01-04 10:36:30] Exact - CX: 20, U3: 37, Depth: 41
[2025-01-04 10:36:30] Successfully processed graph 20 - Category: lose
[2025-01-04 10:36:30] 
Processing graph 21/100
[2025-01-04 10:36:30] Graph 21 has 8 nodes and 27 edges
[2025-01-04 10:36:30] Converted to 27 bitstring edges
[2025-01-04 10:36:30] Computing Matchings Dynamic walk
[2025-01-04 10:36:30] Matchings - CX: 61, U3: 65, Depth: 97
[2025-01-04 10:36:30] Computing Exact walk
[2025-01-04 10:36:30] Exact - CX: 20, U3: 37, Depth: 41
[2025-01-04 10:36:30] Successfully processed graph 21 - Category: lose
[2025-01-04 10:36:30] 
Processing graph 22/100
[2025-01-04 10:36:30] Graph 22 has 8 nodes and 9 edges
[2025-01-04 10:36:30] Converted to 9 bitstring edges
[2025-01-04 10:36:30] Computing Matchings Dynamic walk
[2025-01-04 10:36:30] Matchings - CX: 19, U3: 22, Depth: 32
[2025-01-04 10:36:30] Computing Exact walk
[2025-01-04 10:36:31] Exact - CX: 19, U3: 34, Depth: 38
[2025-01-04 10:36:31] Successfully processed graph 22 - Category: draw
[2025-01-04 10:36:31] 
Processing graph 23/100
[2025-01-04 10:36:31] Graph 23 has 8 nodes and 17 edges
[2025-01-04 10:36:31] Converted to 17 bitstring edges
[2025-01-04 10:36:31] Computing Matchings Dynamic walk
[2025-01-04 10:36:31] Matchings - CX: 25, U3: 33, Depth: 44
[2025-01-04 10:36:31] Computing Exact walk
[2025-01-04 10:36:31] Exact - CX: 20, U3: 37, Depth: 41
[2025-01-04 10:36:31] Successfully processed graph 23 - Category: lose
[2025-01-04 10:36:31] 
Processing graph 24/100
[2025-01-04 10:36:31] Graph 24 has 8 nodes and 8 edges
[2025-01-04 10:36:31] Converted to 8 bitstring edges
[2025-01-04 10:36:31] Computing Matchings Dynamic walk
[2025-01-04 10:36:31] Matchings - CX: 12, U3: 14, Depth: 20
[2025-01-04 10:36:31] Computing Exact walk
[2025-01-04 10:36:31] Exact - CX: 20, U3: 37, Depth: 41
[2025-01-04 10:36:31] Successfully processed graph 24 - Category: win
[2025-01-04 10:36:31] 
Processing graph 25/100
[2025-01-04 10:36:31] Graph 25 has 8 nodes and 8 edges
[2025-01-04 10:36:31] Converted to 8 bitstring edges
[2025-01-04 10:36:31] Computing Matchings Dynamic walk
[2025-01-04 10:36:32] Matchings - CX: 19, U3: 22, Depth: 31
[2025-01-04 10:36:32] Computing Exact walk
[2025-01-04 10:36:32] Exact - CX: 20, U3: 37, Depth: 41
[2025-01-04 10:36:32] Successfully processed graph 25 - Category: win
[2025-01-04 10:36:32] 
Processing graph 26/100
[2025-01-04 10:36:32] Graph 26 has 8 nodes and 10 edges
[2025-01-04 10:36:32] Converted to 10 bitstring edges
[2025-01-04 10:36:32] Computing Matchings Dynamic walk
[2025-01-04 10:36:32] Matchings - CX: 6, U3: 8, Depth: 10
[2025-01-04 10:36:32] Computing Exact walk
[2025-01-04 10:36:32] Exact - CX: 20, U3: 37, Depth: 41
[2025-01-04 10:36:32] Successfully processed graph 26 - Category: win
[2025-01-04 10:36:32] 
Processing graph 27/100
[2025-01-04 10:36:32] Graph 27 has 8 nodes and 8 edges
[2025-01-04 10:36:32] Converted to 8 bitstring edges
[2025-01-04 10:36:32] Computing Matchings Dynamic walk
[2025-01-04 10:36:32] Matchings - CX: 17, U3: 20, Depth: 29
[2025-01-04 10:36:32] Computing Exact walk
[2025-01-04 10:36:32] Exact - CX: 20, U3: 37, Depth: 41
[2025-01-04 10:36:32] Successfully processed graph 27 - Category: win
[2025-01-04 10:36:32] 
Processing graph 28/100
[2025-01-04 10:36:32] Graph 28 has 8 nodes and 9 edges
[2025-01-04 10:36:32] Converted to 9 bitstring edges
[2025-01-04 10:36:32] Computing Matchings Dynamic walk
[2025-01-04 10:36:32] Matchings - CX: 22, U3: 29, Depth: 37
[2025-01-04 10:36:32] Computing Exact walk
[2025-01-04 10:36:33] Exact - CX: 20, U3: 37, Depth: 41
[2025-01-04 10:36:33] Successfully processed graph 28 - Category: lose
[2025-01-04 10:36:33] 
Processing graph 29/100
[2025-01-04 10:36:33] Graph 29 has 8 nodes and 8 edges
[2025-01-04 10:36:33] Converted to 8 bitstring edges
[2025-01-04 10:36:33] Computing Matchings Dynamic walk
[2025-01-04 10:36:33] Matchings - CX: 9, U3: 13, Depth: 17
[2025-01-04 10:36:33] Computing Exact walk
[2025-01-04 10:36:33] Exact - CX: 20, U3: 37, Depth: 41
[2025-01-04 10:36:33] Successfully processed graph 29 - Category: win
[2025-01-04 10:36:33] 
Processing graph 30/100
[2025-01-04 10:36:33] Graph 30 has 8 nodes and 15 edges
[2025-01-04 10:36:33] Converted to 15 bitstring edges
[2025-01-04 10:36:33] Computing Matchings Dynamic walk
[2025-01-04 10:36:33] Matchings - CX: 22, U3: 25, Depth: 36
[2025-01-04 10:36:33] Computing Exact walk
[2025-01-04 10:36:33] Exact - CX: 20, U3: 37, Depth: 41
[2025-01-04 10:36:33] Successfully processed graph 30 - Category: lose
[2025-01-04 10:36:33] 
Processing graph 31/100
[2025-01-04 10:36:33] Graph 31 has 8 nodes and 27 edges
[2025-01-04 10:36:33] Converted to 27 bitstring edges
[2025-01-04 10:36:33] Computing Matchings Dynamic walk
[2025-01-04 10:36:34] Matchings - CX: 41, U3: 50, Depth: 69
[2025-01-04 10:36:34] Computing Exact walk
[2025-01-04 10:36:34] Exact - CX: 20, U3: 37, Depth: 41
[2025-01-04 10:36:34] Successfully processed graph 31 - Category: lose
[2025-01-04 10:36:34] 
Processing graph 32/100
[2025-01-04 10:36:34] Graph 32 has 8 nodes and 12 edges
[2025-01-04 10:36:34] Converted to 12 bitstring edges
[2025-01-04 10:36:34] Computing Matchings Dynamic walk
[2025-01-04 10:36:34] Matchings - CX: 12, U3: 14, Depth: 20
[2025-01-04 10:36:34] Computing Exact walk
[2025-01-04 10:36:34] Exact - CX: 20, U3: 37, Depth: 41
[2025-01-04 10:36:34] Successfully processed graph 32 - Category: win
[2025-01-04 10:36:34] 
Processing graph 33/100
[2025-01-04 10:36:34] Graph 33 has 8 nodes and 11 edges
[2025-01-04 10:36:34] Converted to 11 bitstring edges
[2025-01-04 10:36:34] Computing Matchings Dynamic walk
[2025-01-04 10:36:34] Matchings - CX: 17, U3: 23, Depth: 29
[2025-01-04 10:36:34] Computing Exact walk
[2025-01-04 10:36:34] Exact - CX: 20, U3: 36, Depth: 40
[2025-01-04 10:36:34] Successfully processed graph 33 - Category: win
[2025-01-04 10:36:34] 
Processing graph 34/100
[2025-01-04 10:36:34] Graph 34 has 8 nodes and 7 edges
[2025-01-04 10:36:34] Converted to 7 bitstring edges
[2025-01-04 10:36:34] Computing Matchings Dynamic walk
[2025-01-04 10:36:35] Matchings - CX: 6, U3: 8, Depth: 10
[2025-01-04 10:36:35] Computing Exact walk
[2025-01-04 10:36:35] Exact - CX: 20, U3: 36, Depth: 41
[2025-01-04 10:36:35] Successfully processed graph 34 - Category: win
[2025-01-04 10:36:35] 
Processing graph 35/100
[2025-01-04 10:36:35] Graph 35 has 8 nodes and 18 edges
[2025-01-04 10:36:35] Converted to 18 bitstring edges
[2025-01-04 10:36:35] Computing Matchings Dynamic walk
[2025-01-04 10:36:35] Matchings - CX: 26, U3: 30, Depth: 41
[2025-01-04 10:36:35] Computing Exact walk
[2025-01-04 10:36:35] Exact - CX: 20, U3: 37, Depth: 41
[2025-01-04 10:36:35] Successfully processed graph 35 - Category: lose
[2025-01-04 10:36:35] 
Processing graph 36/100
[2025-01-04 10:36:35] Graph 36 has 8 nodes and 19 edges
[2025-01-04 10:36:35] Converted to 19 bitstring edges
[2025-01-04 10:36:35] Computing Matchings Dynamic walk
[2025-01-04 10:36:35] Matchings - CX: 34, U3: 40, Depth: 58
[2025-01-04 10:36:35] Computing Exact walk
[2025-01-04 10:36:35] Exact - CX: 20, U3: 37, Depth: 41
[2025-01-04 10:36:35] Successfully processed graph 36 - Category: lose
[2025-01-04 10:36:35] 
Processing graph 37/100
[2025-01-04 10:36:35] Graph 37 has 8 nodes and 25 edges
[2025-01-04 10:36:35] Converted to 25 bitstring edges
[2025-01-04 10:36:35] Computing Matchings Dynamic walk
[2025-01-04 10:36:36] Matchings - CX: 41, U3: 41, Depth: 65
[2025-01-04 10:36:36] Computing Exact walk
[2025-01-04 10:36:36] Exact - CX: 20, U3: 37, Depth: 41
[2025-01-04 10:36:36] Successfully processed graph 37 - Category: lose
[2025-01-04 10:36:36] 
Processing graph 38/100
[2025-01-04 10:36:36] Graph 38 has 8 nodes and 14 edges
[2025-01-04 10:36:36] Converted to 14 bitstring edges
[2025-01-04 10:36:36] Computing Matchings Dynamic walk
[2025-01-04 10:36:36] Matchings - CX: 12, U3: 17, Depth: 21
[2025-01-04 10:36:36] Computing Exact walk
[2025-01-04 10:36:36] Exact - CX: 20, U3: 37, Depth: 41
[2025-01-04 10:36:36] Successfully processed graph 38 - Category: win
[2025-01-04 10:36:36] 
Processing graph 39/100
[2025-01-04 10:36:36] Graph 39 has 8 nodes and 21 edges
[2025-01-04 10:36:36] Converted to 21 bitstring edges
[2025-01-04 10:36:36] Computing Matchings Dynamic walk
[2025-01-04 10:36:36] Matchings - CX: 44, U3: 42, Depth: 68
[2025-01-04 10:36:36] Computing Exact walk
[2025-01-04 10:36:37] Exact - CX: 20, U3: 37, Depth: 41
[2025-01-04 10:36:37] Successfully processed graph 39 - Category: lose
[2025-01-04 10:36:37] 
Processing graph 40/100
[2025-01-04 10:36:37] Graph 40 has 8 nodes and 14 edges
[2025-01-04 10:36:37] Converted to 14 bitstring edges
[2025-01-04 10:36:37] Computing Matchings Dynamic walk
[2025-01-04 10:36:37] Matchings - CX: 24, U3: 25, Depth: 38
[2025-01-04 10:36:37] Computing Exact walk
[2025-01-04 10:36:37] Exact - CX: 20, U3: 37, Depth: 41
[2025-01-04 10:36:37] Successfully processed graph 40 - Category: lose
[2025-01-04 10:36:37] 
Processing graph 41/100
[2025-01-04 10:36:37] Graph 41 has 8 nodes and 12 edges
[2025-01-04 10:36:37] Converted to 12 bitstring edges
[2025-01-04 10:36:37] Computing Matchings Dynamic walk
[2025-01-04 10:36:37] Matchings - CX: 22, U3: 26, Depth: 36
[2025-01-04 10:36:37] Computing Exact walk
[2025-01-04 10:36:37] Exact - CX: 20, U3: 37, Depth: 41
[2025-01-04 10:36:37] Successfully processed graph 41 - Category: lose
[2025-01-04 10:36:37] 
Processing graph 42/100
[2025-01-04 10:36:37] Graph 42 has 8 nodes and 14 edges
[2025-01-04 10:36:37] Converted to 14 bitstring edges
[2025-01-04 10:36:37] Computing Matchings Dynamic walk
[2025-01-04 10:36:38] Matchings - CX: 23, U3: 26, Depth: 37
[2025-01-04 10:36:38] Computing Exact walk
[2025-01-04 10:36:38] Exact - CX: 20, U3: 37, Depth: 41
[2025-01-04 10:36:38] Successfully processed graph 42 - Category: lose
[2025-01-04 10:36:38] 
Processing graph 43/100
[2025-01-04 10:36:38] Graph 43 has 8 nodes and 14 edges
[2025-01-04 10:36:38] Converted to 14 bitstring edges
[2025-01-04 10:36:38] Computing Matchings Dynamic walk
[2025-01-04 10:36:38] Matchings - CX: 12, U3: 14, Depth: 20
[2025-01-04 10:36:38] Computing Exact walk
[2025-01-04 10:36:38] Exact - CX: 20, U3: 37, Depth: 41
[2025-01-04 10:36:38] Successfully processed graph 43 - Category: win
[2025-01-04 10:36:38] 
Processing graph 44/100
[2025-01-04 10:36:38] Graph 44 has 8 nodes and 19 edges
[2025-01-04 10:36:38] Converted to 19 bitstring edges
[2025-01-04 10:36:38] Computing Matchings Dynamic walk
[2025-01-04 10:36:38] Matchings - CX: 55, U3: 56, Depth: 82
[2025-01-04 10:36:38] Computing Exact walk
[2025-01-04 10:36:39] Exact - CX: 20, U3: 37, Depth: 41
[2025-01-04 10:36:39] Successfully processed graph 44 - Category: lose
[2025-01-04 10:36:39] 
Processing graph 45/100
[2025-01-04 10:36:39] Graph 45 has 8 nodes and 12 edges
[2025-01-04 10:36:39] Converted to 12 bitstring edges
[2025-01-04 10:36:39] Computing Matchings Dynamic walk
[2025-01-04 10:36:39] Matchings - CX: 22, U3: 22, Depth: 34
[2025-01-04 10:36:39] Computing Exact walk
[2025-01-04 10:36:39] Exact - CX: 20, U3: 37, Depth: 41
[2025-01-04 10:36:39] Successfully processed graph 45 - Category: lose
[2025-01-04 10:36:39] 
Processing graph 46/100
[2025-01-04 10:36:39] Graph 46 has 8 nodes and 14 edges
[2025-01-04 10:36:39] Converted to 14 bitstring edges
[2025-01-04 10:36:39] Computing Matchings Dynamic walk
[2025-01-04 10:36:39] Matchings - CX: 13, U3: 17, Depth: 22
[2025-01-04 10:36:39] Computing Exact walk
[2025-01-04 10:36:39] Exact - CX: 20, U3: 37, Depth: 41
[2025-01-04 10:36:39] Successfully processed graph 46 - Category: win
[2025-01-04 10:36:39] 
Processing graph 47/100
[2025-01-04 10:36:39] Graph 47 has 8 nodes and 15 edges
[2025-01-04 10:36:39] Converted to 15 bitstring edges
[2025-01-04 10:36:39] Computing Matchings Dynamic walk
[2025-01-04 10:36:40] Matchings - CX: 22, U3: 23, Depth: 34
[2025-01-04 10:36:40] Computing Exact walk
[2025-01-04 10:36:40] Exact - CX: 20, U3: 37, Depth: 41
[2025-01-04 10:36:40] Successfully processed graph 47 - Category: lose
[2025-01-04 10:36:40] 
Processing graph 48/100
[2025-01-04 10:36:40] Graph 48 has 8 nodes and 12 edges
[2025-01-04 10:36:40] Converted to 12 bitstring edges
[2025-01-04 10:36:40] Computing Matchings Dynamic walk
[2025-01-04 10:36:40] Matchings - CX: 44, U3: 46, Depth: 69
[2025-01-04 10:36:40] Computing Exact walk
[2025-01-04 10:36:40] Exact - CX: 20, U3: 37, Depth: 41
[2025-01-04 10:36:40] Successfully processed graph 48 - Category: lose
[2025-01-04 10:36:40] 
Processing graph 49/100
[2025-01-04 10:36:40] Graph 49 has 8 nodes and 8 edges
[2025-01-04 10:36:40] Converted to 8 bitstring edges
[2025-01-04 10:36:40] Computing Matchings Dynamic walk
[2025-01-04 10:36:40] Matchings - CX: 9, U3: 13, Depth: 17
[2025-01-04 10:36:40] Computing Exact walk
[2025-01-04 10:36:41] Exact - CX: 20, U3: 37, Depth: 41
[2025-01-04 10:36:41] Successfully processed graph 49 - Category: win
[2025-01-04 10:36:41] 
Processing graph 50/100
[2025-01-04 10:36:41] Graph 50 has 8 nodes and 14 edges
[2025-01-04 10:36:41] Converted to 14 bitstring edges
[2025-01-04 10:36:41] Computing Matchings Dynamic walk
[2025-01-04 10:36:41] Matchings - CX: 17, U3: 21, Depth: 28
[2025-01-04 10:36:41] Computing Exact walk
[2025-01-04 10:36:41] Exact - CX: 20, U3: 37, Depth: 41
[2025-01-04 10:36:41] Successfully processed graph 50 - Category: win
[2025-01-04 10:36:41] 
Processing graph 51/100
[2025-01-04 10:36:41] Graph 51 has 8 nodes and 15 edges
[2025-01-04 10:36:41] Converted to 15 bitstring edges
[2025-01-04 10:36:41] Computing Matchings Dynamic walk
[2025-01-04 10:36:41] Matchings - CX: 6, U3: 9, Depth: 10
[2025-01-04 10:36:41] Computing Exact walk
[2025-01-04 10:36:41] Exact - CX: 20, U3: 37, Depth: 41
[2025-01-04 10:36:41] Successfully processed graph 51 - Category: win
[2025-01-04 10:36:41] 
Processing graph 52/100
[2025-01-04 10:36:41] Graph 52 has 8 nodes and 7 edges
[2025-01-04 10:36:41] Converted to 7 bitstring edges
[2025-01-04 10:36:41] Computing Matchings Dynamic walk
[2025-01-04 10:36:41] Matchings - CX: 13, U3: 21, Depth: 23
[2025-01-04 10:36:41] Computing Exact walk
[2025-01-04 10:36:41] Exact - CX: 20, U3: 37, Depth: 41
[2025-01-04 10:36:41] Successfully processed graph 52 - Category: win
[2025-01-04 10:36:41] 
Processing graph 53/100
[2025-01-04 10:36:41] Graph 53 has 8 nodes and 13 edges
[2025-01-04 10:36:41] Converted to 13 bitstring edges
[2025-01-04 10:36:41] Computing Matchings Dynamic walk
[2025-01-04 10:36:42] Matchings - CX: 16, U3: 20, Depth: 27
[2025-01-04 10:36:42] Computing Exact walk
[2025-01-04 10:36:42] Exact - CX: 20, U3: 37, Depth: 41
[2025-01-04 10:36:42] Successfully processed graph 53 - Category: win
[2025-01-04 10:36:42] 
Processing graph 54/100
[2025-01-04 10:36:42] Graph 54 has 8 nodes and 8 edges
[2025-01-04 10:36:42] Converted to 8 bitstring edges
[2025-01-04 10:36:42] Computing Matchings Dynamic walk
[2025-01-04 10:36:42] Matchings - CX: 5, U3: 9, Depth: 9
[2025-01-04 10:36:42] Computing Exact walk
[2025-01-04 10:36:42] Exact - CX: 20, U3: 36, Depth: 40
[2025-01-04 10:36:42] Successfully processed graph 54 - Category: win
[2025-01-04 10:36:42] 
Processing graph 55/100
[2025-01-04 10:36:42] Graph 55 has 8 nodes and 14 edges
[2025-01-04 10:36:42] Converted to 14 bitstring edges
[2025-01-04 10:36:42] Computing Matchings Dynamic walk
[2025-01-04 10:36:42] Matchings - CX: 23, U3: 31, Depth: 40
[2025-01-04 10:36:42] Computing Exact walk
[2025-01-04 10:36:42] Exact - CX: 20, U3: 37, Depth: 41
[2025-01-04 10:36:42] Successfully processed graph 55 - Category: lose
[2025-01-04 10:36:42] 
Processing graph 56/100
[2025-01-04 10:36:42] Graph 56 has 8 nodes and 24 edges
[2025-01-04 10:36:42] Converted to 24 bitstring edges
[2025-01-04 10:36:42] Computing Matchings Dynamic walk
[2025-01-04 10:36:43] Matchings - CX: 53, U3: 56, Depth: 85
[2025-01-04 10:36:43] Computing Exact walk
[2025-01-04 10:36:43] Exact - CX: 20, U3: 37, Depth: 41
[2025-01-04 10:36:43] Successfully processed graph 56 - Category: lose
[2025-01-04 10:36:43] 
Processing graph 57/100
[2025-01-04 10:36:43] Graph 57 has 8 nodes and 15 edges
[2025-01-04 10:36:43] Converted to 15 bitstring edges
[2025-01-04 10:36:43] Computing Matchings Dynamic walk
[2025-01-04 10:36:43] Matchings - CX: 18, U3: 20, Depth: 30
[2025-01-04 10:36:43] Computing Exact walk
[2025-01-04 10:36:43] Exact - CX: 20, U3: 37, Depth: 41
[2025-01-04 10:36:43] Successfully processed graph 57 - Category: win
[2025-01-04 10:36:43] 
Processing graph 58/100
[2025-01-04 10:36:43] Graph 58 has 8 nodes and 7 edges
[2025-01-04 10:36:43] Converted to 7 bitstring edges
[2025-01-04 10:36:43] Computing Matchings Dynamic walk
[2025-01-04 10:36:43] Matchings - CX: 11, U3: 15, Depth: 19
[2025-01-04 10:36:43] Computing Exact walk
[2025-01-04 10:36:44] Exact - CX: 19, U3: 34, Depth: 39
[2025-01-04 10:36:44] Successfully processed graph 58 - Category: win
[2025-01-04 10:36:44] 
Processing graph 59/100
[2025-01-04 10:36:44] Graph 59 has 8 nodes and 21 edges
[2025-01-04 10:36:44] Converted to 21 bitstring edges
[2025-01-04 10:36:44] Computing Matchings Dynamic walk
[2025-01-04 10:36:44] Matchings - CX: 62, U3: 73, Depth: 102
[2025-01-04 10:36:44] Computing Exact walk
[2025-01-04 10:36:44] Exact - CX: 20, U3: 37, Depth: 41
[2025-01-04 10:36:44] Successfully processed graph 59 - Category: lose
[2025-01-04 10:36:44] 
Processing graph 60/100
[2025-01-04 10:36:44] Graph 60 has 8 nodes and 7 edges
[2025-01-04 10:36:44] Converted to 7 bitstring edges
[2025-01-04 10:36:44] Computing Matchings Dynamic walk
[2025-01-04 10:36:44] Matchings - CX: 6, U3: 5, Depth: 9
[2025-01-04 10:36:44] Computing Exact walk
[2025-01-04 10:36:44] Exact - CX: 20, U3: 37, Depth: 41
[2025-01-04 10:36:44] Successfully processed graph 60 - Category: win
[2025-01-04 10:36:44] 
Processing graph 61/100
[2025-01-04 10:36:44] Graph 61 has 8 nodes and 15 edges
[2025-01-04 10:36:44] Converted to 15 bitstring edges
[2025-01-04 10:36:44] Computing Matchings Dynamic walk
[2025-01-04 10:36:44] Matchings - CX: 30, U3: 37, Depth: 50
[2025-01-04 10:36:44] Computing Exact walk
[2025-01-04 10:36:45] Exact - CX: 20, U3: 37, Depth: 41
[2025-01-04 10:36:45] Successfully processed graph 61 - Category: lose
[2025-01-04 10:36:45] 
Processing graph 62/100
[2025-01-04 10:36:45] Graph 62 has 8 nodes and 25 edges
[2025-01-04 10:36:45] Converted to 25 bitstring edges
[2025-01-04 10:36:45] Computing Matchings Dynamic walk
[2025-01-04 10:36:45] Matchings - CX: 64, U3: 70, Depth: 102
[2025-01-04 10:36:45] Computing Exact walk
[2025-01-04 10:36:45] Exact - CX: 20, U3: 37, Depth: 41
[2025-01-04 10:36:45] Successfully processed graph 62 - Category: lose
[2025-01-04 10:36:45] 
Processing graph 63/100
[2025-01-04 10:36:45] Graph 63 has 8 nodes and 10 edges
[2025-01-04 10:36:45] Converted to 10 bitstring edges
[2025-01-04 10:36:45] Computing Matchings Dynamic walk
[2025-01-04 10:36:45] Matchings - CX: 28, U3: 28, Depth: 44
[2025-01-04 10:36:45] Computing Exact walk
[2025-01-04 10:36:46] Exact - CX: 20, U3: 37, Depth: 41
[2025-01-04 10:36:46] Successfully processed graph 63 - Category: lose
[2025-01-04 10:36:46] 
Processing graph 64/100
[2025-01-04 10:36:46] Graph 64 has 8 nodes and 8 edges
[2025-01-04 10:36:46] Converted to 8 bitstring edges
[2025-01-04 10:36:46] Computing Matchings Dynamic walk
[2025-01-04 10:36:46] Matchings - CX: 6, U3: 11, Depth: 12
[2025-01-04 10:36:46] Computing Exact walk
[2025-01-04 10:36:46] Exact - CX: 20, U3: 37, Depth: 41
[2025-01-04 10:36:46] Successfully processed graph 64 - Category: win
[2025-01-04 10:36:46] 
Processing graph 65/100
[2025-01-04 10:36:46] Graph 65 has 8 nodes and 12 edges
[2025-01-04 10:36:46] Converted to 12 bitstring edges
[2025-01-04 10:36:46] Computing Matchings Dynamic walk
[2025-01-04 10:36:46] Matchings - CX: 20, U3: 18, Depth: 30
[2025-01-04 10:36:46] Computing Exact walk
[2025-01-04 10:36:46] Exact - CX: 20, U3: 37, Depth: 41
[2025-01-04 10:36:46] Successfully processed graph 65 - Category: draw
[2025-01-04 10:36:46] 
Processing graph 66/100
[2025-01-04 10:36:46] Graph 66 has 8 nodes and 7 edges
[2025-01-04 10:36:46] Converted to 7 bitstring edges
[2025-01-04 10:36:46] Computing Matchings Dynamic walk
[2025-01-04 10:36:46] Matchings - CX: 2, U3: 6, Depth: 5
[2025-01-04 10:36:46] Computing Exact walk
[2025-01-04 10:36:46] Exact - CX: 17, U3: 31, Depth: 33
[2025-01-04 10:36:46] Successfully processed graph 66 - Category: win
[2025-01-04 10:36:46] 
Processing graph 67/100
[2025-01-04 10:36:46] Graph 67 has 8 nodes and 7 edges
[2025-01-04 10:36:46] Converted to 7 bitstring edges
[2025-01-04 10:36:46] Computing Matchings Dynamic walk
[2025-01-04 10:36:47] Matchings - CX: 14, U3: 18, Depth: 24
[2025-01-04 10:36:47] Computing Exact walk
[2025-01-04 10:36:47] Exact - CX: 19, U3: 35, Depth: 39
[2025-01-04 10:36:47] Successfully processed graph 67 - Category: win
[2025-01-04 10:36:47] 
Processing graph 68/100
[2025-01-04 10:36:47] Graph 68 has 8 nodes and 13 edges
[2025-01-04 10:36:47] Converted to 13 bitstring edges
[2025-01-04 10:36:47] Computing Matchings Dynamic walk
[2025-01-04 10:36:47] Matchings - CX: 41, U3: 40, Depth: 63
[2025-01-04 10:36:47] Computing Exact walk
[2025-01-04 10:36:47] Exact - CX: 20, U3: 37, Depth: 41
[2025-01-04 10:36:47] Successfully processed graph 68 - Category: lose
[2025-01-04 10:36:47] 
Processing graph 69/100
[2025-01-04 10:36:47] Graph 69 has 8 nodes and 8 edges
[2025-01-04 10:36:47] Converted to 8 bitstring edges
[2025-01-04 10:36:47] Computing Matchings Dynamic walk
[2025-01-04 10:36:47] Matchings - CX: 8, U3: 12, Depth: 14
[2025-01-04 10:36:47] Computing Exact walk
[2025-01-04 10:36:47] Exact - CX: 20, U3: 37, Depth: 41
[2025-01-04 10:36:47] Successfully processed graph 69 - Category: win
[2025-01-04 10:36:47] 
Processing graph 70/100
[2025-01-04 10:36:47] Graph 70 has 8 nodes and 26 edges
[2025-01-04 10:36:47] Converted to 26 bitstring edges
[2025-01-04 10:36:47] Computing Matchings Dynamic walk
[2025-01-04 10:36:48] Matchings - CX: 38, U3: 39, Depth: 60
[2025-01-04 10:36:48] Computing Exact walk
[2025-01-04 10:36:48] Exact - CX: 20, U3: 37, Depth: 41
[2025-01-04 10:36:48] Successfully processed graph 70 - Category: lose
[2025-01-04 10:36:48] 
Processing graph 71/100
[2025-01-04 10:36:48] Graph 71 has 8 nodes and 11 edges
[2025-01-04 10:36:48] Converted to 11 bitstring edges
[2025-01-04 10:36:48] Computing Matchings Dynamic walk
[2025-01-04 10:36:48] Matchings - CX: 26, U3: 34, Depth: 44
[2025-01-04 10:36:48] Computing Exact walk
[2025-01-04 10:36:48] Exact - CX: 20, U3: 37, Depth: 41
[2025-01-04 10:36:48] Successfully processed graph 71 - Category: lose
[2025-01-04 10:36:48] 
Processing graph 72/100
[2025-01-04 10:36:48] Graph 72 has 8 nodes and 25 edges
[2025-01-04 10:36:48] Converted to 25 bitstring edges
[2025-01-04 10:36:48] Computing Matchings Dynamic walk
[2025-01-04 10:36:48] Matchings - CX: 66, U3: 67, Depth: 104
[2025-01-04 10:36:48] Computing Exact walk
[2025-01-04 10:36:49] Exact - CX: 20, U3: 37, Depth: 41
[2025-01-04 10:36:49] Successfully processed graph 72 - Category: lose
[2025-01-04 10:36:49] 
Processing graph 73/100
[2025-01-04 10:36:49] Graph 73 has 8 nodes and 12 edges
[2025-01-04 10:36:49] Converted to 12 bitstring edges
[2025-01-04 10:36:49] Computing Matchings Dynamic walk
[2025-01-04 10:36:49] Matchings - CX: 23, U3: 29, Depth: 38
[2025-01-04 10:36:49] Computing Exact walk
[2025-01-04 10:36:49] Exact - CX: 20, U3: 37, Depth: 41
[2025-01-04 10:36:49] Successfully processed graph 73 - Category: lose
[2025-01-04 10:36:49] 
Processing graph 74/100
[2025-01-04 10:36:49] Graph 74 has 8 nodes and 25 edges
[2025-01-04 10:36:49] Converted to 25 bitstring edges
[2025-01-04 10:36:49] Computing Matchings Dynamic walk
[2025-01-04 10:36:49] Matchings - CX: 75, U3: 88, Depth: 122
[2025-01-04 10:36:49] Computing Exact walk
[2025-01-04 10:36:50] Exact - CX: 20, U3: 37, Depth: 41
[2025-01-04 10:36:50] Successfully processed graph 74 - Category: lose
[2025-01-04 10:36:50] 
Processing graph 75/100
[2025-01-04 10:36:50] Graph 75 has 8 nodes and 26 edges
[2025-01-04 10:36:50] Converted to 26 bitstring edges
[2025-01-04 10:36:50] Computing Matchings Dynamic walk
[2025-01-04 10:36:50] Matchings - CX: 46, U3: 50, Depth: 73
[2025-01-04 10:36:50] Computing Exact walk
[2025-01-04 10:36:50] Exact - CX: 20, U3: 37, Depth: 41
[2025-01-04 10:36:50] Successfully processed graph 75 - Category: lose
[2025-01-04 10:36:50] 
Processing graph 76/100
[2025-01-04 10:36:50] Graph 76 has 8 nodes and 10 edges
[2025-01-04 10:36:50] Converted to 10 bitstring edges
[2025-01-04 10:36:50] Computing Matchings Dynamic walk
[2025-01-04 10:36:50] Matchings - CX: 28, U3: 32, Depth: 45
[2025-01-04 10:36:50] Computing Exact walk
[2025-01-04 10:36:50] Exact - CX: 20, U3: 37, Depth: 41
[2025-01-04 10:36:50] Successfully processed graph 76 - Category: lose
[2025-01-04 10:36:50] 
Processing graph 77/100
[2025-01-04 10:36:50] Graph 77 has 8 nodes and 7 edges
[2025-01-04 10:36:50] Converted to 7 bitstring edges
[2025-01-04 10:36:50] Computing Matchings Dynamic walk
[2025-01-04 10:36:50] Matchings - CX: 16, U3: 22, Depth: 27
[2025-01-04 10:36:50] Computing Exact walk
[2025-01-04 10:36:51] Exact - CX: 19, U3: 35, Depth: 39
[2025-01-04 10:36:51] Successfully processed graph 77 - Category: win
[2025-01-04 10:36:51] 
Processing graph 78/100
[2025-01-04 10:36:51] Graph 78 has 8 nodes and 20 edges
[2025-01-04 10:36:51] Converted to 20 bitstring edges
[2025-01-04 10:36:51] Computing Matchings Dynamic walk
[2025-01-04 10:36:51] Matchings - CX: 20, U3: 25, Depth: 33
[2025-01-04 10:36:51] Computing Exact walk
[2025-01-04 10:36:51] Exact - CX: 20, U3: 37, Depth: 41
[2025-01-04 10:36:51] Successfully processed graph 78 - Category: draw
[2025-01-04 10:36:51] 
Processing graph 79/100
[2025-01-04 10:36:51] Graph 79 has 8 nodes and 11 edges
[2025-01-04 10:36:51] Converted to 11 bitstring edges
[2025-01-04 10:36:51] Computing Matchings Dynamic walk
[2025-01-04 10:36:51] Matchings - CX: 5, U3: 9, Depth: 10
[2025-01-04 10:36:51] Computing Exact walk
[2025-01-04 10:36:51] Exact - CX: 20, U3: 36, Depth: 41
[2025-01-04 10:36:51] Successfully processed graph 79 - Category: win
[2025-01-04 10:36:51] 
Processing graph 80/100
[2025-01-04 10:36:51] Graph 80 has 8 nodes and 7 edges
[2025-01-04 10:36:51] Converted to 7 bitstring edges
[2025-01-04 10:36:51] Computing Matchings Dynamic walk
[2025-01-04 10:36:51] Matchings - CX: 9, U3: 17, Depth: 18
[2025-01-04 10:36:51] Computing Exact walk
[2025-01-04 10:36:52] Exact - CX: 20, U3: 37, Depth: 41
[2025-01-04 10:36:52] Successfully processed graph 80 - Category: win
[2025-01-04 10:36:52] 
Processing graph 81/100
[2025-01-04 10:36:52] Graph 81 has 8 nodes and 7 edges
[2025-01-04 10:36:52] Converted to 7 bitstring edges
[2025-01-04 10:36:52] Computing Matchings Dynamic walk
[2025-01-04 10:36:52] Matchings - CX: 15, U3: 18, Depth: 25
[2025-01-04 10:36:52] Computing Exact walk
[2025-01-04 10:36:52] Exact - CX: 20, U3: 37, Depth: 41
[2025-01-04 10:36:52] Successfully processed graph 81 - Category: win
[2025-01-04 10:36:52] 
Processing graph 82/100
[2025-01-04 10:36:52] Graph 82 has 8 nodes and 11 edges
[2025-01-04 10:36:52] Converted to 11 bitstring edges
[2025-01-04 10:36:52] Computing Matchings Dynamic walk
[2025-01-04 10:36:52] Matchings - CX: 7, U3: 15, Depth: 14
[2025-01-04 10:36:52] Computing Exact walk
[2025-01-04 10:36:52] Exact - CX: 20, U3: 37, Depth: 41
[2025-01-04 10:36:52] Successfully processed graph 82 - Category: win
[2025-01-04 10:36:52] 
Processing graph 83/100
[2025-01-04 10:36:52] Graph 83 has 8 nodes and 11 edges
[2025-01-04 10:36:52] Converted to 11 bitstring edges
[2025-01-04 10:36:52] Computing Matchings Dynamic walk
[2025-01-04 10:36:52] Matchings - CX: 7, U3: 13, Depth: 13
[2025-01-04 10:36:52] Computing Exact walk
[2025-01-04 10:36:53] Exact - CX: 20, U3: 37, Depth: 41
[2025-01-04 10:36:53] Successfully processed graph 83 - Category: win
[2025-01-04 10:36:53] 
Processing graph 84/100
[2025-01-04 10:36:53] Graph 84 has 8 nodes and 7 edges
[2025-01-04 10:36:53] Converted to 7 bitstring edges
[2025-01-04 10:36:53] Computing Matchings Dynamic walk
[2025-01-04 10:36:53] Matchings - CX: 6, U3: 8, Depth: 10
[2025-01-04 10:36:53] Computing Exact walk
[2025-01-04 10:36:53] Exact - CX: 20, U3: 37, Depth: 41
[2025-01-04 10:36:53] Successfully processed graph 84 - Category: win
[2025-01-04 10:36:53] 
Processing graph 85/100
[2025-01-04 10:36:53] Graph 85 has 8 nodes and 15 edges
[2025-01-04 10:36:53] Converted to 15 bitstring edges
[2025-01-04 10:36:53] Computing Matchings Dynamic walk
[2025-01-04 10:36:53] Matchings - CX: 40, U3: 43, Depth: 63
[2025-01-04 10:36:53] Computing Exact walk
[2025-01-04 10:36:53] Exact - CX: 20, U3: 37, Depth: 41
[2025-01-04 10:36:53] Successfully processed graph 85 - Category: lose
[2025-01-04 10:36:53] 
Processing graph 86/100
[2025-01-04 10:36:53] Graph 86 has 8 nodes and 21 edges
[2025-01-04 10:36:53] Converted to 21 bitstring edges
[2025-01-04 10:36:53] Computing Matchings Dynamic walk
[2025-01-04 10:36:54] Matchings - CX: 71, U3: 78, Depth: 114
[2025-01-04 10:36:54] Computing Exact walk
[2025-01-04 10:36:54] Exact - CX: 20, U3: 37, Depth: 41
[2025-01-04 10:36:54] Successfully processed graph 86 - Category: lose
[2025-01-04 10:36:54] 
Processing graph 87/100
[2025-01-04 10:36:54] Graph 87 has 8 nodes and 7 edges
[2025-01-04 10:36:54] Converted to 7 bitstring edges
[2025-01-04 10:36:54] Computing Matchings Dynamic walk
[2025-01-04 10:36:54] Matchings - CX: 15, U3: 18, Depth: 25
[2025-01-04 10:36:54] Computing Exact walk
[2025-01-04 10:36:54] Exact - CX: 19, U3: 34, Depth: 39
[2025-01-04 10:36:54] Successfully processed graph 87 - Category: win
[2025-01-04 10:36:54] 
Processing graph 88/100
[2025-01-04 10:36:54] Graph 88 has 8 nodes and 12 edges
[2025-01-04 10:36:54] Converted to 12 bitstring edges
[2025-01-04 10:36:54] Computing Matchings Dynamic walk
[2025-01-04 10:36:54] Matchings - CX: 19, U3: 24, Depth: 31
[2025-01-04 10:36:54] Computing Exact walk
[2025-01-04 10:36:54] Exact - CX: 20, U3: 37, Depth: 41
[2025-01-04 10:36:54] Successfully processed graph 88 - Category: win
[2025-01-04 10:36:54] 
Processing graph 89/100
[2025-01-04 10:36:54] Graph 89 has 8 nodes and 7 edges
[2025-01-04 10:36:54] Converted to 7 bitstring edges
[2025-01-04 10:36:54] Computing Matchings Dynamic walk
[2025-01-04 10:36:55] Matchings - CX: 16, U3: 18, Depth: 27
[2025-01-04 10:36:55] Computing Exact walk
[2025-01-04 10:36:55] Exact - CX: 20, U3: 37, Depth: 41
[2025-01-04 10:36:55] Successfully processed graph 89 - Category: win
[2025-01-04 10:36:55] 
Processing graph 90/100
[2025-01-04 10:36:55] Graph 90 has 8 nodes and 8 edges
[2025-01-04 10:36:55] Converted to 8 bitstring edges
[2025-01-04 10:36:55] Computing Matchings Dynamic walk
[2025-01-04 10:36:55] Matchings - CX: 8, U3: 9, Depth: 13
[2025-01-04 10:36:55] Computing Exact walk
[2025-01-04 10:36:55] Exact - CX: 13, U3: 28, Depth: 27
[2025-01-04 10:36:55] Successfully processed graph 90 - Category: win
[2025-01-04 10:36:55] 
Processing graph 91/100
[2025-01-04 10:36:55] Graph 91 has 8 nodes and 7 edges
[2025-01-04 10:36:55] Converted to 7 bitstring edges
[2025-01-04 10:36:55] Computing Matchings Dynamic walk
[2025-01-04 10:36:55] Matchings - CX: 21, U3: 22, Depth: 33
[2025-01-04 10:36:55] Computing Exact walk
[2025-01-04 10:36:55] Exact - CX: 19, U3: 33, Depth: 38
[2025-01-04 10:36:55] Successfully processed graph 91 - Category: lose
[2025-01-04 10:36:55] 
Processing graph 92/100
[2025-01-04 10:36:55] Graph 92 has 8 nodes and 7 edges
[2025-01-04 10:36:55] Converted to 7 bitstring edges
[2025-01-04 10:36:55] Computing Matchings Dynamic walk
[2025-01-04 10:36:55] Matchings - CX: 5, U3: 11, Depth: 10
[2025-01-04 10:36:55] Computing Exact walk
[2025-01-04 10:36:56] Exact - CX: 20, U3: 35, Depth: 40
[2025-01-04 10:36:56] Successfully processed graph 92 - Category: win
[2025-01-04 10:36:56] 
Processing graph 93/100
[2025-01-04 10:36:56] Graph 93 has 8 nodes and 7 edges
[2025-01-04 10:36:56] Converted to 7 bitstring edges
[2025-01-04 10:36:56] Computing Matchings Dynamic walk
[2025-01-04 10:36:56] Matchings - CX: 8, U3: 11, Depth: 14
[2025-01-04 10:36:56] Computing Exact walk
[2025-01-04 10:36:56] Exact - CX: 20, U3: 37, Depth: 41
[2025-01-04 10:36:56] Successfully processed graph 93 - Category: win
[2025-01-04 10:36:56] 
Processing graph 94/100
[2025-01-04 10:36:56] Graph 94 has 8 nodes and 7 edges
[2025-01-04 10:36:56] Converted to 7 bitstring edges
[2025-01-04 10:36:56] Computing Matchings Dynamic walk
[2025-01-04 10:36:56] Matchings - CX: 22, U3: 22, Depth: 35
[2025-01-04 10:36:56] Computing Exact walk
[2025-01-04 10:36:56] Exact - CX: 20, U3: 36, Depth: 40
[2025-01-04 10:36:56] Successfully processed graph 94 - Category: lose
[2025-01-04 10:36:56] 
Processing graph 95/100
[2025-01-04 10:36:56] Graph 95 has 8 nodes and 7 edges
[2025-01-04 10:36:56] Converted to 7 bitstring edges
[2025-01-04 10:36:56] Computing Matchings Dynamic walk
[2025-01-04 10:36:56] Matchings - CX: 15, U3: 20, Depth: 25
[2025-01-04 10:36:56] Computing Exact walk
[2025-01-04 10:36:56] Exact - CX: 20, U3: 37, Depth: 41
[2025-01-04 10:36:56] Successfully processed graph 95 - Category: win
[2025-01-04 10:36:56] 
Processing graph 96/100
[2025-01-04 10:36:56] Graph 96 has 8 nodes and 7 edges
[2025-01-04 10:36:56] Converted to 7 bitstring edges
[2025-01-04 10:36:56] Computing Matchings Dynamic walk
[2025-01-04 10:36:57] Matchings - CX: 16, U3: 19, Depth: 27
[2025-01-04 10:36:57] Computing Exact walk
[2025-01-04 10:36:57] Exact - CX: 20, U3: 36, Depth: 41
[2025-01-04 10:36:57] Successfully processed graph 96 - Category: win
[2025-01-04 10:36:57] 
Processing graph 97/100
[2025-01-04 10:36:57] Graph 97 has 8 nodes and 7 edges
[2025-01-04 10:36:57] Converted to 7 bitstring edges
[2025-01-04 10:36:57] Computing Matchings Dynamic walk
[2025-01-04 10:36:57] Matchings - CX: 11, U3: 14, Depth: 19
[2025-01-04 10:36:57] Computing Exact walk
[2025-01-04 10:36:57] Exact - CX: 20, U3: 36, Depth: 41
[2025-01-04 10:36:57] Successfully processed graph 97 - Category: win
[2025-01-04 10:36:57] 
Processing graph 98/100
[2025-01-04 10:36:57] Graph 98 has 8 nodes and 7 edges
[2025-01-04 10:36:57] Converted to 7 bitstring edges
[2025-01-04 10:36:57] Computing Matchings Dynamic walk
[2025-01-04 10:36:57] Matchings - CX: 15, U3: 19, Depth: 25
[2025-01-04 10:36:57] Computing Exact walk
[2025-01-04 10:36:57] Exact - CX: 20, U3: 35, Depth: 40
[2025-01-04 10:36:57] Successfully processed graph 98 - Category: win
[2025-01-04 10:36:57] 
Processing graph 99/100
[2025-01-04 10:36:57] Graph 99 has 8 nodes and 7 edges
[2025-01-04 10:36:57] Converted to 7 bitstring edges
[2025-01-04 10:36:57] Computing Matchings Dynamic walk
[2025-01-04 10:36:58] Matchings - CX: 12, U3: 17, Depth: 20
[2025-01-04 10:36:58] Computing Exact walk
[2025-01-04 10:36:58] Exact - CX: 20, U3: 36, Depth: 40
[2025-01-04 10:36:58] Successfully processed graph 99 - Category: win
[2025-01-04 10:36:58] 
Final Results Summary:
[2025-01-04 10:36:58] Total graphs in file: 100
[2025-01-04 10:36:58] Successfully processed: 100
[2025-01-04 10:36:58] win: 52 (52.0%)
[2025-01-04 10:36:58] lose: 45 (45.0%)
[2025-01-04 10:36:58] draw: 3 (3.0%)
[2025-01-04 10:36:58] 
Average Gate Counts by Category:
[2025-01-04 10:36:58] win_matching_cx: 11.50
[2025-01-04 10:36:58] win_matching_u3: 15.25
[2025-01-04 10:36:58] win_exact_cx: 19.63
[2025-01-04 10:36:58] win_exact_u3: 35.96
[2025-01-04 10:36:58] win_matching_depth: 19.63
[2025-01-04 10:36:58] win_exact_depth: 40.00
[2025-01-04 10:36:58] lose_matching_cx: 37.73
[2025-01-04 10:36:58] lose_matching_u3: 41.42
[2025-01-04 10:36:58] lose_exact_cx: 19.98
[2025-01-04 10:36:58] lose_exact_u3: 36.87
[2025-01-04 10:36:58] lose_matching_depth: 60.49
[2025-01-04 10:36:58] lose_exact_depth: 40.91
[2025-01-04 10:36:58] draw_matching_cx: 19.67
[2025-01-04 10:36:58] draw_matching_u3: 21.67
[2025-01-04 10:36:58] draw_exact_cx: 19.67
[2025-01-04 10:36:58] draw_exact_u3: 36.00
[2025-01-04 10:36:58] draw_matching_depth: 31.67
[2025-01-04 10:36:58] draw_exact_depth: 40.00
[2025-01-04 10:37:30] Starting analysis with:
[2025-01-04 10:37:30] Number of qubits: 3
[2025-01-04 10:37:30] Number of vertices: 8
[2025-01-04 10:37:30] Delta t: 0.1
[2025-01-04 10:37:30] Input file: ../data/graphs/100graph_50-50_8c.g6
[2025-01-04 10:37:30] Parsed graph info: {'num_graphs': 100, 'size': '50-50', 'vertices': '8', 'type': 'c'}
[2025-01-04 10:37:30] Found 100 graphs in file
[2025-01-04 10:37:30] 
Processing graph 0/100
[2025-01-04 10:37:30] Graph 0 has 8 nodes and 15 edges
[2025-01-04 10:37:30] Converted to 15 bitstring edges
[2025-01-04 10:37:30] Computing Matchings Dynamic walk
[2025-01-04 10:37:30] Matchings - CX: 14, U3: 17, Depth: 23
[2025-01-04 10:37:30] Computing Exact walk
[2025-01-04 10:37:30] Exact - CX: 20, U3: 37, Depth: 41
[2025-01-04 10:37:30] Successfully processed graph 0 - Category: win
[2025-01-04 10:37:30] 
Processing graph 1/100
[2025-01-04 10:37:30] Graph 1 has 8 nodes and 7 edges
[2025-01-04 10:37:30] Converted to 7 bitstring edges
[2025-01-04 10:37:30] Computing Matchings Dynamic walk
[2025-01-04 10:37:30] Matchings - CX: 6, U3: 4, Depth: 10
[2025-01-04 10:37:30] Computing Exact walk
[2025-01-04 10:37:30] Exact - CX: 20, U3: 36, Depth: 40
[2025-01-04 10:37:30] Successfully processed graph 1 - Category: win
[2025-01-04 10:37:30] 
Processing graph 2/100
[2025-01-04 10:37:30] Graph 2 has 8 nodes and 25 edges
[2025-01-04 10:37:30] Converted to 25 bitstring edges
[2025-01-04 10:37:30] Computing Matchings Dynamic walk
[2025-01-04 10:37:31] Matchings - CX: 24, U3: 26, Depth: 39
[2025-01-04 10:37:31] Computing Exact walk
[2025-01-04 10:37:31] Exact - CX: 20, U3: 37, Depth: 41
[2025-01-04 10:37:31] Successfully processed graph 2 - Category: lose
[2025-01-04 10:37:31] 
Processing graph 3/100
[2025-01-04 10:37:31] Graph 3 has 8 nodes and 26 edges
[2025-01-04 10:37:31] Converted to 26 bitstring edges
[2025-01-04 10:37:31] Computing Matchings Dynamic walk
[2025-01-04 10:37:31] Matchings - CX: 83, U3: 79, Depth: 125
[2025-01-04 10:37:31] Computing Exact walk
[2025-01-04 10:37:31] Exact - CX: 20, U3: 37, Depth: 41
[2025-01-04 10:37:31] Successfully processed graph 3 - Category: lose
[2025-01-04 10:37:31] 
Processing graph 4/100
[2025-01-04 10:37:31] Graph 4 has 8 nodes and 11 edges
[2025-01-04 10:37:31] Converted to 11 bitstring edges
[2025-01-04 10:37:31] Computing Matchings Dynamic walk
[2025-01-04 10:37:31] Matchings - CX: 13, U3: 18, Depth: 23
[2025-01-04 10:37:31] Computing Exact walk
[2025-01-04 10:37:32] Exact - CX: 20, U3: 37, Depth: 41
[2025-01-04 10:37:32] Successfully processed graph 4 - Category: win
[2025-01-04 10:37:32] 
Processing graph 5/100
[2025-01-04 10:37:32] Graph 5 has 8 nodes and 7 edges
[2025-01-04 10:37:32] Converted to 7 bitstring edges
[2025-01-04 10:37:32] Computing Matchings Dynamic walk
[2025-01-04 10:37:32] Matchings - CX: 24, U3: 27, Depth: 40
[2025-01-04 10:37:32] Computing Exact walk
[2025-01-04 10:37:32] Exact - CX: 19, U3: 31, Depth: 36
[2025-01-04 10:37:32] Successfully processed graph 5 - Category: lose
[2025-01-04 10:37:32] 
Processing graph 6/100
[2025-01-04 10:37:32] Graph 6 has 8 nodes and 10 edges
[2025-01-04 10:37:32] Converted to 10 bitstring edges
[2025-01-04 10:37:32] Computing Matchings Dynamic walk
[2025-01-04 10:37:32] Matchings - CX: 18, U3: 18, Depth: 29
[2025-01-04 10:37:32] Computing Exact walk
[2025-01-04 10:37:32] Exact - CX: 20, U3: 36, Depth: 41
[2025-01-04 10:37:32] Successfully processed graph 6 - Category: win
[2025-01-04 10:37:32] 
Processing graph 7/100
[2025-01-04 10:37:32] Graph 7 has 8 nodes and 13 edges
[2025-01-04 10:37:32] Converted to 13 bitstring edges
[2025-01-04 10:37:32] Computing Matchings Dynamic walk
[2025-01-04 10:37:32] Matchings - CX: 14, U3: 17, Depth: 23
[2025-01-04 10:37:32] Computing Exact walk
[2025-01-04 10:37:33] Exact - CX: 20, U3: 37, Depth: 41
[2025-01-04 10:37:33] Successfully processed graph 7 - Category: win
[2025-01-04 10:37:33] 
Processing graph 8/100
[2025-01-04 10:37:33] Graph 8 has 8 nodes and 7 edges
[2025-01-04 10:37:33] Converted to 7 bitstring edges
[2025-01-04 10:37:33] Computing Matchings Dynamic walk
[2025-01-04 10:37:33] Matchings - CX: 14, U3: 19, Depth: 24
[2025-01-04 10:37:33] Computing Exact walk
[2025-01-04 10:37:33] Exact - CX: 19, U3: 33, Depth: 38
[2025-01-04 10:37:33] Successfully processed graph 8 - Category: win
[2025-01-04 10:37:33] 
Processing graph 9/100
[2025-01-04 10:37:33] Graph 9 has 8 nodes and 14 edges
[2025-01-04 10:37:33] Converted to 14 bitstring edges
[2025-01-04 10:37:33] Computing Matchings Dynamic walk
[2025-01-04 10:37:33] Matchings - CX: 21, U3: 28, Depth: 37
[2025-01-04 10:37:33] Computing Exact walk
[2025-01-04 10:37:33] Exact - CX: 20, U3: 37, Depth: 41
[2025-01-04 10:37:33] Successfully processed graph 9 - Category: lose
[2025-01-04 10:37:33] 
Processing graph 10/100
[2025-01-04 10:37:33] Graph 10 has 8 nodes and 16 edges
[2025-01-04 10:37:33] Converted to 16 bitstring edges
[2025-01-04 10:37:33] Computing Matchings Dynamic walk
[2025-01-04 10:37:33] Matchings - CX: 38, U3: 45, Depth: 63
[2025-01-04 10:37:33] Computing Exact walk
[2025-01-04 10:37:34] Exact - CX: 20, U3: 37, Depth: 41
[2025-01-04 10:37:34] Successfully processed graph 10 - Category: lose
[2025-01-04 10:37:34] 
Processing graph 11/100
[2025-01-04 10:37:34] Graph 11 has 8 nodes and 12 edges
[2025-01-04 10:37:34] Converted to 12 bitstring edges
[2025-01-04 10:37:34] Computing Matchings Dynamic walk
[2025-01-04 10:37:34] Matchings - CX: 9, U3: 14, Depth: 17
[2025-01-04 10:37:34] Computing Exact walk
[2025-01-04 10:37:34] Exact - CX: 17, U3: 31, Depth: 33
[2025-01-04 10:37:34] Successfully processed graph 11 - Category: win
[2025-01-04 10:37:34] 
Processing graph 12/100
[2025-01-04 10:37:34] Graph 12 has 8 nodes and 24 edges
[2025-01-04 10:37:34] Converted to 24 bitstring edges
[2025-01-04 10:37:34] Computing Matchings Dynamic walk
[2025-01-04 10:37:34] Matchings - CX: 70, U3: 76, Depth: 111
[2025-01-04 10:37:34] Computing Exact walk
[2025-01-04 10:37:34] Exact - CX: 20, U3: 37, Depth: 41
[2025-01-04 10:37:34] Successfully processed graph 12 - Category: lose
[2025-01-04 10:37:34] 
Processing graph 13/100
[2025-01-04 10:37:34] Graph 13 has 8 nodes and 10 edges
[2025-01-04 10:37:34] Converted to 10 bitstring edges
[2025-01-04 10:37:34] Computing Matchings Dynamic walk
[2025-01-04 10:37:35] Matchings - CX: 9, U3: 14, Depth: 17
[2025-01-04 10:37:35] Computing Exact walk
[2025-01-04 10:37:35] Exact - CX: 20, U3: 37, Depth: 41
[2025-01-04 10:37:35] Successfully processed graph 13 - Category: win
[2025-01-04 10:37:35] 
Processing graph 14/100
[2025-01-04 10:37:35] Graph 14 has 8 nodes and 14 edges
[2025-01-04 10:37:35] Converted to 14 bitstring edges
[2025-01-04 10:37:35] Computing Matchings Dynamic walk
[2025-01-04 10:37:35] Matchings - CX: 19, U3: 25, Depth: 32
[2025-01-04 10:37:35] Computing Exact walk
[2025-01-04 10:37:35] Exact - CX: 20, U3: 37, Depth: 41
[2025-01-04 10:37:35] Successfully processed graph 14 - Category: win
[2025-01-04 10:37:35] 
Processing graph 15/100
[2025-01-04 10:37:35] Graph 15 has 8 nodes and 7 edges
[2025-01-04 10:37:35] Converted to 7 bitstring edges
[2025-01-04 10:37:35] Computing Matchings Dynamic walk
[2025-01-04 10:37:35] Matchings - CX: 14, U3: 13, Depth: 22
[2025-01-04 10:37:35] Computing Exact walk
[2025-01-04 10:37:35] Exact - CX: 20, U3: 37, Depth: 41
[2025-01-04 10:37:35] Successfully processed graph 15 - Category: win
[2025-01-04 10:37:35] 
Processing graph 16/100
[2025-01-04 10:37:35] Graph 16 has 8 nodes and 21 edges
[2025-01-04 10:37:35] Converted to 21 bitstring edges
[2025-01-04 10:37:35] Computing Matchings Dynamic walk
[2025-01-04 10:37:36] Matchings - CX: 32, U3: 30, Depth: 46
[2025-01-04 10:37:36] Computing Exact walk
[2025-01-04 10:37:36] Exact - CX: 20, U3: 37, Depth: 41
[2025-01-04 10:37:36] Successfully processed graph 16 - Category: lose
[2025-01-04 10:37:36] 
Processing graph 17/100
[2025-01-04 10:37:36] Graph 17 has 8 nodes and 10 edges
[2025-01-04 10:37:36] Converted to 10 bitstring edges
[2025-01-04 10:37:36] Computing Matchings Dynamic walk
[2025-01-04 10:37:36] Matchings - CX: 35, U3: 34, Depth: 55
[2025-01-04 10:37:36] Computing Exact walk
[2025-01-04 10:37:36] Exact - CX: 20, U3: 36, Depth: 41
[2025-01-04 10:37:36] Successfully processed graph 17 - Category: lose
[2025-01-04 10:37:36] 
Processing graph 18/100
[2025-01-04 10:37:36] Graph 18 has 8 nodes and 11 edges
[2025-01-04 10:37:36] Converted to 11 bitstring edges
[2025-01-04 10:37:36] Computing Matchings Dynamic walk
[2025-01-04 10:37:36] Matchings - CX: 38, U3: 45, Depth: 64
[2025-01-04 10:37:36] Computing Exact walk
[2025-01-04 10:37:37] Exact - CX: 20, U3: 37, Depth: 41
[2025-01-04 10:37:37] Successfully processed graph 18 - Category: lose
[2025-01-04 10:37:37] 
Processing graph 19/100
[2025-01-04 10:37:37] Graph 19 has 8 nodes and 18 edges
[2025-01-04 10:37:37] Converted to 18 bitstring edges
[2025-01-04 10:37:37] Computing Matchings Dynamic walk
[2025-01-04 10:37:37] Matchings - CX: 41, U3: 48, Depth: 65
[2025-01-04 10:37:37] Computing Exact walk
[2025-01-04 10:37:37] Exact - CX: 20, U3: 37, Depth: 41
[2025-01-04 10:37:37] Successfully processed graph 19 - Category: lose
[2025-01-04 10:37:37] 
Processing graph 20/100
[2025-01-04 10:37:37] Graph 20 has 8 nodes and 23 edges
[2025-01-04 10:37:37] Converted to 23 bitstring edges
[2025-01-04 10:37:37] Computing Matchings Dynamic walk
[2025-01-04 10:37:38] Matchings - CX: 42, U3: 39, Depth: 61
[2025-01-04 10:37:38] Computing Exact walk
[2025-01-04 10:37:38] Exact - CX: 20, U3: 37, Depth: 41
[2025-01-04 10:37:38] Successfully processed graph 20 - Category: lose
[2025-01-04 10:37:38] 
Processing graph 21/100
[2025-01-04 10:37:38] Graph 21 has 8 nodes and 27 edges
[2025-01-04 10:37:38] Converted to 27 bitstring edges
[2025-01-04 10:37:38] Computing Matchings Dynamic walk
[2025-01-04 10:37:38] Matchings - CX: 58, U3: 57, Depth: 91
[2025-01-04 10:37:38] Computing Exact walk
[2025-01-04 10:37:38] Exact - CX: 20, U3: 37, Depth: 41
[2025-01-04 10:37:38] Successfully processed graph 21 - Category: lose
[2025-01-04 10:37:38] 
Processing graph 22/100
[2025-01-04 10:37:38] Graph 22 has 8 nodes and 9 edges
[2025-01-04 10:37:38] Converted to 9 bitstring edges
[2025-01-04 10:37:38] Computing Matchings Dynamic walk
[2025-01-04 10:37:38] Matchings - CX: 3, U3: 5, Depth: 6
[2025-01-04 10:37:38] Computing Exact walk
[2025-01-04 10:37:38] Exact - CX: 19, U3: 34, Depth: 38
[2025-01-04 10:37:38] Successfully processed graph 22 - Category: win
[2025-01-04 10:37:38] 
Processing graph 23/100
[2025-01-04 10:37:38] Graph 23 has 8 nodes and 17 edges
[2025-01-04 10:37:38] Converted to 17 bitstring edges
[2025-01-04 10:37:38] Computing Matchings Dynamic walk
[2025-01-04 10:37:39] Matchings - CX: 38, U3: 39, Depth: 57
[2025-01-04 10:37:39] Computing Exact walk
[2025-01-04 10:37:39] Exact - CX: 20, U3: 37, Depth: 41
[2025-01-04 10:37:39] Successfully processed graph 23 - Category: lose
[2025-01-04 10:37:39] 
Processing graph 24/100
[2025-01-04 10:37:39] Graph 24 has 8 nodes and 8 edges
[2025-01-04 10:37:39] Converted to 8 bitstring edges
[2025-01-04 10:37:39] Computing Matchings Dynamic walk
[2025-01-04 10:37:39] Matchings - CX: 12, U3: 14, Depth: 20
[2025-01-04 10:37:39] Computing Exact walk
[2025-01-04 10:37:39] Exact - CX: 20, U3: 37, Depth: 41
[2025-01-04 10:37:39] Successfully processed graph 24 - Category: win
[2025-01-04 10:37:39] 
Processing graph 25/100
[2025-01-04 10:37:39] Graph 25 has 8 nodes and 8 edges
[2025-01-04 10:37:39] Converted to 8 bitstring edges
[2025-01-04 10:37:39] Computing Matchings Dynamic walk
[2025-01-04 10:37:39] Matchings - CX: 16, U3: 17, Depth: 27
[2025-01-04 10:37:39] Computing Exact walk
[2025-01-04 10:37:39] Exact - CX: 20, U3: 37, Depth: 41
[2025-01-04 10:37:39] Successfully processed graph 25 - Category: win
[2025-01-04 10:37:39] 
Processing graph 26/100
[2025-01-04 10:37:39] Graph 26 has 8 nodes and 10 edges
[2025-01-04 10:37:39] Converted to 10 bitstring edges
[2025-01-04 10:37:39] Computing Matchings Dynamic walk
[2025-01-04 10:37:40] Matchings - CX: 9, U3: 13, Depth: 17
[2025-01-04 10:37:40] Computing Exact walk
[2025-01-04 10:37:40] Exact - CX: 20, U3: 37, Depth: 41
[2025-01-04 10:37:40] Successfully processed graph 26 - Category: win
[2025-01-04 10:37:40] 
Processing graph 27/100
[2025-01-04 10:37:40] Graph 27 has 8 nodes and 8 edges
[2025-01-04 10:37:40] Converted to 8 bitstring edges
[2025-01-04 10:37:40] Computing Matchings Dynamic walk
[2025-01-04 10:37:40] Matchings - CX: 6, U3: 8, Depth: 11
[2025-01-04 10:37:40] Computing Exact walk
[2025-01-04 10:37:40] Exact - CX: 20, U3: 37, Depth: 41
[2025-01-04 10:37:40] Successfully processed graph 27 - Category: win
[2025-01-04 10:37:40] 
Processing graph 28/100
[2025-01-04 10:37:40] Graph 28 has 8 nodes and 9 edges
[2025-01-04 10:37:40] Converted to 9 bitstring edges
[2025-01-04 10:37:40] Computing Matchings Dynamic walk
[2025-01-04 10:37:40] Matchings - CX: 23, U3: 26, Depth: 38
[2025-01-04 10:37:40] Computing Exact walk
[2025-01-04 10:37:40] Exact - CX: 20, U3: 37, Depth: 41
[2025-01-04 10:37:40] Successfully processed graph 28 - Category: lose
[2025-01-04 10:37:40] 
Processing graph 29/100
[2025-01-04 10:37:40] Graph 29 has 8 nodes and 8 edges
[2025-01-04 10:37:40] Converted to 8 bitstring edges
[2025-01-04 10:37:40] Computing Matchings Dynamic walk
[2025-01-04 10:37:41] Matchings - CX: 9, U3: 13, Depth: 17
[2025-01-04 10:37:41] Computing Exact walk
[2025-01-04 10:37:41] Exact - CX: 20, U3: 37, Depth: 41
[2025-01-04 10:37:41] Successfully processed graph 29 - Category: win
[2025-01-04 10:37:41] 
Processing graph 30/100
[2025-01-04 10:37:41] Graph 30 has 8 nodes and 15 edges
[2025-01-04 10:37:41] Converted to 15 bitstring edges
[2025-01-04 10:37:41] Computing Matchings Dynamic walk
[2025-01-04 10:37:41] Matchings - CX: 14, U3: 19, Depth: 24
[2025-01-04 10:37:41] Computing Exact walk
[2025-01-04 10:37:41] Exact - CX: 20, U3: 37, Depth: 41
[2025-01-04 10:37:41] Successfully processed graph 30 - Category: win
[2025-01-04 10:37:41] 
Processing graph 31/100
[2025-01-04 10:37:41] Graph 31 has 8 nodes and 27 edges
[2025-01-04 10:37:41] Converted to 27 bitstring edges
[2025-01-04 10:37:41] Computing Matchings Dynamic walk
[2025-01-04 10:37:41] Matchings - CX: 75, U3: 72, Depth: 114
[2025-01-04 10:37:41] Computing Exact walk
[2025-01-04 10:37:42] Exact - CX: 20, U3: 37, Depth: 41
[2025-01-04 10:37:42] Successfully processed graph 31 - Category: lose
[2025-01-04 10:37:42] 
Processing graph 32/100
[2025-01-04 10:37:42] Graph 32 has 8 nodes and 12 edges
[2025-01-04 10:37:42] Converted to 12 bitstring edges
[2025-01-04 10:37:42] Computing Matchings Dynamic walk
[2025-01-04 10:37:42] Matchings - CX: 8, U3: 8, Depth: 14
[2025-01-04 10:37:42] Computing Exact walk
[2025-01-04 10:37:42] Exact - CX: 20, U3: 37, Depth: 41
[2025-01-04 10:37:42] Successfully processed graph 32 - Category: win
[2025-01-04 10:37:42] 
Processing graph 33/100
[2025-01-04 10:37:42] Graph 33 has 8 nodes and 11 edges
[2025-01-04 10:37:42] Converted to 11 bitstring edges
[2025-01-04 10:37:42] Computing Matchings Dynamic walk
[2025-01-04 10:37:42] Matchings - CX: 9, U3: 17, Depth: 17
[2025-01-04 10:37:42] Computing Exact walk
[2025-01-04 10:37:42] Exact - CX: 20, U3: 36, Depth: 40
[2025-01-04 10:37:42] Successfully processed graph 33 - Category: win
[2025-01-04 10:37:42] 
Processing graph 34/100
[2025-01-04 10:37:42] Graph 34 has 8 nodes and 7 edges
[2025-01-04 10:37:42] Converted to 7 bitstring edges
[2025-01-04 10:37:42] Computing Matchings Dynamic walk
[2025-01-04 10:37:42] Matchings - CX: 4, U3: 6, Depth: 7
[2025-01-04 10:37:42] Computing Exact walk
[2025-01-04 10:37:42] Exact - CX: 20, U3: 36, Depth: 41
[2025-01-04 10:37:42] Successfully processed graph 34 - Category: win
[2025-01-04 10:37:42] 
Processing graph 35/100
[2025-01-04 10:37:42] Graph 35 has 8 nodes and 18 edges
[2025-01-04 10:37:42] Converted to 18 bitstring edges
[2025-01-04 10:37:42] Computing Matchings Dynamic walk
[2025-01-04 10:37:43] Matchings - CX: 35, U3: 41, Depth: 57
[2025-01-04 10:37:43] Computing Exact walk
[2025-01-04 10:37:43] Exact - CX: 20, U3: 37, Depth: 41
[2025-01-04 10:37:43] Successfully processed graph 35 - Category: lose
[2025-01-04 10:37:43] 
Processing graph 36/100
[2025-01-04 10:37:43] Graph 36 has 8 nodes and 19 edges
[2025-01-04 10:37:43] Converted to 19 bitstring edges
[2025-01-04 10:37:43] Computing Matchings Dynamic walk
[2025-01-04 10:37:43] Matchings - CX: 39, U3: 49, Depth: 67
[2025-01-04 10:37:43] Computing Exact walk
[2025-01-04 10:37:43] Exact - CX: 20, U3: 37, Depth: 41
[2025-01-04 10:37:43] Successfully processed graph 36 - Category: lose
[2025-01-04 10:37:43] 
Processing graph 37/100
[2025-01-04 10:37:43] Graph 37 has 8 nodes and 25 edges
[2025-01-04 10:37:43] Converted to 25 bitstring edges
[2025-01-04 10:37:43] Computing Matchings Dynamic walk
[2025-01-04 10:37:43] Matchings - CX: 15, U3: 18, Depth: 26
[2025-01-04 10:37:43] Computing Exact walk
[2025-01-04 10:37:44] Exact - CX: 20, U3: 37, Depth: 41
[2025-01-04 10:37:44] Successfully processed graph 37 - Category: win
[2025-01-04 10:37:44] 
Processing graph 38/100
[2025-01-04 10:37:44] Graph 38 has 8 nodes and 14 edges
[2025-01-04 10:37:44] Converted to 14 bitstring edges
[2025-01-04 10:37:44] Computing Matchings Dynamic walk
[2025-01-04 10:37:44] Matchings - CX: 14, U3: 14, Depth: 23
[2025-01-04 10:37:44] Computing Exact walk
[2025-01-04 10:37:44] Exact - CX: 20, U3: 37, Depth: 41
[2025-01-04 10:37:44] Successfully processed graph 38 - Category: win
[2025-01-04 10:37:44] 
Processing graph 39/100
[2025-01-04 10:37:44] Graph 39 has 8 nodes and 21 edges
[2025-01-04 10:37:44] Converted to 21 bitstring edges
[2025-01-04 10:37:44] Computing Matchings Dynamic walk
[2025-01-04 10:37:44] Matchings - CX: 45, U3: 40, Depth: 67
[2025-01-04 10:37:44] Computing Exact walk
[2025-01-04 10:37:44] Exact - CX: 20, U3: 37, Depth: 41
[2025-01-04 10:37:44] Successfully processed graph 39 - Category: lose
[2025-01-04 10:37:44] 
Processing graph 40/100
[2025-01-04 10:37:44] Graph 40 has 8 nodes and 14 edges
[2025-01-04 10:37:44] Converted to 14 bitstring edges
[2025-01-04 10:37:44] Computing Matchings Dynamic walk
[2025-01-04 10:37:44] Matchings - CX: 12, U3: 15, Depth: 20
[2025-01-04 10:37:44] Computing Exact walk
[2025-01-04 10:37:45] Exact - CX: 20, U3: 37, Depth: 41
[2025-01-04 10:37:45] Successfully processed graph 40 - Category: win
[2025-01-04 10:37:45] 
Processing graph 41/100
[2025-01-04 10:37:45] Graph 41 has 8 nodes and 12 edges
[2025-01-04 10:37:45] Converted to 12 bitstring edges
[2025-01-04 10:37:45] Computing Matchings Dynamic walk
[2025-01-04 10:37:45] Matchings - CX: 16, U3: 19, Depth: 27
[2025-01-04 10:37:45] Computing Exact walk
[2025-01-04 10:37:45] Exact - CX: 20, U3: 37, Depth: 41
[2025-01-04 10:37:45] Successfully processed graph 41 - Category: win
[2025-01-04 10:37:45] 
Processing graph 42/100
[2025-01-04 10:37:45] Graph 42 has 8 nodes and 14 edges
[2025-01-04 10:37:45] Converted to 14 bitstring edges
[2025-01-04 10:37:45] Computing Matchings Dynamic walk
[2025-01-04 10:37:45] Matchings - CX: 18, U3: 22, Depth: 31
[2025-01-04 10:37:45] Computing Exact walk
[2025-01-04 10:37:45] Exact - CX: 20, U3: 37, Depth: 41
[2025-01-04 10:37:45] Successfully processed graph 42 - Category: win
[2025-01-04 10:37:45] 
Processing graph 43/100
[2025-01-04 10:37:45] Graph 43 has 8 nodes and 14 edges
[2025-01-04 10:37:45] Converted to 14 bitstring edges
[2025-01-04 10:37:45] Computing Matchings Dynamic walk
[2025-01-04 10:37:45] Matchings - CX: 3, U3: 6, Depth: 6
[2025-01-04 10:37:45] Computing Exact walk
[2025-01-04 10:37:46] Exact - CX: 20, U3: 37, Depth: 41
[2025-01-04 10:37:46] Successfully processed graph 43 - Category: win
[2025-01-04 10:37:46] 
Processing graph 44/100
[2025-01-04 10:37:46] Graph 44 has 8 nodes and 19 edges
[2025-01-04 10:37:46] Converted to 19 bitstring edges
[2025-01-04 10:37:46] Computing Matchings Dynamic walk
[2025-01-04 10:37:46] Matchings - CX: 56, U3: 54, Depth: 84
[2025-01-04 10:37:46] Computing Exact walk
[2025-01-04 10:37:46] Exact - CX: 20, U3: 37, Depth: 41
[2025-01-04 10:37:46] Successfully processed graph 44 - Category: lose
[2025-01-04 10:37:46] 
Processing graph 45/100
[2025-01-04 10:37:46] Graph 45 has 8 nodes and 12 edges
[2025-01-04 10:37:46] Converted to 12 bitstring edges
[2025-01-04 10:37:46] Computing Matchings Dynamic walk
[2025-01-04 10:37:46] Matchings - CX: 11, U3: 15, Depth: 18
[2025-01-04 10:37:46] Computing Exact walk
[2025-01-04 10:37:46] Exact - CX: 20, U3: 37, Depth: 41
[2025-01-04 10:37:46] Successfully processed graph 45 - Category: win
[2025-01-04 10:37:46] 
Processing graph 46/100
[2025-01-04 10:37:46] Graph 46 has 8 nodes and 14 edges
[2025-01-04 10:37:46] Converted to 14 bitstring edges
[2025-01-04 10:37:46] Computing Matchings Dynamic walk
[2025-01-04 10:37:46] Matchings - CX: 8, U3: 14, Depth: 15
[2025-01-04 10:37:46] Computing Exact walk
[2025-01-04 10:37:47] Exact - CX: 20, U3: 37, Depth: 41
[2025-01-04 10:37:47] Successfully processed graph 46 - Category: win
[2025-01-04 10:37:47] 
Processing graph 47/100
[2025-01-04 10:37:47] Graph 47 has 8 nodes and 15 edges
[2025-01-04 10:37:47] Converted to 15 bitstring edges
[2025-01-04 10:37:47] Computing Matchings Dynamic walk
[2025-01-04 10:37:47] Matchings - CX: 12, U3: 15, Depth: 20
[2025-01-04 10:37:47] Computing Exact walk
[2025-01-04 10:37:47] Exact - CX: 20, U3: 37, Depth: 41
[2025-01-04 10:37:47] Successfully processed graph 47 - Category: win
[2025-01-04 10:37:47] 
Processing graph 48/100
[2025-01-04 10:37:47] Graph 48 has 8 nodes and 12 edges
[2025-01-04 10:37:47] Converted to 12 bitstring edges
[2025-01-04 10:37:47] Computing Matchings Dynamic walk
[2025-01-04 10:37:47] Matchings - CX: 27, U3: 29, Depth: 43
[2025-01-04 10:37:47] Computing Exact walk
[2025-01-04 10:37:47] Exact - CX: 20, U3: 37, Depth: 41
[2025-01-04 10:37:47] Successfully processed graph 48 - Category: lose
[2025-01-04 10:37:47] 
Processing graph 49/100
[2025-01-04 10:37:47] Graph 49 has 8 nodes and 8 edges
[2025-01-04 10:37:47] Converted to 8 bitstring edges
[2025-01-04 10:37:47] Computing Matchings Dynamic walk
[2025-01-04 10:37:47] Matchings - CX: 6, U3: 6, Depth: 9
[2025-01-04 10:37:47] Computing Exact walk
[2025-01-04 10:37:48] Exact - CX: 20, U3: 37, Depth: 41
[2025-01-04 10:37:48] Successfully processed graph 49 - Category: win
[2025-01-04 10:37:48] 
Processing graph 50/100
[2025-01-04 10:37:48] Graph 50 has 8 nodes and 14 edges
[2025-01-04 10:37:48] Converted to 14 bitstring edges
[2025-01-04 10:37:48] Computing Matchings Dynamic walk
[2025-01-04 10:37:48] Matchings - CX: 9, U3: 13, Depth: 17
[2025-01-04 10:37:48] Computing Exact walk
[2025-01-04 10:37:48] Exact - CX: 20, U3: 37, Depth: 41
[2025-01-04 10:37:48] Successfully processed graph 50 - Category: win
[2025-01-04 10:37:48] 
Processing graph 51/100
[2025-01-04 10:37:48] Graph 51 has 8 nodes and 15 edges
[2025-01-04 10:37:48] Converted to 15 bitstring edges
[2025-01-04 10:37:48] Computing Matchings Dynamic walk
[2025-01-04 10:37:48] Matchings - CX: 12, U3: 15, Depth: 20
[2025-01-04 10:37:48] Computing Exact walk
[2025-01-04 10:37:48] Exact - CX: 20, U3: 37, Depth: 41
[2025-01-04 10:37:48] Successfully processed graph 51 - Category: win
[2025-01-04 10:37:48] 
Processing graph 52/100
[2025-01-04 10:37:48] Graph 52 has 8 nodes and 7 edges
[2025-01-04 10:37:48] Converted to 7 bitstring edges
[2025-01-04 10:37:48] Computing Matchings Dynamic walk
[2025-01-04 10:37:48] Matchings - CX: 15, U3: 21, Depth: 25
[2025-01-04 10:37:49] Computing Exact walk
[2025-01-04 10:37:49] Exact - CX: 20, U3: 37, Depth: 41
[2025-01-04 10:37:49] Successfully processed graph 52 - Category: win
[2025-01-04 10:37:49] 
Processing graph 53/100
[2025-01-04 10:37:49] Graph 53 has 8 nodes and 13 edges
[2025-01-04 10:37:49] Converted to 13 bitstring edges
[2025-01-04 10:37:49] Computing Matchings Dynamic walk
[2025-01-04 10:37:49] Matchings - CX: 37, U3: 35, Depth: 58
[2025-01-04 10:37:49] Computing Exact walk
[2025-01-04 10:37:49] Exact - CX: 20, U3: 37, Depth: 41
[2025-01-04 10:37:49] Successfully processed graph 53 - Category: lose
[2025-01-04 10:37:49] 
Processing graph 54/100
[2025-01-04 10:37:49] Graph 54 has 8 nodes and 8 edges
[2025-01-04 10:37:49] Converted to 8 bitstring edges
[2025-01-04 10:37:49] Computing Matchings Dynamic walk
[2025-01-04 10:37:49] Matchings - CX: 12, U3: 11, Depth: 20
[2025-01-04 10:37:49] Computing Exact walk
[2025-01-04 10:37:49] Exact - CX: 20, U3: 36, Depth: 40
[2025-01-04 10:37:49] Successfully processed graph 54 - Category: win
[2025-01-04 10:37:49] 
Processing graph 55/100
[2025-01-04 10:37:49] Graph 55 has 8 nodes and 14 edges
[2025-01-04 10:37:49] Converted to 14 bitstring edges
[2025-01-04 10:37:49] Computing Matchings Dynamic walk
[2025-01-04 10:37:50] Matchings - CX: 11, U3: 14, Depth: 17
[2025-01-04 10:37:50] Computing Exact walk
[2025-01-04 10:37:50] Exact - CX: 20, U3: 37, Depth: 41
[2025-01-04 10:37:50] Successfully processed graph 55 - Category: win
[2025-01-04 10:37:50] 
Processing graph 56/100
[2025-01-04 10:37:50] Graph 56 has 8 nodes and 24 edges
[2025-01-04 10:37:50] Converted to 24 bitstring edges
[2025-01-04 10:37:50] Computing Matchings Dynamic walk
[2025-01-04 10:37:50] Matchings - CX: 49, U3: 60, Depth: 81
[2025-01-04 10:37:50] Computing Exact walk
[2025-01-04 10:37:50] Exact - CX: 20, U3: 37, Depth: 41
[2025-01-04 10:37:50] Successfully processed graph 56 - Category: lose
[2025-01-04 10:37:50] 
Processing graph 57/100
[2025-01-04 10:37:50] Graph 57 has 8 nodes and 15 edges
[2025-01-04 10:37:50] Converted to 15 bitstring edges
[2025-01-04 10:37:50] Computing Matchings Dynamic walk
[2025-01-04 10:37:50] Matchings - CX: 14, U3: 14, Depth: 23
[2025-01-04 10:37:50] Computing Exact walk
[2025-01-04 10:37:51] Exact - CX: 20, U3: 37, Depth: 41
[2025-01-04 10:37:51] Successfully processed graph 57 - Category: win
[2025-01-04 10:37:51] 
Processing graph 58/100
[2025-01-04 10:37:51] Graph 58 has 8 nodes and 7 edges
[2025-01-04 10:37:51] Converted to 7 bitstring edges
[2025-01-04 10:37:51] Computing Matchings Dynamic walk
[2025-01-04 10:37:51] Matchings - CX: 11, U3: 14, Depth: 18
[2025-01-04 10:37:51] Computing Exact walk
[2025-01-04 10:37:51] Exact - CX: 19, U3: 34, Depth: 39
[2025-01-04 10:37:51] Successfully processed graph 58 - Category: win
[2025-01-04 10:37:51] 
Processing graph 59/100
[2025-01-04 10:37:51] Graph 59 has 8 nodes and 21 edges
[2025-01-04 10:37:51] Converted to 21 bitstring edges
[2025-01-04 10:37:51] Computing Matchings Dynamic walk
[2025-01-04 10:37:51] Matchings - CX: 22, U3: 26, Depth: 36
[2025-01-04 10:37:51] Computing Exact walk
[2025-01-04 10:37:51] Exact - CX: 20, U3: 37, Depth: 41
[2025-01-04 10:37:51] Successfully processed graph 59 - Category: lose
[2025-01-04 10:37:51] 
Processing graph 60/100
[2025-01-04 10:37:51] Graph 60 has 8 nodes and 7 edges
[2025-01-04 10:37:51] Converted to 7 bitstring edges
[2025-01-04 10:37:51] Computing Matchings Dynamic walk
[2025-01-04 10:37:51] Matchings - CX: 4, U3: 6, Depth: 7
[2025-01-04 10:37:51] Computing Exact walk
[2025-01-04 10:37:51] Exact - CX: 20, U3: 37, Depth: 41
[2025-01-04 10:37:51] Successfully processed graph 60 - Category: win
[2025-01-04 10:37:51] 
Processing graph 61/100
[2025-01-04 10:37:51] Graph 61 has 8 nodes and 15 edges
[2025-01-04 10:37:51] Converted to 15 bitstring edges
[2025-01-04 10:37:51] Computing Matchings Dynamic walk
[2025-01-04 10:37:52] Matchings - CX: 41, U3: 43, Depth: 65
[2025-01-04 10:37:52] Computing Exact walk
[2025-01-04 10:37:52] Exact - CX: 20, U3: 37, Depth: 41
[2025-01-04 10:37:52] Successfully processed graph 61 - Category: lose
[2025-01-04 10:37:52] 
Processing graph 62/100
[2025-01-04 10:37:52] Graph 62 has 8 nodes and 25 edges
[2025-01-04 10:37:52] Converted to 25 bitstring edges
[2025-01-04 10:37:52] Computing Matchings Dynamic walk
[2025-01-04 10:37:52] Matchings - CX: 38, U3: 39, Depth: 60
[2025-01-04 10:37:52] Computing Exact walk
[2025-01-04 10:37:52] Exact - CX: 20, U3: 37, Depth: 41
[2025-01-04 10:37:52] Successfully processed graph 62 - Category: lose
[2025-01-04 10:37:52] 
Processing graph 63/100
[2025-01-04 10:37:52] Graph 63 has 8 nodes and 10 edges
[2025-01-04 10:37:52] Converted to 10 bitstring edges
[2025-01-04 10:37:52] Computing Matchings Dynamic walk
[2025-01-04 10:37:52] Matchings - CX: 27, U3: 26, Depth: 43
[2025-01-04 10:37:52] Computing Exact walk
[2025-01-04 10:37:53] Exact - CX: 20, U3: 37, Depth: 41
[2025-01-04 10:37:53] Successfully processed graph 63 - Category: lose
[2025-01-04 10:37:53] 
Processing graph 64/100
[2025-01-04 10:37:53] Graph 64 has 8 nodes and 8 edges
[2025-01-04 10:37:53] Converted to 8 bitstring edges
[2025-01-04 10:37:53] Computing Matchings Dynamic walk
[2025-01-04 10:37:53] Matchings - CX: 7, U3: 15, Depth: 14
[2025-01-04 10:37:53] Computing Exact walk
[2025-01-04 10:37:53] Exact - CX: 20, U3: 37, Depth: 41
[2025-01-04 10:37:53] Successfully processed graph 64 - Category: win
[2025-01-04 10:37:53] 
Processing graph 65/100
[2025-01-04 10:37:53] Graph 65 has 8 nodes and 12 edges
[2025-01-04 10:37:53] Converted to 12 bitstring edges
[2025-01-04 10:37:53] Computing Matchings Dynamic walk
[2025-01-04 10:37:53] Matchings - CX: 25, U3: 28, Depth: 41
[2025-01-04 10:37:53] Computing Exact walk
[2025-01-04 10:37:53] Exact - CX: 20, U3: 37, Depth: 41
[2025-01-04 10:37:53] Successfully processed graph 65 - Category: lose
[2025-01-04 10:37:53] 
Processing graph 66/100
[2025-01-04 10:37:53] Graph 66 has 8 nodes and 7 edges
[2025-01-04 10:37:53] Converted to 7 bitstring edges
[2025-01-04 10:37:53] Computing Matchings Dynamic walk
[2025-01-04 10:37:53] Matchings - CX: 2, U3: 6, Depth: 5
[2025-01-04 10:37:53] Computing Exact walk
[2025-01-04 10:37:54] Exact - CX: 17, U3: 31, Depth: 33
[2025-01-04 10:37:54] Successfully processed graph 66 - Category: win
[2025-01-04 10:37:54] 
Processing graph 67/100
[2025-01-04 10:37:54] Graph 67 has 8 nodes and 7 edges
[2025-01-04 10:37:54] Converted to 7 bitstring edges
[2025-01-04 10:37:54] Computing Matchings Dynamic walk
[2025-01-04 10:37:54] Matchings - CX: 13, U3: 19, Depth: 23
[2025-01-04 10:37:54] Computing Exact walk
[2025-01-04 10:37:54] Exact - CX: 19, U3: 35, Depth: 39
[2025-01-04 10:37:54] Successfully processed graph 67 - Category: win
[2025-01-04 10:37:54] 
Processing graph 68/100
[2025-01-04 10:37:54] Graph 68 has 8 nodes and 13 edges
[2025-01-04 10:37:54] Converted to 13 bitstring edges
[2025-01-04 10:37:54] Computing Matchings Dynamic walk
[2025-01-04 10:37:54] Matchings - CX: 30, U3: 26, Depth: 44
[2025-01-04 10:37:54] Computing Exact walk
[2025-01-04 10:37:54] Exact - CX: 20, U3: 37, Depth: 41
[2025-01-04 10:37:54] Successfully processed graph 68 - Category: lose
[2025-01-04 10:37:54] 
Processing graph 69/100
[2025-01-04 10:37:54] Graph 69 has 8 nodes and 8 edges
[2025-01-04 10:37:54] Converted to 8 bitstring edges
[2025-01-04 10:37:54] Computing Matchings Dynamic walk
[2025-01-04 10:37:54] Matchings - CX: 5, U3: 9, Depth: 9
[2025-01-04 10:37:54] Computing Exact walk
[2025-01-04 10:37:55] Exact - CX: 20, U3: 37, Depth: 41
[2025-01-04 10:37:55] Successfully processed graph 69 - Category: win
[2025-01-04 10:37:55] 
Processing graph 70/100
[2025-01-04 10:37:55] Graph 70 has 8 nodes and 26 edges
[2025-01-04 10:37:55] Converted to 26 bitstring edges
[2025-01-04 10:37:55] Computing Matchings Dynamic walk
[2025-01-04 10:37:55] Matchings - CX: 77, U3: 76, Depth: 117
[2025-01-04 10:37:55] Computing Exact walk
[2025-01-04 10:37:55] Exact - CX: 20, U3: 37, Depth: 41
[2025-01-04 10:37:55] Successfully processed graph 70 - Category: lose
[2025-01-04 10:37:55] 
Processing graph 71/100
[2025-01-04 10:37:55] Graph 71 has 8 nodes and 11 edges
[2025-01-04 10:37:55] Converted to 11 bitstring edges
[2025-01-04 10:37:55] Computing Matchings Dynamic walk
[2025-01-04 10:37:55] Matchings - CX: 41, U3: 44, Depth: 66
[2025-01-04 10:37:55] Computing Exact walk
[2025-01-04 10:37:55] Exact - CX: 20, U3: 37, Depth: 41
[2025-01-04 10:37:55] Successfully processed graph 71 - Category: lose
[2025-01-04 10:37:55] 
Processing graph 72/100
[2025-01-04 10:37:55] Graph 72 has 8 nodes and 25 edges
[2025-01-04 10:37:55] Converted to 25 bitstring edges
[2025-01-04 10:37:55] Computing Matchings Dynamic walk
[2025-01-04 10:37:56] Matchings - CX: 66, U3: 62, Depth: 99
[2025-01-04 10:37:56] Computing Exact walk
[2025-01-04 10:37:56] Exact - CX: 20, U3: 37, Depth: 41
[2025-01-04 10:37:56] Successfully processed graph 72 - Category: lose
[2025-01-04 10:37:56] 
Processing graph 73/100
[2025-01-04 10:37:56] Graph 73 has 8 nodes and 12 edges
[2025-01-04 10:37:56] Converted to 12 bitstring edges
[2025-01-04 10:37:56] Computing Matchings Dynamic walk
[2025-01-04 10:37:56] Matchings - CX: 18, U3: 25, Depth: 31
[2025-01-04 10:37:56] Computing Exact walk
[2025-01-04 10:37:56] Exact - CX: 20, U3: 37, Depth: 41
[2025-01-04 10:37:56] Successfully processed graph 73 - Category: win
[2025-01-04 10:37:56] 
Processing graph 74/100
[2025-01-04 10:37:56] Graph 74 has 8 nodes and 25 edges
[2025-01-04 10:37:56] Converted to 25 bitstring edges
[2025-01-04 10:37:56] Computing Matchings Dynamic walk
[2025-01-04 10:37:57] Matchings - CX: 53, U3: 48, Depth: 79
[2025-01-04 10:37:57] Computing Exact walk
[2025-01-04 10:37:57] Exact - CX: 20, U3: 37, Depth: 41
[2025-01-04 10:37:57] Successfully processed graph 74 - Category: lose
[2025-01-04 10:37:57] 
Processing graph 75/100
[2025-01-04 10:37:57] Graph 75 has 8 nodes and 26 edges
[2025-01-04 10:37:57] Converted to 26 bitstring edges
[2025-01-04 10:37:57] Computing Matchings Dynamic walk
[2025-01-04 10:37:57] Matchings - CX: 27, U3: 20, Depth: 37
[2025-01-04 10:37:57] Computing Exact walk
[2025-01-04 10:37:57] Exact - CX: 20, U3: 37, Depth: 41
[2025-01-04 10:37:57] Successfully processed graph 75 - Category: lose
[2025-01-04 10:37:57] 
Processing graph 76/100
[2025-01-04 10:37:57] Graph 76 has 8 nodes and 10 edges
[2025-01-04 10:37:57] Converted to 10 bitstring edges
[2025-01-04 10:37:57] Computing Matchings Dynamic walk
[2025-01-04 10:37:57] Matchings - CX: 8, U3: 11, Depth: 14
[2025-01-04 10:37:57] Computing Exact walk
[2025-01-04 10:37:57] Exact - CX: 20, U3: 37, Depth: 41
[2025-01-04 10:37:57] Successfully processed graph 76 - Category: win
[2025-01-04 10:37:57] 
Processing graph 77/100
[2025-01-04 10:37:57] Graph 77 has 8 nodes and 7 edges
[2025-01-04 10:37:57] Converted to 7 bitstring edges
[2025-01-04 10:37:57] Computing Matchings Dynamic walk
[2025-01-04 10:37:58] Matchings - CX: 15, U3: 18, Depth: 25
[2025-01-04 10:37:58] Computing Exact walk
[2025-01-04 10:37:58] Exact - CX: 19, U3: 35, Depth: 39
[2025-01-04 10:37:58] Successfully processed graph 77 - Category: win
[2025-01-04 10:37:58] 
Processing graph 78/100
[2025-01-04 10:37:58] Graph 78 has 8 nodes and 20 edges
[2025-01-04 10:37:58] Converted to 20 bitstring edges
[2025-01-04 10:37:58] Computing Matchings Dynamic walk
[2025-01-04 10:37:58] Matchings - CX: 42, U3: 41, Depth: 64
[2025-01-04 10:37:58] Computing Exact walk
[2025-01-04 10:37:58] Exact - CX: 20, U3: 37, Depth: 41
[2025-01-04 10:37:58] Successfully processed graph 78 - Category: lose
[2025-01-04 10:37:58] 
Processing graph 79/100
[2025-01-04 10:37:58] Graph 79 has 8 nodes and 11 edges
[2025-01-04 10:37:58] Converted to 11 bitstring edges
[2025-01-04 10:37:58] Computing Matchings Dynamic walk
[2025-01-04 10:37:58] Matchings - CX: 18, U3: 18, Depth: 30
[2025-01-04 10:37:58] Computing Exact walk
[2025-01-04 10:37:59] Exact - CX: 20, U3: 36, Depth: 41
[2025-01-04 10:37:59] Successfully processed graph 79 - Category: win
[2025-01-04 10:37:59] 
Processing graph 80/100
[2025-01-04 10:37:59] Graph 80 has 8 nodes and 7 edges
[2025-01-04 10:37:59] Converted to 7 bitstring edges
[2025-01-04 10:37:59] Computing Matchings Dynamic walk
[2025-01-04 10:37:59] Matchings - CX: 9, U3: 13, Depth: 17
[2025-01-04 10:37:59] Computing Exact walk
[2025-01-04 10:37:59] Exact - CX: 20, U3: 37, Depth: 41
[2025-01-04 10:37:59] Successfully processed graph 80 - Category: win
[2025-01-04 10:37:59] 
Processing graph 81/100
[2025-01-04 10:37:59] Graph 81 has 8 nodes and 7 edges
[2025-01-04 10:37:59] Converted to 7 bitstring edges
[2025-01-04 10:37:59] Computing Matchings Dynamic walk
[2025-01-04 10:37:59] Matchings - CX: 8, U3: 9, Depth: 14
[2025-01-04 10:37:59] Computing Exact walk
[2025-01-04 10:37:59] Exact - CX: 20, U3: 37, Depth: 41
[2025-01-04 10:37:59] Successfully processed graph 81 - Category: win
[2025-01-04 10:37:59] 
Processing graph 82/100
[2025-01-04 10:37:59] Graph 82 has 8 nodes and 11 edges
[2025-01-04 10:37:59] Converted to 11 bitstring edges
[2025-01-04 10:37:59] Computing Matchings Dynamic walk
[2025-01-04 10:37:59] Matchings - CX: 5, U3: 9, Depth: 9
[2025-01-04 10:37:59] Computing Exact walk
[2025-01-04 10:37:59] Exact - CX: 20, U3: 37, Depth: 41
[2025-01-04 10:37:59] Successfully processed graph 82 - Category: win
[2025-01-04 10:37:59] 
Processing graph 83/100
[2025-01-04 10:37:59] Graph 83 has 8 nodes and 11 edges
[2025-01-04 10:37:59] Converted to 11 bitstring edges
[2025-01-04 10:37:59] Computing Matchings Dynamic walk
[2025-01-04 10:38:00] Matchings - CX: 19, U3: 20, Depth: 32
[2025-01-04 10:38:00] Computing Exact walk
[2025-01-04 10:38:00] Exact - CX: 20, U3: 37, Depth: 41
[2025-01-04 10:38:00] Successfully processed graph 83 - Category: win
[2025-01-04 10:38:00] 
Processing graph 84/100
[2025-01-04 10:38:00] Graph 84 has 8 nodes and 7 edges
[2025-01-04 10:38:00] Converted to 7 bitstring edges
[2025-01-04 10:38:00] Computing Matchings Dynamic walk
[2025-01-04 10:38:00] Matchings - CX: 11, U3: 17, Depth: 19
[2025-01-04 10:38:00] Computing Exact walk
[2025-01-04 10:38:00] Exact - CX: 20, U3: 37, Depth: 41
[2025-01-04 10:38:00] Successfully processed graph 84 - Category: win
[2025-01-04 10:38:00] 
Processing graph 85/100
[2025-01-04 10:38:00] Graph 85 has 8 nodes and 15 edges
[2025-01-04 10:38:00] Converted to 15 bitstring edges
[2025-01-04 10:38:00] Computing Matchings Dynamic walk
[2025-01-04 10:38:00] Matchings - CX: 24, U3: 21, Depth: 38
[2025-01-04 10:38:00] Computing Exact walk
[2025-01-04 10:38:00] Exact - CX: 20, U3: 37, Depth: 41
[2025-01-04 10:38:00] Successfully processed graph 85 - Category: lose
[2025-01-04 10:38:00] 
Processing graph 86/100
[2025-01-04 10:38:00] Graph 86 has 8 nodes and 21 edges
[2025-01-04 10:38:00] Converted to 21 bitstring edges
[2025-01-04 10:38:00] Computing Matchings Dynamic walk
[2025-01-04 10:38:01] Matchings - CX: 25, U3: 21, Depth: 35
[2025-01-04 10:38:01] Computing Exact walk
[2025-01-04 10:38:01] Exact - CX: 20, U3: 37, Depth: 41
[2025-01-04 10:38:01] Successfully processed graph 86 - Category: lose
[2025-01-04 10:38:01] 
Processing graph 87/100
[2025-01-04 10:38:01] Graph 87 has 8 nodes and 7 edges
[2025-01-04 10:38:01] Converted to 7 bitstring edges
[2025-01-04 10:38:01] Computing Matchings Dynamic walk
[2025-01-04 10:38:01] Matchings - CX: 4, U3: 6, Depth: 7
[2025-01-04 10:38:01] Computing Exact walk
[2025-01-04 10:38:01] Exact - CX: 19, U3: 34, Depth: 39
[2025-01-04 10:38:01] Successfully processed graph 87 - Category: win
[2025-01-04 10:38:01] 
Processing graph 88/100
[2025-01-04 10:38:01] Graph 88 has 8 nodes and 12 edges
[2025-01-04 10:38:01] Converted to 12 bitstring edges
[2025-01-04 10:38:01] Computing Matchings Dynamic walk
[2025-01-04 10:38:01] Matchings - CX: 15, U3: 23, Depth: 27
[2025-01-04 10:38:01] Computing Exact walk
[2025-01-04 10:38:01] Exact - CX: 20, U3: 37, Depth: 41
[2025-01-04 10:38:01] Successfully processed graph 88 - Category: win
[2025-01-04 10:38:01] 
Processing graph 89/100
[2025-01-04 10:38:01] Graph 89 has 8 nodes and 7 edges
[2025-01-04 10:38:01] Converted to 7 bitstring edges
[2025-01-04 10:38:01] Computing Matchings Dynamic walk
[2025-01-04 10:38:01] Matchings - CX: 6, U3: 6, Depth: 10
[2025-01-04 10:38:01] Computing Exact walk
[2025-01-04 10:38:02] Exact - CX: 20, U3: 37, Depth: 41
[2025-01-04 10:38:02] Successfully processed graph 89 - Category: win
[2025-01-04 10:38:02] 
Processing graph 90/100
[2025-01-04 10:38:02] Graph 90 has 8 nodes and 8 edges
[2025-01-04 10:38:02] Converted to 8 bitstring edges
[2025-01-04 10:38:02] Computing Matchings Dynamic walk
[2025-01-04 10:38:02] Matchings - CX: 24, U3: 27, Depth: 40
[2025-01-04 10:38:02] Computing Exact walk
[2025-01-04 10:38:02] Exact - CX: 13, U3: 28, Depth: 27
[2025-01-04 10:38:02] Successfully processed graph 90 - Category: lose
[2025-01-04 10:38:02] 
Processing graph 91/100
[2025-01-04 10:38:02] Graph 91 has 8 nodes and 7 edges
[2025-01-04 10:38:02] Converted to 7 bitstring edges
[2025-01-04 10:38:02] Computing Matchings Dynamic walk
[2025-01-04 10:38:02] Matchings - CX: 14, U3: 19, Depth: 23
[2025-01-04 10:38:02] Computing Exact walk
[2025-01-04 10:38:02] Exact - CX: 19, U3: 33, Depth: 38
[2025-01-04 10:38:02] Successfully processed graph 91 - Category: win
[2025-01-04 10:38:02] 
Processing graph 92/100
[2025-01-04 10:38:02] Graph 92 has 8 nodes and 7 edges
[2025-01-04 10:38:02] Converted to 7 bitstring edges
[2025-01-04 10:38:02] Computing Matchings Dynamic walk
[2025-01-04 10:38:02] Matchings - CX: 8, U3: 14, Depth: 16
[2025-01-04 10:38:02] Computing Exact walk
[2025-01-04 10:38:03] Exact - CX: 20, U3: 35, Depth: 40
[2025-01-04 10:38:03] Successfully processed graph 92 - Category: win
[2025-01-04 10:38:03] 
Processing graph 93/100
[2025-01-04 10:38:03] Graph 93 has 8 nodes and 7 edges
[2025-01-04 10:38:03] Converted to 7 bitstring edges
[2025-01-04 10:38:03] Computing Matchings Dynamic walk
[2025-01-04 10:38:03] Matchings - CX: 14, U3: 20, Depth: 24
[2025-01-04 10:38:03] Computing Exact walk
[2025-01-04 10:38:03] Exact - CX: 20, U3: 37, Depth: 41
[2025-01-04 10:38:03] Successfully processed graph 93 - Category: win
[2025-01-04 10:38:03] 
Processing graph 94/100
[2025-01-04 10:38:03] Graph 94 has 8 nodes and 7 edges
[2025-01-04 10:38:03] Converted to 7 bitstring edges
[2025-01-04 10:38:03] Computing Matchings Dynamic walk
[2025-01-04 10:38:03] Matchings - CX: 16, U3: 19, Depth: 27
[2025-01-04 10:38:03] Computing Exact walk
[2025-01-04 10:38:03] Exact - CX: 20, U3: 36, Depth: 40
[2025-01-04 10:38:03] Successfully processed graph 94 - Category: win
[2025-01-04 10:38:03] 
Processing graph 95/100
[2025-01-04 10:38:03] Graph 95 has 8 nodes and 7 edges
[2025-01-04 10:38:03] Converted to 7 bitstring edges
[2025-01-04 10:38:03] Computing Matchings Dynamic walk
[2025-01-04 10:38:03] Matchings - CX: 4, U3: 6, Depth: 7
[2025-01-04 10:38:03] Computing Exact walk
[2025-01-04 10:38:03] Exact - CX: 20, U3: 37, Depth: 41
[2025-01-04 10:38:03] Successfully processed graph 95 - Category: win
[2025-01-04 10:38:03] 
Processing graph 96/100
[2025-01-04 10:38:03] Graph 96 has 8 nodes and 7 edges
[2025-01-04 10:38:03] Converted to 7 bitstring edges
[2025-01-04 10:38:03] Computing Matchings Dynamic walk
[2025-01-04 10:38:04] Matchings - CX: 15, U3: 20, Depth: 26
[2025-01-04 10:38:04] Computing Exact walk
[2025-01-04 10:38:04] Exact - CX: 20, U3: 36, Depth: 41
[2025-01-04 10:38:04] Successfully processed graph 96 - Category: win
[2025-01-04 10:38:04] 
Processing graph 97/100
[2025-01-04 10:38:04] Graph 97 has 8 nodes and 7 edges
[2025-01-04 10:38:04] Converted to 7 bitstring edges
[2025-01-04 10:38:04] Computing Matchings Dynamic walk
[2025-01-04 10:38:04] Matchings - CX: 12, U3: 13, Depth: 20
[2025-01-04 10:38:04] Computing Exact walk
[2025-01-04 10:38:04] Exact - CX: 20, U3: 36, Depth: 41
[2025-01-04 10:38:04] Successfully processed graph 97 - Category: win
[2025-01-04 10:38:04] 
Processing graph 98/100
[2025-01-04 10:38:04] Graph 98 has 8 nodes and 7 edges
[2025-01-04 10:38:04] Converted to 7 bitstring edges
[2025-01-04 10:38:04] Computing Matchings Dynamic walk
[2025-01-04 10:38:04] Matchings - CX: 3, U3: 4, Depth: 5
[2025-01-04 10:38:04] Computing Exact walk
[2025-01-04 10:38:04] Exact - CX: 20, U3: 35, Depth: 40
[2025-01-04 10:38:04] Successfully processed graph 98 - Category: win
[2025-01-04 10:38:04] 
Processing graph 99/100
[2025-01-04 10:38:04] Graph 99 has 8 nodes and 7 edges
[2025-01-04 10:38:04] Converted to 7 bitstring edges
[2025-01-04 10:38:04] Computing Matchings Dynamic walk
[2025-01-04 10:38:04] Matchings - CX: 15, U3: 22, Depth: 26
[2025-01-04 10:38:04] Computing Exact walk
[2025-01-04 10:38:05] Exact - CX: 20, U3: 36, Depth: 40
[2025-01-04 10:38:05] Successfully processed graph 99 - Category: win
[2025-01-04 10:38:05] 
Final Results Summary:
[2025-01-04 10:38:05] Total graphs in file: 100
[2025-01-04 10:38:05] Successfully processed: 100
[2025-01-04 10:38:05] win: 63 (63.0%)
[2025-01-04 10:38:05] lose: 37 (37.0%)
[2025-01-04 10:38:05] draw: 0 (0.0%)
[2025-01-04 10:38:05] 
Average Gate Counts by Category:
[2025-01-04 10:38:05] win_matching_cx: 10.90
[2025-01-04 10:38:05] win_matching_u3: 14.16
[2025-01-04 10:38:05] win_exact_cx: 19.79
[2025-01-04 10:38:05] win_exact_u3: 36.25
[2025-01-04 10:38:05] win_matching_depth: 18.76
[2025-01-04 10:38:05] win_exact_depth: 40.37
[2025-01-04 10:38:05] lose_matching_cx: 40.32
[2025-01-04 10:38:05] lose_matching_u3: 41.27
[2025-01-04 10:38:05] lose_exact_cx: 19.78
[2025-01-04 10:38:05] lose_exact_u3: 36.57
[2025-01-04 10:38:05] lose_matching_depth: 62.89
[2025-01-04 10:38:05] lose_exact_depth: 40.49
[2025-01-04 10:38:26] Starting analysis with:
[2025-01-04 10:38:26] Number of qubits: 3
[2025-01-04 10:38:26] Number of vertices: 8
[2025-01-04 10:38:26] Delta t: 0.1
[2025-01-04 10:38:26] Input file: ../data/graphs/100graph_50-50_8c.g6
[2025-01-04 10:38:26] Parsed graph info: {'num_graphs': 100, 'size': '50-50', 'vertices': '8', 'type': 'c'}
[2025-01-04 10:38:26] Found 100 graphs in file
[2025-01-04 10:38:26] 
Processing graph 0/100
[2025-01-04 10:38:26] Graph 0 has 8 nodes and 15 edges
[2025-01-04 10:38:26] Converted to 15 bitstring edges
[2025-01-04 10:38:26] Computing Matchings Dynamic walk
[2025-01-04 10:38:26] Matchings - CX: 14, U3: 17, Depth: 23
[2025-01-04 10:38:26] Computing Exact walk
[2025-01-04 10:38:26] Exact - CX: 20, U3: 37, Depth: 41
[2025-01-04 10:38:26] Successfully processed graph 0 - Category: win
[2025-01-04 10:38:26] 
Processing graph 1/100
[2025-01-04 10:38:26] Graph 1 has 8 nodes and 7 edges
[2025-01-04 10:38:26] Converted to 7 bitstring edges
[2025-01-04 10:38:26] Computing Matchings Dynamic walk
[2025-01-04 10:38:26] Matchings - CX: 6, U3: 4, Depth: 10
[2025-01-04 10:38:26] Computing Exact walk
[2025-01-04 10:38:27] Exact - CX: 20, U3: 36, Depth: 40
[2025-01-04 10:38:27] Successfully processed graph 1 - Category: win
[2025-01-04 10:38:27] 
Processing graph 2/100
[2025-01-04 10:38:27] Graph 2 has 8 nodes and 25 edges
[2025-01-04 10:38:27] Converted to 25 bitstring edges
[2025-01-04 10:38:27] Computing Matchings Dynamic walk
[2025-01-04 10:38:27] Matchings - CX: 24, U3: 26, Depth: 39
[2025-01-04 10:38:27] Computing Exact walk
[2025-01-04 10:38:27] Exact - CX: 20, U3: 37, Depth: 41
[2025-01-04 10:38:27] Successfully processed graph 2 - Category: lose
[2025-01-04 10:38:27] 
Processing graph 3/100
[2025-01-04 10:38:27] Graph 3 has 8 nodes and 26 edges
[2025-01-04 10:38:27] Converted to 26 bitstring edges
[2025-01-04 10:38:27] Computing Matchings Dynamic walk
[2025-01-04 10:38:27] Matchings - CX: 83, U3: 79, Depth: 125
[2025-01-04 10:38:27] Computing Exact walk
[2025-01-04 10:38:28] Exact - CX: 20, U3: 37, Depth: 41
[2025-01-04 10:38:28] Successfully processed graph 3 - Category: lose
[2025-01-04 10:38:28] 
Processing graph 4/100
[2025-01-04 10:38:28] Graph 4 has 8 nodes and 11 edges
[2025-01-04 10:38:28] Converted to 11 bitstring edges
[2025-01-04 10:38:28] Computing Matchings Dynamic walk
[2025-01-04 10:38:28] Matchings - CX: 13, U3: 18, Depth: 23
[2025-01-04 10:38:28] Computing Exact walk
[2025-01-04 10:38:28] Exact - CX: 20, U3: 37, Depth: 41
[2025-01-04 10:38:28] Successfully processed graph 4 - Category: win
[2025-01-04 10:38:28] 
Processing graph 5/100
[2025-01-04 10:38:28] Graph 5 has 8 nodes and 7 edges
[2025-01-04 10:38:28] Converted to 7 bitstring edges
[2025-01-04 10:38:28] Computing Matchings Dynamic walk
[2025-01-04 10:38:28] Matchings - CX: 24, U3: 27, Depth: 40
[2025-01-04 10:38:28] Computing Exact walk
[2025-01-04 10:38:28] Exact - CX: 19, U3: 31, Depth: 36
[2025-01-04 10:38:28] Successfully processed graph 5 - Category: lose
[2025-01-04 10:38:28] 
Processing graph 6/100
[2025-01-04 10:38:28] Graph 6 has 8 nodes and 10 edges
[2025-01-04 10:38:28] Converted to 10 bitstring edges
[2025-01-04 10:38:28] Computing Matchings Dynamic walk
[2025-01-04 10:38:29] Matchings - CX: 18, U3: 18, Depth: 29
[2025-01-04 10:38:29] Computing Exact walk
[2025-01-04 10:38:29] Exact - CX: 20, U3: 36, Depth: 41
[2025-01-04 10:38:29] Successfully processed graph 6 - Category: win
[2025-01-04 10:38:29] 
Processing graph 7/100
[2025-01-04 10:38:29] Graph 7 has 8 nodes and 13 edges
[2025-01-04 10:38:29] Converted to 13 bitstring edges
[2025-01-04 10:38:29] Computing Matchings Dynamic walk
[2025-01-04 10:38:29] Matchings - CX: 14, U3: 17, Depth: 23
[2025-01-04 10:38:29] Computing Exact walk
[2025-01-04 10:38:29] Exact - CX: 20, U3: 37, Depth: 41
[2025-01-04 10:38:29] Successfully processed graph 7 - Category: win
[2025-01-04 10:38:29] 
Processing graph 8/100
[2025-01-04 10:38:29] Graph 8 has 8 nodes and 7 edges
[2025-01-04 10:38:29] Converted to 7 bitstring edges
[2025-01-04 10:38:29] Computing Matchings Dynamic walk
[2025-01-04 10:38:29] Matchings - CX: 14, U3: 19, Depth: 24
[2025-01-04 10:38:29] Computing Exact walk
[2025-01-04 10:38:29] Exact - CX: 19, U3: 33, Depth: 38
[2025-01-04 10:38:29] Successfully processed graph 8 - Category: win
[2025-01-04 10:38:29] 
Processing graph 9/100
[2025-01-04 10:38:29] Graph 9 has 8 nodes and 14 edges
[2025-01-04 10:38:29] Converted to 14 bitstring edges
[2025-01-04 10:38:29] Computing Matchings Dynamic walk
[2025-01-04 10:38:30] Matchings - CX: 21, U3: 28, Depth: 37
[2025-01-04 10:38:30] Computing Exact walk
[2025-01-04 10:38:33] Starting analysis with:
[2025-01-04 10:38:33] Number of qubits: 3
[2025-01-04 10:38:33] Number of vertices: 8
[2025-01-04 10:38:33] Delta t: 0.1
[2025-01-04 10:38:33] Input file: ../data/graphs/100graph_50-50_8c.g6
[2025-01-04 10:38:33] Parsed graph info: {'num_graphs': 100, 'size': '50-50', 'vertices': '8', 'type': 'c'}
[2025-01-04 10:38:33] Found 100 graphs in file
[2025-01-04 10:38:33] 
Processing graph 0/100
[2025-01-04 10:38:33] Graph 0 has 8 nodes and 15 edges
[2025-01-04 10:38:33] Converted to 15 bitstring edges
[2025-01-04 10:38:33] Computing Matchings Dynamic walk
[2025-01-04 10:38:33] Matchings - CX: 22, U3: 25, Depth: 35
[2025-01-04 10:38:33] Computing Exact walk
[2025-01-04 10:38:33] Exact - CX: 20, U3: 37, Depth: 41
[2025-01-04 10:38:33] Successfully processed graph 0 - Category: lose
[2025-01-04 10:38:33] 
Processing graph 1/100
[2025-01-04 10:38:33] Graph 1 has 8 nodes and 7 edges
[2025-01-04 10:38:33] Converted to 7 bitstring edges
[2025-01-04 10:38:33] Computing Matchings Dynamic walk
[2025-01-04 10:38:33] Matchings - CX: 27, U3: 29, Depth: 43
[2025-01-04 10:38:33] Computing Exact walk
[2025-01-04 10:38:33] Exact - CX: 20, U3: 36, Depth: 40
[2025-01-04 10:38:33] Successfully processed graph 1 - Category: lose
[2025-01-04 10:38:33] 
Processing graph 2/100
[2025-01-04 10:38:33] Graph 2 has 8 nodes and 25 edges
[2025-01-04 10:38:33] Converted to 25 bitstring edges
[2025-01-04 10:38:33] Computing Matchings Dynamic walk
[2025-01-04 10:38:33] Matchings - CX: 37, U3: 36, Depth: 59
[2025-01-04 10:38:33] Computing Exact walk
[2025-01-04 10:38:34] Exact - CX: 20, U3: 37, Depth: 41
[2025-01-04 10:38:34] Successfully processed graph 2 - Category: lose
[2025-01-04 10:38:34] 
Processing graph 3/100
[2025-01-04 10:38:34] Graph 3 has 8 nodes and 26 edges
[2025-01-04 10:38:34] Converted to 26 bitstring edges
[2025-01-04 10:38:34] Computing Matchings Dynamic walk
[2025-01-04 10:38:34] Matchings - CX: 44, U3: 40, Depth: 66
[2025-01-04 10:38:34] Computing Exact walk
[2025-01-04 10:38:34] Exact - CX: 20, U3: 37, Depth: 41
[2025-01-04 10:38:34] Successfully processed graph 3 - Category: lose
[2025-01-04 10:38:34] 
Processing graph 4/100
[2025-01-04 10:38:34] Graph 4 has 8 nodes and 11 edges
[2025-01-04 10:38:34] Converted to 11 bitstring edges
[2025-01-04 10:38:34] Computing Matchings Dynamic walk
[2025-01-04 10:38:34] Matchings - CX: 7, U3: 14, Depth: 14
[2025-01-04 10:38:34] Computing Exact walk
[2025-01-04 10:38:34] Exact - CX: 20, U3: 37, Depth: 41
[2025-01-04 10:38:34] Successfully processed graph 4 - Category: win
[2025-01-04 10:38:34] 
Processing graph 5/100
[2025-01-04 10:38:34] Graph 5 has 8 nodes and 7 edges
[2025-01-04 10:38:34] Converted to 7 bitstring edges
[2025-01-04 10:38:34] Computing Matchings Dynamic walk
[2025-01-04 10:38:35] Matchings - CX: 24, U3: 26, Depth: 39
[2025-01-04 10:38:35] Computing Exact walk
[2025-01-04 10:38:35] Exact - CX: 19, U3: 31, Depth: 36
[2025-01-04 10:38:35] Successfully processed graph 5 - Category: lose
[2025-01-04 10:38:35] 
Processing graph 6/100
[2025-01-04 10:38:35] Graph 6 has 8 nodes and 10 edges
[2025-01-04 10:38:35] Converted to 10 bitstring edges
[2025-01-04 10:38:35] Computing Matchings Dynamic walk
[2025-01-04 10:38:35] Matchings - CX: 12, U3: 17, Depth: 20
[2025-01-04 10:38:35] Computing Exact walk
[2025-01-04 10:38:35] Exact - CX: 20, U3: 36, Depth: 41
[2025-01-04 10:38:35] Successfully processed graph 6 - Category: win
[2025-01-04 10:38:35] 
Processing graph 7/100
[2025-01-04 10:38:35] Graph 7 has 8 nodes and 13 edges
[2025-01-04 10:38:35] Converted to 13 bitstring edges
[2025-01-04 10:38:35] Computing Matchings Dynamic walk
[2025-01-04 10:38:35] Matchings - CX: 15, U3: 20, Depth: 25
[2025-01-04 10:38:35] Computing Exact walk
[2025-01-04 10:38:35] Exact - CX: 20, U3: 37, Depth: 41
[2025-01-04 10:38:35] Successfully processed graph 7 - Category: win
[2025-01-04 10:38:35] 
Processing graph 8/100
[2025-01-04 10:38:35] Graph 8 has 8 nodes and 7 edges
[2025-01-04 10:38:35] Converted to 7 bitstring edges
[2025-01-04 10:38:35] Computing Matchings Dynamic walk
[2025-01-04 10:38:36] Matchings - CX: 14, U3: 19, Depth: 24
[2025-01-04 10:38:36] Computing Exact walk
[2025-01-04 10:38:36] Exact - CX: 19, U3: 33, Depth: 38
[2025-01-04 10:38:36] Successfully processed graph 8 - Category: win
[2025-01-04 10:38:36] 
Processing graph 9/100
[2025-01-04 10:38:36] Graph 9 has 8 nodes and 14 edges
[2025-01-04 10:38:36] Converted to 14 bitstring edges
[2025-01-04 10:38:36] Computing Matchings Dynamic walk
[2025-01-04 10:38:36] Matchings - CX: 23, U3: 29, Depth: 42
[2025-01-04 10:38:36] Computing Exact walk
[2025-01-04 10:38:36] Exact - CX: 20, U3: 37, Depth: 41
[2025-01-04 10:38:36] Successfully processed graph 9 - Category: lose
[2025-01-04 10:38:36] 
Processing graph 10/100
[2025-01-04 10:38:36] Graph 10 has 8 nodes and 16 edges
[2025-01-04 10:38:36] Converted to 16 bitstring edges
[2025-01-04 10:38:36] Computing Matchings Dynamic walk
[2025-01-04 10:38:36] Matchings - CX: 17, U3: 23, Depth: 31
[2025-01-04 10:38:36] Computing Exact walk
[2025-01-04 10:38:36] Exact - CX: 20, U3: 37, Depth: 41
[2025-01-04 10:38:36] Successfully processed graph 10 - Category: win
[2025-01-04 10:38:36] 
Processing graph 11/100
[2025-01-04 10:38:36] Graph 11 has 8 nodes and 12 edges
[2025-01-04 10:38:36] Converted to 12 bitstring edges
[2025-01-04 10:38:36] Computing Matchings Dynamic walk
[2025-01-04 10:38:37] Matchings - CX: 7, U3: 12, Depth: 13
[2025-01-04 10:38:37] Computing Exact walk
[2025-01-04 10:38:37] Exact - CX: 17, U3: 31, Depth: 33
[2025-01-04 10:38:37] Successfully processed graph 11 - Category: win
[2025-01-04 10:38:37] 
Processing graph 12/100
[2025-01-04 10:38:37] Graph 12 has 8 nodes and 24 edges
[2025-01-04 10:38:37] Converted to 24 bitstring edges
[2025-01-04 10:38:37] Computing Matchings Dynamic walk
[2025-01-04 10:38:37] Matchings - CX: 34, U3: 36, Depth: 55
[2025-01-04 10:38:37] Computing Exact walk
[2025-01-04 10:38:37] Exact - CX: 20, U3: 37, Depth: 41
[2025-01-04 10:38:37] Successfully processed graph 12 - Category: lose
[2025-01-04 10:38:37] 
Processing graph 13/100
[2025-01-04 10:38:37] Graph 13 has 8 nodes and 10 edges
[2025-01-04 10:38:37] Converted to 10 bitstring edges
[2025-01-04 10:38:37] Computing Matchings Dynamic walk
[2025-01-04 10:38:37] Matchings - CX: 9, U3: 16, Depth: 17
[2025-01-04 10:38:37] Computing Exact walk
[2025-01-04 10:38:37] Exact - CX: 20, U3: 37, Depth: 41
[2025-01-04 10:38:37] Successfully processed graph 13 - Category: win
[2025-01-04 10:38:37] 
Processing graph 14/100
[2025-01-04 10:38:37] Graph 14 has 8 nodes and 14 edges
[2025-01-04 10:38:37] Converted to 14 bitstring edges
[2025-01-04 10:38:37] Computing Matchings Dynamic walk
[2025-01-04 10:38:38] Matchings - CX: 22, U3: 25, Depth: 35
[2025-01-04 10:38:38] Computing Exact walk
[2025-01-04 10:38:38] Exact - CX: 20, U3: 37, Depth: 41
[2025-01-04 10:38:38] Successfully processed graph 14 - Category: lose
[2025-01-04 10:38:38] 
Processing graph 15/100
[2025-01-04 10:38:38] Graph 15 has 8 nodes and 7 edges
[2025-01-04 10:38:38] Converted to 7 bitstring edges
[2025-01-04 10:38:38] Computing Matchings Dynamic walk
[2025-01-04 10:38:38] Matchings - CX: 7, U3: 15, Depth: 14
[2025-01-04 10:38:38] Computing Exact walk
[2025-01-04 10:38:38] Exact - CX: 20, U3: 37, Depth: 41
[2025-01-04 10:38:38] Successfully processed graph 15 - Category: win
[2025-01-04 10:38:38] 
Processing graph 16/100
[2025-01-04 10:38:38] Graph 16 has 8 nodes and 21 edges
[2025-01-04 10:38:38] Converted to 21 bitstring edges
[2025-01-04 10:38:38] Computing Matchings Dynamic walk
[2025-01-04 10:38:38] Matchings - CX: 34, U3: 35, Depth: 51
[2025-01-04 10:38:38] Computing Exact walk
[2025-01-04 10:38:38] Exact - CX: 20, U3: 37, Depth: 41
[2025-01-04 10:38:38] Successfully processed graph 16 - Category: lose
[2025-01-04 10:38:38] 
Processing graph 17/100
[2025-01-04 10:38:38] Graph 17 has 8 nodes and 10 edges
[2025-01-04 10:38:38] Converted to 10 bitstring edges
[2025-01-04 10:38:38] Computing Matchings Dynamic walk
[2025-01-04 10:38:39] Matchings - CX: 28, U3: 25, Depth: 43
[2025-01-04 10:38:39] Computing Exact walk
[2025-01-04 10:38:39] Exact - CX: 20, U3: 36, Depth: 41
[2025-01-04 10:38:39] Successfully processed graph 17 - Category: lose
[2025-01-04 10:38:39] 
Processing graph 18/100
[2025-01-04 10:38:39] Graph 18 has 8 nodes and 11 edges
[2025-01-04 10:38:39] Converted to 11 bitstring edges
[2025-01-04 10:38:39] Computing Matchings Dynamic walk
[2025-01-04 10:38:39] Matchings - CX: 12, U3: 13, Depth: 20
[2025-01-04 10:38:39] Computing Exact walk
[2025-01-04 10:38:39] Exact - CX: 20, U3: 37, Depth: 41
[2025-01-04 10:38:39] Successfully processed graph 18 - Category: win
[2025-01-04 10:38:39] 
Processing graph 19/100
[2025-01-04 10:38:39] Graph 19 has 8 nodes and 18 edges
[2025-01-04 10:38:39] Converted to 18 bitstring edges
[2025-01-04 10:38:39] Computing Matchings Dynamic walk
[2025-01-04 10:38:39] Matchings - CX: 16, U3: 16, Depth: 26
[2025-01-04 10:38:39] Computing Exact walk
[2025-01-04 10:38:39] Exact - CX: 20, U3: 37, Depth: 41
[2025-01-04 10:38:39] Successfully processed graph 19 - Category: win
[2025-01-04 10:38:39] 
Processing graph 20/100
[2025-01-04 10:38:39] Graph 20 has 8 nodes and 23 edges
[2025-01-04 10:38:39] Converted to 23 bitstring edges
[2025-01-04 10:38:39] Computing Matchings Dynamic walk
[2025-01-04 10:38:39] Matchings - CX: 22, U3: 20, Depth: 36
[2025-01-04 10:38:39] Computing Exact walk
[2025-01-04 10:38:40] Exact - CX: 20, U3: 37, Depth: 41
[2025-01-04 10:38:40] Successfully processed graph 20 - Category: lose
[2025-01-04 10:38:40] 
Processing graph 21/100
[2025-01-04 10:38:40] Graph 21 has 8 nodes and 27 edges
[2025-01-04 10:38:40] Converted to 27 bitstring edges
[2025-01-04 10:38:40] Computing Matchings Dynamic walk
[2025-01-04 10:38:40] Matchings - CX: 23, U3: 30, Depth: 41
[2025-01-04 10:38:40] Computing Exact walk
[2025-01-04 10:38:40] Exact - CX: 20, U3: 37, Depth: 41
[2025-01-04 10:38:40] Successfully processed graph 21 - Category: lose
[2025-01-04 10:38:40] 
Processing graph 22/100
[2025-01-04 10:38:40] Graph 22 has 8 nodes and 9 edges
[2025-01-04 10:38:40] Converted to 9 bitstring edges
[2025-01-04 10:38:40] Computing Matchings Dynamic walk
[2025-01-04 10:38:40] Matchings - CX: 6, U3: 12, Depth: 12
[2025-01-04 10:38:40] Computing Exact walk
[2025-01-04 10:38:40] Exact - CX: 19, U3: 34, Depth: 38
[2025-01-04 10:38:40] Successfully processed graph 22 - Category: win
[2025-01-04 10:38:40] 
Processing graph 23/100
[2025-01-04 10:38:40] Graph 23 has 8 nodes and 17 edges
[2025-01-04 10:38:40] Converted to 17 bitstring edges
[2025-01-04 10:38:40] Computing Matchings Dynamic walk
[2025-01-04 10:38:41] Matchings - CX: 42, U3: 51, Depth: 70
[2025-01-04 10:38:41] Computing Exact walk
[2025-01-04 10:38:41] Exact - CX: 20, U3: 37, Depth: 41
[2025-01-04 10:38:41] Successfully processed graph 23 - Category: lose
[2025-01-04 10:38:41] 
Processing graph 24/100
[2025-01-04 10:38:41] Graph 24 has 8 nodes and 8 edges
[2025-01-04 10:38:41] Converted to 8 bitstring edges
[2025-01-04 10:38:41] Computing Matchings Dynamic walk
[2025-01-04 10:38:41] Matchings - CX: 12, U3: 14, Depth: 20
[2025-01-04 10:38:41] Computing Exact walk
[2025-01-04 10:38:41] Exact - CX: 20, U3: 37, Depth: 41
[2025-01-04 10:38:41] Successfully processed graph 24 - Category: win
[2025-01-04 10:38:41] 
Processing graph 25/100
[2025-01-04 10:38:41] Graph 25 has 8 nodes and 8 edges
[2025-01-04 10:38:41] Converted to 8 bitstring edges
[2025-01-04 10:38:41] Computing Matchings Dynamic walk
[2025-01-04 10:38:41] Matchings - CX: 20, U3: 20, Depth: 33
[2025-01-04 10:38:41] Computing Exact walk
[2025-01-04 10:38:41] Exact - CX: 20, U3: 37, Depth: 41
[2025-01-04 10:38:41] Successfully processed graph 25 - Category: draw
[2025-01-04 10:38:41] 
Processing graph 26/100
[2025-01-04 10:38:41] Graph 26 has 8 nodes and 10 edges
[2025-01-04 10:38:41] Converted to 10 bitstring edges
[2025-01-04 10:38:41] Computing Matchings Dynamic walk
[2025-01-04 10:38:42] Matchings - CX: 21, U3: 23, Depth: 34
[2025-01-04 10:38:42] Computing Exact walk
[2025-01-04 10:38:42] Exact - CX: 20, U3: 37, Depth: 41
[2025-01-04 10:38:42] Successfully processed graph 26 - Category: lose
[2025-01-04 10:38:42] 
Processing graph 27/100
[2025-01-04 10:38:42] Graph 27 has 8 nodes and 8 edges
[2025-01-04 10:38:42] Converted to 8 bitstring edges
[2025-01-04 10:38:42] Computing Matchings Dynamic walk
[2025-01-04 10:38:42] Matchings - CX: 22, U3: 21, Depth: 35
[2025-01-04 10:38:42] Computing Exact walk
[2025-01-04 10:38:42] Exact - CX: 20, U3: 37, Depth: 41
[2025-01-04 10:38:42] Successfully processed graph 27 - Category: lose
[2025-01-04 10:38:42] 
Processing graph 28/100
[2025-01-04 10:38:42] Graph 28 has 8 nodes and 9 edges
[2025-01-04 10:38:42] Converted to 9 bitstring edges
[2025-01-04 10:38:42] Computing Matchings Dynamic walk
[2025-01-04 10:38:42] Matchings - CX: 23, U3: 28, Depth: 38
[2025-01-04 10:38:42] Computing Exact walk
[2025-01-04 10:38:42] Exact - CX: 20, U3: 37, Depth: 41
[2025-01-04 10:38:42] Successfully processed graph 28 - Category: lose
[2025-01-04 10:38:42] 
Processing graph 29/100
[2025-01-04 10:38:42] Graph 29 has 8 nodes and 8 edges
[2025-01-04 10:38:42] Converted to 8 bitstring edges
[2025-01-04 10:38:42] Computing Matchings Dynamic walk
[2025-01-04 10:38:43] Matchings - CX: 18, U3: 16, Depth: 29
[2025-01-04 10:38:43] Computing Exact walk
[2025-01-04 10:38:43] Exact - CX: 20, U3: 37, Depth: 41
[2025-01-04 10:38:43] Successfully processed graph 29 - Category: win
[2025-01-04 10:38:43] 
Processing graph 30/100
[2025-01-04 10:38:43] Graph 30 has 8 nodes and 15 edges
[2025-01-04 10:38:43] Converted to 15 bitstring edges
[2025-01-04 10:38:43] Computing Matchings Dynamic walk
[2025-01-04 10:38:43] Matchings - CX: 23, U3: 27, Depth: 37
[2025-01-04 10:38:43] Computing Exact walk
[2025-01-04 10:38:43] Exact - CX: 20, U3: 37, Depth: 41
[2025-01-04 10:38:43] Successfully processed graph 30 - Category: lose
[2025-01-04 10:38:43] 
Processing graph 31/100
[2025-01-04 10:38:43] Graph 31 has 8 nodes and 27 edges
[2025-01-04 10:38:43] Converted to 27 bitstring edges
[2025-01-04 10:38:43] Computing Matchings Dynamic walk
[2025-01-04 10:38:43] Matchings - CX: 42, U3: 45, Depth: 67
[2025-01-04 10:38:43] Computing Exact walk
[2025-01-04 10:38:44] Exact - CX: 20, U3: 37, Depth: 41
[2025-01-04 10:38:44] Successfully processed graph 31 - Category: lose
[2025-01-04 10:38:44] 
Processing graph 32/100
[2025-01-04 10:38:44] Graph 32 has 8 nodes and 12 edges
[2025-01-04 10:38:44] Converted to 12 bitstring edges
[2025-01-04 10:38:44] Computing Matchings Dynamic walk
[2025-01-04 10:38:44] Matchings - CX: 7, U3: 8, Depth: 12
[2025-01-04 10:38:44] Computing Exact walk
[2025-01-04 10:38:44] Exact - CX: 20, U3: 37, Depth: 41
[2025-01-04 10:38:44] Successfully processed graph 32 - Category: win
[2025-01-04 10:38:44] 
Processing graph 33/100
[2025-01-04 10:38:44] Graph 33 has 8 nodes and 11 edges
[2025-01-04 10:38:44] Converted to 11 bitstring edges
[2025-01-04 10:38:44] Computing Matchings Dynamic walk
[2025-01-04 10:38:44] Matchings - CX: 7, U3: 9, Depth: 13
[2025-01-04 10:38:44] Computing Exact walk
[2025-01-04 10:38:44] Exact - CX: 20, U3: 36, Depth: 40
[2025-01-04 10:38:44] Successfully processed graph 33 - Category: win
[2025-01-04 10:38:44] 
Processing graph 34/100
[2025-01-04 10:38:44] Graph 34 has 8 nodes and 7 edges
[2025-01-04 10:38:44] Converted to 7 bitstring edges
[2025-01-04 10:38:44] Computing Matchings Dynamic walk
[2025-01-04 10:38:45] Matchings - CX: 20, U3: 24, Depth: 33
[2025-01-04 10:38:45] Computing Exact walk
[2025-01-04 10:38:45] Exact - CX: 20, U3: 36, Depth: 41
[2025-01-04 10:38:45] Successfully processed graph 34 - Category: draw
[2025-01-04 10:38:45] 
Processing graph 35/100
[2025-01-04 10:38:45] Graph 35 has 8 nodes and 18 edges
[2025-01-04 10:38:45] Converted to 18 bitstring edges
[2025-01-04 10:38:45] Computing Matchings Dynamic walk
[2025-01-04 10:38:45] Matchings - CX: 35, U3: 41, Depth: 58
[2025-01-04 10:38:45] Computing Exact walk
[2025-01-04 10:38:45] Exact - CX: 20, U3: 37, Depth: 41
[2025-01-04 10:38:45] Successfully processed graph 35 - Category: lose
[2025-01-04 10:38:45] 
Processing graph 36/100
[2025-01-04 10:38:45] Graph 36 has 8 nodes and 19 edges
[2025-01-04 10:38:45] Converted to 19 bitstring edges
[2025-01-04 10:38:45] Computing Matchings Dynamic walk
[2025-01-04 10:38:45] Matchings - CX: 35, U3: 37, Depth: 58
[2025-01-04 10:38:45] Computing Exact walk
[2025-01-04 10:38:46] Exact - CX: 20, U3: 37, Depth: 41
[2025-01-04 10:38:46] Successfully processed graph 36 - Category: lose
[2025-01-04 10:38:46] 
Processing graph 37/100
[2025-01-04 10:38:46] Graph 37 has 8 nodes and 25 edges
[2025-01-04 10:38:46] Converted to 25 bitstring edges
[2025-01-04 10:38:46] Computing Matchings Dynamic walk
[2025-01-04 10:38:46] Matchings - CX: 38, U3: 37, Depth: 62
[2025-01-04 10:38:46] Computing Exact walk
[2025-01-04 10:38:46] Exact - CX: 20, U3: 37, Depth: 41
[2025-01-04 10:38:46] Successfully processed graph 37 - Category: lose
[2025-01-04 10:38:46] 
Processing graph 38/100
[2025-01-04 10:38:46] Graph 38 has 8 nodes and 14 edges
[2025-01-04 10:38:46] Converted to 14 bitstring edges
[2025-01-04 10:38:46] Computing Matchings Dynamic walk
[2025-01-04 10:38:46] Matchings - CX: 17, U3: 22, Depth: 29
[2025-01-04 10:38:46] Computing Exact walk
[2025-01-04 10:38:46] Exact - CX: 20, U3: 37, Depth: 41
[2025-01-04 10:38:46] Successfully processed graph 38 - Category: win
[2025-01-04 10:38:46] 
Processing graph 39/100
[2025-01-04 10:38:46] Graph 39 has 8 nodes and 21 edges
[2025-01-04 10:38:46] Converted to 21 bitstring edges
[2025-01-04 10:38:46] Computing Matchings Dynamic walk
[2025-01-04 10:38:47] Matchings - CX: 39, U3: 38, Depth: 63
[2025-01-04 10:38:47] Computing Exact walk
[2025-01-04 10:38:47] Exact - CX: 20, U3: 37, Depth: 41
[2025-01-04 10:38:47] Successfully processed graph 39 - Category: lose
[2025-01-04 10:38:47] 
Processing graph 40/100
[2025-01-04 10:38:47] Graph 40 has 8 nodes and 14 edges
[2025-01-04 10:38:47] Converted to 14 bitstring edges
[2025-01-04 10:38:47] Computing Matchings Dynamic walk
[2025-01-04 10:38:47] Matchings - CX: 28, U3: 35, Depth: 46
[2025-01-04 10:38:47] Computing Exact walk
[2025-01-04 10:38:47] Exact - CX: 20, U3: 37, Depth: 41
[2025-01-04 10:38:47] Successfully processed graph 40 - Category: lose
[2025-01-04 10:38:47] 
Processing graph 41/100
[2025-01-04 10:38:47] Graph 41 has 8 nodes and 12 edges
[2025-01-04 10:38:47] Converted to 12 bitstring edges
[2025-01-04 10:38:47] Computing Matchings Dynamic walk
[2025-01-04 10:38:47] Matchings - CX: 19, U3: 23, Depth: 31
[2025-01-04 10:38:47] Computing Exact walk
[2025-01-04 10:38:48] Exact - CX: 20, U3: 37, Depth: 41
[2025-01-04 10:38:48] Successfully processed graph 41 - Category: win
[2025-01-04 10:38:48] 
Processing graph 42/100
[2025-01-04 10:38:48] Graph 42 has 8 nodes and 14 edges
[2025-01-04 10:38:48] Converted to 14 bitstring edges
[2025-01-04 10:38:48] Computing Matchings Dynamic walk
[2025-01-04 10:38:48] Matchings - CX: 26, U3: 31, Depth: 42
[2025-01-04 10:38:48] Computing Exact walk
[2025-01-04 10:38:48] Exact - CX: 20, U3: 37, Depth: 41
[2025-01-04 10:38:48] Successfully processed graph 42 - Category: lose
[2025-01-04 10:38:48] 
Processing graph 43/100
[2025-01-04 10:38:48] Graph 43 has 8 nodes and 14 edges
[2025-01-04 10:38:48] Converted to 14 bitstring edges
[2025-01-04 10:38:48] Computing Matchings Dynamic walk
[2025-01-04 10:38:48] Matchings - CX: 31, U3: 38, Depth: 50
[2025-01-04 10:38:48] Computing Exact walk
[2025-01-04 10:38:48] Exact - CX: 20, U3: 37, Depth: 41
[2025-01-04 10:38:48] Successfully processed graph 43 - Category: lose
[2025-01-04 10:38:48] 
Processing graph 44/100
[2025-01-04 10:38:48] Graph 44 has 8 nodes and 19 edges
[2025-01-04 10:38:48] Converted to 19 bitstring edges
[2025-01-04 10:38:48] Computing Matchings Dynamic walk
[2025-01-04 10:38:49] Matchings - CX: 47, U3: 47, Depth: 73
[2025-01-04 10:38:49] Computing Exact walk
[2025-01-04 10:38:49] Exact - CX: 20, U3: 37, Depth: 41
[2025-01-04 10:38:49] Successfully processed graph 44 - Category: lose
[2025-01-04 10:38:49] 
Processing graph 45/100
[2025-01-04 10:38:49] Graph 45 has 8 nodes and 12 edges
[2025-01-04 10:38:49] Converted to 12 bitstring edges
[2025-01-04 10:38:49] Computing Matchings Dynamic walk
[2025-01-04 10:38:49] Matchings - CX: 23, U3: 28, Depth: 38
[2025-01-04 10:38:49] Computing Exact walk
[2025-01-04 10:38:49] Exact - CX: 20, U3: 37, Depth: 41
[2025-01-04 10:38:49] Successfully processed graph 45 - Category: lose
[2025-01-04 10:38:49] 
Processing graph 46/100
[2025-01-04 10:38:49] Graph 46 has 8 nodes and 14 edges
[2025-01-04 10:38:49] Converted to 14 bitstring edges
[2025-01-04 10:38:49] Computing Matchings Dynamic walk
[2025-01-04 10:38:50] Matchings - CX: 23, U3: 27, Depth: 39
[2025-01-04 10:38:50] Computing Exact walk
[2025-01-04 10:38:50] Exact - CX: 20, U3: 37, Depth: 41
[2025-01-04 10:38:50] Successfully processed graph 46 - Category: lose
[2025-01-04 10:38:50] 
Processing graph 47/100
[2025-01-04 10:38:50] Graph 47 has 8 nodes and 15 edges
[2025-01-04 10:38:50] Converted to 15 bitstring edges
[2025-01-04 10:38:50] Computing Matchings Dynamic walk
[2025-01-04 10:38:50] Matchings - CX: 31, U3: 38, Depth: 50
[2025-01-04 10:38:50] Computing Exact walk
[2025-01-04 10:38:50] Exact - CX: 20, U3: 37, Depth: 41
[2025-01-04 10:38:50] Successfully processed graph 47 - Category: lose
[2025-01-04 10:38:50] 
Processing graph 48/100
[2025-01-04 10:38:50] Graph 48 has 8 nodes and 12 edges
[2025-01-04 10:38:50] Converted to 12 bitstring edges
[2025-01-04 10:38:50] Computing Matchings Dynamic walk
[2025-01-04 10:38:50] Matchings - CX: 42, U3: 41, Depth: 64
[2025-01-04 10:38:50] Computing Exact walk
[2025-01-04 10:38:51] Exact - CX: 20, U3: 37, Depth: 41
[2025-01-04 10:38:51] Successfully processed graph 48 - Category: lose
[2025-01-04 10:38:51] 
Processing graph 49/100
[2025-01-04 10:38:51] Graph 49 has 8 nodes and 8 edges
[2025-01-04 10:38:51] Converted to 8 bitstring edges
[2025-01-04 10:38:51] Computing Matchings Dynamic walk
[2025-01-04 10:38:51] Matchings - CX: 3, U3: 5, Depth: 5
[2025-01-04 10:38:51] Computing Exact walk
[2025-01-04 10:38:51] Exact - CX: 20, U3: 37, Depth: 41
[2025-01-04 10:38:51] Successfully processed graph 49 - Category: win
[2025-01-04 10:38:51] 
Processing graph 50/100
[2025-01-04 10:38:51] Graph 50 has 8 nodes and 14 edges
[2025-01-04 10:38:51] Converted to 14 bitstring edges
[2025-01-04 10:38:51] Computing Matchings Dynamic walk
[2025-01-04 10:38:51] Matchings - CX: 19, U3: 23, Depth: 31
[2025-01-04 10:38:51] Computing Exact walk
[2025-01-04 10:38:51] Exact - CX: 20, U3: 37, Depth: 41
[2025-01-04 10:38:51] Successfully processed graph 50 - Category: win
[2025-01-04 10:38:51] 
Processing graph 51/100
[2025-01-04 10:38:51] Graph 51 has 8 nodes and 15 edges
[2025-01-04 10:38:51] Converted to 15 bitstring edges
[2025-01-04 10:38:51] Computing Matchings Dynamic walk
[2025-01-04 10:38:51] Matchings - CX: 8, U3: 9, Depth: 15
[2025-01-04 10:38:51] Computing Exact walk
[2025-01-04 10:38:52] Exact - CX: 20, U3: 37, Depth: 41
[2025-01-04 10:38:52] Successfully processed graph 51 - Category: win
[2025-01-04 10:38:52] 
Processing graph 52/100
[2025-01-04 10:38:52] Graph 52 has 8 nodes and 7 edges
[2025-01-04 10:38:52] Converted to 7 bitstring edges
[2025-01-04 10:38:52] Computing Matchings Dynamic walk
[2025-01-04 10:38:52] Matchings - CX: 7, U3: 15, Depth: 14
[2025-01-04 10:38:52] Computing Exact walk
[2025-01-04 10:38:52] Exact - CX: 20, U3: 37, Depth: 41
[2025-01-04 10:38:52] Successfully processed graph 52 - Category: win
[2025-01-04 10:38:52] 
Processing graph 53/100
[2025-01-04 10:38:52] Graph 53 has 8 nodes and 13 edges
[2025-01-04 10:38:52] Converted to 13 bitstring edges
[2025-01-04 10:38:52] Computing Matchings Dynamic walk
[2025-01-04 10:38:52] Matchings - CX: 38, U3: 41, Depth: 60
[2025-01-04 10:38:52] Computing Exact walk
[2025-01-04 10:38:53] Exact - CX: 20, U3: 37, Depth: 41
[2025-01-04 10:38:53] Successfully processed graph 53 - Category: lose
[2025-01-04 10:38:53] 
Processing graph 54/100
[2025-01-04 10:38:53] Graph 54 has 8 nodes and 8 edges
[2025-01-04 10:38:53] Converted to 8 bitstring edges
[2025-01-04 10:38:53] Computing Matchings Dynamic walk
[2025-01-04 10:38:53] Matchings - CX: 12, U3: 12, Depth: 21
[2025-01-04 10:38:53] Computing Exact walk
[2025-01-04 10:38:54] Exact - CX: 20, U3: 36, Depth: 40
[2025-01-04 10:38:54] Successfully processed graph 54 - Category: win
[2025-01-04 10:38:54] 
Processing graph 55/100
[2025-01-04 10:38:54] Graph 55 has 8 nodes and 14 edges
[2025-01-04 10:38:54] Converted to 14 bitstring edges
[2025-01-04 10:38:54] Computing Matchings Dynamic walk
[2025-01-04 10:38:54] Matchings - CX: 10, U3: 16, Depth: 19
[2025-01-04 10:38:54] Computing Exact walk
[2025-01-04 10:38:54] Exact - CX: 20, U3: 37, Depth: 41
[2025-01-04 10:38:54] Successfully processed graph 55 - Category: win
[2025-01-04 10:38:54] 
Processing graph 56/100
[2025-01-04 10:38:54] Graph 56 has 8 nodes and 24 edges
[2025-01-04 10:38:54] Converted to 24 bitstring edges
[2025-01-04 10:38:54] Computing Matchings Dynamic walk
[2025-01-04 10:38:55] Matchings - CX: 28, U3: 34, Depth: 47
[2025-01-04 10:38:55] Computing Exact walk
[2025-01-04 10:38:55] Exact - CX: 20, U3: 37, Depth: 41
[2025-01-04 10:38:55] Successfully processed graph 56 - Category: lose
[2025-01-04 10:38:55] 
Processing graph 57/100
[2025-01-04 10:38:55] Graph 57 has 8 nodes and 15 edges
[2025-01-04 10:38:55] Converted to 15 bitstring edges
[2025-01-04 10:38:55] Computing Matchings Dynamic walk
[2025-01-04 10:38:56] Matchings - CX: 31, U3: 38, Depth: 50
[2025-01-04 10:38:56] Computing Exact walk
[2025-01-04 10:38:56] Exact - CX: 20, U3: 37, Depth: 41
[2025-01-04 10:38:56] Successfully processed graph 57 - Category: lose
[2025-01-04 10:38:56] 
Processing graph 58/100
[2025-01-04 10:38:56] Graph 58 has 8 nodes and 7 edges
[2025-01-04 10:38:56] Converted to 7 bitstring edges
[2025-01-04 10:38:56] Computing Matchings Dynamic walk
[2025-01-04 10:38:57] Matchings - CX: 15, U3: 22, Depth: 26
[2025-01-04 10:38:57] Computing Exact walk
[2025-01-04 10:38:57] Exact - CX: 19, U3: 34, Depth: 39
[2025-01-04 10:38:57] Successfully processed graph 58 - Category: win
[2025-01-04 10:38:57] 
Processing graph 59/100
[2025-01-04 10:38:57] Graph 59 has 8 nodes and 21 edges
[2025-01-04 10:38:57] Converted to 21 bitstring edges
[2025-01-04 10:38:57] Computing Matchings Dynamic walk
[2025-01-04 10:38:58] Matchings - CX: 65, U3: 72, Depth: 105
[2025-01-04 10:38:58] Computing Exact walk
[2025-01-04 10:38:58] Exact - CX: 20, U3: 37, Depth: 41
[2025-01-04 10:38:58] Successfully processed graph 59 - Category: lose
[2025-01-04 10:38:58] 
Processing graph 60/100
[2025-01-04 10:38:58] Graph 60 has 8 nodes and 7 edges
[2025-01-04 10:38:58] Converted to 7 bitstring edges
[2025-01-04 10:38:58] Computing Matchings Dynamic walk
[2025-01-04 10:38:58] Matchings - CX: 4, U3: 6, Depth: 7
[2025-01-04 10:38:58] Computing Exact walk
[2025-01-04 10:38:59] Exact - CX: 20, U3: 37, Depth: 41
[2025-01-04 10:38:59] Successfully processed graph 60 - Category: win
[2025-01-04 10:38:59] 
Processing graph 61/100
[2025-01-04 10:38:59] Graph 61 has 8 nodes and 15 edges
[2025-01-04 10:38:59] Converted to 15 bitstring edges
[2025-01-04 10:38:59] Computing Matchings Dynamic walk
[2025-01-04 10:38:59] Matchings - CX: 35, U3: 38, Depth: 55
[2025-01-04 10:38:59] Computing Exact walk
[2025-01-04 10:39:00] Exact - CX: 20, U3: 37, Depth: 41
[2025-01-04 10:39:00] Successfully processed graph 61 - Category: lose
[2025-01-04 10:39:00] 
Processing graph 62/100
[2025-01-04 10:39:00] Graph 62 has 8 nodes and 25 edges
[2025-01-04 10:39:00] Converted to 25 bitstring edges
[2025-01-04 10:39:00] Computing Matchings Dynamic walk
[2025-01-04 10:39:00] Matchings - CX: 48, U3: 55, Depth: 79
[2025-01-04 10:39:00] Computing Exact walk
[2025-01-04 10:39:01] Exact - CX: 20, U3: 37, Depth: 41
[2025-01-04 10:39:01] Successfully processed graph 62 - Category: lose
[2025-01-04 10:39:01] 
Processing graph 63/100
[2025-01-04 10:39:01] Graph 63 has 8 nodes and 10 edges
[2025-01-04 10:39:01] Converted to 10 bitstring edges
[2025-01-04 10:39:01] Computing Matchings Dynamic walk
[2025-01-04 10:39:01] Matchings - CX: 30, U3: 30, Depth: 46
[2025-01-04 10:39:01] Computing Exact walk
[2025-01-04 10:39:02] Exact - CX: 20, U3: 37, Depth: 41
[2025-01-04 10:39:02] Successfully processed graph 63 - Category: lose
[2025-01-04 10:39:02] 
Processing graph 64/100
[2025-01-04 10:39:02] Graph 64 has 8 nodes and 8 edges
[2025-01-04 10:39:02] Converted to 8 bitstring edges
[2025-01-04 10:39:02] Computing Matchings Dynamic walk
[2025-01-04 10:39:02] Matchings - CX: 14, U3: 13, Depth: 21
[2025-01-04 10:39:02] Computing Exact walk
[2025-01-04 10:39:02] Exact - CX: 20, U3: 37, Depth: 41
[2025-01-04 10:39:02] Successfully processed graph 64 - Category: win
[2025-01-04 10:39:02] 
Processing graph 65/100
[2025-01-04 10:39:02] Graph 65 has 8 nodes and 12 edges
[2025-01-04 10:39:02] Converted to 12 bitstring edges
[2025-01-04 10:39:02] Computing Matchings Dynamic walk
[2025-01-04 10:39:03] Matchings - CX: 42, U3: 47, Depth: 68
[2025-01-04 10:39:03] Computing Exact walk
[2025-01-04 10:39:03] Exact - CX: 20, U3: 37, Depth: 41
[2025-01-04 10:39:03] Successfully processed graph 65 - Category: lose
[2025-01-04 10:39:03] 
Processing graph 66/100
[2025-01-04 10:39:03] Graph 66 has 8 nodes and 7 edges
[2025-01-04 10:39:03] Converted to 7 bitstring edges
[2025-01-04 10:39:03] Computing Matchings Dynamic walk
[2025-01-04 10:39:03] Matchings - CX: 4, U3: 2, Depth: 5
[2025-01-04 10:39:03] Computing Exact walk
[2025-01-04 10:39:04] Exact - CX: 17, U3: 31, Depth: 33
[2025-01-04 10:39:04] Successfully processed graph 66 - Category: win
[2025-01-04 10:39:04] 
Processing graph 67/100
[2025-01-04 10:39:04] Graph 67 has 8 nodes and 7 edges
[2025-01-04 10:39:04] Converted to 7 bitstring edges
[2025-01-04 10:39:04] Computing Matchings Dynamic walk
[2025-01-04 10:39:04] Matchings - CX: 15, U3: 15, Depth: 25
[2025-01-04 10:39:04] Computing Exact walk
[2025-01-04 10:39:04] Exact - CX: 19, U3: 35, Depth: 39
[2025-01-04 10:39:04] Successfully processed graph 67 - Category: win
[2025-01-04 10:39:04] 
Processing graph 68/100
[2025-01-04 10:39:04] Graph 68 has 8 nodes and 13 edges
[2025-01-04 10:39:04] Converted to 13 bitstring edges
[2025-01-04 10:39:04] Computing Matchings Dynamic walk
[2025-01-04 10:39:05] Matchings - CX: 27, U3: 25, Depth: 42
[2025-01-04 10:39:05] Computing Exact walk
[2025-01-04 10:39:05] Exact - CX: 20, U3: 37, Depth: 41
[2025-01-04 10:39:05] Successfully processed graph 68 - Category: lose
[2025-01-04 10:39:05] 
Processing graph 69/100
[2025-01-04 10:39:05] Graph 69 has 8 nodes and 8 edges
[2025-01-04 10:39:05] Converted to 8 bitstring edges
[2025-01-04 10:39:05] Computing Matchings Dynamic walk
[2025-01-04 10:39:05] Matchings - CX: 8, U3: 12, Depth: 15
[2025-01-04 10:39:05] Computing Exact walk
[2025-01-04 10:39:06] Exact - CX: 20, U3: 37, Depth: 41
[2025-01-04 10:39:06] Successfully processed graph 69 - Category: win
[2025-01-04 10:39:06] 
Processing graph 70/100
[2025-01-04 10:39:06] Graph 70 has 8 nodes and 26 edges
[2025-01-04 10:39:06] Converted to 26 bitstring edges
[2025-01-04 10:39:06] Computing Matchings Dynamic walk
[2025-01-04 10:39:06] Matchings - CX: 30, U3: 32, Depth: 49
[2025-01-04 10:39:06] Computing Exact walk
[2025-01-04 10:39:07] Exact - CX: 20, U3: 37, Depth: 41
[2025-01-04 10:39:07] Successfully processed graph 70 - Category: lose
[2025-01-04 10:39:07] 
Processing graph 71/100
[2025-01-04 10:39:07] Graph 71 has 8 nodes and 11 edges
[2025-01-04 10:39:07] Converted to 11 bitstring edges
[2025-01-04 10:39:07] Computing Matchings Dynamic walk
[2025-01-04 10:39:07] Matchings - CX: 15, U3: 20, Depth: 26
[2025-01-04 10:39:07] Computing Exact walk
[2025-01-04 10:39:07] Exact - CX: 20, U3: 37, Depth: 41
[2025-01-04 10:39:07] Successfully processed graph 71 - Category: win
[2025-01-04 10:39:07] 
Processing graph 72/100
[2025-01-04 10:39:07] Graph 72 has 8 nodes and 25 edges
[2025-01-04 10:39:07] Converted to 25 bitstring edges
[2025-01-04 10:39:07] Computing Matchings Dynamic walk
[2025-01-04 10:39:08] Matchings - CX: 32, U3: 31, Depth: 53
[2025-01-04 10:39:08] Computing Exact walk
[2025-01-04 10:39:08] Exact - CX: 20, U3: 37, Depth: 41
[2025-01-04 10:39:08] Successfully processed graph 72 - Category: lose
[2025-01-04 10:39:08] 
Processing graph 73/100
[2025-01-04 10:39:08] Graph 73 has 8 nodes and 12 edges
[2025-01-04 10:39:08] Converted to 12 bitstring edges
[2025-01-04 10:39:08] Computing Matchings Dynamic walk
[2025-01-04 10:39:08] Matchings - CX: 12, U3: 16, Depth: 22
[2025-01-04 10:39:08] Computing Exact walk
[2025-01-04 10:39:08] Exact - CX: 20, U3: 37, Depth: 41
[2025-01-04 10:39:08] Successfully processed graph 73 - Category: win
[2025-01-04 10:39:08] 
Processing graph 74/100
[2025-01-04 10:39:08] Graph 74 has 8 nodes and 25 edges
[2025-01-04 10:39:08] Converted to 25 bitstring edges
[2025-01-04 10:39:08] Computing Matchings Dynamic walk
[2025-01-04 10:39:09] Matchings - CX: 36, U3: 47, Depth: 63
[2025-01-04 10:39:09] Computing Exact walk
[2025-01-04 10:39:09] Exact - CX: 20, U3: 37, Depth: 41
[2025-01-04 10:39:09] Successfully processed graph 74 - Category: lose
[2025-01-04 10:39:09] 
Processing graph 75/100
[2025-01-04 10:39:09] Graph 75 has 8 nodes and 26 edges
[2025-01-04 10:39:09] Converted to 26 bitstring edges
[2025-01-04 10:39:09] Computing Matchings Dynamic walk
[2025-01-04 10:39:10] Matchings - CX: 39, U3: 44, Depth: 64
[2025-01-04 10:39:10] Computing Exact walk
[2025-01-04 10:39:10] Exact - CX: 20, U3: 37, Depth: 41
[2025-01-04 10:39:10] Successfully processed graph 75 - Category: lose
[2025-01-04 10:39:10] 
Processing graph 76/100
[2025-01-04 10:39:10] Graph 76 has 8 nodes and 10 edges
[2025-01-04 10:39:10] Converted to 10 bitstring edges
[2025-01-04 10:39:10] Computing Matchings Dynamic walk
[2025-01-04 10:39:11] Matchings - CX: 30, U3: 26, Depth: 42
[2025-01-04 10:39:11] Computing Exact walk
[2025-01-04 10:39:11] Exact - CX: 20, U3: 37, Depth: 41
[2025-01-04 10:39:11] Successfully processed graph 76 - Category: lose
[2025-01-04 10:39:11] 
Processing graph 77/100
[2025-01-04 10:39:11] Graph 77 has 8 nodes and 7 edges
[2025-01-04 10:39:11] Converted to 7 bitstring edges
[2025-01-04 10:39:11] Computing Matchings Dynamic walk
[2025-01-04 10:39:11] Matchings - CX: 13, U3: 19, Depth: 22
[2025-01-04 10:39:11] Computing Exact walk
[2025-01-04 10:39:12] Exact - CX: 19, U3: 35, Depth: 39
[2025-01-04 10:39:12] Successfully processed graph 77 - Category: win
[2025-01-04 10:39:12] 
Processing graph 78/100
[2025-01-04 10:39:12] Graph 78 has 8 nodes and 20 edges
[2025-01-04 10:39:12] Converted to 20 bitstring edges
[2025-01-04 10:39:12] Computing Matchings Dynamic walk
[2025-01-04 10:39:12] Matchings - CX: 40, U3: 37, Depth: 63
[2025-01-04 10:39:12] Computing Exact walk
[2025-01-04 10:39:13] Exact - CX: 20, U3: 37, Depth: 41
[2025-01-04 10:39:13] Successfully processed graph 78 - Category: lose
[2025-01-04 10:39:13] 
Processing graph 79/100
[2025-01-04 10:39:13] Graph 79 has 8 nodes and 11 edges
[2025-01-04 10:39:13] Converted to 11 bitstring edges
[2025-01-04 10:39:13] Computing Matchings Dynamic walk
[2025-01-04 10:39:13] Matchings - CX: 6, U3: 13, Depth: 12
[2025-01-04 10:39:13] Computing Exact walk
[2025-01-04 10:39:13] Exact - CX: 20, U3: 36, Depth: 41
[2025-01-04 10:39:13] Successfully processed graph 79 - Category: win
[2025-01-04 10:39:13] 
Processing graph 80/100
[2025-01-04 10:39:13] Graph 80 has 8 nodes and 7 edges
[2025-01-04 10:39:13] Converted to 7 bitstring edges
[2025-01-04 10:39:13] Computing Matchings Dynamic walk
[2025-01-04 10:39:14] Matchings - CX: 14, U3: 17, Depth: 24
[2025-01-04 10:39:14] Computing Exact walk
[2025-01-04 10:39:14] Exact - CX: 20, U3: 37, Depth: 41
[2025-01-04 10:39:14] Successfully processed graph 80 - Category: win
[2025-01-04 10:39:14] 
Processing graph 81/100
[2025-01-04 10:39:14] Graph 81 has 8 nodes and 7 edges
[2025-01-04 10:39:14] Converted to 7 bitstring edges
[2025-01-04 10:39:14] Computing Matchings Dynamic walk
[2025-01-04 10:39:14] Matchings - CX: 13, U3: 19, Depth: 22
[2025-01-04 10:39:14] Computing Exact walk
[2025-01-04 10:39:15] Exact - CX: 20, U3: 37, Depth: 41
[2025-01-04 10:39:15] Successfully processed graph 81 - Category: win
[2025-01-04 10:39:15] 
Processing graph 82/100
[2025-01-04 10:39:15] Graph 82 has 8 nodes and 11 edges
[2025-01-04 10:39:15] Converted to 11 bitstring edges
[2025-01-04 10:39:15] Computing Matchings Dynamic walk
[2025-01-04 10:39:15] Matchings - CX: 14, U3: 18, Depth: 24
[2025-01-04 10:39:15] Computing Exact walk
[2025-01-04 10:39:15] Exact - CX: 20, U3: 37, Depth: 41
[2025-01-04 10:39:15] Successfully processed graph 82 - Category: win
[2025-01-04 10:39:15] 
Processing graph 83/100
[2025-01-04 10:39:15] Graph 83 has 8 nodes and 11 edges
[2025-01-04 10:39:15] Converted to 11 bitstring edges
[2025-01-04 10:39:15] Computing Matchings Dynamic walk
[2025-01-04 10:39:16] Matchings - CX: 26, U3: 29, Depth: 42
[2025-01-04 10:39:16] Computing Exact walk
[2025-01-04 10:39:16] Exact - CX: 20, U3: 37, Depth: 41
[2025-01-04 10:39:16] Successfully processed graph 83 - Category: lose
[2025-01-04 10:39:16] 
Processing graph 84/100
[2025-01-04 10:39:16] Graph 84 has 8 nodes and 7 edges
[2025-01-04 10:39:16] Converted to 7 bitstring edges
[2025-01-04 10:39:16] Computing Matchings Dynamic walk
[2025-01-04 10:39:17] Matchings - CX: 6, U3: 9, Depth: 10
[2025-01-04 10:39:17] Computing Exact walk
[2025-01-04 10:39:17] Exact - CX: 20, U3: 37, Depth: 41
[2025-01-04 10:39:17] Successfully processed graph 84 - Category: win
[2025-01-04 10:39:17] 
Processing graph 85/100
[2025-01-04 10:39:17] Graph 85 has 8 nodes and 15 edges
[2025-01-04 10:39:17] Converted to 15 bitstring edges
[2025-01-04 10:39:17] Computing Matchings Dynamic walk
[2025-01-04 10:39:17] Matchings - CX: 19, U3: 16, Depth: 29
[2025-01-04 10:39:17] Computing Exact walk
[2025-01-04 10:39:18] Exact - CX: 20, U3: 37, Depth: 41
[2025-01-04 10:39:18] Successfully processed graph 85 - Category: win
[2025-01-04 10:39:18] 
Processing graph 86/100
[2025-01-04 10:39:18] Graph 86 has 8 nodes and 21 edges
[2025-01-04 10:39:18] Converted to 21 bitstring edges
[2025-01-04 10:39:18] Computing Matchings Dynamic walk
[2025-01-04 10:39:18] Matchings - CX: 45, U3: 46, Depth: 71
[2025-01-04 10:39:18] Computing Exact walk
[2025-01-04 10:39:19] Exact - CX: 20, U3: 37, Depth: 41
[2025-01-04 10:39:19] Successfully processed graph 86 - Category: lose
[2025-01-04 10:39:19] 
Processing graph 87/100
[2025-01-04 10:39:19] Graph 87 has 8 nodes and 7 edges
[2025-01-04 10:39:19] Converted to 7 bitstring edges
[2025-01-04 10:39:19] Computing Matchings Dynamic walk
[2025-01-04 10:39:19] Matchings - CX: 4, U3: 6, Depth: 7
[2025-01-04 10:39:19] Computing Exact walk
[2025-01-04 10:39:19] Exact - CX: 19, U3: 34, Depth: 39
[2025-01-04 10:39:19] Successfully processed graph 87 - Category: win
[2025-01-04 10:39:19] 
Processing graph 88/100
[2025-01-04 10:39:19] Graph 88 has 8 nodes and 12 edges
[2025-01-04 10:39:19] Converted to 12 bitstring edges
[2025-01-04 10:39:19] Computing Matchings Dynamic walk
[2025-01-04 10:39:19] Matchings - CX: 16, U3: 18, Depth: 27
[2025-01-04 10:39:19] Computing Exact walk
[2025-01-04 10:39:20] Exact - CX: 20, U3: 37, Depth: 41
[2025-01-04 10:39:20] Successfully processed graph 88 - Category: win
[2025-01-04 10:39:20] 
Processing graph 89/100
[2025-01-04 10:39:20] Graph 89 has 8 nodes and 7 edges
[2025-01-04 10:39:20] Converted to 7 bitstring edges
[2025-01-04 10:39:20] Computing Matchings Dynamic walk
[2025-01-04 10:39:20] Matchings - CX: 10, U3: 16, Depth: 18
[2025-01-04 10:39:20] Computing Exact walk
[2025-01-04 10:39:21] Exact - CX: 20, U3: 37, Depth: 41
[2025-01-04 10:39:21] Successfully processed graph 89 - Category: win
[2025-01-04 10:39:21] 
Processing graph 90/100
[2025-01-04 10:39:21] Graph 90 has 8 nodes and 8 edges
[2025-01-04 10:39:21] Converted to 8 bitstring edges
[2025-01-04 10:39:21] Computing Matchings Dynamic walk
[2025-01-04 10:39:21] Matchings - CX: 10, U3: 12, Depth: 17
[2025-01-04 10:39:21] Computing Exact walk
[2025-01-04 10:39:21] Exact - CX: 13, U3: 28, Depth: 27
[2025-01-04 10:39:21] Successfully processed graph 90 - Category: win
[2025-01-04 10:39:21] 
Processing graph 91/100
[2025-01-04 10:39:21] Graph 91 has 8 nodes and 7 edges
[2025-01-04 10:39:21] Converted to 7 bitstring edges
[2025-01-04 10:39:21] Computing Matchings Dynamic walk
[2025-01-04 10:39:22] Matchings - CX: 5, U3: 8, Depth: 10
[2025-01-04 10:39:22] Computing Exact walk
[2025-01-04 10:39:22] Exact - CX: 19, U3: 33, Depth: 38
[2025-01-04 10:39:22] Successfully processed graph 91 - Category: win
[2025-01-04 10:39:22] 
Processing graph 92/100
[2025-01-04 10:39:22] Graph 92 has 8 nodes and 7 edges
[2025-01-04 10:39:22] Converted to 7 bitstring edges
[2025-01-04 10:39:22] Computing Matchings Dynamic walk
[2025-01-04 10:39:22] Matchings - CX: 7, U3: 13, Depth: 13
[2025-01-04 10:39:22] Computing Exact walk
[2025-01-04 10:39:23] Exact - CX: 20, U3: 35, Depth: 40
[2025-01-04 10:39:23] Successfully processed graph 92 - Category: win
[2025-01-04 10:39:23] 
Processing graph 93/100
[2025-01-04 10:39:23] Graph 93 has 8 nodes and 7 edges
[2025-01-04 10:39:23] Converted to 7 bitstring edges
[2025-01-04 10:39:23] Computing Matchings Dynamic walk
[2025-01-04 10:39:23] Matchings - CX: 15, U3: 18, Depth: 25
[2025-01-04 10:39:23] Computing Exact walk
[2025-01-04 10:39:23] Exact - CX: 20, U3: 37, Depth: 41
[2025-01-04 10:39:23] Successfully processed graph 93 - Category: win
[2025-01-04 10:39:23] 
Processing graph 94/100
[2025-01-04 10:39:23] Graph 94 has 8 nodes and 7 edges
[2025-01-04 10:39:23] Converted to 7 bitstring edges
[2025-01-04 10:39:23] Computing Matchings Dynamic walk
[2025-01-04 10:39:24] Matchings - CX: 4, U3: 4, Depth: 8
[2025-01-04 10:39:24] Computing Exact walk
[2025-01-04 10:39:24] Exact - CX: 20, U3: 36, Depth: 40
[2025-01-04 10:39:24] Successfully processed graph 94 - Category: win
[2025-01-04 10:39:24] 
Processing graph 95/100
[2025-01-04 10:39:24] Graph 95 has 8 nodes and 7 edges
[2025-01-04 10:39:24] Converted to 7 bitstring edges
[2025-01-04 10:39:24] Computing Matchings Dynamic walk
[2025-01-04 10:39:24] Matchings - CX: 12, U3: 17, Depth: 20
[2025-01-04 10:39:24] Computing Exact walk
[2025-01-04 10:39:25] Exact - CX: 20, U3: 37, Depth: 41
[2025-01-04 10:39:25] Successfully processed graph 95 - Category: win
[2025-01-04 10:39:25] 
Processing graph 96/100
[2025-01-04 10:39:25] Graph 96 has 8 nodes and 7 edges
[2025-01-04 10:39:25] Converted to 7 bitstring edges
[2025-01-04 10:39:25] Computing Matchings Dynamic walk
[2025-01-04 10:39:25] Matchings - CX: 19, U3: 26, Depth: 32
[2025-01-04 10:39:25] Computing Exact walk
[2025-01-04 10:39:25] Exact - CX: 20, U3: 36, Depth: 41
[2025-01-04 10:39:25] Successfully processed graph 96 - Category: win
[2025-01-04 10:39:25] 
Processing graph 97/100
[2025-01-04 10:39:25] Graph 97 has 8 nodes and 7 edges
[2025-01-04 10:39:25] Converted to 7 bitstring edges
[2025-01-04 10:39:25] Computing Matchings Dynamic walk
[2025-01-04 10:39:26] Matchings - CX: 11, U3: 13, Depth: 17
[2025-01-04 10:39:26] Computing Exact walk
[2025-01-04 10:39:26] Exact - CX: 20, U3: 36, Depth: 41
[2025-01-04 10:39:26] Successfully processed graph 97 - Category: win
[2025-01-04 10:39:26] 
Processing graph 98/100
[2025-01-04 10:39:26] Graph 98 has 8 nodes and 7 edges
[2025-01-04 10:39:26] Converted to 7 bitstring edges
[2025-01-04 10:39:26] Computing Matchings Dynamic walk
[2025-01-04 10:39:26] Matchings - CX: 12, U3: 13, Depth: 20
[2025-01-04 10:39:26] Computing Exact walk
[2025-01-04 10:39:27] Exact - CX: 20, U3: 35, Depth: 40
[2025-01-04 10:39:27] Successfully processed graph 98 - Category: win
[2025-01-04 10:39:27] 
Processing graph 99/100
[2025-01-04 10:39:27] Graph 99 has 8 nodes and 7 edges
[2025-01-04 10:39:27] Converted to 7 bitstring edges
[2025-01-04 10:39:27] Computing Matchings Dynamic walk
[2025-01-04 10:39:27] Matchings - CX: 12, U3: 17, Depth: 20
[2025-01-04 10:39:27] Computing Exact walk
[2025-01-04 10:39:27] Exact - CX: 20, U3: 36, Depth: 40
[2025-01-04 10:39:27] Successfully processed graph 99 - Category: win
[2025-01-04 10:39:27] 
Final Results Summary:
[2025-01-04 10:39:27] Total graphs in file: 100
[2025-01-04 10:39:27] Successfully processed: 100
[2025-01-04 10:39:27] win: 51 (51.0%)
[2025-01-04 10:39:27] lose: 47 (47.0%)
[2025-01-04 10:39:27] draw: 2 (2.0%)
[2025-01-04 10:39:27] 
Average Gate Counts by Category:
[2025-01-04 10:39:27] win_matching_cx: 11.18
[2025-01-04 10:39:27] win_matching_u3: 14.65
[2025-01-04 10:39:27] win_exact_cx: 19.61
[2025-01-04 10:39:27] win_exact_u3: 35.94
[2025-01-04 10:39:27] win_matching_depth: 19.20
[2025-01-04 10:39:27] win_exact_depth: 39.96
[2025-01-04 10:39:27] lose_matching_cx: 32.62
[2025-01-04 10:39:27] lose_matching_u3: 35.34
[2025-01-04 10:39:27] lose_exact_cx: 19.98
[2025-01-04 10:39:27] lose_exact_u3: 36.83
[2025-01-04 10:39:27] lose_matching_depth: 52.51
[2025-01-04 10:39:27] lose_exact_depth: 40.87
[2025-01-04 10:39:27] draw_matching_cx: 20.00
[2025-01-04 10:39:27] draw_matching_u3: 22.00
[2025-01-04 10:39:27] draw_exact_cx: 20.00
[2025-01-04 10:39:27] draw_exact_u3: 36.50
[2025-01-04 10:39:27] draw_matching_depth: 33.00
[2025-01-04 10:39:27] draw_exact_depth: 41.00
