[2025-01-08 10:44:47] Starting analysis with:
[2025-01-08 10:44:47] Number of qubits: 4
[2025-01-08 10:44:47] Number of vertices: 16
[2025-01-08 10:44:47] Delta t: 0.1
[2025-01-08 10:44:47] Input file: ../data/graphs/200graph_bipartite_16c.g6
[2025-01-08 10:44:47] Parsed graph info: {'num_graphs': 200, 'size': 'bipartite', 'vertices': '16', 'type': 'c'}
[2025-01-08 10:44:47] Found 200 graphs in file
[2025-01-08 10:44:47] 
Processing graph 0/200
[2025-01-08 10:44:47] Graph 0 has 16 nodes and 31 edges
[2025-01-08 10:44:47] Converted to 31 bitstring edges
[2025-01-08 10:44:47] Computing Matchings Dynamic walk
[2025-01-08 10:44:47] Matchings - CX: 39, U3: 37, Depth: 60
[2025-01-08 10:44:47] Computing Exact walk
[2025-01-08 10:44:48] Exact - CX: 100, U3: 165, Depth: 197
[2025-01-08 10:44:48] Successfully processed graph 0 - Category: win
[2025-01-08 10:44:48] 
Processing graph 1/200
[2025-01-08 10:44:48] Graph 1 has 16 nodes and 37 edges
[2025-01-08 10:44:48] Converted to 37 bitstring edges
[2025-01-08 10:44:48] Computing Matchings Dynamic walk
[2025-01-08 10:44:49] Matchings - CX: 69, U3: 65, Depth: 105
[2025-01-08 10:44:49] Computing Exact walk
[2025-01-08 10:44:49] Exact - CX: 100, U3: 165, Depth: 197
[2025-01-08 10:44:49] Successfully processed graph 1 - Category: win
[2025-01-08 10:44:49] 
Processing graph 2/200
[2025-01-08 10:44:49] Graph 2 has 16 nodes and 35 edges
[2025-01-08 10:44:49] Converted to 35 bitstring edges
[2025-01-08 10:44:49] Computing Matchings Dynamic walk
[2025-01-08 10:44:50] Matchings - CX: 74, U3: 63, Depth: 110
[2025-01-08 10:44:50] Computing Exact walk
[2025-01-08 10:44:51] Exact - CX: 100, U3: 165, Depth: 197
[2025-01-08 10:44:51] Successfully processed graph 2 - Category: win
[2025-01-08 10:44:51] 
Processing graph 3/200
[2025-01-08 10:44:51] Graph 3 has 16 nodes and 36 edges
[2025-01-08 10:44:51] Converted to 36 bitstring edges
[2025-01-08 10:44:51] Computing Matchings Dynamic walk
[2025-01-08 10:44:52] Matchings - CX: 80, U3: 76, Depth: 122
[2025-01-08 10:44:52] Computing Exact walk
[2025-01-08 10:44:52] Exact - CX: 98, U3: 160, Depth: 192
[2025-01-08 10:44:52] Successfully processed graph 3 - Category: win
[2025-01-08 10:44:52] 
Processing graph 4/200
[2025-01-08 10:44:52] Graph 4 has 16 nodes and 33 edges
[2025-01-08 10:44:52] Converted to 33 bitstring edges
[2025-01-08 10:44:52] Computing Matchings Dynamic walk
[2025-01-08 10:44:53] Matchings - CX: 63, U3: 56, Depth: 89
[2025-01-08 10:44:53] Computing Exact walk
[2025-01-08 10:44:54] Exact - CX: 97, U3: 156, Depth: 188
[2025-01-08 10:44:54] Successfully processed graph 4 - Category: win
[2025-01-08 10:44:54] 
Processing graph 5/200
[2025-01-08 10:44:54] Graph 5 has 16 nodes and 36 edges
[2025-01-08 10:44:54] Converted to 36 bitstring edges
[2025-01-08 10:44:54] Computing Matchings Dynamic walk
[2025-01-08 10:44:54] Matchings - CX: 80, U3: 71, Depth: 118
[2025-01-08 10:44:54] Computing Exact walk
[2025-01-08 10:44:55] Exact - CX: 100, U3: 164, Depth: 197
[2025-01-08 10:44:55] Successfully processed graph 5 - Category: win
[2025-01-08 10:44:55] 
Processing graph 6/200
[2025-01-08 10:44:55] Graph 6 has 16 nodes and 33 edges
[2025-01-08 10:44:55] Converted to 33 bitstring edges
[2025-01-08 10:44:55] Computing Matchings Dynamic walk
[2025-01-08 10:44:56] Matchings - CX: 44, U3: 44, Depth: 68
[2025-01-08 10:44:56] Computing Exact walk
[2025-01-08 10:44:56] Exact - CX: 100, U3: 163, Depth: 196
[2025-01-08 10:44:56] Successfully processed graph 6 - Category: win
[2025-01-08 10:44:56] 
Processing graph 7/200
[2025-01-08 10:44:56] Graph 7 has 16 nodes and 35 edges
[2025-01-08 10:44:56] Converted to 35 bitstring edges
[2025-01-08 10:44:56] Computing Matchings Dynamic walk
[2025-01-08 10:44:57] Matchings - CX: 65, U3: 60, Depth: 97
[2025-01-08 10:44:57] Computing Exact walk
[2025-01-08 10:44:58] Exact - CX: 100, U3: 162, Depth: 195
[2025-01-08 10:44:58] Successfully processed graph 7 - Category: win
[2025-01-08 10:44:58] 
Processing graph 8/200
[2025-01-08 10:44:58] Graph 8 has 16 nodes and 34 edges
[2025-01-08 10:44:58] Converted to 34 bitstring edges
[2025-01-08 10:44:58] Computing Matchings Dynamic walk
[2025-01-08 10:44:58] Matchings - CX: 42, U3: 38, Depth: 64
[2025-01-08 10:44:58] Computing Exact walk
[2025-01-08 10:44:59] Exact - CX: 100, U3: 163, Depth: 196
[2025-01-08 10:44:59] Successfully processed graph 8 - Category: win
[2025-01-08 10:44:59] 
Processing graph 9/200
[2025-01-08 10:44:59] Graph 9 has 16 nodes and 33 edges
[2025-01-08 10:44:59] Converted to 33 bitstring edges
[2025-01-08 10:44:59] Computing Matchings Dynamic walk
[2025-01-08 10:45:00] Matchings - CX: 52, U3: 52, Depth: 79
[2025-01-08 10:45:00] Computing Exact walk
[2025-01-08 10:45:00] Exact - CX: 98, U3: 159, Depth: 191
[2025-01-08 10:45:00] Successfully processed graph 9 - Category: win
[2025-01-08 10:45:00] 
Processing graph 10/200
[2025-01-08 10:45:00] Graph 10 has 16 nodes and 35 edges
[2025-01-08 10:45:00] Converted to 35 bitstring edges
[2025-01-08 10:45:00] Computing Matchings Dynamic walk
[2025-01-08 10:45:01] Matchings - CX: 52, U3: 46, Depth: 79
[2025-01-08 10:45:01] Computing Exact walk
[2025-01-08 10:45:02] Exact - CX: 100, U3: 165, Depth: 197
[2025-01-08 10:45:02] Successfully processed graph 10 - Category: win
[2025-01-08 10:45:02] 
Processing graph 11/200
[2025-01-08 10:45:02] Graph 11 has 16 nodes and 35 edges
[2025-01-08 10:45:02] Converted to 35 bitstring edges
[2025-01-08 10:45:02] Computing Matchings Dynamic walk
[2025-01-08 10:45:03] Matchings - CX: 92, U3: 86, Depth: 134
[2025-01-08 10:45:03] Computing Exact walk
[2025-01-08 10:45:03] Exact - CX: 97, U3: 157, Depth: 188
[2025-01-08 10:45:03] Successfully processed graph 11 - Category: win
[2025-01-08 10:45:03] 
Processing graph 12/200
[2025-01-08 10:45:03] Graph 12 has 16 nodes and 37 edges
[2025-01-08 10:45:03] Converted to 37 bitstring edges
[2025-01-08 10:45:03] Computing Matchings Dynamic walk
[2025-01-08 10:45:04] Matchings - CX: 65, U3: 60, Depth: 98
[2025-01-08 10:45:04] Computing Exact walk
[2025-01-08 10:45:05] Exact - CX: 100, U3: 163, Depth: 195
[2025-01-08 10:45:05] Successfully processed graph 12 - Category: win
[2025-01-08 10:45:05] 
Processing graph 13/200
[2025-01-08 10:45:05] Graph 13 has 16 nodes and 39 edges
[2025-01-08 10:45:05] Converted to 39 bitstring edges
[2025-01-08 10:45:05] Computing Matchings Dynamic walk
[2025-01-08 10:45:05] Matchings - CX: 51, U3: 52, Depth: 80
[2025-01-08 10:45:05] Computing Exact walk
[2025-01-08 10:45:06] Exact - CX: 100, U3: 165, Depth: 197
[2025-01-08 10:45:06] Successfully processed graph 13 - Category: win
[2025-01-08 10:45:06] 
Processing graph 14/200
[2025-01-08 10:45:06] Graph 14 has 16 nodes and 35 edges
[2025-01-08 10:45:06] Converted to 35 bitstring edges
[2025-01-08 10:45:06] Computing Matchings Dynamic walk
[2025-01-08 10:45:07] Matchings - CX: 34, U3: 31, Depth: 52
[2025-01-08 10:45:07] Computing Exact walk
[2025-01-08 10:45:08] Exact - CX: 100, U3: 165, Depth: 197
[2025-01-08 10:45:08] Successfully processed graph 14 - Category: win
[2025-01-08 10:45:08] 
Processing graph 15/200
[2025-01-08 10:45:08] Graph 15 has 16 nodes and 39 edges
[2025-01-08 10:45:08] Converted to 39 bitstring edges
[2025-01-08 10:45:08] Computing Matchings Dynamic walk
[2025-01-08 10:45:08] Matchings - CX: 96, U3: 81, Depth: 140
[2025-01-08 10:45:08] Computing Exact walk
[2025-01-08 10:45:09] Exact - CX: 100, U3: 164, Depth: 197
[2025-01-08 10:45:09] Successfully processed graph 15 - Category: win
[2025-01-08 10:45:09] 
Processing graph 16/200
[2025-01-08 10:45:09] Graph 16 has 16 nodes and 35 edges
[2025-01-08 10:45:09] Converted to 35 bitstring edges
[2025-01-08 10:45:09] Computing Matchings Dynamic walk
[2025-01-08 10:45:10] Matchings - CX: 39, U3: 34, Depth: 61
[2025-01-08 10:45:10] Computing Exact walk
[2025-01-08 10:45:10] Exact - CX: 100, U3: 165, Depth: 197
[2025-01-08 10:45:10] Successfully processed graph 16 - Category: win
[2025-01-08 10:45:10] 
Processing graph 17/200
[2025-01-08 10:45:10] Graph 17 has 16 nodes and 34 edges
[2025-01-08 10:45:10] Converted to 34 bitstring edges
[2025-01-08 10:45:10] Computing Matchings Dynamic walk
[2025-01-08 10:45:11] Matchings - CX: 48, U3: 45, Depth: 74
[2025-01-08 10:45:11] Computing Exact walk
[2025-01-08 10:45:11] Exact - CX: 100, U3: 165, Depth: 197
[2025-01-08 10:45:11] Successfully processed graph 17 - Category: win
[2025-01-08 10:45:11] 
Processing graph 18/200
[2025-01-08 10:45:11] Graph 18 has 16 nodes and 36 edges
[2025-01-08 10:45:11] Converted to 36 bitstring edges
[2025-01-08 10:45:11] Computing Matchings Dynamic walk
[2025-01-08 10:45:12] Matchings - CX: 74, U3: 74, Depth: 108
[2025-01-08 10:45:12] Computing Exact walk
[2025-01-08 10:45:13] Exact - CX: 100, U3: 165, Depth: 197
[2025-01-08 10:45:13] Successfully processed graph 18 - Category: win
[2025-01-08 10:45:13] 
Processing graph 19/200
[2025-01-08 10:45:13] Graph 19 has 16 nodes and 39 edges
[2025-01-08 10:45:13] Converted to 39 bitstring edges
[2025-01-08 10:45:13] Computing Matchings Dynamic walk
[2025-01-08 10:45:13] Matchings - CX: 56, U3: 58, Depth: 88
[2025-01-08 10:45:13] Computing Exact walk
[2025-01-08 10:45:14] Exact - CX: 100, U3: 165, Depth: 197
[2025-01-08 10:45:14] Successfully processed graph 19 - Category: win
[2025-01-08 10:45:14] 
Processing graph 20/200
[2025-01-08 10:45:14] Graph 20 has 16 nodes and 35 edges
[2025-01-08 10:45:14] Converted to 35 bitstring edges
[2025-01-08 10:45:14] Computing Matchings Dynamic walk
[2025-01-08 10:45:15] Matchings - CX: 64, U3: 62, Depth: 98
[2025-01-08 10:45:15] Computing Exact walk
[2025-01-08 10:45:16] Exact - CX: 96, U3: 156, Depth: 186
[2025-01-08 10:45:16] Successfully processed graph 20 - Category: win
[2025-01-08 10:45:16] 
Processing graph 21/200
[2025-01-08 10:45:16] Graph 21 has 16 nodes and 34 edges
[2025-01-08 10:45:16] Converted to 34 bitstring edges
[2025-01-08 10:45:16] Computing Matchings Dynamic walk
[2025-01-08 10:45:16] Matchings - CX: 64, U3: 62, Depth: 98
[2025-01-08 10:45:16] Computing Exact walk
[2025-01-08 10:45:17] Exact - CX: 100, U3: 165, Depth: 197
[2025-01-08 10:45:17] Successfully processed graph 21 - Category: win
[2025-01-08 10:45:17] 
Processing graph 22/200
[2025-01-08 10:45:17] Graph 22 has 16 nodes and 36 edges
[2025-01-08 10:45:17] Converted to 36 bitstring edges
[2025-01-08 10:45:17] Computing Matchings Dynamic walk
[2025-01-08 10:45:17] Matchings - CX: 78, U3: 71, Depth: 112
[2025-01-08 10:45:17] Computing Exact walk
[2025-01-08 10:45:18] Exact - CX: 98, U3: 160, Depth: 191
[2025-01-08 10:45:18] Successfully processed graph 22 - Category: win
[2025-01-08 10:45:18] 
Processing graph 23/200
[2025-01-08 10:45:18] Graph 23 has 16 nodes and 34 edges
[2025-01-08 10:45:18] Converted to 34 bitstring edges
[2025-01-08 10:45:18] Computing Matchings Dynamic walk
[2025-01-08 10:45:19] Matchings - CX: 58, U3: 54, Depth: 87
[2025-01-08 10:45:19] Computing Exact walk
[2025-01-08 10:45:20] Exact - CX: 100, U3: 165, Depth: 197
[2025-01-08 10:45:20] Successfully processed graph 23 - Category: win
[2025-01-08 10:45:20] 
Processing graph 24/200
[2025-01-08 10:45:20] Graph 24 has 16 nodes and 35 edges
[2025-01-08 10:45:20] Converted to 35 bitstring edges
[2025-01-08 10:45:20] Computing Matchings Dynamic walk
[2025-01-08 10:45:20] Matchings - CX: 46, U3: 44, Depth: 70
[2025-01-08 10:45:20] Computing Exact walk
[2025-01-08 10:45:21] Exact - CX: 100, U3: 165, Depth: 197
[2025-01-08 10:45:21] Successfully processed graph 24 - Category: win
[2025-01-08 10:45:21] 
Processing graph 25/200
[2025-01-08 10:45:21] Graph 25 has 16 nodes and 34 edges
[2025-01-08 10:45:21] Converted to 34 bitstring edges
[2025-01-08 10:45:21] Computing Matchings Dynamic walk
[2025-01-08 10:45:22] Matchings - CX: 44, U3: 41, Depth: 66
[2025-01-08 10:45:22] Computing Exact walk
[2025-01-08 10:45:23] Exact - CX: 100, U3: 165, Depth: 197
[2025-01-08 10:45:23] Successfully processed graph 25 - Category: win
[2025-01-08 10:45:23] 
Processing graph 26/200
[2025-01-08 10:45:23] Graph 26 has 16 nodes and 33 edges
[2025-01-08 10:45:23] Converted to 33 bitstring edges
[2025-01-08 10:45:23] Computing Matchings Dynamic walk
[2025-01-08 10:45:23] Matchings - CX: 62, U3: 59, Depth: 92
[2025-01-08 10:45:23] Computing Exact walk
[2025-01-08 10:45:24] Exact - CX: 100, U3: 156, Depth: 193
[2025-01-08 10:45:24] Successfully processed graph 26 - Category: win
[2025-01-08 10:45:24] 
Processing graph 27/200
[2025-01-08 10:45:24] Graph 27 has 16 nodes and 33 edges
[2025-01-08 10:45:24] Converted to 33 bitstring edges
[2025-01-08 10:45:24] Computing Matchings Dynamic walk
[2025-01-08 10:45:25] Matchings - CX: 55, U3: 52, Depth: 82
[2025-01-08 10:45:25] Computing Exact walk
[2025-01-08 10:45:26] Exact - CX: 100, U3: 165, Depth: 197
[2025-01-08 10:45:26] Successfully processed graph 27 - Category: win
[2025-01-08 10:45:26] 
Processing graph 28/200
[2025-01-08 10:45:26] Graph 28 has 16 nodes and 37 edges
[2025-01-08 10:45:26] Converted to 37 bitstring edges
[2025-01-08 10:45:26] Computing Matchings Dynamic walk
[2025-01-08 10:45:26] Matchings - CX: 43, U3: 41, Depth: 65
[2025-01-08 10:45:26] Computing Exact walk
[2025-01-08 10:45:27] Exact - CX: 100, U3: 165, Depth: 197
[2025-01-08 10:45:27] Successfully processed graph 28 - Category: win
[2025-01-08 10:45:27] 
Processing graph 29/200
[2025-01-08 10:45:27] Graph 29 has 16 nodes and 38 edges
[2025-01-08 10:45:27] Converted to 38 bitstring edges
[2025-01-08 10:45:27] Computing Matchings Dynamic walk
[2025-01-08 10:45:28] Matchings - CX: 52, U3: 50, Depth: 81
[2025-01-08 10:45:28] Computing Exact walk
[2025-01-08 10:45:29] Exact - CX: 100, U3: 165, Depth: 197
[2025-01-08 10:45:29] Successfully processed graph 29 - Category: win
[2025-01-08 10:45:29] 
Processing graph 30/200
[2025-01-08 10:45:29] Graph 30 has 16 nodes and 32 edges
[2025-01-08 10:45:29] Converted to 32 bitstring edges
[2025-01-08 10:45:29] Computing Matchings Dynamic walk
[2025-01-08 10:45:30] Matchings - CX: 60, U3: 47, Depth: 83
[2025-01-08 10:45:30] Computing Exact walk
[2025-01-08 10:45:31] Exact - CX: 100, U3: 165, Depth: 197
[2025-01-08 10:45:31] Successfully processed graph 30 - Category: win
[2025-01-08 10:45:31] 
Processing graph 31/200
[2025-01-08 10:45:31] Graph 31 has 16 nodes and 33 edges
[2025-01-08 10:45:31] Converted to 33 bitstring edges
[2025-01-08 10:45:31] Computing Matchings Dynamic walk
[2025-01-08 10:45:31] Matchings - CX: 57, U3: 62, Depth: 89
[2025-01-08 10:45:31] Computing Exact walk
[2025-01-08 10:45:32] Exact - CX: 98, U3: 160, Depth: 192
[2025-01-08 10:45:32] Successfully processed graph 31 - Category: win
[2025-01-08 10:45:32] 
Processing graph 32/200
[2025-01-08 10:45:32] Graph 32 has 16 nodes and 36 edges
[2025-01-08 10:45:32] Converted to 36 bitstring edges
[2025-01-08 10:45:32] Computing Matchings Dynamic walk
[2025-01-08 10:45:33] Matchings - CX: 50, U3: 50, Depth: 78
[2025-01-08 10:45:33] Computing Exact walk
[2025-01-08 10:45:34] Exact - CX: 100, U3: 165, Depth: 197
[2025-01-08 10:45:34] Successfully processed graph 32 - Category: win
[2025-01-08 10:45:34] 
Processing graph 33/200
[2025-01-08 10:45:34] Graph 33 has 16 nodes and 36 edges
[2025-01-08 10:45:34] Converted to 36 bitstring edges
[2025-01-08 10:45:34] Computing Matchings Dynamic walk
[2025-01-08 10:45:35] Matchings - CX: 71, U3: 54, Depth: 102
[2025-01-08 10:45:35] Computing Exact walk
[2025-01-08 10:45:36] Exact - CX: 96, U3: 157, Depth: 187
[2025-01-08 10:45:36] Successfully processed graph 33 - Category: win
[2025-01-08 10:45:36] 
Processing graph 34/200
[2025-01-08 10:45:36] Graph 34 has 16 nodes and 39 edges
[2025-01-08 10:45:36] Converted to 39 bitstring edges
[2025-01-08 10:45:36] Computing Matchings Dynamic walk
[2025-01-08 10:45:37] Matchings - CX: 89, U3: 74, Depth: 129
[2025-01-08 10:45:37] Computing Exact walk
[2025-01-08 10:45:37] Exact - CX: 100, U3: 161, Depth: 195
[2025-01-08 10:45:37] Successfully processed graph 34 - Category: win
[2025-01-08 10:45:37] 
Processing graph 35/200
[2025-01-08 10:45:37] Graph 35 has 16 nodes and 35 edges
[2025-01-08 10:45:37] Converted to 35 bitstring edges
[2025-01-08 10:45:37] Computing Matchings Dynamic walk
[2025-01-08 10:45:38] Matchings - CX: 68, U3: 63, Depth: 103
[2025-01-08 10:45:38] Computing Exact walk
[2025-01-08 10:45:39] Exact - CX: 100, U3: 165, Depth: 197
[2025-01-08 10:45:39] Successfully processed graph 35 - Category: win
[2025-01-08 10:45:39] 
Processing graph 36/200
[2025-01-08 10:45:39] Graph 36 has 16 nodes and 36 edges
[2025-01-08 10:45:39] Converted to 36 bitstring edges
[2025-01-08 10:45:39] Computing Matchings Dynamic walk
[2025-01-08 10:45:39] Matchings - CX: 75, U3: 71, Depth: 115
[2025-01-08 10:45:39] Computing Exact walk
[2025-01-08 10:45:40] Exact - CX: 100, U3: 165, Depth: 197
[2025-01-08 10:45:40] Successfully processed graph 36 - Category: win
[2025-01-08 10:45:40] 
Processing graph 37/200
[2025-01-08 10:45:40] Graph 37 has 16 nodes and 37 edges
[2025-01-08 10:45:40] Converted to 37 bitstring edges
[2025-01-08 10:45:40] Computing Matchings Dynamic walk
[2025-01-08 10:45:41] Matchings - CX: 81, U3: 70, Depth: 120
[2025-01-08 10:45:41] Computing Exact walk
[2025-01-08 10:45:42] Exact - CX: 100, U3: 165, Depth: 197
[2025-01-08 10:45:42] Successfully processed graph 37 - Category: win
[2025-01-08 10:45:42] 
Processing graph 38/200
[2025-01-08 10:45:42] Graph 38 has 16 nodes and 35 edges
[2025-01-08 10:45:42] Converted to 35 bitstring edges
[2025-01-08 10:45:42] Computing Matchings Dynamic walk
[2025-01-08 10:45:42] Matchings - CX: 77, U3: 69, Depth: 114
[2025-01-08 10:45:42] Computing Exact walk
[2025-01-08 10:45:43] Exact - CX: 98, U3: 162, Depth: 193
[2025-01-08 10:45:43] Successfully processed graph 38 - Category: win
[2025-01-08 10:45:43] 
Processing graph 39/200
[2025-01-08 10:45:43] Graph 39 has 16 nodes and 31 edges
[2025-01-08 10:45:43] Converted to 31 bitstring edges
[2025-01-08 10:45:43] Computing Matchings Dynamic walk
[2025-01-08 10:45:44] Matchings - CX: 48, U3: 40, Depth: 71
[2025-01-08 10:45:44] Computing Exact walk
[2025-01-08 10:45:45] Exact - CX: 100, U3: 165, Depth: 197
[2025-01-08 10:45:45] Successfully processed graph 39 - Category: win
[2025-01-08 10:45:45] 
Processing graph 40/200
[2025-01-08 10:45:45] Graph 40 has 16 nodes and 40 edges
[2025-01-08 10:45:45] Converted to 40 bitstring edges
[2025-01-08 10:45:45] Computing Matchings Dynamic walk
[2025-01-08 10:45:45] Matchings - CX: 71, U3: 62, Depth: 105
[2025-01-08 10:45:45] Computing Exact walk
[2025-01-08 10:45:46] Exact - CX: 100, U3: 160, Depth: 194
[2025-01-08 10:45:46] Successfully processed graph 40 - Category: win
[2025-01-08 10:45:46] 
Processing graph 41/200
[2025-01-08 10:45:46] Graph 41 has 16 nodes and 38 edges
[2025-01-08 10:45:46] Converted to 38 bitstring edges
[2025-01-08 10:45:46] Computing Matchings Dynamic walk
[2025-01-08 10:45:47] Matchings - CX: 67, U3: 64, Depth: 101
[2025-01-08 10:45:47] Computing Exact walk
[2025-01-08 10:45:48] Exact - CX: 98, U3: 158, Depth: 190
[2025-01-08 10:45:48] Successfully processed graph 41 - Category: win
[2025-01-08 10:45:48] 
Processing graph 42/200
[2025-01-08 10:45:48] Graph 42 has 16 nodes and 36 edges
[2025-01-08 10:45:48] Converted to 36 bitstring edges
[2025-01-08 10:45:48] Computing Matchings Dynamic walk
[2025-01-08 10:45:48] Matchings - CX: 56, U3: 59, Depth: 86
[2025-01-08 10:45:48] Computing Exact walk
[2025-01-08 10:45:49] Exact - CX: 100, U3: 165, Depth: 197
[2025-01-08 10:45:49] Successfully processed graph 42 - Category: win
[2025-01-08 10:45:49] 
Processing graph 43/200
[2025-01-08 10:45:49] Graph 43 has 16 nodes and 35 edges
[2025-01-08 10:45:49] Converted to 35 bitstring edges
[2025-01-08 10:45:49] Computing Matchings Dynamic walk
[2025-01-08 10:45:50] Matchings - CX: 67, U3: 59, Depth: 101
[2025-01-08 10:45:50] Computing Exact walk
[2025-01-08 10:45:51] Exact - CX: 100, U3: 160, Depth: 194
[2025-01-08 10:45:51] Successfully processed graph 43 - Category: win
[2025-01-08 10:45:51] 
Processing graph 44/200
[2025-01-08 10:45:51] Graph 44 has 16 nodes and 31 edges
[2025-01-08 10:45:51] Converted to 31 bitstring edges
[2025-01-08 10:45:51] Computing Matchings Dynamic walk
[2025-01-08 10:45:51] Matchings - CX: 75, U3: 62, Depth: 110
[2025-01-08 10:45:51] Computing Exact walk
[2025-01-08 10:45:52] Exact - CX: 100, U3: 165, Depth: 197
[2025-01-08 10:45:52] Successfully processed graph 44 - Category: win
[2025-01-08 10:45:52] 
Processing graph 45/200
[2025-01-08 10:45:52] Graph 45 has 16 nodes and 37 edges
[2025-01-08 10:45:52] Converted to 37 bitstring edges
[2025-01-08 10:45:52] Computing Matchings Dynamic walk
[2025-01-08 10:45:53] Matchings - CX: 93, U3: 73, Depth: 134
[2025-01-08 10:45:53] Computing Exact walk
[2025-01-08 10:45:54] Exact - CX: 100, U3: 165, Depth: 197
[2025-01-08 10:45:54] Successfully processed graph 45 - Category: win
[2025-01-08 10:45:54] 
Processing graph 46/200
[2025-01-08 10:45:54] Graph 46 has 16 nodes and 34 edges
[2025-01-08 10:45:54] Converted to 34 bitstring edges
[2025-01-08 10:45:54] Computing Matchings Dynamic walk
[2025-01-08 10:45:54] Matchings - CX: 62, U3: 59, Depth: 96
[2025-01-08 10:45:54] Computing Exact walk
[2025-01-08 10:45:55] Exact - CX: 100, U3: 160, Depth: 194
[2025-01-08 10:45:55] Successfully processed graph 46 - Category: win
[2025-01-08 10:45:55] 
Processing graph 47/200
[2025-01-08 10:45:55] Graph 47 has 16 nodes and 35 edges
[2025-01-08 10:45:55] Converted to 35 bitstring edges
[2025-01-08 10:45:55] Computing Matchings Dynamic walk
[2025-01-08 10:45:56] Matchings - CX: 66, U3: 60, Depth: 98
[2025-01-08 10:45:56] Computing Exact walk
[2025-01-08 10:45:57] Exact - CX: 100, U3: 165, Depth: 197
[2025-01-08 10:45:57] Successfully processed graph 47 - Category: win
[2025-01-08 10:45:57] 
Processing graph 48/200
[2025-01-08 10:45:57] Graph 48 has 16 nodes and 38 edges
[2025-01-08 10:45:57] Converted to 38 bitstring edges
[2025-01-08 10:45:57] Computing Matchings Dynamic walk
[2025-01-08 10:45:57] Matchings - CX: 38, U3: 37, Depth: 58
[2025-01-08 10:45:57] Computing Exact walk
[2025-01-08 10:45:58] Exact - CX: 100, U3: 165, Depth: 197
[2025-01-08 10:45:58] Successfully processed graph 48 - Category: win
[2025-01-08 10:45:58] 
Processing graph 49/200
[2025-01-08 10:45:58] Graph 49 has 16 nodes and 38 edges
[2025-01-08 10:45:58] Converted to 38 bitstring edges
[2025-01-08 10:45:58] Computing Matchings Dynamic walk
[2025-01-08 10:45:59] Matchings - CX: 51, U3: 54, Depth: 79
[2025-01-08 10:45:59] Computing Exact walk
[2025-01-08 10:46:00] Exact - CX: 98, U3: 160, Depth: 192
[2025-01-08 10:46:00] Successfully processed graph 49 - Category: win
[2025-01-08 10:46:00] 
Processing graph 50/200
[2025-01-08 10:46:00] Graph 50 has 16 nodes and 38 edges
[2025-01-08 10:46:00] Converted to 38 bitstring edges
[2025-01-08 10:46:00] Computing Matchings Dynamic walk
[2025-01-08 10:46:00] Matchings - CX: 52, U3: 48, Depth: 80
[2025-01-08 10:46:00] Computing Exact walk
[2025-01-08 10:46:01] Exact - CX: 100, U3: 165, Depth: 197
[2025-01-08 10:46:01] Successfully processed graph 50 - Category: win
[2025-01-08 10:46:01] 
Processing graph 51/200
[2025-01-08 10:46:01] Graph 51 has 16 nodes and 35 edges
[2025-01-08 10:46:01] Converted to 35 bitstring edges
[2025-01-08 10:46:01] Computing Matchings Dynamic walk
[2025-01-08 10:46:01] Matchings - CX: 51, U3: 48, Depth: 78
[2025-01-08 10:46:01] Computing Exact walk
[2025-01-08 10:46:02] Exact - CX: 100, U3: 165, Depth: 197
[2025-01-08 10:46:02] Successfully processed graph 51 - Category: win
[2025-01-08 10:46:02] 
Processing graph 52/200
[2025-01-08 10:46:02] Graph 52 has 16 nodes and 35 edges
[2025-01-08 10:46:02] Converted to 35 bitstring edges
[2025-01-08 10:46:02] Computing Matchings Dynamic walk
[2025-01-08 10:46:03] Matchings - CX: 57, U3: 56, Depth: 87
[2025-01-08 10:46:03] Computing Exact walk
[2025-01-08 10:46:04] Exact - CX: 100, U3: 164, Depth: 197
[2025-01-08 10:46:04] Successfully processed graph 52 - Category: win
[2025-01-08 10:46:04] 
Processing graph 53/200
[2025-01-08 10:46:04] Graph 53 has 16 nodes and 36 edges
[2025-01-08 10:46:04] Converted to 36 bitstring edges
[2025-01-08 10:46:04] Computing Matchings Dynamic walk
[2025-01-08 10:46:05] Matchings - CX: 50, U3: 44, Depth: 75
[2025-01-08 10:46:05] Computing Exact walk
[2025-01-08 10:46:06] Exact - CX: 100, U3: 165, Depth: 197
[2025-01-08 10:46:06] Successfully processed graph 53 - Category: win
[2025-01-08 10:46:06] 
Processing graph 54/200
[2025-01-08 10:46:06] Graph 54 has 16 nodes and 34 edges
[2025-01-08 10:46:06] Converted to 34 bitstring edges
[2025-01-08 10:46:06] Computing Matchings Dynamic walk
[2025-01-08 10:46:06] Matchings - CX: 75, U3: 69, Depth: 112
[2025-01-08 10:46:06] Computing Exact walk
[2025-01-08 10:46:07] Exact - CX: 100, U3: 165, Depth: 197
[2025-01-08 10:46:07] Successfully processed graph 54 - Category: win
[2025-01-08 10:46:07] 
Processing graph 55/200
[2025-01-08 10:46:07] Graph 55 has 16 nodes and 34 edges
[2025-01-08 10:46:07] Converted to 34 bitstring edges
[2025-01-08 10:46:07] Computing Matchings Dynamic walk
[2025-01-08 10:46:08] Matchings - CX: 87, U3: 78, Depth: 129
[2025-01-08 10:46:08] Computing Exact walk
[2025-01-08 10:46:09] Exact - CX: 100, U3: 165, Depth: 197
[2025-01-08 10:46:09] Successfully processed graph 55 - Category: win
[2025-01-08 10:46:09] 
Processing graph 56/200
[2025-01-08 10:46:09] Graph 56 has 16 nodes and 36 edges
[2025-01-08 10:46:09] Converted to 36 bitstring edges
[2025-01-08 10:46:09] Computing Matchings Dynamic walk
[2025-01-08 10:46:10] Matchings - CX: 62, U3: 51, Depth: 90
[2025-01-08 10:46:10] Computing Exact walk
[2025-01-08 10:46:11] Exact - CX: 100, U3: 164, Depth: 196
[2025-01-08 10:46:11] Successfully processed graph 56 - Category: win
[2025-01-08 10:46:11] 
Processing graph 57/200
[2025-01-08 10:46:11] Graph 57 has 16 nodes and 34 edges
[2025-01-08 10:46:11] Converted to 34 bitstring edges
[2025-01-08 10:46:11] Computing Matchings Dynamic walk
[2025-01-08 10:46:11] Matchings - CX: 68, U3: 63, Depth: 100
[2025-01-08 10:46:11] Computing Exact walk
[2025-01-08 10:46:12] Exact - CX: 100, U3: 165, Depth: 197
[2025-01-08 10:46:12] Successfully processed graph 57 - Category: win
[2025-01-08 10:46:12] 
Processing graph 58/200
[2025-01-08 10:46:12] Graph 58 has 16 nodes and 35 edges
[2025-01-08 10:46:12] Converted to 35 bitstring edges
[2025-01-08 10:46:12] Computing Matchings Dynamic walk
[2025-01-08 10:46:13] Matchings - CX: 37, U3: 42, Depth: 60
[2025-01-08 10:46:13] Computing Exact walk
[2025-01-08 10:46:14] Exact - CX: 100, U3: 165, Depth: 197
[2025-01-08 10:46:14] Successfully processed graph 58 - Category: win
[2025-01-08 10:46:14] 
Processing graph 59/200
[2025-01-08 10:46:14] Graph 59 has 16 nodes and 37 edges
[2025-01-08 10:46:14] Converted to 37 bitstring edges
[2025-01-08 10:46:14] Computing Matchings Dynamic walk
[2025-01-08 10:46:15] Matchings - CX: 59, U3: 54, Depth: 88
[2025-01-08 10:46:15] Computing Exact walk
[2025-01-08 10:46:16] Exact - CX: 100, U3: 165, Depth: 197
[2025-01-08 10:46:16] Successfully processed graph 59 - Category: win
[2025-01-08 10:46:16] 
Processing graph 60/200
[2025-01-08 10:46:16] Graph 60 has 16 nodes and 35 edges
[2025-01-08 10:46:16] Converted to 35 bitstring edges
[2025-01-08 10:46:16] Computing Matchings Dynamic walk
[2025-01-08 10:46:17] Matchings - CX: 51, U3: 52, Depth: 79
[2025-01-08 10:46:17] Computing Exact walk
[2025-01-08 10:46:17] Exact - CX: 100, U3: 165, Depth: 197
[2025-01-08 10:46:17] Successfully processed graph 60 - Category: win
[2025-01-08 10:46:17] 
Processing graph 61/200
[2025-01-08 10:46:17] Graph 61 has 16 nodes and 35 edges
[2025-01-08 10:46:17] Converted to 35 bitstring edges
[2025-01-08 10:46:17] Computing Matchings Dynamic walk
[2025-01-08 10:46:18] Matchings - CX: 65, U3: 49, Depth: 92
[2025-01-08 10:46:18] Computing Exact walk
[2025-01-08 10:46:19] Exact - CX: 98, U3: 161, Depth: 192
[2025-01-08 10:46:19] Successfully processed graph 61 - Category: win
[2025-01-08 10:46:19] 
Processing graph 62/200
[2025-01-08 10:46:19] Graph 62 has 16 nodes and 33 edges
[2025-01-08 10:46:19] Converted to 33 bitstring edges
[2025-01-08 10:46:19] Computing Matchings Dynamic walk
[2025-01-08 10:46:19] Matchings - CX: 80, U3: 73, Depth: 116
[2025-01-08 10:46:19] Computing Exact walk
[2025-01-08 10:46:20] Exact - CX: 100, U3: 165, Depth: 197
[2025-01-08 10:46:20] Successfully processed graph 62 - Category: win
[2025-01-08 10:46:20] 
Processing graph 63/200
[2025-01-08 10:46:20] Graph 63 has 16 nodes and 33 edges
[2025-01-08 10:46:20] Converted to 33 bitstring edges
[2025-01-08 10:46:20] Computing Matchings Dynamic walk
[2025-01-08 10:46:21] Matchings - CX: 52, U3: 52, Depth: 79
[2025-01-08 10:46:21] Computing Exact walk
[2025-01-08 10:46:22] Exact - CX: 100, U3: 165, Depth: 197
[2025-01-08 10:46:22] Successfully processed graph 63 - Category: win
[2025-01-08 10:46:22] 
Processing graph 64/200
[2025-01-08 10:46:22] Graph 64 has 16 nodes and 36 edges
[2025-01-08 10:46:22] Converted to 36 bitstring edges
[2025-01-08 10:46:22] Computing Matchings Dynamic walk
[2025-01-08 10:46:22] Matchings - CX: 78, U3: 68, Depth: 116
[2025-01-08 10:46:22] Computing Exact walk
[2025-01-08 10:46:23] Exact - CX: 100, U3: 165, Depth: 197
[2025-01-08 10:46:23] Successfully processed graph 64 - Category: win
[2025-01-08 10:46:23] 
Processing graph 65/200
[2025-01-08 10:46:23] Graph 65 has 16 nodes and 36 edges
[2025-01-08 10:46:23] Converted to 36 bitstring edges
[2025-01-08 10:46:23] Computing Matchings Dynamic walk
[2025-01-08 10:46:24] Matchings - CX: 46, U3: 46, Depth: 71
[2025-01-08 10:46:24] Computing Exact walk
[2025-01-08 10:46:25] Exact - CX: 100, U3: 165, Depth: 197
[2025-01-08 10:46:25] Successfully processed graph 65 - Category: win
[2025-01-08 10:46:25] 
Processing graph 66/200
[2025-01-08 10:46:25] Graph 66 has 16 nodes and 35 edges
[2025-01-08 10:46:25] Converted to 35 bitstring edges
[2025-01-08 10:46:25] Computing Matchings Dynamic walk
[2025-01-08 10:46:25] Matchings - CX: 57, U3: 60, Depth: 90
[2025-01-08 10:46:25] Computing Exact walk
[2025-01-08 10:46:26] Exact - CX: 100, U3: 165, Depth: 197
[2025-01-08 10:46:26] Successfully processed graph 66 - Category: win
[2025-01-08 10:46:26] 
Processing graph 67/200
[2025-01-08 10:46:26] Graph 67 has 16 nodes and 32 edges
[2025-01-08 10:46:26] Converted to 32 bitstring edges
[2025-01-08 10:46:26] Computing Matchings Dynamic walk
[2025-01-08 10:46:27] Matchings - CX: 40, U3: 38, Depth: 60
[2025-01-08 10:46:27] Computing Exact walk
[2025-01-08 10:46:28] Exact - CX: 100, U3: 165, Depth: 197
[2025-01-08 10:46:28] Successfully processed graph 67 - Category: win
[2025-01-08 10:46:28] 
Processing graph 68/200
[2025-01-08 10:46:28] Graph 68 has 16 nodes and 33 edges
[2025-01-08 10:46:28] Converted to 33 bitstring edges
[2025-01-08 10:46:28] Computing Matchings Dynamic walk
[2025-01-08 10:46:28] Matchings - CX: 45, U3: 48, Depth: 70
[2025-01-08 10:46:28] Computing Exact walk
[2025-01-08 10:46:29] Exact - CX: 100, U3: 165, Depth: 197
[2025-01-08 10:46:29] Successfully processed graph 68 - Category: win
[2025-01-08 10:46:29] 
Processing graph 69/200
[2025-01-08 10:46:29] Graph 69 has 16 nodes and 36 edges
[2025-01-08 10:46:29] Converted to 36 bitstring edges
[2025-01-08 10:46:29] Computing Matchings Dynamic walk
[2025-01-08 10:46:29] Matchings - CX: 30, U3: 28, Depth: 46
[2025-01-08 10:46:29] Computing Exact walk
[2025-01-08 10:46:30] Exact - CX: 100, U3: 165, Depth: 197
[2025-01-08 10:46:30] Successfully processed graph 69 - Category: win
[2025-01-08 10:46:30] 
Processing graph 70/200
[2025-01-08 10:46:30] Graph 70 has 16 nodes and 36 edges
[2025-01-08 10:46:30] Converted to 36 bitstring edges
[2025-01-08 10:46:30] Computing Matchings Dynamic walk
[2025-01-08 10:46:31] Matchings - CX: 48, U3: 37, Depth: 71
[2025-01-08 10:46:31] Computing Exact walk
[2025-01-08 10:46:32] Exact - CX: 100, U3: 165, Depth: 197
[2025-01-08 10:46:32] Successfully processed graph 70 - Category: win
[2025-01-08 10:46:32] 
Processing graph 71/200
[2025-01-08 10:46:32] Graph 71 has 16 nodes and 34 edges
[2025-01-08 10:46:32] Converted to 34 bitstring edges
[2025-01-08 10:46:32] Computing Matchings Dynamic walk
[2025-01-08 10:46:32] Matchings - CX: 70, U3: 60, Depth: 104
[2025-01-08 10:46:32] Computing Exact walk
[2025-01-08 10:46:33] Exact - CX: 100, U3: 165, Depth: 197
[2025-01-08 10:46:33] Successfully processed graph 71 - Category: win
[2025-01-08 10:46:33] 
Processing graph 72/200
[2025-01-08 10:46:33] Graph 72 has 16 nodes and 37 edges
[2025-01-08 10:46:33] Converted to 37 bitstring edges
[2025-01-08 10:46:33] Computing Matchings Dynamic walk
[2025-01-08 10:46:34] Matchings - CX: 42, U3: 41, Depth: 63
[2025-01-08 10:46:34] Computing Exact walk
[2025-01-08 10:46:34] Exact - CX: 100, U3: 165, Depth: 197
[2025-01-08 10:46:34] Successfully processed graph 72 - Category: win
[2025-01-08 10:46:34] 
Processing graph 73/200
[2025-01-08 10:46:34] Graph 73 has 16 nodes and 34 edges
[2025-01-08 10:46:34] Converted to 34 bitstring edges
[2025-01-08 10:46:34] Computing Matchings Dynamic walk
[2025-01-08 10:46:35] Matchings - CX: 56, U3: 51, Depth: 84
[2025-01-08 10:46:35] Computing Exact walk
[2025-01-08 10:46:36] Exact - CX: 97, U3: 159, Depth: 190
[2025-01-08 10:46:36] Successfully processed graph 73 - Category: win
[2025-01-08 10:46:36] 
Processing graph 74/200
[2025-01-08 10:46:36] Graph 74 has 16 nodes and 34 edges
[2025-01-08 10:46:36] Converted to 34 bitstring edges
[2025-01-08 10:46:36] Computing Matchings Dynamic walk
[2025-01-08 10:46:37] Matchings - CX: 79, U3: 66, Depth: 116
[2025-01-08 10:46:37] Computing Exact walk
[2025-01-08 10:46:38] Exact - CX: 100, U3: 160, Depth: 195
[2025-01-08 10:46:38] Successfully processed graph 74 - Category: win
[2025-01-08 10:46:38] 
Processing graph 75/200
[2025-01-08 10:46:38] Graph 75 has 16 nodes and 39 edges
[2025-01-08 10:46:38] Converted to 39 bitstring edges
[2025-01-08 10:46:38] Computing Matchings Dynamic walk
[2025-01-08 10:46:38] Matchings - CX: 65, U3: 60, Depth: 99
[2025-01-08 10:46:38] Computing Exact walk
[2025-01-08 10:46:39] Exact - CX: 100, U3: 165, Depth: 197
[2025-01-08 10:46:39] Successfully processed graph 75 - Category: win
[2025-01-08 10:46:39] 
Processing graph 76/200
[2025-01-08 10:46:39] Graph 76 has 16 nodes and 37 edges
[2025-01-08 10:46:39] Converted to 37 bitstring edges
[2025-01-08 10:46:39] Computing Matchings Dynamic walk
[2025-01-08 10:46:40] Matchings - CX: 48, U3: 42, Depth: 72
[2025-01-08 10:46:40] Computing Exact walk
[2025-01-08 10:46:41] Exact - CX: 100, U3: 165, Depth: 197
[2025-01-08 10:46:41] Successfully processed graph 76 - Category: win
[2025-01-08 10:46:41] 
Processing graph 77/200
[2025-01-08 10:46:41] Graph 77 has 16 nodes and 36 edges
[2025-01-08 10:46:41] Converted to 36 bitstring edges
[2025-01-08 10:46:41] Computing Matchings Dynamic walk
[2025-01-08 10:46:42] Matchings - CX: 63, U3: 60, Depth: 95
[2025-01-08 10:46:42] Computing Exact walk
[2025-01-08 10:46:43] Exact - CX: 100, U3: 163, Depth: 196
[2025-01-08 10:46:43] Successfully processed graph 77 - Category: win
[2025-01-08 10:46:43] 
Processing graph 78/200
[2025-01-08 10:46:43] Graph 78 has 16 nodes and 37 edges
[2025-01-08 10:46:43] Converted to 37 bitstring edges
[2025-01-08 10:46:43] Computing Matchings Dynamic walk
[2025-01-08 10:46:44] Matchings - CX: 50, U3: 53, Depth: 80
[2025-01-08 10:46:44] Computing Exact walk
[2025-01-08 10:46:45] Exact - CX: 100, U3: 165, Depth: 197
[2025-01-08 10:46:45] Successfully processed graph 78 - Category: win
[2025-01-08 10:46:45] 
Processing graph 79/200
[2025-01-08 10:46:45] Graph 79 has 16 nodes and 34 edges
[2025-01-08 10:46:45] Converted to 34 bitstring edges
[2025-01-08 10:46:45] Computing Matchings Dynamic walk
[2025-01-08 10:46:45] Matchings - CX: 64, U3: 54, Depth: 96
[2025-01-08 10:46:45] Computing Exact walk
[2025-01-08 10:46:46] Exact - CX: 98, U3: 162, Depth: 192
[2025-01-08 10:46:46] Successfully processed graph 79 - Category: win
[2025-01-08 10:46:46] 
Processing graph 80/200
[2025-01-08 10:46:46] Graph 80 has 16 nodes and 33 edges
[2025-01-08 10:46:46] Converted to 33 bitstring edges
[2025-01-08 10:46:46] Computing Matchings Dynamic walk
[2025-01-08 10:46:47] Matchings - CX: 63, U3: 63, Depth: 97
[2025-01-08 10:46:47] Computing Exact walk
[2025-01-08 10:46:48] Exact - CX: 100, U3: 165, Depth: 197
[2025-01-08 10:46:48] Successfully processed graph 80 - Category: win
[2025-01-08 10:46:48] 
Processing graph 81/200
[2025-01-08 10:46:48] Graph 81 has 16 nodes and 34 edges
[2025-01-08 10:46:48] Converted to 34 bitstring edges
[2025-01-08 10:46:48] Computing Matchings Dynamic walk
[2025-01-08 10:46:49] Matchings - CX: 63, U3: 69, Depth: 97
[2025-01-08 10:46:49] Computing Exact walk
[2025-01-08 10:46:50] Exact - CX: 98, U3: 160, Depth: 191
[2025-01-08 10:46:50] Successfully processed graph 81 - Category: win
[2025-01-08 10:46:50] 
Processing graph 82/200
[2025-01-08 10:46:50] Graph 82 has 16 nodes and 35 edges
[2025-01-08 10:46:50] Converted to 35 bitstring edges
[2025-01-08 10:46:50] Computing Matchings Dynamic walk
[2025-01-08 10:46:50] Matchings - CX: 41, U3: 39, Depth: 62
[2025-01-08 10:46:50] Computing Exact walk
[2025-01-08 10:46:51] Exact - CX: 100, U3: 165, Depth: 197
[2025-01-08 10:46:51] Successfully processed graph 82 - Category: win
[2025-01-08 10:46:51] 
Processing graph 83/200
[2025-01-08 10:46:51] Graph 83 has 16 nodes and 34 edges
[2025-01-08 10:46:51] Converted to 34 bitstring edges
[2025-01-08 10:46:51] Computing Matchings Dynamic walk
[2025-01-08 10:46:52] Matchings - CX: 63, U3: 67, Depth: 99
[2025-01-08 10:46:52] Computing Exact walk
[2025-01-08 10:46:53] Exact - CX: 100, U3: 165, Depth: 197
[2025-01-08 10:46:53] Successfully processed graph 83 - Category: win
[2025-01-08 10:46:53] 
Processing graph 84/200
[2025-01-08 10:46:53] Graph 84 has 16 nodes and 37 edges
[2025-01-08 10:46:53] Converted to 37 bitstring edges
[2025-01-08 10:46:53] Computing Matchings Dynamic walk
[2025-01-08 10:46:54] Matchings - CX: 48, U3: 50, Depth: 76
[2025-01-08 10:46:54] Computing Exact walk
[2025-01-08 10:46:55] Exact - CX: 100, U3: 165, Depth: 197
[2025-01-08 10:46:55] Successfully processed graph 84 - Category: win
[2025-01-08 10:46:55] 
Processing graph 85/200
[2025-01-08 10:46:55] Graph 85 has 16 nodes and 33 edges
[2025-01-08 10:46:55] Converted to 33 bitstring edges
[2025-01-08 10:46:55] Computing Matchings Dynamic walk
[2025-01-08 10:46:55] Matchings - CX: 54, U3: 41, Depth: 79
[2025-01-08 10:46:55] Computing Exact walk
[2025-01-08 10:46:56] Exact - CX: 100, U3: 165, Depth: 197
[2025-01-08 10:46:56] Successfully processed graph 85 - Category: win
[2025-01-08 10:46:56] 
Processing graph 86/200
[2025-01-08 10:46:56] Graph 86 has 16 nodes and 34 edges
[2025-01-08 10:46:56] Converted to 34 bitstring edges
[2025-01-08 10:46:56] Computing Matchings Dynamic walk
[2025-01-08 10:46:57] Matchings - CX: 59, U3: 56, Depth: 91
[2025-01-08 10:46:57] Computing Exact walk
[2025-01-08 10:46:58] Exact - CX: 99, U3: 161, Depth: 194
[2025-01-08 10:46:58] Successfully processed graph 86 - Category: win
[2025-01-08 10:46:58] 
Processing graph 87/200
[2025-01-08 10:46:58] Graph 87 has 16 nodes and 32 edges
[2025-01-08 10:46:58] Converted to 32 bitstring edges
[2025-01-08 10:46:58] Computing Matchings Dynamic walk
[2025-01-08 10:46:58] Matchings - CX: 55, U3: 51, Depth: 82
[2025-01-08 10:46:58] Computing Exact walk
[2025-01-08 10:46:59] Exact - CX: 100, U3: 162, Depth: 196
[2025-01-08 10:46:59] Successfully processed graph 87 - Category: win
[2025-01-08 10:46:59] 
Processing graph 88/200
[2025-01-08 10:46:59] Graph 88 has 16 nodes and 37 edges
[2025-01-08 10:46:59] Converted to 37 bitstring edges
[2025-01-08 10:46:59] Computing Matchings Dynamic walk
[2025-01-08 10:47:00] Matchings - CX: 85, U3: 78, Depth: 127
[2025-01-08 10:47:00] Computing Exact walk
[2025-01-08 10:47:01] Exact - CX: 100, U3: 165, Depth: 197
[2025-01-08 10:47:01] Successfully processed graph 88 - Category: win
[2025-01-08 10:47:01] 
Processing graph 89/200
[2025-01-08 10:47:01] Graph 89 has 16 nodes and 37 edges
[2025-01-08 10:47:01] Converted to 37 bitstring edges
[2025-01-08 10:47:01] Computing Matchings Dynamic walk
[2025-01-08 10:47:02] Matchings - CX: 57, U3: 58, Depth: 89
[2025-01-08 10:47:02] Computing Exact walk
[2025-01-08 10:47:03] Exact - CX: 100, U3: 165, Depth: 197
[2025-01-08 10:47:03] Successfully processed graph 89 - Category: win
[2025-01-08 10:47:03] 
Processing graph 90/200
[2025-01-08 10:47:03] Graph 90 has 16 nodes and 37 edges
[2025-01-08 10:47:03] Converted to 37 bitstring edges
[2025-01-08 10:47:03] Computing Matchings Dynamic walk
[2025-01-08 10:47:04] Matchings - CX: 75, U3: 73, Depth: 115
[2025-01-08 10:47:04] Computing Exact walk
[2025-01-08 10:47:05] Exact - CX: 98, U3: 162, Depth: 193
[2025-01-08 10:47:05] Successfully processed graph 90 - Category: win
[2025-01-08 10:47:05] 
Processing graph 91/200
[2025-01-08 10:47:05] Graph 91 has 16 nodes and 36 edges
[2025-01-08 10:47:05] Converted to 36 bitstring edges
[2025-01-08 10:47:05] Computing Matchings Dynamic walk
[2025-01-08 10:47:06] Matchings - CX: 54, U3: 45, Depth: 78
[2025-01-08 10:47:06] Computing Exact walk
[2025-01-08 10:47:07] Exact - CX: 100, U3: 165, Depth: 197
[2025-01-08 10:47:07] Successfully processed graph 91 - Category: win
[2025-01-08 10:47:07] 
Processing graph 92/200
[2025-01-08 10:47:07] Graph 92 has 16 nodes and 34 edges
[2025-01-08 10:47:07] Converted to 34 bitstring edges
[2025-01-08 10:47:07] Computing Matchings Dynamic walk
[2025-01-08 10:47:08] Matchings - CX: 63, U3: 63, Depth: 96
[2025-01-08 10:47:08] Computing Exact walk
[2025-01-08 10:47:09] Exact - CX: 100, U3: 165, Depth: 197
[2025-01-08 10:47:09] Successfully processed graph 92 - Category: win
[2025-01-08 10:47:09] 
Processing graph 93/200
[2025-01-08 10:47:09] Graph 93 has 16 nodes and 36 edges
[2025-01-08 10:47:09] Converted to 36 bitstring edges
[2025-01-08 10:47:09] Computing Matchings Dynamic walk
[2025-01-08 10:47:09] Matchings - CX: 74, U3: 72, Depth: 112
[2025-01-08 10:47:09] Computing Exact walk
[2025-01-08 10:47:10] Exact - CX: 100, U3: 165, Depth: 197
[2025-01-08 10:47:10] Successfully processed graph 93 - Category: win
[2025-01-08 10:47:10] 
Processing graph 94/200
[2025-01-08 10:47:10] Graph 94 has 16 nodes and 36 edges
[2025-01-08 10:47:10] Converted to 36 bitstring edges
[2025-01-08 10:47:10] Computing Matchings Dynamic walk
[2025-01-08 10:47:11] Matchings - CX: 59, U3: 60, Depth: 90
[2025-01-08 10:47:11] Computing Exact walk
[2025-01-08 10:47:12] Exact - CX: 97, U3: 158, Depth: 189
[2025-01-08 10:47:12] Successfully processed graph 94 - Category: win
[2025-01-08 10:47:12] 
Processing graph 95/200
[2025-01-08 10:47:12] Graph 95 has 16 nodes and 33 edges
[2025-01-08 10:47:12] Converted to 33 bitstring edges
[2025-01-08 10:47:12] Computing Matchings Dynamic walk
[2025-01-08 10:47:12] Matchings - CX: 57, U3: 50, Depth: 84
[2025-01-08 10:47:12] Computing Exact walk
[2025-01-08 10:47:13] Exact - CX: 98, U3: 163, Depth: 193
[2025-01-08 10:47:13] Successfully processed graph 95 - Category: win
[2025-01-08 10:47:13] 
Processing graph 96/200
[2025-01-08 10:47:13] Graph 96 has 16 nodes and 35 edges
[2025-01-08 10:47:13] Converted to 35 bitstring edges
[2025-01-08 10:47:13] Computing Matchings Dynamic walk
[2025-01-08 10:47:14] Matchings - CX: 52, U3: 47, Depth: 78
[2025-01-08 10:47:14] Computing Exact walk
[2025-01-08 10:47:15] Exact - CX: 100, U3: 165, Depth: 197
[2025-01-08 10:47:15] Successfully processed graph 96 - Category: win
[2025-01-08 10:47:15] 
Processing graph 97/200
[2025-01-08 10:47:15] Graph 97 has 16 nodes and 37 edges
[2025-01-08 10:47:15] Converted to 37 bitstring edges
[2025-01-08 10:47:15] Computing Matchings Dynamic walk
[2025-01-08 10:47:15] Matchings - CX: 75, U3: 67, Depth: 114
[2025-01-08 10:47:15] Computing Exact walk
[2025-01-08 10:47:16] Exact - CX: 100, U3: 165, Depth: 197
[2025-01-08 10:47:16] Successfully processed graph 97 - Category: win
[2025-01-08 10:47:16] 
Processing graph 98/200
[2025-01-08 10:47:16] Graph 98 has 16 nodes and 38 edges
[2025-01-08 10:47:16] Converted to 38 bitstring edges
[2025-01-08 10:47:16] Computing Matchings Dynamic walk
[2025-01-08 10:47:17] Matchings - CX: 55, U3: 53, Depth: 84
[2025-01-08 10:47:17] Computing Exact walk
[2025-01-08 10:47:18] Exact - CX: 100, U3: 165, Depth: 197
[2025-01-08 10:47:18] Successfully processed graph 98 - Category: win
[2025-01-08 10:47:18] 
Processing graph 99/200
[2025-01-08 10:47:18] Graph 99 has 16 nodes and 36 edges
[2025-01-08 10:47:18] Converted to 36 bitstring edges
[2025-01-08 10:47:18] Computing Matchings Dynamic walk
[2025-01-08 10:47:18] Matchings - CX: 46, U3: 46, Depth: 71
[2025-01-08 10:47:18] Computing Exact walk
[2025-01-08 10:47:19] Exact - CX: 100, U3: 160, Depth: 194
[2025-01-08 10:47:19] Successfully processed graph 99 - Category: win
[2025-01-08 10:47:19] 
Processing graph 100/200
[2025-01-08 10:47:19] Graph 100 has 16 nodes and 37 edges
[2025-01-08 10:47:19] Converted to 37 bitstring edges
[2025-01-08 10:47:19] Computing Matchings Dynamic walk
[2025-01-08 10:47:20] Matchings - CX: 66, U3: 52, Depth: 96
[2025-01-08 10:47:20] Computing Exact walk
[2025-01-08 10:47:21] Exact - CX: 100, U3: 165, Depth: 197
[2025-01-08 10:47:21] Successfully processed graph 100 - Category: win
[2025-01-08 10:47:21] 
Processing graph 101/200
[2025-01-08 10:47:21] Graph 101 has 16 nodes and 35 edges
[2025-01-08 10:47:21] Converted to 35 bitstring edges
[2025-01-08 10:47:21] Computing Matchings Dynamic walk
[2025-01-08 10:47:22] Matchings - CX: 44, U3: 43, Depth: 67
[2025-01-08 10:47:22] Computing Exact walk
[2025-01-08 10:47:23] Exact - CX: 100, U3: 163, Depth: 195
[2025-01-08 10:47:23] Successfully processed graph 101 - Category: win
[2025-01-08 10:47:23] 
Processing graph 102/200
[2025-01-08 10:47:23] Graph 102 has 16 nodes and 31 edges
[2025-01-08 10:47:23] Converted to 31 bitstring edges
[2025-01-08 10:47:23] Computing Matchings Dynamic walk
[2025-01-08 10:47:24] Matchings - CX: 64, U3: 55, Depth: 95
[2025-01-08 10:47:24] Computing Exact walk
[2025-01-08 10:47:25] Exact - CX: 100, U3: 165, Depth: 197
[2025-01-08 10:47:25] Successfully processed graph 102 - Category: win
[2025-01-08 10:47:25] 
Processing graph 103/200
[2025-01-08 10:47:25] Graph 103 has 16 nodes and 37 edges
[2025-01-08 10:47:25] Converted to 37 bitstring edges
[2025-01-08 10:47:25] Computing Matchings Dynamic walk
[2025-01-08 10:47:26] Matchings - CX: 94, U3: 85, Depth: 139
[2025-01-08 10:47:26] Computing Exact walk
[2025-01-08 10:47:27] Exact - CX: 100, U3: 161, Depth: 195
[2025-01-08 10:47:27] Successfully processed graph 103 - Category: win
[2025-01-08 10:47:27] 
Processing graph 104/200
[2025-01-08 10:47:27] Graph 104 has 16 nodes and 34 edges
[2025-01-08 10:47:27] Converted to 34 bitstring edges
[2025-01-08 10:47:27] Computing Matchings Dynamic walk
[2025-01-08 10:47:28] Matchings - CX: 43, U3: 50, Depth: 69
[2025-01-08 10:47:28] Computing Exact walk
[2025-01-08 10:47:29] Exact - CX: 100, U3: 165, Depth: 197
[2025-01-08 10:47:29] Successfully processed graph 104 - Category: win
[2025-01-08 10:47:29] 
Processing graph 105/200
[2025-01-08 10:47:29] Graph 105 has 16 nodes and 35 edges
[2025-01-08 10:47:29] Converted to 35 bitstring edges
[2025-01-08 10:47:29] Computing Matchings Dynamic walk
[2025-01-08 10:47:30] Matchings - CX: 76, U3: 68, Depth: 114
[2025-01-08 10:47:30] Computing Exact walk
[2025-01-08 10:47:31] Exact - CX: 100, U3: 165, Depth: 197
[2025-01-08 10:47:31] Successfully processed graph 105 - Category: win
[2025-01-08 10:47:31] 
Processing graph 106/200
[2025-01-08 10:47:31] Graph 106 has 16 nodes and 36 edges
[2025-01-08 10:47:31] Converted to 36 bitstring edges
[2025-01-08 10:47:31] Computing Matchings Dynamic walk
[2025-01-08 10:47:32] Matchings - CX: 43, U3: 46, Depth: 68
[2025-01-08 10:47:32] Computing Exact walk
[2025-01-08 10:47:33] Exact - CX: 100, U3: 165, Depth: 197
[2025-01-08 10:47:33] Successfully processed graph 106 - Category: win
[2025-01-08 10:47:33] 
Processing graph 107/200
[2025-01-08 10:47:33] Graph 107 has 16 nodes and 33 edges
[2025-01-08 10:47:33] Converted to 33 bitstring edges
[2025-01-08 10:47:33] Computing Matchings Dynamic walk
[2025-01-08 10:47:34] Matchings - CX: 28, U3: 28, Depth: 43
[2025-01-08 10:47:34] Computing Exact walk
[2025-01-08 10:47:35] Exact - CX: 100, U3: 165, Depth: 197
[2025-01-08 10:47:35] Successfully processed graph 107 - Category: win
[2025-01-08 10:47:35] 
Processing graph 108/200
[2025-01-08 10:47:35] Graph 108 has 16 nodes and 37 edges
[2025-01-08 10:47:35] Converted to 37 bitstring edges
[2025-01-08 10:47:35] Computing Matchings Dynamic walk
[2025-01-08 10:47:36] Matchings - CX: 67, U3: 60, Depth: 96
[2025-01-08 10:47:36] Computing Exact walk
[2025-01-08 10:47:37] Exact - CX: 100, U3: 165, Depth: 197
[2025-01-08 10:47:37] Successfully processed graph 108 - Category: win
[2025-01-08 10:47:37] 
Processing graph 109/200
[2025-01-08 10:47:37] Graph 109 has 16 nodes and 38 edges
[2025-01-08 10:47:37] Converted to 38 bitstring edges
[2025-01-08 10:47:37] Computing Matchings Dynamic walk
[2025-01-08 10:47:38] Matchings - CX: 73, U3: 73, Depth: 111
[2025-01-08 10:47:38] Computing Exact walk
[2025-01-08 10:47:39] Exact - CX: 100, U3: 165, Depth: 197
[2025-01-08 10:47:39] Successfully processed graph 109 - Category: win
[2025-01-08 10:47:39] 
Processing graph 110/200
[2025-01-08 10:47:39] Graph 110 has 16 nodes and 36 edges
[2025-01-08 10:47:39] Converted to 36 bitstring edges
[2025-01-08 10:47:39] Computing Matchings Dynamic walk
[2025-01-08 10:47:40] Matchings - CX: 32, U3: 32, Depth: 50
[2025-01-08 10:47:40] Computing Exact walk
[2025-01-08 10:47:41] Exact - CX: 100, U3: 165, Depth: 197
[2025-01-08 10:47:41] Successfully processed graph 110 - Category: win
[2025-01-08 10:47:41] 
Processing graph 111/200
[2025-01-08 10:47:41] Graph 111 has 16 nodes and 34 edges
[2025-01-08 10:47:41] Converted to 34 bitstring edges
[2025-01-08 10:47:41] Computing Matchings Dynamic walk
[2025-01-08 10:47:42] Matchings - CX: 55, U3: 51, Depth: 85
[2025-01-08 10:47:42] Computing Exact walk
[2025-01-08 10:47:43] Exact - CX: 100, U3: 165, Depth: 197
[2025-01-08 10:47:43] Successfully processed graph 111 - Category: win
[2025-01-08 10:47:43] 
Processing graph 112/200
[2025-01-08 10:47:43] Graph 112 has 16 nodes and 35 edges
[2025-01-08 10:47:43] Converted to 35 bitstring edges
[2025-01-08 10:47:43] Computing Matchings Dynamic walk
[2025-01-08 10:47:44] Matchings - CX: 75, U3: 59, Depth: 108
[2025-01-08 10:47:44] Computing Exact walk
[2025-01-08 10:47:45] Exact - CX: 100, U3: 165, Depth: 197
[2025-01-08 10:47:45] Successfully processed graph 112 - Category: win
[2025-01-08 10:47:45] 
Processing graph 113/200
[2025-01-08 10:47:45] Graph 113 has 16 nodes and 36 edges
[2025-01-08 10:47:45] Converted to 36 bitstring edges
[2025-01-08 10:47:45] Computing Matchings Dynamic walk
[2025-01-08 10:47:46] Matchings - CX: 51, U3: 46, Depth: 73
[2025-01-08 10:47:46] Computing Exact walk
[2025-01-08 10:47:47] Exact - CX: 100, U3: 163, Depth: 196
[2025-01-08 10:47:47] Successfully processed graph 113 - Category: win
[2025-01-08 10:47:47] 
Processing graph 114/200
[2025-01-08 10:47:47] Graph 114 has 16 nodes and 35 edges
[2025-01-08 10:47:47] Converted to 35 bitstring edges
[2025-01-08 10:47:47] Computing Matchings Dynamic walk
[2025-01-08 10:47:48] Matchings - CX: 72, U3: 67, Depth: 109
[2025-01-08 10:47:48] Computing Exact walk
[2025-01-08 10:47:50] Exact - CX: 100, U3: 165, Depth: 197
[2025-01-08 10:47:50] Successfully processed graph 114 - Category: win
[2025-01-08 10:47:50] 
Processing graph 115/200
[2025-01-08 10:47:50] Graph 115 has 16 nodes and 38 edges
[2025-01-08 10:47:50] Converted to 38 bitstring edges
[2025-01-08 10:47:50] Computing Matchings Dynamic walk
[2025-01-08 10:47:50] Matchings - CX: 45, U3: 49, Depth: 72
[2025-01-08 10:47:50] Computing Exact walk
[2025-01-08 10:47:52] Exact - CX: 100, U3: 165, Depth: 197
[2025-01-08 10:47:52] Successfully processed graph 115 - Category: win
[2025-01-08 10:47:52] 
Processing graph 116/200
[2025-01-08 10:47:52] Graph 116 has 16 nodes and 34 edges
[2025-01-08 10:47:52] Converted to 34 bitstring edges
[2025-01-08 10:47:52] Computing Matchings Dynamic walk
[2025-01-08 10:47:53] Matchings - CX: 53, U3: 47, Depth: 78
[2025-01-08 10:47:53] Computing Exact walk
[2025-01-08 10:47:54] Exact - CX: 100, U3: 165, Depth: 197
[2025-01-08 10:47:54] Successfully processed graph 116 - Category: win
[2025-01-08 10:47:54] 
Processing graph 117/200
[2025-01-08 10:47:54] Graph 117 has 16 nodes and 35 edges
[2025-01-08 10:47:54] Converted to 35 bitstring edges
[2025-01-08 10:47:54] Computing Matchings Dynamic walk
[2025-01-08 10:47:55] Matchings - CX: 52, U3: 48, Depth: 79
[2025-01-08 10:47:55] Computing Exact walk
[2025-01-08 10:47:56] Exact - CX: 100, U3: 165, Depth: 197
[2025-01-08 10:47:56] Successfully processed graph 117 - Category: win
[2025-01-08 10:47:56] 
Processing graph 118/200
[2025-01-08 10:47:56] Graph 118 has 16 nodes and 35 edges
[2025-01-08 10:47:56] Converted to 35 bitstring edges
[2025-01-08 10:47:56] Computing Matchings Dynamic walk
[2025-01-08 10:47:57] Matchings - CX: 42, U3: 40, Depth: 64
[2025-01-08 10:47:57] Computing Exact walk
[2025-01-08 10:47:58] Exact - CX: 100, U3: 162, Depth: 196
[2025-01-08 10:47:58] Successfully processed graph 118 - Category: win
[2025-01-08 10:47:58] 
Processing graph 119/200
[2025-01-08 10:47:58] Graph 119 has 16 nodes and 36 edges
[2025-01-08 10:47:58] Converted to 36 bitstring edges
[2025-01-08 10:47:58] Computing Matchings Dynamic walk
[2025-01-08 10:47:59] Matchings - CX: 57, U3: 54, Depth: 90
[2025-01-08 10:47:59] Computing Exact walk
[2025-01-08 10:48:00] Exact - CX: 100, U3: 165, Depth: 197
[2025-01-08 10:48:00] Successfully processed graph 119 - Category: win
[2025-01-08 10:48:00] 
Processing graph 120/200
[2025-01-08 10:48:00] Graph 120 has 16 nodes and 35 edges
[2025-01-08 10:48:00] Converted to 35 bitstring edges
[2025-01-08 10:48:00] Computing Matchings Dynamic walk
[2025-01-08 10:48:01] Matchings - CX: 67, U3: 65, Depth: 102
[2025-01-08 10:48:01] Computing Exact walk
[2025-01-08 10:48:02] Exact - CX: 98, U3: 159, Depth: 191
[2025-01-08 10:48:02] Successfully processed graph 120 - Category: win
[2025-01-08 10:48:02] 
Processing graph 121/200
[2025-01-08 10:48:02] Graph 121 has 16 nodes and 33 edges
[2025-01-08 10:48:02] Converted to 33 bitstring edges
[2025-01-08 10:48:02] Computing Matchings Dynamic walk
[2025-01-08 10:48:03] Matchings - CX: 44, U3: 44, Depth: 67
[2025-01-08 10:48:03] Computing Exact walk
[2025-01-08 10:48:05] Exact - CX: 100, U3: 165, Depth: 197
[2025-01-08 10:48:05] Successfully processed graph 121 - Category: win
[2025-01-08 10:48:05] 
Processing graph 122/200
[2025-01-08 10:48:05] Graph 122 has 16 nodes and 35 edges
[2025-01-08 10:48:05] Converted to 35 bitstring edges
[2025-01-08 10:48:05] Computing Matchings Dynamic walk
[2025-01-08 10:48:06] Matchings - CX: 45, U3: 46, Depth: 70
[2025-01-08 10:48:06] Computing Exact walk
[2025-01-08 10:48:07] Exact - CX: 98, U3: 160, Depth: 191
[2025-01-08 10:48:07] Successfully processed graph 122 - Category: win
[2025-01-08 10:48:07] 
Processing graph 123/200
[2025-01-08 10:48:07] Graph 123 has 16 nodes and 37 edges
[2025-01-08 10:48:07] Converted to 37 bitstring edges
[2025-01-08 10:48:07] Computing Matchings Dynamic walk
[2025-01-08 10:48:08] Matchings - CX: 56, U3: 56, Depth: 86
[2025-01-08 10:48:08] Computing Exact walk
[2025-01-08 10:48:09] Exact - CX: 100, U3: 165, Depth: 197
[2025-01-08 10:48:09] Successfully processed graph 123 - Category: win
[2025-01-08 10:48:09] 
Processing graph 124/200
[2025-01-08 10:48:09] Graph 124 has 16 nodes and 36 edges
[2025-01-08 10:48:09] Converted to 36 bitstring edges
[2025-01-08 10:48:09] Computing Matchings Dynamic walk
[2025-01-08 10:48:10] Matchings - CX: 76, U3: 65, Depth: 112
[2025-01-08 10:48:10] Computing Exact walk
[2025-01-08 10:48:11] Exact - CX: 100, U3: 165, Depth: 197
[2025-01-08 10:48:11] Successfully processed graph 124 - Category: win
[2025-01-08 10:48:11] 
Processing graph 125/200
[2025-01-08 10:48:11] Graph 125 has 16 nodes and 34 edges
[2025-01-08 10:48:11] Converted to 34 bitstring edges
[2025-01-08 10:48:11] Computing Matchings Dynamic walk
[2025-01-08 10:48:12] Matchings - CX: 48, U3: 53, Depth: 78
[2025-01-08 10:48:12] Computing Exact walk
[2025-01-08 10:48:14] Exact - CX: 100, U3: 165, Depth: 197
[2025-01-08 10:48:14] Successfully processed graph 125 - Category: win
[2025-01-08 10:48:14] 
Processing graph 126/200
[2025-01-08 10:48:14] Graph 126 has 16 nodes and 35 edges
[2025-01-08 10:48:14] Converted to 35 bitstring edges
[2025-01-08 10:48:14] Computing Matchings Dynamic walk
[2025-01-08 10:48:14] Matchings - CX: 63, U3: 46, Depth: 86
[2025-01-08 10:48:14] Computing Exact walk
[2025-01-08 10:48:16] Exact - CX: 100, U3: 165, Depth: 197
[2025-01-08 10:48:16] Successfully processed graph 126 - Category: win
[2025-01-08 10:48:16] 
Processing graph 127/200
[2025-01-08 10:48:16] Graph 127 has 16 nodes and 35 edges
[2025-01-08 10:48:16] Converted to 35 bitstring edges
[2025-01-08 10:48:16] Computing Matchings Dynamic walk
[2025-01-08 10:48:16] Matchings - CX: 56, U3: 53, Depth: 85
[2025-01-08 10:48:16] Computing Exact walk
[2025-01-08 10:48:18] Exact - CX: 100, U3: 165, Depth: 197
[2025-01-08 10:48:18] Successfully processed graph 127 - Category: win
[2025-01-08 10:48:18] 
Processing graph 128/200
[2025-01-08 10:48:18] Graph 128 has 16 nodes and 34 edges
[2025-01-08 10:48:18] Converted to 34 bitstring edges
[2025-01-08 10:48:18] Computing Matchings Dynamic walk
[2025-01-08 10:48:19] Matchings - CX: 57, U3: 58, Depth: 89
[2025-01-08 10:48:19] Computing Exact walk
[2025-01-08 10:48:20] Exact - CX: 100, U3: 165, Depth: 197
[2025-01-08 10:48:20] Successfully processed graph 128 - Category: win
[2025-01-08 10:48:20] 
Processing graph 129/200
[2025-01-08 10:48:20] Graph 129 has 16 nodes and 36 edges
[2025-01-08 10:48:20] Converted to 36 bitstring edges
[2025-01-08 10:48:20] Computing Matchings Dynamic walk
[2025-01-08 10:48:21] Matchings - CX: 72, U3: 68, Depth: 108
[2025-01-08 10:48:21] Computing Exact walk
[2025-01-08 10:48:23] Exact - CX: 100, U3: 163, Depth: 196
[2025-01-08 10:48:23] Successfully processed graph 129 - Category: win
[2025-01-08 10:48:23] 
Processing graph 130/200
[2025-01-08 10:48:23] Graph 130 has 16 nodes and 39 edges
[2025-01-08 10:48:23] Converted to 39 bitstring edges
[2025-01-08 10:48:23] Computing Matchings Dynamic walk
[2025-01-08 10:48:24] Matchings - CX: 72, U3: 71, Depth: 110
[2025-01-08 10:48:24] Computing Exact walk
[2025-01-08 10:48:26] Exact - CX: 100, U3: 163, Depth: 196
[2025-01-08 10:48:26] Successfully processed graph 130 - Category: win
[2025-01-08 10:48:26] 
Processing graph 131/200
[2025-01-08 10:48:26] Graph 131 has 16 nodes and 33 edges
[2025-01-08 10:48:26] Converted to 33 bitstring edges
[2025-01-08 10:48:26] Computing Matchings Dynamic walk
[2025-01-08 10:48:27] Matchings - CX: 54, U3: 52, Depth: 84
[2025-01-08 10:48:27] Computing Exact walk
[2025-01-08 10:48:28] Exact - CX: 97, U3: 156, Depth: 188
[2025-01-08 10:48:28] Successfully processed graph 131 - Category: win
[2025-01-08 10:48:28] 
Processing graph 132/200
[2025-01-08 10:48:28] Graph 132 has 16 nodes and 37 edges
[2025-01-08 10:48:28] Converted to 37 bitstring edges
[2025-01-08 10:48:28] Computing Matchings Dynamic walk
[2025-01-08 10:48:29] Matchings - CX: 54, U3: 47, Depth: 74
[2025-01-08 10:48:29] Computing Exact walk
[2025-01-08 10:48:31] Exact - CX: 98, U3: 161, Depth: 192
[2025-01-08 10:48:31] Successfully processed graph 132 - Category: win
[2025-01-08 10:48:31] 
Processing graph 133/200
[2025-01-08 10:48:31] Graph 133 has 16 nodes and 34 edges
[2025-01-08 10:48:31] Converted to 34 bitstring edges
[2025-01-08 10:48:31] Computing Matchings Dynamic walk
[2025-01-08 10:48:32] Matchings - CX: 71, U3: 56, Depth: 103
[2025-01-08 10:48:32] Computing Exact walk
[2025-01-08 10:48:34] Exact - CX: 100, U3: 165, Depth: 197
[2025-01-08 10:48:34] Successfully processed graph 133 - Category: win
[2025-01-08 10:48:34] 
Processing graph 134/200
[2025-01-08 10:48:34] Graph 134 has 16 nodes and 35 edges
[2025-01-08 10:48:34] Converted to 35 bitstring edges
[2025-01-08 10:48:34] Computing Matchings Dynamic walk
[2025-01-08 10:48:35] Matchings - CX: 73, U3: 71, Depth: 105
[2025-01-08 10:48:35] Computing Exact walk
[2025-01-08 10:48:36] Exact - CX: 100, U3: 165, Depth: 197
[2025-01-08 10:48:36] Successfully processed graph 134 - Category: win
[2025-01-08 10:48:36] 
Processing graph 135/200
[2025-01-08 10:48:36] Graph 135 has 16 nodes and 38 edges
[2025-01-08 10:48:36] Converted to 38 bitstring edges
[2025-01-08 10:48:36] Computing Matchings Dynamic walk
[2025-01-08 10:48:36] Matchings - CX: 44, U3: 39, Depth: 66
[2025-01-08 10:48:36] Computing Exact walk
[2025-01-08 10:48:37] Exact - CX: 100, U3: 163, Depth: 196
[2025-01-08 10:48:37] Successfully processed graph 135 - Category: win
[2025-01-08 10:48:37] 
Processing graph 136/200
[2025-01-08 10:48:37] Graph 136 has 16 nodes and 35 edges
[2025-01-08 10:48:37] Converted to 35 bitstring edges
[2025-01-08 10:48:37] Computing Matchings Dynamic walk
[2025-01-08 10:48:38] Matchings - CX: 76, U3: 61, Depth: 106
[2025-01-08 10:48:38] Computing Exact walk
[2025-01-08 10:48:39] Exact - CX: 100, U3: 165, Depth: 197
[2025-01-08 10:48:39] Successfully processed graph 136 - Category: win
[2025-01-08 10:48:39] 
Processing graph 137/200
[2025-01-08 10:48:39] Graph 137 has 16 nodes and 33 edges
[2025-01-08 10:48:39] Converted to 33 bitstring edges
[2025-01-08 10:48:39] Computing Matchings Dynamic walk
[2025-01-08 10:48:39] Matchings - CX: 67, U3: 53, Depth: 94
[2025-01-08 10:48:39] Computing Exact walk
[2025-01-08 10:48:40] Exact - CX: 98, U3: 159, Depth: 191
[2025-01-08 10:48:40] Successfully processed graph 137 - Category: win
[2025-01-08 10:48:40] 
Processing graph 138/200
[2025-01-08 10:48:40] Graph 138 has 16 nodes and 35 edges
[2025-01-08 10:48:40] Converted to 35 bitstring edges
[2025-01-08 10:48:40] Computing Matchings Dynamic walk
[2025-01-08 10:48:41] Matchings - CX: 52, U3: 47, Depth: 80
[2025-01-08 10:48:41] Computing Exact walk
[2025-01-08 10:48:41] Exact - CX: 100, U3: 165, Depth: 197
[2025-01-08 10:48:41] Successfully processed graph 138 - Category: win
[2025-01-08 10:48:41] 
Processing graph 139/200
[2025-01-08 10:48:41] Graph 139 has 16 nodes and 39 edges
[2025-01-08 10:48:41] Converted to 39 bitstring edges
[2025-01-08 10:48:41] Computing Matchings Dynamic walk
[2025-01-08 10:48:42] Matchings - CX: 69, U3: 67, Depth: 105
[2025-01-08 10:48:42] Computing Exact walk
[2025-01-08 10:48:43] Exact - CX: 100, U3: 162, Depth: 195
[2025-01-08 10:48:43] Successfully processed graph 139 - Category: win
[2025-01-08 10:48:43] 
Processing graph 140/200
[2025-01-08 10:48:43] Graph 140 has 16 nodes and 33 edges
[2025-01-08 10:48:43] Converted to 33 bitstring edges
[2025-01-08 10:48:43] Computing Matchings Dynamic walk
[2025-01-08 10:48:44] Matchings - CX: 38, U3: 38, Depth: 60
[2025-01-08 10:48:44] Computing Exact walk
[2025-01-08 10:48:44] Exact - CX: 100, U3: 165, Depth: 197
[2025-01-08 10:48:44] Successfully processed graph 140 - Category: win
[2025-01-08 10:48:44] 
Processing graph 141/200
[2025-01-08 10:48:44] Graph 141 has 16 nodes and 35 edges
[2025-01-08 10:48:44] Converted to 35 bitstring edges
[2025-01-08 10:48:44] Computing Matchings Dynamic walk
[2025-01-08 10:48:45] Matchings - CX: 44, U3: 38, Depth: 67
[2025-01-08 10:48:45] Computing Exact walk
[2025-01-08 10:48:46] Exact - CX: 100, U3: 165, Depth: 197
[2025-01-08 10:48:46] Successfully processed graph 141 - Category: win
[2025-01-08 10:48:46] 
Processing graph 142/200
[2025-01-08 10:48:46] Graph 142 has 16 nodes and 35 edges
[2025-01-08 10:48:46] Converted to 35 bitstring edges
[2025-01-08 10:48:46] Computing Matchings Dynamic walk
[2025-01-08 10:48:47] Matchings - CX: 61, U3: 55, Depth: 93
[2025-01-08 10:48:47] Computing Exact walk
[2025-01-08 10:48:48] Exact - CX: 100, U3: 165, Depth: 197
[2025-01-08 10:48:48] Successfully processed graph 142 - Category: win
[2025-01-08 10:48:48] 
Processing graph 143/200
[2025-01-08 10:48:48] Graph 143 has 16 nodes and 33 edges
[2025-01-08 10:48:48] Converted to 33 bitstring edges
[2025-01-08 10:48:48] Computing Matchings Dynamic walk
[2025-01-08 10:48:48] Matchings - CX: 41, U3: 40, Depth: 63
[2025-01-08 10:48:48] Computing Exact walk
[2025-01-08 10:48:49] Exact - CX: 98, U3: 161, Depth: 192
[2025-01-08 10:48:49] Successfully processed graph 143 - Category: win
[2025-01-08 10:48:49] 
Processing graph 144/200
[2025-01-08 10:48:49] Graph 144 has 16 nodes and 36 edges
[2025-01-08 10:48:49] Converted to 36 bitstring edges
[2025-01-08 10:48:49] Computing Matchings Dynamic walk
[2025-01-08 10:48:50] Matchings - CX: 44, U3: 49, Depth: 71
[2025-01-08 10:48:50] Computing Exact walk
[2025-01-08 10:48:51] Exact - CX: 100, U3: 161, Depth: 195
[2025-01-08 10:48:51] Successfully processed graph 144 - Category: win
[2025-01-08 10:48:51] 
Processing graph 145/200
[2025-01-08 10:48:51] Graph 145 has 16 nodes and 34 edges
[2025-01-08 10:48:51] Converted to 34 bitstring edges
[2025-01-08 10:48:51] Computing Matchings Dynamic walk
[2025-01-08 10:48:51] Matchings - CX: 53, U3: 54, Depth: 83
[2025-01-08 10:48:51] Computing Exact walk
[2025-01-08 10:48:52] Exact - CX: 100, U3: 165, Depth: 197
[2025-01-08 10:48:52] Successfully processed graph 145 - Category: win
[2025-01-08 10:48:52] 
Processing graph 146/200
[2025-01-08 10:48:52] Graph 146 has 16 nodes and 35 edges
[2025-01-08 10:48:52] Converted to 35 bitstring edges
[2025-01-08 10:48:52] Computing Matchings Dynamic walk
[2025-01-08 10:48:53] Matchings - CX: 68, U3: 60, Depth: 97
[2025-01-08 10:48:53] Computing Exact walk
[2025-01-08 10:48:54] Exact - CX: 100, U3: 165, Depth: 197
[2025-01-08 10:48:54] Successfully processed graph 146 - Category: win
[2025-01-08 10:48:54] 
Processing graph 147/200
[2025-01-08 10:48:54] Graph 147 has 16 nodes and 33 edges
[2025-01-08 10:48:54] Converted to 33 bitstring edges
[2025-01-08 10:48:54] Computing Matchings Dynamic walk
[2025-01-08 10:48:54] Matchings - CX: 40, U3: 42, Depth: 63
[2025-01-08 10:48:54] Computing Exact walk
[2025-01-08 10:48:55] Exact - CX: 98, U3: 159, Depth: 192
[2025-01-08 10:48:55] Successfully processed graph 147 - Category: win
[2025-01-08 10:48:55] 
Processing graph 148/200
[2025-01-08 10:48:55] Graph 148 has 16 nodes and 35 edges
[2025-01-08 10:48:55] Converted to 35 bitstring edges
[2025-01-08 10:48:55] Computing Matchings Dynamic walk
[2025-01-08 10:48:56] Matchings - CX: 83, U3: 71, Depth: 117
[2025-01-08 10:48:56] Computing Exact walk
[2025-01-08 10:48:56] Exact - CX: 100, U3: 165, Depth: 197
[2025-01-08 10:48:56] Successfully processed graph 148 - Category: win
[2025-01-08 10:48:56] 
Processing graph 149/200
[2025-01-08 10:48:56] Graph 149 has 16 nodes and 33 edges
[2025-01-08 10:48:56] Converted to 33 bitstring edges
[2025-01-08 10:48:56] Computing Matchings Dynamic walk
[2025-01-08 10:48:57] Matchings - CX: 49, U3: 54, Depth: 77
[2025-01-08 10:48:57] Computing Exact walk
[2025-01-08 10:48:58] Exact - CX: 100, U3: 165, Depth: 197
[2025-01-08 10:48:58] Successfully processed graph 149 - Category: win
[2025-01-08 10:48:58] 
Processing graph 150/200
[2025-01-08 10:48:58] Graph 150 has 16 nodes and 34 edges
[2025-01-08 10:48:58] Converted to 34 bitstring edges
[2025-01-08 10:48:58] Computing Matchings Dynamic walk
[2025-01-08 10:48:59] Matchings - CX: 86, U3: 80, Depth: 127
[2025-01-08 10:48:59] Computing Exact walk
[2025-01-08 10:48:59] Exact - CX: 100, U3: 162, Depth: 195
[2025-01-08 10:48:59] Successfully processed graph 150 - Category: win
[2025-01-08 10:48:59] 
Processing graph 151/200
[2025-01-08 10:48:59] Graph 151 has 16 nodes and 38 edges
[2025-01-08 10:48:59] Converted to 38 bitstring edges
[2025-01-08 10:48:59] Computing Matchings Dynamic walk
[2025-01-08 10:49:00] Matchings - CX: 66, U3: 65, Depth: 98
[2025-01-08 10:49:00] Computing Exact walk
[2025-01-08 10:49:01] Exact - CX: 100, U3: 165, Depth: 197
[2025-01-08 10:49:01] Successfully processed graph 151 - Category: win
[2025-01-08 10:49:01] 
Processing graph 152/200
[2025-01-08 10:49:01] Graph 152 has 16 nodes and 33 edges
[2025-01-08 10:49:01] Converted to 33 bitstring edges
[2025-01-08 10:49:01] Computing Matchings Dynamic walk
[2025-01-08 10:49:01] Matchings - CX: 66, U3: 54, Depth: 96
[2025-01-08 10:49:01] Computing Exact walk
[2025-01-08 10:49:02] Exact - CX: 100, U3: 165, Depth: 197
[2025-01-08 10:49:02] Successfully processed graph 152 - Category: win
[2025-01-08 10:49:02] 
Processing graph 153/200
[2025-01-08 10:49:02] Graph 153 has 16 nodes and 34 edges
[2025-01-08 10:49:02] Converted to 34 bitstring edges
[2025-01-08 10:49:02] Computing Matchings Dynamic walk
[2025-01-08 10:49:03] Matchings - CX: 54, U3: 50, Depth: 81
[2025-01-08 10:49:03] Computing Exact walk
[2025-01-08 10:49:03] Exact - CX: 100, U3: 165, Depth: 197
[2025-01-08 10:49:03] Successfully processed graph 153 - Category: win
[2025-01-08 10:49:03] 
Processing graph 154/200
[2025-01-08 10:49:03] Graph 154 has 16 nodes and 36 edges
[2025-01-08 10:49:03] Converted to 36 bitstring edges
[2025-01-08 10:49:03] Computing Matchings Dynamic walk
[2025-01-08 10:49:04] Matchings - CX: 47, U3: 50, Depth: 73
[2025-01-08 10:49:04] Computing Exact walk
[2025-01-08 10:49:05] Exact - CX: 100, U3: 163, Depth: 196
[2025-01-08 10:49:05] Successfully processed graph 154 - Category: win
[2025-01-08 10:49:05] 
Processing graph 155/200
[2025-01-08 10:49:05] Graph 155 has 16 nodes and 34 edges
[2025-01-08 10:49:05] Converted to 34 bitstring edges
[2025-01-08 10:49:05] Computing Matchings Dynamic walk
[2025-01-08 10:49:05] Matchings - CX: 39, U3: 38, Depth: 60
[2025-01-08 10:49:05] Computing Exact walk
[2025-01-08 10:49:06] Exact - CX: 100, U3: 165, Depth: 197
[2025-01-08 10:49:06] Successfully processed graph 155 - Category: win
[2025-01-08 10:49:06] 
Processing graph 156/200
[2025-01-08 10:49:06] Graph 156 has 16 nodes and 35 edges
[2025-01-08 10:49:06] Converted to 35 bitstring edges
[2025-01-08 10:49:06] Computing Matchings Dynamic walk
[2025-01-08 10:49:07] Matchings - CX: 46, U3: 47, Depth: 73
[2025-01-08 10:49:07] Computing Exact walk
[2025-01-08 10:49:08] Exact - CX: 98, U3: 161, Depth: 192
[2025-01-08 10:49:08] Successfully processed graph 156 - Category: win
[2025-01-08 10:49:08] 
Processing graph 157/200
[2025-01-08 10:49:08] Graph 157 has 16 nodes and 38 edges
[2025-01-08 10:49:08] Converted to 38 bitstring edges
[2025-01-08 10:49:08] Computing Matchings Dynamic walk
[2025-01-08 10:49:09] Matchings - CX: 67, U3: 63, Depth: 99
[2025-01-08 10:49:09] Computing Exact walk
[2025-01-08 10:49:10] Exact - CX: 99, U3: 158, Depth: 192
[2025-01-08 10:49:10] Successfully processed graph 157 - Category: win
[2025-01-08 10:49:10] 
Processing graph 158/200
[2025-01-08 10:49:10] Graph 158 has 16 nodes and 36 edges
[2025-01-08 10:49:10] Converted to 36 bitstring edges
[2025-01-08 10:49:10] Computing Matchings Dynamic walk
[2025-01-08 10:49:10] Matchings - CX: 75, U3: 68, Depth: 114
[2025-01-08 10:49:10] Computing Exact walk
[2025-01-08 10:49:11] Exact - CX: 100, U3: 165, Depth: 197
[2025-01-08 10:49:11] Successfully processed graph 158 - Category: win
[2025-01-08 10:49:11] 
Processing graph 159/200
[2025-01-08 10:49:11] Graph 159 has 16 nodes and 35 edges
[2025-01-08 10:49:11] Converted to 35 bitstring edges
[2025-01-08 10:49:11] Computing Matchings Dynamic walk
[2025-01-08 10:49:12] Matchings - CX: 34, U3: 29, Depth: 49
[2025-01-08 10:49:12] Computing Exact walk
[2025-01-08 10:49:13] Exact - CX: 100, U3: 165, Depth: 197
[2025-01-08 10:49:13] Successfully processed graph 159 - Category: win
[2025-01-08 10:49:13] 
Processing graph 160/200
[2025-01-08 10:49:13] Graph 160 has 16 nodes and 33 edges
[2025-01-08 10:49:13] Converted to 33 bitstring edges
[2025-01-08 10:49:13] Computing Matchings Dynamic walk
[2025-01-08 10:49:13] Matchings - CX: 91, U3: 74, Depth: 127
[2025-01-08 10:49:13] Computing Exact walk
[2025-01-08 10:49:15] Exact - CX: 100, U3: 165, Depth: 197
[2025-01-08 10:49:15] Successfully processed graph 160 - Category: win
[2025-01-08 10:49:15] 
Processing graph 161/200
[2025-01-08 10:49:15] Graph 161 has 16 nodes and 37 edges
[2025-01-08 10:49:15] Converted to 37 bitstring edges
[2025-01-08 10:49:15] Computing Matchings Dynamic walk
[2025-01-08 10:49:15] Matchings - CX: 65, U3: 54, Depth: 95
[2025-01-08 10:49:15] Computing Exact walk
[2025-01-08 10:49:17] Exact - CX: 98, U3: 161, Depth: 192
[2025-01-08 10:49:17] Successfully processed graph 161 - Category: win
[2025-01-08 10:49:17] 
Processing graph 162/200
[2025-01-08 10:49:17] Graph 162 has 16 nodes and 36 edges
[2025-01-08 10:49:17] Converted to 36 bitstring edges
[2025-01-08 10:49:17] Computing Matchings Dynamic walk
[2025-01-08 10:49:17] Matchings - CX: 59, U3: 54, Depth: 89
[2025-01-08 10:49:17] Computing Exact walk
[2025-01-08 10:49:18] Exact - CX: 100, U3: 165, Depth: 197
[2025-01-08 10:49:18] Successfully processed graph 162 - Category: win
[2025-01-08 10:49:18] 
Processing graph 163/200
[2025-01-08 10:49:18] Graph 163 has 16 nodes and 31 edges
[2025-01-08 10:49:18] Converted to 31 bitstring edges
[2025-01-08 10:49:18] Computing Matchings Dynamic walk
[2025-01-08 10:49:19] Matchings - CX: 48, U3: 42, Depth: 72
[2025-01-08 10:49:19] Computing Exact walk
[2025-01-08 10:49:20] Exact - CX: 100, U3: 165, Depth: 197
[2025-01-08 10:49:20] Successfully processed graph 163 - Category: win
[2025-01-08 10:49:20] 
Processing graph 164/200
[2025-01-08 10:49:20] Graph 164 has 16 nodes and 33 edges
[2025-01-08 10:49:20] Converted to 33 bitstring edges
[2025-01-08 10:49:20] Computing Matchings Dynamic walk
[2025-01-08 10:49:20] Matchings - CX: 64, U3: 56, Depth: 96
[2025-01-08 10:49:20] Computing Exact walk
[2025-01-08 10:49:21] Exact - CX: 100, U3: 165, Depth: 197
[2025-01-08 10:49:21] Successfully processed graph 164 - Category: win
[2025-01-08 10:49:21] 
Processing graph 165/200
[2025-01-08 10:49:21] Graph 165 has 16 nodes and 37 edges
[2025-01-08 10:49:21] Converted to 37 bitstring edges
[2025-01-08 10:49:21] Computing Matchings Dynamic walk
[2025-01-08 10:49:22] Matchings - CX: 57, U3: 57, Depth: 89
[2025-01-08 10:49:22] Computing Exact walk
[2025-01-08 10:49:23] Exact - CX: 100, U3: 165, Depth: 197
[2025-01-08 10:49:23] Successfully processed graph 165 - Category: win
[2025-01-08 10:49:23] 
Processing graph 166/200
[2025-01-08 10:49:23] Graph 166 has 16 nodes and 37 edges
[2025-01-08 10:49:23] Converted to 37 bitstring edges
[2025-01-08 10:49:23] Computing Matchings Dynamic walk
[2025-01-08 10:49:23] Matchings - CX: 54, U3: 52, Depth: 84
[2025-01-08 10:49:23] Computing Exact walk
[2025-01-08 10:49:24] Exact - CX: 100, U3: 165, Depth: 197
[2025-01-08 10:49:24] Successfully processed graph 166 - Category: win
[2025-01-08 10:49:24] 
Processing graph 167/200
[2025-01-08 10:49:24] Graph 167 has 16 nodes and 35 edges
[2025-01-08 10:49:24] Converted to 35 bitstring edges
[2025-01-08 10:49:24] Computing Matchings Dynamic walk
[2025-01-08 10:49:25] Matchings - CX: 66, U3: 53, Depth: 95
[2025-01-08 10:49:25] Computing Exact walk
[2025-01-08 10:49:25] Exact - CX: 100, U3: 162, Depth: 195
[2025-01-08 10:49:25] Successfully processed graph 167 - Category: win
[2025-01-08 10:49:25] 
Processing graph 168/200
[2025-01-08 10:49:25] Graph 168 has 16 nodes and 37 edges
[2025-01-08 10:49:25] Converted to 37 bitstring edges
[2025-01-08 10:49:25] Computing Matchings Dynamic walk
[2025-01-08 10:49:26] Matchings - CX: 51, U3: 50, Depth: 77
[2025-01-08 10:49:26] Computing Exact walk
[2025-01-08 10:49:27] Exact - CX: 98, U3: 158, Depth: 191
[2025-01-08 10:49:27] Successfully processed graph 168 - Category: win
[2025-01-08 10:49:27] 
Processing graph 169/200
[2025-01-08 10:49:27] Graph 169 has 16 nodes and 36 edges
[2025-01-08 10:49:27] Converted to 36 bitstring edges
[2025-01-08 10:49:27] Computing Matchings Dynamic walk
[2025-01-08 10:49:27] Matchings - CX: 57, U3: 63, Depth: 91
[2025-01-08 10:49:27] Computing Exact walk
[2025-01-08 10:49:28] Exact - CX: 99, U3: 161, Depth: 194
[2025-01-08 10:49:28] Successfully processed graph 169 - Category: win
[2025-01-08 10:49:28] 
Processing graph 170/200
[2025-01-08 10:49:28] Graph 170 has 16 nodes and 38 edges
[2025-01-08 10:49:28] Converted to 38 bitstring edges
[2025-01-08 10:49:28] Computing Matchings Dynamic walk
[2025-01-08 10:49:29] Matchings - CX: 53, U3: 51, Depth: 81
[2025-01-08 10:49:29] Computing Exact walk
[2025-01-08 10:49:30] Exact - CX: 100, U3: 165, Depth: 197
[2025-01-08 10:49:30] Successfully processed graph 170 - Category: win
[2025-01-08 10:49:30] 
Processing graph 171/200
[2025-01-08 10:49:30] Graph 171 has 16 nodes and 34 edges
[2025-01-08 10:49:30] Converted to 34 bitstring edges
[2025-01-08 10:49:30] Computing Matchings Dynamic walk
[2025-01-08 10:49:30] Matchings - CX: 45, U3: 40, Depth: 69
[2025-01-08 10:49:30] Computing Exact walk
[2025-01-08 10:49:31] Exact - CX: 100, U3: 165, Depth: 197
[2025-01-08 10:49:31] Successfully processed graph 171 - Category: win
[2025-01-08 10:49:31] 
Processing graph 172/200
[2025-01-08 10:49:31] Graph 172 has 16 nodes and 34 edges
[2025-01-08 10:49:31] Converted to 34 bitstring edges
[2025-01-08 10:49:31] Computing Matchings Dynamic walk
[2025-01-08 10:49:32] Matchings - CX: 59, U3: 55, Depth: 91
[2025-01-08 10:49:32] Computing Exact walk
[2025-01-08 10:49:32] Exact - CX: 100, U3: 165, Depth: 197
[2025-01-08 10:49:32] Successfully processed graph 172 - Category: win
[2025-01-08 10:49:32] 
Processing graph 173/200
[2025-01-08 10:49:32] Graph 173 has 16 nodes and 33 edges
[2025-01-08 10:49:32] Converted to 33 bitstring edges
[2025-01-08 10:49:32] Computing Matchings Dynamic walk
[2025-01-08 10:49:33] Matchings - CX: 46, U3: 40, Depth: 69
[2025-01-08 10:49:33] Computing Exact walk
[2025-01-08 10:49:34] Exact - CX: 100, U3: 165, Depth: 197
[2025-01-08 10:49:34] Successfully processed graph 173 - Category: win
[2025-01-08 10:49:34] 
Processing graph 174/200
[2025-01-08 10:49:34] Graph 174 has 16 nodes and 35 edges
[2025-01-08 10:49:34] Converted to 35 bitstring edges
[2025-01-08 10:49:34] Computing Matchings Dynamic walk
[2025-01-08 10:49:35] Matchings - CX: 80, U3: 75, Depth: 122
[2025-01-08 10:49:35] Computing Exact walk
[2025-01-08 10:49:35] Exact - CX: 99, U3: 158, Depth: 192
[2025-01-08 10:49:35] Successfully processed graph 174 - Category: win
[2025-01-08 10:49:35] 
Processing graph 175/200
[2025-01-08 10:49:35] Graph 175 has 16 nodes and 36 edges
[2025-01-08 10:49:35] Converted to 36 bitstring edges
[2025-01-08 10:49:35] Computing Matchings Dynamic walk
[2025-01-08 10:49:36] Matchings - CX: 32, U3: 30, Depth: 48
[2025-01-08 10:49:36] Computing Exact walk
[2025-01-08 10:49:37] Exact - CX: 100, U3: 161, Depth: 195
[2025-01-08 10:49:37] Successfully processed graph 175 - Category: win
[2025-01-08 10:49:37] 
Processing graph 176/200
[2025-01-08 10:49:37] Graph 176 has 16 nodes and 35 edges
[2025-01-08 10:49:37] Converted to 35 bitstring edges
[2025-01-08 10:49:37] Computing Matchings Dynamic walk
[2025-01-08 10:49:37] Matchings - CX: 71, U3: 69, Depth: 104
[2025-01-08 10:49:37] Computing Exact walk
[2025-01-08 10:49:38] Exact - CX: 97, U3: 154, Depth: 187
[2025-01-08 10:49:38] Successfully processed graph 176 - Category: win
[2025-01-08 10:49:38] 
Processing graph 177/200
[2025-01-08 10:49:38] Graph 177 has 16 nodes and 36 edges
[2025-01-08 10:49:38] Converted to 36 bitstring edges
[2025-01-08 10:49:38] Computing Matchings Dynamic walk
[2025-01-08 10:49:39] Matchings - CX: 68, U3: 63, Depth: 101
[2025-01-08 10:49:39] Computing Exact walk
[2025-01-08 10:49:40] Exact - CX: 100, U3: 161, Depth: 195
[2025-01-08 10:49:40] Successfully processed graph 177 - Category: win
[2025-01-08 10:49:40] 
Processing graph 178/200
[2025-01-08 10:49:40] Graph 178 has 16 nodes and 34 edges
[2025-01-08 10:49:40] Converted to 34 bitstring edges
[2025-01-08 10:49:40] Computing Matchings Dynamic walk
[2025-01-08 10:49:40] Matchings - CX: 47, U3: 47, Depth: 73
[2025-01-08 10:49:40] Computing Exact walk
[2025-01-08 10:49:41] Exact - CX: 100, U3: 165, Depth: 197
[2025-01-08 10:49:41] Successfully processed graph 178 - Category: win
[2025-01-08 10:49:41] 
Processing graph 179/200
[2025-01-08 10:49:41] Graph 179 has 16 nodes and 34 edges
[2025-01-08 10:49:41] Converted to 34 bitstring edges
[2025-01-08 10:49:41] Computing Matchings Dynamic walk
[2025-01-08 10:49:42] Matchings - CX: 50, U3: 46, Depth: 77
[2025-01-08 10:49:42] Computing Exact walk
[2025-01-08 10:49:43] Exact - CX: 100, U3: 165, Depth: 197
[2025-01-08 10:49:43] Successfully processed graph 179 - Category: win
[2025-01-08 10:49:43] 
Processing graph 180/200
[2025-01-08 10:49:43] Graph 180 has 16 nodes and 36 edges
[2025-01-08 10:49:43] Converted to 36 bitstring edges
[2025-01-08 10:49:43] Computing Matchings Dynamic walk
[2025-01-08 10:49:43] Matchings - CX: 64, U3: 63, Depth: 100
[2025-01-08 10:49:43] Computing Exact walk
[2025-01-08 10:49:44] Exact - CX: 100, U3: 164, Depth: 197
[2025-01-08 10:49:44] Successfully processed graph 180 - Category: win
[2025-01-08 10:49:44] 
Processing graph 181/200
[2025-01-08 10:49:44] Graph 181 has 16 nodes and 32 edges
[2025-01-08 10:49:44] Converted to 32 bitstring edges
[2025-01-08 10:49:44] Computing Matchings Dynamic walk
[2025-01-08 10:49:45] Matchings - CX: 81, U3: 76, Depth: 122
[2025-01-08 10:49:45] Computing Exact walk
[2025-01-08 10:49:46] Exact - CX: 100, U3: 165, Depth: 197
[2025-01-08 10:49:46] Successfully processed graph 181 - Category: win
[2025-01-08 10:49:46] 
Processing graph 182/200
[2025-01-08 10:49:46] Graph 182 has 16 nodes and 34 edges
[2025-01-08 10:49:46] Converted to 34 bitstring edges
[2025-01-08 10:49:46] Computing Matchings Dynamic walk
[2025-01-08 10:49:46] Matchings - CX: 60, U3: 61, Depth: 96
[2025-01-08 10:49:46] Computing Exact walk
[2025-01-08 10:49:47] Exact - CX: 100, U3: 165, Depth: 197
[2025-01-08 10:49:47] Successfully processed graph 182 - Category: win
[2025-01-08 10:49:47] 
Processing graph 183/200
[2025-01-08 10:49:47] Graph 183 has 16 nodes and 32 edges
[2025-01-08 10:49:47] Converted to 32 bitstring edges
[2025-01-08 10:49:47] Computing Matchings Dynamic walk
[2025-01-08 10:49:48] Matchings - CX: 41, U3: 37, Depth: 62
[2025-01-08 10:49:48] Computing Exact walk
[2025-01-08 10:49:49] Exact - CX: 100, U3: 165, Depth: 197
[2025-01-08 10:49:49] Successfully processed graph 183 - Category: win
[2025-01-08 10:49:49] 
Processing graph 184/200
[2025-01-08 10:49:49] Graph 184 has 16 nodes and 37 edges
[2025-01-08 10:49:49] Converted to 37 bitstring edges
[2025-01-08 10:49:49] Computing Matchings Dynamic walk
[2025-01-08 10:49:50] Matchings - CX: 57, U3: 59, Depth: 89
[2025-01-08 10:49:50] Computing Exact walk
[2025-01-08 10:49:51] Exact - CX: 100, U3: 159, Depth: 194
[2025-01-08 10:49:51] Successfully processed graph 184 - Category: win
[2025-01-08 10:49:51] 
Processing graph 185/200
[2025-01-08 10:49:51] Graph 185 has 16 nodes and 35 edges
[2025-01-08 10:49:51] Converted to 35 bitstring edges
[2025-01-08 10:49:51] Computing Matchings Dynamic walk
[2025-01-08 10:49:52] Matchings - CX: 37, U3: 41, Depth: 58
[2025-01-08 10:49:52] Computing Exact walk
[2025-01-08 10:49:54] Exact - CX: 100, U3: 165, Depth: 197
[2025-01-08 10:49:54] Successfully processed graph 185 - Category: win
[2025-01-08 10:49:54] 
Processing graph 186/200
[2025-01-08 10:49:54] Graph 186 has 16 nodes and 37 edges
[2025-01-08 10:49:54] Converted to 37 bitstring edges
[2025-01-08 10:49:54] Computing Matchings Dynamic walk
[2025-01-08 10:49:55] Matchings - CX: 70, U3: 66, Depth: 105
[2025-01-08 10:49:55] Computing Exact walk
[2025-01-08 10:49:56] Exact - CX: 100, U3: 165, Depth: 197
[2025-01-08 10:49:56] Successfully processed graph 186 - Category: win
[2025-01-08 10:49:56] 
Processing graph 187/200
[2025-01-08 10:49:56] Graph 187 has 16 nodes and 33 edges
[2025-01-08 10:49:56] Converted to 33 bitstring edges
[2025-01-08 10:49:56] Computing Matchings Dynamic walk
[2025-01-08 10:49:57] Matchings - CX: 49, U3: 51, Depth: 75
[2025-01-08 10:49:57] Computing Exact walk
[2025-01-08 10:49:58] Exact - CX: 100, U3: 165, Depth: 197
[2025-01-08 10:49:58] Successfully processed graph 187 - Category: win
[2025-01-08 10:49:58] 
Processing graph 188/200
[2025-01-08 10:49:58] Graph 188 has 16 nodes and 33 edges
[2025-01-08 10:49:58] Converted to 33 bitstring edges
[2025-01-08 10:49:58] Computing Matchings Dynamic walk
[2025-01-08 10:49:59] Matchings - CX: 50, U3: 42, Depth: 76
[2025-01-08 10:49:59] Computing Exact walk
[2025-01-08 10:50:00] Exact - CX: 100, U3: 163, Depth: 196
[2025-01-08 10:50:00] Successfully processed graph 188 - Category: win
[2025-01-08 10:50:00] 
Processing graph 189/200
[2025-01-08 10:50:00] Graph 189 has 16 nodes and 35 edges
[2025-01-08 10:50:00] Converted to 35 bitstring edges
[2025-01-08 10:50:00] Computing Matchings Dynamic walk
[2025-01-08 10:50:01] Matchings - CX: 80, U3: 60, Depth: 110
[2025-01-08 10:50:01] Computing Exact walk
[2025-01-08 10:50:02] Exact - CX: 100, U3: 165, Depth: 197
[2025-01-08 10:50:02] Successfully processed graph 189 - Category: win
[2025-01-08 10:50:02] 
Processing graph 190/200
[2025-01-08 10:50:02] Graph 190 has 16 nodes and 36 edges
[2025-01-08 10:50:02] Converted to 36 bitstring edges
[2025-01-08 10:50:02] Computing Matchings Dynamic walk
[2025-01-08 10:50:03] Matchings - CX: 58, U3: 60, Depth: 88
[2025-01-08 10:50:03] Computing Exact walk
[2025-01-08 10:50:04] Exact - CX: 98, U3: 156, Depth: 188
[2025-01-08 10:50:04] Successfully processed graph 190 - Category: win
[2025-01-08 10:50:04] 
Processing graph 191/200
[2025-01-08 10:50:04] Graph 191 has 16 nodes and 37 edges
[2025-01-08 10:50:04] Converted to 37 bitstring edges
[2025-01-08 10:50:04] Computing Matchings Dynamic walk
[2025-01-08 10:50:05] Matchings - CX: 60, U3: 55, Depth: 90
[2025-01-08 10:50:05] Computing Exact walk
[2025-01-08 10:50:06] Exact - CX: 100, U3: 161, Depth: 195
[2025-01-08 10:50:06] Successfully processed graph 191 - Category: win
[2025-01-08 10:50:06] 
Processing graph 192/200
[2025-01-08 10:50:06] Graph 192 has 16 nodes and 36 edges
[2025-01-08 10:50:06] Converted to 36 bitstring edges
[2025-01-08 10:50:06] Computing Matchings Dynamic walk
[2025-01-08 10:50:07] Matchings - CX: 45, U3: 47, Depth: 69
[2025-01-08 10:50:07] Computing Exact walk
[2025-01-08 10:50:09] Exact - CX: 100, U3: 165, Depth: 197
[2025-01-08 10:50:09] Successfully processed graph 192 - Category: win
[2025-01-08 10:50:09] 
Processing graph 193/200
[2025-01-08 10:50:09] Graph 193 has 16 nodes and 35 edges
[2025-01-08 10:50:09] Converted to 35 bitstring edges
[2025-01-08 10:50:09] Computing Matchings Dynamic walk
[2025-01-08 10:50:10] Matchings - CX: 77, U3: 72, Depth: 117
[2025-01-08 10:50:10] Computing Exact walk
[2025-01-08 10:50:11] Exact - CX: 100, U3: 165, Depth: 197
[2025-01-08 10:50:11] Successfully processed graph 193 - Category: win
[2025-01-08 10:50:11] 
Processing graph 194/200
[2025-01-08 10:50:11] Graph 194 has 16 nodes and 34 edges
[2025-01-08 10:50:11] Converted to 34 bitstring edges
[2025-01-08 10:50:11] Computing Matchings Dynamic walk
[2025-01-08 10:50:12] Matchings - CX: 60, U3: 51, Depth: 88
[2025-01-08 10:50:12] Computing Exact walk
[2025-01-08 10:50:14] Exact - CX: 100, U3: 165, Depth: 197
[2025-01-08 10:50:14] Successfully processed graph 194 - Category: win
[2025-01-08 10:50:14] 
Processing graph 195/200
[2025-01-08 10:50:14] Graph 195 has 16 nodes and 32 edges
[2025-01-08 10:50:14] Converted to 32 bitstring edges
[2025-01-08 10:50:14] Computing Matchings Dynamic walk
[2025-01-08 10:50:15] Matchings - CX: 47, U3: 47, Depth: 73
[2025-01-08 10:50:15] Computing Exact walk
[2025-01-08 10:50:16] Exact - CX: 100, U3: 165, Depth: 197
[2025-01-08 10:50:16] Successfully processed graph 195 - Category: win
[2025-01-08 10:50:16] 
Processing graph 196/200
[2025-01-08 10:50:16] Graph 196 has 16 nodes and 39 edges
[2025-01-08 10:50:16] Converted to 39 bitstring edges
[2025-01-08 10:50:16] Computing Matchings Dynamic walk
[2025-01-08 10:50:18] Matchings - CX: 54, U3: 43, Depth: 81
[2025-01-08 10:50:18] Computing Exact walk
[2025-01-08 10:50:19] Exact - CX: 100, U3: 165, Depth: 197
[2025-01-08 10:50:19] Successfully processed graph 196 - Category: win
[2025-01-08 10:50:19] 
Processing graph 197/200
[2025-01-08 10:50:19] Graph 197 has 16 nodes and 34 edges
[2025-01-08 10:50:19] Converted to 34 bitstring edges
[2025-01-08 10:50:19] Computing Matchings Dynamic walk
[2025-01-08 10:50:20] Matchings - CX: 70, U3: 58, Depth: 102
[2025-01-08 10:50:20] Computing Exact walk
[2025-01-08 10:50:21] Exact - CX: 100, U3: 165, Depth: 197
[2025-01-08 10:50:21] Successfully processed graph 197 - Category: win
[2025-01-08 10:50:21] 
Processing graph 198/200
[2025-01-08 10:50:21] Graph 198 has 16 nodes and 36 edges
[2025-01-08 10:50:21] Converted to 36 bitstring edges
[2025-01-08 10:50:21] Computing Matchings Dynamic walk
[2025-01-08 10:50:22] Matchings - CX: 60, U3: 54, Depth: 90
[2025-01-08 10:50:22] Computing Exact walk
[2025-01-08 10:50:23] Exact - CX: 100, U3: 165, Depth: 197
[2025-01-08 10:50:23] Successfully processed graph 198 - Category: win
[2025-01-08 10:50:23] 
Processing graph 199/200
[2025-01-08 10:50:23] Graph 199 has 16 nodes and 35 edges
[2025-01-08 10:50:23] Converted to 35 bitstring edges
[2025-01-08 10:50:23] Computing Matchings Dynamic walk
[2025-01-08 10:50:24] Matchings - CX: 92, U3: 82, Depth: 134
[2025-01-08 10:50:24] Computing Exact walk
[2025-01-08 10:50:25] Exact - CX: 100, U3: 164, Depth: 197
[2025-01-08 10:50:25] Successfully processed graph 199 - Category: win
[2025-01-08 10:50:25] 
Final Results Summary:
[2025-01-08 10:50:25] Total graphs in file: 200
[2025-01-08 10:50:25] Successfully processed: 200
[2025-01-08 10:50:25] win: 200 (100.0%)
[2025-01-08 10:50:25] lose: 0 (0.0%)
[2025-01-08 10:50:25] draw: 0 (0.0%)
[2025-01-08 10:50:25] 
Average Gate Counts by Category:
[2025-01-08 10:50:25] win_matching_cx: 59.26
[2025-01-08 10:50:25] win_matching_u3: 55.02
[2025-01-08 10:50:25] win_exact_cx: 99.63
[2025-01-08 10:50:25] win_exact_u3: 163.47
[2025-01-08 10:50:25] win_matching_depth: 89.10
[2025-01-08 10:50:25] win_exact_depth: 195.67
[2025-01-08 11:27:26] Starting analysis with:
[2025-01-08 11:27:26] Number of qubits: 4
[2025-01-08 11:27:26] Number of vertices: 16
[2025-01-08 11:27:26] Delta t: 0.1
[2025-01-08 11:27:26] Input file: ../data/graphs/200graph_bipartite_16c.g6
[2025-01-08 11:27:26] Parsed graph info: {'num_graphs': 200, 'size': 'bipartite', 'vertices': '16', 'type': 'c'}
[2025-01-08 11:27:26] Found 200 graphs in file
[2025-01-08 11:27:26] 
Processing graph 0/200
[2025-01-08 11:27:26] Graph 0 has 16 nodes and 31 edges
[2025-01-08 11:27:26] Converted to 31 bitstring edges
[2025-01-08 11:27:26] Computing Matchings Dynamic walk
[2025-01-08 11:27:27] Matchings - CX: 51, U3: 52, Depth: 79
[2025-01-08 11:27:27] Computing Exact walk
[2025-01-08 11:27:28] Exact - CX: 100, U3: 165, Depth: 197
[2025-01-08 11:27:28] Successfully processed graph 0 - Category: win
[2025-01-08 11:27:28] 
Processing graph 1/200
[2025-01-08 11:27:28] Graph 1 has 16 nodes and 37 edges
[2025-01-08 11:27:28] Converted to 37 bitstring edges
[2025-01-08 11:27:28] Computing Matchings Dynamic walk
[2025-01-08 11:27:28] Matchings - CX: 64, U3: 65, Depth: 97
[2025-01-08 11:27:28] Computing Exact walk
[2025-01-08 11:27:29] Exact - CX: 100, U3: 165, Depth: 197
[2025-01-08 11:27:29] Successfully processed graph 1 - Category: win
[2025-01-08 11:27:29] 
Processing graph 2/200
[2025-01-08 11:27:29] Graph 2 has 16 nodes and 35 edges
[2025-01-08 11:27:29] Converted to 35 bitstring edges
[2025-01-08 11:27:29] Computing Matchings Dynamic walk
[2025-01-08 11:27:30] Matchings - CX: 67, U3: 66, Depth: 103
[2025-01-08 11:27:30] Computing Exact walk
[2025-01-08 11:27:31] Exact - CX: 100, U3: 165, Depth: 197
[2025-01-08 11:27:31] Successfully processed graph 2 - Category: win
[2025-01-08 11:27:31] 
Processing graph 3/200
[2025-01-08 11:27:31] Graph 3 has 16 nodes and 36 edges
[2025-01-08 11:27:31] Converted to 36 bitstring edges
[2025-01-08 11:27:31] Computing Matchings Dynamic walk
[2025-01-08 11:27:31] Matchings - CX: 51, U3: 53, Depth: 80
[2025-01-08 11:27:31] Computing Exact walk
[2025-01-08 11:27:32] Exact - CX: 98, U3: 160, Depth: 192
[2025-01-08 11:27:32] Successfully processed graph 3 - Category: win
[2025-01-08 11:27:32] 
Processing graph 4/200
[2025-01-08 11:27:32] Graph 4 has 16 nodes and 33 edges
[2025-01-08 11:27:32] Converted to 33 bitstring edges
[2025-01-08 11:27:32] Computing Matchings Dynamic walk
[2025-01-08 11:27:33] Matchings - CX: 68, U3: 69, Depth: 102
[2025-01-08 11:27:33] Computing Exact walk
[2025-01-08 11:27:33] Exact - CX: 97, U3: 156, Depth: 188
[2025-01-08 11:27:33] Successfully processed graph 4 - Category: win
[2025-01-08 11:27:33] 
Processing graph 5/200
[2025-01-08 11:27:33] Graph 5 has 16 nodes and 36 edges
[2025-01-08 11:27:33] Converted to 36 bitstring edges
[2025-01-08 11:27:33] Computing Matchings Dynamic walk
[2025-01-08 11:27:34] Matchings - CX: 69, U3: 64, Depth: 102
[2025-01-08 11:27:34] Computing Exact walk
[2025-01-08 11:27:35] Exact - CX: 100, U3: 164, Depth: 197
[2025-01-08 11:27:35] Successfully processed graph 5 - Category: win
[2025-01-08 11:27:35] 
Processing graph 6/200
[2025-01-08 11:27:35] Graph 6 has 16 nodes and 33 edges
[2025-01-08 11:27:35] Converted to 33 bitstring edges
[2025-01-08 11:27:35] Computing Matchings Dynamic walk
[2025-01-08 11:27:35] Matchings - CX: 61, U3: 52, Depth: 86
[2025-01-08 11:27:35] Computing Exact walk
[2025-01-08 11:27:36] Exact - CX: 100, U3: 163, Depth: 196
[2025-01-08 11:27:36] Successfully processed graph 6 - Category: win
[2025-01-08 11:27:36] 
Processing graph 7/200
[2025-01-08 11:27:36] Graph 7 has 16 nodes and 35 edges
[2025-01-08 11:27:36] Converted to 35 bitstring edges
[2025-01-08 11:27:36] Computing Matchings Dynamic walk
[2025-01-08 11:27:37] Matchings - CX: 54, U3: 52, Depth: 83
[2025-01-08 11:27:37] Computing Exact walk
[2025-01-08 11:27:37] Exact - CX: 100, U3: 162, Depth: 195
[2025-01-08 11:27:37] Successfully processed graph 7 - Category: win
[2025-01-08 11:27:37] 
Processing graph 8/200
[2025-01-08 11:27:37] Graph 8 has 16 nodes and 34 edges
[2025-01-08 11:27:37] Converted to 34 bitstring edges
[2025-01-08 11:27:37] Computing Matchings Dynamic walk
[2025-01-08 11:27:38] Matchings - CX: 50, U3: 44, Depth: 76
[2025-01-08 11:27:38] Computing Exact walk
[2025-01-08 11:27:39] Exact - CX: 100, U3: 163, Depth: 196
[2025-01-08 11:27:39] Successfully processed graph 8 - Category: win
[2025-01-08 11:27:39] 
Processing graph 9/200
[2025-01-08 11:27:39] Graph 9 has 16 nodes and 33 edges
[2025-01-08 11:27:39] Converted to 33 bitstring edges
[2025-01-08 11:27:39] Computing Matchings Dynamic walk
[2025-01-08 11:27:39] Matchings - CX: 49, U3: 47, Depth: 73
[2025-01-08 11:27:39] Computing Exact walk
[2025-01-08 11:27:40] Exact - CX: 98, U3: 159, Depth: 191
[2025-01-08 11:27:40] Successfully processed graph 9 - Category: win
[2025-01-08 11:27:40] 
Processing graph 10/200
[2025-01-08 11:27:40] Graph 10 has 16 nodes and 35 edges
[2025-01-08 11:27:40] Converted to 35 bitstring edges
[2025-01-08 11:27:40] Computing Matchings Dynamic walk
[2025-01-08 11:27:41] Matchings - CX: 68, U3: 65, Depth: 104
[2025-01-08 11:27:41] Computing Exact walk
[2025-01-08 11:27:41] Exact - CX: 100, U3: 165, Depth: 197
[2025-01-08 11:27:41] Successfully processed graph 10 - Category: win
[2025-01-08 11:27:41] 
Processing graph 11/200
[2025-01-08 11:27:41] Graph 11 has 16 nodes and 35 edges
[2025-01-08 11:27:41] Converted to 35 bitstring edges
[2025-01-08 11:27:41] Computing Matchings Dynamic walk
[2025-01-08 11:27:42] Matchings - CX: 96, U3: 88, Depth: 143
[2025-01-08 11:27:42] Computing Exact walk
[2025-01-08 11:27:43] Exact - CX: 97, U3: 157, Depth: 188
[2025-01-08 11:27:43] Successfully processed graph 11 - Category: win
[2025-01-08 11:27:43] 
Processing graph 12/200
[2025-01-08 11:27:43] Graph 12 has 16 nodes and 37 edges
[2025-01-08 11:27:43] Converted to 37 bitstring edges
[2025-01-08 11:27:43] Computing Matchings Dynamic walk
[2025-01-08 11:27:43] Matchings - CX: 71, U3: 68, Depth: 105
[2025-01-08 11:27:43] Computing Exact walk
[2025-01-08 11:27:44] Exact - CX: 100, U3: 163, Depth: 195
[2025-01-08 11:27:44] Successfully processed graph 12 - Category: win
[2025-01-08 11:27:44] 
Processing graph 13/200
[2025-01-08 11:27:44] Graph 13 has 16 nodes and 39 edges
[2025-01-08 11:27:44] Converted to 39 bitstring edges
[2025-01-08 11:27:44] Computing Matchings Dynamic walk
[2025-01-08 11:27:45] Matchings - CX: 89, U3: 73, Depth: 128
[2025-01-08 11:27:45] Computing Exact walk
[2025-01-08 11:27:46] Exact - CX: 100, U3: 165, Depth: 197
[2025-01-08 11:27:46] Successfully processed graph 13 - Category: win
[2025-01-08 11:27:46] 
Processing graph 14/200
[2025-01-08 11:27:46] Graph 14 has 16 nodes and 35 edges
[2025-01-08 11:27:46] Converted to 35 bitstring edges
[2025-01-08 11:27:46] Computing Matchings Dynamic walk
[2025-01-08 11:27:46] Matchings - CX: 71, U3: 61, Depth: 108
[2025-01-08 11:27:46] Computing Exact walk
[2025-01-08 11:27:47] Exact - CX: 100, U3: 165, Depth: 197
[2025-01-08 11:27:47] Successfully processed graph 14 - Category: win
[2025-01-08 11:27:47] 
Processing graph 15/200
[2025-01-08 11:27:47] Graph 15 has 16 nodes and 39 edges
[2025-01-08 11:27:47] Converted to 39 bitstring edges
[2025-01-08 11:27:47] Computing Matchings Dynamic walk
[2025-01-08 11:27:48] Matchings - CX: 86, U3: 83, Depth: 129
[2025-01-08 11:27:48] Computing Exact walk
[2025-01-08 11:27:49] Exact - CX: 100, U3: 164, Depth: 197
[2025-01-08 11:27:49] Successfully processed graph 15 - Category: win
[2025-01-08 11:27:49] 
Processing graph 16/200
[2025-01-08 11:27:49] Graph 16 has 16 nodes and 35 edges
[2025-01-08 11:27:49] Converted to 35 bitstring edges
[2025-01-08 11:27:49] Computing Matchings Dynamic walk
[2025-01-08 11:27:49] Matchings - CX: 29, U3: 32, Depth: 47
[2025-01-08 11:27:49] Computing Exact walk
[2025-01-08 11:27:50] Exact - CX: 100, U3: 165, Depth: 197
[2025-01-08 11:27:50] Successfully processed graph 16 - Category: win
[2025-01-08 11:27:50] 
Processing graph 17/200
[2025-01-08 11:27:50] Graph 17 has 16 nodes and 34 edges
[2025-01-08 11:27:50] Converted to 34 bitstring edges
[2025-01-08 11:27:50] Computing Matchings Dynamic walk
[2025-01-08 11:27:51] Matchings - CX: 39, U3: 38, Depth: 60
[2025-01-08 11:27:51] Computing Exact walk
[2025-01-08 11:27:51] Exact - CX: 100, U3: 165, Depth: 197
[2025-01-08 11:27:51] Successfully processed graph 17 - Category: win
[2025-01-08 11:27:51] 
Processing graph 18/200
[2025-01-08 11:27:51] Graph 18 has 16 nodes and 36 edges
[2025-01-08 11:27:51] Converted to 36 bitstring edges
[2025-01-08 11:27:51] Computing Matchings Dynamic walk
[2025-01-08 11:27:52] Matchings - CX: 53, U3: 59, Depth: 86
[2025-01-08 11:27:52] Computing Exact walk
[2025-01-08 11:27:53] Exact - CX: 100, U3: 165, Depth: 197
[2025-01-08 11:27:53] Successfully processed graph 18 - Category: win
[2025-01-08 11:27:53] 
Processing graph 19/200
[2025-01-08 11:27:53] Graph 19 has 16 nodes and 39 edges
[2025-01-08 11:27:53] Converted to 39 bitstring edges
[2025-01-08 11:27:53] Computing Matchings Dynamic walk
[2025-01-08 11:27:53] Matchings - CX: 101, U3: 80, Depth: 139
[2025-01-08 11:27:53] Computing Exact walk
[2025-01-08 11:27:54] Exact - CX: 100, U3: 165, Depth: 197
[2025-01-08 11:27:54] Successfully processed graph 19 - Category: lose
[2025-01-08 11:27:54] 
Processing graph 20/200
[2025-01-08 11:27:54] Graph 20 has 16 nodes and 35 edges
[2025-01-08 11:27:54] Converted to 35 bitstring edges
[2025-01-08 11:27:54] Computing Matchings Dynamic walk
[2025-01-08 11:27:55] Matchings - CX: 50, U3: 51, Depth: 78
[2025-01-08 11:27:55] Computing Exact walk
[2025-01-08 11:27:55] Exact - CX: 96, U3: 156, Depth: 186
[2025-01-08 11:27:55] Successfully processed graph 20 - Category: win
[2025-01-08 11:27:55] 
Processing graph 21/200
[2025-01-08 11:27:55] Graph 21 has 16 nodes and 34 edges
[2025-01-08 11:27:55] Converted to 34 bitstring edges
[2025-01-08 11:27:55] Computing Matchings Dynamic walk
[2025-01-08 11:27:56] Matchings - CX: 68, U3: 59, Depth: 99
[2025-01-08 11:27:56] Computing Exact walk
[2025-01-08 11:27:57] Exact - CX: 100, U3: 165, Depth: 197
[2025-01-08 11:27:57] Successfully processed graph 21 - Category: win
[2025-01-08 11:27:57] 
Processing graph 22/200
[2025-01-08 11:27:57] Graph 22 has 16 nodes and 36 edges
[2025-01-08 11:27:57] Converted to 36 bitstring edges
[2025-01-08 11:27:57] Computing Matchings Dynamic walk
[2025-01-08 11:27:57] Matchings - CX: 86, U3: 75, Depth: 125
[2025-01-08 11:27:57] Computing Exact walk
[2025-01-08 11:27:58] Exact - CX: 98, U3: 160, Depth: 191
[2025-01-08 11:27:58] Successfully processed graph 22 - Category: win
[2025-01-08 11:27:58] 
Processing graph 23/200
[2025-01-08 11:27:58] Graph 23 has 16 nodes and 34 edges
[2025-01-08 11:27:58] Converted to 34 bitstring edges
[2025-01-08 11:27:58] Computing Matchings Dynamic walk
[2025-01-08 11:27:59] Matchings - CX: 67, U3: 59, Depth: 97
[2025-01-08 11:27:59] Computing Exact walk
[2025-01-08 11:27:59] Exact - CX: 100, U3: 165, Depth: 197
[2025-01-08 11:27:59] Successfully processed graph 23 - Category: win
[2025-01-08 11:27:59] 
Processing graph 24/200
[2025-01-08 11:27:59] Graph 24 has 16 nodes and 35 edges
[2025-01-08 11:27:59] Converted to 35 bitstring edges
[2025-01-08 11:27:59] Computing Matchings Dynamic walk
[2025-01-08 11:28:00] Matchings - CX: 67, U3: 58, Depth: 100
[2025-01-08 11:28:00] Computing Exact walk
[2025-01-08 11:28:01] Exact - CX: 100, U3: 165, Depth: 197
[2025-01-08 11:28:01] Successfully processed graph 24 - Category: win
[2025-01-08 11:28:01] 
Processing graph 25/200
[2025-01-08 11:28:01] Graph 25 has 16 nodes and 34 edges
[2025-01-08 11:28:01] Converted to 34 bitstring edges
[2025-01-08 11:28:01] Computing Matchings Dynamic walk
[2025-01-08 11:28:01] Matchings - CX: 57, U3: 54, Depth: 86
[2025-01-08 11:28:01] Computing Exact walk
[2025-01-08 11:28:02] Exact - CX: 100, U3: 165, Depth: 197
[2025-01-08 11:28:02] Successfully processed graph 25 - Category: win
[2025-01-08 11:28:02] 
Processing graph 26/200
[2025-01-08 11:28:02] Graph 26 has 16 nodes and 33 edges
[2025-01-08 11:28:02] Converted to 33 bitstring edges
[2025-01-08 11:28:02] Computing Matchings Dynamic walk
[2025-01-08 11:28:03] Matchings - CX: 57, U3: 47, Depth: 83
[2025-01-08 11:28:03] Computing Exact walk
[2025-01-08 11:28:03] Exact - CX: 100, U3: 156, Depth: 193
[2025-01-08 11:28:03] Successfully processed graph 26 - Category: win
[2025-01-08 11:28:03] 
Processing graph 27/200
[2025-01-08 11:28:03] Graph 27 has 16 nodes and 33 edges
[2025-01-08 11:28:03] Converted to 33 bitstring edges
[2025-01-08 11:28:03] Computing Matchings Dynamic walk
[2025-01-08 11:28:04] Matchings - CX: 50, U3: 49, Depth: 77
[2025-01-08 11:28:04] Computing Exact walk
[2025-01-08 11:28:05] Exact - CX: 100, U3: 165, Depth: 197
[2025-01-08 11:28:05] Successfully processed graph 27 - Category: win
[2025-01-08 11:28:05] 
Processing graph 28/200
[2025-01-08 11:28:05] Graph 28 has 16 nodes and 37 edges
[2025-01-08 11:28:05] Converted to 37 bitstring edges
[2025-01-08 11:28:05] Computing Matchings Dynamic walk
[2025-01-08 11:28:05] Matchings - CX: 57, U3: 47, Depth: 83
[2025-01-08 11:28:05] Computing Exact walk
[2025-01-08 11:28:06] Exact - CX: 100, U3: 165, Depth: 197
[2025-01-08 11:28:06] Successfully processed graph 28 - Category: win
[2025-01-08 11:28:06] 
Processing graph 29/200
[2025-01-08 11:28:06] Graph 29 has 16 nodes and 38 edges
[2025-01-08 11:28:06] Converted to 38 bitstring edges
[2025-01-08 11:28:06] Computing Matchings Dynamic walk
[2025-01-08 11:28:07] Matchings - CX: 58, U3: 51, Depth: 87
[2025-01-08 11:28:07] Computing Exact walk
[2025-01-08 11:28:07] Exact - CX: 100, U3: 165, Depth: 197
[2025-01-08 11:28:07] Successfully processed graph 29 - Category: win
[2025-01-08 11:28:07] 
Processing graph 30/200
[2025-01-08 11:28:07] Graph 30 has 16 nodes and 32 edges
[2025-01-08 11:28:07] Converted to 32 bitstring edges
[2025-01-08 11:28:07] Computing Matchings Dynamic walk
[2025-01-08 11:28:08] Matchings - CX: 59, U3: 63, Depth: 92
[2025-01-08 11:28:08] Computing Exact walk
[2025-01-08 11:28:09] Exact - CX: 100, U3: 165, Depth: 197
[2025-01-08 11:28:09] Successfully processed graph 30 - Category: win
[2025-01-08 11:28:09] 
Processing graph 31/200
[2025-01-08 11:28:09] Graph 31 has 16 nodes and 33 edges
[2025-01-08 11:28:09] Converted to 33 bitstring edges
[2025-01-08 11:28:09] Computing Matchings Dynamic walk
[2025-01-08 11:28:09] Matchings - CX: 64, U3: 54, Depth: 96
[2025-01-08 11:28:09] Computing Exact walk
[2025-01-08 11:28:10] Exact - CX: 98, U3: 160, Depth: 192
[2025-01-08 11:28:10] Successfully processed graph 31 - Category: win
[2025-01-08 11:28:10] 
Processing graph 32/200
[2025-01-08 11:28:10] Graph 32 has 16 nodes and 36 edges
[2025-01-08 11:28:10] Converted to 36 bitstring edges
[2025-01-08 11:28:10] Computing Matchings Dynamic walk
[2025-01-08 11:28:10] Matchings - CX: 70, U3: 67, Depth: 107
[2025-01-08 11:28:10] Computing Exact walk
[2025-01-08 11:28:11] Exact - CX: 100, U3: 165, Depth: 197
[2025-01-08 11:28:11] Successfully processed graph 32 - Category: win
[2025-01-08 11:28:11] 
Processing graph 33/200
[2025-01-08 11:28:11] Graph 33 has 16 nodes and 36 edges
[2025-01-08 11:28:11] Converted to 36 bitstring edges
[2025-01-08 11:28:11] Computing Matchings Dynamic walk
[2025-01-08 11:28:12] Matchings - CX: 49, U3: 46, Depth: 75
[2025-01-08 11:28:12] Computing Exact walk
[2025-01-08 11:28:12] Exact - CX: 96, U3: 157, Depth: 187
[2025-01-08 11:28:12] Successfully processed graph 33 - Category: win
[2025-01-08 11:28:12] 
Processing graph 34/200
[2025-01-08 11:28:12] Graph 34 has 16 nodes and 39 edges
[2025-01-08 11:28:12] Converted to 39 bitstring edges
[2025-01-08 11:28:12] Computing Matchings Dynamic walk
[2025-01-08 11:28:13] Matchings - CX: 60, U3: 57, Depth: 91
[2025-01-08 11:28:13] Computing Exact walk
[2025-01-08 11:28:14] Exact - CX: 100, U3: 161, Depth: 195
[2025-01-08 11:28:14] Successfully processed graph 34 - Category: win
[2025-01-08 11:28:14] 
Processing graph 35/200
[2025-01-08 11:28:14] Graph 35 has 16 nodes and 35 edges
[2025-01-08 11:28:14] Converted to 35 bitstring edges
[2025-01-08 11:28:14] Computing Matchings Dynamic walk
[2025-01-08 11:28:14] Matchings - CX: 65, U3: 61, Depth: 97
[2025-01-08 11:28:14] Computing Exact walk
[2025-01-08 11:28:15] Exact - CX: 100, U3: 165, Depth: 197
[2025-01-08 11:28:15] Successfully processed graph 35 - Category: win
[2025-01-08 11:28:15] 
Processing graph 36/200
[2025-01-08 11:28:15] Graph 36 has 16 nodes and 36 edges
[2025-01-08 11:28:15] Converted to 36 bitstring edges
[2025-01-08 11:28:15] Computing Matchings Dynamic walk
[2025-01-08 11:28:16] Matchings - CX: 45, U3: 44, Depth: 68
[2025-01-08 11:28:16] Computing Exact walk
[2025-01-08 11:28:16] Exact - CX: 100, U3: 165, Depth: 197
[2025-01-08 11:28:16] Successfully processed graph 36 - Category: win
[2025-01-08 11:28:16] 
Processing graph 37/200
[2025-01-08 11:28:16] Graph 37 has 16 nodes and 37 edges
[2025-01-08 11:28:16] Converted to 37 bitstring edges
[2025-01-08 11:28:16] Computing Matchings Dynamic walk
[2025-01-08 11:28:17] Matchings - CX: 73, U3: 72, Depth: 110
[2025-01-08 11:28:17] Computing Exact walk
[2025-01-08 11:28:18] Exact - CX: 100, U3: 165, Depth: 197
[2025-01-08 11:28:18] Successfully processed graph 37 - Category: win
[2025-01-08 11:28:18] 
Processing graph 38/200
[2025-01-08 11:28:18] Graph 38 has 16 nodes and 35 edges
[2025-01-08 11:28:18] Converted to 35 bitstring edges
[2025-01-08 11:28:18] Computing Matchings Dynamic walk
[2025-01-08 11:28:18] Matchings - CX: 59, U3: 59, Depth: 90
[2025-01-08 11:28:18] Computing Exact walk
[2025-01-08 11:28:19] Exact - CX: 98, U3: 162, Depth: 193
[2025-01-08 11:28:19] Successfully processed graph 38 - Category: win
[2025-01-08 11:28:19] 
Processing graph 39/200
[2025-01-08 11:28:19] Graph 39 has 16 nodes and 31 edges
[2025-01-08 11:28:19] Converted to 31 bitstring edges
[2025-01-08 11:28:19] Computing Matchings Dynamic walk
[2025-01-08 11:28:20] Matchings - CX: 43, U3: 40, Depth: 65
[2025-01-08 11:28:20] Computing Exact walk
[2025-01-08 11:28:20] Exact - CX: 100, U3: 165, Depth: 197
[2025-01-08 11:28:20] Successfully processed graph 39 - Category: win
[2025-01-08 11:28:20] 
Processing graph 40/200
[2025-01-08 11:28:20] Graph 40 has 16 nodes and 40 edges
[2025-01-08 11:28:20] Converted to 40 bitstring edges
[2025-01-08 11:28:20] Computing Matchings Dynamic walk
[2025-01-08 11:28:21] Matchings - CX: 90, U3: 78, Depth: 132
[2025-01-08 11:28:21] Computing Exact walk
[2025-01-08 11:28:22] Exact - CX: 100, U3: 160, Depth: 194
[2025-01-08 11:28:22] Successfully processed graph 40 - Category: win
[2025-01-08 11:28:22] 
Processing graph 41/200
[2025-01-08 11:28:22] Graph 41 has 16 nodes and 38 edges
[2025-01-08 11:28:22] Converted to 38 bitstring edges
[2025-01-08 11:28:22] Computing Matchings Dynamic walk
[2025-01-08 11:28:22] Matchings - CX: 72, U3: 59, Depth: 105
[2025-01-08 11:28:22] Computing Exact walk
[2025-01-08 11:28:23] Exact - CX: 98, U3: 158, Depth: 190
[2025-01-08 11:28:23] Successfully processed graph 41 - Category: win
[2025-01-08 11:28:23] 
Processing graph 42/200
[2025-01-08 11:28:23] Graph 42 has 16 nodes and 36 edges
[2025-01-08 11:28:23] Converted to 36 bitstring edges
[2025-01-08 11:28:23] Computing Matchings Dynamic walk
[2025-01-08 11:28:24] Matchings - CX: 72, U3: 65, Depth: 111
[2025-01-08 11:28:24] Computing Exact walk
[2025-01-08 11:28:25] Exact - CX: 100, U3: 165, Depth: 197
[2025-01-08 11:28:25] Successfully processed graph 42 - Category: win
[2025-01-08 11:28:25] 
Processing graph 43/200
[2025-01-08 11:28:25] Graph 43 has 16 nodes and 35 edges
[2025-01-08 11:28:25] Converted to 35 bitstring edges
[2025-01-08 11:28:25] Computing Matchings Dynamic walk
[2025-01-08 11:28:25] Matchings - CX: 42, U3: 48, Depth: 66
[2025-01-08 11:28:25] Computing Exact walk
[2025-01-08 11:28:26] Exact - CX: 100, U3: 160, Depth: 194
[2025-01-08 11:28:26] Successfully processed graph 43 - Category: win
[2025-01-08 11:28:26] 
Processing graph 44/200
[2025-01-08 11:28:26] Graph 44 has 16 nodes and 31 edges
[2025-01-08 11:28:26] Converted to 31 bitstring edges
[2025-01-08 11:28:26] Computing Matchings Dynamic walk
[2025-01-08 11:28:26] Matchings - CX: 46, U3: 46, Depth: 71
[2025-01-08 11:28:26] Computing Exact walk
[2025-01-08 11:28:27] Exact - CX: 100, U3: 165, Depth: 197
[2025-01-08 11:28:27] Successfully processed graph 44 - Category: win
[2025-01-08 11:28:27] 
Processing graph 45/200
[2025-01-08 11:28:27] Graph 45 has 16 nodes and 37 edges
[2025-01-08 11:28:27] Converted to 37 bitstring edges
[2025-01-08 11:28:27] Computing Matchings Dynamic walk
[2025-01-08 11:28:28] Matchings - CX: 88, U3: 79, Depth: 129
[2025-01-08 11:28:28] Computing Exact walk
[2025-01-08 11:28:29] Exact - CX: 100, U3: 165, Depth: 197
[2025-01-08 11:28:29] Successfully processed graph 45 - Category: win
[2025-01-08 11:28:29] 
Processing graph 46/200
[2025-01-08 11:28:29] Graph 46 has 16 nodes and 34 edges
[2025-01-08 11:28:29] Converted to 34 bitstring edges
[2025-01-08 11:28:29] Computing Matchings Dynamic walk
[2025-01-08 11:28:29] Matchings - CX: 57, U3: 61, Depth: 88
[2025-01-08 11:28:29] Computing Exact walk
[2025-01-08 11:28:30] Exact - CX: 100, U3: 160, Depth: 194
[2025-01-08 11:28:30] Successfully processed graph 46 - Category: win
[2025-01-08 11:28:30] 
Processing graph 47/200
[2025-01-08 11:28:30] Graph 47 has 16 nodes and 35 edges
[2025-01-08 11:28:30] Converted to 35 bitstring edges
[2025-01-08 11:28:30] Computing Matchings Dynamic walk
[2025-01-08 11:28:30] Matchings - CX: 59, U3: 57, Depth: 90
[2025-01-08 11:28:30] Computing Exact walk
[2025-01-08 11:28:31] Exact - CX: 100, U3: 165, Depth: 197
[2025-01-08 11:28:31] Successfully processed graph 47 - Category: win
[2025-01-08 11:28:31] 
Processing graph 48/200
[2025-01-08 11:28:31] Graph 48 has 16 nodes and 38 edges
[2025-01-08 11:28:31] Converted to 38 bitstring edges
[2025-01-08 11:28:31] Computing Matchings Dynamic walk
[2025-01-08 11:28:32] Matchings - CX: 85, U3: 73, Depth: 123
[2025-01-08 11:28:32] Computing Exact walk
[2025-01-08 11:28:33] Exact - CX: 100, U3: 165, Depth: 197
[2025-01-08 11:28:33] Successfully processed graph 48 - Category: win
[2025-01-08 11:28:33] 
Processing graph 49/200
[2025-01-08 11:28:33] Graph 49 has 16 nodes and 38 edges
[2025-01-08 11:28:33] Converted to 38 bitstring edges
[2025-01-08 11:28:33] Computing Matchings Dynamic walk
[2025-01-08 11:28:33] Matchings - CX: 75, U3: 68, Depth: 113
[2025-01-08 11:28:33] Computing Exact walk
[2025-01-08 11:28:34] Exact - CX: 98, U3: 160, Depth: 192
[2025-01-08 11:28:34] Successfully processed graph 49 - Category: win
[2025-01-08 11:28:34] 
Processing graph 50/200
[2025-01-08 11:28:34] Graph 50 has 16 nodes and 38 edges
[2025-01-08 11:28:34] Converted to 38 bitstring edges
[2025-01-08 11:28:34] Computing Matchings Dynamic walk
[2025-01-08 11:28:35] Matchings - CX: 55, U3: 54, Depth: 86
[2025-01-08 11:28:35] Computing Exact walk
[2025-01-08 11:28:35] Exact - CX: 100, U3: 165, Depth: 197
[2025-01-08 11:28:35] Successfully processed graph 50 - Category: win
[2025-01-08 11:28:35] 
Processing graph 51/200
[2025-01-08 11:28:35] Graph 51 has 16 nodes and 35 edges
[2025-01-08 11:28:35] Converted to 35 bitstring edges
[2025-01-08 11:28:35] Computing Matchings Dynamic walk
[2025-01-08 11:28:36] Matchings - CX: 69, U3: 67, Depth: 106
[2025-01-08 11:28:36] Computing Exact walk
[2025-01-08 11:28:37] Exact - CX: 100, U3: 165, Depth: 197
[2025-01-08 11:28:37] Successfully processed graph 51 - Category: win
[2025-01-08 11:28:37] 
Processing graph 52/200
[2025-01-08 11:28:37] Graph 52 has 16 nodes and 35 edges
[2025-01-08 11:28:37] Converted to 35 bitstring edges
[2025-01-08 11:28:37] Computing Matchings Dynamic walk
[2025-01-08 11:28:37] Matchings - CX: 66, U3: 61, Depth: 101
[2025-01-08 11:28:37] Computing Exact walk
[2025-01-08 11:28:38] Exact - CX: 100, U3: 164, Depth: 197
[2025-01-08 11:28:38] Successfully processed graph 52 - Category: win
[2025-01-08 11:28:38] 
Processing graph 53/200
[2025-01-08 11:28:38] Graph 53 has 16 nodes and 36 edges
[2025-01-08 11:28:38] Converted to 36 bitstring edges
[2025-01-08 11:28:38] Computing Matchings Dynamic walk
[2025-01-08 11:28:38] Matchings - CX: 38, U3: 38, Depth: 60
[2025-01-08 11:28:38] Computing Exact walk
[2025-01-08 11:28:39] Exact - CX: 100, U3: 165, Depth: 197
[2025-01-08 11:28:39] Successfully processed graph 53 - Category: win
[2025-01-08 11:28:39] 
Processing graph 54/200
[2025-01-08 11:28:39] Graph 54 has 16 nodes and 34 edges
[2025-01-08 11:28:39] Converted to 34 bitstring edges
[2025-01-08 11:28:39] Computing Matchings Dynamic walk
[2025-01-08 11:28:40] Matchings - CX: 44, U3: 52, Depth: 71
[2025-01-08 11:28:40] Computing Exact walk
[2025-01-08 11:28:40] Exact - CX: 100, U3: 165, Depth: 197
[2025-01-08 11:28:40] Successfully processed graph 54 - Category: win
[2025-01-08 11:28:40] 
Processing graph 55/200
[2025-01-08 11:28:40] Graph 55 has 16 nodes and 34 edges
[2025-01-08 11:28:40] Converted to 34 bitstring edges
[2025-01-08 11:28:40] Computing Matchings Dynamic walk
[2025-01-08 11:28:41] Matchings - CX: 57, U3: 62, Depth: 88
[2025-01-08 11:28:41] Computing Exact walk
[2025-01-08 11:28:42] Exact - CX: 100, U3: 165, Depth: 197
[2025-01-08 11:28:42] Successfully processed graph 55 - Category: win
[2025-01-08 11:28:42] 
Processing graph 56/200
[2025-01-08 11:28:42] Graph 56 has 16 nodes and 36 edges
[2025-01-08 11:28:42] Converted to 36 bitstring edges
[2025-01-08 11:28:42] Computing Matchings Dynamic walk
[2025-01-08 11:28:42] Matchings - CX: 41, U3: 40, Depth: 62
[2025-01-08 11:28:42] Computing Exact walk
[2025-01-08 11:28:43] Exact - CX: 100, U3: 164, Depth: 196
[2025-01-08 11:28:43] Successfully processed graph 56 - Category: win
[2025-01-08 11:28:43] 
Processing graph 57/200
[2025-01-08 11:28:43] Graph 57 has 16 nodes and 34 edges
[2025-01-08 11:28:43] Converted to 34 bitstring edges
[2025-01-08 11:28:43] Computing Matchings Dynamic walk
[2025-01-08 11:28:44] Matchings - CX: 66, U3: 60, Depth: 100
[2025-01-08 11:28:44] Computing Exact walk
[2025-01-08 11:28:44] Exact - CX: 100, U3: 165, Depth: 197
[2025-01-08 11:28:44] Successfully processed graph 57 - Category: win
[2025-01-08 11:28:44] 
Processing graph 58/200
[2025-01-08 11:28:44] Graph 58 has 16 nodes and 35 edges
[2025-01-08 11:28:44] Converted to 35 bitstring edges
[2025-01-08 11:28:44] Computing Matchings Dynamic walk
[2025-01-08 11:28:45] Matchings - CX: 58, U3: 54, Depth: 88
[2025-01-08 11:28:45] Computing Exact walk
[2025-01-08 11:28:46] Exact - CX: 100, U3: 165, Depth: 197
[2025-01-08 11:28:46] Successfully processed graph 58 - Category: win
[2025-01-08 11:28:46] 
Processing graph 59/200
[2025-01-08 11:28:46] Graph 59 has 16 nodes and 37 edges
[2025-01-08 11:28:46] Converted to 37 bitstring edges
[2025-01-08 11:28:46] Computing Matchings Dynamic walk
[2025-01-08 11:28:46] Matchings - CX: 77, U3: 70, Depth: 114
[2025-01-08 11:28:46] Computing Exact walk
[2025-01-08 11:28:47] Exact - CX: 100, U3: 165, Depth: 197
[2025-01-08 11:28:47] Successfully processed graph 59 - Category: win
[2025-01-08 11:28:47] 
Processing graph 60/200
[2025-01-08 11:28:47] Graph 60 has 16 nodes and 35 edges
[2025-01-08 11:28:47] Converted to 35 bitstring edges
[2025-01-08 11:28:47] Computing Matchings Dynamic walk
[2025-01-08 11:28:48] Matchings - CX: 66, U3: 61, Depth: 97
[2025-01-08 11:28:48] Computing Exact walk
[2025-01-08 11:28:48] Exact - CX: 100, U3: 165, Depth: 197
[2025-01-08 11:28:48] Successfully processed graph 60 - Category: win
[2025-01-08 11:28:48] 
Processing graph 61/200
[2025-01-08 11:28:48] Graph 61 has 16 nodes and 35 edges
[2025-01-08 11:28:48] Converted to 35 bitstring edges
[2025-01-08 11:28:48] Computing Matchings Dynamic walk
[2025-01-08 11:28:49] Matchings - CX: 63, U3: 57, Depth: 93
[2025-01-08 11:28:49] Computing Exact walk
[2025-01-08 11:28:50] Exact - CX: 98, U3: 161, Depth: 192
[2025-01-08 11:28:50] Successfully processed graph 61 - Category: win
[2025-01-08 11:28:50] 
Processing graph 62/200
[2025-01-08 11:28:50] Graph 62 has 16 nodes and 33 edges
[2025-01-08 11:28:50] Converted to 33 bitstring edges
[2025-01-08 11:28:50] Computing Matchings Dynamic walk
[2025-01-08 11:28:50] Matchings - CX: 64, U3: 56, Depth: 96
[2025-01-08 11:28:50] Computing Exact walk
[2025-01-08 11:28:51] Exact - CX: 100, U3: 165, Depth: 197
[2025-01-08 11:28:51] Successfully processed graph 62 - Category: win
[2025-01-08 11:28:51] 
Processing graph 63/200
[2025-01-08 11:28:51] Graph 63 has 16 nodes and 33 edges
[2025-01-08 11:28:51] Converted to 33 bitstring edges
[2025-01-08 11:28:51] Computing Matchings Dynamic walk
[2025-01-08 11:28:51] Matchings - CX: 62, U3: 59, Depth: 93
[2025-01-08 11:28:51] Computing Exact walk
[2025-01-08 11:28:52] Exact - CX: 100, U3: 165, Depth: 197
[2025-01-08 11:28:52] Successfully processed graph 63 - Category: win
[2025-01-08 11:28:52] 
Processing graph 64/200
[2025-01-08 11:28:52] Graph 64 has 16 nodes and 36 edges
[2025-01-08 11:28:52] Converted to 36 bitstring edges
[2025-01-08 11:28:52] Computing Matchings Dynamic walk
[2025-01-08 11:28:53] Matchings - CX: 42, U3: 42, Depth: 65
[2025-01-08 11:28:53] Computing Exact walk
[2025-01-08 11:28:53] Exact - CX: 100, U3: 165, Depth: 197
[2025-01-08 11:28:53] Successfully processed graph 64 - Category: win
[2025-01-08 11:28:53] 
Processing graph 65/200
[2025-01-08 11:28:53] Graph 65 has 16 nodes and 36 edges
[2025-01-08 11:28:53] Converted to 36 bitstring edges
[2025-01-08 11:28:53] Computing Matchings Dynamic walk
[2025-01-08 11:28:54] Matchings - CX: 63, U3: 59, Depth: 94
[2025-01-08 11:28:54] Computing Exact walk
[2025-01-08 11:28:55] Exact - CX: 100, U3: 165, Depth: 197
[2025-01-08 11:28:55] Successfully processed graph 65 - Category: win
[2025-01-08 11:28:55] 
Processing graph 66/200
[2025-01-08 11:28:55] Graph 66 has 16 nodes and 35 edges
[2025-01-08 11:28:55] Converted to 35 bitstring edges
[2025-01-08 11:28:55] Computing Matchings Dynamic walk
[2025-01-08 11:28:55] Matchings - CX: 70, U3: 62, Depth: 100
[2025-01-08 11:28:55] Computing Exact walk
[2025-01-08 11:28:56] Exact - CX: 100, U3: 165, Depth: 197
[2025-01-08 11:28:56] Successfully processed graph 66 - Category: win
[2025-01-08 11:28:56] 
Processing graph 67/200
[2025-01-08 11:28:56] Graph 67 has 16 nodes and 32 edges
[2025-01-08 11:28:56] Converted to 32 bitstring edges
[2025-01-08 11:28:56] Computing Matchings Dynamic walk
[2025-01-08 11:28:57] Matchings - CX: 56, U3: 59, Depth: 86
[2025-01-08 11:28:57] Computing Exact walk
[2025-01-08 11:28:58] Exact - CX: 100, U3: 165, Depth: 197
[2025-01-08 11:28:58] Successfully processed graph 67 - Category: win
[2025-01-08 11:28:58] 
Processing graph 68/200
[2025-01-08 11:28:58] Graph 68 has 16 nodes and 33 edges
[2025-01-08 11:28:58] Converted to 33 bitstring edges
[2025-01-08 11:28:58] Computing Matchings Dynamic walk
[2025-01-08 11:28:58] Matchings - CX: 62, U3: 62, Depth: 93
[2025-01-08 11:28:58] Computing Exact walk
[2025-01-08 11:28:59] Exact - CX: 100, U3: 165, Depth: 197
[2025-01-08 11:28:59] Successfully processed graph 68 - Category: win
[2025-01-08 11:28:59] 
Processing graph 69/200
[2025-01-08 11:28:59] Graph 69 has 16 nodes and 36 edges
[2025-01-08 11:28:59] Converted to 36 bitstring edges
[2025-01-08 11:28:59] Computing Matchings Dynamic walk
[2025-01-08 11:28:59] Matchings - CX: 58, U3: 63, Depth: 90
[2025-01-08 11:28:59] Computing Exact walk
[2025-01-08 11:29:00] Exact - CX: 100, U3: 165, Depth: 197
[2025-01-08 11:29:00] Successfully processed graph 69 - Category: win
[2025-01-08 11:29:00] 
Processing graph 70/200
[2025-01-08 11:29:00] Graph 70 has 16 nodes and 36 edges
[2025-01-08 11:29:00] Converted to 36 bitstring edges
[2025-01-08 11:29:00] Computing Matchings Dynamic walk
[2025-01-08 11:29:01] Matchings - CX: 50, U3: 47, Depth: 76
[2025-01-08 11:29:01] Computing Exact walk
[2025-01-08 11:29:02] Exact - CX: 100, U3: 165, Depth: 197
[2025-01-08 11:29:02] Successfully processed graph 70 - Category: win
[2025-01-08 11:29:02] 
Processing graph 71/200
[2025-01-08 11:29:02] Graph 71 has 16 nodes and 34 edges
[2025-01-08 11:29:02] Converted to 34 bitstring edges
[2025-01-08 11:29:02] Computing Matchings Dynamic walk
[2025-01-08 11:29:02] Matchings - CX: 62, U3: 66, Depth: 99
[2025-01-08 11:29:02] Computing Exact walk
[2025-01-08 11:29:03] Exact - CX: 100, U3: 165, Depth: 197
[2025-01-08 11:29:03] Successfully processed graph 71 - Category: win
[2025-01-08 11:29:03] 
Processing graph 72/200
[2025-01-08 11:29:03] Graph 72 has 16 nodes and 37 edges
[2025-01-08 11:29:03] Converted to 37 bitstring edges
[2025-01-08 11:29:03] Computing Matchings Dynamic walk
[2025-01-08 11:29:03] Matchings - CX: 69, U3: 64, Depth: 103
[2025-01-08 11:29:03] Computing Exact walk
[2025-01-08 11:29:04] Exact - CX: 100, U3: 165, Depth: 197
[2025-01-08 11:29:04] Successfully processed graph 72 - Category: win
[2025-01-08 11:29:04] 
Processing graph 73/200
[2025-01-08 11:29:04] Graph 73 has 16 nodes and 34 edges
[2025-01-08 11:29:04] Converted to 34 bitstring edges
[2025-01-08 11:29:04] Computing Matchings Dynamic walk
[2025-01-08 11:29:05] Matchings - CX: 56, U3: 58, Depth: 89
[2025-01-08 11:29:05] Computing Exact walk
[2025-01-08 11:29:05] Exact - CX: 97, U3: 159, Depth: 190
[2025-01-08 11:29:05] Successfully processed graph 73 - Category: win
[2025-01-08 11:29:05] 
Processing graph 74/200
[2025-01-08 11:29:05] Graph 74 has 16 nodes and 34 edges
[2025-01-08 11:29:05] Converted to 34 bitstring edges
[2025-01-08 11:29:05] Computing Matchings Dynamic walk
[2025-01-08 11:29:06] Matchings - CX: 57, U3: 57, Depth: 86
[2025-01-08 11:29:06] Computing Exact walk
[2025-01-08 11:29:07] Exact - CX: 100, U3: 160, Depth: 195
[2025-01-08 11:29:07] Successfully processed graph 74 - Category: win
[2025-01-08 11:29:07] 
Processing graph 75/200
[2025-01-08 11:29:07] Graph 75 has 16 nodes and 39 edges
[2025-01-08 11:29:07] Converted to 39 bitstring edges
[2025-01-08 11:29:07] Computing Matchings Dynamic walk
[2025-01-08 11:29:07] Matchings - CX: 78, U3: 77, Depth: 117
[2025-01-08 11:29:07] Computing Exact walk
[2025-01-08 11:29:08] Exact - CX: 100, U3: 165, Depth: 197
[2025-01-08 11:29:08] Successfully processed graph 75 - Category: win
[2025-01-08 11:29:08] 
Processing graph 76/200
[2025-01-08 11:29:08] Graph 76 has 16 nodes and 37 edges
[2025-01-08 11:29:08] Converted to 37 bitstring edges
[2025-01-08 11:29:08] Computing Matchings Dynamic walk
[2025-01-08 11:29:09] Matchings - CX: 61, U3: 58, Depth: 93
[2025-01-08 11:29:09] Computing Exact walk
[2025-01-08 11:29:09] Exact - CX: 100, U3: 165, Depth: 197
[2025-01-08 11:29:09] Successfully processed graph 76 - Category: win
[2025-01-08 11:29:09] 
Processing graph 77/200
[2025-01-08 11:29:09] Graph 77 has 16 nodes and 36 edges
[2025-01-08 11:29:09] Converted to 36 bitstring edges
[2025-01-08 11:29:09] Computing Matchings Dynamic walk
[2025-01-08 11:29:10] Matchings - CX: 99, U3: 83, Depth: 143
[2025-01-08 11:29:10] Computing Exact walk
[2025-01-08 11:29:11] Exact - CX: 100, U3: 163, Depth: 196
[2025-01-08 11:29:11] Successfully processed graph 77 - Category: win
[2025-01-08 11:29:11] 
Processing graph 78/200
[2025-01-08 11:29:11] Graph 78 has 16 nodes and 37 edges
[2025-01-08 11:29:11] Converted to 37 bitstring edges
[2025-01-08 11:29:11] Computing Matchings Dynamic walk
[2025-01-08 11:29:11] Matchings - CX: 74, U3: 72, Depth: 114
[2025-01-08 11:29:11] Computing Exact walk
[2025-01-08 11:29:12] Exact - CX: 100, U3: 165, Depth: 197
[2025-01-08 11:29:12] Successfully processed graph 78 - Category: win
[2025-01-08 11:29:12] 
Processing graph 79/200
[2025-01-08 11:29:12] Graph 79 has 16 nodes and 34 edges
[2025-01-08 11:29:12] Converted to 34 bitstring edges
[2025-01-08 11:29:12] Computing Matchings Dynamic walk
[2025-01-08 11:29:13] Matchings - CX: 54, U3: 63, Depth: 87
[2025-01-08 11:29:13] Computing Exact walk
[2025-01-08 11:29:13] Exact - CX: 98, U3: 162, Depth: 192
[2025-01-08 11:29:13] Successfully processed graph 79 - Category: win
[2025-01-08 11:29:13] 
Processing graph 80/200
[2025-01-08 11:29:13] Graph 80 has 16 nodes and 33 edges
[2025-01-08 11:29:13] Converted to 33 bitstring edges
[2025-01-08 11:29:13] Computing Matchings Dynamic walk
[2025-01-08 11:29:14] Matchings - CX: 61, U3: 59, Depth: 96
[2025-01-08 11:29:14] Computing Exact walk
[2025-01-08 11:29:15] Exact - CX: 100, U3: 165, Depth: 197
[2025-01-08 11:29:15] Successfully processed graph 80 - Category: win
[2025-01-08 11:29:15] 
Processing graph 81/200
[2025-01-08 11:29:15] Graph 81 has 16 nodes and 34 edges
[2025-01-08 11:29:15] Converted to 34 bitstring edges
[2025-01-08 11:29:15] Computing Matchings Dynamic walk
[2025-01-08 11:29:15] Matchings - CX: 55, U3: 56, Depth: 84
[2025-01-08 11:29:15] Computing Exact walk
[2025-01-08 11:29:16] Exact - CX: 98, U3: 160, Depth: 191
[2025-01-08 11:29:16] Successfully processed graph 81 - Category: win
[2025-01-08 11:29:16] 
Processing graph 82/200
[2025-01-08 11:29:16] Graph 82 has 16 nodes and 35 edges
[2025-01-08 11:29:16] Converted to 35 bitstring edges
[2025-01-08 11:29:16] Computing Matchings Dynamic walk
[2025-01-08 11:29:17] Matchings - CX: 43, U3: 37, Depth: 65
[2025-01-08 11:29:17] Computing Exact walk
[2025-01-08 11:29:17] Exact - CX: 100, U3: 165, Depth: 197
[2025-01-08 11:29:17] Successfully processed graph 82 - Category: win
[2025-01-08 11:29:17] 
Processing graph 83/200
[2025-01-08 11:29:17] Graph 83 has 16 nodes and 34 edges
[2025-01-08 11:29:17] Converted to 34 bitstring edges
[2025-01-08 11:29:17] Computing Matchings Dynamic walk
[2025-01-08 11:29:18] Matchings - CX: 61, U3: 65, Depth: 95
[2025-01-08 11:29:18] Computing Exact walk
[2025-01-08 11:29:19] Exact - CX: 100, U3: 165, Depth: 197
[2025-01-08 11:29:19] Successfully processed graph 83 - Category: win
[2025-01-08 11:29:19] 
Processing graph 84/200
[2025-01-08 11:29:19] Graph 84 has 16 nodes and 37 edges
[2025-01-08 11:29:19] Converted to 37 bitstring edges
[2025-01-08 11:29:19] Computing Matchings Dynamic walk
[2025-01-08 11:29:19] Matchings - CX: 76, U3: 72, Depth: 114
[2025-01-08 11:29:19] Computing Exact walk
[2025-01-08 11:29:20] Exact - CX: 100, U3: 165, Depth: 197
[2025-01-08 11:29:20] Successfully processed graph 84 - Category: win
[2025-01-08 11:29:20] 
Processing graph 85/200
[2025-01-08 11:29:20] Graph 85 has 16 nodes and 33 edges
[2025-01-08 11:29:20] Converted to 33 bitstring edges
[2025-01-08 11:29:20] Computing Matchings Dynamic walk
[2025-01-08 11:29:20] Matchings - CX: 81, U3: 71, Depth: 119
[2025-01-08 11:29:20] Computing Exact walk
[2025-01-08 11:29:21] Exact - CX: 100, U3: 165, Depth: 197
[2025-01-08 11:29:21] Successfully processed graph 85 - Category: win
[2025-01-08 11:29:21] 
Processing graph 86/200
[2025-01-08 11:29:21] Graph 86 has 16 nodes and 34 edges
[2025-01-08 11:29:21] Converted to 34 bitstring edges
[2025-01-08 11:29:21] Computing Matchings Dynamic walk
[2025-01-08 11:29:22] Matchings - CX: 45, U3: 44, Depth: 69
[2025-01-08 11:29:22] Computing Exact walk
[2025-01-08 11:29:22] Exact - CX: 99, U3: 161, Depth: 194
[2025-01-08 11:29:22] Successfully processed graph 86 - Category: win
[2025-01-08 11:29:22] 
Processing graph 87/200
[2025-01-08 11:29:22] Graph 87 has 16 nodes and 32 edges
[2025-01-08 11:29:22] Converted to 32 bitstring edges
[2025-01-08 11:29:22] Computing Matchings Dynamic walk
[2025-01-08 11:29:23] Matchings - CX: 42, U3: 44, Depth: 65
[2025-01-08 11:29:23] Computing Exact walk
[2025-01-08 11:29:24] Exact - CX: 100, U3: 162, Depth: 196
[2025-01-08 11:29:24] Successfully processed graph 87 - Category: win
[2025-01-08 11:29:24] 
Processing graph 88/200
[2025-01-08 11:29:24] Graph 88 has 16 nodes and 37 edges
[2025-01-08 11:29:24] Converted to 37 bitstring edges
[2025-01-08 11:29:24] Computing Matchings Dynamic walk
[2025-01-08 11:29:24] Matchings - CX: 83, U3: 81, Depth: 125
[2025-01-08 11:29:24] Computing Exact walk
[2025-01-08 11:29:25] Exact - CX: 100, U3: 165, Depth: 197
[2025-01-08 11:29:25] Successfully processed graph 88 - Category: win
[2025-01-08 11:29:25] 
Processing graph 89/200
[2025-01-08 11:29:25] Graph 89 has 16 nodes and 37 edges
[2025-01-08 11:29:25] Converted to 37 bitstring edges
[2025-01-08 11:29:25] Computing Matchings Dynamic walk
[2025-01-08 11:29:26] Matchings - CX: 49, U3: 51, Depth: 76
[2025-01-08 11:29:26] Computing Exact walk
[2025-01-08 11:29:26] Exact - CX: 100, U3: 165, Depth: 197
[2025-01-08 11:29:26] Successfully processed graph 89 - Category: win
[2025-01-08 11:29:26] 
Processing graph 90/200
[2025-01-08 11:29:26] Graph 90 has 16 nodes and 37 edges
[2025-01-08 11:29:26] Converted to 37 bitstring edges
[2025-01-08 11:29:26] Computing Matchings Dynamic walk
[2025-01-08 11:29:27] Matchings - CX: 51, U3: 49, Depth: 78
[2025-01-08 11:29:27] Computing Exact walk
[2025-01-08 11:29:28] Exact - CX: 98, U3: 162, Depth: 193
[2025-01-08 11:29:28] Successfully processed graph 90 - Category: win
[2025-01-08 11:29:28] 
Processing graph 91/200
[2025-01-08 11:29:28] Graph 91 has 16 nodes and 36 edges
[2025-01-08 11:29:28] Converted to 36 bitstring edges
[2025-01-08 11:29:28] Computing Matchings Dynamic walk
[2025-01-08 11:29:28] Matchings - CX: 47, U3: 48, Depth: 73
[2025-01-08 11:29:28] Computing Exact walk
[2025-01-08 11:29:29] Exact - CX: 100, U3: 165, Depth: 197
[2025-01-08 11:29:29] Successfully processed graph 91 - Category: win
[2025-01-08 11:29:29] 
Processing graph 92/200
[2025-01-08 11:29:29] Graph 92 has 16 nodes and 34 edges
[2025-01-08 11:29:29] Converted to 34 bitstring edges
[2025-01-08 11:29:29] Computing Matchings Dynamic walk
[2025-01-08 11:29:30] Matchings - CX: 75, U3: 63, Depth: 110
[2025-01-08 11:29:30] Computing Exact walk
[2025-01-08 11:29:30] Exact - CX: 100, U3: 165, Depth: 197
[2025-01-08 11:29:30] Successfully processed graph 92 - Category: win
[2025-01-08 11:29:30] 
Processing graph 93/200
[2025-01-08 11:29:30] Graph 93 has 16 nodes and 36 edges
[2025-01-08 11:29:30] Converted to 36 bitstring edges
[2025-01-08 11:29:30] Computing Matchings Dynamic walk
[2025-01-08 11:29:31] Matchings - CX: 80, U3: 79, Depth: 121
[2025-01-08 11:29:31] Computing Exact walk
[2025-01-08 11:29:32] Exact - CX: 100, U3: 165, Depth: 197
[2025-01-08 11:29:32] Successfully processed graph 93 - Category: win
[2025-01-08 11:29:32] 
Processing graph 94/200
[2025-01-08 11:29:32] Graph 94 has 16 nodes and 36 edges
[2025-01-08 11:29:32] Converted to 36 bitstring edges
[2025-01-08 11:29:32] Computing Matchings Dynamic walk
[2025-01-08 11:29:32] Matchings - CX: 61, U3: 57, Depth: 91
[2025-01-08 11:29:32] Computing Exact walk
[2025-01-08 11:29:33] Exact - CX: 97, U3: 158, Depth: 189
[2025-01-08 11:29:33] Successfully processed graph 94 - Category: win
[2025-01-08 11:29:33] 
Processing graph 95/200
[2025-01-08 11:29:33] Graph 95 has 16 nodes and 33 edges
[2025-01-08 11:29:33] Converted to 33 bitstring edges
[2025-01-08 11:29:33] Computing Matchings Dynamic walk
[2025-01-08 11:29:33] Matchings - CX: 63, U3: 57, Depth: 94
[2025-01-08 11:29:33] Computing Exact walk
[2025-01-08 11:29:34] Exact - CX: 98, U3: 163, Depth: 193
[2025-01-08 11:29:34] Successfully processed graph 95 - Category: win
[2025-01-08 11:29:34] 
Processing graph 96/200
[2025-01-08 11:29:34] Graph 96 has 16 nodes and 35 edges
[2025-01-08 11:29:34] Converted to 35 bitstring edges
[2025-01-08 11:29:34] Computing Matchings Dynamic walk
[2025-01-08 11:29:35] Matchings - CX: 45, U3: 44, Depth: 68
[2025-01-08 11:29:35] Computing Exact walk
[2025-01-08 11:29:36] Exact - CX: 100, U3: 165, Depth: 197
[2025-01-08 11:29:36] Successfully processed graph 96 - Category: win
[2025-01-08 11:29:36] 
Processing graph 97/200
[2025-01-08 11:29:36] Graph 97 has 16 nodes and 37 edges
[2025-01-08 11:29:36] Converted to 37 bitstring edges
[2025-01-08 11:29:36] Computing Matchings Dynamic walk
[2025-01-08 11:29:36] Matchings - CX: 64, U3: 58, Depth: 96
[2025-01-08 11:29:36] Computing Exact walk
[2025-01-08 11:29:37] Exact - CX: 100, U3: 165, Depth: 197
[2025-01-08 11:29:37] Successfully processed graph 97 - Category: win
[2025-01-08 11:29:37] 
Processing graph 98/200
[2025-01-08 11:29:37] Graph 98 has 16 nodes and 38 edges
[2025-01-08 11:29:37] Converted to 38 bitstring edges
[2025-01-08 11:29:37] Computing Matchings Dynamic walk
[2025-01-08 11:29:37] Matchings - CX: 116, U3: 99, Depth: 165
[2025-01-08 11:29:37] Computing Exact walk
[2025-01-08 11:29:38] Exact - CX: 100, U3: 165, Depth: 197
[2025-01-08 11:29:38] Successfully processed graph 98 - Category: lose
[2025-01-08 11:29:38] 
Processing graph 99/200
[2025-01-08 11:29:38] Graph 99 has 16 nodes and 36 edges
[2025-01-08 11:29:38] Converted to 36 bitstring edges
[2025-01-08 11:29:38] Computing Matchings Dynamic walk
[2025-01-08 11:29:39] Matchings - CX: 80, U3: 74, Depth: 119
[2025-01-08 11:29:39] Computing Exact walk
[2025-01-08 11:29:40] Exact - CX: 100, U3: 160, Depth: 194
[2025-01-08 11:29:40] Successfully processed graph 99 - Category: win
[2025-01-08 11:29:40] 
Processing graph 100/200
[2025-01-08 11:29:40] Graph 100 has 16 nodes and 37 edges
[2025-01-08 11:29:40] Converted to 37 bitstring edges
[2025-01-08 11:29:40] Computing Matchings Dynamic walk
[2025-01-08 11:29:40] Matchings - CX: 62, U3: 61, Depth: 95
[2025-01-08 11:29:40] Computing Exact walk
[2025-01-08 11:29:41] Exact - CX: 100, U3: 165, Depth: 197
[2025-01-08 11:29:41] Successfully processed graph 100 - Category: win
[2025-01-08 11:29:41] 
Processing graph 101/200
[2025-01-08 11:29:41] Graph 101 has 16 nodes and 35 edges
[2025-01-08 11:29:41] Converted to 35 bitstring edges
[2025-01-08 11:29:41] Computing Matchings Dynamic walk
[2025-01-08 11:29:42] Matchings - CX: 85, U3: 74, Depth: 125
[2025-01-08 11:29:42] Computing Exact walk
[2025-01-08 11:29:42] Exact - CX: 100, U3: 163, Depth: 195
[2025-01-08 11:29:42] Successfully processed graph 101 - Category: win
[2025-01-08 11:29:42] 
Processing graph 102/200
[2025-01-08 11:29:42] Graph 102 has 16 nodes and 31 edges
[2025-01-08 11:29:42] Converted to 31 bitstring edges
[2025-01-08 11:29:42] Computing Matchings Dynamic walk
[2025-01-08 11:29:43] Matchings - CX: 90, U3: 70, Depth: 129
[2025-01-08 11:29:43] Computing Exact walk
[2025-01-08 11:29:44] Exact - CX: 100, U3: 165, Depth: 197
[2025-01-08 11:29:44] Successfully processed graph 102 - Category: win
[2025-01-08 11:29:44] 
Processing graph 103/200
[2025-01-08 11:29:44] Graph 103 has 16 nodes and 37 edges
[2025-01-08 11:29:44] Converted to 37 bitstring edges
[2025-01-08 11:29:44] Computing Matchings Dynamic walk
[2025-01-08 11:29:44] Matchings - CX: 63, U3: 66, Depth: 98
[2025-01-08 11:29:44] Computing Exact walk
[2025-01-08 11:29:45] Exact - CX: 100, U3: 161, Depth: 195
[2025-01-08 11:29:45] Successfully processed graph 103 - Category: win
[2025-01-08 11:29:45] 
Processing graph 104/200
[2025-01-08 11:29:45] Graph 104 has 16 nodes and 34 edges
[2025-01-08 11:29:45] Converted to 34 bitstring edges
[2025-01-08 11:29:45] Computing Matchings Dynamic walk
[2025-01-08 11:29:45] Matchings - CX: 75, U3: 72, Depth: 113
[2025-01-08 11:29:45] Computing Exact walk
[2025-01-08 11:29:46] Exact - CX: 100, U3: 165, Depth: 197
[2025-01-08 11:29:46] Successfully processed graph 104 - Category: win
[2025-01-08 11:29:46] 
Processing graph 105/200
[2025-01-08 11:29:46] Graph 105 has 16 nodes and 35 edges
[2025-01-08 11:29:46] Converted to 35 bitstring edges
[2025-01-08 11:29:46] Computing Matchings Dynamic walk
[2025-01-08 11:29:47] Matchings - CX: 59, U3: 55, Depth: 92
[2025-01-08 11:29:47] Computing Exact walk
[2025-01-08 11:29:48] Exact - CX: 100, U3: 165, Depth: 197
[2025-01-08 11:29:48] Successfully processed graph 105 - Category: win
[2025-01-08 11:29:48] 
Processing graph 106/200
[2025-01-08 11:29:48] Graph 106 has 16 nodes and 36 edges
[2025-01-08 11:29:48] Converted to 36 bitstring edges
[2025-01-08 11:29:48] Computing Matchings Dynamic walk
[2025-01-08 11:29:48] Matchings - CX: 47, U3: 49, Depth: 74
[2025-01-08 11:29:48] Computing Exact walk
[2025-01-08 11:29:49] Exact - CX: 100, U3: 165, Depth: 197
[2025-01-08 11:29:49] Successfully processed graph 106 - Category: win
[2025-01-08 11:29:49] 
Processing graph 107/200
[2025-01-08 11:29:49] Graph 107 has 16 nodes and 33 edges
[2025-01-08 11:29:49] Converted to 33 bitstring edges
[2025-01-08 11:29:49] Computing Matchings Dynamic walk
[2025-01-08 11:29:49] Matchings - CX: 57, U3: 53, Depth: 85
[2025-01-08 11:29:49] Computing Exact walk
[2025-01-08 11:29:50] Exact - CX: 100, U3: 165, Depth: 197
[2025-01-08 11:29:50] Successfully processed graph 107 - Category: win
[2025-01-08 11:29:50] 
Processing graph 108/200
[2025-01-08 11:29:50] Graph 108 has 16 nodes and 37 edges
[2025-01-08 11:29:50] Converted to 37 bitstring edges
[2025-01-08 11:29:50] Computing Matchings Dynamic walk
[2025-01-08 11:29:51] Matchings - CX: 59, U3: 53, Depth: 87
[2025-01-08 11:29:51] Computing Exact walk
[2025-01-08 11:29:52] Exact - CX: 100, U3: 165, Depth: 197
[2025-01-08 11:29:52] Successfully processed graph 108 - Category: win
[2025-01-08 11:29:52] 
Processing graph 109/200
[2025-01-08 11:29:52] Graph 109 has 16 nodes and 38 edges
[2025-01-08 11:29:52] Converted to 38 bitstring edges
[2025-01-08 11:29:52] Computing Matchings Dynamic walk
[2025-01-08 11:29:52] Matchings - CX: 78, U3: 77, Depth: 119
[2025-01-08 11:29:52] Computing Exact walk
[2025-01-08 11:29:53] Exact - CX: 100, U3: 165, Depth: 197
[2025-01-08 11:29:53] Successfully processed graph 109 - Category: win
[2025-01-08 11:29:53] 
Processing graph 110/200
[2025-01-08 11:29:53] Graph 110 has 16 nodes and 36 edges
[2025-01-08 11:29:53] Converted to 36 bitstring edges
[2025-01-08 11:29:53] Computing Matchings Dynamic walk
[2025-01-08 11:29:53] Matchings - CX: 55, U3: 51, Depth: 84
[2025-01-08 11:29:53] Computing Exact walk
[2025-01-08 11:29:54] Exact - CX: 100, U3: 165, Depth: 197
[2025-01-08 11:29:54] Successfully processed graph 110 - Category: win
[2025-01-08 11:29:54] 
Processing graph 111/200
[2025-01-08 11:29:54] Graph 111 has 16 nodes and 34 edges
[2025-01-08 11:29:54] Converted to 34 bitstring edges
[2025-01-08 11:29:54] Computing Matchings Dynamic walk
[2025-01-08 11:29:55] Matchings - CX: 68, U3: 63, Depth: 102
[2025-01-08 11:29:55] Computing Exact walk
[2025-01-08 11:29:55] Exact - CX: 100, U3: 165, Depth: 197
[2025-01-08 11:29:55] Successfully processed graph 111 - Category: win
[2025-01-08 11:29:55] 
Processing graph 112/200
[2025-01-08 11:29:55] Graph 112 has 16 nodes and 35 edges
[2025-01-08 11:29:55] Converted to 35 bitstring edges
[2025-01-08 11:29:55] Computing Matchings Dynamic walk
[2025-01-08 11:29:56] Matchings - CX: 49, U3: 51, Depth: 74
[2025-01-08 11:29:56] Computing Exact walk
[2025-01-08 11:29:57] Exact - CX: 100, U3: 165, Depth: 197
[2025-01-08 11:29:57] Successfully processed graph 112 - Category: win
[2025-01-08 11:29:57] 
Processing graph 113/200
[2025-01-08 11:29:57] Graph 113 has 16 nodes and 36 edges
[2025-01-08 11:29:57] Converted to 36 bitstring edges
[2025-01-08 11:29:57] Computing Matchings Dynamic walk
[2025-01-08 11:29:57] Matchings - CX: 61, U3: 59, Depth: 92
[2025-01-08 11:29:57] Computing Exact walk
[2025-01-08 11:29:58] Exact - CX: 100, U3: 163, Depth: 196
[2025-01-08 11:29:58] Successfully processed graph 113 - Category: win
[2025-01-08 11:29:58] 
Processing graph 114/200
[2025-01-08 11:29:58] Graph 114 has 16 nodes and 35 edges
[2025-01-08 11:29:58] Converted to 35 bitstring edges
[2025-01-08 11:29:58] Computing Matchings Dynamic walk
[2025-01-08 11:29:59] Matchings - CX: 81, U3: 75, Depth: 117
[2025-01-08 11:29:59] Computing Exact walk
[2025-01-08 11:29:59] Exact - CX: 100, U3: 165, Depth: 197
[2025-01-08 11:29:59] Successfully processed graph 114 - Category: win
[2025-01-08 11:29:59] 
Processing graph 115/200
[2025-01-08 11:29:59] Graph 115 has 16 nodes and 38 edges
[2025-01-08 11:29:59] Converted to 38 bitstring edges
[2025-01-08 11:29:59] Computing Matchings Dynamic walk
[2025-01-08 11:30:00] Matchings - CX: 67, U3: 61, Depth: 101
[2025-01-08 11:30:00] Computing Exact walk
[2025-01-08 11:30:01] Exact - CX: 100, U3: 165, Depth: 197
[2025-01-08 11:30:01] Successfully processed graph 115 - Category: win
[2025-01-08 11:30:01] 
Processing graph 116/200
[2025-01-08 11:30:01] Graph 116 has 16 nodes and 34 edges
[2025-01-08 11:30:01] Converted to 34 bitstring edges
[2025-01-08 11:30:01] Computing Matchings Dynamic walk
[2025-01-08 11:30:01] Matchings - CX: 52, U3: 56, Depth: 80
[2025-01-08 11:30:01] Computing Exact walk
[2025-01-08 11:30:02] Exact - CX: 100, U3: 165, Depth: 197
[2025-01-08 11:30:02] Successfully processed graph 116 - Category: win
[2025-01-08 11:30:02] 
Processing graph 117/200
[2025-01-08 11:30:02] Graph 117 has 16 nodes and 35 edges
[2025-01-08 11:30:02] Converted to 35 bitstring edges
[2025-01-08 11:30:02] Computing Matchings Dynamic walk
[2025-01-08 11:30:02] Matchings - CX: 72, U3: 59, Depth: 105
[2025-01-08 11:30:02] Computing Exact walk
[2025-01-08 11:30:03] Exact - CX: 100, U3: 165, Depth: 197
[2025-01-08 11:30:03] Successfully processed graph 117 - Category: win
[2025-01-08 11:30:03] 
Processing graph 118/200
[2025-01-08 11:30:03] Graph 118 has 16 nodes and 35 edges
[2025-01-08 11:30:03] Converted to 35 bitstring edges
[2025-01-08 11:30:03] Computing Matchings Dynamic walk
[2025-01-08 11:30:04] Matchings - CX: 78, U3: 64, Depth: 112
[2025-01-08 11:30:04] Computing Exact walk
[2025-01-08 11:30:05] Exact - CX: 100, U3: 162, Depth: 196
[2025-01-08 11:30:05] Successfully processed graph 118 - Category: win
[2025-01-08 11:30:05] 
Processing graph 119/200
[2025-01-08 11:30:05] Graph 119 has 16 nodes and 36 edges
[2025-01-08 11:30:05] Converted to 36 bitstring edges
[2025-01-08 11:30:05] Computing Matchings Dynamic walk
[2025-01-08 11:30:05] Matchings - CX: 46, U3: 51, Depth: 74
[2025-01-08 11:30:05] Computing Exact walk
[2025-01-08 11:30:06] Exact - CX: 100, U3: 165, Depth: 197
[2025-01-08 11:30:06] Successfully processed graph 119 - Category: win
[2025-01-08 11:30:06] 
Processing graph 120/200
[2025-01-08 11:30:06] Graph 120 has 16 nodes and 35 edges
[2025-01-08 11:30:06] Converted to 35 bitstring edges
[2025-01-08 11:30:06] Computing Matchings Dynamic walk
[2025-01-08 11:30:06] Matchings - CX: 88, U3: 79, Depth: 132
[2025-01-08 11:30:06] Computing Exact walk
[2025-01-08 11:30:07] Exact - CX: 98, U3: 159, Depth: 191
[2025-01-08 11:30:07] Successfully processed graph 120 - Category: win
[2025-01-08 11:30:07] 
Processing graph 121/200
[2025-01-08 11:30:07] Graph 121 has 16 nodes and 33 edges
[2025-01-08 11:30:07] Converted to 33 bitstring edges
[2025-01-08 11:30:07] Computing Matchings Dynamic walk
[2025-01-08 11:30:08] Matchings - CX: 53, U3: 48, Depth: 80
[2025-01-08 11:30:08] Computing Exact walk
[2025-01-08 11:30:08] Exact - CX: 100, U3: 165, Depth: 197
[2025-01-08 11:30:08] Successfully processed graph 121 - Category: win
[2025-01-08 11:30:08] 
Processing graph 122/200
[2025-01-08 11:30:08] Graph 122 has 16 nodes and 35 edges
[2025-01-08 11:30:08] Converted to 35 bitstring edges
[2025-01-08 11:30:08] Computing Matchings Dynamic walk
[2025-01-08 11:30:09] Matchings - CX: 44, U3: 51, Depth: 70
[2025-01-08 11:30:09] Computing Exact walk
[2025-01-08 11:30:10] Exact - CX: 98, U3: 160, Depth: 191
[2025-01-08 11:30:10] Successfully processed graph 122 - Category: win
[2025-01-08 11:30:10] 
Processing graph 123/200
[2025-01-08 11:30:10] Graph 123 has 16 nodes and 37 edges
[2025-01-08 11:30:10] Converted to 37 bitstring edges
[2025-01-08 11:30:10] Computing Matchings Dynamic walk
[2025-01-08 11:30:10] Matchings - CX: 79, U3: 72, Depth: 118
[2025-01-08 11:30:10] Computing Exact walk
[2025-01-08 11:30:11] Exact - CX: 100, U3: 165, Depth: 197
[2025-01-08 11:30:11] Successfully processed graph 123 - Category: win
[2025-01-08 11:30:11] 
Processing graph 124/200
[2025-01-08 11:30:11] Graph 124 has 16 nodes and 36 edges
[2025-01-08 11:30:11] Converted to 36 bitstring edges
[2025-01-08 11:30:11] Computing Matchings Dynamic walk
[2025-01-08 11:30:12] Matchings - CX: 67, U3: 64, Depth: 101
[2025-01-08 11:30:12] Computing Exact walk
[2025-01-08 11:30:12] Exact - CX: 100, U3: 165, Depth: 197
[2025-01-08 11:30:12] Successfully processed graph 124 - Category: win
[2025-01-08 11:30:12] 
Processing graph 125/200
[2025-01-08 11:30:12] Graph 125 has 16 nodes and 34 edges
[2025-01-08 11:30:12] Converted to 34 bitstring edges
[2025-01-08 11:30:12] Computing Matchings Dynamic walk
[2025-01-08 11:30:13] Matchings - CX: 58, U3: 62, Depth: 91
[2025-01-08 11:30:13] Computing Exact walk
[2025-01-08 11:30:14] Exact - CX: 100, U3: 165, Depth: 197
[2025-01-08 11:30:14] Successfully processed graph 125 - Category: win
[2025-01-08 11:30:14] 
Processing graph 126/200
[2025-01-08 11:30:14] Graph 126 has 16 nodes and 35 edges
[2025-01-08 11:30:14] Converted to 35 bitstring edges
[2025-01-08 11:30:14] Computing Matchings Dynamic walk
[2025-01-08 11:30:14] Matchings - CX: 67, U3: 58, Depth: 98
[2025-01-08 11:30:14] Computing Exact walk
[2025-01-08 11:30:15] Exact - CX: 100, U3: 165, Depth: 197
[2025-01-08 11:30:15] Successfully processed graph 126 - Category: win
[2025-01-08 11:30:15] 
Processing graph 127/200
[2025-01-08 11:30:15] Graph 127 has 16 nodes and 35 edges
[2025-01-08 11:30:15] Converted to 35 bitstring edges
[2025-01-08 11:30:15] Computing Matchings Dynamic walk
[2025-01-08 11:30:16] Matchings - CX: 43, U3: 53, Depth: 70
[2025-01-08 11:30:16] Computing Exact walk
[2025-01-08 11:30:16] Exact - CX: 100, U3: 165, Depth: 197
[2025-01-08 11:30:16] Successfully processed graph 127 - Category: win
[2025-01-08 11:30:16] 
Processing graph 128/200
[2025-01-08 11:30:16] Graph 128 has 16 nodes and 34 edges
[2025-01-08 11:30:16] Converted to 34 bitstring edges
[2025-01-08 11:30:16] Computing Matchings Dynamic walk
[2025-01-08 11:30:17] Matchings - CX: 104, U3: 82, Depth: 145
[2025-01-08 11:30:17] Computing Exact walk
[2025-01-08 11:30:18] Exact - CX: 100, U3: 165, Depth: 197
[2025-01-08 11:30:18] Successfully processed graph 128 - Category: lose
[2025-01-08 11:30:18] 
Processing graph 129/200
[2025-01-08 11:30:18] Graph 129 has 16 nodes and 36 edges
[2025-01-08 11:30:18] Converted to 36 bitstring edges
[2025-01-08 11:30:18] Computing Matchings Dynamic walk
[2025-01-08 11:30:18] Matchings - CX: 59, U3: 58, Depth: 93
[2025-01-08 11:30:18] Computing Exact walk
[2025-01-08 11:30:19] Exact - CX: 100, U3: 163, Depth: 196
[2025-01-08 11:30:19] Successfully processed graph 129 - Category: win
[2025-01-08 11:30:19] 
Processing graph 130/200
[2025-01-08 11:30:19] Graph 130 has 16 nodes and 39 edges
[2025-01-08 11:30:19] Converted to 39 bitstring edges
[2025-01-08 11:30:19] Computing Matchings Dynamic walk
[2025-01-08 11:30:19] Matchings - CX: 81, U3: 68, Depth: 118
[2025-01-08 11:30:19] Computing Exact walk
[2025-01-08 11:30:20] Exact - CX: 100, U3: 163, Depth: 196
[2025-01-08 11:30:20] Successfully processed graph 130 - Category: win
[2025-01-08 11:30:20] 
Processing graph 131/200
[2025-01-08 11:30:20] Graph 131 has 16 nodes and 33 edges
[2025-01-08 11:30:20] Converted to 33 bitstring edges
[2025-01-08 11:30:20] Computing Matchings Dynamic walk
[2025-01-08 11:30:21] Matchings - CX: 50, U3: 44, Depth: 75
[2025-01-08 11:30:21] Computing Exact walk
[2025-01-08 11:30:22] Exact - CX: 97, U3: 156, Depth: 188
[2025-01-08 11:30:22] Successfully processed graph 131 - Category: win
[2025-01-08 11:30:22] 
Processing graph 132/200
[2025-01-08 11:30:22] Graph 132 has 16 nodes and 37 edges
[2025-01-08 11:30:22] Converted to 37 bitstring edges
[2025-01-08 11:30:22] Computing Matchings Dynamic walk
[2025-01-08 11:30:22] Matchings - CX: 51, U3: 43, Depth: 77
[2025-01-08 11:30:22] Computing Exact walk
[2025-01-08 11:30:23] Exact - CX: 98, U3: 161, Depth: 192
[2025-01-08 11:30:23] Successfully processed graph 132 - Category: win
[2025-01-08 11:30:23] 
Processing graph 133/200
[2025-01-08 11:30:23] Graph 133 has 16 nodes and 34 edges
[2025-01-08 11:30:23] Converted to 34 bitstring edges
[2025-01-08 11:30:23] Computing Matchings Dynamic walk
[2025-01-08 11:30:23] Matchings - CX: 53, U3: 49, Depth: 81
[2025-01-08 11:30:23] Computing Exact walk
[2025-01-08 11:30:24] Exact - CX: 100, U3: 165, Depth: 197
[2025-01-08 11:30:24] Successfully processed graph 133 - Category: win
[2025-01-08 11:30:24] 
Processing graph 134/200
[2025-01-08 11:30:24] Graph 134 has 16 nodes and 35 edges
[2025-01-08 11:30:24] Converted to 35 bitstring edges
[2025-01-08 11:30:24] Computing Matchings Dynamic walk
[2025-01-08 11:30:25] Matchings - CX: 75, U3: 70, Depth: 114
[2025-01-08 11:30:25] Computing Exact walk
[2025-01-08 11:30:26] Exact - CX: 100, U3: 165, Depth: 197
[2025-01-08 11:30:26] Successfully processed graph 134 - Category: win
[2025-01-08 11:30:26] 
Processing graph 135/200
[2025-01-08 11:30:26] Graph 135 has 16 nodes and 38 edges
[2025-01-08 11:30:26] Converted to 38 bitstring edges
[2025-01-08 11:30:26] Computing Matchings Dynamic walk
[2025-01-08 11:30:26] Matchings - CX: 83, U3: 74, Depth: 122
[2025-01-08 11:30:26] Computing Exact walk
[2025-01-08 11:30:27] Exact - CX: 100, U3: 163, Depth: 196
[2025-01-08 11:30:27] Successfully processed graph 135 - Category: win
[2025-01-08 11:30:27] 
Processing graph 136/200
[2025-01-08 11:30:27] Graph 136 has 16 nodes and 35 edges
[2025-01-08 11:30:27] Converted to 35 bitstring edges
[2025-01-08 11:30:27] Computing Matchings Dynamic walk
[2025-01-08 11:30:28] Matchings - CX: 72, U3: 64, Depth: 107
[2025-01-08 11:30:28] Computing Exact walk
[2025-01-08 11:30:28] Exact - CX: 100, U3: 165, Depth: 197
[2025-01-08 11:30:28] Successfully processed graph 136 - Category: win
[2025-01-08 11:30:28] 
Processing graph 137/200
[2025-01-08 11:30:28] Graph 137 has 16 nodes and 33 edges
[2025-01-08 11:30:28] Converted to 33 bitstring edges
[2025-01-08 11:30:28] Computing Matchings Dynamic walk
[2025-01-08 11:30:29] Matchings - CX: 72, U3: 64, Depth: 108
[2025-01-08 11:30:29] Computing Exact walk
[2025-01-08 11:30:30] Exact - CX: 98, U3: 159, Depth: 191
[2025-01-08 11:30:30] Successfully processed graph 137 - Category: win
[2025-01-08 11:30:30] 
Processing graph 138/200
[2025-01-08 11:30:30] Graph 138 has 16 nodes and 35 edges
[2025-01-08 11:30:30] Converted to 35 bitstring edges
[2025-01-08 11:30:30] Computing Matchings Dynamic walk
[2025-01-08 11:30:30] Matchings - CX: 58, U3: 56, Depth: 91
[2025-01-08 11:30:30] Computing Exact walk
[2025-01-08 11:30:31] Exact - CX: 100, U3: 165, Depth: 197
[2025-01-08 11:30:31] Successfully processed graph 138 - Category: win
[2025-01-08 11:30:31] 
Processing graph 139/200
[2025-01-08 11:30:31] Graph 139 has 16 nodes and 39 edges
[2025-01-08 11:30:31] Converted to 39 bitstring edges
[2025-01-08 11:30:31] Computing Matchings Dynamic walk
[2025-01-08 11:30:32] Matchings - CX: 69, U3: 71, Depth: 105
[2025-01-08 11:30:32] Computing Exact walk
[2025-01-08 11:30:32] Exact - CX: 100, U3: 162, Depth: 195
[2025-01-08 11:30:32] Successfully processed graph 139 - Category: win
[2025-01-08 11:30:32] 
Processing graph 140/200
[2025-01-08 11:30:32] Graph 140 has 16 nodes and 33 edges
[2025-01-08 11:30:32] Converted to 33 bitstring edges
[2025-01-08 11:30:32] Computing Matchings Dynamic walk
[2025-01-08 11:30:33] Matchings - CX: 56, U3: 54, Depth: 85
[2025-01-08 11:30:33] Computing Exact walk
[2025-01-08 11:30:34] Exact - CX: 100, U3: 165, Depth: 197
[2025-01-08 11:30:34] Successfully processed graph 140 - Category: win
[2025-01-08 11:30:34] 
Processing graph 141/200
[2025-01-08 11:30:34] Graph 141 has 16 nodes and 35 edges
[2025-01-08 11:30:34] Converted to 35 bitstring edges
[2025-01-08 11:30:34] Computing Matchings Dynamic walk
[2025-01-08 11:30:34] Matchings - CX: 61, U3: 63, Depth: 93
[2025-01-08 11:30:34] Computing Exact walk
[2025-01-08 11:30:35] Exact - CX: 100, U3: 165, Depth: 197
[2025-01-08 11:30:35] Successfully processed graph 141 - Category: win
[2025-01-08 11:30:35] 
Processing graph 142/200
[2025-01-08 11:30:35] Graph 142 has 16 nodes and 35 edges
[2025-01-08 11:30:35] Converted to 35 bitstring edges
[2025-01-08 11:30:35] Computing Matchings Dynamic walk
[2025-01-08 11:30:35] Matchings - CX: 60, U3: 51, Depth: 89
[2025-01-08 11:30:35] Computing Exact walk
[2025-01-08 11:30:36] Exact - CX: 100, U3: 165, Depth: 197
[2025-01-08 11:30:36] Successfully processed graph 142 - Category: win
[2025-01-08 11:30:36] 
Processing graph 143/200
[2025-01-08 11:30:36] Graph 143 has 16 nodes and 33 edges
[2025-01-08 11:30:36] Converted to 33 bitstring edges
[2025-01-08 11:30:36] Computing Matchings Dynamic walk
[2025-01-08 11:30:37] Matchings - CX: 78, U3: 71, Depth: 114
[2025-01-08 11:30:37] Computing Exact walk
[2025-01-08 11:30:38] Exact - CX: 98, U3: 161, Depth: 192
[2025-01-08 11:30:38] Successfully processed graph 143 - Category: win
[2025-01-08 11:30:38] 
Processing graph 144/200
[2025-01-08 11:30:38] Graph 144 has 16 nodes and 36 edges
[2025-01-08 11:30:38] Converted to 36 bitstring edges
[2025-01-08 11:30:38] Computing Matchings Dynamic walk
[2025-01-08 11:30:38] Matchings - CX: 80, U3: 67, Depth: 113
[2025-01-08 11:30:38] Computing Exact walk
[2025-01-08 11:30:39] Exact - CX: 100, U3: 161, Depth: 195
[2025-01-08 11:30:39] Successfully processed graph 144 - Category: win
[2025-01-08 11:30:39] 
Processing graph 145/200
[2025-01-08 11:30:39] Graph 145 has 16 nodes and 34 edges
[2025-01-08 11:30:39] Converted to 34 bitstring edges
[2025-01-08 11:30:39] Computing Matchings Dynamic walk
[2025-01-08 11:30:40] Matchings - CX: 79, U3: 67, Depth: 115
[2025-01-08 11:30:40] Computing Exact walk
[2025-01-08 11:30:41] Exact - CX: 100, U3: 165, Depth: 197
[2025-01-08 11:30:41] Successfully processed graph 145 - Category: win
[2025-01-08 11:30:41] 
Processing graph 146/200
[2025-01-08 11:30:41] Graph 146 has 16 nodes and 35 edges
[2025-01-08 11:30:41] Converted to 35 bitstring edges
[2025-01-08 11:30:41] Computing Matchings Dynamic walk
[2025-01-08 11:30:41] Matchings - CX: 75, U3: 71, Depth: 112
[2025-01-08 11:30:41] Computing Exact walk
[2025-01-08 11:30:42] Exact - CX: 100, U3: 165, Depth: 197
[2025-01-08 11:30:42] Successfully processed graph 146 - Category: win
[2025-01-08 11:30:42] 
Processing graph 147/200
[2025-01-08 11:30:42] Graph 147 has 16 nodes and 33 edges
[2025-01-08 11:30:42] Converted to 33 bitstring edges
[2025-01-08 11:30:42] Computing Matchings Dynamic walk
[2025-01-08 11:30:42] Matchings - CX: 68, U3: 64, Depth: 97
[2025-01-08 11:30:42] Computing Exact walk
[2025-01-08 11:30:43] Exact - CX: 98, U3: 159, Depth: 192
[2025-01-08 11:30:43] Successfully processed graph 147 - Category: win
[2025-01-08 11:30:43] 
Processing graph 148/200
[2025-01-08 11:30:43] Graph 148 has 16 nodes and 35 edges
[2025-01-08 11:30:43] Converted to 35 bitstring edges
[2025-01-08 11:30:43] Computing Matchings Dynamic walk
[2025-01-08 11:30:44] Matchings - CX: 58, U3: 57, Depth: 90
[2025-01-08 11:30:44] Computing Exact walk
[2025-01-08 11:30:45] Exact - CX: 100, U3: 165, Depth: 197
[2025-01-08 11:30:45] Successfully processed graph 148 - Category: win
[2025-01-08 11:30:45] 
Processing graph 149/200
[2025-01-08 11:30:45] Graph 149 has 16 nodes and 33 edges
[2025-01-08 11:30:45] Converted to 33 bitstring edges
[2025-01-08 11:30:45] Computing Matchings Dynamic walk
[2025-01-08 11:30:45] Matchings - CX: 39, U3: 52, Depth: 65
[2025-01-08 11:30:45] Computing Exact walk
[2025-01-08 11:30:46] Exact - CX: 100, U3: 165, Depth: 197
[2025-01-08 11:30:46] Successfully processed graph 149 - Category: win
[2025-01-08 11:30:46] 
Processing graph 150/200
[2025-01-08 11:30:46] Graph 150 has 16 nodes and 34 edges
[2025-01-08 11:30:46] Converted to 34 bitstring edges
[2025-01-08 11:30:46] Computing Matchings Dynamic walk
[2025-01-08 11:30:46] Matchings - CX: 41, U3: 42, Depth: 64
[2025-01-08 11:30:46] Computing Exact walk
[2025-01-08 11:30:47] Exact - CX: 100, U3: 162, Depth: 195
[2025-01-08 11:30:47] Successfully processed graph 150 - Category: win
[2025-01-08 11:30:47] 
Processing graph 151/200
[2025-01-08 11:30:47] Graph 151 has 16 nodes and 38 edges
[2025-01-08 11:30:47] Converted to 38 bitstring edges
[2025-01-08 11:30:47] Computing Matchings Dynamic walk
[2025-01-08 11:30:48] Matchings - CX: 29, U3: 33, Depth: 46
[2025-01-08 11:30:48] Computing Exact walk
[2025-01-08 11:30:48] Exact - CX: 100, U3: 165, Depth: 197
[2025-01-08 11:30:48] Successfully processed graph 151 - Category: win
[2025-01-08 11:30:48] 
Processing graph 152/200
[2025-01-08 11:30:48] Graph 152 has 16 nodes and 33 edges
[2025-01-08 11:30:48] Converted to 33 bitstring edges
[2025-01-08 11:30:48] Computing Matchings Dynamic walk
[2025-01-08 11:30:49] Matchings - CX: 75, U3: 65, Depth: 110
[2025-01-08 11:30:49] Computing Exact walk
[2025-01-08 11:30:50] Exact - CX: 100, U3: 165, Depth: 197
[2025-01-08 11:30:50] Successfully processed graph 152 - Category: win
[2025-01-08 11:30:50] 
Processing graph 153/200
[2025-01-08 11:30:50] Graph 153 has 16 nodes and 34 edges
[2025-01-08 11:30:50] Converted to 34 bitstring edges
[2025-01-08 11:30:50] Computing Matchings Dynamic walk
[2025-01-08 11:30:50] Matchings - CX: 66, U3: 63, Depth: 101
[2025-01-08 11:30:50] Computing Exact walk
[2025-01-08 11:30:51] Exact - CX: 100, U3: 165, Depth: 197
[2025-01-08 11:30:51] Successfully processed graph 153 - Category: win
[2025-01-08 11:30:51] 
Processing graph 154/200
[2025-01-08 11:30:51] Graph 154 has 16 nodes and 36 edges
[2025-01-08 11:30:51] Converted to 36 bitstring edges
[2025-01-08 11:30:51] Computing Matchings Dynamic walk
[2025-01-08 11:30:52] Matchings - CX: 62, U3: 48, Depth: 88
[2025-01-08 11:30:52] Computing Exact walk
[2025-01-08 11:30:52] Exact - CX: 100, U3: 163, Depth: 196
[2025-01-08 11:30:52] Successfully processed graph 154 - Category: win
[2025-01-08 11:30:52] 
Processing graph 155/200
[2025-01-08 11:30:52] Graph 155 has 16 nodes and 34 edges
[2025-01-08 11:30:52] Converted to 34 bitstring edges
[2025-01-08 11:30:52] Computing Matchings Dynamic walk
[2025-01-08 11:30:53] Matchings - CX: 54, U3: 44, Depth: 79
[2025-01-08 11:30:53] Computing Exact walk
[2025-01-08 11:30:54] Exact - CX: 100, U3: 165, Depth: 197
[2025-01-08 11:30:54] Successfully processed graph 155 - Category: win
[2025-01-08 11:30:54] 
Processing graph 156/200
[2025-01-08 11:30:54] Graph 156 has 16 nodes and 35 edges
[2025-01-08 11:30:54] Converted to 35 bitstring edges
[2025-01-08 11:30:54] Computing Matchings Dynamic walk
[2025-01-08 11:30:54] Matchings - CX: 59, U3: 49, Depth: 87
[2025-01-08 11:30:54] Computing Exact walk
[2025-01-08 11:30:55] Exact - CX: 98, U3: 161, Depth: 192
[2025-01-08 11:30:55] Successfully processed graph 156 - Category: win
[2025-01-08 11:30:55] 
Processing graph 157/200
[2025-01-08 11:30:55] Graph 157 has 16 nodes and 38 edges
[2025-01-08 11:30:55] Converted to 38 bitstring edges
[2025-01-08 11:30:55] Computing Matchings Dynamic walk
[2025-01-08 11:30:55] Matchings - CX: 54, U3: 55, Depth: 80
[2025-01-08 11:30:55] Computing Exact walk
[2025-01-08 11:30:56] Exact - CX: 99, U3: 158, Depth: 192
[2025-01-08 11:30:56] Successfully processed graph 157 - Category: win
[2025-01-08 11:30:56] 
Processing graph 158/200
[2025-01-08 11:30:56] Graph 158 has 16 nodes and 36 edges
[2025-01-08 11:30:56] Converted to 36 bitstring edges
[2025-01-08 11:30:56] Computing Matchings Dynamic walk
[2025-01-08 11:30:57] Matchings - CX: 55, U3: 55, Depth: 84
[2025-01-08 11:30:57] Computing Exact walk
[2025-01-08 11:30:57] Exact - CX: 100, U3: 165, Depth: 197
[2025-01-08 11:30:57] Successfully processed graph 158 - Category: win
[2025-01-08 11:30:57] 
Processing graph 159/200
[2025-01-08 11:30:57] Graph 159 has 16 nodes and 35 edges
[2025-01-08 11:30:57] Converted to 35 bitstring edges
[2025-01-08 11:30:57] Computing Matchings Dynamic walk
[2025-01-08 11:30:58] Matchings - CX: 53, U3: 49, Depth: 78
[2025-01-08 11:30:58] Computing Exact walk
[2025-01-08 11:30:59] Exact - CX: 100, U3: 165, Depth: 197
[2025-01-08 11:30:59] Successfully processed graph 159 - Category: win
[2025-01-08 11:30:59] 
Processing graph 160/200
[2025-01-08 11:30:59] Graph 160 has 16 nodes and 33 edges
[2025-01-08 11:30:59] Converted to 33 bitstring edges
[2025-01-08 11:30:59] Computing Matchings Dynamic walk
[2025-01-08 11:30:59] Matchings - CX: 74, U3: 69, Depth: 111
[2025-01-08 11:30:59] Computing Exact walk
[2025-01-08 11:31:00] Exact - CX: 100, U3: 165, Depth: 197
[2025-01-08 11:31:00] Successfully processed graph 160 - Category: win
[2025-01-08 11:31:00] 
Processing graph 161/200
[2025-01-08 11:31:00] Graph 161 has 16 nodes and 37 edges
[2025-01-08 11:31:00] Converted to 37 bitstring edges
[2025-01-08 11:31:00] Computing Matchings Dynamic walk
[2025-01-08 11:31:01] Matchings - CX: 45, U3: 45, Depth: 70
[2025-01-08 11:31:01] Computing Exact walk
[2025-01-08 11:31:01] Exact - CX: 98, U3: 161, Depth: 192
[2025-01-08 11:31:01] Successfully processed graph 161 - Category: win
[2025-01-08 11:31:01] 
Processing graph 162/200
[2025-01-08 11:31:01] Graph 162 has 16 nodes and 36 edges
[2025-01-08 11:31:01] Converted to 36 bitstring edges
[2025-01-08 11:31:01] Computing Matchings Dynamic walk
[2025-01-08 11:31:02] Matchings - CX: 45, U3: 47, Depth: 69
[2025-01-08 11:31:02] Computing Exact walk
[2025-01-08 11:31:03] Exact - CX: 100, U3: 165, Depth: 197
[2025-01-08 11:31:03] Successfully processed graph 162 - Category: win
[2025-01-08 11:31:03] 
Processing graph 163/200
[2025-01-08 11:31:03] Graph 163 has 16 nodes and 31 edges
[2025-01-08 11:31:03] Converted to 31 bitstring edges
[2025-01-08 11:31:03] Computing Matchings Dynamic walk
[2025-01-08 11:31:03] Matchings - CX: 60, U3: 48, Depth: 88
[2025-01-08 11:31:03] Computing Exact walk
[2025-01-08 11:31:04] Exact - CX: 100, U3: 165, Depth: 197
[2025-01-08 11:31:04] Successfully processed graph 163 - Category: win
[2025-01-08 11:31:04] 
Processing graph 164/200
[2025-01-08 11:31:04] Graph 164 has 16 nodes and 33 edges
[2025-01-08 11:31:04] Converted to 33 bitstring edges
[2025-01-08 11:31:04] Computing Matchings Dynamic walk
[2025-01-08 11:31:04] Matchings - CX: 52, U3: 53, Depth: 82
[2025-01-08 11:31:04] Computing Exact walk
[2025-01-08 11:31:05] Exact - CX: 100, U3: 165, Depth: 197
[2025-01-08 11:31:05] Successfully processed graph 164 - Category: win
[2025-01-08 11:31:05] 
Processing graph 165/200
[2025-01-08 11:31:05] Graph 165 has 16 nodes and 37 edges
[2025-01-08 11:31:05] Converted to 37 bitstring edges
[2025-01-08 11:31:05] Computing Matchings Dynamic walk
[2025-01-08 11:31:06] Matchings - CX: 97, U3: 93, Depth: 145
[2025-01-08 11:31:06] Computing Exact walk
[2025-01-08 11:31:07] Exact - CX: 100, U3: 165, Depth: 197
[2025-01-08 11:31:07] Successfully processed graph 165 - Category: win
[2025-01-08 11:31:07] 
Processing graph 166/200
[2025-01-08 11:31:07] Graph 166 has 16 nodes and 37 edges
[2025-01-08 11:31:07] Converted to 37 bitstring edges
[2025-01-08 11:31:07] Computing Matchings Dynamic walk
[2025-01-08 11:31:07] Matchings - CX: 62, U3: 59, Depth: 91
[2025-01-08 11:31:07] Computing Exact walk
[2025-01-08 11:31:08] Exact - CX: 100, U3: 165, Depth: 197
[2025-01-08 11:31:08] Successfully processed graph 166 - Category: win
[2025-01-08 11:31:08] 
Processing graph 167/200
[2025-01-08 11:31:08] Graph 167 has 16 nodes and 35 edges
[2025-01-08 11:31:08] Converted to 35 bitstring edges
[2025-01-08 11:31:08] Computing Matchings Dynamic walk
[2025-01-08 11:31:08] Matchings - CX: 39, U3: 46, Depth: 62
[2025-01-08 11:31:08] Computing Exact walk
[2025-01-08 11:31:09] Exact - CX: 100, U3: 162, Depth: 195
[2025-01-08 11:31:09] Successfully processed graph 167 - Category: win
[2025-01-08 11:31:09] 
Processing graph 168/200
[2025-01-08 11:31:09] Graph 168 has 16 nodes and 37 edges
[2025-01-08 11:31:09] Converted to 37 bitstring edges
[2025-01-08 11:31:09] Computing Matchings Dynamic walk
[2025-01-08 11:31:10] Matchings - CX: 66, U3: 56, Depth: 97
[2025-01-08 11:31:10] Computing Exact walk
[2025-01-08 11:31:11] Exact - CX: 98, U3: 158, Depth: 191
[2025-01-08 11:31:11] Successfully processed graph 168 - Category: win
[2025-01-08 11:31:11] 
Processing graph 169/200
[2025-01-08 11:31:11] Graph 169 has 16 nodes and 36 edges
[2025-01-08 11:31:11] Converted to 36 bitstring edges
[2025-01-08 11:31:11] Computing Matchings Dynamic walk
[2025-01-08 11:31:11] Matchings - CX: 49, U3: 50, Depth: 77
[2025-01-08 11:31:11] Computing Exact walk
[2025-01-08 11:31:12] Exact - CX: 99, U3: 161, Depth: 194
[2025-01-08 11:31:12] Successfully processed graph 169 - Category: win
[2025-01-08 11:31:12] 
Processing graph 170/200
[2025-01-08 11:31:12] Graph 170 has 16 nodes and 38 edges
[2025-01-08 11:31:12] Converted to 38 bitstring edges
[2025-01-08 11:31:12] Computing Matchings Dynamic walk
[2025-01-08 11:31:12] Matchings - CX: 69, U3: 67, Depth: 104
[2025-01-08 11:31:12] Computing Exact walk
[2025-01-08 11:31:13] Exact - CX: 100, U3: 165, Depth: 197
[2025-01-08 11:31:13] Successfully processed graph 170 - Category: win
[2025-01-08 11:31:13] 
Processing graph 171/200
[2025-01-08 11:31:13] Graph 171 has 16 nodes and 34 edges
[2025-01-08 11:31:13] Converted to 34 bitstring edges
[2025-01-08 11:31:13] Computing Matchings Dynamic walk
[2025-01-08 11:31:14] Matchings - CX: 91, U3: 82, Depth: 135
[2025-01-08 11:31:14] Computing Exact walk
[2025-01-08 11:31:15] Exact - CX: 100, U3: 165, Depth: 197
[2025-01-08 11:31:15] Successfully processed graph 171 - Category: win
[2025-01-08 11:31:15] 
Processing graph 172/200
[2025-01-08 11:31:15] Graph 172 has 16 nodes and 34 edges
[2025-01-08 11:31:15] Converted to 34 bitstring edges
[2025-01-08 11:31:15] Computing Matchings Dynamic walk
[2025-01-08 11:31:15] Matchings - CX: 86, U3: 71, Depth: 123
[2025-01-08 11:31:15] Computing Exact walk
[2025-01-08 11:31:16] Exact - CX: 100, U3: 165, Depth: 197
[2025-01-08 11:31:16] Successfully processed graph 172 - Category: win
[2025-01-08 11:31:16] 
Processing graph 173/200
[2025-01-08 11:31:16] Graph 173 has 16 nodes and 33 edges
[2025-01-08 11:31:16] Converted to 33 bitstring edges
[2025-01-08 11:31:16] Computing Matchings Dynamic walk
[2025-01-08 11:31:16] Matchings - CX: 49, U3: 44, Depth: 74
[2025-01-08 11:31:16] Computing Exact walk
[2025-01-08 11:31:17] Exact - CX: 100, U3: 165, Depth: 197
[2025-01-08 11:31:17] Successfully processed graph 173 - Category: win
[2025-01-08 11:31:17] 
Processing graph 174/200
[2025-01-08 11:31:17] Graph 174 has 16 nodes and 35 edges
[2025-01-08 11:31:17] Converted to 35 bitstring edges
[2025-01-08 11:31:17] Computing Matchings Dynamic walk
[2025-01-08 11:31:18] Matchings - CX: 62, U3: 65, Depth: 97
[2025-01-08 11:31:18] Computing Exact walk
[2025-01-08 11:31:18] Exact - CX: 99, U3: 158, Depth: 192
[2025-01-08 11:31:18] Successfully processed graph 174 - Category: win
[2025-01-08 11:31:18] 
Processing graph 175/200
[2025-01-08 11:31:18] Graph 175 has 16 nodes and 36 edges
[2025-01-08 11:31:18] Converted to 36 bitstring edges
[2025-01-08 11:31:18] Computing Matchings Dynamic walk
[2025-01-08 11:31:19] Matchings - CX: 84, U3: 73, Depth: 119
[2025-01-08 11:31:19] Computing Exact walk
[2025-01-08 11:31:20] Exact - CX: 100, U3: 161, Depth: 195
[2025-01-08 11:31:20] Successfully processed graph 175 - Category: win
[2025-01-08 11:31:20] 
Processing graph 176/200
[2025-01-08 11:31:20] Graph 176 has 16 nodes and 35 edges
[2025-01-08 11:31:20] Converted to 35 bitstring edges
[2025-01-08 11:31:20] Computing Matchings Dynamic walk
[2025-01-08 11:31:20] Matchings - CX: 76, U3: 77, Depth: 114
[2025-01-08 11:31:20] Computing Exact walk
[2025-01-08 11:31:21] Exact - CX: 97, U3: 154, Depth: 187
[2025-01-08 11:31:21] Successfully processed graph 176 - Category: win
[2025-01-08 11:31:21] 
Processing graph 177/200
[2025-01-08 11:31:21] Graph 177 has 16 nodes and 36 edges
[2025-01-08 11:31:21] Converted to 36 bitstring edges
[2025-01-08 11:31:21] Computing Matchings Dynamic walk
[2025-01-08 11:31:22] Matchings - CX: 51, U3: 58, Depth: 83
[2025-01-08 11:31:22] Computing Exact walk
[2025-01-08 11:31:22] Exact - CX: 100, U3: 161, Depth: 195
[2025-01-08 11:31:22] Successfully processed graph 177 - Category: win
[2025-01-08 11:31:22] 
Processing graph 178/200
[2025-01-08 11:31:22] Graph 178 has 16 nodes and 34 edges
[2025-01-08 11:31:22] Converted to 34 bitstring edges
[2025-01-08 11:31:22] Computing Matchings Dynamic walk
[2025-01-08 11:31:23] Matchings - CX: 47, U3: 44, Depth: 74
[2025-01-08 11:31:23] Computing Exact walk
[2025-01-08 11:31:24] Exact - CX: 100, U3: 165, Depth: 197
[2025-01-08 11:31:24] Successfully processed graph 178 - Category: win
[2025-01-08 11:31:24] 
Processing graph 179/200
[2025-01-08 11:31:24] Graph 179 has 16 nodes and 34 edges
[2025-01-08 11:31:24] Converted to 34 bitstring edges
[2025-01-08 11:31:24] Computing Matchings Dynamic walk
[2025-01-08 11:31:24] Matchings - CX: 53, U3: 59, Depth: 85
[2025-01-08 11:31:24] Computing Exact walk
[2025-01-08 11:31:25] Exact - CX: 100, U3: 165, Depth: 197
[2025-01-08 11:31:25] Successfully processed graph 179 - Category: win
[2025-01-08 11:31:25] 
Processing graph 180/200
[2025-01-08 11:31:25] Graph 180 has 16 nodes and 36 edges
[2025-01-08 11:31:25] Converted to 36 bitstring edges
[2025-01-08 11:31:25] Computing Matchings Dynamic walk
[2025-01-08 11:31:26] Matchings - CX: 87, U3: 81, Depth: 132
[2025-01-08 11:31:26] Computing Exact walk
[2025-01-08 11:31:26] Exact - CX: 100, U3: 164, Depth: 197
[2025-01-08 11:31:26] Successfully processed graph 180 - Category: win
[2025-01-08 11:31:26] 
Processing graph 181/200
[2025-01-08 11:31:26] Graph 181 has 16 nodes and 32 edges
[2025-01-08 11:31:26] Converted to 32 bitstring edges
[2025-01-08 11:31:26] Computing Matchings Dynamic walk
[2025-01-08 11:31:27] Matchings - CX: 67, U3: 55, Depth: 96
[2025-01-08 11:31:27] Computing Exact walk
[2025-01-08 11:31:28] Exact - CX: 100, U3: 165, Depth: 197
[2025-01-08 11:31:28] Successfully processed graph 181 - Category: win
[2025-01-08 11:31:28] 
Processing graph 182/200
[2025-01-08 11:31:28] Graph 182 has 16 nodes and 34 edges
[2025-01-08 11:31:28] Converted to 34 bitstring edges
[2025-01-08 11:31:28] Computing Matchings Dynamic walk
[2025-01-08 11:31:28] Matchings - CX: 47, U3: 48, Depth: 73
[2025-01-08 11:31:28] Computing Exact walk
[2025-01-08 11:31:29] Exact - CX: 100, U3: 165, Depth: 197
[2025-01-08 11:31:29] Successfully processed graph 182 - Category: win
[2025-01-08 11:31:29] 
Processing graph 183/200
[2025-01-08 11:31:29] Graph 183 has 16 nodes and 32 edges
[2025-01-08 11:31:29] Converted to 32 bitstring edges
[2025-01-08 11:31:29] Computing Matchings Dynamic walk
[2025-01-08 11:31:29] Matchings - CX: 81, U3: 69, Depth: 120
[2025-01-08 11:31:29] Computing Exact walk
[2025-01-08 11:31:30] Exact - CX: 100, U3: 165, Depth: 197
[2025-01-08 11:31:30] Successfully processed graph 183 - Category: win
[2025-01-08 11:31:30] 
Processing graph 184/200
[2025-01-08 11:31:30] Graph 184 has 16 nodes and 37 edges
[2025-01-08 11:31:30] Converted to 37 bitstring edges
[2025-01-08 11:31:30] Computing Matchings Dynamic walk
[2025-01-08 11:31:31] Matchings - CX: 61, U3: 56, Depth: 92
[2025-01-08 11:31:31] Computing Exact walk
[2025-01-08 11:31:32] Exact - CX: 100, U3: 159, Depth: 194
[2025-01-08 11:31:32] Successfully processed graph 184 - Category: win
[2025-01-08 11:31:32] 
Processing graph 185/200
[2025-01-08 11:31:32] Graph 185 has 16 nodes and 35 edges
[2025-01-08 11:31:32] Converted to 35 bitstring edges
[2025-01-08 11:31:32] Computing Matchings Dynamic walk
[2025-01-08 11:31:32] Matchings - CX: 51, U3: 47, Depth: 78
[2025-01-08 11:31:32] Computing Exact walk
[2025-01-08 11:31:33] Exact - CX: 100, U3: 165, Depth: 197
[2025-01-08 11:31:33] Successfully processed graph 185 - Category: win
[2025-01-08 11:31:33] 
Processing graph 186/200
[2025-01-08 11:31:33] Graph 186 has 16 nodes and 37 edges
[2025-01-08 11:31:33] Converted to 37 bitstring edges
[2025-01-08 11:31:33] Computing Matchings Dynamic walk
[2025-01-08 11:31:33] Matchings - CX: 68, U3: 62, Depth: 101
[2025-01-08 11:31:33] Computing Exact walk
[2025-01-08 11:31:34] Exact - CX: 100, U3: 165, Depth: 197
[2025-01-08 11:31:34] Successfully processed graph 186 - Category: win
[2025-01-08 11:31:34] 
Processing graph 187/200
[2025-01-08 11:31:34] Graph 187 has 16 nodes and 33 edges
[2025-01-08 11:31:34] Converted to 33 bitstring edges
[2025-01-08 11:31:34] Computing Matchings Dynamic walk
[2025-01-08 11:31:35] Matchings - CX: 54, U3: 46, Depth: 81
[2025-01-08 11:31:35] Computing Exact walk
[2025-01-08 11:31:35] Exact - CX: 100, U3: 165, Depth: 197
[2025-01-08 11:31:35] Successfully processed graph 187 - Category: win
[2025-01-08 11:31:35] 
Processing graph 188/200
[2025-01-08 11:31:35] Graph 188 has 16 nodes and 33 edges
[2025-01-08 11:31:35] Converted to 33 bitstring edges
[2025-01-08 11:31:35] Computing Matchings Dynamic walk
[2025-01-08 11:31:36] Matchings - CX: 98, U3: 83, Depth: 139
[2025-01-08 11:31:36] Computing Exact walk
[2025-01-08 11:31:37] Exact - CX: 100, U3: 163, Depth: 196
[2025-01-08 11:31:37] Successfully processed graph 188 - Category: win
[2025-01-08 11:31:37] 
Processing graph 189/200
[2025-01-08 11:31:37] Graph 189 has 16 nodes and 35 edges
[2025-01-08 11:31:37] Converted to 35 bitstring edges
[2025-01-08 11:31:37] Computing Matchings Dynamic walk
[2025-01-08 11:31:37] Matchings - CX: 39, U3: 45, Depth: 63
[2025-01-08 11:31:37] Computing Exact walk
[2025-01-08 11:31:38] Exact - CX: 100, U3: 165, Depth: 197
[2025-01-08 11:31:38] Successfully processed graph 189 - Category: win
[2025-01-08 11:31:38] 
Processing graph 190/200
[2025-01-08 11:31:38] Graph 190 has 16 nodes and 36 edges
[2025-01-08 11:31:38] Converted to 36 bitstring edges
[2025-01-08 11:31:38] Computing Matchings Dynamic walk
[2025-01-08 11:31:39] Matchings - CX: 63, U3: 59, Depth: 96
[2025-01-08 11:31:39] Computing Exact walk
[2025-01-08 11:31:39] Exact - CX: 98, U3: 156, Depth: 188
[2025-01-08 11:31:39] Successfully processed graph 190 - Category: win
[2025-01-08 11:31:39] 
Processing graph 191/200
[2025-01-08 11:31:39] Graph 191 has 16 nodes and 37 edges
[2025-01-08 11:31:39] Converted to 37 bitstring edges
[2025-01-08 11:31:39] Computing Matchings Dynamic walk
[2025-01-08 11:31:40] Matchings - CX: 67, U3: 57, Depth: 99
[2025-01-08 11:31:40] Computing Exact walk
[2025-01-08 11:31:41] Exact - CX: 100, U3: 161, Depth: 195
[2025-01-08 11:31:41] Successfully processed graph 191 - Category: win
[2025-01-08 11:31:41] 
Processing graph 192/200
[2025-01-08 11:31:41] Graph 192 has 16 nodes and 36 edges
[2025-01-08 11:31:41] Converted to 36 bitstring edges
[2025-01-08 11:31:41] Computing Matchings Dynamic walk
[2025-01-08 11:31:41] Matchings - CX: 59, U3: 55, Depth: 89
[2025-01-08 11:31:41] Computing Exact walk
[2025-01-08 11:31:42] Exact - CX: 100, U3: 165, Depth: 197
[2025-01-08 11:31:42] Successfully processed graph 192 - Category: win
[2025-01-08 11:31:42] 
Processing graph 193/200
[2025-01-08 11:31:42] Graph 193 has 16 nodes and 35 edges
[2025-01-08 11:31:42] Converted to 35 bitstring edges
[2025-01-08 11:31:42] Computing Matchings Dynamic walk
[2025-01-08 11:31:42] Matchings - CX: 67, U3: 63, Depth: 100
[2025-01-08 11:31:42] Computing Exact walk
[2025-01-08 11:31:43] Exact - CX: 100, U3: 165, Depth: 197
[2025-01-08 11:31:43] Successfully processed graph 193 - Category: win
[2025-01-08 11:31:43] 
Processing graph 194/200
[2025-01-08 11:31:43] Graph 194 has 16 nodes and 34 edges
[2025-01-08 11:31:43] Converted to 34 bitstring edges
[2025-01-08 11:31:43] Computing Matchings Dynamic walk
[2025-01-08 11:31:44] Matchings - CX: 77, U3: 70, Depth: 113
[2025-01-08 11:31:44] Computing Exact walk
[2025-01-08 11:31:45] Exact - CX: 100, U3: 165, Depth: 197
[2025-01-08 11:31:45] Successfully processed graph 194 - Category: win
[2025-01-08 11:31:45] 
Processing graph 195/200
[2025-01-08 11:31:45] Graph 195 has 16 nodes and 32 edges
[2025-01-08 11:31:45] Converted to 32 bitstring edges
[2025-01-08 11:31:45] Computing Matchings Dynamic walk
[2025-01-08 11:31:45] Matchings - CX: 43, U3: 41, Depth: 67
[2025-01-08 11:31:45] Computing Exact walk
[2025-01-08 11:31:46] Exact - CX: 100, U3: 165, Depth: 197
[2025-01-08 11:31:46] Successfully processed graph 195 - Category: win
[2025-01-08 11:31:46] 
Processing graph 196/200
[2025-01-08 11:31:46] Graph 196 has 16 nodes and 39 edges
[2025-01-08 11:31:46] Converted to 39 bitstring edges
[2025-01-08 11:31:46] Computing Matchings Dynamic walk
[2025-01-08 11:31:46] Matchings - CX: 73, U3: 66, Depth: 109
[2025-01-08 11:31:46] Computing Exact walk
[2025-01-08 11:31:47] Exact - CX: 100, U3: 165, Depth: 197
[2025-01-08 11:31:47] Successfully processed graph 196 - Category: win
[2025-01-08 11:31:47] 
Processing graph 197/200
[2025-01-08 11:31:47] Graph 197 has 16 nodes and 34 edges
[2025-01-08 11:31:47] Converted to 34 bitstring edges
[2025-01-08 11:31:47] Computing Matchings Dynamic walk
[2025-01-08 11:31:48] Matchings - CX: 45, U3: 42, Depth: 69
[2025-01-08 11:31:48] Computing Exact walk
[2025-01-08 11:31:49] Exact - CX: 100, U3: 165, Depth: 197
[2025-01-08 11:31:49] Successfully processed graph 197 - Category: win
[2025-01-08 11:31:49] 
Processing graph 198/200
[2025-01-08 11:31:49] Graph 198 has 16 nodes and 36 edges
[2025-01-08 11:31:49] Converted to 36 bitstring edges
[2025-01-08 11:31:49] Computing Matchings Dynamic walk
[2025-01-08 11:31:49] Matchings - CX: 43, U3: 52, Depth: 70
[2025-01-08 11:31:49] Computing Exact walk
[2025-01-08 11:31:50] Exact - CX: 100, U3: 165, Depth: 197
[2025-01-08 11:31:50] Successfully processed graph 198 - Category: win
[2025-01-08 11:31:50] 
Processing graph 199/200
[2025-01-08 11:31:50] Graph 199 has 16 nodes and 35 edges
[2025-01-08 11:31:50] Converted to 35 bitstring edges
[2025-01-08 11:31:50] Computing Matchings Dynamic walk
[2025-01-08 11:31:51] Matchings - CX: 56, U3: 56, Depth: 85
[2025-01-08 11:31:51] Computing Exact walk
[2025-01-08 11:31:51] Exact - CX: 100, U3: 164, Depth: 197
[2025-01-08 11:31:51] Successfully processed graph 199 - Category: win
[2025-01-08 11:31:51] 
Final Results Summary:
[2025-01-08 11:31:51] Total graphs in file: 200
[2025-01-08 11:31:51] Successfully processed: 200
[2025-01-08 11:31:51] win: 197 (98.5%)
[2025-01-08 11:31:51] lose: 3 (1.5%)
[2025-01-08 11:31:51] draw: 0 (0.0%)
[2025-01-08 11:31:51] 
Average Gate Counts by Category:
[2025-01-08 11:31:51] win_matching_cx: 62.47
[2025-01-08 11:31:51] win_matching_u3: 58.97
[2025-01-08 11:31:51] win_exact_cx: 99.62
[2025-01-08 11:31:51] win_exact_u3: 163.44
[2025-01-08 11:31:51] win_matching_depth: 94.13
[2025-01-08 11:31:51] win_exact_depth: 195.65
[2025-01-08 11:31:51] lose_matching_cx: 107.00
[2025-01-08 11:31:51] lose_matching_u3: 87.00
[2025-01-08 11:31:51] lose_exact_cx: 100.00
[2025-01-08 11:31:51] lose_exact_u3: 165.00
[2025-01-08 11:31:51] lose_matching_depth: 149.67
[2025-01-08 11:31:51] lose_exact_depth: 197.00
[2025-01-08 14:15:10] Starting analysis with:
[2025-01-08 14:15:10] Number of qubits: 4
[2025-01-08 14:15:10] Number of vertices: 16
[2025-01-08 14:15:10] Delta t: 0.1
[2025-01-08 14:15:10] Input file: ../data/graphs/200graph_bipartite_16c.g6
[2025-01-08 14:15:10] Parsed graph info: {'num_graphs': 200, 'size': 'bipartite', 'vertices': '16', 'type': 'c'}
[2025-01-08 14:15:10] Found 200 graphs in file
[2025-01-08 14:15:10] 
Processing graph 0/200
[2025-01-08 14:15:10] Graph 0 has 16 nodes and 31 edges
[2025-01-08 14:15:10] Converted to 31 bitstring edges
[2025-01-08 14:15:10] Computing Matchings Dynamic walk
[2025-01-08 14:15:10] Matchings - CX: 59, U3: 49, Depth: 86
[2025-01-08 14:15:10] Computing Exact walk
[2025-01-08 14:15:11] Exact - CX: 100, U3: 165, Depth: 197
[2025-01-08 14:15:11] Successfully processed graph 0 - Category: win
[2025-01-08 14:15:11] 
Processing graph 1/200
[2025-01-08 14:15:11] Graph 1 has 16 nodes and 37 edges
[2025-01-08 14:15:11] Converted to 37 bitstring edges
[2025-01-08 14:15:11] Computing Matchings Dynamic walk
[2025-01-08 14:15:12] Matchings - CX: 69, U3: 63, Depth: 106
[2025-01-08 14:15:12] Computing Exact walk
[2025-01-08 14:15:13] Exact - CX: 100, U3: 165, Depth: 197
[2025-01-08 14:15:13] Successfully processed graph 1 - Category: win
[2025-01-08 14:15:13] 
Processing graph 2/200
[2025-01-08 14:15:13] Graph 2 has 16 nodes and 35 edges
[2025-01-08 14:15:13] Converted to 35 bitstring edges
[2025-01-08 14:15:13] Computing Matchings Dynamic walk
[2025-01-08 14:15:13] Matchings - CX: 58, U3: 63, Depth: 92
[2025-01-08 14:15:13] Computing Exact walk
[2025-01-08 14:15:14] Exact - CX: 100, U3: 165, Depth: 197
[2025-01-08 14:15:14] Successfully processed graph 2 - Category: win
[2025-01-08 14:15:14] 
Processing graph 3/200
[2025-01-08 14:15:14] Graph 3 has 16 nodes and 36 edges
[2025-01-08 14:15:14] Converted to 36 bitstring edges
[2025-01-08 14:15:14] Computing Matchings Dynamic walk
[2025-01-08 14:15:15] Matchings - CX: 57, U3: 64, Depth: 90
[2025-01-08 14:15:15] Computing Exact walk
[2025-01-08 14:15:15] Exact - CX: 98, U3: 160, Depth: 192
[2025-01-08 14:15:15] Successfully processed graph 3 - Category: win
[2025-01-08 14:15:15] 
Processing graph 4/200
[2025-01-08 14:15:15] Graph 4 has 16 nodes and 33 edges
[2025-01-08 14:15:15] Converted to 33 bitstring edges
[2025-01-08 14:15:15] Computing Matchings Dynamic walk
[2025-01-08 14:15:16] Matchings - CX: 84, U3: 83, Depth: 129
[2025-01-08 14:15:16] Computing Exact walk
[2025-01-08 14:15:17] Exact - CX: 97, U3: 156, Depth: 188
[2025-01-08 14:15:17] Successfully processed graph 4 - Category: win
[2025-01-08 14:15:17] 
Processing graph 5/200
[2025-01-08 14:15:17] Graph 5 has 16 nodes and 36 edges
[2025-01-08 14:15:17] Converted to 36 bitstring edges
[2025-01-08 14:15:17] Computing Matchings Dynamic walk
[2025-01-08 14:15:18] Matchings - CX: 42, U3: 48, Depth: 68
[2025-01-08 14:15:18] Computing Exact walk
[2025-01-08 14:15:19] Exact - CX: 100, U3: 164, Depth: 197
[2025-01-08 14:15:19] Successfully processed graph 5 - Category: win
[2025-01-08 14:15:19] 
Processing graph 6/200
[2025-01-08 14:15:19] Graph 6 has 16 nodes and 33 edges
[2025-01-08 14:15:19] Converted to 33 bitstring edges
[2025-01-08 14:15:19] Computing Matchings Dynamic walk
[2025-01-08 14:15:20] Matchings - CX: 42, U3: 36, Depth: 63
[2025-01-08 14:15:20] Computing Exact walk
[2025-01-08 14:15:21] Exact - CX: 100, U3: 163, Depth: 196
[2025-01-08 14:15:21] Successfully processed graph 6 - Category: win
[2025-01-08 14:15:21] 
Processing graph 7/200
[2025-01-08 14:15:21] Graph 7 has 16 nodes and 35 edges
[2025-01-08 14:15:21] Converted to 35 bitstring edges
[2025-01-08 14:15:21] Computing Matchings Dynamic walk
[2025-01-08 14:15:22] Matchings - CX: 44, U3: 38, Depth: 67
[2025-01-08 14:15:22] Computing Exact walk
[2025-01-08 14:15:24] Exact - CX: 100, U3: 162, Depth: 195
[2025-01-08 14:15:24] Successfully processed graph 7 - Category: win
[2025-01-08 14:15:24] 
Processing graph 8/200
[2025-01-08 14:15:24] Graph 8 has 16 nodes and 34 edges
[2025-01-08 14:15:24] Converted to 34 bitstring edges
[2025-01-08 14:15:24] Computing Matchings Dynamic walk
[2025-01-08 14:15:25] Matchings - CX: 63, U3: 60, Depth: 99
[2025-01-08 14:15:25] Computing Exact walk
[2025-01-08 14:15:26] Exact - CX: 100, U3: 163, Depth: 196
[2025-01-08 14:15:26] Successfully processed graph 8 - Category: win
[2025-01-08 14:15:26] 
Processing graph 9/200
[2025-01-08 14:15:26] Graph 9 has 16 nodes and 33 edges
[2025-01-08 14:15:26] Converted to 33 bitstring edges
[2025-01-08 14:15:26] Computing Matchings Dynamic walk
[2025-01-08 14:15:26] Matchings - CX: 44, U3: 44, Depth: 68
[2025-01-08 14:15:26] Computing Exact walk
[2025-01-08 14:15:27] Exact - CX: 98, U3: 159, Depth: 191
[2025-01-08 14:15:27] Successfully processed graph 9 - Category: win
[2025-01-08 14:15:27] 
Processing graph 10/200
[2025-01-08 14:15:27] Graph 10 has 16 nodes and 35 edges
[2025-01-08 14:15:27] Converted to 35 bitstring edges
[2025-01-08 14:15:27] Computing Matchings Dynamic walk
[2025-01-08 14:15:27] Matchings - CX: 67, U3: 63, Depth: 100
[2025-01-08 14:15:27] Computing Exact walk
[2025-01-08 14:15:28] Exact - CX: 100, U3: 165, Depth: 197
[2025-01-08 14:15:28] Successfully processed graph 10 - Category: win
[2025-01-08 14:15:28] 
Processing graph 11/200
[2025-01-08 14:15:28] Graph 11 has 16 nodes and 35 edges
[2025-01-08 14:15:28] Converted to 35 bitstring edges
[2025-01-08 14:15:28] Computing Matchings Dynamic walk
[2025-01-08 14:15:29] Matchings - CX: 48, U3: 49, Depth: 74
[2025-01-08 14:15:29] Computing Exact walk
[2025-01-08 14:15:29] Exact - CX: 97, U3: 157, Depth: 188
[2025-01-08 14:15:29] Successfully processed graph 11 - Category: win
[2025-01-08 14:15:29] 
Processing graph 12/200
[2025-01-08 14:15:29] Graph 12 has 16 nodes and 37 edges
[2025-01-08 14:15:29] Converted to 37 bitstring edges
[2025-01-08 14:15:29] Computing Matchings Dynamic walk
[2025-01-08 14:15:30] Matchings - CX: 65, U3: 61, Depth: 97
[2025-01-08 14:15:30] Computing Exact walk
[2025-01-08 14:15:31] Exact - CX: 100, U3: 163, Depth: 195
[2025-01-08 14:15:31] Successfully processed graph 12 - Category: win
[2025-01-08 14:15:31] 
Processing graph 13/200
[2025-01-08 14:15:31] Graph 13 has 16 nodes and 39 edges
[2025-01-08 14:15:31] Converted to 39 bitstring edges
[2025-01-08 14:15:31] Computing Matchings Dynamic walk
[2025-01-08 14:15:31] Matchings - CX: 66, U3: 62, Depth: 99
[2025-01-08 14:15:31] Computing Exact walk
[2025-01-08 14:15:32] Exact - CX: 100, U3: 165, Depth: 197
[2025-01-08 14:15:32] Successfully processed graph 13 - Category: win
[2025-01-08 14:15:32] 
Processing graph 14/200
[2025-01-08 14:15:32] Graph 14 has 16 nodes and 35 edges
[2025-01-08 14:15:32] Converted to 35 bitstring edges
[2025-01-08 14:15:32] Computing Matchings Dynamic walk
[2025-01-08 14:15:33] Matchings - CX: 56, U3: 51, Depth: 85
[2025-01-08 14:15:33] Computing Exact walk
[2025-01-08 14:15:34] Exact - CX: 100, U3: 165, Depth: 197
[2025-01-08 14:15:34] Successfully processed graph 14 - Category: win
[2025-01-08 14:15:34] 
Processing graph 15/200
[2025-01-08 14:15:34] Graph 15 has 16 nodes and 39 edges
[2025-01-08 14:15:34] Converted to 39 bitstring edges
[2025-01-08 14:15:34] Computing Matchings Dynamic walk
[2025-01-08 14:15:34] Matchings - CX: 67, U3: 69, Depth: 103
[2025-01-08 14:15:34] Computing Exact walk
[2025-01-08 14:15:35] Exact - CX: 100, U3: 164, Depth: 197
[2025-01-08 14:15:35] Successfully processed graph 15 - Category: win
[2025-01-08 14:15:35] 
Processing graph 16/200
[2025-01-08 14:15:35] Graph 16 has 16 nodes and 35 edges
[2025-01-08 14:15:35] Converted to 35 bitstring edges
[2025-01-08 14:15:35] Computing Matchings Dynamic walk
[2025-01-08 14:15:36] Matchings - CX: 73, U3: 71, Depth: 110
[2025-01-08 14:15:36] Computing Exact walk
[2025-01-08 14:15:37] Exact - CX: 100, U3: 165, Depth: 197
[2025-01-08 14:15:37] Successfully processed graph 16 - Category: win
[2025-01-08 14:15:37] 
Processing graph 17/200
[2025-01-08 14:15:37] Graph 17 has 16 nodes and 34 edges
[2025-01-08 14:15:37] Converted to 34 bitstring edges
[2025-01-08 14:15:37] Computing Matchings Dynamic walk
[2025-01-08 14:15:38] Matchings - CX: 59, U3: 53, Depth: 88
[2025-01-08 14:15:38] Computing Exact walk
[2025-01-08 14:15:39] Exact - CX: 100, U3: 165, Depth: 197
[2025-01-08 14:15:39] Successfully processed graph 17 - Category: win
[2025-01-08 14:15:39] 
Processing graph 18/200
[2025-01-08 14:15:39] Graph 18 has 16 nodes and 36 edges
[2025-01-08 14:15:39] Converted to 36 bitstring edges
[2025-01-08 14:15:39] Computing Matchings Dynamic walk
[2025-01-08 14:15:40] Matchings - CX: 78, U3: 72, Depth: 117
[2025-01-08 14:15:40] Computing Exact walk
[2025-01-08 14:15:41] Exact - CX: 100, U3: 165, Depth: 197
[2025-01-08 14:15:41] Successfully processed graph 18 - Category: win
[2025-01-08 14:15:41] 
Processing graph 19/200
[2025-01-08 14:15:41] Graph 19 has 16 nodes and 39 edges
[2025-01-08 14:15:41] Converted to 39 bitstring edges
[2025-01-08 14:15:41] Computing Matchings Dynamic walk
[2025-01-08 14:15:42] Matchings - CX: 67, U3: 62, Depth: 102
[2025-01-08 14:15:42] Computing Exact walk
[2025-01-08 14:15:43] Exact - CX: 100, U3: 165, Depth: 197
[2025-01-08 14:15:43] Successfully processed graph 19 - Category: win
[2025-01-08 14:15:43] 
Processing graph 20/200
[2025-01-08 14:15:43] Graph 20 has 16 nodes and 35 edges
[2025-01-08 14:15:43] Converted to 35 bitstring edges
[2025-01-08 14:15:43] Computing Matchings Dynamic walk
[2025-01-08 14:15:43] Matchings - CX: 41, U3: 42, Depth: 64
[2025-01-08 14:15:43] Computing Exact walk
[2025-01-08 14:15:44] Exact - CX: 96, U3: 156, Depth: 186
[2025-01-08 14:15:44] Successfully processed graph 20 - Category: win
[2025-01-08 14:15:44] 
Processing graph 21/200
[2025-01-08 14:15:44] Graph 21 has 16 nodes and 34 edges
[2025-01-08 14:15:44] Converted to 34 bitstring edges
[2025-01-08 14:15:44] Computing Matchings Dynamic walk
[2025-01-08 14:15:45] Matchings - CX: 69, U3: 65, Depth: 102
[2025-01-08 14:15:45] Computing Exact walk
[2025-01-08 14:15:46] Exact - CX: 100, U3: 165, Depth: 197
[2025-01-08 14:15:46] Successfully processed graph 21 - Category: win
[2025-01-08 14:15:46] 
Processing graph 22/200
[2025-01-08 14:15:46] Graph 22 has 16 nodes and 36 edges
[2025-01-08 14:15:46] Converted to 36 bitstring edges
[2025-01-08 14:15:46] Computing Matchings Dynamic walk
[2025-01-08 14:15:46] Matchings - CX: 33, U3: 36, Depth: 52
[2025-01-08 14:15:46] Computing Exact walk
[2025-01-08 14:15:47] Exact - CX: 98, U3: 160, Depth: 191
[2025-01-08 14:15:47] Successfully processed graph 22 - Category: win
[2025-01-08 14:15:47] 
Processing graph 23/200
[2025-01-08 14:15:47] Graph 23 has 16 nodes and 34 edges
[2025-01-08 14:15:47] Converted to 34 bitstring edges
[2025-01-08 14:15:47] Computing Matchings Dynamic walk
[2025-01-08 14:15:47] Matchings - CX: 69, U3: 63, Depth: 102
[2025-01-08 14:15:47] Computing Exact walk
[2025-01-08 14:15:48] Exact - CX: 100, U3: 165, Depth: 197
[2025-01-08 14:15:48] Successfully processed graph 23 - Category: win
[2025-01-08 14:15:48] 
Processing graph 24/200
[2025-01-08 14:15:48] Graph 24 has 16 nodes and 35 edges
[2025-01-08 14:15:48] Converted to 35 bitstring edges
[2025-01-08 14:15:48] Computing Matchings Dynamic walk
[2025-01-08 14:15:49] Matchings - CX: 60, U3: 55, Depth: 88
[2025-01-08 14:15:49] Computing Exact walk
[2025-01-08 14:15:49] Exact - CX: 100, U3: 165, Depth: 197
[2025-01-08 14:15:49] Successfully processed graph 24 - Category: win
[2025-01-08 14:15:49] 
Processing graph 25/200
[2025-01-08 14:15:49] Graph 25 has 16 nodes and 34 edges
[2025-01-08 14:15:49] Converted to 34 bitstring edges
[2025-01-08 14:15:49] Computing Matchings Dynamic walk
[2025-01-08 14:15:50] Matchings - CX: 43, U3: 41, Depth: 65
[2025-01-08 14:15:50] Computing Exact walk
[2025-01-08 14:15:51] Exact - CX: 100, U3: 165, Depth: 197
[2025-01-08 14:15:51] Successfully processed graph 25 - Category: win
[2025-01-08 14:15:51] 
Processing graph 26/200
[2025-01-08 14:15:51] Graph 26 has 16 nodes and 33 edges
[2025-01-08 14:15:51] Converted to 33 bitstring edges
[2025-01-08 14:15:51] Computing Matchings Dynamic walk
[2025-01-08 14:15:51] Matchings - CX: 62, U3: 53, Depth: 92
[2025-01-08 14:15:51] Computing Exact walk
[2025-01-08 14:15:52] Exact - CX: 100, U3: 156, Depth: 193
[2025-01-08 14:15:52] Successfully processed graph 26 - Category: win
[2025-01-08 14:15:52] 
Processing graph 27/200
[2025-01-08 14:15:52] Graph 27 has 16 nodes and 33 edges
[2025-01-08 14:15:52] Converted to 33 bitstring edges
[2025-01-08 14:15:52] Computing Matchings Dynamic walk
[2025-01-08 14:15:52] Matchings - CX: 47, U3: 50, Depth: 73
[2025-01-08 14:15:52] Computing Exact walk
[2025-01-08 14:15:53] Exact - CX: 100, U3: 165, Depth: 197
[2025-01-08 14:15:53] Successfully processed graph 27 - Category: win
[2025-01-08 14:15:53] 
Processing graph 28/200
[2025-01-08 14:15:53] Graph 28 has 16 nodes and 37 edges
[2025-01-08 14:15:53] Converted to 37 bitstring edges
[2025-01-08 14:15:53] Computing Matchings Dynamic walk
[2025-01-08 14:15:54] Matchings - CX: 37, U3: 40, Depth: 57
[2025-01-08 14:15:54] Computing Exact walk
[2025-01-08 14:15:55] Exact - CX: 100, U3: 165, Depth: 197
[2025-01-08 14:15:55] Successfully processed graph 28 - Category: win
[2025-01-08 14:15:55] 
Processing graph 29/200
[2025-01-08 14:15:55] Graph 29 has 16 nodes and 38 edges
[2025-01-08 14:15:55] Converted to 38 bitstring edges
[2025-01-08 14:15:55] Computing Matchings Dynamic walk
[2025-01-08 14:15:55] Matchings - CX: 52, U3: 51, Depth: 81
[2025-01-08 14:15:55] Computing Exact walk
[2025-01-08 14:15:56] Exact - CX: 100, U3: 165, Depth: 197
[2025-01-08 14:15:56] Successfully processed graph 29 - Category: win
[2025-01-08 14:15:56] 
Processing graph 30/200
[2025-01-08 14:15:56] Graph 30 has 16 nodes and 32 edges
[2025-01-08 14:15:56] Converted to 32 bitstring edges
[2025-01-08 14:15:56] Computing Matchings Dynamic walk
[2025-01-08 14:15:56] Matchings - CX: 61, U3: 60, Depth: 90
[2025-01-08 14:15:56] Computing Exact walk
[2025-01-08 14:15:57] Exact - CX: 100, U3: 165, Depth: 197
[2025-01-08 14:15:57] Successfully processed graph 30 - Category: win
[2025-01-08 14:15:57] 
Processing graph 31/200
[2025-01-08 14:15:57] Graph 31 has 16 nodes and 33 edges
[2025-01-08 14:15:57] Converted to 33 bitstring edges
[2025-01-08 14:15:57] Computing Matchings Dynamic walk
[2025-01-08 14:15:58] Matchings - CX: 55, U3: 50, Depth: 84
[2025-01-08 14:15:58] Computing Exact walk
[2025-01-08 14:15:58] Exact - CX: 98, U3: 160, Depth: 192
[2025-01-08 14:15:58] Successfully processed graph 31 - Category: win
[2025-01-08 14:15:58] 
Processing graph 32/200
[2025-01-08 14:15:58] Graph 32 has 16 nodes and 36 edges
[2025-01-08 14:15:58] Converted to 36 bitstring edges
[2025-01-08 14:15:58] Computing Matchings Dynamic walk
[2025-01-08 14:15:59] Matchings - CX: 66, U3: 61, Depth: 97
[2025-01-08 14:15:59] Computing Exact walk
[2025-01-08 14:16:00] Exact - CX: 100, U3: 165, Depth: 197
[2025-01-08 14:16:00] Successfully processed graph 32 - Category: win
[2025-01-08 14:16:00] 
Processing graph 33/200
[2025-01-08 14:16:00] Graph 33 has 16 nodes and 36 edges
[2025-01-08 14:16:00] Converted to 36 bitstring edges
[2025-01-08 14:16:00] Computing Matchings Dynamic walk
[2025-01-08 14:16:00] Matchings - CX: 85, U3: 70, Depth: 124
[2025-01-08 14:16:00] Computing Exact walk
[2025-01-08 14:16:01] Exact - CX: 96, U3: 157, Depth: 187
[2025-01-08 14:16:01] Successfully processed graph 33 - Category: win
[2025-01-08 14:16:01] 
Processing graph 34/200
[2025-01-08 14:16:01] Graph 34 has 16 nodes and 39 edges
[2025-01-08 14:16:01] Converted to 39 bitstring edges
[2025-01-08 14:16:01] Computing Matchings Dynamic walk
[2025-01-08 14:16:02] Matchings - CX: 62, U3: 57, Depth: 89
[2025-01-08 14:16:02] Computing Exact walk
[2025-01-08 14:16:02] Exact - CX: 100, U3: 161, Depth: 195
[2025-01-08 14:16:02] Successfully processed graph 34 - Category: win
[2025-01-08 14:16:02] 
Processing graph 35/200
[2025-01-08 14:16:02] Graph 35 has 16 nodes and 35 edges
[2025-01-08 14:16:02] Converted to 35 bitstring edges
[2025-01-08 14:16:02] Computing Matchings Dynamic walk
[2025-01-08 14:16:03] Matchings - CX: 54, U3: 58, Depth: 85
[2025-01-08 14:16:03] Computing Exact walk
[2025-01-08 14:16:04] Exact - CX: 100, U3: 165, Depth: 197
[2025-01-08 14:16:04] Successfully processed graph 35 - Category: win
[2025-01-08 14:16:04] 
Processing graph 36/200
[2025-01-08 14:16:04] Graph 36 has 16 nodes and 36 edges
[2025-01-08 14:16:04] Converted to 36 bitstring edges
[2025-01-08 14:16:04] Computing Matchings Dynamic walk
[2025-01-08 14:16:04] Matchings - CX: 54, U3: 52, Depth: 81
[2025-01-08 14:16:04] Computing Exact walk
[2025-01-08 14:16:05] Exact - CX: 100, U3: 165, Depth: 197
[2025-01-08 14:16:05] Successfully processed graph 36 - Category: win
[2025-01-08 14:16:05] 
Processing graph 37/200
[2025-01-08 14:16:05] Graph 37 has 16 nodes and 37 edges
[2025-01-08 14:16:05] Converted to 37 bitstring edges
[2025-01-08 14:16:05] Computing Matchings Dynamic walk
[2025-01-08 14:16:06] Matchings - CX: 99, U3: 89, Depth: 146
[2025-01-08 14:16:06] Computing Exact walk
[2025-01-08 14:16:06] Exact - CX: 100, U3: 165, Depth: 197
[2025-01-08 14:16:06] Successfully processed graph 37 - Category: win
[2025-01-08 14:16:06] 
Processing graph 38/200
[2025-01-08 14:16:06] Graph 38 has 16 nodes and 35 edges
[2025-01-08 14:16:06] Converted to 35 bitstring edges
[2025-01-08 14:16:06] Computing Matchings Dynamic walk
[2025-01-08 14:16:07] Matchings - CX: 62, U3: 63, Depth: 96
[2025-01-08 14:16:07] Computing Exact walk
[2025-01-08 14:16:08] Exact - CX: 98, U3: 162, Depth: 193
[2025-01-08 14:16:08] Successfully processed graph 38 - Category: win
[2025-01-08 14:16:08] 
Processing graph 39/200
[2025-01-08 14:16:08] Graph 39 has 16 nodes and 31 edges
[2025-01-08 14:16:08] Converted to 31 bitstring edges
[2025-01-08 14:16:08] Computing Matchings Dynamic walk
[2025-01-08 14:16:08] Matchings - CX: 64, U3: 59, Depth: 96
[2025-01-08 14:16:08] Computing Exact walk
[2025-01-08 14:16:09] Exact - CX: 100, U3: 165, Depth: 197
[2025-01-08 14:16:09] Successfully processed graph 39 - Category: win
[2025-01-08 14:16:09] 
Processing graph 40/200
[2025-01-08 14:16:09] Graph 40 has 16 nodes and 40 edges
[2025-01-08 14:16:09] Converted to 40 bitstring edges
[2025-01-08 14:16:09] Computing Matchings Dynamic walk
[2025-01-08 14:16:10] Matchings - CX: 78, U3: 68, Depth: 115
[2025-01-08 14:16:10] Computing Exact walk
[2025-01-08 14:16:10] Exact - CX: 100, U3: 160, Depth: 194
[2025-01-08 14:16:10] Successfully processed graph 40 - Category: win
[2025-01-08 14:16:10] 
Processing graph 41/200
[2025-01-08 14:16:10] Graph 41 has 16 nodes and 38 edges
[2025-01-08 14:16:10] Converted to 38 bitstring edges
[2025-01-08 14:16:10] Computing Matchings Dynamic walk
[2025-01-08 14:16:11] Matchings - CX: 45, U3: 46, Depth: 69
[2025-01-08 14:16:11] Computing Exact walk
[2025-01-08 14:16:12] Exact - CX: 98, U3: 158, Depth: 190
[2025-01-08 14:16:12] Successfully processed graph 41 - Category: win
[2025-01-08 14:16:12] 
Processing graph 42/200
[2025-01-08 14:16:12] Graph 42 has 16 nodes and 36 edges
[2025-01-08 14:16:12] Converted to 36 bitstring edges
[2025-01-08 14:16:12] Computing Matchings Dynamic walk
[2025-01-08 14:16:12] Matchings - CX: 50, U3: 52, Depth: 79
[2025-01-08 14:16:12] Computing Exact walk
[2025-01-08 14:16:13] Exact - CX: 100, U3: 165, Depth: 197
[2025-01-08 14:16:13] Successfully processed graph 42 - Category: win
[2025-01-08 14:16:13] 
Processing graph 43/200
[2025-01-08 14:16:13] Graph 43 has 16 nodes and 35 edges
[2025-01-08 14:16:13] Converted to 35 bitstring edges
[2025-01-08 14:16:13] Computing Matchings Dynamic walk
[2025-01-08 14:16:13] Matchings - CX: 55, U3: 57, Depth: 86
[2025-01-08 14:16:13] Computing Exact walk
[2025-01-08 14:16:14] Exact - CX: 100, U3: 160, Depth: 194
[2025-01-08 14:16:14] Successfully processed graph 43 - Category: win
[2025-01-08 14:16:14] 
Processing graph 44/200
[2025-01-08 14:16:14] Graph 44 has 16 nodes and 31 edges
[2025-01-08 14:16:14] Converted to 31 bitstring edges
[2025-01-08 14:16:14] Computing Matchings Dynamic walk
[2025-01-08 14:16:15] Matchings - CX: 50, U3: 52, Depth: 77
[2025-01-08 14:16:15] Computing Exact walk
[2025-01-08 14:16:15] Exact - CX: 100, U3: 165, Depth: 197
[2025-01-08 14:16:15] Successfully processed graph 44 - Category: win
[2025-01-08 14:16:15] 
Processing graph 45/200
[2025-01-08 14:16:15] Graph 45 has 16 nodes and 37 edges
[2025-01-08 14:16:15] Converted to 37 bitstring edges
[2025-01-08 14:16:15] Computing Matchings Dynamic walk
[2025-01-08 14:16:16] Matchings - CX: 50, U3: 51, Depth: 77
[2025-01-08 14:16:16] Computing Exact walk
[2025-01-08 14:16:17] Exact - CX: 100, U3: 165, Depth: 197
[2025-01-08 14:16:17] Successfully processed graph 45 - Category: win
[2025-01-08 14:16:17] 
Processing graph 46/200
[2025-01-08 14:16:17] Graph 46 has 16 nodes and 34 edges
[2025-01-08 14:16:17] Converted to 34 bitstring edges
[2025-01-08 14:16:17] Computing Matchings Dynamic walk
[2025-01-08 14:16:17] Matchings - CX: 69, U3: 62, Depth: 104
[2025-01-08 14:16:17] Computing Exact walk
[2025-01-08 14:16:18] Exact - CX: 100, U3: 160, Depth: 194
[2025-01-08 14:16:18] Successfully processed graph 46 - Category: win
[2025-01-08 14:16:18] 
Processing graph 47/200
[2025-01-08 14:16:18] Graph 47 has 16 nodes and 35 edges
[2025-01-08 14:16:18] Converted to 35 bitstring edges
[2025-01-08 14:16:18] Computing Matchings Dynamic walk
[2025-01-08 14:16:19] Matchings - CX: 79, U3: 76, Depth: 122
[2025-01-08 14:16:19] Computing Exact walk
[2025-01-08 14:16:19] Exact - CX: 100, U3: 165, Depth: 197
[2025-01-08 14:16:19] Successfully processed graph 47 - Category: win
[2025-01-08 14:16:19] 
Processing graph 48/200
[2025-01-08 14:16:19] Graph 48 has 16 nodes and 38 edges
[2025-01-08 14:16:19] Converted to 38 bitstring edges
[2025-01-08 14:16:19] Computing Matchings Dynamic walk
[2025-01-08 14:16:20] Matchings - CX: 60, U3: 54, Depth: 94
[2025-01-08 14:16:20] Computing Exact walk
[2025-01-08 14:16:21] Exact - CX: 100, U3: 165, Depth: 197
[2025-01-08 14:16:21] Successfully processed graph 48 - Category: win
[2025-01-08 14:16:21] 
Processing graph 49/200
[2025-01-08 14:16:21] Graph 49 has 16 nodes and 38 edges
[2025-01-08 14:16:21] Converted to 38 bitstring edges
[2025-01-08 14:16:21] Computing Matchings Dynamic walk
[2025-01-08 14:16:21] Matchings - CX: 52, U3: 54, Depth: 79
[2025-01-08 14:16:21] Computing Exact walk
[2025-01-08 14:16:22] Exact - CX: 98, U3: 160, Depth: 192
[2025-01-08 14:16:22] Successfully processed graph 49 - Category: win
[2025-01-08 14:16:22] 
Processing graph 50/200
[2025-01-08 14:16:22] Graph 50 has 16 nodes and 38 edges
[2025-01-08 14:16:22] Converted to 38 bitstring edges
[2025-01-08 14:16:22] Computing Matchings Dynamic walk
[2025-01-08 14:16:23] Matchings - CX: 49, U3: 44, Depth: 75
[2025-01-08 14:16:23] Computing Exact walk
[2025-01-08 14:16:23] Exact - CX: 100, U3: 165, Depth: 197
[2025-01-08 14:16:23] Successfully processed graph 50 - Category: win
[2025-01-08 14:16:23] 
Processing graph 51/200
[2025-01-08 14:16:23] Graph 51 has 16 nodes and 35 edges
[2025-01-08 14:16:23] Converted to 35 bitstring edges
[2025-01-08 14:16:23] Computing Matchings Dynamic walk
[2025-01-08 14:16:24] Matchings - CX: 52, U3: 51, Depth: 80
[2025-01-08 14:16:24] Computing Exact walk
[2025-01-08 14:16:25] Exact - CX: 100, U3: 165, Depth: 197
[2025-01-08 14:16:25] Successfully processed graph 51 - Category: win
[2025-01-08 14:16:25] 
Processing graph 52/200
[2025-01-08 14:16:25] Graph 52 has 16 nodes and 35 edges
[2025-01-08 14:16:25] Converted to 35 bitstring edges
[2025-01-08 14:16:25] Computing Matchings Dynamic walk
[2025-01-08 14:16:25] Matchings - CX: 53, U3: 52, Depth: 81
[2025-01-08 14:16:25] Computing Exact walk
[2025-01-08 14:16:26] Exact - CX: 100, U3: 164, Depth: 197
[2025-01-08 14:16:26] Successfully processed graph 52 - Category: win
[2025-01-08 14:16:26] 
Processing graph 53/200
[2025-01-08 14:16:26] Graph 53 has 16 nodes and 36 edges
[2025-01-08 14:16:26] Converted to 36 bitstring edges
[2025-01-08 14:16:26] Computing Matchings Dynamic walk
[2025-01-08 14:16:26] Matchings - CX: 45, U3: 44, Depth: 69
[2025-01-08 14:16:26] Computing Exact walk
[2025-01-08 14:16:27] Exact - CX: 100, U3: 165, Depth: 197
[2025-01-08 14:16:27] Successfully processed graph 53 - Category: win
[2025-01-08 14:16:27] 
Processing graph 54/200
[2025-01-08 14:16:27] Graph 54 has 16 nodes and 34 edges
[2025-01-08 14:16:27] Converted to 34 bitstring edges
[2025-01-08 14:16:27] Computing Matchings Dynamic walk
[2025-01-08 14:16:28] Matchings - CX: 76, U3: 77, Depth: 114
[2025-01-08 14:16:28] Computing Exact walk
[2025-01-08 14:16:28] Exact - CX: 100, U3: 165, Depth: 197
[2025-01-08 14:16:28] Successfully processed graph 54 - Category: win
[2025-01-08 14:16:28] 
Processing graph 55/200
[2025-01-08 14:16:28] Graph 55 has 16 nodes and 34 edges
[2025-01-08 14:16:28] Converted to 34 bitstring edges
[2025-01-08 14:16:28] Computing Matchings Dynamic walk
[2025-01-08 14:16:29] Matchings - CX: 49, U3: 47, Depth: 75
[2025-01-08 14:16:29] Computing Exact walk
[2025-01-08 14:16:30] Exact - CX: 100, U3: 165, Depth: 197
[2025-01-08 14:16:30] Successfully processed graph 55 - Category: win
[2025-01-08 14:16:30] 
Processing graph 56/200
[2025-01-08 14:16:30] Graph 56 has 16 nodes and 36 edges
[2025-01-08 14:16:30] Converted to 36 bitstring edges
[2025-01-08 14:16:30] Computing Matchings Dynamic walk
[2025-01-08 14:16:30] Matchings - CX: 47, U3: 46, Depth: 72
[2025-01-08 14:16:30] Computing Exact walk
[2025-01-08 14:16:31] Exact - CX: 100, U3: 164, Depth: 196
[2025-01-08 14:16:31] Successfully processed graph 56 - Category: win
[2025-01-08 14:16:31] 
Processing graph 57/200
[2025-01-08 14:16:31] Graph 57 has 16 nodes and 34 edges
[2025-01-08 14:16:31] Converted to 34 bitstring edges
[2025-01-08 14:16:31] Computing Matchings Dynamic walk
[2025-01-08 14:16:31] Matchings - CX: 77, U3: 76, Depth: 117
[2025-01-08 14:16:31] Computing Exact walk
[2025-01-08 14:16:32] Exact - CX: 100, U3: 165, Depth: 197
[2025-01-08 14:16:32] Successfully processed graph 57 - Category: win
[2025-01-08 14:16:32] 
Processing graph 58/200
[2025-01-08 14:16:32] Graph 58 has 16 nodes and 35 edges
[2025-01-08 14:16:32] Converted to 35 bitstring edges
[2025-01-08 14:16:32] Computing Matchings Dynamic walk
[2025-01-08 14:16:33] Matchings - CX: 71, U3: 61, Depth: 106
[2025-01-08 14:16:33] Computing Exact walk
[2025-01-08 14:16:34] Exact - CX: 100, U3: 165, Depth: 197
[2025-01-08 14:16:34] Successfully processed graph 58 - Category: win
[2025-01-08 14:16:34] 
Processing graph 59/200
[2025-01-08 14:16:34] Graph 59 has 16 nodes and 37 edges
[2025-01-08 14:16:34] Converted to 37 bitstring edges
[2025-01-08 14:16:34] Computing Matchings Dynamic walk
[2025-01-08 14:16:34] Matchings - CX: 52, U3: 48, Depth: 79
[2025-01-08 14:16:34] Computing Exact walk
[2025-01-08 14:16:35] Exact - CX: 100, U3: 165, Depth: 197
[2025-01-08 14:16:35] Successfully processed graph 59 - Category: win
[2025-01-08 14:16:35] 
Processing graph 60/200
[2025-01-08 14:16:35] Graph 60 has 16 nodes and 35 edges
[2025-01-08 14:16:35] Converted to 35 bitstring edges
[2025-01-08 14:16:35] Computing Matchings Dynamic walk
[2025-01-08 14:16:35] Matchings - CX: 65, U3: 54, Depth: 92
[2025-01-08 14:16:35] Computing Exact walk
[2025-01-08 14:16:36] Exact - CX: 100, U3: 165, Depth: 197
[2025-01-08 14:16:36] Successfully processed graph 60 - Category: win
[2025-01-08 14:16:36] 
Processing graph 61/200
[2025-01-08 14:16:36] Graph 61 has 16 nodes and 35 edges
[2025-01-08 14:16:36] Converted to 35 bitstring edges
[2025-01-08 14:16:36] Computing Matchings Dynamic walk
[2025-01-08 14:16:37] Matchings - CX: 60, U3: 53, Depth: 94
[2025-01-08 14:16:37] Computing Exact walk
[2025-01-08 14:16:38] Exact - CX: 98, U3: 161, Depth: 192
[2025-01-08 14:16:38] Successfully processed graph 61 - Category: win
[2025-01-08 14:16:38] 
Processing graph 62/200
[2025-01-08 14:16:38] Graph 62 has 16 nodes and 33 edges
[2025-01-08 14:16:38] Converted to 33 bitstring edges
[2025-01-08 14:16:38] Computing Matchings Dynamic walk
[2025-01-08 14:16:38] Matchings - CX: 52, U3: 52, Depth: 82
[2025-01-08 14:16:38] Computing Exact walk
[2025-01-08 14:16:39] Exact - CX: 100, U3: 165, Depth: 197
[2025-01-08 14:16:39] Successfully processed graph 62 - Category: win
[2025-01-08 14:16:39] 
Processing graph 63/200
[2025-01-08 14:16:39] Graph 63 has 16 nodes and 33 edges
[2025-01-08 14:16:39] Converted to 33 bitstring edges
[2025-01-08 14:16:39] Computing Matchings Dynamic walk
[2025-01-08 14:16:39] Matchings - CX: 52, U3: 50, Depth: 77
[2025-01-08 14:16:39] Computing Exact walk
[2025-01-08 14:16:40] Exact - CX: 100, U3: 165, Depth: 197
[2025-01-08 14:16:40] Successfully processed graph 63 - Category: win
[2025-01-08 14:16:40] 
Processing graph 64/200
[2025-01-08 14:16:40] Graph 64 has 16 nodes and 36 edges
[2025-01-08 14:16:40] Converted to 36 bitstring edges
[2025-01-08 14:16:40] Computing Matchings Dynamic walk
[2025-01-08 14:16:41] Matchings - CX: 63, U3: 59, Depth: 95
[2025-01-08 14:16:41] Computing Exact walk
[2025-01-08 14:16:41] Exact - CX: 100, U3: 165, Depth: 197
[2025-01-08 14:16:41] Successfully processed graph 64 - Category: win
[2025-01-08 14:16:41] 
Processing graph 65/200
[2025-01-08 14:16:41] Graph 65 has 16 nodes and 36 edges
[2025-01-08 14:16:41] Converted to 36 bitstring edges
[2025-01-08 14:16:41] Computing Matchings Dynamic walk
[2025-01-08 14:16:42] Matchings - CX: 57, U3: 58, Depth: 89
[2025-01-08 14:16:42] Computing Exact walk
[2025-01-08 14:16:43] Exact - CX: 100, U3: 165, Depth: 197
[2025-01-08 14:16:43] Successfully processed graph 65 - Category: win
[2025-01-08 14:16:43] 
Processing graph 66/200
[2025-01-08 14:16:43] Graph 66 has 16 nodes and 35 edges
[2025-01-08 14:16:43] Converted to 35 bitstring edges
[2025-01-08 14:16:43] Computing Matchings Dynamic walk
[2025-01-08 14:16:43] Matchings - CX: 76, U3: 76, Depth: 113
[2025-01-08 14:16:43] Computing Exact walk
[2025-01-08 14:16:44] Exact - CX: 100, U3: 165, Depth: 197
[2025-01-08 14:16:44] Successfully processed graph 66 - Category: win
[2025-01-08 14:16:44] 
Processing graph 67/200
[2025-01-08 14:16:44] Graph 67 has 16 nodes and 32 edges
[2025-01-08 14:16:44] Converted to 32 bitstring edges
[2025-01-08 14:16:44] Computing Matchings Dynamic walk
[2025-01-08 14:16:44] Matchings - CX: 69, U3: 55, Depth: 99
[2025-01-08 14:16:44] Computing Exact walk
[2025-01-08 14:16:45] Exact - CX: 100, U3: 165, Depth: 197
[2025-01-08 14:16:45] Successfully processed graph 67 - Category: win
[2025-01-08 14:16:45] 
Processing graph 68/200
[2025-01-08 14:16:45] Graph 68 has 16 nodes and 33 edges
[2025-01-08 14:16:45] Converted to 33 bitstring edges
[2025-01-08 14:16:45] Computing Matchings Dynamic walk
[2025-01-08 14:16:46] Matchings - CX: 47, U3: 44, Depth: 71
[2025-01-08 14:16:46] Computing Exact walk
[2025-01-08 14:16:47] Exact - CX: 100, U3: 165, Depth: 197
[2025-01-08 14:16:47] Successfully processed graph 68 - Category: win
[2025-01-08 14:16:47] 
Processing graph 69/200
[2025-01-08 14:16:47] Graph 69 has 16 nodes and 36 edges
[2025-01-08 14:16:47] Converted to 36 bitstring edges
[2025-01-08 14:16:47] Computing Matchings Dynamic walk
[2025-01-08 14:16:47] Matchings - CX: 77, U3: 65, Depth: 112
[2025-01-08 14:16:47] Computing Exact walk
[2025-01-08 14:16:48] Exact - CX: 100, U3: 165, Depth: 197
[2025-01-08 14:16:48] Successfully processed graph 69 - Category: win
[2025-01-08 14:16:48] 
Processing graph 70/200
[2025-01-08 14:16:48] Graph 70 has 16 nodes and 36 edges
[2025-01-08 14:16:48] Converted to 36 bitstring edges
[2025-01-08 14:16:48] Computing Matchings Dynamic walk
[2025-01-08 14:16:48] Matchings - CX: 47, U3: 41, Depth: 67
[2025-01-08 14:16:48] Computing Exact walk
[2025-01-08 14:16:49] Exact - CX: 100, U3: 165, Depth: 197
[2025-01-08 14:16:49] Successfully processed graph 70 - Category: win
[2025-01-08 14:16:49] 
Processing graph 71/200
[2025-01-08 14:16:49] Graph 71 has 16 nodes and 34 edges
[2025-01-08 14:16:49] Converted to 34 bitstring edges
[2025-01-08 14:16:49] Computing Matchings Dynamic walk
[2025-01-08 14:16:50] Matchings - CX: 57, U3: 54, Depth: 86
[2025-01-08 14:16:50] Computing Exact walk
[2025-01-08 14:16:50] Exact - CX: 100, U3: 165, Depth: 197
[2025-01-08 14:16:50] Successfully processed graph 71 - Category: win
[2025-01-08 14:16:50] 
Processing graph 72/200
[2025-01-08 14:16:50] Graph 72 has 16 nodes and 37 edges
[2025-01-08 14:16:50] Converted to 37 bitstring edges
[2025-01-08 14:16:50] Computing Matchings Dynamic walk
[2025-01-08 14:16:51] Matchings - CX: 51, U3: 50, Depth: 79
[2025-01-08 14:16:51] Computing Exact walk
[2025-01-08 14:16:52] Exact - CX: 100, U3: 165, Depth: 197
[2025-01-08 14:16:52] Successfully processed graph 72 - Category: win
[2025-01-08 14:16:52] 
Processing graph 73/200
[2025-01-08 14:16:52] Graph 73 has 16 nodes and 34 edges
[2025-01-08 14:16:52] Converted to 34 bitstring edges
[2025-01-08 14:16:52] Computing Matchings Dynamic walk
[2025-01-08 14:16:52] Matchings - CX: 62, U3: 63, Depth: 96
[2025-01-08 14:16:52] Computing Exact walk
[2025-01-08 14:16:53] Exact - CX: 97, U3: 159, Depth: 190
[2025-01-08 14:16:53] Successfully processed graph 73 - Category: win
[2025-01-08 14:16:53] 
Processing graph 74/200
[2025-01-08 14:16:53] Graph 74 has 16 nodes and 34 edges
[2025-01-08 14:16:53] Converted to 34 bitstring edges
[2025-01-08 14:16:53] Computing Matchings Dynamic walk
[2025-01-08 14:16:53] Matchings - CX: 45, U3: 46, Depth: 69
[2025-01-08 14:16:53] Computing Exact walk
[2025-01-08 14:16:54] Exact - CX: 100, U3: 160, Depth: 195
[2025-01-08 14:16:54] Successfully processed graph 74 - Category: win
[2025-01-08 14:16:54] 
Processing graph 75/200
[2025-01-08 14:16:54] Graph 75 has 16 nodes and 39 edges
[2025-01-08 14:16:54] Converted to 39 bitstring edges
[2025-01-08 14:16:54] Computing Matchings Dynamic walk
[2025-01-08 14:16:55] Matchings - CX: 89, U3: 79, Depth: 133
[2025-01-08 14:16:55] Computing Exact walk
[2025-01-08 14:16:56] Exact - CX: 100, U3: 165, Depth: 197
[2025-01-08 14:16:56] Successfully processed graph 75 - Category: win
[2025-01-08 14:16:56] 
Processing graph 76/200
[2025-01-08 14:16:56] Graph 76 has 16 nodes and 37 edges
[2025-01-08 14:16:56] Converted to 37 bitstring edges
[2025-01-08 14:16:56] Computing Matchings Dynamic walk
[2025-01-08 14:16:56] Matchings - CX: 39, U3: 43, Depth: 62
[2025-01-08 14:16:56] Computing Exact walk
[2025-01-08 14:16:57] Exact - CX: 100, U3: 165, Depth: 197
[2025-01-08 14:16:57] Successfully processed graph 76 - Category: win
[2025-01-08 14:16:57] 
Processing graph 77/200
[2025-01-08 14:16:57] Graph 77 has 16 nodes and 36 edges
[2025-01-08 14:16:57] Converted to 36 bitstring edges
[2025-01-08 14:16:57] Computing Matchings Dynamic walk
[2025-01-08 14:16:58] Matchings - CX: 58, U3: 57, Depth: 88
[2025-01-08 14:16:58] Computing Exact walk
[2025-01-08 14:16:58] Exact - CX: 100, U3: 163, Depth: 196
[2025-01-08 14:16:58] Successfully processed graph 77 - Category: win
[2025-01-08 14:16:58] 
Processing graph 78/200
[2025-01-08 14:16:58] Graph 78 has 16 nodes and 37 edges
[2025-01-08 14:16:58] Converted to 37 bitstring edges
[2025-01-08 14:16:58] Computing Matchings Dynamic walk
[2025-01-08 14:16:59] Matchings - CX: 75, U3: 71, Depth: 115
[2025-01-08 14:16:59] Computing Exact walk
[2025-01-08 14:17:00] Exact - CX: 100, U3: 165, Depth: 197
[2025-01-08 14:17:00] Successfully processed graph 78 - Category: win
[2025-01-08 14:17:00] 
Processing graph 79/200
[2025-01-08 14:17:00] Graph 79 has 16 nodes and 34 edges
[2025-01-08 14:17:00] Converted to 34 bitstring edges
[2025-01-08 14:17:00] Computing Matchings Dynamic walk
[2025-01-08 14:17:00] Matchings - CX: 51, U3: 53, Depth: 79
[2025-01-08 14:17:00] Computing Exact walk
[2025-01-08 14:17:01] Exact - CX: 98, U3: 162, Depth: 192
[2025-01-08 14:17:01] Successfully processed graph 79 - Category: win
[2025-01-08 14:17:01] 
Processing graph 80/200
[2025-01-08 14:17:01] Graph 80 has 16 nodes and 33 edges
[2025-01-08 14:17:01] Converted to 33 bitstring edges
[2025-01-08 14:17:01] Computing Matchings Dynamic walk
[2025-01-08 14:17:02] Matchings - CX: 59, U3: 55, Depth: 87
[2025-01-08 14:17:02] Computing Exact walk
[2025-01-08 14:17:02] Exact - CX: 100, U3: 165, Depth: 197
[2025-01-08 14:17:02] Successfully processed graph 80 - Category: win
[2025-01-08 14:17:02] 
Processing graph 81/200
[2025-01-08 14:17:02] Graph 81 has 16 nodes and 34 edges
[2025-01-08 14:17:02] Converted to 34 bitstring edges
[2025-01-08 14:17:02] Computing Matchings Dynamic walk
[2025-01-08 14:17:03] Matchings - CX: 73, U3: 68, Depth: 110
[2025-01-08 14:17:03] Computing Exact walk
[2025-01-08 14:17:04] Exact - CX: 98, U3: 160, Depth: 191
[2025-01-08 14:17:04] Successfully processed graph 81 - Category: win
[2025-01-08 14:17:04] 
Processing graph 82/200
[2025-01-08 14:17:04] Graph 82 has 16 nodes and 35 edges
[2025-01-08 14:17:04] Converted to 35 bitstring edges
[2025-01-08 14:17:04] Computing Matchings Dynamic walk
[2025-01-08 14:17:04] Matchings - CX: 53, U3: 50, Depth: 80
[2025-01-08 14:17:04] Computing Exact walk
[2025-01-08 14:17:05] Exact - CX: 100, U3: 165, Depth: 197
[2025-01-08 14:17:05] Successfully processed graph 82 - Category: win
[2025-01-08 14:17:05] 
Processing graph 83/200
[2025-01-08 14:17:05] Graph 83 has 16 nodes and 34 edges
[2025-01-08 14:17:05] Converted to 34 bitstring edges
[2025-01-08 14:17:05] Computing Matchings Dynamic walk
[2025-01-08 14:17:05] Matchings - CX: 51, U3: 52, Depth: 80
[2025-01-08 14:17:05] Computing Exact walk
[2025-01-08 14:17:06] Exact - CX: 100, U3: 165, Depth: 197
[2025-01-08 14:17:06] Successfully processed graph 83 - Category: win
[2025-01-08 14:17:06] 
Processing graph 84/200
[2025-01-08 14:17:06] Graph 84 has 16 nodes and 37 edges
[2025-01-08 14:17:06] Converted to 37 bitstring edges
[2025-01-08 14:17:06] Computing Matchings Dynamic walk
[2025-01-08 14:17:07] Matchings - CX: 66, U3: 61, Depth: 99
[2025-01-08 14:17:07] Computing Exact walk
[2025-01-08 14:17:08] Exact - CX: 100, U3: 165, Depth: 197
[2025-01-08 14:17:08] Successfully processed graph 84 - Category: win
[2025-01-08 14:17:08] 
Processing graph 85/200
[2025-01-08 14:17:08] Graph 85 has 16 nodes and 33 edges
[2025-01-08 14:17:08] Converted to 33 bitstring edges
[2025-01-08 14:17:08] Computing Matchings Dynamic walk
[2025-01-08 14:17:08] Matchings - CX: 62, U3: 52, Depth: 92
[2025-01-08 14:17:08] Computing Exact walk
[2025-01-08 14:17:09] Exact - CX: 100, U3: 165, Depth: 197
[2025-01-08 14:17:09] Successfully processed graph 85 - Category: win
[2025-01-08 14:17:09] 
Processing graph 86/200
[2025-01-08 14:17:09] Graph 86 has 16 nodes and 34 edges
[2025-01-08 14:17:09] Converted to 34 bitstring edges
[2025-01-08 14:17:09] Computing Matchings Dynamic walk
[2025-01-08 14:17:09] Matchings - CX: 49, U3: 51, Depth: 76
[2025-01-08 14:17:09] Computing Exact walk
[2025-01-08 14:17:10] Exact - CX: 99, U3: 161, Depth: 194
[2025-01-08 14:17:10] Successfully processed graph 86 - Category: win
[2025-01-08 14:17:10] 
Processing graph 87/200
[2025-01-08 14:17:10] Graph 87 has 16 nodes and 32 edges
[2025-01-08 14:17:10] Converted to 32 bitstring edges
[2025-01-08 14:17:10] Computing Matchings Dynamic walk
[2025-01-08 14:17:11] Matchings - CX: 43, U3: 42, Depth: 66
[2025-01-08 14:17:11] Computing Exact walk
[2025-01-08 14:17:11] Exact - CX: 100, U3: 162, Depth: 196
[2025-01-08 14:17:11] Successfully processed graph 87 - Category: win
[2025-01-08 14:17:11] 
Processing graph 88/200
[2025-01-08 14:17:11] Graph 88 has 16 nodes and 37 edges
[2025-01-08 14:17:11] Converted to 37 bitstring edges
[2025-01-08 14:17:11] Computing Matchings Dynamic walk
[2025-01-08 14:17:12] Matchings - CX: 62, U3: 57, Depth: 94
[2025-01-08 14:17:12] Computing Exact walk
[2025-01-08 14:17:13] Exact - CX: 100, U3: 165, Depth: 197
[2025-01-08 14:17:13] Successfully processed graph 88 - Category: win
[2025-01-08 14:17:13] 
Processing graph 89/200
[2025-01-08 14:17:13] Graph 89 has 16 nodes and 37 edges
[2025-01-08 14:17:13] Converted to 37 bitstring edges
[2025-01-08 14:17:13] Computing Matchings Dynamic walk
[2025-01-08 14:17:13] Matchings - CX: 56, U3: 58, Depth: 83
[2025-01-08 14:17:13] Computing Exact walk
[2025-01-08 14:17:14] Exact - CX: 100, U3: 165, Depth: 197
[2025-01-08 14:17:14] Successfully processed graph 89 - Category: win
[2025-01-08 14:17:14] 
Processing graph 90/200
[2025-01-08 14:17:14] Graph 90 has 16 nodes and 37 edges
[2025-01-08 14:17:14] Converted to 37 bitstring edges
[2025-01-08 14:17:14] Computing Matchings Dynamic walk
[2025-01-08 14:17:15] Matchings - CX: 69, U3: 63, Depth: 103
[2025-01-08 14:17:15] Computing Exact walk
[2025-01-08 14:17:15] Exact - CX: 98, U3: 162, Depth: 193
[2025-01-08 14:17:15] Successfully processed graph 90 - Category: win
[2025-01-08 14:17:15] 
Processing graph 91/200
[2025-01-08 14:17:15] Graph 91 has 16 nodes and 36 edges
[2025-01-08 14:17:15] Converted to 36 bitstring edges
[2025-01-08 14:17:15] Computing Matchings Dynamic walk
[2025-01-08 14:17:16] Matchings - CX: 40, U3: 47, Depth: 64
[2025-01-08 14:17:16] Computing Exact walk
[2025-01-08 14:17:17] Exact - CX: 100, U3: 165, Depth: 197
[2025-01-08 14:17:17] Successfully processed graph 91 - Category: win
[2025-01-08 14:17:17] 
Processing graph 92/200
[2025-01-08 14:17:17] Graph 92 has 16 nodes and 34 edges
[2025-01-08 14:17:17] Converted to 34 bitstring edges
[2025-01-08 14:17:17] Computing Matchings Dynamic walk
[2025-01-08 14:17:17] Matchings - CX: 71, U3: 62, Depth: 106
[2025-01-08 14:17:17] Computing Exact walk
[2025-01-08 14:17:18] Exact - CX: 100, U3: 165, Depth: 197
[2025-01-08 14:17:18] Successfully processed graph 92 - Category: win
[2025-01-08 14:17:18] 
Processing graph 93/200
[2025-01-08 14:17:18] Graph 93 has 16 nodes and 36 edges
[2025-01-08 14:17:18] Converted to 36 bitstring edges
[2025-01-08 14:17:18] Computing Matchings Dynamic walk
[2025-01-08 14:17:18] Matchings - CX: 88, U3: 80, Depth: 129
[2025-01-08 14:17:18] Computing Exact walk
[2025-01-08 14:17:19] Exact - CX: 100, U3: 165, Depth: 197
[2025-01-08 14:17:19] Successfully processed graph 93 - Category: win
[2025-01-08 14:17:19] 
Processing graph 94/200
[2025-01-08 14:17:19] Graph 94 has 16 nodes and 36 edges
[2025-01-08 14:17:19] Converted to 36 bitstring edges
[2025-01-08 14:17:19] Computing Matchings Dynamic walk
[2025-01-08 14:17:20] Matchings - CX: 84, U3: 75, Depth: 122
[2025-01-08 14:17:20] Computing Exact walk
[2025-01-08 14:17:21] Exact - CX: 97, U3: 158, Depth: 189
[2025-01-08 14:17:21] Successfully processed graph 94 - Category: win
[2025-01-08 14:17:21] 
Processing graph 95/200
[2025-01-08 14:17:21] Graph 95 has 16 nodes and 33 edges
[2025-01-08 14:17:21] Converted to 33 bitstring edges
[2025-01-08 14:17:21] Computing Matchings Dynamic walk
[2025-01-08 14:17:21] Matchings - CX: 56, U3: 52, Depth: 83
[2025-01-08 14:17:21] Computing Exact walk
[2025-01-08 14:17:22] Exact - CX: 98, U3: 163, Depth: 193
[2025-01-08 14:17:22] Successfully processed graph 95 - Category: win
[2025-01-08 14:17:22] 
Processing graph 96/200
[2025-01-08 14:17:22] Graph 96 has 16 nodes and 35 edges
[2025-01-08 14:17:22] Converted to 35 bitstring edges
[2025-01-08 14:17:22] Computing Matchings Dynamic walk
[2025-01-08 14:17:22] Matchings - CX: 51, U3: 49, Depth: 77
[2025-01-08 14:17:22] Computing Exact walk
[2025-01-08 14:17:23] Exact - CX: 100, U3: 165, Depth: 197
[2025-01-08 14:17:23] Successfully processed graph 96 - Category: win
[2025-01-08 14:17:23] 
Processing graph 97/200
[2025-01-08 14:17:23] Graph 97 has 16 nodes and 37 edges
[2025-01-08 14:17:23] Converted to 37 bitstring edges
[2025-01-08 14:17:23] Computing Matchings Dynamic walk
[2025-01-08 14:17:24] Matchings - CX: 43, U3: 49, Depth: 69
[2025-01-08 14:17:24] Computing Exact walk
[2025-01-08 14:17:25] Exact - CX: 100, U3: 165, Depth: 197
[2025-01-08 14:17:25] Successfully processed graph 97 - Category: win
[2025-01-08 14:17:25] 
Processing graph 98/200
[2025-01-08 14:17:25] Graph 98 has 16 nodes and 38 edges
[2025-01-08 14:17:25] Converted to 38 bitstring edges
[2025-01-08 14:17:25] Computing Matchings Dynamic walk
[2025-01-08 14:17:25] Matchings - CX: 72, U3: 71, Depth: 111
[2025-01-08 14:17:25] Computing Exact walk
[2025-01-08 14:17:26] Exact - CX: 100, U3: 165, Depth: 197
[2025-01-08 14:17:26] Successfully processed graph 98 - Category: win
[2025-01-08 14:17:26] 
Processing graph 99/200
[2025-01-08 14:17:26] Graph 99 has 16 nodes and 36 edges
[2025-01-08 14:17:26] Converted to 36 bitstring edges
[2025-01-08 14:17:26] Computing Matchings Dynamic walk
[2025-01-08 14:17:27] Matchings - CX: 64, U3: 61, Depth: 93
[2025-01-08 14:17:27] Computing Exact walk
[2025-01-08 14:17:28] Exact - CX: 100, U3: 160, Depth: 194
[2025-01-08 14:17:28] Successfully processed graph 99 - Category: win
[2025-01-08 14:17:28] 
Processing graph 100/200
[2025-01-08 14:17:28] Graph 100 has 16 nodes and 37 edges
[2025-01-08 14:17:28] Converted to 37 bitstring edges
[2025-01-08 14:17:28] Computing Matchings Dynamic walk
[2025-01-08 14:17:29] Matchings - CX: 51, U3: 50, Depth: 77
[2025-01-08 14:17:29] Computing Exact walk
[2025-01-08 14:17:31] Exact - CX: 100, U3: 165, Depth: 197
[2025-01-08 14:17:31] Successfully processed graph 100 - Category: win
[2025-01-08 14:17:31] 
Processing graph 101/200
[2025-01-08 14:17:31] Graph 101 has 16 nodes and 35 edges
[2025-01-08 14:17:31] Converted to 35 bitstring edges
[2025-01-08 14:17:31] Computing Matchings Dynamic walk
[2025-01-08 14:17:32] Matchings - CX: 63, U3: 56, Depth: 95
[2025-01-08 14:17:32] Computing Exact walk
[2025-01-08 14:17:34] Exact - CX: 100, U3: 163, Depth: 195
[2025-01-08 14:17:34] Successfully processed graph 101 - Category: win
[2025-01-08 14:17:34] 
Processing graph 102/200
[2025-01-08 14:17:34] Graph 102 has 16 nodes and 31 edges
[2025-01-08 14:17:34] Converted to 31 bitstring edges
[2025-01-08 14:17:34] Computing Matchings Dynamic walk
[2025-01-08 14:17:34] Matchings - CX: 40, U3: 44, Depth: 63
[2025-01-08 14:17:34] Computing Exact walk
[2025-01-08 14:17:36] Exact - CX: 100, U3: 165, Depth: 197
[2025-01-08 14:17:36] Successfully processed graph 102 - Category: win
[2025-01-08 14:17:36] 
Processing graph 103/200
[2025-01-08 14:17:36] Graph 103 has 16 nodes and 37 edges
[2025-01-08 14:17:36] Converted to 37 bitstring edges
[2025-01-08 14:17:36] Computing Matchings Dynamic walk
[2025-01-08 14:17:37] Matchings - CX: 51, U3: 53, Depth: 82
[2025-01-08 14:17:37] Computing Exact walk
[2025-01-08 14:17:39] Exact - CX: 100, U3: 161, Depth: 195
[2025-01-08 14:17:39] Successfully processed graph 103 - Category: win
[2025-01-08 14:17:39] 
Processing graph 104/200
[2025-01-08 14:17:39] Graph 104 has 16 nodes and 34 edges
[2025-01-08 14:17:39] Converted to 34 bitstring edges
[2025-01-08 14:17:39] Computing Matchings Dynamic walk
[2025-01-08 14:17:40] Matchings - CX: 58, U3: 63, Depth: 92
[2025-01-08 14:17:40] Computing Exact walk
[2025-01-08 14:17:41] Exact - CX: 100, U3: 165, Depth: 197
[2025-01-08 14:17:41] Successfully processed graph 104 - Category: win
[2025-01-08 14:17:41] 
Processing graph 105/200
[2025-01-08 14:17:41] Graph 105 has 16 nodes and 35 edges
[2025-01-08 14:17:41] Converted to 35 bitstring edges
[2025-01-08 14:17:41] Computing Matchings Dynamic walk
[2025-01-08 14:17:42] Matchings - CX: 66, U3: 66, Depth: 103
[2025-01-08 14:17:42] Computing Exact walk
[2025-01-08 14:17:44] Exact - CX: 100, U3: 165, Depth: 197
[2025-01-08 14:17:44] Successfully processed graph 105 - Category: win
[2025-01-08 14:17:44] 
Processing graph 106/200
[2025-01-08 14:17:44] Graph 106 has 16 nodes and 36 edges
[2025-01-08 14:17:44] Converted to 36 bitstring edges
[2025-01-08 14:17:44] Computing Matchings Dynamic walk
[2025-01-08 14:17:45] Matchings - CX: 66, U3: 65, Depth: 96
[2025-01-08 14:17:45] Computing Exact walk
[2025-01-08 14:17:46] Exact - CX: 100, U3: 165, Depth: 197
[2025-01-08 14:17:46] Successfully processed graph 106 - Category: win
[2025-01-08 14:17:46] 
Processing graph 107/200
[2025-01-08 14:17:46] Graph 107 has 16 nodes and 33 edges
[2025-01-08 14:17:46] Converted to 33 bitstring edges
[2025-01-08 14:17:46] Computing Matchings Dynamic walk
[2025-01-08 14:17:47] Matchings - CX: 49, U3: 49, Depth: 73
[2025-01-08 14:17:47] Computing Exact walk
[2025-01-08 14:17:49] Exact - CX: 100, U3: 165, Depth: 197
[2025-01-08 14:17:49] Successfully processed graph 107 - Category: win
[2025-01-08 14:17:49] 
Processing graph 108/200
[2025-01-08 14:17:49] Graph 108 has 16 nodes and 37 edges
[2025-01-08 14:17:49] Converted to 37 bitstring edges
[2025-01-08 14:17:49] Computing Matchings Dynamic walk
[2025-01-08 14:17:50] Matchings - CX: 76, U3: 73, Depth: 113
[2025-01-08 14:17:50] Computing Exact walk
[2025-01-08 14:17:52] Exact - CX: 100, U3: 165, Depth: 197
[2025-01-08 14:17:52] Successfully processed graph 108 - Category: win
[2025-01-08 14:17:52] 
Processing graph 109/200
[2025-01-08 14:17:52] Graph 109 has 16 nodes and 38 edges
[2025-01-08 14:17:52] Converted to 38 bitstring edges
[2025-01-08 14:17:52] Computing Matchings Dynamic walk
[2025-01-08 14:17:53] Matchings - CX: 66, U3: 59, Depth: 100
[2025-01-08 14:17:53] Computing Exact walk
[2025-01-08 14:17:55] Exact - CX: 100, U3: 165, Depth: 197
[2025-01-08 14:17:55] Successfully processed graph 109 - Category: win
[2025-01-08 14:17:55] 
Processing graph 110/200
[2025-01-08 14:17:55] Graph 110 has 16 nodes and 36 edges
[2025-01-08 14:17:55] Converted to 36 bitstring edges
[2025-01-08 14:17:55] Computing Matchings Dynamic walk
[2025-01-08 14:17:56] Matchings - CX: 46, U3: 42, Depth: 71
[2025-01-08 14:17:56] Computing Exact walk
[2025-01-08 14:17:58] Exact - CX: 100, U3: 165, Depth: 197
[2025-01-08 14:17:58] Successfully processed graph 110 - Category: win
[2025-01-08 14:17:58] 
Processing graph 111/200
[2025-01-08 14:17:58] Graph 111 has 16 nodes and 34 edges
[2025-01-08 14:17:58] Converted to 34 bitstring edges
[2025-01-08 14:17:58] Computing Matchings Dynamic walk
[2025-01-08 14:17:58] Matchings - CX: 54, U3: 55, Depth: 87
[2025-01-08 14:17:58] Computing Exact walk
[2025-01-08 14:18:00] Exact - CX: 100, U3: 165, Depth: 197
[2025-01-08 14:18:00] Successfully processed graph 111 - Category: win
[2025-01-08 14:18:00] 
Processing graph 112/200
[2025-01-08 14:18:00] Graph 112 has 16 nodes and 35 edges
[2025-01-08 14:18:00] Converted to 35 bitstring edges
[2025-01-08 14:18:00] Computing Matchings Dynamic walk
[2025-01-08 14:18:01] Matchings - CX: 93, U3: 78, Depth: 132
[2025-01-08 14:18:01] Computing Exact walk
[2025-01-08 14:18:03] Exact - CX: 100, U3: 165, Depth: 197
[2025-01-08 14:18:03] Successfully processed graph 112 - Category: win
[2025-01-08 14:18:03] 
Processing graph 113/200
[2025-01-08 14:18:03] Graph 113 has 16 nodes and 36 edges
[2025-01-08 14:18:03] Converted to 36 bitstring edges
[2025-01-08 14:18:03] Computing Matchings Dynamic walk
[2025-01-08 14:18:04] Matchings - CX: 76, U3: 66, Depth: 111
[2025-01-08 14:18:04] Computing Exact walk
[2025-01-08 14:18:06] Exact - CX: 100, U3: 163, Depth: 196
[2025-01-08 14:18:06] Successfully processed graph 113 - Category: win
[2025-01-08 14:18:06] 
Processing graph 114/200
[2025-01-08 14:18:06] Graph 114 has 16 nodes and 35 edges
[2025-01-08 14:18:06] Converted to 35 bitstring edges
[2025-01-08 14:18:06] Computing Matchings Dynamic walk
[2025-01-08 14:18:07] Matchings - CX: 51, U3: 48, Depth: 77
[2025-01-08 14:18:07] Computing Exact walk
[2025-01-08 14:18:09] Exact - CX: 100, U3: 165, Depth: 197
[2025-01-08 14:18:09] Successfully processed graph 114 - Category: win
[2025-01-08 14:18:09] 
Processing graph 115/200
[2025-01-08 14:18:09] Graph 115 has 16 nodes and 38 edges
[2025-01-08 14:18:09] Converted to 38 bitstring edges
[2025-01-08 14:18:09] Computing Matchings Dynamic walk
[2025-01-08 14:18:10] Matchings - CX: 80, U3: 69, Depth: 120
[2025-01-08 14:18:10] Computing Exact walk
[2025-01-08 14:18:12] Exact - CX: 100, U3: 165, Depth: 197
[2025-01-08 14:18:12] Successfully processed graph 115 - Category: win
[2025-01-08 14:18:12] 
Processing graph 116/200
[2025-01-08 14:18:12] Graph 116 has 16 nodes and 34 edges
[2025-01-08 14:18:12] Converted to 34 bitstring edges
[2025-01-08 14:18:12] Computing Matchings Dynamic walk
[2025-01-08 14:18:13] Matchings - CX: 40, U3: 40, Depth: 64
[2025-01-08 14:18:13] Computing Exact walk
[2025-01-08 14:18:14] Exact - CX: 100, U3: 165, Depth: 197
[2025-01-08 14:18:14] Successfully processed graph 116 - Category: win
[2025-01-08 14:18:14] 
Processing graph 117/200
[2025-01-08 14:18:14] Graph 117 has 16 nodes and 35 edges
[2025-01-08 14:18:14] Converted to 35 bitstring edges
[2025-01-08 14:18:14] Computing Matchings Dynamic walk
[2025-01-08 14:18:16] Matchings - CX: 80, U3: 67, Depth: 117
[2025-01-08 14:18:16] Computing Exact walk
[2025-01-08 14:18:17] Exact - CX: 100, U3: 165, Depth: 197
[2025-01-08 14:18:17] Successfully processed graph 117 - Category: win
[2025-01-08 14:18:17] 
Processing graph 118/200
[2025-01-08 14:18:17] Graph 118 has 16 nodes and 35 edges
[2025-01-08 14:18:17] Converted to 35 bitstring edges
[2025-01-08 14:18:17] Computing Matchings Dynamic walk
[2025-01-08 14:18:18] Matchings - CX: 40, U3: 41, Depth: 61
[2025-01-08 14:18:18] Computing Exact walk
[2025-01-08 14:18:20] Exact - CX: 100, U3: 162, Depth: 196
[2025-01-08 14:18:20] Successfully processed graph 118 - Category: win
[2025-01-08 14:18:20] 
Processing graph 119/200
[2025-01-08 14:18:20] Graph 119 has 16 nodes and 36 edges
[2025-01-08 14:18:20] Converted to 36 bitstring edges
[2025-01-08 14:18:20] Computing Matchings Dynamic walk
[2025-01-08 14:18:21] Matchings - CX: 61, U3: 53, Depth: 94
[2025-01-08 14:18:21] Computing Exact walk
[2025-01-08 14:18:23] Exact - CX: 100, U3: 165, Depth: 197
[2025-01-08 14:18:23] Successfully processed graph 119 - Category: win
[2025-01-08 14:18:23] 
Processing graph 120/200
[2025-01-08 14:18:23] Graph 120 has 16 nodes and 35 edges
[2025-01-08 14:18:23] Converted to 35 bitstring edges
[2025-01-08 14:18:23] Computing Matchings Dynamic walk
[2025-01-08 14:18:24] Matchings - CX: 51, U3: 50, Depth: 77
[2025-01-08 14:18:24] Computing Exact walk
[2025-01-08 14:18:25] Exact - CX: 98, U3: 159, Depth: 191
[2025-01-08 14:18:25] Successfully processed graph 120 - Category: win
[2025-01-08 14:18:25] 
Processing graph 121/200
[2025-01-08 14:18:25] Graph 121 has 16 nodes and 33 edges
[2025-01-08 14:18:25] Converted to 33 bitstring edges
[2025-01-08 14:18:25] Computing Matchings Dynamic walk
[2025-01-08 14:18:26] Matchings - CX: 59, U3: 60, Depth: 91
[2025-01-08 14:18:26] Computing Exact walk
[2025-01-08 14:18:28] Exact - CX: 100, U3: 165, Depth: 197
[2025-01-08 14:18:28] Successfully processed graph 121 - Category: win
[2025-01-08 14:18:28] 
Processing graph 122/200
[2025-01-08 14:18:28] Graph 122 has 16 nodes and 35 edges
[2025-01-08 14:18:28] Converted to 35 bitstring edges
[2025-01-08 14:18:28] Computing Matchings Dynamic walk
[2025-01-08 14:18:29] Matchings - CX: 48, U3: 49, Depth: 73
[2025-01-08 14:18:29] Computing Exact walk
[2025-01-08 14:18:31] Exact - CX: 98, U3: 160, Depth: 191
[2025-01-08 14:18:31] Successfully processed graph 122 - Category: win
[2025-01-08 14:18:31] 
Processing graph 123/200
[2025-01-08 14:18:31] Graph 123 has 16 nodes and 37 edges
[2025-01-08 14:18:31] Converted to 37 bitstring edges
[2025-01-08 14:18:31] Computing Matchings Dynamic walk
[2025-01-08 14:18:32] Matchings - CX: 44, U3: 41, Depth: 66
[2025-01-08 14:18:32] Computing Exact walk
[2025-01-08 14:18:34] Exact - CX: 100, U3: 165, Depth: 197
[2025-01-08 14:18:34] Successfully processed graph 123 - Category: win
[2025-01-08 14:18:34] 
Processing graph 124/200
[2025-01-08 14:18:34] Graph 124 has 16 nodes and 36 edges
[2025-01-08 14:18:34] Converted to 36 bitstring edges
[2025-01-08 14:18:34] Computing Matchings Dynamic walk
[2025-01-08 14:18:35] Matchings - CX: 47, U3: 51, Depth: 73
[2025-01-08 14:18:35] Computing Exact walk
[2025-01-08 14:18:36] Exact - CX: 100, U3: 165, Depth: 197
[2025-01-08 14:18:36] Successfully processed graph 124 - Category: win
[2025-01-08 14:18:36] 
Processing graph 125/200
[2025-01-08 14:18:36] Graph 125 has 16 nodes and 34 edges
[2025-01-08 14:18:36] Converted to 34 bitstring edges
[2025-01-08 14:18:36] Computing Matchings Dynamic walk
[2025-01-08 14:18:38] Matchings - CX: 53, U3: 55, Depth: 81
[2025-01-08 14:18:38] Computing Exact walk
[2025-01-08 14:18:39] Exact - CX: 100, U3: 165, Depth: 197
[2025-01-08 14:18:39] Successfully processed graph 125 - Category: win
[2025-01-08 14:18:39] 
Processing graph 126/200
[2025-01-08 14:18:39] Graph 126 has 16 nodes and 35 edges
[2025-01-08 14:18:39] Converted to 35 bitstring edges
[2025-01-08 14:18:39] Computing Matchings Dynamic walk
[2025-01-08 14:18:40] Matchings - CX: 66, U3: 58, Depth: 99
[2025-01-08 14:18:40] Computing Exact walk
[2025-01-08 14:18:42] Exact - CX: 100, U3: 165, Depth: 197
[2025-01-08 14:18:42] Successfully processed graph 126 - Category: win
[2025-01-08 14:18:42] 
Processing graph 127/200
[2025-01-08 14:18:42] Graph 127 has 16 nodes and 35 edges
[2025-01-08 14:18:42] Converted to 35 bitstring edges
[2025-01-08 14:18:42] Computing Matchings Dynamic walk
[2025-01-08 14:18:43] Matchings - CX: 40, U3: 43, Depth: 62
[2025-01-08 14:18:43] Computing Exact walk
[2025-01-08 14:18:44] Exact - CX: 100, U3: 165, Depth: 197
[2025-01-08 14:18:44] Successfully processed graph 127 - Category: win
[2025-01-08 14:18:44] 
Processing graph 128/200
[2025-01-08 14:18:44] Graph 128 has 16 nodes and 34 edges
[2025-01-08 14:18:44] Converted to 34 bitstring edges
[2025-01-08 14:18:44] Computing Matchings Dynamic walk
[2025-01-08 14:18:45] Matchings - CX: 44, U3: 47, Depth: 70
[2025-01-08 14:18:45] Computing Exact walk
[2025-01-08 14:18:47] Exact - CX: 100, U3: 165, Depth: 197
[2025-01-08 14:18:47] Successfully processed graph 128 - Category: win
[2025-01-08 14:18:47] 
Processing graph 129/200
[2025-01-08 14:18:47] Graph 129 has 16 nodes and 36 edges
[2025-01-08 14:18:47] Converted to 36 bitstring edges
[2025-01-08 14:18:47] Computing Matchings Dynamic walk
[2025-01-08 14:18:48] Matchings - CX: 58, U3: 58, Depth: 88
[2025-01-08 14:18:48] Computing Exact walk
[2025-01-08 14:18:50] Exact - CX: 100, U3: 163, Depth: 196
[2025-01-08 14:18:50] Successfully processed graph 129 - Category: win
[2025-01-08 14:18:50] 
Processing graph 130/200
[2025-01-08 14:18:50] Graph 130 has 16 nodes and 39 edges
[2025-01-08 14:18:50] Converted to 39 bitstring edges
[2025-01-08 14:18:50] Computing Matchings Dynamic walk
[2025-01-08 14:18:51] Matchings - CX: 63, U3: 58, Depth: 96
[2025-01-08 14:18:51] Computing Exact walk
[2025-01-08 14:18:52] Exact - CX: 100, U3: 163, Depth: 196
[2025-01-08 14:18:52] Successfully processed graph 130 - Category: win
[2025-01-08 14:18:52] 
Processing graph 131/200
[2025-01-08 14:18:52] Graph 131 has 16 nodes and 33 edges
[2025-01-08 14:18:52] Converted to 33 bitstring edges
[2025-01-08 14:18:52] Computing Matchings Dynamic walk
[2025-01-08 14:18:54] Matchings - CX: 80, U3: 76, Depth: 120
[2025-01-08 14:18:54] Computing Exact walk
[2025-01-08 14:18:55] Exact - CX: 97, U3: 156, Depth: 188
[2025-01-08 14:18:55] Successfully processed graph 131 - Category: win
[2025-01-08 14:18:55] 
Processing graph 132/200
[2025-01-08 14:18:55] Graph 132 has 16 nodes and 37 edges
[2025-01-08 14:18:55] Converted to 37 bitstring edges
[2025-01-08 14:18:55] Computing Matchings Dynamic walk
[2025-01-08 14:18:56] Matchings - CX: 60, U3: 49, Depth: 89
[2025-01-08 14:18:56] Computing Exact walk
[2025-01-08 14:18:58] Exact - CX: 98, U3: 161, Depth: 192
[2025-01-08 14:18:58] Successfully processed graph 132 - Category: win
[2025-01-08 14:18:58] 
Processing graph 133/200
[2025-01-08 14:18:58] Graph 133 has 16 nodes and 34 edges
[2025-01-08 14:18:58] Converted to 34 bitstring edges
[2025-01-08 14:18:58] Computing Matchings Dynamic walk
[2025-01-08 14:18:59] Matchings - CX: 76, U3: 66, Depth: 111
[2025-01-08 14:18:59] Computing Exact walk
[2025-01-08 14:19:01] Exact - CX: 100, U3: 165, Depth: 197
[2025-01-08 14:19:01] Successfully processed graph 133 - Category: win
[2025-01-08 14:19:01] 
Processing graph 134/200
[2025-01-08 14:19:01] Graph 134 has 16 nodes and 35 edges
[2025-01-08 14:19:01] Converted to 35 bitstring edges
[2025-01-08 14:19:01] Computing Matchings Dynamic walk
[2025-01-08 14:19:02] Matchings - CX: 71, U3: 69, Depth: 110
[2025-01-08 14:19:02] Computing Exact walk
[2025-01-08 14:19:03] Exact - CX: 100, U3: 165, Depth: 197
[2025-01-08 14:19:03] Successfully processed graph 134 - Category: win
[2025-01-08 14:19:03] 
Processing graph 135/200
[2025-01-08 14:19:03] Graph 135 has 16 nodes and 38 edges
[2025-01-08 14:19:03] Converted to 38 bitstring edges
[2025-01-08 14:19:03] Computing Matchings Dynamic walk
[2025-01-08 14:19:05] Matchings - CX: 68, U3: 61, Depth: 101
[2025-01-08 14:19:05] Computing Exact walk
[2025-01-08 14:19:06] Exact - CX: 100, U3: 163, Depth: 196
[2025-01-08 14:19:06] Successfully processed graph 135 - Category: win
[2025-01-08 14:19:06] 
Processing graph 136/200
[2025-01-08 14:19:06] Graph 136 has 16 nodes and 35 edges
[2025-01-08 14:19:06] Converted to 35 bitstring edges
[2025-01-08 14:19:06] Computing Matchings Dynamic walk
[2025-01-08 14:19:07] Matchings - CX: 56, U3: 62, Depth: 90
[2025-01-08 14:19:07] Computing Exact walk
[2025-01-08 14:19:09] Exact - CX: 100, U3: 165, Depth: 197
[2025-01-08 14:19:09] Successfully processed graph 136 - Category: win
[2025-01-08 14:19:09] 
Processing graph 137/200
[2025-01-08 14:19:09] Graph 137 has 16 nodes and 33 edges
[2025-01-08 14:19:09] Converted to 33 bitstring edges
[2025-01-08 14:19:09] Computing Matchings Dynamic walk
[2025-01-08 14:19:10] Matchings - CX: 56, U3: 55, Depth: 84
[2025-01-08 14:19:10] Computing Exact walk
[2025-01-08 14:19:12] Exact - CX: 98, U3: 159, Depth: 191
[2025-01-08 14:19:12] Successfully processed graph 137 - Category: win
[2025-01-08 14:19:12] 
Processing graph 138/200
[2025-01-08 14:19:12] Graph 138 has 16 nodes and 35 edges
[2025-01-08 14:19:12] Converted to 35 bitstring edges
[2025-01-08 14:19:12] Computing Matchings Dynamic walk
[2025-01-08 14:19:13] Matchings - CX: 77, U3: 67, Depth: 113
[2025-01-08 14:19:13] Computing Exact walk
[2025-01-08 14:19:15] Exact - CX: 100, U3: 165, Depth: 197
[2025-01-08 14:19:15] Successfully processed graph 138 - Category: win
[2025-01-08 14:19:15] 
Processing graph 139/200
[2025-01-08 14:19:15] Graph 139 has 16 nodes and 39 edges
[2025-01-08 14:19:15] Converted to 39 bitstring edges
[2025-01-08 14:19:15] Computing Matchings Dynamic walk
[2025-01-08 14:19:16] Matchings - CX: 68, U3: 63, Depth: 100
[2025-01-08 14:19:16] Computing Exact walk
[2025-01-08 14:19:17] Exact - CX: 100, U3: 162, Depth: 195
[2025-01-08 14:19:17] Successfully processed graph 139 - Category: win
[2025-01-08 14:19:17] 
Processing graph 140/200
[2025-01-08 14:19:17] Graph 140 has 16 nodes and 33 edges
[2025-01-08 14:19:17] Converted to 33 bitstring edges
[2025-01-08 14:19:17] Computing Matchings Dynamic walk
[2025-01-08 14:19:18] Matchings - CX: 67, U3: 66, Depth: 102
[2025-01-08 14:19:18] Computing Exact walk
[2025-01-08 14:19:20] Exact - CX: 100, U3: 165, Depth: 197
[2025-01-08 14:19:20] Successfully processed graph 140 - Category: win
[2025-01-08 14:19:20] 
Processing graph 141/200
[2025-01-08 14:19:20] Graph 141 has 16 nodes and 35 edges
[2025-01-08 14:19:20] Converted to 35 bitstring edges
[2025-01-08 14:19:20] Computing Matchings Dynamic walk
[2025-01-08 14:19:21] Matchings - CX: 49, U3: 48, Depth: 75
[2025-01-08 14:19:21] Computing Exact walk
[2025-01-08 14:19:23] Exact - CX: 100, U3: 165, Depth: 197
[2025-01-08 14:19:23] Successfully processed graph 141 - Category: win
[2025-01-08 14:19:23] 
Processing graph 142/200
[2025-01-08 14:19:23] Graph 142 has 16 nodes and 35 edges
[2025-01-08 14:19:23] Converted to 35 bitstring edges
[2025-01-08 14:19:23] Computing Matchings Dynamic walk
[2025-01-08 14:19:24] Matchings - CX: 88, U3: 84, Depth: 131
[2025-01-08 14:19:24] Computing Exact walk
[2025-01-08 14:19:26] Exact - CX: 100, U3: 165, Depth: 197
[2025-01-08 14:19:26] Successfully processed graph 142 - Category: win
[2025-01-08 14:19:26] 
Processing graph 143/200
[2025-01-08 14:19:26] Graph 143 has 16 nodes and 33 edges
[2025-01-08 14:19:26] Converted to 33 bitstring edges
[2025-01-08 14:19:26] Computing Matchings Dynamic walk
[2025-01-08 14:19:27] Matchings - CX: 55, U3: 52, Depth: 84
[2025-01-08 14:19:27] Computing Exact walk
[2025-01-08 14:19:28] Exact - CX: 98, U3: 161, Depth: 192
[2025-01-08 14:19:28] Successfully processed graph 143 - Category: win
[2025-01-08 14:19:28] 
Processing graph 144/200
[2025-01-08 14:19:28] Graph 144 has 16 nodes and 36 edges
[2025-01-08 14:19:28] Converted to 36 bitstring edges
[2025-01-08 14:19:28] Computing Matchings Dynamic walk
[2025-01-08 14:19:30] Matchings - CX: 67, U3: 70, Depth: 104
[2025-01-08 14:19:30] Computing Exact walk
[2025-01-08 14:19:31] Exact - CX: 100, U3: 161, Depth: 195
[2025-01-08 14:19:31] Successfully processed graph 144 - Category: win
[2025-01-08 14:19:31] 
Processing graph 145/200
[2025-01-08 14:19:31] Graph 145 has 16 nodes and 34 edges
[2025-01-08 14:19:31] Converted to 34 bitstring edges
[2025-01-08 14:19:31] Computing Matchings Dynamic walk
[2025-01-08 14:19:32] Matchings - CX: 49, U3: 50, Depth: 77
[2025-01-08 14:19:32] Computing Exact walk
[2025-01-08 14:19:34] Exact - CX: 100, U3: 165, Depth: 197
[2025-01-08 14:19:34] Successfully processed graph 145 - Category: win
[2025-01-08 14:19:34] 
Processing graph 146/200
[2025-01-08 14:19:34] Graph 146 has 16 nodes and 35 edges
[2025-01-08 14:19:34] Converted to 35 bitstring edges
[2025-01-08 14:19:34] Computing Matchings Dynamic walk
[2025-01-08 14:19:35] Matchings - CX: 68, U3: 65, Depth: 101
[2025-01-08 14:19:35] Computing Exact walk
[2025-01-08 14:19:36] Exact - CX: 100, U3: 165, Depth: 197
[2025-01-08 14:19:36] Successfully processed graph 146 - Category: win
[2025-01-08 14:19:36] 
Processing graph 147/200
[2025-01-08 14:19:36] Graph 147 has 16 nodes and 33 edges
[2025-01-08 14:19:36] Converted to 33 bitstring edges
[2025-01-08 14:19:36] Computing Matchings Dynamic walk
[2025-01-08 14:19:37] Matchings - CX: 36, U3: 39, Depth: 57
[2025-01-08 14:19:37] Computing Exact walk
[2025-01-08 14:19:39] Exact - CX: 98, U3: 159, Depth: 192
[2025-01-08 14:19:39] Successfully processed graph 147 - Category: win
[2025-01-08 14:19:39] 
Processing graph 148/200
[2025-01-08 14:19:39] Graph 148 has 16 nodes and 35 edges
[2025-01-08 14:19:39] Converted to 35 bitstring edges
[2025-01-08 14:19:39] Computing Matchings Dynamic walk
[2025-01-08 14:19:40] Matchings - CX: 83, U3: 85, Depth: 128
[2025-01-08 14:19:40] Computing Exact walk
[2025-01-08 14:19:41] Exact - CX: 100, U3: 165, Depth: 197
[2025-01-08 14:19:41] Successfully processed graph 148 - Category: win
[2025-01-08 14:19:41] 
Processing graph 149/200
[2025-01-08 14:19:41] Graph 149 has 16 nodes and 33 edges
[2025-01-08 14:19:41] Converted to 33 bitstring edges
[2025-01-08 14:19:41] Computing Matchings Dynamic walk
[2025-01-08 14:19:42] Matchings - CX: 54, U3: 57, Depth: 86
[2025-01-08 14:19:42] Computing Exact walk
[2025-01-08 14:19:44] Exact - CX: 100, U3: 165, Depth: 197
[2025-01-08 14:19:44] Successfully processed graph 149 - Category: win
[2025-01-08 14:19:44] 
Processing graph 150/200
[2025-01-08 14:19:44] Graph 150 has 16 nodes and 34 edges
[2025-01-08 14:19:44] Converted to 34 bitstring edges
[2025-01-08 14:19:44] Computing Matchings Dynamic walk
[2025-01-08 14:19:45] Matchings - CX: 47, U3: 45, Depth: 73
[2025-01-08 14:19:45] Computing Exact walk
[2025-01-08 14:19:47] Exact - CX: 100, U3: 162, Depth: 195
[2025-01-08 14:19:47] Successfully processed graph 150 - Category: win
[2025-01-08 14:19:47] 
Processing graph 151/200
[2025-01-08 14:19:47] Graph 151 has 16 nodes and 38 edges
[2025-01-08 14:19:47] Converted to 38 bitstring edges
[2025-01-08 14:19:47] Computing Matchings Dynamic walk
[2025-01-08 14:19:48] Matchings - CX: 67, U3: 65, Depth: 103
[2025-01-08 14:19:48] Computing Exact walk
[2025-01-08 14:19:49] Exact - CX: 100, U3: 165, Depth: 197
[2025-01-08 14:19:49] Successfully processed graph 151 - Category: win
[2025-01-08 14:19:49] 
Processing graph 152/200
[2025-01-08 14:19:49] Graph 152 has 16 nodes and 33 edges
[2025-01-08 14:19:49] Converted to 33 bitstring edges
[2025-01-08 14:19:49] Computing Matchings Dynamic walk
[2025-01-08 14:19:50] Matchings - CX: 78, U3: 67, Depth: 113
[2025-01-08 14:19:50] Computing Exact walk
[2025-01-08 14:19:52] Exact - CX: 100, U3: 165, Depth: 197
[2025-01-08 14:19:52] Successfully processed graph 152 - Category: win
[2025-01-08 14:19:52] 
Processing graph 153/200
[2025-01-08 14:19:52] Graph 153 has 16 nodes and 34 edges
[2025-01-08 14:19:52] Converted to 34 bitstring edges
[2025-01-08 14:19:52] Computing Matchings Dynamic walk
[2025-01-08 14:19:53] Matchings - CX: 68, U3: 61, Depth: 102
[2025-01-08 14:19:53] Computing Exact walk
[2025-01-08 14:19:55] Exact - CX: 100, U3: 165, Depth: 197
[2025-01-08 14:19:55] Successfully processed graph 153 - Category: win
[2025-01-08 14:19:55] 
Processing graph 154/200
[2025-01-08 14:19:55] Graph 154 has 16 nodes and 36 edges
[2025-01-08 14:19:55] Converted to 36 bitstring edges
[2025-01-08 14:19:55] Computing Matchings Dynamic walk
[2025-01-08 14:19:56] Matchings - CX: 65, U3: 54, Depth: 95
[2025-01-08 14:19:56] Computing Exact walk
[2025-01-08 14:19:58] Exact - CX: 100, U3: 163, Depth: 196
[2025-01-08 14:19:58] Successfully processed graph 154 - Category: win
[2025-01-08 14:19:58] 
Processing graph 155/200
[2025-01-08 14:19:58] Graph 155 has 16 nodes and 34 edges
[2025-01-08 14:19:58] Converted to 34 bitstring edges
[2025-01-08 14:19:58] Computing Matchings Dynamic walk
[2025-01-08 14:19:59] Matchings - CX: 60, U3: 59, Depth: 91
[2025-01-08 14:19:59] Computing Exact walk
[2025-01-08 14:20:00] Exact - CX: 100, U3: 165, Depth: 197
[2025-01-08 14:20:00] Successfully processed graph 155 - Category: win
[2025-01-08 14:20:00] 
Processing graph 156/200
[2025-01-08 14:20:00] Graph 156 has 16 nodes and 35 edges
[2025-01-08 14:20:00] Converted to 35 bitstring edges
[2025-01-08 14:20:00] Computing Matchings Dynamic walk
[2025-01-08 14:20:01] Matchings - CX: 43, U3: 46, Depth: 68
[2025-01-08 14:20:01] Computing Exact walk
[2025-01-08 14:20:03] Exact - CX: 98, U3: 161, Depth: 192
[2025-01-08 14:20:03] Successfully processed graph 156 - Category: win
[2025-01-08 14:20:03] 
Processing graph 157/200
[2025-01-08 14:20:03] Graph 157 has 16 nodes and 38 edges
[2025-01-08 14:20:03] Converted to 38 bitstring edges
[2025-01-08 14:20:03] Computing Matchings Dynamic walk
[2025-01-08 14:20:04] Matchings - CX: 57, U3: 52, Depth: 84
[2025-01-08 14:20:04] Computing Exact walk
[2025-01-08 14:20:05] Exact - CX: 99, U3: 158, Depth: 192
[2025-01-08 14:20:05] Successfully processed graph 157 - Category: win
[2025-01-08 14:20:05] 
Processing graph 158/200
[2025-01-08 14:20:05] Graph 158 has 16 nodes and 36 edges
[2025-01-08 14:20:05] Converted to 36 bitstring edges
[2025-01-08 14:20:05] Computing Matchings Dynamic walk
[2025-01-08 14:20:07] Matchings - CX: 54, U3: 52, Depth: 82
[2025-01-08 14:20:07] Computing Exact walk
[2025-01-08 14:20:08] Exact - CX: 100, U3: 165, Depth: 197
[2025-01-08 14:20:08] Successfully processed graph 158 - Category: win
[2025-01-08 14:20:08] 
Processing graph 159/200
[2025-01-08 14:20:08] Graph 159 has 16 nodes and 35 edges
[2025-01-08 14:20:08] Converted to 35 bitstring edges
[2025-01-08 14:20:08] Computing Matchings Dynamic walk
[2025-01-08 14:20:09] Matchings - CX: 58, U3: 57, Depth: 91
[2025-01-08 14:20:09] Computing Exact walk
[2025-01-08 14:20:10] Exact - CX: 100, U3: 165, Depth: 197
[2025-01-08 14:20:10] Successfully processed graph 159 - Category: win
[2025-01-08 14:20:10] 
Processing graph 160/200
[2025-01-08 14:20:10] Graph 160 has 16 nodes and 33 edges
[2025-01-08 14:20:10] Converted to 33 bitstring edges
[2025-01-08 14:20:10] Computing Matchings Dynamic walk
[2025-01-08 14:20:11] Matchings - CX: 47, U3: 46, Depth: 72
[2025-01-08 14:20:11] Computing Exact walk
[2025-01-08 14:20:13] Exact - CX: 100, U3: 165, Depth: 197
[2025-01-08 14:20:13] Successfully processed graph 160 - Category: win
[2025-01-08 14:20:13] 
Processing graph 161/200
[2025-01-08 14:20:13] Graph 161 has 16 nodes and 37 edges
[2025-01-08 14:20:13] Converted to 37 bitstring edges
[2025-01-08 14:20:13] Computing Matchings Dynamic walk
[2025-01-08 14:20:14] Matchings - CX: 63, U3: 57, Depth: 98
[2025-01-08 14:20:14] Computing Exact walk
[2025-01-08 14:20:15] Exact - CX: 98, U3: 161, Depth: 192
[2025-01-08 14:20:15] Successfully processed graph 161 - Category: win
[2025-01-08 14:20:15] 
Processing graph 162/200
[2025-01-08 14:20:15] Graph 162 has 16 nodes and 36 edges
[2025-01-08 14:20:15] Converted to 36 bitstring edges
[2025-01-08 14:20:15] Computing Matchings Dynamic walk
[2025-01-08 14:20:17] Matchings - CX: 65, U3: 69, Depth: 96
[2025-01-08 14:20:17] Computing Exact walk
[2025-01-08 14:20:18] Exact - CX: 100, U3: 165, Depth: 197
[2025-01-08 14:20:18] Successfully processed graph 162 - Category: win
[2025-01-08 14:20:18] 
Processing graph 163/200
[2025-01-08 14:20:18] Graph 163 has 16 nodes and 31 edges
[2025-01-08 14:20:18] Converted to 31 bitstring edges
[2025-01-08 14:20:18] Computing Matchings Dynamic walk
[2025-01-08 14:20:19] Matchings - CX: 33, U3: 30, Depth: 51
[2025-01-08 14:20:19] Computing Exact walk
[2025-01-08 14:20:20] Exact - CX: 100, U3: 165, Depth: 197
[2025-01-08 14:20:20] Successfully processed graph 163 - Category: win
[2025-01-08 14:20:20] 
Processing graph 164/200
[2025-01-08 14:20:20] Graph 164 has 16 nodes and 33 edges
[2025-01-08 14:20:20] Converted to 33 bitstring edges
[2025-01-08 14:20:20] Computing Matchings Dynamic walk
[2025-01-08 14:20:21] Matchings - CX: 59, U3: 59, Depth: 90
[2025-01-08 14:20:21] Computing Exact walk
[2025-01-08 14:20:23] Exact - CX: 100, U3: 165, Depth: 197
[2025-01-08 14:20:23] Successfully processed graph 164 - Category: win
[2025-01-08 14:20:23] 
Processing graph 165/200
[2025-01-08 14:20:23] Graph 165 has 16 nodes and 37 edges
[2025-01-08 14:20:23] Converted to 37 bitstring edges
[2025-01-08 14:20:23] Computing Matchings Dynamic walk
[2025-01-08 14:20:24] Matchings - CX: 56, U3: 64, Depth: 88
[2025-01-08 14:20:24] Computing Exact walk
[2025-01-08 14:20:25] Exact - CX: 100, U3: 165, Depth: 197
[2025-01-08 14:20:25] Successfully processed graph 165 - Category: win
[2025-01-08 14:20:25] 
Processing graph 166/200
[2025-01-08 14:20:25] Graph 166 has 16 nodes and 37 edges
[2025-01-08 14:20:25] Converted to 37 bitstring edges
[2025-01-08 14:20:25] Computing Matchings Dynamic walk
[2025-01-08 14:20:26] Matchings - CX: 55, U3: 51, Depth: 84
[2025-01-08 14:20:26] Computing Exact walk
[2025-01-08 14:20:27] Exact - CX: 100, U3: 165, Depth: 197
[2025-01-08 14:20:27] Successfully processed graph 166 - Category: win
[2025-01-08 14:20:27] 
Processing graph 167/200
[2025-01-08 14:20:27] Graph 167 has 16 nodes and 35 edges
[2025-01-08 14:20:27] Converted to 35 bitstring edges
[2025-01-08 14:20:27] Computing Matchings Dynamic walk
[2025-01-08 14:20:29] Matchings - CX: 70, U3: 60, Depth: 102
[2025-01-08 14:20:29] Computing Exact walk
[2025-01-08 14:20:30] Exact - CX: 100, U3: 162, Depth: 195
[2025-01-08 14:20:30] Successfully processed graph 167 - Category: win
[2025-01-08 14:20:30] 
Processing graph 168/200
[2025-01-08 14:20:30] Graph 168 has 16 nodes and 37 edges
[2025-01-08 14:20:30] Converted to 37 bitstring edges
[2025-01-08 14:20:30] Computing Matchings Dynamic walk
[2025-01-08 14:20:31] Matchings - CX: 46, U3: 43, Depth: 70
[2025-01-08 14:20:31] Computing Exact walk
[2025-01-08 14:20:33] Exact - CX: 98, U3: 158, Depth: 191
[2025-01-08 14:20:33] Successfully processed graph 168 - Category: win
[2025-01-08 14:20:33] 
Processing graph 169/200
[2025-01-08 14:20:33] Graph 169 has 16 nodes and 36 edges
[2025-01-08 14:20:33] Converted to 36 bitstring edges
[2025-01-08 14:20:33] Computing Matchings Dynamic walk
[2025-01-08 14:20:34] Matchings - CX: 62, U3: 63, Depth: 95
[2025-01-08 14:20:34] Computing Exact walk
[2025-01-08 14:20:35] Exact - CX: 99, U3: 161, Depth: 194
[2025-01-08 14:20:35] Successfully processed graph 169 - Category: win
[2025-01-08 14:20:35] 
Processing graph 170/200
[2025-01-08 14:20:35] Graph 170 has 16 nodes and 38 edges
[2025-01-08 14:20:35] Converted to 38 bitstring edges
[2025-01-08 14:20:35] Computing Matchings Dynamic walk
[2025-01-08 14:20:36] Matchings - CX: 55, U3: 54, Depth: 85
[2025-01-08 14:20:36] Computing Exact walk
[2025-01-08 14:20:38] Exact - CX: 100, U3: 165, Depth: 197
[2025-01-08 14:20:38] Successfully processed graph 170 - Category: win
[2025-01-08 14:20:38] 
Processing graph 171/200
[2025-01-08 14:20:38] Graph 171 has 16 nodes and 34 edges
[2025-01-08 14:20:38] Converted to 34 bitstring edges
[2025-01-08 14:20:38] Computing Matchings Dynamic walk
[2025-01-08 14:20:39] Matchings - CX: 53, U3: 60, Depth: 86
[2025-01-08 14:20:39] Computing Exact walk
[2025-01-08 14:20:40] Exact - CX: 100, U3: 165, Depth: 197
[2025-01-08 14:20:40] Successfully processed graph 171 - Category: win
[2025-01-08 14:20:40] 
Processing graph 172/200
[2025-01-08 14:20:40] Graph 172 has 16 nodes and 34 edges
[2025-01-08 14:20:40] Converted to 34 bitstring edges
[2025-01-08 14:20:40] Computing Matchings Dynamic walk
[2025-01-08 14:20:41] Matchings - CX: 47, U3: 44, Depth: 75
[2025-01-08 14:20:41] Computing Exact walk
[2025-01-08 14:20:43] Exact - CX: 100, U3: 165, Depth: 197
[2025-01-08 14:20:43] Successfully processed graph 172 - Category: win
[2025-01-08 14:20:43] 
Processing graph 173/200
[2025-01-08 14:20:43] Graph 173 has 16 nodes and 33 edges
[2025-01-08 14:20:43] Converted to 33 bitstring edges
[2025-01-08 14:20:43] Computing Matchings Dynamic walk
[2025-01-08 14:20:44] Matchings - CX: 45, U3: 46, Depth: 69
[2025-01-08 14:20:44] Computing Exact walk
[2025-01-08 14:20:45] Exact - CX: 100, U3: 165, Depth: 197
[2025-01-08 14:20:45] Successfully processed graph 173 - Category: win
[2025-01-08 14:20:45] 
Processing graph 174/200
[2025-01-08 14:20:45] Graph 174 has 16 nodes and 35 edges
[2025-01-08 14:20:45] Converted to 35 bitstring edges
[2025-01-08 14:20:45] Computing Matchings Dynamic walk
[2025-01-08 14:20:46] Matchings - CX: 50, U3: 51, Depth: 76
[2025-01-08 14:20:46] Computing Exact walk
[2025-01-08 14:20:48] Exact - CX: 99, U3: 158, Depth: 192
[2025-01-08 14:20:48] Successfully processed graph 174 - Category: win
[2025-01-08 14:20:48] 
Processing graph 175/200
[2025-01-08 14:20:48] Graph 175 has 16 nodes and 36 edges
[2025-01-08 14:20:48] Converted to 36 bitstring edges
[2025-01-08 14:20:48] Computing Matchings Dynamic walk
[2025-01-08 14:20:49] Matchings - CX: 51, U3: 47, Depth: 76
[2025-01-08 14:20:49] Computing Exact walk
[2025-01-08 14:20:50] Exact - CX: 100, U3: 161, Depth: 195
[2025-01-08 14:20:50] Successfully processed graph 175 - Category: win
[2025-01-08 14:20:50] 
Processing graph 176/200
[2025-01-08 14:20:50] Graph 176 has 16 nodes and 35 edges
[2025-01-08 14:20:50] Converted to 35 bitstring edges
[2025-01-08 14:20:50] Computing Matchings Dynamic walk
[2025-01-08 14:20:51] Matchings - CX: 50, U3: 47, Depth: 76
[2025-01-08 14:20:51] Computing Exact walk
[2025-01-08 14:20:53] Exact - CX: 97, U3: 154, Depth: 187
[2025-01-08 14:20:53] Successfully processed graph 176 - Category: win
[2025-01-08 14:20:53] 
Processing graph 177/200
[2025-01-08 14:20:53] Graph 177 has 16 nodes and 36 edges
[2025-01-08 14:20:53] Converted to 36 bitstring edges
[2025-01-08 14:20:53] Computing Matchings Dynamic walk
[2025-01-08 14:20:54] Matchings - CX: 56, U3: 53, Depth: 86
[2025-01-08 14:20:54] Computing Exact walk
[2025-01-08 14:20:56] Exact - CX: 100, U3: 161, Depth: 195
[2025-01-08 14:20:56] Successfully processed graph 177 - Category: win
[2025-01-08 14:20:56] 
Processing graph 178/200
[2025-01-08 14:20:56] Graph 178 has 16 nodes and 34 edges
[2025-01-08 14:20:56] Converted to 34 bitstring edges
[2025-01-08 14:20:56] Computing Matchings Dynamic walk
[2025-01-08 14:20:57] Matchings - CX: 54, U3: 51, Depth: 83
[2025-01-08 14:20:57] Computing Exact walk
[2025-01-08 14:20:59] Exact - CX: 100, U3: 165, Depth: 197
[2025-01-08 14:20:59] Successfully processed graph 178 - Category: win
[2025-01-08 14:20:59] 
Processing graph 179/200
[2025-01-08 14:20:59] Graph 179 has 16 nodes and 34 edges
[2025-01-08 14:20:59] Converted to 34 bitstring edges
[2025-01-08 14:20:59] Computing Matchings Dynamic walk
[2025-01-08 14:21:00] Matchings - CX: 63, U3: 61, Depth: 94
[2025-01-08 14:21:00] Computing Exact walk
[2025-01-08 14:21:01] Exact - CX: 100, U3: 165, Depth: 197
[2025-01-08 14:21:01] Successfully processed graph 179 - Category: win
[2025-01-08 14:21:01] 
Processing graph 180/200
[2025-01-08 14:21:01] Graph 180 has 16 nodes and 36 edges
[2025-01-08 14:21:01] Converted to 36 bitstring edges
[2025-01-08 14:21:01] Computing Matchings Dynamic walk
[2025-01-08 14:21:02] Matchings - CX: 58, U3: 59, Depth: 87
[2025-01-08 14:21:02] Computing Exact walk
[2025-01-08 14:21:04] Exact - CX: 100, U3: 164, Depth: 197
[2025-01-08 14:21:04] Successfully processed graph 180 - Category: win
[2025-01-08 14:21:04] 
Processing graph 181/200
[2025-01-08 14:21:04] Graph 181 has 16 nodes and 32 edges
[2025-01-08 14:21:04] Converted to 32 bitstring edges
[2025-01-08 14:21:04] Computing Matchings Dynamic walk
[2025-01-08 14:21:05] Matchings - CX: 66, U3: 60, Depth: 100
[2025-01-08 14:21:05] Computing Exact walk
[2025-01-08 14:21:07] Exact - CX: 100, U3: 165, Depth: 197
[2025-01-08 14:21:07] Successfully processed graph 181 - Category: win
[2025-01-08 14:21:07] 
Processing graph 182/200
[2025-01-08 14:21:07] Graph 182 has 16 nodes and 34 edges
[2025-01-08 14:21:07] Converted to 34 bitstring edges
[2025-01-08 14:21:07] Computing Matchings Dynamic walk
[2025-01-08 14:21:08] Matchings - CX: 79, U3: 69, Depth: 115
[2025-01-08 14:21:08] Computing Exact walk
[2025-01-08 14:21:10] Exact - CX: 100, U3: 165, Depth: 197
[2025-01-08 14:21:10] Successfully processed graph 182 - Category: win
[2025-01-08 14:21:10] 
Processing graph 183/200
[2025-01-08 14:21:10] Graph 183 has 16 nodes and 32 edges
[2025-01-08 14:21:10] Converted to 32 bitstring edges
[2025-01-08 14:21:10] Computing Matchings Dynamic walk
[2025-01-08 14:21:11] Matchings - CX: 71, U3: 63, Depth: 105
[2025-01-08 14:21:11] Computing Exact walk
[2025-01-08 14:21:12] Exact - CX: 100, U3: 165, Depth: 197
[2025-01-08 14:21:12] Successfully processed graph 183 - Category: win
[2025-01-08 14:21:12] 
Processing graph 184/200
[2025-01-08 14:21:12] Graph 184 has 16 nodes and 37 edges
[2025-01-08 14:21:12] Converted to 37 bitstring edges
[2025-01-08 14:21:12] Computing Matchings Dynamic walk
[2025-01-08 14:21:13] Matchings - CX: 43, U3: 42, Depth: 67
[2025-01-08 14:21:13] Computing Exact walk
[2025-01-08 14:21:15] Exact - CX: 100, U3: 159, Depth: 194
[2025-01-08 14:21:15] Successfully processed graph 184 - Category: win
[2025-01-08 14:21:15] 
Processing graph 185/200
[2025-01-08 14:21:15] Graph 185 has 16 nodes and 35 edges
[2025-01-08 14:21:15] Converted to 35 bitstring edges
[2025-01-08 14:21:15] Computing Matchings Dynamic walk
[2025-01-08 14:21:16] Matchings - CX: 75, U3: 66, Depth: 110
[2025-01-08 14:21:16] Computing Exact walk
[2025-01-08 14:21:18] Exact - CX: 100, U3: 165, Depth: 197
[2025-01-08 14:21:18] Successfully processed graph 185 - Category: win
[2025-01-08 14:21:18] 
Processing graph 186/200
[2025-01-08 14:21:18] Graph 186 has 16 nodes and 37 edges
[2025-01-08 14:21:18] Converted to 37 bitstring edges
[2025-01-08 14:21:18] Computing Matchings Dynamic walk
[2025-01-08 14:21:19] Matchings - CX: 72, U3: 65, Depth: 106
[2025-01-08 14:21:19] Computing Exact walk
[2025-01-08 14:21:21] Exact - CX: 100, U3: 165, Depth: 197
[2025-01-08 14:21:21] Successfully processed graph 186 - Category: win
[2025-01-08 14:21:21] 
Processing graph 187/200
[2025-01-08 14:21:21] Graph 187 has 16 nodes and 33 edges
[2025-01-08 14:21:21] Converted to 33 bitstring edges
[2025-01-08 14:21:21] Computing Matchings Dynamic walk
[2025-01-08 14:21:22] Matchings - CX: 53, U3: 54, Depth: 80
[2025-01-08 14:21:22] Computing Exact walk
[2025-01-08 14:21:23] Exact - CX: 100, U3: 165, Depth: 197
[2025-01-08 14:21:23] Successfully processed graph 187 - Category: win
[2025-01-08 14:21:23] 
Processing graph 188/200
[2025-01-08 14:21:23] Graph 188 has 16 nodes and 33 edges
[2025-01-08 14:21:23] Converted to 33 bitstring edges
[2025-01-08 14:21:23] Computing Matchings Dynamic walk
[2025-01-08 14:21:25] Matchings - CX: 56, U3: 55, Depth: 85
[2025-01-08 14:21:25] Computing Exact walk
[2025-01-08 14:21:26] Exact - CX: 100, U3: 163, Depth: 196
[2025-01-08 14:21:26] Successfully processed graph 188 - Category: win
[2025-01-08 14:21:26] 
Processing graph 189/200
[2025-01-08 14:21:26] Graph 189 has 16 nodes and 35 edges
[2025-01-08 14:21:26] Converted to 35 bitstring edges
[2025-01-08 14:21:26] Computing Matchings Dynamic walk
[2025-01-08 14:21:28] Matchings - CX: 62, U3: 64, Depth: 96
[2025-01-08 14:21:28] Computing Exact walk
[2025-01-08 14:21:29] Exact - CX: 100, U3: 165, Depth: 197
[2025-01-08 14:21:29] Successfully processed graph 189 - Category: win
[2025-01-08 14:21:29] 
Processing graph 190/200
[2025-01-08 14:21:29] Graph 190 has 16 nodes and 36 edges
[2025-01-08 14:21:29] Converted to 36 bitstring edges
[2025-01-08 14:21:29] Computing Matchings Dynamic walk
[2025-01-08 14:21:30] Matchings - CX: 59, U3: 54, Depth: 90
[2025-01-08 14:21:30] Computing Exact walk
[2025-01-08 14:21:32] Exact - CX: 98, U3: 156, Depth: 188
[2025-01-08 14:21:32] Successfully processed graph 190 - Category: win
[2025-01-08 14:21:32] 
Processing graph 191/200
[2025-01-08 14:21:32] Graph 191 has 16 nodes and 37 edges
[2025-01-08 14:21:32] Converted to 37 bitstring edges
[2025-01-08 14:21:32] Computing Matchings Dynamic walk
[2025-01-08 14:21:33] Matchings - CX: 50, U3: 48, Depth: 76
[2025-01-08 14:21:33] Computing Exact walk
[2025-01-08 14:21:35] Exact - CX: 100, U3: 161, Depth: 195
[2025-01-08 14:21:35] Successfully processed graph 191 - Category: win
[2025-01-08 14:21:35] 
Processing graph 192/200
[2025-01-08 14:21:35] Graph 192 has 16 nodes and 36 edges
[2025-01-08 14:21:35] Converted to 36 bitstring edges
[2025-01-08 14:21:35] Computing Matchings Dynamic walk
[2025-01-08 14:21:36] Matchings - CX: 51, U3: 49, Depth: 79
[2025-01-08 14:21:36] Computing Exact walk
[2025-01-08 14:21:38] Exact - CX: 100, U3: 165, Depth: 197
[2025-01-08 14:21:38] Successfully processed graph 192 - Category: win
[2025-01-08 14:21:38] 
Processing graph 193/200
[2025-01-08 14:21:38] Graph 193 has 16 nodes and 35 edges
[2025-01-08 14:21:38] Converted to 35 bitstring edges
[2025-01-08 14:21:38] Computing Matchings Dynamic walk
[2025-01-08 14:21:39] Matchings - CX: 71, U3: 61, Depth: 106
[2025-01-08 14:21:39] Computing Exact walk
[2025-01-08 14:21:41] Exact - CX: 100, U3: 165, Depth: 197
[2025-01-08 14:21:41] Successfully processed graph 193 - Category: win
[2025-01-08 14:21:41] 
Processing graph 194/200
[2025-01-08 14:21:41] Graph 194 has 16 nodes and 34 edges
[2025-01-08 14:21:41] Converted to 34 bitstring edges
[2025-01-08 14:21:41] Computing Matchings Dynamic walk
[2025-01-08 14:21:42] Matchings - CX: 48, U3: 52, Depth: 75
[2025-01-08 14:21:42] Computing Exact walk
[2025-01-08 14:21:43] Exact - CX: 100, U3: 165, Depth: 197
[2025-01-08 14:21:43] Successfully processed graph 194 - Category: win
[2025-01-08 14:21:43] 
Processing graph 195/200
[2025-01-08 14:21:43] Graph 195 has 16 nodes and 32 edges
[2025-01-08 14:21:43] Converted to 32 bitstring edges
[2025-01-08 14:21:43] Computing Matchings Dynamic walk
[2025-01-08 14:21:44] Matchings - CX: 54, U3: 56, Depth: 86
[2025-01-08 14:21:44] Computing Exact walk
[2025-01-08 14:21:46] Exact - CX: 100, U3: 165, Depth: 197
[2025-01-08 14:21:46] Successfully processed graph 195 - Category: win
[2025-01-08 14:21:46] 
Processing graph 196/200
[2025-01-08 14:21:46] Graph 196 has 16 nodes and 39 edges
[2025-01-08 14:21:46] Converted to 39 bitstring edges
[2025-01-08 14:21:46] Computing Matchings Dynamic walk
[2025-01-08 14:21:47] Matchings - CX: 58, U3: 54, Depth: 87
[2025-01-08 14:21:47] Computing Exact walk
[2025-01-08 14:21:49] Exact - CX: 100, U3: 165, Depth: 197
[2025-01-08 14:21:49] Successfully processed graph 196 - Category: win
[2025-01-08 14:21:49] 
Processing graph 197/200
[2025-01-08 14:21:49] Graph 197 has 16 nodes and 34 edges
[2025-01-08 14:21:49] Converted to 34 bitstring edges
[2025-01-08 14:21:49] Computing Matchings Dynamic walk
[2025-01-08 14:21:50] Matchings - CX: 71, U3: 63, Depth: 103
[2025-01-08 14:21:50] Computing Exact walk
[2025-01-08 14:21:52] Exact - CX: 100, U3: 165, Depth: 197
[2025-01-08 14:21:52] Successfully processed graph 197 - Category: win
[2025-01-08 14:21:52] 
Processing graph 198/200
[2025-01-08 14:21:52] Graph 198 has 16 nodes and 36 edges
[2025-01-08 14:21:52] Converted to 36 bitstring edges
[2025-01-08 14:21:52] Computing Matchings Dynamic walk
[2025-01-08 14:21:53] Matchings - CX: 84, U3: 78, Depth: 123
[2025-01-08 14:21:53] Computing Exact walk
[2025-01-08 14:21:55] Exact - CX: 100, U3: 165, Depth: 197
[2025-01-08 14:21:55] Successfully processed graph 198 - Category: win
[2025-01-08 14:21:55] 
Processing graph 199/200
[2025-01-08 14:21:55] Graph 199 has 16 nodes and 35 edges
[2025-01-08 14:21:55] Converted to 35 bitstring edges
[2025-01-08 14:21:55] Computing Matchings Dynamic walk
[2025-01-08 14:21:56] Matchings - CX: 55, U3: 52, Depth: 84
[2025-01-08 14:21:56] Computing Exact walk
[2025-01-08 14:21:58] Exact - CX: 100, U3: 164, Depth: 197
[2025-01-08 14:21:58] Successfully processed graph 199 - Category: win
[2025-01-08 14:21:58] 
Final Results Summary:
[2025-01-08 14:21:58] Total graphs in file: 200
[2025-01-08 14:21:58] Successfully processed: 200
[2025-01-08 14:21:58] win: 200 (100.0%)
[2025-01-08 14:21:58] lose: 0 (0.0%)
[2025-01-08 14:21:58] draw: 0 (0.0%)
[2025-01-08 14:21:58] 
Average Gate Counts by Category:
[2025-01-08 14:21:58] win_matching_cx: 59.34
[2025-01-08 14:21:58] win_matching_u3: 56.70
[2025-01-08 14:21:58] win_exact_cx: 99.63
[2025-01-08 14:21:58] win_exact_u3: 163.47
[2025-01-08 14:21:58] win_matching_depth: 89.90
[2025-01-08 14:21:58] win_exact_depth: 195.67
[2025-01-08 14:34:58] Starting analysis with:
[2025-01-08 14:34:58] Number of qubits: 4
[2025-01-08 14:34:58] Number of vertices: 16
[2025-01-08 14:34:58] Delta t: 0.1
[2025-01-08 14:34:58] Input file: ../data/graphs/200graph_bipartite_16c.g6
[2025-01-08 14:34:58] Parsed graph info: {'num_graphs': 200, 'size': 'bipartite', 'vertices': '16', 'type': 'c'}
[2025-01-08 14:34:58] Found 200 graphs in file
[2025-01-08 14:34:58] 
Processing graph 0/200
[2025-01-08 14:34:58] Graph 0 has 16 nodes and 31 edges
[2025-01-08 14:34:58] Converted to 31 bitstring edges
[2025-01-08 14:34:58] Computing Matchings Dynamic walk
[2025-01-08 14:34:59] Matchings - CX: 45, U3: 39, Depth: 67
[2025-01-08 14:34:59] Computing Exact walk
[2025-01-08 14:34:59] Exact - CX: 100, U3: 165, Depth: 197
[2025-01-08 14:34:59] Successfully processed graph 0 - Category: win
[2025-01-08 14:34:59] 
Processing graph 1/200
[2025-01-08 14:34:59] Graph 1 has 16 nodes and 37 edges
[2025-01-08 14:34:59] Converted to 37 bitstring edges
[2025-01-08 14:34:59] Computing Matchings Dynamic walk
[2025-01-08 14:35:00] Matchings - CX: 63, U3: 64, Depth: 98
[2025-01-08 14:35:00] Computing Exact walk
[2025-01-08 14:35:00] Exact - CX: 100, U3: 165, Depth: 197
[2025-01-08 14:35:00] Successfully processed graph 1 - Category: win
[2025-01-08 14:35:00] 
Processing graph 2/200
[2025-01-08 14:35:00] Graph 2 has 16 nodes and 35 edges
[2025-01-08 14:35:00] Converted to 35 bitstring edges
[2025-01-08 14:35:00] Computing Matchings Dynamic walk
[2025-01-08 14:35:01] Matchings - CX: 53, U3: 55, Depth: 83
[2025-01-08 14:35:01] Computing Exact walk
[2025-01-08 14:35:02] Exact - CX: 100, U3: 165, Depth: 197
[2025-01-08 14:35:02] Successfully processed graph 2 - Category: win
[2025-01-08 14:35:02] 
Processing graph 3/200
[2025-01-08 14:35:02] Graph 3 has 16 nodes and 36 edges
[2025-01-08 14:35:02] Converted to 36 bitstring edges
[2025-01-08 14:35:02] Computing Matchings Dynamic walk
[2025-01-08 14:35:02] Matchings - CX: 65, U3: 64, Depth: 99
[2025-01-08 14:35:02] Computing Exact walk
[2025-01-08 14:35:03] Exact - CX: 98, U3: 160, Depth: 192
[2025-01-08 14:35:03] Successfully processed graph 3 - Category: win
[2025-01-08 14:35:03] 
Processing graph 4/200
[2025-01-08 14:35:03] Graph 4 has 16 nodes and 33 edges
[2025-01-08 14:35:03] Converted to 33 bitstring edges
[2025-01-08 14:35:03] Computing Matchings Dynamic walk
[2025-01-08 14:35:04] Matchings - CX: 73, U3: 68, Depth: 109
[2025-01-08 14:35:04] Computing Exact walk
[2025-01-08 14:35:04] Exact - CX: 97, U3: 156, Depth: 188
[2025-01-08 14:35:04] Successfully processed graph 4 - Category: win
[2025-01-08 14:35:04] 
Processing graph 5/200
[2025-01-08 14:35:04] Graph 5 has 16 nodes and 36 edges
[2025-01-08 14:35:04] Converted to 36 bitstring edges
[2025-01-08 14:35:04] Computing Matchings Dynamic walk
[2025-01-08 14:35:05] Matchings - CX: 61, U3: 61, Depth: 95
[2025-01-08 14:35:05] Computing Exact walk
[2025-01-08 14:35:06] Exact - CX: 100, U3: 164, Depth: 197
[2025-01-08 14:35:06] Successfully processed graph 5 - Category: win
[2025-01-08 14:35:06] 
Processing graph 6/200
[2025-01-08 14:35:06] Graph 6 has 16 nodes and 33 edges
[2025-01-08 14:35:06] Converted to 33 bitstring edges
[2025-01-08 14:35:06] Computing Matchings Dynamic walk
[2025-01-08 14:35:06] Matchings - CX: 56, U3: 56, Depth: 85
[2025-01-08 14:35:06] Computing Exact walk
[2025-01-08 14:35:07] Exact - CX: 100, U3: 163, Depth: 196
[2025-01-08 14:35:07] Successfully processed graph 6 - Category: win
[2025-01-08 14:35:07] 
Processing graph 7/200
[2025-01-08 14:35:07] Graph 7 has 16 nodes and 35 edges
[2025-01-08 14:35:07] Converted to 35 bitstring edges
[2025-01-08 14:35:07] Computing Matchings Dynamic walk
[2025-01-08 14:35:08] Matchings - CX: 54, U3: 56, Depth: 86
[2025-01-08 14:35:08] Computing Exact walk
[2025-01-08 14:35:08] Exact - CX: 100, U3: 162, Depth: 195
[2025-01-08 14:35:08] Successfully processed graph 7 - Category: win
[2025-01-08 14:35:08] 
Processing graph 8/200
[2025-01-08 14:35:08] Graph 8 has 16 nodes and 34 edges
[2025-01-08 14:35:08] Converted to 34 bitstring edges
[2025-01-08 14:35:08] Computing Matchings Dynamic walk
[2025-01-08 14:35:09] Matchings - CX: 43, U3: 46, Depth: 67
[2025-01-08 14:35:09] Computing Exact walk
[2025-01-08 14:35:10] Exact - CX: 100, U3: 163, Depth: 196
[2025-01-08 14:35:10] Successfully processed graph 8 - Category: win
[2025-01-08 14:35:10] 
Processing graph 9/200
[2025-01-08 14:35:10] Graph 9 has 16 nodes and 33 edges
[2025-01-08 14:35:10] Converted to 33 bitstring edges
[2025-01-08 14:35:10] Computing Matchings Dynamic walk
[2025-01-08 14:35:10] Matchings - CX: 45, U3: 48, Depth: 71
[2025-01-08 14:35:10] Computing Exact walk
[2025-01-08 14:35:11] Exact - CX: 98, U3: 159, Depth: 191
[2025-01-08 14:35:11] Successfully processed graph 9 - Category: win
[2025-01-08 14:35:11] 
Processing graph 10/200
[2025-01-08 14:35:11] Graph 10 has 16 nodes and 35 edges
[2025-01-08 14:35:11] Converted to 35 bitstring edges
[2025-01-08 14:35:11] Computing Matchings Dynamic walk
[2025-01-08 14:35:12] Matchings - CX: 63, U3: 65, Depth: 97
[2025-01-08 14:35:12] Computing Exact walk
[2025-01-08 14:35:12] Exact - CX: 100, U3: 165, Depth: 197
[2025-01-08 14:35:12] Successfully processed graph 10 - Category: win
[2025-01-08 14:35:12] 
Processing graph 11/200
[2025-01-08 14:35:12] Graph 11 has 16 nodes and 35 edges
[2025-01-08 14:35:12] Converted to 35 bitstring edges
[2025-01-08 14:35:12] Computing Matchings Dynamic walk
[2025-01-08 14:35:13] Matchings - CX: 72, U3: 63, Depth: 108
[2025-01-08 14:35:13] Computing Exact walk
[2025-01-08 14:35:14] Exact - CX: 97, U3: 157, Depth: 188
[2025-01-08 14:35:14] Successfully processed graph 11 - Category: win
[2025-01-08 14:35:14] 
Processing graph 12/200
[2025-01-08 14:35:14] Graph 12 has 16 nodes and 37 edges
[2025-01-08 14:35:14] Converted to 37 bitstring edges
[2025-01-08 14:35:14] Computing Matchings Dynamic walk
[2025-01-08 14:35:14] Matchings - CX: 82, U3: 75, Depth: 120
[2025-01-08 14:35:14] Computing Exact walk
[2025-01-08 14:35:15] Exact - CX: 100, U3: 163, Depth: 195
[2025-01-08 14:35:15] Successfully processed graph 12 - Category: win
[2025-01-08 14:35:15] 
Processing graph 13/200
[2025-01-08 14:35:15] Graph 13 has 16 nodes and 39 edges
[2025-01-08 14:35:15] Converted to 39 bitstring edges
[2025-01-08 14:35:15] Computing Matchings Dynamic walk
[2025-01-08 14:35:16] Matchings - CX: 60, U3: 56, Depth: 91
[2025-01-08 14:35:16] Computing Exact walk
[2025-01-08 14:35:17] Exact - CX: 100, U3: 165, Depth: 197
[2025-01-08 14:35:17] Successfully processed graph 13 - Category: win
[2025-01-08 14:35:17] 
Processing graph 14/200
[2025-01-08 14:35:17] Graph 14 has 16 nodes and 35 edges
[2025-01-08 14:35:17] Converted to 35 bitstring edges
[2025-01-08 14:35:17] Computing Matchings Dynamic walk
[2025-01-08 14:35:17] Matchings - CX: 57, U3: 54, Depth: 87
[2025-01-08 14:35:17] Computing Exact walk
[2025-01-08 14:35:18] Exact - CX: 100, U3: 165, Depth: 197
[2025-01-08 14:35:18] Successfully processed graph 14 - Category: win
[2025-01-08 14:35:18] 
Processing graph 15/200
[2025-01-08 14:35:18] Graph 15 has 16 nodes and 39 edges
[2025-01-08 14:35:18] Converted to 39 bitstring edges
[2025-01-08 14:35:18] Computing Matchings Dynamic walk
[2025-01-08 14:35:19] Matchings - CX: 75, U3: 70, Depth: 114
[2025-01-08 14:35:19] Computing Exact walk
[2025-01-08 14:35:19] Exact - CX: 100, U3: 164, Depth: 197
[2025-01-08 14:35:19] Successfully processed graph 15 - Category: win
[2025-01-08 14:35:19] 
Processing graph 16/200
[2025-01-08 14:35:19] Graph 16 has 16 nodes and 35 edges
[2025-01-08 14:35:19] Converted to 35 bitstring edges
[2025-01-08 14:35:19] Computing Matchings Dynamic walk
[2025-01-08 14:35:20] Matchings - CX: 59, U3: 58, Depth: 90
[2025-01-08 14:35:20] Computing Exact walk
[2025-01-08 14:35:21] Exact - CX: 100, U3: 165, Depth: 197
[2025-01-08 14:35:21] Successfully processed graph 16 - Category: win
[2025-01-08 14:35:21] 
Processing graph 17/200
[2025-01-08 14:35:21] Graph 17 has 16 nodes and 34 edges
[2025-01-08 14:35:21] Converted to 34 bitstring edges
[2025-01-08 14:35:21] Computing Matchings Dynamic walk
[2025-01-08 14:35:21] Matchings - CX: 43, U3: 42, Depth: 66
[2025-01-08 14:35:21] Computing Exact walk
[2025-01-08 14:35:22] Exact - CX: 100, U3: 165, Depth: 197
[2025-01-08 14:35:22] Successfully processed graph 17 - Category: win
[2025-01-08 14:35:22] 
Processing graph 18/200
[2025-01-08 14:35:22] Graph 18 has 16 nodes and 36 edges
[2025-01-08 14:35:22] Converted to 36 bitstring edges
[2025-01-08 14:35:22] Computing Matchings Dynamic walk
[2025-01-08 14:35:23] Matchings - CX: 48, U3: 49, Depth: 75
[2025-01-08 14:35:23] Computing Exact walk
[2025-01-08 14:35:23] Exact - CX: 100, U3: 165, Depth: 197
[2025-01-08 14:35:23] Successfully processed graph 18 - Category: win
[2025-01-08 14:35:23] 
Processing graph 19/200
[2025-01-08 14:35:23] Graph 19 has 16 nodes and 39 edges
[2025-01-08 14:35:23] Converted to 39 bitstring edges
[2025-01-08 14:35:23] Computing Matchings Dynamic walk
[2025-01-08 14:35:24] Matchings - CX: 56, U3: 59, Depth: 85
[2025-01-08 14:35:24] Computing Exact walk
[2025-01-08 14:35:25] Exact - CX: 100, U3: 165, Depth: 197
[2025-01-08 14:35:25] Successfully processed graph 19 - Category: win
[2025-01-08 14:35:25] 
Processing graph 20/200
[2025-01-08 14:35:25] Graph 20 has 16 nodes and 35 edges
[2025-01-08 14:35:25] Converted to 35 bitstring edges
[2025-01-08 14:35:25] Computing Matchings Dynamic walk
[2025-01-08 14:35:25] Matchings - CX: 44, U3: 46, Depth: 70
[2025-01-08 14:35:25] Computing Exact walk
[2025-01-08 14:35:26] Exact - CX: 96, U3: 156, Depth: 186
[2025-01-08 14:35:26] Successfully processed graph 20 - Category: win
[2025-01-08 14:35:26] 
Processing graph 21/200
[2025-01-08 14:35:26] Graph 21 has 16 nodes and 34 edges
[2025-01-08 14:35:26] Converted to 34 bitstring edges
[2025-01-08 14:35:26] Computing Matchings Dynamic walk
[2025-01-08 14:35:26] Matchings - CX: 54, U3: 64, Depth: 87
[2025-01-08 14:35:26] Computing Exact walk
[2025-01-08 14:35:27] Exact - CX: 100, U3: 165, Depth: 197
[2025-01-08 14:35:27] Successfully processed graph 21 - Category: win
[2025-01-08 14:35:27] 
Processing graph 22/200
[2025-01-08 14:35:27] Graph 22 has 16 nodes and 36 edges
[2025-01-08 14:35:27] Converted to 36 bitstring edges
[2025-01-08 14:35:27] Computing Matchings Dynamic walk
[2025-01-08 14:35:28] Matchings - CX: 81, U3: 69, Depth: 114
[2025-01-08 14:35:28] Computing Exact walk
[2025-01-08 14:35:29] Exact - CX: 98, U3: 160, Depth: 191
[2025-01-08 14:35:29] Successfully processed graph 22 - Category: win
[2025-01-08 14:35:29] 
Processing graph 23/200
[2025-01-08 14:35:29] Graph 23 has 16 nodes and 34 edges
[2025-01-08 14:35:29] Converted to 34 bitstring edges
[2025-01-08 14:35:29] Computing Matchings Dynamic walk
[2025-01-08 14:35:29] Matchings - CX: 54, U3: 49, Depth: 83
[2025-01-08 14:35:29] Computing Exact walk
[2025-01-08 14:35:30] Exact - CX: 100, U3: 165, Depth: 197
[2025-01-08 14:35:30] Successfully processed graph 23 - Category: win
[2025-01-08 14:35:30] 
Processing graph 24/200
[2025-01-08 14:35:30] Graph 24 has 16 nodes and 35 edges
[2025-01-08 14:35:30] Converted to 35 bitstring edges
[2025-01-08 14:35:30] Computing Matchings Dynamic walk
[2025-01-08 14:35:31] Matchings - CX: 44, U3: 44, Depth: 69
[2025-01-08 14:35:31] Computing Exact walk
[2025-01-08 14:35:32] Exact - CX: 100, U3: 165, Depth: 197
[2025-01-08 14:35:32] Successfully processed graph 24 - Category: win
[2025-01-08 14:35:32] 
Processing graph 25/200
[2025-01-08 14:35:32] Graph 25 has 16 nodes and 34 edges
[2025-01-08 14:35:32] Converted to 34 bitstring edges
[2025-01-08 14:35:32] Computing Matchings Dynamic walk
[2025-01-08 14:35:32] Matchings - CX: 54, U3: 52, Depth: 83
[2025-01-08 14:35:32] Computing Exact walk
[2025-01-08 14:35:33] Exact - CX: 100, U3: 165, Depth: 197
[2025-01-08 14:35:33] Successfully processed graph 25 - Category: win
[2025-01-08 14:35:33] 
Processing graph 26/200
[2025-01-08 14:35:33] Graph 26 has 16 nodes and 33 edges
[2025-01-08 14:35:33] Converted to 33 bitstring edges
[2025-01-08 14:35:33] Computing Matchings Dynamic walk
[2025-01-08 14:35:33] Matchings - CX: 37, U3: 38, Depth: 57
[2025-01-08 14:35:33] Computing Exact walk
[2025-01-08 14:35:34] Exact - CX: 100, U3: 156, Depth: 193
[2025-01-08 14:35:34] Successfully processed graph 26 - Category: win
[2025-01-08 14:35:34] 
Processing graph 27/200
[2025-01-08 14:35:34] Graph 27 has 16 nodes and 33 edges
[2025-01-08 14:35:34] Converted to 33 bitstring edges
[2025-01-08 14:35:34] Computing Matchings Dynamic walk
[2025-01-08 14:35:35] Matchings - CX: 43, U3: 46, Depth: 68
[2025-01-08 14:35:35] Computing Exact walk
[2025-01-08 14:35:35] Exact - CX: 100, U3: 165, Depth: 197
[2025-01-08 14:35:35] Successfully processed graph 27 - Category: win
[2025-01-08 14:35:35] 
Processing graph 28/200
[2025-01-08 14:35:35] Graph 28 has 16 nodes and 37 edges
[2025-01-08 14:35:35] Converted to 37 bitstring edges
[2025-01-08 14:35:35] Computing Matchings Dynamic walk
[2025-01-08 14:35:36] Matchings - CX: 62, U3: 52, Depth: 91
[2025-01-08 14:35:36] Computing Exact walk
[2025-01-08 14:35:37] Exact - CX: 100, U3: 165, Depth: 197
[2025-01-08 14:35:37] Successfully processed graph 28 - Category: win
[2025-01-08 14:35:37] 
Processing graph 29/200
[2025-01-08 14:35:37] Graph 29 has 16 nodes and 38 edges
[2025-01-08 14:35:37] Converted to 38 bitstring edges
[2025-01-08 14:35:37] Computing Matchings Dynamic walk
[2025-01-08 14:35:37] Matchings - CX: 78, U3: 70, Depth: 114
[2025-01-08 14:35:37] Computing Exact walk
[2025-01-08 14:35:38] Exact - CX: 100, U3: 165, Depth: 197
[2025-01-08 14:35:38] Successfully processed graph 29 - Category: win
[2025-01-08 14:35:38] 
Processing graph 30/200
[2025-01-08 14:35:38] Graph 30 has 16 nodes and 32 edges
[2025-01-08 14:35:38] Converted to 32 bitstring edges
[2025-01-08 14:35:38] Computing Matchings Dynamic walk
[2025-01-08 14:35:38] Matchings - CX: 76, U3: 60, Depth: 105
[2025-01-08 14:35:38] Computing Exact walk
[2025-01-08 14:35:39] Exact - CX: 100, U3: 165, Depth: 197
[2025-01-08 14:35:39] Successfully processed graph 30 - Category: win
[2025-01-08 14:35:39] 
Processing graph 31/200
[2025-01-08 14:35:39] Graph 31 has 16 nodes and 33 edges
[2025-01-08 14:35:39] Converted to 33 bitstring edges
[2025-01-08 14:35:39] Computing Matchings Dynamic walk
[2025-01-08 14:35:40] Matchings - CX: 61, U3: 53, Depth: 91
[2025-01-08 14:35:40] Computing Exact walk
[2025-01-08 14:35:40] Exact - CX: 98, U3: 160, Depth: 192
[2025-01-08 14:35:40] Successfully processed graph 31 - Category: win
[2025-01-08 14:35:40] 
Processing graph 32/200
[2025-01-08 14:35:40] Graph 32 has 16 nodes and 36 edges
[2025-01-08 14:35:40] Converted to 36 bitstring edges
[2025-01-08 14:35:40] Computing Matchings Dynamic walk
[2025-01-08 14:35:41] Matchings - CX: 59, U3: 56, Depth: 89
[2025-01-08 14:35:41] Computing Exact walk
[2025-01-08 14:35:42] Exact - CX: 100, U3: 165, Depth: 197
[2025-01-08 14:35:42] Successfully processed graph 32 - Category: win
[2025-01-08 14:35:42] 
Processing graph 33/200
[2025-01-08 14:35:42] Graph 33 has 16 nodes and 36 edges
[2025-01-08 14:35:42] Converted to 36 bitstring edges
[2025-01-08 14:35:42] Computing Matchings Dynamic walk
[2025-01-08 14:35:42] Matchings - CX: 78, U3: 68, Depth: 115
[2025-01-08 14:35:42] Computing Exact walk
[2025-01-08 14:35:43] Exact - CX: 96, U3: 157, Depth: 187
[2025-01-08 14:35:43] Successfully processed graph 33 - Category: win
[2025-01-08 14:35:43] 
Processing graph 34/200
[2025-01-08 14:35:43] Graph 34 has 16 nodes and 39 edges
[2025-01-08 14:35:43] Converted to 39 bitstring edges
[2025-01-08 14:35:43] Computing Matchings Dynamic walk
[2025-01-08 14:35:43] Matchings - CX: 69, U3: 68, Depth: 106
[2025-01-08 14:35:43] Computing Exact walk
[2025-01-08 14:35:44] Exact - CX: 100, U3: 161, Depth: 195
[2025-01-08 14:35:44] Successfully processed graph 34 - Category: win
[2025-01-08 14:35:44] 
Processing graph 35/200
[2025-01-08 14:35:44] Graph 35 has 16 nodes and 35 edges
[2025-01-08 14:35:44] Converted to 35 bitstring edges
[2025-01-08 14:35:44] Computing Matchings Dynamic walk
[2025-01-08 14:35:45] Matchings - CX: 50, U3: 56, Depth: 81
[2025-01-08 14:35:45] Computing Exact walk
[2025-01-08 14:35:45] Exact - CX: 100, U3: 165, Depth: 197
[2025-01-08 14:35:45] Successfully processed graph 35 - Category: win
[2025-01-08 14:35:45] 
Processing graph 36/200
[2025-01-08 14:35:45] Graph 36 has 16 nodes and 36 edges
[2025-01-08 14:35:45] Converted to 36 bitstring edges
[2025-01-08 14:35:45] Computing Matchings Dynamic walk
[2025-01-08 14:35:46] Matchings - CX: 57, U3: 47, Depth: 85
[2025-01-08 14:35:46] Computing Exact walk
[2025-01-08 14:35:47] Exact - CX: 100, U3: 165, Depth: 197
[2025-01-08 14:35:47] Successfully processed graph 36 - Category: win
[2025-01-08 14:35:47] 
Processing graph 37/200
[2025-01-08 14:35:47] Graph 37 has 16 nodes and 37 edges
[2025-01-08 14:35:47] Converted to 37 bitstring edges
[2025-01-08 14:35:47] Computing Matchings Dynamic walk
[2025-01-08 14:35:47] Matchings - CX: 70, U3: 66, Depth: 102
[2025-01-08 14:35:47] Computing Exact walk
[2025-01-08 14:35:48] Exact - CX: 100, U3: 165, Depth: 197
[2025-01-08 14:35:48] Successfully processed graph 37 - Category: win
[2025-01-08 14:35:48] 
Processing graph 38/200
[2025-01-08 14:35:48] Graph 38 has 16 nodes and 35 edges
[2025-01-08 14:35:48] Converted to 35 bitstring edges
[2025-01-08 14:35:48] Computing Matchings Dynamic walk
[2025-01-08 14:35:48] Matchings - CX: 68, U3: 70, Depth: 106
[2025-01-08 14:35:48] Computing Exact walk
[2025-01-08 14:35:49] Exact - CX: 98, U3: 162, Depth: 193
[2025-01-08 14:35:49] Successfully processed graph 38 - Category: win
[2025-01-08 14:35:49] 
Processing graph 39/200
[2025-01-08 14:35:49] Graph 39 has 16 nodes and 31 edges
[2025-01-08 14:35:49] Converted to 31 bitstring edges
[2025-01-08 14:35:49] Computing Matchings Dynamic walk
[2025-01-08 14:35:49] Matchings - CX: 44, U3: 38, Depth: 65
[2025-01-08 14:35:49] Computing Exact walk
[2025-01-08 14:35:50] Exact - CX: 100, U3: 165, Depth: 197
[2025-01-08 14:35:50] Successfully processed graph 39 - Category: win
[2025-01-08 14:35:50] 
Processing graph 40/200
[2025-01-08 14:35:50] Graph 40 has 16 nodes and 40 edges
[2025-01-08 14:35:50] Converted to 40 bitstring edges
[2025-01-08 14:35:50] Computing Matchings Dynamic walk
[2025-01-08 14:35:51] Matchings - CX: 47, U3: 51, Depth: 75
[2025-01-08 14:35:51] Computing Exact walk
[2025-01-08 14:35:51] Exact - CX: 100, U3: 160, Depth: 194
[2025-01-08 14:35:51] Successfully processed graph 40 - Category: win
[2025-01-08 14:35:51] 
Processing graph 41/200
[2025-01-08 14:35:51] Graph 41 has 16 nodes and 38 edges
[2025-01-08 14:35:51] Converted to 38 bitstring edges
[2025-01-08 14:35:51] Computing Matchings Dynamic walk
[2025-01-08 14:35:52] Matchings - CX: 84, U3: 76, Depth: 127
[2025-01-08 14:35:52] Computing Exact walk
[2025-01-08 14:35:53] Exact - CX: 98, U3: 158, Depth: 190
[2025-01-08 14:35:53] Successfully processed graph 41 - Category: win
[2025-01-08 14:35:53] 
Processing graph 42/200
[2025-01-08 14:35:53] Graph 42 has 16 nodes and 36 edges
[2025-01-08 14:35:53] Converted to 36 bitstring edges
[2025-01-08 14:35:53] Computing Matchings Dynamic walk
[2025-01-08 14:35:53] Matchings - CX: 55, U3: 55, Depth: 85
[2025-01-08 14:35:53] Computing Exact walk
[2025-01-08 14:35:54] Exact - CX: 100, U3: 165, Depth: 197
[2025-01-08 14:35:54] Successfully processed graph 42 - Category: win
[2025-01-08 14:35:54] 
Processing graph 43/200
[2025-01-08 14:35:54] Graph 43 has 16 nodes and 35 edges
[2025-01-08 14:35:54] Converted to 35 bitstring edges
[2025-01-08 14:35:54] Computing Matchings Dynamic walk
[2025-01-08 14:35:54] Matchings - CX: 55, U3: 57, Depth: 85
[2025-01-08 14:35:54] Computing Exact walk
[2025-01-08 14:35:55] Exact - CX: 100, U3: 160, Depth: 194
[2025-01-08 14:35:55] Successfully processed graph 43 - Category: win
[2025-01-08 14:35:55] 
Processing graph 44/200
[2025-01-08 14:35:55] Graph 44 has 16 nodes and 31 edges
[2025-01-08 14:35:55] Converted to 31 bitstring edges
[2025-01-08 14:35:55] Computing Matchings Dynamic walk
[2025-01-08 14:35:56] Matchings - CX: 54, U3: 57, Depth: 86
[2025-01-08 14:35:56] Computing Exact walk
[2025-01-08 14:35:56] Exact - CX: 100, U3: 165, Depth: 197
[2025-01-08 14:35:56] Successfully processed graph 44 - Category: win
[2025-01-08 14:35:56] 
Processing graph 45/200
[2025-01-08 14:35:56] Graph 45 has 16 nodes and 37 edges
[2025-01-08 14:35:56] Converted to 37 bitstring edges
[2025-01-08 14:35:56] Computing Matchings Dynamic walk
[2025-01-08 14:35:57] Matchings - CX: 56, U3: 55, Depth: 85
[2025-01-08 14:35:57] Computing Exact walk
[2025-01-08 14:35:58] Exact - CX: 100, U3: 165, Depth: 197
[2025-01-08 14:35:58] Successfully processed graph 45 - Category: win
[2025-01-08 14:35:58] 
Processing graph 46/200
[2025-01-08 14:35:58] Graph 46 has 16 nodes and 34 edges
[2025-01-08 14:35:58] Converted to 34 bitstring edges
[2025-01-08 14:35:58] Computing Matchings Dynamic walk
[2025-01-08 14:35:58] Matchings - CX: 52, U3: 53, Depth: 81
[2025-01-08 14:35:58] Computing Exact walk
[2025-01-08 14:35:59] Exact - CX: 100, U3: 160, Depth: 194
[2025-01-08 14:35:59] Successfully processed graph 46 - Category: win
[2025-01-08 14:35:59] 
Processing graph 47/200
[2025-01-08 14:35:59] Graph 47 has 16 nodes and 35 edges
[2025-01-08 14:35:59] Converted to 35 bitstring edges
[2025-01-08 14:35:59] Computing Matchings Dynamic walk
[2025-01-08 14:35:59] Matchings - CX: 72, U3: 58, Depth: 107
[2025-01-08 14:35:59] Computing Exact walk
[2025-01-08 14:36:00] Exact - CX: 100, U3: 165, Depth: 197
[2025-01-08 14:36:00] Successfully processed graph 47 - Category: win
[2025-01-08 14:36:00] 
Processing graph 48/200
[2025-01-08 14:36:00] Graph 48 has 16 nodes and 38 edges
[2025-01-08 14:36:00] Converted to 38 bitstring edges
[2025-01-08 14:36:00] Computing Matchings Dynamic walk
[2025-01-08 14:36:01] Matchings - CX: 57, U3: 54, Depth: 85
[2025-01-08 14:36:01] Computing Exact walk
[2025-01-08 14:36:01] Exact - CX: 100, U3: 165, Depth: 197
[2025-01-08 14:36:01] Successfully processed graph 48 - Category: win
[2025-01-08 14:36:01] 
Processing graph 49/200
[2025-01-08 14:36:01] Graph 49 has 16 nodes and 38 edges
[2025-01-08 14:36:01] Converted to 38 bitstring edges
[2025-01-08 14:36:01] Computing Matchings Dynamic walk
[2025-01-08 14:36:02] Matchings - CX: 88, U3: 89, Depth: 133
[2025-01-08 14:36:02] Computing Exact walk
[2025-01-08 14:36:03] Exact - CX: 98, U3: 160, Depth: 192
[2025-01-08 14:36:03] Successfully processed graph 49 - Category: win
[2025-01-08 14:36:03] 
Processing graph 50/200
[2025-01-08 14:36:03] Graph 50 has 16 nodes and 38 edges
[2025-01-08 14:36:03] Converted to 38 bitstring edges
[2025-01-08 14:36:03] Computing Matchings Dynamic walk
[2025-01-08 14:36:03] Matchings - CX: 56, U3: 45, Depth: 81
[2025-01-08 14:36:03] Computing Exact walk
[2025-01-08 14:36:04] Exact - CX: 100, U3: 165, Depth: 197
[2025-01-08 14:36:04] Successfully processed graph 50 - Category: win
[2025-01-08 14:36:04] 
Processing graph 51/200
[2025-01-08 14:36:04] Graph 51 has 16 nodes and 35 edges
[2025-01-08 14:36:04] Converted to 35 bitstring edges
[2025-01-08 14:36:04] Computing Matchings Dynamic walk
[2025-01-08 14:36:04] Matchings - CX: 79, U3: 72, Depth: 113
[2025-01-08 14:36:04] Computing Exact walk
[2025-01-08 14:36:05] Exact - CX: 100, U3: 165, Depth: 197
[2025-01-08 14:36:05] Successfully processed graph 51 - Category: win
[2025-01-08 14:36:05] 
Processing graph 52/200
[2025-01-08 14:36:05] Graph 52 has 16 nodes and 35 edges
[2025-01-08 14:36:05] Converted to 35 bitstring edges
[2025-01-08 14:36:05] Computing Matchings Dynamic walk
[2025-01-08 14:36:06] Matchings - CX: 58, U3: 57, Depth: 91
[2025-01-08 14:36:06] Computing Exact walk
[2025-01-08 14:36:06] Exact - CX: 100, U3: 164, Depth: 197
[2025-01-08 14:36:06] Successfully processed graph 52 - Category: win
[2025-01-08 14:36:06] 
Processing graph 53/200
[2025-01-08 14:36:06] Graph 53 has 16 nodes and 36 edges
[2025-01-08 14:36:06] Converted to 36 bitstring edges
[2025-01-08 14:36:06] Computing Matchings Dynamic walk
[2025-01-08 14:36:07] Matchings - CX: 41, U3: 40, Depth: 64
[2025-01-08 14:36:07] Computing Exact walk
[2025-01-08 14:36:07] Exact - CX: 100, U3: 165, Depth: 197
[2025-01-08 14:36:07] Successfully processed graph 53 - Category: win
[2025-01-08 14:36:07] 
Processing graph 54/200
[2025-01-08 14:36:07] Graph 54 has 16 nodes and 34 edges
[2025-01-08 14:36:07] Converted to 34 bitstring edges
[2025-01-08 14:36:07] Computing Matchings Dynamic walk
[2025-01-08 14:36:08] Matchings - CX: 31, U3: 29, Depth: 47
[2025-01-08 14:36:08] Computing Exact walk
[2025-01-08 14:36:09] Exact - CX: 100, U3: 165, Depth: 197
[2025-01-08 14:36:09] Successfully processed graph 54 - Category: win
[2025-01-08 14:36:09] 
Processing graph 55/200
[2025-01-08 14:36:09] Graph 55 has 16 nodes and 34 edges
[2025-01-08 14:36:09] Converted to 34 bitstring edges
[2025-01-08 14:36:09] Computing Matchings Dynamic walk
[2025-01-08 14:36:09] Matchings - CX: 63, U3: 55, Depth: 93
[2025-01-08 14:36:09] Computing Exact walk
[2025-01-08 14:36:10] Exact - CX: 100, U3: 165, Depth: 197
[2025-01-08 14:36:10] Successfully processed graph 55 - Category: win
[2025-01-08 14:36:10] 
Processing graph 56/200
[2025-01-08 14:36:10] Graph 56 has 16 nodes and 36 edges
[2025-01-08 14:36:10] Converted to 36 bitstring edges
[2025-01-08 14:36:10] Computing Matchings Dynamic walk
[2025-01-08 14:36:10] Matchings - CX: 33, U3: 35, Depth: 51
[2025-01-08 14:36:10] Computing Exact walk
[2025-01-08 14:36:11] Exact - CX: 100, U3: 164, Depth: 196
[2025-01-08 14:36:11] Successfully processed graph 56 - Category: win
[2025-01-08 14:36:11] 
Processing graph 57/200
[2025-01-08 14:36:11] Graph 57 has 16 nodes and 34 edges
[2025-01-08 14:36:11] Converted to 34 bitstring edges
[2025-01-08 14:36:11] Computing Matchings Dynamic walk
[2025-01-08 14:36:12] Matchings - CX: 39, U3: 43, Depth: 61
[2025-01-08 14:36:12] Computing Exact walk
[2025-01-08 14:36:12] Exact - CX: 100, U3: 165, Depth: 197
[2025-01-08 14:36:12] Successfully processed graph 57 - Category: win
[2025-01-08 14:36:12] 
Processing graph 58/200
[2025-01-08 14:36:12] Graph 58 has 16 nodes and 35 edges
[2025-01-08 14:36:12] Converted to 35 bitstring edges
[2025-01-08 14:36:12] Computing Matchings Dynamic walk
[2025-01-08 14:36:13] Matchings - CX: 67, U3: 63, Depth: 101
[2025-01-08 14:36:13] Computing Exact walk
[2025-01-08 14:36:13] Exact - CX: 100, U3: 165, Depth: 197
[2025-01-08 14:36:13] Successfully processed graph 58 - Category: win
[2025-01-08 14:36:13] 
Processing graph 59/200
[2025-01-08 14:36:13] Graph 59 has 16 nodes and 37 edges
[2025-01-08 14:36:13] Converted to 37 bitstring edges
[2025-01-08 14:36:13] Computing Matchings Dynamic walk
[2025-01-08 14:36:14] Matchings - CX: 53, U3: 49, Depth: 83
[2025-01-08 14:36:14] Computing Exact walk
[2025-01-08 14:36:15] Exact - CX: 100, U3: 165, Depth: 197
[2025-01-08 14:36:15] Successfully processed graph 59 - Category: win
[2025-01-08 14:36:15] 
Processing graph 60/200
[2025-01-08 14:36:15] Graph 60 has 16 nodes and 35 edges
[2025-01-08 14:36:15] Converted to 35 bitstring edges
[2025-01-08 14:36:15] Computing Matchings Dynamic walk
[2025-01-08 14:36:15] Matchings - CX: 60, U3: 60, Depth: 91
[2025-01-08 14:36:15] Computing Exact walk
[2025-01-08 14:36:16] Exact - CX: 100, U3: 165, Depth: 197
[2025-01-08 14:36:16] Successfully processed graph 60 - Category: win
[2025-01-08 14:36:16] 
Processing graph 61/200
[2025-01-08 14:36:16] Graph 61 has 16 nodes and 35 edges
[2025-01-08 14:36:16] Converted to 35 bitstring edges
[2025-01-08 14:36:16] Computing Matchings Dynamic walk
[2025-01-08 14:36:17] Matchings - CX: 83, U3: 69, Depth: 118
[2025-01-08 14:36:17] Computing Exact walk
[2025-01-08 14:36:17] Exact - CX: 98, U3: 161, Depth: 192
[2025-01-08 14:36:17] Successfully processed graph 61 - Category: win
[2025-01-08 14:36:17] 
Processing graph 62/200
[2025-01-08 14:36:17] Graph 62 has 16 nodes and 33 edges
[2025-01-08 14:36:17] Converted to 33 bitstring edges
[2025-01-08 14:36:17] Computing Matchings Dynamic walk
[2025-01-08 14:36:18] Matchings - CX: 78, U3: 73, Depth: 119
[2025-01-08 14:36:18] Computing Exact walk
[2025-01-08 14:36:19] Exact - CX: 100, U3: 165, Depth: 197
[2025-01-08 14:36:19] Successfully processed graph 62 - Category: win
[2025-01-08 14:36:19] 
Processing graph 63/200
[2025-01-08 14:36:19] Graph 63 has 16 nodes and 33 edges
[2025-01-08 14:36:19] Converted to 33 bitstring edges
[2025-01-08 14:36:19] Computing Matchings Dynamic walk
[2025-01-08 14:36:19] Matchings - CX: 45, U3: 45, Depth: 69
[2025-01-08 14:36:19] Computing Exact walk
[2025-01-08 14:36:20] Exact - CX: 100, U3: 165, Depth: 197
[2025-01-08 14:36:20] Successfully processed graph 63 - Category: win
[2025-01-08 14:36:20] 
Processing graph 64/200
[2025-01-08 14:36:20] Graph 64 has 16 nodes and 36 edges
[2025-01-08 14:36:20] Converted to 36 bitstring edges
[2025-01-08 14:36:20] Computing Matchings Dynamic walk
[2025-01-08 14:36:20] Matchings - CX: 55, U3: 52, Depth: 86
[2025-01-08 14:36:20] Computing Exact walk
[2025-01-08 14:36:21] Exact - CX: 100, U3: 165, Depth: 197
[2025-01-08 14:36:21] Successfully processed graph 64 - Category: win
[2025-01-08 14:36:21] 
Processing graph 65/200
[2025-01-08 14:36:21] Graph 65 has 16 nodes and 36 edges
[2025-01-08 14:36:21] Converted to 36 bitstring edges
[2025-01-08 14:36:21] Computing Matchings Dynamic walk
[2025-01-08 14:36:22] Matchings - CX: 66, U3: 67, Depth: 104
[2025-01-08 14:36:22] Computing Exact walk
[2025-01-08 14:36:22] Exact - CX: 100, U3: 165, Depth: 197
[2025-01-08 14:36:22] Successfully processed graph 65 - Category: win
[2025-01-08 14:36:22] 
Processing graph 66/200
[2025-01-08 14:36:22] Graph 66 has 16 nodes and 35 edges
[2025-01-08 14:36:22] Converted to 35 bitstring edges
[2025-01-08 14:36:22] Computing Matchings Dynamic walk
[2025-01-08 14:36:23] Matchings - CX: 62, U3: 65, Depth: 100
[2025-01-08 14:36:23] Computing Exact walk
[2025-01-08 14:36:23] Exact - CX: 100, U3: 165, Depth: 197
[2025-01-08 14:36:23] Successfully processed graph 66 - Category: win
[2025-01-08 14:36:23] 
Processing graph 67/200
[2025-01-08 14:36:23] Graph 67 has 16 nodes and 32 edges
[2025-01-08 14:36:23] Converted to 32 bitstring edges
[2025-01-08 14:36:23] Computing Matchings Dynamic walk
[2025-01-08 14:36:24] Matchings - CX: 36, U3: 33, Depth: 54
[2025-01-08 14:36:24] Computing Exact walk
[2025-01-08 14:36:25] Exact - CX: 100, U3: 165, Depth: 197
[2025-01-08 14:36:25] Successfully processed graph 67 - Category: win
[2025-01-08 14:36:25] 
Processing graph 68/200
[2025-01-08 14:36:25] Graph 68 has 16 nodes and 33 edges
[2025-01-08 14:36:25] Converted to 33 bitstring edges
[2025-01-08 14:36:25] Computing Matchings Dynamic walk
[2025-01-08 14:36:25] Matchings - CX: 39, U3: 36, Depth: 59
[2025-01-08 14:36:25] Computing Exact walk
[2025-01-08 14:36:26] Exact - CX: 100, U3: 165, Depth: 197
[2025-01-08 14:36:26] Successfully processed graph 68 - Category: win
[2025-01-08 14:36:26] 
Processing graph 69/200
[2025-01-08 14:36:26] Graph 69 has 16 nodes and 36 edges
[2025-01-08 14:36:26] Converted to 36 bitstring edges
[2025-01-08 14:36:26] Computing Matchings Dynamic walk
[2025-01-08 14:36:26] Matchings - CX: 59, U3: 54, Depth: 92
[2025-01-08 14:36:26] Computing Exact walk
[2025-01-08 14:36:27] Exact - CX: 100, U3: 165, Depth: 197
[2025-01-08 14:36:27] Successfully processed graph 69 - Category: win
[2025-01-08 14:36:27] 
Processing graph 70/200
[2025-01-08 14:36:27] Graph 70 has 16 nodes and 36 edges
[2025-01-08 14:36:27] Converted to 36 bitstring edges
[2025-01-08 14:36:27] Computing Matchings Dynamic walk
[2025-01-08 14:36:27] Matchings - CX: 67, U3: 64, Depth: 102
[2025-01-08 14:36:27] Computing Exact walk
[2025-01-08 14:36:28] Exact - CX: 100, U3: 165, Depth: 197
[2025-01-08 14:36:28] Successfully processed graph 70 - Category: win
[2025-01-08 14:36:28] 
Processing graph 71/200
[2025-01-08 14:36:28] Graph 71 has 16 nodes and 34 edges
[2025-01-08 14:36:28] Converted to 34 bitstring edges
[2025-01-08 14:36:28] Computing Matchings Dynamic walk
[2025-01-08 14:36:29] Matchings - CX: 45, U3: 42, Depth: 68
[2025-01-08 14:36:29] Computing Exact walk
[2025-01-08 14:36:29] Exact - CX: 100, U3: 165, Depth: 197
[2025-01-08 14:36:29] Successfully processed graph 71 - Category: win
[2025-01-08 14:36:29] 
Processing graph 72/200
[2025-01-08 14:36:29] Graph 72 has 16 nodes and 37 edges
[2025-01-08 14:36:29] Converted to 37 bitstring edges
[2025-01-08 14:36:29] Computing Matchings Dynamic walk
[2025-01-08 14:36:30] Matchings - CX: 37, U3: 42, Depth: 58
[2025-01-08 14:36:30] Computing Exact walk
[2025-01-08 14:36:31] Exact - CX: 100, U3: 165, Depth: 197
[2025-01-08 14:36:31] Successfully processed graph 72 - Category: win
[2025-01-08 14:36:31] 
Processing graph 73/200
[2025-01-08 14:36:31] Graph 73 has 16 nodes and 34 edges
[2025-01-08 14:36:31] Converted to 34 bitstring edges
[2025-01-08 14:36:31] Computing Matchings Dynamic walk
[2025-01-08 14:36:31] Matchings - CX: 52, U3: 55, Depth: 82
[2025-01-08 14:36:31] Computing Exact walk
[2025-01-08 14:36:32] Exact - CX: 97, U3: 159, Depth: 190
[2025-01-08 14:36:32] Successfully processed graph 73 - Category: win
[2025-01-08 14:36:32] 
Processing graph 74/200
[2025-01-08 14:36:32] Graph 74 has 16 nodes and 34 edges
[2025-01-08 14:36:32] Converted to 34 bitstring edges
[2025-01-08 14:36:32] Computing Matchings Dynamic walk
[2025-01-08 14:36:32] Matchings - CX: 64, U3: 56, Depth: 96
[2025-01-08 14:36:32] Computing Exact walk
[2025-01-08 14:36:33] Exact - CX: 100, U3: 160, Depth: 195
[2025-01-08 14:36:33] Successfully processed graph 74 - Category: win
[2025-01-08 14:36:33] 
Processing graph 75/200
[2025-01-08 14:36:33] Graph 75 has 16 nodes and 39 edges
[2025-01-08 14:36:33] Converted to 39 bitstring edges
[2025-01-08 14:36:33] Computing Matchings Dynamic walk
[2025-01-08 14:36:34] Matchings - CX: 55, U3: 54, Depth: 85
[2025-01-08 14:36:34] Computing Exact walk
[2025-01-08 14:36:34] Exact - CX: 100, U3: 165, Depth: 197
[2025-01-08 14:36:34] Successfully processed graph 75 - Category: win
[2025-01-08 14:36:34] 
Processing graph 76/200
[2025-01-08 14:36:34] Graph 76 has 16 nodes and 37 edges
[2025-01-08 14:36:34] Converted to 37 bitstring edges
[2025-01-08 14:36:34] Computing Matchings Dynamic walk
[2025-01-08 14:36:35] Matchings - CX: 50, U3: 48, Depth: 77
[2025-01-08 14:36:35] Computing Exact walk
[2025-01-08 14:36:35] Exact - CX: 100, U3: 165, Depth: 197
[2025-01-08 14:36:35] Successfully processed graph 76 - Category: win
[2025-01-08 14:36:35] 
Processing graph 77/200
[2025-01-08 14:36:35] Graph 77 has 16 nodes and 36 edges
[2025-01-08 14:36:35] Converted to 36 bitstring edges
[2025-01-08 14:36:35] Computing Matchings Dynamic walk
[2025-01-08 14:36:36] Matchings - CX: 64, U3: 68, Depth: 98
[2025-01-08 14:36:36] Computing Exact walk
[2025-01-08 14:36:37] Exact - CX: 100, U3: 163, Depth: 196
[2025-01-08 14:36:37] Successfully processed graph 77 - Category: win
[2025-01-08 14:36:37] 
Processing graph 78/200
[2025-01-08 14:36:37] Graph 78 has 16 nodes and 37 edges
[2025-01-08 14:36:37] Converted to 37 bitstring edges
[2025-01-08 14:36:37] Computing Matchings Dynamic walk
[2025-01-08 14:36:37] Matchings - CX: 47, U3: 42, Depth: 71
[2025-01-08 14:36:37] Computing Exact walk
[2025-01-08 14:36:38] Exact - CX: 100, U3: 165, Depth: 197
[2025-01-08 14:36:38] Successfully processed graph 78 - Category: win
[2025-01-08 14:36:38] 
Processing graph 79/200
[2025-01-08 14:36:38] Graph 79 has 16 nodes and 34 edges
[2025-01-08 14:36:38] Converted to 34 bitstring edges
[2025-01-08 14:36:38] Computing Matchings Dynamic walk
[2025-01-08 14:36:38] Matchings - CX: 56, U3: 51, Depth: 85
[2025-01-08 14:36:38] Computing Exact walk
[2025-01-08 14:36:39] Exact - CX: 98, U3: 162, Depth: 192
[2025-01-08 14:36:39] Successfully processed graph 79 - Category: win
[2025-01-08 14:36:39] 
Processing graph 80/200
[2025-01-08 14:36:39] Graph 80 has 16 nodes and 33 edges
[2025-01-08 14:36:39] Converted to 33 bitstring edges
[2025-01-08 14:36:39] Computing Matchings Dynamic walk
[2025-01-08 14:36:40] Matchings - CX: 78, U3: 76, Depth: 120
[2025-01-08 14:36:40] Computing Exact walk
[2025-01-08 14:36:40] Exact - CX: 100, U3: 165, Depth: 197
[2025-01-08 14:36:40] Successfully processed graph 80 - Category: win
[2025-01-08 14:36:40] 
Processing graph 81/200
[2025-01-08 14:36:40] Graph 81 has 16 nodes and 34 edges
[2025-01-08 14:36:40] Converted to 34 bitstring edges
[2025-01-08 14:36:40] Computing Matchings Dynamic walk
[2025-01-08 14:36:41] Matchings - CX: 72, U3: 68, Depth: 111
[2025-01-08 14:36:41] Computing Exact walk
[2025-01-08 14:36:42] Exact - CX: 98, U3: 160, Depth: 191
[2025-01-08 14:36:42] Successfully processed graph 81 - Category: win
[2025-01-08 14:36:42] 
Processing graph 82/200
[2025-01-08 14:36:42] Graph 82 has 16 nodes and 35 edges
[2025-01-08 14:36:42] Converted to 35 bitstring edges
[2025-01-08 14:36:42] Computing Matchings Dynamic walk
[2025-01-08 14:36:42] Matchings - CX: 44, U3: 43, Depth: 68
[2025-01-08 14:36:42] Computing Exact walk
[2025-01-08 14:36:43] Exact - CX: 100, U3: 165, Depth: 197
[2025-01-08 14:36:43] Successfully processed graph 82 - Category: win
[2025-01-08 14:36:43] 
Processing graph 83/200
[2025-01-08 14:36:43] Graph 83 has 16 nodes and 34 edges
[2025-01-08 14:36:43] Converted to 34 bitstring edges
[2025-01-08 14:36:43] Computing Matchings Dynamic walk
[2025-01-08 14:36:43] Matchings - CX: 69, U3: 62, Depth: 102
[2025-01-08 14:36:43] Computing Exact walk
[2025-01-08 14:36:44] Exact - CX: 100, U3: 165, Depth: 197
[2025-01-08 14:36:44] Successfully processed graph 83 - Category: win
[2025-01-08 14:36:44] 
Processing graph 84/200
[2025-01-08 14:36:44] Graph 84 has 16 nodes and 37 edges
[2025-01-08 14:36:44] Converted to 37 bitstring edges
[2025-01-08 14:36:44] Computing Matchings Dynamic walk
[2025-01-08 14:36:45] Matchings - CX: 36, U3: 42, Depth: 59
[2025-01-08 14:36:45] Computing Exact walk
[2025-01-08 14:36:45] Exact - CX: 100, U3: 165, Depth: 197
[2025-01-08 14:36:45] Successfully processed graph 84 - Category: win
[2025-01-08 14:36:45] 
Processing graph 85/200
[2025-01-08 14:36:45] Graph 85 has 16 nodes and 33 edges
[2025-01-08 14:36:45] Converted to 33 bitstring edges
[2025-01-08 14:36:45] Computing Matchings Dynamic walk
[2025-01-08 14:36:46] Matchings - CX: 65, U3: 54, Depth: 91
[2025-01-08 14:36:46] Computing Exact walk
[2025-01-08 14:36:46] Exact - CX: 100, U3: 165, Depth: 197
[2025-01-08 14:36:46] Successfully processed graph 85 - Category: win
[2025-01-08 14:36:46] 
Processing graph 86/200
[2025-01-08 14:36:46] Graph 86 has 16 nodes and 34 edges
[2025-01-08 14:36:46] Converted to 34 bitstring edges
[2025-01-08 14:36:46] Computing Matchings Dynamic walk
[2025-01-08 14:36:47] Matchings - CX: 53, U3: 49, Depth: 79
[2025-01-08 14:36:47] Computing Exact walk
[2025-01-08 14:36:48] Exact - CX: 99, U3: 161, Depth: 194
[2025-01-08 14:36:48] Successfully processed graph 86 - Category: win
[2025-01-08 14:36:48] 
Processing graph 87/200
[2025-01-08 14:36:48] Graph 87 has 16 nodes and 32 edges
[2025-01-08 14:36:48] Converted to 32 bitstring edges
[2025-01-08 14:36:48] Computing Matchings Dynamic walk
[2025-01-08 14:36:48] Matchings - CX: 37, U3: 39, Depth: 58
[2025-01-08 14:36:48] Computing Exact walk
[2025-01-08 14:36:49] Exact - CX: 100, U3: 162, Depth: 196
[2025-01-08 14:36:49] Successfully processed graph 87 - Category: win
[2025-01-08 14:36:49] 
Processing graph 88/200
[2025-01-08 14:36:49] Graph 88 has 16 nodes and 37 edges
[2025-01-08 14:36:49] Converted to 37 bitstring edges
[2025-01-08 14:36:49] Computing Matchings Dynamic walk
[2025-01-08 14:36:49] Matchings - CX: 72, U3: 70, Depth: 108
[2025-01-08 14:36:49] Computing Exact walk
[2025-01-08 14:36:50] Exact - CX: 100, U3: 165, Depth: 197
[2025-01-08 14:36:50] Successfully processed graph 88 - Category: win
[2025-01-08 14:36:50] 
Processing graph 89/200
[2025-01-08 14:36:50] Graph 89 has 16 nodes and 37 edges
[2025-01-08 14:36:50] Converted to 37 bitstring edges
[2025-01-08 14:36:50] Computing Matchings Dynamic walk
[2025-01-08 14:36:51] Matchings - CX: 81, U3: 81, Depth: 121
[2025-01-08 14:36:51] Computing Exact walk
[2025-01-08 14:36:51] Exact - CX: 100, U3: 165, Depth: 197
[2025-01-08 14:36:51] Successfully processed graph 89 - Category: win
[2025-01-08 14:36:51] 
Processing graph 90/200
[2025-01-08 14:36:51] Graph 90 has 16 nodes and 37 edges
[2025-01-08 14:36:51] Converted to 37 bitstring edges
[2025-01-08 14:36:51] Computing Matchings Dynamic walk
[2025-01-08 14:36:52] Matchings - CX: 93, U3: 74, Depth: 136
[2025-01-08 14:36:52] Computing Exact walk
[2025-01-08 14:36:53] Exact - CX: 98, U3: 162, Depth: 193
[2025-01-08 14:36:53] Successfully processed graph 90 - Category: win
[2025-01-08 14:36:53] 
Processing graph 91/200
[2025-01-08 14:36:53] Graph 91 has 16 nodes and 36 edges
[2025-01-08 14:36:53] Converted to 36 bitstring edges
[2025-01-08 14:36:53] Computing Matchings Dynamic walk
[2025-01-08 14:36:53] Matchings - CX: 46, U3: 47, Depth: 73
[2025-01-08 14:36:53] Computing Exact walk
[2025-01-08 14:36:54] Exact - CX: 100, U3: 165, Depth: 197
[2025-01-08 14:36:54] Successfully processed graph 91 - Category: win
[2025-01-08 14:36:54] 
Processing graph 92/200
[2025-01-08 14:36:54] Graph 92 has 16 nodes and 34 edges
[2025-01-08 14:36:54] Converted to 34 bitstring edges
[2025-01-08 14:36:54] Computing Matchings Dynamic walk
[2025-01-08 14:36:54] Matchings - CX: 74, U3: 69, Depth: 111
[2025-01-08 14:36:54] Computing Exact walk
[2025-01-08 14:36:55] Exact - CX: 100, U3: 165, Depth: 197
[2025-01-08 14:36:55] Successfully processed graph 92 - Category: win
[2025-01-08 14:36:55] 
Processing graph 93/200
[2025-01-08 14:36:55] Graph 93 has 16 nodes and 36 edges
[2025-01-08 14:36:55] Converted to 36 bitstring edges
[2025-01-08 14:36:55] Computing Matchings Dynamic walk
[2025-01-08 14:36:56] Matchings - CX: 62, U3: 68, Depth: 97
[2025-01-08 14:36:56] Computing Exact walk
[2025-01-08 14:36:56] Exact - CX: 100, U3: 165, Depth: 197
[2025-01-08 14:36:56] Successfully processed graph 93 - Category: win
[2025-01-08 14:36:56] 
Processing graph 94/200
[2025-01-08 14:36:56] Graph 94 has 16 nodes and 36 edges
[2025-01-08 14:36:56] Converted to 36 bitstring edges
[2025-01-08 14:36:56] Computing Matchings Dynamic walk
[2025-01-08 14:36:57] Matchings - CX: 43, U3: 39, Depth: 65
[2025-01-08 14:36:57] Computing Exact walk
[2025-01-08 14:36:57] Exact - CX: 97, U3: 158, Depth: 189
[2025-01-08 14:36:57] Successfully processed graph 94 - Category: win
[2025-01-08 14:36:57] 
Processing graph 95/200
[2025-01-08 14:36:57] Graph 95 has 16 nodes and 33 edges
[2025-01-08 14:36:57] Converted to 33 bitstring edges
[2025-01-08 14:36:57] Computing Matchings Dynamic walk
[2025-01-08 14:36:58] Matchings - CX: 42, U3: 40, Depth: 64
[2025-01-08 14:36:58] Computing Exact walk
[2025-01-08 14:36:59] Exact - CX: 98, U3: 163, Depth: 193
[2025-01-08 14:36:59] Successfully processed graph 95 - Category: win
[2025-01-08 14:36:59] 
Processing graph 96/200
[2025-01-08 14:36:59] Graph 96 has 16 nodes and 35 edges
[2025-01-08 14:36:59] Converted to 35 bitstring edges
[2025-01-08 14:36:59] Computing Matchings Dynamic walk
[2025-01-08 14:36:59] Matchings - CX: 44, U3: 44, Depth: 69
[2025-01-08 14:36:59] Computing Exact walk
[2025-01-08 14:37:00] Exact - CX: 100, U3: 165, Depth: 197
[2025-01-08 14:37:00] Successfully processed graph 96 - Category: win
[2025-01-08 14:37:00] 
Processing graph 97/200
[2025-01-08 14:37:00] Graph 97 has 16 nodes and 37 edges
[2025-01-08 14:37:00] Converted to 37 bitstring edges
[2025-01-08 14:37:00] Computing Matchings Dynamic walk
[2025-01-08 14:37:00] Matchings - CX: 48, U3: 46, Depth: 74
[2025-01-08 14:37:00] Computing Exact walk
[2025-01-08 14:37:01] Exact - CX: 100, U3: 165, Depth: 197
[2025-01-08 14:37:01] Successfully processed graph 97 - Category: win
[2025-01-08 14:37:01] 
Processing graph 98/200
[2025-01-08 14:37:01] Graph 98 has 16 nodes and 38 edges
[2025-01-08 14:37:01] Converted to 38 bitstring edges
[2025-01-08 14:37:01] Computing Matchings Dynamic walk
[2025-01-08 14:37:02] Matchings - CX: 38, U3: 37, Depth: 59
[2025-01-08 14:37:02] Computing Exact walk
[2025-01-08 14:37:02] Exact - CX: 100, U3: 165, Depth: 197
[2025-01-08 14:37:02] Successfully processed graph 98 - Category: win
[2025-01-08 14:37:02] 
Processing graph 99/200
[2025-01-08 14:37:02] Graph 99 has 16 nodes and 36 edges
[2025-01-08 14:37:02] Converted to 36 bitstring edges
[2025-01-08 14:37:02] Computing Matchings Dynamic walk
[2025-01-08 14:37:03] Matchings - CX: 49, U3: 46, Depth: 74
[2025-01-08 14:37:03] Computing Exact walk
[2025-01-08 14:37:03] Exact - CX: 100, U3: 160, Depth: 194
[2025-01-08 14:37:03] Successfully processed graph 99 - Category: win
[2025-01-08 14:37:03] 
Processing graph 100/200
[2025-01-08 14:37:03] Graph 100 has 16 nodes and 37 edges
[2025-01-08 14:37:03] Converted to 37 bitstring edges
[2025-01-08 14:37:03] Computing Matchings Dynamic walk
[2025-01-08 14:37:04] Matchings - CX: 52, U3: 52, Depth: 81
[2025-01-08 14:37:04] Computing Exact walk
[2025-01-08 14:37:05] Exact - CX: 100, U3: 165, Depth: 197
[2025-01-08 14:37:05] Successfully processed graph 100 - Category: win
[2025-01-08 14:37:05] 
Processing graph 101/200
[2025-01-08 14:37:05] Graph 101 has 16 nodes and 35 edges
[2025-01-08 14:37:05] Converted to 35 bitstring edges
[2025-01-08 14:37:05] Computing Matchings Dynamic walk
[2025-01-08 14:37:05] Matchings - CX: 54, U3: 53, Depth: 85
[2025-01-08 14:37:05] Computing Exact walk
[2025-01-08 14:37:06] Exact - CX: 100, U3: 163, Depth: 195
[2025-01-08 14:37:06] Successfully processed graph 101 - Category: win
[2025-01-08 14:37:06] 
Processing graph 102/200
[2025-01-08 14:37:06] Graph 102 has 16 nodes and 31 edges
[2025-01-08 14:37:06] Converted to 31 bitstring edges
[2025-01-08 14:37:06] Computing Matchings Dynamic walk
[2025-01-08 14:37:06] Matchings - CX: 52, U3: 52, Depth: 80
[2025-01-08 14:37:06] Computing Exact walk
[2025-01-08 14:37:07] Exact - CX: 100, U3: 165, Depth: 197
[2025-01-08 14:37:07] Successfully processed graph 102 - Category: win
[2025-01-08 14:37:07] 
Processing graph 103/200
[2025-01-08 14:37:07] Graph 103 has 16 nodes and 37 edges
[2025-01-08 14:37:07] Converted to 37 bitstring edges
[2025-01-08 14:37:07] Computing Matchings Dynamic walk
[2025-01-08 14:37:08] Matchings - CX: 75, U3: 71, Depth: 112
[2025-01-08 14:37:08] Computing Exact walk
[2025-01-08 14:37:08] Exact - CX: 100, U3: 161, Depth: 195
[2025-01-08 14:37:08] Successfully processed graph 103 - Category: win
[2025-01-08 14:37:08] 
Processing graph 104/200
[2025-01-08 14:37:08] Graph 104 has 16 nodes and 34 edges
[2025-01-08 14:37:08] Converted to 34 bitstring edges
[2025-01-08 14:37:08] Computing Matchings Dynamic walk
[2025-01-08 14:37:09] Matchings - CX: 68, U3: 71, Depth: 104
[2025-01-08 14:37:09] Computing Exact walk
[2025-01-08 14:37:10] Exact - CX: 100, U3: 165, Depth: 197
[2025-01-08 14:37:10] Successfully processed graph 104 - Category: win
[2025-01-08 14:37:10] 
Processing graph 105/200
[2025-01-08 14:37:10] Graph 105 has 16 nodes and 35 edges
[2025-01-08 14:37:10] Converted to 35 bitstring edges
[2025-01-08 14:37:10] Computing Matchings Dynamic walk
[2025-01-08 14:37:10] Matchings - CX: 71, U3: 63, Depth: 108
[2025-01-08 14:37:10] Computing Exact walk
[2025-01-08 14:37:11] Exact - CX: 100, U3: 165, Depth: 197
[2025-01-08 14:37:11] Successfully processed graph 105 - Category: win
[2025-01-08 14:37:11] 
Processing graph 106/200
[2025-01-08 14:37:11] Graph 106 has 16 nodes and 36 edges
[2025-01-08 14:37:11] Converted to 36 bitstring edges
[2025-01-08 14:37:11] Computing Matchings Dynamic walk
[2025-01-08 14:37:11] Matchings - CX: 66, U3: 63, Depth: 98
[2025-01-08 14:37:11] Computing Exact walk
[2025-01-08 14:37:12] Exact - CX: 100, U3: 165, Depth: 197
[2025-01-08 14:37:12] Successfully processed graph 106 - Category: win
[2025-01-08 14:37:12] 
Processing graph 107/200
[2025-01-08 14:37:12] Graph 107 has 16 nodes and 33 edges
[2025-01-08 14:37:12] Converted to 33 bitstring edges
[2025-01-08 14:37:12] Computing Matchings Dynamic walk
[2025-01-08 14:37:13] Matchings - CX: 43, U3: 43, Depth: 66
[2025-01-08 14:37:13] Computing Exact walk
[2025-01-08 14:37:13] Exact - CX: 100, U3: 165, Depth: 197
[2025-01-08 14:37:13] Successfully processed graph 107 - Category: win
[2025-01-08 14:37:13] 
Processing graph 108/200
[2025-01-08 14:37:13] Graph 108 has 16 nodes and 37 edges
[2025-01-08 14:37:13] Converted to 37 bitstring edges
[2025-01-08 14:37:13] Computing Matchings Dynamic walk
[2025-01-08 14:37:14] Matchings - CX: 43, U3: 43, Depth: 68
[2025-01-08 14:37:14] Computing Exact walk
[2025-01-08 14:37:15] Exact - CX: 100, U3: 165, Depth: 197
[2025-01-08 14:37:15] Successfully processed graph 108 - Category: win
[2025-01-08 14:37:15] 
Processing graph 109/200
[2025-01-08 14:37:15] Graph 109 has 16 nodes and 38 edges
[2025-01-08 14:37:15] Converted to 38 bitstring edges
[2025-01-08 14:37:15] Computing Matchings Dynamic walk
[2025-01-08 14:37:15] Matchings - CX: 53, U3: 52, Depth: 83
[2025-01-08 14:37:15] Computing Exact walk
[2025-01-08 14:37:16] Exact - CX: 100, U3: 165, Depth: 197
[2025-01-08 14:37:16] Successfully processed graph 109 - Category: win
[2025-01-08 14:37:16] 
Processing graph 110/200
[2025-01-08 14:37:16] Graph 110 has 16 nodes and 36 edges
[2025-01-08 14:37:16] Converted to 36 bitstring edges
[2025-01-08 14:37:16] Computing Matchings Dynamic walk
[2025-01-08 14:37:16] Matchings - CX: 50, U3: 49, Depth: 77
[2025-01-08 14:37:16] Computing Exact walk
[2025-01-08 14:37:17] Exact - CX: 100, U3: 165, Depth: 197
[2025-01-08 14:37:17] Successfully processed graph 110 - Category: win
[2025-01-08 14:37:17] 
Processing graph 111/200
[2025-01-08 14:37:17] Graph 111 has 16 nodes and 34 edges
[2025-01-08 14:37:17] Converted to 34 bitstring edges
[2025-01-08 14:37:17] Computing Matchings Dynamic walk
[2025-01-08 14:37:18] Matchings - CX: 42, U3: 49, Depth: 68
[2025-01-08 14:37:18] Computing Exact walk
[2025-01-08 14:37:18] Exact - CX: 100, U3: 165, Depth: 197
[2025-01-08 14:37:18] Successfully processed graph 111 - Category: win
[2025-01-08 14:37:18] 
Processing graph 112/200
[2025-01-08 14:37:18] Graph 112 has 16 nodes and 35 edges
[2025-01-08 14:37:18] Converted to 35 bitstring edges
[2025-01-08 14:37:18] Computing Matchings Dynamic walk
[2025-01-08 14:37:19] Matchings - CX: 64, U3: 51, Depth: 92
[2025-01-08 14:37:19] Computing Exact walk
[2025-01-08 14:37:19] Exact - CX: 100, U3: 165, Depth: 197
[2025-01-08 14:37:19] Successfully processed graph 112 - Category: win
[2025-01-08 14:37:19] 
Processing graph 113/200
[2025-01-08 14:37:19] Graph 113 has 16 nodes and 36 edges
[2025-01-08 14:37:19] Converted to 36 bitstring edges
[2025-01-08 14:37:19] Computing Matchings Dynamic walk
[2025-01-08 14:37:20] Matchings - CX: 55, U3: 55, Depth: 86
[2025-01-08 14:37:20] Computing Exact walk
[2025-01-08 14:37:21] Exact - CX: 100, U3: 163, Depth: 196
[2025-01-08 14:37:21] Successfully processed graph 113 - Category: win
[2025-01-08 14:37:21] 
Processing graph 114/200
[2025-01-08 14:37:21] Graph 114 has 16 nodes and 35 edges
[2025-01-08 14:37:21] Converted to 35 bitstring edges
[2025-01-08 14:37:21] Computing Matchings Dynamic walk
[2025-01-08 14:37:21] Matchings - CX: 61, U3: 55, Depth: 91
[2025-01-08 14:37:21] Computing Exact walk
[2025-01-08 14:37:22] Exact - CX: 100, U3: 165, Depth: 197
[2025-01-08 14:37:22] Successfully processed graph 114 - Category: win
[2025-01-08 14:37:22] 
Processing graph 115/200
[2025-01-08 14:37:22] Graph 115 has 16 nodes and 38 edges
[2025-01-08 14:37:22] Converted to 38 bitstring edges
[2025-01-08 14:37:22] Computing Matchings Dynamic walk
[2025-01-08 14:37:22] Matchings - CX: 70, U3: 60, Depth: 105
[2025-01-08 14:37:22] Computing Exact walk
[2025-01-08 14:37:23] Exact - CX: 100, U3: 165, Depth: 197
[2025-01-08 14:37:23] Successfully processed graph 115 - Category: win
[2025-01-08 14:37:23] 
Processing graph 116/200
[2025-01-08 14:37:23] Graph 116 has 16 nodes and 34 edges
[2025-01-08 14:37:23] Converted to 34 bitstring edges
[2025-01-08 14:37:23] Computing Matchings Dynamic walk
[2025-01-08 14:37:24] Matchings - CX: 66, U3: 64, Depth: 102
[2025-01-08 14:37:24] Computing Exact walk
[2025-01-08 14:37:24] Exact - CX: 100, U3: 165, Depth: 197
[2025-01-08 14:37:24] Successfully processed graph 116 - Category: win
[2025-01-08 14:37:24] 
Processing graph 117/200
[2025-01-08 14:37:24] Graph 117 has 16 nodes and 35 edges
[2025-01-08 14:37:24] Converted to 35 bitstring edges
[2025-01-08 14:37:24] Computing Matchings Dynamic walk
[2025-01-08 14:37:25] Matchings - CX: 54, U3: 48, Depth: 79
[2025-01-08 14:37:25] Computing Exact walk
[2025-01-08 14:37:26] Exact - CX: 100, U3: 165, Depth: 197
[2025-01-08 14:37:26] Successfully processed graph 117 - Category: win
[2025-01-08 14:37:26] 
Processing graph 118/200
[2025-01-08 14:37:26] Graph 118 has 16 nodes and 35 edges
[2025-01-08 14:37:26] Converted to 35 bitstring edges
[2025-01-08 14:37:26] Computing Matchings Dynamic walk
[2025-01-08 14:37:26] Matchings - CX: 57, U3: 53, Depth: 85
[2025-01-08 14:37:26] Computing Exact walk
[2025-01-08 14:37:27] Exact - CX: 100, U3: 162, Depth: 196
[2025-01-08 14:37:27] Successfully processed graph 118 - Category: win
[2025-01-08 14:37:27] 
Processing graph 119/200
[2025-01-08 14:37:27] Graph 119 has 16 nodes and 36 edges
[2025-01-08 14:37:27] Converted to 36 bitstring edges
[2025-01-08 14:37:27] Computing Matchings Dynamic walk
[2025-01-08 14:37:27] Matchings - CX: 49, U3: 47, Depth: 77
[2025-01-08 14:37:27] Computing Exact walk
[2025-01-08 14:37:28] Exact - CX: 100, U3: 165, Depth: 197
[2025-01-08 14:37:28] Successfully processed graph 119 - Category: win
[2025-01-08 14:37:28] 
Processing graph 120/200
[2025-01-08 14:37:28] Graph 120 has 16 nodes and 35 edges
[2025-01-08 14:37:28] Converted to 35 bitstring edges
[2025-01-08 14:37:28] Computing Matchings Dynamic walk
[2025-01-08 14:37:29] Matchings - CX: 60, U3: 59, Depth: 92
[2025-01-08 14:37:29] Computing Exact walk
[2025-01-08 14:37:29] Exact - CX: 98, U3: 159, Depth: 191
[2025-01-08 14:37:29] Successfully processed graph 120 - Category: win
[2025-01-08 14:37:29] 
Processing graph 121/200
[2025-01-08 14:37:29] Graph 121 has 16 nodes and 33 edges
[2025-01-08 14:37:29] Converted to 33 bitstring edges
[2025-01-08 14:37:29] Computing Matchings Dynamic walk
[2025-01-08 14:37:30] Matchings - CX: 41, U3: 38, Depth: 62
[2025-01-08 14:37:30] Computing Exact walk
[2025-01-08 14:37:31] Exact - CX: 100, U3: 165, Depth: 197
[2025-01-08 14:37:31] Successfully processed graph 121 - Category: win
[2025-01-08 14:37:31] 
Processing graph 122/200
[2025-01-08 14:37:31] Graph 122 has 16 nodes and 35 edges
[2025-01-08 14:37:31] Converted to 35 bitstring edges
[2025-01-08 14:37:31] Computing Matchings Dynamic walk
[2025-01-08 14:37:31] Matchings - CX: 69, U3: 64, Depth: 103
[2025-01-08 14:37:31] Computing Exact walk
[2025-01-08 14:37:32] Exact - CX: 98, U3: 160, Depth: 191
[2025-01-08 14:37:32] Successfully processed graph 122 - Category: win
[2025-01-08 14:37:32] 
Processing graph 123/200
[2025-01-08 14:37:32] Graph 123 has 16 nodes and 37 edges
[2025-01-08 14:37:32] Converted to 37 bitstring edges
[2025-01-08 14:37:32] Computing Matchings Dynamic walk
[2025-01-08 14:37:32] Matchings - CX: 48, U3: 43, Depth: 73
[2025-01-08 14:37:32] Computing Exact walk
[2025-01-08 14:37:33] Exact - CX: 100, U3: 165, Depth: 197
[2025-01-08 14:37:33] Successfully processed graph 123 - Category: win
[2025-01-08 14:37:33] 
Processing graph 124/200
[2025-01-08 14:37:33] Graph 124 has 16 nodes and 36 edges
[2025-01-08 14:37:33] Converted to 36 bitstring edges
[2025-01-08 14:37:33] Computing Matchings Dynamic walk
[2025-01-08 14:37:34] Matchings - CX: 58, U3: 55, Depth: 89
[2025-01-08 14:37:34] Computing Exact walk
[2025-01-08 14:37:34] Exact - CX: 100, U3: 165, Depth: 197
[2025-01-08 14:37:34] Successfully processed graph 124 - Category: win
[2025-01-08 14:37:34] 
Processing graph 125/200
[2025-01-08 14:37:34] Graph 125 has 16 nodes and 34 edges
[2025-01-08 14:37:34] Converted to 34 bitstring edges
[2025-01-08 14:37:34] Computing Matchings Dynamic walk
[2025-01-08 14:37:35] Matchings - CX: 73, U3: 62, Depth: 107
[2025-01-08 14:37:35] Computing Exact walk
[2025-01-08 14:37:36] Exact - CX: 100, U3: 165, Depth: 197
[2025-01-08 14:37:36] Successfully processed graph 125 - Category: win
[2025-01-08 14:37:36] 
Processing graph 126/200
[2025-01-08 14:37:36] Graph 126 has 16 nodes and 35 edges
[2025-01-08 14:37:36] Converted to 35 bitstring edges
[2025-01-08 14:37:36] Computing Matchings Dynamic walk
[2025-01-08 14:37:36] Matchings - CX: 72, U3: 57, Depth: 105
[2025-01-08 14:37:36] Computing Exact walk
[2025-01-08 14:37:37] Exact - CX: 100, U3: 165, Depth: 197
[2025-01-08 14:37:37] Successfully processed graph 126 - Category: win
[2025-01-08 14:37:37] 
Processing graph 127/200
[2025-01-08 14:37:37] Graph 127 has 16 nodes and 35 edges
[2025-01-08 14:37:37] Converted to 35 bitstring edges
[2025-01-08 14:37:37] Computing Matchings Dynamic walk
[2025-01-08 14:37:37] Matchings - CX: 56, U3: 53, Depth: 85
[2025-01-08 14:37:37] Computing Exact walk
[2025-01-08 14:37:38] Exact - CX: 100, U3: 165, Depth: 197
[2025-01-08 14:37:38] Successfully processed graph 127 - Category: win
[2025-01-08 14:37:38] 
Processing graph 128/200
[2025-01-08 14:37:38] Graph 128 has 16 nodes and 34 edges
[2025-01-08 14:37:38] Converted to 34 bitstring edges
[2025-01-08 14:37:38] Computing Matchings Dynamic walk
[2025-01-08 14:37:39] Matchings - CX: 54, U3: 59, Depth: 86
[2025-01-08 14:37:39] Computing Exact walk
[2025-01-08 14:37:39] Exact - CX: 100, U3: 165, Depth: 197
[2025-01-08 14:37:39] Successfully processed graph 128 - Category: win
[2025-01-08 14:37:39] 
Processing graph 129/200
[2025-01-08 14:37:39] Graph 129 has 16 nodes and 36 edges
[2025-01-08 14:37:39] Converted to 36 bitstring edges
[2025-01-08 14:37:39] Computing Matchings Dynamic walk
[2025-01-08 14:37:40] Matchings - CX: 55, U3: 51, Depth: 84
[2025-01-08 14:37:40] Computing Exact walk
[2025-01-08 14:37:41] Exact - CX: 100, U3: 163, Depth: 196
[2025-01-08 14:37:41] Successfully processed graph 129 - Category: win
[2025-01-08 14:37:41] 
Processing graph 130/200
[2025-01-08 14:37:41] Graph 130 has 16 nodes and 39 edges
[2025-01-08 14:37:41] Converted to 39 bitstring edges
[2025-01-08 14:37:41] Computing Matchings Dynamic walk
[2025-01-08 14:37:41] Matchings - CX: 52, U3: 52, Depth: 81
[2025-01-08 14:37:41] Computing Exact walk
[2025-01-08 14:37:42] Exact - CX: 100, U3: 163, Depth: 196
[2025-01-08 14:37:42] Successfully processed graph 130 - Category: win
[2025-01-08 14:37:42] 
Processing graph 131/200
[2025-01-08 14:37:42] Graph 131 has 16 nodes and 33 edges
[2025-01-08 14:37:42] Converted to 33 bitstring edges
[2025-01-08 14:37:42] Computing Matchings Dynamic walk
[2025-01-08 14:37:42] Matchings - CX: 50, U3: 41, Depth: 73
[2025-01-08 14:37:42] Computing Exact walk
[2025-01-08 14:37:43] Exact - CX: 97, U3: 156, Depth: 188
[2025-01-08 14:37:43] Successfully processed graph 131 - Category: win
[2025-01-08 14:37:43] 
Processing graph 132/200
[2025-01-08 14:37:43] Graph 132 has 16 nodes and 37 edges
[2025-01-08 14:37:43] Converted to 37 bitstring edges
[2025-01-08 14:37:43] Computing Matchings Dynamic walk
[2025-01-08 14:37:44] Matchings - CX: 55, U3: 50, Depth: 84
[2025-01-08 14:37:44] Computing Exact walk
[2025-01-08 14:37:44] Exact - CX: 98, U3: 161, Depth: 192
[2025-01-08 14:37:44] Successfully processed graph 132 - Category: win
[2025-01-08 14:37:44] 
Processing graph 133/200
[2025-01-08 14:37:44] Graph 133 has 16 nodes and 34 edges
[2025-01-08 14:37:44] Converted to 34 bitstring edges
[2025-01-08 14:37:44] Computing Matchings Dynamic walk
[2025-01-08 14:37:45] Matchings - CX: 62, U3: 53, Depth: 92
[2025-01-08 14:37:45] Computing Exact walk
[2025-01-08 14:37:46] Exact - CX: 100, U3: 165, Depth: 197
[2025-01-08 14:37:46] Successfully processed graph 133 - Category: win
[2025-01-08 14:37:46] 
Processing graph 134/200
[2025-01-08 14:37:46] Graph 134 has 16 nodes and 35 edges
[2025-01-08 14:37:46] Converted to 35 bitstring edges
[2025-01-08 14:37:46] Computing Matchings Dynamic walk
[2025-01-08 14:37:46] Matchings - CX: 51, U3: 58, Depth: 83
[2025-01-08 14:37:46] Computing Exact walk
[2025-01-08 14:37:47] Exact - CX: 100, U3: 165, Depth: 197
[2025-01-08 14:37:47] Successfully processed graph 134 - Category: win
[2025-01-08 14:37:47] 
Processing graph 135/200
[2025-01-08 14:37:47] Graph 135 has 16 nodes and 38 edges
[2025-01-08 14:37:47] Converted to 38 bitstring edges
[2025-01-08 14:37:47] Computing Matchings Dynamic walk
[2025-01-08 14:37:47] Matchings - CX: 70, U3: 62, Depth: 104
[2025-01-08 14:37:47] Computing Exact walk
[2025-01-08 14:37:48] Exact - CX: 100, U3: 163, Depth: 196
[2025-01-08 14:37:48] Successfully processed graph 135 - Category: win
[2025-01-08 14:37:48] 
Processing graph 136/200
[2025-01-08 14:37:48] Graph 136 has 16 nodes and 35 edges
[2025-01-08 14:37:48] Converted to 35 bitstring edges
[2025-01-08 14:37:48] Computing Matchings Dynamic walk
[2025-01-08 14:37:49] Matchings - CX: 74, U3: 60, Depth: 104
[2025-01-08 14:37:49] Computing Exact walk
[2025-01-08 14:37:49] Exact - CX: 100, U3: 165, Depth: 197
[2025-01-08 14:37:49] Successfully processed graph 136 - Category: win
[2025-01-08 14:37:49] 
Processing graph 137/200
[2025-01-08 14:37:49] Graph 137 has 16 nodes and 33 edges
[2025-01-08 14:37:49] Converted to 33 bitstring edges
[2025-01-08 14:37:49] Computing Matchings Dynamic walk
[2025-01-08 14:37:50] Matchings - CX: 50, U3: 43, Depth: 77
[2025-01-08 14:37:50] Computing Exact walk
[2025-01-08 14:37:50] Exact - CX: 98, U3: 159, Depth: 191
[2025-01-08 14:37:50] Successfully processed graph 137 - Category: win
[2025-01-08 14:37:50] 
Processing graph 138/200
[2025-01-08 14:37:50] Graph 138 has 16 nodes and 35 edges
[2025-01-08 14:37:50] Converted to 35 bitstring edges
[2025-01-08 14:37:50] Computing Matchings Dynamic walk
[2025-01-08 14:37:51] Matchings - CX: 47, U3: 49, Depth: 74
[2025-01-08 14:37:51] Computing Exact walk
[2025-01-08 14:37:52] Exact - CX: 100, U3: 165, Depth: 197
[2025-01-08 14:37:52] Successfully processed graph 138 - Category: win
[2025-01-08 14:37:52] 
Processing graph 139/200
[2025-01-08 14:37:52] Graph 139 has 16 nodes and 39 edges
[2025-01-08 14:37:52] Converted to 39 bitstring edges
[2025-01-08 14:37:52] Computing Matchings Dynamic walk
[2025-01-08 14:37:52] Matchings - CX: 59, U3: 56, Depth: 88
[2025-01-08 14:37:52] Computing Exact walk
[2025-01-08 14:37:53] Exact - CX: 100, U3: 162, Depth: 195
[2025-01-08 14:37:53] Successfully processed graph 139 - Category: win
[2025-01-08 14:37:53] 
Processing graph 140/200
[2025-01-08 14:37:53] Graph 140 has 16 nodes and 33 edges
[2025-01-08 14:37:53] Converted to 33 bitstring edges
[2025-01-08 14:37:53] Computing Matchings Dynamic walk
[2025-01-08 14:37:54] Matchings - CX: 34, U3: 38, Depth: 54
[2025-01-08 14:37:54] Computing Exact walk
[2025-01-08 14:37:54] Exact - CX: 100, U3: 165, Depth: 197
[2025-01-08 14:37:54] Successfully processed graph 140 - Category: win
[2025-01-08 14:37:54] 
Processing graph 141/200
[2025-01-08 14:37:54] Graph 141 has 16 nodes and 35 edges
[2025-01-08 14:37:54] Converted to 35 bitstring edges
[2025-01-08 14:37:54] Computing Matchings Dynamic walk
[2025-01-08 14:37:55] Matchings - CX: 75, U3: 67, Depth: 111
[2025-01-08 14:37:55] Computing Exact walk
[2025-01-08 14:37:56] Exact - CX: 100, U3: 165, Depth: 197
[2025-01-08 14:37:56] Successfully processed graph 141 - Category: win
[2025-01-08 14:37:56] 
Processing graph 142/200
[2025-01-08 14:37:56] Graph 142 has 16 nodes and 35 edges
[2025-01-08 14:37:56] Converted to 35 bitstring edges
[2025-01-08 14:37:56] Computing Matchings Dynamic walk
[2025-01-08 14:37:56] Matchings - CX: 67, U3: 62, Depth: 96
[2025-01-08 14:37:56] Computing Exact walk
[2025-01-08 14:37:57] Exact - CX: 100, U3: 165, Depth: 197
[2025-01-08 14:37:57] Successfully processed graph 142 - Category: win
[2025-01-08 14:37:57] 
Processing graph 143/200
[2025-01-08 14:37:57] Graph 143 has 16 nodes and 33 edges
[2025-01-08 14:37:57] Converted to 33 bitstring edges
[2025-01-08 14:37:57] Computing Matchings Dynamic walk
[2025-01-08 14:37:57] Matchings - CX: 70, U3: 63, Depth: 104
[2025-01-08 14:37:57] Computing Exact walk
[2025-01-08 14:37:58] Exact - CX: 98, U3: 161, Depth: 192
[2025-01-08 14:37:58] Successfully processed graph 143 - Category: win
[2025-01-08 14:37:58] 
Processing graph 144/200
[2025-01-08 14:37:58] Graph 144 has 16 nodes and 36 edges
[2025-01-08 14:37:58] Converted to 36 bitstring edges
[2025-01-08 14:37:58] Computing Matchings Dynamic walk
[2025-01-08 14:37:59] Matchings - CX: 89, U3: 73, Depth: 125
[2025-01-08 14:37:59] Computing Exact walk
[2025-01-08 14:37:59] Exact - CX: 100, U3: 161, Depth: 195
[2025-01-08 14:37:59] Successfully processed graph 144 - Category: win
[2025-01-08 14:37:59] 
Processing graph 145/200
[2025-01-08 14:37:59] Graph 145 has 16 nodes and 34 edges
[2025-01-08 14:37:59] Converted to 34 bitstring edges
[2025-01-08 14:37:59] Computing Matchings Dynamic walk
[2025-01-08 14:38:00] Matchings - CX: 63, U3: 53, Depth: 93
[2025-01-08 14:38:00] Computing Exact walk
[2025-01-08 14:38:01] Exact - CX: 100, U3: 165, Depth: 197
[2025-01-08 14:38:01] Successfully processed graph 145 - Category: win
[2025-01-08 14:38:01] 
Processing graph 146/200
[2025-01-08 14:38:01] Graph 146 has 16 nodes and 35 edges
[2025-01-08 14:38:01] Converted to 35 bitstring edges
[2025-01-08 14:38:01] Computing Matchings Dynamic walk
[2025-01-08 14:38:01] Matchings - CX: 61, U3: 57, Depth: 92
[2025-01-08 14:38:01] Computing Exact walk
[2025-01-08 14:38:02] Exact - CX: 100, U3: 165, Depth: 197
[2025-01-08 14:38:02] Successfully processed graph 146 - Category: win
[2025-01-08 14:38:02] 
Processing graph 147/200
[2025-01-08 14:38:02] Graph 147 has 16 nodes and 33 edges
[2025-01-08 14:38:02] Converted to 33 bitstring edges
[2025-01-08 14:38:02] Computing Matchings Dynamic walk
[2025-01-08 14:38:02] Matchings - CX: 55, U3: 59, Depth: 89
[2025-01-08 14:38:02] Computing Exact walk
[2025-01-08 14:38:03] Exact - CX: 98, U3: 159, Depth: 192
[2025-01-08 14:38:03] Successfully processed graph 147 - Category: win
[2025-01-08 14:38:03] 
Processing graph 148/200
[2025-01-08 14:38:03] Graph 148 has 16 nodes and 35 edges
[2025-01-08 14:38:03] Converted to 35 bitstring edges
[2025-01-08 14:38:03] Computing Matchings Dynamic walk
[2025-01-08 14:38:04] Matchings - CX: 48, U3: 48, Depth: 75
[2025-01-08 14:38:04] Computing Exact walk
[2025-01-08 14:38:04] Exact - CX: 100, U3: 165, Depth: 197
[2025-01-08 14:38:04] Successfully processed graph 148 - Category: win
[2025-01-08 14:38:04] 
Processing graph 149/200
[2025-01-08 14:38:04] Graph 149 has 16 nodes and 33 edges
[2025-01-08 14:38:04] Converted to 33 bitstring edges
[2025-01-08 14:38:04] Computing Matchings Dynamic walk
[2025-01-08 14:38:05] Matchings - CX: 63, U3: 60, Depth: 95
[2025-01-08 14:38:05] Computing Exact walk
[2025-01-08 14:38:06] Exact - CX: 100, U3: 165, Depth: 197
[2025-01-08 14:38:06] Successfully processed graph 149 - Category: win
[2025-01-08 14:38:06] 
Processing graph 150/200
[2025-01-08 14:38:06] Graph 150 has 16 nodes and 34 edges
[2025-01-08 14:38:06] Converted to 34 bitstring edges
[2025-01-08 14:38:06] Computing Matchings Dynamic walk
[2025-01-08 14:38:06] Matchings - CX: 66, U3: 67, Depth: 104
[2025-01-08 14:38:06] Computing Exact walk
[2025-01-08 14:38:07] Exact - CX: 100, U3: 162, Depth: 195
[2025-01-08 14:38:07] Successfully processed graph 150 - Category: win
[2025-01-08 14:38:07] 
Processing graph 151/200
[2025-01-08 14:38:07] Graph 151 has 16 nodes and 38 edges
[2025-01-08 14:38:07] Converted to 38 bitstring edges
[2025-01-08 14:38:07] Computing Matchings Dynamic walk
[2025-01-08 14:38:07] Matchings - CX: 65, U3: 61, Depth: 99
[2025-01-08 14:38:07] Computing Exact walk
[2025-01-08 14:38:08] Exact - CX: 100, U3: 165, Depth: 197
[2025-01-08 14:38:08] Successfully processed graph 151 - Category: win
[2025-01-08 14:38:08] 
Processing graph 152/200
[2025-01-08 14:38:08] Graph 152 has 16 nodes and 33 edges
[2025-01-08 14:38:08] Converted to 33 bitstring edges
[2025-01-08 14:38:08] Computing Matchings Dynamic walk
[2025-01-08 14:38:09] Matchings - CX: 56, U3: 56, Depth: 84
[2025-01-08 14:38:09] Computing Exact walk
[2025-01-08 14:38:09] Exact - CX: 100, U3: 165, Depth: 197
[2025-01-08 14:38:09] Successfully processed graph 152 - Category: win
[2025-01-08 14:38:09] 
Processing graph 153/200
[2025-01-08 14:38:09] Graph 153 has 16 nodes and 34 edges
[2025-01-08 14:38:09] Converted to 34 bitstring edges
[2025-01-08 14:38:09] Computing Matchings Dynamic walk
[2025-01-08 14:38:10] Matchings - CX: 50, U3: 56, Depth: 79
[2025-01-08 14:38:10] Computing Exact walk
[2025-01-08 14:38:11] Exact - CX: 100, U3: 165, Depth: 197
[2025-01-08 14:38:11] Successfully processed graph 153 - Category: win
[2025-01-08 14:38:11] 
Processing graph 154/200
[2025-01-08 14:38:11] Graph 154 has 16 nodes and 36 edges
[2025-01-08 14:38:11] Converted to 36 bitstring edges
[2025-01-08 14:38:11] Computing Matchings Dynamic walk
[2025-01-08 14:38:11] Matchings - CX: 60, U3: 62, Depth: 93
[2025-01-08 14:38:11] Computing Exact walk
[2025-01-08 14:38:12] Exact - CX: 100, U3: 163, Depth: 196
[2025-01-08 14:38:12] Successfully processed graph 154 - Category: win
[2025-01-08 14:38:12] 
Processing graph 155/200
[2025-01-08 14:38:12] Graph 155 has 16 nodes and 34 edges
[2025-01-08 14:38:12] Converted to 34 bitstring edges
[2025-01-08 14:38:12] Computing Matchings Dynamic walk
[2025-01-08 14:38:12] Matchings - CX: 53, U3: 52, Depth: 81
[2025-01-08 14:38:12] Computing Exact walk
[2025-01-08 14:38:13] Exact - CX: 100, U3: 165, Depth: 197
[2025-01-08 14:38:13] Successfully processed graph 155 - Category: win
[2025-01-08 14:38:13] 
Processing graph 156/200
[2025-01-08 14:38:13] Graph 156 has 16 nodes and 35 edges
[2025-01-08 14:38:13] Converted to 35 bitstring edges
[2025-01-08 14:38:13] Computing Matchings Dynamic walk
[2025-01-08 14:38:14] Matchings - CX: 74, U3: 71, Depth: 106
[2025-01-08 14:38:14] Computing Exact walk
[2025-01-08 14:38:14] Exact - CX: 98, U3: 161, Depth: 192
[2025-01-08 14:38:14] Successfully processed graph 156 - Category: win
[2025-01-08 14:38:14] 
Processing graph 157/200
[2025-01-08 14:38:14] Graph 157 has 16 nodes and 38 edges
[2025-01-08 14:38:14] Converted to 38 bitstring edges
[2025-01-08 14:38:14] Computing Matchings Dynamic walk
[2025-01-08 14:38:15] Matchings - CX: 54, U3: 52, Depth: 81
[2025-01-08 14:38:15] Computing Exact walk
[2025-01-08 14:38:16] Exact - CX: 99, U3: 158, Depth: 192
[2025-01-08 14:38:16] Successfully processed graph 157 - Category: win
[2025-01-08 14:38:16] 
Processing graph 158/200
[2025-01-08 14:38:16] Graph 158 has 16 nodes and 36 edges
[2025-01-08 14:38:16] Converted to 36 bitstring edges
[2025-01-08 14:38:16] Computing Matchings Dynamic walk
[2025-01-08 14:38:16] Matchings - CX: 72, U3: 72, Depth: 110
[2025-01-08 14:38:16] Computing Exact walk
[2025-01-08 14:38:17] Exact - CX: 100, U3: 165, Depth: 197
[2025-01-08 14:38:17] Successfully processed graph 158 - Category: win
[2025-01-08 14:38:17] 
Processing graph 159/200
[2025-01-08 14:38:17] Graph 159 has 16 nodes and 35 edges
[2025-01-08 14:38:17] Converted to 35 bitstring edges
[2025-01-08 14:38:17] Computing Matchings Dynamic walk
[2025-01-08 14:38:18] Matchings - CX: 60, U3: 64, Depth: 92
[2025-01-08 14:38:18] Computing Exact walk
[2025-01-08 14:38:18] Exact - CX: 100, U3: 165, Depth: 197
[2025-01-08 14:38:18] Successfully processed graph 159 - Category: win
[2025-01-08 14:38:18] 
Processing graph 160/200
[2025-01-08 14:38:18] Graph 160 has 16 nodes and 33 edges
[2025-01-08 14:38:18] Converted to 33 bitstring edges
[2025-01-08 14:38:18] Computing Matchings Dynamic walk
[2025-01-08 14:38:19] Matchings - CX: 79, U3: 63, Depth: 109
[2025-01-08 14:38:19] Computing Exact walk
[2025-01-08 14:38:20] Exact - CX: 100, U3: 165, Depth: 197
[2025-01-08 14:38:20] Successfully processed graph 160 - Category: win
[2025-01-08 14:38:20] 
Processing graph 161/200
[2025-01-08 14:38:20] Graph 161 has 16 nodes and 37 edges
[2025-01-08 14:38:20] Converted to 37 bitstring edges
[2025-01-08 14:38:20] Computing Matchings Dynamic walk
[2025-01-08 14:38:20] Matchings - CX: 67, U3: 63, Depth: 102
[2025-01-08 14:38:20] Computing Exact walk
[2025-01-08 14:38:21] Exact - CX: 98, U3: 161, Depth: 192
[2025-01-08 14:38:21] Successfully processed graph 161 - Category: win
[2025-01-08 14:38:21] 
Processing graph 162/200
[2025-01-08 14:38:21] Graph 162 has 16 nodes and 36 edges
[2025-01-08 14:38:21] Converted to 36 bitstring edges
[2025-01-08 14:38:21] Computing Matchings Dynamic walk
[2025-01-08 14:38:21] Matchings - CX: 68, U3: 59, Depth: 101
[2025-01-08 14:38:21] Computing Exact walk
[2025-01-08 14:38:22] Exact - CX: 100, U3: 165, Depth: 197
[2025-01-08 14:38:22] Successfully processed graph 162 - Category: win
[2025-01-08 14:38:22] 
Processing graph 163/200
[2025-01-08 14:38:22] Graph 163 has 16 nodes and 31 edges
[2025-01-08 14:38:22] Converted to 31 bitstring edges
[2025-01-08 14:38:22] Computing Matchings Dynamic walk
[2025-01-08 14:38:22] Matchings - CX: 36, U3: 39, Depth: 56
[2025-01-08 14:38:22] Computing Exact walk
[2025-01-08 14:38:23] Exact - CX: 100, U3: 165, Depth: 197
[2025-01-08 14:38:23] Successfully processed graph 163 - Category: win
[2025-01-08 14:38:23] 
Processing graph 164/200
[2025-01-08 14:38:23] Graph 164 has 16 nodes and 33 edges
[2025-01-08 14:38:23] Converted to 33 bitstring edges
[2025-01-08 14:38:23] Computing Matchings Dynamic walk
[2025-01-08 14:38:24] Matchings - CX: 55, U3: 54, Depth: 84
[2025-01-08 14:38:24] Computing Exact walk
[2025-01-08 14:38:25] Exact - CX: 100, U3: 165, Depth: 197
[2025-01-08 14:38:25] Successfully processed graph 164 - Category: win
[2025-01-08 14:38:25] 
Processing graph 165/200
[2025-01-08 14:38:25] Graph 165 has 16 nodes and 37 edges
[2025-01-08 14:38:25] Converted to 37 bitstring edges
[2025-01-08 14:38:25] Computing Matchings Dynamic walk
[2025-01-08 14:38:25] Matchings - CX: 50, U3: 46, Depth: 76
[2025-01-08 14:38:25] Computing Exact walk
[2025-01-08 14:38:26] Exact - CX: 100, U3: 165, Depth: 197
[2025-01-08 14:38:26] Successfully processed graph 165 - Category: win
[2025-01-08 14:38:26] 
Processing graph 166/200
[2025-01-08 14:38:26] Graph 166 has 16 nodes and 37 edges
[2025-01-08 14:38:26] Converted to 37 bitstring edges
[2025-01-08 14:38:26] Computing Matchings Dynamic walk
[2025-01-08 14:38:26] Matchings - CX: 49, U3: 49, Depth: 76
[2025-01-08 14:38:26] Computing Exact walk
[2025-01-08 14:38:27] Exact - CX: 100, U3: 165, Depth: 197
[2025-01-08 14:38:27] Successfully processed graph 166 - Category: win
[2025-01-08 14:38:27] 
Processing graph 167/200
[2025-01-08 14:38:27] Graph 167 has 16 nodes and 35 edges
[2025-01-08 14:38:27] Converted to 35 bitstring edges
[2025-01-08 14:38:27] Computing Matchings Dynamic walk
[2025-01-08 14:38:27] Matchings - CX: 58, U3: 53, Depth: 86
[2025-01-08 14:38:27] Computing Exact walk
[2025-01-08 14:38:28] Exact - CX: 100, U3: 162, Depth: 195
[2025-01-08 14:38:28] Successfully processed graph 167 - Category: win
[2025-01-08 14:38:28] 
Processing graph 168/200
[2025-01-08 14:38:28] Graph 168 has 16 nodes and 37 edges
[2025-01-08 14:38:28] Converted to 37 bitstring edges
[2025-01-08 14:38:28] Computing Matchings Dynamic walk
[2025-01-08 14:38:29] Matchings - CX: 61, U3: 55, Depth: 89
[2025-01-08 14:38:29] Computing Exact walk
[2025-01-08 14:38:29] Exact - CX: 98, U3: 158, Depth: 191
[2025-01-08 14:38:29] Successfully processed graph 168 - Category: win
[2025-01-08 14:38:29] 
Processing graph 169/200
[2025-01-08 14:38:29] Graph 169 has 16 nodes and 36 edges
[2025-01-08 14:38:29] Converted to 36 bitstring edges
[2025-01-08 14:38:29] Computing Matchings Dynamic walk
[2025-01-08 14:38:30] Matchings - CX: 57, U3: 54, Depth: 89
[2025-01-08 14:38:30] Computing Exact walk
[2025-01-08 14:38:31] Exact - CX: 99, U3: 161, Depth: 194
[2025-01-08 14:38:31] Successfully processed graph 169 - Category: win
[2025-01-08 14:38:31] 
Processing graph 170/200
[2025-01-08 14:38:31] Graph 170 has 16 nodes and 38 edges
[2025-01-08 14:38:31] Converted to 38 bitstring edges
[2025-01-08 14:38:31] Computing Matchings Dynamic walk
[2025-01-08 14:38:31] Matchings - CX: 67, U3: 58, Depth: 101
[2025-01-08 14:38:31] Computing Exact walk
[2025-01-08 14:38:32] Exact - CX: 100, U3: 165, Depth: 197
[2025-01-08 14:38:32] Successfully processed graph 170 - Category: win
[2025-01-08 14:38:32] 
Processing graph 171/200
[2025-01-08 14:38:32] Graph 171 has 16 nodes and 34 edges
[2025-01-08 14:38:32] Converted to 34 bitstring edges
[2025-01-08 14:38:32] Computing Matchings Dynamic walk
[2025-01-08 14:38:33] Matchings - CX: 63, U3: 57, Depth: 95
[2025-01-08 14:38:33] Computing Exact walk
[2025-01-08 14:38:33] Exact - CX: 100, U3: 165, Depth: 197
[2025-01-08 14:38:33] Successfully processed graph 171 - Category: win
[2025-01-08 14:38:33] 
Processing graph 172/200
[2025-01-08 14:38:33] Graph 172 has 16 nodes and 34 edges
[2025-01-08 14:38:33] Converted to 34 bitstring edges
[2025-01-08 14:38:33] Computing Matchings Dynamic walk
[2025-01-08 14:38:34] Matchings - CX: 42, U3: 50, Depth: 69
[2025-01-08 14:38:34] Computing Exact walk
[2025-01-08 14:38:35] Exact - CX: 100, U3: 165, Depth: 197
[2025-01-08 14:38:35] Successfully processed graph 172 - Category: win
[2025-01-08 14:38:35] 
Processing graph 173/200
[2025-01-08 14:38:35] Graph 173 has 16 nodes and 33 edges
[2025-01-08 14:38:35] Converted to 33 bitstring edges
[2025-01-08 14:38:35] Computing Matchings Dynamic walk
[2025-01-08 14:38:35] Matchings - CX: 52, U3: 44, Depth: 78
[2025-01-08 14:38:35] Computing Exact walk
[2025-01-08 14:38:36] Exact - CX: 100, U3: 165, Depth: 197
[2025-01-08 14:38:36] Successfully processed graph 173 - Category: win
[2025-01-08 14:38:36] 
Processing graph 174/200
[2025-01-08 14:38:36] Graph 174 has 16 nodes and 35 edges
[2025-01-08 14:38:36] Converted to 35 bitstring edges
[2025-01-08 14:38:36] Computing Matchings Dynamic walk
[2025-01-08 14:38:36] Matchings - CX: 59, U3: 55, Depth: 89
[2025-01-08 14:38:36] Computing Exact walk
[2025-01-08 14:38:37] Exact - CX: 99, U3: 158, Depth: 192
[2025-01-08 14:38:37] Successfully processed graph 174 - Category: win
[2025-01-08 14:38:37] 
Processing graph 175/200
[2025-01-08 14:38:37] Graph 175 has 16 nodes and 36 edges
[2025-01-08 14:38:37] Converted to 36 bitstring edges
[2025-01-08 14:38:37] Computing Matchings Dynamic walk
[2025-01-08 14:38:38] Matchings - CX: 45, U3: 49, Depth: 71
[2025-01-08 14:38:38] Computing Exact walk
[2025-01-08 14:38:38] Exact - CX: 100, U3: 161, Depth: 195
[2025-01-08 14:38:38] Successfully processed graph 175 - Category: win
[2025-01-08 14:38:38] 
Processing graph 176/200
[2025-01-08 14:38:38] Graph 176 has 16 nodes and 35 edges
[2025-01-08 14:38:38] Converted to 35 bitstring edges
[2025-01-08 14:38:38] Computing Matchings Dynamic walk
[2025-01-08 14:38:39] Matchings - CX: 55, U3: 56, Depth: 83
[2025-01-08 14:38:39] Computing Exact walk
[2025-01-08 14:38:40] Exact - CX: 97, U3: 154, Depth: 187
[2025-01-08 14:38:40] Successfully processed graph 176 - Category: win
[2025-01-08 14:38:40] 
Processing graph 177/200
[2025-01-08 14:38:40] Graph 177 has 16 nodes and 36 edges
[2025-01-08 14:38:40] Converted to 36 bitstring edges
[2025-01-08 14:38:40] Computing Matchings Dynamic walk
[2025-01-08 14:38:40] Matchings - CX: 53, U3: 50, Depth: 82
[2025-01-08 14:38:40] Computing Exact walk
[2025-01-08 14:38:41] Exact - CX: 100, U3: 161, Depth: 195
[2025-01-08 14:38:41] Successfully processed graph 177 - Category: win
[2025-01-08 14:38:41] 
Processing graph 178/200
[2025-01-08 14:38:41] Graph 178 has 16 nodes and 34 edges
[2025-01-08 14:38:41] Converted to 34 bitstring edges
[2025-01-08 14:38:41] Computing Matchings Dynamic walk
[2025-01-08 14:38:41] Matchings - CX: 57, U3: 53, Depth: 85
[2025-01-08 14:38:41] Computing Exact walk
[2025-01-08 14:38:42] Exact - CX: 100, U3: 165, Depth: 197
[2025-01-08 14:38:42] Successfully processed graph 178 - Category: win
[2025-01-08 14:38:42] 
Processing graph 179/200
[2025-01-08 14:38:42] Graph 179 has 16 nodes and 34 edges
[2025-01-08 14:38:42] Converted to 34 bitstring edges
[2025-01-08 14:38:42] Computing Matchings Dynamic walk
[2025-01-08 14:38:42] Matchings - CX: 50, U3: 43, Depth: 75
[2025-01-08 14:38:42] Computing Exact walk
[2025-01-08 14:38:43] Exact - CX: 100, U3: 165, Depth: 197
[2025-01-08 14:38:43] Successfully processed graph 179 - Category: win
[2025-01-08 14:38:43] 
Processing graph 180/200
[2025-01-08 14:38:43] Graph 180 has 16 nodes and 36 edges
[2025-01-08 14:38:43] Converted to 36 bitstring edges
[2025-01-08 14:38:43] Computing Matchings Dynamic walk
[2025-01-08 14:38:44] Matchings - CX: 74, U3: 65, Depth: 110
[2025-01-08 14:38:44] Computing Exact walk
[2025-01-08 14:38:45] Exact - CX: 100, U3: 164, Depth: 197
[2025-01-08 14:38:45] Successfully processed graph 180 - Category: win
[2025-01-08 14:38:45] 
Processing graph 181/200
[2025-01-08 14:38:45] Graph 181 has 16 nodes and 32 edges
[2025-01-08 14:38:45] Converted to 32 bitstring edges
[2025-01-08 14:38:45] Computing Matchings Dynamic walk
[2025-01-08 14:38:45] Matchings - CX: 57, U3: 56, Depth: 87
[2025-01-08 14:38:45] Computing Exact walk
[2025-01-08 14:38:46] Exact - CX: 100, U3: 165, Depth: 197
[2025-01-08 14:38:46] Successfully processed graph 181 - Category: win
[2025-01-08 14:38:46] 
Processing graph 182/200
[2025-01-08 14:38:46] Graph 182 has 16 nodes and 34 edges
[2025-01-08 14:38:46] Converted to 34 bitstring edges
[2025-01-08 14:38:46] Computing Matchings Dynamic walk
[2025-01-08 14:38:46] Matchings - CX: 74, U3: 60, Depth: 111
[2025-01-08 14:38:46] Computing Exact walk
[2025-01-08 14:38:47] Exact - CX: 100, U3: 165, Depth: 197
[2025-01-08 14:38:47] Successfully processed graph 182 - Category: win
[2025-01-08 14:38:47] 
Processing graph 183/200
[2025-01-08 14:38:47] Graph 183 has 16 nodes and 32 edges
[2025-01-08 14:38:47] Converted to 32 bitstring edges
[2025-01-08 14:38:47] Computing Matchings Dynamic walk
[2025-01-08 14:38:48] Matchings - CX: 79, U3: 77, Depth: 122
[2025-01-08 14:38:48] Computing Exact walk
[2025-01-08 14:38:48] Exact - CX: 100, U3: 165, Depth: 197
[2025-01-08 14:38:48] Successfully processed graph 183 - Category: win
[2025-01-08 14:38:48] 
Processing graph 184/200
[2025-01-08 14:38:48] Graph 184 has 16 nodes and 37 edges
[2025-01-08 14:38:48] Converted to 37 bitstring edges
[2025-01-08 14:38:48] Computing Matchings Dynamic walk
[2025-01-08 14:38:49] Matchings - CX: 51, U3: 49, Depth: 79
[2025-01-08 14:38:49] Computing Exact walk
[2025-01-08 14:38:49] Exact - CX: 100, U3: 159, Depth: 194
[2025-01-08 14:38:49] Successfully processed graph 184 - Category: win
[2025-01-08 14:38:49] 
Processing graph 185/200
[2025-01-08 14:38:49] Graph 185 has 16 nodes and 35 edges
[2025-01-08 14:38:49] Converted to 35 bitstring edges
[2025-01-08 14:38:49] Computing Matchings Dynamic walk
[2025-01-08 14:38:50] Matchings - CX: 70, U3: 66, Depth: 106
[2025-01-08 14:38:50] Computing Exact walk
[2025-01-08 14:38:51] Exact - CX: 100, U3: 165, Depth: 197
[2025-01-08 14:38:51] Successfully processed graph 185 - Category: win
[2025-01-08 14:38:51] 
Processing graph 186/200
[2025-01-08 14:38:51] Graph 186 has 16 nodes and 37 edges
[2025-01-08 14:38:51] Converted to 37 bitstring edges
[2025-01-08 14:38:51] Computing Matchings Dynamic walk
[2025-01-08 14:38:51] Matchings - CX: 91, U3: 75, Depth: 132
[2025-01-08 14:38:51] Computing Exact walk
[2025-01-08 14:38:52] Exact - CX: 100, U3: 165, Depth: 197
[2025-01-08 14:38:52] Successfully processed graph 186 - Category: win
[2025-01-08 14:38:52] 
Processing graph 187/200
[2025-01-08 14:38:52] Graph 187 has 16 nodes and 33 edges
[2025-01-08 14:38:52] Converted to 33 bitstring edges
[2025-01-08 14:38:52] Computing Matchings Dynamic walk
[2025-01-08 14:38:53] Matchings - CX: 33, U3: 33, Depth: 51
[2025-01-08 14:38:53] Computing Exact walk
[2025-01-08 14:38:53] Exact - CX: 100, U3: 165, Depth: 197
[2025-01-08 14:38:53] Successfully processed graph 187 - Category: win
[2025-01-08 14:38:53] 
Processing graph 188/200
[2025-01-08 14:38:53] Graph 188 has 16 nodes and 33 edges
[2025-01-08 14:38:53] Converted to 33 bitstring edges
[2025-01-08 14:38:53] Computing Matchings Dynamic walk
[2025-01-08 14:38:54] Matchings - CX: 98, U3: 75, Depth: 138
[2025-01-08 14:38:54] Computing Exact walk
[2025-01-08 14:38:55] Exact - CX: 100, U3: 163, Depth: 196
[2025-01-08 14:38:55] Successfully processed graph 188 - Category: win
[2025-01-08 14:38:55] 
Processing graph 189/200
[2025-01-08 14:38:55] Graph 189 has 16 nodes and 35 edges
[2025-01-08 14:38:55] Converted to 35 bitstring edges
[2025-01-08 14:38:55] Computing Matchings Dynamic walk
[2025-01-08 14:38:55] Matchings - CX: 74, U3: 66, Depth: 113
[2025-01-08 14:38:55] Computing Exact walk
[2025-01-08 14:38:56] Exact - CX: 100, U3: 165, Depth: 197
[2025-01-08 14:38:56] Successfully processed graph 189 - Category: win
[2025-01-08 14:38:56] 
Processing graph 190/200
[2025-01-08 14:38:56] Graph 190 has 16 nodes and 36 edges
[2025-01-08 14:38:56] Converted to 36 bitstring edges
[2025-01-08 14:38:56] Computing Matchings Dynamic walk
[2025-01-08 14:38:56] Matchings - CX: 84, U3: 70, Depth: 122
[2025-01-08 14:38:56] Computing Exact walk
[2025-01-08 14:38:57] Exact - CX: 98, U3: 156, Depth: 188
[2025-01-08 14:38:57] Successfully processed graph 190 - Category: win
[2025-01-08 14:38:57] 
Processing graph 191/200
[2025-01-08 14:38:57] Graph 191 has 16 nodes and 37 edges
[2025-01-08 14:38:57] Converted to 37 bitstring edges
[2025-01-08 14:38:57] Computing Matchings Dynamic walk
[2025-01-08 14:38:58] Matchings - CX: 79, U3: 69, Depth: 116
[2025-01-08 14:38:58] Computing Exact walk
[2025-01-08 14:38:58] Exact - CX: 100, U3: 161, Depth: 195
[2025-01-08 14:38:58] Successfully processed graph 191 - Category: win
[2025-01-08 14:38:58] 
Processing graph 192/200
[2025-01-08 14:38:58] Graph 192 has 16 nodes and 36 edges
[2025-01-08 14:38:58] Converted to 36 bitstring edges
[2025-01-08 14:38:58] Computing Matchings Dynamic walk
[2025-01-08 14:38:59] Matchings - CX: 42, U3: 46, Depth: 66
[2025-01-08 14:38:59] Computing Exact walk
[2025-01-08 14:39:00] Exact - CX: 100, U3: 165, Depth: 197
[2025-01-08 14:39:00] Successfully processed graph 192 - Category: win
[2025-01-08 14:39:00] 
Processing graph 193/200
[2025-01-08 14:39:00] Graph 193 has 16 nodes and 35 edges
[2025-01-08 14:39:00] Converted to 35 bitstring edges
[2025-01-08 14:39:00] Computing Matchings Dynamic walk
[2025-01-08 14:39:00] Matchings - CX: 59, U3: 60, Depth: 91
[2025-01-08 14:39:00] Computing Exact walk
[2025-01-08 14:39:01] Exact - CX: 100, U3: 165, Depth: 197
[2025-01-08 14:39:01] Successfully processed graph 193 - Category: win
[2025-01-08 14:39:01] 
Processing graph 194/200
[2025-01-08 14:39:01] Graph 194 has 16 nodes and 34 edges
[2025-01-08 14:39:01] Converted to 34 bitstring edges
[2025-01-08 14:39:01] Computing Matchings Dynamic walk
[2025-01-08 14:39:02] Matchings - CX: 78, U3: 76, Depth: 118
[2025-01-08 14:39:02] Computing Exact walk
[2025-01-08 14:39:02] Exact - CX: 100, U3: 165, Depth: 197
[2025-01-08 14:39:02] Successfully processed graph 194 - Category: win
[2025-01-08 14:39:02] 
Processing graph 195/200
[2025-01-08 14:39:02] Graph 195 has 16 nodes and 32 edges
[2025-01-08 14:39:02] Converted to 32 bitstring edges
[2025-01-08 14:39:02] Computing Matchings Dynamic walk
[2025-01-08 14:39:03] Matchings - CX: 41, U3: 42, Depth: 65
[2025-01-08 14:39:03] Computing Exact walk
[2025-01-08 14:39:03] Exact - CX: 100, U3: 165, Depth: 197
[2025-01-08 14:39:03] Successfully processed graph 195 - Category: win
[2025-01-08 14:39:03] 
Processing graph 196/200
[2025-01-08 14:39:03] Graph 196 has 16 nodes and 39 edges
[2025-01-08 14:39:03] Converted to 39 bitstring edges
[2025-01-08 14:39:03] Computing Matchings Dynamic walk
[2025-01-08 14:39:04] Matchings - CX: 71, U3: 69, Depth: 108
[2025-01-08 14:39:04] Computing Exact walk
[2025-01-08 14:39:05] Exact - CX: 100, U3: 165, Depth: 197
[2025-01-08 14:39:05] Successfully processed graph 196 - Category: win
[2025-01-08 14:39:05] 
Processing graph 197/200
[2025-01-08 14:39:05] Graph 197 has 16 nodes and 34 edges
[2025-01-08 14:39:05] Converted to 34 bitstring edges
[2025-01-08 14:39:05] Computing Matchings Dynamic walk
[2025-01-08 14:39:05] Matchings - CX: 45, U3: 47, Depth: 70
[2025-01-08 14:39:05] Computing Exact walk
[2025-01-08 14:39:06] Exact - CX: 100, U3: 165, Depth: 197
[2025-01-08 14:39:06] Successfully processed graph 197 - Category: win
[2025-01-08 14:39:06] 
Processing graph 198/200
[2025-01-08 14:39:06] Graph 198 has 16 nodes and 36 edges
[2025-01-08 14:39:06] Converted to 36 bitstring edges
[2025-01-08 14:39:06] Computing Matchings Dynamic walk
[2025-01-08 14:39:06] Matchings - CX: 58, U3: 45, Depth: 79
[2025-01-08 14:39:06] Computing Exact walk
[2025-01-08 14:39:07] Exact - CX: 100, U3: 165, Depth: 197
[2025-01-08 14:39:07] Successfully processed graph 198 - Category: win
[2025-01-08 14:39:07] 
Processing graph 199/200
[2025-01-08 14:39:07] Graph 199 has 16 nodes and 35 edges
[2025-01-08 14:39:07] Converted to 35 bitstring edges
[2025-01-08 14:39:07] Computing Matchings Dynamic walk
[2025-01-08 14:39:08] Matchings - CX: 87, U3: 68, Depth: 122
[2025-01-08 14:39:08] Computing Exact walk
[2025-01-08 14:39:08] Exact - CX: 100, U3: 164, Depth: 197
[2025-01-08 14:39:08] Successfully processed graph 199 - Category: win
[2025-01-08 14:39:08] 
Final Results Summary:
[2025-01-08 14:39:08] Total graphs in file: 200
[2025-01-08 14:39:08] Successfully processed: 200
[2025-01-08 14:39:08] win: 200 (100.0%)
[2025-01-08 14:39:08] lose: 0 (0.0%)
[2025-01-08 14:39:08] draw: 0 (0.0%)
[2025-01-08 14:39:08] 
Average Gate Counts by Category:
[2025-01-08 14:39:08] win_matching_cx: 58.83
[2025-01-08 14:39:08] win_matching_u3: 55.70
[2025-01-08 14:39:08] win_exact_cx: 99.63
[2025-01-08 14:39:08] win_exact_u3: 163.47
[2025-01-08 14:39:08] win_matching_depth: 89.09
[2025-01-08 14:39:08] win_exact_depth: 195.67
[2025-01-08 14:51:57] Starting analysis with:
[2025-01-08 14:51:57] Number of qubits: 4
[2025-01-08 14:51:57] Number of vertices: 16
[2025-01-08 14:51:57] Delta t: 0.1
[2025-01-08 14:51:57] Input file: ../data/graphs/200graph_bipartite_16c.g6
[2025-01-08 14:51:57] Parsed graph info: {'num_graphs': 200, 'size': 'bipartite', 'vertices': '16', 'type': 'c'}
[2025-01-08 14:51:57] Found 200 graphs in file
[2025-01-08 14:51:57] 
Processing graph 0/200
[2025-01-08 14:51:57] Graph 0 has 16 nodes and 31 edges
[2025-01-08 14:51:57] Converted to 31 bitstring edges
[2025-01-08 14:51:57] Computing Matchings Dynamic walk
[2025-01-08 14:51:57] Matchings - CX: 42, U3: 39, Depth: 65
[2025-01-08 14:51:57] Computing Exact walk
[2025-01-08 14:51:58] Exact - CX: 100, U3: 165, Depth: 197
[2025-01-08 14:51:58] Successfully processed graph 0 - Category: win
[2025-01-08 14:51:58] 
Processing graph 1/200
[2025-01-08 14:51:58] Graph 1 has 16 nodes and 37 edges
[2025-01-08 14:51:58] Converted to 37 bitstring edges
[2025-01-08 14:51:58] Computing Matchings Dynamic walk
[2025-01-08 14:51:58] Matchings - CX: 73, U3: 68, Depth: 109
[2025-01-08 14:51:58] Computing Exact walk
[2025-01-08 14:51:59] Exact - CX: 100, U3: 165, Depth: 197
[2025-01-08 14:51:59] Successfully processed graph 1 - Category: win
[2025-01-08 14:51:59] 
Processing graph 2/200
[2025-01-08 14:51:59] Graph 2 has 16 nodes and 35 edges
[2025-01-08 14:51:59] Converted to 35 bitstring edges
[2025-01-08 14:51:59] Computing Matchings Dynamic walk
[2025-01-08 14:52:00] Matchings - CX: 47, U3: 53, Depth: 75
[2025-01-08 14:52:00] Computing Exact walk
[2025-01-08 14:52:00] Exact - CX: 100, U3: 165, Depth: 197
[2025-01-08 14:52:00] Successfully processed graph 2 - Category: win
[2025-01-08 14:52:00] 
Processing graph 3/200
[2025-01-08 14:52:00] Graph 3 has 16 nodes and 36 edges
[2025-01-08 14:52:00] Converted to 36 bitstring edges
[2025-01-08 14:52:00] Computing Matchings Dynamic walk
[2025-01-08 14:52:01] Matchings - CX: 78, U3: 79, Depth: 119
[2025-01-08 14:52:01] Computing Exact walk
[2025-01-08 14:52:02] Exact - CX: 98, U3: 160, Depth: 192
[2025-01-08 14:52:02] Successfully processed graph 3 - Category: win
[2025-01-08 14:52:02] 
Processing graph 4/200
[2025-01-08 14:52:02] Graph 4 has 16 nodes and 33 edges
[2025-01-08 14:52:02] Converted to 33 bitstring edges
[2025-01-08 14:52:02] Computing Matchings Dynamic walk
[2025-01-08 14:52:03] Matchings - CX: 62, U3: 49, Depth: 89
[2025-01-08 14:52:03] Computing Exact walk
[2025-01-08 14:52:03] Exact - CX: 97, U3: 156, Depth: 188
[2025-01-08 14:52:03] Successfully processed graph 4 - Category: win
[2025-01-08 14:52:03] 
Processing graph 5/200
[2025-01-08 14:52:03] Graph 5 has 16 nodes and 36 edges
[2025-01-08 14:52:03] Converted to 36 bitstring edges
[2025-01-08 14:52:03] Computing Matchings Dynamic walk
[2025-01-08 14:52:04] Matchings - CX: 64, U3: 63, Depth: 98
[2025-01-08 14:52:04] Computing Exact walk
[2025-01-08 14:52:05] Exact - CX: 100, U3: 164, Depth: 197
[2025-01-08 14:52:05] Successfully processed graph 5 - Category: win
[2025-01-08 14:52:05] 
Processing graph 6/200
[2025-01-08 14:52:05] Graph 6 has 16 nodes and 33 edges
[2025-01-08 14:52:05] Converted to 33 bitstring edges
[2025-01-08 14:52:05] Computing Matchings Dynamic walk
[2025-01-08 14:52:05] Matchings - CX: 60, U3: 54, Depth: 88
[2025-01-08 14:52:05] Computing Exact walk
[2025-01-08 14:52:06] Exact - CX: 100, U3: 163, Depth: 196
[2025-01-08 14:52:06] Successfully processed graph 6 - Category: win
[2025-01-08 14:52:06] 
Processing graph 7/200
[2025-01-08 14:52:06] Graph 7 has 16 nodes and 35 edges
[2025-01-08 14:52:06] Converted to 35 bitstring edges
[2025-01-08 14:52:06] Computing Matchings Dynamic walk
[2025-01-08 14:52:07] Matchings - CX: 53, U3: 60, Depth: 85
[2025-01-08 14:52:07] Computing Exact walk
[2025-01-08 14:52:08] Exact - CX: 100, U3: 162, Depth: 195
[2025-01-08 14:52:08] Successfully processed graph 7 - Category: win
[2025-01-08 14:52:08] 
Processing graph 8/200
[2025-01-08 14:52:08] Graph 8 has 16 nodes and 34 edges
[2025-01-08 14:52:08] Converted to 34 bitstring edges
[2025-01-08 14:52:08] Computing Matchings Dynamic walk
[2025-01-08 14:52:08] Matchings - CX: 66, U3: 55, Depth: 97
[2025-01-08 14:52:08] Computing Exact walk
[2025-01-08 14:52:09] Exact - CX: 100, U3: 163, Depth: 196
[2025-01-08 14:52:09] Successfully processed graph 8 - Category: win
[2025-01-08 14:52:09] 
Processing graph 9/200
[2025-01-08 14:52:09] Graph 9 has 16 nodes and 33 edges
[2025-01-08 14:52:09] Converted to 33 bitstring edges
[2025-01-08 14:52:09] Computing Matchings Dynamic walk
[2025-01-08 14:52:09] Matchings - CX: 40, U3: 44, Depth: 63
[2025-01-08 14:52:09] Computing Exact walk
[2025-01-08 14:52:10] Exact - CX: 98, U3: 159, Depth: 191
[2025-01-08 14:52:10] Successfully processed graph 9 - Category: win
[2025-01-08 14:52:10] 
Processing graph 10/200
[2025-01-08 14:52:10] Graph 10 has 16 nodes and 35 edges
[2025-01-08 14:52:10] Converted to 35 bitstring edges
[2025-01-08 14:52:10] Computing Matchings Dynamic walk
[2025-01-08 14:52:11] Matchings - CX: 41, U3: 45, Depth: 65
[2025-01-08 14:52:11] Computing Exact walk
[2025-01-08 14:52:11] Exact - CX: 100, U3: 165, Depth: 197
[2025-01-08 14:52:11] Successfully processed graph 10 - Category: win
[2025-01-08 14:52:11] 
Processing graph 11/200
[2025-01-08 14:52:11] Graph 11 has 16 nodes and 35 edges
[2025-01-08 14:52:11] Converted to 35 bitstring edges
[2025-01-08 14:52:11] Computing Matchings Dynamic walk
[2025-01-08 14:52:12] Matchings - CX: 71, U3: 65, Depth: 107
[2025-01-08 14:52:12] Computing Exact walk
[2025-01-08 14:52:13] Exact - CX: 97, U3: 157, Depth: 188
[2025-01-08 14:52:13] Successfully processed graph 11 - Category: win
[2025-01-08 14:52:13] 
Processing graph 12/200
[2025-01-08 14:52:13] Graph 12 has 16 nodes and 37 edges
[2025-01-08 14:52:13] Converted to 37 bitstring edges
[2025-01-08 14:52:13] Computing Matchings Dynamic walk
[2025-01-08 14:52:13] Matchings - CX: 54, U3: 58, Depth: 84
[2025-01-08 14:52:13] Computing Exact walk
[2025-01-08 14:52:14] Exact - CX: 100, U3: 163, Depth: 195
[2025-01-08 14:52:14] Successfully processed graph 12 - Category: win
[2025-01-08 14:52:14] 
Processing graph 13/200
[2025-01-08 14:52:14] Graph 13 has 16 nodes and 39 edges
[2025-01-08 14:52:14] Converted to 39 bitstring edges
[2025-01-08 14:52:14] Computing Matchings Dynamic walk
[2025-01-08 14:52:15] Matchings - CX: 60, U3: 49, Depth: 89
[2025-01-08 14:52:15] Computing Exact walk
[2025-01-08 14:52:16] Exact - CX: 100, U3: 165, Depth: 197
[2025-01-08 14:52:16] Successfully processed graph 13 - Category: win
[2025-01-08 14:52:16] 
Processing graph 14/200
[2025-01-08 14:52:16] Graph 14 has 16 nodes and 35 edges
[2025-01-08 14:52:16] Converted to 35 bitstring edges
[2025-01-08 14:52:16] Computing Matchings Dynamic walk
[2025-01-08 14:52:16] Matchings - CX: 71, U3: 62, Depth: 106
[2025-01-08 14:52:16] Computing Exact walk
[2025-01-08 14:52:17] Exact - CX: 100, U3: 165, Depth: 197
[2025-01-08 14:52:17] Successfully processed graph 14 - Category: win
[2025-01-08 14:52:17] 
Processing graph 15/200
[2025-01-08 14:52:17] Graph 15 has 16 nodes and 39 edges
[2025-01-08 14:52:17] Converted to 39 bitstring edges
[2025-01-08 14:52:17] Computing Matchings Dynamic walk
[2025-01-08 14:52:18] Matchings - CX: 76, U3: 75, Depth: 115
[2025-01-08 14:52:18] Computing Exact walk
[2025-01-08 14:52:19] Exact - CX: 100, U3: 164, Depth: 197
[2025-01-08 14:52:19] Successfully processed graph 15 - Category: win
[2025-01-08 14:52:19] 
Processing graph 16/200
[2025-01-08 14:52:19] Graph 16 has 16 nodes and 35 edges
[2025-01-08 14:52:19] Converted to 35 bitstring edges
[2025-01-08 14:52:19] Computing Matchings Dynamic walk
[2025-01-08 14:52:19] Matchings - CX: 40, U3: 50, Depth: 65
[2025-01-08 14:52:19] Computing Exact walk
[2025-01-08 14:52:20] Exact - CX: 100, U3: 165, Depth: 197
[2025-01-08 14:52:20] Successfully processed graph 16 - Category: win
[2025-01-08 14:52:20] 
Processing graph 17/200
[2025-01-08 14:52:20] Graph 17 has 16 nodes and 34 edges
[2025-01-08 14:52:20] Converted to 34 bitstring edges
[2025-01-08 14:52:20] Computing Matchings Dynamic walk
[2025-01-08 14:52:20] Matchings - CX: 45, U3: 42, Depth: 68
[2025-01-08 14:52:20] Computing Exact walk
[2025-01-08 14:52:21] Exact - CX: 100, U3: 165, Depth: 197
[2025-01-08 14:52:21] Successfully processed graph 17 - Category: win
[2025-01-08 14:52:21] 
Processing graph 18/200
[2025-01-08 14:52:21] Graph 18 has 16 nodes and 36 edges
[2025-01-08 14:52:21] Converted to 36 bitstring edges
[2025-01-08 14:52:21] Computing Matchings Dynamic walk
[2025-01-08 14:52:22] Matchings - CX: 57, U3: 63, Depth: 92
[2025-01-08 14:52:22] Computing Exact walk
[2025-01-08 14:52:23] Exact - CX: 100, U3: 165, Depth: 197
[2025-01-08 14:52:23] Successfully processed graph 18 - Category: win
[2025-01-08 14:52:23] 
Processing graph 19/200
[2025-01-08 14:52:23] Graph 19 has 16 nodes and 39 edges
[2025-01-08 14:52:23] Converted to 39 bitstring edges
[2025-01-08 14:52:23] Computing Matchings Dynamic walk
[2025-01-08 14:52:23] Matchings - CX: 56, U3: 59, Depth: 85
[2025-01-08 14:52:23] Computing Exact walk
[2025-01-08 14:52:24] Exact - CX: 100, U3: 165, Depth: 197
[2025-01-08 14:52:24] Successfully processed graph 19 - Category: win
[2025-01-08 14:52:24] 
Processing graph 20/200
[2025-01-08 14:52:24] Graph 20 has 16 nodes and 35 edges
[2025-01-08 14:52:24] Converted to 35 bitstring edges
[2025-01-08 14:52:24] Computing Matchings Dynamic walk
[2025-01-08 14:52:25] Matchings - CX: 46, U3: 49, Depth: 73
[2025-01-08 14:52:25] Computing Exact walk
[2025-01-08 14:52:26] Exact - CX: 96, U3: 156, Depth: 186
[2025-01-08 14:52:26] Successfully processed graph 20 - Category: win
[2025-01-08 14:52:26] 
Processing graph 21/200
[2025-01-08 14:52:26] Graph 21 has 16 nodes and 34 edges
[2025-01-08 14:52:26] Converted to 34 bitstring edges
[2025-01-08 14:52:26] Computing Matchings Dynamic walk
[2025-01-08 14:52:26] Matchings - CX: 61, U3: 61, Depth: 89
[2025-01-08 14:52:26] Computing Exact walk
[2025-01-08 14:52:27] Exact - CX: 100, U3: 165, Depth: 197
[2025-01-08 14:52:27] Successfully processed graph 21 - Category: win
[2025-01-08 14:52:27] 
Processing graph 22/200
[2025-01-08 14:52:27] Graph 22 has 16 nodes and 36 edges
[2025-01-08 14:52:27] Converted to 36 bitstring edges
[2025-01-08 14:52:27] Computing Matchings Dynamic walk
[2025-01-08 14:52:28] Matchings - CX: 45, U3: 45, Depth: 71
[2025-01-08 14:52:28] Computing Exact walk
[2025-01-08 14:52:28] Exact - CX: 98, U3: 160, Depth: 191
[2025-01-08 14:52:28] Successfully processed graph 22 - Category: win
[2025-01-08 14:52:28] 
Processing graph 23/200
[2025-01-08 14:52:28] Graph 23 has 16 nodes and 34 edges
[2025-01-08 14:52:28] Converted to 34 bitstring edges
[2025-01-08 14:52:28] Computing Matchings Dynamic walk
[2025-01-08 14:52:29] Matchings - CX: 58, U3: 44, Depth: 84
[2025-01-08 14:52:29] Computing Exact walk
[2025-01-08 14:52:31] Exact - CX: 100, U3: 165, Depth: 197
[2025-01-08 14:52:31] Successfully processed graph 23 - Category: win
[2025-01-08 14:52:31] 
Processing graph 24/200
[2025-01-08 14:52:31] Graph 24 has 16 nodes and 35 edges
[2025-01-08 14:52:31] Converted to 35 bitstring edges
[2025-01-08 14:52:31] Computing Matchings Dynamic walk
[2025-01-08 14:52:32] Matchings - CX: 54, U3: 53, Depth: 82
[2025-01-08 14:52:32] Computing Exact walk
[2025-01-08 14:52:34] Exact - CX: 100, U3: 165, Depth: 197
[2025-01-08 14:52:34] Successfully processed graph 24 - Category: win
[2025-01-08 14:52:34] 
Processing graph 25/200
[2025-01-08 14:52:34] Graph 25 has 16 nodes and 34 edges
[2025-01-08 14:52:34] Converted to 34 bitstring edges
[2025-01-08 14:52:34] Computing Matchings Dynamic walk
[2025-01-08 14:52:35] Matchings - CX: 58, U3: 57, Depth: 86
[2025-01-08 14:52:35] Computing Exact walk
[2025-01-08 14:52:36] Exact - CX: 100, U3: 165, Depth: 197
[2025-01-08 14:52:36] Successfully processed graph 25 - Category: win
[2025-01-08 14:52:36] 
Processing graph 26/200
[2025-01-08 14:52:36] Graph 26 has 16 nodes and 33 edges
[2025-01-08 14:52:36] Converted to 33 bitstring edges
[2025-01-08 14:52:36] Computing Matchings Dynamic walk
[2025-01-08 14:52:37] Matchings - CX: 48, U3: 41, Depth: 71
[2025-01-08 14:52:37] Computing Exact walk
[2025-01-08 14:52:39] Exact - CX: 100, U3: 156, Depth: 193
[2025-01-08 14:52:39] Successfully processed graph 26 - Category: win
[2025-01-08 14:52:39] 
Processing graph 27/200
[2025-01-08 14:52:39] Graph 27 has 16 nodes and 33 edges
[2025-01-08 14:52:39] Converted to 33 bitstring edges
[2025-01-08 14:52:39] Computing Matchings Dynamic walk
[2025-01-08 14:52:40] Matchings - CX: 44, U3: 53, Depth: 71
[2025-01-08 14:52:40] Computing Exact walk
[2025-01-08 14:52:42] Exact - CX: 100, U3: 165, Depth: 197
[2025-01-08 14:52:42] Successfully processed graph 27 - Category: win
[2025-01-08 14:52:42] 
Processing graph 28/200
[2025-01-08 14:52:42] Graph 28 has 16 nodes and 37 edges
[2025-01-08 14:52:42] Converted to 37 bitstring edges
[2025-01-08 14:52:42] Computing Matchings Dynamic walk
[2025-01-08 14:52:43] Matchings - CX: 45, U3: 39, Depth: 67
[2025-01-08 14:52:43] Computing Exact walk
[2025-01-08 14:52:45] Exact - CX: 100, U3: 165, Depth: 197
[2025-01-08 14:52:45] Successfully processed graph 28 - Category: win
[2025-01-08 14:52:45] 
Processing graph 29/200
[2025-01-08 14:52:45] Graph 29 has 16 nodes and 38 edges
[2025-01-08 14:52:45] Converted to 38 bitstring edges
[2025-01-08 14:52:45] Computing Matchings Dynamic walk
[2025-01-08 14:52:46] Matchings - CX: 64, U3: 69, Depth: 101
[2025-01-08 14:52:46] Computing Exact walk
[2025-01-08 14:52:48] Exact - CX: 100, U3: 165, Depth: 197
[2025-01-08 14:52:48] Successfully processed graph 29 - Category: win
[2025-01-08 14:52:48] 
Processing graph 30/200
[2025-01-08 14:52:48] Graph 30 has 16 nodes and 32 edges
[2025-01-08 14:52:48] Converted to 32 bitstring edges
[2025-01-08 14:52:48] Computing Matchings Dynamic walk
[2025-01-08 14:52:48] Matchings - CX: 38, U3: 39, Depth: 58
[2025-01-08 14:52:48] Computing Exact walk
[2025-01-08 14:52:49] Exact - CX: 100, U3: 165, Depth: 197
[2025-01-08 14:52:49] Successfully processed graph 30 - Category: win
[2025-01-08 14:52:49] 
Processing graph 31/200
[2025-01-08 14:52:49] Graph 31 has 16 nodes and 33 edges
[2025-01-08 14:52:49] Converted to 33 bitstring edges
[2025-01-08 14:52:49] Computing Matchings Dynamic walk
[2025-01-08 14:52:50] Matchings - CX: 54, U3: 54, Depth: 85
[2025-01-08 14:52:50] Computing Exact walk
[2025-01-08 14:52:51] Exact - CX: 98, U3: 160, Depth: 192
[2025-01-08 14:52:51] Successfully processed graph 31 - Category: win
[2025-01-08 14:52:51] 
Processing graph 32/200
[2025-01-08 14:52:51] Graph 32 has 16 nodes and 36 edges
[2025-01-08 14:52:51] Converted to 36 bitstring edges
[2025-01-08 14:52:51] Computing Matchings Dynamic walk
[2025-01-08 14:52:52] Matchings - CX: 40, U3: 39, Depth: 60
[2025-01-08 14:52:52] Computing Exact walk
[2025-01-08 14:52:52] Exact - CX: 100, U3: 165, Depth: 197
[2025-01-08 14:52:52] Successfully processed graph 32 - Category: win
[2025-01-08 14:52:52] 
Processing graph 33/200
[2025-01-08 14:52:52] Graph 33 has 16 nodes and 36 edges
[2025-01-08 14:52:52] Converted to 36 bitstring edges
[2025-01-08 14:52:52] Computing Matchings Dynamic walk
[2025-01-08 14:52:53] Matchings - CX: 39, U3: 43, Depth: 62
[2025-01-08 14:52:53] Computing Exact walk
[2025-01-08 14:52:54] Exact - CX: 96, U3: 157, Depth: 187
[2025-01-08 14:52:54] Successfully processed graph 33 - Category: win
[2025-01-08 14:52:54] 
Processing graph 34/200
[2025-01-08 14:52:54] Graph 34 has 16 nodes and 39 edges
[2025-01-08 14:52:54] Converted to 39 bitstring edges
[2025-01-08 14:52:54] Computing Matchings Dynamic walk
[2025-01-08 14:52:55] Matchings - CX: 59, U3: 59, Depth: 90
[2025-01-08 14:52:55] Computing Exact walk
[2025-01-08 14:52:55] Exact - CX: 100, U3: 161, Depth: 195
[2025-01-08 14:52:55] Successfully processed graph 34 - Category: win
[2025-01-08 14:52:55] 
Processing graph 35/200
[2025-01-08 14:52:55] Graph 35 has 16 nodes and 35 edges
[2025-01-08 14:52:55] Converted to 35 bitstring edges
[2025-01-08 14:52:55] Computing Matchings Dynamic walk
[2025-01-08 14:52:56] Matchings - CX: 50, U3: 50, Depth: 78
[2025-01-08 14:52:56] Computing Exact walk
[2025-01-08 14:52:57] Exact - CX: 100, U3: 165, Depth: 197
[2025-01-08 14:52:57] Successfully processed graph 35 - Category: win
[2025-01-08 14:52:57] 
Processing graph 36/200
[2025-01-08 14:52:57] Graph 36 has 16 nodes and 36 edges
[2025-01-08 14:52:57] Converted to 36 bitstring edges
[2025-01-08 14:52:57] Computing Matchings Dynamic walk
[2025-01-08 14:52:57] Matchings - CX: 64, U3: 54, Depth: 90
[2025-01-08 14:52:57] Computing Exact walk
[2025-01-08 14:52:58] Exact - CX: 100, U3: 165, Depth: 197
[2025-01-08 14:52:58] Successfully processed graph 36 - Category: win
[2025-01-08 14:52:58] 
Processing graph 37/200
[2025-01-08 14:52:58] Graph 37 has 16 nodes and 37 edges
[2025-01-08 14:52:58] Converted to 37 bitstring edges
[2025-01-08 14:52:58] Computing Matchings Dynamic walk
[2025-01-08 14:52:59] Matchings - CX: 39, U3: 43, Depth: 61
[2025-01-08 14:52:59] Computing Exact walk
[2025-01-08 14:52:59] Exact - CX: 100, U3: 165, Depth: 197
[2025-01-08 14:52:59] Successfully processed graph 37 - Category: win
[2025-01-08 14:52:59] 
Processing graph 38/200
[2025-01-08 14:52:59] Graph 38 has 16 nodes and 35 edges
[2025-01-08 14:52:59] Converted to 35 bitstring edges
[2025-01-08 14:52:59] Computing Matchings Dynamic walk
[2025-01-08 14:53:00] Matchings - CX: 51, U3: 49, Depth: 80
[2025-01-08 14:53:00] Computing Exact walk
[2025-01-08 14:53:01] Exact - CX: 98, U3: 162, Depth: 193
[2025-01-08 14:53:01] Successfully processed graph 38 - Category: win
[2025-01-08 14:53:01] 
Processing graph 39/200
[2025-01-08 14:53:01] Graph 39 has 16 nodes and 31 edges
[2025-01-08 14:53:01] Converted to 31 bitstring edges
[2025-01-08 14:53:01] Computing Matchings Dynamic walk
[2025-01-08 14:53:01] Matchings - CX: 59, U3: 51, Depth: 87
[2025-01-08 14:53:01] Computing Exact walk
[2025-01-08 14:53:02] Exact - CX: 100, U3: 165, Depth: 197
[2025-01-08 14:53:02] Successfully processed graph 39 - Category: win
[2025-01-08 14:53:02] 
Processing graph 40/200
[2025-01-08 14:53:02] Graph 40 has 16 nodes and 40 edges
[2025-01-08 14:53:02] Converted to 40 bitstring edges
[2025-01-08 14:53:02] Computing Matchings Dynamic walk
[2025-01-08 14:53:03] Matchings - CX: 68, U3: 65, Depth: 101
[2025-01-08 14:53:03] Computing Exact walk
[2025-01-08 14:53:04] Exact - CX: 100, U3: 160, Depth: 194
[2025-01-08 14:53:04] Successfully processed graph 40 - Category: win
[2025-01-08 14:53:04] 
Processing graph 41/200
[2025-01-08 14:53:04] Graph 41 has 16 nodes and 38 edges
[2025-01-08 14:53:04] Converted to 38 bitstring edges
[2025-01-08 14:53:04] Computing Matchings Dynamic walk
[2025-01-08 14:53:04] Matchings - CX: 50, U3: 57, Depth: 80
[2025-01-08 14:53:04] Computing Exact walk
[2025-01-08 14:53:05] Exact - CX: 98, U3: 158, Depth: 190
[2025-01-08 14:53:05] Successfully processed graph 41 - Category: win
[2025-01-08 14:53:05] 
Processing graph 42/200
[2025-01-08 14:53:05] Graph 42 has 16 nodes and 36 edges
[2025-01-08 14:53:05] Converted to 36 bitstring edges
[2025-01-08 14:53:05] Computing Matchings Dynamic walk
[2025-01-08 14:53:06] Matchings - CX: 55, U3: 66, Depth: 91
[2025-01-08 14:53:06] Computing Exact walk
[2025-01-08 14:53:06] Exact - CX: 100, U3: 165, Depth: 197
[2025-01-08 14:53:06] Successfully processed graph 42 - Category: win
[2025-01-08 14:53:06] 
Processing graph 43/200
[2025-01-08 14:53:06] Graph 43 has 16 nodes and 35 edges
[2025-01-08 14:53:06] Converted to 35 bitstring edges
[2025-01-08 14:53:06] Computing Matchings Dynamic walk
[2025-01-08 14:53:07] Matchings - CX: 40, U3: 46, Depth: 65
[2025-01-08 14:53:07] Computing Exact walk
[2025-01-08 14:53:08] Exact - CX: 100, U3: 160, Depth: 194
[2025-01-08 14:53:08] Successfully processed graph 43 - Category: win
[2025-01-08 14:53:08] 
Processing graph 44/200
[2025-01-08 14:53:08] Graph 44 has 16 nodes and 31 edges
[2025-01-08 14:53:08] Converted to 31 bitstring edges
[2025-01-08 14:53:08] Computing Matchings Dynamic walk
[2025-01-08 14:53:08] Matchings - CX: 54, U3: 53, Depth: 82
[2025-01-08 14:53:08] Computing Exact walk
[2025-01-08 14:53:09] Exact - CX: 100, U3: 165, Depth: 197
[2025-01-08 14:53:09] Successfully processed graph 44 - Category: win
[2025-01-08 14:53:09] 
Processing graph 45/200
[2025-01-08 14:53:09] Graph 45 has 16 nodes and 37 edges
[2025-01-08 14:53:09] Converted to 37 bitstring edges
[2025-01-08 14:53:09] Computing Matchings Dynamic walk
[2025-01-08 14:53:10] Matchings - CX: 50, U3: 55, Depth: 79
[2025-01-08 14:53:10] Computing Exact walk
[2025-01-08 14:53:10] Exact - CX: 100, U3: 165, Depth: 197
[2025-01-08 14:53:10] Successfully processed graph 45 - Category: win
[2025-01-08 14:53:10] 
Processing graph 46/200
[2025-01-08 14:53:10] Graph 46 has 16 nodes and 34 edges
[2025-01-08 14:53:10] Converted to 34 bitstring edges
[2025-01-08 14:53:10] Computing Matchings Dynamic walk
[2025-01-08 14:53:11] Matchings - CX: 52, U3: 49, Depth: 79
[2025-01-08 14:53:11] Computing Exact walk
[2025-01-08 14:53:12] Exact - CX: 100, U3: 160, Depth: 194
[2025-01-08 14:53:12] Successfully processed graph 46 - Category: win
[2025-01-08 14:53:12] 
Processing graph 47/200
[2025-01-08 14:53:12] Graph 47 has 16 nodes and 35 edges
[2025-01-08 14:53:12] Converted to 35 bitstring edges
[2025-01-08 14:53:12] Computing Matchings Dynamic walk
[2025-01-08 14:53:12] Matchings - CX: 52, U3: 48, Depth: 77
[2025-01-08 14:53:12] Computing Exact walk
[2025-01-08 14:53:13] Exact - CX: 100, U3: 165, Depth: 197
[2025-01-08 14:53:13] Successfully processed graph 47 - Category: win
[2025-01-08 14:53:13] 
Processing graph 48/200
[2025-01-08 14:53:13] Graph 48 has 16 nodes and 38 edges
[2025-01-08 14:53:13] Converted to 38 bitstring edges
[2025-01-08 14:53:13] Computing Matchings Dynamic walk
[2025-01-08 14:53:13] Matchings - CX: 52, U3: 57, Depth: 82
[2025-01-08 14:53:13] Computing Exact walk
[2025-01-08 14:53:14] Exact - CX: 100, U3: 165, Depth: 197
[2025-01-08 14:53:14] Successfully processed graph 48 - Category: win
[2025-01-08 14:53:14] 
Processing graph 49/200
[2025-01-08 14:53:14] Graph 49 has 16 nodes and 38 edges
[2025-01-08 14:53:14] Converted to 38 bitstring edges
[2025-01-08 14:53:14] Computing Matchings Dynamic walk
[2025-01-08 14:53:15] Matchings - CX: 51, U3: 51, Depth: 80
[2025-01-08 14:53:15] Computing Exact walk
[2025-01-08 14:53:15] Exact - CX: 98, U3: 160, Depth: 192
[2025-01-08 14:53:15] Successfully processed graph 49 - Category: win
[2025-01-08 14:53:15] 
Processing graph 50/200
[2025-01-08 14:53:15] Graph 50 has 16 nodes and 38 edges
[2025-01-08 14:53:15] Converted to 38 bitstring edges
[2025-01-08 14:53:15] Computing Matchings Dynamic walk
[2025-01-08 14:53:16] Matchings - CX: 53, U3: 52, Depth: 81
[2025-01-08 14:53:16] Computing Exact walk
[2025-01-08 14:53:17] Exact - CX: 100, U3: 165, Depth: 197
[2025-01-08 14:53:17] Successfully processed graph 50 - Category: win
[2025-01-08 14:53:17] 
Processing graph 51/200
[2025-01-08 14:53:17] Graph 51 has 16 nodes and 35 edges
[2025-01-08 14:53:17] Converted to 35 bitstring edges
[2025-01-08 14:53:17] Computing Matchings Dynamic walk
[2025-01-08 14:53:17] Matchings - CX: 53, U3: 52, Depth: 81
[2025-01-08 14:53:17] Computing Exact walk
[2025-01-08 14:53:18] Exact - CX: 100, U3: 165, Depth: 197
[2025-01-08 14:53:18] Successfully processed graph 51 - Category: win
[2025-01-08 14:53:18] 
Processing graph 52/200
[2025-01-08 14:53:18] Graph 52 has 16 nodes and 35 edges
[2025-01-08 14:53:18] Converted to 35 bitstring edges
[2025-01-08 14:53:18] Computing Matchings Dynamic walk
[2025-01-08 14:53:19] Matchings - CX: 60, U3: 63, Depth: 93
[2025-01-08 14:53:19] Computing Exact walk
[2025-01-08 14:53:19] Exact - CX: 100, U3: 164, Depth: 197
[2025-01-08 14:53:19] Successfully processed graph 52 - Category: win
[2025-01-08 14:53:19] 
Processing graph 53/200
[2025-01-08 14:53:19] Graph 53 has 16 nodes and 36 edges
[2025-01-08 14:53:19] Converted to 36 bitstring edges
[2025-01-08 14:53:19] Computing Matchings Dynamic walk
[2025-01-08 14:53:20] Matchings - CX: 43, U3: 42, Depth: 65
[2025-01-08 14:53:20] Computing Exact walk
[2025-01-08 14:53:21] Exact - CX: 100, U3: 165, Depth: 197
[2025-01-08 14:53:21] Successfully processed graph 53 - Category: win
[2025-01-08 14:53:21] 
Processing graph 54/200
[2025-01-08 14:53:21] Graph 54 has 16 nodes and 34 edges
[2025-01-08 14:53:21] Converted to 34 bitstring edges
[2025-01-08 14:53:21] Computing Matchings Dynamic walk
[2025-01-08 14:53:21] Matchings - CX: 41, U3: 44, Depth: 64
[2025-01-08 14:53:21] Computing Exact walk
[2025-01-08 14:53:22] Exact - CX: 100, U3: 165, Depth: 197
[2025-01-08 14:53:22] Successfully processed graph 54 - Category: win
[2025-01-08 14:53:22] 
Processing graph 55/200
[2025-01-08 14:53:22] Graph 55 has 16 nodes and 34 edges
[2025-01-08 14:53:22] Converted to 34 bitstring edges
[2025-01-08 14:53:22] Computing Matchings Dynamic walk
[2025-01-08 14:53:22] Matchings - CX: 56, U3: 53, Depth: 86
[2025-01-08 14:53:22] Computing Exact walk
[2025-01-08 14:53:23] Exact - CX: 100, U3: 165, Depth: 197
[2025-01-08 14:53:23] Successfully processed graph 55 - Category: win
[2025-01-08 14:53:23] 
Processing graph 56/200
[2025-01-08 14:53:23] Graph 56 has 16 nodes and 36 edges
[2025-01-08 14:53:23] Converted to 36 bitstring edges
[2025-01-08 14:53:23] Computing Matchings Dynamic walk
[2025-01-08 14:53:23] Matchings - CX: 49, U3: 48, Depth: 76
[2025-01-08 14:53:23] Computing Exact walk
[2025-01-08 14:53:24] Exact - CX: 100, U3: 164, Depth: 196
[2025-01-08 14:53:24] Successfully processed graph 56 - Category: win
[2025-01-08 14:53:24] 
Processing graph 57/200
[2025-01-08 14:53:24] Graph 57 has 16 nodes and 34 edges
[2025-01-08 14:53:24] Converted to 34 bitstring edges
[2025-01-08 14:53:24] Computing Matchings Dynamic walk
[2025-01-08 14:53:25] Matchings - CX: 57, U3: 54, Depth: 86
[2025-01-08 14:53:25] Computing Exact walk
[2025-01-08 14:53:26] Exact - CX: 100, U3: 165, Depth: 197
[2025-01-08 14:53:26] Successfully processed graph 57 - Category: win
[2025-01-08 14:53:26] 
Processing graph 58/200
[2025-01-08 14:53:26] Graph 58 has 16 nodes and 35 edges
[2025-01-08 14:53:26] Converted to 35 bitstring edges
[2025-01-08 14:53:26] Computing Matchings Dynamic walk
[2025-01-08 14:53:26] Matchings - CX: 57, U3: 52, Depth: 86
[2025-01-08 14:53:26] Computing Exact walk
[2025-01-08 14:53:27] Exact - CX: 100, U3: 165, Depth: 197
[2025-01-08 14:53:27] Successfully processed graph 58 - Category: win
[2025-01-08 14:53:27] 
Processing graph 59/200
[2025-01-08 14:53:27] Graph 59 has 16 nodes and 37 edges
[2025-01-08 14:53:27] Converted to 37 bitstring edges
[2025-01-08 14:53:27] Computing Matchings Dynamic walk
[2025-01-08 14:53:28] Matchings - CX: 60, U3: 63, Depth: 93
[2025-01-08 14:53:28] Computing Exact walk
[2025-01-08 14:53:28] Exact - CX: 100, U3: 165, Depth: 197
[2025-01-08 14:53:28] Successfully processed graph 59 - Category: win
[2025-01-08 14:53:28] 
Processing graph 60/200
[2025-01-08 14:53:28] Graph 60 has 16 nodes and 35 edges
[2025-01-08 14:53:28] Converted to 35 bitstring edges
[2025-01-08 14:53:28] Computing Matchings Dynamic walk
[2025-01-08 14:53:29] Matchings - CX: 47, U3: 45, Depth: 72
[2025-01-08 14:53:29] Computing Exact walk
[2025-01-08 14:53:30] Exact - CX: 100, U3: 165, Depth: 197
[2025-01-08 14:53:30] Successfully processed graph 60 - Category: win
[2025-01-08 14:53:30] 
Processing graph 61/200
[2025-01-08 14:53:30] Graph 61 has 16 nodes and 35 edges
[2025-01-08 14:53:30] Converted to 35 bitstring edges
[2025-01-08 14:53:30] Computing Matchings Dynamic walk
[2025-01-08 14:53:30] Matchings - CX: 58, U3: 58, Depth: 90
[2025-01-08 14:53:30] Computing Exact walk
[2025-01-08 14:53:31] Exact - CX: 98, U3: 161, Depth: 192
[2025-01-08 14:53:31] Successfully processed graph 61 - Category: win
[2025-01-08 14:53:31] 
Processing graph 62/200
[2025-01-08 14:53:31] Graph 62 has 16 nodes and 33 edges
[2025-01-08 14:53:31] Converted to 33 bitstring edges
[2025-01-08 14:53:31] Computing Matchings Dynamic walk
[2025-01-08 14:53:32] Matchings - CX: 67, U3: 61, Depth: 100
[2025-01-08 14:53:32] Computing Exact walk
[2025-01-08 14:53:33] Exact - CX: 100, U3: 165, Depth: 197
[2025-01-08 14:53:33] Successfully processed graph 62 - Category: win
[2025-01-08 14:53:33] 
Processing graph 63/200
[2025-01-08 14:53:33] Graph 63 has 16 nodes and 33 edges
[2025-01-08 14:53:33] Converted to 33 bitstring edges
[2025-01-08 14:53:33] Computing Matchings Dynamic walk
[2025-01-08 14:53:33] Matchings - CX: 50, U3: 48, Depth: 77
[2025-01-08 14:53:33] Computing Exact walk
[2025-01-08 14:53:34] Exact - CX: 100, U3: 165, Depth: 197
[2025-01-08 14:53:34] Successfully processed graph 63 - Category: win
[2025-01-08 14:53:34] 
Processing graph 64/200
[2025-01-08 14:53:34] Graph 64 has 16 nodes and 36 edges
[2025-01-08 14:53:34] Converted to 36 bitstring edges
[2025-01-08 14:53:34] Computing Matchings Dynamic walk
[2025-01-08 14:53:34] Matchings - CX: 60, U3: 59, Depth: 93
[2025-01-08 14:53:34] Computing Exact walk
[2025-01-08 14:53:35] Exact - CX: 100, U3: 165, Depth: 197
[2025-01-08 14:53:35] Successfully processed graph 64 - Category: win
[2025-01-08 14:53:35] 
Processing graph 65/200
[2025-01-08 14:53:35] Graph 65 has 16 nodes and 36 edges
[2025-01-08 14:53:35] Converted to 36 bitstring edges
[2025-01-08 14:53:35] Computing Matchings Dynamic walk
[2025-01-08 14:53:36] Matchings - CX: 57, U3: 55, Depth: 86
[2025-01-08 14:53:36] Computing Exact walk
[2025-01-08 14:53:36] Exact - CX: 100, U3: 165, Depth: 197
[2025-01-08 14:53:36] Successfully processed graph 65 - Category: win
[2025-01-08 14:53:36] 
Processing graph 66/200
[2025-01-08 14:53:36] Graph 66 has 16 nodes and 35 edges
[2025-01-08 14:53:36] Converted to 35 bitstring edges
[2025-01-08 14:53:36] Computing Matchings Dynamic walk
[2025-01-08 14:53:37] Matchings - CX: 67, U3: 70, Depth: 106
[2025-01-08 14:53:37] Computing Exact walk
[2025-01-08 14:53:38] Exact - CX: 100, U3: 165, Depth: 197
[2025-01-08 14:53:38] Successfully processed graph 66 - Category: win
[2025-01-08 14:53:38] 
Processing graph 67/200
[2025-01-08 14:53:38] Graph 67 has 16 nodes and 32 edges
[2025-01-08 14:53:38] Converted to 32 bitstring edges
[2025-01-08 14:53:38] Computing Matchings Dynamic walk
[2025-01-08 14:53:39] Matchings - CX: 43, U3: 48, Depth: 67
[2025-01-08 14:53:39] Computing Exact walk
[2025-01-08 14:53:39] Exact - CX: 100, U3: 165, Depth: 197
[2025-01-08 14:53:39] Successfully processed graph 67 - Category: win
[2025-01-08 14:53:39] 
Processing graph 68/200
[2025-01-08 14:53:39] Graph 68 has 16 nodes and 33 edges
[2025-01-08 14:53:39] Converted to 33 bitstring edges
[2025-01-08 14:53:39] Computing Matchings Dynamic walk
[2025-01-08 14:53:40] Matchings - CX: 48, U3: 39, Depth: 69
[2025-01-08 14:53:40] Computing Exact walk
[2025-01-08 14:53:41] Exact - CX: 100, U3: 165, Depth: 197
[2025-01-08 14:53:41] Successfully processed graph 68 - Category: win
[2025-01-08 14:53:41] 
Processing graph 69/200
[2025-01-08 14:53:41] Graph 69 has 16 nodes and 36 edges
[2025-01-08 14:53:41] Converted to 36 bitstring edges
[2025-01-08 14:53:41] Computing Matchings Dynamic walk
[2025-01-08 14:53:41] Matchings - CX: 53, U3: 47, Depth: 81
[2025-01-08 14:53:41] Computing Exact walk
[2025-01-08 14:53:42] Exact - CX: 100, U3: 165, Depth: 197
[2025-01-08 14:53:42] Successfully processed graph 69 - Category: win
[2025-01-08 14:53:42] 
Processing graph 70/200
[2025-01-08 14:53:42] Graph 70 has 16 nodes and 36 edges
[2025-01-08 14:53:42] Converted to 36 bitstring edges
[2025-01-08 14:53:42] Computing Matchings Dynamic walk
[2025-01-08 14:53:43] Matchings - CX: 34, U3: 35, Depth: 53
[2025-01-08 14:53:43] Computing Exact walk
[2025-01-08 14:53:44] Exact - CX: 100, U3: 165, Depth: 197
[2025-01-08 14:53:44] Successfully processed graph 70 - Category: win
[2025-01-08 14:53:44] 
Processing graph 71/200
[2025-01-08 14:53:44] Graph 71 has 16 nodes and 34 edges
[2025-01-08 14:53:44] Converted to 34 bitstring edges
[2025-01-08 14:53:44] Computing Matchings Dynamic walk
[2025-01-08 14:53:45] Matchings - CX: 77, U3: 70, Depth: 113
[2025-01-08 14:53:45] Computing Exact walk
[2025-01-08 14:53:46] Exact - CX: 100, U3: 165, Depth: 197
[2025-01-08 14:53:46] Successfully processed graph 71 - Category: win
[2025-01-08 14:53:46] 
Processing graph 72/200
[2025-01-08 14:53:46] Graph 72 has 16 nodes and 37 edges
[2025-01-08 14:53:46] Converted to 37 bitstring edges
[2025-01-08 14:53:46] Computing Matchings Dynamic walk
[2025-01-08 14:53:46] Matchings - CX: 57, U3: 55, Depth: 86
[2025-01-08 14:53:46] Computing Exact walk
[2025-01-08 14:53:47] Exact - CX: 100, U3: 165, Depth: 197
[2025-01-08 14:53:47] Successfully processed graph 72 - Category: win
[2025-01-08 14:53:47] 
Processing graph 73/200
[2025-01-08 14:53:47] Graph 73 has 16 nodes and 34 edges
[2025-01-08 14:53:47] Converted to 34 bitstring edges
[2025-01-08 14:53:47] Computing Matchings Dynamic walk
[2025-01-08 14:53:48] Matchings - CX: 58, U3: 50, Depth: 85
[2025-01-08 14:53:48] Computing Exact walk
[2025-01-08 14:53:49] Exact - CX: 97, U3: 159, Depth: 190
[2025-01-08 14:53:49] Successfully processed graph 73 - Category: win
[2025-01-08 14:53:49] 
Processing graph 74/200
[2025-01-08 14:53:49] Graph 74 has 16 nodes and 34 edges
[2025-01-08 14:53:49] Converted to 34 bitstring edges
[2025-01-08 14:53:49] Computing Matchings Dynamic walk
[2025-01-08 14:53:49] Matchings - CX: 61, U3: 69, Depth: 97
[2025-01-08 14:53:49] Computing Exact walk
[2025-01-08 14:53:50] Exact - CX: 100, U3: 160, Depth: 195
[2025-01-08 14:53:50] Successfully processed graph 74 - Category: win
[2025-01-08 14:53:50] 
Processing graph 75/200
[2025-01-08 14:53:50] Graph 75 has 16 nodes and 39 edges
[2025-01-08 14:53:50] Converted to 39 bitstring edges
[2025-01-08 14:53:50] Computing Matchings Dynamic walk
[2025-01-08 14:53:51] Matchings - CX: 81, U3: 70, Depth: 124
[2025-01-08 14:53:51] Computing Exact walk
[2025-01-08 14:53:52] Exact - CX: 100, U3: 165, Depth: 197
[2025-01-08 14:53:52] Successfully processed graph 75 - Category: win
[2025-01-08 14:53:52] 
Processing graph 76/200
[2025-01-08 14:53:52] Graph 76 has 16 nodes and 37 edges
[2025-01-08 14:53:52] Converted to 37 bitstring edges
[2025-01-08 14:53:52] Computing Matchings Dynamic walk
[2025-01-08 14:53:52] Matchings - CX: 49, U3: 49, Depth: 75
[2025-01-08 14:53:52] Computing Exact walk
[2025-01-08 14:53:53] Exact - CX: 100, U3: 165, Depth: 197
[2025-01-08 14:53:53] Successfully processed graph 76 - Category: win
[2025-01-08 14:53:53] 
Processing graph 77/200
[2025-01-08 14:53:53] Graph 77 has 16 nodes and 36 edges
[2025-01-08 14:53:53] Converted to 36 bitstring edges
[2025-01-08 14:53:53] Computing Matchings Dynamic walk
[2025-01-08 14:53:53] Matchings - CX: 58, U3: 54, Depth: 86
[2025-01-08 14:53:53] Computing Exact walk
[2025-01-08 14:53:54] Exact - CX: 100, U3: 163, Depth: 196
[2025-01-08 14:53:54] Successfully processed graph 77 - Category: win
[2025-01-08 14:53:54] 
Processing graph 78/200
[2025-01-08 14:53:54] Graph 78 has 16 nodes and 37 edges
[2025-01-08 14:53:54] Converted to 37 bitstring edges
[2025-01-08 14:53:54] Computing Matchings Dynamic walk
[2025-01-08 14:53:55] Matchings - CX: 46, U3: 48, Depth: 70
[2025-01-08 14:53:55] Computing Exact walk
[2025-01-08 14:53:55] Exact - CX: 100, U3: 165, Depth: 197
[2025-01-08 14:53:55] Successfully processed graph 78 - Category: win
[2025-01-08 14:53:55] 
Processing graph 79/200
[2025-01-08 14:53:55] Graph 79 has 16 nodes and 34 edges
[2025-01-08 14:53:55] Converted to 34 bitstring edges
[2025-01-08 14:53:55] Computing Matchings Dynamic walk
[2025-01-08 14:53:56] Matchings - CX: 70, U3: 70, Depth: 106
[2025-01-08 14:53:56] Computing Exact walk
[2025-01-08 14:53:57] Exact - CX: 98, U3: 162, Depth: 192
[2025-01-08 14:53:57] Successfully processed graph 79 - Category: win
[2025-01-08 14:53:57] 
Processing graph 80/200
[2025-01-08 14:53:57] Graph 80 has 16 nodes and 33 edges
[2025-01-08 14:53:57] Converted to 33 bitstring edges
[2025-01-08 14:53:57] Computing Matchings Dynamic walk
[2025-01-08 14:53:57] Matchings - CX: 62, U3: 63, Depth: 95
[2025-01-08 14:53:57] Computing Exact walk
[2025-01-08 14:53:58] Exact - CX: 100, U3: 165, Depth: 197
[2025-01-08 14:53:58] Successfully processed graph 80 - Category: win
[2025-01-08 14:53:58] 
Processing graph 81/200
[2025-01-08 14:53:58] Graph 81 has 16 nodes and 34 edges
[2025-01-08 14:53:58] Converted to 34 bitstring edges
[2025-01-08 14:53:58] Computing Matchings Dynamic walk
[2025-01-08 14:53:59] Matchings - CX: 87, U3: 82, Depth: 127
[2025-01-08 14:53:59] Computing Exact walk
[2025-01-08 14:53:59] Exact - CX: 98, U3: 160, Depth: 191
[2025-01-08 14:53:59] Successfully processed graph 81 - Category: win
[2025-01-08 14:53:59] 
Processing graph 82/200
[2025-01-08 14:53:59] Graph 82 has 16 nodes and 35 edges
[2025-01-08 14:53:59] Converted to 35 bitstring edges
[2025-01-08 14:53:59] Computing Matchings Dynamic walk
[2025-01-08 14:54:00] Matchings - CX: 37, U3: 33, Depth: 57
[2025-01-08 14:54:00] Computing Exact walk
[2025-01-08 14:54:01] Exact - CX: 100, U3: 165, Depth: 197
[2025-01-08 14:54:01] Successfully processed graph 82 - Category: win
[2025-01-08 14:54:01] 
Processing graph 83/200
[2025-01-08 14:54:01] Graph 83 has 16 nodes and 34 edges
[2025-01-08 14:54:01] Converted to 34 bitstring edges
[2025-01-08 14:54:01] Computing Matchings Dynamic walk
[2025-01-08 14:54:01] Matchings - CX: 62, U3: 52, Depth: 91
[2025-01-08 14:54:01] Computing Exact walk
[2025-01-08 14:54:02] Exact - CX: 100, U3: 165, Depth: 197
[2025-01-08 14:54:02] Successfully processed graph 83 - Category: win
[2025-01-08 14:54:02] 
Processing graph 84/200
[2025-01-08 14:54:02] Graph 84 has 16 nodes and 37 edges
[2025-01-08 14:54:02] Converted to 37 bitstring edges
[2025-01-08 14:54:02] Computing Matchings Dynamic walk
[2025-01-08 14:54:03] Matchings - CX: 46, U3: 48, Depth: 71
[2025-01-08 14:54:03] Computing Exact walk
[2025-01-08 14:54:03] Exact - CX: 100, U3: 165, Depth: 197
[2025-01-08 14:54:03] Successfully processed graph 84 - Category: win
[2025-01-08 14:54:03] 
Processing graph 85/200
[2025-01-08 14:54:03] Graph 85 has 16 nodes and 33 edges
[2025-01-08 14:54:03] Converted to 33 bitstring edges
[2025-01-08 14:54:03] Computing Matchings Dynamic walk
[2025-01-08 14:54:04] Matchings - CX: 62, U3: 63, Depth: 96
[2025-01-08 14:54:04] Computing Exact walk
[2025-01-08 14:54:05] Exact - CX: 100, U3: 165, Depth: 197
[2025-01-08 14:54:05] Successfully processed graph 85 - Category: win
[2025-01-08 14:54:05] 
Processing graph 86/200
[2025-01-08 14:54:05] Graph 86 has 16 nodes and 34 edges
[2025-01-08 14:54:05] Converted to 34 bitstring edges
[2025-01-08 14:54:05] Computing Matchings Dynamic walk
[2025-01-08 14:54:05] Matchings - CX: 48, U3: 44, Depth: 73
[2025-01-08 14:54:05] Computing Exact walk
[2025-01-08 14:54:06] Exact - CX: 99, U3: 161, Depth: 194
[2025-01-08 14:54:06] Successfully processed graph 86 - Category: win
[2025-01-08 14:54:06] 
Processing graph 87/200
[2025-01-08 14:54:06] Graph 87 has 16 nodes and 32 edges
[2025-01-08 14:54:06] Converted to 32 bitstring edges
[2025-01-08 14:54:06] Computing Matchings Dynamic walk
[2025-01-08 14:54:06] Matchings - CX: 48, U3: 52, Depth: 75
[2025-01-08 14:54:06] Computing Exact walk
[2025-01-08 14:54:07] Exact - CX: 100, U3: 162, Depth: 196
[2025-01-08 14:54:07] Successfully processed graph 87 - Category: win
[2025-01-08 14:54:07] 
Processing graph 88/200
[2025-01-08 14:54:07] Graph 88 has 16 nodes and 37 edges
[2025-01-08 14:54:07] Converted to 37 bitstring edges
[2025-01-08 14:54:07] Computing Matchings Dynamic walk
[2025-01-08 14:54:08] Matchings - CX: 65, U3: 64, Depth: 100
[2025-01-08 14:54:08] Computing Exact walk
[2025-01-08 14:54:09] Exact - CX: 100, U3: 165, Depth: 197
[2025-01-08 14:54:09] Successfully processed graph 88 - Category: win
[2025-01-08 14:54:09] 
Processing graph 89/200
[2025-01-08 14:54:09] Graph 89 has 16 nodes and 37 edges
[2025-01-08 14:54:09] Converted to 37 bitstring edges
[2025-01-08 14:54:09] Computing Matchings Dynamic walk
[2025-01-08 14:54:09] Matchings - CX: 63, U3: 61, Depth: 96
[2025-01-08 14:54:09] Computing Exact walk
[2025-01-08 14:54:10] Exact - CX: 100, U3: 165, Depth: 197
[2025-01-08 14:54:10] Successfully processed graph 89 - Category: win
[2025-01-08 14:54:10] 
Processing graph 90/200
[2025-01-08 14:54:10] Graph 90 has 16 nodes and 37 edges
[2025-01-08 14:54:10] Converted to 37 bitstring edges
[2025-01-08 14:54:10] Computing Matchings Dynamic walk
[2025-01-08 14:54:10] Matchings - CX: 44, U3: 43, Depth: 66
[2025-01-08 14:54:10] Computing Exact walk
[2025-01-08 14:54:11] Exact - CX: 98, U3: 162, Depth: 193
[2025-01-08 14:54:11] Successfully processed graph 90 - Category: win
[2025-01-08 14:54:11] 
Processing graph 91/200
[2025-01-08 14:54:11] Graph 91 has 16 nodes and 36 edges
[2025-01-08 14:54:11] Converted to 36 bitstring edges
[2025-01-08 14:54:11] Computing Matchings Dynamic walk
[2025-01-08 14:54:12] Matchings - CX: 74, U3: 61, Depth: 108
[2025-01-08 14:54:12] Computing Exact walk
[2025-01-08 14:54:12] Exact - CX: 100, U3: 165, Depth: 197
[2025-01-08 14:54:12] Successfully processed graph 91 - Category: win
[2025-01-08 14:54:12] 
Processing graph 92/200
[2025-01-08 14:54:12] Graph 92 has 16 nodes and 34 edges
[2025-01-08 14:54:12] Converted to 34 bitstring edges
[2025-01-08 14:54:12] Computing Matchings Dynamic walk
[2025-01-08 14:54:13] Matchings - CX: 66, U3: 59, Depth: 100
[2025-01-08 14:54:13] Computing Exact walk
[2025-01-08 14:54:14] Exact - CX: 100, U3: 165, Depth: 197
[2025-01-08 14:54:14] Successfully processed graph 92 - Category: win
[2025-01-08 14:54:14] 
Processing graph 93/200
[2025-01-08 14:54:14] Graph 93 has 16 nodes and 36 edges
[2025-01-08 14:54:14] Converted to 36 bitstring edges
[2025-01-08 14:54:14] Computing Matchings Dynamic walk
[2025-01-08 14:54:14] Matchings - CX: 61, U3: 58, Depth: 92
[2025-01-08 14:54:14] Computing Exact walk
[2025-01-08 14:54:15] Exact - CX: 100, U3: 165, Depth: 197
[2025-01-08 14:54:15] Successfully processed graph 93 - Category: win
[2025-01-08 14:54:15] 
Processing graph 94/200
[2025-01-08 14:54:15] Graph 94 has 16 nodes and 36 edges
[2025-01-08 14:54:15] Converted to 36 bitstring edges
[2025-01-08 14:54:15] Computing Matchings Dynamic walk
[2025-01-08 14:54:16] Matchings - CX: 68, U3: 69, Depth: 103
[2025-01-08 14:54:16] Computing Exact walk
[2025-01-08 14:54:17] Exact - CX: 97, U3: 158, Depth: 189
[2025-01-08 14:54:17] Successfully processed graph 94 - Category: win
[2025-01-08 14:54:17] 
Processing graph 95/200
[2025-01-08 14:54:17] Graph 95 has 16 nodes and 33 edges
[2025-01-08 14:54:17] Converted to 33 bitstring edges
[2025-01-08 14:54:17] Computing Matchings Dynamic walk
[2025-01-08 14:54:17] Matchings - CX: 58, U3: 54, Depth: 86
[2025-01-08 14:54:17] Computing Exact walk
[2025-01-08 14:54:18] Exact - CX: 98, U3: 163, Depth: 193
[2025-01-08 14:54:18] Successfully processed graph 95 - Category: win
[2025-01-08 14:54:18] 
Processing graph 96/200
[2025-01-08 14:54:18] Graph 96 has 16 nodes and 35 edges
[2025-01-08 14:54:18] Converted to 35 bitstring edges
[2025-01-08 14:54:18] Computing Matchings Dynamic walk
[2025-01-08 14:54:19] Matchings - CX: 58, U3: 57, Depth: 87
[2025-01-08 14:54:19] Computing Exact walk
[2025-01-08 14:54:20] Exact - CX: 100, U3: 165, Depth: 197
[2025-01-08 14:54:20] Successfully processed graph 96 - Category: win
[2025-01-08 14:54:20] 
Processing graph 97/200
[2025-01-08 14:54:20] Graph 97 has 16 nodes and 37 edges
[2025-01-08 14:54:20] Converted to 37 bitstring edges
[2025-01-08 14:54:20] Computing Matchings Dynamic walk
[2025-01-08 14:54:20] Matchings - CX: 43, U3: 43, Depth: 67
[2025-01-08 14:54:20] Computing Exact walk
[2025-01-08 14:54:21] Exact - CX: 100, U3: 165, Depth: 197
[2025-01-08 14:54:21] Successfully processed graph 97 - Category: win
[2025-01-08 14:54:21] 
Processing graph 98/200
[2025-01-08 14:54:21] Graph 98 has 16 nodes and 38 edges
[2025-01-08 14:54:21] Converted to 38 bitstring edges
[2025-01-08 14:54:21] Computing Matchings Dynamic walk
[2025-01-08 14:54:21] Matchings - CX: 37, U3: 33, Depth: 57
[2025-01-08 14:54:21] Computing Exact walk
[2025-01-08 14:54:22] Exact - CX: 100, U3: 165, Depth: 197
[2025-01-08 14:54:22] Successfully processed graph 98 - Category: win
[2025-01-08 14:54:22] 
Processing graph 99/200
[2025-01-08 14:54:22] Graph 99 has 16 nodes and 36 edges
[2025-01-08 14:54:22] Converted to 36 bitstring edges
[2025-01-08 14:54:22] Computing Matchings Dynamic walk
[2025-01-08 14:54:22] Matchings - CX: 52, U3: 50, Depth: 80
[2025-01-08 14:54:22] Computing Exact walk
[2025-01-08 14:54:23] Exact - CX: 100, U3: 160, Depth: 194
[2025-01-08 14:54:23] Successfully processed graph 99 - Category: win
[2025-01-08 14:54:23] 
Processing graph 100/200
[2025-01-08 14:54:23] Graph 100 has 16 nodes and 37 edges
[2025-01-08 14:54:23] Converted to 37 bitstring edges
[2025-01-08 14:54:23] Computing Matchings Dynamic walk
[2025-01-08 14:54:24] Matchings - CX: 52, U3: 51, Depth: 82
[2025-01-08 14:54:24] Computing Exact walk
[2025-01-08 14:54:25] Exact - CX: 100, U3: 165, Depth: 197
[2025-01-08 14:54:25] Successfully processed graph 100 - Category: win
[2025-01-08 14:54:25] 
Processing graph 101/200
[2025-01-08 14:54:25] Graph 101 has 16 nodes and 35 edges
[2025-01-08 14:54:25] Converted to 35 bitstring edges
[2025-01-08 14:54:25] Computing Matchings Dynamic walk
[2025-01-08 14:54:25] Matchings - CX: 57, U3: 54, Depth: 87
[2025-01-08 14:54:25] Computing Exact walk
[2025-01-08 14:54:26] Exact - CX: 100, U3: 163, Depth: 195
[2025-01-08 14:54:26] Successfully processed graph 101 - Category: win
[2025-01-08 14:54:26] 
Processing graph 102/200
[2025-01-08 14:54:26] Graph 102 has 16 nodes and 31 edges
[2025-01-08 14:54:26] Converted to 31 bitstring edges
[2025-01-08 14:54:26] Computing Matchings Dynamic walk
[2025-01-08 14:54:27] Matchings - CX: 77, U3: 73, Depth: 114
[2025-01-08 14:54:27] Computing Exact walk
[2025-01-08 14:54:27] Exact - CX: 100, U3: 165, Depth: 197
[2025-01-08 14:54:27] Successfully processed graph 102 - Category: win
[2025-01-08 14:54:27] 
Processing graph 103/200
[2025-01-08 14:54:27] Graph 103 has 16 nodes and 37 edges
[2025-01-08 14:54:27] Converted to 37 bitstring edges
[2025-01-08 14:54:27] Computing Matchings Dynamic walk
[2025-01-08 14:54:28] Matchings - CX: 58, U3: 62, Depth: 91
[2025-01-08 14:54:28] Computing Exact walk
[2025-01-08 14:54:28] Exact - CX: 100, U3: 161, Depth: 195
[2025-01-08 14:54:28] Successfully processed graph 103 - Category: win
[2025-01-08 14:54:28] 
Processing graph 104/200
[2025-01-08 14:54:28] Graph 104 has 16 nodes and 34 edges
[2025-01-08 14:54:28] Converted to 34 bitstring edges
[2025-01-08 14:54:28] Computing Matchings Dynamic walk
[2025-01-08 14:54:29] Matchings - CX: 86, U3: 74, Depth: 127
[2025-01-08 14:54:29] Computing Exact walk
[2025-01-08 14:54:30] Exact - CX: 100, U3: 165, Depth: 197
[2025-01-08 14:54:30] Successfully processed graph 104 - Category: win
[2025-01-08 14:54:30] 
Processing graph 105/200
[2025-01-08 14:54:30] Graph 105 has 16 nodes and 35 edges
[2025-01-08 14:54:30] Converted to 35 bitstring edges
[2025-01-08 14:54:30] Computing Matchings Dynamic walk
[2025-01-08 14:54:30] Matchings - CX: 65, U3: 58, Depth: 97
[2025-01-08 14:54:30] Computing Exact walk
[2025-01-08 14:54:31] Exact - CX: 100, U3: 165, Depth: 197
[2025-01-08 14:54:31] Successfully processed graph 105 - Category: win
[2025-01-08 14:54:31] 
Processing graph 106/200
[2025-01-08 14:54:31] Graph 106 has 16 nodes and 36 edges
[2025-01-08 14:54:31] Converted to 36 bitstring edges
[2025-01-08 14:54:31] Computing Matchings Dynamic walk
[2025-01-08 14:54:31] Matchings - CX: 46, U3: 51, Depth: 73
[2025-01-08 14:54:31] Computing Exact walk
[2025-01-08 14:54:32] Exact - CX: 100, U3: 165, Depth: 197
[2025-01-08 14:54:32] Successfully processed graph 106 - Category: win
[2025-01-08 14:54:32] 
Processing graph 107/200
[2025-01-08 14:54:32] Graph 107 has 16 nodes and 33 edges
[2025-01-08 14:54:32] Converted to 33 bitstring edges
[2025-01-08 14:54:32] Computing Matchings Dynamic walk
[2025-01-08 14:54:33] Matchings - CX: 33, U3: 36, Depth: 53
[2025-01-08 14:54:33] Computing Exact walk
[2025-01-08 14:54:33] Exact - CX: 100, U3: 165, Depth: 197
[2025-01-08 14:54:33] Successfully processed graph 107 - Category: win
[2025-01-08 14:54:33] 
Processing graph 108/200
[2025-01-08 14:54:33] Graph 108 has 16 nodes and 37 edges
[2025-01-08 14:54:33] Converted to 37 bitstring edges
[2025-01-08 14:54:33] Computing Matchings Dynamic walk
[2025-01-08 14:54:34] Matchings - CX: 39, U3: 41, Depth: 61
[2025-01-08 14:54:34] Computing Exact walk
[2025-01-08 14:54:35] Exact - CX: 100, U3: 165, Depth: 197
[2025-01-08 14:54:35] Successfully processed graph 108 - Category: win
[2025-01-08 14:54:35] 
Processing graph 109/200
[2025-01-08 14:54:35] Graph 109 has 16 nodes and 38 edges
[2025-01-08 14:54:35] Converted to 38 bitstring edges
[2025-01-08 14:54:35] Computing Matchings Dynamic walk
[2025-01-08 14:54:36] Matchings - CX: 79, U3: 77, Depth: 120
[2025-01-08 14:54:36] Computing Exact walk
[2025-01-08 14:54:36] Exact - CX: 100, U3: 165, Depth: 197
[2025-01-08 14:54:36] Successfully processed graph 109 - Category: win
[2025-01-08 14:54:36] 
Processing graph 110/200
[2025-01-08 14:54:36] Graph 110 has 16 nodes and 36 edges
[2025-01-08 14:54:36] Converted to 36 bitstring edges
[2025-01-08 14:54:36] Computing Matchings Dynamic walk
[2025-01-08 14:54:37] Matchings - CX: 38, U3: 44, Depth: 61
[2025-01-08 14:54:37] Computing Exact walk
[2025-01-08 14:54:38] Exact - CX: 100, U3: 165, Depth: 197
[2025-01-08 14:54:38] Successfully processed graph 110 - Category: win
[2025-01-08 14:54:38] 
Processing graph 111/200
[2025-01-08 14:54:38] Graph 111 has 16 nodes and 34 edges
[2025-01-08 14:54:38] Converted to 34 bitstring edges
[2025-01-08 14:54:38] Computing Matchings Dynamic walk
[2025-01-08 14:54:38] Matchings - CX: 55, U3: 59, Depth: 87
[2025-01-08 14:54:38] Computing Exact walk
[2025-01-08 14:54:39] Exact - CX: 100, U3: 165, Depth: 197
[2025-01-08 14:54:39] Successfully processed graph 111 - Category: win
[2025-01-08 14:54:39] 
Processing graph 112/200
[2025-01-08 14:54:39] Graph 112 has 16 nodes and 35 edges
[2025-01-08 14:54:39] Converted to 35 bitstring edges
[2025-01-08 14:54:39] Computing Matchings Dynamic walk
[2025-01-08 14:54:39] Matchings - CX: 73, U3: 67, Depth: 111
[2025-01-08 14:54:39] Computing Exact walk
[2025-01-08 14:54:40] Exact - CX: 100, U3: 165, Depth: 197
[2025-01-08 14:54:40] Successfully processed graph 112 - Category: win
[2025-01-08 14:54:40] 
Processing graph 113/200
[2025-01-08 14:54:40] Graph 113 has 16 nodes and 36 edges
[2025-01-08 14:54:40] Converted to 36 bitstring edges
[2025-01-08 14:54:40] Computing Matchings Dynamic walk
[2025-01-08 14:54:41] Matchings - CX: 74, U3: 66, Depth: 111
[2025-01-08 14:54:41] Computing Exact walk
[2025-01-08 14:54:42] Exact - CX: 100, U3: 163, Depth: 196
[2025-01-08 14:54:42] Successfully processed graph 113 - Category: win
[2025-01-08 14:54:42] 
Processing graph 114/200
[2025-01-08 14:54:42] Graph 114 has 16 nodes and 35 edges
[2025-01-08 14:54:42] Converted to 35 bitstring edges
[2025-01-08 14:54:42] Computing Matchings Dynamic walk
[2025-01-08 14:54:42] Matchings - CX: 42, U3: 50, Depth: 68
[2025-01-08 14:54:42] Computing Exact walk
[2025-01-08 14:54:43] Exact - CX: 100, U3: 165, Depth: 197
[2025-01-08 14:54:43] Successfully processed graph 114 - Category: win
[2025-01-08 14:54:43] 
Processing graph 115/200
[2025-01-08 14:54:43] Graph 115 has 16 nodes and 38 edges
[2025-01-08 14:54:43] Converted to 38 bitstring edges
[2025-01-08 14:54:43] Computing Matchings Dynamic walk
[2025-01-08 14:54:43] Matchings - CX: 53, U3: 55, Depth: 84
[2025-01-08 14:54:43] Computing Exact walk
[2025-01-08 14:54:44] Exact - CX: 100, U3: 165, Depth: 197
[2025-01-08 14:54:44] Successfully processed graph 115 - Category: win
[2025-01-08 14:54:44] 
Processing graph 116/200
[2025-01-08 14:54:44] Graph 116 has 16 nodes and 34 edges
[2025-01-08 14:54:44] Converted to 34 bitstring edges
[2025-01-08 14:54:44] Computing Matchings Dynamic walk
[2025-01-08 14:54:45] Matchings - CX: 42, U3: 50, Depth: 68
[2025-01-08 14:54:45] Computing Exact walk
[2025-01-08 14:54:46] Exact - CX: 100, U3: 165, Depth: 197
[2025-01-08 14:54:46] Successfully processed graph 116 - Category: win
[2025-01-08 14:54:46] 
Processing graph 117/200
[2025-01-08 14:54:46] Graph 117 has 16 nodes and 35 edges
[2025-01-08 14:54:46] Converted to 35 bitstring edges
[2025-01-08 14:54:46] Computing Matchings Dynamic walk
[2025-01-08 14:54:46] Matchings - CX: 37, U3: 40, Depth: 57
[2025-01-08 14:54:46] Computing Exact walk
[2025-01-08 14:54:47] Exact - CX: 100, U3: 165, Depth: 197
[2025-01-08 14:54:47] Successfully processed graph 117 - Category: win
[2025-01-08 14:54:47] 
Processing graph 118/200
[2025-01-08 14:54:47] Graph 118 has 16 nodes and 35 edges
[2025-01-08 14:54:47] Converted to 35 bitstring edges
[2025-01-08 14:54:47] Computing Matchings Dynamic walk
[2025-01-08 14:54:48] Matchings - CX: 53, U3: 50, Depth: 79
[2025-01-08 14:54:48] Computing Exact walk
[2025-01-08 14:54:49] Exact - CX: 100, U3: 162, Depth: 196
[2025-01-08 14:54:49] Successfully processed graph 118 - Category: win
[2025-01-08 14:54:49] 
Processing graph 119/200
[2025-01-08 14:54:49] Graph 119 has 16 nodes and 36 edges
[2025-01-08 14:54:49] Converted to 36 bitstring edges
[2025-01-08 14:54:49] Computing Matchings Dynamic walk
[2025-01-08 14:54:49] Matchings - CX: 72, U3: 60, Depth: 106
[2025-01-08 14:54:49] Computing Exact walk
[2025-01-08 14:54:50] Exact - CX: 100, U3: 165, Depth: 197
[2025-01-08 14:54:50] Successfully processed graph 119 - Category: win
[2025-01-08 14:54:50] 
Processing graph 120/200
[2025-01-08 14:54:50] Graph 120 has 16 nodes and 35 edges
[2025-01-08 14:54:50] Converted to 35 bitstring edges
[2025-01-08 14:54:50] Computing Matchings Dynamic walk
[2025-01-08 14:54:51] Matchings - CX: 53, U3: 46, Depth: 80
[2025-01-08 14:54:51] Computing Exact walk
[2025-01-08 14:54:51] Exact - CX: 98, U3: 159, Depth: 191
[2025-01-08 14:54:51] Successfully processed graph 120 - Category: win
[2025-01-08 14:54:51] 
Processing graph 121/200
[2025-01-08 14:54:51] Graph 121 has 16 nodes and 33 edges
[2025-01-08 14:54:51] Converted to 33 bitstring edges
[2025-01-08 14:54:51] Computing Matchings Dynamic walk
[2025-01-08 14:54:52] Matchings - CX: 68, U3: 62, Depth: 102
[2025-01-08 14:54:52] Computing Exact walk
[2025-01-08 14:54:53] Exact - CX: 100, U3: 165, Depth: 197
[2025-01-08 14:54:53] Successfully processed graph 121 - Category: win
[2025-01-08 14:54:53] 
Processing graph 122/200
[2025-01-08 14:54:53] Graph 122 has 16 nodes and 35 edges
[2025-01-08 14:54:53] Converted to 35 bitstring edges
[2025-01-08 14:54:53] Computing Matchings Dynamic walk
[2025-01-08 14:54:53] Matchings - CX: 45, U3: 46, Depth: 69
[2025-01-08 14:54:53] Computing Exact walk
[2025-01-08 14:54:54] Exact - CX: 98, U3: 160, Depth: 191
[2025-01-08 14:54:54] Successfully processed graph 122 - Category: win
[2025-01-08 14:54:54] 
Processing graph 123/200
[2025-01-08 14:54:54] Graph 123 has 16 nodes and 37 edges
[2025-01-08 14:54:54] Converted to 37 bitstring edges
[2025-01-08 14:54:54] Computing Matchings Dynamic walk
[2025-01-08 14:54:55] Matchings - CX: 51, U3: 47, Depth: 80
[2025-01-08 14:54:55] Computing Exact walk
[2025-01-08 14:54:56] Exact - CX: 100, U3: 165, Depth: 197
[2025-01-08 14:54:56] Successfully processed graph 123 - Category: win
[2025-01-08 14:54:56] 
Processing graph 124/200
[2025-01-08 14:54:56] Graph 124 has 16 nodes and 36 edges
[2025-01-08 14:54:56] Converted to 36 bitstring edges
[2025-01-08 14:54:56] Computing Matchings Dynamic walk
[2025-01-08 14:54:56] Matchings - CX: 73, U3: 70, Depth: 110
[2025-01-08 14:54:56] Computing Exact walk
[2025-01-08 14:54:57] Exact - CX: 100, U3: 165, Depth: 197
[2025-01-08 14:54:57] Successfully processed graph 124 - Category: win
[2025-01-08 14:54:57] 
Processing graph 125/200
[2025-01-08 14:54:57] Graph 125 has 16 nodes and 34 edges
[2025-01-08 14:54:57] Converted to 34 bitstring edges
[2025-01-08 14:54:57] Computing Matchings Dynamic walk
[2025-01-08 14:54:57] Matchings - CX: 68, U3: 68, Depth: 104
[2025-01-08 14:54:57] Computing Exact walk
[2025-01-08 14:54:58] Exact - CX: 100, U3: 165, Depth: 197
[2025-01-08 14:54:58] Successfully processed graph 125 - Category: win
[2025-01-08 14:54:58] 
Processing graph 126/200
[2025-01-08 14:54:58] Graph 126 has 16 nodes and 35 edges
[2025-01-08 14:54:58] Converted to 35 bitstring edges
[2025-01-08 14:54:58] Computing Matchings Dynamic walk
[2025-01-08 14:54:59] Matchings - CX: 74, U3: 65, Depth: 108
[2025-01-08 14:54:59] Computing Exact walk
[2025-01-08 14:55:00] Exact - CX: 100, U3: 165, Depth: 197
[2025-01-08 14:55:00] Successfully processed graph 126 - Category: win
[2025-01-08 14:55:00] 
Processing graph 127/200
[2025-01-08 14:55:00] Graph 127 has 16 nodes and 35 edges
[2025-01-08 14:55:00] Converted to 35 bitstring edges
[2025-01-08 14:55:00] Computing Matchings Dynamic walk
[2025-01-08 14:55:01] Matchings - CX: 68, U3: 69, Depth: 105
[2025-01-08 14:55:01] Computing Exact walk
[2025-01-08 14:55:01] Exact - CX: 100, U3: 165, Depth: 197
[2025-01-08 14:55:01] Successfully processed graph 127 - Category: win
[2025-01-08 14:55:01] 
Processing graph 128/200
[2025-01-08 14:55:01] Graph 128 has 16 nodes and 34 edges
[2025-01-08 14:55:01] Converted to 34 bitstring edges
[2025-01-08 14:55:01] Computing Matchings Dynamic walk
[2025-01-08 14:55:02] Matchings - CX: 78, U3: 74, Depth: 119
[2025-01-08 14:55:02] Computing Exact walk
[2025-01-08 14:55:03] Exact - CX: 100, U3: 165, Depth: 197
[2025-01-08 14:55:03] Successfully processed graph 128 - Category: win
[2025-01-08 14:55:03] 
Processing graph 129/200
[2025-01-08 14:55:03] Graph 129 has 16 nodes and 36 edges
[2025-01-08 14:55:03] Converted to 36 bitstring edges
[2025-01-08 14:55:03] Computing Matchings Dynamic walk
[2025-01-08 14:55:04] Matchings - CX: 53, U3: 53, Depth: 84
[2025-01-08 14:55:04] Computing Exact walk
[2025-01-08 14:55:05] Exact - CX: 100, U3: 163, Depth: 196
[2025-01-08 14:55:05] Successfully processed graph 129 - Category: win
[2025-01-08 14:55:05] 
Processing graph 130/200
[2025-01-08 14:55:05] Graph 130 has 16 nodes and 39 edges
[2025-01-08 14:55:05] Converted to 39 bitstring edges
[2025-01-08 14:55:05] Computing Matchings Dynamic walk
[2025-01-08 14:55:05] Matchings - CX: 56, U3: 50, Depth: 84
[2025-01-08 14:55:05] Computing Exact walk
[2025-01-08 14:55:06] Exact - CX: 100, U3: 163, Depth: 196
[2025-01-08 14:55:06] Successfully processed graph 130 - Category: win
[2025-01-08 14:55:06] 
Processing graph 131/200
[2025-01-08 14:55:06] Graph 131 has 16 nodes and 33 edges
[2025-01-08 14:55:06] Converted to 33 bitstring edges
[2025-01-08 14:55:06] Computing Matchings Dynamic walk
[2025-01-08 14:55:07] Matchings - CX: 68, U3: 56, Depth: 100
[2025-01-08 14:55:07] Computing Exact walk
[2025-01-08 14:55:08] Exact - CX: 97, U3: 156, Depth: 188
[2025-01-08 14:55:08] Successfully processed graph 131 - Category: win
[2025-01-08 14:55:08] 
Processing graph 132/200
[2025-01-08 14:55:08] Graph 132 has 16 nodes and 37 edges
[2025-01-08 14:55:08] Converted to 37 bitstring edges
[2025-01-08 14:55:08] Computing Matchings Dynamic walk
[2025-01-08 14:55:08] Matchings - CX: 72, U3: 67, Depth: 105
[2025-01-08 14:55:08] Computing Exact walk
[2025-01-08 14:55:10] Exact - CX: 98, U3: 161, Depth: 192
[2025-01-08 14:55:10] Successfully processed graph 132 - Category: win
[2025-01-08 14:55:10] 
Processing graph 133/200
[2025-01-08 14:55:10] Graph 133 has 16 nodes and 34 edges
[2025-01-08 14:55:10] Converted to 34 bitstring edges
[2025-01-08 14:55:10] Computing Matchings Dynamic walk
[2025-01-08 14:55:11] Matchings - CX: 63, U3: 62, Depth: 97
[2025-01-08 14:55:11] Computing Exact walk
[2025-01-08 14:55:13] Exact - CX: 100, U3: 165, Depth: 197
[2025-01-08 14:55:13] Successfully processed graph 133 - Category: win
[2025-01-08 14:55:13] 
Processing graph 134/200
[2025-01-08 14:55:13] Graph 134 has 16 nodes and 35 edges
[2025-01-08 14:55:13] Converted to 35 bitstring edges
[2025-01-08 14:55:13] Computing Matchings Dynamic walk
[2025-01-08 14:55:14] Matchings - CX: 49, U3: 52, Depth: 77
[2025-01-08 14:55:14] Computing Exact walk
[2025-01-08 14:55:15] Exact - CX: 100, U3: 165, Depth: 197
[2025-01-08 14:55:15] Successfully processed graph 134 - Category: win
[2025-01-08 14:55:15] 
Processing graph 135/200
[2025-01-08 14:55:15] Graph 135 has 16 nodes and 38 edges
[2025-01-08 14:55:15] Converted to 38 bitstring edges
[2025-01-08 14:55:15] Computing Matchings Dynamic walk
[2025-01-08 14:55:16] Matchings - CX: 49, U3: 52, Depth: 76
[2025-01-08 14:55:16] Computing Exact walk
[2025-01-08 14:55:18] Exact - CX: 100, U3: 163, Depth: 196
[2025-01-08 14:55:18] Successfully processed graph 135 - Category: win
[2025-01-08 14:55:18] 
Processing graph 136/200
[2025-01-08 14:55:18] Graph 136 has 16 nodes and 35 edges
[2025-01-08 14:55:18] Converted to 35 bitstring edges
[2025-01-08 14:55:18] Computing Matchings Dynamic walk
[2025-01-08 14:55:18] Matchings - CX: 39, U3: 43, Depth: 63
[2025-01-08 14:55:18] Computing Exact walk
[2025-01-08 14:55:20] Exact - CX: 100, U3: 165, Depth: 197
[2025-01-08 14:55:20] Successfully processed graph 136 - Category: win
[2025-01-08 14:55:20] 
Processing graph 137/200
[2025-01-08 14:55:20] Graph 137 has 16 nodes and 33 edges
[2025-01-08 14:55:20] Converted to 33 bitstring edges
[2025-01-08 14:55:20] Computing Matchings Dynamic walk
[2025-01-08 14:55:21] Matchings - CX: 50, U3: 52, Depth: 75
[2025-01-08 14:55:21] Computing Exact walk
[2025-01-08 14:55:23] Exact - CX: 98, U3: 159, Depth: 191
[2025-01-08 14:55:23] Successfully processed graph 137 - Category: win
[2025-01-08 14:55:23] 
Processing graph 138/200
[2025-01-08 14:55:23] Graph 138 has 16 nodes and 35 edges
[2025-01-08 14:55:23] Converted to 35 bitstring edges
[2025-01-08 14:55:23] Computing Matchings Dynamic walk
[2025-01-08 14:55:24] Matchings - CX: 67, U3: 66, Depth: 102
[2025-01-08 14:55:24] Computing Exact walk
[2025-01-08 14:55:25] Exact - CX: 100, U3: 165, Depth: 197
[2025-01-08 14:55:25] Successfully processed graph 138 - Category: win
[2025-01-08 14:55:25] 
Processing graph 139/200
[2025-01-08 14:55:25] Graph 139 has 16 nodes and 39 edges
[2025-01-08 14:55:25] Converted to 39 bitstring edges
[2025-01-08 14:55:25] Computing Matchings Dynamic walk
[2025-01-08 14:55:26] Matchings - CX: 58, U3: 58, Depth: 90
[2025-01-08 14:55:26] Computing Exact walk
[2025-01-08 14:55:28] Exact - CX: 100, U3: 162, Depth: 195
[2025-01-08 14:55:28] Successfully processed graph 139 - Category: win
[2025-01-08 14:55:28] 
Processing graph 140/200
[2025-01-08 14:55:28] Graph 140 has 16 nodes and 33 edges
[2025-01-08 14:55:28] Converted to 33 bitstring edges
[2025-01-08 14:55:28] Computing Matchings Dynamic walk
[2025-01-08 14:55:29] Matchings - CX: 65, U3: 58, Depth: 98
[2025-01-08 14:55:29] Computing Exact walk
[2025-01-08 14:55:30] Exact - CX: 100, U3: 165, Depth: 197
[2025-01-08 14:55:30] Successfully processed graph 140 - Category: win
[2025-01-08 14:55:30] 
Processing graph 141/200
[2025-01-08 14:55:30] Graph 141 has 16 nodes and 35 edges
[2025-01-08 14:55:30] Converted to 35 bitstring edges
[2025-01-08 14:55:30] Computing Matchings Dynamic walk
[2025-01-08 14:55:31] Matchings - CX: 55, U3: 52, Depth: 83
[2025-01-08 14:55:31] Computing Exact walk
[2025-01-08 14:55:32] Exact - CX: 100, U3: 165, Depth: 197
[2025-01-08 14:55:32] Successfully processed graph 141 - Category: win
[2025-01-08 14:55:32] 
Processing graph 142/200
[2025-01-08 14:55:32] Graph 142 has 16 nodes and 35 edges
[2025-01-08 14:55:32] Converted to 35 bitstring edges
[2025-01-08 14:55:32] Computing Matchings Dynamic walk
[2025-01-08 14:55:33] Matchings - CX: 51, U3: 49, Depth: 77
[2025-01-08 14:55:33] Computing Exact walk
[2025-01-08 14:55:34] Exact - CX: 100, U3: 165, Depth: 197
[2025-01-08 14:55:34] Successfully processed graph 142 - Category: win
[2025-01-08 14:55:34] 
Processing graph 143/200
[2025-01-08 14:55:34] Graph 143 has 16 nodes and 33 edges
[2025-01-08 14:55:34] Converted to 33 bitstring edges
[2025-01-08 14:55:34] Computing Matchings Dynamic walk
[2025-01-08 14:55:35] Matchings - CX: 75, U3: 64, Depth: 109
[2025-01-08 14:55:35] Computing Exact walk
[2025-01-08 14:55:37] Exact - CX: 98, U3: 161, Depth: 192
[2025-01-08 14:55:37] Successfully processed graph 143 - Category: win
[2025-01-08 14:55:37] 
Processing graph 144/200
[2025-01-08 14:55:37] Graph 144 has 16 nodes and 36 edges
[2025-01-08 14:55:37] Converted to 36 bitstring edges
[2025-01-08 14:55:37] Computing Matchings Dynamic walk
[2025-01-08 14:55:38] Matchings - CX: 62, U3: 67, Depth: 96
[2025-01-08 14:55:38] Computing Exact walk
[2025-01-08 14:55:39] Exact - CX: 100, U3: 161, Depth: 195
[2025-01-08 14:55:39] Successfully processed graph 144 - Category: win
[2025-01-08 14:55:39] 
Processing graph 145/200
[2025-01-08 14:55:39] Graph 145 has 16 nodes and 34 edges
[2025-01-08 14:55:39] Converted to 34 bitstring edges
[2025-01-08 14:55:39] Computing Matchings Dynamic walk
[2025-01-08 14:55:40] Matchings - CX: 73, U3: 70, Depth: 108
[2025-01-08 14:55:40] Computing Exact walk
[2025-01-08 14:55:42] Exact - CX: 100, U3: 165, Depth: 197
[2025-01-08 14:55:42] Successfully processed graph 145 - Category: win
[2025-01-08 14:55:42] 
Processing graph 146/200
[2025-01-08 14:55:42] Graph 146 has 16 nodes and 35 edges
[2025-01-08 14:55:42] Converted to 35 bitstring edges
[2025-01-08 14:55:42] Computing Matchings Dynamic walk
[2025-01-08 14:55:43] Matchings - CX: 35, U3: 36, Depth: 55
[2025-01-08 14:55:43] Computing Exact walk
[2025-01-08 14:55:44] Exact - CX: 100, U3: 165, Depth: 197
[2025-01-08 14:55:44] Successfully processed graph 146 - Category: win
[2025-01-08 14:55:44] 
Processing graph 147/200
[2025-01-08 14:55:44] Graph 147 has 16 nodes and 33 edges
[2025-01-08 14:55:44] Converted to 33 bitstring edges
[2025-01-08 14:55:44] Computing Matchings Dynamic walk
[2025-01-08 14:55:45] Matchings - CX: 61, U3: 59, Depth: 91
[2025-01-08 14:55:45] Computing Exact walk
[2025-01-08 14:55:47] Exact - CX: 98, U3: 159, Depth: 192
[2025-01-08 14:55:47] Successfully processed graph 147 - Category: win
[2025-01-08 14:55:47] 
Processing graph 148/200
[2025-01-08 14:55:47] Graph 148 has 16 nodes and 35 edges
[2025-01-08 14:55:47] Converted to 35 bitstring edges
[2025-01-08 14:55:47] Computing Matchings Dynamic walk
[2025-01-08 14:55:47] Matchings - CX: 53, U3: 51, Depth: 80
[2025-01-08 14:55:47] Computing Exact walk
[2025-01-08 14:55:49] Exact - CX: 100, U3: 165, Depth: 197
[2025-01-08 14:55:49] Successfully processed graph 148 - Category: win
[2025-01-08 14:55:49] 
Processing graph 149/200
[2025-01-08 14:55:49] Graph 149 has 16 nodes and 33 edges
[2025-01-08 14:55:49] Converted to 33 bitstring edges
[2025-01-08 14:55:49] Computing Matchings Dynamic walk
[2025-01-08 14:55:50] Matchings - CX: 67, U3: 67, Depth: 102
[2025-01-08 14:55:50] Computing Exact walk
[2025-01-08 14:55:52] Exact - CX: 100, U3: 165, Depth: 197
[2025-01-08 14:55:52] Successfully processed graph 149 - Category: win
[2025-01-08 14:55:52] 
Processing graph 150/200
[2025-01-08 14:55:52] Graph 150 has 16 nodes and 34 edges
[2025-01-08 14:55:52] Converted to 34 bitstring edges
[2025-01-08 14:55:52] Computing Matchings Dynamic walk
[2025-01-08 14:55:53] Matchings - CX: 59, U3: 60, Depth: 90
[2025-01-08 14:55:53] Computing Exact walk
[2025-01-08 14:55:54] Exact - CX: 100, U3: 162, Depth: 195
[2025-01-08 14:55:54] Successfully processed graph 150 - Category: win
[2025-01-08 14:55:54] 
Processing graph 151/200
[2025-01-08 14:55:54] Graph 151 has 16 nodes and 38 edges
[2025-01-08 14:55:54] Converted to 38 bitstring edges
[2025-01-08 14:55:54] Computing Matchings Dynamic walk
[2025-01-08 14:55:56] Matchings - CX: 48, U3: 56, Depth: 77
[2025-01-08 14:55:56] Computing Exact walk
[2025-01-08 14:55:57] Exact - CX: 100, U3: 165, Depth: 197
[2025-01-08 14:55:57] Successfully processed graph 151 - Category: win
[2025-01-08 14:55:57] 
Processing graph 152/200
[2025-01-08 14:55:57] Graph 152 has 16 nodes and 33 edges
[2025-01-08 14:55:57] Converted to 33 bitstring edges
[2025-01-08 14:55:57] Computing Matchings Dynamic walk
[2025-01-08 14:55:59] Matchings - CX: 73, U3: 64, Depth: 108
[2025-01-08 14:55:59] Computing Exact walk
[2025-01-08 14:56:01] Exact - CX: 100, U3: 165, Depth: 197
[2025-01-08 14:56:01] Successfully processed graph 152 - Category: win
[2025-01-08 14:56:01] 
Processing graph 153/200
[2025-01-08 14:56:01] Graph 153 has 16 nodes and 34 edges
[2025-01-08 14:56:01] Converted to 34 bitstring edges
[2025-01-08 14:56:01] Computing Matchings Dynamic walk
[2025-01-08 14:56:02] Matchings - CX: 90, U3: 70, Depth: 123
[2025-01-08 14:56:02] Computing Exact walk
[2025-01-08 14:56:04] Exact - CX: 100, U3: 165, Depth: 197
[2025-01-08 14:56:04] Successfully processed graph 153 - Category: win
[2025-01-08 14:56:04] 
Processing graph 154/200
[2025-01-08 14:56:04] Graph 154 has 16 nodes and 36 edges
[2025-01-08 14:56:04] Converted to 36 bitstring edges
[2025-01-08 14:56:04] Computing Matchings Dynamic walk
[2025-01-08 14:56:05] Matchings - CX: 64, U3: 62, Depth: 96
[2025-01-08 14:56:05] Computing Exact walk
[2025-01-08 14:56:07] Exact - CX: 100, U3: 163, Depth: 196
[2025-01-08 14:56:07] Successfully processed graph 154 - Category: win
[2025-01-08 14:56:07] 
Processing graph 155/200
[2025-01-08 14:56:07] Graph 155 has 16 nodes and 34 edges
[2025-01-08 14:56:07] Converted to 34 bitstring edges
[2025-01-08 14:56:07] Computing Matchings Dynamic walk
[2025-01-08 14:56:08] Matchings - CX: 66, U3: 65, Depth: 99
[2025-01-08 14:56:08] Computing Exact walk
[2025-01-08 14:56:09] Exact - CX: 100, U3: 165, Depth: 197
[2025-01-08 14:56:09] Successfully processed graph 155 - Category: win
[2025-01-08 14:56:09] 
Processing graph 156/200
[2025-01-08 14:56:09] Graph 156 has 16 nodes and 35 edges
[2025-01-08 14:56:09] Converted to 35 bitstring edges
[2025-01-08 14:56:09] Computing Matchings Dynamic walk
[2025-01-08 14:56:11] Matchings - CX: 62, U3: 58, Depth: 94
[2025-01-08 14:56:11] Computing Exact walk
[2025-01-08 14:56:12] Exact - CX: 98, U3: 161, Depth: 192
[2025-01-08 14:56:12] Successfully processed graph 156 - Category: win
[2025-01-08 14:56:12] 
Processing graph 157/200
[2025-01-08 14:56:12] Graph 157 has 16 nodes and 38 edges
[2025-01-08 14:56:12] Converted to 38 bitstring edges
[2025-01-08 14:56:12] Computing Matchings Dynamic walk
[2025-01-08 14:56:13] Matchings - CX: 50, U3: 49, Depth: 78
[2025-01-08 14:56:13] Computing Exact walk
[2025-01-08 14:56:14] Exact - CX: 99, U3: 158, Depth: 192
[2025-01-08 14:56:14] Successfully processed graph 157 - Category: win
[2025-01-08 14:56:14] 
Processing graph 158/200
[2025-01-08 14:56:14] Graph 158 has 16 nodes and 36 edges
[2025-01-08 14:56:14] Converted to 36 bitstring edges
[2025-01-08 14:56:14] Computing Matchings Dynamic walk
[2025-01-08 14:56:15] Matchings - CX: 74, U3: 64, Depth: 110
[2025-01-08 14:56:15] Computing Exact walk
[2025-01-08 14:56:16] Exact - CX: 100, U3: 165, Depth: 197
[2025-01-08 14:56:16] Successfully processed graph 158 - Category: win
[2025-01-08 14:56:16] 
Processing graph 159/200
[2025-01-08 14:56:16] Graph 159 has 16 nodes and 35 edges
[2025-01-08 14:56:16] Converted to 35 bitstring edges
[2025-01-08 14:56:16] Computing Matchings Dynamic walk
[2025-01-08 14:56:17] Matchings - CX: 40, U3: 48, Depth: 66
[2025-01-08 14:56:17] Computing Exact walk
[2025-01-08 14:56:19] Exact - CX: 100, U3: 165, Depth: 197
[2025-01-08 14:56:19] Successfully processed graph 159 - Category: win
[2025-01-08 14:56:19] 
Processing graph 160/200
[2025-01-08 14:56:19] Graph 160 has 16 nodes and 33 edges
[2025-01-08 14:56:19] Converted to 33 bitstring edges
[2025-01-08 14:56:19] Computing Matchings Dynamic walk
[2025-01-08 14:56:20] Matchings - CX: 39, U3: 44, Depth: 62
[2025-01-08 14:56:20] Computing Exact walk
[2025-01-08 14:56:21] Exact - CX: 100, U3: 165, Depth: 197
[2025-01-08 14:56:21] Successfully processed graph 160 - Category: win
[2025-01-08 14:56:21] 
Processing graph 161/200
[2025-01-08 14:56:21] Graph 161 has 16 nodes and 37 edges
[2025-01-08 14:56:21] Converted to 37 bitstring edges
[2025-01-08 14:56:21] Computing Matchings Dynamic walk
[2025-01-08 14:56:22] Matchings - CX: 44, U3: 41, Depth: 68
[2025-01-08 14:56:22] Computing Exact walk
[2025-01-08 14:56:23] Exact - CX: 98, U3: 161, Depth: 192
[2025-01-08 14:56:23] Successfully processed graph 161 - Category: win
[2025-01-08 14:56:23] 
Processing graph 162/200
[2025-01-08 14:56:23] Graph 162 has 16 nodes and 36 edges
[2025-01-08 14:56:23] Converted to 36 bitstring edges
[2025-01-08 14:56:23] Computing Matchings Dynamic walk
[2025-01-08 14:56:24] Matchings - CX: 56, U3: 65, Depth: 90
[2025-01-08 14:56:24] Computing Exact walk
[2025-01-08 14:56:26] Exact - CX: 100, U3: 165, Depth: 197
[2025-01-08 14:56:26] Successfully processed graph 162 - Category: win
[2025-01-08 14:56:26] 
Processing graph 163/200
[2025-01-08 14:56:26] Graph 163 has 16 nodes and 31 edges
[2025-01-08 14:56:26] Converted to 31 bitstring edges
[2025-01-08 14:56:26] Computing Matchings Dynamic walk
[2025-01-08 14:56:27] Matchings - CX: 42, U3: 40, Depth: 63
[2025-01-08 14:56:27] Computing Exact walk
[2025-01-08 14:56:29] Exact - CX: 100, U3: 165, Depth: 197
[2025-01-08 14:56:29] Successfully processed graph 163 - Category: win
[2025-01-08 14:56:29] 
Processing graph 164/200
[2025-01-08 14:56:29] Graph 164 has 16 nodes and 33 edges
[2025-01-08 14:56:29] Converted to 33 bitstring edges
[2025-01-08 14:56:29] Computing Matchings Dynamic walk
[2025-01-08 14:56:30] Matchings - CX: 71, U3: 72, Depth: 108
[2025-01-08 14:56:30] Computing Exact walk
[2025-01-08 14:56:31] Exact - CX: 100, U3: 165, Depth: 197
[2025-01-08 14:56:31] Successfully processed graph 164 - Category: win
[2025-01-08 14:56:31] 
Processing graph 165/200
[2025-01-08 14:56:31] Graph 165 has 16 nodes and 37 edges
[2025-01-08 14:56:31] Converted to 37 bitstring edges
[2025-01-08 14:56:31] Computing Matchings Dynamic walk
[2025-01-08 14:56:33] Matchings - CX: 60, U3: 55, Depth: 90
[2025-01-08 14:56:33] Computing Exact walk
[2025-01-08 14:56:35] Exact - CX: 100, U3: 165, Depth: 197
[2025-01-08 14:56:35] Successfully processed graph 165 - Category: win
[2025-01-08 14:56:35] 
Processing graph 166/200
[2025-01-08 14:56:35] Graph 166 has 16 nodes and 37 edges
[2025-01-08 14:56:35] Converted to 37 bitstring edges
[2025-01-08 14:56:35] Computing Matchings Dynamic walk
[2025-01-08 14:56:36] Matchings - CX: 57, U3: 50, Depth: 84
[2025-01-08 14:56:36] Computing Exact walk
[2025-01-08 14:56:38] Exact - CX: 100, U3: 165, Depth: 197
[2025-01-08 14:56:38] Successfully processed graph 166 - Category: win
[2025-01-08 14:56:38] 
Processing graph 167/200
[2025-01-08 14:56:38] Graph 167 has 16 nodes and 35 edges
[2025-01-08 14:56:38] Converted to 35 bitstring edges
[2025-01-08 14:56:38] Computing Matchings Dynamic walk
[2025-01-08 14:56:39] Matchings - CX: 37, U3: 38, Depth: 58
[2025-01-08 14:56:39] Computing Exact walk
[2025-01-08 14:56:40] Exact - CX: 100, U3: 162, Depth: 195
[2025-01-08 14:56:40] Successfully processed graph 167 - Category: win
[2025-01-08 14:56:40] 
Processing graph 168/200
[2025-01-08 14:56:40] Graph 168 has 16 nodes and 37 edges
[2025-01-08 14:56:40] Converted to 37 bitstring edges
[2025-01-08 14:56:40] Computing Matchings Dynamic walk
[2025-01-08 14:56:42] Matchings - CX: 47, U3: 53, Depth: 71
[2025-01-08 14:56:42] Computing Exact walk
[2025-01-08 14:56:43] Exact - CX: 98, U3: 158, Depth: 191
[2025-01-08 14:56:43] Successfully processed graph 168 - Category: win
[2025-01-08 14:56:43] 
Processing graph 169/200
[2025-01-08 14:56:43] Graph 169 has 16 nodes and 36 edges
[2025-01-08 14:56:43] Converted to 36 bitstring edges
[2025-01-08 14:56:43] Computing Matchings Dynamic walk
[2025-01-08 14:56:44] Matchings - CX: 47, U3: 51, Depth: 74
[2025-01-08 14:56:44] Computing Exact walk
[2025-01-08 14:56:45] Exact - CX: 99, U3: 161, Depth: 194
[2025-01-08 14:56:45] Successfully processed graph 169 - Category: win
[2025-01-08 14:56:45] 
Processing graph 170/200
[2025-01-08 14:56:45] Graph 170 has 16 nodes and 38 edges
[2025-01-08 14:56:45] Converted to 38 bitstring edges
[2025-01-08 14:56:45] Computing Matchings Dynamic walk
[2025-01-08 14:56:46] Matchings - CX: 56, U3: 55, Depth: 86
[2025-01-08 14:56:46] Computing Exact walk
[2025-01-08 14:56:47] Exact - CX: 100, U3: 165, Depth: 197
[2025-01-08 14:56:47] Successfully processed graph 170 - Category: win
[2025-01-08 14:56:47] 
Processing graph 171/200
[2025-01-08 14:56:47] Graph 171 has 16 nodes and 34 edges
[2025-01-08 14:56:47] Converted to 34 bitstring edges
[2025-01-08 14:56:47] Computing Matchings Dynamic walk
[2025-01-08 14:56:48] Matchings - CX: 65, U3: 65, Depth: 100
[2025-01-08 14:56:48] Computing Exact walk
[2025-01-08 14:56:49] Exact - CX: 100, U3: 165, Depth: 197
[2025-01-08 14:56:49] Successfully processed graph 171 - Category: win
[2025-01-08 14:56:49] 
Processing graph 172/200
[2025-01-08 14:56:49] Graph 172 has 16 nodes and 34 edges
[2025-01-08 14:56:49] Converted to 34 bitstring edges
[2025-01-08 14:56:49] Computing Matchings Dynamic walk
[2025-01-08 14:56:50] Matchings - CX: 60, U3: 63, Depth: 94
[2025-01-08 14:56:50] Computing Exact walk
[2025-01-08 14:56:51] Exact - CX: 100, U3: 165, Depth: 197
[2025-01-08 14:56:51] Successfully processed graph 172 - Category: win
[2025-01-08 14:56:51] 
Processing graph 173/200
[2025-01-08 14:56:51] Graph 173 has 16 nodes and 33 edges
[2025-01-08 14:56:51] Converted to 33 bitstring edges
[2025-01-08 14:56:51] Computing Matchings Dynamic walk
[2025-01-08 14:56:52] Matchings - CX: 43, U3: 43, Depth: 66
[2025-01-08 14:56:52] Computing Exact walk
[2025-01-08 14:56:53] Exact - CX: 100, U3: 165, Depth: 197
[2025-01-08 14:56:53] Successfully processed graph 173 - Category: win
[2025-01-08 14:56:53] 
Processing graph 174/200
[2025-01-08 14:56:53] Graph 174 has 16 nodes and 35 edges
[2025-01-08 14:56:53] Converted to 35 bitstring edges
[2025-01-08 14:56:53] Computing Matchings Dynamic walk
[2025-01-08 14:56:54] Matchings - CX: 63, U3: 63, Depth: 96
[2025-01-08 14:56:54] Computing Exact walk
[2025-01-08 14:56:56] Exact - CX: 99, U3: 158, Depth: 192
[2025-01-08 14:56:56] Successfully processed graph 174 - Category: win
[2025-01-08 14:56:56] 
Processing graph 175/200
[2025-01-08 14:56:56] Graph 175 has 16 nodes and 36 edges
[2025-01-08 14:56:56] Converted to 36 bitstring edges
[2025-01-08 14:56:56] Computing Matchings Dynamic walk
[2025-01-08 14:56:57] Matchings - CX: 70, U3: 66, Depth: 107
[2025-01-08 14:56:57] Computing Exact walk
[2025-01-08 14:56:58] Exact - CX: 100, U3: 161, Depth: 195
[2025-01-08 14:56:58] Successfully processed graph 175 - Category: win
[2025-01-08 14:56:58] 
Processing graph 176/200
[2025-01-08 14:56:58] Graph 176 has 16 nodes and 35 edges
[2025-01-08 14:56:58] Converted to 35 bitstring edges
[2025-01-08 14:56:58] Computing Matchings Dynamic walk
[2025-01-08 14:56:59] Matchings - CX: 59, U3: 57, Depth: 90
[2025-01-08 14:56:59] Computing Exact walk
[2025-01-08 14:57:01] Exact - CX: 97, U3: 154, Depth: 187
[2025-01-08 14:57:01] Successfully processed graph 176 - Category: win
[2025-01-08 14:57:01] 
Processing graph 177/200
[2025-01-08 14:57:01] Graph 177 has 16 nodes and 36 edges
[2025-01-08 14:57:01] Converted to 36 bitstring edges
[2025-01-08 14:57:01] Computing Matchings Dynamic walk
[2025-01-08 14:57:02] Matchings - CX: 49, U3: 49, Depth: 77
[2025-01-08 14:57:02] Computing Exact walk
[2025-01-08 14:57:04] Exact - CX: 100, U3: 161, Depth: 195
[2025-01-08 14:57:04] Successfully processed graph 177 - Category: win
[2025-01-08 14:57:04] 
Processing graph 178/200
[2025-01-08 14:57:04] Graph 178 has 16 nodes and 34 edges
[2025-01-08 14:57:04] Converted to 34 bitstring edges
[2025-01-08 14:57:04] Computing Matchings Dynamic walk
[2025-01-08 14:57:05] Matchings - CX: 44, U3: 43, Depth: 69
[2025-01-08 14:57:05] Computing Exact walk
[2025-01-08 14:57:07] Exact - CX: 100, U3: 165, Depth: 197
[2025-01-08 14:57:07] Successfully processed graph 178 - Category: win
[2025-01-08 14:57:07] 
Processing graph 179/200
[2025-01-08 14:57:07] Graph 179 has 16 nodes and 34 edges
[2025-01-08 14:57:07] Converted to 34 bitstring edges
[2025-01-08 14:57:07] Computing Matchings Dynamic walk
[2025-01-08 14:57:08] Matchings - CX: 45, U3: 48, Depth: 72
[2025-01-08 14:57:08] Computing Exact walk
[2025-01-08 14:57:10] Exact - CX: 100, U3: 165, Depth: 197
[2025-01-08 14:57:10] Successfully processed graph 179 - Category: win
[2025-01-08 14:57:10] 
Processing graph 180/200
[2025-01-08 14:57:10] Graph 180 has 16 nodes and 36 edges
[2025-01-08 14:57:10] Converted to 36 bitstring edges
[2025-01-08 14:57:10] Computing Matchings Dynamic walk
[2025-01-08 14:57:11] Matchings - CX: 94, U3: 81, Depth: 134
[2025-01-08 14:57:11] Computing Exact walk
[2025-01-08 14:57:13] Exact - CX: 100, U3: 164, Depth: 197
[2025-01-08 14:57:13] Successfully processed graph 180 - Category: win
[2025-01-08 14:57:13] 
Processing graph 181/200
[2025-01-08 14:57:13] Graph 181 has 16 nodes and 32 edges
[2025-01-08 14:57:13] Converted to 32 bitstring edges
[2025-01-08 14:57:13] Computing Matchings Dynamic walk
[2025-01-08 14:57:14] Matchings - CX: 53, U3: 53, Depth: 82
[2025-01-08 14:57:14] Computing Exact walk
[2025-01-08 14:57:16] Exact - CX: 100, U3: 165, Depth: 197
[2025-01-08 14:57:16] Successfully processed graph 181 - Category: win
[2025-01-08 14:57:16] 
Processing graph 182/200
[2025-01-08 14:57:16] Graph 182 has 16 nodes and 34 edges
[2025-01-08 14:57:16] Converted to 34 bitstring edges
[2025-01-08 14:57:16] Computing Matchings Dynamic walk
[2025-01-08 14:57:17] Matchings - CX: 75, U3: 66, Depth: 110
[2025-01-08 14:57:17] Computing Exact walk
[2025-01-08 14:57:19] Exact - CX: 100, U3: 165, Depth: 197
[2025-01-08 14:57:19] Successfully processed graph 182 - Category: win
[2025-01-08 14:57:19] 
Processing graph 183/200
[2025-01-08 14:57:19] Graph 183 has 16 nodes and 32 edges
[2025-01-08 14:57:19] Converted to 32 bitstring edges
[2025-01-08 14:57:19] Computing Matchings Dynamic walk
[2025-01-08 14:57:20] Matchings - CX: 59, U3: 58, Depth: 89
[2025-01-08 14:57:20] Computing Exact walk
[2025-01-08 14:57:21] Exact - CX: 100, U3: 165, Depth: 197
[2025-01-08 14:57:21] Successfully processed graph 183 - Category: win
[2025-01-08 14:57:21] 
Processing graph 184/200
[2025-01-08 14:57:21] Graph 184 has 16 nodes and 37 edges
[2025-01-08 14:57:21] Converted to 37 bitstring edges
[2025-01-08 14:57:21] Computing Matchings Dynamic walk
[2025-01-08 14:57:22] Matchings - CX: 41, U3: 48, Depth: 67
[2025-01-08 14:57:22] Computing Exact walk
[2025-01-08 14:57:23] Exact - CX: 100, U3: 159, Depth: 194
[2025-01-08 14:57:23] Successfully processed graph 184 - Category: win
[2025-01-08 14:57:23] 
Processing graph 185/200
[2025-01-08 14:57:23] Graph 185 has 16 nodes and 35 edges
[2025-01-08 14:57:23] Converted to 35 bitstring edges
[2025-01-08 14:57:23] Computing Matchings Dynamic walk
[2025-01-08 14:57:24] Matchings - CX: 79, U3: 71, Depth: 119
[2025-01-08 14:57:24] Computing Exact walk
[2025-01-08 14:57:25] Exact - CX: 100, U3: 165, Depth: 197
[2025-01-08 14:57:25] Successfully processed graph 185 - Category: win
[2025-01-08 14:57:25] 
Processing graph 186/200
[2025-01-08 14:57:25] Graph 186 has 16 nodes and 37 edges
[2025-01-08 14:57:25] Converted to 37 bitstring edges
[2025-01-08 14:57:25] Computing Matchings Dynamic walk
[2025-01-08 14:57:26] Matchings - CX: 69, U3: 63, Depth: 104
[2025-01-08 14:57:26] Computing Exact walk
[2025-01-08 14:57:27] Exact - CX: 100, U3: 165, Depth: 197
[2025-01-08 14:57:27] Successfully processed graph 186 - Category: win
[2025-01-08 14:57:27] 
Processing graph 187/200
[2025-01-08 14:57:27] Graph 187 has 16 nodes and 33 edges
[2025-01-08 14:57:27] Converted to 33 bitstring edges
[2025-01-08 14:57:27] Computing Matchings Dynamic walk
[2025-01-08 14:57:28] Matchings - CX: 47, U3: 45, Depth: 72
[2025-01-08 14:57:28] Computing Exact walk
[2025-01-08 14:57:29] Exact - CX: 100, U3: 165, Depth: 197
[2025-01-08 14:57:29] Successfully processed graph 187 - Category: win
[2025-01-08 14:57:29] 
Processing graph 188/200
[2025-01-08 14:57:29] Graph 188 has 16 nodes and 33 edges
[2025-01-08 14:57:29] Converted to 33 bitstring edges
[2025-01-08 14:57:29] Computing Matchings Dynamic walk
[2025-01-08 14:57:30] Matchings - CX: 32, U3: 38, Depth: 51
[2025-01-08 14:57:30] Computing Exact walk
[2025-01-08 14:57:31] Exact - CX: 100, U3: 163, Depth: 196
[2025-01-08 14:57:31] Successfully processed graph 188 - Category: win
[2025-01-08 14:57:31] 
Processing graph 189/200
[2025-01-08 14:57:31] Graph 189 has 16 nodes and 35 edges
[2025-01-08 14:57:31] Converted to 35 bitstring edges
[2025-01-08 14:57:31] Computing Matchings Dynamic walk
[2025-01-08 14:57:32] Matchings - CX: 39, U3: 41, Depth: 60
[2025-01-08 14:57:32] Computing Exact walk
[2025-01-08 14:57:33] Exact - CX: 100, U3: 165, Depth: 197
[2025-01-08 14:57:33] Successfully processed graph 189 - Category: win
[2025-01-08 14:57:33] 
Processing graph 190/200
[2025-01-08 14:57:33] Graph 190 has 16 nodes and 36 edges
[2025-01-08 14:57:33] Converted to 36 bitstring edges
[2025-01-08 14:57:33] Computing Matchings Dynamic walk
[2025-01-08 14:57:34] Matchings - CX: 57, U3: 56, Depth: 86
[2025-01-08 14:57:34] Computing Exact walk
[2025-01-08 14:57:35] Exact - CX: 98, U3: 156, Depth: 188
[2025-01-08 14:57:35] Successfully processed graph 190 - Category: win
[2025-01-08 14:57:35] 
Processing graph 191/200
[2025-01-08 14:57:35] Graph 191 has 16 nodes and 37 edges
[2025-01-08 14:57:35] Converted to 37 bitstring edges
[2025-01-08 14:57:35] Computing Matchings Dynamic walk
[2025-01-08 14:57:36] Matchings - CX: 43, U3: 48, Depth: 69
[2025-01-08 14:57:36] Computing Exact walk
[2025-01-08 14:57:37] Exact - CX: 100, U3: 161, Depth: 195
[2025-01-08 14:57:37] Successfully processed graph 191 - Category: win
[2025-01-08 14:57:37] 
Processing graph 192/200
[2025-01-08 14:57:37] Graph 192 has 16 nodes and 36 edges
[2025-01-08 14:57:37] Converted to 36 bitstring edges
[2025-01-08 14:57:37] Computing Matchings Dynamic walk
[2025-01-08 14:57:38] Matchings - CX: 44, U3: 49, Depth: 69
[2025-01-08 14:57:38] Computing Exact walk
[2025-01-08 14:57:39] Exact - CX: 100, U3: 165, Depth: 197
[2025-01-08 14:57:39] Successfully processed graph 192 - Category: win
[2025-01-08 14:57:39] 
Processing graph 193/200
[2025-01-08 14:57:39] Graph 193 has 16 nodes and 35 edges
[2025-01-08 14:57:39] Converted to 35 bitstring edges
[2025-01-08 14:57:39] Computing Matchings Dynamic walk
[2025-01-08 14:57:40] Matchings - CX: 65, U3: 61, Depth: 98
[2025-01-08 14:57:40] Computing Exact walk
[2025-01-08 14:57:41] Exact - CX: 100, U3: 165, Depth: 197
[2025-01-08 14:57:41] Successfully processed graph 193 - Category: win
[2025-01-08 14:57:41] 
Processing graph 194/200
[2025-01-08 14:57:41] Graph 194 has 16 nodes and 34 edges
[2025-01-08 14:57:41] Converted to 34 bitstring edges
[2025-01-08 14:57:41] Computing Matchings Dynamic walk
[2025-01-08 14:57:42] Matchings - CX: 68, U3: 56, Depth: 98
[2025-01-08 14:57:42] Computing Exact walk
[2025-01-08 14:57:43] Exact - CX: 100, U3: 165, Depth: 197
[2025-01-08 14:57:43] Successfully processed graph 194 - Category: win
[2025-01-08 14:57:43] 
Processing graph 195/200
[2025-01-08 14:57:43] Graph 195 has 16 nodes and 32 edges
[2025-01-08 14:57:43] Converted to 32 bitstring edges
[2025-01-08 14:57:43] Computing Matchings Dynamic walk
[2025-01-08 14:57:44] Matchings - CX: 40, U3: 46, Depth: 64
[2025-01-08 14:57:44] Computing Exact walk
[2025-01-08 14:57:45] Exact - CX: 100, U3: 165, Depth: 197
[2025-01-08 14:57:45] Successfully processed graph 195 - Category: win
[2025-01-08 14:57:45] 
Processing graph 196/200
[2025-01-08 14:57:45] Graph 196 has 16 nodes and 39 edges
[2025-01-08 14:57:45] Converted to 39 bitstring edges
[2025-01-08 14:57:45] Computing Matchings Dynamic walk
[2025-01-08 14:57:46] Matchings - CX: 61, U3: 58, Depth: 92
[2025-01-08 14:57:46] Computing Exact walk
[2025-01-08 14:57:47] Exact - CX: 100, U3: 165, Depth: 197
[2025-01-08 14:57:47] Successfully processed graph 196 - Category: win
[2025-01-08 14:57:47] 
Processing graph 197/200
[2025-01-08 14:57:47] Graph 197 has 16 nodes and 34 edges
[2025-01-08 14:57:47] Converted to 34 bitstring edges
[2025-01-08 14:57:47] Computing Matchings Dynamic walk
[2025-01-08 14:57:47] Matchings - CX: 32, U3: 35, Depth: 50
[2025-01-08 14:57:47] Computing Exact walk
[2025-01-08 14:57:48] Exact - CX: 100, U3: 165, Depth: 197
[2025-01-08 14:57:48] Successfully processed graph 197 - Category: win
[2025-01-08 14:57:48] 
Processing graph 198/200
[2025-01-08 14:57:48] Graph 198 has 16 nodes and 36 edges
[2025-01-08 14:57:48] Converted to 36 bitstring edges
[2025-01-08 14:57:48] Computing Matchings Dynamic walk
[2025-01-08 14:57:49] Matchings - CX: 46, U3: 51, Depth: 72
[2025-01-08 14:57:49] Computing Exact walk
[2025-01-08 14:57:50] Exact - CX: 100, U3: 165, Depth: 197
[2025-01-08 14:57:50] Successfully processed graph 198 - Category: win
[2025-01-08 14:57:50] 
Processing graph 199/200
[2025-01-08 14:57:50] Graph 199 has 16 nodes and 35 edges
[2025-01-08 14:57:50] Converted to 35 bitstring edges
[2025-01-08 14:57:50] Computing Matchings Dynamic walk
[2025-01-08 14:57:51] Matchings - CX: 59, U3: 57, Depth: 89
[2025-01-08 14:57:51] Computing Exact walk
[2025-01-08 14:57:52] Exact - CX: 100, U3: 164, Depth: 197
[2025-01-08 14:57:52] Successfully processed graph 199 - Category: win
[2025-01-08 14:57:52] 
Final Results Summary:
[2025-01-08 14:57:52] Total graphs in file: 200
[2025-01-08 14:57:52] Successfully processed: 200
[2025-01-08 14:57:52] win: 200 (100.0%)
[2025-01-08 14:57:52] lose: 0 (0.0%)
[2025-01-08 14:57:52] draw: 0 (0.0%)
[2025-01-08 14:57:52] 
Average Gate Counts by Category:
[2025-01-08 14:57:52] win_matching_cx: 56.10
[2025-01-08 14:57:52] win_matching_u3: 54.85
[2025-01-08 14:57:52] win_exact_cx: 99.63
[2025-01-08 14:57:52] win_exact_u3: 163.47
[2025-01-08 14:57:52] win_matching_depth: 85.53
[2025-01-08 14:57:52] win_exact_depth: 195.67
[2025-01-08 15:07:44] Starting analysis with:
[2025-01-08 15:07:44] Number of qubits: 4
[2025-01-08 15:07:44] Number of vertices: 16
[2025-01-08 15:07:44] Delta t: 0.1
[2025-01-08 15:07:44] Input file: ../data/graphs/200graph_bipartite_16c.g6
[2025-01-08 15:07:44] Parsed graph info: {'num_graphs': 200, 'size': 'bipartite', 'vertices': '16', 'type': 'c'}
[2025-01-08 15:07:44] Found 200 graphs in file
[2025-01-08 15:07:44] 
Processing graph 0/200
[2025-01-08 15:07:44] Graph 0 has 16 nodes and 31 edges
[2025-01-08 15:07:44] Converted to 31 bitstring edges
[2025-01-08 15:07:44] Computing Matchings Dynamic walk
[2025-01-08 15:07:45] Matchings - CX: 86, U3: 84, Depth: 129
[2025-01-08 15:07:45] Computing Exact walk
[2025-01-08 15:07:46] Exact - CX: 100, U3: 165, Depth: 197
[2025-01-08 15:07:46] Successfully processed graph 0 - Category: win
[2025-01-08 15:07:46] 
Processing graph 1/200
[2025-01-08 15:07:46] Graph 1 has 16 nodes and 37 edges
[2025-01-08 15:07:46] Converted to 37 bitstring edges
[2025-01-08 15:07:46] Computing Matchings Dynamic walk
[2025-01-08 15:07:46] Matchings - CX: 67, U3: 63, Depth: 105
[2025-01-08 15:07:46] Computing Exact walk
[2025-01-08 15:07:47] Exact - CX: 100, U3: 165, Depth: 197
[2025-01-08 15:07:47] Successfully processed graph 1 - Category: win
[2025-01-08 15:07:47] 
Processing graph 2/200
[2025-01-08 15:07:47] Graph 2 has 16 nodes and 35 edges
[2025-01-08 15:07:47] Converted to 35 bitstring edges
[2025-01-08 15:07:47] Computing Matchings Dynamic walk
[2025-01-08 15:07:48] Matchings - CX: 63, U3: 66, Depth: 98
[2025-01-08 15:07:48] Computing Exact walk
[2025-01-08 15:07:49] Exact - CX: 100, U3: 165, Depth: 197
[2025-01-08 15:07:49] Successfully processed graph 2 - Category: win
[2025-01-08 15:07:49] 
Processing graph 3/200
[2025-01-08 15:07:49] Graph 3 has 16 nodes and 36 edges
[2025-01-08 15:07:49] Converted to 36 bitstring edges
[2025-01-08 15:07:49] Computing Matchings Dynamic walk
[2025-01-08 15:07:49] Matchings - CX: 81, U3: 67, Depth: 119
[2025-01-08 15:07:49] Computing Exact walk
[2025-01-08 15:07:50] Exact - CX: 98, U3: 160, Depth: 192
[2025-01-08 15:07:50] Successfully processed graph 3 - Category: win
[2025-01-08 15:07:50] 
Processing graph 4/200
[2025-01-08 15:07:50] Graph 4 has 16 nodes and 33 edges
[2025-01-08 15:07:50] Converted to 33 bitstring edges
[2025-01-08 15:07:50] Computing Matchings Dynamic walk
[2025-01-08 15:07:51] Matchings - CX: 46, U3: 56, Depth: 76
[2025-01-08 15:07:51] Computing Exact walk
[2025-01-08 15:07:51] Exact - CX: 97, U3: 156, Depth: 188
[2025-01-08 15:07:51] Successfully processed graph 4 - Category: win
[2025-01-08 15:07:51] 
Processing graph 5/200
[2025-01-08 15:07:51] Graph 5 has 16 nodes and 36 edges
[2025-01-08 15:07:51] Converted to 36 bitstring edges
[2025-01-08 15:07:51] Computing Matchings Dynamic walk
[2025-01-08 15:07:52] Matchings - CX: 62, U3: 55, Depth: 92
[2025-01-08 15:07:52] Computing Exact walk
[2025-01-08 15:07:53] Exact - CX: 100, U3: 164, Depth: 197
[2025-01-08 15:07:53] Successfully processed graph 5 - Category: win
[2025-01-08 15:07:53] 
Processing graph 6/200
[2025-01-08 15:07:53] Graph 6 has 16 nodes and 33 edges
[2025-01-08 15:07:53] Converted to 33 bitstring edges
[2025-01-08 15:07:53] Computing Matchings Dynamic walk
[2025-01-08 15:07:53] Matchings - CX: 48, U3: 47, Depth: 73
[2025-01-08 15:07:53] Computing Exact walk
[2025-01-08 15:07:54] Exact - CX: 100, U3: 163, Depth: 196
[2025-01-08 15:07:54] Successfully processed graph 6 - Category: win
[2025-01-08 15:07:54] 
Processing graph 7/200
[2025-01-08 15:07:54] Graph 7 has 16 nodes and 35 edges
[2025-01-08 15:07:54] Converted to 35 bitstring edges
[2025-01-08 15:07:54] Computing Matchings Dynamic walk
[2025-01-08 15:07:55] Matchings - CX: 74, U3: 78, Depth: 116
[2025-01-08 15:07:55] Computing Exact walk
[2025-01-08 15:07:57] Exact - CX: 100, U3: 162, Depth: 195
[2025-01-08 15:07:57] Successfully processed graph 7 - Category: win
[2025-01-08 15:07:57] 
Processing graph 8/200
[2025-01-08 15:07:57] Graph 8 has 16 nodes and 34 edges
[2025-01-08 15:07:57] Converted to 34 bitstring edges
[2025-01-08 15:07:57] Computing Matchings Dynamic walk
[2025-01-08 15:07:58] Matchings - CX: 38, U3: 42, Depth: 61
[2025-01-08 15:07:58] Computing Exact walk
[2025-01-08 15:07:59] Exact - CX: 100, U3: 163, Depth: 196
[2025-01-08 15:07:59] Successfully processed graph 8 - Category: win
[2025-01-08 15:07:59] 
Processing graph 9/200
[2025-01-08 15:07:59] Graph 9 has 16 nodes and 33 edges
[2025-01-08 15:07:59] Converted to 33 bitstring edges
[2025-01-08 15:07:59] Computing Matchings Dynamic walk
[2025-01-08 15:08:00] Matchings - CX: 57, U3: 56, Depth: 86
[2025-01-08 15:08:00] Computing Exact walk
[2025-01-08 15:08:02] Exact - CX: 98, U3: 159, Depth: 191
[2025-01-08 15:08:02] Successfully processed graph 9 - Category: win
[2025-01-08 15:08:02] 
Processing graph 10/200
[2025-01-08 15:08:02] Graph 10 has 16 nodes and 35 edges
[2025-01-08 15:08:02] Converted to 35 bitstring edges
[2025-01-08 15:08:02] Computing Matchings Dynamic walk
[2025-01-08 15:08:03] Matchings - CX: 54, U3: 55, Depth: 84
[2025-01-08 15:08:03] Computing Exact walk
[2025-01-08 15:08:04] Exact - CX: 100, U3: 165, Depth: 197
[2025-01-08 15:08:04] Successfully processed graph 10 - Category: win
[2025-01-08 15:08:04] 
Processing graph 11/200
[2025-01-08 15:08:04] Graph 11 has 16 nodes and 35 edges
[2025-01-08 15:08:04] Converted to 35 bitstring edges
[2025-01-08 15:08:04] Computing Matchings Dynamic walk
[2025-01-08 15:08:04] Matchings - CX: 42, U3: 38, Depth: 64
[2025-01-08 15:08:04] Computing Exact walk
[2025-01-08 15:08:05] Exact - CX: 97, U3: 157, Depth: 188
[2025-01-08 15:08:05] Successfully processed graph 11 - Category: win
[2025-01-08 15:08:05] 
Processing graph 12/200
[2025-01-08 15:08:05] Graph 12 has 16 nodes and 37 edges
[2025-01-08 15:08:05] Converted to 37 bitstring edges
[2025-01-08 15:08:05] Computing Matchings Dynamic walk
[2025-01-08 15:08:06] Matchings - CX: 74, U3: 63, Depth: 110
[2025-01-08 15:08:06] Computing Exact walk
[2025-01-08 15:08:07] Exact - CX: 100, U3: 163, Depth: 195
[2025-01-08 15:08:07] Successfully processed graph 12 - Category: win
[2025-01-08 15:08:07] 
Processing graph 13/200
[2025-01-08 15:08:07] Graph 13 has 16 nodes and 39 edges
[2025-01-08 15:08:07] Converted to 39 bitstring edges
[2025-01-08 15:08:07] Computing Matchings Dynamic walk
[2025-01-08 15:08:07] Matchings - CX: 84, U3: 75, Depth: 126
[2025-01-08 15:08:07] Computing Exact walk
[2025-01-08 15:08:08] Exact - CX: 100, U3: 165, Depth: 197
[2025-01-08 15:08:08] Successfully processed graph 13 - Category: win
[2025-01-08 15:08:08] 
Processing graph 14/200
[2025-01-08 15:08:08] Graph 14 has 16 nodes and 35 edges
[2025-01-08 15:08:08] Converted to 35 bitstring edges
[2025-01-08 15:08:08] Computing Matchings Dynamic walk
[2025-01-08 15:08:09] Matchings - CX: 64, U3: 57, Depth: 96
[2025-01-08 15:08:09] Computing Exact walk
[2025-01-08 15:08:10] Exact - CX: 100, U3: 165, Depth: 197
[2025-01-08 15:08:10] Successfully processed graph 14 - Category: win
[2025-01-08 15:08:10] 
Processing graph 15/200
[2025-01-08 15:08:10] Graph 15 has 16 nodes and 39 edges
[2025-01-08 15:08:10] Converted to 39 bitstring edges
[2025-01-08 15:08:10] Computing Matchings Dynamic walk
[2025-01-08 15:08:10] Matchings - CX: 95, U3: 87, Depth: 141
[2025-01-08 15:08:10] Computing Exact walk
[2025-01-08 15:08:11] Exact - CX: 100, U3: 164, Depth: 197
[2025-01-08 15:08:11] Successfully processed graph 15 - Category: win
[2025-01-08 15:08:11] 
Processing graph 16/200
[2025-01-08 15:08:11] Graph 16 has 16 nodes and 35 edges
[2025-01-08 15:08:11] Converted to 35 bitstring edges
[2025-01-08 15:08:11] Computing Matchings Dynamic walk
[2025-01-08 15:08:11] Matchings - CX: 60, U3: 54, Depth: 89
[2025-01-08 15:08:11] Computing Exact walk
[2025-01-08 15:08:12] Exact - CX: 100, U3: 165, Depth: 197
[2025-01-08 15:08:12] Successfully processed graph 16 - Category: win
[2025-01-08 15:08:12] 
Processing graph 17/200
[2025-01-08 15:08:12] Graph 17 has 16 nodes and 34 edges
[2025-01-08 15:08:12] Converted to 34 bitstring edges
[2025-01-08 15:08:12] Computing Matchings Dynamic walk
[2025-01-08 15:08:13] Matchings - CX: 40, U3: 44, Depth: 63
[2025-01-08 15:08:13] Computing Exact walk
[2025-01-08 15:08:14] Exact - CX: 100, U3: 165, Depth: 197
[2025-01-08 15:08:14] Successfully processed graph 17 - Category: win
[2025-01-08 15:08:14] 
Processing graph 18/200
[2025-01-08 15:08:14] Graph 18 has 16 nodes and 36 edges
[2025-01-08 15:08:14] Converted to 36 bitstring edges
[2025-01-08 15:08:14] Computing Matchings Dynamic walk
[2025-01-08 15:08:14] Matchings - CX: 79, U3: 78, Depth: 121
[2025-01-08 15:08:14] Computing Exact walk
[2025-01-08 15:08:15] Exact - CX: 100, U3: 165, Depth: 197
[2025-01-08 15:08:15] Successfully processed graph 18 - Category: win
[2025-01-08 15:08:15] 
Processing graph 19/200
[2025-01-08 15:08:15] Graph 19 has 16 nodes and 39 edges
[2025-01-08 15:08:15] Converted to 39 bitstring edges
[2025-01-08 15:08:15] Computing Matchings Dynamic walk
[2025-01-08 15:08:15] Matchings - CX: 84, U3: 77, Depth: 125
[2025-01-08 15:08:15] Computing Exact walk
[2025-01-08 15:08:16] Exact - CX: 100, U3: 165, Depth: 197
[2025-01-08 15:08:16] Successfully processed graph 19 - Category: win
[2025-01-08 15:08:16] 
Processing graph 20/200
[2025-01-08 15:08:16] Graph 20 has 16 nodes and 35 edges
[2025-01-08 15:08:16] Converted to 35 bitstring edges
[2025-01-08 15:08:16] Computing Matchings Dynamic walk
[2025-01-08 15:08:17] Matchings - CX: 57, U3: 55, Depth: 85
[2025-01-08 15:08:17] Computing Exact walk
[2025-01-08 15:08:18] Exact - CX: 96, U3: 156, Depth: 186
[2025-01-08 15:08:18] Successfully processed graph 20 - Category: win
[2025-01-08 15:08:18] 
Processing graph 21/200
[2025-01-08 15:08:18] Graph 21 has 16 nodes and 34 edges
[2025-01-08 15:08:18] Converted to 34 bitstring edges
[2025-01-08 15:08:18] Computing Matchings Dynamic walk
[2025-01-08 15:08:18] Matchings - CX: 58, U3: 55, Depth: 87
[2025-01-08 15:08:18] Computing Exact walk
[2025-01-08 15:08:19] Exact - CX: 100, U3: 165, Depth: 197
[2025-01-08 15:08:19] Successfully processed graph 21 - Category: win
[2025-01-08 15:08:19] 
Processing graph 22/200
[2025-01-08 15:08:19] Graph 22 has 16 nodes and 36 edges
[2025-01-08 15:08:19] Converted to 36 bitstring edges
[2025-01-08 15:08:19] Computing Matchings Dynamic walk
[2025-01-08 15:08:20] Matchings - CX: 52, U3: 47, Depth: 81
[2025-01-08 15:08:20] Computing Exact walk
[2025-01-08 15:08:20] Exact - CX: 98, U3: 160, Depth: 191
[2025-01-08 15:08:20] Successfully processed graph 22 - Category: win
[2025-01-08 15:08:20] 
Processing graph 23/200
[2025-01-08 15:08:20] Graph 23 has 16 nodes and 34 edges
[2025-01-08 15:08:20] Converted to 34 bitstring edges
[2025-01-08 15:08:20] Computing Matchings Dynamic walk
[2025-01-08 15:08:21] Matchings - CX: 43, U3: 45, Depth: 66
[2025-01-08 15:08:21] Computing Exact walk
[2025-01-08 15:08:22] Exact - CX: 100, U3: 165, Depth: 197
[2025-01-08 15:08:22] Successfully processed graph 23 - Category: win
[2025-01-08 15:08:22] 
Processing graph 24/200
[2025-01-08 15:08:22] Graph 24 has 16 nodes and 35 edges
[2025-01-08 15:08:22] Converted to 35 bitstring edges
[2025-01-08 15:08:22] Computing Matchings Dynamic walk
[2025-01-08 15:08:22] Matchings - CX: 47, U3: 47, Depth: 72
[2025-01-08 15:08:22] Computing Exact walk
[2025-01-08 15:08:23] Exact - CX: 100, U3: 165, Depth: 197
[2025-01-08 15:08:23] Successfully processed graph 24 - Category: win
[2025-01-08 15:08:23] 
Processing graph 25/200
[2025-01-08 15:08:23] Graph 25 has 16 nodes and 34 edges
[2025-01-08 15:08:23] Converted to 34 bitstring edges
[2025-01-08 15:08:23] Computing Matchings Dynamic walk
[2025-01-08 15:08:23] Matchings - CX: 58, U3: 59, Depth: 91
[2025-01-08 15:08:23] Computing Exact walk
[2025-01-08 15:08:24] Exact - CX: 100, U3: 165, Depth: 197
[2025-01-08 15:08:24] Successfully processed graph 25 - Category: win
[2025-01-08 15:08:24] 
Processing graph 26/200
[2025-01-08 15:08:24] Graph 26 has 16 nodes and 33 edges
[2025-01-08 15:08:24] Converted to 33 bitstring edges
[2025-01-08 15:08:24] Computing Matchings Dynamic walk
[2025-01-08 15:08:25] Matchings - CX: 46, U3: 42, Depth: 68
[2025-01-08 15:08:25] Computing Exact walk
[2025-01-08 15:08:25] Exact - CX: 100, U3: 156, Depth: 193
[2025-01-08 15:08:25] Successfully processed graph 26 - Category: win
[2025-01-08 15:08:25] 
Processing graph 27/200
[2025-01-08 15:08:25] Graph 27 has 16 nodes and 33 edges
[2025-01-08 15:08:25] Converted to 33 bitstring edges
[2025-01-08 15:08:25] Computing Matchings Dynamic walk
[2025-01-08 15:08:26] Matchings - CX: 53, U3: 46, Depth: 78
[2025-01-08 15:08:26] Computing Exact walk
[2025-01-08 15:08:27] Exact - CX: 100, U3: 165, Depth: 197
[2025-01-08 15:08:27] Successfully processed graph 27 - Category: win
[2025-01-08 15:08:27] 
Processing graph 28/200
[2025-01-08 15:08:27] Graph 28 has 16 nodes and 37 edges
[2025-01-08 15:08:27] Converted to 37 bitstring edges
[2025-01-08 15:08:27] Computing Matchings Dynamic walk
[2025-01-08 15:08:27] Matchings - CX: 43, U3: 38, Depth: 65
[2025-01-08 15:08:27] Computing Exact walk
[2025-01-08 15:08:28] Exact - CX: 100, U3: 165, Depth: 197
[2025-01-08 15:08:28] Successfully processed graph 28 - Category: win
[2025-01-08 15:08:28] 
Processing graph 29/200
[2025-01-08 15:08:28] Graph 29 has 16 nodes and 38 edges
[2025-01-08 15:08:28] Converted to 38 bitstring edges
[2025-01-08 15:08:28] Computing Matchings Dynamic walk
[2025-01-08 15:08:28] Matchings - CX: 54, U3: 53, Depth: 82
[2025-01-08 15:08:28] Computing Exact walk
[2025-01-08 15:08:29] Exact - CX: 100, U3: 165, Depth: 197
[2025-01-08 15:08:29] Successfully processed graph 29 - Category: win
[2025-01-08 15:08:29] 
Processing graph 30/200
[2025-01-08 15:08:29] Graph 30 has 16 nodes and 32 edges
[2025-01-08 15:08:29] Converted to 32 bitstring edges
[2025-01-08 15:08:29] Computing Matchings Dynamic walk
[2025-01-08 15:08:30] Matchings - CX: 61, U3: 59, Depth: 96
[2025-01-08 15:08:30] Computing Exact walk
[2025-01-08 15:08:31] Exact - CX: 100, U3: 165, Depth: 197
[2025-01-08 15:08:31] Successfully processed graph 30 - Category: win
[2025-01-08 15:08:31] 
Processing graph 31/200
[2025-01-08 15:08:31] Graph 31 has 16 nodes and 33 edges
[2025-01-08 15:08:31] Converted to 33 bitstring edges
[2025-01-08 15:08:31] Computing Matchings Dynamic walk
[2025-01-08 15:08:31] Matchings - CX: 36, U3: 36, Depth: 56
[2025-01-08 15:08:31] Computing Exact walk
[2025-01-08 15:08:32] Exact - CX: 98, U3: 160, Depth: 192
[2025-01-08 15:08:32] Successfully processed graph 31 - Category: win
[2025-01-08 15:08:32] 
Processing graph 32/200
[2025-01-08 15:08:32] Graph 32 has 16 nodes and 36 edges
[2025-01-08 15:08:32] Converted to 36 bitstring edges
[2025-01-08 15:08:32] Computing Matchings Dynamic walk
[2025-01-08 15:08:33] Matchings - CX: 69, U3: 60, Depth: 102
[2025-01-08 15:08:33] Computing Exact walk
[2025-01-08 15:08:33] Exact - CX: 100, U3: 165, Depth: 197
[2025-01-08 15:08:33] Successfully processed graph 32 - Category: win
[2025-01-08 15:08:33] 
Processing graph 33/200
[2025-01-08 15:08:33] Graph 33 has 16 nodes and 36 edges
[2025-01-08 15:08:33] Converted to 36 bitstring edges
[2025-01-08 15:08:33] Computing Matchings Dynamic walk
[2025-01-08 15:08:34] Matchings - CX: 65, U3: 61, Depth: 97
[2025-01-08 15:08:34] Computing Exact walk
[2025-01-08 15:08:35] Exact - CX: 96, U3: 157, Depth: 187
[2025-01-08 15:08:35] Successfully processed graph 33 - Category: win
[2025-01-08 15:08:35] 
Processing graph 34/200
[2025-01-08 15:08:35] Graph 34 has 16 nodes and 39 edges
[2025-01-08 15:08:35] Converted to 39 bitstring edges
[2025-01-08 15:08:35] Computing Matchings Dynamic walk
[2025-01-08 15:08:35] Matchings - CX: 83, U3: 69, Depth: 118
[2025-01-08 15:08:35] Computing Exact walk
[2025-01-08 15:08:36] Exact - CX: 100, U3: 161, Depth: 195
[2025-01-08 15:08:36] Successfully processed graph 34 - Category: win
[2025-01-08 15:08:36] 
Processing graph 35/200
[2025-01-08 15:08:36] Graph 35 has 16 nodes and 35 edges
[2025-01-08 15:08:36] Converted to 35 bitstring edges
[2025-01-08 15:08:36] Computing Matchings Dynamic walk
[2025-01-08 15:08:36] Matchings - CX: 75, U3: 65, Depth: 109
[2025-01-08 15:08:36] Computing Exact walk
[2025-01-08 15:08:37] Exact - CX: 100, U3: 165, Depth: 197
[2025-01-08 15:08:37] Successfully processed graph 35 - Category: win
[2025-01-08 15:08:37] 
Processing graph 36/200
[2025-01-08 15:08:37] Graph 36 has 16 nodes and 36 edges
[2025-01-08 15:08:37] Converted to 36 bitstring edges
[2025-01-08 15:08:37] Computing Matchings Dynamic walk
[2025-01-08 15:08:38] Matchings - CX: 56, U3: 48, Depth: 84
[2025-01-08 15:08:38] Computing Exact walk
[2025-01-08 15:08:39] Exact - CX: 100, U3: 165, Depth: 197
[2025-01-08 15:08:39] Successfully processed graph 36 - Category: win
[2025-01-08 15:08:39] 
Processing graph 37/200
[2025-01-08 15:08:39] Graph 37 has 16 nodes and 37 edges
[2025-01-08 15:08:39] Converted to 37 bitstring edges
[2025-01-08 15:08:39] Computing Matchings Dynamic walk
[2025-01-08 15:08:39] Matchings - CX: 74, U3: 71, Depth: 114
[2025-01-08 15:08:39] Computing Exact walk
[2025-01-08 15:08:40] Exact - CX: 100, U3: 165, Depth: 197
[2025-01-08 15:08:40] Successfully processed graph 37 - Category: win
[2025-01-08 15:08:40] 
Processing graph 38/200
[2025-01-08 15:08:40] Graph 38 has 16 nodes and 35 edges
[2025-01-08 15:08:40] Converted to 35 bitstring edges
[2025-01-08 15:08:40] Computing Matchings Dynamic walk
[2025-01-08 15:08:40] Matchings - CX: 40, U3: 38, Depth: 61
[2025-01-08 15:08:40] Computing Exact walk
[2025-01-08 15:08:41] Exact - CX: 98, U3: 162, Depth: 193
[2025-01-08 15:08:41] Successfully processed graph 38 - Category: win
[2025-01-08 15:08:41] 
Processing graph 39/200
[2025-01-08 15:08:41] Graph 39 has 16 nodes and 31 edges
[2025-01-08 15:08:41] Converted to 31 bitstring edges
[2025-01-08 15:08:41] Computing Matchings Dynamic walk
[2025-01-08 15:08:41] Matchings - CX: 47, U3: 48, Depth: 73
[2025-01-08 15:08:41] Computing Exact walk
[2025-01-08 15:08:42] Exact - CX: 100, U3: 165, Depth: 197
[2025-01-08 15:08:42] Successfully processed graph 39 - Category: win
[2025-01-08 15:08:42] 
Processing graph 40/200
[2025-01-08 15:08:42] Graph 40 has 16 nodes and 40 edges
[2025-01-08 15:08:42] Converted to 40 bitstring edges
[2025-01-08 15:08:42] Computing Matchings Dynamic walk
[2025-01-08 15:08:43] Matchings - CX: 43, U3: 47, Depth: 67
[2025-01-08 15:08:43] Computing Exact walk
[2025-01-08 15:08:44] Exact - CX: 100, U3: 160, Depth: 194
[2025-01-08 15:08:44] Successfully processed graph 40 - Category: win
[2025-01-08 15:08:44] 
Processing graph 41/200
[2025-01-08 15:08:44] Graph 41 has 16 nodes and 38 edges
[2025-01-08 15:08:44] Converted to 38 bitstring edges
[2025-01-08 15:08:44] Computing Matchings Dynamic walk
[2025-01-08 15:08:44] Matchings - CX: 51, U3: 49, Depth: 79
[2025-01-08 15:08:44] Computing Exact walk
[2025-01-08 15:08:45] Exact - CX: 98, U3: 158, Depth: 190
[2025-01-08 15:08:45] Successfully processed graph 41 - Category: win
[2025-01-08 15:08:45] 
Processing graph 42/200
[2025-01-08 15:08:45] Graph 42 has 16 nodes and 36 edges
[2025-01-08 15:08:45] Converted to 36 bitstring edges
[2025-01-08 15:08:45] Computing Matchings Dynamic walk
[2025-01-08 15:08:45] Matchings - CX: 69, U3: 65, Depth: 104
[2025-01-08 15:08:45] Computing Exact walk
[2025-01-08 15:08:46] Exact - CX: 100, U3: 165, Depth: 197
[2025-01-08 15:08:46] Successfully processed graph 42 - Category: win
[2025-01-08 15:08:46] 
Processing graph 43/200
[2025-01-08 15:08:46] Graph 43 has 16 nodes and 35 edges
[2025-01-08 15:08:46] Converted to 35 bitstring edges
[2025-01-08 15:08:46] Computing Matchings Dynamic walk
[2025-01-08 15:08:47] Matchings - CX: 48, U3: 42, Depth: 73
[2025-01-08 15:08:47] Computing Exact walk
[2025-01-08 15:08:47] Exact - CX: 100, U3: 160, Depth: 194
[2025-01-08 15:08:47] Successfully processed graph 43 - Category: win
[2025-01-08 15:08:47] 
Processing graph 44/200
[2025-01-08 15:08:47] Graph 44 has 16 nodes and 31 edges
[2025-01-08 15:08:47] Converted to 31 bitstring edges
[2025-01-08 15:08:47] Computing Matchings Dynamic walk
[2025-01-08 15:08:48] Matchings - CX: 33, U3: 36, Depth: 51
[2025-01-08 15:08:48] Computing Exact walk
[2025-01-08 15:08:49] Exact - CX: 100, U3: 165, Depth: 197
[2025-01-08 15:08:49] Successfully processed graph 44 - Category: win
[2025-01-08 15:08:49] 
Processing graph 45/200
[2025-01-08 15:08:49] Graph 45 has 16 nodes and 37 edges
[2025-01-08 15:08:49] Converted to 37 bitstring edges
[2025-01-08 15:08:49] Computing Matchings Dynamic walk
[2025-01-08 15:08:49] Matchings - CX: 60, U3: 60, Depth: 93
[2025-01-08 15:08:49] Computing Exact walk
[2025-01-08 15:08:50] Exact - CX: 100, U3: 165, Depth: 197
[2025-01-08 15:08:50] Successfully processed graph 45 - Category: win
[2025-01-08 15:08:50] 
Processing graph 46/200
[2025-01-08 15:08:50] Graph 46 has 16 nodes and 34 edges
[2025-01-08 15:08:50] Converted to 34 bitstring edges
[2025-01-08 15:08:50] Computing Matchings Dynamic walk
[2025-01-08 15:08:51] Matchings - CX: 67, U3: 61, Depth: 100
[2025-01-08 15:08:51] Computing Exact walk
[2025-01-08 15:08:51] Exact - CX: 100, U3: 160, Depth: 194
[2025-01-08 15:08:51] Successfully processed graph 46 - Category: win
[2025-01-08 15:08:51] 
Processing graph 47/200
[2025-01-08 15:08:51] Graph 47 has 16 nodes and 35 edges
[2025-01-08 15:08:51] Converted to 35 bitstring edges
[2025-01-08 15:08:51] Computing Matchings Dynamic walk
[2025-01-08 15:08:52] Matchings - CX: 65, U3: 57, Depth: 94
[2025-01-08 15:08:52] Computing Exact walk
[2025-01-08 15:08:53] Exact - CX: 100, U3: 165, Depth: 197
[2025-01-08 15:08:53] Successfully processed graph 47 - Category: win
[2025-01-08 15:08:53] 
Processing graph 48/200
[2025-01-08 15:08:53] Graph 48 has 16 nodes and 38 edges
[2025-01-08 15:08:53] Converted to 38 bitstring edges
[2025-01-08 15:08:53] Computing Matchings Dynamic walk
[2025-01-08 15:08:53] Matchings - CX: 38, U3: 36, Depth: 61
[2025-01-08 15:08:53] Computing Exact walk
[2025-01-08 15:08:54] Exact - CX: 100, U3: 165, Depth: 197
[2025-01-08 15:08:54] Successfully processed graph 48 - Category: win
[2025-01-08 15:08:54] 
Processing graph 49/200
[2025-01-08 15:08:54] Graph 49 has 16 nodes and 38 edges
[2025-01-08 15:08:54] Converted to 38 bitstring edges
[2025-01-08 15:08:54] Computing Matchings Dynamic walk
[2025-01-08 15:08:54] Matchings - CX: 36, U3: 43, Depth: 58
[2025-01-08 15:08:54] Computing Exact walk
[2025-01-08 15:08:55] Exact - CX: 98, U3: 160, Depth: 192
[2025-01-08 15:08:55] Successfully processed graph 49 - Category: win
[2025-01-08 15:08:55] 
Processing graph 50/200
[2025-01-08 15:08:55] Graph 50 has 16 nodes and 38 edges
[2025-01-08 15:08:55] Converted to 38 bitstring edges
[2025-01-08 15:08:55] Computing Matchings Dynamic walk
[2025-01-08 15:08:56] Matchings - CX: 54, U3: 54, Depth: 83
[2025-01-08 15:08:56] Computing Exact walk
[2025-01-08 15:08:57] Exact - CX: 100, U3: 165, Depth: 197
[2025-01-08 15:08:57] Successfully processed graph 50 - Category: win
[2025-01-08 15:08:57] 
Processing graph 51/200
[2025-01-08 15:08:57] Graph 51 has 16 nodes and 35 edges
[2025-01-08 15:08:57] Converted to 35 bitstring edges
[2025-01-08 15:08:57] Computing Matchings Dynamic walk
[2025-01-08 15:08:57] Matchings - CX: 54, U3: 52, Depth: 85
[2025-01-08 15:08:57] Computing Exact walk
[2025-01-08 15:08:58] Exact - CX: 100, U3: 165, Depth: 197
[2025-01-08 15:08:58] Successfully processed graph 51 - Category: win
[2025-01-08 15:08:58] 
Processing graph 52/200
[2025-01-08 15:08:58] Graph 52 has 16 nodes and 35 edges
[2025-01-08 15:08:58] Converted to 35 bitstring edges
[2025-01-08 15:08:58] Computing Matchings Dynamic walk
[2025-01-08 15:08:59] Matchings - CX: 45, U3: 50, Depth: 72
[2025-01-08 15:08:59] Computing Exact walk
[2025-01-08 15:08:59] Exact - CX: 100, U3: 164, Depth: 197
[2025-01-08 15:08:59] Successfully processed graph 52 - Category: win
[2025-01-08 15:08:59] 
Processing graph 53/200
[2025-01-08 15:08:59] Graph 53 has 16 nodes and 36 edges
[2025-01-08 15:08:59] Converted to 36 bitstring edges
[2025-01-08 15:08:59] Computing Matchings Dynamic walk
[2025-01-08 15:09:00] Matchings - CX: 48, U3: 42, Depth: 72
[2025-01-08 15:09:00] Computing Exact walk
[2025-01-08 15:09:01] Exact - CX: 100, U3: 165, Depth: 197
[2025-01-08 15:09:01] Successfully processed graph 53 - Category: win
[2025-01-08 15:09:01] 
Processing graph 54/200
[2025-01-08 15:09:01] Graph 54 has 16 nodes and 34 edges
[2025-01-08 15:09:01] Converted to 34 bitstring edges
[2025-01-08 15:09:01] Computing Matchings Dynamic walk
[2025-01-08 15:09:01] Matchings - CX: 84, U3: 76, Depth: 127
[2025-01-08 15:09:01] Computing Exact walk
[2025-01-08 15:09:02] Exact - CX: 100, U3: 165, Depth: 197
[2025-01-08 15:09:02] Successfully processed graph 54 - Category: win
[2025-01-08 15:09:02] 
Processing graph 55/200
[2025-01-08 15:09:02] Graph 55 has 16 nodes and 34 edges
[2025-01-08 15:09:02] Converted to 34 bitstring edges
[2025-01-08 15:09:02] Computing Matchings Dynamic walk
[2025-01-08 15:09:03] Matchings - CX: 63, U3: 64, Depth: 98
[2025-01-08 15:09:03] Computing Exact walk
[2025-01-08 15:09:04] Exact - CX: 100, U3: 165, Depth: 197
[2025-01-08 15:09:04] Successfully processed graph 55 - Category: win
[2025-01-08 15:09:04] 
Processing graph 56/200
[2025-01-08 15:09:04] Graph 56 has 16 nodes and 36 edges
[2025-01-08 15:09:04] Converted to 36 bitstring edges
[2025-01-08 15:09:04] Computing Matchings Dynamic walk
[2025-01-08 15:09:04] Matchings - CX: 70, U3: 60, Depth: 104
[2025-01-08 15:09:04] Computing Exact walk
[2025-01-08 15:09:05] Exact - CX: 100, U3: 164, Depth: 196
[2025-01-08 15:09:05] Successfully processed graph 56 - Category: win
[2025-01-08 15:09:05] 
Processing graph 57/200
[2025-01-08 15:09:05] Graph 57 has 16 nodes and 34 edges
[2025-01-08 15:09:05] Converted to 34 bitstring edges
[2025-01-08 15:09:05] Computing Matchings Dynamic walk
[2025-01-08 15:09:05] Matchings - CX: 66, U3: 60, Depth: 99
[2025-01-08 15:09:05] Computing Exact walk
[2025-01-08 15:09:06] Exact - CX: 100, U3: 165, Depth: 197
[2025-01-08 15:09:06] Successfully processed graph 57 - Category: win
[2025-01-08 15:09:06] 
Processing graph 58/200
[2025-01-08 15:09:06] Graph 58 has 16 nodes and 35 edges
[2025-01-08 15:09:06] Converted to 35 bitstring edges
[2025-01-08 15:09:06] Computing Matchings Dynamic walk
[2025-01-08 15:09:07] Matchings - CX: 62, U3: 54, Depth: 93
[2025-01-08 15:09:07] Computing Exact walk
[2025-01-08 15:09:08] Exact - CX: 100, U3: 165, Depth: 197
[2025-01-08 15:09:08] Successfully processed graph 58 - Category: win
[2025-01-08 15:09:08] 
Processing graph 59/200
[2025-01-08 15:09:08] Graph 59 has 16 nodes and 37 edges
[2025-01-08 15:09:08] Converted to 37 bitstring edges
[2025-01-08 15:09:08] Computing Matchings Dynamic walk
[2025-01-08 15:09:08] Matchings - CX: 67, U3: 66, Depth: 98
[2025-01-08 15:09:08] Computing Exact walk
[2025-01-08 15:09:09] Exact - CX: 100, U3: 165, Depth: 197
[2025-01-08 15:09:09] Successfully processed graph 59 - Category: win
[2025-01-08 15:09:09] 
Processing graph 60/200
[2025-01-08 15:09:09] Graph 60 has 16 nodes and 35 edges
[2025-01-08 15:09:09] Converted to 35 bitstring edges
[2025-01-08 15:09:09] Computing Matchings Dynamic walk
[2025-01-08 15:09:10] Matchings - CX: 45, U3: 46, Depth: 70
[2025-01-08 15:09:10] Computing Exact walk
[2025-01-08 15:09:11] Exact - CX: 100, U3: 165, Depth: 197
[2025-01-08 15:09:11] Successfully processed graph 60 - Category: win
[2025-01-08 15:09:11] 
Processing graph 61/200
[2025-01-08 15:09:11] Graph 61 has 16 nodes and 35 edges
[2025-01-08 15:09:11] Converted to 35 bitstring edges
[2025-01-08 15:09:11] Computing Matchings Dynamic walk
[2025-01-08 15:09:11] Matchings - CX: 36, U3: 39, Depth: 57
[2025-01-08 15:09:11] Computing Exact walk
[2025-01-08 15:09:12] Exact - CX: 98, U3: 161, Depth: 192
[2025-01-08 15:09:12] Successfully processed graph 61 - Category: win
[2025-01-08 15:09:12] 
Processing graph 62/200
[2025-01-08 15:09:12] Graph 62 has 16 nodes and 33 edges
[2025-01-08 15:09:12] Converted to 33 bitstring edges
[2025-01-08 15:09:12] Computing Matchings Dynamic walk
[2025-01-08 15:09:13] Matchings - CX: 48, U3: 53, Depth: 77
[2025-01-08 15:09:13] Computing Exact walk
[2025-01-08 15:09:13] Exact - CX: 100, U3: 165, Depth: 197
[2025-01-08 15:09:13] Successfully processed graph 62 - Category: win
[2025-01-08 15:09:13] 
Processing graph 63/200
[2025-01-08 15:09:13] Graph 63 has 16 nodes and 33 edges
[2025-01-08 15:09:13] Converted to 33 bitstring edges
[2025-01-08 15:09:13] Computing Matchings Dynamic walk
[2025-01-08 15:09:14] Matchings - CX: 48, U3: 44, Depth: 72
[2025-01-08 15:09:14] Computing Exact walk
[2025-01-08 15:09:15] Exact - CX: 100, U3: 165, Depth: 197
[2025-01-08 15:09:15] Successfully processed graph 63 - Category: win
[2025-01-08 15:09:15] 
Processing graph 64/200
[2025-01-08 15:09:15] Graph 64 has 16 nodes and 36 edges
[2025-01-08 15:09:15] Converted to 36 bitstring edges
[2025-01-08 15:09:15] Computing Matchings Dynamic walk
[2025-01-08 15:09:15] Matchings - CX: 49, U3: 50, Depth: 76
[2025-01-08 15:09:15] Computing Exact walk
[2025-01-08 15:09:16] Exact - CX: 100, U3: 165, Depth: 197
[2025-01-08 15:09:16] Successfully processed graph 64 - Category: win
[2025-01-08 15:09:16] 
Processing graph 65/200
[2025-01-08 15:09:16] Graph 65 has 16 nodes and 36 edges
[2025-01-08 15:09:16] Converted to 36 bitstring edges
[2025-01-08 15:09:16] Computing Matchings Dynamic walk
[2025-01-08 15:09:17] Matchings - CX: 77, U3: 76, Depth: 117
[2025-01-08 15:09:17] Computing Exact walk
[2025-01-08 15:09:18] Exact - CX: 100, U3: 165, Depth: 197
[2025-01-08 15:09:18] Successfully processed graph 65 - Category: win
[2025-01-08 15:09:18] 
Processing graph 66/200
[2025-01-08 15:09:18] Graph 66 has 16 nodes and 35 edges
[2025-01-08 15:09:18] Converted to 35 bitstring edges
[2025-01-08 15:09:18] Computing Matchings Dynamic walk
[2025-01-08 15:09:19] Matchings - CX: 75, U3: 67, Depth: 110
[2025-01-08 15:09:19] Computing Exact walk
[2025-01-08 15:09:20] Exact - CX: 100, U3: 165, Depth: 197
[2025-01-08 15:09:20] Successfully processed graph 66 - Category: win
[2025-01-08 15:09:20] 
Processing graph 67/200
[2025-01-08 15:09:20] Graph 67 has 16 nodes and 32 edges
[2025-01-08 15:09:20] Converted to 32 bitstring edges
[2025-01-08 15:09:20] Computing Matchings Dynamic walk
[2025-01-08 15:09:20] Matchings - CX: 63, U3: 59, Depth: 93
[2025-01-08 15:09:20] Computing Exact walk
[2025-01-08 15:09:21] Exact - CX: 100, U3: 165, Depth: 197
[2025-01-08 15:09:21] Successfully processed graph 67 - Category: win
[2025-01-08 15:09:21] 
Processing graph 68/200
[2025-01-08 15:09:21] Graph 68 has 16 nodes and 33 edges
[2025-01-08 15:09:21] Converted to 33 bitstring edges
[2025-01-08 15:09:21] Computing Matchings Dynamic walk
[2025-01-08 15:09:22] Matchings - CX: 57, U3: 53, Depth: 84
[2025-01-08 15:09:22] Computing Exact walk
[2025-01-08 15:09:23] Exact - CX: 100, U3: 165, Depth: 197
[2025-01-08 15:09:23] Successfully processed graph 68 - Category: win
[2025-01-08 15:09:23] 
Processing graph 69/200
[2025-01-08 15:09:23] Graph 69 has 16 nodes and 36 edges
[2025-01-08 15:09:23] Converted to 36 bitstring edges
[2025-01-08 15:09:23] Computing Matchings Dynamic walk
[2025-01-08 15:09:23] Matchings - CX: 73, U3: 63, Depth: 111
[2025-01-08 15:09:23] Computing Exact walk
[2025-01-08 15:09:24] Exact - CX: 100, U3: 165, Depth: 197
[2025-01-08 15:09:24] Successfully processed graph 69 - Category: win
[2025-01-08 15:09:24] 
Processing graph 70/200
[2025-01-08 15:09:24] Graph 70 has 16 nodes and 36 edges
[2025-01-08 15:09:24] Converted to 36 bitstring edges
[2025-01-08 15:09:24] Computing Matchings Dynamic walk
[2025-01-08 15:09:25] Matchings - CX: 73, U3: 59, Depth: 106
[2025-01-08 15:09:25] Computing Exact walk
[2025-01-08 15:09:26] Exact - CX: 100, U3: 165, Depth: 197
[2025-01-08 15:09:26] Successfully processed graph 70 - Category: win
[2025-01-08 15:09:26] 
Processing graph 71/200
[2025-01-08 15:09:26] Graph 71 has 16 nodes and 34 edges
[2025-01-08 15:09:26] Converted to 34 bitstring edges
[2025-01-08 15:09:26] Computing Matchings Dynamic walk
[2025-01-08 15:09:26] Matchings - CX: 62, U3: 52, Depth: 92
[2025-01-08 15:09:26] Computing Exact walk
[2025-01-08 15:09:27] Exact - CX: 100, U3: 165, Depth: 197
[2025-01-08 15:09:27] Successfully processed graph 71 - Category: win
[2025-01-08 15:09:27] 
Processing graph 72/200
[2025-01-08 15:09:27] Graph 72 has 16 nodes and 37 edges
[2025-01-08 15:09:27] Converted to 37 bitstring edges
[2025-01-08 15:09:27] Computing Matchings Dynamic walk
[2025-01-08 15:09:28] Matchings - CX: 78, U3: 67, Depth: 114
[2025-01-08 15:09:28] Computing Exact walk
[2025-01-08 15:09:28] Exact - CX: 100, U3: 165, Depth: 197
[2025-01-08 15:09:28] Successfully processed graph 72 - Category: win
[2025-01-08 15:09:28] 
Processing graph 73/200
[2025-01-08 15:09:28] Graph 73 has 16 nodes and 34 edges
[2025-01-08 15:09:28] Converted to 34 bitstring edges
[2025-01-08 15:09:28] Computing Matchings Dynamic walk
[2025-01-08 15:09:29] Matchings - CX: 64, U3: 60, Depth: 96
[2025-01-08 15:09:29] Computing Exact walk
[2025-01-08 15:09:30] Exact - CX: 97, U3: 159, Depth: 190
[2025-01-08 15:09:30] Successfully processed graph 73 - Category: win
[2025-01-08 15:09:30] 
Processing graph 74/200
[2025-01-08 15:09:30] Graph 74 has 16 nodes and 34 edges
[2025-01-08 15:09:30] Converted to 34 bitstring edges
[2025-01-08 15:09:30] Computing Matchings Dynamic walk
[2025-01-08 15:09:30] Matchings - CX: 81, U3: 69, Depth: 112
[2025-01-08 15:09:30] Computing Exact walk
[2025-01-08 15:09:31] Exact - CX: 100, U3: 160, Depth: 195
[2025-01-08 15:09:31] Successfully processed graph 74 - Category: win
[2025-01-08 15:09:31] 
Processing graph 75/200
[2025-01-08 15:09:31] Graph 75 has 16 nodes and 39 edges
[2025-01-08 15:09:31] Converted to 39 bitstring edges
[2025-01-08 15:09:31] Computing Matchings Dynamic walk
[2025-01-08 15:09:32] Matchings - CX: 53, U3: 52, Depth: 82
[2025-01-08 15:09:32] Computing Exact walk
[2025-01-08 15:09:33] Exact - CX: 100, U3: 165, Depth: 197
[2025-01-08 15:09:33] Successfully processed graph 75 - Category: win
[2025-01-08 15:09:33] 
Processing graph 76/200
[2025-01-08 15:09:33] Graph 76 has 16 nodes and 37 edges
[2025-01-08 15:09:33] Converted to 37 bitstring edges
[2025-01-08 15:09:33] Computing Matchings Dynamic walk
[2025-01-08 15:09:33] Matchings - CX: 73, U3: 68, Depth: 110
[2025-01-08 15:09:33] Computing Exact walk
[2025-01-08 15:09:34] Exact - CX: 100, U3: 165, Depth: 197
[2025-01-08 15:09:34] Successfully processed graph 76 - Category: win
[2025-01-08 15:09:34] 
Processing graph 77/200
[2025-01-08 15:09:34] Graph 77 has 16 nodes and 36 edges
[2025-01-08 15:09:34] Converted to 36 bitstring edges
[2025-01-08 15:09:34] Computing Matchings Dynamic walk
[2025-01-08 15:09:35] Matchings - CX: 47, U3: 45, Depth: 72
[2025-01-08 15:09:35] Computing Exact walk
[2025-01-08 15:09:36] Exact - CX: 100, U3: 163, Depth: 196
[2025-01-08 15:09:36] Successfully processed graph 77 - Category: win
[2025-01-08 15:09:36] 
Processing graph 78/200
[2025-01-08 15:09:36] Graph 78 has 16 nodes and 37 edges
[2025-01-08 15:09:36] Converted to 37 bitstring edges
[2025-01-08 15:09:36] Computing Matchings Dynamic walk
[2025-01-08 15:09:36] Matchings - CX: 38, U3: 40, Depth: 59
[2025-01-08 15:09:36] Computing Exact walk
[2025-01-08 15:09:37] Exact - CX: 100, U3: 165, Depth: 197
[2025-01-08 15:09:37] Successfully processed graph 78 - Category: win
[2025-01-08 15:09:37] 
Processing graph 79/200
[2025-01-08 15:09:37] Graph 79 has 16 nodes and 34 edges
[2025-01-08 15:09:37] Converted to 34 bitstring edges
[2025-01-08 15:09:37] Computing Matchings Dynamic walk
[2025-01-08 15:09:37] Matchings - CX: 54, U3: 53, Depth: 83
[2025-01-08 15:09:37] Computing Exact walk
[2025-01-08 15:09:38] Exact - CX: 98, U3: 162, Depth: 192
[2025-01-08 15:09:38] Successfully processed graph 79 - Category: win
[2025-01-08 15:09:38] 
Processing graph 80/200
[2025-01-08 15:09:38] Graph 80 has 16 nodes and 33 edges
[2025-01-08 15:09:38] Converted to 33 bitstring edges
[2025-01-08 15:09:38] Computing Matchings Dynamic walk
[2025-01-08 15:09:39] Matchings - CX: 79, U3: 78, Depth: 116
[2025-01-08 15:09:39] Computing Exact walk
[2025-01-08 15:09:39] Exact - CX: 100, U3: 165, Depth: 197
[2025-01-08 15:09:39] Successfully processed graph 80 - Category: win
[2025-01-08 15:09:39] 
Processing graph 81/200
[2025-01-08 15:09:39] Graph 81 has 16 nodes and 34 edges
[2025-01-08 15:09:39] Converted to 34 bitstring edges
[2025-01-08 15:09:39] Computing Matchings Dynamic walk
[2025-01-08 15:09:40] Matchings - CX: 68, U3: 66, Depth: 104
[2025-01-08 15:09:40] Computing Exact walk
[2025-01-08 15:09:41] Exact - CX: 98, U3: 160, Depth: 191
[2025-01-08 15:09:41] Successfully processed graph 81 - Category: win
[2025-01-08 15:09:41] 
Processing graph 82/200
[2025-01-08 15:09:41] Graph 82 has 16 nodes and 35 edges
[2025-01-08 15:09:41] Converted to 35 bitstring edges
[2025-01-08 15:09:41] Computing Matchings Dynamic walk
[2025-01-08 15:09:41] Matchings - CX: 42, U3: 39, Depth: 62
[2025-01-08 15:09:41] Computing Exact walk
[2025-01-08 15:09:42] Exact - CX: 100, U3: 165, Depth: 197
[2025-01-08 15:09:42] Successfully processed graph 82 - Category: win
[2025-01-08 15:09:42] 
Processing graph 83/200
[2025-01-08 15:09:42] Graph 83 has 16 nodes and 34 edges
[2025-01-08 15:09:42] Converted to 34 bitstring edges
[2025-01-08 15:09:42] Computing Matchings Dynamic walk
[2025-01-08 15:09:43] Matchings - CX: 65, U3: 65, Depth: 101
[2025-01-08 15:09:43] Computing Exact walk
[2025-01-08 15:09:44] Exact - CX: 100, U3: 165, Depth: 197
[2025-01-08 15:09:44] Successfully processed graph 83 - Category: win
[2025-01-08 15:09:44] 
Processing graph 84/200
[2025-01-08 15:09:44] Graph 84 has 16 nodes and 37 edges
[2025-01-08 15:09:44] Converted to 37 bitstring edges
[2025-01-08 15:09:44] Computing Matchings Dynamic walk
[2025-01-08 15:09:44] Matchings - CX: 88, U3: 81, Depth: 131
[2025-01-08 15:09:44] Computing Exact walk
[2025-01-08 15:09:45] Exact - CX: 100, U3: 165, Depth: 197
[2025-01-08 15:09:45] Successfully processed graph 84 - Category: win
[2025-01-08 15:09:45] 
Processing graph 85/200
[2025-01-08 15:09:45] Graph 85 has 16 nodes and 33 edges
[2025-01-08 15:09:45] Converted to 33 bitstring edges
[2025-01-08 15:09:45] Computing Matchings Dynamic walk
[2025-01-08 15:09:46] Matchings - CX: 46, U3: 51, Depth: 73
[2025-01-08 15:09:46] Computing Exact walk
[2025-01-08 15:09:47] Exact - CX: 100, U3: 165, Depth: 197
[2025-01-08 15:09:47] Successfully processed graph 85 - Category: win
[2025-01-08 15:09:47] 
Processing graph 86/200
[2025-01-08 15:09:47] Graph 86 has 16 nodes and 34 edges
[2025-01-08 15:09:47] Converted to 34 bitstring edges
[2025-01-08 15:09:47] Computing Matchings Dynamic walk
[2025-01-08 15:09:47] Matchings - CX: 48, U3: 50, Depth: 74
[2025-01-08 15:09:47] Computing Exact walk
[2025-01-08 15:09:48] Exact - CX: 99, U3: 161, Depth: 194
[2025-01-08 15:09:48] Successfully processed graph 86 - Category: win
[2025-01-08 15:09:48] 
Processing graph 87/200
[2025-01-08 15:09:48] Graph 87 has 16 nodes and 32 edges
[2025-01-08 15:09:48] Converted to 32 bitstring edges
[2025-01-08 15:09:48] Computing Matchings Dynamic walk
[2025-01-08 15:09:49] Matchings - CX: 41, U3: 48, Depth: 66
[2025-01-08 15:09:49] Computing Exact walk
[2025-01-08 15:09:50] Exact - CX: 100, U3: 162, Depth: 196
[2025-01-08 15:09:50] Successfully processed graph 87 - Category: win
[2025-01-08 15:09:50] 
Processing graph 88/200
[2025-01-08 15:09:50] Graph 88 has 16 nodes and 37 edges
[2025-01-08 15:09:50] Converted to 37 bitstring edges
[2025-01-08 15:09:50] Computing Matchings Dynamic walk
[2025-01-08 15:09:51] Matchings - CX: 64, U3: 52, Depth: 91
[2025-01-08 15:09:51] Computing Exact walk
[2025-01-08 15:09:52] Exact - CX: 100, U3: 165, Depth: 197
[2025-01-08 15:09:52] Successfully processed graph 88 - Category: win
[2025-01-08 15:09:52] 
Processing graph 89/200
[2025-01-08 15:09:52] Graph 89 has 16 nodes and 37 edges
[2025-01-08 15:09:52] Converted to 37 bitstring edges
[2025-01-08 15:09:52] Computing Matchings Dynamic walk
[2025-01-08 15:09:52] Matchings - CX: 58, U3: 65, Depth: 92
[2025-01-08 15:09:52] Computing Exact walk
[2025-01-08 15:09:53] Exact - CX: 100, U3: 165, Depth: 197
[2025-01-08 15:09:53] Successfully processed graph 89 - Category: win
[2025-01-08 15:09:53] 
Processing graph 90/200
[2025-01-08 15:09:53] Graph 90 has 16 nodes and 37 edges
[2025-01-08 15:09:53] Converted to 37 bitstring edges
[2025-01-08 15:09:53] Computing Matchings Dynamic walk
[2025-01-08 15:09:54] Matchings - CX: 63, U3: 59, Depth: 95
[2025-01-08 15:09:54] Computing Exact walk
[2025-01-08 15:09:55] Exact - CX: 98, U3: 162, Depth: 193
[2025-01-08 15:09:55] Successfully processed graph 90 - Category: win
[2025-01-08 15:09:55] 
Processing graph 91/200
[2025-01-08 15:09:55] Graph 91 has 16 nodes and 36 edges
[2025-01-08 15:09:55] Converted to 36 bitstring edges
[2025-01-08 15:09:55] Computing Matchings Dynamic walk
[2025-01-08 15:09:55] Matchings - CX: 57, U3: 54, Depth: 84
[2025-01-08 15:09:55] Computing Exact walk
[2025-01-08 15:09:56] Exact - CX: 100, U3: 165, Depth: 197
[2025-01-08 15:09:56] Successfully processed graph 91 - Category: win
[2025-01-08 15:09:56] 
Processing graph 92/200
[2025-01-08 15:09:56] Graph 92 has 16 nodes and 34 edges
[2025-01-08 15:09:56] Converted to 34 bitstring edges
[2025-01-08 15:09:56] Computing Matchings Dynamic walk
[2025-01-08 15:09:57] Matchings - CX: 68, U3: 61, Depth: 100
[2025-01-08 15:09:57] Computing Exact walk
[2025-01-08 15:09:57] Exact - CX: 100, U3: 165, Depth: 197
[2025-01-08 15:09:57] Successfully processed graph 92 - Category: win
[2025-01-08 15:09:57] 
Processing graph 93/200
[2025-01-08 15:09:57] Graph 93 has 16 nodes and 36 edges
[2025-01-08 15:09:57] Converted to 36 bitstring edges
[2025-01-08 15:09:57] Computing Matchings Dynamic walk
[2025-01-08 15:09:58] Matchings - CX: 62, U3: 59, Depth: 94
[2025-01-08 15:09:58] Computing Exact walk
[2025-01-08 15:09:59] Exact - CX: 100, U3: 165, Depth: 197
[2025-01-08 15:09:59] Successfully processed graph 93 - Category: win
[2025-01-08 15:09:59] 
Processing graph 94/200
[2025-01-08 15:09:59] Graph 94 has 16 nodes and 36 edges
[2025-01-08 15:09:59] Converted to 36 bitstring edges
[2025-01-08 15:09:59] Computing Matchings Dynamic walk
[2025-01-08 15:09:59] Matchings - CX: 48, U3: 47, Depth: 73
[2025-01-08 15:09:59] Computing Exact walk
[2025-01-08 15:10:00] Exact - CX: 97, U3: 158, Depth: 189
[2025-01-08 15:10:00] Successfully processed graph 94 - Category: win
[2025-01-08 15:10:00] 
Processing graph 95/200
[2025-01-08 15:10:00] Graph 95 has 16 nodes and 33 edges
[2025-01-08 15:10:00] Converted to 33 bitstring edges
[2025-01-08 15:10:00] Computing Matchings Dynamic walk
[2025-01-08 15:10:01] Matchings - CX: 47, U3: 43, Depth: 70
[2025-01-08 15:10:01] Computing Exact walk
[2025-01-08 15:10:01] Exact - CX: 98, U3: 163, Depth: 193
[2025-01-08 15:10:01] Successfully processed graph 95 - Category: win
[2025-01-08 15:10:01] 
Processing graph 96/200
[2025-01-08 15:10:01] Graph 96 has 16 nodes and 35 edges
[2025-01-08 15:10:01] Converted to 35 bitstring edges
[2025-01-08 15:10:01] Computing Matchings Dynamic walk
[2025-01-08 15:10:02] Matchings - CX: 39, U3: 38, Depth: 60
[2025-01-08 15:10:02] Computing Exact walk
[2025-01-08 15:10:03] Exact - CX: 100, U3: 165, Depth: 197
[2025-01-08 15:10:03] Successfully processed graph 96 - Category: win
[2025-01-08 15:10:03] 
Processing graph 97/200
[2025-01-08 15:10:03] Graph 97 has 16 nodes and 37 edges
[2025-01-08 15:10:03] Converted to 37 bitstring edges
[2025-01-08 15:10:03] Computing Matchings Dynamic walk
[2025-01-08 15:10:03] Matchings - CX: 37, U3: 41, Depth: 58
[2025-01-08 15:10:03] Computing Exact walk
[2025-01-08 15:10:04] Exact - CX: 100, U3: 165, Depth: 197
[2025-01-08 15:10:04] Successfully processed graph 97 - Category: win
[2025-01-08 15:10:04] 
Processing graph 98/200
[2025-01-08 15:10:04] Graph 98 has 16 nodes and 38 edges
[2025-01-08 15:10:04] Converted to 38 bitstring edges
[2025-01-08 15:10:04] Computing Matchings Dynamic walk
[2025-01-08 15:10:05] Matchings - CX: 68, U3: 60, Depth: 101
[2025-01-08 15:10:05] Computing Exact walk
[2025-01-08 15:10:06] Exact - CX: 100, U3: 165, Depth: 197
[2025-01-08 15:10:06] Successfully processed graph 98 - Category: win
[2025-01-08 15:10:06] 
Processing graph 99/200
[2025-01-08 15:10:06] Graph 99 has 16 nodes and 36 edges
[2025-01-08 15:10:06] Converted to 36 bitstring edges
[2025-01-08 15:10:06] Computing Matchings Dynamic walk
[2025-01-08 15:10:06] Matchings - CX: 52, U3: 52, Depth: 80
[2025-01-08 15:10:06] Computing Exact walk
[2025-01-08 15:10:07] Exact - CX: 100, U3: 160, Depth: 194
[2025-01-08 15:10:07] Successfully processed graph 99 - Category: win
[2025-01-08 15:10:07] 
Processing graph 100/200
[2025-01-08 15:10:07] Graph 100 has 16 nodes and 37 edges
[2025-01-08 15:10:07] Converted to 37 bitstring edges
[2025-01-08 15:10:07] Computing Matchings Dynamic walk
[2025-01-08 15:10:08] Matchings - CX: 51, U3: 52, Depth: 77
[2025-01-08 15:10:08] Computing Exact walk
[2025-01-08 15:10:09] Exact - CX: 100, U3: 165, Depth: 197
[2025-01-08 15:10:09] Successfully processed graph 100 - Category: win
[2025-01-08 15:10:09] 
Processing graph 101/200
[2025-01-08 15:10:09] Graph 101 has 16 nodes and 35 edges
[2025-01-08 15:10:09] Converted to 35 bitstring edges
[2025-01-08 15:10:09] Computing Matchings Dynamic walk
[2025-01-08 15:10:09] Matchings - CX: 64, U3: 65, Depth: 99
[2025-01-08 15:10:09] Computing Exact walk
[2025-01-08 15:10:10] Exact - CX: 100, U3: 163, Depth: 195
[2025-01-08 15:10:10] Successfully processed graph 101 - Category: win
[2025-01-08 15:10:10] 
Processing graph 102/200
[2025-01-08 15:10:10] Graph 102 has 16 nodes and 31 edges
[2025-01-08 15:10:10] Converted to 31 bitstring edges
[2025-01-08 15:10:10] Computing Matchings Dynamic walk
[2025-01-08 15:10:11] Matchings - CX: 52, U3: 51, Depth: 76
[2025-01-08 15:10:11] Computing Exact walk
[2025-01-08 15:10:12] Exact - CX: 100, U3: 165, Depth: 197
[2025-01-08 15:10:12] Successfully processed graph 102 - Category: win
[2025-01-08 15:10:12] 
Processing graph 103/200
[2025-01-08 15:10:12] Graph 103 has 16 nodes and 37 edges
[2025-01-08 15:10:12] Converted to 37 bitstring edges
[2025-01-08 15:10:12] Computing Matchings Dynamic walk
[2025-01-08 15:10:12] Matchings - CX: 70, U3: 71, Depth: 104
[2025-01-08 15:10:12] Computing Exact walk
[2025-01-08 15:10:13] Exact - CX: 100, U3: 161, Depth: 195
[2025-01-08 15:10:13] Successfully processed graph 103 - Category: win
[2025-01-08 15:10:13] 
Processing graph 104/200
[2025-01-08 15:10:13] Graph 104 has 16 nodes and 34 edges
[2025-01-08 15:10:13] Converted to 34 bitstring edges
[2025-01-08 15:10:13] Computing Matchings Dynamic walk
[2025-01-08 15:10:14] Matchings - CX: 36, U3: 37, Depth: 55
[2025-01-08 15:10:14] Computing Exact walk
[2025-01-08 15:10:15] Exact - CX: 100, U3: 165, Depth: 197
[2025-01-08 15:10:15] Successfully processed graph 104 - Category: win
[2025-01-08 15:10:15] 
Processing graph 105/200
[2025-01-08 15:10:15] Graph 105 has 16 nodes and 35 edges
[2025-01-08 15:10:15] Converted to 35 bitstring edges
[2025-01-08 15:10:15] Computing Matchings Dynamic walk
[2025-01-08 15:10:15] Matchings - CX: 46, U3: 51, Depth: 75
[2025-01-08 15:10:15] Computing Exact walk
[2025-01-08 15:10:16] Exact - CX: 100, U3: 165, Depth: 197
[2025-01-08 15:10:16] Successfully processed graph 105 - Category: win
[2025-01-08 15:10:16] 
Processing graph 106/200
[2025-01-08 15:10:16] Graph 106 has 16 nodes and 36 edges
[2025-01-08 15:10:16] Converted to 36 bitstring edges
[2025-01-08 15:10:16] Computing Matchings Dynamic walk
[2025-01-08 15:10:16] Matchings - CX: 30, U3: 31, Depth: 46
[2025-01-08 15:10:16] Computing Exact walk
[2025-01-08 15:10:17] Exact - CX: 100, U3: 165, Depth: 197
[2025-01-08 15:10:17] Successfully processed graph 106 - Category: win
[2025-01-08 15:10:17] 
Processing graph 107/200
[2025-01-08 15:10:17] Graph 107 has 16 nodes and 33 edges
[2025-01-08 15:10:17] Converted to 33 bitstring edges
[2025-01-08 15:10:17] Computing Matchings Dynamic walk
[2025-01-08 15:10:18] Matchings - CX: 44, U3: 46, Depth: 66
[2025-01-08 15:10:18] Computing Exact walk
[2025-01-08 15:10:18] Exact - CX: 100, U3: 165, Depth: 197
[2025-01-08 15:10:18] Successfully processed graph 107 - Category: win
[2025-01-08 15:10:18] 
Processing graph 108/200
[2025-01-08 15:10:18] Graph 108 has 16 nodes and 37 edges
[2025-01-08 15:10:18] Converted to 37 bitstring edges
[2025-01-08 15:10:18] Computing Matchings Dynamic walk
[2025-01-08 15:10:19] Matchings - CX: 45, U3: 50, Depth: 71
[2025-01-08 15:10:19] Computing Exact walk
[2025-01-08 15:10:21] Exact - CX: 100, U3: 165, Depth: 197
[2025-01-08 15:10:21] Successfully processed graph 108 - Category: win
[2025-01-08 15:10:21] 
Processing graph 109/200
[2025-01-08 15:10:21] Graph 109 has 16 nodes and 38 edges
[2025-01-08 15:10:21] Converted to 38 bitstring edges
[2025-01-08 15:10:21] Computing Matchings Dynamic walk
[2025-01-08 15:10:22] Matchings - CX: 67, U3: 73, Depth: 106
[2025-01-08 15:10:22] Computing Exact walk
[2025-01-08 15:10:23] Exact - CX: 100, U3: 165, Depth: 197
[2025-01-08 15:10:23] Successfully processed graph 109 - Category: win
[2025-01-08 15:10:23] 
Processing graph 110/200
[2025-01-08 15:10:23] Graph 110 has 16 nodes and 36 edges
[2025-01-08 15:10:23] Converted to 36 bitstring edges
[2025-01-08 15:10:23] Computing Matchings Dynamic walk
[2025-01-08 15:10:24] Matchings - CX: 35, U3: 36, Depth: 55
[2025-01-08 15:10:24] Computing Exact walk
[2025-01-08 15:10:25] Exact - CX: 100, U3: 165, Depth: 197
[2025-01-08 15:10:25] Successfully processed graph 110 - Category: win
[2025-01-08 15:10:25] 
Processing graph 111/200
[2025-01-08 15:10:25] Graph 111 has 16 nodes and 34 edges
[2025-01-08 15:10:25] Converted to 34 bitstring edges
[2025-01-08 15:10:25] Computing Matchings Dynamic walk
[2025-01-08 15:10:26] Matchings - CX: 61, U3: 58, Depth: 92
[2025-01-08 15:10:26] Computing Exact walk
[2025-01-08 15:10:28] Exact - CX: 100, U3: 165, Depth: 197
[2025-01-08 15:10:28] Successfully processed graph 111 - Category: win
[2025-01-08 15:10:28] 
Processing graph 112/200
[2025-01-08 15:10:28] Graph 112 has 16 nodes and 35 edges
[2025-01-08 15:10:28] Converted to 35 bitstring edges
[2025-01-08 15:10:28] Computing Matchings Dynamic walk
[2025-01-08 15:10:28] Matchings - CX: 42, U3: 47, Depth: 67
[2025-01-08 15:10:28] Computing Exact walk
[2025-01-08 15:10:30] Exact - CX: 100, U3: 165, Depth: 197
[2025-01-08 15:10:30] Successfully processed graph 112 - Category: win
[2025-01-08 15:10:30] 
Processing graph 113/200
[2025-01-08 15:10:30] Graph 113 has 16 nodes and 36 edges
[2025-01-08 15:10:30] Converted to 36 bitstring edges
[2025-01-08 15:10:30] Computing Matchings Dynamic walk
[2025-01-08 15:10:31] Matchings - CX: 70, U3: 62, Depth: 105
[2025-01-08 15:10:31] Computing Exact walk
[2025-01-08 15:10:33] Exact - CX: 100, U3: 163, Depth: 196
[2025-01-08 15:10:33] Successfully processed graph 113 - Category: win
[2025-01-08 15:10:33] 
Processing graph 114/200
[2025-01-08 15:10:33] Graph 114 has 16 nodes and 35 edges
[2025-01-08 15:10:33] Converted to 35 bitstring edges
[2025-01-08 15:10:33] Computing Matchings Dynamic walk
[2025-01-08 15:10:34] Matchings - CX: 80, U3: 77, Depth: 121
[2025-01-08 15:10:34] Computing Exact walk
[2025-01-08 15:10:36] Exact - CX: 100, U3: 165, Depth: 197
[2025-01-08 15:10:36] Successfully processed graph 114 - Category: win
[2025-01-08 15:10:36] 
Processing graph 115/200
[2025-01-08 15:10:36] Graph 115 has 16 nodes and 38 edges
[2025-01-08 15:10:36] Converted to 38 bitstring edges
[2025-01-08 15:10:36] Computing Matchings Dynamic walk
[2025-01-08 15:10:37] Matchings - CX: 68, U3: 74, Depth: 109
[2025-01-08 15:10:37] Computing Exact walk
[2025-01-08 15:10:39] Exact - CX: 100, U3: 165, Depth: 197
[2025-01-08 15:10:39] Successfully processed graph 115 - Category: win
[2025-01-08 15:10:39] 
Processing graph 116/200
[2025-01-08 15:10:39] Graph 116 has 16 nodes and 34 edges
[2025-01-08 15:10:39] Converted to 34 bitstring edges
[2025-01-08 15:10:39] Computing Matchings Dynamic walk
[2025-01-08 15:10:41] Matchings - CX: 53, U3: 45, Depth: 74
[2025-01-08 15:10:41] Computing Exact walk
[2025-01-08 15:10:42] Exact - CX: 100, U3: 165, Depth: 197
[2025-01-08 15:10:42] Successfully processed graph 116 - Category: win
[2025-01-08 15:10:42] 
Processing graph 117/200
[2025-01-08 15:10:42] Graph 117 has 16 nodes and 35 edges
[2025-01-08 15:10:42] Converted to 35 bitstring edges
[2025-01-08 15:10:42] Computing Matchings Dynamic walk
[2025-01-08 15:10:44] Matchings - CX: 48, U3: 42, Depth: 74
[2025-01-08 15:10:44] Computing Exact walk
[2025-01-08 15:10:45] Exact - CX: 100, U3: 165, Depth: 197
[2025-01-08 15:10:45] Successfully processed graph 117 - Category: win
[2025-01-08 15:10:45] 
Processing graph 118/200
[2025-01-08 15:10:45] Graph 118 has 16 nodes and 35 edges
[2025-01-08 15:10:45] Converted to 35 bitstring edges
[2025-01-08 15:10:45] Computing Matchings Dynamic walk
[2025-01-08 15:10:47] Matchings - CX: 61, U3: 59, Depth: 92
[2025-01-08 15:10:47] Computing Exact walk
[2025-01-08 15:10:48] Exact - CX: 100, U3: 162, Depth: 196
[2025-01-08 15:10:48] Successfully processed graph 118 - Category: win
[2025-01-08 15:10:48] 
Processing graph 119/200
[2025-01-08 15:10:48] Graph 119 has 16 nodes and 36 edges
[2025-01-08 15:10:48] Converted to 36 bitstring edges
[2025-01-08 15:10:48] Computing Matchings Dynamic walk
[2025-01-08 15:10:49] Matchings - CX: 61, U3: 57, Depth: 93
[2025-01-08 15:10:49] Computing Exact walk
[2025-01-08 15:10:51] Exact - CX: 100, U3: 165, Depth: 197
[2025-01-08 15:10:51] Successfully processed graph 119 - Category: win
[2025-01-08 15:10:51] 
Processing graph 120/200
[2025-01-08 15:10:51] Graph 120 has 16 nodes and 35 edges
[2025-01-08 15:10:51] Converted to 35 bitstring edges
[2025-01-08 15:10:51] Computing Matchings Dynamic walk
[2025-01-08 15:10:52] Matchings - CX: 49, U3: 45, Depth: 75
[2025-01-08 15:10:52] Computing Exact walk
[2025-01-08 15:10:53] Exact - CX: 98, U3: 159, Depth: 191
[2025-01-08 15:10:53] Successfully processed graph 120 - Category: win
[2025-01-08 15:10:53] 
Processing graph 121/200
[2025-01-08 15:10:53] Graph 121 has 16 nodes and 33 edges
[2025-01-08 15:10:53] Converted to 33 bitstring edges
[2025-01-08 15:10:53] Computing Matchings Dynamic walk
[2025-01-08 15:10:55] Matchings - CX: 43, U3: 46, Depth: 67
[2025-01-08 15:10:55] Computing Exact walk
[2025-01-08 15:10:56] Exact - CX: 100, U3: 165, Depth: 197
[2025-01-08 15:10:56] Successfully processed graph 121 - Category: win
[2025-01-08 15:10:56] 
Processing graph 122/200
[2025-01-08 15:10:56] Graph 122 has 16 nodes and 35 edges
[2025-01-08 15:10:56] Converted to 35 bitstring edges
[2025-01-08 15:10:56] Computing Matchings Dynamic walk
[2025-01-08 15:10:58] Matchings - CX: 33, U3: 34, Depth: 51
[2025-01-08 15:10:58] Computing Exact walk
[2025-01-08 15:10:59] Exact - CX: 98, U3: 160, Depth: 191
[2025-01-08 15:10:59] Successfully processed graph 122 - Category: win
[2025-01-08 15:10:59] 
Processing graph 123/200
[2025-01-08 15:10:59] Graph 123 has 16 nodes and 37 edges
[2025-01-08 15:10:59] Converted to 37 bitstring edges
[2025-01-08 15:10:59] Computing Matchings Dynamic walk
[2025-01-08 15:11:01] Matchings - CX: 42, U3: 44, Depth: 65
[2025-01-08 15:11:01] Computing Exact walk
[2025-01-08 15:11:03] Exact - CX: 100, U3: 165, Depth: 197
[2025-01-08 15:11:03] Successfully processed graph 123 - Category: win
[2025-01-08 15:11:03] 
Processing graph 124/200
[2025-01-08 15:11:03] Graph 124 has 16 nodes and 36 edges
[2025-01-08 15:11:03] Converted to 36 bitstring edges
[2025-01-08 15:11:03] Computing Matchings Dynamic walk
[2025-01-08 15:11:04] Matchings - CX: 67, U3: 66, Depth: 102
[2025-01-08 15:11:04] Computing Exact walk
[2025-01-08 15:11:06] Exact - CX: 100, U3: 165, Depth: 197
[2025-01-08 15:11:06] Successfully processed graph 124 - Category: win
[2025-01-08 15:11:06] 
Processing graph 125/200
[2025-01-08 15:11:06] Graph 125 has 16 nodes and 34 edges
[2025-01-08 15:11:06] Converted to 34 bitstring edges
[2025-01-08 15:11:06] Computing Matchings Dynamic walk
[2025-01-08 15:11:07] Matchings - CX: 76, U3: 70, Depth: 112
[2025-01-08 15:11:07] Computing Exact walk
[2025-01-08 15:11:08] Exact - CX: 100, U3: 165, Depth: 197
[2025-01-08 15:11:08] Successfully processed graph 125 - Category: win
[2025-01-08 15:11:08] 
Processing graph 126/200
[2025-01-08 15:11:08] Graph 126 has 16 nodes and 35 edges
[2025-01-08 15:11:08] Converted to 35 bitstring edges
[2025-01-08 15:11:08] Computing Matchings Dynamic walk
[2025-01-08 15:11:09] Matchings - CX: 44, U3: 48, Depth: 71
[2025-01-08 15:11:09] Computing Exact walk
[2025-01-08 15:11:11] Exact - CX: 100, U3: 165, Depth: 197
[2025-01-08 15:11:11] Successfully processed graph 126 - Category: win
[2025-01-08 15:11:11] 
Processing graph 127/200
[2025-01-08 15:11:11] Graph 127 has 16 nodes and 35 edges
[2025-01-08 15:11:11] Converted to 35 bitstring edges
[2025-01-08 15:11:11] Computing Matchings Dynamic walk
[2025-01-08 15:11:12] Matchings - CX: 74, U3: 66, Depth: 109
[2025-01-08 15:11:12] Computing Exact walk
[2025-01-08 15:11:14] Exact - CX: 100, U3: 165, Depth: 197
[2025-01-08 15:11:14] Successfully processed graph 127 - Category: win
[2025-01-08 15:11:14] 
Processing graph 128/200
[2025-01-08 15:11:14] Graph 128 has 16 nodes and 34 edges
[2025-01-08 15:11:14] Converted to 34 bitstring edges
[2025-01-08 15:11:14] Computing Matchings Dynamic walk
[2025-01-08 15:11:15] Matchings - CX: 52, U3: 50, Depth: 81
[2025-01-08 15:11:15] Computing Exact walk
[2025-01-08 15:11:16] Exact - CX: 100, U3: 165, Depth: 197
[2025-01-08 15:11:16] Successfully processed graph 128 - Category: win
[2025-01-08 15:11:16] 
Processing graph 129/200
[2025-01-08 15:11:16] Graph 129 has 16 nodes and 36 edges
[2025-01-08 15:11:16] Converted to 36 bitstring edges
[2025-01-08 15:11:16] Computing Matchings Dynamic walk
[2025-01-08 15:11:17] Matchings - CX: 49, U3: 53, Depth: 77
[2025-01-08 15:11:17] Computing Exact walk
[2025-01-08 15:11:19] Exact - CX: 100, U3: 163, Depth: 196
[2025-01-08 15:11:19] Successfully processed graph 129 - Category: win
[2025-01-08 15:11:19] 
Processing graph 130/200
[2025-01-08 15:11:19] Graph 130 has 16 nodes and 39 edges
[2025-01-08 15:11:19] Converted to 39 bitstring edges
[2025-01-08 15:11:19] Computing Matchings Dynamic walk
[2025-01-08 15:11:20] Matchings - CX: 55, U3: 55, Depth: 84
[2025-01-08 15:11:20] Computing Exact walk
[2025-01-08 15:11:22] Exact - CX: 100, U3: 163, Depth: 196
[2025-01-08 15:11:22] Successfully processed graph 130 - Category: win
[2025-01-08 15:11:22] 
Processing graph 131/200
[2025-01-08 15:11:22] Graph 131 has 16 nodes and 33 edges
[2025-01-08 15:11:22] Converted to 33 bitstring edges
[2025-01-08 15:11:22] Computing Matchings Dynamic walk
[2025-01-08 15:11:23] Matchings - CX: 55, U3: 46, Depth: 82
[2025-01-08 15:11:23] Computing Exact walk
[2025-01-08 15:11:25] Exact - CX: 97, U3: 156, Depth: 188
[2025-01-08 15:11:25] Successfully processed graph 131 - Category: win
[2025-01-08 15:11:25] 
Processing graph 132/200
[2025-01-08 15:11:25] Graph 132 has 16 nodes and 37 edges
[2025-01-08 15:11:25] Converted to 37 bitstring edges
[2025-01-08 15:11:25] Computing Matchings Dynamic walk
[2025-01-08 15:11:26] Matchings - CX: 47, U3: 47, Depth: 74
[2025-01-08 15:11:26] Computing Exact walk
[2025-01-08 15:11:28] Exact - CX: 98, U3: 161, Depth: 192
[2025-01-08 15:11:28] Successfully processed graph 132 - Category: win
[2025-01-08 15:11:28] 
Processing graph 133/200
[2025-01-08 15:11:28] Graph 133 has 16 nodes and 34 edges
[2025-01-08 15:11:28] Converted to 34 bitstring edges
[2025-01-08 15:11:28] Computing Matchings Dynamic walk
[2025-01-08 15:11:29] Matchings - CX: 67, U3: 63, Depth: 100
[2025-01-08 15:11:29] Computing Exact walk
[2025-01-08 15:11:30] Exact - CX: 100, U3: 165, Depth: 197
[2025-01-08 15:11:30] Successfully processed graph 133 - Category: win
[2025-01-08 15:11:30] 
Processing graph 134/200
[2025-01-08 15:11:30] Graph 134 has 16 nodes and 35 edges
[2025-01-08 15:11:30] Converted to 35 bitstring edges
[2025-01-08 15:11:30] Computing Matchings Dynamic walk
[2025-01-08 15:11:31] Matchings - CX: 67, U3: 58, Depth: 96
[2025-01-08 15:11:31] Computing Exact walk
[2025-01-08 15:11:32] Exact - CX: 100, U3: 165, Depth: 197
[2025-01-08 15:11:32] Successfully processed graph 134 - Category: win
[2025-01-08 15:11:32] 
Processing graph 135/200
[2025-01-08 15:11:32] Graph 135 has 16 nodes and 38 edges
[2025-01-08 15:11:32] Converted to 38 bitstring edges
[2025-01-08 15:11:32] Computing Matchings Dynamic walk
[2025-01-08 15:11:33] Matchings - CX: 87, U3: 74, Depth: 128
[2025-01-08 15:11:33] Computing Exact walk
[2025-01-08 15:11:35] Exact - CX: 100, U3: 163, Depth: 196
[2025-01-08 15:11:35] Successfully processed graph 135 - Category: win
[2025-01-08 15:11:35] 
Processing graph 136/200
[2025-01-08 15:11:35] Graph 136 has 16 nodes and 35 edges
[2025-01-08 15:11:35] Converted to 35 bitstring edges
[2025-01-08 15:11:35] Computing Matchings Dynamic walk
[2025-01-08 15:11:35] Matchings - CX: 46, U3: 43, Depth: 71
[2025-01-08 15:11:35] Computing Exact walk
[2025-01-08 15:11:37] Exact - CX: 100, U3: 165, Depth: 197
[2025-01-08 15:11:37] Successfully processed graph 136 - Category: win
[2025-01-08 15:11:37] 
Processing graph 137/200
[2025-01-08 15:11:37] Graph 137 has 16 nodes and 33 edges
[2025-01-08 15:11:37] Converted to 33 bitstring edges
[2025-01-08 15:11:37] Computing Matchings Dynamic walk
[2025-01-08 15:11:38] Matchings - CX: 46, U3: 42, Depth: 71
[2025-01-08 15:11:38] Computing Exact walk
[2025-01-08 15:11:39] Exact - CX: 98, U3: 159, Depth: 191
[2025-01-08 15:11:39] Successfully processed graph 137 - Category: win
[2025-01-08 15:11:39] 
Processing graph 138/200
[2025-01-08 15:11:39] Graph 138 has 16 nodes and 35 edges
[2025-01-08 15:11:39] Converted to 35 bitstring edges
[2025-01-08 15:11:39] Computing Matchings Dynamic walk
[2025-01-08 15:11:40] Matchings - CX: 48, U3: 44, Depth: 73
[2025-01-08 15:11:40] Computing Exact walk
[2025-01-08 15:11:41] Exact - CX: 100, U3: 165, Depth: 197
[2025-01-08 15:11:41] Successfully processed graph 138 - Category: win
[2025-01-08 15:11:41] 
Processing graph 139/200
[2025-01-08 15:11:41] Graph 139 has 16 nodes and 39 edges
[2025-01-08 15:11:41] Converted to 39 bitstring edges
[2025-01-08 15:11:41] Computing Matchings Dynamic walk
[2025-01-08 15:11:42] Matchings - CX: 51, U3: 48, Depth: 78
[2025-01-08 15:11:42] Computing Exact walk
[2025-01-08 15:11:43] Exact - CX: 100, U3: 162, Depth: 195
[2025-01-08 15:11:43] Successfully processed graph 139 - Category: win
[2025-01-08 15:11:43] 
Processing graph 140/200
[2025-01-08 15:11:43] Graph 140 has 16 nodes and 33 edges
[2025-01-08 15:11:43] Converted to 33 bitstring edges
[2025-01-08 15:11:43] Computing Matchings Dynamic walk
[2025-01-08 15:11:44] Matchings - CX: 60, U3: 58, Depth: 90
[2025-01-08 15:11:44] Computing Exact walk
[2025-01-08 15:11:45] Exact - CX: 100, U3: 165, Depth: 197
[2025-01-08 15:11:45] Successfully processed graph 140 - Category: win
[2025-01-08 15:11:45] 
Processing graph 141/200
[2025-01-08 15:11:45] Graph 141 has 16 nodes and 35 edges
[2025-01-08 15:11:45] Converted to 35 bitstring edges
[2025-01-08 15:11:45] Computing Matchings Dynamic walk
[2025-01-08 15:11:46] Matchings - CX: 42, U3: 47, Depth: 67
[2025-01-08 15:11:46] Computing Exact walk
[2025-01-08 15:11:47] Exact - CX: 100, U3: 165, Depth: 197
[2025-01-08 15:11:47] Successfully processed graph 141 - Category: win
[2025-01-08 15:11:47] 
Processing graph 142/200
[2025-01-08 15:11:47] Graph 142 has 16 nodes and 35 edges
[2025-01-08 15:11:47] Converted to 35 bitstring edges
[2025-01-08 15:11:47] Computing Matchings Dynamic walk
[2025-01-08 15:11:48] Matchings - CX: 60, U3: 54, Depth: 88
[2025-01-08 15:11:48] Computing Exact walk
[2025-01-08 15:11:49] Exact - CX: 100, U3: 165, Depth: 197
[2025-01-08 15:11:49] Successfully processed graph 142 - Category: win
[2025-01-08 15:11:49] 
Processing graph 143/200
[2025-01-08 15:11:49] Graph 143 has 16 nodes and 33 edges
[2025-01-08 15:11:49] Converted to 33 bitstring edges
[2025-01-08 15:11:49] Computing Matchings Dynamic walk
[2025-01-08 15:11:50] Matchings - CX: 61, U3: 57, Depth: 95
[2025-01-08 15:11:50] Computing Exact walk
[2025-01-08 15:11:51] Exact - CX: 98, U3: 161, Depth: 192
[2025-01-08 15:11:51] Successfully processed graph 143 - Category: win
[2025-01-08 15:11:51] 
Processing graph 144/200
[2025-01-08 15:11:51] Graph 144 has 16 nodes and 36 edges
[2025-01-08 15:11:51] Converted to 36 bitstring edges
[2025-01-08 15:11:51] Computing Matchings Dynamic walk
[2025-01-08 15:11:52] Matchings - CX: 43, U3: 41, Depth: 65
[2025-01-08 15:11:52] Computing Exact walk
[2025-01-08 15:11:53] Exact - CX: 100, U3: 161, Depth: 195
[2025-01-08 15:11:53] Successfully processed graph 144 - Category: win
[2025-01-08 15:11:53] 
Processing graph 145/200
[2025-01-08 15:11:53] Graph 145 has 16 nodes and 34 edges
[2025-01-08 15:11:53] Converted to 34 bitstring edges
[2025-01-08 15:11:53] Computing Matchings Dynamic walk
[2025-01-08 15:11:54] Matchings - CX: 59, U3: 59, Depth: 90
[2025-01-08 15:11:54] Computing Exact walk
[2025-01-08 15:11:55] Exact - CX: 100, U3: 165, Depth: 197
[2025-01-08 15:11:55] Successfully processed graph 145 - Category: win
[2025-01-08 15:11:55] 
Processing graph 146/200
[2025-01-08 15:11:55] Graph 146 has 16 nodes and 35 edges
[2025-01-08 15:11:55] Converted to 35 bitstring edges
[2025-01-08 15:11:55] Computing Matchings Dynamic walk
[2025-01-08 15:11:56] Matchings - CX: 58, U3: 62, Depth: 91
[2025-01-08 15:11:56] Computing Exact walk
[2025-01-08 15:11:57] Exact - CX: 100, U3: 165, Depth: 197
[2025-01-08 15:11:57] Successfully processed graph 146 - Category: win
[2025-01-08 15:11:57] 
Processing graph 147/200
[2025-01-08 15:11:57] Graph 147 has 16 nodes and 33 edges
[2025-01-08 15:11:57] Converted to 33 bitstring edges
[2025-01-08 15:11:57] Computing Matchings Dynamic walk
[2025-01-08 15:11:58] Matchings - CX: 61, U3: 57, Depth: 93
[2025-01-08 15:11:58] Computing Exact walk
[2025-01-08 15:11:59] Exact - CX: 98, U3: 159, Depth: 192
[2025-01-08 15:11:59] Successfully processed graph 147 - Category: win
[2025-01-08 15:11:59] 
Processing graph 148/200
[2025-01-08 15:11:59] Graph 148 has 16 nodes and 35 edges
[2025-01-08 15:11:59] Converted to 35 bitstring edges
[2025-01-08 15:11:59] Computing Matchings Dynamic walk
[2025-01-08 15:12:00] Matchings - CX: 65, U3: 59, Depth: 98
[2025-01-08 15:12:00] Computing Exact walk
[2025-01-08 15:12:01] Exact - CX: 100, U3: 165, Depth: 197
[2025-01-08 15:12:01] Successfully processed graph 148 - Category: win
[2025-01-08 15:12:01] 
Processing graph 149/200
[2025-01-08 15:12:01] Graph 149 has 16 nodes and 33 edges
[2025-01-08 15:12:01] Converted to 33 bitstring edges
[2025-01-08 15:12:01] Computing Matchings Dynamic walk
[2025-01-08 15:12:02] Matchings - CX: 42, U3: 40, Depth: 66
[2025-01-08 15:12:02] Computing Exact walk
[2025-01-08 15:12:03] Exact - CX: 100, U3: 165, Depth: 197
[2025-01-08 15:12:03] Successfully processed graph 149 - Category: win
[2025-01-08 15:12:03] 
Processing graph 150/200
[2025-01-08 15:12:03] Graph 150 has 16 nodes and 34 edges
[2025-01-08 15:12:03] Converted to 34 bitstring edges
[2025-01-08 15:12:03] Computing Matchings Dynamic walk
[2025-01-08 15:12:04] Matchings - CX: 50, U3: 45, Depth: 76
[2025-01-08 15:12:04] Computing Exact walk
[2025-01-08 15:12:05] Exact - CX: 100, U3: 162, Depth: 195
[2025-01-08 15:12:05] Successfully processed graph 150 - Category: win
[2025-01-08 15:12:05] 
Processing graph 151/200
[2025-01-08 15:12:05] Graph 151 has 16 nodes and 38 edges
[2025-01-08 15:12:05] Converted to 38 bitstring edges
[2025-01-08 15:12:05] Computing Matchings Dynamic walk
[2025-01-08 15:12:06] Matchings - CX: 40, U3: 46, Depth: 64
[2025-01-08 15:12:06] Computing Exact walk
[2025-01-08 15:12:07] Exact - CX: 100, U3: 165, Depth: 197
[2025-01-08 15:12:07] Successfully processed graph 151 - Category: win
[2025-01-08 15:12:07] 
Processing graph 152/200
[2025-01-08 15:12:07] Graph 152 has 16 nodes and 33 edges
[2025-01-08 15:12:07] Converted to 33 bitstring edges
[2025-01-08 15:12:07] Computing Matchings Dynamic walk
[2025-01-08 15:12:08] Matchings - CX: 65, U3: 60, Depth: 98
[2025-01-08 15:12:08] Computing Exact walk
[2025-01-08 15:12:09] Exact - CX: 100, U3: 165, Depth: 197
[2025-01-08 15:12:09] Successfully processed graph 152 - Category: win
[2025-01-08 15:12:09] 
Processing graph 153/200
[2025-01-08 15:12:09] Graph 153 has 16 nodes and 34 edges
[2025-01-08 15:12:09] Converted to 34 bitstring edges
[2025-01-08 15:12:09] Computing Matchings Dynamic walk
[2025-01-08 15:12:10] Matchings - CX: 65, U3: 59, Depth: 98
[2025-01-08 15:12:10] Computing Exact walk
[2025-01-08 15:12:11] Exact - CX: 100, U3: 165, Depth: 197
[2025-01-08 15:12:11] Successfully processed graph 153 - Category: win
[2025-01-08 15:12:11] 
Processing graph 154/200
[2025-01-08 15:12:11] Graph 154 has 16 nodes and 36 edges
[2025-01-08 15:12:11] Converted to 36 bitstring edges
[2025-01-08 15:12:11] Computing Matchings Dynamic walk
[2025-01-08 15:12:12] Matchings - CX: 63, U3: 58, Depth: 94
[2025-01-08 15:12:12] Computing Exact walk
[2025-01-08 15:12:13] Exact - CX: 100, U3: 163, Depth: 196
[2025-01-08 15:12:13] Successfully processed graph 154 - Category: win
[2025-01-08 15:12:13] 
Processing graph 155/200
[2025-01-08 15:12:13] Graph 155 has 16 nodes and 34 edges
[2025-01-08 15:12:13] Converted to 34 bitstring edges
[2025-01-08 15:12:13] Computing Matchings Dynamic walk
[2025-01-08 15:12:14] Matchings - CX: 58, U3: 60, Depth: 89
[2025-01-08 15:12:14] Computing Exact walk
[2025-01-08 15:12:15] Exact - CX: 100, U3: 165, Depth: 197
[2025-01-08 15:12:15] Successfully processed graph 155 - Category: win
[2025-01-08 15:12:15] 
Processing graph 156/200
[2025-01-08 15:12:15] Graph 156 has 16 nodes and 35 edges
[2025-01-08 15:12:15] Converted to 35 bitstring edges
[2025-01-08 15:12:15] Computing Matchings Dynamic walk
[2025-01-08 15:12:16] Matchings - CX: 62, U3: 58, Depth: 92
[2025-01-08 15:12:16] Computing Exact walk
[2025-01-08 15:12:17] Exact - CX: 98, U3: 161, Depth: 192
[2025-01-08 15:12:17] Successfully processed graph 156 - Category: win
[2025-01-08 15:12:17] 
Processing graph 157/200
[2025-01-08 15:12:17] Graph 157 has 16 nodes and 38 edges
[2025-01-08 15:12:17] Converted to 38 bitstring edges
[2025-01-08 15:12:17] Computing Matchings Dynamic walk
[2025-01-08 15:12:18] Matchings - CX: 72, U3: 63, Depth: 108
[2025-01-08 15:12:18] Computing Exact walk
[2025-01-08 15:12:19] Exact - CX: 99, U3: 158, Depth: 192
[2025-01-08 15:12:19] Successfully processed graph 157 - Category: win
[2025-01-08 15:12:19] 
Processing graph 158/200
[2025-01-08 15:12:19] Graph 158 has 16 nodes and 36 edges
[2025-01-08 15:12:19] Converted to 36 bitstring edges
[2025-01-08 15:12:19] Computing Matchings Dynamic walk
[2025-01-08 15:12:20] Matchings - CX: 52, U3: 50, Depth: 78
[2025-01-08 15:12:20] Computing Exact walk
[2025-01-08 15:12:21] Exact - CX: 100, U3: 165, Depth: 197
[2025-01-08 15:12:21] Successfully processed graph 158 - Category: win
[2025-01-08 15:12:21] 
Processing graph 159/200
[2025-01-08 15:12:21] Graph 159 has 16 nodes and 35 edges
[2025-01-08 15:12:21] Converted to 35 bitstring edges
[2025-01-08 15:12:21] Computing Matchings Dynamic walk
[2025-01-08 15:12:22] Matchings - CX: 47, U3: 48, Depth: 73
[2025-01-08 15:12:22] Computing Exact walk
[2025-01-08 15:12:24] Exact - CX: 100, U3: 165, Depth: 197
[2025-01-08 15:12:24] Successfully processed graph 159 - Category: win
[2025-01-08 15:12:24] 
Processing graph 160/200
[2025-01-08 15:12:24] Graph 160 has 16 nodes and 33 edges
[2025-01-08 15:12:24] Converted to 33 bitstring edges
[2025-01-08 15:12:24] Computing Matchings Dynamic walk
[2025-01-08 15:12:24] Matchings - CX: 71, U3: 70, Depth: 107
[2025-01-08 15:12:24] Computing Exact walk
[2025-01-08 15:12:26] Exact - CX: 100, U3: 165, Depth: 197
[2025-01-08 15:12:26] Successfully processed graph 160 - Category: win
[2025-01-08 15:12:26] 
Processing graph 161/200
[2025-01-08 15:12:26] Graph 161 has 16 nodes and 37 edges
[2025-01-08 15:12:26] Converted to 37 bitstring edges
[2025-01-08 15:12:26] Computing Matchings Dynamic walk
[2025-01-08 15:12:26] Matchings - CX: 67, U3: 60, Depth: 99
[2025-01-08 15:12:26] Computing Exact walk
[2025-01-08 15:12:28] Exact - CX: 98, U3: 161, Depth: 192
[2025-01-08 15:12:28] Successfully processed graph 161 - Category: win
[2025-01-08 15:12:28] 
Processing graph 162/200
[2025-01-08 15:12:28] Graph 162 has 16 nodes and 36 edges
[2025-01-08 15:12:28] Converted to 36 bitstring edges
[2025-01-08 15:12:28] Computing Matchings Dynamic walk
[2025-01-08 15:12:29] Matchings - CX: 53, U3: 60, Depth: 84
[2025-01-08 15:12:29] Computing Exact walk
[2025-01-08 15:12:30] Exact - CX: 100, U3: 165, Depth: 197
[2025-01-08 15:12:30] Successfully processed graph 162 - Category: win
[2025-01-08 15:12:30] 
Processing graph 163/200
[2025-01-08 15:12:30] Graph 163 has 16 nodes and 31 edges
[2025-01-08 15:12:30] Converted to 31 bitstring edges
[2025-01-08 15:12:30] Computing Matchings Dynamic walk
[2025-01-08 15:12:30] Matchings - CX: 45, U3: 48, Depth: 70
[2025-01-08 15:12:30] Computing Exact walk
[2025-01-08 15:12:32] Exact - CX: 100, U3: 165, Depth: 197
[2025-01-08 15:12:32] Successfully processed graph 163 - Category: win
[2025-01-08 15:12:32] 
Processing graph 164/200
[2025-01-08 15:12:32] Graph 164 has 16 nodes and 33 edges
[2025-01-08 15:12:32] Converted to 33 bitstring edges
[2025-01-08 15:12:32] Computing Matchings Dynamic walk
[2025-01-08 15:12:32] Matchings - CX: 70, U3: 68, Depth: 106
[2025-01-08 15:12:32] Computing Exact walk
[2025-01-08 15:12:34] Exact - CX: 100, U3: 165, Depth: 197
[2025-01-08 15:12:34] Successfully processed graph 164 - Category: win
[2025-01-08 15:12:34] 
Processing graph 165/200
[2025-01-08 15:12:34] Graph 165 has 16 nodes and 37 edges
[2025-01-08 15:12:34] Converted to 37 bitstring edges
[2025-01-08 15:12:34] Computing Matchings Dynamic walk
[2025-01-08 15:12:35] Matchings - CX: 73, U3: 64, Depth: 108
[2025-01-08 15:12:35] Computing Exact walk
[2025-01-08 15:12:36] Exact - CX: 100, U3: 165, Depth: 197
[2025-01-08 15:12:36] Successfully processed graph 165 - Category: win
[2025-01-08 15:12:36] 
Processing graph 166/200
[2025-01-08 15:12:36] Graph 166 has 16 nodes and 37 edges
[2025-01-08 15:12:36] Converted to 37 bitstring edges
[2025-01-08 15:12:36] Computing Matchings Dynamic walk
[2025-01-08 15:12:37] Matchings - CX: 67, U3: 55, Depth: 94
[2025-01-08 15:12:37] Computing Exact walk
[2025-01-08 15:12:38] Exact - CX: 100, U3: 165, Depth: 197
[2025-01-08 15:12:38] Successfully processed graph 166 - Category: win
[2025-01-08 15:12:38] 
Processing graph 167/200
[2025-01-08 15:12:38] Graph 167 has 16 nodes and 35 edges
[2025-01-08 15:12:38] Converted to 35 bitstring edges
[2025-01-08 15:12:38] Computing Matchings Dynamic walk
[2025-01-08 15:12:38] Matchings - CX: 38, U3: 36, Depth: 58
[2025-01-08 15:12:38] Computing Exact walk
[2025-01-08 15:12:40] Exact - CX: 100, U3: 162, Depth: 195
[2025-01-08 15:12:40] Successfully processed graph 167 - Category: win
[2025-01-08 15:12:40] 
Processing graph 168/200
[2025-01-08 15:12:40] Graph 168 has 16 nodes and 37 edges
[2025-01-08 15:12:40] Converted to 37 bitstring edges
[2025-01-08 15:12:40] Computing Matchings Dynamic walk
[2025-01-08 15:12:40] Matchings - CX: 47, U3: 49, Depth: 73
[2025-01-08 15:12:40] Computing Exact walk
[2025-01-08 15:12:42] Exact - CX: 98, U3: 158, Depth: 191
[2025-01-08 15:12:42] Successfully processed graph 168 - Category: win
[2025-01-08 15:12:42] 
Processing graph 169/200
[2025-01-08 15:12:42] Graph 169 has 16 nodes and 36 edges
[2025-01-08 15:12:42] Converted to 36 bitstring edges
[2025-01-08 15:12:42] Computing Matchings Dynamic walk
[2025-01-08 15:12:43] Matchings - CX: 84, U3: 72, Depth: 125
[2025-01-08 15:12:43] Computing Exact walk
[2025-01-08 15:12:44] Exact - CX: 99, U3: 161, Depth: 194
[2025-01-08 15:12:44] Successfully processed graph 169 - Category: win
[2025-01-08 15:12:44] 
Processing graph 170/200
[2025-01-08 15:12:44] Graph 170 has 16 nodes and 38 edges
[2025-01-08 15:12:44] Converted to 38 bitstring edges
[2025-01-08 15:12:44] Computing Matchings Dynamic walk
[2025-01-08 15:12:45] Matchings - CX: 39, U3: 37, Depth: 58
[2025-01-08 15:12:45] Computing Exact walk
[2025-01-08 15:12:46] Exact - CX: 100, U3: 165, Depth: 197
[2025-01-08 15:12:46] Successfully processed graph 170 - Category: win
[2025-01-08 15:12:46] 
Processing graph 171/200
[2025-01-08 15:12:46] Graph 171 has 16 nodes and 34 edges
[2025-01-08 15:12:46] Converted to 34 bitstring edges
[2025-01-08 15:12:46] Computing Matchings Dynamic walk
[2025-01-08 15:12:47] Matchings - CX: 60, U3: 68, Depth: 97
[2025-01-08 15:12:47] Computing Exact walk
[2025-01-08 15:12:48] Exact - CX: 100, U3: 165, Depth: 197
[2025-01-08 15:12:48] Successfully processed graph 171 - Category: win
[2025-01-08 15:12:48] 
Processing graph 172/200
[2025-01-08 15:12:48] Graph 172 has 16 nodes and 34 edges
[2025-01-08 15:12:48] Converted to 34 bitstring edges
[2025-01-08 15:12:48] Computing Matchings Dynamic walk
[2025-01-08 15:12:49] Matchings - CX: 36, U3: 43, Depth: 58
[2025-01-08 15:12:49] Computing Exact walk
[2025-01-08 15:12:50] Exact - CX: 100, U3: 165, Depth: 197
[2025-01-08 15:12:50] Successfully processed graph 172 - Category: win
[2025-01-08 15:12:50] 
Processing graph 173/200
[2025-01-08 15:12:50] Graph 173 has 16 nodes and 33 edges
[2025-01-08 15:12:50] Converted to 33 bitstring edges
[2025-01-08 15:12:50] Computing Matchings Dynamic walk
[2025-01-08 15:12:50] Matchings - CX: 49, U3: 53, Depth: 78
[2025-01-08 15:12:50] Computing Exact walk
[2025-01-08 15:12:52] Exact - CX: 100, U3: 165, Depth: 197
[2025-01-08 15:12:52] Successfully processed graph 173 - Category: win
[2025-01-08 15:12:52] 
Processing graph 174/200
[2025-01-08 15:12:52] Graph 174 has 16 nodes and 35 edges
[2025-01-08 15:12:52] Converted to 35 bitstring edges
[2025-01-08 15:12:52] Computing Matchings Dynamic walk
[2025-01-08 15:12:53] Matchings - CX: 59, U3: 58, Depth: 89
[2025-01-08 15:12:53] Computing Exact walk
[2025-01-08 15:12:54] Exact - CX: 99, U3: 158, Depth: 192
[2025-01-08 15:12:54] Successfully processed graph 174 - Category: win
[2025-01-08 15:12:54] 
Processing graph 175/200
[2025-01-08 15:12:54] Graph 175 has 16 nodes and 36 edges
[2025-01-08 15:12:54] Converted to 36 bitstring edges
[2025-01-08 15:12:54] Computing Matchings Dynamic walk
[2025-01-08 15:12:55] Matchings - CX: 61, U3: 61, Depth: 93
[2025-01-08 15:12:55] Computing Exact walk
[2025-01-08 15:12:56] Exact - CX: 100, U3: 161, Depth: 195
[2025-01-08 15:12:56] Successfully processed graph 175 - Category: win
[2025-01-08 15:12:56] 
Processing graph 176/200
[2025-01-08 15:12:56] Graph 176 has 16 nodes and 35 edges
[2025-01-08 15:12:56] Converted to 35 bitstring edges
[2025-01-08 15:12:56] Computing Matchings Dynamic walk
[2025-01-08 15:12:57] Matchings - CX: 62, U3: 63, Depth: 96
[2025-01-08 15:12:57] Computing Exact walk
[2025-01-08 15:12:58] Exact - CX: 97, U3: 154, Depth: 187
[2025-01-08 15:12:58] Successfully processed graph 176 - Category: win
[2025-01-08 15:12:58] 
Processing graph 177/200
[2025-01-08 15:12:58] Graph 177 has 16 nodes and 36 edges
[2025-01-08 15:12:58] Converted to 36 bitstring edges
[2025-01-08 15:12:58] Computing Matchings Dynamic walk
[2025-01-08 15:12:59] Matchings - CX: 58, U3: 52, Depth: 88
[2025-01-08 15:12:59] Computing Exact walk
[2025-01-08 15:13:00] Exact - CX: 100, U3: 161, Depth: 195
[2025-01-08 15:13:00] Successfully processed graph 177 - Category: win
[2025-01-08 15:13:00] 
Processing graph 178/200
[2025-01-08 15:13:00] Graph 178 has 16 nodes and 34 edges
[2025-01-08 15:13:00] Converted to 34 bitstring edges
[2025-01-08 15:13:00] Computing Matchings Dynamic walk
[2025-01-08 15:13:01] Matchings - CX: 62, U3: 66, Depth: 96
[2025-01-08 15:13:01] Computing Exact walk
[2025-01-08 15:13:02] Exact - CX: 100, U3: 165, Depth: 197
[2025-01-08 15:13:02] Successfully processed graph 178 - Category: win
[2025-01-08 15:13:02] 
Processing graph 179/200
[2025-01-08 15:13:02] Graph 179 has 16 nodes and 34 edges
[2025-01-08 15:13:02] Converted to 34 bitstring edges
[2025-01-08 15:13:02] Computing Matchings Dynamic walk
[2025-01-08 15:13:03] Matchings - CX: 48, U3: 52, Depth: 76
[2025-01-08 15:13:03] Computing Exact walk
[2025-01-08 15:13:04] Exact - CX: 100, U3: 165, Depth: 197
[2025-01-08 15:13:04] Successfully processed graph 179 - Category: win
[2025-01-08 15:13:04] 
Processing graph 180/200
[2025-01-08 15:13:04] Graph 180 has 16 nodes and 36 edges
[2025-01-08 15:13:04] Converted to 36 bitstring edges
[2025-01-08 15:13:04] Computing Matchings Dynamic walk
[2025-01-08 15:13:05] Matchings - CX: 77, U3: 67, Depth: 114
[2025-01-08 15:13:05] Computing Exact walk
[2025-01-08 15:13:06] Exact - CX: 100, U3: 164, Depth: 197
[2025-01-08 15:13:06] Successfully processed graph 180 - Category: win
[2025-01-08 15:13:06] 
Processing graph 181/200
[2025-01-08 15:13:06] Graph 181 has 16 nodes and 32 edges
[2025-01-08 15:13:06] Converted to 32 bitstring edges
[2025-01-08 15:13:06] Computing Matchings Dynamic walk
[2025-01-08 15:13:07] Matchings - CX: 49, U3: 59, Depth: 81
[2025-01-08 15:13:07] Computing Exact walk
[2025-01-08 15:13:08] Exact - CX: 100, U3: 165, Depth: 197
[2025-01-08 15:13:08] Successfully processed graph 181 - Category: win
[2025-01-08 15:13:08] 
Processing graph 182/200
[2025-01-08 15:13:08] Graph 182 has 16 nodes and 34 edges
[2025-01-08 15:13:08] Converted to 34 bitstring edges
[2025-01-08 15:13:08] Computing Matchings Dynamic walk
[2025-01-08 15:13:09] Matchings - CX: 88, U3: 80, Depth: 132
[2025-01-08 15:13:09] Computing Exact walk
[2025-01-08 15:13:10] Exact - CX: 100, U3: 165, Depth: 197
[2025-01-08 15:13:10] Successfully processed graph 182 - Category: win
[2025-01-08 15:13:10] 
Processing graph 183/200
[2025-01-08 15:13:10] Graph 183 has 16 nodes and 32 edges
[2025-01-08 15:13:10] Converted to 32 bitstring edges
[2025-01-08 15:13:10] Computing Matchings Dynamic walk
[2025-01-08 15:13:11] Matchings - CX: 57, U3: 53, Depth: 86
[2025-01-08 15:13:11] Computing Exact walk
[2025-01-08 15:13:12] Exact - CX: 100, U3: 165, Depth: 197
[2025-01-08 15:13:12] Successfully processed graph 183 - Category: win
[2025-01-08 15:13:12] 
Processing graph 184/200
[2025-01-08 15:13:12] Graph 184 has 16 nodes and 37 edges
[2025-01-08 15:13:12] Converted to 37 bitstring edges
[2025-01-08 15:13:12] Computing Matchings Dynamic walk
[2025-01-08 15:13:13] Matchings - CX: 73, U3: 69, Depth: 110
[2025-01-08 15:13:13] Computing Exact walk
[2025-01-08 15:13:14] Exact - CX: 100, U3: 159, Depth: 194
[2025-01-08 15:13:14] Successfully processed graph 184 - Category: win
[2025-01-08 15:13:14] 
Processing graph 185/200
[2025-01-08 15:13:14] Graph 185 has 16 nodes and 35 edges
[2025-01-08 15:13:14] Converted to 35 bitstring edges
[2025-01-08 15:13:14] Computing Matchings Dynamic walk
[2025-01-08 15:13:15] Matchings - CX: 62, U3: 53, Depth: 91
[2025-01-08 15:13:15] Computing Exact walk
[2025-01-08 15:13:16] Exact - CX: 100, U3: 165, Depth: 197
[2025-01-08 15:13:16] Successfully processed graph 185 - Category: win
[2025-01-08 15:13:16] 
Processing graph 186/200
[2025-01-08 15:13:16] Graph 186 has 16 nodes and 37 edges
[2025-01-08 15:13:16] Converted to 37 bitstring edges
[2025-01-08 15:13:16] Computing Matchings Dynamic walk
[2025-01-08 15:13:17] Matchings - CX: 44, U3: 46, Depth: 71
[2025-01-08 15:13:17] Computing Exact walk
[2025-01-08 15:13:18] Exact - CX: 100, U3: 165, Depth: 197
[2025-01-08 15:13:18] Successfully processed graph 186 - Category: win
[2025-01-08 15:13:18] 
Processing graph 187/200
[2025-01-08 15:13:18] Graph 187 has 16 nodes and 33 edges
[2025-01-08 15:13:18] Converted to 33 bitstring edges
[2025-01-08 15:13:18] Computing Matchings Dynamic walk
[2025-01-08 15:13:19] Matchings - CX: 49, U3: 49, Depth: 76
[2025-01-08 15:13:19] Computing Exact walk
[2025-01-08 15:13:20] Exact - CX: 100, U3: 165, Depth: 197
[2025-01-08 15:13:20] Successfully processed graph 187 - Category: win
[2025-01-08 15:13:20] 
Processing graph 188/200
[2025-01-08 15:13:20] Graph 188 has 16 nodes and 33 edges
[2025-01-08 15:13:20] Converted to 33 bitstring edges
[2025-01-08 15:13:20] Computing Matchings Dynamic walk
[2025-01-08 15:13:21] Matchings - CX: 61, U3: 63, Depth: 95
[2025-01-08 15:13:21] Computing Exact walk
[2025-01-08 15:13:22] Exact - CX: 100, U3: 163, Depth: 196
[2025-01-08 15:13:22] Successfully processed graph 188 - Category: win
[2025-01-08 15:13:22] 
Processing graph 189/200
[2025-01-08 15:13:22] Graph 189 has 16 nodes and 35 edges
[2025-01-08 15:13:22] Converted to 35 bitstring edges
[2025-01-08 15:13:22] Computing Matchings Dynamic walk
[2025-01-08 15:13:23] Matchings - CX: 61, U3: 58, Depth: 92
[2025-01-08 15:13:23] Computing Exact walk
[2025-01-08 15:13:24] Exact - CX: 100, U3: 165, Depth: 197
[2025-01-08 15:13:24] Successfully processed graph 189 - Category: win
[2025-01-08 15:13:24] 
Processing graph 190/200
[2025-01-08 15:13:24] Graph 190 has 16 nodes and 36 edges
[2025-01-08 15:13:24] Converted to 36 bitstring edges
[2025-01-08 15:13:24] Computing Matchings Dynamic walk
[2025-01-08 15:13:25] Matchings - CX: 60, U3: 55, Depth: 90
[2025-01-08 15:13:25] Computing Exact walk
[2025-01-08 15:13:26] Exact - CX: 98, U3: 156, Depth: 188
[2025-01-08 15:13:26] Successfully processed graph 190 - Category: win
[2025-01-08 15:13:26] 
Processing graph 191/200
[2025-01-08 15:13:26] Graph 191 has 16 nodes and 37 edges
[2025-01-08 15:13:26] Converted to 37 bitstring edges
[2025-01-08 15:13:26] Computing Matchings Dynamic walk
[2025-01-08 15:13:27] Matchings - CX: 49, U3: 52, Depth: 78
[2025-01-08 15:13:27] Computing Exact walk
[2025-01-08 15:13:28] Exact - CX: 100, U3: 161, Depth: 195
[2025-01-08 15:13:28] Successfully processed graph 191 - Category: win
[2025-01-08 15:13:28] 
Processing graph 192/200
[2025-01-08 15:13:28] Graph 192 has 16 nodes and 36 edges
[2025-01-08 15:13:28] Converted to 36 bitstring edges
[2025-01-08 15:13:28] Computing Matchings Dynamic walk
[2025-01-08 15:13:29] Matchings - CX: 45, U3: 46, Depth: 70
[2025-01-08 15:13:29] Computing Exact walk
[2025-01-08 15:13:30] Exact - CX: 100, U3: 165, Depth: 197
[2025-01-08 15:13:30] Successfully processed graph 192 - Category: win
[2025-01-08 15:13:30] 
Processing graph 193/200
[2025-01-08 15:13:30] Graph 193 has 16 nodes and 35 edges
[2025-01-08 15:13:30] Converted to 35 bitstring edges
[2025-01-08 15:13:30] Computing Matchings Dynamic walk
[2025-01-08 15:13:31] Matchings - CX: 58, U3: 58, Depth: 92
[2025-01-08 15:13:31] Computing Exact walk
[2025-01-08 15:13:33] Exact - CX: 100, U3: 165, Depth: 197
[2025-01-08 15:13:33] Successfully processed graph 193 - Category: win
[2025-01-08 15:13:33] 
Processing graph 194/200
[2025-01-08 15:13:33] Graph 194 has 16 nodes and 34 edges
[2025-01-08 15:13:33] Converted to 34 bitstring edges
[2025-01-08 15:13:33] Computing Matchings Dynamic walk
[2025-01-08 15:13:33] Matchings - CX: 54, U3: 51, Depth: 82
[2025-01-08 15:13:33] Computing Exact walk
[2025-01-08 15:13:35] Exact - CX: 100, U3: 165, Depth: 197
[2025-01-08 15:13:35] Successfully processed graph 194 - Category: win
[2025-01-08 15:13:35] 
Processing graph 195/200
[2025-01-08 15:13:35] Graph 195 has 16 nodes and 32 edges
[2025-01-08 15:13:35] Converted to 32 bitstring edges
[2025-01-08 15:13:35] Computing Matchings Dynamic walk
[2025-01-08 15:13:36] Matchings - CX: 41, U3: 46, Depth: 64
[2025-01-08 15:13:36] Computing Exact walk
[2025-01-08 15:13:37] Exact - CX: 100, U3: 165, Depth: 197
[2025-01-08 15:13:37] Successfully processed graph 195 - Category: win
[2025-01-08 15:13:37] 
Processing graph 196/200
[2025-01-08 15:13:37] Graph 196 has 16 nodes and 39 edges
[2025-01-08 15:13:37] Converted to 39 bitstring edges
[2025-01-08 15:13:37] Computing Matchings Dynamic walk
[2025-01-08 15:13:38] Matchings - CX: 38, U3: 37, Depth: 58
[2025-01-08 15:13:38] Computing Exact walk
[2025-01-08 15:13:39] Exact - CX: 100, U3: 165, Depth: 197
[2025-01-08 15:13:39] Successfully processed graph 196 - Category: win
[2025-01-08 15:13:39] 
Processing graph 197/200
[2025-01-08 15:13:39] Graph 197 has 16 nodes and 34 edges
[2025-01-08 15:13:39] Converted to 34 bitstring edges
[2025-01-08 15:13:39] Computing Matchings Dynamic walk
[2025-01-08 15:13:40] Matchings - CX: 66, U3: 61, Depth: 99
[2025-01-08 15:13:40] Computing Exact walk
[2025-01-08 15:13:41] Exact - CX: 100, U3: 165, Depth: 197
[2025-01-08 15:13:41] Successfully processed graph 197 - Category: win
[2025-01-08 15:13:41] 
Processing graph 198/200
[2025-01-08 15:13:41] Graph 198 has 16 nodes and 36 edges
[2025-01-08 15:13:41] Converted to 36 bitstring edges
[2025-01-08 15:13:41] Computing Matchings Dynamic walk
[2025-01-08 15:13:42] Matchings - CX: 46, U3: 42, Depth: 68
[2025-01-08 15:13:42] Computing Exact walk
[2025-01-08 15:13:43] Exact - CX: 100, U3: 165, Depth: 197
[2025-01-08 15:13:43] Successfully processed graph 198 - Category: win
[2025-01-08 15:13:43] 
Processing graph 199/200
[2025-01-08 15:13:43] Graph 199 has 16 nodes and 35 edges
[2025-01-08 15:13:43] Converted to 35 bitstring edges
[2025-01-08 15:13:43] Computing Matchings Dynamic walk
[2025-01-08 15:13:44] Matchings - CX: 73, U3: 61, Depth: 103
[2025-01-08 15:13:44] Computing Exact walk
[2025-01-08 15:13:45] Exact - CX: 100, U3: 164, Depth: 197
[2025-01-08 15:13:45] Successfully processed graph 199 - Category: win
[2025-01-08 15:13:45] 
Final Results Summary:
[2025-01-08 15:13:45] Total graphs in file: 200
[2025-01-08 15:13:45] Successfully processed: 200
[2025-01-08 15:13:45] win: 200 (100.0%)
[2025-01-08 15:13:45] lose: 0 (0.0%)
[2025-01-08 15:13:45] draw: 0 (0.0%)
[2025-01-08 15:13:45] 
Average Gate Counts by Category:
[2025-01-08 15:13:45] win_matching_cx: 57.40
[2025-01-08 15:13:45] win_matching_u3: 55.15
[2025-01-08 15:13:45] win_exact_cx: 99.63
[2025-01-08 15:13:45] win_exact_u3: 163.47
[2025-01-08 15:13:45] win_matching_depth: 87.15
[2025-01-08 15:13:45] win_exact_depth: 195.67
