graph_index,n_qubits,n_vertices,n_edges,density,time,trotter_steps,matching_diff,pauli_diff
0,5,32,31,0.0625,0.1,1,0.009807979929913528,0.009807979929913694
0,5,32,31,0.0625,0.1,3,0.003266116051004658,0.0032661160510050746
0,5,32,31,0.0625,0.1,5,0.001959515767812149,0.001959515767812446
0,5,32,31,0.0625,0.1,7,0.0013996238453042563,0.001399623845306094
0,5,32,31,0.0625,0.1,9,0.001088586634495935,0.0010885866344962159
0,5,32,31,0.0625,0.1,11,0.0008906577788622591,0.000890657778862229
0,5,32,31,0.0625,0.1,13,0.0007536315522315539,0.0007536315522334071
0,5,32,31,0.0625,0.1,15,0.0006531462833466315,0.0006531462833468175
0,5,32,31,0.0625,0.1,17,0.0005763049179295181,0.0005763049179309003
0,5,32,31,0.0625,0.1,19,0.0005156408495007103,0.0005156408495020078
0,5,32,31,0.0625,0.5,1,0.23255765945460144,0.23255765945460166
0,5,32,31,0.0625,0.5,3,0.0757485758835465,0.07574857588354741
0,5,32,31,0.0625,0.5,5,0.04536727406968918,0.04536727406968992
0,5,32,31,0.0625,0.5,7,0.03238913948260616,0.03238913948260768
0,5,32,31,0.0625,0.5,9,0.02518641903716136,0.02518641903716244
0,5,32,31,0.0625,0.5,11,0.020604944808149464,0.02060494480815107
0,5,32,31,0.0625,0.5,13,0.017433919228407112,0.017433919228407098
0,5,32,31,0.0625,0.5,15,0.015108834462088775,0.0151088344620907
0,5,32,31,0.0625,0.5,17,0.013330993028970254,0.013330993028968762
0,5,32,31,0.0625,0.5,19,0.011927522645964979,0.011927522645967437
0,5,32,31,0.0625,1.0,1,0.7910952826476341,0.7910952826476344
0,5,32,31,0.0625,1.0,3,0.24602123217622937,0.24602123217623031
0,5,32,31,0.0625,1.0,5,0.14683600537173205,0.1468360053717329
0,5,32,31,0.0625,1.0,7,0.10473117221059776,0.1047311722105994
0,5,32,31,0.0625,1.0,9,0.08140913331273464,0.08140913331273597
0,5,32,31,0.0625,1.0,11,0.06658742648437459,0.06658742648437538
0,5,32,31,0.0625,1.0,13,0.05633345532373396,0.05633345532373718
0,5,32,31,0.0625,1.0,15,0.048817026499629684,0.04881702649963068
0,5,32,31,0.0625,1.0,17,0.04307072098736571,0.043070720987367035
0,5,32,31,0.0625,1.0,19,0.038534999827370325,0.03853499982737149
1,5,32,32,0.06451612903225806,0.1,1,0.012568312884207981,0.012568312884209676
1,5,32,32,0.06451612903225806,0.1,3,0.004183771441013321,0.004183771441018475
1,5,32,32,0.06451612903225806,0.1,5,0.002509900593987412,0.002509900593987423
1,5,32,32,0.06451612903225806,0.1,7,0.0017926993461329084,0.0017926993461438948
1,5,32,32,0.06451612903225806,0.1,9,0.0013942894570808744,0.001394289457084815
1,5,32,32,0.06451612903225806,0.1,11,0.0011407672650889883,0.0011407672650967065
1,5,32,32,0.06451612903225806,0.1,13,0.0009652565871776698,0.0009652565871857575
1,5,32,32,0.06451612903225806,0.1,15,0.0008365510081665396,0.0008365510081789134
1,5,32,32,0.06451612903225806,0.1,17,0.0007381302972385709,0.000738130297260708
1,5,32,32,0.06451612903225806,0.1,19,0.0006604304296342535,0.0006604304296495248
1,5,32,32,0.06451612903225806,0.5,1,0.2935617979086488,0.2935617979086497
1,5,32,32,0.06451612903225806,0.5,3,0.09512066784105143,0.09512066784105683
1,5,32,32,0.06451612903225806,0.5,5,0.056927003234963025,0.05692700323497158
1,5,32,32,0.06451612903225806,0.5,7,0.040631206988852815,0.040631206988858894
1,5,32,32,0.06451612903225806,0.5,9,0.031591428220650246,0.03159142822066005
1,5,32,32,0.06451612903225806,0.5,11,0.025842840497392914,0.02584284049740155
1,5,32,32,0.06451612903225806,0.5,13,0.021864595175589863,0.021864595175592527
1,5,32,32,0.06451612903225806,0.5,15,0.018947922553539658,0.018947922553563378
1,5,32,32,0.06451612903225806,0.5,17,0.016717889755139943,0.016717889755142695
1,5,32,32,0.06451612903225806,0.5,19,0.014957541823362609,0.014957541823394116
1,5,32,32,0.06451612903225806,1.0,1,0.9484348827747568,0.9484348827747575
1,5,32,32,0.06451612903225806,1.0,3,0.28299806716573084,0.2829980671657336
1,5,32,32,0.06451612903225806,1.0,5,0.16799946763515075,0.1679994676351555
1,5,32,32,0.06451612903225806,1.0,7,0.1196259595776367,0.11962595957763943
1,5,32,32,0.06451612903225806,1.0,9,0.09291669732472967,0.09291669732474023
1,5,32,32,0.06451612903225806,1.0,11,0.0759682159331725,0.0759682159331749
1,5,32,32,0.06451612903225806,1.0,13,0.0642530904303325,0.06425309043034895
1,5,32,32,0.06451612903225806,1.0,15,0.05567033225103293,0.055670332251039595
1,5,32,32,0.06451612903225806,1.0,17,0.04911128717350663,0.04911128717351524
1,5,32,32,0.06451612903225806,1.0,19,0.04393544935368962,0.0439354493536979
2,5,32,32,0.06451612903225806,0.1,1,0.011508600507414271,0.01151849200314157
2,5,32,32,0.06451612903225806,0.1,3,0.0038331396443663495,0.0038366808955727152
2,5,32,32,0.06451612903225806,0.1,5,0.0022997371314083907,0.002301873533114251
2,5,32,32,0.06451612903225806,0.1,7,0.0016426405234859392,0.0016441688163388486
2,5,32,32,0.06451612903225806,0.1,9,0.0012776000604358248,0.0012787894660228048
2,5,32,32,0.06451612903225806,0.1,11,0.0010453053153980968,0.0010462787691393237
2,5,32,32,0.06451612903225806,0.1,13,0.0008844872515821832,0.0008853110910099207
2,5,32,32,0.06451612903225806,0.1,15,0.0007665546058767669,0.0007672686804195018
2,5,32,32,0.06451612903225806,0.1,17,0.0006763711142108809,0.0006770012273791996
2,5,32,32,0.06451612903225806,0.1,19,0.0006051737803716444,0.0006057375955634407
2,5,32,32,0.06451612903225806,0.5,1,0.2715864077481767,0.2714059539465054
2,5,32,32,0.06451612903225806,0.5,3,0.08890071803891912,0.08894889910057344
2,5,32,32,0.06451612903225806,0.5,5,0.05326488428196337,0.05329819904495803
2,5,32,32,0.06451612903225806,0.5,7,0.038031521976188545,0.03805617359611272
2,5,32,32,0.06451612903225806,0.5,9,0.02957533206507636,0.02959477820841072
2,5,32,32,0.06451612903225806,0.5,11,0.02419603634611108,0.024212059551520167
2,5,32,32,0.06451612903225806,0.5,13,0.02047261427608637,0.02048622718017526
2,5,32,32,0.06451612903225806,0.5,15,0.01774241318377853,0.01775424081890753
2,5,32,32,0.06451612903225806,0.5,17,0.01565476432000228,0.01566521802615457
2,5,32,32,0.06451612903225806,0.5,19,0.014006702341280496,0.014016066669681025
2,5,32,32,0.06451612903225806,1.0,1,0.9075145810387937,0.9037545242245509
2,5,32,32,0.06451612903225806,1.0,3,0.28755097945650804,0.2870114078996686
2,5,32,32,0.06451612903225806,1.0,5,0.17182394321015532,0.17155213661039043
2,5,32,32,0.06451612903225806,1.0,7,0.1225930948925303,0.12240924164976222
2,5,32,32,0.06451612903225806,1.0,9,0.09530600225898977,0.09516629761735335
2,5,32,32,0.06451612903225806,1.0,11,0.07795935455039969,0.0778464132265567
2,5,32,32,0.06451612903225806,1.0,13,0.06595671364181346,0.06586181062097099
2,5,32,32,0.06451612903225806,1.0,15,0.05715765026628672,0.0570757612081245
2,5,32,32,0.06451612903225806,1.0,17,0.05043037022800772,0.050358327547389795
2,5,32,32,0.06451612903225806,1.0,19,0.04512012203720726,0.04505579600883381
3,5,32,32,0.06451612903225806,0.1,1,0.011808859872440479,0.011808859872440531
3,5,32,32,0.06451612903225806,0.1,3,0.003932927555714882,0.0039329275557149
3,5,32,32,0.06451612903225806,0.1,5,0.0023595882490876703,0.0023595882490877
3,5,32,32,0.06451612903225806,0.1,7,0.0016853857913197952,0.00168538579131983
3,5,32,32,0.06451612903225806,0.1,9,0.0013108442128403196,0.0013108442128403198
3,5,32,32,0.06451612903225806,0.1,11,0.0010725040163470383,0.001072504016347058
3,5,32,32,0.06451612903225806,0.1,13,0.0009075009423679283,0.0009075009423679673
3,5,32,32,0.06451612903225806,0.1,15,0.0007864994385527236,0.0007864994385527222
3,5,32,32,0.06451612903225806,0.1,17,0.0006939692550379396,0.000693969255037917
3,5,32,32,0.06451612903225806,0.1,19,0.0006209193184233739,0.0006209193184234433
3,5,32,32,0.06451612903225806,0.5,1,0.2778367145596235,0.2778367145596244
3,5,32,32,0.06451612903225806,0.5,3,0.09078998571650265,0.09078998571650326
3,5,32,32,0.06451612903225806,0.5,5,0.05438577470112231,0.054385774701123366
3,5,32,32,0.06451612903225806,0.5,7,0.038829174666093334,0.03882917466609382
3,5,32,32,0.06451612903225806,0.5,9,0.030194622247300556,0.03019462224730126
3,5,32,32,0.06451612903225806,0.5,11,0.02470220816806378,0.024702208168064496
3,5,32,32,0.06451612903225806,0.5,13,0.020900630421994103,0.020900630421994536
3,5,32,32,0.06451612903225806,0.5,15,0.018113190351897214,0.01811319035189815
3,5,32,32,0.06451612903225806,0.5,17,0.01598181075603728,0.01598181075603798
3,5,32,32,0.06451612903225806,0.5,19,0.014299247914528522,0.014299247914529639
3,5,32,32,0.06451612903225806,1.0,1,0.9212823054783648,0.921282305478366
3,5,32,32,0.06451612903225806,1.0,3,0.28877638564221036,0.28877638564221203
3,5,32,32,0.06451612903225806,1.0,5,0.17242729384060979,0.1724272938406116
3,5,32,32,0.06451612903225806,1.0,7,0.12299331230670739,0.12299331230671003
3,5,32,32,0.06451612903225806,1.0,9,0.09560621635391159,0.09560621635391332
3,5,32,32,0.06451612903225806,1.0,11,0.07819993596213418,0.07819993596213502
3,5,32,32,0.06451612903225806,1.0,13,0.06615760861378298,0.06615760861378522
3,5,32,32,0.06451612903225806,1.0,15,0.05733018996962989,0.0573301899696318
3,5,32,32,0.06451612903225806,1.0,17,0.050581618721459214,0.05058161872146001
3,5,32,32,0.06451612903225806,1.0,19,0.045254785358389324,0.04525478535839005
4,5,32,32,0.06451612903225806,0.1,1,0.012474668629801995,0.012473159812149684
4,5,32,32,0.06451612903225806,0.1,3,0.004154888743118825,0.004153789213104034
4,5,32,32,0.06451612903225806,0.1,5,0.002492755745542246,0.0024920730459063686
4,5,32,32,0.06451612903225806,0.1,7,0.001780501861839279,0.0017800105573426454
4,5,32,32,0.06451612903225806,0.1,9,0.001384821692901231,0.0013844386559689126
4,5,32,32,0.06451612903225806,0.1,11,0.0011330301252095566,0.0011327164597516248
4,5,32,32,0.06451612903225806,0.1,13,0.0009587147869588397,0.0009584492964941804
4,5,32,32,0.06451612903225806,0.1,15,0.0008308844104772181,0.0008306543021126576
4,5,32,32,0.06451612903225806,0.1,17,0.0007331322190274258,0.0007329291886098842
4,5,32,32,0.06451612903225806,0.1,19,0.0006559596890536749,0.0006557780443851158
4,5,32,32,0.06451612903225806,0.5,1,0.2924917578736881,0.29164566443302753
4,5,32,32,0.06451612903225806,0.5,3,0.09582378357632808,0.09517017311399496
4,5,32,32,0.06451612903225806,0.5,5,0.0574021336887248,0.057004082758137564
4,5,32,32,0.06451612903225806,0.5,7,0.04098139408237793,0.04069762246408334
4,5,32,32,0.06451612903225806,0.5,9,0.03186737079011638,0.03164734202749465
4,5,32,32,0.06451612903225806,0.5,11,0.026070140806959626,0.02589060338015361
4,5,32,32,0.06451612903225806,0.5,13,0.022057693522886578,0.021906111340470005
4,5,32,32,0.06451612903225806,0.5,15,0.019115703741628198,0.018984566766936644
4,5,32,32,0.06451612903225806,0.5,17,0.01686619180979037,0.016750651690611146
4,5,32,32,0.06451612903225806,0.5,19,0.01509040001574217,0.014987147305026436
4,5,32,32,0.06451612903225806,1.0,1,0.961385636545107,0.9515333365955935
4,5,32,32,0.06451612903225806,1.0,3,0.3071387705441918,0.29888842331065024
4,5,32,32,0.06451612903225806,1.0,5,0.1833467905644101,0.1785013248917442
4,5,32,32,0.06451612903225806,1.0,7,0.1307344374244941,0.12733871173292233
4,5,32,32,0.06451612903225806,1.0,9,0.10159655273652567,0.09898930618378535
4,5,32,32,0.06451612903225806,1.0,11,0.08308369754762635,0.0809697044558409
4,5,32,32,0.06451612903225806,1.0,13,0.07027924702364682,0.06850230945663523
4,5,32,32,0.06451612903225806,1.0,15,0.06089517733566715,0.05936292953982627
4,5,32,32,0.06451612903225806,1.0,17,0.053722281195341955,0.05237565895364397
4,5,32,32,0.06451612903225806,1.0,19,0.04806131289148978,0.046860292667013706
5,5,32,32,0.06451612903225806,0.1,1,0.013943253473046589,0.013585781660130535
5,5,32,32,0.06451612903225806,0.1,3,0.004642592159664453,0.00452362294184888
5,5,32,32,0.06451612903225806,0.1,5,0.0027852585733781077,0.002713905663672465
5,5,32,32,0.06451612903225806,0.1,7,0.0019894028742717916,0.0019384459704687468
5,5,32,32,0.06451612903225806,0.1,9,0.0015472888547144671,0.001507659950061434
5,5,32,32,0.06451612903225806,0.1,11,0.001265952282374397,0.0012335308914338133
5,5,32,32,0.06451612903225806,0.1,13,0.0010711843075081025,0.001043752165288618
5,5,32,32,0.06451612903225806,0.1,15,0.0009283561132177281,0.0009045824520844194
5,5,32,32,0.06451612903225806,0.1,17,0.0008191354291176054,0.0007981592555633655
5,5,32,32,0.06451612903225806,0.1,19,0.0007329090781382216,0.0007141413394979317
5,5,32,32,0.06451612903225806,0.5,1,0.3226186891838432,0.3140041144651476
5,5,32,32,0.06451612903225806,0.5,3,0.10503396946008425,0.10212481240681465
5,5,32,32,0.06451612903225806,0.5,5,0.0629074258692566,0.06114521816220493
5,5,32,32,0.06451612903225806,0.5,7,0.04491144542056963,0.043647349056479406
5,5,32,32,0.06451612903225806,0.5,9,0.03492383609089693,0.03393831364793198
5,5,32,32,0.06451612903225806,0.5,11,0.028570979007863963,0.02776342821420131
5,5,32,32,0.06451612903225806,0.5,13,0.024173924861712263,0.023489903693879384
5,5,32,32,0.06451612903225806,0.5,15,0.02094989482069978,0.02035662741411238
5,5,32,32,0.06451612903225806,0.5,17,0.018484697500494352,0.01796092419639272
5,5,32,32,0.06451612903225806,0.5,19,0.016538618461238826,0.016069766405045587
5,5,32,32,0.06451612903225806,1.0,1,1.0195040897046619,0.9900673424931964
5,5,32,32,0.06451612903225806,1.0,3,0.31952177428676476,0.3084553424210234
5,5,32,32,0.06451612903225806,1.0,5,0.19081307657660668,0.18388328264533307
5,5,32,32,0.06451612903225806,1.0,7,0.13609786285673134,0.13105032705061193
5,5,32,32,0.06451612903225806,1.0,9,0.10578430427350287,0.10181427794380701
5,5,32,32,0.06451612903225806,1.0,11,0.08651931307228775,0.08324752135073624
5,5,32,32,0.06451612903225806,1.0,13,0.07319204232052315,0.07040955965041142
5,5,32,32,0.06451612903225806,1.0,15,0.06342337679808273,0.06100286624965404
5,5,32,32,0.06451612903225806,1.0,17,0.0559556581077891,0.05381377381482479
5,5,32,32,0.06451612903225806,1.0,19,0.050061477485110716,0.048140690845076314
6,5,32,32,0.06451612903225806,0.1,1,0.012082632664802483,0.012083684271592527
6,5,32,32,0.06451612903225806,0.1,3,0.004024332072268683,0.0040241823327684155
6,5,32,32,0.06451612903225806,0.1,5,0.002414445290262493,0.0024143315622654686
6,5,32,32,0.06451612903225806,0.1,7,0.0017245734861187653,0.0017244875540002725
6,5,32,32,0.06451612903225806,0.1,9,0.001341325238200662,0.0013412568986885367
6,5,32,32,0.06451612903225806,0.1,11,0.0010974439067526164,0.0010973873699926813
6,5,32,32,0.06451612903225806,0.1,13,0.0009286044285017246,0.000928556286714143
6,5,32,32,0.06451612903225806,0.1,15,0.0008047894421402969,0.0008047475545100684
6,5,32,32,0.06451612903225806,0.1,17,0.0007101077047245158,0.0007100706479174012
6,5,32,32,0.06451612903225806,0.1,19,0.0006353591321857808,0.0006353259151374911
6,5,32,32,0.06451612903225806,0.5,1,0.28298042829969156,0.28341809841523946
6,5,32,32,0.06451612903225806,0.5,3,0.09259527051408775,0.09246806706769489
6,5,32,32,0.06451612903225806,0.5,5,0.05547609376051155,0.05538959951162617
6,5,32,32,0.06451612903225806,0.5,7,0.039609857913182445,0.03954613424077738
6,5,32,32,0.06451612903225806,0.5,9,0.030802573532504166,0.030752394938685125
6,5,32,32,0.06451612903225806,0.5,11,0.025199996509441294,0.025158687349822663
6,5,32,32,0.06451612903225806,0.5,13,0.02132204767795243,0.021286970462701164
6,5,32,32,0.06451612903225806,0.5,15,0.01847854998177024,0.018448082766935756
6,5,32,32,0.06451612903225806,0.5,17,0.01630427389157673,0.0162773516021795
6,5,32,32,0.06451612903225806,0.5,19,0.014587828116124562,0.014563715014965206
6,5,32,32,0.06451612903225806,1.0,1,0.929060903015451,0.9288179043333388
6,5,32,32,0.06451612903225806,1.0,3,0.29265239626357226,0.2921459640995482
6,5,32,32,0.06451612903225806,1.0,5,0.1746891426889684,0.17462209132219328
6,5,32,32,0.06451612903225806,1.0,7,0.1245990648301072,0.12460158596192475
6,5,32,32,0.06451612903225806,1.0,9,0.09685300095626624,0.09687145581621469
6,5,32,32,0.06451612903225806,1.0,11,0.07921957652301895,0.07924157129820882
6,5,32,32,0.06451612903225806,1.0,13,0.06702036701086601,0.067042350115898
6,5,32,32,0.06451612903225806,1.0,15,0.0580780183167059,0.05809890924366026
6,5,32,32,0.06451612903225806,1.0,17,0.05124159469178367,0.05126111424592572
6,5,32,32,0.06451612903225806,1.0,19,0.04584541128031446,0.04586355856285106
7,5,32,32,0.06451612903225806,0.1,1,0.012289795904294808,0.012289795904295263
7,5,32,32,0.06451612903225806,0.1,3,0.004092431962329406,0.004092431962329768
7,5,32,32,0.06451612903225806,0.1,5,0.0024552505430488975,0.002455250543047775
7,5,32,32,0.06451612903225806,0.1,7,0.0017537090898056185,0.0017537090898074542
7,5,32,32,0.06451612903225806,0.1,9,0.0013639827155903265,0.0013639827155928136
7,5,32,32,0.06451612903225806,0.1,11,0.0011159803688189883,0.0011159803688188382
7,5,32,32,0.06451612903225806,0.1,13,0.0009442884086321979,0.0009442884086348931
7,5,32,32,0.06451612903225806,0.1,15,0.0008183818338200151,0.0008183818338166248
7,5,32,32,0.06451612903225806,0.1,17,0.0007221007607220472,0.0007221007607311045
7,5,32,32,0.06451612903225806,0.1,19,0.0006460896163901004,0.0006460896163898736
7,5,32,32,0.06451612903225806,0.5,1,0.28882212476713387,0.2888221247671349
7,5,32,32,0.06451612903225806,0.5,3,0.09427851094974082,0.09427851094974231
7,5,32,32,0.06451612903225806,0.5,5,0.0564662102566764,0.05646621025667788
7,5,32,32,0.06451612903225806,0.5,7,0.04031252266541468,0.040312522665416184
7,5,32,32,0.06451612903225806,0.5,9,0.031347528395064585,0.031347528395064495
7,5,32,32,0.06451612903225806,0.5,11,0.025645199057064402,0.025645199057065072
7,5,32,32,0.06451612903225806,0.5,13,0.021698425205390753,0.021698425205397616
7,5,32,32,0.06451612903225806,0.5,15,0.01880456093172311,0.018804560931724473
7,5,32,32,0.06451612903225806,0.5,17,0.016591821885620618,0.016591821885619324
7,5,32,32,0.06451612903225806,0.5,19,0.014845039308272035,0.014845039308276912
7,5,32,32,0.06451612903225806,1.0,1,0.9523396031146997,0.9523396031147005
7,5,32,32,0.06451612903225806,1.0,3,0.29816184465784806,0.2981618446578495
7,5,32,32,0.06451612903225806,1.0,5,0.17802972516207388,0.17802972516207727
7,5,32,32,0.06451612903225806,1.0,7,0.12699568878262743,0.12699568878263037
7,5,32,32,0.06451612903225806,1.0,9,0.09872076592255702,0.09872076592256206
7,5,32,32,0.06451612903225806,1.0,11,0.08074935737221871,0.08074935737222023
7,5,32,32,0.06451612903225806,1.0,13,0.06831559762167401,0.06831559762167835
7,5,32,32,0.06451612903225806,1.0,15,0.05920099250065223,0.05920099250065891
7,5,32,32,0.06451612903225806,1.0,17,0.05223271644838258,0.05223271644838805
7,5,32,32,0.06451612903225806,1.0,19,0.046732369830565675,0.04673236983057104
8,5,32,32,0.06451612903225806,0.1,1,0.012143385889696295,0.012148504034217187
8,5,32,32,0.06451612903225806,0.1,3,0.004044229877020426,0.004045754905728432
8,5,32,32,0.06451612903225806,0.1,5,0.002426367025044182,0.002427273182703166
8,5,32,32,0.06451612903225806,0.1,7,0.001733085675877664,0.001733731184632693
8,5,32,32,0.06451612903225806,0.1,9,0.001347944762782152,0.0013484462657571282
8,5,32,32,0.06451612903225806,0.1,11,0.0011028594393140848,0.0011032695281898467
8,5,32,32,0.06451612903225806,0.1,13,0.0009331865870556844,0.0009335334725478355
8,5,32,32,0.06451612903225806,0.1,15,0.0008087605292313261,0.0008090611019829309
8,5,32,32,0.06451612903225806,0.1,17,0.0007136115361101338,0.0007138767112140967
8,5,32,32,0.06451612903225806,0.1,19,0.0006384940959344505,0.0006387313351639304
8,5,32,32,0.06451612903225806,0.5,1,0.2839826628498077,0.2843028105235083
8,5,32,32,0.06451612903225806,0.5,3,0.09270028514580682,0.09271941233302543
8,5,32,32,0.06451612903225806,0.5,5,0.05552876892654838,0.05553406034542176
8,5,32,32,0.06451612903225806,0.5,7,0.03964546491246599,0.03964798127357793
8,5,32,32,0.06451612903225806,0.5,9,0.030829623453738245,0.030831171618288664
8,5,32,32,0.06451612903225806,0.5,11,0.025221861652704316,0.02522295807505241
8,5,32,32,0.06451612903225806,0.5,13,0.021340419275826663,0.02134126393574462
8,5,32,32,0.06451612903225806,0.5,15,0.018494401544317904,0.018495088334204615
8,5,32,32,0.06451612903225806,0.5,17,0.01631821900674295,0.016318798287540393
8,5,32,32,0.06451612903225806,0.5,19,0.014600279256232153,0.01460078079111316
8,5,32,32,0.06451612903225806,1.0,1,0.9270128034196197,0.9281455842281922
8,5,32,32,0.06451612903225806,1.0,3,0.2891658212374614,0.2891995637840145
8,5,32,32,0.06451612903225806,1.0,5,0.1725589736109051,0.1725397632032896
8,5,32,32,0.06451612903225806,1.0,7,0.12307203732213307,0.12304935868682272
8,5,32,32,0.06451612903225806,1.0,9,0.09566375982869887,0.09564308445481444
8,5,32,32,0.06451612903225806,1.0,11,0.07824595431009738,0.07822774537698027
8,5,32,32,0.06451612903225806,1.0,13,0.0661962469514039,0.06618020064817492
8,5,32,32,0.06451612903225806,1.0,15,0.05736362852250061,0.05734937118984282
8,5,32,32,0.06451612903225806,1.0,17,0.0506111620341343,0.050598374081346785
8,5,32,32,0.06451612903225806,1.0,19,0.04528128478666546,0.04526971193069095
9,5,32,32,0.06451612903225806,0.1,1,0.012041478372763327,0.012046750586045426
9,5,32,32,0.06451612903225806,0.1,3,0.004010472874566804,0.004012040483306579
9,5,32,32,0.06451612903225806,0.1,5,0.002406122961744175,0.00240705435335528
9,5,32,32,0.06451612903225806,0.1,7,0.0017186276249351643,0.0017192910981731302
9,5,32,32,0.06451612903225806,0.1,9,0.0013367002502792838,0.0013372157066920082
9,5,32,32,0.06451612903225806,0.1,11,0.0010936596479452722,0.001094081145470689
9,5,32,32,0.06451612903225806,0.1,13,0.0009254022768380514,0.0009257588120074164
9,5,32,32,0.06451612903225806,0.1,15,0.0008020141969846216,0.0008023231307398417
9,5,32,32,0.06451612903225806,0.1,17,0.0007076589312546368,0.0007079314824884349
9,5,32,32,0.06451612903225806,0.1,19,0.0006331681069379695,0.0006334119451065047
9,5,32,32,0.06451612903225806,0.5,1,0.28209655509942433,0.28214277117180797
9,5,32,32,0.06451612903225806,0.5,3,0.09219208062033303,0.09209741490115884
9,5,32,32,0.06451612903225806,0.5,5,0.055228912614339085,0.05516597129292996
9,5,32,32,0.06451612903225806,0.5,7,0.039432267014284046,0.03938608395306462
9,5,32,32,0.06451612903225806,0.5,9,0.030664117053640617,0.0306278032174362
9,5,32,32,0.06451612903225806,0.5,11,0.025086577242834165,0.025056702585303875
9,5,32,32,0.06451612903225806,0.5,13,0.0212260110249503,0.02120065290347812
9,5,32,32,0.06451612903225806,0.5,15,0.018395282060137692,0.018373261733552783
9,5,32,32,0.06451612903225806,0.5,17,0.01623078087777588,0.016211325642189883
9,5,32,32,0.06451612903225806,0.5,19,0.014522057835648828,0.014504634495413303
9,5,32,32,0.06451612903225806,1.0,1,0.9251760319538356,0.9236400796588629
9,5,32,32,0.06451612903225806,1.0,3,0.289780887611637,0.288321609979526
9,5,32,32,0.06451612903225806,1.0,5,0.17295508372630033,0.17206065925751174
9,5,32,32,0.06451612903225806,1.0,7,0.12336001767873679,0.12271820586979694
9,5,32,32,0.06451612903225806,1.0,9,0.09588933324262322,0.09538928053290471
9,5,32,32,0.06451612903225806,1.0,11,0.07843116772596882,0.07802168856200106
9,5,32,32,0.06451612903225806,1.0,13,0.06635328277580116,0.06600663589279027
9,5,32,32,0.06451612903225806,1.0,15,0.057499898107266446,0.057199382465835884
9,5,32,32,0.06451612903225806,1.0,17,0.05073150110941125,0.050466288575718436
9,5,32,32,0.06451612903225806,1.0,19,0.04538902002330284,0.045151692359924174
10,5,32,32,0.06451612903225806,0.1,1,0.01019868181393465,0.013106872518130443
10,5,32,32,0.06451612903225806,0.1,3,0.0033956938557480137,0.004365206465342983
10,5,32,32,0.06451612903225806,0.1,5,0.0020372311233782603,0.0026189440911871266
10,5,32,32,0.06451612903225806,0.1,7,0.0014551286516883103,0.001870638974688327
10,5,32,32,0.06451612903225806,0.1,9,0.001131755067513555,0.0014549301022710446
10,5,32,32,0.06451612903225806,0.1,11,0.0009259765892262478,0.0011903926671408853
10,5,32,32,0.06451612903225806,0.1,13,0.000783516302043325,0.0010072530516740481
10,5,32,32,0.06451612903225806,0.1,15,0.0006790461837578578,0.0008729514038975991
10,5,32,32,0.06451612903225806,0.1,17,0.000599157643806508,0.0007702505070318314
10,5,32,32,0.06451612903225806,0.1,19,0.0005360879453438529,0.000689171047220507
10,5,32,32,0.06451612903225806,0.5,1,0.23994025260020296,0.30532339013698356
10,5,32,32,0.06451612903225806,0.5,3,0.07786688054801688,0.09973185285653366
10,5,32,32,0.06451612903225806,0.5,5,0.04662409336855737,0.05974421058691125
10,5,32,32,0.06451612903225806,0.5,7,0.033284117220149,0.04265581394591021
10,5,32,32,0.06451612903225806,0.5,9,0.025881636179720457,0.033170788913547876
10,5,32,32,0.06451612903225806,0.5,11,0.0211733964279457,0.027137270879429323
10,5,32,32,0.06451612903225806,0.5,13,0.01791474055882781,0.02296110649993108
10,5,32,32,0.06451612903225806,0.5,15,0.015525450533933813,0.01989897340970143
10,5,32,32,0.06451612903225806,0.5,17,0.01369853900661936,0.017557533134945656
10,5,32,32,0.06451612903225806,0.5,19,0.012256344175586128,0.0157091304917158
10,5,32,32,0.06451612903225806,1.0,1,0.802246288626032,0.9798741630238621
10,5,32,32,0.06451612903225806,1.0,3,0.2474010838267745,0.3071030818192324
10,5,32,32,0.06451612903225806,1.0,5,0.14760942189954726,0.18335186426253897
10,5,32,32,0.06451612903225806,1.0,7,0.10527349346574472,0.13078667863356427
10,5,32,32,0.06451612903225806,1.0,9,0.08182776266722448,0.10166570963819281
10,5,32,32,0.06451612903225806,1.0,11,0.06692863867622209,0.08315732094624792
10,5,32,32,0.06451612903225806,1.0,13,0.056621543122058283,0.07035234655735707
10,5,32,32,0.06451612903225806,1.0,15,0.049066361375155076,0.06096575869775509
10,5,32,32,0.06451612903225806,1.0,17,0.0432905218139698,0.053789616260009214
10,5,32,32,0.06451612903225806,1.0,19,0.03873153827362823,0.048125229997734366
11,5,32,32,0.06451612903225806,0.1,1,0.012232697114015291,0.01212187659778992
11,5,32,32,0.06451612903225806,0.1,3,0.00407363878172259,0.0040364514496005165
11,5,32,32,0.06451612903225806,0.1,5,0.0024439752488649063,0.002421627266084886
11,5,32,32,0.06451612903225806,0.1,7,0.0017456521087376533,0.0017296778674856616
11,5,32,32,0.06451612903225806,0.1,9,0.001357714059476586,0.0013452846201330263
11,5,32,32,0.06451612903225806,0.1,11,0.001110850138645686,0.0011006779461995814
11,5,32,32,0.06451612903225806,0.1,13,0.0009399465766685595,0.0009313377712011769
11,5,32,32,0.06451612903225806,0.1,15,0.0008146183207759683,0.0008071563552049307
11,5,32,32,0.06451612903225806,0.1,17,0.0007187795940573699,0.0007121948285809596
11,5,32,32,0.06451612903225806,0.1,19,0.0006431177384323742,0.0006372256255012462
11,5,32,32,0.06451612903225806,0.5,1,0.2862258350683793,0.2845147035097423
11,5,32,32,0.06451612903225806,0.5,3,0.09338586110417657,0.09283370987282044
11,5,32,32,0.06451612903225806,0.5,5,0.05593290799298371,0.0556046809614099
11,5,32,32,0.06451612903225806,0.5,7,0.03993206306664047,0.039698279862545933
11,5,32,32,0.06451612903225806,0.5,9,0.031051667293877802,0.030870055253092808
11,5,32,32,0.06451612903225806,0.5,11,0.02540309252357651,0.025254592647650197
11,5,32,32,0.06451612903225806,0.5,13,0.02149351365857922,0.02136790465744024
11,5,32,32,0.06451612903225806,0.5,15,0.01862692310414229,0.018518086217031778
11,5,32,32,0.06451612903225806,0.5,17,0.016435042547706735,0.01633902420945181
11,5,32,32,0.06451612903225806,0.5,19,0.014704730308258399,0.014618828004907705
11,5,32,32,0.06451612903225806,1.0,1,0.9358130246695687,0.9337532401587504
11,5,32,32,0.06451612903225806,1.0,3,0.29301986031872057,0.2931210517407971
11,5,32,32,0.06451612903225806,1.0,5,0.17494127984097407,0.17502329215662013
11,5,32,32,0.06451612903225806,1.0,7,0.12478955614303416,0.12484124831855688
11,5,32,32,0.06451612903225806,1.0,9,0.09700503923257556,0.0970400668126409
11,5,32,32,0.06451612903225806,1.0,11,0.07934599883975858,0.07937108284182981
11,5,32,32,0.06451612903225806,1.0,13,0.06712830456017804,0.06714732132635891
11,5,32,32,0.06451612903225806,1.0,15,0.05817207816634851,0.05818710361086827
11,5,32,32,0.06451612903225806,1.0,17,0.051324886046674484,0.051337134806382904
11,5,32,32,0.06451612903225806,1.0,19,0.045920118370900175,0.045930350278232036
12,5,32,32,0.06451612903225806,0.1,1,0.013149363644820241,0.012691607158003269
12,5,32,32,0.06451612903225806,0.1,3,0.004376075712821801,0.004222350560560157
12,5,32,32,0.06451612903225806,0.1,5,0.0026250745505452234,0.0025327160315747523
12,5,32,32,0.06451612903225806,0.1,7,0.001874898488762374,0.0018088912470416497
12,5,32,32,0.06451612903225806,0.1,9,0.0014581915402577179,0.0014068368236572527
12,5,32,32,0.06451612903225806,0.1,11,0.0011930343144361671,0.0011510086728622922
12,5,32,32,0.06451612903225806,0.1,13,0.0010094725993123142,0.0009739076900119282
12,5,32,32,0.06451612903225806,0.1,15,0.0008748650421919184,0.0008440391106649938
12,5,32,32,0.06451612903225806,0.1,17,0.0007719322863131888,0.0007447309086410372
12,5,32,32,0.06451612903225806,0.1,19,0.0006906710477420606,0.0006663315442350904
12,5,32,32,0.06451612903225806,0.5,1,0.3073867143033859,0.29746648687431365
12,5,32,32,0.06451612903225806,0.5,3,0.10006805307037694,0.09648692911859243
12,5,32,32,0.06451612903225806,0.5,5,0.05989762958687122,0.057731724513388136
12,5,32,32,0.06451612903225806,0.5,7,0.04275040630337684,0.0411989163327518
12,5,32,32,0.06451612903225806,0.5,9,0.03323784829493562,0.032029387453223784
12,5,32,32,0.06451612903225806,0.5,11,0.027188737415944915,0.02619913482781976
12,5,32,32,0.06451612903225806,0.5,13,0.023002659813423046,0.022164816774504145
12,5,32,32,0.06451612903225806,0.5,15,0.01993371666595189,0.01920728446952078
12,5,32,32,0.06451612903225806,0.5,17,0.017587331554974373,0.016946162460991294
12,5,32,32,0.06451612903225806,0.5,19,0.015735186203506037,0.015161369822841836
12,5,32,32,0.06451612903225806,1.0,1,0.9949933780317469,0.9676832033885479
12,5,32,32,0.06451612903225806,1.0,3,0.31385301885839784,0.30007894670684315
12,5,32,32,0.06451612903225806,1.0,5,0.18710022349076152,0.1787795418786142
12,5,32,32,0.06451612903225806,1.0,7,0.13335787752763928,0.1274132654774611
12,5,32,32,0.06451612903225806,1.0,9,0.10361718989486796,0.09899564484117623
12,5,32,32,0.06451612903225806,1.0,11,0.08472810614636313,0.08094861858649233
12,5,32,32,0.06451612903225806,1.0,13,0.07166604417568748,0.06846931668026449
12,5,32,32,0.06451612903225806,1.0,15,0.06209437222888578,0.05932481436812504
12,5,32,32,0.06451612903225806,1.0,17,0.05477869602859355,0.05233565766627663
12,5,32,32,0.06451612903225806,1.0,19,0.04900539181039635,0.04682003194639874
13,5,32,32,0.06451612903225806,0.1,1,0.011594823235677244,0.011594823235677941
13,5,32,32,0.06451612903225806,0.1,3,0.003854798651711525,0.003854798651714534
13,5,32,32,0.06451612903225806,0.1,5,0.002312217535924451,0.0023122175359268607
13,5,32,32,0.06451612903225806,0.1,7,0.0016514449826040018,0.00165144498260645
13,5,32,32,0.06451612903225806,0.1,9,0.0012844116822308647,0.0012844116822341891
13,5,32,32,0.06451612903225806,0.1,11,0.0010508632255166624,0.0010508632255192983
13,5,32,32,0.06451612903225806,0.1,13,0.0008891826296793193,0.0008891826296833513
13,5,32,32,0.06451612903225806,0.1,15,0.0007706198543145885,0.0007706198543173142
13,5,32,32,0.06451612903225806,0.1,17,0.0006799556857315615,0.0006799556857466165
13,5,32,32,0.06451612903225806,0.1,19,0.0006083795121360357,0.0006083795121393326
13,5,32,32,0.06451612903225806,0.5,1,0.27227993568522274,0.2722799356852235
13,5,32,32,0.06451612903225806,0.5,3,0.08759218523853472,0.08759218523853718
13,5,32,32,0.06451612903225806,0.5,5,0.052341153876296606,0.05234115387630132
13,5,32,32,0.06451612903225806,0.5,7,0.03733547297827821,0.03733547297827983
13,5,32,32,0.06451612903225806,0.5,9,0.02902029317941696,0.02902029317941766
13,5,32,32,0.06451612903225806,0.5,11,0.023735643171532216,0.023735643171535183
13,5,32,32,0.06451612903225806,0.5,13,0.020079787286828823,0.020079787286835626
13,5,32,32,0.06451612903225806,0.5,15,0.017400105240811415,0.0174001052408254
13,5,32,32,0.06451612903225806,0.5,17,0.015351596166008346,0.015351596166009769
13,5,32,32,0.06451612903225806,0.5,19,0.01373471959694478,0.013734719596957018
13,5,32,32,0.06451612903225806,1.0,1,0.8864924475600783,0.8864924475600802
13,5,32,32,0.06451612903225806,1.0,3,0.2649688325759893,0.26496883257599124
13,5,32,32,0.06451612903225806,1.0,5,0.15700096407134348,0.15700096407134495
13,5,32,32,0.06451612903225806,1.0,7,0.11169666359602066,0.11169666359602518
13,5,32,32,0.06451612903225806,1.0,9,0.08672030557396682,0.0867203055739687
13,5,32,32,0.06451612903225806,1.0,11,0.07088561657320545,0.07088561657320637
13,5,32,32,0.06451612903225806,1.0,13,0.05994630534266845,0.059946305342672195
13,5,32,32,0.06451612903225806,1.0,15,0.051934674621080985,0.051934674621086196
13,5,32,32,0.06451612903225806,1.0,17,0.04581346757873038,0.04581346757873268
13,5,32,32,0.06451612903225806,1.0,19,0.040983866693618524,0.04098386669362458
14,5,32,32,0.06451612903225806,0.1,1,0.01159438923016242,0.011593814301340202
14,5,32,32,0.06451612903225806,0.1,3,0.0038619178869496672,0.003861896296885704
14,5,32,32,0.06451612903225806,0.1,5,0.0023170125736683062,0.0023170078615796
14,5,32,32,0.06451612903225806,0.1,7,0.0016549817713292815,0.00165498003704196
14,5,32,32,0.06451612903225806,0.1,9,0.001287199327993898,0.0012871985040744246
14,5,32,32,0.06451612903225806,0.1,11,0.0010531594735208169,0.0010531590179368186
14,5,32,32,0.06451612903225806,0.1,13,0.0008911331793301428,0.000891132900718267
14,5,32,32,0.06451612903225806,0.1,15,0.000772314464384094,0.0007723142813235397
14,5,32,32,0.06451612903225806,0.1,17,0.000681453373940899,0.000681453247024882
14,5,32,32,0.06451612903225806,0.1,19,0.0006097210849423596,0.0006097209932020358
14,5,32,32,0.06451612903225806,0.5,1,0.272894063757921,0.27253883391234407
14,5,32,32,0.06451612903225806,0.5,3,0.08937296208186023,0.08936000973588563
14,5,32,32,0.06451612903225806,0.5,5,0.0535489863683826,0.05354629614938227
14,5,32,32,0.06451612903225806,0.5,7,0.03823458428502528,0.03823364437589475
14,5,32,32,0.06451612903225806,0.5,9,0.029733309593984514,0.029732886521698105
14,5,32,32,0.06451612903225806,0.5,11,0.0243253067431167,0.024325085531173987
14,5,32,32,0.06451612903225806,0.5,13,0.020582004502488174,0.020581876853216746
14,5,32,32,0.06451612903225806,0.5,15,0.01783722205761905,0.017837143105886112
14,5,32,32,0.06451612903225806,0.5,17,0.015738421511781592,0.015738370120573535
14,5,32,32,0.06451612903225806,0.5,19,0.014081554920232177,0.014081520146223141
14,5,32,32,0.06451612903225806,1.0,1,0.9059632351419394,0.9009805847219141
14,5,32,32,0.06451612903225806,1.0,3,0.28580654116321813,0.28557629607925655
14,5,32,32,0.06451612903225806,1.0,5,0.17070768444410483,0.17065920702474774
14,5,32,32,0.06451612903225806,1.0,7,0.12178151597853894,0.12176444608818061
14,5,32,32,0.06451612903225806,1.0,9,0.09467014128978252,0.0946624029089399
14,5,32,32,0.06451612903225806,1.0,11,0.07743716740276337,0.07743309083282258
14,5,32,32,0.06451612903225806,1.0,13,0.0655139131364975,0.06551154124408308
14,5,32,32,0.06451612903225806,1.0,15,0.056773369983062406,0.05677188924180559
14,5,32,32,0.06451612903225806,1.0,17,0.050090990995237936,0.05009001691781946
14,5,32,32,0.06451612903225806,1.0,19,0.04481627234498455,0.04481560524324086
15,5,32,32,0.06451612903225806,0.1,1,0.012489442770325791,0.012087614135099926
15,5,32,32,0.06451612903225806,0.1,3,0.004157805168554209,0.004025193140862349
15,5,32,32,0.06451612903225806,0.1,5,0.0024943039178424737,0.0024149065515182136
15,5,32,32,0.06451612903225806,0.1,7,0.0017815485059257258,0.0017248890821632266
15,5,32,32,0.06451612903225806,0.1,9,0.0013856106692055148,0.0013415653329375808
15,5,32,32,0.06451612903225806,0.1,11,0.0011336627418286067,0.0010976377443605364
15,5,32,32,0.06451612903225806,0.1,13,0.0009592425724227074,0.0009287669939740055
15,5,32,32,0.06451612903225806,0.1,15,0.0008313370798062998,0.000804929443553372
15,5,32,32,0.06451612903225806,0.1,17,0.0007335284444239383,0.0007102306526686957
15,5,32,32,0.06451612903225806,0.1,19,0.0006563119610545309,0.0006354687359002137
15,5,32,32,0.06451612903225806,0.5,1,0.2922559878232587,0.28301092197505695
15,5,32,32,0.06451612903225806,0.5,3,0.09529783880164469,0.09223578919593428
15,5,32,32,0.06451612903225806,0.5,5,0.05707605200789381,0.05523107653327176
15,5,32,32,0.06451612903225806,0.5,7,0.04074718959828911,0.03942713772630962
15,5,32,32,0.06451612903225806,0.5,9,0.031684984267074834,0.030657396195900105
15,5,32,32,0.06451612903225806,0.5,11,0.025920888559419007,0.025079705005038404
15,5,32,32,0.06451612903225806,0.5,13,0.021931420669365626,0.021219410918517992
15,5,32,32,0.06451612903225806,0.5,15,0.019006292784931284,0.0183890718793106
15,5,32,32,0.06451612903225806,0.5,17,0.016769676975454846,0.01622497517825674
15,5,32,32,0.06451612903225806,0.5,19,0.01500406552245965,0.014516635417526746
15,5,32,32,0.06451612903225806,1.0,1,0.947282699354882,0.9293652390329752
15,5,32,32,0.06451612903225806,1.0,3,0.3000929167093181,0.29057741927108993
15,5,32,32,0.06451612903225806,1.0,5,0.17914597246009203,0.17317401253024817
15,5,32,32,0.06451612903225806,1.0,7,0.1277540130067499,0.12342598415428
15,5,32,32,0.06451612903225806,1.0,9,0.09928950556631683,0.09589957102424028
15,5,32,32,0.06451612903225806,1.0,11,0.08120257158277801,0.0784175853959746
15,5,32,32,0.06451612903225806,1.0,13,0.0686915734228889,0.06632871243276825
15,5,32,32,0.06451612903225806,1.0,15,0.05952188460595958,0.05747019797581368
15,5,32,32,0.06451612903225806,1.0,17,0.05251242702023582,0.05069957665786459
15,5,32,32,0.06451612903225806,1.0,19,0.04698016806922631,0.04535639144088221
16,5,32,32,0.06451612903225806,0.1,1,0.011597130941354674,0.01159692653536459
16,5,32,32,0.06451612903225806,0.1,3,0.003862281701221115,0.0038622741311755493
16,5,32,32,0.06451612903225806,0.1,5,0.002317204608975806,0.002317202973853483
16,5,32,32,0.06451612903225806,0.1,7,0.0016551137971829914,0.0016551132013025158
16,5,32,32,0.06451612903225806,0.1,9,0.0012873003764003966,0.001287300096033804
16,5,32,32,0.06451612903225806,0.1,11,0.001053241474019638,0.0010532413204648683
16,5,32,32,0.06451612903225806,0.1,13,0.000891202237131486,0.0008912021441097223
16,5,32,32,0.06451612903225806,0.1,15,0.000772374137352039,0.000772374076800378
16,5,32,32,0.06451612903225806,0.1,17,0.0006815059225865478,0.0006815058810039932
16,5,32,32,0.06451612903225806,0.1,19,0.0006097680372191635,0.0006097680074318398
16,5,32,32,0.06451612903225806,0.5,1,0.2733637673698428,0.2732547637987462
16,5,32,32,0.06451612903225806,0.5,3,0.0891923423086252,0.08918842274345888
16,5,32,32,0.06451612903225806,0.5,5,0.05342486469245263,0.0534240197457547
16,5,32,32,0.06451612903225806,0.5,7,0.03814283581102645,0.038142528050125676
16,5,32,32,0.06451612903225806,0.5,9,0.029660962076087885,0.029660817303808113
16,5,32,32,0.06451612903225806,0.5,11,0.024265704758463985,0.024265625474175108
16,5,32,32,0.06451612903225806,0.5,13,0.020531373421655508,0.02053132539219699
16,5,32,32,0.06451612903225806,0.5,15,0.017793233882783886,0.017793202618628778
16,5,32,32,0.06451612903225806,0.5,17,0.015699544844370184,0.015699523367925804
16,5,32,32,0.06451612903225806,0.5,19,0.014046730686412405,0.014046715303457176
16,5,32,32,0.06451612903225806,1.0,1,0.9098006013866451,0.9086299281242765
16,5,32,32,0.06451612903225806,1.0,3,0.28250862635611074,0.2824762651504903
16,5,32,32,0.06451612903225806,1.0,5,0.16852632808118945,0.16851944867176735
16,5,32,32,0.06451612903225806,1.0,7,0.12018322568057001,0.12018072804469127
16,5,32,32,0.06451612903225806,1.0,9,0.09341414254002912,0.09341296910513684
16,5,32,32,0.06451612903225806,1.0,11,0.07640419642081432,0.07640355418470805
16,5,32,32,0.06451612903225806,1.0,13,0.06463726642923433,0.06463687750510688
16,5,32,32,0.06451612903225806,1.0,15,0.05601220065069283,0.056011947539943506
16,5,32,32,0.06451612903225806,1.0,17,0.049418541471416236,0.04941836762564557
16,5,32,32,0.06451612903225806,1.0,19,0.04421408742347693,0.04421396291504426
17,5,32,32,0.06451612903225806,0.1,1,0.013187636318724761,0.012265531473095913
17,5,32,32,0.06451612903225806,0.1,3,0.004392712826859831,0.004079344061563324
17,5,32,32,0.06451612903225806,0.1,5,0.002635438413392842,0.002446801402651842
17,5,32,32,0.06451612903225806,0.1,7,0.0018824121524859798,0.0017474904700993737
17,5,32,32,0.06451612903225806,0.1,9,0.0014640822415968207,0.0013590664788859783
17,5,32,32,0.06451612903225806,0.1,11,0.001197877957430491,0.0011119165083030413
17,5,32,32,0.06451612903225806,0.1,13,0.00101358497533315,0.0009408254256783908
17,5,32,32,0.06451612903225806,0.1,15,0.0008784378793849742,0.0008153651041192855
17,5,32,32,0.06451612903225806,0.1,17,0.0007750906814376888,0.0007194284899807178
17,5,32,32,0.06451612903225806,0.1,19,0.000693501124927268,0.0006436912516295676
17,5,32,32,0.06451612903225806,0.5,1,0.3079662379712088,0.28823733855895156
17,5,32,32,0.06451612903225806,0.5,3,0.1011945478241332,0.09325210983009369
17,5,32,32,0.06451612903225806,0.5,5,0.06062948188903037,0.05576321606699181
17,5,32,32,0.06451612903225806,0.5,7,0.043286855998388114,0.039784229474989156
17,5,32,32,0.06451612903225806,0.5,9,0.03366034916763441,0.0309253510926655
17,5,32,32,0.06451612903225806,0.5,11,0.027536965304993256,0.025293896161067028
17,5,32,32,0.06451612903225806,0.5,13,0.023298731526902414,0.021397713522513826
17,5,32,32,0.06451612903225806,0.5,15,0.02019118011231974,0.018541743435583638
17,5,32,32,0.06451612903225806,0.5,17,0.01781507442853895,0.016358436522609203
17,5,32,32,0.06451612903225806,0.5,19,0.015939349313573055,0.014635168459384309
17,5,32,32,0.06451612903225806,1.0,1,0.9999085038544827,0.9449636519691449
17,5,32,32,0.06451612903225806,1.0,3,0.3235616200065598,0.29384579321763843
17,5,32,32,0.06451612903225806,1.0,5,0.19317886856352934,0.17485809753091705
17,5,32,32,0.06451612903225806,1.0,7,0.13771822352529786,0.12453603928661491
17,5,32,32,0.06451612903225806,1.0,9,0.10700515024053428,0.09672095838112234
17,5,32,32,0.06451612903225806,1.0,11,0.08749494523259871,0.07906716827225406
17,5,32,32,0.06451612903225806,1.0,13,0.07400295347449092,0.06686496335570859
17,5,32,32,0.06451612903225806,1.0,15,0.06411642867019711,0.05792632526525853
17,5,32,32,0.06451612903225806,1.0,17,0.056560384544347204,0.051096167349284106
17,5,32,32,0.06451612903225806,1.0,19,0.05059763378436133,0.04570705517671817
18,5,32,32,0.06451612903225806,0.1,1,0.011790734390025504,0.011790734390025539
18,5,32,32,0.06451612903225806,0.1,3,0.003926985206230789,0.003926985206230775
18,5,32,32,0.06451612903225806,0.1,5,0.002356031197009605,0.0023560311970096215
18,5,32,32,0.06451612903225806,0.1,7,0.0016828472818439973,0.0016828472818439999
18,5,32,32,0.06451612903225806,0.1,9,0.0013088707186020441,0.0013088707186021838
18,5,32,32,0.06451612903225806,0.1,11,0.001070889788139023,0.0010708897881389918
18,5,32,32,0.06451612903225806,0.1,13,0.0009061353118204108,0.0009061353118205878
18,5,32,32,0.06451612903225806,0.1,15,0.0007853160503725601,0.0007853160503724651
18,5,32,32,0.06451612903225806,0.1,17,0.0006929251939371064,0.0006929251939371277
18,5,32,32,0.06451612903225806,0.1,19,0.0006199852315908552,0.0006199852315908296
18,5,32,32,0.06451612903225806,0.5,1,0.277278071505617,0.27727807150561784
18,5,32,32,0.06451612903225806,0.5,3,0.09064630665525757,0.09064630665525854
18,5,32,32,0.06451612903225806,0.5,5,0.054305217484061516,0.0543052174840624
18,5,32,32,0.06451612903225806,0.5,7,0.03877324990189314,0.0387732499018936
18,5,32,32,0.06451612903225806,0.5,9,0.03015179726954262,0.03015179726954311
18,5,32,32,0.06451612903225806,0.5,11,0.02466751133316756,0.024667511333167507
18,5,32,32,0.06451612903225806,0.5,13,0.02087146768418843,0.020871467684188905
18,5,32,32,0.06451612903225806,0.5,15,0.018088038776087112,0.01808803877608717
18,5,32,32,0.06451612903225806,0.5,17,0.01595970011168919,0.015959700111689706
18,5,32,32,0.06451612903225806,0.5,19,0.014279522062137456,0.01427952206213856
18,5,32,32,0.06451612903225806,1.0,1,0.917726785285118,0.9177267852851193
18,5,32,32,0.06451612903225806,1.0,3,0.28825966654726265,0.2882596665472647
18,5,32,32,0.06451612903225806,1.0,5,0.17215351681464688,0.1721535168146486
18,5,32,32,0.06451612903225806,1.0,7,0.1228087184212635,0.12280871842126585
18,5,32,32,0.06451612903225806,1.0,9,0.09546717163943279,0.09546717163943409
18,5,32,32,0.06451612903225806,1.0,11,0.07808844374709614,0.07808844374709649
18,5,32,32,0.06451612903225806,1.0,13,0.06606456163336777,0.0660645616333696
18,5,32,32,0.06451612903225806,1.0,15,0.05725035212224092,0.057250352122243324
18,5,32,32,0.06451612903225806,1.0,17,0.05051170538164388,0.05051170538164517
18,5,32,32,0.06451612903225806,1.0,19,0.04519260134032485,0.04519260134032532
19,5,32,32,0.06451612903225806,0.1,1,0.012504672162237732,0.01250647027556231
19,5,32,32,0.06451612903225806,0.1,3,0.004166528105533014,0.004166606092902703
19,5,32,32,0.06451612903225806,0.1,5,0.0024998351709784,0.002499852270169188
19,5,32,32,0.06451612903225806,0.1,7,0.001785580468775889,0.001785586726513918
19,5,32,32,0.06451612903225806,0.1,9,0.0013887796611245884,0.001388782610568
19,5,32,32,0.06451612903225806,0.1,11,0.0011362721360194197,0.0011362737528828354
19,5,32,32,0.06451612903225806,0.1,13,0.0009614600004945041,0.0009614609805389379
19,5,32,32,0.06451612903225806,0.1,15,0.000833264769515275,0.0008332654076865407
19,5,32,32,0.06451612903225806,0.1,17,0.00073523328742629,0.0007352337259330222
19,5,32,32,0.06451612903225806,0.1,19,0.0006578401010542409,0.0006578404151929904
19,5,32,32,0.06451612903225806,0.5,1,0.2936254236592263,0.2940406737209081
19,5,32,32,0.06451612903225806,0.5,3,0.09690117611002819,0.09695153404490099
19,5,32,32,0.06451612903225806,0.5,5,0.05808637585658944,0.05810120761550405
19,5,32,32,0.06451612903225806,0.5,7,0.04147932513820569,0.04148547886546782
19,5,32,32,0.06451612903225806,0.5,9,0.032258166201151885,0.03226125594559269
19,5,32,32,0.06451612903225806,0.5,11,0.02639157713222169,0.026393332459273472
19,5,32,32,0.06451612903225806,0.5,13,0.02233061865065273,0.022331706173019935
19,5,32,32,0.06451612903225806,0.5,15,0.019352813110530304,0.019353531485179466
19,5,32,32,0.06451612903225806,0.5,17,0.017075781571881006,0.017076280046013543
19,5,32,32,0.06451612903225806,0.5,19,0.015278186509007767,0.015278546132198532
19,5,32,32,0.06451612903225806,1.0,1,0.9671229194631379,0.9692388170101901
19,5,32,32,0.06451612903225806,1.0,3,0.31104593896309046,0.31146894125052493
19,5,32,32,0.06451612903225806,1.0,5,0.18558019831382183,0.18574313468340697
19,5,32,32,0.06451612903225806,1.0,7,0.1323172467813282,0.13239986430143302
19,5,32,32,0.06451612903225806,1.0,9,0.10282881238693721,0.10287713281213227
19,5,32,32,0.06451612903225806,1.0,11,0.08409515223909979,0.08412599457021067
19,5,32,32,0.06451612903225806,1.0,13,0.07113824541206674,0.07115914306931406
19,5,32,32,0.06451612903225806,1.0,15,0.061642314199591555,0.06165711105836208
19,5,32,32,0.06451612903225806,1.0,17,0.05438370642807945,0.05439454863390164
19,5,32,32,0.06451612903225806,1.0,19,0.04865489252549833,0.04866306003117171
20,5,32,32,0.06451612903225806,0.1,1,0.01154977094200081,0.012479028153688353
20,5,32,32,0.06451612903225806,0.1,3,0.003848761513285821,0.0041578806251576575
20,5,32,32,0.06451612903225806,0.1,5,0.002309201145172707,0.0024946415468161676
20,5,32,32,0.06451612903225806,0.1,7,0.0016494184160261087,0.001781869719652269
20,5,32,32,0.06451612903225806,0.1,9,0.0012828774779930355,0.0013858931965476074
20,5,32,32,0.06451612903225806,0.1,11,0.0010496255728132868,0.0011339103478893247
20,5,32,32,0.06451612903225806,0.1,13,0.0008881440075386184,0.0009594614985140626
20,5,32,32,0.06451612903225806,0.1,15,0.0007697244216059049,0.0008315326986303575
20,5,32,32,0.06451612903225806,0.1,17,0.0006791683803079731,0.0007337049684720478
20,5,32,32,0.06451612903225806,0.1,19,0.0006076768294487741,0.0006564726445128616
20,5,32,32,0.06451612903225806,0.5,1,0.2718843706070897,0.29330339301867214
20,5,32,32,0.06451612903225806,0.5,3,0.09005744239410211,0.09675645931482009
20,5,32,32,0.06451612903225806,0.5,5,0.05400656436720995,0.05799535129215977
20,5,32,32,0.06451612903225806,0.5,7,0.03857061143762189,0.04141343001754345
20,5,32,32,0.06451612903225806,0.5,9,0.02999760060412653,0.03220662932227452
20,5,32,32,0.06451612903225806,0.5,11,0.024542760602383647,0.0263492918326156
20,5,32,32,0.06451612903225806,0.5,13,0.020766595551713757,0.022294780823417803
20,5,32,32,0.06451612903225806,0.5,15,0.017997522693411004,0.019321722095812077
20,5,32,32,0.06451612903225806,0.5,17,0.015880052997244876,0.017048329692272195
20,5,32,32,0.06451612903225806,0.5,19,0.01420839689385848,0.015253612604670742
20,5,32,32,0.06451612903225806,1.0,1,0.9042917125293914,0.9674567049109839
20,5,32,32,0.06451612903225806,1.0,3,0.29854771423788246,0.3109425761755561
20,5,32,32,0.06451612903225806,1.0,5,0.17884886598138014,0.18545943292602873
20,5,32,32,0.06451612903225806,1.0,7,0.1276910463345862,0.13221984524806066
20,5,32,32,0.06451612903225806,1.0,9,0.09929634595439818,0.10275142262937523
20,5,32,32,0.06451612903225806,1.0,11,0.08123457714479473,0.0840321914349866
20,5,32,32,0.06451612903225806,1.0,13,0.06873309705984733,0.07108563889705467
20,5,32,32,0.06451612903225806,1.0,15,0.05956658455302008,0.0615973228624743
20,5,32,32,0.06451612903225806,1.0,17,0.052557511249429686,0.05434448130778891
20,5,32,32,0.06451612903225806,1.0,19,0.04702436307305139,0.04862015506250703
21,5,32,32,0.06451612903225806,0.1,1,0.01357864713090561,0.012878997779912572
21,5,32,32,0.06451612903225806,0.1,3,0.004520499689450178,0.00428702005868658
21,5,32,32,0.06451612903225806,0.1,5,0.002711877040909043,0.0025718043628876162
21,5,32,32,0.06451612903225806,0.1,7,0.0019369451369875437,0.0018369009179471094
21,5,32,32,0.06451612903225806,0.1,9,0.001506469358853963,0.0014286611152424533
21,5,32,32,0.06451612903225806,0.1,11,0.0012325443849112996,0.0011688853199114946
21,5,32,32,0.06451612903225806,0.1,13,0.0010429100704727591,0.000989046080398359
21,5,32,32,0.06451612903225806,0.1,15,0.0009038479137612115,0.0008571666923588671
21,5,32,32,0.06451612903225806,0.1,17,0.0007975079236902572,0.0007563192357293303
21,5,32,32,0.06451612903225806,0.1,19,0.0007135562888943059,0.0006767037022865791
21,5,32,32,0.06451612903225806,0.5,1,0.3151309981661831,0.2992353264156249
21,5,32,32,0.06451612903225806,0.5,3,0.10279428704898498,0.09718835282115809
21,5,32,32,0.06451612903225806,0.5,5,0.061527242352517594,0.0581803696965953
21,5,32,32,0.06451612903225806,0.5,7,0.04391112916007425,0.041528293848005875
21,5,32,32,0.06451612903225806,0.5,9,0.03413896932367644,0.032289505008619636
21,5,32,32,0.06451612903225806,0.5,11,0.027925085414920444,0.026414033349489722
21,5,32,32,0.06451612903225806,0.5,13,0.023625153153067912,0.022347880116441707
21,5,32,32,0.06451612903225806,0.5,15,0.020472838224154945,0.019366723562069033
21,5,32,32,0.06451612903225806,0.5,17,0.018062770685536356,0.017087375687903396
21,5,32,32,0.06451612903225806,0.5,19,0.016160395429285827,0.015288095483334057
21,5,32,32,0.06451612903225806,1.0,1,1.001161730882155,0.9497359513716354
21,5,32,32,0.06451612903225806,1.0,3,0.31612464433270276,0.2929631984723669
21,5,32,32,0.06451612903225806,1.0,5,0.1880959353301237,0.17480348735896178
21,5,32,32,0.06451612903225806,1.0,7,0.13390329783844873,0.12464449708455021
21,5,32,32,0.06451612903225806,1.0,9,0.10395875372896504,0.09686890333793839
21,5,32,32,0.06451612903225806,1.0,11,0.08496118886485392,0.07922125816086621
21,5,32,32,0.06451612903225806,1.0,13,0.07183481632004436,0.06701468012364926
21,5,32,32,0.06451612903225806,1.0,15,0.062221983488615996,0.058068357486601906
21,5,32,32,0.06451612903225806,1.0,17,0.05487841647328815,0.05122977013672053
21,5,32,32,0.06451612903225806,1.0,19,0.04908536155134847,0.045832441645360156
22,5,32,32,0.06451612903225806,0.1,1,0.012669391968115251,0.012509803221877903
22,5,32,32,0.06451612903225806,0.1,3,0.004219116019163544,0.004165218862895576
22,5,32,32,0.06451612903225806,0.1,5,0.0025312670482407545,0.002498873171710068
22,5,32,32,0.06451612903225806,0.1,7,0.0018080061259144681,0.0017848527593089687
22,5,32,32,0.06451612903225806,0.1,9,0.0014062130177503582,0.0013881988452334427
22,5,32,32,0.06451612903225806,0.1,11,0.0011505318907017868,0.0011357900311372237
22,5,32,32,0.06451612903225806,0.1,13,0.0009735239283862057,0.0009610483460079001
22,5,32,32,0.06451612903225806,0.1,15,0.0008437190110319774,0.00083290578143832
22,5,32,32,0.06451612903225806,0.1,17,0.0007444568941930335,0.0007349151068501996
22,5,32,32,0.06451612903225806,0.1,19,0.0006660923235796423,0.0006575544451047873
22,5,32,32,0.06451612903225806,0.5,1,0.2959574333959518,0.2920129045745912
22,5,32,32,0.06451612903225806,0.5,3,0.09658797741388958,0.09501869438179596
22,5,32,32,0.06451612903225806,0.5,5,0.05785626188053819,0.056902521739230195
22,5,32,32,0.06451612903225806,0.5,7,0.0413066314541572,0.04062296874178053
22,5,32,32,0.06451612903225806,0.5,9,0.03212112218903814,0.03158858494559695
22,5,32,32,0.06451612903225806,0.5,11,0.026278289505592817,0.025842233304441187
22,5,32,32,0.06451612903225806,0.5,13,0.02223417869223507,0.021865033955181707
22,5,32,32,0.06451612903225806,0.5,15,0.01926890666627283,0.018948882738131147
22,5,32,32,0.06451612903225806,0.5,17,0.017001549291604197,0.01671911485146884
22,5,32,32,0.06451612903225806,0.5,19,0.015211641006965239,0.014958897153034913
22,5,32,32,0.06451612903225806,1.0,1,0.9615897630739733,0.9476732710114214
22,5,32,32,0.06451612903225806,1.0,3,0.3036668335486434,0.298932246778091
22,5,32,32,0.06451612903225806,1.0,5,0.1812859387391423,0.1785875449879978
22,5,32,32,0.06451612903225806,1.0,7,0.12929018307831006,0.1274070709082713
22,5,32,32,0.06451612903225806,1.0,9,0.1004891070382634,0.09904333313594996
22,5,32,32,0.06451612903225806,1.0,11,0.08218698706015232,0.08101375584158742
22,5,32,32,0.06451612903225806,1.0,13,0.06952640836822918,0.06853926888928563
22,5,32,32,0.06451612903225806,1.0,15,0.06024666339830862,0.05939466082679231
22,5,32,32,0.06451612903225806,1.0,17,0.05315281813421503,0.052403404611949755
22,5,32,32,0.06451612903225806,1.0,19,0.0475537895480822,0.046884912159599466
23,5,32,32,0.06451612903225806,0.1,1,0.011869338296682281,0.011584566138613504
23,5,32,32,0.06451612903225806,0.1,3,0.003952112021866265,0.0038534870539875298
23,5,32,32,0.06451612903225806,0.1,5,0.002370955135553948,0.002311403175228391
23,5,32,32,0.06451612903225806,0.1,7,0.0016934590159202747,0.0016508114994831008
23,5,32,32,0.06451612903225806,0.1,9,0.001317103122965908,0.0012838861427463036
23,5,32,32,0.06451612903225806,0.1,11,0.0010776142709587246,0.0010504127420403126
23,5,32,32,0.06451612903225806,0.1,13,0.0009118187057529975,0.0008887880881694633
23,5,32,32,0.06451612903225806,0.1,15,0.0007902374762525248,0.0007702688025203369
23,5,32,32,0.06451612903225806,0.1,17,0.0006972647979031717,0.0006796394659481667
23,5,32,32,0.06451612903225806,0.1,19,0.0006238660308779605,0.0006080918345075903
23,5,32,32,0.06451612903225806,0.5,1,0.2799270085644536,0.2741729351989552
23,5,32,32,0.06451612903225806,0.5,3,0.09155478688826661,0.08887975041239031
23,5,32,32,0.06451612903225806,0.5,5,0.054838291730990876,0.05316496840218554
23,5,32,32,0.06451612903225806,0.5,7,0.03914959228050348,0.03793459420821222
23,5,32,32,0.06451612903225806,0.5,9,0.030442451241844175,0.029489135538807953
23,5,32,32,0.06451612903225806,0.5,11,0.024904204416547043,0.024119956790509392
23,5,32,32,0.06451612903225806,0.5,13,0.02107107748801415,0.0204050131900346
23,5,32,32,0.06451612903225806,0.5,15,0.018260601576533784,0.017681787981467113
23,5,32,32,0.06451612903225806,0.5,17,0.016111666040185744,0.01559990311146916
23,5,32,32,0.06451612903225806,0.5,19,0.01441528094628457,0.013956652968769707
23,5,32,32,0.06451612903225806,1.0,1,0.9294106941911494,0.9168446188271633
23,5,32,32,0.06451612903225806,1.0,3,0.2936788578081944,0.28819974395307474
23,5,32,32,0.06451612903225806,1.0,5,0.17539720816516816,0.172307335227417
23,5,32,32,0.06451612903225806,1.0,7,0.12511259486561271,0.1229703980204176
23,5,32,32,0.06451612903225806,1.0,9,0.09725174132936786,0.09560974198223453
23,5,32,32,0.06451612903225806,1.0,11,0.07954427402416855,0.07821161148452178
23,5,32,32,0.06451612903225806,1.0,13,0.06729375494260383,0.06617162452148304
23,5,32,32,0.06451612903225806,1.0,15,0.05831389251892006,0.057344476755080684
23,5,32,32,0.06451612903225806,1.0,17,0.05144890287875837,0.050595410620082354
23,5,32,32,0.06451612903225806,1.0,19,0.046030267122954174,0.04526781748049324
24,5,32,32,0.06451612903225806,0.1,1,0.012699223647080156,0.012529597054897512
24,5,32,32,0.06451612903225806,0.1,3,0.004229098880272921,0.004172261246880933
24,5,32,32,0.06451612903225806,0.1,5,0.0025372568899946425,0.0025031513738360545
24,5,32,32,0.06451612903225806,0.1,7,0.0018122843253518756,0.0017879247090805193
24,5,32,32,0.06451612903225806,0.1,9,0.001409540336594154,0.0013905950786239935
24,5,32,32,0.06451612903225806,0.1,11,0.001153254136963967,0.0011377541943087574
24,5,32,32,0.06451612903225806,0.1,13,0.0009758272991658181,0.0009627124424197954
24,5,32,32,0.06451612903225806,0.1,15,0.0008457152193313671,0.0008343493399610305
24,5,32,32,0.06451612903225806,0.1,17,0.0007462182216990362,0.0007361897398150403
24,5,32,32,0.06451612903225806,0.1,19,0.0006676682242529791,0.0006586955451242434
24,5,32,32,0.06451612903225806,0.5,1,0.2965805084999991,0.2924925992590128
24,5,32,32,0.06451612903225806,0.5,3,0.09679939008409168,0.0952336465582463
24,5,32,32,0.06451612903225806,0.5,5,0.057983980761868364,0.05703602313412856
24,5,32,32,0.06451612903225806,0.5,7,0.04139807396785951,0.0407194617538606
24,5,32,32,0.06451612903225806,0.5,9,0.032192311784869324,0.03166408201796245
24,5,32,32,0.06451612903225806,0.5,11,0.026336561076632844,0.025904224284706283
24,5,32,32,0.06451612903225806,0.5,13,0.022283496179654454,0.021917612739433538
24,5,32,32,0.06451612903225806,0.5,15,0.019311653313992327,0.018994528495259906
24,5,32,32,0.06451612903225806,0.5,17,0.017039269110890695,0.016759441875388956
24,5,32,32,0.06451612903225806,0.5,19,0.015245391260977402,0.014995015011422756
24,5,32,32,0.06451612903225806,1.0,1,0.9618092275812826,0.9501108717735554
24,5,32,32,0.06451612903225806,1.0,3,0.3032620659259162,0.2999668981866477
24,5,32,32,0.06451612903225806,1.0,5,0.181157662184675,0.17916188953070813
24,5,32,32,0.06451612903225806,1.0,7,0.12923809890026325,0.12780160293642462
24,5,32,32,0.06451612903225806,1.0,9,0.10046639048486539,0.09934336602236822
24,5,32,32,0.06451612903225806,1.0,11,0.08217784412964312,0.08125571594167086
24,5,32,32,0.06451612903225806,1.0,13,0.0695242635038476,0.06874196429971358
24,5,32,32,0.06451612903225806,1.0,15,0.06024838196797043,0.05956904700920828
24,5,32,32,0.06451612903225806,1.0,17,0.053156759173511106,0.05255641686094498
24,5,32,32,0.06451612903225806,1.0,19,0.04755903386240337,0.04702121665367631
25,5,32,32,0.06451612903225806,0.1,1,0.01421080848151379,0.01354335530225358
25,5,32,32,0.06451612903225806,0.1,3,0.004732322068550446,0.004507084544209256
25,5,32,32,0.06451612903225806,0.1,5,0.0028391731072490295,0.0027037200250427584
25,5,32,32,0.06451612903225806,0.1,7,0.002027937511906957,0.0019310918332478473
25,5,32,32,0.06451612903225806,0.1,9,0.0015772708840659196,0.0015019064056943556
25,5,32,32,0.06451612903225806,0.1,11,0.0012904886255691583,0.0012288060226384808
25,5,32,32,0.06451612903225806,0.1,13,0.0010919491235717364,0.0010397440318783242
25,5,32,32,0.06451612903225806,0.1,15,0.0009463543898681007,0.0009011022920049763
25,5,32,32,0.06451612903225806,0.1,17,0.0008350176846037991,0.0007950841865665499
25,5,32,32,0.06451612903225806,0.1,19,0.0007471205249106767,0.0007113869014885954
25,5,32,32,0.06451612903225806,0.5,1,0.328459704177348,0.3142266757557175
25,5,32,32,0.06451612903225806,0.5,3,0.10708238135831906,0.1017832763559987
25,5,32,32,0.06451612903225806,0.5,5,0.06413569116912571,0.06090985436047236
25,5,32,32,0.06451612903225806,0.5,7,0.04578813862652467,0.04347107936670347
25,5,32,32,0.06451612903225806,0.5,9,0.03560538812910506,0.033797910964050173
25,5,32,32,0.06451612903225806,0.5,11,0.029128437538222262,0.027646896903212398
25,5,32,32,0.06451612903225806,0.5,13,0.024645516174338647,0.02339035395552329
25,5,32,32,0.06451612903225806,0.5,15,0.02135854049287875,0.020269760144699323
25,5,32,32,0.06451612903225806,0.5,17,0.018845222041478586,0.017883883220104056
25,5,32,32,0.06451612903225806,0.5,19,0.016861161147401087,0.01600055998497685
25,5,32,32,0.06451612903225806,1.0,1,1.0364901309888759,0.9954958431778119
25,5,32,32,0.06451612903225806,1.0,3,0.32780432520944264,0.307199851307748
25,5,32,32,0.06451612903225806,1.0,5,0.195798173496488,0.18307408916508527
25,5,32,32,0.06451612903225806,1.0,7,0.1396582163309903,0.1304799062804824
25,5,32,32,0.06451612903225806,1.0,9,0.10855219115518012,0.10137864683250247
25,5,32,32,0.06451612903225806,1.0,11,0.08878294273226292,0.0828966729430773
25,5,32,32,0.06451612903225806,1.0,13,0.07510669922342088,0.07011647921924136
25,5,32,32,0.06451612903225806,1.0,15,0.06508222647262821,0.06075150435597648
25,5,32,32,0.06451612903225806,1.0,17,0.05741896751539935,0.05359388083177513
25,5,32,32,0.06451612903225806,1.0,19,0.051370467843239835,0.04794534653552874
26,5,32,32,0.06451612903225806,0.1,1,0.014232480368702413,0.013881080834496845
26,5,32,32,0.06451612903225806,0.1,3,0.0047364130571847796,0.004620084518231691
26,5,32,32,0.06451612903225806,0.1,5,0.002841221981715954,0.002771557547387137
26,5,32,32,0.06451612903225806,0.1,7,0.002029274868009897,0.0019795577756445823
26,5,32,32,0.06451612903225806,0.1,9,0.001578256176356599,0.0015396065231811328
26,5,32,32,0.06451612903225806,0.1,11,0.0012912660912785755,0.001259653801162941
26,5,32,32,0.06451612903225806,0.1,13,0.0010925901342908788,0.0010658472823210413
26,5,32,32,0.06451612903225806,0.1,15,0.0009468992075398979,0.0009237259156488399
26,5,32,32,0.06451612903225806,0.1,17,0.0008354911599573457,0.0008150467469189751
26,5,32,32,0.06451612903225806,0.1,19,0.0007475390370861587,0.0007292485181824585
26,5,32,32,0.06451612903225806,0.5,1,0.3298383132410281,0.32161166613930103
26,5,32,32,0.06451612903225806,0.5,3,0.1072564158989053,0.10438012167104423
26,5,32,32,0.06451612903225806,0.5,5,0.06419247119056667,0.0624729919471325
26,5,32,32,0.06451612903225806,0.5,7,0.04581303543218349,0.044588317961366676
26,5,32,32,0.06451612903225806,0.5,9,0.035617766443148006,0.034667020684573335
26,5,32,32,0.06451612903225806,0.5,11,0.029134861575378344,0.028358015015893207
26,5,32,32,0.06451612903225806,0.5,13,0.02464875681057872,0.02399206774084251
26,5,32,32,0.06451612903225806,0.5,15,0.021359942510022555,0.020791236371057512
26,5,32,32,0.06451612903225806,0.5,17,0.018845504330233066,0.01834399916369938
26,5,32,32,0.06451612903225806,0.5,19,0.016860736154375094,0.0164122333194029
26,5,32,32,0.06451612903225806,1.0,1,1.0379073089532143,1.0151491051913233
26,5,32,32,0.06451612903225806,1.0,3,0.325371244176091,0.31578433341466683
26,5,32,32,0.06451612903225806,1.0,5,0.1940004491259678,0.1882700330680619
26,5,32,32,0.06451612903225806,1.0,7,0.1382538197773008,0.1341824472122386
26,5,32,32,0.06451612903225806,1.0,9,0.10740426899708402,0.10424989818246187
26,5,32,32,0.06451612903225806,1.0,11,0.08781366372712236,0.08524002925341487
26,5,32,32,0.06451612903225806,1.0,13,0.07426849589501665,0.07209534672787653
26,5,32,32,0.06451612903225806,1.0,15,0.06434412263277953,0.06246375325879761
26,5,32,32,0.06451612903225806,1.0,17,0.05675973445079231,0.055102697063258196
26,5,32,32,0.06451612903225806,1.0,19,0.050774948621924505,0.04929386612583394
27,5,32,32,0.06451612903225806,0.1,1,0.01016022368997424,0.01016752930624539
27,5,32,32,0.06451612903225806,0.1,3,0.0033841129856724728,0.003385068259067694
27,5,32,32,0.06451612903225806,0.1,5,0.0020303415901980803,0.0020308440462828772
27,5,32,32,0.06451612903225806,0.1,7,0.0014502191564285086,0.0014505641451163255
27,5,32,32,0.06451612903225806,0.1,9,0.0011279402831532027,0.001128204156560331
27,5,32,32,0.06451612903225806,0.1,11,0.0009228569392184446,0.0009230709922659083
27,5,32,32,0.06451612903225806,0.1,13,0.0007808773462463731,0.00078105757098203
27,5,32,32,0.06451612903225806,0.1,15,0.0006767594954772038,0.0006769152024718476
27,5,32,32,0.06451612903225806,0.1,17,0.0005971402175262041,0.0005972773184215226
27,5,32,32,0.06451612903225806,0.1,19,0.0005342830301951256,0.0005344055189613455
27,5,32,32,0.06451612903225806,0.5,1,0.24323186793354026,0.2391202347157494
27,5,32,32,0.06451612903225806,0.5,3,0.07979032899911341,0.07736584979653797
27,5,32,32,0.06451612903225806,0.5,5,0.047812680349782664,0.046310518538984345
27,5,32,32,0.06451612903225806,0.5,7,0.03413975629049591,0.033057545350494766
27,5,32,32,0.06451612903225806,0.5,9,0.026549246275910307,0.025704580689871328
27,5,32,32,0.06451612903225806,0.5,11,0.02172049524665327,0.021028187150523396
27,5,32,32,0.06451612903225806,0.5,13,0.018378094163605033,0.01779170274483372
27,5,32,32,0.06451612903225806,0.5,15,0.01592725388636699,0.015418726119036129
27,5,32,32,0.06451612903225806,0.5,17,0.014053207050780234,0.013604316341338404
27,5,32,32,0.06451612903225806,0.5,19,0.012573763821303303,0.012172005757699774
27,5,32,32,0.06451612903225806,1.0,1,0.8439165865963673,0.7969957937605829
27,5,32,32,0.06451612903225806,1.0,3,0.2723532060763884,0.24727339874130938
27,5,32,32,0.06451612903225806,1.0,5,0.16303643104871735,0.1480108509285769
27,5,32,32,0.06451612903225806,1.0,7,0.11637794994995443,0.1056580974774718
27,5,32,32,0.06451612903225806,1.0,9,0.09049128888106965,0.08215855909250196
27,5,32,32,0.06451612903225806,1.0,11,0.0740279441209322,0.06721246163869386
27,5,32,32,0.06451612903225806,1.0,13,0.06263395691202288,0.05686812600228535
27,5,32,32,0.06451612903225806,1.0,15,0.054279997843336876,0.04928356494660115
27,5,32,32,0.06451612903225806,1.0,17,0.047892482859893934,0.043484236809931506
27,5,32,32,0.06451612903225806,1.0,19,0.042850143372442015,0.03890615837271829
28,5,32,32,0.06451612903225806,0.1,1,0.011748338126167723,0.011748348395561561
28,5,32,32,0.06451612903225806,0.1,3,0.003913032838435572,0.003913033543078426
28,5,32,32,0.06451612903225806,0.1,5,0.0023476709710405666,0.002347671185865906
28,5,32,32,0.06451612903225806,0.1,7,0.0016768783765378603,0.001676878477237413
28,5,32,32,0.06451612903225806,0.1,9,0.0013042292476795469,0.0013042293055380752
28,5,32,32,0.06451612903225806,0.1,11,0.001067092702130289,0.0010670927395431964
28,5,32,32,0.06451612903225806,0.1,13,0.0009029226572918744,0.0009029226834191969
28,5,32,32,0.06451612903225806,0.1,15,0.0007825319099724455,0.0007825319292319289
28,5,32,32,0.06451612903225806,0.1,17,0.0006904687036020896,0.0006904687183779274
28,5,32,32,0.06451612903225806,0.1,19,0.0006177873905797972,0.0006177874022703223
28,5,32,32,0.06451612903225806,0.5,1,0.27617550329279394,0.2761803354134746
28,5,32,32,0.06451612903225806,0.5,3,0.09036333933274181,0.09036413482396977
28,5,32,32,0.06451612903225806,0.5,5,0.05413873861667938,0.05413903022096799
28,5,32,32,0.06451612903225806,0.5,7,0.03865493296582701,0.03865508171382092
28,5,32,32,0.06451612903225806,0.5,9,0.030059948516183918,0.03006003829143146
28,5,32,32,0.06451612903225806,0.5,11,0.02459242856253833,0.024592488520417757
28,5,32,32,0.06451612903225806,0.5,13,0.02080796607227392,0.020808008914568778
28,5,32,32,0.06451612903225806,0.5,15,0.01803301909573272,0.018033051220922882
28,5,32,32,0.06451612903225806,0.5,17,0.015911161471425732,0.01591118644715683
28,5,32,32,0.06451612903225806,0.5,19,0.014236097391493696,0.014236117362170222
28,5,32,32,0.06451612903225806,1.0,1,0.9131790070889949,0.9132410082067878
28,5,32,32,0.06451612903225806,1.0,3,0.28760542306571346,0.28759502361489975
28,5,32,32,0.06451612903225806,1.0,5,0.17179104800836872,0.1717900807814015
28,5,32,32,0.06451612903225806,1.0,7,0.12255631079637941,0.12255620810545223
28,5,32,32,0.06451612903225806,1.0,9,0.09527302079985997,0.0952730481062237
28,5,32,32,0.06451612903225806,1.0,11,0.0779305098739492,0.07793055531221077
28,5,32,32,0.06451612903225806,1.0,13,0.06593137725622832,0.06593141962125554
28,5,32,32,0.06451612903225806,1.0,15,0.05713517343254646,0.05713520924072912
28,5,32,32,0.06451612903225806,1.0,17,0.05041022400049784,0.050410253615481126
28,5,32,32,0.06451612903225806,1.0,19,0.04510189466296491,0.045101919156065914
29,5,32,32,0.06451612903225806,0.1,1,0.0127201926060227,0.012314198517622192
29,5,32,32,0.06451612903225806,0.1,3,0.004236074071213165,0.004096816022397067
29,5,32,32,0.06451612903225806,0.1,5,0.0025414414059442025,0.0024574247292428286
29,5,32,32,0.06451612903225806,0.1,7,0.0018152731732617006,0.0017551203982593393
29,5,32,32,0.06451612903225806,0.1,9,0.001411864975127209,0.0013650187123639486
29,5,32,32,0.06451612903225806,0.1,11,0.0011551561088290027,0.0011167957349964004
29,5,32,32,0.06451612903225806,0.1,13,0.0009774366592261044,0.0009449593726658358
29,5,32,32,0.06451612903225806,0.1,15,0.0008471099985918542,0.0008189512581822032
29,5,32,32,0.06451612903225806,0.1,17,0.0007474489101621701,0.0007225950309283442
29,5,32,32,0.06451612903225806,0.1,19,0.0006687693674660572,0.0006465260844728062
29,5,32,32,0.06451612903225806,0.5,1,0.29707388497163384,0.2895265857686286
29,5,32,32,0.06451612903225806,0.5,3,0.09695938806694568,0.09393787791007228
29,5,32,32,0.06451612903225806,0.5,5,0.0580790547111493,0.056224652149785746
29,5,32,32,0.06451612903225806,0.5,7,0.04146570815742293,0.04012934540106469
29,5,32,32,0.06451612903225806,0.5,9,0.03224480000392883,0.03120046023421204
29,5,32,32,0.06451612903225806,0.5,11,0.026379446644503386,0.025522450657284527
29,5,32,32,0.06451612903225806,0.5,13,0.02231974969600197,0.021593127361525563
29,5,32,32,0.06451612903225806,0.5,15,0.019343051481924084,0.01871238247277264
29,5,32,32,0.06451612903225806,0.5,17,0.017066958962696947,0.016509861810954096
29,5,32,32,0.06451612903225806,0.5,19,0.01527015628014495,0.014771261266514972
29,5,32,32,0.06451612903225806,1.0,1,0.9637988588899723,0.9455266750615964
29,5,32,32,0.06451612903225806,1.0,3,0.30410259449824556,0.2954608874417469
29,5,32,32,0.06451612903225806,1.0,5,0.18163720067856287,0.17635150096336855
29,5,32,32,0.06451612903225806,1.0,7,0.12957169503845573,0.1257516485606537
29,5,32,32,0.06451612903225806,1.0,9,0.10072176903489173,0.09772961139611179
29,5,32,32,0.06451612903225806,1.0,11,0.08238460087917618,0.0799251478336356
29,5,32,32,0.06451612903225806,1.0,13,0.06969790641882771,0.06761008429988997
29,5,32,32,0.06451612903225806,1.0,15,0.06039803328565274,0.058584259689299964
29,5,32,32,0.06451612903225806,1.0,17,0.05328823345711992,0.05168490868312942
29,5,32,32,0.06451612903225806,1.0,19,0.04767626287706078,0.04623962778945475
30,5,32,32,0.06451612903225806,0.1,1,0.012364985220174794,0.01205634848854362
30,5,32,32,0.06451612903225806,0.1,3,0.004120161034708033,0.004017251433432595
30,5,32,32,0.06451612903225806,0.1,5,0.002472024278020505,0.0024102770205486857
30,5,32,32,0.06451612903225806,0.1,7,0.001765717384849798,0.0017216119059630672
30,5,32,32,0.06451612903225806,0.1,9,0.0013733311846303854,0.001339026828812186
30,5,32,32,0.06451612903225806,0.1,11,0.001123632717280556,0.0010955654779388141
30,5,32,32,0.06451612903225806,0.1,13,0.0009507652263856602,0.0009270160048185347
30,5,32,32,0.06451612903225806,0.1,15,0.0008239960298150147,0.0008034133607724897
30,5,32,32,0.06451612903225806,0.1,17,0.0007270550257404765,0.0007088938410694957
30,5,32,32,0.06451612903225806,0.1,19,0.0006505227328928087,0.0006342732480362146
30,5,32,32,0.06451612903225806,0.5,1,0.29078462400462485,0.284450344707141
30,5,32,32,0.06451612903225806,0.5,3,0.0960527048996865,0.09394106821821903
30,5,32,32,0.06451612903225806,0.5,5,0.057584271906468934,0.056317007257806175
30,5,32,32,0.06451612903225806,0.5,7,0.04112220200593466,0.040216951899642486
30,5,32,32,0.06451612903225806,0.5,9,0.031980909519162985,0.031276806022938614
30,5,32,32,0.06451612903225806,0.5,11,0.02616494387438515,0.025588850782239297
30,5,32,32,0.06451612903225806,0.5,13,0.022138956745943423,0.021651489240799633
30,5,32,32,0.06451612903225806,0.5,15,0.019186763380768114,0.01876428929493134
30,5,32,32,0.06451612903225806,0.5,17,0.01692930099149985,0.016556528410566658
30,5,32,32,0.06451612903225806,0.5,19,0.015147146250642389,0.014813612053869538
30,5,32,32,0.06451612903225806,1.0,1,0.9617182803132406,0.9494472014445215
30,5,32,32,0.06451612903225806,1.0,3,0.3095282373733256,0.3061595892076854
30,5,32,32,0.06451612903225806,1.0,5,0.18474966196577566,0.18278773535641002
30,5,32,32,0.06451612903225806,1.0,7,0.13176175730498227,0.1303750288447915
30,5,32,32,0.06451612903225806,1.0,9,0.10241531698771367,0.10134184560851363
30,5,32,32,0.06451612903225806,1.0,11,0.08376674723733242,0.08289064589012378
30,5,32,32,0.06451612903225806,1.0,13,0.07086605676227871,0.07012583033353133
30,5,32,32,0.06451612903225806,1.0,15,0.061409887966211114,0.06076895867810372
30,5,32,32,0.06451612903225806,1.0,17,0.05418084627817449,0.05361567732998745
30,5,32,32,0.06451612903225806,1.0,19,0.048474867379926075,0.04796941506541298
31,5,32,32,0.06451612903225806,0.1,1,0.012146028124832427,0.012148790012798344
31,5,32,32,0.06451612903225806,0.1,3,0.004045081613816502,0.004045361838362292
31,5,32,32,0.06451612903225806,0.1,5,0.002426875690161443,0.0024269653159513013
31,5,32,32,0.06451612903225806,0.1,7,0.0017334483588916615,0.0017334883083419087
31,5,32,32,0.06451612903225806,0.1,9,0.001348226584724101,0.0013482472538726088
31,5,32,32,0.06451612903225806,0.1,11,0.0011030898877551394,0.0011031013825833678
31,5,32,32,0.06451612903225806,0.1,13,0.0009333815057195369,0.0009333880594057042
31,5,32,32,0.06451612903225806,0.1,15,0.0008089294111501622,0.0008089330747000689
31,5,32,32,0.06451612903225806,0.1,17,0.0007137605178692717,0.0007137623900052229
31,5,32,32,0.06451612903225806,0.1,19,0.0006386273732384713,0.000638628087405044
31,5,32,32,0.06451612903225806,0.5,1,0.2841023085590272,0.2842681071777839
31,5,32,32,0.06451612903225806,0.5,3,0.09272766473137843,0.09274205738633116
31,5,32,32,0.06451612903225806,0.5,5,0.05554489661342091,0.0555446657799361
31,5,32,32,0.06451612903225806,0.5,7,0.03965691235130547,0.039653931391704804
31,5,32,32,0.06451612903225806,0.5,9,0.030838499418023545,0.03083495312413911
31,5,32,32,0.06451612903225806,0.5,11,0.02522911056069674,0.025225568018901197
31,5,32,32,0.06451612903225806,0.5,13,0.021346545651984475,0.021343172293681947
31,5,32,32,0.06451612903225806,0.5,15,0.01849970662517689,0.01849654416893753
31,5,32,32,0.06451612903225806,0.5,17,0.016322897065800052,0.016319945513457588
31,5,32,32,0.06451612903225806,0.5,19,0.014604462901542213,0.014601708242671978
31,5,32,32,0.06451612903225806,1.0,1,0.9277599135912805,0.9273160470366539
31,5,32,32,0.06451612903225806,1.0,3,0.2902828986289843,0.29042649616275507
31,5,32,32,0.06451612903225806,1.0,5,0.17331013249744756,0.17335337567985326
31,5,32,32,0.06451612903225806,1.0,7,0.12362452317590134,0.1236356532619638
31,5,32,32,0.06451612903225806,1.0,9,0.09609842931538878,0.09609759727047476
31,5,32,32,0.06451612903225806,1.0,11,0.07860359594664335,0.07859772493127475
31,5,32,32,0.06451612903225806,1.0,13,0.06649981941873126,0.06649172522796086
31,5,32,32,0.06451612903225806,1.0,15,0.057627231383459196,0.057618194018506146
31,5,32,32,0.06451612903225806,1.0,17,0.05084404524534609,0.050834689944218026
31,5,32,32,0.06451612903225806,1.0,19,0.04548983358270759,0.045480478912508636
32,5,32,32,0.06451612903225806,0.1,1,0.01161509097064757,0.012513795703776061
32,5,32,32,0.06451612903225806,0.1,3,0.0038703446385316676,0.004169647931614091
32,5,32,32,0.06451612903225806,0.1,5,0.0023221419353299613,0.0025017109772681395
32,5,32,32,0.06451612903225806,0.1,7,0.001658660050546998,0.0017869211026230612
32,5,32,32,0.06451612903225806,0.1,9,0.0012900648440575572,0.0013898226237574313
32,5,32,32,0.06451612903225806,0.1,11,0.0010555059082041805,0.0011371255716035953
32,5,32,32,0.06451612903225806,0.1,13,0.0008931195606910139,0.0009621821882008816
32,5,32,32,0.06451612903225806,0.1,15,0.0007740365049973601,0.0008338906926689259
32,5,32,32,0.06451612903225806,0.1,17,0.0006829731228156198,0.0007357855885705368
32,5,32,32,0.06451612903225806,0.1,19,0.0006110810495631221,0.0006583342752749996
32,5,32,32,0.06451612903225806,0.5,1,0.2732806526652722,0.29491533648650314
32,5,32,32,0.06451612903225806,0.5,3,0.09042795776014682,0.09741120260038752
32,5,32,32,0.06451612903225806,0.5,5,0.05422487517003902,0.05840078702973852
32,5,32,32,0.06451612903225806,0.5,7,0.03872577017700108,0.04170574872687414
32,5,32,32,0.06451612903225806,0.5,9,0.030118031650153178,0.03243488632998525
32,5,32,32,0.06451612903225806,0.5,11,0.02464119255622042,0.02653642458294615
32,5,32,32,0.06451612903225806,0.5,13,0.020849834268243644,0.022453308739026335
32,5,32,32,0.06451612903225806,0.5,15,0.018069635816512875,0.019459213889407103
32,5,32,32,0.06451612903225806,0.5,17,0.015943666249308746,0.01716970566709177
32,5,32,32,0.06451612903225806,0.5,19,0.01426530399459375,0.01536224967819566
32,5,32,32,0.06451612903225806,1.0,1,0.9075566633746921,0.9777512887857048
32,5,32,32,0.06451612903225806,1.0,3,0.29902997799098846,0.316238840963959
32,5,32,32,0.06451612903225806,1.0,5,0.1791131500956614,0.18897182889184896
32,5,32,32,0.06451612903225806,1.0,7,0.12787460766254044,0.13482126011592163
32,5,32,32,0.06451612903225806,1.0,9,0.09943740974914259,0.1048095304039293
32,5,32,32,0.06451612903225806,1.0,11,0.08134927867171265,0.08573181878848726
32,5,32,32,0.06451612903225806,1.0,13,0.06882980247376809,0.07253184507436324
32,5,32,32,0.06451612903225806,1.0,15,0.05965020504823962,0.06285523257944407
32,5,32,32,0.06451612903225806,1.0,17,0.052631181218448016,0.055457134241601126
32,5,32,32,0.06451612903225806,1.0,19,0.04709020741088049,0.04961742830809907
33,5,32,32,0.06451612903225806,0.1,1,0.011469351960974894,0.011506618479316827
33,5,32,32,0.06451612903225806,0.1,3,0.0038200207673984646,0.0038306358115274574
33,5,32,32,0.06451612903225806,0.1,5,0.0022918623439077534,0.0022980028878599778
33,5,32,32,0.06451612903225806,0.1,7,0.001637014676511062,0.0016413298251758688
33,5,32,32,0.06451612903225806,0.1,9,0.0012732239822219956,0.0012765493374761138
33,5,32,32,0.06451612903225806,0.1,11,0.0010417246730330455,0.0010444292787936962
33,5,32,32,0.06451612903225806,0.1,13,0.0008814573528856182,0.0008837363852951627
33,5,32,32,0.06451612903225806,0.1,15,0.0007639286152489504,0.0007658977398377767
33,5,32,32,0.06451612903225806,0.1,17,0.0006740540110573758,0.0006757873947241617
33,5,32,32,0.06451612903225806,0.1,19,0.0006031005458322528,0.0006046485833762703
33,5,32,32,0.06451612903225806,0.5,1,0.27070999864046325,0.271954348048463
33,5,32,32,0.06451612903225806,0.5,3,0.08858865091134582,0.08887446323163117
33,5,32,32,0.06451612903225806,0.5,5,0.05307719499850161,0.05323738133314462
33,5,32,32,0.06451612903225806,0.5,7,0.03789736279174525,0.03800811818331532
33,5,32,32,0.06451612903225806,0.5,9,0.02947095219030323,0.029555440777671825
33,5,32,32,0.06451612903225806,0.5,11,0.02411061917835079,0.024178858466654234
33,5,32,32,0.06451612903225806,0.5,13,0.020400329987596787,0.02045753968945924
33,5,32,32,0.06451612903225806,0.5,15,0.017679761946975812,0.01772900069185796
33,5,32,32,0.06451612903225806,0.5,17,0.015599480730461801,0.01564269242729813
33,5,32,32,0.06451612903225806,0.5,19,0.013957236000245996,0.013995732033344385
33,5,32,32,0.06451612903225806,1.0,1,0.9046593931533543,0.9061475633648205
33,5,32,32,0.06451612903225806,1.0,3,0.2871232568037039,0.2886805685263397
33,5,32,32,0.06451612903225806,1.0,5,0.17163682884617554,0.17250836969869562
33,5,32,32,0.06451612903225806,1.0,7,0.12247250260446578,0.12305522565752555
33,5,32,32,0.06451612903225806,1.0,9,0.09521621416864326,0.09564884125942406
33,5,32,32,0.06451612903225806,1.0,11,0.07788748463808745,0.07822979941789339
33,5,32,32,0.06451612903225806,1.0,13,0.06589664535104177,0.06617913813188207
33,5,32,32,0.06451612903225806,1.0,15,0.05710597987226742,0.05734611549903524
33,5,32,32,0.06451612903225806,1.0,17,0.050384998621749055,0.05059364868661847
33,5,32,32,0.06451612903225806,1.0,19,0.045079658566544716,0.045264024292753544
34,5,32,32,0.06451612903225806,0.1,1,0.01419007704360055,0.013568178747624924
34,5,32,32,0.06451612903225806,0.1,3,0.0047225945584034226,0.004516831281941268
34,5,32,32,0.06451612903225806,0.1,5,0.002832939861671685,0.0027097675802283416
34,5,32,32,0.06451612903225806,0.1,7,0.002023359865698621,0.0019354743758780997
34,5,32,32,0.06451612903225806,0.1,9,0.0015736555786977928,0.001505342578825555
34,5,32,32,0.06451612903225806,0.1,11,0.0012875018290517462,0.0012316318829732771
34,5,32,32,0.06451612903225806,0.1,13,0.0010894048647695845,0.0010421436506133969
34,5,32,32,0.06451612903225806,0.1,15,0.0009441385415461679,0.0009031873874842685
34,5,32,32,0.06451612903225806,0.1,17,0.0008330552013507704,0.0007969276477700745
34,5,32,32,0.06451612903225806,0.1,19,0.0007453594354291813,0.0007130389127714654
34,5,32,32,0.06451612903225806,0.5,1,0.32949852517060596,0.3130993319445018
34,5,32,32,0.06451612903225806,0.5,3,0.10734154409580493,0.10143664799373388
34,5,32,32,0.06451612903225806,0.5,5,0.06424156094441556,0.06071442401585865
34,5,32,32,0.06451612903225806,0.5,7,0.04584602960157088,0.04333594231115981
34,5,32,32,0.06451612903225806,0.5,9,0.03564226241477655,0.033694867095262
34,5,32,32,0.06451612903225806,0.5,11,0.02915421740669345,0.02756370668505109
34,5,32,32,0.06451612903225806,0.5,13,0.02466470309357608,0.023320635211501788
34,5,32,32,0.06451612903225806,0.5,15,0.021373475116811324,0.020209773206277877
34,5,32,32,0.06451612903225806,0.5,17,0.018857244360162485,0.017831251983086147
34,5,32,32,0.06451612903225806,0.5,19,0.016871095231619213,0.015953682032037845
34,5,32,32,0.06451612903225806,1.0,1,1.0433387927340416,0.9785253527587783
34,5,32,32,0.06451612903225806,1.0,3,0.32936715808905354,0.30265819308852604
34,5,32,32,0.06451612903225806,1.0,5,0.19619037402386388,0.18052657049389098
34,5,32,32,0.06451612903225806,1.0,7,0.13972794184522924,0.128688297129502
34,5,32,32,0.06451612903225806,1.0,9,0.10850687138798844,0.09999182356922036
34,5,32,32,0.06451612903225806,1.0,11,0.08869144867025111,0.08176381290460365
34,5,32,32,0.06451612903225806,1.0,13,0.07499642298540192,0.0691583399183547
34,5,32,32,0.06451612903225806,1.0,15,0.06496533232239945,0.059921113504304534
34,5,32,32,0.06451612903225806,1.0,17,0.057301220226952755,0.05286104120619045
34,5,32,32,0.06451612903225806,1.0,19,0.05125467901879864,0.04728947199160006
35,5,32,32,0.06451612903225806,0.1,1,0.01135441893437414,0.011353728177566257
35,5,32,32,0.06451612903225806,0.1,3,0.0037816969846924792,0.0037815664140952365
35,5,32,32,0.06451612903225806,0.1,5,0.002268869206367062,0.0022687954833286762
35,5,32,32,0.06451612903225806,0.1,7,0.001620591547478246,0.0016205397941397351
35,5,32,32,0.06451612903225806,0.1,9,0.0012604507102673562,0.0012604107473448902
35,5,32,32,0.06451612903225806,0.1,11,0.0010312739681836217,0.0010312413911650663
35,5,32,32,0.06451612903225806,0.1,13,0.0008726145436244778,0.0008725870368012565
35,5,32,32,0.06451612903225806,0.1,15,0.000756264909582812,0.0007562411020561508
35,5,32,32,0.06451612903225806,0.1,17,0.0006672919609505706,0.0006672709730266145
35,5,32,32,0.06451612903225806,0.1,19,0.000597050321512047,0.0005970315545642147
35,5,32,32,0.06451612903225806,0.5,1,0.26779543966441366,0.26750686316456157
35,5,32,32,0.06451612903225806,0.5,3,0.08759239669381721,0.08754536582855144
35,5,32,32,0.06451612903225806,0.5,5,0.05247840267066474,0.05244978963229226
35,5,32,32,0.06451612903225806,0.5,7,0.0374694689765382,0.037448902354321224
35,5,32,32,0.06451612903225806,0.5,9,0.029138091199492903,0.029122048754993694
35,5,32,32,0.06451612903225806,0.5,11,0.023838257374956345,0.0238251117067539
35,5,32,32,0.06451612903225806,0.5,13,0.020169860544406296,0.02015872730496786
35,5,32,32,0.06451612903225806,0.5,15,0.01748001702168897,0.017470362711314035
35,5,32,32,0.06451612903225806,0.5,17,0.01542323264378279,0.015414710861089732
35,5,32,32,0.06451612903225806,0.5,19,0.013799538878280636,0.013791912059449457
35,5,32,32,0.06451612903225806,1.0,1,0.8928429519495482,0.8929847643410116
35,5,32,32,0.06451612903225806,1.0,3,0.2820329341181928,0.2821588632115102
35,5,32,32,0.06451612903225806,1.0,5,0.16849599973005258,0.16849061814149735
35,5,32,32,0.06451612903225806,1.0,7,0.12021234837785644,0.12019175557265332
35,5,32,32,0.06451612903225806,1.0,9,0.09345311494857625,0.09343165920825225
35,5,32,32,0.06451612903225806,1.0,11,0.07644285524436743,0.07642303370082916
35,5,32,32,0.06451612903225806,1.0,13,0.06467327688502189,0.06465539797281486
35,5,32,32,0.06451612903225806,1.0,15,0.056045204712024246,0.056029106631938115
35,5,32,32,0.06451612903225806,1.0,17,0.04944872160614783,0.049434161375640585
35,5,32,32,0.06451612903225806,1.0,19,0.044241755202729424,0.04422850406747409
36,5,32,32,0.06451612903225806,0.1,1,0.010958533466382894,0.011163216153920116
36,5,32,32,0.06451612903225806,0.1,3,0.003649790344172098,0.0037183243383064886
36,5,32,32,0.06451612903225806,0.1,5,0.002189727825114873,0.0022308626433466612
36,5,32,32,0.06451612903225806,0.1,7,0.0015640625008481654,0.0015934473465167268
36,5,32,32,0.06451612903225806,0.1,9,0.001216483837604412,0.001239339623683335
36,5,32,32,0.06451612903225806,0.1,11,0.0009953011401096334,0.0010140017039045291
36,5,32,32,0.06451612903225806,0.1,13,0.0008421760297559827,0.0008579997663013171
36,5,32,32,0.06451612903225806,0.1,15,0.0007298848821526449,0.0007435988864187971
36,5,32,32,0.06451612903225806,0.1,17,0.0006440154767252439,0.0006561161272623978
36,5,32,32,0.06451612903225806,0.1,19,0.0005762240001511889,0.0005870509347146669
36,5,32,32,0.06451612903225806,0.5,1,0.2586128106780573,0.2631426165400618
36,5,32,32,0.06451612903225806,0.5,3,0.08452246793550194,0.08624512447850455
36,5,32,32,0.06451612903225806,0.5,5,0.05063495197617707,0.05167506625829196
36,5,32,32,0.06451612903225806,0.5,7,0.03615240596528402,0.036896508344899034
36,5,32,32,0.06451612903225806,0.5,9,0.028113607032316593,0.028692713181493298
36,5,32,32,0.06451612903225806,0.5,11,0.02300000055853516,0.023473961371059702
36,5,32,32,0.06451612903225806,0.5,13,0.01946054554921008,0.01986166009070404
36,5,32,32,0.06451612903225806,0.5,15,0.016865266040612385,0.01721293692951192
36,5,32,32,0.06451612903225806,0.5,17,0.014880798622846868,0.015187589555462809
36,5,32,32,0.06451612903225806,0.5,19,0.013314198977185965,0.013588710211539012
36,5,32,32,0.06451612903225806,1.0,1,0.8643663869117691,0.8780950157205039
36,5,32,32,0.06451612903225806,1.0,3,0.2704104085280017,0.27980202325747017
36,5,32,32,0.06451612903225806,1.0,5,0.16145686212711569,0.16711157980989935
36,5,32,32,0.06451612903225806,1.0,7,0.11517302064587404,0.11918954559166642
36,5,32,32,0.06451612903225806,1.0,9,0.08953014602416187,0.09264239805963266
36,5,32,32,0.06451612903225806,1.0,11,0.07323173397072848,0.0757722160229056
36,5,32,32,0.06451612903225806,1.0,13,0.06195549034957289,0.06410194274168982
36,5,32,32,0.06451612903225806,1.0,15,0.053689420044382964,0.055547836814377666
36,5,32,32,0.06451612903225806,1.0,17,0.0473698709235133,0.049008520501833894
36,5,32,32,0.06451612903225806,1.0,19,0.04238159503107712,0.04384702692708433
37,5,32,32,0.06451612903225806,0.1,1,0.01135805301252727,0.011469163338915987
37,5,32,32,0.06451612903225806,0.1,3,0.003783080397479378,0.0038151497872971436
37,5,32,32,0.06451612903225806,0.1,5,0.0022697067420062254,0.0022883259898820924
37,5,32,32,0.06451612903225806,0.1,7,0.0016211911297809342,0.0016342982986968788
37,5,32,32,0.06451612903225806,0.1,9,0.0012609174410042764,0.001271028466908155
37,5,32,32,0.06451612903225806,0.1,11,0.0010316559831654378,0.001039885092337665
37,5,32,32,0.06451612903225806,0.1,13,0.0008729378492466482,0.0008798753907943206
37,5,32,32,0.06451612903225806,0.1,15,0.0007565451372118466,0.0007625414161937779
37,5,32,32,0.06451612903225806,0.1,17,0.0006675392353902224,0.0006728190914463252
37,5,32,32,0.06451612903225806,0.1,19,0.0005972715747113143,0.0006019878967078702
37,5,32,32,0.06451612903225806,0.5,1,0.268392717600944,0.27274598850799947
37,5,32,32,0.06451612903225806,0.5,3,0.08789242434601129,0.0889104816995627
37,5,32,32,0.06451612903225806,0.5,5,0.05266266738455644,0.05319820207740792
37,5,32,32,0.06451612903225806,0.5,7,0.03760188902347045,0.03796023080050276
37,5,32,32,0.06451612903225806,0.5,9,0.029241331844627884,0.029509387275606966
37,5,32,32,0.06451612903225806,0.5,11,0.023922825564329217,0.024136536806042143
37,5,32,32,0.06451612903225806,0.5,13,0.020241464364081512,0.02041899035103871
37,5,32,32,0.06451612903225806,0.5,15,0.01754209774283439,0.01769384231671605
37,5,32,32,0.06451612903225806,0.5,17,0.015478023360065207,0.015610486229686988
37,5,32,32,0.06451612903225806,0.5,19,0.013848570319978527,0.01396607742588474
37,5,32,32,0.06451612903225806,1.0,1,0.8994889244093248,0.9196673935434695
37,5,32,32,0.06451612903225806,1.0,3,0.28592734116534974,0.2910161413465544
37,5,32,32,0.06451612903225806,1.0,5,0.17094381619673202,0.17342624480833013
37,5,32,32,0.06451612903225806,1.0,7,0.12198296365147236,0.1235700094886801
37,5,32,32,0.06451612903225806,1.0,9,0.09483733319944355,0.09598925338550882
37,5,32,32,0.06451612903225806,1.0,11,0.07757830413095981,0.07847726863854347
37,5,32,32,0.06451612903225806,1.0,13,0.06563544246271454,0.06637039262395938
37,5,32,32,0.06451612903225806,1.0,15,0.05687983547449952,0.05750035298764153
37,5,32,32,0.06451612903225806,1.0,17,0.050185600204975554,0.050721974691904516
37,5,32,32,0.06451612903225806,1.0,19,0.04490134033215193,0.04537335823570988
38,5,32,32,0.06451612903225806,0.1,1,0.01206645442292907,0.01206646230444233
38,5,32,32,0.06451612903225806,0.1,3,0.004018553059016233,0.004018553351352493
38,5,32,32,0.06451612903225806,0.1,5,0.0024109593792647982,0.0024109594424164796
38,5,32,32,0.06451612903225806,0.1,7,0.0017220799091399153,0.001722079932162372
38,5,32,32,0.06451612903225806,0.1,9,0.0013393846242678292,0.0013393846351040194
38,5,32,32,0.06451612903225806,0.1,11,0.0010958556491576876,0.0010958556550950524
38,5,32,32,0.06451612903225806,0.1,13,0.0009272602833887145,0.0009272602869904737
38,5,32,32,0.06451612903225806,0.1,15,0.0008036243886826291,0.0008036243910258302
38,5,32,32,0.06451612903225806,0.1,17,0.0007090796410766679,0.0007090796427090252
38,5,32,32,0.06451612903225806,0.1,19,0.0006344392385230841,0.0006344392396853827
38,5,32,32,0.06451612903225806,0.5,1,0.28251961582712987,0.28252302148867997
38,5,32,32,0.06451612903225806,0.5,3,0.09217512419730242,0.09217524306339865
38,5,32,32,0.06451612903225806,0.5,5,0.05521246828031124,0.0552124938057555
38,5,32,32,0.06451612903225806,0.5,7,0.03941931164179404,0.03941932092823103
38,5,32,32,0.06451612903225806,0.5,9,0.030653655945709596,0.030653660311931535
38,5,32,32,0.06451612903225806,0.5,11,0.02507785925892479,0.025077861649475338
38,5,32,32,0.06451612903225806,0.5,13,0.02121855705282157,0.021218558500784572
38,5,32,32,0.06451612903225806,0.5,15,0.018388780000493585,0.01838878094294547
38,5,32,32,0.06451612903225806,0.5,17,0.016225019042335684,0.0162250196896881
38,5,32,32,0.06451612903225806,0.5,19,0.014516887004011133,0.014516887467690365
38,5,32,32,0.06451612903225806,1.0,1,0.9261333086511608,0.9261273464281219
38,5,32,32,0.06451612903225806,1.0,3,0.28830527651769633,0.28830281149133385
38,5,32,32,0.06451612903225806,1.0,5,0.17204175565674404,0.17204115251315696
38,5,32,32,0.06451612903225806,1.0,7,0.12270239990758401,0.12270217287373111
38,5,32,32,0.06451612903225806,1.0,9,0.09537619173819535,0.09537608351314944
38,5,32,32,0.06451612903225806,1.0,11,0.07801063918501214,0.07801057951964356
38,5,32,32,0.06451612903225806,1.0,13,0.06599711789474316,0.0659970816121123
38,5,32,32,0.06451612903225806,1.0,15,0.05719104095776603,0.05719101728364262
38,5,32,32,0.06451612903225806,1.0,17,0.0504588734715492,0.05045885718307239
38,5,32,32,0.06451612903225806,1.0,19,0.04514502316519317,0.04514501148520499
39,5,32,32,0.06451612903225806,0.1,1,0.009924808032649455,0.01120804266352031
39,5,32,32,0.06451612903225806,0.1,3,0.0033055095666239096,0.0037316033887219036
39,5,32,32,0.06451612903225806,0.1,5,0.00198317365604025,0.002238750552764511
39,5,32,32,0.06451612903225806,0.1,7,0.0014165266254267492,0.0015990659242588572
39,5,32,32,0.06451612903225806,0.1,9,0.0011017346141555862,0.0012437046221798168
39,5,32,32,0.06451612903225806,0.1,11,0.0009014157854143658,0.0010175709929471984
39,5,32,32,0.06451612903225806,0.1,13,0.00076273475760522,0.0008610189249455239
39,5,32,32,0.06451612903225806,0.1,15,0.0006610358784932796,0.0007462149419405079
39,5,32,32,0.06451612903225806,0.1,17,0.0005832664141544585,0.0006584240880183655
39,5,32,32,0.06451612903225806,0.1,19,0.0005218696123238921,0.000589115749266944
39,5,32,32,0.06451612903225806,0.5,1,0.23630947989192583,0.2624039305590533
39,5,32,32,0.06451612903225806,0.5,3,0.0774074392689604,0.0849203750079488
39,5,32,32,0.06451612903225806,0.5,5,0.04638491022770749,0.05083268078480634
39,5,32,32,0.06451612903225806,0.5,7,0.03312046535918703,0.036285579369639866
39,5,32,32,0.06451612903225806,0.5,9,0.02575665516397478,0.028214607064351537
39,5,32,32,0.06451612903225806,0.5,11,0.021072093623348987,0.023081568883351913
39,5,32,32,0.06451612903225806,0.5,13,0.017829487334689097,0.019529045157955102
39,5,32,32,0.06451612903225806,0.5,15,0.015451817019508754,0.016924349770977433
39,5,32,32,0.06451612903225806,0.5,17,0.013633717230039836,0.014932764687137673
39,5,32,32,0.06451612903225806,0.5,19,0.012198439207503404,0.01336059038768294
39,5,32,32,0.06451612903225806,1.0,1,0.816069543031654,0.8552766446555623
39,5,32,32,0.06451612903225806,1.0,3,0.26478188867873326,0.2537950359686621
39,5,32,32,0.06451612903225806,1.0,5,0.15870850376659523,0.15057526408936106
39,5,32,32,0.06451612903225806,1.0,7,0.11333440667328754,0.10717150291416033
39,5,32,32,0.06451612903225806,1.0,9,0.08814002882251339,0.08321798957742009
39,5,32,32,0.06451612903225806,1.0,11,0.07211090882640016,0.06802428318302305
39,5,32,32,0.06451612903225806,1.0,13,0.061015153954109315,0.05752540562461315
39,5,32,32,0.06451612903225806,1.0,15,0.05287884224623021,0.0498356133337736
39,5,32,32,0.06451612903225806,1.0,17,0.04665723866408141,0.04396015481538492
39,5,32,32,0.06451612903225806,1.0,19,0.041745597622352325,0.03932449502298469
40,5,32,32,0.06451612903225806,0.1,1,0.012069039571489802,0.012069228556717469
40,5,32,32,0.06451612903225806,0.1,3,0.004019520770222871,0.004019549283213507
40,5,32,32,0.06451612903225806,0.1,5,0.002411544714631254,0.0024115555182813828
40,5,32,32,0.06451612903225806,0.1,7,0.0017224988711022572,0.0017225045009041295
40,5,32,32,0.06451612903225806,0.1,9,0.0013397107414843247,0.0013397141867135336
40,5,32,32,0.06451612903225806,0.1,11,0.0010961225713564948,0.0010961248945055649
40,5,32,32,0.06451612903225806,0.1,13,0.0009274861850486072,0.0009274878567121026
40,5,32,32,0.06451612903225806,0.1,15,0.0008038201922256655,0.0008038214524240826
40,5,32,32,0.06451612903225806,0.1,17,0.00070925242073994,0.0007092534045972696
40,5,32,32,0.06451612903225806,0.1,19,0.0006345938375205126,0.0006345946268784492
40,5,32,32,0.06451612903225806,0.5,1,0.2824544903174396,0.28242879368980844
40,5,32,32,0.06451612903225806,0.5,3,0.0922264572098022,0.09222872216420032
40,5,32,32,0.06451612903225806,0.5,5,0.055246264159781684,0.055247446657402964
40,5,32,32,0.06451612903225806,0.5,7,0.03944402664472109,0.039444710215689974
40,5,32,32,0.06451612903225806,0.5,9,0.030673059904761872,0.030673500306608346
40,5,32,32,0.06451612903225806,0.5,11,0.025093809239339543,0.02509411544598616
40,5,32,32,0.06451612903225806,0.5,13,0.02123208874252179,0.021232313587191444
40,5,32,32,0.06451612903225806,0.5,15,0.01840052654997853,0.01840069849626594
40,5,32,32,0.06451612903225806,0.5,17,0.01623539475592235,0.016235530429616944
40,5,32,32,0.06451612903225806,0.5,19,0.01452617741897963,0.01452628716115339
40,5,32,32,0.06451612903225806,1.0,1,0.9238237151405533,0.9230473321012068
40,5,32,32,0.06451612903225806,1.0,3,0.2892343579325291,0.28916975176231263
40,5,32,32,0.06451612903225806,1.0,5,0.1726927715191905,0.17268062785737437
40,5,32,32,0.06451612903225806,1.0,7,0.12318560957819036,0.1231816883966499
40,5,32,32,0.06451612903225806,1.0,9,0.0957577346663871,0.09575607466038588
40,5,32,32,0.06451612903225806,1.0,11,0.07832512518329648,0.07832429282017613
40,5,32,32,0.06451612903225806,1.0,13,0.06626432157290332,0.06626385016632756
40,5,32,32,0.06451612903225806,1.0,15,0.05742320111542988,0.0574229070996109
40,5,32,32,0.06451612903225806,1.0,17,0.05066405614522988,0.050663857276595885
40,5,32,32,0.06451612903225806,1.0,19,0.045328812641838634,0.04532866838307441
41,5,32,32,0.06451612903225806,0.1,1,0.012617198471602843,0.012575845590291287
41,5,32,32,0.06451612903225806,0.1,3,0.004201775969363264,0.004187334050276824
41,5,32,32,0.06451612903225806,0.1,5,0.002520862523444497,0.002512116139190709
41,5,32,32,0.06451612903225806,0.1,7,0.0018005737373651997,0.001794301213226807
41,5,32,32,0.06451612903225806,0.1,9,0.001400431936455746,0.0013955424060710122
41,5,32,32,0.06451612903225806,0.1,11,0.0011458017168052056,0.0011417955001683353
41,5,32,32,0.06451612903225806,0.1,13,0.0009695213483127936,0.0009661281320510926
41,5,32,32,0.06451612903225806,0.1,15,0.0008402500246736352,0.000837307111156289
41,5,32,32,0.06451612903225806,0.1,17,0.0007413959654401068,0.0007387978409948534
41,5,32,32,0.06451612903225806,0.1,19,0.000663353555483642,0.0006610279026199555
41,5,32,32,0.06451612903225806,0.5,1,0.2949341354784245,0.2939295957432698
41,5,32,32,0.06451612903225806,0.5,3,0.09627568111944268,0.09590357702599643
41,5,32,32,0.06451612903225806,0.5,5,0.05766605165254127,0.05744116528580144
41,5,32,32,0.06451612903225806,0.5,7,0.041169737291407965,0.04100859370587139
41,5,32,32,0.06451612903225806,0.5,9,0.03201416925767825,0.031888601071507906
41,5,32,32,0.06451612903225806,0.5,11,0.026190521924207174,0.026087656458754112
41,5,32,32,0.06451612903225806,0.5,13,0.022159756868174098,0.02207263929087425
41,5,32,32,0.06451612903225806,0.5,15,0.019204306058507644,0.01912875353263181
41,5,32,32,0.06451612903225806,0.5,17,0.016944479150830336,0.016877780284478675
41,5,32,32,0.06451612903225806,0.5,19,0.015160528538430118,0.015100825562189769
41,5,32,32,0.06451612903225806,1.0,1,0.9608172880540498,0.955165996480109
41,5,32,32,0.06451612903225806,1.0,3,0.30336242141094466,0.30147215089006324
41,5,32,32,0.06451612903225806,1.0,5,0.18113355787406293,0.1801112111036129
41,5,32,32,0.06451612903225806,1.0,7,0.12919000998953342,0.1285006793209792
41,5,32,32,0.06451612903225806,1.0,9,0.10041466485688257,0.09989713043610189
41,5,32,32,0.06451612903225806,1.0,11,0.08212778066689796,0.08171425330402585
41,5,32,32,0.06451612903225806,1.0,13,0.06947726118943008,0.06913324250246095
41,5,32,32,0.06451612903225806,1.0,15,0.06020465116536261,0.05991028833185177
41,5,32,32,0.06451612903225806,1.0,17,0.05311612952496474,0.052858957580860094
41,5,32,32,0.06451612903225806,1.0,19,0.04752122541136878,0.047292934992441124
42,5,32,32,0.06451612903225806,0.1,1,0.01317784712190685,0.013291208941024719
42,5,32,32,0.06451612903225806,0.1,3,0.004385668197279689,0.0044264168937651095
42,5,32,32,0.06451612903225806,0.1,5,0.0026308430589183267,0.002655622658840471
42,5,32,32,0.06451612903225806,0.1,7,0.0018790229213092498,0.0018968219442651974
42,5,32,32,0.06451612903225806,0.1,9,0.0014614012072917157,0.0014752874339701888
42,5,32,32,0.06451612903225806,0.1,11,0.0011956613348619166,0.001207044830778313
42,5,32,32,0.06451612903225806,0.1,13,0.0010116960090056433,0.001021341064218233
42,5,32,32,0.06451612903225806,0.1,15,0.0008767923452970515,0.0008851595509133079
42,5,32,32,0.06451612903225806,0.1,17,0.0007736330831449605,0.0007810214061679424
42,5,32,32,0.06451612903225806,0.1,19,0.0006921929797525741,0.0006988074603592096
42,5,32,32,0.06451612903225806,0.5,1,0.30802117280497815,0.309246310010066
42,5,32,32,0.06451612903225806,0.5,3,0.10029530963886119,0.10115969344612705
42,5,32,32,0.06451612903225806,0.5,5,0.060036641803923915,0.060601186951212554
42,5,32,32,0.06451612903225806,0.5,7,0.042850534571942135,0.043267073819706334
42,5,32,32,0.06451612903225806,0.5,9,0.03331608857004384,0.033645649212365236
42,5,32,32,0.06451612903225806,0.5,11,0.027252941557315974,0.027525441726761347
42,5,32,32,0.06451612903225806,0.5,13,0.02305709747141024,0.023289330880902463
42,5,32,32,0.06451612903225806,0.5,15,0.019980966613860156,0.02018327975333958
42,5,32,32,0.06451612903225806,0.5,17,0.017629070370921797,0.017808282220811014
42,5,32,32,0.06451612903225806,0.5,19,0.015772565151464975,0.015933404879752033
42,5,32,32,0.06451612903225806,1.0,1,0.9967914130201363,0.9925848495894195
42,5,32,32,0.06451612903225806,1.0,3,0.31500125985459143,0.3148213897872578
42,5,32,32,0.06451612903225806,1.0,5,0.18786315029312262,0.18809087987462128
42,5,32,32,0.06451612903225806,1.0,7,0.13392454675507226,0.1341874792840817
42,5,32,32,0.06451612903225806,1.0,9,0.10406705819643984,0.10431385788284898
42,5,32,32,0.06451612903225806,1.0,11,0.08510084176359053,0.08532441879437631
42,5,32,32,0.06451612903225806,1.0,13,0.07198412954571991,0.07218583781818479
42,5,32,32,0.06451612903225806,1.0,15,0.06237174078570225,0.06255444389283467
42,5,32,32,0.06451612903225806,1.0,17,0.055024567343683106,0.055191061534035704
42,5,32,32,0.06451612903225806,1.0,19,0.049226178147111256,0.04937885921412531
43,5,32,32,0.06451612903225806,0.1,1,0.012224869872852021,0.01183060701946916
43,5,32,32,0.06451612903225806,0.1,3,0.0040705778508402105,0.003936493863222818
43,5,32,32,0.06451612903225806,0.1,5,0.002442066922956708,0.0023612812888749585
43,5,32,32,0.06451612903225806,0.1,7,0.0017442657750616438,0.001686457837433465
43,5,32,32,0.06451612903225806,0.1,9,0.0013566254997560954,0.0013116186025582779
43,5,32,32,0.06451612903225806,0.1,11,0.001109954057935041,0.0010731066334004932
43,5,32,32,0.06451612903225806,0.1,13,0.0009391851371622316,0.0009079926905754228
43,5,32,32,0.06451612903225806,0.1,15,0.0008139563481742235,0.0007869140733299856
43,5,32,32,0.06451612903225806,0.1,17,0.0007181941049016049,0.000694327314846425
43,5,32,32,0.06451612903225806,0.1,19,0.0006425928901062527,0.0006212341802292115
43,5,32,32,0.06451612903225806,0.5,1,0.2869557557425683,0.2796118805190243
43,5,32,32,0.06451612903225806,0.5,3,0.09372097846274913,0.09103173609768285
43,5,32,32,0.06451612903225806,0.5,5,0.05613239203943107,0.05449207738991957
43,5,32,32,0.06451612903225806,0.5,7,0.04007308992988501,0.038892869153727014
43,5,32,32,0.06451612903225806,0.5,9,0.031160526816782996,0.030238770842515375
43,5,32,32,0.06451612903225806,0.5,11,0.025491668690678457,0.024735486596054422
43,5,32,32,0.06451612903225806,0.5,13,0.021568152344069013,0.02092710874182855
43,5,32,32,0.06451612903225806,0.5,15,0.01869140239191223,0.018135063295564153
43,5,32,32,0.06451612903225806,0.5,17,0.016491790792588917,0.016000381490450067
43,5,32,32,0.06451612903225806,0.5,19,0.014755399619621147,0.014315346918737383
43,5,32,32,0.06451612903225806,1.0,1,0.9435278180506373,0.9264705944517294
43,5,32,32,0.06451612903225806,1.0,3,0.2986289938930544,0.28945562516089984
43,5,32,32,0.06451612903225806,1.0,5,0.17833840476259213,0.17283307030834996
43,5,32,32,0.06451612903225806,1.0,7,0.12720320706426913,0.1232889165902127
43,5,32,32,0.06451612903225806,1.0,9,0.09887268803495142,0.09583892927501456
43,5,32,32,0.06451612903225806,1.0,11,0.08086760006765537,0.07839173350024962
43,5,32,32,0.06451612903225806,1.0,13,0.06841168025689702,0.06632065563006014
43,5,32,32,0.06451612903225806,1.0,15,0.05928155518600824,0.05747193918715081
43,5,32,32,0.06451612903225806,1.0,17,0.052301880385213946,0.050706965602679364
43,5,32,32,0.06451612903225806,1.0,19,0.0467928460197122,0.04536711641171429
44,5,32,32,0.06451612903225806,0.1,1,0.012024635097360441,0.012024475412275727
44,5,32,32,0.06451612903225806,0.1,3,0.004004831266668797,0.004004567415896625
44,5,32,32,0.06451612903225806,0.1,5,0.002402736665162556,0.0024025682395038992
44,5,32,32,0.06451612903225806,0.1,7,0.001716208579071101,0.0017160862843366511
44,5,32,32,0.06451612903225806,0.1,9,0.0013348186860678137,0.0013347229307579596
44,5,32,32,0.06451612903225806,0.1,11,0.0010921201514795579,0.0010920415423288192
44,5,32,32,0.06451612903225806,0.1,13,0.0009240996090253201,0.0009240329651619693
44,5,32,32,0.06451612903225806,0.1,15,0.0008008852089942978,0.0008008273811400045
44,5,32,32,0.06451612903225806,0.1,17,0.0007066627599431587,0.0007066116942018472
44,5,32,32,0.06451612903225806,0.1,19,0.0006322767923552105,0.0006322310761062091
44,5,32,32,0.06451612903225806,0.5,1,0.2816422733784541,0.28154420068209096
44,5,32,32,0.06451612903225806,0.5,3,0.09200234857524274,0.09186251772316302
44,5,32,32,0.06451612903225806,0.5,5,0.05511316417082828,0.05502419619006845
44,5,32,32,0.06451612903225806,0.5,7,0.03934921552618625,0.03928467040518997
44,5,32,32,0.06451612903225806,0.5,9,0.030599401926588016,0.030548881289839003
44,5,32,32,0.06451612903225806,0.5,11,0.02503357903598264,0.024992111920362582
44,5,32,32,0.06451612903225806,0.5,13,0.0211811423243455,0.021145990505813953
44,5,32,32,0.06451612903225806,0.5,15,0.018356382771163172,0.018325882922058494
44,5,32,32,0.06451612903225806,0.5,17,0.016196450262738995,0.016169518028120743
44,5,32,32,0.06451612903225806,0.5,19,0.014491336131174138,0.014467225943148474
44,5,32,32,0.06451612903225806,1.0,1,0.9223976493229474,0.9210387289610689
44,5,32,32,0.06451612903225806,1.0,3,0.2884581395199302,0.28810884828145394
44,5,32,32,0.06451612903225806,1.0,5,0.17220856751976818,0.17198456247415886
44,5,32,32,0.06451612903225806,1.0,7,0.12283685692146838,0.12267238079154162
44,5,32,32,0.06451612903225806,1.0,9,0.09548571936910345,0.09535618554539758
44,5,32,32,0.06451612903225806,1.0,11,0.0781023120176082,0.07799563070146764
44,5,32,32,0.06451612903225806,1.0,13,0.06607569178151032,0.06598507408303374
44,5,32,32,0.06451612903225806,1.0,15,0.05725968532811058,0.05718095745457632
44,5,32,32,0.06451612903225806,1.0,17,0.05051976488472321,0.05045018450206664
44,5,32,32,0.06451612903225806,1.0,19,0.04519970762668884,0.04513737912927547
45,5,32,32,0.06451612903225806,0.1,1,0.013177521512113865,0.013300922213218052
45,5,32,32,0.06451612903225806,0.1,3,0.004387868299363772,0.004429310142604108
45,5,32,32,0.06451612903225806,0.1,5,0.0026324475644925443,0.00265731684846347
45,5,32,32,0.06451612903225806,0.1,7,0.0018802566084432301,0.0018980192706718186
45,5,32,32,0.06451612903225806,0.1,9,0.001462398706372135,0.0014762131481416535
45,5,32,32,0.06451612903225806,0.1,11,0.0011964972698709905,0.0012077993475032506
45,5,32,32,0.06451612903225806,0.1,13,0.0010124149496676946,0.0010219778103997463
45,5,32,32,0.06451612903225806,0.1,15,0.0008774228123241575,0.0008857103225982613
45,5,32,32,0.06451612903225806,0.1,17,0.0007741943634673542,0.0007815066557083964
45,5,32,32,0.06451612903225806,0.1,19,0.0006926987013821687,0.0006992411184768083
45,5,32,32,0.06451612903225806,0.5,1,0.3070714156753858,0.30966027024328585
45,5,32,32,0.06451612903225806,0.5,3,0.10017143134122738,0.10126009467026721
45,5,32,32,0.06451612903225806,0.5,5,0.05999374623088463,0.06065608238950531
45,5,32,32,0.06451612903225806,0.5,7,0.042830213745499356,0.04330463794679963
45,5,32,32,0.06451612903225806,0.5,9,0.03330488247252253,0.03367415317797661
45,5,32,32,0.06451612903225806,0.5,11,0.027246209911768175,0.027548391981319614
45,5,32,32,0.06451612903225806,0.5,13,0.023052845350402175,0.023308532858374854
45,5,32,32,0.06451612903225806,0.5,15,0.019978206438912193,0.020199783243894275
45,5,32,32,0.06451612903225806,0.5,17,0.017627262736820113,0.017822750856678903
45,5,32,32,0.06451612903225806,0.5,19,0.015771393277315773,0.01594628461914521
45,5,32,32,0.06451612903225806,1.0,1,0.9900895857312157,0.9949844510952925
45,5,32,32,0.06451612903225806,1.0,3,0.31202190236787725,0.31530374208119794
45,5,32,32,0.06451612903225806,1.0,5,0.1862825640076682,0.18833621702693057
45,5,32,32,0.06451612903225806,1.0,7,0.1328745872631954,0.13435049958948905
45,5,32,32,0.06451612903225806,1.0,9,0.10328730251723454,0.10443557101005216
45,5,32,32,0.06451612903225806,1.0,11,0.08448283788708104,0.08542140857092152
45,5,32,32,0.06451612903225806,1.0,13,0.07147319425942852,0.0722664043641397
45,5,32,32,0.06451612903225806,1.0,15,0.06193667779991419,0.06262332109510059
45,5,32,32,0.06451612903225806,1.0,17,0.05464597855299575,0.055251199899085265
45,5,32,32,0.06451612903225806,1.0,19,0.048891211650473346,0.049432220012786236
46,5,32,32,0.06451612903225806,0.1,1,0.014218150623823736,0.013382353815453692
46,5,32,32,0.06451612903225806,0.1,3,0.004731974054036014,0.0044522027447758735
46,5,32,32,0.06451612903225806,0.1,5,0.002838571140863311,0.00267067496222713
46,5,32,32,0.06451612903225806,0.1,7,0.0020273834320500696,0.001907454586638807
46,5,32,32,0.06451612903225806,0.1,9,0.0015767855767896593,0.001483507711893912
46,5,32,32,0.06451612903225806,0.1,11,0.0012900630360686096,0.0012137452770259916
46,5,32,32,0.06451612903225806,0.1,13,0.0010915722190144787,0.0010269961071548003
46,5,32,32,0.06451612903225806,0.1,15,0.000946017030710167,0.0008900514289134917
46,5,32,32,0.06451612903225806,0.1,17,0.0008347127705625561,0.0007853316382989851
46,5,32,32,0.06451612903225806,0.1,19,0.0007468425797895552,0.0007026596801888295
46,5,32,32,0.06451612903225806,0.5,1,0.3302879627225675,0.30958245488868935
46,5,32,32,0.06451612903225806,0.5,3,0.10760391294060025,0.09987729994657937
46,5,32,32,0.06451612903225806,0.5,5,0.06439563881527242,0.059765229353688935
46,5,32,32,0.06451612903225806,0.5,7,0.04595499761242371,0.04265498962847194
46,5,32,32,0.06451612903225806,0.5,9,0.03572654050580234,0.03316412964391684
46,5,32,32,0.06451612903225806,0.5,11,0.029222924726350016,0.02712893075901195
46,5,32,32,0.06451612903225806,0.5,13,0.024722695260727602,0.022952446739180024
46,5,32,32,0.06451612903225806,0.5,15,0.021423643136348373,0.019890490154068498
46,5,32,32,0.06451612903225806,0.5,17,0.018901448394648038,0.017549408118640676
46,5,32,32,0.06451612903225806,0.5,19,0.016910602586568353,0.01570141978668653
46,5,32,32,0.06451612903225806,1.0,1,1.0478898476343836,0.9707123415833909
46,5,32,32,0.06451612903225806,1.0,3,0.3310083973494033,0.29742554717023495
46,5,32,32,0.06451612903225806,1.0,5,0.1970969910671778,0.1774109949419794
46,5,32,32,0.06451612903225806,1.0,7,0.1403510974978207,0.12647334871460014
46,5,32,32,0.06451612903225806,1.0,9,0.1089809009620408,0.09827515225480014
46,5,32,32,0.06451612903225806,1.0,11,0.0890737144946182,0.08036301794438198
46,5,32,32,0.06451612903225806,1.0,13,0.07531659739327286,0.06797550899465185
46,5,32,32,0.06451612903225806,1.0,15,0.06524072416473421,0.058897679581634534
46,5,32,32,0.06451612903225806,1.0,17,0.05754279715325781,0.05195921478386136
46,5,32,32,0.06451612903225806,1.0,19,0.051469824422244556,0.046483462037164656
47,5,32,32,0.06451612903225806,0.1,1,0.011466955050378041,0.01146683364463453
47,5,32,32,0.06451612903225806,0.1,3,0.0038191810532395877,0.003819175609689561
47,5,32,32,0.06451612903225806,0.1,5,0.0022913583061039454,0.0022913566690266948
47,5,32,32,0.06451612903225806,0.1,7,0.0016366549261963516,0.0016366540764848803
47,5,32,32,0.06451612903225806,0.1,9,0.0012729443647890744,0.0012729438061118688
47,5,32,32,0.06451612903225806,0.1,11,0.0010414960141666247,0.0010414955993802368
47,5,32,32,0.06451612903225806,0.1,13,0.0008812639501195848,0.0008812636197397661
47,5,32,32,0.06451612903225806,0.1,15,0.0007637610526187996,0.0007637607774798675
47,5,32,32,0.06451612903225806,0.1,17,0.0006739061993435853,0.0006739059631929004
47,5,32,32,0.06451612903225806,0.1,19,0.0006029683208593533,0.0006029681136951621
47,5,32,32,0.06451612903225806,0.5,1,0.27048587669559726,0.27045616295588015
47,5,32,32,0.06451612903225806,0.5,3,0.08849266811005324,0.08850580090301502
47,5,32,32,0.06451612903225806,0.5,5,0.05301893577389779,0.05302714943561328
47,5,32,32,0.06451612903225806,0.5,7,0.03785564153747851,0.03786156191062477
47,5,32,32,0.06451612903225806,0.5,9,0.029438472893115443,0.029443093567506698
47,5,32,32,0.06451612903225806,0.5,11,0.024084034758960093,0.02408782169984331
47,5,32,32,0.06451612903225806,0.5,13,0.020377831175890093,0.020381038565224694
47,5,32,32,0.06451612903225806,0.5,15,0.017660261044379635,0.017663042425207377
47,5,32,32,0.06451612903225806,0.5,17,0.01558227314624592,0.015584728268206463
47,5,32,32,0.06451612903225806,0.5,19,0.013941839317094857,0.01394403660612104
47,5,32,32,0.06451612903225806,1.0,1,0.9026585288234492,0.9037464768879532
47,5,32,32,0.06451612903225806,1.0,3,0.28650389337080867,0.28713713449075456
47,5,32,32,0.06451612903225806,1.0,5,0.17123406100959965,0.1715956733661846
47,5,32,32,0.06451612903225806,1.0,7,0.12217863092206982,0.12243330049600465
47,5,32,32,0.06451612903225806,1.0,9,0.09498577393685223,0.09518269273572362
47,5,32,32,0.06451612903225806,1.0,11,0.07769821988102943,0.07785885659950677
47,5,32,32,0.06451612903225806,1.0,13,0.06573617374322692,0.06587186439419836
47,5,32,32,0.06451612903225806,1.0,15,0.05696674309006304,0.057084215185311905
47,5,32,32,0.06451612903225806,1.0,17,0.05026205640356577,0.05036563370522625
47,5,32,32,0.06451612903225806,1.0,19,0.04496960914988471,0.04506223682241329
48,5,32,33,0.06653225806451613,0.1,1,0.013513933264348025,0.013514394544146342
48,5,32,33,0.06653225806451613,0.1,3,0.0044998701033164,0.0044999618274644765
48,5,32,33,0.06653225806451613,0.1,5,0.0026995895058533744,0.0026996254407282913
48,5,32,33,0.06653225806451613,0.1,7,0.0019281938795982997,0.001928212851234887
48,5,32,33,0.06653225806451613,0.1,9,0.0014996734277990754,0.001499685118782365
48,5,32,33,0.06653225806451613,0.1,11,0.001226989460866699,0.0012269973783753945
48,5,32,33,0.06653225806451613,0.1,13,0.0010382128499041557,0.0010382185639200537
48,5,32,33,0.06653225806451613,0.1,15,0.0008997789349020423,0.0008997832516994209
48,5,32,33,0.06653225806451613,0.1,17,0.000793918948617273,0.0007939223242928119
48,5,32,33,0.06653225806451613,0.1,19,0.0007103460123944819,0.0007103487241889839
48,5,32,33,0.06653225806451613,0.5,1,0.31615174246365446,0.31597999520361164
48,5,32,33,0.06653225806451613,0.5,3,0.10342357458590824,0.10342647652401339
48,5,32,33,0.06653225806451613,0.5,5,0.061952340109349816,0.061954866947617246
48,5,32,33,0.06653225806451613,0.5,7,0.044229778316424315,0.044231389959671505
48,5,32,33,0.06653225806451613,0.5,9,0.03439333684143084,0.034394419989355635
48,5,32,33,0.06653225806451613,0.5,11,0.02813660897531163,0.028137380122462308
48,5,32,33,0.06653225806451613,0.5,13,0.023806128971794925,0.02380670392048344
48,5,32,33,0.06653225806451613,0.5,15,0.020630950734781883,0.020631395155375105
48,5,32,33,0.06653225806451613,0.5,17,0.018203135877138007,0.01820348936223217
48,5,32,33,0.06653225806451613,0.5,19,0.016286588247583764,0.016286875960429225
48,5,32,33,0.06653225806451613,1.0,1,1.0252965633057631,1.0231749318405106
48,5,32,33,0.06653225806451613,1.0,3,0.3256686698067221,0.32566093408451674
48,5,32,33,0.06653225806451613,1.0,5,0.19459784134251193,0.1946148717567484
48,5,32,33,0.06653225806451613,1.0,7,0.13883876395869957,0.13885203540616434
48,5,32,33,0.06653225806451613,1.0,9,0.10793403691421526,0.10794362080673713
48,5,32,33,0.06653225806451613,1.0,11,0.08828802114485629,0.08829510000519368
48,5,32,33,0.06653225806451613,1.0,13,0.07469459008937054,0.07469998664202926
48,5,32,33,0.06653225806451613,1.0,15,0.06472944654314453,0.06473368040287465
48,5,32,33,0.06653225806451613,1.0,17,0.05711071768664122,0.05711412116082662
48,5,32,33,0.06653225806451613,1.0,19,0.05109684127620832,0.05109963357763241
49,5,32,33,0.06653225806451613,0.1,1,0.01316821485987473,0.013463455063446227
49,5,32,33,0.06653225806451613,0.1,3,0.004385778019853798,0.004481647268087095
49,5,32,33,0.06653225806451613,0.1,5,0.0026312928109139717,0.002688490138607991
49,5,32,33,0.06653225806451613,0.1,7,0.0018794606141902283,0.001920215119332285
49,5,32,33,0.06653225806451613,0.1,9,0.001461791733913404,0.0014934458545110647
49,5,32,33,0.06653225806451613,0.1,11,0.0011960068755494638,0.001221882789084085
49,5,32,33,0.06653225806451613,0.1,13,0.0010120036061209566,0.0010338851518079625
49,5,32,33,0.06653225806451613,0.1,15,0.000877068589003962,0.0008960240256310666
49,5,32,33,0.06653225806451613,0.1,17,0.0007738833395237281,0.0007906029342808281
49,5,32,33,0.06653225806451613,0.1,19,0.0006924214900436378,0.0007073770327040628
49,5,32,33,0.06653225806451613,0.5,1,0.30692392111551,0.31435795270574907
49,5,32,33,0.06653225806451613,0.5,3,0.10035196786754665,0.10257988852554094
49,5,32,33,0.06653225806451613,0.5,5,0.060119085060515644,0.061423415701991724
49,5,32,33,0.06653225806451613,0.5,7,0.04292408311015053,0.04384530977849233
49,5,32,33,0.06653225806451613,0.5,9,0.03337959218842782,0.0340914702053365
49,5,32,33,0.06653225806451613,0.5,11,0.027308167814093495,0.02788816239261508
49,5,32,33,0.06653225806451613,0.5,13,0.02310573793262755,0.023595050870959623
49,5,32,33,0.06653225806451613,0.5,15,0.020024334002048047,0.02044747523769448
49,5,32,33,0.06653225806451613,0.5,17,0.01766815273458194,0.01804088139046204
49,5,32,33,0.06653225806451613,0.5,19,0.01580811016298578,0.016141156231173265
49,5,32,33,0.06653225806451613,1.0,1,0.9899916815225958,1.014415434356796
49,5,32,33,0.06653225806451613,1.0,3,0.31349929231593304,0.3186985554264235
49,5,32,33,0.06653225806451613,1.0,5,0.18733498254796005,0.19030905124631586
49,5,32,33,0.06653225806451613,1.0,7,0.1336584143452371,0.13574428497265495
49,5,32,33,0.06653225806451613,1.0,9,0.10390679075086597,0.10551344894171003
49,5,32,33,0.06653225806451613,1.0,11,0.08499357584595246,0.08630018208772332
49,5,32,33,0.06653225806451613,1.0,13,0.07190715181724308,0.0730081726719255
49,5,32,33,0.06653225806451613,1.0,15,0.06231369827684314,0.06326504334067369
49,5,32,33,0.06653225806451613,1.0,17,0.054979157989158416,0.05581665554607156
49,5,32,33,0.06653225806451613,1.0,19,0.04918962315462989,0.04993761060370631
50,5,32,33,0.06653225806451613,0.1,1,0.013943578661645407,0.013550929456641958
50,5,32,33,0.06653225806451613,0.1,3,0.004642701330700961,0.004511940246559773
50,5,32,33,0.06653225806451613,0.1,5,0.0027853241446550558,0.002706888485695494
50,5,32,33,0.06653225806451613,0.1,7,0.0019894497301825003,0.0019334311024854446
50,5,32,33,0.06653225806451613,0.1,9,0.001547325306186948,0.0015037583017343268
50,5,32,33,0.06653225806451613,0.1,11,0.0012659821103587184,0.0012303379867789352
50,5,32,33,0.06653225806451613,0.1,13,0.0010712095489054819,0.0010410500877691777
50,5,32,33,0.06653225806451613,0.1,15,0.0009283779905592521,0.0009022403996903197
50,5,32,33,0.06653225806451613,0.1,17,0.0008191547336327161,0.000796092566381419
50,5,32,33,0.06653225806451613,0.1,19,0.000732926351287064,0.0007122920734470607
50,5,32,33,0.06653225806451613,0.5,1,0.3226290474379869,0.3143151314808378
50,5,32,33,0.06653225806451613,0.5,3,0.10503827378482442,0.10208369316243135
50,5,32,33,0.06653225806451613,0.5,5,0.06291005387996988,0.06114198693855271
50,5,32,33,0.06653225806451613,0.5,7,0.04491333235821693,0.04365132307830076
50,5,32,33,0.06653225806451613,0.5,9,0.03492530711782885,0.033944059893690114
50,5,32,33,0.06653225806451613,0.5,11,0.028572184102080914,0.027769494247471514
50,5,32,33,0.06653225806451613,0.5,13,0.024174945355888395,0.023495828972998452
50,5,32,33,0.06653225806451613,0.5,15,0.0209507797140027,0.020362263249743322
50,5,32,33,0.06653225806451613,0.5,17,0.01848547858093264,0.017966233227691978
50,5,32,33,0.06653225806451613,0.5,19,0.016539317517323217,0.01607475326241707
50,5,32,33,0.06653225806451613,1.0,1,1.0196114125529163,1.051923169049792
50,5,32,33,0.06653225806451613,1.0,3,0.319712998422104,0.32957659472390527
50,5,32,33,0.06653225806451613,1.0,5,0.19093973654160074,0.19549929655657938
50,5,32,33,0.06653225806451613,1.0,7,0.13619107910296918,0.13896054876954475
50,5,32,33,0.06653225806451613,1.0,9,0.10585779680540351,0.10778808451667636
50,5,32,33,0.06653225806451613,1.0,11,0.0865798980656582,0.08803902496898068
50,5,32,33,0.06653225806451613,1.0,13,0.07324354885811908,0.07440644099310656
50,5,32,33,0.06653225806451613,1.0,15,0.06346815880438661,0.064429821151599
50,5,32,33,0.06653225806451613,1.0,17,0.05599526254112334,0.05681235322869695
50,5,32,33,0.06653225806451613,1.0,19,0.05009697415119593,0.0508057041715229
51,5,32,33,0.06653225806451613,0.1,1,0.012701476703425767,0.012800860372301893
51,5,32,33,0.06653225806451613,0.1,3,0.004229836981029621,0.0042615723915522055
51,5,32,33,0.06653225806451613,0.1,5,0.0025377003179163278,0.0025565522680963165
51,5,32,33,0.06653225806451613,0.1,7,0.0018126013893856228,0.0018260075534375295
51,5,32,33,0.06653225806451613,0.1,9,0.0014097871160856019,0.0014201881026245965
51,5,32,33,0.06653225806451613,0.1,11,0.0011534561477675432,0.0011619523979100484
51,5,32,33,0.06653225806451613,0.1,13,0.000975998293871961,0.0009831793970497271
51,5,32,33,0.06653225806451613,0.1,15,0.0008458634561378915,0.0008520819579114575
51,5,32,33,0.06653225806451613,0.1,17,0.000746349047659931,0.0007518324973619768
51,5,32,33,0.06653225806451613,0.1,19,0.000667785299852495,0.0006726890931765758
51,5,32,33,0.06653225806451613,0.5,1,0.29660808931456717,0.29807649846511663
51,5,32,33,0.06653225806451613,0.5,3,0.09680839656747645,0.09726287021786764
51,5,32,33,0.06653225806451613,0.5,5,0.05798986558126056,0.05824489580409776
51,5,32,33,0.06653225806451613,0.5,7,0.041402368671847406,0.041578452531198205
51,5,32,33,0.06653225806451613,0.5,9,0.03219567854129427,0.032329874985950836
51,5,32,33,0.06653225806451613,0.5,11,0.026339325356562797,0.026447647666235703
51,5,32,33,0.06653225806451613,0.5,13,0.022285839243253808,0.02237661776196794
51,5,32,33,0.06653225806451613,0.5,15,0.019313685821857756,0.019391795321118305
51,5,32,33,0.06653225806451613,0.5,17,0.017041063383638384,0.017109598802813087
51,5,32,33,0.06653225806451613,0.5,19,0.015246997085902688,0.015308044658399548
51,5,32,33,0.06653225806451613,1.0,1,0.9623172772662251,0.9579899203506482
51,5,32,33,0.06653225806451613,1.0,3,0.30359392800407736,0.30376823702855854
51,5,32,33,0.06653225806451613,1.0,5,0.18128536137093593,0.18155080486200165
51,5,32,33,0.06653225806451613,1.0,7,0.129315317091103,0.12953467531766924
51,5,32,33,0.06653225806451613,1.0,9,0.1005219193242804,0.10070089390800584
51,5,32,33,0.06653225806451613,1.0,11,0.08222134827788068,0.08237072042279442
51,5,32,33,0.06653225806451613,1.0,13,0.06956010213326737,0.06968766182365282
51,5,32,33,0.06653225806451613,1.0,15,0.06027889211206654,0.06038993494995892
51,5,32,33,0.06653225806451613,1.0,17,0.05318334210699325,0.05328152544154362
51,5,32,33,0.06653225806451613,1.0,19,0.04758259783693224,0.04767052070427701
52,5,32,33,0.06653225806451613,0.1,1,0.012360554671023255,0.012421364976537804
52,5,32,33,0.06653225806451613,0.1,3,0.0041164488160121025,0.00413714083015341
52,5,32,33,0.06653225806451613,0.1,5,0.0024696901225425426,0.002482125719838488
52,5,32,33,0.06653225806451613,0.1,7,0.001764029117439053,0.0017729157018794481
52,5,32,33,0.06653225806451613,0.1,9,0.001372011362754844,0.001378924435976624
52,5,32,33,0.06653225806451613,0.1,11,0.0011225500779322773,0.0011282067611303695
52,5,32,33,0.06653225806451613,0.1,13,0.0009498477915761391,0.0009546344749214004
52,5,32,33,0.06653225806451613,0.1,15,0.0008232001826775577,0.0008273487824750948
52,5,32,33,0.06653225806451613,0.1,17,0.0007263523731018532,0.0007300129854133074
52,5,32,33,0.06653225806451613,0.1,19,0.0006498937710508714,0.0006531691078744785
52,5,32,33,0.06653225806451613,0.5,1,0.28972824113712004,0.2910595414776266
52,5,32,33,0.06653225806451613,0.5,3,0.09455860924777974,0.09524357026330342
52,5,32,33,0.06653225806451613,0.5,5,0.056640004197077,0.05706458018280296
52,5,32,33,0.06653225806451613,0.5,7,0.04043842710964921,0.04074442469504034
52,5,32,33,0.06653225806451613,0.5,9,0.03144611906445914,0.03168499610510964
52,5,32,33,0.06653225806451613,0.5,11,0.02572616172324449,0.02592197159531911
52,5,32,33,0.06653225806451613,0.5,13,0.02176708321765292,0.021932946397541335
52,5,32,33,0.06653225806451613,0.5,15,0.01886414889283913,0.019007993802469012
52,5,32,33,0.06653225806451613,0.5,17,0.016644450091934576,0.016771429197199244
52,5,32,33,0.06653225806451613,0.5,19,0.014892159818077788,0.015005808554764707
52,5,32,33,0.06653225806451613,1.0,1,0.9514384871917766,0.9532752070782489
52,5,32,33,0.06653225806451613,1.0,3,0.301405534897812,0.30278874544609097
52,5,32,33,0.06653225806451613,1.0,5,0.18007562441315653,0.18101151756418288
52,5,32,33,0.06653225806451613,1.0,7,0.1284469764072433,0.12916352881584364
52,5,32,33,0.06653225806451613,1.0,9,0.09983815462290885,0.10041874667128806
52,5,32,33,0.06653225806451613,1.0,11,0.08165608486968863,0.0821434835691147
52,5,32,33,0.06653225806451613,1.0,13,0.06907808726215732,0.06949759883742627
52,5,32,33,0.06653225806451613,1.0,15,0.059858764409698485,0.060226670152307815
52,5,32,33,0.06653225806451613,1.0,17,0.05281108020664628,0.0531384772322244
52,5,32,33,0.06653225806451613,1.0,19,0.04724847176281906,0.04754325785384183
53,5,32,33,0.06653225806451613,0.1,1,0.013987357218126696,0.014093140274556942
53,5,32,33,0.06653225806451613,0.1,3,0.004659716430933371,0.004694389069081014
53,5,32,33,0.06653225806451613,0.1,5,0.0027956670343285014,0.0028163930766192807
53,5,32,33,0.06653225806451613,0.1,7,0.001996867122308151,0.0020116471688414643
53,5,32,33,0.06653225806451613,0.1,9,0.0015531048970001673,0.0015645898931823177
53,5,32,33,0.06653225806451613,0.1,11,0.0012707156415331018,0.0012801069065755196
53,5,32,33,0.06653225806451613,0.1,13,0.0010752173733976614,0.0010831605643466667
53,5,32,33,0.06653225806451613,0.1,15,0.0009318529247697461,0.0009387349432586116
53,5,32,33,0.06653225806451613,0.1,17,0.0008222217940136087,0.0008282927566427941
53,5,32,33,0.06653225806451613,0.1,19,0.000735671195211475,0.0007411021139300136
53,5,32,33,0.06653225806451613,0.5,1,0.3256091236014377,0.32794478269735017
53,5,32,33,0.06653225806451613,0.5,3,0.10731575232905431,0.10808721123162761
53,5,32,33,0.06653225806451613,0.5,5,0.06433017110482019,0.06479457225316582
53,5,32,33,0.06653225806451613,0.5,7,0.045938242885038956,0.04627041784849975
53,5,32,33,0.06653225806451613,0.5,9,0.035725893539074474,0.0359844169741216
53,5,32,33,0.06653225806451613,0.5,11,0.029228663736456353,0.029440254339840006
53,5,32,33,0.06653225806451613,0.5,13,0.024731153102886667,0.024910226576392924
53,5,32,33,0.06653225806451613,0.5,15,0.021433230394862002,0.021588446574319506
53,5,32,33,0.06653225806451613,0.5,17,0.018911414466201808,0.01904838111485062
53,5,32,33,0.06653225806451613,0.5,19,0.016920574944114124,0.017043130965660087
53,5,32,33,0.06653225806451613,1.0,1,1.044682172440137,1.0485902961864704
53,5,32,33,0.06653225806451613,1.0,3,0.3401621884443473,0.34309247712080354
53,5,32,33,0.06653225806451613,1.0,5,0.20329596681790463,0.2052888703701026
53,5,32,33,0.06653225806451613,1.0,7,0.14502012963559455,0.1465090607987264
53,5,32,33,0.06653225806451613,1.0,9,0.11272294167811095,0.11390747590121696
53,5,32,33,0.06653225806451613,1.0,11,0.09219500292839913,0.09317735303741076
53,5,32,33,0.06653225806451613,1.0,13,0.07799341920963428,0.0788321206974011
53,5,32,33,0.06653225806451613,1.0,15,0.06758371294454037,0.0683152307185995
53,5,32,33,0.06653225806451613,1.0,17,0.059625896613765,0.06027442878345158
53,5,32,33,0.06653225806451613,1.0,19,0.053344882075649636,0.053927288003927036
54,5,32,33,0.06653225806451613,0.1,1,0.012113026783535489,0.013841871210062855
54,5,32,33,0.06653225806451613,0.1,3,0.004034144340560084,0.004611011483436711
54,5,32,33,0.06653225806451613,0.1,5,0.0024203173507500496,0.00276646565661994
54,5,32,33,0.06653225806451613,0.1,7,0.001728764804317461,0.0019760191067045773
54,5,32,33,0.06653225806451613,0.1,9,0.001344584188736481,0.0015368948548201977
54,5,32,33,0.06653225806451613,0.1,11,0.0011001099217370464,0.0012574557428186384
54,5,32,33,0.06653225806451613,0.1,13,0.0009308600931127913,0.0010639992203694496
54,5,32,33,0.06653225806451613,0.1,15,0.0008067442458630538,0.0009221316828292372
54,5,32,33,0.06653225806451613,0.1,17,0.0007118324692606298,0.0008136450276575829
54,5,32,33,0.06653225806451613,0.1,19,0.0006369023034898296,0.0007279978219967978
54,5,32,33,0.06653225806451613,0.5,1,0.2848018375603886,0.32282740647773356
54,5,32,33,0.06653225806451613,0.5,3,0.09310297368908374,0.10609565428461348
54,5,32,33,0.06653225806451613,0.5,5,0.05577673296384003,0.06358650743501129
54,5,32,33,0.06653225806451613,0.5,7,0.03982383015522906,0.04540501400633411
54,5,32,33,0.06653225806451613,0.5,9,0.03096875123760723,0.03531055840043512
54,5,32,33,0.06653225806451613,0.5,11,0.025335858793738075,0.02888861334155092
54,5,32,33,0.06653225806451613,0.5,13,0.021436958838425557,0.024443314243901462
54,5,32,33,0.06653225806451613,0.5,15,0.01857811290292541,0.021183717950487208
54,5,32,33,0.06653225806451613,0.5,17,0.016392107760487898,0.018691228247475357
54,5,32,33,0.06653225806451613,0.5,19,0.014666406425853363,0.01672355011844105
54,5,32,33,0.06653225806451613,1.0,1,0.9432850916097433,1.0329449383611378
54,5,32,33,0.06653225806451613,1.0,3,0.3002763226724156,0.3324425179438815
54,5,32,33,0.06653225806451613,1.0,5,0.17941577476627632,0.19886099268514643
54,5,32,33,0.06653225806451613,1.0,7,0.12800462118791692,0.14192380645859165
54,5,32,33,0.06653225806451613,1.0,9,0.0995111080106651,0.11034677490956195
54,5,32,33,0.06653225806451613,1.0,11,0.08139824744759018,0.09026780410615737
54,5,32,33,0.06653225806451613,1.0,13,0.06886573107390585,0.07637269802251916
54,5,32,33,0.06653225806451613,1.0,15,0.05967835135339675,0.06618545552431002
54,5,32,33,0.06653225806451613,1.0,17,0.05265425285625947,0.058396444729145625
54,5,32,33,0.06653225806451613,1.0,19,0.04710974457930795,0.05224789033729944
55,5,32,33,0.06653225806451613,0.1,1,0.01402831894364987,0.014047771244256164
55,5,32,33,0.06653225806451613,0.1,3,0.004669837770767903,0.004677923593058867
55,5,32,33,0.06653225806451613,0.1,5,0.00280143359277384,0.0028064615733006293
55,5,32,33,0.06653225806451613,0.1,7,0.00200090112439452,0.0020045455011778847
55,5,32,33,0.06653225806451613,0.1,9,0.001556207522872783,0.001559064713775091
55,5,32,33,0.06653225806451613,0.1,11,0.0012732365108912324,0.0012755859560471601
55,5,32,33,0.06653225806451613,0.1,13,0.0010773402920729565,0.001079335139453424
55,5,32,33,0.06653225806451613,0.1,15,0.0009336864478534191,0.0009354196617662933
55,5,32,33,0.06653225806451613,0.1,17,0.0008238353787084286,0.0008253676122538964
55,5,32,33,0.06653225806451613,0.1,19,0.00073711196734839,0.0007384849778617591
55,5,32,33,0.06653225806451613,0.5,1,0.3259931347895966,0.3254525957598427
55,5,32,33,0.06653225806451613,0.5,3,0.10633476230707667,0.10644361516870507
55,5,32,33,0.06653225806451613,0.5,5,0.06366358454178374,0.06375030632195818
55,5,32,33,0.06653225806451613,0.5,7,0.045442098318698144,0.04550944864821767
55,5,32,33,0.06653225806451613,0.5,9,0.035332120411526446,0.03538661190387623
55,5,32,33,0.06653225806451613,0.5,11,0.028902612672338422,0.02894822575019386
55,5,32,33,0.06653225806451613,0.5,13,0.024453083922518097,0.02449225641464393
55,5,32,33,0.06653225806451613,0.5,15,0.021190891800083517,0.021225196254123887
55,5,32,33,0.06653225806451613,0.5,17,0.018696698755949755,0.018727201079199576
55,5,32,33,0.06653225806451613,0.5,19,0.016727845017475804,0.016755298470827327
55,5,32,33,0.06653225806451613,1.0,1,1.0397689428018921,1.0348045107851416
55,5,32,33,0.06653225806451613,1.0,3,0.32913429917730846,0.33025766618612096
55,5,32,33,0.06653225806451613,1.0,5,0.19628862753388263,0.1970898201384229
55,5,32,33,0.06653225806451613,1.0,7,0.1399382353304378,0.14052510571483467
55,5,32,33,0.06653225806451613,1.0,9,0.10874532332601125,0.1092029263398008
55,5,32,33,0.06653225806451613,1.0,11,0.08892992862076528,0.08930334034510409
55,5,32,33,0.06653225806451613,1.0,13,0.07522531489315039,0.07554008331259622
55,5,32,33,0.06653225806451613,1.0,15,0.0651816865408851,0.06545344859921809
55,5,32,33,0.06653225806451613,1.0,17,0.057504633173280785,0.05774358350523132
55,5,32,33,0.06653225806451613,1.0,19,0.051445725272544526,0.051658853191230675
56,5,32,33,0.06653225806451613,0.1,1,0.0125541005564252,0.012841589386684392
56,5,32,33,0.06653225806451613,0.1,3,0.0041766078047238584,0.004268664175493367
56,5,32,33,0.06653225806451613,0.1,5,0.0025054672684043213,0.0025601597356929027
56,5,32,33,0.06653225806451613,0.1,7,0.0017895022445098595,0.0018283954481146255
56,5,32,33,0.06653225806451613,0.1,9,0.0013917915199220966,0.0014219656337198354
56,5,32,33,0.06653225806451613,0.1,11,0.001138718001209249,0.001163365809102433
56,5,32,33,0.06653225806451613,0.1,13,0.0009635194343196628,0.0009843516038349864
56,5,32,33,0.06653225806451613,0.1,15,0.0008350434465202042,0.0008530828717606831
56,5,32,33,0.06653225806451613,0.1,17,0.0007367986901425038,0.0007527055867422223
56,5,32,33,0.06653225806451613,0.1,19,0.0006592379640723675,0.0006734631928961746
56,5,32,33,0.06653225806451613,0.5,1,0.29282589836465606,0.30045748337310463
56,5,32,33,0.06653225806451613,0.5,3,0.09442893238446418,0.09696179070464685
56,5,32,33,0.06653225806451613,0.5,5,0.0565180266652455,0.058009986000381195
56,5,32,33,0.06653225806451613,0.5,7,0.040341477930990736,0.041395741152679945
56,5,32,33,0.06653225806451613,0.5,9,0.03136711422543425,0.032181531617650264
56,5,32,33,0.06653225806451613,0.5,11,0.025659832604668895,0.026323078762711703
56,5,32,33,0.06653225806451613,0.5,13,0.02171003896052957,0.022269356245248697
56,5,32,33,0.06653225806451613,0.5,15,0.018814157019982777,0.019297661324283774
56,5,32,33,0.06653225806451613,0.5,17,0.0165999815941506,0.017025750096336792
56,5,32,33,0.06653225806451613,0.5,19,0.014852127739188797,0.015232466047045326
56,5,32,33,0.06653225806451613,1.0,1,0.9499980281894538,0.9651510815447801
56,5,32,33,0.06653225806451613,1.0,3,0.30751535238770333,0.313519414815094
56,5,32,33,0.06653225806451613,1.0,5,0.18427821966832145,0.18809919065246983
56,5,32,33,0.06653225806451613,1.0,7,0.1315801299141253,0.13434748138181452
56,5,32,33,0.06653225806451613,1.0,9,0.10232458961064078,0.10448719790140029
56,5,32,33,0.06653225806451613,1.0,11,0.08371354288150096,0.08548634243838572
56,5,32,33,0.06653225806451613,1.0,13,0.07083126639268061,0.07233256608475137
56,5,32,33,0.06653225806451613,1.0,15,0.06138528281738729,0.06268685795686559
56,5,32,33,0.06653225806451613,1.0,17,0.05416239346404759,0.05531097423158253
56,5,32,33,0.06653225806451613,1.0,19,0.048460391016005896,0.049488068347458676
57,5,32,33,0.06653225806451613,0.1,1,0.014471039314116793,0.014588612002189269
57,5,32,33,0.06653225806451613,0.1,3,0.0048180601217260085,0.00485726338427274
57,5,32,33,0.06653225806451613,0.1,5,0.0028904967442488824,0.0029139761506263035
57,5,32,33,0.06653225806451613,0.1,7,0.0020645610869999636,0.0020813158154971453
57,5,32,33,0.06653225806451613,0.1,9,0.0016057403346215705,0.0016187641002381559
57,5,32,33,0.06653225806451613,0.1,11,0.0013137737390791688,0.0013244253433474318
57,5,32,33,0.06653225806451613,0.1,13,0.0011116471922290514,0.0011206575482626232
57,5,32,33,0.06653225806451613,0.1,15,0.000963423054179374,0.0009712303803597704
57,5,32,33,0.06653225806451613,0.1,17,0.0008500762520548449,0.0008569639390509692
57,5,32,33,0.06653225806451613,0.1,19,0.0007605925553009419,0.0007667544146483756
57,5,32,33,0.06653225806451613,0.5,1,0.33530597694024783,0.33772301228768714
57,5,32,33,0.06653225806451613,0.5,3,0.10915711037262618,0.11023857558702363
57,5,32,33,0.06653225806451613,0.5,5,0.06536157564941193,0.06602156074810099
57,5,32,33,0.06653225806451613,0.5,7,0.046659309247137286,0.047132133565496934
57,5,32,33,0.06653225806451613,0.5,9,0.03628131780292263,0.03664926409240077
57,5,32,33,0.06653225806451613,0.5,11,0.029680698658766425,0.02998171946312594
57,5,32,33,0.06653225806451613,0.5,13,0.025112394556754604,0.025367039852430506
57,5,32,33,0.06653225806451613,0.5,15,0.02176291658883988,0.021983545829423648
57,5,32,33,0.06653225806451613,0.5,17,0.019201861972280684,0.019396480840159
57,5,32,33,0.06653225806451613,0.5,19,0.017180149292688306,0.01735423765671455
57,5,32,33,0.06653225806451613,1.0,1,1.0624887486349293,1.0646685333936674
57,5,32,33,0.06653225806451613,1.0,3,0.33270882219068076,0.33561875570014366
57,5,32,33,0.06653225806451613,1.0,5,0.1981458655361429,0.2002648412334883
57,5,32,33,0.06653225806451613,1.0,7,0.14120044834723436,0.14280617116748184
57,5,32,33,0.06653225806451613,1.0,9,0.10970530855982244,0.11098862569788978
57,5,32,33,0.06653225806451613,1.0,11,0.08970613400485059,0.09077225788886736
57,5,32,33,0.06653225806451613,1.0,13,0.07587755131747702,0.07678838937155207
57,5,32,33,0.06653225806451613,1.0,15,0.06574446906310442,0.06653907866352383
57,5,32,33,0.06653225806451613,1.0,17,0.057999736825862826,0.05870421129112152
57,5,32,33,0.06653225806451613,1.0,19,0.051887792910175125,0.052520382035273615
58,5,32,33,0.06653225806451613,0.1,1,0.012575751569561611,0.013078833330052062
58,5,32,33,0.06653225806451613,0.1,3,0.004187694244000798,0.004351387090167615
58,5,32,33,0.06653225806451613,0.1,5,0.0025123748533719373,0.0026100858955232548
58,5,32,33,0.06653225806451613,0.1,7,0.0017944987504208603,0.0018641360454504025
58,5,32,33,0.06653225806451613,0.1,9,0.0013957014913539504,0.001449795924035645
58,5,32,33,0.06653225806451613,0.1,11,0.001141928477589766,0.001186152089630424
58,5,32,33,0.06653225806451613,0.1,13,0.0009662422943403884,0.001003641452587853
58,5,32,33,0.06653225806451613,0.1,15,0.0008374070927729991,0.0008698064440306425
58,5,32,33,0.06653225806451613,0.1,17,0.0007388867608312631,0.0007674654718162542
58,5,32,33,0.06653225806451613,0.1,19,0.0006611079565835014,0.0006866720534459005
58,5,32,33,0.06653225806451613,0.5,1,0.29625496247402106,0.30681187005843885
58,5,32,33,0.06653225806451613,0.5,3,0.09675001258500528,0.09993082023349405
58,5,32,33,0.06653225806451613,0.5,5,0.05795275587400662,0.05981110055964486
58,5,32,33,0.06653225806451613,0.5,7,0.04137532467129066,0.04268662570428856
58,5,32,33,0.06653225806451613,0.5,9,0.03217445188261471,0.03318723774432182
58,5,32,33,0.06653225806451613,0.5,11,0.026321871821082664,0.02714675835157309
58,5,32,33,0.06653225806451613,0.5,13,0.0222710260038013,0.02296678581617247
58,5,32,33,0.06653225806451613,0.5,15,0.019300821792417065,0.01990239256139607
58,5,32,33,0.06653225806451613,0.5,17,0.01702969664192449,0.01755953071281891
58,5,32,33,0.06653225806451613,0.5,19,0.015236816191349182,0.01571019488682543
58,5,32,33,0.06653225806451613,1.0,1,0.98028790866357,0.9968789221954707
58,5,32,33,0.06653225806451613,1.0,3,0.3116227818442421,0.316306245517764
58,5,32,33,0.06653225806451613,1.0,5,0.18615493681999137,0.18888915432644218
58,5,32,33,0.06653225806451613,1.0,7,0.13279876800400706,0.1347031856486791
58,5,32,33,0.06653225806451613,1.0,9,0.10323222326177312,0.10468853610023411
58,5,32,33,0.06653225806451613,1.0,11,0.08443912622971576,0.08561669673445246
58,5,32,33,0.06653225806451613,1.0,13,0.07143677592218839,0.0724246706225474
58,5,32,33,0.06653225806451613,1.0,15,0.06190538549880374,0.0627560163754249
58,5,32,33,0.06653225806451613,1.0,17,0.05461850765393759,0.05536526088284728
58,5,32,33,0.06653225806451613,1.0,19,0.04886670942805508,0.04953213877213512
59,5,32,33,0.06653225806451613,0.1,1,0.013215150049058271,0.01306654150227571
59,5,32,33,0.06653225806451613,0.1,3,0.004401780164762573,0.004350369728472921
59,5,32,33,0.06653225806451613,0.1,5,0.002640873215386119,0.002609899363331805
59,5,32,33,0.06653225806451613,0.1,7,0.0018862929484022406,0.001864136644729535
59,5,32,33,0.06653225806451613,0.1,9,0.0014671002204644779,0.0014498550487411672
59,5,32,33,0.06653225806451613,0.1,11,0.001200347026617473,0.0011862312584917777
59,5,32,33,0.06653225806451613,0.1,13,0.0010156740907158344,0.0010037265784628925
59,5,32,33,0.06653225806451613,0.1,15,0.000880248389854282,0.0008698917908468128
59,5,32,33,0.06653225806451613,0.1,17,0.0007766881555060272,0.0007675486075253637
59,5,32,33,0.06653225806451613,0.1,19,0.0006949304204942775,0.0006867519808869496
59,5,32,33,0.06653225806451613,0.5,1,0.30861231491227414,0.30458442137764014
59,5,32,33,0.06653225806451613,0.5,3,0.10133249430988357,0.09916973976668485
59,5,32,33,0.06653225806451613,0.5,5,0.06070813372335951,0.05938275605765057
59,5,32,33,0.06653225806451613,0.5,7,0.043342152474004796,0.04239189029851665
59,5,32,33,0.06653225806451613,0.5,9,0.03370305105275987,0.03296338654660653
59,5,32,33,0.06653225806451613,0.5,11,0.027571766462818587,0.026966578960106912
59,5,32,33,0.06653225806451613,0.5,13,0.023328107344243905,0.022816132013106585
59,5,32,33,0.06653225806451613,0.5,15,0.020216597788586366,0.019773003022129594
59,5,32,33,0.06653225806451613,0.5,17,0.01783747587360823,0.017446172631855095
59,5,32,33,0.06653225806451613,0.5,19,0.015959375497728814,0.015609349012515948
59,5,32,33,0.06653225806451613,1.0,1,1.0013583967551867,0.985021799413461
59,5,32,33,0.06653225806451613,1.0,3,0.32382229579167093,0.30836058808353256
59,5,32,33,0.06653225806451613,1.0,5,0.1933929793737656,0.18368079698935366
59,5,32,33,0.06653225806451613,1.0,7,0.13788852050303793,0.1309011722704618
59,5,32,33,0.06653225806451613,1.0,9,0.10714497852063178,0.10170663924840002
59,5,32,33,0.06653225806451613,1.0,11,0.08761314284302368,0.08316719389668965
59,5,32,33,0.06653225806451613,1.0,13,0.07410516807117312,0.07034747246871584
59,5,32,33,0.06653225806451613,1.0,15,0.06420640365629074,0.06095341412036549
59,5,32,33,0.06653225806451613,1.0,17,0.05664070611231278,0.05377339408407758
59,5,32,33,0.06653225806451613,1.0,19,0.050670155640470525,0.04810703413279588
60,5,32,33,0.06653225806451613,0.1,1,0.013203048997118926,0.013391233218390189
60,5,32,33,0.06653225806451613,0.1,3,0.004393065873611974,0.004459137156028513
60,5,32,33,0.06653225806451613,0.1,5,0.0026351541538547096,0.0026752449289564775
60,5,32,33,0.06653225806451613,0.1,7,0.0018820625722337368,0.0019108396366780268
60,5,32,33,0.06653225806451613,0.1,9,0.0014637480823820835,0.0014861918292076266
60,5,32,33,0.06653225806451613,0.1,11,0.001197572454618057,0.001215967814521024
60,5,32,33,0.06653225806451613,0.1,13,0.001013307791007367,0.0010288921022044628
60,5,32,33,0.06653225806451613,0.1,15,0.0008781858343820069,0.0008917043572914869
60,5,32,33,0.06653225806451613,0.1,17,0.0007748603418590044,0.0007867966483080919
60,5,32,33,0.06653225806451613,0.1,19,0.0006932894331988872,0.0007039750882659806
60,5,32,33,0.06653225806451613,0.5,1,0.3102599108784254,0.3117231191348475
60,5,32,33,0.06653225806451613,0.5,3,0.10102241797687313,0.10138282283237475
60,5,32,33,0.06653225806451613,0.5,5,0.0604869861879474,0.06070086043676221
60,5,32,33,0.06653225806451613,0.5,7,0.043177152711666014,0.043331214585958476
60,5,32,33,0.06653225806451613,0.5,9,0.03357234323709218,0.033693197434842
60,5,32,33,0.06653225806451613,0.5,11,0.027463777091323763,0.027563345510430035
60,5,32,33,0.06653225806451613,0.5,13,0.023236188699387997,0.02332090277400462
60,5,32,33,0.06653225806451613,0.5,15,0.020136620474529656,0.020210362356980628
60,5,32,33,0.06653225806451613,0.5,17,0.01776671053967786,0.017832009323737637
60,5,32,33,0.06653225806451613,0.5,19,0.015895928025108134,0.01595452545579196
60,5,32,33,0.06653225806451613,1.0,1,1.013244053739044,1.0036093603304066
60,5,32,33,0.06653225806451613,1.0,3,0.32313897535833436,0.31722178621505803
60,5,32,33,0.06653225806451613,1.0,5,0.19287071229491062,0.18975105757831376
60,5,32,33,0.06653225806451613,1.0,7,0.13751203330700298,0.1354111528166888
60,5,32,33,0.06653225806451613,1.0,9,0.10685639253378973,0.10527589144024636
60,5,32,33,0.06653225806451613,1.0,11,0.08738088625241518,0.08611506111104186
60,5,32,33,0.06653225806451613,1.0,13,0.07391152020273067,0.07285620488559602
60,5,32,33,0.06653225806451613,1.0,15,0.0640406753073647,0.06313597921798164
60,5,32,33,0.06653225806451613,1.0,17,0.05649602645152326,0.05570439418650506
60,5,32,33,0.06653225806451613,1.0,19,0.05054187385600171,0.04983822103836253
61,5,32,33,0.06653225806451613,0.1,1,0.012771775196456513,0.012962057238048864
61,5,32,33,0.06653225806451613,0.1,3,0.0042529957818552115,0.004315027968827846
61,5,32,33,0.06653225806451613,0.1,5,0.002551563439700639,0.002588531556201202
61,5,32,33,0.06653225806451613,0.1,7,0.001822493541459586,0.0018488164756302534
61,5,32,33,0.06653225806451613,0.1,9,0.0014174765976430596,0.0014379129886728035
61,5,32,33,0.06653225806451613,0.1,11,0.0011597452232455581,0.0011764462778099955
61,5,32,33,0.06653225806451613,0.1,13,0.0009813184529340437,0.0009954384759380131
61,5,32,33,0.06653225806451613,0.1,15,0.0008504733884724081,0.0008627032818056327
61,5,32,33,0.06653225806451613,0.1,17,0.0007504160445555711,0.0007612020616747103
61,5,32,33,0.06653225806451613,0.1,19,0.0006714237736377879,0.0006810708252365041
61,5,32,33,0.06653225806451613,0.5,1,0.2977116635608403,0.30385160938697475
61,5,32,33,0.06653225806451613,0.5,3,0.09758680243010925,0.0996211319647786
61,5,32,33,0.06653225806451613,0.5,5,0.0584673167766921,0.059679520326129186
61,5,32,33,0.06653225806451613,0.5,7,0.0417438759975478,0.0426064447239828
61,5,32,33,0.06653225806451613,0.5,9,0.03246098444770894,0.033130265227896034
61,5,32,33,0.06653225806451613,0.5,11,0.026556080783731173,0.027102775407644858
61,5,32,33,0.06653225806451613,0.5,13,0.02246900730603715,0.022931042834232078
61,5,32,33,0.06653225806451613,0.5,15,0.019472253415108973,0.019872321113902778
61,5,32,33,0.06653225806451613,0.5,17,0.017180843227355157,0.017533592847518206
61,5,32,33,0.06653225806451613,0.5,19,0.015371962662344682,0.015687399708496353
61,5,32,33,0.06653225806451613,1.0,1,0.9737223408251034,0.988471241922348
61,5,32,33,0.06653225806451613,1.0,3,0.3156206585395613,0.31670555135047274
61,5,32,33,0.06653225806451613,1.0,5,0.18852224064111328,0.1891362945536515
61,5,32,33,0.06653225806451613,1.0,7,0.13444525209020552,0.13490739935419493
61,5,32,33,0.06653225806451613,1.0,9,0.10448658638250519,0.10486379662306354
61,5,32,33,0.06653225806451613,1.0,11,0.0854495888326843,0.0857698325221875
61,5,32,33,0.06653225806451613,1.0,13,0.07228165809132975,0.0725603627447672
61,5,32,33,0.06653225806451613,1.0,15,0.06263079602856551,0.06287767143894062
61,5,32,33,0.06653225806451613,1.0,17,0.05525377792761423,0.0554754183740047
61,5,32,33,0.06653225806451613,1.0,19,0.0494316124098491,0.049632729357271387
62,5,32,33,0.06653225806451613,0.1,1,0.01372154223431286,0.013329689893349136
62,5,32,33,0.06653225806451613,0.1,3,0.004570786961460287,0.004439824488737724
62,5,32,33,0.06653225806451613,0.1,5,0.002742325125928074,0.0026637312519397814
62,5,32,33,0.06653225806451613,0.1,7,0.001958774719997468,0.0019026330162100341
62,5,32,33,0.06653225806451613,0.1,9,0.0015234821852551388,0.001479815384555901
62,5,32,33,0.06653225806451613,0.1,11,0.0012464815876037988,0.0012107537782313842
62,5,32,33,0.06653225806451613,0.1,13,0.0010547133223177574,0.001024481891222209
62,5,32,33,0.06653225806451613,0.1,15,0.0009140838640463426,0.0008878831774518047
62,5,32,33,0.06653225806451613,0.1,17,0.0008065439872123089,0.0007834256677165012
62,5,32,33,0.06653225806451613,0.1,19,0.0007216442445254332,0.0007009593905489713
62,5,32,33,0.06653225806451613,0.5,1,0.320355764254694,0.31156232932033034
62,5,32,33,0.06653225806451613,0.5,3,0.10510970762007915,0.101968819392058
62,5,32,33,0.06653225806451613,0.5,5,0.06298214687843846,0.061089646321433974
62,5,32,33,0.06653225806451613,0.5,7,0.0449707258968702,0.04361740812324373
62,5,32,33,0.06653225806451613,0.5,9,0.03497193776954026,0.0339188705557199
62,5,32,33,0.06653225806451613,0.5,11,0.028611210312565326,0.027749408921432413
62,5,32,33,0.06653225806451613,0.5,13,0.024208417995633058,0.023479103806479763
62,5,32,33,0.06653225806451613,0.5,15,0.020980048310331942,0.020347922980962878
62,5,32,33,0.06653225806451613,0.5,17,0.01851146491770836,0.0179536760218233
62,5,32,33,0.06653225806451613,0.5,19,0.016562674829787984,0.016063580956391686
62,5,32,33,0.06653225806451613,1.0,1,1.0361145392387885,1.0111805563799834
62,5,32,33,0.06653225806451613,1.0,3,0.3289941999259765,0.3180445088442814
62,5,32,33,0.06653225806451613,1.0,5,0.19634391756884084,0.18974988858023215
62,5,32,33,0.06653225806451613,1.0,7,0.140035423100517,0.13532186712208813
62,5,32,33,0.06653225806451613,1.0,9,0.1088488666143635,0.10518174627165412
62,5,32,33,0.06653225806451613,1.0,11,0.08903012654877579,0.0860293518769788
62,5,32,33,0.06653225806451613,1.0,13,0.07531952646989963,0.07278021802980862
62,5,32,33,0.06653225806451613,1.0,15,0.0652694924600552,0.06306865598612806
62,5,32,33,0.06653225806451613,1.0,17,0.05758634539632605,0.0556443710210179
62,5,32,33,0.06653225806451613,1.0,19,0.051521874245308207,0.04978428093925915
63,5,32,33,0.06653225806451613,0.1,1,0.016394423005453778,0.015192571597788123
63,5,32,33,0.06653225806451613,0.1,3,0.005465296613444579,0.005060688568850132
63,5,32,33,0.06653225806451613,0.1,5,0.00327920139623185,0.003036244800782342
63,5,32,33,0.06653225806451613,0.1,7,0.0023422913213081474,0.0021687131534633814
63,5,32,33,0.06653225806451613,0.1,9,0.001821783614163614,0.0016867662917661361
63,5,32,33,0.06653225806451613,0.1,11,0.0014905508407980883,0.0013800771190215866
63,5,32,33,0.06653225806451613,0.1,13,0.0012612356241915334,0.0011677554245952126
63,5,32,33,0.06653225806451613,0.1,15,0.0010930710359891974,0.0010120535389529564
63,5,32,33,0.06653225806451613,0.1,17,0.0009644745388666952,0.0008929877312930262
63,5,32,33,0.06653225806451613,0.1,19,0.0008629509630135959,0.0007989885927130793
63,5,32,33,0.06653225806451613,0.5,1,0.3750521331147521,0.3533567890665725
63,5,32,33,0.06653225806451613,0.5,3,0.12541626918731288,0.11592576664386899
63,5,32,33,0.06653225806451613,0.5,5,0.0752681049502492,0.06946158808723518
63,5,32,33,0.06653225806451613,0.5,7,0.05376652037830225,0.04959686351626327
63,5,32,33,0.06653225806451613,0.5,9,0.04181955108245854,0.03856939074562377
63,5,32,33,0.06653225806451613,0.5,11,0.03421647071533385,0.031554309527570164
63,5,32,33,0.06653225806451613,0.5,13,0.02895262905598929,0.026698600501914513
63,5,32,33,0.06653225806451613,0.5,15,0.025092403957518918,0.02313813454769917
63,5,32,33,0.06653225806451613,0.5,17,0.02214043039245453,0.020415616221120047
63,5,32,33,0.06653225806451613,0.5,19,0.019809905166604892,0.018266362524254502
63,5,32,33,0.06653225806451613,1.0,1,1.1426226454814814,1.1188983512122799
63,5,32,33,0.06653225806451613,1.0,3,0.38971913598167707,0.3551423032284927
63,5,32,33,0.06653225806451613,1.0,5,0.23416474833082526,0.21181288161390424
63,5,32,33,0.06653225806451613,1.0,7,0.16732342355829863,0.1510377320742211
63,5,32,33,0.06653225806451613,1.0,9,0.13016029988057382,0.11739082664807629
63,5,32,33,0.06653225806451613,1.0,11,0.10650296635946731,0.09601256201855332
63,5,32,33,0.06653225806451613,1.0,13,0.09012186057280001,0.08122458940333556
63,5,32,33,0.06653225806451613,1.0,15,0.07810776486247993,0.07038549438434552
63,5,32,33,0.06653225806451613,1.0,17,0.06891988371105712,0.0620994487950525
63,5,32,33,0.06653225806451613,1.0,19,0.06166595372595197,0.055559275855750975
64,5,32,33,0.06653225806451613,0.1,1,0.015109447730286841,0.014506946938690531
64,5,32,33,0.06653225806451613,0.1,3,0.00502475964697001,0.004830033703059348
64,5,32,33,0.06653225806451613,0.1,5,0.0030136773242382935,0.0028976360727796286
64,5,32,33,0.06653225806451613,0.1,7,0.0021522826552934715,0.002069643527382458
64,5,32,33,0.06653225806451613,0.1,9,0.0016738523601488738,0.0016096852822224217
64,5,32,33,0.06653225806451613,0.1,11,0.0013694409662571736,0.0013169970181790777
64,5,32,33,0.06653225806451613,0.1,13,0.0011587144368924187,0.0011143719212967187
64,5,32,33,0.06653225806451613,0.1,15,0.0010041918358702233,0.0009657827586186891
64,5,32,33,0.06653225806451613,0.1,17,0.0008860332609069403,0.0008521571603706341
64,5,32,33,0.06653225806451613,0.1,19,0.0007927536830782931,0.0007624535743916242
64,5,32,33,0.06653225806451613,0.5,1,0.3519153091934657,0.3356583076854889
64,5,32,33,0.06653225806451613,0.5,3,0.11458996946365006,0.10947042919725798
64,5,32,33,0.06653225806451613,0.5,5,0.06854422266179011,0.06555712815788507
64,5,32,33,0.06653225806451613,0.5,7,0.0489046694582059,0.046800197168638584
64,5,32,33,0.06653225806451613,0.5,9,0.03801475280289461,0.03639118712254919
64,5,32,33,0.06653225806451613,0.5,11,0.031091952282371396,0.029770670591176808
64,5,32,33,0.06653225806451613,0.5,13,0.026302322789085154,0.0251885427123896
64,5,32,33,0.06653225806451613,0.5,15,0.022791466386841108,0.021828910345271343
64,5,32,33,0.06653225806451613,0.5,17,0.020107546564925742,0.01926008438861849
64,5,32,33,0.06653225806451613,0.5,19,0.01798917260439169,0.017232234260057978
64,5,32,33,0.06653225806451613,1.0,1,1.1089900919592968,1.052745322399253
64,5,32,33,0.06653225806451613,1.0,3,0.3505979413179149,0.3314509206572249
64,5,32,33,0.06653225806451613,1.0,5,0.20906783288027167,0.19787713017184497
64,5,32,33,0.06653225806451613,1.0,7,0.14901774256439332,0.14111617666492088
64,5,32,33,0.06653225806451613,1.0,9,0.11578081687341112,0.10967611650947122
64,5,32,33,0.06653225806451613,1.0,11,0.09467066108842287,0.08969783942200198
64,5,32,33,0.06653225806451613,1.0,13,0.0800729644299217,0.07587832769021016
64,5,32,33,0.06653225806451613,1.0,15,0.06937633590213962,0.06574947875852696
64,5,32,33,0.06653225806451613,1.0,17,0.06120112368563731,0.05800676749020597
64,5,32,33,0.06653225806451613,1.0,19,0.05474970859028944,0.051895752380394185
65,5,32,33,0.06653225806451613,0.1,1,0.013620325133851974,0.013072180241802197
65,5,32,33,0.06653225806451613,0.1,3,0.004536370916000777,0.004347628182682682
65,5,32,33,0.06653225806451613,0.1,5,0.002721567498009743,0.0026077602701894916
65,5,32,33,0.06653225806451613,0.1,7,0.0019439129699341995,0.0018624625691798817
65,5,32,33,0.06653225806451613,0.1,9,0.0015119076205850012,0.0014484909136191892
65,5,32,33,0.06653225806451613,0.1,11,0.0012370033502277665,0.001185083161054453
65,5,32,33,0.06653225806451613,0.1,13,0.001046688466363171,0.0010027365037869457
65,5,32,33,0.06653225806451613,0.1,15,0.0009071259140925865,0.0008690219591364779
65,5,32,33,0.06653225806451613,0.1,17,0.000800402535661473,0.0007667731992795717
65,5,32,33,0.06653225806451613,0.1,19,0.0007161477844622565,0.0006860526238906767
65,5,32,33,0.06653225806451613,0.5,1,0.31838619424789455,0.306966039654117
65,5,32,33,0.06653225806451613,0.5,3,0.1045952397742421,0.09911673096696327
65,5,32,33,0.06653225806451613,0.5,5,0.0626653257710808,0.059249463216365525
65,5,32,33,0.06653225806451613,0.5,7,0.04474014702271712,0.042265535163261876
65,5,32,33,0.06653225806451613,0.5,9,0.034790412252410856,0.03285166207545015
65,5,32,33,0.06653225806451613,0.5,11,0.02846145214549601,0.026868175170812216
65,5,32,33,0.06653225806451613,0.5,13,0.024080937569223228,0.02272877612678269
65,5,32,33,0.06653225806451613,0.5,15,0.020869064544055523,0.01969469741076169
65,5,32,33,0.06653225806451613,0.5,17,0.01841319202715189,0.017375328756950033
65,5,32,33,0.06653225806451613,0.5,19,0.0164744975922143,0.01554472680333322
65,5,32,33,0.06653225806451613,1.0,1,1.0302096392098914,0.9990906541670099
65,5,32,33,0.06653225806451613,1.0,3,0.33179923176152454,0.3056344381248689
65,5,32,33,0.06653225806451613,1.0,5,0.19798598214860877,0.18182643429846146
65,5,32,33,0.06653225806451613,1.0,7,0.14114656134525339,0.12952519329383919
65,5,32,33,0.06653225806451613,1.0,9,0.10967778300948015,0.1006147669193916
65,5,32,33,0.06653225806451613,1.0,11,0.08968755925911258,0.0822623803957674
65,5,32,33,0.06653225806451613,1.0,13,0.07586278329534399,0.06957499841203918
65,5,32,33,0.06653225806451613,1.0,15,0.06573166083918756,0.06027948630229432
65,5,32,33,0.06653225806451613,1.0,17,0.05798812137112164,0.05317569658439413
65,5,32,33,0.06653225806451613,1.0,19,0.05187701000219737,0.047570062070270036
66,5,32,33,0.06653225806451613,0.1,1,0.012512442998939069,0.012837474789914755
66,5,32,33,0.06653225806451613,0.1,3,0.004164392745942928,0.004273846357892763
66,5,32,33,0.06653225806451613,0.1,5,0.0024983273144698888,0.0025640530676044144
66,5,32,33,0.06653225806451613,0.1,7,0.001784458830556166,0.001831416348597429
66,5,32,33,0.06653225806451613,0.1,9,0.001387893001602358,0.0014244188934908748
66,5,32,33,0.06653225806451613,0.1,11,0.001135540775529411,0.0011654269952593383
66,5,32,33,0.06653225806451613,0.1,13,0.000960838279965349,0.0009861273006541661
66,5,32,33,0.06653225806451613,0.1,15,0.0008327243806638176,0.0008546419021873153
66,5,32,33,0.06653225806451613,0.1,17,0.0007347555512307041,0.0007540947591566046
66,5,32,33,0.06653225806451613,0.1,19,0.0006574120741300128,0.0006747157129374145
66,5,32,33,0.06653225806451613,0.5,1,0.2912961477183274,0.2981734995866683
66,5,32,33,0.06653225806451613,0.5,3,0.0934842268744024,0.09633954357430718
66,5,32,33,0.06653225806451613,0.5,5,0.05589789393546163,0.0576602867455235
66,5,32,33,0.06653225806451613,0.5,7,0.03988670926152483,0.04115775269936578
66,5,32,33,0.06653225806451613,0.5,9,0.031009678156691433,0.03200257616385002
66,5,32,33,0.06653225806451613,0.5,11,0.025365948316161548,0.026180195753983507
66,5,32,33,0.06653225806451613,0.5,13,0.021460740050483658,0.022150658262441017
66,5,32,33,0.06653225806451613,0.5,15,0.01859780114677615,0.019196250303847303
66,5,32,33,0.06653225806451613,0.5,17,0.016408932370484533,0.01693728601114191
66,5,32,33,0.06653225806451613,0.5,19,0.014681115041964095,0.015154048745728205
66,5,32,33,0.06653225806451613,1.0,1,0.9473513158653191,0.9509737922489452
66,5,32,33,0.06653225806451613,1.0,3,0.3063411521399206,0.295125474908728
66,5,32,33,0.06653225806451613,1.0,5,0.18354312045037416,0.17699070737649092
66,5,32,33,0.06653225806451613,1.0,7,0.13104996154830126,0.1264057469439423
66,5,32,33,0.06653225806451613,1.0,9,0.10191092945369744,0.09831041583190549
66,5,32,33,0.06653225806451613,1.0,11,0.08337468719137567,0.08043365698607448
66,5,32,33,0.06653225806451613,1.0,13,0.07054440977777444,0.06805820803466636
66,5,32,33,0.06653225806451613,1.0,15,0.06113663694173989,0.05898321472852662
66,5,32,33,0.06653225806451613,1.0,17,0.0539429990441475,0.0520436794931426
66,5,32,33,0.06653225806451613,1.0,19,0.04826410306163952,0.046565188213063366
67,5,32,33,0.06653225806451613,0.1,1,0.014893337669428004,0.014046124642647343
67,5,32,33,0.06653225806451613,0.1,3,0.004954462378116079,0.004676333668150302
67,5,32,33,0.06653225806451613,0.1,5,0.0029717754903834446,0.002805511095277618
67,5,32,33,0.06653225806451613,0.1,7,0.002122442334766985,0.0020038765205988443
67,5,32,33,0.06653225806451613,0.1,9,0.0016506829126564553,0.0015585504497705547
67,5,32,33,0.06653225806451613,0.1,11,0.0013505051130765192,0.001275168879242318
67,5,32,33,0.06653225806451613,0.1,13,0.0011427041911927886,0.0010789845911555738
67,5,32,33,0.06653225806451613,0.1,15,0.000990324222606446,0.0009351174467953489
67,5,32,33,0.06653225806451613,0.1,17,0.0008738025107736628,0.000825102073384862
67,5,32,33,0.06653225806451613,0.1,19,0.0007818141945680088,0.0007382482078227117
67,5,32,33,0.06653225806451613,0.5,1,0.34676392456586724,0.32391801074961823
67,5,32,33,0.06653225806451613,0.5,3,0.11274341968758547,0.1050099631733311
67,5,32,33,0.06653225806451613,0.5,5,0.06745647737297542,0.0628712273257694
67,5,32,33,0.06653225806451613,0.5,7,0.04813521502676433,0.0448805783364379
67,5,32,33,0.06653225806451613,0.5,9,0.03741978498162163,0.03489804000867855
67,5,32,33,0.06653225806451613,0.5,11,0.03060705774256061,0.0285490636099089
67,5,32,33,0.06653225806451613,0.5,13,0.025893168552246038,0.02415495543104633
67,5,32,33,0.06653225806451613,0.5,15,0.022437604770294786,0.020933206557210968
67,5,32,33,0.06653225806451613,0.5,17,0.0197958209922786,0.01846981665788105
67,5,32,33,0.06653225806451613,0.5,19,0.017710620909081563,0.01652520027433719
67,5,32,33,0.06653225806451613,1.0,1,1.096321370471694,1.0143957172773939
67,5,32,33,0.06653225806451613,1.0,3,0.34720175270354914,0.3167922900329337
67,5,32,33,0.06653225806451613,1.0,5,0.20711647394998833,0.1893201934459959
67,5,32,33,0.06653225806451613,1.0,7,0.14761047807636166,0.1350571621433974
67,5,32,33,0.06653225806451613,1.0,9,0.11467269311286725,0.10498164973321475
67,5,32,33,0.06653225806451613,1.0,11,0.09375467176007418,0.08586477889080055
67,5,32,33,0.06653225806451613,1.0,13,0.07929157808653392,0.07263896101169659
67,5,32,33,0.06653225806451613,1.0,15,0.06869474782361153,0.0629442831504868
67,5,32,33,0.06653225806451613,1.0,17,0.06059657984432009,0.05553297351349811
67,5,32,33,0.06653225806451613,1.0,19,0.05420648274950952,0.04968325261361718
68,5,32,33,0.06653225806451613,0.1,1,0.013118559981585747,0.012937197172323311
68,5,32,33,0.06653225806451613,0.1,3,0.004367079787387265,0.004308055263994622
68,5,32,33,0.06653225806451613,0.1,5,0.002619884422507798,0.0025846081416483722
68,5,32,33,0.06653225806451613,0.1,7,0.001871258838341452,0.001846101708258462
68,5,32,33,0.06653225806451613,0.1,9,0.0014553907328739393,0.0014358410297088534
68,5,32,33,0.06653225806451613,0.1,11,0.001190758634153328,0.001174772123033654
68,5,32,33,0.06653225806451613,0.1,13,0.0010075564293887886,0.000994034430014789
68,5,32,33,0.06653225806451613,0.1,15,0.0008732103835261055,0.0008614945043917502
68,5,32,33,0.06653225806451613,0.1,17,0.0007704763788458123,0.000760140977992039
68,5,32,33,0.06653225806451613,0.1,19,0.0006893712917388845,0.0006801253332293688
68,5,32,33,0.06653225806451613,0.5,1,0.305716574891168,0.3024774892264618
68,5,32,33,0.06653225806451613,0.5,3,0.0992448303505857,0.09869534640425259
68,5,32,33,0.06653225806451613,0.5,5,0.05940234034456036,0.059087027674751755
68,5,32,33,0.06653225806451613,0.5,7,0.04239867974518181,0.04217459714641264
68,5,32,33,0.06653225806451613,0.5,9,0.032965684634523,0.03279126538388321
68,5,32,33,0.06653225806451613,0.5,11,0.026966947258499414,0.026823986554051563
68,5,32,33,0.06653225806451613,0.5,13,0.022815574288437793,0.022694388803881776
68,5,32,33,0.06653225806451613,0.5,15,0.019771974680352924,0.019666777169185874
68,5,32,33,0.06653225806451613,0.5,17,0.017444901424208552,0.017351949832915055
68,5,32,33,0.06653225806451613,0.5,19,0.015607956757187428,0.015524689117751452
68,5,32,33,0.06653225806451613,1.0,1,0.9856157606004508,0.9914612982030876
68,5,32,33,0.06653225806451613,1.0,3,0.30762898467511857,0.31643089406900926
68,5,32,33,0.06653225806451613,1.0,5,0.18354632832236364,0.18883879817671057
68,5,32,33,0.06653225806451613,1.0,7,0.13088435571404783,0.13463222273470762
68,5,32,33,0.06653225806451613,1.0,9,0.10172166461135847,0.10461644311724538
68,5,32,33,0.06653225806451613,1.0,11,0.08319180021352739,0.08554798751490003
68,5,32,33,0.06653225806451613,1.0,13,0.0703745122468316,0.07236038827498584
68,5,32,33,0.06653225806451613,1.0,15,0.06098032453836286,0.06269617093570276
68,5,32,33,0.06653225806451613,1.0,17,0.05379923375966468,0.055309541025206674
68,5,32,33,0.06653225806451613,1.0,19,0.04813149273599751,0.04948015205412798
69,5,32,33,0.06653225806451613,0.1,1,0.012393562685993662,0.012403694889121455
69,5,32,33,0.06653225806451613,0.1,3,0.004127211564220426,0.004129618360174841
69,5,32,33,0.06653225806451613,0.1,5,0.0024761025761066368,0.002477411435870414
69,5,32,33,0.06653225806451613,0.1,7,0.0017685942176034826,0.0017694866479559866
69,5,32,33,0.06653225806451613,0.1,9,0.001375555128522357,0.0013762306872072039
69,5,32,33,0.06653225806451613,0.1,11,0.001125445857421623,0.0011259888673830893
69,5,32,33,0.06653225806451613,0.1,13,0.0009522958846198083,0.0009527496381927035
69,5,32,33,0.06653225806451613,0.1,15,0.0008253204607991782,0.0008257100708130015
69,5,32,33,0.06653225806451613,0.1,17,0.0007282222524148565,0.0007285635628374134
69,5,32,33,0.06653225806451613,0.1,19,0.0006515661424636717,0.0006518697828891665
69,5,32,33,0.06653225806451613,0.5,1,0.29122178567752044,0.29149978299539214
69,5,32,33,0.06653225806451613,0.5,3,0.09516720863847467,0.09515071571376933
69,5,32,33,0.06653225806451613,0.5,5,0.05700806769381267,0.05697351447234872
69,5,32,33,0.06653225806451613,0.5,7,0.040700873897076835,0.04066891958619929
69,5,32,33,0.06653225806451613,0.5,9,0.031649797120335436,0.03162184712303495
69,5,32,33,0.06653225806451613,0.5,11,0.025892501947699324,0.025868033473638644
69,5,32,33,0.06653225806451613,0.5,13,0.021907626600725975,0.021885989133806467
69,5,32,33,0.06653225806451613,0.5,15,0.018985810279005942,0.018966466253014347
69,5,32,33,0.06653225806451613,0.5,17,0.01675169606307663,0.016734229423931258
69,5,32,33,0.06653225806451613,0.5,19,0.014988041281000212,0.01497213221992086
69,5,32,33,0.06653225806451613,1.0,1,0.9611069696007459,0.9602227162092841
69,5,32,33,0.06653225806451613,1.0,3,0.30327353696985776,0.2997244096427656
69,5,32,33,0.06653225806451613,1.0,5,0.18112249990240756,0.17869959125357296
69,5,32,33,0.06653225806451613,1.0,7,0.12917562455350795,0.12740969490753612
69,5,32,33,0.06653225806451613,1.0,9,0.10039890421092197,0.09901837614660482
69,5,32,33,0.06653225806451613,1.0,11,0.08211237057050948,0.08098115927529091
69,5,32,33,0.06653225806451613,1.0,13,0.06946279964135679,0.06850525665694292
69,5,32,33,0.06653225806451613,1.0,15,0.06019126957321349,0.05936140641503302
69,5,32,33,0.06653225806451613,1.0,17,0.053103790071490124,0.052371667362263195
69,5,32,33,0.06653225806451613,1.0,19,0.04750983604867461,0.04685490679230233
70,5,32,33,0.06653225806451613,0.1,1,0.012383845389352756,0.012427641226499534
70,5,32,33,0.06653225806451613,0.1,3,0.004124783248303286,0.0041388883445659325
70,5,32,33,0.06653225806451613,0.1,5,0.0024747141446517682,0.002483145489131643
70,5,32,33,0.06653225806451613,0.1,7,0.0017676215103306237,0.0017736364787910065
70,5,32,33,0.06653225806451613,0.1,9,0.0013748064139471247,0.0013794819916127363
70,5,32,33,0.06653225806451613,0.1,11,0.001124837235804565,0.001128661433088167
70,5,32,33,0.06653225806451613,0.1,13,0.000951783173953263,0.0009550183430992127
70,5,32,33,0.06653225806451613,0.1,15,0.0008248775385684856,0.0008276809390678305
70,5,32,33,0.06653225806451613,0.1,17,0.0007278323914732532,0.0007303057147078464
70,5,32,33,0.06653225806451613,0.1,19,0.0006512179870358322,0.0006534307801336968
70,5,32,33,0.06653225806451613,0.5,1,0.28984151855956525,0.2918657812665611
70,5,32,33,0.06653225806451613,0.5,3,0.09500041059677289,0.09535531124317605
70,5,32,33,0.06653225806451613,0.5,5,0.05692819053686678,0.05711252135740176
70,5,32,33,0.06653225806451613,0.5,7,0.040648834757691356,0.0407728547193795
70,5,32,33,0.06653225806451613,0.5,9,0.031611217284408716,0.03170466266592487
70,5,32,33,0.06653225806451613,0.5,11,0.02586183525000218,0.025936819025599373
70,5,32,33,0.06653225806451613,0.5,13,0.0218821691488893,0.02194479516628317
70,5,32,33,0.06653225806451613,0.5,15,0.01896404322144475,0.019017815689358925
70,5,32,33,0.06653225806451613,0.5,17,0.01673268133026438,0.016779797738678614
70,5,32,33,0.06653225806451613,0.5,19,0.014971158781635359,0.015013088021150348
70,5,32,33,0.06653225806451613,1.0,1,0.9437135465867386,0.9752477644608255
70,5,32,33,0.06653225806451613,1.0,3,0.30366121384244893,0.3061475966058008
70,5,32,33,0.06653225806451613,1.0,5,0.18183000554521153,0.18294232477165234
70,5,32,33,0.06653225806451613,1.0,7,0.12980856597649965,0.13048319699268887
70,5,32,33,0.06653225806451613,1.0,9,0.10093993577180282,0.1014120669845545
70,5,32,33,0.06653225806451613,1.0,11,0.0825779841693923,0.08293666327015654
70,5,32,33,0.06653225806451613,1.0,13,0.06986916914697802,0.07015640660801202
70,5,32,33,0.06653225806451613,1.0,15,0.060550816664186644,0.06078938427619969
70,5,32,33,0.06653225806451613,1.0,17,0.05342573113658361,0.05362921591453848
70,5,32,33,0.06653225806451613,1.0,19,0.047801048929566416,0.0479781488649545
71,5,32,33,0.06653225806451613,0.1,1,0.014233816817372777,0.014069361030008682
71,5,32,33,0.06653225806451613,0.1,3,0.004737162371224123,0.00467570040240017
71,5,32,33,0.06653225806451613,0.1,5,0.002841681550890281,0.002804070055440631
71,5,32,33,0.06653225806451613,0.1,7,0.0020296044652319866,0.002002518289049461
71,5,32,33,0.06653225806451613,0.1,9,0.001578512769869314,0.0015573510941857451
71,5,32,33,0.06653225806451613,0.1,11,0.0012914760558439752,0.0012741129056452313
71,5,32,33,0.06653225806451613,0.1,13,0.0010927677725242693,0.0010780472286084921
71,5,32,33,0.06653225806451613,0.1,15,0.0009470531281820221,0.0009342771551560573
71,5,32,33,0.06653225806451613,0.1,17,0.0008356269417485174,0.0008243417849247575
71,5,32,33,0.06653225806451613,0.1,19,0.0007476604997844653,0.000737554619207592
71,5,32,33,0.06653225806451613,0.5,1,0.3306919191155343,0.3296349407999144
71,5,32,33,0.06653225806451613,0.5,3,0.10773172843890583,0.10633038819818304
71,5,32,33,0.06653225806451613,0.5,5,0.06447221170096841,0.0635779110259721
71,5,32,33,0.06653225806451613,0.5,7,0.046009689764384354,0.04535796842456052
71,5,32,33,0.06653225806451613,0.5,9,0.03576908371160319,0.03525719146582736
71,5,32,33,0.06653225806451613,0.5,11,0.02925773710383555,0.02883647831312371
71,5,32,33,0.06653225806451613,0.5,13,0.024752155070542927,0.02439433690606713
71,5,32,33,0.06653225806451613,0.5,15,0.021449177288277416,0.021138224276952226
71,5,32,33,0.06653225806451613,0.5,17,0.018923980238141496,0.018649053067996354
71,5,32,33,0.06653225806451613,0.5,19,0.01693076394389276,0.016684389836679324
71,5,32,33,0.06653225806451613,1.0,1,1.0498577448925188,1.044941362565428
71,5,32,33,0.06653225806451613,1.0,3,0.3318928483324338,0.32222282350878056
71,5,32,33,0.06653225806451613,1.0,5,0.19763777359490795,0.19257190214099149
71,5,32,33,0.06653225806451613,1.0,7,0.14074038997633637,0.1374132027045302
71,5,32,33,0.06653225806451613,1.0,9,0.10928501617761063,0.10683383461164343
71,5,32,33,0.06653225806451613,1.0,11,0.08932324368924803,0.08739177673899709
71,5,32,33,0.06653225806451613,1.0,13,0.07552815864706214,0.07393825153378203
71,5,32,33,0.06653225806451613,1.0,15,0.06542434825496413,0.06407509526458874
71,5,32,33,0.06653225806451613,1.0,17,0.0577050030627504,0.05653404083320164
71,5,32,33,0.06653225806451613,1.0,19,0.05161508749069415,0.050581310197663494
72,5,32,33,0.06653225806451613,0.1,1,0.012241493852303593,0.012250294047579205
72,5,32,33,0.06653225806451613,0.1,3,0.004077031902915656,0.0040803727741250875
72,5,32,33,0.06653225806451613,0.1,5,0.0024460385777305103,0.002448069651217504
72,5,32,33,0.06653225806451613,0.1,7,0.0017471322598897891,0.0017485895361258619
72,5,32,33,0.06653225806451613,0.1,9,0.0013588676127817946,0.00136000353775229
72,5,32,33,0.06653225806451613,0.1,11,0.0011117950382292397,0.0011127256281611285
72,5,32,33,0.06653225806451613,0.1,13,0.0009407466925925702,0.0009415347779732834
72,5,32,33,0.06653225806451613,0.1,15,0.0008153121045759061,0.000815995516285733
72,5,32,33,0.06653225806451613,0.1,17,0.0007193919812412334,0.0007199952558298711
72,5,32,33,0.06653225806451613,0.1,19,0.0006436658166363971,0.0006442057705954461
72,5,32,33,0.06653225806451613,0.5,1,0.2871607419646543,0.2891697236558222
72,5,32,33,0.06653225806451613,0.5,3,0.09395195949198139,0.0950188318294848
72,5,32,33,0.06653225806451613,0.5,5,0.0562875841968875,0.05694579726605565
72,5,32,33,0.06653225806451613,0.5,7,0.04018877617273208,0.04066219390488486
72,5,32,33,0.06653225806451613,0.5,9,0.03125254390217729,0.03162171060451967
72,5,32,33,0.06653225806451613,0.5,11,0.025568001538474234,0.025870403914334913
72,5,32,33,0.06653225806451613,0.5,13,0.02163334849577158,0.021889382862169918
72,5,32,33,0.06653225806451613,0.5,15,0.01874828865975812,0.018970259744461287
72,5,32,33,0.06653225806451613,0.5,17,0.01654224155603706,0.016738136594296293
72,5,32,33,0.06653225806451613,0.5,19,0.014800720549349207,0.01497601538275165
72,5,32,33,0.06653225806451613,1.0,1,0.9435664270819458,0.9684232217183604
72,5,32,33,0.06653225806451613,1.0,3,0.2999222769266364,0.31467113701585153
72,5,32,33,0.06653225806451613,1.0,5,0.1791592898232316,0.18822131642243578
72,5,32,33,0.06653225806451613,1.0,7,0.1277948019238375,0.13431734956338554
72,5,32,33,0.06653225806451613,1.0,9,0.09933477028257777,0.10442553646669034
72,5,32,33,0.06653225806451613,1.0,11,0.08124682130839661,0.08541989044003225
72,5,32,33,0.06653225806451613,1.0,13,0.06873334345957927,0.0722684855496771
72,5,32,33,0.06653225806451613,1.0,15,0.05956089304343225,0.0626270214992156
72,5,32,33,0.06653225806451613,1.0,17,0.05254877352811435,0.055255625135316844
72,5,32,33,0.06653225806451613,1.0,19,0.047014069626017556,0.0494369344111382
73,5,32,33,0.06653225806451613,0.1,1,0.012594318408167039,0.012499593603074432
73,5,32,33,0.06653225806451613,0.1,3,0.004194195508591167,0.0041600241718899676
73,5,32,33,0.06653225806451613,0.1,5,0.0025163075268861018,0.00249550950533448
73,5,32,33,0.06653225806451613,0.1,7,0.0017973173171883493,0.0017823723682052566
73,5,32,33,0.06653225806451613,0.1,9,0.0013978977782092932,0.0013862356079036462
73,5,32,33,0.06653225806451613,0.1,11,0.0011437275460478426,0.0011341658878114092
73,5,32,33,0.06653225806451613,0.1,13,0.0009677658128184147,0.0009596635585799733
73,5,32,33,0.06653225806451613,0.1,15,0.000838728255255512,0.0008316989282672321
73,5,32,33,0.06653225806451613,0.1,17,0.0007400530177293149,0.0007338457013789698
73,5,32,33,0.06653225806451613,0.1,19,0.0006621518201911155,0.000656594398916961
73,5,32,33,0.06653225806451613,0.5,1,0.2949972773733212,0.29384141200376845
73,5,32,33,0.06653225806451613,0.5,3,0.09638081446187406,0.09552835073919642
73,5,32,33,0.06653225806451613,0.5,5,0.057727157471543354,0.05717493211198051
73,5,32,33,0.06653225806451613,0.5,7,0.04121212072492934,0.040806388694854485
73,5,32,33,0.06653225806451613,0.5,9,0.032046457323459815,0.03172624962505127
73,5,32,33,0.06653225806451613,0.5,11,0.02621654732439351,0.02595221618105682
73,5,32,33,0.06653225806451613,0.5,13,0.022181533359080123,0.02195652361998979
73,5,32,33,0.06653225806451613,0.5,15,0.019223016406134465,0.019027165591103738
73,5,32,33,0.06653225806451613,0.5,17,0.016960875084051214,0.016787503386225432
73,5,32,33,0.06653225806451613,0.5,19,0.01517511671979393,0.015019600988275662
73,5,32,33,0.06653225806451613,1.0,1,0.9675714461884342,0.9676858075300339
73,5,32,33,0.06653225806451613,1.0,3,0.3069491141876224,0.30173940107353336
73,5,32,33,0.06653225806451613,1.0,5,0.1834500873306227,0.1802494068774726
73,5,32,33,0.06653225806451613,1.0,7,0.1308967726149552,0.12860360110495053
73,5,32,33,0.06653225806451613,1.0,9,0.10176440784697417,0.09997735616594175
73,5,32,33,0.06653225806451613,1.0,11,0.08324354241763268,0.08177957338488537
73,5,32,33,0.06653225806451613,1.0,13,0.07042797798786408,0.06918817650490697
73,5,32,33,0.06653225806451613,1.0,15,0.06103276389682249,0.059957612783502263
73,5,32,33,0.06653225806451613,1.0,17,0.053849598988305,0.052900504620981975
73,5,32,33,0.06653225806451613,1.0,19,0.04817943854075836,0.047329951510478356
74,5,32,33,0.06653225806451613,0.1,1,0.01355773428812935,0.014325416906695112
74,5,32,33,0.06653225806451613,0.1,3,0.004513632177551952,0.004771485764735672
74,5,32,33,0.06653225806451613,0.1,5,0.0027077907372508514,0.0028626735399824355
74,5,32,33,0.06653225806451613,0.1,7,0.0019340379763367888,0.0020447162329611957
74,5,32,33,0.06653225806451613,0.1,9,0.0015042134670964107,0.0015903162483949008
74,5,32,33,0.06653225806451613,0.1,11,0.0012307014398409727,0.0013011591472337
74,5,32,33,0.06653225806451613,0.1,13,0.001041352308786012,0.0011009761073960316
74,5,32,33,0.06653225806451613,0.1,15,0.0009024989141728063,0.0009541764723566915
74,5,32,33,0.06653225806451613,0.1,17,0.0007963183503293622,0.0008419186004131642
74,5,32,33,0.06653225806451613,0.1,19,0.00071249244523637,0.0007532943544079577
74,5,32,33,0.06653225806451613,0.5,1,0.31566192633764406,0.33287143829370086
74,5,32,33,0.06653225806451613,0.5,3,0.10288567643472502,0.10934594429519773
74,5,32,33,0.06653225806451613,0.5,5,0.061613888024163115,0.06552507576015558
74,5,32,33,0.06653225806451613,0.5,7,0.043985175564941324,0.04678609969229737
74,5,32,33,0.06653225806451613,0.5,9,0.03420223810372348,0.03638316674824126
74,5,32,33,0.06653225806451613,0.5,11,0.02797992504313276,0.0297653816537152
74,5,32,33,0.06653225806451613,0.5,13,0.023673399820700693,0.025184713427958052
74,5,32,33,0.06653225806451613,0.5,15,0.020515842457812156,0.02182595728653508
74,5,32,33,0.06653225806451613,0.5,17,0.018101527881873965,0.019257702897118947
74,5,32,33,0.06653225806451613,0.5,19,0.016195651514066333,0.01723024943881678
74,5,32,33,0.06653225806451613,1.0,1,1.010756483367838,1.0601516460333096
74,5,32,33,0.06653225806451613,1.0,3,0.31757946353561217,0.343033337357836
74,5,32,33,0.06653225806451613,1.0,5,0.18950543843869108,0.2053423023721964
74,5,32,33,0.06653225806451613,1.0,7,0.1351364815471995,0.14657465029840347
74,5,32,33,0.06653225806451613,1.0,9,0.105028527019991,0.1139693814103325
74,5,32,33,0.06653225806451613,1.0,11,0.0858979655662397,0.09323326909313062
74,5,32,33,0.06653225806451613,1.0,13,0.0726650092602062,0.07888234124546281
74,5,32,33,0.06653225806451613,1.0,15,0.06296601693453803,0.06836051675528305
74,5,32,33,0.06653225806451613,1.0,17,0.055551810241157566,0.06031553044632628
74,5,32,33,0.06653225806451613,1.0,19,0.049699991049107724,0.053964845360944355
75,5,32,33,0.06653225806451613,0.1,1,0.012634044854936277,0.012691235698352631
75,5,32,33,0.06653225806451613,0.1,3,0.004206480156952431,0.004225462881692904
75,5,32,33,0.06653225806451613,0.1,5,0.0025235813508577834,0.0025349637288591235
75,5,32,33,0.06653225806451613,0.1,7,0.0018024842951489379,0.001810612701360238
75,5,32,33,0.06653225806451613,0.1,9,0.0014019043798252835,0.0014082257497637228
75,5,32,33,0.06653225806451613,0.1,11,0.0011469994039428914,0.0011521710832756563
75,5,32,33,0.06653225806451613,0.1,13,0.0009705306572863406,0.0009749064986941787
75,5,32,33,0.06653225806451613,0.1,15,0.0008411221436790418,0.0008449144204690528
75,5,32,33,0.06653225806451613,0.1,17,0.0007421637185255408,0.0007455097672029835
75,5,32,33,0.06653225806451613,0.1,19,0.0006640392472073984,0.0006670330265675926
75,5,32,33,0.06653225806451613,0.5,1,0.29587981082094106,0.2973062458055292
75,5,32,33,0.06653225806451613,0.5,3,0.09637343815149288,0.09678186922591649
75,5,32,33,0.06653225806451613,0.5,5,0.0577194778441629,0.057940242833986445
75,5,32,33,0.06653225806451613,0.5,7,0.0412075389426575,0.04135735215791717
75,5,32,33,0.06653225806451613,0.5,9,0.03204363668334433,0.03215670890148981
75,5,32,33,0.06653225806451613,0.5,11,0.02621472886426379,0.026305439157703545
75,5,32,33,0.06653225806451613,0.5,13,0.02218031970033155,0.022256016807574355
75,5,32,33,0.06653225806451613,0.5,15,0.019222188099419696,0.019287119848086235
75,5,32,33,0.06653225806451613,0.5,17,0.01696030346207432,0.017017142574159393
75,5,32,33,0.06653225806451613,0.5,19,0.015174722302981912,0.015225258058568062
75,5,32,33,0.06653225806451613,1.0,1,0.9631077592450121,0.9751049253165445
75,5,32,33,0.06653225806451613,1.0,3,0.3027650451438604,0.3066065346717704
75,5,32,33,0.06653225806451613,1.0,5,0.18088202285647442,0.18334504874468427
75,5,32,33,0.06653225806451613,1.0,7,0.12905053883934087,0.13082037614220063
75,5,32,33,0.06653225806451613,1.0,9,0.10032250651211852,0.10169883148368625
75,5,32,33,0.06653225806451613,1.0,11,0.08206066840286279,0.08318513956205253
75,5,32,33,0.06653225806451613,1.0,13,0.06942527615468967,0.07037521960179426
75,5,32,33,0.06653225806451613,1.0,15,0.0601626329624607,0.060984676832268055
75,5,32,33,0.06653225806451613,1.0,17,0.05308109723857796,0.05380545817382753
75,5,32,33,0.06653225806451613,1.0,19,0.04749132167077095,0.04813867349492376
76,5,32,33,0.06653225806451613,0.1,1,0.014235063848323784,0.013732048319627401
76,5,32,33,0.06653225806451613,0.1,3,0.004737583151989908,0.004573885623539678
76,5,32,33,0.06653225806451613,0.1,5,0.0028419343336455434,0.0027441213752802595
76,5,32,33,0.06653225806451613,0.1,7,0.002029785099152335,0.0019600374269272227
76,5,32,33,0.06653225806451613,0.1,9,0.0015786532909436964,0.0015244552953064421
76,5,32,33,0.06653225806451613,0.1,11,0.0012915910409191547,0.0012472730210444246
76,5,32,33,0.06653225806451613,0.1,13,0.0010928650748678389,0.0010553801911080826
76,5,32,33,0.06653225806451613,0.1,15,0.0009471374612791593,0.0009146600228010961
76,5,32,33,0.06653225806451613,0.1,17,0.000835701356160669,0.0008070511464152487
76,5,32,33,0.06653225806451613,0.1,19,0.000747727083056036,0.0007220971564450976
76,5,32,33,0.06653225806451613,0.5,1,0.33073169016857895,0.3195540984870837
76,5,32,33,0.06653225806451613,0.5,3,0.10774801130321757,0.1048927885543083
76,5,32,33,0.06653225806451613,0.5,5,0.06448214830351645,0.06285271342363184
76,5,32,33,0.06653225806451613,0.5,7,0.0460168232029687,0.044877333536673496
76,5,32,33,0.06653225806451613,0.5,9,0.03577464436334032,0.034898647575890174
76,5,32,33,0.06653225806451613,0.5,11,0.02926229225985247,0.028550830802684123
76,5,32,33,0.06653225806451613,0.5,13,0.024756012313318056,0.02415705547558612
76,5,32,33,0.06653225806451613,0.5,15,0.021452521899970104,0.020935348003624118
76,5,32,33,0.06653225806451613,0.5,17,0.018926932409731118,0.018471891269010103
76,5,32,33,0.06653225806451613,0.5,19,0.016933406052966934,0.01652716982433212
76,5,32,33,0.06653225806451613,1.0,1,1.0500074176950813,1.0225267815905499
76,5,32,33,0.06653225806451613,1.0,3,0.3321669067155338,0.32449068486810784
76,5,32,33,0.06653225806451613,1.0,5,0.19781831632388955,0.1938241731086278
76,5,32,33,0.06653225806451613,1.0,7,0.1408724181311109,0.13826354656734857
76,5,32,33,0.06653225806451613,1.0,9,0.10938865872287555,0.1074765662546744
76,5,32,33,0.06653225806451613,1.0,11,0.08940842677397383,0.08790840799412235
76,5,32,33,0.06653225806451613,1.0,13,0.07560041908458673,0.07437024211618769
76,5,32,33,0.06653225806451613,1.0,15,0.06548707070210136,0.06444634388785318
76,5,32,33,0.06653225806451613,1.0,17,0.05776040202792484,0.05685956802137536
76,5,32,33,0.06653225806451613,1.0,19,0.05166468901691436,0.05087117122728387
77,5,32,33,0.06653225806451613,0.1,1,0.01196735980910087,0.012806028214535926
77,5,32,33,0.06653225806451613,0.1,3,0.003983665207673942,0.004265396330564413
77,5,32,33,0.06653225806451613,0.1,5,0.0023899365441854338,0.002559080784827435
77,5,32,33,0.06653225806451613,0.1,7,0.0017070458425845095,0.0018278839548364501
77,5,32,33,0.06653225806451613,0.1,9,0.0013276857762835304,0.0014216776336442008
77,5,32,33,0.06653225806451613,0.1,11,0.0010862815095295305,0.0011631866965702573
77,5,32,33,0.06653225806451613,0.1,13,0.0009191579421752628,0.0009842329044450638
77,5,32,33,0.06653225806451613,0.1,15,0.0007966017363820793,0.0008530007670188342
77,5,32,33,0.06653225806451613,0.1,17,0.0007028828156321649,0.0007526470966907378
77,5,32,33,0.06653225806451613,0.1,19,0.0006288944799085537,0.0006734206856661331
77,5,32,33,0.06653225806451613,0.5,1,0.2829961608026842,0.29903053407937924
77,5,32,33,0.06653225806451613,0.5,3,0.09178334679558899,0.09796318224567911
77,5,32,33,0.06653225806451613,0.5,5,0.0549514494367116,0.05870107441094775
77,5,32,33,0.06653225806451613,0.5,7,0.039227750982514215,0.041914313287042655
77,5,32,33,0.06653225806451613,0.5,9,0.03050302458924323,0.032595221369286394
77,5,32,33,0.06653225806451613,0.5,11,0.024953936034704742,0.026666831144388885
77,5,32,33,0.06653225806451613,0.5,13,0.021113368234909276,0.022563275488372385
77,5,32,33,0.06653225806451613,0.5,15,0.01829743651270148,0.01955431349448918
77,5,32,33,0.06653225806451613,0.5,17,0.01614431578515656,0.017253496335823355
77,5,32,33,0.06653225806451613,0.5,19,0.014444612282564202,0.015437144560163159
77,5,32,33,0.06653225806451613,1.0,1,0.9460099152196606,0.9668990802585211
77,5,32,33,0.06653225806451613,1.0,3,0.3007015428381529,0.3092090362728663
77,5,32,33,0.06653225806451613,1.0,5,0.17989640013521238,0.184972808915898
77,5,32,33,0.06653225806451613,1.0,7,0.12839648453417818,0.13201028996270964
77,5,32,33,0.06653225806451613,1.0,9,0.09983183680642993,0.10263776493970668
77,5,32,33,0.06653225806451613,1.0,11,0.08166733938620215,0.08396092036517003
77,5,32,33,0.06653225806451613,1.0,13,0.06909669275408914,0.07103630387956669
77,5,32,33,0.06653225806451613,1.0,15,0.05988030147684851,0.06156067645684518
77,5,32,33,0.06653225806451613,1.0,17,0.05283349805786871,0.054315808852163944
77,5,32,33,0.06653225806451613,1.0,19,0.04727078404401459,0.04859682523626333
78,5,32,33,0.06653225806451613,0.1,1,0.0128276335107567,0.013024408392578546
78,5,32,33,0.06653225806451613,0.1,3,0.004272674790412437,0.004337826032876374
78,5,32,33,0.06653225806451613,0.1,5,0.0025634513435466213,0.002602521184769706
78,5,32,33,0.06653225806451613,0.1,7,0.0018310064641957463,0.0018589093841938293
78,5,32,33,0.06653225806451613,0.1,9,0.0014241064698745397,0.0014458074260846575
78,5,32,33,0.06653225806451613,0.1,11,0.0011651740163648727,0.0011829287996685766
78,5,32,33,0.06653225806451613,0.1,13,0.0009859145265889054,0.0010009375397998731
78,5,32,33,0.06653225806451613,0.1,15,0.0008544581967180505,0.0008674779974284149
78,5,32,33,0.06653225806451613,0.1,17,0.0007539330781201824,0.0007654210526290263
78,5,32,33,0.06653225806451613,0.1,19,0.0006745713094550601,0.0006848499701831633
78,5,32,33,0.06653225806451613,0.5,1,0.3005280977755318,0.30567203947344285
78,5,32,33,0.06653225806451613,0.5,3,0.09853088891776267,0.09999912804147931
78,5,32,33,0.06653225806451613,0.5,5,0.05904209688508618,0.05991468479976567
78,5,32,33,0.06653225806451613,0.5,7,0.04215792965867508,0.04277962327094086
78,5,32,33,0.06653225806451613,0.5,9,0.03278470523162762,0.03326774376216225
78,5,32,33,0.06653225806451613,0.5,11,0.02682186437613072,0.02721687131250457
78,5,32,33,0.06653225806451613,0.5,13,0.02269445770787073,0.023028594169885112
78,5,32,33,0.06653225806451613,0.5,15,0.019668004817564817,0.019957535368589567
78,5,32,33,0.06653225806451613,0.5,17,0.01735381222085676,0.017609248318757674
78,5,32,33,0.06653225806451613,0.5,19,0.015526900874021522,0.01575542887798781
78,5,32,33,0.06653225806451613,1.0,1,0.984883977246443,1.000069959243882
78,5,32,33,0.06653225806451613,1.0,3,0.3171807671390465,0.3196601456891336
78,5,32,33,0.06653225806451613,1.0,5,0.18978228721144658,0.19120280958365826
78,5,32,33,0.06653225806451613,1.0,7,0.13545532403312147,0.136454567666487
78,5,32,33,0.06653225806451613,1.0,9,0.10532103674876843,0.10609303555983446
78,5,32,33,0.06653225806451613,1.0,11,0.08615804827457921,0.08678748470645292
78,5,32,33,0.06653225806451613,1.0,13,0.07289629258241928,0.0734278095211646
78,5,32,33,0.06653225806451613,1.0,15,0.0631731594572439,0.06363321427946025
78,5,32,33,0.06653225806451613,1.0,17,0.05573888402747913,0.05614446333334835
78,5,32,33,0.06653225806451613,1.0,19,0.04987029113865239,0.05023295671967537
79,5,32,33,0.06653225806451613,0.1,1,0.014969165927297539,0.014209963667105035
79,5,32,33,0.06653225806451613,0.1,3,0.004985299446181254,0.0047297261317647615
79,5,32,33,0.06653225806451613,0.1,5,0.0029908386913822613,0.0028373293294998913
79,5,32,33,0.06653225806451613,0.1,7,0.0021362226508538197,0.0020265325503943674
79,5,32,33,0.06653225806451613,0.1,9,0.0016614700662921087,0.0015761400606349241
79,5,32,33,0.06653225806451613,0.1,11,0.0013593664630327925,0.0012895435651937713
79,5,32,33,0.06653225806451613,0.1,13,0.0011502228587294892,0.0010911378280958602
79,5,32,33,0.06653225806451613,0.1,15,0.0009968534083202665,0.0009456438736360101
79,5,32,33,0.06653225806451613,0.1,17,0.0008795722897461969,0.0008343857685614918
79,5,32,33,0.06653225806451613,0.1,19,0.0007869827729822492,0.0007465516009097524
79,5,32,33,0.06653225806451613,0.5,1,0.34579202305736595,0.3291383537063233
79,5,32,33,0.06653225806451613,0.5,3,0.11382211098742528,0.10696898147576901
79,5,32,33,0.06653225806451613,0.5,5,0.06821987187296791,0.0640276509058229
79,5,32,33,0.06653225806451613,0.5,7,0.048712623886467174,0.04569957357815319
79,5,32,33,0.06653225806451613,0.5,9,0.037882053271563354,0.03553176007211573
79,5,32,33,0.06653225806451613,0.5,11,0.03099191582113432,0.02906578107000599
79,5,32,33,0.06653225806451613,0.5,13,0.02622262070444548,0.02459110535293092
79,5,32,33,0.06653225806451613,0.5,15,0.022725507930221003,0.02131050808434431
79,5,32,33,0.06653225806451613,0.5,17,0.020051437877874456,0.018802253949814676
79,5,32,33,0.06653225806451613,0.5,19,0.01794043921141364,0.01682230428979738
79,5,32,33,0.06653225806451613,1.0,1,1.0795524817699673,1.0373853834600977
79,5,32,33,0.06653225806451613,1.0,3,0.3561986343989903,0.3240789463460508
79,5,32,33,0.06653225806451613,1.0,5,0.2134249673027806,0.19345081625211136
79,5,32,33,0.06653225806451613,1.0,7,0.15237026614349494,0.13798150357300304
79,5,32,33,0.06653225806451613,1.0,9,0.1184806855060859,0.10725415941951542
79,5,32,33,0.06653225806451613,1.0,11,0.09692448220586772,0.08772580512443115
79,5,32,33,0.06653225806451613,1.0,13,0.08200511634203601,0.07421569600643
79,5,32,33,0.06653225806451613,1.0,15,0.07106628234252328,0.06431252341703672
79,5,32,33,0.06653225806451613,1.0,17,0.06270239823778051,0.056741640483671946
79,5,32,33,0.06653225806451613,1.0,19,0.05609998325331092,0.050765799063118504
80,5,32,33,0.06653225806451613,0.1,1,0.014239536675383727,0.01368200862792111
80,5,32,33,0.06653225806451613,0.1,3,0.004739136948358396,0.004551360031855064
80,5,32,33,0.06653225806451613,0.1,5,0.0028428753209300216,0.0027298016733149086
80,5,32,33,0.06653225806451613,0.1,7,0.002030459987726717,0.0019495553963343396
80,5,32,33,0.06653225806451613,0.1,9,0.0015791794126701543,0.0015161914953708078
80,5,32,33,0.06653225806451613,0.1,11,0.0012920221388268511,0.0012404534243838567
80,5,32,33,0.06653225806451613,0.1,13,0.00109323022394675,0.0010495754322189538
80,5,32,33,0.06653225806451613,0.1,15,0.0009474541624282071,0.0009096073334907464
80,5,32,33,0.06653225806451613,0.1,17,0.0008359809598363433,0.0008025780756787992
80,5,32,33,0.06653225806451613,0.1,19,0.0007479773691043994,0.0007180844482414786
80,5,32,33,0.06653225806451613,0.5,1,0.3308178839145742,0.3200801166454824
80,5,32,33,0.06653225806451613,0.5,3,0.10777899737871394,0.10501927398644843
80,5,32,33,0.06653225806451613,0.5,5,0.06450142579217474,0.06286452560864655
80,5,32,33,0.06653225806451613,0.5,7,0.04603085585365874,0.04486200766802848
80,5,32,33,0.06653225806451613,0.5,9,0.03578568388222773,0.034875628461366236
80,5,32,33,0.06653225806451613,0.5,11,0.029271393445176805,0.02852596606152786
80,5,32,33,0.06653225806451613,0.5,13,0.024763755082355086,0.02413238614738591
80,5,32,33,0.06653225806451613,0.5,15,0.021459259498132238,0.020911617218860673
80,5,32,33,0.06653225806451613,0.5,17,0.018932896033222974,0.01844934424324602
80,5,32,33,0.06653225806451613,0.5,19,0.01693875530748265,0.01650584822034304
80,5,32,33,0.06653225806451613,1.0,1,1.0505161360849693,1.0218904428720108
80,5,32,33,0.06653225806451613,1.0,3,0.33227089346862554,0.32928861989899627
80,5,32,33,0.06653225806451613,1.0,5,0.1978671648295138,0.19660142197464234
80,5,32,33,0.06653225806451613,1.0,7,0.14090515549177243,0.1401636502496077
80,5,32,33,0.06653225806451613,1.0,9,0.10941364068588559,0.1089079650999474
80,5,32,33,0.06653225806451613,1.0,11,0.089428761043774,0.08905226214171205
80,5,32,33,0.06653225806451613,1.0,13,0.07561762082948738,0.07532094506085533
80,5,32,33,0.06653225806451613,1.0,15,0.06550200280470977,0.06525883915365051
80,5,32,33,0.06653225806451613,1.0,17,0.057773607171866616,0.05756848428006238
80,5,32,33,0.06653225806451613,1.0,19,0.05167653272303833,0.05149967377115798
81,5,32,33,0.06653225806451613,0.1,1,0.012309361348198055,0.013888975664045247
81,5,32,33,0.06653225806451613,0.1,3,0.0040913685911334405,0.004621402669558818
81,5,32,33,0.06653225806451613,0.1,5,0.0024536028098107172,0.0027721232228223513
81,5,32,33,0.06653225806451613,0.1,7,0.0017522144363417568,0.001979888059317296
81,5,32,33,0.06653225806451613,0.1,9,0.0013626811448783757,0.0015398305630566266
81,5,32,33,0.06653225806451613,0.1,11,0.0011148424948203169,0.001259819708698008
81,5,32,33,0.06653225806451613,0.1,13,0.000943282644455216,0.0010659773601164695
81,5,32,33,0.06653225806451613,0.1,15,0.000817482780006971,0.0009238320486973276
81,5,32,33,0.06653225806451613,0.1,17,0.0007212889474129096,0.0008151359138833993
81,5,32,33,0.06653225806451613,0.1,19,0.0006453501411643061,0.0007293251205568891
81,5,32,33,0.06653225806451613,0.5,1,0.2911655168244837,0.32490163916591125
81,5,32,33,0.06653225806451613,0.5,3,0.09447724607397699,0.10563109393768987
81,5,32,33,0.06653225806451613,0.5,5,0.056487098573317816,0.06320688058772243
81,5,32,33,0.06653225806451613,0.5,7,0.04029380910944062,0.04510641197774689
81,5,32,33,0.06653225806451613,0.5,9,0.03131761485795119,0.035067177493274926
81,5,32,33,0.06653225806451613,0.5,11,0.025612457025351507,0.028683909561403043
81,5,32,33,0.06653225806451613,0.5,13,0.021665768641338252,0.024266925214249353
81,5,32,33,0.06653225806451613,0.5,15,0.01877306119996238,0.021028867080616614
81,5,32,33,0.06653225806451613,0.5,17,0.016561844887874884,0.018553278883564752
81,5,32,33,0.06653225806451613,0.5,19,0.014816661456945351,0.016599202976592068
81,5,32,33,0.06653225806451613,1.0,1,0.9511765423352875,1.038203771720452
81,5,32,33,0.06653225806451613,1.0,3,0.2951402258122828,0.3197003899355909
81,5,32,33,0.06653225806451613,1.0,5,0.17562123816273387,0.19012658148268932
81,5,32,33,0.06653225806451613,1.0,7,0.12503461255164441,0.1353886209575819
81,5,32,33,0.06653225806451613,1.0,9,0.0970798691911045,0.10514388132419894
81,5,32,33,0.06653225806451613,1.0,11,0.07934315678057485,0.08595104008494438
81,5,32,33,0.06653225806451613,1.0,13,0.06708714248597915,0.07268604291471373
81,5,32,33,0.06653225806451613,1.0,15,0.05811122208030723,0.06296922907571784
81,5,32,33,0.06653225806451613,1.0,17,0.05125392246708537,0.05554459582251467
81,5,32,33,0.06653225806451613,1.0,19,0.04584427752483672,0.04968648597601708
82,5,32,33,0.06653225806451613,0.1,1,0.014059440836368536,0.013863517921163446
82,5,32,33,0.06653225806451613,0.1,3,0.004682224970771336,0.0046147528584295
82,5,32,33,0.06653225806451613,0.1,5,0.002809123954743985,0.0027683590201037483
82,5,32,33,0.06653225806451613,0.1,7,0.0020064743053539317,0.0019772683890373084
82,5,32,33,0.06653225806451613,0.1,9,0.0015605770249013644,0.0015378228484918526
82,5,32,33,0.06653225806451613,0.1,11,0.001276829742772774,0.001258192541065816
82,5,32,33,0.06653225806451613,0.1,13,0.0010803913956321052,0.0010646096054893204
82,5,32,33,0.06653225806451613,0.1,15,0.0009363375338938692,0.0009226524294505771
82,5,32,33,0.06653225806451613,0.1,17,0.0008261791633852478,0.0008140989640392491
82,5,32,33,0.06653225806451613,0.1,19,0.0007392122838135835,0.0007284000708427631
82,5,32,33,0.06653225806451613,0.5,1,0.32540596680908684,0.32157253818263665
82,5,32,33,0.06653225806451613,0.5,3,0.10625686532670992,0.10505504735993579
82,5,32,33,0.06653225806451613,0.5,5,0.06365207263284269,0.06293877221188716
82,5,32,33,0.06653225806451613,0.5,7,0.04544561232998077,0.04493721499966546
82,5,32,33,0.06653225806451613,0.5,9,0.035340098450815635,0.034944836562124465
82,5,32,33,0.06653225806451613,0.5,11,0.028911921362503853,0.028588502060206453
82,5,32,33,0.06653225806451613,0.5,13,0.024462608635074205,0.02418888982534445
82,5,32,33,0.06653225806451613,0.5,15,0.021200202396494058,0.02096292377125208
82,5,32,33,0.06653225806451613,0.5,17,0.01870563057230621,0.018496219301977434
82,5,32,33,0.06653225806451613,0.5,19,0.016736345075532892,0.01654893765805701
82,5,32,33,0.06653225806451613,1.0,1,1.0334376632166242,1.0169447450762181
82,5,32,33,0.06653225806451613,1.0,3,0.3266564890695524,0.3303264052555255
82,5,32,33,0.06653225806451613,1.0,5,0.19494613049587048,0.19739149699157374
82,5,32,33,0.06653225806451613,1.0,7,0.13900798926455724,0.14078155202746817
82,5,32,33,0.06653225806451613,1.0,9,0.10803133508106941,0.1094127940810674
82,5,32,33,0.06653225806451613,1.0,11,0.08834993965181644,0.08947835357535974
82,5,32,33,0.06653225806451613,1.0,13,0.07473672913840097,0.07568931669929482
82,5,32,33,0.06653225806451613,1.0,15,0.06475951123391217,0.06558316456623854
82,5,32,33,0.06653225806451613,1.0,17,0.05713292433202203,0.057858123518203505
82,5,32,33,0.06653225806451613,1.0,19,0.05111367907767532,0.051761303412401406
83,5,32,33,0.06653225806451613,0.1,1,0.014190944140335606,0.013105270866125014
83,5,32,33,0.06653225806451613,0.1,3,0.004722864651611094,0.004357380221859728
83,5,32,33,0.06653225806451613,0.1,5,0.0028330996382202054,0.0026134762320931923
83,5,32,33,0.06653225806451613,0.1,7,0.0020234732943362217,0.001866504638212826
83,5,32,33,0.06653225806451613,0.1,9,0.0015737434996980397,0.0014516172253752485
83,5,32,33,0.06653225806451613,0.1,11,0.0012875736075934942,0.0011876319533290585
83,5,32,33,0.06653225806451613,0.1,13,0.00108946550860797,0.0010048878513139064
83,5,32,33,0.06653225806451613,0.1,15,0.0009441910411715171,0.000870883080294399
83,5,32,33,0.06653225806451613,0.1,17,0.0008331014851697946,0.0007684130856970596
83,5,32,33,0.06653225806451613,0.1,19,0.0007454008194526372,0.0006875182813160516
83,5,32,33,0.06653225806451613,0.5,1,0.32954321510815443,0.30595528265053673
83,5,32,33,0.06653225806451613,0.5,3,0.10735351095920337,0.09845642022111194
83,5,32,33,0.06653225806451613,0.5,5,0.06424837264854072,0.05885053260236112
83,5,32,33,0.06653225806451613,0.5,7,0.045850780424087065,0.04198146419088115
83,5,32,33,0.06653225806451613,0.5,9,0.03564590732310802,0.03263141619497667
83,5,32,33,0.06653225806451613,0.5,11,0.029157173252356526,0.026688429947033795
83,5,32,33,0.06653225806451613,0.5,13,0.02466718866012509,0.022576985644436415
83,5,32,33,0.06653225806451613,0.5,15,0.02137561935575291,0.019563352572807825
83,5,32,33,0.06653225806451613,0.5,17,0.0188591296188467,0.017259583394021283
83,5,32,33,0.06653225806451613,0.5,19,0.016872777283724088,0.015441273164885446
83,5,32,33,0.06653225806451613,1.0,1,1.0439037214343376,0.9773597641311897
83,5,32,33,0.06653225806451613,1.0,3,0.3295313958224532,0.3037868880772378
83,5,32,33,0.06653225806451613,1.0,5,0.1963066809109281,0.18092060957879957
83,5,32,33,0.06653225806451613,1.0,7,0.13981754178284445,0.1289070645263525
83,5,32,33,0.06653225806451613,1.0,9,0.10857956341444623,0.10014048841055953
83,5,32,33,0.06653225806451613,1.0,11,0.08875253846445628,0.08187603639837433
83,5,32,33,0.06653225806451613,1.0,13,0.07504907843466846,0.06924848217300948
83,5,32,33,0.06653225806451613,1.0,15,0.06501158761241768,0.059996492890490985
83,5,32,33,0.06653225806451613,1.0,17,0.05734245623045324,0.0529258614992563
83,5,32,33,0.06653225806451613,1.0,19,0.05129187484909579,0.0473463628420624
84,5,32,33,0.06653225806451613,0.1,1,0.01648955358744436,0.015413176555027618
84,5,32,33,0.06653225806451613,0.1,3,0.00549246693820709,0.005124563408291847
84,5,32,33,0.06653225806451613,0.1,5,0.0032952393150746007,0.003073452866998317
84,5,32,33,0.06653225806451613,0.1,7,0.0023536861845079513,0.0021949511894665884
84,5,32,33,0.06653225806451613,0.1,9,0.001830624058295035,0.0017070276406068318
84,5,32,33,0.06653225806451613,0.1,11,0.0014977735865072852,0.0013965787239233372
84,5,32,33,0.06653225806451613,0.1,13,0.0012673415911906394,0.0011816739424284784
84,5,32,33,0.06653225806451613,0.1,15,0.001098359536212786,0.0010240880768645595
84,5,32,33,0.06653225806451613,0.1,17,0.0009691387177003655,0.0009035874424967633
84,5,32,33,0.06653225806451613,0.1,19,0.0008671227193096625,0.0008084591322444054
84,5,32,33,0.06653225806451613,0.5,1,0.3736543741200305,0.35807605641499907
84,5,32,33,0.06653225806451613,0.5,3,0.12267165427009973,0.11612504944151185
84,5,32,33,0.06653225806451613,0.5,5,0.07352878551352192,0.06946654798220868
84,5,32,33,0.06653225806451613,0.5,7,0.052506303878760874,0.04956680124089621
84,5,32,33,0.06653225806451613,0.5,9,0.04083371015509569,0.038531706479669414
84,5,32,33,0.06653225806451613,0.5,11,0.03340753140385347,0.03151608595198604
84,5,32,33,0.06653225806451613,0.5,13,0.02826700373893726,0.026661947018030235
84,5,32,33,0.06653225806451613,0.5,15,0.024497576839145614,0.023103636627263505
84,5,32,33,0.06653225806451613,0.5,17,0.02161521826800471,0.02038333755649146
84,5,32,33,0.06653225806451613,0.5,19,0.01933974972010913,0.01823618434108957
84,5,32,33,0.06653225806451613,1.0,1,1.110634502634494,1.1156653726941796
84,5,32,33,0.06653225806451613,1.0,3,0.3592790503218281,0.3473633625668563
84,5,32,33,0.06653225806451613,1.0,5,0.21517100652092452,0.20746648502284348
84,5,32,33,0.06653225806451613,1.0,7,0.15359404056386647,0.1479579580251434
84,5,32,33,0.06653225806451613,1.0,9,0.11942295634186562,0.11499239918307916
84,5,32,33,0.06653225806451613,1.0,11,0.09769050976911552,0.09404467603526494
84,5,32,33,0.06653225806451613,1.0,13,0.08265040847613275,0.07955475405239767
84,5,32,33,0.06653225806451613,1.0,15,0.07162369496800562,0.06893468027746996
84,5,32,33,0.06653225806451613,1.0,17,0.06319298554120248,0.06081656175131428
84,5,32,33,0.06653225806451613,1.0,19,0.05653804494217361,0.05440931472333384
85,5,32,33,0.06653225806451613,0.1,1,0.012751138743015734,0.012759308017193093
85,5,32,33,0.06653225806451613,0.1,3,0.004245765838425367,0.004248148362376632
85,5,32,33,0.06653225806451613,0.1,5,0.002547208621805331,0.002548601259935767
85,5,32,33,0.06653225806451613,0.1,7,0.0018193799552842966,0.0018203636334120157
85,5,32,33,0.06653225806451613,0.1,9,0.0014150540705103192,0.0014158144139164604
85,5,32,33,0.06653225806451613,0.1,11,0.0011577628517657733,0.0011583824949214319
85,5,32,33,0.06653225806451613,0.1,13,0.0009796409374019063,0.0009801638164670145
85,5,32,33,0.06653225806451613,0.1,15,0.0008490194870159237,0.0008494717391522341
85,5,32,33,0.06653225806451613,0.1,17,0.000749133165744331,0.000749531598861044
85,5,32,33,0.06653225806451613,0.1,19,0.000670275924089466,0.0006706319844597627
85,5,32,33,0.06653225806451613,0.5,1,0.2980483879171217,0.2989518295560272
85,5,32,33,0.06653225806451613,0.5,3,0.09691985249473659,0.09706415810724521
85,5,32,33,0.06653225806451613,0.5,5,0.058034097072990384,0.058098551699700664
85,5,32,33,0.06653225806451613,0.5,7,0.04142909678545467,0.041469458965104386
85,5,32,33,0.06653225806451613,0.5,9,0.03221478647830745,0.03224406074664665
85,5,32,33,0.06653225806451613,0.5,11,0.02635421276067518,0.026377178059163304
85,5,32,33,0.06653225806451613,0.5,13,0.02229804866850266,0.022316950972158817
85,5,32,33,0.06653225806451613,0.5,15,0.019324043326334434,0.019340110947045585
85,5,32,33,0.06653225806451613,0.5,17,0.0170500624718299,0.01706403918929359
85,5,32,33,0.06653225806451613,0.5,19,0.015254956251302855,0.015267326446971473
85,5,32,33,0.06653225806451613,1.0,1,0.9699039912157374,0.981758550141606
85,5,32,33,0.06653225806451613,1.0,3,0.30326025231706333,0.3083598795810096
85,5,32,33,0.06653225806451613,1.0,5,0.18123052750873977,0.18417096512509212
85,5,32,33,0.06653225806451613,1.0,7,0.1293031396078884,0.13137254949014485
85,5,32,33,0.06653225806451613,1.0,9,0.10052010201625483,0.10211787595117668
85,5,32,33,0.06653225806451613,1.0,11,0.0822225871581722,0.083524285401484
85,5,32,33,0.06653225806451613,1.0,13,0.06956225442987359,0.07066065912277561
85,5,32,33,0.06653225806451613,1.0,15,0.06028123511188861,0.061231368230685035
85,5,32,33,0.06653225806451613,1.0,17,0.05318561828078301,0.05402280173135453
85,5,32,33,0.06653225806451613,1.0,19,0.04758471949942066,0.0483329844954426
86,5,32,33,0.06653225806451613,0.1,1,0.013772884117137894,0.014328382779452321
86,5,32,33,0.06653225806451613,0.1,3,0.0045863764018756695,0.004768706660421912
86,5,32,33,0.06653225806451613,0.1,5,0.002751301225646667,0.002860479524091004
86,5,32,33,0.06653225806451613,0.1,7,0.0019650565836042302,0.0020429823640675617
86,5,32,33,0.06653225806451613,0.1,9,0.0015283092384603364,0.0015888945266497433
86,5,32,33,0.06653225806451613,0.1,11,0.0012503995005342572,0.0012999574886872498
86,5,32,33,0.06653225806451613,0.1,13,0.0010580096996308185,0.0010999366742569137
86,5,32,33,0.06653225806451613,0.1,15,0.0009169286399566398,0.0009532611785459792
86,5,32,33,0.06653225806451613,0.1,17,0.0008090458548118489,0.0008411012070378375
86,5,32,33,0.06653225806451613,0.1,19,0.0007238769040288482,0.0007525560768457944
86,5,32,33,0.06653225806451613,0.5,1,0.32351679189047355,0.3375019721989551
86,5,32,33,0.06653225806451613,0.5,3,0.10747931805964833,0.11081833564327362
86,5,32,33,0.06653225806451613,0.5,5,0.0644284363862742,0.06636229074874554
86,5,32,33,0.06653225806451613,0.5,7,0.04600116218655404,0.047367264506329256
86,5,32,33,0.06653225806451613,0.5,9,0.03577021303001336,0.036827350513873806
86,5,32,33,0.06653225806451613,0.5,11,0.02926207222449223,0.030124555721766536
86,5,32,33,0.06653225806451613,0.5,13,0.024757577876230886,0.025486074674529898
86,5,32,33,0.06653225806451613,0.5,15,0.021454882193128057,0.022085483030767652
86,5,32,33,0.06653225806451613,0.5,17,0.018929636666365955,0.01948556501735709
86,5,32,33,0.06653225806451613,0.5,19,0.016936234355334517,0.01743331870958447
86,5,32,33,0.06653225806451613,1.0,1,1.053533478558902,1.1046318924647947
86,5,32,33,0.06653225806451613,1.0,3,0.36026369368940037,0.3581079672721419
86,5,32,33,0.06653225806451613,1.0,5,0.21623291833508212,0.2140253923480046
86,5,32,33,0.06653225806451613,1.0,7,0.15441810422995805,0.1526539031881684
86,5,32,33,0.06653225806451613,1.0,9,0.12007702707779541,0.11864133164428142
86,5,32,33,0.06653225806451613,1.0,11,0.09822792560378793,0.09702532281904758
86,5,32,33,0.06653225806451613,1.0,13,0.0831047184212073,0.08207270747125671
86,5,32,33,0.06653225806451613,1.0,15,0.07201636984896849,0.07111365899551456
86,5,32,33,0.06653225806451613,1.0,17,0.06353835054823316,0.06273667214716427
86,5,32,33,0.06653225806451613,1.0,19,0.05684605209322151,0.056125345129096234
87,5,32,33,0.06653225806451613,0.1,1,0.012718865050147212,0.013089709257181404
87,5,32,33,0.06653225806451613,0.1,3,0.004234499950300838,0.004359310633484787
87,5,32,33,0.06653225806451613,0.1,5,0.002540311076042658,0.002615325975162013
87,5,32,33,0.06653225806451613,0.1,7,0.001814405236578561,0.0018680253653848775
87,5,32,33,0.06653225806451613,0.1,9,0.0014111630063020405,0.0014528837285986355
87,5,32,33,0.06653225806451613,0.1,11,0.001154567535970256,0.0011887110126796803
87,5,32,33,0.06653225806451613,0.1,13,0.0009769302104347508,0.0010058256980266952
87,5,32,33,0.06653225806451613,0.1,15,0.0008466656821821243,0.0008717115080807683
87,5,32,33,0.06653225806451613,0.1,17,0.0007470532068915396,0.0007691545290594333
87,5,32,33,0.06653225806451613,0.1,19,0.0006684127214731631,0.0006881890425601179
87,5,32,33,0.06653225806451613,0.5,1,0.2983597687981934,0.308202696464967
87,5,32,33,0.06653225806451613,0.5,3,0.09763233241234454,0.10106085238881081
87,5,32,33,0.06653225806451613,0.5,5,0.05848419719935488,0.06055632159886495
87,5,32,33,0.06653225806451613,0.5,7,0.04175357939607602,0.04323809718161345
87,5,32,33,0.06653225806451613,0.5,9,0.032467654640617176,0.033624148923653153
87,5,32,33,0.06653225806451613,0.5,11,0.02656111921829947,0.027508299454655813
87,5,32,33,0.06653225806451613,0.5,13,0.02247303835561415,0.02327505294469887
87,5,32,33,0.06653225806451613,0.5,15,0.01947560493655477,0.02017103343697561
87,5,32,33,0.06653225806451613,0.5,17,0.01718370724550639,0.01779755458194149
87,5,32,33,0.06653225806451613,0.5,19,0.015374460750509024,0.01592385689772362
87,5,32,33,0.06653225806451613,1.0,1,0.974748856394434,1.0166701783056398
87,5,32,33,0.06653225806451613,1.0,3,0.31421933411927705,0.32383769914947286
87,5,32,33,0.06653225806451613,1.0,5,0.18801264007365964,0.1933619135688522
87,5,32,33,0.06653225806451613,1.0,7,0.13418954398517663,0.13791336237199273
87,5,32,33,0.06653225806451613,1.0,9,0.1043351982035166,0.10719780234050877
87,5,32,33,0.06653225806451613,1.0,11,0.08535060065460634,0.0876779201714222
87,5,32,33,0.06653225806451613,1.0,13,0.07221251442156489,0.07417420869068869
87,5,32,33,0.06653225806451613,1.0,15,0.06258017721008309,0.06427600583252924
87,5,32,33,0.06653225806451613,1.0,17,0.05521540063640753,0.056709074854187094
87,5,32,33,0.06653225806451613,1.0,19,0.04940171906547045,0.050736440374341274
88,5,32,33,0.06653225806451613,0.1,1,0.013188932802329963,0.012755591138230098
88,5,32,33,0.06653225806451613,0.1,3,0.004393126458821889,0.0042429013546507015
88,5,32,33,0.06653225806451613,0.1,5,0.002635684517164509,0.002544967577518288
88,5,32,33,0.06653225806451613,0.1,7,0.0018825873106223922,0.0018176193127068274
88,5,32,33,0.06653225806451613,0.1,9,0.0014642182041106446,0.0014136155952062428
88,5,32,33,0.06653225806451613,0.1,11,0.0011979890582677452,0.0011565499485415812
88,5,32,33,0.06653225806451613,0.1,13,0.001013678901070855,0.0009785935649652589
88,5,32,33,0.06653225806451613,0.1,15,0.0008785192291800556,0.000848098373671847
88,5,32,33,0.06653225806451613,0.1,17,0.0007751624252500763,0.0007483113837359241
88,5,32,33,0.06653225806451613,0.1,19,0.0006935652917457999,0.0006695342635532766
88,5,32,33,0.06653225806451613,0.5,1,0.30802695209466935,0.29907759426834457
88,5,32,33,0.06653225806451613,0.5,3,0.10121239906920261,0.09691735048376464
88,5,32,33,0.06653225806451613,0.5,5,0.060640373820226995,0.057984953100620386
88,5,32,33,0.06653225806451613,0.5,7,0.04329468649885516,0.04137887863003277
88,5,32,33,0.06653225806451613,0.5,9,0.033666458879185394,0.032169096235723976
88,5,32,33,0.06653225806451613,0.5,11,0.027541973245993973,0.02631334759830001
88,5,32,33,0.06653225806451613,0.5,13,0.02330297391656971,0.022261419521007922
88,5,32,33,0.06653225806451613,0.5,15,0.020194859761537932,0.01929098969459294
88,5,32,33,0.06653225806451613,0.5,17,0.01781832303508909,0.01702001226182073
88,5,32,33,0.06653225806451613,0.5,19,0.015942257212729457,0.015227442595108708
88,5,32,33,0.06653225806451613,1.0,1,1.000271468821278,0.9648961957143644
88,5,32,33,0.06653225806451613,1.0,3,0.3237625744039081,0.30162397306013183
88,5,32,33,0.06653225806451613,1.0,5,0.19332707260048992,0.17995704834752516
88,5,32,33,0.06653225806451613,1.0,7,0.13783278403017074,0.12830579892200356
88,5,32,33,0.06653225806451613,1.0,9,0.10709806935727502,0.09970868760372192
88,5,32,33,0.06653225806451613,1.0,11,0.08757297355350326,0.08154110734008653
88,5,32,33,0.06653225806451613,1.0,13,0.07407015692184825,0.06897577383360538
88,5,32,33,0.06653225806451613,1.0,15,0.06417542363714498,0.05976692927766908
88,5,32,33,0.06653225806451613,1.0,17,0.0566129473881414,0.052727882090124266
88,5,32,33,0.06653225806451613,1.0,19,0.05064502339136146,0.04717245838102441
89,5,32,33,0.06653225806451613,0.1,1,0.013002706247325337,0.01322526233224969
89,5,32,33,0.06653225806451613,0.1,3,0.004329793795855321,0.004404144054361564
89,5,32,33,0.06653225806451613,0.1,5,0.0025976631632944306,0.002642281247896664
89,5,32,33,0.06653225806451613,0.1,7,0.0018554317501235634,0.0018873033713486746
89,5,32,33,0.06653225806451613,0.1,9,0.0014431001603594,0.0014678896986864802
89,5,32,33,0.06653225806451613,0.1,11,0.0011807127537163005,0.0012009953101783826
89,5,32,33,0.06653225806451613,0.1,13,0.000999061932258468,0.001016224196123078
89,5,32,33,0.06653225806451613,0.1,15,0.0008658522035013106,0.0008807262202700593
89,5,32,33,0.06653225806451613,0.1,17,0.0007639863708780842,0.0007771105356337479
89,5,32,33,0.06653225806451613,0.1,19,0.0006835662086473472,0.0006953089026213265
89,5,32,33,0.06653225806451613,0.5,1,0.30387361809204577,0.3086290396477957
89,5,32,33,0.06653225806451613,0.5,3,0.09893778150393824,0.10052835256873367
89,5,32,33,0.06653225806451613,0.5,5,0.05925143353948282,0.060203275738398454
89,5,32,33,0.06653225806451613,0.5,7,0.042300567173337,0.042979898863473864
89,5,32,33,0.06653225806451613,0.5,9,0.03289343628286147,0.03342162123832023
89,5,32,33,0.06653225806451613,0.5,11,0.026909910343599956,0.027341984255450542
89,5,32,33,0.06653225806451613,0.5,13,0.022768512240485875,0.023134075269912385
89,5,32,33,0.06653225806451613,0.5,15,0.019731942882541435,0.020048743430526143
89,5,32,33,0.06653225806451613,0.5,17,0.01741008511669079,0.017689602742777415
89,5,32,33,0.06653225806451613,0.5,19,0.015577160554446778,0.015827247559605163
89,5,32,33,0.06653225806451613,1.0,1,0.9856287101815183,0.9990689867049307
89,5,32,33,0.06653225806451613,1.0,3,0.30932110222852566,0.3122091741283654
89,5,32,33,0.06653225806451613,1.0,5,0.18463322210880354,0.18579316783470448
89,5,32,33,0.06653225806451613,1.0,7,0.13168566612024218,0.13234745639021028
89,5,32,33,0.06653225806451613,1.0,9,0.10235880175777362,0.10280848187671403
89,5,32,33,0.06653225806451613,1.0,11,0.08372167072225777,0.08405940343121653
89,5,32,33,0.06653225806451613,1.0,13,0.07082849425036154,0.07109850181309203
89,5,32,33,0.06653225806451613,1.0,15,0.061377652518288556,0.06160267902409675
89,5,32,33,0.06653225806451613,1.0,17,0.054152592532641236,0.05434567825778408
89,5,32,33,0.06653225806451613,1.0,19,0.04844970701796213,0.04861895905625268
90,5,32,33,0.06653225806451613,0.1,1,0.014608898274741315,0.014621199245317866
90,5,32,33,0.06653225806451613,0.1,3,0.004859865823096112,0.0048693450829741265
90,5,32,33,0.06653225806451613,0.1,5,0.0029150287922926465,0.0029213888251204564
90,5,32,33,0.06653225806451613,0.1,7,0.0020819113184176352,0.0020866617826576736
90,5,32,33,0.06653225806451613,0.1,9,0.0016191595769192214,0.0016229444108573703
90,5,32,33,0.06653225806451613,0.1,11,0.001324713635329774,0.0013278572904288101
90,5,32,33,0.06653225806451613,0.1,13,0.0011208808074610538,0.0011235683772951254
90,5,32,33,0.06653225806451613,0.1,15,0.0009714107223636789,0.0009737574783034338
90,5,32,33,0.06653225806451613,0.1,17,0.000857114189038759,0.0008591966917295105
90,5,32,33,0.06653225806451613,0.1,19,0.0007668825779848691,0.0007687542347869597
90,5,32,33,0.06653225806451613,0.5,1,0.340348793930256,0.33653881925685625
90,5,32,33,0.06653225806451613,0.5,3,0.11064442869084264,0.10972760383575428
90,5,32,33,0.06653225806451613,0.5,5,0.06619726145231958,0.06571559459511159
90,5,32,33,0.06653225806451613,0.5,7,0.04723531318712567,0.046914815181202024
90,5,32,33,0.06653225806451613,0.5,9,0.03671955418725152,0.03648100188363026
90,5,32,33,0.06653225806451613,0.5,11,0.030033948606212595,0.029844522160310385
90,5,32,33,0.06653225806451613,0.5,13,0.02540810412834767,0.025251255805101232
90,5,32,33,0.06653225806451613,0.5,15,0.02201712975973977,0.021883407757296896
90,5,32,33,0.06653225806451613,0.5,17,0.019424752772842217,0.01930827111048784
90,5,32,33,0.06653225806451613,0.5,19,0.017378567903595415,0.01727542114355102
90,5,32,33,0.06653225806451613,1.0,1,1.0807688213493605,1.0428285166091902
90,5,32,33,0.06653225806451613,1.0,3,0.33972044071612884,0.3318608911386486
90,5,32,33,0.06653225806451613,1.0,5,0.20242362129321012,0.19856805158871105
90,5,32,33,0.06653225806451613,1.0,7,0.14419734913068838,0.14165122317801135
90,5,32,33,0.06653225806451613,1.0,9,0.11199219127761312,0.11009048876361141
90,5,32,33,0.06653225806451613,1.0,11,0.09154827786013196,0.09002990760181467
90,5,32,33,0.06653225806451613,1.0,13,0.07741694798399577,0.07615289612173783
90,5,32,33,0.06653225806451613,1.0,15,0.06706522597551103,0.0659823105326299
90,5,32,33,0.06653225806451613,1.0,17,0.059155519541621425,0.05820821740349408
90,5,32,33,0.06653225806451613,1.0,19,0.052914830906050564,0.05207288832229255
91,5,32,33,0.06653225806451613,0.1,1,0.016726095625884212,0.016736280217788987
91,5,32,33,0.06653225806451613,0.1,3,0.00557345934145469,0.005570121800926576
91,5,32,33,0.06653225806451613,0.1,5,0.0033439872116109853,0.0033414077107787863
91,5,32,33,0.06653225806451613,0.1,7,0.0023885447956402146,0.0023865431539323743
91,5,32,33,0.06653225806451613,0.1,9,0.0018577514360841086,0.0018561293582377747
91,5,32,33,0.06653225806451613,0.1,11,0.0015199761073386745,0.0015186160517194805
91,5,32,33,0.06653225806451613,0.1,13,0.0012861324858368607,0.0012849628082934126
91,5,32,33,0.06653225806451613,0.1,15,0.0011146475302924942,0.001113622008026126
91,5,32,33,0.06653225806451613,0.1,17,0.0009835121573565462,0.0009825994151509484
91,5,32,33,0.06653225806451613,0.1,19,0.0008799843292804695,0.0008791621575244424
91,5,32,33,0.06653225806451613,0.5,1,0.3786012324148056,0.38286939222216365
91,5,32,33,0.06653225806451613,0.5,3,0.12525250231205348,0.1243695720916758
91,5,32,33,0.06653225806451613,0.5,5,0.07511674107682509,0.07443642542949414
91,5,32,33,0.06653225806451613,0.5,7,0.053647331684836506,0.05312714957198852
91,5,32,33,0.06653225806451613,0.5,9,0.041723084819254706,0.04130611257995128
91,5,32,33,0.06653225806451613,0.5,11,0.03413589300528863,0.03378901922955384
91,5,32,33,0.06653225806451613,0.5,13,0.028883599965384817,0.02858702682345083
91,5,32,33,0.06653225806451613,0.5,15,0.02503209352231438,0.024773243292227236
91,5,32,33,0.06653225806451613,0.5,17,0.022086914980321903,0.02185735378645598
91,5,32,33,0.06653225806451613,0.5,19,0.019761825663672686,0.019555641794285115
91,5,32,33,0.06653225806451613,1.0,1,1.1328166675469327,1.1618240458614966
91,5,32,33,0.06653225806451613,1.0,3,0.37599390242645025,0.3575610419198522
91,5,32,33,0.06653225806451613,1.0,5,0.22571739502749538,0.2127542375889026
91,5,32,33,0.06653225806451613,1.0,7,0.16122350722428178,0.15158150952479268
91,5,32,33,0.06653225806451613,1.0,9,0.12538605002165085,0.11776268652400898
91,5,32,33,0.06653225806451613,1.0,11,0.1025807173075145,0.09629148987829805
91,5,32,33,0.06653225806451613,1.0,13,0.08679343232764403,0.08144624795951186
91,5,32,33,0.06653225806451613,1.0,15,0.07521693027157955,0.07056868474658783
91,5,32,33,0.06653225806451613,1.0,17,0.06636491816678144,0.06225517842785102
91,5,32,33,0.06653225806451613,1.0,19,0.05937691823462871,0.055694496554041226
92,5,32,33,0.06653225806451613,0.1,1,0.012782708244975169,0.01270418876382185
92,5,32,33,0.06653225806451613,0.1,3,0.004256248533132,0.004230394679457818
92,5,32,33,0.06653225806451613,0.1,5,0.002553490562986217,0.0025380017186539803
92,5,32,33,0.06653225806451613,0.1,7,0.0018238645714703002,0.0018128071600556754
92,5,32,33,0.06653225806451613,0.1,9,0.0014185410081452008,0.0014099431814546576
92,5,32,33,0.06653225806451613,0.1,11,0.001160615222856544,0.0011535818068755855
92,5,32,33,0.06653225806451613,0.1,13,0.0009820541412181988,0.000976103446932999
92,5,32,33,0.06653225806451613,0.1,15,0.0008511107125729283,0.0008459538498264769
92,5,32,33,0.06653225806451613,0.1,17,0.0007509782173216508,0.0007464283117670693
92,5,32,33,0.06653225806451613,0.1,19,0.0006719266552834527,0.0006678558726572204
92,5,32,33,0.06653225806451613,0.5,1,0.3001641348470846,0.2970067693346838
92,5,32,33,0.06653225806451613,0.5,3,0.09774057853509965,0.09680958747390028
92,5,32,33,0.06653225806451613,0.5,5,0.05853174240685661,0.057980523642554564
92,5,32,33,0.06653225806451613,0.5,7,0.0417855470440125,0.04139354714852337
92,5,32,33,0.06653225806451613,0.5,9,0.03249234028106237,0.032188088894284275
92,5,32,33,0.06653225806451613,0.5,11,0.026581433352226482,0.026332798674793486
92,5,32,33,0.06653225806451613,0.5,13,0.022490376811192248,0.022280155302599042
92,5,32,33,0.06653225806451613,0.5,15,0.019490763351631656,0.019308668224554383
92,5,32,33,0.06653225806451613,0.5,17,0.01719718974378351,0.01703657993198577
92,5,32,33,0.06653225806451613,0.5,19,0.015386610086873519,0.015242948979085597
92,5,32,33,0.06653225806451613,1.0,1,0.9812631736080236,0.9644011906845181
92,5,32,33,0.06653225806451613,1.0,3,0.3061972419312498,0.30168533638230355
92,5,32,33,0.06653225806451613,1.0,5,0.18271680426989845,0.18011838095485425
92,5,32,33,0.06653225806451613,1.0,7,0.13029042241332234,0.1284729324145162
92,5,32,33,0.06653225806451613,1.0,9,0.1012599272533432,0.09986162168950735
92,5,32,33,0.06653225806451613,1.0,11,0.08281489212999005,0.08167797815622044
92,5,32,33,0.06653225806451613,1.0,13,0.07005652671501941,0.06909830557272753
92,5,32,33,0.06653225806451613,1.0,15,0.06070556248912725,0.059877295619969066
92,5,32,33,0.06653225806451613,1.0,17,0.05355748400722075,0.05282802126612764
92,5,32,33,0.06653225806451613,1.0,19,0.04791575331569865,0.04726396870818553
93,5,32,33,0.06653225806451613,0.1,1,0.012882510981884867,0.013486175458280599
93,5,32,33,0.06653225806451613,0.1,3,0.004285925115565201,0.004485107730601279
93,5,32,33,0.06653225806451613,0.1,5,0.002570913906471675,0.00269005576923357
93,5,32,33,0.06653225806451613,0.1,7,0.001836195925277213,0.0019211762548789343
93,5,32,33,0.06653225806451613,0.1,9,0.0014280834869744112,0.0014941253405538223
93,5,32,33,0.06653225806451613,0.1,11,0.0011683976071138631,0.0012224032516800413
93,5,32,33,0.06653225806451613,0.1,13,0.0009886246066285,0.0010343047432346466
93,5,32,33,0.06653225806451613,0.1,15,0.0008567958514729233,0.0008963744452076596
93,5,32,33,0.06653225806451613,0.1,17,0.0007559882818542485,0.0007909032003622838
93,5,32,33,0.06653225806451613,0.1,19,0.0006764049498089147,0.0007076393838009052
93,5,32,33,0.06653225806451613,0.5,1,0.3033687586695172,0.316932355612241
93,5,32,33,0.06653225806451613,0.5,3,0.09830177924005203,0.10315262152663264
93,5,32,33,0.06653225806451613,0.5,5,0.058843647752365794,0.06169999467023556
93,5,32,33,0.06653225806451613,0.5,7,0.042002103438924236,0.04402075161110443
93,5,32,33,0.06653225806451613,0.5,9,0.032658301027470325,0.0342180940252201
93,5,32,33,0.06653225806451613,0.5,11,0.026715992187718474,0.02798656813770831
93,5,32,33,0.06653225806451613,0.5,13,0.022603536766326884,0.023675245641462034
93,5,32,33,0.06653225806451613,0.5,15,0.01958840113924825,0.020515013019091907
93,5,32,33,0.06653225806451613,0.5,17,0.01728305220432516,0.01809914217470877
93,5,32,33,0.06653225806451613,0.5,19,0.015463232936676213,0.01619234067297915
93,5,32,33,0.06653225806451613,1.0,1,0.9920060559690207,1.0263499298842398
93,5,32,33,0.06653225806451613,1.0,3,0.31184749310948173,0.32273053725791684
93,5,32,33,0.06653225806451613,1.0,5,0.1860320023526033,0.19218446929148247
93,5,32,33,0.06653225806451613,1.0,7,0.13262839270479615,0.13691550406380273
93,5,32,33,0.06653225806451613,1.0,9,0.1030625342059106,0.10635285793762737
93,5,32,33,0.06653225806451613,1.0,11,0.08428040446133084,0.08695029216265754
93,5,32,33,0.06653225806451613,1.0,13,0.07129060937387988,0.07353703943145484
93,5,32,33,0.06653225806451613,1.0,15,0.06177106937384053,0.0637100325387253
93,5,32,33,0.06653225806451613,1.0,17,0.05449478957615397,0.056200345753595324
93,5,32,33,0.06653225806451613,1.0,19,0.04875231115961147,0.0502746312698733
94,5,32,33,0.06653225806451613,0.1,1,0.013755134060339892,0.013876218127899189
94,5,32,33,0.06653225806451613,0.1,3,0.004580636335082983,0.004620259164929783
94,5,32,33,0.06653225806451613,0.1,5,0.0027481703822290053,0.0027719067818793883
94,5,32,33,0.06653225806451613,0.1,7,0.0019629372420710855,0.001979884436058091
94,5,32,33,0.06653225806451613,0.1,9,0.0015267156505791297,0.0015398944365537296
94,5,32,33,0.06653225806451613,0.1,11,0.0012491254721299183,0.0012599071350816043
94,5,32,33,0.06653225806451613,0.1,13,0.0010569496387796721,0.0010660721071990105
94,5,32,33,0.06653225806451613,0.1,15,0.0009160215609617873,0.0009239274407426315
94,5,32,33,0.06653225806451613,0.1,17,0.0008082534579569155,0.0008152290812031866
94,5,32,33,0.06653225806451613,0.1,19,0.0007231736067194862,0.0007294148577892968
94,5,32,33,0.06653225806451613,0.5,1,0.3178104663835039,0.32166870386933094
94,5,32,33,0.06653225806451613,0.5,3,0.10351467106326391,0.10470884033381454
94,5,32,33,0.06653225806451613,0.5,5,0.06199395211907432,0.06270439588405347
94,5,32,33,0.06653225806451613,0.5,7,0.04425881371757106,0.04476500306761395
94,5,32,33,0.06653225806451613,0.5,9,0.0344162963415799,0.034809583899723925
94,5,32,33,0.06653225806451613,0.5,11,0.028155795777174683,0.028477402885438992
94,5,32,33,0.06653225806451613,0.5,13,0.02382267881722392,0.024094722985450918
94,5,32,33,0.06653225806451613,0.5,15,0.020645529928709862,0.02088125522404571
94,5,32,33,0.06653225806451613,0.5,17,0.01821617720171714,0.018424142743273916
94,5,32,33,0.06653225806451613,0.5,19,0.016298391980416434,0.016484449220839185
94,5,32,33,0.06653225806451613,1.0,1,1.0017454068271812,1.0153404703331004
94,5,32,33,0.06653225806451613,1.0,3,0.3091066263719619,0.31583176314108896
94,5,32,33,0.06653225806451613,1.0,5,0.1841687233428673,0.18857784970471997
94,5,32,33,0.06653225806451613,1.0,7,0.1312927999846603,0.13452299318826633
94,5,32,33,0.06653225806451613,1.0,9,0.102034463345856,0.10457339689208046
94,5,32,33,0.06653225806451613,1.0,11,0.08344869283120561,0.08553712798052106
94,5,32,33,0.06653225806451613,1.0,13,0.07059385572400205,0.07236643989125621
94,5,32,33,0.06653225806451613,1.0,15,0.06117232613994414,0.062711537804037
94,5,32,33,0.06653225806451613,1.0,17,0.05397026484540872,0.0553301493015155
94,5,32,33,0.06653225806451613,1.0,19,0.048285848284897744,0.04950369067240275
95,5,32,33,0.06653225806451613,0.1,1,0.012709826322178725,0.012746689705652412
95,5,32,33,0.06653225806451613,0.1,3,0.00423244255520985,0.004243470189259573
95,5,32,33,0.06653225806451613,0.1,5,0.0025392636565659513,0.002545727449738645
95,5,32,33,0.06653225806451613,0.1,7,0.0018137196790314262,0.0018182898297556035
95,5,32,33,0.06653225806451613,0.1,9,0.0014106579251776663,0.0014141922329045133
95,5,32,33,0.06653225806451613,0.1,11,0.0011541692634866108,0.001157050420867058
95,5,32,33,0.06653225806451613,0.1,13,0.0009766021104427563,0.0009790338320094473
95,5,32,33,0.06653225806451613,0.1,15,0.0008463870424531153,0.0008484906056635363
95,5,32,33,0.06653225806451613,0.1,17,0.0007468112323651122,0.0007486646663509326
95,5,32,33,0.06653225806451613,0.1,19,0.0006681989773483587,0.0006698554401442778
95,5,32,33,0.06653225806451613,0.5,1,0.29679926791732697,0.2981127529764193
95,5,32,33,0.06653225806451613,0.5,3,0.09656633337963551,0.09686654148066921
95,5,32,33,0.06653225806451613,0.5,5,0.05782660470906799,0.05798936813031065
95,5,32,33,0.06653225806451613,0.5,7,0.041282453023618694,0.04139344326752866
95,5,32,33,0.06653225806451613,0.5,9,0.03210144726471553,0.03218550951960811
95,5,32,33,0.06653225806451613,0.5,11,0.026261867663650972,0.026329472041235112
95,5,32,33,0.06653225806451613,0.5,13,0.022220142721291688,0.022276660740485926
95,5,32,33,0.06653225806451613,0.5,15,0.019256674978087314,0.019305222388592225
95,5,32,33,0.06653225806451613,0.5,17,0.016990722428092738,0.017033265429951622
95,5,32,33,0.06653225806451613,0.5,19,0.015201935740974337,0.0152397938696178
95,5,32,33,0.06653225806451613,1.0,1,0.9614709742389599,0.9657805550263051
95,5,32,33,0.06653225806451613,1.0,3,0.2970187643302434,0.2952086005466518
95,5,32,33,0.06653225806451613,1.0,5,0.17718159695933056,0.17593837449860342
95,5,32,33,0.06653225806451613,1.0,7,0.12635662966481384,0.12543917783395378
95,5,32,33,0.06653225806451613,1.0,9,0.09821247117097084,0.09748977426561917
95,5,32,33,0.06653225806451613,1.0,11,0.08032855174468607,0.07973358346944492
95,5,32,33,0.06653225806451613,1.0,13,0.06795699825127961,0.0674518271427428
95,5,32,33,0.06653225806451613,1.0,15,0.058888754725754444,0.05845002231413962
95,5,32,33,0.06653225806451613,1.0,17,0.051956312347316805,0.051568670152554244
95,5,32,33,0.06653225806451613,1.0,19,0.04648446830986719,0.04613731075140768
96,5,32,33,0.06653225806451613,0.1,1,0.013084432821631515,0.012863246486487054
96,5,32,33,0.06653225806451613,0.1,3,0.004357572907591806,0.004283400112132418
96,5,32,33,0.06653225806451613,0.1,5,0.002614356511026727,0.0025698302832051715
96,5,32,33,0.06653225806451613,0.1,7,0.0018673606652094283,0.0018355517543547813
96,5,32,33,0.06653225806451613,0.1,9,0.0014523798364988454,0.0014276381417822953
96,5,32,33,0.06653225806451613,0.1,11,0.0011883058915810175,0.001168062093818905
96,5,32,33,0.06653225806451613,0.1,13,0.0010054872238490606,0.0009883575678104788
96,5,32,33,0.06653225806451613,0.1,15,0.0008714209683275629,0.0008565751094067696
96,5,32,33,0.06653225806451613,0.1,17,0.0007689000923293653,0.0007558007124444983
96,5,32,33,0.06653225806451613,0.1,19,0.0006879627624020851,0.0006762422065030104
96,5,32,33,0.06653225806451613,0.5,1,0.30668962003314687,0.3028706288488823
96,5,32,33,0.06653225806451613,0.5,3,0.10006793328242328,0.0987991180843417
96,5,32,33,0.06653225806451613,0.5,5,0.05993952211794426,0.05917405574534868
96,5,32,33,0.06653225806451613,0.5,7,0.04279407305557619,0.04224629588771042
96,5,32,33,0.06653225806451613,0.5,9,0.03327792384058047,0.03285152844011898
96,5,32,33,0.06653225806451613,0.5,11,0.02722476107251404,0.026875744525218452
96,5,32,33,0.06653225806451613,0.5,13,0.023035056040351512,0.022739661450424643
96,5,32,33,0.06653225806451613,0.5,15,0.019963019171205482,0.01970697053863676
96,5,32,33,0.06653225806451613,0.5,17,0.01761401824846594,0.017388069270097794
96,5,32,33,0.06653225806451613,0.5,19,0.01575965358454329,0.015557473774043533
96,5,32,33,0.06653225806451613,1.0,1,1.0002957319106163,0.9982727381525726
96,5,32,33,0.06653225806451613,1.0,3,0.3116043779180825,0.31452033062954465
96,5,32,33,0.06653225806451613,1.0,5,0.18596281802962808,0.18779526118631593
96,5,32,33,0.06653225806451613,1.0,7,0.13263462095919998,0.1339542243433445
96,5,32,33,0.06653225806451613,1.0,9,0.10309758313124197,0.10412665864289367
96,5,32,33,0.06653225806451613,1.0,11,0.08432661492157008,0.08516956669640328
96,5,32,33,0.06653225806451613,1.0,13,0.07134066022695441,0.07205436516020391
96,5,32,33,0.06653225806451613,1.0,15,0.06182170525769112,0.06244047461449037
96,5,32,33,0.06653225806451613,1.0,17,0.05454451419953618,0.055090614820293995
96,5,32,33,0.06653225806451613,1.0,19,0.048800446043187416,0.04928914028184059
97,5,32,33,0.06653225806451613,0.1,1,0.013344825419092446,0.013313770569145893
97,5,32,33,0.06653225806451613,0.1,3,0.004443560831137761,0.004429256675401686
97,5,32,33,0.06653225806451613,0.1,5,0.0026658431986570272,0.0026567427878212637
97,5,32,33,0.06653225806451613,0.1,7,0.0019041037227654485,0.0018974420087255275
97,5,32,33,0.06653225806451613,0.1,9,0.0014809433089501083,0.0014756916616478473
97,5,32,33,0.06653225806451613,0.1,11,0.0012116684338469672,0.0012073348521036461
97,5,32,33,0.06653225806451613,0.1,13,0.0010252510771382463,0.0010215625900923129
97,5,32,33,0.06653225806451613,0.1,15,0.0008885468045165247,0.0008853363521968693
97,5,32,33,0.06653225806451613,0.1,17,0.0007840092065406095,0.0007811671530828875
97,5,32,33,0.06653225806451613,0.1,19,0.0007014800868835029,0.0006989306187308035
97,5,32,33,0.06653225806451613,0.5,1,0.311253901730188,0.3136998002116585
97,5,32,33,0.06653225806451613,0.5,3,0.10162400254324043,0.10234622855902428
97,5,32,33,0.06653225806451613,0.5,5,0.0608695850562415,0.06124682116414938
97,5,32,33,0.06653225806451613,0.5,7,0.04345655484309094,0.043706803454307115
97,5,32,33,0.06653225806451613,0.5,9,0.03379222839713627,0.03397821353204362
97,5,32,33,0.06653225806451613,0.5,11,0.027645006410021686,0.02779257131033907
97,5,32,33,0.06653225806451613,0.5,13,0.023390306925669683,0.023512435493213583
97,5,32,33,0.06653225806451613,0.5,15,0.020270677447527127,0.02037476863641485
97,5,32,33,0.06653225806451613,0.5,17,0.01788532454860996,0.017975978681629614
97,5,32,33,0.06653225806451613,0.5,19,0.016002288023368477,0.016082554097473296
97,5,32,33,0.06653225806451613,1.0,1,1.0031781017891255,1.0243621151614923
97,5,32,33,0.06653225806451613,1.0,3,0.31685441362908917,0.3274779361905561
97,5,32,33,0.06653225806451613,1.0,5,0.18927611725289575,0.1952717569936982
97,5,32,33,0.06653225806451613,1.0,7,0.13502591121377192,0.13916409643331762
97,5,32,33,0.06653225806451613,1.0,9,0.10496351855299854,0.10811441100666995
97,5,32,33,0.06653225806451613,1.0,11,0.08585508465015279,0.08839630811246864
97,5,32,33,0.06653225806451613,1.0,13,0.07263452161288247,0.07476267135579422
97,5,32,33,0.06653225806451613,1.0,15,0.06294316812881914,0.0647732576674171
97,5,32,33,0.06653225806451613,1.0,17,0.05553400518370249,0.057139012764267805
97,5,32,33,0.06653225806451613,1.0,19,0.04968569348959899,0.05111477972189861
98,5,32,33,0.06653225806451613,0.1,1,0.011751921441358608,0.012379871084320647
98,5,32,33,0.06653225806451613,0.1,3,0.003914061140082121,0.004122381030744876
98,5,32,33,0.06653225806451613,0.1,5,0.0023482810465291896,0.00247322507350767
98,5,32,33,0.06653225806451613,0.1,7,0.0016773129794580247,0.0017665492839054862
98,5,32,33,0.06653225806451613,0.1,9,0.001304566959802495,0.00137396995624563
98,5,32,33,0.06653225806451613,0.1,11,0.0010673689075506,0.0011241519273490958
98,5,32,33,0.06653225806451613,0.1,13,0.0009031563307657993,0.0009512028930199516
98,5,32,33,0.06653225806451613,0.1,15,0.0007827344124140254,0.0008243744355781374
98,5,32,33,0.06653225806451613,0.1,17,0.0006906473774844578,0.0007273883793335141
98,5,32,33,0.06653225806451613,0.1,19,0.0006179472561199323,0.0006508206617080938
98,5,32,33,0.06653225806451613,0.5,1,0.2757963704412005,0.2897067030376605
98,5,32,33,0.06653225806451613,0.5,3,0.09012648343068794,0.09412161915652305
98,5,32,33,0.06653225806451613,0.5,5,0.05399124297538807,0.056355954777165485
98,5,32,33,0.06653225806451613,0.5,7,0.03854855184855578,0.04023122867293777
98,5,32,33,0.06653225806451613,0.5,9,0.029976890359691963,0.031283586303558875
98,5,32,33,0.06653225806451613,0.5,11,0.02452434534993566,0.025592609468024705
98,5,32,33,0.06653225806451613,0.5,13,0.020750298010816924,0.021653799622688374
98,5,32,33,0.06653225806451613,0.5,15,0.017983009231691837,0.01876581870041473
98,5,32,33,0.06653225806451613,0.5,17,0.015867017685205768,0.01655759906914001
98,5,32,33,0.06653225806451613,0.5,19,0.014196589866381858,0.014814395117009273
98,5,32,33,0.06653225806451613,1.0,1,0.9090855517323504,0.9445831533871767
98,5,32,33,0.06653225806451613,1.0,3,0.2845666473821646,0.286565497038926
98,5,32,33,0.06653225806451613,1.0,5,0.1699284235605874,0.17032653360430416
98,5,32,33,0.06653225806451613,1.0,7,0.12121889281766389,0.12132913648479011
98,5,32,33,0.06653225806451613,1.0,9,0.09423071819183139,0.09425862387459952
98,5,32,33,0.06653225806451613,1.0,11,0.07707690469568604,0.07707535475406194
98,5,32,33,0.06653225806451613,1.0,13,0.06520872577863376,0.06519543253244137
98,5,32,33,0.06653225806451613,1.0,15,0.05650868774938672,0.05649061319899975
98,5,32,33,0.06653225806451613,1.0,17,0.04985733979599532,0.049837512072893136
98,5,32,33,0.06653225806451613,1.0,19,0.04460714937036612,0.04458696838134975
99,5,32,33,0.06653225806451613,0.1,1,0.01335069103447148,0.01396075720468177
99,5,32,33,0.06653225806451613,0.1,3,0.0044432479553100715,0.004649468664441908
99,5,32,33,0.06653225806451613,0.1,5,0.0026655654515530857,0.0027894449608177625
99,5,32,33,0.06653225806451613,0.1,7,0.0019038928932260078,0.0019924071778698376
99,5,32,33,0.06653225806451613,0.1,9,0.0014807770866364371,0.001549630699629116
99,5,32,33,0.06653225806451613,0.1,11,0.0012115322292321473,0.0012678707545004187
99,5,32,33,0.06653225806451613,0.1,13,0.001025136081180412,0.0010728089415865552
99,5,32,33,0.06653225806451613,0.1,15,0.0008884474720502953,0.0009297649159457546
99,5,32,33,0.06653225806451613,0.1,17,0.0007839218688612485,0.0008203789973944247
99,5,32,33,0.06653225806451613,0.1,19,0.0007014022075585201,0.0007340220897091056
99,5,32,33,0.06653225806451613,0.5,1,0.3108034828558672,0.32483385689980016
99,5,32,33,0.06653225806451613,0.5,3,0.10020374245639305,0.10620999238671104
99,5,32,33,0.06653225806451613,0.5,5,0.0599205830176233,0.06362059795791797
99,5,32,33,0.06653225806451613,0.5,7,0.042754230737575505,0.04542172674613298
99,5,32,33,0.06653225806451613,0.5,9,0.03323648707646378,0.03532085809237752
99,5,32,33,0.06653225806451613,0.5,11,0.02718570306305906,0.028895818985631063
99,5,32,33,0.06653225806451613,0.5,13,0.022999097966214507,0.02444876693870352
99,5,32,33,0.06653225806451613,0.5,15,0.01993005707848527,0.021188066155736433
99,5,32,33,0.06653225806451613,0.5,17,0.017583746143166254,0.018694826383139865
99,5,32,33,0.06653225806451613,0.5,19,0.015731743007163686,0.01672660988565982
99,5,32,33,0.06653225806451613,1.0,1,0.9913927058866326,1.0372699323390686
99,5,32,33,0.06653225806451613,1.0,3,0.29144128371197064,0.32457112159000195
99,5,32,33,0.06653225806451613,1.0,5,0.17262092139266053,0.19356491376546742
99,5,32,33,0.06653225806451613,1.0,7,0.1228326117929643,0.13801977768055937
99,5,32,33,0.06653225806451613,1.0,9,0.09538104962849549,0.10726876247214925
99,5,32,33,0.06653225806451613,1.0,11,0.07797293283370245,0.08773106008221414
99,5,32,33,0.06653225806451613,1.0,13,0.06594423402492466,0.0742167140988329
99,5,32,33,0.06653225806451613,1.0,15,0.057133472784838206,0.06431145675905887
99,5,32,33,0.06653225806451613,1.0,17,0.050400981764565256,0.05673950285681344
99,5,32,33,0.06653225806451613,1.0,19,0.0450886701122734,0.05076310738128643
100,5,32,33,0.06653225806451613,0.1,1,0.01341802376390143,0.012769693661629757
100,5,32,33,0.06653225806451613,0.1,3,0.004465204285588713,0.004249057785589165
100,5,32,33,0.06653225806451613,0.1,5,0.0026784370582090865,0.002548829891916234
100,5,32,33,0.06653225806451613,0.1,7,0.0019129748802916024,0.0018204292894760572
100,5,32,33,0.06653225806451613,0.1,9,0.0014877884397490892,0.0014158231733071474
100,5,32,33,0.06653225806451613,0.1,11,0.0012172402695349597,0.0011583676023584016
100,5,32,33,0.06653225806451613,0.1,13,0.001029948776827085,0.000980138280802031
100,5,32,33,0.06653225806451613,0.1,15,0.0008926073376299168,0.0008494413825479218
100,5,32,33,0.06653225806451613,0.1,17,0.0007875847148874852,0.0007494992608148262
100,5,32,33,0.06653225806451613,0.1,19,0.0007046740460636478,0.0006705991266715443
100,5,32,33,0.06653225806451613,0.5,1,0.31541318640496235,0.2993966688811433
100,5,32,33,0.06653225806451613,0.5,3,0.10301810161493216,0.09718650885324735
100,5,32,33,0.06653225806451613,0.5,5,0.06166894548743698,0.058154319372740966
100,5,32,33,0.06653225806451613,0.5,7,0.044013753479440115,0.04150155306176906
100,5,32,33,0.06653225806451613,0.5,9,0.034219186062600014,0.03226510916155866
100,5,32,33,0.06653225806451613,0.5,11,0.02799085382499493,0.02639217641164323
100,5,32,33,0.06653225806451613,0.5,13,0.023680854449722292,0.02232826585004084
100,5,32,33,0.06653225806451613,0.5,15,0.020521131616618463,0.019349008821617126
100,5,32,33,0.06653225806451613,0.5,17,0.018105388256842783,0.017071260153390454
100,5,32,33,0.06653225806451613,0.5,19,0.01619852707434062,0.015273332744786934
100,5,32,33,0.06653225806451613,1.0,1,1.0313471755071413,0.9754644344670657
100,5,32,33,0.06653225806451613,1.0,3,0.327378885807306,0.30547262843594764
100,5,32,33,0.06653225806451613,1.0,5,0.19551233771846072,0.18217703792546114
100,5,32,33,0.06653225806451613,1.0,7,0.13944517177005075,0.1298688657439573
100,5,32,33,0.06653225806451613,1.0,9,0.10838266551979257,0.10091434364863923
100,5,32,33,0.06653225806451613,1.0,11,0.08864221811911249,0.08252201162569878
100,5,32,33,0.06653225806451613,1.0,13,0.07498641801339165,0.06980235408655958
100,5,32,33,0.06653225806451613,1.0,15,0.06497720235478634,0.06048103533002113
100,5,32,33,0.06653225806451613,1.0,17,0.05732576434365773,0.053356395772616215
100,5,32,33,0.06653225806451613,1.0,19,0.0512866925907354,0.047733665450295705
101,5,32,33,0.06653225806451613,0.1,1,0.012208581973259577,0.012210201631870251
101,5,32,33,0.06653225806451613,0.1,3,0.004065633078012574,0.004066550965292057
101,5,32,33,0.06653225806451613,0.1,5,0.0024391889397474774,0.0024397424484391313
101,5,32,33,0.06653225806451613,0.1,7,0.0017422394419307782,0.0017426325314437276
101,5,32,33,0.06653225806451613,0.1,9,0.0013550625856364057,0.001355366708271318
101,5,32,33,0.06653225806451613,0.1,11,0.0011086822736294643,0.0011089300688390514
101,5,32,33,0.06653225806451613,0.1,13,0.0009381131416922661,0.0009383221356268517
101,5,32,33,0.06653225806451613,0.1,15,0.0008130299327951376,0.0008132105959363125
101,5,32,33,0.06653225806451613,0.1,17,0.0007173784772716088,0.0007175375553673626
101,5,32,33,0.06653225806451613,0.1,19,0.0006418643941160569,0.0006420064844222169
101,5,32,33,0.06653225806451613,0.5,1,0.28552116205816963,0.285949220571629
101,5,32,33,0.06653225806451613,0.5,3,0.09315640530743306,0.09361947860039639
101,5,32,33,0.06653225806451613,0.5,5,0.05580247266002396,0.056095113311787466
101,5,32,33,0.06653225806451613,0.5,7,0.03984095992989784,0.04005310911482737
101,5,32,33,0.06653225806451613,0.5,9,0.030981653921443798,0.031147651916204517
101,5,32,33,0.06653225806451613,0.5,11,0.025346232074300905,0.025482461594347132
101,5,32,33,0.06653225806451613,0.5,13,0.021445642096800357,0.021561115900592783
101,5,32,33,0.06653225806451613,0.5,15,0.0185855844880746,0.018685773158457923
101,5,32,33,0.06653225806451613,0.5,17,0.016398666916570735,0.01648713513917305
101,5,32,33,0.06653225806451613,0.5,19,0.014672253144314635,0.014751451138284296
101,5,32,33,0.06653225806451613,1.0,1,0.9340570513325486,0.9386470613412166
101,5,32,33,0.06653225806451613,1.0,3,0.29616646772815713,0.30020076790093314
101,5,32,33,0.06653225806451613,1.0,5,0.17700358723379228,0.17921583856136092
101,5,32,33,0.06653225806451613,1.0,7,0.12628954931357037,0.12780532509092551
101,5,32,33,0.06653225806451613,1.0,9,0.09817847955037247,0.09933041686491827
101,5,32,33,0.06653225806451613,1.0,11,0.080307917600212,0.08123673162922636
101,5,32,33,0.06653225806451613,1.0,13,0.06794287470997488,0.06872095327801232
101,5,32,33,0.06653225806451613,1.0,15,0.058878247054388884,0.059547684292958994
101,5,32,33,0.06653225806451613,1.0,17,0.05194801598037254,0.052535437430276825
101,5,32,33,0.06653225806451613,1.0,19,0.04647762820065166,0.047000940525172764
102,5,32,33,0.06653225806451613,0.1,1,0.015894552147975177,0.0157976234374518
102,5,32,33,0.06653225806451613,0.1,3,0.005288206317394675,0.005259465229511206
102,5,32,33,0.06653225806451613,0.1,5,0.003172051065848062,0.0031553396973933467
102,5,32,33,0.06653225806451613,0.1,7,0.0022655070727146034,0.0022537413814873093
102,5,32,33,0.06653225806451613,0.1,9,0.0017619604841648201,0.0017528848528296735
102,5,32,33,0.06653225806451613,0.1,11,0.0014415531050437187,0.0014341673587887419
102,5,32,33,0.06653225806451613,0.1,13,0.0012197464246558362,0.0012135204300093728
102,5,32,33,0.06653225806451613,0.1,15,0.0010570952086457076,0.001051714355098934
102,5,32,33,0.06653225806451613,0.1,17,0.0009327188042568519,0.0009279811613768619
102,5,32,33,0.06653225806451613,0.1,19,0.0008345292846337257,0.0008302975473034103
102,5,32,33,0.06653225806451613,0.5,1,0.36959810208627014,0.359368684162686
102,5,32,33,0.06653225806451613,0.5,3,0.1200774720065656,0.11691618050763049
102,5,32,33,0.06653225806451613,0.5,5,0.07185701028727655,0.07001746958072941
102,5,32,33,0.06653225806451613,0.5,7,0.05128082968019022,0.04998430606559367
102,5,32,33,0.06653225806451613,0.5,9,0.03986784536990723,0.03886693305752156
102,5,32,33,0.06653225806451613,0.5,11,0.03261091221527492,0.0317958745626196
102,5,32,33,0.06653225806451613,0.5,13,0.027589311376061097,0.02690193905475341
102,5,32,33,0.06653225806451613,0.5,15,0.023907981378860885,0.023313702819453545
102,5,32,33,0.06653225806451613,0.5,17,0.021093483386298188,0.020570093566694602
102,5,32,33,0.06653225806451613,0.5,19,0.018871884677969866,0.018404275861003114
102,5,32,33,0.06653225806451613,1.0,1,1.1678210110855332,1.0892638581910192
102,5,32,33,0.06653225806451613,1.0,3,0.3642806328030759,0.358660908937675
102,5,32,33,0.06653225806451613,1.0,5,0.21713319419157137,0.21495896613559656
102,5,32,33,0.06653225806451613,1.0,7,0.1547620540836137,0.15344921487762728
102,5,32,33,0.06653225806451613,1.0,9,0.12024687930202921,0.11930531329739544
102,5,32,33,0.06653225806451613,1.0,11,0.09832547791633153,0.09758932478326626
102,5,32,33,0.06653225806451613,1.0,13,0.08316659816649957,0.08256101596416056
102,5,32,33,0.06653225806451613,1.0,15,0.07205847580193186,0.0715434264436843
102,5,32,33,0.06653225806451613,1.0,17,0.06356853500028449,0.06312007579188571
102,5,32,33,0.06653225806451613,1.0,19,0.05686857794118062,0.05647122890873112
103,5,32,33,0.06653225806451613,0.1,1,0.01286641544988681,0.01324576178098274
103,5,32,33,0.06653225806451613,0.1,3,0.004283759446451193,0.004405419714101241
103,5,32,33,0.06653225806451613,0.1,5,0.0025699414708271807,0.0026423349182038347
103,5,32,33,0.06653225806451613,0.1,7,0.001835597602423587,0.0018871212755212892
103,5,32,33,0.06653225806451613,0.1,9,0.0014276589724227992,0.0014676523426052548
103,5,32,33,0.06653225806451613,0.1,11,0.0011680713185599633,0.0012007511292377547
103,5,32,33,0.06653225806451613,0.1,13,0.0009883607558030649,0.0010159882504098276
103,5,32,33,0.06653225806451613,0.1,15,0.0008565749207838533,0.000880503069187623
103,5,32,33,0.06653225806451613,0.1,17,0.0007557985460174524,0.0007769010321188968
103,5,32,33,0.06653225806451613,0.1,19,0.0006762388507651468,0.0006951125416885419
103,5,32,33,0.06653225806451613,0.5,1,0.3006874448381656,0.31215155894216995
103,5,32,33,0.06653225806451613,0.5,3,0.09802237753332925,0.10167222109789259
103,5,32,33,0.06653225806451613,0.5,5,0.05869954359792621,0.060806739754776476
103,5,32,33,0.06653225806451613,0.5,7,0.0419035625830443,0.04338091774065055
103,5,32,33,0.06653225806451613,0.5,9,0.03258302539302819,0.03371973739236183
103,5,32,33,0.06653225806451613,0.5,11,0.026654959172445036,0.027578494474754103
103,5,32,33,0.06653225806451613,0.5,13,0.022552160475514123,0.023329781922513015
103,5,32,33,0.06653225806451613,0.5,15,0.019544018643567616,0.02021551385104583
103,5,32,33,0.06653225806451613,0.5,17,0.0172439750863289,0.017834818797518002
103,5,32,33,0.06653225806451613,0.5,19,0.0154283214074297,0.01595580251788848
103,5,32,33,0.06653225806451613,1.0,1,0.9761223361234946,1.0226949066175754
103,5,32,33,0.06653225806451613,1.0,3,0.311912663391567,0.33149306621414487
103,5,32,33,0.06653225806451613,1.0,5,0.18641419663886274,0.1977721520907296
103,5,32,33,0.06653225806451613,1.0,7,0.1329866754087643,0.1409411141650897
103,5,32,33,0.06653225806451613,1.0,9,0.10337515594840047,0.10948571444154542
103,5,32,33,0.06653225806451613,1.0,11,0.08455308447871852,0.08951065592514482
103,5,32,33,0.06653225806451613,1.0,13,0.07153095201748101,0.07570037793584004
103,5,32,33,0.06653225806451613,1.0,15,0.06198535071826247,0.06558231015552973
103,5,32,33,0.06653225806451613,1.0,17,0.05468783691481505,0.05785027907003067
103,5,32,33,0.06653225806451613,1.0,19,0.04892781205142862,0.05174925303317418
104,5,32,33,0.06653225806451613,0.1,1,0.012222956187459486,0.012456571630794713
104,5,32,33,0.06653225806451613,0.1,3,0.004066497930095361,0.004142543988782724
104,5,32,33,0.06653225806451613,0.1,5,0.0024395204353697335,0.002485040112506569
104,5,32,33,0.06653225806451613,0.1,7,0.0017424400821832093,0.0017749323819452533
104,5,32,33,0.06653225806451613,0.1,9,0.0013552073186374712,0.0013804720923691193
104,5,32,33,0.06653225806451613,0.1,11,0.0011087961064057297,0.0011294643700749017
104,5,32,33,0.06653225806451613,0.1,13,0.000938207280736783,0.0009556943905212878
104,5,32,33,0.06653225806451613,0.1,15,0.0008131103614709668,0.0008282650831490196
104,5,32,33,0.06653225806451613,0.1,17,0.0007174487767741094,0.000730820133620753
104,5,32,33,0.06653225806451613,0.1,19,0.0006419268853769246,0.0006538904444944979
104,5,32,33,0.06653225806451613,0.5,1,0.28811858494973813,0.29438932164745524
104,5,32,33,0.06653225806451613,0.5,3,0.09173907587513347,0.09393590212065267
104,5,32,33,0.06653225806451613,0.5,5,0.05478580838394519,0.056115995548197455
104,5,32,33,0.06653225806451613,0.5,7,0.039078265053017855,0.04003261641245797
104,5,32,33,0.06653225806451613,0.5,9,0.030375859393858614,0.03112017631932045
104,5,32,33,0.06653225806451613,0.5,11,0.024845036888745342,0.025455166868310352
104,5,32,33,0.06653225806451613,0.5,13,0.0210187042517962,0.021535668632453927
104,5,32,33,0.06653225806451613,0.5,15,0.01821394404347393,0.01866243778228361
104,5,32,33,0.06653225806451613,0.5,17,0.016069744915808325,0.01646578903438454
104,5,32,33,0.06653225806451613,0.5,19,0.01437729807159318,0.014731877530187404
104,5,32,33,0.06653225806451613,1.0,1,0.9593836578520606,0.9694143953641325
104,5,32,33,0.06653225806451613,1.0,3,0.28360467753170515,0.2894795283672893
104,5,32,33,0.06653225806451613,1.0,5,0.1662302034834929,0.17022593575375797
104,5,32,33,0.06653225806451613,1.0,7,0.11761266103383866,0.12062519905666466
104,5,32,33,0.06653225806451613,1.0,9,0.09100937987823862,0.0934359005235157
104,5,32,33,0.06653225806451613,1.0,11,0.07422483987962711,0.07626317867422226
104,5,32,33,0.06653225806451613,1.0,13,0.06266890714606303,0.06443058668172484
104,5,32,33,0.06653225806451613,1.0,15,0.054227233903236936,0.055781158404406735
104,5,32,33,0.06653225806451613,1.0,17,0.047790209247605624,0.04918196266421131
104,5,32,33,0.06653225806451613,1.0,19,0.04271946078632596,0.04398081962988232
105,5,32,33,0.06653225806451613,0.1,1,0.011098293820875202,0.012012243134865718
105,5,32,33,0.06653225806451613,0.1,3,0.0036968945785840843,0.0040033426759423524
105,5,32,33,0.06653225806451613,0.1,5,0.0022180154735954747,0.0024019701492220998
105,5,32,33,0.06653225806451613,0.1,7,0.001584272910091047,0.0017156859858813126
105,5,32,33,0.06653225806451613,0.1,9,0.001232204628376211,0.0013344202000104602
105,5,32,33,0.06653225806451613,0.1,11,0.0010081642612370975,0.0010917974204474237
105,5,32,33,0.06653225806451613,0.1,13,0.0008530605284202896,0.0009238281363590214
105,5,32,33,0.06653225806451613,0.1,15,0.000739318287930336,0.0008006508067302295
105,5,32,33,0.06653225806451613,0.1,17,0.0006523391724315321,0.000706456449829875
105,5,32,33,0.06653225806451613,0.1,19,0.0005836715815883341,0.0006320925224447387
105,5,32,33,0.06653225806451613,0.5,1,0.2594827893170744,0.28517400723925085
105,5,32,33,0.06653225806451613,0.5,3,0.08524653127974507,0.09470877238407494
105,5,32,33,0.06653225806451613,0.5,5,0.05109446957414828,0.056807505081065204
105,5,32,33,0.06653225806451613,0.5,7,0.03648563148752127,0.04057327018717066
105,5,32,33,0.06653225806451613,0.5,9,0.028374388405305873,0.03155585909350699
105,5,32,33,0.06653225806451613,0.5,11,0.023214033355633774,0.0258179622011084
105,5,32,33,0.06653225806451613,0.5,13,0.019641974727776467,0.02184574015844107
105,5,32,33,0.06653225806451613,0.5,15,0.017022681202271808,0.01893285086810567
105,5,32,33,0.06653225806451613,0.5,17,0.015019798491732987,0.016705383550455363
105,5,32,33,0.06653225806451613,0.5,19,0.013438632628489799,0.014946876258672243
105,5,32,33,0.06653225806451613,1.0,1,0.8602342537903603,0.9639410438490152
105,5,32,33,0.06653225806451613,1.0,3,0.27897162851148766,0.3197363423232528
105,5,32,33,0.06653225806451613,1.0,5,0.16720862668949305,0.1916093181233018
105,5,32,33,0.06653225806451613,1.0,7,0.11939928779550091,0.13681431921397164
105,5,32,33,0.06653225806451613,1.0,9,0.0928546461469865,0.10639491029177912
105,5,32,33,0.06653225806451613,1.0,11,0.0759672115301514,0.08704358776310787
105,5,32,33,0.06653225806451613,1.0,13,0.06427762011211614,0.07364894146743084
105,5,32,33,0.06653225806451613,1.0,15,0.055706002930711755,0.06382726838400092
105,5,32,33,0.06653225806451613,1.0,17,0.049151607169413275,0.0563171058021372
105,5,32,33,0.06653225806451613,1.0,19,0.0439772839737016,0.05038831573606959
106,5,32,33,0.06653225806451613,0.1,1,0.012809930512038478,0.012755737561807368
106,5,32,33,0.06653225806451613,0.1,3,0.004265809037679052,0.004247614303462918
106,5,32,33,0.06653225806451613,0.1,5,0.00255924413823081,0.002548322644857375
106,5,32,33,0.06653225806451613,0.1,7,0.001827976481765352,0.0018201748588456414
106,5,32,33,0.06653225806451613,0.1,9,0.001421739493373939,0.0014156715037819065
106,5,32,33,0.06653225806451613,0.1,11,0.0011632321482028909,0.001158267453281675
106,5,32,33,0.06653225806451613,0.1,13,0.0009842683791112588,0.0009800675189142536
106,5,32,33,0.06653225806451613,0.1,15,0.0008530296324653141,0.0008493889192910081
106,5,32,33,0.06653225806451613,0.1,17,0.000752671306986723,0.0007494589397627523
106,5,32,33,0.06653225806451613,0.1,19,0.0006734414628752688,0.0006705672611808291
106,5,32,33,0.06653225806451613,0.5,1,0.2997208224362742,0.29818730096142815
106,5,32,33,0.06653225806451613,0.5,3,0.0978774718554028,0.09736379345993454
106,5,32,33,0.06653225806451613,0.5,5,0.058625875263999226,0.05831434854482907
106,5,32,33,0.06653225806451613,0.5,7,0.041854921017466545,0.04163088573314636
106,5,32,33,0.06653225806451613,0.5,9,0.032546911407779607,0.032371906678519836
106,5,32,33,0.06653225806451613,0.5,11,0.026626307523318998,0.026482699030846622
106,5,32,33,0.06653225806451613,0.5,13,0.022528442620885585,0.0224066688671439
106,5,32,33,0.06653225806451613,0.5,15,0.019523797847182573,0.019418091105736942
106,5,32,33,0.06653225806451613,0.5,17,0.017226359287527398,0.017132971810250534
106,5,32,33,0.06653225806451613,0.5,19,0.015412719749848706,0.015329078679813646
106,5,32,33,0.06653225806451613,1.0,1,0.9766898657236814,0.9730488961410626
106,5,32,33,0.06653225806451613,1.0,3,0.3065899469975779,0.30971142064152685
106,5,32,33,0.06653225806451613,1.0,5,0.1828057935254507,0.18496812407575766
106,5,32,33,0.06653225806451613,1.0,7,0.13032374346949224,0.13192565054982147
106,5,32,33,0.06653225806451613,1.0,9,0.1012748620129631,0.10253875078801
106,5,32,33,0.06653225806451613,1.0,11,0.08282181848802461,0.08386310071170414
106,5,32,33,0.06653225806451613,1.0,13,0.07005939461558189,0.07094384030078615
106,5,32,33,0.06653225806451613,1.0,15,0.060706176473662964,0.06147444209501495
106,5,32,33,0.06653225806451613,1.0,17,0.05355677168268707,0.0542356326198944
106,5,32,33,0.06653225806451613,1.0,19,0.047914232101065254,0.04852221618196126
107,5,32,33,0.06653225806451613,0.1,1,0.017972987711395837,0.01581849609068329
107,5,32,33,0.06653225806451613,0.1,3,0.0059660820578046805,0.0052666533004205535
107,5,32,33,0.06653225806451613,0.1,5,0.0035769539992695928,0.003159398155842206
107,5,32,33,0.06653225806451613,0.1,7,0.0025541641213452297,0.0022565421549627742
107,5,32,33,0.06653225806451613,0.1,9,0.0019862295888135972,0.0017550167566907392
107,5,32,33,0.06653225806451613,0.1,11,0.0016249199746638987,0.0014358862065475834
107,5,32,33,0.06653225806451613,0.1,13,0.001374829150766924,0.001214959460982974
107,5,32,33,0.06653225806451613,0.1,15,0.0011914532874954516,0.001052951526096832
107,5,32,33,0.06653225806451613,0.1,17,0.0010512383655783867,0.0009290659343565284
107,5,32,33,0.06653225806451613,0.1,19,0.0009405507186133803,0.0008312632367167986
107,5,32,33,0.06653225806451613,0.5,1,0.41543378229299904,0.3654055863243401
107,5,32,33,0.06653225806451613,0.5,3,0.1340924967681205,0.12036167212934173
107,5,32,33,0.06653225806451613,0.5,5,0.08003644860509156,0.07209633410059924
107,5,32,33,0.06653225806451613,0.5,7,0.057049913270513,0.051465451801348795
107,5,32,33,0.06653225806451613,0.5,9,0.0443227111591285,0.04001594674741652
107,5,32,33,0.06653225806451613,0.5,11,0.03623890611990175,0.03273401660544662
107,5,32,33,0.06653225806451613,0.5,13,0.030649208387938713,0.027694449656779984
107,5,32,33,0.06653225806451613,0.5,15,0.026553552734891996,0.023999649179364056
107,5,32,33,0.06653225806451613,0.5,17,0.02342352432110541,0.021174701218467665
107,5,32,33,0.06653225806451613,0.5,19,0.020953625239915192,0.0189447703205647
107,5,32,33,0.06653225806451613,1.0,1,1.2538796741591507,1.1454976810908912
107,5,32,33,0.06653225806451613,1.0,3,0.4012276244172062,0.377485122687476
107,5,32,33,0.06653225806451613,1.0,5,0.23810129236135408,0.2252615846719617
107,5,32,33,0.06653225806451613,1.0,7,0.16925314516119574,0.16055628626482094
107,5,32,33,0.06653225806451613,1.0,9,0.13128592507069353,0.1247373460779957
107,5,32,33,0.06653225806451613,1.0,11,0.10723046079620502,0.10198822768567525
107,5,32,33,0.06653225806451613,1.0,13,0.09062487340632172,0.08625825540234927
107,5,32,33,0.06653225806451613,1.0,15,0.07847253423875183,0.07473267089383674
107,5,32,33,0.06653225806451613,1.0,17,0.06919390215767099,0.06592438386207752
107,5,32,33,0.06653225806451613,1.0,19,0.06187744266863546,0.05897369991259237
108,5,32,33,0.06653225806451613,0.1,1,0.01299324978407253,0.012395355838501142
108,5,32,33,0.06653225806451613,0.1,3,0.004326961782638467,0.004127236752784523
108,5,32,33,0.06653225806451613,0.1,5,0.002595978237557179,0.002476123754572366
108,5,32,33,0.06653225806451613,0.1,7,0.0018542310204735961,0.001768616865898293
108,5,32,33,0.06653225806451613,0.1,9,0.001442167149962114,0.0013755771457931352
108,5,32,33,0.06653225806451613,0.1,11,0.0011799497499702667,0.0011254665155117603
108,5,32,33,0.06653225806451613,0.1,13,0.0009984164928857472,0.0009523150494247169
108,5,32,33,0.06653225806451613,0.1,15,0.0008652929201095248,0.000825338202551498
108,5,32,33,0.06653225806451613,0.1,17,0.0007634929429573614,0.0007282387018602991
108,5,32,33,0.06653225806451613,0.1,19,0.0006831247565283277,0.0006515814388950994
108,5,32,33,0.06653225806451613,0.5,1,0.30496816095389584,0.29123673309071696
108,5,32,33,0.06653225806451613,0.5,3,0.0996394380512622,0.09452895670780898
108,5,32,33,0.06653225806451613,0.5,5,0.05968884855767648,0.05659903570521468
108,5,32,33,0.06653225806451613,0.5,7,0.04261627353451105,0.04040477919366609
108,5,32,33,0.06653225806451613,0.5,9,0.03314003527568423,0.03141856487658811
108,5,32,33,0.06653225806451613,0.5,11,0.02711210859769491,0.025703048132293144
108,5,32,33,0.06653225806451613,0.5,13,0.02293981517760878,0.02174724952003916
108,5,32,33,0.06653225806451613,0.5,15,0.019880520824699342,0.018846809912740983
108,5,32,33,0.06653225806451613,0.5,17,0.017541251373114387,0.0166290627946035
108,5,32,33,0.06653225806451613,0.5,19,0.015694562553190284,0.01487833695718804
108,5,32,33,0.06653225806451613,1.0,1,0.9969896962142997,0.961315223973392
108,5,32,33,0.06653225806451613,1.0,3,0.3133070641800633,0.29584945398264023
108,5,32,33,0.06653225806451613,1.0,5,0.1870278238676431,0.1764492292235284
108,5,32,33,0.06653225806451613,1.0,7,0.13340324475446833,0.12583147392845356
108,5,32,33,0.06653225806451613,1.0,9,0.10369791227191517,0.09780423502539212
108,5,32,33,0.06653225806451613,1.0,11,0.08481883268783377,0.07999494805067933
108,5,32,33,0.06653225806451613,1.0,13,0.07175765830584102,0.06767506369704336
108,5,32,33,0.06653225806451613,1.0,15,0.06218337896891838,0.05864467758151128
108,5,32,33,0.06653225806451613,1.0,17,0.054863800531104845,0.05174115276591428
108,5,32,33,0.06653225806451613,1.0,19,0.04908622525535962,0.0462921127002349
109,5,32,33,0.06653225806451613,0.1,1,0.012965319078432179,0.012852118993666294
109,5,32,33,0.06653225806451613,0.1,3,0.0043171954297575345,0.004279078810758581
109,5,32,33,0.06653225806451613,0.1,5,0.002590050945735498,0.0025671979195150702
109,5,32,33,0.06653225806451613,0.1,7,0.0018499754006669484,0.0018336616233982851
109,5,32,33,0.06653225806451613,0.1,9,0.0014388475403471197,0.0014261642206445143
109,5,32,33,0.06653225806451613,0.1,11,0.0011772285883723612,0.0011668543047141278
109,5,32,33,0.06653225806451613,0.1,13,0.0009961109444102617,0.0009873345584143925
109,5,32,33,0.06653225806451613,0.1,15,0.0008632928409075412,0.0008556878674253729
109,5,32,33,0.06653225806451613,0.1,17,0.0007617268533815099,0.0007550174359269469
109,5,32,33,0.06653225806451613,0.1,19,0.0006815436394003264,0.0006755410927624914
109,5,32,33,0.06653225806451613,0.5,1,0.3029806997636093,0.29963654002548307
109,5,32,33,0.06653225806451613,0.5,3,0.09885220118047365,0.09730002802951508
109,5,32,33,0.06653225806451613,0.5,5,0.059210603973027014,0.05826791580907785
109,5,32,33,0.06653225806451613,0.5,7,0.04227292638024266,0.041597847228794796
109,5,32,33,0.06653225806451613,0.5,9,0.03287222713491988,0.03234675826042002
109,5,32,33,0.06653225806451613,0.5,11,0.026892592397771295,0.026462554886075223
109,5,32,33,0.06653225806451613,0.5,13,0.02275383383106657,0.022389932662428846
109,5,32,33,0.06653225806451613,0.5,15,0.019719185264921217,0.019403807739599297
109,5,32,33,0.06653225806451613,0.5,17,0.017398793443360205,0.01712053078344369
109,5,32,33,0.06653225806451613,0.5,19,0.015567027045464046,0.015318068516025251
109,5,32,33,0.06653225806451613,1.0,1,0.9830573317098822,0.9742724506159872
109,5,32,33,0.06653225806451613,1.0,3,0.3116232276974254,0.3104966286562397
109,5,32,33,0.06653225806451613,1.0,5,0.1862680570614626,0.185667979428546
109,5,32,33,0.06653225806451613,1.0,7,0.13290080024083967,0.132501039228489
109,5,32,33,0.06653225806451613,1.0,9,0.10331748331593889,0.10301989287315867
109,5,32,33,0.06653225806451613,1.0,11,0.08451089305171745,0.0842737194815177
109,5,32,33,0.06653225806451613,1.0,13,0.0714982553966606,0.07130102509218585
109,5,32,33,0.06653225806451613,1.0,15,0.061958953021777605,0.061790108148277324
109,5,32,33,0.06653225806451613,1.0,17,0.05466586712039564,0.05451824122629607
109,5,32,33,0.06653225806451613,1.0,19,0.04890909581785778,0.0487779370617861
110,5,32,33,0.06653225806451613,0.1,1,0.01355155953130612,0.013164532654971455
110,5,32,33,0.06653225806451613,0.1,3,0.004514534318275064,0.004371897433626605
110,5,32,33,0.06653225806451613,0.1,5,0.0027085936330524143,0.0026221119404506205
110,5,32,33,0.06653225806451613,0.1,7,0.001934684759896613,0.0018727256188861214
110,5,32,33,0.06653225806451613,0.1,9,0.0015047468190935586,0.0014564956354452586
110,5,32,33,0.06653225806451613,0.1,11,0.0012311531775839955,0.0011916495814078853
110,5,32,33,0.06653225806451613,0.1,13,0.0010417433852182348,0.0010083048738312585
110,5,32,33,0.06653225806451613,0.1,15,0.0009028433911043159,0.000873856592918217
110,5,32,33,0.06653225806451613,0.1,17,0.0007966260049499761,0.0007710454284701419
110,5,32,33,0.06653225806451613,0.1,19,0.0007127703118998702,0.000689879921772563
110,5,32,33,0.06653225806451613,0.5,1,0.3132664567203747,0.31569308606354435
110,5,32,33,0.06653225806451613,0.5,3,0.10299523825353211,0.10121878839092234
110,5,32,33,0.06653225806451613,0.5,5,0.06173296839198639,0.06043661309950705
110,5,32,33,0.06653225806451613,0.5,7,0.04408241657772856,0.04309758665980263
110,5,32,33,0.06653225806451613,0.5,9,0.034282310110270546,0.03349479021050106
110,5,32,33,0.06653225806451613,0.5,11,0.028047501584596148,0.027393539860703715
110,5,32,33,0.06653225806451613,0.5,13,0.023731693179580987,0.023173432191300344
110,5,32,33,0.06653225806451613,0.5,15,0.020567028078985555,0.020080450688702452
110,5,32,33,0.06653225806451613,0.5,17,0.018147118677438196,0.0177161294973888
110,5,32,33,0.06653225806451613,0.5,19,0.016236733161152254,0.015850056896915814
110,5,32,33,0.06653225806451613,1.0,1,0.988119490943367,1.058015991864413
110,5,32,33,0.06653225806451613,1.0,3,0.318366261369698,0.32343393776795865
110,5,32,33,0.06653225806451613,1.0,5,0.19050914467695884,0.1922323914361526
110,5,32,33,0.06653225806451613,1.0,7,0.1359747386870687,0.13687277527635822
110,5,32,33,0.06653225806451613,1.0,9,0.10572474266528822,0.1062945580384515
110,5,32,33,0.06653225806451613,1.0,11,0.08648816432325909,0.0868931758547657
110,5,32,33,0.06653225806451613,1.0,13,0.07317551038257157,0.07348521836435652
110,5,32,33,0.06653225806451613,1.0,15,0.06341508137651851,0.06366412486838742
110,5,32,33,0.06653225806451613,1.0,17,0.055952302664604034,0.056159938863060414
110,5,32,33,0.06653225806451613,1.0,19,0.05006121731704792,0.05023905109302581
111,5,32,33,0.06653225806451613,0.1,1,0.013359782656670956,0.01421548746108029
111,5,32,33,0.06653225806451613,0.1,3,0.004446862185388619,0.0047342590313183015
111,5,32,33,0.06653225806451613,0.1,5,0.0026676700810506714,0.0028402723323254254
111,5,32,33,0.06653225806451613,0.1,7,0.0019053653138628062,0.002028695876278124
111,5,32,33,0.06653225806451613,0.1,9,0.0014819066062547145,0.0015778476439891587
111,5,32,33,0.06653225806451613,0.1,11,0.0012124474851012395,0.0012909532562549288
111,5,32,33,0.06653225806451613,0.1,13,0.0010259050358705243,0.001092337843009428
111,5,32,33,0.06653225806451613,0.1,15,0.000889110281437789,0.0009466883863256101
111,5,32,33,0.06653225806451613,0.1,17,0.0007845041952091612,0.0008353103953843899
111,5,32,33,0.06653225806451613,0.1,19,0.0007019214313433665,0.0007473809953662898
111,5,32,33,0.06653225806451613,0.5,1,0.3094812842487027,0.32756448490240814
111,5,32,33,0.06653225806451613,0.5,3,0.10050954011297039,0.10742244087652486
111,5,32,33,0.06653225806451613,0.5,5,0.06015327625180417,0.06435290463899214
111,5,32,33,0.06653225806451613,0.5,7,0.04293226828215785,0.045943958685428346
111,5,32,33,0.06653225806451613,0.5,9,0.033379418644659806,0.035726220389578595
111,5,32,33,0.06653225806451613,0.5,11,0.027304769299042436,0.02922691795998823
111,5,32,33,0.06653225806451613,0.5,13,0.023101012661639733,0.024728547531086685
111,5,32,33,0.06653225806451613,0.5,15,0.020019089653975364,0.02143027816993436
111,5,32,33,0.06653225806451613,0.5,17,0.017662763410191698,0.018908352925913162
111,5,32,33,0.06653225806451613,0.5,19,0.015802757283981655,0.016917519533435753
111,5,32,33,0.06653225806451613,1.0,1,0.9816706110386082,1.0229399182523133
111,5,32,33,0.06653225806451613,1.0,3,0.30472223884398325,0.3269850269240872
111,5,32,33,0.06653225806451613,1.0,5,0.18161376446021152,0.19537352272477113
111,5,32,33,0.06653225806451613,1.0,7,0.1294397743287869,0.1393758791864183
111,5,32,33,0.06653225806451613,1.0,9,0.10057239995624719,0.10834233940765611
111,5,32,33,0.06653225806451613,1.0,11,0.08223926470123913,0.08861658185347207
111,5,32,33,0.06653225806451613,1.0,13,0.06956193136566914,0.07496916901459137
111,5,32,33,0.06653225806451613,1.0,15,0.06027219855078851,0.0649651428512054
111,5,32,33,0.06653225806451613,1.0,17,0.05317195767275194,0.057317108479852504
111,5,32,33,0.06653225806451613,1.0,19,0.047568605356391756,0.0512803699834204
112,5,32,33,0.06653225806451613,0.1,1,0.016119793357745896,0.014785964193229627
112,5,32,33,0.06653225806451613,0.1,3,0.005372459426681436,0.004924907004274965
112,5,32,33,0.06653225806451613,0.1,5,0.003223437170441933,0.0029547644768451865
112,5,32,33,0.06653225806451613,0.1,7,0.0023024475509314008,0.0021105106891999817
112,5,32,33,0.06653225806451613,0.1,9,0.0017907901166811968,0.0016414969945117521
112,5,32,33,0.06653225806451613,0.1,11,0.0014651909102131688,0.0013430383075311203
112,5,32,33,0.06653225806451613,0.1,13,0.0012397764357032028,0.001136414748005294
112,5,32,33,0.06653225806451613,0.1,15,0.0010744726454219257,0.0009848915410520017
112,5,32,33,0.06653225806451613,0.1,17,0.0009480639423274442,0.0008690212164934676
112,5,32,33,0.06653225806451613,0.1,19,0.0008482676396429025,0.0007775448400081223
112,5,32,33,0.06653225806451613,0.5,1,0.36753497662241796,0.34115731416214656
112,5,32,33,0.06653225806451613,0.5,3,0.12218803458289512,0.11165042803028687
112,5,32,33,0.06653225806451613,0.5,5,0.07329912661218758,0.06689255890275916
112,5,32,33,0.06653225806451613,0.5,7,0.05235385262705703,0.047761199832197544
112,5,32,33,0.06653225806451613,0.5,9,0.040718812451143026,0.037141457259027955
112,5,32,33,0.06653225806451613,0.5,11,0.03331504017061639,0.030385921463343943
112,5,32,33,0.06653225806451613,0.5,13,0.02818947827691756,0.02570992657481055
112,5,32,33,0.06653225806451613,0.5,15,0.024430788179124464,0.022281263378818143
112,5,32,33,0.06653225806451613,0.5,17,0.021556522982964864,0.01965954143766442
112,5,32,33,0.06653225806451613,0.5,19,0.019287380913458572,0.017589867065778732
112,5,32,33,0.06653225806451613,1.0,1,1.1086364865471348,1.065855573050458
112,5,32,33,0.06653225806451613,1.0,3,0.37112937657299466,0.33448210374871334
112,5,32,33,0.06653225806451613,1.0,5,0.22275452220850567,0.19962608324958248
112,5,32,33,0.06653225806451613,1.0,7,0.15912482217596643,0.14237988524434875
112,5,32,33,0.06653225806451613,1.0,9,0.1237683045916226,0.1106725488581692
112,5,32,33,0.06653225806451613,1.0,11,0.1012668494816669,0.09052235208281773
112,5,32,33,0.06653225806451613,1.0,13,0.08568824229473045,0.07658224686511605
112,5,32,33,0.06653225806451613,1.0,15,0.07426363601018529,0.06636388991624037
112,5,32,33,0.06653225806451613,1.0,17,0.06552702776914014,0.058552014724026484
112,5,32,33,0.06653225806451613,1.0,19,0.05862962772696203,0.05238590999907139
113,5,32,33,0.06653225806451613,0.1,1,0.012413160745513317,0.013507319833403642
113,5,32,33,0.06653225806451613,0.1,3,0.004132954570330723,0.004498206058487678
113,5,32,33,0.06653225806451613,0.1,5,0.002479480526336741,0.002698713972070101
113,5,32,33,0.06653225806451613,0.1,7,0.0017709884783673696,0.0019276103218567617
113,5,32,33,0.06653225806451613,0.1,9,0.0013774097701102017,0.001499238468075548
113,5,32,33,0.06653225806451613,0.1,11,0.0011269594962025889,0.0012266436923592395
113,5,32,33,0.06653225806451613,0.1,13,0.0009535744876908966,0.0010379262968324902
113,5,32,33,0.06653225806451613,0.1,15,0.0008264272303922595,0.0008995344598480532
113,5,32,33,0.06653225806451613,0.1,17,0.0007291979134678331,0.0007937058697399812
113,5,32,33,0.06653225806451613,0.1,19,0.0006524384733021749,0.0007101572360774847
113,5,32,33,0.06653225806451613,0.5,1,0.290132533958128,0.31457864503812344
113,5,32,33,0.06653225806451613,0.5,3,0.09451038671423392,0.10267880691108143
113,5,32,33,0.06653225806451613,0.5,5,0.05659359029567473,0.061504839930774366
113,5,32,33,0.06653225806451613,0.5,7,0.040400128559710174,0.04391163205481956
113,5,32,33,0.06653225806451613,0.5,9,0.03141414192466981,0.034146879523040796
113,5,32,33,0.06653225806451613,0.5,11,0.025698868337771644,0.027935582435054725
113,5,32,33,0.06653225806451613,0.5,13,0.021743330313152367,0.023636433673728714
113,5,32,33,0.06653225806451613,0.5,15,0.018843146132859118,0.020484156690596042
113,5,32,33,0.06653225806451613,0.5,17,0.016625637742726167,0.018073806712199773
113,5,32,33,0.06653225806451613,0.5,19,0.014875130016530376,0.01617101551715002
113,5,32,33,0.06653225806451613,1.0,1,0.9429100110949079,1.011243145947663
113,5,32,33,0.06653225806451613,1.0,3,0.2943694869979182,0.31984427702290896
113,5,32,33,0.06653225806451613,1.0,5,0.17575728794116952,0.1909112563787178
113,5,32,33,0.06653225806451613,1.0,7,0.12537174851646324,0.13614703674982967
113,5,32,33,0.06653225806451613,1.0,9,0.09745651282009178,0.10581573677467257
113,5,32,33,0.06653225806451613,1.0,11,0.07971418253762377,0.08654221884844937
113,5,32,33,0.06653225806451613,1.0,13,0.0674391757958858,0.0732100695215793
113,5,32,33,0.06653225806451613,1.0,15,0.05844109204169303,0.06343827318984432
113,5,32,33,0.06653225806451613,1.0,17,0.05156198499342315,0.05596837921993643
113,5,32,33,0.06653225806451613,1.0,19,0.046132076502837766,0.050072598255411924
114,5,32,33,0.06653225806451613,0.1,1,0.012511013650363289,0.013204291186779215
114,5,32,33,0.06653225806451613,0.1,3,0.0041662999186868836,0.004396706151914095
114,5,32,33,0.06653225806451613,0.1,5,0.0024995715175701867,0.0026377107016866794
114,5,32,33,0.06653225806451613,0.1,7,0.0017853645158268244,0.0018840016806010466
114,5,32,33,0.06653225806451613,0.1,9,0.001388602009702099,0.0014653049117021913
114,5,32,33,0.06653225806451613,0.1,11,0.0011361224252947463,0.0011988714875480742
114,5,32,33,0.06653225806451613,0.1,13,0.0009613310322698729,0.0010144217497612916
114,5,32,33,0.06653225806451613,0.1,15,0.0008331516606099562,0.0008791606469584395
114,5,32,33,0.06653225806451613,0.1,17,0.0007351326436093142,0.0007757267957835655
114,5,32,33,0.06653225806451613,0.1,19,0.0006577494894853575,0.0006940691466413258
114,5,32,33,0.06653225806451613,0.5,1,0.2924699365372294,0.3077762674176527
114,5,32,33,0.06653225806451613,0.5,3,0.09540999116621554,0.10041681396351383
114,5,32,33,0.06653225806451613,0.5,5,0.05714724983378141,0.06014608750830808
114,5,32,33,0.06653225806451613,0.5,7,0.040799835025879014,0.04294000436909549
114,5,32,33,0.06653225806451613,0.5,9,0.031726850632503314,0.03339055868408958
114,5,32,33,0.06653225806451613,0.5,11,0.025955670150448775,0.02731641242029013
114,5,32,33,0.06653225806451613,0.5,13,0.021961179605591453,0.023112291070493757
114,5,32,33,0.06653225806451613,0.5,15,0.019032301579408727,0.02002974594739432
114,5,32,33,0.06653225806451613,0.5,17,0.016792777450564223,0.01767274822843539
114,5,32,33,0.06653225806451613,0.5,19,0.015024843987856955,0.01581209532393299
114,5,32,33,0.06653225806451613,1.0,1,0.9537770725711979,1.0164049443299867
114,5,32,33,0.06653225806451613,1.0,3,0.2994216683404151,0.3160058952924897
114,5,32,33,0.06653225806451613,1.0,5,0.17880818923161887,0.18794462748651547
114,5,32,33,0.06653225806451613,1.0,7,0.1275530497237644,0.13384553518735173
114,5,32,33,0.06653225806451613,1.0,9,0.09915383179249332,0.10395110715963612
114,5,32,33,0.06653225806451613,1.0,11,0.08110317083638142,0.08497909336452801
114,5,32,33,0.06653225806451613,1.0,13,0.06861457200186806,0.07186595137360363
114,5,32,33,0.06653225806451613,1.0,15,0.059459799098659026,0.06225995132205747
114,5,32,33,0.06653225806451613,1.0,17,0.05246084681942295,0.05491974389293095
114,5,32,33,0.06653225806451613,1.0,19,0.04693631276918673,0.049128094077198814
115,5,32,33,0.06653225806451613,0.1,1,0.014236109051016483,0.013355028038101787
115,5,32,33,0.06653225806451613,0.1,3,0.004737974545803446,0.004439777565039752
115,5,32,33,0.06653225806451613,0.1,5,0.002842174557163527,0.0026628149155751195
115,5,32,33,0.06653225806451613,0.1,7,0.002029958352342539,0.0019017158437513871
115,5,32,33,0.06653225806451613,0.1,9,0.0015787887660003747,0.0014789903904762307
115,5,32,33,0.06653225806451613,0.1,11,0.00129170226131514,0.001210021219211873
115,5,32,33,0.06653225806451613,0.1,13,0.0010929594057432466,0.0010238285288329625
115,5,32,33,0.06653225806451613,0.1,15,0.0009472193555241031,0.0008872957331764524
115,5,32,33,0.06653225806451613,0.1,17,0.0008357737108865047,0.0007828930810966124
115,5,32,33,0.06653225806451613,0.1,19,0.0007477918887157856,0.0007004728242595301
115,5,32,33,0.06653225806451613,0.5,1,0.33073755144282774,0.3105287567367962
115,5,32,33,0.06653225806451613,0.5,3,0.10775443742775855,0.09993856761490813
115,5,32,33,0.06653225806451613,0.5,5,0.0644868195019424,0.05977721196623118
115,5,32,33,0.06653225806451613,0.5,7,0.04602042400912125,0.04265619072969205
115,5,32,33,0.06653225806451613,0.5,9,0.03577756200120167,0.033161865431080864
115,5,32,33,0.06653225806451613,0.5,11,0.029264741192788036,0.027125394904737383
115,5,32,33,0.06653225806451613,0.5,13,0.024758121001101557,0.022948458701166796
115,5,32,33,0.06653225806451613,0.5,15,0.021454372782342544,0.019886395200733705
115,5,32,33,0.06653225806451613,0.5,17,0.01892858137199951,0.01754536083560218
115,5,32,33,0.06653225806451613,0.5,19,0.016934892662867945,0.015697490014650366
115,5,32,33,0.06653225806451613,1.0,1,1.0497343166407576,0.9866615462391148
115,5,32,33,0.06653225806451613,1.0,3,0.3320106024913623,0.31357703926921704
115,5,32,33,0.06653225806451613,1.0,5,0.19772413232984012,0.18706111900718994
115,5,32,33,0.06653225806451613,1.0,7,0.14080540949457146,0.13335055083552524
115,5,32,33,0.06653225806451613,1.0,9,0.10933679281440983,0.10361784331602605
115,5,32,33,0.06653225806451613,1.0,11,0.08936617331498674,0.08473132828853307
115,5,32,33,0.06653225806451613,1.0,13,0.07556479487600629,0.07167014120715053
115,5,32,33,0.06653225806451613,1.0,15,0.06545628876412683,0.06209871265445823
115,5,32,33,0.06653225806451613,1.0,17,0.057733309397779826,0.05478302131461011
115,5,32,33,0.06653225806451613,1.0,19,0.051640499364126076,0.04900959287727376
116,5,32,33,0.06653225806451613,0.1,1,0.01421676451865699,0.014084692908348158
116,5,32,33,0.06653225806451613,0.1,3,0.004734330421201089,0.004691070988991463
116,5,32,33,0.06653225806451613,0.1,5,0.0028403772840058655,0.0028144523978024458
116,5,32,33,0.06653225806451613,0.1,7,0.00202879722229213,0.0020102847485615684
116,5,32,33,0.06653225806451613,0.1,9,0.0015779393474855043,0.0015635422331534302
116,5,32,33,0.06653225806451613,0.1,11,0.0012910354414614714,0.0012792565073994095
116,5,32,33,0.06653225806451613,0.1,13,0.0010924117489363953,0.0010824451708934995
116,5,32,33,0.06653225806451613,0.1,15,0.0009467552900664342,0.0009381176817821196
116,5,32,33,0.06653225806451613,0.1,17,0.0008353713916877539,0.0008277500139276578
116,5,32,33,0.06653225806451613,0.1,19,0.0007474369795369309,0.0007406178696478068
116,5,32,33,0.06653225806451613,0.5,1,0.32860926075301644,0.3249044653765929
116,5,32,33,0.06653225806451613,0.5,3,0.10713722404650862,0.10629014501241998
116,5,32,33,0.06653225806451613,0.5,5,0.06416839121034071,0.06365976811309998
116,5,32,33,0.06653225806451613,0.5,7,0.045811429647003486,0.04544563302223256
116,5,32,33,0.06653225806451613,0.5,9,0.035623474121258894,0.035337452907398315
116,5,32,33,0.06653225806451613,0.5,11,0.02914321973659931,0.028908289141058686
116,5,32,33,0.06653225806451613,0.5,13,0.02465801506896932,0.024458645802652078
116,5,32,33,0.06653225806451613,0.5,15,0.02136936703621016,0.02119618990246592
116,5,32,33,0.06653225806451613,0.5,17,0.018854770920419612,0.018701693896670167
116,5,32,33,0.06653225806451613,0.5,19,0.016869702078538495,0.01673253958257592
116,5,32,33,0.06653225806451613,1.0,1,1.0371960354037024,1.0125075982460212
116,5,32,33,0.06653225806451613,1.0,3,0.32822881299059625,0.3224226811848408
116,5,32,33,0.06653225806451613,1.0,5,0.19605751550530587,0.19264881603748113
116,5,32,33,0.06653225806451613,1.0,7,0.13984434771709692,0.13740253658901216
116,5,32,33,0.06653225806451613,1.0,9,0.10869723482645562,0.1067879109648148
116,5,32,33,0.06653225806451613,1.0,11,0.08890172457585457,0.08733199177982658
116,5,32,33,0.06653225806451613,1.0,13,0.07520725827055998,0.07387369361001044
116,5,32,33,0.06653225806451613,1.0,15,0.06516940439497493,0.06400984962731346
116,5,32,33,0.06653225806451613,1.0,17,0.05749590428397814,0.05646999546981025
116,5,32,33,0.06653225806451613,1.0,19,0.05143931501473872,0.05051932322617911
117,5,32,33,0.06653225806451613,0.1,1,0.012109018597250032,0.012142417179449173
117,5,32,33,0.06653225806451613,0.1,3,0.004032845398647706,0.004043083499751799
117,5,32,33,0.06653225806451613,0.1,5,0.0024195396439873253,0.002425633206881756
117,5,32,33,0.06653225806451613,0.1,7,0.0017282096234995277,0.0017325523224270807
117,5,32,33,0.06653225806451613,0.1,9,0.0013441524849121655,0.0013475269737484891
117,5,32,33,0.06653225806451613,0.1,11,0.0010997567523329586,0.001102516383907089
117,5,32,33,0.06653225806451613,0.1,13,0.0009305612782923225,0.0009328957110829601
117,5,32,33,0.06653225806451613,0.1,15,0.000806485284341358,0.0008085081111527674
117,5,32,33,0.06653225806451613,0.1,17,0.0007116039804762453,0.0007133886222164611
117,5,32,33,0.06653225806451613,0.1,19,0.0006366978703446961,0.0006382945261216459
117,5,32,33,0.06653225806451613,0.5,1,0.2837495244837969,0.2857003160618773
117,5,32,33,0.06653225806451613,0.5,3,0.09270358658815442,0.0932767028319122
117,5,32,33,0.06653225806451613,0.5,5,0.05553242973749183,0.055866463800443834
117,5,32,33,0.06653225806451613,0.5,7,0.03964834424107164,0.039884771330265634
117,5,32,33,0.06653225806451613,0.5,9,0.030831940371135378,0.03101510809767094
117,5,32,33,0.06653225806451613,0.5,11,0.025223788019594764,0.025373349397205383
117,5,32,33,0.06653225806451613,0.5,13,0.0213420638639963,0.021468466982207002
117,5,32,33,0.06653225806451613,0.5,15,0.01849583466777782,0.01860530269348823
117,5,32,33,0.06653225806451613,0.5,17,0.016319488090371977,0.01641602939556878
117,5,32,33,0.06653225806451613,0.5,19,0.0146014175955436,0.014687766393714346
117,5,32,33,0.06653225806451613,1.0,1,0.931967698303172,0.9410971516745321
117,5,32,33,0.06653225806451613,1.0,3,0.29321061635885504,0.2962071172114303
117,5,32,33,0.06653225806451613,1.0,5,0.1749837012800077,0.1767863131751257
117,5,32,33,0.06653225806451613,1.0,7,0.124797010225105,0.12607804346958382
117,5,32,33,0.06653225806451613,1.0,9,0.09700213795202768,0.09799498565795359
117,5,32,33,0.06653225806451613,1.0,11,0.07933940639824323,0.08014993721746029
117,5,32,33,0.06653225806451613,1.0,13,0.06712063823633453,0.06780549281765647
117,5,32,33,0.06653225806451613,1.0,15,0.05816428952760263,0.05875726106722662
117,5,32,33,0.06653225806451613,1.0,17,0.05131733671545697,0.051840196576281444
117,5,32,33,0.06653225806451613,1.0,19,0.045912938843674624,0.04638053449589733
118,5,32,33,0.06653225806451613,0.1,1,0.014891660899069778,0.014071530811448019
118,5,32,33,0.06653225806451613,0.1,3,0.004959860850222119,0.004681830162382265
118,5,32,33,0.06653225806451613,0.1,5,0.0029756992034252906,0.002808402691695747
118,5,32,33,0.06653225806451613,0.1,7,0.002125452298504995,0.002005814624665859
118,5,32,33,0.06653225806451613,0.1,9,0.0016531131111335031,0.0015600022880339584
118,5,32,33,0.06653225806451613,0.1,11,0.0013525397142642457,0.0012763276450375432
118,5,32,33,0.06653225806451613,0.1,13,0.0011444528190930649,0.001079947974733309
118,5,32,33,0.06653225806451613,0.1,15,0.0009918568621254998,0.0009359414765998822
118,5,32,33,0.06653225806451613,0.1,17,0.0008751664071045039,0.0008258217881193133
118,5,32,33,0.06653225806451613,0.1,19,0.0007830426868155907,0.0007388869492967119
118,5,32,33,0.06653225806451613,0.5,1,0.3438640842683988,0.3268448267936997
118,5,32,33,0.06653225806451613,0.5,3,0.11263045410256609,0.10590656872604931
118,5,32,33,0.06653225806451613,0.5,5,0.0674793028732645,0.06335141912558727
118,5,32,33,0.06653225806451613,0.5,7,0.04817913709247233,0.04520488651297098
118,5,32,33,0.06653225806451613,0.5,9,0.03746585797907487,0.03514204548864817
118,5,32,33,0.06653225806451613,0.5,11,0.03065094762619945,0.02874437456742537
118,5,32,33,0.06653225806451613,0.5,13,0.025933930933254357,0.024317667075706977
118,5,32,33,0.06653225806451613,0.5,15,0.022475234163287918,0.021072595374726152
118,5,32,33,0.06653225806451613,0.5,17,0.019830575694132466,0.01859170532004019
118,5,32,33,0.06653225806451613,0.5,19,0.01774281316552925,0.016633478909192728
118,5,32,33,0.06653225806451613,1.0,1,1.0766981446745412,1.0356318726611824
118,5,32,33,0.06653225806451613,1.0,3,0.34391566591487044,0.32324857487059067
118,5,32,33,0.06653225806451613,1.0,5,0.20571059558104085,0.19291585009975865
118,5,32,33,0.06653225806451613,1.0,7,0.1468097128693058,0.13758111770253825
118,5,32,33,0.06653225806451613,1.0,9,0.11414384341600226,0.10693325399548619
118,5,32,33,0.06653225806451613,1.0,11,0.09337287424996474,0.08745779715542461
118,5,32,33,0.06653225806451613,1.0,13,0.07899911996633795,0.07398552957488734
118,5,32,33,0.06653225806451613,1.0,15,0.06846109367475205,0.06411080066973396
118,5,32,33,0.06653225806451613,1.0,17,0.060403964658166255,0.056562089100245405
118,5,32,33,0.06653225806451613,1.0,19,0.054043815936331036,0.05060402016501174
119,5,32,33,0.06653225806451613,0.1,1,0.012660565625299363,0.012653912061635905
119,5,32,33,0.06653225806451613,0.1,3,0.004213932053637758,0.004212128225502385
119,5,32,33,0.06653225806451613,0.1,5,0.0025277787390899716,0.002526823300668481
119,5,32,33,0.06653225806451613,0.1,7,0.0018053907647436953,0.0018047529361131332
119,5,32,33,0.06653225806451613,0.1,9,0.0014041237700074187,0.0014036481413425644
119,5,32,33,0.06653225806451613,0.1,11,0.001148793334796701,0.0011484151963173975
119,5,32,33,0.06653225806451613,0.1,13,0.0009720355632376862,0.0009717221897197712
119,5,32,33,0.06653225806451613,0.1,15,0.0008424180265075961,0.0008421506869814832
119,5,32,33,0.06653225806451613,0.1,17,0.0007433014552264883,0.0007430684672362526
119,5,32,33,0.06653225806451613,0.1,19,0.0006650531801322675,0.0006648467828711702
119,5,32,33,0.06653225806451613,0.5,1,0.2973376712776493,0.2968154484567172
119,5,32,33,0.06653225806451613,0.5,3,0.09737790503465923,0.09673831415018894
119,5,32,33,0.06653225806451613,0.5,5,0.05832238536740753,0.0579162748467705
119,5,32,33,0.06653225806451613,0.5,7,0.0416337818250116,0.04133991523076833
119,5,32,33,0.06653225806451613,0.5,9,0.03237235379351639,0.032142800388140505
119,5,32,33,0.06653225806451613,0.5,11,0.0264819443086296,0.02629381313708958
119,5,32,33,0.06653225806451613,0.5,13,0.022405302939160713,0.022246009123058984
119,5,32,33,0.06653225806451613,0.5,15,0.019416412685062633,0.01927832640647851
119,5,32,33,0.06653225806451613,0.5,17,0.01713114065401626,0.0170092965498823
119,5,32,33,0.06653225806451613,0.5,19,0.01532718382729234,0.015218173055128056
119,5,32,33,0.06653225806451613,1.0,1,0.9713640401997885,0.972321752847902
119,5,32,33,0.06653225806451613,1.0,3,0.3102511002420178,0.3038748673918352
119,5,32,33,0.06653225806451613,1.0,5,0.18561442119748006,0.18120268077046767
119,5,32,33,0.06653225806451613,1.0,7,0.13244649556998464,0.12919046442401758
119,5,32,33,0.06653225806451613,1.0,9,0.10296235162267871,0.10039853998563923
119,5,32,33,0.06653225806451613,1.0,11,0.08421732440791754,0.08210738106704545
119,5,32,33,0.06653225806451613,1.0,13,0.07124731895571514,0.06945629591133845
119,5,32,33,0.06653225806451613,1.0,15,0.06173952747547827,0.06018435648206843
119,5,32,33,0.06653225806451613,1.0,17,0.054470775783405874,0.05309690287426219
119,5,32,33,0.06653225806451613,1.0,19,0.048733404841809214,0.047503152382824536
120,5,32,33,0.06653225806451613,0.1,1,0.012626008837710012,0.01299002619803235
120,5,32,33,0.06653225806451613,0.1,3,0.004199647055034733,0.0043257322827825444
120,5,32,33,0.06653225806451613,0.1,5,0.0025190301863394766,0.0025951086957673787
120,5,32,33,0.06653225806451613,0.1,7,0.0017991017269093066,0.0018535612354078088
120,5,32,33,0.06653225806451613,0.1,9,0.0013992180958127167,0.0014416234935606693
120,5,32,33,0.06653225806451613,0.1,11,0.0011447731949472577,0.0011794926052388175
120,5,32,33,0.06653225806451613,0.1,13,0.0009686305438905521,0.0009980222560814303
120,5,32,33,0.06653225806451613,0.1,15,0.0008394650516284587,0.0008649464427225459
120,5,32,33,0.06653225806451613,0.1,17,0.0007406946592474348,0.0007631839406574845
120,5,32,33,0.06653225806451613,0.1,19,0.0006627199654548669,0.0006828459346085914
120,5,32,33,0.06653225806451613,0.5,1,0.2981266847901301,0.30392911789589233
120,5,32,33,0.06653225806451613,0.5,3,0.09684253613219933,0.09978328846671762
120,5,32,33,0.06653225806451613,0.5,5,0.057962885806570774,0.05978699072848895
120,5,32,33,0.06653225806451613,0.5,7,0.041372554035817716,0.042686732016802495
120,5,32,33,0.06653225806451613,0.5,9,0.03216890920907121,0.033194358367259647
120,5,32,33,0.06653225806451613,0.5,11,0.026315876807802764,0.027156117636433073
120,5,32,33,0.06653225806451613,0.5,13,0.02226521872168176,0.022976725885211643
120,5,32,33,0.06653225806451613,0.5,15,0.019295377290233624,0.01991226982308262
120,5,32,33,0.06653225806451613,0.5,17,0.017024643163247623,0.017569087046360767
120,5,32,33,0.06653225806451613,0.5,19,0.015232133944804787,0.015719333582188497
120,5,32,33,0.06653225806451613,1.0,1,0.9830387831910317,0.9841732705061077
120,5,32,33,0.06653225806451613,1.0,3,0.3087671366878785,0.3165949133159229
120,5,32,33,0.06653225806451613,1.0,5,0.18398487969864388,0.18929956392529068
120,5,32,33,0.06653225806451613,1.0,7,0.13114660808481307,0.1350608814940509
120,5,32,33,0.06653225806451613,1.0,9,0.10191127968169034,0.10499221698335769
120,5,32,33,0.06653225806451613,1.0,11,0.08334218899711779,0.08587760494790951
120,5,32,33,0.06653225806451613,1.0,13,0.07050011614768933,0.07265239456804261
120,5,32,33,0.06653225806451613,1.0,15,0.06108866939862399,0.0629576430254308
120,5,32,33,0.06653225806451613,1.0,17,0.05389476505533146,0.05554596562725907
120,5,32,33,0.06653225806451613,1.0,19,0.048217076491614205,0.04969575483421424
121,5,32,33,0.06653225806451613,0.1,1,0.013369985354415175,0.01343488535268749
121,5,32,33,0.06653225806451613,0.1,3,0.004452853800387628,0.0044698102875807754
121,5,32,33,0.06653225806451613,0.1,5,0.0026715267888036756,0.0026811983345313827
121,5,32,33,0.06653225806451613,0.1,7,0.0019081963851102898,0.0019149548644544954
121,5,32,33,0.06653225806451613,0.1,9,0.0014841407229042004,0.0014893333959863175
121,5,32,33,0.06653225806451613,0.1,11,0.0012142919078818835,0.0012185074154732421
121,5,32,33,0.06653225806451613,0.1,13,0.0010274752787087196,0.0010310229814263052
121,5,32,33,0.06653225806451613,0.1,15,0.0008904772032065469,0.0008935396757553081
121,5,32,33,0.06653225806451613,0.1,17,0.0007857143598425265,0.0007884083281336908
121,5,32,33,0.06653225806451613,0.1,19,0.0007030070643799671,0.0007054116666205153
121,5,32,33,0.06653225806451613,0.5,1,0.3112464404644882,0.3144684805131348
121,5,32,33,0.06653225806451613,0.5,3,0.10183349281002815,0.10196805669558777
121,5,32,33,0.06653225806451613,0.5,5,0.06100985071792072,0.06104670387254566
121,5,32,33,0.06653225806451613,0.5,7,0.043560466450162115,0.04357770750431366
121,5,32,33,0.06653225806451613,0.5,9,0.03387451920108516,0.033884809773984975
121,5,32,33,0.06653225806451613,0.5,11,0.02771306092915652,0.02772008985870888
121,5,32,33,0.06653225806451613,0.5,13,0.02344830161641113,0.02345352169881736
121,5,32,33,0.06653225806451613,0.5,15,0.02032119352307911,0.02032529365129479
121,5,32,33,0.06653225806451613,0.5,17,0.017930065656205942,0.017933416392000922
121,5,32,33,0.06653225806451613,0.5,19,0.016042436498964727,0.0160452561955204
121,5,32,33,0.06653225806451613,1.0,1,1.0022369260864679,1.0151185447377045
121,5,32,33,0.06653225806451613,1.0,3,0.3192821446111687,0.3214298423435547
121,5,32,33,0.06653225806451613,1.0,5,0.19077244996711795,0.19146632626823015
121,5,32,33,0.06653225806451613,1.0,7,0.13610832251692126,0.13640192724374792
121,5,32,33,0.06653225806451613,1.0,9,0.10581133946032809,0.10594857287817304
121,5,32,33,0.06653225806451613,1.0,11,0.08655182902849068,0.08661552815857643
121,5,32,33,0.06653225806451613,1.0,13,0.07322585450319465,0.0732508629357288
121,5,32,33,0.06653225806451613,1.0,15,0.06345677524114213,0.06345989555858786
121,5,32,33,0.06653225806451613,1.0,17,0.05598793495837712,0.055978073495251385
121,5,32,33,0.06653225806451613,1.0,19,0.05009236403951503,0.05007457790554961
122,5,32,33,0.06653225806451613,0.1,1,0.012724103672980274,0.011812433991317423
122,5,32,33,0.06653225806451613,0.1,3,0.004238207943502515,0.003933921489091072
122,5,32,33,0.06653225806451613,0.1,5,0.0025427733213758317,0.002360182604619915
122,5,32,33,0.06653225806451613,0.1,7,0.0018162368591482046,0.0016858112137637278
122,5,32,33,0.06653225806451613,0.1,9,0.0014126191307912658,0.0013111757766810274
122,5,32,33,0.06653225806451613,0.1,11,0.0011557753388600595,0.0010727757400356703
122,5,32,33,0.06653225806451613,0.1,13,0.0009779618259782817,0.0009077311573111073
122,5,32,33,0.06653225806451613,0.1,15,0.0008475658706054384,0.0007866991611989886
122,5,32,33,0.06653225806451613,0.1,17,0.0007478516224034705,0.0006941456257515177
122,5,32,33,0.06653225806451613,0.1,19,0.0006691300123050704,0.0006210772303989227
122,5,32,33,0.06653225806451613,0.5,1,0.2980564630025818,0.2793890985116385
122,5,32,33,0.06653225806451613,0.5,3,0.09763089430367573,0.09131535270914856
122,5,32,33,0.06653225806451613,0.5,5,0.05849655534193652,0.05470711284870513
122,5,32,33,0.06653225806451613,0.5,7,0.041767099971748683,0.03906043211602825
122,5,32,33,0.06653225806451613,0.5,9,0.032480349334517995,0.03037519788749373
122,5,32,33,0.06653225806451613,0.5,11,0.026572688393753523,0.024850307967006473
122,5,32,33,0.06653225806451613,0.5,13,0.02248353949983375,0.021026149047461522
122,5,32,33,0.06653225806451613,0.5,15,0.019485167064561323,0.0182221000462665
122,5,32,33,0.06653225806451613,0.5,17,0.017192459999802335,0.016077991936199184
122,5,32,33,0.06653225806451613,0.5,19,0.015382517525991941,0.014385363693999387
122,5,32,33,0.06653225806451613,1.0,1,0.9857046645884494,0.932700838858699
122,5,32,33,0.06653225806451613,1.0,3,0.3146919406447376,0.2958222748771899
122,5,32,33,0.06653225806451613,1.0,5,0.18802320637268452,0.176863524055196
122,5,32,33,0.06653225806451613,1.0,7,0.13412955995580458,0.12620864480772645
122,5,32,33,0.06653225806451613,1.0,9,0.10426512051365634,0.09812323563762762
122,5,32,33,0.06653225806451613,1.0,11,0.08528329595388559,0.08026650375076866
122,5,32,33,0.06653225806451613,1.0,13,0.07215069276907617,0.06790996128144514
122,5,32,33,0.06653225806451613,1.0,15,0.06252396929676324,0.058851033775700445
122,5,32,33,0.06653225806451613,1.0,17,0.05516427685340635,0.051924867975929406
122,5,32,33,0.06653225806451613,1.0,19,0.049355035266588895,0.04645751507446391
123,5,32,33,0.06653225806451613,0.1,1,0.012500440666613998,0.012916915644274853
123,5,32,33,0.06653225806451613,0.1,3,0.00416148406832798,0.004299526973868341
123,5,32,33,0.06653225806451613,0.1,5,0.0024965897608310098,0.0025792993448549044
123,5,32,33,0.06653225806451613,0.1,7,0.0017832110813825702,0.0018422521003944505
123,5,32,33,0.06653225806451613,0.1,9,0.0013869178532717014,0.001432822200034781
123,5,32,33,0.06653225806451613,0.1,11,0.0011347399424102122,0.0011722893748246945
123,5,32,33,0.06653225806451613,0.1,13,0.0009601586919515652,0.000991926168633487
123,5,32,33,0.06653225806451613,0.1,15,0.0008321340633543956,0.0008596626037171955
123,5,32,33,0.06653225806451613,0.1,17,0.0007342337301561974,0.0007585214009831598
123,5,32,33,0.06653225806451613,0.1,19,0.000656944482225062,0.0006786739843886241
123,5,32,33,0.06653225806451613,0.5,1,0.29146200575139064,0.30255703944300943
123,5,32,33,0.06653225806451613,0.5,3,0.09463579824406634,0.09819246346833316
123,5,32,33,0.06653225806451613,0.5,5,0.05666353984154442,0.05878137738463922
123,5,32,33,0.06653225806451613,0.5,7,0.04044943846694049,0.041959075802405196
123,5,32,33,0.06653225806451613,0.5,9,0.03145235400279255,0.032625606967991654
123,5,32,33,0.06653225806451613,0.5,11,0.025730097205360822,0.026689695696689306
123,5,32,33,0.06653225806451613,0.5,13,0.02176974715971755,0.022581572674250486
123,5,32,33,0.06653225806451613,0.5,15,0.01886604158421047,0.019569557893332864
123,5,32,33,0.06653225806451613,0.5,17,0.01664584294318607,0.017266560766919337
123,5,32,33,0.06653225806451613,0.5,19,0.014893212180582838,0.015448575678366855
123,5,32,33,0.06653225806451613,1.0,1,0.9518384195769231,0.9902425142976649
123,5,32,33,0.06653225806451613,1.0,3,0.307731156651521,0.305575288495798
123,5,32,33,0.06653225806451613,1.0,5,0.18413539331174114,0.181504759868393
123,5,32,33,0.06653225806451613,1.0,7,0.1314114749297695,0.129204253280516
123,5,32,33,0.06653225806451613,1.0,9,0.10216849141757534,0.1003290772264261
123,5,32,33,0.06653225806451613,1.0,11,0.08357407793354514,0.08201149945079017
123,5,32,33,0.06653225806451613,1.0,13,0.07070685778169557,0.06935345578871228
123,5,32,33,0.06653225806451613,1.0,15,0.06127361420198105,0.060081991577897065
123,5,32,33,0.06653225806451613,1.0,17,0.05406137739487489,0.05299794441967575
123,5,32,33,0.06653225806451613,1.0,19,0.04836831417468086,0.047408676507448164
124,5,32,33,0.06653225806451613,0.1,1,0.012747869010633817,0.01352521645612444
124,5,32,33,0.06653225806451613,0.1,3,0.004243149831449533,0.004504150549869507
124,5,32,33,0.06653225806451613,0.1,5,0.002545594631491323,0.002702286257298075
124,5,32,33,0.06653225806451613,0.1,7,0.0018182237626293567,0.001930164312483725
124,5,32,33,0.06653225806451613,0.1,9,0.001414155434884015,0.0015012260568198778
124,5,32,33,0.06653225806451613,0.1,11,0.0011570285601754879,0.001228270541545556
124,5,32,33,0.06653225806451613,0.1,13,0.0009790204166447549,0.0010393032522905395
124,5,32,33,0.06653225806451613,0.1,15,0.0008484823221882684,0.0009007280766995691
124,5,32,33,0.06653225806451613,0.1,17,0.0007486596701938486,0.0007947592370430703
124,5,32,33,0.06653225806451613,0.1,19,0.0006698526348159877,0.0007110998488584641
124,5,32,33,0.06653225806451613,0.5,1,0.2983213527229664,0.3131983140706924
124,5,32,33,0.06653225806451613,0.5,3,0.09601142135097025,0.10202240229664358
124,5,32,33,0.06653225806451613,0.5,5,0.05743231159056013,0.061101025714692773
124,5,32,33,0.06653225806451613,0.5,7,0.04098848063048901,0.04362149481550666
124,5,32,33,0.06653225806451613,0.5,9,0.03186882975819132,0.03392075995673817
124,5,32,33,0.06653225806451613,0.5,11,0.026069895356600693,0.02775042168287808
124,5,32,33,0.06653225806451613,0.5,13,0.022056901524948762,0.023479701517811695
124,5,32,33,0.06653225806451613,0.5,15,0.019114762541671458,0.02034830010090685
124,5,32,33,0.06653225806451613,0.5,17,0.01686524809806604,0.017953925714677896
124,5,32,33,0.06653225806451613,0.5,19,0.015089507776135772,0.016063752267253595
124,5,32,33,0.06653225806451613,1.0,1,0.9731099119505492,0.9921248284495292
124,5,32,33,0.06653225806451613,1.0,3,0.29191596703032174,0.30687366857516
124,5,32,33,0.06653225806451613,1.0,5,0.1729975974586167,0.18291807360701326
124,5,32,33,0.06653225806451613,1.0,7,0.12310171658417461,0.13041687654957076
124,5,32,33,0.06653225806451613,1.0,9,0.09558930796973703,0.10135873727060145
124,5,32,33,0.06653225806451613,1.0,11,0.07814316554654958,0.08289811951583564
124,5,32,33,0.06653225806451613,1.0,13,0.06608847451317383,0.07012910102555156
124,5,32,33,0.06653225806451613,1.0,15,0.05725877402189814,0.0607701446659925
124,5,32,33,0.06653225806451613,1.0,17,0.05051183418853733,0.053615756008221147
124,5,32,33,0.06653225806451613,1.0,19,0.045188116036993665,0.04796888018321356
125,5,32,33,0.06653225806451613,0.1,1,0.012043133990768262,0.01086826116705492
125,5,32,33,0.06653225806451613,0.1,3,0.0040095396245549775,0.0036170535499219446
125,5,32,33,0.06653225806451613,0.1,5,0.002405492009558781,0.0021697872059896744
125,5,32,33,0.06653225806451613,0.1,7,0.001718162977338892,0.0015497287929276903
125,5,32,33,0.06653225806451613,0.1,9,0.0013363343876089024,0.001205296513061039
125,5,32,33,0.06653225806451613,0.1,11,0.0010933584545109432,0.0009861276810346183
125,5,32,33,0.06653225806451613,0.1,13,0.0009251465199375565,0.0008344020623621652
125,5,32,33,0.06653225806451613,0.1,15,0.0008017920511395377,0.0007231399466964613
125,5,32,33,0.06653225806451613,0.1,17,0.0007074626313490035,0.0006380590088394881
125,5,32,33,0.06653225806451613,0.1,19,0.000632992288958269,0.0005708909610470195
125,5,32,33,0.06653225806451613,0.5,1,0.2820302864586039,0.25980114836612733
125,5,32,33,0.06653225806451613,0.5,3,0.09134168318187022,0.08449727961448947
125,5,32,33,0.06653225806451613,0.5,5,0.05468313991645589,0.050607126914452655
125,5,32,33,0.06653225806451613,0.5,7,0.039035511164061544,0.03612845939365308
125,5,32,33,0.06653225806451613,0.5,9,0.030353322072995115,0.02809306504872763
125,5,32,33,0.06653225806451613,0.5,11,0.02483137765276899,0.022982132170435522
125,5,32,33,0.06653225806451613,0.5,13,0.021009629024411745,0.01944477679530282
125,5,32,33,0.06653225806451613,0.5,15,0.018207509735762246,0.016851173712388107
125,5,32,33,0.06653225806451613,0.5,17,0.016064957188360575,0.014868069665394877
125,5,32,33,0.06653225806451613,0.5,19,0.014373600059583434,0.013302597852381824
125,5,32,33,0.06653225806451613,1.0,1,0.9212946092900506,0.8931024843481803
125,5,32,33,0.06653225806451613,1.0,3,0.28031824753849455,0.28463505075387424
125,5,32,33,0.06653225806451613,1.0,5,0.16708255259599344,0.17040298947080615
125,5,32,33,0.06653225806451613,1.0,7,0.11912920962403593,0.12167424386952322
125,5,32,33,0.06653225806451613,1.0,9,0.0925873238919754,0.0946216385357086
125,5,32,33,0.06653225806451613,1.0,11,0.07572483818303541,0.07741121969023913
125,5,32,33,0.06653225806451613,1.0,13,0.06406103629876386,0.06549833540846374
125,5,32,33,0.06653225806451613,1.0,15,0.05551204784856001,0.056763186837195785
125,5,32,33,0.06653225806451613,1.0,17,0.04897678603876883,0.05008387979436864
125,5,32,33,0.06653225806451613,1.0,19,0.04381855367859514,0.04481103640539141
126,5,32,33,0.06653225806451613,0.1,1,0.013058074500826338,0.013017930859895646
126,5,32,33,0.06653225806451613,0.1,3,0.004348603233545863,0.004335020156913428
126,5,32,33,0.06653225806451613,0.1,5,0.0026089286139156843,0.0026007696132024616
126,5,32,33,0.06653225806451613,0.1,7,0.0018634677303650906,0.0018576382051695179
126,5,32,33,0.06653225806451613,0.1,9,0.0014493447892685622,0.0014448102256499151
126,5,32,33,0.06653225806451613,0.1,11,0.001185818810164831,0.0011821085294818666
126,5,32,33,0.06653225806451613,0.1,13,0.001003380467178438,0.0010002409191622944
126,5,32,33,0.06653225806451613,0.1,15,0.0008695936300955708,0.0008668726502592977
126,5,32,33,0.06653225806451613,0.1,17,0.0007672867253987657,0.0007648858413391714
126,5,32,33,0.06653225806451613,0.1,19,0.0006865185052239961,0.00068437033548183
126,5,32,33,0.06653225806451613,0.5,1,0.30483011319378084,0.3044466376687065
126,5,32,33,0.06653225806451613,0.5,3,0.09966765864444795,0.09948941405830825
126,5,32,33,0.06653225806451613,0.5,5,0.059706332011847496,0.05959468000967919
126,5,32,33,0.06653225806451613,0.5,7,0.042628118524219986,0.042546658757656314
126,5,32,33,0.06653225806451613,0.5,9,0.03314880084280217,0.033084660974099
126,5,32,33,0.06653225806451613,0.5,11,0.02711899532951705,0.027066098834414985
126,5,32,33,0.06653225806451613,0.5,13,0.022945455093511244,0.022900447747061244
126,5,32,33,0.06653225806451613,0.5,15,0.019885280499181895,0.01984611457766111
126,5,32,33,0.06653225806451613,0.5,17,0.017545359896336397,0.01751069342314046
126,5,32,33,0.06653225806451613,0.5,19,0.01569817163136453,0.01566707743381917
126,5,32,33,0.06653225806451613,1.0,1,0.9880104285984129,0.9896606168481044
126,5,32,33,0.06653225806451613,1.0,3,0.3129836960032325,0.31652355167137425
126,5,32,33,0.06653225806451613,1.0,5,0.18701092517029336,0.18908851570317747
126,5,32,33,0.06653225806451613,1.0,7,0.13342214878903322,0.13486605596924103
126,5,32,33,0.06653225806451613,1.0,9,0.10372153829613795,0.10482261059682789
126,5,32,33,0.06653225806451613,1.0,11,0.08484148537895432,0.08572960146870327
126,5,32,33,0.06653225806451613,1.0,13,0.07177826962003732,0.07252178742080848
126,5,32,33,0.06653225806451613,1.0,15,0.06220193542309807,0.06284104104466011
126,5,32,33,0.06653225806451613,1.0,17,0.05488052954496098,0.05544078040574322
126,5,32,33,0.06653225806451613,1.0,19,0.04910138346569063,0.049600014199808085
127,5,32,33,0.06653225806451613,0.1,1,0.012088853889476104,0.013259438429192217
127,5,32,33,0.06653225806451613,0.1,3,0.0040259090923694405,0.00441732260213088
127,5,32,33,0.06653225806451613,0.1,5,0.0024153675191980325,0.002650274646492993
127,5,32,33,0.06653225806451613,0.1,7,0.001725227498780684,0.0018930299287470366
127,5,32,33,0.06653225806451613,0.1,9,0.0013418324029881154,0.0014723491257842463
127,5,32,33,0.06653225806451613,0.1,11,0.0010978582336140198,0.0012046461847453193
127,5,32,33,0.06653225806451613,0.1,13,0.0009289547080333825,0.0010193144938798156
127,5,32,33,0.06653225806451613,0.1,15,0.0008050928520328541,0.0008834050744091487
127,5,32,33,0.06653225806451613,0.1,17,0.0007103753216194629,0.0007794745819613174
127,5,32,33,0.06653225806451613,0.1,19,0.0006355985175784062,0.0006974243224947017
127,5,32,33,0.06653225806451613,0.5,1,0.2830255663401619,0.3106766628820198
127,5,32,33,0.06653225806451613,0.5,3,0.09225004486387277,0.10240182050292626
127,5,32,33,0.06653225806451613,0.5,5,0.05525079955424806,0.061394041198626875
127,5,32,33,0.06653225806451613,0.5,7,0.03944535424311471,0.0438437731613464
127,5,32,33,0.06653225806451613,0.5,9,0.030673480137205507,0.03409780962127048
127,5,32,33,0.06653225806451613,0.5,11,0.02509389988804495,0.027897008187119824
127,5,32,33,0.06653225806451613,0.5,13,0.02123204254813624,0.02360457758969499
127,5,32,33,0.06653225806451613,0.5,15,0.018400419886697907,0.020456983682414043
127,5,32,33,0.06653225806451613,0.5,17,0.016235261475914607,0.018050092930675554
127,5,32,33,0.06653225806451613,0.5,19,0.014526033678361465,0.01614996599729942
127,5,32,33,0.06653225806451613,1.0,1,0.9250331933277888,1.0112230063256304
127,5,32,33,0.06653225806451613,1.0,3,0.2933587648307528,0.33351148618104914
127,5,32,33,0.06653225806451613,1.0,5,0.17585549263666614,0.20020013363069383
127,5,32,33,0.06653225806451613,1.0,7,0.12558227593962934,0.1430208815823499
127,5,32,33,0.06653225806451613,1.0,9,0.09766606148415834,0.11124533288104124
127,5,32,33,0.06653225806451613,1.0,11,0.07990487812014643,0.091021791895775
127,5,32,33,0.06653225806451613,1.0,13,0.06761001725059482,0.07701985210898615
127,5,32,33,0.06653225806451613,1.0,15,0.05859437009476425,0.06675130981689578
127,5,32,33,0.06653225806451613,1.0,17,0.05170033871468403,0.058898670555227836
127,5,32,33,0.06653225806451613,1.0,19,0.046257836702471876,0.052699097082733785
128,5,32,33,0.06653225806451613,0.1,1,0.013367314003714232,0.013369940154433824
128,5,32,33,0.06653225806451613,0.1,3,0.004453134612153475,0.004454011582991437
128,5,32,33,0.06653225806451613,0.1,5,0.002671754173425311,0.0026722799566569976
128,5,32,33,0.06653225806451613,0.1,7,0.0019083709247922492,0.0019087463967260847
128,5,32,33,0.06653225806451613,0.1,9,0.0014842805229039985,0.001484572527742051
128,5,32,33,0.06653225806451613,0.1,11,0.0012144080343173447,0.0012146469352435877
128,5,32,33,0.06653225806451613,0.1,13,0.001027574421779789,0.0010277765627712979
128,5,32,33,0.06653225806451613,0.1,15,0.0008905636249228847,0.0008907388105427889
128,5,32,33,0.06653225806451613,0.1,17,0.0007857909183966773,0.0007859454920282428
128,5,32,33,0.06653225806451613,0.1,19,0.0007030757615625895,0.000703214063072883
128,5,32,33,0.06653225806451613,0.5,1,0.31338163155147436,0.31460222194438314
128,5,32,33,0.06653225806451613,0.5,3,0.10299565580103089,0.10352447924091153
128,5,32,33,0.06653225806451613,0.5,5,0.06172602359618977,0.0620432096990041
128,5,32,33,0.06653225806451613,0.5,7,0.04407595215194581,0.04430234787816051
128,5,32,33,0.06653225806451613,0.5,9,0.034276792475042415,0.03445281039335336
128,5,32,33,0.06653225806451613,0.5,11,0.028042782802550948,0.028186766764063648
128,5,32,33,0.06653225806451613,0.5,13,0.02372760052295715,0.023849417471176186
128,5,32,33,0.06653225806451613,0.5,15,0.02056342669531977,0.020668992657373327
128,5,32,33,0.06653225806451613,0.5,17,0.018143908850646248,0.018237050056374934
128,5,32,33,0.06653225806451613,0.5,19,0.016233841029811957,0.01631717457951256
128,5,32,33,0.06653225806451613,1.0,1,1.0208686828862896,1.0324473755010088
128,5,32,33,0.06653225806451613,1.0,3,0.3250717282449744,0.33200325955272353
128,5,32,33,0.06653225806451613,1.0,5,0.19416100934103747,0.19818813210650882
128,5,32,33,0.06653225806451613,1.0,7,0.13851050908015192,0.14134329841174484
128,5,32,33,0.06653225806451613,1.0,9,0.10767386316286885,0.10986071299582868
128,5,32,33,0.06653225806451613,1.0,11,0.08807334306278053,0.08985527390487977
128,5,32,33,0.06653225806451613,1.0,13,0.07451217338447877,0.07601626483728507
128,5,32,33,0.06653225806451613,1.0,15,0.06457100143935125,0.0658724910859262
128,5,32,33,0.06653225806451613,1.0,17,0.0569707465613602,0.05811788918985364
128,5,32,33,0.06653225806451613,1.0,19,0.05097152509845764,0.051997136016723476
129,5,32,33,0.06653225806451613,0.1,1,0.01503287904479375,0.014235947210793902
129,5,32,33,0.06653225806451613,0.1,3,0.005004823057134823,0.004731367495096173
129,5,32,33,0.06653225806451613,0.1,5,0.0030024778828316423,0.002837518236874242
129,5,32,33,0.06653225806451613,0.1,7,0.0021445231733745827,0.0020264267354403406
129,5,32,33,0.06653225806451613,0.1,9,0.0016679223153582504,0.0015759542923100317
129,5,32,33,0.06653225806451613,0.1,11,0.0013646442490395105,0.0012893378678224133
129,5,32,33,0.06653225806451613,0.1,13,0.001154688134698937,0.0010909323794489362
129,5,32,33,0.06653225806451613,0.1,15,0.0010007230748572708,0.000945445891885846
129,5,32,33,0.06653225806451613,0.1,17,0.0008829865932813792,0.0008341976478916124
129,5,32,33,0.06653225806451613,0.1,19,0.0007900376290240764,0.0007463738029399088
129,5,32,33,0.06653225806451613,0.5,1,0.34576477725109955,0.3319002727276578
129,5,32,33,0.06653225806451613,0.5,3,0.11276043650440995,0.10682711119532695
129,5,32,33,0.06653225806451613,0.5,5,0.0675169078645126,0.06387322004161436
129,5,32,33,0.06653225806451613,0.5,7,0.04819440065914003,0.04557041285426464
129,5,32,33,0.06653225806451613,0.5,9,0.03747287806411782,0.03542354674728498
129,5,32,33,0.06653225806451613,0.5,11,0.030654216039183182,0.028973311950096527
129,5,32,33,0.06653225806451613,0.5,13,0.02593526672306949,0.024510597854587528
129,5,32,33,0.06653225806451613,0.5,15,0.022475492489863094,0.021239312203680635
129,5,32,33,0.06653225806451613,0.5,17,0.019830201600903728,0.018738482064975207
129,5,32,33,0.06653225806451613,0.5,19,0.017742055867572645,0.016764577018002862
129,5,32,33,0.06653225806451613,1.0,1,1.0709601226315357,1.0471991095589346
129,5,32,33,0.06653225806451613,1.0,3,0.34149078318492315,0.32146149008424135
129,5,32,33,0.06653225806451613,1.0,5,0.20383628065169312,0.19165676279881613
129,5,32,33,0.06653225806451613,1.0,7,0.1453093113465971,0.1366011639632808
129,5,32,33,0.06653225806451613,1.0,9,0.11290130982711902,0.1061340956402989
129,5,32,33,0.06653225806451613,1.0,11,0.09231518251885618,0.08678443413902885
129,5,32,33,0.06653225806451613,1.0,13,0.07807942550917046,0.07340432829499353
129,5,32,33,0.06653225806451613,1.0,15,0.06764801436980637,0.06359985252543249
129,5,32,33,0.06653225806451613,1.0,17,0.059675589991349046,0.056106390377766255
129,5,32,33,0.06653225806451613,1.0,19,0.0533842953256569,0.050192872278295574
130,5,32,33,0.06653225806451613,0.1,1,0.01476588241728041,0.014779745620841667
130,5,32,33,0.06653225806451613,0.1,3,0.004914713241418642,0.004916040824318657
130,5,32,33,0.06653225806451613,0.1,5,0.0029482719152903614,0.002948689565964405
130,5,32,33,0.06653225806451613,0.1,7,0.0021057611343879355,0.002105944610000799
130,5,32,33,0.06653225806451613,0.1,9,0.0016377551396044789,0.001637848445230796
130,5,32,33,0.06653225806451613,0.1,11,0.001339952120650291,0.001340002810848246
130,5,32,33,0.06653225806451613,0.1,13,0.001133788983436022,0.001133816875298391
130,5,32,33,0.06653225806451613,0.1,15,0.0009826067759631592,0.0009826214275137318
130,5,32,33,0.06653225806451613,0.1,17,0.0008669991226176312,0.0008670056319311732
130,5,32,33,0.06653225806451613,0.1,19,0.0007757312812721001,0.000775732574786614
130,5,32,33,0.06653225806451613,0.5,1,0.3413888948003222,0.3430577923341585
130,5,32,33,0.06653225806451613,0.5,3,0.11116594612226116,0.11124026669687573
130,5,32,33,0.06653225806451613,0.5,5,0.06654821052082116,0.06654735470978769
130,5,32,33,0.06653225806451613,0.5,7,0.047499544365102786,0.047485935490462546
130,5,32,33,0.06653225806451613,0.5,9,0.03693131375387782,0.03691528491478027
130,5,32,33,0.06653225806451613,0.5,11,0.030210576929469064,0.030194678193429494
130,5,32,33,0.06653225806451613,0.5,13,0.025559578615977244,0.02554451375698333
130,5,32,33,0.06653225806451613,0.5,15,0.02214971163158,0.02213563922790164
130,5,32,33,0.06653225806451613,0.5,17,0.019542626816700125,0.019529528487879807
130,5,32,33,0.06653225806451613,0.5,19,0.017484668411568864,0.01747246971878869
130,5,32,33,0.06653225806451613,1.0,1,1.0724922120496672,1.0830882237877049
130,5,32,33,0.06653225806451613,1.0,3,0.3393515776462873,0.33899097437235903
130,5,32,33,0.06653225806451613,1.0,5,0.20238128109466963,0.20213046955861586
130,5,32,33,0.06653225806451613,1.0,7,0.14426427608285347,0.14407734410911144
130,5,32,33,0.06653225806451613,1.0,9,0.11209565623827518,0.11194583454191283
130,5,32,33,0.06653225806451613,1.0,11,0.09166264232996829,0.09153724695087047
130,5,32,33,0.06653225806451613,1.0,13,0.07753226940890659,0.07742428672179884
130,5,32,33,0.06653225806451613,1.0,15,0.06717748090930618,0.06708258876367318
130,5,32,33,0.06653225806451613,1.0,17,0.05926313603271856,0.0591784657976182
130,5,32,33,0.06653225806451613,1.0,19,0.05301731532112948,0.05294085851440182
131,5,32,33,0.06653225806451613,0.1,1,0.013790769062917207,0.013658328820028705
131,5,32,33,0.06653225806451613,0.1,3,0.004589612219932052,0.004548549309433604
131,5,32,33,0.06653225806451613,0.1,5,0.0027533106187393277,0.00272891401902264
131,5,32,33,0.06653225806451613,0.1,7,0.0019665443450660506,0.001949179678283608
131,5,32,33,0.06653225806451613,0.1,9,0.0015294955788511158,0.001516013673273042
131,5,32,33,0.06653225806451613,0.1,11,0.0012513873411864602,0.00124036834572113
131,5,32,33,0.06653225806451613,0.1,13,0.001058856413894919,0.0010495391584719404
131,5,32,33,0.06653225806451613,0.1,15,0.0009176697041205304,0.0009095987428361327
131,5,32,33,0.06653225806451613,0.1,17,0.0008097048001822903,0.0008025859853461856
131,5,32,33,0.06653225806451613,0.1,19,0.0007244701615519059,0.0007181025073676892
131,5,32,33,0.06653225806451613,0.5,1,0.32540484961233485,0.3175755373530243
131,5,32,33,0.06653225806451613,0.5,3,0.1062267302870898,0.10364685715251856
131,5,32,33,0.06653225806451613,0.5,5,0.0636177906898566,0.06207554029726488
131,5,32,33,0.06653225806451613,0.5,7,0.04541714842197916,0.044315999005483366
131,5,32,33,0.06653225806451613,0.5,9,0.03531650883088307,0.03445994500339376
131,5,32,33,0.06653225806451613,0.5,11,0.02889195451785209,0.028190969790009433
131,5,32,33,0.06653225806451613,0.5,13,0.024445359231186365,0.023852085259586864
131,5,32,33,0.06653225806451613,0.5,15,0.02118504425156053,0.020670770991753556
131,5,32,33,0.06653225806451613,0.5,17,0.01869212341503078,0.018238274683607798
131,5,32,33,0.06653225806451613,0.5,19,0.01672417093896009,0.01631803554964994
131,5,32,33,0.06653225806451613,1.0,1,1.0638539956441293,1.0180568838707547
131,5,32,33,0.06653225806451613,1.0,3,0.34042460598998486,0.32020315434851976
131,5,32,33,0.06653225806451613,1.0,5,0.2034263200196188,0.19129711777887942
131,5,32,33,0.06653225806451613,1.0,7,0.1451353549170548,0.1364767042685749
131,5,32,33,0.06653225806451613,1.0,9,0.11282756960499633,0.10609525586011831
131,5,32,33,0.06653225806451613,1.0,11,0.0922899978934302,0.08678280451905789
131,5,32,33,0.06653225806451613,1.0,13,0.07807989046466911,0.07342053649368138
131,5,32,33,0.06653225806451613,1.0,15,0.06766278667497456,0.0636250246205138
131,5,32,33,0.06653225806451613,1.0,17,0.059698585199876454,0.05613607388279338
131,5,32,33,0.06653225806451613,1.0,19,0.053412050457450365,0.05022468836603684
132,5,32,33,0.06653225806451613,0.1,1,0.013525152457333106,0.012511059078002457
132,5,32,33,0.06653225806451613,0.1,3,0.004503741171258862,0.004165763788127308
132,5,32,33,0.06653225806451613,0.1,5,0.0027019787419159252,0.002499217431154067
132,5,32,33,0.06653225806451613,0.1,7,0.0019299247440385627,0.0017851042090176019
132,5,32,33,0.06653225806451613,0.1,9,0.0015010309319654174,0.0013883968712924365
132,5,32,33,0.06653225806451613,0.1,11,0.001228106258836132,0.0011359533479176022
132,5,32,33,0.06653225806451613,0.1,13,0.001039161507046329,0.0009611873030092721
132,5,32,33,0.06653225806451613,0.1,15,0.0009006034817835682,0.0008330267008044941
132,5,32,33,0.06653225806451613,0.1,17,0.0007946481153551793,0.0007350221326414977
132,5,32,33,0.06653225806451613,0.1,19,0.0007109995845174247,0.0006576504406055893
132,5,32,33,0.06653225806451613,0.5,1,0.3153419971514549,0.2964231516922651
132,5,32,33,0.06653225806451613,0.5,3,0.10273121763484949,0.09667111198381215
132,5,32,33,0.06653225806451613,0.5,5,0.061510651334233335,0.05788745308948684
132,5,32,33,0.06653225806451613,0.5,7,0.043908955543552536,0.041323047685796574
132,5,32,33,0.06653225806451613,0.5,9,0.034142079638926244,0.03213134101317864
132,5,32,33,0.06653225806451613,0.5,11,0.027930313663055574,0.026285320012634943
132,5,32,33,0.06653225806451613,0.5,13,0.02363121858453926,0.022239347529935834
132,5,32,33,0.06653225806451613,0.5,15,0.02047916913881135,0.01927289035355439
132,5,32,33,0.06653225806451613,0.5,17,0.018069097011360894,0.017004729599836666
132,5,32,33,0.06653225806451613,0.5,19,0.016166587070812706,0.01521425010386906
132,5,32,33,0.06653225806451613,1.0,1,1.0153813522353647,0.9859373783627108
132,5,32,33,0.06653225806451613,1.0,3,0.31362562710343134,0.3125731824187138
132,5,32,33,0.06653225806451613,1.0,5,0.1867331782623699,0.18654003139600311
132,5,32,33,0.06653225806451613,1.0,7,0.13308418703490624,0.13302188641287077
132,5,32,33,0.06653225806451613,1.0,9,0.10341140677064868,0.10338362528222354
132,5,32,33,0.06653225806451613,1.0,11,0.08456710251460266,0.08455144986094712
132,5,32,33,0.06653225806451613,1.0,13,0.071535539843999,0.07152501321583506
132,5,32,33,0.06653225806451613,1.0,15,0.06198554712998352,0.061977505770206755
132,5,32,33,0.06653225806451613,1.0,17,0.05468588155468978,0.05467919010650117
132,5,32,33,0.06653225806451613,1.0,19,0.04892478858645857,0.04891890790639163
133,5,32,33,0.06653225806451613,0.1,1,0.012817712032168202,0.012714990917620038
133,5,32,33,0.06653225806451613,0.1,3,0.00426790370002345,0.0042343073524409745
133,5,32,33,0.06653225806451613,0.1,5,0.0025604687370635983,0.002540361430656534
133,5,32,33,0.06653225806451613,0.1,7,0.0018288433261357381,0.001814494441187314
133,5,32,33,0.06653225806451613,0.1,9,0.0014224107045942526,0.001411255882301599
133,5,32,33,0.06653225806451613,0.1,11,0.0011637798796906374,0.001154655907170652
133,5,32,33,0.06653225806451613,0.1,13,0.0009847310465601958,0.0009770122966267596
133,5,32,33,0.06653225806451613,0.1,15,0.0008534301249838901,0.0008467414956321891
133,5,32,33,0.06653225806451613,0.1,17,0.0007530243654377482,0.0007471232665503029
133,5,32,33,0.06653225806451613,0.1,19,0.0006737571389394128,0.0006684776495183016
133,5,32,33,0.06653225806451613,0.5,1,0.29928756078692087,0.2972348925903638
133,5,32,33,0.06653225806451613,0.5,3,0.09756079801942792,0.09709457897183522
133,5,32,33,0.06653225806451613,0.5,5,0.058431834135072996,0.058166974914380984
133,5,32,33,0.06653225806451613,0.5,7,0.04171585897449452,0.0415298316428897
133,5,32,33,0.06653225806451613,0.5,9,0.03243869434729312,0.03229512729701079
133,5,32,33,0.06653225806451613,0.5,11,0.026537777703749096,0.02642082838746865
133,5,32,33,0.06653225806451613,0.5,13,0.022453555123020053,0.02235487404209037
133,5,32,33,0.06653225806451613,0.5,15,0.019458916529338347,0.019373557233309514
133,5,32,33,0.06653225806451613,0.5,17,0.017169128844122895,0.017093917197966182
133,5,32,33,0.06653225806451613,0.5,19,0.015361528021319026,0.015294304872301797
133,5,32,33,0.06653225806451613,1.0,1,0.9710999608828623,0.966649507808516
133,5,32,33,0.06653225806451613,1.0,3,0.3081459769053461,0.3070771814775902
133,5,32,33,0.06653225806451613,1.0,5,0.18393274591866532,0.18317615554837716
133,5,32,33,0.06653225806451613,1.0,7,0.1311665172292936,0.1305906461216665
133,5,32,33,0.06653225806451613,1.0,9,0.10194240285810091,0.1014796956457714
133,5,32,33,0.06653225806451613,1.0,11,0.0833729553564089,0.08298689790469047
133,5,32,33,0.06653225806451613,1.0,13,0.07052814509424989,0.07019720599971596
133,5,32,33,0.06653225806451613,1.0,15,0.061113725855063354,0.060824247717207854
133,5,32,33,0.06653225806451613,1.0,17,0.05391713485609953,0.0536599436918895
133,5,32,33,0.06653225806451613,1.0,19,0.04823713614057817,0.04800578425907168
134,5,32,33,0.06653225806451613,0.1,1,0.013624350947125826,0.013591548227300323
134,5,32,33,0.06653225806451613,0.1,3,0.004538261284285063,0.004526759049296576
134,5,32,33,0.06653225806451613,0.1,5,0.0027228037508503994,0.0027158752016191545
134,5,32,33,0.06653225806451613,0.1,7,0.0019448297098160366,0.0019398753926778882
134,5,32,33,0.06653225806451613,0.1,9,0.0015126356918403572,0.001508780620680873
134,5,32,33,0.06653225806451613,0.1,11,0.0012376070289099354,0.001234452170177929
134,5,32,33,0.06653225806451613,0.1,13,0.001047204004936839,0.001044534163752398
134,5,32,33,0.06653225806451613,0.1,15,0.0009075757479822931,0.0009052616978526182
134,5,32,33,0.06653225806451613,0.1,17,0.0008008015076886258,0.0007987595880270586
134,5,32,33,0.06653225806451613,0.1,19,0.000716506221364821,0.0007146791711418429
134,5,32,33,0.06653225806451613,0.5,1,0.31817835552802043,0.31856326870473456
134,5,32,33,0.06653225806451613,0.5,3,0.10430901489804158,0.10424386349012257
134,5,32,33,0.06653225806451613,0.5,5,0.06250142501189844,0.0624544465485585
134,5,32,33,0.06653225806451613,0.5,7,0.044627345129188985,0.0445922480621957
134,5,32,33,0.06653225806451613,0.5,9,0.03470486628820641,0.03467707621643425
134,5,32,33,0.06653225806451613,0.5,11,0.02839269920300026,0.02836975810617998
134,5,32,33,0.06653225806451613,0.5,13,0.024023525147421468,0.02400401432171959
134,5,32,33,0.06653225806451613,0.5,15,0.020819808551895216,0.02080284527988081
134,5,32,33,0.06653225806451613,0.5,17,0.018370077342718283,0.018355077975906915
134,5,32,33,0.06653225806451613,0.5,19,0.0164361704501335,0.016422730031956195
134,5,32,33,0.06653225806451613,1.0,1,1.0258990143250013,1.0329473226673775
134,5,32,33,0.06653225806451613,1.0,3,0.3251077973228646,0.32824473873249
134,5,32,33,0.06653225806451613,1.0,5,0.1941076497441938,0.19604481633202925
134,5,32,33,0.06653225806451613,1.0,7,0.13845680014806944,0.13984680738920743
134,5,32,33,0.06653225806451613,1.0,9,0.10762700796448126,0.10870955818796926
134,5,32,33,0.06653225806451613,1.0,11,0.08803288551219202,0.08891908404450746
134,5,32,33,0.06653225806451613,1.0,13,0.07447690321870022,0.07522696313887059
134,5,32,33,0.06653225806451613,1.0,15,0.06453986873562786,0.06519001866023477
134,5,32,33,0.06653225806451613,1.0,17,0.056942942674220065,0.057516658093975034
134,5,32,33,0.06653225806451613,1.0,19,0.05094643825203848,0.05145979452289033
135,5,32,33,0.06653225806451613,0.1,1,0.013985109993317438,0.013852626612518073
135,5,32,33,0.06653225806451613,0.1,3,0.004657415306264817,0.004611408938588667
135,5,32,33,0.06653225806451613,0.1,5,0.0027942360154805633,0.0027664578177772894
135,5,32,33,0.06653225806451613,0.1,7,0.0019958394883109127,0.0019759481909984835
135,5,32,33,0.06653225806451613,0.1,9,0.0015523052654111906,0.001536813517900572
135,5,32,33,0.06653225806451613,0.1,11,0.0012700618206813862,0.0012573761864422734
135,5,32,33,0.06653225806451613,0.1,13,0.001074664623943146,0.001063924523917207
135,5,32,33,0.06653225806451613,0.1,15,0.0009313742888357861,0.0009220623643154519
135,5,32,33,0.06653225806451613,0.1,17,0.0008217998007992398,0.0008135808275783872
135,5,32,33,0.06653225806451613,0.1,19,0.0007352938866153762,0.0007279382647813444
135,5,32,33,0.06653225806451613,0.5,1,0.3243481822423856,0.3211174604272247
135,5,32,33,0.06653225806451613,0.5,3,0.10590833568296801,0.10451858573022761
135,5,32,33,0.06653225806451613,0.5,5,0.06343980214835646,0.06257591215837162
135,5,32,33,0.06653225806451613,0.5,7,0.04529322196295655,0.044667234895339164
135,5,32,33,0.06653225806451613,0.5,9,0.035221297106558275,0.03473060874738494
135,5,32,33,0.06653225806451613,0.5,11,0.028814595982794466,0.028411153770431883
135,5,32,33,0.06653225806451613,0.5,13,0.024380191362264016,0.024037668449213925
135,5,32,33,0.06653225806451613,0.5,15,0.021128736373384853,0.02083115548945151
135,5,32,33,0.06653225806451613,0.5,17,0.018642548719023048,0.01837948756823232
135,5,32,33,0.06653225806451613,0.5,19,0.016679887777809398,0.01644417198365433
135,5,32,33,0.06653225806451613,1.0,1,1.0330541567130056,1.0178505456498796
135,5,32,33,0.06653225806451613,1.0,3,0.3240732423715548,0.32469277956034237
135,5,32,33,0.06653225806451613,1.0,5,0.1933204761540008,0.19450489576704452
135,5,32,33,0.06653225806451613,1.0,7,0.1378493203711693,0.13887170870069288
135,5,32,33,0.06653225806451613,1.0,9,0.10713518219835601,0.10799105342685221
135,5,32,33,0.06653225806451613,1.0,11,0.08762038418076794,0.08834740934074914
135,5,32,33,0.06653225806451613,1.0,13,0.07412192449268896,0.07475089660423752
135,5,32,33,0.06653225806451613,1.0,15,0.06422843293227343,0.06478145559152718
135,5,32,33,0.06653225806451613,1.0,17,0.05666558377287832,0.057158451239826484
135,5,32,33,0.06653225806451613,1.0,19,0.05069646097960472,0.05114067500449685
136,5,32,33,0.06653225806451613,0.1,1,0.012929814018153544,0.013142539681839635
136,5,32,33,0.06653225806451613,0.1,3,0.004304817805366572,0.004377083943510842
136,5,32,33,0.06653225806451613,0.1,5,0.002582542279986015,0.0026260399605003136
136,5,32,33,0.06653225806451613,0.1,7,0.0018445858118949145,0.0018756959763511494
136,5,32,33,0.06653225806451613,0.1,9,0.0014346440708617675,0.0014588579441983706
136,5,32,33,0.06653225806451613,0.1,11,0.001173783296759807,0.0011936034256465236
136,5,32,33,0.06653225806451613,0.1,13,0.0009931921049852702,0.001009968081299928
136,5,32,33,0.06653225806451613,0.1,15,0.0008607608852573814,0.0008753032849198638
136,5,32,33,0.06653225806451613,0.1,17,0.0007594912207016006,0.0007723249125843278
136,5,32,33,0.06653225806451613,0.1,19,0.0006795422355119944,0.000691026534683815
136,5,32,33,0.06653225806451613,0.5,1,0.302447317899928,0.30673332476699644
136,5,32,33,0.06653225806451613,0.5,3,0.09862380512465037,0.10029196236531737
136,5,32,33,0.06653225806451613,0.5,5,0.059057417501338645,0.06007649064612481
136,5,32,33,0.06653225806451613,0.5,7,0.04215837250286858,0.04289101645779406
136,5,32,33,0.06653225806451613,0.5,9,0.032780893025296284,0.03335260026940572
136,5,32,33,0.06653225806451613,0.5,11,0.02681669737919754,0.027285379660346287
136,5,32,33,0.06653225806451613,0.5,13,0.022688930923098784,0.023086027431690196
136,5,32,33,0.06653225806451613,0.5,15,0.019662501358438715,0.020006972204484896
136,5,32,33,0.06653225806451613,0.5,17,0.017348484991546814,0.01765264135817178
136,5,32,33,0.06653225806451613,0.5,19,0.01552180715676165,0.01579409383612669
136,5,32,33,0.06653225806451613,1.0,1,0.9802818267342345,0.9953098324215282
136,5,32,33,0.06653225806451613,1.0,3,0.3073488618432024,0.31154342338611724
136,5,32,33,0.06653225806451613,1.0,5,0.18359069989188526,0.18587174255663066
136,5,32,33,0.06653225806451613,1.0,7,0.13097335005352928,0.13254238098460694
136,5,32,33,0.06653225806451613,1.0,9,0.10181455573190448,0.10301167977854085
136,5,32,33,0.06653225806451613,1.0,11,0.08327990149668804,0.08424815730502928
136,5,32,33,0.06653225806451613,1.0,13,0.07045608767225851,0.07126915996535928
136,5,32,33,0.06653225806451613,1.0,15,0.061055472106004455,0.06175633678390571
136,5,32,33,0.06653225806451613,1.0,17,0.05386853662097521,0.05448446240840625
136,5,32,33,0.06653225806451613,1.0,19,0.04819561533039345,0.04874499490383733
137,5,32,33,0.06653225806451613,0.1,1,0.015274639153889494,0.01476361850407865
137,5,32,33,0.06653225806451613,0.1,3,0.0050854051350751085,0.004914446467110226
137,5,32,33,0.06653225806451613,0.1,5,0.0030507907638320903,0.0029481920668298525
137,5,32,33,0.06653225806451613,0.1,7,0.0021790184750557317,0.0021057303508307543
137,5,32,33,0.06653225806451613,0.1,9,0.0016947454195959863,0.001637742886397982
137,5,32,33,0.06653225806451613,0.1,11,0.00138658682700414,0.0013399482876831543
137,5,32,33,0.06653225806451613,0.1,13,0.0011732527557132952,0.0011337894086897423
137,5,32,33,0.06653225806451613,0.1,15,0.0010168109995470926,0.0009826094946136983
137,5,32,33,0.06653225806451613,0.1,17,0.0008971808516578732,0.000867003116485683
137,5,32,33,0.06653225806451613,0.1,19,0.0008027370617360843,0.0007757359865672079
137,5,32,33,0.06653225806451613,0.5,1,0.35186156353831105,0.34373970164255463
137,5,32,33,0.06653225806451613,0.5,3,0.11488723927609477,0.11188570414596158
137,5,32,33,0.06653225806451613,0.5,5,0.0687979912515813,0.06698022801464892
137,5,32,33,0.06653225806451613,0.5,7,0.04911130113045109,0.04780948635124704
137,5,32,33,0.06653225806451613,0.5,9,0.03818687588755125,0.03717325297650343
137,5,32,33,0.06653225806451613,0.5,11,0.03123885517727172,0.030409071870267475
137,5,32,33,0.06653225806451613,0.5,13,0.02643023528382799,0.025727890244276977
137,5,32,33,0.06653225806451613,0.5,15,0.022904641276806643,0.022295823014310934
137,5,32,33,0.06653225806451613,0.5,17,0.020208981942333202,0.01967171960455499
137,5,32,33,0.06653225806451613,0.5,19,0.018081049535428363,0.017600297754120094
137,5,32,33,0.06653225806451613,1.0,1,1.0985548668960337,1.0925720670444024
137,5,32,33,0.06653225806451613,1.0,3,0.3474155755117878,0.3428329708124846
137,5,32,33,0.06653225806451613,1.0,5,0.2072641135782302,0.20431849618833492
137,5,32,33,0.06653225806451613,1.0,7,0.14778511418625667,0.14562934034569283
137,5,32,33,0.06653225806451613,1.0,9,0.11485221586389593,0.1131554592338487
137,5,32,33,0.06653225806451613,1.0,11,0.09392858880031583,0.09253072548053982
137,5,32,33,0.06653225806451613,1.0,13,0.07945623902920917,0.07826815304287887
137,5,32,33,0.06653225806451613,1.0,15,0.06884932805912022,0.06781646596139813
137,5,32,33,0.06653225806451613,1.0,17,0.06074136507506017,0.0598279532162009
137,5,32,33,0.06653225806451613,1.0,19,0.05434216213018651,0.05352349130416825
138,5,32,33,0.06653225806451613,0.1,1,0.015247054231408205,0.014768893314040436
138,5,32,33,0.06653225806451613,0.1,3,0.005076010698096998,0.004918123896950386
138,5,32,33,0.06653225806451613,0.1,5,0.003045128175145048,0.0029505779080609674
138,5,32,33,0.06653225806451613,0.1,7,0.0021749656961644165,0.0021074856610316345
138,5,32,33,0.06653225806451613,0.1,9,0.0016915897430631998,0.0016391294603361767
138,5,32,33,0.06653225806451613,0.1,11,0.0013840030714842232,0.001341093631538065
138,5,32,33,0.06653225806451613,0.1,13,0.0011710654210122862,0.00113476482608976
138,5,32,33,0.06653225806451613,0.1,15,0.0010149146216498776,0.000983458807322054
138,5,32,33,0.06653225806451613,0.1,17,0.0008955071122370836,0.0008677551555079614
138,5,32,33,0.06653225806451613,0.1,19,0.0008012391767001497,0.0007764107210739234
138,5,32,33,0.06653225806451613,0.5,1,0.3512723805763523,0.3425202272373463
138,5,32,33,0.06653225806451613,0.5,3,0.11466780969954869,0.11193315554822524
138,5,32,33,0.06653225806451613,0.5,5,0.06866205498302796,0.06704318717201321
138,5,32,33,0.06653225806451613,0.5,7,0.04901282363561985,0.047863177157907805
138,5,32,33,0.06653225806451613,0.5,9,0.03810967370743107,0.03721839509307395
138,5,32,33,0.06653225806451613,0.5,11,0.03117536947704704,0.030447648309015876
138,5,32,33,0.06653225806451613,0.5,13,0.026376327744619413,0.025761447328358333
138,5,32,33,0.06653225806451613,0.5,15,0.022857800829580343,0.022325466630175476
138,5,32,33,0.06653225806451613,0.5,17,0.02016757050994103,0.01969824349915096
138,5,32,33,0.06653225806451613,0.5,19,0.018043939400395895,0.017624283592311003
138,5,32,33,0.06653225806451613,1.0,1,1.097108448230616,1.0824300831324971
138,5,32,33,0.06653225806451613,1.0,3,0.3465709768986236,0.3412281352990676
138,5,32,33,0.06653225806451613,1.0,5,0.20665959723039135,0.20355103393122434
138,5,32,33,0.06653225806451613,1.0,7,0.14732223978683714,0.14513175293566152
138,5,32,33,0.06653225806451613,1.0,9,0.11447875305452095,0.11278789781322214
138,5,32,33,0.06653225806451613,1.0,11,0.09361604906955864,0.09223929688470993
138,5,32,33,0.06653225806451613,1.0,13,0.07918770953081296,0.07802667048083671
138,5,32,33,0.06653225806451613,1.0,15,0.06861402300526084,0.06761026989979096
138,5,32,33,0.06653225806451613,1.0,17,0.060532007716106936,0.05964801695424495
138,5,32,33,0.06653225806451613,1.0,19,0.054153619805883305,0.05336386315178219
139,5,32,33,0.06653225806451613,0.1,1,0.013615753922393507,0.013664628461645211
139,5,32,33,0.06653225806451613,0.1,3,0.004533445801533905,0.004549000233983157
139,5,32,33,0.06653225806451613,0.1,5,0.002719706609536939,0.002728979252798528
139,5,32,33,0.06653225806451613,0.1,7,0.0019425555403570082,0.0019491628795554519
139,5,32,33,0.06653225806451613,0.1,9,0.0015108404697739947,0.0015159731075020146
139,5,32,33,0.06653225806451613,0.1,11,0.001236124553613745,0.0012403208049142794
139,5,32,33,0.06653225806451613,0.1,13,0.0010459416408249175,0.00104949051264401
139,5,32,33,0.06653225806451613,0.1,15,0.0009064766560808549,0.0009095512268164622
139,5,32,33,0.06653225806451613,0.1,17,0.0007998283266544366,0.0008025404425389716
139,5,32,33,0.06653225806451613,0.1,19,0.0007156330877006996,0.0007180592021353676
139,5,32,33,0.06653225806451613,0.5,1,0.31779811286020143,0.31778033777642406
139,5,32,33,0.06653225806451613,0.5,3,0.1039896340160163,0.10364066234435299
139,5,32,33,0.06653225806451613,0.5,5,0.06231157043850966,0.062054025836975155
139,5,32,33,0.06653225806451613,0.5,7,0.04449249316453262,0.044294412701694104
139,5,32,33,0.06653225806451613,0.5,9,0.034600169244061486,0.03444030300765372
139,5,32,33,0.06653225806451613,0.5,11,0.028307096701760532,0.028173361354803125
139,5,32,33,0.06653225806451613,0.5,13,0.023951112521735474,0.02383626420977054
139,5,32,33,0.06653225806451613,0.5,15,0.020757057750850398,0.0206564640968898
139,5,32,33,0.06653225806451613,0.5,17,0.018314710640317606,0.018225244354876144
139,5,32,33,0.06653225806451613,0.5,19,0.016386631425894395,0.016306086897631925
139,5,32,33,0.06653225806451613,1.0,1,1.0314051333189085,1.018206006865844
139,5,32,33,0.06653225806451613,1.0,3,0.33159782798679627,0.32228726056172385
139,5,32,33,0.06653225806451613,1.0,5,0.19775902465025402,0.19256240164948765
139,5,32,33,0.06653225806451613,1.0,7,0.14093139731465848,0.13738809287195114
139,5,32,33,0.06653225806451613,1.0,9,0.10948277180198844,0.10680737344952539
139,5,32,33,0.06653225806451613,1.0,11,0.08951206811990822,0.08736701401497973
139,5,32,33,0.06653225806451613,1.0,13,0.07570434133758434,0.07391570586921137
139,5,32,33,0.06653225806451613,1.0,15,0.0655877374539902,0.06405465844008912
139,5,32,33,0.06653225806451613,1.0,17,0.05785652669942734,0.05651546453082031
139,5,32,33,0.06653225806451613,1.0,19,0.051755934928626054,0.050564340360131965
140,5,32,33,0.06653225806451613,0.1,1,0.01306822417416879,0.012610253081074453
140,5,32,33,0.06653225806451613,0.1,3,0.0043491272325410744,0.0041977123319450246
140,5,32,33,0.06653225806451613,0.1,5,0.002608929003562054,0.002518259803530248
140,5,32,33,0.06653225806451613,0.1,7,0.0018633738254976461,0.0017986676730139398
140,5,32,33,0.06653225806451613,0.1,9,0.0014492314379203558,0.0013989298299002587
140,5,32,33,0.06653225806451613,0.1,11,0.001185705192987324,0.0011445627189879109
140,5,32,33,0.06653225806451613,0.1,13,0.0010032721448812205,0.0009684671876140951
140,5,32,33,0.06653225806451613,0.1,15,0.0008694920264397495,0.0008393327830635571
140,5,32,33,0.06653225806451613,0.1,17,0.0007671918730886947,0.0007405841998842229
140,5,32,33,0.06653225806451613,0.1,19,0.0006864299682099752,0.0006626255292059557
140,5,32,33,0.06653225806451613,0.5,1,0.30691113301526385,0.29456650558441716
140,5,32,33,0.06653225806451613,0.5,3,0.09987818064542035,0.0956847420617993
140,5,32,33,0.06653225806451613,0.5,5,0.05980447088036434,0.05728951476092511
140,5,32,33,0.06653225806451613,0.5,7,0.042691015361340595,0.04089689105600794
140,5,32,33,0.06653225806451613,0.5,9,0.03319485560400264,0.031800817860378396
140,5,32,33,0.06653225806451613,0.5,11,0.027155254301056517,0.026015528931348238
140,5,32,33,0.06653225806451613,0.5,13,0.02297532813683212,0.022011492342466656
140,5,32,33,0.06653225806451613,0.5,15,0.0199106682818542,0.019075713668705613
140,5,32,33,0.06653225806451613,0.5,17,0.017567427487690183,0.016830963365771997
140,5,32,33,0.06653225806451613,0.5,19,0.01571768374853938,0.015058932253564744
140,5,32,33,0.06653225806451613,1.0,1,1.0012670111244255,0.9647922669225891
140,5,32,33,0.06653225806451613,1.0,3,0.31675227724500943,0.30693042957727784
140,5,32,33,0.06653225806451613,1.0,5,0.18928008204868507,0.18329602042904036
140,5,32,33,0.06653225806451613,1.0,7,0.13503454846526247,0.13074170431631119
140,5,32,33,0.06653225806451613,1.0,9,0.10496912020830407,0.10162444211144554
140,5,32,33,0.06653225806451613,1.0,11,0.0858578846769664,0.08311896673245514
140,5,32,33,0.06653225806451613,1.0,13,0.0726353617922997,0.07031667515656877
140,5,32,33,0.06653225806451613,1.0,15,0.06294270009234747,0.06093255257360175
140,5,32,33,0.06653225806451613,1.0,17,0.055532669963566844,0.053758644302632864
140,5,32,33,0.06653225806451613,1.0,19,0.04968378347299952,0.04809626628016417
141,5,32,33,0.06653225806451613,0.1,1,0.013418645534152436,0.012758538535301317
141,5,32,33,0.06653225806451613,0.1,3,0.004467939273009911,0.004244718002922229
141,5,32,33,0.06653225806451613,0.1,5,0.0026804192725821945,0.0025460906411893403
141,5,32,33,0.06653225806451613,0.1,7,0.0019144979411340342,0.0018184265911809125
141,5,32,33,0.06653225806451613,0.1,9,0.0014890199118308336,0.0014142446547405357
141,5,32,33,0.06653225806451613,0.1,11,0.001218272408115127,0.001157064933538668
141,5,32,33,0.06653225806451613,0.1,13,0.0010308365827948586,0.0009790293764352976
141,5,32,33,0.06653225806451613,0.1,15,0.0008933859873779793,0.0008484760573528222
141,5,32,33,0.06653225806451613,0.1,17,0.0007882779931288903,0.0007486445933329827
141,5,32,33,0.06653225806451613,0.1,19,0.0007052987594336909,0.0006698323546296131
141,5,32,33,0.06653225806451613,0.5,1,0.31299615617664595,0.301270889498166
141,5,32,33,0.06653225806451613,0.5,3,0.10234854651648181,0.09830657897285319
141,5,32,33,0.06653225806451613,0.5,5,0.061303408746350305,0.05885512141047954
141,5,32,33,0.06653225806451613,0.5,7,0.043765011789017365,0.04200845562629704
141,5,32,33,0.06653225806451613,0.5,9,0.0340313021459228,0.032661580070827416
141,5,32,33,0.06653225806451613,0.5,11,0.027840108546289554,0.02671755136132456
141,5,32,33,0.06653225806451613,0.5,13,0.023555072332127627,0.02260409910271557
141,5,32,33,0.06653225806451613,0.5,15,0.02041325844714377,0.019588363192766325
141,5,32,33,0.06653225806451613,0.5,17,0.01801097992151488,0.017282642100347342
141,5,32,33,0.06653225806451613,0.5,19,0.016114606373269974,0.015462587856896236
141,5,32,33,0.06653225806451613,1.0,1,1.0093934506882105,0.9952586071260323
141,5,32,33,0.06653225806451613,1.0,3,0.32173115744593644,0.317104789584015
141,5,32,33,0.06653225806451613,1.0,5,0.1923778215614927,0.18935456982221
141,5,32,33,0.06653225806451613,1.0,7,0.13726518423044173,0.13505768714296892
141,5,32,33,0.06653225806451613,1.0,9,0.10670968657228087,0.10497708794779381
141,5,32,33,0.06653225806451613,1.0,11,0.08728443363322654,0.08586013655383337
141,5,32,33,0.06653225806451613,1.0,13,0.07384373105620726,0.07263514419623233
141,5,32,33,0.06653225806451613,1.0,15,0.06399071961945084,0.06294133390907065
141,5,32,33,0.06653225806451613,1.0,17,0.05645788762581335,0.055530756965228315
141,5,32,33,0.06653225806451613,1.0,19,0.05051194870221871,0.04968161989442919
142,5,32,33,0.06653225806451613,0.1,1,0.01714822113693851,0.016483683998402655
142,5,32,33,0.06653225806451613,0.1,3,0.0057078956857044005,0.005488052336689664
142,5,32,33,0.06653225806451613,0.1,5,0.0034241041410981083,0.0032924707248136987
142,5,32,33,0.06653225806451613,0.1,7,0.002445620213361234,0.0023516849317082593
142,5,32,33,0.06653225806451613,0.1,9,0.0019020813895143196,0.0018290599223873792
142,5,32,33,0.06653225806451613,0.1,11,0.0015562147391822328,0.0014964906803336818
142,5,32,33,0.06653225806451613,0.1,13,0.0013167779646048895,0.0012662545141878844
142,5,32,33,0.06653225806451613,0.1,15,0.001141195687197083,0.0010974165628931777
142,5,32,33,0.06653225806451613,0.1,17,0.0010069294903536357,0.0009683061859880977
142,5,32,33,0.06653225806451613,0.1,19,0.0009009314205791283,0.0008663775103693289
142,5,32,33,0.06653225806451613,0.5,1,0.39205880917723024,0.3765321436995337
142,5,32,33,0.06653225806451613,0.5,3,0.12774370846119146,0.1223213865192715
142,5,32,33,0.06653225806451613,0.5,5,0.0764760588778808,0.07324021471817704
142,5,32,33,0.06653225806451613,0.5,7,0.05458627199153875,0.05228363946007201
142,5,32,33,0.06653225806451613,0.5,9,0.04244146377852295,0.0406549297769684
142,5,32,33,0.06653225806451613,0.5,11,0.034718042961702056,0.03325881997147711
142,5,32,33,0.06653225806451613,0.5,13,0.02937312519526117,0.028139928892174013
142,5,32,33,0.06653225806451613,0.5,15,0.025454503715650053,0.024386739689259716
142,5,32,33,0.06653225806451613,0.5,17,0.022458436261128818,0.021516987002713914
142,5,32,33,0.06653225806451613,0.5,19,0.02009342442371602,0.01925157540637311
142,5,32,33,0.06653225806451613,1.0,1,1.1843689813064846,1.1474856301043739
142,5,32,33,0.06653225806451613,1.0,3,0.3740142635338438,0.3568987575490835
142,5,32,33,0.06653225806451613,1.0,5,0.2231572861795415,0.21288867077286056
142,5,32,33,0.06653225806451613,1.0,7,0.15909322527478165,0.15180915384622007
142,5,32,33,0.06653225806451613,1.0,9,0.12362330896178783,0.11799051403539397
142,5,32,33,0.06653225806451613,1.0,11,0.10109089317618972,0.09650250534046319
142,5,32,33,0.06653225806451613,1.0,13,0.08550786219182294,0.08163852187303594
142,5,32,33,0.06653225806451613,1.0,15,0.07408823578298365,0.07074373282869219
142,5,32,33,0.06653225806451613,1.0,17,0.06535987343774873,0.06241515207052476
142,5,32,33,0.06653225806451613,1.0,19,0.058471580084052656,0.05584144480580739
143,5,32,33,0.06653225806451613,0.1,1,0.013343602065891294,0.012943668434223218
143,5,32,33,0.06653225806451613,0.1,3,0.004442573841314438,0.00430382209094704
143,5,32,33,0.06653225806451613,0.1,5,0.002665129368385809,0.002581287042984076
143,5,32,33,0.06653225806451613,0.1,7,0.0019035526770182756,0.0018434896020557284
143,5,32,33,0.06653225806451613,0.1,9,0.0014804961301296653,0.0014337055997014265
143,5,32,33,0.06653225806451613,0.1,11,0.0012112926381120349,0.0011729708743724934
143,5,32,33,0.06653225806451613,0.1,13,0.0010249271893401869,0.0009924786031896273
143,5,32,33,0.06653225806451613,0.1,15,0.0008882623050479945,0.0008601259720864471
143,5,32,33,0.06653225806451613,0.1,17,0.0007837555943093014,0.0007589198510613502
143,5,32,33,0.06653225806451613,0.1,19,0.0007012513341325654,0.0006790231388023457
143,5,32,33,0.06653225806451613,0.5,1,0.3129808468779738,0.3065119883040471
143,5,32,33,0.06653225806451613,0.5,3,0.10253286098798786,0.0994776789653773
143,5,32,33,0.06653225806451613,0.5,5,0.06142873138625406,0.05948793458196885
143,5,32,33,0.06653225806451613,0.5,7,0.043857900686655175,0.04244025331131827
143,5,32,33,0.06653225806451613,0.5,9,0.03410475257751235,0.032989004482130595
143,5,32,33,0.06653225806451613,0.5,11,0.02790075009556371,0.026981170057275846
143,5,32,33,0.06653225806451613,0.5,13,0.02360667207298523,0.02282470263970748
143,5,32,33,0.06653225806451613,0.5,15,0.02045814634981005,0.019778011869996222
143,5,32,33,0.06653225806451613,0.5,17,0.01805069283771115,0.01744895052481066
143,5,32,33,0.06653225806451613,0.5,19,0.016150209670608703,0.015610669804461283
143,5,32,33,0.06653225806451613,1.0,1,1.0203867433610738,1.010708634115961
143,5,32,33,0.06653225806451613,1.0,3,0.33076841266660795,0.31888124865282746
143,5,32,33,0.06653225806451613,1.0,5,0.1977790787698502,0.18980070714510358
143,5,32,33,0.06653225806451613,1.0,7,0.14109749255486725,0.13517277420431767
143,5,32,33,0.06653225806451613,1.0,9,0.10967578807730159,0.10497638296955725
143,5,32,33,0.06653225806451613,1.0,11,0.08970263533881774,0.08581200294704608
143,5,32,33,0.06653225806451613,1.0,13,0.07588447364331528,0.07256635758162289
143,5,32,33,0.06653225806451613,1.0,15,0.06575574134717087,0.0628638047599936
143,5,32,33,0.06653225806451613,1.0,17,0.05801272977210011,0.055450223619074084
143,5,32,33,0.06653225806451613,1.0,19,0.05190128914161863,0.04960097938667146
144,5,32,33,0.06653225806451613,0.1,1,0.013928946623915443,0.013633362111337722
144,5,32,33,0.06653225806451613,0.1,3,0.0046409374935957965,0.004542761564789239
144,5,32,33,0.06653225806451613,0.1,5,0.0027844642146399802,0.002725575731234255
144,5,32,33,0.06653225806451613,0.1,7,0.0019888836668108946,0.0019468238274657598
144,5,32,33,0.06653225806451613,0.1,9,0.0015469033270019174,0.0015141911953540806
144,5,32,33,0.06653225806451613,0.1,11,0.0012656456122537298,0.0012388815869017811
144,5,32,33,0.06653225806451613,0.1,13,0.0010709296546724946,0.0010482833887478016
144,5,32,33,0.06653225806451613,0.1,15,0.0009281383554395518,0.0009085117096719492
144,5,32,33,0.06653225806451613,0.1,17,0.0008189452075706591,0.0008016276485618107
144,5,32,33,0.06653225806451613,0.1,19,0.000732740197823717,0.0007172455834300602
144,5,32,33,0.06653225806451613,0.5,1,0.32428031474816005,0.3187734857421778
144,5,32,33,0.06653225806451613,0.5,3,0.10700008544369048,0.10543705685676523
144,5,32,33,0.06653225806451613,0.5,5,0.06414417813146486,0.06322152555283221
144,5,32,33,0.06653225806451613,0.5,7,0.045806206190061434,0.045150187909478126
144,5,32,33,0.06653225806451613,0.5,9,0.035623501270638895,0.03511423461560417
144,5,32,33,0.06653225806451613,0.5,11,0.029145030369932604,0.028728759917427776
144,5,32,33,0.06653225806451613,0.5,13,0.024660463505967574,0.024308430588176996
144,5,32,33,0.06653225806451613,0.5,15,0.021372012255112385,0.021067023646691458
144,5,32,33,0.06653225806451613,0.5,17,0.018857428178871663,0.018588383455840095
144,5,32,33,0.06653225806451613,0.5,19,0.016872291619914413,0.016631606846719535
144,5,32,33,0.06653225806451613,1.0,1,1.041024922853402,1.036298487139026
144,5,32,33,0.06653225806451613,1.0,3,0.3368642618730417,0.34060787439049317
144,5,32,33,0.06653225806451613,1.0,5,0.2011132527118846,0.20388865754247532
144,5,32,33,0.06653225806451613,1.0,7,0.14340995197633963,0.14553651422764868
144,5,32,33,0.06653225806451613,1.0,9,0.11145122494633863,0.11316318097168157
144,5,32,33,0.06653225806451613,1.0,11,0.09114541881723782,0.09257477125583752
144,5,32,33,0.06653225806451613,1.0,13,0.07710044908720912,0.07832601238350809
144,5,32,33,0.06653225806451613,1.0,15,0.06680697332232645,0.06787901042711617
144,5,32,33,0.06653225806451613,1.0,17,0.058938786655880836,0.05989115822330435
144,5,32,33,0.06653225806451613,1.0,19,0.05272896936730299,0.05358551583819068
145,5,32,33,0.06653225806451613,0.1,1,0.014338020262833569,0.013718150643001737
145,5,32,33,0.06653225806451613,0.1,3,0.004771863434674133,0.004565488151792457
145,5,32,33,0.06653225806451613,0.1,5,0.0028625289663690608,0.0027387789903847988
145,5,32,33,0.06653225806451613,0.1,7,0.002044505634546173,0.001956139010817136
145,5,32,33,0.06653225806451613,0.1,9,0.001590107337924768,0.0015213897079845314
145,5,32,33,0.06653225806451613,0.1,11,0.0013009651174697473,0.001244748025665982
145,5,32,33,0.06653225806451613,0.1,13,0.0011007985429570455,0.0010532340717010838
145,5,32,33,0.06653225806451613,0.1,15,0.0009540141428242146,0.0009127940732099328
145,5,32,33,0.06653225806451613,0.1,17,0.0008417697070776819,0.0008054007422678998
145,5,32,33,0.06653225806451613,0.1,19,0.0007531571534396171,0.0007206177000330652
145,5,32,33,0.06653225806451613,0.5,1,0.3323021366631543,0.3184949188366341
145,5,32,33,0.06653225806451613,0.5,3,0.10811577797227379,0.10326577418698125
145,5,32,33,0.06653225806451613,0.5,5,0.06471894292988807,0.061812002260021974
145,5,32,33,0.06653225806451613,0.5,7,0.04619266506556933,0.04411944831363205
145,5,32,33,0.06653225806451613,0.5,9,0.035914620146945755,0.034303920922495595
145,5,32,33,0.06653225806451613,0.5,11,0.02937857812984897,0.028061800830948988
145,5,32,33,0.06653225806451613,0.5,13,0.024855471955973787,0.023741950125016828
145,5,32,33,0.06653225806451613,0.5,15,0.02153941072484775,0.020574808910009738
145,5,32,33,0.06653225806451613,0.5,17,0.019004071935948743,0.018153267542989526
145,5,32,33,0.06653225806451613,0.5,19,0.01700276346163567,0.01624174578021729
145,5,32,33,0.06653225806451613,1.0,1,1.0452556716201153,1.0099830891693906
145,5,32,33,0.06653225806451613,1.0,3,0.3289607401965721,0.3137392617671295
145,5,32,33,0.06653225806451613,1.0,5,0.1964024844762785,0.18740602004462154
145,5,32,33,0.06653225806451613,1.0,7,0.1400492646374115,0.1336995031578174
145,5,32,33,0.06653225806451613,1.0,9,0.10883598506501581,0.10393669486166754
145,5,32,33,0.06653225806451613,1.0,11,0.08900369010799894,0.08501762819604879
145,5,32,33,0.06653225806451613,1.0,13,0.0752864557846441,0.07192751599562885
145,5,32,33,0.06653225806451613,1.0,15,0.06523340350194862,0.06233147078327157
145,5,32,33,0.06653225806451613,1.0,17,0.0575491751446194,0.05499498162922551
145,5,32,33,0.06653225806451613,1.0,19,0.05148468130784159,0.04920391372270658
146,5,32,33,0.06653225806451613,0.1,1,0.013700574774298771,0.013537923480524941
146,5,32,33,0.06653225806451613,0.1,3,0.004562541683864464,0.0045078345160861405
146,5,32,33,0.06653225806451613,0.1,5,0.0027373017749827365,0.0027044029710793626
146,5,32,33,0.06653225806451613,0.1,7,0.00195516866749701,0.0019316455146584778
146,5,32,33,0.06653225806451613,0.1,9,0.001520670806758477,0.0015023644030396205
146,5,32,33,0.06653225806451613,0.1,11,0.0012441782248615503,0.0012291946548593415
146,5,32,33,0.06653225806451613,0.1,13,0.001052762608289431,0.0010400808915355462
146,5,32,33,0.06653225806451613,0.1,15,0.0009123922125858307,0.0009013992737685962
146,5,32,33,0.06653225806451613,0.1,17,0.0008050506856258337,0.0007953495982821487
146,5,32,33,0.06653225806451613,0.1,19,0.0007203076765445492,0.0007116267387153212
146,5,32,33,0.06653225806451613,0.5,1,0.3183224884931969,0.31399351585806445
146,5,32,33,0.06653225806451613,0.5,3,0.10385686335408695,0.10251864900983887
146,5,32,33,0.06653225806451613,0.5,5,0.0622058736175158,0.06141040648656665
146,5,32,33,0.06653225806451613,0.5,7,0.04441108471360358,0.043844405404635044
146,5,32,33,0.06653225806451613,0.5,9,0.034534887442671726,0.03409461114349955
146,5,32,33,0.06653225806451613,0.5,11,0.028252836781824914,0.027892799828635382
146,5,32,33,0.06653225806451613,0.5,13,0.023904770213920398,0.023600211261609754
146,5,32,33,0.06653225806451613,0.5,15,0.02071665067570063,0.020452744683788073
146,5,32,33,0.06653225806451613,0.5,17,0.018278907655631265,0.018046074413374816
146,5,32,33,0.06653225806451613,0.5,19,0.0163544994863357,0.016146189637913293
146,5,32,33,0.06653225806451613,1.0,1,1.017965339037032,0.998449522467765
146,5,32,33,0.06653225806451613,1.0,3,0.3190152958674236,0.31800181090986485
146,5,32,33,0.06653225806451613,1.0,5,0.19043925126889333,0.1899385348880355
146,5,32,33,0.06653225806451613,1.0,7,0.13583601123907413,0.13548608600395193
146,5,32,33,0.06653225806451613,1.0,9,0.10558849797451782,0.10531456477041619
146,5,32,33,0.06653225806451613,1.0,11,0.08636492349088778,0.08613829235583839
146,5,32,33,0.06653225806451613,1.0,13,0.07306547704992927,0.07287162635943285
146,5,32,33,0.06653225806451613,1.0,15,0.06331657422496394,0.06314696255124616
146,5,32,33,0.06653225806451613,1.0,17,0.05586351917614482,0.05571263372696502
146,5,32,33,0.06653225806451613,1.0,19,0.04998060201485798,0.04984465275537291
147,5,32,33,0.06653225806451613,0.1,1,0.013555940103860518,0.013109961454737497
147,5,32,33,0.06653225806451613,0.1,3,0.004515948192141237,0.004365863523862165
147,5,32,33,0.06653225806451613,0.1,5,0.002709437927211152,0.0026192944553259235
147,5,32,33,0.06653225806451613,0.1,7,0.0019352866981448694,0.0018708758617086497
147,5,32,33,0.06653225806451613,0.1,9,0.0015052145263340126,0.0014551085804407815
147,5,32,33,0.06653225806451613,0.1,11,0.0012315356103478167,0.0011905356953003728
147,5,32,33,0.06653225806451613,0.1,13,0.001042066845889835,0.0010073723197145637
147,5,32,33,0.06653225806451613,0.1,15,0.000903123638166018,0.0008730536542281064
147,5,32,33,0.06653225806451613,0.1,17,0.0007968732246145719,0.0007703399756265706
147,5,32,33,0.06653225806451613,0.1,19,0.0007129914683738499,0.0006892505668619764
147,5,32,33,0.06653225806451613,0.5,1,0.31342900161341214,0.3056475100308538
147,5,32,33,0.06653225806451613,0.5,3,0.10303990476662729,0.09978677201929487
147,5,32,33,0.06653225806451613,0.5,5,0.06175823823435434,0.05977184348474007
147,5,32,33,0.06653225806451613,0.5,7,0.04409998403650624,0.042674000192495426
147,5,32,33,0.06653225806451613,0.5,9,0.034295763690020034,0.033184276726891684
147,5,32,33,0.06653225806451613,0.5,11,0.02805839948481644,0.027147967979102842
147,5,32,33,0.06653225806451613,0.5,13,0.02374085026181842,0.022969961011846663
147,5,32,33,0.06653225806451613,0.5,15,0.020574923409596827,0.019906522770721767
147,5,32,33,0.06653225806451613,0.5,17,0.018154057622349184,0.017564110579023375
147,5,32,33,0.06653225806451613,0.5,19,0.016242922258538756,0.015714956559895507
147,5,32,33,0.06653225806451613,1.0,1,0.9902100972277418,0.9836951443176375
147,5,32,33,0.06653225806451613,1.0,3,0.3179384708457784,0.3079308291705291
147,5,32,33,0.06653225806451613,1.0,5,0.19025417206201345,0.1838115547250328
147,5,32,33,0.06653225806451613,1.0,7,0.1357893646203109,0.13110841275960455
147,5,32,33,0.06653225806451613,1.0,9,0.1055777976501899,0.10191378081890651
147,5,32,33,0.06653225806451613,1.0,11,0.08636600631661613,0.08335932856524952
147,5,32,33,0.06653225806451613,1.0,13,0.07307081150309136,0.07052276878379289
147,5,32,33,0.06653225806451613,1.0,15,0.06332339887387312,0.06111315726769279
147,5,32,33,0.06653225806451613,1.0,17,0.05587072061903257,0.05391948078461529
147,5,32,33,0.06653225806451613,1.0,19,0.04998771121200302,0.04824129316409644
148,5,32,33,0.06653225806451613,0.1,1,0.013784869031489778,0.013719997707665528
148,5,32,33,0.06653225806451613,0.1,3,0.0045823062732141505,0.004568530410515363
148,5,32,33,0.06653225806451613,0.1,5,0.002748304005386823,0.0027408528785514115
148,5,32,33,0.06653225806451613,0.1,7,0.001962777767776283,0.0019576934681352232
148,5,32,33,0.06653225806451613,0.1,9,0.0015264837728296708,0.0015226297269049158
148,5,32,33,0.06653225806451613,0.1,11,0.0012488803233781803,0.0012457785455184968
148,5,32,33,0.06653225806451613,0.1,13,0.0010567100148693514,0.0010541153296270889
148,5,32,33,0.06653225806451613,0.1,15,0.0009157935558459249,0.0009135636966769993
148,5,32,33,0.06653225806451613,0.1,17,0.0008080386235227534,0.0008060837645832105
148,5,32,33,0.06653225806451613,0.1,19,0.0007229717776639567,0.0007212316017711079
148,5,32,33,0.06653225806451613,0.5,1,0.32527443667699246,0.3187303866334253
148,5,32,33,0.06653225806451613,0.5,3,0.10498805441450117,0.1038613761667124
148,5,32,33,0.06653225806451613,0.5,5,0.06277617773714564,0.06219957034538061
148,5,32,33,0.06653225806451613,0.5,7,0.04479324734684108,0.04440408545418404
148,5,32,33,0.06653225806451613,0.5,9,0.03482321529973202,0.034528412123305804
148,5,32,33,0.06653225806451613,0.5,11,0.028484750965198615,0.028247015767758645
148,5,32,33,0.06653225806451613,0.5,13,0.024098926745136036,0.02389954369751111
148,5,32,33,0.06653225806451613,0.5,15,0.020883717677979183,0.020711932098468822
148,5,32,33,0.06653225806451613,0.5,17,0.01842556936658977,0.01827461793450421
148,5,32,33,0.06653225806451613,0.5,19,0.01648522659187122,0.01635057278268311
148,5,32,33,0.06653225806451613,1.0,1,1.0575462202057109,1.0196533786037445
148,5,32,33,0.06653225806451613,1.0,3,0.3336858279246852,0.3188039089895443
148,5,32,33,0.06653225806451613,1.0,5,0.19832604247762792,0.19032047642547534
148,5,32,33,0.06653225806451613,1.0,7,0.14114319977326079,0.13575131472096244
148,5,32,33,0.06653225806451613,1.0,9,0.10956966332947252,0.10552154759936745
148,5,32,33,0.06653225806451613,1.0,11,0.0895449005279587,0.08630915834332019
148,5,32,33,0.06653225806451613,1.0,13,0.07571074784623617,0.0730175307997074
148,5,32,33,0.06653225806451613,1.0,15,0.06558023006008015,0.06327445085013232
148,5,32,33,0.06653225806451613,1.0,17,0.05784137806521862,0.055825921602836025
148,5,32,33,0.06653225806451613,1.0,19,0.0517365270669942,0.04994663294877584
149,5,32,33,0.06653225806451613,0.1,1,0.015160035098691876,0.014141027292875284
149,5,32,33,0.06653225806451613,0.1,3,0.005046135168079064,0.0047080535727232154
149,5,32,33,0.06653225806451613,0.1,5,0.0030271900504783237,0.0028244765894275
149,5,32,33,0.06653225806451613,0.1,7,0.00216215561483116,0.0020173977825209024
149,5,32,33,0.06653225806451613,0.1,9,0.001681628960498717,0.0015690549366114497
149,5,32,33,0.06653225806451613,0.1,11,0.0013758551213043809,0.0012837568770628725
149,5,32,33,0.06653225806451613,0.1,13,0.0011641722071592912,0.0010862473845080368
149,5,32,33,0.06653225806451613,0.1,15,0.001008941342357201,0.0009414092889676671
149,5,32,33,0.06653225806451613,0.1,17,0.0008902371749559534,0.0008306519322278672
149,5,32,33,0.06653225806451613,0.1,19,0.0007965244160248767,0.0007432126085678328
149,5,32,33,0.06653225806451613,0.5,1,0.3495727396310352,0.329569377163734
149,5,32,33,0.06653225806451613,0.5,3,0.11340643571185409,0.10739780398637955
149,5,32,33,0.06653225806451613,0.5,5,0.06787283603919356,0.06430529486067227
149,5,32,33,0.06653225806451613,0.5,7,0.04844243767014057,0.04590278546473736
149,5,32,33,0.06653225806451613,0.5,9,0.03766382280819526,0.03569165962538499
149,5,32,33,0.06653225806451613,0.5,11,0.030809630212154736,0.02919748776624587
149,5,32,33,0.06653225806451613,0.5,13,0.026066376815478166,0.024703033741960465
149,5,32,33,0.06653225806451613,0.5,15,0.022588907687093988,0.021407806519400645
149,5,32,33,0.06653225806451613,0.5,17,0.019930148347935068,0.0188882967781285
149,5,32,33,0.06653225806451613,0.5,19,0.017831403442037888,0.016899421269263314
149,5,32,33,0.06653225806451613,1.0,1,1.0847924473663473,1.0591883862236655
149,5,32,33,0.06653225806451613,1.0,3,0.3338620190496878,0.33415296852867776
149,5,32,33,0.06653225806451613,1.0,5,0.19880155346186765,0.1993757287010099
149,5,32,33,0.06653225806451613,1.0,7,0.1416385035937711,0.14215603116192552
149,5,32,33,0.06653225806451613,1.0,9,0.11002619541610657,0.11047283850257436
149,5,32,33,0.06653225806451613,1.0,11,0.08995595879726216,0.09034371614917462
149,5,32,33,0.06653225806451613,1.0,13,0.07608049486584005,0.0764214255625698
149,5,32,33,0.06653225806451613,1.0,15,0.06591451664080843,0.06621803062420994
149,5,32,33,0.06653225806451613,1.0,17,0.05814559779353251,0.05841877240028471
149,5,32,33,0.06653225806451613,1.0,19,0.05201521122886464,0.05226339079168794
150,5,32,33,0.06653225806451613,0.1,1,0.012129927415808147,0.01206741221249678
150,5,32,33,0.06653225806451613,0.1,3,0.0040381440476664416,0.004016917418117579
150,5,32,33,0.06653225806451613,0.1,5,0.0024225040212567835,0.002409737973817566
150,5,32,33,0.06653225806451613,0.1,7,0.0017302603902521188,0.0017211337049695304
150,5,32,33,0.06653225806451613,0.1,9,0.0013457185575798567,0.001338616756606493
150,5,32,33,0.06653225806451613,0.1,11,0.0011010229512202888,0.001095210752751745
150,5,32,33,0.06653225806451613,0.1,13,0.0009316237930167402,0.0009267048476122207
150,5,32,33,0.06653225806451613,0.1,15,0.0008074004753517537,0.0008031368090704602
150,5,32,33,0.06653225806451613,0.1,17,0.0007124076819432786,0.0007086452377837797
150,5,32,33,0.06653225806451613,0.1,19,0.0006374142709685248,0.0006340476043321839
150,5,32,33,0.06653225806451613,0.5,1,0.28597094531867445,0.28388806926526566
150,5,32,33,0.06653225806451613,0.5,3,0.09329331439009422,0.09247091964670917
150,5,32,33,0.06653225806451613,0.5,5,0.055858213421080875,0.055362203983519306
150,5,32,33,0.06653225806451613,0.5,7,0.039872118004440175,0.03951741798751356
150,5,32,33,0.06653225806451613,0.5,9,0.03100207223782398,0.0307260714928035
150,5,32,33,0.06653225806451613,0.5,11,0.02536093353958911,0.025135063755078967
150,5,32,33,0.06653225806451613,0.5,13,0.021456901866884544,0.021265755743787702
150,5,32,33,0.06653225806451613,0.5,15,0.018594590769348444,0.018428916321572085
150,5,32,33,0.06653225806451613,0.5,17,0.016406105067623643,0.01625991277938834
150,5,32,33,0.06653225806451613,0.5,19,0.014678548569748784,0.014547739038054926
150,5,32,33,0.06653225806451613,1.0,1,0.9509107254967321,0.9358152855722659
150,5,32,33,0.06653225806451613,1.0,3,0.2983647330120736,0.29360141279867424
150,5,32,33,0.06653225806451613,1.0,5,0.17789571165555407,0.175441325453617
150,5,32,33,0.06653225806451613,1.0,7,0.12680121425678187,0.1251767788807101
150,5,32,33,0.06653225806451613,1.0,9,0.09852440805448137,0.0973155859463751
150,5,32,33,0.06653225806451613,1.0,11,0.08056479689699245,0.07960354879579143
150,5,32,33,0.06653225806451613,1.0,13,0.06814535082620506,0.06734791858406518
150,5,32,33,0.06653225806451613,1.0,15,0.059044490372178765,0.05836332001234564
150,5,32,33,0.06653225806451613,1.0,17,0.05208859221532616,0.05149415795649261
150,5,32,33,0.06653225806451613,1.0,19,0.046599163587729614,0.04607189838456005
151,5,32,33,0.06653225806451613,0.1,1,0.01246810605887995,0.012457023148131135
151,5,32,33,0.06653225806451613,0.1,3,0.004148983394983204,0.004148038966599423
151,5,32,33,0.06653225806451613,0.1,5,0.002488804775741471,0.00248858033006048
151,5,32,33,0.06653225806451613,0.1,7,0.0017775574289422972,0.0017775028891896252
151,5,32,33,0.06653225806451613,0.1,9,0.0013824792193269705,0.0013824827186114145
151,5,32,33,0.06653225806451613,0.1,11,0.0011310864418810325,0.00113111327879652
151,5,32,33,0.06653225806451613,0.1,13,0.0009570543047204299,0.0009570910822507502
151,5,32,33,0.06653225806451613,0.1,15,0.0008294352920532398,0.0008294761193446152
151,5,32,33,0.06653225806451613,0.1,17,0.0007318468275328808,0.0007318888987078734
151,5,32,33,0.06653225806451613,0.1,19,0.0006548048354542694,0.0006548467527929266
151,5,32,33,0.06653225806451613,0.5,1,0.2936558111787564,0.2917796929812534
151,5,32,33,0.06653225806451613,0.5,3,0.09545135140857823,0.09508994657326511
151,5,32,33,0.06653225806451613,0.5,5,0.05713348458857341,0.05694642189215623
151,5,32,33,0.06653225806451613,0.5,7,0.04077824414726068,0.04065405829080764
151,5,32,33,0.06653225806451613,0.5,9,0.03170496846805143,0.03161254438143078
151,5,32,33,0.06653225806451613,0.5,11,0.025935111150648386,0.025861691384312956
151,5,32,33,0.06653225806451613,0.5,13,0.02194222507563112,0.021881402438522213
151,5,32,33,0.06653225806451613,0.5,15,0.01901488229011105,0.01896300286209423
151,5,32,33,0.06653225806451613,0.5,17,0.01677673726192659,0.016731526920739682
151,5,32,33,0.06653225806451613,0.5,19,0.015010018301182714,0.014969968286825957
151,5,32,33,0.06653225806451613,1.0,1,0.9673424593828652,0.9538895589928226
151,5,32,33,0.06653225806451613,1.0,3,0.3028286264852337,0.29722335392883287
151,5,32,33,0.06653225806451613,1.0,5,0.18095523416123946,0.17740788361451526
151,5,32,33,0.06653225806451613,1.0,7,0.12908196488166485,0.12654622834753917
151,5,32,33,0.06653225806451613,1.0,9,0.10033410792092962,0.09837046853852642
151,5,32,33,0.06653225806451613,1.0,11,0.0820622564114674,0.0804626854428496
151,5,32,33,0.06653225806451613,1.0,13,0.06942151382600413,0.06807307143752164
151,5,32,33,0.06653225806451613,1.0,15,0.06015591197295736,0.05899085503423062
151,5,32,33,0.06653225806451613,1.0,17,0.05307272381158537,0.05204734699884661
151,5,32,33,0.06653225806451613,1.0,19,0.047482044662545894,0.04656658950595956
152,5,32,33,0.06653225806451613,0.1,1,0.012518243396240641,0.012517587518363998
152,5,32,33,0.06653225806451613,0.1,3,0.004168188079286241,0.004168132112230925
152,5,32,33,0.06653225806451613,0.1,5,0.00250063684291943,0.002500618125588562
152,5,32,33,0.06653225806451613,0.1,7,0.0017861043504245073,0.0017860951242836011
152,5,32,33,0.06653225806451613,0.1,9,0.0013891682232240706,0.0013891627523582035
152,5,32,33,0.06653225806451613,0.1,11,0.0011365808654297473,0.0011365772505452637
152,5,32,33,0.06653225806451613,0.1,13,0.0009617161052550691,0.0009617135407270237
152,5,32,33,0.06653225806451613,0.1,15,0.0008334835818101826,0.0008334816686397413
152,5,32,33,0.06653225806451613,0.1,17,0.000735424292260557,0.0007354228105751382
152,5,32,33,0.06653225806451613,0.1,19,0.0006580095729671324,0.0006580083917436482
152,5,32,33,0.06653225806451613,0.5,1,0.29295754354206194,0.29278622021217404
152,5,32,33,0.06653225806451613,0.5,3,0.0954094717651716,0.09540452265565996
152,5,32,33,0.06653225806451613,0.5,5,0.05713892387632954,0.05713982367922039
152,5,32,33,0.06653225806451613,0.5,7,0.0407925175755565,0.04079342420821268
152,5,32,33,0.06653225806451613,0.5,9,0.031720780158389084,0.03172145727926121
152,5,32,33,0.06653225806451613,0.5,11,0.025950569401068192,0.025951072072700348
152,5,32,33,0.06653225806451613,0.5,13,0.02195680913131282,0.02195719174599598
152,5,32,33,0.06653225806451613,0.5,15,0.019028489924295858,0.019028789130046724
152,5,32,33,0.06653225806451613,0.5,17,0.016789403429027624,0.016789643104058703
152,5,32,33,0.06653225806451613,0.5,19,0.015021820400745598,0.015022016375828649
152,5,32,33,0.06653225806451613,1.0,1,0.9532982822059378,0.9531428708418208
152,5,32,33,0.06653225806451613,1.0,3,0.2935034357590814,0.29337824042035854
152,5,32,33,0.06653225806451613,1.0,5,0.17509963755732544,0.1750444339322978
152,5,32,33,0.06653225806451613,1.0,7,0.12486069793519852,0.1248288507548767
152,5,32,33,0.06653225806451613,1.0,9,0.09704097329927203,0.09702036160176482
152,5,32,33,0.06653225806451613,1.0,11,0.07936461110373953,0.07935022871533966
152,5,32,33,0.06653225806451613,1.0,13,0.06713768752342852,0.06712710007146844
152,5,32,33,0.06653225806451613,1.0,15,0.058176144063147715,0.0581680327612151
152,5,32,33,0.06653225806451613,1.0,17,0.0513257210756931,0.051319312064591095
152,5,32,33,0.06653225806451613,1.0,19,0.04591891699594871,0.04591372726774139
153,5,32,33,0.06653225806451613,0.1,1,0.0130239363949534,0.013187220206915993
153,5,32,33,0.06653225806451613,0.1,3,0.004336364730813609,0.004389293797922735
153,5,32,33,0.06653225806451613,0.1,5,0.0026015440126614005,0.0026331012632180586
153,5,32,33,0.06653225806451613,0.1,7,0.0018581848179020377,0.0018806632736787007
153,5,32,33,0.06653225806451613,0.1,9,0.0014452332249804737,0.0014626892758977628
153,5,32,33,0.06653225806451613,0.1,11,0.001182453709376718,0.0011967217129240683
153,5,32,33,0.06653225806451613,0.1,13,0.0010005325403434817,0.0010125971132721701
153,5,32,33,0.06653225806451613,0.1,15,0.000867125135679961,0.0008775757797906195
153,5,32,33,0.06653225806451613,0.1,17,0.0007651084698882019,0.0007743260323894065
153,5,32,33,0.06653225806451613,0.1,19,0.0006845694314141122,0.000692814182696201
153,5,32,33,0.06653225806451613,0.5,1,0.30308599501262146,0.3068634908510119
153,5,32,33,0.06653225806451613,0.5,3,0.09859215282726183,0.09984578287454786
153,5,32,33,0.06653225806451613,0.5,5,0.059037982956390116,0.059771699800543227
153,5,32,33,0.06653225806451613,0.5,7,0.04214624301326453,0.042663758588310556
153,5,32,33,0.06653225806451613,0.5,9,0.032772589761646806,0.033172110774906595
153,5,32,33,0.06653225806451613,0.5,11,0.02681060523864109,0.02713588765686511
153,5,32,33,0.06653225806451613,0.5,13,0.022684230152006053,0.022958518346167984
153,5,32,33,0.06653225806451613,0.5,15,0.01965873538076251,0.019895841492320605
153,5,32,33,0.06653225806451613,0.5,17,0.01734537965836693,0.01755417624361452
153,5,32,33,0.06653225806451613,0.5,19,0.015519187730365461,0.015705711297728138
153,5,32,33,0.06653225806451613,1.0,1,0.972449798870979,0.9970082324080266
153,5,32,33,0.06653225806451613,1.0,3,0.30206607389058177,0.30688157934936694
153,5,32,33,0.06653225806451613,1.0,5,0.18021750541734868,0.18297211041685538
153,5,32,33,0.06653225806451613,1.0,7,0.12852581132192561,0.13045366383765963
153,5,32,33,0.06653225806451613,1.0,9,0.09990008507475048,0.10138240653559746
153,5,32,33,0.06653225806451613,1.0,11,0.08170967980012724,0.08291358694932892
153,5,32,33,0.06653225806451613,1.0,13,0.06912590228043414,0.07013938664899255
153,5,32,33,0.06653225806451613,1.0,15,0.059901993289704775,0.060777042853372924
153,5,32,33,0.06653225806451613,1.0,17,0.05285048672349008,0.05362036369143577
153,5,32,33,0.06653225806451613,1.0,19,0.04728462568180702,0.04797189313203045
154,5,32,33,0.06653225806451613,0.1,1,0.014895532985223824,0.01435079294616981
154,5,32,33,0.06653225806451613,0.1,3,0.00495504613080379,0.004757898537310611
154,5,32,33,0.06653225806451613,0.1,5,0.0029721123771241555,0.0028524720954335673
154,5,32,33,0.06653225806451613,0.1,7,0.002122679207841609,0.002036852696319314
154,5,32,33,0.06653225806451613,0.1,9,0.0016508655898506267,0.0015839614302677384
154,5,32,33,0.06653225806451613,0.1,11,0.001350653785960546,0.00129583868820769
154,5,32,33,0.06653225806451613,0.1,13,0.001142829536355851,0.0010964045199199583
154,5,32,33,0.06653225806451613,0.1,15,0.000990432569524548,0.0009501707262487407
154,5,32,33,0.06653225806451613,0.1,17,0.0008738979201343057,0.0008383549178622455
154,5,32,33,0.06653225806451613,0.1,19,0.000781899427016228,0.000750085327918139
154,5,32,33,0.06653225806451613,0.5,1,0.34657544205388535,0.3409208182431109
154,5,32,33,0.06653225806451613,0.5,3,0.11262887208850887,0.10787351753657927
154,5,32,33,0.06653225806451613,0.5,5,0.06738271421288339,0.06417427917055182
154,5,32,33,0.06653225806451613,0.5,7,0.048081087536472875,0.04568025930753245
154,5,32,33,0.06653225806451613,0.5,9,0.037377086455809845,0.03546274432919635
154,5,32,33,0.06653225806451613,0.5,11,0.03057181772409228,0.0289811780874025
154,5,32,33,0.06653225806451613,0.5,13,0.02586317433792925,0.024503080553423956
154,5,32,33,0.06653225806451613,0.5,15,0.022411499399817788,0.02122382346273525
154,5,32,33,0.06653225806451613,0.5,17,0.0197727130264857,0.018718796663414423
154,5,32,33,0.06653225806451613,0.5,19,0.01768989358750848,0.016742743771173182
154,5,32,33,0.06653225806451613,1.0,1,1.0946414248283771,1.087188503560293
154,5,32,33,0.06653225806451613,1.0,3,0.3461626975357206,0.3391301043932994
154,5,32,33,0.06653225806451613,1.0,5,0.20634694734748388,0.20307986545953172
154,5,32,33,0.06653225806451613,1.0,7,0.14701833503127906,0.14496213965760796
154,5,32,33,0.06653225806451613,1.0,9,0.11419471802325314,0.11271327098199668
154,5,32,33,0.06653225806451613,1.0,11,0.09335487722023254,0.0922036572234858
154,5,32,33,0.06653225806451613,1.0,13,0.07894832567233127,0.07800973710981887
154,5,32,33,0.06653225806451613,1.0,15,0.0683941762480147,0.06760325952385758
154,5,32,33,0.06653225806451613,1.0,17,0.06032932334223343,0.05964663610022022
154,5,32,33,0.06653225806451613,1.0,19,0.05396593329627123,0.053365822654586184
155,5,32,33,0.06653225806451613,0.1,1,0.013208224234422685,0.013135951947441778
155,5,32,33,0.06653225806451613,0.1,3,0.004399686352463201,0.004366612067271349
155,5,32,33,0.06653225806451613,0.1,5,0.002639650215184555,0.0026187238765898804
155,5,32,33,0.06653225806451613,0.1,7,0.0018854296698027464,0.0018701513484923084
155,5,32,33,0.06653225806451613,0.1,9,0.0014664332267651519,0.0014544071616674195
155,5,32,33,0.06653225806451613,0.1,11,0.001199803614774652,0.0011898897165487467
155,5,32,33,0.06653225806451613,0.1,13,0.0010152156316380304,0.0010067833816103124
155,5,32,33,0.06653225806451613,0.1,15,0.0008798519159199731,0.0008725162819146583
155,5,32,33,0.06653225806451613,0.1,17,0.0007763389032374014,0.0007698476082304836
155,5,32,33,0.06653225806451613,0.1,19,0.0006946183392207215,0.0006887971472379057
155,5,32,33,0.06653225806451613,0.5,1,0.3085403436644813,0.31045004385550723
155,5,32,33,0.06653225806451613,0.5,3,0.10133138710919759,0.10106366613958061
155,5,32,33,0.06653225806451613,0.5,5,0.06072323934933872,0.06044604307892057
155,5,32,33,0.06653225806451613,0.5,7,0.04335763038116245,0.043123759755250034
155,5,32,33,0.06653225806451613,0.5,9,0.03371708671089012,0.03351962310451925
155,5,32,33,0.06653225806451613,0.5,11,0.027584281268033035,0.027414594297596837
155,5,32,33,0.06653225806451613,0.5,13,0.023339297349874468,0.02319094687806209
155,5,32,33,0.06653225806451613,0.5,15,0.020226675905115697,0.020095070176698135
155,5,32,33,0.06653225806451613,0.5,17,0.017846624005661588,0.01772845107250617
155,5,32,33,0.06653225806451613,0.5,19,0.015967740829232427,0.015860557717463374
155,5,32,33,0.06653225806451613,1.0,1,1.0030898211971313,1.0129787671798964
155,5,32,33,0.06653225806451613,1.0,3,0.32374409992409514,0.3218810856347869
155,5,32,33,0.06653225806451613,1.0,5,0.19337383865867303,0.19219098494154685
155,5,32,33,0.06653225806451613,1.0,7,0.1378954646755636,0.13703292418942198
155,5,32,33,0.06653225806451613,1.0,9,0.10716192248577992,0.10648175933758493
155,5,32,33,0.06653225806451613,1.0,11,0.08763383248376626,0.08707169835651285
155,5,32,33,0.06653225806451613,1.0,13,0.07412699028601061,0.07364766644153016
155,5,32,33,0.06653225806451613,1.0,15,0.0642282020926721,0.06381026935495125
155,5,32,33,0.06653225806451613,1.0,17,0.05666195934226407,0.056291395924054646
155,5,32,33,0.06653225806451613,1.0,19,0.0506906375778899,0.050357752621442764
156,5,32,33,0.06653225806451613,0.1,1,0.014657536612774098,0.014554411020459766
156,5,32,33,0.06653225806451613,0.1,3,0.004876209293141317,0.004845984096212645
156,5,32,33,0.06653225806451613,0.1,5,0.0029248471581867197,0.0029072802345491383
156,5,32,33,0.06653225806451613,0.1,7,0.0020889280783334143,0.0020765591004582476
156,5,32,33,0.06653225806451613,0.1,9,0.0016246186107169507,0.0016150765379744957
156,5,32,33,0.06653225806451613,0.1,11,0.0013291809211647076,0.001321414803410704
156,5,32,33,0.06653225806451613,0.1,13,0.0011246612873595434,0.0011181141069093019
156,5,32,33,0.06653225806451613,0.1,15,0.000974687435379059,0.0009690286117876539
156,5,32,33,0.06653225806451613,0.1,17,0.0008600056064566786,0.00085502294301747
156,5,32,33,0.06653225806451613,0.1,19,0.0007694697767619972,0.0007650189758945929
156,5,32,33,0.06653225806451613,0.5,1,0.34157312958191993,0.3372181905501195
156,5,32,33,0.06653225806451613,0.5,3,0.111192936980088,0.1097752882995146
156,5,32,33,0.06653225806451613,0.5,5,0.0665242406256155,0.0657406151323783
156,5,32,33,0.06653225806451613,0.5,7,0.04746817394866687,0.04693287969759698
156,5,32,33,0.06653225806451613,0.5,9,0.03690039341023598,0.03649536688990052
156,5,32,33,0.06653225806451613,0.5,11,0.030181776795680022,0.029856504825900267
156,5,32,33,0.06653225806451613,0.5,13,0.02553311802013413,0.025261553472685546
156,5,32,33,0.06653225806451613,0.5,15,0.022125432305776696,0.021892443591589292
156,5,32,33,0.06653225806451613,0.5,17,0.01952028633159125,0.019316324056126245
156,5,32,33,0.06653225806451613,0.5,19,0.017464026650375927,0.0172826857748492
156,5,32,33,0.06653225806451613,1.0,1,1.0912303648994002,1.0704297529347808
156,5,32,33,0.06653225806451613,1.0,3,0.3486806338193114,0.3373424745869753
156,5,32,33,0.06653225806451613,1.0,5,0.2078221566970671,0.20099192811129132
156,5,32,33,0.06653225806451613,1.0,7,0.14806293805387757,0.14322999085232943
156,5,32,33,0.06653225806451613,1.0,9,0.11500412542587451,0.11127687800854405
156,5,32,33,0.06653225806451613,1.0,11,0.0940158431397945,0.09098656661810266
156,5,32,33,0.06653225806451613,1.0,13,0.07950698816894564,0.07695713157883723
156,5,32,33,0.06653225806451613,1.0,15,0.06887802015746211,0.06667732953388195
156,5,32,33,0.06653225806451613,1.0,17,0.06075605327664396,0.05882081297338942
156,5,32,33,0.06653225806451613,1.0,19,0.054347626866237266,0.052620911888394885
157,5,32,33,0.06653225806451613,0.1,1,0.01336497898252233,0.013013095140169607
157,5,32,33,0.06653225806451613,0.1,3,0.004450372992370602,0.004330634515754348
157,5,32,33,0.06653225806451613,0.1,5,0.002669906078102417,0.0025978498505510785
157,5,32,33,0.06653225806451613,0.1,7,0.0019069957606084047,0.0018554673077896674
157,5,32,33,0.06653225806451613,0.1,9,0.0014831878314119982,0.0014430854446670883
157,5,32,33,0.06653225806451613,0.1,11,0.001213502185851897,0.001180678615367196
157,5,32,33,0.06653225806451613,0.1,13,0.0010268010863391907,0.000999020086263666
157,5,32,33,0.06653225806451613,0.1,15,0.0008898890847548683,0.0008658076937018985
157,5,32,33,0.06653225806451613,0.1,17,0.0007851928419390043,0.0007639415320695418
157,5,32,33,0.06653225806451613,0.1,19,0.0007025386063396491,0.0006835221565641608
157,5,32,33,0.06653225806451613,0.5,1,0.3128868517293899,0.304658265422654
157,5,32,33,0.06653225806451613,0.5,3,0.10226995336806126,0.09967424726192821
157,5,32,33,0.06653225806451613,0.5,5,0.0612524772574295,0.05969420727150329
157,5,32,33,0.06653225806451613,0.5,7,0.04372816808249316,0.04261293008817055
157,5,32,33,0.06653225806451613,0.5,9,0.03400260477405345,0.033133860981877004
157,5,32,33,0.06653225806451613,0.5,11,0.02781665839353421,0.027105053958439065
157,5,32,33,0.06653225806451613,0.5,13,0.023535267330219524,0.022932618366724444
157,5,32,33,0.06653225806451613,0.5,15,0.020396127123566633,0.019873479236875522
157,5,32,33,0.06653225806451613,0.5,17,0.01799589101417449,0.01753448336450406
157,5,32,33,0.06653225806451613,0.5,19,0.016101127409275884,0.01568810844060255
157,5,32,33,0.06653225806451613,1.0,1,1.014672302658318,1.010501721791664
157,5,32,33,0.06653225806451613,1.0,3,0.31646046838309144,0.3220815910191528
157,5,32,33,0.06653225806451613,1.0,5,0.1885664574064141,0.19226875916171804
157,5,32,33,0.06653225806451613,1.0,7,0.13440307269337676,0.13709987179560357
157,5,32,33,0.06653225806451613,1.0,9,0.10443504503044472,0.10654485031980093
157,5,32,33,0.06653225806451613,1.0,11,0.08540164965477864,0.08713104218316978
157,5,32,33,0.06653225806451613,1.0,13,0.07223925357205345,0.07370319580066484
157,5,32,33,0.06653225806451613,1.0,15,0.06259357078353511,0.06386213592185135
157,5,32,33,0.06653225806451613,1.0,17,0.05522096285988281,0.05633986979358598
157,5,32,33,0.06653225806451613,1.0,19,0.04940246594582085,0.05040313983784092
158,5,32,33,0.06653225806451613,0.1,1,0.01354740488235322,0.013153058685590961
158,5,32,33,0.06653225806451613,0.1,3,0.004513135473749684,0.004380451763808558
158,5,32,33,0.06653225806451613,0.1,5,0.0027077522427242226,0.0026280134944283795
158,5,32,33,0.06653225806451613,0.1,7,0.0019340831200569699,0.001877089037700454
158,5,32,33,0.06653225806451613,0.1,9,0.0015042785969099548,0.0014599338260734502
158,5,32,33,0.06653225806451613,0.1,11,0.0012307699408638762,0.0011944795982609445
158,5,32,33,0.06653225806451613,0.1,13,0.0010414190225949884,0.0010107070088420263
158,5,32,33,0.06653225806451613,0.1,15,0.0009025622225847541,0.0008759421092604591
158,5,32,33,0.06653225806451613,0.1,17,0.0007963778784957331,0.0007728875038343895
158,5,32,33,0.06653225806451613,0.1,19,0.0007125482781931979,0.0006915291385355449
158,5,32,33,0.06653225806451613,0.5,1,0.3131541348497354,0.3051073577047609
158,5,32,33,0.06653225806451613,0.5,3,0.10295058569453122,0.09997157298067566
158,5,32,33,0.06653225806451613,0.5,5,0.061703854711929434,0.05989046123952691
158,5,32,33,0.06653225806451613,0.5,7,0.044060836571035156,0.042758742163550696
158,5,32,33,0.06653225806451613,0.5,9,0.03426517614398603,0.03324972805995703
158,5,32,33,0.06653225806451613,0.5,11,0.028033298564930607,0.027201139596888663
158,5,32,33,0.06653225806451613,0.5,13,0.02371956659334605,0.023014676214231488
158,5,32,33,0.06653225806451613,0.5,15,0.02055644909270971,0.019945076229582012
158,5,32,33,0.06653225806451613,0.5,17,0.01813773744737849,0.017597981419121157
158,5,32,33,0.06653225806451613,0.5,19,0.016228306314884266,0.015745151620723284
158,5,32,33,0.06653225806451613,1.0,1,0.9867837421372793,0.9704789404712826
158,5,32,33,0.06653225806451613,1.0,3,0.31676697053352043,0.3072659724819874
158,5,32,33,0.06653225806451613,1.0,5,0.18956251300710497,0.183579372364159
158,5,32,33,0.06653225806451613,1.0,7,0.13529763207073428,0.13096718904622895
158,5,32,33,0.06653225806451613,1.0,9,0.10519622335984427,0.10180931196971721
158,5,32,33,0.06653225806451613,1.0,11,0.08605429085723144,0.08327506383067984
158,5,32,33,0.06653225806451613,1.0,13,0.07280736099683538,0.07045156855152729
158,5,32,33,0.06653225806451613,1.0,15,0.06309528992390918,0.061051241592263224
158,5,32,33,0.06653225806451613,1.0,17,0.0556696050169513,0.05386457141820834
158,5,32,33,0.06653225806451613,1.0,19,0.049807884363006684,0.04819189257711478
159,5,32,33,0.06653225806451613,0.1,1,0.013341560974697351,0.013239755754450326
159,5,32,33,0.06653225806451613,0.1,3,0.004442420842697661,0.004409047488212031
159,5,32,33,0.06653225806451613,0.1,5,0.0026651509521622243,0.0026451769859455088
159,5,32,33,0.06653225806451613,0.1,7,0.0019036065471885538,0.0018893535435347021
159,5,32,33,0.06653225806451613,0.1,9,0.0014805554035576523,0.001469475593240339
159,5,32,33,0.06653225806451613,0.1,11,0.0012113504121645962,0.0012022880909307707
159,5,32,33,0.06653225806451613,0.1,13,0.0010249815992327727,0.0010173151979865798
159,5,32,33,0.06653225806451613,0.1,15,0.0008883130114947788,0.0008816698756319259
159,5,32,33,0.06653225806451613,0.1,17,0.0007838027517489255,0.0007779418827276038
159,5,32,33,0.06653225806451613,0.1,19,0.0007012952456785029,0.0006960518164033318
159,5,32,33,0.06653225806451613,0.5,1,0.31174401613261793,0.309067985443803
159,5,32,33,0.06653225806451613,0.5,3,0.10175828974811144,0.10106429638186301
159,5,32,33,0.06653225806451613,0.5,5,0.060948697031790976,0.060538346299579424
159,5,32,33,0.06653225806451613,0.5,7,0.04351316184701825,0.043221004449668
159,5,32,33,0.06653225806451613,0.5,9,0.03383641714380361,0.033609430554702675
159,5,32,33,0.06653225806451613,0.5,11,0.02768128148498539,0.027495646423567156
159,5,32,33,0.06653225806451613,0.5,13,0.023421086170627766,0.02326404024008316
159,5,32,33,0.06653225806451613,0.5,15,0.020297413234513027,0.020161317944469737
159,5,32,33,0.06653225806451613,0.5,17,0.017908958983324723,0.017788878570904453
159,5,32,33,0.06653225806451613,0.5,19,0.016023467509006285,0.015916027629364667
159,5,32,33,0.06653225806451613,1.0,1,1.0077713044554546,1.001882689448122
159,5,32,33,0.06653225806451613,1.0,3,0.31592675021299416,0.315307210058779
159,5,32,33,0.06653225806451613,1.0,5,0.18843295882583794,0.18799021710882455
159,5,32,33,0.06653225806451613,1.0,7,0.13436496102948345,0.13402886676721512
159,5,32,33,0.06653225806451613,1.0,9,0.10442960839142569,0.10416035624805044
159,5,32,33,0.06653225806451613,1.0,11,0.08540955927164208,0.08518542863359668
159,5,32,33,0.06653225806451613,1.0,13,0.07225307182651775,0.07206127816261987
159,5,32,33,0.06653225806451613,1.0,15,0.06261001836645792,0.062442480378987655
159,5,32,33,0.06653225806451613,1.0,17,0.05523846203847892,0.05508976934398951
159,5,32,33,0.06653225806451613,1.0,19,0.049420215136029295,0.04928657612469189
160,5,32,33,0.06653225806451613,0.1,1,0.014806527820744245,0.014038886311545628
160,5,32,33,0.06653225806451613,0.1,3,0.0049281743184435714,0.004674902218054835
160,5,32,33,0.06653225806451613,0.1,5,0.0029562113235580842,0.0028046295688585457
160,5,32,33,0.06653225806451613,0.1,7,0.002111380843166918,0.00200323002228824
160,5,32,33,0.06653225806451613,0.1,9,0.0016421019829239096,0.0015580383609505378
160,5,32,33,0.06653225806451613,0.1,11,0.0013434955401086844,0.0012747444769128254
160,5,32,33,0.06653225806451613,0.1,13,0.0011367793736842848,0.0010786220749387685
160,5,32,33,0.06653225806451613,0.1,15,0.0009851933350366003,0.000934800996972103
160,5,32,33,0.06653225806451613,0.1,17,0.0008692778809534282,0.0008248212695328279
160,5,32,33,0.06653225806451613,0.1,19,0.0007777676708095111,0.0007379958151267495
160,5,32,33,0.06653225806451613,0.5,1,0.34489774433499915,0.32628051760671195
160,5,32,33,0.06653225806451613,0.5,3,0.11312440258988775,0.10670803210009835
160,5,32,33,0.06653225806451613,0.5,5,0.06775476567307503,0.06391457314361189
160,5,32,33,0.06653225806451613,0.5,7,0.048366512261972944,0.045629386381568465
160,5,32,33,0.06653225806451613,0.5,9,0.03760691908849293,0.03548119016819559
160,5,32,33,0.06653225806451613,0.5,11,0.030763735114321927,0.02902632994243595
160,5,32,33,0.06653225806451613,0.5,13,0.026027753285316084,0.024558785519247468
160,5,32,33,0.06653225806451613,0.5,15,0.022555487607000317,0.021283142930035075
160,5,32,33,0.06653225806451613,0.5,17,0.019900655619940158,0.018778528778497408
160,5,32,33,0.06653225806451613,0.5,19,0.01780498977165847,0.016801365394821664
160,5,32,33,0.06653225806451613,1.0,1,1.091239618250421,1.0412376284272615
160,5,32,33,0.06653225806451613,1.0,3,0.35199216552013746,0.3291065033112355
160,5,32,33,0.06653225806451613,1.0,5,0.21066962326764055,0.19647606826000608
160,5,32,33,0.06653225806451613,1.0,7,0.1503518336669799,0.1401440544138685
160,5,32,33,0.06653225806451613,1.0,9,0.11689456542953733,0.10893784260391973
160,5,32,33,0.06653225806451613,1.0,11,0.09562015746142563,0.08910467907092925
160,5,32,33,0.06653225806451613,1.0,13,0.08089835219866016,0.07538339604391503
160,5,32,33,0.06653225806451613,1.0,15,0.0701054654095518,0.06532523250709564
160,5,32,33,0.06653225806451613,1.0,17,0.06185370585924194,0.05763572949781616
160,5,32,33,0.06653225806451613,1.0,19,0.0553400830798199,0.05156616941961261
161,5,32,33,0.06653225806451613,0.1,1,0.012253864555959237,0.012244019896454045
161,5,32,33,0.06653225806451613,0.1,3,0.004080162051045373,0.004075778394333697
161,5,32,33,0.06653225806451613,0.1,5,0.0024478588985838443,0.002445081401595801
161,5,32,33,0.06653225806451613,0.1,7,0.0017484191956055044,0.0017463892142842914
161,5,32,33,0.06653225806451613,0.1,9,0.001359863699371409,0.0013582647385985897
161,5,32,33,0.06653225806451613,0.1,11,0.0011126077532517048,0.0011112889989741929
161,5,32,33,0.06653225806451613,0.1,13,0.0009414331506287643,0.0009403111016596973
161,5,32,33,0.06653225806451613,0.1,15,0.0008159063033279985,0.000814929923762965
161,5,32,33,0.06653225806451613,0.1,17,0.0007199158039673948,0.0007190516313382057
161,5,32,33,0.06653225806451613,0.1,19,0.0006441341806907252,0.0006433590912058128
161,5,32,33,0.06653225806451613,0.5,1,0.2865449120283531,0.286750205445603
161,5,32,33,0.06653225806451613,0.5,3,0.09324639393726258,0.09334432780271491
161,5,32,33,0.06653225806451613,0.5,5,0.0558410098029979,0.05588931517290515
161,5,32,33,0.06653225806451613,0.5,7,0.03986490070944208,0.03989516043130307
161,5,32,33,0.06653225806451613,0.5,9,0.030998976583745667,0.031020446999992353
161,5,32,33,0.06653225806451613,0.5,11,0.025359808914069863,0.025376227244029163
161,5,32,33,0.06653225806451613,0.5,13,0.021456812285043043,0.021470003092227918
161,5,32,33,0.06653225806451613,0.5,15,0.018595077626074177,0.018606050507802004
161,5,32,33,0.06653225806451613,0.5,17,0.016406923882490754,0.01641628929276417
161,5,32,33,0.06653225806451613,0.5,19,0.014679560700457086,0.014687712960973124
161,5,32,33,0.06653225806451613,1.0,1,0.9362653060675407,0.9386522104891697
161,5,32,33,0.06653225806451613,1.0,3,0.29742847335769046,0.2991334794934765
161,5,32,33,0.06653225806451613,1.0,5,0.17791884904422034,0.17890547322711986
161,5,32,33,0.06653225806451613,1.0,7,0.12696309417974785,0.127674452593376
161,5,32,33,0.06653225806451613,1.0,9,0.09870598503579842,0.09926487282106052
161,5,32,33,0.06653225806451613,1.0,11,0.0807400239205799,0.08120094677663672
161,5,32,33,0.06653225806451613,1.0,13,0.06830829353063857,0.0687007028460343
161,5,32,33,0.06653225806451613,1.0,15,0.05919458782720031,0.059536309742811246
161,5,32,33,0.06653225806451613,1.0,17,0.052226790769105615,0.05252946555124798
161,5,32,33,0.06653225806451613,1.0,19,0.04672675246115247,0.04699841098038988
162,5,32,33,0.06653225806451613,0.1,1,0.014708826975910154,0.014364309536689726
162,5,32,33,0.06653225806451613,0.1,3,0.004895536082631658,0.0047806799849773466
162,5,32,33,0.06653225806451613,0.1,5,0.0029367476860888086,0.002867866218887498
162,5,32,33,0.06653225806451613,0.1,7,0.002097524486373208,0.002048335752176526
162,5,32,33,0.06653225806451613,0.1,9,0.0016313467807125095,0.001593094690998979
162,5,32,33,0.06653225806451613,0.1,11,0.0013347078721884507,0.0013034138853160644
162,5,32,33,0.06653225806451613,0.1,13,0.0011293509443303482,0.0011028733360622493
162,5,32,33,0.06653225806451613,0.1,15,0.0009787601020302518,0.0009558140872176104
162,5,32,33,0.06653225806451613,0.1,17,0.0008636047501056443,0.0008433591200530448
162,5,32,33,0.06653225806451613,0.1,19,0.0007726940375702034,0.0007545801365986939
162,5,32,33,0.06653225806451613,0.5,1,0.3414419981373229,0.3340299408043235
162,5,32,33,0.06653225806451613,0.5,3,0.11109095289107714,0.10837954461392794
162,5,32,33,0.06653225806451613,0.5,5,0.06647625661275082,0.06484107913647684
162,5,32,33,0.06653225806451613,0.5,7,0.04743924704493025,0.0462701720873791
162,5,32,33,0.06653225806451613,0.5,9,0.036880481444423914,0.03597101741648914
162,5,32,33,0.06653225806451613,0.5,11,0.030166918870862862,0.029422802976930142
162,5,32,33,0.06653225806451613,0.5,13,0.025521420041009973,0.024891811398523183
162,5,32,33,0.06653225806451613,0.5,15,0.02211586529793927,0.021570237051827593
162,5,32,33,0.06653225806451613,0.5,17,0.01951223829729048,0.01903083104698875
162,5,32,33,0.06653225806451613,0.5,19,0.01745710812068304,0.01702640018405223
162,5,32,33,0.06653225806451613,1.0,1,1.082189807445237,1.0672333430590184
162,5,32,33,0.06653225806451613,1.0,3,0.33974473010015527,0.3314926075417953
162,5,32,33,0.06653225806451613,1.0,5,0.2020704585975128,0.19699387248150488
162,5,32,33,0.06653225806451613,1.0,7,0.14385069660959937,0.14020700139539533
162,5,32,33,0.06653225806451613,1.0,9,0.11168644918819384,0.10884872093782126
162,5,32,33,0.06653225806451613,1.0,11,0.09128087101390782,0.08895825505538842
162,5,32,33,0.06653225806451613,1.0,13,0.07718120251648296,0.07521583446044107
162,5,32,33,0.06653225806451613,1.0,15,0.06685518204960796,0.0651519954332215
162,5,32,33,0.06653225806451613,1.0,17,0.05896647031490412,0.0574638377241084
162,5,32,33,0.06653225806451613,1.0,19,0.05274314037306804,0.05139885463896264
163,5,32,33,0.06653225806451613,0.1,1,0.014247218080953042,0.013583826389985737
163,5,32,33,0.06653225806451613,0.1,3,0.004741390383476402,0.0045206758105888365
163,5,32,33,0.06653225806451613,0.1,5,0.00284421097401415,0.0027118762254658697
163,5,32,33,0.06653225806451613,0.1,7,0.0020314103007663467,0.0019369173852493754
163,5,32,33,0.06653225806451613,0.1,9,0.00157991718703883,0.0015064371097886463
163,5,32,33,0.06653225806451613,0.1,11,0.0012926251403446612,0.0012325127711286358
163,5,32,33,0.06653225806451613,0.1,13,0.0010937401142971797,0.001042880382054137
163,5,32,33,0.06653225806451613,0.1,15,0.0009478958629873725,0.0009038203721932237
163,5,32,33,0.06653225806451613,0.1,17,0.0008363705640886382,0.0007974824280017914
163,5,32,33,0.06653225806451613,0.1,19,0.0007483258729494411,0.0007135326486764191
163,5,32,33,0.06653225806451613,0.5,1,0.3304363473624139,0.31565059447348964
163,5,32,33,0.06653225806451613,0.5,3,0.10751224109365538,0.10238312371578222
163,5,32,33,0.06653225806451613,0.5,5,0.06434721625764098,0.06127316836406664
163,5,32,33,0.06653225806451613,0.5,7,0.045923648550492184,0.0437309165643873
163,5,32,33,0.06653225806451613,0.5,9,0.035703775676587536,0.03400000794604894
163,5,32,33,0.06653225806451613,0.5,11,0.029205203310585136,0.02781220764808308
163,5,32,33,0.06653225806451613,0.5,13,0.02470825284962461,0.023530191972990392
163,5,32,33,0.06653225806451613,0.5,15,0.02141148758780955,0.02039092025897042
163,5,32,33,0.06653225806451613,0.5,17,0.018890971539622676,0.017990763424782976
163,5,32,33,0.06653225806451613,0.5,19,0.01690140682088416,0.01609616945260066
163,5,32,33,0.06653225806451613,1.0,1,1.04430104791047,1.0076115847326743
163,5,32,33,0.06653225806451613,1.0,3,0.3276510256212906,0.312495426167101
163,5,32,33,0.06653225806451613,1.0,5,0.19536445812598421,0.18629437982633476
163,5,32,33,0.06653225806451613,1.0,7,0.13923506727624263,0.13280198425213396
163,5,32,33,0.06653225806451613,1.0,9,0.10817206614162467,0.10319576228342461
163,5,32,33,0.06653225806451613,1.0,11,0.08844472970829695,0.08438960237752677
163,5,32,33,0.06653225806451613,1.0,13,0.07480433183740681,0.07138351604029469
163,5,32,33,0.06653225806451613,1.0,15,0.06480977205293979,0.061852077626902896
163,5,32,33,0.06653225806451613,1.0,17,0.057171489245489086,0.054566676552001474
163,5,32,33,0.06653225806451613,1.0,19,0.05114400871008924,0.048816961431264363
164,5,32,33,0.06653225806451613,0.1,1,0.013876128967059155,0.01353616641075822
164,5,32,33,0.06653225806451613,0.1,3,0.004623173653818121,0.0045100609413222855
164,5,32,33,0.06653225806451613,0.1,5,0.00277379839969059,0.002705941049632482
164,5,32,33,0.06653225806451613,0.1,7,0.0019812637507397716,0.001932796242758174
164,5,32,33,0.06653225806451613,0.1,9,0.0015409762530511086,0.0015032799519408622
164,5,32,33,0.06653225806451613,0.1,11,0.0012607959924168734,0.0012299538333475166
164,5,32,33,0.06653225806451613,0.1,13,0.00106682603496316,0.0010407289544316022
164,5,32,33,0.06653225806451613,0.1,15,0.0009245818332453027,0.0009019644346894216
164,5,32,33,0.06653225806451613,0.1,17,0.0008158070692171964,0.0007958505830916826
164,5,32,33,0.06653225806451613,0.1,19,0.000729932370668519,0.0007120765936455631
164,5,32,33,0.06653225806451613,0.5,1,0.32269000227307704,0.3159730965086289
164,5,32,33,0.06653225806451613,0.5,3,0.10639181218081557,0.1043607457816931
164,5,32,33,0.06653225806451613,0.5,5,0.06377642313750104,0.0625698975383803
164,5,32,33,0.06653225806451613,0.5,7,0.04554298863383618,0.044683596069162855
164,5,32,33,0.06653225806451613,0.5,9,0.03541860644269622,0.03475096443678525
164,5,32,33,0.06653225806451613,0.5,11,0.028977318949895577,0.028431387608656284
164,5,32,33,0.06653225806451613,0.5,13,0.024518519740996465,0.024056734277689663
164,5,32,33,0.06653225806451613,0.5,15,0.021248975801995428,0.020848846837676845
164,5,32,33,0.06653225806451613,0.5,17,0.018748855686890917,0.01839585091785812
164,5,32,33,0.06653225806451613,0.5,19,0.01677514096628012,0.01645932609387239
164,5,32,33,0.06653225806451613,1.0,1,1.032865348080085,1.0231304311874114
164,5,32,33,0.06653225806451613,1.0,3,0.3348610352183103,0.33584472237442553
164,5,32,33,0.06653225806451613,1.0,5,0.19992885263725585,0.20095261983210658
164,5,32,33,0.06653225806451613,1.0,7,0.14256261282716953,0.1434215064988422
164,5,32,33,0.06653225806451613,1.0,9,0.11079056204498489,0.11151220887026594
164,5,32,33,0.06653225806451613,1.0,11,0.0906038215514456,0.0912214572576431
164,5,32,33,0.06653225806451613,1.0,13,0.07664152800127315,0.07717966239023251
164,5,32,33,0.06653225806451613,1.0,15,0.06640884689405757,0.06688482981812718
164,5,32,33,0.06653225806451613,1.0,17,0.05858725686235729,0.059013539118061495
164,5,32,33,0.06653225806451613,1.0,19,0.052414295108763775,0.052800025508180935
165,5,32,33,0.06653225806451613,0.1,1,0.013706784185886105,0.014003494937832123
165,5,32,33,0.06653225806451613,0.1,3,0.00456543276139038,0.004664819471712159
165,5,32,33,0.06653225806451613,0.1,5,0.002739091440715149,0.0027987468356723863
165,5,32,33,0.06653225806451613,0.1,7,0.001956460774225091,0.001999076372787157
165,5,32,33,0.06653225806451613,0.1,9,0.00152168111421839,0.0015548280531119342
165,5,32,33,0.06653225806451613,0.1,11,0.0012450074308435262,0.00127212826384535
165,5,32,33,0.06653225806451613,0.1,13,0.0010534656896658676,0.0010764143838338193
165,5,32,33,0.06653225806451613,0.1,15,0.0009130024360063932,0.0009328914657983506
165,5,32,33,0.06653225806451613,0.1,17,0.0008055896996631825,0.0008231389388610386
165,5,32,33,0.06653225806451613,0.1,19,0.0007207903541285394,0.0007364923647278337
165,5,32,33,0.06653225806451613,0.5,1,0.31992188327548243,0.32570651053988986
165,5,32,33,0.06653225806451613,0.5,3,0.1047662318596638,0.10695234717852192
165,5,32,33,0.06653225806451613,0.5,5,0.06276131658400554,0.06408864940684762
165,5,32,33,0.06653225806451613,0.5,7,0.04480996866730097,0.04576121623063527
165,5,32,33,0.06653225806451613,0.5,9,0.03484592540732852,0.035586800680827146
165,5,32,33,0.06653225806451613,0.5,11,0.028507701656885716,0.02911429442185117
165,5,32,33,0.06653225806451613,0.5,13,0.024120634804644242,0.024634111349017242
165,5,32,33,0.06653225806451613,0.5,15,0.020903861185860663,0.021348986171003035
165,5,32,33,0.06653225806451613,0.5,17,0.01844417701692603,0.01883700043051934
165,5,32,33,0.06653225806451613,0.5,19,0.016502429705082037,0.016853944755667816
165,5,32,33,0.06653225806451613,1.0,1,1.037189336654958,1.042526885903401
165,5,32,33,0.06653225806451613,1.0,3,0.329585405916512,0.3327208736137053
165,5,32,33,0.06653225806451613,1.0,5,0.19599831749337726,0.19825752386654485
165,5,32,33,0.06653225806451613,1.0,7,0.1395841585652924,0.14131912481491415
165,5,32,33,0.06653225806451613,1.0,9,0.10841899678521927,0.10981836387725158
165,5,32,33,0.06653225806451613,1.0,11,0.08864205005089891,0.08981091338812235
165,5,32,33,0.06653225806451613,1.0,13,0.07497223355087672,0.07597401805780789
165,5,32,33,0.06653225806451613,1.0,15,0.06495775227941711,0.0658333213914969
165,5,32,33,0.06653225806451613,1.0,17,0.05730474276023317,0.058081822964053835
165,5,32,33,0.06653225806451613,1.0,19,0.05126572144409344,0.05196392330643839
166,5,32,33,0.06653225806451613,0.1,1,0.012644394222703031,0.01276585643365439
166,5,32,33,0.06653225806451613,0.1,3,0.004208341680020034,0.004250523126858421
166,5,32,33,0.06653225806451613,0.1,5,0.002524694247341337,0.002550085378906981
166,5,32,33,0.06653225806451613,0.1,7,0.0018032918621192738,0.0018214445914712274
166,5,32,33,0.06653225806451613,0.1,9,0.0014025407562045869,0.0014166647348173712
166,5,32,33,0.06653225806451613,0.1,11,0.0011475252359864042,0.0011590833679406042
166,5,32,33,0.06653225806451613,0.1,13,0.000970978945072846,0.0009807599490278538
166,5,32,33,0.06653225806451613,0.1,15,0.0008415129395582845,0.0008499903785189133
166,5,32,33,0.06653225806451613,0.1,17,0.0007425101516746594,0.0007499905803566229
166,5,32,33,0.06653225806451613,0.1,19,0.0006643503943496439,0.000671043619944601
166,5,32,33,0.06653225806451613,0.5,1,0.296186548977513,0.2968027008575465
166,5,32,33,0.06653225806451613,0.5,3,0.09520574068048837,0.09633045695607592
166,5,32,33,0.06653225806451613,0.5,5,0.05693928283228701,0.05767447389905021
166,5,32,33,0.06653225806451613,0.5,7,0.04063425040151624,0.04117170337598184
166,5,32,33,0.06653225806451613,0.5,9,0.0315926375455793,0.03201464360091908
166,5,32,33,0.06653225806451613,0.5,11,0.025843634949329345,0.02619057222779259
166,5,32,33,0.06653225806451613,0.5,13,0.021865310842989084,0.022159682975751088
166,5,32,33,0.06653225806451613,0.5,15,0.01894864110458585,0.019204204661046748
166,5,32,33,0.06653225806451613,0.5,17,0.01671862532734809,0.01694438292622045
166,5,32,33,0.06653225806451613,0.5,19,0.014958290682396437,0.015160447768633291
166,5,32,33,0.06653225806451613,1.0,1,0.9709977398590395,0.9526056860557126
166,5,32,33,0.06653225806451613,1.0,3,0.29215104508082546,0.29533966329759875
166,5,32,33,0.06653225806451613,1.0,5,0.17296749903479475,0.17611998015009475
166,5,32,33,0.06653225806451613,1.0,7,0.12304584873827158,0.12558389664106814
166,5,32,33,0.06653225806451613,1.0,9,0.09553552954207993,0.09760689696453492
166,5,32,33,0.06653225806451613,1.0,11,0.07809511446506391,0.07983136095131267
166,5,32,33,0.06653225806451613,1.0,13,0.06604592042258726,0.06753556897960221
166,5,32,33,0.06653225806451613,1.0,15,0.057220891362166806,0.05852318507294882
166,5,32,33,0.06653225806451613,1.0,17,0.05047782885044439,0.0516335965969591
166,5,32,33,0.06653225806451613,1.0,19,0.04515733195145758,0.046195652271209635
167,5,32,33,0.06653225806451613,0.1,1,0.014659605912946138,0.014267087468261233
167,5,32,33,0.06653225806451613,0.1,3,0.004880941398241703,0.004746601962982527
167,5,32,33,0.06653225806451613,0.1,5,0.002928182397745984,0.0028471465959343627
167,5,32,33,0.06653225806451613,0.1,7,0.0020914626736671404,0.0020334470271321696
167,5,32,33,0.06653225806451613,0.1,9,0.0016266558365035388,0.0015814749992208337
167,5,32,33,0.06653225806451613,0.1,11,0.0013308820598538172,0.001293885918871905
167,5,32,33,0.06653225806451613,0.1,13,0.0011261208225548016,0.0010947988081564594
167,5,32,33,0.06653225806451613,0.1,15,0.0009759651499431994,0.0009488082207855961
167,5,32,33,0.06653225806451613,0.1,17,0.000861141628997945,0.0008371720840684976
167,5,32,33,0.06653225806451613,0.1,19,0.0007704923128298791,0.0007490405442803093
167,5,32,33,0.06653225806451613,0.5,1,0.33903384584891105,0.3307604905611654
167,5,32,33,0.06653225806451613,0.5,3,0.11073885488050524,0.10752971848587523
167,5,32,33,0.06653225806451613,0.5,5,0.06632884560481465,0.06433684912181489
167,5,32,33,0.06653225806451613,0.5,7,0.0473534166653526,0.045910200791030836
167,5,32,33,0.06653225806451613,0.5,9,0.03682205707566353,0.03569079780930319
167,5,32,33,0.06653225806451613,0.5,11,0.030123421829233995,0.02919330402812886
167,5,32,33,0.06653225806451613,0.5,13,0.025487121031232983,0.024697445782193163
167,5,32,33,0.06653225806451613,0.5,15,0.02208772452407075,0.021401657602666397
167,5,32,33,0.06653225806451613,0.5,17,0.019488473476250785,0.018881987804300848
167,5,32,33,0.06653225806451613,0.5,19,0.017436594906674437,0.016893151130772305
167,5,32,33,0.06653225806451613,1.0,1,1.0692394114156618,1.0434995311880813
167,5,32,33,0.06653225806451613,1.0,3,0.33900905877365445,0.3235743255173969
167,5,32,33,0.06653225806451613,1.0,5,0.2024693273911118,0.19239778059594992
167,5,32,33,0.06653225806451613,1.0,7,0.14443217669031014,0.13701919055920941
167,5,32,33,0.06653225806451613,1.0,9,0.11227450785816706,0.10642142857143748
167,5,32,33,0.06653225806451613,1.0,11,0.09183494388628238,0.08700292048926678
167,5,32,33,0.06653225806451613,1.0,13,0.0776935885354937,0.07358063747132086
167,5,32,33,0.06653225806451613,1.0,15,0.06732729573850875,0.06374772587065448
167,5,32,33,0.06653225806451613,1.0,17,0.059402144250552,0.05623379727014276
167,5,32,33,0.06653225806451613,1.0,19,0.053146544217013716,0.050304837810610396
168,5,32,33,0.06653225806451613,0.1,1,0.013889202130854884,0.014154396814072188
168,5,32,33,0.06653225806451613,0.1,3,0.004623438478115533,0.004714117200264213
168,5,32,33,0.06653225806451613,0.1,5,0.0027736131654083323,0.002828261484119823
168,5,32,33,0.06653225806451613,0.1,7,0.001981036915005118,0.0020201427989074575
168,5,32,33,0.06653225806451613,0.1,9,0.0015407611700644596,0.001571207203621956
168,5,32,33,0.06653225806451613,0.1,11,0.0012606005564733639,0.0012855265971539406
168,5,32,33,0.06653225806451613,0.1,13,0.0010666495245995771,0.0010877498992092566
168,5,32,33,0.06653225806451613,0.1,15,0.0009244218927157972,0.0009427146473766132
168,5,32,33,0.06653225806451613,0.1,17,0.0008156613042815502,0.0008318058456994356
168,5,32,33,0.06653225806451613,0.1,19,0.0007297987032653107,0.0007442465495994426
168,5,32,33,0.06653225806451613,0.5,1,0.32281561653066876,0.3278507304012654
168,5,32,33,0.06653225806451613,0.5,3,0.1050706239617941,0.10726879780503892
168,5,32,33,0.06653225806451613,0.5,5,0.06289283589168583,0.06425766147286878
168,5,32,33,0.06653225806451613,0.5,7,0.04488895300908138,0.04587624580804237
168,5,32,33,0.06653225806451613,0.5,9,0.03490102691414752,0.03567392469943481
168,5,32,33,0.06653225806451613,0.5,11,0.028549530466010456,0.029184391601542185
168,5,32,33,0.06653225806451613,0.5,13,0.024154138920560723,0.02469274253495897
168,5,32,33,0.06653225806451613,0.5,15,0.0209317050576852,0.021399372409452284
168,5,32,33,0.06653225806451613,0.5,17,0.018467944216306768,0.018881173428342023
168,5,32,33,0.06653225806451613,0.5,19,0.016523131619109954,0.01689326797061057
168,5,32,33,0.06653225806451613,1.0,1,1.030613663577915,1.0388393165957042
168,5,32,33,0.06653225806451613,1.0,3,0.32457380503361494,0.3324242548262725
168,5,32,33,0.06653225806451613,1.0,5,0.19326156483853665,0.19875993690109944
168,5,32,33,0.06653225806451613,1.0,7,0.137684056722163,0.1418052383245824
168,5,32,33,0.06653225806451613,1.0,9,0.10695354080182054,0.11022969176218214
168,5,32,33,0.06653225806451613,1.0,11,0.08744459004055997,0.09015749066507502
168,5,32,33,0.06653225806451613,1.0,13,0.07395753830164734,0.07627022622893852
168,5,32,33,0.06653225806451613,1.0,15,0.06407618586385183,0.06609055811211452
168,5,32,33,0.06653225806451613,1.0,17,0.056524741573459526,0.05830845807468095
168,5,32,33,0.06653225806451613,1.0,19,0.05056590327439823,0.052166080644585305
169,5,32,33,0.06653225806451613,0.1,1,0.013423044970215372,0.013652163316748176
169,5,32,33,0.06653225806451613,0.1,3,0.004468070451510083,0.00454592394434571
169,5,32,33,0.06653225806451613,0.1,5,0.0026803999461024915,0.0027272544658982884
169,5,32,33,0.06653225806451613,0.1,7,0.0019144586435575082,0.0019479670793037958
169,5,32,33,0.06653225806451613,0.1,9,0.001488979241416841,0.0015150584947730974
169,5,32,33,0.06653225806451613,0.1,11,0.0012182341473935157,0.0012395804738950576
169,5,32,33,0.06653225806451613,0.1,13,0.0010308013948009326,0.001048868735567949
169,5,32,33,0.06653225806451613,0.1,15,0.0008933537509988078,0.0009090153026352286
169,5,32,33,0.06653225806451613,0.1,17,0.0007882483993346479,0.0008020695529663773
169,5,32,33,0.06653225806451613,0.1,19,0.0007052714817495785,0.0007176392789012948
169,5,32,33,0.06653225806451613,0.5,1,0.3134731323227939,0.31788629964005277
169,5,32,33,0.06653225806451613,0.5,3,0.10187624912535827,0.10375474933605057
169,5,32,33,0.06653225806451613,0.5,5,0.06098984982529903,0.0621492393549894
169,5,32,33,0.06653225806451613,0.5,7,0.04353517146256686,0.044371558963863696
169,5,32,33,0.06653225806451613,0.5,9,0.033850678363937806,0.034504422418454535
169,5,32,33,0.06653225806451613,0.5,11,0.027691562965619382,0.028228014130454504
169,5,32,33,0.06653225806451613,0.5,13,0.023429012296614985,0.023883810307047313
169,5,32,33,0.06653225806451613,0.5,15,0.02030380833676733,0.020698505578939916
169,5,32,33,0.06653225806451613,0.5,17,0.017914290535775253,0.01826290689736053
169,5,32,33,0.06653225806451613,0.5,19,0.016028022840074506,0.016340187600293182
169,5,32,33,0.06653225806451613,1.0,1,1.0075027407252286,1.0157859736555384
169,5,32,33,0.06653225806451613,1.0,3,0.31169000607759245,0.3184822701003197
169,5,32,33,0.06653225806451613,1.0,5,0.18577652461109265,0.19003319429217974
169,5,32,33,0.06653225806451613,1.0,7,0.13243106928110063,0.1355123433839573
169,5,32,33,0.06653225806451613,1.0,9,0.10290988723708398,0.1053210579678731
169,5,32,33,0.06653225806451613,1.0,11,0.0841581576915398,0.08613761298204878
169,5,32,33,0.06653225806451613,1.0,13,0.07118957385584675,0.07286804251341038
169,5,32,33,0.06653225806451613,1.0,15,0.061685417322840295,0.06314217474475659
169,5,32,33,0.06653225806451613,1.0,17,0.05442069752415194,0.05570739231384888
169,5,32,33,0.06653225806451613,1.0,19,0.04868717161538389,0.04983931009070531
170,5,32,33,0.06653225806451613,0.1,1,0.014190909551517172,0.013894602986776515
170,5,32,33,0.06653225806451613,0.1,3,0.004726454346544411,0.004625537243673245
170,5,32,33,0.06653225806451613,0.1,5,0.002835682928268591,0.002774870315549334
170,5,32,33,0.06653225806451613,0.1,7,0.0020254495644127604,0.001981931362685049
170,5,32,33,0.06653225806451613,0.1,9,0.0015753371346401434,0.0015414547465447729
170,5,32,33,0.06653225806451613,0.1,11,0.0012889068954108393,0.0012611667529558973
170,5,32,33,0.06653225806451613,0.1,13,0.0010906108878253756,0.0010671277976166398
170,5,32,33,0.06653225806451613,0.1,15,0.0009451946368754689,0.0009248358458725072
170,5,32,33,0.06653225806451613,0.1,17,0.0008339943852051781,0.0008160261700754329
170,5,32,33,0.06653225806451613,0.1,19,0.0007462049374160256,0.0007301248801082284
170,5,32,33,0.06653225806451613,0.5,1,0.329313853678279,0.32381760539648907
170,5,32,33,0.06653225806451613,0.5,3,0.1077381549161389,0.10567394866456316
170,5,32,33,0.06653225806451613,0.5,5,0.0645438171844062,0.06327541904329909
170,5,32,33,0.06653225806451613,0.5,7,0.04608290202556523,0.045167657458433395
170,5,32,33,0.06653225806451613,0.5,9,0.03583580968580058,0.035119932940170094
170,5,32,33,0.06653225806451613,0.5,11,0.029317495809943573,0.028729677155450564
170,5,32,33,0.06653225806451613,0.5,13,0.02480577171796479,0.02430715233801062
170,5,32,33,0.06653225806451613,0.5,15,0.021497595830606904,0.021064672923946162
170,5,32,33,0.06653225806451613,0.5,17,0.01896802429053688,0.018585502238196466
170,5,32,33,0.06653225806451613,0.5,19,0.016971108428723434,0.01662847612863871
170,5,32,33,0.06653225806451613,1.0,1,1.0483209820358759,1.0374136375627907
170,5,32,33,0.06653225806451613,1.0,3,0.32977781977642884,0.32508294075620403
170,5,32,33,0.06653225806451613,1.0,5,0.19673348662202683,0.19389817388916208
170,5,32,33,0.06653225806451613,1.0,7,0.14029602715207237,0.13826828467144045
170,5,32,33,0.06653225806451613,1.0,9,0.10904510046531611,0.10746691753684418
170,5,32,33,0.06653225806451613,1.0,11,0.08918764579749962,0.0878957800645835
170,5,32,33,0.06653225806451613,1.0,13,0.07545115315520594,0.07435761840457537
170,5,32,33,0.06653225806451613,1.0,15,0.06538256658796168,0.06443454150495177
170,5,32,33,0.06653225806451613,1.0,17,0.05768546586592739,0.05684875689953542
170,5,32,33,0.06653225806451613,1.0,19,0.05161011495069285,0.050861317465642986
171,5,32,33,0.06653225806451613,0.1,1,0.01399649982060361,0.014098397647338405
171,5,32,33,0.06653225806451613,0.1,3,0.004655636781189247,0.004690311667321661
171,5,32,33,0.06653225806451613,0.1,5,0.002792476200768106,0.0028133449182759364
171,5,32,33,0.06653225806451613,0.1,7,0.001994368717163728,0.0020092928976871553
171,5,32,33,0.06653225806451613,0.1,9,0.0015510686215718767,0.0015626837570535497
171,5,32,33,0.06653225806451613,0.1,11,0.0012690016452385202,0.0012785087143531869
171,5,32,33,0.06653225806451613,0.1,13,0.0010737391733188126,0.001081785791208829
171,5,32,33,0.06653225806451613,0.1,15,0.000930554176862199,0.0009375292776804377
171,5,32,33,0.06653225806451613,0.1,17,0.0008210639810979557,0.0008272193945396022
171,5,32,33,0.06653225806451613,0.1,19,0.0007346269048571523,0.0007401350200964508
171,5,32,33,0.06653225806451613,0.5,1,0.32840589803207054,0.33030642776325714
171,5,32,33,0.06653225806451613,0.5,3,0.10666994865768792,0.10751922820753551
171,5,32,33,0.06653225806451613,0.5,5,0.0638209560401034,0.06434566078705174
171,5,32,33,0.06653225806451613,0.5,7,0.04554213620855187,0.045920757619151806
171,5,32,33,0.06653225806451613,0.5,9,0.03540477039657559,0.03570074568529905
171,5,32,33,0.06653225806451613,0.5,11,0.028959422265440356,0.029202310394457986
171,5,32,33,0.06653225806451613,0.5,13,0.02449963209142547,0.024705558936268145
171,5,32,33,0.06653225806451613,0.5,15,0.02123027526710984,0.021408994502936155
171,5,32,33,0.06653225806451613,0.5,17,0.018730806569886998,0.018888663780230287
171,5,32,33,0.06653225806451613,0.5,19,0.016757911134376517,0.016899265035411355
171,5,32,33,0.06653225806451613,1.0,1,1.0621984891573977,1.065179651053174
171,5,32,33,0.06653225806451613,1.0,3,0.3289027101617915,0.3318585867282633
171,5,32,33,0.06653225806451613,1.0,5,0.19587742067341762,0.19779362871311937
171,5,32,33,0.06653225806451613,1.0,7,0.13960761033917993,0.1410127647284126
171,5,32,33,0.06653225806451613,1.0,9,0.10848042447246802,0.10958739564175753
171,5,32,33,0.06653225806451613,1.0,11,0.08871147078571925,0.08962396695544358
171,5,32,33,0.06653225806451613,1.0,13,0.07504030412078103,0.07581618358877698
171,5,32,33,0.06653225806451613,1.0,15,0.06502160947908561,0.06569633578619877
171,5,32,33,0.06653225806451613,1.0,17,0.057363748695665635,0.057960596286801135
171,5,32,33,0.06653225806451613,1.0,19,0.051320022035158064,0.05185507650903334
172,5,32,33,0.06653225806451613,0.1,1,0.012348949667362257,0.012563726580459761
172,5,32,33,0.06653225806451613,0.1,3,0.004112222671075329,0.004183803772207057
172,5,32,33,0.06653225806451613,0.1,5,0.0024670898417745884,0.0025100200749578376
172,5,32,33,0.06653225806451613,0.1,7,0.001762150385416997,0.0017928081448372296
172,5,32,33,0.06653225806451613,0.1,9,0.001370540557440018,0.001394382387364985
172,5,32,33,0.06653225806451613,0.1,11,0.001121341609577675,0.0011408468903652675
172,5,32,33,0.06653225806451613,0.1,13,0.0009488222257527382,0.0009653256924695627
172,5,32,33,0.06653225806451613,0.1,15,0.0008223094249488092,0.0008366117826717853
172,5,32,33,0.06653225806451613,0.1,17,0.0007255650966793485,0.0007381843826002729
172,5,32,33,0.06653225806451613,0.1,19,0.0006491884330529641,0.0006604790584691503
172,5,32,33,0.06653225806451613,0.5,1,0.28969270528124474,0.2949520661179174
172,5,32,33,0.06653225806451613,0.5,3,0.09465674718884814,0.09653186829097612
172,5,32,33,0.06653225806451613,0.5,5,0.05670299671647102,0.05782027369918603
172,5,32,33,0.06653225806451613,0.5,7,0.04048378292509714,0.041278540197734165
172,5,32,33,0.06653225806451613,0.5,9,0.03148135623451205,0.03209792853084507
172,5,32,33,0.06653225806451613,0.5,11,0.025754909987553785,0.02625852005284247
172,5,32,33,0.06653225806451613,0.5,13,0.02179133638578987,0.022216951207543023
172,5,32,33,0.06653225806451613,0.5,15,0.018885111346642395,0.019253643115855496
172,5,32,33,0.06653225806451613,0.5,17,0.01666290234833006,0.016987848920557314
172,5,32,33,0.06653225806451613,0.5,19,0.014908635550738824,0.015199214278848565
172,5,32,33,0.06653225806451613,1.0,1,0.9516364690414225,0.9743970094969852
172,5,32,33,0.06653225806451613,1.0,3,0.3012253368132159,0.3110950684643755
172,5,32,33,0.06653225806451613,1.0,5,0.17982316824377573,0.18599004383769496
172,5,32,33,0.06653225806451613,1.0,7,0.128254510049531,0.13269551796245352
172,5,32,33,0.06653225806451613,1.0,9,0.09968925968554863,0.10315219014723688
172,5,32,33,0.06653225806451613,1.0,11,0.08153602490357997,0.08437205266623196
172,5,32,33,0.06653225806451613,1.0,13,0.06897780768070119,0.07137844659914337
172,5,32,33,0.06653225806451613,1.0,15,0.059772698452886214,0.06185355200963451
172,5,32,33,0.06653225806451613,1.0,17,0.0527356589526028,0.05457176973821575
172,5,32,33,0.06653225806451613,1.0,19,0.04718130192929532,0.048824109166373766
173,5,32,33,0.06653225806451613,0.1,1,0.011940223353744828,0.013175442082461698
173,5,32,33,0.06653225806451613,0.1,3,0.003976667862097205,0.004388274330947694
173,5,32,33,0.06653225806451613,0.1,5,0.002385837427697605,0.00263279481086878
173,5,32,33,0.06653225806451613,0.1,7,0.0017041374611707592,0.0018805343112039924
173,5,32,33,0.06653225806451613,0.1,9,0.001325429964022517,0.00146262710390162
173,5,32,33,0.06653225806451613,0.1,11,0.0010844384388516827,0.0011966904743026757
173,5,32,33,0.06653225806451613,0.1,13,0.0009175996832793752,0.001012582092116561
173,5,32,33,0.06653225806451613,0.1,15,0.0007952519318226518,0.0008775699745177757
173,5,32,33,0.06653225806451613,0.1,17,0.0007016922164357227,0.0007743257569999604
173,5,32,33,0.06653225806451613,0.1,19,0.0006278294609220248,0.0006928173490022819
173,5,32,33,0.06653225806451613,0.5,1,0.28047838176680645,0.3056578193313901
173,5,32,33,0.06653225806451613,0.5,3,0.09156394210037837,0.09986436715378928
173,5,32,33,0.06653225806451613,0.5,5,0.05484848502142617,0.0598227939260752
173,5,32,33,0.06653225806451613,0.5,7,0.039159846586969936,0.04271173042467699
173,5,32,33,0.06653225806451613,0.5,9,0.030452015848590364,0.033214207730435784
173,5,32,33,0.06653225806451613,0.5,11,0.024912949527446677,0.027172765071127775
173,5,32,33,0.06653225806451613,0.5,13,0.021079051337053904,0.022991125157438418
173,5,32,33,0.06653225806451613,0.5,15,0.018267893126727813,0.01992498143633416
173,5,32,33,0.06653225806451613,0.5,17,0.01611836480747905,0.017580476573922647
173,5,32,33,0.06653225806451613,0.5,19,0.014421466211243409,0.01572965580040635
173,5,32,33,0.06653225806451613,1.0,1,0.9224433820141485,0.9718291425166896
173,5,32,33,0.06653225806451613,1.0,3,0.28606237146700425,0.2997711814268296
173,5,32,33,0.06653225806451613,1.0,5,0.1706345894503228,0.17864411873419794
173,5,32,33,0.06653225806451613,1.0,7,0.12168441975651005,0.12736172522202913
173,5,32,33,0.06653225806451613,1.0,9,0.09458023534389985,0.09898176838302032
173,5,32,33,0.06653225806451613,1.0,11,0.07735765093724128,0.08095302058167525
173,5,32,33,0.06653225806451613,1.0,13,0.06544373347029106,0.06848309907499664
173,5,32,33,0.06653225806451613,1.0,15,0.056710974535920194,0.05934352861252581
173,5,32,33,0.06653225806451613,1.0,17,0.050035009860893404,0.05235692934984481
173,5,32,33,0.06653225806451613,1.0,19,0.044765603686728946,0.046842531610566625
174,5,32,33,0.06653225806451613,0.1,1,0.012460449951856661,0.0124645714196616
174,5,32,33,0.06653225806451613,0.1,3,0.004149250177772108,0.004149731274939375
174,5,32,33,0.06653225806451613,0.1,5,0.002489308537577484,0.00248948342755083
174,5,32,33,0.06653225806451613,0.1,7,0.0017780229676080848,0.0017781125701546898
174,5,32,33,0.06653225806451613,0.1,9,0.0013828870892178787,0.0013829414189732673
174,5,32,33,0.06653225806451613,0.1,11,0.0011314440256398304,0.0011314804488163769
174,5,32,33,0.06653225806451613,0.1,13,0.0009573708731754247,0.0009573969779454834
174,5,32,33,0.06653225806451613,0.1,15,0.0008297185537390582,0.0008297381760078852
174,5,32,33,0.06653225806451613,0.1,17,0.000732102774210483,0.0007321180598130461
174,5,32,33,0.06653225806451613,0.1,19,0.000655038087313481,0.0006550503297972966
174,5,32,33,0.06653225806451613,0.5,1,0.29171013453414996,0.29210052975065276
174,5,32,33,0.06653225806451613,0.5,3,0.09533081824065359,0.09537997772794872
174,5,32,33,0.06653225806451613,0.5,5,0.05710297720358713,0.057121079372412
174,5,32,33,0.06653225806451613,0.5,7,0.04076754592871424,0.04077687779579272
174,5,32,33,0.06653225806451613,0.5,9,0.03170111689236056,0.031706795730947
174,5,32,33,0.06653225806451613,0.5,11,0.025934191927790264,0.025938008150868753
174,5,32,33,0.06653225806451613,0.5,13,0.02194271914379596,0.02194545887052015
174,5,32,33,0.06653225806451613,0.5,15,0.019016103043665977,0.019018165008418818
174,5,32,33,0.06653225806451613,0.5,17,0.01677834132764504,0.016779949141859082
174,5,32,33,0.06653225806451613,0.5,19,0.015011821476248978,0.015013110195742821
174,5,32,33,0.06653225806451613,1.0,1,0.9550762313926084,0.9574811111485728
174,5,32,33,0.06653225806451613,1.0,3,0.30201397795816326,0.3023056301305289
174,5,32,33,0.06653225806451613,1.0,5,0.18022831759965893,0.18032679983849298
174,5,32,33,0.06653225806451613,1.0,7,0.12852944373058076,0.12857767627447614
174,5,32,33,0.06653225806451613,1.0,9,0.09989854796142048,0.09992696562210573
174,5,32,33,0.06653225806451613,1.0,11,0.08170545867969123,0.08172413937482746
174,5,32,33,0.06653225806451613,1.0,13,0.06912034725341895,0.06913354658263444
174,5,32,33,0.06653225806451613,1.0,15,0.05989581231375045,0.05990562763289394
174,5,32,33,0.06653225806451613,1.0,17,0.052844059137740984,0.0528516410758399
174,5,32,33,0.06653225806451613,1.0,19,0.047278159223128384,0.04728419078916674
175,5,32,33,0.06653225806451613,0.1,1,0.013106431627021868,0.012821815011229516
175,5,32,33,0.06653225806451613,0.1,3,0.004365786970425229,0.004269963789567185
175,5,32,33,0.06653225806451613,0.1,5,0.0026193014215571625,0.0025617482128204375
175,5,32,33,0.06653225806451613,0.1,7,0.0018708910857793788,0.0018297677231824037
175,5,32,33,0.06653225806451613,0.1,9,0.0014551236409253777,0.0014231336494016473
175,5,32,33,0.06653225806451613,0.1,11,0.001190549324526588,0.0011643732764387053
175,5,32,33,0.06653225806451613,0.1,13,0.0010073844750651659,0.0009852341969664917
175,5,32,33,0.06653225806451613,0.1,15,0.0008730645203453725,0.0008538668236598484
175,5,32,33,0.06653225806451613,0.1,17,0.0007703497545469214,0.0007534101014284354
175,5,32,33,0.06653225806451613,0.1,19,0.0006892594336437044,0.0006741025552049834
175,5,32,33,0.06653225806451613,0.5,1,0.30606797965161747,0.3009708822108912
175,5,32,33,0.06653225806451613,0.5,3,0.10058630649693505,0.09838785944893638
175,5,32,33,0.06653225806451613,0.5,5,0.060281585256856875,0.05893369599568554
175,5,32,33,0.06653225806451613,0.5,7,0.04304336024666581,0.04207454787719653
175,5,32,33,0.06653225806451613,0.5,9,0.03347307930303738,0.032717476243756115
175,5,32,33,0.06653225806451613,0.5,11,0.027384831897522558,0.026765681400355155
175,5,32,33,0.06653225806451613,0.5,13,0.02317063470370026,0.022646251723522755
175,5,32,33,0.06653225806451613,0.5,15,0.02008056165804733,0.01962581316241927
175,5,32,33,0.06653225806451613,0.5,17,0.01771773770955482,0.01731631082843367
175,5,32,33,0.06653225806451613,0.5,19,0.015852447024575746,0.015493156738895198
175,5,32,33,0.06653225806451613,1.0,1,0.9924554611586998,0.9875419481574859
175,5,32,33,0.06653225806451613,1.0,3,0.32136712056398603,0.3126595039704604
175,5,32,33,0.06653225806451613,1.0,5,0.19197825500964105,0.1868816441674416
175,5,32,33,0.06653225806451613,1.0,7,0.13689764814846997,0.1333270764026927
175,5,32,33,0.06653225806451613,1.0,9,0.10638339385570568,0.10364098216306752
175,5,32,33,0.06653225806451613,1.0,11,0.0869949813068711,0.0847704112789228
175,5,32,33,0.06653225806451613,1.0,13,0.0735851018730994,0.07171443058450443
175,5,32,33,0.06653225806451613,1.0,15,0.0637576259992631,0.06214395140878796
175,5,32,33,0.06653225806451613,1.0,17,0.05624606204742389,0.054827420091601374
175,5,32,33,0.06653225806451613,1.0,19,0.05031800982957261,0.04905240444860959
176,5,32,33,0.06653225806451613,0.1,1,0.015026200782727402,0.014537936618875133
176,5,32,33,0.06653225806451613,0.1,3,0.0050031982044136,0.004838007186476848
176,5,32,33,0.06653225806451613,0.1,5,0.0030014079357663275,0.002902091940097911
176,5,32,33,0.06653225806451613,0.1,7,0.0021437175656402727,0.002072722675240591
176,5,32,33,0.06653225806451613,0.1,9,0.0016672753786234563,0.0016120347802438466
176,5,32,33,0.06653225806451613,0.1,11,0.0013641035838332077,0.0013188955113518821
176,5,32,33,0.06653225806451613,0.1,13,0.0011542237060771373,0.001115964310712775
176,5,32,33,0.06653225806451613,0.1,15,0.0010003160259411514,0.0009671538815280032
176,5,32,33,0.06653225806451613,0.1,17,0.0008826243000159425,0.0008533609208873686
176,5,32,33,0.06653225806451613,0.1,19,0.0007897112228538978,0.0007635263381266442
176,5,32,33,0.06653225806451613,0.5,1,0.3489570936752291,0.337805384053266
176,5,32,33,0.06653225806451613,0.5,3,0.11497389319857566,0.11030328038848292
176,5,32,33,0.06653225806451613,0.5,5,0.06889736171450728,0.06602468906727345
176,5,32,33,0.06653225806451613,0.5,7,0.04919108521546011,0.047121336593294746
176,5,32,33,0.06653225806451613,0.5,9,0.03825158195225711,0.036634839925735144
176,5,32,33,0.06653225806451613,0.5,11,0.03129282573805609,0.029966663616825436
176,5,32,33,0.06653225806451613,0.5,13,0.026476369972303935,0.025352349912975445
176,5,32,33,0.06653225806451613,0.5,15,0.022944860494337353,0.02196955538493476
176,5,32,33,0.06653225806451613,0.5,17,0.02024459777526868,0.01938327694384814
176,5,32,33,0.06653225806451613,0.5,19,0.01811299005913269,0.017341811279919513
176,5,32,33,0.06653225806451613,1.0,1,1.0983018565147482,1.0721984297769287
176,5,32,33,0.06653225806451613,1.0,3,0.3647307841475996,0.3419245604887828
176,5,32,33,0.06653225806451613,1.0,5,0.2186540550205503,0.2038700319386887
176,5,32,33,0.06653225806451613,1.0,7,0.15610730294391906,0.14530617126718473
176,5,32,33,0.06653225806451613,1.0,9,0.12138208238215492,0.11289588516196829
176,5,32,33,0.06653225806451613,1.0,11,0.09929389166142645,0.09231184318717071
176,5,32,33,0.06653225806451613,1.0,13,0.08400673121530419,0.0780782534590948
176,5,32,33,0.06653225806451613,1.0,15,0.07279864802395328,0.06764849943991112
176,5,32,33,0.06653225806451613,1.0,17,0.06422921615998331,0.059677255164114304
176,5,32,33,0.06653225806451613,1.0,19,0.057464777376545845,0.05338678108739308
177,5,32,33,0.06653225806451613,0.1,1,0.013001563103379566,0.01336799553577013
177,5,32,33,0.06653225806451613,0.1,3,0.004330453892164397,0.0044440962612190115
177,5,32,33,0.06653225806451613,0.1,5,0.002598097415827888,0.002665248413774784
177,5,32,33,0.06653225806451613,0.1,7,0.001855747307482173,0.0019033945559922948
177,5,32,33,0.06653225806451613,0.1,9,0.0014433466450199661,0.0014802680933224679
177,5,32,33,0.06653225806451613,0.1,11,0.001180914583387251,0.001211051369793566
177,5,32,33,0.06653225806451613,0.1,13,0.0009992326560684995,0.0010246910022787404
177,5,32,33,0.06653225806451613,0.1,15,0.000866000061913314,0.000888037249297564
177,5,32,33,0.06653225806451613,0.1,17,0.0007641167313745693,0.0007835432782962155
177,5,32,33,0.06653225806451613,0.1,19,0.0006836827558329018,0.0007010516637485861
177,5,32,33,0.06653225806451613,0.5,1,0.30409998340106914,0.3158815196484557
177,5,32,33,0.06653225806451613,0.5,3,0.09967541763753944,0.10280645651485343
177,5,32,33,0.06653225806451613,0.5,5,0.059722611602833126,0.061509013902946025
177,5,32,33,0.06653225806451613,0.5,7,0.04264211544364147,0.043890111608658376
177,5,32,33,0.06653225806451613,0.5,9,0.033160479741518964,0.03411906230107716
177,5,32,33,0.06653225806451613,0.5,11,0.027128894366883833,0.027906900422378558
177,5,32,33,0.06653225806451613,0.5,13,0.022954006171895656,0.02360863438599959
177,5,32,33,0.06653225806451613,0.5,15,0.019892790878874966,0.020457792887473486
177,5,32,33,0.06653225806451613,0.5,17,0.017552047912014816,0.018048998071527315
177,5,32,33,0.06653225806451613,0.5,19,0.015704195670392967,0.016147718171204972
177,5,32,33,0.06653225806451613,1.0,1,0.9911785304965979,1.0279642417530972
177,5,32,33,0.06653225806451613,1.0,3,0.31724096178570144,0.32923779426613675
177,5,32,33,0.06653225806451613,1.0,5,0.18967495604746762,0.19660848186657826
177,5,32,33,0.06653225806451613,1.0,7,0.13534682030854903,0.1401832687093011
177,5,32,33,0.06653225806451613,1.0,9,0.10522505790618152,0.10893217759077224
177,5,32,33,0.06653225806451613,1.0,11,0.0860741040344395,0.08907787185182615
177,5,32,33,0.06653225806451613,1.0,13,0.07282231771967644,0.07534653079122122
177,5,32,33,0.06653225806451613,1.0,15,0.06310727563981369,0.06528376092313137
177,5,32,33,0.06653225806451613,1.0,17,0.05567960445790493,0.05759246741065739
177,5,32,33,0.06653225806451613,1.0,19,0.04981646787039893,0.051522620669055476
178,5,32,33,0.06653225806451613,0.1,1,0.012555648467831117,0.013215854718546596
178,5,32,33,0.06653225806451613,0.1,3,0.004183137871914108,0.004401786925982547
178,5,32,33,0.06653225806451613,0.1,5,0.0025097704512677633,0.0026406792865487356
178,5,32,33,0.06653225806451613,0.1,7,0.0017926687223190978,0.0018860812121232564
178,5,32,33,0.06653225806451613,0.1,9,0.0013942893210208342,0.001466901348079874
178,5,32,33,0.06653225806451613,0.1,11,0.0011407783134577162,0.0012001657340626841
178,5,32,33,0.06653225806451613,0.1,13,0.0009652719307815623,0.0010155095055581365
178,5,32,33,0.06653225806451613,0.1,15,0.0008365678236989846,0.0008800985060189949
178,5,32,33,0.06653225806451613,0.1,17,0.0007381473344769642,0.0007765509493929867
178,5,32,33,0.06653225806451613,0.1,19,0.0006604471176224568,0.0006948041191698154
178,5,32,33,0.06653225806451613,0.5,1,0.2947965831924082,0.30915814898777483
178,5,32,33,0.06653225806451613,0.5,3,0.0972267961675533,0.10246416094847328
178,5,32,33,0.06653225806451613,0.5,5,0.05827828135618282,0.06141979559610215
178,5,32,33,0.06653225806451613,0.5,7,0.041615190058354214,0.04385446486856427
178,5,32,33,0.06653225806451613,0.5,9,0.03236326811182211,0.03410200427905465
178,5,32,33,0.06653225806451613,0.5,11,0.02647725600698673,0.027898058011106154
178,5,32,33,0.06653225806451613,0.5,13,0.022402925870597976,0.023603980123114425
178,5,32,33,0.06653225806451613,0.5,15,0.01941535542273601,0.02045548110547019
178,5,32,33,0.06653225806451613,0.5,17,0.01713088081777071,0.01804808234134991
178,5,32,33,0.06653225806451613,0.5,19,0.015327424860830986,0.01614767223180736
178,5,32,33,0.06653225806451613,1.0,1,0.9711768526997113,1.0016017359359008
178,5,32,33,0.06653225806451613,1.0,3,0.312409137016607,0.3290657471803253
178,5,32,33,0.06653225806451613,1.0,5,0.1864252190563248,0.19680233922278925
178,5,32,33,0.06653225806451613,1.0,7,0.1329272984092542,0.14040078651538573
178,5,32,33,0.06653225806451613,1.0,9,0.10330471278417411,0.10913168255728807
178,5,32,33,0.06653225806451613,1.0,11,0.08448441286564147,0.08925546201785758
178,5,32,33,0.06653225806451613,1.0,13,0.07146703711687065,0.07550459185096499
178,5,32,33,0.06653225806451613,1.0,15,0.06192657801253857,0.06542539907285214
178,5,32,33,0.06653225806451613,1.0,17,0.05463386172228721,0.057720421436334504
178,5,32,33,0.06653225806451613,1.0,19,0.0488781157729424,0.051639119342238096
179,5,32,33,0.06653225806451613,0.1,1,0.014280790063816957,0.0134877378439819
179,5,32,33,0.06653225806451613,0.1,3,0.004753508365167165,0.00448715671817556
179,5,32,33,0.06653225806451613,0.1,5,0.0028515741264129256,0.002691618203041907
179,5,32,33,0.06653225806451613,0.1,7,0.002036696803444619,0.001922404588673625
179,5,32,33,0.06653225806451613,0.1,9,0.0015840404008140806,0.0014951313019476462
179,5,32,33,0.06653225806451613,0.1,11,0.0012960045945699607,0.0012232532750216954
179,5,32,33,0.06653225806451613,0.1,13,0.0010966030926713036,0.0010350400286804804
179,5,32,33,0.06653225806451613,0.1,15,0.0009503792860935151,0.0008970219913106571
179,5,32,33,0.06653225806451613,0.1,17,0.0008385632818349667,0.0007914815676526822
179,5,32,33,0.06653225806451613,0.1,19,0.0007502888079998219,0.0007081618467021298
179,5,32,33,0.06653225806451613,0.5,1,0.33159153807627967,0.31291935971457924
179,5,32,33,0.06653225806451613,0.5,3,0.10811208857327234,0.10121647200165733
179,5,32,33,0.06653225806451613,0.5,5,0.0647090329839885,0.0605730704777922
179,5,32,33,0.06653225806451613,0.5,7,0.046181496267890115,0.04323141454716339
179,5,32,33,0.06653225806451613,0.5,9,0.035903863604887495,0.03361181580321989
179,5,32,33,0.06653225806451613,0.5,11,0.02936861498863543,0.027494769067069588
179,5,32,33,0.06653225806451613,0.5,13,0.024846329767206483,0.023261694590596477
179,5,32,33,0.06653225806451613,0.5,15,0.021531021663059573,0.0201582898504124
179,5,32,33,0.06653225806451613,0.5,17,0.018996348940453867,0.017785547021393205
179,5,32,33,0.06653225806451613,0.5,19,0.016995623234684037,0.015912587169060265
179,5,32,33,0.06653225806451613,1.0,1,1.0523567353668242,0.9938643799474214
179,5,32,33,0.06653225806451613,1.0,3,0.33379058509861437,0.3124054750065361
179,5,32,33,0.06653225806451613,1.0,5,0.19881320464921895,0.18674875592173004
179,5,32,33,0.06653225806451613,1.0,7,0.1415873752400847,0.13325145401106206
179,5,32,33,0.06653225806451613,1.0,9,0.10994642548833687,0.10359309561338415
179,5,32,33,0.06653225806451613,1.0,11,0.08986563905784577,0.08473765737038555
179,5,32,33,0.06653225806451613,1.0,13,0.07598779255651683,0.07169074614596463
179,5,32,33,0.06653225806451613,1.0,15,0.06582311500743085,0.062126100287491964
179,5,32,33,0.06653225806451613,1.0,17,0.058057129817383785,0.05481352923672447
179,5,32,33,0.06653225806451613,1.0,19,0.05193033767596214,0.04904131876493865
180,5,32,33,0.06653225806451613,0.1,1,0.013843914815290294,0.013924610376405895
180,5,32,33,0.06653225806451613,0.1,3,0.004609612016838936,0.0046345978434511525
180,5,32,33,0.06653225806451613,0.1,5,0.0027654933166024152,0.0027802468415062576
180,5,32,33,0.06653225806451613,0.1,7,0.0019752925324025058,0.001985757137512273
180,5,32,33,0.06653225806451613,0.1,9,0.0015363176239943362,0.0015444247810322174
180,5,32,33,0.06653225806451613,0.1,11,0.001256977680570785,0.0012635941062269778
180,5,32,33,0.06653225806451613,0.1,13,0.0010635915219092797,0.0010691802310769463
180,5,32,33,0.06653225806451613,0.1,15,0.0009217764119599595,0.0009266137191075162
180,5,32,33,0.06653225806451613,0.1,17,0.0008133302957627476,0.0008175942923250243
180,5,32,33,0.06653225806451613,0.1,19,0.0007277153567299338,0.0007315275311581845
180,5,32,33,0.06653225806451613,0.5,1,0.32083110174081525,0.3226983688851775
180,5,32,33,0.06653225806451613,0.5,3,0.10441407974364601,0.10486992875075425
180,5,32,33,0.06653225806451613,0.5,5,0.06252226108281404,0.06278738541571258
180,5,32,33,0.06653225806451613,0.5,7,0.04463245490341731,0.044819662855642005
180,5,32,33,0.06653225806451613,0.5,9,0.03470524230576774,0.0348499543519131
180,5,32,33,0.06653225806451613,0.5,11,0.028391323050822304,0.028509264856045283
180,5,32,33,0.06653225806451613,0.5,13,0.0240214474888467,0.024120976589495254
180,5,32,33,0.06653225806451613,0.5,15,0.02081746050783037,0.020903548863185222
180,5,32,33,0.06653225806451613,0.5,17,0.018367652821737142,0.018443498131069016
180,5,32,33,0.06653225806451613,0.5,19,0.016433761116025743,0.016501541311947546
180,5,32,33,0.06653225806451613,1.0,1,1.020332394063725,1.019713376939193
180,5,32,33,0.06653225806451613,1.0,3,0.32218730370259197,0.32434063705553196
180,5,32,33,0.06653225806451613,1.0,5,0.1923642406629125,0.1939367742257413
180,5,32,33,0.06653225806451613,1.0,7,0.1371985478503509,0.1383955883478063
180,5,32,33,0.06653225806451613,1.0,9,0.10663884893199281,0.10759908274636275
180,5,32,33,0.06653225806451613,1.0,11,0.08721815358074128,0.08801815684252566
180,5,32,33,0.06653225806451613,1.0,13,0.07378334778058661,0.07446835187621291
180,5,32,33,0.06653225806451613,1.0,15,0.06393590308629975,0.0645345562101091
180,5,32,33,0.06653225806451613,1.0,17,0.05640796511277343,0.05693947392288836
180,5,32,33,0.06653225806451613,1.0,19,0.050466247572691025,0.05094408664187661
181,5,32,33,0.06653225806451613,0.1,1,0.015114655449800543,0.014635651446566752
181,5,32,33,0.06653225806451613,0.1,3,0.005026570225827894,0.004871995439771183
181,5,32,33,0.06653225806451613,0.1,5,0.0030147621305009883,0.0029227229388885485
181,5,32,33,0.06653225806451613,0.1,7,0.002153056511273704,0.0020875369714572034
181,5,32,33,0.06653225806451613,0.1,9,0.001674453719497149,0.001623591667730192
181,5,32,33,0.06653225806451613,0.1,11,0.0013699326857523825,0.0013283694989702224
181,5,32,33,0.06653225806451613,0.1,13,0.0011591303207042073,0.001123991631352748
181,5,32,33,0.06653225806451613,0.1,15,0.0010045521457173543,0.0009741178545227974
181,5,32,33,0.06653225806451613,0.1,17,0.0008863510964275636,0.000859510327321554
181,5,32,33,0.06653225806451613,0.1,19,0.0007930380011193002,0.0007690317905743959
181,5,32,33,0.06653225806451613,0.5,1,0.3527583641040962,0.3384382220280733
181,5,32,33,0.06653225806451613,0.5,3,0.11504539690489766,0.11036001124190437
181,5,32,33,0.06653225806451613,0.5,5,0.0688129777364245,0.06607240847942192
181,5,32,33,0.06653225806451613,0.5,7,0.049093588555720026,0.04716144914752599
181,5,32,33,0.06653225806451613,0.5,9,0.03816006224763302,0.03666900122026799
181,5,32,33,0.06653225806451613,0.5,11,0.031209904599633846,0.02999626408490302
181,5,32,33,0.06653225806451613,0.5,13,0.026401546105634315,0.025378404565132816
181,5,32,33,0.06653225806451613,0.5,15,0.0228770750060849,0.02199279537528541
181,5,32,33,0.06653225806451613,0.5,17,0.020182816581725257,0.019404237018656418
181,5,32,33,0.06653225806451613,0.5,19,0.018056326931312924,0.017360890982699266
181,5,32,33,0.06653225806451613,1.0,1,1.1186603818223717,1.0666673954416188
181,5,32,33,0.06653225806451613,1.0,3,0.35911737693312085,0.3414173377281921
181,5,32,33,0.06653225806451613,1.0,5,0.21393493410117773,0.20390449066041363
181,5,32,33,0.06653225806451613,1.0,7,0.15237231887317307,0.14542946453154268
181,5,32,33,0.06653225806451613,1.0,9,0.11832945404193662,0.11303315357709812
181,5,32,33,0.06653225806451613,1.0,11,0.09672229977363488,0.09244528559436849
181,5,32,33,0.06653225806451613,1.0,13,0.08178851744946264,0.07820338266296503
181,5,32,33,0.06653225806451613,1.0,15,0.07084982677654657,0.06776463440323674
181,5,32,33,0.06653225806451613,1.0,17,0.06249211636208954,0.05978487773747207
181,5,32,33,0.06653225806451613,1.0,19,0.055898262849862025,0.05348669220252728
182,5,32,33,0.06653225806451613,0.1,1,0.014660284814639614,0.01362737196341161
182,5,32,33,0.06653225806451613,0.1,3,0.004875855546755859,0.004534721998557424
182,5,32,33,0.06653225806451613,0.1,5,0.002924512364683677,0.0027202665582249643
182,5,32,33,0.06653225806451613,0.1,7,0.0020886531092363025,0.0019429003440360002
182,5,32,33,0.06653225806451613,0.1,9,0.0016243895752364253,0.0015110864010261023
182,5,32,33,0.06653225806451613,0.1,11,0.0013289857204444096,0.0012363146688765087
182,5,32,33,0.06653225806451613,0.1,13,0.001124491577554163,0.0010460961909859884
182,5,32,33,0.06653225806451613,0.1,15,0.0009745374831622271,0.0009066066691050042
182,5,32,33,0.06653225806451613,0.1,17,0.0008598713663652738,0.0007999404343851048
182,5,32,33,0.06653225806451613,0.1,19,0.0007693483084330333,0.0007157315744693631
182,5,32,33,0.06653225806451613,0.5,1,0.3395850316713156,0.3152905971250088
182,5,32,33,0.06653225806451613,0.5,3,0.11022252413289485,0.10208070147965852
182,5,32,33,0.06653225806451613,0.5,5,0.06596288913509121,0.06109123430035915
182,5,32,33,0.06653225806451613,0.5,7,0.04707689386308841,0.04360245256223894
182,5,32,33,0.06653225806451613,0.5,9,0.03660083249917603,0.03390105274522713
182,5,32,33,0.06653225806451613,0.5,11,0.029939328432108323,0.02773183913024978
182,5,32,33,0.06653225806451613,0.5,13,0.02532958019490443,0.023462572039889922
182,5,32,33,0.06653225806451613,0.5,15,0.021950082764258562,0.02033257640316926
182,5,32,33,0.06653225806451613,0.5,17,0.019366287379484214,0.017939466979325473
182,5,32,33,0.06653225806451613,0.5,19,0.017326754440166944,0.0160504065150733
182,5,32,33,0.06653225806451613,1.0,1,1.0606156018202004,0.9915716919523777
182,5,32,33,0.06653225806451613,1.0,3,0.3330369929368384,0.30739741054879605
182,5,32,33,0.06653225806451613,1.0,5,0.1988375304616927,0.1834138076908593
182,5,32,33,0.06653225806451613,1.0,7,0.14180627774026985,0.1308017092979817
182,5,32,33,0.06653225806451613,1.0,9,0.11021618022279059,0.1016661090169039
182,5,32,33,0.06653225806451613,1.0,11,0.09014205367825846,0.08315220807980614
182,5,32,33,0.06653225806451613,1.0,13,0.0762558410024064,0.07034501159311198
182,5,32,33,0.06653225806451613,1.0,15,0.06607782718308047,0.0609575723264091
182,5,32,33,0.06653225806451613,1.0,17,0.05829734347226498,0.05378120129444133
182,5,32,33,0.06653225806451613,1.0,19,0.052156384461381544,0.048116882815420495
183,5,32,33,0.06653225806451613,0.1,1,0.012498345208189654,0.012241746230011171
183,5,32,33,0.06653225806451613,0.1,3,0.004161984916422753,0.004076089053843706
183,5,32,33,0.06653225806451613,0.1,5,0.0024969926742257455,0.0024454377793717173
183,5,32,33,0.06653225806451613,0.1,7,0.001783527176115128,0.001746698831811497
183,5,32,33,0.06653225806451613,0.1,9,0.0013871753144171699,0.0013585299521930788
183,5,32,33,0.06653225806451613,0.1,11,0.001134956448311009,0.0011115188804952537
183,5,32,33,0.06653225806451613,0.1,13,0.0009603452466512044,0.0009405132379110944
183,5,32,33,0.06653225806451613,0.1,15,0.0008322978449693704,0.0008151099841147146
183,5,32,33,0.06653225806451613,0.1,17,0.0007343796442807595,0.0007192138139800887
183,5,32,33,0.06653225806451613,0.1,19,0.0006570760174402006,0.0006435065459513138
183,5,32,33,0.06653225806451613,0.5,1,0.2920955578006151,0.2862896132585815
183,5,32,33,0.06653225806451613,0.5,3,0.09494058150440193,0.09341908366614073
183,5,32,33,0.06653225806451613,0.5,5,0.05684725091927407,0.05596334945805515
183,5,32,33,0.06653225806451613,0.5,7,0.04058212710165515,0.039956359682644646
183,5,32,33,0.06653225806451613,0.5,9,0.03155649750491148,0.03107156027711538
183,5,32,33,0.06653225806451613,0.5,11,0.025815896209229503,0.025419858824324224
183,5,32,33,0.06653225806451613,0.5,13,0.021842732446508813,0.021507977793788692
183,5,32,33,0.06653225806451613,0.5,15,0.018929559318155743,0.018639630691120304
183,5,32,33,0.06653225806451613,0.5,17,0.016702075393371856,0.016446369138112114
183,5,32,33,0.06653225806451613,0.5,19,0.014943662970907674,0.014714944071281162
183,5,32,33,0.06653225806451613,1.0,1,0.9481199357381781,0.9434440126327562
183,5,32,33,0.06653225806451613,1.0,3,0.29153482047211976,0.30249578092447704
183,5,32,33,0.06653225806451613,1.0,5,0.17455027602194484,0.18061046685541424
183,5,32,33,0.06653225806451613,1.0,7,0.12460499529475638,0.128795200791832
183,5,32,33,0.06653225806451613,1.0,9,0.09689125526360412,0.10009497064966127
183,5,32,33,0.06653225806451613,1.0,11,0.07926480554004572,0.081858653190899
183,5,32,33,0.06653225806451613,1.0,13,0.06706541592044804,0.06924474679508716
183,5,32,33,0.06653225806451613,1.0,15,0.05812074599642781,0.05999993861016872
183,5,32,33,0.06653225806451613,1.0,17,0.05128146860964507,0.05293326854630852
183,5,32,33,0.06653225806451613,1.0,19,0.045882451164133795,0.04735599957779999
184,5,32,33,0.06653225806451613,0.1,1,0.01298414286703069,0.012682750336770677
184,5,32,33,0.06653225806451613,0.1,3,0.004320238219586873,0.0042214847786463065
184,5,32,33,0.06653225806451613,0.1,5,0.0025916007429318284,0.002532555661698887
184,5,32,33,0.06653225806451613,0.1,7,0.0018510062788134377,0.0018088944093298425
184,5,32,33,0.06653225806451613,0.1,9,0.0014396181320018436,0.0014068917108784223
184,5,32,33,0.06653225806451613,0.1,11,0.001177843341711592,0.0011510813529561111
184,5,32,33,0.06653225806451613,0.1,13,0.000996622104168897,0.0009739856406701033
184,5,32,33,0.06653225806451613,0.1,15,0.0008637302055030346,0.0008441172066090014
184,5,32,33,0.06653225806451613,0.1,17,0.0007621090026614319,0.0007448069692504057
184,5,32,33,0.06653225806451613,0.1,19,0.0006818829308113222,0.0006664046734729268
184,5,32,33,0.06653225806451613,0.5,1,0.30266311693381787,0.29491995413015554
184,5,32,33,0.06653225806451613,0.5,3,0.09751998680967477,0.09563098190632617
184,5,32,33,0.06653225806451613,0.5,5,0.05833015934210094,0.057262754966075496
184,5,32,33,0.06653225806451613,0.5,7,0.04162449951726425,0.040878826142003784
184,5,32,33,0.06653225806451613,0.5,9,0.03236053212931933,0.03178706769402462
184,5,32,33,0.06653225806451613,0.5,11,0.026470429250026767,0.026004389041953603
184,5,32,33,0.06653225806451613,0.5,13,0.022394694066305443,0.022002113672127996
184,5,32,33,0.06653225806451613,0.5,15,0.01940676511236979,0.019067608125409193
184,5,32,33,0.06653225806451613,0.5,17,0.017122371135247453,0.016823823040159582
184,5,32,33,0.06653225806451613,0.5,19,0.015319182709777513,0.01505254980853137
184,5,32,33,0.06653225806451613,1.0,1,0.9730668686859409,0.9591655305174915
184,5,32,33,0.06653225806451613,1.0,3,0.2987643543697414,0.3118167871399588
184,5,32,33,0.06653225806451613,1.0,5,0.17868293055625967,0.1869647532879203
184,5,32,33,0.06653225806451613,1.0,7,0.12751224817507137,0.13351623623773984
184,5,32,33,0.06653225806451613,1.0,9,0.0991355661845833,0.1038349864508908
184,5,32,33,0.06653225806451613,1.0,11,0.08109287871146893,0.08495084144832267
184,5,32,33,0.06653225806451613,1.0,13,0.06860767044003331,0.07187878464873458
184,5,32,33,0.06653225806451613,1.0,15,0.0594545509669879,0.06229335619023495
184,5,32,33,0.06653225806451613,1.0,17,0.05245650132556888,0.05496371632078792
184,5,32,33,0.06653225806451613,1.0,19,0.04693251134746509,0.04917738403030465
185,5,32,33,0.06653225806451613,0.1,1,0.012502852996450165,0.012632078224375204
185,5,32,33,0.06653225806451613,0.1,3,0.004163213130900194,0.004206451545937173
185,5,32,33,0.06653225806451613,0.1,5,0.00249767840139492,0.002523622956059759
185,5,32,33,0.06653225806451613,0.1,7,0.0017839999581909858,0.0018025309139767204
185,5,32,33,0.06653225806451613,0.1,9,0.0013875354060232698,0.00140194772842291
185,5,32,33,0.06653225806451613,0.1,11,0.0011352470144305165,0.0011470384983182842
185,5,32,33,0.06653225806451613,0.1,13,0.0009605887033820756,0.0009705658376433525
185,5,32,33,0.06653225806451613,0.1,15,0.0008325072967029406,0.0008411539573887655
185,5,32,33,0.06653225806451613,0.1,17,0.0007345634055249526,0.0007421926773745072
185,5,32,33,0.06653225806451613,0.1,19,0.0006572396903694795,0.0006640657819768788
185,5,32,33,0.06653225806451613,0.5,1,0.29241827006417265,0.2952674631391197
185,5,32,33,0.06653225806451613,0.5,3,0.09529285816851722,0.09643101886521464
185,5,32,33,0.06653225806451613,0.5,5,0.057071108145469826,0.057757627783041
185,5,32,33,0.06653225806451613,0.5,7,0.04074430226526386,0.0412340804323866
185,5,32,33,0.06653225806451613,0.5,9,0.03168328657139192,0.03206363900810809
185,5,32,33,0.06653225806451613,0.5,11,0.025919868914975153,0.02623066371664404
185,5,32,33,0.06653225806451613,0.5,13,0.021930807045778045,0.022193514594277753
185,5,32,33,0.06653225806451613,0.5,15,0.019005934191048273,0.01923342444044846
185,5,32,33,0.06653225806451613,0.5,17,0.016769484960824685,0.016970075573066595
185,5,32,33,0.06653225806451613,0.5,19,0.015003985715846404,0.015183360992938509
185,5,32,33,0.06653225806451613,1.0,1,0.9531853730806582,0.9607502221559423
185,5,32,33,0.06653225806451613,1.0,3,0.2984808437185271,0.30343661331642857
185,5,32,33,0.06653225806451613,1.0,5,0.17798806734500897,0.18124006699808953
185,5,32,33,0.06653225806451613,1.0,7,0.12690933750015457,0.12928889783397843
185,5,32,33,0.06653225806451613,1.0,9,0.09863288762384916,0.10050189186628357
185,5,32,33,0.06653225806451613,1.0,11,0.08066786363843781,0.08220461198199337
185,5,32,33,0.06653225806451613,1.0,13,0.06824148697017444,0.06954549838395743
185,5,32,33,0.06653225806451613,1.0,15,0.05913369734145976,0.06026584862088851
185,5,32,33,0.06653225806451613,1.0,17,0.05217137520741914,0.05317151920505328
185,5,32,33,0.06653225806451613,1.0,19,0.04667615645493328,0.04757176892255785
186,5,32,33,0.06653225806451613,0.1,1,0.012993872675038667,0.012817298669873998
186,5,32,33,0.06653225806451613,0.1,3,0.0043262852929562496,0.0042679636400363465
186,5,32,33,0.06653225806451613,0.1,5,0.002595401147610498,0.0025604805134281936
186,5,32,33,0.06653225806451613,0.1,7,0.0018537614873941177,0.001828840830028267
186,5,32,33,0.06653225806451613,0.1,9,0.0014417761924516007,0.0014224033447375066
186,5,32,33,0.06653225806451613,0.1,11,0.0011796161579811794,0.0011637708225018997
186,5,32,33,0.06653225806451613,0.1,13,0.000998126070234268,0.0009847215220455071
186,5,32,33,0.06653225806451613,0.1,15,0.0008650359865172071,0.0008534206506187117
186,5,32,33,0.06653225806451613,0.1,17,0.0007632626787907603,0.0007530151639430219
186,5,32,33,0.06653225806451613,0.1,19,0.0006829162028795625,0.0006737483011767637
186,5,32,33,0.06653225806451613,0.5,1,0.30443873127676585,0.29946524631657023
186,5,32,33,0.06653225806451613,0.5,3,0.09970374381903722,0.09812206519575717
186,5,32,33,0.06653225806451613,0.5,5,0.05972474090191289,0.05878784140371479
186,5,32,33,0.06653225806451613,0.5,7,0.042638587502305876,0.04197296635399255
186,5,32,33,0.06653225806451613,0.5,9,0.03315544461005592,0.03263926667886587
186,5,32,33,0.06653225806451613,0.5,11,0.02712354691761986,0.02670200721737526
186,5,32,33,0.06653225806451613,0.5,13,0.022948748346541373,0.022592519475351073
186,5,32,33,0.06653225806451613,0.5,15,0.019887761850608008,0.0195793203383419
186,5,32,33,0.06653225806451613,0.5,17,0.017547288650053394,0.017275329538493644
186,5,32,33,0.06653225806451613,0.5,19,0.015699708220435815,0.015456513901626867
186,5,32,33,0.06653225806451613,1.0,1,0.9941337035228158,0.9740741055858653
186,5,32,33,0.06653225806451613,1.0,3,0.31762887866534645,0.31392705627323075
186,5,32,33,0.06653225806451613,1.0,5,0.18978935395389152,0.18767138148170714
186,5,32,33,0.06653225806451613,1.0,7,0.13539870875687568,0.13391447166724624
186,5,32,33,0.06653225806451613,1.0,9,0.10525562852151613,0.10411273355842972
186,5,32,33,0.06653225806451613,1.0,11,0.08609518672353811,0.08516527796018714
186,5,32,33,0.06653225806451613,1.0,13,0.07283835068942372,0.07205417783203688
186,5,32,33,0.06653225806451613,1.0,15,0.06312025927354648,0.062442174185372575
186,5,32,33,0.06653225806451613,1.0,17,0.05569056900350169,0.055093206627170765
186,5,32,33,0.06653225806451613,1.0,19,0.049826000398084845,0.04929214081848327
187,5,32,33,0.06653225806451613,0.1,1,0.0165584259434891,0.01603966037368696
187,5,32,33,0.06653225806451613,0.1,3,0.005508195452121122,0.005340539003359941
187,5,32,33,0.06653225806451613,0.1,5,0.003303836796740354,0.0032038759545508066
187,5,32,33,0.06653225806451613,0.1,7,0.0023595725194990387,0.0022883656579957227
187,5,32,33,0.06653225806451613,0.1,9,0.0018350927298690979,0.0017797933128593844
187,5,32,33,0.06653225806451613,0.1,11,0.001501372860321974,0.0014561714541781387
187,5,32,33,0.06653225806451613,0.1,13,0.0012703538485129475,0.0012321320260578323
187,5,32,33,0.06653225806451613,0.1,15,0.0011009490323983105,0.0010678396716849654
187,5,32,33,0.06653225806451613,0.1,17,0.0009714093251707507,0.0009422061260712878
187,5,32,33,0.06653225806451613,0.1,19,0.0008691442624049863,0.0008430228134559927
187,5,32,33,0.06653225806451613,0.5,1,0.38253553620605174,0.36697741532334616
187,5,32,33,0.06653225806451613,0.5,3,0.12459542177547978,0.1199865354916036
187,5,32,33,0.06653225806451613,0.5,5,0.07454867638245279,0.07187411198794667
187,5,32,33,0.06653225806451613,0.5,7,0.05319494367440986,0.051314018217141315
187,5,32,33,0.06653225806451613,0.5,9,0.04135241821843292,0.03990253444314409
187,5,32,33,0.06653225806451613,0.5,11,0.03382323453837815,0.03264385870603331
187,5,32,33,0.06653225806451613,0.5,13,0.028613701567309264,0.027619841067790852
187,5,32,33,0.06653225806451613,0.5,15,0.02479485758615275,0.023936115892351752
187,5,32,33,0.06653225806451613,0.5,17,0.02187538188348589,0.021119433393727557
187,5,32,33,0.06653225806451613,0.5,19,0.019571019517124675,0.018895895298570154
187,5,32,33,0.06653225806451613,1.0,1,1.1809727727783876,1.1158781412181609
187,5,32,33,0.06653225806451613,1.0,3,0.3743582223188469,0.35453430597734265
187,5,32,33,0.06653225806451613,1.0,5,0.2229368162023087,0.2113402303238209
187,5,32,33,0.06653225806451613,1.0,7,0.15878323588610702,0.15062597239747885
187,5,32,33,0.06653225806451613,1.0,9,0.12331242731828473,0.11703038111806809
187,5,32,33,0.06653225806451613,1.0,11,0.10079905015534393,0.09569432655363178
187,5,32,33,0.06653225806451613,1.0,13,0.08523851392527448,0.08094074837411888
187,5,32,33,0.06653225806451613,1.0,15,0.07384035950928058,0.07012984490489657
187,5,32,33,0.06653225806451613,1.0,17,0.06513131252473954,0.06186716530015886
187,5,32,33,0.06653225806451613,1.0,19,0.05826006630150921,0.05534659711495981
188,5,32,33,0.06653225806451613,0.1,1,0.012832962334603711,0.012828694854816485
188,5,32,33,0.06653225806451613,0.1,3,0.004274319513409945,0.004273092994169189
188,5,32,33,0.06653225806451613,0.1,5,0.002564431796212054,0.00256370558792719
188,5,32,33,0.06653225806451613,0.1,7,0.0018317055305254613,0.0018311887253602307
188,5,32,33,0.06653225806451613,0.1,9,0.0014246497856769342,0.0014242484395897855
188,5,32,33,0.06653225806451613,0.1,11,0.0011656183807734642,0.0011652902608836348
188,5,32,33,0.06653225806451613,0.1,13,0.0009862904461086462,0.0009860129299279431
188,5,32,33,0.06653225806451613,0.1,15,0.0008547839495164442,0.0008545435027808206
188,5,32,33,0.06653225806451613,0.1,17,0.0007542204810431841,0.0007540083618462829
188,5,32,33,0.06653225806451613,0.1,19,0.0006748284431193067,0.0006746386771457075
188,5,32,33,0.06653225806451613,0.5,1,0.3011704575672713,0.3017945012424769
188,5,32,33,0.06653225806451613,0.5,3,0.09862302126786819,0.09902541061308397
188,5,32,33,0.06653225806451613,0.5,5,0.05909041994836761,0.05934501639535117
188,5,32,33,0.06653225806451613,0.5,7,0.04219105402978644,0.04237556316914326
188,5,32,33,0.06653225806451613,0.5,9,0.03281002076898397,0.03295438371315306
188,5,32,33,0.06653225806451613,0.5,11,0.02684239118301271,0.02696086189568077
188,5,32,33,0.06653225806451613,0.5,13,0.02271173596317929,0.02281215374699089
188,5,32,33,0.06653225806451613,0.5,15,0.01968293001676875,0.019770053107103155
188,5,32,33,0.06653225806451613,0.5,17,0.017366952436001844,0.01744388142013476
188,5,32,33,0.06653225806451613,0.5,19,0.015538639660155392,0.015607505796688015
188,5,32,33,0.06653225806451613,1.0,1,0.990675620375587,0.9957205725797652
188,5,32,33,0.06653225806451613,1.0,3,0.31575986016294844,0.3208673353849112
188,5,32,33,0.06653225806451613,1.0,5,0.18861876816528952,0.19194702200719294
188,5,32,33,0.06653225806451613,1.0,7,0.13455883432226862,0.13698960419096473
188,5,32,33,0.06653225806451613,1.0,9,0.10460240535654482,0.10651025761120121
188,5,32,33,0.06653225806451613,1.0,11,0.08556115120361665,0.08712929347957592
188,5,32,33,0.06653225806451613,1.0,13,0.07238686148966522,0.07371724838556191
188,5,32,33,0.06653225806451613,1.0,15,0.06272927276842097,0.0638841785945235
188,5,32,33,0.06653225806451613,1.0,17,0.05534581347886164,0.05636597154189741
188,5,32,33,0.06653225806451613,1.0,19,0.049517713390345545,0.050431191605003485
189,5,32,33,0.06653225806451613,0.1,1,0.01289319331175245,0.01311476572852618
189,5,32,33,0.06653225806451613,0.1,3,0.004293352573367924,0.004367894086140009
189,5,32,33,0.06653225806451613,0.1,5,0.002575801505307298,0.002620559436338521
189,5,32,33,0.06653225806451613,0.1,7,0.001839816886381336,0.0018717933393800053
189,5,32,33,0.06653225806451613,0.1,9,0.0014309554604817376,0.001455828116574686
189,5,32,33,0.06653225806451613,0.1,11,0.001170776261515793,0.001191127478657635
189,5,32,33,0.06653225806451613,0.1,13,0.0009906541703088006,0.0010078748505644218
189,5,32,33,0.06653225806451613,0.1,15,0.0008585654977641403,0.000873490315483806
189,5,32,33,0.06653225806451613,0.1,17,0.0007575569371929768,0.0007707260285512341
189,5,32,33,0.06653225806451613,0.1,19,0.0006778135653292461,0.0006895965209558583
189,5,32,33,0.06653225806451613,0.5,1,0.30360523789093924,0.30717004134896897
189,5,32,33,0.06653225806451613,0.5,3,0.09881920928105738,0.10047320068190241
189,5,32,33,0.06653225806451613,0.5,5,0.059178879461280406,0.060195943078781254
189,5,32,33,0.06653225806451613,0.5,7,0.04224849963619007,0.04297986140207902
189,5,32,33,0.06653225806451613,0.5,9,0.03285286531536281,0.03342326983120267
189,5,32,33,0.06653225806451613,0.5,11,0.02687668599962946,0.02734403040661502
189,5,32,33,0.06653225806451613,0.5,13,0.02274038496657601,0.02313614661529013
189,5,32,33,0.06653225806451613,0.5,15,0.019707558161999678,0.020050723671162944
189,5,32,33,0.06653225806451613,0.5,17,0.017388564640684754,0.017691459228672005
189,5,32,33,0.06653225806451613,0.5,19,0.01555790254985377,0.015828977177354674
189,5,32,33,0.06653225806451613,1.0,1,1.003376061045348,1.0002936848389246
189,5,32,33,0.06653225806451613,1.0,3,0.31198903504029984,0.31865993308472773
189,5,32,33,0.06653225806451613,1.0,5,0.1861412199228438,0.190559411255454
189,5,32,33,0.06653225806451613,1.0,7,0.1327525110749395,0.13599055416448935
189,5,32,33,0.06653225806451613,1.0,9,0.10318632931287859,0.10573116122416931
189,5,32,33,0.06653225806451613,1.0,11,0.08439802726906834,0.08649108626081604
189,5,32,33,0.06653225806451613,1.0,13,0.07140050895487826,0.07317687746094945
189,5,32,33,0.06653225806451613,1.0,15,0.06187326235209364,0.06341567450369283
189,5,32,33,0.06653225806451613,1.0,17,0.05458982265927989,0.055952480697091855
189,5,32,33,0.06653225806451613,1.0,19,0.04884087065830243,0.05006116151551364
190,5,32,33,0.06653225806451613,0.1,1,0.015003784145629147,0.015022752314355039
190,5,32,33,0.06653225806451613,0.1,3,0.004996521532070425,0.004998369023580083
190,5,32,33,0.06653225806451613,0.1,5,0.0029976752838052506,0.0029982688572381413
190,5,32,33,0.06653225806451613,0.1,7,0.0021411482301548265,0.002141415921836039
190,5,32,33,0.06653225806451613,0.1,9,0.0016653215195308638,0.0016654624473374819
190,5,32,33,0.06653225806451613,0.1,11,0.0013625289612180253,0.001362609312942344
190,5,32,33,0.06653225806451613,0.1,13,0.0011529056999798433,0.0011529532431970764
190,5,32,33,0.06653225806451613,0.1,15,0.0009991830265564466,0.0009992112484095118
190,5,32,33,0.06653225806451613,0.1,17,0.0008816309226411715,0.0008816470709807641
190,5,32,33,0.06653225806451613,0.1,19,0.0007888269205328434,0.0007888351894339533
190,5,32,33,0.06653225806451613,0.5,1,0.34610913364790585,0.347872159922969
190,5,32,33,0.06653225806451613,0.5,3,0.11294654714713728,0.11286943612442457
190,5,32,33,0.06653225806451613,0.5,5,0.06763713123689696,0.06754037656416559
190,5,32,33,0.06653225806451613,0.5,7,0.0482841728518681,0.04820082993419292
190,5,32,33,0.06653225806451613,0.5,9,0.03754468314307803,0.03747389894221827
190,5,32,33,0.06653225806451613,0.5,11,0.030714093124638932,0.030653123070506383
190,5,32,33,0.06653225806451613,0.5,13,0.025986630167128176,0.02593326674631544
190,5,32,33,0.06653225806451613,0.5,15,0.022520468508151623,0.022473100028155252
190,5,32,33,0.06653225806451613,0.5,17,0.0198702061947522,0.0198276578985602
190,5,32,33,0.06653225806451613,0.5,19,0.017778080251947444,0.017739480814983593
190,5,32,33,0.06653225806451613,1.0,1,1.0854948836120022,1.0923440325321296
190,5,32,33,0.06653225806451613,1.0,3,0.3449268514703427,0.3421513908235468
190,5,32,33,0.06653225806451613,1.0,5,0.20549204199733653,0.20420340772579354
190,5,32,33,0.06653225806451613,1.0,7,0.14640886963647368,0.1456104901503782
190,5,32,33,0.06653225806451613,1.0,9,0.11373076739739202,0.1131602415951127
190,5,32,33,0.06653225806451613,1.0,11,0.09298375989404913,0.09254203640950863
190,5,32,33,0.06653225806451613,1.0,13,0.07864058718298031,0.0782809432567284
190,5,32,33,0.06653225806451613,1.0,15,0.06813207788213324,0.0678290771325625
190,5,32,33,0.06653225806451613,1.0,17,0.06010148658202947,0.059839842765348594
190,5,32,33,0.06653225806451613,1.0,19,0.05376467646482972,0.05353451856909399
191,5,32,33,0.06653225806451613,0.1,1,0.012887899979918736,0.012688422748511279
191,5,32,33,0.06653225806451613,0.1,3,0.004289975117350369,0.004222627343816478
191,5,32,33,0.06653225806451613,0.1,5,0.002573561324106409,0.0025330632982831502
191,5,32,33,0.06653225806451613,0.1,7,0.0018381497761753296,0.0018091962666486416
191,5,32,33,0.06653225806451613,0.1,9,0.0014296295589022146,0.001407098983081881
191,5,32,33,0.06653225806451613,0.1,11,0.0011696761010306445,0.001151236235701573
191,5,32,33,0.06653225806451613,0.1,13,0.0009897142462832872,0.0009741079347154669
191,5,32,33,0.06653225806451613,0.1,15,0.0008577451479029648,0.0008442175606534256
191,5,32,33,0.06653225806451613,0.1,17,0.0007568292114151962,0.0007448916819906552
191,5,32,33,0.06653225806451613,0.1,19,0.0006771596914393595,0.0006664777419178058
191,5,32,33,0.06653225806451613,0.5,1,0.30178663354158974,0.29776861534515076
191,5,32,33,0.06653225806451613,0.5,3,0.09818743799301372,0.09663949352242243
191,5,32,33,0.06653225806451613,0.5,5,0.058789690363989545,0.05784110814329078
191,5,32,33,0.06653225806451613,0.5,7,0.04196608648521106,0.04128283498646846
191,5,32,33,0.06653225806451613,0.5,9,0.03263101120425006,0.032097210160580425
191,5,32,33,0.06653225806451613,0.5,11,0.0266939330083594,0.026255969558021463
191,5,32,33,0.06653225806451613,0.5,13,0.022584988160433982,0.02221369995598194
191,5,32,33,0.06653225806451613,0.5,15,0.0195723819015361,0.019250155731547088
191,5,32,33,0.06653225806451613,0.5,17,0.017268946523281835,0.01698433250134044
191,5,32,33,0.06653225806451613,0.5,19,0.01545062762038848,0.015195764486501026
191,5,32,33,0.06653225806451613,1.0,1,0.9814781296381567,0.9735149688046311
191,5,32,33,0.06653225806451613,1.0,3,0.3080684250017284,0.3035184702163629
191,5,32,33,0.06653225806451613,1.0,5,0.18406218900396684,0.18119942906230277
191,5,32,33,0.06653225806451613,1.0,7,0.13131380051136265,0.1292295320816378
191,5,32,33,0.06653225806451613,1.0,9,0.10208041157334709,0.10044104033573892
191,5,32,33,0.06653225806451613,1.0,11,0.08349796902360962,0.08214659092945074
191,5,32,33,0.06653225806451613,1.0,13,0.07064096042520944,0.06949133051640732
191,5,32,33,0.06653225806451613,1.0,15,0.06121594447547084,0.060215560355234655
191,5,32,33,0.06653225806451613,1.0,17,0.054010313720283566,0.053124830076484074
191,5,32,33,0.06653225806451613,1.0,19,0.04832260828280368,0.04752832320817548
192,5,32,33,0.06653225806451613,0.1,1,0.01283460243412635,0.012980290732501218
192,5,32,33,0.06653225806451613,0.1,3,0.004275190850670508,0.004315113630449146
192,5,32,33,0.06653225806451613,0.1,5,0.002564969649888203,0.0025880044747364837
192,5,32,33,0.06653225806451613,0.1,7,0.0018320925718487476,0.0018482743871897616
192,5,32,33,0.06653225806451613,0.1,9,0.0014249517011142687,0.001437422185962637
192,5,32,33,0.06653225806451613,0.1,11,0.001165865755088108,0.0011760094262225403
192,5,32,33,0.06653225806451613,0.1,13,0.0009864999280097824,0.0009950484465717957
192,5,32,33,0.06653225806451613,0.1,15,0.0008549655868267972,0.0008623524290163553
192,5,32,33,0.06653225806451613,0.1,17,0.0007543807981124948,0.0007608838957362856
192,5,32,33,0.06653225806451613,0.1,19,0.0006749719140677369,0.0006807801185553795
192,5,32,33,0.06653225806451613,0.5,1,0.3011908228097467,0.30840448493189376
192,5,32,33,0.06653225806451613,0.5,3,0.09881180080636681,0.09993930578479243
192,5,32,33,0.06653225806451613,0.5,5,0.05921263666559074,0.059760804374732836
192,5,32,33,0.06653225806451613,0.5,7,0.04228009906350176,0.0426367179060714
192,5,32,33,0.06653225806451613,0.5,9,0.03287983183284531,0.03314311231606698
192,5,32,33,0.06653225806451613,0.5,11,0.026899736344509588,0.02710813521733137
192,5,32,33,0.06653225806451613,0.5,13,0.022760368120014484,0.0229327266890481
192,5,32,33,0.06653225806451613,0.5,15,0.019725136705160833,0.01987204466683868
192,5,32,33,0.06653225806451613,0.5,17,0.01740422794635756,0.017532216736938125
192,5,32,33,0.06653225806451613,0.5,19,0.015572012728482626,0.015685390296852984
192,5,32,33,0.06653225806451613,1.0,1,0.9887669034301213,1.0194356876782713
192,5,32,33,0.06653225806451613,1.0,3,0.31643263315787024,0.3179426458763195
192,5,32,33,0.06653225806451613,1.0,5,0.1892492919872479,0.1893305692863912
192,5,32,33,0.06653225806451613,1.0,7,0.13505831480466196,0.13493033303462584
192,5,32,33,0.06653225806451613,1.0,9,0.1050069463284554,0.10484093280484019
192,5,32,33,0.06653225806451613,1.0,11,0.0858988154599606,0.08573262522993631
192,5,32,33,0.06653225806451613,1.0,13,0.07267581899896641,0.0725190484308035
192,5,32,33,0.06653225806451613,1.0,15,0.06298145623403463,0.06283606272867806
192,5,32,33,0.06653225806451613,1.0,17,0.055569355589072736,0.05543501099650844
192,5,32,33,0.06653225806451613,1.0,19,0.04971836444450751,0.049594086634080714
193,5,32,33,0.06653225806451613,0.1,1,0.012462250594390578,0.012239195953485688
193,5,32,33,0.06653225806451613,0.1,3,0.004150781625291699,0.0040721161911563665
193,5,32,33,0.06653225806451613,0.1,5,0.0024903035638361827,0.002442742442682063
193,5,32,33,0.06653225806451613,0.1,7,0.001778754202350963,0.001744683045204874
193,5,32,33,0.06653225806451613,0.1,9,0.001383464105834731,0.0013569239833998987
193,5,32,33,0.06653225806451613,0.1,11,0.001131920261803299,0.0011101853538771748
193,5,32,33,0.06653225806451613,0.1,13,0.0009577761932045536,0.0009393735329068919
193,5,32,33,0.06653225806451613,0.1,15,0.0008300712938623172,0.0008141150879111622
193,5,32,33,0.06653225806451613,0.1,17,0.0007324149866064422,0.0007183311654705436
193,5,32,33,0.06653225806451613,0.1,19,0.000655318112493075,0.0006427134326726104
193,5,32,33,0.06653225806451613,0.5,1,0.2921295701856928,0.28878132367806886
193,5,32,33,0.06653225806451613,0.5,3,0.09572914108011046,0.09331045155886021
193,5,32,33,0.06653225806451613,0.5,5,0.05735060486212993,0.05584719754743421
193,5,32,33,0.06653225806451613,0.5,7,0.04094613677430684,0.0398635297751582
193,5,32,33,0.06653225806451613,0.5,9,0.03184060626119946,0.03099576390299816
193,5,32,33,0.06653225806451613,0.5,11,0.026048581646637127,0.02535609489054229
193,5,32,33,0.06653225806451613,0.5,13,0.022039648499275786,0.02145302938130736
193,5,32,33,0.06653225806451613,0.5,15,0.019100189565041784,0.018591385398460183
193,5,32,33,0.06653225806451613,0.5,17,0.01685258677826874,0.016403381807847898
193,5,32,33,0.06653225806451613,0.5,19,0.015078286233423659,0.014676187262539594
193,5,32,33,0.06653225806451613,1.0,1,0.9597812337818724,0.9657843203095381
193,5,32,33,0.06653225806451613,1.0,3,0.30690023295456637,0.310427977433985
193,5,32,33,0.06653225806451613,1.0,5,0.18324581682275318,0.18572849211495115
193,5,32,33,0.06653225806451613,1.0,7,0.13067535794087953,0.13255486891273288
193,5,32,33,0.06653225806451613,1.0,9,0.10155630338595223,0.10306303239719752
193,5,32,33,0.06653225806451613,1.0,11,0.08305375668507027,0.08430959573068805
193,5,32,33,0.06653225806451613,1.0,13,0.07025567271044729,0.07133168827757115
193,5,32,33,0.06653225806451613,1.0,15,0.06087586872881243,0.061816860941350145
193,5,32,33,0.06653225806451613,1.0,17,0.053706003371991926,0.05454195755669449
193,5,32,33,0.06653225806451613,1.0,19,0.04804728574490806,0.048799229847231645
194,5,32,33,0.06653225806451613,0.1,1,0.01329332543909744,0.01356686303371275
194,5,32,33,0.06653225806451613,0.1,3,0.004426135744223944,0.00451085394552857
194,5,32,33,0.06653225806451613,0.1,5,0.002655428206149682,0.0027055202281975436
194,5,32,33,0.06653225806451613,0.1,7,0.0018966818001853437,0.0019322407587714862
194,5,32,33,0.06653225806451613,0.1,9,0.0014751792277942805,0.0015027418622195724
194,5,32,33,0.06653225806451613,0.1,11,0.0012069571178767778,0.0012294596322955781
194,5,32,33,0.06653225806451613,0.1,13,0.001021267481901512,0.0010402796773753818
194,5,32,33,0.06653225806451613,0.1,15,0.0008850962543693078,0.0009015555155517374
194,5,32,33,0.06653225806451613,0.1,17,0.0007809659120968121,0.0007954766975288562
194,5,32,33,0.06653225806451613,0.1,19,0.0006987580785255566,0.0007117328915077779
194,5,32,33,0.06653225806451613,0.5,1,0.3088208152019601,0.31821223808286325
194,5,32,33,0.06653225806451613,0.5,3,0.10053465067103881,0.10280537313630242
194,5,32,33,0.06653225806451613,0.5,5,0.060214127169259474,0.061433820976932126
194,5,32,33,0.06653225806451613,0.5,7,0.04298879455627922,0.043816677959134034
194,5,32,33,0.06653225806451613,0.5,9,0.03342877738243329,0.03405425802848154
194,5,32,33,0.06653225806451613,0.5,11,0.02734787942572928,0.027850169648076323
194,5,32,33,0.06653225806451613,0.5,13,0.02313905398592873,0.023558583062260916
194,5,32,33,0.06653225806451613,0.5,15,0.020053037191052104,0.02041317293733818
194,5,32,33,0.06653225806451613,0.5,17,0.017693369441020727,0.018008820897416403
194,5,32,33,0.06653225806451613,0.5,19,0.01583059806863935,0.016111218254171677
194,5,32,33,0.06653225806451613,1.0,1,0.9911091996361397,1.0241213190902028
194,5,32,33,0.06653225806451613,1.0,3,0.3185421583685154,0.3186983198507766
194,5,32,33,0.06653225806451613,1.0,5,0.19059953131013593,0.18897721533107112
194,5,32,33,0.06653225806451613,1.0,7,0.13602114356922493,0.13432268251997107
194,5,32,33,0.06653225806451613,1.0,9,0.10574975030099334,0.10419400227248918
194,5,32,33,0.06653225806451613,1.0,11,0.08650179458631897,0.085106549641342
194,5,32,33,0.06653225806451613,1.0,13,0.0731826189138476,0.071930383715162
194,5,32,33,0.06653225806451613,1.0,15,0.0634182350088828,0.062287479549648125
194,5,32,33,0.06653225806451613,1.0,17,0.05595295676818249,0.05492457830985354
194,5,32,33,0.06653225806451613,1.0,19,0.05006024405396296,0.04911848995270626
195,5,32,33,0.06653225806451613,0.1,1,0.012532968714698101,0.012514854392430049
195,5,32,33,0.06653225806451613,0.1,3,0.004173321813558281,0.0041668186527500746
195,5,32,33,0.06653225806451613,0.1,5,0.002503785125363122,0.0024998601668170025
195,5,32,33,0.06653225806451613,0.1,7,0.0017883770227489055,0.0017855689284971147
195,5,32,33,0.06653225806451613,0.1,9,0.0013909468080930858,0.001388761276300876
195,5,32,33,0.06653225806451613,0.1,11,0.0011380419635712185,0.001136253196898759
195,5,32,33,0.06653225806451613,0.1,13,0.0009629559444801651,0.0009614420785272556
195,5,32,33,0.06653225806451613,0.1,15,0.0008345603830016781,0.000833248205880894
195,5,32,33,0.06653225806451613,0.1,17,0.000736375962007077,0.0007352180643357063
195,5,32,33,0.06653225806451613,0.1,19,0.0006588621717629306,0.0006578260988599783
195,5,32,33,0.06653225806451613,0.5,1,0.29287467900542813,0.2947967843324246
195,5,32,33,0.06653225806451613,0.5,3,0.09512177446691697,0.0956562077437312
195,5,32,33,0.06653225806451613,0.5,5,0.056953886279850985,0.05726329044671616
195,5,32,33,0.06653225806451613,0.5,7,0.04065791912630619,0.04087657218252309
195,5,32,33,0.06653225806451613,0.5,9,0.03161532977781447,0.031784627669983856
195,5,32,33,0.06653225806451613,0.5,11,0.025863983817724766,0.02600218073011505
195,5,32,33,0.06653225806451613,0.5,13,0.021883398811828686,0.022000178513041986
195,5,32,33,0.06653225806451613,0.5,15,0.018964790964113496,0.019065914926538453
195,5,32,33,0.06653225806451613,0.5,17,0.016733154765781025,0.016822331523543448
195,5,32,33,0.06653225806451613,0.5,19,0.014971466212368022,0.01505122437301122
195,5,32,33,0.06653225806451613,1.0,1,0.9511815448125962,0.9754316246364851
195,5,32,33,0.06653225806451613,1.0,3,0.28887009189693963,0.30425013443478627
195,5,32,33,0.06653225806451613,1.0,5,0.1723013135659158,0.1818909207571989
195,5,32,33,0.06653225806451613,1.0,7,0.12288548144716933,0.12979915200384234
195,5,32,33,0.06653225806451613,1.0,9,0.09551918291957547,0.10091614212168752
195,5,32,33,0.06653225806451613,1.0,11,0.07812812238340289,0.08255180632133782
195,5,32,33,0.06653225806451613,1.0,13,0.06609682844328478,0.06984379427660434
195,5,32,33,0.06653225806451613,1.0,15,0.057277641188453944,0.06052709133686319
195,5,32,33,0.06653225806451613,1.0,17,0.050535401923221895,0.05340378529414583
195,5,32,33,0.06653225806451613,1.0,19,0.045213572374856986,0.04778078485355774
196,5,32,33,0.06653225806451613,0.1,1,0.013727862417273773,0.013449678903446094
196,5,32,33,0.06653225806451613,0.1,3,0.004573025427762326,0.004477280653303632
196,5,32,33,0.06653225806451613,0.1,5,0.0027436540074568857,0.0026858941187485287
196,5,32,33,0.06653225806451613,0.1,7,0.001959717296356721,0.001918367956543258
196,5,32,33,0.06653225806451613,0.1,9,0.001524211975563106,0.0014920122193268868
196,5,32,33,0.06653225806451613,0.1,11,0.0012470768168295293,0.0012207113904000096
196,5,32,33,0.06653225806451613,0.1,13,0.0010552158268456128,0.0010328948871532097
196,5,32,33,0.06653225806451613,0.1,15,0.0009145186119332772,0.0008951663784155992
196,5,32,33,0.06653225806451613,0.1,17,0.000806927065797075,0.000789846578628363
196,5,32,33,0.06653225806451613,0.1,19,0.0007219866231994211,0.000706700569761781
196,5,32,33,0.06653225806451613,0.5,1,0.31857303505549367,0.3140300144304227
196,5,32,33,0.06653225806451613,0.5,3,0.10479703471428027,0.10261308575572846
196,5,32,33,0.06653225806451613,0.5,5,0.06281443054111373,0.06146242251060569
196,5,32,33,0.06653225806451613,0.5,7,0.04485478125020189,0.04387911293676612
196,5,32,33,0.06653225806451613,0.5,9,0.03488294103704223,0.034120342513407224
196,5,32,33,0.06653225806451613,0.5,11,0.02853886013887996,0.027913132427935347
196,5,32,33,0.06653225806451613,0.5,13,0.024147412568605912,0.023616969741211594
196,5,32,33,0.06653225806451613,0.5,15,0.020927286305075614,0.020466974407104502
196,5,32,33,0.06653225806451613,0.5,17,0.018464970532581476,0.01805842604096979
196,5,32,33,0.06653225806451613,0.5,19,0.016521109802453735,0.016157094011777947
196,5,32,33,0.06653225806451613,1.0,1,1.0133528252210862,1.021207622509016
196,5,32,33,0.06653225806451613,1.0,3,0.3281559324484134,0.32357971901583366
196,5,32,33,0.06653225806451613,1.0,5,0.19638921409224036,0.19303545793553414
196,5,32,33,0.06653225806451613,1.0,7,0.1401763550491203,0.13759444905481613
196,5,32,33,0.06653225806451613,1.0,9,0.10899258746873298,0.10690406299335502
196,5,32,33,0.06653225806451613,1.0,11,0.08916147728695761,0.08741098041918631
196,5,32,33,0.06653225806451613,1.0,13,0.07543716952343316,0.07393163660416617
196,5,32,33,0.06653225806451613,1.0,15,0.06537487201116213,0.06405465579002072
196,5,32,33,0.06653225806451613,1.0,17,0.05768127750475113,0.05650600564619896
196,5,32,33,0.06653225806451613,1.0,19,0.05160799369561562,0.05054912440333629
197,5,32,33,0.06653225806451613,0.1,1,0.014848159276113571,0.014811907993181881
197,5,32,33,0.06653225806451613,0.1,3,0.004940430121899122,0.004926972454120796
197,5,32,33,0.06653225806451613,0.1,5,0.0029635181148969384,0.002955257223628044
197,5,32,33,0.06653225806451613,0.1,7,0.002116596407227764,0.002110637055067112
197,5,32,33,0.06653225806451613,0.1,9,0.0016461591482175696,0.0016414983794599645
197,5,32,33,0.06653225806451613,0.1,11,0.0013468160160726378,0.0013429891637629125
197,5,32,33,0.06653225806451613,0.1,13,0.001139589832635112,0.0011363437797394633
197,5,32,33,0.06653225806451613,0.1,15,0.000987629704766145,0.000984811389512478
197,5,32,33,0.06653225806451613,0.1,17,0.0008714281072984677,0.000868937928621896
197,5,32,33,0.06653225806451613,0.1,19,0.0007796919339483687,0.0007774614513951627
197,5,32,33,0.06653225806451613,0.5,1,0.34408247898817357,0.34316856870944096
197,5,32,33,0.06653225806451613,0.5,3,0.11178735973696591,0.11144533349349942
197,5,32,33,0.06653225806451613,0.5,5,0.06690461289822924,0.0666933398526401
197,5,32,33,0.06653225806451613,0.5,7,0.04775001240765341,0.04759648931737331
197,5,32,33,0.06653225806451613,0.5,9,0.03712451135247323,0.03700379913177917
197,5,32,33,0.06653225806451613,0.5,11,0.030367854875530044,0.030268354042297538
197,5,32,33,0.06653225806451613,0.5,13,0.025692212371518502,0.025607565524200095
197,5,32,33,0.06653225806451613,0.5,15,0.02226438375780656,0.02219072437058917
197,5,32,33,0.06653225806451613,0.5,17,0.019643624716968146,0.019578424251732625
197,5,32,33,0.06653225806451613,0.5,19,0.017574907348862447,0.01751642102645574
197,5,32,33,0.06653225806451613,1.0,1,1.083969822892501,1.075638194208637
197,5,32,33,0.06653225806451613,1.0,3,0.34242508387766385,0.3389252634700857
197,5,32,33,0.06653225806451613,1.0,5,0.20460714763947802,0.20263005946255705
197,5,32,33,0.06653225806451613,1.0,7,0.1459622410478183,0.14458904019126295
197,5,32,33,0.06653225806451613,1.0,9,0.1134592878238151,0.1124079578078718
197,5,32,33,0.06653225806451613,1.0,11,0.09279939044424008,0.09194781369753775
197,5,32,33,0.06653225806451613,1.0,13,0.07850591004329133,0.07779033253083723
197,5,32,33,0.06653225806451613,1.0,15,0.06802852775150363,0.0674115031242792
197,5,32,33,0.06653225806451613,1.0,17,0.06001880047296289,0.05947647227119798
197,5,32,33,0.06653225806451613,1.0,19,0.0536967101125134,0.05321294735817466
198,5,32,33,0.06653225806451613,0.1,1,0.012335256448010647,0.012384419904202141
198,5,32,33,0.06653225806451613,0.1,3,0.004107902234539273,0.0041243356200672855
198,5,32,33,0.06653225806451613,0.1,5,0.002464537015805665,0.002474380525685555
198,5,32,33,0.06653225806451613,0.1,7,0.001760339823866111,0.0017673641870509162
198,5,32,33,0.06653225806451613,0.1,9,0.0013691380778445186,0.001374598233006937
198,5,32,33,0.06653225806451613,0.1,11,0.00112019716351678,0.0011246627742508846
198,5,32,33,0.06653225806451613,0.1,13,0.0009478556473988993,0.0009516331534140586
198,5,32,33,0.06653225806451613,0.1,15,0.0008214728761081753,0.0008247460054470091
198,5,32,33,0.06653225806451613,0.1,17,0.0007248277474556251,0.0007277153151849343
198,5,32,33,0.06653225806451613,0.1,19,0.0006485292544835103,0.0006511125183548161
198,5,32,33,0.06653225806451613,0.5,1,0.28904571021099246,0.2905168894152901
198,5,32,33,0.06653225806451613,0.5,3,0.09431440088204392,0.09500929641870746
198,5,32,33,0.06653225806451613,0.5,5,0.05648860074747691,0.056918801776547075
198,5,32,33,0.06653225806451613,0.5,7,0.04032885825402945,0.04063911380928846
198,5,32,33,0.06653225806451613,0.5,9,0.03136029710436407,0.031602661352273534
198,5,32,33,0.06653225806451613,0.5,11,0.025655634252669188,0.02585441055248253
198,5,32,33,0.06653225806451613,0.5,13,0.0217072262161205,0.021875674216019762
198,5,32,33,0.06653225806451613,0.5,15,0.01881215908916563,0.018958295470664924
198,5,32,33,0.06653225806451613,0.5,17,0.016598500292257228,0.016727537788669367
198,5,32,33,0.06653225806451613,0.5,19,0.014850993002377973,0.014966510275764797
198,5,32,33,0.06653225806451613,1.0,1,0.9475267544364462,0.9566863022468912
198,5,32,33,0.06653225806451613,1.0,3,0.2945619305038564,0.30090817601964165
198,5,32,33,0.06653225806451613,1.0,5,0.17566687563207928,0.17959706420831592
198,5,32,33,0.06653225806451613,1.0,7,0.12526397505049622,0.12809311745027765
198,5,32,33,0.06653225806451613,1.0,9,0.09735874692813633,0.09956509457315069
198,5,32,33,0.06653225806451613,1.0,11,0.07962828262977144,0.0814354179114819
198,5,32,33,0.06653225806451613,1.0,13,0.06736352873081632,0.06889333218153083
198,5,32,33,0.06653225806451613,1.0,15,0.05837386709532332,0.05969992887553482
198,5,32,33,0.06653225806451613,1.0,17,0.05150165388177003,0.052671760035136114
198,5,32,33,0.06653225806451613,1.0,19,0.046077437243764,0.04712435275173865
199,5,32,33,0.06653225806451613,0.1,1,0.012905409676653126,0.015028045310540033
199,5,32,33,0.06653225806451613,0.1,3,0.004298441264172675,0.005005818401350463
199,5,32,33,0.06653225806451613,0.1,5,0.0025789040234202817,0.003003321768715098
199,5,32,33,0.06653225806451613,0.1,7,0.0018420426827361848,0.002145196526382889
199,5,32,33,0.06653225806451613,0.1,9,0.0014326897448857293,0.001668475526360512
199,5,32,33,0.06653225806451613,0.1,11,0.0011721965094725856,0.001365111924493124
199,5,32,33,0.06653225806451613,0.1,13,0.0009918565454383398,0.00115509255661761
199,5,32,33,0.06653225806451613,0.1,15,0.0008596078970813431,0.0010010790473551417
199,5,32,33,0.06653225806451613,0.1,17,0.0007584769023122282,0.0008833043528395429
199,5,32,33,0.06653225806451613,0.1,19,0.0006786368181248237,0.0007903245150218613
199,5,32,33,0.06653225806451613,0.5,1,0.30140181149779444,0.3458946197805043
199,5,32,33,0.06653225806451613,0.5,3,0.09875640301740111,0.11339160443251836
199,5,32,33,0.06653225806451613,0.5,5,0.05917993283487906,0.06794494918645372
199,5,32,33,0.06653225806451613,0.5,7,0.04225697051827668,0.048514415032217297
199,5,32,33,0.06653225806451613,0.5,9,0.03286193332409944,0.03772777346999781
199,5,32,33,0.06653225806451613,0.5,11,0.026885133849645654,0.030865834337183
199,5,32,33,0.06653225806451613,0.5,13,0.022748034135008498,0.026116103819842963
199,5,32,33,0.06653225806451613,0.5,15,0.019714459990313935,0.022633336460536075
199,5,32,33,0.06653225806451613,0.5,17,0.017394815259692265,0.019970225291278232
199,5,32,33,0.06653225806451613,0.5,19,0.015563596093332186,0.01786786688747489
199,5,32,33,0.06653225806451613,1.0,1,0.9797063419791039,1.0734877619817154
199,5,32,33,0.06653225806451613,1.0,3,0.3159053131115297,0.34118385291213416
199,5,32,33,0.06653225806451613,1.0,5,0.18922110982567047,0.2037933409301674
199,5,32,33,0.06653225806451613,1.0,7,0.13509613189524067,0.14538320303899877
199,5,32,33,0.06653225806451613,1.0,9,0.1050551326966103,0.11301679542179549
199,5,32,33,0.06653225806451613,1.0,11,0.08594609267580855,0.09244378323117093
199,5,32,33,0.06653225806451613,1.0,13,0.07271967821519498,0.07820972298014503
199,5,32,33,0.06653225806451613,1.0,15,0.06302158158904099,0.06777526291201268
199,5,32,33,0.06653225806451613,1.0,17,0.055606017020264464,0.05979786956062814
199,5,32,33,0.06653225806451613,1.0,19,0.04975196139470853,0.05350095149507933
