graph_index,n_qubits,n_vertices,n_edges,density,time,trotter_steps,matching_diff,pauli_diff
0,4,16,15,0.125,0.1,1,0.00937647655146278,0.009376476551462872
0,4,16,15,0.125,0.1,3,0.003122471904209126,0.00312247190420946
0,4,16,15,0.125,0.1,5,0.0018733383968804515,0.0018733383968810979
0,4,16,15,0.125,0.1,7,0.00133807037420852,0.0013380703742093107
0,4,16,15,0.125,0.1,9,0.0010407122866630165,0.0010407122866642777
0,4,16,15,0.125,0.1,11,0.0008514880956841592,0.0008514880956841264
0,4,16,15,0.125,0.1,13,0.000720488089872897,0.0007204880898756171
0,4,16,15,0.125,0.1,15,0.0006244220122218322,0.0006244220122232026
0,4,16,15,0.125,0.1,17,0.0005509600099212,0.0005509600099226016
0,4,16,15,0.125,0.1,19,0.0004929638498220664,0.0004929638498240185
0,4,16,15,0.125,0.5,1,0.22251573556431054,0.22251573556431045
0,4,16,15,0.125,0.5,3,0.07247847301212106,0.07247847301212113
0,4,16,15,0.125,0.5,5,0.043408792725475084,0.04340879272547561
0,4,16,15,0.125,0.5,7,0.03099092664296982,0.03099092664297118
0,4,16,15,0.125,0.5,9,0.024099144825613664,0.02409914482561406
0,4,16,15,0.125,0.5,11,0.019715449825251394,0.019715449825252113
0,4,16,15,0.125,0.5,13,0.016681314875859957,0.016681314875860345
0,4,16,15,0.125,0.5,15,0.014456601952679605,0.014456601952680974
0,4,16,15,0.125,0.5,17,0.01275550825552322,0.012755508255524965
0,4,16,15,0.125,0.5,19,0.011412624310841274,0.011412624310842768
0,4,16,15,0.125,1.0,1,0.7587270495516979,0.7587270495516977
0,4,16,15,0.125,1.0,3,0.23481635085020341,0.2348163508502039
0,4,16,15,0.125,1.0,5,0.14010738517192503,0.14010738517192528
0,4,16,15,0.125,1.0,7,0.09992385511735093,0.09992385511735234
0,4,16,15,0.125,1.0,9,0.07766969804657525,0.07766969804657525
0,4,16,15,0.125,1.0,11,0.06352769932249824,0.06352769932249994
0,4,16,15,0.125,1.0,13,0.05374435367838824,0.05374435367839018
0,4,16,15,0.125,1.0,15,0.046573077763718385,0.04657307776372097
0,4,16,15,0.125,1.0,17,0.041090727305364935,0.041090727305365886
0,4,16,15,0.125,1.0,19,0.036763400136587736,0.03676340013658841
1,4,16,16,0.13333333333333333,0.1,1,0.011367887914185852,0.011500517633575385
1,4,16,16,0.13333333333333333,0.1,3,0.003785788998246509,0.003829273140169509
1,4,16,16,0.13333333333333333,0.1,5,0.002271261885044285,0.0022972209342977325
1,4,16,16,0.13333333333333333,0.1,7,0.001622280492143208,0.001640779189869233
1,4,16,16,0.13333333333333333,0.1,9,0.0012617554536830434,0.001276123886845032
1,4,16,16,0.13333333333333333,0.1,11,0.0010323368049314917,0.001044082473125026
1,4,16,16,0.13333333333333333,0.1,13,0.000873511103352601,0.0008834436218005106
1,4,16,16,0.13333333333333333,0.1,15,0.000757040161783133,0.0007656444177058694
1,4,16,16,0.13333333333333333,0.1,17,0.0006679748103635808,0.0006755641338884454
1,4,16,16,0.13333333333333333,0.1,19,0.0005976604440903751,0.0006044489979956234
1,4,16,16,0.13333333333333333,0.5,1,0.26892839685307923,0.272360438236129
1,4,16,16,0.13333333333333333,0.5,3,0.0879950460445811,0.08924384472073753
1,4,16,16,0.13333333333333333,0.5,5,0.05270942330788068,0.05344862632542699
1,4,16,16,0.13333333333333333,0.5,7,0.03763062349069167,0.03815393502263865
1,4,16,16,0.13333333333333333,0.5,9,0.029261650293604856,0.029666325588689438
1,4,16,16,0.13333333333333333,0.5,11,0.02393838902014966,0.0242681702264953
1,4,16,16,0.13333333333333333,0.5,13,0.02025401102887368,0.020532248508709675
1,4,16,16,0.13333333333333333,0.5,15,0.017552575563878257,0.017793184553984327
1,4,16,16,0.13333333333333333,0.5,17,0.01548700117241503,0.01569893719361575
1,4,16,16,0.13333333333333333,0.5,19,0.013856414197227513,0.014045778067494921
1,4,16,16,0.13333333333333333,1.0,1,0.9039559667745863,0.9186187334465234
1,4,16,16,0.13333333333333333,1.0,3,0.28628344033369413,0.29025403712805764
1,4,16,16,0.13333333333333333,1.0,5,0.17106573431016137,0.17315248082766818
1,4,16,16,0.13333333333333333,1.0,7,0.12204851110131369,0.12343977566169197
1,4,16,16,0.13333333333333333,1.0,9,0.09487991643509767,0.09591805869598105
1,4,16,16,0.13333333333333333,1.0,11,0.07760898191099386,0.07843526426605624
1,4,16,16,0.13333333333333333,1.0,13,0.06565902671178005,0.06634458919601262
1,4,16,16,0.13333333333333333,1.0,15,0.05689879075186906,0.05748427952515108
1,4,16,16,0.13333333333333333,1.0,17,0.050201334322233046,0.05071208634546979
1,4,16,16,0.13333333333333333,1.0,19,0.04491472310640202,0.04536757155196276
2,4,16,16,0.13333333333333333,0.1,1,0.011566550818014058,0.01105855054856675
2,4,16,16,0.13333333333333333,0.1,3,0.0038506425118817337,0.003683007946200231
2,4,16,16,0.13333333333333333,0.1,5,0.00231002464225212,0.002209650887676509
2,4,16,16,0.13333333333333333,0.1,7,0.0016499235977290934,0.0015782913808921916
2,4,16,16,0.13333333333333333,0.1,9,0.0012832366185408207,0.0012275500111641013
2,4,16,16,0.13333333333333333,0.1,11,0.001049902467791326,0.0010043549235654978
2,4,16,16,0.13333333333333333,0.1,13,0.0008883686225829223,0.0008498367221602241
2,4,16,16,0.13333333333333333,0.1,15,0.0007699130467487555,0.0007365240248579265
2,4,16,16,0.13333333333333333,0.1,17,0.0006793307941545934,0.0006498734620574854
2,4,16,16,0.13333333333333333,0.1,19,0.0006078193381868673,0.0005814652987465988
2,4,16,16,0.13333333333333333,0.5,1,0.2735658119242838,0.2610982493809272
2,4,16,16,0.13333333333333333,0.5,3,0.08929374115733188,0.08531359494519666
2,4,16,16,0.13333333333333333,0.5,5,0.053461373109778616,0.05110003342989751
2,4,16,16,0.13333333333333333,0.5,7,0.03815976588130338,0.03648176352902116
2,4,16,16,0.13333333333333333,0.5,9,0.029669852006519462,0.028368580909117855
2,4,16,16,0.13333333333333333,0.5,11,0.024270654632174076,0.023208007387191983
2,4,16,16,0.13333333333333333,0.5,13,0.02053416402130624,0.019636200589296295
2,4,16,16,0.13333333333333333,0.5,15,0.017794747779341338,0.017017280128094312
2,4,16,16,0.13333333333333333,0.5,17,0.01570026212239715,0.015014781445337813
2,4,16,16,0.13333333333333333,0.5,19,0.01404693113934253,0.013433975103582477
2,4,16,16,0.13333333333333333,1.0,1,0.9181765642276668,0.8772156806882745
2,4,16,16,0.13333333333333333,1.0,3,0.2895898482292831,0.27279970783223273
2,4,16,16,0.13333333333333333,1.0,5,0.17274104357846454,0.16252402970883065
2,4,16,16,0.13333333333333333,1.0,7,0.12315145725596328,0.1158414939978613
2,4,16,16,0.13333333333333333,1.0,9,0.09569768810039533,0.09001411192284343
2,4,16,16,0.13333333333333333,1.0,11,0.07825735866086589,0.07361047097551814
2,4,16,16,0.13333333333333333,1.0,13,0.0661955884947838,0.0622664558455297
2,4,16,16,0.13333333333333333,1.0,15,0.057356175051942446,0.053953154824557197
2,4,16,16,0.13333333333333333,1.0,17,0.05059977313642516,0.047598824353505334
2,4,16,16,0.13333333333333333,1.0,19,0.045267602773501295,0.04258387313848087
3,4,16,16,0.13333333333333333,0.1,1,0.01313559457942935,0.012508695994169797
3,4,16,16,0.13333333333333333,0.1,3,0.004373537616723922,0.004158849787641778
3,4,16,16,0.13333333333333333,0.1,5,0.002623802639955643,0.0024942931397182464
3,4,16,16,0.13333333333333333,0.1,7,0.001874067145709225,0.0017813462470713962
3,4,16,16,0.13333333333333333,0.1,9,0.0014575783516012242,0.0013853694140747263
3,4,16,16,0.13333333333333333,0.1,11,0.0011925500315305233,0.0011334216846428133
3,4,16,16,0.13333333333333333,0.1,13,0.0010090730322791584,0.0009590130362965225
3,4,16,16,0.13333333333333333,0.1,15,0.0008745252439006977,0.0008311219076214721
3,4,16,16,0.13333333333333333,0.1,17,0.0007716368472844302,0.0007333276317222294
3,4,16,16,0.13333333333333333,0.1,19,0.0006904098045704719,0.0006561245502264024
3,4,16,16,0.13333333333333333,0.5,1,0.30623782372594394,0.294347611177467
3,4,16,16,0.13333333333333333,0.5,3,0.09986434408556617,0.09526411985910034
3,4,16,16,0.13333333333333333,0.5,5,0.05980353859368242,0.056965492346050424
3,4,16,16,0.13333333333333333,0.5,7,0.042692390601046175,0.040640864701760426
3,4,16,16,0.13333333333333333,0.5,9,0.03319681346044678,0.031590547156418895
3,4,16,16,0.13333333333333333,0.5,11,0.027157327443905796,0.025837536144863896
3,4,16,16,0.13333333333333333,0.5,13,0.022977363333555545,0.02185733765906014
3,4,16,16,0.13333333333333333,0.5,15,0.01991261339074372,0.018939833822976225
3,4,16,16,0.13333333333333333,0.5,17,0.017569267585624982,0.01670951869566558
3,4,16,16,0.13333333333333333,0.5,19,0.01571941851472742,0.014949168876242733
3,4,16,16,0.13333333333333333,1.0,1,0.9881621176581655,0.9623478896768765
3,4,16,16,0.13333333333333333,1.0,3,0.31101112467150144,0.29751103018858477
3,4,16,16,0.13333333333333333,1.0,5,0.18560598470055478,0.1770583631038299
3,4,16,16,0.13333333333333333,1.0,7,0.1323687116240154,0.12612407711190443
3,4,16,16,0.13333333333333333,1.0,9,0.10288391300724416,0.09796618107093889
3,4,16,16,0.13333333333333333,1.0,11,0.08414758166321101,0.08009210325712061
3,4,16,16,0.13333333333333333,1.0,13,0.07118645071821389,0.06773612304722185
3,4,16,16,0.13333333333333333,1.0,15,0.06168621344403362,0.058683956274578356
3,4,16,16,0.13333333333333333,1.0,17,0.05442366026891897,0.05176650788667476
3,4,16,16,0.13333333333333333,1.0,19,0.048691361462739016,0.04630817335935256
4,4,16,16,0.13333333333333333,0.1,1,0.013081646898079615,0.01180851431841389
4,4,16,16,0.13333333333333333,0.1,3,0.00435657115076803,0.003930051592769571
4,4,16,16,0.13333333333333333,0.1,5,0.002613742370596463,0.0023576238350856127
4,4,16,16,0.13333333333333333,0.1,7,0.0018669176821754147,0.001683916260464907
4,4,16,16,0.13333333333333333,0.1,9,0.0014520333698704547,0.0013096739208184988
4,4,16,16,0.13333333333333333,0.1,11,0.0011880213983397649,0.001071532691701658
4,4,16,16,0.13333333333333333,0.1,13,0.0010052458937755341,0.0009066711200111164
4,4,16,16,0.13333333333333333,0.1,15,0.0008712114278309377,0.0007857752895994325
4,4,16,16,0.13333333333333333,0.1,17,0.0007687149403823266,0.0006933269830871445
4,4,16,16,0.13333333333333333,0.1,19,0.0006877969132717723,0.0006203423308384218
4,4,16,16,0.13333333333333333,0.5,1,0.3046355575743749,0.27721057408654165
4,4,16,16,0.13333333333333333,0.5,3,0.09946581980817795,0.08972629226550803
4,4,16,16,0.13333333333333333,0.5,5,0.05958082080702277,0.053694142390591594
4,4,16,16,0.13333333333333333,0.5,7,0.042538323127346185,0.03832233932381127
4,4,16,16,0.13333333333333333,0.5,9,0.033079149757080616,0.029795597647472912
4,4,16,16,0.13333333333333333,0.5,11,0.027062184744714307,0.024373442956415366
4,4,16,16,0.13333333333333333,0.5,13,0.022897518331430437,0.02062118714093643
4,4,16,16,0.13333333333333333,0.5,15,0.019843833991188924,0.017870245181367126
4,4,16,16,0.13333333333333333,0.5,17,0.01750886295378348,0.0157669531136805
4,4,16,16,0.13333333333333333,0.5,19,0.01566557219238141,0.014106668270722074
4,4,16,16,0.13333333333333333,1.0,1,0.984555884228004,0.9121343537963656
4,4,16,16,0.13333333333333333,1.0,3,0.30956211867924177,0.27799131215676326
4,4,16,16,0.13333333333333333,1.0,5,0.18478007229059276,0.16540377778448168
4,4,16,16,0.13333333333333333,1.0,7,0.131792621051628,0.117855900359807
4,4,16,16,0.13333333333333333,1.0,9,0.10244200747819898,0.09156822034156106
4,4,16,16,0.13333333333333333,1.0,11,0.08378930653823069,0.07487714537906835
4,4,16,16,0.13333333333333333,1.0,13,0.07088525222111787,0.0633360615093524
4,4,16,16,0.13333333333333333,1.0,15,0.06142643558131982,0.05487904483622601
4,4,16,16,0.13333333333333333,1.0,17,0.054195304336136986,0.04841519026913408
4,4,16,16,0.13333333333333333,1.0,19,0.048487655599274614,0.04331396536473682
5,4,16,16,0.13333333333333333,0.1,1,0.011884187811126426,0.011825309226789585
5,4,16,16,0.13333333333333333,0.1,3,0.00395268516598467,0.003935084424323011
5,4,16,16,0.13333333333333333,0.1,5,0.0023707936348226857,0.0023605025438068867
5,4,16,16,0.13333333333333333,0.1,7,0.001693190526907615,0.001685924057571849
5,4,16,16,0.13333333333333333,0.1,9,0.001316828456384569,0.001311213560441076
5,4,16,16,0.13333333333333333,0.1,11,0.0010773553628811191,0.0010727806317507834
5,4,16,16,0.13333333333333333,0.1,13,0.0009115796455492896,0.0009077200538116148
5,4,16,16,0.13333333333333333,0.1,15,0.0007900176073634161,0.0007866798512389886
5,4,16,16,0.13333333333333333,0.1,17,0.0006970622468762438,0.0006941220517267074
5,4,16,16,0.13333333333333333,0.1,19,0.0006236787670978553,0.0006210515213466598
5,4,16,16,0.13333333333333333,0.5,1,0.2812306603575022,0.2788968304893714
5,4,16,16,0.13333333333333333,0.5,3,0.0913660227058336,0.09091271380142456
5,4,16,16,0.13333333333333333,0.5,5,0.054644816080635955,0.05442571042751654
5,4,16,16,0.13333333333333333,0.5,7,0.03898675332984595,0.038845739985329135
5,4,16,16,0.13333333333333333,0.5,9,0.030305157158714353,0.030201974690236295
5,4,16,16,0.13333333333333333,0.5,11,0.024786337923586012,0.024705229818128893
5,4,16,16,0.13333333333333333,0.5,13,0.02096810502494864,0.020901388905430168
5,4,16,16,0.13333333333333333,0.5,15,0.01816930171628598,0.018112684643614332
5,4,16,16,0.13333333333333333,0.5,17,0.016029720310561907,0.015980569597369213
5,4,16,16,0.13333333333333333,0.5,19,0.01434098189031616,0.014297570289660744
5,4,16,16,0.13333333333333333,1.0,1,0.9393838230452141,0.9263086352615851
5,4,16,16,0.13333333333333333,1.0,3,0.29478119234303407,0.302735286321012
5,4,16,16,0.13333333333333333,1.0,5,0.1752410815118191,0.18147609985989507
5,4,16,16,0.13333333333333333,1.0,7,0.12473835998076385,0.1295899665672162
5,4,16,16,0.13333333333333333,1.0,9,0.09684484047466263,0.10077908894254847
5,4,16,16,0.13333333333333333,1.0,11,0.07915035987888551,0.0824494182624455
5,4,16,16,0.13333333333333333,1.0,13,0.06692444899106632,0.06976147747429366
5,4,16,16,0.13333333333333333,1.0,15,0.05797083297058633,0.060457867141400744
5,4,16,16,0.13333333333333333,1.0,17,0.05113062852789299,0.053343816172926065
5,4,16,16,0.13333333333333333,1.0,19,0.04573446118854309,0.04772773870186101
6,4,16,16,0.13333333333333333,0.1,1,0.01348477638479342,0.01260612572645983
6,4,16,16,0.13333333333333333,0.1,3,0.0044924254340301915,0.004198896668764325
6,4,16,16,0.13333333333333333,0.1,5,0.002695335584838751,0.0025191870783034375
6,4,16,16,0.13333333333333333,0.1,7,0.0019252161581776851,0.0017993896419589343
6,4,16,16,0.13333333333333333,0.1,9,0.0014973828096266737,0.001399515771095196
6,4,16,16,0.13333333333333333,0.1,11,0.0012251282688307199,0.0011450544211634433
6,4,16,16,0.13333333333333333,0.1,13,0.001036645477920053,0.0009688902865326466
6,4,16,16,0.13333333333333333,0.1,15,0.0008984252550298042,0.0008397038731686894
6,4,16,16,0.13333333333333333,0.1,17,0.0007927276792206311,0.0007409145678546208
6,4,16,16,0.13333333333333333,0.1,19,0.0007092823548394058,0.0006629231752870526
6,4,16,16,0.13333333333333333,0.5,1,0.31177676951565036,0.29256850117546257
6,4,16,16,0.13333333333333333,0.5,3,0.10256909437832247,0.09573833779049357
6,4,16,16,0.13333333333333333,0.5,5,0.06148068109251796,0.0573575349230569
6,4,16,16,0.13333333333333333,0.5,7,0.043902886032099124,0.04095284982701691
6,4,16,16,0.13333333333333333,0.5,9,0.03414289185150634,0.03184683367629557
6,4,16,16,0.13333333333333333,0.5,11,0.02793352193986288,0.026054270926734683
6,4,16,16,0.13333333333333333,0.5,13,0.023635292620317137,0.022044836613488435
6,4,16,16,0.13333333333333333,0.5,15,0.020483504730880342,0.019104935127377178
6,4,16,16,0.13333333333333333,0.5,17,0.018073435646333093,0.01685694782145139
6,4,16,16,0.13333333333333333,0.5,19,0.016170815049139583,0.015082314012924113
6,4,16,16,0.13333333333333333,1.0,1,0.9820327727117449,0.9335249809708831
6,4,16,16,0.13333333333333333,1.0,3,0.3154402245292183,0.29099736887493804
6,4,16,16,0.13333333333333333,1.0,5,0.18883243765781157,0.17354453923974433
6,4,16,16,0.13333333333333333,1.0,7,0.13479700294129415,0.1237513182976068
6,4,16,16,0.13333333333333333,1.0,9,0.10481560068674979,0.09618394566785743
6,4,16,16,0.13333333333333333,1.0,11,0.0857472654399789,0.07866814403834685
6,4,16,16,0.13333333333333333,1.0,13,0.07255005484281,0.06655181016370539
6,4,16,16,0.13333333333333333,1.0,15,0.06287382171150253,0.05767086924095187
6,4,16,16,0.13333333333333333,1.0,17,0.05547519669076378,0.05088171637090079
6,4,16,16,0.13333333333333333,1.0,19,0.0496346331131114,0.04552302008078661
7,4,16,16,0.13333333333333333,0.1,1,0.011828763137852728,0.011829348153742817
7,4,16,16,0.13333333333333333,0.1,3,0.003938863473406205,0.003938965967335186
7,4,16,16,0.13333333333333333,0.1,5,0.0023630556327291345,0.0023630950597435946
7,4,16,16,0.13333333333333333,0.1,7,0.0016878329982055226,0.0016878536581808733
7,4,16,16,0.13333333333333333,0.1,9,0.0013127347205955642,0.0013127474000897146
7,4,16,16,0.13333333333333333,0.1,11,0.001074044052752885,0.0010740526176437838
7,4,16,16,0.13333333333333333,0.1,13,0.0009088000853938702,0.0009088062556896827
7,4,16,16,0.13333333333333333,0.1,15,0.0007876228360747319,0.0007876274915594094
7,4,16,16,0.13333333333333333,0.1,17,0.0006949587801287197,0.0006949624170687212
7,4,16,16,0.13333333333333333,0.1,19,0.0006218034746682552,0.0006218063940800024
7,4,16,16,0.13333333333333333,0.5,1,0.2783681355931068,0.27830691732806934
7,4,16,16,0.13333333333333333,0.5,3,0.0909559854714541,0.09098125294572783
7,4,16,16,0.13333333333333333,0.5,5,0.05447246858819208,0.054483355694268286
7,4,16,16,0.13333333333333333,0.5,7,0.03888649668767305,0.03889241113816017
7,4,16,16,0.13333333333333333,0.5,9,0.030237093988396666,0.03024078762476948
7,4,16,16,0.13333333333333333,0.5,11,0.024735821692002023,0.0247383422983025
7,4,16,16,0.13333333333333333,0.5,13,0.020928393344619593,0.020930221404900657
7,4,16,16,0.13333333333333333,0.5,15,0.01813681369824173,0.018138199475941297
7,4,16,16,0.13333333333333333,0.5,17,0.016002356390820604,0.016003442769929634
7,4,16,16,0.13333333333333333,0.5,19,0.014317418340863523,0.0143182927405022
7,4,16,16,0.13333333333333333,1.0,1,0.9222075890709899,0.9218240664528905
7,4,16,16,0.13333333333333333,1.0,3,0.28952731955646405,0.2901214302424511
7,4,16,16,0.13333333333333333,1.0,5,0.17281641418698165,0.17306798409559468
7,4,16,16,0.13333333333333333,1.0,7,0.12325743291924385,0.12339288762373815
7,4,16,16,0.13333333333333333,1.0,9,0.09580608742428713,0.0958902198896742
7,4,16,16,0.13333333333333333,1.0,11,0.07836060198074914,0.07841780485786617
7,4,16,16,0.13333333333333333,1.0,13,0.06629186533649403,0.06633324211408365
7,4,16,16,0.13333333333333333,1.0,15,0.0574454573725673,0.05747676116721153
7,4,16,16,0.13333333333333333,1.0,17,0.05068258133968752,0.0507070839591181
7,4,16,16,0.13333333333333333,1.0,19,0.045344588490735596,0.045364285603253715
8,4,16,16,0.13333333333333333,0.1,1,0.009977800297338656,0.009977800297338649
8,4,16,16,0.13333333333333333,0.1,3,0.0033226446535955185,0.0033226446535955735
8,4,16,16,0.13333333333333333,0.1,5,0.001993428846609302,0.0019934288466100496
8,4,16,16,0.13333333333333333,0.1,7,0.0014238466634535567,0.001423846663454205
8,4,16,16,0.13333333333333333,0.1,9,0.0011074263444526072,0.0011074263444547515
8,4,16,16,0.13333333333333333,0.1,11,0.0009060719793362201,0.0009060719793358954
8,4,16,16,0.13333333333333333,0.1,13,0.0007666742848199754,0.0007666742848209924
8,4,16,16,0.13333333333333333,0.1,15,0.0006644499564063387,0.0006644499564067095
8,4,16,16,0.13333333333333333,0.1,17,0.0005862787302790842,0.0005862787302791327
8,4,16,16,0.13333333333333333,0.1,19,0.000524564776312163,0.00052456477631433
8,4,16,16,0.13333333333333333,0.5,1,0.2364587751635226,0.23645877516352248
8,4,16,16,0.13333333333333333,0.5,3,0.07681449794604035,0.07681449794604077
8,4,16,16,0.13333333333333333,0.5,5,0.0459911801405848,0.04599118014058484
8,4,16,16,0.13333333333333333,0.5,7,0.03283163543454435,0.03283163543454574
8,4,16,16,0.13333333333333333,0.5,9,0.025529567089010136,0.025529567089010885
8,4,16,16,0.13333333333333333,0.5,11,0.020885280507688096,0.02088528050768913
8,4,16,16,0.13333333333333333,0.5,13,0.017670920772432056,0.017670920772434873
8,4,16,16,0.13333333333333333,0.5,15,0.015314123912493406,0.015314123912493474
8,4,16,16,0.13333333333333333,0.5,17,0.013512064763337148,0.013512064763336834
8,4,16,16,0.13333333333333333,0.5,19,0.012089492765961158,0.012089492765961468
8,4,16,16,0.13333333333333333,1.0,1,0.7992141739660591,0.799214173966059
8,4,16,16,0.13333333333333333,1.0,3,0.23672448971012838,0.23672448971012877
8,4,16,16,0.13333333333333333,1.0,5,0.14053418857246391,0.14053418857246439
8,4,16,16,0.13333333333333333,1.0,7,0.10008654534377093,0.1000865453437719
8,4,16,16,0.13333333333333333,1.0,9,0.0777507030023207,0.07775070300232029
8,4,16,16,0.13333333333333333,1.0,11,0.0635751275959187,0.0635751275959201
8,4,16,16,0.13333333333333333,1.0,13,0.05377532012489505,0.05377532012489627
8,4,16,16,0.13333333333333333,1.0,15,0.04659493671622755,0.046594936716229614
8,4,16,16,0.13333333333333333,1.0,17,0.04110708191177816,0.041107081911781064
8,4,16,16,0.13333333333333333,1.0,19,0.03677619536347841,0.03677619536347972
9,4,16,16,0.13333333333333333,0.1,1,0.012314442961049485,0.012278184013632435
9,4,16,16,0.13333333333333333,0.1,3,0.004101165332755058,0.004087859086774466
9,4,16,16,0.13333333333333333,0.1,5,0.0024605206521311957,0.0024524123561977225
9,4,16,16,0.13333333333333333,0.1,7,0.001757479016396074,0.0017516507758746473
9,4,16,16,0.13333333333333333,0.1,9,0.0013669165002457271,0.0013623679140704135
9,4,16,16,0.13333333333333333,0.1,11,0.001118381337415343,0.0011146517836792616
9,4,16,16,0.13333333333333333,0.1,13,0.000946320253552611,0.000943159836250386
9,4,16,16,0.13333333333333333,0.1,15,0.0008201428858151755,0.0008174009238034409
9,4,16,16,0.13333333333333333,0.1,17,0.0007236546891627846,0.0007212333394776755
9,4,16,16,0.13333333333333333,0.1,19,0.0006474800031744384,0.00064531214423254
9,4,16,16,0.13333333333333333,0.5,1,0.2880097702456525,0.2876375200440885
9,4,16,16,0.13333333333333333,0.5,3,0.09404327265496125,0.09364178060463778
9,4,16,16,0.13333333333333333,0.5,5,0.056330339450782974,0.056072205803563785
9,4,16,16,0.13333333333333333,0.5,7,0.040216685218242655,0.040027697013422056
9,4,16,16,0.13333333333333333,0.5,9,0.031273333916371576,0.031124467534079197
9,4,16,16,0.13333333333333333,0.5,11,0.025584601977193522,0.025461858079442724
9,4,16,16,0.13333333333333333,0.5,13,0.02164718151735671,0.021542780146404327
9,4,16,16,0.13333333333333333,0.5,15,0.018760153571188213,0.018669333659945945
9,4,16,16,0.13333333333333333,0.5,17,0.016552633191927357,0.01647227199169831
9,4,16,16,0.13333333333333333,0.5,19,0.014809966988099959,0.014737906614815244
9,4,16,16,0.13333333333333333,1.0,1,0.9406349347789255,0.9433247735836202
9,4,16,16,0.13333333333333333,1.0,3,0.2954829517331022,0.29533249397422606
9,4,16,16,0.13333333333333333,1.0,5,0.17639066283620164,0.17655197572360817
9,4,16,16,0.13333333333333333,1.0,7,0.12580683320750302,0.1259896370261693
9,4,16,16,0.13333333333333333,1.0,9,0.09778678934793049,0.09795300795282462
9,4,16,16,0.13333333333333333,1.0,11,0.0799799202894367,0.08012691703430583
9,4,16,16,0.13333333333333333,1.0,13,0.06766128712775885,0.06779154289436044
9,4,16,16,0.13333333333333333,1.0,15,0.058631789083916384,0.05874815863018703
9,4,16,16,0.13333333333333333,1.0,17,0.05172900342645149,0.05183390622299829
9,4,16,16,0.13333333333333333,1.0,19,0.04628061881335163,0.046375982257152136
10,4,16,16,0.13333333333333333,0.1,1,0.0099848832526932,0.009162829619151762
10,4,16,16,0.13333333333333333,0.1,3,0.00332579424801574,0.003045797846651579
10,4,16,16,0.13333333333333333,0.1,5,0.0019953558266623626,0.0018267216614516984
10,4,16,16,0.13333333333333333,0.1,7,0.0014252303906239596,0.0013045982768790146
10,4,16,16,0.13333333333333333,0.1,9,0.001108504916119456,0.0010146090935480355
10,4,16,16,0.13333333333333333,0.1,11,0.0009069554157410989,0.0008300979267556329
10,4,16,16,0.13333333333333333,0.1,13,0.0007674222792945142,0.000702371062849651
10,4,16,16,0.13333333333333333,0.1,15,0.0006650984745703763,0.0006087103329915441
10,4,16,16,0.13333333333333333,0.1,17,0.0005868511033105985,0.0005370904191753056
10,4,16,16,0.13333333333333333,0.1,19,0.0005250769943580784,0.0004805500916952628
10,4,16,16,0.13333333333333333,0.5,1,0.2400115611451325,0.21902320312364976
10,4,16,16,0.13333333333333333,0.5,3,0.0788274908176097,0.07079843202522224
10,4,16,16,0.13333333333333333,0.5,5,0.047236357876757534,0.04237749082948345
10,4,16,16,0.13333333333333333,0.5,7,0.03372822917679041,0.03024970787385366
10,4,16,16,0.13333333333333333,0.5,9,0.026229196669454575,0.023521177432453483
10,4,16,16,0.13333333333333333,0.5,11,0.021458644821291055,0.01924196116604307
10,4,16,16,0.13333333333333333,0.5,13,0.01815653173194721,0.01628037560582149
10,4,16,16,0.13333333333333333,0.5,15,0.015735234669875503,0.014108960843641194
10,4,16,16,0.13333333333333333,0.5,17,0.013883779155880186,0.012448671515260643
10,4,16,16,0.13333333333333333,0.5,19,0.012422170919673655,0.011138026838720923
10,4,16,16,0.13333333333333333,1.0,1,0.83663623696012,0.7473951198553934
10,4,16,16,0.13333333333333333,1.0,3,0.2705030730809469,0.23252645652195372
10,4,16,16,0.13333333333333333,1.0,5,0.1619219079307203,0.13905558198143092
10,4,16,16,0.13333333333333333,1.0,7,0.1155784386309534,0.09923847662094397
10,4,16,16,0.13333333333333333,1.0,9,0.0898680099773392,0.07715799336586075
10,4,16,16,0.13333333333333333,1.0,11,0.07351732378524768,0.06311794321354236
10,4,16,16,0.13333333333333333,1.0,13,0.062201550942799125,0.053401994890726286
10,4,16,16,0.13333333333333333,1.0,15,0.05390505335760906,0.04627874568788078
10,4,16,16,0.13333333333333333,1.0,17,0.04756153343233389,0.04083243008842566
10,4,16,16,0.13333333333333333,1.0,19,0.0425539568516033,0.0365331778933592
11,4,16,16,0.13333333333333333,0.1,1,0.012217123615984093,0.011657635390070399
11,4,16,16,0.13333333333333333,0.1,3,0.004068668424771915,0.0038770063919269376
11,4,16,16,0.13333333333333333,0.1,5,0.0024409990142642817,0.0023253460327951362
11,4,16,16,0.13333333333333333,0.1,7,0.0017435266634253101,0.0016607137225269544
11,4,16,16,0.13333333333333333,0.1,9,0.001356060848718261,0.0012915621723208013
11,4,16,16,0.13333333333333333,0.1,11,0.0011094973836941785,0.0010566794159374403
11,4,16,16,0.13333333333333333,0.1,13,0.0009388018311637134,0.0008940824957189165
11,4,16,16,0.13333333333333333,0.1,15,0.0008136261259539839,0.000774852042886493
11,4,16,16,0.13333333333333333,0.1,17,0.0007179040655252188,0.0006836799322991519
11,4,16,16,0.13333333333333333,0.1,19,0.0006423343227356492,0.0006117044512213361
11,4,16,16,0.13333333333333333,0.5,1,0.2866049046539982,0.27664287190402415
11,4,16,16,0.13333333333333333,0.5,3,0.09365136111453319,0.08997181467480883
11,4,16,16,0.13333333333333333,0.5,5,0.05609084788961731,0.053838744579398516
11,4,16,16,0.13333333333333333,0.5,7,0.04004324927687096,0.038420034187738386
11,4,16,16,0.13333333333333333,0.5,9,0.031137210220460863,0.029868163292076984
11,4,16,16,0.13333333333333333,0.5,11,0.025472526850612652,0.02443072307931219
11,4,16,16,0.13333333333333333,0.5,13,0.021551914620099425,0.02066830800521241
11,4,16,16,0.13333333333333333,0.5,15,0.018677302606671494,0.017910171971351186
11,4,16,16,0.13333333333333333,0.5,17,0.01647933099008716,0.01580153975496296
11,4,16,16,0.13333333333333333,0.5,19,0.014744237813672475,0.014137144700061893
11,4,16,16,0.13333333333333333,1.0,1,0.9428166638343769,0.9207215890447266
11,4,16,16,0.13333333333333333,1.0,3,0.29680510028469065,0.2876234325399757
11,4,16,16,0.13333333333333333,1.0,5,0.17704280582102858,0.17176304998717343
11,4,16,16,0.13333333333333333,1.0,7,0.12622255215142453,0.12252650064777265
11,4,16,16,0.13333333333333333,1.0,9,0.09808754319325545,0.09524497557861732
11,4,16,16,0.13333333333333333,1.0,11,0.08021399255083722,0.0779046787616995
11,4,16,16,0.13333333333333333,1.0,13,0.06785223346169238,0.06590765305352878
11,4,16,16,0.13333333333333333,1.0,15,0.05879271694581691,0.05711333347653465
11,4,16,16,0.13333333333333333,1.0,17,0.05186790420085579,0.050390039324779465
11,4,16,16,0.13333333333333333,1.0,19,0.04640270276806058,0.045083159017135346
12,4,16,16,0.13333333333333333,0.1,1,0.009962310020077136,0.00996231002007714
12,4,16,16,0.13333333333333333,0.1,3,0.0033115888566330747,0.0033115888566331614
12,4,16,16,0.13333333333333333,0.1,5,0.0019859296133669622,0.001985929613367379
12,4,16,16,0.13333333333333333,0.1,7,0.0014182133322356322,0.001418213332235749
12,4,16,16,0.13333333333333333,0.1,9,0.0011029229203843444,0.0011029229203852855
12,4,16,16,0.13333333333333333,0.1,11,0.0009023231469956002,0.0009023231469956481
12,4,16,16,0.13333333333333333,0.1,13,0.0007634643020696393,0.0007634643020697615
12,4,16,16,0.13333333333333333,0.1,15,0.0006616437623030867,0.0006616437623035187
12,4,16,16,0.13333333333333333,0.1,17,0.0005837862786358237,0.0005837862786368311
12,4,16,16,0.13333333333333333,0.1,19,0.0005223230702856859,0.0005223230702858888
12,4,16,16,0.13333333333333333,0.5,1,0.241049948420595,0.24104994842059502
12,4,16,16,0.13333333333333333,0.5,3,0.07882493083464011,0.0788249308346402
12,4,16,16,0.13333333333333333,0.5,5,0.04715959648533418,0.0471595964853342
12,4,16,16,0.13333333333333333,0.5,7,0.033646605594210025,0.03364660559421049
12,4,16,16,0.13333333333333333,0.5,9,0.02615331132936848,0.02615331132936841
12,4,16,16,0.13333333333333333,0.5,11,0.021389842488729823,0.021389842488729913
12,4,16,16,0.13333333333333333,0.5,13,0.01809428017895547,0.018094280178956413
12,4,16,16,0.13333333333333333,0.5,15,0.01567867347553199,0.015678673475532225
12,4,16,16,0.13333333333333333,0.5,17,0.013832087999576043,0.013832087999576057
12,4,16,16,0.13333333333333333,0.5,19,0.012374647831732956,0.012374647831732777
12,4,16,16,0.13333333333333333,1.0,1,0.8423202763495413,0.8423202763495411
12,4,16,16,0.13333333333333333,1.0,3,0.27095841515406877,0.27095841515406893
12,4,16,16,0.13333333333333333,1.0,5,0.16186706015489674,0.16186706015489688
12,4,16,16,0.13333333333333333,1.0,7,0.11540854421046709,0.11540854421046762
12,4,16,16,0.13333333333333333,1.0,9,0.08967185129367086,0.08967185129367107
12,4,16,16,0.13333333333333333,1.0,11,0.07332100792210546,0.07332100792210626
12,4,16,16,0.13333333333333333,1.0,13,0.06201345235363803,0.06201345235363862
12,4,16,16,0.13333333333333333,1.0,15,0.053727600143959935,0.053727600143960275
12,4,16,16,0.13333333333333333,1.0,17,0.047394981523462804,0.047394981523463116
12,4,16,16,0.13333333333333333,1.0,19,0.04239775968985739,0.042397759689858025
13,4,16,16,0.13333333333333333,0.1,1,0.012400521889843955,0.012400521889844276
13,4,16,16,0.13333333333333333,0.1,3,0.0041289261198982725,0.004128926119899397
13,4,16,16,0.13333333333333333,0.1,5,0.002477135470435397,0.0024771354704357248
13,4,16,16,0.13333333333333333,0.1,7,0.0017693391390598279,0.0017693391390601041
13,4,16,16,0.13333333333333333,0.1,9,0.0013761387912421047,0.0013761387912441074
13,4,16,16,0.13333333333333333,0.1,11,0.0011259259927333255,0.0011259259927333062
13,4,16,16,0.13333333333333333,0.1,13,0.0009527038130566275,0.0009527038130627068
13,4,16,16,0.13333333333333333,0.1,15,0.0008256751175434036,0.0008256751175481936
13,4,16,16,0.13333333333333333,0.1,17,0.0007285359718303239,0.0007285359718368916
13,4,16,16,0.13333333333333333,0.1,19,0.00065184741230173,0.0006518474123024035
13,4,16,16,0.13333333333333333,0.5,1,0.28987240770435363,0.2898724077043537
13,4,16,16,0.13333333333333333,0.5,3,0.09392227129403359,0.09392227129403438
13,4,16,16,0.13333333333333333,0.5,5,0.05621881093499157,0.05621881093499334
13,4,16,16,0.13333333333333333,0.5,7,0.04012970705761822,0.04012970705761868
13,4,16,16,0.13333333333333333,0.5,9,0.031203473926201604,0.03120347392620736
13,4,16,16,0.13333333333333333,0.5,11,0.02552658418832963,0.02552658418833004
13,4,16,16,0.13333333333333333,0.5,13,0.021597698541764198,0.02159769854177124
13,4,16,16,0.13333333333333333,0.5,15,0.018717070606613696,0.01871707060661892
13,4,16,16,0.13333333333333333,0.5,17,0.016514510997233993,0.016514510997238923
13,4,16,16,0.13333333333333333,0.5,19,0.014775795521078583,0.01477579552108566
13,4,16,16,0.13333333333333333,1.0,1,0.9408000949618234,0.9408000949618233
13,4,16,16,0.13333333333333333,1.0,3,0.27855169862966067,0.27855169862966106
13,4,16,16,0.13333333333333333,1.0,5,0.165046343103225,0.16504634310322572
13,4,16,16,0.13333333333333333,1.0,7,0.11745091356205714,0.1174509135620583
13,4,16,16,0.13333333333333333,1.0,9,0.09120505167383246,0.09120505167383254
13,4,16,16,0.13333333333333333,1.0,11,0.07456078732578397,0.0745607873257868
13,4,16,16,0.13333333333333333,1.0,13,0.06305959541105464,0.06305959541105845
13,4,16,16,0.13333333333333333,1.0,15,0.05463504645268569,0.05463504645269083
13,4,16,16,0.13333333333333333,1.0,17,0.04819755269470401,0.04819755269470451
13,4,16,16,0.13333333333333333,1.0,19,0.04311792950001836,0.04311792950001787
14,4,16,16,0.13333333333333333,0.1,1,0.014215787292326065,0.013228238608449083
14,4,16,16,0.13333333333333333,0.1,3,0.004730844130796251,0.004396483903535309
14,4,16,16,0.13333333333333333,0.1,5,0.002837878763036076,0.0026367371257816656
14,4,16,16,0.13333333333333333,0.1,7,0.002026886187584904,0.001883059390058676
14,4,16,16,0.13333333333333333,0.1,9,0.0015763980059846792,0.0014644674170961696
14,4,16,16,0.13333333333333333,0.1,11,0.0012897456038325817,0.0011981324322727746
14,4,16,16,0.13333333333333333,0.1,13,0.0010913034683094976,0.0010137651028003635
14,4,16,16,0.13333333333333333,0.1,15,0.0009457840326341647,0.0008785717739804126
14,4,16,16,0.13333333333333333,0.1,17,0.0008345071381296234,0.0007751939112873012
14,4,16,16,0.13333333333333333,0.1,19,0.0007466585651596207,0.0006935829971796401
14,4,16,16,0.13333333333333333,0.5,1,0.3294280213413228,0.30755417367103893
14,4,16,16,0.13333333333333333,0.5,3,0.10712089848681083,0.0985975442627699
14,4,16,16,0.13333333333333333,0.5,5,0.0641111525677382,0.05892992888613153
14,4,16,16,0.13333333333333333,0.5,7,0.0457549253737474,0.04203852291083895
14,4,16,16,0.13333333333333333,0.5,9,0.03557255380925226,0.03267627148649304
14,4,16,16,0.13333333333333333,0.5,11,0.029097859568326147,0.026725466095993154
14,4,16,16,0.13333333333333333,0.5,13,0.024617441036331972,0.02260855244066195
14,4,16,16,0.13333333333333333,0.5,15,0.02133279783632936,0.019590869082598644
14,4,16,16,0.13333333333333333,0.5,17,0.018821550080415212,0.01728397614429296
14,4,16,16,0.13333333333333333,0.5,19,0.016839301160106703,0.015463181824696897
14,4,16,16,0.13333333333333333,1.0,1,1.0360752424482331,0.9696299568792466
14,4,16,16,0.13333333333333333,1.0,3,0.3244468265896366,0.290885156188925
14,4,16,16,0.13333333333333333,1.0,5,0.19344169940845554,0.1735758817906709
14,4,16,16,0.13333333333333333,1.0,7,0.13785437603738696,0.12377724732950235
14,4,16,16,0.13333333333333333,1.0,9,0.10709358582096162,0.09620048987032892
14,4,16,16,0.13333333333333333,1.0,11,0.08755950354382012,0.07867832899030384
14,4,16,16,0.13333333333333333,1.0,13,0.07405347129787986,0.06655793230014492
14,4,16,16,0.13333333333333333,1.0,15,0.06415779536566049,0.05767435992415659
14,4,16,16,0.13333333333333333,1.0,17,0.05659534932032632,0.05088346076049653
14,4,16,16,0.13333333333333333,1.0,19,0.050627883720197435,0.04552357863739407
15,4,16,16,0.13333333333333333,0.1,1,0.011994353738778931,0.011994353738778921
15,4,16,16,0.13333333333333333,0.1,3,0.003992492151003221,0.003992492151003173
15,4,16,16,0.13333333333333333,0.1,5,0.002395060007337826,0.002395060007337795
15,4,16,16,0.13333333333333333,0.1,7,0.0017106412906504212,0.0017106412906503895
15,4,16,16,0.13333333333333333,0.1,9,0.0013304522228663324,0.0013304522228663465
15,4,16,16,0.13333333333333333,0.1,11,0.0010885286427300951,0.0010885286427300982
15,4,16,16,0.13333333333333333,0.1,13,0.0009210495318224402,0.0009210495318224939
15,4,16,16,0.13333333333333333,0.1,15,0.0007982347449349518,0.0007982347449348686
15,4,16,16,0.13333333333333333,0.1,17,0.0007043193469627096,0.0007043193469627214
15,4,16,16,0.13333333333333333,0.1,19,0.0006301766852004774,0.0006301766852004415
15,4,16,16,0.13333333333333333,0.5,1,0.28254520503985686,0.28254520503985675
15,4,16,16,0.13333333333333333,0.5,3,0.09207321526946556,0.09207321526946563
15,4,16,16,0.13333333333333333,0.5,5,0.055130408279534915,0.05513040827953498
15,4,16,16,0.13333333333333333,0.5,7,0.03935379318399881,0.03935379318399873
15,4,16,16,0.13333333333333333,0.5,9,0.030599600856780942,0.03059960085678084
15,4,16,16,0.13333333333333333,0.5,11,0.025031983665713662,0.025031983665713704
15,4,16,16,0.13333333333333333,0.5,13,0.021178758771073877,0.021178758771073673
15,4,16,16,0.13333333333333333,0.5,15,0.018353658224547445,0.01835365822454718
15,4,16,16,0.13333333333333333,0.5,17,0.016193600713351113,0.01619360071335121
15,4,16,16,0.13333333333333333,0.5,19,0.014488471230669557,0.014488471230669113
15,4,16,16,0.13333333333333333,1.0,1,0.9346736190760949,0.9346736190760949
15,4,16,16,0.13333333333333333,1.0,3,0.29217139001916026,0.29217139001916076
15,4,16,16,0.13333333333333333,1.0,5,0.17442985357877291,0.17442985357877297
15,4,16,16,0.13333333333333333,1.0,7,0.12440589061440406,0.12440589061440416
15,4,16,16,0.13333333333333333,1.0,9,0.09669591213749537,0.09669591213749482
15,4,16,16,0.13333333333333333,1.0,11,0.07908647848505931,0.07908647848505916
15,4,16,16,0.13333333333333333,1.0,13,0.06690468835788421,0.06690468835788396
15,4,16,16,0.13333333333333333,1.0,15,0.05797565270174881,0.05797565270174909
15,4,16,16,0.13333333333333333,1.0,17,0.05114976473380954,0.0511497647338089
15,4,16,16,0.13333333333333333,1.0,19,0.04576213796603839,0.04576213796603781
16,4,16,16,0.13333333333333333,0.1,1,0.013527356959612186,0.012702023353093369
16,4,16,16,0.13333333333333333,0.1,3,0.004506512482798745,0.0042289826874481505
16,4,16,16,0.13333333333333333,0.1,5,0.002703782712699257,0.0025371485385739614
16,4,16,16,0.13333333333333333,0.1,7,0.0019312488171798485,0.0018122015168976515
16,4,16,16,0.13333333333333333,0.1,9,0.0015020745564801844,0.001409474884919719
16,4,16,16,0.13333333333333333,0.1,11,0.001228966837751676,0.0011532004355110457
16,4,16,16,0.13333333333333333,0.1,13,0.0010398934330256558,0.000975781923528028
16,4,16,16,0.13333333333333333,0.1,15,0.0009012401142468591,0.00084567600297437
16,4,16,16,0.13333333333333333,0.1,17,0.0007952113577686761,0.0007461837272200337
16,4,16,16,0.13333333333333333,0.1,19,0.0007115045805147966,0.0006676374560815331
16,4,16,16,0.13333333333333333,0.5,1,0.3126085221388526,0.29883829452405053
16,4,16,16,0.13333333333333333,0.5,3,0.10279150447135736,0.09685966261483858
16,4,16,16,0.13333333333333333,0.5,5,0.06161117029417931,0.05798469129752137
16,4,16,16,0.13333333333333333,0.5,7,0.04399549685303516,0.04139185540627748
16,4,16,16,0.13333333333333333,0.5,9,0.03421473032028827,0.03218541534654727
16,4,16,16,0.13333333333333333,0.5,11,0.02799221900079625,0.026330105168849954
16,4,16,16,0.13333333333333333,0.5,13,0.023684920422498267,0.02227765717216549
16,4,16,16,0.13333333333333333,0.5,15,0.020526494294404028,0.019306398875176798
16,4,16,16,0.13333333333333333,0.5,17,0.018111355104668266,0.017034524758688795
16,4,16,16,0.13333333333333333,0.5,19,0.016204735133608306,0.015241082460902743
16,4,16,16,0.13333333333333333,1.0,1,0.9837002826842132,0.9831327220189431
16,4,16,16,0.13333333333333333,1.0,3,0.3155777119371093,0.30009374163034463
16,4,16,16,0.13333333333333333,1.0,5,0.18885023292990497,0.17862113237971936
16,4,16,16,0.13333333333333333,1.0,7,0.13479390357309587,0.1273027354373687
16,4,16,16,0.13333333333333333,1.0,9,0.10480771990409579,0.09892227929903069
16,4,16,16,0.13333333333333333,1.0,11,0.08573846784557825,0.08089871577983596
16,4,16,16,0.13333333333333333,1.0,13,0.07254144420531565,0.06843440915807718
16,4,16,16,0.13333333333333333,1.0,15,0.06286571716834809,0.059299841353197325
16,4,16,16,0.13333333333333333,1.0,17,0.05546766406894685,0.052317503677224236
16,4,16,16,0.13333333333333333,1.0,19,0.04962765273176369,0.046806705187664194
17,4,16,16,0.13333333333333333,0.1,1,0.01149737137288876,0.011335778356217617
17,4,16,16,0.13333333333333333,0.1,3,0.003827611393579469,0.0037721136096554603
17,4,16,16,0.13333333333333333,0.1,5,0.002296210774898155,0.002262676738895604
17,4,16,16,0.13333333333333333,0.1,7,0.0016400578511252615,0.0016160298611689718
17,4,16,16,0.13333333333333333,0.1,9,0.0012755637743255685,0.0012568422575168201
17,4,16,16,0.13333333333333333,0.1,11,0.0010436249371693345,0.0010282899167781895
17,4,16,16,0.13333333333333333,0.1,13,0.0008830570059987192,0.0008700709429551966
17,4,16,16,0.13333333333333333,0.1,15,0.0007653097314694309,0.0007540485785148797
17,4,16,16,0.13333333333333333,0.1,17,0.0006752691015389325,0.0006653283434519253
17,4,16,16,0.13333333333333333,0.1,19,0.0006041852308755337,0.0005952877180602315
17,4,16,16,0.13333333333333333,0.5,1,0.2719120537252965,0.26870922338616215
17,4,16,16,0.13333333333333333,0.5,3,0.08877078640879314,0.08770357759237911
17,4,16,16,0.13333333333333333,0.5,5,0.05316982857829954,0.05252059287007098
17,4,16,16,0.13333333333333333,0.5,7,0.03795881569483807,0.037491387026333166
17,4,16,16,0.13333333333333333,0.5,9,0.029516766352158066,0.029151402759016978
17,4,16,16,0.13333333333333333,0.5,11,0.024147084363819685,0.023847140799315755
17,4,16,16,0.13333333333333333,0.5,13,0.02043059238887031,0.020176175343642615
17,4,16,16,0.13333333333333333,0.5,15,0.017705614302787446,0.017484713862926448
17,4,16,16,0.13333333333333333,0.5,17,0.015622039318062211,0.015426847064509029
17,4,16,16,0.13333333333333333,0.5,19,0.013977242147302742,0.013802395058351688
17,4,16,16,0.13333333333333333,1.0,1,0.9079055610078817,0.898542331406127
17,4,16,16,0.13333333333333333,1.0,3,0.28808114098570825,0.28309536144475866
17,4,16,16,0.13333333333333333,1.0,5,0.17205608616963866,0.16891487733642865
17,4,16,16,0.13333333333333333,1.0,7,0.12271516894154721,0.12041927256475717
17,4,16,16,0.13333333333333333,1.0,9,0.09537917385962046,0.093571003625232
17,4,16,16,0.13333333333333333,1.0,11,0.07800710051550926,0.07651620424018885
17,4,16,16,0.13333333333333333,1.0,13,0.06598973121720315,0.06472160396531011
17,4,16,16,0.13333333333333333,1.0,15,0.05718145232057415,0.05607828513048102
17,4,16,16,0.13333333333333333,1.0,17,0.0504480656629497,0.04947194096583336
17,4,16,16,0.13333333333333333,1.0,19,0.045133588004049416,0.04425830060453834
18,4,16,16,0.13333333333333333,0.1,1,0.012023248319518771,0.012378326664672708
18,4,16,16,0.13333333333333333,0.1,3,0.004002634810375695,0.004117288849179899
18,4,16,16,0.13333333333333333,0.1,5,0.0024012078894104344,0.002469554738318386
18,4,16,16,0.13333333333333333,0.1,7,0.001715051718162765,0.0017637343286176696
18,4,16,16,0.13333333333333333,0.1,9,0.0013338908020198085,0.0013716960061460459
18,4,16,16,0.13333333333333333,0.1,11,0.0010913463192944825,0.0011222470936007815
18,4,16,16,0.13333333333333333,0.1,13,0.0009234362347722928,0.0009495650219724458
18,4,16,16,0.13333333333333333,0.1,15,0.0008003048192300823,0.0008229383120621245
18,4,16,16,0.13333333333333333,0.1,17,0.0007061469615693772,0.0007261099595383026
18,4,16,16,0.13333333333333333,0.1,19,0.0006318126810900935,0.0006496688492747347
18,4,16,16,0.13333333333333333,0.5,1,0.28206532489553643,0.290918278969992
18,4,16,16,0.13333333333333333,0.5,3,0.09200580929440733,0.09448861048387976
18,4,16,16,0.13333333333333333,0.5,5,0.055103615524090106,0.05654592105595044
18,4,16,16,0.13333333333333333,0.5,7,0.03933872167590337,0.04035437313574486
18,4,16,16,0.13333333333333333,0.5,9,0.03058960528858725,0.03137322516600185
18,4,16,16,0.13333333333333333,0.5,11,0.02502469440159696,0.025662527185450156
18,4,16,16,0.13333333333333333,0.5,13,0.0211731075859036,0.02171086664520318
18,4,16,16,0.13333333333333333,0.5,15,0.018349087003305432,0.01881390534873136
18,4,16,16,0.13333333333333333,0.5,17,0.016189786597704085,0.016599082527748183
18,4,16,16,0.13333333333333333,0.5,19,0.014485212980657667,0.014850832377124208
18,4,16,16,0.13333333333333333,1.0,1,0.9219989572102114,0.943194290056208
18,4,16,16,0.13333333333333333,1.0,3,0.2905536341068716,0.29367116325450937
18,4,16,16,0.13333333333333333,1.0,5,0.17340797367181007,0.1753573198497087
18,4,16,16,0.13333333333333333,1.0,7,0.1236570108086156,0.12506264456702568
18,4,16,16,0.13333333333333333,1.0,9,0.0961046873188591,0.0972020695929483
18,4,16,16,0.13333333333333333,1.0,11,0.07859801901750732,0.07949760378318972
18,4,16,16,0.13333333333333333,1.0,13,0.06648854111664096,0.0672505962982716
18,4,16,16,0.13333333333333333,1.0,15,0.0576131604747501,0.058274100127674325
18,4,16,16,0.13333333333333333,1.0,17,0.050828668167952964,0.05141215356084449
18,4,16,16,0.13333333333333333,1.0,19,0.04547394954256622,0.04599621474688093
19,4,16,16,0.13333333333333333,0.1,1,0.014187212951970694,0.013174982691562207
19,4,16,16,0.13333333333333333,0.1,3,0.00472160040496933,0.0043828987097598165
19,4,16,16,0.13333333333333333,0.1,5,0.002832364639211337,0.002629138228875186
19,4,16,16,0.13333333333333333,0.1,7,0.0020229572520530127,0.0018778045074353369
19,4,16,16,0.13333333333333333,0.1,9,0.0015733463483589127,0.0014604557765412
19,4,16,16,0.13333333333333333,0.1,11,0.0012872509637629976,0.0011948897236474826
19,4,16,16,0.13333333333333333,0.1,13,0.0010891938882385207,0.0010110445283129264
19,4,16,16,0.13333333333333333,0.1,15,0.0009439565354965458,0.000876228764570507
19,4,16,16,0.13333333333333333,0.1,17,0.0008328951836836754,0.000773136571790474
19,4,16,16,0.13333333333333333,0.1,19,0.0007452166734158302,0.0006917493102451019
19,4,16,16,0.13333333333333333,0.5,1,0.3286007438202083,0.304910733026945
19,4,16,16,0.13333333333333333,0.5,3,0.10688777969485855,0.09778829078513857
19,4,16,16,0.13333333333333333,0.5,5,0.06397478366609866,0.05848214666104043
19,4,16,16,0.13333333333333333,0.5,7,0.045658531250742054,0.04173231114128127
19,4,16,16,0.13333333333333333,0.5,9,0.03549800813906187,0.03244441643755742
19,4,16,16,0.13333333333333333,0.5,11,0.02903708757090545,0.026539179896829634
19,4,16,16,0.13333333333333333,0.5,13,0.024566146436131205,0.022452974859243514
19,4,16,16,0.13333333333333333,0.5,15,0.021288423362750827,0.01945736001393272
19,4,16,16,0.13333333333333333,0.5,17,0.018782450481904796,0.01716707928809946
19,4,16,16,0.13333333333333333,0.5,19,0.016804355591738547,0.0153592355800714
19,4,16,16,0.13333333333333333,1.0,1,1.0329642274671855,0.9597026685889497
19,4,16,16,0.13333333333333333,1.0,3,0.3236659187825381,0.28603495274733653
19,4,16,16,0.13333333333333333,1.0,5,0.19296560589320183,0.17089421895999987
19,4,16,16,0.13333333333333333,1.0,7,0.13751074112159312,0.12195322963423645
19,4,16,16,0.13333333333333333,1.0,9,0.10682460521040495,0.09481566085797548
19,4,16,16,0.13333333333333333,1.0,11,0.08733850112929352,0.07756095531410231
19,4,16,16,0.13333333333333333,1.0,13,0.07386591467864663,0.06562083865597514
19,4,16,16,0.13333333333333333,1.0,15,0.06399488969480367,0.05686716100056489
19,4,16,16,0.13333333333333333,1.0,17,0.05645136667894386,0.050174372294582846
19,4,16,16,0.13333333333333333,1.0,19,0.05049888516107391,0.04489124551218672
20,4,16,16,0.13333333333333333,0.1,1,0.012357880965412729,0.01205322549315712
20,4,16,16,0.13333333333333333,0.1,3,0.004117809355086187,0.004016334886008584
20,4,16,16,0.13333333333333333,0.1,5,0.002470614046758525,0.002409733113059091
20,4,16,16,0.13333333333333333,0.1,7,0.0017647102294139126,0.0017212245863656985
20,4,16,16,0.13333333333333333,0.1,9,0.001372547890339732,0.001338725959853494
20,4,16,16,0.13333333333333333,0.1,11,0.0011229918603516337,0.0010953194696607744
20,4,16,16,0.13333333333333333,0.1,13,0.0009502229726685929,0.0009268079204960604
20,4,16,16,0.13333333333333333,0.1,15,0.000823526081941767,0.000803233062631901
20,4,16,16,0.13333333333333333,0.1,17,0.0007266403690073808,0.0007087347790117627
20,4,16,16,0.13333333333333333,0.1,19,0.0006501517262147779,0.0006341309447529705
20,4,16,16,0.13333333333333333,0.5,1,0.2906184700557589,0.28480200255769444
20,4,16,16,0.13333333333333333,0.5,3,0.09600343496181858,0.09415249815097965
20,4,16,16,0.13333333333333333,0.5,5,0.0575548672423582,0.05644899887129664
20,4,16,16,0.13333333333333333,0.5,7,0.04110122709898969,0.04031225070654198
20,4,16,16,0.13333333333333333,0.5,9,0.03196460455222115,0.031351254333112616
20,4,16,16,0.13333333333333333,0.5,11,0.026151607066781372,0.02564989862401087
20,4,16,16,0.13333333333333333,0.5,13,0.02212767350489261,0.021703211131215948
20,4,16,16,0.13333333333333333,0.5,15,0.01917698551965,0.018809150846627945
20,4,16,16,0.13333333333333333,0.5,17,0.01692067402445513,0.016596133315075166
20,4,16,16,0.13333333333333333,0.5,19,0.015139427734519536,0.014849061312248366
20,4,16,16,0.13333333333333333,1.0,1,0.961219574480139,0.9530233838406239
20,4,16,16,0.13333333333333333,1.0,3,0.30933824992169623,0.3093328410452175
20,4,16,16,0.13333333333333333,1.0,5,0.18462340241488215,0.1847931939539971
20,4,16,16,0.13333333333333333,1.0,7,0.13166835399352245,0.13182655814715682
20,4,16,16,0.13333333333333333,1.0,9,0.1023415314697265,0.10247680616671863
20,4,16,16,0.13333333333333333,1.0,11,0.08370588344409337,0.08382171163054948
20,4,16,16,0.13333333333333333,1.0,13,0.07081431020954992,0.0709148477521863
20,4,16,16,0.13333333333333333,1.0,15,0.06136490492727873,0.061453420453471734
20,4,16,16,0.13333333333333333,1.0,17,0.054141074360440376,0.05421999484964785
20,4,16,16,0.13333333333333333,1.0,19,0.0484392308210044,0.04851035873572083
21,4,16,16,0.13333333333333333,0.1,1,0.013587782101608048,0.012334867712238755
21,4,16,16,0.13333333333333333,0.1,3,0.004521793826572298,0.004104745588924157
21,4,16,16,0.13333333333333333,0.1,5,0.0027124398281771693,0.002462373176738981
21,4,16,16,0.13333333333333333,0.1,7,0.0019372810849587238,0.0017587182144940291
21,4,16,16,0.13333333333333333,0.1,9,0.0015067019694398566,0.0013678453045512567
21,4,16,16,0.13333333333333333,0.1,11,0.001232719721899683,0.0011191234291164653
21,4,16,16,0.13333333333333333,0.1,13,0.0010430496380416242,0.0009469378782531091
21,4,16,16,0.13333333333333333,0.1,15,0.0009039632742628861,0.0008206716829389477
21,4,16,16,0.13333333333333333,0.1,17,0.000797605930693949,0.0007241169383757524
21,4,16,16,0.13333333333333333,0.1,19,0.0007136413056431527,0.0006478905501423182
21,4,16,16,0.13333333333333333,0.5,1,0.3161857636832625,0.28801460416405195
21,4,16,16,0.13333333333333333,0.5,3,0.10294185843951698,0.09304865376476648
21,4,16,16,0.13333333333333333,0.5,5,0.061618192302613596,0.055679651901235215
21,4,16,16,0.13333333333333333,0.5,7,0.04397758973817816,0.039738483125366
21,4,16,16,0.13333333333333333,0.5,9,0.03419140363882423,0.030896163426767514
21,4,16,16,0.13333333333333333,0.5,11,0.027968393794100186,0.025273447156123358
21,4,16,16,0.13333333333333333,0.5,13,0.023662043545469576,0.021382458783484982
21,4,16,16,0.13333333333333333,0.5,15,0.020504967655412164,0.018529840975573263
21,4,16,16,0.13333333333333333,0.5,17,0.018091227495518083,0.016348832000385692
21,4,16,16,0.13333333333333333,0.5,19,0.016185932972518042,0.014627213384868241
21,4,16,16,0.13333333333333333,1.0,1,1.0018281621466159,0.9380209471383005
21,4,16,16,0.13333333333333333,1.0,3,0.31204519014780757,0.28541422207983236
21,4,16,16,0.13333333333333333,1.0,5,0.18616733814775246,0.17005329867616337
21,4,16,16,0.13333333333333333,1.0,7,0.132718500700714,0.12121596145324019
21,4,16,16,0.13333333333333333,1.0,9,0.10312638050470113,0.09419277034793713
21,4,16,16,0.13333333333333333,1.0,11,0.08432822287047374,0.07702841292200775
21,4,16,16,0.13333333333333333,1.0,13,0.07132800073055953,0.06515788122506996
21,4,16,16,0.13333333333333333,1.0,15,0.061801298187969395,0.05645855983491372
21,4,16,16,0.13333333333333333,1.0,17,0.054519876403749556,0.049809103250677646
21,4,16,16,0.13333333333333333,1.0,19,0.04877357202943015,0.0445612057556863
22,4,16,16,0.13333333333333333,0.1,1,0.009920414749889243,0.009926561012613182
22,4,16,16,0.13333333333333333,0.1,3,0.0033031403468771234,0.0033072333684287716
22,4,16,16,0.13333333333333333,0.1,5,0.001981708671340922,0.0019842626353830353
22,4,16,16,0.13333333333333333,0.1,7,0.00141547165612809,0.0014173152320978535
22,4,16,16,0.13333333333333333,0.1,9,0.0011009113452801378,0.001102351420264557
22,4,16,16,0.13333333333333333,0.1,11,0.0009007410681364788,0.0009019218718963941
22,4,16,16,0.13333333333333333,0.1,13,0.0007621632912760741,0.0007631636790687977
22,4,16,16,0.13333333333333333,0.1,15,0.0006605403076794472,0.0006614079880318364
22,4,16,16,0.13333333333333333,0.1,17,0.000582828968885873,0.0005835949687691939
22,4,16,16,0.13333333333333333,0.1,19,0.0005214781029413193,0.0005221637219390192
22,4,16,16,0.13333333333333333,0.5,1,0.2336692572114854,0.23714710801156186
22,4,16,16,0.13333333333333333,0.5,3,0.07582903921996371,0.07824727918152892
22,4,16,16,0.13333333333333333,0.5,5,0.0454033641447632,0.046915086295757066
22,4,16,16,0.13333333333333333,0.5,7,0.032412548691375484,0.033504316780336864
22,4,16,16,0.13333333333333333,0.5,9,0.02520387071871068,0.026056854411267604
22,4,16,16,0.13333333333333333,0.5,11,0.020618911100711325,0.021318393496738218
22,4,16,16,0.13333333333333333,0.5,13,0.017445584989360642,0.018038226898930896
22,4,16,16,0.13333333333333333,0.5,15,0.015118862254811087,0.01563290513217498
22,4,16,16,0.13333333333333333,0.5,17,0.01333979243084815,0.013793607282816962
22,4,16,16,0.13333333333333333,0.5,19,0.011935365281504547,0.01234156549156819
22,4,16,16,0.13333333333333333,1.0,1,0.7801028514792839,0.8201585521633881
22,4,16,16,0.13333333333333333,1.0,3,0.23734962326342862,0.2687671479324469
22,4,16,16,0.13333333333333333,1.0,5,0.1414794841392225,0.16121035274436202
22,4,16,16,0.13333333333333333,1.0,7,0.1008760449485892,0.11514274589809052
22,4,16,16,0.13333333333333333,1.0,9,0.0784015238660674,0.0895532865053503
22,4,16,16,0.13333333333333333,1.0,11,0.0641228769676071,0.07327000648916492
22,4,16,16,0.13333333333333333,1.0,13,0.054246234936260344,0.06199728734788129
22,4,16,16,0.13333333333333333,1.0,15,0.04700710811816832,0.053730762461803895
22,4,16,16,0.13333333333333333,1.0,17,0.041473148994152345,0.047409367854731245
22,4,16,16,0.13333333333333333,1.0,19,0.0371052266715589,0.042418828034546975
23,4,16,16,0.13333333333333333,0.1,1,0.012230613555900048,0.012230613555900065
23,4,16,16,0.13333333333333333,0.1,3,0.004071255639844949,0.004071255639844947
23,4,16,16,0.13333333333333333,0.1,5,0.0024423277917728745,0.002442327791772882
23,4,16,16,0.13333333333333333,0.1,7,0.0017444077550923167,0.001744407755092294
23,4,16,16,0.13333333333333333,0.1,9,0.0013567168236672392,0.0013567168236672308
23,4,16,16,0.13333333333333333,0.1,11,0.0011100188493677248,0.0011100188493677549
23,4,16,16,0.13333333333333333,0.1,13,0.0009392341523075763,0.0009392341523076045
23,4,16,16,0.13333333333333333,0.1,15,0.0008139951398530272,0.0008139951398530271
23,4,16,16,0.13333333333333333,0.1,17,0.0007182258460770874,0.0007182258460770937
23,4,16,16,0.13333333333333333,0.1,19,0.0006426195344809971,0.0006426195344808848
23,4,16,16,0.13333333333333333,0.5,1,0.28704066469436323,0.28704066469436307
23,4,16,16,0.13333333333333333,0.5,3,0.09353911701801688,0.09353911701801704
23,4,16,16,0.13333333333333333,0.5,5,0.055996899976100585,0.05599689997610062
23,4,16,16,0.13333333333333333,0.5,7,0.039968509117198674,0.03996850911719903
23,4,16,16,0.13333333333333333,0.5,9,0.031075880926941284,0.031075880926941475
23,4,16,16,0.13333333333333333,0.5,11,0.02542071328505368,0.025420713285053517
23,4,16,16,0.13333333333333333,0.5,13,0.021507125962493344,0.02150712596249328
23,4,16,16,0.13333333333333333,0.5,15,0.01863788934961568,0.018637889349615612
23,4,16,16,0.13333333333333333,0.5,17,0.01644415468998599,0.016444154689985988
23,4,16,16,0.13333333333333333,0.5,19,0.014712483182661884,0.014712483182662085
23,4,16,16,0.13333333333333333,1.0,1,0.9420800912895999,0.9420800912895995
23,4,16,16,0.13333333333333333,1.0,3,0.29492893155397143,0.2949289315539719
23,4,16,16,0.13333333333333333,1.0,5,0.17593603893436238,0.17593603893436277
23,4,16,16,0.13333333333333333,1.0,7,0.12544736291999714,0.1254473629199971
23,4,16,16,0.13333333333333333,1.0,9,0.09749238041435113,0.09749238041435102
23,4,16,16,0.13333333333333333,1.0,11,0.07973131939097847,0.0797313193909778
23,4,16,16,0.13333333333333333,1.0,13,0.06744639260237477,0.06744639260237428
23,4,16,16,0.13333333333333333,1.0,15,0.05844264923803605,0.05844264923803623
23,4,16,16,0.13333333333333333,1.0,17,0.05156015184128031,0.051560151841279635
23,4,16,16,0.13333333333333333,1.0,19,0.04612814890504585,0.0461281489050447
24,4,16,16,0.13333333333333333,0.1,1,0.013221143154076706,0.012401888979688422
24,4,16,16,0.13333333333333333,0.1,3,0.004405102160575273,0.004131301229202244
24,4,16,16,0.13333333333333333,0.1,5,0.002642968124610642,0.002478652967478652
24,4,16,16,0.13333333333333333,0.1,7,0.0018878160431628082,0.0017704412609864696
24,4,16,16,0.13333333333333333,0.1,9,0.0014682954998534031,0.0013770018216148097
24,4,16,16,0.13333333333333333,0.1,11,0.0012013302518578493,0.0011266345208498338
24,4,16,16,0.13333333333333333,0.1,13,0.0010165090306139893,0.0009533045108835641
24,4,16,16,0.13333333333333333,0.1,15,0.0008809738502183866,0.0008261963607186655
24,4,16,16,0.13333333333333333,0.1,17,0.0007773294886833133,0.0007289962687338536
24,4,16,16,0.13333333333333333,0.1,19,0.0006955050941096472,0.0006522594930780138
24,4,16,16,0.13333333333333333,0.5,1,0.3069401030657399,0.28958625501112073
24,4,16,16,0.13333333333333333,0.5,3,0.10125256317869903,0.09503486013069225
24,4,16,16,0.13333333333333333,0.5,5,0.060703459318331876,0.05694869397252511
24,4,16,16,0.13333333333333333,0.5,7,0.04335020121182231,0.040663415198323664
24,4,16,16,0.13333333333333333,0.5,9,0.03371381518916728,0.03162254715935764
24,4,16,16,0.13333333333333333,0.5,11,0.027582785679451025,0.025871107032549988
24,4,16,16,0.13333333333333333,0.5,13,0.023338674549574796,0.021890018775899103
24,4,16,16,0.13333333333333333,0.5,15,0.020226522028765247,0.01897085045516988
24,4,16,16,0.13333333333333333,0.5,17,0.017846737075251338,0.01673869134605179
24,4,16,16,0.13333333333333333,0.5,19,0.015968011395136806,0.014976539167475293
24,4,16,16,0.13333333333333333,1.0,1,0.976189518813611,0.9390915334132847
24,4,16,16,0.13333333333333333,1.0,3,0.3155326583171804,0.29661668872438324
24,4,16,16,0.13333333333333333,1.0,5,0.18893209267609462,0.17707063502475762
24,4,16,16,0.13333333333333333,1.0,7,0.13487638521821527,0.12630007304959395
24,4,16,16,0.13333333333333333,1.0,9,0.10487992334279116,0.09817592330326705
24,4,16,16,0.13333333333333333,1.0,11,0.08580095429529937,0.08030192056649954
24,4,16,16,0.13333333333333333,1.0,13,0.0725959983901927,0.06793617056837782
24,4,16,16,0.13333333333333333,1.0,15,0.06291391859959092,0.05887169955996015
24,4,16,16,0.13333333333333333,1.0,17,0.05551074067307373,0.05194189233333154
24,4,16,16,0.13333333333333333,1.0,19,0.049666538647504255,0.04647198735522397
25,4,16,16,0.13333333333333333,0.1,1,0.01264438244723374,0.012354067860104023
25,4,16,16,0.13333333333333333,0.1,3,0.004210795170853277,0.004112475492438452
25,4,16,16,0.13333333333333333,0.1,5,0.0025262680079356386,0.002467143680298615
25,4,16,16,0.13333333333333333,0.1,7,0.0018044328007100503,0.0017621645175385726
25,4,16,16,0.13333333333333333,0.1,9,0.0014034325335073366,0.0013705421766057983
25,4,16,16,0.13333333333333333,0.1,11,0.0011482562730928951,0.0011213384010232467
25,4,16,16,0.13333333333333333,0.1,13,0.0009715979964516828,0.0009488169888867383
25,4,16,16,0.13333333333333333,0.1,15,0.0008420496038607562,0.0008223033437699367
25,4,16,16,0.13333333333333333,0.1,17,0.0007429837052592034,0.0007255587204734594
25,4,16,16,0.13333333333333333,0.1,19,0.0006647740765296669,0.0006491820309047982
25,4,16,16,0.13333333333333333,0.5,1,0.29519047265102727,0.28806170122335495
25,4,16,16,0.13333333333333333,0.5,3,0.09637085929130906,0.0934790905818042
25,4,16,16,0.13333333333333333,0.5,5,0.057729834656829744,0.05595970760890135
25,4,16,16,0.13333333333333333,0.5,7,0.04121736203477031,0.039944601377198075
25,4,16,16,0.13333333333333333,0.5,9,0.03205209251538572,0.031059027311682696
25,4,16,16,0.13333333333333333,0.5,11,0.02622200378691849,0.025408008737666993
25,4,16,16,0.13333333333333333,0.5,13,0.022186658619698967,0.02149707961405673
25,4,16,16,0.13333333333333333,0.5,15,0.019227786929499103,0.01862966031358803
25,4,16,16,0.13333333333333333,0.5,17,0.016965308884604603,0.016437231524436925
25,4,16,16,0.13333333333333333,0.5,19,0.015179243895053733,0.014706535738581867
25,4,16,16,0.13333333333333333,1.0,1,0.9564738942465437,0.9343038735505105
25,4,16,16,0.13333333333333333,1.0,3,0.3019050997604616,0.29607552438755963
25,4,16,16,0.13333333333333333,1.0,5,0.18031375544178882,0.17688219565656774
25,4,16,16,0.13333333333333333,1.0,7,0.12862258039087676,0.12617265235911404
25,4,16,16,0.13333333333333333,1.0,9,0.09998155370070533,0.09807232374017799
25,4,16,16,0.13333333333333333,1.0,11,0.0817778217983085,0.0802124691757954
25,4,16,16,0.13333333333333333,1.0,13,0.06918377068267752,0.06785682786443649
25,4,16,16,0.13333333333333333,1.0,15,0.059951985032042895,0.05880020631935418
25,4,16,16,0.13333333333333333,1.0,17,0.05289434158246226,0.05187676347845151
25,4,16,16,0.13333333333333333,1.0,19,0.04732360378024681,0.04641215667614202
26,4,16,16,0.13333333333333333,0.1,1,0.012294473848178132,0.013031287117842884
26,4,16,16,0.13333333333333333,0.1,3,0.004088168936379366,0.004335897424595219
26,4,16,16,0.13333333333333333,0.1,5,0.0024519986576400075,0.0026008964390858407
26,4,16,16,0.13333333333333333,0.1,7,0.0017511725576534205,0.0018576092157850802
26,4,16,16,0.13333333333333333,0.1,9,0.0013619171701236127,0.0014447365882882582
26,4,16,16,0.13333333333333333,0.1,11,0.00111424201275155,0.001182021861083902
26,4,16,16,0.13333333333333333,0.1,13,0.0009427891179815462,0.0010001521785738855
26,4,16,16,0.13333333333333333,0.1,15,0.0008170643959388169,0.0008667859827409131
26,4,16,16,0.13333333333333333,0.1,17,0.0007209261247737885,0.0007648028015509971
26,4,16,16,0.13333333333333333,0.1,19,0.0006450300096569486,0.0006842914059645431
26,4,16,16,0.13333333333333333,0.5,1,0.28939254310674306,0.3051934331696482
26,4,16,16,0.13333333333333333,0.5,3,0.09351742636637861,0.09905286344811752
26,4,16,16,0.13333333333333333,0.5,5,0.05593833553346403,0.05923217565552183
26,4,16,16,0.13333333333333333,0.5,7,0.0399147378937572,0.04225732770024226
26,4,16,16,0.13333333333333333,0.5,9,0.03102923952266682,0.032846657369444594
26,4,16,16,0.13333333333333333,0.5,11,0.02538013747081108,0.02686468095415568
26,4,16,16,0.13333333333333333,0.5,13,0.02147141258361785,0.02272612766651577
26,4,16,16,0.13333333333333333,0.5,15,0.018606075666441558,0.01969257876640138
26,4,16,16,0.13333333333333333,0.5,17,0.016415509447025693,0.0173735690861559
26,4,16,16,0.13333333333333333,0.5,19,0.01468645146344575,0.015543224729126564
26,4,16,16,0.13333333333333333,1.0,1,0.9468158398055533,0.9926249501263034
26,4,16,16,0.13333333333333333,1.0,3,0.28967373112853484,0.31174036965174223
26,4,16,16,0.13333333333333333,1.0,5,0.1729394757781367,0.1851013317995151
26,4,16,16,0.13333333333333333,1.0,7,0.12336465102370434,0.13166021762491645
26,4,16,16,0.13333333333333333,1.0,9,0.09589802816710452,0.10217211734888883
26,4,16,16,0.13333333333333333,1.0,11,0.07844016758731166,0.08347861990736152
26,4,16,16,0.13333333333333333,1.0,13,0.06636165693016126,0.07056863380618719
26,4,16,16,0.13333333333333333,1.0,15,0.05750746755733554,0.06111741292838271
26,4,16,16,0.13333333333333333,1.0,17,0.050738299473067204,0.05389904640322274
26,4,16,16,0.13333333333333333,1.0,19,0.04539513524683355,0.048205794687824564
27,4,16,16,0.13333333333333333,0.1,1,0.013946251766392305,0.013289122626921033
27,4,16,16,0.13333333333333333,0.1,3,0.004643041503819127,0.004423854599585153
27,4,16,16,0.13333333333333333,0.1,5,0.0027854253072058972,0.0026539861358102737
27,4,16,16,0.13333333333333333,0.1,7,0.0019894881081740667,0.0018956315664260016
27,4,16,16,0.13333333333333333,0.1,9,0.0015473400554868852,0.0014743541138116534
27,4,16,16,0.13333333333333333,0.1,11,0.0012659861783923738,0.0012062778591333367
27,4,16,16,0.13333333333333333,0.1,13,0.0010712082525608953,0.0010206903374335278
27,4,16,16,0.13333333333333333,0.1,15,0.0009283738320417081,0.0008845945692511687
27,4,16,16,0.13333333333333333,0.1,17,0.0008191490047711511,0.0007805222532097873
27,4,16,16,0.13333333333333333,0.1,19,0.0007329197642361039,0.0006983604239188666
27,4,16,16,0.13333333333333333,0.5,1,0.32240256161758446,0.30743548765255374
27,4,16,16,0.13333333333333333,0.5,3,0.10511459683460915,0.09960041920840537
27,4,16,16,0.13333333333333333,0.5,5,0.06293374598705016,0.05963187122777158
27,4,16,16,0.13333333333333333,0.5,7,0.04492137186776613,0.042568578692104536
27,4,16,16,0.13333333333333333,0.5,9,0.034927343793459575,0.03310057160267296
27,4,16,16,0.13333333333333333,0.5,11,0.028571547955066164,0.027078787312099714
27,4,16,16,0.13333333333333333,0.5,13,0.024173018741970014,0.02291109255002712
27,4,16,16,0.13333333333333333,0.5,15,0.020948210369897358,0.019855327459762866
27,4,16,16,0.13333333333333333,0.5,17,0.018482596026497704,0.017518836883064406
27,4,16,16,0.13333333333333333,0.5,19,0.016536299068938838,0.01567438646078022
27,4,16,16,0.13333333333333333,1.0,1,1.01316829294757,0.9719572831085374
27,4,16,16,0.13333333333333333,1.0,3,0.31885801004519404,0.3002110043706157
27,4,16,16,0.13333333333333333,1.0,5,0.19008504084515102,0.17897221247405978
27,4,16,16,0.13333333333333333,1.0,7,0.1354497488418039,0.12756421576454874
27,4,16,16,0.13333333333333333,1.0,9,0.10521955839224668,0.09911414797654926
27,4,16,16,0.13333333333333333,1.0,11,0.08602409578173811,0.08104473373598334
27,4,16,16,0.13333333333333333,1.0,13,0.07275299896765129,0.06854961438458325
27,4,16,16,0.13333333333333333,1.0,15,0.06302989021720447,0.05939351212555331
27,4,16,16,0.13333333333333333,1.0,17,0.0555995736710767,0.052395551735606644
27,4,16,16,0.13333333333333333,1.0,19,0.04973652485055439,0.04687304740125899
28,4,16,16,0.13333333333333333,0.1,1,0.009727637291409743,0.01116402980674889
28,4,16,16,0.13333333333333333,0.1,3,0.003239350901791172,0.003717387765422518
28,4,16,16,0.13333333333333333,0.1,5,0.0019434574852736925,0.0022302430824309273
28,4,16,16,0.13333333333333333,0.1,7,0.0013881538032614186,0.0015929934711066307
28,4,16,16,0.13333333333333333,0.1,9,0.0010796655419168509,0.0012389829831082608
28,4,16,16,0.13333333333333333,0.1,11,0.0008833587243503975,0.001013708405279861
28,4,16,16,0.13333333333333333,0.1,13,0.0007474554395225169,0.0008577508597080094
28,4,16,16,0.13333333333333333,0.1,15,0.0006477936579549937,0.0007433827699893891
28,4,16,16,0.13333333333333333,0.1,17,0.0005715820164875867,0.0006559252019618354
28,4,16,16,0.13333333333333333,0.1,19,0.0005114150976596215,0.0005868799598052674
28,4,16,16,0.13333333333333333,0.5,1,0.2305560268913226,0.26061110555517697
28,4,16,16,0.13333333333333333,0.5,3,0.07507098856406033,0.08456373942419786
28,4,16,16,0.13333333333333333,0.5,5,0.04496104162055046,0.05063146316088811
28,4,16,16,0.13333333333333333,0.5,7,0.032099049790313965,0.03614438803560688
28,4,16,16,0.13333333333333333,0.5,9,0.02496081954215187,0.028105605473138125
28,4,16,16,0.13333333333333333,0.5,11,0.02042037435732625,0.022992723271350473
28,4,16,16,0.13333333333333333,0.5,13,0.01727774963270433,0.01945403246422253
28,4,16,16,0.13333333333333333,0.5,15,0.014973490440136097,0.0168594281778406
28,4,16,16,0.13333333333333333,0.5,17,0.01321157358905866,0.014875533664940384
28,4,16,16,0.13333333333333333,0.5,19,0.011820674779644911,0.013309416774573857
28,4,16,16,0.13333333333333333,1.0,1,0.7815026472497572,0.839688481364438
28,4,16,16,0.13333333333333333,1.0,3,0.24138378435580818,0.2493626815412001
28,4,16,16,0.13333333333333333,1.0,5,0.14403691802681046,0.1482468361915052
28,4,16,16,0.13333333333333333,1.0,7,0.10272927176073265,0.10562064401796886
28,4,16,16,0.13333333333333333,1.0,9,0.07985135714447217,0.08206291258008318
28,4,16,16,0.13333333333333333,1.0,11,0.06531258966284113,0.06710655049993187
28,4,16,16,0.13333333333333333,1.0,13,0.05525460914716469,0.056765022592806004
28,4,16,16,0.13333333333333333,1.0,15,0.04788195303280942,0.04918686646537926
28,4,16,16,0.13333333333333333,1.0,17,0.04224561359898209,0.04339458159258067
28,4,16,16,0.13333333333333333,1.0,19,0.0377967195316766,0.03882322067490578
29,4,16,16,0.13333333333333333,0.1,1,0.011748766638269436,0.012038460924842509
29,4,16,16,0.13333333333333333,0.1,3,0.003912737372252667,0.00401030772936179
29,4,16,16,0.13333333333333333,0.1,5,0.0023474737834395807,0.0024060641910572432
29,4,16,16,0.13333333333333333,0.1,7,0.0016767338053313905,0.001718593579200405
29,4,16,16,0.13333333333333333,0.1,9,0.0013041156725202825,0.0013366763094472204
29,4,16,16,0.13333333333333333,0.1,11,0.0010669993335214029,0.001093641111608698
29,4,16,16,0.13333333333333333,0.1,13,0.0009028434493130293,0.0009253871040263412
29,4,16,16,0.13333333333333333,0.1,15,0.0007824631587923355,0.0008020013254978293
29,4,16,16,0.13333333333333333,0.1,17,0.0006904079831584427,0.0007076477381578504
29,4,16,16,0.13333333333333333,0.1,19,0.0006177330280143279,0.0006331581950115236
29,4,16,16,0.13333333333333333,0.5,1,0.2763978257947608,0.28074624670592696
29,4,16,16,0.13333333333333333,0.5,3,0.09010452209781096,0.09208435190416746
29,4,16,16,0.13333333333333333,0.5,5,0.05396821494146867,0.05518066920799794
29,4,16,16,0.13333333333333333,0.5,7,0.03853017774868974,0.0394010321864687
29,4,16,16,0.13333333333333333,0.5,9,0.02996198434436532,0.030640855300004693
29,4,16,16,0.13333333333333333,0.5,11,0.024511895015396253,0.02506797228615213
29,4,16,16,0.13333333333333333,0.5,13,0.020739639312672465,0.021210476355588263
29,4,16,16,0.13333333333333333,0.5,15,0.017973704395558558,0.018381931770757715
29,4,16,16,0.13333333333333333,0.5,17,0.015858767858020963,0.016219067898123416
29,4,16,16,0.13333333333333333,0.5,19,0.014189183552547918,0.0145116196384702
29,4,16,16,0.13333333333333333,1.0,1,0.9116033214192343,0.9066253875693211
29,4,16,16,0.13333333333333333,1.0,3,0.2790795147081399,0.2821287313837126
29,4,16,16,0.13333333333333333,1.0,5,0.1662835492437211,0.16832055848602484
29,4,16,16,0.13333333333333333,1.0,7,0.1185444323083926,0.12003885898445735
29,4,16,16,0.13333333333333333,1.0,9,0.09212770695049478,0.09330248514126606
29,4,16,16,0.13333333333333333,1.0,11,0.07534675646194479,0.07631305995190835
29,4,16,16,0.13333333333333333,1.0,13,0.0637401222194794,0.06456024707954461
29,4,16,16,0.13333333333333333,1.0,15,0.05523337696366254,0.055945499286297475
29,4,16,16,0.13333333333333333,1.0,17,0.048730578042658124,0.04935971471473417
29,4,16,16,0.13333333333333333,1.0,19,0.04359806050002737,0.0441614695575252
30,4,16,16,0.13333333333333333,0.1,1,0.01245362698257401,0.012456979014982118
30,4,16,16,0.13333333333333333,0.1,3,0.0041495903293608995,0.004149726357279568
30,4,16,16,0.13333333333333333,0.1,5,0.0024896761343747723,0.0024897057557021177
30,4,16,16,0.13333333333333333,0.1,7,0.0017783247268091244,0.0017783355461721726
30,4,16,16,0.13333333333333333,0.1,9,0.001383136534254447,0.0013831416296030154
30,4,16,16,0.13333333333333333,0.1,11,0.0011316551266178309,0.001131657918701481
30,4,16,16,0.13333333333333333,0.1,13,0.00095755334616641,0.0009575550381489192
30,4,16,16,0.13333333333333333,0.1,15,0.000829879027405835,0.000829880129014233
30,4,16,16,0.13333333333333333,0.1,17,0.0007322458826448635,0.0007322466394894911
30,4,16,16,0.13333333333333333,0.1,19,0.0006551671691739753,0.0006551677113285653
30,4,16,16,0.13333333333333333,0.5,1,0.2925263821778501,0.29342293454914053
30,4,16,16,0.13333333333333333,0.5,3,0.09656328995136844,0.0966460016376006
30,4,16,16,0.13333333333333333,0.5,5,0.057885598170256625,0.057907111788595284
30,4,16,16,0.13333333333333333,0.5,7,0.04133638267848596,0.041344755512174695
30,4,16,16,0.13333333333333333,0.5,9,0.03214715076945492,0.032151209730967675
30,4,16,16,0.13333333333333333,0.5,11,0.026300815791848894,0.02630307450290456
30,4,16,16,0.13333333333333333,0.5,13,0.022253855042354408,0.022255236331170224
30,4,16,16,0.13333333333333333,0.5,15,0.01928630359547392,0.01928720816296825
30,4,16,16,0.13333333333333333,0.5,17,0.017017107960195312,0.01701773187436587
30,4,16,16,0.13333333333333333,0.5,19,0.015225696163474977,0.015226144343002674
30,4,16,16,0.13333333333333333,1.0,1,0.964567920513519,0.9692301639672487
30,4,16,16,0.13333333333333333,1.0,3,0.3101357153223934,0.3109855228188666
30,4,16,16,0.13333333333333333,1.0,5,0.18501404176951974,0.1853171009344563
30,4,16,16,0.13333333333333333,1.0,7,0.13191222221377694,0.13205592127951943
30,4,16,16,0.13333333333333333,1.0,9,0.10251580154416856,0.10259495879149899
30,4,16,16,0.13333333333333333,1.0,11,0.08384093206908709,0.08388890830900302
30,4,16,16,0.13333333333333333,1.0,13,0.0709245357620886,0.07095565661689325
30,4,16,16,0.13333333333333333,1.0,15,0.06145809147299422,0.06147934445440358
30,4,16,16,0.13333333333333333,1.0,17,0.05422185717183363,0.054236972475202455
30,4,16,16,0.13333333333333333,1.0,19,0.04851057921734167,0.048521689256559385
31,4,16,16,0.13333333333333333,0.1,1,0.012482491797135722,0.011970934479269332
31,4,16,16,0.13333333333333333,0.1,3,0.004155481088249427,0.003985394694525555
31,4,16,16,0.13333333333333333,0.1,5,0.0024929078753621933,0.0023909105500286476
31,4,16,16,0.13333333333333333,0.1,7,0.0017805507915434283,0.0017077127147635243
31,4,16,16,0.13333333333333333,0.1,9,0.0013848344246261666,0.0013281901090027816
31,4,16,16,0.13333333333333333,0.1,11,0.001133027502087861,0.0010866861045965128
31,4,16,16,0.13333333333333333,0.1,13,0.0009587049841577095,0.0009194953614227618
31,4,16,16,0.13333333333333333,0.1,15,0.0008308711200230196,0.0007968909337001446
31,4,16,16,0.13333333333333333,0.1,17,0.0007331172694510617,0.0007031357585897443
31,4,16,16,0.13333333333333333,0.1,19,0.0006559440434953484,0.0006291191939461272
31,4,16,16,0.13333333333333333,0.5,1,0.2920898937133457,0.28100846441313565
31,4,16,16,0.13333333333333333,0.5,3,0.09524413199101293,0.09151642856436112
31,4,16,16,0.13333333333333333,0.5,5,0.05704364735188441,0.054786913210952935
31,4,16,16,0.13333333333333333,0.5,7,0.04072396396484223,0.03910567116574443
31,4,16,16,0.13333333333333333,0.5,9,0.03166688085911546,0.03040547857573819
31,4,16,16,0.13333333333333333,0.5,11,0.025906054958376105,0.024872586702398204
31,4,16,16,0.13333333333333333,0.5,13,0.021918855901779888,0.021043560981862004
31,4,16,16,0.13333333333333333,0.5,15,0.018995394653904926,0.018236286287848284
31,4,16,16,0.13333333333333333,0.5,17,0.01676005501065002,0.016089904635541975
31,4,16,16,0.13333333333333333,0.5,19,0.014995452115980827,0.01439559840215179
31,4,16,16,0.13333333333333333,1.0,1,0.9466241422203479,0.9261771980905452
31,4,16,16,0.13333333333333333,1.0,3,0.2997382347315382,0.2892974196613817
31,4,16,16,0.13333333333333333,1.0,5,0.17893957982981648,0.17234205076751402
31,4,16,16,0.13333333333333333,1.0,7,0.1276087490896625,0.12280725066690869
31,4,16,16,0.13333333333333333,1.0,9,0.09917749155106129,0.09540670471213993
31,4,16,16,0.13333333333333333,1.0,11,0.08111143889367571,0.07800795134606581
31,4,16,16,0.13333333333333333,1.0,13,0.06861476693857273,0.06597823616746519
31,4,16,16,0.13333333333333333,1.0,15,0.059455515127393374,0.057163940302703976
31,4,16,16,0.13333333333333333,1.0,17,0.05245399895735183,0.050427626219142076
31,4,16,16,0.13333333333333333,1.0,19,0.04692798493582602,0.04511183470053888
32,4,16,16,0.13333333333333333,0.1,1,0.012052744822687478,0.011172715928364354
32,4,16,16,0.13333333333333333,0.1,3,0.0040159376444830865,0.0037205013099358094
32,4,16,16,0.13333333333333333,0.1,5,0.0024094834125374704,0.002232121412139477
32,4,16,16,0.13333333333333333,0.1,7,0.0017210439945501144,0.0015943371380578845
32,4,16,16,0.13333333333333333,0.1,9,0.0013385847844522552,0.0012400286979799304
32,4,16,16,0.13333333333333333,0.1,11,0.0010952036663549561,0.0010145642553892197
32,4,16,16,0.13333333333333333,0.1,13,0.0009267097889541268,0.0008584751696165566
32,4,16,16,0.13333333333333333,0.1,15,0.0008031479369263346,0.0007440105754043149
32,4,16,16,0.13333333333333333,0.1,17,0.0007086596218814731,0.0006564791892838383
32,4,16,16,0.13333333333333333,0.1,19,0.0006340636699033597,0.0005873756586291665
32,4,16,16,0.13333333333333333,0.5,1,0.2844545751572761,0.2606395647525412
32,4,16,16,0.13333333333333333,0.5,3,0.09391289513089515,0.08472206941126352
32,4,16,16,0.13333333333333333,0.5,5,0.05630006760995098,0.05072934506206062
32,4,16,16,0.13333333333333333,0.5,7,0.040204873687815314,0.03621479130423422
32,4,16,16,0.13333333333333333,0.5,9,0.03126742157478413,0.028160511842874554
32,4,16,16,0.13333333333333333,0.5,11,0.025581177137148404,0.02303770665381687
32,4,16,16,0.13333333333333333,0.5,13,0.021644998498879447,0.01949212415503552
32,4,16,16,0.13333333333333333,0.5,15,0.018758665301973686,0.016892456534066375
32,4,16,16,0.13333333333333333,0.5,17,0.016551566856632678,0.014904685461468179
32,4,16,16,0.13333333333333333,0.5,19,0.014809173273105821,0.01333550566920012
32,4,16,16,0.13333333333333333,1.0,1,0.9477324822884288,0.84689757855141
32,4,16,16,0.13333333333333333,1.0,3,0.3059343746590127,0.25680061144164434
32,4,16,16,0.13333333333333333,1.0,5,0.1827803148791769,0.15272450885543634
32,4,16,16,0.13333333333333333,1.0,7,0.130398449116625,0.1088189075331551
32,4,16,16,0.13333333333333333,1.0,9,0.10136963226761089,0.08455017475863706
32,4,16,16,0.13333333333333333,1.0,11,0.08291741490700498,0.06914142589387111
32,4,16,16,0.13333333333333333,1.0,13,0.07015046287332923,0.05848675299430339
32,4,16,16,0.13333333333333333,1.0,15,0.060791390491347304,0.05067898199135127
32,4,16,16,0.13333333333333333,1.0,17,0.053636111379371715,0.04471112287847116
32,4,16,16,0.13333333333333333,1.0,19,0.04798810145390885,0.04000115853290071
33,4,16,16,0.13333333333333333,0.1,1,0.011154410466588282,0.011153812648278768
33,4,16,16,0.13333333333333333,0.1,3,0.003715780578954198,0.003715482638590994
33,4,16,16,0.13333333333333333,0.1,5,0.0022293556817694605,0.002229171703565917
33,4,16,16,0.13333333333333333,0.1,7,0.001592374751754933,0.001592242303763089
33,4,16,16,0.13333333333333333,0.1,9,0.0012385066025549212,0.0012384032553111823
33,4,16,16,0.13333333333333333,0.1,11,0.00101332064629136,0.0010132359517340418
33,4,16,16,0.13333333333333333,0.1,13,0.0008574237326520175,0.0008573520009663618
33,4,16,16,0.13333333333333333,0.1,15,0.0007430997909640977,0.0007430375870249725
33,4,16,16,0.13333333333333333,0.1,17,0.0006556758277632248,0.0006556209204194355
33,4,16,16,0.13333333333333333,0.1,19,0.0005866570320060744,0.0005866078908779578
33,4,16,16,0.13333333333333333,0.5,1,0.2638049112164381,0.2636966148148967
33,4,16,16,0.13333333333333333,0.5,3,0.08682196338301547,0.08665791248493662
33,4,16,16,0.13333333333333333,0.5,5,0.052043441878244584,0.05193123687702264
33,4,16,16,0.13333333333333333,0.5,7,0.03716414960777399,0.03708113671133248
33,4,16,16,0.13333333333333333,0.5,9,0.028902337750244176,0.0288368392899778
33,4,16,16,0.13333333333333333,0.5,11,0.02364607925521089,0.02359210043277052
33,4,16,16,0.13333333333333333,0.5,13,0.020007594307193042,0.019961729796744945
33,4,16,16,0.13333333333333333,0.5,15,0.017339574420633594,0.017299721563910166
33,4,16,16,0.13333333333333333,0.5,17,0.015299423640534049,0.015264198165835614
33,4,16,16,0.13333333333333333,0.5,19,0.01368883199958642,0.013657276043169046
33,4,16,16,0.13333333333333333,1.0,1,0.890258645251191,0.8962117020224156
33,4,16,16,0.13333333333333333,1.0,3,0.28905039337324157,0.28799180196873453
33,4,16,16,0.13333333333333333,1.0,5,0.1729573170460871,0.17173404153207775
33,4,16,16,0.13333333333333333,1.0,7,0.12344525122906246,0.12243660305807878
33,4,16,16,0.13333333333333333,1.0,9,0.09598208846858536,0.09515209579551649
33,4,16,16,0.13333333333333333,1.0,11,0.07851796157674944,0.07781957942191403
33,4,16,16,0.13333333333333333,1.0,13,0.06643201529319864,0.06583156257133783
33,4,16,16,0.13333333333333333,1.0,15,0.05757100552340638,0.057045399358600576
33,4,16,16,0.13333333333333333,1.0,17,0.050795935069718114,0.05032907480335586
33,4,16,16,0.13333333333333333,1.0,19,0.04544773227688111,0.04502806982022255
34,4,16,16,0.13333333333333333,0.1,1,0.012062774413437186,0.012062774413437194
34,4,16,16,0.13333333333333333,0.1,3,0.0040148706405771705,0.004014870640577662
34,4,16,16,0.13333333333333333,0.1,5,0.0024084139400752783,0.0024084139400771744
34,4,16,16,0.13333333333333333,0.1,7,0.0017201558427891964,0.0017201558427897595
34,4,16,16,0.13333333333333333,0.1,9,0.0013378417553285352,0.0013378417553326833
34,4,16,16,0.13333333333333333,0.1,11,0.0010945689696300943,0.0010945689696301097
34,4,16,16,0.13333333333333333,0.1,13,0.0009261572283482775,0.0009261572283494534
34,4,16,16,0.13333333333333333,0.1,15,0.000802659269879153,0.0008026592698815705
34,4,16,16,0.13333333333333333,0.1,17,0.0007082218835756663,0.0007082218835810769
34,4,16,16,0.13333333333333333,0.1,19,0.0006336673954141136,0.000633667395415968
34,4,16,16,0.13333333333333333,0.5,1,0.2845471235785286,0.28454712357852874
34,4,16,16,0.13333333333333333,0.5,3,0.0927596741584689,0.09275967415846918
34,4,16,16,0.13333333333333333,0.5,5,0.0555320933872123,0.055532093387212426
34,4,16,16,0.13333333333333333,0.5,7,0.03963669753369409,0.039636697533695975
34,4,16,16,0.13333333333333333,0.5,9,0.030817730974587666,0.030817730974588245
34,4,16,16,0.13333333333333333,0.5,11,0.025209410025093307,0.025209410025094012
34,4,16,16,0.13333333333333333,0.5,13,0.021328258014425578,0.021328258014428926
34,4,16,16,0.13333333333333333,0.5,15,0.01848281475300003,0.018482814753002324
34,4,16,16,0.13333333333333333,0.5,17,0.016307281767938143,0.016307281767938112
34,4,16,16,0.13333333333333333,0.5,19,0.014589985324242166,0.014589985324241845
34,4,16,16,0.13333333333333333,1.0,1,0.9441701776268946,0.9441701776268937
34,4,16,16,0.13333333333333333,1.0,3,0.2933419669800436,0.2933419669800439
34,4,16,16,0.13333333333333333,1.0,5,0.17486664605896388,0.17486664605896396
34,4,16,16,0.13333333333333333,1.0,7,0.12465156618289547,0.1246515661828971
34,4,16,16,0.13333333333333333,1.0,9,0.09686058020981952,0.09686058020982032
34,4,16,16,0.13333333333333333,1.0,11,0.07920802033768695,0.07920802033768831
34,4,16,16,0.13333333333333333,1.0,13,0.06699999699654925,0.06699999699655108
34,4,16,16,0.13333333333333333,1.0,15,0.05805354205971851,0.05805354205971884
34,4,16,16,0.13333333333333333,1.0,17,0.05121534729348029,0.05121534729348114
34,4,16,16,0.13333333333333333,1.0,19,0.04581861493683616,0.045818614936836914
35,4,16,16,0.13333333333333333,0.1,1,0.011129853794516224,0.011128688123351849
35,4,16,16,0.13333333333333333,0.1,3,0.003706733174944392,0.003707301137690675
35,4,16,16,0.13333333333333333,0.1,5,0.0022238853103576347,0.0022242724927309856
35,4,16,16,0.13333333333333333,0.1,7,0.0015884590818757644,0.0015887447819885577
35,4,16,16,0.13333333333333333,0.1,9,0.0012354584361660057,0.0012356835741377963
35,4,16,16,0.13333333333333333,0.1,11,0.001010825596176221,0.0010110110122886014
35,4,16,16,0.13333333333333333,0.1,13,0.0008553120030683068,0.0008554694836659906
35,4,16,16,0.13333333333333333,0.1,15,0.0007412693353083838,0.000741406139341215
35,4,16,16,0.13333333333333333,0.1,17,0.0006540605488065047,0.0006541814474526667
35,4,16,16,0.13333333333333333,0.1,19,0.0005852116751142534,0.0005853199662841451
35,4,16,16,0.13333333333333333,0.5,1,0.26365539380677516,0.2628106131297281
35,4,16,16,0.13333333333333333,0.5,3,0.08614936824119622,0.08643871921700295
35,4,16,16,0.13333333333333333,0.5,5,0.0516043892201238,0.051811903817790765
35,4,16,16,0.13333333333333333,0.5,7,0.03684345995123303,0.03699847625004083
35,4,16,16,0.13333333333333333,0.5,9,0.028650636858864167,0.028773390601590544
35,4,16,16,0.13333333333333333,0.5,11,0.02343919800445799,0.023540540172716357
35,4,16,16,0.13333333333333333,0.5,13,0.019832081018821383,0.019918274177884325
35,4,16,16,0.13333333333333333,0.5,15,0.01718721267926718,0.017262153984531507
35,4,16,16,0.13333333333333333,0.5,17,0.01516483920175768,0.015231105810265516
35,4,16,16,0.13333333333333333,0.5,19,0.013568321716239186,0.013627701961958909
35,4,16,16,0.13333333333333333,1.0,1,0.8939638097917814,0.8783201072910032
35,4,16,16,0.13333333333333333,1.0,3,0.2818924143853643,0.284090737061197
35,4,16,16,0.13333333333333333,1.0,5,0.16822919737577677,0.17013165923762205
35,4,16,16,0.13333333333333333,1.0,7,0.11998281561737634,0.12145965538730144
35,4,16,16,0.13333333333333333,1.0,9,0.09326180600792738,0.09444851800186232
35,4,16,16,0.13333333333333333,1.0,11,0.07628097719666048,0.07726774278517073
35,4,16,16,0.13333333333333333,1.0,13,0.06453368314969023,0.0653763521003648
35,4,16,16,0.13333333333333333,1.0,15,0.055922793933011104,0.05665730600624056
35,4,16,16,0.13333333333333333,1.0,17,0.04933986724304571,0.04999044403746356
35,4,16,16,0.13333333333333333,1.0,19,0.04414382835960618,0.044727478723575874
36,4,16,16,0.13333333333333333,0.1,1,0.011786969127497157,0.011787122875083194
36,4,16,16,0.13333333333333333,0.1,3,0.0039240657466924275,0.003924071298962491
36,4,16,16,0.13333333333333333,0.1,5,0.0023542034527647953,0.0023542046495405805
36,4,16,16,0.13333333333333333,0.1,7,0.0016815274592158697,0.001681527895104861
36,4,16,16,0.13333333333333333,0.1,9,0.0013078398283502834,0.0013078400333922167
36,4,16,16,0.13333333333333333,0.1,11,0.001070044613425569,0.001070044725713772
36,4,16,16,0.13333333333333333,0.1,13,0.000905419369711921,0.0009054194377379824
36,4,16,16,0.13333333333333333,0.1,15,0.0007846951582842426,0.000784695202565184
36,4,16,16,0.13333333333333333,0.1,17,0.0006923771203572656,0.0006923771507774696
36,4,16,16,0.13333333333333333,0.1,19,0.00061949471563994,0.0006194947374267121
36,4,16,16,0.13333333333333333,0.5,1,0.2751687762582997,0.2752857189058683
36,4,16,16,0.13333333333333333,0.5,3,0.08903540869120512,0.08903741459711038
36,4,16,16,0.13333333333333333,0.5,5,0.0532995232348867,0.05329989712501928
36,4,16,16,0.13333333333333333,0.5,7,0.03804727526863261,0.038047405361461124
36,4,16,16,0.13333333333333333,0.5,9,0.02958471720938614,0.029584777213408433
36,4,16,16,0.13333333333333333,0.5,11,0.02420252928663306,0.024202561815609983
36,4,16,16,0.13333333333333333,0.5,13,0.020477531664598602,0.02047755125425461
36,4,16,16,0.13333333333333333,0.5,15,0.017746361518673447,0.017746374222860038
36,4,16,16,0.13333333333333333,0.5,17,0.01565806339100059,0.015658072096145427
36,4,16,16,0.13333333333333333,0.5,19,0.014009538256582889,0.014009544480878303
36,4,16,16,0.13333333333333333,1.0,1,0.8913070187752652,0.8934074843195505
36,4,16,16,0.13333333333333333,1.0,3,0.276475899093865,0.27637515922311895
36,4,16,16,0.13333333333333333,1.0,5,0.16536099759513828,0.16533655011846352
36,4,16,16,0.13333333333333333,1.0,7,0.11801732057958121,0.118008163126687
36,4,16,16,0.13333333333333333,1.0,9,0.09176048613677139,0.09175613073698675
36,4,16,16,0.13333333333333333,1.0,11,0.07506410915194199,0.07506171085557362
36,4,16,16,0.13333333333333333,1.0,13,0.0635096498672964,0.06350819248261533
36,4,16,16,0.13333333333333333,1.0,15,0.05503836798328375,0.05503741747574463
36,4,16,16,0.13333333333333333,1.0,17,0.04856130578466535,0.048560652004442435
36,4,16,16,0.13333333333333333,1.0,19,0.04344836085807825,0.04344789215072129
37,4,16,16,0.13333333333333333,0.1,1,0.01315649494747994,0.013429204007470096
37,4,16,16,0.13333333333333333,0.1,3,0.004380971448265639,0.004472908547586623
37,4,16,16,0.13333333333333333,0.1,5,0.0026283213777391324,0.0026835423165341315
37,4,16,16,0.13333333333333333,0.1,7,0.001877312873217434,0.0019167695874936141
37,4,16,16,0.13333333333333333,0.1,9,0.0014601106426446087,0.0014908039332915705
37,4,16,16,0.13333333333333333,0.1,11,0.0011946259962719683,0.0012197408611250536
37,4,16,16,0.13333333333333333,0.1,13,0.0010108320178112817,0.0010320842170661207
37,4,16,16,0.13333333333333333,0.1,15,0.0008760512251125247,0.0008944704840279986
37,4,16,16,0.13333333333333333,0.1,17,0.0007729843325670845,0.0007892370572494817
37,4,16,16,0.13333333333333333,0.1,19,0.0006916161782431206,0.0007061583847378514
37,4,16,16,0.13333333333333333,0.5,1,0.306518490785036,0.3120377209445726
37,4,16,16,0.13333333333333333,0.5,3,0.10000574123374281,0.10235017881309613
37,4,16,16,0.13333333333333333,0.5,5,0.05989608718309951,0.06132786555353471
37,4,16,16,0.13333333333333333,0.5,7,0.04276096750608145,0.04378841832360507
37,4,16,16,0.13333333333333333,0.5,9,0.03325123954979374,0.03405182243130248
37,4,16,16,0.13333333333333333,0.5,11,0.027202430774187963,0.027858027662680557
37,4,16,16,0.13333333333333333,0.5,13,0.023015865618700105,0.023570867482148244
37,4,16,16,0.13333333333333333,0.5,15,0.019946197846336812,0.02042733674767135
37,4,16,16,0.13333333333333333,0.5,17,0.017599047060596503,0.018023658000346773
37,4,16,16,0.13333333333333333,0.5,19,0.015746166812683766,0.01612612720941114
37,4,16,16,0.13333333333333333,1.0,1,0.9876589472898961,0.9974526532407227
37,4,16,16,0.13333333333333333,1.0,3,0.3111546646944248,0.31864823640354756
37,4,16,16,0.13333333333333333,1.0,5,0.18576603413005258,0.19049369299818308
37,4,16,16,0.13333333333333333,1.0,7,0.13250761155856644,0.13591950643599815
37,4,16,16,0.13333333333333333,1.0,9,0.1030029062606752,0.10566432852665855
37,4,16,16,0.13333333333333333,1.0,11,0.08425074200485894,0.08643003162152482
37,4,16,16,0.13333333333333333,1.0,13,0.07127717442559836,0.07312134849603419
37,4,16,16,0.13333333333333333,1.0,15,0.06176703866223552,0.0633650310322625
37,4,16,16,0.13333333333333333,1.0,17,0.05449646729473099,0.05590606548988215
37,4,16,16,0.13333333333333333,1.0,19,0.048757561623557565,0.05001839346265807
38,4,16,16,0.13333333333333333,0.1,1,0.011615524195842249,0.011616483724264104
38,4,16,16,0.13333333333333333,0.1,3,0.003868949050912501,0.003869040639029193
38,4,16,16,0.13333333333333333,0.1,5,0.0023212240924834,0.0023212559358160474
38,4,16,16,0.13333333333333333,0.1,7,0.0016579872799598126,0.0016580032781572775
38,4,16,16,0.13333333333333333,0.1,9,0.0012895356596054372,0.0012895452538143513
38,4,16,16,0.13333333333333333,0.1,11,0.0010550703130977567,0.001055076699952071
38,4,16,16,0.13333333333333333,0.1,13,0.0008927496172841082,0.0008927541724005913
38,4,16,16,0.13333333333333333,0.1,15,0.0007737151001313893,0.000773718511763146
38,4,16,16,0.13333333333333333,0.1,17,0.0006826890388608374,0.0006826916891579953
38,4,16,16,0.13333333333333333,0.1,19,0.0006108265438173722,0.0006108286618452596
38,4,16,16,0.13333333333333333,0.5,1,0.27306228001430866,0.2731781430780903
38,4,16,16,0.13333333333333333,0.5,3,0.08952808762264748,0.08952827640663645
38,4,16,16,0.13333333333333333,0.5,5,0.05363975805941064,0.05363891236951704
38,4,16,16,0.13333333333333333,0.5,7,0.03829803783519042,0.038297400599276055
38,4,16,16,0.13333333333333333,0.5,9,0.029781942879249658,0.029781487627094625
38,4,16,16,0.13333333333333333,0.5,11,0.024364688185921437,0.02436435359891688
38,4,16,16,0.13333333333333333,0.5,13,0.02061507451041848,0.02061482013858215
38,4,16,16,0.13333333333333333,0.5,15,0.017865716432783323,0.017865517201563607
38,4,16,16,0.13333333333333333,0.5,17,0.015763448604787914,0.015763288626680312
38,4,16,16,0.13333333333333333,0.5,19,0.014103864840908675,0.014103733692172363
38,4,16,16,0.13333333333333333,1.0,1,0.9051051202936454,0.9065592808638256
38,4,16,16,0.13333333333333333,1.0,3,0.28657271041661747,0.28671313388232694
38,4,16,16,0.13333333333333333,1.0,5,0.17112936861176267,0.1711690523519185
38,4,16,16,0.13333333333333333,1.0,7,0.12206318344737163,0.12208076757787102
38,4,16,16,0.13333333333333333,1.0,9,0.09487897505022805,0.09488868274649528
38,4,16,16,0.13333333333333333,1.0,11,0.07760211642394169,0.0776082114365577
38,4,16,16,0.13333333333333333,1.0,13,0.06564978712883958,0.06565394875493227
38,4,16,16,0.13333333333333333,1.0,15,0.05688866922468029,0.056891682840086555
38,4,16,16,0.13333333333333333,1.0,17,0.05019101170122021,0.05019329077723046
38,4,16,16,0.13333333333333333,1.0,19,0.04490452322118383,0.044906305131055355
39,4,16,16,0.13333333333333333,0.1,1,0.01101988873484148,0.011095095347044615
39,4,16,16,0.13333333333333333,0.1,3,0.00367103561863474,0.0036954013953654917
39,4,16,16,0.13333333333333333,0.1,5,0.002202512770746208,0.0022170939202623982
39,4,16,16,0.13333333333333333,0.1,7,0.00157320203418754,0.001583609503594017
39,4,16,16,0.13333333333333333,0.1,9,0.0012235947409019222,0.0012316869852039348
39,4,16,16,0.13333333333333333,0.1,11,0.0010011201364133636,0.001007740045408649
39,4,16,16,0.13333333333333333,0.1,13,0.000847100274960893,0.0008527012404635892
39,4,16,16,0.13333333333333333,0.1,15,0.0007341528218340406,0.0007390067221136612
39,4,16,16,0.13333333333333333,0.1,17,0.000647781459468862,0.0006520641534878637
39,4,16,16,0.13333333333333333,0.1,19,0.0005795936600285615,0.0005834254442700276
39,4,16,16,0.13333333333333333,0.5,1,0.26102237216626695,0.26242180564991274
39,4,16,16,0.13333333333333333,0.5,3,0.08571191010371843,0.08610376082286801
39,4,16,16,0.13333333333333333,0.5,5,0.051362868607951084,0.05155784849988062
39,4,16,16,0.13333333333333333,0.5,7,0.03667507713808209,0.036800778249595226
39,4,16,16,0.13333333333333333,0.5,9,0.028520995934470147,0.028613023084139603
39,4,16,16,0.13333333333333333,0.5,11,0.023333676482180873,0.023406157440767714
39,4,16,16,0.13333333333333333,0.5,13,0.019743060476110755,0.019802861915561354
39,4,16,16,0.13333333333333333,0.5,15,0.017110206685702074,0.017161138398350602
39,4,16,16,0.13333333333333333,0.5,17,0.015096978332553818,0.015141360520001848
39,4,16,16,0.13333333333333333,0.5,19,0.013507657799189289,0.013547004372525083
39,4,16,16,0.13333333333333333,1.0,1,0.881709803712835,0.8842556486243671
39,4,16,16,0.13333333333333333,1.0,3,0.27737547742183594,0.28056045454991746
39,4,16,16,0.13333333333333333,1.0,5,0.16546573490765104,0.16715449729722928
39,4,16,16,0.13333333333333333,1.0,7,0.1179993597583446,0.11909133407583684
39,4,16,16,0.13333333333333333,1.0,9,0.09171617964311675,0.09250737708261217
39,4,16,16,0.13333333333333333,1.0,11,0.07501518034942355,0.07563002851587387
39,4,16,16,0.13333333333333333,1.0,13,0.06346204975226212,0.06396265006669309
39,4,16,16,0.13333333333333333,1.0,15,0.05499373465819728,0.055414958817494045
39,4,16,16,0.13333333333333333,1.0,17,0.04851992685526091,0.04888309118356212
39,4,16,16,0.13333333333333333,1.0,19,0.04341008351925421,0.043729076787302326
40,4,16,16,0.13333333333333333,0.1,1,0.01422256316202519,0.01311635091263436
40,4,16,16,0.13333333333333333,0.1,3,0.004733144742329333,0.004365015852542945
40,4,16,16,0.13333333333333333,0.1,5,0.0028392647652226307,0.0026185358308865457
40,4,16,16,0.13333333333333333,0.1,7,0.002027877960401496,0.0018702652793761983
40,4,16,16,0.13333333333333333,0.1,9,0.0015771701596433742,0.0014546055748338319
40,4,16,16,0.13333333333333333,0.1,11,0.0012903777722193934,0.001190109991507869
40,4,16,16,0.13333333333333333,0.1,13,0.0010918386191529354,0.0010070040031116801
40,4,16,16,0.13333333333333333,0.1,15,0.0009462479825193254,0.0008727293785233001
40,4,16,16,0.13333333333333333,0.1,17,0.0008349166088203428,0.0007700504725753529
40,4,16,16,0.13333333333333333,0.1,19,0.0007470250066711644,0.0006889891751845597
40,4,16,16,0.13333333333333333,0.5,1,0.32955805522266046,0.3045188020428658
40,4,16,16,0.13333333333333333,0.5,3,0.10716869219245255,0.09842330383176473
40,4,16,16,0.13333333333333333,0.5,5,0.06414027704402826,0.058892391495350166
40,4,16,16,0.13333333333333333,0.5,7,0.0457758737949629,0.04203084860818277
40,4,16,16,0.13333333333333333,0.5,9,0.035588911990378815,0.03267834493481441
40,4,16,16,0.13333333333333333,0.5,11,0.029111278116666663,0.02673128793945007
40,4,16,16,0.13333333333333333,0.5,13,0.024628815761538584,0.022615873017061337
40,4,16,16,0.13333333333333333,0.5,15,0.021342669149877837,0.019598725823758028
40,4,16,16,0.13333333333333333,0.5,17,0.0188302690573149,0.01729192430820898
40,4,16,16,0.13333333333333333,0.5,19,0.016847108745431574,0.015471008372384097
40,4,16,16,0.13333333333333333,1.0,1,1.036437944146405,0.9706775278384459
40,4,16,16,0.13333333333333333,1.0,3,0.32472504294368665,0.2971425623012193
40,4,16,16,0.13333333333333333,1.0,5,0.19360447863055705,0.17694901435378657
40,4,16,16,0.13333333333333333,1.0,7,0.13796855626646579,0.1260967061900185
40,4,16,16,0.13333333333333333,1.0,9,0.10718137225239216,0.09797012663881571
40,4,16,16,0.13333333333333333,1.0,11,0.08763076882884911,0.08010950117472755
40,4,16,16,0.13333333333333333,1.0,13,0.07411343517623133,0.06775955097031013
40,4,16,16,0.13333333333333333,1.0,15,0.06420954574779984,0.0587099800441924
40,4,16,16,0.13333333333333333,1.0,17,0.05664086237243454,0.05179342422096717
40,4,16,16,0.13333333333333333,1.0,19,0.05066849975391973,0.046335102083404765
41,4,16,16,0.13333333333333333,0.1,1,0.014136663924337938,0.013455284465208661
41,4,16,16,0.13333333333333333,0.1,3,0.004704464319111253,0.004478615978063482
41,4,16,16,0.13333333333333333,0.1,5,0.002822044502754318,0.0026867534557943897
41,4,16,16,0.13333333333333333,0.1,7,0.0020155736230092706,0.0019190085398529263
41,4,16,16,0.13333333333333333,0.1,9,0.0015675982300587582,0.0014925238331216035
41,4,16,16,0.13333333333333333,0.1,11,0.0012825451803579967,0.0012211375041548042
41,4,16,16,0.13333333333333333,0.1,13,0.0010852104365957707,0.0010332600639311358
41,4,16,16,0.13333333333333333,0.1,15,0.0009405031681124607,0.0008954858968128064
41,4,16,16,0.13333333333333333,0.1,17,0.0008298473895214249,0.0007901306008458966
41,4,16,16,0.13333333333333333,0.1,19,0.0007424892005095932,0.00070695620077777
41,4,16,16,0.13333333333333333,0.5,1,0.327681417159905,0.3118346086644262
41,4,16,16,0.13333333333333333,0.5,3,0.10655454964208497,0.10101252074581125
41,4,16,16,0.13333333333333333,0.5,5,0.06377229231799969,0.060455117585529315
41,4,16,16,0.13333333333333333,0.5,7,0.04551305582567736,0.04314894197353582
41,4,16,16,0.13333333333333333,0.5,9,0.03538448223273628,0.033548580465135085
41,4,16,16,0.13333333333333333,0.5,11,0.02894400027432713,0.0274435551833591
41,4,16,16,0.13333333333333333,0.5,13,0.02448725940911752,0.023218687823731335
41,4,16,16,0.13333333333333333,0.5,15,0.021219976741323972,0.020121235772752672
41,4,16,16,0.13333333333333333,0.5,17,0.018722003318711388,0.017753004830759794
41,4,16,16,0.13333333333333333,0.5,19,0.016750233483963855,0.015883581161612512
41,4,16,16,0.13333333333333333,1.0,1,1.0308217957559187,0.9874516433908158
41,4,16,16,0.13333333333333333,1.0,3,0.322082554026868,0.3032593771203142
41,4,16,16,0.13333333333333333,1.0,5,0.19204902184683942,0.18070800292138
41,4,16,16,0.13333333333333333,1.0,7,0.1368695797421945,0.1287881191518843
41,4,16,16,0.13333333333333333,1.0,9,0.10633221050479863,0.10006147301242446
41,4,16,16,0.13333333333333333,1.0,11,0.08693900682389467,0.081818076064212
41,4,16,16,0.13333333333333333,1.0,13,0.07352988954076184,0.06920320148809071
41,4,16,16,0.13333333333333333,1.0,15,0.06370495676948529,0.0599595639646306
41,4,16,16,0.13333333333333333,1.0,17,0.056196418638686754,0.05289479752527539
41,4,16,16,0.13333333333333333,1.0,19,0.05027139462460426,0.047319619196834556
42,4,16,16,0.13333333333333333,0.1,1,0.011853163606142388,0.011853163606142593
42,4,16,16,0.13333333333333333,0.1,3,0.0039479470868149305,0.003947947086815318
42,4,16,16,0.13333333333333333,0.1,5,0.0023686192613516857,0.002368619261351975
42,4,16,16,0.13333333333333333,0.1,7,0.0016918415837404424,0.0016918415837405957
42,4,16,16,0.13333333333333333,0.1,9,0.0013158674040004846,0.0013158674040041804
42,4,16,16,0.13333333333333333,0.1,11,0.0010766148989152977,0.0010766148989156668
42,4,16,16,0.13333333333333333,0.1,13,0.0009109799462976509,0.0009109799463005336
42,4,16,16,0.13333333333333333,0.1,15,0.0007895149250922349,0.0007895149250958754
42,4,16,16,0.13333333333333333,0.1,17,0.0006966302098423559,0.000696630209846247
42,4,16,16,0.13333333333333333,0.1,19,0.000623300333624829,0.0006233003336246955
42,4,16,16,0.13333333333333333,0.5,1,0.28029024972378586,0.28029024972378574
42,4,16,16,0.13333333333333333,0.5,3,0.09171892628156493,0.09171892628156574
42,4,16,16,0.13333333333333333,0.5,5,0.05495157636843728,0.05495157636843818
42,4,16,16,0.13333333333333333,0.5,7,0.03923547248887877,0.0392354724888792
42,4,16,16,0.13333333333333333,0.5,9,0.03051147290525335,0.03051147290525806
42,4,16,16,0.13333333333333333,0.5,11,0.024961860037450843,0.024961860037451274
42,4,16,16,0.13333333333333333,0.5,13,0.021120565559884258,0.021120565559891696
42,4,16,16,0.13333333333333333,0.5,15,0.018303941945182724,0.01830394194518561
42,4,16,16,0.13333333333333333,0.5,17,0.016150213765179902,0.016150213765182476
42,4,16,16,0.13333333333333333,0.5,19,0.014449988480706647,0.014449988480711249
42,4,16,16,0.13333333333333333,1.0,1,0.9387241850707215,0.9387241850707216
42,4,16,16,0.13333333333333333,1.0,3,0.2947840230933112,0.2947840230933122
42,4,16,16,0.13333333333333333,1.0,5,0.17604732439938184,0.17604732439938192
42,4,16,16,0.13333333333333333,1.0,7,0.125587247407084,0.12558724740708507
42,4,16,16,0.13333333333333333,1.0,9,0.097627598628523,0.09762759862852274
42,4,16,16,0.13333333333333333,1.0,11,0.07985586978433083,0.07985586978433341
42,4,16,16,0.13333333333333333,1.0,13,0.06756001174470219,0.06756001174470519
42,4,16,16,0.13333333333333333,1.0,15,0.05854638962529251,0.05854638962529583
42,4,16,16,0.13333333333333333,1.0,17,0.051655265323953516,0.051655265323953654
42,4,16,16,0.13333333333333333,1.0,19,0.04621579029092848,0.04621579029092784
43,4,16,16,0.13333333333333333,0.1,1,0.011808911966994273,0.011809761319270246
43,4,16,16,0.13333333333333333,0.1,3,0.003934967163022989,0.00393510533109139
43,4,16,16,0.13333333333333333,0.1,5,0.0023609160127021746,0.0023609916297373337
43,4,16,16,0.13333333333333333,0.1,7,0.0016863559274527507,0.0016864085000001811
43,4,16,16,0.13333333333333333,0.1,9,0.0013116061156813461,0.001311646544049589
43,4,16,16,0.13333333333333333,0.1,11,0.0010731305990228117,0.0010731634855758504
43,4,16,16,0.13333333333333333,0.1,13,0.000908032767427794,0.0009080605014326108
43,4,16,16,0.13333333333333333,0.1,15,0.0007869612878684649,0.0007869852733847029
43,4,16,16,0.13333333333333333,0.1,17,0.0006943773451774263,0.0006943984790131475
43,4,16,16,0.13333333333333333,0.1,19,0.0006212848288297926,0.0006213037193223456
43,4,16,16,0.13333333333333333,0.5,1,0.28043000356411685,0.28076478241040287
43,4,16,16,0.13333333333333333,0.5,3,0.09276468109838851,0.09285757528517821
43,4,16,16,0.13333333333333333,0.5,5,0.05562233201481842,0.055673287125280836
43,4,16,16,0.13333333333333333,0.5,7,0.03972301483540153,0.03975834594988584
43,4,16,16,0.13333333333333333,0.5,9,0.030893362236639042,0.030920487977807894
43,4,16,16,0.13333333333333333,0.5,11,0.025275427315455068,0.025297472063450104
43,4,16,16,0.13333333333333333,0.5,13,0.021386432652558754,0.021405012738180806
43,4,16,16,0.13333333333333333,0.5,15,0.018534654092475903,0.01855071684610617
43,4,16,16,0.13333333333333333,0.5,17,0.016353956624714346,0.01636810598462862
43,4,16,16,0.13333333333333333,0.5,19,0.014632393435889622,0.014645038513799842
43,4,16,16,0.13333333333333333,1.0,1,0.9498514177928087,0.9517653869317603
43,4,16,16,0.13333333333333333,1.0,3,0.3097276418662395,0.3117403986334172
43,4,16,16,0.13333333333333333,1.0,5,0.1852898273884453,0.1863824936207961
43,4,16,16,0.13333333333333333,1.0,7,0.13223834885622535,0.13296407226864748
43,4,16,16,0.13333333333333333,1.0,9,0.10281597157796253,0.10335639368205315
43,4,16,16,0.13333333333333333,1.0,11,0.0841071476036246,0.0845376819863999
43,4,16,16,0.13333333333333333,1.0,13,0.07116026338989243,0.07151837839718486
43,4,16,16,0.13333333333333333,1.0,15,0.0616682406103989,0.06197505456522192
43,4,16,16,0.13333333333333333,1.0,17,0.054410799825880395,0.05467934542553043
43,4,16,16,0.13333333333333333,1.0,19,0.0486818696737969,0.048920749276589716
44,4,16,16,0.13333333333333333,0.1,1,0.010910891782119412,0.010910891782119408
44,4,16,16,0.13333333333333333,0.1,3,0.003626469893968685,0.003626469893969229
44,4,16,16,0.13333333333333333,0.1,5,0.0021748613178428733,0.002174861317844696
44,4,16,16,0.13333333333333333,0.1,7,0.0015531773752100646,0.0015531773752103268
44,4,16,16,0.13333333333333333,0.1,9,0.0012079029003428982,0.0012079029003460946
44,4,16,16,0.13333333333333333,0.1,11,0.0009882207282985512,0.0009882207282985755
44,4,16,16,0.13333333333333333,0.1,13,0.0008361500068330107,0.0008361500068356185
44,4,16,16,0.13333333333333333,0.1,15,0.0007246401604202287,0.0007246401604229223
44,4,16,16,0.13333333333333333,0.1,17,0.000639372830989719,0.0006393728309958634
44,4,16,16,0.13333333333333333,0.1,19,0.0005720594979960907,0.0005720594979998861
44,4,16,16,0.13333333333333333,0.5,1,0.2598385706995478,0.2598385706995479
44,4,16,16,0.13333333333333333,0.5,3,0.0838442965020668,0.08384429650206704
44,4,16,16,0.13333333333333333,0.5,5,0.05010538821025011,0.050105388210250235
44,4,16,16,0.13333333333333333,0.5,7,0.035737398051656766,0.0357373980516581
44,4,16,16,0.13333333333333333,0.5,9,0.02777512324330738,0.02777512324330765
44,4,16,16,0.13333333333333333,0.5,11,0.022714942199704397,0.02271494219970634
44,4,16,16,0.13333333333333333,0.5,13,0.019214610078901344,0.019214610078903807
44,4,16,16,0.13333333333333333,0.5,15,0.01664912481282709,0.016649124812829597
44,4,16,16,0.13333333333333333,0.5,17,0.014688068814343858,0.014688068814343898
44,4,16,16,0.13333333333333333,0.5,19,0.013140334751092058,0.01314033475109184
44,4,16,16,0.13333333333333333,1.0,1,0.8765451725370712,0.8765451725370714
44,4,16,16,0.13333333333333333,1.0,3,0.2680302093318316,0.268030209331832
44,4,16,16,0.13333333333333333,1.0,5,0.15900070590266763,0.15900070590266774
44,4,16,16,0.13333333333333333,1.0,7,0.11309336027778871,0.11309336027779157
44,4,16,16,0.13333333333333333,1.0,9,0.08777075828022864,0.08777075828022973
44,4,16,16,0.13333333333333333,1.0,11,0.07171807172381335,0.07171807172381583
44,4,16,16,0.13333333333333333,1.0,13,0.060631165268820064,0.060631165268824755
44,4,16,16,0.13333333333333333,1.0,15,0.052513970424107784,0.05251397042410862
44,4,16,16,0.13333333333333333,1.0,17,0.046314004345812086,0.04631400434581341
44,4,16,16,0.13333333333333333,1.0,19,0.04142365291443495,0.04142365291443618
45,4,16,16,0.13333333333333333,0.1,1,0.010968910678727373,0.011173876784288182
45,4,16,16,0.13333333333333333,0.1,3,0.0036530215836111444,0.003714526416952789
45,4,16,16,0.13333333333333333,0.1,5,0.0021916017207851564,0.002227650604003423
45,4,16,16,0.13333333333333333,0.1,7,0.0015653783774999639,0.0015908632729815133
45,4,16,16,0.13333333333333333,0.1,9,0.0012174969628084736,0.0012372037489763357
45,4,16,16,0.13333333333333333,0.1,11,0.0009961245092502643,0.0010121882896209427
45,4,16,16,0.13333333333333333,0.1,13,0.0008428694087729302,0.0008564266467383912
45,4,16,16,0.13333333333333333,0.1,15,0.0007304836721751664,0.0007422108801913359
45,4,16,16,0.13333333333333333,0.1,17,0.0006445423629800071,0.0006548747702987053
45,4,16,16,0.13333333333333333,0.1,19,0.0005766943866800959,0.0005859284764850616
45,4,16,16,0.13333333333333333,0.5,1,0.2607770157670919,0.26824989168046676
45,4,16,16,0.13333333333333333,0.5,3,0.08549977507559182,0.08738863860434759
45,4,16,16,0.13333333333333333,0.5,5,0.0512318509934236,0.05228777427558859
45,4,16,16,0.13333333333333333,0.5,7,0.03658028038392387,0.03730978856354471
45,4,16,16,0.13333333333333333,0.5,9,0.028446698346954447,0.029003172324333287
45,4,16,16,0.13333333333333333,0.5,11,0.023272575926851113,0.023722109376433962
45,4,16,16,0.13333333333333333,0.5,13,0.019691170366539768,0.020068137803055355
45,4,16,16,0.13333333333333333,0.5,15,0.017065111332058614,0.017389636889586335
45,4,16,16,0.13333333333333333,0.5,17,0.015057102915859384,0.015341971090989358
45,4,16,16,0.13333333333333333,0.5,19,0.013471918468506658,0.013725752539030944
45,4,16,16,0.13333333333333333,1.0,1,0.8853076010340339,0.9149353615840693
45,4,16,16,0.13333333333333333,1.0,3,0.28371275202238083,0.28842022252657695
45,4,16,16,0.13333333333333333,1.0,5,0.16963813079776713,0.17230340197860888
45,4,16,16,0.13333333333333333,1.0,7,0.12104309998033232,0.12290142234651152
45,4,16,16,0.13333333333333333,1.0,9,0.09410060590135157,0.0955258065477551
45,4,16,16,0.13333333333333333,1.0,11,0.07697178867026878,0.07812704803155562
45,4,16,16,0.13333333333333333,1.0,13,0.06511976049208648,0.06609079619031229
45,4,16,16,0.13333333333333333,1.0,15,0.05643120967035424,0.057268567469859685
45,4,16,16,0.13333333333333333,1.0,17,0.04978854227100754,0.05052450478148597
45,4,16,16,0.13333333333333333,1.0,19,0.04454518749078066,0.04520161830723784
46,4,16,16,0.13333333333333333,0.1,1,0.011278480164600573,0.011281731253516815
46,4,16,16,0.13333333333333333,0.1,3,0.0037552301590957214,0.003755222104340156
46,4,16,16,0.13333333333333333,0.1,5,0.0022529339860109117,0.0022528764893793005
46,4,16,16,0.13333333333333333,0.1,7,0.0016091984039076272,0.0016091469661894042
46,4,16,16,0.13333333333333333,0.1,9,0.0012515859062024119,0.0012515425798805297
46,4,16,16,0.13333333333333333,0.1,11,0.0010240195095448318,0.0010239826859539207
46,4,16,16,0.13333333333333333,0.1,13,0.00086647545616841,0.0008664436286737564
46,4,16,16,0.13333333333333333,0.1,15,0.0007509439868393433,0.000750916039192206
46,4,16,16,0.13333333333333333,0.1,17,0.0006625968048700148,0.0006625719306406389
46,4,16,16,0.13333333333333333,0.1,19,0.0005928492517040381,0.0005928268612081497
46,4,16,16,0.13333333333333333,0.5,1,0.2647629777465807,0.2662031105371064
46,4,16,16,0.13333333333333333,0.5,3,0.0859778271638603,0.08601411661023874
46,4,16,16,0.13333333333333333,0.5,5,0.05148636025032737,0.05148573310755432
46,4,16,16,0.13333333333333333,0.5,7,0.03675639411766137,0.036751522893626515
46,4,16,16,0.13333333333333333,0.5,9,0.02858205669677988,0.028576850794970902
46,4,16,16,0.13333333333333333,0.5,11,0.023382733648624823,0.02337788708312634
46,4,16,16,0.13333333333333333,0.5,13,0.01978413252555853,0.0197797457563185
46,4,16,16,0.13333333333333333,0.5,15,0.01714556467568682,0.017141607367693414
46,4,16,16,0.13333333333333333,0.5,17,0.015128036453544024,0.01512445304126635
46,4,16,16,0.13333333333333333,0.5,19,0.013535358795379931,0.013532095070147718
46,4,16,16,0.13333333333333333,1.0,1,0.8724393942971722,0.8844908387667182
46,4,16,16,0.13333333333333333,1.0,3,0.27633455688695097,0.2786149898000807
46,4,16,16,0.13333333333333333,1.0,5,0.16550817763401127,0.16675415584738915
46,4,16,16,0.13333333333333333,1.0,7,0.11816688756203368,0.11903337464991962
46,4,16,16,0.13333333333333333,1.0,9,0.09189093345598642,0.09255741231982825
46,4,16,16,0.13333333333333333,1.0,11,0.07517666715234152,0.07571889266621894
46,4,16,16,0.13333333333333333,1.0,13,0.0636077230251146,0.0640650358205168
46,4,16,16,0.13333333333333333,1.0,15,0.05512490300727505,0.05552042978340984
46,4,16,16,0.13333333333333333,1.0,17,0.04863856676442809,0.04898708315930283
46,4,16,16,0.13333333333333333,1.0,19,0.04351805760234546,0.04382958846636011
47,4,16,16,0.13333333333333333,0.1,1,0.011506937097684059,0.011888476132741207
47,4,16,16,0.13333333333333333,0.1,3,0.0038322287056969427,0.0039602465559847744
47,4,16,16,0.13333333333333333,0.1,5,0.002299172821375469,0.002376024369814031
47,4,16,16,0.13333333333333333,0.1,7,0.0016422339402203364,0.001697135951731094
47,4,16,16,0.13333333333333333,0.1,9,0.0012772827060592497,0.0013199868477719397
47,4,16,16,0.13333333333333333,0.1,11,0.0010450451965167758,0.0010799860164095382
47,4,16,16,0.13333333333333333,0.1,13,0.00088426692448917,0.0009138327532427361
47,4,16,16,0.13333333333333333,0.1,15,0.0007663635325513416,0.0007919875333632803
47,4,16,16,0.13333333333333333,0.1,17,0.000676202447454825,0.0006988120265652628
47,4,16,16,0.13333333333333333,0.1,19,0.0006050228224337013,0.000625252550381506
47,4,16,16,0.13333333333333333,0.5,1,0.27082362245855585,0.27907246720838386
47,4,16,16,0.13333333333333333,0.5,3,0.0884076624329539,0.09162115980268894
47,4,16,16,0.13333333333333333,0.5,5,0.052948734969721294,0.0549076424715412
47,4,16,16,0.13333333333333333,0.5,7,0.03780135589359217,0.03920697763323555
47,4,16,16,0.13333333333333333,0.5,9,0.029394883453451284,0.03049023291255403
47,4,16,16,0.13333333333333333,0.5,11,0.024047796420810348,0.024944863770581978
47,4,16,16,0.13333333333333333,0.5,13,0.020346886387769512,0.021106369905293278
47,4,16,16,0.13333333333333333,0.5,15,0.01763328842591108,0.018291740055673876
47,4,16,16,0.13333333333333333,0.5,17,0.015558382816412754,0.01613950694992931
47,4,16,16,0.13333333333333333,0.5,19,0.013920406578886862,0.014440446060253884
47,4,16,16,0.13333333333333333,1.0,1,0.9045247293921007,0.9209525834681695
47,4,16,16,0.13333333333333333,1.0,3,0.28380087350313776,0.2935769062953134
47,4,16,16,0.13333333333333333,1.0,5,0.16913387577393935,0.1754245781665794
47,4,16,16,0.13333333333333333,1.0,7,0.12055681463993437,0.12515707691117003
47,4,16,16,0.13333333333333333,1.0,9,0.09368048189937274,0.09729714120483896
47,4,16,16,0.13333333333333333,1.0,11,0.07661088049892555,0.07958709509553367
47,4,16,16,0.13333333333333333,1.0,13,0.06480632637999702,0.06733333760181237
47,4,16,16,0.13333333333333333,1.0,15,0.056155422449031454,0.05835033776854339
47,4,16,16,0.13333333333333333,1.0,17,0.04954291762903737,0.05148251026061162
47,4,16,16,0.13333333333333333,1.0,19,0.04432409595630801,0.04606136395627397
48,4,16,16,0.13333333333333333,0.1,1,0.012948030175423715,0.013206936376143692
48,4,16,16,0.13333333333333333,0.1,3,0.004308984256251295,0.004395283732922405
48,4,16,16,0.13333333333333333,0.1,5,0.0025848084153567747,0.0026365559090434487
48,4,16,16,0.13333333333333333,0.1,7,0.001846132563698564,0.0018830828675669756
48,4,16,16,0.13333333333333333,0.1,9,0.0014358159512581241,0.0014645493370011307
48,4,16,16,0.13333333333333333,0.1,11,0.001174725867502702,0.001198231869466856
48,4,16,16,0.13333333333333333,0.1,13,0.0009939801424821303,0.0010138679465058248
48,4,16,16,0.13333333333333333,0.1,15,0.0008614377951701296,0.0008786726658902598
48,4,16,16,0.13333333333333333,0.1,17,0.0007600844060007468,0.0007752908050103523
48,4,16,16,0.13333333333333333,0.1,19,0.0006800700914132055,0.0006936752167086145
48,4,16,16,0.13333333333333333,0.5,1,0.30291724250356317,0.30948361603912994
48,4,16,16,0.13333333333333333,0.5,3,0.09860624828771014,0.1010002350359329
48,4,16,16,0.13333333333333333,0.5,5,0.059017601678751315,0.06046132338543217
48,4,16,16,0.13333333333333333,0.5,7,0.042120736690917954,0.043152799582110685
48,4,16,16,0.13333333333333333,0.5,9,0.03274761033759851,0.03355039786317491
48,4,16,16,0.13333333333333333,0.5,11,0.02678736786392476,0.027444143453936188
48,4,16,16,0.13333333333333333,0.5,13,0.02266288076885874,0.02321855033177581
48,4,16,16,0.13333333333333333,0.5,15,0.019639139363045153,0.020120663867959597
48,4,16,16,0.13333333333333333,0.5,17,0.017327340853299553,0.01775217004233305
48,4,16,16,0.13333333333333333,0.5,19,0.015502513469083433,0.015882587506182388
48,4,16,16,0.13333333333333333,1.0,1,0.9834819281734308,1.0051408050015302
48,4,16,16,0.13333333333333333,1.0,3,0.30857307058382205,0.3173701514853533
48,4,16,16,0.13333333333333333,1.0,5,0.18390250589945292,0.18925087055451656
48,4,16,16,0.13333333333333333,1.0,7,0.13107260863646727,0.1349033975074281
48,4,16,16,0.13333333333333333,1.0,9,0.1018404710189348,0.10482217896432809
48,4,16,16,0.13333333333333333,1.0,11,0.08327511995731053,0.0857151160755237
48,4,16,16,0.13333333333333333,1.0,13,0.0704371134110049,0.072501683942955
48,4,16,16,0.13333333333333333,1.0,15,0.06102967669343721,0.06281881488861268
48,4,16,16,0.13333333333333333,1.0,17,0.053839536740424423,0.05541801688131317
48,4,16,16,0.13333333333333333,1.0,19,0.04816529991320115,0.04957746714967258
49,4,16,16,0.13333333333333333,0.1,1,0.01147038250412168,0.011608149526155636
49,4,16,16,0.13333333333333333,0.1,3,0.0038166511658442345,0.003864739632966246
49,4,16,16,0.13333333333333333,0.1,5,0.00228965029610707,0.0023186213305933664
49,4,16,16,0.13333333333333333,0.1,7,0.0016353972046050792,0.0016561143250284447
49,4,16,16,0.13333333333333333,0.1,9,0.0012719540347483232,0.001288074911227899
49,4,16,16,0.13333333333333333,0.1,11,0.0010406807262523764,0.001053873671278204
49,4,16,16,0.13333333333333333,0.1,13,0.0008805716476402776,0.0008917364369585417
49,4,16,16,0.13333333333333333,0.1,15,0.000763159728018238,0.0007728367101662636
49,4,16,16,0.13333333333333333,0.1,17,0.0006733748348679928,0.0006819138389813783
49,4,16,16,0.13333333333333333,0.1,19,0.000602492397586079,0.0006101328669251895
49,4,16,16,0.13333333333333333,0.5,1,0.26878869395741845,0.27600782923490547
49,4,16,16,0.13333333333333333,0.5,3,0.08658932949538889,0.08946122273271413
49,4,16,16,0.13333333333333333,0.5,5,0.051778400849069366,0.053560768745781896
49,4,16,16,0.13333333333333333,0.5,7,0.036948075993612293,0.038234981441257775
49,4,16,16,0.13333333333333333,0.5,9,0.028725444179418736,0.029731060641695863
49,4,16,16,0.13333333333333333,0.5,11,0.023497632990210578,0.024322409113752514
49,4,16,16,0.13333333333333333,0.5,13,0.019880162756089677,0.020579038518610555
49,4,16,16,0.13333333333333333,0.5,15,0.017228137334471438,0.017834372183498433
49,4,16,16,0.13333333333333333,0.5,17,0.015200507273279944,0.015735742284650023
49,4,16,16,0.13333333333333333,0.5,19,0.013599957183622143,0.014079054485563363
49,4,16,16,0.13333333333333333,1.0,1,0.8725078442595244,0.9365234211502764
49,4,16,16,0.13333333333333333,1.0,3,0.25954605980032447,0.2859555992130473
49,4,16,16,0.13333333333333333,1.0,5,0.1537765333381026,0.17054103565042117
49,4,16,16,0.13333333333333333,1.0,7,0.10942311813911426,0.12161632742230605
49,4,16,16,0.13333333333333333,1.0,9,0.08496823273819248,0.0945273121969336
49,4,16,16,0.13333333333333333,1.0,11,0.06946091796361646,0.07731444641034549
49,4,16,16,0.13333333333333333,1.0,13,0.05874580904367893,0.06540724341043828
49,4,16,16,0.13333333333333333,1.0,15,0.05089725633985768,0.056679393300345896
49,4,16,16,0.13333333333333333,1.0,17,0.044899996052777995,0.05000717225352254
49,4,16,16,0.13333333333333333,1.0,19,0.040167797061661986,0.04474071512762375
50,4,16,16,0.13333333333333333,0.1,1,0.012652632127456242,0.012970745364922081
50,4,16,16,0.13333333333333333,0.1,3,0.004211706287914358,0.004317183480277725
50,4,16,16,0.13333333333333333,0.1,5,0.002526571597128457,0.0025897714314538993
50,4,16,16,0.13333333333333333,0.1,7,0.0018045736595916314,0.0018496885008348796
50,4,16,16,0.13333333333333333,0.1,9,0.0014035089382961258,0.0014385859169748286
50,4,16,16,0.13333333333333333,0.1,11,0.00114830142887821,0.0011769942612691795
50,4,16,16,0.13333333333333333,0.1,13,0.0009716260002942186,0.0009959007011941061
50,4,16,16,0.13333333333333333,0.1,15,0.0008420673713846843,0.0008631029836320301
50,4,16,16,0.13333333333333333,0.1,17,0.000742994986598006,0.000761554152134251
50,4,16,16,0.13333333333333333,0.1,19,0.0006647810606265279,0.0006813854467914187
50,4,16,16,0.13333333333333333,0.5,1,0.2967521023652009,0.3043853829873841
50,4,16,16,0.13333333333333333,0.5,3,0.09671410310938705,0.09931288804562373
50,4,16,16,0.13333333333333333,0.5,5,0.057901838184289664,0.05945944326920599
50,4,16,16,0.13333333333333333,0.5,7,0.041329646374923965,0.042440800417950404
50,4,16,16,0.13333333333333333,0.5,9,0.03213483489973082,0.03299825994212811
50,4,16,16,0.13333333333333333,0.5,11,0.026287307889427968,0.026993267729604337
50,4,16,16,0.13333333333333333,0.5,13,0.02224051201162893,0.022837559149945143
50,4,16,16,0.13333333333333333,0.5,15,0.019273567043738293,0.019790804604360026
50,4,16,16,0.13333333333333333,0.5,17,0.01700510042315273,0.017461344082392763
50,4,16,16,0.13333333333333333,0.5,19,0.015214421004179699,0.015622535528642921
50,4,16,16,0.13333333333333333,1.0,1,0.9718528763762231,0.9931454789424161
50,4,16,16,0.13333333333333333,1.0,3,0.3036139465223433,0.3113915556050883
50,4,16,16,0.13333333333333333,1.0,5,0.18104243188884167,0.18585001886795907
50,4,16,16,0.13333333333333333,1.0,7,0.12907658747505146,0.1325369777682424
50,4,16,16,0.13333333333333333,1.0,9,0.10031050972259765,0.10300948700778124
50,4,16,16,0.13333333333333333,1.0,11,0.0820357180128266,0.08424669562576188
50,4,16,16,0.13333333333333333,1.0,13,0.06939589929244958,0.07126784625031382
50,4,16,16,0.13333333333333333,1.0,15,0.0601321790199806,0.06175502852942118
50,4,16,16,0.13333333333333333,1.0,17,0.053050982487077576,0.054483133397500376
50,4,16,16,0.13333333333333333,1.0,19,0.04746215289226792,0.0487436497801678
51,4,16,16,0.13333333333333333,0.1,1,0.011415815991824377,0.011415815991824384
51,4,16,16,0.13333333333333333,0.1,3,0.003796686559811149,0.0037966865598117756
51,4,16,16,0.13333333333333333,0.1,5,0.0022771618824802818,0.002277161882482906
51,4,16,16,0.13333333333333333,0.1,7,0.001626297008478141,0.0016262970084787015
51,4,16,16,0.13333333333333333,0.1,9,0.0012647934845872852,0.0012647934845927246
51,4,16,16,0.13333333333333333,0.1,11,0.0010347775835928964,0.0010347775835928923
51,4,16,16,0.13333333333333333,0.1,13,0.0008755500292151579,0.0008755500292172492
51,4,16,16,0.13333333333333333,0.1,15,0.0007587904596858431,0.0007587904596893479
51,4,16,16,0.13333333333333333,0.1,17,0.0006695078618921944,0.0006695078619000086
51,4,16,16,0.13333333333333333,0.1,19,0.0005990241123003056,0.0005990241123034623
51,4,16,16,0.13333333333333333,0.5,1,0.2698894240395144,0.26988942403951466
51,4,16,16,0.13333333333333333,0.5,3,0.08803386570754668,0.08803386570754702
51,4,16,16,0.13333333333333333,0.5,5,0.05268089761642496,0.05268089761642489
51,4,16,16,0.13333333333333333,0.5,7,0.03759249929265461,0.03759249929265699
51,4,16,16,0.13333333333333333,0.5,9,0.02922393412457559,0.029223934124576297
51,4,16,16,0.13333333333333333,0.5,11,0.023903209609212363,0.023903209609214097
51,4,16,16,0.13333333333333333,0.5,13,0.02022166523677717,0.020221665236781195
51,4,16,16,0.13333333333333333,0.5,15,0.017522882151717146,0.017522882151719963
51,4,16,16,0.13333333333333333,0.5,17,0.01545966986455002,0.015459669864550048
51,4,16,16,0.13333333333333333,0.5,19,0.013831154802199297,0.013831154802199246
51,4,16,16,0.13333333333333333,1.0,1,0.8988496713794475,0.8988496713794476
51,4,16,16,0.13333333333333333,1.0,3,0.2868616514371278,0.2868616514371278
51,4,16,16,0.13333333333333333,1.0,5,0.17100822344464606,0.17100822344464625
51,4,16,16,0.13333333333333333,1.0,7,0.12186187747009393,0.12186187747009579
51,4,16,16,0.13333333333333333,1.0,9,0.09466894913933724,0.09466894913933806
51,4,16,16,0.13333333333333333,1.0,11,0.07740140940906735,0.07740140940906926
51,4,16,16,0.13333333333333333,1.0,13,0.06546267711685466,0.06546267711685762
51,4,16,16,0.13333333333333333,1.0,15,0.056715365407145876,0.05671536540714604
51,4,16,16,0.13333333333333333,1.0,17,0.05003050154726302,0.050030501547262546
51,4,16,16,0.13333333333333333,1.0,19,0.044755502791957356,0.044755502791957495
52,4,16,17,0.14166666666666666,0.1,1,0.014379567260597444,0.014828727138888343
52,4,16,17,0.14166666666666666,0.1,3,0.004784509987011518,0.004930330306146229
52,4,16,17,0.14166666666666666,0.1,5,0.0028699440369143203,0.002956963842234574
52,4,16,17,0.14166666666666666,0.1,7,0.0020497473115786823,0.0021117592459496464
52,4,16,17,0.14166666666666666,0.1,9,0.001594160145393406,0.0016423288659110074
52,4,16,17,0.14166666666666666,0.1,11,0.0013042684153234884,0.0013436464661771039
52,4,16,17,0.14166666666666666,0.1,13,0.0011035861961714059,0.001136886905451675
52,4,16,17,0.14166666666666666,0.1,15,0.0009564253578968256,0.0009852737771086633
52,4,16,17,0.14166666666666666,0.1,17,0.0008438940343397659,0.0008693402902365764
52,4,16,17,0.14166666666666666,0.1,19,0.0007550555906864365,0.0007778174771661483
52,4,16,17,0.14166666666666666,0.5,1,0.333418392116487,0.3450668057982109
52,4,16,17,0.14166666666666666,0.5,3,0.10841497752063083,0.11188226636119983
52,4,16,17,0.14166666666666666,0.5,5,0.0648658122160256,0.06690420137013618
52,4,16,17,0.14166666666666666,0.5,7,0.046287567990616174,0.04773053808164834
52,4,16,17,0.14166666666666666,0.5,9,0.035984161441041725,0.03710077780613646
52,4,16,17,0.14166666666666666,0.5,11,0.029433272890234383,0.030343878848166327
52,4,16,17,0.14166666666666666,0.5,13,0.02490047145308207,0.025669222570604788
52,4,16,17,0.14166666666666666,0.5,15,0.021577601040347418,0.022242727380152597
52,4,16,17,0.14166666666666666,0.5,17,0.019037225728199613,0.019623340446551053
52,4,16,17,0.14166666666666666,0.5,19,0.01703204484702501,0.0175559239210343
52,4,16,17,0.14166666666666666,1.0,1,1.0471291298642422,1.0778689976048272
52,4,16,17,0.14166666666666666,1.0,3,0.3262448265568037,0.33201062279273946
52,4,16,17,0.14166666666666666,1.0,5,0.19390378062894237,0.19744735168186167
52,4,16,17,0.14166666666666666,1.0,7,0.1380303530129152,0.14059927548514006
52,4,16,17,0.14166666666666666,1.0,9,0.10717297919087548,0.10918785421868217
52,4,16,17,0.14166666666666666,1.0,11,0.08759757669066173,0.08925475140313942
52,4,16,17,0.14166666666666666,1.0,13,0.07407116884106417,0.07547834994136071
52,4,16,17,0.14166666666666666,1.0,15,0.0641644777634621,0.06538711989909379
52,4,16,17,0.14166666666666666,1.0,17,0.056595699227246235,0.0576765439857278
52,4,16,17,0.14166666666666666,1.0,19,0.05062444236915709,0.05159293325868486
53,4,16,17,0.14166666666666666,0.1,1,0.013002501433196506,0.013092583467323306
53,4,16,17,0.14166666666666666,0.1,3,0.0043281543105001125,0.00435884793441667
53,4,16,17,0.14166666666666666,0.1,5,0.002596472536201821,0.0026149654849154927
53,4,16,17,0.14166666666666666,0.1,7,0.0018545165154888734,0.0018677491463613921
53,4,16,17,0.14166666666666666,0.1,9,0.0014423600225929008,0.0014526621526250337
53,4,16,17,0.14166666666666666,0.1,11,0.0011800923675292178,0.0011885266280225247
53,4,16,17,0.14166666666666666,0.1,13,0.0009985282743045073,0.001005668026921984
53,4,16,17,0.14166666666666666,0.1,15,0.0008653841448095754,0.0008715738811953022
53,4,16,17,0.14166666666666666,0.1,17,0.000763569621690877,0.0007690324696862814
53,4,16,17,0.14166666666666666,0.1,19,0.0006831906701431203,0.0006880794108118437
53,4,16,17,0.14166666666666666,0.5,1,0.3025414022166062,0.3027286305541809
53,4,16,17,0.14166666666666666,0.5,3,0.09842134654216841,0.09854123859773282
53,4,16,17,0.14166666666666666,0.5,5,0.05893068986383837,0.05900054460490204
53,4,16,17,0.14166666666666666,0.5,7,0.04206740547425182,0.042116755269676606
53,4,16,17,0.14166666666666666,0.5,9,0.03271015606403008,0.032748349184396244
53,4,16,17,0.14166666666666666,0.5,11,0.02675888915679212,0.026790056801435414
53,4,16,17,0.14166666666666666,0.5,13,0.022640077864778358,0.022666410490634448
53,4,16,17,0.14166666666666666,0.5,15,0.019620210855720212,0.019643010706320862
53,4,16,17,0.14166666666666666,0.5,17,0.017311207550470206,0.01733131231017158
53,4,16,17,0.14166666666666666,0.5,19,0.015488482864893745,0.015506463411663904
53,4,16,17,0.14166666666666666,1.0,1,0.9692083670220533,0.9593552225042304
53,4,16,17,0.14166666666666666,1.0,3,0.30473001137345496,0.30269521444819397
53,4,16,17,0.14166666666666666,1.0,5,0.1819406359097196,0.1807382637840956
53,4,16,17,0.14166666666666666,1.0,7,0.12975931357069123,0.1289159307693762
53,4,16,17,0.14166666666666666,1.0,9,0.10085437836917563,0.10020586932042555
53,4,16,17,0.14166666666666666,1.0,11,0.08248604067112551,0.08195938820052469
53,4,16,17,0.14166666666666666,1.0,13,0.06977958000201182,0.06933624816700416
53,4,16,17,0.14166666666666666,1.0,15,0.060466169002572345,0.06008339000846809
53,4,16,17,0.14166666666666666,1.0,17,0.05334656705510923,0.05300978055295734
53,4,16,17,0.14166666666666666,1.0,19,0.04772719585029395,0.04742652947058763
54,4,16,17,0.14166666666666666,0.1,1,0.012611067780921305,0.012624630170879638
54,4,16,17,0.14166666666666666,0.1,3,0.004201757294486994,0.004203310477822792
54,4,16,17,0.14166666666666666,0.1,5,0.0025209581098641176,0.00252174788308536
54,4,16,17,0.14166666666666666,0.1,7,0.0018006649558012268,0.0018012015099924767
54,4,16,17,0.14166666666666666,0.1,9,0.001400510838650371,0.001400919465354364
54,4,16,17,0.14166666666666666,0.1,11,0.001145869819648522,0.0011462006041848248
54,4,16,17,0.14166666666666666,0.1,13,0.0009695808221100645,0.0009698590169608701
54,4,16,17,0.14166666666666666,0.1,15,0.0008403026400978828,0.0008405428322159678
54,4,16,17,0.14166666666666666,0.1,17,0.000741443061786686,0.0007416544676683958
54,4,16,17,0.14166666666666666,0.1,19,0.0006633961398090266,0.0006635849661930479
54,4,16,17,0.14166666666666666,0.5,1,0.29598723351213146,0.30237642464259007
54,4,16,17,0.14166666666666666,0.5,3,0.0975252060368465,0.09844860450147584
54,4,16,17,0.14166666666666666,0.5,5,0.05844638138561757,0.05891710129626759
54,4,16,17,0.14166666666666666,0.5,7,0.041732371636540325,0.04205233582274946
54,4,16,17,0.14166666666666666,0.5,9,0.03245325769242644,0.03269720178002543
54,4,16,17,0.14166666666666666,0.5,11,0.026550314241528396,0.026748015542315977
54,4,16,17,0.14166666666666666,0.5,13,0.022464422376280005,0.0226308651607851
54,4,16,17,0.14166666666666666,0.5,15,0.01946845303564642,0.0196122879136312
54,4,16,17,0.14166666666666666,0.5,17,0.01717759981323081,0.017304293505631663
54,4,16,17,0.14166666666666666,0.5,19,0.015369134409860947,0.015482370441485057
54,4,16,17,0.14166666666666666,1.0,1,0.9723394444396855,1.0264180537084
54,4,16,17,0.14166666666666666,1.0,3,0.3094719178909664,0.325203611932678
54,4,16,17,0.14166666666666666,1.0,5,0.18437037474764054,0.1927547957051581
54,4,16,17,0.14166666666666666,1.0,7,0.131381099258315,0.1369617993937865
54,4,16,17,0.14166666666666666,1.0,9,0.10207026356060779,0.10621603834445198
54,4,16,17,0.14166666666666666,1.0,11,0.08345836732186378,0.08674320739112389
54,4,16,17,0.14166666666666666,1.0,13,0.07058962505117837,0.07330408675926889
54,4,16,17,0.14166666666666666,1.0,15,0.061160361880335405,0.0634705535435302
54,4,16,17,0.14166666666666666,1.0,17,0.053953908599366454,0.05596322831250421
54,4,16,17,0.14166666666666666,1.0,19,0.04826700868568138,0.05004399429648893
55,4,16,17,0.14166666666666666,0.1,1,0.015317182771437928,0.013883619083292036
55,4,16,17,0.14166666666666666,0.1,3,0.0051039742883704125,0.004625782552859214
55,4,16,17,0.14166666666666666,0.1,5,0.003062300248154284,0.002775368771767062
55,4,16,17,0.14166666666666666,0.1,7,0.0021873407224790326,0.0019823864289164276
55,4,16,17,0.14166666666666666,0.1,9,0.0017012596936157708,0.0015418497614506184
55,4,16,17,0.14166666666666666,0.1,11,0.0013919375489232263,0.00126151081114365
55,4,16,17,0.14166666666666666,0.1,13,0.001177792239759619,0.0010674309448398098
55,4,16,17,0.14166666666666666,0.1,15,0.0010207526921661078,0.0009251061228564123
55,4,16,17,0.14166666666666666,0.1,17,0.0009006637967729522,0.0008162696979721563
55,4,16,17,0.14166666666666666,0.1,19,0.0008058568659011896,0.0007303463143727031
55,4,16,17,0.14166666666666666,0.5,1,0.35434338047603964,0.3222878182749583
55,4,16,17,0.14166666666666666,0.5,3,0.1171286470517696,0.10620812678661909
55,4,16,17,0.14166666666666666,0.5,5,0.07022713591260238,0.06365977876358635
55,4,16,17,0.14166666666666666,0.5,7,0.050152341860418025,0.04545833191843785
55,4,16,17,0.14166666666666666,0.5,9,0.03900420422429062,0.03535232647036819
55,4,16,17,0.14166666666666666,0.5,11,0.03191121583626501,0.028922908055809448
55,4,16,17,0.14166666666666666,0.5,13,0.02700115788666843,0.024472390928204545
55,4,16,17,0.14166666666666666,0.5,15,0.023400655359396887,0.02120894908934056
55,4,16,17,0.14166666666666666,0.5,17,0.02064743175931461,0.018713509412051896
55,4,16,17,0.14166666666666666,0.5,19,0.018473889065485954,0.016743497399526734
55,4,16,17,0.14166666666666666,1.0,1,1.1079748630005706,1.0289412380690715
55,4,16,17,0.14166666666666666,1.0,3,0.3578911814893414,0.3273979218667389
55,4,16,17,0.14166666666666666,1.0,5,0.2139935773565684,0.1952850677119683
55,4,16,17,0.14166666666666666,1.0,7,0.15270393257933537,0.13925364137739563
55,4,16,17,0.14166666666666666,1.0,9,0.1187218929020025,0.10823204696819674
55,4,16,17,0.14166666666666666,1.0,11,0.09711623658145728,0.08852170709163136
55,4,16,17,0.14166666666666666,1.0,13,0.08216560102248371,0.074887469932651
55,4,16,17,0.14166666666666666,1.0,15,0.07120492224967309,0.06489402439609733
55,4,16,17,0.14166666666666666,1.0,17,0.06282476620338552,0.057254445233338405
55,4,16,17,0.14166666666666666,1.0,19,0.05620968344709911,0.05122452983327721
56,4,16,17,0.14166666666666666,0.1,1,0.014842775860076698,0.013208129239549228
56,4,16,17,0.14166666666666666,0.1,3,0.0049383001931613685,0.004393328667026992
56,4,16,17,0.14166666666666666,0.1,5,0.0029621301135661885,0.002635215177669656
56,4,16,17,0.14166666666666666,0.1,7,0.0021155659404892787,0.0018820821893752908
56,4,16,17,0.14166666666666666,0.1,9,0.0016453397119199284,0.001463754123048797
56,4,16,17,0.14166666666666666,0.1,11,0.0013461358806699738,0.0011975729464128238
56,4,16,17,0.14166666666666666,0.1,13,0.0011390085286762637,0.001013305734629936
56,4,16,17,0.14166666666666666,0.1,15,0.0009871221600640506,0.0008781825415342593
56,4,16,17,0.14166666666666666,0.1,17,0.0008709777152270922,0.0007748564477499751
56,4,16,17,0.14166666666666666,0.1,19,0.000779287128057972,0.0006932852674374589
56,4,16,17,0.14166666666666666,0.5,1,0.34412352056184214,0.3102883508261868
56,4,16,17,0.14166666666666666,0.5,3,0.11215968148186785,0.10031921987219428
56,4,16,17,0.14166666666666666,0.5,5,0.06715783401918571,0.06000787735241248
56,4,16,17,0.14166666666666666,0.5,7,0.04793898918139786,0.042819678960020036
56,4,16,17,0.14166666666666666,0.5,9,0.03727476266827177,0.03328819826032463
56,4,16,17,0.14166666666666666,0.5,11,0.030492414329474138,0.02722826493789437
56,4,16,17,0.14166666666666666,0.5,13,0.025798531216111052,0.02303519383530997
56,4,16,17,0.14166666666666666,0.5,15,0.02235709884549569,0.01996136196880505
56,4,16,17,0.14166666666666666,0.5,17,0.019725810880737268,0.01761136733671283
56,4,16,17,0.14166666666666666,0.5,19,0.017648705810479472,0.01575644757981096
56,4,16,17,0.14166666666666666,1.0,1,1.0759413681472447,1.010092471878807
56,4,16,17,0.14166666666666666,1.0,3,0.3438497752216692,0.3103908512908451
56,4,16,17,0.14166666666666666,1.0,5,0.20490897960547544,0.18513506045867367
56,4,16,17,0.14166666666666666,1.0,7,0.14602508628446015,0.13203503311863354
56,4,16,17,0.14166666666666666,1.0,9,0.11344870279249278,0.10262983135162777
56,4,16,17,0.14166666666666666,1.0,11,0.09276212875979237,0.08394350647738848
56,4,16,17,0.14166666666666666,1.0,13,0.07845861055429636,0.07101630623972441
56,4,16,17,0.14166666666666666,1.0,15,0.06797797594891822,0.061540480779122275
56,4,16,17,0.14166666666666666,1.0,17,0.05996798686585521,0.05429628752093807
56,4,16,17,0.14166666666666666,1.0,19,0.053646993971263005,0.04857827904785037
57,4,16,17,0.14166666666666666,0.1,1,0.015974931685275463,0.014668280604920245
57,4,16,17,0.14166666666666666,0.1,3,0.005324282749621717,0.00488138393575118
57,4,16,17,0.14166666666666666,0.1,5,0.0031945340747733075,0.0029281986007676547
57,4,16,17,0.14166666666666666,0.1,7,0.0022818025412104414,0.002091401232846658
57,4,16,17,0.14166666666666666,0.1,9,0.001774732740594768,0.0016265771681471467
57,4,16,17,0.14166666666666666,0.1,11,0.0014520529280976579,0.001330801819781555
57,4,16,17,0.14166666666666666,0.1,13,0.0012286595855901616,0.0011260437060028649
57,4,16,17,0.14166666666666666,0.1,15,0.0010648379716989948,0.0009758924904461347
57,4,16,17,0.14166666666666666,0.1,17,0.0009395627075213499,0.0008610736050325986
57,4,16,17,0.14166666666666666,0.1,19,0.0008406612322794195,0.0007704286952667401
57,4,16,17,0.14166666666666666,0.5,1,0.3634612550037422,0.34009423662377436
57,4,16,17,0.14166666666666666,0.5,3,0.12090988589220801,0.11039757608686056
57,4,16,17,0.14166666666666666,0.5,5,0.0725325172153056,0.06607520494985752
57,4,16,17,0.14166666666666666,0.5,7,0.05180573224566856,0.047160626782569076
57,4,16,17,0.14166666666666666,0.5,9,0.04029214003190586,0.036667779872588166
57,4,16,17,0.14166666666666666,0.5,11,0.03296572247975587,0.029995152639887564
57,4,16,17,0.14166666666666666,0.5,13,0.027893757834201695,0.02537747110624341
57,4,16,17,0.14166666666666666,0.5,15,0.024174399475034077,0.021992023308640515
57,4,16,17,0.14166666666666666,0.5,17,0.021330228678283526,0.019403596960411926
57,4,16,17,0.14166666666666666,0.5,19,0.019084856657763435,0.01736035624435045
57,4,16,17,0.14166666666666666,1.0,1,1.0877943145704734,1.063267748361741
57,4,16,17,0.14166666666666666,1.0,3,0.36386061093946,0.3234644034862542
57,4,16,17,0.14166666666666666,1.0,5,0.21836482782403535,0.19239642440936403
57,4,16,17,0.14166666666666666,1.0,7,0.1559742313134057,0.13709783870591805
57,4,16,17,0.14166666666666666,1.0,9,0.1213095834432756,0.10652534097251748
57,4,16,17,0.14166666666666666,1.0,11,0.09925028003205527,0.08711268206073058
57,4,16,17,0.14166666666666666,1.0,13,0.08397881219586614,0.07368895890207355
57,4,16,17,0.14166666666666666,1.0,15,0.07278004751976484,0.06385184929733657
57,4,16,17,0.14166666666666666,1.0,17,0.06421651701544091,0.056332798860758496
57,4,16,17,0.14166666666666666,1.0,19,0.057456001016111445,0.05039857114004244
58,4,16,17,0.14166666666666666,0.1,1,0.020330131908284317,0.011424109437460068
58,4,16,17,0.14166666666666666,0.1,3,0.006769291956118342,0.003780403653285848
58,4,16,17,0.14166666666666666,0.1,5,0.00406088283662831,0.0022656964119633204
58,4,16,17,0.14166666666666666,0.1,7,0.002900432904005287,0.0016176306389283457
58,4,16,17,0.14166666666666666,0.1,9,0.002255809701450457,0.0012578554834342087
58,4,16,17,0.14166666666666666,0.1,11,0.0018456203698101314,0.0010290007964429836
58,4,16,17,0.14166666666666666,0.1,13,0.0015616544402429393,0.0008706042534124876
58,4,16,17,0.14166666666666666,0.1,15,0.0013534185336739075,0.000754467881600159
58,4,16,17,0.14166666666666666,0.1,17,0.001194182566644227,0.0006656695962687678
58,4,16,17,0.14166666666666666,0.1,19,0.0010684719348994785,0.000595572885643585
58,4,16,17,0.14166666666666666,0.5,1,0.4541302176592461,0.272296383179312
58,4,16,17,0.14166666666666666,0.5,3,0.14957833563997727,0.0834116362833283
58,4,16,17,0.14166666666666666,0.5,5,0.08963606638883617,0.04964101411558011
58,4,16,17,0.14166666666666666,0.5,7,0.06399790660154729,0.0353624068812797
58,4,16,17,0.14166666666666666,0.5,9,0.049765302276265674,0.02746841079258348
58,4,16,17,0.14166666666666666,0.5,11,0.04071177457593035,0.0224572349006173
58,4,16,17,0.14166666666666666,0.5,13,0.03444546181733446,0.018992996681074688
58,4,16,17,0.14166666666666666,0.5,15,0.029850911825588716,0.016454982586063642
58,4,16,17,0.14166666666666666,0.5,17,0.02633784142366048,0.014515455604127253
58,4,16,17,0.14166666666666666,0.5,19,0.0235646073598837,0.01298501428734099
58,4,16,17,0.14166666666666666,1.0,1,1.277354839441181,0.888838983938755
58,4,16,17,0.14166666666666666,1.0,3,0.422523805724725,0.2607309468714927
58,4,16,17,0.14166666666666666,1.0,5,0.2536846910453348,0.15548727783783345
58,4,16,17,0.14166666666666666,1.0,7,0.18124039247690465,0.11076416200590226
58,4,16,17,0.14166666666666666,1.0,9,0.14097621413935968,0.08601892523795641
58,4,16,17,0.14166666666666666,1.0,11,0.11534858947353699,0.07031026211467033
58,4,16,17,0.14166666666666666,1.0,13,0.09760460427536603,0.05945271292828705
58,4,16,17,0.14166666666666666,1.0,15,0.08459160201940717,0.051499782039237475
58,4,16,17,0.14166666666666666,1.0,17,0.07464013441119215,0.04542345422254087
58,4,16,17,0.14166666666666666,1.0,19,0.06678353659955832,0.040629627555590735
59,4,16,17,0.14166666666666666,0.1,1,0.014131796500080444,0.013810455912202129
59,4,16,17,0.14166666666666666,0.1,3,0.004706158697499379,0.004596251540019368
59,4,16,17,0.14166666666666666,0.1,5,0.0028234042149237306,0.0027572312334789013
59,4,16,17,0.14166666666666666,0.1,7,0.0020166458123916857,0.001969317086303715
59,4,16,17,0.14166666666666666,0.1,9,0.0015684749594346054,0.0015316383510752157
59,4,16,17,0.14166666666666666,0.1,11,0.0012832845397115007,0.001253132753908354
59,4,16,17,0.14166666666666666,0.1,13,0.0010858488595875153,0.0010603285265768877
59,4,16,17,0.14166666666666666,0.1,15,0.0009410645665017081,0.0009189423970739712
59,4,16,17,0.14166666666666666,0.1,17,0.0008303481833235357,0.0008108255947679938
59,4,16,17,0.14166666666666666,0.1,19,0.0007429411113434489,0.0007254714162072393
59,4,16,17,0.14166666666666666,0.5,1,0.3277063308099047,0.3260332287692684
59,4,16,17,0.14166666666666666,0.5,3,0.1073167213175129,0.10576042626509032
59,4,16,17,0.14166666666666666,0.5,5,0.06429538624602875,0.06329758910459488
59,4,16,17,0.14166666666666666,0.5,7,0.045905491915863135,0.045177355179010684
59,4,16,17,0.14166666666666666,0.5,9,0.03569755851355409,0.035125396155150736
59,4,16,17,0.14166666666666666,0.5,11,0.029204154697050094,0.028733235607938775
59,4,16,17,0.14166666666666666,0.5,13,0.02470970053979842,0.024309694783566912
59,4,16,17,0.14166666666666666,0.5,15,0.02141421224945346,0.021066607864459793
59,4,16,17,0.14166666666666666,0.5,17,0.018894360368574514,0.018587043048964236
59,4,16,17,0.14166666666666666,0.5,19,0.016905130549003042,0.016629745164477506
59,4,16,17,0.14166666666666666,1.0,1,1.0346194500577757,1.075698691261296
59,4,16,17,0.14166666666666666,1.0,3,0.3302489289103158,0.33231060046519945
59,4,16,17,0.14166666666666666,1.0,5,0.19724994679129346,0.19799512123197852
59,4,16,17,0.14166666666666666,1.0,7,0.14067825827693672,0.14112920795769657
59,4,16,17,0.14166666666666666,1.0,9,0.10933673246965589,0.1096644666961409
59,4,16,17,0.14166666666666666,1.0,11,0.08941994682981182,0.08967950368899502
59,4,16,17,0.14166666666666666,1.0,13,0.07564275981181538,0.07585858530378052
59,4,16,17,0.14166666666666666,1.0,15,0.06554491962426225,0.06573008568127918
59,4,16,17,0.14166666666666666,1.0,17,0.05782594232046917,0.057988313303047566
59,4,16,17,0.14166666666666666,1.0,19,0.05173369447122042,0.05187839829940585
60,4,16,17,0.14166666666666666,0.1,1,0.013927593806949256,0.013708055106912845
60,4,16,17,0.14166666666666666,0.1,3,0.004636540114088982,0.004561992320487813
60,4,16,17,0.14166666666666666,0.1,5,0.002781572814718849,0.0027366589788885756
60,4,16,17,0.14166666666666666,0.1,7,0.001986756957292873,0.0019546174064672735
60,4,16,17,0.14166666666666666,0.1,9,0.00154522590589368,0.001520202997139582
60,4,16,17,0.14166666666666666,0.1,11,0.001264262020036015,0.0012437753684359245
60,4,16,17,0.14166666666666666,0.1,13,0.001069752765613476,0.0010524100417262016
60,4,16,17,0.14166666666666666,0.1,15,0.0009271146422221664,0.0009120792662794848
60,4,16,17,0.14166666666666666,0.1,17,0.000818039491752986,0.000804769591168936
60,4,16,17,0.14166666666666666,0.1,19,0.0007319281444066381,0.0007200526745603496
60,4,16,17,0.14166666666666666,0.5,1,0.32281601485536704,0.31822962793118553
60,4,16,17,0.14166666666666666,0.5,3,0.10462621534436584,0.10324995130809671
60,4,16,17,0.14166666666666666,0.5,5,0.06263090017727291,0.06181050002039919
60,4,16,17,0.14166666666666666,0.5,7,0.044707154186908876,0.04412129294572479
60,4,16,17,0.14166666666666666,0.5,9,0.034762644225066065,0.034306709771248445
60,4,16,17,0.14166666666666666,0.5,11,0.028438091947824023,0.0280648151949074
60,4,16,17,0.14166666666666666,0.5,13,0.024060969921282295,0.023744940224182578
60,4,16,17,0.14166666666666666,0.5,15,0.02085170925023142,0.02057768420997003
60,4,16,17,0.14166666666666666,0.5,17,0.018397883884675777,0.01815599838009974
60,4,16,17,0.14166666666666666,0.5,19,0.016460825949424898,0.016244327283576117
60,4,16,17,0.14166666666666666,1.0,1,1.018486057039751,1.0079211865441728
60,4,16,17,0.14166666666666666,1.0,3,0.31022758715909815,0.3125043796870726
60,4,16,17,0.14166666666666666,1.0,5,0.18482152829134302,0.18615776577581128
60,4,16,17,0.14166666666666666,1.0,7,0.1317379249889857,0.13266627292449015
60,4,16,17,0.14166666666666666,1.0,9,0.1023673880322956,0.10307549198881955
60,4,16,17,0.14166666666666666,1.0,11,0.08371283509070053,0.08428420967878426
60,4,16,17,0.14166666666666666,1.0,13,0.07081200596197225,0.07129053900618756
60,4,16,17,0.14166666666666666,1.0,15,0.061357751213282914,0.06176922865514822
60,4,16,17,0.14166666666666666,1.0,17,0.054131302104451905,0.05449212139182442
60,4,16,17,0.14166666666666666,1.0,19,0.048428052334330236,0.048749272289883246
61,4,16,17,0.14166666666666666,0.1,1,0.014574273557289897,0.01271543920349129
61,4,16,17,0.14166666666666666,0.1,3,0.004850724786659369,0.004224733676111129
61,4,16,17,0.14166666666666666,0.1,5,0.002909828629991845,0.002533422469384048
61,4,16,17,0.14166666666666666,0.1,7,0.0020782837416236234,0.0018091702169444241
61,4,16,17,0.14166666666666666,0.1,9,0.0016163755922172871,0.0014069554617409988
61,4,16,17,0.14166666666666666,0.1,11,0.0013224553192125927,0.001151054281755479
61,4,16,17,0.14166666666666666,0.1,13,0.0011189813351136727,0.000973916038310975
61,4,16,17,0.14166666666666666,0.1,15,0.0009697717620892741,0.0008440270793644397
61,4,16,17,0.14166666666666666,0.1,17,0.000855672937391177,0.0007447072702955564
61,4,16,17,0.14166666666666666,0.1,19,0.0007655964902120115,0.000666301183033664
61,4,16,17,0.14166666666666666,0.5,1,0.33901101593400285,0.30126857914399674
61,4,16,17,0.14166666666666666,0.5,3,0.11053479298870147,0.09750096210086039
61,4,16,17,0.14166666666666666,0.5,5,0.0661675068557425,0.058281470219512355
61,4,16,17,0.14166666666666666,0.5,7,0.04722555038853493,0.04157113698740874
61,4,16,17,0.14166666666666666,0.5,9,0.036717031212435566,0.03230952955945893
61,4,16,17,0.14166666666666666,0.5,11,0.03003455708226531,0.02642330440660204
61,4,16,17,0.14166666666666666,0.5,13,0.02541019738181492,0.02235148423409883
61,4,16,17,0.14166666666666666,0.5,15,0.022019952788162333,0.019367118230310995
61,4,16,17,0.14166666666666666,0.5,17,0.019427927283739675,0.017085865476507683
61,4,16,17,0.14166666666666666,0.5,19,0.017381892702625974,0.015285422031311523
61,4,16,17,0.14166666666666666,1.0,1,1.0771021848747835,0.9930330689968971
61,4,16,17,0.14166666666666666,1.0,3,0.3409122069241653,0.3117255769334922
61,4,16,17,0.14166666666666666,1.0,5,0.20344588037936778,0.18603895801997797
61,4,16,17,0.14166666666666666,1.0,7,0.14504900908503268,0.13264685594879566
61,4,16,17,0.14166666666666666,1.0,9,0.11271289582935763,0.10307884347428965
61,4,16,17,0.14166666666666666,1.0,11,0.09217010178115922,0.08429331108687031
61,4,16,17,0.14166666666666666,1.0,13,0.07796264481388576,0.07130064856156171
61,4,16,17,0.14166666666666666,1.0,15,0.06755089850367962,0.06177890711905212
61,4,16,17,0.14166666666666666,1.0,17,0.059592807821740396,0.0545009630630053
61,4,16,17,0.14166666666666666,1.0,19,0.05331236047092938,0.04875721976263501
62,4,16,17,0.14166666666666666,0.1,1,0.01604979822971811,0.014273630830270386
62,4,16,17,0.14166666666666666,0.1,3,0.005338679312051525,0.004753615602262144
62,4,16,17,0.14166666666666666,0.1,5,0.003202079576944976,0.0028519632757037644
62,4,16,17,0.14166666666666666,0.1,7,0.0022868703260105453,0.002037075731419484
62,4,16,17,0.14166666666666666,0.1,9,0.00177853780411525,0.0015843790424306299
62,4,16,17,0.14166666666666666,0.1,11,0.0014550958360837426,0.0012963046192971408
62,4,16,17,0.14166666666666666,0.1,13,0.0012311934534431337,0.0010968704393442981
62,4,16,17,0.14166666666666666,0.1,15,0.0010670081295260482,0.0009506195682825112
62,4,16,17,0.14166666666666666,0.1,17,0.0009414601704719133,0.0008387810933269222
62,4,16,17,0.14166666666666666,0.1,19,0.0008423467208472226,0.0007504877913659464
62,4,16,17,0.14166666666666666,0.5,1,0.369824659320289,0.3268657771143357
62,4,16,17,0.14166666666666666,0.5,3,0.12080470682259827,0.10665123846796387
62,4,16,17,0.14166666666666666,0.5,5,0.07231564239292992,0.063897240670143
62,4,16,17,0.14166666666666666,0.5,7,0.051609392466074204,0.04562244683934011
62,4,16,17,0.14166666666666666,0.5,9,0.040122594060996136,0.03547817685642387
62,4,16,17,0.14166666666666666,0.5,11,0.032818551678642935,0.029025113779065824
62,4,16,17,0.14166666666666666,0.5,13,0.027764397621598418,0.024558491132766577
62,4,16,17,0.14166666666666666,0.5,15,0.02405927034737586,0.02128335599295394
62,4,16,17,0.14166666666666666,0.5,17,0.021226635272842482,0.018779033335400968
62,4,16,17,0.14166666666666666,0.5,19,0.018990763405845178,0.01680204081162327
62,4,16,17,0.14166666666666666,1.0,1,1.1324281587897855,1.0087533315710147
62,4,16,17,0.14166666666666666,1.0,3,0.3664878517488416,0.3169682732939383
62,4,16,17,0.14166666666666666,1.0,5,0.2197268640884241,0.18966170176076966
62,4,16,17,0.14166666666666666,1.0,7,0.15688492124736844,0.13536842732527768
62,4,16,17,0.14166666666666666,1.0,9,0.1219900525170788,0.10525160996607077
62,4,16,17,0.14166666666666666,1.0,11,0.09979206568301331,0.08609974600559099
62,4,16,17,0.14166666666666666,1.0,13,0.08442827201272655,0.07284586074125285
62,4,16,17,0.14166666666666666,1.0,15,0.0731637734255989,0.06312865061124236
62,4,16,17,0.14166666666666666,1.0,17,0.06455112713812051,0.0556990183278345
62,4,16,17,0.14166666666666666,1.0,19,0.057752553081513044,0.04983417376074462
63,4,16,17,0.14166666666666666,0.1,1,0.01384489638312834,0.013874509498098937
63,4,16,17,0.14166666666666666,0.1,3,0.0046122795159981595,0.004621218427309781
63,4,16,17,0.14166666666666666,0.1,5,0.0027672390616243878,0.002772557547670993
63,4,16,17,0.14166666666666666,0.1,7,0.0019765740178233817,0.0019803641059771893
63,4,16,17,0.14166666666666666,0.1,9,0.0015373272460317618,0.0015402722657744206
63,4,16,17,0.14166666666666666,0.1,11,0.0012578098461930379,0.0012602182370884001
63,4,16,17,0.14166666666666666,0.1,13,0.0010642990063016047,0.0010663363057704617
63,4,16,17,0.14166666666666666,0.1,15,0.000922391584304146,0.0009241569340361601
63,4,16,17,0.14166666666666666,0.1,17,0.0008138744037901098,0.0008154318826277723
63,4,16,17,0.14166666666666666,0.1,19,0.0007282030854681102,0.000729596504549966
63,4,16,17,0.14166666666666666,0.5,1,0.3214018121341729,0.3212629396090863
63,4,16,17,0.14166666666666666,0.5,3,0.10569153949810121,0.10504843986753053
63,4,16,17,0.14166666666666666,0.5,5,0.06334895169082273,0.06293266931534375
63,4,16,17,0.14166666666666666,0.5,7,0.0452363117069184,0.04493296236603603
63,4,16,17,0.14166666666666666,0.5,9,0.035179660445926624,0.0349417985306735
63,4,16,17,0.14166666666666666,0.5,11,0.028781645653407573,0.028586234426930313
63,4,16,17,0.14166666666666666,0.5,13,0.024352866750396374,0.02418713088203029
63,4,16,17,0.14166666666666666,0.5,15,0.021105364736338603,0.020961516035583584
63,4,16,17,0.14166666666666666,0.5,17,0.01862211347581846,0.018495063749372317
63,4,16,17,0.14166666666666666,0.5,19,0.01666172339763724,0.016547969276897657
63,4,16,17,0.14166666666666666,1.0,1,1.021339278886561,1.0144766968065737
63,4,16,17,0.14166666666666666,1.0,3,0.3284466533782181,0.31532079977637384
63,4,16,17,0.14166666666666666,1.0,5,0.1964672941905345,0.1880294967213248
63,4,16,17,0.14166666666666666,1.0,7,0.14020341197654623,0.13407697791543005
63,4,16,17,0.14166666666666666,1.0,9,0.10900355792541797,0.10420845110815216
63,4,16,17,0.14166666666666666,1.0,11,0.08916630767615599,0.08523094405492374
63,4,16,17,0.14166666666666666,1.0,13,0.07543934043315127,0.07210363605996437
63,4,16,17,0.14166666666666666,1.0,15,0.0653757910577763,0.06248173912286923
63,4,16,17,0.14166666666666666,1.0,17,0.05768157603116802,0.05512618181093879
63,4,16,17,0.14166666666666666,1.0,19,0.05160797702218978,0.049320436535225755
64,4,16,17,0.14166666666666666,0.1,1,0.01253928616559221,0.012539286165592219
64,4,16,17,0.14166666666666666,0.1,3,0.004176450601283388,0.004176450601283368
64,4,16,17,0.14166666666666666,0.1,5,0.002505636583226872,0.002505636583226882
64,4,16,17,0.14166666666666666,0.1,7,0.0017896805596473435,0.0017896805596473205
64,4,16,17,0.14166666666666666,0.1,9,0.0013919502552340117,0.0013919502552340432
64,4,16,17,0.14166666666666666,0.1,11,0.001138856861975186,0.0011388568619751579
64,4,16,17,0.14166666666666666,0.1,13,0.0009636416353656111,0.0009636416353655866
64,4,16,17,0.14166666666666666,0.1,15,0.0008351520902388214,0.0008351520902387917
64,4,16,17,0.14166666666666666,0.1,17,0.0007368962707276975,0.0007368962707277274
64,4,16,17,0.14166666666666666,0.1,19,0.0006593264168804892,0.0006593264168805304
64,4,16,17,0.14166666666666666,0.5,1,0.2949642354954156,0.2949642354954155
64,4,16,17,0.14166666666666666,0.5,3,0.09705981906465871,0.09705981906465876
64,4,16,17,0.14166666666666666,0.5,5,0.058181349432576995,0.05818134943257692
64,4,16,17,0.14166666666666666,0.5,7,0.04154732863233997,0.04154732863234022
64,4,16,17,0.14166666666666666,0.5,9,0.03231108583426677,0.032311085834266624
64,4,16,17,0.14166666666666666,0.5,11,0.026434865065654813,0.02643486506565485
64,4,16,17,0.14166666666666666,0.5,13,0.022367229296902092,0.022367229296901887
64,4,16,17,0.14166666666666666,0.5,15,0.01938452520714051,0.019384525207140294
64,4,16,17,0.14166666666666666,0.5,17,0.017103748070767495,0.017103748070767675
64,4,16,17,0.14166666666666666,0.5,19,0.015303196900914836,0.015303196900914627
64,4,16,17,0.14166666666666666,1.0,1,0.9711561402370911,0.9711561402370911
64,4,16,17,0.14166666666666666,1.0,3,0.31678533810853843,0.31678533810853937
64,4,16,17,0.14166666666666666,1.0,5,0.1896863017494254,0.1896863017494259
64,4,16,17,0.14166666666666666,1.0,7,0.13539965997675854,0.13539965997675818
64,4,16,17,0.14166666666666666,1.0,9,0.1052769003481929,0.10527690034819252
64,4,16,17,0.14166666666666666,1.0,11,0.08611950954609265,0.08611950954609203
64,4,16,17,0.14166666666666666,1.0,13,0.07286148714009706,0.07286148714009634
64,4,16,17,0.14166666666666666,1.0,15,0.06314124850853758,0.06314124850853765
64,4,16,17,0.14166666666666666,1.0,17,0.05570937175581663,0.055709371755815265
64,4,16,17,0.14166666666666666,1.0,19,0.04984283055042442,0.04984283055042318
65,4,16,17,0.14166666666666666,0.1,1,0.014691584842655188,0.013888947660048357
65,4,16,17,0.14166666666666666,0.1,3,0.004891845570641829,0.004621700275360335
65,4,16,17,0.14166666666666666,0.1,5,0.0029347764466244584,0.002772476563400037
65,4,16,17,0.14166666666666666,0.1,7,0.0020961903114399163,0.0019802041985182107
65,4,16,17,0.14166666666666666,0.1,9,0.0016303408735028385,0.0015401060751547436
65,4,16,17,0.14166666666666666,0.1,11,0.0013339013649547315,0.0012600611870343262
65,4,16,17,0.14166666666666666,0.1,13,0.0011286781689415523,0.0010661913404128203
65,4,16,17,0.14166666666666666,0.1,15,0.0009781831579908401,0.0009240237434800933
65,4,16,17,0.14166666666666666,0.1,17,0.0008630998127479469,0.0008153093259411348
65,4,16,17,0.14166666666666666,0.1,19,0.0007722451673224344,0.0007294833251773088
65,4,16,17,0.14166666666666666,0.5,1,0.34038820668593456,0.3219919245458954
65,4,16,17,0.14166666666666666,0.5,3,0.1111946510569785,0.10386856063090907
65,4,16,17,0.14166666666666666,0.5,5,0.06659808648934269,0.0621107253846689
65,4,16,17,0.14166666666666666,0.5,7,0.04754431379308138,0.04431588033835329
65,4,16,17,0.14166666666666666,0.5,9,0.03696991448903467,0.03444994344899993
65,4,16,17,0.14166666666666666,0.5,11,0.03024407595439726,0.028177940185188318
65,4,16,17,0.14166666666666666,0.5,13,0.025589026980698044,0.023838343576119258
65,4,16,17,0.14166666666666666,0.5,15,0.022175925762481667,0.020657190688393463
65,4,16,17,0.14166666666666666,0.5,17,0.019566219574194684,0.018225192942469125
65,4,16,17,0.14166666666666666,0.5,19,0.0175061021051294,0.016305570007306182
65,4,16,17,0.14166666666666666,1.0,1,1.0797587048569666,1.0318516054771187
65,4,16,17,0.14166666666666666,1.0,3,0.3475748151466891,0.31667302261292063
65,4,16,17,0.14166666666666666,1.0,5,0.2077844190729497,0.18860342803612248
65,4,16,17,0.14166666666666666,1.0,7,0.14824161201246044,0.13440750973969104
65,4,16,17,0.14166666666666666,1.0,9,0.11523446626394034,0.10442786547270884
65,4,16,17,0.14166666666666666,1.0,11,0.09425259316280644,0.08538960318366928
65,4,16,17,0.14166666666666666,1.0,13,0.07973586605349703,0.0722251377795222
65,4,16,17,0.14166666666666666,1.0,15,0.0690946412647963,0.06257868844452102
65,4,16,17,0.14166666666666666,1.0,17,0.06095956670894822,0.055205959881199786
65,4,16,17,0.14166666666666666,1.0,19,0.05453849085935427,0.04938767167825533
66,4,16,17,0.14166666666666666,0.1,1,0.013031982401200886,0.013691080176422796
66,4,16,17,0.14166666666666666,0.1,3,0.004335691184605491,0.004552629190660774
66,4,16,17,0.14166666666666666,0.1,5,0.002600833630079644,0.0027305082696772063
66,4,16,17,0.14166666666666666,0.1,7,0.0018575911723894343,0.0019500545703108533
66,4,16,17,0.14166666666666666,0.1,9,0.0014447357802748792,0.0015165796163522896
66,4,16,17,0.14166666666666666,0.1,11,0.001182028582466765,0.0012407716017836486
66,4,16,17,0.14166666666666666,0.1,13,0.0010001623814911457,0.001049845290232267
66,4,16,17,0.14166666666666666,0.1,15,0.000866797781100466,0.0009098417310670573
66,4,16,17,0.14166666666666666,0.1,17,0.0007648152495226545,0.0008027853085944058
66,4,16,17,0.14166666666666666,0.1,19,0.0006843040066252677,0.0007182701908396419
66,4,16,17,0.14166666666666666,0.5,1,0.3013057721829174,0.320949826065681
66,4,16,17,0.14166666666666666,0.5,3,0.09707285018405251,0.10421803922156987
66,4,16,17,0.14166666666666666,0.5,5,0.058034785401650815,0.06233035451167814
66,4,16,17,0.14166666666666666,0.5,7,0.041406910629808405,0.044470135013170625
66,4,16,17,0.14166666666666666,0.5,9,0.03218897361981674,0.03456759555940944
66,4,16,17,0.14166666666666666,0.5,11,0.026329042017282,0.028272620161518203
66,4,16,17,0.14166666666666666,0.5,13,0.022274538752401984,0.023917386085894856
66,4,16,17,0.14166666666666666,0.5,15,0.01930233695077623,0.02072494713088423
66,4,16,17,0.14166666666666666,0.5,17,0.017030049736038406,0.01828444035014444
66,4,16,17,0.14166666666666666,0.5,19,0.015236463713006002,0.01635818251126224
66,4,16,17,0.14166666666666666,1.0,1,0.987626266911725,1.0396136191431953
66,4,16,17,0.14166666666666666,1.0,3,0.2987092682039003,0.32260724704152555
66,4,16,17,0.14166666666666666,1.0,5,0.17609505161982977,0.19166300386580662
66,4,16,17,0.14166666666666666,1.0,7,0.12508272587284108,0.13644496338751505
66,4,16,17,0.14166666666666666,1.0,9,0.09704856506948842,0.10595235839432378
66,4,16,17,0.14166666666666666,1.0,11,0.07930038763194572,0.0866069961001746
66,4,16,17,0.14166666666666666,1.0,13,0.06704830908351224,0.07323831301718019
66,4,16,17,0.14166666666666666,1.0,15,0.05807927128356589,0.06344629996048838
66,4,16,17,0.14166666666666666,1.0,17,0.051228597936659806,0.05596457978448899
66,4,16,17,0.14166666666666666,1.0,19,0.045824587689028605,0.050061631296497246
67,4,16,17,0.14166666666666666,0.1,1,0.013780888141474238,0.013541596109309238
67,4,16,17,0.14166666666666666,0.1,3,0.0045916423483068226,0.0045115229866165224
67,4,16,17,0.14166666666666666,0.1,5,0.002754887026635058,0.002706794420128541
67,4,16,17,0.14166666666666666,0.1,7,0.0019677564384943053,0.0019334000866977894
67,4,16,17,0.14166666666666666,0.1,9,0.0015304706165561106,0.0015037474785813956
67,4,16,17,0.14166666666666666,0.1,11,0.0012522004059884308,0.0012303353505339568
67,4,16,17,0.14166666666666666,0.1,13,0.0010595527722612312,0.0010410512288388679
67,4,16,17,0.14166666666666666,0.1,15,0.000918278275591246,0.0009022434094651212
67,4,16,17,0.14166666666666666,0.1,17,0.0008102450556985101,0.0007960965241938056
67,4,16,17,0.14166666666666666,0.1,19,0.0007249557918312554,0.0007122965008249944
67,4,16,17,0.14166666666666666,0.5,1,0.32113227383395515,0.3167479850577197
67,4,16,17,0.14166666666666666,0.5,3,0.10609547112017172,0.10441742896565392
67,4,16,17,0.14166666666666666,0.5,5,0.06360231376181431,0.06257892910710859
67,4,16,17,0.14166666666666666,0.5,7,0.045418311246904625,0.04468324582736598
67,4,16,17,0.14166666666666666,0.5,9,0.03532121936610302,0.034747973478812935
67,4,16,17,0.14166666666666666,0.5,11,0.028897338696029406,0.02842759914941539
67,4,16,17,0.14166666666666666,0.5,13,0.02445063674150157,0.024052773108970457
67,4,16,17,0.14166666666666666,0.5,15,0.021189997910897762,0.020844947717809117
67,4,16,17,0.14166666666666666,0.5,17,0.0186967108167346,0.018392103286100837
67,4,16,17,0.14166666666666666,0.5,19,0.016728406619457303,0.016455759982823916
67,4,16,17,0.14166666666666666,1.0,1,1.0367800531522573,1.0316680426388802
67,4,16,17,0.14166666666666666,1.0,3,0.339741360144489,0.33661478700904246
67,4,16,17,0.14166666666666666,1.0,5,0.2032963959560625,0.2005552119899015
67,4,16,17,0.14166666666666666,1.0,7,0.14507977034931033,0.14286359858295533
67,4,16,17,0.14166666666666666,1.0,9,0.11279217059901381,0.11096063997046625
67,4,16,17,0.14166666666666666,1.0,11,0.0922628157071748,0.09070965110744739
67,4,16,17,0.14166666666666666,1.0,13,0.07805709397384794,0.07671154123690753
67,4,16,17,0.14166666666666666,1.0,15,0.06764279460200831,0.06645706248397638
67,4,16,17,0.14166666666666666,1.0,17,0.05968060757540816,0.058621333560472846
67,4,16,17,0.14166666666666666,1.0,19,0.05339563070182574,0.052438748730692285
68,4,16,17,0.14166666666666666,0.1,1,0.01287092605495922,0.014164225273998117
68,4,16,17,0.14166666666666666,0.1,3,0.004284874765514689,0.004711913477930045
68,4,16,17,0.14166666666666666,0.1,5,0.0025704631759125027,0.002826067833470812
68,4,16,17,0.14166666666666666,0.1,7,0.001835918351936697,0.002018293151743081
68,4,16,17,0.14166666666666666,0.1,9,0.0014278846904517601,0.0015696431646639109
68,4,16,17,0.14166666666666666,0.1,11,0.0011682432295117926,0.0012841806339824978
68,4,16,17,0.14166666666666666,0.1,13,0.0009884985867497922,0.0010865717888725054
68,4,16,17,0.14166666666666666,0.1,15,0.0008566894549781382,0.0009416685201241448
68,4,16,17,0.14166666666666666,0.1,17,0.0007558962519032977,0.0008308657702664885
68,4,16,17,0.14166666666666666,0.1,19,0.0006763238840453239,0.0007433933578765382
68,4,16,17,0.14166666666666666,0.5,1,0.3027400923812222,0.33284608275451766
68,4,16,17,0.14166666666666666,0.5,3,0.09922460790644587,0.10971470729593401
68,4,16,17,0.14166666666666666,0.5,5,0.059377815906010954,0.0657175587070633
68,4,16,17,0.14166666666666666,0.5,7,0.04236978527790814,0.0469085178585026
68,4,16,17,0.14166666666666666,0.5,9,0.032936847528921065,0.03647055792489656
68,4,16,17,0.14166666666666666,0.5,11,0.026939611257447125,0.029832403674397955
68,4,16,17,0.14166666666666666,0.5,13,0.02279008919378781,0.02523864141421586
68,4,16,17,0.14166666666666666,0.5,15,0.019748318651462468,0.02187085407485762
68,4,16,17,0.14166666666666666,0.5,17,0.017422933625329658,0.01929603912657502
68,4,16,17,0.14166666666666666,0.5,19,0.015587508294202612,0.017263627027803603
68,4,16,17,0.14166666666666666,1.0,1,1.0096784294531067,1.0734619439866944
68,4,16,17,0.14166666666666666,1.0,3,0.3282763051765874,0.3557097975717195
68,4,16,17,0.14166666666666666,1.0,5,0.19515086728048595,0.21326043328366376
68,4,16,17,0.14166666666666666,1.0,7,0.13885055169950072,0.15228306934830071
68,4,16,17,0.14166666666666666,1.0,9,0.10776497879466294,0.11842297085751796
68,4,16,17,0.14166666666666666,1.0,11,0.08805335094339965,0.09688140669257056
68,4,16,17,0.14166666666666666,1.0,13,0.07443827419220153,0.08197061542591307
68,4,16,17,0.14166666666666666,1.0,15,0.06447003285894257,0.0710373866026989
68,4,16,17,0.14166666666666666,1.0,17,0.05685639252164634,0.06267745690642071
68,4,16,17,0.14166666666666666,1.0,19,0.05085117238101663,0.05607798926158786
69,4,16,17,0.14166666666666666,0.1,1,0.014961846398687058,0.013982435437432881
69,4,16,17,0.14166666666666666,0.1,3,0.004980513065454289,0.004650762411484361
69,4,16,17,0.14166666666666666,0.1,5,0.002987805927358574,0.0027896830455631386
69,4,16,17,0.14166666666666666,0.1,7,0.0021340160466878253,0.0019924251216562527
69,4,16,17,0.14166666666666666,0.1,9,0.0016597381950237144,0.0015495814757483027
69,4,16,17,0.14166666666666666,0.1,11,0.0013579418949574774,0.001267798361323913
69,4,16,17,0.14166666666666666,0.1,13,0.0011490132264039418,0.0010727291699791335
69,4,16,17,0.14166666666666666,0.1,15,0.000995802469039873,0.0009296841477309994
69,4,16,17,0.14166666666666666,0.1,17,0.0008786432904712511,0.0008202999502299601
69,4,16,17,0.14166666666666666,0.1,19,0.0007861503889334376,0.0007339459042389639
69,4,16,17,0.14166666666666666,0.5,1,0.3446883719179466,0.3241420465344575
69,4,16,17,0.14166666666666666,0.5,3,0.11226945950379086,0.10427570071714225
69,4,16,17,0.14166666666666666,0.5,5,0.06721979419066086,0.06234834273516025
69,4,16,17,0.14166666666666666,0.5,7,0.0479816937197903,0.04448360868694887
69,4,16,17,0.14166666666666666,0.5,9,0.037307263168070905,0.03457947629332996
69,4,16,17,0.14166666666666666,0.5,11,0.03051862762347806,0.028283414421947862
69,4,16,17,0.14166666666666666,0.5,13,0.025820489791739967,0.023927281615100115
69,4,16,17,0.14166666666666666,0.5,15,0.02237598901795918,0.020734067586961995
69,4,16,17,0.14166666666666666,0.5,17,0.019742384286795447,0.0182928854353832
69,4,16,17,0.14166666666666666,0.5,19,0.017663468336552406,0.016366036164969632
69,4,16,17,0.14166666666666666,1.0,1,1.065747318706571,1.0241020521427369
69,4,16,17,0.14166666666666666,1.0,3,0.3346227722567624,0.3112186845684648
69,4,16,17,0.14166666666666666,1.0,5,0.1999780012078423,0.18471354412448537
69,4,16,17,0.14166666666666666,1.0,7,0.14264535849891669,0.13139655652702195
69,4,16,17,0.14166666666666666,1.0,9,0.11086998378266298,0.10197902726236105
69,4,16,17,0.14166666666666666,1.0,11,0.09067444419169828,0.08332866763854858
69,4,16,17,0.14166666666666666,1.0,13,0.07670356047483251,0.07044713118596072
69,4,16,17,0.14166666666666666,1.0,15,0.06646350160525916,0.06101583128017921
69,4,16,17,0.14166666666666666,1.0,17,0.058635755679805286,0.05381207694536493
69,4,16,17,0.14166666666666666,1.0,19,0.05245767166572737,0.048129942303586686
70,4,16,17,0.14166666666666666,0.1,1,0.013280706792033654,0.013818475294626816
70,4,16,17,0.14166666666666666,0.1,3,0.004423335293725131,0.004604685905490206
70,4,16,17,0.14166666666666666,0.1,5,0.0026537705506495574,0.0027627120170815814
70,4,16,17,0.14166666666666666,0.1,7,0.0018954939696846835,0.0019733408836179276
70,4,16,17,0.14166666666666666,0.1,9,0.0014742515554584863,0.0015348110876179058
70,4,16,17,0.14166666666666666,0.1,11,0.0012061954724829121,0.0012557498735659078
70,4,16,17,0.14166666666666666,0.1,13,0.0010206212110621482,0.0010625549930341456
70,4,16,17,0.14166666666666666,0.1,15,0.0008845348930594997,0.0009208794064756541
70,4,16,17,0.14166666666666666,0.1,17,0.0007804696852864999,0.0008125396118905671
70,4,16,17,0.14166666666666666,0.1,19,0.0006983134130064291,0.0007270084077559356
70,4,16,17,0.14166666666666666,0.5,1,0.31087628180606125,0.32199084415220064
70,4,16,17,0.14166666666666666,0.5,3,0.10220411846647148,0.10681044136919064
70,4,16,17,0.14166666666666666,0.5,5,0.06125700311452172,0.06405547545485206
70,4,16,17,0.14166666666666666,0.5,7,0.04374163818510296,0.045746789831611526
70,4,16,17,0.14166666666666666,0.5,9,0.03401687333288506,0.03557823290363306
70,4,16,17,0.14166666666666666,0.5,11,0.027830117893224947,0.029108253218185276
70,4,16,17,0.14166666666666666,0.5,13,0.023547629786675434,0.024629408032943327
70,4,16,17,0.14166666666666666,0.5,15,0.02040742777663526,0.02134509789993223
70,4,16,17,0.14166666666666666,0.5,17,0.018006241748010358,0.018833660315412955
70,4,16,17,0.14166666666666666,0.5,19,0.016110647878929338,0.01685100054236255
70,4,16,17,0.14166666666666666,1.0,1,1.0148367362283912,1.0373784514253872
70,4,16,17,0.14166666666666666,1.0,3,0.3265235531916874,0.3438411985276912
70,4,16,17,0.14166666666666666,1.0,5,0.19483061649316227,0.20594023546546897
70,4,16,17,0.14166666666666666,1.0,7,0.13890914606499674,0.1469967840626749
70,4,16,17,0.14166666666666666,1.0,9,0.10794692815829772,0.11428861496407447
70,4,16,17,0.14166666666666666,1.0,11,0.08827686487215812,0.09348775213809789
70,4,16,17,0.14166666666666666,1.0,13,0.07467251544748643,0.07909301376249073
70,4,16,17,0.14166666666666666,1.0,15,0.06470233408229618,0.06853981871790016
70,4,16,17,0.14166666666666666,1.0,17,0.057081439044662785,0.0604713665715503
70,4,16,17,0.14166666666666666,1.0,19,0.05106687926019815,0.05410251747122542
71,4,16,17,0.14166666666666666,0.1,1,0.013447550721731361,0.013449047088100173
71,4,16,17,0.14166666666666666,0.1,3,0.0044776847151076085,0.00447902877762846
71,4,16,17,0.14166666666666666,0.1,5,0.0026863786588970473,0.002687225641115752
71,4,16,17,0.14166666666666666,0.1,7,0.0019187962056001608,0.0019194091712897959
71,4,16,17,0.14166666666666666,0.1,9,0.0014923824230972504,0.0014928617278073316
71,4,16,17,0.14166666666666666,0.1,11,0.0012210341068640564,0.0012214273228650582
71,4,16,17,0.14166666666666666,0.1,13,0.0010331797578293958,0.001033512993757155
71,4,16,17,0.14166666666666666,0.1,15,0.0008954208538078356,0.0008957099381427701
71,4,16,17,0.14166666666666666,0.1,17,0.000790076278686323,0.0007903315181341503
71,4,16,17,0.14166666666666666,0.1,19,0.000706909761586526,0.00070713823726077
71,4,16,17,0.14166666666666666,0.5,1,0.31314412270898023,0.31406094940696033
71,4,16,17,0.14166666666666666,0.5,3,0.10150712329625869,0.10236805564142419
71,4,16,17,0.14166666666666666,0.5,5,0.060762521662885136,0.06130573618642835
71,4,16,17,0.14166666666666666,0.5,7,0.0433738460533169,0.043767105430623246
71,4,16,17,0.14166666666666666,0.5,9,0.03372626021769383,0.034033809068964554
71,4,16,17,0.14166666666666666,0.5,11,0.027590503723626186,0.027842830651611028
71,4,16,17,0.14166666666666666,0.5,13,0.023344005454536593,0.023557851616070102
71,4,16,17,0.14166666666666666,0.5,15,0.02023048962293861,0.02041600717138534
71,4,16,17,0.14166666666666666,0.5,17,0.017849853048157588,0.018013653630742078
71,4,16,17,0.14166666666666666,0.5,19,0.015970557905295325,0.016117184472202607
71,4,16,17,0.14166666666666666,1.0,1,1.002558826454685,1.0154897837573684
71,4,16,17,0.14166666666666666,1.0,3,0.2965538465368879,0.31040495673399926
71,4,16,17,0.14166666666666666,1.0,5,0.1757641591221782,0.1846883074840857
71,4,16,17,0.14166666666666666,1.0,7,0.12510032084672085,0.13161360639210523
71,4,16,17,0.14166666666666666,1.0,9,0.09715473042361344,0.10226795993365337
71,4,16,17,0.14166666666666666,1.0,11,0.07942931302936612,0.08363311783437852
71,4,16,17,0.14166666666666666,1.0,13,0.06717958376776009,0.07074669157202629
71,4,16,17,0.14166666666666666,1.0,15,0.058206018822524325,0.06130303659531849
71,4,16,17,0.14166666666666666,1.0,17,0.05134862222305196,0.0540845678113783
71,4,16,17,0.14166666666666666,1.0,19,0.04593745160508742,0.04838747354399991
72,4,16,17,0.14166666666666666,0.1,1,0.012845670036321923,0.012693842697636912
72,4,16,17,0.14166666666666666,0.1,3,0.004274761229622554,0.004227938074223077
72,4,16,17,0.14166666666666666,0.1,5,0.0025644925173735553,0.0025366021432856388
72,4,16,17,0.14166666666666666,0.1,7,0.001831708192517635,0.001811827044265061
72,4,16,17,0.14166666666666666,0.1,9,0.0014246387755341614,0.0014091886880014833
72,4,16,17,0.14166666666666666,0.1,11,0.0011656039457701344,0.0011529683697581801
72,4,16,17,0.14166666666666666,0.1,13,0.0009862755885108802,0.0009755865798966254
72,4,16,17,0.14166666666666666,0.1,15,0.0008547696348233547,0.0008455072596148677
72,4,16,17,0.14166666666666666,0.1,17,0.0007542070021007076,0.0007460351629689485
72,4,16,17,0.14166666666666666,0.1,19,0.0006748158506678015,0.0006675047352964367
72,4,16,17,0.14166666666666666,0.5,1,0.3030519387016119,0.29882412065038266
72,4,16,17,0.14166666666666666,0.5,3,0.09828630074462305,0.09787212299437544
72,4,16,17,0.14166666666666666,0.5,5,0.05874858042699568,0.05863585041342281
72,4,16,17,0.14166666666666666,0.5,7,0.041902851459059816,0.04186544913483955
72,4,16,17,0.14166666666666666,0.5,9,0.032566610984930806,0.03255646866886444
72,4,16,17,0.14166666666666666,0.5,11,0.02663315316731152,0.026634811460310676
72,4,16,17,0.14166666666666666,0.5,13,0.02252876212968625,0.022536028729038135
72,4,16,17,0.14166666666666666,0.5,15,0.019520580711852475,0.019530616056471765
72,4,16,17,0.14166666666666666,0.5,17,0.01722115717353022,0.017232537436415424
72,4,16,17,0.14166666666666666,0.5,19,0.015406393934205963,0.015418360824942296
72,4,16,17,0.14166666666666666,1.0,1,0.9967959387008439,0.9866386817573481
72,4,16,17,0.14166666666666666,1.0,3,0.31234097165418995,0.3139634903515949
72,4,16,17,0.14166666666666666,1.0,5,0.18605049728647485,0.18724643654746817
72,4,16,17,0.14166666666666666,1.0,7,0.13261662713354896,0.13351189028050725
72,4,16,17,0.14166666666666666,1.0,9,0.10305669122517097,0.10376582899034513
72,4,16,17,0.14166666666666666,1.0,11,0.08428181816386784,0.0848672737992625
72,4,16,17,0.14166666666666666,1.0,13,0.07129718489751088,0.07179511106995823
72,4,16,17,0.14166666666666666,1.0,15,0.061780980978722526,0.06221389346920348
72,4,16,17,0.14166666666666666,1.0,17,0.05450677866023215,0.0548895700518636
72,4,16,17,0.14166666666666666,1.0,19,0.04876554920515587,0.04910855397880807
73,4,16,17,0.14166666666666666,0.1,1,0.015425995302962257,0.015005327532877009
73,4,16,17,0.14166666666666666,0.1,3,0.005137432305872786,0.004995422158974125
73,4,16,17,0.14166666666666666,0.1,5,0.0030821604090842994,0.0029968020526259897
73,4,16,17,0.14166666666666666,0.1,7,0.0022014699718501825,0.00214045752628177
73,4,16,17,0.14166666666666666,0.1,9,0.0017122265115676835,0.0016647550430119208
73,4,16,17,0.14166666666666666,0.1,11,0.0014008991981822017,0.0013620501442460871
73,4,16,17,0.14166666666666666,0.1,13,0.0011853688295869655,0.0011524915242445448
73,4,16,17,0.14166666666666666,0.1,15,0.001027315136216476,0.0009988183220258219
73,4,16,17,0.14166666666666666,0.1,17,0.000906451583826371,0.0008813052343358967
73,4,16,17,0.14166666666666666,0.1,19,0.000811033599435478,0.0007885327623822129
73,4,16,17,0.14166666666666666,0.5,1,0.3548128029031799,0.34773222894952227
73,4,16,17,0.14166666666666666,0.5,3,0.11622456020050781,0.11319973742006424
73,4,16,17,0.14166666666666666,0.5,5,0.06961394664008497,0.06776612388448604
73,4,16,17,0.14166666666666666,0.5,7,0.04969747672578202,0.048370198513449994
73,4,16,17,0.14166666666666666,0.5,9,0.03864412691639269,0.03760910958188385
73,4,16,17,0.14166666666666666,0.5,11,0.0316136387274837,0.030765557170274505
73,4,16,17,0.14166666666666666,0.5,13,0.026747742929493796,0.026029461202617444
73,4,16,17,0.14166666666666666,0.5,15,0.02318005451853692,0.02255714085338944
73,4,16,17,0.14166666666666666,0.5,17,0.020452153908281062,0.019902265256965212
73,4,16,17,0.14166666666666666,0.5,19,0.018298736848000874,0.0178065553134091
73,4,16,17,0.14166666666666666,1.0,1,1.1005316418796998,1.0921220361612394
73,4,16,17,0.14166666666666666,1.0,3,0.34751474606332317,0.3350155082458045
73,4,16,17,0.14166666666666666,1.0,5,0.20690454173293976,0.19918362392580422
73,4,16,17,0.14166666666666666,1.0,7,0.14742420805419557,0.14186671992414623
73,4,16,17,0.14166666666666666,1.0,9,0.1145331732510107,0.11019572064873695
73,4,16,17,0.14166666666666666,1.0,11,0.09364983711395607,0.09009406710074189
73,4,16,17,0.14166666666666666,1.0,13,0.07921090797561728,0.07619839716758053
73,4,16,17,0.14166666666666666,1.0,15,0.06863111899612212,0.06601799050832512
73,4,16,17,0.14166666666666666,1.0,17,0.06054527638817001,0.05823808831029113
73,4,16,17,0.14166666666666666,1.0,19,0.05416432821202402,0.05209898120087782
74,4,16,17,0.14166666666666666,0.1,1,0.016988659390428186,0.014131503481879493
74,4,16,17,0.14166666666666666,0.1,3,0.005645668058726226,0.0046907187346706064
74,4,16,17,0.14166666666666666,0.1,5,0.0033856537722476124,0.002812736114567315
74,4,16,17,0.14166666666666666,0.1,7,0.0024178127885587314,0.0020086278060038997
74,4,16,17,0.14166666666666666,0.1,9,0.0018803048590974344,0.001562073221799465
74,4,16,17,0.14166666666666666,0.1,11,0.001538320129037412,0.001277962538803913
74,4,16,17,0.14166666666666666,0.1,13,0.0013015909585679124,0.0010812970502048003
74,4,16,17,0.14166666666666666,0.1,15,0.0011280047334740894,0.0009370891316678516
74,4,16,17,0.14166666666666666,0.1,17,0.0009952709160450219,0.0008268200161839833
74,4,16,17,0.14166666666666666,0.1,19,0.0008904862868198528,0.0007397699926773169
74,4,16,17,0.14166666666666666,0.5,1,0.3833664375886389,0.3312567675058015
74,4,16,17,0.14166666666666666,0.5,3,0.1237757244623349,0.1042275361722407
74,4,16,17,0.14166666666666666,0.5,5,0.07394648123107671,0.06216654245214085
74,4,16,17,0.14166666666666666,0.5,7,0.052733325265853045,0.04431686764288241
74,4,16,17,0.14166666666666666,0.5,9,0.040980302878813116,0.034435802197190044
74,4,16,17,0.14166666666666666,0.5,11,0.033512135126734933,0.028159166211193392
74,4,16,17,0.14166666666666666,0.5,13,0.028346640067456474,0.023818449498206648
74,4,16,17,0.14166666666666666,0.5,15,0.024561005065179373,0.020637495818687346
74,4,16,17,0.14166666666666666,0.5,17,0.02166743835350549,0.018206206816174762
74,4,16,17,0.14166666666666666,0.5,19,0.01938384116167485,0.01628747197747672
74,4,16,17,0.14166666666666666,1.0,1,1.0976019659098228,1.0507963261135937
74,4,16,17,0.14166666666666666,1.0,3,0.33546055443355227,0.30697171539158224
74,4,16,17,0.14166666666666666,1.0,5,0.19797533712588586,0.18338159117142613
74,4,16,17,0.14166666666666666,1.0,7,0.14044459919193336,0.1307957001983661
74,4,16,17,0.14166666666666666,1.0,9,0.10882986205772552,0.10165808091524171
74,4,16,17,0.14166666666666666,1.0,11,0.08883636730953465,0.08314072081062755
74,4,16,17,0.14166666666666666,1.0,13,0.0750503249297111,0.0703312234061871
74,4,16,17,0.14166666666666666,1.0,15,0.06496895469522551,0.060942516463095384
74,4,16,17,0.14166666666666666,1.0,17,0.05727565144295353,0.053765564703801345
74,4,16,17,0.14166666666666666,1.0,19,0.05121166074599303,0.04810109322874783
75,4,16,17,0.14166666666666666,0.1,1,0.015059858628778676,0.014211113496784692
75,4,16,17,0.14166666666666666,0.1,3,0.005012386778337369,0.004728731756732082
75,4,16,17,0.14166666666666666,0.1,5,0.00300688091880689,0.0028366543434738744
75,4,16,17,0.14166666666666666,0.1,7,0.0021476293018237573,0.002026032880743085
75,4,16,17,0.14166666666666666,0.1,9,0.0016703218780475693,0.0015757451596056416
75,4,16,17,0.14166666666666666,0.1,11,0.0013665991813907982,0.001289217599668464
75,4,16,17,0.14166666666666666,0.1,13,0.0011563374758771063,0.0010908604872489926
75,4,16,17,0.14166666666666666,0.1,15,0.0010021494581639694,0.0009454026126805409
75,4,16,17,0.14166666666666666,0.1,17,0.0008842431245338907,0.000834172319832928
75,4,16,17,0.14166666666666666,0.1,19,0.0007911604582442915,0.0007463602360777815
75,4,16,17,0.14166666666666666,0.5,1,0.3447012421836882,0.32790468860218286
75,4,16,17,0.14166666666666666,0.5,3,0.11190049624337539,0.10583479258499909
75,4,16,17,0.14166666666666666,0.5,5,0.06697621918653536,0.06329834913514296
75,4,16,17,0.14166666666666666,0.5,7,0.04780323185667208,0.04516643046639077
75,4,16,17,0.14166666666666666,0.5,9,0.03716699998512565,0.03511237819484756
75,4,16,17,0.14166666666666666,0.5,11,0.030403252095051746,0.028720369195019354
75,4,16,17,0.14166666666666666,0.5,13,0.025722560128080826,0.024297565039713215
75,4,16,17,0.14166666666666666,0.5,15,0.022290948442524338,0.021055330827126465
75,4,16,17,0.14166666666666666,0.5,17,0.01966724763840976,0.01857658972735165
75,4,16,17,0.14166666666666666,0.5,19,0.017596176488862456,0.016620044037380505
75,4,16,17,0.14166666666666666,1.0,1,1.0540707324309437,1.0245699389816205
75,4,16,17,0.14166666666666666,1.0,3,0.3253728601680315,0.3081819241927917
75,4,16,17,0.14166666666666666,1.0,5,0.19374101855707418,0.18270446821789754
75,4,16,17,0.14166666666666666,1.0,7,0.13804544630373172,0.13000268953094554
75,4,16,17,0.14166666666666666,1.0,9,0.10724394560358892,0.10093172036680528
75,4,16,17,0.14166666666666666,1.0,11,0.08768696184949332,0.08249644844020862
75,4,16,17,0.14166666666666666,1.0,13,0.07416527523809029,0.06975943539035155
75,4,16,17,0.14166666666666666,1.0,15,0.06425781444086603,0.06043119973282293
75,4,16,17,0.14166666666666666,1.0,17,0.05668601404868411,0.05330433678685339
75,4,16,17,0.14166666666666666,1.0,19,0.05071087606279296,0.04768161355985194
76,4,16,17,0.14166666666666666,0.1,1,0.01460922269498384,0.014977560679261752
76,4,16,17,0.14166666666666666,0.1,3,0.004860599770921817,0.004983059871063062
76,4,16,17,0.14166666666666666,0.1,5,0.0029156668203670715,0.0029890728706202306
76,4,16,17,0.14166666666666666,0.1,7,0.0020824363717236046,0.0021348455507421917
76,4,16,17,0.14166666666666666,0.1,9,0.0016195996745617387,0.0016603516646961972
76,4,16,17,0.14166666666666666,0.1,11,0.0013250907697432992,0.0013584275947015631
76,4,16,17,0.14166666666666666,0.1,13,0.001121210118772367,0.001149414801634733
76,4,16,17,0.14166666666666666,0.1,15,0.0009717026998721223,0.000996144573530283
76,4,16,17,0.14166666666666666,0.1,17,0.0008573762991948564,0.0008789411720054513
76,4,16,17,0.14166666666666666,0.1,19,0.000767120289925321,0.0007864141196155587
76,4,16,17,0.14166666666666666,0.5,1,0.3363526515441394,0.3487283084324747
76,4,16,17,0.14166666666666666,0.5,3,0.10854928067840462,0.11318269608281861
76,4,16,17,0.14166666666666666,0.5,5,0.06493610564887453,0.06773372598230863
76,4,16,17,0.14166666666666666,0.5,7,0.04633902349948063,0.048339056877018935
76,4,16,17,0.14166666666666666,0.5,9,0.03602553434184511,0.03758112768948955
76,4,16,17,0.14166666666666666,0.5,11,0.02946806609838354,0.03074060696645619
76,4,16,17,0.14166666666666666,0.5,13,0.02493055430478646,0.02600710649186586
76,4,16,17,0.14166666666666666,0.5,15,0.02160412132316537,0.02253695916567365
76,4,16,17,0.14166666666666666,0.5,17,0.019060948650099534,0.01988390403762658
76,4,16,17,0.14166666666666666,0.5,19,0.017053509470283543,0.01778973072742214
76,4,16,17,0.14166666666666666,1.0,1,1.031488049929374,1.1074773843523953
76,4,16,17,0.14166666666666666,1.0,3,0.3345598130757885,0.3518943627442683
76,4,16,17,0.14166666666666666,1.0,5,0.20016280103734402,0.21022574564083515
76,4,16,17,0.14166666666666666,1.0,7,0.14279723298076014,0.14988626479528502
76,4,16,17,0.14166666666666666,1.0,9,0.11098825003191926,0.11645905321532332
76,4,16,17,0.14166666666666666,1.0,11,0.09076885813430788,0.09522249331080669
76,4,16,17,0.14166666666666666,1.0,13,0.07678116822760445,0.08053639545872633
76,4,16,17,0.14166666666666666,1.0,15,0.06652891232921587,0.0697750007401704
76,4,16,17,0.14166666666666666,1.0,17,0.058692024605840915,0.06155050834335836
76,4,16,17,0.14166666666666666,1.0,19,0.05250688812142853,0.055060435517393765
77,4,16,17,0.14166666666666666,0.1,1,0.012454631116683886,0.012830505844186303
77,4,16,17,0.14166666666666666,0.1,3,0.004146981821342582,0.004273923170209154
77,4,16,17,0.14166666666666666,0.1,5,0.0024879523603616237,0.002564213995842597
77,4,16,17,0.14166666666666666,0.1,7,0.0017770617900314107,0.0018315538905942913
77,4,16,17,0.14166666666666666,0.1,9,0.0013821440683441952,0.0014245331014569858
77,4,16,17,0.14166666666666666,0.1,11,0.001130838883839118,0.0011655234327620154
77,4,16,17,0.14166666666666666,0.1,13,0.00095686062078383,0.0009862103589675629
77,4,16,17,0.14166666666666666,0.1,15,0.0008292775454382565,0.0008547146784857503
77,4,16,17,0.14166666666666666,0.1,17,0.000731714502563457,0.0007541594408153226
77,4,16,17,0.14166666666666666,0.1,19,0.000654691309220281,0.0006747738791529335
77,4,16,17,0.14166666666666666,0.5,1,0.2940789672411223,0.29903719939132595
77,4,16,17,0.14166666666666666,0.5,3,0.09640324680813861,0.09807294860394063
77,4,16,17,0.14166666666666666,0.5,5,0.05775312969000191,0.05875738779964534
77,4,16,17,0.14166666666666666,0.5,7,0.04123411825554815,0.04195217332165649
77,4,16,17,0.14166666666666666,0.5,9,0.03206510403837539,0.032623859260776385
77,4,16,17,0.14166666666666666,0.5,11,0.026232635768036836,0.02668991734811172
77,4,16,17,0.14166666666666666,0.5,13,0.022195649514049412,0.0225826395963561
77,4,16,17,0.14166666666666666,0.5,15,0.019235577814356957,0.019571002242908673
77,4,16,17,0.14166666666666666,0.5,17,0.016972183797751967,0.017268166259237168
77,4,16,17,0.14166666666666666,0.5,19,0.015185396458486669,0.015450235360842533
77,4,16,17,0.14166666666666666,1.0,1,0.9770366055739893,0.976479679727568
77,4,16,17,0.14166666666666666,1.0,3,0.31512622346844166,0.3180946735354028
77,4,16,17,0.14166666666666666,1.0,5,0.1885874024025364,0.19021981418249642
77,4,16,17,0.14166666666666666,1.0,7,0.13461000501411585,0.13572511902363016
77,4,16,17,0.14166666666666666,1.0,9,0.10466625281919512,0.10551434052859367
77,4,16,17,0.14166666666666666,1.0,11,0.085623441561217,0.08630876155384212
77,4,16,17,0.14166666666666666,1.0,13,0.07244448418216375,0.073020032316513
77,4,16,17,0.14166666666666666,1.0,15,0.06278189293277901,0.06327828639643832
77,4,16,17,0.14166666666666666,1.0,17,0.05539382662033967,0.055830375022080866
77,4,16,17,0.14166666666666666,1.0,19,0.049561667260782795,0.0499513466739869
78,4,16,17,0.14166666666666666,0.1,1,0.01620296777757487,0.015445591610846921
78,4,16,17,0.14166666666666666,0.1,3,0.005395729414050442,0.005142174932383387
78,4,16,17,0.14166666666666666,0.1,5,0.0032371197241294987,0.0030848800852897786
78,4,16,17,0.14166666666666666,0.1,7,0.0023121536428827067,0.0022033804237812475
78,4,16,17,0.14166666666666666,0.1,9,0.0017983139775157567,0.001713699798735734
78,4,16,17,0.14166666666666666,0.1,11,0.0014713347364554183,0.001402098434451487
78,4,16,17,0.14166666666666666,0.1,13,0.001244968426386927,0.0011863800978734074
78,4,16,17,0.14166666666666666,0.1,15,0.00107896835111134,0.0010281894310971136
78,4,16,17,0.14166666666666666,0.1,17,0.0009520281275749375,0.0009072216122986268
78,4,16,17,0.14166666666666666,0.1,19,0.0008518127496749806,0.0008117215962897214
78,4,16,17,0.14166666666666666,0.5,1,0.37064799365994316,0.35400269956051894
78,4,16,17,0.14166666666666666,0.5,3,0.12130747815788868,0.11551883131669552
78,4,16,17,0.14166666666666666,0.5,5,0.07268565746488209,0.06917253975075496
78,4,16,17,0.14166666666666666,0.5,7,0.05189838073373077,0.04937711624609804
78,4,16,17,0.14166666666666666,0.5,9,0.040358811950875165,0.038392808228578386
78,4,16,17,0.14166666666666666,0.5,11,0.033018021586602414,0.03140690335790106
78,4,16,17,0.14166666666666666,0.5,13,0.02793690500642759,0.02657216457459888
78,4,16,17,0.14166666666666666,0.5,15,0.024211186212857363,0.023027475402557247
78,4,16,17,0.14166666666666666,0.5,17,0.021362325602022447,0.020317248222419166
78,4,16,17,0.14166666666666666,0.5,19,0.019113345479044048,0.018177836262650512
78,4,16,17,0.14166666666666666,1.0,1,1.1315801999668997,1.0912239024744244
78,4,16,17,0.14166666666666666,1.0,3,0.3679506210290753,0.3532434021055652
78,4,16,17,0.14166666666666666,1.0,5,0.22054609534728428,0.211009798588409
78,4,16,17,0.14166666666666666,1.0,7,0.15748829783812138,0.1504691966446783
78,4,16,17,0.14166666666666666,1.0,9,0.12247626100857087,0.11693086058838859
78,4,16,17,0.14166666666666666,1.0,11,0.10020162104869572,0.09562091062812013
78,4,16,17,0.14166666666666666,1.0,13,0.08478287065204089,0.0808818917907329
78,4,16,17,0.14166666666666666,1.0,15,0.07347674607013269,0.07008026204627206
78,4,16,17,0.14166666666666666,1.0,17,0.06483136763808615,0.06182404924863227
78,4,16,17,0.14166666666666666,1.0,19,0.0580063332046514,0.05530828615502486
79,4,16,17,0.14166666666666666,0.1,1,0.013607408573174953,0.01370140275242191
79,4,16,17,0.14166666666666666,0.1,3,0.004526252098414263,0.004560467966069492
79,4,16,17,0.14166666666666666,0.1,5,0.0027151207391764806,0.002735965564419553
79,4,16,17,0.14166666666666666,0.1,7,0.0019392164060855418,0.0019541982453510375
79,4,16,17,0.14166666666666666,0.1,9,0.001508219767748906,0.0015199114978607577
79,4,16,17,0.14166666666666666,0.1,11,0.0012339692281741932,0.0012435553198142674
79,4,16,17,0.14166666666666666,0.1,13,0.0010441118449754099,0.0010522348375911527
79,4,16,17,0.14166666666666666,0.1,15,0.0009048871860384072,0.0009119344893723492
79,4,16,17,0.14166666666666666,0.1,17,0.0007984234950422616,0.0008046466557100182
79,4,16,17,0.14166666666666666,0.1,19,0.0007143745237240378,0.0007199460986931378
79,4,16,17,0.14166666666666666,0.5,1,0.31462087835959324,0.3194322109549639
79,4,16,17,0.14166666666666666,0.5,3,0.10122423910993426,0.10438327835688627
79,4,16,17,0.14166666666666666,0.5,5,0.06056251760242363,0.06252360277640831
79,4,16,17,0.14166666666666666,0.5,7,0.04322042250674817,0.04463280523926089
79,4,16,17,0.14166666666666666,0.5,9,0.0336019672091818,0.03470385779616444
79,4,16,17,0.14166666666666666,0.5,11,0.027486090947478874,0.028388901313786293
79,4,16,17,0.14166666666666666,0.5,13,0.023254009941907954,0.024018479138661338
79,4,16,17,0.14166666666666666,0.5,15,0.02015142257064611,0.020814229970906345
79,4,16,17,0.14166666666666666,0.5,17,0.017779352852819875,0.018364321330551457
79,4,16,17,0.14166666666666666,0.5,19,0.01590695259007028,0.01643042028451061
79,4,16,17,0.14166666666666666,1.0,1,1.0030062172169631,1.027739826487231
79,4,16,17,0.14166666666666666,1.0,3,0.33129189336088577,0.350462779653815
79,4,16,17,0.14166666666666666,1.0,5,0.1983890986094803,0.21060737212136033
79,4,16,17,0.14166666666666666,1.0,7,0.14157594012913968,0.15044850527440815
79,4,16,17,0.14166666666666666,1.0,9,0.11005654041374194,0.11700434666797829
79,4,16,17,0.14166666666666666,1.0,11,0.0900156007776207,0.09571972433695616
79,4,16,17,0.14166666666666666,1.0,13,0.0761489401057373,0.08098507747141968
79,4,16,17,0.14166666666666666,1.0,15,0.06598417806822504,0.07018073171511482
79,4,16,17,0.14166666666666666,1.0,17,0.05821349662128732,0.06191944327311509
79,4,16,17,0.14166666666666666,1.0,19,0.05208020817911418,0.05539801523082682
80,4,16,17,0.14166666666666666,0.1,1,0.0131013170340571,0.013290420050068424
80,4,16,17,0.14166666666666666,0.1,3,0.004358179599614727,0.00442450321930696
80,4,16,17,0.14166666666666666,0.1,5,0.0026140577452471317,0.0026541763615930154
80,4,16,17,0.14166666666666666,0.1,7,0.001866940149335903,0.0018956899981894162
80,4,16,17,0.14166666666666666,0.1,9,0.0014519624341211748,0.0014743627523408722
80,4,16,17,0.14166666666666666,0.1,11,0.0011879170921407637,0.0012062647430215883
80,4,16,17,0.14166666666666666,0.1,13,0.0010051304403255012,0.0010206670221098602
80,4,16,17,0.14166666666666666,0.1,15,0.0008710940438702301,0.0008845664206477898
80,4,16,17,0.14166666666666666,0.1,17,0.00076859965638322,0.0007804919680383712
80,4,16,17,0.14166666666666666,0.1,19,0.0006876854816651193,0.0006983294292533304
80,4,16,17,0.14166666666666666,0.5,1,0.31019012279540786,0.31366472920691246
80,4,16,17,0.14166666666666666,0.5,3,0.10105001426974848,0.10292961041711765
80,4,16,17,0.14166666666666666,0.5,5,0.06046392898781584,0.06166711294649559
80,4,16,17,0.14166666666666666,0.5,7,0.043146130887277825,0.04402646978801694
80,4,16,17,0.14166666666666666,0.5,9,0.03354149267410606,0.03423472967897796
80,4,16,17,0.14166666666666666,0.5,11,0.027434912024517616,0.028006380083363782
80,4,16,17,0.14166666666666666,0.5,13,0.023209596078393468,0.023695583010150796
80,4,16,17,0.14166666666666666,0.5,15,0.020112175536028943,0.0205348822295591
80,4,16,17,0.14166666666666666,0.5,17,0.01774418839575016,0.018118173338161722
80,4,16,17,0.14166666666666666,0.5,19,0.015875098138006888,0.016210419801887997
80,4,16,17,0.14166666666666666,1.0,1,1.0252976677855834,1.0358076493845947
80,4,16,17,0.14166666666666666,1.0,3,0.32135703697322715,0.32947948265618066
80,4,16,17,0.14166666666666666,1.0,5,0.19155212056754403,0.19724380241503545
80,4,16,17,0.14166666666666666,1.0,7,0.136534047536537,0.14077615791726114
80,4,16,17,0.14166666666666666,1.0,9,0.10608766844028078,0.10945041851938093
80,4,16,17,0.14166666666666666,1.0,11,0.08674990735978498,0.08953060680120652
80,4,16,17,0.14166666666666666,1.0,13,0.07337723764189891,0.0757460256770887
80,4,16,17,0.14166666666666666,1.0,15,0.06357774384646163,0.06564022792637687
80,4,16,17,0.14166666666666666,1.0,17,0.05608780784797085,0.057913806051928834
80,4,16,17,0.14166666666666666,1.0,19,0.05017689585405469,0.051814888613703675
81,4,16,17,0.14166666666666666,0.1,1,0.014384127692782857,0.015195448105075698
81,4,16,17,0.14166666666666666,0.1,3,0.004784454198893079,0.005055209001574057
81,4,16,17,0.14166666666666666,0.1,5,0.0028700228226148533,0.0030325226247218126
81,4,16,17,0.14166666666666666,0.1,7,0.002049859619815026,0.0021659461571766647
81,4,16,17,0.14166666666666666,0.1,9,0.0015942760627157303,0.001684572370372735
81,4,16,17,0.14166666666666666,0.1,11,0.001304379453199784,0.0013782618387218042
81,4,16,17,0.14166666666666666,0.1,13,0.001103690148703747,0.0011662081385086277
81,4,16,17,0.14166666666666666,0.1,15,0.0009565220334921879,0.0010107056524667265
81,4,16,17,0.14166666666666666,0.1,17,0.0008439838939804775,0.0008917938932932854
81,4,16,17,0.14166666666666666,0.1,19,0.0007551392740812637,0.0007979172973294785
81,4,16,17,0.14166666666666666,0.5,1,0.32910302859456186,0.34848039492331523
81,4,16,17,0.14166666666666666,0.5,3,0.10480098707316894,0.11133848173118627
81,4,16,17,0.14166666666666666,0.5,5,0.06264484709526126,0.0665519518903702
81,4,16,17,0.14166666666666666,0.5,7,0.04469825839072552,0.04748421501042031
81,4,16,17,0.14166666666666666,0.5,9,0.03474933655548775,0.036914158710144966
81,4,16,17,0.14166666666666666,0.5,11,0.028424406525192937,0.030194593820494674
81,4,16,17,0.14166666666666666,0.5,13,0.02404795386425273,0.025545213864312022
81,4,16,17,0.14166666666666666,0.5,15,0.020839606867750007,0.022136863316613607
81,4,16,17,0.14166666666666666,0.5,17,0.018386696474038653,0.019531089186637658
81,4,16,17,0.14166666666666666,0.5,19,0.016450481691114006,0.017474240775439995
81,4,16,17,0.14166666666666666,1.0,1,0.9971101626268506,1.0675133099087446
81,4,16,17,0.14166666666666666,1.0,3,0.31811993336922345,0.3193439101765985
81,4,16,17,0.14166666666666666,1.0,5,0.19125485569086653,0.18964257588231223
81,4,16,17,0.14166666666666666,1.0,7,0.13667333265158862,0.13498955451733674
81,4,16,17,0.14166666666666666,1.0,9,0.10631613465313927,0.10481560014732907
81,4,16,17,0.14166666666666666,1.0,11,0.08698963373971344,0.0856746066305634
81,4,16,17,0.14166666666666666,1.0,13,0.07360724577169557,0.07244809668247008
81,4,16,17,0.14166666666666666,1.0,15,0.06379264868811597,0.06276068427669054
81,4,16,17,0.14166666666666666,1.0,17,0.05628707571716892,0.05535913813441419
81,4,16,17,0.14166666666666666,1.0,19,0.0503615329217097,0.049519593267074606
82,4,16,17,0.14166666666666666,0.1,1,0.01572983721162415,0.016180514302775045
82,4,16,17,0.14166666666666666,0.1,3,0.005236427027734848,0.00538285097795491
82,4,16,17,0.14166666666666666,0.1,5,0.0031412458459010462,0.003228655783240062
82,4,16,17,0.14166666666666666,0.1,7,0.002243575583866078,0.0023058758921801355
82,4,16,17,0.14166666666666666,0.1,9,0.0017449322539743624,0.0017933296894948989
82,4,16,17,0.14166666666666666,0.1,11,0.0014276358335387675,0.0014672033876135659
82,4,16,17,0.14166666666666666,0.1,13,0.0012079788207503687,0.0012414412954626095
82,4,16,17,0.14166666666666666,0.1,15,0.0010469019666429595,0.0010758914948061575
82,4,16,17,0.14166666666666666,0.1,17,0.0009237283328211175,0.0009492997181484146
82,4,16,17,0.14166666666666666,0.1,19,0.0008264876737701574,0.0008493619604767452
82,4,16,17,0.14166666666666666,0.5,1,0.3633038322226403,0.37456521650800045
82,4,16,17,0.14166666666666666,0.5,3,0.1191733880140488,0.12241848641436567
82,4,16,17,0.14166666666666666,0.5,5,0.07138039219732212,0.0732835016406491
82,4,16,17,0.14166666666666666,0.5,7,0.05095526872329438,0.0523020179872352
82,4,16,17,0.14166666666666666,0.5,9,0.03962002018807873,0.040662183581518574
82,4,16,17,0.14166666666666666,0.5,11,0.032410638496046036,0.03326059300979067
82,4,16,17,0.14166666666666666,0.5,13,0.027421188929429435,0.028138799233205673
82,4,16,17,0.14166666666666666,0.5,15,0.023763072975827262,0.02438400252112816
82,4,16,17,0.14166666666666666,0.5,17,0.02096613422242557,0.021513341842503
82,4,16,17,0.14166666666666666,0.5,19,0.018758286992877106,0.01924742112035787
82,4,16,17,0.14166666666666666,1.0,1,1.1332436587044823,1.1630536902981363
82,4,16,17,0.14166666666666666,1.0,3,0.36726518474242037,0.3754866037069325
82,4,16,17,0.14166666666666666,1.0,5,0.21961082224695375,0.22482936622446867
82,4,16,17,0.14166666666666666,1.0,7,0.15667294457359152,0.16047827394277386
82,4,16,17,0.14166666666666666,1.0,9,0.12178100926069553,0.12477058236514148
82,4,16,17,0.14166666666666666,1.0,11,0.09960173106506888,0.1020619504024941
82,4,16,17,0.14166666666666666,1.0,13,0.08425737084191594,0.0863468549760509
82,4,16,17,0.14166666666666666,1.0,15,0.07301006374989372,0.0748256179143486
82,4,16,17,0.14166666666666666,1.0,17,0.06441206254152454,0.06601703501019057
82,4,16,17,0.14166666666666666,1.0,19,0.05762588354053278,0.05906396345573949
83,4,16,17,0.14166666666666666,0.1,1,0.013102166863444363,0.012362965950963433
83,4,16,17,0.14166666666666666,0.1,3,0.004353893771934632,0.004114235221501993
83,4,16,17,0.14166666666666666,0.1,5,0.002610994405535698,0.002468161674839352
83,4,16,17,0.14166666666666666,0.1,7,0.0018646052608253772,0.0017628885217909297
83,4,16,17,0.14166666666666666,0.1,9,0.0014500837260159086,0.0013711056722117852
83,4,16,17,0.14166666666666666,0.1,11,0.0011863475539306357,0.0011218001741354622
83,4,16,17,0.14166666666666666,0.1,13,0.0010037834673756556,0.0009492083548194277
83,4,16,17,0.14166666666666666,0.1,15,0.0008699146923189619,0.0008226430244244806
83,4,16,17,0.14166666666666666,0.1,17,0.0007675509913233513,0.0007258588210945208
83,4,16,17,0.14166666666666666,0.1,19,0.0006867415190427036,0.0006494508379771477
83,4,16,17,0.14166666666666666,0.5,1,0.3118459020987903,0.2942353492986754
83,4,16,17,0.14166666666666666,0.5,3,0.10086108656396128,0.09466956855061964
83,4,16,17,0.14166666666666666,0.5,5,0.06030483638759131,0.056572116466977435
83,4,16,17,0.14166666666666666,0.5,7,0.04302064707966005,0.04035472876822852
83,4,16,17,0.14166666666666666,0.5,9,0.03343915877940912,0.031367167910289505
83,4,16,17,0.14166666666666666,0.5,11,0.027348827846648854,0.02565478961949151
83,4,16,17,0.14166666666666666,0.5,13,0.023135415512884398,0.021702895769743758
83,4,16,17,0.14166666666666666,0.5,15,0.02004705162693626,0.01880618716050901
83,4,16,17,0.14166666666666666,0.5,17,0.01768617201790154,0.01659177420762234
83,4,16,17,0.14166666666666666,0.5,19,0.015822802021027604,0.01484396830600589
83,4,16,17,0.14166666666666666,1.0,1,1.0366560111258012,1.0078261296281532
83,4,16,17,0.14166666666666666,1.0,3,0.3237317876743264,0.3084772903055233
83,4,16,17,0.14166666666666666,1.0,5,0.19324477518907898,0.18195086772593944
83,4,16,17,0.14166666666666666,1.0,7,0.13783376000453096,0.1291159543467032
83,4,16,17,0.14166666666666666,1.0,9,0.10713807056583974,0.10008247693725994
83,4,16,17,0.14166666666666666,1.0,11,0.08762980634658998,0.08171646818095217
83,4,16,17,0.14166666666666666,1.0,13,0.07413368395735567,0.06904894598851263
83,4,16,17,0.14166666666666666,1.0,15,0.06424085516860645,0.05978311332098758
83,4,16,17,0.14166666666666666,1.0,17,0.0566779538931135,0.05271058674107861
83,4,16,17,0.14166666666666666,1.0,19,0.050708468993097756,0.047134843827756366
84,4,16,17,0.14166666666666666,0.1,1,0.011894763133875882,0.012058389648422794
84,4,16,17,0.14166666666666666,0.1,3,0.003956115756096773,0.004010000989735346
84,4,16,17,0.14166666666666666,0.1,5,0.002373190286076125,0.0024055387453286443
84,4,16,17,0.14166666666666666,0.1,7,0.0016950394266828737,0.0017181509161274464
84,4,16,17,0.14166666666666666,0.1,9,0.001318332871629888,0.001336310445028926
84,4,16,17,0.14166666666666666,0.1,11,0.0010786230482672005,0.0010933328312724146
84,4,16,17,0.14166666666666666,0.1,13,0.000912674732477586,0.0009251219015172034
84,4,16,17,0.14166666666666666,0.1,15,0.0007909813340028063,0.0008017691178023778
84,4,16,17,0.14166666666666666,0.1,17,0.0006979226798853165,0.0007074414540047877
84,4,16,17,0.14166666666666666,0.1,19,0.0006244558625680297,0.0006329727497539244
84,4,16,17,0.14166666666666666,0.5,1,0.2824754310513622,0.2882995113329526
84,4,16,17,0.14166666666666666,0.5,3,0.09048137567788475,0.09171799423325422
84,4,16,17,0.14166666666666666,0.5,5,0.05410627422011304,0.05477252628751645
84,4,16,17,0.14166666666666666,0.5,7,0.03861041322770377,0.039069070880679665
84,4,16,17,0.14166666666666666,0.5,9,0.030018298517857374,0.030369267035450894
84,4,16,17,0.14166666666666666,0.5,11,0.024555394491335293,0.02484012124151068
84,4,16,17,0.14166666666666666,0.5,13,0.02077517667314178,0.021014907429940638
84,4,16,17,0.14166666666666666,0.5,15,0.018003807046576552,0.01821092279741503
84,4,16,17,0.14166666666666666,0.5,17,0.015884915970454015,0.016067280346596293
84,4,16,17,0.14166666666666666,0.5,19,0.01421231902441213,0.014375245335496821
84,4,16,17,0.14166666666666666,1.0,1,0.9441737030334997,0.9664273112395014
84,4,16,17,0.14166666666666666,1.0,3,0.28969130319626657,0.2923680668044003
84,4,16,17,0.14166666666666666,1.0,5,0.17358344461266906,0.17442867068936863
84,4,16,17,0.14166666666666666,1.0,7,0.1239529159745821,0.12441025437713106
84,4,16,17,0.14166666666666666,1.0,9,0.09639747840834399,0.09670679865291976
84,4,16,17,0.14166666666666666,1.0,11,0.07886654716778789,0.07910050931397657
84,4,16,17,0.14166666666666666,1.0,13,0.06673127140728626,0.06691996049139996
84,4,16,17,0.14166666666666666,1.0,15,0.05783271610733379,0.057991209534167164
84,4,16,17,0.14166666666666666,1.0,17,0.05102825173745054,0.051165131740201875
84,4,16,17,0.14166666666666666,1.0,19,0.04565647294327421,0.04577708440959758
85,4,16,17,0.14166666666666666,0.1,1,0.014273647674553533,0.014367310027381532
85,4,16,17,0.14166666666666666,0.1,3,0.004750409101180796,0.004777736186667732
85,4,16,17,0.14166666666666666,0.1,5,0.0028496103809079296,0.0028658655641658286
85,4,16,17,0.14166666666666666,0.1,7,0.0020352605560475336,0.0020468517354278078
85,4,16,17,0.14166666666666666,0.1,9,0.0015829084529154034,0.0015919200425527765
85,4,16,17,0.14166666666666666,0.1,11,0.0012950706019766178,0.001302443192011036
85,4,16,17,0.14166666666666666,0.1,13,0.001095808146389607,0.0011020467347422937
85,4,16,17,0.14166666666666666,0.1,15,0.0009496873603592094,0.0009550945402154551
85,4,16,17,0.14166666666666666,0.1,17,0.0008379507433236084,0.0008427221817926587
85,4,16,17,0.14166666666666666,0.1,19,0.0007497393176542634,0.0007540088487750003
85,4,16,17,0.14166666666666666,0.5,1,0.33189242076308456,0.3320412246781103
85,4,16,17,0.14166666666666666,0.5,3,0.1082736018210368,0.10580371980131009
85,4,16,17,0.14166666666666666,0.5,5,0.06481999143404656,0.06325012646039091
85,4,16,17,0.14166666666666666,0.5,7,0.04626582028155488,0.04513392605811987
85,4,16,17,0.14166666666666666,0.5,9,0.03597176533903749,0.03508998037444629
85,4,16,17,0.14166666666666666,0.5,11,0.02942540941422956,0.02870413278903218
85,4,16,17,0.14166666666666666,0.5,13,0.024895122923547758,0.024285268140379023
85,4,16,17,0.14166666666666666,0.5,15,0.021573781390369563,0.021045685100564634
85,4,16,17,0.14166666666666666,0.5,17,0.01903439878779786,0.018568808354941495
85,4,16,17,0.14166666666666666,0.5,19,0.01702989534557166,0.016613622408010977
85,4,16,17,0.14166666666666666,1.0,1,1.0573636628224283,1.0375384400486831
85,4,16,17,0.14166666666666666,1.0,3,0.33053587738302953,0.31837721478300596
85,4,16,17,0.14166666666666666,1.0,5,0.1968500708405942,0.19068778367235853
85,4,16,17,0.14166666666666666,1.0,7,0.14027701961089428,0.1361312743515091
85,4,16,17,0.14166666666666666,1.0,9,0.10898603058469988,0.10585346188498544
85,4,16,17,0.14166666666666666,1.0,11,0.08911618679986574,0.08659540164394113
85,4,16,17,0.14166666666666666,1.0,13,0.0753771034055066,0.07326671910372644
85,4,16,17,0.14166666666666666,1.0,15,0.06530973851152658,0.06349413336392046
85,4,16,17,0.14166666666666666,1.0,17,0.05761535855834461,0.056021910285089495
85,4,16,17,0.14166666666666666,1.0,19,0.05154325155575573,0.050123315905304305
86,4,16,17,0.14166666666666666,0.1,1,0.013865524272969446,0.014632196444945945
86,4,16,17,0.14166666666666666,0.1,3,0.004615467666004441,0.004874325375237139
86,4,16,17,0.14166666666666666,0.1,5,0.0027687516526192597,0.002924420874388523
86,4,16,17,0.14166666666666666,0.1,7,0.001977535166455208,0.002088832790439232
86,4,16,17,0.14166666666666666,0.1,9,0.0015380239369553875,0.001624633603088816
86,4,16,17,0.14166666666666666,0.1,11,0.001258353585477993,0.0013292391866232512
86,4,16,17,0.14166666666666666,0.1,13,0.0010647437776582403,0.001124737382415987
86,4,16,17,0.14166666666666666,0.1,15,0.000922767354701356,0.0009747703442621277
86,4,16,17,0.14166666666666666,0.1,17,0.0008141994403137147,0.0008600901700595495
86,4,16,17,0.14166666666666666,0.1,19,0.0007284893080703934,0.0007695534786406205
86,4,16,17,0.14166666666666666,0.5,1,0.3246390964765816,0.34102951276627075
86,4,16,17,0.14166666666666666,0.5,3,0.10609954263108472,0.11233621094686237
86,4,16,17,0.14166666666666666,0.5,5,0.06352003823857728,0.06733375540819324
86,4,16,17,0.14166666666666666,0.5,7,0.045336940229709646,0.04808139378259581
86,4,16,17,0.14166666666666666,0.5,9,0.03524882757208814,0.03739186695931731
86,4,16,17,0.14166666666666666,0.5,11,0.02883357107351975,0.030591268056859043
86,4,16,17,0.14166666666666666,0.5,13,0.024394099049278917,0.025883859010717963
86,4,16,17,0.14166666666666666,0.5,15,0.021139393688738465,0.0224320747723815
86,4,16,17,0.14166666666666666,0.5,17,0.018650994879389794,0.019792635883719496
86,4,16,17,0.14166666666666666,0.5,19,0.016686760216785723,0.017708957786673443
86,4,16,17,0.14166666666666666,1.0,1,1.0569581011113143,1.0963280258767234
86,4,16,17,0.14166666666666666,1.0,3,0.33775610541482676,0.35778224997855956
86,4,16,17,0.14166666666666666,1.0,5,0.20146643550323087,0.21419022902206866
86,4,16,17,0.14166666666666666,1.0,7,0.14358077882560363,0.15288857057573077
86,4,16,17,0.14166666666666666,1.0,9,0.1115421101380443,0.11887630779999926
86,4,16,17,0.14166666666666666,1.0,11,0.09119558738518235,0.09724554718006129
86,4,16,17,0.14166666666666666,1.0,13,0.07712772750629991,0.0822757043809476
86,4,16,17,0.14166666666666666,1.0,15,0.0668204690605481,0.07130029802416783
86,4,16,17,0.14166666666666666,1.0,17,0.05894356435830058,0.06290864284400396
86,4,16,17,0.14166666666666666,1.0,19,0.05272803147197091,0.05628439794522974
87,4,16,17,0.14166666666666666,0.1,1,0.01205511930257228,0.012627561738568351
87,4,16,17,0.14166666666666666,0.1,3,0.004013244250536964,0.004206691881374064
87,4,16,17,0.14166666666666666,0.1,5,0.002407699982278519,0.002523895737688911
87,4,16,17,0.14166666666666666,0.1,7,0.001719737171232798,0.0018027591816179667
87,4,16,17,0.14166666666666666,0.1,9,0.0013375578213877515,0.0014021385129216425
87,4,16,17,0.14166666666666666,0.1,11,0.00109435905648892,0.0011472011246171706
87,4,16,17,0.14166666666666666,0.1,13,0.0009259929936197837,0.000970707128852601
87,4,16,17,0.14166666666666666,0.1,15,0.0008025255585801303,0.0008412786878654548
87,4,16,17,0.14166666666666666,0.1,17,0.0007081097829985946,0.0007423042388015297
87,4,16,17,0.14166666666666666,0.1,19,0.0006335712812347019,0.0006641666457340798
87,4,16,17,0.14166666666666666,0.5,1,0.28174767364680803,0.29619933783664604
87,4,16,17,0.14166666666666666,0.5,3,0.0910159796509502,0.09738887673739684
87,4,16,17,0.14166666666666666,0.5,5,0.05445210169519645,0.05837408986219211
87,4,16,17,0.14166666666666666,0.5,7,0.03886097153151688,0.04168422002954567
87,4,16,17,0.14166666666666666,0.5,9,0.03021403158361765,0.032417370122974874
87,4,16,17,0.14166666666666666,0.5,11,0.024715818817875324,0.026521776365255843
87,4,16,17,0.14166666666666666,0.5,13,0.02091103187917869,0.022440760656560754
87,4,16,17,0.14166666666666666,0.5,15,0.018121599799359987,0.01944825568765453
87,4,16,17,0.14166666666666666,0.5,17,0.015988877370480787,0.01715998769426323
87,4,16,17,0.14166666666666666,0.5,19,0.014305352083060108,0.015353523964863265
87,4,16,17,0.14166666666666666,1.0,1,0.9233684152266238,0.9731818945652536
87,4,16,17,0.14166666666666666,1.0,3,0.2797229136462349,0.3121010891565971
87,4,16,17,0.14166666666666666,1.0,5,0.1661876417168096,0.1869032294859325
87,4,16,17,0.14166666666666666,1.0,7,0.11836144235949005,0.13343731230078956
87,4,16,17,0.14166666666666666,1.0,9,0.09194595634163025,0.10376429791481777
87,4,16,17,0.14166666666666666,1.0,11,0.07518113586015387,0.08488975897867856
87,4,16,17,0.14166666666666666,1.0,13,0.06359158663318026,0.07182577994900387
87,4,16,17,0.14166666666666666,1.0,15,0.0551000263804148,0.06224683347936888
87,4,16,17,0.14166666666666666,1.0,17,0.04861017018006373,0.0549223965684969
87,4,16,17,0.14166666666666666,1.0,19,0.04348859535750249,0.049140289906163544
88,4,16,17,0.14166666666666666,0.1,1,0.016158846970947358,0.016503863219751246
88,4,16,17,0.14166666666666666,0.1,3,0.005382467320474497,0.0054948492364238774
88,4,16,17,0.14166666666666666,0.1,5,0.0032292810204862456,0.0032963629769542035
88,4,16,17,0.14166666666666666,0.1,7,0.0023065866110107826,0.0023543938905896964
88,4,16,17,0.14166666666666666,0.1,9,0.0017939970393962821,0.0018311332216422696
88,4,16,17,0.14166666666666666,0.1,11,0.0014678091854559048,0.0014981686043746372
88,4,16,17,0.14166666666666666,0.1,13,0.0012419889660390609,0.0012676631703508392
88,4,16,17,0.14166666666666666,0.1,15,0.0010763884558946456,0.0010986301738520599
88,4,16,17,0.14166666666666666,0.1,17,0.0009497532803253031,0.0009693720673141028
88,4,16,17,0.14166666666666666,0.1,19,0.000849778428481463,0.0008673276534552157
88,4,16,17,0.14166666666666666,0.5,1,0.36798250493417384,0.37570890216740216
88,4,16,17,0.14166666666666666,0.5,3,0.12087498157593682,0.12306378879442914
88,4,16,17,0.14166666666666666,0.5,5,0.07242811850416911,0.07371839171274758
88,4,16,17,0.14166666666666666,0.5,7,0.05171233317131568,0.0526278871807128
88,4,16,17,0.14166666666666666,0.5,9,0.04021272428960604,0.04092233440804893
88,4,16,17,0.14166666666666666,0.5,11,0.03289763830955576,0.033476964161139294
88,4,16,17,0.14166666666666666,0.5,13,0.027834489949099355,0.028323957518946796
88,4,16,17,0.14166666666666666,0.5,15,0.02412205356714433,0.024545797483039693
88,4,16,17,0.14166666666666666,0.5,17,0.021283416742466827,0.02165699859653922
88,4,16,17,0.14166666666666666,0.5,19,0.019042551666703905,0.019376590913491268
88,4,16,17,0.14166666666666666,1.0,1,1.1233731893253553,1.1260252359868008
88,4,16,17,0.14166666666666666,1.0,3,0.3622316195424188,0.3544034304306543
88,4,16,17,0.14166666666666666,1.0,5,0.2166438091401815,0.2118947433431568
88,4,16,17,0.14166666666666666,1.0,7,0.15452046026617508,0.15120270080078926
88,4,16,17,0.14166666666666666,1.0,9,0.12008200320638072,0.1175510139766922
88,4,16,17,0.14166666666666666,1.0,11,0.09819552410611357,0.09615554750244117
88,4,16,17,0.14166666666666666,1.0,13,0.08305686070326745,0.08135068420533638
88,4,16,17,0.14166666666666666,1.0,15,0.07196232224331961,0.07049715552184548
88,4,16,17,0.14166666666666666,1.0,17,0.0634823931713354,0.06219913479915047
88,4,16,17,0.14166666666666666,1.0,19,0.05679026255586208,0.05564904322221949
89,4,16,17,0.14166666666666666,0.1,1,0.015383673964827043,0.015105329200810647
89,4,16,17,0.14166666666666666,0.1,3,0.0051217487043753165,0.005026180886619566
89,4,16,17,0.14166666666666666,0.1,5,0.0030724607444727356,0.0030148457905157236
89,4,16,17,0.14166666666666666,0.1,7,0.002194445273128982,0.002153212258070489
89,4,16,17,0.14166666666666666,0.1,9,0.0017067196349580419,0.0016746160796638015
89,4,16,17,0.14166666666666666,0.1,11,0.0013963705834262085,0.0013700869086933042
89,4,16,17,0.14166666666666666,0.1,13,0.0011815232707539332,0.0011592733110285254
89,4,16,17,0.14166666666666666,0.1,15,0.001023973555979499,0.0010046839965865038
89,4,16,17,0.14166666666666666,0.1,17,0.0009034971754728363,0.000886472775866425
89,4,16,17,0.14166666666666666,0.1,19,0.0008083859514120498,0.0007931506403752213
89,4,16,17,0.14166666666666666,0.5,1,0.35511339346371734,0.3517251272880114
89,4,16,17,0.14166666666666666,0.5,3,0.11674936834969712,0.11504066178597468
89,4,16,17,0.14166666666666666,0.5,5,0.06995196956719985,0.06887753328060828
89,4,16,17,0.14166666666666666,0.5,7,0.0499419017413881,0.049160964493958126
89,4,16,17,0.14166666666666666,0.5,9,0.03883461378070737,0.03822172244816742
89,4,16,17,0.14166666666666666,0.5,11,0.03176940097626967,0.03126518537464709
89,4,16,17,0.14166666666666666,0.5,13,0.026879375289369768,0.026451154979710817
89,4,16,17,0.14166666666666666,0.5,15,0.023293978289647452,0.02292187030163469
89,4,16,17,0.14166666666666666,0.5,17,0.02055254218454178,0.02022355703881122
89,4,16,17,0.14166666666666666,0.5,19,0.01838844966405835,0.01809363722049472
89,4,16,17,0.14166666666666666,1.0,1,1.1002485799975323,1.1038121775945564
89,4,16,17,0.14166666666666666,1.0,3,0.35140933021456444,0.3510150279673851
89,4,16,17,0.14166666666666666,1.0,5,0.21017763633549494,0.20978090965912732
89,4,16,17,0.14166666666666666,1.0,7,0.14999584940785482,0.14965289589059308
89,4,16,17,0.14166666666666666,1.0,9,0.11662081693024391,0.11632623191977912
89,4,16,17,0.14166666666666666,1.0,11,0.09539898753120525,0.09514283558609765
89,4,16,17,0.14166666666666666,1.0,13,0.08071322337510008,0.08048737642618603
89,4,16,17,0.14166666666666666,1.0,15,0.06994644401067356,0.06974481652890555
89,4,16,17,0.14166666666666666,1.0,17,0.06171441679772517,0.06153247948254025
89,4,16,17,0.14166666666666666,1.0,19,0.05521621051090448,0.05505054775251873
90,4,16,17,0.14166666666666666,0.1,1,0.01393490378470663,0.013564087428673566
90,4,16,17,0.14166666666666666,0.1,3,0.004624606917075754,0.004514551913138223
90,4,16,17,0.14166666666666666,0.1,5,0.0027726854905859005,0.0027082949078769568
90,4,16,17,0.14166666666666666,0.1,7,0.0019798806353283813,0.0019343909112874086
90,4,16,17,0.14166666666666666,0.1,9,0.0015396495626989802,0.001504486382821062
90,4,16,17,0.14166666666666666,0.1,11,0.0012595808522734234,0.0012309243719083424
90,4,16,17,0.14166666666666666,0.1,13,0.0010657222624433343,0.001041540911216742
90,4,16,17,0.14166666666666666,0.1,15,0.0009235773692818837,0.0009026624304054175
90,4,16,17,0.14166666666666666,0.1,17,0.0008148885706040105,0.0007964627114658599
90,4,16,17,0.14166666666666666,0.1,19,0.0007290878537976154,0.0007126216910062034
90,4,16,17,0.14166666666666666,0.5,1,0.32945876519174666,0.3159180162554626
90,4,16,17,0.14166666666666666,0.5,3,0.10529821206167583,0.10227758498649805
90,4,16,17,0.14166666666666666,0.5,5,0.06277631105251384,0.06118868197082601
90,4,16,17,0.14166666666666666,0.5,7,0.04472872151499118,0.04366527451019587
90,4,16,17,0.14166666666666666,0.5,9,0.03474330513263932,0.03394695562474861
90,4,16,17,0.14166666666666666,0.5,11,0.028403318074817628,0.02776785742516185
90,4,16,17,0.14166666666666666,0.5,13,0.024020392199815575,0.023492150915823826
90,4,16,17,0.14166666666666666,0.5,15,0.020809431071931492,0.020357642802368157
90,4,16,17,0.14166666666666666,0.5,17,0.01835577109679066,0.01796120210170498
90,4,16,17,0.14166666666666666,0.5,19,0.01641974393888972,0.01606958456985486
90,4,16,17,0.14166666666666666,1.0,1,1.079160869488247,1.0100935134442899
90,4,16,17,0.14166666666666666,1.0,3,0.3324871142241939,0.3109825129599545
90,4,16,17,0.14166666666666666,1.0,5,0.19644336200494864,0.18485088966943813
90,4,16,17,0.14166666666666666,1.0,7,0.1394461019482707,0.13160627755632465
90,4,16,17,0.14166666666666666,1.0,9,0.1080961368666902,0.10219480933363524
90,4,16,17,0.14166666666666666,1.0,11,0.08825839388705167,0.08353377152355004
90,4,16,17,0.14166666666666666,1.0,13,0.07457425375008869,0.07063778571713598
90,4,16,17,0.14166666666666666,1.0,15,0.06456452510571214,0.06119208700515427
90,4,16,17,0.14166666666666666,1.0,17,0.05692425359310748,0.05397510190668917
90,4,16,17,0.14166666666666666,1.0,19,0.05090106532185836,0.04828114243065144
91,4,16,17,0.14166666666666666,0.1,1,0.012563214507528626,0.012602009763527204
91,4,16,17,0.14166666666666666,0.1,3,0.004182758451524231,0.0041974203018817526
91,4,16,17,0.14166666666666666,0.1,5,0.002509415489573029,0.0025182955540665936
91,4,16,17,0.14166666666666666,0.1,7,0.0017923924771031797,0.0017987517017674112
91,4,16,17,0.14166666666666666,0.1,9,0.0013940679426260856,0.0013990192299680171
91,4,16,17,0.14166666666666666,0.1,11,0.0011405947919534332,0.0011446480086310178
91,4,16,17,0.14166666666666666,0.1,13,0.0009651156274382745,0.0009685463251557807
91,4,16,17,0.14166666666666666,0.1,15,0.0008364318893008364,0.0008394057331308242
91,4,16,17,0.14166666666666666,0.1,17,0.0007380271619838481,0.0007406514794136426
91,4,16,17,0.14166666666666666,0.1,19,0.0006603394802161299,0.000662687765489894
91,4,16,17,0.14166666666666666,0.5,1,0.2942559971708678,0.29085541616247707
91,4,16,17,0.14166666666666666,0.5,3,0.095239639700337,0.09557357524633613
91,4,16,17,0.14166666666666666,0.5,5,0.056997303366375214,0.0572843417484704
91,4,16,17,0.14166666666666666,0.5,7,0.04068331667093376,0.040905678370650546
91,4,16,17,0.14166666666666666,0.5,9,0.031633262245078425,0.031811785387408364
91,4,16,17,0.14166666666666666,0.5,11,0.02587789716541871,0.02602627546328221
91,4,16,17,0.14166666666666666,0.5,13,0.021894801288024315,0.02202147951004902
91,4,16,17,0.14166666666666666,0.5,15,0.01897447135908066,0.01908487256087857
91,4,16,17,0.14166666666666666,0.5,17,0.016741577180396733,0.016839351880662386
91,4,16,17,0.14166666666666666,0.5,19,0.014978927270991364,0.015066636992813541
91,4,16,17,0.14166666666666666,1.0,1,0.9659858157703258,0.9257017907220696
91,4,16,17,0.14166666666666666,1.0,3,0.2907516142608743,0.30201850384176415
91,4,16,17,0.14166666666666666,1.0,5,0.17205211193847156,0.18066420400615749
91,4,16,17,0.14166666666666666,1.0,7,0.12237133896162314,0.12893175478608157
91,4,16,17,0.14166666666666666,1.0,9,0.09500377593654787,0.10024307490878083
91,4,16,17,0.14166666666666666,1.0,11,0.07765700851726932,0.08200154224365121
91,4,16,17,0.14166666666666666,1.0,13,0.06567372075175872,0.06937833645198788
91,4,16,17,0.14166666666666666,1.0,15,0.056897500506849844,0.0601237576547663
91,4,16,17,0.14166666666666666,1.0,17,0.050191999957525206,0.05304793280100035
91,4,16,17,0.14166666666666666,1.0,19,0.044901285943997137,0.04746240643640979
92,4,16,17,0.14166666666666666,0.1,1,0.015047057245179187,0.013938895734478814
92,4,16,17,0.14166666666666666,0.1,3,0.0050102184625464355,0.0046337791479237845
92,4,16,17,0.14166666666666666,0.1,5,0.003005841274193623,0.0027791978863791807
92,4,16,17,0.14166666666666666,0.1,7,0.0021469675584787303,0.0019848456928025014
92,4,16,17,0.14166666666666666,0.1,9,0.0016698423111484158,0.0015436475411319368
92,4,16,17,0.14166666666666666,0.1,11,0.001366225152561831,0.0012629231353575858
92,4,16,17,0.14166666666666666,0.1,13,0.0011560317583330982,0.0010685921623810248
92,4,16,17,0.14166666666666666,0.1,15,0.0010018913570985165,0.000926091235783697
92,4,16,17,0.14166666666666666,0.1,17,0.0008840200182612063,0.0008171246719908944
92,4,16,17,0.14166666666666666,0.1,19,0.0007909641101777746,0.0007311012915985426
92,4,16,17,0.14166666666666666,0.5,1,0.34524973374370344,0.32448530237398326
92,4,16,17,0.14166666666666666,0.5,3,0.11226031480645553,0.10407403879080167
92,4,16,17,0.14166666666666666,0.5,5,0.06721537501105217,0.062175540058087536
92,4,16,17,0.14166666666666666,0.5,7,0.04798104004388913,0.04434512886031238
92,4,16,17,0.14166666666666666,0.5,9,0.0373082959556082,0.03446547756807728
92,4,16,17,0.14166666666666666,0.5,11,0.03052041816950558,0.028186936412208506
92,4,16,17,0.14166666666666666,0.5,13,0.025822614689157475,0.023843796186478083
92,4,16,17,0.14166666666666666,0.5,15,0.022378243605966554,0.020660550629402086
92,4,16,17,0.14166666666666666,0.5,17,0.01974466520243762,0.01822723951337245
92,4,16,17,0.14166666666666666,0.5,19,0.017665722215258223,0.016306754457568875
92,4,16,17,0.14166666666666666,1.0,1,1.0589443278593842,1.0305685052950455
92,4,16,17,0.14166666666666666,1.0,3,0.32988690629720757,0.3108840138384032
92,4,16,17,0.14166666666666666,1.0,5,0.19689342736746845,0.18412139407537204
92,4,16,17,0.14166666666666666,1.0,7,0.14036939822201175,0.13088159971222993
92,4,16,17,0.14166666666666666,1.0,9,0.10906912288067341,0.10154427820014213
92,4,16,17,0.14166666666666666,1.0,11,0.08918536465972453,0.08295679143421401
92,4,16,17,0.14166666666666666,1.0,13,0.07543455370930134,0.07012361904382805
92,4,16,17,0.14166666666666666,1.0,15,0.06535804187106482,0.060730109951269144
92,4,16,17,0.14166666666666666,1.0,17,0.057656577142317186,0.053556503349308074
92,4,16,17,0.14166666666666666,1.0,19,0.051578923993237435,0.04789889834567735
93,4,16,17,0.14166666666666666,0.1,1,0.014340852567589062,0.0140628750626917
93,4,16,17,0.14166666666666666,0.1,3,0.004773934950254071,0.0046808196679156725
93,4,16,17,0.14166666666666666,0.1,5,0.0028638607803886324,0.0028079236832447437
93,4,16,17,0.14166666666666666,0.1,7,0.0020454809864994773,0.0020055042516758503
93,4,16,17,0.14166666666666666,0.1,9,0.0015908757101054086,0.0015597731623567337
93,4,16,17,0.14166666666666666,0.1,11,0.0013015986793277973,0.001276146126511243
93,4,16,17,0.14166666666666666,0.1,13,0.0011013374272132253,0.0010797976952744213
93,4,16,17,0.14166666666666666,0.1,15,0.0009544829182757088,0.000935813262894652
93,4,16,17,0.14166666666666666,0.1,17,0.000842184491578676,0.0008257099881772232
93,4,16,17,0.14166666666666666,0.1,19,0.0007535290860937209,0.0007387878357796557
93,4,16,17,0.14166666666666666,0.5,1,0.33478477526253886,0.3275011008581419
93,4,16,17,0.14166666666666666,0.5,3,0.10929220353277841,0.10689440421411449
93,4,16,17,0.14166666666666666,0.5,5,0.06542655102176788,0.06397649987353952
93,4,16,17,0.14166666666666666,0.5,7,0.04669798542435709,0.04565769506335485
93,4,16,17,0.14166666666666666,0.5,9,0.03630752142818384,0.03549625118262535
93,4,16,17,0.14166666666666666,0.5,11,0.02969996007701395,0.029035015665509062
93,4,16,17,0.14166666666666666,0.5,13,0.025127356513470263,0.02456400071794258
93,4,16,17,0.14166666666666666,0.5,15,0.02177500747518388,0.021286305227000944
93,4,16,17,0.14166666666666666,0.5,17,0.019211925756240002,0.018780402711748027
93,4,16,17,0.14166666666666666,0.5,19,0.017188719283154588,0.01680239470633595
93,4,16,17,0.14166666666666666,1.0,1,1.0813882439588105,1.0522868428766332
93,4,16,17,0.14166666666666666,1.0,3,0.34029984751942105,0.33260974177284497
93,4,16,17,0.14166666666666666,1.0,5,0.20269618771136083,0.1976783315503124
93,4,16,17,0.14166666666666666,1.0,7,0.14444816782768324,0.14069198829428994
93,4,16,17,0.14166666666666666,1.0,9,0.11222794323356425,0.1092240585394692
93,4,16,17,0.14166666666666666,1.0,11,0.0917673272519715,0.08926450927488712
93,4,16,17,0.14166666666666666,1.0,13,0.077619535144914,0.07547457413498053
93,4,16,17,0.14166666666666666,1.0,15,0.06725261460601183,0.0653760373497391
93,4,16,17,0.14166666666666666,1.0,17,0.05932926340905461,0.05766141886006114
93,4,16,17,0.14166666666666666,1.0,19,0.05307645492622386,0.051575583985762646
94,4,16,17,0.14166666666666666,0.1,1,0.012742802339081684,0.012747686763507082
94,4,16,17,0.14166666666666666,0.1,3,0.004243937250102657,0.004244480689150073
94,4,16,17,0.14166666666666666,0.1,5,0.0025461834242452336,0.0025464595678783303
94,4,16,17,0.14166666666666666,0.1,7,0.0018186671736864168,0.0018188546382114726
94,4,16,17,0.14166666666666666,0.1,9,0.0014145076172043384,0.0014146502965602576
94,4,16,17,0.14166666666666666,0.1,11,0.0011573197347491016,0.0011574351783390493
94,4,16,17,0.14166666666666666,0.1,13,0.000979268267248283,0.0009793653207138572
94,4,16,17,0.14166666666666666,0.1,15,0.0008486979264388307,0.0008487816971752661
94,4,16,17,0.14166666666666666,0.1,17,0.0007488503811940515,0.0007489240947424564
94,4,16,17,0.14166666666666666,0.1,19,0.000670023567052328,0.0006700893946802041
94,4,16,17,0.14166666666666666,0.5,1,0.2986947131988613,0.3014622821565674
94,4,16,17,0.14166666666666666,0.5,3,0.09802566885517087,0.09828025089022586
94,4,16,17,0.14166666666666666,0.5,5,0.05873046074093784,0.05885627995912849
94,4,16,17,0.14166666666666666,0.5,7,0.04193334795086317,0.04201792940033416
94,4,16,17,0.14166666666666666,0.5,9,0.03260936409362963,0.03267345607652212
94,4,16,17,0.14166666666666666,0.5,11,0.026678121662086083,0.02672985892813127
94,4,16,17,0.14166666666666666,0.5,13,0.02257269063444548,0.022616126797745967
94,4,16,17,0.14166666666666666,0.5,15,0.01956239749460439,0.019599856441541007
94,4,16,17,0.14166666666666666,0.5,17,0.017260584372070252,0.017293526852889
94,4,16,17,0.14166666666666666,0.5,19,0.015443458225140786,0.015472864355734826
94,4,16,17,0.14166666666666666,1.0,1,0.9764137306121612,0.9873371332932096
94,4,16,17,0.14166666666666666,1.0,3,0.31650759369598025,0.31749840250397376
94,4,16,17,0.14166666666666666,1.0,5,0.18913323396022017,0.18981959476082744
94,4,16,17,0.14166666666666666,1.0,7,0.1349362480235732,0.1353665208427536
94,4,16,17,0.14166666666666666,1.0,9,0.10489884587154012,0.10518819406705877
94,4,16,17,0.14166666666666666,1.0,11,0.08580484197805271,0.08601245785094375
94,4,16,17,0.14166666666666666,1.0,13,0.07259360723816834,0.07275040180628593
94,4,16,17,0.14166666666666666,1.0,15,0.06290874501627189,0.06303201161761841
94,4,16,17,0.14166666666666666,1.0,17,0.05550434229157873,0.05560439803327154
94,4,16,17,0.14166666666666666,1.0,19,0.04965966152518994,0.04974300307081695
95,4,16,17,0.14166666666666666,0.1,1,0.013082184747657013,0.012443623849128862
95,4,16,17,0.14166666666666666,0.1,3,0.004355047568438785,0.0041431791799344765
95,4,16,17,0.14166666666666666,0.1,5,0.0026127546584133556,0.002485682502051542
95,4,16,17,0.14166666666666666,0.1,7,0.0018661994063140749,0.0017754432288101538
95,4,16,17,0.14166666666666666,0.1,9,0.0014514711661864478,0.0013808861192638035
95,4,16,17,0.14166666666666666,0.1,11,0.001187560168546887,0.0011298100472825854
95,4,16,17,0.14166666666666666,0.1,13,0.0010048551247741051,0.0009559902609900164
95,4,16,17,0.14166666666666666,0.1,15,0.0008708725495128055,0.000828523339939572
95,4,16,17,0.14166666666666666,0.1,17,0.0007684158397724147,0.0007310490900939218
95,4,16,17,0.14166666666666666,0.1,19,0.0006875292619535426,0.0006540959797939426
95,4,16,17,0.14166666666666666,0.5,1,0.30419461756749117,0.293624838901901
95,4,16,17,0.14166666666666666,0.5,3,0.0983454443007619,0.09556120704278034
95,4,16,17,0.14166666666666666,0.5,5,0.0588398669413887,0.05722923955426937
95,4,16,17,0.14166666666666666,0.5,7,0.0419948024628995,0.040856926155069785
95,4,16,17,0.14166666666666666,0.5,9,0.03265176445440947,0.03177085975757927
95,4,16,17,0.14166666666666666,0.5,11,0.02671056674761917,0.025991545277483173
95,4,16,17,0.14166666666666666,0.5,13,0.02259904823358259,0.02199148622958775
95,4,16,17,0.14166666666666666,0.5,15,0.01958464389821039,0.019058548754626932
95,4,16,17,0.14166666666666666,0.5,17,0.017279861239318007,0.016815930611212494
95,4,16,17,0.14166666666666666,0.5,19,0.015460484764776346,0.015045559170127596
95,4,16,17,0.14166666666666666,1.0,1,0.9858610907082143,0.9671986203087252
95,4,16,17,0.14166666666666666,1.0,3,0.30949558713840003,0.3028308465124165
95,4,16,17,0.14166666666666666,1.0,5,0.18438456372745066,0.18059248932759314
95,4,16,17,0.14166666666666666,1.0,7,0.1314309640679679,0.1287715856989403
95,4,16,17,0.14166666666666666,1.0,9,0.10213527996673312,0.10008373006047165
95,4,16,17,0.14166666666666666,1.0,11,0.08352812584371964,0.0818567873318332
95,4,16,17,0.14166666666666666,1.0,13,0.07065950127329282,0.06924885702947414
95,4,16,17,0.14166666666666666,1.0,15,0.061228340052118545,0.060007740364653624
95,4,16,17,0.14166666666666666,1.0,17,0.054019160276223555,0.05294332329224277
95,4,16,17,0.14166666666666666,1.0,19,0.0483292607326873,0.04736740256544864
96,4,16,17,0.14166666666666666,0.1,1,0.01432486659006054,0.01361577375494832
96,4,16,17,0.14166666666666666,0.1,3,0.004768654908523642,0.0045313833742891265
96,4,16,17,0.14166666666666666,0.1,5,0.0028607244357583615,0.0027183664964052522
96,4,16,17,0.14166666666666666,0.1,7,0.0020432521024857883,0.0019415776999995734
96,4,16,17,0.14166666666666666,0.1,9,0.0015891473710705737,0.0015100732082539248
96,4,16,17,0.14166666666666666,0.1,11,0.0013001874094368878,0.0012354939635186761
96,4,16,17,0.14166666666666666,0.1,13,0.001100144968909898,0.0010454066641275277
96,4,16,17,0.14166666666666666,0.1,15,0.0009534505475002266,0.0009060122357950695
96,4,16,17,0.14166666666666666,0.1,17,0.0008412743222817714,0.0007994180805278841
96,4,16,17,0.14166666666666666,0.1,19,0.0007527152557808487,0.0007152657300752404
96,4,16,17,0.14166666666666666,0.5,1,0.33142021551697715,0.31302680520694803
96,4,16,17,0.14166666666666666,0.5,3,0.10813997395038062,0.10097431112505054
96,4,16,17,0.14166666666666666,0.5,5,0.06475670134730195,0.060406202688944505
96,4,16,17,0.14166666666666666,0.5,7,0.04622573812087253,0.04310841678687183
96,4,16,17,0.14166666666666666,0.5,9,0.03594277624315218,0.033515132779551905
96,4,16,17,0.14166666666666666,0.5,11,0.02940281909434711,0.02741533336366779
96,4,16,17,0.14166666666666666,0.5,13,0.024876664807628714,0.023194363920249577
96,4,16,17,0.14166666666666666,0.5,15,0.021558199947211667,0.02009989875019994
96,4,16,17,0.14166666666666666,0.5,17,0.01902092995892457,0.017734018112890985
96,4,16,17,0.14166666666666666,0.5,19,0.017018041226563994,0.015866487197159548
96,4,16,17,0.14166666666666666,1.0,1,1.0397780075842422,0.9789008572193126
96,4,16,17,0.14166666666666666,1.0,3,0.3316649560189099,0.29826129006525715
96,4,16,17,0.14166666666666666,1.0,5,0.1982207920834307,0.17808364264406484
96,4,16,17,0.14166666666666666,1.0,7,0.1413891367266425,0.1270409851671527
96,4,16,17,0.14166666666666666,1.0,9,0.10989221603454,0.0987570020072042
96,4,16,17,0.14166666666666666,1.0,11,0.08987412999705213,0.08077844315900311
96,4,16,17,0.14166666666666666,1.0,13,0.07602622375698544,0.06833935254672042
96,4,16,17,0.14166666666666666,1.0,15,0.06587640741997637,0.05922076730225915
96,4,16,17,0.14166666666666666,1.0,17,0.05811769948939832,0.05224947014840135
96,4,16,17,0.14166666666666666,1.0,19,0.05199413402319219,0.04674678485035237
97,4,16,17,0.14166666666666666,0.1,1,0.015266411226275787,0.014518806168387882
97,4,16,17,0.14166666666666666,0.1,3,0.005085551178348725,0.004826472901330987
97,4,16,17,0.14166666666666666,0.1,5,0.0030509634535698742,0.002894558928873619
97,4,16,17,0.14166666666666666,0.1,7,0.0021791488579290734,0.002067154832684361
97,4,16,17,0.14166666666666666,0.1,9,0.0016948460372464504,0.0016076234478783846
97,4,16,17,0.14166666666666666,0.1,11,0.0013866675734293971,0.0013152441953045474
97,4,16,17,0.14166666666666666,0.1,13,0.0011733197066324497,0.0011128501133417458
97,4,16,17,0.14166666666666666,0.1,15,0.0010168679486942213,0.0009644392648042541
97,4,16,17,0.14166666666666666,0.1,17,0.000897230273628689,0.0008509551156263423
97,4,16,17,0.14166666666666666,0.1,19,0.0008027806411939555,0.0007613663204684339
97,4,16,17,0.14166666666666666,0.5,1,0.3526407605705291,0.3369173212037454
97,4,16,17,0.14166666666666666,0.5,3,0.11711393269357485,0.10931587899161152
97,4,16,17,0.14166666666666666,0.5,5,0.07022436986617378,0.06536181307410652
97,4,16,17,0.14166666666666666,0.5,7,0.05014752333311518,0.046627335494257335
97,4,16,17,0.14166666666666666,0.5,9,0.03899827292559404,0.03624195726736856
97,4,16,17,0.14166666666666666,0.5,11,0.031904934508854864,0.029640767123300618
97,4,16,17,0.14166666666666666,0.5,13,0.02699489355160838,0.02507400971688998
97,4,16,17,0.14166666666666666,0.5,15,0.023394572107182987,0.021726696907215473
97,4,16,17,0.14166666666666666,0.5,17,0.020641597192900096,0.019167895242621507
97,4,16,17,0.14166666666666666,0.5,19,0.01846832476541519,0.017148330838673027
97,4,16,17,0.14166666666666666,1.0,1,1.099819129511533,1.0551412990278828
97,4,16,17,0.14166666666666666,1.0,3,0.3671473111486744,0.3285802138593945
97,4,16,17,0.14166666666666666,1.0,5,0.22009492512463852,0.19509801351566777
97,4,16,17,0.14166666666666666,1.0,7,0.15715586672842288,0.1388461189368041
97,4,16,17,0.14166666666666666,1.0,9,0.12221003883048744,0.107796211229842
97,4,16,17,0.14166666666666666,1.0,11,0.09997887718512141,0.08810297503114144
97,4,16,17,0.14166666666666666,1.0,13,0.08459115865271229,0.07449664390930676
97,4,16,17,0.14166666666666666,1.0,15,0.07330838264505814,0.0645320457254165
97,4,16,17,0.14166666666666666,1.0,17,0.06468124036073537,0.05691932617902402
97,4,16,17,0.14166666666666666,1.0,19,0.05787085625258543,0.05091356109691618
98,4,16,17,0.14166666666666666,0.1,1,0.015020487444951089,0.014899544774005638
98,4,16,17,0.14166666666666666,0.1,3,0.004994621096612087,0.004946308510776377
98,4,16,17,0.14166666666666666,0.1,5,0.0029957436630761985,0.002965959563114181
98,4,16,17,0.14166666666666666,0.1,7,0.002139533663214669,0.002118028119360748
98,4,16,17,0.14166666666666666,0.1,9,0.0016639657546173741,0.001647141908336506
98,4,16,17,0.14166666666666666,0.1,11,0.001361368086952563,0.0013475532455912516
98,4,16,17,0.14166666666666666,0.1,13,0.0011518933601828514,0.001140174967317824
98,4,16,17,0.14166666666666666,0.1,15,0.0009982866372962587,0.0009881124598809994
98,4,16,17,0.14166666666666666,0.1,17,0.0008808271910014972,0.0008718377400965224
98,4,16,17,0.14166666666666666,0.1,19,0.0007880987721050273,0.0007800469745553285
98,4,16,17,0.14166666666666666,0.5,1,0.34719183513313323,0.34808369212222956
98,4,16,17,0.14166666666666666,0.5,3,0.11159387916522746,0.1099905242879693
98,4,16,17,0.14166666666666666,0.5,5,0.06670437250833033,0.06555067208284278
98,4,16,17,0.14166666666666666,0.5,7,0.0475864287148538,0.04671266557098046
98,4,16,17,0.14166666666666666,0.5,9,0.03698946897884331,0.03629047292152715
98,4,16,17,0.14166666666666666,0.5,11,0.03025362779952344,0.029672281415455665
98,4,16,17,0.14166666666666666,0.5,13,0.02559349647071953,0.02509631940905653
98,4,16,17,0.14166666666666666,0.5,15,0.022177576932141,0.021743461420502666
98,4,16,17,0.14166666666666666,0.5,17,0.019566214069061803,0.019181053366935222
98,4,16,17,0.14166666666666666,0.5,19,0.0175050844776082,0.017159004820591066
98,4,16,17,0.14166666666666666,1.0,1,1.0788784878048352,1.1072164925158574
98,4,16,17,0.14166666666666666,1.0,3,0.32555889919758385,0.33208053490910755
98,4,16,17,0.14166666666666666,1.0,5,0.19406957787100762,0.19762188427623947
98,4,16,17,0.14166666666666666,1.0,7,0.13834721065827654,0.14087907666182212
98,4,16,17,0.14166666666666666,1.0,9,0.10750237487333912,0.1094830909857469
98,4,16,17,0.14166666666666666,1.0,11,0.08790856630926337,0.08953823042934049
98,4,16,17,0.14166666666666666,1.0,13,0.07435778468068815,0.07574300210036929
98,4,16,17,0.14166666666666666,1.0,15,0.0644273731844848,0.06563224142202878
98,4,16,17,0.14166666666666666,1.0,17,0.056837217479766874,0.05790342754437173
98,4,16,17,0.14166666666666666,1.0,19,0.05084715312897431,0.051803391312323935
99,4,16,17,0.14166666666666666,0.1,1,0.015910275353921637,0.015326647751824726
99,4,16,17,0.14166666666666666,0.1,3,0.005299232521922893,0.005105112904789275
99,4,16,17,0.14166666666666666,0.1,5,0.003179099438715101,0.0030628075261851383
99,4,16,17,0.14166666666666666,0.1,7,0.0022706551196890238,0.002187654336963519
99,4,16,17,0.14166666666666666,0.1,9,0.001766009743718664,0.0017014836080149827
99,4,16,17,0.14166666666666666,0.1,11,0.001444888520029595,0.0013921106549871953
99,4,16,17,0.14166666666666666,0.1,13,0.001222581363955245,0.0011779329236953422
99,4,16,17,0.14166666666666666,0.1,15,0.0010595600036526248,0.001020870994217644
99,4,16,17,0.14166666666666666,0.1,17,0.0009348988168550654,0.0009007657639821977
99,4,16,17,0.14166666666666666,0.1,19,0.0008364834350769273,0.0008059464079892409
99,4,16,17,0.14166666666666666,0.5,1,0.36711415331563796,0.3561672554903641
99,4,16,17,0.14166666666666666,0.5,3,0.12149548195294607,0.1172472666271496
99,4,16,17,0.14166666666666666,0.5,5,0.07283016678845573,0.07024855185865278
99,4,16,17,0.14166666666666666,0.5,7,0.05200420243319579,0.050154266999029445
99,4,16,17,0.14166666666666666,0.5,9,0.040440863768063016,0.0390003559695413
99,4,16,17,0.14166666666666666,0.5,11,0.03308460890601081,0.03190542382607016
99,4,16,17,0.14166666666666666,0.5,13,0.027992769721549644,0.02699476419620188
99,4,16,17,0.14166666666666666,0.5,15,0.024259227019904305,0.023394191118773767
99,4,16,17,0.14166666666666666,0.5,17,0.021404425519848298,0.0206411183452588
99,4,16,17,0.14166666666666666,0.5,19,0.019150790072029886,0.01846781684701894
99,4,16,17,0.14166666666666666,1.0,1,1.1396602862459175,1.1231745026619346
99,4,16,17,0.14166666666666666,1.0,3,0.37221662949989487,0.36451700219798994
99,4,16,17,0.14166666666666666,1.0,5,0.22261709682964126,0.21739214235410603
99,4,16,17,0.14166666666666666,1.0,7,0.1588663677927247,0.1549422656020119
99,4,16,17,0.14166666666666666,1.0,9,0.12351501101571202,0.12038064112669382
99,4,16,17,0.14166666666666666,1.0,11,0.10103757558820686,0.09843078168040115
99,4,16,17,0.14166666666666666,1.0,13,0.0854833280128981,0.0832530813596605
99,4,16,17,0.14166666666666666,1.0,15,0.07408000368463656,0.07213170754093204
99,4,16,17,0.14166666666666666,1.0,17,0.06536137399961188,0.06363197432366441
99,4,16,17,0.14166666666666666,1.0,19,0.058479096382681485,0.05692450400604111
100,4,16,17,0.14166666666666666,0.1,1,0.013206656844707131,0.013193162617408672
100,4,16,17,0.14166666666666666,0.1,3,0.004392553307021199,0.004389964585222333
100,4,16,17,0.14166666666666666,0.1,5,0.002634673356419642,0.0026332691912185277
100,4,16,17,0.14166666666666666,0.1,7,0.0018816683838707925,0.0018807059857375717
100,4,16,17,0.14166666666666666,0.1,9,0.0014634200108587206,0.0014626880335821678
100,4,16,17,0.14166666666666666,0.1,11,0.001197292985488404,0.0011967024226416923
100,4,16,17,0.14166666666666666,0.1,13,0.0010130648984877444,0.001012569958762219
100,4,16,17,0.14166666666666666,0.1,15,0.0008779712718016214,0.0008775453043171629
100,4,16,17,0.14166666666666666,0.1,17,0.0007746682972723952,0.0007742944296914677
100,4,16,17,0.14166666666666666,0.1,19,0.000693115685718395,0.0006927825619939161
100,4,16,17,0.14166666666666666,0.5,1,0.310726710694349,0.3113628105053661
100,4,16,17,0.14166666666666666,0.5,3,0.10067960655491566,0.1018945469143593
100,4,16,17,0.14166666666666666,0.5,5,0.06024528728651987,0.06099469845465126
100,4,16,17,0.14166666666666666,0.5,7,0.04299501486790859,0.04353171263194493
100,4,16,17,0.14166666666666666,0.5,9,0.03342688483943615,0.03384408234096042
100,4,16,17,0.14166666666666666,0.5,11,0.027342883426801284,0.02768386985387009
100,4,16,17,0.14166666666666666,0.5,13,0.023132827836359032,0.023421059886657068
100,4,16,17,0.14166666666666666,0.5,15,0.02004637987685007,0.02029595634141165
100,4,16,17,0.14166666666666666,0.5,17,0.017686648672861165,0.01790669341383331
100,4,16,17,0.14166666666666666,0.5,19,0.01582398903323229,0.01602074148437282
100,4,16,17,0.14166666666666666,1.0,1,1.0068162896003519,1.0350405597518986
100,4,16,17,0.14166666666666666,1.0,3,0.3108974863733218,0.33135415272376306
100,4,16,17,0.14166666666666666,1.0,5,0.18539872231330257,0.1976924564365722
100,4,16,17,0.14166666666666666,1.0,7,0.13217229375858602,0.14089108368628045
100,4,16,17,0.14166666666666666,1.0,9,0.10271006937067868,0.10945329196886931
100,4,16,17,0.14166666666666666,1.0,11,0.08399449963995263,0.08948891819682983
100,4,16,17,0.14166666666666666,1.0,13,0.07105065901391693,0.07568540877160343
100,4,16,17,0.14166666666666666,1.0,15,0.061564604081710564,0.06557181319648828
100,4,16,17,0.14166666666666666,1.0,17,0.05431374404096309,0.057842846345926124
100,4,16,17,0.14166666666666666,1.0,19,0.048591189435017175,0.051743984527263365
101,4,16,17,0.14166666666666666,0.1,1,0.014951204324933697,0.014218525180166476
101,4,16,17,0.14166666666666666,0.1,3,0.004975695176357464,0.004735315900748051
101,4,16,17,0.14166666666666666,0.1,5,0.0029849214706341217,0.0028409885874224666
101,4,16,17,0.14166666666666666,0.1,7,0.0021319836030596717,0.002029238021628834
101,4,16,17,0.14166666666666666,0.1,9,0.0016581757740666229,0.0015782835836120055
101,4,16,17,0.14166666666666666,0.1,11,0.001356675181872632,0.0012913176907383577
101,4,16,17,0.14166666666666666,0.1,13,0.0011479490316549565,0.0010926508798995414
101,4,16,17,0.14166666666666666,0.1,15,0.0009948854018241894,0.0009469627089538473
101,4,16,17,0.14166666666666666,0.1,17,0.0008778378393367016,0.0008355545135575131
101,4,16,17,0.14166666666666666,0.1,19,0.0007854324608670672,0.0007476008937593707
101,4,16,17,0.14166666666666666,0.5,1,0.34409205108320373,0.3266406202366201
101,4,16,17,0.14166666666666666,0.5,3,0.11186867794737754,0.10660167365543126
101,4,16,17,0.14166666666666666,0.5,5,0.06696953073264401,0.06385611810328956
101,4,16,17,0.14166666666666666,0.5,7,0.04780373223054091,0.04559095554097017
101,4,16,17,0.14166666666666666,0.5,9,0.03717027638577768,0.03545306034910118
101,4,16,17,0.14166666666666666,0.5,11,0.030407675078088833,0.029004329088149854
101,4,16,17,0.14166666666666666,0.5,13,0.02572742783628526,0.02454080112823501
101,4,16,17,0.14166666666666666,0.5,15,0.022295932844193764,0.021267974785140597
101,4,16,17,0.14166666666666666,0.5,17,0.019672188950921453,0.018765435854483033
101,4,16,17,0.14166666666666666,0.5,19,0.01760099647441826,0.01678986067571132
101,4,16,17,0.14166666666666666,1.0,1,1.0558794930363615,1.0090815972903626
101,4,16,17,0.14166666666666666,1.0,3,0.33343681102134437,0.3189437907100641
101,4,16,17,0.14166666666666666,1.0,5,0.19968851711042107,0.19071157177704814
101,4,16,17,0.14166666666666666,1.0,7,0.1425682338829551,0.13609484538513328
101,4,16,17,0.14166666666666666,1.0,9,0.11086579561880608,0.10581075991753476
101,4,16,17,0.14166666666666666,1.0,11,0.09069995895280433,0.08655556258946093
101,4,16,17,0.14166666666666666,1.0,13,0.07674205135066997,0.0732311122903954
101,4,16,17,0.14166666666666666,1.0,15,0.06650757549024182,0.06346250099232408
101,4,16,17,0.14166666666666666,1.0,17,0.058681859740088015,0.05599369306295629
101,4,16,17,0.14166666666666666,1.0,19,0.05250401089838475,0.050097969471074096
102,4,16,17,0.14166666666666666,0.1,1,0.014260609671568274,0.014008915999913833
102,4,16,17,0.14166666666666666,0.1,3,0.004746381222788327,0.004659795507135203
102,4,16,17,0.14166666666666666,0.1,5,0.0028473713879141197,0.0027950465526653586
102,4,16,17,0.14166666666666666,0.1,7,0.0020337260142179554,0.0019962327440242516
102,4,16,17,0.14166666666666666,0.1,9,0.0015817449830221907,0.0015525315541766312
102,4,16,17,0.14166666666666666,0.1,11,0.0012941349609702077,0.0012702057334057289
102,4,16,17,0.14166666666666666,0.1,13,0.0010950262377204842,0.0010747623188128372
102,4,16,17,0.14166666666666666,0.1,15,0.000949016037431747,0.0009314436895423489
102,4,16,17,0.14166666666666666,0.1,17,0.0008373627273063238,0.0008218507519171315
102,4,16,17,0.14166666666666666,0.1,19,0.0007492162856183383,0.0007353322190025274
102,4,16,17,0.14166666666666666,0.5,1,0.33077192238175035,0.32539090371422624
102,4,16,17,0.14166666666666666,0.5,3,0.10706872612734544,0.10529558313553777
102,4,16,17,0.14166666666666666,0.5,5,0.06407192183533232,0.0630092042951674
102,4,16,17,0.14166666666666666,0.5,7,0.04573023369586199,0.044969713910835464
102,4,16,17,0.14166666666666666,0.5,9,0.03555597364533284,0.03496339781535858
102,4,16,17,0.14166666666666666,0.5,11,0.029086021776253114,0.02860048995182276
102,4,16,17,0.14166666666666666,0.5,13,0.02460857567499295,0.024197274363654524
102,4,16,17,0.14166666666666666,0.5,15,0.021325908747157004,0.020969123964851847
102,4,16,17,0.14166666666666666,0.5,17,0.0188160388146116,0.01850099645049491
102,4,16,17,0.14166666666666666,0.5,19,0.01683478797519902,0.01655273618805855
102,4,16,17,0.14166666666666666,1.0,1,1.052144042086458,1.0320948636652238
102,4,16,17,0.14166666666666666,1.0,3,0.32609737766019725,0.3230419622270391
102,4,16,17,0.14166666666666666,1.0,5,0.19386379266481416,0.19228815794496018
102,4,16,17,0.14166666666666666,1.0,7,0.1380667871639418,0.13696756083986422
102,4,16,17,0.14166666666666666,1.0,9,0.10724024533127637,0.10638561299836333
102,4,16,17,0.14166666666666666,1.0,11,0.08767625410624837,0.08697376574745859
102,4,16,17,0.14166666666666666,1.0,13,0.07415290513855576,0.07355526277606424
102,4,16,17,0.14166666666666666,1.0,15,0.06424554854388978,0.06372493650691445
102,4,16,17,0.14166666666666666,1.0,17,0.05667443785967952,0.05621297741039459
102,4,16,17,0.14166666666666666,1.0,19,0.050700147953976565,0.050285613333765536
103,4,16,17,0.14166666666666666,0.1,1,0.013539061608753834,0.014021064489507108
103,4,16,17,0.14166666666666666,0.1,3,0.004506902795319318,0.004664315341418931
103,4,16,17,0.14166666666666666,0.1,5,0.0027037530240974364,0.0027978415616712418
103,4,16,17,0.14166666666666666,0.1,7,0.0019311578618609179,0.001998256423194301
103,4,16,17,0.14166666666666666,0.1,9,0.0015019758767511947,0.0015541176592232873
103,4,16,17,0.14166666666666666,0.1,11,0.0012288722209521648,0.0012715098818288847
103,4,16,17,0.14166666666666666,0.1,13,0.0010398054987320626,0.0010758696354915113
103,4,16,17,0.14166666666666666,0.1,15,0.0009011590154791781,0.0009324058021665334
103,4,16,17,0.14166666666666666,0.1,17,0.0007951365591810334,0.0008227013294912746
103,4,16,17,0.14166666666666666,0.1,19,0.0007114353979468027,0.000736094436130151
103,4,16,17,0.14166666666666666,0.5,1,0.31530670067658173,0.32492482191272004
103,4,16,17,0.14166666666666666,0.5,3,0.10243274923650163,0.1049134542981146
103,4,16,17,0.14166666666666666,0.5,5,0.06134880792302513,0.06278605250518376
103,4,16,17,0.14166666666666666,0.5,7,0.043797768087934036,0.04481232912699542
103,4,16,17,0.14166666666666666,0.5,9,0.0340573482920471,0.034841829222587724
103,4,16,17,0.14166666666666666,0.5,11,0.027861853023964316,0.028501449545464137
103,4,16,17,0.14166666666666666,0.5,13,0.02357378076573546,0.024113713627827445
103,4,16,17,0.14166666666666666,0.5,15,0.020429694383360873,0.020896855883815922
103,4,16,17,0.14166666666666666,0.5,17,0.018025645011277527,0.01843733094119564
103,4,16,17,0.14166666666666666,0.5,19,0.016127849993590397,0.016495842364710397
103,4,16,17,0.14166666666666666,1.0,1,1.0086125911573787,1.0131531291900562
103,4,16,17,0.14166666666666666,1.0,3,0.31972321075597376,0.31756241331934465
103,4,16,17,0.14166666666666666,1.0,5,0.19074049768670598,0.1892436169345446
103,4,16,17,0.14166666666666666,1.0,7,0.13595503547889395,0.13476222846832883
103,4,16,17,0.14166666666666666,1.0,9,0.10562807103567018,0.10463695838015168
103,4,16,17,0.14166666666666666,1.0,11,0.08636629454410988,0.08551978413436263
103,4,16,17,0.14166666666666666,1.0,13,0.07304717895673175,0.07230914688962709
103,4,16,17,0.14166666666666666,1.0,15,0.06328777270457248,0.06263394613383477
103,4,16,17,0.14166666666666666,1.0,17,0.05582908511771442,0.055242423018389816
103,4,16,17,0.14166666666666666,1.0,19,0.049943264055977044,0.049411373047692005
104,4,16,17,0.14166666666666666,0.1,1,0.015957316964168262,0.015122484992758815
104,4,16,17,0.14166666666666666,0.1,3,0.005313589420766482,0.00503372070394809
104,4,16,17,0.14166666666666666,0.1,5,0.0031878498318126526,0.003019829737441336
104,4,16,17,0.14166666666666666,0.1,7,0.002276968588513012,0.0021569303915376812
104,4,16,17,0.14166666666666666,0.1,9,0.001770951858859273,0.0016775797912857956
104,4,16,17,0.14166666666666666,0.1,11,0.0014489498625419122,0.0013725502213396018
104,4,16,17,0.14166666666666666,0.1,13,0.0012260288174081233,0.001161380588693343
104,4,16,17,0.14166666666666666,0.1,15,0.0010625549747012618,0.0010065250647597786
104,4,16,17,0.14166666666666666,0.1,17,0.0009375463973979242,0.0008881073000061695
104,4,16,17,0.14166666666666666,0.1,19,0.0008388558892376052,0.0007946202605760292
104,4,16,17,0.14166666666666666,0.5,1,0.36533523955591823,0.34312447981167804
104,4,16,17,0.14166666666666666,0.5,3,0.11912636581323696,0.11081350720556926
104,4,16,17,0.14166666666666666,0.5,5,0.07135195392252872,0.06632815298654897
104,4,16,17,0.14166666666666666,0.5,7,0.05093959756544862,0.04734462470851196
104,4,16,17,0.14166666666666666,0.5,9,0.039610757756496515,0.03681281274681863
104,4,16,17,0.14166666666666666,0.5,11,0.032404861334917254,0.030114972229240845
104,4,16,17,0.14166666666666666,0.5,13,0.02741746236755737,0.025479595701480704
104,4,16,17,0.14166666666666666,0.5,15,0.023760629685919254,0.022081029067363513
104,4,16,17,0.14166666666666666,0.5,17,0.020964533161634803,0.019482481760520965
104,4,16,17,0.14166666666666666,0.5,19,0.01875725958365538,0.017431192828002984
104,4,16,17,0.14166666666666666,1.0,1,1.114880501323902,1.038659802645591
104,4,16,17,0.14166666666666666,1.0,3,0.35412483741487655,0.3319551731841139
104,4,16,17,0.14166666666666666,1.0,5,0.2119213277039445,0.19792387292254576
104,4,16,17,0.14166666666666666,1.0,7,0.1512443777060496,0.14101158216512846
104,4,16,17,0.14166666666666666,1.0,9,0.11758578099409235,0.1095236593077686
104,4,16,17,0.14166666666666666,1.0,11,0.09618298100143745,0.08953270487668417
104,4,16,17,0.14166666666666666,1.0,13,0.08137245451746396,0.07571366539485788
104,4,16,17,0.14166666666666666,1.0,15,0.07051472822933108,0.0655903640335109
104,4,16,17,0.14166666666666666,1.0,17,0.062213578043270094,0.05785502285655513
104,4,16,17,0.14166666666666666,1.0,19,0.05566111366193004,0.05175181323894409
105,4,16,17,0.14166666666666666,0.1,1,0.01261753587009646,0.01283606935800283
105,4,16,17,0.14166666666666666,0.1,3,0.00419778203508756,0.004269196458311071
105,4,16,17,0.14166666666666666,0.1,5,0.0025178856046742903,0.002560469294245761
105,4,16,17,0.14166666666666666,0.1,7,0.0017982633468502636,0.001828592191754913
105,4,16,17,0.14166666666666666,0.1,9,0.0013985541873127816,0.0014221038181412523
105,4,16,17,0.14166666666666666,0.1,11,0.0011442229345799155,0.001163469832141291
105,4,16,17,0.14166666666666666,0.1,13,0.0009681604454848583,0.0009844338239387207
105,4,16,17,0.14166666666666666,0.1,15,0.0008390546137088094,0.0008531502154814141
105,4,16,17,0.14166666666666666,0.1,17,0.0007403303874820453,0.000752762252135795
105,4,16,17,0.14166666666666666,0.1,19,0.0006623924939673299,0.0006735118841915757
105,4,16,17,0.14166666666666666,0.5,1,0.3006467511849021,0.30715835945267844
105,4,16,17,0.14166666666666666,0.5,3,0.09817788783699899,0.10075302342024342
105,4,16,17,0.14166666666666666,0.5,5,0.05874797342321252,0.06030117516608977
105,4,16,17,0.14166666666666666,0.5,7,0.04192007118339295,0.04302872502839154
105,4,16,17,0.14166666666666666,0.5,9,0.03258720710871182,0.03344847943248443
105,4,16,17,0.14166666666666666,0.5,11,0.02665362054775106,0.027357560117985555
105,4,16,17,0.14166666666666666,0.5,13,0.02254814335928534,0.023143270649041283
105,4,16,17,0.14166666666666666,0.5,15,0.019538660995480156,0.020054074316708703
105,4,16,17,0.14166666666666666,0.5,17,0.017237960334066146,0.017692472655588497
105,4,16,17,0.14166666666666666,0.5,19,0.0154220186661121,0.015828490692147663
105,4,16,17,0.14166666666666666,1.0,1,1.0140618324107777,1.0397905431039338
105,4,16,17,0.14166666666666666,1.0,3,0.32534110688131285,0.3381215200895691
105,4,16,17,0.14166666666666666,1.0,5,0.19415257825137283,0.20195284426498003
105,4,16,17,0.14166666666666666,1.0,7,0.13837928283613724,0.14395964623480811
105,4,16,17,0.14166666666666666,1.0,9,0.10750269664282255,0.11184022677449973
105,4,16,17,0.14166666666666666,1.0,11,0.08789276669699482,0.0914382043287176
105,4,16,17,0.14166666666666666,1.0,13,0.07433388802747726,0.07733106642542632
105,4,16,17,0.14166666666666666,1.0,15,0.0643995033126767,0.06699491691305116
105,4,16,17,0.14166666666666666,1.0,17,0.056807571386830895,0.05909601682397774
105,4,16,17,0.14166666666666666,1.0,19,0.050816938624056965,0.0528632475014555
106,4,16,17,0.14166666666666666,0.1,1,0.01708338948826318,0.016234312120379166
106,4,16,17,0.14166666666666666,0.1,3,0.005689020347064407,0.00540304881996781
106,4,16,17,0.14166666666666666,0.1,5,0.0034130815455140034,0.003241398231741618
106,4,16,17,0.14166666666666666,0.1,7,0.0024378373050317186,0.002315194262278765
106,4,16,17,0.14166666666666666,0.1,9,0.0018960665919605852,0.0018006760936646762
106,4,16,17,0.14166666666666666,0.1,11,0.0015513134786610048,0.001473267091485045
106,4,16,17,0.14166666666666666,0.1,13,0.0013126423660686562,0.001246603782886276
106,4,16,17,0.14166666666666666,0.1,15,0.0011376188620819405,0.001080386047051931
106,4,16,17,0.14166666666666666,0.1,17,0.0010037784212640762,0.0009532793999736631
106,4,16,17,0.14166666666666666,0.1,19,0.0008981155344135446,0.0008529326229417631
106,4,16,17,0.14166666666666666,0.5,1,0.38593821311968035,0.366891636164204
106,4,16,17,0.14166666666666666,0.5,3,0.12624328891411224,0.11795318581312626
106,4,16,17,0.14166666666666666,0.5,5,0.07565110303372599,0.0705777769779174
106,4,16,17,0.14166666666666666,0.5,7,0.054017549654539934,0.05037500930783898
106,4,16,17,0.14166666666666666,0.5,9,0.042007481520978614,0.039168512260798004
106,4,16,17,0.14166666666666666,0.5,11,0.034367161434568215,0.032041972215962805
106,4,16,17,0.14166666666666666,0.5,13,0.02907862260550476,0.02711000717944767
106,4,16,17,0.14166666666666666,0.5,15,0.02520076461371714,0.023494016991826263
106,4,16,17,0.14166666666666666,0.5,17,0.022235544952380375,0.020729234607190946
106,4,16,17,0.14166666666666666,0.5,19,0.019894691564372874,0.018546720012876126
106,4,16,17,0.14166666666666666,1.0,1,1.1363935048100042,1.0911384464826668
106,4,16,17,0.14166666666666666,1.0,3,0.36972923461474666,0.3455192380172926
106,4,16,17,0.14166666666666666,1.0,5,0.22161747744921967,0.20726015548659238
106,4,16,17,0.14166666666666666,1.0,7,0.15820994818512205,0.1480154695130134
106,4,16,17,0.14166666666666666,1.0,9,0.12300894240034572,0.115107186112184
106,4,16,17,0.14166666666666666,1.0,11,0.10061957001926168,0.09416893048478799
106,4,16,17,0.14166666666666666,1.0,13,0.08512489698255543,0.07967518913308154
106,4,16,17,0.14166666666666666,1.0,15,0.07376526770772857,0.06904763253910355
106,4,16,17,0.14166666666666666,1.0,17,0.06508035681329777,0.06092142296509419
106,4,16,17,0.14166666666666666,1.0,19,0.05822502500949275,0.054506482469106145
107,4,16,17,0.14166666666666666,0.1,1,0.01636757235780032,0.01584071020915434
107,4,16,17,0.14166666666666666,0.1,3,0.005452253448223037,0.005274412750300486
107,4,16,17,0.14166666666666666,0.1,5,0.003271166712996157,0.003164314057215668
107,4,16,17,0.14166666666666666,0.1,7,0.002336508385209039,0.0022601489183557595
107,4,16,17,0.14166666666666666,0.1,9,0.0018172708322661928,0.0017578664123837566
107,4,16,17,0.14166666666666666,0.1,11,0.0014868520033052947,0.0014382418222982263
107,4,16,17,0.14166666666666666,0.1,13,0.001258102464027566,0.001216967151625974
107,4,16,17,0.14166666666666666,0.1,15,0.0010903536969345431,0.0010547008932834177
107,4,16,17,0.14166666666666666,0.1,17,0.0009620756883879426,0.0009306158994003486
107,4,16,17,0.14166666666666666,0.1,19,0.0008608038348043784,0.0008326546185997729
107,4,16,17,0.14166666666666666,0.5,1,0.37221648787046685,0.36377180182020813
107,4,16,17,0.14166666666666666,0.5,3,0.12240635356678008,0.11834694987437369
107,4,16,17,0.14166666666666666,0.5,5,0.07335094137462801,0.07085129538859075
107,4,16,17,0.14166666666666666,0.5,7,0.0523718895716796,0.050573668942484294
107,4,16,17,0.14166666666666666,0.5,9,0.04072572244569655,0.0393229614588664
107,4,16,17,0.14166666666666666,0.5,11,0.033317320861064,0.03216786278343805
107,4,16,17,0.14166666666666666,0.5,13,0.028189562225191537,0.027216080542991593
107,4,16,17,0.14166666666666666,0.5,15,0.024429746850879668,0.02358558527013684
107,4,16,17,0.14166666666666666,0.5,17,0.0215548823903532,0.020809747553082344
107,4,16,17,0.14166666666666666,0.5,19,0.01928541965778469,0.018618537323549213
107,4,16,17,0.14166666666666666,1.0,1,1.1277863599541953,1.1279503596161498
107,4,16,17,0.14166666666666666,1.0,3,0.36532618914885934,0.3505263357117975
107,4,16,17,0.14166666666666666,1.0,5,0.21838229153002234,0.20863970693766856
107,4,16,17,0.14166666666666666,1.0,7,0.15571432370305285,0.14861397408451932
107,4,16,17,0.14166666666666666,1.0,9,0.12098865906920503,0.11542929447174767
107,4,16,17,0.14166666666666666,1.0,11,0.09892571152919587,0.09436519653176055
107,4,16,17,0.14166666666666666,1.0,13,0.08366785143254042,0.07980472434341127
107,4,16,17,0.14166666666666666,1.0,15,0.07248747306934741,0.06913797900191418
107,4,16,17,0.14166666666666666,1.0,17,0.06394280575522243,0.06098701105588388
107,4,16,17,0.14166666666666666,1.0,19,0.05720012174219347,0.05455554805092193
108,4,16,17,0.14166666666666666,0.1,1,0.013691985738179719,0.013402429281981997
108,4,16,17,0.14166666666666666,0.1,3,0.004559767428233947,0.004462526301541188
108,4,16,17,0.14166666666666666,0.1,5,0.0027356578832833634,0.002677278428241778
108,4,16,17,0.14166666666666666,0.1,7,0.0019540014868045506,0.0019122950298018683
108,4,16,17,0.14166666666666666,0.1,9,0.0015197661772290924,0.0014873256302866868
108,4,16,17,0.14166666666666666,0.1,11,0.0012434397707669228,0.0012168965974143201
108,4,16,17,0.14166666666666666,0.1,13,0.0010521387733210474,0.0010296787233635828
108,4,16,17,0.14166666666666666,0.1,15,0.0009118522054714944,0.0008923865886424013
108,4,16,17,0.14166666666666666,0.1,17,0.0008045746509902315,0.0007873989650869484
108,4,16,17,0.14166666666666666,0.1,19,0.0007198820652481715,0.0007045142574132764
108,4,16,17,0.14166666666666666,0.5,1,0.31283331477206344,0.3112054739961463
108,4,16,17,0.14166666666666666,0.5,3,0.10186090356868847,0.10099146284764385
108,4,16,17,0.14166666666666666,0.5,5,0.06100503748139243,0.060466421840770154
108,4,16,17,0.14166666666666666,0.5,7,0.0435531500072315,0.043165075417522236
108,4,16,17,0.14166666666666666,0.5,9,0.0338676763733673,0.033564767438949955
108,4,16,17,0.14166666666666666,0.5,11,0.027707020750446357,0.02745874150595999
108,4,16,17,0.14166666666666666,0.5,13,0.02344299294974651,0.023232694058989124
108,4,16,17,0.14166666666666666,0.5,15,0.020316494380683656,0.02013411762818811
108,4,16,17,0.14166666666666666,0.5,17,0.017925866801237793,0.017764876716366316
108,4,16,17,0.14166666666666666,0.5,19,0.01603865004240854,0.01589456272702807
108,4,16,17,0.14166666666666666,1.0,1,0.9480628471454168,0.9900960753900576
108,4,16,17,0.14166666666666666,1.0,3,0.28877606548143675,0.30174681872982584
108,4,16,17,0.14166666666666666,1.0,5,0.172010458818941,0.17975753163591107
108,4,16,17,0.14166666666666666,1.0,7,0.12261374641717088,0.1281438361917137
108,4,16,17,0.14166666666666666,1.0,9,0.09528547384934066,0.09958593854158185
108,4,16,17,0.14166666666666666,1.0,11,0.07792729512708974,0.08144564166424487
108,4,16,17,0.14166666666666666,1.0,13,0.06592212928601553,0.06889910850393689
108,4,16,17,0.14166666666666666,1.0,15,0.05712361277797091,0.05970362329475795
108,4,16,17,0.14166666666666666,1.0,17,0.05039793677567426,0.05267439688542878
108,4,16,17,0.14166666666666666,1.0,19,0.04508959513861454,0.04712641664967744
109,4,16,17,0.14166666666666666,0.1,1,0.01225139745012633,0.012105045610140933
109,4,16,17,0.14166666666666666,0.1,3,0.004068424802818764,0.004031278821152837
109,4,16,17,0.14166666666666666,0.1,5,0.00244014307948023,0.0024185882420393974
109,4,16,17,0.14166666666666666,0.1,7,0.001742774049708551,0.0017275277995543055
109,4,16,17,0.14166666666666666,0.1,9,0.0013554309944401129,0.0013436214571961693
109,4,16,17,0.14166666666666666,0.1,11,0.0011089640560158478,0.0010993219768766244
109,4,16,17,0.14166666666666666,0.1,13,0.0009383420334449088,0.0009301932462523391
109,4,16,17,0.14166666666666666,0.1,15,0.0008132231360471644,0.0008061662443348582
109,4,16,17,0.14166666666666666,0.1,17,0.0007175459146748405,0.0007113224280619321
109,4,16,17,0.14166666666666666,0.1,19,0.0006420123103312249,0.0006364459258252085
109,4,16,17,0.14166666666666666,0.5,1,0.2953059743517976,0.28466580405401704
109,4,16,17,0.14166666666666666,0.5,3,0.09486851311069051,0.0929533832109324
109,4,16,17,0.14166666666666666,0.5,5,0.056738712135817625,0.05568364089475171
109,4,16,17,0.14166666666666666,0.5,7,0.040491030558053066,0.039756702009949595
109,4,16,17,0.14166666666666666,0.5,9,0.03148121808555275,0.030916339723051713
109,4,16,17,0.14166666666666666,0.5,11,0.02575245452530431,0.025292893888943107
109,4,16,17,0.14166666666666666,0.5,13,0.02178814670109535,0.021400563741541652
109,4,16,17,0.14166666666666666,0.5,15,0.018881758544438004,0.01854654867022862
109,4,16,17,0.14166666666666666,0.5,17,0.01665960691187217,0.01636424411444359
109,4,16,17,0.14166666666666666,0.5,19,0.014905481854913387,0.014641467736967678
109,4,16,17,0.14166666666666666,1.0,1,0.991416792268243,0.9438232222455971
109,4,16,17,0.14166666666666666,1.0,3,0.3080570312355158,0.3032668469505932
109,4,16,17,0.14166666666666666,1.0,5,0.1843288819186275,0.18176530818330613
109,4,16,17,0.14166666666666666,1.0,7,0.13157376345412686,0.1298000885152462
109,4,16,17,0.14166666666666666,1.0,9,0.10230736387316719,0.10094587582175636
109,4,16,17,0.14166666666666666,1.0,11,0.08369468593994614,0.08258814788928726
109,4,16,17,0.14166666666666666,1.0,13,0.07081310544277074,0.06988039228172896
109,4,16,17,0.14166666666666666,1.0,15,0.06136839500120849,0.06056198946180963
109,4,16,17,0.14166666666666666,1.0,17,0.05414684184475761,0.0534364530069742
109,4,16,17,0.14166666666666666,1.0,19,0.0484460836815959,0.047811190391108795
110,4,16,17,0.14166666666666666,0.1,1,0.01818379862839522,0.016270383813444565
110,4,16,17,0.14166666666666666,0.1,3,0.006052380858167455,0.005414977127466321
110,4,16,17,0.14166666666666666,0.1,5,0.003630734114245541,0.0032484849921342995
110,4,16,17,0.14166666666666666,0.1,7,0.0025931957322122452,0.002320230363073724
110,4,16,17,0.14166666666666666,0.1,9,0.0020168551304395226,0.0018045809937224967
110,4,16,17,0.14166666666666666,0.1,11,0.0016501168474564688,0.001476455455403934
110,4,16,17,0.14166666666666666,0.1,13,0.0013962314688175754,0.001249297684900543
110,4,16,17,0.14166666666666666,0.1,15,0.0012100540529844084,0.0010827182079197293
110,4,16,17,0.14166666666666666,0.1,17,0.0010676859758345573,0.0009553354416682926
110,4,16,17,0.14166666666666666,0.1,19,0.0009552918571579012,0.0008547709918576001
110,4,16,17,0.14166666666666666,0.5,1,0.41288391958730913,0.3695155833530462
110,4,16,17,0.14166666666666666,0.5,3,0.13469939309126272,0.11937118813746025
110,4,16,17,0.14166666666666666,0.5,5,0.08067102866988488,0.07145430167598286
110,4,16,17,0.14166666666666666,0.5,7,0.05758875737353128,0.05100499470863611
110,4,16,17,0.14166666666666666,0.5,9,0.044779178297482035,0.03965955622744546
110,4,16,17,0.14166666666666666,0.5,11,0.03663192892336659,0.03244410535618467
110,4,16,17,0.14166666666666666,0.5,13,0.030993249300733668,0.027450422978173593
110,4,16,17,0.14166666666666666,0.5,15,0.02685903202521581,0.023789109065003648
110,4,16,17,0.14166666666666666,0.5,17,0.023698003174710745,0.020989639011345394
110,4,16,17,0.14166666666666666,0.5,19,0.021202702689576563,0.018779725888066628
110,4,16,17,0.14166666666666666,1.0,1,1.2227332098913721,1.1146067094742027
110,4,16,17,0.14166666666666666,1.0,3,0.3981391503500977,0.35538917640696693
110,4,16,17,0.14166666666666666,1.0,5,0.23871532995583897,0.211982086510727
110,4,16,17,0.14166666666666666,1.0,7,0.17045099178361756,0.1510826490361751
110,4,16,17,0.14166666666666666,1.0,9,0.13254490242152733,0.11737461219486182
110,4,16,17,0.14166666666666666,1.0,11,0.1084305267363081,0.09596695913745142
110,4,16,17,0.14166666666666666,1.0,13,0.09173968696781844,0.08116484746952352
110,4,16,17,0.14166666666666666,1.0,15,0.07950175622674552,0.07031927525709707
110,4,16,17,0.14166666666666666,1.0,17,0.07014452333426391,0.06203077296983558
110,4,16,17,0.14166666666666666,1.0,19,0.06275797416225332,0.05549031622671257
111,4,16,17,0.14166666666666666,0.1,1,0.01364626041794953,0.01411016445723983
111,4,16,17,0.14166666666666666,0.1,3,0.004545303069102282,0.004696301924720206
111,4,16,17,0.14166666666666666,0.1,5,0.0027269524681941336,0.002816952827426417
111,4,16,17,0.14166666666666666,0.1,7,0.0019477665166532819,0.002011857614485018
111,4,16,17,0.14166666666666666,0.1,9,0.0015149077566803354,0.0015646698826459352
111,4,16,17,0.14166666666666666,0.1,11,0.0012394594869302293,0.0012801282166515827
111,4,16,17,0.14166666666666666,0.1,13,0.001048767584333745,0.0010831525259081742
111,4,16,17,0.14166666666666666,0.1,15,0.0009089283471702551,0.0009387113109682987
111,4,16,17,0.14166666666666666,0.1,17,0.0008019932717041503,0.0008282606110594997
111,4,16,17,0.14166666666666666,0.1,19,0.0007175713222544015,0.0007410653480901277
111,4,16,17,0.14166666666666666,0.5,1,0.3190204117376754,0.3302556704902518
111,4,16,17,0.14166666666666666,0.5,3,0.10470851040000201,0.10912899229983651
111,4,16,17,0.14166666666666666,0.5,5,0.06273061211684482,0.0653555304414358
111,4,16,17,0.14166666666666666,0.5,7,0.04478729012103796,0.04664527845771333
111,4,16,17,0.14166666666666666,0.5,9,0.034827566054932764,0.03626361876120504
111,4,16,17,0.14166666666666666,0.5,11,0.02849218394275987,0.02966190259383216
111,4,16,17,0.14166666666666666,0.5,13,0.024107166863444874,0.02509366259860403
111,4,16,17,0.14166666666666666,0.5,15,0.0208919533655033,0.02174475047280823
111,4,16,17,0.14166666666666666,0.5,17,0.018433500542104107,0.0191844619561939
111,4,16,17,0.14166666666666666,0.5,19,0.016492751483769493,0.01716357537366282
111,4,16,17,0.14166666666666666,1.0,1,1.0326599479757042,1.0606950364444065
111,4,16,17,0.14166666666666666,1.0,3,0.3227984155874499,0.347929802053682
111,4,16,17,0.14166666666666666,1.0,5,0.1920414745727077,0.20767920381050023
111,4,16,17,0.14166666666666666,1.0,7,0.13681991862380696,0.1479947814808476
111,4,16,17,0.14166666666666666,1.0,9,0.10629460746170671,0.11495361304416507
111,4,16,17,0.14166666666666666,1.0,11,0.08691509959281893,0.09397211913482106
111,4,16,17,0.14166666666666666,1.0,13,0.07351615000532301,0.07946716594436103
111,4,16,17,0.14166666666666666,1.0,15,0.06369829524311003,0.0688410728693474
111,4,16,17,0.14166666666666666,1.0,17,0.056194647747723515,0.06072148851177383
111,4,16,17,0.14166666666666666,1.0,19,0.05027302257778844,0.05431513724853661
112,4,16,17,0.14166666666666666,0.1,1,0.01577707665266807,0.014329444153828964
112,4,16,17,0.14166666666666666,0.1,3,0.005251662256435108,0.004769793834923194
112,4,16,17,0.14166666666666666,0.1,5,0.0031502665220405593,0.00286128060393282
112,4,16,17,0.14166666666666666,0.1,7,0.0022499773663927506,0.0020436044252941576
112,4,16,17,0.14166666666666666,0.1,9,0.0017498924940053562,0.0015894007603359532
112,4,16,17,0.14166666666666666,0.1,11,0.0014316840607749264,0.0013003836085083717
112,4,16,17,0.14166666666666666,0.1,13,0.0012113981816654698,0.0011003043254877419
112,4,16,17,0.14166666666666666,0.1,15,0.0010498615075407885,0.0009535843598434684
112,4,16,17,0.14166666666666666,0.1,17,0.0009263370309233723,0.0008413894599787818
112,4,16,17,0.14166666666666666,0.1,19,0.0008288198775013544,0.0007528161846050627
112,4,16,17,0.14166666666666666,0.5,1,0.36602768880776937,0.3352447677860017
112,4,16,17,0.14166666666666666,0.5,3,0.12044168522038828,0.1097762585995291
112,4,16,17,0.14166666666666666,0.5,5,0.0721792987719159,0.06574461889112468
112,4,16,17,0.14166666666666666,0.5,7,0.051537274981783766,0.04693193811610594
112,4,16,17,0.14166666666666666,0.5,9,0.04007750679827211,0.03649201737716771
112,4,16,17,0.14166666666666666,0.5,11,0.03278741624995331,0.029852104298841782
112,4,16,17,0.14166666666666666,0.5,13,0.027741431904978863,0.025256742535874798
112,4,16,17,0.14166666666666666,0.5,15,0.024041518395739165,0.021887531052739145
112,4,16,17,0.14166666666666666,0.5,17,0.02121242535450522,0.019311461865469254
112,4,16,17,0.14166666666666666,0.5,19,0.01897907692897226,0.01727794832458258
112,4,16,17,0.14166666666666666,1.0,1,1.1364405572410137,1.0818341450384223
112,4,16,17,0.14166666666666666,1.0,3,0.3749808130540162,0.34440908443213636
112,4,16,17,0.14166666666666666,1.0,5,0.22366167224090344,0.20562446073064736
112,4,16,17,0.14166666666666666,1.0,7,0.1593909414925149,0.14663549866645856
112,4,16,17,0.14166666666666666,1.0,9,0.12382278146513881,0.11396534987222552
112,4,16,17,0.14166666666666666,1.0,11,0.10123618720834827,0.09320666667577567
112,4,16,17,0.14166666666666666,1.0,13,0.08561991291116774,0.07884762683953027
112,4,16,17,0.14166666666666666,1.0,15,0.0741782637220119,0.06832336126340027
112,4,16,17,0.14166666666666666,1.0,17,0.06543445582454478,0.06027833436265074
112,4,16,17,0.14166666666666666,1.0,19,0.05853484425435503,0.05392864948089785
113,4,16,17,0.14166666666666666,0.1,1,0.01424703890481241,0.013243963039639954
113,4,16,17,0.14166666666666666,0.1,3,0.00474136295229333,0.0044059685164908125
113,4,16,17,0.14166666666666666,0.1,5,0.0028441990018560487,0.002642975274452315
113,4,16,17,0.14166666666666666,0.1,7,0.0020314031538959834,0.0018876855972857704
113,4,16,17,0.14166666666666666,0.1,9,0.0015799122406293014,0.001468139772891501
113,4,16,17,0.14166666666666666,0.1,11,0.0012926214135224586,0.0012011758912019543
113,4,16,17,0.14166666666666666,0.1,13,0.0010937371489510785,0.0010163631358445114
113,4,16,17,0.14166666666666666,0.1,15,0.0009478934128038477,0.0008808379226409104
113,4,16,17,0.14166666666666666,0.1,17,0.000836368483093162,0.0007772032667246803
113,4,16,17,0.14166666666666666,0.1,19,0.0007483240682313802,0.0006953877811452327
113,4,16,17,0.14166666666666666,0.5,1,0.33029186799906746,0.3070939672245093
113,4,16,17,0.14166666666666666,0.5,3,0.10742211849046995,0.0986121837040545
113,4,16,17,0.14166666666666666,0.5,5,0.06429201321061521,0.058979853808040786
113,4,16,17,0.14166666666666666,0.5,7,0.045884235690234546,0.04208854047853179
113,4,16,17,0.14166666666666666,0.5,9,0.03567320371613371,0.03272173755348031
113,4,16,17,0.14166666666666666,0.5,11,0.029180255685820625,0.026766193142352672
113,4,16,17,0.14166666666666666,0.5,13,0.024687190684195195,0.02264512284485437
113,4,16,17,0.14166666666666666,0.5,15,0.0213932677878312,0.019623923116916596
113,4,16,17,0.14166666666666666,0.5,17,0.018874920240217138,0.01731406862370828
113,4,16,17,0.14166666666666666,0.5,19,0.01688706388345195,0.015490766922694174
113,4,16,17,0.14166666666666666,1.0,1,1.0400663102114547,0.9737670952795873
113,4,16,17,0.14166666666666666,1.0,3,0.3242107983572817,0.28738194635783676
113,4,16,17,0.14166666666666666,1.0,5,0.19318525125219813,0.17131153493516693
113,4,16,17,0.14166666666666666,1.0,7,0.13764548738043253,0.1221639409741062
113,4,16,17,0.14166666666666666,1.0,9,0.10692181431442867,0.09495375360836454
113,4,16,17,0.14166666666666666,1.0,11,0.08741466250592585,0.0776638280629048
113,4,16,17,0.14166666666666666,1.0,13,0.07392860286722379,0.06570317250057808
113,4,16,17,0.14166666666666666,1.0,15,0.06404820166865188,0.056936048744213374
113,4,16,17,0.14166666666666666,1.0,17,0.05649776915905576,0.05023374880179417
113,4,16,17,0.14166666666666666,1.0,19,0.05053997974499197,0.04494351712129813
114,4,16,17,0.14166666666666666,0.1,1,0.013933216616430778,0.015055900887772903
114,4,16,17,0.14166666666666666,0.1,3,0.004638458916845125,0.005013351041924603
114,4,16,17,0.14166666666666666,0.1,5,0.002782659604299509,0.003007524559874321
114,4,16,17,0.14166666666666666,0.1,7,0.0019875081464626834,0.0021480938094003404
114,4,16,17,0.14166666666666666,0.1,9,0.0015457982316304125,0.0016706821662128037
114,4,16,17,0.14166666666666666,0.1,11,0.0012647237396191298,0.0013668925154062838
114,4,16,17,0.14166666666666666,0.1,13,0.0010701394869475124,0.0011565844757847738
114,4,16,17,0.14166666666666666,0.1,15,0.000927447222667253,0.0010023625970757356
114,4,16,17,0.14166666666666666,0.1,17,0.0008183311761019242,0.0008844304810798898
114,4,16,17,0.14166666666666666,0.1,19,0.0007321878594141568,0.0007913275489971273
114,4,16,17,0.14166666666666666,0.5,1,0.32651671535930105,0.34926551866381234
114,4,16,17,0.14166666666666666,0.5,3,0.10652647401957985,0.11494826652760821
114,4,16,17,0.14166666666666666,0.5,5,0.06381729077342842,0.0688740968102098
114,4,16,17,0.14166666666666666,0.5,7,0.04556364810530741,0.049172207643319484
114,4,16,17,0.14166666666666666,0.5,9,0.035431766281016845,0.03823595609631494
114,4,16,17,0.14166666666666666,0.5,11,0.028986814608232315,0.031279560954173405
114,4,16,17,0.14166666666666666,0.5,13,0.024525904952801603,0.026464869378636763
114,4,16,17,0.14166666666666666,0.5,15,0.021255006919802425,0.02293471975951901
114,4,16,17,0.14166666666666666,0.5,17,0.018753950091393443,0.02023553412312405
114,4,16,17,0.14166666666666666,0.5,19,0.016779550827119256,0.018104799230907107
114,4,16,17,0.14166666666666666,1.0,1,1.0610278244994622,1.094215864395264
114,4,16,17,0.14166666666666666,1.0,3,0.3389603844681621,0.35246160042597385
114,4,16,17,0.14166666666666666,1.0,5,0.2021728215118075,0.210831026323578
114,4,16,17,0.14166666666666666,1.0,7,0.14409432895526883,0.15044358499023058
114,4,16,17,0.14166666666666666,1.0,9,0.11194824366466737,0.1169557160327896
114,4,16,17,0.14166666666666666,1.0,11,0.09153224604457637,0.09566449707428182
114,4,16,17,0.14166666666666666,1.0,13,0.07741549604884797,0.08093231157298121
114,4,16,17,0.14166666666666666,1.0,15,0.06707187216269554,0.07013251123394189
114,4,16,17,0.14166666666666666,1.0,17,0.059166823605328864,0.06187588970703682
114,4,16,17,0.14166666666666666,1.0,19,0.0529288469038717,0.05535870317547332
115,4,16,17,0.14166666666666666,0.1,1,0.012559418545324209,0.012555288556760854
115,4,16,17,0.14166666666666666,0.1,3,0.0041828872662841654,0.004182421880651584
115,4,16,17,0.14166666666666666,0.1,5,0.002509560550094595,0.002509325166163977
115,4,16,17,0.14166666666666666,0.1,7,0.0017925094446413462,0.0017923499440977752
115,4,16,17,0.14166666666666666,0.1,9,0.0013941631928276502,0.001394041899542371
115,4,16,17,0.14166666666666666,0.1,11,0.0011406744949474684,0.0011405763992217016
115,4,16,17,0.14166666666666666,0.1,13,0.0009651839303939865,0.0009651014831896206
115,4,16,17,0.14166666666666666,0.1,15,0.0008364915539126084,0.0008364204024705364
115,4,16,17,0.14166666666666666,0.1,17,0.0007380800836355774,0.000738017481513285
115,4,16,17,0.14166666666666666,0.1,19,0.0006603870045805328,0.0006603311041736034
115,4,16,17,0.14166666666666666,0.5,1,0.29195945729693706,0.289689981673448
115,4,16,17,0.14166666666666666,0.5,3,0.09544371640289105,0.09515667416670272
115,4,16,17,0.14166666666666666,0.5,5,0.057179934701462286,0.05703124538623043
115,4,16,17,0.14166666666666666,0.5,7,0.0408258859228382,0.040724324021885215
115,4,16,17,0.14166666666666666,0.5,9,0.03174805524583028,0.03167055052912141
115,4,16,17,0.14166666666666666,0.5,11,0.0259734412887114,0.025910644776503223
115,4,16,17,0.14166666666666666,0.5,13,0.02197643723964846,0.02192360178269209
115,4,16,17,0.14166666666666666,0.5,15,0.01904565299696787,0.01900002544040223
115,4,16,17,0.14166666666666666,0.5,17,0.016804638513698334,0.016764475132952206
115,4,16,17,0.14166666666666666,0.5,19,0.015035509991506713,0.014999634708407095
115,4,16,17,0.14166666666666666,1.0,1,0.9367986952522468,0.9184193047712337
115,4,16,17,0.14166666666666666,1.0,3,0.29912645013232037,0.29601211672025707
115,4,16,17,0.14166666666666666,1.0,5,0.1787946626736803,0.17690672001860538
115,4,16,17,0.14166666666666666,1.0,7,0.1275739782533896,0.1262132661300165
115,4,16,17,0.14166666666666666,1.0,9,0.09918027482799682,0.09811703352325987
115,4,16,17,0.14166666666666666,1.0,11,0.081129259017527,0.08025710240573755
115,4,16,17,0.14166666666666666,1.0,13,0.06863894709115087,0.06789982917815514
115,4,16,17,0.14166666666666666,1.0,15,0.059482251202392596,0.05884104538290592
115,4,16,17,0.14166666666666666,1.0,17,0.052481485995358304,0.051915333825960044
115,4,16,17,0.14166666666666666,1.0,19,0.04695532837634142,0.046448528414294324
116,4,16,17,0.14166666666666666,0.1,1,0.0141379799496254,0.015047271720259818
116,4,16,17,0.14166666666666666,0.1,3,0.00470505959128726,0.005008593733189399
116,4,16,17,0.14166666666666666,0.1,5,0.0028224153039753262,0.0030044457305686586
116,4,16,17,0.14166666666666666,0.1,7,0.002015842270091669,0.0021458259749523216
116,4,16,17,0.14166666666666666,0.1,9,0.0015678087369594973,0.0016688886257392886
116,4,16,17,0.14166666666666666,0.1,11,0.0012827182012842334,0.0013654096259092948
116,4,16,17,0.14166666666666666,0.1,13,0.0010853572913529328,0.0011553206740932925
116,4,16,17,0.14166666666666666,0.1,15,0.0009406307256444614,0.0010012615510425478
116,4,16,17,0.14166666666666666,0.1,17,0.0008299601294271607,0.0008834550892318657
116,4,16,17,0.14166666666666666,0.1,19,0.0007425902055190431,0.0007904520887651061
116,4,16,17,0.14166666666666666,0.5,1,0.32795103942040804,0.34830239822746983
116,4,16,17,0.14166666666666666,0.5,3,0.1067853569607572,0.11443413002951472
116,4,16,17,0.14166666666666666,0.5,5,0.06391908503033014,0.06853785197134453
116,4,16,17,0.14166666666666666,0.5,7,0.04561976448193131,0.0489236154935189
116,4,16,17,0.14166666666666666,0.5,9,0.035468141444270934,0.03803899082431497
116,4,16,17,0.14166666666666666,0.5,11,0.029012752049825882,0.031116531410416367
116,4,16,17,0.14166666666666666,0.5,13,0.024545595431538805,0.02632582467670692
116,4,16,17,0.14166666666666666,0.5,15,0.021270629916602935,0.02281351843020288
116,4,16,17,0.14166666666666666,0.5,17,0.018766757908492356,0.020128122715357858
116,4,16,17,0.14166666666666666,0.5,19,0.01679031786171503,0.018008363226641594
116,4,16,17,0.14166666666666666,1.0,1,1.0387447507692145,1.0906546129572572
116,4,16,17,0.14166666666666666,1.0,3,0.32730733321141015,0.35359624447723403
116,4,16,17,0.14166666666666666,1.0,5,0.19524275459055634,0.21123944223058874
116,4,16,17,0.14166666666666666,1.0,7,0.1391617299699859,0.150646181323145
116,4,16,17,0.14166666666666666,1.0,9,0.1081185254517223,0.11707486201897198
116,4,16,17,0.14166666666666666,1.0,11,0.08840204866898475,0.09574215515683246
116,4,16,17,0.14166666666666666,1.0,13,0.07476861448325428,0.08098651265627696
116,4,16,17,0.14166666666666666,1.0,15,0.06477895402143671,0.07017222664845017
116,4,16,17,0.14166666666666666,1.0,17,0.057144332019938064,0.06190606635478014
116,4,16,17,0.14166666666666666,1.0,19,0.05111970398860435,0.05538228438535007
117,4,16,17,0.14166666666666666,0.1,1,0.01078509536931966,0.010785095369319804
117,4,16,17,0.14166666666666666,0.1,3,0.003579853400098819,0.00357985340009959
117,4,16,17,0.14166666666666666,0.1,5,0.0021462602570841414,0.002146260257085038
117,4,16,17,0.14166666666666666,0.1,7,0.0015325498603657286,0.0015325498603662687
117,4,16,17,0.14166666666666666,0.1,9,0.0011917726433412921,0.0011917726433434304
117,4,16,17,0.14166666666666666,0.1,11,0.0009749778349682609,0.0009749778349683256
117,4,16,17,0.14166666666666666,0.1,13,0.0008249177636575348,0.0008249177636579708
117,4,16,17,0.14166666666666666,0.1,15,0.0007148885163033899,0.0007148885163043029
117,4,16,17,0.14166666666666666,0.1,17,0.0006307569195609816,0.0006307569195632282
117,4,16,17,0.14166666666666666,0.1,19,0.000564342373040395,0.0005643423730428726
117,4,16,17,0.14166666666666666,0.5,1,0.262166915105975,0.26216691510597495
117,4,16,17,0.14166666666666666,0.5,3,0.08457654047210865,0.08457654047210923
117,4,16,17,0.14166666666666666,0.5,5,0.05049012857375672,0.0504901285737574
117,4,16,17,0.14166666666666666,0.5,7,0.03599132891795568,0.035991328917957185
117,4,16,17,0.14166666666666666,0.5,9,0.027962744582417903,0.027962744582419673
117,4,16,17,0.14166666666666666,0.5,11,0.022863043826244284,0.022863043826245297
117,4,16,17,0.14166666666666666,0.5,13,0.019336658112876395,0.01933665811288019
117,4,16,17,0.14166666666666666,0.5,15,0.01675277651467321,0.01675277651467639
117,4,16,17,0.14166666666666666,0.5,17,0.014778070450531623,0.014778070450532655
117,4,16,17,0.14166666666666666,0.5,19,0.013219821572449247,0.01321982157245172
117,4,16,17,0.14166666666666666,1.0,1,0.9221128808769667,0.9221128808769666
117,4,16,17,0.14166666666666666,1.0,3,0.2888837448772203,0.28888374487722057
117,4,16,17,0.14166666666666666,1.0,5,0.17182185741450667,0.17182185741450692
117,4,16,17,0.14166666666666666,1.0,7,0.12228327350067414,0.12228327350067617
117,4,16,17,0.14166666666666666,1.0,9,0.0949184958173299,0.09491849581733068
117,4,16,17,0.14166666666666666,1.0,11,0.07756189361888875,0.07756189361889021
117,4,16,17,0.14166666666666666,1.0,13,0.06557169664869357,0.06557169664869625
117,4,16,17,0.14166666666666666,1.0,15,0.05679229040137746,0.05679229040137818
117,4,16,17,0.14166666666666666,1.0,17,0.05008625301607172,0.05008625301607296
117,4,16,17,0.14166666666666666,1.0,19,0.044796669583021746,0.04479666958302285
118,4,16,17,0.14166666666666666,0.1,1,0.011715718255157727,0.012087252079244586
118,4,16,17,0.14166666666666666,0.1,3,0.003897315757318501,0.00402107112830822
118,4,16,17,0.14166666666666666,0.1,5,0.002337786002629182,0.0024119468974082127
118,4,16,17,0.14166666666666666,0.1,7,0.0016696876841337995,0.001722625941694602
118,4,16,17,0.14166666666666666,0.1,9,0.0012985821659531693,0.0013397406618121212
118,4,16,17,0.14166666666666666,0.1,11,0.0010624446428155853,0.0010961112694202833
118,4,16,17,0.14166666666666666,0.1,13,0.0008989736628137732,0.0009274556991281907
118,4,16,17,0.14166666666666666,0.1,15,0.0007790993634638856,0.0008037804910689319
118,4,16,17,0.14166666666666666,0.1,17,0.0006874332308127363,0.0007092084386545838
118,4,16,17,0.14166666666666666,0.1,19,0.0006150666964626997,0.0006345481668565733
118,4,16,17,0.14166666666666666,0.5,1,0.2746614864066884,0.2810537532660952
118,4,16,17,0.14166666666666666,0.5,3,0.0882973340008702,0.09121648006232734
118,4,16,17,0.14166666666666666,0.5,5,0.05279154751224758,0.05455633380930278
118,4,16,17,0.14166666666666666,0.5,7,0.03766671438782313,0.03892543367958984
118,4,16,17,0.14166666666666666,0.5,9,0.029281559332356745,0.0302586265947638
118,4,16,17,0.14166666666666666,0.5,11,0.02395091339550144,0.024748986611513434
118,4,16,17,0.14166666666666666,0.5,13,0.02026258994647867,0.020936967101883107
118,4,16,17,0.14166666666666666,0.5,15,0.01755881181992658,0.018142633541496173
118,4,16,17,0.14166666666666666,0.5,17,0.015491737234999555,0.016006415046775132
118,4,16,17,0.14166666666666666,0.5,19,0.013860133475923225,0.01432029514135845
118,4,16,17,0.14166666666666666,1.0,1,0.9114244927027038,0.9665585723988075
118,4,16,17,0.14166666666666666,1.0,3,0.2750961506654256,0.28581759139100593
118,4,16,17,0.14166666666666666,1.0,5,0.1627773221510395,0.16988002194207255
118,4,16,17,0.14166666666666666,1.0,7,0.11570319585700342,0.12093014168995793
118,4,16,17,0.14166666666666666,1.0,9,0.08977574705804091,0.09389577991888616
118,4,16,17,0.14166666666666666,1.0,11,0.07334988171139475,0.07674548516248914
118,4,16,17,0.14166666666666666,1.0,13,0.06200862429786098,0.06489477714115914
118,4,16,17,0.14166666666666666,1.0,15,0.05370648890298812,0.056215363466806605
118,4,16,17,0.14166666666666666,1.0,17,0.047365787495717564,0.04958423857783855
118,4,16,17,0.14166666666666666,1.0,19,0.0423646490445481,0.04435273231165107
119,4,16,17,0.14166666666666666,0.1,1,0.01475372254290003,0.014954908574073411
119,4,16,17,0.14166666666666666,0.1,3,0.004907663811523962,0.004973477249581627
119,4,16,17,0.14166666666666666,0.1,5,0.0029436644861236625,0.002982931541946339
119,4,16,17,0.14166666666666666,0.1,7,0.0021023530998317027,0.002130328052825772
119,4,16,17,0.14166666666666666,0.1,9,0.0016350536047050517,0.001656779312684197
119,4,16,17,0.14166666666666666,0.1,11,0.0013377152170160674,0.001355473502624433
119,4,16,17,0.14166666666666666,0.1,13,0.0011318806286012004,0.0011468966139306714
119,4,16,17,0.14166666666666666,0.1,15,0.0009809429449700949,0.0009939502237569723
119,4,16,17,0.14166666666666666,0.1,17,0.0008655243330951386,0.0008769968786906909
119,4,16,17,0.14166666666666666,0.1,19,0.0007744069935363002,0.0007846687330850214
119,4,16,17,0.14166666666666666,0.5,1,0.3441775853296626,0.3487318097836761
119,4,16,17,0.14166666666666666,0.5,3,0.1118554585658247,0.11360158817434872
119,4,16,17,0.14166666666666666,0.5,5,0.0669280974350212,0.06797082587737005
119,4,16,17,0.14166666666666666,0.5,7,0.047760433049939814,0.04850047704016635
119,4,16,17,0.14166666666666666,0.5,9,0.03712967189603718,0.03770253507754612
119,4,16,17,0.14166666666666666,0.5,11,0.03037048453702431,0.0308375664297707
119,4,16,17,0.14166666666666666,0.5,13,0.02569348171995636,0.02608767422356665
119,4,16,17,0.14166666666666666,0.5,15,0.022264866187499063,0.022605808984254624
119,4,16,17,0.14166666666666666,0.5,17,0.019643628474124496,0.019943976324128514
119,4,16,17,0.14166666666666666,0.5,19,0.01757460986538231,0.01784299039632654
119,4,16,17,0.14166666666666666,1.0,1,1.0988625187655934,1.1071291640671874
119,4,16,17,0.14166666666666666,1.0,3,0.3460136436317429,0.3511853808506685
119,4,16,17,0.14166666666666666,1.0,5,0.20656915636468395,0.20956993469948784
119,4,16,17,0.14166666666666666,1.0,7,0.14731714443767124,0.14938704426276092
119,4,16,17,0.14166666666666666,1.0,9,0.11449515581868736,0.11606573270143448
119,4,16,17,0.14166666666666666,1.0,11,0.09363818681818326,0.09490054376504276
119,4,16,17,0.14166666666666666,1.0,13,0.07921077031844542,0.08026483436117013
119,4,16,17,0.14166666666666666,1.0,15,0.06863639628187922,0.06954061069801946
119,4,16,17,0.14166666666666666,1.0,17,0.06055317184451609,0.06134455113026157
119,4,16,17,0.14166666666666666,1.0,19,0.05417345674818735,0.05487687637123599
120,4,16,17,0.14166666666666666,0.1,1,0.01203519304340555,0.013297638167704205
120,4,16,17,0.14166666666666666,0.1,3,0.004007736787715901,0.004421439019264606
120,4,16,17,0.14166666666666666,0.1,5,0.002404425712777094,0.0026518478851756426
120,4,16,17,0.14166666666666666,0.1,7,0.0017174001295780313,0.0018938895724073736
120,4,16,17,0.14166666666666666,0.1,9,0.0013357393632807445,0.0014729057316071657
120,4,16,17,0.14166666666666666,0.1,11,0.0010928703767988336,0.0012050439173668288
120,4,16,17,0.14166666666666666,0.1,13,0.0009247326685419448,0.0010196175018998904
120,4,16,17,0.14166666666666666,0.1,15,0.0008014327704407163,0.0008836464805750927
120,4,16,17,0.14166666666666666,0.1,17,0.0007071451769170435,0.0007796733391306383
120,4,16,17,0.14166666666666666,0.1,19,0.0006327079216857217,0.0006975921244338187
120,4,16,17,0.14166666666666666,0.5,1,0.28268125179775255,0.30818663146407077
120,4,16,17,0.14166666666666666,0.5,3,0.09226602410316964,0.09953895008928487
120,4,16,17,0.14166666666666666,0.5,5,0.05524638930100202,0.05950446054906792
120,4,16,17,0.14166666666666666,0.5,7,0.039435843060614664,0.04244788243315291
120,4,16,17,0.14166666666666666,0.5,9,0.03066294625370272,0.032993497468774426
120,4,16,17,0.14166666666666666,0.5,11,0.025083536027167057,0.026984199680043147
120,4,16,17,0.14166666666666666,0.5,13,0.021222208944373027,0.02282692581116294
120,4,16,17,0.14166666666666666,0.5,15,0.018391202698739353,0.019779739073859836
120,4,16,17,0.14166666666666666,0.5,17,0.016226650814675548,0.01745034814830046
120,4,16,17,0.14166666666666666,0.5,19,0.014517986962938855,0.015611835485040663
120,4,16,17,0.14166666666666666,1.0,1,0.9352858131217684,0.9611809759121853
120,4,16,17,0.14166666666666666,1.0,3,0.29817110176951445,0.29015245090478203
120,4,16,17,0.14166666666666666,1.0,5,0.17801923995829572,0.17236977392387146
120,4,16,17,0.14166666666666666,1.0,7,0.1269236191086252,0.12271638799279665
120,4,16,17,0.14166666666666666,1.0,9,0.09862494197118178,0.09529474056469137
120,4,16,17,0.14166666666666666,1.0,11,0.0806466743762152,0.07789667543302375
120,4,16,17,0.14166666666666666,1.0,13,0.06821311870488968,0.06587322902437712
120,4,16,17,0.14166666666666666,1.0,15,0.059101652892130166,0.05706633037548534
120,4,16,17,0.14166666666666666,1.0,17,0.05213765423041156,0.05033718770021494
120,4,16,17,0.14166666666666666,1.0,19,0.046641911822986964,0.04502794730630513
121,4,16,17,0.14166666666666666,0.1,1,0.013242594486761523,0.01618629185032954
121,4,16,17,0.14166666666666666,0.1,3,0.00440894627749792,0.005374777887486712
121,4,16,17,0.14166666666666666,0.1,5,0.0026450909030006613,0.003222594329061234
121,4,16,17,0.14166666666666666,0.1,7,0.0018892917112799297,0.0023011726071772297
121,4,16,17,0.14166666666666666,0.1,9,0.0014694288549170365,0.001789509941785731
121,4,16,17,0.14166666666666666,0.1,11,0.001202251013289923,0.0014639939312149869
121,4,16,17,0.14166666666666666,0.1,13,0.0010172846826298695,0.001238676253737034
121,4,16,17,0.14166666666666666,0.1,15,0.0008816440540962218,0.0010734637537345212
121,4,16,17,0.14166666666666666,0.1,17,0.0007779195610224421,0.000947136421893377
121,4,16,17,0.14166666666666666,0.1,19,0.0006960321927372993,0.0008474114222572401
121,4,16,17,0.14166666666666666,0.5,1,0.3075742153783027,0.38002059238450353
121,4,16,17,0.14166666666666666,0.5,3,0.09989126074636044,0.12306162668898038
121,4,16,17,0.14166666666666666,0.5,5,0.059805409536305684,0.0735002048450193
121,4,16,17,0.14166666666666666,0.5,7,0.042691040868035414,0.05240476558613173
121,4,16,17,0.14166666666666666,0.5,9,0.03319492109948289,0.04071963301787638
121,4,16,17,0.14166666666666666,0.5,11,0.02715543572551242,0.03329591662562089
121,4,16,17,0.14166666666666666,0.5,13,0.022975598061830336,0.02816185457177372
121,4,16,17,0.14166666666666666,0.5,15,0.01991099537374325,0.02439964500794828
121,4,16,17,0.14166666666666666,0.5,17,0.017567788786025548,0.021524218969943398
121,4,16,17,0.14166666666666666,0.5,19,0.015718063819373972,0.019255088570301067
121,4,16,17,0.14166666666666666,1.0,1,0.9874305679021387,1.1940956197474053
121,4,16,17,0.14166666666666666,1.0,3,0.3179173319851081,0.37412931115465575
121,4,16,17,0.14166666666666666,1.0,5,0.1900953984166302,0.22197878837891172
121,4,16,17,0.14166666666666666,1.0,7,0.13563446365136408,0.1578544913934846
121,4,16,17,0.14166666666666666,1.0,9,0.10544097973755348,0.12248618618299113
121,4,16,17,0.14166666666666666,1.0,11,0.08624614149237597,0.10006953098212093
121,4,16,17,0.14166666666666666,1.0,13,0.07296499009408393,0.08459012544720165
121,4,16,17,0.14166666666666666,1.0,15,0.06322900685577336,0.07325876744076132
121,4,16,17,0.14166666666666666,1.0,17,0.05578568435812686,0.06460493901453995
121,4,16,17,0.14166666666666666,1.0,19,0.04991042352571083,0.05777980619266711
122,4,16,17,0.14166666666666666,0.1,1,0.014536190462337471,0.01380648005758134
122,4,16,17,0.14166666666666666,0.1,3,0.00484145242415306,0.004590171661202764
122,4,16,17,0.14166666666666666,0.1,5,0.002904670442372673,0.0027529397896018473
122,4,16,17,0.14166666666666666,0.1,7,0.0020747229719674234,0.0019660497083620583
122,4,16,17,0.14166666666666666,0.1,9,0.001613659454662939,0.0015290087394783773
122,4,16,17,0.14166666666666666,0.1,11,0.001320260778340621,0.0012509349655687794
122,4,16,17,0.14166666666666666,0.1,13,0.0011171406647963805,0.0010584416272595048
122,4,16,17,0.14166666666666666,0.1,15,0.0009681868374821153,0.0009172897242167344
122,4,16,17,0.14166666666666666,0.1,17,0.0008542814378108679,0.0008093556140471043
122,4,16,17,0.14166666666666666,0.1,19,0.000764356381839591,0.0007241478630937302
122,4,16,17,0.14166666666666666,0.5,1,0.33524680661682865,0.3221216163033015
122,4,16,17,0.14166666666666666,0.5,3,0.10965105331745446,0.10437138627301223
122,4,16,17,0.14166666666666666,0.5,5,0.06569388037632266,0.06239923934103383
122,4,16,17,0.14166666666666666,0.5,7,0.046904128819120254,0.044512160673234054
122,4,16,17,0.14166666666666666,0.5,9,0.036474233579001515,0.03459716592438353
122,4,16,17,0.14166666666666666,0.5,11,0.029839621588158328,0.028295189287050316
122,4,16,17,0.14166666666666666,0.5,13,0.025247417942135943,0.023935531023563758
122,4,16,17,0.14166666666666666,0.5,15,0.02188024873439779,0.020740067833029088
122,4,16,17,0.14166666666666666,0.5,17,0.0193055818138271,0.01829737415815854
122,4,16,17,0.14166666666666666,0.5,19,0.0172730761560244,0.01636946680969463
122,4,16,17,0.14166666666666666,1.0,1,1.0525668324821524,1.0323283183890608
122,4,16,17,0.14166666666666666,1.0,3,0.33077731271414607,0.3230958560156687
122,4,16,17,0.14166666666666666,1.0,5,0.19771784771379752,0.19229327598247695
122,4,16,17,0.14166666666666666,1.0,7,0.1410479215365067,0.13694525021874343
122,4,16,17,0.14166666666666666,1.0,9,0.10963677695295013,0.10635135463545821
122,4,16,17,0.14166666666666666,1.0,11,0.08967103480450306,0.086934909368142
122,4,16,17,0.14166666666666666,1.0,13,0.07585812346465293,0.07351519476679963
122,4,16,17,0.14166666666666666,1.0,15,0.06573324050344716,0.06368523980545827
122,4,16,17,0.14166666666666666,1.0,17,0.05799314694810808,0.05617438713721029
122,4,16,17,0.14166666666666666,1.0,19,0.051883983000695015,0.05024845009041689
123,4,16,17,0.14166666666666666,0.1,1,0.011746211828397071,0.012391901717117416
123,4,16,17,0.14166666666666666,0.1,3,0.003910480977351308,0.004126632845786651
123,4,16,17,0.14166666666666666,0.1,5,0.0023460527135602113,0.0024757880336001114
123,4,16,17,0.14166666666666666,0.1,7,0.0016757055280972486,0.001768382310911622
123,4,16,17,0.14166666666666666,0.1,9,0.0013033116679840757,0.0013753963937831078
123,4,16,17,0.14166666666666666,0.1,11,0.0010663397583978473,0.001125319323256519
123,4,16,17,0.14166666666666666,0.1,13,0.0009022844940683212,0.00095219084077015
123,4,16,17,0.14166666666666666,0.1,15,0.0007819782669794346,0.0008252307391904131
123,4,16,17,0.14166666666666666,0.1,17,0.0006899798638664679,0.0007281439898326979
123,4,16,17,0.14166666666666666,0.1,19,0.0006173498022787374,0.0006514967646791675
123,4,16,17,0.14166666666666666,0.5,1,0.27497581841934443,0.2851048111748249
123,4,16,17,0.14166666666666666,0.5,3,0.0889234847725148,0.09266226966983247
123,4,16,17,0.14166666666666666,0.5,5,0.05322884821854847,0.05548808353532539
123,4,16,17,0.14166666666666666,0.5,7,0.037996064107374626,0.03961291438022302
123,4,16,17,0.14166666666666666,0.5,9,0.029544649326975043,0.03080319214456412
123,4,16,17,0.14166666666666666,0.5,11,0.024169647656630475,0.02519977504664593
123,4,16,17,0.14166666666666666,0.5,13,0.020449660483013027,0.021321506385918475
123,4,16,17,0.14166666666666666,0.5,15,0.017722180194896315,0.01847788849078294
123,4,16,17,0.14166666666666666,0.5,17,0.0156367113988688,0.01630357680780583
123,4,16,17,0.14166666666666666,0.5,19,0.013990424090424208,0.014587133266599587
123,4,16,17,0.14166666666666666,1.0,1,0.8965850463229068,0.898140972714279
123,4,16,17,0.14166666666666666,1.0,3,0.2707098780709886,0.2788511306608092
123,4,16,17,0.14166666666666666,1.0,5,0.1612806984081435,0.16649172266953435
123,4,16,17,0.14166666666666666,1.0,7,0.11497700366156847,0.11876139453155052
123,4,16,17,0.14166666666666666,1.0,9,0.08935517954540233,0.09231832596565101
123,4,16,17,0.14166666666666666,1.0,11,0.07307924751663143,0.07551177844390489
123,4,16,17,0.14166666666666666,1.0,13,0.06182191905873355,0.0638841665368038
123,4,16,17,0.14166666666666666,1.0,15,0.05357118637330992,0.055360613712239035
123,4,16,17,0.14166666666666666,1.0,17,0.04726408909723957,0.048844260112969176
123,4,16,17,0.14166666666666666,1.0,19,0.04228603327643102,0.04370066338827188
124,4,16,17,0.14166666666666666,0.1,1,0.013476909902840407,0.01385987470150567
124,4,16,17,0.14166666666666666,0.1,3,0.004488918295367383,0.0046190816859230065
124,4,16,17,0.14166666666666666,0.1,5,0.0026931877344069147,0.0027714071500633242
124,4,16,17,0.14166666666666666,0.1,7,0.0019236733852658224,0.0019795683016477646
124,4,16,17,0.14166666666666666,0.1,9,0.0014961801224382962,0.0015396615994827938
124,4,16,17,0.14166666666666666,0.1,11,0.0012241431116154482,0.0012597220355450515
124,4,16,17,0.14166666666666666,0.1,13,0.0010358113282560228,0.0010659181143857681
124,4,16,17,0.14166666666666666,0.1,15,0.0008977020234557691,0.0009237954103656994
124,4,16,17,0.14166666666666666,0.1,17,0.0007920893556960353,0.0008151134270977011
124,4,16,17,0.14166666666666666,0.1,19,0.0007087111115764764,0.0007293119068893095
124,4,16,17,0.14166666666666666,0.5,1,0.31519341085113806,0.3207073399780168
124,4,16,17,0.14166666666666666,0.5,3,0.103230868974767,0.1065350941269328
124,4,16,17,0.14166666666666666,0.5,5,0.061835821201349755,0.06390597713658135
124,4,16,17,0.14166666666666666,0.5,7,0.044147885070180796,0.045644203382941506
124,4,16,17,0.14166666666666666,0.5,9,0.034330628457659135,0.03550011576022331
124,4,16,17,0.14166666666666666,0.5,11,0.028085949641936947,0.029045164324013426
124,4,16,17,0.14166666666666666,0.5,13,0.02376369607444985,0.024576490372528525
124,4,16,17,0.14166666666666666,0.5,15,0.020594475048920275,0.021299523300655834
124,4,16,17,0.14166666666666666,0.5,17,0.018171166003603807,0.018793637089796054
124,4,16,17,0.14166666666666666,0.5,19,0.016258142063620206,0.016815321907298633
124,4,16,17,0.14166666666666666,1.0,1,1.0305168910823406,1.0261422609871116
124,4,16,17,0.14166666666666666,1.0,3,0.3279866620127997,0.3430088092739477
124,4,16,17,0.14166666666666666,1.0,5,0.19485382062104875,0.2058456384747413
124,4,16,17,0.14166666666666666,1.0,7,0.1386769658397936,0.14704244705471314
124,4,16,17,0.14166666666666666,1.0,9,0.10766323483052688,0.11436970468188278
124,4,16,17,0.14166666666666666,1.0,11,0.08799276273235414,0.09357664155551636
124,4,16,17,0.14166666666666666,1.0,13,0.07440246462560766,0.07918094041544922
124,4,16,17,0.14166666666666666,1.0,15,0.0644498795891119,0.06862386842567517
124,4,16,17,0.14166666666666666,1.0,17,0.05684653177064313,0.060550701429159186
124,4,16,17,0.14166666666666666,1.0,19,0.050848293778583985,0.054177087762978915
125,4,16,17,0.14166666666666666,0.1,1,0.01366087539243028,0.014132025360551154
125,4,16,17,0.14166666666666666,0.1,3,0.004552069479539479,0.004710653178593457
125,4,16,17,0.14166666666666666,0.1,5,0.0027311667338365676,0.0028263908197010148
125,4,16,17,0.14166666666666666,0.1,7,0.0019508186256599123,0.0020188503708459217
125,4,16,17,0.14166666666666666,0.1,9,0.0015172986521130253,0.0015702168863404445
125,4,16,17,0.14166666666666666,0.1,11,0.001241424213562944,0.0012847228785069606
125,4,16,17,0.14166666666666666,0.1,13,0.0010504349209077134,0.0010870731910273608
125,4,16,17,0.14166666666666666,0.1,15,0.0009103764137349013,0.000942130091351895
125,4,16,17,0.14166666666666666,0.1,17,0.0008032730009399418,0.0008312912526301391
125,4,16,17,0.14166666666666666,0.1,19,0.0007187177566755382,0.0007437869074474128
125,4,16,17,0.14166666666666666,0.5,1,0.31894780693616953,0.32678356064758995
125,4,16,17,0.14166666666666666,0.5,3,0.10547308748053871,0.1089991348485757
125,4,16,17,0.14166666666666666,0.5,5,0.06323867393810705,0.06540211818557314
125,4,16,17,0.14166666666666666,0.5,7,0.04516150420616109,0.04671629861911281
125,4,16,17,0.14166666666666666,0.5,9,0.035122732620074856,0.03633505703184003
125,4,16,17,0.14166666666666666,0.5,11,0.02873558618909105,0.029728748158926784
125,4,16,17,0.14166666666666666,0.5,13,0.02431414479662632,0.025155126203746603
125,4,16,17,0.14166666666666666,0.5,15,0.02107194224385287,0.02180112653420773
125,4,16,17,0.14166666666666666,0.5,17,0.01859270348321761,0.019236298225021226
125,4,16,17,0.14166666666666666,0.5,19,0.016635459630296483,0.017211431063484498
125,4,16,17,0.14166666666666666,1.0,1,1.0308471097341492,1.0251886133421468
125,4,16,17,0.14166666666666666,1.0,3,0.3352965294281737,0.3452621991919858
125,4,16,17,0.14166666666666666,1.0,5,0.20042224374503156,0.20722151713625606
125,4,16,17,0.14166666666666666,1.0,7,0.14300381668188997,0.14802542250670891
125,4,16,17,0.14166666666666666,1.0,9,0.11117500329732882,0.11513384564230182
125,4,16,17,0.14166666666666666,1.0,11,0.09094047214174078,0.09420159883731562
125,4,16,17,0.14166666666666666,1.0,13,0.0769394339498749,0.07970960717579305
125,4,16,17,0.14166666666666666,1.0,15,0.06667528947552134,0.06908196123023494
125,4,16,17,0.14166666666666666,1.0,17,0.05882785965232102,0.0609548480840942
125,4,16,17,0.14166666666666666,1.0,19,0.05263339532415842,0.05453865832462273
126,4,16,17,0.14166666666666666,0.1,1,0.014316898171071304,0.01458457444179839
126,4,16,17,0.14166666666666666,0.1,3,0.004763385214106902,0.004851345653058048
126,4,16,17,0.14166666666666666,0.1,5,0.002857279666060823,0.0029099127294768506
126,4,16,17,0.14166666666666666,0.1,7,0.002040707257918003,0.002078259328279317
126,4,16,17,0.14166666666666666,0.1,9,0.0015871320942694165,0.0016163208742859978
126,4,16,17,0.14166666666666666,0.1,11,0.0012985199704559811,0.0013223921840085785
126,4,16,17,0.14166666666666666,0.1,13,0.0010987232323999433,0.0011189172458845999
126,4,16,17,0.14166666666666666,0.1,15,0.0009522115198693137,0.0009697094798988451
126,4,16,17,0.14166666666666666,0.1,17,0.0008401764491491227,0.0008556134568469566
126,4,16,17,0.14166666666666666,0.1,19,0.0007517296963042873,0.0007655400854102336
126,4,16,17,0.14166666666666666,0.5,1,0.33177446207177297,0.33938225030661107
126,4,16,17,0.14166666666666666,0.5,3,0.10778704067848743,0.11031032728525728
126,4,16,17,0.14166666666666666,0.5,5,0.0644945126091697,0.0659916592912415
126,4,16,17,0.14166666666666666,0.5,7,0.046024829627394945,0.0470891383010902
126,4,16,17,0.14166666666666666,0.5,9,0.035781014641131925,0.03660666167245408
126,4,16,17,0.14166666666666666,0.5,11,0.029267726550639694,0.029942155607670603
126,4,16,17,0.14166666666666666,0.5,13,0.024760796508274573,0.02533083057296066
126,4,16,17,0.14166666666666666,0.5,15,0.02145681110495816,0.021950439772322843
126,4,16,17,0.14166666666666666,0.5,17,0.0189308257209858,0.019366111940307035
126,4,16,17,0.14166666666666666,0.5,19,0.0169369730046601,0.017326251089182114
126,4,16,17,0.14166666666666666,1.0,1,1.0529536350518303,1.0768336668502378
126,4,16,17,0.14166666666666666,1.0,3,0.333692886292641,0.34591537217911333
126,4,16,17,0.14166666666666666,1.0,5,0.19915628701925678,0.20686106459067688
126,4,16,17,0.14166666666666666,1.0,7,0.14201607555872298,0.1476235047838281
126,4,16,17,0.14166666666666666,1.0,9,0.11036977506747965,0.11477209271671096
126,4,16,17,0.14166666666666666,1.0,11,0.09026176190752448,0.09388348321887485
126,4,16,17,0.14166666666666666,1.0,13,0.07635317560283993,0.07942866973365077
126,4,16,17,0.14166666666666666,1.0,15,0.06615943251931183,0.06883151244370618
126,4,16,17,0.14166666666666666,1.0,17,0.05836736319171113,0.060729403362493786
126,4,16,17,0.14166666666666666,1.0,19,0.052217557281675736,0.05433392142106694
127,4,16,17,0.14166666666666666,0.1,1,0.01520905781663861,0.015044660686595336
127,4,16,17,0.14166666666666666,0.1,3,0.00506546868420401,0.005007408444938088
127,4,16,17,0.14166666666666666,0.1,5,0.003039047089661081,0.003003866792407602
127,4,16,17,0.14166666666666666,0.1,7,0.002170696127823856,0.002145465570524788
127,4,16,17,0.14166666666666666,0.1,9,0.0016883008421033343,0.0016686338281074087
127,4,16,17,0.14166666666666666,0.1,11,0.001381328710047349,0.0013652152225348694
127,4,16,17,0.14166666666666666,0.1,13,0.0011688121846445121,0.0011551647214519988
127,4,16,17,0.14166666666666666,0.1,15,0.0010129679655701634,0.001001131957507293
127,4,16,17,0.14166666666666666,0.1,17,0.0008937936200997172,0.0008833445658602602
127,4,16,17,0.14166666666666666,0.1,19,0.0007997089787079504,0.0007903559381253983
127,4,16,17,0.14166666666666666,0.5,1,0.350022486898982,0.34791092066073087
127,4,16,17,0.14166666666666666,0.5,3,0.11471163166240356,0.11319080134889901
127,4,16,17,0.14166666666666666,0.5,5,0.06872288042292254,0.06774201690196881
127,4,16,17,0.14166666666666666,0.5,7,0.049065656827562566,0.048346678875668944
127,4,16,17,0.14166666666666666,0.5,9,0.03815460085656292,0.037587995198458506
127,4,16,17,0.14166666666666666,0.5,11,0.031214059918692378,0.030746785027992
127,4,16,17,0.14166666666666666,0.5,13,0.02641017315790794,0.02601269015096241
127,4,16,17,0.14166666666666666,0.5,15,0.022887826517185145,0.02254203785251334
127,4,16,17,0.14166666666666666,0.5,17,0.020194525989795716,0.019888553617771376
127,4,16,17,0.14166666666666666,0.5,19,0.018068381052589434,0.017794013575714376
127,4,16,17,0.14166666666666666,1.0,1,1.0905019756201222,1.0927804325553243
127,4,16,17,0.14166666666666666,1.0,3,0.35208315327374967,0.3397617368989154
127,4,16,17,0.14166666666666666,1.0,5,0.21028607750541392,0.20213822705891968
127,4,16,17,0.14166666666666666,1.0,7,0.149981773364712,0.1439773606488111
127,4,16,17,0.14166666666666666,1.0,9,0.11657210268018092,0.11183050654299048
127,4,16,17,0.14166666666666666,1.0,11,0.09534025347028943,0.09142591907107755
127,4,16,17,0.14166666666666666,1.0,13,0.08065282110099393,0.07732117345176576
127,4,16,17,0.14166666666666666,1.0,15,0.06988746601806894,0.06698803054859934
127,4,16,17,0.14166666666666666,1.0,17,0.06165799676831151,0.05909176803467226
127,4,16,17,0.14166666666666666,1.0,19,0.055162687698573874,0.052861113842706885
128,4,16,17,0.14166666666666666,0.1,1,0.014606067083737316,0.013568451278713914
128,4,16,17,0.14166666666666666,0.1,3,0.004863984945919333,0.0045170845712906894
128,4,16,17,0.14166666666666666,0.1,5,0.0029181195033751825,0.0027097917614850027
128,4,16,17,0.14166666666666666,0.1,7,0.0020843093942334284,0.0019354416585425902
128,4,16,17,0.14166666666666666,0.1,9,0.0016211072035456795,0.001505293331695519
128,4,16,17,0.14166666666666666,0.1,11,0.0013263501329412702,0.001231578527352169
128,4,16,17,0.14166666666666666,0.1,13,0.0011222907371547398,0.001042090592709526
128,4,16,17,0.14166666666666666,0.1,15,0.000972648687241591,0.0009031362594510502
128,4,16,17,0.14166666666666666,0.1,17,0.0008582173288911884,0.0007968790047437148
128,4,16,17,0.14166666666666666,0.1,19,0.0007678772418476559,0.0007129928642900952
128,4,16,17,0.14166666666666666,0.5,1,0.33773714157467316,0.31436554285809987
128,4,16,17,0.14166666666666666,0.5,3,0.11032620200294631,0.10285535000055705
128,4,16,17,0.14166666666666666,0.5,5,0.06608192487180065,0.061606755366527495
128,4,16,17,0.14166666666666666,0.5,7,0.04717690967455059,0.043980373620453574
128,4,16,17,0.14166666666666666,0.5,9,0.03668466297609433,0.03419801435529756
128,4,16,17,0.14166666666666666,0.5,11,0.03001093843993657,0.0279760296630337
128,4,16,17,0.14166666666666666,0.5,13,0.02539189802242618,0.023669775515795445
128,4,16,17,0.14166666666666666,0.5,15,0.02200516812747871,0.02051246114259634
128,4,16,17,0.14166666666666666,0.5,17,0.01941560895009662,0.018098366397896363
128,4,16,17,0.14166666666666666,0.5,19,0.01737138550287624,0.0161926884509487
128,4,16,17,0.14166666666666666,1.0,1,1.0563657819614032,0.992818111352178
128,4,16,17,0.14166666666666666,1.0,3,0.3326295681457528,0.316172262201775
128,4,16,17,0.14166666666666666,1.0,5,0.1986577802881593,0.18899012252364744
128,4,16,17,0.14166666666666666,1.0,7,0.14168395871435302,0.13482970206176573
128,4,16,17,0.14166666666666666,1.0,9,0.11011911288031523,0.10480769500026925
128,4,16,17,0.14166666666666666,1.0,11,0.0900600355298972,0.08572380796504296
128,4,16,17,0.14166666666666666,1.0,13,0.07618426148192825,0.07252039873165933
128,4,16,17,0.14166666666666666,1.0,15,0.06601409873454736,0.0628419529386287
128,4,16,17,0.14166666666666666,1.0,17,0.05823981132090448,0.05544295014307529
128,4,16,17,0.14166666666666666,1.0,19,0.05210390061889168,0.049602884554131865
129,4,16,17,0.14166666666666666,0.1,1,0.011928472239218715,0.011952238019337454
129,4,16,17,0.14166666666666666,0.1,3,0.0039748869150008775,0.003973876159822605
129,4,16,17,0.14166666666666666,0.1,5,0.0023848711251626535,0.0023834648434455214
129,4,16,17,0.14166666666666666,0.1,7,0.0017034673685325723,0.0017022380312386276
129,4,16,17,0.14166666666666666,0.1,9,0.0013249152219701199,0.0013238659510093882
129,4,16,17,0.14166666666666666,0.1,11,0.0010840199540091695,0.001083114205158767
129,4,16,17,0.14166666666666666,0.1,13,0.0009172468790510133,0.0009164532687296931
129,4,16,17,0.14166666666666666,0.1,15,0.0007949468741540321,0.0007942420004180264
129,4,16,17,0.14166666666666666,0.1,17,0.0007014234643135073,0.0007007901011970999
129,4,16,17,0.14166666666666666,0.1,19,0.000627589259733345,0.0006270145617003949
129,4,16,17,0.14166666666666666,0.5,1,0.2801588234617792,0.2831987962256989
129,4,16,17,0.14166666666666666,0.5,3,0.0926566667081418,0.09086071347106595
129,4,16,17,0.14166666666666666,0.5,5,0.05555703860371295,0.05428615892425415
129,4,16,17,0.14166666666666666,0.5,7,0.03967624443039699,0.03872169147155309
129,4,16,17,0.14166666666666666,0.5,9,0.030856935477506748,0.0300968461459272
129,4,16,17,0.14166666666666666,0.5,11,0.025245600479283925,0.02461529865501079
129,4,16,17,0.14166666666666666,0.5,13,0.021361182212860992,0.02082322650283034
129,4,16,17,0.14166666666666666,0.5,15,0.01851276310649514,0.01804373351276855
129,4,16,17,0.14166666666666666,0.5,17,0.01633463644533484,0.015918965830357883
129,4,16,17,0.14166666666666666,0.5,19,0.014615103878940165,0.014241939720937949
129,4,16,17,0.14166666666666666,1.0,1,0.9242539336791779,0.9422001396887669
129,4,16,17,0.14166666666666666,1.0,3,0.2998631916987442,0.2757533699022107
129,4,16,17,0.14166666666666666,1.0,5,0.17934003046764718,0.16211422919324658
129,4,16,17,0.14166666666666666,1.0,7,0.12798029594929725,0.11500522961869644
129,4,16,17,0.14166666666666666,1.0,9,0.09950082474878803,0.08916349532315929
129,4,16,17,0.14166666666666666,1.0,11,0.08139308604121187,0.0728222466139767
129,4,16,17,0.14166666666666666,1.0,13,0.06886279753912737,0.061550365511618396
129,4,16,17,0.14166666666666666,1.0,15,0.059676510124150484,0.05330361899456739
129,4,16,17,0.14166666666666666,1.0,17,0.05265299628395576,0.047007376248428
129,4,16,17,0.14166666666666666,1.0,19,0.04710882300618456,0.042042398050881835
130,4,16,17,0.14166666666666666,0.1,1,0.013338539553252041,0.013113811129987153
130,4,16,17,0.14166666666666666,0.1,3,0.004438495428727226,0.0043606244629318764
130,4,16,17,0.14166666666666666,0.1,5,0.0026624888641675203,0.002615316317389857
130,4,16,17,0.14166666666666666,0.1,7,0.0019016142334805691,0.0018677749372840045
130,4,16,17,0.14166666666666666,0.1,9,0.0014789672074178096,0.001452583880586376
130,4,16,17,0.14166666666666666,0.1,11,0.0012100310617889987,0.0011884110258366118
130,4,16,17,0.14166666666666666,0.1,13,0.001023853631661319,0.0010055398646278072
130,4,16,17,0.14166666666666666,0.1,15,0.0008873281038728277,0.0008714434579104119
130,4,16,17,0.14166666666666666,0.1,17,0.0007829287825308062,0.0007689043026506769
130,4,16,17,0.14166666666666666,0.1,19,0.0007005097977418575,0.0006879554728074444
130,4,16,17,0.14166666666666666,0.5,1,0.3113621126371819,0.3087116418140759
130,4,16,17,0.14166666666666666,0.5,3,0.10103509401129525,0.10035486916895667
130,4,16,17,0.14166666666666666,0.5,5,0.060473512848804256,0.06003682343574605
130,4,16,17,0.14166666666666666,0.5,7,0.0431623162403412,0.042837886546442674
130,4,16,17,0.14166666666666666,0.5,9,0.03355880892031163,0.03330032299232891
130,4,16,17,0.14166666666666666,0.5,11,0.027451745569368944,0.027236828989514204
130,4,16,17,0.14166666666666666,0.5,13,0.023225478747187264,0.023041531791981918
130,4,16,17,0.14166666666666666,0.5,15,0.020127016569493356,0.019966225993117138
130,4,16,17,0.14166666666666666,0.5,17,0.017758026687805312,0.017615208879833182
130,4,16,17,0.14166666666666666,0.5,19,0.015888014152114525,0.01575955251308136
130,4,16,17,0.14166666666666666,1.0,1,0.9969285706528092,0.9991236610778897
130,4,16,17,0.14166666666666666,1.0,3,0.31022297814582434,0.31006554109768175
130,4,16,17,0.14166666666666666,1.0,5,0.18553157849166757,0.18470426654548458
130,4,16,17,0.14166666666666666,1.0,7,0.13239670160783293,0.13160691014669856
130,4,16,17,0.14166666666666666,1.0,9,0.10293239344999212,0.10223676292601191
130,4,16,17,0.14166666666666666,1.0,11,0.08419865565245861,0.08358842171985727
130,4,16,17,0.14166666666666666,1.0,13,0.0712354023571623,0.07069544416114462
130,4,16,17,0.14166666666666666,1.0,15,0.06173186196813355,0.06124909163997545
130,4,16,17,0.14166666666666666,1.0,17,0.054465903755910636,0.05403003447959004
130,4,16,17,0.14166666666666666,1.0,19,0.04873043268560636,0.04833350494528789
131,4,16,17,0.14166666666666666,0.1,1,0.015199846906368336,0.015191507601671995
131,4,16,17,0.14166666666666666,0.1,3,0.0050608479070043295,0.005044187661076626
131,4,16,17,0.14166666666666666,0.1,5,0.003036157476836235,0.0030246386364950347
131,4,16,17,0.14166666666666666,0.1,7,0.00216860100141861,0.0021599185762414225
131,4,16,17,0.14166666666666666,0.1,9,0.001686658799402545,0.0016797116939539273
131,4,16,17,0.14166666666666666,0.1,11,0.001379978998652463,0.0013741946641740097
131,4,16,17,0.14166666666666666,0.1,13,0.0011676665864288976,0.0011627136524300142
131,4,16,17,0.14166666666666666,0.1,15,0.001011972916773656,0.0010076433231368663
131,4,16,17,0.14166666666666666,0.1,17,0.000892914178362041,0.0008890690133206475
131,4,16,17,0.14166666666666666,0.1,19,0.0007989210938733585,0.0007954631047449844
131,4,16,17,0.14166666666666666,0.5,1,0.34798686864994066,0.35051369428376933
131,4,16,17,0.14166666666666666,0.5,3,0.11359634396612299,0.11192180834935603
131,4,16,17,0.14166666666666666,0.5,5,0.06805199420131106,0.06675520618449521
131,4,16,17,0.14166666666666666,0.5,7,0.0485870378637096,0.047575311347035756
131,4,16,17,0.14166666666666666,0.5,9,0.03778274829967498,0.036959921656901436
131,4,16,17,0.14166666666666666,0.5,11,0.030910067327205453,0.030218473072811954
131,4,16,17,0.14166666666666666,0.5,13,0.02615310866273844,0.025557287310679695
131,4,16,17,0.14166666666666666,0.5,15,0.022665144546961537,0.022142076296428066
131,4,16,17,0.14166666666666666,0.5,17,0.019998116929543553,0.019532105289425908
131,4,16,17,0.14166666666666666,0.5,19,0.017892701030343135,0.01747259656321611
131,4,16,17,0.14166666666666666,1.0,1,1.066284556477718,1.0893104586589268
131,4,16,17,0.14166666666666666,1.0,3,0.34727883849930774,0.35521720687529673
131,4,16,17,0.14166666666666666,1.0,5,0.2082054322559138,0.21249205322522915
131,4,16,17,0.14166666666666666,1.0,7,0.14868193030578392,0.15155208334956674
131,4,16,17,0.14166666666666666,1.0,9,0.11562849610596432,0.11776801894533279
131,4,16,17,0.14166666666666666,1.0,11,0.09459919621898429,0.09629828026724514
131,4,16,17,0.14166666666666666,1.0,13,0.08004232695172477,0.08144867304678406
131,4,16,17,0.14166666666666666,1.0,15,0.06936816933092572,0.07056653602155463
131,4,16,17,0.14166666666666666,1.0,17,0.06120603996084334,0.062249335886311444
131,4,16,17,0.14166666666666666,1.0,19,0.054762517115437975,0.05568589030291609
132,4,16,17,0.14166666666666666,0.1,1,0.013408101577041578,0.013902682480581512
132,4,16,17,0.14166666666666666,0.1,3,0.004466654674755575,0.004633959472729256
132,4,16,17,0.14166666666666666,0.1,5,0.0026798626861260317,0.002780361819784902
132,4,16,17,0.14166666666666666,0.1,7,0.00191416202802286,0.001985969980595206
132,4,16,17,0.14166666666666666,0.1,9,0.0014887844931623952,0.0015446424368249097
132,4,16,17,0.14166666666666666,0.1,11,0.0012180930093398281,0.0012637979920013774
132,4,16,17,0.14166666666666666,0.1,13,0.0010306924330206345,0.0010693673537839029
132,4,16,17,0.14166666666666666,0.1,15,0.0008932658771121664,0.0009267849431748848
132,4,16,17,0.14166666666666666,0.1,17,0.0007881752442808249,0.0008177513633734388
132,4,16,17,0.14166666666666666,0.1,19,0.0007052090968128799,0.0007316722366743291
132,4,16,17,0.14166666666666666,0.5,1,0.31358398586533115,0.32395963853785514
132,4,16,17,0.14166666666666666,0.5,3,0.10312400047978014,0.10813996995494363
132,4,16,17,0.14166666666666666,0.5,5,0.06180773729223763,0.06487755925488514
132,4,16,17,0.14166666666666666,0.5,7,0.04413527814068722,0.0463391431576903
132,4,16,17,0.14166666666666666,0.5,9,0.0343232450634531,0.03604084317689489
132,4,16,17,0.14166666666666666,0.5,11,0.02808091849710096,0.029487651643653696
132,4,16,17,0.14166666666666666,0.5,13,0.023759932131136186,0.024950934328677704
132,4,16,17,0.14166666666666666,0.5,15,0.020591481696194323,0.021624057142116793
132,4,16,17,0.14166666666666666,0.5,17,0.018168683492273657,0.019079999212972116
132,4,16,17,0.14166666666666666,0.5,19,0.016256020513315605,0.0170715458910132
132,4,16,17,0.14166666666666666,1.0,1,1.01891625750292,1.04337491417061
132,4,16,17,0.14166666666666666,1.0,3,0.3294696287786986,0.36040777355077064
132,4,16,17,0.14166666666666666,1.0,5,0.1970820635496588,0.21642127187505517
132,4,16,17,0.14166666666666666,1.0,7,0.14065137606191477,0.15453227418542292
132,4,16,17,0.14166666666666666,1.0,9,0.10935625216277357,0.12014707038985728
132,4,16,17,0.14166666666666666,1.0,11,0.08945696832907517,0.09827262730953677
132,4,16,17,0.14166666666666666,1.0,13,0.07568639349489933,0.08313415469762574
132,4,16,17,0.14166666666666666,1.0,15,0.06559053800700514,0.07203615108695635
132,4,16,17,0.14166666666666666,1.0,17,0.05787144484173137,0.06355177105073778
132,4,16,17,0.14166666666666666,1.0,19,0.05177810725696824,0.05685514207799228
133,4,16,17,0.14166666666666666,0.1,1,0.011483799181036865,0.01255459357627057
133,4,16,17,0.14166666666666666,0.1,3,0.003821888408870134,0.0041809040532058755
133,4,16,17,0.14166666666666666,0.1,5,0.0022926612710704106,0.0025083065584139267
133,4,16,17,0.14166666666666666,0.1,7,0.0016374890983811524,0.0017915926263070777
133,4,16,17,0.14166666666666666,0.1,9,0.0012735518351765466,0.0013934406826441991
133,4,16,17,0.14166666666666666,0.1,11,0.0010419716295797894,0.0011400783463792821
133,4,16,17,0.14166666666666666,0.1,13,0.000881653897896603,0.0009646765291351772
133,4,16,17,0.14166666666666666,0.1,15,0.000764091084967334,0.0008360499033699074
133,4,16,17,0.14166666666666666,0.1,17,0.0006741920686185152,0.0007376890997376154
133,4,16,17,0.14166666666666666,0.1,19,0.000603220334989448,0.000660036259492473
133,4,16,17,0.14166666666666666,0.5,1,0.2710025574919437,0.292815970109593
133,4,16,17,0.14166666666666666,0.5,3,0.08820038575538533,0.09564487796338979
133,4,16,17,0.14166666666666666,0.5,5,0.052811901559724796,0.05729450624275622
133,4,16,17,0.14166666666666666,0.5,7,0.03769922666494186,0.04090583017020164
133,4,16,17,0.14166666666666666,0.5,9,0.029313333076475795,0.03180940365263413
133,4,16,17,0.14166666666666666,0.5,11,0.023979891196241606,0.026023198023476617
133,4,16,17,0.14166666666666666,0.5,13,0.020288701899946766,0.02201828065969643
133,4,16,17,0.14166666666666666,0.5,15,0.017582384368987413,0.019081751983068305
133,4,16,17,0.14166666666666666,0.5,17,0.015513136995137239,0.01683637845629003
133,4,16,17,0.14166666666666666,0.5,19,0.013879685398486611,0.015063829382138828
133,4,16,17,0.14166666666666666,1.0,1,0.8987119538083075,0.9439783459054308
133,4,16,17,0.14166666666666666,1.0,3,0.2832174480368473,0.2922228430407554
133,4,16,17,0.14166666666666666,1.0,5,0.1691049921561959,0.17420978552724564
133,4,16,17,0.14166666666666666,1.0,7,0.12060338197494733,0.12419138666676328
133,4,16,17,0.14166666666666666,1.0,9,0.09373607644070457,0.09650821559696506
133,4,16,17,0.14166666666666666,1.0,11,0.07666273924470955,0.0789232400479182
133,4,16,17,0.14166666666666666,1.0,13,0.06485230048357682,0.0667613606851985
133,4,16,17,0.14166666666666666,1.0,15,0.056195794620785534,0.057848336770312724
133,4,16,17,0.14166666666666666,1.0,17,0.04957846952792114,0.051035441307709144
133,4,16,17,0.14166666666666666,1.0,19,0.04435561306961785,0.04565850334678307
134,4,16,17,0.14166666666666666,0.1,1,0.015844265224309206,0.01419253313102476
134,4,16,17,0.14166666666666666,0.1,3,0.005274736827519222,0.004720071228895725
134,4,16,17,0.14166666666666666,0.1,5,0.003164190493853738,0.0028311838588261106
134,4,16,17,0.14166666666666666,0.1,7,0.0022599472351764564,0.0020220429790057627
134,4,16,17,0.14166666666666666,0.1,9,0.0017576572733504967,0.0015726065925089077
134,4,16,17,0.14166666666666666,0.1,11,0.0014380424946576027,0.0012866313869688817
134,4,16,17,0.14166666666666666,0.1,13,0.0012167815770658874,0.001088661471396075
134,4,16,17,0.14166666666666666,0.1,15,0.0010545291392561015,0.0009434900254771232
134,4,16,17,0.14166666666666666,0.1,17,0.0009304568940814882,0.000832480180372484
134,4,16,17,0.14166666666666666,0.1,19,0.0008325070347782971,0.0007448429980006268
134,4,16,17,0.14166666666666666,0.5,1,0.3671993971855516,0.3327635439877823
134,4,16,17,0.14166666666666666,0.5,3,0.12097391460681671,0.1071556940941171
134,4,16,17,0.14166666666666666,0.5,5,0.07250583745986698,0.06406880316724348
134,4,16,17,0.14166666666666666,0.5,7,0.05177106419608353,0.04571107853262766
134,4,16,17,0.14166666666666666,0.5,9,0.04025923789000472,0.03553374395905301
134,4,16,17,0.14166666666666666,0.5,11,0.03293594723817228,0.02906401081935973
134,4,16,17,0.14166666666666666,0.5,13,0.02786697977533801,0.024587709216342145
134,4,16,17,0.14166666666666666,0.5,15,0.024150224811275912,0.021306398712096674
134,4,16,17,0.14166666666666666,0.5,17,0.021308265258207636,0.01879786158459946
134,4,16,17,0.14166666666666666,0.5,19,0.019064768825933418,0.016817844017960496
134,4,16,17,0.14166666666666666,1.0,1,1.1422301628563525,1.071673917865824
134,4,16,17,0.14166666666666666,1.0,3,0.37989189725514866,0.32554891225786925
134,4,16,17,0.14166666666666666,1.0,5,0.22753295076066746,0.19342318272998868
134,4,16,17,0.14166666666666666,1.0,7,0.1623804859249815,0.13773838719763107
134,4,16,17,0.14166666666666666,1.0,9,0.1262314422672216,0.10698061533311173
134,4,16,17,0.14166666666666666,1.0,11,0.1032460804331348,0.08746180220985915
134,4,16,17,0.14166666666666666,1.0,13,0.08734185089753482,0.07397023923234922
134,4,16,17,0.14166666666666666,1.0,15,0.07568335133652619,0.06408643785522555
134,4,16,17,0.14166666666666666,1.0,17,0.06677068029386117,0.05653348031526828
134,4,16,17,0.14166666666666666,1.0,19,0.0597359944929702,0.050573610549339974
135,4,16,17,0.14166666666666666,0.1,1,0.015274280725131246,0.013946113014071563
135,4,16,17,0.14166666666666666,0.1,3,0.005087393841156741,0.004641459760179305
135,4,16,17,0.14166666666666666,0.1,5,0.003052243221927212,0.0027845280801377585
135,4,16,17,0.14166666666666666,0.1,7,0.0021801357419910313,0.0019888801881533013
135,4,16,17,0.14166666666666666,0.1,9,0.001695648974650336,0.001546884906983053
135,4,16,17,0.14166666666666666,0.1,11,0.0013873441258545347,0.001265624033041086
135,4,16,17,0.14166666666666666,0.1,13,0.001173904117614134,0.0010709082280178136
135,4,16,17,0.14166666666666666,0.1,15,0.0010173822361920779,0.0009281180634306493
135,4,16,17,0.14166666666666666,0.1,17,0.0008976894227028411,0.0008189262872758433
135,4,16,17,0.14166666666666666,0.1,19,0.0008031953063393185,0.0007327226319760162
135,4,16,17,0.14166666666666666,0.5,1,0.3509851502190584,0.3222485728697065
135,4,16,17,0.14166666666666666,0.5,3,0.11483532548958104,0.10326588281625246
135,4,16,17,0.14166666666666666,0.5,5,0.06880518287723221,0.061759227174294155
135,4,16,17,0.14166666666666666,0.5,7,0.04912780654359527,0.044074307377396676
135,4,16,17,0.14166666666666666,0.5,9,0.038204527814291726,0.03426739684762056
135,4,16,17,0.14166666666666666,0.5,11,0.031255772381419675,0.02803173420803808
135,4,16,17,0.14166666666666666,0.5,13,0.0264459868815463,0.023716615966815298
135,4,16,17,0.14166666666666666,0.5,15,0.022919200211605432,0.02055301732422321
135,4,16,17,0.14166666666666666,0.5,17,0.020222437498552626,0.018134199635983304
135,4,16,17,0.14166666666666666,0.5,19,0.01809351760007575,0.016224824801149344
135,4,16,17,0.14166666666666666,1.0,1,1.0793344443221233,1.007136737140625
135,4,16,17,0.14166666666666666,1.0,3,0.34386753523233843,0.2878741532916236
135,4,16,17,0.14166666666666666,1.0,5,0.20594408789841032,0.17023605281857826
135,4,16,17,0.14166666666666666,1.0,7,0.1470348580122829,0.12110275299686724
135,4,16,17,0.14166666666666666,1.0,9,0.1143392302251665,0.09403222819090305
135,4,16,17,0.14166666666666666,1.0,11,0.0935415954920293,0.07686958337695694
135,4,16,17,0.14166666666666666,1.0,13,0.0791463810385075,0.06501140594428739
135,4,16,17,0.14166666666666666,1.0,15,0.06859125508243458,0.05632576144549376
135,4,16,17,0.14166666666666666,1.0,17,0.06052035724156411,0.0496889034996934
135,4,16,17,0.14166666666666666,1.0,19,0.054148955010429746,0.04445203057093626
136,4,16,17,0.14166666666666666,0.1,1,0.012691034502155255,0.01463155083627066
136,4,16,17,0.14166666666666666,0.1,3,0.004229291559701628,0.0048741320422505535
136,4,16,17,0.14166666666666666,0.1,5,0.0025375246406230904,0.00292433277421852
136,4,16,17,0.14166666666666666,0.1,7,0.0018125077075573745,0.0020887803043384964
136,4,16,17,0.14166666666666666,0.1,9,0.0014097250510146622,0.001624597678880049
136,4,16,17,0.14166666666666666,0.1,11,0.001153410094235169,0.0013292124622877343
136,4,16,17,0.14166666666666666,0.1,13,0.0009759617493672833,0.0011247163780593215
136,4,16,17,0.14166666666666666,0.1,15,0.0008458331691766578,0.0009747531833386026
136,4,16,17,0.14166666666666666,0.1,17,0.0007463231799826576,0.0008600757420794972
136,4,16,17,0.14166666666666666,0.1,19,0.0006677627168989349,0.0007695410794254003
136,4,16,17,0.14166666666666666,0.5,1,0.2972495250001623,0.3379138672571074
136,4,16,17,0.14166666666666666,0.5,3,0.09859349976625037,0.11092967961100769
136,4,16,17,0.14166666666666666,0.5,5,0.05913611073128993,0.06647569595479386
136,4,16,17,0.14166666666666666,0.5,7,0.04223620536501737,0.047466481622127354
136,4,16,17,0.14166666666666666,0.5,9,0.032849147879931304,0.03691320283665032
136,4,16,17,0.14166666666666666,0.5,11,0.026876065485730925,0.030199569483334472
136,4,16,17,0.14166666666666666,0.5,13,0.022741038227264143,0.025552439476852037
136,4,16,17,0.14166666666666666,0.5,15,0.0197087650592705,0.02214488074349485
136,4,16,17,0.14166666666666666,0.5,17,0.0173900073968186,0.01953926641900583
136,4,16,17,0.14166666666666666,0.5,19,0.015559430490822502,0.01748229184307586
136,4,16,17,0.14166666666666666,1.0,1,0.9668701773072309,1.0573195912939015
136,4,16,17,0.14166666666666666,1.0,3,0.32107070620844147,0.3324486009301844
136,4,16,17,0.14166666666666666,1.0,5,0.19270242684133165,0.19840262683827056
136,4,16,17,0.14166666666666666,1.0,7,0.13765797749749129,0.14150535437248984
136,4,16,17,0.14166666666666666,1.0,9,0.10707175049052192,0.10999216615193246
136,4,16,17,0.14166666666666666,1.0,11,0.08760602318092238,0.08996559821607762
136,4,16,17,0.14166666666666666,1.0,13,0.07412908738374367,0.0761111105944454
136,4,16,17,0.14166666666666666,1.0,15,0.06424570824980406,0.06595555201007809
136,4,16,17,0.14166666666666666,1.0,17,0.056687684842255504,0.05819170498215905
136,4,16,17,0.14166666666666666,1.0,19,0.050720745689413795,0.0520635203664814
137,4,16,17,0.14166666666666666,0.1,1,0.0144988182623824,0.01415986352777257
137,4,16,17,0.14166666666666666,0.1,3,0.004827277963596095,0.004710618358643438
137,4,16,17,0.14166666666666666,0.1,5,0.002895942757805495,0.002825557080882967
137,4,16,17,0.14166666666666666,0.1,7,0.002068418876779168,0.0020180282458694392
137,4,16,17,0.14166666666666666,0.1,9,0.0016087256201844616,0.001569484031153549
137,4,16,17,0.14166666666666666,0.1,11,0.0013162079241049993,0.0012840759935033798
137,4,16,17,0.14166666666666666,0.1,13,0.001113701858201417,0.001086498659409965
137,4,16,17,0.14166666666666666,0.1,15,0.000965200498576136,0.0009416151351260964
137,4,16,17,0.14166666666666666,0.1,17,0.0008516423462648085,0.0008308255091507918
137,4,16,17,0.14166666666666666,0.1,19,0.0007619921964885296,0.0007433622235048568
137,4,16,17,0.14166666666666666,0.5,1,0.3336489049061426,0.33183075776127585
137,4,16,17,0.14166666666666666,0.5,3,0.10928623102482432,0.10797196142756339
137,4,16,17,0.14166666666666666,0.5,5,0.06547813091714923,0.0646285198981569
137,4,16,17,0.14166666666666666,0.5,7,0.04674966302124591,0.04612644984819762
137,4,16,17,0.14166666666666666,0.5,9,0.03635375244385468,0.03586235559826164
137,4,16,17,0.14166666666666666,0.5,11,0.029740822148968935,0.02933540219608305
137,4,16,17,0.14166666666666666,0.5,13,0.025163671501392666,0.024818690159801957
137,4,16,17,0.14166666666666666,0.5,15,0.021807568648724802,0.021507372912312014
137,4,16,17,0.14166666666666666,0.5,17,0.019241381921400683,0.01897569397912537
137,4,16,17,0.14166666666666666,0.5,19,0.01721558283566,0.016977294838793903
137,4,16,17,0.14166666666666666,1.0,1,1.0417258208206992,1.0650697378001994
137,4,16,17,0.14166666666666666,1.0,3,0.3332263504076017,0.3349220001970589
137,4,16,17,0.14166666666666666,1.0,5,0.19843533476483635,0.20020957728671848
137,4,16,17,0.14166666666666666,1.0,7,0.14134179333119243,0.14283667779629827
137,4,16,17,0.14166666666666666,1.0,9,0.1097747438283072,0.11103300934822055
137,4,16,17,0.14166666666666666,1.0,11,0.0897380782835334,0.0908162752383421
137,4,16,17,0.14166666666666666,1.0,13,0.0758885435474288,0.07682894615015932
137,4,16,17,0.14166666666666666,1.0,15,0.06574313596424618,0.06657578469155595
137,4,16,17,0.14166666666666666,1.0,17,0.05799089564313298,0.05873737151794909
137,4,16,17,0.14166666666666666,1.0,19,0.05187428267788266,0.05255044448525975
138,4,16,17,0.14166666666666666,0.1,1,0.013534440796368686,0.013543593015221516
138,4,16,17,0.14166666666666666,0.1,3,0.004505099155980141,0.004505363060868238
138,4,16,17,0.14166666666666666,0.1,5,0.002702630621281099,0.0027022883846598705
138,4,16,17,0.14166666666666666,0.1,7,0.0019303434779381085,0.0019299335495848184
138,4,16,17,0.14166666666666666,0.1,9,0.001501336938760272,0.0015009441297155718
138,4,16,17,0.14166666666666666,0.1,11,0.0012283465612029402,0.0012279859013211293
138,4,16,17,0.14166666666666666,0.1,13,0.001039359010666307,0.0010390305411217856
138,4,16,17,0.14166666666666666,0.1,15,0.0009007709773764499,0.0009004713667232848
138,4,16,17,0.14166666666666666,0.1,17,0.0007947934417939934,0.0007945189346581832
138,4,16,17,0.14166666666666666,0.1,19,0.0007111278814792079,0.0007108750675857943
138,4,16,17,0.14166666666666666,0.5,1,0.31577746710523774,0.3155460482623582
138,4,16,17,0.14166666666666666,0.5,3,0.10296422002352712,0.10335459973448927
138,4,16,17,0.14166666666666666,0.5,5,0.06167544959967717,0.061893077393077665
138,4,16,17,0.14166666666666666,0.5,7,0.04403215187059035,0.04417738129943284
138,4,16,17,0.14166666666666666,0.5,9,0.034239750727042516,0.0343472430222891
138,4,16,17,0.14166666666666666,0.5,11,0.028011023978758508,0.02809580548204397
138,4,16,17,0.14166666666666666,0.5,13,0.023699913209584964,0.023769671435662217
138,4,16,17,0.14166666666666666,0.5,15,0.020538929320357748,0.020598071514127375
138,4,16,17,0.14166666666666666,0.5,17,0.018121962923736922,0.018173231378056282
138,4,16,17,0.14166666666666666,0.5,19,0.01621397597934489,0.016259185128186724
138,4,16,17,0.14166666666666666,1.0,1,1.0183299068810745,1.0035714397780642
138,4,16,17,0.14166666666666666,1.0,3,0.33302154043510085,0.33003835290895034
138,4,16,17,0.14166666666666666,1.0,5,0.19990727862062557,0.19818262573196294
138,4,16,17,0.14166666666666666,1.0,7,0.14281338916001776,0.14160602350452642
138,4,16,17,0.14166666666666666,1.0,9,0.11108408189505634,0.11015479364334498
138,4,16,17,0.14166666666666666,1.0,11,0.09088965714925122,0.09013319517880722
138,4,16,17,0.14166666666666666,1.0,13,0.0769078076219537,0.07626957595129331
138,4,16,17,0.14166666666666666,1.0,15,0.066653995636953,0.06610186913449781
138,4,16,17,0.14166666666666666,1.0,17,0.05881263404349019,0.05832606402422955
138,4,16,17,0.14166666666666666,1.0,19,0.05262197938936464,0.05218701015540695
139,4,16,17,0.14166666666666666,0.1,1,0.011874735442838335,0.012245125988963015
139,4,16,17,0.14166666666666666,0.1,3,0.003957173169758406,0.004077443603954081
139,4,16,17,0.14166666666666666,0.1,5,0.0023742522488293502,0.0024462612472782343
139,4,16,17,0.14166666666666666,0.1,7,0.001695884294816273,0.0017472891329227782
139,4,16,17,0.14166666666666666,0.1,9,0.001319017863124935,0.0013589897502310942
139,4,16,17,0.14166666666666666,0.1,11,0.001079195085274889,0.0011118953583678104
139,4,16,17,0.14166666666666666,0.1,13,0.0009131644160231683,0.000940831932109444
139,4,16,17,0.14166666666666666,0.1,15,0.0007914088037746837,0.0008153862597011505
139,4,16,17,0.14166666666666666,0.1,17,0.000698301675292419,0.0007194576301522686
139,4,16,17,0.14166666666666666,0.1,19,0.0006247961037949442,0.0006437247246172277
139,4,16,17,0.14166666666666666,0.5,1,0.2793428597192322,0.28766724172166785
139,4,16,17,0.14166666666666666,0.5,3,0.09251862621369848,0.09341486422265555
139,4,16,17,0.14166666666666666,0.5,5,0.05547934341843164,0.05592700960963485
139,4,16,17,0.14166666666666666,0.5,7,0.03962177960847005,0.03992381937550428
139,4,16,17,0.14166666666666666,0.5,9,0.030814910242355744,0.03104415826307275
139,4,16,17,0.14166666666666666,0.5,11,0.02521135773376471,0.025396575338612396
139,4,16,17,0.14166666666666666,0.5,13,0.02133227749290941,0.02148785695203891
139,4,16,17,0.14166666666666666,0.5,15,0.01848775090027333,0.01862196485860262
139,4,16,17,0.14166666666666666,0.5,17,0.016312589892444464,0.016430647441299195
139,4,16,17,0.14166666666666666,0.5,19,0.014595392660138517,0.014700793148897131
139,4,16,17,0.14166666666666666,1.0,1,0.9252780640428686,0.9425807443309158
139,4,16,17,0.14166666666666666,1.0,3,0.3022457088681918,0.283160835363128
139,4,16,17,0.14166666666666666,1.0,5,0.18082739414203267,0.16818022880140934
139,4,16,17,0.14166666666666666,1.0,7,0.1290565470659328,0.11978751310097853
139,4,16,17,0.14166666666666666,1.0,9,0.10034308826973323,0.0930585100072467
139,4,16,17,0.14166666666666666,1.0,11,0.08208465428811926,0.07609334512115982
139,4,16,17,0.14166666666666666,1.0,13,0.06944930208878575,0.064364548716014
139,4,16,17,0.14166666666666666,1.0,15,0.06018561435852737,0.05577057159380171
139,4,16,17,0.14166666666666666,1.0,17,0.053102722445873655,0.049202227655220095
139,4,16,17,0.14166666666666666,1.0,19,0.04751156146016802,0.04401859049843848
140,4,16,17,0.14166666666666666,0.1,1,0.01416785629798293,0.014805457027795727
140,4,16,17,0.14166666666666666,0.1,3,0.0047143352221188,0.004918658746259746
140,4,16,17,0.14166666666666666,0.1,5,0.0028278694180202887,0.002949696665303727
140,4,16,17,0.14166666666666666,0.1,7,0.0020197019752394327,0.002106502159533028
140,4,16,17,0.14166666666666666,0.1,9,0.0015707947358179122,0.0016382143377873333
140,4,16,17,0.14166666666666666,0.1,11,0.0012851528439665131,0.0013402675554909263
140,4,16,17,0.14166666666666666,0.1,13,0.0010874123794311573,0.0011340208614480378
140,4,16,17,0.14166666666666666,0.1,15,0.0009424086073934796,0.0009827856002331378
140,4,16,17,0.14166666666666666,0.1,17,0.0008315266828232161,0.0008671420355840682
140,4,16,17,0.14166666666666666,0.1,19,0.0007439903230935153,0.0007758486794961934
140,4,16,17,0.14166666666666666,0.5,1,0.3294829233827703,0.3439988019140117
140,4,16,17,0.14166666666666666,0.5,3,0.107793228421805,0.11038331910328834
140,4,16,17,0.14166666666666666,0.5,5,0.06453381002478761,0.06597697374503814
140,4,16,17,0.14166666666666666,0.5,7,0.04605764399845196,0.04706376432854085
140,4,16,17,0.14166666666666666,0.5,9,0.035807321230032906,0.03658094097185106
140,4,16,17,0.14166666666666666,0.5,11,0.02928927153011461,0.029918111023075174
140,4,16,17,0.14166666666666666,0.5,13,0.024778890067615657,0.02530876816543195
140,4,16,17,0.14166666666666666,0.5,15,0.0214723379270003,0.021930244938912328
140,4,16,17,0.14166666666666666,0.5,17,0.01894438786859186,0.019347576496499368
140,4,16,17,0.14166666666666666,0.5,19,0.016948991522804237,0.017309165012845556
140,4,16,17,0.14166666666666666,1.0,1,1.053909040122985,1.0725789965854682
140,4,16,17,0.14166666666666666,1.0,3,0.3433387889075267,0.3320072729351774
140,4,16,17,0.14166666666666666,1.0,5,0.2049894655862038,0.19825465835639233
140,4,16,17,0.14166666666666666,1.0,7,0.1461275654183479,0.14140948650660895
140,4,16,17,0.14166666666666666,1.0,9,0.1135325355655326,0.1099151766911903
140,4,16,17,0.14166666666666666,1.0,11,0.09282815145432158,0.08989913369895715
140,4,16,17,0.14166666666666666,1.0,13,0.0785111407097045,0.07605194561257993
140,4,16,17,0.14166666666666666,1.0,15,0.06802055332211505,0.06590200315003727
140,4,16,17,0.14166666666666666,1.0,17,0.06000314640552278,0.058142710487782676
140,4,16,17,0.14166666666666666,1.0,19,0.05367652089348821,0.05201833237896152
141,4,16,17,0.14166666666666666,0.1,1,0.015122498399036068,0.01474873470789095
141,4,16,17,0.14166666666666666,0.1,3,0.005034257339676839,0.0049036904225634986
141,4,16,17,0.14166666666666666,0.1,5,0.00302015922823714,0.0029412193082546255
141,4,16,17,0.14166666666666666,0.1,7,0.002157164268715861,0.0021006040443045295
141,4,16,17,0.14166666666666666,0.1,9,0.0016777603158346908,0.001633695443995336
141,4,16,17,0.14166666666666666,0.1,11,0.0013726969811953076,0.001336606155133697
141,4,16,17,0.14166666666666666,0.1,13,0.0011615041326678256,0.0011309438463286059
141,4,16,17,0.14166666666666666,0.1,15,0.0010066316926843298,0.000980132294281365
141,4,16,17,0.14166666666666666,0.1,17,0.000888201064934827,0.0008648099697475778
141,4,16,17,0.14166666666666666,0.1,19,0.0007947039199796325,0.000773768522400749
141,4,16,17,0.14166666666666666,0.5,1,0.34638928974478234,0.34158118933999176
141,4,16,17,0.14166666666666666,0.5,3,0.1123734725151357,0.10935755866248657
141,4,16,17,0.14166666666666666,0.5,5,0.06727009986006846,0.06532392099326079
141,4,16,17,0.14166666666666666,0.5,7,0.04801726662616316,0.046589599138950236
141,4,16,17,0.14166666666666666,0.5,9,0.03733545375356296,0.036209757429272856
141,4,16,17,0.14166666666666666,0.5,11,0.03054217151567528,0.029613480508574805
141,4,16,17,0.14166666666666666,0.5,13,0.025840771791825277,0.02505058036235121
141,4,16,17,0.14166666666666666,0.5,15,0.022393831643934232,0.021706270463191513
141,4,16,17,0.14166666666666666,0.5,17,0.019758324618881853,0.01914983859268089
141,4,16,17,0.14166666666666666,0.5,19,0.017677879696920657,0.017132177916927196
141,4,16,17,0.14166666666666666,1.0,1,1.059247692125373,1.080060530470635
141,4,16,17,0.14166666666666666,1.0,3,0.3319453968944168,0.3288211813094684
141,4,16,17,0.14166666666666666,1.0,5,0.19811196575230447,0.19561452576306113
141,4,16,17,0.14166666666666666,1.0,7,0.14122873164515584,0.13932853238691886
141,4,16,17,0.14166666666666666,1.0,9,0.10973188405235271,0.10821644920023062
141,4,16,17,0.14166666666666666,1.0,11,0.0897244839078249,0.08846854481127822
141,4,16,17,0.14166666666666666,1.0,13,0.0758888130494621,0.07481794840297037
141,4,16,17,0.14166666666666666,1.0,15,0.06575047947685439,0.06481775123257233
141,4,16,17,0.14166666666666666,1.0,17,0.05800198251294359,0.05717610948234526
141,4,16,17,0.14166666666666666,1.0,19,0.051887351944621275,0.05114651644218043
142,4,16,17,0.14166666666666666,0.1,1,0.01362090937135015,0.011665293908914966
142,4,16,17,0.14166666666666666,0.1,3,0.004536755205408249,0.0038847116656531375
142,4,16,17,0.14166666666666666,0.1,5,0.0027218822396786204,0.0023306469710884584
142,4,16,17,0.14166666666666666,0.1,7,0.0019441679591030935,0.001664712380082476
142,4,16,17,0.14166666666666666,0.1,9,0.0015121198662021438,0.0012947649442323437
142,4,16,17,0.14166666666666666,0.1,11,0.0012371845212520978,0.0010593484343679573
142,4,16,17,0.14166666666666666,0.1,13,0.0010468462703927587,0.000896369463830379
142,4,16,17,0.14166666666666666,0.1,15,0.0009072655873497794,0.0007768522909907014
142,4,16,17,0.14166666666666666,0.1,17,0.0008005277633945701,0.0006854571700321841
142,4,16,17,0.14166666666666666,0.1,19,0.0007162612463668772,0.0006133033233494122
142,4,16,17,0.14166666666666666,0.5,1,0.31556119624171025,0.2806540250755312
142,4,16,17,0.14166666666666666,0.5,3,0.10341571215842825,0.09180881949859312
142,4,16,17,0.14166666666666666,0.5,5,0.06196519174225611,0.05498882851943661
142,4,16,17,0.14166666666666666,0.5,7,0.04424422018465979,0.03925845934425771
142,4,16,17,0.14166666666666666,0.5,9,0.03440684131824649,0.030528158492302535
142,4,16,17,0.14166666666666666,0.5,11,0.028148843195498437,0.02497501155238222
142,4,16,17,0.14166666666666666,0.5,13,0.023817176639928064,0.02113144866957125
142,4,16,17,0.14166666666666666,0.5,15,0.02064096827588425,0.018313240183182002
142,4,16,17,0.14166666666666666,0.5,17,0.018212274164643882,0.016158339000964653
142,4,16,17,0.14166666666666666,0.5,19,0.016294976273178965,0.014457208724382166
142,4,16,17,0.14166666666666666,1.0,1,0.9969448806410399,0.9705989049853307
142,4,16,17,0.14166666666666666,1.0,3,0.3173764886632265,0.3113269830844915
142,4,16,17,0.14166666666666666,1.0,5,0.18978031285053176,0.18602291268759627
142,4,16,17,0.14166666666666666,1.0,7,0.1354310949469306,0.13272487699832072
142,4,16,17,0.14166666666666666,1.0,9,0.10529493117702031,0.10318337969670574
142,4,16,17,0.14166666666666666,1.0,11,0.08613368811703112,0.08440336519794915
142,4,16,17,0.14166666666666666,1.0,13,0.07287422097581996,0.07140881737441489
142,4,16,17,0.14166666666666666,1.0,15,0.06315323769671488,0.0618825312218974
142,4,16,17,0.14166666666666666,1.0,17,0.055720838497980235,0.05459922319783958
142,4,16,17,0.14166666666666666,1.0,19,0.049853851896497645,0.04885004947353821
143,4,16,17,0.14166666666666666,0.1,1,0.014416376920947558,0.01385616479764873
143,4,16,17,0.14166666666666666,0.1,3,0.004801324389447685,0.004613391934065461
143,4,16,17,0.14166666666666666,0.1,5,0.0028805922152916313,0.002767747395459446
143,4,16,17,0.14166666666666666,0.1,7,0.002057525149564713,0.001976900031564085
143,4,16,17,0.14166666666666666,0.1,9,0.0016002840233089663,0.0015375671383103715
143,4,16,17,0.14166666666666666,0.1,11,0.0013093176605298723,0.0012579997175965795
143,4,16,17,0.14166666666666666,0.1,13,0.0011078813771234954,0.0010644561911570217
143,4,16,17,0.14166666666666666,0.1,15,0.0009601623084436531,0.0009225257266688233
143,4,16,17,0.14166666666666666,0.1,17,0.0008472011036996384,0.0008139914208820562
143,4,16,17,0.14166666666666666,0.1,19,0.0007580214433511344,0.0007283068700786488
143,4,16,17,0.14166666666666666,0.5,1,0.33563243451983604,0.3227889005455099
143,4,16,17,0.14166666666666666,0.5,3,0.10978300463055483,0.10477762299765403
143,4,16,17,0.14166666666666666,0.5,5,0.065774899224004,0.06272058999152308
143,4,16,17,0.14166666666666666,0.5,7,0.04696294949374776,0.044769883337249836
143,4,16,17,0.14166666666666666,0.5,9,0.03652044333621035,0.03481068397509841
143,4,16,17,0.14166666666666666,0.5,11,0.029877680115681666,0.028476957836056513
143,4,16,17,0.14166666666666666,0.5,13,0.025279771252726516,0.024093580916565858
143,4,16,17,0.14166666666666666,0.5,15,0.021908384685688866,0.020879789050017104
143,4,16,17,0.14166666666666666,0.5,17,0.01933047315932669,0.018422532734184132
143,4,16,17,0.14166666666666666,0.5,19,0.0172953938313332,0.016482788043437852
143,4,16,17,0.14166666666666666,1.0,1,1.0754306572873296,1.042036256009605
143,4,16,17,0.14166666666666666,1.0,3,0.3426378366058179,0.3191096418377253
143,4,16,17,0.14166666666666666,1.0,5,0.20502544190927258,0.1900814421423247
143,4,16,17,0.14166666666666666,1.0,7,0.14633290468913782,0.135482553346276
143,4,16,17,0.14166666666666666,1.0,9,0.11377537380191183,0.10527541842917751
143,4,16,17,0.14166666666666666,1.0,11,0.09307149352817004,0.08608995820768245
143,4,16,17,0.14166666666666666,1.0,13,0.07874367364692537,0.0728221702304883
143,4,16,17,0.14166666666666666,1.0,15,0.06823919986212491,0.06309910351433633
143,4,16,17,0.14166666666666666,1.0,17,0.0602077122674576,0.055667254602924654
143,4,16,17,0.14166666666666666,1.0,19,0.05386782570191697,0.04980194559631549
144,4,16,17,0.14166666666666666,0.1,1,0.013578168405570825,0.014983615281327618
144,4,16,17,0.14166666666666666,0.1,3,0.0045229761220797115,0.004984762135225564
144,4,16,17,0.14166666666666666,0.1,5,0.0027136060403238752,0.002989890904543251
144,4,16,17,0.14166666666666666,0.1,7,0.0019382488025577154,0.002135355621649228
144,4,16,17,0.14166666666666666,0.1,9,0.0015075118052336792,0.00166071388766365
144,4,16,17,0.14166666666666666,0.1,11,0.0012334117616815614,0.0013587052599527579
144,4,16,17,0.14166666666666666,0.1,13,0.0010436523374906996,0.001149638511156057
144,4,16,17,0.14166666666666666,0.1,15,0.0009044964438379235,0.0009963311846514884
144,4,16,17,0.14166666666666666,0.1,17,0.0007980836540242166,0.0008791008586594446
144,4,16,17,0.14166666666666666,0.1,19,0.0007140738691138546,0.0007865534509711409
144,4,16,17,0.14166666666666666,0.5,1,0.31445832522747275,0.34617265742727144
144,4,16,17,0.14166666666666666,0.5,3,0.10335960660268188,0.11307210367194248
144,4,16,17,0.14166666666666666,0.5,5,0.06194802387215314,0.06767513159605999
144,4,16,17,0.14166666666666666,0.5,7,0.04423481157791983,0.04829585984034699
144,4,16,17,0.14166666666666666,0.5,9,0.0344002799789708,0.03754624509094697
144,4,16,17,0.14166666666666666,0.5,11,0.028143719400270883,0.030711187056085634
144,4,16,17,0.14166666666666666,0.5,13,0.02381292600094583,0.025981616734134835
144,4,16,17,0.14166666666666666,0.5,15,0.020637311796364625,0.02251445295526187
144,4,16,17,0.14166666666666666,0.5,17,0.018209052909720903,0.019863747260455648
144,4,16,17,0.14166666666666666,0.5,19,0.016292090274274924,0.017771474951169767
144,4,16,17,0.14166666666666666,1.0,1,0.9972434121941847,1.0728706553366647
144,4,16,17,0.14166666666666666,1.0,3,0.3218838697263531,0.3436994898314033
144,4,16,17,0.14166666666666666,1.0,5,0.19258956638736302,0.2053293080964508
144,4,16,17,0.14166666666666666,1.0,7,0.13743772198946408,0.14644075441414506
144,4,16,17,0.14166666666666666,1.0,9,0.10684941640656319,0.11381218716792768
144,4,16,17,0.14166666666666666,1.0,11,0.08740043542438951,0.09307732078531254
144,4,16,17,0.14166666666666666,1.0,13,0.07394238365897575,0.0787344911603677
144,4,16,17,0.14166666666666666,1.0,15,0.06407630926119923,0.0682223340079476
144,4,16,17,0.14166666666666666,1.0,17,0.056533353196326394,0.0601868544649475
144,4,16,17,0.14166666666666666,1.0,19,0.05057936738997202,0.053844961925802924
145,4,16,17,0.14166666666666666,0.1,1,0.01258283426138901,0.012528614371588732
145,4,16,17,0.14166666666666666,0.1,3,0.0041790659354018315,0.004166759414789354
145,4,16,17,0.14166666666666666,0.1,5,0.002506081189679262,0.0024989864621156304
145,4,16,17,0.14166666666666666,0.1,7,0.0017896768458968292,0.0017846675709754453
145,4,16,17,0.14166666666666666,0.1,9,0.0013918132249037941,0.0013879362274340395
145,4,16,17,0.14166666666666666,0.1,11,0.0011386763385226844,0.0011355123264146232
145,4,16,17,0.14166666666666666,0.1,13,0.0009634493667452516,0.000960776134186595
145,4,16,17,0.14166666666666666,0.1,15,0.0008349605923644275,0.0008326460121066346
145,4,16,17,0.14166666666666666,0.1,17,0.0007367106511294625,0.0007346697086554458
145,4,16,17,0.14166666666666666,0.1,19,0.0006591486439136574,0.0006573233897230492
145,4,16,17,0.14166666666666666,0.5,1,0.29090781422786405,0.2978034426315755
145,4,16,17,0.14166666666666666,0.5,3,0.09364014036047899,0.0980548661504861
145,4,16,17,0.14166666666666666,0.5,5,0.0559482114508258,0.05871138761073368
145,4,16,17,0.14166666666666666,0.5,7,0.039897942689288084,0.041899350125841575
145,4,16,17,0.14166666666666666,0.5,9,0.031004987345446974,0.03257217303700328
145,4,16,17,0.14166666666666666,0.5,11,0.025354204558552636,0.02664149459961689
145,4,16,17,0.14166666666666666,0.5,13,0.021445801578730234,0.022537833868321436
145,4,16,17,0.14166666666666666,0.5,15,0.018581503963799578,0.01952962625758238
145,4,16,17,0.14166666666666666,0.5,17,0.0163922035991522,0.017229886396192617
145,4,16,17,0.14166666666666666,0.5,19,0.014664439089671636,0.0154147033972404
145,4,16,17,0.14166666666666666,1.0,1,0.9442925566756777,0.996160815174079
145,4,16,17,0.14166666666666666,1.0,3,0.3176161600834853,0.3324744642269667
145,4,16,17,0.14166666666666666,1.0,5,0.19089495933088985,0.19930413061613544
145,4,16,17,0.14166666666666666,1.0,7,0.13638301801234948,0.14224476540299022
145,4,16,17,0.14166666666666666,1.0,9,0.10607311557830448,0.11057270162738994
145,4,16,17,0.14166666666666666,1.0,11,0.0867809677395002,0.09043248642282799
145,4,16,17,0.14166666666666666,1.0,13,0.07342458598958858,0.07649721074925483
145,4,16,17,0.14166666666666666,1.0,15,0.06363031637496293,0.06628257674885181
145,4,16,17,0.14166666666666666,1.0,17,0.05614104670469977,0.05847417314613276
145,4,16,17,0.14166666666666666,1.0,19,0.05022885880727062,0.05231143319540811
146,4,16,17,0.14166666666666666,0.1,1,0.014181118778954067,0.013772926910535856
146,4,16,17,0.14166666666666666,0.1,3,0.004718866979535162,0.004582588094641409
146,4,16,17,0.14166666666666666,0.1,5,0.0028306351942075044,0.002748821870492275
146,4,16,17,0.14166666666666666,0.1,7,0.002021694150864115,0.001963241093933653
146,4,16,17,0.14166666666666666,0.1,9,0.0015723518443416166,0.001526881737782975
146,4,16,17,0.14166666666666666,0.1,11,0.0012864309560611299,0.0012492246546689982
146,4,16,17,0.14166666666666666,0.1,13,0.001088496321395689,0.0010570120088181476
146,4,16,17,0.14166666666666666,0.1,15,0.0009433496122906969,0.0009160618939512887
146,4,16,17,0.14166666666666666,0.1,17,0.0008323580648777423,0.0008082797765416004
146,4,16,17,0.14166666666666666,0.1,19,0.0007447349631083133,0.0007231906012446043
146,4,16,17,0.14166666666666666,0.5,1,0.3292664000499213,0.3202586501977378
146,4,16,17,0.14166666666666666,0.5,3,0.10705454972295364,0.10426536331587703
146,4,16,17,0.14166666666666666,0.5,5,0.06406976875029033,0.06236361137689643
146,4,16,17,0.14166666666666666,0.5,7,0.04572475804807781,0.04449391871459282
146,4,16,17,0.14166666666666666,0.5,9,0.03554879419280646,0.03458587927738903
146,4,16,17,0.14166666666666666,0.5,11,0.029078254123860846,0.02828741036030889
146,4,16,17,0.14166666666666666,0.5,13,0.024600749934666617,0.02392978254787605
146,4,16,17,0.14166666666666666,0.5,15,0.02131826521305361,0.020735607808732768
146,4,16,17,0.14166666666666666,0.5,17,0.018808680798128932,0.01829378733732835
146,4,16,17,0.14166666666666666,0.5,19,0.016827753121757986,0.016366501788022552
146,4,16,17,0.14166666666666666,1.0,1,1.042077169501791,1.0198656668602293
146,4,16,17,0.14166666666666666,1.0,3,0.3270702084715874,0.32768723940320277
146,4,16,17,0.14166666666666666,1.0,5,0.19533042007409165,0.19544245194144896
146,4,16,17,0.14166666666666666,1.0,7,0.13931190330935625,0.1392841773770253
146,4,16,17,0.14166666666666666,1.0,9,0.10827633707465331,0.10820196080118498
146,4,16,17,0.14166666666666666,1.0,11,0.08855344191272002,0.08846301393641584
146,4,16,17,0.14166666666666666,1.0,13,0.07491010924291161,0.07481541929977144
146,4,16,17,0.14166666666666666,1.0,15,0.06491024622128938,0.06481623295008816
146,4,16,17,0.14166666666666666,1.0,17,0.05726609859434929,0.057174877240933716
146,4,16,17,0.14166666666666666,1.0,19,0.051232875577170295,0.05114530054906836
147,4,16,17,0.14166666666666666,0.1,1,0.01382456450162882,0.013716774820998503
147,4,16,17,0.14166666666666666,0.1,3,0.004601948096550555,0.0045664565543868324
147,4,16,17,0.14166666666666666,0.1,5,0.0027606950717438176,0.002739536126826642
147,4,16,17,0.14166666666666666,0.1,7,0.0019718002855501366,0.0019567342593975294
147,4,16,17,0.14166666666666666,0.1,9,0.0015335726334339025,0.0015218763098722792
147,4,16,17,0.14166666666666666,0.1,11,0.0012547165604995395,0.0012451584911389304
147,4,16,17,0.14166666666666666,0.1,13,0.0010616692652232569,0.001053588628128214
147,4,16,17,0.14166666666666666,0.1,15,0.0009201046966677011,0.0009131059622428471
147,4,16,17,0.14166666666666666,0.1,17,0.0008118513472312484,0.0008056790497272509
147,4,16,17,0.14166666666666666,0.1,19,0.0007263893175274691,0.0007208689112337552
147,4,16,17,0.14166666666666666,0.5,1,0.3225782762794974,0.3182698337290128
147,4,16,17,0.14166666666666666,0.5,3,0.1052570251772414,0.10294374502828574
147,4,16,17,0.14166666666666666,0.5,5,0.06300793850788262,0.061570694903173455
147,4,16,17,0.14166666666666666,0.5,7,0.0449705467408567,0.04393591911717809
147,4,16,17,0.14166666666666666,0.5,9,0.034963894509532925,0.03415720457359267
147,4,16,17,0.14166666666666666,0.5,11,0.02860055895468617,0.027939966689245074
147,4,16,17,0.14166666666666666,0.5,13,0.02419703910806501,0.023637917461225226
147,4,16,17,0.14166666666666666,0.5,15,0.020968691341165187,0.0204840979401291
147,4,16,17,0.14166666666666666,0.5,17,0.01850043959866377,0.01807288295084684
147,4,16,17,0.14166666666666666,0.5,19,0.0165521030401403,0.016169592525438457
147,4,16,17,0.14166666666666666,1.0,1,1.0441570403359919,1.0372580403139036
147,4,16,17,0.14166666666666666,1.0,3,0.33328070727954445,0.32382784541897053
147,4,16,17,0.14166666666666666,1.0,5,0.198688655799837,0.19115260607791454
147,4,16,17,0.14166666666666666,1.0,7,0.14159342141939776,0.13559395411060368
147,4,16,17,0.14166666666666666,1.0,9,0.11000040427927707,0.10505961759756147
147,4,16,17,0.14166666666666666,1.0,11,0.08993794699895576,0.08575037543020744
147,4,16,17,0.14166666666666666,1.0,13,0.07606641249146716,0.07243733714707012
147,4,16,17,0.14166666666666666,1.0,15,0.06590275835109637,0.06270276590467344
147,4,16,17,0.14166666666666666,1.0,17,0.058135379124125246,0.05527474984455646
147,4,16,17,0.14166666666666666,1.0,19,0.05200609953707264,0.049420311172965144
148,4,16,17,0.14166666666666666,0.1,1,0.011701669087470702,0.01163172999379378
148,4,16,17,0.14166666666666666,0.1,3,0.0038949247548829323,0.0038650802889708545
148,4,16,17,0.14166666666666666,0.1,5,0.002336553285450761,0.0023178362681767466
148,4,16,17,0.14166666666666666,0.1,7,0.001668863832487609,0.001655244560751317
148,4,16,17,0.14166666666666666,0.1,9,0.0012979648513824903,0.001287263687547393
148,4,16,17,0.14166666666666666,0.1,11,0.0010619514717864584,0.0010531394195894199
148,4,16,17,0.14166666666666666,0.1,13,0.0008985632190131666,0.0008910736927631273
148,4,16,17,0.14166666666666666,0.1,15,0.0007787479486488471,0.0007722359215508825
148,4,16,17,0.14166666666666666,0.1,17,0.0006871260355575261,0.0006813658791787741
148,4,16,17,0.14166666666666666,0.1,19,0.0006147938548326359,0.0006096299592721945
148,4,16,17,0.14166666666666666,0.5,1,0.27490065361472105,0.27589070979095964
148,4,16,17,0.14166666666666666,0.5,3,0.08936144175199702,0.0891469096049421
148,4,16,17,0.14166666666666666,0.5,5,0.05348303547195522,0.05328157693026748
148,4,16,17,0.14166666666666666,0.5,7,0.03817114398822356,0.038004241942325635
148,4,16,17,0.14166666666666666,0.5,9,0.029677274293078926,0.029537369612105117
148,4,16,17,0.14166666666666666,0.5,11,0.024276088304434014,0.024156319567995833
148,4,16,17,0.14166666666666666,0.5,13,0.020538427503652625,0.020433961144648936
148,4,16,17,0.14166666666666666,0.5,15,0.017798248479181333,0.017705717580591862
148,4,16,17,0.14166666666666666,0.5,17,0.01570322899199769,0.015620234936865403
148,4,16,17,0.14166666666666666,0.5,19,0.01404950454686794,0.013974291449365302
148,4,16,17,0.14166666666666666,1.0,1,0.907749927383915,0.9117366866112213
148,4,16,17,0.14166666666666666,1.0,3,0.2825345631538041,0.28011554748396633
148,4,16,17,0.14166666666666666,1.0,5,0.1684358653109603,0.16663471707771488
148,4,16,17,0.14166666666666666,1.0,7,0.12007005107928376,0.11867518396147476
148,4,16,17,0.14166666666666666,1.0,9,0.09330112849236116,0.09216989787488779
148,4,16,17,0.14166666666666666,1.0,11,0.07629738860233637,0.07534796978973456
148,4,16,17,0.14166666666666666,1.0,13,0.06453795098281999,0.06372074093559428
148,4,16,17,0.14166666666666666,1.0,15,0.055920195661736206,0.05520320510575094
148,4,16,17,0.14166666666666666,1.0,17,0.04933322972168217,0.04869472762676072
148,4,16,17,0.14166666666666666,1.0,19,0.04413476641329742,0.04355935371528757
149,4,16,17,0.14166666666666666,0.1,1,0.01523738397225128,0.014670541665990368
149,4,16,17,0.14166666666666666,0.1,3,0.00506981397914969,0.00488007009139153
149,4,16,17,0.14166666666666666,0.1,5,0.0030410183027321084,0.0029271615991131547
149,4,16,17,0.14166666666666666,0.1,7,0.002171907847337325,0.0020905846717999333
149,4,16,17,0.14166666666666666,0.1,9,0.0016891581637647254,0.00162590936872067
149,4,16,17,0.14166666666666666,0.1,11,0.0013819857406566205,0.0013302384408129116
149,4,16,17,0.14166666666666666,0.1,13,0.0011693420807551132,0.0011255570542843128
149,4,16,17,0.14166666666666666,0.1,15,0.0010134106352335036,0.0009754644091610977
149,4,16,17,0.14166666666666666,0.1,17,0.000894173020289253,0.0008606916268992534
149,4,16,17,0.14166666666666666,0.1,19,0.0008000405330147589,0.0007700839181409437
149,4,16,17,0.14166666666666666,0.5,1,0.3498438511386495,0.3369982088746049
149,4,16,17,0.14166666666666666,0.5,3,0.11420290315309932,0.10925466472553831
149,4,16,17,0.14166666666666666,0.5,5,0.06834142786007698,0.06534428520996619
149,4,16,17,0.14166666666666666,0.5,7,0.04876675961668381,0.046622771162956204
149,4,16,17,0.14166666666666666,0.5,9,0.037910075810188765,0.03624229061900861
149,4,16,17,0.14166666666666666,0.5,11,0.03100753140804745,0.029643202585308063
149,4,16,17,0.14166666666666666,0.5,13,0.026231560578542364,0.02507739301726152
149,4,16,17,0.14166666666666666,0.5,15,0.02273054509862156,0.02173049512577747
149,4,16,17,0.14166666666666666,0.5,17,0.020054056293503767,0.019171843954593412
149,4,16,17,0.14166666666666666,0.5,19,0.017941493765956707,0.017152293032024448
149,4,16,17,0.14166666666666666,1.0,1,1.0784946565663587,1.0473397524323762
149,4,16,17,0.14166666666666666,1.0,3,0.3494040412011945,0.3301838850175617
149,4,16,17,0.14166666666666666,1.0,5,0.20827362616617975,0.19612192829591604
149,4,16,17,0.14166666666666666,1.0,7,0.1483119262715243,0.13955203039608238
149,4,16,17,0.14166666666666666,1.0,9,0.11515090609970834,0.10832726254010776
149,4,16,17,0.14166666666666666,1.0,11,0.09410708402499028,0.08852632016869669
149,4,16,17,0.14166666666666666,1.0,13,0.07956561663690619,0.07484772361041012
149,4,16,17,0.14166666666666666,1.0,15,0.06891628442464866,0.06483153473771547
149,4,16,17,0.14166666666666666,1.0,17,0.060780981190356624,0.057180242279286614
149,4,16,17,0.14166666666666666,1.0,19,0.05436349034812914,0.05114459575065921
150,4,16,17,0.14166666666666666,0.1,1,0.013886649221734408,0.012241835814271443
150,4,16,17,0.14166666666666666,0.1,3,0.004620257977770065,0.004075848891475004
150,4,16,17,0.14166666666666666,0.1,5,0.002771621234233805,0.0024452808967702334
150,4,16,17,0.14166666666666666,0.1,7,0.001979619923875863,0.001746584260452823
150,4,16,17,0.14166666666666666,0.1,9,0.0015396688303125677,0.0013584400373631896
150,4,16,17,0.14166666666666666,0.1,11,0.001259714223191032,0.0011114449809877822
150,4,16,17,0.14166666666666666,0.1,13,0.0010659047979927844,0.0009404505456018645
150,4,16,17,0.14166666666666666,0.1,15,0.0009237802150261908,0.0008150555627234512
150,4,16,17,0.14166666666666666,0.1,17,0.0008150978613587583,0.0007191657431725131
150,4,16,17,0.14166666666666666,0.1,19,0.0007292966244075472,0.0006434635026565016
150,4,16,17,0.14166666666666666,0.5,1,0.3269077576296168,0.2857834607469759
150,4,16,17,0.14166666666666666,0.5,3,0.10678100031132753,0.09254913057513717
150,4,16,17,0.14166666666666666,0.5,5,0.06390985375176801,0.055401822950372825
150,4,16,17,0.14166666666666666,0.5,7,0.04561086711993939,0.03954765274983081
150,4,16,17,0.14166666666666666,0.5,9,0.03546091557566813,0.030751262910996766
150,4,16,17,0.14166666666666666,0.5,11,0.02900711278367129,0.025156802319812606
150,4,16,17,0.14166666666666666,0.5,13,0.024541222362966686,0.021284908597517683
150,4,16,17,0.14166666666666666,0.5,15,0.021267226682470084,0.018446041902230523
150,4,16,17,0.14166666666666666,0.5,17,0.018764093286872518,0.016275401082097796
150,4,16,17,0.14166666666666666,0.5,19,0.016788219223612025,0.014561875848511227
150,4,16,17,0.14166666666666666,1.0,1,1.060439789414296,0.9207665253483236
150,4,16,17,0.14166666666666666,1.0,3,0.341318079628652,0.2773294142424515
150,4,16,17,0.14166666666666666,1.0,5,0.20430448609609012,0.16521031272239242
150,4,16,17,0.14166666666666666,1.0,7,0.14583925391015257,0.11778081442213383
150,4,16,17,0.14166666666666666,1.0,9,0.11340123745744363,0.09153562858199034
150,4,16,17,0.14166666666666666,1.0,11,0.09277075721472194,0.07486327098641726
150,4,16,17,0.14166666666666666,1.0,13,0.07849247252684102,0.06333152557446647
150,4,16,17,0.14166666666666666,1.0,15,0.06802362777901846,0.05487955114285898
150,4,16,17,0.14166666666666666,1.0,17,0.06001897366904652,0.04841855667658679
150,4,16,17,0.14166666666666666,1.0,19,0.05370001184398256,0.0433189977389539
151,4,16,17,0.14166666666666666,0.1,1,0.013372798261577867,0.01502510149210627
151,4,16,17,0.14166666666666666,0.1,3,0.0044437328014135975,0.00499673852292017
151,4,16,17,0.14166666666666666,0.1,5,0.002664799465869839,0.002996761822785013
151,4,16,17,0.14166666666666666,0.1,7,0.0019030040019650024,0.002140159833678743
151,4,16,17,0.14166666666666666,0.1,9,0.0014799343249309218,0.0016644042670995497
151,4,16,17,0.14166666666666666,0.1,11,0.001210762726790004,0.001361700140648923
151,4,16,17,0.14166666666666666,0.1,13,0.0010244376760673583,0.001152158102374885
151,4,16,17,0.14166666666666666,0.1,15,0.0008878119344620136,0.0009985055114554954
151,4,16,17,0.14166666666666666,0.1,17,0.0007833405868894578,0.0008810130546654867
151,4,16,17,0.14166666666666666,0.1,19,0.0007008675679231142,0.0007882598716917929
151,4,16,17,0.14166666666666666,0.5,1,0.3171736836523105,0.3516049565771057
151,4,16,17,0.14166666666666666,0.5,3,0.1030793505745319,0.11578610241331799
151,4,16,17,0.14166666666666666,0.5,5,0.06162607576600451,0.06936646573511
151,4,16,17,0.14166666666666666,0.5,7,0.04395757143547511,0.04951829518549121
151,4,16,17,0.14166666666666666,0.5,9,0.0341641962202911,0.038502161603306995
151,4,16,17,0.14166666666666666,0.5,11,0.027939905490798608,0.03149564019257242
151,4,16,17,0.14166666666666666,0.5,13,0.023634224860899604,0.02664662464575074
151,4,16,17,0.14166666666666666,0.5,15,0.020478468822634554,0.02309152159459893
151,4,16,17,0.14166666666666666,0.5,17,0.01806621918993237,0.020373386742223693
151,4,16,17,0.14166666666666666,0.5,19,0.016162399734171003,0.018227777335419946
151,4,16,17,0.14166666666666666,1.0,1,1.0491424353203467,1.0990652879541745
151,4,16,17,0.14166666666666666,1.0,3,0.3315896899469253,0.3720076537558748
151,4,16,17,0.14166666666666666,1.0,5,0.19734149540190152,0.2231722709311888
151,4,16,17,0.14166666666666666,1.0,7,0.1405369861001524,0.15935557056361047
151,4,16,17,0.14166666666666666,1.0,9,0.10913960563293293,0.12391247370193069
151,4,16,17,0.14166666666666666,1.0,11,0.08921375684112245,0.10136471291377237
151,4,16,17,0.14166666666666666,1.0,13,0.07544215708437144,0.08575865180270768
151,4,16,17,0.14166666666666666,1.0,15,0.06535452038093166,0.07431650539246487
151,4,16,17,0.14166666666666666,1.0,17,0.057646809546771274,0.06556804307889132
151,4,16,17,0.14166666666666666,1.0,19,0.05156556756539253,0.058662274280698354
152,4,16,17,0.14166666666666666,0.1,1,0.013032849492030582,0.013139107973037517
152,4,16,17,0.14166666666666666,0.1,3,0.004337033748721608,0.004369755057106894
152,4,16,17,0.14166666666666666,0.1,5,0.0026015372061184805,0.0026208095172564633
152,4,16,17,0.14166666666666666,0.1,7,0.001858045318873381,0.001871698176411083
152,4,16,17,0.14166666666666666,0.1,9,0.0014450645949637133,0.0014556340711608037
152,4,16,17,0.14166666666666666,0.1,11,0.0011822838363814868,0.0011909056942108404
152,4,16,17,0.14166666666666666,0.1,13,0.001000369883309646,0.0010076500671792048
152,4,16,17,0.14166666666666666,0.1,15,0.0008669720390655597,0.0008732718203111823
152,4,16,17,0.14166666666666666,0.1,17,0.0007649651497685622,0.0007705172128651212
152,4,16,17,0.14166666666666666,0.1,19,0.0006844353521651127,0.0006893983404761125
152,4,16,17,0.14166666666666666,0.5,1,0.3073787104679193,0.31047296040301026
152,4,16,17,0.14166666666666666,0.5,3,0.10049820515046594,0.10134847527493353
152,4,16,17,0.14166666666666666,0.5,5,0.060172305003985314,0.06064558466276675
152,4,16,17,0.14166666666666666,0.5,7,0.04294910188814969,0.04327406151418489
152,4,16,17,0.14166666666666666,0.5,9,0.03339294050505728,0.033639652543539726
152,4,16,17,0.14166666666666666,0.5,11,0.027315755558224384,0.0275143542928433
152,4,16,17,0.14166666666666666,0.5,13,0.0231101465847836,0.02327623971585673
152,4,16,17,0.14166666666666666,0.5,15,0.02002684959384032,0.020169536467536137
152,4,16,17,0.14166666666666666,0.5,17,0.017669478202872298,0.017794517839327638
152,4,16,17,0.14166666666666666,0.5,19,0.01580865709374053,0.01591992130919569
152,4,16,17,0.14166666666666666,1.0,1,1.0095231045751374,1.0237449838054982
152,4,16,17,0.14166666666666666,1.0,3,0.3195381943729349,0.3236217215527435
152,4,16,17,0.14166666666666666,1.0,5,0.19090222281940136,0.1930741721424461
152,4,16,17,0.14166666666666666,1.0,7,0.13620197527820968,0.13763376668261718
152,4,16,17,0.14166666666666666,1.0,9,0.1058855080879326,0.10694097719919511
152,4,16,17,0.14166666666666666,1.0,11,0.08661336325094052,0.08744480211240625
152,4,16,17,0.14166666666666666,1.0,13,0.07327845410808764,0.07396247637634987
152,4,16,17,0.14166666666666666,1.0,15,0.06350270663148763,0.0640828329596055
152,4,16,17,0.14166666666666666,1.0,17,0.056028743412697195,0.056531861401021385
152,4,16,17,0.14166666666666666,1.0,19,0.050129087113214565,0.05057296736866052
153,4,16,17,0.14166666666666666,0.1,1,0.016661432301143746,0.015532616511169434
153,4,16,17,0.14166666666666666,0.1,3,0.005550268427779551,0.005173589351483433
153,4,16,17,0.14166666666666666,0.1,5,0.0033297707652498298,0.003103844772922421
153,4,16,17,0.14166666666666666,0.1,7,0.0023782903305643063,0.002216949745473033
153,4,16,17,0.14166666666666666,0.1,9,0.0018497310640033853,0.0017242612091148857
153,4,16,17,0.14166666666666666,0.1,11,0.0015133902542692136,0.001410742731629656
153,4,16,17,0.14166666666666666,0.1,13,0.0012805457579245449,0.0011936960522967847
153,4,16,17,0.14166666666666666,0.1,15,0.0011097966667036167,0.0010345307778567025
153,4,16,17,0.14166666666666666,0.1,17,0.000979225847333025,0.0009128174274765151
153,4,16,17,0.14166666666666666,0.1,19,0.0008761448525162423,0.0008167287016819401
153,4,16,17,0.14166666666666666,0.5,1,0.38255765631886385,0.3584010317712185
153,4,16,17,0.14166666666666666,0.5,3,0.12721332643925395,0.11821546061574174
153,4,16,17,0.14166666666666666,0.5,5,0.0763176648091121,0.07083281408634802
153,4,16,17,0.14166666666666666,0.5,7,0.054509758011850894,0.05057026913369727
153,4,16,17,0.14166666666666666,0.5,9,0.04239523208052005,0.0393228520114571
153,4,16,17,0.14166666666666666,0.5,11,0.03468634577041479,0.03216858219359836
153,4,16,17,0.14166666666666666,0.5,13,0.02934958948043324,0.027216967567409378
153,4,16,17,0.14166666666666666,0.5,15,0.025436055555272372,0.02358644312476186
153,4,16,17,0.14166666666666666,0.5,17,0.022443403878579175,0.02081052051653692
153,4,16,17,0.14166666666666666,0.5,19,0.02008081566877429,0.018619216150385268
153,4,16,17,0.14166666666666666,1.0,1,1.1731212106236888,1.1299947736705933
153,4,16,17,0.14166666666666666,1.0,3,0.40388183722004783,0.37553875627874705
153,4,16,17,0.14166666666666666,1.0,5,0.24235197172832748,0.224247230128302
153,4,16,17,0.14166666666666666,1.0,7,0.17303781868335352,0.15984623057037814
153,4,16,17,0.14166666666666666,1.0,9,0.13454004772463538,0.12418496271041686
153,4,16,17,0.14166666666666666,1.0,11,0.11005066105746958,0.10153433145309165
153,4,16,17,0.14166666666666666,1.0,13,0.09310208478466328,0.08587233862540054
153,4,16,17,0.14166666666666666,1.0,15,0.08067653177786194,0.07439671860667094
153,4,16,17,0.14166666666666666,1.0,17,0.07117677576717511,0.06562679279005218
153,4,16,17,0.14166666666666666,1.0,19,0.06367836553981496,0.05870652820092776
154,4,16,17,0.14166666666666666,0.1,1,0.013786574765124536,0.013652480815708804
154,4,16,17,0.14166666666666666,0.1,3,0.00458996550112328,0.0045434150422412126
154,4,16,17,0.14166666666666666,0.1,5,0.002753545541808673,0.002725436210721439
154,4,16,17,0.14166666666666666,0.1,7,0.001966702100632323,0.0019465722743025949
154,4,16,17,0.14166666666666666,0.1,9,0.0015296103421198145,0.0015139320746140289
154,4,16,17,0.14166666666666666,0.1,11,0.0012514759925631959,0.0012386371895680792
154,4,16,17,0.14166666666666666,0.1,13,0.001058927919600971,0.0010480578695306023
154,4,16,17,0.14166666666666666,0.1,15,0.0009177292499607844,0.0009083044746180875
154,4,16,17,0.14166666666666666,0.1,17,0.0008097556042262049,0.000801436899325435
154,4,16,17,0.14166666666666666,0.1,19,0.0007245143364962608,0.000717069367662884
154,4,16,17,0.14166666666666666,0.5,1,0.32255344987064727,0.3208631053830495
154,4,16,17,0.14166666666666666,0.5,3,0.10542686696363346,0.10439630012098401
154,4,16,17,0.14166666666666666,0.5,5,0.06315947500942179,0.06250840747954065
154,4,16,17,0.14166666666666666,0.5,7,0.04509358249494827,0.04461991664334534
154,4,16,17,0.14166666666666666,0.5,9,0.03506579521788776,0.03469393329635413
154,4,16,17,0.14166666666666666,0.5,11,0.028687091862887638,0.028381122143173985
154,4,16,17,0.14166666666666666,0.5,13,0.02427207914203639,0.02401220508857324
154,4,16,17,0.14166666666666666,0.5,15,0.021034867701447094,0.02080903644089106
154,4,16,17,0.14166666666666666,0.5,17,0.018559592932957194,0.01835992724809527
154,4,16,17,0.14166666666666666,0.5,19,0.016605563791987445,0.016426634733019457
154,4,16,17,0.14166666666666666,1.0,1,1.0438991801310062,1.0448748509798407
154,4,16,17,0.14166666666666666,1.0,3,0.3291047843707773,0.32622417084553446
154,4,16,17,0.14166666666666666,1.0,5,0.19671358462246408,0.1951002925511627
154,4,16,17,0.14166666666666666,1.0,7,0.14033601819659466,0.13923755113615405
154,4,16,17,0.14166666666666666,1.0,9,0.1090861004651261,0.10825708495394334
154,4,16,17,0.14166666666666666,1.0,11,0.08922217129227386,0.08855751812313126
154,4,16,17,0.14166666666666666,1.0,13,0.07547932651041259,0.07492504028276287
154,4,16,17,0.14166666666666666,1.0,15,0.06540559404943287,0.06493041405057512
154,4,16,17,0.14166666666666666,1.0,17,0.057704480069056756,0.05728873188401708
154,4,16,17,0.14166666666666666,1.0,19,0.051626005811472954,0.05125652140580586
155,4,16,17,0.14166666666666666,0.1,1,0.011875398025522814,0.01250969256452642
155,4,16,17,0.14166666666666666,0.1,3,0.00395477125323808,0.004167965985624675
155,4,16,17,0.14166666666666666,0.1,5,0.002372685364060807,0.002500687028047425
155,4,16,17,0.14166666666666666,0.1,7,0.0016947403506199735,0.0017861868070208344
155,4,16,17,0.14166666666666666,0.1,9,0.001318120210175066,0.0013892505762381155
155,4,16,17,0.14166666666666666,0.1,11,0.0010784573624296938,0.0011366571481808314
155,4,16,17,0.14166666666666666,0.1,13,0.0009125385929899206,0.0009617856428076342
155,4,16,17,0.14166666666666666,0.1,15,0.0007908655559803464,0.0008335469182551075
155,4,16,17,0.14166666666666666,0.1,17,0.0006978218272543653,0.0007354821982146803
155,4,16,17,0.14166666666666666,0.1,19,0.0006243664450212801,0.0006580627831125671
155,4,16,17,0.14166666666666666,0.5,1,0.2796296787401015,0.2949842866760931
155,4,16,17,0.14166666666666666,0.5,3,0.09104865836282681,0.09731597211655399
155,4,16,17,0.14166666666666666,0.5,5,0.05452429064384526,0.058343317123417844
155,4,16,17,0.14166666666666666,0.5,7,0.03892525452473938,0.04166473822917232
155,4,16,17,0.14166666666666666,0.5,9,0.03026858061744515,0.03240301216384274
155,4,16,17,0.14166666666666666,0.5,11,0.024762461251204786,0.026510357068702486
155,4,16,17,0.14166666666666666,0.5,13,0.02095151774007633,0.022431257616748364
155,4,16,17,0.14166666666666666,0.5,15,0.018157256592136715,0.01944010633789474
155,4,16,17,0.14166666666666666,0.5,17,0.016020680954961883,0.017152848139337012
155,4,16,17,0.14166666666666666,0.5,19,0.014334025090072403,0.01534716795505178
155,4,16,17,0.14166666666666666,1.0,1,0.9260917937142116,0.9777199369692897
155,4,16,17,0.14166666666666666,1.0,3,0.2839872787796816,0.3181766392001983
155,4,16,17,0.14166666666666666,1.0,5,0.16896376255158524,0.19065711135799474
155,4,16,17,0.14166666666666666,1.0,7,0.12033676575786341,0.13613727570279358
155,4,16,17,0.14166666666666666,1.0,9,0.09345958838147274,0.10586995886219819
155,4,16,17,0.14166666666666666,1.0,11,0.07640132399258989,0.08661487958522472
155,4,16,17,0.14166666666666666,1.0,13,0.06461088941960105,0.07328660747221316
155,4,16,17,0.14166666666666666,1.0,15,0.05597398481277652,0.06351348350805358
155,4,16,17,0.14166666666666666,1.0,17,0.04937444664154711,0.056040380913212895
155,4,16,17,0.14166666666666666,1.0,19,0.0441673353776344,0.05014081183526321
156,4,16,17,0.14166666666666666,0.1,1,0.012398441105253191,0.012398441105253202
156,4,16,17,0.14166666666666666,0.1,3,0.004127361644592019,0.004127361644592059
156,4,16,17,0.14166666666666666,0.1,5,0.002476155578929165,0.0024761555789292807
156,4,16,17,0.14166666666666666,0.1,7,0.001768631121952711,0.001768631121953102
156,4,16,17,0.14166666666666666,0.1,9,0.0013755855221485559,0.001375585522149379
156,4,16,17,0.14166666666666666,0.1,11,0.0011254722460995786,0.001125472246099479
156,4,16,17,0.14166666666666666,0.1,13,0.0009523193520756093,0.0009523193520773978
156,4,16,17,0.14166666666666666,0.1,15,0.0008253416345190108,0.0008253416345191631
156,4,16,17,0.14166666666666666,0.1,17,0.0007282415549501876,0.0007282415549502483
156,4,16,17,0.14166666666666666,0.1,19,0.0006515838818117126,0.0006515838818118962
156,4,16,17,0.14166666666666666,0.5,1,0.2887600926957747,0.28876009269577485
156,4,16,17,0.14166666666666666,0.5,3,0.09303222118770471,0.09303222118770482
156,4,16,17,0.14166666666666666,0.5,5,0.05566756562766741,0.05566756562766755
156,4,16,17,0.14166666666666666,0.5,7,0.03973270577881291,0.039732705778813764
156,4,16,17,0.14166666666666666,0.5,9,0.030893661508392727,0.030893661508392605
156,4,16,17,0.14166666666666666,0.5,11,0.025272673309297444,0.025272673309297736
156,4,16,17,0.14166666666666666,0.5,13,0.021382642079363596,0.021382642079363717
156,4,16,17,0.14166666666666666,0.5,15,0.018530574396662575,0.018530574396663113
156,4,16,17,0.14166666666666666,0.5,17,0.016349888046357855,0.016349888046357158
156,4,16,17,0.14166666666666666,0.5,19,0.014628458782529639,0.014628458782529496
156,4,16,17,0.14166666666666666,1.0,1,0.928893838475286,0.9288938384752858
156,4,16,17,0.14166666666666666,1.0,3,0.267843898594973,0.2678438985949733
156,4,16,17,0.14166666666666666,1.0,5,0.15878495072215848,0.15878495072215862
156,4,16,17,0.14166666666666666,1.0,7,0.11303980478672969,0.11303980478673022
156,4,16,17,0.14166666666666666,1.0,9,0.08779824048566943,0.08779824048566869
156,4,16,17,0.14166666666666666,1.0,11,0.07178424059281518,0.07178424059281584
156,4,16,17,0.14166666666666666,1.0,13,0.06071568002737479,0.06071568002737472
156,4,16,17,0.14166666666666666,1.0,15,0.0526066615648051,0.05260666156480612
156,4,16,17,0.14166666666666666,1.0,17,0.04640957088899145,0.04640957088899156
156,4,16,17,0.14166666666666666,1.0,19,0.041519254157596226,0.041519254157594984
157,4,16,17,0.14166666666666666,0.1,1,0.010190865951345739,0.010106882276778634
157,4,16,17,0.14166666666666666,0.1,3,0.0033968528373578997,0.0033587271995516913
157,4,16,17,0.14166666666666666,0.1,5,0.0020381072273608068,0.0020147085734310197
157,4,16,17,0.14166666666666666,0.1,7,0.0014557900042228259,0.0014389728815979504
157,4,16,17,0.14166666666666666,0.1,9,0.0011322808359428638,0.0011191675466941645
157,4,16,17,0.14166666666666666,0.1,11,0.0009264114778639437,0.0009156686143573415
157,4,16,17,0.14166666666666666,0.1,13,0.0007838865790999052,0.0007747897397761325
157,4,16,17,0.14166666666666666,0.1,15,0.0006793683381067797,0.00067148075321538
157,4,16,17,0.14166666666666666,0.1,17,0.0005994426333204798,0.0005924808423423064
157,4,16,17,0.14166666666666666,0.1,19,0.0005363433975023639,0.0005301130730280532
157,4,16,17,0.14166666666666666,0.5,1,0.24324439152190117,0.2473869189710014
157,4,16,17,0.14166666666666666,0.5,3,0.08112213434042433,0.07976481710390558
157,4,16,17,0.14166666666666666,0.5,5,0.04868119535289836,0.04769462664237419
157,4,16,17,0.14166666666666666,0.5,7,0.03477393166021476,0.034033873978072095
157,4,16,17,0.14166666666666666,0.5,9,0.027046927963320543,0.026459844874618534
157,4,16,17,0.14166666666666666,0.5,11,0.02212952855525123,0.021644401235746027
157,4,16,17,0.14166666666666666,0.5,13,0.018725095052331258,0.018312265110955787
157,4,16,17,0.14166666666666666,0.5,15,0.01622847530406389,0.01586941562687716
157,4,16,17,0.14166666666666666,0.5,17,0.014319278106040539,0.014001708626898476
157,4,16,17,0.14166666666666666,0.5,19,0.012812007772703802,0.01252739436969382
157,4,16,17,0.14166666666666666,1.0,1,0.8391227661002678,0.863489532753765
157,4,16,17,0.14166666666666666,1.0,3,0.2848053718852676,0.27402087908106076
157,4,16,17,0.14166666666666666,1.0,5,0.1713440180279196,0.16378011950906482
157,4,16,17,0.14166666666666666,1.0,7,0.1224810283576197,0.11686223582765151
157,4,16,17,0.14166666666666666,1.0,9,0.09529277325553377,0.09085339806453031
157,4,16,17,0.14166666666666666,1.0,11,0.07797916530208339,0.07431827726086469
157,4,16,17,0.14166666666666666,1.0,13,0.06598838874438194,0.06287675804702367
157,4,16,17,0.14166666666666666,1.0,15,0.057193211657878,0.054488875513112475
157,4,16,17,0.14166666666666666,1.0,17,0.05046653050545013,0.048075875781820473
157,4,16,17,0.14166666666666666,1.0,19,0.045155476588239665,0.043013661640961105
158,4,16,17,0.14166666666666666,0.1,1,0.01410036661991802,0.014283708921907147
158,4,16,17,0.14166666666666666,0.1,3,0.004697710157673442,0.004756098810741127
158,4,16,17,0.14166666666666666,0.1,5,0.002818493602999966,0.002853262864859875
158,4,16,17,0.14166666666666666,0.1,7,0.002013180477649256,0.002037940252067357
158,4,16,17,0.14166666666666666,0.1,9,0.0015657966795525628,0.0015850228217433838
158,4,16,17,0.14166666666666666,0.1,11,0.0012811016721100523,0.0012968161204884214
158,4,16,17,0.14166666666666666,0.1,13,0.0010840066189396588,0.0010972942043215761
158,4,16,17,0.14166666666666666,0.1,15,0.0009394709415755497,0.0009509810280812562
158,4,16,17,0.14166666666666666,0.1,17,0.0008289440226856358,0.0008390960850030252
158,4,16,17,0.14166666666666666,0.1,19,0.000741686136264348,0.0007507668253067354
158,4,16,17,0.14166666666666666,0.5,1,0.329997254072362,0.33390640069623456
158,4,16,17,0.14166666666666666,0.5,3,0.108923488487656,0.10944960723138061
158,4,16,17,0.14166666666666666,0.5,5,0.06528918897827556,0.06550718158542074
158,4,16,17,0.14166666666666666,0.5,7,0.04662088554090885,0.046748054052060006
158,4,16,17,0.14166666666666666,0.5,9,0.0362557012730487,0.03634265100653724
158,4,16,17,0.14166666666666666,0.5,11,0.029661519768963508,0.029726562386593738
158,4,16,17,0.14166666666666666,0.5,13,0.025097039589441587,0.02514855649260275
158,4,16,17,0.14166666666666666,0.5,15,0.021750087956844424,0.02179252431554888
158,4,16,17,0.14166666666666666,0.5,17,0.019190827606140045,0.019226792162548845
158,4,16,17,0.14166666666666666,0.5,19,0.017170456894216014,0.017201598053693725
158,4,16,17,0.14166666666666666,1.0,1,1.0770107655304464,1.08969128976709
158,4,16,17,0.14166666666666666,1.0,3,0.3517441581555028,0.3569136500165407
158,4,16,17,0.14166666666666666,1.0,5,0.2102187547630647,0.21272130843299558
158,4,16,17,0.14166666666666666,1.0,7,0.14994673829443203,0.15149782433649653
158,4,16,17,0.14166666666666666,1.0,9,0.11654424588346095,0.11763701149068347
158,4,16,17,0.14166666666666666,1.0,11,0.09531519068423626,0.0961464946129426
158,4,16,17,0.14166666666666666,1.0,13,0.08062952059588722,0.08129473605927508
158,4,16,17,0.14166666666666666,1.0,15,0.06986559536960255,0.07041719132708632
158,4,16,17,0.14166666666666666,1.0,17,0.06163739252409109,0.06210694776657131
158,4,16,17,0.14166666666666666,1.0,19,0.05514323319132738,0.05555106753991213
159,4,16,17,0.14166666666666666,0.1,1,0.013710362675793671,0.013217932557422471
159,4,16,17,0.14166666666666666,0.1,3,0.00456415056037748,0.004386642275603068
159,4,16,17,0.14166666666666666,0.1,5,0.00273810383007169,0.0026300205839155737
159,4,16,17,0.14166666666666666,0.1,7,0.0019556941750691827,0.0018780104874088414
159,4,16,17,0.14166666666666666,0.1,9,0.0015210595823771603,0.0014604312937483595
159,4,16,17,0.14166666666666666,0.1,11,0.0012444860852578062,0.0011947731185717842
159,4,16,17,0.14166666666666666,0.1,13,0.0010530171752000856,0.0010108891307354514
159,4,16,17,0.14166666666666666,0.1,15,0.0009126090959726668,0.0008760579589274265
159,4,16,17,0.14166666666666666,0.1,17,0.0008052395429438029,0.0007729614480552796
159,4,16,17,0.14166666666666666,0.1,19,0.0007204748885631851,0.000691575356317323
159,4,16,17,0.14166666666666666,0.5,1,0.3173090246803658,0.3155043669979167
159,4,16,17,0.14166666666666666,0.5,3,0.10306130284902904,0.10108280083221938
159,4,16,17,0.14166666666666666,0.5,5,0.061698325938830394,0.06036339172497016
159,4,16,17,0.14166666666666666,0.5,7,0.04404103336961395,0.04304232463030075
159,4,16,17,0.14166666666666666,0.5,9,0.034244164060497635,0.03344785487357214
159,4,16,17,0.14166666666666666,0.5,11,0.028013562643345806,0.027351859256768488
159,4,16,17,0.14166666666666666,0.5,13,0.02370152139784722,0.0231356535821132
159,4,16,17,0.14166666666666666,0.5,15,0.020540019904400474,0.02004580865651157
159,4,16,17,0.14166666666666666,0.5,17,0.018122740834781458,0.017684112398298195
159,4,16,17,0.14166666666666666,0.5,19,0.01621455285883127,0.015820287320253205
159,4,16,17,0.14166666666666666,1.0,1,0.9983986772203084,1.0412449447989103
159,4,16,17,0.14166666666666666,1.0,3,0.3059084301551764,0.3192537872927467
159,4,16,17,0.14166666666666666,1.0,5,0.1822835425094034,0.19031691745822
159,4,16,17,0.14166666666666666,1.0,7,0.12993377469801332,0.13564566240049694
159,4,16,17,0.14166666666666666,1.0,9,0.10096746365440236,0.10538980902340168
159,4,16,17,0.14166666666666666,1.0,11,0.0825691355265045,0.08617395019540183
159,4,16,17,0.14166666666666666,1.0,13,0.06984526123780248,0.07288642387681349
159,4,16,17,0.14166666666666666,1.0,15,0.060520550976372024,0.06314992166906991
159,4,16,17,0.14166666666666666,1.0,17,0.05339303732073185,0.05570853968007655
159,4,16,17,0.14166666666666666,1.0,19,0.047767815149146436,0.049836226586246826
160,4,16,17,0.14166666666666666,0.1,1,0.014469343371474843,0.013557104977005309
160,4,16,17,0.14166666666666666,0.1,3,0.004817116184160436,0.004502255833559191
160,4,16,17,0.14166666666666666,0.1,5,0.002889846880027007,0.0026995825979010354
160,4,16,17,0.14166666666666666,0.1,7,0.0020640686366958,0.0019277490444890566
160,4,16,17,0.14166666666666666,0.1,9,0.0016053445672785814,0.0014991374621208327
160,4,16,17,0.14166666666666666,0.1,11,0.0013134431278115305,0.0012264520589642535
160,4,16,17,0.14166666666666666,0.1,13,0.0011113633972505386,0.0010377002117362565
160,4,16,17,0.14166666666666666,0.1,15,0.0009631744983080121,0.0008992978472702426
160,4,16,17,0.14166666666666666,0.1,17,0.000849855169423641,0.0007934696313517285
160,4,16,17,0.14166666666666666,0.1,19,0.0007603934874801566,0.0007099264554941928
160,4,16,17,0.14166666666666666,0.5,1,0.335205887641583,0.320155786269224
160,4,16,17,0.14166666666666666,0.5,3,0.10927492561507744,0.10353328405204516
160,4,16,17,0.14166666666666666,0.5,5,0.06542366703059388,0.06184226538621289
160,4,16,17,0.14166666666666666,0.5,7,0.04669846061627273,0.044095201603708827
160,4,16,17,0.14166666666666666,0.5,9,0.03630900560757066,0.0342640949514465
160,4,16,17,0.14166666666666666,0.5,11,0.0297017580551698,0.028017958021489188
160,4,16,17,0.14166666666666666,0.5,13,0.02512922071418144,0.02369812811757446
160,4,16,17,0.14166666666666666,0.5,15,0.021776841363648564,0.020532498545590375
160,4,16,17,0.14166666666666666,0.5,17,0.019213691321526123,0.018112983558431085
160,4,16,17,0.14166666666666666,0.5,19,0.017190403228646657,0.016203601810278783
160,4,16,17,0.14166666666666666,1.0,1,1.059279981350665,1.0430626069000795
160,4,16,17,0.14166666666666666,1.0,3,0.3334790842501094,0.33169660043567667
160,4,16,17,0.14166666666666666,1.0,5,0.19872324716578213,0.1970833972907589
160,4,16,17,0.14166666666666666,1.0,7,0.14158916814472147,0.1401924632057136
160,4,16,17,0.14166666666666666,1.0,9,0.10998375565504623,0.10879080200946602
160,4,16,17,0.14166666666666666,1.0,11,0.08991714359604347,0.08888288529165328
160,4,16,17,0.14166666666666666,1.0,13,0.07604451955737498,0.07513427002581805
160,4,16,17,0.14166666666666666,1.0,15,0.0658810236818447,0.06506937896780689
160,4,16,17,0.14166666666666666,1.0,17,0.05811432273782151,0.05738258362708879
160,4,16,17,0.14166666666666666,1.0,19,0.05198592440644938,0.05132008217254319
161,4,16,17,0.14166666666666666,0.1,1,0.01543158984416229,0.014572894621901934
161,4,16,17,0.14166666666666666,0.1,3,0.005141160453994939,0.004854890494249186
161,4,16,17,0.14166666666666666,0.1,5,0.003084565210440078,0.0029128022791622228
161,4,16,17,0.14166666666666666,0.1,7,0.0022032350466749014,0.0020805470681343765
161,4,16,17,0.14166666666666666,0.1,9,0.0017136189923653551,0.001618194956212623
161,4,16,17,0.14166666666666666,0.1,11,0.001402048478850863,0.0013239742458810639
161,4,16,17,0.14166666666666666,0.1,13,0.0011863470464216232,0.0011202842234963979
161,4,16,17,0.14166666666666666,0.1,15,0.0010281665340553352,0.0009709120818824204
161,4,16,17,0.14166666666666666,0.1,17,0.0009072052309659533,0.0008566865933807376
161,4,16,17,0.14166666666666666,0.1,19,0.0008117096082374607,0.000766508719899029
161,4,16,17,0.14166666666666666,0.5,1,0.35625693271859576,0.3374026578146131
161,4,16,17,0.14166666666666666,0.5,3,0.11730439901986893,0.11083637936875412
161,4,16,17,0.14166666666666666,0.5,5,0.07030366258493931,0.06641654466362683
161,4,16,17,0.14166666666666666,0.5,7,0.05020110381688913,0.04742347754484853
161,4,16,17,0.14166666666666666,0.5,9,0.03904021961526559,0.03687950153910709
161,4,16,17,0.14166666666666666,0.5,11,0.03193988752993004,0.03017188833312188
161,4,16,17,0.14166666666666666,0.5,13,0.027025030350323727,0.02552896412468697
161,4,16,17,0.14166666666666666,0.5,15,0.023421133389003975,0.022124506514943302
161,4,16,17,0.14166666666666666,0.5,17,0.02066537579088758,0.019521272030223566
161,4,16,17,0.14166666666666666,0.5,19,0.018489865886774523,0.017466180823713946
161,4,16,17,0.14166666666666666,1.0,1,1.1072041467970002,1.0647662170255627
161,4,16,17,0.14166666666666666,1.0,3,0.3513295162496814,0.33306625983943206
161,4,16,17,0.14166666666666666,1.0,5,0.2095458198650193,0.19833498432090113
161,4,16,17,0.14166666666666666,1.0,7,0.14941919962479655,0.14136356931111352
161,4,16,17,0.14166666666666666,1.0,9,0.11613177882979774,0.10985125507874334
161,4,16,17,0.14166666666666666,1.0,11,0.09498226308178628,0.08983748884717294
161,4,16,17,0.14166666666666666,1.0,13,0.08035269121081176,0.07599643819440118
161,4,16,17,0.14166666666666666,1.0,15,0.06962978304171916,0.06585274779386514
161,4,16,17,0.14166666666666666,1.0,17,0.06143260244943422,0.05809897361530913
161,4,16,17,0.14166666666666666,1.0,19,0.05496259600919049,0.0519792800236168
162,4,16,17,0.14166666666666666,0.1,1,0.015245269488908633,0.014296964615039195
162,4,16,17,0.14166666666666666,0.1,3,0.005078344045485435,0.004761975368619625
162,4,16,17,0.14166666666666666,0.1,5,0.0030468430118925256,0.0028570088417700264
162,4,16,17,0.14166666666666666,0.1,7,0.00217628428514555,0.002040685895433103
162,4,16,17,0.14166666666666666,0.1,9,0.001692655264837714,0.0015871890329199334
162,4,16,17,0.14166666666666666,0.1,11,0.001384895500422076,0.0012986046083247992
162,4,16,17,0.14166666666666666,0.1,13,0.0011718325802122882,0.00109881704512659
162,4,16,17,0.14166666666666666,0.1,15,0.0010155871084561805,0.0009523068884079413
162,4,16,17,0.14166666666666666,0.1,17,0.0008961056071612105,0.0008402700660235461
162,4,16,17,0.14166666666666666,0.1,19,0.0008017782839421075,0.0007518201350218619
162,4,16,17,0.14166666666666666,0.5,1,0.35027005236819836,0.32850861760073574
162,4,16,17,0.14166666666666666,0.5,3,0.11495742526390161,0.10749047756142714
162,4,16,17,0.14166666666666666,0.5,5,0.06889299266568366,0.06440064411385109
162,4,16,17,0.14166666666666666,0.5,7,0.049193334023990586,0.04598208629455599
162,4,16,17,0.14166666666666666,0.5,9,0.03825638620835346,0.03575796923701042
162,4,16,17,0.14166666666666666,0.5,11,0.03129857062456591,0.02925408777135458
162,4,16,17,0.14166666666666666,0.5,13,0.02648237992328199,0.0247522753155723
162,4,16,17,0.14166666666666666,0.5,15,0.022950838172398288,0.02145132845158291
162,4,16,17,0.14166666666666666,0.5,17,0.020250410705217728,0.018927263323531777
162,4,16,17,0.14166666666666666,0.5,19,0.018118582230040058,0.01693468178744316
162,4,16,17,0.14166666666666666,1.0,1,1.084479514717428,1.015229113909944
162,4,16,17,0.14166666666666666,1.0,3,0.3477808935944745,0.3191951002595998
162,4,16,17,0.14166666666666666,1.0,5,0.20811654753819206,0.19059450744230336
162,4,16,17,0.14166666666666666,1.0,7,0.14854780575402357,0.13595632445957848
162,4,16,17,0.14166666666666666,1.0,9,0.11550314852059695,0.10568523780860536
162,4,16,17,0.14166666666666666,1.0,11,0.094488512099871,0.08644545920891519
162,4,16,17,0.14166666666666666,1.0,13,0.07994498164503719,0.07313433506427446
162,4,16,17,0.14166666666666666,1.0,15,0.06928193613771536,0.0633766597365578
162,4,16,17,0.14166666666666666,1.0,17,0.06112893064758744,0.05591678926724777
162,4,16,17,0.14166666666666666,1.0,19,0.05469293318732073,0.05002843160093322
163,4,16,17,0.14166666666666666,0.1,1,0.013798667640133207,0.013236035471150384
163,4,16,17,0.14166666666666666,0.1,3,0.00459467566832676,0.004396738730675414
163,4,16,17,0.14166666666666666,0.1,5,0.00275638802312443,0.002636448993512274
163,4,16,17,0.14166666666666666,0.1,7,0.0019687331841792594,0.0018827072247102497
163,4,16,17,0.14166666666666666,0.1,9,0.001531189552052875,0.0014641279947735922
163,4,16,17,0.14166666666666666,0.1,11,0.0012527675486907223,0.0011978199209175717
163,4,16,17,0.14166666666666666,0.1,13,0.0010600203704900482,0.0010134800172089304
163,4,16,17,0.14166666666666666,0.1,15,0.0009186757403013724,0.0008783114540519677
163,4,16,17,0.14166666666666666,0.1,17,0.0008105905182182,0.0007749552195425486
163,4,16,17,0.14166666666666666,0.1,19,0.0007252611942643967,0.0006933630421898208
163,4,16,17,0.14166666666666666,0.5,1,0.32230606151835023,0.3135871065091915
163,4,16,17,0.14166666666666666,0.5,3,0.10574989963393404,0.10167275754505281
163,4,16,17,0.14166666666666666,0.5,5,0.06333732621323948,0.06077804766111916
163,4,16,17,0.14166666666666666,0.5,7,0.04521421701813559,0.04335331789145968
163,4,16,17,0.14166666666666666,0.5,9,0.035156655222295115,0.03369546193793166
163,4,16,17,0.14166666666666666,0.5,11,0.028759839193746205,0.02755723123936545
163,4,16,17,0.14166666666666666,0.5,13,0.024332685848105474,0.02331098766508961
163,4,16,17,0.14166666666666666,0.5,15,0.021086784227506615,0.020198722477841494
163,4,16,17,0.14166666666666666,0.5,17,0.018604987609377406,0.017819666356430425
163,4,16,17,0.14166666666666666,0.5,19,0.01664588613908074,0.01594200868976468
163,4,16,17,0.14166666666666666,1.0,1,1.0387805751281798,1.0263184669851593
163,4,16,17,0.14166666666666666,1.0,3,0.32638389828212166,0.32046146256109503
163,4,16,17,0.14166666666666666,1.0,5,0.1942540273310498,0.19058156099906756
163,4,16,17,0.14166666666666666,1.0,7,0.13840144955805236,0.13575008220008458
163,4,16,17,0.14166666666666666,1.0,9,0.10752131813069182,0.10544824230999734
163,4,16,17,0.14166666666666666,1.0,11,0.08791579820087742,0.0862142631070115
163,4,16,17,0.14166666666666666,1.0,13,0.07436067226477963,0.07291784714646926
163,4,16,17,0.14166666666666666,1.0,15,0.06442858207028677,0.06317621759212749
163,4,16,17,0.14166666666666666,1.0,17,0.056837805106993745,0.05573149776904332
163,4,16,17,0.14166666666666666,1.0,19,0.05084756031359605,0.04985680816773333
164,4,16,17,0.14166666666666666,0.1,1,0.012742411026181939,0.012805797744659826
164,4,16,17,0.14166666666666666,0.1,3,0.004241274086497841,0.004265466152864833
164,4,16,17,0.14166666666666666,0.1,5,0.0025443114712511193,0.0025590949131763553
164,4,16,17,0.14166666666666666,0.1,7,0.00181724745139097,0.0018278820309483126
164,4,16,17,0.14166666666666666,0.1,9,0.0014133679194181356,0.001421670227895862
164,4,16,17,0.14166666666666666,0.1,11,0.0011563688526379518,0.001163177341023156
164,4,16,17,0.14166666666666666,0.1,13,0.000978452919160349,0.0009842229723517676
164,4,16,17,0.14166666666666666,0.1,15,0.0008479844664550523,0.0008529908396759159
164,4,16,17,0.14166666666666666,0.1,17,0.000748216257934647,0.0007526374275795318
164,4,16,17,0.14166666666666666,0.1,19,0.0006694529473778607,0.0006734113811847532
164,4,16,17,0.14166666666666666,0.5,1,0.2993223798814653,0.3010493716437133
164,4,16,17,0.14166666666666666,0.5,3,0.0979643592583274,0.09900694394686986
164,4,16,17,0.14166666666666666,0.5,5,0.05870167433614065,0.05934092195524622
164,4,16,17,0.14166666666666666,0.5,7,0.04191441874564583,0.04237363978060004
164,4,16,17,0.14166666666666666,0.5,9,0.032595118783457805,0.032953073649488095
164,4,16,17,0.14166666666666666,0.5,11,0.02666663930096787,0.026959808203099806
164,4,16,17,0.14166666666666666,0.5,13,0.02256304583873106,0.02281124157524671
164,4,16,17,0.14166666666666666,0.5,15,0.01955406996069628,0.019769235099728843
164,4,16,17,0.14166666666666666,0.5,17,0.017253250607230586,0.017443133766854184
164,4,16,17,0.14166666666666666,0.5,19,0.015436902481655886,0.015606814484736949
164,4,16,17,0.14166666666666666,1.0,1,0.98988070304766,1.002750754745133
164,4,16,17,0.14166666666666666,1.0,3,0.3174095508308584,0.32157703778434243
164,4,16,17,0.14166666666666666,1.0,5,0.18975294112278626,0.19218269522244485
164,4,16,17,0.14166666666666666,1.0,7,0.1353763907155786,0.1370882435208342
164,4,16,17,0.14166666666666666,1.0,9,0.10523393599675908,0.10655609016574404
164,4,16,17,0.14166666666666666,1.0,11,0.08607332084202078,0.08715069502370547
164,4,16,17,0.14166666666666666,1.0,13,0.07281671311151562,0.07372597075160109
164,4,16,17,0.14166666666666666,1.0,15,0.06309918704183819,0.06388580676739007
164,4,16,17,0.14166666666666666,1.0,17,0.05567024615701666,0.0563634289241829
164,4,16,17,0.14166666666666666,1.0,19,0.04980650499591214,0.05042612052344684
165,4,16,17,0.14166666666666666,0.1,1,0.012318858817565153,0.012718232862983979
165,4,16,17,0.14166666666666666,0.1,3,0.004103247330036202,0.00423564184148232
165,4,16,17,0.14166666666666666,0.1,5,0.002461802581320103,0.002541203968490665
165,4,16,17,0.14166666666666666,0.1,7,0.0017584017204989037,0.0018151100412907566
165,4,16,17,0.14166666666666666,0.1,9,0.0013676365982925056,0.001411740843175055
165,4,16,17,0.14166666666666666,0.1,11,0.001118971594822494,0.0011550559637187178
165,4,16,17,0.14166666666666666,0.1,13,0.0009468202675385482,0.0009773527461696266
165,4,16,17,0.14166666666666666,0.1,15,0.0008205765586298861,0.0008470377960084621
165,4,16,17,0.14166666666666666,0.1,17,0.0007240375464036002,0.0007473855530860903
165,4,16,17,0.14166666666666666,0.1,19,0.0006478226954517694,0.0006687129269056853
165,4,16,17,0.14166666666666666,0.5,1,0.2901098372118423,0.2956944128294077
165,4,16,17,0.14166666666666666,0.5,3,0.09504363498078795,0.09643226180730993
165,4,16,17,0.14166666666666666,0.5,5,0.05694665387662846,0.05775073007588157
165,4,16,17,0.14166666666666666,0.5,7,0.040660534615237054,0.041228976430877855
165,4,16,17,0.14166666666666666,0.5,9,0.031619852530229094,0.0320600684606444
165,4,16,17,0.14166666666666666,0.5,11,0.02586871449081878,0.02622809873220785
165,4,16,17,0.14166666666666666,0.5,13,0.021887902966511143,0.02219161083466657
165,4,16,17,0.14166666666666666,0.5,15,0.01896896710279708,0.019231970159730848
165,4,16,17,0.14166666666666666,0.5,17,0.016737000294106248,0.016968937623283095
165,4,16,17,0.14166666666666666,0.5,19,0.014975007761111853,0.015182452676020076
165,4,16,17,0.14166666666666666,1.0,1,0.9629117416335905,0.9566465895970578
165,4,16,17,0.14166666666666666,1.0,3,0.30372484160796426,0.30591912101902696
165,4,16,17,0.14166666666666666,1.0,5,0.1813222241379537,0.18285697764445563
165,4,16,17,0.14166666666666666,1.0,7,0.1293355764646413,0.13047429174586922
165,4,16,17,0.14166666666666666,1.0,9,0.10053656988483474,0.10143577698801114
165,4,16,17,0.14166666666666666,1.0,11,0.0822332582573011,0.08297457110266737
165,4,16,17,0.14166666666666666,1.0,13,0.06957033674654733,0.0702003232490577
165,4,16,17,0.14166666666666666,1.0,15,0.0602879557517712,0.06083542321106703
165,4,16,17,0.14166666666666666,1.0,17,0.05319151843860566,0.0536754498908217
165,4,16,17,0.14166666666666666,1.0,19,0.04759006685227211,0.048023605038687044
166,4,16,17,0.14166666666666666,0.1,1,0.014368855375387622,0.014514960007542424
166,4,16,17,0.14166666666666666,0.1,3,0.004783483839750727,0.004832366385905816
166,4,16,17,0.14166666666666666,0.1,5,0.0028697586835645596,0.0028990909444070686
166,4,16,17,0.14166666666666666,0.1,7,0.0020497555175106727,0.0020707065612700316
166,4,16,17,0.14166666666666666,0.1,9,0.001594229057033372,0.0016105237834762225
166,4,16,17,0.14166666666666666,0.1,11,0.0013043578926385502,0.0013176895797836839
166,4,16,17,0.14166666666666666,0.1,13,0.0011036815019928663,0.0011149619153657613
166,4,16,17,0.14166666666666666,0.1,15,0.0009565205027602936,0.0009662966904387574
166,4,16,17,0.14166666666666666,0.1,17,0.0008439864982430519,0.0008526124236109649
166,4,16,17,0.14166666666666666,0.1,19,0.0007551443602578163,0.0007628622027940713
166,4,16,17,0.14166666666666666,0.5,1,0.331015269678857,0.3347928465559015
166,4,16,17,0.14166666666666666,0.5,3,0.10724371347639833,0.10873822993114267
166,4,16,17,0.14166666666666666,0.5,5,0.06420177562462746,0.06511398093476384
166,4,16,17,0.14166666666666666,0.5,7,0.04582985472308883,0.04648414358201385
166,4,16,17,0.14166666666666666,0.5,9,0.035636233375678554,0.03614586517735019
166,4,16,17,0.14166666666666666,0.5,11,0.029153072384438528,0.029570295882375308
166,4,16,17,0.14166666666666666,0.5,13,0.02466609664030289,0.025019227759037026
166,4,16,17,0.14166666666666666,0.5,15,0.021376248423869412,0.021682332909712772
166,4,16,17,0.14166666666666666,0.5,17,0.018860779843989695,0.019130867898418155
166,4,16,17,0.14166666666666666,0.5,19,0.016875044901818088,0.01711670570544719
166,4,16,17,0.14166666666666666,1.0,1,1.0358074830895205,1.0456178753110983
166,4,16,17,0.14166666666666666,1.0,3,0.32586165000778616,0.33303836124914915
166,4,16,17,0.14166666666666666,1.0,5,0.19479994307882112,0.1994646051245062
166,4,16,17,0.14166666666666666,1.0,7,0.13899410995741412,0.14240840358297804
166,4,16,17,0.14166666666666666,1.0,9,0.10805547990051434,0.11074091821505708
166,4,16,17,0.14166666666666666,1.0,11,0.08838636944018008,0.09059731327869264
166,4,16,17,0.14166666666666666,1.0,13,0.07477668807931064,0.07665484917429151
166,4,16,17,0.14166666666666666,1.0,15,0.06479964772822405,0.06643174592093562
166,4,16,17,0.14166666666666666,1.0,17,0.05717189807476954,0.058614762472746426
166,4,16,17,0.14166666666666666,1.0,19,0.051150977431054394,0.05244383343947046
167,4,16,17,0.14166666666666666,0.1,1,0.013497725631550815,0.01411825859403839
167,4,16,17,0.14166666666666666,0.1,3,0.004493564429647071,0.0046912038488694675
167,4,16,17,0.14166666666666666,0.1,5,0.0026956857241257817,0.00281316257956803
167,4,16,17,0.14166666666666666,0.1,7,0.0019253678835168169,0.002008941251602066
167,4,16,17,0.14166666666666666,0.1,9,0.0014974590518673032,0.0015623142679465566
167,4,16,17,0.14166666666666666,0.1,11,0.0012251691290872855,0.0012781563360514828
167,4,16,17,0.14166666666666666,0.1,13,0.001036667533203384,0.0010814582599017258
167,4,16,17,0.14166666666666666,0.1,15,0.0008984364527088138,0.0009372267387742939
167,4,16,17,0.14166666666666666,0.1,17,0.0007927322375830521,0.0008269398377419888
167,4,16,17,0.14166666666666666,0.1,19,0.0007092826850217359,0.0007398759783735629
167,4,16,17,0.14166666666666666,0.5,1,0.31684835312449344,0.33545587577706015
167,4,16,17,0.14166666666666666,0.5,3,0.10350148114324388,0.10894178703405719
167,4,16,17,0.14166666666666666,0.5,5,0.061969420130664206,0.06511395421074109
167,4,16,17,0.14166666666666666,0.5,7,0.04423282526668378,0.04644038745321914
167,4,16,17,0.14166666666666666,0.5,9,0.03439176212348661,0.03609175223044452
167,4,16,17,0.14166666666666666,0.5,11,0.028133273409759386,0.029515220103567608
167,4,16,17,0.14166666666666666,0.5,13,0.023802110670695542,0.02496616696261588
167,4,16,17,0.14166666666666666,0.5,15,0.02062670987354293,0.021632184287660408
167,4,16,17,0.14166666666666666,0.5,17,0.018198883214205538,0.019083781500866155
167,4,16,17,0.14166666666666666,0.5,19,0.01628242302580047,0.01707255563346529
167,4,16,17,0.14166666666666666,1.0,1,1.0318811154432452,1.0908257172767115
167,4,16,17,0.14166666666666666,1.0,3,0.32232855893468537,0.34642198210995845
167,4,16,17,0.14166666666666666,1.0,5,0.19184930453979127,0.2059631561869359
167,4,16,17,0.14166666666666666,1.0,7,0.13666109859894388,0.14657791425198047
167,4,16,17,0.14166666666666666,1.0,9,0.1061509028940472,0.11378198793064266
167,4,16,17,0.14166666666666666,1.0,11,0.08678363153521516,0.09298139057601904
167,4,16,17,0.14166666666666666,1.0,13,0.0733954532951391,0.07861166195867313
167,4,16,17,0.14166666666666666,1.0,15,0.06358708689826839,0.06808944930456819
167,4,16,17,0.14166666666666666,1.0,17,0.05609176582888553,0.060051794727135316
167,4,16,17,0.14166666666666666,1.0,19,0.0501774454485258,0.053711556301279134
168,4,16,17,0.14166666666666666,0.1,1,0.014287843347017753,0.014377594567511705
168,4,16,17,0.14166666666666666,0.1,3,0.00474379222159885,0.0047873695455675404
168,4,16,17,0.14166666666666666,0.1,5,0.0028441945582806825,0.0028719114818159443
168,4,16,17,0.14166666666666666,0.1,7,0.002030943322137398,0.002051216990805987
168,4,16,17,0.14166666666666666,0.1,9,0.0015793554219100546,0.001595328467735862
168,4,16,17,0.14166666666666666,0.1,11,0.001292061568265445,0.001305236671707662
168,4,16,17,0.14166666666666666,0.1,13,0.0010932021362058733,0.001104412425506607
168,4,16,17,0.14166666666666666,0.1,15,0.0009473906785011226,0.0009571456946010597
168,4,16,17,0.14166666666666666,0.1,17,0.0008358984912082119,0.0008445324386979196
168,4,16,17,0.14166666666666666,0.1,19,0.0007478848717387648,0.0007556287439781571
168,4,16,17,0.14166666666666666,0.5,1,0.3366374147356809,0.33481137973022984
168,4,16,17,0.14166666666666666,0.5,3,0.10913518394138953,0.11045094217795717
168,4,16,17,0.14166666666666666,0.5,5,0.06521114286222038,0.06619182981881726
168,4,16,17,0.14166666666666666,0.5,7,0.04650258362911405,0.04725898051430667
168,4,16,17,0.14166666666666666,0.5,9,0.03613661942891409,0.03674857466829746
168,4,16,17,0.14166666666666666,0.5,11,0.029549972254926598,0.03006282250400095
168,4,16,17,0.14166666666666666,0.5,13,0.024994372302664852,0.025435387608304043
168,4,16,17,0.14166666666666666,0.5,15,0.0216558408869235,0.022042518494401184
168,4,16,17,0.14166666666666666,0.5,17,0.019104110237794666,0.019448295655384813
168,4,16,17,0.14166666666666666,0.5,19,0.017090352445809226,0.017400419356251372
168,4,16,17,0.14166666666666666,1.0,1,1.085550591196076,1.069193714561306
168,4,16,17,0.14166666666666666,1.0,3,0.34558805208472804,0.3514481474171007
168,4,16,17,0.14166666666666666,1.0,5,0.20628568714648998,0.21065775592012756
168,4,16,17,0.14166666666666666,1.0,7,0.1470407741897215,0.15040364393134062
168,4,16,17,0.14166666666666666,1.0,9,0.11423499042828084,0.11695113258665515
168,4,16,17,0.14166666666666666,1.0,11,0.09339771369031155,0.0956716076049962
168,4,16,17,0.14166666666666666,1.0,13,0.07898954083324622,0.08094357015431075
168,4,16,17,0.14166666666666666,1.0,15,0.0684326675057679,0.07014509794807224
168,4,16,17,0.14166666666666666,1.0,17,0.06036495577725276,0.06188865252349198
168,4,16,17,0.14166666666666666,1.0,19,0.05399888213818256,0.055371155178577165
169,4,16,17,0.14166666666666666,0.1,1,0.01400814870171605,0.013996048979922987
169,4,16,17,0.14166666666666666,0.1,3,0.00466512329902772,0.004659493404624897
169,4,16,17,0.14166666666666666,0.1,5,0.0027988446567402993,0.002795289453546616
169,4,16,17,0.14166666666666666,0.1,7,0.001999124926272727,0.00199653239994477
169,4,16,17,0.14166666666666666,0.1,9,0.0015548575135529256,0.0015528184047385386
169,4,16,17,0.14166666666666666,0.1,11,0.0012721483200600794,0.001270468214624486
169,4,16,17,0.14166666666666666,0.1,13,0.001076429089292994,0.0010750006113709877
169,4,16,17,0.14166666666666666,0.1,15,0.0009329028185880516,0.0009316604639089871
169,4,16,17,0.14166666666666666,0.1,17,0.0008231480408271072,0.0008220489235187969
169,4,16,17,0.14166666666666666,0.1,19,0.000736499875298407,0.0007355143942087179
169,4,16,17,0.14166666666666666,0.5,1,0.32413431675306603,0.32384346955069077
169,4,16,17,0.14166666666666666,0.5,3,0.10597212237540739,0.10557211194156196
169,4,16,17,0.14166666666666666,0.5,5,0.06348764839318562,0.06321723052209813
169,4,16,17,0.14166666666666666,0.5,7,0.0453288838596908,0.04512691559510707
169,4,16,17,0.14166666666666666,0.5,9,0.03524937335523145,0.03508857990435403
169,4,16,17,0.14166666666666666,0.5,11,0.028837651480486646,0.028704194211499362
169,4,16,17,0.14166666666666666,0.5,13,0.02439971342937901,0.024285687742265718
169,4,16,17,0.14166666666666666,0.5,15,0.021145648097567804,0.02104613203663231
169,4,16,17,0.14166666666666666,0.5,17,0.018657457784560308,0.01856918415279012
169,4,16,17,0.14166666666666666,0.5,19,0.01669321385566596,0.01661390501703793
169,4,16,17,0.14166666666666666,1.0,1,1.0238464932809443,1.018472262875774
169,4,16,17,0.14166666666666666,1.0,3,0.3249943511000218,0.3242594819286983
169,4,16,17,0.14166666666666666,1.0,5,0.1941715298168105,0.1936692615125959
169,4,16,17,0.14166666666666666,1.0,7,0.13849065262653032,0.13809920980290277
169,4,16,17,0.14166666666666666,1.0,9,0.10763666999780783,0.10731508277515671
169,4,16,17,0.14166666666666666,1.0,11,0.08802850414165601,0.08775550791809804
169,4,16,17,0.14166666666666666,1.0,13,0.07446459628867114,0.07422743104315077
169,4,16,17,0.14166666666666666,1.0,15,0.0645231036956004,0.06431346482010818
169,4,16,17,0.14166666666666666,1.0,17,0.05692371543339802,0.05673588683779447
169,4,16,17,0.14166666666666666,1.0,19,0.050925927661812365,0.05075580550559287
170,4,16,17,0.14166666666666666,0.1,1,0.012012414200416613,0.01217691431931795
170,4,16,17,0.14166666666666666,0.1,3,0.003997857862924771,0.004053564551844032
170,4,16,17,0.14166666666666666,0.1,5,0.002398411686355983,0.002431878158802048
170,4,16,17,0.14166666666666666,0.1,7,0.0017130915395660031,0.0017370045289468673
170,4,16,17,0.14166666666666666,0.1,9,0.0013323854306280507,0.001350987101202875
170,4,16,17,0.14166666666666666,0.1,11,0.0010901256230456942,0.0011053462813570018
170,4,16,17,0.14166666666666666,0.1,13,0.0009224101385440217,0.0009352896971960317
170,4,16,17,0.14166666666666666,0.1,15,0.0007994200264747791,0.0008105826043272035
170,4,16,17,0.14166666666666666,0.1,17,0.0007053693770074854,0.0007152188835972097
170,4,16,17,0.14166666666666666,0.1,19,0.000631119194351754,0.0006399320194266991
170,4,16,17,0.14166666666666666,0.5,1,0.28660630600718284,0.29124474387678434
170,4,16,17,0.14166666666666666,0.5,3,0.0924406093548775,0.0941673103172866
170,4,16,17,0.14166666666666666,0.5,5,0.055308476686759894,0.056344648144182774
170,4,16,17,0.14166666666666666,0.5,7,0.03947513839225859,0.04021492383619989
170,4,16,17,0.14166666666666666,0.5,9,0.030692964915568655,0.03126820485398633
170,4,16,17,0.14166666666666666,0.5,11,0.02510831248857451,0.025578893968461164
170,4,16,17,0.14166666666666666,0.5,13,0.021243492151971955,0.021641640671042836
170,4,16,17,0.14166666666666666,0.5,15,0.018409936983618803,0.01875497889288715
170,4,16,17,0.14166666666666666,0.5,17,0.016243419399699425,0.016547856011046844
170,4,16,17,0.14166666666666666,0.5,19,0.014533182538967229,0.014805565470186301
170,4,16,17,0.14166666666666666,1.0,1,0.9640956319034231,0.9957590299978366
170,4,16,17,0.14166666666666666,1.0,3,0.28998693064864467,0.3054361836803383
170,4,16,17,0.14166666666666666,1.0,5,0.1723713989526653,0.18188446917322038
170,4,16,17,0.14166666666666666,1.0,7,0.12279691967456592,0.12963117054184647
170,4,16,17,0.14166666666666666,1.0,9,0.09540371844608186,0.10073027119258116
170,4,16,17,0.14166666666666666,1.0,11,0.07801394190976484,0.08237625223743258
170,4,16,17,0.14166666666666666,1.0,13,0.06599051321378473,0.06968365492339369
170,4,16,17,0.14166666666666666,1.0,15,0.05718019082621884,0.060381943477708776
170,4,16,17,0.14166666666666666,1.0,17,0.05044627120676724,0.05327194107328323
170,4,16,17,0.14166666666666666,1.0,19,0.04513184488002639,0.0476604426494238
171,4,16,17,0.14166666666666666,0.1,1,0.014937098216910449,0.01357240295155372
171,4,16,17,0.14166666666666666,0.1,3,0.00497422701900631,0.004511743046432458
171,4,16,17,0.14166666666666666,0.1,5,0.00298427261703292,0.0027060854780483405
171,4,16,17,0.14166666666666666,0.1,7,0.0021315655220710563,0.0019326628264887426
171,4,16,17,0.14166666666666666,0.1,9,0.0016578639604806387,0.0015030796514572716
171,4,16,17,0.14166666666666666,0.1,11,0.0013564249726478754,0.0012297414249903987
171,4,16,17,0.14166666666666666,0.1,13,0.0011477393760298954,0.0010405214668882342
171,4,16,17,0.14166666666666666,0.1,15,0.0009947046338469711,0.000901767272492898
171,4,16,17,0.14166666666666666,0.1,17,0.0008776787765326411,0.0007956650687248408
171,4,16,17,0.14166666666666666,0.1,19,0.00078529034536854,0.0007119025334372831
171,4,16,17,0.14166666666666666,0.5,1,0.34327681339386185,0.3167083144067277
171,4,16,17,0.14166666666666666,0.5,3,0.11212553163606727,0.10109348873892923
171,4,16,17,0.14166666666666666,0.5,5,0.06715845814913689,0.060407613679731575
171,4,16,17,0.14166666666666666,0.5,7,0.04794482639841903,0.04309327656163911
171,4,16,17,0.14166666666666666,0.5,9,0.03728146772566533,0.03349747921296882
171,4,16,17,0.14166666666666666,0.5,11,0.030498987847421298,0.027398167792601326
171,4,16,17,0.14166666666666666,0.5,13,0.025804717967897586,0.02317837623757845
171,4,16,17,0.14166666666666666,0.5,15,0.022362852867885256,0.020085172446782033
171,4,16,17,0.14166666666666666,0.5,17,0.019731150513693427,0.01772046713887298
171,4,16,17,0.14166666666666666,0.5,19,0.01765366785507796,0.0158539855684846
171,4,16,17,0.14166666666666666,1.0,1,1.0621128886883902,1.0197678005328634
171,4,16,17,0.14166666666666666,1.0,3,0.3398374137410933,0.3111412689299374
171,4,16,17,0.14166666666666666,1.0,5,0.2030544759793667,0.1848251899528857
171,4,16,17,0.14166666666666666,1.0,7,0.14480672028452793,0.13155128105711159
171,4,16,17,0.14166666666666666,1.0,9,0.11253307243223834,0.10213627838689276
171,4,16,17,0.14166666666666666,1.0,11,0.09202529228023501,0.08347779617608755
171,4,16,17,0.14166666666666666,1.0,13,0.07784066054424174,0.07058576298120812
171,4,16,17,0.14166666666666666,1.0,15,0.06744516849112549,0.061144086756571195
171,4,16,17,0.14166666666666666,1.0,17,0.05949933225936953,0.053930811253254544
171,4,16,17,0.14166666666666666,1.0,19,0.05322849821511773,0.048240163200099065
172,4,16,17,0.14166666666666666,0.1,1,0.013195862905659212,0.013834777087229506
172,4,16,17,0.14166666666666666,0.1,3,0.0043977694745797125,0.004611470853227465
172,4,16,17,0.14166666666666666,0.1,5,0.0026386207028485558,0.0027668763938265032
172,4,16,17,0.14166666666666666,0.1,7,0.0018847210064493127,0.001976339071969328
172,4,16,17,0.14166666666666666,0.1,9,0.0014658915338913864,0.0015371522239373072
172,4,16,17,0.14166666666666666,0.1,11,0.0011993647309553976,0.0012576698407795292
172,4,16,17,0.14166666666666666,0.1,13,0.001014846559542079,0.001064182094774014
172,4,16,17,0.14166666666666666,0.1,15,0.000879533401911941,0.000922291106278625
172,4,16,17,0.14166666666666666,0.1,17,0.0007760587171419996,0.0008137862451686677
172,4,16,17,0.14166666666666666,0.1,19,0.0006943682211569605,0.0007281245194157176
172,4,16,17,0.14166666666666666,0.5,1,0.3106460381676931,0.3228895822708623
172,4,16,17,0.14166666666666666,0.5,3,0.10313574198162762,0.10765693849850734
172,4,16,17,0.14166666666666666,0.5,5,0.06185930455463804,0.06459060684641882
172,4,16,17,0.14166666666666666,0.5,7,0.04418081318867636,0.04613535089949778
172,4,16,17,0.14166666666666666,0.5,9,0.03436144034410503,0.03588278612879766
172,4,16,17,0.14166666666666666,0.5,11,0.028113319115674558,0.029358531886276906
172,4,16,17,0.14166666666666666,0.5,13,0.023787907392719937,0.024841780055183726
172,4,16,17,0.14166666666666666,0.5,15,0.020616030983372363,0.021529512871298003
172,4,16,17,0.14166666666666666,0.5,17,0.018190523895139,0.018996611351020543
172,4,16,17,0.14166666666666666,0.5,19,0.01627567437850725,0.01699695695246875
172,4,16,17,0.14166666666666666,1.0,1,1.0265388399470436,1.0413380772485819
172,4,16,17,0.14166666666666666,1.0,3,0.340285868570764,0.350811828467926
172,4,16,17,0.14166666666666666,1.0,5,0.20384352899416067,0.21030121951939998
172,4,16,17,0.14166666666666666,1.0,7,0.14553317763392762,0.15017081446114697
172,4,16,17,0.14166666666666666,1.0,9,0.11316980739037254,0.11678456834203457
172,4,16,17,0.14166666666666666,1.0,11,0.09258400676331027,0.09554467844934077
172,4,16,17,0.14166666666666666,1.0,13,0.07833568172667771,0.08084237985680842
172,4,16,17,0.14166666666666666,1.0,15,0.06788839855705846,0.07006168928934584
172,4,16,17,0.14166666666666666,1.0,17,0.059900036118749306,0.06181812687160733
172,4,16,17,0.14166666666666666,1.0,19,0.0535938319584056,0.05531031964370355
173,4,16,17,0.14166666666666666,0.1,1,0.014941316506979429,0.013706663197314057
173,4,16,17,0.14166666666666666,0.1,3,0.004972347579781438,0.004562986759691258
173,4,16,17,0.14166666666666666,0.1,5,0.002982719676203986,0.0027374914115548426
173,4,16,17,0.14166666666666666,0.1,7,0.0021303237198808914,0.001955288801680764
173,4,16,17,0.14166666666666666,0.1,9,0.0016568403505340659,0.001520759324652032
173,4,16,17,0.14166666666666666,0.1,11,0.001355557249452627,0.0012442486061517493
173,4,16,17,0.14166666666666666,0.1,13,0.0011469873858184442,0.0010528211657868285
173,4,16,17,0.14166666666666666,0.1,15,0.0009940415936425656,0.000912442419983042
173,4,16,17,0.14166666666666666,0.1,17,0.0008770860929779275,0.000805094665916868
173,4,16,17,0.14166666666666666,0.1,19,0.0007847546399563228,0.0007203468260664269
173,4,16,17,0.14166666666666666,0.5,1,0.3455115179844411,0.3174544133021768
173,4,16,17,0.14166666666666666,0.5,3,0.11251925765371984,0.10264463575402277
173,4,16,17,0.14166666666666666,0.5,5,0.06735243597659901,0.06143715204977167
173,4,16,17,0.14166666666666666,0.5,7,0.048070555947151275,0.04385278099387336
173,4,16,17,0.14166666666666666,0.5,9,0.03737372206321578,0.034097370762904484
173,4,16,17,0.14166666666666666,0.5,11,0.03057158577806432,0.027893377057777637
173,4,16,17,0.14166666666666666,0.5,13,0.02586445710067427,0.02359982258455482
173,4,16,17,0.14166666666666666,0.5,15,0.02241355203236244,0.020451899338249663
173,4,16,17,0.14166666666666666,0.5,17,0.019775159431395035,0.018045010290163487
173,4,16,17,0.14166666666666666,0.5,19,0.0176925313928797,0.016145026451016762
173,4,16,17,0.14166666666666666,1.0,1,1.073344216949461,1.0081879048710172
173,4,16,17,0.14166666666666666,1.0,3,0.3347598436279622,0.30430542910764086
173,4,16,17,0.14166666666666666,1.0,5,0.19971423652734704,0.18167137425864033
173,4,16,17,0.14166666666666666,1.0,7,0.14237417153339257,0.12957985553487966
173,4,16,17,0.14166666666666666,1.0,9,0.11062815372493953,0.10072213220134163
173,4,16,17,0.14166666666666666,1.0,11,0.09046197419028709,0.08238200068435343
173,4,16,17,0.14166666666666666,1.0,13,0.07651579005750168,0.06969407886949738
173,4,16,17,0.14166666666666666,1.0,15,0.06629594616989001,0.06039371061109969
173,4,16,17,0.14166666666666666,1.0,17,0.05848478807912888,0.0532837548944349
173,4,16,17,0.14166666666666666,1.0,19,0.052320458395914156,0.04767179397976695
174,4,16,17,0.14166666666666666,0.1,1,0.014963730230010623,0.012941488717478659
174,4,16,17,0.14166666666666666,0.1,3,0.004980390860341004,0.004306664686179611
174,4,16,17,0.14166666666666666,0.1,5,0.0029874729488985827,0.002583429273371286
174,4,16,17,0.14166666666666666,0.1,7,0.002133685937120209,0.00184515370051124
174,4,16,17,0.14166666666666666,0.1,9,0.0016594389725066935,0.0014350578034384642
174,4,16,17,0.14166666666666666,0.1,11,0.0013576741682698478,0.0011741073785268951
174,4,16,17,0.14166666666666666,0.1,13,0.0011487729612436183,0.0009934579275951484
174,4,16,17,0.14166666666666666,0.1,15,0.0009955853759600474,0.0008609859489326865
174,4,16,17,0.14166666666666666,0.1,17,0.0008784456872810898,0.0007596862310836287
174,4,16,17,0.14166666666666666,0.1,19,0.0007859692737811483,0.0006797141994629004
174,4,16,17,0.14166666666666666,0.5,1,0.34557691909992294,0.30291000895967046
174,4,16,17,0.14166666666666666,0.5,3,0.11356514993417083,0.09817023797179769
174,4,16,17,0.14166666666666666,0.5,5,0.06804712386050076,0.05871932878940262
174,4,16,17,0.14166666666666666,0.5,7,0.04858253994075003,0.04189784261882721
174,4,16,17,0.14166666666666666,0.5,9,0.03777772005466169,0.03257031116934705
174,4,16,17,0.14166666666666666,0.5,11,0.030904819045070687,0.02664035731789669
174,4,16,17,0.14166666666666666,0.5,13,0.02614787150432126,0.02253738732946573
174,4,16,17,0.14166666666666666,0.5,15,0.022660039618527684,0.019529698297843862
174,4,16,17,0.14166666666666666,0.5,17,0.01999320022623008,0.01723032606184045
174,4,16,17,0.14166666666666666,0.5,19,0.01788799385274917,0.015415398906140253
174,4,16,17,0.14166666666666666,1.0,1,1.071226954777137,0.9931879625011295
174,4,16,17,0.14166666666666666,1.0,3,0.35119872741301505,0.3026913757535849
174,4,16,17,0.14166666666666666,1.0,5,0.21018781795203925,0.17924466985606807
174,4,16,17,0.14166666666666666,1.0,7,0.14995106741193712,0.1274027953463334
174,4,16,17,0.14166666666666666,1.0,9,0.11654678871369786,0.09884079908312299
174,4,16,17,0.14166666666666666,1.0,11,0.09531327177747086,0.08074637602745126
174,4,16,17,0.14166666666666666,1.0,13,0.08062421891004926,0.0682543527990172
174,4,16,17,0.14166666666666666,1.0,15,0.06985807475749865,0.05911087421199833
174,4,16,17,0.14166666666666666,1.0,17,0.06162849130360048,0.05212836185312766
174,4,16,17,0.14166666666666666,1.0,19,0.05513351141404794,0.04662154371690187
175,4,16,17,0.14166666666666666,0.1,1,0.01387621962340894,0.013150942245933868
175,4,16,17,0.14166666666666666,0.1,3,0.004621174843011029,0.00438126544098915
175,4,16,17,0.14166666666666666,0.1,5,0.0027723395448132266,0.002628539826826024
175,4,16,17,0.14166666666666666,0.1,7,0.0019801411273335286,0.001877466101861746
175,4,16,17,0.14166666666666666,0.1,9,0.00154006805611277,0.0014602254451467624
175,4,16,17,0.14166666666666666,0.1,11,0.001260034607155269,0.001194716684977365
175,4,16,17,0.14166666666666666,0.1,13,0.0010661710306977606,0.0010109064849179055
175,4,16,17,0.14166666666666666,0.1,15,0.0009240073155303175,0.0008761141536049938
175,4,16,17,0.14166666666666666,0.1,17,0.0008152955156858877,0.0007730386873238582
175,4,16,17,0.14166666666666666,0.1,19,0.0007294713938485488,0.0006916639385558831
175,4,16,17,0.14166666666666666,0.5,1,0.3258457958769835,0.30795326787158395
175,4,16,17,0.14166666666666666,0.5,3,0.10724602157716016,0.10192157387968993
175,4,16,17,0.14166666666666666,0.5,5,0.06425750466177091,0.061104430870807705
175,4,16,17,0.14166666666666666,0.5,7,0.04587681334653869,0.04363454006651183
175,4,16,17,0.14166666666666666,0.5,9,0.03567398186741642,0.03393370141657339
175,4,16,17,0.14166666666666666,0.5,11,0.029184033073153204,0.027761921576560742
175,4,16,17,0.14166666666666666,0.5,13,0.024692122641607715,0.02348975652279442
175,4,16,17,0.14166666666666666,0.5,15,0.021398598321905615,0.020357126118514646
175,4,16,17,0.14166666666666666,0.5,17,0.01888031260466929,0.01796174114961958
175,4,16,17,0.14166666666666666,0.5,19,0.01689236229462214,0.016070738575838305
175,4,16,17,0.14166666666666666,1.0,1,1.06114892499813,1.0016331041884854
175,4,16,17,0.14166666666666666,1.0,3,0.34001886702977596,0.32497587182603765
175,4,16,17,0.14166666666666666,1.0,5,0.20287232825512738,0.1942617381291525
175,4,16,17,0.14166666666666666,1.0,7,0.14466056181868436,0.13860490901275638
175,4,16,17,0.14166666666666666,1.0,9,0.11242804912759782,0.1077528481481146
175,4,16,17,0.14166666666666666,1.0,11,0.09194862730888874,0.08813972166629602
175,4,16,17,0.14166666666666666,1.0,13,0.07778304029615749,0.07456894953766073
175,4,16,17,0.14166666666666666,1.0,15,0.06740065528144543,0.06462041218829956
175,4,16,17,0.14166666666666666,1.0,17,0.05946412468772921,0.05701439224280906
175,4,16,17,0.14166666666666666,1.0,19,0.05320009344888575,0.05101056167360409
176,4,16,17,0.14166666666666666,0.1,1,0.010992823282912404,0.012054505857757183
176,4,16,17,0.14166666666666666,0.1,3,0.0036624391281213538,0.004001812474219861
176,4,16,17,0.14166666666666666,0.1,5,0.002197375929660786,0.0024000303013686176
176,4,16,17,0.14166666666666666,0.1,7,0.0015695370169200138,0.0017140884664805253
176,4,16,17,0.14166666666666666,0.1,9,0.0012207455029518927,0.0013331086494089946
176,4,16,17,0.14166666666666666,0.1,11,0.000998789493201282,0.0010906955116859972
176,4,16,17,0.14166666666666666,0.1,13,0.0008451284606791109,0.0009228816649009279
176,4,16,17,0.14166666666666666,0.1,15,0.0007324440621038829,0.0007998228517468353
176,4,16,17,0.14166666666666666,0.1,17,0.0006462738163851206,0.0007057213651011287
176,4,16,17,0.14166666666666666,0.1,19,0.0005782447702296526,0.0006314319659290052
176,4,16,17,0.14166666666666666,0.5,1,0.2623429151900114,0.29278487455112573
176,4,16,17,0.14166666666666666,0.5,3,0.08667239033061486,0.0941202140768769
176,4,16,17,0.14166666666666666,0.5,5,0.05197189400853196,0.056200121556669674
176,4,16,17,0.14166666666666666,0.5,7,0.037116659416291095,0.040080378872893195
176,4,16,17,0.14166666666666666,0.5,9,0.02886656147028538,0.031152217829055306
176,4,16,17,0.14166666666666666,0.5,11,0.023617289007248982,0.02547900503703636
176,4,16,17,0.14166666666666666,0.5,13,0.019983467692114325,0.021554606732910875
176,4,16,17,0.14166666666666666,0.5,15,0.01731879217379998,0.018678154508789083
176,4,16,17,0.14166666666666666,0.5,17,0.015281161560157032,0.016479235857600465
176,4,16,17,0.14166666666666666,0.5,19,0.013672539427378349,0.014743640338111019
176,4,16,17,0.14166666666666666,1.0,1,0.8960522419527434,1.0099605670911946
176,4,16,17,0.14166666666666666,1.0,3,0.2971747426606917,0.31874252831498767
176,4,16,17,0.14166666666666666,1.0,5,0.17818134904000413,0.188750745479524
176,4,16,17,0.14166666666666666,1.0,7,0.12724475545623865,0.13406027772368212
176,4,16,17,0.14166666666666666,1.0,9,0.0989589558943172,0.10394193714323292
176,4,16,17,0.14166666666666666,1.0,11,0.0809625504244695,0.0848739050442863
176,4,16,17,0.14166666666666666,1.0,13,0.06850487465896951,0.07171748320945474
176,4,16,17,0.14166666666666666,1.0,15,0.05936985360477573,0.06209250009769698
176,4,16,17,0.14166666666666666,1.0,17,0.052384550971146464,0.05474534091225589
176,4,16,17,0.14166666666666666,1.0,19,0.046870001659947785,0.04895296325545984
177,4,16,17,0.14166666666666666,0.1,1,0.01109076933822078,0.01221107653940396
177,4,16,17,0.14166666666666666,0.1,3,0.0036923351605828015,0.004065454437614425
177,4,16,17,0.14166666666666666,0.1,5,0.0022151716215875333,0.0024389029178599267
177,4,16,17,0.14166666666666666,0.1,7,0.001582218285527129,0.0017419761045967593
177,4,16,17,0.14166666666666666,0.1,9,0.0012305984908807445,0.001354831389706783
177,4,16,17,0.14166666666666666,0.1,11,0.0010068465325533632,0.00110847911451828
177,4,16,17,0.14166666666666666,0.1,13,0.0008519436396492665,0.0009379329351478288
177,4,16,17,0.14166666666666666,0.1,15,0.0007383492219420711,0.0008128684308842902
177,4,16,17,0.14166666666666666,0.1,17,0.0006514834272222799,0.0007172323607760868
177,4,16,17,0.14166666666666666,0.1,19,0.000582905458216852,0.0006417310921785008
177,4,16,17,0.14166666666666666,0.5,1,0.26428522976468233,0.2862922538724221
177,4,16,17,0.14166666666666666,0.5,3,0.08613365596730656,0.09374812670972978
177,4,16,17,0.14166666666666666,0.5,5,0.05159144077676461,0.05616410581564442
177,4,16,17,0.14166666666666666,0.5,7,0.036832198511160444,0.04009831114624948
177,4,16,17,0.14166666666666666,0.5,9,0.02864076106020903,0.03118078584428466
177,4,16,17,0.14166666666666666,0.5,11,0.023430455216314,0.025508432392689975
177,4,16,17,0.14166666666666666,0.5,13,0.019824262870025592,0.021582389885040444
177,4,16,17,0.14166666666666666,0.5,15,0.017180154978973638,0.018703749098522376
177,4,16,17,0.14166666666666666,0.5,17,0.015158414044007407,0.016502676772475706
177,4,16,17,0.14166666666666666,0.5,19,0.013562429045624,0.014765126647433131
177,4,16,17,0.14166666666666666,1.0,1,0.9115160873049567,0.9417884692449309
177,4,16,17,0.14166666666666666,1.0,3,0.295945705975566,0.3055594083254517
177,4,16,17,0.14166666666666666,1.0,5,0.17709248667445054,0.1831659335593562
177,4,16,17,0.14166666666666666,1.0,7,0.1263561026122995,0.13080323273894648
177,4,16,17,0.14166666666666666,1.0,9,0.09821856140976441,0.10172660688867183
177,4,16,17,0.14166666666666666,1.0,11,0.08033071023858568,0.08322701325055756
177,4,16,17,0.14166666666666666,1.0,13,0.06795480255311358,0.07042095280972113
177,4,16,17,0.14166666666666666,1.0,15,0.058883236378746893,0.06103043291573441
177,4,16,17,0.14166666666666666,1.0,17,0.05194847303489605,0.05384974095538556
177,4,16,17,0.14166666666666666,1.0,19,0.04647506660286261,0.0481809339740207
178,4,16,17,0.14166666666666666,0.1,1,0.013077818448936114,0.01349617939749283
178,4,16,17,0.14166666666666666,0.1,3,0.004353881443103229,0.004488196533309136
178,4,16,17,0.14166666666666666,0.1,5,0.0026119724684812995,0.0026919133269144553
178,4,16,17,0.14166666666666666,0.1,7,0.0018656065762540084,0.0019225067564442276
178,4,16,17,0.14166666666666666,0.1,9,0.0014509935344070475,0.0014951622364061728
178,4,16,17,0.14166666666666666,0.1,11,0.0011871602181929453,0.001223252837861754
178,4,16,17,0.14166666666666666,0.1,13,0.001004511127359262,0.001035024391941399
178,4,16,17,0.14166666666666666,0.1,15,0.0008705707779577276,0.0008969986537942225
178,4,16,17,0.14166666666666666,0.1,17,0.0007681470662997278,0.0007914543313353252
178,4,16,17,0.14166666666666666,0.1,19,0.0006872869850023764,0.0007081327612101595
178,4,16,17,0.14166666666666666,0.5,1,0.30527703329898725,0.32157977961300466
178,4,16,17,0.14166666666666666,0.5,3,0.09947073085761686,0.10458668356207494
178,4,16,17,0.14166666666666666,0.5,5,0.059570946041708026,0.06256389446987971
178,4,16,17,0.14166666666666666,0.5,7,0.04252760403088761,0.044639244658809064
178,4,16,17,0.14166666666666666,0.5,9,0.03306925688218119,0.03469979903496252
178,4,16,17,0.14166666666666666,0.5,11,0.02705328588859281,0.028381039927254412
178,4,16,17,0.14166666666666666,0.5,13,0.02288951851292996,0.024009236756049202
178,4,16,17,0.14166666666666666,0.5,15,0.019836602505631473,0.020804604680998207
178,4,16,17,0.14166666666666666,0.5,17,0.0175022810857537,0.01835475417734902
178,4,16,17,0.14166666666666666,0.5,19,0.0156595411146199,0.01642110988654239
178,4,16,17,0.14166666666666666,1.0,1,0.9862471084075413,1.0698497716401114
178,4,16,17,0.14166666666666666,1.0,3,0.31131935707203395,0.3393790651376421
178,4,16,17,0.14166666666666666,1.0,5,0.1858376317950869,0.20251589587433833
178,4,16,17,0.14166666666666666,1.0,7,0.13252903148344738,0.14436371203653608
178,4,16,17,0.14166666666666666,1.0,9,0.10300306443099386,0.11216636047866499
178,4,16,17,0.14166666666666666,1.0,11,0.08424127633155191,0.09171441498778866
178,4,16,17,0.14166666666666666,1.0,13,0.07126318420033247,0.0775714719682932
178,4,16,17,0.14166666666666666,1.0,15,0.061750958716770686,0.06720804884786492
178,4,16,17,0.14166666666666666,1.0,17,0.05447953595738264,0.0592875630118587
178,4,16,17,0.14166666666666666,1.0,19,0.048740435324484355,0.053037237782630677
179,4,16,17,0.14166666666666666,0.1,1,0.013887042083588607,0.014157663172882346
179,4,16,17,0.14166666666666666,0.1,3,0.0046217446646954,0.004714895144546323
179,4,16,17,0.14166666666666666,0.1,5,0.0027725150138428823,0.002828680311669281
179,4,16,17,0.14166666666666666,0.1,7,0.001980229992645863,0.0020204263378076947
179,4,16,17,0.14166666666666666,0.1,9,0.001540124340574746,0.0015714207843758395
179,4,16,17,0.14166666666666666,0.1,11,0.0012600748677521235,0.001285697665275584
179,4,16,17,0.14166666666666666,0.1,13,0.0010662020493032917,0.0010878924696429671
179,4,16,17,0.14166666666666666,0.1,15,0.0009240324161957786,0.0009428368123719816
179,4,16,17,0.14166666666666666,0.1,17,0.0008153165390180213,0.0008319126908858772
179,4,16,17,0.14166666666666666,0.1,19,0.0007294894528410954,0.0007443414756527868
179,4,16,17,0.14166666666666666,0.5,1,0.32140137813615677,0.32675920686529913
179,4,16,17,0.14166666666666666,0.5,3,0.1045920709632457,0.10725537984606677
179,4,16,17,0.14166666666666666,0.5,5,0.06261277410508699,0.06428700949957492
179,4,16,17,0.14166666666666666,0.5,7,0.044690406636296406,0.045906320124824956
179,4,16,17,0.14166666666666666,0.5,9,0.03474706085258865,0.03570074297875007
179,4,16,17,0.14166666666666666,0.5,11,0.028423732695370983,0.029207960515835137
179,4,16,17,0.14166666666666666,0.5,13,0.024047770446295094,0.024713577112109735
179,4,16,17,0.14166666666666666,0.5,15,0.020839554869666793,0.021417968009056345
179,4,16,17,0.14166666666666666,0.5,17,0.018386653021334843,0.01889793096717628
179,4,16,17,0.14166666666666666,0.5,19,0.016450406405777235,0.01690850086014708
179,4,16,17,0.14166666666666666,1.0,1,1.0173018240315228,1.0415582245560508
179,4,16,17,0.14166666666666666,1.0,3,0.3301687045395371,0.34346141748034537
179,4,16,17,0.14166666666666666,1.0,5,0.197681192165539,0.2056370555747014
179,4,16,17,0.14166666666666666,1.0,7,0.1411105437300668,0.1467499877002615
179,4,16,17,0.14166666666666666,1.0,9,0.10972098303575677,0.11408162835521127
179,4,16,17,0.14166666666666666,1.0,11,0.08975741492248598,0.09330989616847286
179,4,16,17,0.14166666666666666,1.0,13,0.07594103684051395,0.07893726066976882
179,4,16,17,0.14166666666666666,1.0,15,0.06581114089692391,0.06840135910969984
179,4,16,17,0.14166666666666666,1.0,17,0.05806585399720088,0.06034678469259276
179,4,16,17,0.14166666666666666,1.0,19,0.05195178229941583,0.05398930798851237
180,4,16,17,0.14166666666666666,0.1,1,0.015552396657953544,0.014693721450620022
180,4,16,17,0.14166666666666666,0.1,3,0.005179253566783033,0.004891556440478795
180,4,16,17,0.14166666666666666,0.1,5,0.0031072512501870188,0.002934430124981668
180,4,16,17,0.14166666666666666,0.1,7,0.0022193936150135055,0.002095886343202243
180,4,16,17,0.14166666666666666,0.1,9,0.0017261682458542232,0.0016300792612095184
180,4,16,17,0.14166666666666666,0.1,11,0.0014123067832742886,0.0013336739779695667
180,4,16,17,0.14166666666666666,0.1,13,0.001195021866770829,0.0011284778635537993
180,4,16,17,0.14166666666666666,0.1,15,0.0010356814190317831,0.0009780044996790898
180,4,16,17,0.14166666666666666,0.1,17,0.0009138338229612812,0.0008629387391466068
180,4,16,17,0.14166666666666666,0.1,19,0.0008176389255203491,0.0007720986125329477
180,4,16,17,0.14166666666666666,0.5,1,0.35679319190578423,0.3392851979813632
180,4,16,17,0.14166666666666666,0.5,3,0.11674366988880397,0.11073821671935516
180,4,16,17,0.14166666666666666,0.5,5,0.06994720343868147,0.06628904590050518
180,4,16,17,0.14166666666666666,0.5,7,0.04994270940621958,0.04731260923390601
180,4,16,17,0.14166666666666666,0.5,9,0.03883799627432406,0.036784965919513246
180,4,16,17,0.14166666666666666,0.5,11,0.03177388748527793,0.030090294931296276
180,4,16,17,0.14166666666666666,0.5,13,0.02688428861686102,0.025457466742526767
180,4,16,17,0.14166666666666666,0.5,15,0.02329899612015302,0.022060994612650438
180,4,16,17,0.14166666666666666,0.5,17,0.020557507270325695,0.01946419504074129
180,4,16,17,0.14166666666666666,0.5,19,0.018393285576797758,0.01741438329002276
180,4,16,17,0.14166666666666666,1.0,1,1.094844210588245,1.0650536709985159
180,4,16,17,0.14166666666666666,1.0,3,0.3493411880409847,0.33245577177149066
180,4,16,17,0.14166666666666666,1.0,5,0.20891730021973834,0.19770538030913634
180,4,16,17,0.14166666666666666,1.0,7,0.14908718785156083,0.14080311362804282
180,4,16,17,0.14166666666666666,1.0,9,0.11590988985031388,0.10936055383059605
180,4,16,17,0.14166666666666666,1.0,11,0.09481499139160676,0.08940526111155706
180,4,16,17,0.14166666666666666,1.0,13,0.08021766093031381,0.07561182109226428
180,4,16,17,0.14166666666666666,1.0,15,0.06951604111669446,0.06550700972914661
180,4,16,17,0.14166666666666666,1.0,17,0.06133402416171585,0.05778533822690056
180,4,16,17,0.14166666666666666,1.0,19,0.05487541390010841,0.05169249148080922
181,4,16,17,0.14166666666666666,0.1,1,0.012815502500159117,0.014403186434199862
181,4,16,17,0.14166666666666666,0.1,3,0.004268705446982259,0.004795625788320671
181,4,16,17,0.14166666666666666,0.1,5,0.002561002875164712,0.002876627130429665
181,4,16,17,0.14166666666666666,0.1,7,0.0018292317700102274,0.0020544977787123045
181,4,16,17,0.14166666666666666,0.1,9,0.0014227139459134146,0.0015978394291396012
181,4,16,17,0.14166666666666666,0.1,11,0.0011640280011219483,0.0013072689785729437
181,4,16,17,0.14166666666666666,0.1,13,0.0009849407858640172,0.001106118770485622
181,4,16,17,0.14166666666666666,0.1,15,0.0008536116675642731,0.0009586159197092268
181,4,16,17,0.14166666666666666,0.1,17,0.0007531843444158684,0.0008458238105943459
181,4,16,17,0.14166666666666666,0.1,19,0.000673900105685263,0.0007567799819443379
181,4,16,17,0.14166666666666666,0.5,1,0.3012417675920674,0.3376662939883119
181,4,16,17,0.14166666666666666,0.5,3,0.0991241283356974,0.11262194996653264
181,4,16,17,0.14166666666666666,0.5,5,0.05938734126617229,0.06750620182406043
181,4,16,17,0.14166666666666666,0.5,7,0.042398634583640585,0.048193693677175055
181,4,16,17,0.14166666666666666,0.5,9,0.03296889001787691,0.03747229453600641
181,4,16,17,0.14166666666666666,0.5,11,0.026970843079582432,0.030652801324977663
181,4,16,17,0.14166666666666666,0.5,13,0.02281945753880753,0.025933166416886685
181,4,16,17,0.14166666666666666,0.5,15,0.019775641550783207,0.022472938618856277
181,4,16,17,0.14166666666666666,0.5,17,0.017448304258672158,0.019827372830907006
181,4,16,17,0.14166666666666666,0.5,19,0.015611099917635653,0.017739074432942016
181,4,16,17,0.14166666666666666,1.0,1,0.9955711972804805,1.0900330479265634
181,4,16,17,0.14166666666666666,1.0,3,0.3197347545870157,0.3727648249794852
181,4,16,17,0.14166666666666666,1.0,5,0.19059734358277095,0.22319583266054094
181,4,16,17,0.14166666666666666,1.0,7,0.13583732622692912,0.15922881019349525
181,4,16,17,0.14166666666666666,1.0,9,0.10553707802616424,0.12375006199732252
181,4,16,17,0.14166666666666666,1.0,11,0.08629440702513784,0.10119806755974976
181,4,16,17,0.14166666666666666,1.0,13,0.07298873155782268,0.08559765219468574
181,4,16,17,0.14166666666666666,1.0,15,0.06323902721351397,0.07416416614085236
181,4,16,17,0.14166666666666666,1.0,17,0.055787561137316914,0.06542493287087552
181,4,16,17,0.14166666666666666,1.0,19,0.04990726958945828,0.058528058131264875
182,4,16,17,0.14166666666666666,0.1,1,0.011922890136433011,0.012505842238280924
182,4,16,17,0.14166666666666666,0.1,3,0.003968099492465131,0.004162825961462875
182,4,16,17,0.14166666666666666,0.1,5,0.0023805629228067365,0.0024974181921172873
182,4,16,17,0.14166666666666666,0.1,7,0.00170034370217172,0.0017838155581214436
182,4,16,17,0.14166666666666666,0.1,9,0.0013224708606044374,0.0013873946322630483
182,4,16,17,0.14166666666666666,0.1,11,0.0010820138748847377,0.0011351338281138039
182,4,16,17,0.14166666666666666,0.1,13,0.0009155464360505275,0.0009604943337572393
182,4,16,17,0.14166666666666666,0.1,15,0.0007934715303432178,0.0008324265081547001
182,4,16,17,0.14166666666666666,0.1,17,0.0007001207311349171,0.0007344928488688618
182,4,16,17,0.14166666666666666,0.1,19,0.0006264230545855038,0.0006571771038986034
182,4,16,17,0.14166666666666666,0.5,1,0.27694549467604407,0.289102027841863
182,4,16,17,0.14166666666666666,0.5,3,0.08871601566494838,0.09301864503884284
182,4,16,17,0.14166666666666666,0.5,5,0.05306579283966515,0.05565719111235351
182,4,16,17,0.14166666666666666,0.5,7,0.03787201847507443,0.03972495796124064
182,4,16,17,0.14166666666666666,0.5,9,0.029445737995682578,0.030887542559036495
182,4,16,17,0.14166666666666666,0.5,11,0.024087710036008257,0.025267632571713928
182,4,16,17,0.14166666666666666,0.5,13,0.020379835407204352,0.02137836173878868
182,4,16,17,0.14166666666666666,0.5,15,0.017661396026290164,0.01852685732078801
182,4,16,17,0.14166666666666666,0.5,17,0.015582919088867237,0.016346604297303217
182,4,16,17,0.14166666666666666,0.5,19,0.013942193904789254,0.014625518444083186
182,4,16,17,0.14166666666666666,1.0,1,0.8851281172323215,0.9077455945729929
182,4,16,17,0.14166666666666666,1.0,3,0.25538848961506155,0.26489776735951776
182,4,16,17,0.14166666666666666,1.0,5,0.1519013826132477,0.1576196836962406
182,4,16,17,0.14166666666666666,1.0,7,0.10824434433026335,0.11233506674118668
182,4,16,17,0.14166666666666666,1.0,9,0.08410743428285306,0.0872924434456533
182,4,16,17,0.14166666666666666,1.0,11,0.06878055042094498,0.07138841612602288
182,4,16,17,0.14166666666666666,1.0,13,0.05818184106649714,0.06038972244873581
182,4,16,17,0.14166666666666666,1.0,15,0.050414833913841654,0.05232914846441907
182,4,16,17,0.14166666666666666,1.0,17,0.0444780332653722,0.046167705237390555
182,4,16,17,0.14166666666666666,1.0,19,0.03979254071186333,0.041304766392540535
183,4,16,17,0.14166666666666666,0.1,1,0.016719605740077175,0.01596119601117562
183,4,16,17,0.14166666666666666,0.1,3,0.005562748993961187,0.005311228412783994
183,4,16,17,0.14166666666666666,0.1,5,0.0033365529472685713,0.0031860137663208984
183,4,16,17,0.14166666666666666,0.1,7,0.002382927840407736,0.002275530328178113
183,4,16,17,0.14166666666666666,0.1,9,0.0018532504956962153,0.0017697787631706448
183,4,16,17,0.14166666666666666,0.1,11,0.001516224796151804,0.0014479618105326523
183,4,16,17,0.14166666666666666,0.1,13,0.001282918081847483,0.0012251762665558628
183,4,16,17,0.14166666666666666,0.1,15,0.0011118361711429836,0.001061805624318302
183,4,16,17,0.14166666666666666,0.1,17,0.0009810143209753315,0.0009368781484504952
183,4,16,17,0.14166666666666666,0.1,19,0.0008777372605042221,0.0008382530021153381
183,4,16,17,0.14166666666666666,0.5,1,0.38149651998722156,0.36773311643506346
183,4,16,17,0.14166666666666666,0.5,3,0.12511243760277768,0.11927685600006159
183,4,16,17,0.14166666666666666,0.5,5,0.07490931200975899,0.07136146272746112
183,4,16,17,0.14166666666666666,0.5,7,0.05346388964230983,0.050923955131607614
183,4,16,17,0.14166666666666666,0.5,9,0.041565652493560666,0.039589410210846505
183,4,16,17,0.14166666666666666,0.5,11,0.03399954699547229,0.03238277577090949
183,4,16,17,0.14166666666666666,0.5,13,0.028763869319817018,0.027396131446653572
183,4,16,17,0.14166666666666666,0.5,15,0.024925579589045673,0.023740491584899413
183,4,16,17,0.14166666666666666,0.5,17,0.021991090400720257,0.020945664498252674
183,4,16,17,0.14166666666666666,0.5,19,0.019674793505063,0.018739608201092165
183,4,16,17,0.14166666666666666,1.0,1,1.142491017382267,1.1473934844494837
183,4,16,17,0.14166666666666666,1.0,3,0.3691380526977288,0.3576505671755133
183,4,16,17,0.14166666666666666,1.0,5,0.22093628243598723,0.21304338088737146
183,4,16,17,0.14166666666666666,1.0,7,0.15768428704565815,0.1518327230706256
183,4,16,17,0.14166666666666666,1.0,9,0.12259429990366466,0.11796977269589448
183,4,16,17,0.14166666666666666,1.0,11,0.10028043389358735,0.09646438767736756
183,4,16,17,0.14166666666666666,1.0,13,0.08483914911176899,0.08159349101901879
183,4,16,17,0.14166666666666666,1.0,15,0.07351888641793694,0.07069638605445623
183,4,16,17,0.14166666666666666,1.0,17,0.06486405834678398,0.06236765269313424
183,4,16,17,0.14166666666666666,1.0,19,0.05803239880890651,0.05579483973555363
184,4,16,17,0.14166666666666666,0.1,1,0.016494641435732288,0.01583343195279092
184,4,16,17,0.14166666666666666,0.1,3,0.005491544102678239,0.005252434415568253
184,4,16,17,0.14166666666666666,0.1,5,0.0032943691063407393,0.0031488064118306205
184,4,16,17,0.14166666666666666,0.1,7,0.0023529674514805605,0.002248364206636306
184,4,16,17,0.14166666666666666,0.1,9,0.0018300230026914305,0.0017483952319860092
184,4,16,17,0.14166666666666666,0.1,11,0.0014972599051805166,0.0014303338945093444
184,4,16,17,0.14166666666666666,0.1,13,0.0012668940960039695,0.0012101828832625906
184,4,16,17,0.14166666666666666,0.1,15,0.0010979635418300164,0.001048762153609662
184,4,16,17,0.14166666666666666,0.1,17,0.0009687837996567939,0.0009253360138622235
184,4,16,17,0.14166666666666666,0.1,19,0.0008668012670701453,0.0008279023907286782
184,4,16,17,0.14166666666666666,0.5,1,0.3757921628691544,0.36986852935332115
184,4,16,17,0.14166666666666666,0.5,3,0.12300894676760886,0.11803843552125702
184,4,16,17,0.14166666666666666,0.5,5,0.07369897962218447,0.07035656052265146
184,4,16,17,0.14166666666666666,0.5,7,0.05261915705724645,0.05012634818280502
184,4,16,17,0.14166666666666666,0.5,9,0.04091792981565,0.038934769210454544
184,4,16,17,0.14166666666666666,0.5,11,0.03347464788444537,0.03182939775122184
184,4,16,17,0.14166666666666666,0.5,13,0.028322768137751253,0.026917521301220305
184,4,16,17,0.14166666666666666,0.5,15,0.02454526342250352,0.023319125943280988
184,4,16,17,0.14166666666666666,0.5,17,0.02165686594091691,0.020569448135659956
184,4,16,17,0.14166666666666666,0.5,19,0.019376713194398234,0.018399874900730192
184,4,16,17,0.14166666666666666,1.0,1,1.1265261054830806,1.1566196240304218
184,4,16,17,0.14166666666666666,1.0,3,0.35741250001968106,0.34921395238157255
184,4,16,17,0.14166666666666666,1.0,5,0.21355075349191163,0.2053518738668455
184,4,16,17,0.14166666666666666,1.0,7,0.1522933167140884,0.14547915817959348
184,4,16,17,0.14166666666666666,1.0,9,0.11835216904556276,0.11264954172864287
184,4,16,17,0.14166666666666666,1.0,11,0.0967846778271533,0.09191285844758264
184,4,16,17,0.14166666666666666,1.0,13,0.08186696710080611,0.07762543602999562
184,4,16,17,0.14166666666666666,1.0,15,0.07093414599709255,0.06718306417707257
184,4,16,17,0.14166666666666666,1.0,17,0.06257754586204446,0.05921745547222419
184,4,16,17,0.14166666666666666,1.0,19,0.05598249955001559,0.052940760444920555
185,4,16,17,0.14166666666666666,0.1,1,0.01171028188301228,0.01184683549392232
185,4,16,17,0.14166666666666666,0.1,3,0.003901176129266183,0.003942586656994369
185,4,16,17,0.14166666666666666,0.1,5,0.0023405975657091968,0.002365215772660968
185,4,16,17,0.14166666666666666,0.1,7,0.0016718341273700512,0.0016893729305945753
185,4,16,17,0.14166666666666666,0.1,9,0.0013003086221931907,0.0013139352341378658
185,4,16,17,0.14166666666666666,0.1,11,0.0010638860521540654,0.001075029004944884
185,4,16,17,0.14166666666666666,0.1,13,0.0009002099022362203,0.0009096355856514749
185,4,16,17,0.14166666666666666,0.1,15,0.0007801811688802566,0.0007883484789875782
185,4,16,17,0.14166666666666666,0.1,17,0.0006883947088722293,0.0006956002058793152
185,4,16,17,0.14166666666666666,0.1,19,0.000615931831809074,0.0006223782573210453
185,4,16,17,0.14166666666666666,0.5,1,0.27435296264389547,0.2807952912879647
185,4,16,17,0.14166666666666666,0.5,3,0.09017462289262657,0.09157109885255882
185,4,16,17,0.14166666666666666,0.5,5,0.05404210112227954,0.054762506572101584
185,4,16,17,0.14166666666666666,0.5,7,0.03858913506789716,0.03906631965581545
185,4,16,17,0.14166666666666666,0.5,9,0.030009810572639586,0.030365100919781115
185,4,16,17,0.14166666666666666,0.5,11,0.02455184023283863,0.024834629453336553
185,4,16,17,0.14166666666666666,0.5,13,0.020773835205975928,0.021008740349491392
185,4,16,17,0.14166666666666666,0.5,15,0.01800355609255307,0.018204525510182812
185,4,16,17,0.14166666666666666,0.5,17,0.015885234478909903,0.016060906605091803
185,4,16,17,0.14166666666666666,0.5,19,0.014212943799461523,0.014369029782879083
185,4,16,17,0.14166666666666666,1.0,1,0.900906941147241,0.9314638729364253
185,4,16,17,0.14166666666666666,1.0,3,0.28664364411486276,0.2983429940072921
185,4,16,17,0.14166666666666666,1.0,5,0.17111004863724968,0.17889919972203364
185,4,16,17,0.14166666666666666,1.0,7,0.12204038752492063,0.12778119973077962
185,4,16,17,0.14166666666666666,1.0,9,0.09486138834803425,0.09938581897894194
185,4,16,17,0.14166666666666666,1.0,11,0.0775892822226361,0.08131616399557863
185,4,16,17,0.14166666666666666,1.0,13,0.06564045922368822,0.06880630555041574
185,4,16,17,0.14166666666666666,1.0,15,0.056881851749532183,0.05963233176877751
185,4,16,17,0.14166666666666666,1.0,17,0.05018600299202041,0.052616891279604436
185,4,16,17,0.14166666666666666,1.0,19,0.04490083774612805,0.04707835562904469
186,4,16,17,0.14166666666666666,0.1,1,0.01127433850566431,0.011683663457554772
186,4,16,17,0.14166666666666666,0.1,3,0.003756012480277973,0.0038906969581426008
186,4,16,17,0.14166666666666666,0.1,5,0.002253507758060193,0.002334229075864501
186,4,16,17,0.14166666666666666,0.1,7,0.0016096287926279853,0.0016672691912775703
186,4,16,17,0.14166666666666666,0.1,9,0.0012519272319985748,0.0012967529828737377
186,4,16,17,0.14166666666666666,0.1,11,0.0010243015010696283,0.0010609747652383136
186,4,16,17,0.14166666666666666,0.1,13,0.0008667153905699617,0.000897745469901031
186,4,16,17,0.14166666666666666,0.1,15,0.0007511526511212971,0.0007780447642320177
186,4,16,17,0.14166666666666666,0.1,17,0.0006627813456648742,0.0006865093137395247
186,4,16,17,0.14166666666666666,0.1,19,0.0005930146339432075,0.0006142446908804142
186,4,16,17,0.14166666666666666,0.5,1,0.2683967530825578,0.27951850678937423
186,4,16,17,0.14166666666666666,0.5,3,0.08844472212566369,0.09164129731490163
186,4,16,17,0.14166666666666666,0.5,5,0.05303179731959185,0.05488578778237556
186,4,16,17,0.14166666666666666,0.5,7,0.03787320808744523,0.039183413390674326
186,4,16,17,0.14166666666666666,0.5,9,0.029454836020376622,0.03046921257720838
186,4,16,17,0.14166666666666666,0.5,11,0.024098544403000112,0.024926521826732682
186,4,16,17,0.14166666666666666,0.5,13,0.02039065526957289,0.02109028580386784
186,4,16,17,0.14166666666666666,0.5,15,0.01767167280314375,0.0182774913656248
186,4,16,17,0.14166666666666666,0.5,17,0.015592517907273272,0.01612675134008665
186,4,16,17,0.14166666666666666,0.5,19,0.01395111586872006,0.014428917783960406
186,4,16,17,0.14166666666666666,1.0,1,0.9185117741376088,0.953601279655408
186,4,16,17,0.14166666666666666,1.0,3,0.3014213884798602,0.3099789462343552
186,4,16,17,0.14166666666666666,1.0,5,0.18099081601242029,0.18498621592155262
186,4,16,17,0.14166666666666666,1.0,7,0.12931025105328217,0.1318425909787596
186,4,16,17,0.14166666666666666,1.0,9,0.10058494058908411,0.10242981042871646
186,4,16,17,0.14166666666666666,1.0,11,0.08230109692136377,0.08375248846201903
186,4,16,17,0.14166666666666666,1.0,13,0.06964151116373633,0.07083914777403554
186,4,16,17,0.14166666666666666,1.0,15,0.060357134857349504,0.06137765213838383
186,4,16,17,0.14166666666666666,1.0,17,0.05325698049934268,0.05414677890752148
186,4,16,17,0.14166666666666666,1.0,19,0.04765141312110321,0.0484406846554581
187,4,16,17,0.14166666666666666,0.1,1,0.016401143111847136,0.014863944554381756
187,4,16,17,0.14166666666666666,0.1,3,0.005460091074851296,0.004941618412636017
187,4,16,17,0.14166666666666666,0.1,5,0.0032754309829439547,0.002963874288119841
187,4,16,17,0.14166666666666666,0.1,7,0.0023394178594428514,0.002116751055567313
187,4,16,17,0.14166666666666666,0.1,9,0.001819474367426203,0.0016462382245806648
187,4,16,17,0.14166666666666666,0.1,11,0.0014886238438657532,0.0013468598380902896
187,4,16,17,0.14166666666666666,0.1,13,0.0012595834740484135,0.001139614905533938
187,4,16,17,0.14166666666666666,0.1,15,0.0010916256244806848,0.000987643903456939
187,4,16,17,0.14166666666666666,0.1,17,0.0009631901295613898,0.0008714356043964633
187,4,16,17,0.14166666666666666,0.1,19,0.0008617954168517799,0.0007796951156181917
187,4,16,17,0.14166666666666666,0.5,1,0.3741548798752739,0.34415562513641235
187,4,16,17,0.14166666666666666,0.5,3,0.12269753364776259,0.11021996490298673
187,4,16,17,0.14166666666666666,0.5,5,0.07350107409735489,0.06587455870431427
187,4,16,17,0.14166666666666666,0.5,7,0.052472085687210096,0.04699355816744843
187,4,16,17,0.14166666666666666,0.5,9,0.04080064737256224,0.03652854420758664
187,4,16,17,0.14166666666666666,0.5,11,0.03337705998975889,0.029876682495629015
187,4,16,17,0.14166666666666666,0.5,13,0.02823919339704647,0.025274671723816245
187,4,16,17,0.14166666666666666,0.5,15,0.024472176050822306,0.021901355615519248
187,4,16,17,0.14166666666666666,0.5,17,0.021591924537487196,0.019322558076519097
187,4,16,17,0.14166666666666666,0.5,19,0.019318282681158174,0.017287128033392073
187,4,16,17,0.14166666666666666,1.0,1,1.1217884048990159,1.0672905280630327
187,4,16,17,0.14166666666666666,1.0,3,0.3617302231879602,0.31547883313368547
187,4,16,17,0.14166666666666666,1.0,5,0.21669250206794205,0.1886257986132435
187,4,16,17,0.14166666666666666,1.0,7,0.15470128326763574,0.1345777106145922
187,4,16,17,0.14166666666666666,1.0,9,0.12029304735194159,0.10461422516257753
187,4,16,17,0.14166666666666666,1.0,11,0.09840692186696354,0.08556663066968695
187,4,16,17,0.14166666666666666,1.0,13,0.08325917530948573,0.07238801212161938
187,4,16,17,0.14166666666666666,1.0,15,0.07215288414654081,0.06272759588222339
187,4,16,17,0.14166666666666666,1.0,17,0.06366096560940901,0.05534230124982579
187,4,16,17,0.14166666666666666,1.0,19,0.05695748930667949,0.04951301137714875
188,4,16,17,0.14166666666666666,0.1,1,0.014603360996734253,0.014111965532162728
188,4,16,17,0.14166666666666666,0.1,3,0.004860140801637295,0.0046979259807657546
188,4,16,17,0.14166666666666666,0.1,5,0.0029153933113839794,0.0028183569061515086
188,4,16,17,0.14166666666666666,0.1,7,0.0020822288596358445,0.002013013324655172
188,4,16,17,0.14166666666666666,0.1,9,0.0016194304697534517,0.0015656390258579308
188,4,16,17,0.14166666666666666,0.1,11,0.001324947487884774,0.0012809590125495013
188,4,16,17,0.14166666666666666,0.1,13,0.0011210857447766604,0.0010838781773456878
188,4,16,17,0.14166666666666666,0.1,15,0.000971592781467538,0.0009393548380944069
188,4,16,17,0.14166666666666666,0.1,17,0.0008572778088887541,0.0008288384111479699
188,4,16,17,0.14166666666666666,0.1,19,0.0007670310678265402,0.0007415894389139721
188,4,16,17,0.14166666666666666,0.5,1,0.3398518698129914,0.32736655206137294
188,4,16,17,0.14166666666666666,0.5,3,0.1109585377904018,0.10669817695831992
188,4,16,17,0.14166666666666666,0.5,5,0.06641105702294457,0.06391129726289915
188,4,16,17,0.14166666666666666,0.5,7,0.04739536112339106,0.04562812994411356
188,4,16,17,0.14166666666666666,0.5,9,0.0368471638238808,0.03548078903106493
188,4,16,17,0.14166666666666666,0.5,11,0.030139976182994094,0.02902634318546825
188,4,16,17,0.14166666666666666,0.5,13,0.025498765822235377,0.024559014862001738
188,4,16,17,0.14166666666666666,0.5,15,0.022096303404020877,0.021283489160913903
188,4,16,17,0.14166666666666666,0.5,17,0.019495016326666496,0.01877893847233747
188,4,16,17,0.14166666666666666,0.5,19,0.017441720726087594,0.01680180823876599
188,4,16,17,0.14166666666666666,1.0,1,1.0799727631723048,1.0339692119704413
188,4,16,17,0.14166666666666666,1.0,3,0.3347565113501547,0.3235296860888107
188,4,16,17,0.14166666666666666,1.0,5,0.19874358574011738,0.1925185122886084
188,4,16,17,0.14166666666666666,1.0,7,0.14144039045177528,0.1371331892397428
188,4,16,17,0.14166666666666666,1.0,9,0.1098113897819968,0.10651799544383132
188,4,16,17,0.14166666666666666,1.0,11,0.08975092693169442,0.08708474769522563
188,4,16,17,0.14166666666666666,1.0,13,0.07589079124133974,0.07365102208847801
188,4,16,17,0.14166666666666666,1.0,15,0.06574023451655508,0.06380922696389087
188,4,16,17,0.14166666666666666,1.0,17,0.05798537995859638,0.0562882868968556
188,4,16,17,0.14166666666666666,1.0,19,0.051867432570395,0.05035368765348887
189,4,16,17,0.14166666666666666,0.1,1,0.015277424495170593,0.013525327340679242
189,4,16,17,0.14166666666666666,0.1,3,0.0050813916643616275,0.004491202874870225
189,4,16,17,0.14166666666666666,0.1,5,0.003047799505214546,0.002693021825397865
189,4,16,17,0.14166666666666666,0.1,7,0.002176704045214287,0.0019230937031711397
189,4,16,17,0.14166666666666666,0.1,9,0.001692868618484695,0.0014955318546816196
189,4,16,17,0.14166666666666666,0.1,11,0.0013850113782311862,0.0012235105005352343
189,4,16,17,0.14166666666666666,0.1,13,0.0011718963369446542,0.0010352163876138894
189,4,16,17,0.14166666666666666,0.1,15,0.0010156206063591743,0.0008971485939672779
189,4,16,17,0.14166666666666666,0.1,17,0.0008961205021468083,0.0007915755708547498
189,4,16,17,0.14166666666666666,0.1,19,0.0008017812646225542,0.0007082334492838214
189,4,16,17,0.14166666666666666,0.5,1,0.35453663062785234,0.31832603962866635
189,4,16,17,0.14166666666666666,0.5,3,0.11524751846068929,0.10204269687103679
189,4,16,17,0.14166666666666666,0.5,5,0.0689533898773635,0.06092211832822626
189,4,16,17,0.14166666666666666,0.5,7,0.04920250938141304,0.04343604780067675
189,4,16,17,0.14166666666666666,0.5,9,0.03824900414530057,0.03375179726044405
189,4,16,17,0.14166666666666666,0.5,11,0.031285019483369106,0.02759936591637838
189,4,16,17,0.14166666666666666,0.5,13,0.02646653205581179,0.023344403122674804
189,4,16,17,0.14166666666666666,0.5,15,0.02293432708457813,0.02022629747978605
189,4,16,17,0.14166666666666666,0.5,17,0.020233973109735938,0.01784308112199324
189,4,16,17,0.14166666666666666,0.5,19,0.018102557061529967,0.015962321715643893
189,4,16,17,0.14166666666666666,1.0,1,1.1096689444916648,1.027623828844788
189,4,16,17,0.14166666666666666,1.0,3,0.35202990686462,0.31509446329668905
189,4,16,17,0.14166666666666666,1.0,5,0.21003322807980024,0.18683014284162378
189,4,16,17,0.14166666666666666,1.0,7,0.14968821563976434,0.1328629333053706
189,4,16,17,0.14166666666666666,1.0,9,0.11628450651681431,0.10310417234915717
189,4,16,17,0.14166666666666666,1.0,11,0.09507080692881095,0.08424254080015671
189,4,16,17,0.14166666666666666,1.0,13,0.08040355380741447,0.07121697600406984
189,4,16,17,0.14166666666666666,1.0,15,0.06965733809835682,0.06168106576382953
189,4,16,17,0.14166666666666666,1.0,17,0.06144514167905597,0.054397830345900955
189,4,16,17,0.14166666666666666,1.0,19,0.05496515676021086,0.04865323464898448
190,4,16,17,0.14166666666666666,0.1,1,0.012964058371550853,0.013329487213122085
190,4,16,17,0.14166666666666666,0.1,3,0.004315453593134684,0.004438328753899363
190,4,16,17,0.14166666666666666,0.1,5,0.0025889060084138527,0.0026626827797220326
190,4,16,17,0.14166666666666666,0.1,7,0.0018491312312094081,0.0019018389381771062
190,4,16,17,0.14166666666666666,0.1,9,0.0014381804185917785,0.00147917844478016
190,4,16,17,0.14166666666666666,0.1,11,0.0011766775267670546,0.0012102226407002803
190,4,16,17,0.14166666666666666,0.1,13,0.0009956416935239878,0.0010240266271444802
190,4,16,17,0.14166666666666666,0.1,15,0.0008628843148249586,0.0008874849128068249
190,4,16,17,0.14166666666666666,0.1,17,0.0007613651686503873,0.0007830717641065773
190,4,16,17,0.14166666666666666,0.1,19,0.0006812191768087432,0.000700640980990916
190,4,16,17,0.14166666666666666,0.5,1,0.30067051073342926,0.30849818484537644
190,4,16,17,0.14166666666666666,0.5,3,0.0973869517839598,0.10092207810551289
190,4,16,17,0.14166666666666666,0.5,5,0.058301829698808684,0.06045524186011706
190,4,16,17,0.14166666666666666,0.5,7,0.0416184618598153,0.0431604849618095
190,4,16,17,0.14166666666666666,0.5,9,0.032361627191367516,0.033561525190494615
190,4,16,17,0.14166666666666666,0.5,11,0.02647423145422376,0.02745592221009985
190,4,16,17,0.14166666666666666,0.5,13,0.02239957078594278,0.02323008311271876
190,4,16,17,0.14166666666666666,0.5,15,0.01941202659516582,0.020131654655768043
190,4,16,17,0.14166666666666666,0.5,17,0.01712770193621843,0.017762540047292365
190,4,16,17,0.14166666666666666,0.5,19,0.01532443303593948,0.01589234111027074
190,4,16,17,0.14166666666666666,1.0,1,0.9556391063644486,0.9847743634394885
190,4,16,17,0.14166666666666666,1.0,3,0.305026111487415,0.3234579502341593
190,4,16,17,0.14166666666666666,1.0,5,0.18258080482961409,0.19370552563067311
190,4,16,17,0.14166666666666666,1.0,7,0.1303099715325627,0.13822162071548
190,4,16,17,0.14166666666666666,1.0,9,0.1013114347668061,0.10743906718480792
190,4,16,17,0.14166666666666666,1.0,11,0.08287120765218217,0.08786795360447118
190,4,16,17,0.14166666666666666,1.0,13,0.07011055468862072,0.07432748117382793
190,4,16,17,0.14166666666666666,1.0,15,0.06075553965074357,0.06440259428755882
190,4,16,17,0.14166666666666666,1.0,17,0.05360324423963954,0.05681581093090202
190,4,16,17,0.14166666666666666,1.0,19,0.047957611941769306,0.05082802792113379
191,4,16,17,0.14166666666666666,0.1,1,0.014369868073877889,0.013510419474181629
191,4,16,17,0.14166666666666666,0.1,3,0.004785563520525273,0.004487508802692592
191,4,16,17,0.14166666666666666,0.1,5,0.0028711262226264436,0.002691028947335796
191,4,16,17,0.14166666666666666,0.1,7,0.002050762514802811,0.0019217436783428535
191,4,16,17,0.14166666666666666,0.1,9,0.0015950240217507921,0.001494514582759684
191,4,16,17,0.14166666666666666,0.1,11,0.0013050140394395718,0.0012226955423812788
191,4,16,17,0.14166666666666666,0.1,13,0.0011042399029745848,0.0010345370916296163
191,4,16,17,0.14166666666666666,0.1,15,0.000957006415717867,0.000896566459623331
191,4,16,17,0.14166666666666666,0.1,17,0.0008444165367848729,0.0007910663952307987
191,4,16,17,0.14166666666666666,0.1,19,0.0007555300252832268,0.0007077810447576056
191,4,16,17,0.14166666666666666,0.5,1,0.3321798482896002,0.31577956032333354
191,4,16,17,0.14166666666666666,0.5,3,0.10849374698935285,0.10093822363627777
191,4,16,17,0.14166666666666666,0.5,5,0.06498971701301445,0.06028174339569248
191,4,16,17,0.14166666666666666,0.5,7,0.04639953806120532,0.042989096202255855
191,4,16,17,0.14166666666666666,0.5,9,0.036081350964879355,0.03340940022656716
191,4,16,17,0.14166666666666666,0.5,11,0.029518034703751785,0.02732216045067095
191,4,16,17,0.14166666666666666,0.5,13,0.024975257056558817,0.023111646918634557
191,4,16,17,0.14166666666666666,0.5,15,0.02164435902783135,0.020025757310659892
191,4,16,17,0.14166666666666666,0.5,17,0.019097439490116032,0.017666949624263285
191,4,16,17,0.14166666666666666,0.5,19,0.017086844340136603,0.015805316523828553
191,4,16,17,0.14166666666666666,1.0,1,1.0489687819230806,0.9982657895602117
191,4,16,17,0.14166666666666666,1.0,3,0.3368140145114099,0.29863147605096857
191,4,16,17,0.14166666666666666,1.0,5,0.20141365422607993,0.1773711140199512
191,4,16,17,0.14166666666666666,1.0,7,0.14371307957500443,0.12629311473173868
191,4,16,17,0.14166666666666666,1.0,9,0.11172101216569255,0.09808411951576945
191,4,16,17,0.14166666666666666,1.0,11,0.09138228107063977,0.08018441114659608
191,4,16,17,0.14166666666666666,1.0,13,0.0773095991491959,0.06781284566051711
191,4,16,17,0.14166666666666666,1.0,15,0.06699340510412885,0.05875004217494658
191,4,16,17,0.14166666666666666,1.0,17,0.059106549473585054,0.051824779469056455
191,4,16,17,0.14166666666666666,1.0,19,0.052881235905244406,0.046360410863044356
192,4,16,17,0.14166666666666666,0.1,1,0.016772348331907442,0.014856096317125369
192,4,16,17,0.14166666666666666,0.1,3,0.0055861665245297105,0.004939864730112956
192,4,16,17,0.14166666666666666,0.1,5,0.003351176936542553,0.0029627054779227738
192,4,16,17,0.14166666666666666,0.1,7,0.0023935396860902893,0.0021158651215546632
192,4,16,17,0.14166666666666666,0.1,9,0.0018615740352120045,0.001645524028130168
192,4,16,17,0.14166666666666666,0.1,11,0.001523070768098842,0.001346261478288349
192,4,16,17,0.14166666666666666,0.1,13,0.0012887315763730953,0.0011391000324409328
192,4,16,17,0.14166666666666666,0.1,15,0.0011168876189749325,0.0009871920735162406
192,4,16,17,0.14166666666666666,0.1,17,0.0009854802593791125,0.0008710330670569285
192,4,16,17,0.14166666666666666,0.1,19,0.0008817392730734938,0.0007793321770599097
192,4,16,17,0.14166666666666666,0.5,1,0.38576184225810134,0.3432018471284302
192,4,16,17,0.14166666666666666,0.5,3,0.1281909821570996,0.11142025724163629
192,4,16,17,0.14166666666666666,0.5,5,0.0768819082964385,0.06660849466142563
192,4,16,17,0.14166666666666666,0.5,7,0.05490561475513432,0.04751343743312166
192,4,16,17,0.14166666666666666,0.5,9,0.042699973873270104,0.036929427334904515
192,4,16,17,0.14166666666666666,0.5,11,0.03493403020187896,0.030202410449880843
192,4,16,17,0.14166666666666666,0.5,13,0.029558198464195547,0.02554878573619153
192,4,16,17,0.14166666666666666,0.5,15,0.02561623194269969,0.02213788949606521
192,4,16,17,0.14166666666666666,0.5,17,0.02260196533539612,0.01953053003219466
192,4,16,17,0.14166666666666666,0.5,19,0.020222391048148977,0.017472668617127807
192,4,16,17,0.14166666666666666,1.0,1,1.184331050234112,1.0739516710788077
192,4,16,17,0.14166666666666666,1.0,3,0.40564183404991117,0.33292141690845356
192,4,16,17,0.14166666666666666,1.0,5,0.2436997862588321,0.1968108351031839
192,4,16,17,0.14166666666666666,1.0,7,0.17409311774412004,0.1397835451713591
192,4,16,17,0.14166666666666666,1.0,9,0.13540120433130778,0.10840217186656642
192,4,16,17,0.14166666666666666,1.0,11,0.11077633380631545,0.08853529313727439
192,4,16,17,0.14166666666666666,1.0,13,0.09372848857960114,0.07482565044442648
192,4,16,17,0.14166666666666666,1.0,15,0.08122728432403646,0.0647940060110216
192,4,16,17,0.14166666666666666,1.0,17,0.07166804536310102,0.05713494881952287
192,4,16,17,0.14166666666666666,1.0,19,0.06412167495258163,0.051095597008442406
193,4,16,17,0.14166666666666666,0.1,1,0.017421285078859972,0.016767830881237535
193,4,16,17,0.14166666666666666,0.1,3,0.005802516866333977,0.005581326494247429
193,4,16,17,0.14166666666666666,0.1,5,0.0034812252272808587,0.0033482219190166416
193,4,16,17,0.14166666666666666,0.1,7,0.002486521171261063,0.0023914391876360282
193,4,16,17,0.14166666666666666,0.1,9,0.0019339352108720031,0.0018599499647898225
193,4,16,17,0.14166666666666666,0.1,11,0.0015822984006625832,0.0015217486026049697
193,4,16,17,0.14166666666666666,0.1,13,0.001338861159876063,0.0012876173140926024
193,4,16,17,0.14166666666666666,0.1,15,0.0011603422693587607,0.0011159250582363758
193,4,16,17,0.14166666666666666,0.1,17,0.0010238287692884702,0.0009846331951253592
193,4,16,17,0.14166666666666666,0.1,19,0.0009160555068333359,0.0008809830423447341
193,4,16,17,0.14166666666666666,0.5,1,0.3948819648043447,0.3818850703486554
193,4,16,17,0.14166666666666666,0.5,3,0.1296266526396725,0.12408598522362416
193,4,16,17,0.14166666666666666,0.5,5,0.07768623177102356,0.07426736432559217
193,4,16,17,0.14166666666666666,0.5,7,0.055471462873053067,0.05300663052830565
193,4,16,17,0.14166666666666666,0.5,9,0.04313818067479936,0.04121247583948215
193,4,16,17,0.14166666666666666,0.5,11,0.03529214919497212,0.033712461313618124
193,4,16,17,0.14166666666666666,0.5,13,0.029861203859642724,0.02852227997121563
193,4,16,17,0.14166666666666666,0.5,15,0.025878926777784875,0.024717151068003547
193,4,16,17,0.14166666666666666,0.5,17,0.02283386734441138,0.021807875770661286
193,4,16,17,0.14166666666666666,0.5,19,0.020429990153314474,0.01951138296253619
193,4,16,17,0.14166666666666666,1.0,1,1.1703612306253686,1.1471907506461727
193,4,16,17,0.14166666666666666,1.0,3,0.376392859648512,0.35357289293352057
193,4,16,17,0.14166666666666666,1.0,5,0.22477784766233455,0.21024319299881689
193,4,16,17,0.14166666666666666,1.0,7,0.16027489401833683,0.14974107063975692
193,4,16,17,0.14166666666666666,1.0,9,0.12454614981492053,0.11630919115340646
193,4,16,17,0.14166666666666666,1.0,11,0.10184594260297031,0.09509028392368397
193,4,16,17,0.14166666666666666,1.0,13,0.08614600777757118,0.0804226379684324
193,4,16,17,0.14166666666666666,1.0,15,0.07464049434576335,0.06967689594132198
193,4,16,17,0.14166666666666666,1.0,17,0.06584645600440754,0.0614651216904155
193,4,16,17,0.14166666666666666,1.0,19,0.05890635682480208,0.054985332948465346
194,4,16,17,0.14166666666666666,0.1,1,0.012818485897453888,0.013782944493010521
194,4,16,17,0.14166666666666666,0.1,3,0.004264370822912784,0.004587051695027811
194,4,16,17,0.14166666666666666,0.1,5,0.002557931846960138,0.0027516551958249227
194,4,16,17,0.14166666666666666,0.1,7,0.0018269065203111103,0.0019653140427436607
194,4,16,17,0.14166666666666666,0.1,9,0.0014208510078983513,0.0015285155990751383
194,4,16,17,0.14166666666666666,0.1,11,0.0011624762038850668,0.0012505727805562391
194,4,16,17,0.14166666666666666,0.1,13,0.0009836118638797385,0.0010581594067204888
194,4,16,17,0.14166666666666666,0.1,15,0.0008524499845264944,0.0009170605658420502
194,4,16,17,0.14166666666666666,0.1,17,0.0007521526818707716,0.0008091638410193164
194,4,16,17,0.14166666666666666,0.1,19,0.0006729723793263974,0.0007239836478367577
194,4,16,17,0.14166666666666666,0.5,1,0.30108000458795237,0.32477180422686747
194,4,16,17,0.14166666666666666,0.5,3,0.09754950992057411,0.10581953114220466
194,4,16,17,0.14166666666666666,0.5,5,0.05836479591096432,0.06329553628043402
194,4,16,17,0.14166666666666666,0.5,7,0.041650975737370644,0.045162323835990385
194,4,16,17,0.14166666666666666,0.5,9,0.03238118664346926,0.03510785600295766
194,4,16,17,0.14166666666666666,0.5,11,0.026487151711255423,0.02871591546770402
194,4,16,17,0.14166666666666666,0.5,13,0.022408659844702163,0.02429334691267954
194,4,16,17,0.14166666666666666,0.5,15,0.019418715573910318,0.02105139064221017
194,4,16,17,0.14166666666666666,0.5,17,0.017132794005911615,0.018572923558891903
194,4,16,17,0.14166666666666666,0.5,19,0.015328412491182627,0.01661663195319799
194,4,16,17,0.14166666666666666,1.0,1,0.9856758313474385,1.065322653062687
194,4,16,17,0.14166666666666666,1.0,3,0.3120501806721772,0.34871906491729776
194,4,16,17,0.14166666666666666,1.0,5,0.1861280890546607,0.20864961536770765
194,4,16,17,0.14166666666666666,1.0,7,0.13266188876310422,0.14881802080857617
194,4,16,17,0.14166666666666666,1.0,9,0.10306934228584133,0.11564934208258121
194,4,16,17,0.14166666666666666,1.0,11,0.0842749347013065,0.0945707039453341
194,4,16,17,0.14166666666666666,1.0,13,0.07127917067649589,0.07999123469559083
194,4,16,17,0.14166666666666666,1.0,15,0.06175668793065823,0.06930666761286831
194,4,16,17,0.14166666666666666,1.0,17,0.054479020631438814,0.06114014115110057
194,4,16,17,0.14166666666666666,1.0,19,0.04873599369029214,0.05469534158220528
195,4,16,17,0.14166666666666666,0.1,1,0.01357789030624986,0.013578016379994411
195,4,16,17,0.14166666666666666,0.1,3,0.004524182258327809,0.004524948069699156
195,4,16,17,0.14166666666666666,0.1,5,0.0027144238426069648,0.002714918075126129
195,4,16,17,0.14166666666666666,0.1,7,0.0019388573447329987,0.0019392172057573832
195,4,16,17,0.14166666666666666,0.1,9,0.0015079947706141555,0.00150827685112491
195,4,16,17,0.14166666666666666,0.1,11,0.0012338116723796077,0.0012340433719636391
195,4,16,17,0.14166666666666666,0.1,13,0.0010439934063387166,0.0010441899009677508
195,4,16,17,0.14166666666666666,0.1,15,0.0009047936951540867,0.0009049642303662647
195,4,16,17,0.14166666666666666,0.1,17,0.000798347029960223,0.0007984976436524549
195,4,16,17,0.14166666666666666,0.1,19,0.00071431028209367,0.0007144451304503925
195,4,16,17,0.14166666666666666,0.5,1,0.3164830842831749,0.31649206249511996
195,4,16,17,0.14166666666666666,0.5,3,0.1045167285285853,0.10495334453760187
195,4,16,17,0.14166666666666666,0.5,5,0.06266185988820772,0.06294494109040676
195,4,16,17,0.14166666666666666,0.5,7,0.04474895739476909,0.044955325530465336
195,4,16,17,0.14166666666666666,0.5,9,0.03480169616136977,0.03496353985636307
195,4,16,17,0.14166666666666666,0.5,11,0.028472851867085255,0.028605822645399
195,4,16,17,0.14166666666666666,0.5,13,0.024091798219882252,0.02420458124554628
195,4,16,17,0.14166666666666666,0.5,15,0.0208792240532923,0.020977115790047247
195,4,16,17,0.14166666666666666,0.5,17,0.018422647539146766,0.01850910896748847
195,4,16,17,0.14166666666666666,0.5,19,0.01648329774827272,0.016560712160648448
195,4,16,17,0.14166666666666666,1.0,1,1.0169930510728977,1.0158473550072935
195,4,16,17,0.14166666666666666,1.0,3,0.3294698896138225,0.3338025963460108
195,4,16,17,0.14166666666666666,1.0,5,0.19676553976697878,0.1998524141729756
195,4,16,17,0.14166666666666666,1.0,7,0.1403233373114456,0.14266344192721495
195,4,16,17,0.14166666666666666,1.0,9,0.10905842906185288,0.11093182702830945
195,4,16,17,0.14166666666666666,1.0,11,0.08919223386809008,0.09075048009943722
195,4,16,17,0.14166666666666666,1.0,13,0.07545080294758745,0.07678304757169721
195,4,16,17,0.14166666666666666,1.0,15,0.0653794742712562,0.06654213755254966
195,4,16,17,0.14166666666666666,1.0,17,0.05768087294705145,0.05871177914613051
195,4,16,17,0.14166666666666666,1.0,19,0.051604731612896707,0.05253041675566195
196,4,16,17,0.14166666666666666,0.1,1,0.014382794124955547,0.014048470759371826
196,4,16,17,0.14166666666666666,0.1,3,0.004788279759304857,0.004678373394522652
196,4,16,17,0.14166666666666666,0.1,5,0.0028723817782026276,0.002806676584881257
196,4,16,17,0.14166666666666666,0.1,7,0.0020515312932483953,0.0020046760649407897
196,4,16,17,0.14166666666666666,0.1,9,0.0015955638959453127,0.0015591550439569368
196,4,16,17,0.14166666666666666,0.1,11,0.001305424688190954,0.00127565363016962
196,4,16,17,0.14166666666666666,0.1,13,0.0011045688540473845,0.0010793885998035182
196,4,16,17,0.14166666666666666,0.1,15,0.0009572795901843056,0.0009354635089728439
196,4,16,17,0.14166666666666666,0.1,17,0.0008446494592684655,0.0008254045895873686
196,4,16,17,0.14166666666666666,0.1,19,0.0007557326580807883,0.0007385168349985494
196,4,16,17,0.14166666666666666,0.5,1,0.33788112440605306,0.3299010470757851
196,4,16,17,0.14166666666666666,0.5,3,0.1113363783197313,0.10827813653201528
196,4,16,17,0.14166666666666666,0.5,5,0.0667230847675051,0.06487733402616463
196,4,16,17,0.14166666666666666,0.5,7,0.04764009049345214,0.04632137422466605
196,4,16,17,0.14166666666666666,0.5,9,0.03704602027766469,0.03602083024387426
196,4,16,17,0.14166666666666666,0.5,11,0.030306814902338622,0.029468462342093975
196,4,16,17,0.14166666666666666,0.5,13,0.025642245534401413,0.02493320154719041
196,4,16,17,0.14166666666666666,0.5,15,0.022222066879892487,0.02160780610420798
196,4,16,17,0.14166666666666666,0.5,17,0.019606911600972585,0.019065098371969756
196,4,16,17,0.14166666666666666,0.5,19,0.01754247789978995,0.01705783519730912
196,4,16,17,0.14166666666666666,1.0,1,1.090668138156242,1.0750540567116418
196,4,16,17,0.14166666666666666,1.0,3,0.3603307350389575,0.3407732044253582
196,4,16,17,0.14166666666666666,1.0,5,0.21568321594091847,0.20366394388924616
196,4,16,17,0.14166666666666666,1.0,7,0.15390021999155512,0.14530436731134608
196,4,16,17,0.14166666666666666,1.0,9,0.1196330069612871,0.11295710488596747
196,4,16,17,0.14166666666666666,1.0,11,0.09784735028671146,0.0923945571027672
196,4,16,17,0.14166666666666666,1.0,13,0.08277423451631684,0.07816738278901726
196,4,16,17,0.14166666666666666,1.0,15,0.07172534323253078,0.06773792963897865
196,4,16,17,0.14166666666666666,1.0,17,0.06327884708962939,0.059764398280818906
196,4,16,17,0.14166666666666666,1.0,19,0.05661216483061742,0.053470575546047096
197,4,16,17,0.14166666666666666,0.1,1,0.014054106039005462,0.012835374026964805
197,4,16,17,0.14166666666666666,0.1,3,0.004676824982158709,0.004269023101916359
197,4,16,17,0.14166666666666666,0.1,5,0.0028055653408525813,0.002560754517772428
197,4,16,17,0.14166666666666666,0.1,7,0.0020038433342555546,0.0018289433922167632
197,4,16,17,0.14166666666666666,0.1,9,0.001558493910498716,0.0014224464288361005
197,4,16,17,0.14166666666666666,0.1,11,0.0012751067306082373,0.0011637880605334953
197,4,16,17,0.14166666666666666,0.1,13,0.0010789227385210646,0.0009847259768562483
197,4,16,17,0.14166666666666666,0.1,15,0.0009350579718361436,0.0008534182622830121
197,4,16,17,0.14166666666666666,0.1,17,0.0008250456449514438,0.0007530089357155186
197,4,16,17,0.14166666666666666,0.1,19,0.0007381949340435216,0.0006737398701421408
197,4,16,17,0.14166666666666666,0.5,1,0.3256306020099407,0.2978404015079651
197,4,16,17,0.14166666666666666,0.5,3,0.10492335616547387,0.0951796190067551
197,4,16,17,0.14166666666666666,0.5,5,0.06276410950511414,0.05684138986691831
197,4,16,17,0.14166666666666666,0.5,7,0.044790876168357995,0.04053711575730384
197,4,16,17,0.14166666666666666,0.5,9,0.034823312681825536,0.03150495092617118
197,4,16,17,0.14166666666666666,0.5,11,0.028485563980819247,0.025765466168758737
197,4,16,17,0.14166666666666666,0.5,13,0.02409992819395345,0.0217953663206798
197,4,16,17,0.14166666666666666,0.5,15,0.020884730227475955,0.018885590263987805
197,4,16,17,0.14166666666666666,0.5,17,0.018426532138777714,0.01666134339394466
197,4,16,17,0.14166666666666666,0.5,19,0.01648612127635834,0.014905869688370862
197,4,16,17,0.14166666666666666,1.0,1,1.0231779933118657,0.9707654077475579
197,4,16,17,0.14166666666666666,1.0,3,0.3010513938967574,0.3062800811229427
197,4,16,17,0.14166666666666666,1.0,5,0.17859313747591157,0.18259796443710283
197,4,16,17,0.14166666666666666,1.0,7,0.12710207104467386,0.13010743380923256
197,4,16,17,0.14166666666666666,1.0,9,0.09868662398673907,0.10106320016106213
197,4,16,17,0.14166666666666666,1.0,11,0.08066386230693708,0.0826214972836095
197,4,16,17,0.14166666666666666,1.0,13,0.06821082390692733,0.06987218656818041
197,4,16,17,0.14166666666666666,1.0,15,0.05909016934982254,0.06053184619602677
197,4,16,17,0.14166666666666666,1.0,17,0.05212172912731039,0.053394373192280756
197,4,16,17,0.14166666666666666,1.0,19,0.04662391080232839,0.047762634054186306
198,4,16,17,0.14166666666666666,0.1,1,0.015451828253903723,0.015722486172180302
198,4,16,17,0.14166666666666666,0.1,3,0.00514301532732423,0.005221115733330595
198,4,16,17,0.14166666666666666,0.1,5,0.003085390864158445,0.0031307119724538327
198,4,16,17,0.14166666666666666,0.1,7,0.002203758395206657,0.002235653494986401
198,4,16,17,0.14166666666666666,0.1,9,0.001714001680780264,0.0017386016279651974
198,4,16,17,0.14166666666666666,0.1,11,0.0014023502211733569,0.0014223691300008616
198,4,16,17,0.14166666666666666,0.1,13,0.0011865962159843147,0.0012034717000798069
198,4,16,17,0.14166666666666666,0.1,15,0.001028378800459165,0.0010429637410907658
198,4,16,17,0.14166666666666666,0.1,17,0.0009073901566050658,0.0009202318777707019
198,4,16,17,0.14166666666666666,0.1,19,0.0008118734582339848,0.0008233440870499297
198,4,16,17,0.14166666666666666,0.5,1,0.3542750213846588,0.36583511323322493
198,4,16,17,0.14166666666666666,0.5,3,0.11400668012304242,0.11700317617772119
198,4,16,17,0.14166666666666666,0.5,5,0.06820716756203682,0.06983455101510898
198,4,16,17,0.14166666666666666,0.5,7,0.048679996835460496,0.04978632935427573
198,4,16,17,0.14166666666666666,0.5,9,0.03784936978108694,0.038684881932570594
198,4,16,17,0.14166666666666666,0.5,11,0.03096224379906747,0.03163262788442575
198,4,16,17,0.14166666666666666,0.5,13,0.026196133428010412,0.026755557266671615
198,4,16,17,0.14166666666666666,0.5,15,0.02270182691094121,0.02318165175881924
198,4,16,17,0.14166666666666666,0.5,17,0.02003012990062768,0.020450106725646195
198,4,16,17,0.14166666666666666,0.5,19,0.017921124373979525,0.01829448295507738
198,4,16,17,0.14166666666666666,1.0,1,1.0832846221620387,1.1370241174627533
198,4,16,17,0.14166666666666666,1.0,3,0.31548491518965777,0.33215072799795015
198,4,16,17,0.14166666666666666,1.0,5,0.18733944914649747,0.19612818364511062
198,4,16,17,0.14166666666666666,1.0,7,0.133410507578776,0.1393059606623555
198,4,16,17,0.14166666666666666,1.0,9,0.10362650250013526,0.10804518279701168
198,4,16,17,0.14166666666666666,1.0,11,0.08472498568558265,0.08825305854334828
198,4,16,17,0.14166666666666666,1.0,13,0.07165929172750597,0.0745933262353988
198,4,16,17,0.14166666666666666,1.0,15,0.062086884118356535,0.06459705725000688
198,4,16,17,0.14166666666666666,1.0,17,0.054771476624219356,0.05696425879480188
198,4,16,17,0.14166666666666666,1.0,19,0.04899876910760017,0.0509451143262688
199,4,16,17,0.14166666666666666,0.1,1,0.01361175126354172,0.013716952067659608
199,4,16,17,0.14166666666666666,0.1,3,0.0045334500836127015,0.004567527044788412
199,4,16,17,0.14166666666666666,0.1,5,0.002719870688544806,0.002740175498527953
199,4,16,17,0.14166666666666666,0.1,7,0.0019427223379501995,0.0019571808864442207
199,4,16,17,0.14166666666666666,0.1,9,0.001510991669652591,0.0015222174887798217
199,4,16,17,0.14166666666666666,0.1,11,0.0012362594524953769,0.0012454338489799649
199,4,16,17,0.14166666666666666,0.1,13,0.0010460623459291963,0.0010538191875496521
199,4,16,17,0.14166666666666666,0.1,15,0.0009065854386071989,0.000913304134958032
199,4,16,17,0.14166666666666666,0.1,17,0.000799927127032141,0.0008058527486884123
199,4,16,17,0.14166666666666666,0.1,19,0.0007157234776808267,0.0007210234803205352
199,4,16,17,0.14166666666666666,0.5,1,0.3170470123614898,0.31983021410533174
199,4,16,17,0.14166666666666666,0.5,3,0.10379718021354302,0.10474505113043198
199,4,16,17,0.14166666666666666,0.5,5,0.06219460412124146,0.06275482685120215
199,4,16,17,0.14166666666666666,0.5,7,0.04440814446085868,0.04480474644928356
199,4,16,17,0.14166666666666666,0.5,9,0.03453430086969031,0.034841028454470256
199,4,16,17,0.14166666666666666,0.5,11,0.02825308535083227,0.028503074508023182
199,4,16,17,0.14166666666666666,0.5,13,0.02390534641794697,0.024116282789277486
199,4,16,17,0.14166666666666666,0.5,15,0.020717355045820753,0.020899778450529986
199,4,16,17,0.14166666666666666,0.5,17,0.018279653567946034,0.01844034779636031
199,4,16,17,0.14166666666666666,0.5,19,0.016355247130409506,0.01649883400455519
199,4,16,17,0.14166666666666666,1.0,1,1.0157246453164581,1.0241059614150543
199,4,16,17,0.14166666666666666,1.0,3,0.3245624984947846,0.3271177848252814
199,4,16,17,0.14166666666666666,1.0,5,0.19433866221700097,0.19597429155150742
199,4,16,17,0.14166666666666666,1.0,7,0.13873992513258082,0.13992027734858065
199,4,16,17,0.14166666666666666,1.0,9,0.10788581925971104,0.10880556337756232
199,4,16,17,0.14166666666666666,1.0,11,0.08826076027588291,0.08901316919535028
199,4,16,17,0.14166666666666666,1.0,13,0.07467759261378265,0.07531382132277625
199,4,16,17,0.14166666666666666,1.0,15,0.06471808535541251,0.06526905736258244
199,4,16,17,0.14166666666666666,1.0,17,0.05710271994834102,0.05758850801668022
199,4,16,17,0.14166666666666666,1.0,19,0.05109098129370163,0.05152533624126596
