[2025-12-04 15:55:18] 

Starting analysis with:
[2025-12-04 15:55:18] Script location: F:\UTK\Research\DOE_FOA_project\code\dyn-CTQW\analysis
[2025-12-04 15:55:18] Number of qubits: 7
[2025-12-04 15:55:18] Number of vertices: 128
[2025-12-04 15:55:18] Delta t: 0.1
[2025-12-04 15:55:18] Matching algorithm: automatic (bipartite/greedy)
[2025-12-04 15:55:18] Graph type: counting
[2025-12-04 15:55:18] Input file: analysis\graphs\connected\200graph_counting_128v.g6
[2025-12-04 15:55:18] Output directory: F:\UTK\Research\DOE_FOA_project\code\dyn-CTQW\analysis\outputs\matching_vs_pauli\connected_128v\counting_128v\20251204_155518
[2025-12-04 15:55:18] Checkpoint interval: 50
[2025-12-04 15:55:18] Parsed graph info: {'num_graphs': 200, 'size': 'counting', 'vertices': '128', 'type': 'v'}
[2025-12-04 15:55:18] Found 200 graphs in file
[2025-12-04 15:55:18] 
Processing graph 0/200
[2025-12-04 15:55:18] Graph 0 has 128 nodes and 127 edges
[2025-12-04 15:55:18] Converted to 127 bitstring edges
[2025-12-04 15:55:18] Computing Matchings Dynamic walk
[2025-12-04 15:55:18] Matchings - CX: 174.0, U3: 174.0, Depth: 238.0
[2025-12-04 15:55:18] Computing Pauli decomposition
[2025-12-04 15:55:29] Pauli - CX: 656.0, U3: 606.0, Depth: 957.0
[2025-12-04 15:55:29] Analysis completed in 10.32s - Category: win
[2025-12-04 15:55:29] Successfully processed graph 0 - Category: win - Time: 10.32s
[2025-12-04 15:55:29] 
Processing graph 1/200
[2025-12-04 15:55:29] Graph 1 has 128 nodes and 128 edges
[2025-12-04 15:55:29] Converted to 128 bitstring edges
[2025-12-04 15:55:29] Computing Matchings Dynamic walk
[2025-12-04 15:55:29] Matchings - CX: 230.0, U3: 231.0, Depth: 313.0
[2025-12-04 15:55:29] Computing Pauli decomposition
[2025-12-04 15:55:40] Pauli - CX: 801.0, U3: 785.0, Depth: 1198.0
[2025-12-04 15:55:40] Analysis completed in 11.27s - Category: win
[2025-12-04 15:55:40] Successfully processed graph 1 - Category: win - Time: 11.27s
[2025-12-04 15:55:40] 
Processing graph 2/200
[2025-12-04 15:55:40] Graph 2 has 128 nodes and 128 edges
[2025-12-04 15:55:40] Converted to 128 bitstring edges
[2025-12-04 15:55:40] Computing Matchings Dynamic walk
[2025-12-04 15:55:40] Matchings - CX: 230.0, U3: 231.0, Depth: 312.0
[2025-12-04 15:55:40] Computing Pauli decomposition
[2025-12-04 15:55:51] Pauli - CX: 785.0, U3: 1019.0, Depth: 1265.0
[2025-12-04 15:55:51] Analysis completed in 11.21s - Category: win
[2025-12-04 15:55:51] Successfully processed graph 2 - Category: win - Time: 11.21s
[2025-12-04 15:55:51] 
Processing graph 3/200
[2025-12-04 15:55:51] Graph 3 has 128 nodes and 128 edges
[2025-12-04 15:55:51] Converted to 128 bitstring edges
[2025-12-04 15:55:51] Computing Matchings Dynamic walk
[2025-12-04 15:55:51] Matchings - CX: 228.0, U3: 232.0, Depth: 310.0
[2025-12-04 15:55:51] Computing Pauli decomposition
[2025-12-04 15:56:00] Pauli - CX: 832.0, U3: 736.0, Depth: 1215.0
[2025-12-04 15:56:00] Analysis completed in 9.03s - Category: win
[2025-12-04 15:56:00] Successfully processed graph 3 - Category: win - Time: 9.03s
[2025-12-04 15:56:00] 
Processing graph 4/200
[2025-12-04 15:56:00] Graph 4 has 128 nodes and 128 edges
[2025-12-04 15:56:00] Converted to 128 bitstring edges
[2025-12-04 15:56:00] Computing Matchings Dynamic walk
[2025-12-04 15:56:00] Matchings - CX: 358.0, U3: 366.0, Depth: 451.0
[2025-12-04 15:56:00] Computing Pauli decomposition
[2025-12-04 15:56:10] Pauli - CX: 987.0, U3: 915.0, Depth: 1441.0
[2025-12-04 15:56:10] Analysis completed in 9.42s - Category: win
[2025-12-04 15:56:10] Successfully processed graph 4 - Category: win - Time: 9.42s
[2025-12-04 15:56:10] 
Processing graph 5/200
[2025-12-04 15:56:10] Graph 5 has 128 nodes and 128 edges
[2025-12-04 15:56:10] Converted to 128 bitstring edges
[2025-12-04 15:56:10] Computing Matchings Dynamic walk
[2025-12-04 15:56:10] Matchings - CX: 650.0, U3: 638.0, Depth: 850.0
[2025-12-04 15:56:10] Computing Pauli decomposition
[2025-12-04 15:56:19] Pauli - CX: 968.0, U3: 840.0, Depth: 1397.0
[2025-12-04 15:56:19] Analysis completed in 9.46s - Category: win
[2025-12-04 15:56:19] Successfully processed graph 5 - Category: win - Time: 9.46s
[2025-12-04 15:56:19] 
Processing graph 6/200
[2025-12-04 15:56:19] Graph 6 has 128 nodes and 128 edges
[2025-12-04 15:56:19] Converted to 128 bitstring edges
[2025-12-04 15:56:19] Computing Matchings Dynamic walk
[2025-12-04 15:56:19] Matchings - CX: 230.0, U3: 231.0, Depth: 310.0
[2025-12-04 15:56:19] Computing Pauli decomposition
[2025-12-04 15:56:29] Pauli - CX: 963.0, U3: 934.0, Depth: 1421.0
[2025-12-04 15:56:29] Analysis completed in 9.64s - Category: win
[2025-12-04 15:56:29] Successfully processed graph 6 - Category: win - Time: 9.64s
[2025-12-04 15:56:29] 
Processing graph 7/200
[2025-12-04 15:56:29] Graph 7 has 128 nodes and 128 edges
[2025-12-04 15:56:29] Converted to 128 bitstring edges
[2025-12-04 15:56:29] Computing Matchings Dynamic walk
[2025-12-04 15:56:29] Matchings - CX: 230.0, U3: 232.0, Depth: 313.0
[2025-12-04 15:56:29] Computing Pauli decomposition
[2025-12-04 15:56:38] Pauli - CX: 748.0, U3: 944.0, Depth: 1203.0
[2025-12-04 15:56:38] Analysis completed in 9.61s - Category: win
[2025-12-04 15:56:38] Successfully processed graph 7 - Category: win - Time: 9.61s
[2025-12-04 15:56:38] 
Processing graph 8/200
[2025-12-04 15:56:38] Graph 8 has 128 nodes and 128 edges
[2025-12-04 15:56:38] Converted to 128 bitstring edges
[2025-12-04 15:56:38] Computing Matchings Dynamic walk
[2025-12-04 15:56:38] Matchings - CX: 230.0, U3: 233.0, Depth: 313.0
[2025-12-04 15:56:38] Computing Pauli decomposition
[2025-12-04 15:56:47] Pauli - CX: 921.0, U3: 783.0, Depth: 1320.0
[2025-12-04 15:56:47] Analysis completed in 9.10s - Category: win
[2025-12-04 15:56:47] Successfully processed graph 8 - Category: win - Time: 9.10s
[2025-12-04 15:56:47] 
Processing graph 9/200
[2025-12-04 15:56:47] Graph 9 has 128 nodes and 128 edges
[2025-12-04 15:56:47] Converted to 128 bitstring edges
[2025-12-04 15:56:47] Computing Matchings Dynamic walk
[2025-12-04 15:56:47] Matchings - CX: 669.0, U3: 666.0, Depth: 881.0
[2025-12-04 15:56:47] Computing Pauli decomposition
[2025-12-04 15:56:57] Pauli - CX: 744.0, U3: 958.0, Depth: 1205.0
[2025-12-04 15:56:57] Analysis completed in 9.79s - Category: win
[2025-12-04 15:56:57] Successfully processed graph 9 - Category: win - Time: 9.79s
[2025-12-04 15:56:57] 
Processing graph 10/200
[2025-12-04 15:56:57] Graph 10 has 128 nodes and 128 edges
[2025-12-04 15:56:57] Converted to 128 bitstring edges
[2025-12-04 15:56:57] Computing Matchings Dynamic walk
[2025-12-04 15:56:57] Matchings - CX: 230.0, U3: 232.0, Depth: 313.0
[2025-12-04 15:56:57] Computing Pauli decomposition
[2025-12-04 15:57:07] Pauli - CX: 843.0, U3: 979.0, Depth: 1305.0
[2025-12-04 15:57:07] Analysis completed in 9.42s - Category: win
[2025-12-04 15:57:07] Successfully processed graph 10 - Category: win - Time: 9.42s
[2025-12-04 15:57:07] 
Processing graph 11/200
[2025-12-04 15:57:07] Graph 11 has 128 nodes and 128 edges
[2025-12-04 15:57:07] Converted to 128 bitstring edges
[2025-12-04 15:57:07] Computing Matchings Dynamic walk
[2025-12-04 15:57:07] Matchings - CX: 232.0, U3: 233.0, Depth: 314.0
[2025-12-04 15:57:07] Computing Pauli decomposition
[2025-12-04 15:57:16] Pauli - CX: 840.0, U3: 796.0, Depth: 1242.0
[2025-12-04 15:57:16] Analysis completed in 9.35s - Category: win
[2025-12-04 15:57:16] Successfully processed graph 11 - Category: win - Time: 9.35s
[2025-12-04 15:57:16] 
Processing graph 12/200
[2025-12-04 15:57:16] Graph 12 has 128 nodes and 128 edges
[2025-12-04 15:57:16] Converted to 128 bitstring edges
[2025-12-04 15:57:16] Computing Matchings Dynamic walk
[2025-12-04 15:57:16] Matchings - CX: 230.0, U3: 232.0, Depth: 312.0
[2025-12-04 15:57:16] Computing Pauli decomposition
[2025-12-04 15:57:25] Pauli - CX: 736.0, U3: 935.0, Depth: 1186.0
[2025-12-04 15:57:25] Analysis completed in 9.23s - Category: win
[2025-12-04 15:57:25] Successfully processed graph 12 - Category: win - Time: 9.23s
[2025-12-04 15:57:25] 
Processing graph 13/200
[2025-12-04 15:57:25] Graph 13 has 128 nodes and 128 edges
[2025-12-04 15:57:25] Converted to 128 bitstring edges
[2025-12-04 15:57:25] Computing Matchings Dynamic walk
[2025-12-04 15:57:25] Matchings - CX: 572.0, U3: 573.0, Depth: 750.0
[2025-12-04 15:57:25] Computing Pauli decomposition
[2025-12-04 15:57:34] Pauli - CX: 801.0, U3: 784.0, Depth: 1198.0
[2025-12-04 15:57:34] Analysis completed in 9.12s - Category: win
[2025-12-04 15:57:34] Successfully processed graph 13 - Category: win - Time: 9.12s
[2025-12-04 15:57:34] 
Processing graph 14/200
[2025-12-04 15:57:34] Graph 14 has 128 nodes and 128 edges
[2025-12-04 15:57:34] Converted to 128 bitstring edges
[2025-12-04 15:57:34] Computing Matchings Dynamic walk
[2025-12-04 15:57:34] Matchings - CX: 236.0, U3: 236.0, Depth: 316.0
[2025-12-04 15:57:34] Computing Pauli decomposition
[2025-12-04 15:57:44] Pauli - CX: 688.0, U3: 900.0, Depth: 1123.0
[2025-12-04 15:57:44] Analysis completed in 9.46s - Category: win
[2025-12-04 15:57:44] Successfully processed graph 14 - Category: win - Time: 9.46s
[2025-12-04 15:57:44] 
Processing graph 15/200
[2025-12-04 15:57:44] Graph 15 has 128 nodes and 128 edges
[2025-12-04 15:57:44] Converted to 128 bitstring edges
[2025-12-04 15:57:44] Computing Matchings Dynamic walk
[2025-12-04 15:57:44] Matchings - CX: 655.0, U3: 667.0, Depth: 857.0
[2025-12-04 15:57:44] Computing Pauli decomposition
[2025-12-04 15:57:54] Pauli - CX: 927.0, U3: 939.0, Depth: 1380.0
[2025-12-04 15:57:54] Analysis completed in 9.93s - Category: win
[2025-12-04 15:57:54] Successfully processed graph 15 - Category: win - Time: 9.93s
[2025-12-04 15:57:54] 
Processing graph 16/200
[2025-12-04 15:57:54] Graph 16 has 128 nodes and 129 edges
[2025-12-04 15:57:54] Converted to 129 bitstring edges
[2025-12-04 15:57:54] Computing Matchings Dynamic walk
[2025-12-04 15:57:54] Matchings - CX: 644.0, U3: 631.0, Depth: 860.0
[2025-12-04 15:57:54] Computing Pauli decomposition
[2025-12-04 15:58:04] Pauli - CX: 860.0, U3: 1066.0, Depth: 1391.0
[2025-12-04 15:58:04] Analysis completed in 10.15s - Category: win
[2025-12-04 15:58:04] Successfully processed graph 16 - Category: win - Time: 10.15s
[2025-12-04 15:58:04] 
Processing graph 17/200
[2025-12-04 15:58:04] Graph 17 has 128 nodes and 129 edges
[2025-12-04 15:58:04] Converted to 129 bitstring edges
[2025-12-04 15:58:04] Computing Matchings Dynamic walk
[2025-12-04 15:58:04] Matchings - CX: 302.0, U3: 297.0, Depth: 399.0
[2025-12-04 15:58:04] Computing Pauli decomposition
[2025-12-04 15:58:13] Pauli - CX: 1037.0, U3: 1362.0, Depth: 1671.0
[2025-12-04 15:58:13] Analysis completed in 9.33s - Category: win
[2025-12-04 15:58:13] Successfully processed graph 17 - Category: win - Time: 9.33s
[2025-12-04 15:58:13] 
Processing graph 18/200
[2025-12-04 15:58:13] Graph 18 has 128 nodes and 129 edges
[2025-12-04 15:58:13] Converted to 129 bitstring edges
[2025-12-04 15:58:13] Computing Matchings Dynamic walk
[2025-12-04 15:58:13] Matchings - CX: 443.0, U3: 440.0, Depth: 611.0
[2025-12-04 15:58:13] Computing Pauli decomposition
[2025-12-04 15:58:23] Pauli - CX: 1228.0, U3: 1155.0, Depth: 1780.0
[2025-12-04 15:58:23] Analysis completed in 9.40s - Category: win
[2025-12-04 15:58:23] Successfully processed graph 18 - Category: win - Time: 9.40s
[2025-12-04 15:58:23] 
Processing graph 19/200
[2025-12-04 15:58:23] Graph 19 has 128 nodes and 129 edges
[2025-12-04 15:58:23] Converted to 129 bitstring edges
[2025-12-04 15:58:23] Computing Matchings Dynamic walk
[2025-12-04 15:58:23] Matchings - CX: 712.0, U3: 709.0, Depth: 959.0
[2025-12-04 15:58:23] Computing Pauli decomposition
[2025-12-04 15:58:32] Pauli - CX: 1055.0, U3: 1182.0, Depth: 1632.0
[2025-12-04 15:58:32] Analysis completed in 9.83s - Category: win
[2025-12-04 15:58:32] Successfully processed graph 19 - Category: win - Time: 9.83s
[2025-12-04 15:58:32] 
Processing graph 20/200
[2025-12-04 15:58:32] Graph 20 has 128 nodes and 129 edges
[2025-12-04 15:58:32] Converted to 129 bitstring edges
[2025-12-04 15:58:32] Computing Matchings Dynamic walk
[2025-12-04 15:58:32] Matchings - CX: 292.0, U3: 296.0, Depth: 387.0
[2025-12-04 15:58:32] Computing Pauli decomposition
[2025-12-04 15:58:43] Pauli - CX: 870.0, U3: 1068.0, Depth: 1405.0
[2025-12-04 15:58:43] Analysis completed in 10.28s - Category: win
[2025-12-04 15:58:43] Successfully processed graph 20 - Category: win - Time: 10.28s
[2025-12-04 15:58:43] 
Processing graph 21/200
[2025-12-04 15:58:43] Graph 21 has 128 nodes and 129 edges
[2025-12-04 15:58:43] Converted to 129 bitstring edges
[2025-12-04 15:58:43] Computing Matchings Dynamic walk
[2025-12-04 15:58:43] Matchings - CX: 636.0, U3: 625.0, Depth: 826.0
[2025-12-04 15:58:43] Computing Pauli decomposition
[2025-12-04 15:58:53] Pauli - CX: 892.0, U3: 1096.0, Depth: 1439.0
[2025-12-04 15:58:53] Analysis completed in 10.30s - Category: win
[2025-12-04 15:58:53] Successfully processed graph 21 - Category: win - Time: 10.30s
[2025-12-04 15:58:53] 
Processing graph 22/200
[2025-12-04 15:58:53] Graph 22 has 128 nodes and 129 edges
[2025-12-04 15:58:53] Converted to 129 bitstring edges
[2025-12-04 15:58:53] Computing Matchings Dynamic walk
[2025-12-04 15:58:53] Matchings - CX: 302.0, U3: 294.0, Depth: 399.0
[2025-12-04 15:58:53] Computing Pauli decomposition
[2025-12-04 15:59:02] Pauli - CX: 1089.0, U3: 1356.0, Depth: 1729.0
[2025-12-04 15:59:02] Analysis completed in 9.02s - Category: win
[2025-12-04 15:59:02] Successfully processed graph 22 - Category: win - Time: 9.02s
[2025-12-04 15:59:02] 
Processing graph 23/200
[2025-12-04 15:59:02] Graph 23 has 128 nodes and 129 edges
[2025-12-04 15:59:02] Converted to 129 bitstring edges
[2025-12-04 15:59:02] Computing Matchings Dynamic walk
[2025-12-04 15:59:02] Matchings - CX: 682.0, U3: 694.0, Depth: 911.0
[2025-12-04 15:59:02] Computing Pauli decomposition
[2025-12-04 15:59:12] Pauli - CX: 791.0, U3: 1089.0, Depth: 1306.0
[2025-12-04 15:59:12] Analysis completed in 9.77s - Category: win
[2025-12-04 15:59:12] Successfully processed graph 23 - Category: win - Time: 9.77s
[2025-12-04 15:59:12] 
Processing graph 24/200
[2025-12-04 15:59:12] Graph 24 has 128 nodes and 129 edges
[2025-12-04 15:59:12] Converted to 129 bitstring edges
[2025-12-04 15:59:12] Computing Matchings Dynamic walk
[2025-12-04 15:59:12] Matchings - CX: 286.0, U3: 293.0, Depth: 388.0
[2025-12-04 15:59:12] Computing Pauli decomposition
[2025-12-04 15:59:23] Pauli - CX: 877.0, U3: 1129.0, Depth: 1431.0
[2025-12-04 15:59:23] Analysis completed in 10.80s - Category: win
[2025-12-04 15:59:23] Successfully processed graph 24 - Category: win - Time: 10.80s
[2025-12-04 15:59:23] 
Processing graph 25/200
[2025-12-04 15:59:23] Graph 25 has 128 nodes and 129 edges
[2025-12-04 15:59:23] Converted to 129 bitstring edges
[2025-12-04 15:59:23] Computing Matchings Dynamic walk
[2025-12-04 15:59:23] Matchings - CX: 802.0, U3: 799.0, Depth: 1073.0
[2025-12-04 15:59:23] Computing Pauli decomposition
[2025-12-04 15:59:33] Pauli - CX: 946.0, U3: 1086.0, Depth: 1469.0
[2025-12-04 15:59:33] Analysis completed in 9.89s - Category: win
[2025-12-04 15:59:33] Successfully processed graph 25 - Category: win - Time: 9.89s
[2025-12-04 15:59:33] 
Processing graph 26/200
[2025-12-04 15:59:33] Graph 26 has 128 nodes and 129 edges
[2025-12-04 15:59:33] Converted to 129 bitstring edges
[2025-12-04 15:59:33] Computing Matchings Dynamic walk
[2025-12-04 15:59:33] Matchings - CX: 808.0, U3: 823.0, Depth: 1075.0
[2025-12-04 15:59:33] Computing Pauli decomposition
[2025-12-04 15:59:42] Pauli - CX: 1057.0, U3: 1230.0, Depth: 1650.0
[2025-12-04 15:59:42] Analysis completed in 9.37s - Category: win
[2025-12-04 15:59:42] Successfully processed graph 26 - Category: win - Time: 9.37s
[2025-12-04 15:59:42] 
Processing graph 27/200
[2025-12-04 15:59:42] Graph 27 has 128 nodes and 129 edges
[2025-12-04 15:59:42] Converted to 129 bitstring edges
[2025-12-04 15:59:42] Computing Matchings Dynamic walk
[2025-12-04 15:59:42] Matchings - CX: 798.0, U3: 796.0, Depth: 1046.0
[2025-12-04 15:59:42] Computing Pauli decomposition
[2025-12-04 15:59:51] Pauli - CX: 1096.0, U3: 1424.0, Depth: 1762.0
[2025-12-04 15:59:51] Analysis completed in 9.42s - Category: win
[2025-12-04 15:59:51] Successfully processed graph 27 - Category: win - Time: 9.42s
[2025-12-04 15:59:51] 
Processing graph 28/200
[2025-12-04 15:59:51] Graph 28 has 128 nodes and 129 edges
[2025-12-04 15:59:51] Converted to 129 bitstring edges
[2025-12-04 15:59:51] Computing Matchings Dynamic walk
[2025-12-04 15:59:51] Matchings - CX: 719.0, U3: 729.0, Depth: 946.0
[2025-12-04 15:59:51] Computing Pauli decomposition
[2025-12-04 16:00:01] Pauli - CX: 1007.0, U3: 1123.0, Depth: 1555.0
[2025-12-04 16:00:01] Analysis completed in 9.97s - Category: win
[2025-12-04 16:00:01] Successfully processed graph 28 - Category: win - Time: 9.97s
[2025-12-04 16:00:01] 
Processing graph 29/200
[2025-12-04 16:00:01] Graph 29 has 128 nodes and 129 edges
[2025-12-04 16:00:01] Converted to 129 bitstring edges
[2025-12-04 16:00:01] Computing Matchings Dynamic walk
[2025-12-04 16:00:01] Matchings - CX: 288.0, U3: 291.0, Depth: 389.0
[2025-12-04 16:00:01] Computing Pauli decomposition
[2025-12-04 16:00:11] Pauli - CX: 898.0, U3: 1129.0, Depth: 1451.0
[2025-12-04 16:00:11] Analysis completed in 9.97s - Category: win
[2025-12-04 16:00:11] Successfully processed graph 29 - Category: win - Time: 9.97s
[2025-12-04 16:00:11] 
Processing graph 30/200
[2025-12-04 16:00:11] Graph 30 has 128 nodes and 129 edges
[2025-12-04 16:00:11] Converted to 129 bitstring edges
[2025-12-04 16:00:11] Computing Matchings Dynamic walk
[2025-12-04 16:00:11] Matchings - CX: 524.0, U3: 536.0, Depth: 657.0
[2025-12-04 16:00:11] Computing Pauli decomposition
[2025-12-04 16:00:21] Pauli - CX: 1135.0, U3: 1040.0, Depth: 1671.0
[2025-12-04 16:00:21] Analysis completed in 10.18s - Category: win
[2025-12-04 16:00:21] Successfully processed graph 30 - Category: win - Time: 10.18s
[2025-12-04 16:00:21] 
Processing graph 31/200
[2025-12-04 16:00:21] Graph 31 has 128 nodes and 129 edges
[2025-12-04 16:00:21] Converted to 129 bitstring edges
[2025-12-04 16:00:21] Computing Matchings Dynamic walk
[2025-12-04 16:00:22] Matchings - CX: 298.0, U3: 294.0, Depth: 395.0
[2025-12-04 16:00:22] Computing Pauli decomposition
[2025-12-04 16:00:31] Pauli - CX: 988.0, U3: 1228.0, Depth: 1580.0
[2025-12-04 16:00:31] Analysis completed in 9.41s - Category: win
[2025-12-04 16:00:31] Successfully processed graph 31 - Category: win - Time: 9.41s
[2025-12-04 16:00:31] 
Processing graph 32/200
[2025-12-04 16:00:31] Graph 32 has 128 nodes and 129 edges
[2025-12-04 16:00:31] Converted to 129 bitstring edges
[2025-12-04 16:00:31] Computing Matchings Dynamic walk
[2025-12-04 16:00:31] Matchings - CX: 286.0, U3: 290.0, Depth: 387.0
[2025-12-04 16:00:31] Computing Pauli decomposition
[2025-12-04 16:00:41] Pauli - CX: 951.0, U3: 1104.0, Depth: 1494.0
[2025-12-04 16:00:41] Analysis completed in 10.07s - Category: win
[2025-12-04 16:00:41] Successfully processed graph 32 - Category: win - Time: 10.07s
[2025-12-04 16:00:41] 
Processing graph 33/200
[2025-12-04 16:00:41] Graph 33 has 128 nodes and 129 edges
[2025-12-04 16:00:41] Converted to 129 bitstring edges
[2025-12-04 16:00:41] Computing Matchings Dynamic walk
[2025-12-04 16:00:41] Matchings - CX: 715.0, U3: 708.0, Depth: 967.0
[2025-12-04 16:00:41] Computing Pauli decomposition
[2025-12-04 16:00:51] Pauli - CX: 1187.0, U3: 932.0, Depth: 1682.0
[2025-12-04 16:00:51] Analysis completed in 10.11s - Category: win
[2025-12-04 16:00:51] Successfully processed graph 33 - Category: win - Time: 10.11s
[2025-12-04 16:00:51] 
Processing graph 34/200
[2025-12-04 16:00:51] Graph 34 has 128 nodes and 129 edges
[2025-12-04 16:00:51] Converted to 129 bitstring edges
[2025-12-04 16:00:51] Computing Matchings Dynamic walk
[2025-12-04 16:00:51] Matchings - CX: 715.0, U3: 711.0, Depth: 961.0
[2025-12-04 16:00:51] Computing Pauli decomposition
[2025-12-04 16:01:01] Pauli - CX: 900.0, U3: 1095.0, Depth: 1436.0
[2025-12-04 16:01:01] Analysis completed in 9.53s - Category: win
[2025-12-04 16:01:01] Successfully processed graph 34 - Category: win - Time: 9.53s
[2025-12-04 16:01:01] 
Processing graph 35/200
[2025-12-04 16:01:01] Graph 35 has 128 nodes and 129 edges
[2025-12-04 16:01:01] Converted to 129 bitstring edges
[2025-12-04 16:01:01] Computing Matchings Dynamic walk
[2025-12-04 16:01:01] Matchings - CX: 296.0, U3: 289.0, Depth: 395.0
[2025-12-04 16:01:01] Computing Pauli decomposition
[2025-12-04 16:01:10] Pauli - CX: 1176.0, U3: 997.0, Depth: 1698.0
[2025-12-04 16:01:10] Analysis completed in 9.33s - Category: win
[2025-12-04 16:01:10] Successfully processed graph 35 - Category: win - Time: 9.33s
[2025-12-04 16:01:10] 
Processing graph 36/200
[2025-12-04 16:01:10] Graph 36 has 128 nodes and 129 edges
[2025-12-04 16:01:10] Converted to 129 bitstring edges
[2025-12-04 16:01:10] Computing Matchings Dynamic walk
[2025-12-04 16:01:10] Matchings - CX: 294.0, U3: 292.0, Depth: 396.0
[2025-12-04 16:01:10] Computing Pauli decomposition
[2025-12-04 16:01:19] Pauli - CX: 1111.0, U3: 1192.0, Depth: 1679.0
[2025-12-04 16:01:19] Analysis completed in 9.41s - Category: win
[2025-12-04 16:01:19] Successfully processed graph 36 - Category: win - Time: 9.41s
[2025-12-04 16:01:19] 
Processing graph 37/200
[2025-12-04 16:01:19] Graph 37 has 128 nodes and 129 edges
[2025-12-04 16:01:19] Converted to 129 bitstring edges
[2025-12-04 16:01:19] Computing Matchings Dynamic walk
[2025-12-04 16:01:19] Matchings - CX: 680.0, U3: 688.0, Depth: 911.0
[2025-12-04 16:01:19] Computing Pauli decomposition
[2025-12-04 16:01:28] Pauli - CX: 1172.0, U3: 1106.0, Depth: 1723.0
[2025-12-04 16:01:28] Analysis completed in 9.11s - Category: win
[2025-12-04 16:01:28] Successfully processed graph 37 - Category: win - Time: 9.11s
[2025-12-04 16:01:28] 
Processing graph 38/200
[2025-12-04 16:01:28] Graph 38 has 128 nodes and 129 edges
[2025-12-04 16:01:28] Converted to 129 bitstring edges
[2025-12-04 16:01:28] Computing Matchings Dynamic walk
[2025-12-04 16:01:29] Matchings - CX: 710.0, U3: 699.0, Depth: 944.0
[2025-12-04 16:01:29] Computing Pauli decomposition
[2025-12-04 16:01:39] Pauli - CX: 1155.0, U3: 1104.0, Depth: 1709.0
[2025-12-04 16:01:39] Analysis completed in 10.27s - Category: win
[2025-12-04 16:01:39] Successfully processed graph 38 - Category: win - Time: 10.27s
[2025-12-04 16:01:39] 
Processing graph 39/200
[2025-12-04 16:01:39] Graph 39 has 128 nodes and 129 edges
[2025-12-04 16:01:39] Converted to 129 bitstring edges
[2025-12-04 16:01:39] Computing Matchings Dynamic walk
[2025-12-04 16:01:39] Matchings - CX: 717.0, U3: 713.0, Depth: 951.0
[2025-12-04 16:01:39] Computing Pauli decomposition
[2025-12-04 16:01:48] Pauli - CX: 916.0, U3: 1172.0, Depth: 1486.0
[2025-12-04 16:01:48] Analysis completed in 9.24s - Category: win
[2025-12-04 16:01:48] Successfully processed graph 39 - Category: win - Time: 9.24s
[2025-12-04 16:01:48] 
Processing graph 40/200
[2025-12-04 16:01:48] Graph 40 has 128 nodes and 129 edges
[2025-12-04 16:01:48] Converted to 129 bitstring edges
[2025-12-04 16:01:48] Computing Matchings Dynamic walk
[2025-12-04 16:01:48] Matchings - CX: 705.0, U3: 705.0, Depth: 949.0
[2025-12-04 16:01:48] Computing Pauli decomposition
[2025-12-04 16:01:57] Pauli - CX: 1200.0, U3: 1047.0, Depth: 1729.0
[2025-12-04 16:01:57] Analysis completed in 9.51s - Category: win
[2025-12-04 16:01:57] Successfully processed graph 40 - Category: win - Time: 9.51s
[2025-12-04 16:01:58] 
Processing graph 41/200
[2025-12-04 16:01:58] Graph 41 has 128 nodes and 129 edges
[2025-12-04 16:01:58] Converted to 129 bitstring edges
[2025-12-04 16:01:58] Computing Matchings Dynamic walk
[2025-12-04 16:01:58] Matchings - CX: 765.0, U3: 754.0, Depth: 1019.0
[2025-12-04 16:01:58] Computing Pauli decomposition
[2025-12-04 16:02:07] Pauli - CX: 1117.0, U3: 1120.0, Depth: 1662.0
[2025-12-04 16:02:07] Analysis completed in 9.35s - Category: win
[2025-12-04 16:02:07] Successfully processed graph 41 - Category: win - Time: 9.35s
[2025-12-04 16:02:07] 
Processing graph 42/200
[2025-12-04 16:02:07] Graph 42 has 128 nodes and 129 edges
[2025-12-04 16:02:07] Converted to 129 bitstring edges
[2025-12-04 16:02:07] Computing Matchings Dynamic walk
[2025-12-04 16:02:07] Matchings - CX: 300.0, U3: 295.0, Depth: 399.0
[2025-12-04 16:02:07] Computing Pauli decomposition
[2025-12-04 16:02:16] Pauli - CX: 1257.0, U3: 1054.0, Depth: 1796.0
[2025-12-04 16:02:16] Analysis completed in 9.27s - Category: win
[2025-12-04 16:02:16] Successfully processed graph 42 - Category: win - Time: 9.27s
[2025-12-04 16:02:16] 
Processing graph 43/200
[2025-12-04 16:02:16] Graph 43 has 128 nodes and 129 edges
[2025-12-04 16:02:16] Converted to 129 bitstring edges
[2025-12-04 16:02:16] Computing Matchings Dynamic walk
[2025-12-04 16:02:16] Matchings - CX: 587.0, U3: 573.0, Depth: 769.0
[2025-12-04 16:02:16] Computing Pauli decomposition
[2025-12-04 16:02:25] Pauli - CX: 1017.0, U3: 1292.0, Depth: 1620.0
[2025-12-04 16:02:25] Analysis completed in 9.12s - Category: win
[2025-12-04 16:02:25] Successfully processed graph 43 - Category: win - Time: 9.12s
[2025-12-04 16:02:25] 
Processing graph 44/200
[2025-12-04 16:02:25] Graph 44 has 128 nodes and 129 edges
[2025-12-04 16:02:25] Converted to 129 bitstring edges
[2025-12-04 16:02:25] Computing Matchings Dynamic walk
[2025-12-04 16:02:25] Matchings - CX: 298.0, U3: 296.0, Depth: 394.0
[2025-12-04 16:02:25] Computing Pauli decomposition
[2025-12-04 16:02:35] Pauli - CX: 1000.0, U3: 1271.0, Depth: 1597.0
[2025-12-04 16:02:35] Analysis completed in 9.95s - Category: win
[2025-12-04 16:02:35] Successfully processed graph 44 - Category: win - Time: 9.95s
[2025-12-04 16:02:35] 
Processing graph 45/200
[2025-12-04 16:02:35] Graph 45 has 128 nodes and 129 edges
[2025-12-04 16:02:35] Converted to 129 bitstring edges
[2025-12-04 16:02:35] Computing Matchings Dynamic walk
[2025-12-04 16:02:35] Matchings - CX: 515.0, U3: 516.0, Depth: 701.0
[2025-12-04 16:02:35] Computing Pauli decomposition
[2025-12-04 16:02:45] Pauli - CX: 984.0, U3: 1262.0, Depth: 1583.0
[2025-12-04 16:02:45] Analysis completed in 9.42s - Category: win
[2025-12-04 16:02:45] Successfully processed graph 45 - Category: win - Time: 9.42s
[2025-12-04 16:02:45] 
Processing graph 46/200
[2025-12-04 16:02:45] Graph 46 has 128 nodes and 129 edges
[2025-12-04 16:02:45] Converted to 129 bitstring edges
[2025-12-04 16:02:45] Computing Matchings Dynamic walk
[2025-12-04 16:02:45] Matchings - CX: 706.0, U3: 704.0, Depth: 927.0
[2025-12-04 16:02:45] Computing Pauli decomposition
[2025-12-04 16:02:54] Pauli - CX: 1079.0, U3: 1358.0, Depth: 1718.0
[2025-12-04 16:02:54] Analysis completed in 9.33s - Category: win
[2025-12-04 16:02:54] Successfully processed graph 46 - Category: win - Time: 9.33s
[2025-12-04 16:02:54] 
Processing graph 47/200
[2025-12-04 16:02:54] Graph 47 has 128 nodes and 129 edges
[2025-12-04 16:02:54] Converted to 129 bitstring edges
[2025-12-04 16:02:54] Computing Matchings Dynamic walk
[2025-12-04 16:02:54] Matchings - CX: 1030.0, U3: 1030.0, Depth: 1337.0
[2025-12-04 16:02:54] Computing Pauli decomposition
[2025-12-04 16:03:04] Pauli - CX: 980.0, U3: 1144.0, Depth: 1545.0
[2025-12-04 16:03:04] Analysis completed in 9.84s - Category: lose
[2025-12-04 16:03:04] Successfully processed graph 47 - Category: lose - Time: 9.84s
[2025-12-04 16:03:04] 
Processing graph 48/200
[2025-12-04 16:03:04] Graph 48 has 128 nodes and 129 edges
[2025-12-04 16:03:04] Converted to 129 bitstring edges
[2025-12-04 16:03:04] Computing Matchings Dynamic walk
[2025-12-04 16:03:04] Matchings - CX: 1163.0, U3: 1195.0, Depth: 1563.0
[2025-12-04 16:03:04] Computing Pauli decomposition
[2025-12-04 16:03:14] Pauli - CX: 807.0, U3: 1128.0, Depth: 1329.0
[2025-12-04 16:03:14] Analysis completed in 9.89s - Category: lose
[2025-12-04 16:03:14] Successfully processed graph 48 - Category: lose - Time: 9.89s
[2025-12-04 16:03:14] 
Processing graph 49/200
[2025-12-04 16:03:14] Graph 49 has 128 nodes and 129 edges
[2025-12-04 16:03:14] Converted to 129 bitstring edges
[2025-12-04 16:03:14] Computing Matchings Dynamic walk
[2025-12-04 16:03:14] Matchings - CX: 296.0, U3: 293.0, Depth: 394.0
[2025-12-04 16:03:14] Computing Pauli decomposition
[2025-12-04 16:03:24] Pauli - CX: 1108.0, U3: 978.0, Depth: 1619.0
[2025-12-04 16:03:24] Analysis completed in 9.86s - Category: win
[2025-12-04 16:03:24] Successfully processed graph 49 - Category: win - Time: 9.86s
[2025-12-04 16:03:24] 
Processing graph 50/200
[2025-12-04 16:03:24] Graph 50 has 128 nodes and 129 edges
[2025-12-04 16:03:24] Converted to 129 bitstring edges
[2025-12-04 16:03:24] Computing Matchings Dynamic walk
[2025-12-04 16:03:24] Matchings - CX: 294.0, U3: 291.0, Depth: 394.0
[2025-12-04 16:03:24] Computing Pauli decomposition
[2025-12-04 16:03:33] Pauli - CX: 1016.0, U3: 1256.0, Depth: 1614.0
[2025-12-04 16:03:33] Analysis completed in 9.49s - Category: win
[2025-12-04 16:03:33] Successfully processed graph 50 - Category: win - Time: 9.49s
[2025-12-04 16:03:33] 
Processing graph 51/200
[2025-12-04 16:03:33] Graph 51 has 128 nodes and 129 edges
[2025-12-04 16:03:33] Converted to 129 bitstring edges
[2025-12-04 16:03:33] Computing Matchings Dynamic walk
[2025-12-04 16:03:33] Matchings - CX: 744.0, U3: 740.0, Depth: 983.0
[2025-12-04 16:03:33] Computing Pauli decomposition
[2025-12-04 16:03:43] Pauli - CX: 1249.0, U3: 1110.0, Depth: 1805.0
[2025-12-04 16:03:43] Analysis completed in 9.99s - Category: win
[2025-12-04 16:03:43] Successfully processed graph 51 - Category: win - Time: 9.99s
[2025-12-04 16:03:43] 
Processing graph 52/200
[2025-12-04 16:03:43] Graph 52 has 128 nodes and 129 edges
[2025-12-04 16:03:43] Converted to 129 bitstring edges
[2025-12-04 16:03:43] Computing Matchings Dynamic walk
[2025-12-04 16:03:43] Matchings - CX: 296.0, U3: 294.0, Depth: 393.0
[2025-12-04 16:03:43] Computing Pauli decomposition
[2025-12-04 16:03:52] Pauli - CX: 1039.0, U3: 1237.0, Depth: 1632.0
[2025-12-04 16:03:52] Analysis completed in 9.23s - Category: win
[2025-12-04 16:03:52] Successfully processed graph 52 - Category: win - Time: 9.23s
[2025-12-04 16:03:52] 
Processing graph 53/200
[2025-12-04 16:03:52] Graph 53 has 128 nodes and 129 edges
[2025-12-04 16:03:52] Converted to 129 bitstring edges
[2025-12-04 16:03:52] Computing Matchings Dynamic walk
[2025-12-04 16:03:52] Matchings - CX: 422.0, U3: 428.0, Depth: 543.0
[2025-12-04 16:03:52] Computing Pauli decomposition
[2025-12-04 16:04:02] Pauli - CX: 1199.0, U3: 1123.0, Depth: 1760.0
[2025-12-04 16:04:02] Analysis completed in 9.43s - Category: win
[2025-12-04 16:04:02] Successfully processed graph 53 - Category: win - Time: 9.43s
[2025-12-04 16:04:02] 
Processing graph 54/200
[2025-12-04 16:04:02] Graph 54 has 128 nodes and 129 edges
[2025-12-04 16:04:02] Converted to 129 bitstring edges
[2025-12-04 16:04:02] Computing Matchings Dynamic walk
[2025-12-04 16:04:02] Matchings - CX: 296.0, U3: 291.0, Depth: 394.0
[2025-12-04 16:04:02] Computing Pauli decomposition
[2025-12-04 16:04:12] Pauli - CX: 934.0, U3: 1208.0, Depth: 1515.0
[2025-12-04 16:04:12] Analysis completed in 9.90s - Category: win
[2025-12-04 16:04:12] Successfully processed graph 54 - Category: win - Time: 9.90s
[2025-12-04 16:04:12] 
Processing graph 55/200
[2025-12-04 16:04:12] Graph 55 has 128 nodes and 129 edges
[2025-12-04 16:04:12] Converted to 129 bitstring edges
[2025-12-04 16:04:12] Computing Matchings Dynamic walk
[2025-12-04 16:04:12] Matchings - CX: 298.0, U3: 296.0, Depth: 397.0
[2025-12-04 16:04:12] Computing Pauli decomposition
[2025-12-04 16:04:21] Pauli - CX: 1044.0, U3: 1272.0, Depth: 1647.0
[2025-12-04 16:04:21] Analysis completed in 9.72s - Category: win
[2025-12-04 16:04:21] Successfully processed graph 55 - Category: win - Time: 9.72s
[2025-12-04 16:04:21] 
Processing graph 56/200
[2025-12-04 16:04:21] Graph 56 has 128 nodes and 129 edges
[2025-12-04 16:04:21] Converted to 129 bitstring edges
[2025-12-04 16:04:21] Computing Matchings Dynamic walk
[2025-12-04 16:04:21] Matchings - CX: 711.0, U3: 716.0, Depth: 924.0
[2025-12-04 16:04:21] Computing Pauli decomposition
[2025-12-04 16:04:32] Pauli - CX: 876.0, U3: 1106.0, Depth: 1422.0
[2025-12-04 16:04:32] Analysis completed in 10.40s - Category: win
[2025-12-04 16:04:32] Successfully processed graph 56 - Category: win - Time: 10.40s
[2025-12-04 16:04:32] 
Processing graph 57/200
[2025-12-04 16:04:32] Graph 57 has 128 nodes and 129 edges
[2025-12-04 16:04:32] Converted to 129 bitstring edges
[2025-12-04 16:04:32] Computing Matchings Dynamic walk
[2025-12-04 16:04:32] Matchings - CX: 870.0, U3: 868.0, Depth: 1181.0
[2025-12-04 16:04:32] Computing Pauli decomposition
[2025-12-04 16:04:41] Pauli - CX: 1152.0, U3: 1034.0, Depth: 1678.0
[2025-12-04 16:04:41] Analysis completed in 9.40s - Category: win
[2025-12-04 16:04:41] Successfully processed graph 57 - Category: win - Time: 9.40s
[2025-12-04 16:04:41] 
Processing graph 58/200
[2025-12-04 16:04:41] Graph 58 has 128 nodes and 129 edges
[2025-12-04 16:04:41] Converted to 129 bitstring edges
[2025-12-04 16:04:41] Computing Matchings Dynamic walk
[2025-12-04 16:04:41] Matchings - CX: 292.0, U3: 293.0, Depth: 392.0
[2025-12-04 16:04:41] Computing Pauli decomposition
[2025-12-04 16:04:53] Pauli - CX: 912.0, U3: 1116.0, Depth: 1465.0
[2025-12-04 16:04:53] Analysis completed in 11.62s - Category: win
[2025-12-04 16:04:53] Successfully processed graph 58 - Category: win - Time: 11.62s
[2025-12-04 16:04:53] 
Processing graph 59/200
[2025-12-04 16:04:53] Graph 59 has 128 nodes and 129 edges
[2025-12-04 16:04:53] Converted to 129 bitstring edges
[2025-12-04 16:04:53] Computing Matchings Dynamic walk
[2025-12-04 16:04:53] Matchings - CX: 1039.0, U3: 1040.0, Depth: 1377.0
[2025-12-04 16:04:53] Computing Pauli decomposition
[2025-12-04 16:05:05] Pauli - CX: 856.0, U3: 1053.0, Depth: 1383.0
[2025-12-04 16:05:05] Analysis completed in 12.52s - Category: lose
[2025-12-04 16:05:05] Successfully processed graph 59 - Category: lose - Time: 12.52s
[2025-12-04 16:05:05] 
Processing graph 60/200
[2025-12-04 16:05:05] Graph 60 has 128 nodes and 129 edges
[2025-12-04 16:05:05] Converted to 129 bitstring edges
[2025-12-04 16:05:05] Computing Matchings Dynamic walk
[2025-12-04 16:05:05] Matchings - CX: 294.0, U3: 291.0, Depth: 391.0
[2025-12-04 16:05:05] Computing Pauli decomposition
[2025-12-04 16:05:16] Pauli - CX: 912.0, U3: 1145.0, Depth: 1474.0
[2025-12-04 16:05:16] Analysis completed in 10.23s - Category: win
[2025-12-04 16:05:16] Successfully processed graph 60 - Category: win - Time: 10.23s
[2025-12-04 16:05:16] 
Processing graph 61/200
[2025-12-04 16:05:16] Graph 61 has 128 nodes and 129 edges
[2025-12-04 16:05:16] Converted to 129 bitstring edges
[2025-12-04 16:05:16] Computing Matchings Dynamic walk
[2025-12-04 16:05:16] Matchings - CX: 290.0, U3: 290.0, Depth: 389.0
[2025-12-04 16:05:16] Computing Pauli decomposition
[2025-12-04 16:05:27] Pauli - CX: 864.0, U3: 1105.0, Depth: 1408.0
[2025-12-04 16:05:28] Analysis completed in 11.95s - Category: win
[2025-12-04 16:05:28] Successfully processed graph 61 - Category: win - Time: 11.95s
[2025-12-04 16:05:28] 
Processing graph 62/200
[2025-12-04 16:05:28] Graph 62 has 128 nodes and 129 edges
[2025-12-04 16:05:28] Converted to 129 bitstring edges
[2025-12-04 16:05:28] Computing Matchings Dynamic walk
[2025-12-04 16:05:28] Matchings - CX: 298.0, U3: 294.0, Depth: 395.0
[2025-12-04 16:05:28] Computing Pauli decomposition
[2025-12-04 16:05:39] Pauli - CX: 977.0, U3: 1259.0, Depth: 1579.0
[2025-12-04 16:05:39] Analysis completed in 11.67s - Category: win
[2025-12-04 16:05:39] Successfully processed graph 62 - Category: win - Time: 11.67s
[2025-12-04 16:05:39] 
Processing graph 63/200
[2025-12-04 16:05:39] Graph 63 has 128 nodes and 129 edges
[2025-12-04 16:05:39] Converted to 129 bitstring edges
[2025-12-04 16:05:39] Computing Matchings Dynamic walk
[2025-12-04 16:05:39] Matchings - CX: 294.0, U3: 295.0, Depth: 394.0
[2025-12-04 16:05:39] Computing Pauli decomposition
[2025-12-04 16:05:50] Pauli - CX: 1005.0, U3: 1265.0, Depth: 1606.0
[2025-12-04 16:05:50] Analysis completed in 10.56s - Category: win
[2025-12-04 16:05:50] Successfully processed graph 63 - Category: win - Time: 10.56s
[2025-12-04 16:05:50] 
Processing graph 64/200
[2025-12-04 16:05:50] Graph 64 has 128 nodes and 129 edges
[2025-12-04 16:05:50] Converted to 129 bitstring edges
[2025-12-04 16:05:50] Computing Matchings Dynamic walk
[2025-12-04 16:05:50] Matchings - CX: 448.0, U3: 464.0, Depth: 587.0
[2025-12-04 16:05:50] Computing Pauli decomposition
[2025-12-04 16:06:01] Pauli - CX: 945.0, U3: 1281.0, Depth: 1545.0
[2025-12-04 16:06:01] Analysis completed in 10.79s - Category: win
[2025-12-04 16:06:01] Successfully processed graph 64 - Category: win - Time: 10.79s
[2025-12-04 16:06:01] 
Processing graph 65/200
[2025-12-04 16:06:01] Graph 65 has 128 nodes and 129 edges
[2025-12-04 16:06:01] Converted to 129 bitstring edges
[2025-12-04 16:06:01] Computing Matchings Dynamic walk
[2025-12-04 16:06:01] Matchings - CX: 294.0, U3: 292.0, Depth: 394.0
[2025-12-04 16:06:01] Computing Pauli decomposition
[2025-12-04 16:06:12] Pauli - CX: 1247.0, U3: 1081.0, Depth: 1795.0
[2025-12-04 16:06:12] Analysis completed in 11.89s - Category: win
[2025-12-04 16:06:12] Successfully processed graph 65 - Category: win - Time: 11.89s
[2025-12-04 16:06:12] 
Processing graph 66/200
[2025-12-04 16:06:12] Graph 66 has 128 nodes and 129 edges
[2025-12-04 16:06:12] Converted to 129 bitstring edges
[2025-12-04 16:06:12] Computing Matchings Dynamic walk
[2025-12-04 16:06:12] Matchings - CX: 298.0, U3: 293.0, Depth: 395.0
[2025-12-04 16:06:12] Computing Pauli decomposition
[2025-12-04 16:06:25] Pauli - CX: 1071.0, U3: 1336.0, Depth: 1694.0
[2025-12-04 16:06:25] Analysis completed in 12.27s - Category: win
[2025-12-04 16:06:25] Successfully processed graph 66 - Category: win - Time: 12.27s
[2025-12-04 16:06:25] 
Processing graph 67/200
[2025-12-04 16:06:25] Graph 67 has 128 nodes and 129 edges
[2025-12-04 16:06:25] Converted to 129 bitstring edges
[2025-12-04 16:06:25] Computing Matchings Dynamic walk
[2025-12-04 16:06:25] Matchings - CX: 288.0, U3: 293.0, Depth: 390.0
[2025-12-04 16:06:25] Computing Pauli decomposition
[2025-12-04 16:06:37] Pauli - CX: 920.0, U3: 1151.0, Depth: 1483.0
[2025-12-04 16:06:37] Analysis completed in 12.45s - Category: win
[2025-12-04 16:06:37] Successfully processed graph 67 - Category: win - Time: 12.45s
[2025-12-04 16:06:37] 
Processing graph 68/200
[2025-12-04 16:06:37] Graph 68 has 128 nodes and 129 edges
[2025-12-04 16:06:37] Converted to 129 bitstring edges
[2025-12-04 16:06:37] Computing Matchings Dynamic walk
[2025-12-04 16:06:37] Matchings - CX: 288.0, U3: 292.0, Depth: 386.0
[2025-12-04 16:06:37] Computing Pauli decomposition
[2025-12-04 16:06:49] Pauli - CX: 1198.0, U3: 1096.0, Depth: 1748.0
[2025-12-04 16:06:49] Analysis completed in 12.29s - Category: win
[2025-12-04 16:06:49] Successfully processed graph 68 - Category: win - Time: 12.29s
[2025-12-04 16:06:49] 
Processing graph 69/200
[2025-12-04 16:06:49] Graph 69 has 128 nodes and 130 edges
[2025-12-04 16:06:49] Converted to 130 bitstring edges
[2025-12-04 16:06:49] Computing Matchings Dynamic walk
[2025-12-04 16:06:50] Matchings - CX: 1127.0, U3: 1133.0, Depth: 1497.0
[2025-12-04 16:06:50] Computing Pauli decomposition
[2025-12-04 16:07:01] Pauli - CX: 1075.0, U3: 1311.0, Depth: 1733.0
[2025-12-04 16:07:01] Analysis completed in 11.86s - Category: lose
[2025-12-04 16:07:01] Successfully processed graph 69 - Category: lose - Time: 11.86s
[2025-12-04 16:07:01] 
Processing graph 70/200
[2025-12-04 16:07:01] Graph 70 has 128 nodes and 130 edges
[2025-12-04 16:07:01] Converted to 130 bitstring edges
[2025-12-04 16:07:01] Computing Matchings Dynamic walk
[2025-12-04 16:07:01] Matchings - CX: 1102.0, U3: 1101.0, Depth: 1474.0
[2025-12-04 16:07:01] Computing Pauli decomposition
[2025-12-04 16:07:13] Pauli - CX: 1532.0, U3: 1465.0, Depth: 2245.0
[2025-12-04 16:07:13] Analysis completed in 11.98s - Category: win
[2025-12-04 16:07:13] Successfully processed graph 70 - Category: win - Time: 11.98s
[2025-12-04 16:07:13] 
Processing graph 71/200
[2025-12-04 16:07:13] Graph 71 has 128 nodes and 130 edges
[2025-12-04 16:07:13] Converted to 130 bitstring edges
[2025-12-04 16:07:13] Computing Matchings Dynamic walk
[2025-12-04 16:07:13] Matchings - CX: 580.0, U3: 576.0, Depth: 779.0
[2025-12-04 16:07:13] Computing Pauli decomposition
[2025-12-04 16:07:25] Pauli - CX: 1292.0, U3: 1623.0, Depth: 2055.0
[2025-12-04 16:07:25] Analysis completed in 11.35s - Category: win
[2025-12-04 16:07:25] Successfully processed graph 71 - Category: win - Time: 11.35s
[2025-12-04 16:07:25] 
Processing graph 72/200
[2025-12-04 16:07:25] Graph 72 has 128 nodes and 130 edges
[2025-12-04 16:07:25] Converted to 130 bitstring edges
[2025-12-04 16:07:25] Computing Matchings Dynamic walk
[2025-12-04 16:07:25] Matchings - CX: 362.0, U3: 353.0, Depth: 479.0
[2025-12-04 16:07:25] Computing Pauli decomposition
[2025-12-04 16:07:35] Pauli - CX: 1313.0, U3: 1493.0, Depth: 2027.0
[2025-12-04 16:07:35] Analysis completed in 10.34s - Category: win
[2025-12-04 16:07:35] Successfully processed graph 72 - Category: win - Time: 10.34s
[2025-12-04 16:07:35] 
Processing graph 73/200
[2025-12-04 16:07:35] Graph 73 has 128 nodes and 130 edges
[2025-12-04 16:07:35] Converted to 130 bitstring edges
[2025-12-04 16:07:35] Computing Matchings Dynamic walk
[2025-12-04 16:07:35] Matchings - CX: 344.0, U3: 351.0, Depth: 454.0
[2025-12-04 16:07:35] Computing Pauli decomposition
[2025-12-04 16:07:47] Pauli - CX: 1290.0, U3: 1534.0, Depth: 2027.0
[2025-12-04 16:07:47] Analysis completed in 11.93s - Category: win
[2025-12-04 16:07:47] Successfully processed graph 73 - Category: win - Time: 11.93s
[2025-12-04 16:07:47] 
Processing graph 74/200
[2025-12-04 16:07:47] Graph 74 has 128 nodes and 130 edges
[2025-12-04 16:07:47] Converted to 130 bitstring edges
[2025-12-04 16:07:47] Computing Matchings Dynamic walk
[2025-12-04 16:07:47] Matchings - CX: 358.0, U3: 355.0, Depth: 472.0
[2025-12-04 16:07:47] Computing Pauli decomposition
[2025-12-04 16:07:58] Pauli - CX: 1311.0, U3: 1360.0, Depth: 1988.0
[2025-12-04 16:07:58] Analysis completed in 11.01s - Category: win
[2025-12-04 16:07:58] Successfully processed graph 74 - Category: win - Time: 11.01s
[2025-12-04 16:07:58] 
Processing graph 75/200
[2025-12-04 16:07:58] Graph 75 has 128 nodes and 130 edges
[2025-12-04 16:07:58] Converted to 130 bitstring edges
[2025-12-04 16:07:58] Computing Matchings Dynamic walk
[2025-12-04 16:07:58] Matchings - CX: 991.0, U3: 985.0, Depth: 1315.0
[2025-12-04 16:07:58] Computing Pauli decomposition
[2025-12-04 16:08:08] Pauli - CX: 1223.0, U3: 1402.0, Depth: 1913.0
[2025-12-04 16:08:08] Analysis completed in 9.83s - Category: win
[2025-12-04 16:08:08] Successfully processed graph 75 - Category: win - Time: 9.83s
[2025-12-04 16:08:08] 
Processing graph 76/200
[2025-12-04 16:08:08] Graph 76 has 128 nodes and 130 edges
[2025-12-04 16:08:08] Converted to 130 bitstring edges
[2025-12-04 16:08:08] Computing Matchings Dynamic walk
[2025-12-04 16:08:08] Matchings - CX: 699.0, U3: 692.0, Depth: 920.0
[2025-12-04 16:08:08] Computing Pauli decomposition
[2025-12-04 16:08:17] Pauli - CX: 1270.0, U3: 1623.0, Depth: 2041.0
[2025-12-04 16:08:17] Analysis completed in 9.42s - Category: win
[2025-12-04 16:08:17] Successfully processed graph 76 - Category: win - Time: 9.42s
[2025-12-04 16:08:17] 
Processing graph 77/200
[2025-12-04 16:08:17] Graph 77 has 128 nodes and 130 edges
[2025-12-04 16:08:17] Converted to 130 bitstring edges
[2025-12-04 16:08:17] Computing Matchings Dynamic walk
[2025-12-04 16:08:17] Matchings - CX: 969.0, U3: 975.0, Depth: 1271.0
[2025-12-04 16:08:17] Computing Pauli decomposition
[2025-12-04 16:08:27] Pauli - CX: 1017.0, U3: 1302.0, Depth: 1640.0
[2025-12-04 16:08:27] Analysis completed in 9.49s - Category: win
[2025-12-04 16:08:27] Successfully processed graph 77 - Category: win - Time: 9.49s
[2025-12-04 16:08:27] 
Processing graph 78/200
[2025-12-04 16:08:27] Graph 78 has 128 nodes and 130 edges
[2025-12-04 16:08:27] Converted to 130 bitstring edges
[2025-12-04 16:08:27] Computing Matchings Dynamic walk
[2025-12-04 16:08:27] Matchings - CX: 972.0, U3: 984.0, Depth: 1254.0
[2025-12-04 16:08:27] Computing Pauli decomposition
[2025-12-04 16:08:36] Pauli - CX: 1146.0, U3: 1415.0, Depth: 1834.0
[2025-12-04 16:08:36] Analysis completed in 9.61s - Category: win
[2025-12-04 16:08:36] Successfully processed graph 78 - Category: win - Time: 9.61s
[2025-12-04 16:08:36] 
Processing graph 79/200
[2025-12-04 16:08:36] Graph 79 has 128 nodes and 130 edges
[2025-12-04 16:08:36] Converted to 130 bitstring edges
[2025-12-04 16:08:36] Computing Matchings Dynamic walk
[2025-12-04 16:08:36] Matchings - CX: 652.0, U3: 664.0, Depth: 867.0
[2025-12-04 16:08:36] Computing Pauli decomposition
[2025-12-04 16:08:46] Pauli - CX: 1186.0, U3: 1436.0, Depth: 1874.0
[2025-12-04 16:08:46] Analysis completed in 9.40s - Category: win
[2025-12-04 16:08:46] Successfully processed graph 79 - Category: win - Time: 9.40s
[2025-12-04 16:08:46] 
Processing graph 80/200
[2025-12-04 16:08:46] Graph 80 has 128 nodes and 130 edges
[2025-12-04 16:08:46] Converted to 130 bitstring edges
[2025-12-04 16:08:46] Computing Matchings Dynamic walk
[2025-12-04 16:08:46] Matchings - CX: 366.0, U3: 354.0, Depth: 478.0
[2025-12-04 16:08:46] Computing Pauli decomposition
[2025-12-04 16:08:55] Pauli - CX: 829.0, U3: 956.0, Depth: 1284.0
[2025-12-04 16:08:55] Analysis completed in 9.61s - Category: win
[2025-12-04 16:08:55] Successfully processed graph 80 - Category: win - Time: 9.61s
[2025-12-04 16:08:55] 
Processing graph 81/200
[2025-12-04 16:08:55] Graph 81 has 128 nodes and 130 edges
[2025-12-04 16:08:55] Converted to 130 bitstring edges
[2025-12-04 16:08:55] Computing Matchings Dynamic walk
[2025-12-04 16:08:55] Matchings - CX: 948.0, U3: 947.0, Depth: 1272.0
[2025-12-04 16:08:55] Computing Pauli decomposition
[2025-12-04 16:09:05] Pauli - CX: 1281.0, U3: 1444.0, Depth: 1976.0
[2025-12-04 16:09:05] Analysis completed in 9.36s - Category: win
[2025-12-04 16:09:05] Successfully processed graph 81 - Category: win - Time: 9.36s
[2025-12-04 16:09:05] 
Processing graph 82/200
[2025-12-04 16:09:05] Graph 82 has 128 nodes and 130 edges
[2025-12-04 16:09:05] Converted to 130 bitstring edges
[2025-12-04 16:09:05] Computing Matchings Dynamic walk
[2025-12-04 16:09:05] Matchings - CX: 850.0, U3: 846.0, Depth: 1120.0
[2025-12-04 16:09:05] Computing Pauli decomposition
[2025-12-04 16:09:15] Pauli - CX: 1213.0, U3: 1469.0, Depth: 1920.0
[2025-12-04 16:09:15] Analysis completed in 9.87s - Category: win
[2025-12-04 16:09:15] Successfully processed graph 82 - Category: win - Time: 9.87s
[2025-12-04 16:09:15] 
Processing graph 83/200
[2025-12-04 16:09:15] Graph 83 has 128 nodes and 130 edges
[2025-12-04 16:09:15] Converted to 130 bitstring edges
[2025-12-04 16:09:15] Computing Matchings Dynamic walk
[2025-12-04 16:09:15] Matchings - CX: 356.0, U3: 356.0, Depth: 473.0
[2025-12-04 16:09:15] Computing Pauli decomposition
[2025-12-04 16:09:25] Pauli - CX: 1193.0, U3: 1176.0, Depth: 1797.0
[2025-12-04 16:09:25] Analysis completed in 10.82s - Category: win
[2025-12-04 16:09:25] Successfully processed graph 83 - Category: win - Time: 10.82s
[2025-12-04 16:09:25] 
Processing graph 84/200
[2025-12-04 16:09:25] Graph 84 has 128 nodes and 130 edges
[2025-12-04 16:09:25] Converted to 130 bitstring edges
[2025-12-04 16:09:25] Computing Matchings Dynamic walk
[2025-12-04 16:09:25] Matchings - CX: 356.0, U3: 355.0, Depth: 475.0
[2025-12-04 16:09:25] Computing Pauli decomposition
[2025-12-04 16:09:35] Pauli - CX: 1407.0, U3: 1214.0, Depth: 2035.0
[2025-12-04 16:09:35] Analysis completed in 9.34s - Category: win
[2025-12-04 16:09:35] Successfully processed graph 84 - Category: win - Time: 9.34s
[2025-12-04 16:09:35] 
Processing graph 85/200
[2025-12-04 16:09:35] Graph 85 has 128 nodes and 130 edges
[2025-12-04 16:09:35] Converted to 130 bitstring edges
[2025-12-04 16:09:35] Computing Matchings Dynamic walk
[2025-12-04 16:09:35] Matchings - CX: 704.0, U3: 713.0, Depth: 932.0
[2025-12-04 16:09:35] Computing Pauli decomposition
[2025-12-04 16:09:44] Pauli - CX: 1029.0, U3: 1284.0, Depth: 1661.0
[2025-12-04 16:09:44] Analysis completed in 9.42s - Category: win
[2025-12-04 16:09:44] Successfully processed graph 85 - Category: win - Time: 9.42s
[2025-12-04 16:09:44] 
Processing graph 86/200
[2025-12-04 16:09:44] Graph 86 has 128 nodes and 130 edges
[2025-12-04 16:09:44] Converted to 130 bitstring edges
[2025-12-04 16:09:44] Computing Matchings Dynamic walk
[2025-12-04 16:09:44] Matchings - CX: 764.0, U3: 769.0, Depth: 1000.0
[2025-12-04 16:09:44] Computing Pauli decomposition
[2025-12-04 16:09:54] Pauli - CX: 1175.0, U3: 1296.0, Depth: 1827.0
[2025-12-04 16:09:54] Analysis completed in 9.45s - Category: win
[2025-12-04 16:09:54] Successfully processed graph 86 - Category: win - Time: 9.45s
[2025-12-04 16:09:54] 
Processing graph 87/200
[2025-12-04 16:09:54] Graph 87 has 128 nodes and 130 edges
[2025-12-04 16:09:54] Converted to 130 bitstring edges
[2025-12-04 16:09:54] Computing Matchings Dynamic walk
[2025-12-04 16:09:54] Matchings - CX: 776.0, U3: 767.0, Depth: 1040.0
[2025-12-04 16:09:54] Computing Pauli decomposition
[2025-12-04 16:10:03] Pauli - CX: 1127.0, U3: 1406.0, Depth: 1818.0
[2025-12-04 16:10:03] Analysis completed in 9.49s - Category: win
[2025-12-04 16:10:03] Successfully processed graph 87 - Category: win - Time: 9.49s
[2025-12-04 16:10:03] 
Processing graph 88/200
[2025-12-04 16:10:03] Graph 88 has 128 nodes and 130 edges
[2025-12-04 16:10:03] Converted to 130 bitstring edges
[2025-12-04 16:10:03] Computing Matchings Dynamic walk
[2025-12-04 16:10:03] Matchings - CX: 348.0, U3: 351.0, Depth: 466.0
[2025-12-04 16:10:03] Computing Pauli decomposition
[2025-12-04 16:10:13] Pauli - CX: 1199.0, U3: 1368.0, Depth: 1859.0
[2025-12-04 16:10:13] Analysis completed in 9.67s - Category: win
[2025-12-04 16:10:13] Successfully processed graph 88 - Category: win - Time: 9.67s
[2025-12-04 16:10:13] 
Processing graph 89/200
[2025-12-04 16:10:13] Graph 89 has 128 nodes and 130 edges
[2025-12-04 16:10:13] Converted to 130 bitstring edges
[2025-12-04 16:10:13] Computing Matchings Dynamic walk
[2025-12-04 16:10:13] Matchings - CX: 352.0, U3: 356.0, Depth: 466.0
[2025-12-04 16:10:13] Computing Pauli decomposition
[2025-12-04 16:10:22] Pauli - CX: 1146.0, U3: 1389.0, Depth: 1814.0
[2025-12-04 16:10:22] Analysis completed in 9.31s - Category: win
[2025-12-04 16:10:22] Successfully processed graph 89 - Category: win - Time: 9.31s
[2025-12-04 16:10:22] 
Processing graph 90/200
[2025-12-04 16:10:22] Graph 90 has 128 nodes and 130 edges
[2025-12-04 16:10:22] Converted to 130 bitstring edges
[2025-12-04 16:10:22] Computing Matchings Dynamic walk
[2025-12-04 16:10:22] Matchings - CX: 570.0, U3: 586.0, Depth: 741.0
[2025-12-04 16:10:22] Computing Pauli decomposition
[2025-12-04 16:10:32] Pauli - CX: 1148.0, U3: 1381.0, Depth: 1827.0
[2025-12-04 16:10:32] Analysis completed in 9.79s - Category: win
[2025-12-04 16:10:32] Successfully processed graph 90 - Category: win - Time: 9.79s
[2025-12-04 16:10:32] 
Processing graph 91/200
[2025-12-04 16:10:32] Graph 91 has 128 nodes and 130 edges
[2025-12-04 16:10:32] Converted to 130 bitstring edges
[2025-12-04 16:10:32] Computing Matchings Dynamic walk
[2025-12-04 16:10:32] Matchings - CX: 627.0, U3: 622.0, Depth: 825.0
[2025-12-04 16:10:32] Computing Pauli decomposition
[2025-12-04 16:10:42] Pauli - CX: 1233.0, U3: 1533.0, Depth: 1968.0
[2025-12-04 16:10:42] Analysis completed in 9.90s - Category: win
[2025-12-04 16:10:42] Successfully processed graph 91 - Category: win - Time: 9.90s
[2025-12-04 16:10:42] 
Processing graph 92/200
[2025-12-04 16:10:42] Graph 92 has 128 nodes and 130 edges
[2025-12-04 16:10:42] Converted to 130 bitstring edges
[2025-12-04 16:10:42] Computing Matchings Dynamic walk
[2025-12-04 16:10:42] Matchings - CX: 354.0, U3: 355.0, Depth: 473.0
[2025-12-04 16:10:42] Computing Pauli decomposition
[2025-12-04 16:10:52] Pauli - CX: 1159.0, U3: 1393.0, Depth: 1816.0
[2025-12-04 16:10:52] Analysis completed in 10.02s - Category: win
[2025-12-04 16:10:52] Successfully processed graph 92 - Category: win - Time: 10.02s
[2025-12-04 16:10:52] 
Processing graph 93/200
[2025-12-04 16:10:52] Graph 93 has 128 nodes and 130 edges
[2025-12-04 16:10:52] Converted to 130 bitstring edges
[2025-12-04 16:10:52] Computing Matchings Dynamic walk
[2025-12-04 16:10:52] Matchings - CX: 573.0, U3: 552.0, Depth: 760.0
[2025-12-04 16:10:52] Computing Pauli decomposition
[2025-12-04 16:11:01] Pauli - CX: 1329.0, U3: 1406.0, Depth: 2026.0
[2025-12-04 16:11:01] Analysis completed in 9.52s - Category: win
[2025-12-04 16:11:01] Successfully processed graph 93 - Category: win - Time: 9.52s
[2025-12-04 16:11:01] 
Processing graph 94/200
[2025-12-04 16:11:01] Graph 94 has 128 nodes and 130 edges
[2025-12-04 16:11:01] Converted to 130 bitstring edges
[2025-12-04 16:11:01] Computing Matchings Dynamic walk
[2025-12-04 16:11:01] Matchings - CX: 356.0, U3: 354.0, Depth: 472.0
[2025-12-04 16:11:01] Computing Pauli decomposition
[2025-12-04 16:11:11] Pauli - CX: 931.0, U3: 1202.0, Depth: 1527.0
[2025-12-04 16:11:11] Analysis completed in 9.55s - Category: win
[2025-12-04 16:11:11] Successfully processed graph 94 - Category: win - Time: 9.55s
[2025-12-04 16:11:11] 
Processing graph 95/200
[2025-12-04 16:11:11] Graph 95 has 128 nodes and 130 edges
[2025-12-04 16:11:11] Converted to 130 bitstring edges
[2025-12-04 16:11:11] Computing Matchings Dynamic walk
[2025-12-04 16:11:11] Matchings - CX: 346.0, U3: 352.0, Depth: 464.0
[2025-12-04 16:11:11] Computing Pauli decomposition
[2025-12-04 16:11:20] Pauli - CX: 1161.0, U3: 1317.0, Depth: 1814.0
[2025-12-04 16:11:20] Analysis completed in 9.27s - Category: win
[2025-12-04 16:11:20] Successfully processed graph 95 - Category: win - Time: 9.27s
[2025-12-04 16:11:20] 
Processing graph 96/200
[2025-12-04 16:11:20] Graph 96 has 128 nodes and 130 edges
[2025-12-04 16:11:20] Converted to 130 bitstring edges
[2025-12-04 16:11:20] Computing Matchings Dynamic walk
[2025-12-04 16:11:20] Matchings - CX: 706.0, U3: 703.0, Depth: 932.0
[2025-12-04 16:11:20] Computing Pauli decomposition
[2025-12-04 16:11:31] Pauli - CX: 1129.0, U3: 1575.0, Depth: 1844.0
[2025-12-04 16:11:31] Analysis completed in 10.38s - Category: win
[2025-12-04 16:11:31] Successfully processed graph 96 - Category: win - Time: 10.38s
[2025-12-04 16:11:31] 
Processing graph 97/200
[2025-12-04 16:11:31] Graph 97 has 128 nodes and 130 edges
[2025-12-04 16:11:31] Converted to 130 bitstring edges
[2025-12-04 16:11:31] Computing Matchings Dynamic walk
[2025-12-04 16:11:31] Matchings - CX: 354.0, U3: 349.0, Depth: 469.0
[2025-12-04 16:11:31] Computing Pauli decomposition
[2025-12-04 16:11:40] Pauli - CX: 1241.0, U3: 1407.0, Depth: 1925.0
[2025-12-04 16:11:40] Analysis completed in 9.29s - Category: win
[2025-12-04 16:11:40] Successfully processed graph 97 - Category: win - Time: 9.29s
[2025-12-04 16:11:40] 
Processing graph 98/200
[2025-12-04 16:11:40] Graph 98 has 128 nodes and 130 edges
[2025-12-04 16:11:40] Converted to 130 bitstring edges
[2025-12-04 16:11:40] Computing Matchings Dynamic walk
[2025-12-04 16:11:40] Matchings - CX: 344.0, U3: 350.0, Depth: 460.0
[2025-12-04 16:11:40] Computing Pauli decomposition
[2025-12-04 16:11:50] Pauli - CX: 1033.0, U3: 1244.0, Depth: 1658.0
[2025-12-04 16:11:50] Analysis completed in 9.74s - Category: win
[2025-12-04 16:11:50] Successfully processed graph 98 - Category: win - Time: 9.74s
[2025-12-04 16:11:50] 
Processing graph 99/200
[2025-12-04 16:11:50] Graph 99 has 128 nodes and 130 edges
[2025-12-04 16:11:50] Converted to 130 bitstring edges
[2025-12-04 16:11:50] Computing Matchings Dynamic walk
[2025-12-04 16:11:50] Matchings - CX: 578.0, U3: 589.0, Depth: 756.0
[2025-12-04 16:11:50] Computing Pauli decomposition
[2025-12-04 16:11:59] Pauli - CX: 1059.0, U3: 1338.0, Depth: 1709.0
[2025-12-04 16:11:59] Analysis completed in 9.50s - Category: win
[2025-12-04 16:11:59] Successfully processed graph 99 - Category: win - Time: 9.50s
[2025-12-04 16:11:59] 
Processing graph 100/200
[2025-12-04 16:11:59] Graph 100 has 128 nodes and 130 edges
[2025-12-04 16:11:59] Converted to 130 bitstring edges
[2025-12-04 16:11:59] Computing Matchings Dynamic walk
[2025-12-04 16:11:59] Matchings - CX: 354.0, U3: 352.0, Depth: 457.0
[2025-12-04 16:11:59] Computing Pauli decomposition
[2025-12-04 16:12:08] Pauli - CX: 1037.0, U3: 1160.0, Depth: 1643.0
[2025-12-04 16:12:08] Analysis completed in 9.22s - Category: win
[2025-12-04 16:12:08] Successfully processed graph 100 - Category: win - Time: 9.22s
[2025-12-04 16:12:08] 
Processing graph 101/200
[2025-12-04 16:12:08] Graph 101 has 128 nodes and 130 edges
[2025-12-04 16:12:08] Converted to 130 bitstring edges
[2025-12-04 16:12:08] Computing Matchings Dynamic walk
[2025-12-04 16:12:08] Matchings - CX: 354.0, U3: 351.0, Depth: 469.0
[2025-12-04 16:12:08] Computing Pauli decomposition
[2025-12-04 16:12:18] Pauli - CX: 1191.0, U3: 1426.0, Depth: 1885.0
[2025-12-04 16:12:18] Analysis completed in 9.52s - Category: win
[2025-12-04 16:12:18] Successfully processed graph 101 - Category: win - Time: 9.52s
[2025-12-04 16:12:18] 
Processing graph 102/200
[2025-12-04 16:12:18] Graph 102 has 128 nodes and 130 edges
[2025-12-04 16:12:18] Converted to 130 bitstring edges
[2025-12-04 16:12:18] Computing Matchings Dynamic walk
[2025-12-04 16:12:18] Matchings - CX: 642.0, U3: 656.0, Depth: 822.0
[2025-12-04 16:12:18] Computing Pauli decomposition
[2025-12-04 16:12:28] Pauli - CX: 1077.0, U3: 1429.0, Depth: 1755.0
[2025-12-04 16:12:28] Analysis completed in 10.01s - Category: win
[2025-12-04 16:12:28] Successfully processed graph 102 - Category: win - Time: 10.01s
[2025-12-04 16:12:28] 
Processing graph 103/200
[2025-12-04 16:12:28] Graph 103 has 128 nodes and 130 edges
[2025-12-04 16:12:28] Converted to 130 bitstring edges
[2025-12-04 16:12:28] Computing Matchings Dynamic walk
[2025-12-04 16:12:28] Matchings - CX: 780.0, U3: 769.0, Depth: 1041.0
[2025-12-04 16:12:28] Computing Pauli decomposition
[2025-12-04 16:12:38] Pauli - CX: 829.0, U3: 988.0, Depth: 1301.0
[2025-12-04 16:12:38] Analysis completed in 10.22s - Category: win
[2025-12-04 16:12:38] Successfully processed graph 103 - Category: win - Time: 10.22s
[2025-12-04 16:12:38] 
Processing graph 104/200
[2025-12-04 16:12:38] Graph 104 has 128 nodes and 130 edges
[2025-12-04 16:12:38] Converted to 130 bitstring edges
[2025-12-04 16:12:38] Computing Matchings Dynamic walk
[2025-12-04 16:12:38] Matchings - CX: 352.0, U3: 353.0, Depth: 468.0
[2025-12-04 16:12:38] Computing Pauli decomposition
[2025-12-04 16:12:48] Pauli - CX: 1144.0, U3: 1227.0, Depth: 1761.0
[2025-12-04 16:12:48] Analysis completed in 9.91s - Category: win
[2025-12-04 16:12:48] Successfully processed graph 104 - Category: win - Time: 9.91s
[2025-12-04 16:12:48] 
Processing graph 105/200
[2025-12-04 16:12:48] Graph 105 has 128 nodes and 130 edges
[2025-12-04 16:12:48] Converted to 130 bitstring edges
[2025-12-04 16:12:48] Computing Matchings Dynamic walk
[2025-12-04 16:12:48] Matchings - CX: 348.0, U3: 352.0, Depth: 458.0
[2025-12-04 16:12:48] Computing Pauli decomposition
[2025-12-04 16:12:58] Pauli - CX: 1078.0, U3: 1337.0, Depth: 1731.0
[2025-12-04 16:12:58] Analysis completed in 9.65s - Category: win
[2025-12-04 16:12:58] Successfully processed graph 105 - Category: win - Time: 9.65s
[2025-12-04 16:12:58] 
Processing graph 106/200
[2025-12-04 16:12:58] Graph 106 has 128 nodes and 130 edges
[2025-12-04 16:12:58] Converted to 130 bitstring edges
[2025-12-04 16:12:58] Computing Matchings Dynamic walk
[2025-12-04 16:12:58] Matchings - CX: 791.0, U3: 798.0, Depth: 1035.0
[2025-12-04 16:12:58] Computing Pauli decomposition
[2025-12-04 16:13:08] Pauli - CX: 1160.0, U3: 1479.0, Depth: 1852.0
[2025-12-04 16:13:08] Analysis completed in 9.89s - Category: win
[2025-12-04 16:13:08] Successfully processed graph 106 - Category: win - Time: 9.89s
[2025-12-04 16:13:08] 
Processing graph 107/200
[2025-12-04 16:13:08] Graph 107 has 128 nodes and 130 edges
[2025-12-04 16:13:08] Converted to 130 bitstring edges
[2025-12-04 16:13:08] Computing Matchings Dynamic walk
[2025-12-04 16:13:08] Matchings - CX: 1072.0, U3: 1075.0, Depth: 1418.0
[2025-12-04 16:13:08] Computing Pauli decomposition
[2025-12-04 16:13:18] Pauli - CX: 1213.0, U3: 1381.0, Depth: 1897.0
[2025-12-04 16:13:18] Analysis completed in 10.38s - Category: win
[2025-12-04 16:13:18] Successfully processed graph 107 - Category: win - Time: 10.38s
[2025-12-04 16:13:18] 
Processing graph 108/200
[2025-12-04 16:13:18] Graph 108 has 128 nodes and 130 edges
[2025-12-04 16:13:18] Converted to 130 bitstring edges
[2025-12-04 16:13:18] Computing Matchings Dynamic walk
[2025-12-04 16:13:18] Matchings - CX: 1267.0, U3: 1289.0, Depth: 1675.0
[2025-12-04 16:13:18] Computing Pauli decomposition
[2025-12-04 16:13:27] Pauli - CX: 1114.0, U3: 1402.0, Depth: 1799.0
[2025-12-04 16:13:27] Analysis completed in 9.35s - Category: lose
[2025-12-04 16:13:27] Successfully processed graph 108 - Category: lose - Time: 9.35s
[2025-12-04 16:13:27] 
Processing graph 109/200
[2025-12-04 16:13:27] Graph 109 has 128 nodes and 130 edges
[2025-12-04 16:13:27] Converted to 130 bitstring edges
[2025-12-04 16:13:27] Computing Matchings Dynamic walk
[2025-12-04 16:13:27] Matchings - CX: 358.0, U3: 355.0, Depth: 474.0
[2025-12-04 16:13:27] Computing Pauli decomposition
[2025-12-04 16:13:37] Pauli - CX: 1301.0, U3: 1569.0, Depth: 2048.0
[2025-12-04 16:13:37] Analysis completed in 9.50s - Category: win
[2025-12-04 16:13:37] Successfully processed graph 109 - Category: win - Time: 9.50s
[2025-12-04 16:13:37] 
Processing graph 110/200
[2025-12-04 16:13:37] Graph 110 has 128 nodes and 130 edges
[2025-12-04 16:13:37] Converted to 130 bitstring edges
[2025-12-04 16:13:37] Computing Matchings Dynamic walk
[2025-12-04 16:13:37] Matchings - CX: 1086.0, U3: 1087.0, Depth: 1419.0
[2025-12-04 16:13:37] Computing Pauli decomposition
[2025-12-04 16:13:46] Pauli - CX: 1087.0, U3: 1317.0, Depth: 1744.0
[2025-12-04 16:13:46] Analysis completed in 9.59s - Category: win
[2025-12-04 16:13:46] Successfully processed graph 110 - Category: win - Time: 9.59s
[2025-12-04 16:13:46] 
Processing graph 111/200
[2025-12-04 16:13:46] Graph 111 has 128 nodes and 130 edges
[2025-12-04 16:13:46] Converted to 130 bitstring edges
[2025-12-04 16:13:46] Computing Matchings Dynamic walk
[2025-12-04 16:13:46] Matchings - CX: 1221.0, U3: 1230.0, Depth: 1614.0
[2025-12-04 16:13:46] Computing Pauli decomposition
[2025-12-04 16:13:56] Pauli - CX: 1210.0, U3: 1559.0, Depth: 1951.0
[2025-12-04 16:13:56] Analysis completed in 9.88s - Category: lose
[2025-12-04 16:13:56] Successfully processed graph 111 - Category: lose - Time: 9.88s
[2025-12-04 16:13:56] 
Processing graph 112/200
[2025-12-04 16:13:56] Graph 112 has 128 nodes and 130 edges
[2025-12-04 16:13:56] Converted to 130 bitstring edges
[2025-12-04 16:13:56] Computing Matchings Dynamic walk
[2025-12-04 16:13:56] Matchings - CX: 857.0, U3: 865.0, Depth: 1108.0
[2025-12-04 16:13:56] Computing Pauli decomposition
[2025-12-04 16:14:06] Pauli - CX: 1152.0, U3: 1471.0, Depth: 1873.0
[2025-12-04 16:14:06] Analysis completed in 9.35s - Category: win
[2025-12-04 16:14:06] Successfully processed graph 112 - Category: win - Time: 9.35s
[2025-12-04 16:14:06] 
Processing graph 113/200
[2025-12-04 16:14:06] Graph 113 has 128 nodes and 130 edges
[2025-12-04 16:14:06] Converted to 130 bitstring edges
[2025-12-04 16:14:06] Computing Matchings Dynamic walk
[2025-12-04 16:14:06] Matchings - CX: 352.0, U3: 349.0, Depth: 468.0
[2025-12-04 16:14:06] Computing Pauli decomposition
[2025-12-04 16:14:15] Pauli - CX: 1359.0, U3: 1231.0, Depth: 1985.0
[2025-12-04 16:14:15] Analysis completed in 9.37s - Category: win
[2025-12-04 16:14:15] Successfully processed graph 113 - Category: win - Time: 9.37s
[2025-12-04 16:14:15] 
Processing graph 114/200
[2025-12-04 16:14:15] Graph 114 has 128 nodes and 130 edges
[2025-12-04 16:14:15] Converted to 130 bitstring edges
[2025-12-04 16:14:15] Computing Matchings Dynamic walk
[2025-12-04 16:14:15] Matchings - CX: 354.0, U3: 351.0, Depth: 462.0
[2025-12-04 16:14:15] Computing Pauli decomposition
[2025-12-04 16:14:25] Pauli - CX: 1032.0, U3: 1256.0, Depth: 1666.0
[2025-12-04 16:14:25] Analysis completed in 10.41s - Category: win
[2025-12-04 16:14:25] Successfully processed graph 114 - Category: win - Time: 10.41s
[2025-12-04 16:14:25] 
Processing graph 115/200
[2025-12-04 16:14:25] Graph 115 has 128 nodes and 130 edges
[2025-12-04 16:14:25] Converted to 130 bitstring edges
[2025-12-04 16:14:25] Computing Matchings Dynamic walk
[2025-12-04 16:14:25] Matchings - CX: 727.0, U3: 723.0, Depth: 960.0
[2025-12-04 16:14:25] Computing Pauli decomposition
[2025-12-04 16:14:35] Pauli - CX: 1147.0, U3: 1226.0, Depth: 1773.0
[2025-12-04 16:14:35] Analysis completed in 9.91s - Category: win
[2025-12-04 16:14:35] Successfully processed graph 115 - Category: win - Time: 9.91s
[2025-12-04 16:14:35] 
Processing graph 116/200
[2025-12-04 16:14:35] Graph 116 has 128 nodes and 130 edges
[2025-12-04 16:14:35] Converted to 130 bitstring edges
[2025-12-04 16:14:35] Computing Matchings Dynamic walk
[2025-12-04 16:14:35] Matchings - CX: 838.0, U3: 817.0, Depth: 1112.0
[2025-12-04 16:14:35] Computing Pauli decomposition
[2025-12-04 16:14:46] Pauli - CX: 967.0, U3: 1321.0, Depth: 1597.0
[2025-12-04 16:14:46] Analysis completed in 10.40s - Category: win
[2025-12-04 16:14:46] Successfully processed graph 116 - Category: win - Time: 10.40s
[2025-12-04 16:14:46] 
Processing graph 117/200
[2025-12-04 16:14:46] Graph 117 has 128 nodes and 130 edges
[2025-12-04 16:14:46] Converted to 130 bitstring edges
[2025-12-04 16:14:46] Computing Matchings Dynamic walk
[2025-12-04 16:14:46] Matchings - CX: 1055.0, U3: 1067.0, Depth: 1362.0
[2025-12-04 16:14:46] Computing Pauli decomposition
[2025-12-04 16:14:55] Pauli - CX: 1231.0, U3: 1501.0, Depth: 1956.0
[2025-12-04 16:14:55] Analysis completed in 9.44s - Category: win
[2025-12-04 16:14:55] Successfully processed graph 117 - Category: win - Time: 9.44s
[2025-12-04 16:14:55] 
Processing graph 118/200
[2025-12-04 16:14:55] Graph 118 has 128 nodes and 130 edges
[2025-12-04 16:14:55] Converted to 130 bitstring edges
[2025-12-04 16:14:55] Computing Matchings Dynamic walk
[2025-12-04 16:14:55] Matchings - CX: 859.0, U3: 860.0, Depth: 1159.0
[2025-12-04 16:14:55] Computing Pauli decomposition
[2025-12-04 16:15:04] Pauli - CX: 1289.0, U3: 1441.0, Depth: 1989.0
[2025-12-04 16:15:04] Analysis completed in 9.36s - Category: win
[2025-12-04 16:15:04] Successfully processed graph 118 - Category: win - Time: 9.36s
[2025-12-04 16:15:04] 
Processing graph 119/200
[2025-12-04 16:15:04] Graph 119 has 128 nodes and 130 edges
[2025-12-04 16:15:04] Converted to 130 bitstring edges
[2025-12-04 16:15:04] Computing Matchings Dynamic walk
[2025-12-04 16:15:05] Matchings - CX: 783.0, U3: 768.0, Depth: 1051.0
[2025-12-04 16:15:05] Computing Pauli decomposition
[2025-12-04 16:15:14] Pauli - CX: 1085.0, U3: 1287.0, Depth: 1712.0
[2025-12-04 16:15:14] Analysis completed in 9.92s - Category: win
[2025-12-04 16:15:14] Successfully processed graph 119 - Category: win - Time: 9.92s
[2025-12-04 16:15:14] 
Processing graph 120/200
[2025-12-04 16:15:14] Graph 120 has 128 nodes and 130 edges
[2025-12-04 16:15:14] Converted to 130 bitstring edges
[2025-12-04 16:15:14] Computing Matchings Dynamic walk
[2025-12-04 16:15:14] Matchings - CX: 366.0, U3: 356.0, Depth: 476.0
[2025-12-04 16:15:14] Computing Pauli decomposition
[2025-12-04 16:15:24] Pauli - CX: 1085.0, U3: 1393.0, Depth: 1765.0
[2025-12-04 16:15:24] Analysis completed in 9.35s - Category: win
[2025-12-04 16:15:24] Successfully processed graph 120 - Category: win - Time: 9.35s
[2025-12-04 16:15:24] 
Processing graph 121/200
[2025-12-04 16:15:24] Graph 121 has 128 nodes and 130 edges
[2025-12-04 16:15:24] Converted to 130 bitstring edges
[2025-12-04 16:15:24] Computing Matchings Dynamic walk
[2025-12-04 16:15:24] Matchings - CX: 740.0, U3: 750.0, Depth: 982.0
[2025-12-04 16:15:24] Computing Pauli decomposition
[2025-12-04 16:15:33] Pauli - CX: 1176.0, U3: 1227.0, Depth: 1810.0
[2025-12-04 16:15:33] Analysis completed in 9.42s - Category: win
[2025-12-04 16:15:33] Successfully processed graph 121 - Category: win - Time: 9.42s
[2025-12-04 16:15:33] 
Processing graph 122/200
[2025-12-04 16:15:33] Graph 122 has 128 nodes and 130 edges
[2025-12-04 16:15:33] Converted to 130 bitstring edges
[2025-12-04 16:15:33] Computing Matchings Dynamic walk
[2025-12-04 16:15:33] Matchings - CX: 791.0, U3: 791.0, Depth: 1042.0
[2025-12-04 16:15:33] Computing Pauli decomposition
[2025-12-04 16:15:43] Pauli - CX: 1260.0, U3: 1587.0, Depth: 2012.0
[2025-12-04 16:15:43] Analysis completed in 9.50s - Category: win
[2025-12-04 16:15:43] Successfully processed graph 122 - Category: win - Time: 9.50s
[2025-12-04 16:15:43] 
Processing graph 123/200
[2025-12-04 16:15:43] Graph 123 has 128 nodes and 130 edges
[2025-12-04 16:15:43] Converted to 130 bitstring edges
[2025-12-04 16:15:43] Computing Matchings Dynamic walk
[2025-12-04 16:15:43] Matchings - CX: 1056.0, U3: 1067.0, Depth: 1412.0
[2025-12-04 16:15:43] Computing Pauli decomposition
[2025-12-04 16:15:53] Pauli - CX: 1245.0, U3: 1488.0, Depth: 1942.0
[2025-12-04 16:15:53] Analysis completed in 9.86s - Category: win
[2025-12-04 16:15:53] Successfully processed graph 123 - Category: win - Time: 9.86s
[2025-12-04 16:15:53] 
Processing graph 124/200
[2025-12-04 16:15:53] Graph 124 has 128 nodes and 130 edges
[2025-12-04 16:15:53] Converted to 130 bitstring edges
[2025-12-04 16:15:53] Computing Matchings Dynamic walk
[2025-12-04 16:15:53] Matchings - CX: 794.0, U3: 812.0, Depth: 1056.0
[2025-12-04 16:15:53] Computing Pauli decomposition
[2025-12-04 16:16:02] Pauli - CX: 1198.0, U3: 1470.0, Depth: 1908.0
[2025-12-04 16:16:02] Analysis completed in 9.77s - Category: win
[2025-12-04 16:16:02] Successfully processed graph 124 - Category: win - Time: 9.77s
[2025-12-04 16:16:02] 
Processing graph 125/200
[2025-12-04 16:16:02] Graph 125 has 128 nodes and 130 edges
[2025-12-04 16:16:02] Converted to 130 bitstring edges
[2025-12-04 16:16:02] Computing Matchings Dynamic walk
[2025-12-04 16:16:02] Matchings - CX: 356.0, U3: 352.0, Depth: 472.0
[2025-12-04 16:16:02] Computing Pauli decomposition
[2025-12-04 16:16:12] Pauli - CX: 1261.0, U3: 1520.0, Depth: 1995.0
[2025-12-04 16:16:12] Analysis completed in 9.72s - Category: win
[2025-12-04 16:16:12] Successfully processed graph 125 - Category: win - Time: 9.72s
[2025-12-04 16:16:12] 
Processing graph 126/200
[2025-12-04 16:16:12] Graph 126 has 128 nodes and 130 edges
[2025-12-04 16:16:12] Converted to 130 bitstring edges
[2025-12-04 16:16:12] Computing Matchings Dynamic walk
[2025-12-04 16:16:12] Matchings - CX: 728.0, U3: 721.0, Depth: 961.0
[2025-12-04 16:16:12] Computing Pauli decomposition
[2025-12-04 16:16:22] Pauli - CX: 1063.0, U3: 1280.0, Depth: 1712.0
[2025-12-04 16:16:22] Analysis completed in 9.60s - Category: win
[2025-12-04 16:16:22] Successfully processed graph 126 - Category: win - Time: 9.60s
[2025-12-04 16:16:22] 
Processing graph 127/200
[2025-12-04 16:16:22] Graph 127 has 128 nodes and 130 edges
[2025-12-04 16:16:22] Converted to 130 bitstring edges
[2025-12-04 16:16:22] Computing Matchings Dynamic walk
[2025-12-04 16:16:22] Matchings - CX: 360.0, U3: 355.0, Depth: 477.0
[2025-12-04 16:16:22] Computing Pauli decomposition
[2025-12-04 16:16:31] Pauli - CX: 1360.0, U3: 1605.0, Depth: 2124.0
[2025-12-04 16:16:31] Analysis completed in 9.39s - Category: win
[2025-12-04 16:16:31] Successfully processed graph 127 - Category: win - Time: 9.39s
[2025-12-04 16:16:31] 
Processing graph 128/200
[2025-12-04 16:16:31] Graph 128 has 128 nodes and 130 edges
[2025-12-04 16:16:31] Converted to 130 bitstring edges
[2025-12-04 16:16:31] Computing Matchings Dynamic walk
[2025-12-04 16:16:31] Matchings - CX: 835.0, U3: 837.0, Depth: 1126.0
[2025-12-04 16:16:31] Computing Pauli decomposition
[2025-12-04 16:16:41] Pauli - CX: 1264.0, U3: 1513.0, Depth: 1983.0
[2025-12-04 16:16:41] Analysis completed in 9.77s - Category: win
[2025-12-04 16:16:41] Successfully processed graph 128 - Category: win - Time: 9.77s
[2025-12-04 16:16:41] 
Processing graph 129/200
[2025-12-04 16:16:41] Graph 129 has 128 nodes and 130 edges
[2025-12-04 16:16:41] Converted to 130 bitstring edges
[2025-12-04 16:16:41] Computing Matchings Dynamic walk
[2025-12-04 16:16:41] Matchings - CX: 779.0, U3: 772.0, Depth: 1052.0
[2025-12-04 16:16:41] Computing Pauli decomposition
[2025-12-04 16:16:51] Pauli - CX: 1212.0, U3: 1137.0, Depth: 1814.0
[2025-12-04 16:16:51] Analysis completed in 9.70s - Category: win
[2025-12-04 16:16:51] Successfully processed graph 129 - Category: win - Time: 9.70s
[2025-12-04 16:16:51] 
Processing graph 130/200
[2025-12-04 16:16:51] Graph 130 has 128 nodes and 130 edges
[2025-12-04 16:16:51] Converted to 130 bitstring edges
[2025-12-04 16:16:51] Computing Matchings Dynamic walk
[2025-12-04 16:16:51] Matchings - CX: 1139.0, U3: 1142.0, Depth: 1514.0
[2025-12-04 16:16:51] Computing Pauli decomposition
[2025-12-04 16:17:00] Pauli - CX: 1008.0, U3: 1416.0, Depth: 1683.0
[2025-12-04 16:17:00] Analysis completed in 9.36s - Category: lose
[2025-12-04 16:17:00] Successfully processed graph 130 - Category: lose - Time: 9.36s
[2025-12-04 16:17:00] 
Processing graph 131/200
[2025-12-04 16:17:00] Graph 131 has 128 nodes and 130 edges
[2025-12-04 16:17:00] Converted to 130 bitstring edges
[2025-12-04 16:17:00] Computing Matchings Dynamic walk
[2025-12-04 16:17:00] Matchings - CX: 1384.0, U3: 1391.0, Depth: 1816.0
[2025-12-04 16:17:00] Computing Pauli decomposition
[2025-12-04 16:17:09] Pauli - CX: 1102.0, U3: 1307.0, Depth: 1757.0
[2025-12-04 16:17:09] Analysis completed in 9.47s - Category: lose
[2025-12-04 16:17:09] Successfully processed graph 131 - Category: lose - Time: 9.47s
[2025-12-04 16:17:09] 
Processing graph 132/200
[2025-12-04 16:17:09] Graph 132 has 128 nodes and 130 edges
[2025-12-04 16:17:09] Converted to 130 bitstring edges
[2025-12-04 16:17:09] Computing Matchings Dynamic walk
[2025-12-04 16:17:09] Matchings - CX: 639.0, U3: 639.0, Depth: 832.0
[2025-12-04 16:17:09] Computing Pauli decomposition
[2025-12-04 16:17:19] Pauli - CX: 1156.0, U3: 1349.0, Depth: 1821.0
[2025-12-04 16:17:19] Analysis completed in 9.58s - Category: win
[2025-12-04 16:17:19] Successfully processed graph 132 - Category: win - Time: 9.58s
[2025-12-04 16:17:19] 
Processing graph 133/200
[2025-12-04 16:17:19] Graph 133 has 128 nodes and 130 edges
[2025-12-04 16:17:19] Converted to 130 bitstring edges
[2025-12-04 16:17:19] Computing Matchings Dynamic walk
[2025-12-04 16:17:19] Matchings - CX: 362.0, U3: 357.0, Depth: 474.0
[2025-12-04 16:17:19] Computing Pauli decomposition
[2025-12-04 16:17:29] Pauli - CX: 1140.0, U3: 1344.0, Depth: 1803.0
[2025-12-04 16:17:29] Analysis completed in 9.75s - Category: win
[2025-12-04 16:17:29] Successfully processed graph 133 - Category: win - Time: 9.75s
[2025-12-04 16:17:29] 
Processing graph 134/200
[2025-12-04 16:17:29] Graph 134 has 128 nodes and 130 edges
[2025-12-04 16:17:29] Converted to 130 bitstring edges
[2025-12-04 16:17:29] Computing Matchings Dynamic walk
[2025-12-04 16:17:29] Matchings - CX: 837.0, U3: 824.0, Depth: 1119.0
[2025-12-04 16:17:29] Computing Pauli decomposition
[2025-12-04 16:17:38] Pauli - CX: 1260.0, U3: 1480.0, Depth: 1981.0
[2025-12-04 16:17:38] Analysis completed in 9.67s - Category: win
[2025-12-04 16:17:38] Successfully processed graph 134 - Category: win - Time: 9.67s
[2025-12-04 16:17:38] 
Processing graph 135/200
[2025-12-04 16:17:38] Graph 135 has 128 nodes and 130 edges
[2025-12-04 16:17:38] Converted to 130 bitstring edges
[2025-12-04 16:17:38] Computing Matchings Dynamic walk
[2025-12-04 16:17:38] Matchings - CX: 358.0, U3: 351.0, Depth: 472.0
[2025-12-04 16:17:38] Computing Pauli decomposition
[2025-12-04 16:17:48] Pauli - CX: 1301.0, U3: 1504.0, Depth: 2029.0
[2025-12-04 16:17:48] Analysis completed in 9.47s - Category: win
[2025-12-04 16:17:48] Successfully processed graph 135 - Category: win - Time: 9.47s
[2025-12-04 16:17:48] 
Processing graph 136/200
[2025-12-04 16:17:48] Graph 136 has 128 nodes and 130 edges
[2025-12-04 16:17:48] Converted to 130 bitstring edges
[2025-12-04 16:17:48] Computing Matchings Dynamic walk
[2025-12-04 16:17:48] Matchings - CX: 810.0, U3: 794.0, Depth: 1089.0
[2025-12-04 16:17:48] Computing Pauli decomposition
[2025-12-04 16:17:57] Pauli - CX: 1179.0, U3: 1402.0, Depth: 1870.0
[2025-12-04 16:17:57] Analysis completed in 9.39s - Category: win
[2025-12-04 16:17:57] Successfully processed graph 136 - Category: win - Time: 9.39s
[2025-12-04 16:17:57] 
Processing graph 137/200
[2025-12-04 16:17:57] Graph 137 has 128 nodes and 130 edges
[2025-12-04 16:17:57] Converted to 130 bitstring edges
[2025-12-04 16:17:57] Computing Matchings Dynamic walk
[2025-12-04 16:17:57] Matchings - CX: 778.0, U3: 769.0, Depth: 1044.0
[2025-12-04 16:17:57] Computing Pauli decomposition
[2025-12-04 16:18:07] Pauli - CX: 1175.0, U3: 1413.0, Depth: 1872.0
[2025-12-04 16:18:07] Analysis completed in 9.42s - Category: win
[2025-12-04 16:18:07] Successfully processed graph 137 - Category: win - Time: 9.42s
[2025-12-04 16:18:07] 
Processing graph 138/200
[2025-12-04 16:18:07] Graph 138 has 128 nodes and 130 edges
[2025-12-04 16:18:07] Converted to 130 bitstring edges
[2025-12-04 16:18:07] Computing Matchings Dynamic walk
[2025-12-04 16:18:07] Matchings - CX: 699.0, U3: 704.0, Depth: 908.0
[2025-12-04 16:18:07] Computing Pauli decomposition
[2025-12-04 16:18:16] Pauli - CX: 1568.0, U3: 1458.0, Depth: 2275.0
[2025-12-04 16:18:16] Analysis completed in 9.28s - Category: win
[2025-12-04 16:18:16] Successfully processed graph 138 - Category: win - Time: 9.28s
[2025-12-04 16:18:16] 
Processing graph 139/200
[2025-12-04 16:18:16] Graph 139 has 128 nodes and 130 edges
[2025-12-04 16:18:16] Converted to 130 bitstring edges
[2025-12-04 16:18:16] Computing Matchings Dynamic walk
[2025-12-04 16:18:16] Matchings - CX: 700.0, U3: 689.0, Depth: 922.0
[2025-12-04 16:18:16] Computing Pauli decomposition
[2025-12-04 16:18:25] Pauli - CX: 1159.0, U3: 1267.0, Depth: 1798.0
[2025-12-04 16:18:25] Analysis completed in 9.38s - Category: win
[2025-12-04 16:18:25] Successfully processed graph 139 - Category: win - Time: 9.38s
[2025-12-04 16:18:25] 
Processing graph 140/200
[2025-12-04 16:18:25] Graph 140 has 128 nodes and 130 edges
[2025-12-04 16:18:25] Converted to 130 bitstring edges
[2025-12-04 16:18:25] Computing Matchings Dynamic walk
[2025-12-04 16:18:25] Matchings - CX: 346.0, U3: 350.0, Depth: 464.0
[2025-12-04 16:18:25] Computing Pauli decomposition
[2025-12-04 16:18:35] Pauli - CX: 1073.0, U3: 1309.0, Depth: 1717.0
[2025-12-04 16:18:35] Analysis completed in 9.78s - Category: win
[2025-12-04 16:18:35] Successfully processed graph 140 - Category: win - Time: 9.78s
[2025-12-04 16:18:35] 
Processing graph 141/200
[2025-12-04 16:18:35] Graph 141 has 128 nodes and 130 edges
[2025-12-04 16:18:35] Converted to 130 bitstring edges
[2025-12-04 16:18:35] Computing Matchings Dynamic walk
[2025-12-04 16:18:35] Matchings - CX: 1120.0, U3: 1124.0, Depth: 1452.0
[2025-12-04 16:18:35] Computing Pauli decomposition
[2025-12-04 16:18:45] Pauli - CX: 1141.0, U3: 1481.0, Depth: 1845.0
[2025-12-04 16:18:45] Analysis completed in 9.87s - Category: win
[2025-12-04 16:18:45] Successfully processed graph 141 - Category: win - Time: 9.87s
[2025-12-04 16:18:45] 
Processing graph 142/200
[2025-12-04 16:18:45] Graph 142 has 128 nodes and 130 edges
[2025-12-04 16:18:45] Converted to 130 bitstring edges
[2025-12-04 16:18:45] Computing Matchings Dynamic walk
[2025-12-04 16:18:45] Matchings - CX: 356.0, U3: 353.0, Depth: 471.0
[2025-12-04 16:18:45] Computing Pauli decomposition
[2025-12-04 16:18:55] Pauli - CX: 1181.0, U3: 1186.0, Depth: 1795.0
[2025-12-04 16:18:55] Analysis completed in 9.54s - Category: win
[2025-12-04 16:18:55] Successfully processed graph 142 - Category: win - Time: 9.54s
[2025-12-04 16:18:55] 
Processing graph 143/200
[2025-12-04 16:18:55] Graph 143 has 128 nodes and 130 edges
[2025-12-04 16:18:55] Converted to 130 bitstring edges
[2025-12-04 16:18:55] Computing Matchings Dynamic walk
[2025-12-04 16:18:55] Matchings - CX: 352.0, U3: 355.0, Depth: 468.0
[2025-12-04 16:18:55] Computing Pauli decomposition
[2025-12-04 16:19:04] Pauli - CX: 1135.0, U3: 1338.0, Depth: 1802.0
[2025-12-04 16:19:04] Analysis completed in 9.53s - Category: win
[2025-12-04 16:19:04] Successfully processed graph 143 - Category: win - Time: 9.53s
[2025-12-04 16:19:04] 
Processing graph 144/200
[2025-12-04 16:19:04] Graph 144 has 128 nodes and 130 edges
[2025-12-04 16:19:04] Converted to 130 bitstring edges
[2025-12-04 16:19:04] Computing Matchings Dynamic walk
[2025-12-04 16:19:04] Matchings - CX: 360.0, U3: 357.0, Depth: 476.0
[2025-12-04 16:19:04] Computing Pauli decomposition
[2025-12-04 16:19:14] Pauli - CX: 1299.0, U3: 1593.0, Depth: 2061.0
[2025-12-04 16:19:14] Analysis completed in 9.69s - Category: win
[2025-12-04 16:19:14] Successfully processed graph 144 - Category: win - Time: 9.69s
[2025-12-04 16:19:14] 
Processing graph 145/200
[2025-12-04 16:19:14] Graph 145 has 128 nodes and 130 edges
[2025-12-04 16:19:14] Converted to 130 bitstring edges
[2025-12-04 16:19:14] Computing Matchings Dynamic walk
[2025-12-04 16:19:14] Matchings - CX: 775.0, U3: 768.0, Depth: 1045.0
[2025-12-04 16:19:14] Computing Pauli decomposition
[2025-12-04 16:19:23] Pauli - CX: 1164.0, U3: 1196.0, Depth: 1764.0
[2025-12-04 16:19:23] Analysis completed in 9.46s - Category: win
[2025-12-04 16:19:23] Successfully processed graph 145 - Category: win - Time: 9.46s
[2025-12-04 16:19:23] 
Processing graph 146/200
[2025-12-04 16:19:23] Graph 146 has 128 nodes and 130 edges
[2025-12-04 16:19:23] Converted to 130 bitstring edges
[2025-12-04 16:19:23] Computing Matchings Dynamic walk
[2025-12-04 16:19:23] Matchings - CX: 358.0, U3: 357.0, Depth: 476.0
[2025-12-04 16:19:23] Computing Pauli decomposition
[2025-12-04 16:19:33] Pauli - CX: 1345.0, U3: 1653.0, Depth: 2100.0
[2025-12-04 16:19:33] Analysis completed in 9.66s - Category: win
[2025-12-04 16:19:33] Successfully processed graph 146 - Category: win - Time: 9.66s
[2025-12-04 16:19:33] 
Processing graph 147/200
[2025-12-04 16:19:33] Graph 147 has 128 nodes and 130 edges
[2025-12-04 16:19:33] Converted to 130 bitstring edges
[2025-12-04 16:19:33] Computing Matchings Dynamic walk
[2025-12-04 16:19:33] Matchings - CX: 1046.0, U3: 1055.0, Depth: 1382.0
[2025-12-04 16:19:33] Computing Pauli decomposition
[2025-12-04 16:19:42] Pauli - CX: 1052.0, U3: 1356.0, Depth: 1703.0
[2025-12-04 16:19:42] Analysis completed in 9.40s - Category: win
[2025-12-04 16:19:42] Successfully processed graph 147 - Category: win - Time: 9.40s
[2025-12-04 16:19:42] 
Processing graph 148/200
[2025-12-04 16:19:42] Graph 148 has 128 nodes and 130 edges
[2025-12-04 16:19:42] Converted to 130 bitstring edges
[2025-12-04 16:19:42] Computing Matchings Dynamic walk
[2025-12-04 16:19:42] Matchings - CX: 574.0, U3: 573.0, Depth: 773.0
[2025-12-04 16:19:42] Computing Pauli decomposition
[2025-12-04 16:19:52] Pauli - CX: 951.0, U3: 1357.0, Depth: 1586.0
[2025-12-04 16:19:52] Analysis completed in 10.00s - Category: win
[2025-12-04 16:19:52] Successfully processed graph 148 - Category: win - Time: 10.00s
[2025-12-04 16:19:52] 
Processing graph 149/200
[2025-12-04 16:19:52] Graph 149 has 128 nodes and 130 edges
[2025-12-04 16:19:52] Converted to 130 bitstring edges
[2025-12-04 16:19:52] Computing Matchings Dynamic walk
[2025-12-04 16:19:52] Matchings - CX: 768.0, U3: 761.0, Depth: 1038.0
[2025-12-04 16:19:52] Computing Pauli decomposition
[2025-12-04 16:20:02] Pauli - CX: 1111.0, U3: 1339.0, Depth: 1778.0
[2025-12-04 16:20:02] Analysis completed in 9.49s - Category: win
[2025-12-04 16:20:02] Successfully processed graph 149 - Category: win - Time: 9.49s
[2025-12-04 16:20:02] 
Processing graph 150/200
[2025-12-04 16:20:02] Graph 150 has 128 nodes and 130 edges
[2025-12-04 16:20:02] Converted to 130 bitstring edges
[2025-12-04 16:20:02] Computing Matchings Dynamic walk
[2025-12-04 16:20:02] Matchings - CX: 866.0, U3: 863.0, Depth: 1135.0
[2025-12-04 16:20:02] Computing Pauli decomposition
[2025-12-04 16:20:12] Pauli - CX: 960.0, U3: 1124.0, Depth: 1497.0
[2025-12-04 16:20:12] Analysis completed in 10.20s - Category: win
[2025-12-04 16:20:12] Successfully processed graph 150 - Category: win - Time: 10.20s
[2025-12-04 16:20:12] 
Processing graph 151/200
[2025-12-04 16:20:12] Graph 151 has 128 nodes and 130 edges
[2025-12-04 16:20:12] Converted to 130 bitstring edges
[2025-12-04 16:20:12] Computing Matchings Dynamic walk
[2025-12-04 16:20:12] Matchings - CX: 1175.0, U3: 1177.0, Depth: 1536.0
[2025-12-04 16:20:12] Computing Pauli decomposition
[2025-12-04 16:20:21] Pauli - CX: 1276.0, U3: 1598.0, Depth: 2035.0
[2025-12-04 16:20:21] Analysis completed in 9.42s - Category: win
[2025-12-04 16:20:21] Successfully processed graph 151 - Category: win - Time: 9.42s
[2025-12-04 16:20:21] 
Processing graph 152/200
[2025-12-04 16:20:21] Graph 152 has 128 nodes and 130 edges
[2025-12-04 16:20:21] Converted to 130 bitstring edges
[2025-12-04 16:20:21] Computing Matchings Dynamic walk
[2025-12-04 16:20:22] Matchings - CX: 727.0, U3: 721.0, Depth: 955.0
[2025-12-04 16:20:22] Computing Pauli decomposition
[2025-12-04 16:20:31] Pauli - CX: 1141.0, U3: 997.0, Depth: 1626.0
[2025-12-04 16:20:31] Analysis completed in 9.60s - Category: win
[2025-12-04 16:20:31] Successfully processed graph 152 - Category: win - Time: 9.60s
[2025-12-04 16:20:31] 
Processing graph 153/200
[2025-12-04 16:20:31] Graph 153 has 128 nodes and 130 edges
[2025-12-04 16:20:31] Converted to 130 bitstring edges
[2025-12-04 16:20:31] Computing Matchings Dynamic walk
[2025-12-04 16:20:31] Matchings - CX: 1039.0, U3: 1033.0, Depth: 1387.0
[2025-12-04 16:20:31] Computing Pauli decomposition
[2025-12-04 16:20:41] Pauli - CX: 1084.0, U3: 863.0, Depth: 1535.0
[2025-12-04 16:20:41] Analysis completed in 9.54s - Category: win
[2025-12-04 16:20:41] Successfully processed graph 153 - Category: win - Time: 9.54s
[2025-12-04 16:20:41] 
Processing graph 154/200
[2025-12-04 16:20:41] Graph 154 has 128 nodes and 130 edges
[2025-12-04 16:20:41] Converted to 130 bitstring edges
[2025-12-04 16:20:41] Computing Matchings Dynamic walk
[2025-12-04 16:20:41] Matchings - CX: 358.0, U3: 353.0, Depth: 468.0
[2025-12-04 16:20:41] Computing Pauli decomposition
[2025-12-04 16:20:51] Pauli - CX: 1083.0, U3: 1324.0, Depth: 1745.0
[2025-12-04 16:20:51] Analysis completed in 9.96s - Category: win
[2025-12-04 16:20:51] Successfully processed graph 154 - Category: win - Time: 9.96s
[2025-12-04 16:20:51] 
Processing graph 155/200
[2025-12-04 16:20:51] Graph 155 has 128 nodes and 130 edges
[2025-12-04 16:20:51] Converted to 130 bitstring edges
[2025-12-04 16:20:51] Computing Matchings Dynamic walk
[2025-12-04 16:20:51] Matchings - CX: 764.0, U3: 770.0, Depth: 1004.0
[2025-12-04 16:20:51] Computing Pauli decomposition
[2025-12-04 16:21:00] Pauli - CX: 1029.0, U3: 1259.0, Depth: 1669.0
[2025-12-04 16:21:00] Analysis completed in 9.78s - Category: win
[2025-12-04 16:21:00] Successfully processed graph 155 - Category: win - Time: 9.78s
[2025-12-04 16:21:00] 
Processing graph 156/200
[2025-12-04 16:21:00] Graph 156 has 128 nodes and 130 edges
[2025-12-04 16:21:00] Converted to 130 bitstring edges
[2025-12-04 16:21:00] Computing Matchings Dynamic walk
[2025-12-04 16:21:00] Matchings - CX: 767.0, U3: 770.0, Depth: 1034.0
[2025-12-04 16:21:00] Computing Pauli decomposition
[2025-12-04 16:21:10] Pauli - CX: 1076.0, U3: 1255.0, Depth: 1716.0
[2025-12-04 16:21:10] Analysis completed in 9.19s - Category: win
[2025-12-04 16:21:10] Successfully processed graph 156 - Category: win - Time: 9.19s
[2025-12-04 16:21:10] 
Processing graph 157/200
[2025-12-04 16:21:10] Graph 157 has 128 nodes and 130 edges
[2025-12-04 16:21:10] Converted to 130 bitstring edges
[2025-12-04 16:21:10] Computing Matchings Dynamic walk
[2025-12-04 16:21:10] Matchings - CX: 836.0, U3: 827.0, Depth: 1130.0
[2025-12-04 16:21:10] Computing Pauli decomposition
[2025-12-04 16:21:19] Pauli - CX: 1323.0, U3: 1478.0, Depth: 2024.0
[2025-12-04 16:21:19] Analysis completed in 9.36s - Category: win
[2025-12-04 16:21:19] Successfully processed graph 157 - Category: win - Time: 9.36s
[2025-12-04 16:21:19] 
Processing graph 158/200
[2025-12-04 16:21:19] Graph 158 has 128 nodes and 130 edges
[2025-12-04 16:21:19] Converted to 130 bitstring edges
[2025-12-04 16:21:19] Computing Matchings Dynamic walk
[2025-12-04 16:21:19] Matchings - CX: 617.0, U3: 610.0, Depth: 813.0
[2025-12-04 16:21:19] Computing Pauli decomposition
[2025-12-04 16:21:28] Pauli - CX: 1255.0, U3: 1464.0, Depth: 1972.0
[2025-12-04 16:21:28] Analysis completed in 9.48s - Category: win
[2025-12-04 16:21:28] Successfully processed graph 158 - Category: win - Time: 9.48s
[2025-12-04 16:21:28] 
Processing graph 159/200
[2025-12-04 16:21:28] Graph 159 has 128 nodes and 130 edges
[2025-12-04 16:21:28] Converted to 130 bitstring edges
[2025-12-04 16:21:28] Computing Matchings Dynamic walk
[2025-12-04 16:21:28] Matchings - CX: 894.0, U3: 890.0, Depth: 1192.0
[2025-12-04 16:21:28] Computing Pauli decomposition
[2025-12-04 16:21:38] Pauli - CX: 1223.0, U3: 1263.0, Depth: 1865.0
[2025-12-04 16:21:38] Analysis completed in 9.33s - Category: win
[2025-12-04 16:21:38] Successfully processed graph 159 - Category: win - Time: 9.33s
[2025-12-04 16:21:38] 
Processing graph 160/200
[2025-12-04 16:21:38] Graph 160 has 128 nodes and 130 edges
[2025-12-04 16:21:38] Converted to 130 bitstring edges
[2025-12-04 16:21:38] Computing Matchings Dynamic walk
[2025-12-04 16:21:38] Matchings - CX: 798.0, U3: 810.0, Depth: 1069.0
[2025-12-04 16:21:38] Computing Pauli decomposition
[2025-12-04 16:21:47] Pauli - CX: 1335.0, U3: 1482.0, Depth: 2058.0
[2025-12-04 16:21:47] Analysis completed in 9.42s - Category: win
[2025-12-04 16:21:47] Successfully processed graph 160 - Category: win - Time: 9.42s
[2025-12-04 16:21:47] 
Processing graph 161/200
[2025-12-04 16:21:47] Graph 161 has 128 nodes and 130 edges
[2025-12-04 16:21:47] Converted to 130 bitstring edges
[2025-12-04 16:21:47] Computing Matchings Dynamic walk
[2025-12-04 16:21:47] Matchings - CX: 352.0, U3: 352.0, Depth: 468.0
[2025-12-04 16:21:47] Computing Pauli decomposition
[2025-12-04 16:21:57] Pauli - CX: 1404.0, U3: 1324.0, Depth: 2066.0
[2025-12-04 16:21:57] Analysis completed in 9.39s - Category: win
[2025-12-04 16:21:57] Successfully processed graph 161 - Category: win - Time: 9.39s
[2025-12-04 16:21:57] 
Processing graph 162/200
[2025-12-04 16:21:57] Graph 162 has 128 nodes and 130 edges
[2025-12-04 16:21:57] Converted to 130 bitstring edges
[2025-12-04 16:21:57] Computing Matchings Dynamic walk
[2025-12-04 16:21:57] Matchings - CX: 771.0, U3: 769.0, Depth: 1030.0
[2025-12-04 16:21:57] Computing Pauli decomposition
[2025-12-04 16:22:06] Pauli - CX: 1187.0, U3: 1493.0, Depth: 1905.0
[2025-12-04 16:22:06] Analysis completed in 9.43s - Category: win
[2025-12-04 16:22:06] Successfully processed graph 162 - Category: win - Time: 9.43s
[2025-12-04 16:22:06] 
Processing graph 163/200
[2025-12-04 16:22:06] Graph 163 has 128 nodes and 130 edges
[2025-12-04 16:22:06] Converted to 130 bitstring edges
[2025-12-04 16:22:06] Computing Matchings Dynamic walk
[2025-12-04 16:22:06] Matchings - CX: 1073.0, U3: 1099.0, Depth: 1403.0
[2025-12-04 16:22:06] Computing Pauli decomposition
[2025-12-04 16:22:16] Pauli - CX: 1101.0, U3: 1285.0, Depth: 1740.0
[2025-12-04 16:22:16] Analysis completed in 10.33s - Category: win
[2025-12-04 16:22:16] Successfully processed graph 163 - Category: win - Time: 10.33s
[2025-12-04 16:22:16] 
Processing graph 164/200
[2025-12-04 16:22:16] Graph 164 has 128 nodes and 130 edges
[2025-12-04 16:22:16] Converted to 130 bitstring edges
[2025-12-04 16:22:16] Computing Matchings Dynamic walk
[2025-12-04 16:22:16] Matchings - CX: 804.0, U3: 792.0, Depth: 1067.0
[2025-12-04 16:22:16] Computing Pauli decomposition
[2025-12-04 16:22:26] Pauli - CX: 1211.0, U3: 1541.0, Depth: 1955.0
[2025-12-04 16:22:26] Analysis completed in 10.00s - Category: win
[2025-12-04 16:22:26] Successfully processed graph 164 - Category: win - Time: 10.00s
[2025-12-04 16:22:26] 
Processing graph 165/200
[2025-12-04 16:22:26] Graph 165 has 128 nodes and 130 edges
[2025-12-04 16:22:26] Converted to 130 bitstring edges
[2025-12-04 16:22:26] Computing Matchings Dynamic walk
[2025-12-04 16:22:26] Matchings - CX: 1079.0, U3: 1091.0, Depth: 1419.0
[2025-12-04 16:22:26] Computing Pauli decomposition
[2025-12-04 16:22:37] Pauli - CX: 952.0, U3: 1190.0, Depth: 1546.0
[2025-12-04 16:22:37] Analysis completed in 10.72s - Category: lose
[2025-12-04 16:22:37] Successfully processed graph 165 - Category: lose - Time: 10.72s
[2025-12-04 16:22:37] 
Processing graph 166/200
[2025-12-04 16:22:37] Graph 166 has 128 nodes and 130 edges
[2025-12-04 16:22:37] Converted to 130 bitstring edges
[2025-12-04 16:22:37] Computing Matchings Dynamic walk
[2025-12-04 16:22:37] Matchings - CX: 354.0, U3: 355.0, Depth: 469.0
[2025-12-04 16:22:37] Computing Pauli decomposition
[2025-12-04 16:22:49] Pauli - CX: 1180.0, U3: 1502.0, Depth: 1911.0
[2025-12-04 16:22:49] Analysis completed in 11.52s - Category: win
[2025-12-04 16:22:49] Successfully processed graph 166 - Category: win - Time: 11.52s
[2025-12-04 16:22:49] 
Processing graph 167/200
[2025-12-04 16:22:49] Graph 167 has 128 nodes and 130 edges
[2025-12-04 16:22:49] Converted to 130 bitstring edges
[2025-12-04 16:22:49] Computing Matchings Dynamic walk
[2025-12-04 16:22:49] Matchings - CX: 692.0, U3: 698.0, Depth: 922.0
[2025-12-04 16:22:49] Computing Pauli decomposition
[2025-12-04 16:23:00] Pauli - CX: 1261.0, U3: 1223.0, Depth: 1894.0
[2025-12-04 16:23:00] Analysis completed in 11.21s - Category: win
[2025-12-04 16:23:00] Successfully processed graph 167 - Category: win - Time: 11.21s
[2025-12-04 16:23:00] 
Processing graph 168/200
[2025-12-04 16:23:00] Graph 168 has 128 nodes and 130 edges
[2025-12-04 16:23:00] Converted to 130 bitstring edges
[2025-12-04 16:23:00] Computing Matchings Dynamic walk
[2025-12-04 16:23:00] Matchings - CX: 1000.0, U3: 998.0, Depth: 1334.0
[2025-12-04 16:23:00] Computing Pauli decomposition
[2025-12-04 16:23:12] Pauli - CX: 1253.0, U3: 1504.0, Depth: 1963.0
[2025-12-04 16:23:12] Analysis completed in 12.07s - Category: win
[2025-12-04 16:23:12] Successfully processed graph 168 - Category: win - Time: 12.07s
[2025-12-04 16:23:12] 
Processing graph 169/200
[2025-12-04 16:23:12] Graph 169 has 128 nodes and 130 edges
[2025-12-04 16:23:12] Converted to 130 bitstring edges
[2025-12-04 16:23:12] Computing Matchings Dynamic walk
[2025-12-04 16:23:12] Matchings - CX: 903.0, U3: 912.0, Depth: 1203.0
[2025-12-04 16:23:12] Computing Pauli decomposition
[2025-12-04 16:23:22] Pauli - CX: 1032.0, U3: 1237.0, Depth: 1663.0
[2025-12-04 16:23:22] Analysis completed in 10.11s - Category: win
[2025-12-04 16:23:22] Successfully processed graph 169 - Category: win - Time: 10.11s
[2025-12-04 16:23:22] 
Processing graph 170/200
[2025-12-04 16:23:22] Graph 170 has 128 nodes and 130 edges
[2025-12-04 16:23:22] Converted to 130 bitstring edges
[2025-12-04 16:23:22] Computing Matchings Dynamic walk
[2025-12-04 16:23:22] Matchings - CX: 652.0, U3: 660.0, Depth: 866.0
[2025-12-04 16:23:22] Computing Pauli decomposition
[2025-12-04 16:23:31] Pauli - CX: 1204.0, U3: 1643.0, Depth: 1963.0
[2025-12-04 16:23:31] Analysis completed in 9.46s - Category: win
[2025-12-04 16:23:31] Successfully processed graph 170 - Category: win - Time: 9.46s
[2025-12-04 16:23:31] 
Processing graph 171/200
[2025-12-04 16:23:31] Graph 171 has 128 nodes and 130 edges
[2025-12-04 16:23:31] Converted to 130 bitstring edges
[2025-12-04 16:23:31] Computing Matchings Dynamic walk
[2025-12-04 16:23:31] Matchings - CX: 360.0, U3: 355.0, Depth: 476.0
[2025-12-04 16:23:31] Computing Pauli decomposition
[2025-12-04 16:23:41] Pauli - CX: 1327.0, U3: 1622.0, Depth: 2091.0
[2025-12-04 16:23:41] Analysis completed in 9.90s - Category: win
[2025-12-04 16:23:41] Successfully processed graph 171 - Category: win - Time: 9.90s
[2025-12-04 16:23:41] 
Processing graph 172/200
[2025-12-04 16:23:41] Graph 172 has 128 nodes and 130 edges
[2025-12-04 16:23:41] Converted to 130 bitstring edges
[2025-12-04 16:23:41] Computing Matchings Dynamic walk
[2025-12-04 16:23:41] Matchings - CX: 745.0, U3: 751.0, Depth: 995.0
[2025-12-04 16:23:41] Computing Pauli decomposition
[2025-12-04 16:23:51] Pauli - CX: 1162.0, U3: 1267.0, Depth: 1813.0
[2025-12-04 16:23:51] Analysis completed in 10.06s - Category: win
[2025-12-04 16:23:51] Successfully processed graph 172 - Category: win - Time: 10.06s
[2025-12-04 16:23:51] 
Processing graph 173/200
[2025-12-04 16:23:51] Graph 173 has 128 nodes and 130 edges
[2025-12-04 16:23:51] Converted to 130 bitstring edges
[2025-12-04 16:23:51] Computing Matchings Dynamic walk
[2025-12-04 16:23:51] Matchings - CX: 890.0, U3: 887.0, Depth: 1190.0
[2025-12-04 16:23:51] Computing Pauli decomposition
[2025-12-04 16:24:01] Pauli - CX: 1169.0, U3: 1279.0, Depth: 1808.0
[2025-12-04 16:24:01] Analysis completed in 9.47s - Category: win
[2025-12-04 16:24:01] Successfully processed graph 173 - Category: win - Time: 9.47s
[2025-12-04 16:24:01] 
Processing graph 174/200
[2025-12-04 16:24:01] Graph 174 has 128 nodes and 130 edges
[2025-12-04 16:24:01] Converted to 130 bitstring edges
[2025-12-04 16:24:01] Computing Matchings Dynamic walk
[2025-12-04 16:24:01] Matchings - CX: 786.0, U3: 789.0, Depth: 1025.0
[2025-12-04 16:24:01] Computing Pauli decomposition
[2025-12-04 16:24:11] Pauli - CX: 1517.0, U3: 1315.0, Depth: 2169.0
[2025-12-04 16:24:11] Analysis completed in 9.64s - Category: win
[2025-12-04 16:24:11] Successfully processed graph 174 - Category: win - Time: 9.64s
[2025-12-04 16:24:11] 
Processing graph 175/200
[2025-12-04 16:24:11] Graph 175 has 128 nodes and 130 edges
[2025-12-04 16:24:11] Converted to 130 bitstring edges
[2025-12-04 16:24:11] Computing Matchings Dynamic walk
[2025-12-04 16:24:11] Matchings - CX: 570.0, U3: 587.0, Depth: 737.0
[2025-12-04 16:24:11] Computing Pauli decomposition
[2025-12-04 16:24:20] Pauli - CX: 1071.0, U3: 1340.0, Depth: 1741.0
[2025-12-04 16:24:20] Analysis completed in 9.72s - Category: win
[2025-12-04 16:24:20] Successfully processed graph 175 - Category: win - Time: 9.72s
[2025-12-04 16:24:20] 
Processing graph 176/200
[2025-12-04 16:24:20] Graph 176 has 128 nodes and 130 edges
[2025-12-04 16:24:20] Converted to 130 bitstring edges
[2025-12-04 16:24:20] Computing Matchings Dynamic walk
[2025-12-04 16:24:20] Matchings - CX: 825.0, U3: 830.0, Depth: 1101.0
[2025-12-04 16:24:20] Computing Pauli decomposition
[2025-12-04 16:24:30] Pauli - CX: 1137.0, U3: 1200.0, Depth: 1744.0
[2025-12-04 16:24:30] Analysis completed in 9.39s - Category: win
[2025-12-04 16:24:30] Successfully processed graph 176 - Category: win - Time: 9.39s
[2025-12-04 16:24:30] 
Processing graph 177/200
[2025-12-04 16:24:30] Graph 177 has 128 nodes and 130 edges
[2025-12-04 16:24:30] Converted to 130 bitstring edges
[2025-12-04 16:24:30] Computing Matchings Dynamic walk
[2025-12-04 16:24:30] Matchings - CX: 358.0, U3: 356.0, Depth: 475.0
[2025-12-04 16:24:30] Computing Pauli decomposition
[2025-12-04 16:24:39] Pauli - CX: 1304.0, U3: 1672.0, Depth: 2086.0
[2025-12-04 16:24:39] Analysis completed in 9.53s - Category: win
[2025-12-04 16:24:39] Successfully processed graph 177 - Category: win - Time: 9.53s
[2025-12-04 16:24:39] 
Processing graph 178/200
[2025-12-04 16:24:39] Graph 178 has 128 nodes and 130 edges
[2025-12-04 16:24:39] Converted to 130 bitstring edges
[2025-12-04 16:24:39] Computing Matchings Dynamic walk
[2025-12-04 16:24:39] Matchings - CX: 342.0, U3: 348.0, Depth: 455.0
[2025-12-04 16:24:39] Computing Pauli decomposition
[2025-12-04 16:24:49] Pauli - CX: 1005.0, U3: 1210.0, Depth: 1620.0
[2025-12-04 16:24:49] Analysis completed in 9.73s - Category: win
[2025-12-04 16:24:49] Successfully processed graph 178 - Category: win - Time: 9.73s
[2025-12-04 16:24:49] 
Processing graph 179/200
[2025-12-04 16:24:49] Graph 179 has 128 nodes and 130 edges
[2025-12-04 16:24:49] Converted to 130 bitstring edges
[2025-12-04 16:24:49] Computing Matchings Dynamic walk
[2025-12-04 16:24:49] Matchings - CX: 784.0, U3: 770.0, Depth: 1040.0
[2025-12-04 16:24:49] Computing Pauli decomposition
[2025-12-04 16:24:59] Pauli - CX: 1232.0, U3: 1448.0, Depth: 1921.0
[2025-12-04 16:24:59] Analysis completed in 9.88s - Category: win
[2025-12-04 16:24:59] Successfully processed graph 179 - Category: win - Time: 9.88s
[2025-12-04 16:24:59] 
Processing graph 180/200
[2025-12-04 16:24:59] Graph 180 has 128 nodes and 130 edges
[2025-12-04 16:24:59] Converted to 130 bitstring edges
[2025-12-04 16:24:59] Computing Matchings Dynamic walk
[2025-12-04 16:24:59] Matchings - CX: 350.0, U3: 353.0, Depth: 470.0
[2025-12-04 16:24:59] Computing Pauli decomposition
[2025-12-04 16:25:08] Pauli - CX: 1252.0, U3: 1456.0, Depth: 1952.0
[2025-12-04 16:25:08] Analysis completed in 9.47s - Category: win
[2025-12-04 16:25:08] Successfully processed graph 180 - Category: win - Time: 9.47s
[2025-12-04 16:25:08] 
Processing graph 181/200
[2025-12-04 16:25:08] Graph 181 has 128 nodes and 130 edges
[2025-12-04 16:25:08] Converted to 130 bitstring edges
[2025-12-04 16:25:08] Computing Matchings Dynamic walk
[2025-12-04 16:25:08] Matchings - CX: 819.0, U3: 829.0, Depth: 1077.0
[2025-12-04 16:25:08] Computing Pauli decomposition
[2025-12-04 16:25:18] Pauli - CX: 1115.0, U3: 1149.0, Depth: 1709.0
[2025-12-04 16:25:18] Analysis completed in 9.47s - Category: win
[2025-12-04 16:25:18] Successfully processed graph 181 - Category: win - Time: 9.47s
[2025-12-04 16:25:18] 
Processing graph 182/200
[2025-12-04 16:25:18] Graph 182 has 128 nodes and 130 edges
[2025-12-04 16:25:18] Converted to 130 bitstring edges
[2025-12-04 16:25:18] Computing Matchings Dynamic walk
[2025-12-04 16:25:18] Matchings - CX: 852.0, U3: 860.0, Depth: 1105.0
[2025-12-04 16:25:18] Computing Pauli decomposition
[2025-12-04 16:25:28] Pauli - CX: 1295.0, U3: 1619.0, Depth: 2063.0
[2025-12-04 16:25:28] Analysis completed in 10.29s - Category: win
[2025-12-04 16:25:28] Successfully processed graph 182 - Category: win - Time: 10.29s
[2025-12-04 16:25:28] 
Processing graph 183/200
[2025-12-04 16:25:28] Graph 183 has 128 nodes and 130 edges
[2025-12-04 16:25:28] Converted to 130 bitstring edges
[2025-12-04 16:25:28] Computing Matchings Dynamic walk
[2025-12-04 16:25:28] Matchings - CX: 356.0, U3: 355.0, Depth: 472.0
[2025-12-04 16:25:28] Computing Pauli decomposition
[2025-12-04 16:25:38] Pauli - CX: 1238.0, U3: 1327.0, Depth: 1904.0
[2025-12-04 16:25:38] Analysis completed in 9.59s - Category: win
[2025-12-04 16:25:38] Successfully processed graph 183 - Category: win - Time: 9.59s
[2025-12-04 16:25:38] 
Processing graph 184/200
[2025-12-04 16:25:38] Graph 184 has 128 nodes and 130 edges
[2025-12-04 16:25:38] Converted to 130 bitstring edges
[2025-12-04 16:25:38] Computing Matchings Dynamic walk
[2025-12-04 16:25:38] Matchings - CX: 352.0, U3: 353.0, Depth: 470.0
[2025-12-04 16:25:38] Computing Pauli decomposition
[2025-12-04 16:25:48] Pauli - CX: 1197.0, U3: 1221.0, Depth: 1822.0
[2025-12-04 16:25:48] Analysis completed in 10.11s - Category: win
[2025-12-04 16:25:48] Successfully processed graph 184 - Category: win - Time: 10.11s
[2025-12-04 16:25:48] 
Processing graph 185/200
[2025-12-04 16:25:48] Graph 185 has 128 nodes and 130 edges
[2025-12-04 16:25:48] Converted to 130 bitstring edges
[2025-12-04 16:25:48] Computing Matchings Dynamic walk
[2025-12-04 16:25:48] Matchings - CX: 854.0, U3: 858.0, Depth: 1126.0
[2025-12-04 16:25:48] Computing Pauli decomposition
[2025-12-04 16:25:57] Pauli - CX: 1414.0, U3: 1658.0, Depth: 2185.0
[2025-12-04 16:25:57] Analysis completed in 9.70s - Category: win
[2025-12-04 16:25:57] Successfully processed graph 185 - Category: win - Time: 9.70s
[2025-12-04 16:25:57] 
Processing graph 186/200
[2025-12-04 16:25:57] Graph 186 has 128 nodes and 130 edges
[2025-12-04 16:25:57] Converted to 130 bitstring edges
[2025-12-04 16:25:57] Computing Matchings Dynamic walk
[2025-12-04 16:25:58] Matchings - CX: 1047.0, U3: 1056.0, Depth: 1382.0
[2025-12-04 16:25:58] Computing Pauli decomposition
[2025-12-04 16:26:07] Pauli - CX: 1239.0, U3: 1349.0, Depth: 1914.0
[2025-12-04 16:26:07] Analysis completed in 9.66s - Category: win
[2025-12-04 16:26:07] Successfully processed graph 186 - Category: win - Time: 9.66s
[2025-12-04 16:26:07] 
Processing graph 187/200
[2025-12-04 16:26:07] Graph 187 has 128 nodes and 130 edges
[2025-12-04 16:26:07] Converted to 130 bitstring edges
[2025-12-04 16:26:07] Computing Matchings Dynamic walk
[2025-12-04 16:26:07] Matchings - CX: 358.0, U3: 353.0, Depth: 474.0
[2025-12-04 16:26:07] Computing Pauli decomposition
[2025-12-04 16:26:17] Pauli - CX: 1075.0, U3: 1388.0, Depth: 1731.0
[2025-12-04 16:26:17] Analysis completed in 9.64s - Category: win
[2025-12-04 16:26:17] Successfully processed graph 187 - Category: win - Time: 9.64s
[2025-12-04 16:26:17] 
Processing graph 188/200
[2025-12-04 16:26:17] Graph 188 has 128 nodes and 130 edges
[2025-12-04 16:26:17] Converted to 130 bitstring edges
[2025-12-04 16:26:17] Computing Matchings Dynamic walk
[2025-12-04 16:26:17] Matchings - CX: 706.0, U3: 705.0, Depth: 937.0
[2025-12-04 16:26:17] Computing Pauli decomposition
[2025-12-04 16:26:26] Pauli - CX: 967.0, U3: 1183.0, Depth: 1509.0
[2025-12-04 16:26:26] Analysis completed in 9.32s - Category: win
[2025-12-04 16:26:26] Successfully processed graph 188 - Category: win - Time: 9.32s
[2025-12-04 16:26:26] 
Processing graph 189/200
[2025-12-04 16:26:26] Graph 189 has 128 nodes and 131 edges
[2025-12-04 16:26:26] Converted to 131 bitstring edges
[2025-12-04 16:26:26] Computing Matchings Dynamic walk
[2025-12-04 16:26:26] Matchings - CX: 414.0, U3: 411.0, Depth: 549.0
[2025-12-04 16:26:26] Computing Pauli decomposition
[2025-12-04 16:26:36] Pauli - CX: 1373.0, U3: 1688.0, Depth: 2174.0
[2025-12-04 16:26:36] Analysis completed in 9.83s - Category: win
[2025-12-04 16:26:36] Successfully processed graph 189 - Category: win - Time: 9.83s
[2025-12-04 16:26:36] 
Processing graph 190/200
[2025-12-04 16:26:36] Graph 190 has 128 nodes and 131 edges
[2025-12-04 16:26:36] Converted to 131 bitstring edges
[2025-12-04 16:26:36] Computing Matchings Dynamic walk
[2025-12-04 16:26:36] Matchings - CX: 841.0, U3: 838.0, Depth: 1131.0
[2025-12-04 16:26:36] Computing Pauli decomposition
[2025-12-04 16:26:46] Pauli - CX: 1456.0, U3: 1793.0, Depth: 2318.0
[2025-12-04 16:26:46] Analysis completed in 10.07s - Category: win
[2025-12-04 16:26:46] Successfully processed graph 190 - Category: win - Time: 10.07s
[2025-12-04 16:26:46] 
Processing graph 191/200
[2025-12-04 16:26:46] Graph 191 has 128 nodes and 131 edges
[2025-12-04 16:26:46] Converted to 131 bitstring edges
[2025-12-04 16:26:46] Computing Matchings Dynamic walk
[2025-12-04 16:26:46] Matchings - CX: 903.0, U3: 884.0, Depth: 1213.0
[2025-12-04 16:26:46] Computing Pauli decomposition
[2025-12-04 16:26:56] Pauli - CX: 1465.0, U3: 1834.0, Depth: 2338.0
[2025-12-04 16:26:56] Analysis completed in 9.83s - Category: win
[2025-12-04 16:26:56] Successfully processed graph 191 - Category: win - Time: 9.83s
[2025-12-04 16:26:56] 
Processing graph 192/200
[2025-12-04 16:26:56] Graph 192 has 128 nodes and 131 edges
[2025-12-04 16:26:56] Converted to 131 bitstring edges
[2025-12-04 16:26:56] Computing Matchings Dynamic walk
[2025-12-04 16:26:56] Matchings - CX: 410.0, U3: 408.0, Depth: 541.0
[2025-12-04 16:26:56] Computing Pauli decomposition
[2025-12-04 16:27:05] Pauli - CX: 1325.0, U3: 1326.0, Depth: 2029.0
[2025-12-04 16:27:05] Analysis completed in 9.25s - Category: win
[2025-12-04 16:27:05] Successfully processed graph 192 - Category: win - Time: 9.25s
[2025-12-04 16:27:05] 
Processing graph 193/200
[2025-12-04 16:27:05] Graph 193 has 128 nodes and 131 edges
[2025-12-04 16:27:05] Converted to 131 bitstring edges
[2025-12-04 16:27:05] Computing Matchings Dynamic walk
[2025-12-04 16:27:05] Matchings - CX: 1409.0, U3: 1420.0, Depth: 1864.0
[2025-12-04 16:27:05] Computing Pauli decomposition
[2025-12-04 16:27:15] Pauli - CX: 1384.0, U3: 1450.0, Depth: 2121.0
[2025-12-04 16:27:15] Analysis completed in 9.89s - Category: lose
[2025-12-04 16:27:15] Successfully processed graph 193 - Category: lose - Time: 9.89s
[2025-12-04 16:27:15] 
Processing graph 194/200
[2025-12-04 16:27:15] Graph 194 has 128 nodes and 131 edges
[2025-12-04 16:27:15] Converted to 131 bitstring edges
[2025-12-04 16:27:15] Computing Matchings Dynamic walk
[2025-12-04 16:27:15] Matchings - CX: 802.0, U3: 808.0, Depth: 1059.0
[2025-12-04 16:27:15] Computing Pauli decomposition
[2025-12-04 16:27:25] Pauli - CX: 1381.0, U3: 1500.0, Depth: 2137.0
[2025-12-04 16:27:25] Analysis completed in 9.94s - Category: win
[2025-12-04 16:27:25] Successfully processed graph 194 - Category: win - Time: 9.94s
[2025-12-04 16:27:25] 
Processing graph 195/200
[2025-12-04 16:27:25] Graph 195 has 128 nodes and 131 edges
[2025-12-04 16:27:25] Converted to 131 bitstring edges
[2025-12-04 16:27:25] Computing Matchings Dynamic walk
[2025-12-04 16:27:25] Matchings - CX: 416.0, U3: 416.0, Depth: 547.0
[2025-12-04 16:27:25] Computing Pauli decomposition
[2025-12-04 16:27:35] Pauli - CX: 1408.0, U3: 1400.0, Depth: 2135.0
[2025-12-04 16:27:35] Analysis completed in 9.82s - Category: win
[2025-12-04 16:27:35] Successfully processed graph 195 - Category: win - Time: 9.82s
[2025-12-04 16:27:35] 
Processing graph 196/200
[2025-12-04 16:27:35] Graph 196 has 128 nodes and 131 edges
[2025-12-04 16:27:35] Converted to 131 bitstring edges
[2025-12-04 16:27:35] Computing Matchings Dynamic walk
[2025-12-04 16:27:35] Matchings - CX: 808.0, U3: 816.0, Depth: 1073.0
[2025-12-04 16:27:35] Computing Pauli decomposition
[2025-12-04 16:27:45] Pauli - CX: 1304.0, U3: 1534.0, Depth: 2076.0
[2025-12-04 16:27:45] Analysis completed in 10.56s - Category: win
[2025-12-04 16:27:45] Successfully processed graph 196 - Category: win - Time: 10.56s
[2025-12-04 16:27:45] 
Processing graph 197/200
[2025-12-04 16:27:45] Graph 197 has 128 nodes and 131 edges
[2025-12-04 16:27:45] Converted to 131 bitstring edges
[2025-12-04 16:27:45] Computing Matchings Dynamic walk
[2025-12-04 16:27:45] Matchings - CX: 1006.0, U3: 992.0, Depth: 1345.0
[2025-12-04 16:27:45] Computing Pauli decomposition
[2025-12-04 16:27:55] Pauli - CX: 1044.0, U3: 1377.0, Depth: 1720.0
[2025-12-04 16:27:55] Analysis completed in 9.50s - Category: win
[2025-12-04 16:27:55] Successfully processed graph 197 - Category: win - Time: 9.50s
[2025-12-04 16:27:55] 
Processing graph 198/200
[2025-12-04 16:27:55] Graph 198 has 128 nodes and 131 edges
[2025-12-04 16:27:55] Converted to 131 bitstring edges
[2025-12-04 16:27:55] Computing Matchings Dynamic walk
[2025-12-04 16:27:55] Matchings - CX: 416.0, U3: 411.0, Depth: 537.0
[2025-12-04 16:27:55] Computing Pauli decomposition
[2025-12-04 16:28:04] Pauli - CX: 1114.0, U3: 1464.0, Depth: 1842.0
[2025-12-04 16:28:04] Analysis completed in 9.49s - Category: win
[2025-12-04 16:28:04] Successfully processed graph 198 - Category: win - Time: 9.49s
[2025-12-04 16:28:04] 
Processing graph 199/200
[2025-12-04 16:28:04] Graph 199 has 128 nodes and 131 edges
[2025-12-04 16:28:04] Converted to 131 bitstring edges
[2025-12-04 16:28:04] Computing Matchings Dynamic walk
[2025-12-04 16:28:04] Matchings - CX: 924.0, U3: 924.0, Depth: 1190.0
[2025-12-04 16:28:04] Computing Pauli decomposition
[2025-12-04 16:28:14] Pauli - CX: 1346.0, U3: 1664.0, Depth: 2154.0
[2025-12-04 16:28:14] Analysis completed in 9.82s - Category: win
[2025-12-04 16:28:14] Successfully processed graph 199 - Category: win - Time: 9.82s
[2025-12-04 16:28:14] 
Final Results Summary:
[2025-12-04 16:28:14] Total graphs in file: 200
[2025-12-04 16:28:14] Successfully processed: 200
[2025-12-04 16:28:14] Matching algorithm used: automatic (bipartite/greedy)
[2025-12-04 16:28:14] win: 190 (95.0%)
[2025-12-04 16:28:14] lose: 10 (5.0%)
[2025-12-04 16:28:14] draw: 0 (0.0%)
[2025-12-04 16:28:14] Average time per graph: 9.87s
[2025-12-04 16:28:14] Min time per graph: 9.02s
[2025-12-04 16:28:14] Max time per graph: 12.52s
[2025-12-04 16:28:14] Total analysis time: 1974.96s
[2025-12-04 16:28:14] 
Detailed Graph Properties by Category:

[2025-12-04 16:28:14] 
WIN Graphs Statistics:
[2025-12-04 16:28:14] Total graphs processed: 190
[2025-12-04 16:28:14] Edge count - Min: 127, Max: 131, Mean: 129.62
[2025-12-04 16:28:14] Edge density - Min: 0.0156, Max: 0.0161, Mean: 0.0159
[2025-12-04 16:28:14] Bipartite graphs: 36, Non-bipartite graphs: 154
[2025-12-04 16:28:14] Diameter (connected graphs) - Min: 40, Max: 127, Mean: 71.90
[2025-12-04 16:28:14] Clique number - Min: 2, Max: 3, Mean: 2.06
[2025-12-04 16:28:14] Maximum degree - Min: 2, Max: 4, Mean: 3.08
[2025-12-04 16:28:14] Average degree - Min: 1.98, Max: 2.05, Mean: 2.03
[2025-12-04 16:28:14] Clustering coefficient - Min: 0.0000, Max: 0.0130, Mean: 0.0008
[2025-12-04 16:28:14] Estimated group size - Min: 32, Max: 32, Mean: 32.00
[2025-12-04 16:28:14] Estimated orbit count - Min: 2, Max: 4, Mean: 3.08
[2025-12-04 16:28:14] 
LOSE Graphs Statistics:
[2025-12-04 16:28:14] Total graphs processed: 10
[2025-12-04 16:28:14] Edge count - Min: 129, Max: 131, Mean: 129.80
[2025-12-04 16:28:14] Edge density - Min: 0.0159, Max: 0.0161, Mean: 0.0160
[2025-12-04 16:28:14] Bipartite graphs: 0, Non-bipartite graphs: 10
[2025-12-04 16:28:14] Diameter (connected graphs) - Min: 45, Max: 123, Mean: 68.20
[2025-12-04 16:28:14] Clique number - Min: 2, Max: 3, Mean: 2.20
[2025-12-04 16:28:14] Maximum degree - Min: 3, Max: 3, Mean: 3.00
[2025-12-04 16:28:14] Average degree - Min: 2.02, Max: 2.05, Mean: 2.03
[2025-12-04 16:28:14] Clustering coefficient - Min: 0.0000, Max: 0.0130, Mean: 0.0026
[2025-12-04 16:28:14] Estimated group size - Min: 32, Max: 32, Mean: 32.00
[2025-12-04 16:28:14] Estimated orbit count - Min: 3, Max: 3, Mean: 3.00
[2025-12-04 16:28:14] 
Average Gate Counts by Category:
[2025-12-04 16:28:14] win_matching_cx: 583.78
[2025-12-04 16:28:14] win_matching_u3: 583.51
[2025-12-04 16:28:14] win_pauli_cx: 1121.06
[2025-12-04 16:28:14] win_pauli_u3: 1282.98
[2025-12-04 16:28:14] win_matching_depth: 773.68
[2025-12-04 16:28:14] win_pauli_depth: 1748.25
[2025-12-04 16:28:14] win_analysis_time: 9.85
[2025-12-04 16:28:14] win_graph_edge_count: 129.62
[2025-12-04 16:28:14] win_graph_edge_density: 0.02
[2025-12-04 16:28:14] win_graph_is_bipartite: 0.19
[2025-12-04 16:28:14] win_graph_diameter: 71.90
[2025-12-04 16:28:14] win_graph_clique_number: 2.06
[2025-12-04 16:28:14] win_graph_max_degree: 3.08
[2025-12-04 16:28:14] win_graph_avg_degree: 2.03
[2025-12-04 16:28:14] win_graph_avg_clustering: 0.00
[2025-12-04 16:28:14] win_graph_estimated_group_size: 32.00
[2025-12-04 16:28:14] win_graph_estimated_orbit_count: 3.08
[2025-12-04 16:28:14] lose_matching_cx: 1185.80
[2025-12-04 16:28:14] lose_matching_u3: 1196.10
[2025-12-04 16:28:14] lose_pauli_cx: 1048.80
[2025-12-04 16:28:14] lose_pauli_u3: 1296.00
[2025-12-04 16:28:14] lose_matching_depth: 1567.60
[2025-12-04 16:28:14] lose_pauli_depth: 1684.70
[2025-12-04 16:28:14] lose_analysis_time: 10.28
[2025-12-04 16:28:14] lose_graph_edge_count: 129.80
[2025-12-04 16:28:14] lose_graph_edge_density: 0.02
[2025-12-04 16:28:14] lose_graph_is_bipartite: 0.00
[2025-12-04 16:28:14] lose_graph_diameter: 68.20
[2025-12-04 16:28:14] lose_graph_clique_number: 2.20
[2025-12-04 16:28:14] lose_graph_max_degree: 3.00
[2025-12-04 16:28:14] lose_graph_avg_degree: 2.03
[2025-12-04 16:28:14] lose_graph_avg_clustering: 0.00
[2025-12-04 16:28:14] lose_graph_estimated_group_size: 32.00
[2025-12-04 16:28:14] lose_graph_estimated_orbit_count: 3.00
[2025-12-04 16:28:14] config_n_qubits: 7.00
[2025-12-04 16:28:14] config_n_vertices: 128.00
[2025-12-04 16:28:14] config_delta_t: 0.10
[2025-12-04 16:28:14] config_matchings: automatic
[2025-12-04 16:28:14] config_graph_type: counting
[2025-12-04 16:28:14] config_n_steps: 1.00
[2025-12-04 16:28:14] timing_avg_per_graph: 9.87
[2025-12-04 16:28:14] timing_min_per_graph: 9.02
[2025-12-04 16:28:14] timing_max_per_graph: 12.52
[2025-12-04 16:28:14] timing_total_analysis: 1974.96
[2025-12-04 16:28:14] ======================================================================
======================================================================

