graph_index,n_qubits,n_vertices,n_edges,density,time,trotter_steps,matching_diff,pauli_diff
0,5,32,31,0.0625,0.1,1,0.009807979929913698,0.009807979929913694
0,5,32,31,0.0625,0.1,3,0.0032661160510049996,0.0032661160510050746
0,5,32,31,0.0625,0.1,5,0.0019595157678127936,0.001959515767812446
0,5,32,31,0.0625,0.1,7,0.0013996238453050781,0.001399623845306094
0,5,32,31,0.0625,0.1,9,0.001088586634496881,0.0010885866344962159
0,5,32,31,0.0625,0.1,11,0.0008906577788634212,0.000890657778862229
0,5,32,31,0.0625,0.1,13,0.0007536315522331517,0.0007536315522334071
0,5,32,31,0.0625,0.1,15,0.0006531462833483102,0.0006531462833468175
0,5,32,31,0.0625,0.1,17,0.0005763049179313646,0.0005763049179309003
0,5,32,31,0.0625,0.1,19,0.0005156408495027826,0.0005156408495020078
0,5,32,31,0.0625,0.5,1,0.23255765945460152,0.23255765945460166
0,5,32,31,0.0625,0.5,3,0.0757485758835469,0.07574857588354741
0,5,32,31,0.0625,0.5,5,0.04536727406968963,0.04536727406968992
0,5,32,31,0.0625,0.5,7,0.03238913948260681,0.03238913948260768
0,5,32,31,0.0625,0.5,9,0.025186419037162153,0.02518641903716244
0,5,32,31,0.0625,0.5,11,0.020604944808150477,0.02060494480815107
0,5,32,31,0.0625,0.5,13,0.017433919228408094,0.017433919228407098
0,5,32,31,0.0625,0.5,15,0.015108834462090074,0.0151088344620907
0,5,32,31,0.0625,0.5,17,0.013330993028971698,0.013330993028968762
0,5,32,31,0.0625,0.5,19,0.011927522645966642,0.011927522645967437
0,5,32,31,0.0625,1.0,1,0.7910952826476341,0.7910952826476344
0,5,32,31,0.0625,1.0,3,0.2460212321762292,0.24602123217623031
0,5,32,31,0.0625,1.0,5,0.14683600537173214,0.1468360053717329
0,5,32,31,0.0625,1.0,7,0.10473117221059752,0.1047311722105994
0,5,32,31,0.0625,1.0,9,0.08140913331273471,0.08140913331273597
0,5,32,31,0.0625,1.0,11,0.06658742648437453,0.06658742648437538
0,5,32,31,0.0625,1.0,13,0.05633345532373416,0.05633345532373718
0,5,32,31,0.0625,1.0,15,0.04881702649962967,0.04881702649963068
0,5,32,31,0.0625,1.0,17,0.0430707209873656,0.043070720987367035
0,5,32,31,0.0625,1.0,19,0.03853499982737,0.03853499982737149
1,5,32,32,0.06451612903225806,0.1,1,0.012568312884208113,0.012568312884209676
1,5,32,32,0.06451612903225806,0.1,3,0.004183771441014068,0.004183771441018475
1,5,32,32,0.06451612903225806,0.1,5,0.0025099005939883674,0.002509900593987423
1,5,32,32,0.06451612903225806,0.1,7,0.0017926993461341956,0.0017926993461438948
1,5,32,32,0.06451612903225806,0.1,9,0.00139428945708321,0.001394289457084815
1,5,32,32,0.06451612903225806,0.1,11,0.0011407672650912593,0.0011407672650967065
1,5,32,32,0.06451612903225806,0.1,13,0.0009652565871813339,0.0009652565871857575
1,5,32,32,0.06451612903225806,0.1,15,0.0008365510081700782,0.0008365510081789134
1,5,32,32,0.06451612903225806,0.1,17,0.000738130297242362,0.000738130297260708
1,5,32,32,0.06451612903225806,0.1,19,0.0006604304296392942,0.0006604304296495248
1,5,32,32,0.06451612903225806,0.5,1,0.2935617979086489,0.2935617979086497
1,5,32,32,0.06451612903225806,0.5,3,0.09512066784105185,0.09512066784105683
1,5,32,32,0.06451612903225806,0.5,5,0.05692700323496378,0.05692700323497158
1,5,32,32,0.06451612903225806,0.5,7,0.0406312069888541,0.040631206988858894
1,5,32,32,0.06451612903225806,0.5,9,0.03159142822065137,0.03159142822066005
1,5,32,32,0.06451612903225806,0.5,11,0.025842840497394937,0.02584284049740155
1,5,32,32,0.06451612903225806,0.5,13,0.02186459517559251,0.021864595175592527
1,5,32,32,0.06451612903225806,0.5,15,0.018947922553542315,0.018947922553563378
1,5,32,32,0.06451612903225806,0.5,17,0.01671788975514398,0.016717889755142695
1,5,32,32,0.06451612903225806,0.5,19,0.01495754182336684,0.014957541823394116
1,5,32,32,0.06451612903225806,1.0,1,0.9484348827747568,0.9484348827747575
1,5,32,32,0.06451612903225806,1.0,3,0.28299806716573106,0.2829980671657336
1,5,32,32,0.06451612903225806,1.0,5,0.16799946763515117,0.1679994676351555
1,5,32,32,0.06451612903225806,1.0,7,0.11962595957763766,0.11962595957763943
1,5,32,32,0.06451612903225806,1.0,9,0.09291669732473101,0.09291669732474023
1,5,32,32,0.06451612903225806,1.0,11,0.07596821593317368,0.0759682159331749
1,5,32,32,0.06451612903225806,1.0,13,0.06425309043033477,0.06425309043034895
1,5,32,32,0.06451612903225806,1.0,15,0.0556703322510349,0.055670332251039595
1,5,32,32,0.06451612903225806,1.0,17,0.04911128717351017,0.04911128717351524
1,5,32,32,0.06451612903225806,1.0,19,0.0439354493536921,0.0439354493536979
2,5,32,32,0.06451612903225806,0.1,1,0.011508600507414316,0.01151849200314157
2,5,32,32,0.06451612903225806,0.1,3,0.003833139644365906,0.0038366808955727152
2,5,32,32,0.06451612903225806,0.1,5,0.002299737131409608,0.002301873533114251
2,5,32,32,0.06451612903225806,0.1,7,0.0016426405234874842,0.0016441688163388486
2,5,32,32,0.06451612903225806,0.1,9,0.0012776000604373516,0.0012787894660228048
2,5,32,32,0.06451612903225806,0.1,11,0.0010453053153992799,0.0010462787691393237
2,5,32,32,0.06451612903225806,0.1,13,0.0008844872515852933,0.0008853110910099207
2,5,32,32,0.06451612903225806,0.1,15,0.0007665546058798941,0.0007672686804195018
2,5,32,32,0.06451612903225806,0.1,17,0.0006763711142131547,0.0006770012273791996
2,5,32,32,0.06451612903225806,0.1,19,0.0006051737803750204,0.0006057375955634407
2,5,32,32,0.06451612903225806,0.5,1,0.2715864077481769,0.2714059539465054
2,5,32,32,0.06451612903225806,0.5,3,0.08890071803891905,0.08894889910057344
2,5,32,32,0.06451612903225806,0.5,5,0.05326488428196376,0.05329819904495803
2,5,32,32,0.06451612903225806,0.5,7,0.038031521976190426,0.03805617359611272
2,5,32,32,0.06451612903225806,0.5,9,0.02957533206507838,0.02959477820841072
2,5,32,32,0.06451612903225806,0.5,11,0.024196036346112913,0.024212059551520167
2,5,32,32,0.06451612903225806,0.5,13,0.020472614276088805,0.02048622718017526
2,5,32,32,0.06451612903225806,0.5,15,0.017742413183779986,0.01775424081890753
2,5,32,32,0.06451612903225806,0.5,17,0.015654764320005378,0.01566521802615457
2,5,32,32,0.06451612903225806,0.5,19,0.014006702341283046,0.014016066669681025
2,5,32,32,0.06451612903225806,1.0,1,0.9075145810387939,0.9037545242245509
2,5,32,32,0.06451612903225806,1.0,3,0.28755097945650865,0.2870114078996686
2,5,32,32,0.06451612903225806,1.0,5,0.17182394321015598,0.17155213661039043
2,5,32,32,0.06451612903225806,1.0,7,0.12259309489253102,0.12240924164976222
2,5,32,32,0.06451612903225806,1.0,9,0.09530600225899144,0.09516629761735335
2,5,32,32,0.06451612903225806,1.0,11,0.07795935455040068,0.0778464132265567
2,5,32,32,0.06451612903225806,1.0,13,0.065956713641813,0.06586181062097099
2,5,32,32,0.06451612903225806,1.0,15,0.05715765026628686,0.0570757612081245
2,5,32,32,0.06451612903225806,1.0,17,0.05043037022800693,0.050358327547389795
2,5,32,32,0.06451612903225806,1.0,19,0.04512012203720802,0.04505579600883381
3,5,32,32,0.06451612903225806,0.1,1,0.011808859872440474,0.011808859872440531
3,5,32,32,0.06451612903225806,0.1,3,0.0039329275557148935,0.0039329275557149
3,5,32,32,0.06451612903225806,0.1,5,0.0023595882490876708,0.0023595882490877
3,5,32,32,0.06451612903225806,0.1,7,0.0016853857913197933,0.00168538579131983
3,5,32,32,0.06451612903225806,0.1,9,0.0013108442128403116,0.0013108442128403198
3,5,32,32,0.06451612903225806,0.1,11,0.0010725040163470424,0.001072504016347058
3,5,32,32,0.06451612903225806,0.1,13,0.0009075009423679514,0.0009075009423679673
3,5,32,32,0.06451612903225806,0.1,15,0.0007864994385527213,0.0007864994385527222
3,5,32,32,0.06451612903225806,0.1,17,0.0006939692550379104,0.000693969255037917
3,5,32,32,0.06451612903225806,0.1,19,0.0006209193184233555,0.0006209193184234433
3,5,32,32,0.06451612903225806,0.5,1,0.2778367145596235,0.2778367145596244
3,5,32,32,0.06451612903225806,0.5,3,0.09078998571650257,0.09078998571650326
3,5,32,32,0.06451612903225806,0.5,5,0.054385774701122436,0.054385774701123366
3,5,32,32,0.06451612903225806,0.5,7,0.038829174666093105,0.03882917466609382
3,5,32,32,0.06451612903225806,0.5,9,0.03019462224730054,0.03019462224730126
3,5,32,32,0.06451612903225806,0.5,11,0.02470220816806385,0.024702208168064496
3,5,32,32,0.06451612903225806,0.5,13,0.020900630421994307,0.020900630421994536
3,5,32,32,0.06451612903225806,0.5,15,0.018113190351897415,0.01811319035189815
3,5,32,32,0.06451612903225806,0.5,17,0.015981810756037256,0.01598181075603798
3,5,32,32,0.06451612903225806,0.5,19,0.014299247914528234,0.014299247914529639
3,5,32,32,0.06451612903225806,1.0,1,0.9212823054783645,0.921282305478366
3,5,32,32,0.06451612903225806,1.0,3,0.28877638564221014,0.28877638564221203
3,5,32,32,0.06451612903225806,1.0,5,0.17242729384060987,0.1724272938406116
3,5,32,32,0.06451612903225806,1.0,7,0.12299331230670754,0.12299331230671003
3,5,32,32,0.06451612903225806,1.0,9,0.09560621635391163,0.09560621635391332
3,5,32,32,0.06451612903225806,1.0,11,0.07819993596213409,0.07819993596213502
3,5,32,32,0.06451612903225806,1.0,13,0.06615760861378313,0.06615760861378522
3,5,32,32,0.06451612903225806,1.0,15,0.05733018996962932,0.0573301899696318
3,5,32,32,0.06451612903225806,1.0,17,0.0505816187214594,0.05058161872146001
3,5,32,32,0.06451612903225806,1.0,19,0.0452547853583895,0.04525478535839005
4,5,32,32,0.06451612903225806,0.1,1,0.012474668629802033,0.012473159812149684
4,5,32,32,0.06451612903225806,0.1,3,0.004154888743118811,0.004153789213104034
4,5,32,32,0.06451612903225806,0.1,5,0.0024927557455423025,0.0024920730459063686
4,5,32,32,0.06451612903225806,0.1,7,0.001780501861839183,0.0017800105573426454
4,5,32,32,0.06451612903225806,0.1,9,0.0013848216929011833,0.0013844386559689126
4,5,32,32,0.06451612903225806,0.1,11,0.001133030125209684,0.0011327164597516248
4,5,32,32,0.06451612903225806,0.1,13,0.0009587147869587548,0.0009584492964941804
4,5,32,32,0.06451612903225806,0.1,15,0.0008308844104776558,0.0008306543021126576
4,5,32,32,0.06451612903225806,0.1,17,0.000733132219027502,0.0007329291886098842
4,5,32,32,0.06451612903225806,0.1,19,0.0006559596890534483,0.0006557780443851158
4,5,32,32,0.06451612903225806,0.5,1,0.29249175787368814,0.29164566443302753
4,5,32,32,0.06451612903225806,0.5,3,0.09582378357632798,0.09517017311399496
4,5,32,32,0.06451612903225806,0.5,5,0.05740213368872478,0.057004082758137564
4,5,32,32,0.06451612903225806,0.5,7,0.04098139408237775,0.04069762246408334
4,5,32,32,0.06451612903225806,0.5,9,0.031867370790116145,0.03164734202749465
4,5,32,32,0.06451612903225806,0.5,11,0.02607014080695972,0.02589060338015361
4,5,32,32,0.06451612903225806,0.5,13,0.02205769352288649,0.021906111340470005
4,5,32,32,0.06451612903225806,0.5,15,0.019115703741628406,0.018984566766936644
4,5,32,32,0.06451612903225806,0.5,17,0.016866191809790425,0.016750651690611146
4,5,32,32,0.06451612903225806,0.5,19,0.015090400015742342,0.014987147305026436
4,5,32,32,0.06451612903225806,1.0,1,0.9613856365451077,0.9515333365955935
4,5,32,32,0.06451612903225806,1.0,3,0.3071387705441917,0.29888842331065024
4,5,32,32,0.06451612903225806,1.0,5,0.18334679056440994,0.1785013248917442
4,5,32,32,0.06451612903225806,1.0,7,0.1307344374244943,0.12733871173292233
4,5,32,32,0.06451612903225806,1.0,9,0.10159655273652583,0.09898930618378535
4,5,32,32,0.06451612903225806,1.0,11,0.08308369754762594,0.0809697044558409
4,5,32,32,0.06451612903225806,1.0,13,0.07027924702364664,0.06850230945663523
4,5,32,32,0.06451612903225806,1.0,15,0.06089517733566759,0.05936292953982627
4,5,32,32,0.06451612903225806,1.0,17,0.05372228119534221,0.05237565895364397
4,5,32,32,0.06451612903225806,1.0,19,0.04806131289149045,0.046860292667013706
5,5,32,32,0.06451612903225806,0.1,1,0.013946357361543439,0.013585781660130535
5,5,32,32,0.06451612903225806,0.1,3,0.004643076725169187,0.00452362294184888
5,5,32,32,0.06451612903225806,0.1,5,0.0027854464546378022,0.002713905663672465
5,5,32,32,0.06451612903225806,0.1,7,0.001989503218818308,0.0019384459704687468
5,5,32,32,0.06451612903225806,0.1,9,0.0015473518106887945,0.001507659950061434
5,5,32,32,0.06451612903225806,0.1,11,0.001265995797628413,0.0012335308914338133
5,5,32,32,0.06451612903225806,0.1,13,0.001071216392720606,0.001043752165288618
5,5,32,32,0.06451612903225806,0.1,15,0.0009283808873693021,0.0009045824520844194
5,5,32,32,0.06451612903225806,0.1,17,0.0008191552304162485,0.0007981592555633655
5,5,32,32,0.06451612903225806,0.1,19,0.00073292533480509,0.0007141413394979317
5,5,32,32,0.06451612903225806,0.5,1,0.32240585088277957,0.3140041144651476
5,5,32,32,0.06451612903225806,0.5,3,0.10511570765756048,0.10212481240681465
5,5,32,32,0.06451612903225806,0.5,5,0.06293441538848847,0.06114521816220493
5,5,32,32,0.06451612903225806,0.5,7,0.044921851110663324,0.043647349056479406
5,5,32,32,0.06451612903225806,0.5,9,0.0349277170567895,0.03393831364793198
5,5,32,32,0.06451612903225806,0.5,11,0.028571853635954644,0.02776342821420131
5,5,32,32,0.06451612903225806,0.5,13,0.02417327756636492,0.023489903693879384
5,5,32,32,0.06451612903225806,0.5,15,0.020948434795601115,0.02035662741411238
5,5,32,32,0.06451612903225806,0.5,17,0.018482794125400895,0.01796092419639272
5,5,32,32,0.06451612903225806,0.5,19,0.01653647636981015,0.016069766405045587
5,5,32,32,0.06451612903225806,1.0,1,1.0132017484380125,0.9900673424931964
5,5,32,32,0.06451612903225806,1.0,3,0.3188809705634384,0.3084553424210234
5,5,32,32,0.06451612903225806,1.0,5,0.19009941892117616,0.18388328264533307
5,5,32,32,0.06451612903225806,1.0,7,0.1354601820358687,0.13105032705061193
5,5,32,32,0.06451612903225806,1.0,9,0.10522774039624065,0.10181427794380701
5,5,32,32,0.06451612903225806,1.0,11,0.08603082432129908,0.08324752135073624
5,5,32,32,0.06451612903225806,1.0,13,0.07275871204923012,0.07040955965041142
5,5,32,32,0.06451612903225806,1.0,15,0.063034853937681,0.06100286624965404
5,5,32,32,0.06451612903225806,1.0,17,0.05560396171110076,0.05381377381482479
5,5,32,32,0.06451612903225806,1.0,19,0.04974045680778392,0.048140690845076314
6,5,32,32,0.06451612903225806,0.1,1,0.012082632664802136,0.012083684271592527
6,5,32,32,0.06451612903225806,0.1,3,0.004024332072268376,0.0040241823327684155
6,5,32,32,0.06451612903225806,0.1,5,0.0024144452902623258,0.0024143315622654686
6,5,32,32,0.06451612903225806,0.1,7,0.0017245734861161645,0.0017244875540002725
6,5,32,32,0.06451612903225806,0.1,9,0.001341325238200939,0.0013412568986885367
6,5,32,32,0.06451612903225806,0.1,11,0.0010974439067513529,0.0010973873699926813
6,5,32,32,0.06451612903225806,0.1,13,0.0009286044285000771,0.000928556286714143
6,5,32,32,0.06451612903225806,0.1,15,0.0008047894421395016,0.0008047475545100684
6,5,32,32,0.06451612903225806,0.1,17,0.0007101077047223642,0.0007100706479174012
6,5,32,32,0.06451612903225806,0.1,19,0.000635359132183369,0.0006353259151374911
6,5,32,32,0.06451612903225806,0.5,1,0.2829804282996914,0.28341809841523946
6,5,32,32,0.06451612903225806,0.5,3,0.09259527051408764,0.09246806706769489
6,5,32,32,0.06451612903225806,0.5,5,0.0554760937605115,0.05538959951162617
6,5,32,32,0.06451612903225806,0.5,7,0.03960985791318105,0.03954613424077738
6,5,32,32,0.06451612903225806,0.5,9,0.03080257353250393,0.030752394938685125
6,5,32,32,0.06451612903225806,0.5,11,0.025199996509439958,0.025158687349822663
6,5,32,32,0.06451612903225806,0.5,13,0.021322047677950623,0.021286970462701164
6,5,32,32,0.06451612903225806,0.5,15,0.018478549981769135,0.018448082766935756
6,5,32,32,0.06451612903225806,0.5,17,0.01630427389157742,0.0162773516021795
6,5,32,32,0.06451612903225806,0.5,19,0.01458782811611932,0.014563715014965206
6,5,32,32,0.06451612903225806,1.0,1,0.9290609030154501,0.9288179043333388
6,5,32,32,0.06451612903225806,1.0,3,0.29265239626357215,0.2921459640995482
6,5,32,32,0.06451612903225806,1.0,5,0.17468914268896812,0.17462209132219328
6,5,32,32,0.06451612903225806,1.0,7,0.12459906483010555,0.12460158596192475
6,5,32,32,0.06451612903225806,1.0,9,0.09685300095626699,0.09687145581621469
6,5,32,32,0.06451612903225806,1.0,11,0.07921957652301796,0.07924157129820882
6,5,32,32,0.06451612903225806,1.0,13,0.06702036701086701,0.067042350115898
6,5,32,32,0.06451612903225806,1.0,15,0.058078018316706705,0.05809890924366026
6,5,32,32,0.06451612903225806,1.0,17,0.05124159469178491,0.05126111424592572
6,5,32,32,0.06451612903225806,1.0,19,0.04584541128031821,0.04586355856285106
7,5,32,32,0.06451612903225806,0.1,1,0.0122841789899193,0.012289795904295263
7,5,32,32,0.06451612903225806,0.1,3,0.004090272203540517,0.004092431962329768
7,5,32,32,0.06451612903225806,0.1,5,0.0024539497667160045,0.002455250543047775
7,5,32,32,0.06451612903225806,0.1,7,0.001752779240245794,0.0017537090898074542
7,5,32,32,0.06451612903225806,0.1,9,0.001363259292837852,0.0013639827155928136
7,5,32,32,0.06451612903225806,0.1,11,0.001115388396641659,0.0011159803688188382
7,5,32,32,0.06451612903225806,0.1,13,0.0009437874709681947,0.0009442884086348931
7,5,32,32,0.06451612903225806,0.1,15,0.0008179476675030816,0.0008183818338166248
7,5,32,32,0.06451612903225806,0.1,17,0.0007217176609498273,0.0007221007607311045
7,5,32,32,0.06451612903225806,0.1,19,0.0006457468355412473,0.0006460896163898736
7,5,32,32,0.06451612903225806,0.5,1,0.2865903265528259,0.2888221247671349
7,5,32,32,0.06451612903225806,0.5,3,0.09299182181027721,0.09427851094974231
7,5,32,32,0.06451612903225806,0.5,5,0.05567696033360159,0.05646621025667788
7,5,32,32,0.06451612903225806,0.5,7,0.039746079752947375,0.040312522665416184
7,5,32,32,0.06451612903225806,0.5,9,0.03090620589449876,0.031347528395064495
7,5,32,32,0.06451612903225806,0.5,11,0.025283827334359042,0.025645199057065072
7,5,32,32,0.06451612903225806,0.5,13,0.021392514787886025,0.021698425205397616
7,5,32,32,0.06451612903225806,0.5,15,0.018539367786788122,0.018804560931724473
7,5,32,32,0.06451612903225806,0.5,17,0.016357787085193132,0.016591821885619324
7,5,32,32,0.06451612903225806,0.5,19,0.014635614512711793,0.014845039308276912
7,5,32,32,0.06451612903225806,1.0,1,0.9277802666236542,0.9523396031147005
7,5,32,32,0.06451612903225806,1.0,3,0.28164969668682854,0.2981618446578495
7,5,32,32,0.06451612903225806,1.0,5,0.16786819776845932,0.17802972516207727
7,5,32,32,0.06451612903225806,1.0,7,0.11968915508919463,0.12699568878263037
7,5,32,32,0.06451612903225806,1.0,9,0.09302259749744464,0.09872076592256206
7,5,32,32,0.06451612903225806,1.0,11,0.076080905519531,0.08074935737222023
7,5,32,32,0.06451612903225806,1.0,13,0.06436230296620561,0.06831559762167835
7,5,32,32,0.06451612903225806,1.0,15,0.05577313869087654,0.05920099250065891
7,5,32,32,0.06451612903225806,1.0,17,0.04920715846320293,0.05223271644838805
7,5,32,32,0.06451612903225806,1.0,19,0.04402467646662163,0.04673236983057104
8,5,32,32,0.06451612903225806,0.1,1,0.012143385889696951,0.012148504034217187
8,5,32,32,0.06451612903225806,0.1,3,0.004044229877021774,0.004045754905728432
8,5,32,32,0.06451612903225806,0.1,5,0.0024263670250469355,0.002427273182703166
8,5,32,32,0.06451612903225806,0.1,7,0.0017330856758816279,0.001733731184632693
8,5,32,32,0.06451612903225806,0.1,9,0.0013479447627875222,0.0013484462657571282
8,5,32,32,0.06451612903225806,0.1,11,0.0011028594393198696,0.0011032695281898467
8,5,32,32,0.06451612903225806,0.1,13,0.0009331865870630479,0.0009335334725478355
8,5,32,32,0.06451612903225806,0.1,15,0.0008087605292396597,0.0008090611019829309
8,5,32,32,0.06451612903225806,0.1,17,0.0007136115361197866,0.0007138767112140967
8,5,32,32,0.06451612903225806,0.1,19,0.0006384940959446639,0.0006387313351639304
8,5,32,32,0.06451612903225806,0.5,1,0.2839826628498082,0.2843028105235083
8,5,32,32,0.06451612903225806,0.5,3,0.09270028514580744,0.09271941233302543
8,5,32,32,0.06451612903225806,0.5,5,0.055528768926551106,0.05553406034542176
8,5,32,32,0.06451612903225806,0.5,7,0.03964546491246958,0.03964798127357793
8,5,32,32,0.06451612903225806,0.5,9,0.03082962345374305,0.030831171618288664
8,5,32,32,0.06451612903225806,0.5,11,0.025221861652710405,0.02522295807505241
8,5,32,32,0.06451612903225806,0.5,13,0.02134041927583334,0.02134126393574462
8,5,32,32,0.06451612903225806,0.5,15,0.018494401544326956,0.018495088334204615
8,5,32,32,0.06451612903225806,0.5,17,0.01631821900675215,0.016318798287540393
8,5,32,32,0.06451612903225806,0.5,19,0.014600279256242386,0.01460078079111316
8,5,32,32,0.06451612903225806,1.0,1,0.9270128034196208,0.9281455842281922
8,5,32,32,0.06451612903225806,1.0,3,0.2891658212374628,0.2891995637840145
8,5,32,32,0.06451612903225806,1.0,5,0.17255897361090608,0.1725397632032896
8,5,32,32,0.06451612903225806,1.0,7,0.12307203732213581,0.12304935868682272
8,5,32,32,0.06451612903225806,1.0,9,0.09566375982870065,0.09564308445481444
8,5,32,32,0.06451612903225806,1.0,11,0.07824595431010135,0.07822774537698027
8,5,32,32,0.06451612903225806,1.0,13,0.06619624695140769,0.06618020064817492
8,5,32,32,0.06451612903225806,1.0,15,0.057363628522506045,0.05734937118984282
8,5,32,32,0.06451612903225806,1.0,17,0.050611162034137645,0.050598374081346785
8,5,32,32,0.06451612903225806,1.0,19,0.04528128478666739,0.04526971193069095
9,5,32,32,0.06451612903225806,0.1,1,0.012046657603917366,0.012046750586045426
9,5,32,32,0.06451612903225806,0.1,3,0.0040120369571203015,0.004012040483306579
9,5,32,32,0.06451612903225806,0.1,5,0.0024070535902636957,0.00240705435335528
9,5,32,32,0.06451612903225806,0.1,7,0.0017192908199264783,0.0017192910981731302
9,5,32,32,0.06451612903225806,0.1,9,0.0013372155757472276,0.0013372157066920082
9,5,32,32,0.06451612903225806,0.1,11,0.0010940810737393477,0.001094081145470689
9,5,32,32,0.06451612903225806,0.1,13,0.0009257587685450433,0.0009257588120074164
9,5,32,32,0.06451612903225806,0.1,15,0.0008023231024433605,0.0008023231307398417
9,5,32,32,0.06451612903225806,0.1,17,0.0007079314630363522,0.0007079314824884349
9,5,32,32,0.06451612903225806,0.1,19,0.0006334119311777204,0.0006334119451065047
9,5,32,32,0.06451612903225806,0.5,1,0.2821045715214312,0.28214277117180797
9,5,32,32,0.06451612903225806,0.5,3,0.09209491402286597,0.09209741490115884
9,5,32,32,0.06451612903225806,0.5,5,0.05516540876840462,0.05516597129292996
9,5,32,32,0.06451612903225806,0.5,7,0.03938587666927237,0.03938608395306462
9,5,32,32,0.06451612903225806,0.5,9,0.030627705244586762,0.0306278032174362
9,5,32,32,0.06451612903225806,0.5,11,0.025056648801276053,0.025056702585303875
9,5,32,32,0.06451612903225806,0.5,13,0.021200620276633268,0.02120065290347812
9,5,32,32,0.06451612903225806,0.5,15,0.018373240477069577,0.018373261733552783
9,5,32,32,0.06451612903225806,0.5,17,0.016211311031910505,0.016211325642189883
9,5,32,32,0.06451612903225806,0.5,19,0.014504624026205549,0.014504634495413303
9,5,32,32,0.06451612903225806,1.0,1,0.9235652741857849,0.9236400796588629
9,5,32,32,0.06451612903225806,1.0,3,0.2882880712347508,0.288321609979526
9,5,32,32,0.06451612903225806,1.0,5,0.1720529735298302,0.17206065925751174
9,5,32,32,0.06451612903225806,1.0,7,0.1227153653113442,0.12271820586979694
9,5,32,32,0.06451612903225806,1.0,9,0.09538793666536288,0.09538928053290471
9,5,32,32,0.06451612903225806,1.0,11,0.07802095051221805,0.07802168856200106
9,5,32,32,0.06451612903225806,1.0,13,0.06600618807270262,0.06600663589279027
9,5,32,32,0.06451612903225806,1.0,15,0.05719909067144752,0.057199382465835884
9,5,32,32,0.06451612903225806,1.0,17,0.050466087998639775,0.050466288575718436
9,5,32,32,0.06451612903225806,1.0,19,0.045151548625405144,0.045151692359924174
10,5,32,32,0.06451612903225806,0.1,1,0.013541158260057754,0.013106872518130443
10,5,32,32,0.06451612903225806,0.1,3,0.0045110822048638685,0.004365206465342983
10,5,32,32,0.06451612903225806,0.1,5,0.0027065230786040223,0.0026189440911871266
10,5,32,32,0.06451612903225806,0.1,7,0.001933205932729297,0.001870638974688327
10,5,32,32,0.06451612903225806,0.1,9,0.0015035966650786662,0.0014549301022710446
10,5,32,32,0.06451612903225806,0.1,11,0.0012302121610715938,0.0011903926671408853
10,5,32,32,0.06451612903225806,0.1,13,0.001040947149523073,0.0010072530516740481
10,5,32,32,0.06451612903225806,0.1,15,0.0009021533250875692,0.0008729514038975991
10,5,32,32,0.06451612903225806,0.1,17,0.00079601712606949,0.0007702505070318314
10,5,32,32,0.06451612903225806,0.1,19,0.0007122255273561065,0.000689171047220507
10,5,32,32,0.06451612903225806,0.5,1,0.31295196788950946,0.30532339013698356
10,5,32,32,0.06451612903225806,0.5,3,0.10289231005441947,0.09973185285653366
10,5,32,32,0.06451612903225806,0.5,5,0.06167009869584266,0.05974421058691125
10,5,32,32,0.06451612903225806,0.5,7,0.04403720749195884,0.04265581394591021
10,5,32,32,0.06451612903225806,0.5,9,0.03424703954992613,0.033170788913547876
10,5,32,32,0.06451612903225806,0.5,11,0.028018596829967244,0.027137270879429323
10,5,32,32,0.06451612903225806,0.5,13,0.023707211789244103,0.02296110649993108
10,5,32,32,0.06451612903225806,0.5,15,0.020545797871281843,0.01989897340970143
10,5,32,32,0.06451612903225806,0.5,17,0.018128378391012268,0.017557533134945656
10,5,32,32,0.06451612903225806,0.5,19,0.01621996063835691,0.0157091304917158
10,5,32,32,0.06451612903225806,1.0,1,0.9852331254562131,0.9798741630238621
10,5,32,32,0.06451612903225806,1.0,3,0.31620177200363037,0.3071030818192324
10,5,32,32,0.06451612903225806,1.0,5,0.1892102216284749,0.18335186426253897
10,5,32,32,0.06451612903225806,1.0,7,0.1350439517013832,0.13078667863356427
10,5,32,32,0.06451612903225806,1.0,9,0.10499894446037779,0.10166570963819281
10,5,32,32,0.06451612903225806,1.0,11,0.08589330299688541,0.08315732094624792
10,5,32,32,0.06451612903225806,1.0,13,0.07267158139871549,0.07035234655735707
10,5,32,32,0.06451612903225806,1.0,15,0.06297799307172326,0.06096575869775509
10,5,32,32,0.06451612903225806,1.0,17,0.055566416931809026,0.053789616260009214
10,5,32,32,0.06451612903225806,1.0,19,0.04971580732602537,0.048125229997734366
11,5,32,32,0.06451612903225806,0.1,1,0.012232697114015274,0.01212187659778992
11,5,32,32,0.06451612903225806,0.1,3,0.004073638781722604,0.0040364514496005165
11,5,32,32,0.06451612903225806,0.1,5,0.00244397524886493,0.002421627266084886
11,5,32,32,0.06451612903225806,0.1,7,0.0017456521087376086,0.0017296778674856616
11,5,32,32,0.06451612903225806,0.1,9,0.0013577140594765577,0.0013452846201330263
11,5,32,32,0.06451612903225806,0.1,11,0.001110850138645632,0.0011006779461995814
11,5,32,32,0.06451612903225806,0.1,13,0.0009399465766685468,0.0009313377712011769
11,5,32,32,0.06451612903225806,0.1,15,0.0008146183207758267,0.0008071563552049307
11,5,32,32,0.06451612903225806,0.1,17,0.0007187795940572178,0.0007121948285809596
11,5,32,32,0.06451612903225806,0.1,19,0.0006431177384322272,0.0006372256255012462
11,5,32,32,0.06451612903225806,0.5,1,0.28622583506837934,0.2845147035097423
11,5,32,32,0.06451612903225806,0.5,3,0.09338586110417677,0.09283370987282044
11,5,32,32,0.06451612903225806,0.5,5,0.05593290799298388,0.0556046809614099
11,5,32,32,0.06451612903225806,0.5,7,0.03993206306664043,0.039698279862545933
11,5,32,32,0.06451612903225806,0.5,9,0.031051667293877944,0.030870055253092808
11,5,32,32,0.06451612903225806,0.5,11,0.025403092523576205,0.025254592647650197
11,5,32,32,0.06451612903225806,0.5,13,0.02149351365857962,0.02136790465744024
11,5,32,32,0.06451612903225806,0.5,15,0.01862692310414202,0.018518086217031778
11,5,32,32,0.06451612903225806,0.5,17,0.01643504254770659,0.01633902420945181
11,5,32,32,0.06451612903225806,0.5,19,0.014704730308259013,0.014618828004907705
11,5,32,32,0.06451612903225806,1.0,1,0.9358130246695687,0.9337532401587504
11,5,32,32,0.06451612903225806,1.0,3,0.2930198603187207,0.2931210517407971
11,5,32,32,0.06451612903225806,1.0,5,0.17494127984097366,0.17502329215662013
11,5,32,32,0.06451612903225806,1.0,7,0.12478955614303469,0.12484124831855688
11,5,32,32,0.06451612903225806,1.0,9,0.09700503923257564,0.0970400668126409
11,5,32,32,0.06451612903225806,1.0,11,0.07934599883975849,0.07937108284182981
11,5,32,32,0.06451612903225806,1.0,13,0.06712830456017778,0.06714732132635891
11,5,32,32,0.06451612903225806,1.0,15,0.05817207816634887,0.05818710361086827
11,5,32,32,0.06451612903225806,1.0,17,0.05132488604667422,0.051337134806382904
11,5,32,32,0.06451612903225806,1.0,19,0.04592011837089996,0.045930350278232036
12,5,32,32,0.06451612903225806,0.1,1,0.013140148664170116,0.012691607158003269
12,5,32,32,0.06451612903225806,0.1,3,0.0043750339887247075,0.004222350560560157
12,5,32,32,0.06451612903225806,0.1,5,0.002624698230424404,0.0025327160315747523
12,5,32,32,0.06451612903225806,0.1,7,0.0018747061960070063,0.0018088912470416497
12,5,32,32,0.06451612903225806,0.1,9,0.0014580751120470798,0.0014068368236572527
12,5,32,32,0.06451612903225806,0.1,11,0.001192956328408739,0.0011510086728622922
12,5,32,32,0.06451612903225806,0.1,13,0.0010094167385108033,0.0009739076900119282
12,5,32,32,0.06451612903225806,0.1,15,0.0008748230698862846,0.0008440391106649938
12,5,32,32,0.06451612903225806,0.1,17,0.0007718995994677347,0.0007447309086410372
12,5,32,32,0.06451612903225806,0.1,19,0.000690644873665447,0.0006663315442350904
12,5,32,32,0.06451612903225806,0.5,1,0.3063633688887768,0.29746648687431365
12,5,32,32,0.06451612903225806,0.5,3,0.09990254101627322,0.09648692911859243
12,5,32,32,0.06451612903225806,0.5,5,0.059826116304673334,0.057731724513388136
12,5,32,32,0.06451612903225806,0.5,7,0.0427084185241449,0.0411989163327518
12,5,32,32,0.06451612903225806,0.5,9,0.033209237821151184,0.032029387453223784
12,5,32,32,0.06451612903225806,0.5,11,0.02716747135555061,0.02619913482781976
12,5,32,32,0.06451612903225806,0.5,13,0.022985934173772163,0.022164816774504145
12,5,32,32,0.06451612903225806,0.5,15,0.019920033576187986,0.01920728446952078
12,5,32,32,0.06451612903225806,0.5,17,0.01757580951830706,0.016946162460991294
12,5,32,32,0.06451612903225806,0.5,19,0.015725268099746486,0.015161369822841836
12,5,32,32,0.06451612903225806,1.0,1,0.9888320798023428,0.9676832033885479
12,5,32,32,0.06451612903225806,1.0,3,0.3112775077570555,0.30007894670684315
12,5,32,32,0.06451612903225806,1.0,5,0.18576679060969195,0.1787795418786142
12,5,32,32,0.06451612903225806,1.0,7,0.13248351228517546,0.1274132654774611
12,5,32,32,0.06451612903225806,1.0,9,0.10297309862160128,0.09899564484117623
12,5,32,32,0.06451612903225806,1.0,11,0.08422047325162789,0.08094861858649233
12,5,32,32,0.06451612903225806,1.0,13,0.0712480726394147,0.06846931668026449
12,5,32,32,0.06451612903225806,1.0,15,0.06173957939123374,0.05932481436812504
12,5,32,32,0.06451612903225806,1.0,17,0.054470718832525494,0.05233565766627663
12,5,32,32,0.06451612903225806,1.0,19,0.04873344474712451,0.04682003194639874
13,5,32,32,0.06451612903225806,0.1,1,0.01159482323567727,0.011594823235677941
13,5,32,32,0.06451612903225806,0.1,3,0.00385479865171181,0.003854798651714534
13,5,32,32,0.06451612903225806,0.1,5,0.0023122175359255454,0.0023122175359268607
13,5,32,32,0.06451612903225806,0.1,7,0.0016514449826045732,0.00165144498260645
13,5,32,32,0.06451612903225806,0.1,9,0.001284411682232427,0.0012844116822341891
13,5,32,32,0.06451612903225806,0.1,11,0.0010508632255195652,0.0010508632255192983
13,5,32,32,0.06451612903225806,0.1,13,0.000889182629680589,0.0008891826296833513
13,5,32,32,0.06451612903225806,0.1,15,0.0007706198543175339,0.0007706198543173142
13,5,32,32,0.06451612903225806,0.1,17,0.0006799556857359106,0.0006799556857466165
13,5,32,32,0.06451612903225806,0.1,19,0.0006083795121402421,0.0006083795121393326
13,5,32,32,0.06451612903225806,0.5,1,0.2722799356852226,0.2722799356852235
13,5,32,32,0.06451612903225806,0.5,3,0.08759218523853446,0.08759218523853718
13,5,32,32,0.06451612903225806,0.5,5,0.05234115387629701,0.05234115387630132
13,5,32,32,0.06451612903225806,0.5,7,0.03733547297827928,0.03733547297827983
13,5,32,32,0.06451612903225806,0.5,9,0.029020293179417865,0.02902029317941766
13,5,32,32,0.06451612903225806,0.5,11,0.023735643171533965,0.023735643171535183
13,5,32,32,0.06451612903225806,0.5,13,0.020079787286830332,0.020079787286835626
13,5,32,32,0.06451612903225806,0.5,15,0.017400105240812813,0.0174001052408254
13,5,32,32,0.06451612903225806,0.5,17,0.015351596166011222,0.015351596166009769
13,5,32,32,0.06451612903225806,0.5,19,0.01373471959694759,0.013734719596957018
13,5,32,32,0.06451612903225806,1.0,1,0.8864924475600785,0.8864924475600802
13,5,32,32,0.06451612903225806,1.0,3,0.26496883257598897,0.26496883257599124
13,5,32,32,0.06451612903225806,1.0,5,0.15700096407134304,0.15700096407134495
13,5,32,32,0.06451612903225806,1.0,7,0.1116966635960208,0.11169666359602518
13,5,32,32,0.06451612903225806,1.0,9,0.08672030557396683,0.0867203055739687
13,5,32,32,0.06451612903225806,1.0,11,0.07088561657320616,0.07088561657320637
13,5,32,32,0.06451612903225806,1.0,13,0.05994630534266851,0.059946305342672195
13,5,32,32,0.06451612903225806,1.0,15,0.05193467462108103,0.051934674621086196
13,5,32,32,0.06451612903225806,1.0,17,0.04581346757873001,0.04581346757873268
13,5,32,32,0.06451612903225806,1.0,19,0.04098386669361931,0.04098386669362458
14,5,32,32,0.06451612903225806,0.1,1,0.011593820030284455,0.011593814301340202
14,5,32,32,0.06451612903225806,0.1,3,0.003861896413436902,0.003861896296885704
14,5,32,32,0.06451612903225806,0.1,5,0.0023170078658771836,0.0023170078615796
14,5,32,32,0.06451612903225806,0.1,7,0.0016549800309997907,0.00165498003704196
14,5,32,32,0.06451612903225806,0.1,9,0.0012871984976522007,0.0012871985040744246
14,5,32,32,0.06451612903225806,0.1,11,0.0010531590124591601,0.0010531590179368186
14,5,32,32,0.06451612903225806,0.1,13,0.0008911328962125457,0.000891132900718267
14,5,32,32,0.06451612903225806,0.1,15,0.0007723142776167538,0.0007723142813235397
14,5,32,32,0.06451612903225806,0.1,17,0.0006814532439482424,0.000681453247024882
14,5,32,32,0.06451612903225806,0.1,19,0.0006097209906177544,0.0006097209932020358
14,5,32,32,0.06451612903225806,0.5,1,0.2725429888387977,0.27253883391234407
14,5,32,32,0.06451612903225806,0.5,3,0.08936019975189254,0.08936000973588563
14,5,32,32,0.06451612903225806,0.5,5,0.053546338773028654,0.05354629614938227
14,5,32,32,0.06451612903225806,0.5,7,0.03823366035644226,0.03823364437589475
14,5,32,32,0.06451612903225806,0.5,9,0.029732894237453362,0.029732886521698105
14,5,32,32,0.06451612903225806,0.5,11,0.0243250898623212,0.024325085531173987
14,5,32,32,0.06451612903225806,0.5,13,0.020581879540142574,0.020581876853216746
14,5,32,32,0.06451612903225806,0.5,15,0.01783714489575094,0.017837143105886112
14,5,32,32,0.06451612903225806,0.5,17,0.015738371378044062,0.015738370120573535
14,5,32,32,0.06451612903225806,0.5,19,0.014081521066885306,0.014081520146223141
14,5,32,32,0.06451612903225806,1.0,1,0.90102951223696,0.9009805847219141
14,5,32,32,0.06451612903225806,1.0,3,0.28557916139733264,0.28557629607925655
14,5,32,32,0.06451612903225806,1.0,5,0.17065996071481726,0.17065920702474774
14,5,32,32,0.06451612903225806,1.0,7,0.12176477740996577,0.12176444608818061
14,5,32,32,0.06451612903225806,1.0,9,0.09466258613405308,0.0946624029089399
14,5,32,32,0.06451612903225806,1.0,11,0.07743320625514885,0.07743309083282258
14,5,32,32,0.06451612903225806,1.0,13,0.0655116203150415,0.06551154124408308
14,5,32,32,0.06451612903225806,1.0,15,0.05677194666946116,0.05677188924180559
14,5,32,32,0.06451612903225806,1.0,17,0.05009006045867235,0.05009001691781946
14,5,32,32,0.06451612903225806,1.0,19,0.044815639360399236,0.04481560524324086
15,5,32,32,0.06451612903225806,0.1,1,0.012489442770325812,0.012087614135099926
15,5,32,32,0.06451612903225806,0.1,3,0.004157805168554261,0.004025193140862349
15,5,32,32,0.06451612903225806,0.1,5,0.002494303917842527,0.0024149065515182136
15,5,32,32,0.06451612903225806,0.1,7,0.0017815485059254855,0.0017248890821632266
15,5,32,32,0.06451612903225806,0.1,9,0.0013856106692053745,0.0013415653329375808
15,5,32,32,0.06451612903225806,0.1,11,0.0011336627418283964,0.0010976377443605364
15,5,32,32,0.06451612903225806,0.1,13,0.0009592425724229153,0.0009287669939740055
15,5,32,32,0.06451612903225806,0.1,15,0.0008313370798062234,0.000804929443553372
15,5,32,32,0.06451612903225806,0.1,17,0.0007335284444235305,0.0007102306526686957
15,5,32,32,0.06451612903225806,0.1,19,0.0006563119610544763,0.0006354687359002137
15,5,32,32,0.06451612903225806,0.5,1,0.2922559878232588,0.28301092197505695
15,5,32,32,0.06451612903225806,0.5,3,0.0952978388016446,0.09223578919593428
15,5,32,32,0.06451612903225806,0.5,5,0.05707605200789383,0.05523107653327176
15,5,32,32,0.06451612903225806,0.5,7,0.04074718959828924,0.03942713772630962
15,5,32,32,0.06451612903225806,0.5,9,0.03168498426707489,0.030657396195900105
15,5,32,32,0.06451612903225806,0.5,11,0.025920888559418483,0.025079705005038404
15,5,32,32,0.06451612903225806,0.5,13,0.021931420669365848,0.021219410918517992
15,5,32,32,0.06451612903225806,0.5,15,0.01900629278493149,0.0183890718793106
15,5,32,32,0.06451612903225806,0.5,17,0.016769676975454763,0.01622497517825674
15,5,32,32,0.06451612903225806,0.5,19,0.015004065522459729,0.014516635417526746
15,5,32,32,0.06451612903225806,1.0,1,0.9472826993548811,0.9293652390329752
15,5,32,32,0.06451612903225806,1.0,3,0.30009291670931804,0.29057741927108993
15,5,32,32,0.06451612903225806,1.0,5,0.17914597246009192,0.17317401253024817
15,5,32,32,0.06451612903225806,1.0,7,0.12775401300674966,0.12342598415428
15,5,32,32,0.06451612903225806,1.0,9,0.09928950556631655,0.09589957102424028
15,5,32,32,0.06451612903225806,1.0,11,0.08120257158277844,0.0784175853959746
15,5,32,32,0.06451612903225806,1.0,13,0.06869157342288856,0.06632871243276825
15,5,32,32,0.06451612903225806,1.0,15,0.05952188460595908,0.05747019797581368
15,5,32,32,0.06451612903225806,1.0,17,0.05251242702023665,0.05069957665786459
15,5,32,32,0.06451612903225806,1.0,19,0.04698016806922551,0.04535639144088221
16,5,32,32,0.06451612903225806,0.1,1,0.011591360717302358,0.01159692653536459
16,5,32,32,0.06451612903225806,0.1,3,0.0038607058770883185,0.0038622741311755493
16,5,32,32,0.06451612903225806,0.1,5,0.0023162758185166577,0.002317202973853483
16,5,32,32,0.06451612903225806,0.1,7,0.0016544536630351387,0.0016551132013025158
16,5,32,32,0.06451612903225806,0.1,9,0.0012867879910423478,0.001287300096033804
16,5,32,32,0.06451612903225806,0.1,11,0.0010528226854710208,0.0010532413204648683
16,5,32,32,0.06451612903225806,0.1,13,0.0008908480897007712,0.0008912021441097223
16,5,32,32,0.06451612903225806,0.1,15,0.000772067324913589,0.000772374076800378
16,5,32,32,0.06451612903225806,0.1,17,0.0006812352737423014,0.0006815058810039932
16,5,32,32,0.06451612903225806,0.1,19,0.0006095259203980722,0.0006097680074318398
16,5,32,32,0.06451612903225806,0.5,1,0.27224371126083985,0.2732547637987462
16,5,32,32,0.06451612903225806,0.5,3,0.08904803026566106,0.08918842274345888
16,5,32,32,0.06451612903225806,0.5,5,0.05334938304042136,0.0534240197457547
16,5,32,32,0.06451612903225806,0.5,7,0.038091106820001386,0.038142528050125676
16,5,32,32,0.06451612903225806,0.5,9,0.02962142833489612,0.029660817303808113
16,5,32,32,0.06451612903225806,0.5,11,0.02423364886533358,0.024265625474175108
16,5,32,32,0.06451612903225806,0.5,13,0.020504390289678546,0.02053132539219699
16,5,32,32,0.06451612903225806,0.5,15,0.017769925218542572,0.017793202618628778
16,5,32,32,0.06451612903225806,0.5,17,0.015679023615461654,0.015699523367925804
16,5,32,32,0.06451612903225806,0.5,19,0.014028397968957327,0.014046715303457176
16,5,32,32,0.06451612903225806,1.0,1,0.8993029959142606,0.9086299281242765
16,5,32,32,0.06451612903225806,1.0,3,0.282494688482255,0.2824762651504903
16,5,32,32,0.06451612903225806,1.0,5,0.1686583087275252,0.16851944867176735
16,5,32,32,0.06451612903225806,1.0,7,0.12030522665973228,0.12018072804469127
16,5,32,32,0.06451612903225806,1.0,9,0.0935179285804744,0.09341296910513684
16,5,32,32,0.06451612903225806,1.0,11,0.07649280126489648,0.07640355418470805
16,5,32,32,0.06451612903225806,1.0,13,0.0647140362751292,0.06463687750510688
16,5,32,32,0.06451612903225806,1.0,15,0.0560797117847325,0.056011947539943506
16,5,32,32,0.06451612903225806,1.0,17,0.04947868656029192,0.04941836762564557
16,5,32,32,0.06451612903225806,1.0,19,0.04426826315978393,0.04421396291504426
17,5,32,32,0.06451612903225806,0.1,1,0.013187636318724723,0.012265531473095913
17,5,32,32,0.06451612903225806,0.1,3,0.004392712826859784,0.004079344061563324
17,5,32,32,0.06451612903225806,0.1,5,0.002635438413392958,0.002446801402651842
17,5,32,32,0.06451612903225806,0.1,7,0.0018824121524858004,0.0017474904700993737
17,5,32,32,0.06451612903225806,0.1,9,0.0014640822415972771,0.0013590664788859783
17,5,32,32,0.06451612903225806,0.1,11,0.0011978779574306868,0.0011119165083030413
17,5,32,32,0.06451612903225806,0.1,13,0.001013584975332501,0.0009408254256783908
17,5,32,32,0.06451612903225806,0.1,15,0.0008784378793844006,0.0008153651041192855
17,5,32,32,0.06451612903225806,0.1,17,0.0007750906814372419,0.0007194284899807178
17,5,32,32,0.06451612903225806,0.1,19,0.0006935011249268399,0.0006436912516295676
17,5,32,32,0.06451612903225806,0.5,1,0.3079662379712089,0.28823733855895156
17,5,32,32,0.06451612903225806,0.5,3,0.10119454782413315,0.09325210983009369
17,5,32,32,0.06451612903225806,0.5,5,0.06062948188903069,0.05576321606699181
17,5,32,32,0.06451612903225806,0.5,7,0.04328685599838796,0.039784229474989156
17,5,32,32,0.06451612903225806,0.5,9,0.03366034916763322,0.0309253510926655
17,5,32,32,0.06451612903225806,0.5,11,0.027536965304992986,0.025293896161067028
17,5,32,32,0.06451612903225806,0.5,13,0.023298731526902622,0.021397713522513826
17,5,32,32,0.06451612903225806,0.5,15,0.02019118011231915,0.018541743435583638
17,5,32,32,0.06451612903225806,0.5,17,0.01781507442853881,0.016358436522609203
17,5,32,32,0.06451612903225806,0.5,19,0.015939349313571997,0.014635168459384309
17,5,32,32,0.06451612903225806,1.0,1,0.9999085038544833,0.9449636519691449
17,5,32,32,0.06451612903225806,1.0,3,0.3235616200065596,0.29384579321763843
17,5,32,32,0.06451612903225806,1.0,5,0.1931788685635298,0.17485809753091705
17,5,32,32,0.06451612903225806,1.0,7,0.13771822352529725,0.12453603928661491
17,5,32,32,0.06451612903225806,1.0,9,0.10700515024053335,0.09672095838112234
17,5,32,32,0.06451612903225806,1.0,11,0.08749494523259861,0.07906716827225406
17,5,32,32,0.06451612903225806,1.0,13,0.07400295347448953,0.06686496335570859
17,5,32,32,0.06451612903225806,1.0,15,0.0641164286701988,0.05792632526525853
17,5,32,32,0.06451612903225806,1.0,17,0.056560384544347295,0.051096167349284106
17,5,32,32,0.06451612903225806,1.0,19,0.05059763378436054,0.04570705517671817
18,5,32,32,0.06451612903225806,0.1,1,0.011789775491106052,0.011790734390025539
18,5,32,32,0.06451612903225806,0.1,3,0.003926689151945931,0.003926985206230775
18,5,32,32,0.06451612903225806,0.1,5,0.0023558583347499675,0.0023560311970096215
18,5,32,32,0.06451612903225806,0.1,7,0.001682725417206196,0.0016828472818439999
18,5,32,32,0.06451612903225806,0.1,9,0.0013087766604199418,0.0013088707186021838
18,5,32,32,0.06451612903225806,0.1,11,0.0010708132184879043,0.0010708897881389918
18,5,32,32,0.06451612903225806,0.1,13,0.0009060707524661816,0.0009061353118205878
18,5,32,32,0.06451612903225806,0.1,15,0.0007852602469690446,0.0007853160503724651
18,5,32,32,0.06451612903225806,0.1,17,0.0006928760563541614,0.0006929251939371277
18,5,32,32,0.06451612903225806,0.1,19,0.0006199413379796884,0.0006199852315908296
18,5,32,32,0.06451612903225806,0.5,1,0.27685680018710795,0.27727807150561784
18,5,32,32,0.06451612903225806,0.5,3,0.09050227280876982,0.09064630665525854
18,5,32,32,0.06451612903225806,0.5,5,0.05421786534881977,0.0543052174840624
18,5,32,32,0.06451612903225806,0.5,7,0.038710624538213466,0.0387732499018936
18,5,32,32,0.06451612903225806,0.5,9,0.03010300172546409,0.03015179726954311
18,5,32,32,0.06451612903225806,0.5,11,0.02462754630453676,0.024667511333167507
18,5,32,32,0.06451612903225806,0.5,13,0.020837629265254048,0.020871467684188905
18,5,32,32,0.06451612903225806,0.5,15,0.01805869932509784,0.01808803877608717
18,5,32,32,0.06451612903225806,0.5,17,0.01593380424453789,0.015959700111689706
18,5,32,32,0.06451612903225806,0.5,19,0.014256346633753018,0.01427952206213856
18,5,32,32,0.06451612903225806,1.0,1,0.9135832158773949,0.9177267852851193
18,5,32,32,0.06451612903225806,1.0,3,0.2870034346494328,0.2882596665472647
18,5,32,32,0.06451612903225806,1.0,5,0.17138471527573662,0.1721535168146486
18,5,32,32,0.06451612903225806,1.0,7,0.12225674309197075,0.12280871842126585
18,5,32,32,0.06451612903225806,1.0,9,0.09503698141070535,0.09546717163943409
18,5,32,32,0.06451612903225806,1.0,11,0.07773611556529038,0.07808844374709649
18,5,32,32,0.06451612903225806,1.0,13,0.06576626832393545,0.0660645616333696
18,5,32,32,0.06451612903225806,1.0,15,0.056991740351710646,0.057250352122243324
18,5,32,32,0.06451612903225806,1.0,17,0.050283465506785384,0.05051170538164517
18,5,32,32,0.06451612903225806,1.0,19,0.04498835375666487,0.04519260134032532
19,5,32,32,0.06451612903225806,0.1,1,0.012504672162237792,0.01250647027556231
19,5,32,32,0.06451612903225806,0.1,3,0.004166528105533576,0.004166606092902703
19,5,32,32,0.06451612903225806,0.1,5,0.002499835170979057,0.002499852270169188
19,5,32,32,0.06451612903225806,0.1,7,0.0017855804687767008,0.001785586726513918
19,5,32,32,0.06451612903225806,0.1,9,0.001388779661126179,0.001388782610568
19,5,32,32,0.06451612903225806,0.1,11,0.001136272136021321,0.0011362737528828354
19,5,32,32,0.06451612903225806,0.1,13,0.0009614600004967328,0.0009614609805389379
19,5,32,32,0.06451612903225806,0.1,15,0.0008332647695179527,0.0008332654076865407
19,5,32,32,0.06451612903225806,0.1,17,0.0007352332874283158,0.0007352337259330222
19,5,32,32,0.06451612903225806,0.1,19,0.0006578401010563476,0.0006578404151929904
19,5,32,32,0.06451612903225806,0.5,1,0.2936254236592262,0.2940406737209081
19,5,32,32,0.06451612903225806,0.5,3,0.09690117611002806,0.09695153404490099
19,5,32,32,0.06451612903225806,0.5,5,0.05808637585659042,0.05810120761550405
19,5,32,32,0.06451612903225806,0.5,7,0.04147932513820652,0.04148547886546782
19,5,32,32,0.06451612903225806,0.5,9,0.03225816620115227,0.03226125594559269
19,5,32,32,0.06451612903225806,0.5,11,0.026391577132223364,0.026393332459273472
19,5,32,32,0.06451612903225806,0.5,13,0.02233061865065433,0.022331706173019935
19,5,32,32,0.06451612903225806,0.5,15,0.0193528131105325,0.019353531485179466
19,5,32,32,0.06451612903225806,0.5,17,0.017075781571884205,0.017076280046013543
19,5,32,32,0.06451612903225806,0.5,19,0.015278186509010598,0.015278546132198532
19,5,32,32,0.06451612903225806,1.0,1,0.9671229194631377,0.9692388170101901
19,5,32,32,0.06451612903225806,1.0,3,0.31104593896309013,0.31146894125052493
19,5,32,32,0.06451612903225806,1.0,5,0.1855801983138222,0.18574313468340697
19,5,32,32,0.06451612903225806,1.0,7,0.13231724678132883,0.13239986430143302
19,5,32,32,0.06451612903225806,1.0,9,0.10282881238693692,0.10287713281213227
19,5,32,32,0.06451612903225806,1.0,11,0.08409515223910012,0.08412599457021067
19,5,32,32,0.06451612903225806,1.0,13,0.07113824541206785,0.07115914306931406
19,5,32,32,0.06451612903225806,1.0,15,0.06164231419959231,0.06165711105836208
19,5,32,32,0.06451612903225806,1.0,17,0.05438370642808186,0.05439454863390164
19,5,32,32,0.06451612903225806,1.0,19,0.048654892525501876,0.04866306003117171
20,5,32,32,0.06451612903225806,0.1,1,0.012478527890806022,0.012479028153688353
20,5,32,32,0.06451612903225806,0.1,3,0.004157861237072626,0.0041578806251576575
20,5,32,32,0.06451612903225806,0.1,5,0.002494637343612955,0.0024946415468161676
20,5,32,32,0.06451612903225806,0.1,7,0.0017818681863212454,0.001781869719652269
20,5,32,32,0.06451612903225806,0.1,9,0.00138589247480063,0.0013858931965476074
20,5,32,32,0.06451612903225806,0.1,11,0.0011339099525007328,0.0011339103478893247
20,5,32,32,0.06451612903225806,0.1,13,0.0009594612589457011,0.0009594614985140626
20,5,32,32,0.06451612903225806,0.1,15,0.0008315325426736698,0.0008315326986303575
20,5,32,32,0.06451612903225806,0.1,17,0.0007337048613171672,0.0007337049684720478
20,5,32,32,0.06451612903225806,0.1,19,0.0006564725677638156,0.0006564726445128616
20,5,32,32,0.06451612903225806,0.5,1,0.2930727923449731,0.29330339301867214
20,5,32,32,0.06451612903225806,0.5,3,0.09673687219883659,0.09675645931482009
20,5,32,32,0.06451612903225806,0.5,5,0.05799069665660893,0.05799535129215977
20,5,32,32,0.06451612903225806,0.5,7,0.041411685069303074,0.04141343001754345
20,5,32,32,0.06451612903225806,0.5,9,0.03220579846111952,0.03220662932227452
20,5,32,32,0.06451612903225806,0.5,11,0.02634883397642674,0.0263492918326156
20,5,32,32,0.06451612903225806,0.5,13,0.022294502460692756,0.022294780823417803
20,5,32,32,0.06451612903225806,0.5,15,0.019321540488526842,0.019321722095812077
20,5,32,32,0.06451612903225806,0.5,17,0.01704820475060727,0.017048329692272195
20,5,32,32,0.06451612903225806,0.5,19,0.015253523017116272,0.015253612604670742
20,5,32,32,0.06451612903225806,1.0,1,0.965821351128494,0.9674567049109839
20,5,32,32,0.06451612903225806,1.0,3,0.31059743451831706,0.3109425761755561
20,5,32,32,0.06451612903225806,1.0,5,0.18534504576590474,0.18545943292602873
20,5,32,32,0.06451612903225806,1.0,7,0.13216974503822448,0.13221984524806066
20,5,32,32,0.06451612903225806,1.0,9,0.10272553013761845,0.10275142262937523
20,5,32,32,0.06451612903225806,1.0,11,0.08401723097632575,0.0840321914349866
20,5,32,32,0.06451612903225806,1.0,13,0.0710762713895261,0.07108563889705467
20,5,32,32,0.06451612903225806,1.0,15,0.06159109145686293,0.0615973228624743
20,5,32,32,0.06451612903225806,1.0,17,0.054340136277906126,0.05434448130778891
20,5,32,32,0.06451612903225806,1.0,19,0.04861700934094964,0.04862015506250703
21,5,32,32,0.06451612903225806,0.1,1,0.013578647130905643,0.012878997779912572
21,5,32,32,0.06451612903225806,0.1,3,0.004520499689450443,0.00428702005868658
21,5,32,32,0.06451612903225806,0.1,5,0.0027118770409091456,0.0025718043628876162
21,5,32,32,0.06451612903225806,0.1,7,0.001936945136987653,0.0018369009179471094
21,5,32,32,0.06451612903225806,0.1,9,0.0015064693588538616,0.0014286611152424533
21,5,32,32,0.06451612903225806,0.1,11,0.0012325443849108564,0.0011688853199114946
21,5,32,32,0.06451612903225806,0.1,13,0.0010429100704720314,0.000989046080398359
21,5,32,32,0.06451612903225806,0.1,15,0.0009038479137616143,0.0008571666923588671
21,5,32,32,0.06451612903225806,0.1,17,0.0007975079236906368,0.0007563192357293303
21,5,32,32,0.06451612903225806,0.1,19,0.0007135562888948934,0.0006767037022865791
21,5,32,32,0.06451612903225806,0.5,1,0.3151309981661831,0.2992353264156249
21,5,32,32,0.06451612903225806,0.5,3,0.10279428704898473,0.09718835282115809
21,5,32,32,0.06451612903225806,0.5,5,0.0615272423525174,0.0581803696965953
21,5,32,32,0.06451612903225806,0.5,7,0.04391112916007542,0.041528293848005875
21,5,32,32,0.06451612903225806,0.5,9,0.03413896932367685,0.032289505008619636
21,5,32,32,0.06451612903225806,0.5,11,0.02792508541491985,0.026414033349489722
21,5,32,32,0.06451612903225806,0.5,13,0.023625153153067412,0.022347880116441707
21,5,32,32,0.06451612903225806,0.5,15,0.020472838224156617,0.019366723562069033
21,5,32,32,0.06451612903225806,0.5,17,0.018062770685537955,0.017087375687903396
21,5,32,32,0.06451612903225806,0.5,19,0.016160395429285473,0.015288095483334057
21,5,32,32,0.06451612903225806,1.0,1,1.0011617308821545,0.9497359513716354
21,5,32,32,0.06451612903225806,1.0,3,0.3161246443327033,0.2929631984723669
21,5,32,32,0.06451612903225806,1.0,5,0.18809593533012348,0.17480348735896178
21,5,32,32,0.06451612903225806,1.0,7,0.1339032978384488,0.12464449708455021
21,5,32,32,0.06451612903225806,1.0,9,0.10395875372896439,0.09686890333793839
21,5,32,32,0.06451612903225806,1.0,11,0.0849611888648541,0.07922125816086621
21,5,32,32,0.06451612903225806,1.0,13,0.07183481632004375,0.06701468012364926
21,5,32,32,0.06451612903225806,1.0,15,0.06222198348861469,0.058068357486601906
21,5,32,32,0.06451612903225806,1.0,17,0.05487841647328897,0.05122977013672053
21,5,32,32,0.06451612903225806,1.0,19,0.04908536155134896,0.045832441645360156
22,5,32,32,0.06451612903225806,0.1,1,0.012669391968115206,0.012509803221877903
22,5,32,32,0.06451612903225806,0.1,3,0.004219116019163591,0.004165218862895576
22,5,32,32,0.06451612903225806,0.1,5,0.0025312670482409466,0.002498873171710068
22,5,32,32,0.06451612903225806,0.1,7,0.0018080061259149716,0.0017848527593089687
22,5,32,32,0.06451612903225806,0.1,9,0.0014062130177502628,0.0013881988452334427
22,5,32,32,0.06451612903225806,0.1,11,0.0011505318907020568,0.0011357900311372237
22,5,32,32,0.06451612903225806,0.1,13,0.0009735239283863819,0.0009610483460079001
22,5,32,32,0.06451612903225806,0.1,15,0.0008437190110324451,0.00083290578143832
22,5,32,32,0.06451612903225806,0.1,17,0.0007444568941928644,0.0007349151068501996
22,5,32,32,0.06451612903225806,0.1,19,0.0006660923235799629,0.0006575544451047873
22,5,32,32,0.06451612903225806,0.5,1,0.29595743339595176,0.2920129045745912
22,5,32,32,0.06451612903225806,0.5,3,0.09658797741388953,0.09501869438179596
22,5,32,32,0.06451612903225806,0.5,5,0.057856261880538634,0.056902521739230195
22,5,32,32,0.06451612903225806,0.5,7,0.0413066314541569,0.04062296874178053
22,5,32,32,0.06451612903225806,0.5,9,0.03212112218903795,0.03158858494559695
22,5,32,32,0.06451612903225806,0.5,11,0.026278289505591575,0.025842233304441187
22,5,32,32,0.06451612903225806,0.5,13,0.022234178692234978,0.021865033955181707
22,5,32,32,0.06451612903225806,0.5,15,0.01926890666627161,0.018948882738131147
22,5,32,32,0.06451612903225806,0.5,17,0.017001549291604332,0.01671911485146884
22,5,32,32,0.06451612903225806,0.5,19,0.015211641006965164,0.014958897153034913
22,5,32,32,0.06451612903225806,1.0,1,0.9615897630739727,0.9476732710114214
22,5,32,32,0.06451612903225806,1.0,3,0.30366683354864366,0.298932246778091
22,5,32,32,0.06451612903225806,1.0,5,0.18128593873914264,0.1785875449879978
22,5,32,32,0.06451612903225806,1.0,7,0.12929018307830928,0.1274070709082713
22,5,32,32,0.06451612903225806,1.0,9,0.10048910703826343,0.09904333313594996
22,5,32,32,0.06451612903225806,1.0,11,0.08218698706015212,0.08101375584158742
22,5,32,32,0.06451612903225806,1.0,13,0.06952640836822907,0.06853926888928563
22,5,32,32,0.06451612903225806,1.0,15,0.06024666339830901,0.05939466082679231
22,5,32,32,0.06451612903225806,1.0,17,0.0531528181342143,0.052403404611949755
22,5,32,32,0.06451612903225806,1.0,19,0.04755378954808065,0.046884912159599466
23,5,32,32,0.06451612903225806,0.1,1,0.011869338296682266,0.011584566138613504
23,5,32,32,0.06451612903225806,0.1,3,0.003952112021866248,0.0038534870539875298
23,5,32,32,0.06451612903225806,0.1,5,0.0023709551355539306,0.002311403175228391
23,5,32,32,0.06451612903225806,0.1,7,0.0016934590159200758,0.0016508114994831008
23,5,32,32,0.06451612903225806,0.1,9,0.001317103122965699,0.0012838861427463036
23,5,32,32,0.06451612903225806,0.1,11,0.001077614270959036,0.0010504127420403126
23,5,32,32,0.06451612903225806,0.1,13,0.0009118187057532986,0.0008887880881694633
23,5,32,32,0.06451612903225806,0.1,15,0.0007902374762520264,0.0007702688025203369
23,5,32,32,0.06451612903225806,0.1,17,0.0006972647979031546,0.0006796394659481667
23,5,32,32,0.06451612903225806,0.1,19,0.0006238660308786224,0.0006080918345075903
23,5,32,32,0.06451612903225806,0.5,1,0.2799270085644536,0.2741729351989552
23,5,32,32,0.06451612903225806,0.5,3,0.09155478688826685,0.08887975041239031
23,5,32,32,0.06451612903225806,0.5,5,0.05483829173099041,0.05316496840218554
23,5,32,32,0.06451612903225806,0.5,7,0.039149592280502826,0.03793459420821222
23,5,32,32,0.06451612903225806,0.5,9,0.030442451241843676,0.029489135538807953
23,5,32,32,0.06451612903225806,0.5,11,0.02490420441654705,0.024119956790509392
23,5,32,32,0.06451612903225806,0.5,13,0.021071077488014362,0.0204050131900346
23,5,32,32,0.06451612903225806,0.5,15,0.018260601576533114,0.017681787981467113
23,5,32,32,0.06451612903225806,0.5,17,0.016111666040185726,0.01559990311146916
23,5,32,32,0.06451612903225806,0.5,19,0.014415280946283998,0.013956652968769707
23,5,32,32,0.06451612903225806,1.0,1,0.9294106941911495,0.9168446188271633
23,5,32,32,0.06451612903225806,1.0,3,0.2936788578081944,0.28819974395307474
23,5,32,32,0.06451612903225806,1.0,5,0.17539720816516763,0.172307335227417
23,5,32,32,0.06451612903225806,1.0,7,0.12511259486561246,0.1229703980204176
23,5,32,32,0.06451612903225806,1.0,9,0.09725174132936831,0.09560974198223453
23,5,32,32,0.06451612903225806,1.0,11,0.07954427402416923,0.07821161148452178
23,5,32,32,0.06451612903225806,1.0,13,0.06729375494260335,0.06617162452148304
23,5,32,32,0.06451612903225806,1.0,15,0.05831389251892002,0.057344476755080684
23,5,32,32,0.06451612903225806,1.0,17,0.05144890287875741,0.050595410620082354
23,5,32,32,0.06451612903225806,1.0,19,0.046030267122955035,0.04526781748049324
24,5,32,32,0.06451612903225806,0.1,1,0.012699223647080147,0.012529597054897512
24,5,32,32,0.06451612903225806,0.1,3,0.0042290988802729775,0.004172261246880933
24,5,32,32,0.06451612903225806,0.1,5,0.002537256889994723,0.0025031513738360545
24,5,32,32,0.06451612903225806,0.1,7,0.0018122843253518602,0.0017879247090805193
24,5,32,32,0.06451612903225806,0.1,9,0.0014095403365942875,0.0013905950786239935
24,5,32,32,0.06451612903225806,0.1,11,0.0011532541369642189,0.0011377541943087574
24,5,32,32,0.06451612903225806,0.1,13,0.0009758272991657466,0.0009627124424197954
24,5,32,32,0.06451612903225806,0.1,15,0.0008457152193315189,0.0008343493399610305
24,5,32,32,0.06451612903225806,0.1,17,0.0007462182216993938,0.0007361897398150403
24,5,32,32,0.06451612903225806,0.1,19,0.000667668224252815,0.0006586955451242434
24,5,32,32,0.06451612903225806,0.5,1,0.29658050849999895,0.2924925992590128
24,5,32,32,0.06451612903225806,0.5,3,0.09679939008409164,0.0952336465582463
24,5,32,32,0.06451612903225806,0.5,5,0.057983980761868226,0.05703602313412856
24,5,32,32,0.06451612903225806,0.5,7,0.04139807396785925,0.0407194617538606
24,5,32,32,0.06451612903225806,0.5,9,0.03219231178486917,0.03166408201796245
24,5,32,32,0.06451612903225806,0.5,11,0.02633656107663294,0.025904224284706283
24,5,32,32,0.06451612903225806,0.5,13,0.02228349617965455,0.021917612739433538
24,5,32,32,0.06451612903225806,0.5,15,0.019311653313992393,0.018994528495259906
24,5,32,32,0.06451612903225806,0.5,17,0.017039269110890928,0.016759441875388956
24,5,32,32,0.06451612903225806,0.5,19,0.0152453912609773,0.014995015011422756
24,5,32,32,0.06451612903225806,1.0,1,0.9618092275812825,0.9501108717735554
24,5,32,32,0.06451612903225806,1.0,3,0.3032620659259162,0.2999668981866477
24,5,32,32,0.06451612903225806,1.0,5,0.18115766218467486,0.17916188953070813
24,5,32,32,0.06451612903225806,1.0,7,0.12923809890026286,0.12780160293642462
24,5,32,32,0.06451612903225806,1.0,9,0.10046639048486511,0.09934336602236822
24,5,32,32,0.06451612903225806,1.0,11,0.08217784412964285,0.08125571594167086
24,5,32,32,0.06451612903225806,1.0,13,0.06952426350384729,0.06874196429971358
24,5,32,32,0.06451612903225806,1.0,15,0.060248381967970124,0.05956904700920828
24,5,32,32,0.06451612903225806,1.0,17,0.05315675917351131,0.05255641686094498
24,5,32,32,0.06451612903225806,1.0,19,0.047559033862403864,0.04702121665367631
25,5,32,32,0.06451612903225806,0.1,1,0.014225164968925291,0.01354335530225358
25,5,32,32,0.06451612903225806,0.1,3,0.0047340153117547985,0.004507084544209256
25,5,32,32,0.06451612903225806,0.1,5,0.002839787724693727,0.0027037200250427584
25,5,32,32,0.06451612903225806,0.1,7,0.002028251708426652,0.0019310918332478473
25,5,32,32,0.06451612903225806,0.1,9,0.0015774609446905171,0.0015019064056943556
25,5,32,32,0.06451612903225806,0.1,11,0.0012906157362433878,0.0012288060226384808
25,5,32,32,0.06451612903225806,0.1,13,0.0010920400024145684,0.0010397440318783242
25,5,32,32,0.06451612903225806,0.1,15,0.0009464225333417491,0.0009011022920049763
25,5,32,32,0.06451612903225806,0.1,17,0.0008350706369327361,0.0007950841865665499
25,5,32,32,0.06451612903225806,0.1,19,0.0007471628303046702,0.0007113869014885954
25,5,32,32,0.06451612903225806,0.5,1,0.32962504933323256,0.3142266757557175
25,5,32,32,0.06451612903225806,0.5,3,0.10719149428047611,0.1017832763559987
25,5,32,32,0.06451612903225806,0.5,5,0.06415401702901288,0.06090985436047236
25,5,32,32,0.06451612903225806,0.5,7,0.04578570912613142,0.04347107936670347
25,5,32,32,0.06451612903225806,0.5,9,0.03559657150242822,0.033797910964050173
25,5,32,32,0.06451612903225806,0.5,11,0.02911755032562975,0.027646896903212398
25,5,32,32,0.06451612903225806,0.5,13,0.024634126230923814,0.02339035395552329
25,5,32,32,0.06451612903225806,0.5,15,0.02134727364167618,0.020269760144699323
25,5,32,32,0.06451612903225806,0.5,17,0.01883433327204489,0.017883883220104056
25,5,32,32,0.06451612903225806,0.5,19,0.016850746168277548,0.01600055998497685
25,5,32,32,0.06451612903225806,1.0,1,1.03680985023161,0.9954958431778119
25,5,32,32,0.06451612903225806,1.0,3,0.32494867106892555,0.307199851307748
25,5,32,32,0.06451612903225806,1.0,5,0.1937408471283307,0.18307408916508527
25,5,32,32,0.06451612903225806,1.0,7,0.13806634644511157,0.1304799062804824
25,5,32,32,0.06451612903225806,1.0,9,0.10725755248986525,0.10137864683250247
25,5,32,32,0.06451612903225806,1.0,11,0.08769314912154144,0.0828966729430773
25,5,32,32,0.06451612903225806,1.0,13,0.07416624401860848,0.07011647921924136
25,5,32,32,0.06451612903225806,1.0,15,0.06425532774568325,0.06075150435597648
25,5,32,32,0.06451612903225806,1.0,17,0.056681267003719164,0.05359388083177513
25,5,32,32,0.06451612903225806,1.0,19,0.050704656953508696,0.04794534653552874
26,5,32,32,0.06451612903225806,0.1,1,0.014232480368702366,0.013881080834496845
26,5,32,32,0.06451612903225806,0.1,3,0.0047364130571847275,0.004620084518231691
26,5,32,32,0.06451612903225806,0.1,5,0.0028412219817160983,0.002771557547387137
26,5,32,32,0.06451612903225806,0.1,7,0.0020292748680100967,0.0019795577756445823
26,5,32,32,0.06451612903225806,0.1,9,0.0015782561763569556,0.0015396065231811328
26,5,32,32,0.06451612903225806,0.1,11,0.0012912660912790782,0.001259653801162941
26,5,32,32,0.06451612903225806,0.1,13,0.0010925901342898946,0.0010658472823210413
26,5,32,32,0.06451612903225806,0.1,15,0.0009468992075398672,0.0009237259156488399
26,5,32,32,0.06451612903225806,0.1,17,0.0008354911599570949,0.0008150467469189751
26,5,32,32,0.06451612903225806,0.1,19,0.0007475390370866845,0.0007292485181824585
26,5,32,32,0.06451612903225806,0.5,1,0.32983831324102814,0.32161166613930103
26,5,32,32,0.06451612903225806,0.5,3,0.10725641589890525,0.10438012167104423
26,5,32,32,0.06451612903225806,0.5,5,0.06419247119056731,0.0624729919471325
26,5,32,32,0.06451612903225806,0.5,7,0.045813035432183055,0.044588317961366676
26,5,32,32,0.06451612903225806,0.5,9,0.03561776644314757,0.034667020684573335
26,5,32,32,0.06451612903225806,0.5,11,0.029134861575378094,0.028358015015893207
26,5,32,32,0.06451612903225806,0.5,13,0.02464875681057922,0.02399206774084251
26,5,32,32,0.06451612903225806,0.5,15,0.021359942510022503,0.020791236371057512
26,5,32,32,0.06451612903225806,0.5,17,0.01884550433023382,0.01834399916369938
26,5,32,32,0.06451612903225806,0.5,19,0.016860736154374886,0.0164122333194029
26,5,32,32,0.06451612903225806,1.0,1,1.0379073089532147,1.0151491051913233
26,5,32,32,0.06451612903225806,1.0,3,0.32537124417609076,0.31578433341466683
26,5,32,32,0.06451612903225806,1.0,5,0.19400044912596798,0.1882700330680619
26,5,32,32,0.06451612903225806,1.0,7,0.13825381977730145,0.1341824472122386
26,5,32,32,0.06451612903225806,1.0,9,0.10740426899708409,0.10424989818246187
26,5,32,32,0.06451612903225806,1.0,11,0.08781366372712315,0.08524002925341487
26,5,32,32,0.06451612903225806,1.0,13,0.07426849589501636,0.07209534672787653
26,5,32,32,0.06451612903225806,1.0,15,0.06434412263278017,0.06246375325879761
26,5,32,32,0.06451612903225806,1.0,17,0.05675973445079203,0.055102697063258196
26,5,32,32,0.06451612903225806,1.0,19,0.0507749486219243,0.04929386612583394
27,5,32,32,0.06451612903225806,0.1,1,0.010152739817193083,0.01016752930624539
27,5,32,32,0.06451612903225806,0.1,3,0.003380481449715182,0.003385068259067694
27,5,32,32,0.06451612903225806,0.1,5,0.0020281085367065527,0.0020308440462828772
27,5,32,32,0.06451612903225806,0.1,7,0.001448613473805753,0.0014505641451163255
27,5,32,32,0.06451612903225806,0.1,9,0.0011266880127184511,0.001128204156560331
27,5,32,32,0.06451612903225806,0.1,11,0.0009218309437566353,0.0009230709922659083
27,5,32,32,0.06451612903225806,0.1,13,0.0007800085098149679,0.00078105757098203
27,5,32,32,0.06451612903225806,0.1,15,0.0006760061306690695,0.0006769152024718476
27,5,32,32,0.06451612903225806,0.1,17,0.0005964752637820357,0.0005972773184215226
27,5,32,32,0.06451612903225806,0.1,19,0.0005336879335083159,0.0005344055189613455
27,5,32,32,0.06451612903225806,0.5,1,0.23916112363185013,0.2391202347157494
27,5,32,32,0.06451612903225806,0.5,3,0.07765962083566959,0.07736584979653797
27,5,32,32,0.06451612903225806,0.5,5,0.046501961261805086,0.046310518538984345
27,5,32,32,0.06451612903225806,0.5,7,0.03319731280762273,0.033057545350494766
27,5,32,32,0.06451612903225806,0.5,9,0.025814259702668884,0.025704580689871328
27,5,32,32,0.06451612903225806,0.5,11,0.02111832731714898,0.021028187150523396
27,5,32,32,0.06451612903225806,0.5,13,0.017868171384685123,0.01779170274483372
27,5,32,32,0.06451612903225806,0.5,15,0.015485105673750724,0.015418726119036129
27,5,32,32,0.06451612903225806,0.5,17,0.013662949496776567,0.013604316341338404
27,5,32,32,0.06451612903225806,0.5,19,0.012224506510009213,0.012172005757699774
27,5,32,32,0.06451612903225806,1.0,1,0.8017349294893753,0.7969957937605829
27,5,32,32,0.06451612903225806,1.0,3,0.24744306387390572,0.24727339874130938
27,5,32,32,0.06451612903225806,1.0,5,0.14763623507950882,0.1480108509285769
27,5,32,32,0.06451612903225806,1.0,7,0.10529286918968671,0.1056580974774718
27,5,32,32,0.06451612903225806,1.0,9,0.08184289511767541,0.08215855909250196
27,5,32,32,0.06451612903225806,1.0,11,0.06694104400079696,0.06721246163869386
27,5,32,32,0.06451612903225806,1.0,13,0.056632051307894046,0.05686812600228535
27,5,32,32,0.06451612903225806,1.0,15,0.04907547451864955,0.04928356494660115
27,5,32,32,0.06451612903225806,1.0,17,0.0432985663389645,0.043484236809931506
27,5,32,32,0.06451612903225806,1.0,19,0.038738738190558085,0.03890615837271829
28,5,32,32,0.06451612903225806,0.1,1,0.011748338126167726,0.011748348395561561
28,5,32,32,0.06451612903225806,0.1,3,0.003913032838435605,0.003913033543078426
28,5,32,32,0.06451612903225806,0.1,5,0.00234767097104059,0.002347671185865906
28,5,32,32,0.06451612903225806,0.1,7,0.0016768783765379464,0.001676878477237413
28,5,32,32,0.06451612903225806,0.1,9,0.0013042292476793133,0.0013042293055380752
28,5,32,32,0.06451612903225806,0.1,11,0.0010670927021305626,0.0010670927395431964
28,5,32,32,0.06451612903225806,0.1,13,0.0009029226572917725,0.0009029226834191969
28,5,32,32,0.06451612903225806,0.1,15,0.0007825319099724756,0.0007825319292319289
28,5,32,32,0.06451612903225806,0.1,17,0.0006904687036025056,0.0006904687183779274
28,5,32,32,0.06451612903225806,0.1,19,0.0006177873905798975,0.0006177874022703223
28,5,32,32,0.06451612903225806,0.5,1,0.27617550329279406,0.2761803354134746
28,5,32,32,0.06451612903225806,0.5,3,0.09036333933274193,0.09036413482396977
28,5,32,32,0.06451612903225806,0.5,5,0.054138738616679234,0.05413903022096799
28,5,32,32,0.06451612903225806,0.5,7,0.03865493296582713,0.03865508171382092
28,5,32,32,0.06451612903225806,0.5,9,0.030059948516184126,0.03006003829143146
28,5,32,32,0.06451612903225806,0.5,11,0.02459242856253829,0.024592488520417757
28,5,32,32,0.06451612903225806,0.5,13,0.02080796607227364,0.020808008914568778
28,5,32,32,0.06451612903225806,0.5,15,0.0180330190957328,0.018033051220922882
28,5,32,32,0.06451612903225806,0.5,17,0.0159111614714255,0.01591118644715683
28,5,32,32,0.06451612903225806,0.5,19,0.014236097391493547,0.014236117362170222
28,5,32,32,0.06451612903225806,1.0,1,0.913179007088995,0.9132410082067878
28,5,32,32,0.06451612903225806,1.0,3,0.2876054230657136,0.28759502361489975
28,5,32,32,0.06451612903225806,1.0,5,0.17179104800836895,0.1717900807814015
28,5,32,32,0.06451612903225806,1.0,7,0.12255631079637959,0.12255620810545223
28,5,32,32,0.06451612903225806,1.0,9,0.09527302079985983,0.0952730481062237
28,5,32,32,0.06451612903225806,1.0,11,0.07793050987394924,0.07793055531221077
28,5,32,32,0.06451612903225806,1.0,13,0.06593137725622848,0.06593141962125554
28,5,32,32,0.06451612903225806,1.0,15,0.05713517343254648,0.05713520924072912
28,5,32,32,0.06451612903225806,1.0,17,0.05041022400049753,0.050410253615481126
28,5,32,32,0.06451612903225806,1.0,19,0.04510189466296493,0.045101919156065914
29,5,32,32,0.06451612903225806,0.1,1,0.012720192606022702,0.012314198517622192
29,5,32,32,0.06451612903225806,0.1,3,0.004236074071213191,0.004096816022397067
29,5,32,32,0.06451612903225806,0.1,5,0.0025414414059442376,0.0024574247292428286
29,5,32,32,0.06451612903225806,0.1,7,0.0018152731732618919,0.0017551203982593393
29,5,32,32,0.06451612903225806,0.1,9,0.0014118649751270103,0.0013650187123639486
29,5,32,32,0.06451612903225806,0.1,11,0.0011551561088291953,0.0011167957349964004
29,5,32,32,0.06451612903225806,0.1,13,0.0009774366592257,0.0009449593726658358
29,5,32,32,0.06451612903225806,0.1,15,0.0008471099985917964,0.0008189512581822032
29,5,32,32,0.06451612903225806,0.1,17,0.0007474489101617297,0.0007225950309283442
29,5,32,32,0.06451612903225806,0.1,19,0.0006687693674660922,0.0006465260844728062
29,5,32,32,0.06451612903225806,0.5,1,0.29707388497163384,0.2895265857686286
29,5,32,32,0.06451612903225806,0.5,3,0.09695938806694555,0.09393787791007228
29,5,32,32,0.06451612903225806,0.5,5,0.05807905471114931,0.056224652149785746
29,5,32,32,0.06451612903225806,0.5,7,0.04146570815742256,0.04012934540106469
29,5,32,32,0.06451612903225806,0.5,9,0.032244800003928736,0.03120046023421204
29,5,32,32,0.06451612903225806,0.5,11,0.026379446644503535,0.025522450657284527
29,5,32,32,0.06451612903225806,0.5,13,0.022319749696002436,0.021593127361525563
29,5,32,32,0.06451612903225806,0.5,15,0.019343051481924507,0.01871238247277264
29,5,32,32,0.06451612903225806,0.5,17,0.017066958962697224,0.016509861810954096
29,5,32,32,0.06451612903225806,0.5,19,0.01527015628014484,0.014771261266514972
29,5,32,32,0.06451612903225806,1.0,1,0.9637988588899725,0.9455266750615964
29,5,32,32,0.06451612903225806,1.0,3,0.3041025944982456,0.2954608874417469
29,5,32,32,0.06451612903225806,1.0,5,0.1816372006785625,0.17635150096336855
29,5,32,32,0.06451612903225806,1.0,7,0.12957169503845586,0.1257516485606537
29,5,32,32,0.06451612903225806,1.0,9,0.10072176903489162,0.09772961139611179
29,5,32,32,0.06451612903225806,1.0,11,0.08238460087917701,0.0799251478336356
29,5,32,32,0.06451612903225806,1.0,13,0.06969790641882743,0.06761008429988997
29,5,32,32,0.06451612903225806,1.0,15,0.06039803328565264,0.058584259689299964
29,5,32,32,0.06451612903225806,1.0,17,0.05328823345711998,0.05168490868312942
29,5,32,32,0.06451612903225806,1.0,19,0.04767626287706035,0.04623962778945475
30,5,32,32,0.06451612903225806,0.1,1,0.011387555393503812,0.01205634848854362
30,5,32,32,0.06451612903225806,0.1,3,0.003795019945115264,0.004017251433432595
30,5,32,32,0.06451612903225806,0.1,5,0.002276972005410542,0.0024102770205486857
30,5,32,32,0.06451612903225806,0.1,7,0.0016264007104914953,0.0017216119059630672
30,5,32,32,0.06451612903225806,0.1,9,0.001264975813008114,0.001339026828812186
30,5,32,32,0.06451612903225806,0.1,11,0.0010349791680314502,0.0010955654779388141
30,5,32,32,0.06451612903225806,0.1,13,0.0008757510963150485,0.0009270160048185347
30,5,32,32,0.06451612903225806,0.1,15,0.0007589840075713358,0.0008034133607724897
30,5,32,32,0.06451612903225806,0.1,17,0.0006696916086891255,0.0007088938410694957
30,5,32,32,0.06451612903225806,0.1,19,0.0005991976530716076,0.0006342732480362146
30,5,32,32,0.06451612903225806,0.5,1,0.2685709823869958,0.284450344707141
30,5,32,32,0.06451612903225806,0.5,3,0.08914021932907171,0.09394106821821903
30,5,32,32,0.06451612903225806,0.5,5,0.05346435363132809,0.056317007257806175
30,5,32,32,0.06451612903225806,0.5,7,0.038184901046370866,0.040216951899642486
30,5,32,32,0.06451612903225806,0.5,9,0.029698108791987435,0.031276806022938614
30,5,32,32,0.06451612903225806,0.5,11,0.024297930789691388,0.025588850782239297
30,5,32,32,0.06451612903225806,0.5,13,0.020559533478044806,0.021651489240799633
30,5,32,32,0.06451612903225806,0.5,15,0.017818124126279963,0.01876428929493134
30,5,32,32,0.06451612903225806,0.5,17,0.015721792703782104,0.016556528410566658
30,5,32,32,0.06451612903225806,0.5,19,0.014066816002016501,0.014813612053869538
30,5,32,32,0.06451612903225806,1.0,1,0.898069807609742,0.9494472014445215
30,5,32,32,0.06451612903225806,1.0,3,0.29826904639352547,0.3061595892076854
30,5,32,32,0.06451612903225806,1.0,5,0.178720720354815,0.18278773535641002
30,5,32,32,0.06451612903225806,1.0,7,0.12760657616912563,0.1303750288447915
30,5,32,32,0.06451612903225806,1.0,9,0.09923284897337488,0.10134184560851363
30,5,32,32,0.06451612903225806,1.0,11,0.08118352657566232,0.08289064589012378
30,5,32,32,0.06451612903225806,1.0,13,0.0686903364672152,0.07012583033353133
30,5,32,32,0.06451612903225806,1.0,15,0.05952976160679884,0.06076895867810372
30,5,32,32,0.06451612903225806,1.0,17,0.052525159391563735,0.05361567732998745
30,5,32,32,0.06451612903225806,1.0,19,0.046995503723918926,0.04796941506541298
31,5,32,32,0.06451612903225806,0.1,1,0.012146028124832555,0.012148790012798344
31,5,32,32,0.06451612903225806,0.1,3,0.004045081613816648,0.004045361838362292
31,5,32,32,0.06451612903225806,0.1,5,0.002426875690161335,0.0024269653159513013
31,5,32,32,0.06451612903225806,0.1,7,0.0017334483588913583,0.0017334883083419087
31,5,32,32,0.06451612903225806,0.1,9,0.0013482265847244393,0.0013482472538726088
31,5,32,32,0.06451612903225806,0.1,11,0.0011030898877556557,0.0011031013825833678
31,5,32,32,0.06451612903225806,0.1,13,0.000933381505718787,0.0009333880594057042
31,5,32,32,0.06451612903225806,0.1,15,0.0008089294111498039,0.0008089330747000689
31,5,32,32,0.06451612903225806,0.1,17,0.0007137605178695023,0.0007137623900052229
31,5,32,32,0.06451612903225806,0.1,19,0.0006386273732382917,0.000638628087405044
31,5,32,32,0.06451612903225806,0.5,1,0.284102308559027,0.2842681071777839
31,5,32,32,0.06451612903225806,0.5,3,0.09272766473137847,0.09274205738633116
31,5,32,32,0.06451612903225806,0.5,5,0.055544896613421234,0.0555446657799361
31,5,32,32,0.06451612903225806,0.5,7,0.03965691235130517,0.039653931391704804
31,5,32,32,0.06451612903225806,0.5,9,0.030838499418024107,0.03083495312413911
31,5,32,32,0.06451612903225806,0.5,11,0.025229110560696332,0.025225568018901197
31,5,32,32,0.06451612903225806,0.5,13,0.021346545651985026,0.021343172293681947
31,5,32,32,0.06451612903225806,0.5,15,0.018499706625176388,0.01849654416893753
31,5,32,32,0.06451612903225806,0.5,17,0.016322897065799733,0.016319945513457588
31,5,32,32,0.06451612903225806,0.5,19,0.014604462901542192,0.014601708242671978
31,5,32,32,0.06451612903225806,1.0,1,0.9277599135912803,0.9273160470366539
31,5,32,32,0.06451612903225806,1.0,3,0.2902828986289843,0.29042649616275507
31,5,32,32,0.06451612903225806,1.0,5,0.17331013249744748,0.17335337567985326
31,5,32,32,0.06451612903225806,1.0,7,0.1236245231759015,0.1236356532619638
31,5,32,32,0.06451612903225806,1.0,9,0.0960984293153889,0.09609759727047476
31,5,32,32,0.06451612903225806,1.0,11,0.07860359594664411,0.07859772493127475
31,5,32,32,0.06451612903225806,1.0,13,0.06649981941873159,0.06649172522796086
31,5,32,32,0.06451612903225806,1.0,15,0.05762723138345909,0.057618194018506146
31,5,32,32,0.06451612903225806,1.0,17,0.05084404524534586,0.050834689944218026
31,5,32,32,0.06451612903225806,1.0,19,0.045489833582707674,0.045480478912508636
32,5,32,32,0.06451612903225806,0.1,1,0.011615090970648025,0.012513795703776061
32,5,32,32,0.06451612903225806,0.1,3,0.0038703446385323103,0.004169647931614091
32,5,32,32,0.06451612903225806,0.1,5,0.0023221419353309904,0.0025017109772681395
32,5,32,32,0.06451612903225806,0.1,7,0.0016586600505488023,0.0017869211026230612
32,5,32,32,0.06451612903225806,0.1,9,0.0012900648440595025,0.0013898226237574313
32,5,32,32,0.06451612903225806,0.1,11,0.001055505908207958,0.0011371255716035953
32,5,32,32,0.06451612903225806,0.1,13,0.0008931195606940534,0.0009621821882008816
32,5,32,32,0.06451612903225806,0.1,15,0.0007740365050017005,0.0008338906926689259
32,5,32,32,0.06451612903225806,0.1,17,0.0006829731228201009,0.0007357855885705368
32,5,32,32,0.06451612903225806,0.1,19,0.0006110810495671305,0.0006583342752749996
32,5,32,32,0.06451612903225806,0.5,1,0.2732806526652725,0.29491533648650314
32,5,32,32,0.06451612903225806,0.5,3,0.0904279577601473,0.09741120260038752
32,5,32,32,0.06451612903225806,0.5,5,0.054224875170040744,0.05840078702973852
32,5,32,32,0.06451612903225806,0.5,7,0.038725770177002725,0.04170574872687414
32,5,32,32,0.06451612903225806,0.5,9,0.03011803165015376,0.03243488632998525
32,5,32,32,0.06451612903225806,0.5,11,0.024641192556222713,0.02653642458294615
32,5,32,32,0.06451612903225806,0.5,13,0.020849834268246485,0.022453308739026335
32,5,32,32,0.06451612903225806,0.5,15,0.018069635816515585,0.019459213889407103
32,5,32,32,0.06451612903225806,0.5,17,0.0159436662493116,0.01716970566709177
32,5,32,32,0.06451612903225806,0.5,19,0.014265303994597732,0.01536224967819566
32,5,32,32,0.06451612903225806,1.0,1,0.9075566633746928,0.9777512887857048
32,5,32,32,0.06451612903225806,1.0,3,0.2990299779909883,0.316238840963959
32,5,32,32,0.06451612903225806,1.0,5,0.1791131500956612,0.18897182889184896
32,5,32,32,0.06451612903225806,1.0,7,0.1278746076625401,0.13482126011592163
32,5,32,32,0.06451612903225806,1.0,9,0.09943740974914127,0.1048095304039293
32,5,32,32,0.06451612903225806,1.0,11,0.08134927867171239,0.08573181878848726
32,5,32,32,0.06451612903225806,1.0,13,0.06882980247376619,0.07253184507436324
32,5,32,32,0.06451612903225806,1.0,15,0.059650205048238966,0.06285523257944407
32,5,32,32,0.06451612903225806,1.0,17,0.052631181218448356,0.055457134241601126
32,5,32,32,0.06451612903225806,1.0,19,0.04709020741087868,0.04961742830809907
33,5,32,32,0.06451612903225806,0.1,1,0.011469351960974903,0.011506618479316827
33,5,32,32,0.06451612903225806,0.1,3,0.0038200207673984676,0.0038306358115274574
33,5,32,32,0.06451612903225806,0.1,5,0.0022918623439077976,0.0022980028878599778
33,5,32,32,0.06451612903225806,0.1,7,0.0016370146765108046,0.0016413298251758688
33,5,32,32,0.06451612903225806,0.1,9,0.0012732239822220988,0.0012765493374761138
33,5,32,32,0.06451612903225806,0.1,11,0.001041724673032969,0.0010444292787936962
33,5,32,32,0.06451612903225806,0.1,13,0.0008814573528855182,0.0008837363852951627
33,5,32,32,0.06451612903225806,0.1,15,0.0007639286152491784,0.0007658977398377767
33,5,32,32,0.06451612903225806,0.1,17,0.0006740540110575731,0.0006757873947241617
33,5,32,32,0.06451612903225806,0.1,19,0.0006031005458321091,0.0006046485833762703
33,5,32,32,0.06451612903225806,0.5,1,0.2707099986404632,0.271954348048463
33,5,32,32,0.06451612903225806,0.5,3,0.08858865091134585,0.08887446323163117
33,5,32,32,0.06451612903225806,0.5,5,0.05307719499850147,0.05323738133314462
33,5,32,32,0.06451612903225806,0.5,7,0.03789736279174489,0.03800811818331532
33,5,32,32,0.06451612903225806,0.5,9,0.02947095219030337,0.029555440777671825
33,5,32,32,0.06451612903225806,0.5,11,0.0241106191783511,0.024178858466654234
33,5,32,32,0.06451612903225806,0.5,13,0.020400329987596538,0.02045753968945924
33,5,32,32,0.06451612903225806,0.5,15,0.017679761946976017,0.01772900069185796
33,5,32,32,0.06451612903225806,0.5,17,0.015599480730461527,0.01564269242729813
33,5,32,32,0.06451612903225806,0.5,19,0.013957236000245994,0.013995732033344385
33,5,32,32,0.06451612903225806,1.0,1,0.904659393153354,0.9061475633648205
33,5,32,32,0.06451612903225806,1.0,3,0.28712325680370415,0.2886805685263397
33,5,32,32,0.06451612903225806,1.0,5,0.17163682884617526,0.17250836969869562
33,5,32,32,0.06451612903225806,1.0,7,0.122472502604466,0.12305522565752555
33,5,32,32,0.06451612903225806,1.0,9,0.09521621416864284,0.09564884125942406
33,5,32,32,0.06451612903225806,1.0,11,0.07788748463808813,0.07822979941789339
33,5,32,32,0.06451612903225806,1.0,13,0.06589664535104155,0.06617913813188207
33,5,32,32,0.06451612903225806,1.0,15,0.05710597987226731,0.05734611549903524
33,5,32,32,0.06451612903225806,1.0,17,0.05038499862174896,0.05059364868661847
33,5,32,32,0.06451612903225806,1.0,19,0.04507965856654433,0.045264024292753544
34,5,32,32,0.06451612903225806,0.1,1,0.014190077043600504,0.013568178747624924
34,5,32,32,0.06451612903225806,0.1,3,0.004722594558403128,0.004516831281941268
34,5,32,32,0.06451612903225806,0.1,5,0.002832939861671308,0.0027097675802283416
34,5,32,32,0.06451612903225806,0.1,7,0.002023359865697735,0.0019354743758780997
34,5,32,32,0.06451612903225806,0.1,9,0.0015736555786977143,0.001505342578825555
34,5,32,32,0.06451612903225806,0.1,11,0.0012875018290502995,0.0012316318829732771
34,5,32,32,0.06451612903225806,0.1,13,0.001089404864770077,0.0010421436506133969
34,5,32,32,0.06451612903225806,0.1,15,0.0009441385415458264,0.0009031873874842685
34,5,32,32,0.06451612903225806,0.1,17,0.000833055201350919,0.0007969276477700745
34,5,32,32,0.06451612903225806,0.1,19,0.0007453594354301477,0.0007130389127714654
34,5,32,32,0.06451612903225806,0.5,1,0.32949852517060607,0.3130993319445018
34,5,32,32,0.06451612903225806,0.5,3,0.10734154409580508,0.10143664799373388
34,5,32,32,0.06451612903225806,0.5,5,0.06424156094441566,0.06071442401585865
34,5,32,32,0.06451612903225806,0.5,7,0.04584602960157236,0.04333594231115981
34,5,32,32,0.06451612903225806,0.5,9,0.03564226241477458,0.033694867095262
34,5,32,32,0.06451612903225806,0.5,11,0.029154217406693314,0.02756370668505109
34,5,32,32,0.06451612903225806,0.5,13,0.024664703093575793,0.023320635211501788
34,5,32,32,0.06451612903225806,0.5,15,0.021373475116811175,0.020209773206277877
34,5,32,32,0.06451612903225806,0.5,17,0.018857244360162628,0.017831251983086147
34,5,32,32,0.06451612903225806,0.5,19,0.016871095231618678,0.015953682032037845
34,5,32,32,0.06451612903225806,1.0,1,1.0433387927340416,0.9785253527587783
34,5,32,32,0.06451612903225806,1.0,3,0.3293671580890543,0.30265819308852604
34,5,32,32,0.06451612903225806,1.0,5,0.19619037402386377,0.18052657049389098
34,5,32,32,0.06451612903225806,1.0,7,0.1397279418452303,0.128688297129502
34,5,32,32,0.06451612903225806,1.0,9,0.10850687138798835,0.09999182356922036
34,5,32,32,0.06451612903225806,1.0,11,0.08869144867025068,0.08176381290460365
34,5,32,32,0.06451612903225806,1.0,13,0.07499642298540102,0.0691583399183547
34,5,32,32,0.06451612903225806,1.0,15,0.06496533232239919,0.059921113504304534
34,5,32,32,0.06451612903225806,1.0,17,0.05730122022695221,0.05286104120619045
34,5,32,32,0.06451612903225806,1.0,19,0.05125467901879737,0.04728947199160006
35,5,32,32,0.06451612903225806,0.1,1,0.011354418934373766,0.011353728177566257
35,5,32,32,0.06451612903225806,0.1,3,0.0037816969846907467,0.0037815664140952365
35,5,32,32,0.06451612903225806,0.1,5,0.0022688692063662368,0.0022687954833286762
35,5,32,32,0.06451612903225806,0.1,7,0.0016205915474765973,0.0016205397941397351
35,5,32,32,0.06451612903225806,0.1,9,0.001260450710266045,0.0012604107473448902
35,5,32,32,0.06451612903225806,0.1,11,0.0010312739681815537,0.0010312413911650663
35,5,32,32,0.06451612903225806,0.1,13,0.0008726145436227152,0.0008725870368012565
35,5,32,32,0.06451612903225806,0.1,15,0.0007562649095803356,0.0007562411020561508
35,5,32,32,0.06451612903225806,0.1,17,0.0006672919609461941,0.0006672709730266145
35,5,32,32,0.06451612903225806,0.1,19,0.0005970503215068807,0.0005970315545642147
35,5,32,32,0.06451612903225806,0.5,1,0.26779543966441366,0.26750686316456157
35,5,32,32,0.06451612903225806,0.5,3,0.08759239669381642,0.08754536582855144
35,5,32,32,0.06451612903225806,0.5,5,0.052478402670664066,0.05244978963229226
35,5,32,32,0.06451612903225806,0.5,7,0.037469468976536614,0.037448902354321224
35,5,32,32,0.06451612903225806,0.5,9,0.02913809119949078,0.029122048754993694
35,5,32,32,0.06451612903225806,0.5,11,0.023838257374953004,0.0238251117067539
35,5,32,32,0.06451612903225806,0.5,13,0.02016986054440183,0.02015872730496786
35,5,32,32,0.06451612903225806,0.5,15,0.017480017021684842,0.017470362711314035
35,5,32,32,0.06451612903225806,0.5,17,0.01542323264378017,0.015414710861089732
35,5,32,32,0.06451612903225806,0.5,19,0.013799538878277352,0.013791912059449457
35,5,32,32,0.06451612903225806,1.0,1,0.8928429519495484,0.8929847643410116
35,5,32,32,0.06451612903225806,1.0,3,0.28203293411819186,0.2821588632115102
35,5,32,32,0.06451612903225806,1.0,5,0.16849599973005208,0.16849061814149735
35,5,32,32,0.06451612903225806,1.0,7,0.12021234837785566,0.12019175557265332
35,5,32,32,0.06451612903225806,1.0,9,0.09345311494857472,0.09343165920825225
35,5,32,32,0.06451612903225806,1.0,11,0.07644285524436566,0.07642303370082916
35,5,32,32,0.06451612903225806,1.0,13,0.06467327688501846,0.06465539797281486
35,5,32,32,0.06451612903225806,1.0,15,0.056045204712022935,0.056029106631938115
35,5,32,32,0.06451612903225806,1.0,17,0.04944872160614826,0.049434161375640585
35,5,32,32,0.06451612903225806,1.0,19,0.044241755202727835,0.04422850406747409
36,5,32,32,0.06451612903225806,0.1,1,0.010963013744329654,0.011163216153920116
36,5,32,32,0.06451612903225806,0.1,3,0.003651452690997062,0.0037183243383064886
36,5,32,32,0.06451612903225806,0.1,5,0.002190733296082035,0.0022308626433466612
36,5,32,32,0.06451612903225806,0.1,7,0.0015647822802760602,0.0015934473465167268
36,5,32,32,0.06451612903225806,0.1,9,0.0012170441735634054,0.001239339623683335
36,5,32,32,0.06451612903225806,0.1,11,0.0009957598069837434,0.0010140017039045291
36,5,32,32,0.06451612903225806,0.1,13,0.0008425642347783575,0.0008579997663013171
36,5,32,32,0.06451612903225806,0.1,15,0.0007302213821203429,0.0007435988864187971
36,5,32,32,0.06451612903225806,0.1,17,0.0006443124212577768,0.0006561161272623978
36,5,32,32,0.06451612903225806,0.1,19,0.0005764897079382045,0.0005870509347146669
36,5,32,32,0.06451612903225806,0.5,1,0.2590728969820147,0.2631426165400618
36,5,32,32,0.06451612903225806,0.5,3,0.084790444733662,0.08624512447850455
36,5,32,32,0.06451612903225806,0.5,5,0.05080085422464396,0.05167506625829196
36,5,32,32,0.06451612903225806,0.5,7,0.036271910718744,0.036896508344899034
36,5,32,32,0.06451612903225806,0.5,9,0.02820687592647291,0.028692713181493298
36,5,32,32,0.06451612903225806,0.5,11,0.023076444257693594,0.023473961371059702
36,5,32,32,0.06451612903225806,0.5,13,0.019525293286569517,0.01986166009070404
36,5,32,32,0.06451612903225806,0.5,15,0.016921415872032435,0.01721293692951192
36,5,32,32,0.06451612903225806,0.5,17,0.01493036330321807,0.015187589555462809
36,5,32,32,0.06451612903225806,0.5,19,0.013358559315761796,0.013588710211539012
36,5,32,32,0.06451612903225806,1.0,1,0.870640089317185,0.8780950157205039
36,5,32,32,0.06451612903225806,1.0,3,0.2758884079496184,0.27980202325747017
36,5,32,32,0.06451612903225806,1.0,5,0.16491640740780494,0.16711157980989935
36,5,32,32,0.06451612903225806,1.0,7,0.11767713091409622,0.11918954559166642
36,5,32,32,0.06451612903225806,1.0,9,0.09148824502905796,0.09264239805963266
36,5,32,32,0.06451612903225806,1.0,11,0.07483812618178745,0.0757722160229056
36,5,32,32,0.06451612903225806,1.0,13,0.06331683819787576,0.06410194274168982
36,5,32,32,0.06451612903225806,1.0,15,0.05487039117409666,0.055547836814377666
36,5,32,32,0.06451612903225806,1.0,17,0.04841257370882534,0.049008520501833894
36,5,32,32,0.06451612903225806,1.0,19,0.043314959335385914,0.04384702692708433
37,5,32,32,0.06451612903225806,0.1,1,0.01135805301252726,0.011469163338915987
37,5,32,32,0.06451612903225806,0.1,3,0.003783080397479489,0.0038151497872971436
37,5,32,32,0.06451612903225806,0.1,5,0.0022697067420064166,0.0022883259898820924
37,5,32,32,0.06451612903225806,0.1,7,0.0016211911297810116,0.0016342982986968788
37,5,32,32,0.06451612903225806,0.1,9,0.001260917441003899,0.001271028466908155
37,5,32,32,0.06451612903225806,0.1,11,0.0010316559831653452,0.001039885092337665
37,5,32,32,0.06451612903225806,0.1,13,0.0008729378492467699,0.0008798753907943206
37,5,32,32,0.06451612903225806,0.1,15,0.000756545137211511,0.0007625414161937779
37,5,32,32,0.06451612903225806,0.1,17,0.0006675392353905628,0.0006728190914463252
37,5,32,32,0.06451612903225806,0.1,19,0.0005972715747114564,0.0006019878967078702
37,5,32,32,0.06451612903225806,0.5,1,0.2683927176009439,0.27274598850799947
37,5,32,32,0.06451612903225806,0.5,3,0.08789242434601144,0.0889104816995627
37,5,32,32,0.06451612903225806,0.5,5,0.05266266738455678,0.05319820207740792
37,5,32,32,0.06451612903225806,0.5,7,0.037601889023470524,0.03796023080050276
37,5,32,32,0.06451612903225806,0.5,9,0.029241331844627953,0.029509387275606966
37,5,32,32,0.06451612903225806,0.5,11,0.02392282556432901,0.024136536806042143
37,5,32,32,0.06451612903225806,0.5,13,0.020241464364081526,0.02041899035103871
37,5,32,32,0.06451612903225806,0.5,15,0.01754209774283453,0.01769384231671605
37,5,32,32,0.06451612903225806,0.5,17,0.0154780233600654,0.015610486229686988
37,5,32,32,0.06451612903225806,0.5,19,0.013848570319978916,0.01396607742588474
37,5,32,32,0.06451612903225806,1.0,1,0.8994889244093248,0.9196673935434695
37,5,32,32,0.06451612903225806,1.0,3,0.2859273411653495,0.2910161413465544
37,5,32,32,0.06451612903225806,1.0,5,0.1709438161967315,0.17342624480833013
37,5,32,32,0.06451612903225806,1.0,7,0.12198296365147185,0.1235700094886801
37,5,32,32,0.06451612903225806,1.0,9,0.09483733319944306,0.09598925338550882
37,5,32,32,0.06451612903225806,1.0,11,0.07757830413095883,0.07847726863854347
37,5,32,32,0.06451612903225806,1.0,13,0.06563544246271513,0.06637039262395938
37,5,32,32,0.06451612903225806,1.0,15,0.05687983547449854,0.05750035298764153
37,5,32,32,0.06451612903225806,1.0,17,0.05018560020497537,0.050721974691904516
37,5,32,32,0.06451612903225806,1.0,19,0.04490134033215239,0.04537335823570988
38,5,32,32,0.06451612903225806,0.1,1,0.012066454422929116,0.01206646230444233
38,5,32,32,0.06451612903225806,0.1,3,0.004018553059016402,0.004018553351352493
38,5,32,32,0.06451612903225806,0.1,5,0.0024109593792648524,0.0024109594424164796
38,5,32,32,0.06451612903225806,0.1,7,0.0017220799091403392,0.001722079932162372
38,5,32,32,0.06451612903225806,0.1,9,0.001339384624268293,0.0013393846351040194
38,5,32,32,0.06451612903225806,0.1,11,0.0010958556491579036,0.0010958556550950524
38,5,32,32,0.06451612903225806,0.1,13,0.0009272602833891757,0.0009272602869904737
38,5,32,32,0.06451612903225806,0.1,15,0.0008036243886831586,0.0008036243910258302
38,5,32,32,0.06451612903225806,0.1,17,0.000709079641077348,0.0007090796427090252
38,5,32,32,0.06451612903225806,0.1,19,0.0006344392385237729,0.0006344392396853827
38,5,32,32,0.06451612903225806,0.5,1,0.28251961582712964,0.28252302148867997
38,5,32,32,0.06451612903225806,0.5,3,0.09217512419730264,0.09217524306339865
38,5,32,32,0.06451612903225806,0.5,5,0.055212468280311455,0.0552124938057555
38,5,32,32,0.06451612903225806,0.5,7,0.039419311641794304,0.03941932092823103
38,5,32,32,0.06451612903225806,0.5,9,0.030653655945709873,0.030653660311931535
38,5,32,32,0.06451612903225806,0.5,11,0.025077859258925247,0.025077861649475338
38,5,32,32,0.06451612903225806,0.5,13,0.021218557052822214,0.021218558500784572
38,5,32,32,0.06451612903225806,0.5,15,0.018388780000494414,0.01838878094294547
38,5,32,32,0.06451612903225806,0.5,17,0.016225019042336607,0.0162250196896881
38,5,32,32,0.06451612903225806,0.5,19,0.014516887004011911,0.014516887467690365
38,5,32,32,0.06451612903225806,1.0,1,0.9261333086511606,0.9261273464281219
38,5,32,32,0.06451612903225806,1.0,3,0.2883052765176969,0.28830281149133385
38,5,32,32,0.06451612903225806,1.0,5,0.17204175565674434,0.17204115251315696
38,5,32,32,0.06451612903225806,1.0,7,0.12270239990758411,0.12270217287373111
38,5,32,32,0.06451612903225806,1.0,9,0.0953761917381955,0.09537608351314944
38,5,32,32,0.06451612903225806,1.0,11,0.0780106391850119,0.07801057951964356
38,5,32,32,0.06451612903225806,1.0,13,0.06599711789474377,0.0659970816121123
38,5,32,32,0.06451612903225806,1.0,15,0.057191040957766226,0.05719101728364262
38,5,32,32,0.06451612903225806,1.0,17,0.05045887347154998,0.05045885718307239
38,5,32,32,0.06451612903225806,1.0,19,0.045145023165193664,0.04514501148520499
39,5,32,32,0.06451612903225806,0.1,1,0.009923144817308827,0.01120804266352031
39,5,32,32,0.06451612903225806,0.1,3,0.003304457285184324,0.0037316033887219036
39,5,32,32,0.06451612903225806,0.1,5,0.0019825182794425533,0.002238750552764511
39,5,32,32,0.06451612903225806,0.1,7,0.001416053772684229,0.0015990659242588572
39,5,32,32,0.06451612903225806,0.1,9,0.0011013653267435445,0.0012437046221798168
39,5,32,32,0.06451612903225806,0.1,11,0.0009011130144825694,0.0010175709929471984
39,5,32,32,0.06451612903225806,0.1,13,0.0007624782618230068,0.0008610189249455239
39,5,32,32,0.06451612903225806,0.1,15,0.0006608134163044844,0.0007462149419405079
39,5,32,32,0.06451612903225806,0.1,17,0.0005830700261922079,0.0006584240880183655
39,5,32,32,0.06451612903225806,0.1,19,0.0005216938354247906,0.000589115749266944
39,5,32,32,0.06451612903225806,0.5,1,0.23522642358120988,0.2624039305590533
39,5,32,32,0.06451612903225806,0.5,3,0.07661575921380982,0.0849203750079488
39,5,32,32,0.06451612903225806,0.5,5,0.04588691876494105,0.05083268078480634
39,5,32,32,0.06451612903225806,0.5,7,0.03276018990260439,0.036285579369639866
39,5,32,32,0.06451612903225806,0.5,9,0.025474974731066097,0.028214607064351537
39,5,32,32,0.06451612903225806,0.5,11,0.020841019786862765,0.023081568883351913
39,5,32,32,0.06451612903225806,0.5,13,0.017633667211266045,0.019529045157955102
39,5,32,32,0.06451612903225806,0.5,15,0.015281945170691242,0.016924349770977433
39,5,32,32,0.06451612903225806,0.5,17,0.013483735295449717,0.014932764687137673
39,5,32,32,0.06451612903225806,0.5,19,0.012064185228522888,0.01336059038768294
39,5,32,32,0.06451612903225806,1.0,1,0.7988728580522767,0.8552766446555623
39,5,32,32,0.06451612903225806,1.0,3,0.24834752900098842,0.2537950359686621
39,5,32,32,0.06451612903225806,1.0,5,0.14823523338723987,0.15057526408936106
39,5,32,32,0.06451612903225806,1.0,7,0.10573153175297245,0.10717150291416033
39,5,32,32,0.06451612903225806,1.0,9,0.0821875107442879,0.08321798957742009
39,5,32,32,0.06451612903225806,1.0,11,0.06722441981959842,0.06802428318302305
39,5,32,32,0.06451612903225806,1.0,13,0.05687251958200453,0.05752540562461315
39,5,32,32,0.06451612903225806,1.0,15,0.04928425448874413,0.0498356133337736
39,5,32,32,0.06451612903225806,1.0,17,0.04348300444190237,0.04396015481538492
39,5,32,32,0.06451612903225806,1.0,19,0.038903900020543114,0.03932449502298469
40,5,32,32,0.06451612903225806,0.1,1,0.012069039571489781,0.012069228556717469
40,5,32,32,0.06451612903225806,0.1,3,0.0040195207702228624,0.004019549283213507
40,5,32,32,0.06451612903225806,0.1,5,0.0024115447146314762,0.0024115555182813828
40,5,32,32,0.06451612903225806,0.1,7,0.0017224988711020083,0.0017225045009041295
40,5,32,32,0.06451612903225806,0.1,9,0.001339710741484488,0.0013397141867135336
40,5,32,32,0.06451612903225806,0.1,11,0.0010961225713563348,0.0010961248945055649
40,5,32,32,0.06451612903225806,0.1,13,0.0009274861850490342,0.0009274878567121026
40,5,32,32,0.06451612903225806,0.1,15,0.0008038201922257119,0.0008038214524240826
40,5,32,32,0.06451612903225806,0.1,17,0.0007092524207397899,0.0007092534045972696
40,5,32,32,0.06451612903225806,0.1,19,0.0006345938375200457,0.0006345946268784492
40,5,32,32,0.06451612903225806,0.5,1,0.28245449031743974,0.28242879368980844
40,5,32,32,0.06451612903225806,0.5,3,0.09222645720980222,0.09222872216420032
40,5,32,32,0.06451612903225806,0.5,5,0.05524626415978124,0.055247446657402964
40,5,32,32,0.06451612903225806,0.5,7,0.039444026644721124,0.039444710215689974
40,5,32,32,0.06451612903225806,0.5,9,0.030673059904761636,0.030673500306608346
40,5,32,32,0.06451612903225806,0.5,11,0.02509380923933971,0.02509411544598616
40,5,32,32,0.06451612903225806,0.5,13,0.021232088742522186,0.021232313587191444
40,5,32,32,0.06451612903225806,0.5,15,0.018400526549979018,0.01840069849626594
40,5,32,32,0.06451612903225806,0.5,17,0.01623539475592192,0.016235530429616944
40,5,32,32,0.06451612903225806,0.5,19,0.01452617741898032,0.01452628716115339
40,5,32,32,0.06451612903225806,1.0,1,0.9238237151405535,0.9230473321012068
40,5,32,32,0.06451612903225806,1.0,3,0.2892343579325289,0.28916975176231263
40,5,32,32,0.06451612903225806,1.0,5,0.17269277151919046,0.17268062785737437
40,5,32,32,0.06451612903225806,1.0,7,0.1231856095781907,0.1231816883966499
40,5,32,32,0.06451612903225806,1.0,9,0.09575773466638683,0.09575607466038588
40,5,32,32,0.06451612903225806,1.0,11,0.07832512518329598,0.07832429282017613
40,5,32,32,0.06451612903225806,1.0,13,0.06626432157290307,0.06626385016632756
40,5,32,32,0.06451612903225806,1.0,15,0.057423201115427674,0.0574229070996109
40,5,32,32,0.06451612903225806,1.0,17,0.05066405614522957,0.050663857276595885
40,5,32,32,0.06451612903225806,1.0,19,0.04532881264183993,0.04532866838307441
41,5,32,32,0.06451612903225806,0.1,1,0.012617198471602871,0.012575845590291287
41,5,32,32,0.06451612903225806,0.1,3,0.004201775969363414,0.004187334050276824
41,5,32,32,0.06451612903225806,0.1,5,0.0025208625234441904,0.002512116139190709
41,5,32,32,0.06451612903225806,0.1,7,0.0018005737373651574,0.001794301213226807
41,5,32,32,0.06451612903225806,0.1,9,0.001400431936455477,0.0013955424060710122
41,5,32,32,0.06451612903225806,0.1,11,0.001145801716805091,0.0011417955001683353
41,5,32,32,0.06451612903225806,0.1,13,0.0009695213483125576,0.0009661281320510926
41,5,32,32,0.06451612903225806,0.1,15,0.0008402500246737319,0.000837307111156289
41,5,32,32,0.06451612903225806,0.1,17,0.0007413959654401218,0.0007387978409948534
41,5,32,32,0.06451612903225806,0.1,19,0.0006633535554836391,0.0006610279026199555
41,5,32,32,0.06451612903225806,0.5,1,0.2949341354784244,0.2939295957432698
41,5,32,32,0.06451612903225806,0.5,3,0.09627568111944258,0.09590357702599643
41,5,32,32,0.06451612903225806,0.5,5,0.05766605165254139,0.05744116528580144
41,5,32,32,0.06451612903225806,0.5,7,0.041169737291407944,0.04100859370587139
41,5,32,32,0.06451612903225806,0.5,9,0.03201416925767778,0.031888601071507906
41,5,32,32,0.06451612903225806,0.5,11,0.026190521924207563,0.026087656458754112
41,5,32,32,0.06451612903225806,0.5,13,0.022159756868175052,0.02207263929087425
41,5,32,32,0.06451612903225806,0.5,15,0.01920430605850839,0.01912875353263181
41,5,32,32,0.06451612903225806,0.5,17,0.016944479150829948,0.016877780284478675
41,5,32,32,0.06451612903225806,0.5,19,0.015160528538431252,0.015100825562189769
41,5,32,32,0.06451612903225806,1.0,1,0.9608172880540495,0.955165996480109
41,5,32,32,0.06451612903225806,1.0,3,0.3033624214109451,0.30147215089006324
41,5,32,32,0.06451612903225806,1.0,5,0.18113355787406332,0.1801112111036129
41,5,32,32,0.06451612903225806,1.0,7,0.1291900099895326,0.1285006793209792
41,5,32,32,0.06451612903225806,1.0,9,0.10041466485688263,0.09989713043610189
41,5,32,32,0.06451612903225806,1.0,11,0.08212778066689831,0.08171425330402585
41,5,32,32,0.06451612903225806,1.0,13,0.06947726118942808,0.06913324250246095
41,5,32,32,0.06451612903225806,1.0,15,0.060204651165362354,0.05991028833185177
41,5,32,32,0.06451612903225806,1.0,17,0.05311612952496416,0.052858957580860094
41,5,32,32,0.06451612903225806,1.0,19,0.047521225411367676,0.047292934992441124
42,5,32,32,0.06451612903225806,0.1,1,0.013166397198366188,0.013291208941024719
42,5,32,32,0.06451612903225806,0.1,3,0.004384369159728818,0.0044264168937651095
42,5,32,32,0.06451612903225806,0.1,5,0.002630372644468233,0.002655622658840471
42,5,32,32,0.06451612903225806,0.1,7,0.0018787820042856717,0.0018968219442651974
42,5,32,32,0.06451612903225806,0.1,9,0.0014612550171158698,0.0014752874339701888
42,5,32,32,0.06451612903225806,0.1,11,0.0011955632009475877,0.001207044830778313
42,5,32,32,0.06451612903225806,0.1,13,0.0010116255650350417,0.001021341064218233
42,5,32,32,0.06451612903225806,0.1,15,0.0008767393022885178,0.0008851595509133079
42,5,32,32,0.06451612903225806,0.1,17,0.0007735916867454327,0.0007810214061679424
42,5,32,32,0.06451612903225806,0.1,19,0.0006921597611378781,0.0006988074603592096
42,5,32,32,0.06451612903225806,0.5,1,0.30672186528801526,0.309246310010066
42,5,32,32,0.06451612903225806,0.5,3,0.10008331291476376,0.10115969344612705
42,5,32,32,0.06451612903225806,0.5,5,0.05994445412371616,0.060601186951212554
42,5,32,32,0.06451612903225806,0.5,7,0.04279610755501411,0.043267073819706334
42,5,32,32,0.06451612903225806,0.5,9,0.03327883285899748,0.033645649212365236
42,5,32,32,0.06451612903225806,0.5,11,0.02722514543701514,0.027525441726761347
42,5,32,32,0.06451612903225806,0.5,13,0.02303516742929329,0.023289330880902463
42,5,32,32,0.06451612903225806,0.5,15,0.019962978317122376,0.02018327975333958
42,5,32,32,0.06451612903225806,0.5,17,0.01761388875399507,0.017808282220811014
42,5,32,32,0.06451612903225806,0.5,19,0.01575947130672745,0.015933404879752033
42,5,32,32,0.06451612903225806,1.0,1,0.9883509091617718,0.9925848495894195
42,5,32,32,0.06451612903225806,1.0,3,0.31163105230964233,0.3148213897872578
42,5,32,32,0.06451612903225806,1.0,5,0.18606282346096048,0.18809087987462128
42,5,32,32,0.06451612903225806,1.0,7,0.13271856823322478,0.1341874792840817
42,5,32,32,0.06451612903225806,1.0,9,0.10316588329855599,0.10431385788284898
42,5,32,32,0.06451612903225806,1.0,11,0.08438335729421523,0.08532441879437631
42,5,32,32,0.06451612903225806,1.0,13,0.07138890999347754,0.07218583781818479
42,5,32,32,0.06451612903225806,1.0,15,0.06186355347559626,0.06255444389283467
42,5,32,32,0.06451612903225806,1.0,17,0.05458140118420819,0.055191061534035704
42,5,32,32,0.06451612903225806,1.0,19,0.04883339113197521,0.04937885921412531
43,5,32,32,0.06451612903225806,0.1,1,0.012221850577248363,0.01183060701946916
43,5,32,32,0.06451612903225806,0.1,3,0.004070269952050544,0.003936493863222818
43,5,32,32,0.06451612903225806,0.1,5,0.002441963666532393,0.0023612812888749585
43,5,32,32,0.06451612903225806,0.1,7,0.0017442168917507922,0.001686457837433465
43,5,32,32,0.06451612903225806,0.1,9,0.0013565982172179902,0.0013116186025582779
43,5,32,32,0.06451612903225806,0.1,11,0.0011099373247236957,0.0010731066334004932
43,5,32,32,0.06451612903225806,0.1,13,0.0009391742517109906,0.0009079926905754228
43,5,32,32,0.06451612903225806,0.1,15,0.0008139489943796291,0.0007869140733299856
43,5,32,32,0.06451612903225806,0.1,17,0.0007181890198292709,0.000694327314846425
43,5,32,32,0.06451612903225806,0.1,19,0.0006425893317190295,0.0006212341802292115
43,5,32,32,0.06451612903225806,0.5,1,0.28671521827172447,0.2796118805190243
43,5,32,32,0.06451612903225806,0.5,3,0.09368807112014167,0.09103173609768285
43,5,32,32,0.06451612903225806,0.5,5,0.05611306826374765,0.05449207738991957
43,5,32,32,0.06451612903225806,0.5,7,0.040059200454162454,0.038892869153727014
43,5,32,32,0.06451612903225806,0.5,9,0.031149655373624213,0.030238770842515375
43,5,32,32,0.06451612903225806,0.5,11,0.025482730755848018,0.024735486596054422
43,5,32,32,0.06451612903225806,0.5,13,0.021560561830698363,0.02092710874182855
43,5,32,32,0.06451612903225806,0.5,15,0.018684805450956674,0.018135063295564153
43,5,32,32,0.06451612903225806,0.5,17,0.016485957071346938,0.016000381490450067
43,5,32,32,0.06451612903225806,0.5,19,0.014750170666633674,0.014315346918737383
43,5,32,32,0.06451612903225806,1.0,1,0.9434044969341739,0.9264705944517294
43,5,32,32,0.06451612903225806,1.0,3,0.29702610653954364,0.28945562516089984
43,5,32,32,0.06451612903225806,1.0,5,0.17716929113868138,0.17283307030834996
43,5,32,32,0.06451612903225806,1.0,7,0.12631085929317085,0.1232889165902127
43,5,32,32,0.06451612903225806,1.0,9,0.09815534075740483,0.09583892927501456
43,5,32,32,0.06451612903225806,1.0,11,0.08026900510821587,0.07839173350024962
43,5,32,32,0.06451612903225806,1.0,13,0.06789851632657755,0.06632065563006014
43,5,32,32,0.06451612903225806,1.0,15,0.05883266085247875,0.05747193918715081
43,5,32,32,0.06451612903225806,1.0,17,0.05190303629024347,0.050706965602679364
43,5,32,32,0.06451612903225806,1.0,19,0.0464340577150704,0.04536711641171429
44,5,32,32,0.06451612903225806,0.1,1,0.012024475412274884,0.012024475412275727
44,5,32,32,0.06451612903225806,0.1,3,0.004004567415893348,0.004004567415896625
44,5,32,32,0.06451612903225806,0.1,5,0.0024025682395037466,0.0024025682395038992
44,5,32,32,0.06451612903225806,0.1,7,0.0017160862843271234,0.0017160862843366511
44,5,32,32,0.06451612903225806,0.1,9,0.0013347229307515607,0.0013347229307579596
44,5,32,32,0.06451612903225806,0.1,11,0.0010920415423225818,0.0010920415423288192
44,5,32,32,0.06451612903225806,0.1,13,0.0009240329651505612,0.0009240329651619693
44,5,32,32,0.06451612903225806,0.1,15,0.000800827381133315,0.0008008273811400045
44,5,32,32,0.06451612903225806,0.1,17,0.0007066116941771533,0.0007066116942018472
44,5,32,32,0.06451612903225806,0.1,19,0.0006322310760960782,0.0006322310761062091
44,5,32,32,0.06451612903225806,0.5,1,0.28154420068209013,0.28154420068209096
44,5,32,32,0.06451612903225806,0.5,3,0.09186251772315922,0.09186251772316302
44,5,32,32,0.06451612903225806,0.5,5,0.05502419619006246,0.05502419619006845
44,5,32,32,0.06451612903225806,0.5,7,0.03928467040518509,0.03928467040518997
44,5,32,32,0.06451612903225806,0.5,9,0.03054888128983635,0.030548881289839003
44,5,32,32,0.06451612903225806,0.5,11,0.02499211192035418,0.024992111920362582
44,5,32,32,0.06451612903225806,0.5,13,0.02114599050580335,0.021145990505813953
44,5,32,32,0.06451612903225806,0.5,15,0.018325882922042482,0.018325882922058494
44,5,32,32,0.06451612903225806,0.5,17,0.016169518028118234,0.016169518028120743
44,5,32,32,0.06451612903225806,0.5,19,0.014467225943129365,0.014467225943148474
44,5,32,32,0.06451612903225806,1.0,1,0.9210387289610671,0.9210387289610689
44,5,32,32,0.06451612903225806,1.0,3,0.28810884828145045,0.28810884828145394
44,5,32,32,0.06451612903225806,1.0,5,0.1719845624741547,0.17198456247415886
44,5,32,32,0.06451612903225806,1.0,7,0.12267238079153862,0.12267238079154162
44,5,32,32,0.06451612903225806,1.0,9,0.09535618554538791,0.09535618554539758
44,5,32,32,0.06451612903225806,1.0,11,0.07799563070146502,0.07799563070146764
44,5,32,32,0.06451612903225806,1.0,13,0.06598507408302125,0.06598507408303374
44,5,32,32,0.06451612903225806,1.0,15,0.057180957454567576,0.05718095745457632
44,5,32,32,0.06451612903225806,1.0,17,0.05045018450205814,0.05045018450206664
44,5,32,32,0.06451612903225806,1.0,19,0.04513737912926549,0.04513737912927547
45,5,32,32,0.06451612903225806,0.1,1,0.013188137914667627,0.013300922213218052
45,5,32,32,0.06451612903225806,0.1,3,0.004389071615694726,0.004429310142604108
45,5,32,32,0.06451612903225806,0.1,5,0.0026328829822870573,0.00265731684846347
45,5,32,32,0.06451612903225806,0.1,7,0.0018804794396230181,0.0018980192706718186
45,5,32,32,0.06451612903225806,0.1,9,0.0014625338251987472,0.0014762131481416535
45,5,32,32,0.06451612903225806,0.1,11,0.001196587907710187,0.0012077993475032506
45,5,32,32,0.06451612903225806,0.1,13,0.0010124799670432631,0.0010219778103997463
45,5,32,32,0.06451612903225806,0.1,15,0.0008774717350756323,0.0008857103225982613
45,5,32,32,0.06451612903225806,0.1,17,0.0007742325178166503,0.0007815066557083964
45,5,32,32,0.06451612903225806,0.1,19,0.0006927292972812093,0.0006992411184768083
45,5,32,32,0.06451612903225806,0.5,1,0.3082658540588401,0.30966027024328585
45,5,32,32,0.06451612903225806,0.5,3,0.10036583098994643,0.10126009467026721
45,5,32,32,0.06451612903225806,0.5,5,0.06007805535357231,0.06065608238950531
45,5,32,32,0.06451612903225806,0.5,7,0.042879877285665,0.04330463794679963
45,5,32,32,0.06451612903225806,0.5,9,0.03333881549047034,0.03367415317797661
45,5,32,32,0.06451612903225806,0.5,11,0.027271489187459655,0.027548391981319614
45,5,32,32,0.06451612903225806,0.5,13,0.023072764969955493,0.023308532858374854
45,5,32,32,0.06451612903225806,0.5,15,0.019994528609582826,0.020199783243894275
45,5,32,32,0.06451612903225806,0.5,17,0.01764102592300986,0.017822750856678903
45,5,32,32,0.06451612903225806,0.5,19,0.015783254636006442,0.01594628461914521
45,5,32,32,0.06451612903225806,1.0,1,0.9977065089086959,0.9949844510952925
45,5,32,32,0.06451612903225806,1.0,3,0.3151185283344158,0.31530374208119794
45,5,32,32,0.06451612903225806,1.0,5,0.1879070054008578,0.18833621702693057
45,5,32,32,0.06451612903225806,1.0,7,0.13394816427253248,0.13435049958948905
45,5,32,32,0.06451612903225806,1.0,9,0.10408221470992013,0.10443557101005216
45,5,32,32,0.06451612903225806,1.0,11,0.08511161085525693,0.08542140857092152
45,5,32,32,0.06451612903225806,1.0,13,0.07199230301154667,0.0722664043641397
45,5,32,32,0.06451612903225806,1.0,15,0.06237823578763175,0.06262332109510059
45,5,32,32,0.06451612903225806,1.0,17,0.05502990519712308,0.055251199899085265
45,5,32,32,0.06451612903225806,1.0,19,0.049230678831648104,0.049432220012786236
46,5,32,32,0.06451612903225806,0.1,1,0.014218150623823592,0.013382353815453692
46,5,32,32,0.06451612903225806,0.1,3,0.004731974054035974,0.0044522027447758735
46,5,32,32,0.06451612903225806,0.1,5,0.0028385711408640164,0.00267067496222713
46,5,32,32,0.06451612903225806,0.1,7,0.0020273834320496853,0.001907454586638807
46,5,32,32,0.06451612903225806,0.1,9,0.001576785576790361,0.001483507711893912
46,5,32,32,0.06451612903225806,0.1,11,0.0012900630360681965,0.0012137452770259916
46,5,32,32,0.06451612903225806,0.1,13,0.0010915722190144213,0.0010269961071548003
46,5,32,32,0.06451612903225806,0.1,15,0.0009460170307096924,0.0008900514289134917
46,5,32,32,0.06451612903225806,0.1,17,0.0008347127705642132,0.0007853316382989851
46,5,32,32,0.06451612903225806,0.1,19,0.0007468425797887514,0.0007026596801888295
46,5,32,32,0.06451612903225806,0.5,1,0.3302879627225676,0.30958245488868935
46,5,32,32,0.06451612903225806,0.5,3,0.1076039129406,0.09987729994657937
46,5,32,32,0.06451612903225806,0.5,5,0.06439563881527206,0.059765229353688935
46,5,32,32,0.06451612903225806,0.5,7,0.045954997612422575,0.04265498962847194
46,5,32,32,0.06451612903225806,0.5,9,0.03572654050580166,0.03316412964391684
46,5,32,32,0.06451612903225806,0.5,11,0.029222924726349117,0.02712893075901195
46,5,32,32,0.06451612903225806,0.5,13,0.02472269526072673,0.022952446739180024
46,5,32,32,0.06451612903225806,0.5,15,0.021423643136349146,0.019890490154068498
46,5,32,32,0.06451612903225806,0.5,17,0.018901448394646907,0.017549408118640676
46,5,32,32,0.06451612903225806,0.5,19,0.016910602586569644,0.01570141978668653
46,5,32,32,0.06451612903225806,1.0,1,1.0478898476343834,0.9707123415833909
46,5,32,32,0.06451612903225806,1.0,3,0.3310083973494035,0.29742554717023495
46,5,32,32,0.06451612903225806,1.0,5,0.19709699106717754,0.1774109949419794
46,5,32,32,0.06451612903225806,1.0,7,0.14035109749782032,0.12647334871460014
46,5,32,32,0.06451612903225806,1.0,9,0.10898090096204228,0.09827515225480014
46,5,32,32,0.06451612903225806,1.0,11,0.08907371449461782,0.08036301794438198
46,5,32,32,0.06451612903225806,1.0,13,0.07531659739327366,0.06797550899465185
46,5,32,32,0.06451612903225806,1.0,15,0.06524072416473393,0.058897679581634534
46,5,32,32,0.06451612903225806,1.0,17,0.05754279715325539,0.05195921478386136
46,5,32,32,0.06451612903225806,1.0,19,0.05146982442224492,0.046483462037164656
47,5,32,32,0.06451612903225806,0.1,1,0.01146695505037807,0.01146683364463453
47,5,32,32,0.06451612903225806,0.1,3,0.003819181053239232,0.003819175609689561
47,5,32,32,0.06451612903225806,0.1,5,0.0022913583061037026,0.0022913566690266948
47,5,32,32,0.06451612903225806,0.1,7,0.0016366549261956792,0.0016366540764848803
47,5,32,32,0.06451612903225806,0.1,9,0.0012729443647880158,0.0012729438061118688
47,5,32,32,0.06451612903225806,0.1,11,0.0010414960141657214,0.0010414955993802368
47,5,32,32,0.06451612903225806,0.1,13,0.0008812639501190601,0.0008812636197397661
47,5,32,32,0.06451612903225806,0.1,15,0.0007637610526178059,0.0007637607774798675
47,5,32,32,0.06451612903225806,0.1,17,0.0006739061993426886,0.0006739059631929004
47,5,32,32,0.06451612903225806,0.1,19,0.0006029683208581504,0.0006029681136951621
47,5,32,32,0.06451612903225806,0.5,1,0.2704858766955971,0.27045616295588015
47,5,32,32,0.06451612903225806,0.5,3,0.08849266811005263,0.08850580090301502
47,5,32,32,0.06451612903225806,0.5,5,0.05301893577389725,0.05302714943561328
47,5,32,32,0.06451612903225806,0.5,7,0.03785564153747858,0.03786156191062477
47,5,32,32,0.06451612903225806,0.5,9,0.029438472893114773,0.029443093567506698
47,5,32,32,0.06451612903225806,0.5,11,0.0240840347589587,0.02408782169984331
47,5,32,32,0.06451612903225806,0.5,13,0.020377831175889014,0.020381038565224694
47,5,32,32,0.06451612903225806,0.5,15,0.017660261044377738,0.017663042425207377
47,5,32,32,0.06451612903225806,0.5,17,0.015582273146243686,0.015584728268206463
47,5,32,32,0.06451612903225806,0.5,19,0.0139418393170941,0.01394403660612104
47,5,32,32,0.06451612903225806,1.0,1,0.9026585288234488,0.9037464768879532
47,5,32,32,0.06451612903225806,1.0,3,0.28650389337080867,0.28713713449075456
47,5,32,32,0.06451612903225806,1.0,5,0.1712340610095987,0.1715956733661846
47,5,32,32,0.06451612903225806,1.0,7,0.12217863092206831,0.12243330049600465
47,5,32,32,0.06451612903225806,1.0,9,0.09498577393685162,0.09518269273572362
47,5,32,32,0.06451612903225806,1.0,11,0.07769821988102807,0.07785885659950677
47,5,32,32,0.06451612903225806,1.0,13,0.06573617374322568,0.06587186439419836
47,5,32,32,0.06451612903225806,1.0,15,0.05696674309006168,0.057084215185311905
47,5,32,32,0.06451612903225806,1.0,17,0.050262056403563966,0.05036563370522625
47,5,32,32,0.06451612903225806,1.0,19,0.04496960914988331,0.04506223682241329
48,5,32,33,0.06653225806451613,0.1,1,0.013505509443283135,0.013514394544146342
48,5,32,33,0.06653225806451613,0.1,3,0.004496277382915362,0.0044999618274644765
48,5,32,33,0.06653225806451613,0.1,5,0.0026974755522654304,0.0026996254407282913
48,5,32,33,0.06653225806451613,0.1,7,0.0019267065679283938,0.001928212851234887
48,5,32,33,0.06653225806451613,0.1,9,0.0014985284146929812,0.001499685118782365
48,5,32,33,0.06653225806451613,0.1,11,0.0012260593751155415,0.0012269973783753945
48,5,32,33,0.06653225806451613,0.1,13,0.0010374300385095404,0.0010382185639200537
48,5,32,33,0.06653225806451613,0.1,15,0.0008991032631842797,0.0008997832516994209
48,5,32,33,0.06653225806451613,0.1,17,0.0007933246863808705,0.0007939223242928119
48,5,32,33,0.06653225806451613,0.1,19,0.0007098156884988087,0.0007103487241889839
48,5,32,33,0.06653225806451613,0.5,1,0.31354939217754824,0.31597999520361164
48,5,32,33,0.06653225806451613,0.5,3,0.10164769221651612,0.10342647652401339
48,5,32,33,0.06653225806451613,0.5,5,0.06085341416183475,0.061954866947617246
48,5,32,33,0.06653225806451613,0.5,7,0.0434398961591926,0.044231389959671505
48,5,32,33,0.06653225806451613,0.5,9,0.033777912327676185,0.034394419989355635
48,5,32,33,0.06653225806451613,0.5,11,0.027632844146831873,0.028137380122462308
48,5,32,33,0.06653225806451613,0.5,13,0.02337985257961728,0.02380670392048344
48,5,32,33,0.06653225806451613,0.5,15,0.020261558371337064,0.020631395155375105
48,5,32,33,0.06653225806451613,0.5,17,0.017877261470147735,0.01820348936223217
48,5,32,33,0.06653225806451613,0.5,19,0.01599507426147521,0.016286875960429225
48,5,32,33,0.06653225806451613,1.0,1,1.000911360815172,1.0231749318405106
48,5,32,33,0.06653225806451613,1.0,3,0.31032913788591737,0.32566093408451674
48,5,32,33,0.06653225806451613,1.0,5,0.18534088394813183,0.1946148717567484
48,5,32,33,0.06653225806451613,1.0,7,0.13221686792800416,0.13885203540616434
48,5,32,33,0.06653225806451613,1.0,9,0.10277950044433765,0.10794362080673713
48,5,32,33,0.06653225806451613,1.0,11,0.08406842056613595,0.08829510000519368
48,5,32,33,0.06653225806451613,1.0,13,0.0711227960080617,0.07469998664202926
48,5,32,33,0.06653225806451613,1.0,15,0.06163300404048518,0.06473368040287465
48,5,32,33,0.06653225806451613,1.0,17,0.054377952515144004,0.05711412116082662
48,5,32,33,0.06653225806451613,1.0,19,0.04865129863063232,0.05109963357763241
49,5,32,33,0.06653225806451613,0.1,1,0.013168214859874757,0.013463455063446227
49,5,32,33,0.06653225806451613,0.1,3,0.0043857780198538745,0.004481647268087095
49,5,32,33,0.06653225806451613,0.1,5,0.0026312928109139353,0.002688490138607991
49,5,32,33,0.06653225806451613,0.1,7,0.0018794606141900262,0.001920215119332285
49,5,32,33,0.06653225806451613,0.1,9,0.0014617917339134054,0.0014934458545110647
49,5,32,33,0.06653225806451613,0.1,11,0.001196006875549889,0.001221882789084085
49,5,32,33,0.06653225806451613,0.1,13,0.0010120036061210434,0.0010338851518079625
49,5,32,33,0.06653225806451613,0.1,15,0.0008770685890042201,0.0008960240256310666
49,5,32,33,0.06653225806451613,0.1,17,0.0007738833395228053,0.0007906029342808281
49,5,32,33,0.06653225806451613,0.1,19,0.0006924214900436843,0.0007073770327040628
49,5,32,33,0.06653225806451613,0.5,1,0.30692392111550987,0.31435795270574907
49,5,32,33,0.06653225806451613,0.5,3,0.10035196786754667,0.10257988852554094
49,5,32,33,0.06653225806451613,0.5,5,0.060119085060515616,0.061423415701991724
49,5,32,33,0.06653225806451613,0.5,7,0.042924083110150564,0.04384530977849233
49,5,32,33,0.06653225806451613,0.5,9,0.03337959218842772,0.0340914702053365
49,5,32,33,0.06653225806451613,0.5,11,0.027308167814093728,0.02788816239261508
49,5,32,33,0.06653225806451613,0.5,13,0.02310573793262755,0.023595050870959623
49,5,32,33,0.06653225806451613,0.5,15,0.020024334002047874,0.02044747523769448
49,5,32,33,0.06653225806451613,0.5,17,0.017668152734582037,0.01804088139046204
49,5,32,33,0.06653225806451613,0.5,19,0.01580811016298563,0.016141156231173265
49,5,32,33,0.06653225806451613,1.0,1,0.9899916815225962,1.014415434356796
49,5,32,33,0.06653225806451613,1.0,3,0.31349929231593326,0.3186985554264235
49,5,32,33,0.06653225806451613,1.0,5,0.18733498254796072,0.19030905124631586
49,5,32,33,0.06653225806451613,1.0,7,0.13365841434523737,0.13574428497265495
49,5,32,33,0.06653225806451613,1.0,9,0.10390679075086577,0.10551344894171003
49,5,32,33,0.06653225806451613,1.0,11,0.08499357584595266,0.08630018208772332
49,5,32,33,0.06653225806451613,1.0,13,0.07190715181724383,0.0730081726719255
49,5,32,33,0.06653225806451613,1.0,15,0.06231369827684309,0.06326504334067369
49,5,32,33,0.06653225806451613,1.0,17,0.054979157989158166,0.05581665554607156
49,5,32,33,0.06653225806451613,1.0,19,0.04918962315462897,0.04993761060370631
50,5,32,33,0.06653225806451613,0.1,1,0.013946683777612478,0.013550929456641958
50,5,32,33,0.06653225806451613,0.1,3,0.004643184943581359,0.004511940246559773
50,5,32,33,0.06653225806451613,0.1,5,0.002785511344180185,0.002706888485695494
50,5,32,33,0.06653225806451613,0.1,7,0.001989549558432762,0.0019334311024854446
50,5,32,33,0.06653225806451613,0.1,9,0.0015473878488258882,0.0015037583017343268
50,5,32,33,0.06653225806451613,0.1,11,0.0012660252815802262,0.0012303379867789352
50,5,32,33,0.06653225806451613,0.1,13,0.0010712413396968524,0.0010410500877691777
50,5,32,33,0.06653225806451613,0.1,15,0.0009284025074885133,0.0009022403996903197
50,5,32,33,0.06653225806451613,0.1,17,0.0008191743066070495,0.000796092566381419
50,5,32,33,0.06653225806451613,0.1,19,0.0007329424027127093,0.0007122920734470607
50,5,32,33,0.06653225806451613,0.5,1,0.3224166289169609,0.3143151314808378
50,5,32,33,0.06653225806451613,0.5,3,0.10511905304542897,0.10208369316243135
50,5,32,33,0.06653225806451613,0.5,5,0.06293638114708396,0.06114198693855271
50,5,32,33,0.06653225806451613,0.5,7,0.04492324369425028,0.04365132307830076
50,5,32,33,0.06653225806451613,0.5,9,0.034928795421114045,0.033944059893690114
50,5,32,33,0.06653225806451613,0.5,11,0.028572733522520925,0.027769494247471514
50,5,32,33,0.06653225806451613,0.5,13,0.024174020697013843,0.023495828972998452
50,5,32,33,0.06653225806451613,0.5,15,0.020949077969943376,0.020362263249743322
50,5,32,33,0.06653225806451613,0.5,17,0.018483361048755777,0.017966233227691978
50,5,32,33,0.06653225806451613,0.5,19,0.01653698320764816,0.01607475326241707
50,5,32,33,0.06653225806451613,1.0,1,1.0133052015268247,1.051923169049792
50,5,32,33,0.06653225806451613,1.0,3,0.3189125833976812,0.32957659472390527
50,5,32,33,0.06653225806451613,1.0,5,0.19012145437301406,0.19549929655657938
50,5,32,33,0.06653225806451613,1.0,7,0.13547686813084325,0.13896054876954475
50,5,32,33,0.06653225806451613,1.0,9,0.1052411369085635,0.10778808451667636
50,5,32,33,0.06653225806451613,1.0,11,0.08604200770785521,0.08803902496898068
50,5,32,33,0.06653225806451613,1.0,13,0.07276830763208295,0.07440644099310656
50,5,32,33,0.06653225806451613,1.0,15,0.06304325565961873,0.064429821151599
50,5,32,33,0.06653225806451613,1.0,17,0.05561143338315628,0.05681235322869695
50,5,32,33,0.06653225806451613,1.0,19,0.04974718362014505,0.0508057041715229
51,5,32,33,0.06653225806451613,0.1,1,0.012701476703425762,0.012800860372301893
51,5,32,33,0.06653225806451613,0.1,3,0.004229836981029595,0.0042615723915522055
51,5,32,33,0.06653225806451613,0.1,5,0.002537700317916403,0.0025565522680963165
51,5,32,33,0.06653225806451613,0.1,7,0.0018126013893855705,0.0018260075534375295
51,5,32,33,0.06653225806451613,0.1,9,0.0014097871160854373,0.0014201881026245965
51,5,32,33,0.06653225806451613,0.1,11,0.0011534561477676384,0.0011619523979100484
51,5,32,33,0.06653225806451613,0.1,13,0.0009759982938720654,0.0009831793970497271
51,5,32,33,0.06653225806451613,0.1,15,0.0008458634561382426,0.0008520819579114575
51,5,32,33,0.06653225806451613,0.1,17,0.0007463490476598587,0.0007518324973619768
51,5,32,33,0.06653225806451613,0.1,19,0.0006677852998525791,0.0006726890931765758
51,5,32,33,0.06653225806451613,0.5,1,0.29660808931456717,0.29807649846511663
51,5,32,33,0.06653225806451613,0.5,3,0.09680839656747639,0.09726287021786764
51,5,32,33,0.06653225806451613,0.5,5,0.05798986558126078,0.05824489580409776
51,5,32,33,0.06653225806451613,0.5,7,0.04140236867184759,0.041578452531198205
51,5,32,33,0.06653225806451613,0.5,9,0.03219567854129429,0.032329874985950836
51,5,32,33,0.06653225806451613,0.5,11,0.026339325356562752,0.026447647666235703
51,5,32,33,0.06653225806451613,0.5,13,0.02228583924325365,0.02237661776196794
51,5,32,33,0.06653225806451613,0.5,15,0.019313685821857392,0.019391795321118305
51,5,32,33,0.06653225806451613,0.5,17,0.017041063383639036,0.017109598802813087
51,5,32,33,0.06653225806451613,0.5,19,0.015246997085902315,0.015308044658399548
51,5,32,33,0.06653225806451613,1.0,1,0.9623172772662248,0.9579899203506482
51,5,32,33,0.06653225806451613,1.0,3,0.3035939280040774,0.30376823702855854
51,5,32,33,0.06653225806451613,1.0,5,0.18128536137093557,0.18155080486200165
51,5,32,33,0.06653225806451613,1.0,7,0.12931531709110328,0.12953467531766924
51,5,32,33,0.06653225806451613,1.0,9,0.10052191932428028,0.10070089390800584
51,5,32,33,0.06653225806451613,1.0,11,0.08222134827787969,0.08237072042279442
51,5,32,33,0.06653225806451613,1.0,13,0.06956010213326641,0.06968766182365282
51,5,32,33,0.06653225806451613,1.0,15,0.06027889211206633,0.06038993494995892
51,5,32,33,0.06653225806451613,1.0,17,0.05318334210699228,0.05328152544154362
51,5,32,33,0.06653225806451613,1.0,19,0.04758259783693208,0.04767052070427701
52,5,32,33,0.06653225806451613,0.1,1,0.012360554671023255,0.012421364976537804
52,5,32,33,0.06653225806451613,0.1,3,0.0041164488160121025,0.00413714083015341
52,5,32,33,0.06653225806451613,0.1,5,0.0024696901225425426,0.002482125719838488
52,5,32,33,0.06653225806451613,0.1,7,0.001764029117439053,0.0017729157018794481
52,5,32,33,0.06653225806451613,0.1,9,0.001372011362754844,0.001378924435976624
52,5,32,33,0.06653225806451613,0.1,11,0.0011225500779322773,0.0011282067611303695
52,5,32,33,0.06653225806451613,0.1,13,0.0009498477915761391,0.0009546344749214004
52,5,32,33,0.06653225806451613,0.1,15,0.0008232001826775577,0.0008273487824750948
52,5,32,33,0.06653225806451613,0.1,17,0.0007263523731018532,0.0007300129854133074
52,5,32,33,0.06653225806451613,0.1,19,0.0006498937710508714,0.0006531691078744785
52,5,32,33,0.06653225806451613,0.5,1,0.28972824113712004,0.2910595414776266
52,5,32,33,0.06653225806451613,0.5,3,0.09455860924777974,0.09524357026330342
52,5,32,33,0.06653225806451613,0.5,5,0.056640004197077,0.05706458018280296
52,5,32,33,0.06653225806451613,0.5,7,0.04043842710964921,0.04074442469504034
52,5,32,33,0.06653225806451613,0.5,9,0.03144611906445914,0.03168499610510964
52,5,32,33,0.06653225806451613,0.5,11,0.02572616172324449,0.02592197159531911
52,5,32,33,0.06653225806451613,0.5,13,0.02176708321765292,0.021932946397541335
52,5,32,33,0.06653225806451613,0.5,15,0.01886414889283913,0.019007993802469012
52,5,32,33,0.06653225806451613,0.5,17,0.016644450091934576,0.016771429197199244
52,5,32,33,0.06653225806451613,0.5,19,0.014892159818077788,0.015005808554764707
52,5,32,33,0.06653225806451613,1.0,1,0.9514384871917766,0.9532752070782489
52,5,32,33,0.06653225806451613,1.0,3,0.301405534897812,0.30278874544609097
52,5,32,33,0.06653225806451613,1.0,5,0.18007562441315653,0.18101151756418288
52,5,32,33,0.06653225806451613,1.0,7,0.1284469764072433,0.12916352881584364
52,5,32,33,0.06653225806451613,1.0,9,0.09983815462290885,0.10041874667128806
52,5,32,33,0.06653225806451613,1.0,11,0.08165608486968863,0.0821434835691147
52,5,32,33,0.06653225806451613,1.0,13,0.06907808726215732,0.06949759883742627
52,5,32,33,0.06653225806451613,1.0,15,0.059858764409698485,0.060226670152307815
52,5,32,33,0.06653225806451613,1.0,17,0.05281108020664628,0.0531384772322244
52,5,32,33,0.06653225806451613,1.0,19,0.04724847176281906,0.04754325785384183
53,5,32,33,0.06653225806451613,0.1,1,0.013987357218126717,0.014093140274556942
53,5,32,33,0.06653225806451613,0.1,3,0.0046597164309334005,0.004694389069081014
53,5,32,33,0.06653225806451613,0.1,5,0.0027956670343285317,0.0028163930766192807
53,5,32,33,0.06653225806451613,0.1,7,0.0019968671223082064,0.0020116471688414643
53,5,32,33,0.06653225806451613,0.1,9,0.0015531048970003698,0.0015645898931823177
53,5,32,33,0.06653225806451613,0.1,11,0.0012707156415334285,0.0012801069065755196
53,5,32,33,0.06653225806451613,0.1,13,0.0010752173733976703,0.0010831605643466667
53,5,32,33,0.06653225806451613,0.1,15,0.0009318529247697722,0.0009387349432586116
53,5,32,33,0.06653225806451613,0.1,17,0.0008222217940139176,0.0008282927566427941
53,5,32,33,0.06653225806451613,0.1,19,0.0007356711952115236,0.0007411021139300136
53,5,32,33,0.06653225806451613,0.5,1,0.3256091236014378,0.32794478269735017
53,5,32,33,0.06653225806451613,0.5,3,0.10731575232905438,0.10808721123162761
53,5,32,33,0.06653225806451613,0.5,5,0.06433017110482053,0.06479457225316582
53,5,32,33,0.06653225806451613,0.5,7,0.045938242885038984,0.04627041784849975
53,5,32,33,0.06653225806451613,0.5,9,0.03572589353907437,0.0359844169741216
53,5,32,33,0.06653225806451613,0.5,11,0.029228663736456623,0.029440254339840006
53,5,32,33,0.06653225806451613,0.5,13,0.0247311531028868,0.024910226576392924
53,5,32,33,0.06653225806451613,0.5,15,0.021433230394861634,0.021588446574319506
53,5,32,33,0.06653225806451613,0.5,17,0.018911414466202096,0.01904838111485062
53,5,32,33,0.06653225806451613,0.5,19,0.0169205749441142,0.017043130965660087
53,5,32,33,0.06653225806451613,1.0,1,1.0446821724401372,1.0485902961864704
53,5,32,33,0.06653225806451613,1.0,3,0.3401621884443477,0.34309247712080354
53,5,32,33,0.06653225806451613,1.0,5,0.2032959668179047,0.2052888703701026
53,5,32,33,0.06653225806451613,1.0,7,0.14502012963559469,0.1465090607987264
53,5,32,33,0.06653225806451613,1.0,9,0.11272294167811069,0.11390747590121696
53,5,32,33,0.06653225806451613,1.0,11,0.09219500292839886,0.09317735303741076
53,5,32,33,0.06653225806451613,1.0,13,0.07799341920963386,0.0788321206974011
53,5,32,33,0.06653225806451613,1.0,15,0.06758371294454034,0.0683152307185995
53,5,32,33,0.06653225806451613,1.0,17,0.05962589661376565,0.06027442878345158
53,5,32,33,0.06653225806451613,1.0,19,0.05334488207565021,0.053927288003927036
54,5,32,33,0.06653225806451613,0.1,1,0.01211302678353605,0.013841871210062855
54,5,32,33,0.06653225806451613,0.1,3,0.004034144340561689,0.004611011483436711
54,5,32,33,0.06653225806451613,0.1,5,0.0024203173507520333,0.00276646565661994
54,5,32,33,0.06653225806451613,0.1,7,0.0017287648043208396,0.0019760191067045773
54,5,32,33,0.06653225806451613,0.1,9,0.0013445841887407225,0.0015368948548201977
54,5,32,33,0.06653225806451613,0.1,11,0.0011001099217418863,0.0012574557428186384
54,5,32,33,0.06653225806451613,0.1,13,0.0009308600931187099,0.0010639992203694496
54,5,32,33,0.06653225806451613,0.1,15,0.0008067442458699086,0.0009221316828292372
54,5,32,33,0.06653225806451613,0.1,17,0.0007118324692681712,0.0008136450276575829
54,5,32,33,0.06653225806451613,0.1,19,0.0006369023035000822,0.0007279978219967978
54,5,32,33,0.06653225806451613,0.5,1,0.2848018375603889,0.32282740647773356
54,5,32,33,0.06653225806451613,0.5,3,0.09310297368908511,0.10609565428461348
54,5,32,33,0.06653225806451613,0.5,5,0.05577673296384194,0.06358650743501129
54,5,32,33,0.06653225806451613,0.5,7,0.039823830155232345,0.04540501400633411
54,5,32,33,0.06653225806451613,0.5,9,0.030968751237610666,0.03531055840043512
54,5,32,33,0.06653225806451613,0.5,11,0.025335858793741756,0.02888861334155092
54,5,32,33,0.06653225806451613,0.5,13,0.02143695883843064,0.024443314243901462
54,5,32,33,0.06653225806451613,0.5,15,0.018578112902931824,0.021183717950487208
54,5,32,33,0.06653225806451613,0.5,17,0.016392107760494337,0.018691228247475357
54,5,32,33,0.06653225806451613,0.5,19,0.014666406425859873,0.01672355011844105
54,5,32,33,0.06653225806451613,1.0,1,0.9432850916097432,1.0329449383611378
54,5,32,33,0.06653225806451613,1.0,3,0.3002763226724153,0.3324425179438815
54,5,32,33,0.06653225806451613,1.0,5,0.17941577476627588,0.19886099268514643
54,5,32,33,0.06653225806451613,1.0,7,0.12800462118791545,0.14192380645859165
54,5,32,33,0.06653225806451613,1.0,9,0.09951110801066497,0.11034677490956195
54,5,32,33,0.06653225806451613,1.0,11,0.081398247447591,0.09026780410615737
54,5,32,33,0.06653225806451613,1.0,13,0.06886573107390628,0.07637269802251916
54,5,32,33,0.06653225806451613,1.0,15,0.05967835135339667,0.06618545552431002
54,5,32,33,0.06653225806451613,1.0,17,0.052654252856260596,0.058396444729145625
54,5,32,33,0.06653225806451613,1.0,19,0.04710974457930741,0.05224789033729944
55,5,32,33,0.06653225806451613,0.1,1,0.01402831894364986,0.014047771244256164
55,5,32,33,0.06653225806451613,0.1,3,0.004669837770767879,0.004677923593058867
55,5,32,33,0.06653225806451613,0.1,5,0.0028014335927737735,0.0028064615733006293
55,5,32,33,0.06653225806451613,0.1,7,0.0020009011243946446,0.0020045455011778847
55,5,32,33,0.06653225806451613,0.1,9,0.0015562075228728537,0.001559064713775091
55,5,32,33,0.06653225806451613,0.1,11,0.0012732365108911014,0.0012755859560471601
55,5,32,33,0.06653225806451613,0.1,13,0.0010773402920733921,0.001079335139453424
55,5,32,33,0.06653225806451613,0.1,15,0.0009336864478531657,0.0009354196617662933
55,5,32,33,0.06653225806451613,0.1,17,0.0008238353787083587,0.0008253676122538964
55,5,32,33,0.06653225806451613,0.1,19,0.0007371119673481411,0.0007384849778617591
55,5,32,33,0.06653225806451613,0.5,1,0.3259931347895966,0.3254525957598427
55,5,32,33,0.06653225806451613,0.5,3,0.10633476230707656,0.10644361516870507
55,5,32,33,0.06653225806451613,0.5,5,0.06366358454178424,0.06375030632195818
55,5,32,33,0.06653225806451613,0.5,7,0.045442098318698394,0.04550944864821767
55,5,32,33,0.06653225806451613,0.5,9,0.03533212041152622,0.03538661190387623
55,5,32,33,0.06653225806451613,0.5,11,0.02890261267233841,0.02894822575019386
55,5,32,33,0.06653225806451613,0.5,13,0.02445308392251876,0.02449225641464393
55,5,32,33,0.06653225806451613,0.5,15,0.02119089180008362,0.021225196254123887
55,5,32,33,0.06653225806451613,0.5,17,0.018696698755949617,0.018727201079199576
55,5,32,33,0.06653225806451613,0.5,19,0.016727845017475335,0.016755298470827327
55,5,32,33,0.06653225806451613,1.0,1,1.0397689428018921,1.0348045107851416
55,5,32,33,0.06653225806451613,1.0,3,0.3291342991773084,0.33025766618612096
55,5,32,33,0.06653225806451613,1.0,5,0.19628862753388227,0.1970898201384229
55,5,32,33,0.06653225806451613,1.0,7,0.13993823533043795,0.14052510571483467
55,5,32,33,0.06653225806451613,1.0,9,0.10874532332601106,0.1092029263398008
55,5,32,33,0.06653225806451613,1.0,11,0.0889299286207652,0.08930334034510409
55,5,32,33,0.06653225806451613,1.0,13,0.0752253148931506,0.07554008331259622
55,5,32,33,0.06653225806451613,1.0,15,0.06518168654088516,0.06545344859921809
55,5,32,33,0.06653225806451613,1.0,17,0.05750463317328067,0.05774358350523132
55,5,32,33,0.06653225806451613,1.0,19,0.051445725272544165,0.051658853191230675
56,5,32,33,0.06653225806451613,0.1,1,0.012554100556425193,0.012841589386684392
56,5,32,33,0.06653225806451613,0.1,3,0.004176607804723826,0.004268664175493367
56,5,32,33,0.06653225806451613,0.1,5,0.0025054672684043395,0.0025601597356929027
56,5,32,33,0.06653225806451613,0.1,7,0.001789502244509628,0.0018283954481146255
56,5,32,33,0.06653225806451613,0.1,9,0.001391791519922216,0.0014219656337198354
56,5,32,33,0.06653225806451613,0.1,11,0.0011387180012094507,0.001163365809102433
56,5,32,33,0.06653225806451613,0.1,13,0.0009635194343193919,0.0009843516038349864
56,5,32,33,0.06653225806451613,0.1,15,0.0008350434465200403,0.0008530828717606831
56,5,32,33,0.06653225806451613,0.1,17,0.0007367986901426195,0.0007527055867422223
56,5,32,33,0.06653225806451613,0.1,19,0.0006592379640721763,0.0006734631928961746
56,5,32,33,0.06653225806451613,0.5,1,0.2928258983646561,0.30045748337310463
56,5,32,33,0.06653225806451613,0.5,3,0.09442893238446413,0.09696179070464685
56,5,32,33,0.06653225806451613,0.5,5,0.0565180266652458,0.058009986000381195
56,5,32,33,0.06653225806451613,0.5,7,0.040341477930990875,0.041395741152679945
56,5,32,33,0.06653225806451613,0.5,9,0.03136711422543407,0.032181531617650264
56,5,32,33,0.06653225806451613,0.5,11,0.025659832604669065,0.026323078762711703
56,5,32,33,0.06653225806451613,0.5,13,0.021710038960529792,0.022269356245248697
56,5,32,33,0.06653225806451613,0.5,15,0.018814157019982687,0.019297661324283774
56,5,32,33,0.06653225806451613,0.5,17,0.01659998159415032,0.017025750096336792
56,5,32,33,0.06653225806451613,0.5,19,0.014852127739188925,0.015232466047045326
56,5,32,33,0.06653225806451613,1.0,1,0.949998028189454,0.9651510815447801
56,5,32,33,0.06653225806451613,1.0,3,0.30751535238770344,0.313519414815094
56,5,32,33,0.06653225806451613,1.0,5,0.1842782196683214,0.18809919065246983
56,5,32,33,0.06653225806451613,1.0,7,0.13158012991412565,0.13434748138181452
56,5,32,33,0.06653225806451613,1.0,9,0.10232458961064066,0.10448719790140029
56,5,32,33,0.06653225806451613,1.0,11,0.0837135428815009,0.08548634243838572
56,5,32,33,0.06653225806451613,1.0,13,0.07083126639268086,0.07233256608475137
56,5,32,33,0.06653225806451613,1.0,15,0.06138528281738726,0.06268685795686559
56,5,32,33,0.06653225806451613,1.0,17,0.054162393464048164,0.05531097423158253
56,5,32,33,0.06653225806451613,1.0,19,0.04846039101600556,0.049488068347458676
57,5,32,33,0.06653225806451613,0.1,1,0.014682004847638173,0.014588612002189269
57,5,32,33,0.06653225806451613,0.1,3,0.004886295927730066,0.00485726338427274
57,5,32,33,0.06653225806451613,0.1,5,0.0029311442280256584,0.0029139761506263035
57,5,32,33,0.06653225806451613,0.1,7,0.0020935017633612837,0.0020813158154971453
57,5,32,33,0.06653225806451613,0.1,9,0.0016282088039727834,0.0016187641002381559
57,5,32,33,0.06653225806451613,0.1,11,0.0013321355132183896,0.0013244253433474318
57,5,32,33,0.06653225806451613,0.1,13,0.0011271713949739563,0.0011206575482626232
57,5,32,33,0.06653225806451613,0.1,15,0.0009768692675734434,0.0009712303803597704
57,5,32,33,0.06653225806451613,0.1,17,0.0008619350779545936,0.0008569639390509692
57,5,32,33,0.06653225806451613,0.1,19,0.0007711992031702731,0.0007667544146483756
57,5,32,33,0.06653225806451613,0.5,1,0.3411617305635829,0.33772301228768714
57,5,32,33,0.06653225806451613,0.5,3,0.11116762019150013,0.11023857558702363
57,5,32,33,0.06653225806451613,0.5,5,0.06654787341313971,0.06602156074810099
57,5,32,33,0.06653225806451613,0.5,7,0.047498369609510774,0.047132133565496934
57,5,32,33,0.06653225806451613,0.5,9,0.03692989299749291,0.03664926409240077
57,5,32,33,0.06653225806451613,0.5,11,0.030209118868069023,0.02998171946312594
57,5,32,33,0.06653225806451613,0.5,13,0.025558159424917976,0.025367039852430506
57,5,32,33,0.06653225806451613,0.5,15,0.02214835824048399,0.021983545829423648
57,5,32,33,0.06653225806451613,0.5,17,0.01954134655036562,0.019396480840159
57,5,32,33,0.06653225806451613,0.5,19,0.017483460543050798,0.01735423765671455
57,5,32,33,0.06653225806451613,1.0,1,1.0815319513710755,1.0646685333936674
57,5,32,33,0.06653225806451613,1.0,3,0.3419868813918675,0.33561875570014366
57,5,32,33,0.06653225806451613,1.0,5,0.2039475657300815,0.2002648412334883
57,5,32,33,0.06653225806451613,1.0,7,0.14539031201619504,0.14280617116748184
57,5,32,33,0.06653225806451613,1.0,9,0.11297692099719318,0.11098862569788978
57,5,32,33,0.06653225806451613,1.0,11,0.09238721077647159,0.09077225788886736
57,5,32,33,0.06653225806451613,1.0,13,0.07814769838180485,0.07678838937155207
57,5,32,33,0.06653225806451613,1.0,15,0.06771245225908457,0.06653907866352383
57,5,32,33,0.06653225806451613,1.0,17,0.059736307380845746,0.05870421129112152
57,5,32,33,0.06653225806451613,1.0,19,0.053441514717938406,0.052520382035273615
58,5,32,33,0.06653225806451613,0.1,1,0.012790584944595219,0.013078833330052062
58,5,32,33,0.06653225806451613,0.1,3,0.004260127064617773,0.004351387090167615
58,5,32,33,0.06653225806451613,0.1,5,0.002555894315563438,0.0026100858955232548
58,5,32,33,0.06653225806451613,0.1,7,0.0018255995643292548,0.0018641360454504025
58,5,32,33,0.06653225806451613,0.1,9,0.0014198971376473963,0.001449795924035645
58,5,32,33,0.06653225806451613,0.1,11,0.0011617279320879838,0.001186152089630424
58,5,32,33,0.06653225806451613,0.1,13,0.0009829973797428775,0.001003641452587853
58,5,32,33,0.06653225806451613,0.1,15,0.0008519292178889779,0.0008698064440306425
58,5,32,33,0.06653225806451613,0.1,17,0.0007517010948175896,0.0007674654718162542
58,5,32,33,0.06653225806451613,0.1,19,0.000672573895418204,0.0006866720534459005
58,5,32,33,0.06653225806451613,0.5,1,0.30047198363856464,0.30681187005843885
58,5,32,33,0.06653225806451613,0.5,3,0.09844552550541451,0.09993082023349405
58,5,32,33,0.06653225806451613,0.5,5,0.0589845556385735,0.05981110055964486
58,5,32,33,0.06653225806451613,0.5,7,0.04211523524751786,0.04268662570428856
58,5,32,33,0.06653225806451613,0.5,9,0.03275088376087608,0.03318723774432182
58,5,32,33,0.06653225806451613,0.5,11,0.02679389501795804,0.02714675835157309
58,5,32,33,0.06653225806451613,0.5,13,0.022670626025040472,0.02296678581617247
58,5,32,33,0.06653225806451613,0.5,15,0.019647249609733963,0.01990239256139607
58,5,32,33,0.06653225806451613,0.5,17,0.01733543259847941,0.01755953071281891
58,5,32,33,0.06653225806451613,0.5,19,0.015510410278681906,0.01571019488682543
58,5,32,33,0.06653225806451613,1.0,1,0.987888961204817,0.9968789221954707
58,5,32,33,0.06653225806451613,1.0,3,0.3153686146604585,0.316306245517764
58,5,32,33,0.06653225806451613,1.0,5,0.18841176880990712,0.18888915432644218
58,5,32,33,0.06653225806451613,1.0,7,0.13441088369528165,0.1347031856486791
58,5,32,33,0.06653225806451613,1.0,9,0.10448577827111763,0.10468853610023411
58,5,32,33,0.06653225806451613,1.0,11,0.08546448895367334,0.08561669673445246
58,5,32,33,0.06653225806451613,1.0,13,0.07230418401623175,0.0724246706225474
58,5,32,33,0.06653225806451613,1.0,15,0.06265698528516432,0.0627560163754249
58,5,32,33,0.06653225806451613,1.0,17,0.055281567971583644,0.05536526088284728
58,5,32,33,0.06653225806451613,1.0,19,0.04945988504214048,0.04953213877213512
59,5,32,33,0.06653225806451613,0.1,1,0.013215150049058213,0.01306654150227571
59,5,32,33,0.06653225806451613,0.1,3,0.00440178016476261,0.004350369728472921
59,5,32,33,0.06653225806451613,0.1,5,0.0026408732153861097,0.002609899363331805
59,5,32,33,0.06653225806451613,0.1,7,0.0018862929484018214,0.001864136644729535
59,5,32,33,0.06653225806451613,0.1,9,0.0014671002204641628,0.0014498550487411672
59,5,32,33,0.06653225806451613,0.1,11,0.0012003470266169205,0.0011862312584917777
59,5,32,33,0.06653225806451613,0.1,13,0.0010156740907161556,0.0010037265784628925
59,5,32,33,0.06653225806451613,0.1,15,0.0008802483898535901,0.0008698917908468128
59,5,32,33,0.06653225806451613,0.1,17,0.0007766881555067531,0.0007675486075253637
59,5,32,33,0.06653225806451613,0.1,19,0.0006949304204953077,0.0006867519808869496
59,5,32,33,0.06653225806451613,0.5,1,0.3086123149122739,0.30458442137764014
59,5,32,33,0.06653225806451613,0.5,3,0.10133249430988359,0.09916973976668485
59,5,32,33,0.06653225806451613,0.5,5,0.06070813372335963,0.05938275605765057
59,5,32,33,0.06653225806451613,0.5,7,0.043342152474005025,0.04239189029851665
59,5,32,33,0.06653225806451613,0.5,9,0.0337030510527592,0.03296338654660653
59,5,32,33,0.06653225806451613,0.5,11,0.027571766462818482,0.026966578960106912
59,5,32,33,0.06653225806451613,0.5,13,0.02332810734424402,0.022816132013106585
59,5,32,33,0.06653225806451613,0.5,15,0.020216597788587077,0.019773003022129594
59,5,32,33,0.06653225806451613,0.5,17,0.01783747587360926,0.017446172631855095
59,5,32,33,0.06653225806451613,0.5,19,0.015959375497729755,0.015609349012515948
59,5,32,33,0.06653225806451613,1.0,1,1.0013583967551858,0.985021799413461
59,5,32,33,0.06653225806451613,1.0,3,0.32382229579167127,0.30836058808353256
59,5,32,33,0.06653225806451613,1.0,5,0.19339297937376593,0.18368079698935366
59,5,32,33,0.06653225806451613,1.0,7,0.13788852050303696,0.1309011722704618
59,5,32,33,0.06653225806451613,1.0,9,0.10714497852063137,0.10170663924840002
59,5,32,33,0.06653225806451613,1.0,11,0.08761314284302332,0.08316719389668965
59,5,32,33,0.06653225806451613,1.0,13,0.0741051680711715,0.07034747246871584
59,5,32,33,0.06653225806451613,1.0,15,0.06420640365629156,0.06095341412036549
59,5,32,33,0.06653225806451613,1.0,17,0.056640706112312714,0.05377339408407758
59,5,32,33,0.06653225806451613,1.0,19,0.05067015564046891,0.04810703413279588
60,5,32,33,0.06653225806451613,0.1,1,0.013203048997118917,0.013391233218390189
60,5,32,33,0.06653225806451613,0.1,3,0.00439306587361195,0.004459137156028513
60,5,32,33,0.06653225806451613,0.1,5,0.0026351541538547456,0.0026752449289564775
60,5,32,33,0.06653225806451613,0.1,7,0.0018820625722337188,0.0019108396366780268
60,5,32,33,0.06653225806451613,0.1,9,0.0014637480823818765,0.0014861918292076266
60,5,32,33,0.06653225806451613,0.1,11,0.001197572454618089,0.001215967814521024
60,5,32,33,0.06653225806451613,0.1,13,0.0010133077910073835,0.0010288921022044628
60,5,32,33,0.06653225806451613,0.1,15,0.0008781858343822031,0.0008917043572914869
60,5,32,33,0.06653225806451613,0.1,17,0.0007748603418593453,0.0007867966483080919
60,5,32,33,0.06653225806451613,0.1,19,0.000693289433198941,0.0007039750882659806
60,5,32,33,0.06653225806451613,0.5,1,0.31025991087842547,0.3117231191348475
60,5,32,33,0.06653225806451613,0.5,3,0.1010224179768732,0.10138282283237475
60,5,32,33,0.06653225806451613,0.5,5,0.0604869861879472,0.06070086043676221
60,5,32,33,0.06653225806451613,0.5,7,0.043177152711666,0.043331214585958476
60,5,32,33,0.06653225806451613,0.5,9,0.033572343237091906,0.033693197434842
60,5,32,33,0.06653225806451613,0.5,11,0.02746377709132394,0.027563345510430035
60,5,32,33,0.06653225806451613,0.5,13,0.023236188699388753,0.02332090277400462
60,5,32,33,0.06653225806451613,0.5,15,0.020136620474529663,0.020210362356980628
60,5,32,33,0.06653225806451613,0.5,17,0.01776671053967865,0.017832009323737637
60,5,32,33,0.06653225806451613,0.5,19,0.015895928025108377,0.01595452545579196
60,5,32,33,0.06653225806451613,1.0,1,1.013244053739044,1.0036093603304066
60,5,32,33,0.06653225806451613,1.0,3,0.32313897535833436,0.31722178621505803
60,5,32,33,0.06653225806451613,1.0,5,0.19287071229491076,0.18975105757831376
60,5,32,33,0.06653225806451613,1.0,7,0.13751203330700298,0.1354111528166888
60,5,32,33,0.06653225806451613,1.0,9,0.10685639253378953,0.10527589144024636
60,5,32,33,0.06653225806451613,1.0,11,0.08738088625241533,0.08611506111104186
60,5,32,33,0.06653225806451613,1.0,13,0.07391152020273094,0.07285620488559602
60,5,32,33,0.06653225806451613,1.0,15,0.0640406753073641,0.06313597921798164
60,5,32,33,0.06653225806451613,1.0,17,0.05649602645152311,0.05570439418650506
60,5,32,33,0.06653225806451613,1.0,19,0.05054187385600128,0.04983822103836253
61,5,32,33,0.06653225806451613,0.1,1,0.012903057056291545,0.012962057238048864
61,5,32,33,0.06653225806451613,0.1,3,0.004295754730094902,0.004315027968827846
61,5,32,33,0.06653225806451613,0.1,5,0.0025771614802295954,0.002588531556201202
61,5,32,33,0.06653225806451613,0.1,7,0.0018407651622972811,0.0018488164756302534
61,5,32,33,0.06653225806451613,0.1,9,0.001431683365128537,0.0014379129886728035
61,5,32,33,0.06653225806451613,0.1,11,0.0011713669063059002,0.0011764462778099955
61,5,32,33,0.06653225806451613,0.1,13,0.0009911511096644928,0.0009954384759380131
61,5,32,33,0.06653225806451613,0.1,15,0.0008589943940944712,0.0008627032818056327
61,5,32,33,0.06653225806451613,0.1,17,0.0007579341804773607,0.0007612020616747103
61,5,32,33,0.06653225806451613,0.1,19,0.0006781502600644562,0.0006810708252365041
61,5,32,33,0.06653225806451613,0.5,1,0.3006426199722614,0.30385160938697475
61,5,32,33,0.06653225806451613,0.5,3,0.09765072395625186,0.0996211319647786
61,5,32,33,0.06653225806451613,0.5,5,0.058471607864474556,0.059679520326129186
61,5,32,33,0.06653225806451613,0.5,7,0.04174135116223527,0.0426064447239828
61,5,32,33,0.06653225806451613,0.5,9,0.032457526518715994,0.033130265227896034
61,5,32,33,0.06653225806451613,0.5,11,0.026552746087932934,0.027102775407644858
61,5,32,33,0.06653225806451613,0.5,13,0.022465992789545527,0.022931042834232078
61,5,32,33,0.06653225806451613,0.5,15,0.019469564267770814,0.019872321113902778
61,5,32,33,0.06653225806451613,0.5,17,0.017178441769271764,0.017533592847518206
61,5,32,33,0.06653225806451613,0.5,19,0.015369806238787816,0.015687399708496353
61,5,32,33,0.06653225806451613,1.0,1,0.970195171072931,0.988471241922348
61,5,32,33,0.06653225806451613,1.0,3,0.30803997626741103,0.31670555135047274
61,5,32,33,0.06653225806451613,1.0,5,0.18431661594225796,0.1891362945536515
61,5,32,33,0.06653225806451613,1.0,7,0.13155019348877445,0.13490739935419493
61,5,32,33,0.06653225806451613,1.0,9,0.10228206507165835,0.10486379662306354
61,5,32,33,0.06653225806451613,1.0,11,0.08367042466612067,0.0857698325221875
61,5,32,33,0.06653225806451613,1.0,13,0.07079055829868806,0.0725603627447672
61,5,32,33,0.06653225806451613,1.0,15,0.061347613105226295,0.06287767143894062
61,5,32,33,0.06653225806451613,1.0,17,0.0541276919542948,0.0554754183740047
61,5,32,33,0.06653225806451613,1.0,19,0.04842838999109006,0.049632729357271387
62,5,32,33,0.06653225806451613,0.1,1,0.013578567300394364,0.013329689893349136
62,5,32,33,0.06653225806451613,0.1,3,0.004521991693974607,0.004439824488737724
62,5,32,33,0.06653225806451613,0.1,5,0.002712993878271968,0.0026637312519397814
62,5,32,33,0.06653225806451613,0.1,7,0.0019378131938160418,0.0019026330162100341
62,5,32,33,0.06653225806451613,0.1,9,0.0015071753729029023,0.001479815384555901
62,5,32,33,0.06653225806451613,0.1,11,0.0012331382409489157,0.0012107537782313842
62,5,32,33,0.06653225806451613,0.1,13,0.0010434221124229048,0.001024481891222209
62,5,32,33,0.06653225806451613,0.1,15,0.0009042977759109697,0.0008878831774518047
62,5,32,33,0.06653225806451613,0.1,17,0.0007979089836794083,0.0007834256677165012
62,5,32,33,0.06653225806451613,0.1,19,0.0007139180507869042,0.0007009593905489713
62,5,32,33,0.06653225806451613,0.5,1,0.316683572347739,0.31156232932033034
62,5,32,33,0.06653225806451613,0.5,3,0.10321383459995101,0.101968819392058
62,5,32,33,0.06653225806451613,0.5,5,0.061817197194810145,0.061089646321433974
62,5,32,33,0.06653225806451613,0.5,7,0.04413330222474904,0.04361740812324373
62,5,32,33,0.06653225806451613,0.5,9,0.03431891427076441,0.0339188705557199
62,5,32,33,0.06653225806451613,0.5,11,0.028076218187548168,0.027749408921432413
62,5,32,33,0.06653225806451613,0.5,13,0.02375539196599763,0.023479103806479763
62,5,32,33,0.06653225806451613,0.5,15,0.020587240782779535,0.020347922980962878
62,5,32,33,0.06653225806451613,0.5,17,0.018164761010895637,0.0179536760218233
62,5,32,33,0.06653225806451613,0.5,19,0.01625239768824942,0.016063580956391686
62,5,32,33,0.06653225806451613,1.0,1,1.0173320923356575,1.0111805563799834
62,5,32,33,0.06653225806451613,1.0,3,0.3133898458101258,0.3180445088442814
62,5,32,33,0.06653225806451613,1.0,5,0.18672403091155607,0.18974988858023215
62,5,32,33,0.06653225806451613,1.0,7,0.13311563263991355,0.13532186712208813
62,5,32,33,0.06653225806451613,1.0,9,0.10345149307976077,0.10518174627165412
62,5,32,33,0.06653225806451613,1.0,11,0.0846077844201618,0.0860293518769788
62,5,32,33,0.06653225806451613,1.0,13,0.0715744826249605,0.07278021802980862
62,5,32,33,0.06653225806451613,1.0,15,0.062022125494330976,0.06306865598612806
62,5,32,33,0.06653225806451613,1.0,17,0.05472004237838236,0.0556443710210179
62,5,32,33,0.06653225806451613,1.0,19,0.04895667343155138,0.04978428093925915
63,5,32,33,0.06653225806451613,0.1,1,0.0163944230054541,0.015192571597788123
63,5,32,33,0.06653225806451613,0.1,3,0.00546529661344548,0.005060688568850132
63,5,32,33,0.06653225806451613,0.1,5,0.003279201396232824,0.003036244800782342
63,5,32,33,0.06653225806451613,0.1,7,0.00234229132130964,0.0021687131534633814
63,5,32,33,0.06653225806451613,0.1,9,0.0018217836141656597,0.0016867662917661361
63,5,32,33,0.06653225806451613,0.1,11,0.0014905508408010436,0.0013800771190215866
63,5,32,33,0.06653225806451613,0.1,13,0.0012612356241941526,0.0011677554245952126
63,5,32,33,0.06653225806451613,0.1,15,0.0010930710359924618,0.0010120535389529564
63,5,32,33,0.06653225806451613,0.1,17,0.0009644745388702905,0.0008929877312930262
63,5,32,33,0.06653225806451613,0.1,19,0.0008629509630180291,0.0007989885927130793
63,5,32,33,0.06653225806451613,0.5,1,0.37505213311475216,0.3533567890665725
63,5,32,33,0.06653225806451613,0.5,3,0.12541626918731377,0.11592576664386899
63,5,32,33,0.06653225806451613,0.5,5,0.07526810495024945,0.06946158808723518
63,5,32,33,0.06653225806451613,0.5,7,0.05376652037830293,0.04959686351626327
63,5,32,33,0.06653225806451613,0.5,9,0.04181955108246018,0.03856939074562377
63,5,32,33,0.06653225806451613,0.5,11,0.03421647071533656,0.031554309527570164
63,5,32,33,0.06653225806451613,0.5,13,0.02895262905599222,0.026698600501914513
63,5,32,33,0.06653225806451613,0.5,15,0.025092403957522984,0.02313813454769917
63,5,32,33,0.06653225806451613,0.5,17,0.02214043039245955,0.020415616221120047
63,5,32,33,0.06653225806451613,0.5,19,0.01980990516660816,0.018266362524254502
63,5,32,33,0.06653225806451613,1.0,1,1.1426226454814812,1.1188983512122799
63,5,32,33,0.06653225806451613,1.0,3,0.3897191359816768,0.3551423032284927
63,5,32,33,0.06653225806451613,1.0,5,0.23416474833082696,0.21181288161390424
63,5,32,33,0.06653225806451613,1.0,7,0.16732342355830027,0.1510377320742211
63,5,32,33,0.06653225806451613,1.0,9,0.1301602998805744,0.11739082664807629
63,5,32,33,0.06653225806451613,1.0,11,0.1065029663594696,0.09601256201855332
63,5,32,33,0.06653225806451613,1.0,13,0.0901218605728012,0.08122458940333556
63,5,32,33,0.06653225806451613,1.0,15,0.07810776486248242,0.07038549438434552
63,5,32,33,0.06653225806451613,1.0,17,0.0689198837110594,0.0620994487950525
63,5,32,33,0.06653225806451613,1.0,19,0.06166595372595443,0.055559275855750975
64,5,32,33,0.06653225806451613,0.1,1,0.015128120651211682,0.014506946938690531
64,5,32,33,0.06653225806451613,0.1,3,0.005035995786219399,0.004830033703059348
64,5,32,33,0.06653225806451613,0.1,5,0.0030210297620472666,0.0028976360727796286
64,5,32,33,0.06653225806451613,0.1,7,0.002157721779164157,0.002069643527382458
64,5,32,33,0.06653225806451613,0.1,9,0.0016781638277983733,0.0016096852822224217
64,5,32,33,0.06653225806451613,0.1,11,0.001373010743297158,0.0013169970181790777
64,5,32,33,0.06653225806451613,0.1,13,0.0011617597525010813,0.0011143719212967187
64,5,32,33,0.06653225806451613,0.1,15,0.0010068468328692038,0.0009657827586186891
64,5,32,33,0.06653225806451613,0.1,17,0.0008883865160286215,0.0008521571603706341
64,5,32,33,0.06653225806451613,0.1,19,0.000794866723006651,0.0007624535743916242
64,5,32,33,0.06653225806451613,0.5,1,0.3504647212933024,0.3356583076854889
64,5,32,33,0.06653225806451613,0.5,3,0.1146473942934075,0.10947042919725798
64,5,32,33,0.06653225806451613,0.5,5,0.06866465209465275,0.06555712815788507
64,5,32,33,0.06653225806451613,0.5,7,0.04901786431942847,0.046800197168638584
64,5,32,33,0.06653225806451613,0.5,9,0.03811467445692651,0.03639118712254919
64,5,32,33,0.06653225806451613,0.5,11,0.03117992983404034,0.029770670591176808
64,5,32,33,0.06653225806451613,0.5,13,0.02638042425608774,0.0251885427123896
64,5,32,33,0.06653225806451613,0.5,15,0.022861485365597893,0.021828910345271343
64,5,32,33,0.06653225806451613,0.5,17,0.020170903546620364,0.01926008438861849
64,5,32,33,0.06653225806451613,0.5,19,0.01804697475207257,0.017232234260057978
64,5,32,33,0.06653225806451613,1.0,1,1.0971131607092814,1.052745322399253
64,5,32,33,0.06653225806451613,1.0,3,0.3492881396824637,0.3314509206572249
64,5,32,33,0.06653225806451613,1.0,5,0.20882524976947192,0.19787713017184497
64,5,32,33,0.06653225806451613,1.0,7,0.14899311247202993,0.14111617666492088
64,5,32,33,0.06653225806451613,1.0,9,0.1158244692576335,0.10967611650947122
64,5,32,33,0.06653225806451613,1.0,11,0.09473896858563947,0.08969783942200198
64,5,32,33,0.06653225806451613,1.0,13,0.08014988799931794,0.07587832769021016
64,5,32,33,0.06653225806451613,1.0,15,0.06945519553770634,0.06574947875852696
64,5,32,33,0.06653225806451613,1.0,17,0.061278959803358624,0.05800676749020597
64,5,32,33,0.06653225806451613,1.0,19,0.05482520029392261,0.051895752380394185
65,5,32,33,0.06653225806451613,0.1,1,0.013620325133852,0.013072180241802197
65,5,32,33,0.06653225806451613,0.1,3,0.004536370916000782,0.004347628182682682
65,5,32,33,0.06653225806451613,0.1,5,0.0027215674980097314,0.0026077602701894916
65,5,32,33,0.06653225806451613,0.1,7,0.0019439129699343012,0.0018624625691798817
65,5,32,33,0.06653225806451613,0.1,9,0.0015119076205851228,0.0014484909136191892
65,5,32,33,0.06653225806451613,0.1,11,0.001237003350227882,0.001185083161054453
65,5,32,33,0.06653225806451613,0.1,13,0.001046688466363363,0.0010027365037869457
65,5,32,33,0.06653225806451613,0.1,15,0.0009071259140926117,0.0008690219591364779
65,5,32,33,0.06653225806451613,0.1,17,0.0008004025356616597,0.0007667731992795717
65,5,32,33,0.06653225806451613,0.1,19,0.0007161477844625037,0.0006860526238906767
65,5,32,33,0.06653225806451613,0.5,1,0.3183861942478944,0.306966039654117
65,5,32,33,0.06653225806451613,0.5,3,0.10459523977424191,0.09911673096696327
65,5,32,33,0.06653225806451613,0.5,5,0.0626653257710809,0.059249463216365525
65,5,32,33,0.06653225806451613,0.5,7,0.04474014702271702,0.042265535163261876
65,5,32,33,0.06653225806451613,0.5,9,0.03479041225241087,0.03285166207545015
65,5,32,33,0.06653225806451613,0.5,11,0.028461452145495596,0.026868175170812216
65,5,32,33,0.06653225806451613,0.5,13,0.02408093756922296,0.02272877612678269
65,5,32,33,0.06653225806451613,0.5,15,0.02086906454405521,0.01969469741076169
65,5,32,33,0.06653225806451613,0.5,17,0.018413192027152143,0.017375328756950033
65,5,32,33,0.06653225806451613,0.5,19,0.016474497592213522,0.01554472680333322
65,5,32,33,0.06653225806451613,1.0,1,1.030209639209891,0.9990906541670099
65,5,32,33,0.06653225806451613,1.0,3,0.3317992317615245,0.3056344381248689
65,5,32,33,0.06653225806451613,1.0,5,0.19798598214860832,0.18182643429846146
65,5,32,33,0.06653225806451613,1.0,7,0.14114656134525316,0.12952519329383919
65,5,32,33,0.06653225806451613,1.0,9,0.10967778300948029,0.1006147669193916
65,5,32,33,0.06653225806451613,1.0,11,0.08968755925911294,0.0822623803957674
65,5,32,33,0.06653225806451613,1.0,13,0.07586278329534388,0.06957499841203918
65,5,32,33,0.06653225806451613,1.0,15,0.06573166083918694,0.06027948630229432
65,5,32,33,0.06653225806451613,1.0,17,0.057988121371122,0.05317569658439413
65,5,32,33,0.06653225806451613,1.0,19,0.0518770100021967,0.047570062070270036
66,5,32,33,0.06653225806451613,0.1,1,0.012837276343098492,0.012837474789914755
66,5,32,33,0.06653225806451613,0.1,3,0.00427383899076244,0.004273846357892763
66,5,32,33,0.06653225806451613,0.1,5,0.0025640514760089882,0.0025640530676044144
66,5,32,33,0.06653225806451613,0.1,7,0.0018314157685347247,0.001831416348597429
66,5,32,33,0.06653225806451613,0.1,9,0.001424418620562714,0.0014244188934908748
66,5,32,33,0.06653225806451613,0.1,11,0.0011654268457721266,0.0011654269952593383
66,5,32,33,0.06653225806451613,0.1,13,0.000986127210088285,0.0009861273006541661
66,5,32,33,0.06653225806451613,0.1,15,0.0008546418432312257,0.0008546419021873153
66,5,32,33,0.06653225806451613,0.1,17,0.000754094718651827,0.0007540947591566046
66,5,32,33,0.06653225806451613,0.1,19,0.000674715683926859,0.0006747157129374145
66,5,32,33,0.06653225806451613,0.5,1,0.2980630252633091,0.2981734995866683
66,5,32,33,0.06653225806451613,0.5,3,0.09633526412455516,0.09633954357430718
66,5,32,33,0.06653225806451613,0.5,5,0.05765936001817075,0.0576602867455235
66,5,32,33,0.06653225806451613,0.5,7,0.04115741474272849,0.04115775269936578
66,5,32,33,0.06653225806451613,0.5,9,0.03200241710912598,0.03200257616385002
66,5,32,33,0.06653225806451613,0.5,11,0.026180108626349324,0.026180195753983507
66,5,32,33,0.06653225806451613,0.5,13,0.022150605474070408,0.022150658262441017
66,5,32,33,0.06653225806451613,0.5,15,0.019196215938867788,0.019196250303847303
66,5,32,33,0.06653225806451613,0.5,17,0.016937262403243593,0.01693728601114191
66,5,32,33,0.06653225806451613,0.5,19,0.015154031835336007,0.015154048745728205
66,5,32,33,0.06653225806451613,1.0,1,0.9499139130001945,0.9509737922489452
66,5,32,33,0.06653225806451613,1.0,3,0.2951837642226146,0.295125474908728
66,5,32,33,0.06653225806451613,1.0,5,0.1770039143066581,0.17699070737649092
66,5,32,33,0.06653225806451613,1.0,7,0.1264106225275312,0.1264057469439423
66,5,32,33,0.06653225806451613,1.0,9,0.09831272197188207,0.09831041583190549
66,5,32,33,0.06653225806451613,1.0,11,0.08043492344760068,0.08043365698607448
66,5,32,33,0.06653225806451613,1.0,13,0.06805897646457147,0.06805820803466636
66,5,32,33,0.06653225806451613,1.0,15,0.05898371542771951,0.05898321472852662
66,5,32,33,0.06653225806451613,1.0,17,0.05204402367024839,0.0520436794931426
66,5,32,33,0.06653225806451613,1.0,19,0.04656543485267853,0.046565188213063366
67,5,32,33,0.06653225806451613,0.1,1,0.014893337669428092,0.014046124642647343
67,5,32,33,0.06653225806451613,0.1,3,0.004954462378115953,0.004676333668150302
67,5,32,33,0.06653225806451613,0.1,5,0.0029717754903835726,0.002805511095277618
67,5,32,33,0.06653225806451613,0.1,7,0.002122442334766899,0.0020038765205988443
67,5,32,33,0.06653225806451613,0.1,9,0.001650682912657194,0.0015585504497705547
67,5,32,33,0.06653225806451613,0.1,11,0.001350505113076445,0.001275168879242318
67,5,32,33,0.06653225806451613,0.1,13,0.0011427041911922064,0.0010789845911555738
67,5,32,33,0.06653225806451613,0.1,15,0.0009903242226059713,0.0009351174467953489
67,5,32,33,0.06653225806451613,0.1,17,0.000873802510772754,0.000825102073384862
67,5,32,33,0.06653225806451613,0.1,19,0.000781814194568098,0.0007382482078227117
67,5,32,33,0.06653225806451613,0.5,1,0.3467639245658676,0.32391801074961823
67,5,32,33,0.06653225806451613,0.5,3,0.11274341968758533,0.1050099631733311
67,5,32,33,0.06653225806451613,0.5,5,0.06745647737297542,0.0628712273257694
67,5,32,33,0.06653225806451613,0.5,7,0.048135215026764586,0.0448805783364379
67,5,32,33,0.06653225806451613,0.5,9,0.03741978498162197,0.03489804000867855
67,5,32,33,0.06653225806451613,0.5,11,0.030607057742560624,0.0285490636099089
67,5,32,33,0.06653225806451613,0.5,13,0.025893168552245393,0.02415495543104633
67,5,32,33,0.06653225806451613,0.5,15,0.02243760477029357,0.020933206557210968
67,5,32,33,0.06653225806451613,0.5,17,0.019795820992278494,0.01846981665788105
67,5,32,33,0.06653225806451613,0.5,19,0.01771062090908216,0.01652520027433719
67,5,32,33,0.06653225806451613,1.0,1,1.0963213704716939,1.0143957172773939
67,5,32,33,0.06653225806451613,1.0,3,0.3472017527035495,0.3167922900329337
67,5,32,33,0.06653225806451613,1.0,5,0.20711647394998806,0.1893201934459959
67,5,32,33,0.06653225806451613,1.0,7,0.147610478076362,0.1350571621433974
67,5,32,33,0.06653225806451613,1.0,9,0.11467269311286733,0.10498164973321475
67,5,32,33,0.06653225806451613,1.0,11,0.09375467176007396,0.08586477889080055
67,5,32,33,0.06653225806451613,1.0,13,0.07929157808653417,0.07263896101169659
67,5,32,33,0.06653225806451613,1.0,15,0.06869474782361264,0.0629442831504868
67,5,32,33,0.06653225806451613,1.0,17,0.06059657984432094,0.05553297351349811
67,5,32,33,0.06653225806451613,1.0,19,0.05420648274950938,0.04968325261361718
68,5,32,33,0.06653225806451613,0.1,1,0.013124423057398485,0.012937197172323311
68,5,32,33,0.06653225806451613,0.1,3,0.004370310990078926,0.004308055263994622
68,5,32,33,0.06653225806451613,0.1,5,0.0026218534054079376,0.0025846081416483722
68,5,32,33,0.06653225806451613,0.1,7,0.0018726654979712143,0.001846101708258462
68,5,32,33,0.06653225806451613,0.1,9,0.001456483082651939,0.0014358410297088534
68,5,32,33,0.06653225806451613,0.1,11,0.0011916509241342928,0.001174772123033654
68,5,32,33,0.06653225806451613,0.1,13,0.0010083103796562638,0.000994034430014789
68,5,32,33,0.06653225806451613,0.1,15,0.0008738630339243524,0.0008614945043917502
68,5,32,33,0.06653225806451613,0.1,17,0.0007710516764065721,0.000760140977992039
68,5,32,33,0.06653225806451613,0.1,19,0.000689885602008764,0.0006801253332293688
68,5,32,33,0.06653225806451613,0.5,1,0.30807488112275705,0.3024774892264618
68,5,32,33,0.06653225806451613,0.5,3,0.10087417510704942,0.09869534640425259
68,5,32,33,0.06653225806451613,0.5,5,0.06042094739308205,0.059087027674751755
68,5,32,33,0.06653225806451613,0.5,7,0.043134904786130655,0.04217459714641264
68,5,32,33,0.06653225806451613,0.5,9,0.033541248666530916,0.03279126538388321
68,5,32,33,0.06653225806451613,0.5,11,0.027439153346373472,0.026823986554051563
68,5,32,33,0.06653225806451613,0.5,13,0.023215794729162145,0.022694388803881776
68,5,32,33,0.06653225806451613,0.5,15,0.020119210097912992,0.019666777169185874
68,5,32,33,0.06653225806451613,0.5,17,0.01775151888876717,0.017351949832915055
68,5,32,33,0.06653225806451613,0.5,19,0.01588245162311501,0.015524689117751452
68,5,32,33,0.06653225806451613,1.0,1,1.0088252479710937,0.9914612982030876
68,5,32,33,0.06653225806451613,1.0,3,0.317046168426689,0.31643089406900926
68,5,32,33,0.06653225806451613,1.0,5,0.18901336308078306,0.18883879817671057
68,5,32,33,0.06653225806451613,1.0,7,0.134757452597914,0.13463222273470762
68,5,32,33,0.06653225806451613,1.0,9,0.10472707990099188,0.10461644311724538
68,5,32,33,0.06653225806451613,1.0,11,0.08564945910238969,0.08554798751490003
68,5,32,33,0.06653225806451613,1.0,13,0.07245424900825222,0.07236038827498584
68,5,32,33,0.06653225806451613,1.0,15,0.06278332139156764,0.06269617093570276
68,5,32,33,0.06653225806451613,1.0,17,0.05539071950650305,0.055309541025206674
68,5,32,33,0.06653225806451613,1.0,19,0.049556009771440014,0.04948015205412798
69,5,32,33,0.06653225806451613,0.1,1,0.012393562685993686,0.012403694889121455
69,5,32,33,0.06653225806451613,0.1,3,0.004127211564220455,0.004129618360174841
69,5,32,33,0.06653225806451613,0.1,5,0.0024761025761066936,0.002477411435870414
69,5,32,33,0.06653225806451613,0.1,7,0.0017685942176035297,0.0017694866479559866
69,5,32,33,0.06653225806451613,0.1,9,0.0013755551285221615,0.0013762306872072039
69,5,32,33,0.06653225806451613,0.1,11,0.0011254458574214152,0.0011259888673830893
69,5,32,33,0.06653225806451613,0.1,13,0.0009522958846195048,0.0009527496381927035
69,5,32,33,0.06653225806451613,0.1,15,0.0008253204607993102,0.0008257100708130015
69,5,32,33,0.06653225806451613,0.1,17,0.0007282222524146387,0.0007285635628374134
69,5,32,33,0.06653225806451613,0.1,19,0.0006515661424634251,0.0006518697828891665
69,5,32,33,0.06653225806451613,0.5,1,0.29122178567752033,0.29149978299539214
69,5,32,33,0.06653225806451613,0.5,3,0.09516720863847473,0.09515071571376933
69,5,32,33,0.06653225806451613,0.5,5,0.0570080676938126,0.05697351447234872
69,5,32,33,0.06653225806451613,0.5,7,0.040700873897076405,0.04066891958619929
69,5,32,33,0.06653225806451613,0.5,9,0.031649797120335624,0.03162184712303495
69,5,32,33,0.06653225806451613,0.5,11,0.025892501947699088,0.025868033473638644
69,5,32,33,0.06653225806451613,0.5,13,0.02190762660072513,0.021885989133806467
69,5,32,33,0.06653225806451613,0.5,15,0.018985810279006234,0.018966466253014347
69,5,32,33,0.06653225806451613,0.5,17,0.01675169606307653,0.016734229423931258
69,5,32,33,0.06653225806451613,0.5,19,0.014988041281000486,0.01497213221992086
69,5,32,33,0.06653225806451613,1.0,1,0.9611069696007455,0.9602227162092841
69,5,32,33,0.06653225806451613,1.0,3,0.30327353696985737,0.2997244096427656
69,5,32,33,0.06653225806451613,1.0,5,0.18112249990240775,0.17869959125357296
69,5,32,33,0.06653225806451613,1.0,7,0.1291756245535079,0.12740969490753612
69,5,32,33,0.06653225806451613,1.0,9,0.10039890421092139,0.09901837614660482
69,5,32,33,0.06653225806451613,1.0,11,0.08211237057050921,0.08098115927529091
69,5,32,33,0.06653225806451613,1.0,13,0.06946279964135686,0.06850525665694292
69,5,32,33,0.06653225806451613,1.0,15,0.06019126957321356,0.05936140641503302
69,5,32,33,0.06653225806451613,1.0,17,0.053103790071489874,0.052371667362263195
69,5,32,33,0.06653225806451613,1.0,19,0.047509836048674904,0.04685490679230233
70,5,32,33,0.06653225806451613,0.1,1,0.012383845389352749,0.012427641226499534
70,5,32,33,0.06653225806451613,0.1,3,0.004124783248303302,0.0041388883445659325
70,5,32,33,0.06653225806451613,0.1,5,0.0024747141446517856,0.002483145489131643
70,5,32,33,0.06653225806451613,0.1,7,0.001767621510330591,0.0017736364787910065
70,5,32,33,0.06653225806451613,0.1,9,0.0013748064139471278,0.0013794819916127363
70,5,32,33,0.06653225806451613,0.1,11,0.001124837235804604,0.001128661433088167
70,5,32,33,0.06653225806451613,0.1,13,0.0009517831739531975,0.0009550183430992127
70,5,32,33,0.06653225806451613,0.1,15,0.0008248775385684599,0.0008276809390678305
70,5,32,33,0.06653225806451613,0.1,17,0.0007278323914732548,0.0007303057147078464
70,5,32,33,0.06653225806451613,0.1,19,0.0006512179870357557,0.0006534307801336968
70,5,32,33,0.06653225806451613,0.5,1,0.2898415185595652,0.2918657812665611
70,5,32,33,0.06653225806451613,0.5,3,0.09500041059677297,0.09535531124317605
70,5,32,33,0.06653225806451613,0.5,5,0.056928190536866784,0.05711252135740176
70,5,32,33,0.06653225806451613,0.5,7,0.040648834757691425,0.0407728547193795
70,5,32,33,0.06653225806451613,0.5,9,0.03161121728440881,0.03170466266592487
70,5,32,33,0.06653225806451613,0.5,11,0.02586183525000231,0.025936819025599373
70,5,32,33,0.06653225806451613,0.5,13,0.021882169148889415,0.02194479516628317
70,5,32,33,0.06653225806451613,0.5,15,0.018964043221445015,0.019017815689358925
70,5,32,33,0.06653225806451613,0.5,17,0.016732681330264575,0.016779797738678614
70,5,32,33,0.06653225806451613,0.5,19,0.014971158781635185,0.015013088021150348
70,5,32,33,0.06653225806451613,1.0,1,0.9437135465867388,0.9752477644608255
70,5,32,33,0.06653225806451613,1.0,3,0.30366121384244926,0.3061475966058008
70,5,32,33,0.06653225806451613,1.0,5,0.18183000554521186,0.18294232477165234
70,5,32,33,0.06653225806451613,1.0,7,0.12980856597649998,0.13048319699268887
70,5,32,33,0.06653225806451613,1.0,9,0.10093993577180288,0.1014120669845545
70,5,32,33,0.06653225806451613,1.0,11,0.08257798416939267,0.08293666327015654
70,5,32,33,0.06653225806451613,1.0,13,0.06986916914697804,0.07015640660801202
70,5,32,33,0.06653225806451613,1.0,15,0.06055081666418671,0.06078938427619969
70,5,32,33,0.06653225806451613,1.0,17,0.05342573113658402,0.05362921591453848
70,5,32,33,0.06653225806451613,1.0,19,0.04780104892956664,0.0479781488649545
71,5,32,33,0.06653225806451613,0.1,1,0.014233816817373027,0.014069361030008682
71,5,32,33,0.06653225806451613,0.1,3,0.004737162371223581,0.00467570040240017
71,5,32,33,0.06653225806451613,0.1,5,0.0028416815508898545,0.002804070055440631
71,5,32,33,0.06653225806451613,0.1,7,0.0020296044652320347,0.002002518289049461
71,5,32,33,0.06653225806451613,0.1,9,0.0015785127698696739,0.0015573510941857451
71,5,32,33,0.06653225806451613,0.1,11,0.0012914760558440015,0.0012741129056452313
71,5,32,33,0.06653225806451613,0.1,13,0.0010927677725244146,0.0010780472286084921
71,5,32,33,0.06653225806451613,0.1,15,0.0009470531281811139,0.0009342771551560573
71,5,32,33,0.06653225806451613,0.1,17,0.0008356269417470106,0.0008243417849247575
71,5,32,33,0.06653225806451613,0.1,19,0.0007476604997842807,0.000737554619207592
71,5,32,33,0.06653225806451613,0.5,1,0.33069191911553436,0.3296349407999144
71,5,32,33,0.06653225806451613,0.5,3,0.10773172843890504,0.10633038819818304
71,5,32,33,0.06653225806451613,0.5,5,0.0644722117009685,0.0635779110259721
71,5,32,33,0.06653225806451613,0.5,7,0.04600968976438465,0.04535796842456052
71,5,32,33,0.06653225806451613,0.5,9,0.03576908371160371,0.03525719146582736
71,5,32,33,0.06653225806451613,0.5,11,0.02925773710383451,0.02883647831312371
71,5,32,33,0.06653225806451613,0.5,13,0.024752155070543083,0.02439433690606713
71,5,32,33,0.06653225806451613,0.5,15,0.021449177288276916,0.021138224276952226
71,5,32,33,0.06653225806451613,0.5,17,0.018923980238141062,0.018649053067996354
71,5,32,33,0.06653225806451613,0.5,19,0.01693076394389328,0.016684389836679324
71,5,32,33,0.06653225806451613,1.0,1,1.0498577448925193,1.044941362565428
71,5,32,33,0.06653225806451613,1.0,3,0.33189284833243377,0.32222282350878056
71,5,32,33,0.06653225806451613,1.0,5,0.19763777359490686,0.19257190214099149
71,5,32,33,0.06653225806451613,1.0,7,0.14074038997633576,0.1374132027045302
71,5,32,33,0.06653225806451613,1.0,9,0.109285016177611,0.10683383461164343
71,5,32,33,0.06653225806451613,1.0,11,0.08932324368924816,0.08739177673899709
71,5,32,33,0.06653225806451613,1.0,13,0.07552815864706194,0.07393825153378203
71,5,32,33,0.06653225806451613,1.0,15,0.06542434825496433,0.06407509526458874
71,5,32,33,0.06653225806451613,1.0,17,0.057705003062750865,0.05653404083320164
71,5,32,33,0.06653225806451613,1.0,19,0.051615087490694295,0.050581310197663494
72,5,32,33,0.06653225806451613,0.1,1,0.012241493852303576,0.012250294047579205
72,5,32,33,0.06653225806451613,0.1,3,0.004077031902915689,0.0040803727741250875
72,5,32,33,0.06653225806451613,0.1,5,0.002446038577730594,0.002448069651217504
72,5,32,33,0.06653225806451613,0.1,7,0.0017471322598898817,0.0017485895361258619
72,5,32,33,0.06653225806451613,0.1,9,0.0013588676127817584,0.00136000353775229
72,5,32,33,0.06653225806451613,0.1,11,0.0011117950382293087,0.0011127256281611285
72,5,32,33,0.06653225806451613,0.1,13,0.0009407466925925729,0.0009415347779732834
72,5,32,33,0.06653225806451613,0.1,15,0.0008153121045761904,0.000815995516285733
72,5,32,33,0.06653225806451613,0.1,17,0.000719391981241111,0.0007199952558298711
72,5,32,33,0.06653225806451613,0.1,19,0.000643665816636102,0.0006442057705954461
72,5,32,33,0.06653225806451613,0.5,1,0.28716074196465435,0.2891697236558222
72,5,32,33,0.06653225806451613,0.5,3,0.0939519594919814,0.0950188318294848
72,5,32,33,0.06653225806451613,0.5,5,0.056287584196887376,0.05694579726605565
72,5,32,33,0.06653225806451613,0.5,7,0.04018877617273176,0.04066219390488486
72,5,32,33,0.06653225806451613,0.5,9,0.03125254390217756,0.03162171060451967
72,5,32,33,0.06653225806451613,0.5,11,0.02556800153847434,0.025870403914334913
72,5,32,33,0.06653225806451613,0.5,13,0.021633348495771264,0.021889382862169918
72,5,32,33,0.06653225806451613,0.5,15,0.018748288659757875,0.018970259744461287
72,5,32,33,0.06653225806451613,0.5,17,0.016542241556037087,0.016738136594296293
72,5,32,33,0.06653225806451613,0.5,19,0.014800720549348915,0.01497601538275165
72,5,32,33,0.06653225806451613,1.0,1,0.943566427081946,0.9684232217183604
72,5,32,33,0.06653225806451613,1.0,3,0.29992227692663664,0.31467113701585153
72,5,32,33,0.06653225806451613,1.0,5,0.17915928982323193,0.18822131642243578
72,5,32,33,0.06653225806451613,1.0,7,0.12779480192383752,0.13431734956338554
72,5,32,33,0.06653225806451613,1.0,9,0.09933477028257762,0.10442553646669034
72,5,32,33,0.06653225806451613,1.0,11,0.08124682130839642,0.08541989044003225
72,5,32,33,0.06653225806451613,1.0,13,0.06873334345957956,0.0722684855496771
72,5,32,33,0.06653225806451613,1.0,15,0.05956089304343287,0.0626270214992156
72,5,32,33,0.06653225806451613,1.0,17,0.05254877352811417,0.055255625135316844
72,5,32,33,0.06653225806451613,1.0,19,0.047014069626016834,0.0494369344111382
73,5,32,33,0.06653225806451613,0.1,1,0.012594318408167032,0.012499593603074432
73,5,32,33,0.06653225806451613,0.1,3,0.004194195508591164,0.0041600241718899676
73,5,32,33,0.06653225806451613,0.1,5,0.0025163075268860823,0.00249550950533448
73,5,32,33,0.06653225806451613,0.1,7,0.00179731731718834,0.0017823723682052566
73,5,32,33,0.06653225806451613,0.1,9,0.0013978977782094042,0.0013862356079036462
73,5,32,33,0.06653225806451613,0.1,11,0.001143727546047881,0.0011341658878114092
73,5,32,33,0.06653225806451613,0.1,13,0.0009677658128183305,0.0009596635585799733
73,5,32,33,0.06653225806451613,0.1,15,0.0008387282552556446,0.0008316989282672321
73,5,32,33,0.06653225806451613,0.1,17,0.0007400530177291609,0.0007338457013789698
73,5,32,33,0.06653225806451613,0.1,19,0.0006621518201909973,0.000656594398916961
73,5,32,33,0.06653225806451613,0.5,1,0.2949972773733211,0.29384141200376845
73,5,32,33,0.06653225806451613,0.5,3,0.09638081446187408,0.09552835073919642
73,5,32,33,0.06653225806451613,0.5,5,0.0577271574715432,0.05717493211198051
73,5,32,33,0.06653225806451613,0.5,7,0.04121212072492914,0.040806388694854485
73,5,32,33,0.06653225806451613,0.5,9,0.03204645732345991,0.03172624962505127
73,5,32,33,0.06653225806451613,0.5,11,0.026216547324393543,0.02595221618105682
73,5,32,33,0.06653225806451613,0.5,13,0.02218153335908025,0.02195652361998979
73,5,32,33,0.06653225806451613,0.5,15,0.019223016406134455,0.019027165591103738
73,5,32,33,0.06653225806451613,0.5,17,0.01696087508405144,0.016787503386225432
73,5,32,33,0.06653225806451613,0.5,19,0.015175116719794397,0.015019600988275662
73,5,32,33,0.06653225806451613,1.0,1,0.9675714461884339,0.9676858075300339
73,5,32,33,0.06653225806451613,1.0,3,0.3069491141876222,0.30173940107353336
73,5,32,33,0.06653225806451613,1.0,5,0.18345008733062237,0.1802494068774726
73,5,32,33,0.06653225806451613,1.0,7,0.13089677261495516,0.12860360110495053
73,5,32,33,0.06653225806451613,1.0,9,0.10176440784697433,0.09997735616594175
73,5,32,33,0.06653225806451613,1.0,11,0.0832435424176323,0.08177957338488537
73,5,32,33,0.06653225806451613,1.0,13,0.0704279779878639,0.06918817650490697
73,5,32,33,0.06653225806451613,1.0,15,0.0610327638968222,0.059957612783502263
73,5,32,33,0.06653225806451613,1.0,17,0.053849598988304756,0.052900504620981975
73,5,32,33,0.06653225806451613,1.0,19,0.04817943854075894,0.047329951510478356
74,5,32,33,0.06653225806451613,0.1,1,0.013554370658360758,0.014325416906695112
74,5,32,33,0.06653225806451613,0.1,3,0.004513107303025993,0.004771485764735672
74,5,32,33,0.06653225806451613,0.1,5,0.0027075542005676077,0.0028626735399824355
74,5,32,33,0.06653225806451613,0.1,7,0.001933893456173342,0.0020447162329611957
74,5,32,33,0.06653225806451613,0.1,9,0.001504111706041788,0.0015903162483949008
74,5,32,33,0.06653225806451613,0.1,11,0.0012306237479837439,0.0013011591472337
74,5,32,33,0.06653225806451613,0.1,13,0.001041289840509012,0.0011009761073960316
74,5,32,33,0.06653225806451613,0.1,15,0.0009024468582488148,0.0009541764723566915
74,5,32,33,0.06653225806451613,0.1,17,0.0007962738264671683,0.0008419186004131642
74,5,32,33,0.06653225806451613,0.1,19,0.0007124536037415751,0.0007532943544079577
74,5,32,33,0.06653225806451613,0.5,1,0.3150526785563777,0.33287143829370086
74,5,32,33,0.06653225806451613,0.5,3,0.10272803730739433,0.10934594429519773
74,5,32,33,0.06653225806451613,0.5,5,0.061530563334563394,0.06552507576015558
74,5,32,33,0.06653225806451613,0.5,7,0.04392926693241765,0.04678609969229737
74,5,32,33,0.06653225806451613,0.5,9,0.034160338849177595,0.03638316674824126
74,5,32,33,0.06653225806451613,0.5,11,0.027946476282605996,0.0297653816537152
74,5,32,33,0.06653225806451613,0.5,13,0.023645587248784947,0.025184713427958052
74,5,32,33,0.06653225806451613,0.5,15,0.02049205091653013,0.02182595728653508
74,5,32,33,0.06653225806451613,0.5,17,0.01808074688069283,0.019257702897118947
74,5,32,33,0.06653225806451613,0.5,19,0.016177207706510925,0.01723024943881678
74,5,32,33,0.06653225806451613,1.0,1,1.0052985939636274,1.0601516460333096
74,5,32,33,0.06653225806451613,1.0,3,0.31748104787293335,0.343033337357836
74,5,32,33,0.06653225806451613,1.0,5,0.18953293061052842,0.2053423023721964
74,5,32,33,0.06653225806451613,1.0,7,0.13517391298089562,0.14657465029840347
74,5,32,33,0.06653225806451613,1.0,9,0.10506337229838877,0.1139693814103325
74,5,32,33,0.06653225806451613,1.0,11,0.0859288365509613,0.09323326909313062
74,5,32,33,0.06653225806451613,1.0,13,0.07269226743436986,0.07888234124546281
74,5,32,33,0.06653225806451613,1.0,15,0.06299024996338388,0.06836051675528305
74,5,32,33,0.06653225806451613,1.0,17,0.05557354576210921,0.06031553044632628
74,5,32,33,0.06653225806451613,1.0,19,0.049719656398046756,0.053964845360944355
75,5,32,33,0.06653225806451613,0.1,1,0.012594573827610327,0.012691235698352631
75,5,32,33,0.06653225806451613,0.1,3,0.004194516543651641,0.004225462881692904
75,5,32,33,0.06653225806451613,0.1,5,0.0025165284323534712,0.0025349637288591235
75,5,32,33,0.06653225806451613,0.1,7,0.0017974837229282792,0.001810612701360238
75,5,32,33,0.06653225806451613,0.1,9,0.0013980309182290997,0.0014082257497637228
75,5,32,33,0.06653225806451613,0.1,11,0.0011438384091011665,0.0011521710832756563
75,5,32,33,0.06653225806451613,0.1,13,0.0009678607495769158,0.0009749064986941787
75,5,32,33,0.06653225806451613,0.1,15,0.0008388112511234143,0.0008449144204690528
75,5,32,33,0.06653225806451613,0.1,17,0.0007401267331168946,0.0007455097672029835
75,5,32,33,0.06653225806451613,0.1,19,0.0006622181176081031,0.0006670330265675926
75,5,32,33,0.06653225806451613,0.5,1,0.2946629627779318,0.2973062458055292
75,5,32,33,0.06653225806451613,0.5,3,0.09637482805617537,0.09678186922591649
75,5,32,33,0.06653225806451613,0.5,5,0.05773079493244245,0.057940242833986445
75,5,32,33,0.06653225806451613,0.5,7,0.04121664310315819,0.04135735215791717
75,5,32,33,0.06653225806451613,0.5,9,0.03205075796705039,0.03215670890148981
75,5,32,33,0.06653225806451613,0.5,11,0.026220460484815633,0.026305439157703545
75,5,32,33,0.06653225806451613,0.5,13,0.02218507069778931,0.022256016807574355
75,5,32,33,0.06653225806451613,0.5,15,0.019226223750651396,0.019287119848086235
75,5,32,33,0.06653225806451613,0.5,17,0.016963799634339936,0.017017142574159393
75,5,32,33,0.06653225806451613,0.5,19,0.015177799646147438,0.015225258058568062
75,5,32,33,0.06653225806451613,1.0,1,0.9639538727505922,0.9751049253165445
75,5,32,33,0.06653225806451613,1.0,3,0.30443235399876034,0.3066065346717704
75,5,32,33,0.06653225806451613,1.0,5,0.18176028750386353,0.18334504874468427
75,5,32,33,0.06653225806451613,1.0,7,0.12965425840291334,0.13082037614220063
75,5,32,33,0.06653225806451613,1.0,9,0.10078634865559996,0.10169883148368625
75,5,32,33,0.06653225806451613,1.0,11,0.08243831047630609,0.08318513956205253
75,5,32,33,0.06653225806451613,1.0,13,0.06974409725918304,0.07037521960179426
75,5,32,33,0.06653225806451613,1.0,15,0.060438635083635533,0.060984676832268055
75,5,32,33,0.06653225806451613,1.0,17,0.053324488723860045,0.05380545817382753
75,5,32,33,0.06653225806451613,1.0,19,0.04770902948803374,0.04813867349492376
76,5,32,33,0.06653225806451613,0.1,1,0.014235126283702661,0.013732048319627401
76,5,32,33,0.06653225806451613,0.1,3,0.0047375900329337155,0.004573885623539678
76,5,32,33,0.06653225806451613,0.1,5,0.0028419366818364204,0.0027441213752802595
76,5,32,33,0.06653225806451613,0.1,7,0.002029786224765395,0.0019600374269272227
76,5,32,33,0.06653225806451613,0.1,9,0.0015786539267711765,0.0015244552953064421
76,5,32,33,0.06653225806451613,0.1,11,0.0012915914359869587,0.0012472730210444246
76,5,32,33,0.06653225806451613,0.1,13,0.001092865335697863,0.0010553801911080826
76,5,32,33,0.06653225806451613,0.1,15,0.0009471376405817347,0.0009146600228010961
76,5,32,33,0.06653225806451613,0.1,17,0.0008357014827898797,0.0008070511464152487
76,5,32,33,0.06653225806451613,0.1,19,0.0007477271740345155,0.0007220971564450976
76,5,32,33,0.06653225806451613,0.5,1,0.3307380486046833,0.3195540984870837
76,5,32,33,0.06653225806451613,0.5,3,0.10774920964865589,0.1048927885543083
76,5,32,33,0.06653225806451613,0.5,5,0.06448253986272,0.06285271342363184
76,5,32,33,0.06653225806451613,0.5,7,0.04601699333347346,0.044877333536673496
76,5,32,33,0.06653225806451613,0.5,9,0.03577472784560328,0.034898647575890174
76,5,32,33,0.06653225806451613,0.5,11,0.029262334731258104,0.028550830802684123
76,5,32,33,0.06653225806451613,0.5,13,0.024756032975635934,0.02415705547558612
76,5,32,33,0.06653225806451613,0.5,15,0.021452530038764142,0.020935348003624118
76,5,32,33,0.06653225806451613,0.5,17,0.018926932970719235,0.018471891269010103
76,5,32,33,0.06653225806451613,0.5,19,0.016933401863153848,0.01652716982433212
76,5,32,33,0.06653225806451613,1.0,1,1.0501034236239681,1.0225267815905499
76,5,32,33,0.06653225806451613,1.0,3,0.332264187035515,0.32449068486810784
76,5,32,33,0.06653225806451613,1.0,5,0.19786232537400716,0.1938241731086278
76,5,32,33,0.06653225806451613,1.0,7,0.14089880975419725,0.13826354656734857
76,5,32,33,0.06653225806451613,1.0,9,0.10940691732145388,0.1074765662546744
76,5,32,33,0.06653225806451613,1.0,11,0.08942216300042459,0.08790840799412235
76,5,32,33,0.06653225806451613,1.0,13,0.0756113304004019,0.07437024211618769
76,5,32,33,0.06653225806451613,1.0,15,0.06549607202098776,0.06444634388785318
76,5,32,33,0.06653225806451613,1.0,17,0.05776803594155709,0.05685956802137536
76,5,32,33,0.06653225806451613,1.0,19,0.05167130082941022,0.05087117122728387
77,5,32,33,0.06653225806451613,0.1,1,0.011967359809101005,0.012806028214535926
77,5,32,33,0.06653225806451613,0.1,3,0.003983665207674752,0.004265396330564413
77,5,32,33,0.06653225806451613,0.1,5,0.002389936544186442,0.002559080784827435
77,5,32,33,0.06653225806451613,0.1,7,0.0017070458425861293,0.0018278839548364501
77,5,32,33,0.06653225806451613,0.1,9,0.0013276857762861147,0.0014216776336442008
77,5,32,33,0.06653225806451613,0.1,11,0.0010862815095335813,0.0011631866965702573
77,5,32,33,0.06653225806451613,0.1,13,0.0009191579421781206,0.0009842329044450638
77,5,32,33,0.06653225806451613,0.1,15,0.0007966017363862464,0.0008530007670188342
77,5,32,33,0.06653225806451613,0.1,17,0.0007028828156372222,0.0007526470966907378
77,5,32,33,0.06653225806451613,0.1,19,0.0006288944799134278,0.0006734206856661331
77,5,32,33,0.06653225806451613,0.5,1,0.28299616080268425,0.29903053407937924
77,5,32,33,0.06653225806451613,0.5,3,0.09178334679558993,0.09796318224567911
77,5,32,33,0.06653225806451613,0.5,5,0.0549514494367129,0.05870107441094775
77,5,32,33,0.06653225806451613,0.5,7,0.03922775098251631,0.041914313287042655
77,5,32,33,0.06653225806451613,0.5,9,0.03050302458924656,0.032595221369286394
77,5,32,33,0.06653225806451613,0.5,11,0.024953936034708555,0.026666831144388885
77,5,32,33,0.06653225806451613,0.5,13,0.021113368234912982,0.022563275488372385
77,5,32,33,0.06653225806451613,0.5,15,0.018297436512705705,0.01955431349448918
77,5,32,33,0.06653225806451613,0.5,17,0.01614431578516173,0.017253496335823355
77,5,32,33,0.06653225806451613,0.5,19,0.014444612282570147,0.015437144560163159
77,5,32,33,0.06653225806451613,1.0,1,0.9460099152196606,0.9668990802585211
77,5,32,33,0.06653225806451613,1.0,3,0.3007015428381543,0.3092090362728663
77,5,32,33,0.06653225806451613,1.0,5,0.17989640013521277,0.184972808915898
77,5,32,33,0.06653225806451613,1.0,7,0.12839648453417932,0.13201028996270964
77,5,32,33,0.06653225806451613,1.0,9,0.09983183680643208,0.10263776493970668
77,5,32,33,0.06653225806451613,1.0,11,0.08166733938620355,0.08396092036517003
77,5,32,33,0.06653225806451613,1.0,13,0.06909669275409083,0.07103630387956669
77,5,32,33,0.06653225806451613,1.0,15,0.0598803014768502,0.06156067645684518
77,5,32,33,0.06653225806451613,1.0,17,0.052833498057871624,0.054315808852163944
77,5,32,33,0.06653225806451613,1.0,19,0.047270784044017494,0.04859682523626333
78,5,32,33,0.06653225806451613,0.1,1,0.013284301629469307,0.013024408392578546
78,5,32,33,0.06653225806451613,0.1,3,0.004425014672146075,0.004337826032876374
78,5,32,33,0.06653225806451613,0.1,5,0.0026548607012703914,0.002602521184769706
78,5,32,33,0.06653225806451613,0.1,7,0.001896299927271356,0.0018589093841938293
78,5,32,33,0.06653225806451613,0.1,9,0.0014748906149165588,0.0014458074260846575
78,5,32,33,0.06653225806451613,0.1,11,0.0012067248214194875,0.0011829287996685766
78,5,32,33,0.06653225806451613,0.1,13,0.0010210729686655601,0.0010009375397998731
78,5,32,33,0.06653225806451613,0.1,15,0.000884928883799467,0.0008674779974284149
78,5,32,33,0.06653225806451613,0.1,17,0.0007808190004668508,0.0007654210526290263
78,5,32,33,0.06653225806451613,0.1,19,0.0006986271485025358,0.0006848499701831633
78,5,32,33,0.06653225806451613,0.5,1,0.31107909485472524,0.30567203947344285
78,5,32,33,0.06653225806451613,0.5,3,0.10205140980268979,0.09999912804147931
78,5,32,33,0.06653225806451613,0.5,5,0.061151984828443806,0.05991468479976567
78,5,32,33,0.06653225806451613,0.5,7,0.04366447180721658,0.04277962327094086
78,5,32,33,0.06653225806451613,0.5,9,0.033956289381166654,0.03326774376216225
78,5,32,33,0.06653225806451613,0.5,11,0.027780361702311025,0.02721687131250457
78,5,32,33,0.06653225806451613,0.5,13,0.023505458903136656,0.023028594169885112
78,5,32,33,0.06653225806451613,0.5,15,0.020370853423436794,0.019957535368589567
78,5,32,33,0.06653225806451613,0.5,17,0.017973961470358027,0.017609248318757674
78,5,32,33,0.06653225806451613,0.5,19,0.016081764164983258,0.01575542887798781
78,5,32,33,0.06653225806451613,1.0,1,1.0157491692757208,1.000069959243882
78,5,32,33,0.06653225806451613,1.0,3,0.32505918145060597,0.3196601456891336
78,5,32,33,0.06653225806451613,1.0,5,0.19431993060370803,0.19120280958365826
78,5,32,33,0.06653225806451613,1.0,7,0.1386586752602817,0.136454567666487
78,5,32,33,0.06653225806451613,1.0,9,0.10780037897505576,0.10609303555983446
78,5,32,33,0.06653225806451613,1.0,11,0.08818155940433593,0.08678748470645292
78,5,32,33,0.06653225806451613,1.0,13,0.07460603866962805,0.0734278095211646
78,5,32,33,0.06653225806451613,1.0,15,0.06465360347596448,0.06363321427946025
78,5,32,33,0.06653225806451613,1.0,17,0.05704437013233667,0.05614446333334835
78,5,32,33,0.06653225806451613,1.0,19,0.0510378631619762,0.05023295671967537
79,5,32,33,0.06653225806451613,0.1,1,0.014969165927297554,0.014209963667105035
79,5,32,33,0.06653225806451613,0.1,3,0.004985299446181253,0.0047297261317647615
79,5,32,33,0.06653225806451613,0.1,5,0.0029908386913822804,0.0028373293294998913
79,5,32,33,0.06653225806451613,0.1,7,0.002136222650853712,0.0020265325503943674
79,5,32,33,0.06653225806451613,0.1,9,0.0016614700662922464,0.0015761400606349241
79,5,32,33,0.06653225806451613,0.1,11,0.0013593664630328897,0.0012895435651937713
79,5,32,33,0.06653225806451613,0.1,13,0.0011502228587295066,0.0010911378280958602
79,5,32,33,0.06653225806451613,0.1,15,0.0009968534083200002,0.0009456438736360101
79,5,32,33,0.06653225806451613,0.1,17,0.0008795722897462348,0.0008343857685614918
79,5,32,33,0.06653225806451613,0.1,19,0.0007869827729822209,0.0007465516009097524
79,5,32,33,0.06653225806451613,0.5,1,0.345792023057366,0.3291383537063233
79,5,32,33,0.06653225806451613,0.5,3,0.1138221109874253,0.10696898147576901
79,5,32,33,0.06653225806451613,0.5,5,0.06821987187296831,0.0640276509058229
79,5,32,33,0.06653225806451613,0.5,7,0.04871262388646702,0.04569957357815319
79,5,32,33,0.06653225806451613,0.5,9,0.03788205327156346,0.03553176007211573
79,5,32,33,0.06653225806451613,0.5,11,0.03099191582113413,0.02906578107000599
79,5,32,33,0.06653225806451613,0.5,13,0.026222620704445598,0.02459110535293092
79,5,32,33,0.06653225806451613,0.5,15,0.022725507930220823,0.02131050808434431
79,5,32,33,0.06653225806451613,0.5,17,0.020051437877874535,0.018802253949814676
79,5,32,33,0.06653225806451613,0.5,19,0.01794043921141358,0.01682230428979738
79,5,32,33,0.06653225806451613,1.0,1,1.0795524817699673,1.0373853834600977
79,5,32,33,0.06653225806451613,1.0,3,0.35619863439899035,0.3240789463460508
79,5,32,33,0.06653225806451613,1.0,5,0.21342496730278068,0.19345081625211136
79,5,32,33,0.06653225806451613,1.0,7,0.15237026614349536,0.13798150357300304
79,5,32,33,0.06653225806451613,1.0,9,0.11848068550608644,0.10725415941951542
79,5,32,33,0.06653225806451613,1.0,11,0.09692448220586831,0.08772580512443115
79,5,32,33,0.06653225806451613,1.0,13,0.08200511634203544,0.07421569600643
79,5,32,33,0.06653225806451613,1.0,15,0.07106628234252345,0.06431252341703672
79,5,32,33,0.06653225806451613,1.0,17,0.06270239823778126,0.056741640483671946
79,5,32,33,0.06653225806451613,1.0,19,0.05609998325331061,0.050765799063118504
80,5,32,33,0.06653225806451613,0.1,1,0.014239536675383772,0.01368200862792111
80,5,32,33,0.06653225806451613,0.1,3,0.004739136948358241,0.004551360031855064
80,5,32,33,0.06653225806451613,0.1,5,0.002842875320930193,0.0027298016733149086
80,5,32,33,0.06653225806451613,0.1,7,0.002030459987725991,0.0019495553963343396
80,5,32,33,0.06653225806451613,0.1,9,0.0015791794126702292,0.0015161914953708078
80,5,32,33,0.06653225806451613,0.1,11,0.00129202213882722,0.0012404534243838567
80,5,32,33,0.06653225806451613,0.1,13,0.0010932302239471934,0.0010495754322189538
80,5,32,33,0.06653225806451613,0.1,15,0.0009474541624278173,0.0009096073334907464
80,5,32,33,0.06653225806451613,0.1,17,0.0008359809598379148,0.0008025780756787992
80,5,32,33,0.06653225806451613,0.1,19,0.00074797736910359,0.0007180844482414786
80,5,32,33,0.06653225806451613,0.5,1,0.33081788391457406,0.3200801166454824
80,5,32,33,0.06653225806451613,0.5,3,0.10777899737871392,0.10501927398644843
80,5,32,33,0.06653225806451613,0.5,5,0.06450142579217404,0.06286452560864655
80,5,32,33,0.06653225806451613,0.5,7,0.04603085585365855,0.04486200766802848
80,5,32,33,0.06653225806451613,0.5,9,0.03578568388222626,0.034875628461366236
80,5,32,33,0.06653225806451613,0.5,11,0.029271393445177634,0.02852596606152786
80,5,32,33,0.06653225806451613,0.5,13,0.024763755082355985,0.02413238614738591
80,5,32,33,0.06653225806451613,0.5,15,0.021459259498131936,0.020911617218860673
80,5,32,33,0.06653225806451613,0.5,17,0.01893289603322099,0.01844934424324602
80,5,32,33,0.06653225806451613,0.5,19,0.01693875530748231,0.01650584822034304
80,5,32,33,0.06653225806451613,1.0,1,1.0505161360849693,1.0218904428720108
80,5,32,33,0.06653225806451613,1.0,3,0.3322708934686255,0.32928861989899627
80,5,32,33,0.06653225806451613,1.0,5,0.19786716482951275,0.19660142197464234
80,5,32,33,0.06653225806451613,1.0,7,0.14090515549177193,0.1401636502496077
80,5,32,33,0.06653225806451613,1.0,9,0.10941364068588595,0.1089079650999474
80,5,32,33,0.06653225806451613,1.0,11,0.08942876104377397,0.08905226214171205
80,5,32,33,0.06653225806451613,1.0,13,0.07561762082948685,0.07532094506085533
80,5,32,33,0.06653225806451613,1.0,15,0.0655020028047105,0.06525883915365051
80,5,32,33,0.06653225806451613,1.0,17,0.05777360717186703,0.05756848428006238
80,5,32,33,0.06653225806451613,1.0,19,0.05167653272303917,0.05149967377115798
81,5,32,33,0.06653225806451613,0.1,1,0.012309361348198076,0.013888975664045247
81,5,32,33,0.06653225806451613,0.1,3,0.004091368591133747,0.004621402669558818
81,5,32,33,0.06653225806451613,0.1,5,0.0024536028098106257,0.0027721232228223513
81,5,32,33,0.06653225806451613,0.1,7,0.0017522144363415345,0.001979888059317296
81,5,32,33,0.06653225806451613,0.1,9,0.0013626811448779832,0.0015398305630566266
81,5,32,33,0.06653225806451613,0.1,11,0.0011148424948207538,0.001259819708698008
81,5,32,33,0.06653225806451613,0.1,13,0.0009432826444555895,0.0010659773601164695
81,5,32,33,0.06653225806451613,0.1,15,0.000817482780007805,0.0009238320486973276
81,5,32,33,0.06653225806451613,0.1,17,0.0007212889474117254,0.0008151359138833993
81,5,32,33,0.06653225806451613,0.1,19,0.0006453501411633666,0.0007293251205568891
81,5,32,33,0.06653225806451613,0.5,1,0.29116551682448355,0.32490163916591125
81,5,32,33,0.06653225806451613,0.5,3,0.09447724607397746,0.10563109393768987
81,5,32,33,0.06653225806451613,0.5,5,0.056487098573317296,0.06320688058772243
81,5,32,33,0.06653225806451613,0.5,7,0.040293809109441185,0.04510641197774689
81,5,32,33,0.06653225806451613,0.5,9,0.03131761485795121,0.035067177493274926
81,5,32,33,0.06653225806451613,0.5,11,0.02561245702535241,0.028683909561403043
81,5,32,33,0.06653225806451613,0.5,13,0.021665768641338602,0.024266925214249353
81,5,32,33,0.06653225806451613,0.5,15,0.01877306119996194,0.021028867080616614
81,5,32,33,0.06653225806451613,0.5,17,0.016561844887874662,0.018553278883564752
81,5,32,33,0.06653225806451613,0.5,19,0.014816661456945233,0.016599202976592068
81,5,32,33,0.06653225806451613,1.0,1,0.9511765423352878,1.038203771720452
81,5,32,33,0.06653225806451613,1.0,3,0.2951402258122833,0.3197003899355909
81,5,32,33,0.06653225806451613,1.0,5,0.1756212381627336,0.19012658148268932
81,5,32,33,0.06653225806451613,1.0,7,0.12503461255164405,0.1353886209575819
81,5,32,33,0.06653225806451613,1.0,9,0.09707986919110494,0.10514388132419894
81,5,32,33,0.06653225806451613,1.0,11,0.07934315678057555,0.08595104008494438
81,5,32,33,0.06653225806451613,1.0,13,0.06708714248597979,0.07268604291471373
81,5,32,33,0.06653225806451613,1.0,15,0.05811122208030756,0.06296922907571784
81,5,32,33,0.06653225806451613,1.0,17,0.05125392246708572,0.05554459582251467
81,5,32,33,0.06653225806451613,1.0,19,0.04584427752483652,0.04968648597601708
82,5,32,33,0.06653225806451613,0.1,1,0.014112797423959999,0.013863517921163446
82,5,32,33,0.06653225806451613,0.1,3,0.0046986518908528705,0.0046147528584295
82,5,32,33,0.06653225806451613,0.1,5,0.0028188339026298474,0.0027683590201037483
82,5,32,33,0.06653225806451613,0.1,7,0.0020133664731270904,0.0019772683890373084
82,5,32,33,0.06653225806451613,0.1,9,0.001565919052375008,0.0015378228484918526
82,5,32,33,0.06653225806451613,0.1,11,0.001281190912736987,0.001258192541065816
82,5,32,33,0.06653225806451613,0.1,13,0.0010840760343405849,0.0010646096054893204
82,5,32,33,0.06653225806451613,0.1,15,0.0009395273531965434,0.0009226524294505771
82,5,32,33,0.06653225806451613,0.1,17,0.0008289913319094389,0.0008140989640392491
82,5,32,33,0.06653225806451613,0.1,19,0.0007417267586199589,0.0007284000708427631
82,5,32,33,0.06653225806451613,0.5,1,0.32720820151049984,0.32157253818263665
82,5,32,33,0.06653225806451613,0.5,3,0.10664872875896761,0.10505504735993579
82,5,32,33,0.06653225806451613,0.5,5,0.06386383773052456,0.06293877221188716
82,5,32,33,0.06653225806451613,0.5,7,0.045589796671121195,0.04493721499966546
82,5,32,33,0.06653225806451613,0.5,9,0.035449199324822316,0.034944836562124465
82,5,32,33,0.06653225806451613,0.5,11,0.02899960665280482,0.028588502060206453
82,5,32,33,0.06653225806451613,0.5,13,0.024535880957829808,0.02418888982534445
82,5,32,33,0.06653225806451613,0.5,15,0.021263119500730062,0.02096292377125208
82,5,32,33,0.06653225806451613,0.5,17,0.018760751074202955,0.018496219301977434
82,5,32,33,0.06653225806451613,0.5,19,0.016785384987287735,0.01654893765805701
82,5,32,33,0.06653225806451613,1.0,1,1.040213915748326,1.0169447450762181
82,5,32,33,0.06653225806451613,1.0,3,0.3310622748639687,0.3303264052555255
82,5,32,33,0.06653225806451613,1.0,5,0.1977538291330729,0.19739149699157374
82,5,32,33,0.06653225806451613,1.0,7,0.14104324344102742,0.14078155202746817
82,5,32,33,0.06653225806451613,1.0,9,0.10962209305594774,0.1094127940810674
82,5,32,33,0.06653225806451613,1.0,11,0.08965384663302618,0.08947835357535974
82,5,32,33,0.06653225806451613,1.0,13,0.07584075372393247,0.07568931669929482
82,5,32,33,0.06653225806451613,1.0,15,0.06571647710024342,0.06558316456623854
82,5,32,33,0.06653225806451613,1.0,17,0.05797724329563178,0.057858123518203505
82,5,32,33,0.06653225806451613,1.0,19,0.051868989130249135,0.051761303412401406
83,5,32,33,0.06653225806451613,0.1,1,0.01419094414033561,0.013105270866125014
83,5,32,33,0.06653225806451613,0.1,3,0.004722864651611076,0.004357380221859728
83,5,32,33,0.06653225806451613,0.1,5,0.002833099638220313,0.0026134762320931923
83,5,32,33,0.06653225806451613,0.1,7,0.0020234732943357945,0.001866504638212826
83,5,32,33,0.06653225806451613,0.1,9,0.0015737434996985177,0.0014516172253752485
83,5,32,33,0.06653225806451613,0.1,11,0.001287573607592528,0.0011876319533290585
83,5,32,33,0.06653225806451613,0.1,13,0.0010894655086077713,0.0010048878513139064
83,5,32,33,0.06653225806451613,0.1,15,0.0009441910411731493,0.000870883080294399
83,5,32,33,0.06653225806451613,0.1,17,0.0008331014851692452,0.0007684130856970596
83,5,32,33,0.06653225806451613,0.1,19,0.0007454008194526014,0.0006875182813160516
83,5,32,33,0.06653225806451613,0.5,1,0.32954321510815454,0.30595528265053673
83,5,32,33,0.06653225806451613,0.5,3,0.10735351095920306,0.09845642022111194
83,5,32,33,0.06653225806451613,0.5,5,0.06424837264854154,0.05885053260236112
83,5,32,33,0.06653225806451613,0.5,7,0.045850780424087904,0.04198146419088115
83,5,32,33,0.06653225806451613,0.5,9,0.03564590732310831,0.03263141619497667
83,5,32,33,0.06653225806451613,0.5,11,0.02915717325235662,0.026688429947033795
83,5,32,33,0.06653225806451613,0.5,13,0.02466718866012496,0.022576985644436415
83,5,32,33,0.06653225806451613,0.5,15,0.021375619355751493,0.019563352572807825
83,5,32,33,0.06653225806451613,0.5,17,0.01885912961884544,0.017259583394021283
83,5,32,33,0.06653225806451613,0.5,19,0.016872777283724452,0.015441273164885446
83,5,32,33,0.06653225806451613,1.0,1,1.0439037214343372,0.9773597641311897
83,5,32,33,0.06653225806451613,1.0,3,0.32953139582245394,0.3037868880772378
83,5,32,33,0.06653225806451613,1.0,5,0.1963066809109283,0.18092060957879957
83,5,32,33,0.06653225806451613,1.0,7,0.13981754178284628,0.1289070645263525
83,5,32,33,0.06653225806451613,1.0,9,0.10857956341444554,0.10014048841055953
83,5,32,33,0.06653225806451613,1.0,11,0.08875253846445655,0.08187603639837433
83,5,32,33,0.06653225806451613,1.0,13,0.07504907843467014,0.06924848217300948
83,5,32,33,0.06653225806451613,1.0,15,0.06501158761241708,0.059996492890490985
83,5,32,33,0.06653225806451613,1.0,17,0.05734245623045373,0.0529258614992563
83,5,32,33,0.06653225806451613,1.0,19,0.05129187484909494,0.0473463628420624
84,5,32,33,0.06653225806451613,0.1,1,0.0164895535874443,0.015413176555027618
84,5,32,33,0.06653225806451613,0.1,3,0.005492466938207087,0.005124563408291847
84,5,32,33,0.06653225806451613,0.1,5,0.003295239315074322,0.003073452866998317
84,5,32,33,0.06653225806451613,0.1,7,0.00235368618450735,0.0021949511894665884
84,5,32,33,0.06653225806451613,0.1,9,0.0018306240582955738,0.0017070276406068318
84,5,32,33,0.06653225806451613,0.1,11,0.0014977735865064803,0.0013965787239233372
84,5,32,33,0.06653225806451613,0.1,13,0.0012673415911907825,0.0011816739424284784
84,5,32,33,0.06653225806451613,0.1,15,0.001098359536212474,0.0010240880768645595
84,5,32,33,0.06653225806451613,0.1,17,0.0009691387177010503,0.0009035874424967633
84,5,32,33,0.06653225806451613,0.1,19,0.0008671227193095296,0.0008084591322444054
84,5,32,33,0.06653225806451613,0.5,1,0.37365437412003055,0.35807605641499907
84,5,32,33,0.06653225806451613,0.5,3,0.12267165427010068,0.11612504944151185
84,5,32,33,0.06653225806451613,0.5,5,0.07352878551352157,0.06946654798220868
84,5,32,33,0.06653225806451613,0.5,7,0.05250630387876133,0.04956680124089621
84,5,32,33,0.06653225806451613,0.5,9,0.040833710155094814,0.038531706479669414
84,5,32,33,0.06653225806451613,0.5,11,0.03340753140385321,0.03151608595198604
84,5,32,33,0.06653225806451613,0.5,13,0.028267003738936126,0.026661947018030235
84,5,32,33,0.06653225806451613,0.5,15,0.024497576839145357,0.023103636627263505
84,5,32,33,0.06653225806451613,0.5,17,0.021615218268003906,0.02038333755649146
84,5,32,33,0.06653225806451613,0.5,19,0.01933974972010863,0.01823618434108957
84,5,32,33,0.06653225806451613,1.0,1,1.1106345026344946,1.1156653726941796
84,5,32,33,0.06653225806451613,1.0,3,0.3592790503218281,0.3473633625668563
84,5,32,33,0.06653225806451613,1.0,5,0.2151710065209249,0.20746648502284348
84,5,32,33,0.06653225806451613,1.0,7,0.1535940405638672,0.1479579580251434
84,5,32,33,0.06653225806451613,1.0,9,0.11942295634186606,0.11499239918307916
84,5,32,33,0.06653225806451613,1.0,11,0.09769050976911507,0.09404467603526494
84,5,32,33,0.06653225806451613,1.0,13,0.0826504084761327,0.07955475405239767
84,5,32,33,0.06653225806451613,1.0,15,0.07162369496800604,0.06893468027746996
84,5,32,33,0.06653225806451613,1.0,17,0.06319298554120399,0.06081656175131428
84,5,32,33,0.06653225806451613,1.0,19,0.05653804494217297,0.05440931472333384
85,5,32,33,0.06653225806451613,0.1,1,0.012708144407768239,0.012759308017193093
85,5,32,33,0.06653225806451613,0.1,3,0.0042300252294019845,0.004248148362376632
85,5,32,33,0.06653225806451613,0.1,5,0.002537623196594967,0.002548601259935767
85,5,32,33,0.06653225806451613,0.1,7,0.0018124921212570473,0.0018203636334120157
85,5,32,33,0.06653225806451613,0.1,9,0.0014096795275818001,0.0014158144139164604
85,5,32,33,0.06653225806451613,0.1,11,0.0011533565993705078,0.0011583824949214319
85,5,32,33,0.06653225806451613,0.1,13,0.000975907406517215,0.0009801638164670145
85,5,32,33,0.06653225806451613,0.1,15,0.0008457805009499683,0.0008494717391522341
85,5,32,33,0.06653225806451613,0.1,17,0.0007462730489604909,0.000749531598861044
85,5,32,33,0.06653225806451613,0.1,19,0.00066771533294035,0.0006706319844597627
85,5,32,33,0.06653225806451613,0.5,1,0.2973951922836069,0.2989518295560272
85,5,32,33,0.06653225806451613,0.5,3,0.0963661553416913,0.09706415810724521
85,5,32,33,0.06653225806451613,0.5,5,0.05767144988431054,0.058098551699700664
85,5,32,33,0.06653225806451613,0.5,7,0.04116153792427125,0.041469458965104386
85,5,32,33,0.06653225806451613,0.5,9,0.03200318857290226,0.03224406074664665
85,5,32,33,0.06653225806451613,0.5,11,0.026179329031409432,0.026377178059163304
85,5,32,33,0.06653225806451613,0.5,13,0.022149065638416107,0.022316950972158817
85,5,32,33,0.06653225806451613,0.5,15,0.019194298209454234,0.019340110947045585
85,5,32,33,0.06653225806451613,0.5,17,0.016935164941784406,0.01706403918929359
85,5,32,33,0.06653225806451613,0.5,19,0.015151862417118701,0.015267326446971473
85,5,32,33,0.06653225806451613,1.0,1,0.9694395194480006,0.981758550141606
85,5,32,33,0.06653225806451613,1.0,3,0.30630558492129645,0.3083598795810096
85,5,32,33,0.06653225806451613,1.0,5,0.1831266443573895,0.18417096512509212
85,5,32,33,0.06653225806451613,1.0,7,0.13067230888267037,0.13137254949014485
85,5,32,33,0.06653225806451613,1.0,9,0.10159081023749005,0.10211787595117668
85,5,32,33,0.06653225806451613,1.0,11,0.08310155123920487,0.083524285401484
85,5,32,33,0.06653225806451613,1.0,13,0.07030769603378732,0.07066065912277561
85,5,32,33,0.06653225806451613,1.0,15,0.06092836667110589,0.061231368230685035
85,5,32,33,0.06653225806451613,1.0,17,0.05375734907074975,0.05402280173135453
85,5,32,33,0.06653225806451613,1.0,19,0.04809678750056877,0.0483329844954426
86,5,32,33,0.06653225806451613,0.1,1,0.015232209015501213,0.014328382779452321
86,5,32,33,0.06653225806451613,0.1,3,0.005073734700833205,0.004768706660421912
86,5,32,33,0.06653225806451613,0.1,5,0.0030438409593218367,0.002860479524091004
86,5,32,33,0.06653225806451613,0.1,7,0.0021740525464235805,0.0020429823640675617
86,5,32,33,0.06653225806451613,0.1,9,0.0016908786614480383,0.0015888945266497433
86,5,32,33,0.06653225806451613,0.1,11,0.0013834197455978047,0.0012999574886872498
86,5,32,33,0.06653225806451613,0.1,13,0.0011705705210269673,0.0010999366742569137
86,5,32,33,0.06653225806451613,0.1,15,0.0010144846826560582,0.0009532611785459792
86,5,32,33,0.06653225806451613,0.1,17,0.0008951269670512918,0.0008411012070378375
86,5,32,33,0.06653225806451613,0.1,19,0.0008008984385662741,0.0007525560768457944
86,5,32,33,0.06653225806451613,0.5,1,0.3558396433137311,0.3375019721989551
86,5,32,33,0.06653225806451613,0.5,3,0.1180417063853787,0.11081833564327362
86,5,32,33,0.06653225806451613,0.5,5,0.07077326106781631,0.06636229074874554
86,5,32,33,0.06653225806451613,0.5,7,0.05053722485171603,0.047367264506329256
86,5,32,33,0.06653225806451613,0.5,9,0.03930033269174545,0.036827350513873806
86,5,32,33,0.06653225806451613,0.5,11,0.03215152310783184,0.030124555721766536
86,5,32,33,0.06653225806451613,0.5,13,0.02720321848691801,0.025486074674529898
86,5,32,33,0.06653225806451613,0.5,15,0.023574910590572398,0.022085483030767652
86,5,32,33,0.06653225806451613,0.5,17,0.02080057676576615,0.01948556501735709
86,5,32,33,0.06653225806451613,0.5,19,0.018610468300727732,0.01743331870958447
86,5,32,33,0.06653225806451613,1.0,1,1.1429855238659241,1.1046318924647947
86,5,32,33,0.06653225806451613,1.0,3,0.38212153442055435,0.3581079672721419
86,5,32,33,0.06653225806451613,1.0,5,0.22914542489743572,0.2140253923480046
86,5,32,33,0.06653225806451613,1.0,7,0.16361802580252074,0.1526539031881684
86,5,32,33,0.06653225806451613,1.0,9,0.12722936209265875,0.11864133164428142
86,5,32,33,0.06653225806451613,1.0,11,0.10408018050431965,0.09702532281904758
86,5,32,33,0.06653225806451613,1.0,13,0.08805757114617908,0.08207270747125671
86,5,32,33,0.06653225806451613,1.0,15,0.07630977055447148,0.07111365899551456
86,5,32,33,0.06653225806451613,1.0,17,0.06732743445067886,0.06273667214716427
86,5,32,33,0.06653225806451613,1.0,19,0.0602369306817384,0.056125345129096234
87,5,32,33,0.06653225806451613,0.1,1,0.012718865050147242,0.013089709257181404
87,5,32,33,0.06653225806451613,0.1,3,0.004234499950300861,0.004359310633484787
87,5,32,33,0.06653225806451613,0.1,5,0.0025403110760425685,0.002615325975162013
87,5,32,33,0.06653225806451613,0.1,7,0.001814405236578427,0.0018680253653848775
87,5,32,33,0.06653225806451613,0.1,9,0.001411163006302123,0.0014528837285986355
87,5,32,33,0.06653225806451613,0.1,11,0.0011545675359700242,0.0011887110126796803
87,5,32,33,0.06653225806451613,0.1,13,0.0009769302104348898,0.0010058256980266952
87,5,32,33,0.06653225806451613,0.1,15,0.0008466656821818567,0.0008717115080807683
87,5,32,33,0.06653225806451613,0.1,17,0.0007470532068916542,0.0007691545290594333
87,5,32,33,0.06653225806451613,0.1,19,0.0006684127214728891,0.0006881890425601179
87,5,32,33,0.06653225806451613,0.5,1,0.2983597687981934,0.308202696464967
87,5,32,33,0.06653225806451613,0.5,3,0.09763233241234448,0.10106085238881081
87,5,32,33,0.06653225806451613,0.5,5,0.05848419719935441,0.06055632159886495
87,5,32,33,0.06653225806451613,0.5,7,0.04175357939607632,0.04323809718161345
87,5,32,33,0.06653225806451613,0.5,9,0.0324676546406169,0.033624148923653153
87,5,32,33,0.06653225806451613,0.5,11,0.02656111921829948,0.027508299454655813
87,5,32,33,0.06653225806451613,0.5,13,0.022473038355613425,0.02327505294469887
87,5,32,33,0.06653225806451613,0.5,15,0.019475604936554827,0.02017103343697561
87,5,32,33,0.06653225806451613,0.5,17,0.017183707245506837,0.01779755458194149
87,5,32,33,0.06653225806451613,0.5,19,0.01537446075050885,0.01592385689772362
87,5,32,33,0.06653225806451613,1.0,1,0.9747488563944338,1.0166701783056398
87,5,32,33,0.06653225806451613,1.0,3,0.31421933411927716,0.32383769914947286
87,5,32,33,0.06653225806451613,1.0,5,0.18801264007365978,0.1933619135688522
87,5,32,33,0.06653225806451613,1.0,7,0.1341895439851762,0.13791336237199273
87,5,32,33,0.06653225806451613,1.0,9,0.10433519820351712,0.10719780234050877
87,5,32,33,0.06653225806451613,1.0,11,0.08535060065460656,0.0876779201714222
87,5,32,33,0.06653225806451613,1.0,13,0.07221251442156404,0.07417420869068869
87,5,32,33,0.06653225806451613,1.0,15,0.06258017721008308,0.06427600583252924
87,5,32,33,0.06653225806451613,1.0,17,0.05521540063640793,0.056709074854187094
87,5,32,33,0.06653225806451613,1.0,19,0.04940171906547029,0.050736440374341274
88,5,32,33,0.06653225806451613,0.1,1,0.013188932802329963,0.012755591138230098
88,5,32,33,0.06653225806451613,0.1,3,0.004393126458821989,0.0042429013546507015
88,5,32,33,0.06653225806451613,0.1,5,0.0026356845171649134,0.002544967577518288
88,5,32,33,0.06653225806451613,0.1,7,0.0018825873106222578,0.0018176193127068274
88,5,32,33,0.06653225806451613,0.1,9,0.0014642182041106151,0.0014136155952062428
88,5,32,33,0.06653225806451613,0.1,11,0.0011979890582678062,0.0011565499485415812
88,5,32,33,0.06653225806451613,0.1,13,0.001013678901070419,0.0009785935649652589
88,5,32,33,0.06653225806451613,0.1,15,0.0008785192291802818,0.000848098373671847
88,5,32,33,0.06653225806451613,0.1,17,0.0007751624252494067,0.0007483113837359241
88,5,32,33,0.06653225806451613,0.1,19,0.00069356529174599,0.0006695342635532766
88,5,32,33,0.06653225806451613,0.5,1,0.3080269520946692,0.29907759426834457
88,5,32,33,0.06653225806451613,0.5,3,0.10121239906920254,0.09691735048376464
88,5,32,33,0.06653225806451613,0.5,5,0.06064037382022725,0.057984953100620386
88,5,32,33,0.06653225806451613,0.5,7,0.043294686498854935,0.04137887863003277
88,5,32,33,0.06653225806451613,0.5,9,0.03366645887918452,0.032169096235723976
88,5,32,33,0.06653225806451613,0.5,11,0.02754197324599417,0.02631334759830001
88,5,32,33,0.06653225806451613,0.5,13,0.02330297391657039,0.022261419521007922
88,5,32,33,0.06653225806451613,0.5,15,0.020194859761537138,0.01929098969459294
88,5,32,33,0.06653225806451613,0.5,17,0.01781832303508875,0.01702001226182073
88,5,32,33,0.06653225806451613,0.5,19,0.015942257212731226,0.015227442595108708
88,5,32,33,0.06653225806451613,1.0,1,1.0002714688212775,0.9648961957143644
88,5,32,33,0.06653225806451613,1.0,3,0.3237625744039089,0.30162397306013183
88,5,32,33,0.06653225806451613,1.0,5,0.19332707260049042,0.17995704834752516
88,5,32,33,0.06653225806451613,1.0,7,0.13783278403017077,0.12830579892200356
88,5,32,33,0.06653225806451613,1.0,9,0.10709806935727473,0.09970868760372192
88,5,32,33,0.06653225806451613,1.0,11,0.08757297355350468,0.08154110734008653
88,5,32,33,0.06653225806451613,1.0,13,0.07407015692185016,0.06897577383360538
88,5,32,33,0.06653225806451613,1.0,15,0.06417542363714508,0.05976692927766908
88,5,32,33,0.06653225806451613,1.0,17,0.056612947388142675,0.052727882090124266
88,5,32,33,0.06653225806451613,1.0,19,0.05064502339136319,0.04717245838102441
89,5,32,33,0.06653225806451613,0.1,1,0.01305337083772571,0.01322526233224969
89,5,32,33,0.06653225806451613,0.1,3,0.004345996857775091,0.004404144054361564
89,5,32,33,0.06653225806451613,0.1,5,0.00260735082714965,0.002642281247896664
89,5,32,33,0.06653225806451613,0.1,7,0.0018623447595266498,0.0018873033713486746
89,5,32,33,0.06653225806451613,0.1,9,0.0014484747823032887,0.0014678896986864802
89,5,32,33,0.06653225806451613,0.1,11,0.001185109275321829,0.0012009953101783826
89,5,32,33,0.06653225806451613,0.1,13,0.0010027816295838184,0.001016224196123078
89,5,32,33,0.06653225806451613,0.1,15,0.0008690757038843192,0.0008807262202700593
89,5,32,33,0.06653225806451613,0.1,17,0.0007668304959764522,0.0007771105356337479
89,5,32,33,0.06653225806451613,0.1,19,0.0006861108643501232,0.0006953089026213265
89,5,32,33,0.06653225806451613,0.5,1,0.3049793833936499,0.3086290396477957
89,5,32,33,0.06653225806451613,0.5,3,0.09891639950012796,0.10052835256873367
89,5,32,33,0.06653225806451613,0.5,5,0.05919066133749616,0.060203275738398454
89,5,32,33,0.06653225806451613,0.5,7,0.04224476311603845,0.042979898863473864
89,5,32,33,0.06653225806451613,0.5,9,0.032845564647826,0.03342162123832023
89,5,32,33,0.06653225806451613,0.5,11,0.026868774818153373,0.027341984255450542
89,5,32,33,0.06653225806451613,0.5,13,0.02273271308537827,0.023134075269912385
89,5,32,33,0.06653225806451613,0.5,15,0.01970036538431611,0.020048743430526143
89,5,32,33,0.06653225806451613,0.5,17,0.01738189255321132,0.017689602742777415
89,5,32,33,0.06653225806451613,0.5,19,0.01555172642708098,0.015827247559605163
89,5,32,33,0.06653225806451613,1.0,1,0.9894204199309916,0.9990689867049307
89,5,32,33,0.06653225806451613,1.0,3,0.3086285095457265,0.3122091741283654
89,5,32,33,0.06653225806451613,1.0,5,0.18392367017138467,0.18579316783470448
89,5,32,33,0.06653225806451613,1.0,7,0.13111642764097156,0.13234745639021028
89,5,32,33,0.06653225806451613,1.0,9,0.10189565903497062,0.10280848187671403
89,5,32,33,0.06653225806451613,1.0,11,0.08333421281763899,0.08405940343121653
89,5,32,33,0.06653225806451613,1.0,13,0.07049647920198486,0.07109850181309203
89,5,32,33,0.06653225806451613,1.0,15,0.06108763508251126,0.06160267902409675
89,5,32,33,0.06653225806451613,1.0,17,0.053895353427120055,0.05434567825778408
89,5,32,33,0.06653225806451613,1.0,19,0.04821870327206522,0.04861895905625268
90,5,32,33,0.06653225806451613,0.1,1,0.01461536049914111,0.014621199245317866
90,5,32,33,0.06653225806451613,0.1,3,0.004861810090037569,0.0048693450829741265
90,5,32,33,0.06653225806451613,0.1,5,0.0029161827359107237,0.0029213888251204564
90,5,32,33,0.06653225806451613,0.1,7,0.0020827326461258337,0.0020866617826576736
90,5,32,33,0.06653225806451613,0.1,9,0.001619797318532264,0.0016229444108573703
90,5,32,33,0.06653225806451613,0.1,11,0.0013252349260423491,0.0013278572904288101
90,5,32,33,0.06653225806451613,0.1,13,0.001121321630593403,0.0011235683772951254
90,5,32,33,0.06653225806451613,0.1,15,0.0009717926083317183,0.0009737574783034338
90,5,32,33,0.06653225806451613,0.1,17,0.0008574510439388781,0.0008591966917295105
90,5,32,33,0.06653225806451613,0.1,19,0.0007671839043259141,0.0007687542347869597
90,5,32,33,0.06653225806451613,0.5,1,0.34048747983911803,0.33653881925685625
90,5,32,33,0.06653225806451613,0.5,3,0.11056856657667452,0.10972760383575428
90,5,32,33,0.06653225806451613,0.5,5,0.06614361538598403,0.06571559459511159
90,5,32,33,0.06653225806451613,0.5,7,0.04719510159367619,0.046914815181202024
90,5,32,33,0.06653225806451613,0.5,9,0.03668758700179415,0.03648100188363026
90,5,32,33,0.06653225806451613,0.5,11,0.030007473032947433,0.029844522160310385
90,5,32,33,0.06653225806451613,0.5,13,0.02538552933771691,0.025251255805101232
90,5,32,33,0.06653225806451613,0.5,15,0.021997462402687958,0.021883407757296896
90,5,32,33,0.06653225806451613,0.5,17,0.019407333596815908,0.01930827111048784
90,5,32,33,0.06653225806451613,0.5,19,0.01736293792981602,0.01727542114355102
90,5,32,33,0.06653225806451613,1.0,1,1.0799960945212108,1.0428285166091902
90,5,32,33,0.06653225806451613,1.0,3,0.3375258705909889,0.3318608911386486
90,5,32,33,0.06653225806451613,1.0,5,0.20091516132074783,0.19856805158871105
90,5,32,33,0.06653225806451613,1.0,7,0.14306767382955982,0.14165122317801135
90,5,32,33,0.06653225806451613,1.0,9,0.11109256170958014,0.11009048876361141
90,5,32,33,0.06653225806451613,1.0,11,0.09080180661876848,0.09002990760181467
90,5,32,33,0.06653225806451613,1.0,13,0.07677943118771197,0.07615289612173783
90,5,32,33,0.06653225806451613,1.0,15,0.06650906841071794,0.0659823105326299
90,5,32,33,0.06653225806451613,1.0,17,0.05866238520951852,0.05820821740349408
90,5,32,33,0.06653225806451613,1.0,19,0.05247193366168335,0.05207288832229255
91,5,32,33,0.06653225806451613,0.1,1,0.016798213615735934,0.016736280217788987
91,5,32,33,0.06653225806451613,0.1,3,0.005589311396975864,0.005570121800926576
91,5,32,33,0.06653225806451613,0.1,5,0.003352603372753593,0.0033414077107787863
91,5,32,33,0.06653225806451613,0.1,7,0.002394431476463189,0.0023865431539323743
91,5,32,33,0.06653225806451613,0.1,9,0.0018622155090034249,0.0018561293582377747
91,5,32,33,0.06653225806451613,0.1,11,0.0015235693039570627,0.0015186160517194805
91,5,32,33,0.06653225806451613,0.1,13,0.0012891383278586205,0.0012849628082934126
91,5,32,33,0.06653225806451613,0.1,15,0.0011172306942406132,0.001113622008026126
91,5,32,33,0.06653225806451613,0.1,17,0.0009857766747813845,0.0009825994151509484
91,5,32,33,0.06653225806451613,0.1,19,0.000882000078195468,0.0008791621575244424
91,5,32,33,0.06653225806451613,0.5,1,0.3844400867151918,0.38286939222216365
91,5,32,33,0.06653225806451613,0.5,3,0.12582018833728661,0.1243695720916758
91,5,32,33,0.06653225806451613,0.5,5,0.07537528874941038,0.07443642542949414
91,5,32,33,0.06653225806451613,0.5,7,0.05381166684686361,0.05312714957198852
91,5,32,33,0.06653225806451613,0.5,9,0.04184294087460148,0.04130611257995128
91,5,32,33,0.06653225806451613,0.5,11,0.03423004472956197,0.03378901922955384
91,5,32,33,0.06653225806451613,0.5,13,0.028961059803636835,0.02858702682345083
91,5,32,33,0.06653225806451613,0.5,15,0.025097859505291534,0.024773243292227236
91,5,32,33,0.06653225806451613,0.5,17,0.022144040192784223,0.02185735378645598
91,5,32,33,0.06653225806451613,0.5,19,0.019812309073843487,0.019555641794285115
91,5,32,33,0.06653225806451613,1.0,1,1.1600767308378783,1.1618240458614966
91,5,32,33,0.06653225806451613,1.0,3,0.3838836907204429,0.3575610419198522
91,5,32,33,0.06653225806451613,1.0,5,0.22996725343610072,0.2127542375889026
91,5,32,33,0.06653225806451613,1.0,7,0.16406801670151455,0.15158150952479268
91,5,32,33,0.06653225806451613,1.0,9,0.12750928025797598,0.11776268652400898
91,5,32,33,0.06653225806451613,1.0,11,0.10426979158434602,0.09629148987829805
91,5,32,33,0.06653225806451613,1.0,13,0.08819388828025324,0.08144624795951186
91,5,32,33,0.06653225806451613,1.0,15,0.07641214368688473,0.07056868474658783
91,5,32,33,0.06653225806451613,1.0,17,0.06740691507824086,0.06225517842785102
91,5,32,33,0.06653225806451613,1.0,19,0.060300271951041866,0.055694496554041226
92,5,32,33,0.06653225806451613,0.1,1,0.012782708244975148,0.01270418876382185
92,5,32,33,0.06653225806451613,0.1,3,0.004256248533132092,0.004230394679457818
92,5,32,33,0.06653225806451613,0.1,5,0.0025534905629861215,0.0025380017186539803
92,5,32,33,0.06653225806451613,0.1,7,0.0018238645714704262,0.0018128071600556754
92,5,32,33,0.06653225806451613,0.1,9,0.0014185410081453305,0.0014099431814546576
92,5,32,33,0.06653225806451613,0.1,11,0.001160615222856384,0.0011535818068755855
92,5,32,33,0.06653225806451613,0.1,13,0.0009820541412185204,0.000976103446932999
92,5,32,33,0.06653225806451613,0.1,15,0.0008511107125729632,0.0008459538498264769
92,5,32,33,0.06653225806451613,0.1,17,0.0007509782173219107,0.0007464283117670693
92,5,32,33,0.06653225806451613,0.1,19,0.0006719266552835079,0.0006678558726572204
92,5,32,33,0.06653225806451613,0.5,1,0.3001641348470845,0.2970067693346838
92,5,32,33,0.06653225806451613,0.5,3,0.09774057853509968,0.09680958747390028
92,5,32,33,0.06653225806451613,0.5,5,0.058531742406856435,0.057980523642554564
92,5,32,33,0.06653225806451613,0.5,7,0.04178554704401265,0.04139354714852337
92,5,32,33,0.06653225806451613,0.5,9,0.032492340281062466,0.032188088894284275
92,5,32,33,0.06653225806451613,0.5,11,0.02658143335222668,0.026332798674793486
92,5,32,33,0.06653225806451613,0.5,13,0.0224903768111923,0.022280155302599042
92,5,32,33,0.06653225806451613,0.5,15,0.01949076335163234,0.019308668224554383
92,5,32,33,0.06653225806451613,0.5,17,0.017197189743783304,0.01703657993198577
92,5,32,33,0.06653225806451613,0.5,19,0.015386610086872832,0.015242948979085597
92,5,32,33,0.06653225806451613,1.0,1,0.9812631736080237,0.9644011906845181
92,5,32,33,0.06653225806451613,1.0,3,0.3061972419312497,0.30168533638230355
92,5,32,33,0.06653225806451613,1.0,5,0.18271680426989853,0.18011838095485425
92,5,32,33,0.06653225806451613,1.0,7,0.1302904224133224,0.1284729324145162
92,5,32,33,0.06653225806451613,1.0,9,0.10125992725334311,0.09986162168950735
92,5,32,33,0.06653225806451613,1.0,11,0.08281489212999013,0.08167797815622044
92,5,32,33,0.06653225806451613,1.0,13,0.0700565267150194,0.06909830557272753
92,5,32,33,0.06653225806451613,1.0,15,0.06070556248912771,0.059877295619969066
92,5,32,33,0.06653225806451613,1.0,17,0.0535574840072204,0.05282802126612764
92,5,32,33,0.06653225806451613,1.0,19,0.0479157533156985,0.04726396870818553
93,5,32,33,0.06653225806451613,0.1,1,0.013688537030401538,0.013486175458280599
93,5,32,33,0.06653225806451613,0.1,3,0.004558751744153848,0.004485107730601279
93,5,32,33,0.06653225806451613,0.1,5,0.0027350456104063506,0.00269005576923357
93,5,32,33,0.06653225806451613,0.1,7,0.001953561853620505,0.0019211762548789343
93,5,32,33,0.06653225806451613,0.1,9,0.001519422960679514,0.0014941253405538223
93,5,32,33,0.06653225806451613,0.1,11,0.0012431582031784299,0.0012224032516800413
93,5,32,33,0.06653225806451613,0.1,13,0.0010519000482052947,0.0010343047432346466
93,5,32,33,0.06653225806451613,0.1,15,0.0009116449927970865,0.0008963744452076596
93,5,32,33,0.06653225806451613,0.1,17,0.0008043915942888359,0.0007909032003622838
93,5,32,33,0.06653225806451613,0.1,19,0.0007197181166409576,0.0007076393838009052
93,5,32,33,0.06653225806451613,0.5,1,0.3181329826587964,0.316932355612241
93,5,32,33,0.06653225806451613,0.5,3,0.10398937120614869,0.10315262152663264
93,5,32,33,0.06653225806451613,0.5,5,0.06229887359710688,0.06169999467023556
93,5,32,33,0.06653225806451613,0.5,7,0.044480358022374364,0.04402075161110443
93,5,32,33,0.06653225806451613,0.5,9,0.034589741913638464,0.0342180940252201
93,5,32,33,0.06653225806451613,0.5,11,0.028298149527075964,0.02798656813770831
93,5,32,33,0.06653225806451613,0.5,13,0.023943335801949673,0.023675245641462034
93,5,32,33,0.06653225806451613,0.5,15,0.020750203654338276,0.020515013019091907
93,5,32,33,0.06653225806451613,0.5,17,0.018308594120067506,0.01809914217470877
93,5,32,33,0.06653225806451613,0.5,19,0.01638111468056729,0.01619234067297915
93,5,32,33,0.06653225806451613,1.0,1,1.0203172329863333,1.0263499298842398
93,5,32,33,0.06653225806451613,1.0,3,0.3256330430251775,0.32273053725791684
93,5,32,33,0.06653225806451613,1.0,5,0.19436134241812675,0.19218446929148247
93,5,32,33,0.06653225806451613,1.0,7,0.13858559365516823,0.13691550406380273
93,5,32,33,0.06653225806451613,1.0,9,0.10769919098415859,0.10635285793762737
93,5,32,33,0.06653225806451613,1.0,11,0.08807596182594933,0.08695029216265754
93,5,32,33,0.06653225806451613,1.0,13,0.07450349622380235,0.07353703943145484
93,5,32,33,0.06653225806451613,1.0,15,0.06455644431769172,0.0637100325387253
93,5,32,33,0.06653225806451613,1.0,17,0.05695310230707977,0.056200345753595324
93,5,32,33,0.06653225806451613,1.0,19,0.050952321774217324,0.0502746312698733
94,5,32,33,0.06653225806451613,0.1,1,0.013755134060339517,0.013876218127899189
94,5,32,33,0.06653225806451613,0.1,3,0.004580636335081955,0.004620259164929783
94,5,32,33,0.06653225806451613,0.1,5,0.0027481703822275485,0.0027719067818793883
94,5,32,33,0.06653225806451613,0.1,7,0.001962937242068331,0.001979884436058091
94,5,32,33,0.06653225806451613,0.1,9,0.0015267156505761668,0.0015398944365537296
94,5,32,33,0.06653225806451613,0.1,11,0.0012491254721265633,0.0012599071350816043
94,5,32,33,0.06653225806451613,0.1,13,0.0010569496387760806,0.0010660721071990105
94,5,32,33,0.06653225806451613,0.1,15,0.0009160215609569374,0.0009239274407426315
94,5,32,33,0.06653225806451613,0.1,17,0.0008082534579510243,0.0008152290812031866
94,5,32,33,0.06653225806451613,0.1,19,0.0007231736067119578,0.0007294148577892968
94,5,32,33,0.06653225806451613,0.5,1,0.31781046638350335,0.32166870386933094
94,5,32,33,0.06653225806451613,0.5,3,0.10351467106326287,0.10470884033381454
94,5,32,33,0.06653225806451613,0.5,5,0.06199395211907199,0.06270439588405347
94,5,32,33,0.06653225806451613,0.5,7,0.044258813717568596,0.04476500306761395
94,5,32,33,0.06653225806451613,0.5,9,0.03441629634157709,0.034809583899723925
94,5,32,33,0.06653225806451613,0.5,11,0.028155795777171106,0.028477402885438992
94,5,32,33,0.06653225806451613,0.5,13,0.02382267881721998,0.024094722985450918
94,5,32,33,0.06653225806451613,0.5,15,0.02064552992870527,0.02088125522404571
94,5,32,33,0.06653225806451613,0.5,17,0.01821617720171259,0.018424142743273916
94,5,32,33,0.06653225806451613,0.5,19,0.01629839198040896,0.016484449220839185
94,5,32,33,0.06653225806451613,1.0,1,1.001745406827181,1.0153404703331004
94,5,32,33,0.06653225806451613,1.0,3,0.309106626371962,0.31583176314108896
94,5,32,33,0.06653225806451613,1.0,5,0.18416872334286571,0.18857784970471997
94,5,32,33,0.06653225806451613,1.0,7,0.13129279998465937,0.13452299318826633
94,5,32,33,0.06653225806451613,1.0,9,0.10203446334585407,0.10457339689208046
94,5,32,33,0.06653225806451613,1.0,11,0.08344869283120385,0.08553712798052106
94,5,32,33,0.06653225806451613,1.0,13,0.0705938557239998,0.07236643989125621
94,5,32,33,0.06653225806451613,1.0,15,0.06117232613994073,0.062711537804037
94,5,32,33,0.06653225806451613,1.0,17,0.05397026484540487,0.0553301493015155
94,5,32,33,0.06653225806451613,1.0,19,0.04828584828489421,0.04950369067240275
95,5,32,33,0.06653225806451613,0.1,1,0.012709826322178742,0.012746689705652412
95,5,32,33,0.06653225806451613,0.1,3,0.004232442555209845,0.004243470189259573
95,5,32,33,0.06653225806451613,0.1,5,0.002539263656565965,0.002545727449738645
95,5,32,33,0.06653225806451613,0.1,7,0.001813719679031413,0.0018182898297556035
95,5,32,33,0.06653225806451613,0.1,9,0.0014106579251777019,0.0014141922329045133
95,5,32,33,0.06653225806451613,0.1,11,0.0011541692634865835,0.001157050420867058
95,5,32,33,0.06653225806451613,0.1,13,0.0009766021104428107,0.0009790338320094473
95,5,32,33,0.06653225806451613,0.1,15,0.0008463870424531805,0.0008484906056635363
95,5,32,33,0.06653225806451613,0.1,17,0.0007468112323651531,0.0007486646663509326
95,5,32,33,0.06653225806451613,0.1,19,0.0006681989773486514,0.0006698554401442778
95,5,32,33,0.06653225806451613,0.5,1,0.2967992679173271,0.2981127529764193
95,5,32,33,0.06653225806451613,0.5,3,0.09656633337963559,0.09686654148066921
95,5,32,33,0.06653225806451613,0.5,5,0.057826604709068065,0.05798936813031065
95,5,32,33,0.06653225806451613,0.5,7,0.041282453023618944,0.04139344326752866
95,5,32,33,0.06653225806451613,0.5,9,0.03210144726471594,0.03218550951960811
95,5,32,33,0.06653225806451613,0.5,11,0.02626186766365129,0.026329472041235112
95,5,32,33,0.06653225806451613,0.5,13,0.02222014272129151,0.022276660740485926
95,5,32,33,0.06653225806451613,0.5,15,0.01925667497808747,0.019305222388592225
95,5,32,33,0.06653225806451613,0.5,17,0.01699072242809291,0.017033265429951622
95,5,32,33,0.06653225806451613,0.5,19,0.015201935740974205,0.0152397938696178
95,5,32,33,0.06653225806451613,1.0,1,0.9614709742389602,0.9657805550263051
95,5,32,33,0.06653225806451613,1.0,3,0.29701876433024366,0.2952086005466518
95,5,32,33,0.06653225806451613,1.0,5,0.17718159695933086,0.17593837449860342
95,5,32,33,0.06653225806451613,1.0,7,0.12635662966481392,0.12543917783395378
95,5,32,33,0.06653225806451613,1.0,9,0.09821247117097105,0.09748977426561917
95,5,32,33,0.06653225806451613,1.0,11,0.08032855174468619,0.07973358346944492
95,5,32,33,0.06653225806451613,1.0,13,0.06795699825128039,0.0674518271427428
95,5,32,33,0.06653225806451613,1.0,15,0.05888875472575413,0.05845002231413962
95,5,32,33,0.06653225806451613,1.0,17,0.051956312347316735,0.051568670152554244
95,5,32,33,0.06653225806451613,1.0,19,0.04648446830986721,0.04613731075140768
96,5,32,33,0.06653225806451613,0.1,1,0.013084432821631608,0.012863246486487054
96,5,32,33,0.06653225806451613,0.1,3,0.004357572907591855,0.004283400112132418
96,5,32,33,0.06653225806451613,0.1,5,0.0026143565110275206,0.0025698302832051715
96,5,32,33,0.06653225806451613,0.1,7,0.001867360665210622,0.0018355517543547813
96,5,32,33,0.06653225806451613,0.1,9,0.0014523798364999936,0.0014276381417822953
96,5,32,33,0.06653225806451613,0.1,11,0.0011883058915813593,0.001168062093818905
96,5,32,33,0.06653225806451613,0.1,13,0.0010054872238505408,0.0009883575678104788
96,5,32,33,0.06653225806451613,0.1,15,0.0008714209683293724,0.0008565751094067696
96,5,32,33,0.06653225806451613,0.1,17,0.0007689000923311615,0.0007558007124444983
96,5,32,33,0.06653225806451613,0.1,19,0.00068796276240447,0.0006762422065030104
96,5,32,33,0.06653225806451613,0.5,1,0.3066896200331466,0.3028706288488823
96,5,32,33,0.06653225806451613,0.5,3,0.10006793328242382,0.0987991180843417
96,5,32,33,0.06653225806451613,0.5,5,0.059939522117944434,0.05917405574534868
96,5,32,33,0.06653225806451613,0.5,7,0.042794073055576615,0.04224629588771042
96,5,32,33,0.06653225806451613,0.5,9,0.033277923840581855,0.03285152844011898
96,5,32,33,0.06653225806451613,0.5,11,0.027224761072514928,0.026875744525218452
96,5,32,33,0.06653225806451613,0.5,13,0.02303505604035222,0.022739661450424643
96,5,32,33,0.06653225806451613,0.5,15,0.01996301917120624,0.01970697053863676
96,5,32,33,0.06653225806451613,0.5,17,0.01761401824846689,0.017388069270097794
96,5,32,33,0.06653225806451613,0.5,19,0.015759653584544633,0.015557473774043533
96,5,32,33,0.06653225806451613,1.0,1,1.000295731910616,0.9982727381525726
96,5,32,33,0.06653225806451613,1.0,3,0.31160437791808143,0.31452033062954465
96,5,32,33,0.06653225806451613,1.0,5,0.18596281802962694,0.18779526118631593
96,5,32,33,0.06653225806451613,1.0,7,0.13263462095919892,0.1339542243433445
96,5,32,33,0.06653225806451613,1.0,9,0.10309758313123953,0.10412665864289367
96,5,32,33,0.06653225806451613,1.0,11,0.0843266149215679,0.08516956669640328
96,5,32,33,0.06653225806451613,1.0,13,0.07134066022695282,0.07205436516020391
96,5,32,33,0.06653225806451613,1.0,15,0.06182170525768836,0.06244047461449037
96,5,32,33,0.06653225806451613,1.0,17,0.05454451419953452,0.055090614820293995
96,5,32,33,0.06653225806451613,1.0,19,0.04880044604318447,0.04928914028184059
97,5,32,33,0.06653225806451613,0.1,1,0.013344825419092463,0.013313770569145893
97,5,32,33,0.06653225806451613,0.1,3,0.004443560831137841,0.004429256675401686
97,5,32,33,0.06653225806451613,0.1,5,0.0026658431986571036,0.0026567427878212637
97,5,32,33,0.06653225806451613,0.1,7,0.001904103722765404,0.0018974420087255275
97,5,32,33,0.06653225806451613,0.1,9,0.0014809433089499433,0.0014756916616478473
97,5,32,33,0.06653225806451613,0.1,11,0.001211668433847558,0.0012073348521036461
97,5,32,33,0.06653225806451613,0.1,13,0.0010252510771388548,0.0010215625900923129
97,5,32,33,0.06653225806451613,0.1,15,0.0008885468045159042,0.0008853363521968693
97,5,32,33,0.06653225806451613,0.1,17,0.0007840092065407057,0.0007811671530828875
97,5,32,33,0.06653225806451613,0.1,19,0.0007014800868834995,0.0006989306187308035
97,5,32,33,0.06653225806451613,0.5,1,0.31125390173018774,0.3136998002116585
97,5,32,33,0.06653225806451613,0.5,3,0.10162400254324042,0.10234622855902428
97,5,32,33,0.06653225806451613,0.5,5,0.060869585056241085,0.06124682116414938
97,5,32,33,0.06653225806451613,0.5,7,0.043456554843089405,0.043706803454307115
97,5,32,33,0.06653225806451613,0.5,9,0.033792228397136546,0.03397821353204362
97,5,32,33,0.06653225806451613,0.5,11,0.027645006410022443,0.02779257131033907
97,5,32,33,0.06653225806451613,0.5,13,0.02339030692567003,0.023512435493213583
97,5,32,33,0.06653225806451613,0.5,15,0.02027067744752812,0.02037476863641485
97,5,32,33,0.06653225806451613,0.5,17,0.01788532454861024,0.017975978681629614
97,5,32,33,0.06653225806451613,0.5,19,0.016002288023368325,0.016082554097473296
97,5,32,33,0.06653225806451613,1.0,1,1.0031781017891246,1.0243621151614923
97,5,32,33,0.06653225806451613,1.0,3,0.31685441362908867,0.3274779361905561
97,5,32,33,0.06653225806451613,1.0,5,0.1892761172528952,0.1952717569936982
97,5,32,33,0.06653225806451613,1.0,7,0.1350259112137712,0.13916409643331762
97,5,32,33,0.06653225806451613,1.0,9,0.10496351855299801,0.10811441100666995
97,5,32,33,0.06653225806451613,1.0,11,0.08585508465015272,0.08839630811246864
97,5,32,33,0.06653225806451613,1.0,13,0.07263452161288231,0.07476267135579422
97,5,32,33,0.06653225806451613,1.0,15,0.06294316812881785,0.0647732576674171
97,5,32,33,0.06653225806451613,1.0,17,0.05553400518370149,0.057139012764267805
97,5,32,33,0.06653225806451613,1.0,19,0.04968569348959882,0.05111477972189861
98,5,32,33,0.06653225806451613,0.1,1,0.011745782107076969,0.012379871084320647
98,5,32,33,0.06653225806451613,0.1,3,0.003911375203322463,0.004122381030744876
98,5,32,33,0.06653225806451613,0.1,5,0.0023466384308849257,0.00247322507350767
98,5,32,33,0.06653225806451613,0.1,7,0.0016761335644920358,0.0017665492839054862
98,5,32,33,0.06653225806451613,0.1,9,0.0013036476781387377,0.00137396995624563
98,5,32,33,0.06653225806451613,0.1,11,0.001066615956575883,0.0011241519273490958
98,5,32,33,0.06653225806451613,0.1,13,0.0009025188234776891,0.0009512028930199516
98,5,32,33,0.06653225806451613,0.1,15,0.0007821816913467299,0.0008243744355781374
98,5,32,33,0.06653225806451613,0.1,17,0.0006901595557849238,0.0007273883793335141
98,5,32,33,0.06653225806451613,0.1,19,0.0006175107046226973,0.0006508206617080938
98,5,32,33,0.06653225806451613,0.5,1,0.27688754346430267,0.2897067030376605
98,5,32,33,0.06653225806451613,0.5,3,0.09026158098196443,0.09412161915652305
98,5,32,33,0.06653225806451613,0.5,5,0.05406077138767631,0.056355954777165485
98,5,32,33,0.06653225806451613,0.5,7,0.03859592373652761,0.04023122867293777
98,5,32,33,0.06653225806451613,0.5,9,0.03001299945928288,0.031283586303558875
98,5,32,33,0.06653225806451613,0.5,11,0.024553584024930682,0.025592609468024705
98,5,32,33,0.06653225806451613,0.5,13,0.020774889817712777,0.021653799622688374
98,5,32,33,0.06653225806451613,0.5,15,0.018004241286943702,0.01876581870041473
98,5,32,33,0.06653225806451613,0.5,17,0.015885704164774722,0.01655759906914001
98,5,32,33,0.06653225806451613,0.5,19,0.014213279424873068,0.014814395117009273
98,5,32,33,0.06653225806451613,1.0,1,0.920104236000611,0.9445831533871767
98,5,32,33,0.06653225806451613,1.0,3,0.2862567626730159,0.286565497038926
98,5,32,33,0.06653225806451613,1.0,5,0.17075487413065202,0.17032653360430416
98,5,32,33,0.06653225806451613,1.0,7,0.12177035999131865,0.12132913648479011
98,5,32,33,0.06653225806451613,1.0,9,0.09464701201736551,0.09425862387459952
98,5,32,33,0.06653225806451613,1.0,11,0.07741224555127346,0.07707535475406194
98,5,32,33,0.06653225806451613,1.0,13,0.06548990548138128,0.06519543253244137
98,5,32,33,0.06653225806451613,1.0,15,0.05675097638187862,0.05649061319899975
98,5,32,33,0.06653225806451613,1.0,17,0.050070296972138724,0.049837512072893136
98,5,32,33,0.06653225806451613,1.0,19,0.04479717075899802,0.04458696838134975
99,5,32,33,0.06653225806451613,0.1,1,0.013349791504626644,0.01396075720468177
99,5,32,33,0.06653225806451613,0.1,3,0.004446704182166632,0.004649468664441908
99,5,32,33,0.06653225806451613,0.1,5,0.0026678560354893,0.0027894449608177625
99,5,32,33,0.06653225806451613,0.1,7,0.0019055765694232301,0.0019924071778698376
99,5,32,33,0.06653225806451613,0.1,9,0.0014821032769808018,0.001549630699629116
99,5,32,33,0.06653225806451613,0.1,11,0.0012126247791593677,0.0012678707545004187
99,5,32,33,0.06653225806451613,0.1,13,0.0010260644695758393,0.0010728089415865552
99,5,32,33,0.06653225806451613,0.1,15,0.0008892543599028348,0.0009297649159457546
99,5,32,33,0.06653225806451613,0.1,17,0.0007846352648244698,0.0008203789973944247
99,5,32,33,0.06653225806451613,0.1,19,0.000702041465793082,0.0007340220897091056
99,5,32,33,0.06653225806451613,0.5,1,0.3120271039832057,0.32483385689980016
99,5,32,33,0.06653225806451613,0.5,3,0.10229828845855837,0.10620999238671104
99,5,32,33,0.06653225806451613,0.5,5,0.06129414952838055,0.06362059795791797
99,5,32,33,0.06653225806451613,0.5,7,0.043764732498006866,0.04542172674613298
99,5,32,33,0.06653225806451613,0.5,9,0.03403383111236542,0.03532085809237752
99,5,32,33,0.06653225806451613,0.5,11,0.02784361268699401,0.028895818985631063
99,5,32,33,0.06653225806451613,0.5,13,0.02355888042555981,0.02444876693870352
99,5,32,33,0.06653225806451613,0.5,15,0.02041709581710675,0.021188066155736433
99,5,32,33,0.06653225806451613,0.5,17,0.018014728837459713,0.018694826383139865
99,5,32,33,0.06653225806451613,0.5,19,0.01611821745061862,0.01672660988565982
99,5,32,33,0.06653225806451613,1.0,1,1.0121519052475139,1.0372699323390686
99,5,32,33,0.06653225806451613,1.0,3,0.3198863753044029,0.32457112159000195
99,5,32,33,0.06653225806451613,1.0,5,0.1908676425423886,0.19356491376546742
99,5,32,33,0.06653225806451613,1.0,7,0.1361210103918125,0.13801977768055937
99,5,32,33,0.06653225806451613,1.0,9,0.10580312593235831,0.10726876247214925
99,5,32,33,0.06653225806451613,1.0,11,0.08653752191573783,0.08773106008221414
99,5,32,33,0.06653225806451613,1.0,13,0.07321002081459971,0.0742167140988329
99,5,32,33,0.06653225806451613,1.0,15,0.06344101004737643,0.06431145675905887
99,5,32,33,0.06653225806451613,1.0,17,0.05597281189103964,0.05673950285681344
99,5,32,33,0.06653225806451613,1.0,19,0.05007806754765828,0.05076310738128643
100,5,32,33,0.06653225806451613,0.1,1,0.013418023763901436,0.012769693661629757
100,5,32,33,0.06653225806451613,0.1,3,0.0044652042855887735,0.004249057785589165
100,5,32,33,0.06653225806451613,0.1,5,0.0026784370582086884,0.002548829891916234
100,5,32,33,0.06653225806451613,0.1,7,0.0019129748802918787,0.0018204292894760572
100,5,32,33,0.06653225806451613,0.1,9,0.001487788439749271,0.0014158231733071474
100,5,32,33,0.06653225806451613,0.1,11,0.0012172402695352902,0.0011583676023584016
100,5,32,33,0.06653225806451613,0.1,13,0.0010299487768267706,0.000980138280802031
100,5,32,33,0.06653225806451613,0.1,15,0.0008926073376296983,0.0008494413825479218
100,5,32,33,0.06653225806451613,0.1,17,0.0007875847148870687,0.0007494992608148262
100,5,32,33,0.06653225806451613,0.1,19,0.0007046740460638525,0.0006705991266715443
100,5,32,33,0.06653225806451613,0.5,1,0.31541318640496224,0.2993966688811433
100,5,32,33,0.06653225806451613,0.5,3,0.10301810161493234,0.09718650885324735
100,5,32,33,0.06653225806451613,0.5,5,0.061668945487437336,0.058154319372740966
100,5,32,33,0.06653225806451613,0.5,7,0.04401375347943978,0.04150155306176906
100,5,32,33,0.06653225806451613,0.5,9,0.03421918606260012,0.03226510916155866
100,5,32,33,0.06653225806451613,0.5,11,0.027990853824995596,0.02639217641164323
100,5,32,33,0.06653225806451613,0.5,13,0.02368085444972337,0.02232826585004084
100,5,32,33,0.06653225806451613,0.5,15,0.020521131616618917,0.019349008821617126
100,5,32,33,0.06653225806451613,0.5,17,0.018105388256843057,0.017071260153390454
100,5,32,33,0.06653225806451613,0.5,19,0.016198527074340455,0.015273332744786934
100,5,32,33,0.06653225806451613,1.0,1,1.0313471755071408,0.9754644344670657
100,5,32,33,0.06653225806451613,1.0,3,0.3273788858073061,0.30547262843594764
100,5,32,33,0.06653225806451613,1.0,5,0.19551233771846058,0.18217703792546114
100,5,32,33,0.06653225806451613,1.0,7,0.13944517177005084,0.1298688657439573
100,5,32,33,0.06653225806451613,1.0,9,0.10838266551979316,0.10091434364863923
100,5,32,33,0.06653225806451613,1.0,11,0.08864221811911291,0.08252201162569878
100,5,32,33,0.06653225806451613,1.0,13,0.07498641801339193,0.06980235408655958
100,5,32,33,0.06653225806451613,1.0,15,0.06497720235478725,0.06048103533002113
100,5,32,33,0.06653225806451613,1.0,17,0.05732576434365845,0.053356395772616215
100,5,32,33,0.06653225806451613,1.0,19,0.051286692590733346,0.047733665450295705
101,5,32,33,0.06653225806451613,0.1,1,0.012210058341502645,0.012210201631870251
101,5,32,33,0.06653225806451613,0.1,3,0.0040665327178191915,0.004066550965292057
101,5,32,33,0.06653225806451613,0.1,5,0.0024397355460501944,0.0024397424484391313
101,5,32,33,0.06653225806451613,0.1,7,0.0017426289278918924,0.0017426325314437276
101,5,32,33,0.06653225806451613,0.1,9,0.001355364499378743,0.001355366708271318
101,5,32,33,0.06653225806451613,0.1,11,0.0011089285774610114,0.0011089300688390514
101,5,32,33,0.06653225806451613,0.1,13,0.0009383210614241517,0.0009383221356268517
101,5,32,33,0.06653225806451613,0.1,15,0.000813209785513454,0.0008132105959363125
101,5,32,33,0.06653225806451613,0.1,17,0.0007175369222649789,0.0007175375553673626
101,5,32,33,0.06653225806451613,0.1,19,0.0006420059762203529,0.0006420064844222169
101,5,32,33,0.06653225806451613,0.5,1,0.2859506473350741,0.285949220571629
101,5,32,33,0.06653225806451613,0.5,3,0.09362829669482335,0.09361947860039639
101,5,32,33,0.06653225806451613,0.5,5,0.05609843025060126,0.056095113311787466
101,5,32,33,0.06653225806451613,0.5,7,0.0400546824146949,0.04005310911482737
101,5,32,33,0.06653225806451613,0.5,9,0.031148573693076782,0.031147651916204517
101,5,32,33,0.06653225806451613,0.5,11,0.025483068375757957,0.025482461594347132
101,5,32,33,0.06653225806451613,0.5,13,0.02156154605882317,0.021561115900592783
101,5,32,33,0.06653225806451613,0.5,15,0.018686094211682748,0.018685773158457923
101,5,32,33,0.06653225806451613,0.5,17,0.016487384017515126,0.01648713513917305
101,5,32,33,0.06653225806451613,0.5,19,0.014751649766865927,0.014751451138284296
101,5,32,33,0.06653225806451613,1.0,1,0.9397834873030847,0.9386470613412166
101,5,32,33,0.06653225806451613,1.0,3,0.2998894046904654,0.30020076790093314
101,5,32,33,0.06653225806451613,1.0,5,0.17909895585848515,0.17921583856136092
101,5,32,33,0.06653225806451613,1.0,7,0.1277455366851839,0.12780532509092551
101,5,32,33,0.06653225806451613,1.0,9,0.09929432530725553,0.09933041686491827
101,5,32,33,0.06653225806451613,1.0,11,0.08121263538281642,0.08123673162922636
101,5,32,33,0.06653225806451613,1.0,13,0.06870374307039898,0.06872095327801232
101,5,32,33,0.06653225806451613,1.0,15,0.05953478477308114,0.059547684292958994
101,5,32,33,0.06653225806451613,1.0,17,0.052525412593325695,0.052535437430276825
101,5,32,33,0.06653225806451613,1.0,19,0.04699292739940852,0.047000940525172764
102,5,32,33,0.06653225806451613,0.1,1,0.016498183070210528,0.0157976234374518
102,5,32,33,0.06653225806451613,0.1,3,0.005491458717514043,0.005259465229511206
102,5,32,33,0.06653225806451613,0.1,5,0.003294318147783771,0.0031553396973933467
102,5,32,33,0.06653225806451613,0.1,7,0.0023529425952008264,0.0022537413814873093
102,5,32,33,0.06653225806451613,0.1,9,0.0018300109878818334,0.0017528848528296735
102,5,32,33,0.06653225806451613,0.1,11,0.0014972545969988008,0.0014341673587887419
102,5,32,33,0.06653225806451613,0.1,13,0.001266892528696783,0.0012135204300093728
102,5,32,33,0.06653225806451613,0.1,15,0.0010979641662293743,0.001051714355098934
102,5,32,33,0.06653225806451613,0.1,17,0.0009687857510834445,0.0009279811613768619
102,5,32,33,0.06653225806451613,0.1,19,0.0008668040366969563,0.0008302975473034103
102,5,32,33,0.06653225806451613,0.5,1,0.376804516827403,0.359368684162686
102,5,32,33,0.06653225806451613,0.5,3,0.12241048147824861,0.11691618050763049
102,5,32,33,0.06653225806451613,0.5,5,0.07327817818617728,0.07001746958072941
102,5,32,33,0.06653225806451613,0.5,7,0.05230443639229769,0.04998430606559367
102,5,32,33,0.06653225806451613,0.5,9,0.040668049608623406,0.03886693305752156
102,5,32,33,0.06653225806451613,0.5,11,0.03326786444131832,0.0317958745626196
102,5,32,33,0.06653225806451613,0.5,13,0.028146553815008135,0.02690193905475341
102,5,32,33,0.06653225806451613,0.5,15,0.02439181073252481,0.023313702819453545
102,5,32,33,0.06653225806451613,0.5,17,0.021521000379546983,0.020570093566694602
102,5,32,33,0.06653225806451613,0.5,19,0.01925483591989663,0.018404275861003114
102,5,32,33,0.06653225806451613,1.0,1,1.1377510662355228,1.0892638581910192
102,5,32,33,0.06653225806451613,1.0,3,0.3560450728170738,0.358660908937675
102,5,32,33,0.06653225806451613,1.0,5,0.2126196964950406,0.21495896613559656
102,5,32,33,0.06653225806451613,1.0,7,0.15165421913564617,0.15344921487762728
102,5,32,33,0.06653225806451613,1.0,9,0.11787644164781474,0.11930531329739544
102,5,32,33,0.06653225806451613,1.0,11,0.09640932994963096,0.09758932478326626
102,5,32,33,0.06653225806451613,1.0,13,0.08155848853378929,0.08256101596416056
102,5,32,33,0.06653225806451613,1.0,15,0.07067301890651612,0.0715434264436843
102,5,32,33,0.06653225806451613,1.0,17,0.06235154121689282,0.06312007579188571
102,5,32,33,0.06653225806451613,1.0,19,0.05578350211938266,0.05647122890873112
103,5,32,33,0.06653225806451613,0.1,1,0.012866415449886837,0.01324576178098274
103,5,32,33,0.06653225806451613,0.1,3,0.004283759446451187,0.004405419714101241
103,5,32,33,0.06653225806451613,0.1,5,0.002569941470827104,0.0026423349182038347
103,5,32,33,0.06653225806451613,0.1,7,0.0018355976024234243,0.0018871212755212892
103,5,32,33,0.06653225806451613,0.1,9,0.0014276589724228404,0.0014676523426052548
103,5,32,33,0.06653225806451613,0.1,11,0.0011680713185603356,0.0012007511292377547
103,5,32,33,0.06653225806451613,0.1,13,0.000988360755803398,0.0010159882504098276
103,5,32,33,0.06653225806451613,0.1,15,0.0008565749207839166,0.000880503069187623
103,5,32,33,0.06653225806451613,0.1,17,0.0007557985460173441,0.0007769010321188968
103,5,32,33,0.06653225806451613,0.1,19,0.0006762388507651023,0.0006951125416885419
103,5,32,33,0.06653225806451613,0.5,1,0.3006874448381655,0.31215155894216995
103,5,32,33,0.06653225806451613,0.5,3,0.09802237753332903,0.10167222109789259
103,5,32,33,0.06653225806451613,0.5,5,0.058699543597926465,0.060806739754776476
103,5,32,33,0.06653225806451613,0.5,7,0.04190356258304489,0.04338091774065055
103,5,32,33,0.06653225806451613,0.5,9,0.03258302539302842,0.03371973739236183
103,5,32,33,0.06653225806451613,0.5,11,0.026654959172444682,0.027578494474754103
103,5,32,33,0.06653225806451613,0.5,13,0.022552160475514824,0.023329781922513015
103,5,32,33,0.06653225806451613,0.5,15,0.019544018643567477,0.02021551385104583
103,5,32,33,0.06653225806451613,0.5,17,0.01724397508632971,0.017834818797518002
103,5,32,33,0.06653225806451613,0.5,19,0.015428321407429278,0.01595580251788848
103,5,32,33,0.06653225806451613,1.0,1,0.9761223361234945,1.0226949066175754
103,5,32,33,0.06653225806451613,1.0,3,0.31191266339156676,0.33149306621414487
103,5,32,33,0.06653225806451613,1.0,5,0.1864141966388628,0.1977721520907296
103,5,32,33,0.06653225806451613,1.0,7,0.1329866754087646,0.1409411141650897
103,5,32,33,0.06653225806451613,1.0,9,0.10337515594840098,0.10948571444154542
103,5,32,33,0.06653225806451613,1.0,11,0.08455308447871838,0.08951065592514482
103,5,32,33,0.06653225806451613,1.0,13,0.07153095201748122,0.07570037793584004
103,5,32,33,0.06653225806451613,1.0,15,0.06198535071826245,0.06558231015552973
103,5,32,33,0.06653225806451613,1.0,17,0.05468783691481473,0.05785027907003067
103,5,32,33,0.06653225806451613,1.0,19,0.04892781205142768,0.05174925303317418
104,5,32,33,0.06653225806451613,0.1,1,0.013779834080067057,0.012456571630794713
104,5,32,33,0.06653225806451613,0.1,3,0.004589314717474025,0.004142543988782724
104,5,32,33,0.06653225806451613,0.1,5,0.002753398407615059,0.002485040112506569
104,5,32,33,0.06653225806451613,0.1,7,0.0019666756699082757,0.0017749323819452533
104,5,32,33,0.06653225806451613,0.1,9,0.0015296246358739356,0.0013804720923691193
104,5,32,33,0.06653225806451613,0.1,11,0.0012515060972260585,0.0011294643700749017
104,5,32,33,0.06653225806451613,0.1,13,0.0010589642796489647,0.0009556943905212878
104,5,32,33,0.06653225806451613,0.1,15,0.0009177677275610184,0.0008282650831490196
104,5,32,33,0.06653225806451613,0.1,17,0.0008097942784028119,0.000730820133620753
104,5,32,33,0.06653225806451613,0.1,19,0.0007245522889971316,0.0006538904444944979
104,5,32,33,0.06653225806451613,0.5,1,0.3189217129356866,0.29438932164745524
104,5,32,33,0.06653225806451613,0.5,3,0.1040206541845096,0.09393590212065267
104,5,32,33,0.06653225806451613,0.5,5,0.06229772154159971,0.056115995548197455
104,5,32,33,0.06653225806451613,0.5,7,0.04447528260942773,0.04003261641245797
104,5,32,33,0.06653225806451613,0.5,9,0.034584347028780715,0.03112017631932045
104,5,32,33,0.06653225806451613,0.5,11,0.028293103091208208,0.025455166868310352
104,5,32,33,0.06653225806451613,0.5,13,0.023938742841469463,0.021535668632453927
104,5,32,33,0.06653225806451613,0.5,15,0.020746039792162486,0.01866243778228361
104,5,32,33,0.06653225806451613,0.5,17,0.01830480779144006,0.01646578903438454
104,5,32,33,0.06653225806451613,0.5,19,0.01637765397806319,0.014731877530187404
104,5,32,33,0.06653225806451613,1.0,1,1.0095013412472804,0.9694143953641325
104,5,32,33,0.06653225806451613,1.0,3,0.3092454922022575,0.2894795283672893
104,5,32,33,0.06653225806451613,1.0,5,0.18381481322328946,0.17022593575375797
104,5,32,33,0.06653225806451613,1.0,7,0.13092453249022576,0.12062519905666466
104,5,32,33,0.06653225806451613,1.0,9,0.10170303915241606,0.0934359005235157
104,5,32,33,0.06653225806451613,1.0,11,0.08315575691058616,0.07626317867422226
104,5,32,33,0.06653225806451613,1.0,13,0.0703339116704057,0.06443058668172484
104,5,32,33,0.06653225806451613,1.0,15,0.06093968635226602,0.055781158404406735
104,5,32,33,0.06653225806451613,1.0,17,0.0537601991560673,0.04918196266421131
104,5,32,33,0.06653225806451613,1.0,19,0.04809460277463605,0.04398081962988232
105,5,32,33,0.06653225806451613,0.1,1,0.0110982938208753,0.012012243134865718
105,5,32,33,0.06653225806451613,0.1,3,0.0036968945785844157,0.0040033426759423524
105,5,32,33,0.06653225806451613,0.1,5,0.002218015473595487,0.0024019701492220998
105,5,32,33,0.06653225806451613,0.1,7,0.0015842729100920528,0.0017156859858813126
105,5,32,33,0.06653225806451613,0.1,9,0.0012322046283754782,0.0013344202000104602
105,5,32,33,0.06653225806451613,0.1,11,0.001008164261236728,0.0010917974204474237
105,5,32,33,0.06653225806451613,0.1,13,0.000853060528421127,0.0009238281363590214
105,5,32,33,0.06653225806451613,0.1,15,0.0007393182879311855,0.0008006508067302295
105,5,32,33,0.06653225806451613,0.1,17,0.0006523391724313927,0.000706456449829875
105,5,32,33,0.06653225806451613,0.1,19,0.0005836715815883559,0.0006320925224447387
105,5,32,33,0.06653225806451613,0.5,1,0.2594827893170741,0.28517400723925085
105,5,32,33,0.06653225806451613,0.5,3,0.08524653127974469,0.09470877238407494
105,5,32,33,0.06653225806451613,0.5,5,0.05109446957414811,0.056807505081065204
105,5,32,33,0.06653225806451613,0.5,7,0.036485631487522006,0.04057327018717066
105,5,32,33,0.06653225806451613,0.5,9,0.028374388405305997,0.03155585909350699
105,5,32,33,0.06653225806451613,0.5,11,0.023214033355631672,0.0258179622011084
105,5,32,33,0.06653225806451613,0.5,13,0.019641974727777588,0.02184574015844107
105,5,32,33,0.06653225806451613,0.5,15,0.017022681202270806,0.01893285086810567
105,5,32,33,0.06653225806451613,0.5,17,0.0150197984917323,0.016705383550455363
105,5,32,33,0.06653225806451613,0.5,19,0.01343863262848895,0.014946876258672243
105,5,32,33,0.06653225806451613,1.0,1,0.860234253790361,0.9639410438490152
105,5,32,33,0.06653225806451613,1.0,3,0.2789716285114893,0.3197363423232528
105,5,32,33,0.06653225806451613,1.0,5,0.16720862668949305,0.1916093181233018
105,5,32,33,0.06653225806451613,1.0,7,0.11939928779550198,0.13681431921397164
105,5,32,33,0.06653225806451613,1.0,9,0.09285464614698857,0.10639491029177912
105,5,32,33,0.06653225806451613,1.0,11,0.07596721153015572,0.08704358776310787
105,5,32,33,0.06653225806451613,1.0,13,0.06427762011211892,0.07364894146743084
105,5,32,33,0.06653225806451613,1.0,15,0.05570600293071897,0.06382726838400092
105,5,32,33,0.06653225806451613,1.0,17,0.04915160716941907,0.0563171058021372
105,5,32,33,0.06653225806451613,1.0,19,0.04397728397370731,0.05038831573606959
106,5,32,33,0.06653225806451613,0.1,1,0.012748912325383813,0.012755737561807368
106,5,32,33,0.06653225806451613,0.1,3,0.004244075792896127,0.004247614303462918
106,5,32,33,0.06653225806451613,0.1,5,0.002546050229842072,0.002548322644857375
106,5,32,33,0.06653225806451613,0.1,7,0.001818506207863686,0.0018201748588456414
106,5,32,33,0.06653225806451613,0.1,9,0.0014143540488750508,0.0014156715037819065
106,5,32,33,0.06653225806451613,0.1,11,0.00115717933642831,0.001158267453281675
106,5,32,33,0.06653225806451613,0.1,13,0.000979140835316646,0.0009800675189142536
106,5,32,33,0.06653225806451613,0.1,15,0.0008485820020882087,0.0008493889192910081
106,5,32,33,0.06653225806451613,0.1,17,0.00074874439700101,0.0007494589397627523
106,5,32,33,0.06653225806451613,0.1,19,0.0006699261279363397,0.0006705672611808291
106,5,32,33,0.06653225806451613,0.5,1,0.29915954775598447,0.29818730096142815
106,5,32,33,0.06653225806451613,0.5,3,0.09754410723743329,0.09736379345993454
106,5,32,33,0.06653225806451613,0.5,5,0.05840194837454885,0.05831434854482907
106,5,32,33,0.06653225806451613,0.5,7,0.04168714438485552,0.04163088573314636
106,5,32,33,0.06653225806451613,0.5,9,0.03241293918424195,0.032371906678519836
106,5,32,33,0.06653225806451613,0.5,11,0.026514854418413298,0.026482699030846622
106,5,32,33,0.06653225806451613,0.5,13,0.022433048205332227,0.0224066688671439
106,5,32,33,0.06653225806451613,0.5,15,0.01944042668820893,0.019418091105736942
106,5,32,33,0.06653225806451613,0.5,17,0.017152324638619983,0.017132971810250534
106,5,32,33,0.06653225806451613,0.5,19,0.015346143705368954,0.015329078679813646
106,5,32,33,0.06653225806451613,1.0,1,0.9839646619734917,0.9730488961410626
106,5,32,33,0.06653225806451613,1.0,3,0.31146197550966226,0.30971142064152685
106,5,32,33,0.06653225806451613,1.0,5,0.18583029732861783,0.18496812407575766
106,5,32,33,0.06653225806451613,1.0,7,0.1324939540576576,0.13192565054982147
106,5,32,33,0.06653225806451613,1.0,9,0.10296223708606815,0.10253875078801
106,5,32,33,0.06653225806451613,1.0,11,0.08420054405948105,0.08386310071170414
106,5,32,33,0.06653225806451613,1.0,13,0.07122429870330906,0.07094384030078615
106,5,32,33,0.06653225806451613,1.0,15,0.06171438501981558,0.06147444209501495
106,5,32,33,0.06653225806451613,1.0,17,0.05444529178213586,0.0542356326198944
106,5,32,33,0.06653225806451613,1.0,19,0.048708381790472245,0.04852221618196126
107,5,32,33,0.06653225806451613,0.1,1,0.01789787845046531,0.01581849609068329
107,5,32,33,0.06653225806451613,0.1,3,0.005960991136799064,0.0052666533004205535
107,5,32,33,0.06653225806451613,0.1,5,0.0035762914834504304,0.003159398155842206
107,5,32,33,0.06653225806451613,0.1,7,0.002554422170529246,0.0022565421549627742
107,5,32,33,0.06653225806451613,0.1,9,0.0019867460342064894,0.0017550167566907392
107,5,32,33,0.06653225806451613,0.1,11,0.001625506834315055,0.0014358862065475834
107,5,32,33,0.06653225806451613,0.1,13,0.0013754219464032914,0.001214959460982974
107,5,32,33,0.06653225806451613,0.1,15,0.0011920281830723586,0.001052951526096832
107,5,32,33,0.06653225806451613,0.1,17,0.0010517868717961026,0.0009290659343565284
107,5,32,33,0.06653225806451613,0.1,19,0.0009410706175716622,0.0008312632367167986
107,5,32,33,0.06653225806451613,0.5,1,0.402144327332766,0.3654055863243401
107,5,32,33,0.06653225806451613,0.5,3,0.1318929742091552,0.12036167212934173
107,5,32,33,0.06653225806451613,0.5,5,0.07904764195964967,0.07209633410059924
107,5,32,33,0.06653225806451613,0.5,7,0.05644499403727001,0.051465451801348795
107,5,32,33,0.06653225806451613,0.5,9,0.04389594329138122,0.04001594674741652
107,5,32,33,0.06653225806451613,0.5,11,0.03591246130327021,0.03273401660544662
107,5,32,33,0.06653225806451613,0.5,13,0.03038628309441882,0.027694449656779984
107,5,32,33,0.06653225806451613,0.5,15,0.026334126555361357,0.023999649179364056
107,5,32,33,0.06653225806451613,0.5,17,0.023235604688690178,0.021174701218467665
107,5,32,33,0.06653225806451613,0.5,19,0.02078950434575172,0.0189447703205647
107,5,32,33,0.06653225806451613,1.0,1,1.1645593609118148,1.1454976810908912
107,5,32,33,0.06653225806451613,1.0,3,0.38188764562936994,0.377485122687476
107,5,32,33,0.06653225806451613,1.0,5,0.22865642879478307,0.2252615846719617
107,5,32,33,0.06653225806451613,1.0,7,0.16318899888709046,0.16055628626482094
107,5,32,33,0.06653225806451613,1.0,9,0.126866882409997,0.1247373460779957
107,5,32,33,0.06653225806451613,1.0,11,0.10377038353210039,0.10198822768567525
107,5,32,33,0.06653225806451613,1.0,13,0.08778838289922937,0.08625825540234927
107,5,32,33,0.06653225806451613,1.0,15,0.07607230832936644,0.07473267089383674
107,5,32,33,0.06653225806451613,1.0,17,0.06711525905396043,0.06592438386207752
107,5,32,33,0.06653225806451613,1.0,19,0.06004530649578407,0.05897369991259237
108,5,32,33,0.06653225806451613,0.1,1,0.012974258894790733,0.012395355838501142
108,5,32,33,0.06653225806451613,0.1,3,0.004320560520325147,0.004127236752784523
108,5,32,33,0.06653225806451613,0.1,5,0.0025921354000525082,0.002476123754572366
108,5,32,33,0.06653225806451613,0.1,7,0.0018514857536623516,0.001768616865898293
108,5,32,33,0.06653225806451613,0.1,9,0.0014400318224972158,0.0013755771457931352
108,5,32,33,0.06653225806451613,0.1,11,0.0011782026146583632,0.0011254665155117603
108,5,32,33,0.06653225806451613,0.1,13,0.0009969381237971882,0.0009523150494247169
108,5,32,33,0.06653225806451613,0.1,15,0.0008640116539850238,0.000825338202551498
108,5,32,33,0.06653225806451613,0.1,17,0.0007623624064212267,0.0007282387018602991
108,5,32,33,0.06653225806451613,0.1,19,0.000682113219074233,0.0006515814388950994
108,5,32,33,0.06653225806451613,0.5,1,0.30293953480558594,0.29123673309071696
108,5,32,33,0.06653225806451613,0.5,3,0.09853348215008409,0.09452895670780898
108,5,32,33,0.06653225806451613,0.5,5,0.05900676434763559,0.05659903570521468
108,5,32,33,0.06653225806451613,0.5,7,0.04212546566808222,0.04040477919366609
108,5,32,33,0.06653225806451613,0.5,9,0.03275714562275479,0.03141856487658811
108,5,32,33,0.06653225806451613,0.5,11,0.02679835952831535,0.025703048132293144
108,5,32,33,0.06653225806451613,0.5,13,0.02267410384932124,0.02174724952003916
108,5,32,33,0.06653225806451613,0.5,15,0.019650111932206105,0.018846809912740983
108,5,32,33,0.06653225806451613,0.5,17,0.017337875281346636,0.0166290627946035
108,5,32,33,0.06653225806451613,0.5,19,0.015512547974334477,0.01487833695718804
108,5,32,33,0.06653225806451613,1.0,1,0.9824827491474547,0.961315223973392
108,5,32,33,0.06653225806451613,1.0,3,0.3001735700436958,0.29584945398264023
108,5,32,33,0.06653225806451613,1.0,5,0.1789044859032513,0.1764492292235284
108,5,32,33,0.06653225806451613,1.0,7,0.12755663121514457,0.12583147392845356
108,5,32,33,0.06653225806451613,1.0,9,0.09913673638709528,0.09780423502539212
108,5,32,33,0.06653225806451613,1.0,11,0.08108130454444526,0.07999494805067933
108,5,32,33,0.06653225806451613,1.0,13,0.06859239749763953,0.06767506369704336
108,5,32,33,0.06653225806451613,1.0,15,0.05943866985840801,0.05864467758151128
108,5,32,33,0.06653225806451613,1.0,17,0.052441125779579933,0.05174115276591428
108,5,32,33,0.06653225806451613,1.0,19,0.046918022296248287,0.0462921127002349
109,5,32,33,0.06653225806451613,0.1,1,0.012898486345174308,0.012852118993666294
109,5,32,33,0.06653225806451613,0.1,3,0.004295520651309204,0.004279078810758581
109,5,32,33,0.06653225806451613,0.1,5,0.0025771153073387257,0.0025671979195150702
109,5,32,33,0.06653225806451613,0.1,7,0.0018407566776857296,0.0018336616233982851
109,5,32,33,0.06653225806451613,0.1,9,0.0014316864725108986,0.0014261642206445143
109,5,32,33,0.06653225806451613,0.1,11,0.0011713742355341018,0.0011668543047141278
109,5,32,33,0.06653225806451613,0.1,13,0.0009911600125556202,0.0009873345584143925
109,5,32,33,0.06653225806451613,0.1,15,0.0008590037803695497,0.0008556878674253729
109,5,32,33,0.06653225806451613,0.1,17,0.0007579435662512965,0.0007550174359269469
109,5,32,33,0.06653225806451613,0.1,19,0.0006781594247463446,0.0006755410927624914
109,5,32,33,0.06653225806451613,0.5,1,0.30099253061453973,0.29963654002548307
109,5,32,33,0.06653225806451613,0.5,3,0.09827687481454433,0.09730002802951508
109,5,32,33,0.06653225806451613,0.5,5,0.05886734411649657,0.05826791580907785
109,5,32,33,0.06653225806451613,0.5,7,0.04202804393953952,0.041597847228794796
109,5,32,33,0.06653225806451613,0.5,9,0.03268185762764652,0.03234675826042002
109,5,32,33,0.06653225806451613,0.5,11,0.02673687694503541,0.026462554886075223
109,5,32,33,0.06653225806451613,0.5,13,0.022622096581798812,0.022389932662428846
109,5,32,33,0.06653225806451613,0.5,15,0.019605026146800906,0.019403807739599297
109,5,32,33,0.06653225806451613,0.5,17,0.0172980733676631,0.01712053078344369
109,5,32,33,0.06653225806451613,0.5,19,0.015476914983530496,0.015318068516025251
109,5,32,33,0.06653225806451613,1.0,1,0.9760868402006271,0.9742724506159872
109,5,32,33,0.06653225806451613,1.0,3,0.30914427603731515,0.3104966286562397
109,5,32,33,0.06653225806451613,1.0,5,0.18452524576607535,0.185667979428546
109,5,32,33,0.06653225806451613,1.0,7,0.13159340513785409,0.132501039228489
109,5,32,33,0.06653225806451613,1.0,9,0.10227680450349817,0.10301989287315867
109,5,32,33,0.06653225806451613,1.0,11,0.08364797383381792,0.0842737194815177
109,5,32,33,0.06653225806451613,1.0,13,0.07076173710793673,0.07130102509218585
109,5,32,33,0.06653225806451613,1.0,15,0.06131675370374837,0.061790108148277324
109,5,32,33,0.06653225806451613,1.0,17,0.05409667749520269,0.05451824122629607
109,5,32,33,0.06653225806451613,1.0,19,0.04839806610143127,0.0487779370617861
110,5,32,33,0.06653225806451613,0.1,1,0.013551559531306408,0.013164532654971455
110,5,32,33,0.06653225806451613,0.1,3,0.0045145343182756426,0.004371897433626605
110,5,32,33,0.06653225806451613,0.1,5,0.002708593633053385,0.0026221119404506205
110,5,32,33,0.06653225806451613,0.1,7,0.0019346847598981634,0.0018727256188861214
110,5,32,33,0.06653225806451613,0.1,9,0.0015047468190954518,0.0014564956354452586
110,5,32,33,0.06653225806451613,0.1,11,0.0012311531775873548,0.0011916495814078853
110,5,32,33,0.06653225806451613,0.1,13,0.0010417433852211908,0.0010083048738312585
110,5,32,33,0.06653225806451613,0.1,15,0.0009028433911077284,0.000873856592918217
110,5,32,33,0.06653225806451613,0.1,17,0.0007966260049540416,0.0007710454284701419
110,5,32,33,0.06653225806451613,0.1,19,0.000712770311905263,0.000689879921772563
110,5,32,33,0.06653225806451613,0.5,1,0.3132664567203746,0.31569308606354435
110,5,32,33,0.06653225806451613,0.5,3,0.10299523825353288,0.10121878839092234
110,5,32,33,0.06653225806451613,0.5,5,0.06173296839198824,0.06043661309950705
110,5,32,33,0.06653225806451613,0.5,7,0.04408241657773061,0.04309758665980263
110,5,32,33,0.06653225806451613,0.5,9,0.03428231011027269,0.03349479021050106
110,5,32,33,0.06653225806451613,0.5,11,0.028047501584598608,0.027393539860703715
110,5,32,33,0.06653225806451613,0.5,13,0.023731693179585726,0.023173432191300344
110,5,32,33,0.06653225806451613,0.5,15,0.020567028078989046,0.020080450688702452
110,5,32,33,0.06653225806451613,0.5,17,0.018147118677442755,0.0177161294973888
110,5,32,33,0.06653225806451613,0.5,19,0.01623673316115851,0.015850056896915814
110,5,32,33,0.06653225806451613,1.0,1,0.9881194909433674,1.058015991864413
110,5,32,33,0.06653225806451613,1.0,3,0.3183662613696984,0.32343393776795865
110,5,32,33,0.06653225806451613,1.0,5,0.19050914467696,0.1922323914361526
110,5,32,33,0.06653225806451613,1.0,7,0.13597473868707,0.13687277527635822
110,5,32,33,0.06653225806451613,1.0,9,0.1057247426652902,0.1062945580384515
110,5,32,33,0.06653225806451613,1.0,11,0.08648816432326206,0.0868931758547657
110,5,32,33,0.06653225806451613,1.0,13,0.07317551038257465,0.07348521836435652
110,5,32,33,0.06653225806451613,1.0,15,0.06341508137652259,0.06366412486838742
110,5,32,33,0.06653225806451613,1.0,17,0.05595230266460821,0.056159938863060414
110,5,32,33,0.06653225806451613,1.0,19,0.05006121731705249,0.05023905109302581
111,5,32,33,0.06653225806451613,0.1,1,0.013357287966221152,0.01421548746108029
111,5,32,33,0.06653225806451613,0.1,3,0.004446812693058504,0.0047342590313183015
111,5,32,33,0.06653225806451613,0.1,5,0.0026677676944376148,0.0028402723323254254
111,5,32,33,0.06653225806451613,0.1,7,0.0019054766741941772,0.002028695876278124
111,5,32,33,0.06653225806451613,0.1,9,0.0014820117592108904,0.0015778476439891587
111,5,32,33,0.06653225806451613,0.1,11,0.0012125433405047058,0.0012909532562549288
111,5,32,33,0.06653225806451613,0.1,13,0.001025991962822595,0.001092337843009428
111,5,32,33,0.06653225806451613,0.1,15,0.0008891893456733026,0.0009466883863256101
111,5,32,33,0.06653225806451613,0.1,17,0.0007845764878165253,0.0008353103953843899
111,5,32,33,0.06653225806451613,0.1,19,0.0007019879095450785,0.0007473809953662898
111,5,32,33,0.06653225806451613,0.5,1,0.3104905758677791,0.32756448490240814
111,5,32,33,0.06653225806451613,0.5,3,0.1007894637619576,0.10742244087652486
111,5,32,33,0.06653225806451613,0.5,5,0.06031950624088264,0.06435290463899214
111,5,32,33,0.06653225806451613,0.5,7,0.04305125745652645,0.045943958685428346
111,5,32,33,0.06653225806451613,0.5,9,0.03347226113108202,0.035726220389578595
111,5,32,33,0.06653225806451613,0.5,11,0.02738094621415954,0.02922691795998823
111,5,32,33,0.06653225806451613,0.5,13,0.02316562058607356,0.024728547531086685
111,5,32,33,0.06653225806451613,0.5,15,0.020075190315608015,0.02143027816993436
111,5,32,33,0.06653225806451613,0.5,17,0.017712342172980875,0.018908352925913162
111,5,32,33,0.06653225806451613,0.5,19,0.015847175735243267,0.016917519533435753
111,5,32,33,0.06653225806451613,1.0,1,0.9935896538645786,1.0229399182523133
111,5,32,33,0.06653225806451613,1.0,3,0.30614341238249215,0.3269850269240872
111,5,32,33,0.06653225806451613,1.0,5,0.18232659392369857,0.19537352272477113
111,5,32,33,0.06653225806451613,1.0,7,0.12996545119593148,0.1393758791864183
111,5,32,33,0.06653225806451613,1.0,9,0.10099831584812427,0.10834233940765611
111,5,32,33,0.06653225806451613,1.0,11,0.08259923938683127,0.08861658185347207
111,5,32,33,0.06653225806451613,1.0,13,0.06987416550129884,0.07496916901459137
111,5,32,33,0.06653225806451613,1.0,15,0.060548031153640186,0.0649651428512054
111,5,32,33,0.06653225806451613,1.0,17,0.05341904367774652,0.057317108479852504
111,5,32,33,0.06653225806451613,1.0,19,0.047792389677412596,0.0512803699834204
112,5,32,33,0.06653225806451613,0.1,1,0.01611979335774601,0.014785964193229627
112,5,32,33,0.06653225806451613,0.1,3,0.005372459426681152,0.004924907004274965
112,5,32,33,0.06653225806451613,0.1,5,0.003223437170442348,0.0029547644768451865
112,5,32,33,0.06653225806451613,0.1,7,0.002302447550932874,0.0021105106891999817
112,5,32,33,0.06653225806451613,0.1,9,0.0017907901166810253,0.0016414969945117521
112,5,32,33,0.06653225806451613,0.1,11,0.0014651909102113602,0.0013430383075311203
112,5,32,33,0.06653225806451613,0.1,13,0.0012397764357042617,0.001136414748005294
112,5,32,33,0.06653225806451613,0.1,15,0.0010744726454200452,0.0009848915410520017
112,5,32,33,0.06653225806451613,0.1,17,0.0009480639423268357,0.0008690212164934676
112,5,32,33,0.06653225806451613,0.1,19,0.0008482676396436814,0.0007775448400081223
112,5,32,33,0.06653225806451613,0.5,1,0.3675349766224179,0.34115731416214656
112,5,32,33,0.06653225806451613,0.5,3,0.1221880345828951,0.11165042803028687
112,5,32,33,0.06653225806451613,0.5,5,0.0732991266121866,0.06689255890275916
112,5,32,33,0.06653225806451613,0.5,7,0.05235385262705828,0.047761199832197544
112,5,32,33,0.06653225806451613,0.5,9,0.04071881245114539,0.037141457259027955
112,5,32,33,0.06653225806451613,0.5,11,0.03331504017061741,0.030385921463343943
112,5,32,33,0.06653225806451613,0.5,13,0.028189478276917767,0.02570992657481055
112,5,32,33,0.06653225806451613,0.5,15,0.024430788179123634,0.022281263378818143
112,5,32,33,0.06653225806451613,0.5,17,0.021556522982962394,0.01965954143766442
112,5,32,33,0.06653225806451613,0.5,19,0.019287380913458656,0.017589867065778732
112,5,32,33,0.06653225806451613,1.0,1,1.1086364865471352,1.065855573050458
112,5,32,33,0.06653225806451613,1.0,3,0.37112937657299516,0.33448210374871334
112,5,32,33,0.06653225806451613,1.0,5,0.22275452220850583,0.19962608324958248
112,5,32,33,0.06653225806451613,1.0,7,0.1591248221759654,0.14237988524434875
112,5,32,33,0.06653225806451613,1.0,9,0.12376830459162368,0.1106725488581692
112,5,32,33,0.06653225806451613,1.0,11,0.1012668494816665,0.09052235208281773
112,5,32,33,0.06653225806451613,1.0,13,0.08568824229473082,0.07658224686511605
112,5,32,33,0.06653225806451613,1.0,15,0.07426363601018388,0.06636388991624037
112,5,32,33,0.06653225806451613,1.0,17,0.0655270277691375,0.058552014724026484
112,5,32,33,0.06653225806451613,1.0,19,0.05862962772695841,0.05238590999907139
113,5,32,33,0.06653225806451613,0.1,1,0.01398229880566304,0.013507319833403642
113,5,32,33,0.06653225806451613,0.1,3,0.00465684600379477,0.004498206058487678
113,5,32,33,0.06653225806451613,0.1,5,0.0027938620039204393,0.002698713972070101
113,5,32,33,0.06653225806451613,0.1,7,0.001995556844680302,0.0019276103218567617
113,5,32,33,0.06653225806451613,0.1,9,0.001552077616168921,0.001499238468075548
113,5,32,33,0.06653225806451613,0.1,11,0.0012698711521635954,0.0012266436923592395
113,5,32,33,0.06653225806451613,0.1,13,0.0010745005742555632,0.0010379262968324902
113,5,32,33,0.06653225806451613,0.1,15,0.0009312303278427535,0.0008995344598480532
113,5,32,33,0.06653225806451613,0.1,17,0.0008216715424373232,0.0007937058697399812
113,5,32,33,0.06653225806451613,0.1,19,0.0007351782411730025,0.0007101572360774847
113,5,32,33,0.06653225806451613,0.5,1,0.3237705002571169,0.31457864503812344
113,5,32,33,0.06653225806451613,0.5,3,0.10622685329778418,0.10267880691108143
113,5,32,33,0.06653225806451613,0.5,5,0.06365415450314287,0.061504839930774366
113,5,32,33,0.06653225806451613,0.5,7,0.04545019213879005,0.04391163205481956
113,5,32,33,0.06653225806451613,0.5,9,0.035344371812613594,0.034146879523040796
113,5,32,33,0.06653225806451613,0.5,11,0.02891559651852802,0.027935582435054725
113,5,32,33,0.06653225806451613,0.5,13,0.024465748929945973,0.023636433673728714
113,5,32,33,0.06653225806451613,0.5,15,0.021202909875063063,0.020484156690596042
113,5,32,33,0.06653225806451613,0.5,17,0.018707993079569062,0.018073806712199773
113,5,32,33,0.06653225806451613,0.5,19,0.016738430933997524,0.01617101551715002
113,5,32,33,0.06653225806451613,1.0,1,1.023833943078674,1.011243145947663
113,5,32,33,0.06653225806451613,1.0,3,0.32994547596516,0.31984427702290896
113,5,32,33,0.06653225806451613,1.0,5,0.19747125013496572,0.1909112563787178
113,5,32,33,0.06653225806451613,1.0,7,0.1409415301975386,0.13614703674982967
113,5,32,33,0.06653225806451613,1.0,9,0.10958259886150028,0.10581573677467257
113,5,32,33,0.06653225806451613,1.0,11,0.08964105803787094,0.08654221884844937
113,5,32,33,0.06653225806451613,1.0,13,0.07584094746147302,0.0732100695215793
113,5,32,33,0.06653225806451613,1.0,15,0.06572345565013082,0.06343827318984432
113,5,32,33,0.06653225806451613,1.0,17,0.057987900821562105,0.05596837921993643
113,5,32,33,0.06653225806451613,1.0,19,0.05188165129544933,0.050072598255411924
114,5,32,33,0.06653225806451613,0.1,1,0.012513223946235151,0.013204291186779215
114,5,32,33,0.06653225806451613,0.1,3,0.004166545329328516,0.004396706151914095
114,5,32,33,0.06653225806451613,0.1,5,0.002499658481031307,0.0026377107016866794
114,5,32,33,0.06653225806451613,0.1,7,0.0017854080950300735,0.0018840016806010466
114,5,32,33,0.06653225806451613,0.1,9,0.0013886278785461869,0.0014653049117021913
114,5,32,33,0.06653225806451613,0.1,11,0.0011361394070865288,0.0011988714875480742
114,5,32,33,0.06653225806451613,0.1,13,0.000961342948914912,0.0010144217497612916
114,5,32,33,0.06653225806451613,0.1,15,0.0008331604288265239,0.0008791606469584395
114,5,32,33,0.06653225806451613,0.1,17,0.000735139327584593,0.0007757267957835655
114,5,32,33,0.06653225806451613,0.1,19,0.0006577547260793381,0.0006940691466413258
114,5,32,33,0.06653225806451613,0.5,1,0.2927321947378776,0.3077762674176527
114,5,32,33,0.06653225806451613,0.5,3,0.09544962801779769,0.10041681396351383
114,5,32,33,0.06653225806451613,0.5,5,0.057162921654991115,0.06014608750830808
114,5,32,33,0.06653225806451613,0.5,7,0.04080838979572283,0.04294000436909549
114,5,32,33,0.06653225806451613,0.5,9,0.03173233357894966,0.03339055868408958
114,5,32,33,0.06653225806451613,0.5,11,0.025959537600034888,0.02731641242029013
114,5,32,33,0.06653225806451613,0.5,13,0.021964086253039118,0.023112291070493757
114,5,32,33,0.06653225806451613,0.5,15,0.019034586646022724,0.02002974594739432
114,5,32,33,0.06653225806451613,0.5,17,0.01679463500912977,0.01767274822843539
114,5,32,33,0.06653225806451613,0.5,19,0.015026393510298759,0.01581209532393299
114,5,32,33,0.06653225806451613,1.0,1,0.9552809620766709,1.0164049443299867
114,5,32,33,0.06653225806451613,1.0,3,0.3000194359269086,0.3160058952924897
114,5,32,33,0.06653225806451613,1.0,5,0.179099010708237,0.18794462748651547
114,5,32,33,0.06653225806451613,1.0,7,0.12774345029010206,0.13384553518735173
114,5,32,33,0.06653225806451613,1.0,9,0.09929514988392223,0.10395110715963612
114,5,32,33,0.06653225806451613,1.0,11,0.08121547528427313,0.08497909336452801
114,5,32,33,0.06653225806451613,1.0,13,0.06870772938357277,0.07186595137360363
114,5,32,33,0.06653225806451613,1.0,15,0.05953937957309513,0.06225995132205747
114,5,32,33,0.06653225806451613,1.0,17,0.052530300517472185,0.05491974389293095
114,5,32,33,0.06653225806451613,1.0,19,0.04699792386849013,0.049128094077198814
115,5,32,33,0.06653225806451613,0.1,1,0.014235825287533112,0.013355028038101787
115,5,32,33,0.06653225806451613,0.1,3,0.004737829925926996,0.004439777565039752
115,5,32,33,0.06653225806451613,0.1,5,0.0028420824203270463,0.0026628149155751195
115,5,32,33,0.06653225806451613,0.1,7,0.002029890946422147,0.0019017158437513871
115,5,32,33,0.06653225806451613,0.1,9,0.0015787356602966433,0.0014789903904762307
115,5,32,33,0.06653225806451613,0.1,11,0.0012916584607345837,0.001210021219211873
115,5,32,33,0.06653225806451613,0.1,13,0.0010929221395764063,0.0010238285288329625
115,5,32,33,0.06653225806451613,0.1,15,0.0009471869289614664,0.0008872957331764524
115,5,32,33,0.06653225806451613,0.1,17,0.0008357450122912201,0.0007828930810966124
115,5,32,33,0.06653225806451613,0.1,19,0.0007477661497693017,0.0007004728242595301
115,5,32,33,0.06653225806451613,0.5,1,0.330737614644867,0.3105287567367962
115,5,32,33,0.06653225806451613,0.5,3,0.10774045814320643,0.09993856761490813
115,5,32,33,0.06653225806451613,0.5,5,0.06447718050626429,0.05977721196623118
115,5,32,33,0.06653225806451613,0.5,7,0.0460131979375437,0.04265619072969205
115,5,32,33,0.06653225806451613,0.5,9,0.03577180286503339,0.033161865431080864
115,5,32,33,0.06653225806451613,0.5,11,0.029259959467322082,0.027125394904737383
115,5,32,33,0.06653225806451613,0.5,13,0.024754035092138874,0.022948458701166796
115,5,32,33,0.06653225806451613,0.5,15,0.021450806795145105,0.019886395200733705
115,5,32,33,0.06653225806451613,0.5,17,0.018925418361368407,0.01754536083560218
115,5,32,33,0.06653225806451613,0.5,19,0.016932051033567676,0.015697490014650366
115,5,32,33,0.06653225806451613,1.0,1,1.0497678560872779,0.9866615462391148
115,5,32,33,0.06653225806451613,1.0,3,0.33185859814304913,0.31357703926921704
115,5,32,33,0.06653225806451613,1.0,5,0.19763397121507106,0.18706111900718994
115,5,32,33,0.06653225806451613,1.0,7,0.140741505806079,0.13335055083552524
115,5,32,33,0.06653225806451613,1.0,9,0.10928722958838659,0.10361784331602605
115,5,32,33,0.06653225806451613,1.0,11,0.08932565596273262,0.08473132828853307
115,5,32,33,0.06653225806451613,1.0,13,0.07553051288312418,0.07167014120715053
115,5,32,33,0.06653225806451613,1.0,15,0.06542656970084279,0.06209871265445823
115,5,32,33,0.06653225806451613,1.0,17,0.05770707628859064,0.05478302131461011
115,5,32,33,0.06653225806451613,1.0,19,0.0516170173951611,0.04900959287727376
116,5,32,33,0.06653225806451613,0.1,1,0.014216764518656983,0.014084692908348158
116,5,32,33,0.06653225806451613,0.1,3,0.0047343304212007255,0.004691070988991463
116,5,32,33,0.06653225806451613,0.1,5,0.0028403772840059566,0.0028144523978024458
116,5,32,33,0.06653225806451613,0.1,7,0.002028797222291872,0.0020102847485615684
116,5,32,33,0.06653225806451613,0.1,9,0.0015779393474861837,0.0015635422331534302
116,5,32,33,0.06653225806451613,0.1,11,0.001291035441461695,0.0012792565073994095
116,5,32,33,0.06653225806451613,0.1,13,0.0010924117489366722,0.0010824451708934995
116,5,32,33,0.06653225806451613,0.1,15,0.0009467552900661076,0.0009381176817821196
116,5,32,33,0.06653225806451613,0.1,17,0.0008353713916879204,0.0008277500139276578
116,5,32,33,0.06653225806451613,0.1,19,0.0007474369795367707,0.0007406178696478068
116,5,32,33,0.06653225806451613,0.5,1,0.32860926075301655,0.3249044653765929
116,5,32,33,0.06653225806451613,0.5,3,0.10713722404650831,0.10629014501241998
116,5,32,33,0.06653225806451613,0.5,5,0.06416839121034124,0.06365976811309998
116,5,32,33,0.06653225806451613,0.5,7,0.045811429647003736,0.04544563302223256
116,5,32,33,0.06653225806451613,0.5,9,0.035623474121258956,0.035337452907398315
116,5,32,33,0.06653225806451613,0.5,11,0.029143219736599266,0.028908289141058686
116,5,32,33,0.06653225806451613,0.5,13,0.024658015068968083,0.024458645802652078
116,5,32,33,0.06653225806451613,0.5,15,0.02136936703621107,0.02119618990246592
116,5,32,33,0.06653225806451613,0.5,17,0.018854770920419893,0.018701693896670167
116,5,32,33,0.06653225806451613,0.5,19,0.016869702078539283,0.01673253958257592
116,5,32,33,0.06653225806451613,1.0,1,1.037196035403703,1.0125075982460212
116,5,32,33,0.06653225806451613,1.0,3,0.32822881299059586,0.3224226811848408
116,5,32,33,0.06653225806451613,1.0,5,0.19605751550530592,0.19264881603748113
116,5,32,33,0.06653225806451613,1.0,7,0.13984434771709758,0.13740253658901216
116,5,32,33,0.06653225806451613,1.0,9,0.10869723482645416,0.1067879109648148
116,5,32,33,0.06653225806451613,1.0,11,0.08890172457585555,0.08733199177982658
116,5,32,33,0.06653225806451613,1.0,13,0.0752072582705598,0.07387369361001044
116,5,32,33,0.06653225806451613,1.0,15,0.06516940439497315,0.06400984962731346
116,5,32,33,0.06653225806451613,1.0,17,0.057495904283980145,0.05646999546981025
116,5,32,33,0.06653225806451613,1.0,19,0.051439315014737856,0.05051932322617911
117,5,32,33,0.06653225806451613,0.1,1,0.012695564369070649,0.012142417179449173
117,5,32,33,0.06653225806451613,0.1,3,0.004228043356045497,0.004043083499751799
117,5,32,33,0.06653225806451613,0.1,5,0.002536640174262333,0.002425633206881756
117,5,32,33,0.06653225806451613,0.1,7,0.0018118491976810561,0.0017325523224270807
117,5,32,33,0.06653225806451613,0.1,9,0.0014092043078569438,0.0013475269737484891
117,5,32,33,0.06653225806451613,0.1,11,0.0011529804814083607,0.001102516383907089
117,5,32,33,0.06653225806451613,0.1,13,0.0009755965026972154,0.0009328957110829601
117,5,32,33,0.06653225806451613,0.1,15,0.0008455156822768971,0.0008085081111527674
117,5,32,33,0.06653225806451613,0.1,17,0.0007460424902576543,0.0007133886222164611
117,5,32,33,0.06653225806451613,0.1,19,0.000667511225739801,0.0006382945261216459
117,5,32,33,0.06653225806451613,0.5,1,0.2975112957192954,0.2857003160618773
117,5,32,33,0.06653225806451613,0.5,3,0.09715728946728554,0.0932767028319122
117,5,32,33,0.06653225806451613,0.5,5,0.0581873368872716,0.055866463800443834
117,5,32,33,0.06653225806451613,0.5,7,0.041539699094817015,0.039884771330265634
117,5,32,33,0.06653225806451613,0.5,9,0.03230090549102654,0.03101510809767094
117,5,32,33,0.06653225806451613,0.5,11,0.026424611268781616,0.025373349397205383
117,5,32,33,0.06653225806451613,0.5,13,0.022357541493259084,0.021468466982207002
117,5,32,33,0.06653225806451613,0.5,15,0.019375541279059178,0.01860530269348823
117,5,32,33,0.06653225806451613,0.5,17,0.017095453855749603,0.01641602939556878
117,5,32,33,0.06653225806451613,0.5,19,0.015295533538004308,0.014687766393714346
117,5,32,33,0.06653225806451613,1.0,1,0.974358422330134,0.9410971516745321
117,5,32,33,0.06653225806451613,1.0,3,0.30295477109585117,0.2962071172114303
117,5,32,33,0.06653225806451613,1.0,5,0.18057908422030558,0.1767863131751257
117,5,32,33,0.06653225806451613,1.0,7,0.1287492235124034,0.12607804346958382
117,5,32,33,0.06653225806451613,1.0,9,0.10006270913974974,0.09799498565795359
117,5,32,33,0.06653225806451613,1.0,11,0.08183817164971562,0.08014993721746029
117,5,32,33,0.06653225806451613,1.0,13,0.0692324380933217,0.06780549281765647
117,5,32,33,0.06653225806451613,1.0,15,0.05999315504756375,0.05875726106722662
117,5,32,33,0.06653225806451613,1.0,17,0.052930246962612164,0.051840196576281444
117,5,32,33,0.06653225806451613,1.0,19,0.04735557404386832,0.04638053449589733
118,5,32,33,0.06653225806451613,0.1,1,0.014901604504031205,0.014071530811448019
118,5,32,33,0.06653225806451613,0.1,3,0.004963497727723146,0.004681830162382265
118,5,32,33,0.06653225806451613,0.1,5,0.0029779025812149405,0.002808402691695747
118,5,32,33,0.06653225806451613,0.1,7,0.0021270313547025847,0.002005814624665859
118,5,32,33,0.06653225806451613,0.1,9,0.0016543432579260698,0.0015600022880339584
118,5,32,33,0.06653225806451613,0.1,11,0.001353547155435102,0.0012763276450375432
118,5,32,33,0.06653225806451613,0.1,13,0.0011453057994043883,0.001079947974733309
118,5,32,33,0.06653225806451613,0.1,15,0.0009925964347501765,0.0009359414765998822
118,5,32,33,0.06653225806451613,0.1,17,0.0008758191821434907,0.0008258217881193133
118,5,32,33,0.06653225806451613,0.1,19,0.0007836268938722213,0.0007388869492967119
118,5,32,33,0.06653225806451613,0.5,1,0.3437815770702657,0.3268448267936997
118,5,32,33,0.06653225806451613,0.5,3,0.11275223631607874,0.10590656872604931
118,5,32,33,0.06653225806451613,0.5,5,0.0675619155267214,0.06335141912558727
118,5,32,33,0.06653225806451613,0.5,7,0.048240406445453084,0.04520488651297098
118,5,32,33,0.06653225806451613,0.5,9,0.03751435261145035,0.03514204548864817
118,5,32,33,0.06653225806451613,0.5,11,0.0306910209817937,0.02874437456742537
118,5,32,33,0.06653225806451613,0.5,13,0.025968054885973705,0.024317667075706977
118,5,32,33,0.06653225806451613,0.5,15,0.022504938030084905,0.021072595374726152
118,5,32,33,0.06653225806451613,0.5,17,0.01985686884735637,0.01859170532004019
118,5,32,33,0.06653225806451613,0.5,19,0.01776639581999784,0.016633478909192728
118,5,32,33,0.06653225806451613,1.0,1,1.0719561023511732,1.0356318726611824
118,5,32,33,0.06653225806451613,1.0,3,0.3441336762285573,0.32324857487059067
118,5,32,33,0.06653225806451613,1.0,5,0.20590310640420328,0.19291585009975865
118,5,32,33,0.06653225806451613,1.0,7,0.14695513854708353,0.13758111770253825
118,5,32,33,0.06653225806451613,1.0,9,0.1142589956601812,0.10693325399548619
118,5,32,33,0.06653225806451613,1.0,11,0.09346769185866169,0.08745779715542461
118,5,32,33,0.06653225806451613,1.0,13,0.07907951516710754,0.07398552957488734
118,5,32,33,0.06653225806451613,1.0,15,0.06853078676025816,0.06411080066973396
118,5,32,33,0.06653225806451613,1.0,17,0.0604654250297056,0.056562089100245405
118,5,32,33,0.06653225806451613,1.0,19,0.054098757944654095,0.05060402016501174
119,5,32,33,0.06653225806451613,0.1,1,0.012660565625299311,0.012653912061635905
119,5,32,33,0.06653225806451613,0.1,3,0.004213932053637866,0.004212128225502385
119,5,32,33,0.06653225806451613,0.1,5,0.002527778739089898,0.002526823300668481
119,5,32,33,0.06653225806451613,0.1,7,0.00180539076474401,0.0018047529361131332
119,5,32,33,0.06653225806451613,0.1,9,0.0014041237700074013,0.0014036481413425644
119,5,32,33,0.06653225806451613,0.1,11,0.0011487933347968445,0.0011484151963173975
119,5,32,33,0.06653225806451613,0.1,13,0.0009720355632380421,0.0009717221897197712
119,5,32,33,0.06653225806451613,0.1,15,0.0008424180265073454,0.0008421506869814832
119,5,32,33,0.06653225806451613,0.1,17,0.0007433014552264983,0.0007430684672362526
119,5,32,33,0.06653225806451613,0.1,19,0.0006650531801321419,0.0006648467828711702
119,5,32,33,0.06653225806451613,0.5,1,0.2973376712776494,0.2968154484567172
119,5,32,33,0.06653225806451613,0.5,3,0.09737790503465919,0.09673831415018894
119,5,32,33,0.06653225806451613,0.5,5,0.058322385367407754,0.0579162748467705
119,5,32,33,0.06653225806451613,0.5,7,0.04163378182501145,0.04133991523076833
119,5,32,33,0.06653225806451613,0.5,9,0.03237235379351631,0.032142800388140505
119,5,32,33,0.06653225806451613,0.5,11,0.026481944308629546,0.02629381313708958
119,5,32,33,0.06653225806451613,0.5,13,0.022405302939160956,0.022246009123058984
119,5,32,33,0.06653225806451613,0.5,15,0.019416412685062827,0.01927832640647851
119,5,32,33,0.06653225806451613,0.5,17,0.01713114065401634,0.0170092965498823
119,5,32,33,0.06653225806451613,0.5,19,0.015327183827292869,0.015218173055128056
119,5,32,33,0.06653225806451613,1.0,1,0.9713640401997886,0.972321752847902
119,5,32,33,0.06653225806451613,1.0,3,0.3102511002420179,0.3038748673918352
119,5,32,33,0.06653225806451613,1.0,5,0.18561442119748017,0.18120268077046767
119,5,32,33,0.06653225806451613,1.0,7,0.13244649556998478,0.12919046442401758
119,5,32,33,0.06653225806451613,1.0,9,0.10296235162267829,0.10039853998563923
119,5,32,33,0.06653225806451613,1.0,11,0.0842173244079171,0.08210738106704545
119,5,32,33,0.06653225806451613,1.0,13,0.07124731895571533,0.06945629591133845
119,5,32,33,0.06653225806451613,1.0,15,0.06173952747547747,0.06018435648206843
119,5,32,33,0.06653225806451613,1.0,17,0.05447077578340552,0.05309690287426219
119,5,32,33,0.06653225806451613,1.0,19,0.04873340484180879,0.047503152382824536
120,5,32,33,0.06653225806451613,0.1,1,0.012625157273020781,0.01299002619803235
120,5,32,33,0.06653225806451613,0.1,3,0.004198986666518853,0.0043257322827825444
120,5,32,33,0.06653225806451613,0.1,5,0.002518579908624231,0.0025951086957673787
120,5,32,33,0.06653225806451613,0.1,7,0.0017987634711854603,0.0018535612354078088
120,5,32,33,0.06653225806451613,0.1,9,0.0013989478795167084,0.0014416234935606693
120,5,32,33,0.06653225806451613,0.1,11,0.0011445484290566617,0.0011794926052388175
120,5,32,33,0.06653225806451613,0.1,13,0.0009684382178005418,0.0009980222560814303
120,5,32,33,0.06653225806451613,0.1,15,0.0008392970177173703,0.0008649464427225459
120,5,32,33,0.06653225806451613,0.1,17,0.0007405454870326383,0.0007631839406574845
120,5,32,33,0.06653225806451613,0.1,19,0.0006625858577286279,0.0006828459346085914
120,5,32,33,0.06653225806451613,0.5,1,0.2980924253097649,0.30392911789589233
120,5,32,33,0.06653225806451613,0.5,3,0.09674746775208251,0.09978328846671762
120,5,32,33,0.06653225806451613,0.5,5,0.05787048306579526,0.05978699072848895
120,5,32,33,0.06653225806451613,0.5,7,0.04129300676341424,0.042686732016802495
120,5,32,33,0.06653225806451613,0.5,9,0.03210071682501952,0.033194358367259647
120,5,32,33,0.06653225806451613,0.5,11,0.02625668160182276,0.027156117636433073
120,5,32,33,0.06653225806451613,0.5,13,0.022213107138137414,0.022976725885211643
120,5,32,33,0.06653225806451613,0.5,15,0.019248918454183576,0.01991226982308262
120,5,32,33,0.06653225806451613,0.5,17,0.01698277298637511,0.017569087046360767
120,5,32,33,0.06653225806451613,0.5,19,0.015194050798132868,0.015719333582188497
120,5,32,33,0.06653225806451613,1.0,1,0.9834442552104731,0.9841732705061077
120,5,32,33,0.06653225806451613,1.0,3,0.30715077183023715,0.3165949133159229
120,5,32,33,0.06653225806451613,1.0,5,0.182936200155712,0.18929956392529068
120,5,32,33,0.06653225806451613,1.0,7,0.13037079447711558,0.1350608814940509
120,5,32,33,0.06653225806451613,1.0,9,0.10129713869322898,0.10499221698335769
120,5,32,33,0.06653225806451613,1.0,11,0.08283468058179648,0.08587760494790951
120,5,32,33,0.06653225806451613,1.0,13,0.07006803545078295,0.07265239456804261
120,5,32,33,0.06653225806451613,1.0,15,0.0607126740204394,0.0629576430254308
120,5,32,33,0.06653225806451613,1.0,17,0.05356206487978308,0.05554596562725907
120,5,32,33,0.06653225806451613,1.0,19,0.0479187868647937,0.04969575483421424
121,5,32,33,0.06653225806451613,0.1,1,0.013391843536235473,0.01343488535268749
121,5,32,33,0.06653225806451613,0.1,3,0.004458294976990564,0.0044698102875807754
121,5,32,33,0.06653225806451613,0.1,5,0.002674625420569921,0.0026811983345313827
121,5,32,33,0.06653225806451613,0.1,7,0.001910362536543272,0.0019149548644544954
121,5,32,33,0.06653225806451613,0.1,9,0.0014858058540789727,0.0014893333959863175
121,5,32,33,0.06653225806451613,0.1,11,0.0012156442723765435,0.0012185074154732421
121,5,32,33,0.06653225806451613,0.1,13,0.0010286138030536078,0.0010310229814263052
121,5,32,33,0.06653225806451613,0.1,15,0.0008914602854145236,0.0008935396757553081
121,5,32,33,0.06653225806451613,0.1,17,0.0007865793486816654,0.0007884083281336908
121,5,32,33,0.06653225806451613,0.1,19,0.0007037792907856124,0.0007054116666205153
121,5,32,33,0.06653225806451613,0.5,1,0.3127197815255383,0.3144684805131348
121,5,32,33,0.06653225806451613,0.5,3,0.10184220891188564,0.10196805669558777
121,5,32,33,0.06653225806451613,0.5,5,0.06098098000496643,0.06104670387254566
121,5,32,33,0.06653225806451613,0.5,7,0.0435308132727796,0.04357770750431366
121,5,32,33,0.06653225806451613,0.5,9,0.033847902285256526,0.033884809773984975
121,5,32,33,0.06653225806451613,0.5,11,0.027689549622597332,0.02772008985870888
121,5,32,33,0.06653225806451613,0.5,13,0.0234274389534032,0.02345352169881736
121,5,32,33,0.06653225806451613,0.5,15,0.020302519023307018,0.02032529365129479
121,5,32,33,0.06653225806451613,0.5,17,0.017913199029515603,0.017933416392000922
121,5,32,33,0.06653225806451613,0.5,19,0.016027076765891785,0.0160452561955204
121,5,32,33,0.06653225806451613,1.0,1,1.0172285518578137,1.0151185447377045
121,5,32,33,0.06653225806451613,1.0,3,0.32150804715961595,0.3214298423435547
121,5,32,33,0.06653225806451613,1.0,5,0.1914765762008354,0.19146632626823015
121,5,32,33,0.06653225806451613,1.0,7,0.13640154107457522,0.13640192724374792
121,5,32,33,0.06653225806451613,1.0,9,0.10594593451089118,0.10594857287817304
121,5,32,33,0.06653225806451613,1.0,11,0.08661249602315256,0.08661552815857643
121,5,32,33,0.06653225806451613,1.0,13,0.07324792748172967,0.0732508629357288
121,5,32,33,0.06653225806451613,1.0,15,0.06345718311353048,0.06345989555858786
121,5,32,33,0.06653225806451613,1.0,17,0.055975601063046235,0.055978073495251385
121,5,32,33,0.06653225806451613,1.0,19,0.050072329141952115,0.05007457790554961
122,5,32,33,0.06653225806451613,0.1,1,0.013637620840621194,0.011812433991317423
122,5,32,33,0.06653225806451613,0.1,3,0.004545058033216605,0.003933921489091072
122,5,32,33,0.06653225806451613,0.1,5,0.002726995941301293,0.002360182604619915
122,5,32,33,0.06653225806451613,0.1,7,0.0019478465977183525,0.0016858112137637278
122,5,32,33,0.06653225806451613,0.1,9,0.0015149893514082161,0.0013111757766810274
122,5,32,33,0.06653225806451613,0.1,11,0.0012395357287703628,0.0010727757400356703
122,5,32,33,0.06653225806451613,0.1,13,0.0010488374312365447,0.0009077311573111073
122,5,32,33,0.06653225806451613,0.1,15,0.0009089921722826052,0.0007866991611989886
122,5,32,33,0.06653225806451613,0.1,17,0.0008020517586144656,0.0006941456257515177
122,5,32,33,0.06653225806451613,0.1,19,0.0007176251585182692,0.0006210772303989227
122,5,32,33,0.06653225806451613,0.5,1,0.3205894810986208,0.2793890985116385
122,5,32,33,0.06653225806451613,0.5,3,0.10658371727446712,0.09131535270914856
122,5,32,33,0.06653225806451613,0.5,5,0.063939866653594,0.05470711284870513
122,5,32,33,0.06653225806451613,0.5,7,0.04566934084173482,0.03906043211602825
122,5,32,33,0.06653225806451613,0.5,9,0.03551996519882334,0.03037519788749373
122,5,32,33,0.06653225806451613,0.5,11,0.02906152826147831,0.024850307967006473
122,5,32,33,0.06653225806451613,0.5,13,0.024590396886350376,0.021026149047461522
122,5,32,33,0.06653225806451613,0.5,15,0.021311608297618516,0.0182221000462665
122,5,32,33,0.06653225806451613,0.5,17,0.01880431959736161,0.016077991936199184
122,5,32,33,0.06653225806451613,0.5,19,0.016824892033299423,0.014385363693999387
122,5,32,33,0.06653225806451613,1.0,1,1.0463419194094394,0.932700838858699
122,5,32,33,0.06653225806451613,1.0,3,0.35283320807640156,0.2958222748771899
122,5,32,33,0.06653225806451613,1.0,5,0.21193059464142602,0.176863524055196
122,5,32,33,0.06653225806451613,1.0,7,0.15142441657993644,0.12620864480772645
122,5,32,33,0.06653225806451613,1.0,9,0.11778908459615708,0.09812323563762762
122,5,32,33,0.06653225806451613,1.0,11,0.09637890862946703,0.08026650375076866
122,5,32,33,0.06653225806451613,1.0,13,0.08155431452537301,0.06790996128144514
122,5,32,33,0.06653225806451613,1.0,15,0.07068199927519739,0.058851033775700445
122,5,32,33,0.06653225806451613,1.0,17,0.06236740952882069,0.051924867975929406
122,5,32,33,0.06653225806451613,1.0,19,0.055803008514271404,0.04645751507446391
123,5,32,33,0.06653225806451613,0.1,1,0.012894029640366997,0.012916915644274853
123,5,32,33,0.06653225806451613,0.1,3,0.004293889174403664,0.004299526973868341
123,5,32,33,0.06653225806451613,0.1,5,0.002576126396062309,0.0025792993448549044
123,5,32,33,0.06653225806451613,0.1,7,0.0018400479203699745,0.0018422521003944505
123,5,32,33,0.06653225806451613,0.1,9,0.0014311343257170288,0.001432822200034781
123,5,32,33,0.06653225806451613,0.1,11,0.0011709220593440998,0.0011722893748246945
123,5,32,33,0.06653225806451613,0.1,13,0.0009907771733160965,0.000991926168633487
123,5,32,33,0.06653225806451613,0.1,15,0.0008586718488992029,0.0008596626037171955
123,5,32,33,0.06653225806451613,0.1,17,0.0007576505967603432,0.0007585214009831598
123,5,32,33,0.06653225806451613,0.1,19,0.0006778972336188605,0.0006786739843886241
123,5,32,33,0.06653225806451613,0.5,1,0.30177177221741913,0.30255703944300943
123,5,32,33,0.06653225806451613,0.5,3,0.09832798051143792,0.09819246346833316
123,5,32,33,0.06653225806451613,0.5,5,0.0588780907499913,0.05878137738463922
123,5,32,33,0.06653225806451613,0.5,7,0.042030690578621493,0.041959075802405196
123,5,32,33,0.06653225806451613,0.5,9,0.03268198028576505,0.032625606967991654
123,5,32,33,0.06653225806451613,0.5,11,0.026736044543223477,0.026689695696689306
123,5,32,33,0.06653225806451613,0.5,13,0.02262087544401287,0.022581572674250486
123,5,32,33,0.06653225806451613,0.5,15,0.019603652903460392,0.019569557893332864
123,5,32,33,0.06653225806451613,0.5,17,0.01729665607160577,0.017266560766919337
123,5,32,33,0.06653225806451613,0.5,19,0.015475505434651034,0.015448575678366855
123,5,32,33,0.06653225806451613,1.0,1,0.9861175224641461,0.9902425142976649
123,5,32,33,0.06653225806451613,1.0,3,0.3051475797421081,0.305575288495798
123,5,32,33,0.06653225806451613,1.0,5,0.18153737241192802,0.181504759868393
123,5,32,33,0.06653225806451613,1.0,7,0.12930733412021292,0.129204253280516
123,5,32,33,0.06653225806451613,1.0,9,0.10043961744408247,0.1003290772264261
123,5,32,33,0.06653225806451613,1.0,11,0.08211614065756406,0.08201149945079017
123,5,32,33,0.06653225806451613,1.0,13,0.06944961567687019,0.06935345578871228
123,5,32,33,0.06653225806451613,1.0,15,0.06016983339618827,0.060081991577897065
123,5,32,33,0.06653225806451613,1.0,17,0.0530783127031354,0.05299794441967575
123,5,32,33,0.06653225806451613,1.0,19,0.04748250554811851,0.047408676507448164
124,5,32,33,0.06653225806451613,0.1,1,0.012747869010634252,0.01352521645612444
124,5,32,33,0.06653225806451613,0.1,3,0.004243149831450807,0.004504150549869507
124,5,32,33,0.06653225806451613,0.1,5,0.0025455946314939986,0.002702286257298075
124,5,32,33,0.06653225806451613,0.1,7,0.0018182237626307445,0.001930164312483725
124,5,32,33,0.06653225806451613,0.1,9,0.0014141554348885688,0.0015012260568198778
124,5,32,33,0.06653225806451613,0.1,11,0.0011570285601827715,0.001228270541545556
124,5,32,33,0.06653225806451613,0.1,13,0.0009790204166499883,0.0010393032522905395
124,5,32,33,0.06653225806451613,0.1,15,0.0008484823221947432,0.0009007280766995691
124,5,32,33,0.06653225806451613,0.1,17,0.0007486596702017127,0.0007947592370430703
124,5,32,33,0.06653225806451613,0.1,19,0.0006698526348263359,0.0007110998488584641
124,5,32,33,0.06653225806451613,0.5,1,0.29832135272296634,0.3131983140706924
124,5,32,33,0.06653225806451613,0.5,3,0.0960114213509715,0.10202240229664358
124,5,32,33,0.06653225806451613,0.5,5,0.05743231159056317,0.061101025714692773
124,5,32,33,0.06653225806451613,0.5,7,0.04098848063049203,0.04362149481550666
124,5,32,33,0.06653225806451613,0.5,9,0.031868829758197145,0.03392075995673817
124,5,32,33,0.06653225806451613,0.5,11,0.026069895356605883,0.02775042168287808
124,5,32,33,0.06653225806451613,0.5,13,0.02205690152495495,0.023479701517811695
124,5,32,33,0.06653225806451613,0.5,15,0.019114762541679597,0.02034830010090685
124,5,32,33,0.06653225806451613,0.5,17,0.01686524809807388,0.017953925714677896
124,5,32,33,0.06653225806451613,0.5,19,0.015089507776145256,0.016063752267253595
124,5,32,33,0.06653225806451613,1.0,1,0.97310991195055,0.9921248284495292
124,5,32,33,0.06653225806451613,1.0,3,0.291915967030323,0.30687366857516
124,5,32,33,0.06653225806451613,1.0,5,0.1729975974586176,0.18291807360701326
124,5,32,33,0.06653225806451613,1.0,7,0.12310171658417801,0.13041687654957076
124,5,32,33,0.06653225806451613,1.0,9,0.09558930796973802,0.10135873727060145
124,5,32,33,0.06653225806451613,1.0,11,0.07814316554655208,0.08289811951583564
124,5,32,33,0.06653225806451613,1.0,13,0.06608847451317611,0.07012910102555156
124,5,32,33,0.06653225806451613,1.0,15,0.05725877402189956,0.0607701446659925
124,5,32,33,0.06653225806451613,1.0,17,0.0505118341885385,0.053615756008221147
124,5,32,33,0.06653225806451613,1.0,19,0.04518811603699679,0.04796888018321356
125,5,32,33,0.06653225806451613,0.1,1,0.010528994729802146,0.01086826116705492
125,5,32,33,0.06653225806451613,0.1,3,0.0035044486403661684,0.0036170535499219446
125,5,32,33,0.06653225806451613,0.1,5,0.0021024081313631413,0.0021697872059896744
125,5,32,33,0.06653225806451613,0.1,7,0.001501667139660705,0.0015497287929276903
125,5,32,33,0.06653225806451613,0.1,9,0.0011679459091805404,0.001205296513061039
125,5,32,33,0.06653225806451613,0.1,11,0.000955584701673495,0.0009861276810346183
125,5,32,33,0.06653225806451613,0.1,13,0.0008085679750586583,0.0008344020623621652
125,5,32,33,0.06653225806451613,0.1,15,0.0007007568528933697,0.0007231399466964613
125,5,32,33,0.06653225806451613,0.1,17,0.0006183136271808195,0.0006380590088394881
125,5,32,33,0.06653225806451613,0.1,19,0.0005532271842764321,0.0005708909610470195
125,5,32,33,0.06653225806451613,0.5,1,0.2508893413867894,0.25980114836612733
125,5,32,33,0.06653225806451613,0.5,3,0.08129358565094444,0.08449727961448947
125,5,32,33,0.06653225806451613,0.5,5,0.048657981340252746,0.050607126914452655
125,5,32,33,0.06653225806451613,0.5,7,0.034730108475128085,0.03612845939365308
125,5,32,33,0.06653225806451613,0.5,9,0.027003372814452836,0.02809306504872763
125,5,32,33,0.06653225806451613,0.5,11,0.022089664579276153,0.022982132170435522
125,5,32,33,0.06653225806451613,0.5,13,0.018689159118471292,0.01944477679530282
125,5,32,33,0.06653225806451613,0.5,15,0.01619605230831749,0.016851173712388107
125,5,32,33,0.06653225806451613,0.5,17,0.0142898688888187,0.014868069665394877
125,5,32,33,0.06653225806451613,0.5,19,0.012785162675031665,0.013302597852381824
125,5,32,33,0.06653225806451613,1.0,1,0.8658423243330159,0.8931024843481803
125,5,32,33,0.06653225806451613,1.0,3,0.2788370827407806,0.28463505075387424
125,5,32,33,0.06653225806451613,1.0,5,0.16713910384548436,0.17040298947080615
125,5,32,33,0.06653225806451613,1.0,7,0.1193537142552716,0.12167424386952322
125,5,32,33,0.06653225806451613,1.0,9,0.09282015659137102,0.0946216385357086
125,5,32,33,0.06653225806451613,1.0,11,0.07593915004217217,0.07741121969023913
125,5,32,33,0.06653225806451613,1.0,13,0.06425382012836718,0.06549833540846374
125,5,32,33,0.06653225806451613,1.0,15,0.055685270439631965,0.056763186837195785
125,5,32,33,0.06653225806451613,1.0,17,0.04913320574547469,0.05008387979436864
125,5,32,33,0.06653225806451613,1.0,19,0.04396072276564734,0.04481103640539141
126,5,32,33,0.06653225806451613,0.1,1,0.01304252871166287,0.013017930859895646
126,5,32,33,0.06653225806451613,0.1,3,0.004343444425365299,0.004335020156913428
126,5,32,33,0.06653225806451613,0.1,5,0.0026058552832933474,0.0026007696132024616
126,5,32,33,0.06653225806451613,0.1,7,0.0018612805154006279,0.0018576382051695179
126,5,32,33,0.06653225806451613,0.1,9,0.0014476473447065609,0.0014448102256499151
126,5,32,33,0.06653225806451613,0.1,11,0.0011844320073736943,0.0011821085294818666
126,5,32,33,0.06653225806451613,0.1,13,0.0010022082289163408,0.0010002409191622944
126,5,32,33,0.06653225806451613,0.1,15,0.0008685784727237273,0.0008668726502592977
126,5,32,33,0.06653225806451613,0.1,17,0.0007663915329231994,0.0007648858413391714
126,5,32,33,0.06653225806451613,0.1,19,0.0006857179248136013,0.00068437033548183
126,5,32,33,0.06653225806451613,0.5,1,0.3040866787119076,0.3044466376687065
126,5,32,33,0.06653225806451613,0.5,3,0.09934040637451694,0.09948941405830825
126,5,32,33,0.06653225806451613,0.5,5,0.059503031400970685,0.05959468000967919
126,5,32,33,0.06653225806451613,0.5,7,0.04248134601774649,0.042546658757656314
126,5,32,33,0.06653225806451613,0.5,9,0.03303411133008285,0.033084660974099
126,5,32,33,0.06653225806451613,0.5,11,0.027024927255419065,0.027066098834414985
126,5,32,33,0.06653225806451613,0.5,13,0.02286574235473703,0.022900447747061244
126,5,32,33,0.06653225806451613,0.5,15,0.01981613069472261,0.01984611457766111
126,5,32,33,0.06653225806451613,0.5,17,0.017484305706387173,0.01751069342314046
126,5,32,33,0.06653225806451613,0.5,19,0.015643518687161424,0.01566707743381917
126,5,32,33,0.06653225806451613,1.0,1,0.9867760438744049,0.9896606168481044
126,5,32,33,0.06653225806451613,1.0,3,0.3107343196524883,0.31652355167137425
126,5,32,33,0.06653225806451613,1.0,5,0.18549241369137673,0.18908851570317747
126,5,32,33,0.06653225806451613,1.0,7,0.13231188680754774,0.13486605596924103
126,5,32,33,0.06653225806451613,1.0,9,0.10285165103622916,0.10482261059682789
126,5,32,33,0.06653225806451613,1.0,11,0.08412860262919747,0.08572960146870327
126,5,32,33,0.06653225806451613,1.0,13,0.0711746815092199,0.07252178742080848
126,5,32,33,0.06653225806451613,1.0,15,0.06167866287149935,0.06284104104466011
126,5,32,33,0.06653225806451613,1.0,17,0.05441875184919499,0.05544078040574322
126,5,32,33,0.06653225806451613,1.0,19,0.048688192143290725,0.049600014199808085
127,5,32,33,0.06653225806451613,0.1,1,0.012089143661342734,0.013259438429192217
127,5,32,33,0.06653225806451613,0.1,3,0.004025928413937727,0.00441732260213088
127,5,32,33,0.06653225806451613,0.1,5,0.002415375290601384,0.002650274646492993
127,5,32,33,0.06653225806451613,0.1,7,0.0017252322955163078,0.0018930299287470366
127,5,32,33,0.06653225806451613,0.1,9,0.00134183589214251,0.0014723491257842463
127,5,32,33,0.06653225806451613,0.1,11,0.001097860988258202,0.0012046461847453193
127,5,32,33,0.06653225806451613,0.1,13,0.000928956990153203,0.0010193144938798156
127,5,32,33,0.06653225806451613,0.1,15,0.0008050948033657911,0.0008834050744091487
127,5,32,33,0.06653225806451613,0.1,17,0.0007103770277525718,0.0007794745819613174
127,5,32,33,0.06653225806451613,0.1,19,0.0006356000343111347,0.0006974243224947017
127,5,32,33,0.06653225806451613,0.5,1,0.2835211861360365,0.3106766628820198
127,5,32,33,0.06653225806451613,0.5,3,0.09318502201947296,0.10240182050292626
127,5,32,33,0.06653225806451613,0.5,5,0.05586346427269347,0.061394041198626875
127,5,32,33,0.06653225806451613,0.5,7,0.03989319268971877,0.0438437731613464
127,5,32,33,0.06653225806451613,0.5,9,0.031025074470555074,0.03409780962127048
127,5,32,33,0.06653225806451613,0.5,11,0.02538292529393624,0.027897008187119824
127,5,32,33,0.06653225806451613,0.5,13,0.02147726324048912,0.02360457758969499
127,5,32,33,0.06653225806451613,0.5,15,0.018613303819170292,0.020456983682414043
127,5,32,33,0.06653225806451613,0.5,17,0.016423312155548035,0.018050092930675554
127,5,32,33,0.06653225806451613,0.5,19,0.014694422508000866,0.01614996599729942
127,5,32,33,0.06653225806451613,1.0,1,0.9527318919138497,1.0112230063256304
127,5,32,33,0.06653225806451613,1.0,3,0.31019196194590404,0.33351148618104914
127,5,32,33,0.06653225806451613,1.0,5,0.1855633403923335,0.20020013363069383
127,5,32,33,0.06653225806451613,1.0,7,0.13243269233440969,0.1430208815823499
127,5,32,33,0.06653225806451613,1.0,9,0.10296679573237652,0.11124533288104124
127,5,32,33,0.06653225806451613,1.0,11,0.08423041079509148,0.091021791895775
127,5,32,33,0.06653225806451613,1.0,13,0.07126449540892618,0.07701985210898615
127,5,32,33,0.06653225806451613,1.0,15,0.0617585381816726,0.06675130981689578
127,5,32,33,0.06653225806451613,1.0,17,0.05449045239340469,0.058898670555227836
127,5,32,33,0.06653225806451613,1.0,19,0.048753124094728865,0.052699097082733785
128,5,32,33,0.06653225806451613,0.1,1,0.013368540421498711,0.013369940154433824
128,5,32,33,0.06653225806451613,0.1,3,0.004453559741847273,0.004454011582991437
128,5,32,33,0.06653225806451613,0.1,5,0.002672010029910393,0.0026722799566569976
128,5,32,33,0.06653225806451613,0.1,7,0.001908553832569364,0.0019087463967260847
128,5,32,33,0.06653225806451613,0.1,9,0.0014844228335159728,0.001484572527742051
128,5,32,33,0.06653225806451613,0.1,11,0.0012145244905672435,0.0012146469352435877
128,5,32,33,0.06653225806451613,0.1,13,0.0010276729715579678,0.0010277765627712979
128,5,32,33,0.06653225806451613,0.1,15,0.0008906490401007079,0.0008907388105427889
128,5,32,33,0.06653225806451613,0.1,17,0.0007858662878935547,0.0007859454920282428
128,5,32,33,0.06653225806451613,0.1,19,0.0007031431994120753,0.000703214063072883
128,5,32,33,0.06653225806451613,0.5,1,0.31344477032943846,0.31460222194438314
128,5,32,33,0.06653225806451613,0.5,3,0.10302357591392815,0.10352447924091153
128,5,32,33,0.06653225806451613,0.5,5,0.06174298445034899,0.0620432096990041
128,5,32,33,0.06653225806451613,0.5,7,0.04408810582053426,0.04430234787816051
128,5,32,33,0.06653225806451613,0.5,9,0.03428625751203707,0.03445281039335336
128,5,32,33,0.06653225806451613,0.5,11,0.028050531928515785,0.028186766764063648
128,5,32,33,0.06653225806451613,0.5,13,0.023734159900719833,0.023849417471176186
128,5,32,33,0.06653225806451613,0.5,15,0.020569112804561262,0.020668992657373327
128,5,32,33,0.06653225806451613,0.5,17,0.018148926780104494,0.018237050056374934
128,5,32,33,0.06653225806451613,0.5,19,0.016238331241347062,0.01631717457951256
128,5,32,33,0.06653225806451613,1.0,1,1.021393071256398,1.0324473755010088
128,5,32,33,0.06653225806451613,1.0,3,0.3249298728202628,0.33200325955272353
128,5,32,33,0.06653225806451613,1.0,5,0.19405132316696494,0.19818813210650882
128,5,32,33,0.06653225806451613,1.0,7,0.13842726545581,0.14134329841174484
128,5,32,33,0.06653225806451613,1.0,9,0.10760754643520835,0.10986071299582868
128,5,32,33,0.06653225806451613,1.0,11,0.0880184322552421,0.08985527390487977
128,5,32,33,0.06653225806451613,1.0,13,0.0744653930719266,0.07601626483728507
128,5,32,33,0.06653225806451613,1.0,15,0.06453028590112006,0.0658724910859262
128,5,32,33,0.06653225806451613,1.0,17,0.05693471928481558,0.05811788918985364
128,5,32,33,0.06653225806451613,1.0,19,0.050939226290793456,0.051997136016723476
129,5,32,33,0.06653225806451613,0.1,1,0.015032879044793791,0.014235947210793902
129,5,32,33,0.06653225806451613,0.1,3,0.0050048230571348865,0.004731367495096173
129,5,32,33,0.06653225806451613,0.1,5,0.0030024778828315946,0.002837518236874242
129,5,32,33,0.06653225806451613,0.1,7,0.002144523173374276,0.0020264267354403406
129,5,32,33,0.06653225806451613,0.1,9,0.0016679223153583792,0.0015759542923100317
129,5,32,33,0.06653225806451613,0.1,11,0.0013646442490397304,0.0012893378678224133
129,5,32,33,0.06653225806451613,0.1,13,0.001154688134699624,0.0010909323794489362
129,5,32,33,0.06653225806451613,0.1,15,0.001000723074856891,0.000945445891885846
129,5,32,33,0.06653225806451613,0.1,17,0.0008829865932807857,0.0008341976478916124
129,5,32,33,0.06653225806451613,0.1,19,0.0007900376290254903,0.0007463738029399088
129,5,32,33,0.06653225806451613,0.5,1,0.3457647772510996,0.3319002727276578
129,5,32,33,0.06653225806451613,0.5,3,0.11276043650440973,0.10682711119532695
129,5,32,33,0.06653225806451613,0.5,5,0.06751690786451253,0.06387322004161436
129,5,32,33,0.06653225806451613,0.5,7,0.04819440065914067,0.04557041285426464
129,5,32,33,0.06653225806451613,0.5,9,0.037472878064118004,0.03542354674728498
129,5,32,33,0.06653225806451613,0.5,11,0.030654216039183016,0.028973311950096527
129,5,32,33,0.06653225806451613,0.5,13,0.025935266723070418,0.024510597854587528
129,5,32,33,0.06653225806451613,0.5,15,0.022475492489862647,0.021239312203680635
129,5,32,33,0.06653225806451613,0.5,17,0.01983020160090333,0.018738482064975207
129,5,32,33,0.06653225806451613,0.5,19,0.017742055867573138,0.016764577018002862
129,5,32,33,0.06653225806451613,1.0,1,1.070960122631536,1.0471991095589346
129,5,32,33,0.06653225806451613,1.0,3,0.3414907831849228,0.32146149008424135
129,5,32,33,0.06653225806451613,1.0,5,0.20383628065169335,0.19165676279881613
129,5,32,33,0.06653225806451613,1.0,7,0.1453093113465974,0.1366011639632808
129,5,32,33,0.06653225806451613,1.0,9,0.11290130982711935,0.1061340956402989
129,5,32,33,0.06653225806451613,1.0,11,0.09231518251885559,0.08678443413902885
129,5,32,33,0.06653225806451613,1.0,13,0.07807942550917135,0.07340432829499353
129,5,32,33,0.06653225806451613,1.0,15,0.06764801436980605,0.06359985252543249
129,5,32,33,0.06653225806451613,1.0,17,0.05967558999134922,0.056106390377766255
129,5,32,33,0.06653225806451613,1.0,19,0.05338429532565536,0.050192872278295574
130,5,32,33,0.06653225806451613,0.1,1,0.014764750291610255,0.014779745620841667
130,5,32,33,0.06653225806451613,0.1,3,0.0049144178744271235,0.004916040824318657
130,5,32,33,0.06653225806451613,0.1,5,0.0029481117110192645,0.002948689565964405
130,5,32,33,0.06653225806451613,0.1,7,0.002105652328171072,0.002105944610000799
130,5,32,33,0.06653225806451613,0.1,9,0.0016376730211396433,0.001637848445230796
130,5,32,33,0.06653225806451613,0.1,11,0.0013398862616984754,0.001340002810848246
130,5,32,33,0.06653225806451613,0.1,13,0.001133734043642842,0.001133816875298391
130,5,32,33,0.06653225806451613,0.1,15,0.0009825596654527806,0.0009826214275137318
130,5,32,33,0.06653225806451613,0.1,17,0.0008669578964561036,0.0008670056319311732
130,5,32,33,0.06653225806451613,0.1,19,0.000775694637261591,0.000775732574786614
130,5,32,33,0.06653225806451613,0.5,1,0.3409260116850316,0.3430577923341585
130,5,32,33,0.06653225806451613,0.5,3,0.11105892677317247,0.11124026669687573
130,5,32,33,0.06653225806451613,0.5,5,0.06649856555630176,0.06654735470978769
130,5,32,33,0.06653225806451613,0.5,7,0.04746896963211741,0.047485935490462546
130,5,32,33,0.06653225806451613,0.5,9,0.03690971075614479,0.03691528491478027
130,5,32,33,0.06653225806451613,0.5,11,0.03019405237140832,0.030194678193429494
130,5,32,33,0.06653225806451613,0.5,13,0.025546276111835915,0.02554451375698333
130,5,32,33,0.06653225806451613,0.5,15,0.02213861722600854,0.02213563922790164
130,5,32,33,0.06653225806451613,0.5,17,0.019533131872548348,0.019529528487879807
130,5,32,33,0.06653225806451613,0.5,19,0.01747638134736061,0.01747246971878869
130,5,32,33,0.06653225806451613,1.0,1,1.0670626330235646,1.0830882237877049
130,5,32,33,0.06653225806451613,1.0,3,0.3391922993547936,0.33899097437235903
130,5,32,33,0.06653225806451613,1.0,5,0.20275849152942557,0.20213046955861586
130,5,32,33,0.06653225806451613,1.0,7,0.14467702033368068,0.14407734410911144
130,5,32,33,0.06653225806451613,1.0,9,0.112477462504322,0.11194583454191283
130,5,32,33,0.06653225806451613,1.0,11,0.09200623729954045,0.09153724695087047
130,5,32,33,0.06653225806451613,1.0,13,0.07784109839793218,0.07742428672179884
130,5,32,33,0.06653225806451613,1.0,15,0.06745654415966945,0.06708258876367318
130,5,32,33,0.06653225806451613,1.0,17,0.05951702187417941,0.0591784657976182
130,5,32,33,0.06653225806451613,1.0,19,0.05324985671579338,0.05294085851440182
131,5,32,33,0.06653225806451613,0.1,1,0.013790769062917192,0.013658328820028705
131,5,32,33,0.06653225806451613,0.1,3,0.004589612219932049,0.004548549309433604
131,5,32,33,0.06653225806451613,0.1,5,0.0027533106187392926,0.00272891401902264
131,5,32,33,0.06653225806451613,0.1,7,0.0019665443450660692,0.001949179678283608
131,5,32,33,0.06653225806451613,0.1,9,0.0015294955788509664,0.001516013673273042
131,5,32,33,0.06653225806451613,0.1,11,0.0012513873411865056,0.00124036834572113
131,5,32,33,0.06653225806451613,0.1,13,0.0010588564138949788,0.0010495391584719404
131,5,32,33,0.06653225806451613,0.1,15,0.0009176697041203032,0.0009095987428361327
131,5,32,33,0.06653225806451613,0.1,17,0.0008097048001822457,0.0008025859853461856
131,5,32,33,0.06653225806451613,0.1,19,0.0007244701615518087,0.0007181025073676892
131,5,32,33,0.06653225806451613,0.5,1,0.3254048496123348,0.3175755373530243
131,5,32,33,0.06653225806451613,0.5,3,0.10622673028708982,0.10364685715251856
131,5,32,33,0.06653225806451613,0.5,5,0.06361779068985648,0.06207554029726488
131,5,32,33,0.06653225806451613,0.5,7,0.04541714842197918,0.044315999005483366
131,5,32,33,0.06653225806451613,0.5,9,0.03531650883088302,0.03445994500339376
131,5,32,33,0.06653225806451613,0.5,11,0.02889195451785209,0.028190969790009433
131,5,32,33,0.06653225806451613,0.5,13,0.024445359231185994,0.023852085259586864
131,5,32,33,0.06653225806451613,0.5,15,0.021185044251560186,0.020670770991753556
131,5,32,33,0.06653225806451613,0.5,17,0.018692123415030355,0.018238274683607798
131,5,32,33,0.06653225806451613,0.5,19,0.01672417093895991,0.01631803554964994
131,5,32,33,0.06653225806451613,1.0,1,1.0638539956441293,1.0180568838707547
131,5,32,33,0.06653225806451613,1.0,3,0.34042460598998464,0.32020315434851976
131,5,32,33,0.06653225806451613,1.0,5,0.203426320019619,0.19129711777887942
131,5,32,33,0.06653225806451613,1.0,7,0.14513535491705468,0.1364767042685749
131,5,32,33,0.06653225806451613,1.0,9,0.11282756960499571,0.10609525586011831
131,5,32,33,0.06653225806451613,1.0,11,0.09228999789342979,0.08678280451905789
131,5,32,33,0.06653225806451613,1.0,13,0.07807989046466957,0.07342053649368138
131,5,32,33,0.06653225806451613,1.0,15,0.06766278667497432,0.0636250246205138
131,5,32,33,0.06653225806451613,1.0,17,0.05969858519987537,0.05613607388279338
131,5,32,33,0.06653225806451613,1.0,19,0.05341205045745074,0.05022468836603684
132,5,32,33,0.06653225806451613,0.1,1,0.012320971231099431,0.012511059078002457
132,5,32,33,0.06653225806451613,0.1,3,0.004099808600970056,0.004165763788127308
132,5,32,33,0.06653225806451613,0.1,5,0.0024593767521300766,0.002499217431154067
132,5,32,33,0.06653225806451613,0.1,7,0.0017565682154153147,0.0017851042090176019
132,5,32,33,0.06653225806451613,0.1,9,0.0013661690813878604,0.0013883968712924365
132,5,32,33,0.06653225806451613,0.1,11,0.0011177499518264244,0.0011359533479176022
132,5,32,33,0.06653225806451613,0.1,13,0.0009457745454177365,0.0009611873030092721
132,5,32,33,0.06653225806451613,0.1,15,0.0008196627355119648,0.0008330267008044941
132,5,32,33,0.06653225806451613,0.1,17,0.0007232262069059487,0.0007350221326414977
132,5,32,33,0.06653225806451613,0.1,19,0.0006470932414421606,0.0006576504406055893
132,5,32,33,0.06653225806451613,0.5,1,0.2920614308434416,0.2964231516922651
132,5,32,33,0.06653225806451613,0.5,3,0.09498844103390496,0.09667111198381215
132,5,32,33,0.06653225806451613,0.5,5,0.056878680811056744,0.05788745308948684
132,5,32,33,0.06653225806451613,0.5,7,0.04060457139696417,0.041323047685796574
132,5,32,33,0.06653225806451613,0.5,9,0.03157377636241349,0.03213134101317864
132,5,32,33,0.06653225806451613,0.5,11,0.025829887044340985,0.026285320012634943
132,5,32,33,0.06653225806451613,0.5,13,0.0218544642741524,0.022239347529935834
132,5,32,33,0.06653225806451613,0.5,15,0.018939649789573375,0.01927289035355439
132,5,32,33,0.06653225806451613,0.5,17,0.016710921994515845,0.017004729599836666
132,5,32,33,0.06653225806451613,0.5,19,0.014951535672921932,0.01521425010386906
132,5,32,33,0.06653225806451613,1.0,1,0.9727906311844438,0.9859373783627108
132,5,32,33,0.06653225806451613,1.0,3,0.30774256694236163,0.3125731824187138
132,5,32,33,0.06653225806451613,1.0,5,0.18378893362121654,0.18654003139600311
132,5,32,33,0.06653225806451613,1.0,7,0.13110821508272819,0.13302188641287077
132,5,32,33,0.06653225806451613,1.0,9,0.10191819672129407,0.10338362528222354
132,5,32,33,0.06653225806451613,1.0,11,0.08336460750894384,0.08455144986094712
132,5,32,33,0.06653225806451613,1.0,13,0.0705279343270758,0.07152501321583506
132,5,32,33,0.06653225806451613,1.0,15,0.061117952455698135,0.061977505770206755
132,5,32,33,0.06653225806451613,1.0,17,0.053923863008256495,0.05467919010650117
132,5,32,33,0.06653225806451613,1.0,19,0.04824528587894945,0.04891890790639163
133,5,32,33,0.06653225806451613,0.1,1,0.012817712032168185,0.012714990917620038
133,5,32,33,0.06653225806451613,0.1,3,0.004267903700023437,0.0042343073524409745
133,5,32,33,0.06653225806451613,0.1,5,0.0025604687370635692,0.002540361430656534
133,5,32,33,0.06653225806451613,0.1,7,0.0018288433261358086,0.001814494441187314
133,5,32,33,0.06653225806451613,0.1,9,0.001422410704594485,0.001411255882301599
133,5,32,33,0.06653225806451613,0.1,11,0.0011637798796907313,0.001154655907170652
133,5,32,33,0.06653225806451613,0.1,13,0.000984731046560231,0.0009770122966267596
133,5,32,33,0.06653225806451613,0.1,15,0.0008534301249838539,0.0008467414956321891
133,5,32,33,0.06653225806451613,0.1,17,0.0007530243654377388,0.0007471232665503029
133,5,32,33,0.06653225806451613,0.1,19,0.000673757138939353,0.0006684776495183016
133,5,32,33,0.06653225806451613,0.5,1,0.29928756078692104,0.2972348925903638
133,5,32,33,0.06653225806451613,0.5,3,0.09756079801942823,0.09709457897183522
133,5,32,33,0.06653225806451613,0.5,5,0.05843183413507299,0.058166974914380984
133,5,32,33,0.06653225806451613,0.5,7,0.04171585897449426,0.0415298316428897
133,5,32,33,0.06653225806451613,0.5,9,0.03243869434729319,0.03229512729701079
133,5,32,33,0.06653225806451613,0.5,11,0.026537777703749064,0.02642082838746865
133,5,32,33,0.06653225806451613,0.5,13,0.022453555123020455,0.02235487404209037
133,5,32,33,0.06653225806451613,0.5,15,0.019458916529338437,0.019373557233309514
133,5,32,33,0.06653225806451613,0.5,17,0.017169128844122986,0.017093917197966182
133,5,32,33,0.06653225806451613,0.5,19,0.015361528021318505,0.015294304872301797
133,5,32,33,0.06653225806451613,1.0,1,0.9710999608828622,0.966649507808516
133,5,32,33,0.06653225806451613,1.0,3,0.30814597690534623,0.3070771814775902
133,5,32,33,0.06653225806451613,1.0,5,0.18393274591866504,0.18317615554837716
133,5,32,33,0.06653225806451613,1.0,7,0.13116651722929384,0.1305906461216665
133,5,32,33,0.06653225806451613,1.0,9,0.10194240285810081,0.1014796956457714
133,5,32,33,0.06653225806451613,1.0,11,0.08337295535640947,0.08298689790469047
133,5,32,33,0.06653225806451613,1.0,13,0.07052814509424998,0.07019720599971596
133,5,32,33,0.06653225806451613,1.0,15,0.06111372585506303,0.060824247717207854
133,5,32,33,0.06653225806451613,1.0,17,0.05391713485609943,0.0536599436918895
133,5,32,33,0.06653225806451613,1.0,19,0.04823713614057772,0.04800578425907168
134,5,32,33,0.06653225806451613,0.1,1,0.013624350947126227,0.013591548227300323
134,5,32,33,0.06653225806451613,0.1,3,0.004538261284285585,0.004526759049296576
134,5,32,33,0.06653225806451613,0.1,5,0.0027228037508521814,0.0027158752016191545
134,5,32,33,0.06653225806451613,0.1,7,0.0019448297098187688,0.0019398753926778882
134,5,32,33,0.06653225806451613,0.1,9,0.0015126356918443032,0.001508780620680873
134,5,32,33,0.06653225806451613,0.1,11,0.0012376070289166167,0.001234452170177929
134,5,32,33,0.06653225806451613,0.1,13,0.0010472040049430227,0.001044534163752398
134,5,32,33,0.06653225806451613,0.1,15,0.0009075757479916117,0.0009052616978526182
134,5,32,33,0.06653225806451613,0.1,17,0.0008008015076969322,0.0007987595880270586
134,5,32,33,0.06653225806451613,0.1,19,0.0007165062213709858,0.0007146791711418429
134,5,32,33,0.06653225806451613,0.5,1,0.3181783555280207,0.31856326870473456
134,5,32,33,0.06653225806451613,0.5,3,0.10430901489804176,0.10424386349012257
134,5,32,33,0.06653225806451613,0.5,5,0.06250142501190065,0.0624544465485585
134,5,32,33,0.06653225806451613,0.5,7,0.044627345129191844,0.0445922480621957
134,5,32,33,0.06653225806451613,0.5,9,0.0347048662882097,0.03467707621643425
134,5,32,33,0.06653225806451613,0.5,11,0.02839269920300335,0.02836975810617998
134,5,32,33,0.06653225806451613,0.5,13,0.024023525147424632,0.02400401432171959
134,5,32,33,0.06653225806451613,0.5,15,0.02081980855190079,0.02080284527988081
134,5,32,33,0.06653225806451613,0.5,17,0.01837007734272608,0.018355077975906915
134,5,32,33,0.06653225806451613,0.5,19,0.016436170450139134,0.016422730031956195
134,5,32,33,0.06653225806451613,1.0,1,1.0258990143250004,1.0329473226673775
134,5,32,33,0.06653225806451613,1.0,3,0.32510779732286577,0.32824473873249
134,5,32,33,0.06653225806451613,1.0,5,0.19410764974419442,0.19604481633202925
134,5,32,33,0.06653225806451613,1.0,7,0.1384568001480698,0.13984680738920743
134,5,32,33,0.06653225806451613,1.0,9,0.10762700796448316,0.10870955818796926
134,5,32,33,0.06653225806451613,1.0,11,0.08803288551219454,0.08891908404450746
134,5,32,33,0.06653225806451613,1.0,13,0.07447690321870024,0.07522696313887059
134,5,32,33,0.06653225806451613,1.0,15,0.06453986873563008,0.06519001866023477
134,5,32,33,0.06653225806451613,1.0,17,0.05694294267422439,0.057516658093975034
134,5,32,33,0.06653225806451613,1.0,19,0.05094643825203987,0.05145979452289033
135,5,32,33,0.06653225806451613,0.1,1,0.013991289550741233,0.013852626612518073
135,5,32,33,0.06653225806451613,0.1,3,0.004659502105640957,0.004611408938588667
135,5,32,33,0.06653225806451613,0.1,5,0.002795491531178278,0.0027664578177772894
135,5,32,33,0.06653225806451613,0.1,7,0.0019967372563138427,0.0019759481909984835
135,5,32,33,0.06653225806451613,0.1,9,0.0015530039276608705,0.001536813517900572
135,5,32,33,0.06653225806451613,0.1,11,0.0012706336535249635,0.0012573761864422734
135,5,32,33,0.06653225806451613,0.1,13,0.0010751485967426927,0.001063924523917207
135,5,32,33,0.06653225806451613,0.1,15,0.0009317938031388687,0.0009220623643154519
135,5,32,33,0.06653225806451613,0.1,17,0.0008221700078042523,0.0008135808275783872
135,5,32,33,0.06653225806451613,0.1,19,0.0007356251574875844,0.0007279382647813444
135,5,32,33,0.06653225806451613,0.5,1,0.3243836047544021,0.3211174604272247
135,5,32,33,0.06653225806451613,0.5,3,0.1059630794621881,0.10451858573022761
135,5,32,33,0.06653225806451613,0.5,5,0.0634675459852177,0.06257591215837162
135,5,32,33,0.06653225806451613,0.5,7,0.04531117546948857,0.044667234895339164
135,5,32,33,0.06653225806451613,0.5,9,0.03523440395315119,0.03473060874738494
135,5,32,33,0.06653225806451613,0.5,11,0.02882485914853944,0.028411153770431883
135,5,32,33,0.06653225806451613,0.5,13,0.024388600505599652,0.024037668449213925
135,5,32,33,0.06653225806451613,0.5,15,0.021135847205123404,0.02083115548945151
135,5,32,33,0.06653225806451613,0.5,17,0.018648702383424278,0.01837948756823232
135,5,32,33,0.06653225806451613,0.5,19,0.016685307908468457,0.01644417198365433
135,5,32,33,0.06653225806451613,1.0,1,1.0341921567470311,1.0178505456498796
135,5,32,33,0.06653225806451613,1.0,3,0.32603466262996866,0.32469277956034237
135,5,32,33,0.06653225806451613,1.0,5,0.19469475990244112,0.19450489576704452
135,5,32,33,0.06653225806451613,1.0,7,0.13887553214346435,0.13887170870069288
135,5,32,33,0.06653225806451613,1.0,9,0.10794867737756218,0.10799105342685221
135,5,32,33,0.06653225806451613,1.0,11,0.0882926489979038,0.08834740934074914
135,5,32,33,0.06653225806451613,1.0,13,0.0746941481106011,0.07475089660423752
135,5,32,33,0.06653225806451613,1.0,15,0.06472626550137987,0.06478145559152718
135,5,32,33,0.06653225806451613,1.0,17,0.05710600711732392,0.057158451239826484
135,5,32,33,0.06653225806451613,1.0,19,0.051091272528758024,0.05114067500449685
136,5,32,33,0.06653225806451613,0.1,1,0.012929814018153548,0.013142539681839635
136,5,32,33,0.06653225806451613,0.1,3,0.004304817805366594,0.004377083943510842
136,5,32,33,0.06653225806451613,0.1,5,0.002582542279986045,0.0026260399605003136
136,5,32,33,0.06653225806451613,0.1,7,0.0018445858118948451,0.0018756959763511494
136,5,32,33,0.06653225806451613,0.1,9,0.0014346440708615914,0.0014588579441983706
136,5,32,33,0.06653225806451613,0.1,11,0.001173783296759748,0.0011936034256465236
136,5,32,33,0.06653225806451613,0.1,13,0.000993192104985118,0.001009968081299928
136,5,32,33,0.06653225806451613,0.1,15,0.0008607608852572468,0.0008753032849198638
136,5,32,33,0.06653225806451613,0.1,17,0.0007594912207019565,0.0007723249125843278
136,5,32,33,0.06653225806451613,0.1,19,0.0006795422355117733,0.000691026534683815
136,5,32,33,0.06653225806451613,0.5,1,0.30244731789992796,0.30673332476699644
136,5,32,33,0.06653225806451613,0.5,3,0.09862380512465035,0.10029196236531737
136,5,32,33,0.06653225806451613,0.5,5,0.0590574175013389,0.06007649064612481
136,5,32,33,0.06653225806451613,0.5,7,0.042158372502869024,0.04289101645779406
136,5,32,33,0.06653225806451613,0.5,9,0.032780893025296104,0.03335260026940572
136,5,32,33,0.06653225806451613,0.5,11,0.026816697379197535,0.027285379660346287
136,5,32,33,0.06653225806451613,0.5,13,0.022688930923098326,0.023086027431690196
136,5,32,33,0.06653225806451613,0.5,15,0.019662501358438993,0.020006972204484896
136,5,32,33,0.06653225806451613,0.5,17,0.0173484849915466,0.01765264135817178
136,5,32,33,0.06653225806451613,0.5,19,0.01552180715676133,0.01579409383612669
136,5,32,33,0.06653225806451613,1.0,1,0.9802818267342341,0.9953098324215282
136,5,32,33,0.06653225806451613,1.0,3,0.30734886184320254,0.31154342338611724
136,5,32,33,0.06653225806451613,1.0,5,0.18359069989188515,0.18587174255663066
136,5,32,33,0.06653225806451613,1.0,7,0.13097335005352892,0.13254238098460694
136,5,32,33,0.06653225806451613,1.0,9,0.10181455573190369,0.10301167977854085
136,5,32,33,0.06653225806451613,1.0,11,0.0832799014966882,0.08424815730502928
136,5,32,33,0.06653225806451613,1.0,13,0.07045608767225879,0.07126915996535928
136,5,32,33,0.06653225806451613,1.0,15,0.06105547210600438,0.06175633678390571
136,5,32,33,0.06653225806451613,1.0,17,0.05386853662097495,0.05448446240840625
136,5,32,33,0.06653225806451613,1.0,19,0.048195615330393335,0.04874499490383733
137,5,32,33,0.06653225806451613,0.1,1,0.01527889959862143,0.01476361850407865
137,5,32,33,0.06653225806451613,0.1,3,0.005087822946650051,0.004914446467110226
137,5,32,33,0.06653225806451613,0.1,5,0.003052223378389732,0.0029481920668298525
137,5,32,33,0.06653225806451613,0.1,7,0.0021800262531846836,0.0021057303508307543
137,5,32,33,0.06653225806451613,0.1,9,0.0016955205321067773,0.001637742886397982
137,5,32,33,0.06653225806451613,0.1,11,0.0013872158615812276,0.0013399482876831543
137,5,32,33,0.06653225806451613,0.1,13,0.001173781764469393,0.0011337894086897423
137,5,32,33,0.06653225806451613,0.1,15,0.001017267301419833,0.0009826094946136983
137,5,32,33,0.06653225806451613,0.1,17,0.0008975819517724876,0.000867003116485683
137,5,32,33,0.06653225806451613,0.1,19,0.0008030948384395881,0.0007757359865672079
137,5,32,33,0.06653225806451613,0.5,1,0.3524172622199449,0.34373970164255463
137,5,32,33,0.06653225806451613,0.5,3,0.11604545149186712,0.11188570414596158
137,5,32,33,0.06653225806451613,0.5,5,0.06953466724944346,0.06698022801464892
137,5,32,33,0.06653225806451613,0.5,7,0.04964463029562016,0.04780948635124704
137,5,32,33,0.06653225806451613,0.5,9,0.03860363054993882,0.03717325297650343
137,5,32,33,0.06653225806451613,0.5,11,0.03158050208429358,0.030409071870267475
137,5,32,33,0.06653225806451613,0.5,13,0.026719578032084475,0.025727890244276977
137,5,32,33,0.06653225806451613,0.5,15,0.02315550834765658,0.022295823014310934
137,5,32,33,0.06653225806451613,0.5,17,0.020430374823914927,0.01967171960455499
137,5,32,33,0.06653225806451613,0.5,19,0.01827914936112352,0.017600297754120094
137,5,32,33,0.06653225806451613,1.0,1,1.0972783154702808,1.0925720670444024
137,5,32,33,0.06653225806451613,1.0,3,0.35614166714668094,0.3428329708124846
137,5,32,33,0.06653225806451613,1.0,5,0.21296017013835503,0.20431849618833492
137,5,32,33,0.06653225806451613,1.0,7,0.15193447973221147,0.14562934034569283
137,5,32,33,0.06653225806451613,1.0,9,0.11810217812387745,0.1131554592338487
137,5,32,33,0.06653225806451613,1.0,11,0.09659574980492935,0.09253072548053982
137,5,32,33,0.06653225806451613,1.0,13,0.08171638907574931,0.07826815304287887
137,5,32,33,0.06653225806451613,1.0,15,0.07080959596673135,0.06781646596139813
137,5,32,33,0.06653225806451613,1.0,17,0.062471684430486854,0.0598279532162009
137,5,32,33,0.06653225806451613,1.0,19,0.05589064101631272,0.05352349130416825
138,5,32,33,0.06653225806451613,0.1,1,0.015247054231408267,0.014768893314040436
138,5,32,33,0.06653225806451613,0.1,3,0.005076010698096896,0.004918123896950386
138,5,32,33,0.06653225806451613,0.1,5,0.003045128175145515,0.0029505779080609674
138,5,32,33,0.06653225806451613,0.1,7,0.002174965696164898,0.0021074856610316345
138,5,32,33,0.06653225806451613,0.1,9,0.0016915897430635298,0.0016391294603361767
138,5,32,33,0.06653225806451613,0.1,11,0.0013840030714838357,0.001341093631538065
138,5,32,33,0.06653225806451613,0.1,13,0.0011710654210124796,0.00113476482608976
138,5,32,33,0.06653225806451613,0.1,15,0.00101491462165016,0.000983458807322054
138,5,32,33,0.06653225806451613,0.1,17,0.0008955071122361347,0.0008677551555079614
138,5,32,33,0.06653225806451613,0.1,19,0.0008012391767000136,0.0007764107210739234
138,5,32,33,0.06653225806451613,0.5,1,0.3512723805763525,0.3425202272373463
138,5,32,33,0.06653225806451613,0.5,3,0.11466780969954872,0.11193315554822524
138,5,32,33,0.06653225806451613,0.5,5,0.06866205498302824,0.06704318717201321
138,5,32,33,0.06653225806451613,0.5,7,0.049012823635620595,0.047863177157907805
138,5,32,33,0.06653225806451613,0.5,9,0.0381096737074308,0.03721839509307395
138,5,32,33,0.06653225806451613,0.5,11,0.031175369477047344,0.030447648309015876
138,5,32,33,0.06653225806451613,0.5,13,0.026376327744619787,0.025761447328358333
138,5,32,33,0.06653225806451613,0.5,15,0.022857800829579278,0.022325466630175476
138,5,32,33,0.06653225806451613,0.5,17,0.020167570509941325,0.01969824349915096
138,5,32,33,0.06653225806451613,0.5,19,0.018043939400395632,0.017624283592311003
138,5,32,33,0.06653225806451613,1.0,1,1.0971084482306162,1.0824300831324971
138,5,32,33,0.06653225806451613,1.0,3,0.3465709768986236,0.3412281352990676
138,5,32,33,0.06653225806451613,1.0,5,0.20665959723039062,0.20355103393122434
138,5,32,33,0.06653225806451613,1.0,7,0.1473222397868367,0.14513175293566152
138,5,32,33,0.06653225806451613,1.0,9,0.11447875305452157,0.11278789781322214
138,5,32,33,0.06653225806451613,1.0,11,0.09361604906955835,0.09223929688470993
138,5,32,33,0.06653225806451613,1.0,13,0.07918770953081339,0.07802667048083671
138,5,32,33,0.06653225806451613,1.0,15,0.06861402300526008,0.06761026989979096
138,5,32,33,0.06653225806451613,1.0,17,0.06053200771610815,0.05964801695424495
138,5,32,33,0.06653225806451613,1.0,19,0.054153619805883214,0.05336386315178219
139,5,32,33,0.06653225806451613,0.1,1,0.013681171900063299,0.013664628461645211
139,5,32,33,0.06653225806451613,0.1,3,0.004554344755049543,0.004549000233983157
139,5,32,33,0.06653225806451613,0.1,5,0.002732174054154331,0.002728979252798528
139,5,32,33,0.06653225806451613,0.1,7,0.0019514416789741336,0.0019491628795554519
139,5,32,33,0.06653225806451613,0.1,9,0.001517744203814985,0.0015159731075020146
139,5,32,33,0.06653225806451613,0.1,11,0.001241769228114975,0.0012403208049142794
139,5,32,33,0.06653225806451613,0.1,13,0.0010507157259623636,0.00104949051264401
139,5,32,33,0.06653225806451613,0.1,15,0.0009106128434099522,0.0009095512268164622
139,5,32,33,0.06653225806451613,0.1,17,0.0008034770063734903,0.0008025404425389716
139,5,32,33,0.06653225806451613,0.1,19,0.0007188970706149279,0.0007180592021353676
139,5,32,33,0.06653225806451613,0.5,1,0.318779902362645,0.31778033777642406
139,5,32,33,0.06653225806451613,0.5,3,0.10388685144774126,0.10364066234435299
139,5,32,33,0.06653225806451613,0.5,5,0.06220582040836101,0.062054025836975155
139,5,32,33,0.06653225806451613,0.5,7,0.04440486662722489,0.044294412701694104
139,5,32,33,0.06653225806451613,0.5,9,0.034527234439001,0.03444030300765372
139,5,32,33,0.06653225806451613,0.5,11,0.028245062364385384,0.028173361354803125
139,5,32,33,0.06653225806451613,0.5,13,0.02389728738658925,0.02383626420977054
139,5,32,33,0.06653225806451613,0.5,15,0.020709582387361432,0.0206564640968898
139,5,32,33,0.06653225806451613,0.5,17,0.01827227320827341,0.018225244354876144
139,5,32,33,0.06653225806451613,0.5,19,0.016348280128472836,0.016306086897631925
139,5,32,33,0.06653225806451613,1.0,1,1.022868510131894,1.018206006865844
139,5,32,33,0.06653225806451613,1.0,3,0.32242550074956283,0.32228726056172385
139,5,32,33,0.06653225806451613,1.0,5,0.19255430161822804,0.19256240164948765
139,5,32,33,0.06653225806451613,1.0,7,0.13735629172428418,0.13738809287195114
139,5,32,33,0.06653225806451613,1.0,9,0.10677224236449659,0.10680737344952539
139,5,32,33,0.06653225806451613,1.0,11,0.08733318686107866,0.08736701401497973
139,5,32,33,0.06653225806451613,1.0,13,0.07388424888915363,0.07391570586921137
139,5,32,33,0.06653225806451613,1.0,15,0.0640256644758403,0.06405465844008912
139,5,32,33,0.06653225806451613,1.0,17,0.056488750522331696,0.05651546453082031
139,5,32,33,0.06653225806451613,1.0,19,0.05053966041775339,0.050564340360131965
140,5,32,33,0.06653225806451613,0.1,1,0.013068224174168794,0.012610253081074453
140,5,32,33,0.06653225806451613,0.1,3,0.004349127232541051,0.0041977123319450246
140,5,32,33,0.06653225806451613,0.1,5,0.0026089290035620897,0.002518259803530248
140,5,32,33,0.06653225806451613,0.1,7,0.0018633738254973567,0.0017986676730139398
140,5,32,33,0.06653225806451613,0.1,9,0.0014492314379207442,0.0013989298299002587
140,5,32,33,0.06653225806451613,0.1,11,0.0011857051929872672,0.0011445627189879109
140,5,32,33,0.06653225806451613,0.1,13,0.0010032721448815906,0.0009684671876140951
140,5,32,33,0.06653225806451613,0.1,15,0.000869492026439678,0.0008393327830635571
140,5,32,33,0.06653225806451613,0.1,17,0.0007671918730883476,0.0007405841998842229
140,5,32,33,0.06653225806451613,0.1,19,0.0006864299682099521,0.0006626255292059557
140,5,32,33,0.06653225806451613,0.5,1,0.3069111330152637,0.29456650558441716
140,5,32,33,0.06653225806451613,0.5,3,0.09987818064542048,0.0956847420617993
140,5,32,33,0.06653225806451613,0.5,5,0.059804470880364474,0.05728951476092511
140,5,32,33,0.06653225806451613,0.5,7,0.0426910153613406,0.04089689105600794
140,5,32,33,0.06653225806451613,0.5,9,0.03319485560400201,0.031800817860378396
140,5,32,33,0.06653225806451613,0.5,11,0.02715525430105619,0.026015528931348238
140,5,32,33,0.06653225806451613,0.5,13,0.0229753281368315,0.022011492342466656
140,5,32,33,0.06653225806451613,0.5,15,0.01991066828185479,0.019075713668705613
140,5,32,33,0.06653225806451613,0.5,17,0.017567427487690482,0.016830963365771997
140,5,32,33,0.06653225806451613,0.5,19,0.01571768374853938,0.015058932253564744
140,5,32,33,0.06653225806451613,1.0,1,1.0012670111244255,0.9647922669225891
140,5,32,33,0.06653225806451613,1.0,3,0.3167522772450097,0.30693042957727784
140,5,32,33,0.06653225806451613,1.0,5,0.1892800820486852,0.18329602042904036
140,5,32,33,0.06653225806451613,1.0,7,0.13503454846526247,0.13074170431631119
140,5,32,33,0.06653225806451613,1.0,9,0.1049691202083043,0.10162444211144554
140,5,32,33,0.06653225806451613,1.0,11,0.08585788467696696,0.08311896673245514
140,5,32,33,0.06653225806451613,1.0,13,0.07263536179229992,0.07031667515656877
140,5,32,33,0.06653225806451613,1.0,15,0.06294270009234747,0.06093255257360175
140,5,32,33,0.06653225806451613,1.0,17,0.05553266996356683,0.053758644302632864
140,5,32,33,0.06653225806451613,1.0,19,0.04968378347299872,0.04809626628016417
141,5,32,33,0.06653225806451613,0.1,1,0.01341864553415242,0.012758538535301317
141,5,32,33,0.06653225806451613,0.1,3,0.004467939273009786,0.004244718002922229
141,5,32,33,0.06653225806451613,0.1,5,0.002680419272582137,0.0025460906411893403
141,5,32,33,0.06653225806451613,0.1,7,0.0019144979411340115,0.0018184265911809125
141,5,32,33,0.06653225806451613,0.1,9,0.001489019911831012,0.0014142446547405357
141,5,32,33,0.06653225806451613,0.1,11,0.001218272408115513,0.001157064933538668
141,5,32,33,0.06653225806451613,0.1,13,0.0010308365827947084,0.0009790293764352976
141,5,32,33,0.06653225806451613,0.1,15,0.000893385987377998,0.0008484760573528222
141,5,32,33,0.06653225806451613,0.1,17,0.0007882779931291113,0.0007486445933329827
141,5,32,33,0.06653225806451613,0.1,19,0.0007052987594337931,0.0006698323546296131
141,5,32,33,0.06653225806451613,0.5,1,0.3129961561766461,0.301270889498166
141,5,32,33,0.06653225806451613,0.5,3,0.1023485465164816,0.09830657897285319
141,5,32,33,0.06653225806451613,0.5,5,0.06130340874635022,0.05885512141047954
141,5,32,33,0.06653225806451613,0.5,7,0.043765011789017136,0.04200845562629704
141,5,32,33,0.06653225806451613,0.5,9,0.034031302145922884,0.032661580070827416
141,5,32,33,0.06653225806451613,0.5,11,0.027840108546288912,0.02671755136132456
141,5,32,33,0.06653225806451613,0.5,13,0.023555072332127776,0.02260409910271557
141,5,32,33,0.06653225806451613,0.5,15,0.020413258447143603,0.019588363192766325
141,5,32,33,0.06653225806451613,0.5,17,0.01801097992151479,0.017282642100347342
141,5,32,33,0.06653225806451613,0.5,19,0.016114606373269547,0.015462587856896236
141,5,32,33,0.06653225806451613,1.0,1,1.0093934506882107,0.9952586071260323
141,5,32,33,0.06653225806451613,1.0,3,0.3217311574459363,0.317104789584015
141,5,32,33,0.06653225806451613,1.0,5,0.19237782156149305,0.18935456982221
141,5,32,33,0.06653225806451613,1.0,7,0.1372651842304424,0.13505768714296892
141,5,32,33,0.06653225806451613,1.0,9,0.10670968657228082,0.10497708794779381
141,5,32,33,0.06653225806451613,1.0,11,0.0872844336332265,0.08586013655383337
141,5,32,33,0.06653225806451613,1.0,13,0.0738437310562071,0.07263514419623233
141,5,32,33,0.06653225806451613,1.0,15,0.0639907196194514,0.06294133390907065
141,5,32,33,0.06653225806451613,1.0,17,0.05645788762581391,0.055530756965228315
141,5,32,33,0.06653225806451613,1.0,19,0.05051194870221909,0.04968161989442919
142,5,32,33,0.06653225806451613,0.1,1,0.017166060449122368,0.016483683998402655
142,5,32,33,0.06653225806451613,0.1,3,0.005709742368909627,0.005488052336689664
142,5,32,33,0.06653225806451613,0.1,5,0.0034247223390193133,0.0032924707248136987
142,5,32,33,0.06653225806451613,0.1,7,0.0024459118191476853,0.0023516849317082593
142,5,32,33,0.06653225806451613,0.1,9,0.0019022433799346624,0.0018290599223873792
142,5,32,33,0.06653225806451613,0.1,11,0.0015563135245448686,0.0014964906803336818
142,5,32,33,0.06653225806451613,0.1,13,0.0013168417774701577,0.0012662545141878844
142,5,32,33,0.06653225806451613,0.1,15,0.0011412384223884195,0.0010974165628931777
142,5,32,33,0.06653225806451613,0.1,17,0.0010069587161483655,0.0009683061859880977
142,5,32,33,0.06653225806451613,0.1,19,0.0009009515783159477,0.0008663775103693289
142,5,32,33,0.06653225806451613,0.5,1,0.3940630699813849,0.3765321436995337
142,5,32,33,0.06653225806451613,0.5,3,0.12794489607721965,0.1223213865192715
142,5,32,33,0.06653225806451613,0.5,5,0.0765477152026358,0.07324021471817704
142,5,32,33,0.06653225806451613,0.5,7,0.054622878262564525,0.05228363946007201
142,5,32,33,0.06653225806451613,0.5,9,0.04246370257296071,0.0406549297769684
142,5,32,33,0.06653225806451613,0.5,11,0.03473300909944401,0.03325881997147711
142,5,32,33,0.06653225806451613,0.5,13,0.029383902255560652,0.028139928892174013
142,5,32,33,0.06653225806451613,0.5,15,0.025462646760548418,0.024386739689259716
142,5,32,33,0.06653225806451613,0.5,17,0.0224648144501943,0.021516987002713914
142,5,32,33,0.06653225806451613,0.5,19,0.020098561708860898,0.01925157540637311
142,5,32,33,0.06653225806451613,1.0,1,1.2011200339620174,1.1474856301043739
142,5,32,33,0.06653225806451613,1.0,3,0.37698427410118307,0.3568987575490835
142,5,32,33,0.06653225806451613,1.0,5,0.2247660013648556,0.21288867077286056
142,5,32,33,0.06653225806451613,1.0,7,0.1602234307720316,0.15180915384622007
142,5,32,33,0.06653225806451613,1.0,9,0.12450024950963949,0.11799051403539397
142,5,32,33,0.06653225806451613,1.0,11,0.10180895431335277,0.09650250534046319
142,5,32,33,0.06653225806451613,1.0,13,0.08611637667283857,0.08163852187303594
142,5,32,33,0.06653225806451613,1.0,15,0.07461645475816864,0.07074373282869219
142,5,32,33,0.06653225806451613,1.0,17,0.06582663696159717,0.06241515207052476
142,5,32,33,0.06653225806451613,1.0,19,0.0588897605601621,0.05584144480580739
143,5,32,33,0.06653225806451613,0.1,1,0.013110721334994023,0.012943668434223218
143,5,32,33,0.06653225806451613,0.1,3,0.004361848724837325,0.00430382209094704
143,5,32,33,0.06653225806451613,0.1,5,0.0026164575957151625,0.002581287042984076
143,5,32,33,0.06653225806451613,0.1,7,0.0018687249646031471,0.0018434896020557284
143,5,32,33,0.06653225806451613,0.1,9,0.0014533831517320247,0.0014337055997014265
143,5,32,33,0.06653225806451613,0.1,11,0.0011890970451557115,0.0011729708743724934
143,5,32,33,0.06653225806451613,0.1,13,0.0010061393776310838,0.0009924786031896273
143,5,32,33,0.06653225806451613,0.1,15,0.0008719752458958487,0.0008601259720864471
143,5,32,33,0.06653225806451613,0.1,17,0.0007693818225457377,0.0007589198510613502
143,5,32,33,0.06653225806451613,0.1,19,0.0006883886179696134,0.0006790231388023457
143,5,32,33,0.06653225806451613,0.5,1,0.3090339739295077,0.3065119883040471
143,5,32,33,0.06653225806451613,0.5,3,0.10033074256234359,0.0994776789653773
143,5,32,33,0.06653225806451613,0.5,5,0.060051424133959704,0.05948793458196885
143,5,32,33,0.06653225806451613,0.5,7,0.04286057804252601,0.04244025331131827
143,5,32,33,0.06653225806451613,0.5,9,0.03332394672607377,0.032989004482130595
143,5,32,33,0.06653225806451613,0.5,11,0.0272594744230007,0.026981170057275846
143,5,32,33,0.06653225806451613,0.5,13,0.02306271597271384,0.02282470263970748
143,5,32,33,0.06653225806451613,0.5,15,0.01998590707302457,0.019778011869996222
143,5,32,33,0.06653225806451613,0.5,17,0.01763348431477373,0.01744895052481066
143,5,32,33,0.06653225806451613,0.5,19,0.01577655680498593,0.015610669804461283
143,5,32,33,0.06653225806451613,1.0,1,1.0083919600951419,1.010708634115961
143,5,32,33,0.06653225806451613,1.0,3,0.32198744626229486,0.31888124865282746
143,5,32,33,0.06653225806451613,1.0,5,0.19252156580831278,0.18980070714510358
143,5,32,33,0.06653225806451613,1.0,7,0.13735524586955072,0.13517277420431767
143,5,32,33,0.06653225806451613,1.0,9,0.10677252957121436,0.10497638296955725
143,5,32,33,0.06653225806451613,1.0,11,0.08733156786993229,0.08581200294704608
143,5,32,33,0.06653225806451613,1.0,13,0.0738808979266126,0.07256635758162289
143,5,32,33,0.06653225806451613,1.0,15,0.0640211102380642,0.0628638047599936
143,5,32,33,0.06653225806451613,1.0,17,0.056483426212577216,0.055450223619074084
143,5,32,33,0.06653225806451613,1.0,19,0.05053387055302592,0.04960097938667146
144,5,32,33,0.06653225806451613,0.1,1,0.014273424302624215,0.013633362111337722
144,5,32,33,0.06653225806451613,0.1,3,0.004755531358314891,0.004542761564789239
144,5,32,33,0.06653225806451613,0.1,5,0.0028532092780104816,0.002725575731234255
144,5,32,33,0.06653225806451613,0.1,7,0.0020379850663234268,0.0019468238274657598
144,5,32,33,0.06653225806451613,0.1,9,0.0015850925945299634,0.0015141911953540806
144,5,32,33,0.06653225806451613,0.1,11,0.0012968910825566563,0.0012388815869017811
144,5,32,33,0.06653225806451613,0.1,13,0.0010973679864330476,0.0010482833887478016
144,5,32,33,0.06653225806451613,0.1,15,0.0009510514984807881,0.0009085117096719492
144,5,32,33,0.06653225806451613,0.1,17,0.0008391626408361236,0.0008016276485618107
144,5,32,33,0.06653225806451613,0.1,19,0.0007508294514290243,0.0007172455834300602
144,5,32,33,0.06653225806451613,0.5,1,0.3316688224959612,0.3187734857421778
144,5,32,33,0.06653225806451613,0.5,3,0.10928646353768613,0.10543705685676523
144,5,32,33,0.06653225806451613,0.5,5,0.06550629887837013,0.06322152555283221
144,5,32,33,0.06653225806451613,0.5,7,0.04677722076522871,0.045150187909478126
144,5,32,33,0.06653225806451613,0.5,9,0.0363781156843397,0.03511423461560417
144,5,32,33,0.06653225806451613,0.5,11,0.029762185414944256,0.028728759917427776
144,5,32,33,0.06653225806451613,0.5,13,0.02518254658850838,0.024308430588176996
144,5,32,33,0.06653225806451613,0.5,15,0.021824416246572966,0.021067023646691458
144,5,32,33,0.06653225806451613,0.5,17,0.01925656805448657,0.018588383455840095
144,5,32,33,0.06653225806451613,0.5,19,0.01722939159939418,0.016631606846719535
144,5,32,33,0.06653225806451613,1.0,1,1.0575106771990375,1.036298487139026
144,5,32,33,0.06653225806451613,1.0,3,0.33845899181124495,0.34060787439049317
144,5,32,33,0.06653225806451613,1.0,5,0.20199387636100236,0.20388865754247532
144,5,32,33,0.06653225806451613,1.0,7,0.14406082934285622,0.14553651422764868
144,5,32,33,0.06653225806451613,1.0,9,0.11197598323855026,0.11316318097168157
144,5,32,33,0.06653225806451613,1.0,11,0.09158703580358907,0.09257477125583752
144,5,32,33,0.06653225806451613,1.0,13,0.0774822444317695,0.07832601238350809
144,5,32,33,0.06653225806451613,1.0,15,0.06714339461992536,0.06787901042711617
144,5,32,33,0.06653225806451613,1.0,17,0.05923951838038522,0.05989115822330435
144,5,32,33,0.06653225806451613,1.0,19,0.05300085840118254,0.05358551583819068
145,5,32,33,0.06653225806451613,0.1,1,0.014337451956970018,0.013718150643001737
145,5,32,33,0.06653225806451613,0.1,3,0.004771726723732619,0.004565488151792457
145,5,32,33,0.06653225806451613,0.1,5,0.002862450465325473,0.0027387789903847988
145,5,32,33,0.06653225806451613,0.1,7,0.0020444505327798655,0.001956139010817136
145,5,32,33,0.06653225806451613,0.1,9,0.0015900648833512589,0.0015213897079845314
145,5,32,33,0.06653225806451613,0.1,11,0.001300930586986189,0.001244748025665982
145,5,32,33,0.06653225806451613,0.1,13,0.0011007694434620632,0.0010532340717010838
145,5,32,33,0.06653225806451613,0.1,15,0.0009539889980054441,0.0009127940732099328
145,5,32,33,0.06653225806451613,0.1,17,0.0008417475706054485,0.0008054007422678998
145,5,32,33,0.06653225806451613,0.1,19,0.0007531373823782867,0.0007206177000330652
145,5,32,33,0.06653225806451613,0.5,1,0.33226290086727167,0.3184949188366341
145,5,32,33,0.06653225806451613,0.5,3,0.10813268756781595,0.10326577418698125
145,5,32,33,0.06653225806451613,0.5,5,0.06472331423292775,0.061812002260021974
145,5,32,33,0.06653225806451613,0.5,7,0.04619366526509587,0.04411944831363205
145,5,32,33,0.06653225806451613,0.5,9,0.035914425486135264,0.034303920922495595
145,5,32,33,0.06653225806451613,0.5,11,0.02937789789605349,0.028061800830948988
145,5,32,33,0.06653225806451613,0.5,13,0.024854586119729998,0.023741950125016828
145,5,32,33,0.06653225806451613,0.5,15,0.02153844369640494,0.020574808910009738
145,5,32,33,0.06653225806451613,0.5,17,0.0190030831895804,0.018153267542989526
145,5,32,33,0.06653225806451613,0.5,19,0.01700178256351787,0.01624174578021729
145,5,32,33,0.06653225806451613,1.0,1,1.04714697440406,1.0099830891693906
145,5,32,33,0.06653225806451613,1.0,3,0.33048465304744645,0.3137392617671295
145,5,32,33,0.06653225806451613,1.0,5,0.19715533357501264,0.18740602004462154
145,5,32,33,0.06653225806451613,1.0,7,0.14053351364689382,0.1336995031578174
145,5,32,33,0.06653225806451613,1.0,9,0.10918872449194002,0.10393669486166754
145,5,32,33,0.06653225806451613,1.0,11,0.08927960249183736,0.08501762819604879
145,5,32,33,0.06653225806451613,1.0,13,0.07551238439456501,0.07192751599562885
145,5,32,33,0.06653225806451613,1.0,15,0.06542437217586136,0.06233147078327157
145,5,32,33,0.06653225806451613,1.0,17,0.0577143896389831,0.05499498162922551
145,5,32,33,0.06653225806451613,1.0,19,0.05163016927736319,0.04920391372270658
146,5,32,33,0.06653225806451613,0.1,1,0.013537923480524868,0.013537923480524941
146,5,32,33,0.06653225806451613,0.1,3,0.0045078345160861,0.0045078345160861405
146,5,32,33,0.06653225806451613,0.1,5,0.002704402971079355,0.0027044029710793626
146,5,32,33,0.06653225806451613,0.1,7,0.0019316455146583718,0.0019316455146584778
146,5,32,33,0.06653225806451613,0.1,9,0.0015023644030397242,0.0015023644030396205
146,5,32,33,0.06653225806451613,0.1,11,0.0012291946548593636,0.0012291946548593415
146,5,32,33,0.06653225806451613,0.1,13,0.0010400808915354272,0.0010400808915355462
146,5,32,33,0.06653225806451613,0.1,15,0.0009013992737686367,0.0009013992737685962
146,5,32,33,0.06653225806451613,0.1,17,0.0007953495982824413,0.0007953495982821487
146,5,32,33,0.06653225806451613,0.1,19,0.0007116267387152402,0.0007116267387153212
146,5,32,33,0.06653225806451613,0.5,1,0.313993515858063,0.31399351585806445
146,5,32,33,0.06653225806451613,0.5,3,0.10251864900983709,0.10251864900983887
146,5,32,33,0.06653225806451613,0.5,5,0.06141040648656558,0.06141040648656665
146,5,32,33,0.06653225806451613,0.5,7,0.043844405404633975,0.043844405404635044
146,5,32,33,0.06653225806451613,0.5,9,0.03409461114349836,0.03409461114349955
146,5,32,33,0.06653225806451613,0.5,11,0.02789279982863479,0.027892799828635382
146,5,32,33,0.06653225806451613,0.5,13,0.02360021126161025,0.023600211261609754
146,5,32,33,0.06653225806451613,0.5,15,0.020452744683787084,0.020452744683788073
146,5,32,33,0.06653225806451613,0.5,17,0.01804607441337391,0.018046074413374816
146,5,32,33,0.06653225806451613,0.5,19,0.016146189637911017,0.016146189637913293
146,5,32,33,0.06653225806451613,1.0,1,0.9984495224677622,0.998449522467765
146,5,32,33,0.06653225806451613,1.0,3,0.3180018109098624,0.31800181090986485
146,5,32,33,0.06653225806451613,1.0,5,0.18993853488803256,0.1899385348880355
146,5,32,33,0.06653225806451613,1.0,7,0.13548608600394818,0.13548608600395193
146,5,32,33,0.06653225806451613,1.0,9,0.10531456477041444,0.10531456477041619
146,5,32,33,0.06653225806451613,1.0,11,0.08613829235583723,0.08613829235583839
146,5,32,33,0.06653225806451613,1.0,13,0.07287162635943008,0.07287162635943285
146,5,32,33,0.06653225806451613,1.0,15,0.06314696255124319,0.06314696255124616
146,5,32,33,0.06653225806451613,1.0,17,0.0557126337269629,0.05571263372696502
146,5,32,33,0.06653225806451613,1.0,19,0.04984465275537065,0.04984465275537291
147,5,32,33,0.06653225806451613,0.1,1,0.013555940103860513,0.013109961454737497
147,5,32,33,0.06653225806451613,0.1,3,0.004515948192141234,0.004365863523862165
147,5,32,33,0.06653225806451613,0.1,5,0.002709437927211147,0.0026192944553259235
147,5,32,33,0.06653225806451613,0.1,7,0.0019352866981448673,0.0018708758617086497
147,5,32,33,0.06653225806451613,0.1,9,0.0015052145263340167,0.0014551085804407815
147,5,32,33,0.06653225806451613,0.1,11,0.0012315356103478354,0.0011905356953003728
147,5,32,33,0.06653225806451613,0.1,13,0.0010420668458898954,0.0010073723197145637
147,5,32,33,0.06653225806451613,0.1,15,0.0009031236381658919,0.0008730536542281064
147,5,32,33,0.06653225806451613,0.1,17,0.0007968732246145711,0.0007703399756265706
147,5,32,33,0.06653225806451613,0.1,19,0.0007129914683739809,0.0006892505668619764
147,5,32,33,0.06653225806451613,0.5,1,0.3134290016134121,0.3056475100308538
147,5,32,33,0.06653225806451613,0.5,3,0.10303990476662717,0.09978677201929487
147,5,32,33,0.06653225806451613,0.5,5,0.0617582382343544,0.05977184348474007
147,5,32,33,0.06653225806451613,0.5,7,0.04409998403650619,0.042674000192495426
147,5,32,33,0.06653225806451613,0.5,9,0.03429576369002,0.033184276726891684
147,5,32,33,0.06653225806451613,0.5,11,0.02805839948481653,0.027147967979102842
147,5,32,33,0.06653225806451613,0.5,13,0.023740850261818575,0.022969961011846663
147,5,32,33,0.06653225806451613,0.5,15,0.02057492340959665,0.019906522770721767
147,5,32,33,0.06653225806451613,0.5,17,0.018154057622349704,0.017564110579023375
147,5,32,33,0.06653225806451613,0.5,19,0.01624292225853847,0.015714956559895507
147,5,32,33,0.06653225806451613,1.0,1,0.9902100972277419,0.9836951443176375
147,5,32,33,0.06653225806451613,1.0,3,0.31793847084577853,0.3079308291705291
147,5,32,33,0.06653225806451613,1.0,5,0.19025417206201353,0.1838115547250328
147,5,32,33,0.06653225806451613,1.0,7,0.13578936462031085,0.13110841275960455
147,5,32,33,0.06653225806451613,1.0,9,0.10557779765018983,0.10191378081890651
147,5,32,33,0.06653225806451613,1.0,11,0.08636600631661619,0.08335932856524952
147,5,32,33,0.06653225806451613,1.0,13,0.07307081150309118,0.07052276878379289
147,5,32,33,0.06653225806451613,1.0,15,0.06332339887387263,0.06111315726769279
147,5,32,33,0.06653225806451613,1.0,17,0.05587072061903175,0.05391948078461529
147,5,32,33,0.06653225806451613,1.0,19,0.04998771121200293,0.04824129316409644
148,5,32,33,0.06653225806451613,0.1,1,0.013784869031489769,0.013719997707665528
148,5,32,33,0.06653225806451613,0.1,3,0.0045823062732141895,0.004568530410515363
148,5,32,33,0.06653225806451613,0.1,5,0.002748304005386777,0.0027408528785514115
148,5,32,33,0.06653225806451613,0.1,7,0.001962777767776384,0.0019576934681352232
148,5,32,33,0.06653225806451613,0.1,9,0.0015264837728296522,0.0015226297269049158
148,5,32,33,0.06653225806451613,0.1,11,0.0012488803233781,0.0012457785455184968
148,5,32,33,0.06653225806451613,0.1,13,0.0010567100148694169,0.0010541153296270889
148,5,32,33,0.06653225806451613,0.1,15,0.0009157935558458047,0.0009135636966769993
148,5,32,33,0.06653225806451613,0.1,17,0.0008080386235226918,0.0008060837645832105
148,5,32,33,0.06653225806451613,0.1,19,0.0007229717776639289,0.0007212316017711079
148,5,32,33,0.06653225806451613,0.5,1,0.32527443667699235,0.3187303866334253
148,5,32,33,0.06653225806451613,0.5,3,0.10498805441450122,0.1038613761667124
148,5,32,33,0.06653225806451613,0.5,5,0.06277617773714547,0.06219957034538061
148,5,32,33,0.06653225806451613,0.5,7,0.04479324734684098,0.04440408545418404
148,5,32,33,0.06653225806451613,0.5,9,0.034823215299732,0.034528412123305804
148,5,32,33,0.06653225806451613,0.5,11,0.028484750965198098,0.028247015767758645
148,5,32,33,0.06653225806451613,0.5,13,0.02409892674513662,0.02389954369751111
148,5,32,33,0.06653225806451613,0.5,15,0.020883717677979037,0.020711932098468822
148,5,32,33,0.06653225806451613,0.5,17,0.01842556936659022,0.01827461793450421
148,5,32,33,0.06653225806451613,0.5,19,0.016485226591870298,0.01635057278268311
148,5,32,33,0.06653225806451613,1.0,1,1.0575462202057109,1.0196533786037445
148,5,32,33,0.06653225806451613,1.0,3,0.33368582792468526,0.3188039089895443
148,5,32,33,0.06653225806451613,1.0,5,0.1983260424776276,0.19032047642547534
148,5,32,33,0.06653225806451613,1.0,7,0.1411431997732604,0.13575131472096244
148,5,32,33,0.06653225806451613,1.0,9,0.10956966332947289,0.10552154759936745
148,5,32,33,0.06653225806451613,1.0,11,0.08954490052795883,0.08630915834332019
148,5,32,33,0.06653225806451613,1.0,13,0.07571074784623713,0.0730175307997074
148,5,32,33,0.06653225806451613,1.0,15,0.06558023006007949,0.06327445085013232
148,5,32,33,0.06653225806451613,1.0,17,0.057841378065219565,0.055825921602836025
148,5,32,33,0.06653225806451613,1.0,19,0.0517365270669941,0.04994663294877584
149,5,32,33,0.06653225806451613,0.1,1,0.014829288231058533,0.014141027292875284
149,5,32,33,0.06653225806451613,0.1,3,0.004935537356674708,0.0047080535727232154
149,5,32,33,0.06653225806451613,0.1,5,0.0029606985948263144,0.0028244765894275
149,5,32,33,0.06653225806451613,0.1,7,0.002114614611056751,0.0020173977825209024
149,5,32,33,0.06653225806451613,0.1,9,0.0016446309752416414,0.0015690549366114497
149,5,32,33,0.06653225806451613,0.1,11,0.0013455723782731213,0.0012837568770628725
149,5,32,33,0.06653225806451613,0.1,13,0.0011385413638560743,0.0010862473845080368
149,5,32,33,0.06653225806451613,0.1,15,0.000986723438296007,0.0009414092889676671
149,5,32,33,0.06653225806451613,0.1,17,0.0008706300670399981,0.0008306519322278672
149,5,32,33,0.06653225806451613,0.1,19,0.0007789790234605235,0.0007432126085678328
149,5,32,33,0.06653225806451613,0.5,1,0.34566274264819913,0.329569377163734
149,5,32,33,0.06653225806451613,0.5,3,0.11274179002523138,0.10739780398637955
149,5,32,33,0.06653225806451613,0.5,5,0.06748237130930153,0.06430529486067227
149,5,32,33,0.06653225806451613,0.5,7,0.048161335766386114,0.04590278546473736
149,5,32,33,0.06653225806451613,0.5,9,0.03744329692887957,0.03569165962538499
149,5,32,33,0.06653225806451613,0.5,11,0.030627931585992994,0.02919748776624587
149,5,32,33,0.06653225806451613,0.5,13,0.025911780057646678,0.024703033741960465
149,5,32,33,0.06653225806451613,0.5,15,0.02245433366816087,0.021407806519400645
149,5,32,33,0.06653225806451613,0.5,17,0.01981098384132202,0.0188882967781285
149,5,32,33,0.06653225806451613,0.5,19,0.017724470567573713,0.016899421269263314
149,5,32,33,0.06653225806451613,1.0,1,1.1059234155232522,1.0591883862236655
149,5,32,33,0.06653225806451613,1.0,3,0.35166899551924913,0.33415296852867776
149,5,32,33,0.06653225806451613,1.0,5,0.20975716418542945,0.1993757287010099
149,5,32,33,0.06653225806451613,1.0,7,0.14949257460647,0.14215603116192552
149,5,32,33,0.06653225806451613,1.0,9,0.11613691133455376,0.11047283850257436
149,5,32,33,0.06653225806451613,1.0,11,0.09495357309480469,0.09034371614917462
149,5,32,33,0.06653225806451613,1.0,13,0.0803068513349174,0.0764214255625698
149,5,32,33,0.06653225806451613,1.0,15,0.06957530494366952,0.06621803062420994
149,5,32,33,0.06653225806451613,1.0,17,0.06137405158335049,0.05841877240028471
149,5,32,33,0.06653225806451613,1.0,19,0.05490251334218306,0.05226339079168794
150,5,32,33,0.06653225806451613,0.1,1,0.012087467543351124,0.01206741221249678
150,5,32,33,0.06653225806451613,0.1,3,0.004024267523261094,0.004016917418117579
150,5,32,33,0.06653225806451613,0.1,5,0.002414228534319591,0.002409737973817566
150,5,32,33,0.06653225806451613,0.1,7,0.0017243661162326153,0.0017211337049695304
150,5,32,33,0.06653225806451613,0.1,9,0.0013411416551143752,0.001338616756606493
150,5,32,33,0.06653225806451613,0.1,11,0.0010972822207479275,0.001095210752751745
150,5,32,33,0.06653225806451613,0.1,13,0.0009284609406980739,0.0009267048476122207
150,5,32,33,0.06653225806451613,0.1,15,0.0008046608651282975,0.0008031368090704602
150,5,32,33,0.06653225806451613,0.1,17,0.0007099914177456643,0.0007086452377837797
150,5,32,33,0.06653225806451613,0.1,19,0.0006352530884397272,0.0006340476043321839
150,5,32,33,0.06653225806451613,0.5,1,0.28439693588854087,0.28388806926526566
150,5,32,33,0.06653225806451613,0.5,3,0.09272737636306548,0.09247091964670917
150,5,32,33,0.06653225806451613,0.5,5,0.05551430389841947,0.055362203983519306
150,5,32,33,0.06653225806451613,0.5,7,0.03962483670773796,0.03951741798751356
150,5,32,33,0.06653225806451613,0.5,9,0.030808967160842624,0.0307260714928035
150,5,32,33,0.06653225806451613,0.5,11,0.02520251261481198,0.025135063755078967
150,5,32,33,0.06653225806451613,0.5,13,0.02132259519986633,0.021265755743787702
150,5,32,33,0.06653225806451613,0.5,15,0.018478023602258115,0.018428916321572085
150,5,32,33,0.06653225806451613,0.5,17,0.016303136289121136,0.01625991277938834
150,5,32,33,0.06653225806451613,0.5,19,0.014586335999667726,0.014547739038054926
150,5,32,33,0.06653225806451613,1.0,1,0.9452323780821923,0.9358152855722659
150,5,32,33,0.06653225806451613,1.0,3,0.29775291491557226,0.29360141279867424
150,5,32,33,0.06653225806451613,1.0,5,0.17772680727792703,0.175441325453617
150,5,32,33,0.06653225806451613,1.0,7,0.12674972273252283,0.1251767788807101
150,5,32,33,0.06653225806451613,1.0,9,0.09851454266403215,0.0973155859463751
150,5,32,33,0.06653225806451613,1.0,11,0.08057224437217006,0.07960354879579143
150,5,32,33,0.06653225806451613,1.0,13,0.06816058723655138,0.06734791858406518
150,5,32,33,0.06653225806451613,1.0,15,0.0590632756362194,0.05836332001234564
150,5,32,33,0.06653225806451613,1.0,17,0.05210887240227456,0.05149415795649261
150,5,32,33,0.06653225806451613,1.0,19,0.04661988822237635,0.04607189838456005
151,5,32,33,0.06653225806451613,0.1,1,0.012468106058879923,0.012457023148131135
151,5,32,33,0.06653225806451613,0.1,3,0.004148983394983224,0.004148038966599423
151,5,32,33,0.06653225806451613,0.1,5,0.0024888047757414523,0.00248858033006048
151,5,32,33,0.06653225806451613,0.1,7,0.0017775574289421447,0.0017775028891896252
151,5,32,33,0.06653225806451613,0.1,9,0.0013824792193271158,0.0013824827186114145
151,5,32,33,0.06653225806451613,0.1,11,0.0011310864418808844,0.00113111327879652
151,5,32,33,0.06653225806451613,0.1,13,0.0009570543047205404,0.0009570910822507502
151,5,32,33,0.06653225806451613,0.1,15,0.000829435292053059,0.0008294761193446152
151,5,32,33,0.06653225806451613,0.1,17,0.0007318468275330828,0.0007318888987078734
151,5,32,33,0.06653225806451613,0.1,19,0.0006548048354541407,0.0006548467527929266
151,5,32,33,0.06653225806451613,0.5,1,0.2936558111787562,0.2917796929812534
151,5,32,33,0.06653225806451613,0.5,3,0.09545135140857806,0.09508994657326511
151,5,32,33,0.06653225806451613,0.5,5,0.0571334845885734,0.05694642189215623
151,5,32,33,0.06653225806451613,0.5,7,0.04077824414726069,0.04065405829080764
151,5,32,33,0.06653225806451613,0.5,9,0.031704968468051174,0.03161254438143078
151,5,32,33,0.06653225806451613,0.5,11,0.025935111150649413,0.025861691384312956
151,5,32,33,0.06653225806451613,0.5,13,0.021942225075630924,0.021881402438522213
151,5,32,33,0.06653225806451613,0.5,15,0.019014882290111206,0.01896300286209423
151,5,32,33,0.06653225806451613,0.5,17,0.01677673726192652,0.016731526920739682
151,5,32,33,0.06653225806451613,0.5,19,0.015010018301182324,0.014969968286825957
151,5,32,33,0.06653225806451613,1.0,1,0.9673424593828653,0.9538895589928226
151,5,32,33,0.06653225806451613,1.0,3,0.30282862648523384,0.29722335392883287
151,5,32,33,0.06653225806451613,1.0,5,0.18095523416123946,0.17740788361451526
151,5,32,33,0.06653225806451613,1.0,7,0.12908196488166476,0.12654622834753917
151,5,32,33,0.06653225806451613,1.0,9,0.10033410792093048,0.09837046853852642
151,5,32,33,0.06653225806451613,1.0,11,0.08206225641146718,0.0804626854428496
151,5,32,33,0.06653225806451613,1.0,13,0.0694215138260046,0.06807307143752164
151,5,32,33,0.06653225806451613,1.0,15,0.060155911972957284,0.05899085503423062
151,5,32,33,0.06653225806451613,1.0,17,0.05307272381158491,0.05204734699884661
151,5,32,33,0.06653225806451613,1.0,19,0.047482044662545284,0.04656658950595956
152,5,32,33,0.06653225806451613,0.1,1,0.012518243396240664,0.012517587518363998
152,5,32,33,0.06653225806451613,0.1,3,0.004168188079286291,0.004168132112230925
152,5,32,33,0.06653225806451613,0.1,5,0.0025006368429194292,0.002500618125588562
152,5,32,33,0.06653225806451613,0.1,7,0.0017861043504246545,0.0017860951242836011
152,5,32,33,0.06653225806451613,0.1,9,0.0013891682232239435,0.0013891627523582035
152,5,32,33,0.06653225806451613,0.1,11,0.0011365808654298642,0.0011365772505452637
152,5,32,33,0.06653225806451613,0.1,13,0.0009617161052548805,0.0009617135407270237
152,5,32,33,0.06653225806451613,0.1,15,0.0008334835818102715,0.0008334816686397413
152,5,32,33,0.06653225806451613,0.1,17,0.0007354242922602131,0.0007354228105751382
152,5,32,33,0.06653225806451613,0.1,19,0.0006580095729670889,0.0006580083917436482
152,5,32,33,0.06653225806451613,0.5,1,0.29295754354206194,0.29278622021217404
152,5,32,33,0.06653225806451613,0.5,3,0.09540947176517145,0.09540452265565996
152,5,32,33,0.06653225806451613,0.5,5,0.05713892387632953,0.05713982367922039
152,5,32,33,0.06653225806451613,0.5,7,0.04079251757555663,0.04079342420821268
152,5,32,33,0.06653225806451613,0.5,9,0.03172078015838852,0.03172145727926121
152,5,32,33,0.06653225806451613,0.5,11,0.025950569401067734,0.025951072072700348
152,5,32,33,0.06653225806451613,0.5,13,0.021956809131313034,0.02195719174599598
152,5,32,33,0.06653225806451613,0.5,15,0.01902848992429611,0.019028789130046724
152,5,32,33,0.06653225806451613,0.5,17,0.016789403429028037,0.016789643104058703
152,5,32,33,0.06653225806451613,0.5,19,0.015021820400745506,0.015022016375828649
152,5,32,33,0.06653225806451613,1.0,1,0.9532982822059375,0.9531428708418208
152,5,32,33,0.06653225806451613,1.0,3,0.29350343575908167,0.29337824042035854
152,5,32,33,0.06653225806451613,1.0,5,0.1750996375573254,0.1750444339322978
152,5,32,33,0.06653225806451613,1.0,7,0.12486069793519894,0.1248288507548767
152,5,32,33,0.06653225806451613,1.0,9,0.09704097329927133,0.09702036160176482
152,5,32,33,0.06653225806451613,1.0,11,0.07936461110373881,0.07935022871533966
152,5,32,33,0.06653225806451613,1.0,13,0.06713768752342823,0.06712710007146844
152,5,32,33,0.06653225806451613,1.0,15,0.05817614406314752,0.0581680327612151
152,5,32,33,0.06653225806451613,1.0,17,0.051325721075692395,0.051319312064591095
152,5,32,33,0.06653225806451613,1.0,19,0.045918916995949105,0.04591372726774139
153,5,32,33,0.06653225806451613,0.1,1,0.013028533938547979,0.013187220206915993
153,5,32,33,0.06653225806451613,0.1,3,0.004336260924738774,0.004389293797922735
153,5,32,33,0.06653225806451613,0.1,5,0.002601389484852443,0.0026331012632180586
153,5,32,33,0.06653225806451613,0.1,7,0.0018580541173907276,0.0018806632736787007
153,5,32,33,0.06653225806451613,0.1,9,0.0014451243921025404,0.0014626892758977628
153,5,32,33,0.06653225806451613,0.1,11,0.0011823614168314405,0.0011967217129240683
153,5,32,33,0.06653225806451613,0.1,13,0.0010004527331013517,0.0010125971132721701
153,5,32,33,0.06653225806451613,0.1,15,0.0008670549654830828,0.0008775757797906195
153,5,32,33,0.06653225806451613,0.1,17,0.0007650459205255666,0.0007743260323894065
153,5,32,33,0.06653225806451613,0.1,19,0.0006845130415203605,0.000692814182696201
153,5,32,33,0.06653225806451613,0.5,1,0.3046265444327323,0.3068634908510119
153,5,32,33,0.06653225806451613,0.5,3,0.09844863382989986,0.09984578287454786
153,5,32,33,0.06653225806451613,0.5,5,0.05890682507129226,0.059771699800543227
153,5,32,33,0.06653225806451613,0.5,7,0.04204259410359342,0.042663758588310556
153,5,32,33,0.06653225806451613,0.5,9,0.03268861418956148,0.033172110774906595
153,5,32,33,0.06653225806451613,0.5,11,0.026740462571646306,0.02713588765686511
153,5,32,33,0.06653225806451613,0.5,13,0.022624164644812816,0.022958518346167984
153,5,32,33,0.06653225806451613,0.5,15,0.019606283643820818,0.019895841492320605
153,5,32,33,0.06653225806451613,0.5,17,0.017298862439469917,0.01755417624361452
153,5,32,33,0.06653225806451613,0.5,19,0.015477416951524893,0.015705711297728138
153,5,32,33,0.06653225806451613,1.0,1,0.9842570555323069,0.9970082324080266
153,5,32,33,0.06653225806451613,1.0,3,0.30075587621273014,0.30688157934936694
153,5,32,33,0.06653225806451613,1.0,5,0.17879378739887317,0.18297211041685538
153,5,32,33,0.06653225806451613,1.0,7,0.12734064776942958,0.13045366383765963
153,5,32,33,0.06653225806451613,1.0,9,0.09891268484184937,0.10138240653559746
153,5,32,33,0.06653225806451613,1.0,11,0.08087011203917197,0.08291358694932892
153,5,32,33,0.06653225806451613,1.0,13,0.06839796627518613,0.07013938664899255
153,5,32,33,0.06653225806451613,1.0,15,0.05926046719650291,0.060777042853372924
153,5,32,33,0.06653225806451613,1.0,17,0.05227750988357283,0.05362036369143577
153,5,32,33,0.06653225806451613,1.0,19,0.046767218512899236,0.04797189313203045
154,5,32,33,0.06653225806451613,0.1,1,0.014895532985223727,0.01435079294616981
154,5,32,33,0.06653225806451613,0.1,3,0.004955046130803754,0.004757898537310611
154,5,32,33,0.06653225806451613,0.1,5,0.002972112377123513,0.0028524720954335673
154,5,32,33,0.06653225806451613,0.1,7,0.0021226792078413606,0.002036852696319314
154,5,32,33,0.06653225806451613,0.1,9,0.001650865589850312,0.0015839614302677384
154,5,32,33,0.06653225806451613,0.1,11,0.0013506537859618085,0.00129583868820769
154,5,32,33,0.06653225806451613,0.1,13,0.0011428295363566275,0.0010964045199199583
154,5,32,33,0.06653225806451613,0.1,15,0.0009904325695244977,0.0009501707262487407
154,5,32,33,0.06653225806451613,0.1,17,0.0008738979201338218,0.0008383549178622455
154,5,32,33,0.06653225806451613,0.1,19,0.0007818994270162867,0.000750085327918139
154,5,32,33,0.06653225806451613,0.5,1,0.3465754420538851,0.3409208182431109
154,5,32,33,0.06653225806451613,0.5,3,0.11262887208850918,0.10787351753657927
154,5,32,33,0.06653225806451613,0.5,5,0.06738271421288339,0.06417427917055182
154,5,32,33,0.06653225806451613,0.5,7,0.048081087536472805,0.04568025930753245
154,5,32,33,0.06653225806451613,0.5,9,0.03737708645581042,0.03546274432919635
154,5,32,33,0.06653225806451613,0.5,11,0.030571817724093103,0.0289811780874025
154,5,32,33,0.06653225806451613,0.5,13,0.02586317433793008,0.024503080553423956
154,5,32,33,0.06653225806451613,0.5,15,0.022411499399817934,0.02122382346273525
154,5,32,33,0.06653225806451613,0.5,17,0.019772713026486376,0.018718796663414423
154,5,32,33,0.06653225806451613,0.5,19,0.01768989358750838,0.016742743771173182
154,5,32,33,0.06653225806451613,1.0,1,1.0946414248283773,1.087188503560293
154,5,32,33,0.06653225806451613,1.0,3,0.34616269753572076,0.3391301043932994
154,5,32,33,0.06653225806451613,1.0,5,0.2063469473474839,0.20307986545953172
154,5,32,33,0.06653225806451613,1.0,7,0.1470183350312788,0.14496213965760796
154,5,32,33,0.06653225806451613,1.0,9,0.11419471802325164,0.11271327098199668
154,5,32,33,0.06653225806451613,1.0,11,0.09335487722023404,0.0922036572234858
154,5,32,33,0.06653225806451613,1.0,13,0.07894832567233148,0.07800973710981887
154,5,32,33,0.06653225806451613,1.0,15,0.06839417624801508,0.06760325952385758
154,5,32,33,0.06653225806451613,1.0,17,0.06032932334223343,0.05964663610022022
154,5,32,33,0.06653225806451613,1.0,19,0.05396593329626966,0.053365822654586184
155,5,32,33,0.06653225806451613,0.1,1,0.013204378616539975,0.013135951947441778
155,5,32,33,0.06653225806451613,0.1,3,0.0043985842852966835,0.004366612067271349
155,5,32,33,0.06653225806451613,0.1,5,0.002639001530019894,0.0026187238765898804
155,5,32,33,0.06653225806451613,0.1,7,0.0018849699354666239,0.0018701513484923084
155,5,32,33,0.06653225806451613,0.1,9,0.0014660771921540783,0.0014544071616674195
155,5,32,33,0.06653225806451613,0.1,11,0.001199513109689807,0.0011898897165487467
155,5,32,33,0.06653225806451613,0.1,13,0.0010149702851308872,0.0010067833816103124
155,5,32,33,0.06653225806451613,0.1,15,0.0008796395780049824,0.0008725162819146583
155,5,32,33,0.06653225806451613,0.1,17,0.0007761517458178496,0.0007698476082304836
155,5,32,33,0.06653225806451613,0.1,19,0.0006944510235998179,0.0006887971472379057
155,5,32,33,0.06653225806451613,0.5,1,0.30817087211071587,0.31045004385550723
155,5,32,33,0.06653225806451613,0.5,3,0.10126687577917075,0.10106366613958061
155,5,32,33,0.06653225806451613,0.5,5,0.060677009508593525,0.06044604307892057
155,5,32,33,0.06653225806451613,0.5,7,0.04332231558305216,0.043123759755250034
155,5,32,33,0.06653225806451613,0.5,9,0.033688630840508146,0.03351962310451925
155,5,32,33,0.06653225806451613,0.5,11,0.027560485126733814,0.027414594297596837
155,5,32,33,0.06653225806451613,0.5,13,0.02331886133792234,0.02319094687806209
155,5,32,33,0.06653225806451613,0.5,15,0.020208773665052793,0.020095070176698135
155,5,32,33,0.06653225806451613,0.5,17,0.01783069909788268,0.01772845107250617
155,5,32,33,0.06653225806451613,0.5,19,0.01595340128375087,0.015860557717463374
155,5,32,33,0.06653225806451613,1.0,1,0.999972613043207,1.0129787671798964
155,5,32,33,0.06653225806451613,1.0,3,0.3236221893572581,0.3218810856347869
155,5,32,33,0.06653225806451613,1.0,5,0.1932589203524172,0.19219098494154685
155,5,32,33,0.06653225806451613,1.0,7,0.13779320717678187,0.13703292418942198
155,5,32,33,0.06653225806451613,1.0,9,0.10707198233203091,0.10648175933758493
155,5,32,33,0.06653225806451613,1.0,11,0.08755429353675119,0.08707169835651285
155,5,32,33,0.06653225806451613,1.0,13,0.07405599318902754,0.07364766644153016
155,5,32,33,0.06653225806451613,1.0,15,0.06416422841478096,0.06381026935495125
155,5,32,33,0.06653225806451613,1.0,17,0.056603815928551536,0.056291395924054646
155,5,32,33,0.06653225806451613,1.0,19,0.05063739029684345,0.050357752621442764
156,5,32,33,0.06653225806451613,0.1,1,0.014476538410923133,0.014554411020459766
156,5,32,33,0.06653225806451613,0.1,3,0.004819400138791975,0.004845984096212645
156,5,32,33,0.06653225806451613,0.1,5,0.0028912340901676692,0.0029072802345491383
156,5,32,33,0.06653225806451613,0.1,7,0.0020650668893692613,0.0020765591004582476
156,5,32,33,0.06653225806451613,0.1,9,0.001606124627842797,0.0016150765379744957
156,5,32,33,0.06653225806451613,0.1,11,0.0013140833918342681,0.001321414803410704
156,5,32,33,0.06653225806451613,0.1,13,0.0011119064024027047,0.0011181141069093019
156,5,32,33,0.06653225806451613,0.1,15,0.0009636459166190395,0.0009690286117876539
156,5,32,33,0.06653225806451613,0.1,17,0.0008502716878071028,0.00085502294301747
156,5,32,33,0.06653225806451613,0.1,19,0.0007607665646567897,0.0007650189758945929
156,5,32,33,0.06653225806451613,0.5,1,0.3357987938475041,0.3372181905501195
156,5,32,33,0.06653225806451613,0.5,3,0.10936077603193972,0.1097752882995146
156,5,32,33,0.06653225806451613,0.5,5,0.06547333998060335,0.0657406151323783
156,5,32,33,0.06653225806451613,0.5,7,0.046735022280963136,0.04693287969759698
156,5,32,33,0.06653225806451613,0.5,9,0.0363382681039155,0.03649536688990052
156,5,32,33,0.06653225806451613,0.5,11,0.029726242226087347,0.029856504825900267
156,5,32,33,0.06653225806451613,0.5,13,0.02515029955818913,0.025261553472685546
156,5,32,33,0.06653225806451613,0.5,15,0.021795359373008662,0.021892443591589292
156,5,32,33,0.06653225806451613,0.5,17,0.019230209310728705,0.019316324056126245
156,5,32,33,0.06653225806451613,0.5,19,0.017205314171907862,0.0172826857748492
156,5,32,33,0.06653225806451613,1.0,1,1.0664960717924108,1.0704297529347808
156,5,32,33,0.06653225806451613,1.0,3,0.3376857773974306,0.3373424745869753
156,5,32,33,0.06653225806451613,1.0,5,0.200990883945059,0.20099192811129132
156,5,32,33,0.06653225806451613,1.0,7,0.14314999326502317,0.14322999085232943
156,5,32,33,0.06653225806451613,1.0,9,0.11117867382709322,0.11127687800854405
156,5,32,33,0.06653225806451613,1.0,11,0.09088717096882834,0.09098656661810266
156,5,32,33,0.06653225806451613,1.0,13,0.07686179987982525,0.07695713157883723
156,5,32,33,0.06653225806451613,1.0,15,0.06658755626698572,0.06667732953388195
156,5,32,33,0.06653225806451613,1.0,17,0.05873677220563365,0.05882081297338942
156,5,32,33,0.06653225806451613,1.0,19,0.05254230696964408,0.052620911888394885
157,5,32,33,0.06653225806451613,0.1,1,0.01336497898252234,0.013013095140169607
157,5,32,33,0.06653225806451613,0.1,3,0.004450372992370739,0.004330634515754348
157,5,32,33,0.06653225806451613,0.1,5,0.002669906078102151,0.0025978498505510785
157,5,32,33,0.06653225806451613,0.1,7,0.0019069957606085892,0.0018554673077896674
157,5,32,33,0.06653225806451613,0.1,9,0.0014831878314123523,0.0014430854446670883
157,5,32,33,0.06653225806451613,0.1,11,0.0012135021858518866,0.001180678615367196
157,5,32,33,0.06653225806451613,0.1,13,0.0010268010863390398,0.000999020086263666
157,5,32,33,0.06653225806451613,0.1,15,0.0008898890847546736,0.0008658076937018985
157,5,32,33,0.06653225806451613,0.1,17,0.0007851928419390756,0.0007639415320695418
157,5,32,33,0.06653225806451613,0.1,19,0.0007025386063395733,0.0006835221565641608
157,5,32,33,0.06653225806451613,0.5,1,0.3128868517293898,0.304658265422654
157,5,32,33,0.06653225806451613,0.5,3,0.1022699533680614,0.09967424726192821
157,5,32,33,0.06653225806451613,0.5,5,0.06125247725743003,0.05969420727150329
157,5,32,33,0.06653225806451613,0.5,7,0.04372816808249322,0.04261293008817055
157,5,32,33,0.06653225806451613,0.5,9,0.03400260477405334,0.033133860981877004
157,5,32,33,0.06653225806451613,0.5,11,0.027816658393534876,0.027105053958439065
157,5,32,33,0.06653225806451613,0.5,13,0.023535267330219194,0.022932618366724444
157,5,32,33,0.06653225806451613,0.5,15,0.02039612712356703,0.019873479236875522
157,5,32,33,0.06653225806451613,0.5,17,0.01799589101417426,0.01753448336450406
157,5,32,33,0.06653225806451613,0.5,19,0.016101127409276574,0.01568810844060255
157,5,32,33,0.06653225806451613,1.0,1,1.0146723026583169,1.010501721791664
157,5,32,33,0.06653225806451613,1.0,3,0.31646046838309116,0.3220815910191528
157,5,32,33,0.06653225806451613,1.0,5,0.18856645740641345,0.19226875916171804
157,5,32,33,0.06653225806451613,1.0,7,0.13440307269337715,0.13709987179560357
157,5,32,33,0.06653225806451613,1.0,9,0.10443504503044504,0.10654485031980093
157,5,32,33,0.06653225806451613,1.0,11,0.08540164965477763,0.08713104218316978
157,5,32,33,0.06653225806451613,1.0,13,0.07223925357205341,0.07370319580066484
157,5,32,33,0.06653225806451613,1.0,15,0.06259357078353384,0.06386213592185135
157,5,32,33,0.06653225806451613,1.0,17,0.05522096285988335,0.05633986979358598
157,5,32,33,0.06653225806451613,1.0,19,0.04940246594582098,0.05040313983784092
158,5,32,33,0.06653225806451613,0.1,1,0.011533118755856699,0.013153058685590961
158,5,32,33,0.06653225806451613,0.1,3,0.003841094116479232,0.004380451763808558
158,5,32,33,0.06653225806451613,0.1,5,0.0023044915086006816,0.0026280134944283795
158,5,32,33,0.06653225806451613,0.1,7,0.0016460314995476722,0.001877089037700454
158,5,32,33,0.06653225806451613,0.1,9,0.0012802354438231716,0.0014599338260734502
158,5,32,33,0.06653225806451613,0.1,11,0.001047460511848293,0.0011944795982609445
158,5,32,33,0.06653225806451613,0.1,13,0.0008863102924716152,0.0010107070088420263
158,5,32,33,0.06653225806451613,0.1,15,0.0007681342081310481,0.0008759421092604591
158,5,32,33,0.06653225806451613,0.1,17,0.0006777646368677382,0.0007728875038343895
158,5,32,33,0.06653225806451613,0.1,19,0.0006064204458429218,0.0006915291385355449
158,5,32,33,0.06653225806451613,0.5,1,0.2721435003221663,0.3051073577047609
158,5,32,33,0.06653225806451613,0.5,3,0.0890061577376577,0.09997157298067566
158,5,32,33,0.06653225806451613,0.5,5,0.053323178521318834,0.05989046123952691
158,5,32,33,0.06653225806451613,0.5,7,0.03807193679020342,0.042758742163550696
158,5,32,33,0.06653225806451613,0.5,9,0.029606294255044595,0.03324972805995703
158,5,32,33,0.06653225806451613,0.5,11,0.02422114064104375,0.027201139596888663
158,5,32,33,0.06653225806451613,0.5,13,0.020493729105398446,0.023014676214231488
158,5,32,33,0.06653225806451613,0.5,15,0.0177606347447336,0.019945076229582012
158,5,32,33,0.06653225806451613,0.5,17,0.015670791035456613,0.017597981419121157
158,5,32,33,0.06653225806451613,0.5,19,0.014021006717910598,0.015745151620723284
158,5,32,33,0.06653225806451613,1.0,1,0.9087059805184393,0.9704789404712826
158,5,32,33,0.06653225806451613,1.0,3,0.2881086355127604,0.3072659724819874
158,5,32,33,0.06653225806451613,1.0,5,0.1721990270337496,0.183579372364159
158,5,32,33,0.06653225806451613,1.0,7,0.12286675708333236,0.13096718904622895
158,5,32,33,0.06653225806451613,1.0,9,0.0955200442270179,0.10180931196971721
158,5,32,33,0.06653225806451613,1.0,11,0.07813471632850984,0.08327506383067984
158,5,32,33,0.06653225806451613,1.0,13,0.06610508837912786,0.07045156855152729
158,5,32,33,0.06653225806451613,1.0,15,0.05728617067294075,0.061051241592263224
158,5,32,33,0.06653225806451613,1.0,17,0.05054368968380614,0.05386457141820834
158,5,32,33,0.06653225806451613,1.0,19,0.04522143797969658,0.04819189257711478
159,5,32,33,0.06653225806451613,0.1,1,0.013231100125540173,0.013239755754450326
159,5,32,33,0.06653225806451613,0.1,3,0.004405423339408301,0.004409047488212031
159,5,32,33,0.06653225806451613,0.1,5,0.002642927067688698,0.0026451769859455088
159,5,32,33,0.06653225806451613,0.1,7,0.0018877242289072425,0.0018893535435347021
159,5,32,33,0.06653225806451613,0.1,9,0.0014681989119458077,0.001469475593240339
159,5,32,33,0.06653225806451613,0.1,11,0.001201238671060578,0.0012022880909307707
159,5,32,33,0.06653225806451613,0.1,13,0.0010164243983628153,0.0010173151979865798
159,5,32,33,0.06653225806451613,0.1,15,0.0008808960600525882,0.0008816698756319259
159,5,32,33,0.06653225806451613,0.1,17,0.0007772579013831947,0.0007779418827276038
159,5,32,33,0.06653225806451613,0.1,19,0.0006954389858015931,0.0006960518164033318
159,5,32,33,0.06653225806451613,0.5,1,0.3093769238933837,0.309067985443803
159,5,32,33,0.06653225806451613,0.5,3,0.10110750075547174,0.10106429638186301
159,5,32,33,0.06653225806451613,0.5,5,0.060567844268234035,0.060538346299579424
159,5,32,33,0.06653225806451613,0.5,7,0.04324298190048727,0.043221004449668
159,5,32,33,0.06653225806451613,0.5,9,0.0336268427945809,0.033609430554702675
159,5,32,33,0.06653225806451613,0.5,11,0.027510031716915538,0.027495646423567156
159,5,32,33,0.06653225806451613,0.5,13,0.02327628237579704,0.02326404024008316
159,5,32,33,0.06653225806451613,0.5,15,0.02017196682988592,0.020161317944469737
159,5,32,33,0.06653225806451613,0.5,17,0.017798298146908947,0.017788878570904453
159,5,32,33,0.06653225806451613,0.5,19,0.015924470676241944,0.015916027629364667
159,5,32,33,0.06653225806451613,1.0,1,1.0041111065817154,1.001882689448122
159,5,32,33,0.06653225806451613,1.0,3,0.32047452201093074,0.315307210058779
159,5,32,33,0.06653225806451613,1.0,5,0.19131913981360463,0.18799021710882455
159,5,32,33,0.06653225806451613,1.0,7,0.1364392715028639,0.13402886676721512
159,5,32,33,0.06653225806451613,1.0,9,0.10604233573518995,0.10416035624805044
159,5,32,33,0.06653225806451613,1.0,11,0.08672700052733684,0.08518542863359668
159,5,32,33,0.06653225806451613,1.0,13,0.07336597820068877,0.07206127816261987
159,5,32,33,0.06653225806451613,1.0,15,0.0635730779504501,0.062442480378987655
159,5,32,33,0.06653225806451613,1.0,17,0.05608709605669282,0.05508976934398951
159,5,32,33,0.06653225806451613,1.0,19,0.05017864938241158,0.04928657612469189
160,5,32,33,0.06653225806451613,0.1,1,0.01480652782074425,0.014038886311545628
160,5,32,33,0.06653225806451613,0.1,3,0.00492817431844354,0.004674902218054835
160,5,32,33,0.06653225806451613,0.1,5,0.0029562113235581037,0.0028046295688585457
160,5,32,33,0.06653225806451613,0.1,7,0.002111380843166748,0.00200323002228824
160,5,32,33,0.06653225806451613,0.1,9,0.0016421019829239818,0.0015580383609505378
160,5,32,33,0.06653225806451613,0.1,11,0.001343495540108736,0.0012747444769128254
160,5,32,33,0.06653225806451613,0.1,13,0.0011367793736839981,0.0010786220749387685
160,5,32,33,0.06653225806451613,0.1,15,0.000985193335036562,0.000934800996972103
160,5,32,33,0.06653225806451613,0.1,17,0.0008692778809534904,0.0008248212695328279
160,5,32,33,0.06653225806451613,0.1,19,0.0007777676708090762,0.0007379958151267495
160,5,32,33,0.06653225806451613,0.5,1,0.3448977443349992,0.32628051760671195
160,5,32,33,0.06653225806451613,0.5,3,0.11312440258988783,0.10670803210009835
160,5,32,33,0.06653225806451613,0.5,5,0.06775476567307481,0.06391457314361189
160,5,32,33,0.06653225806451613,0.5,7,0.04836651226197314,0.045629386381568465
160,5,32,33,0.06653225806451613,0.5,9,0.03760691908849279,0.03548119016819559
160,5,32,33,0.06653225806451613,0.5,11,0.03076373511432246,0.02902632994243595
160,5,32,33,0.06653225806451613,0.5,13,0.026027753285315983,0.024558785519247468
160,5,32,33,0.06653225806451613,0.5,15,0.022555487607000196,0.021283142930035075
160,5,32,33,0.06653225806451613,0.5,17,0.019900655619940325,0.018778528778497408
160,5,32,33,0.06653225806451613,0.5,19,0.01780498977165773,0.016801365394821664
160,5,32,33,0.06653225806451613,1.0,1,1.091239618250421,1.0412376284272615
160,5,32,33,0.06653225806451613,1.0,3,0.35199216552013757,0.3291065033112355
160,5,32,33,0.06653225806451613,1.0,5,0.21066962326764055,0.19647606826000608
160,5,32,33,0.06653225806451613,1.0,7,0.15035183366698043,0.1401440544138685
160,5,32,33,0.06653225806451613,1.0,9,0.11689456542953734,0.10893784260391973
160,5,32,33,0.06653225806451613,1.0,11,0.09562015746142535,0.08910467907092925
160,5,32,33,0.06653225806451613,1.0,13,0.08089835219865972,0.07538339604391503
160,5,32,33,0.06653225806451613,1.0,15,0.07010546540955132,0.06532523250709564
160,5,32,33,0.06653225806451613,1.0,17,0.06185370585924205,0.05763572949781616
160,5,32,33,0.06653225806451613,1.0,19,0.055340083079819725,0.05156616941961261
161,5,32,33,0.06653225806451613,0.1,1,0.012207046246656434,0.012244019896454045
161,5,32,33,0.06653225806451613,0.1,3,0.0040641010039961295,0.004075778394333697
161,5,32,33,0.06653225806451613,0.1,5,0.0024381579155113723,0.002445081401595801
161,5,32,33,0.06653225806451613,0.1,7,0.0017414695030889696,0.0017463892142842914
161,5,32,33,0.06653225806451613,0.1,9,0.001354449415623817,0.0013582647385985897
161,5,32,33,0.06653225806451613,0.1,11,0.0011081731719663345,0.0011112889989741929
161,5,32,33,0.06653225806451613,0.1,13,0.0009376780350247905,0.0009403111016596973
161,5,32,33,0.06653225806451613,0.1,15,0.0008126500969011115,0.000814929923762965
161,5,32,33,0.06653225806451613,0.1,17,0.0007170414805808894,0.0007190516313382057
161,5,32,33,0.06653225806451613,0.1,19,0.0006415615678769093,0.0006433590912058128
161,5,32,33,0.06653225806451613,0.5,1,0.28562638276139407,0.286750205445603
161,5,32,33,0.06653225806451613,0.5,3,0.09309475477210627,0.09334432780271491
161,5,32,33,0.06653225806451613,0.5,5,0.05576566406392722,0.05588931517290515
161,5,32,33,0.06653225806451613,0.5,7,0.0398146600796369,0.03989516043130307
161,5,32,33,0.06653225806451613,0.5,9,0.030961144441144794,0.031020446999992353
161,5,32,33,0.06653225806451613,0.5,11,0.02532940321304126,0.025376227244029163
161,5,32,33,0.06653225806451613,0.5,13,0.021431365110888657,0.021470003092227918
161,5,32,33,0.06653225806451613,0.5,15,0.01857318318764817,0.018606050507802004
161,5,32,33,0.06653225806451613,0.5,17,0.016387703497191788,0.01641628929276417
161,5,32,33,0.06653225806451613,0.5,19,0.014662427587016873,0.014687712960973124
161,5,32,33,0.06653225806451613,1.0,1,0.9339594249507863,0.9386522104891697
161,5,32,33,0.06653225806451613,1.0,3,0.3000920006998875,0.2991334794934765
161,5,32,33,0.06653225806451613,1.0,5,0.17938292377376225,0.17890547322711986
161,5,32,33,0.06653225806451613,1.0,7,0.12799494591869703,0.127674452593376
161,5,32,33,0.06653225806451613,1.0,9,0.0995074964792847,0.09926487282106052
161,5,32,33,0.06653225806451613,1.0,11,0.08139668595552016,0.08120094677663672
161,5,32,33,0.06653225806451613,1.0,13,0.06886497075816904,0.0687007028460343
161,5,32,33,0.06653225806451613,1.0,15,0.05967793147444814,0.059536309742811246
161,5,32,33,0.06653225806451613,1.0,17,0.05265398357167405,0.05252946555124798
161,5,32,33,0.06653225806451613,1.0,19,0.047109541789857795,0.04699841098038988
162,5,32,33,0.06653225806451613,0.1,1,0.014703912338402896,0.014364309536689726
162,5,32,33,0.06653225806451613,0.1,3,0.004894862059064559,0.0047806799849773466
162,5,32,33,0.06653225806451613,0.1,5,0.002936449907884528,0.002867866218887498
162,5,32,33,0.06653225806451613,0.1,7,0.0020973435210188897,0.002048335752176526
162,5,32,33,0.06653225806451613,0.1,9,0.0016312195452837684,0.001593094690998979
162,5,32,33,0.06653225806451613,0.1,11,0.001334610745675216,0.0013034138853160644
162,5,32,33,0.06653225806451613,0.1,13,0.0011292728221673812,0.0011028733360622493
162,5,32,33,0.06653225806451613,0.1,15,0.0009786949665936196,0.0009558140872176104
162,5,32,33,0.06653225806451613,0.1,17,0.0008635490064134324,0.0008433591200530448
162,5,32,33,0.06653225806451613,0.1,19,0.000772645379675003,0.0007545801365986939
162,5,32,33,0.06653225806451613,0.5,1,0.3402204577786611,0.3340299408043235
162,5,32,33,0.06653225806451613,0.5,3,0.11093235624522864,0.10837954461392794
162,5,32,33,0.06653225806451613,0.5,5,0.06641736091750149,0.06484107913647684
162,5,32,33,0.06653225806451613,0.5,7,0.04740791875508974,0.0462701720873791
162,5,32,33,0.06653225806451613,0.5,9,0.0368606425485257,0.03597101741648914
162,5,32,33,0.06653225806451613,0.5,11,0.03015300387550911,0.029422802976930142
162,5,32,33,0.06653225806451613,0.5,13,0.025510985988784526,0.024891811398523183
162,5,32,33,0.06653225806451613,0.5,15,0.022107666108250178,0.021570237051827593
162,5,32,33,0.06653225806451613,0.5,17,0.019505568730001584,0.01903083104698875
162,5,32,33,0.06653225806451613,0.5,19,0.017451537335653983,0.01702640018405223
162,5,32,33,0.06653225806451613,1.0,1,1.0710675341983418,1.0672333430590184
162,5,32,33,0.06653225806451613,1.0,3,0.3403428252530176,0.3314926075417953
162,5,32,33,0.06653225806451613,1.0,5,0.20318478679649357,0.19699387248150488
162,5,32,33,0.06653225806451613,1.0,7,0.14487295786999804,0.14020700139539533
162,5,32,33,0.06653225806451613,1.0,9,0.11257754425370921,0.10884872093782126
162,5,32,33,0.06653225806451613,1.0,11,0.09205927389609209,0.08895825505538842
162,5,32,33,0.06653225806451613,1.0,13,0.07786846396347136,0.07521583446044107
162,5,32,33,0.06653225806451613,1.0,15,0.06746885835663775,0.0651519954332215
162,5,32,33,0.06653225806451613,1.0,17,0.05952005703812012,0.0574638377241084
162,5,32,33,0.06653225806451613,1.0,19,0.05324696698291843,0.05139885463896264
163,5,32,33,0.06653225806451613,0.1,1,0.014232192249849729,0.013583826389985737
163,5,32,33,0.06653225806451613,0.1,3,0.004739350917851666,0.0045206758105888365
163,5,32,33,0.06653225806451613,0.1,5,0.0028433844106527948,0.0027118762254658697
163,5,32,33,0.06653225806451613,0.1,7,0.002030944187524705,0.0019369173852493754
163,5,32,33,0.06653225806451613,0.1,9,0.0015796089060060884,0.0015064371097886463
163,5,32,33,0.06653225806451613,0.1,11,0.0012924013228335128,0.0012325127711286358
163,5,32,33,0.06653225806451613,0.1,13,0.001093567438019126,0.001042880382054137
163,5,32,33,0.06653225806451613,0.1,15,0.0009477568576500981,0.0009038203721932237
163,5,32,33,0.06653225806451613,0.1,17,0.0008362551110351994,0.0007974824280017914
163,5,32,33,0.06653225806451613,0.1,19,0.0007482276657272178,0.0007135326486764191
163,5,32,33,0.06653225806451613,0.5,1,0.32891229931457044,0.31565059447348964
163,5,32,33,0.06653225806451613,0.5,3,0.10719865442953337,0.10238312371578222
163,5,32,33,0.06653225806451613,0.5,5,0.0642041806220729,0.06127316836406664
163,5,32,33,0.06653225806451613,0.5,7,0.04583674570566251,0.0437309165643873
163,5,32,33,0.06653225806451613,0.5,9,0.0356430684886198,0.03400000794604894
163,5,32,33,0.06653225806451613,0.5,11,0.029159204515564228,0.02781220764808308
163,5,32,33,0.06653225806451613,0.5,13,0.024671514201141116,0.023530191972990392
163,5,32,33,0.06653225806451613,0.5,15,0.021381049939853444,0.02039092025897042
163,5,32,33,0.06653225806451613,0.5,17,0.01886506856752736,0.017990763424782976
163,5,32,33,0.06653225806451613,0.5,19,0.016878908261148518,0.01609616945260066
163,5,32,33,0.06653225806451613,1.0,1,1.0377132442165313,1.0076115847326743
163,5,32,33,0.06653225806451613,1.0,3,0.3311463071363334,0.312495426167101
163,5,32,33,0.06653225806451613,1.0,5,0.1979353005175434,0.18629437982633476
163,5,32,33,0.06653225806451613,1.0,7,0.14120991634498659,0.13280198425213396
163,5,32,33,0.06653225806451613,1.0,9,0.10976725126553084,0.10319576228342461
163,5,32,33,0.06653225806451613,1.0,11,0.08978055971335494,0.08438960237752677
163,5,32,33,0.06653225806451613,1.0,13,0.07595257779102883,0.07138351604029469
163,5,32,33,0.06653225806451613,1.0,15,0.06581629602577964,0.061852077626902896
163,5,32,33,0.06653225806451613,1.0,17,0.05806726769201295,0.054566676552001474
163,5,32,33,0.06653225806451613,1.0,19,0.051950907874477495,0.048816961431264363
164,5,32,33,0.06653225806451613,0.1,1,0.013876128967059403,0.01353616641075822
164,5,32,33,0.06653225806451613,0.1,3,0.00462317365381883,0.0045100609413222855
164,5,32,33,0.06653225806451613,0.1,5,0.002773798399691787,0.002705941049632482
164,5,32,33,0.06653225806451613,0.1,7,0.00198126375074175,0.001932796242758174
164,5,32,33,0.06653225806451613,0.1,9,0.0015409762530529997,0.0015032799519408622
164,5,32,33,0.06653225806451613,0.1,11,0.001260795992419789,0.0012299538333475166
164,5,32,33,0.06653225806451613,0.1,13,0.0010668260349672417,0.0010407289544316022
164,5,32,33,0.06653225806451613,0.1,15,0.0009245818332495542,0.0009019644346894216
164,5,32,33,0.06653225806451613,0.1,17,0.0008158070692218332,0.0007958505830916826
164,5,32,33,0.06653225806451613,0.1,19,0.0007299323706742879,0.0007120765936455631
164,5,32,33,0.06653225806451613,0.5,1,0.3226900022730766,0.3159730965086289
164,5,32,33,0.06653225806451613,0.5,3,0.10639181218081653,0.1043607457816931
164,5,32,33,0.06653225806451613,0.5,5,0.06377642313750269,0.0625698975383803
164,5,32,33,0.06653225806451613,0.5,7,0.045542988633838134,0.044683596069162855
164,5,32,33,0.06653225806451613,0.5,9,0.03541860644269862,0.03475096443678525
164,5,32,33,0.06653225806451613,0.5,11,0.02897731894989875,0.028431387608656284
164,5,32,33,0.06653225806451613,0.5,13,0.024518519741000243,0.024056734277689663
164,5,32,33,0.06653225806451613,0.5,15,0.021248975802,0.020848846837676845
164,5,32,33,0.06653225806451613,0.5,17,0.01874885568689551,0.01839585091785812
164,5,32,33,0.06653225806451613,0.5,19,0.01677514096628566,0.01645932609387239
164,5,32,33,0.06653225806451613,1.0,1,1.0328653480800845,1.0231304311874114
164,5,32,33,0.06653225806451613,1.0,3,0.3348610352183105,0.33584472237442553
164,5,32,33,0.06653225806451613,1.0,5,0.19992885263725638,0.20095261983210658
164,5,32,33,0.06653225806451613,1.0,7,0.14256261282716995,0.1434215064988422
164,5,32,33,0.06653225806451613,1.0,9,0.11079056204498577,0.11151220887026594
164,5,32,33,0.06653225806451613,1.0,11,0.09060382155144693,0.0912214572576431
164,5,32,33,0.06653225806451613,1.0,13,0.0766415280012745,0.07717966239023251
164,5,32,33,0.06653225806451613,1.0,15,0.06640884689405889,0.06688482981812718
164,5,32,33,0.06653225806451613,1.0,17,0.05858725686235824,0.059013539118061495
164,5,32,33,0.06653225806451613,1.0,19,0.05241429510876583,0.052800025508180935
165,5,32,33,0.06653225806451613,0.1,1,0.013810545671752031,0.014003494937832123
165,5,32,33,0.06653225806451613,0.1,3,0.004600849421038845,0.004664819471712159
165,5,32,33,0.06653225806451613,0.1,5,0.0027603821776703793,0.0027987468356723863
165,5,32,33,0.06653225806451613,0.1,7,0.0019716764782535755,0.001999076372787157
165,5,32,33,0.06653225806451613,0.1,9,0.0015335181240809402,0.0015548280531119342
165,5,32,33,0.06653225806451613,0.1,11,0.001254693323204612,0.00127212826384535
165,5,32,33,0.06653225806451613,0.1,13,0.001061661963656988,0.0010764143838338193
165,5,32,33,0.06653225806451613,0.1,15,0.0009201061556533092,0.0009328914657983506
165,5,32,33,0.06653225806451613,0.1,17,0.000811857854000496,0.0008231389388610386
165,5,32,33,0.06653225806451613,0.1,19,0.0007263988071543518,0.0007364923647278337
165,5,32,33,0.06653225806451613,0.5,1,0.31998252591267823,0.32570651053988986
165,5,32,33,0.06653225806451613,0.5,3,0.10537335160154872,0.10695234717852192
165,5,32,33,0.06653225806451613,0.5,5,0.06316784373070487,0.06408864940684762
165,5,32,33,0.06653225806451613,0.5,7,0.045108926193601954,0.04576121623063527
165,5,32,33,0.06653225806451613,0.5,9,0.03508122043950514,0.035586800680827146
165,5,32,33,0.06653225806451613,0.5,11,0.028701368770219445,0.02911429442185117
165,5,32,33,0.06653225806451613,0.5,13,0.024285069316815486,0.024634111349017242
165,5,32,33,0.06653225806451613,0.5,15,0.021046677263828084,0.021348986171003035
165,5,32,33,0.06653225806451613,0.5,17,0.018570371896304436,0.01883700043051934
165,5,32,33,0.06653225806451613,0.5,19,0.01661545433796824,0.016853944755667816
165,5,32,33,0.06653225806451613,1.0,1,1.0189564069398003,1.042526885903401
165,5,32,33,0.06653225806451613,1.0,3,0.33457459966199854,0.3327208736137053
165,5,32,33,0.06653225806451613,1.0,5,0.2004672453828707,0.19825752386654485
165,5,32,33,0.06653225806451613,1.0,7,0.14312939348354303,0.14131912481491415
165,5,32,33,0.06653225806451613,1.0,9,0.11130226529205238,0.10981836387725158
165,5,32,33,0.06653225806451613,1.0,11,0.09105677351807186,0.08981091338812235
165,5,32,33,0.06653225806451613,1.0,13,0.07704374661059826,0.07597401805780789
165,5,32,33,0.06653225806451613,1.0,15,0.06676889612311991,0.0658333213914969
165,5,32,33,0.06653225806451613,1.0,17,0.05891233903003637,0.058081822964053835
165,5,32,33,0.06653225806451613,1.0,19,0.05271016353533148,0.05196392330643839
166,5,32,33,0.06653225806451613,0.1,1,0.013480630747848384,0.01276585643365439
166,5,32,33,0.06653225806451613,0.1,3,0.004489117316978923,0.004250523126858421
166,5,32,33,0.06653225806451613,0.1,5,0.0026932581136919075,0.002550085378906981
166,5,32,33,0.06653225806451613,0.1,7,0.0019237140243749677,0.0018214445914712274
166,5,32,33,0.06653225806451613,0.1,9,0.0014962086494771801,0.0014166647348173712
166,5,32,33,0.06653225806451613,0.1,11,0.001224165176134414,0.0011590833679406042
166,5,32,33,0.06653225806451613,0.1,13,0.001035829377436572,0.0009807599490278538
166,5,32,33,0.06653225806451613,0.1,15,0.0008977173285440448,0.0008499903785189133
166,5,32,33,0.06653225806451613,0.1,17,0.0007921026611567123,0.0007499905803566229
166,5,32,33,0.06653225806451613,0.1,19,0.0007087228916010369,0.000671043619944601
166,5,32,33,0.06653225806451613,0.5,1,0.31175321215721113,0.2968027008575465
166,5,32,33,0.06653225806451613,0.5,3,0.10140577712056394,0.09633045695607592
166,5,32,33,0.06653225806451613,0.5,5,0.06072464045323728,0.05767447389905021
166,5,32,33,0.06653225806451613,0.5,7,0.04335138422023858,0.04117170337598184
166,5,32,33,0.06653225806451613,0.5,9,0.03371026908475133,0.03201464360091908
166,5,32,33,0.06653225806451613,0.5,11,0.027578034148690533,0.02619057222779259
166,5,32,33,0.06653225806451613,0.5,13,0.023333753500300237,0.022159682975751088
166,5,32,33,0.06653225806451613,0.5,15,0.02022176742101664,0.019204204661046748
166,5,32,33,0.06653225806451613,0.5,17,0.017842253049598036,0.01694438292622045
166,5,32,33,0.06653225806451613,0.5,19,0.015963818192452194,0.015160447768633291
166,5,32,33,0.06653225806451613,1.0,1,0.9820189119698973,0.9526056860557126
166,5,32,33,0.06653225806451613,1.0,3,0.3003601096794566,0.29533966329759875
166,5,32,33,0.06653225806451613,1.0,5,0.17862742909483187,0.17611998015009475
166,5,32,33,0.06653225806451613,1.0,7,0.12726090275626847,0.12558389664106814
166,5,32,33,0.06653225806451613,1.0,9,0.09887294272828284,0.09760689696453492
166,5,32,33,0.06653225806451613,1.0,11,0.08085100254025032,0.07983136095131267
166,5,32,33,0.06653225806451613,1.0,13,0.06839035671077592,0.06753556897960221
166,5,32,33,0.06653225806451613,1.0,15,0.059259627301604716,0.05852318507294882
166,5,32,33,0.06653225806451613,1.0,17,0.05228080728983166,0.0516335965969591
166,5,32,33,0.06653225806451613,1.0,19,0.046773104622237355,0.046195652271209635
167,5,32,33,0.06653225806451613,0.1,1,0.014681050123032353,0.014267087468261233
167,5,32,33,0.06653225806451613,0.1,3,0.004885688683547555,0.004746601962982527
167,5,32,33,0.06653225806451613,0.1,5,0.002930719485858748,0.0028471465959343627
167,5,32,33,0.06653225806451613,0.1,7,0.0020931781978947637,0.0020334470271321696
167,5,32,33,0.06653225806451613,0.1,9,0.0016279480913411561,0.0015814749992208337
167,5,32,33,0.06653225806451613,0.1,11,0.0013319173910159442,0.001293885918871905
167,5,32,33,0.06653225806451613,0.1,13,0.0011269839731702935,0.0010947988081564594
167,5,32,33,0.06653225806451613,0.1,15,0.0009767050025820626,0.0009488082207855961
167,5,32,33,0.06653225806451613,0.1,17,0.0008617888930530597,0.0008371720840684976
167,5,32,33,0.06653225806451613,0.1,19,0.0007710675219006324,0.0007490405442803093
167,5,32,33,0.06653225806451613,0.5,1,0.34008877868895493,0.3307604905611654
167,5,32,33,0.06653225806451613,0.5,3,0.11088228070443307,0.10752971848587523
167,5,32,33,0.06653225806451613,0.5,5,0.06636250714515722,0.06433684912181489
167,5,32,33,0.06653225806451613,0.5,7,0.04736079353986367,0.045910200791030836
167,5,32,33,0.06653225806451613,0.5,9,0.0368205206183861,0.03569079780930319
167,5,32,33,0.06653225806451613,0.5,11,0.0301183630172149,0.02919330402812886
167,5,32,33,0.06653225806451613,0.5,13,0.025480609602602768,0.024697445782193163
167,5,32,33,0.06653225806451613,0.5,15,0.02208066219275486,0.021401657602666397
167,5,32,33,0.06653225806451613,0.5,17,0.01948128404565633,0.018881987804300848
167,5,32,33,0.06653225806451613,0.5,19,0.01742948541322028,0.016893151130772305
167,5,32,33,0.06653225806451613,1.0,1,1.0697912787483437,1.0434995311880813
167,5,32,33,0.06653225806451613,1.0,3,0.33638528603267315,0.3235743255173969
167,5,32,33,0.06653225806451613,1.0,5,0.20005858887707018,0.19239778059594992
167,5,32,33,0.06653225806451613,1.0,7,0.14245863931344885,0.13701919055920941
167,5,32,33,0.06653225806451613,1.0,9,0.11063337165739005,0.10642142857143748
167,5,32,33,0.06653225806451613,1.0,11,0.0904379365188228,0.08700292048926678
167,5,32,33,0.06653225806451613,1.0,13,0.0764801670090802,0.07358063747132086
167,5,32,33,0.06653225806451613,1.0,15,0.06625596452572749,0.06374772587065448
167,5,32,33,0.06653225806451613,1.0,17,0.05844367601126455,0.05623379727014276
167,5,32,33,0.06653225806451613,1.0,19,0.052279726180959364,0.050304837810610396
168,5,32,33,0.06653225806451613,0.1,1,0.01388920213085488,0.014154396814072188
168,5,32,33,0.06653225806451613,0.1,3,0.004623438478115471,0.004714117200264213
168,5,32,33,0.06653225806451613,0.1,5,0.0027736131654083613,0.002828261484119823
168,5,32,33,0.06653225806451613,0.1,7,0.001981036915005107,0.0020201427989074575
168,5,32,33,0.06653225806451613,0.1,9,0.0015407611700644962,0.001571207203621956
168,5,32,33,0.06653225806451613,0.1,11,0.0012606005564732954,0.0012855265971539406
168,5,32,33,0.06653225806451613,0.1,13,0.0010666495245999054,0.0010877498992092566
168,5,32,33,0.06653225806451613,0.1,15,0.0009244218927153874,0.0009427146473766132
168,5,32,33,0.06653225806451613,0.1,17,0.0008156613042810753,0.0008318058456994356
168,5,32,33,0.06653225806451613,0.1,19,0.0007297987032656592,0.0007442465495994426
168,5,32,33,0.06653225806451613,0.5,1,0.3228156165306688,0.3278507304012654
168,5,32,33,0.06653225806451613,0.5,3,0.10507062396179416,0.10726879780503892
168,5,32,33,0.06653225806451613,0.5,5,0.06289283589168593,0.06425766147286878
168,5,32,33,0.06653225806451613,0.5,7,0.04488895300908177,0.04587624580804237
168,5,32,33,0.06653225806451613,0.5,9,0.03490102691414786,0.03567392469943481
168,5,32,33,0.06653225806451613,0.5,11,0.028549530466010695,0.029184391601542185
168,5,32,33,0.06653225806451613,0.5,13,0.024154138920560148,0.02469274253495897
168,5,32,33,0.06653225806451613,0.5,15,0.02093170505768574,0.021399372409452284
168,5,32,33,0.06653225806451613,0.5,17,0.01846794421630591,0.018881173428342023
168,5,32,33,0.06653225806451613,0.5,19,0.016523131619109253,0.01689326797061057
168,5,32,33,0.06653225806451613,1.0,1,1.0306136635779148,1.0388393165957042
168,5,32,33,0.06653225806451613,1.0,3,0.3245738050336149,0.3324242548262725
168,5,32,33,0.06653225806451613,1.0,5,0.19326156483853643,0.19875993690109944
168,5,32,33,0.06653225806451613,1.0,7,0.13768405672216263,0.1418052383245824
168,5,32,33,0.06653225806451613,1.0,9,0.10695354080182068,0.11022969176218214
168,5,32,33,0.06653225806451613,1.0,11,0.08744459004055978,0.09015749066507502
168,5,32,33,0.06653225806451613,1.0,13,0.07395753830164688,0.07627022622893852
168,5,32,33,0.06653225806451613,1.0,15,0.06407618586385076,0.06609055811211452
168,5,32,33,0.06653225806451613,1.0,17,0.056524741573458645,0.05830845807468095
168,5,32,33,0.06653225806451613,1.0,19,0.05056590327439647,0.052166080644585305
169,5,32,33,0.06653225806451613,0.1,1,0.013454994613703608,0.013652163316748176
169,5,32,33,0.06653225806451613,0.1,3,0.00447892795731837,0.00454592394434571
169,5,32,33,0.06653225806451613,0.1,5,0.0026869611154812746,0.0027272544658982884
169,5,32,33,0.06653225806451613,0.1,7,0.0019191609359197265,0.0019479670793037958
169,5,32,33,0.06653225806451613,0.1,9,0.0014926436688707436,0.0015150584947730974
169,5,32,33,0.06653225806451613,0.1,11,0.0012212360923037082,0.0012395804738950576
169,5,32,33,0.06653225806451613,0.1,13,0.00103334374750076,0.001048868735567949
169,5,32,33,0.06653225806451613,0.1,15,0.0008955585652093209,0.0009090153026352286
169,5,32,33,0.06653225806451613,0.1,17,0.0007901948039274654,0.0008020695529663773
169,5,32,33,0.06653225806451613,0.1,19,0.0007070136981384366,0.0007176392789012948
169,5,32,33,0.06653225806451613,0.5,1,0.31462615224159096,0.31788629964005277
169,5,32,33,0.06653225806451613,0.5,3,0.10218186185377645,0.10375474933605057
169,5,32,33,0.06653225806451613,0.5,5,0.06118299002571428,0.0621492393549894
169,5,32,33,0.06653225806451613,0.5,7,0.04367723080883501,0.044371558963863696
169,5,32,33,0.06653225806451613,0.5,9,0.03396313642616752,0.034504422418454535
169,5,32,33,0.06653225806451613,0.5,11,0.027784653251924352,0.028228014130454504
169,5,32,33,0.06653225806451613,0.5,13,0.02350843319774385,0.023883810307047313
169,5,32,33,0.06653225806451613,0.5,15,0.020373062992553564,0.020698505578939916
169,5,32,33,0.06653225806451613,0.5,17,0.017975687403809754,0.01826290689736053
169,5,32,33,0.06653225806451613,0.5,19,0.016083163884937114,0.016340187600293182
169,5,32,33,0.06653225806451613,1.0,1,1.0154669528027012,1.0157859736555384
169,5,32,33,0.06653225806451613,1.0,3,0.31435261486384236,0.3184822701003197
169,5,32,33,0.06653225806451613,1.0,5,0.1872378193726164,0.19003319429217974
169,5,32,33,0.06653225806451613,1.0,7,0.1334390428001764,0.1355123433839573
169,5,32,33,0.06653225806451613,1.0,9,0.10368007048871192,0.1053210579678731
169,5,32,33,0.06653225806451613,1.0,11,0.08478168084728234,0.08613761298204878
169,5,32,33,0.06653225806451613,1.0,13,0.07171350948372802,0.07286804251341038
169,5,32,33,0.06653225806451613,1.0,15,0.062137268916009736,0.06314217474475659
169,5,32,33,0.06653225806451613,1.0,17,0.05481793909201256,0.05570739231384888
169,5,32,33,0.06653225806451613,1.0,19,0.049041601217816706,0.04983931009070531
170,5,32,33,0.06653225806451613,0.1,1,0.014190909551517195,0.013894602986776515
170,5,32,33,0.06653225806451613,0.1,3,0.004726454346544405,0.004625537243673245
170,5,32,33,0.06653225806451613,0.1,5,0.002835682928268455,0.002774870315549334
170,5,32,33,0.06653225806451613,0.1,7,0.00202544956441288,0.001981931362685049
170,5,32,33,0.06653225806451613,0.1,9,0.0015753371346403308,0.0015414547465447729
170,5,32,33,0.06653225806451613,0.1,11,0.0012889068954109783,0.0012611667529558973
170,5,32,33,0.06653225806451613,0.1,13,0.0010906108878253663,0.0010671277976166398
170,5,32,33,0.06653225806451613,0.1,15,0.0009451946368755821,0.0009248358458725072
170,5,32,33,0.06653225806451613,0.1,17,0.0008339943852049523,0.0008160261700754329
170,5,32,33,0.06653225806451613,0.1,19,0.0007462049374156071,0.0007301248801082284
170,5,32,33,0.06653225806451613,0.5,1,0.32931385367827903,0.32381760539648907
170,5,32,33,0.06653225806451613,0.5,3,0.10773815491613904,0.10567394866456316
170,5,32,33,0.06653225806451613,0.5,5,0.06454381718440587,0.06327541904329909
170,5,32,33,0.06653225806451613,0.5,7,0.046082902025565364,0.045167657458433395
170,5,32,33,0.06653225806451613,0.5,9,0.03583580968580108,0.035119932940170094
170,5,32,33,0.06653225806451613,0.5,11,0.029317495809943892,0.028729677155450564
170,5,32,33,0.06653225806451613,0.5,13,0.024805771717964917,0.02430715233801062
170,5,32,33,0.06653225806451613,0.5,15,0.021497595830607293,0.021064672923946162
170,5,32,33,0.06653225806451613,0.5,17,0.018968024290536727,0.018585502238196466
170,5,32,33,0.06653225806451613,0.5,19,0.016971108428723538,0.01662847612863871
170,5,32,33,0.06653225806451613,1.0,1,1.0483209820358754,1.0374136375627907
170,5,32,33,0.06653225806451613,1.0,3,0.32977781977642906,0.32508294075620403
170,5,32,33,0.06653225806451613,1.0,5,0.1967334866220273,0.19389817388916208
170,5,32,33,0.06653225806451613,1.0,7,0.14029602715207257,0.13826828467144045
170,5,32,33,0.06653225806451613,1.0,9,0.10904510046531629,0.10746691753684418
170,5,32,33,0.06653225806451613,1.0,11,0.08918764579749945,0.0878957800645835
170,5,32,33,0.06653225806451613,1.0,13,0.07545115315520612,0.07435761840457537
170,5,32,33,0.06653225806451613,1.0,15,0.06538256658796116,0.06443454150495177
170,5,32,33,0.06653225806451613,1.0,17,0.057685465865928126,0.05684875689953542
170,5,32,33,0.06653225806451613,1.0,19,0.051610114950693335,0.050861317465642986
171,5,32,33,0.06653225806451613,0.1,1,0.01399649982060365,0.014098397647338405
171,5,32,33,0.06653225806451613,0.1,3,0.004655636781189273,0.004690311667321661
171,5,32,33,0.06653225806451613,0.1,5,0.002792476200768141,0.0028133449182759364
171,5,32,33,0.06653225806451613,0.1,7,0.001994368717163609,0.0020092928976871553
171,5,32,33,0.06653225806451613,0.1,9,0.0015510686215717238,0.0015626837570535497
171,5,32,33,0.06653225806451613,0.1,11,0.0012690016452385007,0.0012785087143531869
171,5,32,33,0.06653225806451613,0.1,13,0.0010737391733180504,0.001081785791208829
171,5,32,33,0.06653225806451613,0.1,15,0.0009305541768623464,0.0009375292776804377
171,5,32,33,0.06653225806451613,0.1,17,0.0008210639810980773,0.0008272193945396022
171,5,32,33,0.06653225806451613,0.1,19,0.0007346269048576567,0.0007401350200964508
171,5,32,33,0.06653225806451613,0.5,1,0.32840589803207065,0.33030642776325714
171,5,32,33,0.06653225806451613,0.5,3,0.10666994865768799,0.10751922820753551
171,5,32,33,0.06653225806451613,0.5,5,0.06382095604010303,0.06434566078705174
171,5,32,33,0.06653225806451613,0.5,7,0.04554213620855249,0.045920757619151806
171,5,32,33,0.06653225806451613,0.5,9,0.035404770396575386,0.03570074568529905
171,5,32,33,0.06653225806451613,0.5,11,0.02895942226544068,0.029202310394457986
171,5,32,33,0.06653225806451613,0.5,13,0.02449963209142625,0.024705558936268145
171,5,32,33,0.06653225806451613,0.5,15,0.021230275267109945,0.021408994502936155
171,5,32,33,0.06653225806451613,0.5,17,0.018730806569886238,0.018888663780230287
171,5,32,33,0.06653225806451613,0.5,19,0.016757911134377034,0.016899265035411355
171,5,32,33,0.06653225806451613,1.0,1,1.0621984891573977,1.065179651053174
171,5,32,33,0.06653225806451613,1.0,3,0.32890271016179157,0.3318585867282633
171,5,32,33,0.06653225806451613,1.0,5,0.1958774206734179,0.19779362871311937
171,5,32,33,0.06653225806451613,1.0,7,0.13960761033917998,0.1410127647284126
171,5,32,33,0.06653225806451613,1.0,9,0.10848042447246795,0.10958739564175753
171,5,32,33,0.06653225806451613,1.0,11,0.08871147078571896,0.08962396695544358
171,5,32,33,0.06653225806451613,1.0,13,0.07504030412078123,0.07581618358877698
171,5,32,33,0.06653225806451613,1.0,15,0.06502160947908599,0.06569633578619877
171,5,32,33,0.06653225806451613,1.0,17,0.0573637486956659,0.057960596286801135
171,5,32,33,0.06653225806451613,1.0,19,0.05132002203515735,0.05185507650903334
172,5,32,33,0.06653225806451613,0.1,1,0.01234894966736223,0.012563726580459761
172,5,32,33,0.06653225806451613,0.1,3,0.004112222671075339,0.004183803772207057
172,5,32,33,0.06653225806451613,0.1,5,0.0024670898417744865,0.0025100200749578376
172,5,32,33,0.06653225806451613,0.1,7,0.0017621503854171256,0.0017928081448372296
172,5,32,33,0.06653225806451613,0.1,9,0.0013705405574400472,0.001394382387364985
172,5,32,33,0.06653225806451613,0.1,11,0.0011213416095780851,0.0011408468903652675
172,5,32,33,0.06653225806451613,0.1,13,0.000948822225752832,0.0009653256924695627
172,5,32,33,0.06653225806451613,0.1,15,0.000822309424948697,0.0008366117826717853
172,5,32,33,0.06653225806451613,0.1,17,0.0007255650966792303,0.0007381843826002729
172,5,32,33,0.06653225806451613,0.1,19,0.0006491884330528451,0.0006604790584691503
172,5,32,33,0.06653225806451613,0.5,1,0.2896927052812449,0.2949520661179174
172,5,32,33,0.06653225806451613,0.5,3,0.09465674718884823,0.09653186829097612
172,5,32,33,0.06653225806451613,0.5,5,0.05670299671647067,0.05782027369918603
172,5,32,33,0.06653225806451613,0.5,7,0.04048378292509735,0.041278540197734165
172,5,32,33,0.06653225806451613,0.5,9,0.03148135623451181,0.03209792853084507
172,5,32,33,0.06653225806451613,0.5,11,0.02575490998755396,0.02625852005284247
172,5,32,33,0.06653225806451613,0.5,13,0.021791336385790516,0.022216951207543023
172,5,32,33,0.06653225806451613,0.5,15,0.01888511134664251,0.019253643115855496
172,5,32,33,0.06653225806451613,0.5,17,0.016662902348330608,0.016987848920557314
172,5,32,33,0.06653225806451613,0.5,19,0.014908635550739638,0.015199214278848565
172,5,32,33,0.06653225806451613,1.0,1,0.9516364690414223,0.9743970094969852
172,5,32,33,0.06653225806451613,1.0,3,0.30122533681321617,0.3110950684643755
172,5,32,33,0.06653225806451613,1.0,5,0.17982316824377542,0.18599004383769496
172,5,32,33,0.06653225806451613,1.0,7,0.12825451004953087,0.13269551796245352
172,5,32,33,0.06653225806451613,1.0,9,0.09968925968554834,0.10315219014723688
172,5,32,33,0.06653225806451613,1.0,11,0.08153602490358053,0.08437205266623196
172,5,32,33,0.06653225806451613,1.0,13,0.0689778076807011,0.07137844659914337
172,5,32,33,0.06653225806451613,1.0,15,0.05977269845288632,0.06185355200963451
172,5,32,33,0.06653225806451613,1.0,17,0.05273565895260273,0.05457176973821575
172,5,32,33,0.06653225806451613,1.0,19,0.04718130192929639,0.048824109166373766
173,5,32,33,0.06653225806451613,0.1,1,0.011940223353745382,0.013175442082461698
173,5,32,33,0.06653225806451613,0.1,3,0.003976667862098872,0.004388274330947694
173,5,32,33,0.06653225806451613,0.1,5,0.0023858374277004124,0.00263279481086878
173,5,32,33,0.06653225806451613,0.1,7,0.0017041374611745908,0.0018805343112039924
173,5,32,33,0.06653225806451613,0.1,9,0.001325429964028585,0.00146262710390162
173,5,32,33,0.06653225806451613,0.1,11,0.0010844384388583226,0.0011966904743026757
173,5,32,33,0.06653225806451613,0.1,13,0.0009175996832861157,0.001012582092116561
173,5,32,33,0.06653225806451613,0.1,15,0.0007952519318325286,0.0008775699745177757
173,5,32,33,0.06653225806451613,0.1,17,0.0007016922164445451,0.0007743257569999604
173,5,32,33,0.06653225806451613,0.1,19,0.0006278294609324829,0.0006928173490022819
173,5,32,33,0.06653225806451613,0.5,1,0.2804783817668068,0.3056578193313901
173,5,32,33,0.06653225806451613,0.5,3,0.09156394210038009,0.09986436715378928
173,5,32,33,0.06653225806451613,0.5,5,0.05484848502142987,0.0598227939260752
173,5,32,33,0.06653225806451613,0.5,7,0.03915984658697357,0.04271173042467699
173,5,32,33,0.06653225806451613,0.5,9,0.0304520158485959,0.033214207730435784
173,5,32,33,0.06653225806451613,0.5,11,0.024912949527452804,0.027172765071127775
173,5,32,33,0.06653225806451613,0.5,13,0.02107905133706185,0.022991125157438418
173,5,32,33,0.06653225806451613,0.5,15,0.0182678931267382,0.01992498143633416
173,5,32,33,0.06653225806451613,0.5,17,0.01611836480749017,0.017580476573922647
173,5,32,33,0.06653225806451613,0.5,19,0.014421466211254516,0.01572965580040635
173,5,32,33,0.06653225806451613,1.0,1,0.9224433820141488,0.9718291425166896
173,5,32,33,0.06653225806451613,1.0,3,0.2860623714670057,0.2997711814268296
173,5,32,33,0.06653225806451613,1.0,5,0.17063458945032486,0.17864411873419794
173,5,32,33,0.06653225806451613,1.0,7,0.12168441975651473,0.12736172522202913
173,5,32,33,0.06653225806451613,1.0,9,0.09458023534390393,0.09898176838302032
173,5,32,33,0.06653225806451613,1.0,11,0.07735765093724666,0.08095302058167525
173,5,32,33,0.06653225806451613,1.0,13,0.06544373347029772,0.06848309907499664
173,5,32,33,0.06653225806451613,1.0,15,0.05671097453592822,0.05934352861252581
173,5,32,33,0.06653225806451613,1.0,17,0.05003500986090248,0.05235692934984481
173,5,32,33,0.06653225806451613,1.0,19,0.04476560368673812,0.046842531610566625
174,5,32,33,0.06653225806451613,0.1,1,0.012501391118558436,0.0124645714196616
174,5,32,33,0.06653225806451613,0.1,3,0.004162314459469147,0.004149731274939375
174,5,32,33,0.06653225806451613,0.1,5,0.0024970545612441677,0.00248948342755083
174,5,32,33,0.06653225806451613,0.1,7,0.0017835257791676523,0.0017781125701546898
174,5,32,33,0.06653225806451613,0.1,9,0.001387153708558791,0.0013829414189732673
174,5,32,33,0.06653225806451613,0.1,11,0.001134927838637398,0.0011314804488163769
174,5,32,33,0.06653225806451613,0.1,13,0.0009603145384750116,0.0009573969779454834
174,5,32,33,0.06653225806451613,0.1,15,0.0008322670568354928,0.0008297381760078852
174,5,32,33,0.06653225806451613,0.1,17,0.0007343496398393235,0.0007321180598130461
174,5,32,33,0.06653225806451613,0.1,19,0.0006570471544138761,0.0006550503297972966
174,5,32,33,0.06653225806451613,0.5,1,0.2931774381918457,0.29210052975065276
174,5,32,33,0.06653225806451613,0.5,3,0.09580747442300822,0.09537997772794872
174,5,32,33,0.06653225806451613,0.5,5,0.05738617729377805,0.057121079372412
174,5,32,33,0.06653225806451613,0.5,7,0.04096925313219169,0.04077687779579272
174,5,32,33,0.06653225806451613,0.5,9,0.03185780450786915,0.031706795730947
174,5,32,33,0.06653225806451613,0.5,11,0.026062304583827557,0.025938008150868753
174,5,32,33,0.06653225806451613,0.5,13,0.022051077350056115,0.02194545887052015
174,5,32,33,0.06653225806451613,0.5,15,0.019109987500410146,0.019018165008418818
174,5,32,33,0.06653225806451613,0.5,17,0.01686116423414471,0.016779949141859082
174,5,32,33,0.06653225806451613,0.5,19,0.015085915302588869,0.015013110195742821
174,5,32,33,0.06653225806451613,1.0,1,0.9600672737875152,0.9574811111485728
174,5,32,33,0.06653225806451613,1.0,3,0.30142832926379787,0.3023056301305289
174,5,32,33,0.06653225806451613,1.0,5,0.1798579372968927,0.18032679983849298
174,5,32,33,0.06653225806451613,1.0,7,0.12826797753450875,0.12857767627447614
174,5,32,33,0.06653225806451613,1.0,9,0.09969798597746554,0.09992696562210573
174,5,32,33,0.06653225806451613,1.0,11,0.08154330051576762,0.08172413937482746
174,5,32,33,0.06653225806451613,1.0,13,0.06898446688881843,0.06913354658263444
174,5,32,33,0.06653225806451613,1.0,15,0.05977898629555152,0.05990562763289394
174,5,32,33,0.06653225806451613,1.0,17,0.05274165700205733,0.0528516410758399
174,5,32,33,0.06653225806451613,1.0,19,0.04718704292888081,0.04728419078916674
175,5,32,33,0.06653225806451613,0.1,1,0.013106429185720435,0.012821815011229516
175,5,32,33,0.06653225806451613,0.1,3,0.0043657857614042145,0.004269963789567185
175,5,32,33,0.06653225806451613,0.1,5,0.0026193021002315674,0.0025617482128204375
175,5,32,33,0.06653225806451613,0.1,7,0.0018708921023781629,0.0018297677231824037
175,5,32,33,0.06653225806451613,0.1,9,0.0014551246818372747,0.0014231336494016473
175,5,32,33,0.06653225806451613,0.1,11,0.0011905503126562855,0.0011643732764387053
175,5,32,33,0.06653225806451613,0.1,13,0.0010073853935048463,0.0009852341969664917
175,5,32,33,0.06653225806451613,0.1,15,0.0008730653697248854,0.0008538668236598484
175,5,32,33,0.06653225806451613,0.1,17,0.0007703505405689175,0.0007534101014284354
175,5,32,33,0.06653225806451613,0.1,19,0.000689260163054501,0.0006741025552049834
175,5,32,33,0.06653225806451613,0.5,1,0.30601666300486247,0.3009708822108912
175,5,32,33,0.06653225806451613,0.5,3,0.10057076955252216,0.09838785944893638
175,5,32,33,0.06653225806451613,0.5,5,0.060271053792963845,0.05893369599568554
175,5,32,33,0.06653225806451613,0.5,7,0.04303549293018838,0.04207454787719653
175,5,32,33,0.06653225806451613,0.5,9,0.03346681658602674,0.032717476243756115
175,5,32,33,0.06653225806451613,0.5,11,0.02737963471213658,0.026765681400355155
175,5,32,33,0.06653225806451613,0.5,13,0.02316619489754364,0.022646251723522755
175,5,32,33,0.06653225806451613,0.5,15,0.02007668731619703,0.01962581316241927
175,5,32,33,0.06653225806451613,0.5,17,0.017714301440004604,0.01731631082843367
175,5,32,33,0.06653225806451613,0.5,19,0.015849360027417003,0.015493156738895198
175,5,32,33,0.06653225806451613,1.0,1,0.9911835790271455,0.9875419481574859
175,5,32,33,0.06653225806451613,1.0,3,0.3212163327920277,0.3126595039704604
175,5,32,33,0.06653225806451613,1.0,5,0.19187432403983903,0.1868816441674416
175,5,32,33,0.06653225806451613,1.0,7,0.13681770404490318,0.1333270764026927
175,5,32,33,0.06653225806451613,1.0,9,0.10631832112043073,0.10364098216306752
175,5,32,33,0.06653225806451613,1.0,11,0.08694009028845189,0.0847704112789228
175,5,32,33,0.06653225806451613,1.0,13,0.07353763163731925,0.07171443058450443
175,5,32,33,0.06653225806451613,1.0,15,0.06371580769705948,0.06214395140878796
175,5,32,33,0.06653225806451613,1.0,17,0.05620869282143227,0.054827420091601374
175,5,32,33,0.06653225806451613,1.0,19,0.05028423414932602,0.04905240444860959
176,5,32,33,0.06653225806451613,0.1,1,0.014940554265839897,0.014537936618875133
176,5,32,33,0.06653225806451613,0.1,3,0.004967965508012064,0.004838007186476848
176,5,32,33,0.06653225806451613,0.1,5,0.0029794441083858527,0.002902091940097911
176,5,32,33,0.06653225806451613,0.1,7,0.002127775073418254,0.002072722675240591
176,5,32,33,0.06653225806451613,0.1,9,0.001654765534328571,0.0016120347802438466
176,5,32,33,0.06653225806451613,0.1,11,0.001353810808020391,0.0013188955113518821
176,5,32,33,0.06653225806451613,0.1,13,0.0011454807385561352,0.001115964310712775
176,5,32,33,0.06653225806451613,0.1,15,0.0009927173528088322,0.0009671538815280032
176,5,32,33,0.06653225806451613,0.1,17,0.0008759051159653073,0.0008533609208873686
176,5,32,33,0.06653225806451613,0.1,19,0.0007836890931001211,0.0007635263381266442
176,5,32,33,0.06653225806451613,0.5,1,0.3494640436872127,0.337805384053266
176,5,32,33,0.06653225806451613,0.5,3,0.11451044862419137,0.11030328038848292
176,5,32,33,0.06653225806451613,0.5,5,0.06853354737207452,0.06602468906727345
176,5,32,33,0.06653225806451613,0.5,7,0.04890408129099959,0.047121336593294746
176,5,32,33,0.06653225806451613,0.5,9,0.03801645117113982,0.036634839925735144
176,5,32,33,0.06653225806451613,0.5,11,0.03109419246350944,0.029966663616825436
176,5,32,33,0.06653225806451613,0.5,13,0.026304611192321463,0.025352349912975445
176,5,32,33,0.06653225806451613,0.5,15,0.022793651659510732,0.02196955538493476
176,5,32,33,0.06653225806451613,0.5,17,0.020109586939393895,0.01938327694384814
176,5,32,33,0.06653225806451613,0.5,19,0.017991064223574983,0.017341811279919513
176,5,32,33,0.06653225806451613,1.0,1,1.1058736126141437,1.0721984297769287
176,5,32,33,0.06653225806451613,1.0,3,0.36341856412062884,0.3419245604887828
176,5,32,33,0.06653225806451613,1.0,5,0.21742724238551867,0.2038700319386887
176,5,32,33,0.06653225806451613,1.0,7,0.15512298338262456,0.14530617126718473
176,5,32,33,0.06653225806451613,1.0,9,0.12057439513394409,0.11289588516196829
176,5,32,33,0.06653225806451613,1.0,11,0.09861236881596269,0.09231184318717071
176,5,32,33,0.06653225806451613,1.0,13,0.08341837414464953,0.0780782534590948
176,5,32,33,0.06653225806451613,1.0,15,0.07228149553378883,0.06764849943991112
176,5,32,33,0.06653225806451613,1.0,17,0.06376810498289778,0.059677255164114304
176,5,32,33,0.06653225806451613,1.0,19,0.05704885902982802,0.05338678108739308
177,5,32,33,0.06653225806451613,0.1,1,0.013001563103379566,0.01336799553577013
177,5,32,33,0.06653225806451613,0.1,3,0.004330453892164408,0.0044440962612190115
177,5,32,33,0.06653225806451613,0.1,5,0.0025980974158279655,0.002665248413774784
177,5,32,33,0.06653225806451613,0.1,7,0.001855747307482318,0.0019033945559922948
177,5,32,33,0.06653225806451613,0.1,9,0.0014433466450198818,0.0014802680933224679
177,5,32,33,0.06653225806451613,0.1,11,0.0011809145833870877,0.001211051369793566
177,5,32,33,0.06653225806451613,0.1,13,0.0009992326560686355,0.0010246910022787404
177,5,32,33,0.06653225806451613,0.1,15,0.0008660000619132486,0.000888037249297564
177,5,32,33,0.06653225806451613,0.1,17,0.0007641167313743689,0.0007835432782962155
177,5,32,33,0.06653225806451613,0.1,19,0.0006836827558327474,0.0007010516637485861
177,5,32,33,0.06653225806451613,0.5,1,0.3040999834010692,0.3158815196484557
177,5,32,33,0.06653225806451613,0.5,3,0.09967541763753959,0.10280645651485343
177,5,32,33,0.06653225806451613,0.5,5,0.05972261160283321,0.061509013902946025
177,5,32,33,0.06653225806451613,0.5,7,0.04264211544364124,0.043890111608658376
177,5,32,33,0.06653225806451613,0.5,9,0.03316047974151906,0.03411906230107716
177,5,32,33,0.06653225806451613,0.5,11,0.02712889436688397,0.027906900422378558
177,5,32,33,0.06653225806451613,0.5,13,0.022954006171896125,0.02360863438599959
177,5,32,33,0.06653225806451613,0.5,15,0.019892790878874675,0.020457792887473486
177,5,32,33,0.06653225806451613,0.5,17,0.01755204791201448,0.018048998071527315
177,5,32,33,0.06653225806451613,0.5,19,0.0157041956703928,0.016147718171204972
177,5,32,33,0.06653225806451613,1.0,1,0.9911785304965982,1.0279642417530972
177,5,32,33,0.06653225806451613,1.0,3,0.31724096178570127,0.32923779426613675
177,5,32,33,0.06653225806451613,1.0,5,0.18967495604746754,0.19660848186657826
177,5,32,33,0.06653225806451613,1.0,7,0.1353468203085491,0.1401832687093011
177,5,32,33,0.06653225806451613,1.0,9,0.10522505790618138,0.10893217759077224
177,5,32,33,0.06653225806451613,1.0,11,0.08607410403443955,0.08907787185182615
177,5,32,33,0.06653225806451613,1.0,13,0.0728223177196774,0.07534653079122122
177,5,32,33,0.06653225806451613,1.0,15,0.0631072756398135,0.06528376092313137
177,5,32,33,0.06653225806451613,1.0,17,0.055679604457905776,0.05759246741065739
177,5,32,33,0.06653225806451613,1.0,19,0.049816467870400005,0.051522620669055476
178,5,32,33,0.06653225806451613,0.1,1,0.012554879546569149,0.013215854718546596
178,5,32,33,0.06653225806451613,0.1,3,0.0041830667232906045,0.004401786925982547
178,5,32,33,0.06653225806451613,0.1,5,0.0025097464441597595,0.0026406792865487356
178,5,32,33,0.06653225806451613,0.1,7,0.0017926571965661052,0.0018860812121232564
178,5,32,33,0.06653225806451613,0.1,9,0.0013942827749701529,0.001466901348079874
178,5,32,33,0.06653225806451613,0.1,11,0.0011407742147501701,0.0012001657340626841
178,5,32,33,0.06653225806451613,0.1,13,0.0009652691986036796,0.0010155095055581365
178,5,32,33,0.06653225806451613,0.1,15,0.0008365659234303002,0.0008800985060189949
178,5,32,33,0.06653225806451613,0.1,17,0.0007381459732623515,0.0007765509493929867
178,5,32,33,0.06653225806451613,0.1,19,0.0006604461225472369,0.0006948041191698154
178,5,32,33,0.06653225806451613,0.5,1,0.2948308536537559,0.30915814898777483
178,5,32,33,0.06653225806451613,0.5,3,0.09723363301571389,0.10246416094847328
178,5,32,33,0.06653225806451613,0.5,5,0.05828161117472888,0.06141979559610215
178,5,32,33,0.06653225806451613,0.5,7,0.04161733392293565,0.04385446486856427
178,5,32,33,0.06653225806451613,0.5,9,0.03236482923965975,0.03410200427905465
178,5,32,33,0.06653225806451613,0.5,11,0.02647847569349493,0.027898058011106154
178,5,32,33,0.06653225806451613,0.5,13,0.02240392314520313,0.023603980123114425
178,5,32,33,0.06653225806451613,0.5,15,0.0194161971210672,0.02045548110547019
178,5,32,33,0.06653225806451613,0.5,17,0.01713160796612511,0.01804808234134991
178,5,32,33,0.06653225806451613,0.5,19,0.01532806434330344,0.01614767223180736
178,5,32,33,0.06653225806451613,1.0,1,0.9712030877459041,1.0016017359359008
178,5,32,33,0.06653225806451613,1.0,3,0.3124170710250352,0.3290657471803253
178,5,32,33,0.06653225806451613,1.0,5,0.1864404312067852,0.19680233922278925
178,5,32,33,0.06653225806451613,1.0,7,0.13293918784073597,0.14040078651538573
178,5,32,33,0.06653225806451613,1.0,9,0.10331353765808937,0.10913168255728807
178,5,32,33,0.06653225806451613,1.0,11,0.08449103227468584,0.08925546201785758
178,5,32,33,0.06653225806451613,1.0,13,0.0714720999973309,0.07550459185096499
178,5,32,33,0.06653225806451613,1.0,15,0.06193052488150688,0.06542539907285214
178,5,32,33,0.06653225806451613,1.0,17,0.05463699043606139,0.057720421436334504
178,5,32,33,0.06653225806451613,1.0,19,0.04888063137721003,0.051639119342238096
179,5,32,33,0.06653225806451613,0.1,1,0.014280790063816927,0.0134877378439819
179,5,32,33,0.06653225806451613,0.1,3,0.004753508365167395,0.00448715671817556
179,5,32,33,0.06653225806451613,0.1,5,0.00285157412641326,0.002691618203041907
179,5,32,33,0.06653225806451613,0.1,7,0.002036696803444535,0.001922404588673625
179,5,32,33,0.06653225806451613,0.1,9,0.0015840404008138193,0.0014951313019476462
179,5,32,33,0.06653225806451613,0.1,11,0.0012960045945714447,0.0012232532750216954
179,5,32,33,0.06653225806451613,0.1,13,0.0010966030926715998,0.0010350400286804804
179,5,32,33,0.06653225806451613,0.1,15,0.0009503792860945672,0.0008970219913106571
179,5,32,33,0.06653225806451613,0.1,17,0.0008385632818334567,0.0007914815676526822
179,5,32,33,0.06653225806451613,0.1,19,0.0007502888080009766,0.0007081618467021298
179,5,32,33,0.06653225806451613,0.5,1,0.33159153807627956,0.31291935971457924
179,5,32,33,0.06653225806451613,0.5,3,0.10811208857327265,0.10121647200165733
179,5,32,33,0.06653225806451613,0.5,5,0.06470903298398858,0.0605730704777922
179,5,32,33,0.06653225806451613,0.5,7,0.04618149626789058,0.04323141454716339
179,5,32,33,0.06653225806451613,0.5,9,0.03590386360488683,0.03361181580321989
179,5,32,33,0.06653225806451613,0.5,11,0.02936861498863705,0.027494769067069588
179,5,32,33,0.06653225806451613,0.5,13,0.024846329767207426,0.023261694590596477
179,5,32,33,0.06653225806451613,0.5,15,0.021531021663060732,0.0201582898504124
179,5,32,33,0.06653225806451613,0.5,17,0.01899634894045459,0.017785547021393205
179,5,32,33,0.06653225806451613,0.5,19,0.016995623234683132,0.015912587169060265
179,5,32,33,0.06653225806451613,1.0,1,1.052356735366825,0.9938643799474214
179,5,32,33,0.06653225806451613,1.0,3,0.333790585098615,0.3124054750065361
179,5,32,33,0.06653225806451613,1.0,5,0.19881320464921826,0.18674875592173004
179,5,32,33,0.06653225806451613,1.0,7,0.14158737524008372,0.13325145401106206
179,5,32,33,0.06653225806451613,1.0,9,0.10994642548833593,0.10359309561338415
179,5,32,33,0.06653225806451613,1.0,11,0.08986563905784468,0.08473765737038555
179,5,32,33,0.06653225806451613,1.0,13,0.07598779255651836,0.07169074614596463
179,5,32,33,0.06653225806451613,1.0,15,0.06582311500743089,0.062126100287491964
179,5,32,33,0.06653225806451613,1.0,17,0.05805712981738248,0.05481352923672447
179,5,32,33,0.06653225806451613,1.0,19,0.051930337675964,0.04904131876493865
180,5,32,33,0.06653225806451613,0.1,1,0.013839105163241338,0.013924610376405895
180,5,32,33,0.06653225806451613,0.1,3,0.0046075270024923225,0.0046345978434511525
180,5,32,33,0.06653225806451613,0.1,5,0.0027641808875395815,0.0027802468415062576
180,5,32,33,0.06653225806451613,0.1,7,0.001974335902298166,0.001985757137512273
180,5,32,33,0.06653225806451613,0.1,9,0.0015355652080618987,0.0015444247810322174
180,5,32,33,0.06653225806451613,0.1,11,0.0012563576835153303,0.0012635941062269778
180,5,32,33,0.06653225806451613,0.1,13,0.001063064330659415,0.0010691802310769463
180,5,32,33,0.06653225806451613,0.1,15,0.0009213178695275046,0.0009266137191075162
180,5,32,33,0.06653225806451613,0.1,17,0.0008129245882927633,0.0008175942923250243
180,5,32,33,0.06653225806451613,0.1,19,0.0007273515690778632,0.0007315275311581845
180,5,32,33,0.06653225806451613,0.5,1,0.32064571565397426,0.3226983688851775
180,5,32,33,0.06653225806451613,0.5,3,0.10434546514701816,0.10486992875075425
180,5,32,33,0.06653225806451613,0.5,5,0.062487228399292,0.06278738541571258
180,5,32,33,0.06653225806451613,0.5,7,0.044609340344965644,0.044819662855642005
180,5,32,33,0.06653225806451613,0.5,9,0.03468807089194488,0.0348499543519131
180,5,32,33,0.06653225806451613,0.5,11,0.02837768448368383,0.028509264856045283
180,5,32,33,0.06653225806451613,0.5,13,0.024010143401507627,0.024120976589495254
180,5,32,33,0.06653225806451613,0.5,15,0.02080781153695472,0.020903548863185222
180,5,32,33,0.06653225806451613,0.5,17,0.01835923759935555,0.018443498131069016
180,5,32,33,0.06653225806451613,0.5,19,0.01642630062882535,0.016501541311947546
180,5,32,33,0.06653225806451613,1.0,1,1.0150751680075099,1.019713376939193
180,5,32,33,0.06653225806451613,1.0,3,0.3219641912411956,0.32434063705553196
180,5,32,33,0.06653225806451613,1.0,5,0.19241538942642605,0.1939367742257413
180,5,32,33,0.06653225806451613,1.0,7,0.13728377443970935,0.1383955883478063
180,5,32,33,0.06653225806451613,1.0,9,0.10672507056131975,0.10759908274636275
180,5,32,33,0.06653225806451613,1.0,11,0.08729882059791925,0.08801815684252566
180,5,32,33,0.06653225806451613,1.0,13,0.07385745370976908,0.07446835187621291
180,5,32,33,0.06653225806451613,1.0,15,0.06400381530419821,0.0645345562101091
180,5,32,33,0.06653225806451613,1.0,17,0.05647036224550047,0.05693947392288836
180,5,32,33,0.06653225806451613,1.0,19,0.050523818183398295,0.05094408664187661
181,5,32,33,0.06653225806451613,0.1,1,0.015114655449800502,0.014635651446566752
181,5,32,33,0.06653225806451613,0.1,3,0.005026570225827893,0.004871995439771183
181,5,32,33,0.06653225806451613,0.1,5,0.0030147621305010456,0.0029227229388885485
181,5,32,33,0.06653225806451613,0.1,7,0.002153056511273215,0.0020875369714572034
181,5,32,33,0.06653225806451613,0.1,9,0.0016744537194971713,0.001623591667730192
181,5,32,33,0.06653225806451613,0.1,11,0.001369932685752728,0.0013283694989702224
181,5,32,33,0.06653225806451613,0.1,13,0.0011591303207041696,0.001123991631352748
181,5,32,33,0.06653225806451613,0.1,15,0.0010045521457170167,0.0009741178545227974
181,5,32,33,0.06653225806451613,0.1,17,0.000886351096428238,0.000859510327321554
181,5,32,33,0.06653225806451613,0.1,19,0.0007930380011190082,0.0007690317905743959
181,5,32,33,0.06653225806451613,0.5,1,0.35275836410409617,0.3384382220280733
181,5,32,33,0.06653225806451613,0.5,3,0.11504539690489751,0.11036001124190437
181,5,32,33,0.06653225806451613,0.5,5,0.06881297773642477,0.06607240847942192
181,5,32,33,0.06653225806451613,0.5,7,0.04909358855572009,0.04716144914752599
181,5,32,33,0.06653225806451613,0.5,9,0.038160062247633506,0.03666900122026799
181,5,32,33,0.06653225806451613,0.5,11,0.031209904599634474,0.02999626408490302
181,5,32,33,0.06653225806451613,0.5,13,0.02640154610563394,0.025378404565132816
181,5,32,33,0.06653225806451613,0.5,15,0.022877075006085674,0.02199279537528541
181,5,32,33,0.06653225806451613,0.5,17,0.020182816581724588,0.019404237018656418
181,5,32,33,0.06653225806451613,0.5,19,0.018056326931313205,0.017360890982699266
181,5,32,33,0.06653225806451613,1.0,1,1.1186603818223717,1.0666673954416188
181,5,32,33,0.06653225806451613,1.0,3,0.35911737693312074,0.3414173377281921
181,5,32,33,0.06653225806451613,1.0,5,0.21393493410117762,0.20390449066041363
181,5,32,33,0.06653225806451613,1.0,7,0.15237231887317307,0.14542946453154268
181,5,32,33,0.06653225806451613,1.0,9,0.1183294540419361,0.11303315357709812
181,5,32,33,0.06653225806451613,1.0,11,0.09672229977363458,0.09244528559436849
181,5,32,33,0.06653225806451613,1.0,13,0.08178851744946285,0.07820338266296503
181,5,32,33,0.06653225806451613,1.0,15,0.07084982677654492,0.06776463440323674
181,5,32,33,0.06653225806451613,1.0,17,0.06249211636208927,0.05978487773747207
181,5,32,33,0.06653225806451613,1.0,19,0.05589826284986149,0.05348669220252728
182,5,32,33,0.06653225806451613,0.1,1,0.014632959704231282,0.01362737196341161
182,5,32,33,0.06653225806451613,0.1,3,0.004864700186637139,0.004534721998557424
182,5,32,33,0.06653225806451613,0.1,5,0.002917359028025812,0.0027202665582249643
182,5,32,33,0.06653225806451613,0.1,7,0.0020833877426595284,0.0019429003440360002
182,5,32,33,0.06653225806451613,0.1,9,0.0016202239655347221,0.0015110864010261023
182,5,32,33,0.06653225806451613,0.1,11,0.001325539975882168,0.0012363146688765087
182,5,32,33,0.06653225806451613,0.1,13,0.0011215536223735804,0.0010460961909859884
182,5,32,33,0.06653225806451613,0.1,15,0.0009719769105093237,0.0009066066691050042
182,5,32,33,0.06653225806451613,0.1,17,0.0008576022801003654,0.0007999404343851048
182,5,32,33,0.06653225806451613,0.1,19,0.0007673111380768959,0.0007157315744693631
182,5,32,33,0.06653225806451613,0.5,1,0.3439445621201948,0.3152905971250088
182,5,32,33,0.06653225806451613,0.5,3,0.11270511901208125,0.10208070147965852
182,5,32,33,0.06653225806451613,0.5,5,0.06741417414388566,0.06109123430035915
182,5,32,33,0.06653225806451613,0.5,7,0.04809147539116591,0.04360245256223894
182,5,32,33,0.06653225806451613,0.5,9,0.03737843015049686,0.03390105274522713
182,5,32,33,0.06653225806451613,0.5,11,0.03056895355931518,0.02773183913024978
182,5,32,33,0.06653225806451613,0.5,13,0.025858253794855467,0.023462572039889922
182,5,32,33,0.06653225806451613,0.5,15,0.022405569205039638,0.02033257640316926
182,5,32,33,0.06653225806451613,0.5,17,0.019766316979263544,0.017939466979325473
182,5,32,33,0.06653225806451613,0.5,19,0.017683327270683048,0.0160504065150733
182,5,32,33,0.06653225806451613,1.0,1,1.1075958659048695,0.9915716919523777
182,5,32,33,0.06653225806451613,1.0,3,0.3613505791199104,0.30739741054879605
182,5,32,33,0.06653225806451613,1.0,5,0.21530953156126048,0.1834138076908593
182,5,32,33,0.06653225806451613,1.0,7,0.15335419873105396,0.1308017092979817
182,5,32,33,0.06653225806451613,1.0,9,0.11909241599747056,0.1016661090169039
182,5,32,33,0.06653225806451613,1.0,11,0.09734609850654942,0.08315220807980614
182,5,32,33,0.06653225806451613,1.0,13,0.08231609222864848,0.07034501159311198
182,5,32,33,0.06653225806451613,1.0,15,0.07130690634007711,0.0609575723264091
182,5,32,33,0.06653225806451613,1.0,17,0.06289532711137398,0.05378120129444133
182,5,32,33,0.06653225806451613,1.0,19,0.056258968706467884,0.048116882815420495
183,5,32,33,0.06653225806451613,0.1,1,0.012241746230011272,0.012241746230011171
183,5,32,33,0.06653225806451613,0.1,3,0.004076089053843811,0.004076089053843706
183,5,32,33,0.06653225806451613,0.1,5,0.002445437779371448,0.0024454377793717173
183,5,32,33,0.06653225806451613,0.1,7,0.0017466988318112888,0.001746698831811497
183,5,32,33,0.06653225806451613,0.1,9,0.0013585299521927756,0.0013585299521930788
183,5,32,33,0.06653225806451613,0.1,11,0.0011115188804961941,0.0011115188804952537
183,5,32,33,0.06653225806451613,0.1,13,0.0009405132379108755,0.0009405132379110944
183,5,32,33,0.06653225806451613,0.1,15,0.0008151099841192663,0.0008151099841147146
183,5,32,33,0.06653225806451613,0.1,17,0.0007192138139767867,0.0007192138139800887
183,5,32,33,0.06653225806451613,0.1,19,0.0006435065459534504,0.0006435065459513138
183,5,32,33,0.06653225806451613,0.5,1,0.28628961325858066,0.2862896132585815
183,5,32,33,0.06653225806451613,0.5,3,0.09341908366613902,0.09341908366614073
183,5,32,33,0.06653225806451613,0.5,5,0.05596334945805315,0.05596334945805515
183,5,32,33,0.06653225806451613,0.5,7,0.03995635968264234,0.039956359682644646
183,5,32,33,0.06653225806451613,0.5,9,0.031071560277115405,0.03107156027711538
183,5,32,33,0.06653225806451613,0.5,11,0.025419858824321403,0.025419858824324224
183,5,32,33,0.06653225806451613,0.5,13,0.021507977793783734,0.021507977793788692
183,5,32,33,0.06653225806451613,0.5,15,0.018639630691115038,0.018639630691120304
183,5,32,33,0.06653225806451613,0.5,17,0.016446369138108735,0.016446369138112114
183,5,32,33,0.06653225806451613,0.5,19,0.01471494407127555,0.014714944071281162
183,5,32,33,0.06653225806451613,1.0,1,0.9434440126327531,0.9434440126327562
183,5,32,33,0.06653225806451613,1.0,3,0.3024957809244732,0.30249578092447704
183,5,32,33,0.06653225806451613,1.0,5,0.18061046685541116,0.18061046685541424
183,5,32,33,0.06653225806451613,1.0,7,0.12879520079182855,0.128795200791832
183,5,32,33,0.06653225806451613,1.0,9,0.10009497064965638,0.10009497064966127
183,5,32,33,0.06653225806451613,1.0,11,0.08185865319089691,0.081858653190899
183,5,32,33,0.06653225806451613,1.0,13,0.06924474679508114,0.06924474679508716
183,5,32,33,0.06653225806451613,1.0,15,0.05999993861016336,0.05999993861016872
183,5,32,33,0.06653225806451613,1.0,17,0.05293326854630407,0.05293326854630852
183,5,32,33,0.06653225806451613,1.0,19,0.047355999577796765,0.04735599957779999
184,5,32,33,0.06653225806451613,0.1,1,0.012984142867030715,0.012682750336770677
184,5,32,33,0.06653225806451613,0.1,3,0.004320238219586878,0.0042214847786463065
184,5,32,33,0.06653225806451613,0.1,5,0.002591600742931828,0.002532555661698887
184,5,32,33,0.06653225806451613,0.1,7,0.0018510062788131573,0.0018088944093298425
184,5,32,33,0.06653225806451613,0.1,9,0.0014396181320019481,0.0014068917108784223
184,5,32,33,0.06653225806451613,0.1,11,0.0011778433417113617,0.0011510813529561111
184,5,32,33,0.06653225806451613,0.1,13,0.0009966221041688374,0.0009739856406701033
184,5,32,33,0.06653225806451613,0.1,15,0.0008637302055029028,0.0008441172066090014
184,5,32,33,0.06653225806451613,0.1,17,0.0007621090026615195,0.0007448069692504057
184,5,32,33,0.06653225806451613,0.1,19,0.0006818829308112888,0.0006664046734729268
184,5,32,33,0.06653225806451613,0.5,1,0.30266311693381787,0.29491995413015554
184,5,32,33,0.06653225806451613,0.5,3,0.09751998680967493,0.09563098190632617
184,5,32,33,0.06653225806451613,0.5,5,0.058330159342100577,0.057262754966075496
184,5,32,33,0.06653225806451613,0.5,7,0.04162449951726375,0.040878826142003784
184,5,32,33,0.06653225806451613,0.5,9,0.032360532129319414,0.03178706769402462
184,5,32,33,0.06653225806451613,0.5,11,0.026470429250026836,0.026004389041953603
184,5,32,33,0.06653225806451613,0.5,13,0.02239469406630505,0.022002113672127996
184,5,32,33,0.06653225806451613,0.5,15,0.01940676511236945,0.019067608125409193
184,5,32,33,0.06653225806451613,0.5,17,0.017122371135247186,0.016823823040159582
184,5,32,33,0.06653225806451613,0.5,19,0.015319182709777243,0.01505254980853137
184,5,32,33,0.06653225806451613,1.0,1,0.9730668686859412,0.9591655305174915
184,5,32,33,0.06653225806451613,1.0,3,0.29876435436974164,0.3118167871399588
184,5,32,33,0.06653225806451613,1.0,5,0.17868293055625925,0.1869647532879203
184,5,32,33,0.06653225806451613,1.0,7,0.12751224817507148,0.13351623623773984
184,5,32,33,0.06653225806451613,1.0,9,0.09913556618458302,0.1038349864508908
184,5,32,33,0.06653225806451613,1.0,11,0.08109287871146885,0.08495084144832267
184,5,32,33,0.06653225806451613,1.0,13,0.06860767044003258,0.07187878464873458
184,5,32,33,0.06653225806451613,1.0,15,0.05945455096698771,0.06229335619023495
184,5,32,33,0.06653225806451613,1.0,17,0.052456501325569,0.05496371632078792
184,5,32,33,0.06653225806451613,1.0,19,0.04693251134746569,0.04917738403030465
185,5,32,33,0.06653225806451613,0.1,1,0.012630404240063621,0.012632078224375204
185,5,32,33,0.06653225806451613,0.1,3,0.004206252356458286,0.004206451545937173
185,5,32,33,0.06653225806451613,0.1,5,0.002523550420035787,0.002523622956059759
185,5,32,33,0.06653225806451613,0.1,7,0.0018024937311956716,0.0018025309139767204
185,5,32,33,0.06653225806451613,0.1,9,0.0014019251774522762,0.00140194772842291
185,5,32,33,0.06653225806451613,0.1,11,0.0011470233778882305,0.0011470384983182842
185,5,32,33,0.06653225806451613,0.1,13,0.0009705549997961793,0.0009705658376433525
185,5,32,33,0.06653225806451613,0.1,15,0.0008411458103952388,0.0008411539573887655
185,5,32,33,0.06653225806451613,0.1,17,0.0007421863306643443,0.0007421926773745072
185,5,32,33,0.06653225806451613,0.1,19,0.0006640606986375937,0.0006640657819768788
185,5,32,33,0.06653225806451613,0.5,1,0.2950841902724278,0.2952674631391197
185,5,32,33,0.06653225806451613,0.5,3,0.09638021458018131,0.09643101886521464
185,5,32,33,0.06653225806451613,0.5,5,0.05773826521943356,0.057757627783041
185,5,32,33,0.06653225806451613,0.5,7,0.04122403007857045,0.0412340804323866
185,5,32,33,0.06653225806451613,0.5,9,0.03205751127458344,0.03206363900810809
185,5,32,33,0.06653225806451613,0.5,11,0.02622654368630051,0.02623066371664404
185,5,32,33,0.06653225806451613,0.5,13,0.022190556612481385,0.022193514594277753
185,5,32,33,0.06653225806451613,0.5,15,0.019231198489464772,0.01923342444044846
185,5,32,33,0.06653225806451613,0.5,17,0.016968340213813285,0.016970075573066595
185,5,32,33,0.06653225806451613,0.5,19,0.015181970323384709,0.015183360992938509
185,5,32,33,0.06653225806451613,1.0,1,0.958385232786325,0.9607502221559423
185,5,32,33,0.06653225806451613,1.0,3,0.3032484612906487,0.30343661331642857
185,5,32,33,0.06653225806451613,1.0,5,0.1811974912184014,0.18124006699808953
185,5,32,33,0.06653225806451613,1.0,7,0.12927094303481473,0.12928889783397843
185,5,32,33,0.06653225806451613,1.0,9,0.10049205861710511,0.10050189186628357
185,5,32,33,0.06653225806451613,1.0,11,0.08219841147686453,0.08220461198199337
185,5,32,33,0.06653225806451613,1.0,13,0.06954123058112997,0.06954549838395743
185,5,32,33,0.06653225806451613,1.0,15,0.060262730705366724,0.06026584862088851
185,5,32,33,0.06653225806451613,1.0,17,0.053169140942004076,0.05317151920505328
185,5,32,33,0.06653225806451613,1.0,19,0.047569894603353965,0.04757176892255785
186,5,32,33,0.06653225806451613,0.1,1,0.012993872675038638,0.012817298669873998
186,5,32,33,0.06653225806451613,0.1,3,0.004326285292956206,0.0042679636400363465
186,5,32,33,0.06653225806451613,0.1,5,0.00259540114761052,0.0025604805134281936
186,5,32,33,0.06653225806451613,0.1,7,0.0018537614873942532,0.001828840830028267
186,5,32,33,0.06653225806451613,0.1,9,0.0014417761924516615,0.0014224033447375066
186,5,32,33,0.06653225806451613,0.1,11,0.0011796161579811614,0.0011637708225018997
186,5,32,33,0.06653225806451613,0.1,13,0.00099812607023447,0.0009847215220455071
186,5,32,33,0.06653225806451613,0.1,15,0.0008650359865168531,0.0008534206506187117
186,5,32,33,0.06653225806451613,0.1,17,0.0007632626787908101,0.0007530151639430219
186,5,32,33,0.06653225806451613,0.1,19,0.0006829162028792959,0.0006737483011767637
186,5,32,33,0.06653225806451613,0.5,1,0.3044387312767658,0.29946524631657023
186,5,32,33,0.06653225806451613,0.5,3,0.09970374381903711,0.09812206519575717
186,5,32,33,0.06653225806451613,0.5,5,0.05972474090191285,0.05878784140371479
186,5,32,33,0.06653225806451613,0.5,7,0.04263858750230555,0.04197296635399255
186,5,32,33,0.06653225806451613,0.5,9,0.033155444610056116,0.03263926667886587
186,5,32,33,0.06653225806451613,0.5,11,0.02712354691761938,0.02670200721737526
186,5,32,33,0.06653225806451613,0.5,13,0.022948748346541693,0.022592519475351073
186,5,32,33,0.06653225806451613,0.5,15,0.019887761850608286,0.0195793203383419
186,5,32,33,0.06653225806451613,0.5,17,0.017547288650053554,0.017275329538493644
186,5,32,33,0.06653225806451613,0.5,19,0.01569970822043628,0.015456513901626867
186,5,32,33,0.06653225806451613,1.0,1,0.9941337035228157,0.9740741055858653
186,5,32,33,0.06653225806451613,1.0,3,0.31762887866534656,0.31392705627323075
186,5,32,33,0.06653225806451613,1.0,5,0.18978935395389138,0.18767138148170714
186,5,32,33,0.06653225806451613,1.0,7,0.13539870875687568,0.13391447166724624
186,5,32,33,0.06653225806451613,1.0,9,0.10525562852151668,0.10411273355842972
186,5,32,33,0.06653225806451613,1.0,11,0.08609518672353851,0.08516527796018714
186,5,32,33,0.06653225806451613,1.0,13,0.07283835068942374,0.07205417783203688
186,5,32,33,0.06653225806451613,1.0,15,0.0631202592735472,0.062442174185372575
186,5,32,33,0.06653225806451613,1.0,17,0.055690569003501014,0.055093206627170765
186,5,32,33,0.06653225806451613,1.0,19,0.0498260003980852,0.04929214081848327
187,5,32,33,0.06653225806451613,0.1,1,0.016473490265527312,0.01603966037368696
187,5,32,33,0.06653225806451613,0.1,3,0.005476664220058708,0.005340539003359941
187,5,32,33,0.06653225806451613,0.1,5,0.0032845026240714025,0.0032038759545508066
187,5,32,33,0.06653225806451613,0.1,7,0.002345632625901827,0.0022883656579957227
187,5,32,33,0.06653225806451613,0.1,9,0.0018241939711900908,0.0017797933128593844
187,5,32,33,0.06653225806451613,0.1,11,0.0014924260455004392,0.0014561714541781387
187,5,32,33,0.06653225806451613,0.1,13,0.0012627660326513124,0.0012321320260578323
187,5,32,33,0.06653225806451613,0.1,15,0.0010943618150410389,0.0010678396716849654
187,5,32,33,0.06653225806451613,0.1,17,0.0009655895628447605,0.0009422061260712878
187,5,32,33,0.06653225806451613,0.1,19,0.0008639317922436381,0.0008430228134559927
187,5,32,33,0.06653225806451613,0.5,1,0.37910326556510654,0.36697741532334616
187,5,32,33,0.06653225806451613,0.5,3,0.12335329015165936,0.1199865354916036
187,5,32,33,0.06653225806451613,0.5,5,0.07381253201582835,0.07187411198794667
187,5,32,33,0.06653225806451613,0.5,7,0.05267047715115874,0.051314018217141315
187,5,32,33,0.06653225806451613,0.5,9,0.04094467937069464,0.03990253444314409
187,5,32,33,0.06653225806451613,0.5,11,0.03348958565039915,0.03264385870603331
187,5,32,33,0.06653225806451613,0.5,13,0.02833130089581605,0.027619841067790852
187,5,32,33,0.06653225806451613,0.5,15,0.0245500316294484,0.023936115892351752
187,5,32,33,0.06653225806451613,0.5,17,0.021659292268514183,0.021119433393727557
187,5,32,33,0.06653225806451613,0.5,19,0.019377621468578795,0.018895895298570154
187,5,32,33,0.06653225806451613,1.0,1,1.1480949635160673,1.1158781412181609
187,5,32,33,0.06653225806451613,1.0,3,0.36712197180228023,0.35453430597734265
187,5,32,33,0.06653225806451613,1.0,5,0.22056859890117897,0.2113402303238209
187,5,32,33,0.06653225806451613,1.0,7,0.1575848569327219,0.15062597239747885
187,5,32,33,0.06653225806451613,1.0,9,0.12257040358665865,0.11703038111806809
187,5,32,33,0.06653225806451613,1.0,11,0.10028387727777775,0.09569432655363178
187,5,32,33,0.06653225806451613,1.0,13,0.08485376544249128,0.08094074837411888
187,5,32,33,0.06653225806451613,1.0,15,0.07353822486764588,0.07012984490489657
187,5,32,33,0.06653225806451613,1.0,17,0.06488524781218909,0.06186716530015886
187,5,32,33,0.06653225806451613,1.0,19,0.05805407171378543,0.05534659711495981
188,5,32,33,0.06653225806451613,0.1,1,0.012832962334604119,0.012828694854816485
188,5,32,33,0.06653225806451613,0.1,3,0.0042743195134108064,0.004273092994169189
188,5,32,33,0.06653225806451613,0.1,5,0.002564431796213714,0.00256370558792719
188,5,32,33,0.06653225806451613,0.1,7,0.0018317055305267294,0.0018311887253602307
188,5,32,33,0.06653225806451613,0.1,9,0.0014246497856810639,0.0014242484395897855
188,5,32,33,0.06653225806451613,0.1,11,0.001165618380778007,0.0011652902608836348
188,5,32,33,0.06653225806451613,0.1,13,0.0009862904461128508,0.0009860129299279431
188,5,32,33,0.06653225806451613,0.1,15,0.0008547839495216167,0.0008545435027808206
188,5,32,33,0.06653225806451613,0.1,17,0.0007542204810491232,0.0007540083618462829
188,5,32,33,0.06653225806451613,0.1,19,0.0006748284431246141,0.0006746386771457075
188,5,32,33,0.06653225806451613,0.5,1,0.3011704575672717,0.3017945012424769
188,5,32,33,0.06653225806451613,0.5,3,0.09862302126786868,0.09902541061308397
188,5,32,33,0.06653225806451613,0.5,5,0.059090419948370214,0.05934501639535117
188,5,32,33,0.06653225806451613,0.5,7,0.04219105402978815,0.04237556316914326
188,5,32,33,0.06653225806451613,0.5,9,0.03281002076898709,0.03295438371315306
188,5,32,33,0.06653225806451613,0.5,11,0.0268423911830158,0.02696086189568077
188,5,32,33,0.06653225806451613,0.5,13,0.02271173596318392,0.02281215374699089
188,5,32,33,0.06653225806451613,0.5,15,0.01968293001677414,0.019770053107103155
188,5,32,33,0.06653225806451613,0.5,17,0.017366952436010778,0.01744388142013476
188,5,32,33,0.06653225806451613,0.5,19,0.015538639660162947,0.015607505796688015
188,5,32,33,0.06653225806451613,1.0,1,0.9906756203755878,0.9957205725797652
188,5,32,33,0.06653225806451613,1.0,3,0.31575986016294927,0.3208673353849112
188,5,32,33,0.06653225806451613,1.0,5,0.18861876816529094,0.19194702200719294
188,5,32,33,0.06653225806451613,1.0,7,0.13455883432227048,0.13698960419096473
188,5,32,33,0.06653225806451613,1.0,9,0.10460240535654754,0.10651025761120121
188,5,32,33,0.06653225806451613,1.0,11,0.08556115120361951,0.08712929347957592
188,5,32,33,0.06653225806451613,1.0,13,0.07238686148966866,0.07371724838556191
188,5,32,33,0.06653225806451613,1.0,15,0.0627292727684253,0.0638841785945235
188,5,32,33,0.06653225806451613,1.0,17,0.05534581347886786,0.05636597154189741
188,5,32,33,0.06653225806451613,1.0,19,0.04951771339035098,0.050431191605003485
189,5,32,33,0.06653225806451613,0.1,1,0.013529847845570616,0.01311476572852618
189,5,32,33,0.06653225806451613,0.1,3,0.00450565060661294,0.004367894086140009
189,5,32,33,0.06653225806451613,0.1,5,0.002703184045972505,0.002620559436338521
189,5,32,33,0.06653225806451613,0.1,7,0.0019308051455514768,0.0018717933393800053
189,5,32,33,0.06653225806451613,0.1,9,0.001501724339990969,0.001455828116574686
189,5,32,33,0.06653225806451613,0.1,11,0.0012286781686888114,0.001191127478657635
189,5,32,33,0.06653225806451613,0.1,13,0.001039648138796583,0.0010078748505644218
189,5,32,33,0.06653225806451613,0.1,15,0.0009010269626918259,0.000873490315483806
189,5,32,33,0.06653225806451613,0.1,17,0.0007950229507368367,0.0007707260285512341
189,5,32,33,0.06653225806451613,0.1,19,0.0007113357974341154,0.0006895965209558583
189,5,32,33,0.06653225806451613,0.5,1,0.3152476588205891,0.30717004134896897
189,5,32,33,0.06653225806451613,0.5,3,0.10263236287455633,0.10047320068190241
189,5,32,33,0.06653225806451613,0.5,5,0.06146192823408888,0.060195943078781254
189,5,32,33,0.06653225806451613,0.5,7,0.04387826704586154,0.04297986140207902
189,5,32,33,0.06653225806451613,0.5,9,0.03412014519804391,0.03342326983120267
189,5,32,33,0.06653225806451613,0.5,11,0.027913419569264245,0.02734403040661502
189,5,32,33,0.06653225806451613,0.5,13,0.023617556797619108,0.02313614661529013
189,5,32,33,0.06653225806451613,0.5,15,0.020467738762071704,0.020050723671162944
189,5,32,33,0.06653225806451613,0.5,17,0.01805929158177456,0.017691459228672005
189,5,32,33,0.06653225806451613,0.5,19,0.0161580136948444,0.015828977177354674
189,5,32,33,0.06653225806451613,1.0,1,1.0109563836776043,1.0002936848389246
189,5,32,33,0.06653225806451613,1.0,3,0.3096650962250743,0.31865993308472773
189,5,32,33,0.06653225806451613,1.0,5,0.18448927751820254,0.190559411255454
189,5,32,33,0.06653225806451613,1.0,7,0.1315226525458836,0.13599055416448935
189,5,32,33,0.06653225806451613,1.0,9,0.10221389657159319,0.10573116122416931
189,5,32,33,0.06653225806451613,1.0,11,0.08359584365745625,0.08649108626081604
189,5,32,33,0.06653225806451613,1.0,13,0.07071855212662785,0.07317687746094945
189,5,32,33,0.06653225806451613,1.0,15,0.06128050226257705,0.06341567450369283
189,5,32,33,0.06653225806451613,1.0,17,0.05406577900739807,0.055952480697091855
189,5,32,33,0.06653225806451613,1.0,19,0.04837134981593009,0.05006116151551364
190,5,32,33,0.06653225806451613,0.1,1,0.01500378414562914,0.015022752314355039
190,5,32,33,0.06653225806451613,0.1,3,0.0049965215320700584,0.004998369023580083
190,5,32,33,0.06653225806451613,0.1,5,0.002997675283805361,0.0029982688572381413
190,5,32,33,0.06653225806451613,0.1,7,0.0021411482301545333,0.002141415921836039
190,5,32,33,0.06653225806451613,0.1,9,0.0016653215195308194,0.0016654624473374819
190,5,32,33,0.06653225806451613,0.1,11,0.001362528961217687,0.001362609312942344
190,5,32,33,0.06653225806451613,0.1,13,0.0011529056999804368,0.0011529532431970764
190,5,32,33,0.06653225806451613,0.1,15,0.000999183026555726,0.0009992112484095118
190,5,32,33,0.06653225806451613,0.1,17,0.000881630922640974,0.0008816470709807641
190,5,32,33,0.06653225806451613,0.1,19,0.000788826920533155,0.0007888351894339533
190,5,32,33,0.06653225806451613,0.5,1,0.34610913364790596,0.347872159922969
190,5,32,33,0.06653225806451613,0.5,3,0.11294654714713705,0.11286943612442457
190,5,32,33,0.06653225806451613,0.5,5,0.0676371312368969,0.06754037656416559
190,5,32,33,0.06653225806451613,0.5,7,0.04828417285186864,0.04820082993419292
190,5,32,33,0.06653225806451613,0.5,9,0.03754468314307693,0.03747389894221827
190,5,32,33,0.06653225806451613,0.5,11,0.03071409312463819,0.030653123070506383
190,5,32,33,0.06653225806451613,0.5,13,0.02598663016712794,0.02593326674631544
190,5,32,33,0.06653225806451613,0.5,15,0.022520468508151408,0.022473100028155252
190,5,32,33,0.06653225806451613,0.5,17,0.019870206194752233,0.0198276578985602
190,5,32,33,0.06653225806451613,0.5,19,0.017778080251948256,0.017739480814983593
190,5,32,33,0.06653225806451613,1.0,1,1.0854948836120015,1.0923440325321296
190,5,32,33,0.06653225806451613,1.0,3,0.3449268514703426,0.3421513908235468
190,5,32,33,0.06653225806451613,1.0,5,0.20549204199733587,0.20420340772579354
190,5,32,33,0.06653225806451613,1.0,7,0.14640886963647437,0.1456104901503782
190,5,32,33,0.06653225806451613,1.0,9,0.11373076739739217,0.1131602415951127
190,5,32,33,0.06653225806451613,1.0,11,0.09298375989404857,0.09254203640950863
190,5,32,33,0.06653225806451613,1.0,13,0.07864058718298075,0.0782809432567284
190,5,32,33,0.06653225806451613,1.0,15,0.06813207788213255,0.0678290771325625
190,5,32,33,0.06653225806451613,1.0,17,0.0601014865820294,0.059839842765348594
190,5,32,33,0.06653225806451613,1.0,19,0.053764676464828805,0.05353451856909399
191,5,32,33,0.06653225806451613,0.1,1,0.012883854125682385,0.012688422748511279
191,5,32,33,0.06653225806451613,0.1,3,0.004289476507738616,0.004222627343816478
191,5,32,33,0.06653225806451613,0.1,5,0.0025733658557292706,0.0025330632982831502
191,5,32,33,0.06653225806451613,0.1,7,0.0018380420210190283,0.0018091962666486416
191,5,32,33,0.06653225806451613,0.1,9,0.0014295595420623073,0.001407098983081881
191,5,32,33,0.06653225806451613,0.1,11,0.001169626003021663,0.001151236235701573
191,5,32,33,0.06653225806451613,0.1,13,0.0009896760694092632,0.0009741079347154669
191,5,32,33,0.06653225806451613,0.1,15,0.0008577147405755937,0.0008442175606534256
191,5,32,33,0.06653225806451613,0.1,17,0.0007568041898641366,0.0007448916819906552
191,5,32,33,0.06653225806451613,0.1,19,0.0006771385815047345,0.0006664777419178058
191,5,32,33,0.06653225806451613,0.5,1,0.30122375716993977,0.29776861534515076
191,5,32,33,0.06653225806451613,0.5,3,0.09811676248364676,0.09663949352242243
191,5,32,33,0.06653225806451613,0.5,5,0.0587626558488687,0.05784110814329078
191,5,32,33,0.06653225806451613,0.5,7,0.04195165920188652,0.04128283498646846
191,5,32,33,0.06653225806451613,0.5,9,0.03262192915119476,0.032097210160580425
191,5,32,33,0.06653225806451613,0.5,11,0.026687623681012865,0.026255969558021463
191,5,32,33,0.06653225806451613,0.5,13,0.022580309086424936,0.02221369995598194
191,5,32,33,0.06653225806451613,0.5,15,0.01956874700489012,0.019250155731547088
191,5,32,33,0.06653225806451613,0.5,17,0.0172660233716977,0.01698433250134044
191,5,32,33,0.06653225806451613,0.5,19,0.015448213123727324,0.015195764486501026
191,5,32,33,0.06653225806451613,1.0,1,0.9784957817896486,0.9735149688046311
191,5,32,33,0.06653225806451613,1.0,3,0.3096664312257428,0.3035184702163629
191,5,32,33,0.06653225806451613,1.0,5,0.18488399465000277,0.18119942906230277
191,5,32,33,0.06653225806451613,1.0,7,0.1318512573355718,0.1292295320816378
191,5,32,33,0.06653225806451613,1.0,9,0.10247555414712194,0.10044104033573892
191,5,32,33,0.06653225806451613,1.0,11,0.08380890969311701,0.08214659092945074
191,5,32,33,0.06653225806451613,1.0,13,0.07089665324879439,0.06949133051640732
191,5,32,33,0.06653225806451613,1.0,15,0.061432757590527076,0.060215560355234655
191,5,32,33,0.06653225806451613,1.0,17,0.05419835024725011,0.053124830076484074
191,5,32,33,0.06653225806451613,1.0,19,0.04848852091727066,0.04752832320817548
192,5,32,33,0.06653225806451613,0.1,1,0.012794773946541852,0.012980290732501218
192,5,32,33,0.06653225806451613,0.1,3,0.0042612541967748776,0.004315113630449146
192,5,32,33,0.06653225806451613,0.1,5,0.0025565689013659467,0.0025880044747364837
192,5,32,33,0.06653225806451613,0.1,7,0.0018260830871314204,0.0018482743871897616
192,5,32,33,0.06653225806451613,0.1,9,0.0014202743761035411,0.001437422185962637
192,5,32,33,0.06653225806451613,0.1,11,0.0011620373224074548,0.0011760094262225403
192,5,32,33,0.06653225806451613,0.1,13,0.0009832596570636702,0.0009950484465717957
192,5,32,33,0.06653225806451613,0.1,15,0.0008521568567241813,0.0008623524290163553
192,5,32,33,0.06653225806451613,0.1,17,0.0007519021882186049,0.0007608838957362856
192,5,32,33,0.06653225806451613,0.1,19,0.0006727539939301988,0.0006807801185553795
192,5,32,33,0.06653225806451613,0.5,1,0.30091682467047537,0.30840448493189376
192,5,32,33,0.06653225806451613,0.5,3,0.09839523141817778,0.09993930578479243
192,5,32,33,0.06653225806451613,0.5,5,0.058947940045400216,0.059760804374732836
192,5,32,33,0.06653225806451613,0.5,7,0.04208803139404917,0.0426367179060714
192,5,32,33,0.06653225806451613,0.5,9,0.03272945679122603,0.03314311231606698
192,5,32,33,0.06653225806451613,0.5,11,0.026776280785899338,0.02710813521733137
192,5,32,33,0.06653225806451613,0.5,13,0.02265569498451475,0.0229327266890481
192,5,32,33,0.06653225806451613,0.5,15,0.01963430236183206,0.01987204466683868
192,5,32,33,0.06653225806451613,0.5,17,0.01732400885655486,0.017532216736938125
192,5,32,33,0.06653225806451613,0.5,19,0.015500192013210123,0.015685390296852984
192,5,32,33,0.06653225806451613,1.0,1,0.9918482834842187,1.0194356876782713
192,5,32,33,0.06653225806451613,1.0,3,0.3132316629913428,0.3179426458763195
192,5,32,33,0.06653225806451613,1.0,5,0.18706910168018273,0.1893305692863912
192,5,32,33,0.06653225806451613,1.0,7,0.1334478881618602,0.13493033303462584
192,5,32,33,0.06653225806451613,1.0,9,0.10373687441551857,0.10484093280484019
192,5,32,33,0.06653225806451613,1.0,11,0.08485220715083176,0.08573262522993631
192,5,32,33,0.06653225806451613,1.0,13,0.07178649828315584,0.0725190484308035
192,5,32,33,0.06653225806451613,1.0,15,0.06220862952250343,0.06283606272867806
192,5,32,33,0.06653225806451613,1.0,17,0.05488618956643687,0.05543501099650844
192,5,32,33,0.06653225806451613,1.0,19,0.04910629969136394,0.049594086634080714
193,5,32,33,0.06653225806451613,0.1,1,0.012462261477082546,0.012239195953485688
193,5,32,33,0.06653225806451613,0.1,3,0.004150781188511008,0.0040721161911563665
193,5,32,33,0.06653225806451613,0.1,5,0.0024903028767789635,0.002442742442682063
193,5,32,33,0.06653225806451613,0.1,7,0.00177875358647649,0.001744683045204874
193,5,32,33,0.06653225806451613,0.1,9,0.00138346357377969,0.0013569239833998987
193,5,32,33,0.06653225806451613,0.1,11,0.0011319197991830877,0.0011101853538771748
193,5,32,33,0.06653225806451613,0.1,13,0.0009577757858838487,0.0009393735329068919
193,5,32,33,0.06653225806451613,0.1,15,0.0008300709308184683,0.0008141150879111622
193,5,32,33,0.06653225806451613,0.1,17,0.0007324146595322679,0.0007183311654705436
193,5,32,33,0.06653225806451613,0.1,19,0.000655317815100185,0.0006427134326726104
193,5,32,33,0.06653225806451613,0.5,1,0.2921304471788005,0.28878132367806886
193,5,32,33,0.06653225806451613,0.5,3,0.09572736180693805,0.09331045155886021
193,5,32,33,0.06653225806451613,0.5,5,0.05734955728050396,0.05584719754743421
193,5,32,33,0.06653225806451613,0.5,7,0.04094539986657766,0.0398635297751582
193,5,32,33,0.06653225806451613,0.5,9,0.03184003916008644,0.03099576390299816
193,5,32,33,0.06653225806451613,0.5,11,0.02604812116233733,0.02535609489054229
193,5,32,33,0.06653225806451613,0.5,13,0.02203926105392872,0.02145302938130736
193,5,32,33,0.06653225806451613,0.5,15,0.01909985523832615,0.018591385398460183
193,5,32,33,0.06653225806451613,0.5,17,0.016852292801266794,0.016403381807847898
193,5,32,33,0.06653225806451613,0.5,19,0.01507802393779273,0.014676187262539594
193,5,32,33,0.06653225806451613,1.0,1,0.9597496343068254,0.9657843203095381
193,5,32,33,0.06653225806451613,1.0,3,0.3068693798188284,0.310427977433985
193,5,32,33,0.06653225806451613,1.0,5,0.18321475420544048,0.18572849211495115
193,5,32,33,0.06653225806451613,1.0,7,0.1306480742133586,0.13255486891273288
193,5,32,33,0.06653225806451613,1.0,9,0.10153264271856446,0.10306303239719752
193,5,32,33,0.06653225806451613,1.0,11,0.08303306215931977,0.08430959573068805
193,5,32,33,0.06653225806451613,1.0,13,0.07023735649459277,0.07133168827757115
193,5,32,33,0.06653225806451613,1.0,15,0.0608594732170023,0.061816860941350145
193,5,32,33,0.06653225806451613,1.0,17,0.053691180410104004,0.05454195755669449
193,5,32,33,0.06653225806451613,1.0,19,0.04803376907652383,0.048799229847231645
194,5,32,33,0.06653225806451613,0.1,1,0.01346110729616654,0.01356686303371275
194,5,32,33,0.06653225806451613,0.1,3,0.00448015805294899,0.00451085394552857
194,5,32,33,0.06653225806451613,0.1,5,0.0026876658632551415,0.0027055202281975436
194,5,32,33,0.06653225806451613,0.1,7,0.0019196587555168146,0.0019322407587714862
194,5,32,33,0.06653225806451613,0.1,9,0.0014930293870159769,0.0015027418622195724
194,5,32,33,0.06653225806451613,0.1,11,0.0012215511957726329,0.0012294596322955781
194,5,32,33,0.06653225806451613,0.1,13,0.0010336101993466847,0.0010402796773753818
194,5,32,33,0.06653225806451613,0.1,15,0.0008957894287651265,0.0009015555155517374
194,5,32,33,0.06653225806451613,0.1,17,0.0007903984904958398,0.0007954766975288562
194,5,32,33,0.06653225806451613,0.1,19,0.0007071959459200612,0.0007117328915077779
194,5,32,33,0.06653225806451613,0.5,1,0.31419570443292383,0.31821223808286325
194,5,32,33,0.06653225806451613,0.5,3,0.10143891009510966,0.10280537313630242
194,5,32,33,0.06653225806451613,0.5,5,0.0606980318094588,0.061433820976932126
194,5,32,33,0.06653225806451613,0.5,7,0.04332130354696518,0.043816677959134034
194,5,32,33,0.06653225806451613,0.5,9,0.033682690890655925,0.03405425802848154
194,5,32,33,0.06653225806451613,0.5,11,0.027553470919715817,0.027850169648076323
194,5,32,33,0.06653225806451613,0.5,13,0.02331186551593349,0.023558583062260916
194,5,32,33,0.06653225806451613,0.5,15,0.020202126374137375,0.02041317293733818
194,5,32,33,0.06653225806451613,0.5,17,0.017824484631029376,0.018008820897416403
194,5,32,33,0.06653225806451613,0.5,19,0.01594761883081844,0.016111218254171677
194,5,32,33,0.06653225806451613,1.0,1,1.0145641689643237,1.0241213190902028
194,5,32,33,0.06653225806451613,1.0,3,0.31148214972939864,0.3186983198507766
194,5,32,33,0.06653225806451613,1.0,5,0.18579988123793598,0.18897721533107112
194,5,32,33,0.06653225806451613,1.0,7,0.13248529889635835,0.13432268251997107
194,5,32,33,0.06653225806451613,1.0,9,0.10296468753732381,0.10419400227248918
194,5,32,33,0.06653225806451613,1.0,11,0.08420823484437233,0.085106549641342
194,5,32,33,0.06653225806451613,1.0,13,0.07123445593099924,0.071930383715162
194,5,32,33,0.06653225806451613,1.0,15,0.061725643815314805,0.062287479549648125
194,5,32,33,0.06653225806451613,1.0,17,0.054456949492680436,0.05492457830985354
194,5,32,33,0.06653225806451613,1.0,19,0.04872006535165219,0.04911848995270626
195,5,32,33,0.06653225806451613,0.1,1,0.012511247378060848,0.012514854392430049
195,5,32,33,0.06653225806451613,0.1,3,0.004166659050853782,0.0041668186527500746
195,5,32,33,0.06653225806451613,0.1,5,0.002499815244956617,0.0024998601668170025
195,5,32,33,0.06653225806451613,0.1,7,0.0017855468611699932,0.0017855689284971147
195,5,32,33,0.06653225806451613,0.1,9,0.0013887473213306447,0.001388761276300876
195,5,32,33,0.06653225806451613,0.1,11,0.0011362431083014963,0.001136253196898759
195,5,32,33,0.06653225806451613,0.1,13,0.000961434188918858,0.0009614420785272556
195,5,32,33,0.06653225806451613,0.1,15,0.0008332417199893728,0.000833248205880894
195,5,32,33,0.06653225806451613,0.1,17,0.000735212548926414,0.0007352180643357063
195,5,32,33,0.06653225806451613,0.1,19,0.0006578212941796093,0.0006578260988599783
195,5,32,33,0.06653225806451613,0.5,1,0.29299423817871234,0.2947967843324246
195,5,32,33,0.06653225806451613,0.5,3,0.09555399282519661,0.0956562077437312
195,5,32,33,0.06653225806451613,0.5,5,0.05723439812389774,0.05726329044671616
195,5,32,33,0.06653225806451613,0.5,7,0.040862506638109405,0.04087657218252309
195,5,32,33,0.06653225806451613,0.5,9,0.031775810036435904,0.031784627669983856
195,5,32,33,0.06653225806451613,0.5,11,0.025995848687794757,0.02600218073011505
195,5,32,33,0.06653225806451613,0.5,13,0.02199525094361594,0.022000178513041986
195,5,32,33,0.06653225806451613,0.5,15,0.019061878637451107,0.019065914926538453
195,5,32,33,0.06653225806451613,0.5,17,0.016818908348227784,0.016822331523543448
195,5,32,33,0.06653225806451613,0.5,19,0.015048248316261796,0.01505122437301122
195,5,32,33,0.06653225806451613,1.0,1,0.9573050681757735,0.9754316246364851
195,5,32,33,0.06653225806451613,1.0,3,0.3032056374588534,0.30425013443478627
195,5,32,33,0.06653225806451613,1.0,5,0.18146433445403023,0.1818909207571989
195,5,32,33,0.06653225806451613,1.0,7,0.12952858458946997,0.12979915200384234
195,5,32,33,0.06653225806451613,1.0,9,0.1007161573145988,0.10091614212168752
195,5,32,33,0.06653225806451613,1.0,11,0.08239243012501418,0.08255180632133782
195,5,32,33,0.06653225806451613,1.0,13,0.06971098363527868,0.06984379427660434
195,5,32,33,0.06653225806451613,1.0,15,0.06041309461680701,0.06052709133686319
195,5,32,33,0.06653225806451613,1.0,17,0.05330384950053608,0.05340378529414583
195,5,32,33,0.06653225806451613,1.0,19,0.047691775035665074,0.04778078485355774
196,5,32,33,0.06653225806451613,0.1,1,0.01372724924597386,0.013449678903446094
196,5,32,33,0.06653225806451613,0.1,3,0.0045731476980215005,0.004477280653303632
196,5,32,33,0.06653225806451613,0.1,5,0.0027437606263991483,0.0026858941187485287
196,5,32,33,0.06653225806451613,0.1,7,0.001959803228056341,0.001918367956543258
196,5,32,33,0.06653225806451613,0.1,9,0.0015242829550192521,0.0014920122193268868
196,5,32,33,0.06653225806451613,0.1,11,0.0012471370242122947,0.0012207113904000096
196,5,32,33,0.06653225806451613,0.1,13,0.0010552680119618974,0.0010328948871532097
196,5,32,33,0.06653225806451613,0.1,15,0.0009145646232225618,0.0008951663784155992
196,5,32,33,0.06653225806451613,0.1,17,0.0008069681910278366,0.000789846578628363
196,5,32,33,0.06653225806451613,0.1,19,0.0007220237905985972,0.000706700569761781
196,5,32,33,0.06653225806451613,0.5,1,0.31874820549954097,0.3140300144304227
196,5,32,33,0.06653225806451613,0.5,3,0.10493244660514155,0.10261308575572846
196,5,32,33,0.06653225806451613,0.5,5,0.06289991191121848,0.06146242251060569
196,5,32,33,0.06653225806451613,0.5,7,0.044916791837911765,0.04387911293676612
196,5,32,33,0.06653225806451613,0.5,9,0.03493151618933969,0.034120342513407224
196,5,32,33,0.06653225806451613,0.5,11,0.02857876300721931,0.027913132427935347
196,5,32,33,0.06653225806451613,0.5,13,0.024181262441818677,0.023616969741211594
196,5,32,33,0.06653225806451613,0.5,15,0.020956674087998246,0.020466974407104502
196,5,32,33,0.06653225806451613,0.5,17,0.01849093380786379,0.01805842604096979
196,5,32,33,0.06653225806451613,0.5,19,0.016544362408210514,0.016157094011777947
196,5,32,33,0.06653225806451613,1.0,1,1.015983778806895,1.021207622509016
196,5,32,33,0.06653225806451613,1.0,3,0.3298080997390088,0.32357971901583366
196,5,32,33,0.06653225806451613,1.0,5,0.1974778407195343,0.19303545793553414
196,5,32,33,0.06653225806451613,1.0,7,0.14097421445225408,0.13759444905481613
196,5,32,33,0.06653225806451613,1.0,9,0.10961984768638691,0.10690406299335502
196,5,32,33,0.06653225806451613,1.0,11,0.08967754602096793,0.08741098041918631
196,5,32,33,0.06653225806451613,1.0,13,0.07587527072557931,0.07393163660416617
196,5,32,33,0.06653225806451613,1.0,15,0.06575535650343507,0.06405465579002072
196,5,32,33,0.06653225806451613,1.0,17,0.05801748107615756,0.05650600564619896
196,5,32,33,0.06653225806451613,1.0,19,0.051909117404297746,0.05054912440333629
197,5,32,33,0.06653225806451613,0.1,1,0.014848159276113547,0.014811907993181881
197,5,32,33,0.06653225806451613,0.1,3,0.00494043012189926,0.004926972454120796
197,5,32,33,0.06653225806451613,0.1,5,0.0029635181148968594,0.002955257223628044
197,5,32,33,0.06653225806451613,0.1,7,0.002116596407227959,0.002110637055067112
197,5,32,33,0.06653225806451613,0.1,9,0.0016461591482174653,0.0016414983794599645
197,5,32,33,0.06653225806451613,0.1,11,0.0013468160160727387,0.0013429891637629125
197,5,32,33,0.06653225806451613,0.1,13,0.0011395898326358048,0.0011363437797394633
197,5,32,33,0.06653225806451613,0.1,15,0.00098762970476687,0.000984811389512478
197,5,32,33,0.06653225806451613,0.1,17,0.0008714281072981794,0.000868937928621896
197,5,32,33,0.06653225806451613,0.1,19,0.0007796919339487737,0.0007774614513951627
197,5,32,33,0.06653225806451613,0.5,1,0.3440824789881734,0.34316856870944096
197,5,32,33,0.06653225806451613,0.5,3,0.11178735973696552,0.11144533349349942
197,5,32,33,0.06653225806451613,0.5,5,0.06690461289822928,0.0666933398526401
197,5,32,33,0.06653225806451613,0.5,7,0.047750012407653766,0.04759648931737331
197,5,32,33,0.06653225806451613,0.5,9,0.03712451135247299,0.03700379913177917
197,5,32,33,0.06653225806451613,0.5,11,0.03036785487553039,0.030268354042297538
197,5,32,33,0.06653225806451613,0.5,13,0.02569221237151783,0.025607565524200095
197,5,32,33,0.06653225806451613,0.5,15,0.022264383757806847,0.02219072437058917
197,5,32,33,0.06653225806451613,0.5,17,0.019643624716968157,0.019578424251732625
197,5,32,33,0.06653225806451613,0.5,19,0.017574907348863904,0.01751642102645574
197,5,32,33,0.06653225806451613,1.0,1,1.0839698228925012,1.075638194208637
197,5,32,33,0.06653225806451613,1.0,3,0.3424250838776641,0.3389252634700857
197,5,32,33,0.06653225806451613,1.0,5,0.20460714763947743,0.20263005946255705
197,5,32,33,0.06653225806451613,1.0,7,0.1459622410478179,0.14458904019126295
197,5,32,33,0.06653225806451613,1.0,9,0.11345928782381415,0.1124079578078718
197,5,32,33,0.06653225806451613,1.0,11,0.09279939044424053,0.09194781369753775
197,5,32,33,0.06653225806451613,1.0,13,0.07850591004329045,0.07779033253083723
197,5,32,33,0.06653225806451613,1.0,15,0.06802852775150504,0.0674115031242792
197,5,32,33,0.06653225806451613,1.0,17,0.06001880047296265,0.05947647227119798
197,5,32,33,0.06653225806451613,1.0,19,0.05369671011251249,0.05321294735817466
198,5,32,33,0.06653225806451613,0.1,1,0.012332850739164217,0.012384419904202141
198,5,32,33,0.06653225806451613,0.1,3,0.004107240475817209,0.0041243356200672855
198,5,32,33,0.06653225806451613,0.1,5,0.002464153021751577,0.002474380525685555
198,5,32,33,0.06653225806451613,0.1,7,0.0017600692015454255,0.0017673641870509162
198,5,32,33,0.06653225806451613,0.1,9,0.0013689291031626937,0.001374598233006937
198,5,32,33,0.06653225806451613,0.1,11,0.001120026947749016,0.0011246627742508846
198,5,32,33,0.06653225806451613,0.1,13,0.0009477120572102185,0.0009516331534140586
198,5,32,33,0.06653225806451613,0.1,15,0.0008213487060238045,0.0008247460054470091
198,5,32,33,0.06653225806451613,0.1,17,0.0007247183689864299,0.0007277153151849343
198,5,32,33,0.06653225806451613,0.1,19,0.0006484315179560431,0.0006511125183548161
198,5,32,33,0.06653225806451613,0.5,1,0.2890510982335876,0.2905168894152901
198,5,32,33,0.06653225806451613,0.5,3,0.09436617519189737,0.09500929641870746
198,5,32,33,0.06653225806451613,0.5,5,0.056525171943726804,0.056918801776547075
198,5,32,33,0.06653225806451613,0.5,7,0.0403563060457618,0.04063911380928846
198,5,32,33,0.06653225806451613,0.5,9,0.03138215574672919,0.031602661352273534
198,5,32,33,0.06653225806451613,0.5,11,0.025673766916895196,0.02585441055248253
198,5,32,33,0.06653225806451613,0.5,13,0.02172270836821738,0.021875674216019762
198,5,32,33,0.06653225806451613,0.5,15,0.018825662635966762,0.018958295470664924
198,5,32,33,0.06653225806451613,0.5,17,0.016610471659432222,0.016727537788669367
198,5,32,33,0.06653225806451613,0.5,19,0.014861743399796524,0.014966510275764797
198,5,32,33,0.06653225806451613,1.0,1,0.9487624672371978,0.9566863022468912
198,5,32,33,0.06653225806451613,1.0,3,0.29526583785599253,0.30090817601964165
198,5,32,33,0.06653225806451613,1.0,5,0.17603969708800438,0.17959706420831592
198,5,32,33,0.06653225806451613,1.0,7,0.1255173233206547,0.12809311745027765
198,5,32,33,0.06653225806451613,1.0,9,0.09755056084997289,0.09956509457315069
198,5,32,33,0.06653225806451613,1.0,11,0.07978259177667288,0.0814354179114819
198,5,32,33,0.06653225806451613,1.0,13,0.06749259086806914,0.06889333218153083
198,5,32,33,0.06653225806451613,1.0,15,0.058484776776166744,0.05969992887553482
198,5,32,33,0.06653225806451613,1.0,17,0.05159888469651211,0.052671760035136114
198,5,32,33,0.06653225806451613,1.0,19,0.04616399103767689,0.04712435275173865
199,5,32,33,0.06653225806451613,0.1,1,0.01542783636457157,0.015028045310540033
199,5,32,33,0.06653225806451613,0.1,3,0.005136779014165888,0.005005818401350463
199,5,32,33,0.06653225806451613,0.1,5,0.0030817871970369084,0.003003321768715098
199,5,32,33,0.06653225806451613,0.1,7,0.0022012214215576384,0.002145196526382889
199,5,32,33,0.06653225806451613,0.1,9,0.0017120434539424816,0.001668475526360512
199,5,32,33,0.06653225806451613,0.1,11,0.0014007555152051611,0.001365111924493124
199,5,32,33,0.06653225806451613,0.1,13,0.0011852511088219716,0.00115509255661761
199,5,32,33,0.06653225806451613,0.1,15,0.0010272156930312985,0.0010010790473551417
199,5,32,33,0.06653225806451613,0.1,17,0.0009063656471418388,0.0008833043528395429
199,5,32,33,0.06653225806451613,0.1,19,0.0008109580211984769,0.0007903245150218613
199,5,32,33,0.06653225806451613,0.5,1,0.3576275122220419,0.3458946197805043
199,5,32,33,0.06653225806451613,0.5,3,0.11604494496074733,0.11339160443251836
199,5,32,33,0.06653225806451613,0.5,5,0.06947029063724847,0.06794494918645372
199,5,32,33,0.06653225806451613,0.5,7,0.04959072776843872,0.048514415032217297
199,5,32,33,0.06653225806451613,0.5,9,0.038560665852380945,0.03772777346999781
199,5,32,33,0.06653225806451613,0.5,11,0.031545534103455355,0.030865834337183
199,5,32,33,0.06653225806451613,0.5,13,0.026690378577784026,0.026116103819842963
199,5,32,33,0.06653225806451613,0.5,15,0.023130575759094652,0.022633336460536075
199,5,32,33,0.06653225806451613,0.5,17,0.020408691300264546,0.019970225291278232
199,5,32,33,0.06653225806451613,0.5,19,0.018260006313664697,0.01786786688747489
199,5,32,33,0.06653225806451613,1.0,1,1.1310909474768207,1.0734877619817154
199,5,32,33,0.06653225806451613,1.0,3,0.347339325443136,0.34118385291213416
199,5,32,33,0.06653225806451613,1.0,5,0.206500111424257,0.2037933409301674
199,5,32,33,0.06653225806451613,1.0,7,0.14712064125608304,0.14538320303899877
199,5,32,33,0.06653225806451613,1.0,9,0.1143052876971435,0.11301679542179549
199,5,32,33,0.06653225806451613,1.0,11,0.09347195532444956,0.09244378323117093
199,5,32,33,0.06653225806451613,1.0,13,0.07906703310998606,0.07820972298014503
199,5,32,33,0.06653225806451613,1.0,15,0.06851136792027428,0.06777526291201268
199,5,32,33,0.06653225806451613,1.0,17,0.06044330630785786,0.05979786956062814
199,5,32,33,0.06653225806451613,1.0,19,0.05407589538044461,0.05350095149507933
