[2025-01-08 10:44:49] Starting analysis with:
[2025-01-08 10:44:49] Number of qubits: 4
[2025-01-08 10:44:49] Number of vertices: 16
[2025-01-08 10:44:49] Delta t: 0.1
[2025-01-08 10:44:49] Input file: ../data/graphs/200graph_bipartite_16c.g6
[2025-01-08 10:44:49] Parsed graph info: {'num_graphs': 200, 'size': 'bipartite', 'vertices': '16', 'type': 'c'}
[2025-01-08 10:44:49] Found 200 graphs in file
[2025-01-08 10:44:49] 
Processing graph 0/200
[2025-01-08 10:44:49] Graph 0 has 16 nodes and 31 edges
[2025-01-08 10:44:49] Converted to 31 bitstring edges
[2025-01-08 10:44:49] Computing Matchings Dynamic walk
[2025-01-08 10:44:49] Matchings - CX: 59, U3: 49, Depth: 87
[2025-01-08 10:44:49] Computing Exact walk
[2025-01-08 10:44:50] Exact - CX: 100, U3: 165, Depth: 197
[2025-01-08 10:44:50] Computing Pauli decomposition
[2025-01-08 10:44:51] Pauli - CX: 78, U3: 133, Depth: 146
[2025-01-08 10:44:51] Successfully processed graph 0 - Category: win_both
[2025-01-08 10:44:51] 
Processing graph 1/200
[2025-01-08 10:44:51] Graph 1 has 16 nodes and 37 edges
[2025-01-08 10:44:51] Converted to 37 bitstring edges
[2025-01-08 10:44:51] Computing Matchings Dynamic walk
[2025-01-08 10:44:52] Matchings - CX: 67, U3: 67, Depth: 104
[2025-01-08 10:44:52] Computing Exact walk
[2025-01-08 10:44:52] Exact - CX: 100, U3: 165, Depth: 197
[2025-01-08 10:44:52] Computing Pauli decomposition
[2025-01-08 10:44:53] Pauli - CX: 67, U3: 115, Depth: 126
[2025-01-08 10:44:53] Successfully processed graph 1 - Category: win_exact_draw_pauli
[2025-01-08 10:44:53] 
Processing graph 2/200
[2025-01-08 10:44:53] Graph 2 has 16 nodes and 35 edges
[2025-01-08 10:44:53] Converted to 35 bitstring edges
[2025-01-08 10:44:53] Computing Matchings Dynamic walk
[2025-01-08 10:44:54] Matchings - CX: 56, U3: 60, Depth: 88
[2025-01-08 10:44:54] Computing Exact walk
[2025-01-08 10:44:54] Exact - CX: 100, U3: 165, Depth: 197
[2025-01-08 10:44:54] Computing Pauli decomposition
[2025-01-08 10:44:55] Pauli - CX: 74, U3: 127, Depth: 138
[2025-01-08 10:44:55] Successfully processed graph 2 - Category: win_both
[2025-01-08 10:44:55] 
Processing graph 3/200
[2025-01-08 10:44:55] Graph 3 has 16 nodes and 36 edges
[2025-01-08 10:44:55] Converted to 36 bitstring edges
[2025-01-08 10:44:55] Computing Matchings Dynamic walk
[2025-01-08 10:44:56] Matchings - CX: 74, U3: 71, Depth: 112
[2025-01-08 10:44:56] Computing Exact walk
[2025-01-08 10:44:56] Exact - CX: 98, U3: 160, Depth: 192
[2025-01-08 10:44:56] Computing Pauli decomposition
[2025-01-08 10:44:57] Pauli - CX: 73, U3: 121, Depth: 134
[2025-01-08 10:44:57] Successfully processed graph 3 - Category: win_exact_lose_pauli
[2025-01-08 10:44:57] 
Processing graph 4/200
[2025-01-08 10:44:57] Graph 4 has 16 nodes and 33 edges
[2025-01-08 10:44:57] Converted to 33 bitstring edges
[2025-01-08 10:44:57] Computing Matchings Dynamic walk
[2025-01-08 10:44:58] Matchings - CX: 59, U3: 59, Depth: 93
[2025-01-08 10:44:58] Computing Exact walk
[2025-01-08 10:44:58] Exact - CX: 97, U3: 156, Depth: 188
[2025-01-08 10:44:58] Computing Pauli decomposition
[2025-01-08 10:44:59] Pauli - CX: 78, U3: 125, Depth: 142
[2025-01-08 10:44:59] Successfully processed graph 4 - Category: win_both
[2025-01-08 10:44:59] 
Processing graph 5/200
[2025-01-08 10:44:59] Graph 5 has 16 nodes and 36 edges
[2025-01-08 10:44:59] Converted to 36 bitstring edges
[2025-01-08 10:44:59] Computing Matchings Dynamic walk
[2025-01-08 10:44:59] Matchings - CX: 60, U3: 57, Depth: 94
[2025-01-08 10:44:59] Computing Exact walk
[2025-01-08 10:45:00] Exact - CX: 100, U3: 164, Depth: 197
[2025-01-08 10:45:00] Computing Pauli decomposition
[2025-01-08 10:45:01] Pauli - CX: 73, U3: 128, Depth: 138
[2025-01-08 10:45:01] Successfully processed graph 5 - Category: win_both
[2025-01-08 10:45:01] 
Processing graph 6/200
[2025-01-08 10:45:01] Graph 6 has 16 nodes and 33 edges
[2025-01-08 10:45:01] Converted to 33 bitstring edges
[2025-01-08 10:45:01] Computing Matchings Dynamic walk
[2025-01-08 10:45:01] Matchings - CX: 57, U3: 61, Depth: 88
[2025-01-08 10:45:01] Computing Exact walk
[2025-01-08 10:45:02] Exact - CX: 100, U3: 163, Depth: 196
[2025-01-08 10:45:02] Computing Pauli decomposition
[2025-01-08 10:45:03] Pauli - CX: 63, U3: 112, Depth: 117
[2025-01-08 10:45:03] Successfully processed graph 6 - Category: win_both
[2025-01-08 10:45:03] 
Processing graph 7/200
[2025-01-08 10:45:03] Graph 7 has 16 nodes and 35 edges
[2025-01-08 10:45:03] Converted to 35 bitstring edges
[2025-01-08 10:45:03] Computing Matchings Dynamic walk
[2025-01-08 10:45:04] Matchings - CX: 53, U3: 46, Depth: 81
[2025-01-08 10:45:04] Computing Exact walk
[2025-01-08 10:45:04] Exact - CX: 100, U3: 162, Depth: 195
[2025-01-08 10:45:04] Computing Pauli decomposition
[2025-01-08 10:45:05] Pauli - CX: 78, U3: 131, Depth: 145
[2025-01-08 10:45:05] Successfully processed graph 7 - Category: win_both
[2025-01-08 10:45:05] 
Processing graph 8/200
[2025-01-08 10:45:05] Graph 8 has 16 nodes and 34 edges
[2025-01-08 10:45:05] Converted to 34 bitstring edges
[2025-01-08 10:45:05] Computing Matchings Dynamic walk
[2025-01-08 10:45:06] Matchings - CX: 49, U3: 50, Depth: 76
[2025-01-08 10:45:06] Computing Exact walk
[2025-01-08 10:45:06] Exact - CX: 100, U3: 163, Depth: 196
[2025-01-08 10:45:06] Computing Pauli decomposition
[2025-01-08 10:45:07] Pauli - CX: 73, U3: 125, Depth: 135
[2025-01-08 10:45:07] Successfully processed graph 8 - Category: win_both
[2025-01-08 10:45:07] 
Processing graph 9/200
[2025-01-08 10:45:07] Graph 9 has 16 nodes and 33 edges
[2025-01-08 10:45:07] Converted to 33 bitstring edges
[2025-01-08 10:45:07] Computing Matchings Dynamic walk
[2025-01-08 10:45:07] Matchings - CX: 36, U3: 34, Depth: 55
[2025-01-08 10:45:07] Computing Exact walk
[2025-01-08 10:45:08] Exact - CX: 98, U3: 159, Depth: 191
[2025-01-08 10:45:08] Computing Pauli decomposition
[2025-01-08 10:45:09] Pauli - CX: 60, U3: 109, Depth: 115
[2025-01-08 10:45:09] Successfully processed graph 9 - Category: win_both
[2025-01-08 10:45:09] 
Processing graph 10/200
[2025-01-08 10:45:09] Graph 10 has 16 nodes and 35 edges
[2025-01-08 10:45:09] Converted to 35 bitstring edges
[2025-01-08 10:45:09] Computing Matchings Dynamic walk
[2025-01-08 10:45:09] Matchings - CX: 42, U3: 49, Depth: 68
[2025-01-08 10:45:09] Computing Exact walk
[2025-01-08 10:45:10] Exact - CX: 100, U3: 165, Depth: 197
[2025-01-08 10:45:10] Computing Pauli decomposition
[2025-01-08 10:45:11] Pauli - CX: 63, U3: 112, Depth: 118
[2025-01-08 10:45:11] Successfully processed graph 10 - Category: win_both
[2025-01-08 10:45:11] 
Processing graph 11/200
[2025-01-08 10:45:11] Graph 11 has 16 nodes and 35 edges
[2025-01-08 10:45:11] Converted to 35 bitstring edges
[2025-01-08 10:45:11] Computing Matchings Dynamic walk
[2025-01-08 10:45:11] Matchings - CX: 78, U3: 74, Depth: 118
[2025-01-08 10:45:11] Computing Exact walk
[2025-01-08 10:45:12] Exact - CX: 97, U3: 157, Depth: 188
[2025-01-08 10:45:12] Computing Pauli decomposition
[2025-01-08 10:45:13] Pauli - CX: 78, U3: 135, Depth: 145
[2025-01-08 10:45:13] Successfully processed graph 11 - Category: win_exact_draw_pauli
[2025-01-08 10:45:13] 
Processing graph 12/200
[2025-01-08 10:45:13] Graph 12 has 16 nodes and 37 edges
[2025-01-08 10:45:13] Converted to 37 bitstring edges
[2025-01-08 10:45:13] Computing Matchings Dynamic walk
[2025-01-08 10:45:13] Matchings - CX: 92, U3: 81, Depth: 133
[2025-01-08 10:45:13] Computing Exact walk
[2025-01-08 10:45:14] Exact - CX: 100, U3: 163, Depth: 195
[2025-01-08 10:45:14] Computing Pauli decomposition
[2025-01-08 10:45:14] Pauli - CX: 63, U3: 101, Depth: 114
[2025-01-08 10:45:14] Successfully processed graph 12 - Category: win_exact_lose_pauli
[2025-01-08 10:45:14] 
Processing graph 13/200
[2025-01-08 10:45:14] Graph 13 has 16 nodes and 39 edges
[2025-01-08 10:45:14] Converted to 39 bitstring edges
[2025-01-08 10:45:14] Computing Matchings Dynamic walk
[2025-01-08 10:45:15] Matchings - CX: 49, U3: 49, Depth: 77
[2025-01-08 10:45:15] Computing Exact walk
[2025-01-08 10:45:16] Exact - CX: 100, U3: 165, Depth: 197
[2025-01-08 10:45:16] Computing Pauli decomposition
[2025-01-08 10:45:16] Pauli - CX: 65, U3: 112, Depth: 122
[2025-01-08 10:45:16] Successfully processed graph 13 - Category: win_both
[2025-01-08 10:45:16] 
Processing graph 14/200
[2025-01-08 10:45:16] Graph 14 has 16 nodes and 35 edges
[2025-01-08 10:45:16] Converted to 35 bitstring edges
[2025-01-08 10:45:16] Computing Matchings Dynamic walk
[2025-01-08 10:45:17] Matchings - CX: 57, U3: 59, Depth: 90
[2025-01-08 10:45:17] Computing Exact walk
[2025-01-08 10:45:18] Exact - CX: 100, U3: 165, Depth: 197
[2025-01-08 10:45:18] Computing Pauli decomposition
[2025-01-08 10:45:18] Pauli - CX: 68, U3: 120, Depth: 127
[2025-01-08 10:45:18] Successfully processed graph 14 - Category: win_both
[2025-01-08 10:45:18] 
Processing graph 15/200
[2025-01-08 10:45:18] Graph 15 has 16 nodes and 39 edges
[2025-01-08 10:45:18] Converted to 39 bitstring edges
[2025-01-08 10:45:18] Computing Matchings Dynamic walk
[2025-01-08 10:45:19] Matchings - CX: 47, U3: 46, Depth: 73
[2025-01-08 10:45:19] Computing Exact walk
[2025-01-08 10:45:20] Exact - CX: 100, U3: 164, Depth: 197
[2025-01-08 10:45:20] Computing Pauli decomposition
[2025-01-08 10:45:20] Pauli - CX: 73, U3: 125, Depth: 136
[2025-01-08 10:45:20] Successfully processed graph 15 - Category: win_both
[2025-01-08 10:45:20] 
Processing graph 16/200
[2025-01-08 10:45:20] Graph 16 has 16 nodes and 35 edges
[2025-01-08 10:45:20] Converted to 35 bitstring edges
[2025-01-08 10:45:20] Computing Matchings Dynamic walk
[2025-01-08 10:45:21] Matchings - CX: 55, U3: 53, Depth: 84
[2025-01-08 10:45:21] Computing Exact walk
[2025-01-08 10:45:22] Exact - CX: 100, U3: 165, Depth: 197
[2025-01-08 10:45:22] Computing Pauli decomposition
[2025-01-08 10:45:22] Pauli - CX: 59, U3: 99, Depth: 109
[2025-01-08 10:45:22] Successfully processed graph 16 - Category: win_both
[2025-01-08 10:45:22] 
Processing graph 17/200
[2025-01-08 10:45:22] Graph 17 has 16 nodes and 34 edges
[2025-01-08 10:45:22] Converted to 34 bitstring edges
[2025-01-08 10:45:22] Computing Matchings Dynamic walk
[2025-01-08 10:45:23] Matchings - CX: 33, U3: 33, Depth: 51
[2025-01-08 10:45:23] Computing Exact walk
[2025-01-08 10:45:24] Exact - CX: 100, U3: 165, Depth: 197
[2025-01-08 10:45:24] Computing Pauli decomposition
[2025-01-08 10:45:24] Pauli - CX: 78, U3: 138, Depth: 148
[2025-01-08 10:45:24] Successfully processed graph 17 - Category: win_both
[2025-01-08 10:45:24] 
Processing graph 18/200
[2025-01-08 10:45:24] Graph 18 has 16 nodes and 36 edges
[2025-01-08 10:45:24] Converted to 36 bitstring edges
[2025-01-08 10:45:24] Computing Matchings Dynamic walk
[2025-01-08 10:45:25] Matchings - CX: 54, U3: 57, Depth: 87
[2025-01-08 10:45:25] Computing Exact walk
[2025-01-08 10:45:26] Exact - CX: 100, U3: 165, Depth: 197
[2025-01-08 10:45:26] Computing Pauli decomposition
[2025-01-08 10:45:27] Pauli - CX: 69, U3: 118, Depth: 127
[2025-01-08 10:45:27] Successfully processed graph 18 - Category: win_both
[2025-01-08 10:45:27] 
Processing graph 19/200
[2025-01-08 10:45:27] Graph 19 has 16 nodes and 39 edges
[2025-01-08 10:45:27] Converted to 39 bitstring edges
[2025-01-08 10:45:27] Computing Matchings Dynamic walk
[2025-01-08 10:45:27] Matchings - CX: 68, U3: 63, Depth: 103
[2025-01-08 10:45:27] Computing Exact walk
[2025-01-08 10:45:28] Exact - CX: 100, U3: 165, Depth: 197
[2025-01-08 10:45:28] Computing Pauli decomposition
[2025-01-08 10:45:29] Pauli - CX: 72, U3: 121, Depth: 135
[2025-01-08 10:45:29] Successfully processed graph 19 - Category: win_both
[2025-01-08 10:45:29] 
Processing graph 20/200
[2025-01-08 10:45:29] Graph 20 has 16 nodes and 35 edges
[2025-01-08 10:45:29] Converted to 35 bitstring edges
[2025-01-08 10:45:29] Computing Matchings Dynamic walk
[2025-01-08 10:45:30] Matchings - CX: 50, U3: 50, Depth: 78
[2025-01-08 10:45:30] Computing Exact walk
[2025-01-08 10:45:31] Exact - CX: 96, U3: 156, Depth: 186
[2025-01-08 10:45:31] Computing Pauli decomposition
[2025-01-08 10:45:31] Pauli - CX: 73, U3: 123, Depth: 137
[2025-01-08 10:45:31] Successfully processed graph 20 - Category: win_both
[2025-01-08 10:45:31] 
Processing graph 21/200
[2025-01-08 10:45:31] Graph 21 has 16 nodes and 34 edges
[2025-01-08 10:45:31] Converted to 34 bitstring edges
[2025-01-08 10:45:31] Computing Matchings Dynamic walk
[2025-01-08 10:45:32] Matchings - CX: 43, U3: 43, Depth: 67
[2025-01-08 10:45:32] Computing Exact walk
[2025-01-08 10:45:33] Exact - CX: 100, U3: 165, Depth: 197
[2025-01-08 10:45:33] Computing Pauli decomposition
[2025-01-08 10:45:34] Pauli - CX: 73, U3: 124, Depth: 134
[2025-01-08 10:45:34] Successfully processed graph 21 - Category: win_both
[2025-01-08 10:45:34] 
Processing graph 22/200
[2025-01-08 10:45:34] Graph 22 has 16 nodes and 36 edges
[2025-01-08 10:45:34] Converted to 36 bitstring edges
[2025-01-08 10:45:34] Computing Matchings Dynamic walk
[2025-01-08 10:45:35] Matchings - CX: 72, U3: 69, Depth: 110
[2025-01-08 10:45:35] Computing Exact walk
[2025-01-08 10:45:36] Exact - CX: 98, U3: 160, Depth: 191
[2025-01-08 10:45:36] Computing Pauli decomposition
[2025-01-08 10:45:36] Pauli - CX: 78, U3: 136, Depth: 146
[2025-01-08 10:45:36] Successfully processed graph 22 - Category: win_both
[2025-01-08 10:45:36] 
Processing graph 23/200
[2025-01-08 10:45:36] Graph 23 has 16 nodes and 34 edges
[2025-01-08 10:45:36] Converted to 34 bitstring edges
[2025-01-08 10:45:36] Computing Matchings Dynamic walk
[2025-01-08 10:45:37] Matchings - CX: 47, U3: 40, Depth: 71
[2025-01-08 10:45:37] Computing Exact walk
[2025-01-08 10:45:38] Exact - CX: 100, U3: 165, Depth: 197
[2025-01-08 10:45:38] Computing Pauli decomposition
[2025-01-08 10:45:38] Pauli - CX: 62, U3: 105, Depth: 114
[2025-01-08 10:45:38] Successfully processed graph 23 - Category: win_both
[2025-01-08 10:45:38] 
Processing graph 24/200
[2025-01-08 10:45:38] Graph 24 has 16 nodes and 35 edges
[2025-01-08 10:45:38] Converted to 35 bitstring edges
[2025-01-08 10:45:38] Computing Matchings Dynamic walk
[2025-01-08 10:45:39] Matchings - CX: 60, U3: 56, Depth: 94
[2025-01-08 10:45:39] Computing Exact walk
[2025-01-08 10:45:40] Exact - CX: 100, U3: 165, Depth: 197
[2025-01-08 10:45:40] Computing Pauli decomposition
[2025-01-08 10:45:40] Pauli - CX: 68, U3: 114, Depth: 124
[2025-01-08 10:45:40] Successfully processed graph 24 - Category: win_both
[2025-01-08 10:45:40] 
Processing graph 25/200
[2025-01-08 10:45:40] Graph 25 has 16 nodes and 34 edges
[2025-01-08 10:45:40] Converted to 34 bitstring edges
[2025-01-08 10:45:40] Computing Matchings Dynamic walk
[2025-01-08 10:45:41] Matchings - CX: 63, U3: 58, Depth: 95
[2025-01-08 10:45:41] Computing Exact walk
[2025-01-08 10:45:42] Exact - CX: 100, U3: 165, Depth: 197
[2025-01-08 10:45:42] Computing Pauli decomposition
[2025-01-08 10:45:42] Pauli - CX: 60, U3: 108, Depth: 113
[2025-01-08 10:45:42] Successfully processed graph 25 - Category: win_exact_lose_pauli
[2025-01-08 10:45:42] 
Processing graph 26/200
[2025-01-08 10:45:42] Graph 26 has 16 nodes and 33 edges
[2025-01-08 10:45:42] Converted to 33 bitstring edges
[2025-01-08 10:45:42] Computing Matchings Dynamic walk
[2025-01-08 10:45:43] Matchings - CX: 52, U3: 46, Depth: 77
[2025-01-08 10:45:43] Computing Exact walk
[2025-01-08 10:45:44] Exact - CX: 100, U3: 156, Depth: 193
[2025-01-08 10:45:44] Computing Pauli decomposition
[2025-01-08 10:45:45] Pauli - CX: 73, U3: 129, Depth: 138
[2025-01-08 10:45:45] Successfully processed graph 26 - Category: win_both
[2025-01-08 10:45:45] 
Processing graph 27/200
[2025-01-08 10:45:45] Graph 27 has 16 nodes and 33 edges
[2025-01-08 10:45:45] Converted to 33 bitstring edges
[2025-01-08 10:45:45] Computing Matchings Dynamic walk
[2025-01-08 10:45:45] Matchings - CX: 43, U3: 41, Depth: 65
[2025-01-08 10:45:45] Computing Exact walk
[2025-01-08 10:45:46] Exact - CX: 100, U3: 165, Depth: 197
[2025-01-08 10:45:46] Computing Pauli decomposition
[2025-01-08 10:45:46] Pauli - CX: 59, U3: 99, Depth: 108
[2025-01-08 10:45:46] Successfully processed graph 27 - Category: win_both
[2025-01-08 10:45:46] 
Processing graph 28/200
[2025-01-08 10:45:46] Graph 28 has 16 nodes and 37 edges
[2025-01-08 10:45:46] Converted to 37 bitstring edges
[2025-01-08 10:45:46] Computing Matchings Dynamic walk
[2025-01-08 10:45:47] Matchings - CX: 49, U3: 41, Depth: 73
[2025-01-08 10:45:47] Computing Exact walk
[2025-01-08 10:45:48] Exact - CX: 100, U3: 165, Depth: 197
[2025-01-08 10:45:48] Computing Pauli decomposition
[2025-01-08 10:45:48] Pauli - CX: 78, U3: 135, Depth: 145
[2025-01-08 10:45:48] Successfully processed graph 28 - Category: win_both
[2025-01-08 10:45:48] 
Processing graph 29/200
[2025-01-08 10:45:48] Graph 29 has 16 nodes and 38 edges
[2025-01-08 10:45:48] Converted to 38 bitstring edges
[2025-01-08 10:45:48] Computing Matchings Dynamic walk
[2025-01-08 10:45:49] Matchings - CX: 63, U3: 60, Depth: 98
[2025-01-08 10:45:49] Computing Exact walk
[2025-01-08 10:45:50] Exact - CX: 100, U3: 165, Depth: 197
[2025-01-08 10:45:50] Computing Pauli decomposition
[2025-01-08 10:45:51] Pauli - CX: 72, U3: 114, Depth: 131
[2025-01-08 10:45:51] Successfully processed graph 29 - Category: win_both
[2025-01-08 10:45:51] 
Processing graph 30/200
[2025-01-08 10:45:51] Graph 30 has 16 nodes and 32 edges
[2025-01-08 10:45:51] Converted to 32 bitstring edges
[2025-01-08 10:45:51] Computing Matchings Dynamic walk
[2025-01-08 10:45:51] Matchings - CX: 64, U3: 63, Depth: 98
[2025-01-08 10:45:51] Computing Exact walk
[2025-01-08 10:45:52] Exact - CX: 100, U3: 165, Depth: 197
[2025-01-08 10:45:52] Computing Pauli decomposition
[2025-01-08 10:45:53] Pauli - CX: 73, U3: 121, Depth: 134
[2025-01-08 10:45:53] Successfully processed graph 30 - Category: win_both
[2025-01-08 10:45:53] 
Processing graph 31/200
[2025-01-08 10:45:53] Graph 31 has 16 nodes and 33 edges
[2025-01-08 10:45:53] Converted to 33 bitstring edges
[2025-01-08 10:45:53] Computing Matchings Dynamic walk
[2025-01-08 10:45:53] Matchings - CX: 68, U3: 61, Depth: 98
[2025-01-08 10:45:53] Computing Exact walk
[2025-01-08 10:45:54] Exact - CX: 98, U3: 160, Depth: 192
[2025-01-08 10:45:54] Computing Pauli decomposition
[2025-01-08 10:45:55] Pauli - CX: 78, U3: 133, Depth: 145
[2025-01-08 10:45:55] Successfully processed graph 31 - Category: win_both
[2025-01-08 10:45:55] 
Processing graph 32/200
[2025-01-08 10:45:55] Graph 32 has 16 nodes and 36 edges
[2025-01-08 10:45:55] Converted to 36 bitstring edges
[2025-01-08 10:45:55] Computing Matchings Dynamic walk
[2025-01-08 10:45:55] Matchings - CX: 47, U3: 44, Depth: 71
[2025-01-08 10:45:55] Computing Exact walk
[2025-01-08 10:45:56] Exact - CX: 100, U3: 165, Depth: 197
[2025-01-08 10:45:56] Computing Pauli decomposition
[2025-01-08 10:45:57] Pauli - CX: 73, U3: 133, Depth: 139
[2025-01-08 10:45:57] Successfully processed graph 32 - Category: win_both
[2025-01-08 10:45:57] 
Processing graph 33/200
[2025-01-08 10:45:57] Graph 33 has 16 nodes and 36 edges
[2025-01-08 10:45:57] Converted to 36 bitstring edges
[2025-01-08 10:45:57] Computing Matchings Dynamic walk
[2025-01-08 10:45:58] Matchings - CX: 76, U3: 68, Depth: 112
[2025-01-08 10:45:58] Computing Exact walk
[2025-01-08 10:45:58] Exact - CX: 96, U3: 157, Depth: 187
[2025-01-08 10:45:58] Computing Pauli decomposition
[2025-01-08 10:45:59] Pauli - CX: 78, U3: 135, Depth: 146
[2025-01-08 10:45:59] Successfully processed graph 33 - Category: win_both
[2025-01-08 10:45:59] 
Processing graph 34/200
[2025-01-08 10:45:59] Graph 34 has 16 nodes and 39 edges
[2025-01-08 10:45:59] Converted to 39 bitstring edges
[2025-01-08 10:45:59] Computing Matchings Dynamic walk
[2025-01-08 10:46:00] Matchings - CX: 45, U3: 47, Depth: 69
[2025-01-08 10:46:00] Computing Exact walk
[2025-01-08 10:46:00] Exact - CX: 100, U3: 161, Depth: 195
[2025-01-08 10:46:00] Computing Pauli decomposition
[2025-01-08 10:46:01] Pauli - CX: 73, U3: 122, Depth: 135
[2025-01-08 10:46:01] Successfully processed graph 34 - Category: win_both
[2025-01-08 10:46:01] 
Processing graph 35/200
[2025-01-08 10:46:01] Graph 35 has 16 nodes and 35 edges
[2025-01-08 10:46:01] Converted to 35 bitstring edges
[2025-01-08 10:46:01] Computing Matchings Dynamic walk
[2025-01-08 10:46:01] Matchings - CX: 64, U3: 62, Depth: 97
[2025-01-08 10:46:01] Computing Exact walk
[2025-01-08 10:46:02] Exact - CX: 100, U3: 165, Depth: 197
[2025-01-08 10:46:02] Computing Pauli decomposition
[2025-01-08 10:46:03] Pauli - CX: 63, U3: 112, Depth: 118
[2025-01-08 10:46:03] Successfully processed graph 35 - Category: win_exact_lose_pauli
[2025-01-08 10:46:03] 
Processing graph 36/200
[2025-01-08 10:46:03] Graph 36 has 16 nodes and 36 edges
[2025-01-08 10:46:03] Converted to 36 bitstring edges
[2025-01-08 10:46:03] Computing Matchings Dynamic walk
[2025-01-08 10:46:04] Matchings - CX: 46, U3: 44, Depth: 72
[2025-01-08 10:46:04] Computing Exact walk
[2025-01-08 10:46:05] Exact - CX: 100, U3: 165, Depth: 197
[2025-01-08 10:46:05] Computing Pauli decomposition
[2025-01-08 10:46:05] Pauli - CX: 66, U3: 113, Depth: 122
[2025-01-08 10:46:05] Successfully processed graph 36 - Category: win_both
[2025-01-08 10:46:05] 
Processing graph 37/200
[2025-01-08 10:46:05] Graph 37 has 16 nodes and 37 edges
[2025-01-08 10:46:05] Converted to 37 bitstring edges
[2025-01-08 10:46:05] Computing Matchings Dynamic walk
[2025-01-08 10:46:06] Matchings - CX: 60, U3: 57, Depth: 92
[2025-01-08 10:46:06] Computing Exact walk
[2025-01-08 10:46:07] Exact - CX: 100, U3: 165, Depth: 197
[2025-01-08 10:46:07] Computing Pauli decomposition
[2025-01-08 10:46:08] Pauli - CX: 63, U3: 111, Depth: 119
[2025-01-08 10:46:08] Successfully processed graph 37 - Category: win_both
[2025-01-08 10:46:08] 
Processing graph 38/200
[2025-01-08 10:46:08] Graph 38 has 16 nodes and 35 edges
[2025-01-08 10:46:08] Converted to 35 bitstring edges
[2025-01-08 10:46:08] Computing Matchings Dynamic walk
[2025-01-08 10:46:09] Matchings - CX: 88, U3: 65, Depth: 123
[2025-01-08 10:46:09] Computing Exact walk
[2025-01-08 10:46:09] Exact - CX: 98, U3: 162, Depth: 193
[2025-01-08 10:46:09] Computing Pauli decomposition
[2025-01-08 10:46:10] Pauli - CX: 72, U3: 120, Depth: 133
[2025-01-08 10:46:10] Successfully processed graph 38 - Category: win_exact_lose_pauli
[2025-01-08 10:46:10] 
Processing graph 39/200
[2025-01-08 10:46:10] Graph 39 has 16 nodes and 31 edges
[2025-01-08 10:46:10] Converted to 31 bitstring edges
[2025-01-08 10:46:10] Computing Matchings Dynamic walk
[2025-01-08 10:46:11] Matchings - CX: 63, U3: 54, Depth: 90
[2025-01-08 10:46:11] Computing Exact walk
[2025-01-08 10:46:12] Exact - CX: 100, U3: 165, Depth: 197
[2025-01-08 10:46:12] Computing Pauli decomposition
[2025-01-08 10:46:13] Pauli - CX: 78, U3: 127, Depth: 142
[2025-01-08 10:46:13] Successfully processed graph 39 - Category: win_both
[2025-01-08 10:46:13] 
Processing graph 40/200
[2025-01-08 10:46:13] Graph 40 has 16 nodes and 40 edges
[2025-01-08 10:46:13] Converted to 40 bitstring edges
[2025-01-08 10:46:13] Computing Matchings Dynamic walk
[2025-01-08 10:46:13] Matchings - CX: 56, U3: 65, Depth: 90
[2025-01-08 10:46:13] Computing Exact walk
[2025-01-08 10:46:14] Exact - CX: 100, U3: 160, Depth: 194
[2025-01-08 10:46:14] Computing Pauli decomposition
[2025-01-08 10:46:15] Pauli - CX: 78, U3: 137, Depth: 147
[2025-01-08 10:46:15] Successfully processed graph 40 - Category: win_both
[2025-01-08 10:46:15] 
Processing graph 41/200
[2025-01-08 10:46:15] Graph 41 has 16 nodes and 38 edges
[2025-01-08 10:46:15] Converted to 38 bitstring edges
[2025-01-08 10:46:15] Computing Matchings Dynamic walk
[2025-01-08 10:46:16] Matchings - CX: 56, U3: 60, Depth: 90
[2025-01-08 10:46:16] Computing Exact walk
[2025-01-08 10:46:17] Exact - CX: 98, U3: 158, Depth: 190
[2025-01-08 10:46:17] Computing Pauli decomposition
[2025-01-08 10:46:18] Pauli - CX: 75, U3: 122, Depth: 139
[2025-01-08 10:46:18] Successfully processed graph 41 - Category: win_both
[2025-01-08 10:46:18] 
Processing graph 42/200
[2025-01-08 10:46:18] Graph 42 has 16 nodes and 36 edges
[2025-01-08 10:46:18] Converted to 36 bitstring edges
[2025-01-08 10:46:18] Computing Matchings Dynamic walk
[2025-01-08 10:46:18] Matchings - CX: 74, U3: 71, Depth: 114
[2025-01-08 10:46:18] Computing Exact walk
[2025-01-08 10:46:19] Exact - CX: 100, U3: 165, Depth: 197
[2025-01-08 10:46:19] Computing Pauli decomposition
[2025-01-08 10:46:20] Pauli - CX: 78, U3: 137, Depth: 146
[2025-01-08 10:46:20] Successfully processed graph 42 - Category: win_both
[2025-01-08 10:46:20] 
Processing graph 43/200
[2025-01-08 10:46:20] Graph 43 has 16 nodes and 35 edges
[2025-01-08 10:46:20] Converted to 35 bitstring edges
[2025-01-08 10:46:20] Computing Matchings Dynamic walk
[2025-01-08 10:46:20] Matchings - CX: 52, U3: 47, Depth: 80
[2025-01-08 10:46:20] Computing Exact walk
[2025-01-08 10:46:21] Exact - CX: 100, U3: 160, Depth: 194
[2025-01-08 10:46:21] Computing Pauli decomposition
[2025-01-08 10:46:22] Pauli - CX: 71, U3: 125, Depth: 134
[2025-01-08 10:46:22] Successfully processed graph 43 - Category: win_both
[2025-01-08 10:46:22] 
Processing graph 44/200
[2025-01-08 10:46:22] Graph 44 has 16 nodes and 31 edges
[2025-01-08 10:46:22] Converted to 31 bitstring edges
[2025-01-08 10:46:22] Computing Matchings Dynamic walk
[2025-01-08 10:46:22] Matchings - CX: 55, U3: 52, Depth: 82
[2025-01-08 10:46:22] Computing Exact walk
[2025-01-08 10:46:23] Exact - CX: 100, U3: 165, Depth: 197
[2025-01-08 10:46:23] Computing Pauli decomposition
[2025-01-08 10:46:24] Pauli - CX: 70, U3: 115, Depth: 127
[2025-01-08 10:46:24] Successfully processed graph 44 - Category: win_both
[2025-01-08 10:46:24] 
Processing graph 45/200
[2025-01-08 10:46:24] Graph 45 has 16 nodes and 37 edges
[2025-01-08 10:46:24] Converted to 37 bitstring edges
[2025-01-08 10:46:24] Computing Matchings Dynamic walk
[2025-01-08 10:46:24] Matchings - CX: 67, U3: 65, Depth: 102
[2025-01-08 10:46:24] Computing Exact walk
[2025-01-08 10:46:25] Exact - CX: 100, U3: 165, Depth: 197
[2025-01-08 10:46:25] Computing Pauli decomposition
[2025-01-08 10:46:26] Pauli - CX: 73, U3: 128, Depth: 137
[2025-01-08 10:46:26] Successfully processed graph 45 - Category: win_both
[2025-01-08 10:46:26] 
Processing graph 46/200
[2025-01-08 10:46:26] Graph 46 has 16 nodes and 34 edges
[2025-01-08 10:46:26] Converted to 34 bitstring edges
[2025-01-08 10:46:26] Computing Matchings Dynamic walk
[2025-01-08 10:46:27] Matchings - CX: 76, U3: 65, Depth: 111
[2025-01-08 10:46:27] Computing Exact walk
[2025-01-08 10:46:28] Exact - CX: 100, U3: 160, Depth: 194
[2025-01-08 10:46:28] Computing Pauli decomposition
[2025-01-08 10:46:28] Pauli - CX: 69, U3: 119, Depth: 129
[2025-01-08 10:46:28] Successfully processed graph 46 - Category: win_exact_lose_pauli
[2025-01-08 10:46:28] 
Processing graph 47/200
[2025-01-08 10:46:28] Graph 47 has 16 nodes and 35 edges
[2025-01-08 10:46:28] Converted to 35 bitstring edges
[2025-01-08 10:46:28] Computing Matchings Dynamic walk
[2025-01-08 10:46:29] Matchings - CX: 59, U3: 59, Depth: 93
[2025-01-08 10:46:29] Computing Exact walk
[2025-01-08 10:46:30] Exact - CX: 100, U3: 165, Depth: 197
[2025-01-08 10:46:30] Computing Pauli decomposition
[2025-01-08 10:46:30] Pauli - CX: 78, U3: 131, Depth: 146
[2025-01-08 10:46:30] Successfully processed graph 47 - Category: win_both
[2025-01-08 10:46:30] 
Processing graph 48/200
[2025-01-08 10:46:30] Graph 48 has 16 nodes and 38 edges
[2025-01-08 10:46:30] Converted to 38 bitstring edges
[2025-01-08 10:46:30] Computing Matchings Dynamic walk
[2025-01-08 10:46:31] Matchings - CX: 71, U3: 56, Depth: 102
[2025-01-08 10:46:31] Computing Exact walk
[2025-01-08 10:46:32] Exact - CX: 100, U3: 165, Depth: 197
[2025-01-08 10:46:32] Computing Pauli decomposition
[2025-01-08 10:46:32] Pauli - CX: 68, U3: 109, Depth: 124
[2025-01-08 10:46:32] Successfully processed graph 48 - Category: win_exact_lose_pauli
[2025-01-08 10:46:32] 
Processing graph 49/200
[2025-01-08 10:46:32] Graph 49 has 16 nodes and 38 edges
[2025-01-08 10:46:32] Converted to 38 bitstring edges
[2025-01-08 10:46:32] Computing Matchings Dynamic walk
[2025-01-08 10:46:33] Matchings - CX: 74, U3: 70, Depth: 111
[2025-01-08 10:46:33] Computing Exact walk
[2025-01-08 10:46:34] Exact - CX: 98, U3: 160, Depth: 192
[2025-01-08 10:46:34] Computing Pauli decomposition
[2025-01-08 10:46:34] Pauli - CX: 74, U3: 124, Depth: 137
[2025-01-08 10:46:34] Successfully processed graph 49 - Category: win_exact_draw_pauli
[2025-01-08 10:46:34] 
Processing graph 50/200
[2025-01-08 10:46:34] Graph 50 has 16 nodes and 38 edges
[2025-01-08 10:46:34] Converted to 38 bitstring edges
[2025-01-08 10:46:34] Computing Matchings Dynamic walk
[2025-01-08 10:46:35] Matchings - CX: 58, U3: 51, Depth: 87
[2025-01-08 10:46:35] Computing Exact walk
[2025-01-08 10:46:36] Exact - CX: 100, U3: 165, Depth: 197
[2025-01-08 10:46:36] Computing Pauli decomposition
[2025-01-08 10:46:36] Pauli - CX: 72, U3: 126, Depth: 134
[2025-01-08 10:46:36] Successfully processed graph 50 - Category: win_both
[2025-01-08 10:46:36] 
Processing graph 51/200
[2025-01-08 10:46:36] Graph 51 has 16 nodes and 35 edges
[2025-01-08 10:46:36] Converted to 35 bitstring edges
[2025-01-08 10:46:36] Computing Matchings Dynamic walk
[2025-01-08 10:46:37] Matchings - CX: 49, U3: 48, Depth: 77
[2025-01-08 10:46:37] Computing Exact walk
[2025-01-08 10:46:38] Exact - CX: 100, U3: 165, Depth: 197
[2025-01-08 10:46:38] Computing Pauli decomposition
[2025-01-08 10:46:39] Pauli - CX: 68, U3: 110, Depth: 124
[2025-01-08 10:46:39] Successfully processed graph 51 - Category: win_both
[2025-01-08 10:46:39] 
Processing graph 52/200
[2025-01-08 10:46:39] Graph 52 has 16 nodes and 35 edges
[2025-01-08 10:46:39] Converted to 35 bitstring edges
[2025-01-08 10:46:39] Computing Matchings Dynamic walk
[2025-01-08 10:46:40] Matchings - CX: 50, U3: 56, Depth: 80
[2025-01-08 10:46:40] Computing Exact walk
[2025-01-08 10:46:41] Exact - CX: 100, U3: 164, Depth: 197
[2025-01-08 10:46:41] Computing Pauli decomposition
[2025-01-08 10:46:41] Pauli - CX: 70, U3: 122, Depth: 131
[2025-01-08 10:46:41] Successfully processed graph 52 - Category: win_both
[2025-01-08 10:46:41] 
Processing graph 53/200
[2025-01-08 10:46:41] Graph 53 has 16 nodes and 36 edges
[2025-01-08 10:46:41] Converted to 36 bitstring edges
[2025-01-08 10:46:41] Computing Matchings Dynamic walk
[2025-01-08 10:46:42] Matchings - CX: 39, U3: 36, Depth: 61
[2025-01-08 10:46:42] Computing Exact walk
[2025-01-08 10:46:43] Exact - CX: 100, U3: 165, Depth: 197
[2025-01-08 10:46:43] Computing Pauli decomposition
[2025-01-08 10:46:44] Pauli - CX: 78, U3: 139, Depth: 147
[2025-01-08 10:46:44] Successfully processed graph 53 - Category: win_both
[2025-01-08 10:46:44] 
Processing graph 54/200
[2025-01-08 10:46:44] Graph 54 has 16 nodes and 34 edges
[2025-01-08 10:46:44] Converted to 34 bitstring edges
[2025-01-08 10:46:44] Computing Matchings Dynamic walk
[2025-01-08 10:46:45] Matchings - CX: 65, U3: 58, Depth: 96
[2025-01-08 10:46:45] Computing Exact walk
[2025-01-08 10:46:46] Exact - CX: 100, U3: 165, Depth: 197
[2025-01-08 10:46:46] Computing Pauli decomposition
[2025-01-08 10:46:47] Pauli - CX: 78, U3: 136, Depth: 147
[2025-01-08 10:46:47] Successfully processed graph 54 - Category: win_both
[2025-01-08 10:46:47] 
Processing graph 55/200
[2025-01-08 10:46:47] Graph 55 has 16 nodes and 34 edges
[2025-01-08 10:46:47] Converted to 34 bitstring edges
[2025-01-08 10:46:47] Computing Matchings Dynamic walk
[2025-01-08 10:46:48] Matchings - CX: 80, U3: 83, Depth: 122
[2025-01-08 10:46:48] Computing Exact walk
[2025-01-08 10:46:49] Exact - CX: 100, U3: 165, Depth: 197
[2025-01-08 10:46:49] Computing Pauli decomposition
[2025-01-08 10:46:50] Pauli - CX: 73, U3: 123, Depth: 134
[2025-01-08 10:46:50] Successfully processed graph 55 - Category: win_exact_lose_pauli
[2025-01-08 10:46:50] 
Processing graph 56/200
[2025-01-08 10:46:50] Graph 56 has 16 nodes and 36 edges
[2025-01-08 10:46:50] Converted to 36 bitstring edges
[2025-01-08 10:46:50] Computing Matchings Dynamic walk
[2025-01-08 10:46:50] Matchings - CX: 56, U3: 48, Depth: 83
[2025-01-08 10:46:50] Computing Exact walk
[2025-01-08 10:46:51] Exact - CX: 100, U3: 164, Depth: 196
[2025-01-08 10:46:51] Computing Pauli decomposition
[2025-01-08 10:46:52] Pauli - CX: 78, U3: 130, Depth: 144
[2025-01-08 10:46:52] Successfully processed graph 56 - Category: win_both
[2025-01-08 10:46:52] 
Processing graph 57/200
[2025-01-08 10:46:52] Graph 57 has 16 nodes and 34 edges
[2025-01-08 10:46:52] Converted to 34 bitstring edges
[2025-01-08 10:46:52] Computing Matchings Dynamic walk
[2025-01-08 10:46:53] Matchings - CX: 76, U3: 67, Depth: 113
[2025-01-08 10:46:53] Computing Exact walk
[2025-01-08 10:46:54] Exact - CX: 100, U3: 165, Depth: 197
[2025-01-08 10:46:54] Computing Pauli decomposition
[2025-01-08 10:46:54] Pauli - CX: 72, U3: 113, Depth: 130
[2025-01-08 10:46:54] Successfully processed graph 57 - Category: win_exact_lose_pauli
[2025-01-08 10:46:54] 
Processing graph 58/200
[2025-01-08 10:46:54] Graph 58 has 16 nodes and 35 edges
[2025-01-08 10:46:54] Converted to 35 bitstring edges
[2025-01-08 10:46:54] Computing Matchings Dynamic walk
[2025-01-08 10:46:55] Matchings - CX: 49, U3: 57, Depth: 79
[2025-01-08 10:46:55] Computing Exact walk
[2025-01-08 10:46:56] Exact - CX: 100, U3: 165, Depth: 197
[2025-01-08 10:46:56] Computing Pauli decomposition
[2025-01-08 10:46:56] Pauli - CX: 67, U3: 114, Depth: 125
[2025-01-08 10:46:56] Successfully processed graph 58 - Category: win_both
[2025-01-08 10:46:56] 
Processing graph 59/200
[2025-01-08 10:46:56] Graph 59 has 16 nodes and 37 edges
[2025-01-08 10:46:56] Converted to 37 bitstring edges
[2025-01-08 10:46:56] Computing Matchings Dynamic walk
[2025-01-08 10:46:57] Matchings - CX: 86, U3: 73, Depth: 122
[2025-01-08 10:46:57] Computing Exact walk
[2025-01-08 10:46:58] Exact - CX: 100, U3: 165, Depth: 197
[2025-01-08 10:46:58] Computing Pauli decomposition
[2025-01-08 10:46:59] Pauli - CX: 62, U3: 111, Depth: 116
[2025-01-08 10:46:59] Successfully processed graph 59 - Category: win_exact_lose_pauli
[2025-01-08 10:46:59] 
Processing graph 60/200
[2025-01-08 10:46:59] Graph 60 has 16 nodes and 35 edges
[2025-01-08 10:46:59] Converted to 35 bitstring edges
[2025-01-08 10:46:59] Computing Matchings Dynamic walk
[2025-01-08 10:47:00] Matchings - CX: 91, U3: 84, Depth: 135
[2025-01-08 10:47:00] Computing Exact walk
[2025-01-08 10:47:01] Exact - CX: 100, U3: 165, Depth: 197
[2025-01-08 10:47:01] Computing Pauli decomposition
[2025-01-08 10:47:02] Pauli - CX: 71, U3: 114, Depth: 129
[2025-01-08 10:47:02] Successfully processed graph 60 - Category: win_exact_lose_pauli
[2025-01-08 10:47:02] 
Processing graph 61/200
[2025-01-08 10:47:02] Graph 61 has 16 nodes and 35 edges
[2025-01-08 10:47:02] Converted to 35 bitstring edges
[2025-01-08 10:47:02] Computing Matchings Dynamic walk
[2025-01-08 10:47:02] Matchings - CX: 54, U3: 55, Depth: 85
[2025-01-08 10:47:02] Computing Exact walk
[2025-01-08 10:47:03] Exact - CX: 98, U3: 161, Depth: 192
[2025-01-08 10:47:03] Computing Pauli decomposition
[2025-01-08 10:47:04] Pauli - CX: 71, U3: 114, Depth: 129
[2025-01-08 10:47:04] Successfully processed graph 61 - Category: win_both
[2025-01-08 10:47:04] 
Processing graph 62/200
[2025-01-08 10:47:04] Graph 62 has 16 nodes and 33 edges
[2025-01-08 10:47:04] Converted to 33 bitstring edges
[2025-01-08 10:47:04] Computing Matchings Dynamic walk
[2025-01-08 10:47:05] Matchings - CX: 50, U3: 48, Depth: 78
[2025-01-08 10:47:05] Computing Exact walk
[2025-01-08 10:47:06] Exact - CX: 100, U3: 165, Depth: 197
[2025-01-08 10:47:06] Computing Pauli decomposition
[2025-01-08 10:47:07] Pauli - CX: 62, U3: 112, Depth: 118
[2025-01-08 10:47:07] Successfully processed graph 62 - Category: win_both
[2025-01-08 10:47:07] 
Processing graph 63/200
[2025-01-08 10:47:07] Graph 63 has 16 nodes and 33 edges
[2025-01-08 10:47:07] Converted to 33 bitstring edges
[2025-01-08 10:47:07] Computing Matchings Dynamic walk
[2025-01-08 10:47:07] Matchings - CX: 66, U3: 61, Depth: 100
[2025-01-08 10:47:07] Computing Exact walk
[2025-01-08 10:47:08] Exact - CX: 100, U3: 165, Depth: 197
[2025-01-08 10:47:08] Computing Pauli decomposition
[2025-01-08 10:47:09] Pauli - CX: 73, U3: 121, Depth: 133
[2025-01-08 10:47:09] Successfully processed graph 63 - Category: win_both
[2025-01-08 10:47:09] 
Processing graph 64/200
[2025-01-08 10:47:09] Graph 64 has 16 nodes and 36 edges
[2025-01-08 10:47:09] Converted to 36 bitstring edges
[2025-01-08 10:47:09] Computing Matchings Dynamic walk
[2025-01-08 10:47:10] Matchings - CX: 65, U3: 70, Depth: 103
[2025-01-08 10:47:10] Computing Exact walk
[2025-01-08 10:47:11] Exact - CX: 100, U3: 165, Depth: 197
[2025-01-08 10:47:11] Computing Pauli decomposition
[2025-01-08 10:47:11] Pauli - CX: 71, U3: 125, Depth: 134
[2025-01-08 10:47:11] Successfully processed graph 64 - Category: win_both
[2025-01-08 10:47:11] 
Processing graph 65/200
[2025-01-08 10:47:11] Graph 65 has 16 nodes and 36 edges
[2025-01-08 10:47:11] Converted to 36 bitstring edges
[2025-01-08 10:47:11] Computing Matchings Dynamic walk
[2025-01-08 10:47:12] Matchings - CX: 44, U3: 47, Depth: 70
[2025-01-08 10:47:12] Computing Exact walk
[2025-01-08 10:47:13] Exact - CX: 100, U3: 165, Depth: 197
[2025-01-08 10:47:13] Computing Pauli decomposition
[2025-01-08 10:47:14] Pauli - CX: 63, U3: 113, Depth: 118
[2025-01-08 10:47:14] Successfully processed graph 65 - Category: win_both
[2025-01-08 10:47:14] 
Processing graph 66/200
[2025-01-08 10:47:14] Graph 66 has 16 nodes and 35 edges
[2025-01-08 10:47:14] Converted to 35 bitstring edges
[2025-01-08 10:47:14] Computing Matchings Dynamic walk
[2025-01-08 10:47:14] Matchings - CX: 53, U3: 57, Depth: 85
[2025-01-08 10:47:14] Computing Exact walk
[2025-01-08 10:47:15] Exact - CX: 100, U3: 165, Depth: 197
[2025-01-08 10:47:15] Computing Pauli decomposition
[2025-01-08 10:47:16] Pauli - CX: 54, U3: 96, Depth: 104
[2025-01-08 10:47:16] Successfully processed graph 66 - Category: win_both
[2025-01-08 10:47:16] 
Processing graph 67/200
[2025-01-08 10:47:16] Graph 67 has 16 nodes and 32 edges
[2025-01-08 10:47:16] Converted to 32 bitstring edges
[2025-01-08 10:47:16] Computing Matchings Dynamic walk
[2025-01-08 10:47:16] Matchings - CX: 63, U3: 65, Depth: 98
[2025-01-08 10:47:16] Computing Exact walk
[2025-01-08 10:47:17] Exact - CX: 100, U3: 165, Depth: 197
[2025-01-08 10:47:17] Computing Pauli decomposition
[2025-01-08 10:47:18] Pauli - CX: 68, U3: 113, Depth: 125
[2025-01-08 10:47:18] Successfully processed graph 67 - Category: win_both
[2025-01-08 10:47:18] 
Processing graph 68/200
[2025-01-08 10:47:18] Graph 68 has 16 nodes and 33 edges
[2025-01-08 10:47:18] Converted to 33 bitstring edges
[2025-01-08 10:47:18] Computing Matchings Dynamic walk
[2025-01-08 10:47:18] Matchings - CX: 51, U3: 48, Depth: 75
[2025-01-08 10:47:18] Computing Exact walk
[2025-01-08 10:47:19] Exact - CX: 100, U3: 165, Depth: 197
[2025-01-08 10:47:19] Computing Pauli decomposition
[2025-01-08 10:47:20] Pauli - CX: 72, U3: 127, Depth: 135
[2025-01-08 10:47:20] Successfully processed graph 68 - Category: win_both
[2025-01-08 10:47:20] 
Processing graph 69/200
[2025-01-08 10:47:20] Graph 69 has 16 nodes and 36 edges
[2025-01-08 10:47:20] Converted to 36 bitstring edges
[2025-01-08 10:47:20] Computing Matchings Dynamic walk
[2025-01-08 10:47:21] Matchings - CX: 52, U3: 42, Depth: 78
[2025-01-08 10:47:21] Computing Exact walk
[2025-01-08 10:47:22] Exact - CX: 100, U3: 165, Depth: 197
[2025-01-08 10:47:22] Computing Pauli decomposition
[2025-01-08 10:47:23] Pauli - CX: 78, U3: 138, Depth: 146
[2025-01-08 10:47:23] Successfully processed graph 69 - Category: win_both
[2025-01-08 10:47:23] 
Processing graph 70/200
[2025-01-08 10:47:23] Graph 70 has 16 nodes and 36 edges
[2025-01-08 10:47:23] Converted to 36 bitstring edges
[2025-01-08 10:47:23] Computing Matchings Dynamic walk
[2025-01-08 10:47:24] Matchings - CX: 48, U3: 46, Depth: 71
[2025-01-08 10:47:24] Computing Exact walk
[2025-01-08 10:47:25] Exact - CX: 100, U3: 165, Depth: 197
[2025-01-08 10:47:25] Computing Pauli decomposition
[2025-01-08 10:47:26] Pauli - CX: 61, U3: 115, Depth: 117
[2025-01-08 10:47:26] Successfully processed graph 70 - Category: win_both
[2025-01-08 10:47:26] 
Processing graph 71/200
[2025-01-08 10:47:26] Graph 71 has 16 nodes and 34 edges
[2025-01-08 10:47:26] Converted to 34 bitstring edges
[2025-01-08 10:47:26] Computing Matchings Dynamic walk
[2025-01-08 10:47:27] Matchings - CX: 59, U3: 52, Depth: 87
[2025-01-08 10:47:27] Computing Exact walk
[2025-01-08 10:47:28] Exact - CX: 100, U3: 165, Depth: 197
[2025-01-08 10:47:28] Computing Pauli decomposition
[2025-01-08 10:47:29] Pauli - CX: 72, U3: 127, Depth: 136
[2025-01-08 10:47:29] Successfully processed graph 71 - Category: win_both
[2025-01-08 10:47:29] 
Processing graph 72/200
[2025-01-08 10:47:29] Graph 72 has 16 nodes and 37 edges
[2025-01-08 10:47:29] Converted to 37 bitstring edges
[2025-01-08 10:47:29] Computing Matchings Dynamic walk
[2025-01-08 10:47:30] Matchings - CX: 63, U3: 62, Depth: 95
[2025-01-08 10:47:30] Computing Exact walk
[2025-01-08 10:47:31] Exact - CX: 100, U3: 165, Depth: 197
[2025-01-08 10:47:31] Computing Pauli decomposition
[2025-01-08 10:47:32] Pauli - CX: 67, U3: 117, Depth: 126
[2025-01-08 10:47:32] Successfully processed graph 72 - Category: win_both
[2025-01-08 10:47:32] 
Processing graph 73/200
[2025-01-08 10:47:32] Graph 73 has 16 nodes and 34 edges
[2025-01-08 10:47:32] Converted to 34 bitstring edges
[2025-01-08 10:47:32] Computing Matchings Dynamic walk
[2025-01-08 10:47:33] Matchings - CX: 50, U3: 46, Depth: 76
[2025-01-08 10:47:33] Computing Exact walk
[2025-01-08 10:47:34] Exact - CX: 97, U3: 159, Depth: 190
[2025-01-08 10:47:34] Computing Pauli decomposition
[2025-01-08 10:47:35] Pauli - CX: 72, U3: 129, Depth: 135
[2025-01-08 10:47:35] Successfully processed graph 73 - Category: win_both
[2025-01-08 10:47:35] 
Processing graph 74/200
[2025-01-08 10:47:35] Graph 74 has 16 nodes and 34 edges
[2025-01-08 10:47:35] Converted to 34 bitstring edges
[2025-01-08 10:47:35] Computing Matchings Dynamic walk
[2025-01-08 10:47:36] Matchings - CX: 52, U3: 52, Depth: 80
[2025-01-08 10:47:36] Computing Exact walk
[2025-01-08 10:47:37] Exact - CX: 100, U3: 160, Depth: 195
[2025-01-08 10:47:37] Computing Pauli decomposition
[2025-01-08 10:47:38] Pauli - CX: 72, U3: 119, Depth: 134
[2025-01-08 10:47:38] Successfully processed graph 74 - Category: win_both
[2025-01-08 10:47:38] 
Processing graph 75/200
[2025-01-08 10:47:38] Graph 75 has 16 nodes and 39 edges
[2025-01-08 10:47:38] Converted to 39 bitstring edges
[2025-01-08 10:47:38] Computing Matchings Dynamic walk
[2025-01-08 10:47:39] Matchings - CX: 81, U3: 77, Depth: 122
[2025-01-08 10:47:39] Computing Exact walk
[2025-01-08 10:47:40] Exact - CX: 100, U3: 165, Depth: 197
[2025-01-08 10:47:40] Computing Pauli decomposition
[2025-01-08 10:47:41] Pauli - CX: 54, U3: 80, Depth: 96
[2025-01-08 10:47:41] Successfully processed graph 75 - Category: win_exact_lose_pauli
[2025-01-08 10:47:41] 
Processing graph 76/200
[2025-01-08 10:47:41] Graph 76 has 16 nodes and 37 edges
[2025-01-08 10:47:41] Converted to 37 bitstring edges
[2025-01-08 10:47:41] Computing Matchings Dynamic walk
[2025-01-08 10:47:41] Matchings - CX: 47, U3: 45, Depth: 72
[2025-01-08 10:47:41] Computing Exact walk
[2025-01-08 10:47:42] Exact - CX: 100, U3: 165, Depth: 197
[2025-01-08 10:47:42] Computing Pauli decomposition
[2025-01-08 10:47:43] Pauli - CX: 72, U3: 124, Depth: 135
[2025-01-08 10:47:43] Successfully processed graph 76 - Category: win_both
[2025-01-08 10:47:43] 
Processing graph 77/200
[2025-01-08 10:47:43] Graph 77 has 16 nodes and 36 edges
[2025-01-08 10:47:43] Converted to 36 bitstring edges
[2025-01-08 10:47:43] Computing Matchings Dynamic walk
[2025-01-08 10:47:44] Matchings - CX: 48, U3: 44, Depth: 73
[2025-01-08 10:47:44] Computing Exact walk
[2025-01-08 10:47:45] Exact - CX: 100, U3: 163, Depth: 196
[2025-01-08 10:47:45] Computing Pauli decomposition
[2025-01-08 10:47:46] Pauli - CX: 68, U3: 103, Depth: 123
[2025-01-08 10:47:46] Successfully processed graph 77 - Category: win_both
[2025-01-08 10:47:46] 
Processing graph 78/200
[2025-01-08 10:47:46] Graph 78 has 16 nodes and 37 edges
[2025-01-08 10:47:46] Converted to 37 bitstring edges
[2025-01-08 10:47:46] Computing Matchings Dynamic walk
[2025-01-08 10:47:47] Matchings - CX: 49, U3: 54, Depth: 80
[2025-01-08 10:47:47] Computing Exact walk
[2025-01-08 10:47:48] Exact - CX: 100, U3: 165, Depth: 197
[2025-01-08 10:47:48] Computing Pauli decomposition
[2025-01-08 10:47:49] Pauli - CX: 72, U3: 129, Depth: 136
[2025-01-08 10:47:49] Successfully processed graph 78 - Category: win_both
[2025-01-08 10:47:49] 
Processing graph 79/200
[2025-01-08 10:47:49] Graph 79 has 16 nodes and 34 edges
[2025-01-08 10:47:49] Converted to 34 bitstring edges
[2025-01-08 10:47:49] Computing Matchings Dynamic walk
[2025-01-08 10:47:50] Matchings - CX: 72, U3: 62, Depth: 105
[2025-01-08 10:47:50] Computing Exact walk
[2025-01-08 10:47:51] Exact - CX: 98, U3: 162, Depth: 192
[2025-01-08 10:47:51] Computing Pauli decomposition
[2025-01-08 10:47:53] Pauli - CX: 73, U3: 130, Depth: 137
[2025-01-08 10:47:53] Successfully processed graph 79 - Category: win_both
[2025-01-08 10:47:53] 
Processing graph 80/200
[2025-01-08 10:47:53] Graph 80 has 16 nodes and 33 edges
[2025-01-08 10:47:53] Converted to 33 bitstring edges
[2025-01-08 10:47:53] Computing Matchings Dynamic walk
[2025-01-08 10:47:54] Matchings - CX: 92, U3: 84, Depth: 136
[2025-01-08 10:47:54] Computing Exact walk
[2025-01-08 10:47:55] Exact - CX: 100, U3: 165, Depth: 197
[2025-01-08 10:47:55] Computing Pauli decomposition
[2025-01-08 10:47:56] Pauli - CX: 71, U3: 119, Depth: 131
[2025-01-08 10:47:56] Successfully processed graph 80 - Category: win_exact_lose_pauli
[2025-01-08 10:47:56] 
Processing graph 81/200
[2025-01-08 10:47:56] Graph 81 has 16 nodes and 34 edges
[2025-01-08 10:47:56] Converted to 34 bitstring edges
[2025-01-08 10:47:56] Computing Matchings Dynamic walk
[2025-01-08 10:47:56] Matchings - CX: 65, U3: 62, Depth: 98
[2025-01-08 10:47:56] Computing Exact walk
[2025-01-08 10:47:58] Exact - CX: 98, U3: 160, Depth: 191
[2025-01-08 10:47:58] Computing Pauli decomposition
[2025-01-08 10:47:59] Pauli - CX: 69, U3: 114, Depth: 129
[2025-01-08 10:47:59] Successfully processed graph 81 - Category: win_both
[2025-01-08 10:47:59] 
Processing graph 82/200
[2025-01-08 10:47:59] Graph 82 has 16 nodes and 35 edges
[2025-01-08 10:47:59] Converted to 35 bitstring edges
[2025-01-08 10:47:59] Computing Matchings Dynamic walk
[2025-01-08 10:48:00] Matchings - CX: 33, U3: 36, Depth: 52
[2025-01-08 10:48:00] Computing Exact walk
[2025-01-08 10:48:01] Exact - CX: 100, U3: 165, Depth: 197
[2025-01-08 10:48:01] Computing Pauli decomposition
[2025-01-08 10:48:02] Pauli - CX: 78, U3: 132, Depth: 144
[2025-01-08 10:48:02] Successfully processed graph 82 - Category: win_both
[2025-01-08 10:48:02] 
Processing graph 83/200
[2025-01-08 10:48:02] Graph 83 has 16 nodes and 34 edges
[2025-01-08 10:48:02] Converted to 34 bitstring edges
[2025-01-08 10:48:02] Computing Matchings Dynamic walk
[2025-01-08 10:48:03] Matchings - CX: 45, U3: 44, Depth: 70
[2025-01-08 10:48:03] Computing Exact walk
[2025-01-08 10:48:04] Exact - CX: 100, U3: 165, Depth: 197
[2025-01-08 10:48:04] Computing Pauli decomposition
[2025-01-08 10:48:05] Pauli - CX: 65, U3: 112, Depth: 121
[2025-01-08 10:48:05] Successfully processed graph 83 - Category: win_both
[2025-01-08 10:48:05] 
Processing graph 84/200
[2025-01-08 10:48:05] Graph 84 has 16 nodes and 37 edges
[2025-01-08 10:48:05] Converted to 37 bitstring edges
[2025-01-08 10:48:05] Computing Matchings Dynamic walk
[2025-01-08 10:48:06] Matchings - CX: 55, U3: 55, Depth: 86
[2025-01-08 10:48:06] Computing Exact walk
[2025-01-08 10:48:08] Exact - CX: 100, U3: 165, Depth: 197
[2025-01-08 10:48:08] Computing Pauli decomposition
[2025-01-08 10:48:09] Pauli - CX: 78, U3: 135, Depth: 146
[2025-01-08 10:48:09] Successfully processed graph 84 - Category: win_both
[2025-01-08 10:48:09] 
Processing graph 85/200
[2025-01-08 10:48:09] Graph 85 has 16 nodes and 33 edges
[2025-01-08 10:48:09] Converted to 33 bitstring edges
[2025-01-08 10:48:09] Computing Matchings Dynamic walk
[2025-01-08 10:48:10] Matchings - CX: 75, U3: 71, Depth: 112
[2025-01-08 10:48:10] Computing Exact walk
[2025-01-08 10:48:11] Exact - CX: 100, U3: 165, Depth: 197
[2025-01-08 10:48:11] Computing Pauli decomposition
[2025-01-08 10:48:12] Pauli - CX: 63, U3: 110, Depth: 117
[2025-01-08 10:48:12] Successfully processed graph 85 - Category: win_exact_lose_pauli
[2025-01-08 10:48:12] 
Processing graph 86/200
[2025-01-08 10:48:12] Graph 86 has 16 nodes and 34 edges
[2025-01-08 10:48:12] Converted to 34 bitstring edges
[2025-01-08 10:48:12] Computing Matchings Dynamic walk
[2025-01-08 10:48:13] Matchings - CX: 59, U3: 51, Depth: 87
[2025-01-08 10:48:13] Computing Exact walk
[2025-01-08 10:48:14] Exact - CX: 99, U3: 161, Depth: 194
[2025-01-08 10:48:14] Computing Pauli decomposition
[2025-01-08 10:48:15] Pauli - CX: 74, U3: 124, Depth: 136
[2025-01-08 10:48:15] Successfully processed graph 86 - Category: win_both
[2025-01-08 10:48:15] 
Processing graph 87/200
[2025-01-08 10:48:15] Graph 87 has 16 nodes and 32 edges
[2025-01-08 10:48:15] Converted to 32 bitstring edges
[2025-01-08 10:48:15] Computing Matchings Dynamic walk
[2025-01-08 10:48:16] Matchings - CX: 52, U3: 54, Depth: 81
[2025-01-08 10:48:16] Computing Exact walk
[2025-01-08 10:48:17] Exact - CX: 100, U3: 162, Depth: 196
[2025-01-08 10:48:17] Computing Pauli decomposition
[2025-01-08 10:48:18] Pauli - CX: 68, U3: 122, Depth: 128
[2025-01-08 10:48:18] Successfully processed graph 87 - Category: win_both
[2025-01-08 10:48:18] 
Processing graph 88/200
[2025-01-08 10:48:18] Graph 88 has 16 nodes and 37 edges
[2025-01-08 10:48:18] Converted to 37 bitstring edges
[2025-01-08 10:48:18] Computing Matchings Dynamic walk
[2025-01-08 10:48:19] Matchings - CX: 61, U3: 57, Depth: 93
[2025-01-08 10:48:19] Computing Exact walk
[2025-01-08 10:48:21] Exact - CX: 100, U3: 165, Depth: 197
[2025-01-08 10:48:21] Computing Pauli decomposition
[2025-01-08 10:48:21] Pauli - CX: 59, U3: 93, Depth: 106
[2025-01-08 10:48:21] Successfully processed graph 88 - Category: win_exact_lose_pauli
[2025-01-08 10:48:21] 
Processing graph 89/200
[2025-01-08 10:48:21] Graph 89 has 16 nodes and 37 edges
[2025-01-08 10:48:21] Converted to 37 bitstring edges
[2025-01-08 10:48:21] Computing Matchings Dynamic walk
[2025-01-08 10:48:23] Matchings - CX: 83, U3: 79, Depth: 124
[2025-01-08 10:48:23] Computing Exact walk
[2025-01-08 10:48:24] Exact - CX: 100, U3: 165, Depth: 197
[2025-01-08 10:48:24] Computing Pauli decomposition
[2025-01-08 10:48:26] Pauli - CX: 73, U3: 123, Depth: 135
[2025-01-08 10:48:26] Successfully processed graph 89 - Category: win_exact_lose_pauli
[2025-01-08 10:48:26] 
Processing graph 90/200
[2025-01-08 10:48:26] Graph 90 has 16 nodes and 37 edges
[2025-01-08 10:48:26] Converted to 37 bitstring edges
[2025-01-08 10:48:26] Computing Matchings Dynamic walk
[2025-01-08 10:48:26] Matchings - CX: 65, U3: 67, Depth: 102
[2025-01-08 10:48:26] Computing Exact walk
[2025-01-08 10:48:28] Exact - CX: 98, U3: 162, Depth: 193
[2025-01-08 10:48:28] Computing Pauli decomposition
[2025-01-08 10:48:29] Pauli - CX: 70, U3: 126, Depth: 133
[2025-01-08 10:48:29] Successfully processed graph 90 - Category: win_both
[2025-01-08 10:48:29] 
Processing graph 91/200
[2025-01-08 10:48:29] Graph 91 has 16 nodes and 36 edges
[2025-01-08 10:48:29] Converted to 36 bitstring edges
[2025-01-08 10:48:29] Computing Matchings Dynamic walk
[2025-01-08 10:48:31] Matchings - CX: 66, U3: 62, Depth: 100
[2025-01-08 10:48:31] Computing Exact walk
[2025-01-08 10:48:32] Exact - CX: 100, U3: 165, Depth: 197
[2025-01-08 10:48:32] Computing Pauli decomposition
[2025-01-08 10:48:34] Pauli - CX: 67, U3: 115, Depth: 124
[2025-01-08 10:48:34] Successfully processed graph 91 - Category: win_both
[2025-01-08 10:48:34] 
Processing graph 92/200
[2025-01-08 10:48:34] Graph 92 has 16 nodes and 34 edges
[2025-01-08 10:48:34] Converted to 34 bitstring edges
[2025-01-08 10:48:34] Computing Matchings Dynamic walk
[2025-01-08 10:48:34] Matchings - CX: 56, U3: 57, Depth: 87
[2025-01-08 10:48:34] Computing Exact walk
[2025-01-08 10:48:35] Exact - CX: 100, U3: 165, Depth: 197
[2025-01-08 10:48:35] Computing Pauli decomposition
[2025-01-08 10:48:36] Pauli - CX: 71, U3: 122, Depth: 132
[2025-01-08 10:48:36] Successfully processed graph 92 - Category: win_both
[2025-01-08 10:48:36] 
Processing graph 93/200
[2025-01-08 10:48:36] Graph 93 has 16 nodes and 36 edges
[2025-01-08 10:48:36] Converted to 36 bitstring edges
[2025-01-08 10:48:36] Computing Matchings Dynamic walk
[2025-01-08 10:48:36] Matchings - CX: 99, U3: 85, Depth: 145
[2025-01-08 10:48:36] Computing Exact walk
[2025-01-08 10:48:37] Exact - CX: 100, U3: 165, Depth: 197
[2025-01-08 10:48:37] Computing Pauli decomposition
[2025-01-08 10:48:38] Pauli - CX: 67, U3: 110, Depth: 122
[2025-01-08 10:48:38] Successfully processed graph 93 - Category: win_exact_lose_pauli
[2025-01-08 10:48:38] 
Processing graph 94/200
[2025-01-08 10:48:38] Graph 94 has 16 nodes and 36 edges
[2025-01-08 10:48:38] Converted to 36 bitstring edges
[2025-01-08 10:48:38] Computing Matchings Dynamic walk
[2025-01-08 10:48:38] Matchings - CX: 55, U3: 56, Depth: 85
[2025-01-08 10:48:38] Computing Exact walk
[2025-01-08 10:48:39] Exact - CX: 97, U3: 158, Depth: 189
[2025-01-08 10:48:39] Computing Pauli decomposition
[2025-01-08 10:48:40] Pauli - CX: 65, U3: 116, Depth: 124
[2025-01-08 10:48:40] Successfully processed graph 94 - Category: win_both
[2025-01-08 10:48:40] 
Processing graph 95/200
[2025-01-08 10:48:40] Graph 95 has 16 nodes and 33 edges
[2025-01-08 10:48:40] Converted to 33 bitstring edges
[2025-01-08 10:48:40] Computing Matchings Dynamic walk
[2025-01-08 10:48:41] Matchings - CX: 50, U3: 45, Depth: 74
[2025-01-08 10:48:41] Computing Exact walk
[2025-01-08 10:48:41] Exact - CX: 98, U3: 163, Depth: 193
[2025-01-08 10:48:41] Computing Pauli decomposition
[2025-01-08 10:48:42] Pauli - CX: 59, U3: 107, Depth: 111
[2025-01-08 10:48:42] Successfully processed graph 95 - Category: win_both
[2025-01-08 10:48:42] 
Processing graph 96/200
[2025-01-08 10:48:42] Graph 96 has 16 nodes and 35 edges
[2025-01-08 10:48:42] Converted to 35 bitstring edges
[2025-01-08 10:48:42] Computing Matchings Dynamic walk
[2025-01-08 10:48:43] Matchings - CX: 59, U3: 65, Depth: 92
[2025-01-08 10:48:43] Computing Exact walk
[2025-01-08 10:48:43] Exact - CX: 100, U3: 165, Depth: 197
[2025-01-08 10:48:43] Computing Pauli decomposition
[2025-01-08 10:48:44] Pauli - CX: 72, U3: 121, Depth: 131
[2025-01-08 10:48:44] Successfully processed graph 96 - Category: win_both
[2025-01-08 10:48:44] 
Processing graph 97/200
[2025-01-08 10:48:44] Graph 97 has 16 nodes and 37 edges
[2025-01-08 10:48:44] Converted to 37 bitstring edges
[2025-01-08 10:48:44] Computing Matchings Dynamic walk
[2025-01-08 10:48:45] Matchings - CX: 62, U3: 59, Depth: 95
[2025-01-08 10:48:45] Computing Exact walk
[2025-01-08 10:48:46] Exact - CX: 100, U3: 165, Depth: 197
[2025-01-08 10:48:46] Computing Pauli decomposition
[2025-01-08 10:48:47] Pauli - CX: 65, U3: 113, Depth: 121
[2025-01-08 10:48:47] Successfully processed graph 97 - Category: win_both
[2025-01-08 10:48:47] 
Processing graph 98/200
[2025-01-08 10:48:47] Graph 98 has 16 nodes and 38 edges
[2025-01-08 10:48:47] Converted to 38 bitstring edges
[2025-01-08 10:48:47] Computing Matchings Dynamic walk
[2025-01-08 10:48:47] Matchings - CX: 70, U3: 60, Depth: 102
[2025-01-08 10:48:47] Computing Exact walk
[2025-01-08 10:48:48] Exact - CX: 100, U3: 165, Depth: 197
[2025-01-08 10:48:48] Computing Pauli decomposition
[2025-01-08 10:48:49] Pauli - CX: 60, U3: 98, Depth: 111
[2025-01-08 10:48:49] Successfully processed graph 98 - Category: win_exact_lose_pauli
[2025-01-08 10:48:49] 
Processing graph 99/200
[2025-01-08 10:48:49] Graph 99 has 16 nodes and 36 edges
[2025-01-08 10:48:49] Converted to 36 bitstring edges
[2025-01-08 10:48:49] Computing Matchings Dynamic walk
[2025-01-08 10:48:49] Matchings - CX: 88, U3: 77, Depth: 129
[2025-01-08 10:48:49] Computing Exact walk
[2025-01-08 10:48:50] Exact - CX: 100, U3: 160, Depth: 194
[2025-01-08 10:48:50] Computing Pauli decomposition
[2025-01-08 10:48:51] Pauli - CX: 73, U3: 129, Depth: 137
[2025-01-08 10:48:51] Successfully processed graph 99 - Category: win_exact_lose_pauli
[2025-01-08 10:48:51] 
Processing graph 100/200
[2025-01-08 10:48:51] Graph 100 has 16 nodes and 37 edges
[2025-01-08 10:48:51] Converted to 37 bitstring edges
[2025-01-08 10:48:51] Computing Matchings Dynamic walk
[2025-01-08 10:48:52] Matchings - CX: 75, U3: 75, Depth: 114
[2025-01-08 10:48:52] Computing Exact walk
[2025-01-08 10:48:53] Exact - CX: 100, U3: 165, Depth: 197
[2025-01-08 10:48:53] Computing Pauli decomposition
[2025-01-08 10:48:53] Pauli - CX: 53, U3: 88, Depth: 97
[2025-01-08 10:48:53] Successfully processed graph 100 - Category: win_exact_lose_pauli
[2025-01-08 10:48:53] 
Processing graph 101/200
[2025-01-08 10:48:53] Graph 101 has 16 nodes and 35 edges
[2025-01-08 10:48:53] Converted to 35 bitstring edges
[2025-01-08 10:48:53] Computing Matchings Dynamic walk
[2025-01-08 10:48:53] Matchings - CX: 44, U3: 43, Depth: 66
[2025-01-08 10:48:53] Computing Exact walk
[2025-01-08 10:48:54] Exact - CX: 100, U3: 163, Depth: 195
[2025-01-08 10:48:54] Computing Pauli decomposition
[2025-01-08 10:48:55] Pauli - CX: 66, U3: 116, Depth: 124
[2025-01-08 10:48:55] Successfully processed graph 101 - Category: win_both
[2025-01-08 10:48:55] 
Processing graph 102/200
[2025-01-08 10:48:55] Graph 102 has 16 nodes and 31 edges
[2025-01-08 10:48:55] Converted to 31 bitstring edges
[2025-01-08 10:48:55] Computing Matchings Dynamic walk
[2025-01-08 10:48:55] Matchings - CX: 44, U3: 39, Depth: 65
[2025-01-08 10:48:55] Computing Exact walk
[2025-01-08 10:48:56] Exact - CX: 100, U3: 165, Depth: 197
[2025-01-08 10:48:56] Computing Pauli decomposition
[2025-01-08 10:48:57] Pauli - CX: 63, U3: 107, Depth: 117
[2025-01-08 10:48:57] Successfully processed graph 102 - Category: win_both
[2025-01-08 10:48:57] 
Processing graph 103/200
[2025-01-08 10:48:57] Graph 103 has 16 nodes and 37 edges
[2025-01-08 10:48:57] Converted to 37 bitstring edges
[2025-01-08 10:48:57] Computing Matchings Dynamic walk
[2025-01-08 10:48:57] Matchings - CX: 58, U3: 59, Depth: 89
[2025-01-08 10:48:57] Computing Exact walk
[2025-01-08 10:48:58] Exact - CX: 100, U3: 161, Depth: 195
[2025-01-08 10:48:58] Computing Pauli decomposition
[2025-01-08 10:48:59] Pauli - CX: 69, U3: 118, Depth: 128
[2025-01-08 10:48:59] Successfully processed graph 103 - Category: win_both
[2025-01-08 10:48:59] 
Processing graph 104/200
[2025-01-08 10:48:59] Graph 104 has 16 nodes and 34 edges
[2025-01-08 10:48:59] Converted to 34 bitstring edges
[2025-01-08 10:48:59] Computing Matchings Dynamic walk
[2025-01-08 10:48:59] Matchings - CX: 88, U3: 75, Depth: 126
[2025-01-08 10:48:59] Computing Exact walk
[2025-01-08 10:49:00] Exact - CX: 100, U3: 165, Depth: 197
[2025-01-08 10:49:00] Computing Pauli decomposition
[2025-01-08 10:49:01] Pauli - CX: 73, U3: 120, Depth: 136
[2025-01-08 10:49:01] Successfully processed graph 104 - Category: win_exact_lose_pauli
[2025-01-08 10:49:01] 
Processing graph 105/200
[2025-01-08 10:49:01] Graph 105 has 16 nodes and 35 edges
[2025-01-08 10:49:01] Converted to 35 bitstring edges
[2025-01-08 10:49:01] Computing Matchings Dynamic walk
[2025-01-08 10:49:01] Matchings - CX: 54, U3: 51, Depth: 83
[2025-01-08 10:49:01] Computing Exact walk
[2025-01-08 10:49:02] Exact - CX: 100, U3: 165, Depth: 197
[2025-01-08 10:49:02] Computing Pauli decomposition
[2025-01-08 10:49:03] Pauli - CX: 65, U3: 117, Depth: 123
[2025-01-08 10:49:03] Successfully processed graph 105 - Category: win_both
[2025-01-08 10:49:03] 
Processing graph 106/200
[2025-01-08 10:49:03] Graph 106 has 16 nodes and 36 edges
[2025-01-08 10:49:03] Converted to 36 bitstring edges
[2025-01-08 10:49:03] Computing Matchings Dynamic walk
[2025-01-08 10:49:03] Matchings - CX: 31, U3: 34, Depth: 48
[2025-01-08 10:49:03] Computing Exact walk
[2025-01-08 10:49:04] Exact - CX: 100, U3: 165, Depth: 197
[2025-01-08 10:49:04] Computing Pauli decomposition
[2025-01-08 10:49:05] Pauli - CX: 78, U3: 129, Depth: 144
[2025-01-08 10:49:05] Successfully processed graph 106 - Category: win_both
[2025-01-08 10:49:05] 
Processing graph 107/200
[2025-01-08 10:49:05] Graph 107 has 16 nodes and 33 edges
[2025-01-08 10:49:05] Converted to 33 bitstring edges
[2025-01-08 10:49:05] Computing Matchings Dynamic walk
[2025-01-08 10:49:05] Matchings - CX: 54, U3: 55, Depth: 83
[2025-01-08 10:49:05] Computing Exact walk
[2025-01-08 10:49:06] Exact - CX: 100, U3: 165, Depth: 197
[2025-01-08 10:49:06] Computing Pauli decomposition
[2025-01-08 10:49:07] Pauli - CX: 78, U3: 136, Depth: 148
[2025-01-08 10:49:07] Successfully processed graph 107 - Category: win_both
[2025-01-08 10:49:07] 
Processing graph 108/200
[2025-01-08 10:49:07] Graph 108 has 16 nodes and 37 edges
[2025-01-08 10:49:07] Converted to 37 bitstring edges
[2025-01-08 10:49:07] Computing Matchings Dynamic walk
[2025-01-08 10:49:08] Matchings - CX: 52, U3: 54, Depth: 82
[2025-01-08 10:49:08] Computing Exact walk
[2025-01-08 10:49:08] Exact - CX: 100, U3: 165, Depth: 197
[2025-01-08 10:49:08] Computing Pauli decomposition
[2025-01-08 10:49:09] Pauli - CX: 73, U3: 131, Depth: 137
[2025-01-08 10:49:09] Successfully processed graph 108 - Category: win_both
[2025-01-08 10:49:09] 
Processing graph 109/200
[2025-01-08 10:49:09] Graph 109 has 16 nodes and 38 edges
[2025-01-08 10:49:09] Converted to 38 bitstring edges
[2025-01-08 10:49:09] Computing Matchings Dynamic walk
[2025-01-08 10:49:10] Matchings - CX: 43, U3: 43, Depth: 69
[2025-01-08 10:49:10] Computing Exact walk
[2025-01-08 10:49:11] Exact - CX: 100, U3: 165, Depth: 197
[2025-01-08 10:49:11] Computing Pauli decomposition
[2025-01-08 10:49:11] Pauli - CX: 78, U3: 136, Depth: 146
[2025-01-08 10:49:11] Successfully processed graph 109 - Category: win_both
[2025-01-08 10:49:11] 
Processing graph 110/200
[2025-01-08 10:49:11] Graph 110 has 16 nodes and 36 edges
[2025-01-08 10:49:11] Converted to 36 bitstring edges
[2025-01-08 10:49:11] Computing Matchings Dynamic walk
[2025-01-08 10:49:12] Matchings - CX: 57, U3: 53, Depth: 84
[2025-01-08 10:49:12] Computing Exact walk
[2025-01-08 10:49:13] Exact - CX: 100, U3: 165, Depth: 197
[2025-01-08 10:49:13] Computing Pauli decomposition
[2025-01-08 10:49:14] Pauli - CX: 78, U3: 138, Depth: 146
[2025-01-08 10:49:14] Successfully processed graph 110 - Category: win_both
[2025-01-08 10:49:14] 
Processing graph 111/200
[2025-01-08 10:49:14] Graph 111 has 16 nodes and 34 edges
[2025-01-08 10:49:14] Converted to 34 bitstring edges
[2025-01-08 10:49:14] Computing Matchings Dynamic walk
[2025-01-08 10:49:15] Matchings - CX: 43, U3: 48, Depth: 68
[2025-01-08 10:49:15] Computing Exact walk
[2025-01-08 10:49:16] Exact - CX: 100, U3: 165, Depth: 197
[2025-01-08 10:49:16] Computing Pauli decomposition
[2025-01-08 10:49:17] Pauli - CX: 70, U3: 121, Depth: 131
[2025-01-08 10:49:17] Successfully processed graph 111 - Category: win_both
[2025-01-08 10:49:17] 
Processing graph 112/200
[2025-01-08 10:49:17] Graph 112 has 16 nodes and 35 edges
[2025-01-08 10:49:17] Converted to 35 bitstring edges
[2025-01-08 10:49:17] Computing Matchings Dynamic walk
[2025-01-08 10:49:18] Matchings - CX: 81, U3: 72, Depth: 119
[2025-01-08 10:49:18] Computing Exact walk
[2025-01-08 10:49:19] Exact - CX: 100, U3: 165, Depth: 197
[2025-01-08 10:49:19] Computing Pauli decomposition
[2025-01-08 10:49:19] Pauli - CX: 69, U3: 117, Depth: 127
[2025-01-08 10:49:19] Successfully processed graph 112 - Category: win_exact_lose_pauli
[2025-01-08 10:49:19] 
Processing graph 113/200
[2025-01-08 10:49:19] Graph 113 has 16 nodes and 36 edges
[2025-01-08 10:49:19] Converted to 36 bitstring edges
[2025-01-08 10:49:19] Computing Matchings Dynamic walk
[2025-01-08 10:49:20] Matchings - CX: 60, U3: 65, Depth: 90
[2025-01-08 10:49:20] Computing Exact walk
[2025-01-08 10:49:21] Exact - CX: 100, U3: 163, Depth: 196
[2025-01-08 10:49:21] Computing Pauli decomposition
[2025-01-08 10:49:21] Pauli - CX: 73, U3: 125, Depth: 135
[2025-01-08 10:49:21] Successfully processed graph 113 - Category: win_both
[2025-01-08 10:49:21] 
Processing graph 114/200
[2025-01-08 10:49:21] Graph 114 has 16 nodes and 35 edges
[2025-01-08 10:49:21] Converted to 35 bitstring edges
[2025-01-08 10:49:21] Computing Matchings Dynamic walk
[2025-01-08 10:49:22] Matchings - CX: 50, U3: 53, Depth: 79
[2025-01-08 10:49:22] Computing Exact walk
[2025-01-08 10:49:23] Exact - CX: 100, U3: 165, Depth: 197
[2025-01-08 10:49:23] Computing Pauli decomposition
[2025-01-08 10:49:23] Pauli - CX: 68, U3: 116, Depth: 125
[2025-01-08 10:49:23] Successfully processed graph 114 - Category: win_both
[2025-01-08 10:49:23] 
Processing graph 115/200
[2025-01-08 10:49:23] Graph 115 has 16 nodes and 38 edges
[2025-01-08 10:49:23] Converted to 38 bitstring edges
[2025-01-08 10:49:23] Computing Matchings Dynamic walk
[2025-01-08 10:49:24] Matchings - CX: 62, U3: 58, Depth: 95
[2025-01-08 10:49:24] Computing Exact walk
[2025-01-08 10:49:25] Exact - CX: 100, U3: 165, Depth: 197
[2025-01-08 10:49:25] Computing Pauli decomposition
[2025-01-08 10:49:25] Pauli - CX: 78, U3: 131, Depth: 145
[2025-01-08 10:49:25] Successfully processed graph 115 - Category: win_both
[2025-01-08 10:49:25] 
Processing graph 116/200
[2025-01-08 10:49:25] Graph 116 has 16 nodes and 34 edges
[2025-01-08 10:49:25] Converted to 34 bitstring edges
[2025-01-08 10:49:25] Computing Matchings Dynamic walk
[2025-01-08 10:49:26] Matchings - CX: 43, U3: 42, Depth: 67
[2025-01-08 10:49:26] Computing Exact walk
[2025-01-08 10:49:27] Exact - CX: 100, U3: 165, Depth: 197
[2025-01-08 10:49:27] Computing Pauli decomposition
[2025-01-08 10:49:27] Pauli - CX: 72, U3: 115, Depth: 132
[2025-01-08 10:49:27] Successfully processed graph 116 - Category: win_both
[2025-01-08 10:49:27] 
Processing graph 117/200
[2025-01-08 10:49:27] Graph 117 has 16 nodes and 35 edges
[2025-01-08 10:49:27] Converted to 35 bitstring edges
[2025-01-08 10:49:27] Computing Matchings Dynamic walk
[2025-01-08 10:49:28] Matchings - CX: 52, U3: 50, Depth: 81
[2025-01-08 10:49:28] Computing Exact walk
[2025-01-08 10:49:29] Exact - CX: 100, U3: 165, Depth: 197
[2025-01-08 10:49:29] Computing Pauli decomposition
[2025-01-08 10:49:29] Pauli - CX: 74, U3: 127, Depth: 139
[2025-01-08 10:49:29] Successfully processed graph 117 - Category: win_both
[2025-01-08 10:49:29] 
Processing graph 118/200
[2025-01-08 10:49:29] Graph 118 has 16 nodes and 35 edges
[2025-01-08 10:49:29] Converted to 35 bitstring edges
[2025-01-08 10:49:29] Computing Matchings Dynamic walk
[2025-01-08 10:49:30] Matchings - CX: 42, U3: 47, Depth: 66
[2025-01-08 10:49:30] Computing Exact walk
[2025-01-08 10:49:31] Exact - CX: 100, U3: 162, Depth: 196
[2025-01-08 10:49:31] Computing Pauli decomposition
[2025-01-08 10:49:31] Pauli - CX: 58, U3: 102, Depth: 108
[2025-01-08 10:49:31] Successfully processed graph 118 - Category: win_both
[2025-01-08 10:49:31] 
Processing graph 119/200
[2025-01-08 10:49:31] Graph 119 has 16 nodes and 36 edges
[2025-01-08 10:49:31] Converted to 36 bitstring edges
[2025-01-08 10:49:31] Computing Matchings Dynamic walk
[2025-01-08 10:49:32] Matchings - CX: 50, U3: 55, Depth: 79
[2025-01-08 10:49:32] Computing Exact walk
[2025-01-08 10:49:33] Exact - CX: 100, U3: 165, Depth: 197
[2025-01-08 10:49:33] Computing Pauli decomposition
[2025-01-08 10:49:33] Pauli - CX: 75, U3: 119, Depth: 138
[2025-01-08 10:49:33] Successfully processed graph 119 - Category: win_both
[2025-01-08 10:49:33] 
Processing graph 120/200
[2025-01-08 10:49:33] Graph 120 has 16 nodes and 35 edges
[2025-01-08 10:49:33] Converted to 35 bitstring edges
[2025-01-08 10:49:33] Computing Matchings Dynamic walk
[2025-01-08 10:49:34] Matchings - CX: 55, U3: 59, Depth: 86
[2025-01-08 10:49:34] Computing Exact walk
[2025-01-08 10:49:35] Exact - CX: 98, U3: 159, Depth: 191
[2025-01-08 10:49:35] Computing Pauli decomposition
[2025-01-08 10:49:35] Pauli - CX: 78, U3: 133, Depth: 144
[2025-01-08 10:49:35] Successfully processed graph 120 - Category: win_both
[2025-01-08 10:49:35] 
Processing graph 121/200
[2025-01-08 10:49:35] Graph 121 has 16 nodes and 33 edges
[2025-01-08 10:49:35] Converted to 33 bitstring edges
[2025-01-08 10:49:35] Computing Matchings Dynamic walk
[2025-01-08 10:49:36] Matchings - CX: 49, U3: 46, Depth: 75
[2025-01-08 10:49:36] Computing Exact walk
[2025-01-08 10:49:37] Exact - CX: 100, U3: 165, Depth: 197
[2025-01-08 10:49:37] Computing Pauli decomposition
[2025-01-08 10:49:38] Pauli - CX: 78, U3: 133, Depth: 145
[2025-01-08 10:49:38] Successfully processed graph 121 - Category: win_both
[2025-01-08 10:49:38] 
Processing graph 122/200
[2025-01-08 10:49:38] Graph 122 has 16 nodes and 35 edges
[2025-01-08 10:49:38] Converted to 35 bitstring edges
[2025-01-08 10:49:38] Computing Matchings Dynamic walk
[2025-01-08 10:49:38] Matchings - CX: 59, U3: 59, Depth: 90
[2025-01-08 10:49:38] Computing Exact walk
[2025-01-08 10:49:39] Exact - CX: 98, U3: 160, Depth: 191
[2025-01-08 10:49:39] Computing Pauli decomposition
[2025-01-08 10:49:40] Pauli - CX: 70, U3: 110, Depth: 127
[2025-01-08 10:49:40] Successfully processed graph 122 - Category: win_both
[2025-01-08 10:49:40] 
Processing graph 123/200
[2025-01-08 10:49:40] Graph 123 has 16 nodes and 37 edges
[2025-01-08 10:49:40] Converted to 37 bitstring edges
[2025-01-08 10:49:40] Computing Matchings Dynamic walk
[2025-01-08 10:49:40] Matchings - CX: 49, U3: 51, Depth: 76
[2025-01-08 10:49:40] Computing Exact walk
[2025-01-08 10:49:41] Exact - CX: 100, U3: 165, Depth: 197
[2025-01-08 10:49:41] Computing Pauli decomposition
[2025-01-08 10:49:42] Pauli - CX: 71, U3: 121, Depth: 130
[2025-01-08 10:49:42] Successfully processed graph 123 - Category: win_both
[2025-01-08 10:49:42] 
Processing graph 124/200
[2025-01-08 10:49:42] Graph 124 has 16 nodes and 36 edges
[2025-01-08 10:49:42] Converted to 36 bitstring edges
[2025-01-08 10:49:42] Computing Matchings Dynamic walk
[2025-01-08 10:49:42] Matchings - CX: 86, U3: 80, Depth: 131
[2025-01-08 10:49:42] Computing Exact walk
[2025-01-08 10:49:43] Exact - CX: 100, U3: 165, Depth: 197
[2025-01-08 10:49:43] Computing Pauli decomposition
[2025-01-08 10:49:44] Pauli - CX: 73, U3: 124, Depth: 134
[2025-01-08 10:49:44] Successfully processed graph 124 - Category: win_exact_lose_pauli
[2025-01-08 10:49:44] 
Processing graph 125/200
[2025-01-08 10:49:44] Graph 125 has 16 nodes and 34 edges
[2025-01-08 10:49:44] Converted to 34 bitstring edges
[2025-01-08 10:49:44] Computing Matchings Dynamic walk
[2025-01-08 10:49:45] Matchings - CX: 73, U3: 70, Depth: 111
[2025-01-08 10:49:45] Computing Exact walk
[2025-01-08 10:49:46] Exact - CX: 100, U3: 165, Depth: 197
[2025-01-08 10:49:46] Computing Pauli decomposition
[2025-01-08 10:49:46] Pauli - CX: 65, U3: 104, Depth: 117
[2025-01-08 10:49:46] Successfully processed graph 125 - Category: win_exact_lose_pauli
[2025-01-08 10:49:46] 
Processing graph 126/200
[2025-01-08 10:49:46] Graph 126 has 16 nodes and 35 edges
[2025-01-08 10:49:46] Converted to 35 bitstring edges
[2025-01-08 10:49:46] Computing Matchings Dynamic walk
[2025-01-08 10:49:47] Matchings - CX: 52, U3: 50, Depth: 78
[2025-01-08 10:49:47] Computing Exact walk
[2025-01-08 10:49:48] Exact - CX: 100, U3: 165, Depth: 197
[2025-01-08 10:49:48] Computing Pauli decomposition
[2025-01-08 10:49:49] Pauli - CX: 78, U3: 132, Depth: 144
[2025-01-08 10:49:49] Successfully processed graph 126 - Category: win_both
[2025-01-08 10:49:49] 
Processing graph 127/200
[2025-01-08 10:49:49] Graph 127 has 16 nodes and 35 edges
[2025-01-08 10:49:49] Converted to 35 bitstring edges
[2025-01-08 10:49:49] Computing Matchings Dynamic walk
[2025-01-08 10:49:50] Matchings - CX: 41, U3: 40, Depth: 63
[2025-01-08 10:49:50] Computing Exact walk
[2025-01-08 10:49:51] Exact - CX: 100, U3: 165, Depth: 197
[2025-01-08 10:49:51] Computing Pauli decomposition
[2025-01-08 10:49:52] Pauli - CX: 78, U3: 132, Depth: 144
[2025-01-08 10:49:52] Successfully processed graph 127 - Category: win_both
[2025-01-08 10:49:52] 
Processing graph 128/200
[2025-01-08 10:49:52] Graph 128 has 16 nodes and 34 edges
[2025-01-08 10:49:52] Converted to 34 bitstring edges
[2025-01-08 10:49:52] Computing Matchings Dynamic walk
[2025-01-08 10:49:53] Matchings - CX: 39, U3: 41, Depth: 60
[2025-01-08 10:49:53] Computing Exact walk
[2025-01-08 10:49:55] Exact - CX: 100, U3: 165, Depth: 197
[2025-01-08 10:49:55] Computing Pauli decomposition
[2025-01-08 10:49:55] Pauli - CX: 65, U3: 113, Depth: 122
[2025-01-08 10:49:55] Successfully processed graph 128 - Category: win_both
[2025-01-08 10:49:55] 
Processing graph 129/200
[2025-01-08 10:49:55] Graph 129 has 16 nodes and 36 edges
[2025-01-08 10:49:55] Converted to 36 bitstring edges
[2025-01-08 10:49:55] Computing Matchings Dynamic walk
[2025-01-08 10:49:56] Matchings - CX: 78, U3: 74, Depth: 117
[2025-01-08 10:49:56] Computing Exact walk
[2025-01-08 10:49:58] Exact - CX: 100, U3: 163, Depth: 196
[2025-01-08 10:49:58] Computing Pauli decomposition
[2025-01-08 10:49:58] Pauli - CX: 78, U3: 126, Depth: 143
[2025-01-08 10:49:58] Successfully processed graph 129 - Category: win_exact_draw_pauli
[2025-01-08 10:49:58] 
Processing graph 130/200
[2025-01-08 10:49:58] Graph 130 has 16 nodes and 39 edges
[2025-01-08 10:49:58] Converted to 39 bitstring edges
[2025-01-08 10:49:58] Computing Matchings Dynamic walk
[2025-01-08 10:49:59] Matchings - CX: 43, U3: 43, Depth: 67
[2025-01-08 10:49:59] Computing Exact walk
[2025-01-08 10:50:00] Exact - CX: 100, U3: 163, Depth: 196
[2025-01-08 10:50:00] Computing Pauli decomposition
[2025-01-08 10:50:01] Pauli - CX: 68, U3: 105, Depth: 122
[2025-01-08 10:50:01] Successfully processed graph 130 - Category: win_both
[2025-01-08 10:50:01] 
Processing graph 131/200
[2025-01-08 10:50:01] Graph 131 has 16 nodes and 33 edges
[2025-01-08 10:50:01] Converted to 33 bitstring edges
[2025-01-08 10:50:01] Computing Matchings Dynamic walk
[2025-01-08 10:50:02] Matchings - CX: 77, U3: 62, Depth: 112
[2025-01-08 10:50:02] Computing Exact walk
[2025-01-08 10:50:03] Exact - CX: 97, U3: 156, Depth: 188
[2025-01-08 10:50:03] Computing Pauli decomposition
[2025-01-08 10:50:04] Pauli - CX: 69, U3: 115, Depth: 129
[2025-01-08 10:50:04] Successfully processed graph 131 - Category: win_exact_lose_pauli
[2025-01-08 10:50:04] 
Processing graph 132/200
[2025-01-08 10:50:04] Graph 132 has 16 nodes and 37 edges
[2025-01-08 10:50:04] Converted to 37 bitstring edges
[2025-01-08 10:50:04] Computing Matchings Dynamic walk
[2025-01-08 10:50:05] Matchings - CX: 42, U3: 39, Depth: 63
[2025-01-08 10:50:05] Computing Exact walk
[2025-01-08 10:50:06] Exact - CX: 98, U3: 161, Depth: 192
[2025-01-08 10:50:06] Computing Pauli decomposition
[2025-01-08 10:50:07] Pauli - CX: 68, U3: 117, Depth: 126
[2025-01-08 10:50:07] Successfully processed graph 132 - Category: win_both
[2025-01-08 10:50:07] 
Processing graph 133/200
[2025-01-08 10:50:07] Graph 133 has 16 nodes and 34 edges
[2025-01-08 10:50:07] Converted to 34 bitstring edges
[2025-01-08 10:50:07] Computing Matchings Dynamic walk
[2025-01-08 10:50:08] Matchings - CX: 46, U3: 47, Depth: 70
[2025-01-08 10:50:08] Computing Exact walk
[2025-01-08 10:50:10] Exact - CX: 100, U3: 165, Depth: 197
[2025-01-08 10:50:10] Computing Pauli decomposition
[2025-01-08 10:50:11] Pauli - CX: 78, U3: 133, Depth: 145
[2025-01-08 10:50:11] Successfully processed graph 133 - Category: win_both
[2025-01-08 10:50:11] 
Processing graph 134/200
[2025-01-08 10:50:11] Graph 134 has 16 nodes and 35 edges
[2025-01-08 10:50:11] Converted to 35 bitstring edges
[2025-01-08 10:50:11] Computing Matchings Dynamic walk
[2025-01-08 10:50:12] Matchings - CX: 63, U3: 62, Depth: 96
[2025-01-08 10:50:12] Computing Exact walk
[2025-01-08 10:50:14] Exact - CX: 100, U3: 165, Depth: 197
[2025-01-08 10:50:14] Computing Pauli decomposition
[2025-01-08 10:50:15] Pauli - CX: 75, U3: 127, Depth: 139
[2025-01-08 10:50:15] Successfully processed graph 134 - Category: win_both
[2025-01-08 10:50:15] 
Processing graph 135/200
[2025-01-08 10:50:15] Graph 135 has 16 nodes and 38 edges
[2025-01-08 10:50:15] Converted to 38 bitstring edges
[2025-01-08 10:50:15] Computing Matchings Dynamic walk
[2025-01-08 10:50:16] Matchings - CX: 65, U3: 60, Depth: 97
[2025-01-08 10:50:16] Computing Exact walk
[2025-01-08 10:50:18] Exact - CX: 100, U3: 163, Depth: 196
[2025-01-08 10:50:18] Computing Pauli decomposition
[2025-01-08 10:50:19] Pauli - CX: 73, U3: 123, Depth: 133
[2025-01-08 10:50:19] Successfully processed graph 135 - Category: win_both
[2025-01-08 10:50:19] 
Processing graph 136/200
[2025-01-08 10:50:19] Graph 136 has 16 nodes and 35 edges
[2025-01-08 10:50:19] Converted to 35 bitstring edges
[2025-01-08 10:50:19] Computing Matchings Dynamic walk
[2025-01-08 10:50:20] Matchings - CX: 39, U3: 38, Depth: 61
[2025-01-08 10:50:20] Computing Exact walk
[2025-01-08 10:50:21] Exact - CX: 100, U3: 165, Depth: 197
[2025-01-08 10:50:21] Computing Pauli decomposition
[2025-01-08 10:50:22] Pauli - CX: 72, U3: 126, Depth: 135
[2025-01-08 10:50:22] Successfully processed graph 136 - Category: win_both
[2025-01-08 10:50:22] 
Processing graph 137/200
[2025-01-08 10:50:22] Graph 137 has 16 nodes and 33 edges
[2025-01-08 10:50:22] Converted to 33 bitstring edges
[2025-01-08 10:50:22] Computing Matchings Dynamic walk
[2025-01-08 10:50:23] Matchings - CX: 60, U3: 56, Depth: 91
[2025-01-08 10:50:23] Computing Exact walk
[2025-01-08 10:50:23] Exact - CX: 98, U3: 159, Depth: 191
[2025-01-08 10:50:23] Computing Pauli decomposition
[2025-01-08 10:50:24] Pauli - CX: 75, U3: 128, Depth: 139
[2025-01-08 10:50:24] Successfully processed graph 137 - Category: win_both
[2025-01-08 10:50:24] 
Processing graph 138/200
[2025-01-08 10:50:24] Graph 138 has 16 nodes and 35 edges
[2025-01-08 10:50:24] Converted to 35 bitstring edges
[2025-01-08 10:50:24] Computing Matchings Dynamic walk
[2025-01-08 10:50:25] Matchings - CX: 66, U3: 55, Depth: 94
[2025-01-08 10:50:25] Computing Exact walk
[2025-01-08 10:50:26] Exact - CX: 100, U3: 165, Depth: 197
[2025-01-08 10:50:26] Computing Pauli decomposition
[2025-01-08 10:50:26] Pauli - CX: 70, U3: 116, Depth: 127
[2025-01-08 10:50:26] Successfully processed graph 138 - Category: win_both
[2025-01-08 10:50:26] 
Processing graph 139/200
[2025-01-08 10:50:26] Graph 139 has 16 nodes and 39 edges
[2025-01-08 10:50:26] Converted to 39 bitstring edges
[2025-01-08 10:50:26] Computing Matchings Dynamic walk
[2025-01-08 10:50:27] Matchings - CX: 45, U3: 47, Depth: 70
[2025-01-08 10:50:27] Computing Exact walk
[2025-01-08 10:50:28] Exact - CX: 100, U3: 162, Depth: 195
[2025-01-08 10:50:28] Computing Pauli decomposition
[2025-01-08 10:50:28] Pauli - CX: 62, U3: 109, Depth: 116
[2025-01-08 10:50:28] Successfully processed graph 139 - Category: win_both
[2025-01-08 10:50:28] 
Processing graph 140/200
[2025-01-08 10:50:28] Graph 140 has 16 nodes and 33 edges
[2025-01-08 10:50:28] Converted to 33 bitstring edges
[2025-01-08 10:50:28] Computing Matchings Dynamic walk
[2025-01-08 10:50:29] Matchings - CX: 52, U3: 52, Depth: 80
[2025-01-08 10:50:29] Computing Exact walk
[2025-01-08 10:50:30] Exact - CX: 100, U3: 165, Depth: 197
[2025-01-08 10:50:30] Computing Pauli decomposition
[2025-01-08 10:50:30] Pauli - CX: 70, U3: 117, Depth: 127
[2025-01-08 10:50:30] Successfully processed graph 140 - Category: win_both
[2025-01-08 10:50:30] 
Processing graph 141/200
[2025-01-08 10:50:30] Graph 141 has 16 nodes and 35 edges
[2025-01-08 10:50:30] Converted to 35 bitstring edges
[2025-01-08 10:50:30] Computing Matchings Dynamic walk
[2025-01-08 10:50:31] Matchings - CX: 55, U3: 57, Depth: 84
[2025-01-08 10:50:31] Computing Exact walk
[2025-01-08 10:50:32] Exact - CX: 100, U3: 165, Depth: 197
[2025-01-08 10:50:32] Computing Pauli decomposition
[2025-01-08 10:50:33] Pauli - CX: 72, U3: 121, Depth: 133
[2025-01-08 10:50:33] Successfully processed graph 141 - Category: win_both
[2025-01-08 10:50:33] 
Processing graph 142/200
[2025-01-08 10:50:33] Graph 142 has 16 nodes and 35 edges
[2025-01-08 10:50:33] Converted to 35 bitstring edges
[2025-01-08 10:50:33] Computing Matchings Dynamic walk
[2025-01-08 10:50:33] Matchings - CX: 44, U3: 48, Depth: 71
[2025-01-08 10:50:33] Computing Exact walk
[2025-01-08 10:50:34] Exact - CX: 100, U3: 165, Depth: 197
[2025-01-08 10:50:34] Computing Pauli decomposition
[2025-01-08 10:50:35] Pauli - CX: 63, U3: 108, Depth: 118
[2025-01-08 10:50:35] Successfully processed graph 142 - Category: win_both
[2025-01-08 10:50:35] 
Processing graph 143/200
[2025-01-08 10:50:35] Graph 143 has 16 nodes and 33 edges
[2025-01-08 10:50:35] Converted to 33 bitstring edges
[2025-01-08 10:50:35] Computing Matchings Dynamic walk
[2025-01-08 10:50:36] Matchings - CX: 50, U3: 49, Depth: 78
[2025-01-08 10:50:36] Computing Exact walk
[2025-01-08 10:50:37] Exact - CX: 98, U3: 161, Depth: 192
[2025-01-08 10:50:37] Computing Pauli decomposition
[2025-01-08 10:50:37] Pauli - CX: 68, U3: 119, Depth: 129
[2025-01-08 10:50:37] Successfully processed graph 143 - Category: win_both
[2025-01-08 10:50:37] 
Processing graph 144/200
[2025-01-08 10:50:37] Graph 144 has 16 nodes and 36 edges
[2025-01-08 10:50:37] Converted to 36 bitstring edges
[2025-01-08 10:50:37] Computing Matchings Dynamic walk
[2025-01-08 10:50:38] Matchings - CX: 48, U3: 51, Depth: 76
[2025-01-08 10:50:38] Computing Exact walk
[2025-01-08 10:50:39] Exact - CX: 100, U3: 161, Depth: 195
[2025-01-08 10:50:39] Computing Pauli decomposition
[2025-01-08 10:50:39] Pauli - CX: 70, U3: 124, Depth: 131
[2025-01-08 10:50:39] Successfully processed graph 144 - Category: win_both
[2025-01-08 10:50:39] 
Processing graph 145/200
[2025-01-08 10:50:39] Graph 145 has 16 nodes and 34 edges
[2025-01-08 10:50:39] Converted to 34 bitstring edges
[2025-01-08 10:50:39] Computing Matchings Dynamic walk
[2025-01-08 10:50:40] Matchings - CX: 38, U3: 42, Depth: 61
[2025-01-08 10:50:40] Computing Exact walk
[2025-01-08 10:50:41] Exact - CX: 100, U3: 165, Depth: 197
[2025-01-08 10:50:41] Computing Pauli decomposition
[2025-01-08 10:50:41] Pauli - CX: 69, U3: 119, Depth: 128
[2025-01-08 10:50:41] Successfully processed graph 145 - Category: win_both
[2025-01-08 10:50:41] 
Processing graph 146/200
[2025-01-08 10:50:41] Graph 146 has 16 nodes and 35 edges
[2025-01-08 10:50:41] Converted to 35 bitstring edges
[2025-01-08 10:50:41] Computing Matchings Dynamic walk
[2025-01-08 10:50:42] Matchings - CX: 43, U3: 42, Depth: 68
[2025-01-08 10:50:42] Computing Exact walk
[2025-01-08 10:50:43] Exact - CX: 100, U3: 165, Depth: 197
[2025-01-08 10:50:43] Computing Pauli decomposition
[2025-01-08 10:50:43] Pauli - CX: 73, U3: 128, Depth: 138
[2025-01-08 10:50:43] Successfully processed graph 146 - Category: win_both
[2025-01-08 10:50:43] 
Processing graph 147/200
[2025-01-08 10:50:43] Graph 147 has 16 nodes and 33 edges
[2025-01-08 10:50:43] Converted to 33 bitstring edges
[2025-01-08 10:50:43] Computing Matchings Dynamic walk
[2025-01-08 10:50:44] Matchings - CX: 48, U3: 51, Depth: 75
[2025-01-08 10:50:44] Computing Exact walk
[2025-01-08 10:50:45] Exact - CX: 98, U3: 159, Depth: 192
[2025-01-08 10:50:45] Computing Pauli decomposition
[2025-01-08 10:50:45] Pauli - CX: 74, U3: 125, Depth: 137
[2025-01-08 10:50:45] Successfully processed graph 147 - Category: win_both
[2025-01-08 10:50:45] 
Processing graph 148/200
[2025-01-08 10:50:45] Graph 148 has 16 nodes and 35 edges
[2025-01-08 10:50:45] Converted to 35 bitstring edges
[2025-01-08 10:50:45] Computing Matchings Dynamic walk
[2025-01-08 10:50:46] Matchings - CX: 69, U3: 64, Depth: 102
[2025-01-08 10:50:46] Computing Exact walk
[2025-01-08 10:50:47] Exact - CX: 100, U3: 165, Depth: 197
[2025-01-08 10:50:47] Computing Pauli decomposition
[2025-01-08 10:50:47] Pauli - CX: 67, U3: 115, Depth: 126
[2025-01-08 10:50:47] Successfully processed graph 148 - Category: win_exact_lose_pauli
[2025-01-08 10:50:47] 
Processing graph 149/200
[2025-01-08 10:50:47] Graph 149 has 16 nodes and 33 edges
[2025-01-08 10:50:47] Converted to 33 bitstring edges
[2025-01-08 10:50:47] Computing Matchings Dynamic walk
[2025-01-08 10:50:48] Matchings - CX: 49, U3: 55, Depth: 79
[2025-01-08 10:50:48] Computing Exact walk
[2025-01-08 10:50:48] Exact - CX: 100, U3: 165, Depth: 197
[2025-01-08 10:50:48] Computing Pauli decomposition
[2025-01-08 10:50:49] Pauli - CX: 68, U3: 126, Depth: 130
[2025-01-08 10:50:49] Successfully processed graph 149 - Category: win_both
[2025-01-08 10:50:49] 
Processing graph 150/200
[2025-01-08 10:50:49] Graph 150 has 16 nodes and 34 edges
[2025-01-08 10:50:49] Converted to 34 bitstring edges
[2025-01-08 10:50:49] Computing Matchings Dynamic walk
[2025-01-08 10:50:49] Matchings - CX: 40, U3: 41, Depth: 62
[2025-01-08 10:50:49] Computing Exact walk
[2025-01-08 10:50:50] Exact - CX: 100, U3: 162, Depth: 195
[2025-01-08 10:50:50] Computing Pauli decomposition
[2025-01-08 10:50:51] Pauli - CX: 68, U3: 124, Depth: 128
[2025-01-08 10:50:51] Successfully processed graph 150 - Category: win_both
[2025-01-08 10:50:51] 
Processing graph 151/200
[2025-01-08 10:50:51] Graph 151 has 16 nodes and 38 edges
[2025-01-08 10:50:51] Converted to 38 bitstring edges
[2025-01-08 10:50:51] Computing Matchings Dynamic walk
[2025-01-08 10:50:52] Matchings - CX: 44, U3: 40, Depth: 67
[2025-01-08 10:50:52] Computing Exact walk
[2025-01-08 10:50:53] Exact - CX: 100, U3: 165, Depth: 197
[2025-01-08 10:50:53] Computing Pauli decomposition
[2025-01-08 10:50:54] Pauli - CX: 62, U3: 101, Depth: 113
[2025-01-08 10:50:54] Successfully processed graph 151 - Category: win_both
[2025-01-08 10:50:54] 
Processing graph 152/200
[2025-01-08 10:50:54] Graph 152 has 16 nodes and 33 edges
[2025-01-08 10:50:54] Converted to 33 bitstring edges
[2025-01-08 10:50:54] Computing Matchings Dynamic walk
[2025-01-08 10:50:54] Matchings - CX: 48, U3: 51, Depth: 75
[2025-01-08 10:50:54] Computing Exact walk
[2025-01-08 10:50:56] Exact - CX: 100, U3: 165, Depth: 197
[2025-01-08 10:50:56] Computing Pauli decomposition
[2025-01-08 10:50:57] Pauli - CX: 75, U3: 116, Depth: 135
[2025-01-08 10:50:57] Successfully processed graph 152 - Category: win_both
[2025-01-08 10:50:57] 
Processing graph 153/200
[2025-01-08 10:50:57] Graph 153 has 16 nodes and 34 edges
[2025-01-08 10:50:57] Converted to 34 bitstring edges
[2025-01-08 10:50:57] Computing Matchings Dynamic walk
[2025-01-08 10:50:58] Matchings - CX: 54, U3: 51, Depth: 81
[2025-01-08 10:50:58] Computing Exact walk
[2025-01-08 10:50:59] Exact - CX: 100, U3: 165, Depth: 197
[2025-01-08 10:50:59] Computing Pauli decomposition
[2025-01-08 10:51:00] Pauli - CX: 64, U3: 116, Depth: 121
[2025-01-08 10:51:00] Successfully processed graph 153 - Category: win_both
[2025-01-08 10:51:00] 
Processing graph 154/200
[2025-01-08 10:51:00] Graph 154 has 16 nodes and 36 edges
[2025-01-08 10:51:00] Converted to 36 bitstring edges
[2025-01-08 10:51:00] Computing Matchings Dynamic walk
[2025-01-08 10:51:01] Matchings - CX: 70, U3: 60, Depth: 103
[2025-01-08 10:51:01] Computing Exact walk
[2025-01-08 10:51:02] Exact - CX: 100, U3: 163, Depth: 196
[2025-01-08 10:51:02] Computing Pauli decomposition
[2025-01-08 10:51:03] Pauli - CX: 68, U3: 115, Depth: 126
[2025-01-08 10:51:03] Successfully processed graph 154 - Category: win_exact_lose_pauli
[2025-01-08 10:51:03] 
Processing graph 155/200
[2025-01-08 10:51:03] Graph 155 has 16 nodes and 34 edges
[2025-01-08 10:51:03] Converted to 34 bitstring edges
[2025-01-08 10:51:03] Computing Matchings Dynamic walk
[2025-01-08 10:51:04] Matchings - CX: 45, U3: 40, Depth: 68
[2025-01-08 10:51:04] Computing Exact walk
[2025-01-08 10:51:06] Exact - CX: 100, U3: 165, Depth: 197
[2025-01-08 10:51:06] Computing Pauli decomposition
[2025-01-08 10:51:07] Pauli - CX: 67, U3: 117, Depth: 124
[2025-01-08 10:51:07] Successfully processed graph 155 - Category: win_both
[2025-01-08 10:51:07] 
Processing graph 156/200
[2025-01-08 10:51:07] Graph 156 has 16 nodes and 35 edges
[2025-01-08 10:51:07] Converted to 35 bitstring edges
[2025-01-08 10:51:07] Computing Matchings Dynamic walk
[2025-01-08 10:51:08] Matchings - CX: 78, U3: 68, Depth: 114
[2025-01-08 10:51:08] Computing Exact walk
[2025-01-08 10:51:10] Exact - CX: 98, U3: 161, Depth: 192
[2025-01-08 10:51:10] Computing Pauli decomposition
[2025-01-08 10:51:11] Pauli - CX: 66, U3: 110, Depth: 121
[2025-01-08 10:51:11] Successfully processed graph 156 - Category: win_exact_lose_pauli
[2025-01-08 10:51:11] 
Processing graph 157/200
[2025-01-08 10:51:11] Graph 157 has 16 nodes and 38 edges
[2025-01-08 10:51:11] Converted to 38 bitstring edges
[2025-01-08 10:51:11] Computing Matchings Dynamic walk
[2025-01-08 10:51:12] Matchings - CX: 59, U3: 56, Depth: 90
[2025-01-08 10:51:12] Computing Exact walk
[2025-01-08 10:51:14] Exact - CX: 99, U3: 158, Depth: 192
[2025-01-08 10:51:14] Computing Pauli decomposition
[2025-01-08 10:51:15] Pauli - CX: 78, U3: 132, Depth: 145
[2025-01-08 10:51:15] Successfully processed graph 157 - Category: win_both
[2025-01-08 10:51:15] 
Processing graph 158/200
[2025-01-08 10:51:15] Graph 158 has 16 nodes and 36 edges
[2025-01-08 10:51:15] Converted to 36 bitstring edges
[2025-01-08 10:51:15] Computing Matchings Dynamic walk
[2025-01-08 10:51:17] Matchings - CX: 75, U3: 72, Depth: 113
[2025-01-08 10:51:17] Computing Exact walk
[2025-01-08 10:51:19] Exact - CX: 100, U3: 165, Depth: 197
[2025-01-08 10:51:19] Computing Pauli decomposition
[2025-01-08 10:51:20] Pauli - CX: 78, U3: 127, Depth: 143
[2025-01-08 10:51:20] Successfully processed graph 158 - Category: win_both
[2025-01-08 10:51:20] 
Processing graph 159/200
[2025-01-08 10:51:20] Graph 159 has 16 nodes and 35 edges
[2025-01-08 10:51:20] Converted to 35 bitstring edges
[2025-01-08 10:51:20] Computing Matchings Dynamic walk
[2025-01-08 10:51:21] Matchings - CX: 62, U3: 56, Depth: 93
[2025-01-08 10:51:21] Computing Exact walk
[2025-01-08 10:51:23] Exact - CX: 100, U3: 165, Depth: 197
[2025-01-08 10:51:23] Computing Pauli decomposition
[2025-01-08 10:51:24] Pauli - CX: 70, U3: 118, Depth: 128
[2025-01-08 10:51:24] Successfully processed graph 159 - Category: win_both
[2025-01-08 10:51:24] 
Processing graph 160/200
[2025-01-08 10:51:24] Graph 160 has 16 nodes and 33 edges
[2025-01-08 10:51:24] Converted to 33 bitstring edges
[2025-01-08 10:51:24] Computing Matchings Dynamic walk
[2025-01-08 10:51:25] Matchings - CX: 71, U3: 69, Depth: 106
[2025-01-08 10:51:25] Computing Exact walk
[2025-01-08 10:51:27] Exact - CX: 100, U3: 165, Depth: 197
[2025-01-08 10:51:27] Computing Pauli decomposition
[2025-01-08 10:51:27] Pauli - CX: 73, U3: 127, Depth: 136
[2025-01-08 10:51:27] Successfully processed graph 160 - Category: win_both
[2025-01-08 10:51:27] 
Processing graph 161/200
[2025-01-08 10:51:27] Graph 161 has 16 nodes and 37 edges
[2025-01-08 10:51:27] Converted to 37 bitstring edges
[2025-01-08 10:51:27] Computing Matchings Dynamic walk
[2025-01-08 10:51:28] Matchings - CX: 43, U3: 43, Depth: 67
[2025-01-08 10:51:28] Computing Exact walk
[2025-01-08 10:51:29] Exact - CX: 98, U3: 161, Depth: 192
[2025-01-08 10:51:29] Computing Pauli decomposition
[2025-01-08 10:51:30] Pauli - CX: 62, U3: 110, Depth: 117
[2025-01-08 10:51:30] Successfully processed graph 161 - Category: win_both
[2025-01-08 10:51:30] 
Processing graph 162/200
[2025-01-08 10:51:30] Graph 162 has 16 nodes and 36 edges
[2025-01-08 10:51:30] Converted to 36 bitstring edges
[2025-01-08 10:51:30] Computing Matchings Dynamic walk
[2025-01-08 10:51:31] Matchings - CX: 52, U3: 50, Depth: 80
[2025-01-08 10:51:31] Computing Exact walk
[2025-01-08 10:51:32] Exact - CX: 100, U3: 165, Depth: 197
[2025-01-08 10:51:32] Computing Pauli decomposition
[2025-01-08 10:51:32] Pauli - CX: 72, U3: 124, Depth: 134
[2025-01-08 10:51:32] Successfully processed graph 162 - Category: win_both
[2025-01-08 10:51:32] 
Processing graph 163/200
[2025-01-08 10:51:32] Graph 163 has 16 nodes and 31 edges
[2025-01-08 10:51:32] Converted to 31 bitstring edges
[2025-01-08 10:51:32] Computing Matchings Dynamic walk
[2025-01-08 10:51:33] Matchings - CX: 41, U3: 35, Depth: 63
[2025-01-08 10:51:33] Computing Exact walk
[2025-01-08 10:51:34] Exact - CX: 100, U3: 165, Depth: 197
[2025-01-08 10:51:34] Computing Pauli decomposition
[2025-01-08 10:51:35] Pauli - CX: 70, U3: 115, Depth: 130
[2025-01-08 10:51:35] Successfully processed graph 163 - Category: win_both
[2025-01-08 10:51:35] 
Processing graph 164/200
[2025-01-08 10:51:35] Graph 164 has 16 nodes and 33 edges
[2025-01-08 10:51:35] Converted to 33 bitstring edges
[2025-01-08 10:51:35] Computing Matchings Dynamic walk
[2025-01-08 10:51:35] Matchings - CX: 46, U3: 50, Depth: 74
[2025-01-08 10:51:35] Computing Exact walk
[2025-01-08 10:51:36] Exact - CX: 100, U3: 165, Depth: 197
[2025-01-08 10:51:36] Computing Pauli decomposition
[2025-01-08 10:51:37] Pauli - CX: 66, U3: 112, Depth: 121
[2025-01-08 10:51:37] Successfully processed graph 164 - Category: win_both
[2025-01-08 10:51:37] 
Processing graph 165/200
[2025-01-08 10:51:37] Graph 165 has 16 nodes and 37 edges
[2025-01-08 10:51:37] Converted to 37 bitstring edges
[2025-01-08 10:51:37] Computing Matchings Dynamic walk
[2025-01-08 10:51:38] Matchings - CX: 51, U3: 54, Depth: 80
[2025-01-08 10:51:38] Computing Exact walk
[2025-01-08 10:51:39] Exact - CX: 100, U3: 165, Depth: 197
[2025-01-08 10:51:39] Computing Pauli decomposition
[2025-01-08 10:51:40] Pauli - CX: 78, U3: 134, Depth: 145
[2025-01-08 10:51:40] Successfully processed graph 165 - Category: win_both
[2025-01-08 10:51:40] 
Processing graph 166/200
[2025-01-08 10:51:40] Graph 166 has 16 nodes and 37 edges
[2025-01-08 10:51:40] Converted to 37 bitstring edges
[2025-01-08 10:51:40] Computing Matchings Dynamic walk
[2025-01-08 10:51:40] Matchings - CX: 48, U3: 47, Depth: 75
[2025-01-08 10:51:40] Computing Exact walk
[2025-01-08 10:51:41] Exact - CX: 100, U3: 165, Depth: 197
[2025-01-08 10:51:41] Computing Pauli decomposition
[2025-01-08 10:51:42] Pauli - CX: 71, U3: 125, Depth: 132
[2025-01-08 10:51:42] Successfully processed graph 166 - Category: win_both
[2025-01-08 10:51:42] 
Processing graph 167/200
[2025-01-08 10:51:42] Graph 167 has 16 nodes and 35 edges
[2025-01-08 10:51:42] Converted to 35 bitstring edges
[2025-01-08 10:51:42] Computing Matchings Dynamic walk
[2025-01-08 10:51:42] Matchings - CX: 54, U3: 53, Depth: 81
[2025-01-08 10:51:42] Computing Exact walk
[2025-01-08 10:51:44] Exact - CX: 100, U3: 162, Depth: 195
[2025-01-08 10:51:44] Computing Pauli decomposition
[2025-01-08 10:51:44] Pauli - CX: 66, U3: 112, Depth: 122
[2025-01-08 10:51:44] Successfully processed graph 167 - Category: win_both
[2025-01-08 10:51:44] 
Processing graph 168/200
[2025-01-08 10:51:44] Graph 168 has 16 nodes and 37 edges
[2025-01-08 10:51:44] Converted to 37 bitstring edges
[2025-01-08 10:51:44] Computing Matchings Dynamic walk
[2025-01-08 10:51:45] Matchings - CX: 43, U3: 44, Depth: 67
[2025-01-08 10:51:45] Computing Exact walk
[2025-01-08 10:51:46] Exact - CX: 98, U3: 158, Depth: 191
[2025-01-08 10:51:46] Computing Pauli decomposition
[2025-01-08 10:51:47] Pauli - CX: 70, U3: 114, Depth: 129
[2025-01-08 10:51:47] Successfully processed graph 168 - Category: win_both
[2025-01-08 10:51:47] 
Processing graph 169/200
[2025-01-08 10:51:47] Graph 169 has 16 nodes and 36 edges
[2025-01-08 10:51:47] Converted to 36 bitstring edges
[2025-01-08 10:51:47] Computing Matchings Dynamic walk
[2025-01-08 10:51:47] Matchings - CX: 54, U3: 48, Depth: 82
[2025-01-08 10:51:47] Computing Exact walk
[2025-01-08 10:51:48] Exact - CX: 99, U3: 161, Depth: 194
[2025-01-08 10:51:48] Computing Pauli decomposition
[2025-01-08 10:51:49] Pauli - CX: 73, U3: 117, Depth: 133
[2025-01-08 10:51:49] Successfully processed graph 169 - Category: win_both
[2025-01-08 10:51:49] 
Processing graph 170/200
[2025-01-08 10:51:49] Graph 170 has 16 nodes and 38 edges
[2025-01-08 10:51:49] Converted to 38 bitstring edges
[2025-01-08 10:51:49] Computing Matchings Dynamic walk
[2025-01-08 10:51:50] Matchings - CX: 55, U3: 53, Depth: 86
[2025-01-08 10:51:50] Computing Exact walk
[2025-01-08 10:51:51] Exact - CX: 100, U3: 165, Depth: 197
[2025-01-08 10:51:51] Computing Pauli decomposition
[2025-01-08 10:51:51] Pauli - CX: 55, U3: 104, Depth: 106
[2025-01-08 10:51:51] Successfully processed graph 170 - Category: win_exact_draw_pauli
[2025-01-08 10:51:51] 
Processing graph 171/200
[2025-01-08 10:51:51] Graph 171 has 16 nodes and 34 edges
[2025-01-08 10:51:51] Converted to 34 bitstring edges
[2025-01-08 10:51:51] Computing Matchings Dynamic walk
[2025-01-08 10:51:52] Matchings - CX: 53, U3: 53, Depth: 84
[2025-01-08 10:51:52] Computing Exact walk
[2025-01-08 10:51:53] Exact - CX: 100, U3: 165, Depth: 197
[2025-01-08 10:51:53] Computing Pauli decomposition
[2025-01-08 10:51:54] Pauli - CX: 73, U3: 130, Depth: 137
[2025-01-08 10:51:54] Successfully processed graph 171 - Category: win_both
[2025-01-08 10:51:54] 
Processing graph 172/200
[2025-01-08 10:51:54] Graph 172 has 16 nodes and 34 edges
[2025-01-08 10:51:54] Converted to 34 bitstring edges
[2025-01-08 10:51:54] Computing Matchings Dynamic walk
[2025-01-08 10:51:55] Matchings - CX: 88, U3: 71, Depth: 125
[2025-01-08 10:51:55] Computing Exact walk
[2025-01-08 10:51:56] Exact - CX: 100, U3: 165, Depth: 197
[2025-01-08 10:51:56] Computing Pauli decomposition
[2025-01-08 10:51:56] Pauli - CX: 65, U3: 106, Depth: 119
[2025-01-08 10:51:56] Successfully processed graph 172 - Category: win_exact_lose_pauli
[2025-01-08 10:51:56] 
Processing graph 173/200
[2025-01-08 10:51:56] Graph 173 has 16 nodes and 33 edges
[2025-01-08 10:51:56] Converted to 33 bitstring edges
[2025-01-08 10:51:56] Computing Matchings Dynamic walk
[2025-01-08 10:51:57] Matchings - CX: 40, U3: 39, Depth: 61
[2025-01-08 10:51:57] Computing Exact walk
[2025-01-08 10:51:58] Exact - CX: 100, U3: 165, Depth: 197
[2025-01-08 10:51:58] Computing Pauli decomposition
[2025-01-08 10:51:58] Pauli - CX: 73, U3: 123, Depth: 135
[2025-01-08 10:51:58] Successfully processed graph 173 - Category: win_both
[2025-01-08 10:51:58] 
Processing graph 174/200
[2025-01-08 10:51:58] Graph 174 has 16 nodes and 35 edges
[2025-01-08 10:51:58] Converted to 35 bitstring edges
[2025-01-08 10:51:58] Computing Matchings Dynamic walk
[2025-01-08 10:51:59] Matchings - CX: 67, U3: 52, Depth: 96
[2025-01-08 10:51:59] Computing Exact walk
[2025-01-08 10:52:00] Exact - CX: 99, U3: 158, Depth: 192
[2025-01-08 10:52:00] Computing Pauli decomposition
[2025-01-08 10:52:01] Pauli - CX: 63, U3: 114, Depth: 119
[2025-01-08 10:52:01] Successfully processed graph 174 - Category: win_exact_lose_pauli
[2025-01-08 10:52:01] 
Processing graph 175/200
[2025-01-08 10:52:01] Graph 175 has 16 nodes and 36 edges
[2025-01-08 10:52:01] Converted to 36 bitstring edges
[2025-01-08 10:52:01] Computing Matchings Dynamic walk
[2025-01-08 10:52:02] Matchings - CX: 44, U3: 47, Depth: 69
[2025-01-08 10:52:02] Computing Exact walk
[2025-01-08 10:52:02] Exact - CX: 100, U3: 161, Depth: 195
[2025-01-08 10:52:02] Computing Pauli decomposition
[2025-01-08 10:52:03] Pauli - CX: 78, U3: 138, Depth: 146
[2025-01-08 10:52:03] Successfully processed graph 175 - Category: win_both
[2025-01-08 10:52:03] 
Processing graph 176/200
[2025-01-08 10:52:03] Graph 176 has 16 nodes and 35 edges
[2025-01-08 10:52:03] Converted to 35 bitstring edges
[2025-01-08 10:52:03] Computing Matchings Dynamic walk
[2025-01-08 10:52:04] Matchings - CX: 76, U3: 69, Depth: 114
[2025-01-08 10:52:04] Computing Exact walk
[2025-01-08 10:52:05] Exact - CX: 97, U3: 154, Depth: 187
[2025-01-08 10:52:05] Computing Pauli decomposition
[2025-01-08 10:52:06] Pauli - CX: 61, U3: 108, Depth: 115
[2025-01-08 10:52:06] Successfully processed graph 176 - Category: win_exact_lose_pauli
[2025-01-08 10:52:06] 
Processing graph 177/200
[2025-01-08 10:52:06] Graph 177 has 16 nodes and 36 edges
[2025-01-08 10:52:06] Converted to 36 bitstring edges
[2025-01-08 10:52:06] Computing Matchings Dynamic walk
[2025-01-08 10:52:07] Matchings - CX: 45, U3: 49, Depth: 71
[2025-01-08 10:52:07] Computing Exact walk
[2025-01-08 10:52:08] Exact - CX: 100, U3: 161, Depth: 195
[2025-01-08 10:52:08] Computing Pauli decomposition
[2025-01-08 10:52:09] Pauli - CX: 68, U3: 123, Depth: 128
[2025-01-08 10:52:09] Successfully processed graph 177 - Category: win_both
[2025-01-08 10:52:09] 
Processing graph 178/200
[2025-01-08 10:52:09] Graph 178 has 16 nodes and 34 edges
[2025-01-08 10:52:09] Converted to 34 bitstring edges
[2025-01-08 10:52:09] Computing Matchings Dynamic walk
[2025-01-08 10:52:09] Matchings - CX: 63, U3: 60, Depth: 94
[2025-01-08 10:52:09] Computing Exact walk
[2025-01-08 10:52:10] Exact - CX: 100, U3: 165, Depth: 197
[2025-01-08 10:52:10] Computing Pauli decomposition
[2025-01-08 10:52:11] Pauli - CX: 73, U3: 128, Depth: 137
[2025-01-08 10:52:11] Successfully processed graph 178 - Category: win_both
[2025-01-08 10:52:11] 
Processing graph 179/200
[2025-01-08 10:52:11] Graph 179 has 16 nodes and 34 edges
[2025-01-08 10:52:11] Converted to 34 bitstring edges
[2025-01-08 10:52:11] Computing Matchings Dynamic walk
[2025-01-08 10:52:12] Matchings - CX: 75, U3: 71, Depth: 112
[2025-01-08 10:52:12] Computing Exact walk
[2025-01-08 10:52:13] Exact - CX: 100, U3: 165, Depth: 197
[2025-01-08 10:52:13] Computing Pauli decomposition
[2025-01-08 10:52:14] Pauli - CX: 73, U3: 124, Depth: 134
[2025-01-08 10:52:14] Successfully processed graph 179 - Category: win_exact_lose_pauli
[2025-01-08 10:52:14] 
Processing graph 180/200
[2025-01-08 10:52:14] Graph 180 has 16 nodes and 36 edges
[2025-01-08 10:52:14] Converted to 36 bitstring edges
[2025-01-08 10:52:14] Computing Matchings Dynamic walk
[2025-01-08 10:52:14] Matchings - CX: 47, U3: 51, Depth: 74
[2025-01-08 10:52:14] Computing Exact walk
[2025-01-08 10:52:15] Exact - CX: 100, U3: 164, Depth: 197
[2025-01-08 10:52:15] Computing Pauli decomposition
[2025-01-08 10:52:16] Pauli - CX: 78, U3: 128, Depth: 143
[2025-01-08 10:52:16] Successfully processed graph 180 - Category: win_both
[2025-01-08 10:52:16] 
Processing graph 181/200
[2025-01-08 10:52:16] Graph 181 has 16 nodes and 32 edges
[2025-01-08 10:52:16] Converted to 32 bitstring edges
[2025-01-08 10:52:16] Computing Matchings Dynamic walk
[2025-01-08 10:52:17] Matchings - CX: 45, U3: 49, Depth: 72
[2025-01-08 10:52:17] Computing Exact walk
[2025-01-08 10:52:18] Exact - CX: 100, U3: 165, Depth: 197
[2025-01-08 10:52:18] Computing Pauli decomposition
[2025-01-08 10:52:19] Pauli - CX: 78, U3: 128, Depth: 143
[2025-01-08 10:52:19] Successfully processed graph 181 - Category: win_both
[2025-01-08 10:52:19] 
Processing graph 182/200
[2025-01-08 10:52:19] Graph 182 has 16 nodes and 34 edges
[2025-01-08 10:52:19] Converted to 34 bitstring edges
[2025-01-08 10:52:19] Computing Matchings Dynamic walk
[2025-01-08 10:52:19] Matchings - CX: 55, U3: 61, Depth: 88
[2025-01-08 10:52:19] Computing Exact walk
[2025-01-08 10:52:20] Exact - CX: 100, U3: 165, Depth: 197
[2025-01-08 10:52:20] Computing Pauli decomposition
[2025-01-08 10:52:21] Pauli - CX: 64, U3: 111, Depth: 120
[2025-01-08 10:52:21] Successfully processed graph 182 - Category: win_both
[2025-01-08 10:52:21] 
Processing graph 183/200
[2025-01-08 10:52:21] Graph 183 has 16 nodes and 32 edges
[2025-01-08 10:52:21] Converted to 32 bitstring edges
[2025-01-08 10:52:21] Computing Matchings Dynamic walk
[2025-01-08 10:52:22] Matchings - CX: 73, U3: 68, Depth: 110
[2025-01-08 10:52:22] Computing Exact walk
[2025-01-08 10:52:23] Exact - CX: 100, U3: 165, Depth: 197
[2025-01-08 10:52:23] Computing Pauli decomposition
[2025-01-08 10:52:23] Pauli - CX: 78, U3: 124, Depth: 142
[2025-01-08 10:52:23] Successfully processed graph 183 - Category: win_both
[2025-01-08 10:52:23] 
Processing graph 184/200
[2025-01-08 10:52:23] Graph 184 has 16 nodes and 37 edges
[2025-01-08 10:52:23] Converted to 37 bitstring edges
[2025-01-08 10:52:23] Computing Matchings Dynamic walk
[2025-01-08 10:52:24] Matchings - CX: 48, U3: 47, Depth: 76
[2025-01-08 10:52:24] Computing Exact walk
[2025-01-08 10:52:25] Exact - CX: 100, U3: 159, Depth: 194
[2025-01-08 10:52:25] Computing Pauli decomposition
[2025-01-08 10:52:26] Pauli - CX: 78, U3: 132, Depth: 146
[2025-01-08 10:52:26] Successfully processed graph 184 - Category: win_both
[2025-01-08 10:52:26] 
Processing graph 185/200
[2025-01-08 10:52:26] Graph 185 has 16 nodes and 35 edges
[2025-01-08 10:52:26] Converted to 35 bitstring edges
[2025-01-08 10:52:26] Computing Matchings Dynamic walk
[2025-01-08 10:52:26] Matchings - CX: 52, U3: 56, Depth: 80
[2025-01-08 10:52:26] Computing Exact walk
[2025-01-08 10:52:27] Exact - CX: 100, U3: 165, Depth: 197
[2025-01-08 10:52:27] Computing Pauli decomposition
[2025-01-08 10:52:28] Pauli - CX: 67, U3: 118, Depth: 125
[2025-01-08 10:52:28] Successfully processed graph 185 - Category: win_both
[2025-01-08 10:52:28] 
Processing graph 186/200
[2025-01-08 10:52:28] Graph 186 has 16 nodes and 37 edges
[2025-01-08 10:52:28] Converted to 37 bitstring edges
[2025-01-08 10:52:28] Computing Matchings Dynamic walk
[2025-01-08 10:52:29] Matchings - CX: 44, U3: 45, Depth: 69
[2025-01-08 10:52:29] Computing Exact walk
[2025-01-08 10:52:30] Exact - CX: 100, U3: 165, Depth: 197
[2025-01-08 10:52:30] Computing Pauli decomposition
[2025-01-08 10:52:30] Pauli - CX: 73, U3: 125, Depth: 135
[2025-01-08 10:52:30] Successfully processed graph 186 - Category: win_both
[2025-01-08 10:52:30] 
Processing graph 187/200
[2025-01-08 10:52:30] Graph 187 has 16 nodes and 33 edges
[2025-01-08 10:52:30] Converted to 33 bitstring edges
[2025-01-08 10:52:30] Computing Matchings Dynamic walk
[2025-01-08 10:52:31] Matchings - CX: 59, U3: 53, Depth: 88
[2025-01-08 10:52:31] Computing Exact walk
[2025-01-08 10:52:32] Exact - CX: 100, U3: 165, Depth: 197
[2025-01-08 10:52:32] Computing Pauli decomposition
[2025-01-08 10:52:33] Pauli - CX: 69, U3: 117, Depth: 129
[2025-01-08 10:52:33] Successfully processed graph 187 - Category: win_both
[2025-01-08 10:52:33] 
Processing graph 188/200
[2025-01-08 10:52:33] Graph 188 has 16 nodes and 33 edges
[2025-01-08 10:52:33] Converted to 33 bitstring edges
[2025-01-08 10:52:33] Computing Matchings Dynamic walk
[2025-01-08 10:52:33] Matchings - CX: 37, U3: 41, Depth: 61
[2025-01-08 10:52:33] Computing Exact walk
[2025-01-08 10:52:35] Exact - CX: 100, U3: 163, Depth: 196
[2025-01-08 10:52:35] Computing Pauli decomposition
[2025-01-08 10:52:35] Pauli - CX: 73, U3: 121, Depth: 134
[2025-01-08 10:52:35] Successfully processed graph 188 - Category: win_both
[2025-01-08 10:52:35] 
Processing graph 189/200
[2025-01-08 10:52:35] Graph 189 has 16 nodes and 35 edges
[2025-01-08 10:52:35] Converted to 35 bitstring edges
[2025-01-08 10:52:35] Computing Matchings Dynamic walk
[2025-01-08 10:52:36] Matchings - CX: 48, U3: 46, Depth: 73
[2025-01-08 10:52:36] Computing Exact walk
[2025-01-08 10:52:37] Exact - CX: 100, U3: 165, Depth: 197
[2025-01-08 10:52:37] Computing Pauli decomposition
[2025-01-08 10:52:38] Pauli - CX: 69, U3: 118, Depth: 129
[2025-01-08 10:52:38] Successfully processed graph 189 - Category: win_both
[2025-01-08 10:52:38] 
Processing graph 190/200
[2025-01-08 10:52:38] Graph 190 has 16 nodes and 36 edges
[2025-01-08 10:52:38] Converted to 36 bitstring edges
[2025-01-08 10:52:38] Computing Matchings Dynamic walk
[2025-01-08 10:52:38] Matchings - CX: 61, U3: 58, Depth: 95
[2025-01-08 10:52:38] Computing Exact walk
[2025-01-08 10:52:39] Exact - CX: 98, U3: 156, Depth: 188
[2025-01-08 10:52:39] Computing Pauli decomposition
[2025-01-08 10:52:40] Pauli - CX: 63, U3: 112, Depth: 120
[2025-01-08 10:52:40] Successfully processed graph 190 - Category: win_both
[2025-01-08 10:52:40] 
Processing graph 191/200
[2025-01-08 10:52:40] Graph 191 has 16 nodes and 37 edges
[2025-01-08 10:52:40] Converted to 37 bitstring edges
[2025-01-08 10:52:40] Computing Matchings Dynamic walk
[2025-01-08 10:52:41] Matchings - CX: 71, U3: 64, Depth: 104
[2025-01-08 10:52:41] Computing Exact walk
[2025-01-08 10:52:42] Exact - CX: 100, U3: 161, Depth: 195
[2025-01-08 10:52:42] Computing Pauli decomposition
[2025-01-08 10:52:43] Pauli - CX: 73, U3: 118, Depth: 132
[2025-01-08 10:52:43] Successfully processed graph 191 - Category: win_both
[2025-01-08 10:52:43] 
Processing graph 192/200
[2025-01-08 10:52:43] Graph 192 has 16 nodes and 36 edges
[2025-01-08 10:52:43] Converted to 36 bitstring edges
[2025-01-08 10:52:43] Computing Matchings Dynamic walk
[2025-01-08 10:52:43] Matchings - CX: 58, U3: 51, Depth: 85
[2025-01-08 10:52:43] Computing Exact walk
[2025-01-08 10:52:44] Exact - CX: 100, U3: 165, Depth: 197
[2025-01-08 10:52:44] Computing Pauli decomposition
[2025-01-08 10:52:45] Pauli - CX: 71, U3: 123, Depth: 133
[2025-01-08 10:52:45] Successfully processed graph 192 - Category: win_both
[2025-01-08 10:52:45] 
Processing graph 193/200
[2025-01-08 10:52:45] Graph 193 has 16 nodes and 35 edges
[2025-01-08 10:52:45] Converted to 35 bitstring edges
[2025-01-08 10:52:45] Computing Matchings Dynamic walk
[2025-01-08 10:52:46] Matchings - CX: 89, U3: 75, Depth: 133
[2025-01-08 10:52:46] Computing Exact walk
[2025-01-08 10:52:47] Exact - CX: 100, U3: 165, Depth: 197
[2025-01-08 10:52:47] Computing Pauli decomposition
[2025-01-08 10:52:48] Pauli - CX: 62, U3: 99, Depth: 112
[2025-01-08 10:52:48] Successfully processed graph 193 - Category: win_exact_lose_pauli
[2025-01-08 10:52:48] 
Processing graph 194/200
[2025-01-08 10:52:48] Graph 194 has 16 nodes and 34 edges
[2025-01-08 10:52:48] Converted to 34 bitstring edges
[2025-01-08 10:52:48] Computing Matchings Dynamic walk
[2025-01-08 10:52:48] Matchings - CX: 66, U3: 58, Depth: 97
[2025-01-08 10:52:48] Computing Exact walk
[2025-01-08 10:52:49] Exact - CX: 100, U3: 165, Depth: 197
[2025-01-08 10:52:49] Computing Pauli decomposition
[2025-01-08 10:52:50] Pauli - CX: 72, U3: 123, Depth: 133
[2025-01-08 10:52:50] Successfully processed graph 194 - Category: win_both
[2025-01-08 10:52:50] 
Processing graph 195/200
[2025-01-08 10:52:50] Graph 195 has 16 nodes and 32 edges
[2025-01-08 10:52:50] Converted to 32 bitstring edges
[2025-01-08 10:52:50] Computing Matchings Dynamic walk
[2025-01-08 10:52:51] Matchings - CX: 46, U3: 51, Depth: 74
[2025-01-08 10:52:51] Computing Exact walk
[2025-01-08 10:52:52] Exact - CX: 100, U3: 165, Depth: 197
[2025-01-08 10:52:52] Computing Pauli decomposition
[2025-01-08 10:52:52] Pauli - CX: 75, U3: 127, Depth: 139
[2025-01-08 10:52:52] Successfully processed graph 195 - Category: win_both
[2025-01-08 10:52:52] 
Processing graph 196/200
[2025-01-08 10:52:52] Graph 196 has 16 nodes and 39 edges
[2025-01-08 10:52:52] Converted to 39 bitstring edges
[2025-01-08 10:52:52] Computing Matchings Dynamic walk
[2025-01-08 10:52:53] Matchings - CX: 46, U3: 43, Depth: 70
[2025-01-08 10:52:53] Computing Exact walk
[2025-01-08 10:52:54] Exact - CX: 100, U3: 165, Depth: 197
[2025-01-08 10:52:54] Computing Pauli decomposition
[2025-01-08 10:52:55] Pauli - CX: 69, U3: 119, Depth: 128
[2025-01-08 10:52:55] Successfully processed graph 196 - Category: win_both
[2025-01-08 10:52:55] 
Processing graph 197/200
[2025-01-08 10:52:55] Graph 197 has 16 nodes and 34 edges
[2025-01-08 10:52:55] Converted to 34 bitstring edges
[2025-01-08 10:52:55] Computing Matchings Dynamic walk
[2025-01-08 10:52:56] Matchings - CX: 42, U3: 39, Depth: 64
[2025-01-08 10:52:56] Computing Exact walk
[2025-01-08 10:52:57] Exact - CX: 100, U3: 165, Depth: 197
[2025-01-08 10:52:57] Computing Pauli decomposition
[2025-01-08 10:52:57] Pauli - CX: 78, U3: 123, Depth: 142
[2025-01-08 10:52:57] Successfully processed graph 197 - Category: win_both
[2025-01-08 10:52:57] 
Processing graph 198/200
[2025-01-08 10:52:57] Graph 198 has 16 nodes and 36 edges
[2025-01-08 10:52:57] Converted to 36 bitstring edges
[2025-01-08 10:52:57] Computing Matchings Dynamic walk
[2025-01-08 10:52:58] Matchings - CX: 73, U3: 64, Depth: 108
[2025-01-08 10:52:58] Computing Exact walk
[2025-01-08 10:52:59] Exact - CX: 100, U3: 165, Depth: 197
[2025-01-08 10:52:59] Computing Pauli decomposition
[2025-01-08 10:53:00] Pauli - CX: 65, U3: 109, Depth: 120
[2025-01-08 10:53:00] Successfully processed graph 198 - Category: win_exact_lose_pauli
[2025-01-08 10:53:00] 
Processing graph 199/200
[2025-01-08 10:53:00] Graph 199 has 16 nodes and 35 edges
[2025-01-08 10:53:00] Converted to 35 bitstring edges
[2025-01-08 10:53:00] Computing Matchings Dynamic walk
[2025-01-08 10:53:00] Matchings - CX: 67, U3: 64, Depth: 101
[2025-01-08 10:53:00] Computing Exact walk
[2025-01-08 10:53:02] Exact - CX: 100, U3: 164, Depth: 197
[2025-01-08 10:53:02] Computing Pauli decomposition
[2025-01-08 10:53:02] Pauli - CX: 70, U3: 116, Depth: 129
[2025-01-08 10:53:02] Successfully processed graph 199 - Category: win_both
[2025-01-08 10:53:02] 
Final Results Summary:
[2025-01-08 10:53:02] Total graphs in file: 200
[2025-01-08 10:53:02] Successfully processed: 200
[2025-01-08 10:53:02] win_both: 161 (80.5%)
[2025-01-08 10:53:02] lose_both: 0 (0.0%)
[2025-01-08 10:53:02] draw_both: 0 (0.0%)
[2025-01-08 10:53:02] win_exact_lose_pauli: 34 (17.0%)
[2025-01-08 10:53:02] win_pauli_lose_exact: 0 (0.0%)
[2025-01-08 10:53:02] draw_exact_win_pauli: 0 (0.0%)
[2025-01-08 10:53:02] draw_exact_lose_pauli: 0 (0.0%)
[2025-01-08 10:53:02] win_exact_draw_pauli: 5 (2.5%)
[2025-01-08 10:53:02] lose_exact_draw_pauli: 0 (0.0%)
[2025-01-08 10:53:02] undefined: 0 (0.0%)
[2025-01-08 10:53:02] 
Average Gate Counts by Category:
[2025-01-08 10:53:02] win_both_matching_cx: 52.76
[2025-01-08 10:53:02] win_both_matching_u3: 51.76
[2025-01-08 10:53:02] win_both_exact_cx: 99.65
[2025-01-08 10:53:02] win_both_exact_u3: 163.52
[2025-01-08 10:53:02] win_both_pauli_cx: 71.09
[2025-01-08 10:53:02] win_both_pauli_u3: 121.66
[2025-01-08 10:53:02] win_both_matching_depth: 81.06
[2025-01-08 10:53:02] win_both_exact_depth: 195.73
[2025-01-08 10:53:02] win_both_pauli_depth: 132.19
[2025-01-08 10:53:02] win_exact_lose_pauli_matching_cx: 78.68
[2025-01-08 10:53:02] win_exact_lose_pauli_matching_u3: 70.09
[2025-01-08 10:53:02] win_exact_lose_pauli_exact_cx: 99.62
[2025-01-08 10:53:02] win_exact_lose_pauli_exact_u3: 163.44
[2025-01-08 10:53:02] win_exact_lose_pauli_pauli_cx: 66.41
[2025-01-08 10:53:02] win_exact_lose_pauli_pauli_u3: 111.21
[2025-01-08 10:53:02] win_exact_lose_pauli_matching_depth: 116.12
[2025-01-08 10:53:02] win_exact_lose_pauli_exact_depth: 195.62
[2025-01-08 10:53:02] win_exact_lose_pauli_pauli_depth: 122.38
[2025-01-08 10:53:02] win_exact_draw_pauli_matching_cx: 70.40
[2025-01-08 10:53:02] win_exact_draw_pauli_matching_u3: 67.60
[2025-01-08 10:53:02] win_exact_draw_pauli_exact_cx: 99.00
[2025-01-08 10:53:02] win_exact_draw_pauli_exact_u3: 162.00
[2025-01-08 10:53:02] win_exact_draw_pauli_pauli_cx: 70.40
[2025-01-08 10:53:02] win_exact_draw_pauli_pauli_u3: 120.80
[2025-01-08 10:53:02] win_exact_draw_pauli_matching_depth: 107.20
[2025-01-08 10:53:02] win_exact_draw_pauli_exact_depth: 194.00
[2025-01-08 10:53:02] win_exact_draw_pauli_pauli_depth: 131.40
[2025-01-08 11:34:34] Starting analysis with:
[2025-01-08 11:34:34] Number of qubits: 4
[2025-01-08 11:34:34] Number of vertices: 16
[2025-01-08 11:34:34] Delta t: 0.1
[2025-01-08 11:34:34] Input file: ../data/graphs/200graph_bipartite_16c.g6
[2025-01-08 11:34:34] Parsed graph info: {'num_graphs': 200, 'size': 'bipartite', 'vertices': '16', 'type': 'c'}
[2025-01-08 11:34:34] Found 200 graphs in file
[2025-01-08 11:34:34] 
Processing graph 0/200
[2025-01-08 11:34:34] Graph 0 has 16 nodes and 31 edges
[2025-01-08 11:34:34] Converted to 31 bitstring edges
[2025-01-08 11:34:34] Computing Matchings Dynamic walk
[2025-01-08 11:34:34] Matchings - CX: 35, U3: 40, Depth: 57
[2025-01-08 11:34:34] Computing Exact walk
[2025-01-08 11:34:35] Exact - CX: 100, U3: 165, Depth: 197
[2025-01-08 11:34:35] Computing Pauli decomposition
[2025-01-08 11:34:36] Pauli - CX: 78, U3: 133, Depth: 146
[2025-01-08 11:34:36] Successfully processed graph 0 - Category: win_both
[2025-01-08 11:34:36] 
Processing graph 1/200
[2025-01-08 11:34:36] Graph 1 has 16 nodes and 37 edges
[2025-01-08 11:34:36] Converted to 37 bitstring edges
[2025-01-08 11:34:36] Computing Matchings Dynamic walk
[2025-01-08 11:34:36] Matchings - CX: 49, U3: 54, Depth: 78
[2025-01-08 11:34:36] Computing Exact walk
[2025-01-08 11:34:37] Exact - CX: 100, U3: 165, Depth: 197
[2025-01-08 11:34:37] Computing Pauli decomposition
[2025-01-08 11:34:38] Pauli - CX: 67, U3: 115, Depth: 126
[2025-01-08 11:34:38] Successfully processed graph 1 - Category: win_both
[2025-01-08 11:34:38] 
Processing graph 2/200
[2025-01-08 11:34:38] Graph 2 has 16 nodes and 35 edges
[2025-01-08 11:34:38] Converted to 35 bitstring edges
[2025-01-08 11:34:38] Computing Matchings Dynamic walk
[2025-01-08 11:34:38] Matchings - CX: 47, U3: 50, Depth: 76
[2025-01-08 11:34:38] Computing Exact walk
[2025-01-08 11:34:39] Exact - CX: 100, U3: 165, Depth: 197
[2025-01-08 11:34:39] Computing Pauli decomposition
[2025-01-08 11:34:40] Pauli - CX: 74, U3: 127, Depth: 138
[2025-01-08 11:34:40] Successfully processed graph 2 - Category: win_both
[2025-01-08 11:34:40] 
Processing graph 3/200
[2025-01-08 11:34:40] Graph 3 has 16 nodes and 36 edges
[2025-01-08 11:34:40] Converted to 36 bitstring edges
[2025-01-08 11:34:40] Computing Matchings Dynamic walk
[2025-01-08 11:34:40] Matchings - CX: 72, U3: 68, Depth: 106
[2025-01-08 11:34:40] Computing Exact walk
[2025-01-08 11:34:41] Exact - CX: 98, U3: 160, Depth: 192
[2025-01-08 11:34:41] Computing Pauli decomposition
[2025-01-08 11:34:42] Pauli - CX: 73, U3: 121, Depth: 134
[2025-01-08 11:34:42] Successfully processed graph 3 - Category: win_both
[2025-01-08 11:34:42] 
Processing graph 4/200
[2025-01-08 11:34:42] Graph 4 has 16 nodes and 33 edges
[2025-01-08 11:34:42] Converted to 33 bitstring edges
[2025-01-08 11:34:42] Computing Matchings Dynamic walk
[2025-01-08 11:34:42] Matchings - CX: 74, U3: 64, Depth: 104
[2025-01-08 11:34:42] Computing Exact walk
[2025-01-08 11:34:43] Exact - CX: 97, U3: 156, Depth: 188
[2025-01-08 11:34:43] Computing Pauli decomposition
[2025-01-08 11:34:43] Pauli - CX: 78, U3: 125, Depth: 142
[2025-01-08 11:34:43] Successfully processed graph 4 - Category: win_both
[2025-01-08 11:34:43] 
Processing graph 5/200
[2025-01-08 11:34:43] Graph 5 has 16 nodes and 36 edges
[2025-01-08 11:34:43] Converted to 36 bitstring edges
[2025-01-08 11:34:43] Computing Matchings Dynamic walk
[2025-01-08 11:34:44] Matchings - CX: 48, U3: 46, Depth: 75
[2025-01-08 11:34:44] Computing Exact walk
[2025-01-08 11:34:45] Exact - CX: 100, U3: 164, Depth: 197
[2025-01-08 11:34:45] Computing Pauli decomposition
[2025-01-08 11:34:45] Pauli - CX: 73, U3: 128, Depth: 138
[2025-01-08 11:34:45] Successfully processed graph 5 - Category: win_both
[2025-01-08 11:34:45] 
Processing graph 6/200
[2025-01-08 11:34:45] Graph 6 has 16 nodes and 33 edges
[2025-01-08 11:34:45] Converted to 33 bitstring edges
[2025-01-08 11:34:45] Computing Matchings Dynamic walk
[2025-01-08 11:34:46] Matchings - CX: 53, U3: 54, Depth: 81
[2025-01-08 11:34:46] Computing Exact walk
[2025-01-08 11:34:47] Exact - CX: 100, U3: 163, Depth: 196
[2025-01-08 11:34:47] Computing Pauli decomposition
[2025-01-08 11:34:47] Pauli - CX: 63, U3: 112, Depth: 117
[2025-01-08 11:34:47] Successfully processed graph 6 - Category: win_both
[2025-01-08 11:34:47] 
Processing graph 7/200
[2025-01-08 11:34:47] Graph 7 has 16 nodes and 35 edges
[2025-01-08 11:34:47] Converted to 35 bitstring edges
[2025-01-08 11:34:47] Computing Matchings Dynamic walk
[2025-01-08 11:34:48] Matchings - CX: 38, U3: 42, Depth: 61
[2025-01-08 11:34:48] Computing Exact walk
[2025-01-08 11:34:48] Exact - CX: 100, U3: 162, Depth: 195
[2025-01-08 11:34:48] Computing Pauli decomposition
[2025-01-08 11:34:49] Pauli - CX: 78, U3: 131, Depth: 145
[2025-01-08 11:34:49] Successfully processed graph 7 - Category: win_both
[2025-01-08 11:34:49] 
Processing graph 8/200
[2025-01-08 11:34:49] Graph 8 has 16 nodes and 34 edges
[2025-01-08 11:34:49] Converted to 34 bitstring edges
[2025-01-08 11:34:49] Computing Matchings Dynamic walk
[2025-01-08 11:34:50] Matchings - CX: 43, U3: 54, Depth: 70
[2025-01-08 11:34:50] Computing Exact walk
[2025-01-08 11:34:50] Exact - CX: 100, U3: 163, Depth: 196
[2025-01-08 11:34:50] Computing Pauli decomposition
[2025-01-08 11:34:51] Pauli - CX: 73, U3: 125, Depth: 135
[2025-01-08 11:34:51] Successfully processed graph 8 - Category: win_both
[2025-01-08 11:34:51] 
Processing graph 9/200
[2025-01-08 11:34:51] Graph 9 has 16 nodes and 33 edges
[2025-01-08 11:34:51] Converted to 33 bitstring edges
[2025-01-08 11:34:51] Computing Matchings Dynamic walk
[2025-01-08 11:34:52] Matchings - CX: 53, U3: 45, Depth: 78
[2025-01-08 11:34:52] Computing Exact walk
[2025-01-08 11:34:53] Exact - CX: 98, U3: 159, Depth: 191
[2025-01-08 11:34:53] Computing Pauli decomposition
[2025-01-08 11:34:53] Pauli - CX: 60, U3: 109, Depth: 115
[2025-01-08 11:34:53] Successfully processed graph 9 - Category: win_both
[2025-01-08 11:34:53] 
Processing graph 10/200
[2025-01-08 11:34:53] Graph 10 has 16 nodes and 35 edges
[2025-01-08 11:34:53] Converted to 35 bitstring edges
[2025-01-08 11:34:53] Computing Matchings Dynamic walk
[2025-01-08 11:34:54] Matchings - CX: 39, U3: 44, Depth: 62
[2025-01-08 11:34:54] Computing Exact walk
[2025-01-08 11:34:55] Exact - CX: 100, U3: 165, Depth: 197
[2025-01-08 11:34:55] Computing Pauli decomposition
[2025-01-08 11:34:55] Pauli - CX: 63, U3: 112, Depth: 118
[2025-01-08 11:34:55] Successfully processed graph 10 - Category: win_both
[2025-01-08 11:34:55] 
Processing graph 11/200
[2025-01-08 11:34:55] Graph 11 has 16 nodes and 35 edges
[2025-01-08 11:34:55] Converted to 35 bitstring edges
[2025-01-08 11:34:55] Computing Matchings Dynamic walk
[2025-01-08 11:34:56] Matchings - CX: 71, U3: 67, Depth: 106
[2025-01-08 11:34:56] Computing Exact walk
[2025-01-08 11:34:57] Exact - CX: 97, U3: 157, Depth: 188
[2025-01-08 11:34:57] Computing Pauli decomposition
[2025-01-08 11:34:59] Pauli - CX: 78, U3: 135, Depth: 145
[2025-01-08 11:34:59] Successfully processed graph 11 - Category: win_both
[2025-01-08 11:34:59] 
Processing graph 12/200
[2025-01-08 11:34:59] Graph 12 has 16 nodes and 37 edges
[2025-01-08 11:34:59] Converted to 37 bitstring edges
[2025-01-08 11:34:59] Computing Matchings Dynamic walk
[2025-01-08 11:35:00] Matchings - CX: 52, U3: 60, Depth: 84
[2025-01-08 11:35:00] Computing Exact walk
[2025-01-08 11:35:02] Exact - CX: 100, U3: 163, Depth: 195
[2025-01-08 11:35:02] Computing Pauli decomposition
[2025-01-08 11:35:03] Pauli - CX: 63, U3: 101, Depth: 114
[2025-01-08 11:35:03] Successfully processed graph 12 - Category: win_both
[2025-01-08 11:35:03] 
Processing graph 13/200
[2025-01-08 11:35:03] Graph 13 has 16 nodes and 39 edges
[2025-01-08 11:35:03] Converted to 39 bitstring edges
[2025-01-08 11:35:03] Computing Matchings Dynamic walk
[2025-01-08 11:35:04] Matchings - CX: 42, U3: 48, Depth: 67
[2025-01-08 11:35:04] Computing Exact walk
[2025-01-08 11:35:06] Exact - CX: 100, U3: 165, Depth: 197
[2025-01-08 11:35:06] Computing Pauli decomposition
[2025-01-08 11:35:07] Pauli - CX: 65, U3: 112, Depth: 122
[2025-01-08 11:35:07] Successfully processed graph 13 - Category: win_both
[2025-01-08 11:35:07] 
Processing graph 14/200
[2025-01-08 11:35:07] Graph 14 has 16 nodes and 35 edges
[2025-01-08 11:35:07] Converted to 35 bitstring edges
[2025-01-08 11:35:07] Computing Matchings Dynamic walk
[2025-01-08 11:35:08] Matchings - CX: 27, U3: 30, Depth: 43
[2025-01-08 11:35:08] Computing Exact walk
[2025-01-08 11:35:09] Exact - CX: 100, U3: 165, Depth: 197
[2025-01-08 11:35:09] Computing Pauli decomposition
[2025-01-08 11:35:10] Pauli - CX: 68, U3: 120, Depth: 127
[2025-01-08 11:35:10] Successfully processed graph 14 - Category: win_both
[2025-01-08 11:35:10] 
Processing graph 15/200
[2025-01-08 11:35:10] Graph 15 has 16 nodes and 39 edges
[2025-01-08 11:35:10] Converted to 39 bitstring edges
[2025-01-08 11:35:10] Computing Matchings Dynamic walk
[2025-01-08 11:35:12] Matchings - CX: 68, U3: 61, Depth: 101
[2025-01-08 11:35:12] Computing Exact walk
[2025-01-08 11:35:14] Exact - CX: 100, U3: 164, Depth: 197
[2025-01-08 11:35:14] Computing Pauli decomposition
[2025-01-08 11:35:15] Pauli - CX: 73, U3: 125, Depth: 136
[2025-01-08 11:35:15] Successfully processed graph 15 - Category: win_both
[2025-01-08 11:35:15] 
Processing graph 16/200
[2025-01-08 11:35:15] Graph 16 has 16 nodes and 35 edges
[2025-01-08 11:35:15] Converted to 35 bitstring edges
[2025-01-08 11:35:15] Computing Matchings Dynamic walk
[2025-01-08 11:35:16] Matchings - CX: 82, U3: 74, Depth: 121
[2025-01-08 11:35:16] Computing Exact walk
[2025-01-08 11:35:18] Exact - CX: 100, U3: 165, Depth: 197
[2025-01-08 11:35:18] Computing Pauli decomposition
[2025-01-08 11:35:19] Pauli - CX: 59, U3: 99, Depth: 109
[2025-01-08 11:35:19] Successfully processed graph 16 - Category: win_exact_lose_pauli
[2025-01-08 11:35:19] 
Processing graph 17/200
[2025-01-08 11:35:19] Graph 17 has 16 nodes and 34 edges
[2025-01-08 11:35:19] Converted to 34 bitstring edges
[2025-01-08 11:35:19] Computing Matchings Dynamic walk
[2025-01-08 11:35:20] Matchings - CX: 48, U3: 49, Depth: 73
[2025-01-08 11:35:20] Computing Exact walk
[2025-01-08 11:35:22] Exact - CX: 100, U3: 165, Depth: 197
[2025-01-08 11:35:22] Computing Pauli decomposition
[2025-01-08 11:35:23] Pauli - CX: 78, U3: 138, Depth: 148
[2025-01-08 11:35:23] Successfully processed graph 17 - Category: win_both
[2025-01-08 11:35:23] 
Processing graph 18/200
[2025-01-08 11:35:23] Graph 18 has 16 nodes and 36 edges
[2025-01-08 11:35:23] Converted to 36 bitstring edges
[2025-01-08 11:35:23] Computing Matchings Dynamic walk
[2025-01-08 11:35:24] Matchings - CX: 86, U3: 78, Depth: 126
[2025-01-08 11:35:24] Computing Exact walk
[2025-01-08 11:35:26] Exact - CX: 100, U3: 165, Depth: 197
[2025-01-08 11:35:26] Computing Pauli decomposition
[2025-01-08 11:35:27] Pauli - CX: 69, U3: 118, Depth: 127
[2025-01-08 11:35:27] Successfully processed graph 18 - Category: win_exact_lose_pauli
[2025-01-08 11:35:27] 
Processing graph 19/200
[2025-01-08 11:35:27] Graph 19 has 16 nodes and 39 edges
[2025-01-08 11:35:27] Converted to 39 bitstring edges
[2025-01-08 11:35:27] Computing Matchings Dynamic walk
[2025-01-08 11:35:28] Matchings - CX: 68, U3: 59, Depth: 102
[2025-01-08 11:35:28] Computing Exact walk
[2025-01-08 11:35:30] Exact - CX: 100, U3: 165, Depth: 197
[2025-01-08 11:35:30] Computing Pauli decomposition
[2025-01-08 11:35:31] Pauli - CX: 72, U3: 121, Depth: 135
[2025-01-08 11:35:31] Successfully processed graph 19 - Category: win_both
[2025-01-08 11:35:31] 
Processing graph 20/200
[2025-01-08 11:35:31] Graph 20 has 16 nodes and 35 edges
[2025-01-08 11:35:31] Converted to 35 bitstring edges
[2025-01-08 11:35:31] Computing Matchings Dynamic walk
[2025-01-08 11:35:32] Matchings - CX: 53, U3: 58, Depth: 85
[2025-01-08 11:35:32] Computing Exact walk
[2025-01-08 11:35:34] Exact - CX: 96, U3: 156, Depth: 186
[2025-01-08 11:35:34] Computing Pauli decomposition
[2025-01-08 11:35:35] Pauli - CX: 73, U3: 123, Depth: 137
[2025-01-08 11:35:35] Successfully processed graph 20 - Category: win_both
[2025-01-08 11:35:35] 
Processing graph 21/200
[2025-01-08 11:35:35] Graph 21 has 16 nodes and 34 edges
[2025-01-08 11:35:35] Converted to 34 bitstring edges
[2025-01-08 11:35:35] Computing Matchings Dynamic walk
[2025-01-08 11:35:36] Matchings - CX: 63, U3: 60, Depth: 94
[2025-01-08 11:35:36] Computing Exact walk
[2025-01-08 11:35:37] Exact - CX: 100, U3: 165, Depth: 197
[2025-01-08 11:35:37] Computing Pauli decomposition
[2025-01-08 11:35:38] Pauli - CX: 73, U3: 124, Depth: 134
[2025-01-08 11:35:38] Successfully processed graph 21 - Category: win_both
[2025-01-08 11:35:38] 
Processing graph 22/200
[2025-01-08 11:35:38] Graph 22 has 16 nodes and 36 edges
[2025-01-08 11:35:38] Converted to 36 bitstring edges
[2025-01-08 11:35:38] Computing Matchings Dynamic walk
[2025-01-08 11:35:39] Matchings - CX: 43, U3: 44, Depth: 67
[2025-01-08 11:35:39] Computing Exact walk
[2025-01-08 11:35:41] Exact - CX: 98, U3: 160, Depth: 191
[2025-01-08 11:35:41] Computing Pauli decomposition
[2025-01-08 11:35:42] Pauli - CX: 78, U3: 136, Depth: 146
[2025-01-08 11:35:42] Successfully processed graph 22 - Category: win_both
[2025-01-08 11:35:42] 
Processing graph 23/200
[2025-01-08 11:35:42] Graph 23 has 16 nodes and 34 edges
[2025-01-08 11:35:42] Converted to 34 bitstring edges
[2025-01-08 11:35:42] Computing Matchings Dynamic walk
[2025-01-08 11:35:43] Matchings - CX: 59, U3: 50, Depth: 87
[2025-01-08 11:35:43] Computing Exact walk
[2025-01-08 11:35:44] Exact - CX: 100, U3: 165, Depth: 197
[2025-01-08 11:35:44] Computing Pauli decomposition
[2025-01-08 11:35:45] Pauli - CX: 62, U3: 105, Depth: 114
[2025-01-08 11:35:45] Successfully processed graph 23 - Category: win_both
[2025-01-08 11:35:45] 
Processing graph 24/200
[2025-01-08 11:35:45] Graph 24 has 16 nodes and 35 edges
[2025-01-08 11:35:45] Converted to 35 bitstring edges
[2025-01-08 11:35:45] Computing Matchings Dynamic walk
[2025-01-08 11:35:46] Matchings - CX: 39, U3: 40, Depth: 59
[2025-01-08 11:35:46] Computing Exact walk
[2025-01-08 11:35:48] Exact - CX: 100, U3: 165, Depth: 197
[2025-01-08 11:35:48] Computing Pauli decomposition
[2025-01-08 11:35:49] Pauli - CX: 68, U3: 114, Depth: 124
[2025-01-08 11:35:49] Successfully processed graph 24 - Category: win_both
[2025-01-08 11:35:49] 
Processing graph 25/200
[2025-01-08 11:35:49] Graph 25 has 16 nodes and 34 edges
[2025-01-08 11:35:49] Converted to 34 bitstring edges
[2025-01-08 11:35:49] Computing Matchings Dynamic walk
[2025-01-08 11:35:50] Matchings - CX: 63, U3: 58, Depth: 95
[2025-01-08 11:35:50] Computing Exact walk
[2025-01-08 11:35:52] Exact - CX: 100, U3: 165, Depth: 197
[2025-01-08 11:35:52] Computing Pauli decomposition
[2025-01-08 11:35:53] Pauli - CX: 60, U3: 108, Depth: 113
[2025-01-08 11:35:53] Successfully processed graph 25 - Category: win_exact_lose_pauli
[2025-01-08 11:35:53] 
Processing graph 26/200
[2025-01-08 11:35:53] Graph 26 has 16 nodes and 33 edges
[2025-01-08 11:35:53] Converted to 33 bitstring edges
[2025-01-08 11:35:53] Computing Matchings Dynamic walk
[2025-01-08 11:35:54] Matchings - CX: 53, U3: 48, Depth: 78
[2025-01-08 11:35:54] Computing Exact walk
[2025-01-08 11:35:55] Exact - CX: 100, U3: 156, Depth: 193
[2025-01-08 11:35:55] Computing Pauli decomposition
[2025-01-08 11:35:56] Pauli - CX: 73, U3: 129, Depth: 138
[2025-01-08 11:35:56] Successfully processed graph 26 - Category: win_both
[2025-01-08 11:35:56] 
Processing graph 27/200
[2025-01-08 11:35:56] Graph 27 has 16 nodes and 33 edges
[2025-01-08 11:35:56] Converted to 33 bitstring edges
[2025-01-08 11:35:56] Computing Matchings Dynamic walk
[2025-01-08 11:35:56] Matchings - CX: 32, U3: 28, Depth: 48
[2025-01-08 11:35:56] Computing Exact walk
[2025-01-08 11:35:57] Exact - CX: 100, U3: 165, Depth: 197
[2025-01-08 11:35:57] Computing Pauli decomposition
[2025-01-08 11:35:57] Pauli - CX: 59, U3: 99, Depth: 108
[2025-01-08 11:35:57] Successfully processed graph 27 - Category: win_both
[2025-01-08 11:35:57] 
Processing graph 28/200
[2025-01-08 11:35:57] Graph 28 has 16 nodes and 37 edges
[2025-01-08 11:35:57] Converted to 37 bitstring edges
[2025-01-08 11:35:57] Computing Matchings Dynamic walk
[2025-01-08 11:35:58] Matchings - CX: 31, U3: 29, Depth: 47
[2025-01-08 11:35:58] Computing Exact walk
[2025-01-08 11:35:59] Exact - CX: 100, U3: 165, Depth: 197
[2025-01-08 11:35:59] Computing Pauli decomposition
[2025-01-08 11:35:59] Pauli - CX: 78, U3: 135, Depth: 145
[2025-01-08 11:35:59] Successfully processed graph 28 - Category: win_both
[2025-01-08 11:35:59] 
Processing graph 29/200
[2025-01-08 11:35:59] Graph 29 has 16 nodes and 38 edges
[2025-01-08 11:35:59] Converted to 38 bitstring edges
[2025-01-08 11:35:59] Computing Matchings Dynamic walk
[2025-01-08 11:36:00] Matchings - CX: 52, U3: 57, Depth: 82
[2025-01-08 11:36:00] Computing Exact walk
[2025-01-08 11:36:01] Exact - CX: 100, U3: 165, Depth: 197
[2025-01-08 11:36:01] Computing Pauli decomposition
[2025-01-08 11:36:01] Pauli - CX: 72, U3: 114, Depth: 131
[2025-01-08 11:36:01] Successfully processed graph 29 - Category: win_both
[2025-01-08 11:36:01] 
Processing graph 30/200
[2025-01-08 11:36:01] Graph 30 has 16 nodes and 32 edges
[2025-01-08 11:36:01] Converted to 32 bitstring edges
[2025-01-08 11:36:01] Computing Matchings Dynamic walk
[2025-01-08 11:36:02] Matchings - CX: 31, U3: 31, Depth: 52
[2025-01-08 11:36:02] Computing Exact walk
[2025-01-08 11:36:03] Exact - CX: 100, U3: 165, Depth: 197
[2025-01-08 11:36:03] Computing Pauli decomposition
[2025-01-08 11:36:03] Pauli - CX: 73, U3: 121, Depth: 134
[2025-01-08 11:36:03] Successfully processed graph 30 - Category: win_both
[2025-01-08 11:36:03] 
Processing graph 31/200
[2025-01-08 11:36:03] Graph 31 has 16 nodes and 33 edges
[2025-01-08 11:36:03] Converted to 33 bitstring edges
[2025-01-08 11:36:03] Computing Matchings Dynamic walk
[2025-01-08 11:36:04] Matchings - CX: 44, U3: 47, Depth: 69
[2025-01-08 11:36:04] Computing Exact walk
[2025-01-08 11:36:04] Exact - CX: 98, U3: 160, Depth: 192
[2025-01-08 11:36:04] Computing Pauli decomposition
[2025-01-08 11:36:05] Pauli - CX: 78, U3: 133, Depth: 145
[2025-01-08 11:36:05] Successfully processed graph 31 - Category: win_both
[2025-01-08 11:36:05] 
Processing graph 32/200
[2025-01-08 11:36:05] Graph 32 has 16 nodes and 36 edges
[2025-01-08 11:36:05] Converted to 36 bitstring edges
[2025-01-08 11:36:05] Computing Matchings Dynamic walk
[2025-01-08 11:36:05] Matchings - CX: 35, U3: 40, Depth: 57
[2025-01-08 11:36:05] Computing Exact walk
[2025-01-08 11:36:06] Exact - CX: 100, U3: 165, Depth: 197
[2025-01-08 11:36:06] Computing Pauli decomposition
[2025-01-08 11:36:07] Pauli - CX: 73, U3: 133, Depth: 139
[2025-01-08 11:36:07] Successfully processed graph 32 - Category: win_both
[2025-01-08 11:36:07] 
Processing graph 33/200
[2025-01-08 11:36:07] Graph 33 has 16 nodes and 36 edges
[2025-01-08 11:36:07] Converted to 36 bitstring edges
[2025-01-08 11:36:07] Computing Matchings Dynamic walk
[2025-01-08 11:36:07] Matchings - CX: 38, U3: 34, Depth: 57
[2025-01-08 11:36:07] Computing Exact walk
[2025-01-08 11:36:08] Exact - CX: 96, U3: 157, Depth: 187
[2025-01-08 11:36:08] Computing Pauli decomposition
[2025-01-08 11:36:09] Pauli - CX: 78, U3: 135, Depth: 146
[2025-01-08 11:36:09] Successfully processed graph 33 - Category: win_both
[2025-01-08 11:36:09] 
Processing graph 34/200
[2025-01-08 11:36:09] Graph 34 has 16 nodes and 39 edges
[2025-01-08 11:36:09] Converted to 39 bitstring edges
[2025-01-08 11:36:09] Computing Matchings Dynamic walk
[2025-01-08 11:36:09] Matchings - CX: 52, U3: 47, Depth: 78
[2025-01-08 11:36:09] Computing Exact walk
[2025-01-08 11:36:10] Exact - CX: 100, U3: 161, Depth: 195
[2025-01-08 11:36:10] Computing Pauli decomposition
[2025-01-08 11:36:11] Pauli - CX: 73, U3: 122, Depth: 135
[2025-01-08 11:36:11] Successfully processed graph 34 - Category: win_both
[2025-01-08 11:36:11] 
Processing graph 35/200
[2025-01-08 11:36:11] Graph 35 has 16 nodes and 35 edges
[2025-01-08 11:36:11] Converted to 35 bitstring edges
[2025-01-08 11:36:11] Computing Matchings Dynamic walk
[2025-01-08 11:36:11] Matchings - CX: 56, U3: 57, Depth: 86
[2025-01-08 11:36:11] Computing Exact walk
[2025-01-08 11:36:12] Exact - CX: 100, U3: 165, Depth: 197
[2025-01-08 11:36:12] Computing Pauli decomposition
[2025-01-08 11:36:13] Pauli - CX: 63, U3: 112, Depth: 118
[2025-01-08 11:36:13] Successfully processed graph 35 - Category: win_both
[2025-01-08 11:36:13] 
Processing graph 36/200
[2025-01-08 11:36:13] Graph 36 has 16 nodes and 36 edges
[2025-01-08 11:36:13] Converted to 36 bitstring edges
[2025-01-08 11:36:13] Computing Matchings Dynamic walk
[2025-01-08 11:36:13] Matchings - CX: 65, U3: 56, Depth: 98
[2025-01-08 11:36:13] Computing Exact walk
[2025-01-08 11:36:14] Exact - CX: 100, U3: 165, Depth: 197
[2025-01-08 11:36:14] Computing Pauli decomposition
[2025-01-08 11:36:14] Pauli - CX: 66, U3: 113, Depth: 122
[2025-01-08 11:36:14] Successfully processed graph 36 - Category: win_both
[2025-01-08 11:36:14] 
Processing graph 37/200
[2025-01-08 11:36:14] Graph 37 has 16 nodes and 37 edges
[2025-01-08 11:36:14] Converted to 37 bitstring edges
[2025-01-08 11:36:14] Computing Matchings Dynamic walk
[2025-01-08 11:36:15] Matchings - CX: 57, U3: 62, Depth: 91
[2025-01-08 11:36:15] Computing Exact walk
[2025-01-08 11:36:15] Exact - CX: 100, U3: 165, Depth: 197
[2025-01-08 11:36:15] Computing Pauli decomposition
[2025-01-08 11:36:16] Pauli - CX: 63, U3: 111, Depth: 119
[2025-01-08 11:36:16] Successfully processed graph 37 - Category: win_both
[2025-01-08 11:36:16] 
Processing graph 38/200
[2025-01-08 11:36:16] Graph 38 has 16 nodes and 35 edges
[2025-01-08 11:36:16] Converted to 35 bitstring edges
[2025-01-08 11:36:16] Computing Matchings Dynamic walk
[2025-01-08 11:36:16] Matchings - CX: 78, U3: 63, Depth: 111
[2025-01-08 11:36:16] Computing Exact walk
[2025-01-08 11:36:17] Exact - CX: 98, U3: 162, Depth: 193
[2025-01-08 11:36:17] Computing Pauli decomposition
[2025-01-08 11:36:18] Pauli - CX: 72, U3: 120, Depth: 133
[2025-01-08 11:36:18] Successfully processed graph 38 - Category: win_exact_lose_pauli
[2025-01-08 11:36:18] 
Processing graph 39/200
[2025-01-08 11:36:18] Graph 39 has 16 nodes and 31 edges
[2025-01-08 11:36:18] Converted to 31 bitstring edges
[2025-01-08 11:36:18] Computing Matchings Dynamic walk
[2025-01-08 11:36:18] Matchings - CX: 61, U3: 56, Depth: 92
[2025-01-08 11:36:18] Computing Exact walk
[2025-01-08 11:36:19] Exact - CX: 100, U3: 165, Depth: 197
[2025-01-08 11:36:19] Computing Pauli decomposition
[2025-01-08 11:36:20] Pauli - CX: 78, U3: 127, Depth: 142
[2025-01-08 11:36:20] Successfully processed graph 39 - Category: win_both
[2025-01-08 11:36:20] 
Processing graph 40/200
[2025-01-08 11:36:20] Graph 40 has 16 nodes and 40 edges
[2025-01-08 11:36:20] Converted to 40 bitstring edges
[2025-01-08 11:36:20] Computing Matchings Dynamic walk
[2025-01-08 11:36:20] Matchings - CX: 56, U3: 54, Depth: 85
[2025-01-08 11:36:20] Computing Exact walk
[2025-01-08 11:36:21] Exact - CX: 100, U3: 160, Depth: 194
[2025-01-08 11:36:21] Computing Pauli decomposition
[2025-01-08 11:36:22] Pauli - CX: 78, U3: 137, Depth: 147
[2025-01-08 11:36:22] Successfully processed graph 40 - Category: win_both
[2025-01-08 11:36:22] 
Processing graph 41/200
[2025-01-08 11:36:22] Graph 41 has 16 nodes and 38 edges
[2025-01-08 11:36:22] Converted to 38 bitstring edges
[2025-01-08 11:36:22] Computing Matchings Dynamic walk
[2025-01-08 11:36:22] Matchings - CX: 80, U3: 71, Depth: 115
[2025-01-08 11:36:22] Computing Exact walk
[2025-01-08 11:36:23] Exact - CX: 98, U3: 158, Depth: 190
[2025-01-08 11:36:23] Computing Pauli decomposition
[2025-01-08 11:36:24] Pauli - CX: 75, U3: 122, Depth: 139
[2025-01-08 11:36:24] Successfully processed graph 41 - Category: win_exact_lose_pauli
[2025-01-08 11:36:24] 
Processing graph 42/200
[2025-01-08 11:36:24] Graph 42 has 16 nodes and 36 edges
[2025-01-08 11:36:24] Converted to 36 bitstring edges
[2025-01-08 11:36:24] Computing Matchings Dynamic walk
[2025-01-08 11:36:24] Matchings - CX: 63, U3: 57, Depth: 95
[2025-01-08 11:36:24] Computing Exact walk
[2025-01-08 11:36:25] Exact - CX: 100, U3: 165, Depth: 197
[2025-01-08 11:36:25] Computing Pauli decomposition
[2025-01-08 11:36:26] Pauli - CX: 78, U3: 137, Depth: 146
[2025-01-08 11:36:26] Successfully processed graph 42 - Category: win_both
[2025-01-08 11:36:26] 
Processing graph 43/200
[2025-01-08 11:36:26] Graph 43 has 16 nodes and 35 edges
[2025-01-08 11:36:26] Converted to 35 bitstring edges
[2025-01-08 11:36:26] Computing Matchings Dynamic walk
[2025-01-08 11:36:26] Matchings - CX: 43, U3: 51, Depth: 70
[2025-01-08 11:36:26] Computing Exact walk
[2025-01-08 11:36:27] Exact - CX: 100, U3: 160, Depth: 194
[2025-01-08 11:36:27] Computing Pauli decomposition
[2025-01-08 11:36:27] Pauli - CX: 71, U3: 125, Depth: 134
[2025-01-08 11:36:27] Successfully processed graph 43 - Category: win_both
[2025-01-08 11:36:27] 
Processing graph 44/200
[2025-01-08 11:36:27] Graph 44 has 16 nodes and 31 edges
[2025-01-08 11:36:27] Converted to 31 bitstring edges
[2025-01-08 11:36:27] Computing Matchings Dynamic walk
[2025-01-08 11:36:28] Matchings - CX: 55, U3: 56, Depth: 87
[2025-01-08 11:36:28] Computing Exact walk
[2025-01-08 11:36:29] Exact - CX: 100, U3: 165, Depth: 197
[2025-01-08 11:36:29] Computing Pauli decomposition
[2025-01-08 11:36:29] Pauli - CX: 70, U3: 115, Depth: 127
[2025-01-08 11:36:29] Successfully processed graph 44 - Category: win_both
[2025-01-08 11:36:29] 
Processing graph 45/200
[2025-01-08 11:36:29] Graph 45 has 16 nodes and 37 edges
[2025-01-08 11:36:29] Converted to 37 bitstring edges
[2025-01-08 11:36:29] Computing Matchings Dynamic walk
[2025-01-08 11:36:30] Matchings - CX: 48, U3: 49, Depth: 74
[2025-01-08 11:36:30] Computing Exact walk
[2025-01-08 11:36:30] Exact - CX: 100, U3: 165, Depth: 197
[2025-01-08 11:36:30] Computing Pauli decomposition
[2025-01-08 11:36:31] Pauli - CX: 73, U3: 128, Depth: 137
[2025-01-08 11:36:31] Successfully processed graph 45 - Category: win_both
[2025-01-08 11:36:31] 
Processing graph 46/200
[2025-01-08 11:36:31] Graph 46 has 16 nodes and 34 edges
[2025-01-08 11:36:31] Converted to 34 bitstring edges
[2025-01-08 11:36:31] Computing Matchings Dynamic walk
[2025-01-08 11:36:32] Matchings - CX: 47, U3: 46, Depth: 73
[2025-01-08 11:36:32] Computing Exact walk
[2025-01-08 11:36:32] Exact - CX: 100, U3: 160, Depth: 194
[2025-01-08 11:36:32] Computing Pauli decomposition
[2025-01-08 11:36:33] Pauli - CX: 69, U3: 119, Depth: 129
[2025-01-08 11:36:33] Successfully processed graph 46 - Category: win_both
[2025-01-08 11:36:33] 
Processing graph 47/200
[2025-01-08 11:36:33] Graph 47 has 16 nodes and 35 edges
[2025-01-08 11:36:33] Converted to 35 bitstring edges
[2025-01-08 11:36:33] Computing Matchings Dynamic walk
[2025-01-08 11:36:34] Matchings - CX: 58, U3: 57, Depth: 86
[2025-01-08 11:36:34] Computing Exact walk
[2025-01-08 11:36:35] Exact - CX: 100, U3: 165, Depth: 197
[2025-01-08 11:36:35] Computing Pauli decomposition
[2025-01-08 11:36:35] Pauli - CX: 78, U3: 131, Depth: 146
[2025-01-08 11:36:35] Successfully processed graph 47 - Category: win_both
[2025-01-08 11:36:35] 
Processing graph 48/200
[2025-01-08 11:36:35] Graph 48 has 16 nodes and 38 edges
[2025-01-08 11:36:35] Converted to 38 bitstring edges
[2025-01-08 11:36:35] Computing Matchings Dynamic walk
[2025-01-08 11:36:36] Matchings - CX: 45, U3: 46, Depth: 72
[2025-01-08 11:36:36] Computing Exact walk
[2025-01-08 11:36:37] Exact - CX: 100, U3: 165, Depth: 197
[2025-01-08 11:36:37] Computing Pauli decomposition
[2025-01-08 11:36:37] Pauli - CX: 68, U3: 109, Depth: 124
[2025-01-08 11:36:37] Successfully processed graph 48 - Category: win_both
[2025-01-08 11:36:37] 
Processing graph 49/200
[2025-01-08 11:36:37] Graph 49 has 16 nodes and 38 edges
[2025-01-08 11:36:37] Converted to 38 bitstring edges
[2025-01-08 11:36:37] Computing Matchings Dynamic walk
[2025-01-08 11:36:38] Matchings - CX: 51, U3: 51, Depth: 77
[2025-01-08 11:36:38] Computing Exact walk
[2025-01-08 11:36:38] Exact - CX: 98, U3: 160, Depth: 192
[2025-01-08 11:36:38] Computing Pauli decomposition
[2025-01-08 11:36:39] Pauli - CX: 74, U3: 124, Depth: 137
[2025-01-08 11:36:39] Successfully processed graph 49 - Category: win_both
[2025-01-08 11:36:39] 
Processing graph 50/200
[2025-01-08 11:36:39] Graph 50 has 16 nodes and 38 edges
[2025-01-08 11:36:39] Converted to 38 bitstring edges
[2025-01-08 11:36:39] Computing Matchings Dynamic walk
[2025-01-08 11:36:40] Matchings - CX: 52, U3: 52, Depth: 82
[2025-01-08 11:36:40] Computing Exact walk
[2025-01-08 11:36:41] Exact - CX: 100, U3: 165, Depth: 197
[2025-01-08 11:36:41] Computing Pauli decomposition
[2025-01-08 11:36:41] Pauli - CX: 72, U3: 126, Depth: 134
[2025-01-08 11:36:41] Successfully processed graph 50 - Category: win_both
[2025-01-08 11:36:41] 
Processing graph 51/200
[2025-01-08 11:36:41] Graph 51 has 16 nodes and 35 edges
[2025-01-08 11:36:41] Converted to 35 bitstring edges
[2025-01-08 11:36:41] Computing Matchings Dynamic walk
[2025-01-08 11:36:42] Matchings - CX: 45, U3: 43, Depth: 71
[2025-01-08 11:36:42] Computing Exact walk
[2025-01-08 11:36:43] Exact - CX: 100, U3: 165, Depth: 197
[2025-01-08 11:36:43] Computing Pauli decomposition
[2025-01-08 11:36:43] Pauli - CX: 68, U3: 110, Depth: 124
[2025-01-08 11:36:43] Successfully processed graph 51 - Category: win_both
[2025-01-08 11:36:43] 
Processing graph 52/200
[2025-01-08 11:36:43] Graph 52 has 16 nodes and 35 edges
[2025-01-08 11:36:43] Converted to 35 bitstring edges
[2025-01-08 11:36:43] Computing Matchings Dynamic walk
[2025-01-08 11:36:44] Matchings - CX: 63, U3: 63, Depth: 99
[2025-01-08 11:36:44] Computing Exact walk
[2025-01-08 11:36:45] Exact - CX: 100, U3: 164, Depth: 197
[2025-01-08 11:36:45] Computing Pauli decomposition
[2025-01-08 11:36:45] Pauli - CX: 70, U3: 122, Depth: 131
[2025-01-08 11:36:45] Successfully processed graph 52 - Category: win_both
[2025-01-08 11:36:45] 
Processing graph 53/200
[2025-01-08 11:36:45] Graph 53 has 16 nodes and 36 edges
[2025-01-08 11:36:45] Converted to 36 bitstring edges
[2025-01-08 11:36:45] Computing Matchings Dynamic walk
[2025-01-08 11:36:46] Matchings - CX: 32, U3: 35, Depth: 51
[2025-01-08 11:36:46] Computing Exact walk
[2025-01-08 11:36:46] Exact - CX: 100, U3: 165, Depth: 197
[2025-01-08 11:36:46] Computing Pauli decomposition
[2025-01-08 11:36:47] Pauli - CX: 78, U3: 139, Depth: 147
[2025-01-08 11:36:47] Successfully processed graph 53 - Category: win_both
[2025-01-08 11:36:47] 
Processing graph 54/200
[2025-01-08 11:36:47] Graph 54 has 16 nodes and 34 edges
[2025-01-08 11:36:47] Converted to 34 bitstring edges
[2025-01-08 11:36:47] Computing Matchings Dynamic walk
[2025-01-08 11:36:48] Matchings - CX: 49, U3: 48, Depth: 78
[2025-01-08 11:36:48] Computing Exact walk
[2025-01-08 11:36:49] Exact - CX: 100, U3: 165, Depth: 197
[2025-01-08 11:36:49] Computing Pauli decomposition
[2025-01-08 11:36:49] Pauli - CX: 78, U3: 136, Depth: 147
[2025-01-08 11:36:49] Successfully processed graph 54 - Category: win_both
[2025-01-08 11:36:49] 
Processing graph 55/200
[2025-01-08 11:36:49] Graph 55 has 16 nodes and 34 edges
[2025-01-08 11:36:49] Converted to 34 bitstring edges
[2025-01-08 11:36:49] Computing Matchings Dynamic walk
[2025-01-08 11:36:50] Matchings - CX: 61, U3: 68, Depth: 97
[2025-01-08 11:36:50] Computing Exact walk
[2025-01-08 11:36:50] Exact - CX: 100, U3: 165, Depth: 197
[2025-01-08 11:36:50] Computing Pauli decomposition
[2025-01-08 11:36:51] Pauli - CX: 73, U3: 123, Depth: 134
[2025-01-08 11:36:51] Successfully processed graph 55 - Category: win_both
[2025-01-08 11:36:51] 
Processing graph 56/200
[2025-01-08 11:36:51] Graph 56 has 16 nodes and 36 edges
[2025-01-08 11:36:51] Converted to 36 bitstring edges
[2025-01-08 11:36:51] Computing Matchings Dynamic walk
[2025-01-08 11:36:52] Matchings - CX: 64, U3: 56, Depth: 94
[2025-01-08 11:36:52] Computing Exact walk
[2025-01-08 11:36:52] Exact - CX: 100, U3: 164, Depth: 196
[2025-01-08 11:36:52] Computing Pauli decomposition
[2025-01-08 11:36:53] Pauli - CX: 78, U3: 130, Depth: 144
[2025-01-08 11:36:53] Successfully processed graph 56 - Category: win_both
[2025-01-08 11:36:53] 
Processing graph 57/200
[2025-01-08 11:36:53] Graph 57 has 16 nodes and 34 edges
[2025-01-08 11:36:53] Converted to 34 bitstring edges
[2025-01-08 11:36:53] Computing Matchings Dynamic walk
[2025-01-08 11:36:53] Matchings - CX: 68, U3: 63, Depth: 101
[2025-01-08 11:36:53] Computing Exact walk
[2025-01-08 11:36:54] Exact - CX: 100, U3: 165, Depth: 197
[2025-01-08 11:36:54] Computing Pauli decomposition
[2025-01-08 11:36:55] Pauli - CX: 72, U3: 113, Depth: 130
[2025-01-08 11:36:55] Successfully processed graph 57 - Category: win_both
[2025-01-08 11:36:55] 
Processing graph 58/200
[2025-01-08 11:36:55] Graph 58 has 16 nodes and 35 edges
[2025-01-08 11:36:55] Converted to 35 bitstring edges
[2025-01-08 11:36:55] Computing Matchings Dynamic walk
[2025-01-08 11:36:55] Matchings - CX: 62, U3: 57, Depth: 96
[2025-01-08 11:36:55] Computing Exact walk
[2025-01-08 11:36:56] Exact - CX: 100, U3: 165, Depth: 197
[2025-01-08 11:36:56] Computing Pauli decomposition
[2025-01-08 11:36:57] Pauli - CX: 67, U3: 114, Depth: 125
[2025-01-08 11:36:57] Successfully processed graph 58 - Category: win_both
[2025-01-08 11:36:57] 
Processing graph 59/200
[2025-01-08 11:36:57] Graph 59 has 16 nodes and 37 edges
[2025-01-08 11:36:57] Converted to 37 bitstring edges
[2025-01-08 11:36:57] Computing Matchings Dynamic walk
[2025-01-08 11:36:57] Matchings - CX: 49, U3: 44, Depth: 74
[2025-01-08 11:36:57] Computing Exact walk
[2025-01-08 11:36:58] Exact - CX: 100, U3: 165, Depth: 197
[2025-01-08 11:36:58] Computing Pauli decomposition
[2025-01-08 11:36:58] Pauli - CX: 62, U3: 111, Depth: 116
[2025-01-08 11:36:58] Successfully processed graph 59 - Category: win_both
[2025-01-08 11:36:58] 
Processing graph 60/200
[2025-01-08 11:36:58] Graph 60 has 16 nodes and 35 edges
[2025-01-08 11:36:58] Converted to 35 bitstring edges
[2025-01-08 11:36:58] Computing Matchings Dynamic walk
[2025-01-08 11:36:59] Matchings - CX: 35, U3: 40, Depth: 58
[2025-01-08 11:36:59] Computing Exact walk
[2025-01-08 11:37:00] Exact - CX: 100, U3: 165, Depth: 197
[2025-01-08 11:37:00] Computing Pauli decomposition
[2025-01-08 11:37:00] Pauli - CX: 71, U3: 114, Depth: 129
[2025-01-08 11:37:00] Successfully processed graph 60 - Category: win_both
[2025-01-08 11:37:00] 
Processing graph 61/200
[2025-01-08 11:37:00] Graph 61 has 16 nodes and 35 edges
[2025-01-08 11:37:00] Converted to 35 bitstring edges
[2025-01-08 11:37:00] Computing Matchings Dynamic walk
[2025-01-08 11:37:01] Matchings - CX: 35, U3: 32, Depth: 54
[2025-01-08 11:37:01] Computing Exact walk
[2025-01-08 11:37:01] Exact - CX: 98, U3: 161, Depth: 192
[2025-01-08 11:37:01] Computing Pauli decomposition
[2025-01-08 11:37:02] Pauli - CX: 71, U3: 114, Depth: 129
[2025-01-08 11:37:02] Successfully processed graph 61 - Category: win_both
[2025-01-08 11:37:02] 
Processing graph 62/200
[2025-01-08 11:37:02] Graph 62 has 16 nodes and 33 edges
[2025-01-08 11:37:02] Converted to 33 bitstring edges
[2025-01-08 11:37:02] Computing Matchings Dynamic walk
[2025-01-08 11:37:03] Matchings - CX: 51, U3: 55, Depth: 80
[2025-01-08 11:37:03] Computing Exact walk
[2025-01-08 11:37:03] Exact - CX: 100, U3: 165, Depth: 197
[2025-01-08 11:37:03] Computing Pauli decomposition
[2025-01-08 11:37:04] Pauli - CX: 62, U3: 112, Depth: 118
[2025-01-08 11:37:04] Successfully processed graph 62 - Category: win_both
[2025-01-08 11:37:04] 
Processing graph 63/200
[2025-01-08 11:37:04] Graph 63 has 16 nodes and 33 edges
[2025-01-08 11:37:04] Converted to 33 bitstring edges
[2025-01-08 11:37:04] Computing Matchings Dynamic walk
[2025-01-08 11:37:05] Matchings - CX: 55, U3: 50, Depth: 79
[2025-01-08 11:37:05] Computing Exact walk
[2025-01-08 11:37:05] Exact - CX: 100, U3: 165, Depth: 197
[2025-01-08 11:37:05] Computing Pauli decomposition
[2025-01-08 11:37:06] Pauli - CX: 73, U3: 121, Depth: 133
[2025-01-08 11:37:06] Successfully processed graph 63 - Category: win_both
[2025-01-08 11:37:06] 
Processing graph 64/200
[2025-01-08 11:37:06] Graph 64 has 16 nodes and 36 edges
[2025-01-08 11:37:06] Converted to 36 bitstring edges
[2025-01-08 11:37:06] Computing Matchings Dynamic walk
[2025-01-08 11:37:06] Matchings - CX: 45, U3: 45, Depth: 72
[2025-01-08 11:37:06] Computing Exact walk
[2025-01-08 11:37:07] Exact - CX: 100, U3: 165, Depth: 197
[2025-01-08 11:37:07] Computing Pauli decomposition
[2025-01-08 11:37:08] Pauli - CX: 71, U3: 125, Depth: 134
[2025-01-08 11:37:08] Successfully processed graph 64 - Category: win_both
[2025-01-08 11:37:08] 
Processing graph 65/200
[2025-01-08 11:37:08] Graph 65 has 16 nodes and 36 edges
[2025-01-08 11:37:08] Converted to 36 bitstring edges
[2025-01-08 11:37:08] Computing Matchings Dynamic walk
[2025-01-08 11:37:08] Matchings - CX: 72, U3: 71, Depth: 111
[2025-01-08 11:37:08] Computing Exact walk
[2025-01-08 11:37:09] Exact - CX: 100, U3: 165, Depth: 197
[2025-01-08 11:37:09] Computing Pauli decomposition
[2025-01-08 11:37:09] Pauli - CX: 63, U3: 113, Depth: 118
[2025-01-08 11:37:09] Successfully processed graph 65 - Category: win_exact_lose_pauli
[2025-01-08 11:37:09] 
Processing graph 66/200
[2025-01-08 11:37:09] Graph 66 has 16 nodes and 35 edges
[2025-01-08 11:37:09] Converted to 35 bitstring edges
[2025-01-08 11:37:09] Computing Matchings Dynamic walk
[2025-01-08 11:37:10] Matchings - CX: 82, U3: 76, Depth: 124
[2025-01-08 11:37:10] Computing Exact walk
[2025-01-08 11:37:11] Exact - CX: 100, U3: 165, Depth: 197
[2025-01-08 11:37:11] Computing Pauli decomposition
[2025-01-08 11:37:11] Pauli - CX: 54, U3: 96, Depth: 104
[2025-01-08 11:37:11] Successfully processed graph 66 - Category: win_exact_lose_pauli
[2025-01-08 11:37:11] 
Processing graph 67/200
[2025-01-08 11:37:11] Graph 67 has 16 nodes and 32 edges
[2025-01-08 11:37:11] Converted to 32 bitstring edges
[2025-01-08 11:37:11] Computing Matchings Dynamic walk
[2025-01-08 11:37:12] Matchings - CX: 68, U3: 60, Depth: 97
[2025-01-08 11:37:12] Computing Exact walk
[2025-01-08 11:37:13] Exact - CX: 100, U3: 165, Depth: 197
[2025-01-08 11:37:13] Computing Pauli decomposition
[2025-01-08 11:37:13] Pauli - CX: 68, U3: 113, Depth: 125
[2025-01-08 11:37:13] Successfully processed graph 67 - Category: win_exact_draw_pauli
[2025-01-08 11:37:13] 
Processing graph 68/200
[2025-01-08 11:37:13] Graph 68 has 16 nodes and 33 edges
[2025-01-08 11:37:13] Converted to 33 bitstring edges
[2025-01-08 11:37:13] Computing Matchings Dynamic walk
[2025-01-08 11:37:14] Matchings - CX: 42, U3: 44, Depth: 66
[2025-01-08 11:37:14] Computing Exact walk
[2025-01-08 11:37:14] Exact - CX: 100, U3: 165, Depth: 197
[2025-01-08 11:37:14] Computing Pauli decomposition
[2025-01-08 11:37:15] Pauli - CX: 72, U3: 127, Depth: 135
[2025-01-08 11:37:15] Successfully processed graph 68 - Category: win_both
[2025-01-08 11:37:15] 
Processing graph 69/200
[2025-01-08 11:37:15] Graph 69 has 16 nodes and 36 edges
[2025-01-08 11:37:15] Converted to 36 bitstring edges
[2025-01-08 11:37:15] Computing Matchings Dynamic walk
[2025-01-08 11:37:16] Matchings - CX: 50, U3: 47, Depth: 78
[2025-01-08 11:37:16] Computing Exact walk
[2025-01-08 11:37:16] Exact - CX: 100, U3: 165, Depth: 197
[2025-01-08 11:37:16] Computing Pauli decomposition
[2025-01-08 11:37:17] Pauli - CX: 78, U3: 138, Depth: 146
[2025-01-08 11:37:17] Successfully processed graph 69 - Category: win_both
[2025-01-08 11:37:17] 
Processing graph 70/200
[2025-01-08 11:37:17] Graph 70 has 16 nodes and 36 edges
[2025-01-08 11:37:17] Converted to 36 bitstring edges
[2025-01-08 11:37:17] Computing Matchings Dynamic walk
[2025-01-08 11:37:18] Matchings - CX: 42, U3: 39, Depth: 64
[2025-01-08 11:37:18] Computing Exact walk
[2025-01-08 11:37:18] Exact - CX: 100, U3: 165, Depth: 197
[2025-01-08 11:37:18] Computing Pauli decomposition
[2025-01-08 11:37:19] Pauli - CX: 61, U3: 115, Depth: 117
[2025-01-08 11:37:19] Successfully processed graph 70 - Category: win_both
[2025-01-08 11:37:19] 
Processing graph 71/200
[2025-01-08 11:37:19] Graph 71 has 16 nodes and 34 edges
[2025-01-08 11:37:19] Converted to 34 bitstring edges
[2025-01-08 11:37:19] Computing Matchings Dynamic walk
[2025-01-08 11:37:19] Matchings - CX: 59, U3: 57, Depth: 89
[2025-01-08 11:37:19] Computing Exact walk
[2025-01-08 11:37:20] Exact - CX: 100, U3: 165, Depth: 197
[2025-01-08 11:37:20] Computing Pauli decomposition
[2025-01-08 11:37:21] Pauli - CX: 72, U3: 127, Depth: 136
[2025-01-08 11:37:21] Successfully processed graph 71 - Category: win_both
[2025-01-08 11:37:21] 
Processing graph 72/200
[2025-01-08 11:37:21] Graph 72 has 16 nodes and 37 edges
[2025-01-08 11:37:21] Converted to 37 bitstring edges
[2025-01-08 11:37:21] Computing Matchings Dynamic walk
[2025-01-08 11:37:21] Matchings - CX: 63, U3: 57, Depth: 97
[2025-01-08 11:37:21] Computing Exact walk
[2025-01-08 11:37:22] Exact - CX: 100, U3: 165, Depth: 197
[2025-01-08 11:37:22] Computing Pauli decomposition
[2025-01-08 11:37:23] Pauli - CX: 67, U3: 117, Depth: 126
[2025-01-08 11:37:23] Successfully processed graph 72 - Category: win_both
[2025-01-08 11:37:23] 
Processing graph 73/200
[2025-01-08 11:37:23] Graph 73 has 16 nodes and 34 edges
[2025-01-08 11:37:23] Converted to 34 bitstring edges
[2025-01-08 11:37:23] Computing Matchings Dynamic walk
[2025-01-08 11:37:23] Matchings - CX: 78, U3: 60, Depth: 109
[2025-01-08 11:37:23] Computing Exact walk
[2025-01-08 11:37:24] Exact - CX: 97, U3: 159, Depth: 190
[2025-01-08 11:37:24] Computing Pauli decomposition
[2025-01-08 11:37:25] Pauli - CX: 72, U3: 129, Depth: 135
[2025-01-08 11:37:25] Successfully processed graph 73 - Category: win_exact_lose_pauli
[2025-01-08 11:37:25] 
Processing graph 74/200
[2025-01-08 11:37:25] Graph 74 has 16 nodes and 34 edges
[2025-01-08 11:37:25] Converted to 34 bitstring edges
[2025-01-08 11:37:25] Computing Matchings Dynamic walk
[2025-01-08 11:37:25] Matchings - CX: 41, U3: 44, Depth: 66
[2025-01-08 11:37:25] Computing Exact walk
[2025-01-08 11:37:26] Exact - CX: 100, U3: 160, Depth: 195
[2025-01-08 11:37:26] Computing Pauli decomposition
[2025-01-08 11:37:26] Pauli - CX: 72, U3: 119, Depth: 134
[2025-01-08 11:37:26] Successfully processed graph 74 - Category: win_both
[2025-01-08 11:37:26] 
Processing graph 75/200
[2025-01-08 11:37:26] Graph 75 has 16 nodes and 39 edges
[2025-01-08 11:37:26] Converted to 39 bitstring edges
[2025-01-08 11:37:26] Computing Matchings Dynamic walk
[2025-01-08 11:37:27] Matchings - CX: 63, U3: 58, Depth: 95
[2025-01-08 11:37:27] Computing Exact walk
[2025-01-08 11:37:28] Exact - CX: 100, U3: 165, Depth: 197
[2025-01-08 11:37:28] Computing Pauli decomposition
[2025-01-08 11:37:28] Pauli - CX: 54, U3: 80, Depth: 96
[2025-01-08 11:37:28] Successfully processed graph 75 - Category: win_exact_lose_pauli
[2025-01-08 11:37:28] 
Processing graph 76/200
[2025-01-08 11:37:28] Graph 76 has 16 nodes and 37 edges
[2025-01-08 11:37:28] Converted to 37 bitstring edges
[2025-01-08 11:37:28] Computing Matchings Dynamic walk
[2025-01-08 11:37:29] Matchings - CX: 43, U3: 44, Depth: 66
[2025-01-08 11:37:29] Computing Exact walk
[2025-01-08 11:37:29] Exact - CX: 100, U3: 165, Depth: 197
[2025-01-08 11:37:29] Computing Pauli decomposition
[2025-01-08 11:37:30] Pauli - CX: 72, U3: 124, Depth: 135
[2025-01-08 11:37:30] Successfully processed graph 76 - Category: win_both
[2025-01-08 11:37:30] 
Processing graph 77/200
[2025-01-08 11:37:30] Graph 77 has 16 nodes and 36 edges
[2025-01-08 11:37:30] Converted to 36 bitstring edges
[2025-01-08 11:37:30] Computing Matchings Dynamic walk
[2025-01-08 11:37:31] Matchings - CX: 63, U3: 57, Depth: 95
[2025-01-08 11:37:31] Computing Exact walk
[2025-01-08 11:37:31] Exact - CX: 100, U3: 163, Depth: 196
[2025-01-08 11:37:31] Computing Pauli decomposition
[2025-01-08 11:37:32] Pauli - CX: 68, U3: 103, Depth: 123
[2025-01-08 11:37:32] Successfully processed graph 77 - Category: win_both
[2025-01-08 11:37:32] 
Processing graph 78/200
[2025-01-08 11:37:32] Graph 78 has 16 nodes and 37 edges
[2025-01-08 11:37:32] Converted to 37 bitstring edges
[2025-01-08 11:37:32] Computing Matchings Dynamic walk
[2025-01-08 11:37:32] Matchings - CX: 54, U3: 55, Depth: 85
[2025-01-08 11:37:32] Computing Exact walk
[2025-01-08 11:37:33] Exact - CX: 100, U3: 165, Depth: 197
[2025-01-08 11:37:33] Computing Pauli decomposition
[2025-01-08 11:37:34] Pauli - CX: 72, U3: 129, Depth: 136
[2025-01-08 11:37:34] Successfully processed graph 78 - Category: win_both
[2025-01-08 11:37:34] 
Processing graph 79/200
[2025-01-08 11:37:34] Graph 79 has 16 nodes and 34 edges
[2025-01-08 11:37:34] Converted to 34 bitstring edges
[2025-01-08 11:37:34] Computing Matchings Dynamic walk
[2025-01-08 11:37:34] Matchings - CX: 43, U3: 44, Depth: 67
[2025-01-08 11:37:34] Computing Exact walk
[2025-01-08 11:37:35] Exact - CX: 98, U3: 162, Depth: 192
[2025-01-08 11:37:35] Computing Pauli decomposition
[2025-01-08 11:37:36] Pauli - CX: 73, U3: 130, Depth: 137
[2025-01-08 11:37:36] Successfully processed graph 79 - Category: win_both
[2025-01-08 11:37:36] 
Processing graph 80/200
[2025-01-08 11:37:36] Graph 80 has 16 nodes and 33 edges
[2025-01-08 11:37:36] Converted to 33 bitstring edges
[2025-01-08 11:37:36] Computing Matchings Dynamic walk
[2025-01-08 11:37:36] Matchings - CX: 70, U3: 69, Depth: 107
[2025-01-08 11:37:36] Computing Exact walk
[2025-01-08 11:37:37] Exact - CX: 100, U3: 165, Depth: 197
[2025-01-08 11:37:37] Computing Pauli decomposition
[2025-01-08 11:37:38] Pauli - CX: 71, U3: 119, Depth: 131
[2025-01-08 11:37:38] Successfully processed graph 80 - Category: win_both
[2025-01-08 11:37:38] 
Processing graph 81/200
[2025-01-08 11:37:38] Graph 81 has 16 nodes and 34 edges
[2025-01-08 11:37:38] Converted to 34 bitstring edges
[2025-01-08 11:37:38] Computing Matchings Dynamic walk
[2025-01-08 11:37:38] Matchings - CX: 41, U3: 47, Depth: 65
[2025-01-08 11:37:38] Computing Exact walk
[2025-01-08 11:37:39] Exact - CX: 98, U3: 160, Depth: 191
[2025-01-08 11:37:39] Computing Pauli decomposition
[2025-01-08 11:37:40] Pauli - CX: 69, U3: 114, Depth: 129
[2025-01-08 11:37:40] Successfully processed graph 81 - Category: win_both
[2025-01-08 11:37:40] 
Processing graph 82/200
[2025-01-08 11:37:40] Graph 82 has 16 nodes and 35 edges
[2025-01-08 11:37:40] Converted to 35 bitstring edges
[2025-01-08 11:37:40] Computing Matchings Dynamic walk
[2025-01-08 11:37:40] Matchings - CX: 51, U3: 48, Depth: 78
[2025-01-08 11:37:40] Computing Exact walk
[2025-01-08 11:37:41] Exact - CX: 100, U3: 165, Depth: 197
[2025-01-08 11:37:41] Computing Pauli decomposition
[2025-01-08 11:37:42] Pauli - CX: 78, U3: 132, Depth: 144
[2025-01-08 11:37:42] Successfully processed graph 82 - Category: win_both
[2025-01-08 11:37:42] 
Processing graph 83/200
[2025-01-08 11:37:42] Graph 83 has 16 nodes and 34 edges
[2025-01-08 11:37:42] Converted to 34 bitstring edges
[2025-01-08 11:37:42] Computing Matchings Dynamic walk
[2025-01-08 11:37:42] Matchings - CX: 40, U3: 42, Depth: 66
[2025-01-08 11:37:42] Computing Exact walk
[2025-01-08 11:37:43] Exact - CX: 100, U3: 165, Depth: 197
[2025-01-08 11:37:43] Computing Pauli decomposition
[2025-01-08 11:37:44] Pauli - CX: 65, U3: 112, Depth: 121
[2025-01-08 11:37:44] Successfully processed graph 83 - Category: win_both
[2025-01-08 11:37:44] 
Processing graph 84/200
[2025-01-08 11:37:44] Graph 84 has 16 nodes and 37 edges
[2025-01-08 11:37:44] Converted to 37 bitstring edges
[2025-01-08 11:37:44] Computing Matchings Dynamic walk
[2025-01-08 11:37:45] Matchings - CX: 38, U3: 39, Depth: 60
[2025-01-08 11:37:45] Computing Exact walk
[2025-01-08 11:37:46] Exact - CX: 100, U3: 165, Depth: 197
[2025-01-08 11:37:46] Computing Pauli decomposition
[2025-01-08 11:37:47] Pauli - CX: 78, U3: 135, Depth: 146
[2025-01-08 11:37:47] Successfully processed graph 84 - Category: win_both
[2025-01-08 11:37:47] 
Processing graph 85/200
[2025-01-08 11:37:47] Graph 85 has 16 nodes and 33 edges
[2025-01-08 11:37:47] Converted to 33 bitstring edges
[2025-01-08 11:37:47] Computing Matchings Dynamic walk
[2025-01-08 11:37:48] Matchings - CX: 38, U3: 40, Depth: 59
[2025-01-08 11:37:48] Computing Exact walk
[2025-01-08 11:37:48] Exact - CX: 100, U3: 165, Depth: 197
[2025-01-08 11:37:48] Computing Pauli decomposition
[2025-01-08 11:37:49] Pauli - CX: 63, U3: 110, Depth: 117
[2025-01-08 11:37:49] Successfully processed graph 85 - Category: win_both
[2025-01-08 11:37:49] 
Processing graph 86/200
[2025-01-08 11:37:49] Graph 86 has 16 nodes and 34 edges
[2025-01-08 11:37:49] Converted to 34 bitstring edges
[2025-01-08 11:37:49] Computing Matchings Dynamic walk
[2025-01-08 11:37:50] Matchings - CX: 44, U3: 44, Depth: 69
[2025-01-08 11:37:50] Computing Exact walk
[2025-01-08 11:37:51] Exact - CX: 99, U3: 161, Depth: 194
[2025-01-08 11:37:51] Computing Pauli decomposition
[2025-01-08 11:37:53] Pauli - CX: 74, U3: 124, Depth: 136
[2025-01-08 11:37:53] Successfully processed graph 86 - Category: win_both
[2025-01-08 11:37:53] 
Processing graph 87/200
[2025-01-08 11:37:53] Graph 87 has 16 nodes and 32 edges
[2025-01-08 11:37:53] Converted to 32 bitstring edges
[2025-01-08 11:37:53] Computing Matchings Dynamic walk
[2025-01-08 11:37:54] Matchings - CX: 45, U3: 50, Depth: 72
[2025-01-08 11:37:54] Computing Exact walk
[2025-01-08 11:37:55] Exact - CX: 100, U3: 162, Depth: 196
[2025-01-08 11:37:55] Computing Pauli decomposition
[2025-01-08 11:37:57] Pauli - CX: 68, U3: 122, Depth: 128
[2025-01-08 11:37:57] Successfully processed graph 87 - Category: win_both
[2025-01-08 11:37:57] 
Processing graph 88/200
[2025-01-08 11:37:57] Graph 88 has 16 nodes and 37 edges
[2025-01-08 11:37:57] Converted to 37 bitstring edges
[2025-01-08 11:37:57] Computing Matchings Dynamic walk
[2025-01-08 11:37:58] Matchings - CX: 84, U3: 71, Depth: 125
[2025-01-08 11:37:58] Computing Exact walk
[2025-01-08 11:38:00] Exact - CX: 100, U3: 165, Depth: 197
[2025-01-08 11:38:00] Computing Pauli decomposition
[2025-01-08 11:38:01] Pauli - CX: 59, U3: 93, Depth: 106
[2025-01-08 11:38:01] Successfully processed graph 88 - Category: win_exact_lose_pauli
[2025-01-08 11:38:01] 
Processing graph 89/200
[2025-01-08 11:38:01] Graph 89 has 16 nodes and 37 edges
[2025-01-08 11:38:01] Converted to 37 bitstring edges
[2025-01-08 11:38:01] Computing Matchings Dynamic walk
[2025-01-08 11:38:02] Matchings - CX: 52, U3: 52, Depth: 80
[2025-01-08 11:38:02] Computing Exact walk
[2025-01-08 11:38:04] Exact - CX: 100, U3: 165, Depth: 197
[2025-01-08 11:38:04] Computing Pauli decomposition
[2025-01-08 11:38:05] Pauli - CX: 73, U3: 123, Depth: 135
[2025-01-08 11:38:05] Successfully processed graph 89 - Category: win_both
[2025-01-08 11:38:05] 
Processing graph 90/200
[2025-01-08 11:38:05] Graph 90 has 16 nodes and 37 edges
[2025-01-08 11:38:05] Converted to 37 bitstring edges
[2025-01-08 11:38:05] Computing Matchings Dynamic walk
[2025-01-08 11:38:06] Matchings - CX: 63, U3: 54, Depth: 89
[2025-01-08 11:38:06] Computing Exact walk
[2025-01-08 11:38:08] Exact - CX: 98, U3: 162, Depth: 193
[2025-01-08 11:38:08] Computing Pauli decomposition
[2025-01-08 11:38:09] Pauli - CX: 70, U3: 126, Depth: 133
[2025-01-08 11:38:09] Successfully processed graph 90 - Category: win_both
[2025-01-08 11:38:09] 
Processing graph 91/200
[2025-01-08 11:38:09] Graph 91 has 16 nodes and 36 edges
[2025-01-08 11:38:09] Converted to 36 bitstring edges
[2025-01-08 11:38:09] Computing Matchings Dynamic walk
[2025-01-08 11:38:10] Matchings - CX: 70, U3: 69, Depth: 105
[2025-01-08 11:38:10] Computing Exact walk
[2025-01-08 11:38:11] Exact - CX: 100, U3: 165, Depth: 197
[2025-01-08 11:38:11] Computing Pauli decomposition
[2025-01-08 11:38:13] Pauli - CX: 67, U3: 115, Depth: 124
[2025-01-08 11:38:13] Successfully processed graph 91 - Category: win_exact_lose_pauli
[2025-01-08 11:38:13] 
Processing graph 92/200
[2025-01-08 11:38:13] Graph 92 has 16 nodes and 34 edges
[2025-01-08 11:38:13] Converted to 34 bitstring edges
[2025-01-08 11:38:13] Computing Matchings Dynamic walk
[2025-01-08 11:38:14] Matchings - CX: 32, U3: 32, Depth: 49
[2025-01-08 11:38:14] Computing Exact walk
[2025-01-08 11:38:15] Exact - CX: 100, U3: 165, Depth: 197
[2025-01-08 11:38:15] Computing Pauli decomposition
[2025-01-08 11:38:17] Pauli - CX: 71, U3: 122, Depth: 132
[2025-01-08 11:38:17] Successfully processed graph 92 - Category: win_both
[2025-01-08 11:38:17] 
Processing graph 93/200
[2025-01-08 11:38:17] Graph 93 has 16 nodes and 36 edges
[2025-01-08 11:38:17] Converted to 36 bitstring edges
[2025-01-08 11:38:17] Computing Matchings Dynamic walk
[2025-01-08 11:38:17] Matchings - CX: 37, U3: 42, Depth: 59
[2025-01-08 11:38:17] Computing Exact walk
[2025-01-08 11:38:19] Exact - CX: 100, U3: 165, Depth: 197
[2025-01-08 11:38:19] Computing Pauli decomposition
[2025-01-08 11:38:20] Pauli - CX: 67, U3: 110, Depth: 122
[2025-01-08 11:38:20] Successfully processed graph 93 - Category: win_both
[2025-01-08 11:38:20] 
Processing graph 94/200
[2025-01-08 11:38:20] Graph 94 has 16 nodes and 36 edges
[2025-01-08 11:38:20] Converted to 36 bitstring edges
[2025-01-08 11:38:20] Computing Matchings Dynamic walk
[2025-01-08 11:38:21] Matchings - CX: 48, U3: 47, Depth: 72
[2025-01-08 11:38:21] Computing Exact walk
[2025-01-08 11:38:22] Exact - CX: 97, U3: 158, Depth: 189
[2025-01-08 11:38:22] Computing Pauli decomposition
[2025-01-08 11:38:23] Pauli - CX: 65, U3: 116, Depth: 124
[2025-01-08 11:38:23] Successfully processed graph 94 - Category: win_both
[2025-01-08 11:38:23] 
Processing graph 95/200
[2025-01-08 11:38:23] Graph 95 has 16 nodes and 33 edges
[2025-01-08 11:38:23] Converted to 33 bitstring edges
[2025-01-08 11:38:23] Computing Matchings Dynamic walk
[2025-01-08 11:38:24] Matchings - CX: 46, U3: 47, Depth: 71
[2025-01-08 11:38:24] Computing Exact walk
[2025-01-08 11:38:26] Exact - CX: 98, U3: 163, Depth: 193
[2025-01-08 11:38:26] Computing Pauli decomposition
[2025-01-08 11:38:27] Pauli - CX: 59, U3: 107, Depth: 111
[2025-01-08 11:38:27] Successfully processed graph 95 - Category: win_both
[2025-01-08 11:38:27] 
Processing graph 96/200
[2025-01-08 11:38:27] Graph 96 has 16 nodes and 35 edges
[2025-01-08 11:38:27] Converted to 35 bitstring edges
[2025-01-08 11:38:27] Computing Matchings Dynamic walk
[2025-01-08 11:38:28] Matchings - CX: 47, U3: 45, Depth: 73
[2025-01-08 11:38:28] Computing Exact walk
[2025-01-08 11:38:29] Exact - CX: 100, U3: 165, Depth: 197
[2025-01-08 11:38:29] Computing Pauli decomposition
[2025-01-08 11:38:30] Pauli - CX: 72, U3: 121, Depth: 131
[2025-01-08 11:38:30] Successfully processed graph 96 - Category: win_both
[2025-01-08 11:38:30] 
Processing graph 97/200
[2025-01-08 11:38:30] Graph 97 has 16 nodes and 37 edges
[2025-01-08 11:38:30] Converted to 37 bitstring edges
[2025-01-08 11:38:30] Computing Matchings Dynamic walk
[2025-01-08 11:38:31] Matchings - CX: 77, U3: 62, Depth: 110
[2025-01-08 11:38:31] Computing Exact walk
[2025-01-08 11:38:33] Exact - CX: 100, U3: 165, Depth: 197
[2025-01-08 11:38:33] Computing Pauli decomposition
[2025-01-08 11:38:34] Pauli - CX: 65, U3: 113, Depth: 121
[2025-01-08 11:38:34] Successfully processed graph 97 - Category: win_exact_lose_pauli
[2025-01-08 11:38:34] 
Processing graph 98/200
[2025-01-08 11:38:34] Graph 98 has 16 nodes and 38 edges
[2025-01-08 11:38:34] Converted to 38 bitstring edges
[2025-01-08 11:38:34] Computing Matchings Dynamic walk
[2025-01-08 11:38:35] Matchings - CX: 42, U3: 45, Depth: 65
[2025-01-08 11:38:35] Computing Exact walk
[2025-01-08 11:38:36] Exact - CX: 100, U3: 165, Depth: 197
[2025-01-08 11:38:36] Computing Pauli decomposition
[2025-01-08 11:38:37] Pauli - CX: 60, U3: 98, Depth: 111
[2025-01-08 11:38:37] Successfully processed graph 98 - Category: win_both
[2025-01-08 11:38:37] 
Processing graph 99/200
[2025-01-08 11:38:37] Graph 99 has 16 nodes and 36 edges
[2025-01-08 11:38:37] Converted to 36 bitstring edges
[2025-01-08 11:38:37] Computing Matchings Dynamic walk
[2025-01-08 11:38:38] Matchings - CX: 47, U3: 42, Depth: 71
[2025-01-08 11:38:38] Computing Exact walk
[2025-01-08 11:38:40] Exact - CX: 100, U3: 160, Depth: 194
[2025-01-08 11:38:40] Computing Pauli decomposition
[2025-01-08 11:38:41] Pauli - CX: 73, U3: 129, Depth: 137
[2025-01-08 11:38:41] Successfully processed graph 99 - Category: win_both
[2025-01-08 11:38:41] 
Processing graph 100/200
[2025-01-08 11:38:41] Graph 100 has 16 nodes and 37 edges
[2025-01-08 11:38:41] Converted to 37 bitstring edges
[2025-01-08 11:38:41] Computing Matchings Dynamic walk
[2025-01-08 11:38:42] Matchings - CX: 49, U3: 49, Depth: 76
[2025-01-08 11:38:42] Computing Exact walk
[2025-01-08 11:38:44] Exact - CX: 100, U3: 165, Depth: 197
[2025-01-08 11:38:44] Computing Pauli decomposition
[2025-01-08 11:38:44] Pauli - CX: 53, U3: 88, Depth: 97
[2025-01-08 11:38:44] Successfully processed graph 100 - Category: win_both
[2025-01-08 11:38:44] 
Processing graph 101/200
[2025-01-08 11:38:44] Graph 101 has 16 nodes and 35 edges
[2025-01-08 11:38:44] Converted to 35 bitstring edges
[2025-01-08 11:38:44] Computing Matchings Dynamic walk
[2025-01-08 11:38:45] Matchings - CX: 65, U3: 64, Depth: 100
[2025-01-08 11:38:45] Computing Exact walk
[2025-01-08 11:38:47] Exact - CX: 100, U3: 163, Depth: 195
[2025-01-08 11:38:47] Computing Pauli decomposition
[2025-01-08 11:38:48] Pauli - CX: 66, U3: 116, Depth: 124
[2025-01-08 11:38:48] Successfully processed graph 101 - Category: win_both
[2025-01-08 11:38:48] 
Processing graph 102/200
[2025-01-08 11:38:48] Graph 102 has 16 nodes and 31 edges
[2025-01-08 11:38:48] Converted to 31 bitstring edges
[2025-01-08 11:38:48] Computing Matchings Dynamic walk
[2025-01-08 11:38:49] Matchings - CX: 51, U3: 53, Depth: 78
[2025-01-08 11:38:49] Computing Exact walk
[2025-01-08 11:38:51] Exact - CX: 100, U3: 165, Depth: 197
[2025-01-08 11:38:51] Computing Pauli decomposition
[2025-01-08 11:38:52] Pauli - CX: 63, U3: 107, Depth: 117
[2025-01-08 11:38:52] Successfully processed graph 102 - Category: win_both
[2025-01-08 11:38:52] 
Processing graph 103/200
[2025-01-08 11:38:52] Graph 103 has 16 nodes and 37 edges
[2025-01-08 11:38:52] Converted to 37 bitstring edges
[2025-01-08 11:38:52] Computing Matchings Dynamic walk
[2025-01-08 11:38:53] Matchings - CX: 77, U3: 75, Depth: 119
[2025-01-08 11:38:53] Computing Exact walk
[2025-01-08 11:38:54] Exact - CX: 100, U3: 161, Depth: 195
[2025-01-08 11:38:54] Computing Pauli decomposition
[2025-01-08 11:38:55] Pauli - CX: 69, U3: 118, Depth: 128
[2025-01-08 11:38:55] Successfully processed graph 103 - Category: win_exact_lose_pauli
[2025-01-08 11:38:55] 
Processing graph 104/200
[2025-01-08 11:38:55] Graph 104 has 16 nodes and 34 edges
[2025-01-08 11:38:55] Converted to 34 bitstring edges
[2025-01-08 11:38:55] Computing Matchings Dynamic walk
[2025-01-08 11:38:56] Matchings - CX: 49, U3: 58, Depth: 79
[2025-01-08 11:38:56] Computing Exact walk
[2025-01-08 11:38:58] Exact - CX: 100, U3: 165, Depth: 197
[2025-01-08 11:38:58] Computing Pauli decomposition
[2025-01-08 11:38:59] Pauli - CX: 73, U3: 120, Depth: 136
[2025-01-08 11:38:59] Successfully processed graph 104 - Category: win_both
[2025-01-08 11:38:59] 
Processing graph 105/200
[2025-01-08 11:38:59] Graph 105 has 16 nodes and 35 edges
[2025-01-08 11:38:59] Converted to 35 bitstring edges
[2025-01-08 11:38:59] Computing Matchings Dynamic walk
[2025-01-08 11:39:00] Matchings - CX: 53, U3: 49, Depth: 78
[2025-01-08 11:39:00] Computing Exact walk
[2025-01-08 11:39:02] Exact - CX: 100, U3: 165, Depth: 197
[2025-01-08 11:39:02] Computing Pauli decomposition
[2025-01-08 11:39:03] Pauli - CX: 65, U3: 117, Depth: 123
[2025-01-08 11:39:03] Successfully processed graph 105 - Category: win_both
[2025-01-08 11:39:03] 
Processing graph 106/200
[2025-01-08 11:39:03] Graph 106 has 16 nodes and 36 edges
[2025-01-08 11:39:03] Converted to 36 bitstring edges
[2025-01-08 11:39:03] Computing Matchings Dynamic walk
[2025-01-08 11:39:04] Matchings - CX: 47, U3: 53, Depth: 74
[2025-01-08 11:39:04] Computing Exact walk
[2025-01-08 11:39:05] Exact - CX: 100, U3: 165, Depth: 197
[2025-01-08 11:39:05] Computing Pauli decomposition
[2025-01-08 11:39:07] Pauli - CX: 78, U3: 129, Depth: 144
[2025-01-08 11:39:07] Successfully processed graph 106 - Category: win_both
[2025-01-08 11:39:07] 
Processing graph 107/200
[2025-01-08 11:39:07] Graph 107 has 16 nodes and 33 edges
[2025-01-08 11:39:07] Converted to 33 bitstring edges
[2025-01-08 11:39:07] Computing Matchings Dynamic walk
[2025-01-08 11:39:08] Matchings - CX: 48, U3: 46, Depth: 73
[2025-01-08 11:39:08] Computing Exact walk
[2025-01-08 11:39:09] Exact - CX: 100, U3: 165, Depth: 197
[2025-01-08 11:39:09] Computing Pauli decomposition
[2025-01-08 11:39:10] Pauli - CX: 78, U3: 136, Depth: 148
[2025-01-08 11:39:10] Successfully processed graph 107 - Category: win_both
[2025-01-08 11:39:10] 
Processing graph 108/200
[2025-01-08 11:39:10] Graph 108 has 16 nodes and 37 edges
[2025-01-08 11:39:10] Converted to 37 bitstring edges
[2025-01-08 11:39:10] Computing Matchings Dynamic walk
[2025-01-08 11:39:12] Matchings - CX: 48, U3: 50, Depth: 73
[2025-01-08 11:39:12] Computing Exact walk
[2025-01-08 11:39:13] Exact - CX: 100, U3: 165, Depth: 197
[2025-01-08 11:39:13] Computing Pauli decomposition
[2025-01-08 11:39:14] Pauli - CX: 73, U3: 131, Depth: 137
[2025-01-08 11:39:14] Successfully processed graph 108 - Category: win_both
[2025-01-08 11:39:14] 
Processing graph 109/200
[2025-01-08 11:39:14] Graph 109 has 16 nodes and 38 edges
[2025-01-08 11:39:14] Converted to 38 bitstring edges
[2025-01-08 11:39:14] Computing Matchings Dynamic walk
[2025-01-08 11:39:15] Matchings - CX: 56, U3: 53, Depth: 87
[2025-01-08 11:39:15] Computing Exact walk
[2025-01-08 11:39:17] Exact - CX: 100, U3: 165, Depth: 197
[2025-01-08 11:39:17] Computing Pauli decomposition
[2025-01-08 11:39:18] Pauli - CX: 78, U3: 136, Depth: 146
[2025-01-08 11:39:18] Successfully processed graph 109 - Category: win_both
[2025-01-08 11:39:18] 
Processing graph 110/200
[2025-01-08 11:39:18] Graph 110 has 16 nodes and 36 edges
[2025-01-08 11:39:18] Converted to 36 bitstring edges
[2025-01-08 11:39:18] Computing Matchings Dynamic walk
[2025-01-08 11:39:19] Matchings - CX: 45, U3: 40, Depth: 69
[2025-01-08 11:39:19] Computing Exact walk
[2025-01-08 11:39:21] Exact - CX: 100, U3: 165, Depth: 197
[2025-01-08 11:39:21] Computing Pauli decomposition
[2025-01-08 11:39:22] Pauli - CX: 78, U3: 138, Depth: 146
[2025-01-08 11:39:22] Successfully processed graph 110 - Category: win_both
[2025-01-08 11:39:22] 
Processing graph 111/200
[2025-01-08 11:39:22] Graph 111 has 16 nodes and 34 edges
[2025-01-08 11:39:22] Converted to 34 bitstring edges
[2025-01-08 11:39:22] Computing Matchings Dynamic walk
[2025-01-08 11:39:23] Matchings - CX: 46, U3: 40, Depth: 71
[2025-01-08 11:39:23] Computing Exact walk
[2025-01-08 11:39:25] Exact - CX: 100, U3: 165, Depth: 197
[2025-01-08 11:39:25] Computing Pauli decomposition
[2025-01-08 11:39:26] Pauli - CX: 70, U3: 121, Depth: 131
[2025-01-08 11:39:26] Successfully processed graph 111 - Category: win_both
[2025-01-08 11:39:26] 
Processing graph 112/200
[2025-01-08 11:39:26] Graph 112 has 16 nodes and 35 edges
[2025-01-08 11:39:26] Converted to 35 bitstring edges
[2025-01-08 11:39:26] Computing Matchings Dynamic walk
[2025-01-08 11:39:27] Matchings - CX: 57, U3: 60, Depth: 90
[2025-01-08 11:39:27] Computing Exact walk
[2025-01-08 11:39:29] Exact - CX: 100, U3: 165, Depth: 197
[2025-01-08 11:39:29] Computing Pauli decomposition
[2025-01-08 11:39:30] Pauli - CX: 69, U3: 117, Depth: 127
[2025-01-08 11:39:30] Successfully processed graph 112 - Category: win_both
[2025-01-08 11:39:30] 
Processing graph 113/200
[2025-01-08 11:39:30] Graph 113 has 16 nodes and 36 edges
[2025-01-08 11:39:30] Converted to 36 bitstring edges
[2025-01-08 11:39:30] Computing Matchings Dynamic walk
[2025-01-08 11:39:31] Matchings - CX: 71, U3: 60, Depth: 101
[2025-01-08 11:39:31] Computing Exact walk
[2025-01-08 11:39:32] Exact - CX: 100, U3: 163, Depth: 196
[2025-01-08 11:39:32] Computing Pauli decomposition
[2025-01-08 11:39:34] Pauli - CX: 73, U3: 125, Depth: 135
[2025-01-08 11:39:34] Successfully processed graph 113 - Category: win_both
[2025-01-08 11:39:34] 
Processing graph 114/200
[2025-01-08 11:39:34] Graph 114 has 16 nodes and 35 edges
[2025-01-08 11:39:34] Converted to 35 bitstring edges
[2025-01-08 11:39:34] Computing Matchings Dynamic walk
[2025-01-08 11:39:35] Matchings - CX: 41, U3: 51, Depth: 67
[2025-01-08 11:39:35] Computing Exact walk
[2025-01-08 11:39:36] Exact - CX: 100, U3: 165, Depth: 197
[2025-01-08 11:39:36] Computing Pauli decomposition
[2025-01-08 11:39:37] Pauli - CX: 68, U3: 116, Depth: 125
[2025-01-08 11:39:37] Successfully processed graph 114 - Category: win_both
[2025-01-08 11:39:37] 
Processing graph 115/200
[2025-01-08 11:39:37] Graph 115 has 16 nodes and 38 edges
[2025-01-08 11:39:37] Converted to 38 bitstring edges
[2025-01-08 11:39:37] Computing Matchings Dynamic walk
[2025-01-08 11:39:39] Matchings - CX: 66, U3: 64, Depth: 102
[2025-01-08 11:39:39] Computing Exact walk
[2025-01-08 11:39:40] Exact - CX: 100, U3: 165, Depth: 197
[2025-01-08 11:39:40] Computing Pauli decomposition
[2025-01-08 11:39:42] Pauli - CX: 78, U3: 131, Depth: 145
[2025-01-08 11:39:42] Successfully processed graph 115 - Category: win_both
[2025-01-08 11:39:42] 
Processing graph 116/200
[2025-01-08 11:39:42] Graph 116 has 16 nodes and 34 edges
[2025-01-08 11:39:42] Converted to 34 bitstring edges
[2025-01-08 11:39:42] Computing Matchings Dynamic walk
[2025-01-08 11:39:43] Matchings - CX: 60, U3: 48, Depth: 85
[2025-01-08 11:39:43] Computing Exact walk
[2025-01-08 11:39:44] Exact - CX: 100, U3: 165, Depth: 197
[2025-01-08 11:39:44] Computing Pauli decomposition
[2025-01-08 11:39:46] Pauli - CX: 72, U3: 115, Depth: 132
[2025-01-08 11:39:46] Successfully processed graph 116 - Category: win_both
[2025-01-08 11:39:46] 
Processing graph 117/200
[2025-01-08 11:39:46] Graph 117 has 16 nodes and 35 edges
[2025-01-08 11:39:46] Converted to 35 bitstring edges
[2025-01-08 11:39:46] Computing Matchings Dynamic walk
[2025-01-08 11:39:47] Matchings - CX: 65, U3: 59, Depth: 97
[2025-01-08 11:39:47] Computing Exact walk
[2025-01-08 11:39:48] Exact - CX: 100, U3: 165, Depth: 197
[2025-01-08 11:39:48] Computing Pauli decomposition
[2025-01-08 11:39:50] Pauli - CX: 74, U3: 127, Depth: 139
[2025-01-08 11:39:50] Successfully processed graph 117 - Category: win_both
[2025-01-08 11:39:50] 
Processing graph 118/200
[2025-01-08 11:39:50] Graph 118 has 16 nodes and 35 edges
[2025-01-08 11:39:50] Converted to 35 bitstring edges
[2025-01-08 11:39:50] Computing Matchings Dynamic walk
[2025-01-08 11:39:51] Matchings - CX: 30, U3: 31, Depth: 47
[2025-01-08 11:39:51] Computing Exact walk
[2025-01-08 11:39:52] Exact - CX: 100, U3: 162, Depth: 196
[2025-01-08 11:39:52] Computing Pauli decomposition
[2025-01-08 11:39:54] Pauli - CX: 58, U3: 102, Depth: 108
[2025-01-08 11:39:54] Successfully processed graph 118 - Category: win_both
[2025-01-08 11:39:54] 
Processing graph 119/200
[2025-01-08 11:39:54] Graph 119 has 16 nodes and 36 edges
[2025-01-08 11:39:54] Converted to 36 bitstring edges
[2025-01-08 11:39:54] Computing Matchings Dynamic walk
[2025-01-08 11:39:55] Matchings - CX: 65, U3: 63, Depth: 99
[2025-01-08 11:39:55] Computing Exact walk
[2025-01-08 11:39:57] Exact - CX: 100, U3: 165, Depth: 197
[2025-01-08 11:39:57] Computing Pauli decomposition
[2025-01-08 11:39:58] Pauli - CX: 75, U3: 119, Depth: 138
[2025-01-08 11:39:58] Successfully processed graph 119 - Category: win_both
[2025-01-08 11:39:58] 
Processing graph 120/200
[2025-01-08 11:39:58] Graph 120 has 16 nodes and 35 edges
[2025-01-08 11:39:58] Converted to 35 bitstring edges
[2025-01-08 11:39:58] Computing Matchings Dynamic walk
[2025-01-08 11:39:59] Matchings - CX: 65, U3: 65, Depth: 100
[2025-01-08 11:39:59] Computing Exact walk
[2025-01-08 11:40:00] Exact - CX: 98, U3: 159, Depth: 191
[2025-01-08 11:40:00] Computing Pauli decomposition
[2025-01-08 11:40:02] Pauli - CX: 78, U3: 133, Depth: 144
[2025-01-08 11:40:02] Successfully processed graph 120 - Category: win_both
[2025-01-08 11:40:02] 
Processing graph 121/200
[2025-01-08 11:40:02] Graph 121 has 16 nodes and 33 edges
[2025-01-08 11:40:02] Converted to 33 bitstring edges
[2025-01-08 11:40:02] Computing Matchings Dynamic walk
[2025-01-08 11:40:03] Matchings - CX: 34, U3: 37, Depth: 54
[2025-01-08 11:40:03] Computing Exact walk
[2025-01-08 11:40:05] Exact - CX: 100, U3: 165, Depth: 197
[2025-01-08 11:40:05] Computing Pauli decomposition
[2025-01-08 11:40:06] Pauli - CX: 78, U3: 133, Depth: 145
[2025-01-08 11:40:06] Successfully processed graph 121 - Category: win_both
[2025-01-08 11:40:06] 
Processing graph 122/200
[2025-01-08 11:40:06] Graph 122 has 16 nodes and 35 edges
[2025-01-08 11:40:06] Converted to 35 bitstring edges
[2025-01-08 11:40:06] Computing Matchings Dynamic walk
[2025-01-08 11:40:07] Matchings - CX: 35, U3: 34, Depth: 54
[2025-01-08 11:40:07] Computing Exact walk
[2025-01-08 11:40:09] Exact - CX: 98, U3: 160, Depth: 191
[2025-01-08 11:40:09] Computing Pauli decomposition
[2025-01-08 11:40:10] Pauli - CX: 70, U3: 110, Depth: 127
[2025-01-08 11:40:10] Successfully processed graph 122 - Category: win_both
[2025-01-08 11:40:10] 
Processing graph 123/200
[2025-01-08 11:40:10] Graph 123 has 16 nodes and 37 edges
[2025-01-08 11:40:10] Converted to 37 bitstring edges
[2025-01-08 11:40:10] Computing Matchings Dynamic walk
[2025-01-08 11:40:11] Matchings - CX: 30, U3: 38, Depth: 49
[2025-01-08 11:40:11] Computing Exact walk
[2025-01-08 11:40:13] Exact - CX: 100, U3: 165, Depth: 197
[2025-01-08 11:40:13] Computing Pauli decomposition
[2025-01-08 11:40:14] Pauli - CX: 71, U3: 121, Depth: 130
[2025-01-08 11:40:14] Successfully processed graph 123 - Category: win_both
[2025-01-08 11:40:14] 
Processing graph 124/200
[2025-01-08 11:40:14] Graph 124 has 16 nodes and 36 edges
[2025-01-08 11:40:14] Converted to 36 bitstring edges
[2025-01-08 11:40:14] Computing Matchings Dynamic walk
[2025-01-08 11:40:15] Matchings - CX: 52, U3: 59, Depth: 82
[2025-01-08 11:40:15] Computing Exact walk
[2025-01-08 11:40:17] Exact - CX: 100, U3: 165, Depth: 197
[2025-01-08 11:40:17] Computing Pauli decomposition
[2025-01-08 11:40:18] Pauli - CX: 73, U3: 124, Depth: 134
[2025-01-08 11:40:18] Successfully processed graph 124 - Category: win_both
[2025-01-08 11:40:18] 
Processing graph 125/200
[2025-01-08 11:40:18] Graph 125 has 16 nodes and 34 edges
[2025-01-08 11:40:18] Converted to 34 bitstring edges
[2025-01-08 11:40:18] Computing Matchings Dynamic walk
[2025-01-08 11:40:19] Matchings - CX: 34, U3: 37, Depth: 54
[2025-01-08 11:40:19] Computing Exact walk
[2025-01-08 11:40:21] Exact - CX: 100, U3: 165, Depth: 197
[2025-01-08 11:40:21] Computing Pauli decomposition
[2025-01-08 11:40:22] Pauli - CX: 65, U3: 104, Depth: 117
[2025-01-08 11:40:22] Successfully processed graph 125 - Category: win_both
[2025-01-08 11:40:22] 
Processing graph 126/200
[2025-01-08 11:40:22] Graph 126 has 16 nodes and 35 edges
[2025-01-08 11:40:22] Converted to 35 bitstring edges
[2025-01-08 11:40:22] Computing Matchings Dynamic walk
[2025-01-08 11:40:23] Matchings - CX: 37, U3: 38, Depth: 57
[2025-01-08 11:40:23] Computing Exact walk
[2025-01-08 11:40:25] Exact - CX: 100, U3: 165, Depth: 197
[2025-01-08 11:40:25] Computing Pauli decomposition
[2025-01-08 11:40:26] Pauli - CX: 78, U3: 132, Depth: 144
[2025-01-08 11:40:26] Successfully processed graph 126 - Category: win_both
[2025-01-08 11:40:26] 
Processing graph 127/200
[2025-01-08 11:40:26] Graph 127 has 16 nodes and 35 edges
[2025-01-08 11:40:26] Converted to 35 bitstring edges
[2025-01-08 11:40:26] Computing Matchings Dynamic walk
[2025-01-08 11:40:27] Matchings - CX: 56, U3: 55, Depth: 86
[2025-01-08 11:40:27] Computing Exact walk
[2025-01-08 11:40:29] Exact - CX: 100, U3: 165, Depth: 197
[2025-01-08 11:40:29] Computing Pauli decomposition
[2025-01-08 11:40:30] Pauli - CX: 78, U3: 132, Depth: 144
[2025-01-08 11:40:30] Successfully processed graph 127 - Category: win_both
[2025-01-08 11:40:30] 
Processing graph 128/200
[2025-01-08 11:40:30] Graph 128 has 16 nodes and 34 edges
[2025-01-08 11:40:30] Converted to 34 bitstring edges
[2025-01-08 11:40:30] Computing Matchings Dynamic walk
[2025-01-08 11:40:31] Matchings - CX: 72, U3: 64, Depth: 109
[2025-01-08 11:40:31] Computing Exact walk
[2025-01-08 11:40:33] Exact - CX: 100, U3: 165, Depth: 197
[2025-01-08 11:40:33] Computing Pauli decomposition
[2025-01-08 11:40:34] Pauli - CX: 65, U3: 113, Depth: 122
[2025-01-08 11:40:34] Successfully processed graph 128 - Category: win_exact_lose_pauli
[2025-01-08 11:40:34] 
Processing graph 129/200
[2025-01-08 11:40:34] Graph 129 has 16 nodes and 36 edges
[2025-01-08 11:40:34] Converted to 36 bitstring edges
[2025-01-08 11:40:34] Computing Matchings Dynamic walk
[2025-01-08 11:40:35] Matchings - CX: 59, U3: 58, Depth: 91
[2025-01-08 11:40:35] Computing Exact walk
[2025-01-08 11:40:37] Exact - CX: 100, U3: 163, Depth: 196
[2025-01-08 11:40:37] Computing Pauli decomposition
[2025-01-08 11:40:38] Pauli - CX: 78, U3: 126, Depth: 143
[2025-01-08 11:40:38] Successfully processed graph 129 - Category: win_both
[2025-01-08 11:40:38] 
Processing graph 130/200
[2025-01-08 11:40:38] Graph 130 has 16 nodes and 39 edges
[2025-01-08 11:40:38] Converted to 39 bitstring edges
[2025-01-08 11:40:38] Computing Matchings Dynamic walk
[2025-01-08 11:40:39] Matchings - CX: 70, U3: 66, Depth: 106
[2025-01-08 11:40:39] Computing Exact walk
[2025-01-08 11:40:41] Exact - CX: 100, U3: 163, Depth: 196
[2025-01-08 11:40:41] Computing Pauli decomposition
[2025-01-08 11:40:41] Pauli - CX: 68, U3: 105, Depth: 122
[2025-01-08 11:40:41] Successfully processed graph 130 - Category: win_exact_lose_pauli
[2025-01-08 11:40:41] 
Processing graph 131/200
[2025-01-08 11:40:41] Graph 131 has 16 nodes and 33 edges
[2025-01-08 11:40:41] Converted to 33 bitstring edges
[2025-01-08 11:40:41] Computing Matchings Dynamic walk
[2025-01-08 11:40:42] Matchings - CX: 58, U3: 47, Depth: 87
[2025-01-08 11:40:42] Computing Exact walk
[2025-01-08 11:40:44] Exact - CX: 97, U3: 156, Depth: 188
[2025-01-08 11:40:44] Computing Pauli decomposition
[2025-01-08 11:40:45] Pauli - CX: 69, U3: 115, Depth: 129
[2025-01-08 11:40:45] Successfully processed graph 131 - Category: win_both
[2025-01-08 11:40:45] 
Processing graph 132/200
[2025-01-08 11:40:45] Graph 132 has 16 nodes and 37 edges
[2025-01-08 11:40:45] Converted to 37 bitstring edges
[2025-01-08 11:40:45] Computing Matchings Dynamic walk
[2025-01-08 11:40:46] Matchings - CX: 69, U3: 63, Depth: 100
[2025-01-08 11:40:46] Computing Exact walk
[2025-01-08 11:40:48] Exact - CX: 98, U3: 161, Depth: 192
[2025-01-08 11:40:48] Computing Pauli decomposition
[2025-01-08 11:40:49] Pauli - CX: 68, U3: 117, Depth: 126
[2025-01-08 11:40:49] Successfully processed graph 132 - Category: win_exact_lose_pauli
[2025-01-08 11:40:49] 
Processing graph 133/200
[2025-01-08 11:40:49] Graph 133 has 16 nodes and 34 edges
[2025-01-08 11:40:49] Converted to 34 bitstring edges
[2025-01-08 11:40:49] Computing Matchings Dynamic walk
[2025-01-08 11:40:50] Matchings - CX: 56, U3: 48, Depth: 84
[2025-01-08 11:40:50] Computing Exact walk
[2025-01-08 11:40:52] Exact - CX: 100, U3: 165, Depth: 197
[2025-01-08 11:40:52] Computing Pauli decomposition
[2025-01-08 11:40:53] Pauli - CX: 78, U3: 133, Depth: 145
[2025-01-08 11:40:53] Successfully processed graph 133 - Category: win_both
[2025-01-08 11:40:53] 
Processing graph 134/200
[2025-01-08 11:40:53] Graph 134 has 16 nodes and 35 edges
[2025-01-08 11:40:53] Converted to 35 bitstring edges
[2025-01-08 11:40:53] Computing Matchings Dynamic walk
[2025-01-08 11:40:54] Matchings - CX: 97, U3: 87, Depth: 144
[2025-01-08 11:40:54] Computing Exact walk
[2025-01-08 11:40:56] Exact - CX: 100, U3: 165, Depth: 197
[2025-01-08 11:40:56] Computing Pauli decomposition
[2025-01-08 11:40:57] Pauli - CX: 75, U3: 127, Depth: 139
[2025-01-08 11:40:57] Successfully processed graph 134 - Category: win_exact_lose_pauli
[2025-01-08 11:40:57] 
Processing graph 135/200
[2025-01-08 11:40:57] Graph 135 has 16 nodes and 38 edges
[2025-01-08 11:40:57] Converted to 38 bitstring edges
[2025-01-08 11:40:57] Computing Matchings Dynamic walk
[2025-01-08 11:40:58] Matchings - CX: 57, U3: 51, Depth: 85
[2025-01-08 11:40:58] Computing Exact walk
[2025-01-08 11:41:00] Exact - CX: 100, U3: 163, Depth: 196
[2025-01-08 11:41:00] Computing Pauli decomposition
[2025-01-08 11:41:01] Pauli - CX: 73, U3: 123, Depth: 133
[2025-01-08 11:41:01] Successfully processed graph 135 - Category: win_both
[2025-01-08 11:41:01] 
Processing graph 136/200
[2025-01-08 11:41:01] Graph 136 has 16 nodes and 35 edges
[2025-01-08 11:41:01] Converted to 35 bitstring edges
[2025-01-08 11:41:01] Computing Matchings Dynamic walk
[2025-01-08 11:41:02] Matchings - CX: 43, U3: 43, Depth: 67
[2025-01-08 11:41:02] Computing Exact walk
[2025-01-08 11:41:03] Exact - CX: 100, U3: 165, Depth: 197
[2025-01-08 11:41:03] Computing Pauli decomposition
[2025-01-08 11:41:03] Pauli - CX: 72, U3: 126, Depth: 135
[2025-01-08 11:41:03] Successfully processed graph 136 - Category: win_both
[2025-01-08 11:41:03] 
Processing graph 137/200
[2025-01-08 11:41:03] Graph 137 has 16 nodes and 33 edges
[2025-01-08 11:41:03] Converted to 33 bitstring edges
[2025-01-08 11:41:03] Computing Matchings Dynamic walk
[2025-01-08 11:41:04] Matchings - CX: 40, U3: 45, Depth: 64
[2025-01-08 11:41:04] Computing Exact walk
[2025-01-08 11:41:05] Exact - CX: 98, U3: 159, Depth: 191
[2025-01-08 11:41:05] Computing Pauli decomposition
[2025-01-08 11:41:05] Pauli - CX: 75, U3: 128, Depth: 139
[2025-01-08 11:41:05] Successfully processed graph 137 - Category: win_both
[2025-01-08 11:41:05] 
Processing graph 138/200
[2025-01-08 11:41:05] Graph 138 has 16 nodes and 35 edges
[2025-01-08 11:41:05] Converted to 35 bitstring edges
[2025-01-08 11:41:05] Computing Matchings Dynamic walk
[2025-01-08 11:41:06] Matchings - CX: 37, U3: 35, Depth: 56
[2025-01-08 11:41:06] Computing Exact walk
[2025-01-08 11:41:06] Exact - CX: 100, U3: 165, Depth: 197
[2025-01-08 11:41:06] Computing Pauli decomposition
[2025-01-08 11:41:07] Pauli - CX: 70, U3: 116, Depth: 127
[2025-01-08 11:41:07] Successfully processed graph 138 - Category: win_both
[2025-01-08 11:41:07] 
Processing graph 139/200
[2025-01-08 11:41:07] Graph 139 has 16 nodes and 39 edges
[2025-01-08 11:41:07] Converted to 39 bitstring edges
[2025-01-08 11:41:07] Computing Matchings Dynamic walk
[2025-01-08 11:41:08] Matchings - CX: 43, U3: 40, Depth: 67
[2025-01-08 11:41:08] Computing Exact walk
[2025-01-08 11:41:08] Exact - CX: 100, U3: 162, Depth: 195
[2025-01-08 11:41:08] Computing Pauli decomposition
[2025-01-08 11:41:09] Pauli - CX: 62, U3: 109, Depth: 116
[2025-01-08 11:41:09] Successfully processed graph 139 - Category: win_both
[2025-01-08 11:41:09] 
Processing graph 140/200
[2025-01-08 11:41:09] Graph 140 has 16 nodes and 33 edges
[2025-01-08 11:41:09] Converted to 33 bitstring edges
[2025-01-08 11:41:09] Computing Matchings Dynamic walk
[2025-01-08 11:41:09] Matchings - CX: 39, U3: 44, Depth: 62
[2025-01-08 11:41:09] Computing Exact walk
[2025-01-08 11:41:10] Exact - CX: 100, U3: 165, Depth: 197
[2025-01-08 11:41:10] Computing Pauli decomposition
[2025-01-08 11:41:11] Pauli - CX: 70, U3: 117, Depth: 127
[2025-01-08 11:41:11] Successfully processed graph 140 - Category: win_both
[2025-01-08 11:41:11] 
Processing graph 141/200
[2025-01-08 11:41:11] Graph 141 has 16 nodes and 35 edges
[2025-01-08 11:41:11] Converted to 35 bitstring edges
[2025-01-08 11:41:11] Computing Matchings Dynamic walk
[2025-01-08 11:41:11] Matchings - CX: 56, U3: 54, Depth: 86
[2025-01-08 11:41:11] Computing Exact walk
[2025-01-08 11:41:12] Exact - CX: 100, U3: 165, Depth: 197
[2025-01-08 11:41:12] Computing Pauli decomposition
[2025-01-08 11:41:13] Pauli - CX: 72, U3: 121, Depth: 133
[2025-01-08 11:41:13] Successfully processed graph 141 - Category: win_both
[2025-01-08 11:41:13] 
Processing graph 142/200
[2025-01-08 11:41:13] Graph 142 has 16 nodes and 35 edges
[2025-01-08 11:41:13] Converted to 35 bitstring edges
[2025-01-08 11:41:13] Computing Matchings Dynamic walk
[2025-01-08 11:41:13] Matchings - CX: 53, U3: 54, Depth: 81
[2025-01-08 11:41:13] Computing Exact walk
[2025-01-08 11:41:14] Exact - CX: 100, U3: 165, Depth: 197
[2025-01-08 11:41:14] Computing Pauli decomposition
[2025-01-08 11:41:14] Pauli - CX: 63, U3: 108, Depth: 118
[2025-01-08 11:41:14] Successfully processed graph 142 - Category: win_both
[2025-01-08 11:41:14] 
Processing graph 143/200
[2025-01-08 11:41:14] Graph 143 has 16 nodes and 33 edges
[2025-01-08 11:41:14] Converted to 33 bitstring edges
[2025-01-08 11:41:14] Computing Matchings Dynamic walk
[2025-01-08 11:41:15] Matchings - CX: 50, U3: 56, Depth: 80
[2025-01-08 11:41:15] Computing Exact walk
[2025-01-08 11:41:16] Exact - CX: 98, U3: 161, Depth: 192
[2025-01-08 11:41:16] Computing Pauli decomposition
[2025-01-08 11:41:16] Pauli - CX: 68, U3: 119, Depth: 129
[2025-01-08 11:41:16] Successfully processed graph 143 - Category: win_both
[2025-01-08 11:41:16] 
Processing graph 144/200
[2025-01-08 11:41:16] Graph 144 has 16 nodes and 36 edges
[2025-01-08 11:41:16] Converted to 36 bitstring edges
[2025-01-08 11:41:16] Computing Matchings Dynamic walk
[2025-01-08 11:41:17] Matchings - CX: 46, U3: 48, Depth: 72
[2025-01-08 11:41:17] Computing Exact walk
[2025-01-08 11:41:18] Exact - CX: 100, U3: 161, Depth: 195
[2025-01-08 11:41:18] Computing Pauli decomposition
[2025-01-08 11:41:18] Pauli - CX: 70, U3: 124, Depth: 131
[2025-01-08 11:41:18] Successfully processed graph 144 - Category: win_both
[2025-01-08 11:41:18] 
Processing graph 145/200
[2025-01-08 11:41:18] Graph 145 has 16 nodes and 34 edges
[2025-01-08 11:41:18] Converted to 34 bitstring edges
[2025-01-08 11:41:18] Computing Matchings Dynamic walk
[2025-01-08 11:41:19] Matchings - CX: 53, U3: 55, Depth: 84
[2025-01-08 11:41:19] Computing Exact walk
[2025-01-08 11:41:19] Exact - CX: 100, U3: 165, Depth: 197
[2025-01-08 11:41:19] Computing Pauli decomposition
[2025-01-08 11:41:20] Pauli - CX: 69, U3: 119, Depth: 128
[2025-01-08 11:41:20] Successfully processed graph 145 - Category: win_both
[2025-01-08 11:41:20] 
Processing graph 146/200
[2025-01-08 11:41:20] Graph 146 has 16 nodes and 35 edges
[2025-01-08 11:41:20] Converted to 35 bitstring edges
[2025-01-08 11:41:20] Computing Matchings Dynamic walk
[2025-01-08 11:41:20] Matchings - CX: 60, U3: 56, Depth: 92
[2025-01-08 11:41:20] Computing Exact walk
[2025-01-08 11:41:21] Exact - CX: 100, U3: 165, Depth: 197
[2025-01-08 11:41:21] Computing Pauli decomposition
[2025-01-08 11:41:22] Pauli - CX: 73, U3: 128, Depth: 138
[2025-01-08 11:41:22] Successfully processed graph 146 - Category: win_both
[2025-01-08 11:41:22] 
Processing graph 147/200
[2025-01-08 11:41:22] Graph 147 has 16 nodes and 33 edges
[2025-01-08 11:41:22] Converted to 33 bitstring edges
[2025-01-08 11:41:22] Computing Matchings Dynamic walk
[2025-01-08 11:41:22] Matchings - CX: 32, U3: 32, Depth: 48
[2025-01-08 11:41:22] Computing Exact walk
[2025-01-08 11:41:23] Exact - CX: 98, U3: 159, Depth: 192
[2025-01-08 11:41:23] Computing Pauli decomposition
[2025-01-08 11:41:24] Pauli - CX: 74, U3: 125, Depth: 137
[2025-01-08 11:41:24] Successfully processed graph 147 - Category: win_both
[2025-01-08 11:41:24] 
Processing graph 148/200
[2025-01-08 11:41:24] Graph 148 has 16 nodes and 35 edges
[2025-01-08 11:41:24] Converted to 35 bitstring edges
[2025-01-08 11:41:24] Computing Matchings Dynamic walk
[2025-01-08 11:41:24] Matchings - CX: 40, U3: 45, Depth: 63
[2025-01-08 11:41:24] Computing Exact walk
[2025-01-08 11:41:25] Exact - CX: 100, U3: 165, Depth: 197
[2025-01-08 11:41:25] Computing Pauli decomposition
[2025-01-08 11:41:26] Pauli - CX: 67, U3: 115, Depth: 126
[2025-01-08 11:41:26] Successfully processed graph 148 - Category: win_both
[2025-01-08 11:41:26] 
Processing graph 149/200
[2025-01-08 11:41:26] Graph 149 has 16 nodes and 33 edges
[2025-01-08 11:41:26] Converted to 33 bitstring edges
[2025-01-08 11:41:26] Computing Matchings Dynamic walk
[2025-01-08 11:41:26] Matchings - CX: 69, U3: 70, Depth: 106
[2025-01-08 11:41:26] Computing Exact walk
[2025-01-08 11:41:27] Exact - CX: 100, U3: 165, Depth: 197
[2025-01-08 11:41:27] Computing Pauli decomposition
[2025-01-08 11:41:28] Pauli - CX: 68, U3: 126, Depth: 130
[2025-01-08 11:41:28] Successfully processed graph 149 - Category: win_exact_lose_pauli
[2025-01-08 11:41:28] 
Processing graph 150/200
[2025-01-08 11:41:28] Graph 150 has 16 nodes and 34 edges
[2025-01-08 11:41:28] Converted to 34 bitstring edges
[2025-01-08 11:41:28] Computing Matchings Dynamic walk
[2025-01-08 11:41:28] Matchings - CX: 66, U3: 57, Depth: 95
[2025-01-08 11:41:28] Computing Exact walk
[2025-01-08 11:41:29] Exact - CX: 100, U3: 162, Depth: 195
[2025-01-08 11:41:29] Computing Pauli decomposition
[2025-01-08 11:41:29] Pauli - CX: 68, U3: 124, Depth: 128
[2025-01-08 11:41:29] Successfully processed graph 150 - Category: win_both
[2025-01-08 11:41:29] 
Processing graph 151/200
[2025-01-08 11:41:29] Graph 151 has 16 nodes and 38 edges
[2025-01-08 11:41:29] Converted to 38 bitstring edges
[2025-01-08 11:41:29] Computing Matchings Dynamic walk
[2025-01-08 11:41:30] Matchings - CX: 66, U3: 65, Depth: 102
[2025-01-08 11:41:30] Computing Exact walk
[2025-01-08 11:41:31] Exact - CX: 100, U3: 165, Depth: 197
[2025-01-08 11:41:31] Computing Pauli decomposition
[2025-01-08 11:41:31] Pauli - CX: 62, U3: 101, Depth: 113
[2025-01-08 11:41:31] Successfully processed graph 151 - Category: win_exact_lose_pauli
[2025-01-08 11:41:31] 
Processing graph 152/200
[2025-01-08 11:41:31] Graph 152 has 16 nodes and 33 edges
[2025-01-08 11:41:31] Converted to 33 bitstring edges
[2025-01-08 11:41:31] Computing Matchings Dynamic walk
[2025-01-08 11:41:32] Matchings - CX: 42, U3: 38, Depth: 63
[2025-01-08 11:41:32] Computing Exact walk
[2025-01-08 11:41:33] Exact - CX: 100, U3: 165, Depth: 197
[2025-01-08 11:41:33] Computing Pauli decomposition
[2025-01-08 11:41:33] Pauli - CX: 75, U3: 116, Depth: 135
[2025-01-08 11:41:33] Successfully processed graph 152 - Category: win_both
[2025-01-08 11:41:33] 
Processing graph 153/200
[2025-01-08 11:41:33] Graph 153 has 16 nodes and 34 edges
[2025-01-08 11:41:33] Converted to 34 bitstring edges
[2025-01-08 11:41:33] Computing Matchings Dynamic walk
[2025-01-08 11:41:34] Matchings - CX: 55, U3: 51, Depth: 81
[2025-01-08 11:41:34] Computing Exact walk
[2025-01-08 11:41:34] Exact - CX: 100, U3: 165, Depth: 197
[2025-01-08 11:41:34] Computing Pauli decomposition
[2025-01-08 11:41:35] Pauli - CX: 64, U3: 116, Depth: 121
[2025-01-08 11:41:35] Successfully processed graph 153 - Category: win_both
[2025-01-08 11:41:35] 
Processing graph 154/200
[2025-01-08 11:41:35] Graph 154 has 16 nodes and 36 edges
[2025-01-08 11:41:35] Converted to 36 bitstring edges
[2025-01-08 11:41:35] Computing Matchings Dynamic walk
[2025-01-08 11:41:36] Matchings - CX: 76, U3: 70, Depth: 113
[2025-01-08 11:41:36] Computing Exact walk
[2025-01-08 11:41:36] Exact - CX: 100, U3: 163, Depth: 196
[2025-01-08 11:41:36] Computing Pauli decomposition
[2025-01-08 11:41:37] Pauli - CX: 68, U3: 115, Depth: 126
[2025-01-08 11:41:37] Successfully processed graph 154 - Category: win_exact_lose_pauli
[2025-01-08 11:41:37] 
Processing graph 155/200
[2025-01-08 11:41:37] Graph 155 has 16 nodes and 34 edges
[2025-01-08 11:41:37] Converted to 34 bitstring edges
[2025-01-08 11:41:37] Computing Matchings Dynamic walk
[2025-01-08 11:41:37] Matchings - CX: 52, U3: 52, Depth: 78
[2025-01-08 11:41:37] Computing Exact walk
[2025-01-08 11:41:38] Exact - CX: 100, U3: 165, Depth: 197
[2025-01-08 11:41:38] Computing Pauli decomposition
[2025-01-08 11:41:39] Pauli - CX: 67, U3: 117, Depth: 124
[2025-01-08 11:41:39] Successfully processed graph 155 - Category: win_both
[2025-01-08 11:41:39] 
Processing graph 156/200
[2025-01-08 11:41:39] Graph 156 has 16 nodes and 35 edges
[2025-01-08 11:41:39] Converted to 35 bitstring edges
[2025-01-08 11:41:39] Computing Matchings Dynamic walk
[2025-01-08 11:41:39] Matchings - CX: 58, U3: 56, Depth: 88
[2025-01-08 11:41:39] Computing Exact walk
[2025-01-08 11:41:40] Exact - CX: 98, U3: 161, Depth: 192
[2025-01-08 11:41:40] Computing Pauli decomposition
[2025-01-08 11:41:40] Pauli - CX: 66, U3: 110, Depth: 121
[2025-01-08 11:41:40] Successfully processed graph 156 - Category: win_both
[2025-01-08 11:41:40] 
Processing graph 157/200
[2025-01-08 11:41:40] Graph 157 has 16 nodes and 38 edges
[2025-01-08 11:41:40] Converted to 38 bitstring edges
[2025-01-08 11:41:40] Computing Matchings Dynamic walk
[2025-01-08 11:41:41] Matchings - CX: 50, U3: 54, Depth: 78
[2025-01-08 11:41:41] Computing Exact walk
[2025-01-08 11:41:42] Exact - CX: 99, U3: 158, Depth: 192
[2025-01-08 11:41:42] Computing Pauli decomposition
[2025-01-08 11:41:42] Pauli - CX: 78, U3: 132, Depth: 145
[2025-01-08 11:41:42] Successfully processed graph 157 - Category: win_both
[2025-01-08 11:41:42] 
Processing graph 158/200
[2025-01-08 11:41:42] Graph 158 has 16 nodes and 36 edges
[2025-01-08 11:41:42] Converted to 36 bitstring edges
[2025-01-08 11:41:42] Computing Matchings Dynamic walk
[2025-01-08 11:41:43] Matchings - CX: 62, U3: 67, Depth: 97
[2025-01-08 11:41:43] Computing Exact walk
[2025-01-08 11:41:43] Exact - CX: 100, U3: 165, Depth: 197
[2025-01-08 11:41:43] Computing Pauli decomposition
[2025-01-08 11:41:44] Pauli - CX: 78, U3: 127, Depth: 143
[2025-01-08 11:41:44] Successfully processed graph 158 - Category: win_both
[2025-01-08 11:41:44] 
Processing graph 159/200
[2025-01-08 11:41:44] Graph 159 has 16 nodes and 35 edges
[2025-01-08 11:41:44] Converted to 35 bitstring edges
[2025-01-08 11:41:44] Computing Matchings Dynamic walk
[2025-01-08 11:41:45] Matchings - CX: 61, U3: 48, Depth: 86
[2025-01-08 11:41:45] Computing Exact walk
[2025-01-08 11:41:45] Exact - CX: 100, U3: 165, Depth: 197
[2025-01-08 11:41:45] Computing Pauli decomposition
[2025-01-08 11:41:46] Pauli - CX: 70, U3: 118, Depth: 128
[2025-01-08 11:41:46] Successfully processed graph 159 - Category: win_both
[2025-01-08 11:41:46] 
Processing graph 160/200
[2025-01-08 11:41:46] Graph 160 has 16 nodes and 33 edges
[2025-01-08 11:41:46] Converted to 33 bitstring edges
[2025-01-08 11:41:46] Computing Matchings Dynamic walk
[2025-01-08 11:41:46] Matchings - CX: 65, U3: 58, Depth: 96
[2025-01-08 11:41:46] Computing Exact walk
[2025-01-08 11:41:47] Exact - CX: 100, U3: 165, Depth: 197
[2025-01-08 11:41:47] Computing Pauli decomposition
[2025-01-08 11:41:48] Pauli - CX: 73, U3: 127, Depth: 136
[2025-01-08 11:41:48] Successfully processed graph 160 - Category: win_both
[2025-01-08 11:41:48] 
Processing graph 161/200
[2025-01-08 11:41:48] Graph 161 has 16 nodes and 37 edges
[2025-01-08 11:41:48] Converted to 37 bitstring edges
[2025-01-08 11:41:48] Computing Matchings Dynamic walk
[2025-01-08 11:41:48] Matchings - CX: 66, U3: 61, Depth: 100
[2025-01-08 11:41:48] Computing Exact walk
[2025-01-08 11:41:49] Exact - CX: 98, U3: 161, Depth: 192
[2025-01-08 11:41:49] Computing Pauli decomposition
[2025-01-08 11:41:50] Pauli - CX: 62, U3: 110, Depth: 117
[2025-01-08 11:41:50] Successfully processed graph 161 - Category: win_exact_lose_pauli
[2025-01-08 11:41:50] 
Processing graph 162/200
[2025-01-08 11:41:50] Graph 162 has 16 nodes and 36 edges
[2025-01-08 11:41:50] Converted to 36 bitstring edges
[2025-01-08 11:41:50] Computing Matchings Dynamic walk
[2025-01-08 11:41:50] Matchings - CX: 58, U3: 59, Depth: 91
[2025-01-08 11:41:50] Computing Exact walk
[2025-01-08 11:41:51] Exact - CX: 100, U3: 165, Depth: 197
[2025-01-08 11:41:51] Computing Pauli decomposition
[2025-01-08 11:41:51] Pauli - CX: 72, U3: 124, Depth: 134
[2025-01-08 11:41:51] Successfully processed graph 162 - Category: win_both
[2025-01-08 11:41:51] 
Processing graph 163/200
[2025-01-08 11:41:51] Graph 163 has 16 nodes and 31 edges
[2025-01-08 11:41:51] Converted to 31 bitstring edges
[2025-01-08 11:41:51] Computing Matchings Dynamic walk
[2025-01-08 11:41:52] Matchings - CX: 50, U3: 46, Depth: 78
[2025-01-08 11:41:52] Computing Exact walk
[2025-01-08 11:41:53] Exact - CX: 100, U3: 165, Depth: 197
[2025-01-08 11:41:53] Computing Pauli decomposition
[2025-01-08 11:41:53] Pauli - CX: 70, U3: 115, Depth: 130
[2025-01-08 11:41:53] Successfully processed graph 163 - Category: win_both
[2025-01-08 11:41:53] 
Processing graph 164/200
[2025-01-08 11:41:53] Graph 164 has 16 nodes and 33 edges
[2025-01-08 11:41:53] Converted to 33 bitstring edges
[2025-01-08 11:41:53] Computing Matchings Dynamic walk
[2025-01-08 11:41:54] Matchings - CX: 44, U3: 40, Depth: 67
[2025-01-08 11:41:54] Computing Exact walk
[2025-01-08 11:41:54] Exact - CX: 100, U3: 165, Depth: 197
[2025-01-08 11:41:54] Computing Pauli decomposition
[2025-01-08 11:41:55] Pauli - CX: 66, U3: 112, Depth: 121
[2025-01-08 11:41:55] Successfully processed graph 164 - Category: win_both
[2025-01-08 11:41:55] 
Processing graph 165/200
[2025-01-08 11:41:55] Graph 165 has 16 nodes and 37 edges
[2025-01-08 11:41:55] Converted to 37 bitstring edges
[2025-01-08 11:41:55] Computing Matchings Dynamic walk
[2025-01-08 11:41:55] Matchings - CX: 59, U3: 55, Depth: 87
[2025-01-08 11:41:55] Computing Exact walk
[2025-01-08 11:41:56] Exact - CX: 100, U3: 165, Depth: 197
[2025-01-08 11:41:56] Computing Pauli decomposition
[2025-01-08 11:41:57] Pauli - CX: 78, U3: 134, Depth: 145
[2025-01-08 11:41:57] Successfully processed graph 165 - Category: win_both
[2025-01-08 11:41:57] 
Processing graph 166/200
[2025-01-08 11:41:57] Graph 166 has 16 nodes and 37 edges
[2025-01-08 11:41:57] Converted to 37 bitstring edges
[2025-01-08 11:41:57] Computing Matchings Dynamic walk
[2025-01-08 11:41:57] Matchings - CX: 45, U3: 40, Depth: 68
[2025-01-08 11:41:57] Computing Exact walk
[2025-01-08 11:41:58] Exact - CX: 100, U3: 165, Depth: 197
[2025-01-08 11:41:58] Computing Pauli decomposition
[2025-01-08 11:41:59] Pauli - CX: 71, U3: 125, Depth: 132
[2025-01-08 11:41:59] Successfully processed graph 166 - Category: win_both
[2025-01-08 11:41:59] 
Processing graph 167/200
[2025-01-08 11:41:59] Graph 167 has 16 nodes and 35 edges
[2025-01-08 11:41:59] Converted to 35 bitstring edges
[2025-01-08 11:41:59] Computing Matchings Dynamic walk
[2025-01-08 11:41:59] Matchings - CX: 61, U3: 60, Depth: 93
[2025-01-08 11:41:59] Computing Exact walk
[2025-01-08 11:42:00] Exact - CX: 100, U3: 162, Depth: 195
[2025-01-08 11:42:00] Computing Pauli decomposition
[2025-01-08 11:42:01] Pauli - CX: 66, U3: 112, Depth: 122
[2025-01-08 11:42:01] Successfully processed graph 167 - Category: win_both
[2025-01-08 11:42:01] 
Processing graph 168/200
[2025-01-08 11:42:01] Graph 168 has 16 nodes and 37 edges
[2025-01-08 11:42:01] Converted to 37 bitstring edges
[2025-01-08 11:42:01] Computing Matchings Dynamic walk
[2025-01-08 11:42:02] Matchings - CX: 40, U3: 37, Depth: 62
[2025-01-08 11:42:02] Computing Exact walk
[2025-01-08 11:42:02] Exact - CX: 98, U3: 158, Depth: 191
[2025-01-08 11:42:02] Computing Pauli decomposition
[2025-01-08 11:42:03] Pauli - CX: 70, U3: 114, Depth: 129
[2025-01-08 11:42:03] Successfully processed graph 168 - Category: win_both
[2025-01-08 11:42:03] 
Processing graph 169/200
[2025-01-08 11:42:03] Graph 169 has 16 nodes and 36 edges
[2025-01-08 11:42:03] Converted to 36 bitstring edges
[2025-01-08 11:42:03] Computing Matchings Dynamic walk
[2025-01-08 11:42:03] Matchings - CX: 61, U3: 60, Depth: 93
[2025-01-08 11:42:03] Computing Exact walk
[2025-01-08 11:42:04] Exact - CX: 99, U3: 161, Depth: 194
[2025-01-08 11:42:04] Computing Pauli decomposition
[2025-01-08 11:42:05] Pauli - CX: 73, U3: 117, Depth: 133
[2025-01-08 11:42:05] Successfully processed graph 169 - Category: win_both
[2025-01-08 11:42:05] 
Processing graph 170/200
[2025-01-08 11:42:05] Graph 170 has 16 nodes and 38 edges
[2025-01-08 11:42:05] Converted to 38 bitstring edges
[2025-01-08 11:42:05] Computing Matchings Dynamic walk
[2025-01-08 11:42:05] Matchings - CX: 39, U3: 47, Depth: 64
[2025-01-08 11:42:05] Computing Exact walk
[2025-01-08 11:42:06] Exact - CX: 100, U3: 165, Depth: 197
[2025-01-08 11:42:06] Computing Pauli decomposition
[2025-01-08 11:42:06] Pauli - CX: 55, U3: 104, Depth: 106
[2025-01-08 11:42:06] Successfully processed graph 170 - Category: win_both
[2025-01-08 11:42:06] 
Processing graph 171/200
[2025-01-08 11:42:06] Graph 171 has 16 nodes and 34 edges
[2025-01-08 11:42:06] Converted to 34 bitstring edges
[2025-01-08 11:42:06] Computing Matchings Dynamic walk
[2025-01-08 11:42:07] Matchings - CX: 48, U3: 54, Depth: 77
[2025-01-08 11:42:07] Computing Exact walk
[2025-01-08 11:42:08] Exact - CX: 100, U3: 165, Depth: 197
[2025-01-08 11:42:08] Computing Pauli decomposition
[2025-01-08 11:42:08] Pauli - CX: 73, U3: 130, Depth: 137
[2025-01-08 11:42:08] Successfully processed graph 171 - Category: win_both
[2025-01-08 11:42:08] 
Processing graph 172/200
[2025-01-08 11:42:08] Graph 172 has 16 nodes and 34 edges
[2025-01-08 11:42:08] Converted to 34 bitstring edges
[2025-01-08 11:42:08] Computing Matchings Dynamic walk
[2025-01-08 11:42:09] Matchings - CX: 63, U3: 53, Depth: 92
[2025-01-08 11:42:09] Computing Exact walk
[2025-01-08 11:42:10] Exact - CX: 100, U3: 165, Depth: 197
[2025-01-08 11:42:10] Computing Pauli decomposition
[2025-01-08 11:42:10] Pauli - CX: 65, U3: 106, Depth: 119
[2025-01-08 11:42:10] Successfully processed graph 172 - Category: win_both
[2025-01-08 11:42:10] 
Processing graph 173/200
[2025-01-08 11:42:10] Graph 173 has 16 nodes and 33 edges
[2025-01-08 11:42:10] Converted to 33 bitstring edges
[2025-01-08 11:42:10] Computing Matchings Dynamic walk
[2025-01-08 11:42:11] Matchings - CX: 43, U3: 42, Depth: 67
[2025-01-08 11:42:11] Computing Exact walk
[2025-01-08 11:42:11] Exact - CX: 100, U3: 165, Depth: 197
[2025-01-08 11:42:11] Computing Pauli decomposition
[2025-01-08 11:42:12] Pauli - CX: 73, U3: 123, Depth: 135
[2025-01-08 11:42:12] Successfully processed graph 173 - Category: win_both
[2025-01-08 11:42:12] 
Processing graph 174/200
[2025-01-08 11:42:12] Graph 174 has 16 nodes and 35 edges
[2025-01-08 11:42:12] Converted to 35 bitstring edges
[2025-01-08 11:42:12] Computing Matchings Dynamic walk
[2025-01-08 11:42:12] Matchings - CX: 65, U3: 62, Depth: 100
[2025-01-08 11:42:12] Computing Exact walk
[2025-01-08 11:42:13] Exact - CX: 99, U3: 158, Depth: 192
[2025-01-08 11:42:13] Computing Pauli decomposition
[2025-01-08 11:42:14] Pauli - CX: 63, U3: 114, Depth: 119
[2025-01-08 11:42:14] Successfully processed graph 174 - Category: win_exact_lose_pauli
[2025-01-08 11:42:14] 
Processing graph 175/200
[2025-01-08 11:42:14] Graph 175 has 16 nodes and 36 edges
[2025-01-08 11:42:14] Converted to 36 bitstring edges
[2025-01-08 11:42:14] Computing Matchings Dynamic walk
[2025-01-08 11:42:14] Matchings - CX: 52, U3: 48, Depth: 79
[2025-01-08 11:42:14] Computing Exact walk
[2025-01-08 11:42:15] Exact - CX: 100, U3: 161, Depth: 195
[2025-01-08 11:42:15] Computing Pauli decomposition
[2025-01-08 11:42:16] Pauli - CX: 78, U3: 138, Depth: 146
[2025-01-08 11:42:16] Successfully processed graph 175 - Category: win_both
[2025-01-08 11:42:16] 
Processing graph 176/200
[2025-01-08 11:42:16] Graph 176 has 16 nodes and 35 edges
[2025-01-08 11:42:16] Converted to 35 bitstring edges
[2025-01-08 11:42:16] Computing Matchings Dynamic walk
[2025-01-08 11:42:16] Matchings - CX: 41, U3: 39, Depth: 63
[2025-01-08 11:42:16] Computing Exact walk
[2025-01-08 11:42:17] Exact - CX: 97, U3: 154, Depth: 187
[2025-01-08 11:42:17] Computing Pauli decomposition
[2025-01-08 11:42:17] Pauli - CX: 61, U3: 108, Depth: 115
[2025-01-08 11:42:17] Successfully processed graph 176 - Category: win_both
[2025-01-08 11:42:17] 
Processing graph 177/200
[2025-01-08 11:42:17] Graph 177 has 16 nodes and 36 edges
[2025-01-08 11:42:17] Converted to 36 bitstring edges
[2025-01-08 11:42:17] Computing Matchings Dynamic walk
[2025-01-08 11:42:18] Matchings - CX: 54, U3: 52, Depth: 84
[2025-01-08 11:42:18] Computing Exact walk
[2025-01-08 11:42:19] Exact - CX: 100, U3: 161, Depth: 195
[2025-01-08 11:42:19] Computing Pauli decomposition
[2025-01-08 11:42:19] Pauli - CX: 68, U3: 123, Depth: 128
[2025-01-08 11:42:19] Successfully processed graph 177 - Category: win_both
[2025-01-08 11:42:19] 
Processing graph 178/200
[2025-01-08 11:42:19] Graph 178 has 16 nodes and 34 edges
[2025-01-08 11:42:19] Converted to 34 bitstring edges
[2025-01-08 11:42:19] Computing Matchings Dynamic walk
[2025-01-08 11:42:20] Matchings - CX: 59, U3: 53, Depth: 89
[2025-01-08 11:42:20] Computing Exact walk
[2025-01-08 11:42:20] Exact - CX: 100, U3: 165, Depth: 197
[2025-01-08 11:42:20] Computing Pauli decomposition
[2025-01-08 11:42:21] Pauli - CX: 73, U3: 128, Depth: 137
[2025-01-08 11:42:21] Successfully processed graph 178 - Category: win_both
[2025-01-08 11:42:21] 
Processing graph 179/200
[2025-01-08 11:42:21] Graph 179 has 16 nodes and 34 edges
[2025-01-08 11:42:21] Converted to 34 bitstring edges
[2025-01-08 11:42:21] Computing Matchings Dynamic walk
[2025-01-08 11:42:21] Matchings - CX: 50, U3: 49, Depth: 78
[2025-01-08 11:42:21] Computing Exact walk
[2025-01-08 11:42:22] Exact - CX: 100, U3: 165, Depth: 197
[2025-01-08 11:42:22] Computing Pauli decomposition
[2025-01-08 11:42:23] Pauli - CX: 73, U3: 124, Depth: 134
[2025-01-08 11:42:23] Successfully processed graph 179 - Category: win_both
[2025-01-08 11:42:23] 
Processing graph 180/200
[2025-01-08 11:42:23] Graph 180 has 16 nodes and 36 edges
[2025-01-08 11:42:23] Converted to 36 bitstring edges
[2025-01-08 11:42:23] Computing Matchings Dynamic walk
[2025-01-08 11:42:23] Matchings - CX: 64, U3: 67, Depth: 101
[2025-01-08 11:42:23] Computing Exact walk
[2025-01-08 11:42:24] Exact - CX: 100, U3: 164, Depth: 197
[2025-01-08 11:42:24] Computing Pauli decomposition
[2025-01-08 11:42:25] Pauli - CX: 78, U3: 128, Depth: 143
[2025-01-08 11:42:25] Successfully processed graph 180 - Category: win_both
[2025-01-08 11:42:25] 
Processing graph 181/200
[2025-01-08 11:42:25] Graph 181 has 16 nodes and 32 edges
[2025-01-08 11:42:25] Converted to 32 bitstring edges
[2025-01-08 11:42:25] Computing Matchings Dynamic walk
[2025-01-08 11:42:25] Matchings - CX: 49, U3: 47, Depth: 74
[2025-01-08 11:42:25] Computing Exact walk
[2025-01-08 11:42:26] Exact - CX: 100, U3: 165, Depth: 197
[2025-01-08 11:42:26] Computing Pauli decomposition
[2025-01-08 11:42:26] Pauli - CX: 78, U3: 128, Depth: 143
[2025-01-08 11:42:26] Successfully processed graph 181 - Category: win_both
[2025-01-08 11:42:26] 
Processing graph 182/200
[2025-01-08 11:42:26] Graph 182 has 16 nodes and 34 edges
[2025-01-08 11:42:26] Converted to 34 bitstring edges
[2025-01-08 11:42:26] Computing Matchings Dynamic walk
[2025-01-08 11:42:27] Matchings - CX: 85, U3: 75, Depth: 121
[2025-01-08 11:42:27] Computing Exact walk
[2025-01-08 11:42:28] Exact - CX: 100, U3: 165, Depth: 197
[2025-01-08 11:42:28] Computing Pauli decomposition
[2025-01-08 11:42:28] Pauli - CX: 64, U3: 111, Depth: 120
[2025-01-08 11:42:28] Successfully processed graph 182 - Category: win_exact_lose_pauli
[2025-01-08 11:42:28] 
Processing graph 183/200
[2025-01-08 11:42:28] Graph 183 has 16 nodes and 32 edges
[2025-01-08 11:42:28] Converted to 32 bitstring edges
[2025-01-08 11:42:28] Computing Matchings Dynamic walk
[2025-01-08 11:42:29] Matchings - CX: 52, U3: 57, Depth: 84
[2025-01-08 11:42:29] Computing Exact walk
[2025-01-08 11:42:30] Exact - CX: 100, U3: 165, Depth: 197
[2025-01-08 11:42:30] Computing Pauli decomposition
[2025-01-08 11:42:30] Pauli - CX: 78, U3: 124, Depth: 142
[2025-01-08 11:42:30] Successfully processed graph 183 - Category: win_both
[2025-01-08 11:42:30] 
Processing graph 184/200
[2025-01-08 11:42:30] Graph 184 has 16 nodes and 37 edges
[2025-01-08 11:42:30] Converted to 37 bitstring edges
[2025-01-08 11:42:30] Computing Matchings Dynamic walk
[2025-01-08 11:42:31] Matchings - CX: 65, U3: 69, Depth: 101
[2025-01-08 11:42:31] Computing Exact walk
[2025-01-08 11:42:31] Exact - CX: 100, U3: 159, Depth: 194
[2025-01-08 11:42:31] Computing Pauli decomposition
[2025-01-08 11:42:32] Pauli - CX: 78, U3: 132, Depth: 146
[2025-01-08 11:42:32] Successfully processed graph 184 - Category: win_both
[2025-01-08 11:42:32] 
Processing graph 185/200
[2025-01-08 11:42:32] Graph 185 has 16 nodes and 35 edges
[2025-01-08 11:42:32] Converted to 35 bitstring edges
[2025-01-08 11:42:32] Computing Matchings Dynamic walk
[2025-01-08 11:42:32] Matchings - CX: 52, U3: 54, Depth: 81
[2025-01-08 11:42:32] Computing Exact walk
[2025-01-08 11:42:33] Exact - CX: 100, U3: 165, Depth: 197
[2025-01-08 11:42:33] Computing Pauli decomposition
[2025-01-08 11:42:34] Pauli - CX: 67, U3: 118, Depth: 125
[2025-01-08 11:42:34] Successfully processed graph 185 - Category: win_both
[2025-01-08 11:42:34] 
Processing graph 186/200
[2025-01-08 11:42:34] Graph 186 has 16 nodes and 37 edges
[2025-01-08 11:42:34] Converted to 37 bitstring edges
[2025-01-08 11:42:34] Computing Matchings Dynamic walk
[2025-01-08 11:42:34] Matchings - CX: 57, U3: 52, Depth: 84
[2025-01-08 11:42:34] Computing Exact walk
[2025-01-08 11:42:35] Exact - CX: 100, U3: 165, Depth: 197
[2025-01-08 11:42:35] Computing Pauli decomposition
[2025-01-08 11:42:36] Pauli - CX: 73, U3: 125, Depth: 135
[2025-01-08 11:42:36] Successfully processed graph 186 - Category: win_both
[2025-01-08 11:42:36] 
Processing graph 187/200
[2025-01-08 11:42:36] Graph 187 has 16 nodes and 33 edges
[2025-01-08 11:42:36] Converted to 33 bitstring edges
[2025-01-08 11:42:36] Computing Matchings Dynamic walk
[2025-01-08 11:42:36] Matchings - CX: 37, U3: 40, Depth: 58
[2025-01-08 11:42:36] Computing Exact walk
[2025-01-08 11:42:37] Exact - CX: 100, U3: 165, Depth: 197
[2025-01-08 11:42:37] Computing Pauli decomposition
[2025-01-08 11:42:37] Pauli - CX: 69, U3: 117, Depth: 129
[2025-01-08 11:42:37] Successfully processed graph 187 - Category: win_both
[2025-01-08 11:42:37] 
Processing graph 188/200
[2025-01-08 11:42:37] Graph 188 has 16 nodes and 33 edges
[2025-01-08 11:42:37] Converted to 33 bitstring edges
[2025-01-08 11:42:37] Computing Matchings Dynamic walk
[2025-01-08 11:42:38] Matchings - CX: 49, U3: 48, Depth: 77
[2025-01-08 11:42:38] Computing Exact walk
[2025-01-08 11:42:38] Exact - CX: 100, U3: 163, Depth: 196
[2025-01-08 11:42:38] Computing Pauli decomposition
[2025-01-08 11:42:39] Pauli - CX: 73, U3: 121, Depth: 134
[2025-01-08 11:42:39] Successfully processed graph 188 - Category: win_both
[2025-01-08 11:42:39] 
Processing graph 189/200
[2025-01-08 11:42:39] Graph 189 has 16 nodes and 35 edges
[2025-01-08 11:42:39] Converted to 35 bitstring edges
[2025-01-08 11:42:39] Computing Matchings Dynamic walk
[2025-01-08 11:42:40] Matchings - CX: 51, U3: 50, Depth: 80
[2025-01-08 11:42:40] Computing Exact walk
[2025-01-08 11:42:40] Exact - CX: 100, U3: 165, Depth: 197
[2025-01-08 11:42:40] Computing Pauli decomposition
[2025-01-08 11:42:41] Pauli - CX: 69, U3: 118, Depth: 129
[2025-01-08 11:42:41] Successfully processed graph 189 - Category: win_both
[2025-01-08 11:42:41] 
Processing graph 190/200
[2025-01-08 11:42:41] Graph 190 has 16 nodes and 36 edges
[2025-01-08 11:42:41] Converted to 36 bitstring edges
[2025-01-08 11:42:41] Computing Matchings Dynamic walk
[2025-01-08 11:42:41] Matchings - CX: 50, U3: 46, Depth: 76
[2025-01-08 11:42:41] Computing Exact walk
[2025-01-08 11:42:42] Exact - CX: 98, U3: 156, Depth: 188
[2025-01-08 11:42:42] Computing Pauli decomposition
[2025-01-08 11:42:43] Pauli - CX: 63, U3: 112, Depth: 120
[2025-01-08 11:42:43] Successfully processed graph 190 - Category: win_both
[2025-01-08 11:42:43] 
Processing graph 191/200
[2025-01-08 11:42:43] Graph 191 has 16 nodes and 37 edges
[2025-01-08 11:42:43] Converted to 37 bitstring edges
[2025-01-08 11:42:43] Computing Matchings Dynamic walk
[2025-01-08 11:42:43] Matchings - CX: 42, U3: 33, Depth: 61
[2025-01-08 11:42:43] Computing Exact walk
[2025-01-08 11:42:44] Exact - CX: 100, U3: 161, Depth: 195
[2025-01-08 11:42:44] Computing Pauli decomposition
[2025-01-08 11:42:44] Pauli - CX: 73, U3: 118, Depth: 132
[2025-01-08 11:42:44] Successfully processed graph 191 - Category: win_both
[2025-01-08 11:42:44] 
Processing graph 192/200
[2025-01-08 11:42:44] Graph 192 has 16 nodes and 36 edges
[2025-01-08 11:42:44] Converted to 36 bitstring edges
[2025-01-08 11:42:44] Computing Matchings Dynamic walk
[2025-01-08 11:42:45] Matchings - CX: 48, U3: 39, Depth: 71
[2025-01-08 11:42:45] Computing Exact walk
[2025-01-08 11:42:45] Exact - CX: 100, U3: 165, Depth: 197
[2025-01-08 11:42:45] Computing Pauli decomposition
[2025-01-08 11:42:46] Pauli - CX: 71, U3: 123, Depth: 133
[2025-01-08 11:42:46] Successfully processed graph 192 - Category: win_both
[2025-01-08 11:42:46] 
Processing graph 193/200
[2025-01-08 11:42:46] Graph 193 has 16 nodes and 35 edges
[2025-01-08 11:42:46] Converted to 35 bitstring edges
[2025-01-08 11:42:46] Computing Matchings Dynamic walk
[2025-01-08 11:42:47] Matchings - CX: 56, U3: 64, Depth: 90
[2025-01-08 11:42:47] Computing Exact walk
[2025-01-08 11:42:47] Exact - CX: 100, U3: 165, Depth: 197
[2025-01-08 11:42:47] Computing Pauli decomposition
[2025-01-08 11:42:48] Pauli - CX: 62, U3: 99, Depth: 112
[2025-01-08 11:42:48] Successfully processed graph 193 - Category: win_both
[2025-01-08 11:42:48] 
Processing graph 194/200
[2025-01-08 11:42:48] Graph 194 has 16 nodes and 34 edges
[2025-01-08 11:42:48] Converted to 34 bitstring edges
[2025-01-08 11:42:48] Computing Matchings Dynamic walk
[2025-01-08 11:42:48] Matchings - CX: 46, U3: 47, Depth: 71
[2025-01-08 11:42:48] Computing Exact walk
[2025-01-08 11:42:49] Exact - CX: 100, U3: 165, Depth: 197
[2025-01-08 11:42:49] Computing Pauli decomposition
[2025-01-08 11:42:50] Pauli - CX: 72, U3: 123, Depth: 133
[2025-01-08 11:42:50] Successfully processed graph 194 - Category: win_both
[2025-01-08 11:42:50] 
Processing graph 195/200
[2025-01-08 11:42:50] Graph 195 has 16 nodes and 32 edges
[2025-01-08 11:42:50] Converted to 32 bitstring edges
[2025-01-08 11:42:50] Computing Matchings Dynamic walk
[2025-01-08 11:42:50] Matchings - CX: 25, U3: 28, Depth: 40
[2025-01-08 11:42:50] Computing Exact walk
[2025-01-08 11:42:51] Exact - CX: 100, U3: 165, Depth: 197
[2025-01-08 11:42:51] Computing Pauli decomposition
[2025-01-08 11:42:51] Pauli - CX: 75, U3: 127, Depth: 139
[2025-01-08 11:42:51] Successfully processed graph 195 - Category: win_both
[2025-01-08 11:42:51] 
Processing graph 196/200
[2025-01-08 11:42:51] Graph 196 has 16 nodes and 39 edges
[2025-01-08 11:42:51] Converted to 39 bitstring edges
[2025-01-08 11:42:51] Computing Matchings Dynamic walk
[2025-01-08 11:42:52] Matchings - CX: 60, U3: 55, Depth: 90
[2025-01-08 11:42:52] Computing Exact walk
[2025-01-08 11:42:53] Exact - CX: 100, U3: 165, Depth: 197
[2025-01-08 11:42:53] Computing Pauli decomposition
[2025-01-08 11:42:53] Pauli - CX: 69, U3: 119, Depth: 128
[2025-01-08 11:42:53] Successfully processed graph 196 - Category: win_both
[2025-01-08 11:42:53] 
Processing graph 197/200
[2025-01-08 11:42:53] Graph 197 has 16 nodes and 34 edges
[2025-01-08 11:42:53] Converted to 34 bitstring edges
[2025-01-08 11:42:53] Computing Matchings Dynamic walk
[2025-01-08 11:42:54] Matchings - CX: 39, U3: 38, Depth: 58
[2025-01-08 11:42:54] Computing Exact walk
[2025-01-08 11:42:54] Exact - CX: 100, U3: 165, Depth: 197
[2025-01-08 11:42:54] Computing Pauli decomposition
[2025-01-08 11:42:55] Pauli - CX: 78, U3: 123, Depth: 142
[2025-01-08 11:42:55] Successfully processed graph 197 - Category: win_both
[2025-01-08 11:42:55] 
Processing graph 198/200
[2025-01-08 11:42:55] Graph 198 has 16 nodes and 36 edges
[2025-01-08 11:42:55] Converted to 36 bitstring edges
[2025-01-08 11:42:55] Computing Matchings Dynamic walk
[2025-01-08 11:42:56] Matchings - CX: 64, U3: 63, Depth: 98
[2025-01-08 11:42:56] Computing Exact walk
[2025-01-08 11:42:56] Exact - CX: 100, U3: 165, Depth: 197
[2025-01-08 11:42:56] Computing Pauli decomposition
[2025-01-08 11:42:57] Pauli - CX: 65, U3: 109, Depth: 120
[2025-01-08 11:42:57] Successfully processed graph 198 - Category: win_both
[2025-01-08 11:42:57] 
Processing graph 199/200
[2025-01-08 11:42:57] Graph 199 has 16 nodes and 35 edges
[2025-01-08 11:42:57] Converted to 35 bitstring edges
[2025-01-08 11:42:57] Computing Matchings Dynamic walk
[2025-01-08 11:42:57] Matchings - CX: 44, U3: 44, Depth: 67
[2025-01-08 11:42:57] Computing Exact walk
[2025-01-08 11:42:58] Exact - CX: 100, U3: 164, Depth: 197
[2025-01-08 11:42:58] Computing Pauli decomposition
[2025-01-08 11:42:58] Pauli - CX: 70, U3: 116, Depth: 129
[2025-01-08 11:42:58] Successfully processed graph 199 - Category: win_both
[2025-01-08 11:42:58] 
Final Results Summary:
[2025-01-08 11:42:58] Total graphs in file: 200
[2025-01-08 11:42:58] Successfully processed: 200
[2025-01-08 11:42:58] win_both: 176 (88.0%)
[2025-01-08 11:42:58] lose_both: 0 (0.0%)
[2025-01-08 11:42:58] draw_both: 0 (0.0%)
[2025-01-08 11:42:58] win_exact_lose_pauli: 23 (11.5%)
[2025-01-08 11:42:58] win_pauli_lose_exact: 0 (0.0%)
[2025-01-08 11:42:58] draw_exact_win_pauli: 0 (0.0%)
[2025-01-08 11:42:58] draw_exact_lose_pauli: 0 (0.0%)
[2025-01-08 11:42:58] win_exact_draw_pauli: 1 (0.5%)
[2025-01-08 11:42:58] lose_exact_draw_pauli: 0 (0.0%)
[2025-01-08 11:42:58] undefined: 0 (0.0%)
[2025-01-08 11:42:58] 
Average Gate Counts by Category:
[2025-01-08 11:42:58] win_both_matching_cx: 50.05
[2025-01-08 11:42:58] win_both_matching_u3: 49.38
[2025-01-08 11:42:58] win_both_exact_cx: 99.65
[2025-01-08 11:42:58] win_both_exact_u3: 163.48
[2025-01-08 11:42:58] win_both_pauli_cx: 70.95
[2025-01-08 11:42:58] win_both_pauli_u3: 121.00
[2025-01-08 11:42:58] win_both_matching_depth: 76.94
[2025-01-08 11:42:58] win_both_exact_depth: 195.70
[2025-01-08 11:42:58] win_both_pauli_depth: 131.75
[2025-01-08 11:42:58] win_exact_lose_pauli_matching_cx: 75.09
[2025-01-08 11:42:58] win_exact_lose_pauli_matching_u3: 68.22
[2025-01-08 11:42:58] win_exact_lose_pauli_exact_cx: 99.48
[2025-01-08 11:42:58] win_exact_lose_pauli_exact_u3: 163.30
[2025-01-08 11:42:58] win_exact_lose_pauli_pauli_cx: 65.26
[2025-01-08 11:42:58] win_exact_lose_pauli_pauli_u3: 111.43
[2025-01-08 11:42:58] win_exact_lose_pauli_matching_depth: 111.61
[2025-01-08 11:42:58] win_exact_lose_pauli_exact_depth: 195.39
[2025-01-08 11:42:58] win_exact_lose_pauli_pauli_depth: 121.17
[2025-01-08 11:42:58] win_exact_draw_pauli_matching_cx: 68.00
[2025-01-08 11:42:58] win_exact_draw_pauli_matching_u3: 60.00
[2025-01-08 11:42:58] win_exact_draw_pauli_exact_cx: 100.00
[2025-01-08 11:42:58] win_exact_draw_pauli_exact_u3: 165.00
[2025-01-08 11:42:58] win_exact_draw_pauli_pauli_cx: 68.00
[2025-01-08 11:42:58] win_exact_draw_pauli_pauli_u3: 113.00
[2025-01-08 11:42:58] win_exact_draw_pauli_matching_depth: 97.00
[2025-01-08 11:42:58] win_exact_draw_pauli_exact_depth: 197.00
[2025-01-08 11:42:58] win_exact_draw_pauli_pauli_depth: 125.00
[2025-01-08 11:44:17] Starting analysis with:
[2025-01-08 11:44:17] Number of qubits: 4
[2025-01-08 11:44:17] Number of vertices: 16
[2025-01-08 11:44:17] Delta t: 0.1
[2025-01-08 11:44:17] Input file: ../data/graphs/200graph_bipartite_16c.g6
[2025-01-08 11:44:17] Parsed graph info: {'num_graphs': 200, 'size': 'bipartite', 'vertices': '16', 'type': 'c'}
[2025-01-08 11:44:17] Found 200 graphs in file
[2025-01-08 11:44:17] 
Processing graph 0/200
[2025-01-08 11:44:17] Graph 0 has 16 nodes and 31 edges
[2025-01-08 11:44:17] Converted to 31 bitstring edges
[2025-01-08 11:44:17] Computing Matchings Dynamic walk
[2025-01-08 11:44:18] Matchings - CX: 49, U3: 45, Depth: 75
[2025-01-08 11:44:18] Computing Exact walk
[2025-01-08 11:44:19] Exact - CX: 100, U3: 165, Depth: 197
[2025-01-08 11:44:19] Computing Pauli decomposition
[2025-01-08 11:44:20] Pauli - CX: 78, U3: 133, Depth: 146
[2025-01-08 11:44:20] Successfully processed graph 0 - Category: win_both
[2025-01-08 11:44:20] 
Processing graph 1/200
[2025-01-08 11:44:20] Graph 1 has 16 nodes and 37 edges
[2025-01-08 11:44:20] Converted to 37 bitstring edges
[2025-01-08 11:44:20] Computing Matchings Dynamic walk
[2025-01-08 11:44:20] Matchings - CX: 49, U3: 49, Depth: 76
[2025-01-08 11:44:20] Computing Exact walk
[2025-01-08 11:44:21] Exact - CX: 100, U3: 165, Depth: 197
[2025-01-08 11:44:21] Computing Pauli decomposition
[2025-01-08 11:44:21] Pauli - CX: 67, U3: 115, Depth: 126
[2025-01-08 11:44:21] Successfully processed graph 1 - Category: win_both
[2025-01-08 11:44:21] 
Processing graph 2/200
[2025-01-08 11:44:21] Graph 2 has 16 nodes and 35 edges
[2025-01-08 11:44:21] Converted to 35 bitstring edges
[2025-01-08 11:44:21] Computing Matchings Dynamic walk
[2025-01-08 11:44:22] Matchings - CX: 63, U3: 65, Depth: 97
[2025-01-08 11:44:22] Computing Exact walk
[2025-01-08 11:44:23] Exact - CX: 100, U3: 165, Depth: 197
[2025-01-08 11:44:23] Computing Pauli decomposition
[2025-01-08 11:44:23] Pauli - CX: 74, U3: 127, Depth: 138
[2025-01-08 11:44:23] Successfully processed graph 2 - Category: win_both
[2025-01-08 11:44:23] 
Processing graph 3/200
[2025-01-08 11:44:23] Graph 3 has 16 nodes and 36 edges
[2025-01-08 11:44:23] Converted to 36 bitstring edges
[2025-01-08 11:44:23] Computing Matchings Dynamic walk
[2025-01-08 11:44:24] Matchings - CX: 88, U3: 76, Depth: 126
[2025-01-08 11:44:24] Computing Exact walk
[2025-01-08 11:44:25] Exact - CX: 98, U3: 160, Depth: 192
[2025-01-08 11:44:25] Computing Pauli decomposition
[2025-01-08 11:44:25] Pauli - CX: 73, U3: 121, Depth: 134
[2025-01-08 11:44:25] Successfully processed graph 3 - Category: win_exact_lose_pauli
[2025-01-08 11:44:25] 
Processing graph 4/200
[2025-01-08 11:44:25] Graph 4 has 16 nodes and 33 edges
[2025-01-08 11:44:25] Converted to 33 bitstring edges
[2025-01-08 11:44:25] Computing Matchings Dynamic walk
[2025-01-08 11:44:26] Matchings - CX: 36, U3: 38, Depth: 56
[2025-01-08 11:44:26] Computing Exact walk
[2025-01-08 11:44:26] Exact - CX: 97, U3: 156, Depth: 188
[2025-01-08 11:44:26] Computing Pauli decomposition
[2025-01-08 11:44:27] Pauli - CX: 78, U3: 125, Depth: 142
[2025-01-08 11:44:27] Successfully processed graph 4 - Category: win_both
[2025-01-08 11:44:27] 
Processing graph 5/200
[2025-01-08 11:44:27] Graph 5 has 16 nodes and 36 edges
[2025-01-08 11:44:27] Converted to 36 bitstring edges
[2025-01-08 11:44:27] Computing Matchings Dynamic walk
[2025-01-08 11:44:28] Matchings - CX: 70, U3: 62, Depth: 102
[2025-01-08 11:44:28] Computing Exact walk
[2025-01-08 11:44:28] Exact - CX: 100, U3: 164, Depth: 197
[2025-01-08 11:44:28] Computing Pauli decomposition
[2025-01-08 11:44:29] Pauli - CX: 73, U3: 128, Depth: 138
[2025-01-08 11:44:29] Successfully processed graph 5 - Category: win_both
[2025-01-08 11:44:29] 
Processing graph 6/200
[2025-01-08 11:44:29] Graph 6 has 16 nodes and 33 edges
[2025-01-08 11:44:29] Converted to 33 bitstring edges
[2025-01-08 11:44:29] Computing Matchings Dynamic walk
[2025-01-08 11:44:29] Matchings - CX: 82, U3: 73, Depth: 114
[2025-01-08 11:44:29] Computing Exact walk
[2025-01-08 11:44:30] Exact - CX: 100, U3: 163, Depth: 196
[2025-01-08 11:44:30] Computing Pauli decomposition
[2025-01-08 11:44:31] Pauli - CX: 63, U3: 112, Depth: 117
[2025-01-08 11:44:31] Successfully processed graph 6 - Category: win_exact_lose_pauli
[2025-01-08 11:44:31] 
Processing graph 7/200
[2025-01-08 11:44:31] Graph 7 has 16 nodes and 35 edges
[2025-01-08 11:44:31] Converted to 35 bitstring edges
[2025-01-08 11:44:31] Computing Matchings Dynamic walk
[2025-01-08 11:44:31] Matchings - CX: 43, U3: 47, Depth: 68
[2025-01-08 11:44:31] Computing Exact walk
[2025-01-08 11:44:32] Exact - CX: 100, U3: 162, Depth: 195
[2025-01-08 11:44:32] Computing Pauli decomposition
[2025-01-08 11:44:33] Pauli - CX: 78, U3: 131, Depth: 145
[2025-01-08 11:44:33] Successfully processed graph 7 - Category: win_both
[2025-01-08 11:44:33] 
Processing graph 8/200
[2025-01-08 11:44:33] Graph 8 has 16 nodes and 34 edges
[2025-01-08 11:44:33] Converted to 34 bitstring edges
[2025-01-08 11:44:33] Computing Matchings Dynamic walk
[2025-01-08 11:44:33] Matchings - CX: 64, U3: 57, Depth: 97
[2025-01-08 11:44:33] Computing Exact walk
[2025-01-08 11:44:34] Exact - CX: 100, U3: 163, Depth: 196
[2025-01-08 11:44:34] Computing Pauli decomposition
[2025-01-08 11:44:34] Pauli - CX: 73, U3: 125, Depth: 135
[2025-01-08 11:44:34] Successfully processed graph 8 - Category: win_both
[2025-01-08 11:44:34] 
Processing graph 9/200
[2025-01-08 11:44:34] Graph 9 has 16 nodes and 33 edges
[2025-01-08 11:44:34] Converted to 33 bitstring edges
[2025-01-08 11:44:34] Computing Matchings Dynamic walk
[2025-01-08 11:44:35] Matchings - CX: 64, U3: 68, Depth: 102
[2025-01-08 11:44:35] Computing Exact walk
[2025-01-08 11:44:36] Exact - CX: 98, U3: 159, Depth: 191
[2025-01-08 11:44:36] Computing Pauli decomposition
[2025-01-08 11:44:36] Pauli - CX: 60, U3: 109, Depth: 115
[2025-01-08 11:44:36] Successfully processed graph 9 - Category: win_exact_lose_pauli
[2025-01-08 11:44:36] 
Processing graph 10/200
[2025-01-08 11:44:36] Graph 10 has 16 nodes and 35 edges
[2025-01-08 11:44:36] Converted to 35 bitstring edges
[2025-01-08 11:44:36] Computing Matchings Dynamic walk
[2025-01-08 11:44:37] Matchings - CX: 69, U3: 63, Depth: 106
[2025-01-08 11:44:37] Computing Exact walk
[2025-01-08 11:44:37] Exact - CX: 100, U3: 165, Depth: 197
[2025-01-08 11:44:37] Computing Pauli decomposition
[2025-01-08 11:44:38] Pauli - CX: 63, U3: 112, Depth: 118
[2025-01-08 11:44:38] Successfully processed graph 10 - Category: win_exact_lose_pauli
[2025-01-08 11:44:38] 
Processing graph 11/200
[2025-01-08 11:44:38] Graph 11 has 16 nodes and 35 edges
[2025-01-08 11:44:38] Converted to 35 bitstring edges
[2025-01-08 11:44:38] Computing Matchings Dynamic walk
[2025-01-08 11:44:38] Matchings - CX: 83, U3: 70, Depth: 119
[2025-01-08 11:44:38] Computing Exact walk
[2025-01-08 11:44:39] Exact - CX: 97, U3: 157, Depth: 188
[2025-01-08 11:44:39] Computing Pauli decomposition
[2025-01-08 11:44:40] Pauli - CX: 78, U3: 135, Depth: 145
[2025-01-08 11:44:40] Successfully processed graph 11 - Category: win_exact_lose_pauli
[2025-01-08 11:44:40] 
Processing graph 12/200
[2025-01-08 11:44:40] Graph 12 has 16 nodes and 37 edges
[2025-01-08 11:44:40] Converted to 37 bitstring edges
[2025-01-08 11:44:40] Computing Matchings Dynamic walk
[2025-01-08 11:44:40] Matchings - CX: 50, U3: 50, Depth: 78
[2025-01-08 11:44:40] Computing Exact walk
[2025-01-08 11:44:41] Exact - CX: 100, U3: 163, Depth: 195
[2025-01-08 11:44:41] Computing Pauli decomposition
[2025-01-08 11:44:42] Pauli - CX: 63, U3: 101, Depth: 114
[2025-01-08 11:44:42] Successfully processed graph 12 - Category: win_both
[2025-01-08 11:44:42] 
Processing graph 13/200
[2025-01-08 11:44:42] Graph 13 has 16 nodes and 39 edges
[2025-01-08 11:44:42] Converted to 39 bitstring edges
[2025-01-08 11:44:42] Computing Matchings Dynamic walk
[2025-01-08 11:44:42] Matchings - CX: 60, U3: 54, Depth: 89
[2025-01-08 11:44:42] Computing Exact walk
[2025-01-08 11:44:43] Exact - CX: 100, U3: 165, Depth: 197
[2025-01-08 11:44:43] Computing Pauli decomposition
[2025-01-08 11:44:43] Pauli - CX: 65, U3: 112, Depth: 122
[2025-01-08 11:44:43] Successfully processed graph 13 - Category: win_both
[2025-01-08 11:44:43] 
Processing graph 14/200
[2025-01-08 11:44:43] Graph 14 has 16 nodes and 35 edges
[2025-01-08 11:44:43] Converted to 35 bitstring edges
[2025-01-08 11:44:43] Computing Matchings Dynamic walk
[2025-01-08 11:44:44] Matchings - CX: 55, U3: 56, Depth: 84
[2025-01-08 11:44:44] Computing Exact walk
[2025-01-08 11:44:45] Exact - CX: 100, U3: 165, Depth: 197
[2025-01-08 11:44:45] Computing Pauli decomposition
[2025-01-08 11:44:45] Pauli - CX: 68, U3: 120, Depth: 127
[2025-01-08 11:44:45] Successfully processed graph 14 - Category: win_both
[2025-01-08 11:44:45] 
Processing graph 15/200
[2025-01-08 11:44:45] Graph 15 has 16 nodes and 39 edges
[2025-01-08 11:44:45] Converted to 39 bitstring edges
[2025-01-08 11:44:45] Computing Matchings Dynamic walk
[2025-01-08 11:44:46] Matchings - CX: 71, U3: 69, Depth: 108
[2025-01-08 11:44:46] Computing Exact walk
[2025-01-08 11:44:46] Exact - CX: 100, U3: 164, Depth: 197
[2025-01-08 11:44:46] Computing Pauli decomposition
[2025-01-08 11:44:47] Pauli - CX: 73, U3: 125, Depth: 136
[2025-01-08 11:44:47] Successfully processed graph 15 - Category: win_both
[2025-01-08 11:44:47] 
Processing graph 16/200
[2025-01-08 11:44:47] Graph 16 has 16 nodes and 35 edges
[2025-01-08 11:44:47] Converted to 35 bitstring edges
[2025-01-08 11:44:47] Computing Matchings Dynamic walk
[2025-01-08 11:44:48] Matchings - CX: 91, U3: 87, Depth: 132
[2025-01-08 11:44:48] Computing Exact walk
[2025-01-08 11:44:48] Exact - CX: 100, U3: 165, Depth: 197
[2025-01-08 11:44:48] Computing Pauli decomposition
[2025-01-08 11:44:49] Pauli - CX: 59, U3: 99, Depth: 109
[2025-01-08 11:44:49] Successfully processed graph 16 - Category: win_exact_lose_pauli
[2025-01-08 11:44:49] 
Processing graph 17/200
[2025-01-08 11:44:49] Graph 17 has 16 nodes and 34 edges
[2025-01-08 11:44:49] Converted to 34 bitstring edges
[2025-01-08 11:44:49] Computing Matchings Dynamic walk
[2025-01-08 11:44:49] Matchings - CX: 55, U3: 57, Depth: 85
[2025-01-08 11:44:49] Computing Exact walk
[2025-01-08 11:44:50] Exact - CX: 100, U3: 165, Depth: 197
[2025-01-08 11:44:50] Computing Pauli decomposition
[2025-01-08 11:44:51] Pauli - CX: 78, U3: 138, Depth: 148
[2025-01-08 11:44:51] Successfully processed graph 17 - Category: win_both
[2025-01-08 11:44:51] 
Processing graph 18/200
[2025-01-08 11:44:51] Graph 18 has 16 nodes and 36 edges
[2025-01-08 11:44:51] Converted to 36 bitstring edges
[2025-01-08 11:44:51] Computing Matchings Dynamic walk
[2025-01-08 11:44:51] Matchings - CX: 58, U3: 54, Depth: 88
[2025-01-08 11:44:51] Computing Exact walk
[2025-01-08 11:44:52] Exact - CX: 100, U3: 165, Depth: 197
[2025-01-08 11:44:52] Computing Pauli decomposition
[2025-01-08 11:44:52] Pauli - CX: 69, U3: 118, Depth: 127
[2025-01-08 11:44:52] Successfully processed graph 18 - Category: win_both
[2025-01-08 11:44:52] 
Processing graph 19/200
[2025-01-08 11:44:52] Graph 19 has 16 nodes and 39 edges
[2025-01-08 11:44:52] Converted to 39 bitstring edges
[2025-01-08 11:44:52] Computing Matchings Dynamic walk
[2025-01-08 11:44:53] Matchings - CX: 42, U3: 41, Depth: 65
[2025-01-08 11:44:53] Computing Exact walk
[2025-01-08 11:44:54] Exact - CX: 100, U3: 165, Depth: 197
[2025-01-08 11:44:54] Computing Pauli decomposition
[2025-01-08 11:44:54] Pauli - CX: 72, U3: 121, Depth: 135
[2025-01-08 11:44:54] Successfully processed graph 19 - Category: win_both
[2025-01-08 11:44:54] 
Processing graph 20/200
[2025-01-08 11:44:54] Graph 20 has 16 nodes and 35 edges
[2025-01-08 11:44:54] Converted to 35 bitstring edges
[2025-01-08 11:44:54] Computing Matchings Dynamic walk
[2025-01-08 11:44:55] Matchings - CX: 54, U3: 54, Depth: 81
[2025-01-08 11:44:55] Computing Exact walk
[2025-01-08 11:44:55] Exact - CX: 96, U3: 156, Depth: 186
[2025-01-08 11:44:55] Computing Pauli decomposition
[2025-01-08 11:44:56] Pauli - CX: 73, U3: 123, Depth: 137
[2025-01-08 11:44:56] Successfully processed graph 20 - Category: win_both
[2025-01-08 11:44:56] 
Processing graph 21/200
[2025-01-08 11:44:56] Graph 21 has 16 nodes and 34 edges
[2025-01-08 11:44:56] Converted to 34 bitstring edges
[2025-01-08 11:44:56] Computing Matchings Dynamic walk
[2025-01-08 11:44:56] Matchings - CX: 49, U3: 50, Depth: 77
[2025-01-08 11:44:56] Computing Exact walk
[2025-01-08 11:44:57] Exact - CX: 100, U3: 165, Depth: 197
[2025-01-08 11:44:57] Computing Pauli decomposition
[2025-01-08 11:44:58] Pauli - CX: 73, U3: 124, Depth: 134
[2025-01-08 11:44:58] Successfully processed graph 21 - Category: win_both
[2025-01-08 11:44:58] 
Processing graph 22/200
[2025-01-08 11:44:58] Graph 22 has 16 nodes and 36 edges
[2025-01-08 11:44:58] Converted to 36 bitstring edges
[2025-01-08 11:44:58] Computing Matchings Dynamic walk
[2025-01-08 11:44:58] Matchings - CX: 52, U3: 49, Depth: 80
[2025-01-08 11:44:58] Computing Exact walk
[2025-01-08 11:44:59] Exact - CX: 98, U3: 160, Depth: 191
[2025-01-08 11:44:59] Computing Pauli decomposition
[2025-01-08 11:45:00] Pauli - CX: 78, U3: 136, Depth: 146
[2025-01-08 11:45:00] Successfully processed graph 22 - Category: win_both
[2025-01-08 11:45:00] 
Processing graph 23/200
[2025-01-08 11:45:00] Graph 23 has 16 nodes and 34 edges
[2025-01-08 11:45:00] Converted to 34 bitstring edges
[2025-01-08 11:45:00] Computing Matchings Dynamic walk
[2025-01-08 11:45:00] Matchings - CX: 29, U3: 26, Depth: 43
[2025-01-08 11:45:00] Computing Exact walk
[2025-01-08 11:45:01] Exact - CX: 100, U3: 165, Depth: 197
[2025-01-08 11:45:01] Computing Pauli decomposition
[2025-01-08 11:45:01] Pauli - CX: 62, U3: 105, Depth: 114
[2025-01-08 11:45:01] Successfully processed graph 23 - Category: win_both
[2025-01-08 11:45:01] 
Processing graph 24/200
[2025-01-08 11:45:01] Graph 24 has 16 nodes and 35 edges
[2025-01-08 11:45:01] Converted to 35 bitstring edges
[2025-01-08 11:45:01] Computing Matchings Dynamic walk
[2025-01-08 11:45:02] Matchings - CX: 66, U3: 55, Depth: 97
[2025-01-08 11:45:02] Computing Exact walk
[2025-01-08 11:45:03] Exact - CX: 100, U3: 165, Depth: 197
[2025-01-08 11:45:03] Computing Pauli decomposition
[2025-01-08 11:45:03] Pauli - CX: 68, U3: 114, Depth: 124
[2025-01-08 11:45:03] Successfully processed graph 24 - Category: win_both
[2025-01-08 11:45:03] 
Processing graph 25/200
[2025-01-08 11:45:03] Graph 25 has 16 nodes and 34 edges
[2025-01-08 11:45:03] Converted to 34 bitstring edges
[2025-01-08 11:45:03] Computing Matchings Dynamic walk
[2025-01-08 11:45:04] Matchings - CX: 77, U3: 63, Depth: 109
[2025-01-08 11:45:04] Computing Exact walk
[2025-01-08 11:45:04] Exact - CX: 100, U3: 165, Depth: 197
[2025-01-08 11:45:04] Computing Pauli decomposition
[2025-01-08 11:45:05] Pauli - CX: 60, U3: 108, Depth: 113
[2025-01-08 11:45:05] Successfully processed graph 25 - Category: win_exact_lose_pauli
[2025-01-08 11:45:05] 
Processing graph 26/200
[2025-01-08 11:45:05] Graph 26 has 16 nodes and 33 edges
[2025-01-08 11:45:05] Converted to 33 bitstring edges
[2025-01-08 11:45:05] Computing Matchings Dynamic walk
[2025-01-08 11:45:05] Matchings - CX: 76, U3: 66, Depth: 112
[2025-01-08 11:45:05] Computing Exact walk
[2025-01-08 11:45:06] Exact - CX: 100, U3: 156, Depth: 193
[2025-01-08 11:45:06] Computing Pauli decomposition
[2025-01-08 11:45:07] Pauli - CX: 73, U3: 129, Depth: 138
[2025-01-08 11:45:07] Successfully processed graph 26 - Category: win_exact_lose_pauli
[2025-01-08 11:45:07] 
Processing graph 27/200
[2025-01-08 11:45:07] Graph 27 has 16 nodes and 33 edges
[2025-01-08 11:45:07] Converted to 33 bitstring edges
[2025-01-08 11:45:07] Computing Matchings Dynamic walk
[2025-01-08 11:45:07] Matchings - CX: 40, U3: 37, Depth: 60
[2025-01-08 11:45:07] Computing Exact walk
[2025-01-08 11:45:08] Exact - CX: 100, U3: 165, Depth: 197
[2025-01-08 11:45:08] Computing Pauli decomposition
[2025-01-08 11:45:08] Pauli - CX: 59, U3: 99, Depth: 108
[2025-01-08 11:45:08] Successfully processed graph 27 - Category: win_both
[2025-01-08 11:45:08] 
Processing graph 28/200
[2025-01-08 11:45:08] Graph 28 has 16 nodes and 37 edges
[2025-01-08 11:45:08] Converted to 37 bitstring edges
[2025-01-08 11:45:08] Computing Matchings Dynamic walk
[2025-01-08 11:45:09] Matchings - CX: 45, U3: 43, Depth: 68
[2025-01-08 11:45:09] Computing Exact walk
[2025-01-08 11:45:10] Exact - CX: 100, U3: 165, Depth: 197
[2025-01-08 11:45:10] Computing Pauli decomposition
[2025-01-08 11:45:10] Pauli - CX: 78, U3: 135, Depth: 145
[2025-01-08 11:45:10] Successfully processed graph 28 - Category: win_both
[2025-01-08 11:45:10] 
Processing graph 29/200
[2025-01-08 11:45:10] Graph 29 has 16 nodes and 38 edges
[2025-01-08 11:45:10] Converted to 38 bitstring edges
[2025-01-08 11:45:10] Computing Matchings Dynamic walk
[2025-01-08 11:45:11] Matchings - CX: 78, U3: 80, Depth: 119
[2025-01-08 11:45:11] Computing Exact walk
[2025-01-08 11:45:11] Exact - CX: 100, U3: 165, Depth: 197
[2025-01-08 11:45:11] Computing Pauli decomposition
[2025-01-08 11:45:12] Pauli - CX: 72, U3: 114, Depth: 131
[2025-01-08 11:45:12] Successfully processed graph 29 - Category: win_exact_lose_pauli
[2025-01-08 11:45:12] 
Processing graph 30/200
[2025-01-08 11:45:12] Graph 30 has 16 nodes and 32 edges
[2025-01-08 11:45:12] Converted to 32 bitstring edges
[2025-01-08 11:45:12] Computing Matchings Dynamic walk
[2025-01-08 11:45:12] Matchings - CX: 33, U3: 33, Depth: 53
[2025-01-08 11:45:12] Computing Exact walk
[2025-01-08 11:45:13] Exact - CX: 100, U3: 165, Depth: 197
[2025-01-08 11:45:13] Computing Pauli decomposition
[2025-01-08 11:45:14] Pauli - CX: 73, U3: 121, Depth: 134
[2025-01-08 11:45:14] Successfully processed graph 30 - Category: win_both
[2025-01-08 11:45:14] 
Processing graph 31/200
[2025-01-08 11:45:14] Graph 31 has 16 nodes and 33 edges
[2025-01-08 11:45:14] Converted to 33 bitstring edges
[2025-01-08 11:45:14] Computing Matchings Dynamic walk
[2025-01-08 11:45:14] Matchings - CX: 49, U3: 54, Depth: 79
[2025-01-08 11:45:14] Computing Exact walk
[2025-01-08 11:45:15] Exact - CX: 98, U3: 160, Depth: 192
[2025-01-08 11:45:15] Computing Pauli decomposition
[2025-01-08 11:45:15] Pauli - CX: 78, U3: 133, Depth: 145
[2025-01-08 11:45:15] Successfully processed graph 31 - Category: win_both
[2025-01-08 11:45:15] 
Processing graph 32/200
[2025-01-08 11:45:15] Graph 32 has 16 nodes and 36 edges
[2025-01-08 11:45:15] Converted to 36 bitstring edges
[2025-01-08 11:45:15] Computing Matchings Dynamic walk
[2025-01-08 11:45:16] Matchings - CX: 55, U3: 52, Depth: 83
[2025-01-08 11:45:16] Computing Exact walk
[2025-01-08 11:45:17] Exact - CX: 100, U3: 165, Depth: 197
[2025-01-08 11:45:17] Computing Pauli decomposition
[2025-01-08 11:45:17] Pauli - CX: 73, U3: 133, Depth: 139
[2025-01-08 11:45:17] Successfully processed graph 32 - Category: win_both
[2025-01-08 11:45:17] 
Processing graph 33/200
[2025-01-08 11:45:17] Graph 33 has 16 nodes and 36 edges
[2025-01-08 11:45:17] Converted to 36 bitstring edges
[2025-01-08 11:45:17] Computing Matchings Dynamic walk
[2025-01-08 11:45:18] Matchings - CX: 58, U3: 50, Depth: 85
[2025-01-08 11:45:18] Computing Exact walk
[2025-01-08 11:45:19] Exact - CX: 96, U3: 157, Depth: 187
[2025-01-08 11:45:19] Computing Pauli decomposition
[2025-01-08 11:45:19] Pauli - CX: 78, U3: 135, Depth: 146
[2025-01-08 11:45:19] Successfully processed graph 33 - Category: win_both
[2025-01-08 11:45:19] 
Processing graph 34/200
[2025-01-08 11:45:19] Graph 34 has 16 nodes and 39 edges
[2025-01-08 11:45:19] Converted to 39 bitstring edges
[2025-01-08 11:45:19] Computing Matchings Dynamic walk
[2025-01-08 11:45:20] Matchings - CX: 42, U3: 46, Depth: 65
[2025-01-08 11:45:20] Computing Exact walk
[2025-01-08 11:45:20] Exact - CX: 100, U3: 161, Depth: 195
[2025-01-08 11:45:20] Computing Pauli decomposition
[2025-01-08 11:45:21] Pauli - CX: 73, U3: 122, Depth: 135
[2025-01-08 11:45:21] Successfully processed graph 34 - Category: win_both
[2025-01-08 11:45:21] 
Processing graph 35/200
[2025-01-08 11:45:21] Graph 35 has 16 nodes and 35 edges
[2025-01-08 11:45:21] Converted to 35 bitstring edges
[2025-01-08 11:45:21] Computing Matchings Dynamic walk
[2025-01-08 11:45:21] Matchings - CX: 58, U3: 54, Depth: 87
[2025-01-08 11:45:21] Computing Exact walk
[2025-01-08 11:45:22] Exact - CX: 100, U3: 165, Depth: 197
[2025-01-08 11:45:22] Computing Pauli decomposition
[2025-01-08 11:45:23] Pauli - CX: 63, U3: 112, Depth: 118
[2025-01-08 11:45:23] Successfully processed graph 35 - Category: win_both
[2025-01-08 11:45:23] 
Processing graph 36/200
[2025-01-08 11:45:23] Graph 36 has 16 nodes and 36 edges
[2025-01-08 11:45:23] Converted to 36 bitstring edges
[2025-01-08 11:45:23] Computing Matchings Dynamic walk
[2025-01-08 11:45:23] Matchings - CX: 63, U3: 63, Depth: 96
[2025-01-08 11:45:23] Computing Exact walk
[2025-01-08 11:45:24] Exact - CX: 100, U3: 165, Depth: 197
[2025-01-08 11:45:24] Computing Pauli decomposition
[2025-01-08 11:45:24] Pauli - CX: 66, U3: 113, Depth: 122
[2025-01-08 11:45:24] Successfully processed graph 36 - Category: win_both
[2025-01-08 11:45:24] 
Processing graph 37/200
[2025-01-08 11:45:24] Graph 37 has 16 nodes and 37 edges
[2025-01-08 11:45:24] Converted to 37 bitstring edges
[2025-01-08 11:45:24] Computing Matchings Dynamic walk
[2025-01-08 11:45:25] Matchings - CX: 78, U3: 75, Depth: 117
[2025-01-08 11:45:25] Computing Exact walk
[2025-01-08 11:45:26] Exact - CX: 100, U3: 165, Depth: 197
[2025-01-08 11:45:26] Computing Pauli decomposition
[2025-01-08 11:45:26] Pauli - CX: 63, U3: 111, Depth: 119
[2025-01-08 11:45:26] Successfully processed graph 37 - Category: win_exact_lose_pauli
[2025-01-08 11:45:26] 
Processing graph 38/200
[2025-01-08 11:45:26] Graph 38 has 16 nodes and 35 edges
[2025-01-08 11:45:26] Converted to 35 bitstring edges
[2025-01-08 11:45:26] Computing Matchings Dynamic walk
[2025-01-08 11:45:27] Matchings - CX: 45, U3: 46, Depth: 69
[2025-01-08 11:45:27] Computing Exact walk
[2025-01-08 11:45:28] Exact - CX: 98, U3: 162, Depth: 193
[2025-01-08 11:45:28] Computing Pauli decomposition
[2025-01-08 11:45:28] Pauli - CX: 72, U3: 120, Depth: 133
[2025-01-08 11:45:28] Successfully processed graph 38 - Category: win_both
[2025-01-08 11:45:28] 
Processing graph 39/200
[2025-01-08 11:45:28] Graph 39 has 16 nodes and 31 edges
[2025-01-08 11:45:28] Converted to 31 bitstring edges
[2025-01-08 11:45:28] Computing Matchings Dynamic walk
[2025-01-08 11:45:29] Matchings - CX: 67, U3: 59, Depth: 97
[2025-01-08 11:45:29] Computing Exact walk
[2025-01-08 11:45:29] Exact - CX: 100, U3: 165, Depth: 197
[2025-01-08 11:45:29] Computing Pauli decomposition
[2025-01-08 11:45:30] Pauli - CX: 78, U3: 127, Depth: 142
[2025-01-08 11:45:30] Successfully processed graph 39 - Category: win_both
[2025-01-08 11:45:30] 
Processing graph 40/200
[2025-01-08 11:45:30] Graph 40 has 16 nodes and 40 edges
[2025-01-08 11:45:30] Converted to 40 bitstring edges
[2025-01-08 11:45:30] Computing Matchings Dynamic walk
[2025-01-08 11:45:30] Matchings - CX: 47, U3: 53, Depth: 75
[2025-01-08 11:45:30] Computing Exact walk
[2025-01-08 11:45:31] Exact - CX: 100, U3: 160, Depth: 194
[2025-01-08 11:45:31] Computing Pauli decomposition
[2025-01-08 11:45:32] Pauli - CX: 78, U3: 137, Depth: 147
[2025-01-08 11:45:32] Successfully processed graph 40 - Category: win_both
[2025-01-08 11:45:32] 
Processing graph 41/200
[2025-01-08 11:45:32] Graph 41 has 16 nodes and 38 edges
[2025-01-08 11:45:32] Converted to 38 bitstring edges
[2025-01-08 11:45:32] Computing Matchings Dynamic walk
[2025-01-08 11:45:32] Matchings - CX: 41, U3: 46, Depth: 65
[2025-01-08 11:45:32] Computing Exact walk
[2025-01-08 11:45:33] Exact - CX: 98, U3: 158, Depth: 190
[2025-01-08 11:45:33] Computing Pauli decomposition
[2025-01-08 11:45:33] Pauli - CX: 75, U3: 122, Depth: 139
[2025-01-08 11:45:33] Successfully processed graph 41 - Category: win_both
[2025-01-08 11:45:33] 
Processing graph 42/200
[2025-01-08 11:45:33] Graph 42 has 16 nodes and 36 edges
[2025-01-08 11:45:33] Converted to 36 bitstring edges
[2025-01-08 11:45:33] Computing Matchings Dynamic walk
[2025-01-08 11:45:34] Matchings - CX: 48, U3: 47, Depth: 74
[2025-01-08 11:45:34] Computing Exact walk
[2025-01-08 11:45:35] Exact - CX: 100, U3: 165, Depth: 197
[2025-01-08 11:45:35] Computing Pauli decomposition
[2025-01-08 11:45:35] Pauli - CX: 78, U3: 137, Depth: 146
[2025-01-08 11:45:35] Successfully processed graph 42 - Category: win_both
[2025-01-08 11:45:35] 
Processing graph 43/200
[2025-01-08 11:45:35] Graph 43 has 16 nodes and 35 edges
[2025-01-08 11:45:35] Converted to 35 bitstring edges
[2025-01-08 11:45:35] Computing Matchings Dynamic walk
[2025-01-08 11:45:36] Matchings - CX: 41, U3: 40, Depth: 63
[2025-01-08 11:45:36] Computing Exact walk
[2025-01-08 11:45:36] Exact - CX: 100, U3: 160, Depth: 194
[2025-01-08 11:45:36] Computing Pauli decomposition
[2025-01-08 11:45:37] Pauli - CX: 71, U3: 125, Depth: 134
[2025-01-08 11:45:37] Successfully processed graph 43 - Category: win_both
[2025-01-08 11:45:37] 
Processing graph 44/200
[2025-01-08 11:45:37] Graph 44 has 16 nodes and 31 edges
[2025-01-08 11:45:37] Converted to 31 bitstring edges
[2025-01-08 11:45:37] Computing Matchings Dynamic walk
[2025-01-08 11:45:38] Matchings - CX: 41, U3: 47, Depth: 66
[2025-01-08 11:45:38] Computing Exact walk
[2025-01-08 11:45:38] Exact - CX: 100, U3: 165, Depth: 197
[2025-01-08 11:45:38] Computing Pauli decomposition
[2025-01-08 11:45:39] Pauli - CX: 70, U3: 115, Depth: 127
[2025-01-08 11:45:39] Successfully processed graph 44 - Category: win_both
[2025-01-08 11:45:39] 
Processing graph 45/200
[2025-01-08 11:45:39] Graph 45 has 16 nodes and 37 edges
[2025-01-08 11:45:39] Converted to 37 bitstring edges
[2025-01-08 11:45:39] Computing Matchings Dynamic walk
[2025-01-08 11:45:39] Matchings - CX: 70, U3: 68, Depth: 105
[2025-01-08 11:45:39] Computing Exact walk
[2025-01-08 11:45:40] Exact - CX: 100, U3: 165, Depth: 197
[2025-01-08 11:45:40] Computing Pauli decomposition
[2025-01-08 11:45:41] Pauli - CX: 73, U3: 128, Depth: 137
[2025-01-08 11:45:41] Successfully processed graph 45 - Category: win_both
[2025-01-08 11:45:41] 
Processing graph 46/200
[2025-01-08 11:45:41] Graph 46 has 16 nodes and 34 edges
[2025-01-08 11:45:41] Converted to 34 bitstring edges
[2025-01-08 11:45:41] Computing Matchings Dynamic walk
[2025-01-08 11:45:41] Matchings - CX: 69, U3: 61, Depth: 100
[2025-01-08 11:45:41] Computing Exact walk
[2025-01-08 11:45:42] Exact - CX: 100, U3: 160, Depth: 194
[2025-01-08 11:45:42] Computing Pauli decomposition
[2025-01-08 11:45:42] Pauli - CX: 69, U3: 119, Depth: 129
[2025-01-08 11:45:42] Successfully processed graph 46 - Category: win_exact_draw_pauli
[2025-01-08 11:45:42] 
Processing graph 47/200
[2025-01-08 11:45:42] Graph 47 has 16 nodes and 35 edges
[2025-01-08 11:45:42] Converted to 35 bitstring edges
[2025-01-08 11:45:42] Computing Matchings Dynamic walk
[2025-01-08 11:45:43] Matchings - CX: 67, U3: 63, Depth: 102
[2025-01-08 11:45:43] Computing Exact walk
[2025-01-08 11:45:44] Exact - CX: 100, U3: 165, Depth: 197
[2025-01-08 11:45:44] Computing Pauli decomposition
[2025-01-08 11:45:44] Pauli - CX: 78, U3: 131, Depth: 146
[2025-01-08 11:45:44] Successfully processed graph 47 - Category: win_both
[2025-01-08 11:45:44] 
Processing graph 48/200
[2025-01-08 11:45:44] Graph 48 has 16 nodes and 38 edges
[2025-01-08 11:45:44] Converted to 38 bitstring edges
[2025-01-08 11:45:44] Computing Matchings Dynamic walk
[2025-01-08 11:45:45] Matchings - CX: 75, U3: 69, Depth: 111
[2025-01-08 11:45:45] Computing Exact walk
[2025-01-08 11:45:46] Exact - CX: 100, U3: 165, Depth: 197
[2025-01-08 11:45:46] Computing Pauli decomposition
[2025-01-08 11:45:46] Pauli - CX: 68, U3: 109, Depth: 124
[2025-01-08 11:45:46] Successfully processed graph 48 - Category: win_exact_lose_pauli
[2025-01-08 11:45:46] 
Processing graph 49/200
[2025-01-08 11:45:46] Graph 49 has 16 nodes and 38 edges
[2025-01-08 11:45:46] Converted to 38 bitstring edges
[2025-01-08 11:45:46] Computing Matchings Dynamic walk
[2025-01-08 11:45:47] Matchings - CX: 59, U3: 52, Depth: 88
[2025-01-08 11:45:47] Computing Exact walk
[2025-01-08 11:45:47] Exact - CX: 98, U3: 160, Depth: 192
[2025-01-08 11:45:47] Computing Pauli decomposition
[2025-01-08 11:45:48] Pauli - CX: 74, U3: 124, Depth: 137
[2025-01-08 11:45:48] Successfully processed graph 49 - Category: win_both
[2025-01-08 11:45:48] 
Processing graph 50/200
[2025-01-08 11:45:48] Graph 50 has 16 nodes and 38 edges
[2025-01-08 11:45:48] Converted to 38 bitstring edges
[2025-01-08 11:45:48] Computing Matchings Dynamic walk
[2025-01-08 11:45:48] Matchings - CX: 57, U3: 61, Depth: 90
[2025-01-08 11:45:48] Computing Exact walk
[2025-01-08 11:45:49] Exact - CX: 100, U3: 165, Depth: 197
[2025-01-08 11:45:49] Computing Pauli decomposition
[2025-01-08 11:45:50] Pauli - CX: 72, U3: 126, Depth: 134
[2025-01-08 11:45:50] Successfully processed graph 50 - Category: win_both
[2025-01-08 11:45:50] 
Processing graph 51/200
[2025-01-08 11:45:50] Graph 51 has 16 nodes and 35 edges
[2025-01-08 11:45:50] Converted to 35 bitstring edges
[2025-01-08 11:45:50] Computing Matchings Dynamic walk
[2025-01-08 11:45:50] Matchings - CX: 66, U3: 68, Depth: 98
[2025-01-08 11:45:50] Computing Exact walk
[2025-01-08 11:45:51] Exact - CX: 100, U3: 165, Depth: 197
[2025-01-08 11:45:51] Computing Pauli decomposition
[2025-01-08 11:45:52] Pauli - CX: 68, U3: 110, Depth: 124
[2025-01-08 11:45:52] Successfully processed graph 51 - Category: win_both
[2025-01-08 11:45:52] 
Processing graph 52/200
[2025-01-08 11:45:52] Graph 52 has 16 nodes and 35 edges
[2025-01-08 11:45:52] Converted to 35 bitstring edges
[2025-01-08 11:45:52] Computing Matchings Dynamic walk
[2025-01-08 11:45:52] Matchings - CX: 71, U3: 65, Depth: 107
[2025-01-08 11:45:52] Computing Exact walk
[2025-01-08 11:45:53] Exact - CX: 100, U3: 164, Depth: 197
[2025-01-08 11:45:53] Computing Pauli decomposition
[2025-01-08 11:45:53] Pauli - CX: 70, U3: 122, Depth: 131
[2025-01-08 11:45:53] Successfully processed graph 52 - Category: win_exact_lose_pauli
[2025-01-08 11:45:53] 
Processing graph 53/200
[2025-01-08 11:45:53] Graph 53 has 16 nodes and 36 edges
[2025-01-08 11:45:53] Converted to 36 bitstring edges
[2025-01-08 11:45:53] Computing Matchings Dynamic walk
[2025-01-08 11:45:54] Matchings - CX: 43, U3: 42, Depth: 66
[2025-01-08 11:45:54] Computing Exact walk
[2025-01-08 11:45:55] Exact - CX: 100, U3: 165, Depth: 197
[2025-01-08 11:45:55] Computing Pauli decomposition
[2025-01-08 11:45:55] Pauli - CX: 78, U3: 139, Depth: 147
[2025-01-08 11:45:55] Successfully processed graph 53 - Category: win_both
[2025-01-08 11:45:55] 
Processing graph 54/200
[2025-01-08 11:45:55] Graph 54 has 16 nodes and 34 edges
[2025-01-08 11:45:55] Converted to 34 bitstring edges
[2025-01-08 11:45:55] Computing Matchings Dynamic walk
[2025-01-08 11:45:56] Matchings - CX: 81, U3: 79, Depth: 122
[2025-01-08 11:45:56] Computing Exact walk
[2025-01-08 11:45:57] Exact - CX: 100, U3: 165, Depth: 197
[2025-01-08 11:45:57] Computing Pauli decomposition
[2025-01-08 11:45:57] Pauli - CX: 78, U3: 136, Depth: 147
[2025-01-08 11:45:57] Successfully processed graph 54 - Category: win_exact_lose_pauli
[2025-01-08 11:45:57] 
Processing graph 55/200
[2025-01-08 11:45:57] Graph 55 has 16 nodes and 34 edges
[2025-01-08 11:45:57] Converted to 34 bitstring edges
[2025-01-08 11:45:57] Computing Matchings Dynamic walk
[2025-01-08 11:45:58] Matchings - CX: 70, U3: 69, Depth: 105
[2025-01-08 11:45:58] Computing Exact walk
[2025-01-08 11:45:58] Exact - CX: 100, U3: 165, Depth: 197
[2025-01-08 11:45:58] Computing Pauli decomposition
[2025-01-08 11:45:59] Pauli - CX: 73, U3: 123, Depth: 134
[2025-01-08 11:45:59] Successfully processed graph 55 - Category: win_both
[2025-01-08 11:45:59] 
Processing graph 56/200
[2025-01-08 11:45:59] Graph 56 has 16 nodes and 36 edges
[2025-01-08 11:45:59] Converted to 36 bitstring edges
[2025-01-08 11:45:59] Computing Matchings Dynamic walk
[2025-01-08 11:45:59] Matchings - CX: 48, U3: 48, Depth: 73
[2025-01-08 11:45:59] Computing Exact walk
[2025-01-08 11:46:00] Exact - CX: 100, U3: 164, Depth: 196
[2025-01-08 11:46:00] Computing Pauli decomposition
[2025-01-08 11:46:01] Pauli - CX: 78, U3: 130, Depth: 144
[2025-01-08 11:46:01] Successfully processed graph 56 - Category: win_both
[2025-01-08 11:46:01] 
Processing graph 57/200
[2025-01-08 11:46:01] Graph 57 has 16 nodes and 34 edges
[2025-01-08 11:46:01] Converted to 34 bitstring edges
[2025-01-08 11:46:01] Computing Matchings Dynamic walk
[2025-01-08 11:46:01] Matchings - CX: 61, U3: 58, Depth: 93
[2025-01-08 11:46:01] Computing Exact walk
[2025-01-08 11:46:02] Exact - CX: 100, U3: 165, Depth: 197
[2025-01-08 11:46:02] Computing Pauli decomposition
[2025-01-08 11:46:03] Pauli - CX: 72, U3: 113, Depth: 130
[2025-01-08 11:46:03] Successfully processed graph 57 - Category: win_both
[2025-01-08 11:46:03] 
Processing graph 58/200
[2025-01-08 11:46:03] Graph 58 has 16 nodes and 35 edges
[2025-01-08 11:46:03] Converted to 35 bitstring edges
[2025-01-08 11:46:03] Computing Matchings Dynamic walk
[2025-01-08 11:46:03] Matchings - CX: 71, U3: 64, Depth: 104
[2025-01-08 11:46:03] Computing Exact walk
[2025-01-08 11:46:04] Exact - CX: 100, U3: 165, Depth: 197
[2025-01-08 11:46:04] Computing Pauli decomposition
[2025-01-08 11:46:05] Pauli - CX: 67, U3: 114, Depth: 125
[2025-01-08 11:46:05] Successfully processed graph 58 - Category: win_exact_lose_pauli
[2025-01-08 11:46:05] 
Processing graph 59/200
[2025-01-08 11:46:05] Graph 59 has 16 nodes and 37 edges
[2025-01-08 11:46:05] Converted to 37 bitstring edges
[2025-01-08 11:46:05] Computing Matchings Dynamic walk
[2025-01-08 11:46:05] Matchings - CX: 66, U3: 65, Depth: 100
[2025-01-08 11:46:05] Computing Exact walk
[2025-01-08 11:46:06] Exact - CX: 100, U3: 165, Depth: 197
[2025-01-08 11:46:06] Computing Pauli decomposition
[2025-01-08 11:46:07] Pauli - CX: 62, U3: 111, Depth: 116
[2025-01-08 11:46:07] Successfully processed graph 59 - Category: win_exact_lose_pauli
[2025-01-08 11:46:07] 
Processing graph 60/200
[2025-01-08 11:46:07] Graph 60 has 16 nodes and 35 edges
[2025-01-08 11:46:07] Converted to 35 bitstring edges
[2025-01-08 11:46:07] Computing Matchings Dynamic walk
[2025-01-08 11:46:07] Matchings - CX: 68, U3: 57, Depth: 97
[2025-01-08 11:46:07] Computing Exact walk
[2025-01-08 11:46:08] Exact - CX: 100, U3: 165, Depth: 197
[2025-01-08 11:46:08] Computing Pauli decomposition
[2025-01-08 11:46:08] Pauli - CX: 71, U3: 114, Depth: 129
[2025-01-08 11:46:08] Successfully processed graph 60 - Category: win_both
[2025-01-08 11:46:08] 
Processing graph 61/200
[2025-01-08 11:46:08] Graph 61 has 16 nodes and 35 edges
[2025-01-08 11:46:08] Converted to 35 bitstring edges
[2025-01-08 11:46:08] Computing Matchings Dynamic walk
[2025-01-08 11:46:09] Matchings - CX: 46, U3: 44, Depth: 72
[2025-01-08 11:46:09] Computing Exact walk
[2025-01-08 11:46:09] Exact - CX: 98, U3: 161, Depth: 192
[2025-01-08 11:46:09] Computing Pauli decomposition
[2025-01-08 11:46:10] Pauli - CX: 71, U3: 114, Depth: 129
[2025-01-08 11:46:10] Successfully processed graph 61 - Category: win_both
[2025-01-08 11:46:10] 
Processing graph 62/200
[2025-01-08 11:46:10] Graph 62 has 16 nodes and 33 edges
[2025-01-08 11:46:10] Converted to 33 bitstring edges
[2025-01-08 11:46:10] Computing Matchings Dynamic walk
[2025-01-08 11:46:11] Matchings - CX: 68, U3: 71, Depth: 107
[2025-01-08 11:46:11] Computing Exact walk
[2025-01-08 11:46:11] Exact - CX: 100, U3: 165, Depth: 197
[2025-01-08 11:46:11] Computing Pauli decomposition
[2025-01-08 11:46:12] Pauli - CX: 62, U3: 112, Depth: 118
[2025-01-08 11:46:12] Successfully processed graph 62 - Category: win_exact_lose_pauli
[2025-01-08 11:46:12] 
Processing graph 63/200
[2025-01-08 11:46:12] Graph 63 has 16 nodes and 33 edges
[2025-01-08 11:46:12] Converted to 33 bitstring edges
[2025-01-08 11:46:12] Computing Matchings Dynamic walk
[2025-01-08 11:46:12] Matchings - CX: 44, U3: 46, Depth: 68
[2025-01-08 11:46:12] Computing Exact walk
[2025-01-08 11:46:13] Exact - CX: 100, U3: 165, Depth: 197
[2025-01-08 11:46:13] Computing Pauli decomposition
[2025-01-08 11:46:14] Pauli - CX: 73, U3: 121, Depth: 133
[2025-01-08 11:46:14] Successfully processed graph 63 - Category: win_both
[2025-01-08 11:46:14] 
Processing graph 64/200
[2025-01-08 11:46:14] Graph 64 has 16 nodes and 36 edges
[2025-01-08 11:46:14] Converted to 36 bitstring edges
[2025-01-08 11:46:14] Computing Matchings Dynamic walk
[2025-01-08 11:46:14] Matchings - CX: 70, U3: 68, Depth: 105
[2025-01-08 11:46:14] Computing Exact walk
[2025-01-08 11:46:15] Exact - CX: 100, U3: 165, Depth: 197
[2025-01-08 11:46:15] Computing Pauli decomposition
[2025-01-08 11:46:15] Pauli - CX: 71, U3: 125, Depth: 134
[2025-01-08 11:46:15] Successfully processed graph 64 - Category: win_both
[2025-01-08 11:46:15] 
Processing graph 65/200
[2025-01-08 11:46:15] Graph 65 has 16 nodes and 36 edges
[2025-01-08 11:46:15] Converted to 36 bitstring edges
[2025-01-08 11:46:15] Computing Matchings Dynamic walk
[2025-01-08 11:46:16] Matchings - CX: 81, U3: 79, Depth: 122
[2025-01-08 11:46:16] Computing Exact walk
[2025-01-08 11:46:17] Exact - CX: 100, U3: 165, Depth: 197
[2025-01-08 11:46:17] Computing Pauli decomposition
[2025-01-08 11:46:17] Pauli - CX: 63, U3: 113, Depth: 118
[2025-01-08 11:46:17] Successfully processed graph 65 - Category: win_exact_lose_pauli
[2025-01-08 11:46:17] 
Processing graph 66/200
[2025-01-08 11:46:17] Graph 66 has 16 nodes and 35 edges
[2025-01-08 11:46:17] Converted to 35 bitstring edges
[2025-01-08 11:46:17] Computing Matchings Dynamic walk
[2025-01-08 11:46:18] Matchings - CX: 43, U3: 40, Depth: 65
[2025-01-08 11:46:18] Computing Exact walk
[2025-01-08 11:46:18] Exact - CX: 100, U3: 165, Depth: 197
[2025-01-08 11:46:18] Computing Pauli decomposition
[2025-01-08 11:46:19] Pauli - CX: 54, U3: 96, Depth: 104
[2025-01-08 11:46:19] Successfully processed graph 66 - Category: win_both
[2025-01-08 11:46:19] 
Processing graph 67/200
[2025-01-08 11:46:19] Graph 67 has 16 nodes and 32 edges
[2025-01-08 11:46:19] Converted to 32 bitstring edges
[2025-01-08 11:46:19] Computing Matchings Dynamic walk
[2025-01-08 11:46:19] Matchings - CX: 39, U3: 38, Depth: 60
[2025-01-08 11:46:19] Computing Exact walk
[2025-01-08 11:46:20] Exact - CX: 100, U3: 165, Depth: 197
[2025-01-08 11:46:20] Computing Pauli decomposition
[2025-01-08 11:46:21] Pauli - CX: 68, U3: 113, Depth: 125
[2025-01-08 11:46:21] Successfully processed graph 67 - Category: win_both
[2025-01-08 11:46:21] 
Processing graph 68/200
[2025-01-08 11:46:21] Graph 68 has 16 nodes and 33 edges
[2025-01-08 11:46:21] Converted to 33 bitstring edges
[2025-01-08 11:46:21] Computing Matchings Dynamic walk
[2025-01-08 11:46:21] Matchings - CX: 43, U3: 39, Depth: 65
[2025-01-08 11:46:21] Computing Exact walk
[2025-01-08 11:46:22] Exact - CX: 100, U3: 165, Depth: 197
[2025-01-08 11:46:22] Computing Pauli decomposition
[2025-01-08 11:46:22] Pauli - CX: 72, U3: 127, Depth: 135
[2025-01-08 11:46:22] Successfully processed graph 68 - Category: win_both
[2025-01-08 11:46:22] 
Processing graph 69/200
[2025-01-08 11:46:22] Graph 69 has 16 nodes and 36 edges
[2025-01-08 11:46:22] Converted to 36 bitstring edges
[2025-01-08 11:46:22] Computing Matchings Dynamic walk
[2025-01-08 11:46:23] Matchings - CX: 50, U3: 46, Depth: 76
[2025-01-08 11:46:23] Computing Exact walk
[2025-01-08 11:46:24] Exact - CX: 100, U3: 165, Depth: 197
[2025-01-08 11:46:24] Computing Pauli decomposition
[2025-01-08 11:46:24] Pauli - CX: 78, U3: 138, Depth: 146
[2025-01-08 11:46:24] Successfully processed graph 69 - Category: win_both
[2025-01-08 11:46:24] 
Processing graph 70/200
[2025-01-08 11:46:24] Graph 70 has 16 nodes and 36 edges
[2025-01-08 11:46:24] Converted to 36 bitstring edges
[2025-01-08 11:46:24] Computing Matchings Dynamic walk
[2025-01-08 11:46:25] Matchings - CX: 39, U3: 37, Depth: 59
[2025-01-08 11:46:25] Computing Exact walk
[2025-01-08 11:46:26] Exact - CX: 100, U3: 165, Depth: 197
[2025-01-08 11:46:26] Computing Pauli decomposition
[2025-01-08 11:46:26] Pauli - CX: 61, U3: 115, Depth: 117
[2025-01-08 11:46:26] Successfully processed graph 70 - Category: win_both
[2025-01-08 11:46:26] 
Processing graph 71/200
[2025-01-08 11:46:26] Graph 71 has 16 nodes and 34 edges
[2025-01-08 11:46:26] Converted to 34 bitstring edges
[2025-01-08 11:46:26] Computing Matchings Dynamic walk
[2025-01-08 11:46:27] Matchings - CX: 47, U3: 53, Depth: 74
[2025-01-08 11:46:27] Computing Exact walk
[2025-01-08 11:46:27] Exact - CX: 100, U3: 165, Depth: 197
[2025-01-08 11:46:27] Computing Pauli decomposition
[2025-01-08 11:46:28] Pauli - CX: 72, U3: 127, Depth: 136
[2025-01-08 11:46:28] Successfully processed graph 71 - Category: win_both
[2025-01-08 11:46:28] 
Processing graph 72/200
[2025-01-08 11:46:28] Graph 72 has 16 nodes and 37 edges
[2025-01-08 11:46:28] Converted to 37 bitstring edges
[2025-01-08 11:46:28] Computing Matchings Dynamic walk
[2025-01-08 11:46:28] Matchings - CX: 50, U3: 46, Depth: 76
[2025-01-08 11:46:28] Computing Exact walk
[2025-01-08 11:46:29] Exact - CX: 100, U3: 165, Depth: 197
[2025-01-08 11:46:29] Computing Pauli decomposition
[2025-01-08 11:46:30] Pauli - CX: 67, U3: 117, Depth: 126
[2025-01-08 11:46:30] Successfully processed graph 72 - Category: win_both
[2025-01-08 11:46:30] 
Processing graph 73/200
[2025-01-08 11:46:30] Graph 73 has 16 nodes and 34 edges
[2025-01-08 11:46:30] Converted to 34 bitstring edges
[2025-01-08 11:46:30] Computing Matchings Dynamic walk
[2025-01-08 11:46:30] Matchings - CX: 61, U3: 58, Depth: 92
[2025-01-08 11:46:30] Computing Exact walk
[2025-01-08 11:46:31] Exact - CX: 97, U3: 159, Depth: 190
[2025-01-08 11:46:31] Computing Pauli decomposition
[2025-01-08 11:46:31] Pauli - CX: 72, U3: 129, Depth: 135
[2025-01-08 11:46:31] Successfully processed graph 73 - Category: win_both
[2025-01-08 11:46:31] 
Processing graph 74/200
[2025-01-08 11:46:31] Graph 74 has 16 nodes and 34 edges
[2025-01-08 11:46:31] Converted to 34 bitstring edges
[2025-01-08 11:46:31] Computing Matchings Dynamic walk
[2025-01-08 11:46:32] Matchings - CX: 44, U3: 54, Depth: 72
[2025-01-08 11:46:32] Computing Exact walk
[2025-01-08 11:46:33] Exact - CX: 100, U3: 160, Depth: 195
[2025-01-08 11:46:33] Computing Pauli decomposition
[2025-01-08 11:46:33] Pauli - CX: 72, U3: 119, Depth: 134
[2025-01-08 11:46:33] Successfully processed graph 74 - Category: win_both
[2025-01-08 11:46:33] 
Processing graph 75/200
[2025-01-08 11:46:33] Graph 75 has 16 nodes and 39 edges
[2025-01-08 11:46:33] Converted to 39 bitstring edges
[2025-01-08 11:46:33] Computing Matchings Dynamic walk
[2025-01-08 11:46:34] Matchings - CX: 67, U3: 61, Depth: 105
[2025-01-08 11:46:34] Computing Exact walk
[2025-01-08 11:46:34] Exact - CX: 100, U3: 165, Depth: 197
[2025-01-08 11:46:34] Computing Pauli decomposition
[2025-01-08 11:46:35] Pauli - CX: 54, U3: 80, Depth: 96
[2025-01-08 11:46:35] Successfully processed graph 75 - Category: win_exact_lose_pauli
[2025-01-08 11:46:35] 
Processing graph 76/200
[2025-01-08 11:46:35] Graph 76 has 16 nodes and 37 edges
[2025-01-08 11:46:35] Converted to 37 bitstring edges
[2025-01-08 11:46:35] Computing Matchings Dynamic walk
[2025-01-08 11:46:35] Matchings - CX: 60, U3: 57, Depth: 94
[2025-01-08 11:46:35] Computing Exact walk
[2025-01-08 11:46:36] Exact - CX: 100, U3: 165, Depth: 197
[2025-01-08 11:46:36] Computing Pauli decomposition
[2025-01-08 11:46:37] Pauli - CX: 72, U3: 124, Depth: 135
[2025-01-08 11:46:37] Successfully processed graph 76 - Category: win_both
[2025-01-08 11:46:37] 
Processing graph 77/200
[2025-01-08 11:46:37] Graph 77 has 16 nodes and 36 edges
[2025-01-08 11:46:37] Converted to 36 bitstring edges
[2025-01-08 11:46:37] Computing Matchings Dynamic walk
[2025-01-08 11:46:37] Matchings - CX: 54, U3: 49, Depth: 82
[2025-01-08 11:46:37] Computing Exact walk
[2025-01-08 11:46:38] Exact - CX: 100, U3: 163, Depth: 196
[2025-01-08 11:46:38] Computing Pauli decomposition
[2025-01-08 11:46:38] Pauli - CX: 68, U3: 103, Depth: 123
[2025-01-08 11:46:38] Successfully processed graph 77 - Category: win_both
[2025-01-08 11:46:38] 
Processing graph 78/200
[2025-01-08 11:46:38] Graph 78 has 16 nodes and 37 edges
[2025-01-08 11:46:38] Converted to 37 bitstring edges
[2025-01-08 11:46:38] Computing Matchings Dynamic walk
[2025-01-08 11:46:39] Matchings - CX: 70, U3: 65, Depth: 104
[2025-01-08 11:46:39] Computing Exact walk
[2025-01-08 11:46:39] Exact - CX: 100, U3: 165, Depth: 197
[2025-01-08 11:46:39] Computing Pauli decomposition
[2025-01-08 11:46:40] Pauli - CX: 72, U3: 129, Depth: 136
[2025-01-08 11:46:40] Successfully processed graph 78 - Category: win_both
[2025-01-08 11:46:40] 
Processing graph 79/200
[2025-01-08 11:46:40] Graph 79 has 16 nodes and 34 edges
[2025-01-08 11:46:40] Converted to 34 bitstring edges
[2025-01-08 11:46:40] Computing Matchings Dynamic walk
[2025-01-08 11:46:41] Matchings - CX: 71, U3: 62, Depth: 104
[2025-01-08 11:46:41] Computing Exact walk
[2025-01-08 11:46:41] Exact - CX: 98, U3: 162, Depth: 192
[2025-01-08 11:46:41] Computing Pauli decomposition
[2025-01-08 11:46:42] Pauli - CX: 73, U3: 130, Depth: 137
[2025-01-08 11:46:42] Successfully processed graph 79 - Category: win_both
[2025-01-08 11:46:42] 
Processing graph 80/200
[2025-01-08 11:46:42] Graph 80 has 16 nodes and 33 edges
[2025-01-08 11:46:42] Converted to 33 bitstring edges
[2025-01-08 11:46:42] Computing Matchings Dynamic walk
[2025-01-08 11:46:42] Matchings - CX: 61, U3: 62, Depth: 95
[2025-01-08 11:46:42] Computing Exact walk
[2025-01-08 11:46:43] Exact - CX: 100, U3: 165, Depth: 197
[2025-01-08 11:46:43] Computing Pauli decomposition
[2025-01-08 11:46:44] Pauli - CX: 71, U3: 119, Depth: 131
[2025-01-08 11:46:44] Successfully processed graph 80 - Category: win_both
[2025-01-08 11:46:44] 
Processing graph 81/200
[2025-01-08 11:46:44] Graph 81 has 16 nodes and 34 edges
[2025-01-08 11:46:44] Converted to 34 bitstring edges
[2025-01-08 11:46:44] Computing Matchings Dynamic walk
[2025-01-08 11:46:44] Matchings - CX: 61, U3: 61, Depth: 95
[2025-01-08 11:46:44] Computing Exact walk
[2025-01-08 11:46:45] Exact - CX: 98, U3: 160, Depth: 191
[2025-01-08 11:46:45] Computing Pauli decomposition
[2025-01-08 11:46:45] Pauli - CX: 69, U3: 114, Depth: 129
[2025-01-08 11:46:45] Successfully processed graph 81 - Category: win_both
[2025-01-08 11:46:45] 
Processing graph 82/200
[2025-01-08 11:46:45] Graph 82 has 16 nodes and 35 edges
[2025-01-08 11:46:45] Converted to 35 bitstring edges
[2025-01-08 11:46:45] Computing Matchings Dynamic walk
[2025-01-08 11:46:46] Matchings - CX: 59, U3: 60, Depth: 90
[2025-01-08 11:46:46] Computing Exact walk
[2025-01-08 11:46:47] Exact - CX: 100, U3: 165, Depth: 197
[2025-01-08 11:46:47] Computing Pauli decomposition
[2025-01-08 11:46:47] Pauli - CX: 78, U3: 132, Depth: 144
[2025-01-08 11:46:47] Successfully processed graph 82 - Category: win_both
[2025-01-08 11:46:47] 
Processing graph 83/200
[2025-01-08 11:46:47] Graph 83 has 16 nodes and 34 edges
[2025-01-08 11:46:47] Converted to 34 bitstring edges
[2025-01-08 11:46:47] Computing Matchings Dynamic walk
[2025-01-08 11:46:48] Matchings - CX: 81, U3: 76, Depth: 121
[2025-01-08 11:46:48] Computing Exact walk
[2025-01-08 11:46:49] Exact - CX: 100, U3: 165, Depth: 197
[2025-01-08 11:46:49] Computing Pauli decomposition
[2025-01-08 11:46:49] Pauli - CX: 65, U3: 112, Depth: 121
[2025-01-08 11:46:49] Successfully processed graph 83 - Category: win_exact_lose_pauli
[2025-01-08 11:46:49] 
Processing graph 84/200
[2025-01-08 11:46:49] Graph 84 has 16 nodes and 37 edges
[2025-01-08 11:46:49] Converted to 37 bitstring edges
[2025-01-08 11:46:49] Computing Matchings Dynamic walk
[2025-01-08 11:46:50] Matchings - CX: 44, U3: 55, Depth: 72
[2025-01-08 11:46:50] Computing Exact walk
[2025-01-08 11:46:50] Exact - CX: 100, U3: 165, Depth: 197
[2025-01-08 11:46:50] Computing Pauli decomposition
[2025-01-08 11:46:51] Pauli - CX: 78, U3: 135, Depth: 146
[2025-01-08 11:46:51] Successfully processed graph 84 - Category: win_both
[2025-01-08 11:46:51] 
Processing graph 85/200
[2025-01-08 11:46:51] Graph 85 has 16 nodes and 33 edges
[2025-01-08 11:46:51] Converted to 33 bitstring edges
[2025-01-08 11:46:51] Computing Matchings Dynamic walk
[2025-01-08 11:46:51] Matchings - CX: 89, U3: 69, Depth: 127
[2025-01-08 11:46:51] Computing Exact walk
[2025-01-08 11:46:52] Exact - CX: 100, U3: 165, Depth: 197
[2025-01-08 11:46:52] Computing Pauli decomposition
[2025-01-08 11:46:53] Pauli - CX: 63, U3: 110, Depth: 117
[2025-01-08 11:46:53] Successfully processed graph 85 - Category: win_exact_lose_pauli
[2025-01-08 11:46:53] 
Processing graph 86/200
[2025-01-08 11:46:53] Graph 86 has 16 nodes and 34 edges
[2025-01-08 11:46:53] Converted to 34 bitstring edges
[2025-01-08 11:46:53] Computing Matchings Dynamic walk
[2025-01-08 11:46:53] Matchings - CX: 40, U3: 33, Depth: 59
[2025-01-08 11:46:53] Computing Exact walk
[2025-01-08 11:46:54] Exact - CX: 99, U3: 161, Depth: 194
[2025-01-08 11:46:54] Computing Pauli decomposition
[2025-01-08 11:46:54] Pauli - CX: 74, U3: 124, Depth: 136
[2025-01-08 11:46:54] Successfully processed graph 86 - Category: win_both
[2025-01-08 11:46:54] 
Processing graph 87/200
[2025-01-08 11:46:54] Graph 87 has 16 nodes and 32 edges
[2025-01-08 11:46:54] Converted to 32 bitstring edges
[2025-01-08 11:46:54] Computing Matchings Dynamic walk
[2025-01-08 11:46:55] Matchings - CX: 60, U3: 47, Depth: 87
[2025-01-08 11:46:55] Computing Exact walk
[2025-01-08 11:46:56] Exact - CX: 100, U3: 162, Depth: 196
[2025-01-08 11:46:56] Computing Pauli decomposition
[2025-01-08 11:46:56] Pauli - CX: 68, U3: 122, Depth: 128
[2025-01-08 11:46:56] Successfully processed graph 87 - Category: win_both
[2025-01-08 11:46:56] 
Processing graph 88/200
[2025-01-08 11:46:56] Graph 88 has 16 nodes and 37 edges
[2025-01-08 11:46:56] Converted to 37 bitstring edges
[2025-01-08 11:46:56] Computing Matchings Dynamic walk
[2025-01-08 11:46:57] Matchings - CX: 70, U3: 52, Depth: 99
[2025-01-08 11:46:57] Computing Exact walk
[2025-01-08 11:46:57] Exact - CX: 100, U3: 165, Depth: 197
[2025-01-08 11:46:57] Computing Pauli decomposition
[2025-01-08 11:46:58] Pauli - CX: 59, U3: 93, Depth: 106
[2025-01-08 11:46:58] Successfully processed graph 88 - Category: win_exact_lose_pauli
[2025-01-08 11:46:58] 
Processing graph 89/200
[2025-01-08 11:46:58] Graph 89 has 16 nodes and 37 edges
[2025-01-08 11:46:58] Converted to 37 bitstring edges
[2025-01-08 11:46:58] Computing Matchings Dynamic walk
[2025-01-08 11:46:58] Matchings - CX: 54, U3: 55, Depth: 85
[2025-01-08 11:46:58] Computing Exact walk
[2025-01-08 11:46:59] Exact - CX: 100, U3: 165, Depth: 197
[2025-01-08 11:46:59] Computing Pauli decomposition
[2025-01-08 11:47:00] Pauli - CX: 73, U3: 123, Depth: 135
[2025-01-08 11:47:00] Successfully processed graph 89 - Category: win_both
[2025-01-08 11:47:00] 
Processing graph 90/200
[2025-01-08 11:47:00] Graph 90 has 16 nodes and 37 edges
[2025-01-08 11:47:00] Converted to 37 bitstring edges
[2025-01-08 11:47:00] Computing Matchings Dynamic walk
[2025-01-08 11:47:00] Matchings - CX: 59, U3: 57, Depth: 89
[2025-01-08 11:47:00] Computing Exact walk
[2025-01-08 11:47:01] Exact - CX: 98, U3: 162, Depth: 193
[2025-01-08 11:47:01] Computing Pauli decomposition
[2025-01-08 11:47:02] Pauli - CX: 70, U3: 126, Depth: 133
[2025-01-08 11:47:02] Successfully processed graph 90 - Category: win_both
[2025-01-08 11:47:02] 
Processing graph 91/200
[2025-01-08 11:47:02] Graph 91 has 16 nodes and 36 edges
[2025-01-08 11:47:02] Converted to 36 bitstring edges
[2025-01-08 11:47:02] Computing Matchings Dynamic walk
[2025-01-08 11:47:02] Matchings - CX: 43, U3: 47, Depth: 67
[2025-01-08 11:47:02] Computing Exact walk
[2025-01-08 11:47:03] Exact - CX: 100, U3: 165, Depth: 197
[2025-01-08 11:47:03] Computing Pauli decomposition
[2025-01-08 11:47:03] Pauli - CX: 67, U3: 115, Depth: 124
[2025-01-08 11:47:03] Successfully processed graph 91 - Category: win_both
[2025-01-08 11:47:03] 
Processing graph 92/200
[2025-01-08 11:47:03] Graph 92 has 16 nodes and 34 edges
[2025-01-08 11:47:03] Converted to 34 bitstring edges
[2025-01-08 11:47:03] Computing Matchings Dynamic walk
[2025-01-08 11:47:04] Matchings - CX: 58, U3: 50, Depth: 85
[2025-01-08 11:47:04] Computing Exact walk
[2025-01-08 11:47:05] Exact - CX: 100, U3: 165, Depth: 197
[2025-01-08 11:47:05] Computing Pauli decomposition
[2025-01-08 11:47:05] Pauli - CX: 71, U3: 122, Depth: 132
[2025-01-08 11:47:05] Successfully processed graph 92 - Category: win_both
[2025-01-08 11:47:05] 
Processing graph 93/200
[2025-01-08 11:47:05] Graph 93 has 16 nodes and 36 edges
[2025-01-08 11:47:05] Converted to 36 bitstring edges
[2025-01-08 11:47:05] Computing Matchings Dynamic walk
[2025-01-08 11:47:06] Matchings - CX: 61, U3: 57, Depth: 92
[2025-01-08 11:47:06] Computing Exact walk
[2025-01-08 11:47:06] Exact - CX: 100, U3: 165, Depth: 197
[2025-01-08 11:47:06] Computing Pauli decomposition
[2025-01-08 11:47:07] Pauli - CX: 67, U3: 110, Depth: 122
[2025-01-08 11:47:07] Successfully processed graph 93 - Category: win_both
[2025-01-08 11:47:07] 
Processing graph 94/200
[2025-01-08 11:47:07] Graph 94 has 16 nodes and 36 edges
[2025-01-08 11:47:07] Converted to 36 bitstring edges
[2025-01-08 11:47:07] Computing Matchings Dynamic walk
[2025-01-08 11:47:07] Matchings - CX: 40, U3: 46, Depth: 64
[2025-01-08 11:47:07] Computing Exact walk
[2025-01-08 11:47:08] Exact - CX: 97, U3: 158, Depth: 189
[2025-01-08 11:47:08] Computing Pauli decomposition
[2025-01-08 11:47:09] Pauli - CX: 65, U3: 116, Depth: 124
[2025-01-08 11:47:09] Successfully processed graph 94 - Category: win_both
[2025-01-08 11:47:09] 
Processing graph 95/200
[2025-01-08 11:47:09] Graph 95 has 16 nodes and 33 edges
[2025-01-08 11:47:09] Converted to 33 bitstring edges
[2025-01-08 11:47:09] Computing Matchings Dynamic walk
[2025-01-08 11:47:09] Matchings - CX: 67, U3: 55, Depth: 98
[2025-01-08 11:47:09] Computing Exact walk
[2025-01-08 11:47:10] Exact - CX: 98, U3: 163, Depth: 193
[2025-01-08 11:47:10] Computing Pauli decomposition
[2025-01-08 11:47:10] Pauli - CX: 59, U3: 107, Depth: 111
[2025-01-08 11:47:10] Successfully processed graph 95 - Category: win_exact_lose_pauli
[2025-01-08 11:47:10] 
Processing graph 96/200
[2025-01-08 11:47:10] Graph 96 has 16 nodes and 35 edges
[2025-01-08 11:47:10] Converted to 35 bitstring edges
[2025-01-08 11:47:10] Computing Matchings Dynamic walk
[2025-01-08 11:47:11] Matchings - CX: 59, U3: 53, Depth: 89
[2025-01-08 11:47:11] Computing Exact walk
[2025-01-08 11:47:11] Exact - CX: 100, U3: 165, Depth: 197
[2025-01-08 11:47:11] Computing Pauli decomposition
[2025-01-08 11:47:12] Pauli - CX: 72, U3: 121, Depth: 131
[2025-01-08 11:47:12] Successfully processed graph 96 - Category: win_both
[2025-01-08 11:47:12] 
Processing graph 97/200
[2025-01-08 11:47:12] Graph 97 has 16 nodes and 37 edges
[2025-01-08 11:47:12] Converted to 37 bitstring edges
[2025-01-08 11:47:12] Computing Matchings Dynamic walk
[2025-01-08 11:47:13] Matchings - CX: 54, U3: 47, Depth: 82
[2025-01-08 11:47:13] Computing Exact walk
[2025-01-08 11:47:13] Exact - CX: 100, U3: 165, Depth: 197
[2025-01-08 11:47:13] Computing Pauli decomposition
[2025-01-08 11:47:14] Pauli - CX: 65, U3: 113, Depth: 121
[2025-01-08 11:47:14] Successfully processed graph 97 - Category: win_both
[2025-01-08 11:47:14] 
Processing graph 98/200
[2025-01-08 11:47:14] Graph 98 has 16 nodes and 38 edges
[2025-01-08 11:47:14] Converted to 38 bitstring edges
[2025-01-08 11:47:14] Computing Matchings Dynamic walk
[2025-01-08 11:47:14] Matchings - CX: 57, U3: 58, Depth: 89
[2025-01-08 11:47:14] Computing Exact walk
[2025-01-08 11:47:15] Exact - CX: 100, U3: 165, Depth: 197
[2025-01-08 11:47:15] Computing Pauli decomposition
[2025-01-08 11:47:15] Pauli - CX: 60, U3: 98, Depth: 111
[2025-01-08 11:47:15] Successfully processed graph 98 - Category: win_both
[2025-01-08 11:47:15] 
Processing graph 99/200
[2025-01-08 11:47:15] Graph 99 has 16 nodes and 36 edges
[2025-01-08 11:47:15] Converted to 36 bitstring edges
[2025-01-08 11:47:15] Computing Matchings Dynamic walk
[2025-01-08 11:47:16] Matchings - CX: 41, U3: 37, Depth: 62
[2025-01-08 11:47:16] Computing Exact walk
[2025-01-08 11:47:17] Exact - CX: 100, U3: 160, Depth: 194
[2025-01-08 11:47:17] Computing Pauli decomposition
[2025-01-08 11:47:17] Pauli - CX: 73, U3: 129, Depth: 137
[2025-01-08 11:47:17] Successfully processed graph 99 - Category: win_both
[2025-01-08 11:47:17] 
Processing graph 100/200
[2025-01-08 11:47:17] Graph 100 has 16 nodes and 37 edges
[2025-01-08 11:47:17] Converted to 37 bitstring edges
[2025-01-08 11:47:17] Computing Matchings Dynamic walk
[2025-01-08 11:47:18] Matchings - CX: 52, U3: 48, Depth: 77
[2025-01-08 11:47:18] Computing Exact walk
[2025-01-08 11:47:19] Exact - CX: 100, U3: 165, Depth: 197
[2025-01-08 11:47:19] Computing Pauli decomposition
[2025-01-08 11:47:19] Pauli - CX: 53, U3: 88, Depth: 97
[2025-01-08 11:47:19] Successfully processed graph 100 - Category: win_both
[2025-01-08 11:47:19] 
Processing graph 101/200
[2025-01-08 11:47:19] Graph 101 has 16 nodes and 35 edges
[2025-01-08 11:47:19] Converted to 35 bitstring edges
[2025-01-08 11:47:19] Computing Matchings Dynamic walk
[2025-01-08 11:47:20] Matchings - CX: 57, U3: 60, Depth: 87
[2025-01-08 11:47:20] Computing Exact walk
[2025-01-08 11:47:20] Exact - CX: 100, U3: 163, Depth: 195
[2025-01-08 11:47:20] Computing Pauli decomposition
[2025-01-08 11:47:21] Pauli - CX: 66, U3: 116, Depth: 124
[2025-01-08 11:47:21] Successfully processed graph 101 - Category: win_both
[2025-01-08 11:47:21] 
Processing graph 102/200
[2025-01-08 11:47:21] Graph 102 has 16 nodes and 31 edges
[2025-01-08 11:47:21] Converted to 31 bitstring edges
[2025-01-08 11:47:21] Computing Matchings Dynamic walk
[2025-01-08 11:47:21] Matchings - CX: 66, U3: 60, Depth: 96
[2025-01-08 11:47:21] Computing Exact walk
[2025-01-08 11:47:22] Exact - CX: 100, U3: 165, Depth: 197
[2025-01-08 11:47:22] Computing Pauli decomposition
[2025-01-08 11:47:23] Pauli - CX: 63, U3: 107, Depth: 117
[2025-01-08 11:47:23] Successfully processed graph 102 - Category: win_exact_lose_pauli
[2025-01-08 11:47:23] 
Processing graph 103/200
[2025-01-08 11:47:23] Graph 103 has 16 nodes and 37 edges
[2025-01-08 11:47:23] Converted to 37 bitstring edges
[2025-01-08 11:47:23] Computing Matchings Dynamic walk
[2025-01-08 11:47:23] Matchings - CX: 59, U3: 61, Depth: 92
[2025-01-08 11:47:23] Computing Exact walk
[2025-01-08 11:47:24] Exact - CX: 100, U3: 161, Depth: 195
[2025-01-08 11:47:24] Computing Pauli decomposition
[2025-01-08 11:47:24] Pauli - CX: 69, U3: 118, Depth: 128
[2025-01-08 11:47:24] Successfully processed graph 103 - Category: win_both
[2025-01-08 11:47:24] 
Processing graph 104/200
[2025-01-08 11:47:24] Graph 104 has 16 nodes and 34 edges
[2025-01-08 11:47:24] Converted to 34 bitstring edges
[2025-01-08 11:47:24] Computing Matchings Dynamic walk
[2025-01-08 11:47:25] Matchings - CX: 86, U3: 69, Depth: 122
[2025-01-08 11:47:25] Computing Exact walk
[2025-01-08 11:47:26] Exact - CX: 100, U3: 165, Depth: 197
[2025-01-08 11:47:26] Computing Pauli decomposition
[2025-01-08 11:47:26] Pauli - CX: 73, U3: 120, Depth: 136
[2025-01-08 11:47:26] Successfully processed graph 104 - Category: win_exact_lose_pauli
[2025-01-08 11:47:26] 
Processing graph 105/200
[2025-01-08 11:47:26] Graph 105 has 16 nodes and 35 edges
[2025-01-08 11:47:26] Converted to 35 bitstring edges
[2025-01-08 11:47:26] Computing Matchings Dynamic walk
[2025-01-08 11:47:27] Matchings - CX: 84, U3: 62, Depth: 119
[2025-01-08 11:47:27] Computing Exact walk
[2025-01-08 11:47:28] Exact - CX: 100, U3: 165, Depth: 197
[2025-01-08 11:47:28] Computing Pauli decomposition
[2025-01-08 11:47:28] Pauli - CX: 65, U3: 117, Depth: 123
[2025-01-08 11:47:28] Successfully processed graph 105 - Category: win_exact_lose_pauli
[2025-01-08 11:47:28] 
Processing graph 106/200
[2025-01-08 11:47:28] Graph 106 has 16 nodes and 36 edges
[2025-01-08 11:47:28] Converted to 36 bitstring edges
[2025-01-08 11:47:28] Computing Matchings Dynamic walk
[2025-01-08 11:47:29] Matchings - CX: 65, U3: 66, Depth: 100
[2025-01-08 11:47:29] Computing Exact walk
[2025-01-08 11:47:30] Exact - CX: 100, U3: 165, Depth: 197
[2025-01-08 11:47:30] Computing Pauli decomposition
[2025-01-08 11:47:30] Pauli - CX: 78, U3: 129, Depth: 144
[2025-01-08 11:47:30] Successfully processed graph 106 - Category: win_both
[2025-01-08 11:47:30] 
Processing graph 107/200
[2025-01-08 11:47:30] Graph 107 has 16 nodes and 33 edges
[2025-01-08 11:47:30] Converted to 33 bitstring edges
[2025-01-08 11:47:30] Computing Matchings Dynamic walk
[2025-01-08 11:47:31] Matchings - CX: 60, U3: 57, Depth: 86
[2025-01-08 11:47:31] Computing Exact walk
[2025-01-08 11:47:31] Exact - CX: 100, U3: 165, Depth: 197
[2025-01-08 11:47:31] Computing Pauli decomposition
[2025-01-08 11:47:32] Pauli - CX: 78, U3: 136, Depth: 148
[2025-01-08 11:47:32] Successfully processed graph 107 - Category: win_both
[2025-01-08 11:47:32] 
Processing graph 108/200
[2025-01-08 11:47:32] Graph 108 has 16 nodes and 37 edges
[2025-01-08 11:47:32] Converted to 37 bitstring edges
[2025-01-08 11:47:32] Computing Matchings Dynamic walk
[2025-01-08 11:47:33] Matchings - CX: 71, U3: 64, Depth: 106
[2025-01-08 11:47:33] Computing Exact walk
[2025-01-08 11:47:33] Exact - CX: 100, U3: 165, Depth: 197
[2025-01-08 11:47:33] Computing Pauli decomposition
[2025-01-08 11:47:34] Pauli - CX: 73, U3: 131, Depth: 137
[2025-01-08 11:47:34] Successfully processed graph 108 - Category: win_both
[2025-01-08 11:47:34] 
Processing graph 109/200
[2025-01-08 11:47:34] Graph 109 has 16 nodes and 38 edges
[2025-01-08 11:47:34] Converted to 38 bitstring edges
[2025-01-08 11:47:34] Computing Matchings Dynamic walk
[2025-01-08 11:47:34] Matchings - CX: 67, U3: 71, Depth: 102
[2025-01-08 11:47:34] Computing Exact walk
[2025-01-08 11:47:35] Exact - CX: 100, U3: 165, Depth: 197
[2025-01-08 11:47:35] Computing Pauli decomposition
[2025-01-08 11:47:36] Pauli - CX: 78, U3: 136, Depth: 146
[2025-01-08 11:47:36] Successfully processed graph 109 - Category: win_both
[2025-01-08 11:47:36] 
Processing graph 110/200
[2025-01-08 11:47:36] Graph 110 has 16 nodes and 36 edges
[2025-01-08 11:47:36] Converted to 36 bitstring edges
[2025-01-08 11:47:36] Computing Matchings Dynamic walk
[2025-01-08 11:47:37] Matchings - CX: 63, U3: 60, Depth: 96
[2025-01-08 11:47:37] Computing Exact walk
[2025-01-08 11:47:37] Exact - CX: 100, U3: 165, Depth: 197
[2025-01-08 11:47:37] Computing Pauli decomposition
[2025-01-08 11:47:38] Pauli - CX: 78, U3: 138, Depth: 146
[2025-01-08 11:47:38] Successfully processed graph 110 - Category: win_both
[2025-01-08 11:47:38] 
Processing graph 111/200
[2025-01-08 11:47:38] Graph 111 has 16 nodes and 34 edges
[2025-01-08 11:47:38] Converted to 34 bitstring edges
[2025-01-08 11:47:38] Computing Matchings Dynamic walk
[2025-01-08 11:47:38] Matchings - CX: 49, U3: 51, Depth: 76
[2025-01-08 11:47:38] Computing Exact walk
[2025-01-08 11:47:39] Exact - CX: 100, U3: 165, Depth: 197
[2025-01-08 11:47:39] Computing Pauli decomposition
[2025-01-08 11:47:40] Pauli - CX: 70, U3: 121, Depth: 131
[2025-01-08 11:47:40] Successfully processed graph 111 - Category: win_both
[2025-01-08 11:47:40] 
Processing graph 112/200
[2025-01-08 11:47:40] Graph 112 has 16 nodes and 35 edges
[2025-01-08 11:47:40] Converted to 35 bitstring edges
[2025-01-08 11:47:40] Computing Matchings Dynamic walk
[2025-01-08 11:47:40] Matchings - CX: 60, U3: 50, Depth: 88
[2025-01-08 11:47:40] Computing Exact walk
[2025-01-08 11:47:41] Exact - CX: 100, U3: 165, Depth: 197
[2025-01-08 11:47:41] Computing Pauli decomposition
[2025-01-08 11:47:42] Pauli - CX: 69, U3: 117, Depth: 127
[2025-01-08 11:47:42] Successfully processed graph 112 - Category: win_both
[2025-01-08 11:47:42] 
Processing graph 113/200
[2025-01-08 11:47:42] Graph 113 has 16 nodes and 36 edges
[2025-01-08 11:47:42] Converted to 36 bitstring edges
[2025-01-08 11:47:42] Computing Matchings Dynamic walk
[2025-01-08 11:47:42] Matchings - CX: 60, U3: 59, Depth: 90
[2025-01-08 11:47:42] Computing Exact walk
[2025-01-08 11:47:43] Exact - CX: 100, U3: 163, Depth: 196
[2025-01-08 11:47:43] Computing Pauli decomposition
[2025-01-08 11:47:43] Pauli - CX: 73, U3: 125, Depth: 135
[2025-01-08 11:47:43] Successfully processed graph 113 - Category: win_both
[2025-01-08 11:47:43] 
Processing graph 114/200
[2025-01-08 11:47:43] Graph 114 has 16 nodes and 35 edges
[2025-01-08 11:47:43] Converted to 35 bitstring edges
[2025-01-08 11:47:43] Computing Matchings Dynamic walk
[2025-01-08 11:47:44] Matchings - CX: 62, U3: 55, Depth: 91
[2025-01-08 11:47:44] Computing Exact walk
[2025-01-08 11:47:45] Exact - CX: 100, U3: 165, Depth: 197
[2025-01-08 11:47:45] Computing Pauli decomposition
[2025-01-08 11:47:45] Pauli - CX: 68, U3: 116, Depth: 125
[2025-01-08 11:47:45] Successfully processed graph 114 - Category: win_both
[2025-01-08 11:47:45] 
Processing graph 115/200
[2025-01-08 11:47:45] Graph 115 has 16 nodes and 38 edges
[2025-01-08 11:47:45] Converted to 38 bitstring edges
[2025-01-08 11:47:45] Computing Matchings Dynamic walk
[2025-01-08 11:47:46] Matchings - CX: 57, U3: 54, Depth: 87
[2025-01-08 11:47:46] Computing Exact walk
[2025-01-08 11:47:47] Exact - CX: 100, U3: 165, Depth: 197
[2025-01-08 11:47:47] Computing Pauli decomposition
[2025-01-08 11:47:47] Pauli - CX: 78, U3: 131, Depth: 145
[2025-01-08 11:47:47] Successfully processed graph 115 - Category: win_both
[2025-01-08 11:47:47] 
Processing graph 116/200
[2025-01-08 11:47:47] Graph 116 has 16 nodes and 34 edges
[2025-01-08 11:47:47] Converted to 34 bitstring edges
[2025-01-08 11:47:47] Computing Matchings Dynamic walk
[2025-01-08 11:47:48] Matchings - CX: 49, U3: 52, Depth: 78
[2025-01-08 11:47:48] Computing Exact walk
[2025-01-08 11:47:48] Exact - CX: 100, U3: 165, Depth: 197
[2025-01-08 11:47:48] Computing Pauli decomposition
[2025-01-08 11:47:49] Pauli - CX: 72, U3: 115, Depth: 132
[2025-01-08 11:47:49] Successfully processed graph 116 - Category: win_both
[2025-01-08 11:47:49] 
Processing graph 117/200
[2025-01-08 11:47:49] Graph 117 has 16 nodes and 35 edges
[2025-01-08 11:47:49] Converted to 35 bitstring edges
[2025-01-08 11:47:49] Computing Matchings Dynamic walk
[2025-01-08 11:47:49] Matchings - CX: 49, U3: 57, Depth: 78
[2025-01-08 11:47:49] Computing Exact walk
[2025-01-08 11:47:50] Exact - CX: 100, U3: 165, Depth: 197
[2025-01-08 11:47:50] Computing Pauli decomposition
[2025-01-08 11:47:51] Pauli - CX: 74, U3: 127, Depth: 139
[2025-01-08 11:47:51] Successfully processed graph 117 - Category: win_both
[2025-01-08 11:47:51] 
Processing graph 118/200
[2025-01-08 11:47:51] Graph 118 has 16 nodes and 35 edges
[2025-01-08 11:47:51] Converted to 35 bitstring edges
[2025-01-08 11:47:51] Computing Matchings Dynamic walk
[2025-01-08 11:47:52] Matchings - CX: 45, U3: 47, Depth: 70
[2025-01-08 11:47:52] Computing Exact walk
[2025-01-08 11:47:53] Exact - CX: 100, U3: 162, Depth: 196
[2025-01-08 11:47:53] Computing Pauli decomposition
[2025-01-08 11:47:53] Pauli - CX: 58, U3: 102, Depth: 108
[2025-01-08 11:47:53] Successfully processed graph 118 - Category: win_both
[2025-01-08 11:47:53] 
Processing graph 119/200
[2025-01-08 11:47:53] Graph 119 has 16 nodes and 36 edges
[2025-01-08 11:47:53] Converted to 36 bitstring edges
[2025-01-08 11:47:53] Computing Matchings Dynamic walk
[2025-01-08 11:47:54] Matchings - CX: 80, U3: 75, Depth: 116
[2025-01-08 11:47:54] Computing Exact walk
[2025-01-08 11:47:55] Exact - CX: 100, U3: 165, Depth: 197
[2025-01-08 11:47:55] Computing Pauli decomposition
[2025-01-08 11:47:55] Pauli - CX: 75, U3: 119, Depth: 138
[2025-01-08 11:47:55] Successfully processed graph 119 - Category: win_exact_lose_pauli
[2025-01-08 11:47:55] 
Processing graph 120/200
[2025-01-08 11:47:55] Graph 120 has 16 nodes and 35 edges
[2025-01-08 11:47:55] Converted to 35 bitstring edges
[2025-01-08 11:47:55] Computing Matchings Dynamic walk
[2025-01-08 11:47:56] Matchings - CX: 40, U3: 38, Depth: 62
[2025-01-08 11:47:56] Computing Exact walk
[2025-01-08 11:47:56] Exact - CX: 98, U3: 159, Depth: 191
[2025-01-08 11:47:56] Computing Pauli decomposition
[2025-01-08 11:47:57] Pauli - CX: 78, U3: 133, Depth: 144
[2025-01-08 11:47:57] Successfully processed graph 120 - Category: win_both
[2025-01-08 11:47:57] 
Processing graph 121/200
[2025-01-08 11:47:57] Graph 121 has 16 nodes and 33 edges
[2025-01-08 11:47:57] Converted to 33 bitstring edges
[2025-01-08 11:47:57] Computing Matchings Dynamic walk
[2025-01-08 11:47:58] Matchings - CX: 54, U3: 47, Depth: 81
[2025-01-08 11:47:58] Computing Exact walk
[2025-01-08 11:47:58] Exact - CX: 100, U3: 165, Depth: 197
[2025-01-08 11:47:58] Computing Pauli decomposition
[2025-01-08 11:47:59] Pauli - CX: 78, U3: 133, Depth: 145
[2025-01-08 11:47:59] Successfully processed graph 121 - Category: win_both
[2025-01-08 11:47:59] 
Processing graph 122/200
[2025-01-08 11:47:59] Graph 122 has 16 nodes and 35 edges
[2025-01-08 11:47:59] Converted to 35 bitstring edges
[2025-01-08 11:47:59] Computing Matchings Dynamic walk
[2025-01-08 11:48:00] Matchings - CX: 50, U3: 51, Depth: 78
[2025-01-08 11:48:00] Computing Exact walk
[2025-01-08 11:48:00] Exact - CX: 98, U3: 160, Depth: 191
[2025-01-08 11:48:00] Computing Pauli decomposition
[2025-01-08 11:48:01] Pauli - CX: 70, U3: 110, Depth: 127
[2025-01-08 11:48:01] Successfully processed graph 122 - Category: win_both
[2025-01-08 11:48:01] 
Processing graph 123/200
[2025-01-08 11:48:01] Graph 123 has 16 nodes and 37 edges
[2025-01-08 11:48:01] Converted to 37 bitstring edges
[2025-01-08 11:48:01] Computing Matchings Dynamic walk
[2025-01-08 11:48:01] Matchings - CX: 53, U3: 56, Depth: 81
[2025-01-08 11:48:01] Computing Exact walk
[2025-01-08 11:48:02] Exact - CX: 100, U3: 165, Depth: 197
[2025-01-08 11:48:02] Computing Pauli decomposition
[2025-01-08 11:48:03] Pauli - CX: 71, U3: 121, Depth: 130
[2025-01-08 11:48:03] Successfully processed graph 123 - Category: win_both
[2025-01-08 11:48:03] 
Processing graph 124/200
[2025-01-08 11:48:03] Graph 124 has 16 nodes and 36 edges
[2025-01-08 11:48:03] Converted to 36 bitstring edges
[2025-01-08 11:48:03] Computing Matchings Dynamic walk
[2025-01-08 11:48:03] Matchings - CX: 68, U3: 60, Depth: 101
[2025-01-08 11:48:03] Computing Exact walk
[2025-01-08 11:48:04] Exact - CX: 100, U3: 165, Depth: 197
[2025-01-08 11:48:04] Computing Pauli decomposition
[2025-01-08 11:48:05] Pauli - CX: 73, U3: 124, Depth: 134
[2025-01-08 11:48:05] Successfully processed graph 124 - Category: win_both
[2025-01-08 11:48:05] 
Processing graph 125/200
[2025-01-08 11:48:05] Graph 125 has 16 nodes and 34 edges
[2025-01-08 11:48:05] Converted to 34 bitstring edges
[2025-01-08 11:48:05] Computing Matchings Dynamic walk
[2025-01-08 11:48:05] Matchings - CX: 55, U3: 53, Depth: 83
[2025-01-08 11:48:05] Computing Exact walk
[2025-01-08 11:48:06] Exact - CX: 100, U3: 165, Depth: 197
[2025-01-08 11:48:06] Computing Pauli decomposition
[2025-01-08 11:48:07] Pauli - CX: 65, U3: 104, Depth: 117
[2025-01-08 11:48:07] Successfully processed graph 125 - Category: win_both
[2025-01-08 11:48:07] 
Processing graph 126/200
[2025-01-08 11:48:07] Graph 126 has 16 nodes and 35 edges
[2025-01-08 11:48:07] Converted to 35 bitstring edges
[2025-01-08 11:48:07] Computing Matchings Dynamic walk
[2025-01-08 11:48:07] Matchings - CX: 65, U3: 66, Depth: 98
[2025-01-08 11:48:07] Computing Exact walk
[2025-01-08 11:48:08] Exact - CX: 100, U3: 165, Depth: 197
[2025-01-08 11:48:08] Computing Pauli decomposition
[2025-01-08 11:48:08] Pauli - CX: 78, U3: 132, Depth: 144
[2025-01-08 11:48:08] Successfully processed graph 126 - Category: win_both
[2025-01-08 11:48:08] 
Processing graph 127/200
[2025-01-08 11:48:08] Graph 127 has 16 nodes and 35 edges
[2025-01-08 11:48:08] Converted to 35 bitstring edges
[2025-01-08 11:48:08] Computing Matchings Dynamic walk
[2025-01-08 11:48:09] Matchings - CX: 42, U3: 47, Depth: 67
[2025-01-08 11:48:09] Computing Exact walk
[2025-01-08 11:48:10] Exact - CX: 100, U3: 165, Depth: 197
[2025-01-08 11:48:10] Computing Pauli decomposition
[2025-01-08 11:48:10] Pauli - CX: 78, U3: 132, Depth: 144
[2025-01-08 11:48:10] Successfully processed graph 127 - Category: win_both
[2025-01-08 11:48:10] 
Processing graph 128/200
[2025-01-08 11:48:10] Graph 128 has 16 nodes and 34 edges
[2025-01-08 11:48:10] Converted to 34 bitstring edges
[2025-01-08 11:48:10] Computing Matchings Dynamic walk
[2025-01-08 11:48:11] Matchings - CX: 55, U3: 55, Depth: 85
[2025-01-08 11:48:11] Computing Exact walk
[2025-01-08 11:48:12] Exact - CX: 100, U3: 165, Depth: 197
[2025-01-08 11:48:12] Computing Pauli decomposition
[2025-01-08 11:48:12] Pauli - CX: 65, U3: 113, Depth: 122
[2025-01-08 11:48:12] Successfully processed graph 128 - Category: win_both
[2025-01-08 11:48:12] 
Processing graph 129/200
[2025-01-08 11:48:12] Graph 129 has 16 nodes and 36 edges
[2025-01-08 11:48:12] Converted to 36 bitstring edges
[2025-01-08 11:48:12] Computing Matchings Dynamic walk
[2025-01-08 11:48:13] Matchings - CX: 81, U3: 74, Depth: 122
[2025-01-08 11:48:13] Computing Exact walk
[2025-01-08 11:48:14] Exact - CX: 100, U3: 163, Depth: 196
[2025-01-08 11:48:14] Computing Pauli decomposition
[2025-01-08 11:48:14] Pauli - CX: 78, U3: 126, Depth: 143
[2025-01-08 11:48:14] Successfully processed graph 129 - Category: win_exact_lose_pauli
[2025-01-08 11:48:14] 
Processing graph 130/200
[2025-01-08 11:48:14] Graph 130 has 16 nodes and 39 edges
[2025-01-08 11:48:14] Converted to 39 bitstring edges
[2025-01-08 11:48:14] Computing Matchings Dynamic walk
[2025-01-08 11:48:15] Matchings - CX: 65, U3: 63, Depth: 98
[2025-01-08 11:48:15] Computing Exact walk
[2025-01-08 11:48:15] Exact - CX: 100, U3: 163, Depth: 196
[2025-01-08 11:48:15] Computing Pauli decomposition
[2025-01-08 11:48:16] Pauli - CX: 68, U3: 105, Depth: 122
[2025-01-08 11:48:16] Successfully processed graph 130 - Category: win_both
[2025-01-08 11:48:16] 
Processing graph 131/200
[2025-01-08 11:48:16] Graph 131 has 16 nodes and 33 edges
[2025-01-08 11:48:16] Converted to 33 bitstring edges
[2025-01-08 11:48:16] Computing Matchings Dynamic walk
[2025-01-08 11:48:16] Matchings - CX: 66, U3: 60, Depth: 98
[2025-01-08 11:48:16] Computing Exact walk
[2025-01-08 11:48:17] Exact - CX: 97, U3: 156, Depth: 188
[2025-01-08 11:48:17] Computing Pauli decomposition
[2025-01-08 11:48:18] Pauli - CX: 69, U3: 115, Depth: 129
[2025-01-08 11:48:18] Successfully processed graph 131 - Category: win_both
[2025-01-08 11:48:18] 
Processing graph 132/200
[2025-01-08 11:48:18] Graph 132 has 16 nodes and 37 edges
[2025-01-08 11:48:18] Converted to 37 bitstring edges
[2025-01-08 11:48:18] Computing Matchings Dynamic walk
[2025-01-08 11:48:18] Matchings - CX: 50, U3: 47, Depth: 76
[2025-01-08 11:48:18] Computing Exact walk
[2025-01-08 11:48:19] Exact - CX: 98, U3: 161, Depth: 192
[2025-01-08 11:48:19] Computing Pauli decomposition
[2025-01-08 11:48:20] Pauli - CX: 68, U3: 117, Depth: 126
[2025-01-08 11:48:20] Successfully processed graph 132 - Category: win_both
[2025-01-08 11:48:20] 
Processing graph 133/200
[2025-01-08 11:48:20] Graph 133 has 16 nodes and 34 edges
[2025-01-08 11:48:20] Converted to 34 bitstring edges
[2025-01-08 11:48:20] Computing Matchings Dynamic walk
[2025-01-08 11:48:20] Matchings - CX: 45, U3: 48, Depth: 71
[2025-01-08 11:48:20] Computing Exact walk
[2025-01-08 11:48:21] Exact - CX: 100, U3: 165, Depth: 197
[2025-01-08 11:48:21] Computing Pauli decomposition
[2025-01-08 11:48:21] Pauli - CX: 78, U3: 133, Depth: 145
[2025-01-08 11:48:21] Successfully processed graph 133 - Category: win_both
[2025-01-08 11:48:21] 
Processing graph 134/200
[2025-01-08 11:48:21] Graph 134 has 16 nodes and 35 edges
[2025-01-08 11:48:21] Converted to 35 bitstring edges
[2025-01-08 11:48:21] Computing Matchings Dynamic walk
[2025-01-08 11:48:22] Matchings - CX: 92, U3: 76, Depth: 133
[2025-01-08 11:48:22] Computing Exact walk
[2025-01-08 11:48:23] Exact - CX: 100, U3: 165, Depth: 197
[2025-01-08 11:48:23] Computing Pauli decomposition
[2025-01-08 11:48:23] Pauli - CX: 75, U3: 127, Depth: 139
[2025-01-08 11:48:23] Successfully processed graph 134 - Category: win_exact_lose_pauli
[2025-01-08 11:48:23] 
Processing graph 135/200
[2025-01-08 11:48:23] Graph 135 has 16 nodes and 38 edges
[2025-01-08 11:48:23] Converted to 38 bitstring edges
[2025-01-08 11:48:23] Computing Matchings Dynamic walk
[2025-01-08 11:48:24] Matchings - CX: 74, U3: 64, Depth: 108
[2025-01-08 11:48:24] Computing Exact walk
[2025-01-08 11:48:25] Exact - CX: 100, U3: 163, Depth: 196
[2025-01-08 11:48:25] Computing Pauli decomposition
[2025-01-08 11:48:25] Pauli - CX: 73, U3: 123, Depth: 133
[2025-01-08 11:48:25] Successfully processed graph 135 - Category: win_exact_lose_pauli
[2025-01-08 11:48:25] 
Processing graph 136/200
[2025-01-08 11:48:25] Graph 136 has 16 nodes and 35 edges
[2025-01-08 11:48:25] Converted to 35 bitstring edges
[2025-01-08 11:48:25] Computing Matchings Dynamic walk
[2025-01-08 11:48:26] Matchings - CX: 58, U3: 54, Depth: 83
[2025-01-08 11:48:26] Computing Exact walk
[2025-01-08 11:48:27] Exact - CX: 100, U3: 165, Depth: 197
[2025-01-08 11:48:27] Computing Pauli decomposition
[2025-01-08 11:48:27] Pauli - CX: 72, U3: 126, Depth: 135
[2025-01-08 11:48:27] Successfully processed graph 136 - Category: win_both
[2025-01-08 11:48:27] 
Processing graph 137/200
[2025-01-08 11:48:27] Graph 137 has 16 nodes and 33 edges
[2025-01-08 11:48:27] Converted to 33 bitstring edges
[2025-01-08 11:48:27] Computing Matchings Dynamic walk
[2025-01-08 11:48:28] Matchings - CX: 40, U3: 39, Depth: 61
[2025-01-08 11:48:28] Computing Exact walk
[2025-01-08 11:48:29] Exact - CX: 98, U3: 159, Depth: 191
[2025-01-08 11:48:29] Computing Pauli decomposition
[2025-01-08 11:48:29] Pauli - CX: 75, U3: 128, Depth: 139
[2025-01-08 11:48:29] Successfully processed graph 137 - Category: win_both
[2025-01-08 11:48:29] 
Processing graph 138/200
[2025-01-08 11:48:29] Graph 138 has 16 nodes and 35 edges
[2025-01-08 11:48:29] Converted to 35 bitstring edges
[2025-01-08 11:48:29] Computing Matchings Dynamic walk
[2025-01-08 11:48:30] Matchings - CX: 42, U3: 42, Depth: 65
[2025-01-08 11:48:30] Computing Exact walk
[2025-01-08 11:48:31] Exact - CX: 100, U3: 165, Depth: 197
[2025-01-08 11:48:31] Computing Pauli decomposition
[2025-01-08 11:48:31] Pauli - CX: 70, U3: 116, Depth: 127
[2025-01-08 11:48:31] Successfully processed graph 138 - Category: win_both
[2025-01-08 11:48:31] 
Processing graph 139/200
[2025-01-08 11:48:31] Graph 139 has 16 nodes and 39 edges
[2025-01-08 11:48:31] Converted to 39 bitstring edges
[2025-01-08 11:48:31] Computing Matchings Dynamic walk
[2025-01-08 11:48:32] Matchings - CX: 61, U3: 65, Depth: 94
[2025-01-08 11:48:32] Computing Exact walk
[2025-01-08 11:48:33] Exact - CX: 100, U3: 162, Depth: 195
[2025-01-08 11:48:33] Computing Pauli decomposition
[2025-01-08 11:48:33] Pauli - CX: 62, U3: 109, Depth: 116
[2025-01-08 11:48:33] Successfully processed graph 139 - Category: win_both
[2025-01-08 11:48:33] 
Processing graph 140/200
[2025-01-08 11:48:33] Graph 140 has 16 nodes and 33 edges
[2025-01-08 11:48:33] Converted to 33 bitstring edges
[2025-01-08 11:48:33] Computing Matchings Dynamic walk
[2025-01-08 11:48:34] Matchings - CX: 60, U3: 59, Depth: 92
[2025-01-08 11:48:34] Computing Exact walk
[2025-01-08 11:48:34] Exact - CX: 100, U3: 165, Depth: 197
[2025-01-08 11:48:34] Computing Pauli decomposition
[2025-01-08 11:48:35] Pauli - CX: 70, U3: 117, Depth: 127
[2025-01-08 11:48:35] Successfully processed graph 140 - Category: win_both
[2025-01-08 11:48:35] 
Processing graph 141/200
[2025-01-08 11:48:35] Graph 141 has 16 nodes and 35 edges
[2025-01-08 11:48:35] Converted to 35 bitstring edges
[2025-01-08 11:48:35] Computing Matchings Dynamic walk
[2025-01-08 11:48:36] Matchings - CX: 77, U3: 76, Depth: 117
[2025-01-08 11:48:36] Computing Exact walk
[2025-01-08 11:48:36] Exact - CX: 100, U3: 165, Depth: 197
[2025-01-08 11:48:36] Computing Pauli decomposition
[2025-01-08 11:48:37] Pauli - CX: 72, U3: 121, Depth: 133
[2025-01-08 11:48:37] Successfully processed graph 141 - Category: win_exact_lose_pauli
[2025-01-08 11:48:37] 
Processing graph 142/200
[2025-01-08 11:48:37] Graph 142 has 16 nodes and 35 edges
[2025-01-08 11:48:37] Converted to 35 bitstring edges
[2025-01-08 11:48:37] Computing Matchings Dynamic walk
[2025-01-08 11:48:37] Matchings - CX: 56, U3: 58, Depth: 86
[2025-01-08 11:48:37] Computing Exact walk
[2025-01-08 11:48:38] Exact - CX: 100, U3: 165, Depth: 197
[2025-01-08 11:48:38] Computing Pauli decomposition
[2025-01-08 11:48:39] Pauli - CX: 63, U3: 108, Depth: 118
[2025-01-08 11:48:39] Successfully processed graph 142 - Category: win_both
[2025-01-08 11:48:39] 
Processing graph 143/200
[2025-01-08 11:48:39] Graph 143 has 16 nodes and 33 edges
[2025-01-08 11:48:39] Converted to 33 bitstring edges
[2025-01-08 11:48:39] Computing Matchings Dynamic walk
[2025-01-08 11:48:39] Matchings - CX: 55, U3: 49, Depth: 82
[2025-01-08 11:48:39] Computing Exact walk
[2025-01-08 11:48:40] Exact - CX: 98, U3: 161, Depth: 192
[2025-01-08 11:48:40] Computing Pauli decomposition
[2025-01-08 11:48:41] Pauli - CX: 68, U3: 119, Depth: 129
[2025-01-08 11:48:41] Successfully processed graph 143 - Category: win_both
[2025-01-08 11:48:41] 
Processing graph 144/200
[2025-01-08 11:48:41] Graph 144 has 16 nodes and 36 edges
[2025-01-08 11:48:41] Converted to 36 bitstring edges
[2025-01-08 11:48:41] Computing Matchings Dynamic walk
[2025-01-08 11:48:41] Matchings - CX: 60, U3: 52, Depth: 90
[2025-01-08 11:48:41] Computing Exact walk
[2025-01-08 11:48:42] Exact - CX: 100, U3: 161, Depth: 195
[2025-01-08 11:48:42] Computing Pauli decomposition
[2025-01-08 11:48:42] Pauli - CX: 70, U3: 124, Depth: 131
[2025-01-08 11:48:42] Successfully processed graph 144 - Category: win_both
[2025-01-08 11:48:42] 
Processing graph 145/200
[2025-01-08 11:48:42] Graph 145 has 16 nodes and 34 edges
[2025-01-08 11:48:42] Converted to 34 bitstring edges
[2025-01-08 11:48:42] Computing Matchings Dynamic walk
[2025-01-08 11:48:43] Matchings - CX: 74, U3: 72, Depth: 111
[2025-01-08 11:48:43] Computing Exact walk
[2025-01-08 11:48:44] Exact - CX: 100, U3: 165, Depth: 197
[2025-01-08 11:48:44] Computing Pauli decomposition
[2025-01-08 11:48:44] Pauli - CX: 69, U3: 119, Depth: 128
[2025-01-08 11:48:44] Successfully processed graph 145 - Category: win_exact_lose_pauli
[2025-01-08 11:48:44] 
Processing graph 146/200
[2025-01-08 11:48:44] Graph 146 has 16 nodes and 35 edges
[2025-01-08 11:48:44] Converted to 35 bitstring edges
[2025-01-08 11:48:44] Computing Matchings Dynamic walk
[2025-01-08 11:48:45] Matchings - CX: 56, U3: 59, Depth: 88
[2025-01-08 11:48:45] Computing Exact walk
[2025-01-08 11:48:46] Exact - CX: 100, U3: 165, Depth: 197
[2025-01-08 11:48:46] Computing Pauli decomposition
[2025-01-08 11:48:46] Pauli - CX: 73, U3: 128, Depth: 138
[2025-01-08 11:48:46] Successfully processed graph 146 - Category: win_both
[2025-01-08 11:48:46] 
Processing graph 147/200
[2025-01-08 11:48:46] Graph 147 has 16 nodes and 33 edges
[2025-01-08 11:48:46] Converted to 33 bitstring edges
[2025-01-08 11:48:46] Computing Matchings Dynamic walk
[2025-01-08 11:48:47] Matchings - CX: 53, U3: 55, Depth: 80
[2025-01-08 11:48:47] Computing Exact walk
[2025-01-08 11:48:47] Exact - CX: 98, U3: 159, Depth: 192
[2025-01-08 11:48:47] Computing Pauli decomposition
[2025-01-08 11:48:48] Pauli - CX: 74, U3: 125, Depth: 137
[2025-01-08 11:48:48] Successfully processed graph 147 - Category: win_both
[2025-01-08 11:48:48] 
Processing graph 148/200
[2025-01-08 11:48:48] Graph 148 has 16 nodes and 35 edges
[2025-01-08 11:48:48] Converted to 35 bitstring edges
[2025-01-08 11:48:48] Computing Matchings Dynamic walk
[2025-01-08 11:48:49] Matchings - CX: 90, U3: 78, Depth: 128
[2025-01-08 11:48:49] Computing Exact walk
[2025-01-08 11:48:49] Exact - CX: 100, U3: 165, Depth: 197
[2025-01-08 11:48:49] Computing Pauli decomposition
[2025-01-08 11:48:50] Pauli - CX: 67, U3: 115, Depth: 126
[2025-01-08 11:48:50] Successfully processed graph 148 - Category: win_exact_lose_pauli
[2025-01-08 11:48:50] 
Processing graph 149/200
[2025-01-08 11:48:50] Graph 149 has 16 nodes and 33 edges
[2025-01-08 11:48:50] Converted to 33 bitstring edges
[2025-01-08 11:48:50] Computing Matchings Dynamic walk
[2025-01-08 11:48:50] Matchings - CX: 52, U3: 50, Depth: 81
[2025-01-08 11:48:50] Computing Exact walk
[2025-01-08 11:48:51] Exact - CX: 100, U3: 165, Depth: 197
[2025-01-08 11:48:51] Computing Pauli decomposition
[2025-01-08 11:48:52] Pauli - CX: 68, U3: 126, Depth: 130
[2025-01-08 11:48:52] Successfully processed graph 149 - Category: win_both
[2025-01-08 11:48:52] 
Processing graph 150/200
[2025-01-08 11:48:52] Graph 150 has 16 nodes and 34 edges
[2025-01-08 11:48:52] Converted to 34 bitstring edges
[2025-01-08 11:48:52] Computing Matchings Dynamic walk
[2025-01-08 11:48:52] Matchings - CX: 52, U3: 54, Depth: 84
[2025-01-08 11:48:52] Computing Exact walk
[2025-01-08 11:48:53] Exact - CX: 100, U3: 162, Depth: 195
[2025-01-08 11:48:53] Computing Pauli decomposition
[2025-01-08 11:48:54] Pauli - CX: 68, U3: 124, Depth: 128
[2025-01-08 11:48:54] Successfully processed graph 150 - Category: win_both
[2025-01-08 11:48:54] 
Processing graph 151/200
[2025-01-08 11:48:54] Graph 151 has 16 nodes and 38 edges
[2025-01-08 11:48:54] Converted to 38 bitstring edges
[2025-01-08 11:48:54] Computing Matchings Dynamic walk
[2025-01-08 11:48:54] Matchings - CX: 75, U3: 60, Depth: 107
[2025-01-08 11:48:54] Computing Exact walk
[2025-01-08 11:48:55] Exact - CX: 100, U3: 165, Depth: 197
[2025-01-08 11:48:55] Computing Pauli decomposition
[2025-01-08 11:48:55] Pauli - CX: 62, U3: 101, Depth: 113
[2025-01-08 11:48:55] Successfully processed graph 151 - Category: win_exact_lose_pauli
[2025-01-08 11:48:55] 
Processing graph 152/200
[2025-01-08 11:48:55] Graph 152 has 16 nodes and 33 edges
[2025-01-08 11:48:55] Converted to 33 bitstring edges
[2025-01-08 11:48:55] Computing Matchings Dynamic walk
[2025-01-08 11:48:56] Matchings - CX: 38, U3: 29, Depth: 55
[2025-01-08 11:48:56] Computing Exact walk
[2025-01-08 11:48:57] Exact - CX: 100, U3: 165, Depth: 197
[2025-01-08 11:48:57] Computing Pauli decomposition
[2025-01-08 11:48:57] Pauli - CX: 75, U3: 116, Depth: 135
[2025-01-08 11:48:57] Successfully processed graph 152 - Category: win_both
[2025-01-08 11:48:57] 
Processing graph 153/200
[2025-01-08 11:48:57] Graph 153 has 16 nodes and 34 edges
[2025-01-08 11:48:57] Converted to 34 bitstring edges
[2025-01-08 11:48:57] Computing Matchings Dynamic walk
[2025-01-08 11:48:58] Matchings - CX: 59, U3: 64, Depth: 94
[2025-01-08 11:48:58] Computing Exact walk
[2025-01-08 11:48:58] Exact - CX: 100, U3: 165, Depth: 197
[2025-01-08 11:48:58] Computing Pauli decomposition
[2025-01-08 11:48:59] Pauli - CX: 64, U3: 116, Depth: 121
[2025-01-08 11:48:59] Successfully processed graph 153 - Category: win_both
[2025-01-08 11:48:59] 
Processing graph 154/200
[2025-01-08 11:48:59] Graph 154 has 16 nodes and 36 edges
[2025-01-08 11:48:59] Converted to 36 bitstring edges
[2025-01-08 11:48:59] Computing Matchings Dynamic walk
[2025-01-08 11:48:59] Matchings - CX: 72, U3: 75, Depth: 112
[2025-01-08 11:48:59] Computing Exact walk
[2025-01-08 11:49:00] Exact - CX: 100, U3: 163, Depth: 196
[2025-01-08 11:49:00] Computing Pauli decomposition
[2025-01-08 11:49:01] Pauli - CX: 68, U3: 115, Depth: 126
[2025-01-08 11:49:01] Successfully processed graph 154 - Category: win_exact_lose_pauli
[2025-01-08 11:49:01] 
Processing graph 155/200
[2025-01-08 11:49:01] Graph 155 has 16 nodes and 34 edges
[2025-01-08 11:49:01] Converted to 34 bitstring edges
[2025-01-08 11:49:01] Computing Matchings Dynamic walk
[2025-01-08 11:49:01] Matchings - CX: 69, U3: 60, Depth: 101
[2025-01-08 11:49:01] Computing Exact walk
[2025-01-08 11:49:02] Exact - CX: 100, U3: 165, Depth: 197
[2025-01-08 11:49:02] Computing Pauli decomposition
[2025-01-08 11:49:03] Pauli - CX: 67, U3: 117, Depth: 124
[2025-01-08 11:49:03] Successfully processed graph 155 - Category: win_exact_lose_pauli
[2025-01-08 11:49:03] 
Processing graph 156/200
[2025-01-08 11:49:03] Graph 156 has 16 nodes and 35 edges
[2025-01-08 11:49:03] Converted to 35 bitstring edges
[2025-01-08 11:49:03] Computing Matchings Dynamic walk
[2025-01-08 11:49:03] Matchings - CX: 68, U3: 65, Depth: 103
[2025-01-08 11:49:03] Computing Exact walk
[2025-01-08 11:49:04] Exact - CX: 98, U3: 161, Depth: 192
[2025-01-08 11:49:04] Computing Pauli decomposition
[2025-01-08 11:49:05] Pauli - CX: 66, U3: 110, Depth: 121
[2025-01-08 11:49:05] Successfully processed graph 156 - Category: win_exact_lose_pauli
[2025-01-08 11:49:05] 
Processing graph 157/200
[2025-01-08 11:49:05] Graph 157 has 16 nodes and 38 edges
[2025-01-08 11:49:05] Converted to 38 bitstring edges
[2025-01-08 11:49:05] Computing Matchings Dynamic walk
[2025-01-08 11:49:05] Matchings - CX: 63, U3: 60, Depth: 96
[2025-01-08 11:49:05] Computing Exact walk
[2025-01-08 11:49:06] Exact - CX: 99, U3: 158, Depth: 192
[2025-01-08 11:49:06] Computing Pauli decomposition
[2025-01-08 11:49:06] Pauli - CX: 78, U3: 132, Depth: 145
[2025-01-08 11:49:06] Successfully processed graph 157 - Category: win_both
[2025-01-08 11:49:06] 
Processing graph 158/200
[2025-01-08 11:49:06] Graph 158 has 16 nodes and 36 edges
[2025-01-08 11:49:06] Converted to 36 bitstring edges
[2025-01-08 11:49:06] Computing Matchings Dynamic walk
[2025-01-08 11:49:07] Matchings - CX: 52, U3: 52, Depth: 82
[2025-01-08 11:49:07] Computing Exact walk
[2025-01-08 11:49:08] Exact - CX: 100, U3: 165, Depth: 197
[2025-01-08 11:49:08] Computing Pauli decomposition
[2025-01-08 11:49:08] Pauli - CX: 78, U3: 127, Depth: 143
[2025-01-08 11:49:08] Successfully processed graph 158 - Category: win_both
[2025-01-08 11:49:08] 
Processing graph 159/200
[2025-01-08 11:49:08] Graph 159 has 16 nodes and 35 edges
[2025-01-08 11:49:08] Converted to 35 bitstring edges
[2025-01-08 11:49:08] Computing Matchings Dynamic walk
[2025-01-08 11:49:09] Matchings - CX: 40, U3: 42, Depth: 62
[2025-01-08 11:49:09] Computing Exact walk
[2025-01-08 11:49:09] Exact - CX: 100, U3: 165, Depth: 197
[2025-01-08 11:49:09] Computing Pauli decomposition
[2025-01-08 11:49:10] Pauli - CX: 70, U3: 118, Depth: 128
[2025-01-08 11:49:10] Successfully processed graph 159 - Category: win_both
[2025-01-08 11:49:10] 
Processing graph 160/200
[2025-01-08 11:49:10] Graph 160 has 16 nodes and 33 edges
[2025-01-08 11:49:10] Converted to 33 bitstring edges
[2025-01-08 11:49:10] Computing Matchings Dynamic walk
[2025-01-08 11:49:10] Matchings - CX: 36, U3: 35, Depth: 55
[2025-01-08 11:49:10] Computing Exact walk
[2025-01-08 11:49:11] Exact - CX: 100, U3: 165, Depth: 197
[2025-01-08 11:49:11] Computing Pauli decomposition
[2025-01-08 11:49:12] Pauli - CX: 73, U3: 127, Depth: 136
[2025-01-08 11:49:12] Successfully processed graph 160 - Category: win_both
[2025-01-08 11:49:12] 
Processing graph 161/200
[2025-01-08 11:49:12] Graph 161 has 16 nodes and 37 edges
[2025-01-08 11:49:12] Converted to 37 bitstring edges
[2025-01-08 11:49:12] Computing Matchings Dynamic walk
[2025-01-08 11:49:12] Matchings - CX: 47, U3: 46, Depth: 73
[2025-01-08 11:49:12] Computing Exact walk
[2025-01-08 11:49:13] Exact - CX: 98, U3: 161, Depth: 192
[2025-01-08 11:49:13] Computing Pauli decomposition
[2025-01-08 11:49:14] Pauli - CX: 62, U3: 110, Depth: 117
[2025-01-08 11:49:14] Successfully processed graph 161 - Category: win_both
[2025-01-08 11:49:14] 
Processing graph 162/200
[2025-01-08 11:49:14] Graph 162 has 16 nodes and 36 edges
[2025-01-08 11:49:14] Converted to 36 bitstring edges
[2025-01-08 11:49:14] Computing Matchings Dynamic walk
[2025-01-08 11:49:14] Matchings - CX: 43, U3: 44, Depth: 67
[2025-01-08 11:49:14] Computing Exact walk
[2025-01-08 11:49:15] Exact - CX: 100, U3: 165, Depth: 197
[2025-01-08 11:49:15] Computing Pauli decomposition
[2025-01-08 11:49:15] Pauli - CX: 72, U3: 124, Depth: 134
[2025-01-08 11:49:15] Successfully processed graph 162 - Category: win_both
[2025-01-08 11:49:15] 
Processing graph 163/200
[2025-01-08 11:49:15] Graph 163 has 16 nodes and 31 edges
[2025-01-08 11:49:15] Converted to 31 bitstring edges
[2025-01-08 11:49:15] Computing Matchings Dynamic walk
[2025-01-08 11:49:16] Matchings - CX: 38, U3: 39, Depth: 59
[2025-01-08 11:49:16] Computing Exact walk
[2025-01-08 11:49:16] Exact - CX: 100, U3: 165, Depth: 197
[2025-01-08 11:49:16] Computing Pauli decomposition
[2025-01-08 11:49:17] Pauli - CX: 70, U3: 115, Depth: 130
[2025-01-08 11:49:17] Successfully processed graph 163 - Category: win_both
[2025-01-08 11:49:17] 
Processing graph 164/200
[2025-01-08 11:49:17] Graph 164 has 16 nodes and 33 edges
[2025-01-08 11:49:17] Converted to 33 bitstring edges
[2025-01-08 11:49:17] Computing Matchings Dynamic walk
[2025-01-08 11:49:17] Matchings - CX: 48, U3: 48, Depth: 75
[2025-01-08 11:49:17] Computing Exact walk
[2025-01-08 11:49:18] Exact - CX: 100, U3: 165, Depth: 197
[2025-01-08 11:49:18] Computing Pauli decomposition
[2025-01-08 11:49:19] Pauli - CX: 66, U3: 112, Depth: 121
[2025-01-08 11:49:19] Successfully processed graph 164 - Category: win_both
[2025-01-08 11:49:19] 
Processing graph 165/200
[2025-01-08 11:49:19] Graph 165 has 16 nodes and 37 edges
[2025-01-08 11:49:19] Converted to 37 bitstring edges
[2025-01-08 11:49:19] Computing Matchings Dynamic walk
[2025-01-08 11:49:19] Matchings - CX: 62, U3: 59, Depth: 93
[2025-01-08 11:49:19] Computing Exact walk
[2025-01-08 11:49:20] Exact - CX: 100, U3: 165, Depth: 197
[2025-01-08 11:49:20] Computing Pauli decomposition
[2025-01-08 11:49:21] Pauli - CX: 78, U3: 134, Depth: 145
[2025-01-08 11:49:21] Successfully processed graph 165 - Category: win_both
[2025-01-08 11:49:21] 
Processing graph 166/200
[2025-01-08 11:49:21] Graph 166 has 16 nodes and 37 edges
[2025-01-08 11:49:21] Converted to 37 bitstring edges
[2025-01-08 11:49:21] Computing Matchings Dynamic walk
[2025-01-08 11:49:21] Matchings - CX: 59, U3: 58, Depth: 91
[2025-01-08 11:49:21] Computing Exact walk
[2025-01-08 11:49:22] Exact - CX: 100, U3: 165, Depth: 197
[2025-01-08 11:49:22] Computing Pauli decomposition
[2025-01-08 11:49:23] Pauli - CX: 71, U3: 125, Depth: 132
[2025-01-08 11:49:23] Successfully processed graph 166 - Category: win_both
[2025-01-08 11:49:23] 
Processing graph 167/200
[2025-01-08 11:49:23] Graph 167 has 16 nodes and 35 edges
[2025-01-08 11:49:23] Converted to 35 bitstring edges
[2025-01-08 11:49:23] Computing Matchings Dynamic walk
[2025-01-08 11:49:23] Matchings - CX: 66, U3: 61, Depth: 98
[2025-01-08 11:49:23] Computing Exact walk
[2025-01-08 11:49:24] Exact - CX: 100, U3: 162, Depth: 195
[2025-01-08 11:49:24] Computing Pauli decomposition
[2025-01-08 11:49:24] Pauli - CX: 66, U3: 112, Depth: 122
[2025-01-08 11:49:24] Successfully processed graph 167 - Category: win_exact_draw_pauli
[2025-01-08 11:49:24] 
Processing graph 168/200
[2025-01-08 11:49:24] Graph 168 has 16 nodes and 37 edges
[2025-01-08 11:49:24] Converted to 37 bitstring edges
[2025-01-08 11:49:24] Computing Matchings Dynamic walk
[2025-01-08 11:49:25] Matchings - CX: 66, U3: 56, Depth: 96
[2025-01-08 11:49:25] Computing Exact walk
[2025-01-08 11:49:26] Exact - CX: 98, U3: 158, Depth: 191
[2025-01-08 11:49:26] Computing Pauli decomposition
[2025-01-08 11:49:26] Pauli - CX: 70, U3: 114, Depth: 129
[2025-01-08 11:49:26] Successfully processed graph 168 - Category: win_both
[2025-01-08 11:49:26] 
Processing graph 169/200
[2025-01-08 11:49:26] Graph 169 has 16 nodes and 36 edges
[2025-01-08 11:49:26] Converted to 36 bitstring edges
[2025-01-08 11:49:26] Computing Matchings Dynamic walk
[2025-01-08 11:49:27] Matchings - CX: 63, U3: 60, Depth: 96
[2025-01-08 11:49:27] Computing Exact walk
[2025-01-08 11:49:28] Exact - CX: 99, U3: 161, Depth: 194
[2025-01-08 11:49:28] Computing Pauli decomposition
[2025-01-08 11:49:28] Pauli - CX: 73, U3: 117, Depth: 133
[2025-01-08 11:49:28] Successfully processed graph 169 - Category: win_both
[2025-01-08 11:49:28] 
Processing graph 170/200
[2025-01-08 11:49:28] Graph 170 has 16 nodes and 38 edges
[2025-01-08 11:49:28] Converted to 38 bitstring edges
[2025-01-08 11:49:28] Computing Matchings Dynamic walk
[2025-01-08 11:49:29] Matchings - CX: 61, U3: 51, Depth: 89
[2025-01-08 11:49:29] Computing Exact walk
[2025-01-08 11:49:30] Exact - CX: 100, U3: 165, Depth: 197
[2025-01-08 11:49:30] Computing Pauli decomposition
[2025-01-08 11:49:30] Pauli - CX: 55, U3: 104, Depth: 106
[2025-01-08 11:49:30] Successfully processed graph 170 - Category: win_exact_lose_pauli
[2025-01-08 11:49:30] 
Processing graph 171/200
[2025-01-08 11:49:30] Graph 171 has 16 nodes and 34 edges
[2025-01-08 11:49:30] Converted to 34 bitstring edges
[2025-01-08 11:49:30] Computing Matchings Dynamic walk
[2025-01-08 11:49:31] Matchings - CX: 56, U3: 51, Depth: 83
[2025-01-08 11:49:31] Computing Exact walk
[2025-01-08 11:49:32] Exact - CX: 100, U3: 165, Depth: 197
[2025-01-08 11:49:32] Computing Pauli decomposition
[2025-01-08 11:49:32] Pauli - CX: 73, U3: 130, Depth: 137
[2025-01-08 11:49:32] Successfully processed graph 171 - Category: win_both
[2025-01-08 11:49:32] 
Processing graph 172/200
[2025-01-08 11:49:32] Graph 172 has 16 nodes and 34 edges
[2025-01-08 11:49:32] Converted to 34 bitstring edges
[2025-01-08 11:49:32] Computing Matchings Dynamic walk
[2025-01-08 11:49:33] Matchings - CX: 59, U3: 58, Depth: 90
[2025-01-08 11:49:33] Computing Exact walk
[2025-01-08 11:49:34] Exact - CX: 100, U3: 165, Depth: 197
[2025-01-08 11:49:34] Computing Pauli decomposition
[2025-01-08 11:49:34] Pauli - CX: 65, U3: 106, Depth: 119
[2025-01-08 11:49:34] Successfully processed graph 172 - Category: win_both
[2025-01-08 11:49:34] 
Processing graph 173/200
[2025-01-08 11:49:34] Graph 173 has 16 nodes and 33 edges
[2025-01-08 11:49:34] Converted to 33 bitstring edges
[2025-01-08 11:49:34] Computing Matchings Dynamic walk
[2025-01-08 11:49:35] Matchings - CX: 36, U3: 41, Depth: 57
[2025-01-08 11:49:35] Computing Exact walk
[2025-01-08 11:49:35] Exact - CX: 100, U3: 165, Depth: 197
[2025-01-08 11:49:35] Computing Pauli decomposition
[2025-01-08 11:49:36] Pauli - CX: 73, U3: 123, Depth: 135
[2025-01-08 11:49:36] Successfully processed graph 173 - Category: win_both
[2025-01-08 11:49:36] 
Processing graph 174/200
[2025-01-08 11:49:36] Graph 174 has 16 nodes and 35 edges
[2025-01-08 11:49:36] Converted to 35 bitstring edges
[2025-01-08 11:49:36] Computing Matchings Dynamic walk
[2025-01-08 11:49:36] Matchings - CX: 49, U3: 53, Depth: 78
[2025-01-08 11:49:36] Computing Exact walk
[2025-01-08 11:49:37] Exact - CX: 99, U3: 158, Depth: 192
[2025-01-08 11:49:37] Computing Pauli decomposition
[2025-01-08 11:49:38] Pauli - CX: 63, U3: 114, Depth: 119
[2025-01-08 11:49:38] Successfully processed graph 174 - Category: win_both
[2025-01-08 11:49:38] 
Processing graph 175/200
[2025-01-08 11:49:38] Graph 175 has 16 nodes and 36 edges
[2025-01-08 11:49:38] Converted to 36 bitstring edges
[2025-01-08 11:49:38] Computing Matchings Dynamic walk
[2025-01-08 11:49:38] Matchings - CX: 65, U3: 63, Depth: 97
[2025-01-08 11:49:38] Computing Exact walk
[2025-01-08 11:49:39] Exact - CX: 100, U3: 161, Depth: 195
[2025-01-08 11:49:39] Computing Pauli decomposition
[2025-01-08 11:49:40] Pauli - CX: 78, U3: 138, Depth: 146
[2025-01-08 11:49:40] Successfully processed graph 175 - Category: win_both
[2025-01-08 11:49:40] 
Processing graph 176/200
[2025-01-08 11:49:40] Graph 176 has 16 nodes and 35 edges
[2025-01-08 11:49:40] Converted to 35 bitstring edges
[2025-01-08 11:49:40] Computing Matchings Dynamic walk
[2025-01-08 11:49:40] Matchings - CX: 61, U3: 60, Depth: 91
[2025-01-08 11:49:40] Computing Exact walk
[2025-01-08 11:49:41] Exact - CX: 97, U3: 154, Depth: 187
[2025-01-08 11:49:41] Computing Pauli decomposition
[2025-01-08 11:49:42] Pauli - CX: 61, U3: 108, Depth: 115
[2025-01-08 11:49:42] Successfully processed graph 176 - Category: win_exact_draw_pauli
[2025-01-08 11:49:42] 
Processing graph 177/200
[2025-01-08 11:49:42] Graph 177 has 16 nodes and 36 edges
[2025-01-08 11:49:42] Converted to 36 bitstring edges
[2025-01-08 11:49:42] Computing Matchings Dynamic walk
[2025-01-08 11:49:42] Matchings - CX: 69, U3: 59, Depth: 100
[2025-01-08 11:49:42] Computing Exact walk
[2025-01-08 11:49:43] Exact - CX: 100, U3: 161, Depth: 195
[2025-01-08 11:49:43] Computing Pauli decomposition
[2025-01-08 11:49:44] Pauli - CX: 68, U3: 123, Depth: 128
[2025-01-08 11:49:44] Successfully processed graph 177 - Category: win_exact_lose_pauli
[2025-01-08 11:49:44] 
Processing graph 178/200
[2025-01-08 11:49:44] Graph 178 has 16 nodes and 34 edges
[2025-01-08 11:49:44] Converted to 34 bitstring edges
[2025-01-08 11:49:44] Computing Matchings Dynamic walk
[2025-01-08 11:49:44] Matchings - CX: 76, U3: 72, Depth: 114
[2025-01-08 11:49:44] Computing Exact walk
[2025-01-08 11:49:45] Exact - CX: 100, U3: 165, Depth: 197
[2025-01-08 11:49:45] Computing Pauli decomposition
[2025-01-08 11:49:46] Pauli - CX: 73, U3: 128, Depth: 137
[2025-01-08 11:49:46] Successfully processed graph 178 - Category: win_exact_lose_pauli
[2025-01-08 11:49:46] 
Processing graph 179/200
[2025-01-08 11:49:46] Graph 179 has 16 nodes and 34 edges
[2025-01-08 11:49:46] Converted to 34 bitstring edges
[2025-01-08 11:49:46] Computing Matchings Dynamic walk
[2025-01-08 11:49:46] Matchings - CX: 41, U3: 38, Depth: 62
[2025-01-08 11:49:46] Computing Exact walk
[2025-01-08 11:49:47] Exact - CX: 100, U3: 165, Depth: 197
[2025-01-08 11:49:47] Computing Pauli decomposition
[2025-01-08 11:49:47] Pauli - CX: 73, U3: 124, Depth: 134
[2025-01-08 11:49:47] Successfully processed graph 179 - Category: win_both
[2025-01-08 11:49:47] 
Processing graph 180/200
[2025-01-08 11:49:47] Graph 180 has 16 nodes and 36 edges
[2025-01-08 11:49:47] Converted to 36 bitstring edges
[2025-01-08 11:49:47] Computing Matchings Dynamic walk
[2025-01-08 11:49:48] Matchings - CX: 68, U3: 63, Depth: 103
[2025-01-08 11:49:48] Computing Exact walk
[2025-01-08 11:49:49] Exact - CX: 100, U3: 164, Depth: 197
[2025-01-08 11:49:49] Computing Pauli decomposition
[2025-01-08 11:49:49] Pauli - CX: 78, U3: 128, Depth: 143
[2025-01-08 11:49:49] Successfully processed graph 180 - Category: win_both
[2025-01-08 11:49:49] 
Processing graph 181/200
[2025-01-08 11:49:49] Graph 181 has 16 nodes and 32 edges
[2025-01-08 11:49:49] Converted to 32 bitstring edges
[2025-01-08 11:49:49] Computing Matchings Dynamic walk
[2025-01-08 11:49:50] Matchings - CX: 52, U3: 52, Depth: 78
[2025-01-08 11:49:50] Computing Exact walk
[2025-01-08 11:49:51] Exact - CX: 100, U3: 165, Depth: 197
[2025-01-08 11:49:51] Computing Pauli decomposition
[2025-01-08 11:49:51] Pauli - CX: 78, U3: 128, Depth: 143
[2025-01-08 11:49:51] Successfully processed graph 181 - Category: win_both
[2025-01-08 11:49:51] 
Processing graph 182/200
[2025-01-08 11:49:51] Graph 182 has 16 nodes and 34 edges
[2025-01-08 11:49:51] Converted to 34 bitstring edges
[2025-01-08 11:49:51] Computing Matchings Dynamic walk
[2025-01-08 11:49:52] Matchings - CX: 62, U3: 56, Depth: 89
[2025-01-08 11:49:52] Computing Exact walk
[2025-01-08 11:49:53] Exact - CX: 100, U3: 165, Depth: 197
[2025-01-08 11:49:53] Computing Pauli decomposition
[2025-01-08 11:49:53] Pauli - CX: 64, U3: 111, Depth: 120
[2025-01-08 11:49:53] Successfully processed graph 182 - Category: win_both
[2025-01-08 11:49:53] 
Processing graph 183/200
[2025-01-08 11:49:53] Graph 183 has 16 nodes and 32 edges
[2025-01-08 11:49:53] Converted to 32 bitstring edges
[2025-01-08 11:49:53] Computing Matchings Dynamic walk
[2025-01-08 11:49:54] Matchings - CX: 55, U3: 51, Depth: 83
[2025-01-08 11:49:54] Computing Exact walk
[2025-01-08 11:49:54] Exact - CX: 100, U3: 165, Depth: 197
[2025-01-08 11:49:54] Computing Pauli decomposition
[2025-01-08 11:49:55] Pauli - CX: 78, U3: 124, Depth: 142
[2025-01-08 11:49:55] Successfully processed graph 183 - Category: win_both
[2025-01-08 11:49:55] 
Processing graph 184/200
[2025-01-08 11:49:55] Graph 184 has 16 nodes and 37 edges
[2025-01-08 11:49:55] Converted to 37 bitstring edges
[2025-01-08 11:49:55] Computing Matchings Dynamic walk
[2025-01-08 11:49:56] Matchings - CX: 85, U3: 80, Depth: 132
[2025-01-08 11:49:56] Computing Exact walk
[2025-01-08 11:49:56] Exact - CX: 100, U3: 159, Depth: 194
[2025-01-08 11:49:56] Computing Pauli decomposition
[2025-01-08 11:49:57] Pauli - CX: 78, U3: 132, Depth: 146
[2025-01-08 11:49:57] Successfully processed graph 184 - Category: win_exact_lose_pauli
[2025-01-08 11:49:57] 
Processing graph 185/200
[2025-01-08 11:49:57] Graph 185 has 16 nodes and 35 edges
[2025-01-08 11:49:57] Converted to 35 bitstring edges
[2025-01-08 11:49:57] Computing Matchings Dynamic walk
[2025-01-08 11:49:58] Matchings - CX: 76, U3: 67, Depth: 113
[2025-01-08 11:49:58] Computing Exact walk
[2025-01-08 11:49:58] Exact - CX: 100, U3: 165, Depth: 197
[2025-01-08 11:49:58] Computing Pauli decomposition
[2025-01-08 11:49:59] Pauli - CX: 67, U3: 118, Depth: 125
[2025-01-08 11:49:59] Successfully processed graph 185 - Category: win_exact_lose_pauli
[2025-01-08 11:49:59] 
Processing graph 186/200
[2025-01-08 11:49:59] Graph 186 has 16 nodes and 37 edges
[2025-01-08 11:49:59] Converted to 37 bitstring edges
[2025-01-08 11:49:59] Computing Matchings Dynamic walk
[2025-01-08 11:50:00] Matchings - CX: 70, U3: 52, Depth: 97
[2025-01-08 11:50:00] Computing Exact walk
[2025-01-08 11:50:00] Exact - CX: 100, U3: 165, Depth: 197
[2025-01-08 11:50:00] Computing Pauli decomposition
[2025-01-08 11:50:01] Pauli - CX: 73, U3: 125, Depth: 135
[2025-01-08 11:50:01] Successfully processed graph 186 - Category: win_both
[2025-01-08 11:50:01] 
Processing graph 187/200
[2025-01-08 11:50:01] Graph 187 has 16 nodes and 33 edges
[2025-01-08 11:50:01] Converted to 33 bitstring edges
[2025-01-08 11:50:01] Computing Matchings Dynamic walk
[2025-01-08 11:50:01] Matchings - CX: 48, U3: 52, Depth: 74
[2025-01-08 11:50:01] Computing Exact walk
[2025-01-08 11:50:02] Exact - CX: 100, U3: 165, Depth: 197
[2025-01-08 11:50:02] Computing Pauli decomposition
[2025-01-08 11:50:03] Pauli - CX: 69, U3: 117, Depth: 129
[2025-01-08 11:50:03] Successfully processed graph 187 - Category: win_both
[2025-01-08 11:50:03] 
Processing graph 188/200
[2025-01-08 11:50:03] Graph 188 has 16 nodes and 33 edges
[2025-01-08 11:50:03] Converted to 33 bitstring edges
[2025-01-08 11:50:03] Computing Matchings Dynamic walk
[2025-01-08 11:50:03] Matchings - CX: 85, U3: 66, Depth: 117
[2025-01-08 11:50:03] Computing Exact walk
[2025-01-08 11:50:04] Exact - CX: 100, U3: 163, Depth: 196
[2025-01-08 11:50:04] Computing Pauli decomposition
[2025-01-08 11:50:05] Pauli - CX: 73, U3: 121, Depth: 134
[2025-01-08 11:50:05] Successfully processed graph 188 - Category: win_exact_lose_pauli
[2025-01-08 11:50:05] 
Processing graph 189/200
[2025-01-08 11:50:05] Graph 189 has 16 nodes and 35 edges
[2025-01-08 11:50:05] Converted to 35 bitstring edges
[2025-01-08 11:50:05] Computing Matchings Dynamic walk
[2025-01-08 11:50:05] Matchings - CX: 63, U3: 60, Depth: 96
[2025-01-08 11:50:05] Computing Exact walk
[2025-01-08 11:50:06] Exact - CX: 100, U3: 165, Depth: 197
[2025-01-08 11:50:06] Computing Pauli decomposition
[2025-01-08 11:50:07] Pauli - CX: 69, U3: 118, Depth: 129
[2025-01-08 11:50:07] Successfully processed graph 189 - Category: win_both
[2025-01-08 11:50:07] 
Processing graph 190/200
[2025-01-08 11:50:07] Graph 190 has 16 nodes and 36 edges
[2025-01-08 11:50:07] Converted to 36 bitstring edges
[2025-01-08 11:50:07] Computing Matchings Dynamic walk
[2025-01-08 11:50:07] Matchings - CX: 58, U3: 53, Depth: 86
[2025-01-08 11:50:07] Computing Exact walk
[2025-01-08 11:50:08] Exact - CX: 98, U3: 156, Depth: 188
[2025-01-08 11:50:08] Computing Pauli decomposition
[2025-01-08 11:50:08] Pauli - CX: 63, U3: 112, Depth: 120
[2025-01-08 11:50:08] Successfully processed graph 190 - Category: win_both
[2025-01-08 11:50:08] 
Processing graph 191/200
[2025-01-08 11:50:08] Graph 191 has 16 nodes and 37 edges
[2025-01-08 11:50:08] Converted to 37 bitstring edges
[2025-01-08 11:50:08] Computing Matchings Dynamic walk
[2025-01-08 11:50:09] Matchings - CX: 63, U3: 63, Depth: 97
[2025-01-08 11:50:09] Computing Exact walk
[2025-01-08 11:50:10] Exact - CX: 100, U3: 161, Depth: 195
[2025-01-08 11:50:10] Computing Pauli decomposition
[2025-01-08 11:50:10] Pauli - CX: 73, U3: 118, Depth: 132
[2025-01-08 11:50:10] Successfully processed graph 191 - Category: win_both
[2025-01-08 11:50:10] 
Processing graph 192/200
[2025-01-08 11:50:10] Graph 192 has 16 nodes and 36 edges
[2025-01-08 11:50:10] Converted to 36 bitstring edges
[2025-01-08 11:50:10] Computing Matchings Dynamic walk
[2025-01-08 11:50:11] Matchings - CX: 40, U3: 38, Depth: 62
[2025-01-08 11:50:11] Computing Exact walk
[2025-01-08 11:50:11] Exact - CX: 100, U3: 165, Depth: 197
[2025-01-08 11:50:11] Computing Pauli decomposition
[2025-01-08 11:50:12] Pauli - CX: 71, U3: 123, Depth: 133
[2025-01-08 11:50:12] Successfully processed graph 192 - Category: win_both
[2025-01-08 11:50:12] 
Processing graph 193/200
[2025-01-08 11:50:12] Graph 193 has 16 nodes and 35 edges
[2025-01-08 11:50:12] Converted to 35 bitstring edges
[2025-01-08 11:50:12] Computing Matchings Dynamic walk
[2025-01-08 11:50:13] Matchings - CX: 68, U3: 68, Depth: 105
[2025-01-08 11:50:13] Computing Exact walk
[2025-01-08 11:50:13] Exact - CX: 100, U3: 165, Depth: 197
[2025-01-08 11:50:13] Computing Pauli decomposition
[2025-01-08 11:50:14] Pauli - CX: 62, U3: 99, Depth: 112
[2025-01-08 11:50:14] Successfully processed graph 193 - Category: win_exact_lose_pauli
[2025-01-08 11:50:14] 
Processing graph 194/200
[2025-01-08 11:50:14] Graph 194 has 16 nodes and 34 edges
[2025-01-08 11:50:14] Converted to 34 bitstring edges
[2025-01-08 11:50:14] Computing Matchings Dynamic walk
[2025-01-08 11:50:14] Matchings - CX: 63, U3: 58, Depth: 94
[2025-01-08 11:50:14] Computing Exact walk
[2025-01-08 11:50:15] Exact - CX: 100, U3: 165, Depth: 197
[2025-01-08 11:50:15] Computing Pauli decomposition
[2025-01-08 11:50:16] Pauli - CX: 72, U3: 123, Depth: 133
[2025-01-08 11:50:16] Successfully processed graph 194 - Category: win_both
[2025-01-08 11:50:16] 
Processing graph 195/200
[2025-01-08 11:50:16] Graph 195 has 16 nodes and 32 edges
[2025-01-08 11:50:16] Converted to 32 bitstring edges
[2025-01-08 11:50:16] Computing Matchings Dynamic walk
[2025-01-08 11:50:16] Matchings - CX: 50, U3: 54, Depth: 79
[2025-01-08 11:50:16] Computing Exact walk
[2025-01-08 11:50:17] Exact - CX: 100, U3: 165, Depth: 197
[2025-01-08 11:50:17] Computing Pauli decomposition
[2025-01-08 11:50:18] Pauli - CX: 75, U3: 127, Depth: 139
[2025-01-08 11:50:18] Successfully processed graph 195 - Category: win_both
[2025-01-08 11:50:18] 
Processing graph 196/200
[2025-01-08 11:50:18] Graph 196 has 16 nodes and 39 edges
[2025-01-08 11:50:18] Converted to 39 bitstring edges
[2025-01-08 11:50:18] Computing Matchings Dynamic walk
[2025-01-08 11:50:18] Matchings - CX: 56, U3: 47, Depth: 83
[2025-01-08 11:50:18] Computing Exact walk
[2025-01-08 11:50:19] Exact - CX: 100, U3: 165, Depth: 197
[2025-01-08 11:50:19] Computing Pauli decomposition
[2025-01-08 11:50:20] Pauli - CX: 69, U3: 119, Depth: 128
[2025-01-08 11:50:20] Successfully processed graph 196 - Category: win_both
[2025-01-08 11:50:20] 
Processing graph 197/200
[2025-01-08 11:50:20] Graph 197 has 16 nodes and 34 edges
[2025-01-08 11:50:20] Converted to 34 bitstring edges
[2025-01-08 11:50:20] Computing Matchings Dynamic walk
[2025-01-08 11:50:20] Matchings - CX: 73, U3: 69, Depth: 109
[2025-01-08 11:50:20] Computing Exact walk
[2025-01-08 11:50:21] Exact - CX: 100, U3: 165, Depth: 197
[2025-01-08 11:50:21] Computing Pauli decomposition
[2025-01-08 11:50:21] Pauli - CX: 78, U3: 123, Depth: 142
[2025-01-08 11:50:21] Successfully processed graph 197 - Category: win_both
[2025-01-08 11:50:21] 
Processing graph 198/200
[2025-01-08 11:50:21] Graph 198 has 16 nodes and 36 edges
[2025-01-08 11:50:21] Converted to 36 bitstring edges
[2025-01-08 11:50:21] Computing Matchings Dynamic walk
[2025-01-08 11:50:22] Matchings - CX: 77, U3: 73, Depth: 115
[2025-01-08 11:50:22] Computing Exact walk
[2025-01-08 11:50:23] Exact - CX: 100, U3: 165, Depth: 197
[2025-01-08 11:50:23] Computing Pauli decomposition
[2025-01-08 11:50:23] Pauli - CX: 65, U3: 109, Depth: 120
[2025-01-08 11:50:23] Successfully processed graph 198 - Category: win_exact_lose_pauli
[2025-01-08 11:50:23] 
Processing graph 199/200
[2025-01-08 11:50:23] Graph 199 has 16 nodes and 35 edges
[2025-01-08 11:50:23] Converted to 35 bitstring edges
[2025-01-08 11:50:23] Computing Matchings Dynamic walk
[2025-01-08 11:50:24] Matchings - CX: 69, U3: 65, Depth: 102
[2025-01-08 11:50:24] Computing Exact walk
[2025-01-08 11:50:25] Exact - CX: 100, U3: 164, Depth: 197
[2025-01-08 11:50:25] Computing Pauli decomposition
[2025-01-08 11:50:25] Pauli - CX: 70, U3: 116, Depth: 129
[2025-01-08 11:50:25] Successfully processed graph 199 - Category: win_both
[2025-01-08 11:50:25] 
Final Results Summary:
[2025-01-08 11:50:25] Total graphs in file: 200
[2025-01-08 11:50:25] Successfully processed: 200
[2025-01-08 11:50:25] win_both: 153 (76.5%)
[2025-01-08 11:50:25] lose_both: 0 (0.0%)
[2025-01-08 11:50:25] draw_both: 0 (0.0%)
[2025-01-08 11:50:25] win_exact_lose_pauli: 44 (22.0%)
[2025-01-08 11:50:25] win_pauli_lose_exact: 0 (0.0%)
[2025-01-08 11:50:25] draw_exact_win_pauli: 0 (0.0%)
[2025-01-08 11:50:25] draw_exact_lose_pauli: 0 (0.0%)
[2025-01-08 11:50:25] win_exact_draw_pauli: 3 (1.5%)
[2025-01-08 11:50:25] lose_exact_draw_pauli: 0 (0.0%)
[2025-01-08 11:50:25] undefined: 0 (0.0%)
[2025-01-08 11:50:25] 
Average Gate Counts by Category:
[2025-01-08 11:50:25] win_both_matching_cx: 54.03
[2025-01-08 11:50:25] win_both_matching_u3: 52.48
[2025-01-08 11:50:25] win_both_exact_cx: 99.61
[2025-01-08 11:50:25] win_both_exact_u3: 163.48
[2025-01-08 11:50:25] win_both_pauli_cx: 71.32
[2025-01-08 11:50:25] win_both_pauli_u3: 121.52
[2025-01-08 11:50:25] win_both_matching_depth: 82.22
[2025-01-08 11:50:25] win_both_exact_depth: 195.64
[2025-01-08 11:50:25] win_both_pauli_depth: 132.40
[2025-01-08 11:50:25] win_exact_lose_pauli_matching_cx: 76.32
[2025-01-08 11:50:25] win_exact_lose_pauli_matching_u3: 68.82
[2025-01-08 11:50:25] win_exact_lose_pauli_exact_cx: 99.75
[2025-01-08 11:50:25] win_exact_lose_pauli_exact_u3: 163.75
[2025-01-08 11:50:25] win_exact_lose_pauli_pauli_cx: 67.00
[2025-01-08 11:50:25] win_exact_lose_pauli_pauli_u3: 114.55
[2025-01-08 11:50:25] win_exact_lose_pauli_matching_depth: 112.70
[2025-01-08 11:50:25] win_exact_lose_pauli_exact_depth: 196.02
[2025-01-08 11:50:25] win_exact_lose_pauli_pauli_depth: 124.48
[2025-01-08 11:50:25] win_exact_draw_pauli_matching_cx: 65.33
[2025-01-08 11:50:25] win_exact_draw_pauli_matching_u3: 60.67
[2025-01-08 11:50:25] win_exact_draw_pauli_exact_cx: 99.00
[2025-01-08 11:50:25] win_exact_draw_pauli_exact_u3: 158.67
[2025-01-08 11:50:25] win_exact_draw_pauli_pauli_cx: 65.33
[2025-01-08 11:50:25] win_exact_draw_pauli_pauli_u3: 113.00
[2025-01-08 11:50:25] win_exact_draw_pauli_matching_depth: 96.33
[2025-01-08 11:50:25] win_exact_draw_pauli_exact_depth: 192.00
[2025-01-08 11:50:25] win_exact_draw_pauli_pauli_depth: 122.00
