[2025-12-04 13:58:10] 

Starting analysis with:
[2025-12-04 13:58:10] Script location: F:\UTK\Research\DOE_FOA_project\code\dyn-CTQW\analysis
[2025-12-04 13:58:10] Number of qubits: 6
[2025-12-04 13:58:10] Number of vertices: 64
[2025-12-04 13:58:10] Delta t: 0.1
[2025-12-04 13:58:10] Matching algorithm: automatic (bipartite/greedy)
[2025-12-04 13:58:10] Graph type: counting
[2025-12-04 13:58:10] Input file: analysis\graphs\connected\200graph_counting_64v.g6
[2025-12-04 13:58:10] Output directory: F:\UTK\Research\DOE_FOA_project\code\dyn-CTQW\analysis\outputs\matching_vs_pauli\connected_64v\counting_64v\20251204_135810
[2025-12-04 13:58:10] Checkpoint interval: 50
[2025-12-04 13:58:10] Parsed graph info: {'num_graphs': 200, 'size': 'counting', 'vertices': '64', 'type': 'v'}
[2025-12-04 13:58:10] Found 200 graphs in file
[2025-12-04 13:58:10] 
Processing graph 0/200
[2025-12-04 13:58:10] Graph 0 has 64 nodes and 63 edges
[2025-12-04 13:58:10] Converted to 63 bitstring edges
[2025-12-04 13:58:10] Computing Matchings Dynamic walk
[2025-12-04 13:58:10] Matchings - CX: 111.0, U3: 108.0, Depth: 159.0
[2025-12-04 13:58:10] Computing Pauli decomposition
[2025-12-04 13:58:11] Pauli - CX: 294.0, U3: 330.0, Depth: 453.0
[2025-12-04 13:58:11] Analysis completed in 1.28s - Category: win
[2025-12-04 13:58:11] Successfully processed graph 0 - Category: win - Time: 1.28s
[2025-12-04 13:58:11] 
Processing graph 1/200
[2025-12-04 13:58:11] Graph 1 has 64 nodes and 64 edges
[2025-12-04 13:58:11] Converted to 64 bitstring edges
[2025-12-04 13:58:11] Computing Matchings Dynamic walk
[2025-12-04 13:58:11] Matchings - CX: 153.0, U3: 153.0, Depth: 222.0
[2025-12-04 13:58:11] Computing Pauli decomposition
[2025-12-04 13:58:13] Pauli - CX: 379.0, U3: 439.0, Depth: 591.0
[2025-12-04 13:58:13] Analysis completed in 1.29s - Category: win
[2025-12-04 13:58:13] Successfully processed graph 1 - Category: win - Time: 1.29s
[2025-12-04 13:58:13] 
Processing graph 2/200
[2025-12-04 13:58:13] Graph 2 has 64 nodes and 64 edges
[2025-12-04 13:58:13] Converted to 64 bitstring edges
[2025-12-04 13:58:13] Computing Matchings Dynamic walk
[2025-12-04 13:58:13] Matchings - CX: 155.0, U3: 152.0, Depth: 224.0
[2025-12-04 13:58:13] Computing Pauli decomposition
[2025-12-04 13:58:14] Pauli - CX: 431.0, U3: 477.0, Depth: 656.0
[2025-12-04 13:58:14] Analysis completed in 1.30s - Category: win
[2025-12-04 13:58:14] Successfully processed graph 2 - Category: win - Time: 1.30s
[2025-12-04 13:58:14] 
Processing graph 3/200
[2025-12-04 13:58:14] Graph 3 has 64 nodes and 64 edges
[2025-12-04 13:58:14] Converted to 64 bitstring edges
[2025-12-04 13:58:14] Computing Matchings Dynamic walk
[2025-12-04 13:58:14] Matchings - CX: 401.0, U3: 414.0, Depth: 553.0
[2025-12-04 13:58:14] Computing Pauli decomposition
[2025-12-04 13:58:15] Pauli - CX: 356.0, U3: 403.0, Depth: 559.0
[2025-12-04 13:58:15] Analysis completed in 1.30s - Category: lose
[2025-12-04 13:58:15] Successfully processed graph 3 - Category: lose - Time: 1.30s
[2025-12-04 13:58:15] 
Processing graph 4/200
[2025-12-04 13:58:15] Graph 4 has 64 nodes and 64 edges
[2025-12-04 13:58:15] Converted to 64 bitstring edges
[2025-12-04 13:58:15] Computing Matchings Dynamic walk
[2025-12-04 13:58:15] Matchings - CX: 157.0, U3: 154.0, Depth: 225.0
[2025-12-04 13:58:15] Computing Pauli decomposition
[2025-12-04 13:58:17] Pauli - CX: 382.0, U3: 436.0, Depth: 597.0
[2025-12-04 13:58:17] Analysis completed in 1.31s - Category: win
[2025-12-04 13:58:17] Successfully processed graph 4 - Category: win - Time: 1.31s
[2025-12-04 13:58:17] 
Processing graph 5/200
[2025-12-04 13:58:17] Graph 5 has 64 nodes and 64 edges
[2025-12-04 13:58:17] Converted to 64 bitstring edges
[2025-12-04 13:58:17] Computing Matchings Dynamic walk
[2025-12-04 13:58:17] Matchings - CX: 153.0, U3: 155.0, Depth: 222.0
[2025-12-04 13:58:17] Computing Pauli decomposition
[2025-12-04 13:58:18] Pauli - CX: 380.0, U3: 426.0, Depth: 589.0
[2025-12-04 13:58:18] Analysis completed in 1.38s - Category: win
[2025-12-04 13:58:18] Successfully processed graph 5 - Category: win - Time: 1.38s
[2025-12-04 13:58:18] 
Processing graph 6/200
[2025-12-04 13:58:18] Graph 6 has 64 nodes and 64 edges
[2025-12-04 13:58:18] Converted to 64 bitstring edges
[2025-12-04 13:58:18] Computing Matchings Dynamic walk
[2025-12-04 13:58:18] Matchings - CX: 151.0, U3: 150.0, Depth: 221.0
[2025-12-04 13:58:18] Computing Pauli decomposition
[2025-12-04 13:58:19] Pauli - CX: 376.0, U3: 392.0, Depth: 574.0
[2025-12-04 13:58:19] Analysis completed in 1.30s - Category: win
[2025-12-04 13:58:19] Successfully processed graph 6 - Category: win - Time: 1.30s
[2025-12-04 13:58:19] 
Processing graph 7/200
[2025-12-04 13:58:19] Graph 7 has 64 nodes and 64 edges
[2025-12-04 13:58:19] Converted to 64 bitstring edges
[2025-12-04 13:58:19] Computing Matchings Dynamic walk
[2025-12-04 13:58:19] Matchings - CX: 157.0, U3: 154.0, Depth: 226.0
[2025-12-04 13:58:19] Computing Pauli decomposition
[2025-12-04 13:58:21] Pauli - CX: 438.0, U3: 477.0, Depth: 667.0
[2025-12-04 13:58:21] Analysis completed in 1.26s - Category: win
[2025-12-04 13:58:21] Successfully processed graph 7 - Category: win - Time: 1.26s
[2025-12-04 13:58:21] 
Processing graph 8/200
[2025-12-04 13:58:21] Graph 8 has 64 nodes and 64 edges
[2025-12-04 13:58:21] Converted to 64 bitstring edges
[2025-12-04 13:58:21] Computing Matchings Dynamic walk
[2025-12-04 13:58:21] Matchings - CX: 153.0, U3: 151.0, Depth: 222.0
[2025-12-04 13:58:21] Computing Pauli decomposition
[2025-12-04 13:58:22] Pauli - CX: 397.0, U3: 439.0, Depth: 611.0
[2025-12-04 13:58:22] Analysis completed in 1.28s - Category: win
[2025-12-04 13:58:22] Successfully processed graph 8 - Category: win - Time: 1.28s
[2025-12-04 13:58:22] 
Processing graph 9/200
[2025-12-04 13:58:22] Graph 9 has 64 nodes and 64 edges
[2025-12-04 13:58:22] Converted to 64 bitstring edges
[2025-12-04 13:58:22] Computing Matchings Dynamic walk
[2025-12-04 13:58:22] Matchings - CX: 151.0, U3: 150.0, Depth: 221.0
[2025-12-04 13:58:22] Computing Pauli decomposition
[2025-12-04 13:58:23] Pauli - CX: 353.0, U3: 398.0, Depth: 555.0
[2025-12-04 13:58:23] Analysis completed in 1.37s - Category: win
[2025-12-04 13:58:23] Successfully processed graph 9 - Category: win - Time: 1.37s
[2025-12-04 13:58:23] 
Processing graph 10/200
[2025-12-04 13:58:23] Graph 10 has 64 nodes and 64 edges
[2025-12-04 13:58:23] Converted to 64 bitstring edges
[2025-12-04 13:58:23] Computing Matchings Dynamic walk
[2025-12-04 13:58:23] Matchings - CX: 232.0, U3: 234.0, Depth: 331.0
[2025-12-04 13:58:23] Computing Pauli decomposition
[2025-12-04 13:58:25] Pauli - CX: 421.0, U3: 481.0, Depth: 652.0
[2025-12-04 13:58:25] Analysis completed in 1.28s - Category: win
[2025-12-04 13:58:25] Successfully processed graph 10 - Category: win - Time: 1.28s
[2025-12-04 13:58:25] 
Processing graph 11/200
[2025-12-04 13:58:25] Graph 11 has 64 nodes and 64 edges
[2025-12-04 13:58:25] Converted to 64 bitstring edges
[2025-12-04 13:58:25] Computing Matchings Dynamic walk
[2025-12-04 13:58:25] Matchings - CX: 159.0, U3: 154.0, Depth: 228.0
[2025-12-04 13:58:25] Computing Pauli decomposition
[2025-12-04 13:58:26] Pauli - CX: 379.0, U3: 408.0, Depth: 577.0
[2025-12-04 13:58:26] Analysis completed in 1.29s - Category: win
[2025-12-04 13:58:26] Successfully processed graph 11 - Category: win - Time: 1.29s
[2025-12-04 13:58:26] 
Processing graph 12/200
[2025-12-04 13:58:26] Graph 12 has 64 nodes and 64 edges
[2025-12-04 13:58:26] Converted to 64 bitstring edges
[2025-12-04 13:58:26] Computing Matchings Dynamic walk
[2025-12-04 13:58:26] Matchings - CX: 151.0, U3: 153.0, Depth: 221.0
[2025-12-04 13:58:26] Computing Pauli decomposition
[2025-12-04 13:58:27] Pauli - CX: 376.0, U3: 392.0, Depth: 574.0
[2025-12-04 13:58:27] Analysis completed in 1.26s - Category: win
[2025-12-04 13:58:27] Successfully processed graph 12 - Category: win - Time: 1.26s
[2025-12-04 13:58:27] 
Processing graph 13/200
[2025-12-04 13:58:27] Graph 13 has 64 nodes and 64 edges
[2025-12-04 13:58:27] Converted to 64 bitstring edges
[2025-12-04 13:58:27] Computing Matchings Dynamic walk
[2025-12-04 13:58:27] Matchings - CX: 151.0, U3: 152.0, Depth: 221.0
[2025-12-04 13:58:27] Computing Pauli decomposition
[2025-12-04 13:58:28] Pauli - CX: 356.0, U3: 402.0, Depth: 558.0
[2025-12-04 13:58:28] Analysis completed in 1.36s - Category: win
[2025-12-04 13:58:28] Successfully processed graph 13 - Category: win - Time: 1.36s
[2025-12-04 13:58:28] 
Processing graph 14/200
[2025-12-04 13:58:28] Graph 14 has 64 nodes and 64 edges
[2025-12-04 13:58:28] Converted to 64 bitstring edges
[2025-12-04 13:58:28] Computing Matchings Dynamic walk
[2025-12-04 13:58:28] Matchings - CX: 151.0, U3: 151.0, Depth: 218.0
[2025-12-04 13:58:28] Computing Pauli decomposition
[2025-12-04 13:58:30] Pauli - CX: 338.0, U3: 452.0, Depth: 557.0
[2025-12-04 13:58:30] Analysis completed in 1.33s - Category: win
[2025-12-04 13:58:30] Successfully processed graph 14 - Category: win - Time: 1.33s
[2025-12-04 13:58:30] 
Processing graph 15/200
[2025-12-04 13:58:30] Graph 15 has 64 nodes and 64 edges
[2025-12-04 13:58:30] Converted to 64 bitstring edges
[2025-12-04 13:58:30] Computing Matchings Dynamic walk
[2025-12-04 13:58:30] Matchings - CX: 405.0, U3: 406.0, Depth: 555.0
[2025-12-04 13:58:30] Computing Pauli decomposition
[2025-12-04 13:58:31] Pauli - CX: 327.0, U3: 443.0, Depth: 538.0
[2025-12-04 13:58:31] Analysis completed in 1.28s - Category: lose
[2025-12-04 13:58:31] Successfully processed graph 15 - Category: lose - Time: 1.28s
[2025-12-04 13:58:31] 
Processing graph 16/200
[2025-12-04 13:58:31] Graph 16 has 64 nodes and 64 edges
[2025-12-04 13:58:31] Converted to 64 bitstring edges
[2025-12-04 13:58:31] Computing Matchings Dynamic walk
[2025-12-04 13:58:31] Matchings - CX: 410.0, U3: 421.0, Depth: 596.0
[2025-12-04 13:58:31] Computing Pauli decomposition
[2025-12-04 13:58:32] Pauli - CX: 395.0, U3: 468.0, Depth: 618.0
[2025-12-04 13:58:32] Analysis completed in 1.23s - Category: lose
[2025-12-04 13:58:32] Successfully processed graph 16 - Category: lose - Time: 1.23s
[2025-12-04 13:58:32] 
Processing graph 17/200
[2025-12-04 13:58:32] Graph 17 has 64 nodes and 64 edges
[2025-12-04 13:58:32] Converted to 64 bitstring edges
[2025-12-04 13:58:32] Computing Matchings Dynamic walk
[2025-12-04 13:58:32] Matchings - CX: 151.0, U3: 153.0, Depth: 221.0
[2025-12-04 13:58:32] Computing Pauli decomposition
[2025-12-04 13:58:34] Pauli - CX: 344.0, U3: 445.0, Depth: 560.0
[2025-12-04 13:58:34] Analysis completed in 1.36s - Category: win
[2025-12-04 13:58:34] Successfully processed graph 17 - Category: win - Time: 1.36s
[2025-12-04 13:58:34] 
Processing graph 18/200
[2025-12-04 13:58:34] Graph 18 has 64 nodes and 64 edges
[2025-12-04 13:58:34] Converted to 64 bitstring edges
[2025-12-04 13:58:34] Computing Matchings Dynamic walk
[2025-12-04 13:58:34] Matchings - CX: 159.0, U3: 155.0, Depth: 225.0
[2025-12-04 13:58:34] Computing Pauli decomposition
[2025-12-04 13:58:35] Pauli - CX: 278.0, U3: 416.0, Depth: 469.0
[2025-12-04 13:58:35] Analysis completed in 1.31s - Category: win
[2025-12-04 13:58:35] Successfully processed graph 18 - Category: win - Time: 1.31s
[2025-12-04 13:58:35] 
Processing graph 19/200
[2025-12-04 13:58:35] Graph 19 has 64 nodes and 64 edges
[2025-12-04 13:58:35] Converted to 64 bitstring edges
[2025-12-04 13:58:35] Computing Matchings Dynamic walk
[2025-12-04 13:58:35] Matchings - CX: 151.0, U3: 151.0, Depth: 219.0
[2025-12-04 13:58:35] Computing Pauli decomposition
[2025-12-04 13:58:36] Pauli - CX: 342.0, U3: 386.0, Depth: 536.0
[2025-12-04 13:58:36] Analysis completed in 1.26s - Category: win
[2025-12-04 13:58:36] Successfully processed graph 19 - Category: win - Time: 1.26s
[2025-12-04 13:58:36] 
Processing graph 20/200
[2025-12-04 13:58:36] Graph 20 has 64 nodes and 64 edges
[2025-12-04 13:58:36] Converted to 64 bitstring edges
[2025-12-04 13:58:36] Computing Matchings Dynamic walk
[2025-12-04 13:58:36] Matchings - CX: 151.0, U3: 152.0, Depth: 219.0
[2025-12-04 13:58:36] Computing Pauli decomposition
[2025-12-04 13:58:37] Pauli - CX: 310.0, U3: 435.0, Depth: 517.0
[2025-12-04 13:58:37] Analysis completed in 1.28s - Category: win
[2025-12-04 13:58:37] Successfully processed graph 20 - Category: win - Time: 1.28s
[2025-12-04 13:58:37] 
Processing graph 21/200
[2025-12-04 13:58:37] Graph 21 has 64 nodes and 64 edges
[2025-12-04 13:58:37] Converted to 64 bitstring edges
[2025-12-04 13:58:37] Computing Matchings Dynamic walk
[2025-12-04 13:58:38] Matchings - CX: 151.0, U3: 153.0, Depth: 219.0
[2025-12-04 13:58:38] Computing Pauli decomposition
[2025-12-04 13:58:39] Pauli - CX: 338.0, U3: 452.0, Depth: 557.0
[2025-12-04 13:58:39] Analysis completed in 1.35s - Category: win
[2025-12-04 13:58:39] Successfully processed graph 21 - Category: win - Time: 1.35s
[2025-12-04 13:58:39] 
Processing graph 22/200
[2025-12-04 13:58:39] Graph 22 has 64 nodes and 64 edges
[2025-12-04 13:58:39] Converted to 64 bitstring edges
[2025-12-04 13:58:39] Computing Matchings Dynamic walk
[2025-12-04 13:58:39] Matchings - CX: 151.0, U3: 152.0, Depth: 219.0
[2025-12-04 13:58:39] Computing Pauli decomposition
[2025-12-04 13:58:40] Pauli - CX: 390.0, U3: 377.0, Depth: 589.0
[2025-12-04 13:58:40] Analysis completed in 1.32s - Category: win
[2025-12-04 13:58:40] Successfully processed graph 22 - Category: win - Time: 1.32s
[2025-12-04 13:58:40] 
Processing graph 23/200
[2025-12-04 13:58:40] Graph 23 has 64 nodes and 64 edges
[2025-12-04 13:58:40] Converted to 64 bitstring edges
[2025-12-04 13:58:40] Computing Matchings Dynamic walk
[2025-12-04 13:58:40] Matchings - CX: 153.0, U3: 151.0, Depth: 221.0
[2025-12-04 13:58:40] Computing Pauli decomposition
[2025-12-04 13:58:42] Pauli - CX: 380.0, U3: 426.0, Depth: 589.0
[2025-12-04 13:58:42] Analysis completed in 1.34s - Category: win
[2025-12-04 13:58:42] Successfully processed graph 23 - Category: win - Time: 1.34s
[2025-12-04 13:58:42] 
Processing graph 24/200
[2025-12-04 13:58:42] Graph 24 has 64 nodes and 64 edges
[2025-12-04 13:58:42] Converted to 64 bitstring edges
[2025-12-04 13:58:42] Computing Matchings Dynamic walk
[2025-12-04 13:58:42] Matchings - CX: 155.0, U3: 155.0, Depth: 223.0
[2025-12-04 13:58:42] Computing Pauli decomposition
[2025-12-04 13:58:43] Pauli - CX: 403.0, U3: 421.0, Depth: 613.0
[2025-12-04 13:58:43] Analysis completed in 1.33s - Category: win
[2025-12-04 13:58:43] Successfully processed graph 24 - Category: win - Time: 1.33s
[2025-12-04 13:58:43] 
Processing graph 25/200
[2025-12-04 13:58:43] Graph 25 has 64 nodes and 65 edges
[2025-12-04 13:58:43] Converted to 65 bitstring edges
[2025-12-04 13:58:43] Computing Matchings Dynamic walk
[2025-12-04 13:58:43] Matchings - CX: 201.0, U3: 198.0, Depth: 291.0
[2025-12-04 13:58:43] Computing Pauli decomposition
[2025-12-04 13:58:44] Pauli - CX: 545.0, U3: 623.0, Depth: 845.0
[2025-12-04 13:58:44] Analysis completed in 1.31s - Category: win
[2025-12-04 13:58:44] Successfully processed graph 25 - Category: win - Time: 1.31s
[2025-12-04 13:58:44] 
Processing graph 26/200
[2025-12-04 13:58:44] Graph 26 has 64 nodes and 65 edges
[2025-12-04 13:58:44] Converted to 65 bitstring edges
[2025-12-04 13:58:44] Computing Matchings Dynamic walk
[2025-12-04 13:58:44] Matchings - CX: 197.0, U3: 198.0, Depth: 287.0
[2025-12-04 13:58:44] Computing Pauli decomposition
[2025-12-04 13:58:45] Pauli - CX: 525.0, U3: 569.0, Depth: 802.0
[2025-12-04 13:58:45] Analysis completed in 1.29s - Category: win
[2025-12-04 13:58:45] Successfully processed graph 26 - Category: win - Time: 1.29s
[2025-12-04 13:58:45] 
Processing graph 27/200
[2025-12-04 13:58:45] Graph 27 has 64 nodes and 65 edges
[2025-12-04 13:58:45] Converted to 65 bitstring edges
[2025-12-04 13:58:45] Computing Matchings Dynamic walk
[2025-12-04 13:58:45] Matchings - CX: 191.0, U3: 195.0, Depth: 280.0
[2025-12-04 13:58:45] Computing Pauli decomposition
[2025-12-04 13:58:47] Pauli - CX: 471.0, U3: 605.0, Depth: 762.0
[2025-12-04 13:58:47] Analysis completed in 1.32s - Category: win
[2025-12-04 13:58:47] Successfully processed graph 27 - Category: win - Time: 1.32s
[2025-12-04 13:58:47] 
Processing graph 28/200
[2025-12-04 13:58:47] Graph 28 has 64 nodes and 65 edges
[2025-12-04 13:58:47] Converted to 65 bitstring edges
[2025-12-04 13:58:47] Computing Matchings Dynamic walk
[2025-12-04 13:58:47] Matchings - CX: 455.0, U3: 454.0, Depth: 635.0
[2025-12-04 13:58:47] Computing Pauli decomposition
[2025-12-04 13:58:48] Pauli - CX: 326.0, U3: 470.0, Depth: 552.0
[2025-12-04 13:58:48] Analysis completed in 1.40s - Category: lose
[2025-12-04 13:58:48] Successfully processed graph 28 - Category: lose - Time: 1.40s
[2025-12-04 13:58:48] 
Processing graph 29/200
[2025-12-04 13:58:48] Graph 29 has 64 nodes and 65 edges
[2025-12-04 13:58:48] Converted to 65 bitstring edges
[2025-12-04 13:58:48] Computing Matchings Dynamic walk
[2025-12-04 13:58:48] Matchings - CX: 481.0, U3: 493.0, Depth: 682.0
[2025-12-04 13:58:48] Computing Pauli decomposition
[2025-12-04 13:58:50] Pauli - CX: 389.0, U3: 526.0, Depth: 649.0
[2025-12-04 13:58:50] Analysis completed in 1.36s - Category: lose
[2025-12-04 13:58:50] Successfully processed graph 29 - Category: lose - Time: 1.36s
[2025-12-04 13:58:50] 
Processing graph 30/200
[2025-12-04 13:58:50] Graph 30 has 64 nodes and 65 edges
[2025-12-04 13:58:50] Converted to 65 bitstring edges
[2025-12-04 13:58:50] Computing Matchings Dynamic walk
[2025-12-04 13:58:50] Matchings - CX: 199.0, U3: 200.0, Depth: 289.0
[2025-12-04 13:58:50] Computing Pauli decomposition
[2025-12-04 13:58:51] Pauli - CX: 520.0, U3: 579.0, Depth: 807.0
[2025-12-04 13:58:51] Analysis completed in 1.32s - Category: win
[2025-12-04 13:58:51] Successfully processed graph 30 - Category: win - Time: 1.32s
[2025-12-04 13:58:51] 
Processing graph 31/200
[2025-12-04 13:58:51] Graph 31 has 64 nodes and 65 edges
[2025-12-04 13:58:51] Converted to 65 bitstring edges
[2025-12-04 13:58:51] Computing Matchings Dynamic walk
[2025-12-04 13:58:51] Matchings - CX: 517.0, U3: 531.0, Depth: 740.0
[2025-12-04 13:58:51] Computing Pauli decomposition
[2025-12-04 13:58:52] Pauli - CX: 545.0, U3: 489.0, Depth: 799.0
[2025-12-04 13:58:52] Analysis completed in 1.36s - Category: win
[2025-12-04 13:58:52] Successfully processed graph 31 - Category: win - Time: 1.36s
[2025-12-04 13:58:52] 
Processing graph 32/200
[2025-12-04 13:58:52] Graph 32 has 64 nodes and 65 edges
[2025-12-04 13:58:52] Converted to 65 bitstring edges
[2025-12-04 13:58:52] Computing Matchings Dynamic walk
[2025-12-04 13:58:52] Matchings - CX: 201.0, U3: 197.0, Depth: 289.0
[2025-12-04 13:58:52] Computing Pauli decomposition
[2025-12-04 13:58:54] Pauli - CX: 509.0, U3: 578.0, Depth: 795.0
[2025-12-04 13:58:54] Analysis completed in 1.30s - Category: win
[2025-12-04 13:58:54] Successfully processed graph 32 - Category: win - Time: 1.30s
[2025-12-04 13:58:54] 
Processing graph 33/200
[2025-12-04 13:58:54] Graph 33 has 64 nodes and 65 edges
[2025-12-04 13:58:54] Converted to 65 bitstring edges
[2025-12-04 13:58:54] Computing Matchings Dynamic walk
[2025-12-04 13:58:54] Matchings - CX: 197.0, U3: 195.0, Depth: 285.0
[2025-12-04 13:58:54] Computing Pauli decomposition
[2025-12-04 13:58:55] Pauli - CX: 506.0, U3: 601.0, Depth: 793.0
[2025-12-04 13:58:55] Analysis completed in 1.44s - Category: win
[2025-12-04 13:58:55] Successfully processed graph 33 - Category: win - Time: 1.44s
[2025-12-04 13:58:55] 
Processing graph 34/200
[2025-12-04 13:58:55] Graph 34 has 64 nodes and 65 edges
[2025-12-04 13:58:55] Converted to 65 bitstring edges
[2025-12-04 13:58:55] Computing Matchings Dynamic walk
[2025-12-04 13:58:55] Matchings - CX: 197.0, U3: 197.0, Depth: 287.0
[2025-12-04 13:58:55] Computing Pauli decomposition
[2025-12-04 13:58:56] Pauli - CX: 469.0, U3: 517.0, Depth: 729.0
[2025-12-04 13:58:56] Analysis completed in 1.25s - Category: win
[2025-12-04 13:58:56] Successfully processed graph 34 - Category: win - Time: 1.25s
[2025-12-04 13:58:56] 
Processing graph 35/200
[2025-12-04 13:58:56] Graph 35 has 64 nodes and 65 edges
[2025-12-04 13:58:56] Converted to 65 bitstring edges
[2025-12-04 13:58:56] Computing Matchings Dynamic walk
[2025-12-04 13:58:56] Matchings - CX: 193.0, U3: 196.0, Depth: 281.0
[2025-12-04 13:58:56] Computing Pauli decomposition
[2025-12-04 13:58:58] Pauli - CX: 441.0, U3: 475.0, Depth: 685.0
[2025-12-04 13:58:58] Analysis completed in 1.34s - Category: win
[2025-12-04 13:58:58] Successfully processed graph 35 - Category: win - Time: 1.34s
[2025-12-04 13:58:58] 
Processing graph 36/200
[2025-12-04 13:58:58] Graph 36 has 64 nodes and 65 edges
[2025-12-04 13:58:58] Converted to 65 bitstring edges
[2025-12-04 13:58:58] Computing Matchings Dynamic walk
[2025-12-04 13:58:58] Matchings - CX: 453.0, U3: 452.0, Depth: 627.0
[2025-12-04 13:58:58] Computing Pauli decomposition
[2025-12-04 13:58:59] Pauli - CX: 542.0, U3: 578.0, Depth: 827.0
[2025-12-04 13:58:59] Analysis completed in 1.41s - Category: win
[2025-12-04 13:58:59] Successfully processed graph 36 - Category: win - Time: 1.41s
[2025-12-04 13:58:59] 
Processing graph 37/200
[2025-12-04 13:58:59] Graph 37 has 64 nodes and 65 edges
[2025-12-04 13:58:59] Converted to 65 bitstring edges
[2025-12-04 13:58:59] Computing Matchings Dynamic walk
[2025-12-04 13:58:59] Matchings - CX: 195.0, U3: 194.0, Depth: 283.0
[2025-12-04 13:58:59] Computing Pauli decomposition
[2025-12-04 13:59:00] Pauli - CX: 477.0, U3: 513.0, Depth: 733.0
[2025-12-04 13:59:00] Analysis completed in 1.26s - Category: win
[2025-12-04 13:59:00] Successfully processed graph 37 - Category: win - Time: 1.26s
[2025-12-04 13:59:00] 
Processing graph 38/200
[2025-12-04 13:59:00] Graph 38 has 64 nodes and 65 edges
[2025-12-04 13:59:00] Converted to 65 bitstring edges
[2025-12-04 13:59:00] Computing Matchings Dynamic walk
[2025-12-04 13:59:00] Matchings - CX: 453.0, U3: 462.0, Depth: 638.0
[2025-12-04 13:59:00] Computing Pauli decomposition
[2025-12-04 13:59:02] Pauli - CX: 502.0, U3: 561.0, Depth: 775.0
[2025-12-04 13:59:02] Analysis completed in 1.34s - Category: win
[2025-12-04 13:59:02] Successfully processed graph 38 - Category: win - Time: 1.34s
[2025-12-04 13:59:02] 
Processing graph 39/200
[2025-12-04 13:59:02] Graph 39 has 64 nodes and 65 edges
[2025-12-04 13:59:02] Converted to 65 bitstring edges
[2025-12-04 13:59:02] Computing Matchings Dynamic walk
[2025-12-04 13:59:02] Matchings - CX: 201.0, U3: 198.0, Depth: 288.0
[2025-12-04 13:59:02] Computing Pauli decomposition
[2025-12-04 13:59:03] Pauli - CX: 427.0, U3: 464.0, Depth: 660.0
[2025-12-04 13:59:03] Analysis completed in 1.25s - Category: win
[2025-12-04 13:59:03] Successfully processed graph 39 - Category: win - Time: 1.25s
[2025-12-04 13:59:03] 
Processing graph 40/200
[2025-12-04 13:59:03] Graph 40 has 64 nodes and 65 edges
[2025-12-04 13:59:03] Converted to 65 bitstring edges
[2025-12-04 13:59:03] Computing Matchings Dynamic walk
[2025-12-04 13:59:03] Matchings - CX: 197.0, U3: 191.0, Depth: 281.0
[2025-12-04 13:59:03] Computing Pauli decomposition
[2025-12-04 13:59:04] Pauli - CX: 412.0, U3: 462.0, Depth: 652.0
[2025-12-04 13:59:04] Analysis completed in 1.28s - Category: win
[2025-12-04 13:59:04] Successfully processed graph 40 - Category: win - Time: 1.28s
[2025-12-04 13:59:04] 
Processing graph 41/200
[2025-12-04 13:59:04] Graph 41 has 64 nodes and 65 edges
[2025-12-04 13:59:04] Converted to 65 bitstring edges
[2025-12-04 13:59:04] Computing Matchings Dynamic walk
[2025-12-04 13:59:04] Matchings - CX: 193.0, U3: 191.0, Depth: 282.0
[2025-12-04 13:59:04] Computing Pauli decomposition
[2025-12-04 13:59:05] Pauli - CX: 439.0, U3: 497.0, Depth: 691.0
[2025-12-04 13:59:05] Analysis completed in 1.31s - Category: win
[2025-12-04 13:59:05] Successfully processed graph 41 - Category: win - Time: 1.31s
[2025-12-04 13:59:05] 
Processing graph 42/200
[2025-12-04 13:59:05] Graph 42 has 64 nodes and 65 edges
[2025-12-04 13:59:05] Converted to 65 bitstring edges
[2025-12-04 13:59:05] Computing Matchings Dynamic walk
[2025-12-04 13:59:05] Matchings - CX: 197.0, U3: 197.0, Depth: 281.0
[2025-12-04 13:59:05] Computing Pauli decomposition
[2025-12-04 13:59:07] Pauli - CX: 526.0, U3: 629.0, Depth: 826.0
[2025-12-04 13:59:07] Analysis completed in 1.30s - Category: win
[2025-12-04 13:59:07] Successfully processed graph 42 - Category: win - Time: 1.30s
[2025-12-04 13:59:07] 
Processing graph 43/200
[2025-12-04 13:59:07] Graph 43 has 64 nodes and 65 edges
[2025-12-04 13:59:07] Converted to 65 bitstring edges
[2025-12-04 13:59:07] Computing Matchings Dynamic walk
[2025-12-04 13:59:07] Matchings - CX: 425.0, U3: 428.0, Depth: 603.0
[2025-12-04 13:59:07] Computing Pauli decomposition
[2025-12-04 13:59:08] Pauli - CX: 372.0, U3: 508.0, Depth: 622.0
[2025-12-04 13:59:08] Analysis completed in 1.30s - Category: lose
[2025-12-04 13:59:08] Successfully processed graph 43 - Category: lose - Time: 1.30s
[2025-12-04 13:59:08] 
Processing graph 44/200
[2025-12-04 13:59:08] Graph 44 has 64 nodes and 65 edges
[2025-12-04 13:59:08] Converted to 65 bitstring edges
[2025-12-04 13:59:08] Computing Matchings Dynamic walk
[2025-12-04 13:59:08] Matchings - CX: 193.0, U3: 195.0, Depth: 282.0
[2025-12-04 13:59:08] Computing Pauli decomposition
[2025-12-04 13:59:09] Pauli - CX: 491.0, U3: 489.0, Depth: 739.0
[2025-12-04 13:59:09] Analysis completed in 1.31s - Category: win
[2025-12-04 13:59:09] Successfully processed graph 44 - Category: win - Time: 1.31s
[2025-12-04 13:59:09] 
Processing graph 45/200
[2025-12-04 13:59:09] Graph 45 has 64 nodes and 65 edges
[2025-12-04 13:59:09] Converted to 65 bitstring edges
[2025-12-04 13:59:09] Computing Matchings Dynamic walk
[2025-12-04 13:59:09] Matchings - CX: 195.0, U3: 194.0, Depth: 276.0
[2025-12-04 13:59:09] Computing Pauli decomposition
[2025-12-04 13:59:11] Pauli - CX: 416.0, U3: 469.0, Depth: 662.0
[2025-12-04 13:59:11] Analysis completed in 1.28s - Category: win
[2025-12-04 13:59:11] Successfully processed graph 45 - Category: win - Time: 1.28s
[2025-12-04 13:59:11] 
Processing graph 46/200
[2025-12-04 13:59:11] Graph 46 has 64 nodes and 65 edges
[2025-12-04 13:59:11] Converted to 65 bitstring edges
[2025-12-04 13:59:11] Computing Matchings Dynamic walk
[2025-12-04 13:59:11] Matchings - CX: 199.0, U3: 196.0, Depth: 289.0
[2025-12-04 13:59:11] Computing Pauli decomposition
[2025-12-04 13:59:12] Pauli - CX: 489.0, U3: 540.0, Depth: 756.0
[2025-12-04 13:59:12] Analysis completed in 1.35s - Category: win
[2025-12-04 13:59:12] Successfully processed graph 46 - Category: win - Time: 1.35s
[2025-12-04 13:59:12] 
Processing graph 47/200
[2025-12-04 13:59:12] Graph 47 has 64 nodes and 65 edges
[2025-12-04 13:59:12] Converted to 65 bitstring edges
[2025-12-04 13:59:12] Computing Matchings Dynamic walk
[2025-12-04 13:59:12] Matchings - CX: 199.0, U3: 199.0, Depth: 289.0
[2025-12-04 13:59:12] Computing Pauli decomposition
[2025-12-04 13:59:13] Pauli - CX: 535.0, U3: 628.0, Depth: 832.0
[2025-12-04 13:59:13] Analysis completed in 1.38s - Category: win
[2025-12-04 13:59:13] Successfully processed graph 47 - Category: win - Time: 1.38s
[2025-12-04 13:59:13] 
Processing graph 48/200
[2025-12-04 13:59:13] Graph 48 has 64 nodes and 65 edges
[2025-12-04 13:59:13] Converted to 65 bitstring edges
[2025-12-04 13:59:13] Computing Matchings Dynamic walk
[2025-12-04 13:59:13] Matchings - CX: 195.0, U3: 197.0, Depth: 281.0
[2025-12-04 13:59:13] Computing Pauli decomposition
[2025-12-04 13:59:15] Pauli - CX: 468.0, U3: 501.0, Depth: 719.0
[2025-12-04 13:59:15] Analysis completed in 1.39s - Category: win
[2025-12-04 13:59:15] Successfully processed graph 48 - Category: win - Time: 1.39s
[2025-12-04 13:59:15] 
Processing graph 49/200
[2025-12-04 13:59:15] Graph 49 has 64 nodes and 65 edges
[2025-12-04 13:59:15] Converted to 65 bitstring edges
[2025-12-04 13:59:15] Computing Matchings Dynamic walk
[2025-12-04 13:59:15] Matchings - CX: 195.0, U3: 194.0, Depth: 282.0
[2025-12-04 13:59:15] Computing Pauli decomposition
[2025-12-04 13:59:16] Pauli - CX: 432.0, U3: 489.0, Depth: 683.0
[2025-12-04 13:59:16] Analysis completed in 1.27s - Category: win
[2025-12-04 13:59:16] Successfully processed graph 49 - Category: win - Time: 1.27s
[2025-12-04 13:59:16] 
Processing graph 50/200
[2025-12-04 13:59:16] Graph 50 has 64 nodes and 65 edges
[2025-12-04 13:59:16] Converted to 65 bitstring edges
[2025-12-04 13:59:16] Computing Matchings Dynamic walk
[2025-12-04 13:59:16] Matchings - CX: 205.0, U3: 201.0, Depth: 292.0
[2025-12-04 13:59:16] Computing Pauli decomposition
[2025-12-04 13:59:17] Pauli - CX: 534.0, U3: 534.0, Depth: 809.0
[2025-12-04 13:59:17] Analysis completed in 1.29s - Category: win
[2025-12-04 13:59:17] Successfully processed graph 50 - Category: win - Time: 1.29s
[2025-12-04 13:59:17] 
Processing graph 51/200
[2025-12-04 13:59:17] Graph 51 has 64 nodes and 65 edges
[2025-12-04 13:59:17] Converted to 65 bitstring edges
[2025-12-04 13:59:17] Computing Matchings Dynamic walk
[2025-12-04 13:59:17] Matchings - CX: 193.0, U3: 197.0, Depth: 283.0
[2025-12-04 13:59:17] Computing Pauli decomposition
[2025-12-04 13:59:19] Pauli - CX: 504.0, U3: 483.0, Depth: 751.0
[2025-12-04 13:59:19] Analysis completed in 1.33s - Category: win
[2025-12-04 13:59:19] Successfully processed graph 51 - Category: win - Time: 1.33s
[2025-12-04 13:59:19] 
Processing graph 52/200
[2025-12-04 13:59:19] Graph 52 has 64 nodes and 65 edges
[2025-12-04 13:59:19] Converted to 65 bitstring edges
[2025-12-04 13:59:19] Computing Matchings Dynamic walk
[2025-12-04 13:59:19] Matchings - CX: 330.0, U3: 337.0, Depth: 468.0
[2025-12-04 13:59:19] Computing Pauli decomposition
[2025-12-04 13:59:20] Pauli - CX: 482.0, U3: 504.0, Depth: 738.0
[2025-12-04 13:59:20] Analysis completed in 1.39s - Category: win
[2025-12-04 13:59:20] Successfully processed graph 52 - Category: win - Time: 1.39s
[2025-12-04 13:59:20] 
Processing graph 53/200
[2025-12-04 13:59:20] Graph 53 has 64 nodes and 65 edges
[2025-12-04 13:59:20] Converted to 65 bitstring edges
[2025-12-04 13:59:20] Computing Matchings Dynamic walk
[2025-12-04 13:59:20] Matchings - CX: 197.0, U3: 194.0, Depth: 274.0
[2025-12-04 13:59:20] Computing Pauli decomposition
[2025-12-04 13:59:21] Pauli - CX: 322.0, U3: 376.0, Depth: 503.0
[2025-12-04 13:59:21] Analysis completed in 1.24s - Category: win
[2025-12-04 13:59:21] Successfully processed graph 53 - Category: win - Time: 1.24s
[2025-12-04 13:59:21] 
Processing graph 54/200
[2025-12-04 13:59:21] Graph 54 has 64 nodes and 65 edges
[2025-12-04 13:59:21] Converted to 65 bitstring edges
[2025-12-04 13:59:21] Computing Matchings Dynamic walk
[2025-12-04 13:59:21] Matchings - CX: 280.0, U3: 279.0, Depth: 402.0
[2025-12-04 13:59:21] Computing Pauli decomposition
[2025-12-04 13:59:23] Pauli - CX: 565.0, U3: 632.0, Depth: 872.0
[2025-12-04 13:59:23] Analysis completed in 1.34s - Category: win
[2025-12-04 13:59:23] Successfully processed graph 54 - Category: win - Time: 1.34s
[2025-12-04 13:59:23] 
Processing graph 55/200
[2025-12-04 13:59:23] Graph 55 has 64 nodes and 65 edges
[2025-12-04 13:59:23] Converted to 65 bitstring edges
[2025-12-04 13:59:23] Computing Matchings Dynamic walk
[2025-12-04 13:59:23] Matchings - CX: 453.0, U3: 446.0, Depth: 620.0
[2025-12-04 13:59:23] Computing Pauli decomposition
[2025-12-04 13:59:24] Pauli - CX: 507.0, U3: 598.0, Depth: 795.0
[2025-12-04 13:59:24] Analysis completed in 1.33s - Category: win
[2025-12-04 13:59:24] Successfully processed graph 55 - Category: win - Time: 1.33s
[2025-12-04 13:59:24] 
Processing graph 56/200
[2025-12-04 13:59:24] Graph 56 has 64 nodes and 65 edges
[2025-12-04 13:59:24] Converted to 65 bitstring edges
[2025-12-04 13:59:24] Computing Matchings Dynamic walk
[2025-12-04 13:59:24] Matchings - CX: 197.0, U3: 197.0, Depth: 284.0
[2025-12-04 13:59:24] Computing Pauli decomposition
[2025-12-04 13:59:25] Pauli - CX: 521.0, U3: 498.0, Depth: 777.0
[2025-12-04 13:59:25] Analysis completed in 1.40s - Category: win
[2025-12-04 13:59:25] Successfully processed graph 56 - Category: win - Time: 1.40s
[2025-12-04 13:59:25] 
Processing graph 57/200
[2025-12-04 13:59:25] Graph 57 has 64 nodes and 65 edges
[2025-12-04 13:59:25] Converted to 65 bitstring edges
[2025-12-04 13:59:25] Computing Matchings Dynamic walk
[2025-12-04 13:59:25] Matchings - CX: 459.0, U3: 464.0, Depth: 657.0
[2025-12-04 13:59:25] Computing Pauli decomposition
[2025-12-04 13:59:27] Pauli - CX: 427.0, U3: 525.0, Depth: 682.0
[2025-12-04 13:59:27] Analysis completed in 1.29s - Category: lose
[2025-12-04 13:59:27] Successfully processed graph 57 - Category: lose - Time: 1.29s
[2025-12-04 13:59:27] 
Processing graph 58/200
[2025-12-04 13:59:27] Graph 58 has 64 nodes and 65 edges
[2025-12-04 13:59:27] Converted to 65 bitstring edges
[2025-12-04 13:59:27] Computing Matchings Dynamic walk
[2025-12-04 13:59:27] Matchings - CX: 195.0, U3: 196.0, Depth: 280.0
[2025-12-04 13:59:27] Computing Pauli decomposition
[2025-12-04 13:59:28] Pauli - CX: 491.0, U3: 612.0, Depth: 780.0
[2025-12-04 13:59:28] Analysis completed in 1.31s - Category: win
[2025-12-04 13:59:28] Successfully processed graph 58 - Category: win - Time: 1.31s
[2025-12-04 13:59:28] 
Processing graph 59/200
[2025-12-04 13:59:28] Graph 59 has 64 nodes and 65 edges
[2025-12-04 13:59:28] Converted to 65 bitstring edges
[2025-12-04 13:59:28] Computing Matchings Dynamic walk
[2025-12-04 13:59:28] Matchings - CX: 197.0, U3: 195.0, Depth: 282.0
[2025-12-04 13:59:28] Computing Pauli decomposition
[2025-12-04 13:59:29] Pauli - CX: 360.0, U3: 493.0, Depth: 598.0
[2025-12-04 13:59:29] Analysis completed in 1.29s - Category: win
[2025-12-04 13:59:29] Successfully processed graph 59 - Category: win - Time: 1.29s
[2025-12-04 13:59:29] 
Processing graph 60/200
[2025-12-04 13:59:29] Graph 60 has 64 nodes and 65 edges
[2025-12-04 13:59:29] Converted to 65 bitstring edges
[2025-12-04 13:59:29] Computing Matchings Dynamic walk
[2025-12-04 13:59:29] Matchings - CX: 458.0, U3: 464.0, Depth: 661.0
[2025-12-04 13:59:29] Computing Pauli decomposition
[2025-12-04 13:59:31] Pauli - CX: 426.0, U3: 526.0, Depth: 687.0
[2025-12-04 13:59:31] Analysis completed in 1.50s - Category: lose
[2025-12-04 13:59:31] Successfully processed graph 60 - Category: lose - Time: 1.50s
[2025-12-04 13:59:31] 
Processing graph 61/200
[2025-12-04 13:59:31] Graph 61 has 64 nodes and 65 edges
[2025-12-04 13:59:31] Converted to 65 bitstring edges
[2025-12-04 13:59:31] Computing Matchings Dynamic walk
[2025-12-04 13:59:31] Matchings - CX: 197.0, U3: 192.0, Depth: 284.0
[2025-12-04 13:59:31] Computing Pauli decomposition
[2025-12-04 13:59:32] Pauli - CX: 419.0, U3: 472.0, Depth: 666.0
[2025-12-04 13:59:32] Analysis completed in 1.45s - Category: win
[2025-12-04 13:59:32] Successfully processed graph 61 - Category: win - Time: 1.45s
[2025-12-04 13:59:32] 
Processing graph 62/200
[2025-12-04 13:59:32] Graph 62 has 64 nodes and 65 edges
[2025-12-04 13:59:32] Converted to 65 bitstring edges
[2025-12-04 13:59:32] Computing Matchings Dynamic walk
[2025-12-04 13:59:32] Matchings - CX: 205.0, U3: 199.0, Depth: 292.0
[2025-12-04 13:59:32] Computing Pauli decomposition
[2025-12-04 13:59:34] Pauli - CX: 467.0, U3: 633.0, Depth: 767.0
[2025-12-04 13:59:34] Analysis completed in 1.33s - Category: win
[2025-12-04 13:59:34] Successfully processed graph 62 - Category: win - Time: 1.33s
[2025-12-04 13:59:34] 
Processing graph 63/200
[2025-12-04 13:59:34] Graph 63 has 64 nodes and 65 edges
[2025-12-04 13:59:34] Converted to 65 bitstring edges
[2025-12-04 13:59:34] Computing Matchings Dynamic walk
[2025-12-04 13:59:34] Matchings - CX: 199.0, U3: 196.0, Depth: 289.0
[2025-12-04 13:59:34] Computing Pauli decomposition
[2025-12-04 13:59:35] Pauli - CX: 530.0, U3: 579.0, Depth: 813.0
[2025-12-04 13:59:35] Analysis completed in 1.32s - Category: win
[2025-12-04 13:59:35] Successfully processed graph 63 - Category: win - Time: 1.32s
[2025-12-04 13:59:35] 
Processing graph 64/200
[2025-12-04 13:59:35] Graph 64 has 64 nodes and 65 edges
[2025-12-04 13:59:35] Converted to 65 bitstring edges
[2025-12-04 13:59:35] Computing Matchings Dynamic walk
[2025-12-04 13:59:35] Matchings - CX: 191.0, U3: 196.0, Depth: 271.0
[2025-12-04 13:59:35] Computing Pauli decomposition
[2025-12-04 13:59:36] Pauli - CX: 387.0, U3: 538.0, Depth: 641.0
[2025-12-04 13:59:36] Analysis completed in 1.28s - Category: win
[2025-12-04 13:59:36] Successfully processed graph 64 - Category: win - Time: 1.28s
[2025-12-04 13:59:36] 
Processing graph 65/200
[2025-12-04 13:59:36] Graph 65 has 64 nodes and 65 edges
[2025-12-04 13:59:36] Converted to 65 bitstring edges
[2025-12-04 13:59:36] Computing Matchings Dynamic walk
[2025-12-04 13:59:36] Matchings - CX: 205.0, U3: 197.0, Depth: 291.0
[2025-12-04 13:59:36] Computing Pauli decomposition
[2025-12-04 13:59:37] Pauli - CX: 255.0, U3: 337.0, Depth: 418.0
[2025-12-04 13:59:37] Analysis completed in 1.28s - Category: win
[2025-12-04 13:59:37] Successfully processed graph 65 - Category: win - Time: 1.28s
[2025-12-04 13:59:37] 
Processing graph 66/200
[2025-12-04 13:59:37] Graph 66 has 64 nodes and 65 edges
[2025-12-04 13:59:37] Converted to 65 bitstring edges
[2025-12-04 13:59:37] Computing Matchings Dynamic walk
[2025-12-04 13:59:37] Matchings - CX: 197.0, U3: 195.0, Depth: 285.0
[2025-12-04 13:59:37] Computing Pauli decomposition
[2025-12-04 13:59:39] Pauli - CX: 449.0, U3: 504.0, Depth: 703.0
[2025-12-04 13:59:39] Analysis completed in 1.28s - Category: win
[2025-12-04 13:59:39] Successfully processed graph 66 - Category: win - Time: 1.28s
[2025-12-04 13:59:39] 
Processing graph 67/200
[2025-12-04 13:59:39] Graph 67 has 64 nodes and 65 edges
[2025-12-04 13:59:39] Converted to 65 bitstring edges
[2025-12-04 13:59:39] Computing Matchings Dynamic walk
[2025-12-04 13:59:39] Matchings - CX: 197.0, U3: 197.0, Depth: 284.0
[2025-12-04 13:59:39] Computing Pauli decomposition
[2025-12-04 13:59:40] Pauli - CX: 477.0, U3: 523.0, Depth: 737.0
[2025-12-04 13:59:40] Analysis completed in 1.29s - Category: win
[2025-12-04 13:59:40] Successfully processed graph 67 - Category: win - Time: 1.29s
[2025-12-04 13:59:40] 
Processing graph 68/200
[2025-12-04 13:59:40] Graph 68 has 64 nodes and 65 edges
[2025-12-04 13:59:40] Converted to 65 bitstring edges
[2025-12-04 13:59:40] Computing Matchings Dynamic walk
[2025-12-04 13:59:40] Matchings - CX: 199.0, U3: 195.0, Depth: 286.0
[2025-12-04 13:59:40] Computing Pauli decomposition
[2025-12-04 13:59:41] Pauli - CX: 509.0, U3: 569.0, Depth: 793.0
[2025-12-04 13:59:41] Analysis completed in 1.26s - Category: win
[2025-12-04 13:59:41] Successfully processed graph 68 - Category: win - Time: 1.26s
[2025-12-04 13:59:41] 
Processing graph 69/200
[2025-12-04 13:59:41] Graph 69 has 64 nodes and 65 edges
[2025-12-04 13:59:41] Converted to 65 bitstring edges
[2025-12-04 13:59:41] Computing Matchings Dynamic walk
[2025-12-04 13:59:41] Matchings - CX: 199.0, U3: 198.0, Depth: 290.0
[2025-12-04 13:59:41] Computing Pauli decomposition
[2025-12-04 13:59:43] Pauli - CX: 579.0, U3: 639.0, Depth: 881.0
[2025-12-04 13:59:43] Analysis completed in 1.30s - Category: win
[2025-12-04 13:59:43] Successfully processed graph 69 - Category: win - Time: 1.30s
[2025-12-04 13:59:43] 
Processing graph 70/200
[2025-12-04 13:59:43] Graph 70 has 64 nodes and 65 edges
[2025-12-04 13:59:43] Converted to 65 bitstring edges
[2025-12-04 13:59:43] Computing Matchings Dynamic walk
[2025-12-04 13:59:43] Matchings - CX: 321.0, U3: 318.0, Depth: 451.0
[2025-12-04 13:59:43] Computing Pauli decomposition
[2025-12-04 13:59:44] Pauli - CX: 524.0, U3: 594.0, Depth: 809.0
[2025-12-04 13:59:44] Analysis completed in 1.36s - Category: win
[2025-12-04 13:59:44] Successfully processed graph 70 - Category: win - Time: 1.36s
[2025-12-04 13:59:44] 
Processing graph 71/200
[2025-12-04 13:59:44] Graph 71 has 64 nodes and 65 edges
[2025-12-04 13:59:44] Converted to 65 bitstring edges
[2025-12-04 13:59:44] Computing Matchings Dynamic walk
[2025-12-04 13:59:44] Matchings - CX: 201.0, U3: 198.0, Depth: 290.0
[2025-12-04 13:59:44] Computing Pauli decomposition
[2025-12-04 13:59:45] Pauli - CX: 418.0, U3: 578.0, Depth: 687.0
[2025-12-04 13:59:45] Analysis completed in 1.37s - Category: win
[2025-12-04 13:59:45] Successfully processed graph 71 - Category: win - Time: 1.37s
[2025-12-04 13:59:45] 
Processing graph 72/200
[2025-12-04 13:59:45] Graph 72 has 64 nodes and 65 edges
[2025-12-04 13:59:45] Converted to 65 bitstring edges
[2025-12-04 13:59:45] Computing Matchings Dynamic walk
[2025-12-04 13:59:45] Matchings - CX: 460.0, U3: 468.0, Depth: 667.0
[2025-12-04 13:59:45] Computing Pauli decomposition
[2025-12-04 13:59:47] Pauli - CX: 533.0, U3: 615.0, Depth: 831.0
[2025-12-04 13:59:47] Analysis completed in 1.32s - Category: win
[2025-12-04 13:59:47] Successfully processed graph 72 - Category: win - Time: 1.32s
[2025-12-04 13:59:47] 
Processing graph 73/200
[2025-12-04 13:59:47] Graph 73 has 64 nodes and 65 edges
[2025-12-04 13:59:47] Converted to 65 bitstring edges
[2025-12-04 13:59:47] Computing Matchings Dynamic walk
[2025-12-04 13:59:47] Matchings - CX: 518.0, U3: 522.0, Depth: 739.0
[2025-12-04 13:59:47] Computing Pauli decomposition
[2025-12-04 13:59:48] Pauli - CX: 488.0, U3: 510.0, Depth: 749.0
[2025-12-04 13:59:48] Analysis completed in 1.31s - Category: lose
[2025-12-04 13:59:48] Successfully processed graph 73 - Category: lose - Time: 1.31s
[2025-12-04 13:59:48] 
Processing graph 74/200
[2025-12-04 13:59:48] Graph 74 has 64 nodes and 65 edges
[2025-12-04 13:59:48] Converted to 65 bitstring edges
[2025-12-04 13:59:48] Computing Matchings Dynamic walk
[2025-12-04 13:59:48] Matchings - CX: 209.0, U3: 198.0, Depth: 294.0
[2025-12-04 13:59:48] Computing Pauli decomposition
[2025-12-04 13:59:49] Pauli - CX: 254.0, U3: 352.0, Depth: 421.0
[2025-12-04 13:59:49] Analysis completed in 1.27s - Category: win
[2025-12-04 13:59:49] Successfully processed graph 74 - Category: win - Time: 1.27s
[2025-12-04 13:59:49] 
Processing graph 75/200
[2025-12-04 13:59:49] Graph 75 has 64 nodes and 65 edges
[2025-12-04 13:59:49] Converted to 65 bitstring edges
[2025-12-04 13:59:49] Computing Matchings Dynamic walk
[2025-12-04 13:59:49] Matchings - CX: 197.0, U3: 196.0, Depth: 284.0
[2025-12-04 13:59:49] Computing Pauli decomposition
[2025-12-04 13:59:51] Pauli - CX: 497.0, U3: 546.0, Depth: 769.0
[2025-12-04 13:59:51] Analysis completed in 1.33s - Category: win
[2025-12-04 13:59:51] Successfully processed graph 75 - Category: win - Time: 1.33s
[2025-12-04 13:59:51] 
Processing graph 76/200
[2025-12-04 13:59:51] Graph 76 has 64 nodes and 65 edges
[2025-12-04 13:59:51] Converted to 65 bitstring edges
[2025-12-04 13:59:51] Computing Matchings Dynamic walk
[2025-12-04 13:59:51] Matchings - CX: 195.0, U3: 199.0, Depth: 283.0
[2025-12-04 13:59:51] Computing Pauli decomposition
[2025-12-04 13:59:52] Pauli - CX: 421.0, U3: 574.0, Depth: 699.0
[2025-12-04 13:59:52] Analysis completed in 1.30s - Category: win
[2025-12-04 13:59:52] Successfully processed graph 76 - Category: win - Time: 1.30s
[2025-12-04 13:59:52] 
Processing graph 77/200
[2025-12-04 13:59:52] Graph 77 has 64 nodes and 65 edges
[2025-12-04 13:59:52] Converted to 65 bitstring edges
[2025-12-04 13:59:52] Computing Matchings Dynamic walk
[2025-12-04 13:59:52] Matchings - CX: 423.0, U3: 434.0, Depth: 600.0
[2025-12-04 13:59:52] Computing Pauli decomposition
[2025-12-04 13:59:53] Pauli - CX: 483.0, U3: 494.0, Depth: 732.0
[2025-12-04 13:59:53] Analysis completed in 1.31s - Category: win
[2025-12-04 13:59:53] Successfully processed graph 77 - Category: win - Time: 1.31s
[2025-12-04 13:59:53] 
Processing graph 78/200
[2025-12-04 13:59:53] Graph 78 has 64 nodes and 65 edges
[2025-12-04 13:59:53] Converted to 65 bitstring edges
[2025-12-04 13:59:53] Computing Matchings Dynamic walk
[2025-12-04 13:59:53] Matchings - CX: 207.0, U3: 197.0, Depth: 293.0
[2025-12-04 13:59:53] Computing Pauli decomposition
[2025-12-04 13:59:54] Pauli - CX: 318.0, U3: 388.0, Depth: 501.0
[2025-12-04 13:59:54] Analysis completed in 1.25s - Category: win
[2025-12-04 13:59:54] Successfully processed graph 78 - Category: win - Time: 1.25s
[2025-12-04 13:59:54] 
Processing graph 79/200
[2025-12-04 13:59:54] Graph 79 has 64 nodes and 65 edges
[2025-12-04 13:59:54] Converted to 65 bitstring edges
[2025-12-04 13:59:54] Computing Matchings Dynamic walk
[2025-12-04 13:59:54] Matchings - CX: 197.0, U3: 194.0, Depth: 285.0
[2025-12-04 13:59:54] Computing Pauli decomposition
[2025-12-04 13:59:56] Pauli - CX: 443.0, U3: 545.0, Depth: 707.0
[2025-12-04 13:59:56] Analysis completed in 1.37s - Category: win
[2025-12-04 13:59:56] Successfully processed graph 79 - Category: win - Time: 1.37s
[2025-12-04 13:59:56] 
Processing graph 80/200
[2025-12-04 13:59:56] Graph 80 has 64 nodes and 65 edges
[2025-12-04 13:59:56] Converted to 65 bitstring edges
[2025-12-04 13:59:56] Computing Matchings Dynamic walk
[2025-12-04 13:59:56] Matchings - CX: 201.0, U3: 198.0, Depth: 290.0
[2025-12-04 13:59:56] Computing Pauli decomposition
[2025-12-04 13:59:57] Pauli - CX: 565.0, U3: 576.0, Depth: 847.0
[2025-12-04 13:59:57] Analysis completed in 1.31s - Category: win
[2025-12-04 13:59:57] Successfully processed graph 80 - Category: win - Time: 1.31s
[2025-12-04 13:59:57] 
Processing graph 81/200
[2025-12-04 13:59:57] Graph 81 has 64 nodes and 65 edges
[2025-12-04 13:59:57] Converted to 65 bitstring edges
[2025-12-04 13:59:57] Computing Matchings Dynamic walk
[2025-12-04 13:59:57] Matchings - CX: 195.0, U3: 192.0, Depth: 284.0
[2025-12-04 13:59:57] Computing Pauli decomposition
[2025-12-04 13:59:58] Pauli - CX: 413.0, U3: 544.0, Depth: 688.0
[2025-12-04 13:59:58] Analysis completed in 1.30s - Category: win
[2025-12-04 13:59:58] Successfully processed graph 81 - Category: win - Time: 1.30s
[2025-12-04 13:59:58] 
Processing graph 82/200
[2025-12-04 13:59:58] Graph 82 has 64 nodes and 65 edges
[2025-12-04 13:59:58] Converted to 65 bitstring edges
[2025-12-04 13:59:58] Computing Matchings Dynamic walk
[2025-12-04 13:59:58] Matchings - CX: 286.0, U3: 298.0, Depth: 416.0
[2025-12-04 13:59:58] Computing Pauli decomposition
[2025-12-04 14:00:00] Pauli - CX: 524.0, U3: 550.0, Depth: 799.0
[2025-12-04 14:00:00] Analysis completed in 1.30s - Category: win
[2025-12-04 14:00:00] Successfully processed graph 82 - Category: win - Time: 1.30s
[2025-12-04 14:00:00] 
Processing graph 83/200
[2025-12-04 14:00:00] Graph 83 has 64 nodes and 65 edges
[2025-12-04 14:00:00] Converted to 65 bitstring edges
[2025-12-04 14:00:00] Computing Matchings Dynamic walk
[2025-12-04 14:00:00] Matchings - CX: 336.0, U3: 341.0, Depth: 491.0
[2025-12-04 14:00:00] Computing Pauli decomposition
[2025-12-04 14:00:01] Pauli - CX: 398.0, U3: 509.0, Depth: 641.0
[2025-12-04 14:00:01] Analysis completed in 1.41s - Category: win
[2025-12-04 14:00:01] Successfully processed graph 83 - Category: win - Time: 1.41s
[2025-12-04 14:00:01] 
Processing graph 84/200
[2025-12-04 14:00:01] Graph 84 has 64 nodes and 65 edges
[2025-12-04 14:00:01] Converted to 65 bitstring edges
[2025-12-04 14:00:01] Computing Matchings Dynamic walk
[2025-12-04 14:00:01] Matchings - CX: 199.0, U3: 199.0, Depth: 289.0
[2025-12-04 14:00:01] Computing Pauli decomposition
[2025-12-04 14:00:02] Pauli - CX: 443.0, U3: 545.0, Depth: 707.0
[2025-12-04 14:00:02] Analysis completed in 1.31s - Category: win
[2025-12-04 14:00:02] Successfully processed graph 84 - Category: win - Time: 1.31s
[2025-12-04 14:00:02] 
Processing graph 85/200
[2025-12-04 14:00:02] Graph 85 has 64 nodes and 65 edges
[2025-12-04 14:00:02] Converted to 65 bitstring edges
[2025-12-04 14:00:02] Computing Matchings Dynamic walk
[2025-12-04 14:00:02] Matchings - CX: 193.0, U3: 199.0, Depth: 283.0
[2025-12-04 14:00:02] Computing Pauli decomposition
[2025-12-04 14:00:04] Pauli - CX: 471.0, U3: 608.0, Depth: 761.0
[2025-12-04 14:00:04] Analysis completed in 1.30s - Category: win
[2025-12-04 14:00:04] Successfully processed graph 85 - Category: win - Time: 1.30s
[2025-12-04 14:00:04] 
Processing graph 86/200
[2025-12-04 14:00:04] Graph 86 has 64 nodes and 65 edges
[2025-12-04 14:00:04] Converted to 65 bitstring edges
[2025-12-04 14:00:04] Computing Matchings Dynamic walk
[2025-12-04 14:00:04] Matchings - CX: 425.0, U3: 433.0, Depth: 616.0
[2025-12-04 14:00:04] Computing Pauli decomposition
[2025-12-04 14:00:05] Pauli - CX: 507.0, U3: 509.0, Depth: 763.0
[2025-12-04 14:00:05] Analysis completed in 1.28s - Category: win
[2025-12-04 14:00:05] Successfully processed graph 86 - Category: win - Time: 1.28s
[2025-12-04 14:00:05] 
Processing graph 87/200
[2025-12-04 14:00:05] Graph 87 has 64 nodes and 65 edges
[2025-12-04 14:00:05] Converted to 65 bitstring edges
[2025-12-04 14:00:05] Computing Matchings Dynamic walk
[2025-12-04 14:00:05] Matchings - CX: 193.0, U3: 194.0, Depth: 283.0
[2025-12-04 14:00:05] Computing Pauli decomposition
[2025-12-04 14:00:06] Pauli - CX: 398.0, U3: 506.0, Depth: 640.0
[2025-12-04 14:00:06] Analysis completed in 1.32s - Category: win
[2025-12-04 14:00:06] Successfully processed graph 87 - Category: win - Time: 1.32s
[2025-12-04 14:00:06] 
Processing graph 88/200
[2025-12-04 14:00:06] Graph 88 has 64 nodes and 65 edges
[2025-12-04 14:00:06] Converted to 65 bitstring edges
[2025-12-04 14:00:06] Computing Matchings Dynamic walk
[2025-12-04 14:00:06] Matchings - CX: 427.0, U3: 438.0, Depth: 615.0
[2025-12-04 14:00:06] Computing Pauli decomposition
[2025-12-04 14:00:08] Pauli - CX: 479.0, U3: 530.0, Depth: 739.0
[2025-12-04 14:00:08] Analysis completed in 1.29s - Category: win
[2025-12-04 14:00:08] Successfully processed graph 88 - Category: win - Time: 1.29s
[2025-12-04 14:00:08] 
Processing graph 89/200
[2025-12-04 14:00:08] Graph 89 has 64 nodes and 65 edges
[2025-12-04 14:00:08] Converted to 65 bitstring edges
[2025-12-04 14:00:08] Computing Matchings Dynamic walk
[2025-12-04 14:00:08] Matchings - CX: 195.0, U3: 195.0, Depth: 282.0
[2025-12-04 14:00:08] Computing Pauli decomposition
[2025-12-04 14:00:09] Pauli - CX: 554.0, U3: 583.0, Depth: 839.0
[2025-12-04 14:00:09] Analysis completed in 1.34s - Category: win
[2025-12-04 14:00:09] Successfully processed graph 89 - Category: win - Time: 1.34s
[2025-12-04 14:00:09] 
Processing graph 90/200
[2025-12-04 14:00:09] Graph 90 has 64 nodes and 65 edges
[2025-12-04 14:00:09] Converted to 65 bitstring edges
[2025-12-04 14:00:09] Computing Matchings Dynamic walk
[2025-12-04 14:00:09] Matchings - CX: 414.0, U3: 425.0, Depth: 563.0
[2025-12-04 14:00:09] Computing Pauli decomposition
[2025-12-04 14:00:10] Pauli - CX: 512.0, U3: 562.0, Depth: 783.0
[2025-12-04 14:00:10] Analysis completed in 1.31s - Category: win
[2025-12-04 14:00:10] Successfully processed graph 90 - Category: win - Time: 1.31s
[2025-12-04 14:00:10] 
Processing graph 91/200
[2025-12-04 14:00:10] Graph 91 has 64 nodes and 65 edges
[2025-12-04 14:00:10] Converted to 65 bitstring edges
[2025-12-04 14:00:10] Computing Matchings Dynamic walk
[2025-12-04 14:00:10] Matchings - CX: 203.0, U3: 198.0, Depth: 293.0
[2025-12-04 14:00:10] Computing Pauli decomposition
[2025-12-04 14:00:12] Pauli - CX: 570.0, U3: 597.0, Depth: 862.0
[2025-12-04 14:00:12] Analysis completed in 1.34s - Category: win
[2025-12-04 14:00:12] Successfully processed graph 91 - Category: win - Time: 1.34s
[2025-12-04 14:00:12] 
Processing graph 92/200
[2025-12-04 14:00:12] Graph 92 has 64 nodes and 65 edges
[2025-12-04 14:00:12] Converted to 65 bitstring edges
[2025-12-04 14:00:12] Computing Matchings Dynamic walk
[2025-12-04 14:00:12] Matchings - CX: 608.0, U3: 612.0, Depth: 872.0
[2025-12-04 14:00:12] Computing Pauli decomposition
[2025-12-04 14:00:13] Pauli - CX: 309.0, U3: 366.0, Depth: 487.0
[2025-12-04 14:00:13] Analysis completed in 1.34s - Category: lose
[2025-12-04 14:00:13] Successfully processed graph 92 - Category: lose - Time: 1.34s
[2025-12-04 14:00:13] 
Processing graph 93/200
[2025-12-04 14:00:13] Graph 93 has 64 nodes and 65 edges
[2025-12-04 14:00:13] Converted to 65 bitstring edges
[2025-12-04 14:00:13] Computing Matchings Dynamic walk
[2025-12-04 14:00:13] Matchings - CX: 195.0, U3: 198.0, Depth: 283.0
[2025-12-04 14:00:13] Computing Pauli decomposition
[2025-12-04 14:00:14] Pauli - CX: 456.0, U3: 497.0, Depth: 711.0
[2025-12-04 14:00:14] Analysis completed in 1.30s - Category: win
[2025-12-04 14:00:14] Successfully processed graph 93 - Category: win - Time: 1.30s
[2025-12-04 14:00:14] 
Processing graph 94/200
[2025-12-04 14:00:14] Graph 94 has 64 nodes and 65 edges
[2025-12-04 14:00:14] Converted to 65 bitstring edges
[2025-12-04 14:00:14] Computing Matchings Dynamic walk
[2025-12-04 14:00:14] Matchings - CX: 197.0, U3: 196.0, Depth: 284.0
[2025-12-04 14:00:14] Computing Pauli decomposition
[2025-12-04 14:00:16] Pauli - CX: 475.0, U3: 498.0, Depth: 728.0
[2025-12-04 14:00:16] Analysis completed in 1.35s - Category: win
[2025-12-04 14:00:16] Successfully processed graph 94 - Category: win - Time: 1.35s
[2025-12-04 14:00:16] 
Processing graph 95/200
[2025-12-04 14:00:16] Graph 95 has 64 nodes and 65 edges
[2025-12-04 14:00:16] Converted to 65 bitstring edges
[2025-12-04 14:00:16] Computing Matchings Dynamic walk
[2025-12-04 14:00:16] Matchings - CX: 199.0, U3: 196.0, Depth: 289.0
[2025-12-04 14:00:16] Computing Pauli decomposition
[2025-12-04 14:00:17] Pauli - CX: 527.0, U3: 570.0, Depth: 808.0
[2025-12-04 14:00:17] Analysis completed in 1.29s - Category: win
[2025-12-04 14:00:17] Successfully processed graph 95 - Category: win - Time: 1.29s
[2025-12-04 14:00:17] 
Processing graph 96/200
[2025-12-04 14:00:17] Graph 96 has 64 nodes and 65 edges
[2025-12-04 14:00:17] Converted to 65 bitstring edges
[2025-12-04 14:00:17] Computing Matchings Dynamic walk
[2025-12-04 14:00:17] Matchings - CX: 388.0, U3: 393.0, Depth: 539.0
[2025-12-04 14:00:17] Computing Pauli decomposition
[2025-12-04 14:00:18] Pauli - CX: 492.0, U3: 556.0, Depth: 768.0
[2025-12-04 14:00:18] Analysis completed in 1.09s - Category: win
[2025-12-04 14:00:18] Successfully processed graph 96 - Category: win - Time: 1.09s
[2025-12-04 14:00:18] 
Processing graph 97/200
[2025-12-04 14:00:18] Graph 97 has 64 nodes and 65 edges
[2025-12-04 14:00:18] Converted to 65 bitstring edges
[2025-12-04 14:00:18] Computing Matchings Dynamic walk
[2025-12-04 14:00:18] Matchings - CX: 191.0, U3: 192.0, Depth: 280.0
[2025-12-04 14:00:18] Computing Pauli decomposition
[2025-12-04 14:00:19] Pauli - CX: 480.0, U3: 547.0, Depth: 746.0
[2025-12-04 14:00:19] Analysis completed in 1.12s - Category: win
[2025-12-04 14:00:19] Successfully processed graph 97 - Category: win - Time: 1.12s
[2025-12-04 14:00:19] 
Processing graph 98/200
[2025-12-04 14:00:19] Graph 98 has 64 nodes and 65 edges
[2025-12-04 14:00:19] Converted to 65 bitstring edges
[2025-12-04 14:00:19] Computing Matchings Dynamic walk
[2025-12-04 14:00:19] Matchings - CX: 193.0, U3: 195.0, Depth: 282.0
[2025-12-04 14:00:19] Computing Pauli decomposition
[2025-12-04 14:00:20] Pauli - CX: 486.0, U3: 498.0, Depth: 740.0
[2025-12-04 14:00:20] Analysis completed in 1.06s - Category: win
[2025-12-04 14:00:20] Successfully processed graph 98 - Category: win - Time: 1.06s
[2025-12-04 14:00:20] 
Processing graph 99/200
[2025-12-04 14:00:20] Graph 99 has 64 nodes and 65 edges
[2025-12-04 14:00:20] Converted to 65 bitstring edges
[2025-12-04 14:00:20] Computing Matchings Dynamic walk
[2025-12-04 14:00:20] Matchings - CX: 195.0, U3: 199.0, Depth: 287.0
[2025-12-04 14:00:20] Computing Pauli decomposition
[2025-12-04 14:00:21] Pauli - CX: 504.0, U3: 563.0, Depth: 783.0
[2025-12-04 14:00:21] Analysis completed in 1.19s - Category: win
[2025-12-04 14:00:21] Successfully processed graph 99 - Category: win - Time: 1.19s
[2025-12-04 14:00:21] 
Processing graph 100/200
[2025-12-04 14:00:21] Graph 100 has 64 nodes and 65 edges
[2025-12-04 14:00:21] Converted to 65 bitstring edges
[2025-12-04 14:00:21] Computing Matchings Dynamic walk
[2025-12-04 14:00:21] Matchings - CX: 423.0, U3: 438.0, Depth: 614.0
[2025-12-04 14:00:21] Computing Pauli decomposition
[2025-12-04 14:00:22] Pauli - CX: 480.0, U3: 539.0, Depth: 743.0
[2025-12-04 14:00:22] Analysis completed in 1.01s - Category: win
[2025-12-04 14:00:22] Successfully processed graph 100 - Category: win - Time: 1.01s
[2025-12-04 14:00:22] 
Processing graph 101/200
[2025-12-04 14:00:22] Graph 101 has 64 nodes and 65 edges
[2025-12-04 14:00:22] Converted to 65 bitstring edges
[2025-12-04 14:00:22] Computing Matchings Dynamic walk
[2025-12-04 14:00:22] Matchings - CX: 203.0, U3: 196.0, Depth: 294.0
[2025-12-04 14:00:22] Computing Pauli decomposition
[2025-12-04 14:00:24] Pauli - CX: 357.0, U3: 421.0, Depth: 556.0
[2025-12-04 14:00:24] Analysis completed in 1.10s - Category: win
[2025-12-04 14:00:24] Successfully processed graph 101 - Category: win - Time: 1.10s
[2025-12-04 14:00:24] 
Processing graph 102/200
[2025-12-04 14:00:24] Graph 102 has 64 nodes and 65 edges
[2025-12-04 14:00:24] Converted to 65 bitstring edges
[2025-12-04 14:00:24] Computing Matchings Dynamic walk
[2025-12-04 14:00:24] Matchings - CX: 191.0, U3: 193.0, Depth: 280.0
[2025-12-04 14:00:24] Computing Pauli decomposition
[2025-12-04 14:00:25] Pauli - CX: 401.0, U3: 514.0, Depth: 660.0
[2025-12-04 14:00:25] Analysis completed in 1.00s - Category: win
[2025-12-04 14:00:25] Successfully processed graph 102 - Category: win - Time: 1.00s
[2025-12-04 14:00:25] 
Processing graph 103/200
[2025-12-04 14:00:25] Graph 103 has 64 nodes and 65 edges
[2025-12-04 14:00:25] Converted to 65 bitstring edges
[2025-12-04 14:00:25] Computing Matchings Dynamic walk
[2025-12-04 14:00:25] Matchings - CX: 331.0, U3: 336.0, Depth: 474.0
[2025-12-04 14:00:25] Computing Pauli decomposition
[2025-12-04 14:00:26] Pauli - CX: 448.0, U3: 520.0, Depth: 714.0
[2025-12-04 14:00:26] Analysis completed in 1.06s - Category: win
[2025-12-04 14:00:26] Successfully processed graph 103 - Category: win - Time: 1.06s
[2025-12-04 14:00:26] 
Processing graph 104/200
[2025-12-04 14:00:26] Graph 104 has 64 nodes and 65 edges
[2025-12-04 14:00:26] Converted to 65 bitstring edges
[2025-12-04 14:00:26] Computing Matchings Dynamic walk
[2025-12-04 14:00:26] Matchings - CX: 191.0, U3: 194.0, Depth: 280.0
[2025-12-04 14:00:26] Computing Pauli decomposition
[2025-12-04 14:00:27] Pauli - CX: 401.0, U3: 514.0, Depth: 660.0
[2025-12-04 14:00:27] Analysis completed in 1.08s - Category: win
[2025-12-04 14:00:27] Successfully processed graph 104 - Category: win - Time: 1.08s
[2025-12-04 14:00:27] 
Processing graph 105/200
[2025-12-04 14:00:27] Graph 105 has 64 nodes and 65 edges
[2025-12-04 14:00:27] Converted to 65 bitstring edges
[2025-12-04 14:00:27] Computing Matchings Dynamic walk
[2025-12-04 14:00:27] Matchings - CX: 199.0, U3: 196.0, Depth: 286.0
[2025-12-04 14:00:27] Computing Pauli decomposition
[2025-12-04 14:00:28] Pauli - CX: 590.0, U3: 662.0, Depth: 910.0
[2025-12-04 14:00:28] Analysis completed in 1.11s - Category: win
[2025-12-04 14:00:28] Successfully processed graph 105 - Category: win - Time: 1.11s
[2025-12-04 14:00:28] 
Processing graph 106/200
[2025-12-04 14:00:28] Graph 106 has 64 nodes and 65 edges
[2025-12-04 14:00:28] Converted to 65 bitstring edges
[2025-12-04 14:00:28] Computing Matchings Dynamic walk
[2025-12-04 14:00:28] Matchings - CX: 199.0, U3: 195.0, Depth: 288.0
[2025-12-04 14:00:28] Computing Pauli decomposition
[2025-12-04 14:00:29] Pauli - CX: 517.0, U3: 523.0, Depth: 779.0
[2025-12-04 14:00:29] Analysis completed in 1.02s - Category: win
[2025-12-04 14:00:29] Successfully processed graph 106 - Category: win - Time: 1.02s
[2025-12-04 14:00:29] 
Processing graph 107/200
[2025-12-04 14:00:29] Graph 107 has 64 nodes and 65 edges
[2025-12-04 14:00:29] Converted to 65 bitstring edges
[2025-12-04 14:00:29] Computing Matchings Dynamic walk
[2025-12-04 14:00:29] Matchings - CX: 458.0, U3: 465.0, Depth: 654.0
[2025-12-04 14:00:29] Computing Pauli decomposition
[2025-12-04 14:00:30] Pauli - CX: 470.0, U3: 454.0, Depth: 711.0
[2025-12-04 14:00:30] Analysis completed in 1.15s - Category: win
[2025-12-04 14:00:30] Successfully processed graph 107 - Category: win - Time: 1.15s
[2025-12-04 14:00:30] 
Processing graph 108/200
[2025-12-04 14:00:30] Graph 108 has 64 nodes and 65 edges
[2025-12-04 14:00:30] Converted to 65 bitstring edges
[2025-12-04 14:00:30] Computing Matchings Dynamic walk
[2025-12-04 14:00:30] Matchings - CX: 193.0, U3: 194.0, Depth: 272.0
[2025-12-04 14:00:30] Computing Pauli decomposition
[2025-12-04 14:00:31] Pauli - CX: 529.0, U3: 577.0, Depth: 811.0
[2025-12-04 14:00:31] Analysis completed in 1.14s - Category: win
[2025-12-04 14:00:31] Successfully processed graph 108 - Category: win - Time: 1.14s
[2025-12-04 14:00:31] 
Processing graph 109/200
[2025-12-04 14:00:31] Graph 109 has 64 nodes and 65 edges
[2025-12-04 14:00:31] Converted to 65 bitstring edges
[2025-12-04 14:00:31] Computing Matchings Dynamic walk
[2025-12-04 14:00:31] Matchings - CX: 197.0, U3: 195.0, Depth: 285.0
[2025-12-04 14:00:31] Computing Pauli decomposition
[2025-12-04 14:00:32] Pauli - CX: 518.0, U3: 554.0, Depth: 787.0
[2025-12-04 14:00:32] Analysis completed in 1.12s - Category: win
[2025-12-04 14:00:32] Successfully processed graph 109 - Category: win - Time: 1.12s
[2025-12-04 14:00:32] 
Processing graph 110/200
[2025-12-04 14:00:32] Graph 110 has 64 nodes and 65 edges
[2025-12-04 14:00:32] Converted to 65 bitstring edges
[2025-12-04 14:00:32] Computing Matchings Dynamic walk
[2025-12-04 14:00:32] Matchings - CX: 193.0, U3: 196.0, Depth: 279.0
[2025-12-04 14:00:32] Computing Pauli decomposition
[2025-12-04 14:00:33] Pauli - CX: 454.0, U3: 483.0, Depth: 703.0
[2025-12-04 14:00:33] Analysis completed in 1.03s - Category: win
[2025-12-04 14:00:33] Successfully processed graph 110 - Category: win - Time: 1.03s
[2025-12-04 14:00:33] 
Processing graph 111/200
[2025-12-04 14:00:33] Graph 111 has 64 nodes and 65 edges
[2025-12-04 14:00:33] Converted to 65 bitstring edges
[2025-12-04 14:00:33] Computing Matchings Dynamic walk
[2025-12-04 14:00:33] Matchings - CX: 199.0, U3: 197.0, Depth: 289.0
[2025-12-04 14:00:33] Computing Pauli decomposition
[2025-12-04 14:00:34] Pauli - CX: 510.0, U3: 559.0, Depth: 787.0
[2025-12-04 14:00:34] Analysis completed in 1.04s - Category: win
[2025-12-04 14:00:34] Successfully processed graph 111 - Category: win - Time: 1.04s
[2025-12-04 14:00:34] 
Processing graph 112/200
[2025-12-04 14:00:34] Graph 112 has 64 nodes and 65 edges
[2025-12-04 14:00:34] Converted to 65 bitstring edges
[2025-12-04 14:00:34] Computing Matchings Dynamic walk
[2025-12-04 14:00:34] Matchings - CX: 195.0, U3: 194.0, Depth: 283.0
[2025-12-04 14:00:34] Computing Pauli decomposition
[2025-12-04 14:00:35] Pauli - CX: 493.0, U3: 512.0, Depth: 753.0
[2025-12-04 14:00:35] Analysis completed in 1.04s - Category: win
[2025-12-04 14:00:35] Successfully processed graph 112 - Category: win - Time: 1.04s
[2025-12-04 14:00:35] 
Processing graph 113/200
[2025-12-04 14:00:35] Graph 113 has 64 nodes and 65 edges
[2025-12-04 14:00:35] Converted to 65 bitstring edges
[2025-12-04 14:00:35] Computing Matchings Dynamic walk
[2025-12-04 14:00:35] Matchings - CX: 201.0, U3: 198.0, Depth: 289.0
[2025-12-04 14:00:35] Computing Pauli decomposition
[2025-12-04 14:00:36] Pauli - CX: 405.0, U3: 556.0, Depth: 659.0
[2025-12-04 14:00:36] Analysis completed in 1.04s - Category: win
[2025-12-04 14:00:36] Successfully processed graph 113 - Category: win - Time: 1.04s
[2025-12-04 14:00:36] 
Processing graph 114/200
[2025-12-04 14:00:36] Graph 114 has 64 nodes and 65 edges
[2025-12-04 14:00:36] Converted to 65 bitstring edges
[2025-12-04 14:00:36] Computing Matchings Dynamic walk
[2025-12-04 14:00:36] Matchings - CX: 205.0, U3: 202.0, Depth: 294.0
[2025-12-04 14:00:36] Computing Pauli decomposition
[2025-12-04 14:00:37] Pauli - CX: 387.0, U3: 537.0, Depth: 641.0
[2025-12-04 14:00:37] Analysis completed in 0.99s - Category: win
[2025-12-04 14:00:37] Successfully processed graph 114 - Category: win - Time: 0.99s
[2025-12-04 14:00:37] 
Processing graph 115/200
[2025-12-04 14:00:37] Graph 115 has 64 nodes and 65 edges
[2025-12-04 14:00:37] Converted to 65 bitstring edges
[2025-12-04 14:00:37] Computing Matchings Dynamic walk
[2025-12-04 14:00:37] Matchings - CX: 429.0, U3: 435.0, Depth: 608.0
[2025-12-04 14:00:37] Computing Pauli decomposition
[2025-12-04 14:00:38] Pauli - CX: 451.0, U3: 512.0, Depth: 713.0
[2025-12-04 14:00:38] Analysis completed in 1.06s - Category: win
[2025-12-04 14:00:38] Successfully processed graph 115 - Category: win - Time: 1.06s
[2025-12-04 14:00:38] 
Processing graph 116/200
[2025-12-04 14:00:38] Graph 116 has 64 nodes and 65 edges
[2025-12-04 14:00:38] Converted to 65 bitstring edges
[2025-12-04 14:00:38] Computing Matchings Dynamic walk
[2025-12-04 14:00:38] Matchings - CX: 193.0, U3: 195.0, Depth: 283.0
[2025-12-04 14:00:38] Computing Pauli decomposition
[2025-12-04 14:00:39] Pauli - CX: 439.0, U3: 593.0, Depth: 721.0
[2025-12-04 14:00:39] Analysis completed in 1.06s - Category: win
[2025-12-04 14:00:39] Successfully processed graph 116 - Category: win - Time: 1.06s
[2025-12-04 14:00:39] 
Processing graph 117/200
[2025-12-04 14:00:39] Graph 117 has 64 nodes and 65 edges
[2025-12-04 14:00:39] Converted to 65 bitstring edges
[2025-12-04 14:00:39] Computing Matchings Dynamic walk
[2025-12-04 14:00:40] Matchings - CX: 419.0, U3: 429.0, Depth: 595.0
[2025-12-04 14:00:40] Computing Pauli decomposition
[2025-12-04 14:00:41] Pauli - CX: 451.0, U3: 512.0, Depth: 713.0
[2025-12-04 14:00:41] Analysis completed in 1.08s - Category: win
[2025-12-04 14:00:41] Successfully processed graph 117 - Category: win - Time: 1.08s
[2025-12-04 14:00:41] 
Processing graph 118/200
[2025-12-04 14:00:41] Graph 118 has 64 nodes and 65 edges
[2025-12-04 14:00:41] Converted to 65 bitstring edges
[2025-12-04 14:00:41] Computing Matchings Dynamic walk
[2025-12-04 14:00:41] Matchings - CX: 451.0, U3: 454.0, Depth: 629.0
[2025-12-04 14:00:41] Computing Pauli decomposition
[2025-12-04 14:00:42] Pauli - CX: 425.0, U3: 534.0, Depth: 691.0
[2025-12-04 14:00:42] Analysis completed in 1.11s - Category: lose
[2025-12-04 14:00:42] Successfully processed graph 118 - Category: lose - Time: 1.11s
[2025-12-04 14:00:42] 
Processing graph 119/200
[2025-12-04 14:00:42] Graph 119 has 64 nodes and 65 edges
[2025-12-04 14:00:42] Converted to 65 bitstring edges
[2025-12-04 14:00:42] Computing Matchings Dynamic walk
[2025-12-04 14:00:42] Matchings - CX: 332.0, U3: 335.0, Depth: 473.0
[2025-12-04 14:00:42] Computing Pauli decomposition
[2025-12-04 14:00:43] Pauli - CX: 416.0, U3: 586.0, Depth: 697.0
[2025-12-04 14:00:43] Analysis completed in 1.07s - Category: win
[2025-12-04 14:00:43] Successfully processed graph 119 - Category: win - Time: 1.07s
[2025-12-04 14:00:43] 
Processing graph 120/200
[2025-12-04 14:00:43] Graph 120 has 64 nodes and 65 edges
[2025-12-04 14:00:43] Converted to 65 bitstring edges
[2025-12-04 14:00:43] Computing Matchings Dynamic walk
[2025-12-04 14:00:43] Matchings - CX: 195.0, U3: 192.0, Depth: 282.0
[2025-12-04 14:00:43] Computing Pauli decomposition
[2025-12-04 14:00:44] Pauli - CX: 420.0, U3: 497.0, Depth: 673.0
[2025-12-04 14:00:44] Analysis completed in 1.06s - Category: win
[2025-12-04 14:00:44] Successfully processed graph 120 - Category: win - Time: 1.06s
[2025-12-04 14:00:44] 
Processing graph 121/200
[2025-12-04 14:00:44] Graph 121 has 64 nodes and 65 edges
[2025-12-04 14:00:44] Converted to 65 bitstring edges
[2025-12-04 14:00:44] Computing Matchings Dynamic walk
[2025-12-04 14:00:44] Matchings - CX: 379.0, U3: 382.0, Depth: 527.0
[2025-12-04 14:00:44] Computing Pauli decomposition
[2025-12-04 14:00:45] Pauli - CX: 538.0, U3: 604.0, Depth: 835.0
[2025-12-04 14:00:45] Analysis completed in 1.13s - Category: win
[2025-12-04 14:00:45] Successfully processed graph 121 - Category: win - Time: 1.13s
[2025-12-04 14:00:45] 
Processing graph 122/200
[2025-12-04 14:00:45] Graph 122 has 64 nodes and 65 edges
[2025-12-04 14:00:45] Converted to 65 bitstring edges
[2025-12-04 14:00:45] Computing Matchings Dynamic walk
[2025-12-04 14:00:45] Matchings - CX: 195.0, U3: 197.0, Depth: 282.0
[2025-12-04 14:00:45] Computing Pauli decomposition
[2025-12-04 14:00:46] Pauli - CX: 440.0, U3: 534.0, Depth: 705.0
[2025-12-04 14:00:46] Analysis completed in 1.09s - Category: win
[2025-12-04 14:00:46] Successfully processed graph 122 - Category: win - Time: 1.09s
[2025-12-04 14:00:46] 
Processing graph 123/200
[2025-12-04 14:00:46] Graph 123 has 64 nodes and 65 edges
[2025-12-04 14:00:46] Converted to 65 bitstring edges
[2025-12-04 14:00:46] Computing Matchings Dynamic walk
[2025-12-04 14:00:46] Matchings - CX: 395.0, U3: 395.0, Depth: 566.0
[2025-12-04 14:00:46] Computing Pauli decomposition
[2025-12-04 14:00:47] Pauli - CX: 340.0, U3: 487.0, Depth: 575.0
[2025-12-04 14:00:47] Analysis completed in 1.14s - Category: lose
[2025-12-04 14:00:47] Successfully processed graph 123 - Category: lose - Time: 1.14s
[2025-12-04 14:00:47] 
Processing graph 124/200
[2025-12-04 14:00:47] Graph 124 has 64 nodes and 65 edges
[2025-12-04 14:00:47] Converted to 65 bitstring edges
[2025-12-04 14:00:47] Computing Matchings Dynamic walk
[2025-12-04 14:00:47] Matchings - CX: 451.0, U3: 456.0, Depth: 621.0
[2025-12-04 14:00:47] Computing Pauli decomposition
[2025-12-04 14:00:48] Pauli - CX: 565.0, U3: 578.0, Depth: 853.0
[2025-12-04 14:00:48] Analysis completed in 1.08s - Category: win
[2025-12-04 14:00:48] Successfully processed graph 124 - Category: win - Time: 1.08s
[2025-12-04 14:00:48] 
Processing graph 125/200
[2025-12-04 14:00:48] Graph 125 has 64 nodes and 65 edges
[2025-12-04 14:00:48] Converted to 65 bitstring edges
[2025-12-04 14:00:48] Computing Matchings Dynamic walk
[2025-12-04 14:00:48] Matchings - CX: 377.0, U3: 381.0, Depth: 539.0
[2025-12-04 14:00:48] Computing Pauli decomposition
[2025-12-04 14:00:49] Pauli - CX: 500.0, U3: 561.0, Depth: 771.0
[2025-12-04 14:00:49] Analysis completed in 1.03s - Category: win
[2025-12-04 14:00:49] Successfully processed graph 125 - Category: win - Time: 1.03s
[2025-12-04 14:00:49] 
Processing graph 126/200
[2025-12-04 14:00:49] Graph 126 has 64 nodes and 65 edges
[2025-12-04 14:00:49] Converted to 65 bitstring edges
[2025-12-04 14:00:49] Computing Matchings Dynamic walk
[2025-12-04 14:00:49] Matchings - CX: 197.0, U3: 197.0, Depth: 284.0
[2025-12-04 14:00:49] Computing Pauli decomposition
[2025-12-04 14:00:50] Pauli - CX: 505.0, U3: 527.0, Depth: 767.0
[2025-12-04 14:00:50] Analysis completed in 1.09s - Category: win
[2025-12-04 14:00:50] Successfully processed graph 126 - Category: win - Time: 1.09s
[2025-12-04 14:00:50] 
Processing graph 127/200
[2025-12-04 14:00:50] Graph 127 has 64 nodes and 65 edges
[2025-12-04 14:00:50] Converted to 65 bitstring edges
[2025-12-04 14:00:50] Computing Matchings Dynamic walk
[2025-12-04 14:00:50] Matchings - CX: 141.0, U3: 136.0, Depth: 199.0
[2025-12-04 14:00:50] Computing Pauli decomposition
[2025-12-04 14:00:52] Pauli - CX: 373.0, U3: 377.0, Depth: 561.0
[2025-12-04 14:00:52] Analysis completed in 1.14s - Category: win
[2025-12-04 14:00:52] Successfully processed graph 127 - Category: win - Time: 1.14s
[2025-12-04 14:00:52] 
Processing graph 128/200
[2025-12-04 14:00:52] Graph 128 has 64 nodes and 65 edges
[2025-12-04 14:00:52] Converted to 65 bitstring edges
[2025-12-04 14:00:52] Computing Matchings Dynamic walk
[2025-12-04 14:00:52] Matchings - CX: 195.0, U3: 195.0, Depth: 286.0
[2025-12-04 14:00:52] Computing Pauli decomposition
[2025-12-04 14:00:53] Pauli - CX: 436.0, U3: 534.0, Depth: 702.0
[2025-12-04 14:00:53] Analysis completed in 1.09s - Category: win
[2025-12-04 14:00:53] Successfully processed graph 128 - Category: win - Time: 1.09s
[2025-12-04 14:00:53] 
Processing graph 129/200
[2025-12-04 14:00:53] Graph 129 has 64 nodes and 65 edges
[2025-12-04 14:00:53] Converted to 65 bitstring edges
[2025-12-04 14:00:53] Computing Matchings Dynamic walk
[2025-12-04 14:00:53] Matchings - CX: 328.0, U3: 332.0, Depth: 469.0
[2025-12-04 14:00:53] Computing Pauli decomposition
[2025-12-04 14:00:54] Pauli - CX: 416.0, U3: 488.0, Depth: 668.0
[2025-12-04 14:00:54] Analysis completed in 1.16s - Category: win
[2025-12-04 14:00:54] Successfully processed graph 129 - Category: win - Time: 1.16s
[2025-12-04 14:00:54] 
Processing graph 130/200
[2025-12-04 14:00:54] Graph 130 has 64 nodes and 65 edges
[2025-12-04 14:00:54] Converted to 65 bitstring edges
[2025-12-04 14:00:54] Computing Matchings Dynamic walk
[2025-12-04 14:00:54] Matchings - CX: 453.0, U3: 462.0, Depth: 651.0
[2025-12-04 14:00:54] Computing Pauli decomposition
[2025-12-04 14:00:55] Pauli - CX: 508.0, U3: 497.0, Depth: 764.0
[2025-12-04 14:00:55] Analysis completed in 1.06s - Category: win
[2025-12-04 14:00:55] Successfully processed graph 130 - Category: win - Time: 1.06s
[2025-12-04 14:00:55] 
Processing graph 131/200
[2025-12-04 14:00:55] Graph 131 has 64 nodes and 65 edges
[2025-12-04 14:00:55] Converted to 65 bitstring edges
[2025-12-04 14:00:55] Computing Matchings Dynamic walk
[2025-12-04 14:00:55] Matchings - CX: 195.0, U3: 195.0, Depth: 284.0
[2025-12-04 14:00:55] Computing Pauli decomposition
[2025-12-04 14:00:56] Pauli - CX: 452.0, U3: 539.0, Depth: 718.0
[2025-12-04 14:00:56] Analysis completed in 1.05s - Category: win
[2025-12-04 14:00:56] Successfully processed graph 131 - Category: win - Time: 1.05s
[2025-12-04 14:00:56] 
Processing graph 132/200
[2025-12-04 14:00:56] Graph 132 has 64 nodes and 65 edges
[2025-12-04 14:00:56] Converted to 65 bitstring edges
[2025-12-04 14:00:56] Computing Matchings Dynamic walk
[2025-12-04 14:00:56] Matchings - CX: 201.0, U3: 193.0, Depth: 288.0
[2025-12-04 14:00:56] Computing Pauli decomposition
[2025-12-04 14:00:57] Pauli - CX: 499.0, U3: 556.0, Depth: 775.0
[2025-12-04 14:00:57] Analysis completed in 1.27s - Category: win
[2025-12-04 14:00:57] Successfully processed graph 132 - Category: win - Time: 1.27s
[2025-12-04 14:00:57] 
Processing graph 133/200
[2025-12-04 14:00:57] Graph 133 has 64 nodes and 65 edges
[2025-12-04 14:00:57] Converted to 65 bitstring edges
[2025-12-04 14:00:57] Computing Matchings Dynamic walk
[2025-12-04 14:00:57] Matchings - CX: 205.0, U3: 198.0, Depth: 291.0
[2025-12-04 14:00:57] Computing Pauli decomposition
[2025-12-04 14:00:58] Pauli - CX: 398.0, U3: 509.0, Depth: 641.0
[2025-12-04 14:00:58] Analysis completed in 1.06s - Category: win
[2025-12-04 14:00:58] Successfully processed graph 133 - Category: win - Time: 1.06s
[2025-12-04 14:00:58] 
Processing graph 134/200
[2025-12-04 14:00:58] Graph 134 has 64 nodes and 65 edges
[2025-12-04 14:00:58] Converted to 65 bitstring edges
[2025-12-04 14:00:58] Computing Matchings Dynamic walk
[2025-12-04 14:00:58] Matchings - CX: 396.0, U3: 405.0, Depth: 580.0
[2025-12-04 14:00:58] Computing Pauli decomposition
[2025-12-04 14:00:59] Pauli - CX: 507.0, U3: 509.0, Depth: 763.0
[2025-12-04 14:00:59] Analysis completed in 1.17s - Category: win
[2025-12-04 14:00:59] Successfully processed graph 134 - Category: win - Time: 1.17s
[2025-12-04 14:00:59] 
Processing graph 135/200
[2025-12-04 14:00:59] Graph 135 has 64 nodes and 65 edges
[2025-12-04 14:00:59] Converted to 65 bitstring edges
[2025-12-04 14:00:59] Computing Matchings Dynamic walk
[2025-12-04 14:00:59] Matchings - CX: 462.0, U3: 471.0, Depth: 668.0
[2025-12-04 14:00:59] Computing Pauli decomposition
[2025-12-04 14:01:00] Pauli - CX: 318.0, U3: 421.0, Depth: 521.0
[2025-12-04 14:01:00] Analysis completed in 1.04s - Category: lose
[2025-12-04 14:01:00] Successfully processed graph 135 - Category: lose - Time: 1.04s
[2025-12-04 14:01:00] 
Processing graph 136/200
[2025-12-04 14:01:00] Graph 136 has 64 nodes and 65 edges
[2025-12-04 14:01:00] Converted to 65 bitstring edges
[2025-12-04 14:01:00] Computing Matchings Dynamic walk
[2025-12-04 14:01:00] Matchings - CX: 195.0, U3: 197.0, Depth: 284.0
[2025-12-04 14:01:00] Computing Pauli decomposition
[2025-12-04 14:01:02] Pauli - CX: 503.0, U3: 548.0, Depth: 774.0
[2025-12-04 14:01:02] Analysis completed in 1.13s - Category: win
[2025-12-04 14:01:02] Successfully processed graph 136 - Category: win - Time: 1.13s
[2025-12-04 14:01:02] 
Processing graph 137/200
[2025-12-04 14:01:02] Graph 137 has 64 nodes and 65 edges
[2025-12-04 14:01:02] Converted to 65 bitstring edges
[2025-12-04 14:01:02] Computing Matchings Dynamic walk
[2025-12-04 14:01:02] Matchings - CX: 336.0, U3: 340.0, Depth: 487.0
[2025-12-04 14:01:02] Computing Pauli decomposition
[2025-12-04 14:01:03] Pauli - CX: 254.0, U3: 357.0, Depth: 421.0
[2025-12-04 14:01:03] Analysis completed in 1.12s - Category: lose
[2025-12-04 14:01:03] Successfully processed graph 137 - Category: lose - Time: 1.12s
[2025-12-04 14:01:03] 
Processing graph 138/200
[2025-12-04 14:01:03] Graph 138 has 64 nodes and 65 edges
[2025-12-04 14:01:03] Converted to 65 bitstring edges
[2025-12-04 14:01:03] Computing Matchings Dynamic walk
[2025-12-04 14:01:03] Matchings - CX: 191.0, U3: 194.0, Depth: 278.0
[2025-12-04 14:01:03] Computing Pauli decomposition
[2025-12-04 14:01:04] Pauli - CX: 392.0, U3: 499.0, Depth: 643.0
[2025-12-04 14:01:04] Analysis completed in 1.17s - Category: win
[2025-12-04 14:01:04] Successfully processed graph 138 - Category: win - Time: 1.17s
[2025-12-04 14:01:04] 
Processing graph 139/200
[2025-12-04 14:01:04] Graph 139 has 64 nodes and 65 edges
[2025-12-04 14:01:04] Converted to 65 bitstring edges
[2025-12-04 14:01:04] Computing Matchings Dynamic walk
[2025-12-04 14:01:04] Matchings - CX: 195.0, U3: 197.0, Depth: 285.0
[2025-12-04 14:01:04] Computing Pauli decomposition
[2025-12-04 14:01:05] Pauli - CX: 442.0, U3: 480.0, Depth: 689.0
[2025-12-04 14:01:05] Analysis completed in 1.11s - Category: win
[2025-12-04 14:01:05] Successfully processed graph 139 - Category: win - Time: 1.11s
[2025-12-04 14:01:05] 
Processing graph 140/200
[2025-12-04 14:01:05] Graph 140 has 64 nodes and 65 edges
[2025-12-04 14:01:05] Converted to 65 bitstring edges
[2025-12-04 14:01:05] Computing Matchings Dynamic walk
[2025-12-04 14:01:05] Matchings - CX: 191.0, U3: 192.0, Depth: 279.0
[2025-12-04 14:01:05] Computing Pauli decomposition
[2025-12-04 14:01:06] Pauli - CX: 404.0, U3: 517.0, Depth: 660.0
[2025-12-04 14:01:06] Analysis completed in 1.04s - Category: win
[2025-12-04 14:01:06] Successfully processed graph 140 - Category: win - Time: 1.04s
[2025-12-04 14:01:06] 
Processing graph 141/200
[2025-12-04 14:01:06] Graph 141 has 64 nodes and 65 edges
[2025-12-04 14:01:06] Converted to 65 bitstring edges
[2025-12-04 14:01:06] Computing Matchings Dynamic walk
[2025-12-04 14:01:06] Matchings - CX: 193.0, U3: 195.0, Depth: 283.0
[2025-12-04 14:01:06] Computing Pauli decomposition
[2025-12-04 14:01:07] Pauli - CX: 514.0, U3: 487.0, Depth: 763.0
[2025-12-04 14:01:07] Analysis completed in 1.02s - Category: win
[2025-12-04 14:01:07] Successfully processed graph 141 - Category: win - Time: 1.02s
[2025-12-04 14:01:07] 
Processing graph 142/200
[2025-12-04 14:01:07] Graph 142 has 64 nodes and 66 edges
[2025-12-04 14:01:07] Converted to 66 bitstring edges
[2025-12-04 14:01:07] Computing Matchings Dynamic walk
[2025-12-04 14:01:07] Matchings - CX: 239.0, U3: 240.0, Depth: 348.0
[2025-12-04 14:01:07] Computing Pauli decomposition
[2025-12-04 14:01:08] Pauli - CX: 513.0, U3: 571.0, Depth: 804.0
[2025-12-04 14:01:08] Analysis completed in 1.01s - Category: win
[2025-12-04 14:01:08] Successfully processed graph 142 - Category: win - Time: 1.01s
[2025-12-04 14:01:08] 
Processing graph 143/200
[2025-12-04 14:01:08] Graph 143 has 64 nodes and 66 edges
[2025-12-04 14:01:08] Converted to 66 bitstring edges
[2025-12-04 14:01:08] Computing Matchings Dynamic walk
[2025-12-04 14:01:08] Matchings - CX: 243.0, U3: 240.0, Depth: 354.0
[2025-12-04 14:01:08] Computing Pauli decomposition
[2025-12-04 14:01:09] Pauli - CX: 647.0, U3: 701.0, Depth: 990.0
[2025-12-04 14:01:09] Analysis completed in 1.18s - Category: win
[2025-12-04 14:01:09] Successfully processed graph 143 - Category: win - Time: 1.18s
[2025-12-04 14:01:09] 
Processing graph 144/200
[2025-12-04 14:01:09] Graph 144 has 64 nodes and 66 edges
[2025-12-04 14:01:09] Converted to 66 bitstring edges
[2025-12-04 14:01:09] Computing Matchings Dynamic walk
[2025-12-04 14:01:09] Matchings - CX: 475.0, U3: 475.0, Depth: 675.0
[2025-12-04 14:01:09] Computing Pauli decomposition
[2025-12-04 14:01:11] Pauli - CX: 480.0, U3: 603.0, Depth: 782.0
[2025-12-04 14:01:11] Analysis completed in 1.34s - Category: win
[2025-12-04 14:01:11] Successfully processed graph 144 - Category: win - Time: 1.34s
[2025-12-04 14:01:11] 
Processing graph 145/200
[2025-12-04 14:01:11] Graph 145 has 64 nodes and 66 edges
[2025-12-04 14:01:11] Converted to 66 bitstring edges
[2025-12-04 14:01:11] Computing Matchings Dynamic walk
[2025-12-04 14:01:11] Matchings - CX: 245.0, U3: 244.0, Depth: 354.0
[2025-12-04 14:01:11] Computing Pauli decomposition
[2025-12-04 14:01:12] Pauli - CX: 503.0, U3: 521.0, Depth: 759.0
[2025-12-04 14:01:12] Analysis completed in 1.06s - Category: win
[2025-12-04 14:01:12] Successfully processed graph 145 - Category: win - Time: 1.06s
[2025-12-04 14:01:12] 
Processing graph 146/200
[2025-12-04 14:01:12] Graph 146 has 64 nodes and 66 edges
[2025-12-04 14:01:12] Converted to 66 bitstring edges
[2025-12-04 14:01:12] Computing Matchings Dynamic walk
[2025-12-04 14:01:12] Matchings - CX: 495.0, U3: 507.0, Depth: 719.0
[2025-12-04 14:01:12] Computing Pauli decomposition
[2025-12-04 14:01:13] Pauli - CX: 516.0, U3: 579.0, Depth: 822.0
[2025-12-04 14:01:13] Analysis completed in 1.17s - Category: win
[2025-12-04 14:01:13] Successfully processed graph 146 - Category: win - Time: 1.17s
[2025-12-04 14:01:13] 
Processing graph 147/200
[2025-12-04 14:01:13] Graph 147 has 64 nodes and 66 edges
[2025-12-04 14:01:13] Converted to 66 bitstring edges
[2025-12-04 14:01:13] Computing Matchings Dynamic walk
[2025-12-04 14:01:13] Matchings - CX: 247.0, U3: 239.0, Depth: 357.0
[2025-12-04 14:01:13] Computing Pauli decomposition
[2025-12-04 14:01:14] Pauli - CX: 414.0, U3: 433.0, Depth: 634.0
[2025-12-04 14:01:14] Analysis completed in 1.06s - Category: win
[2025-12-04 14:01:14] Successfully processed graph 147 - Category: win - Time: 1.06s
[2025-12-04 14:01:14] 
Processing graph 148/200
[2025-12-04 14:01:14] Graph 148 has 64 nodes and 66 edges
[2025-12-04 14:01:14] Converted to 66 bitstring edges
[2025-12-04 14:01:14] Computing Matchings Dynamic walk
[2025-12-04 14:01:14] Matchings - CX: 243.0, U3: 242.0, Depth: 350.0
[2025-12-04 14:01:14] Computing Pauli decomposition
[2025-12-04 14:01:15] Pauli - CX: 530.0, U3: 656.0, Depth: 848.0
[2025-12-04 14:01:15] Analysis completed in 1.11s - Category: win
[2025-12-04 14:01:15] Successfully processed graph 148 - Category: win - Time: 1.11s
[2025-12-04 14:01:15] 
Processing graph 149/200
[2025-12-04 14:01:15] Graph 149 has 64 nodes and 66 edges
[2025-12-04 14:01:15] Converted to 66 bitstring edges
[2025-12-04 14:01:15] Computing Matchings Dynamic walk
[2025-12-04 14:01:15] Matchings - CX: 235.0, U3: 239.0, Depth: 341.0
[2025-12-04 14:01:15] Computing Pauli decomposition
[2025-12-04 14:01:16] Pauli - CX: 503.0, U3: 617.0, Depth: 818.0
[2025-12-04 14:01:16] Analysis completed in 1.15s - Category: win
[2025-12-04 14:01:16] Successfully processed graph 149 - Category: win - Time: 1.15s
[2025-12-04 14:01:16] 
Processing graph 150/200
[2025-12-04 14:01:16] Graph 150 has 64 nodes and 66 edges
[2025-12-04 14:01:16] Converted to 66 bitstring edges
[2025-12-04 14:01:16] Computing Matchings Dynamic walk
[2025-12-04 14:01:16] Matchings - CX: 452.0, U3: 462.0, Depth: 641.0
[2025-12-04 14:01:16] Computing Pauli decomposition
[2025-12-04 14:01:17] Pauli - CX: 587.0, U3: 632.0, Depth: 905.0
[2025-12-04 14:01:17] Analysis completed in 1.05s - Category: win
[2025-12-04 14:01:17] Successfully processed graph 150 - Category: win - Time: 1.05s
[2025-12-04 14:01:17] 
Processing graph 151/200
[2025-12-04 14:01:17] Graph 151 has 64 nodes and 66 edges
[2025-12-04 14:01:17] Converted to 66 bitstring edges
[2025-12-04 14:01:17] Computing Matchings Dynamic walk
[2025-12-04 14:01:17] Matchings - CX: 241.0, U3: 240.0, Depth: 346.0
[2025-12-04 14:01:17] Computing Pauli decomposition
[2025-12-04 14:01:18] Pauli - CX: 531.0, U3: 576.0, Depth: 832.0
[2025-12-04 14:01:18] Analysis completed in 1.08s - Category: win
[2025-12-04 14:01:18] Successfully processed graph 151 - Category: win - Time: 1.08s
[2025-12-04 14:01:18] 
Processing graph 152/200
[2025-12-04 14:01:18] Graph 152 has 64 nodes and 66 edges
[2025-12-04 14:01:18] Converted to 66 bitstring edges
[2025-12-04 14:01:18] Computing Matchings Dynamic walk
[2025-12-04 14:01:18] Matchings - CX: 697.0, U3: 725.0, Depth: 988.0
[2025-12-04 14:01:18] Computing Pauli decomposition
[2025-12-04 14:01:19] Pauli - CX: 569.0, U3: 791.0, Depth: 935.0
[2025-12-04 14:01:19] Analysis completed in 1.04s - Category: lose
[2025-12-04 14:01:19] Successfully processed graph 152 - Category: lose - Time: 1.04s
[2025-12-04 14:01:19] 
Processing graph 153/200
[2025-12-04 14:01:19] Graph 153 has 64 nodes and 66 edges
[2025-12-04 14:01:19] Converted to 66 bitstring edges
[2025-12-04 14:01:19] Computing Matchings Dynamic walk
[2025-12-04 14:01:19] Matchings - CX: 245.0, U3: 244.0, Depth: 355.0
[2025-12-04 14:01:19] Computing Pauli decomposition
[2025-12-04 14:01:20] Pauli - CX: 635.0, U3: 716.0, Depth: 988.0
[2025-12-04 14:01:20] Analysis completed in 1.14s - Category: win
[2025-12-04 14:01:20] Successfully processed graph 153 - Category: win - Time: 1.14s
[2025-12-04 14:01:20] 
Processing graph 154/200
[2025-12-04 14:01:20] Graph 154 has 64 nodes and 66 edges
[2025-12-04 14:01:20] Converted to 66 bitstring edges
[2025-12-04 14:01:20] Computing Matchings Dynamic walk
[2025-12-04 14:01:20] Matchings - CX: 378.0, U3: 377.0, Depth: 541.0
[2025-12-04 14:01:20] Computing Pauli decomposition
[2025-12-04 14:01:22] Pauli - CX: 543.0, U3: 633.0, Depth: 861.0
[2025-12-04 14:01:22] Analysis completed in 1.15s - Category: win
[2025-12-04 14:01:22] Successfully processed graph 154 - Category: win - Time: 1.15s
[2025-12-04 14:01:22] 
Processing graph 155/200
[2025-12-04 14:01:22] Graph 155 has 64 nodes and 66 edges
[2025-12-04 14:01:22] Converted to 66 bitstring edges
[2025-12-04 14:01:22] Computing Matchings Dynamic walk
[2025-12-04 14:01:22] Matchings - CX: 457.0, U3: 474.0, Depth: 663.0
[2025-12-04 14:01:22] Computing Pauli decomposition
[2025-12-04 14:01:23] Pauli - CX: 521.0, U3: 605.0, Depth: 832.0
[2025-12-04 14:01:23] Analysis completed in 1.13s - Category: win
[2025-12-04 14:01:23] Successfully processed graph 155 - Category: win - Time: 1.13s
[2025-12-04 14:01:23] 
Processing graph 156/200
[2025-12-04 14:01:23] Graph 156 has 64 nodes and 66 edges
[2025-12-04 14:01:23] Converted to 66 bitstring edges
[2025-12-04 14:01:23] Computing Matchings Dynamic walk
[2025-12-04 14:01:23] Matchings - CX: 237.0, U3: 241.0, Depth: 344.0
[2025-12-04 14:01:23] Computing Pauli decomposition
[2025-12-04 14:01:24] Pauli - CX: 494.0, U3: 651.0, Depth: 802.0
[2025-12-04 14:01:24] Analysis completed in 1.12s - Category: win
[2025-12-04 14:01:24] Successfully processed graph 156 - Category: win - Time: 1.12s
[2025-12-04 14:01:24] 
Processing graph 157/200
[2025-12-04 14:01:24] Graph 157 has 64 nodes and 66 edges
[2025-12-04 14:01:24] Converted to 66 bitstring edges
[2025-12-04 14:01:24] Computing Matchings Dynamic walk
[2025-12-04 14:01:24] Matchings - CX: 237.0, U3: 240.0, Depth: 348.0
[2025-12-04 14:01:24] Computing Pauli decomposition
[2025-12-04 14:01:25] Pauli - CX: 539.0, U3: 696.0, Depth: 874.0
[2025-12-04 14:01:25] Analysis completed in 1.15s - Category: win
[2025-12-04 14:01:25] Successfully processed graph 157 - Category: win - Time: 1.15s
[2025-12-04 14:01:25] 
Processing graph 158/200
[2025-12-04 14:01:25] Graph 158 has 64 nodes and 66 edges
[2025-12-04 14:01:25] Converted to 66 bitstring edges
[2025-12-04 14:01:25] Computing Matchings Dynamic walk
[2025-12-04 14:01:25] Matchings - CX: 475.0, U3: 476.0, Depth: 685.0
[2025-12-04 14:01:25] Computing Pauli decomposition
[2025-12-04 14:01:26] Pauli - CX: 434.0, U3: 385.0, Depth: 635.0
[2025-12-04 14:01:26] Analysis completed in 1.21s - Category: lose
[2025-12-04 14:01:26] Successfully processed graph 158 - Category: lose - Time: 1.21s
[2025-12-04 14:01:26] 
Processing graph 159/200
[2025-12-04 14:01:26] Graph 159 has 64 nodes and 66 edges
[2025-12-04 14:01:26] Converted to 66 bitstring edges
[2025-12-04 14:01:26] Computing Matchings Dynamic walk
[2025-12-04 14:01:26] Matchings - CX: 378.0, U3: 378.0, Depth: 539.0
[2025-12-04 14:01:26] Computing Pauli decomposition
[2025-12-04 14:01:27] Pauli - CX: 517.0, U3: 630.0, Depth: 831.0
[2025-12-04 14:01:27] Analysis completed in 1.07s - Category: win
[2025-12-04 14:01:27] Successfully processed graph 159 - Category: win - Time: 1.07s
[2025-12-04 14:01:27] 
Processing graph 160/200
[2025-12-04 14:01:27] Graph 160 has 64 nodes and 66 edges
[2025-12-04 14:01:27] Converted to 66 bitstring edges
[2025-12-04 14:01:27] Computing Matchings Dynamic walk
[2025-12-04 14:01:27] Matchings - CX: 441.0, U3: 440.0, Depth: 640.0
[2025-12-04 14:01:27] Computing Pauli decomposition
[2025-12-04 14:01:28] Pauli - CX: 493.0, U3: 673.0, Depth: 825.0
[2025-12-04 14:01:28] Analysis completed in 1.11s - Category: win
[2025-12-04 14:01:28] Successfully processed graph 160 - Category: win - Time: 1.11s
[2025-12-04 14:01:28] 
Processing graph 161/200
[2025-12-04 14:01:28] Graph 161 has 64 nodes and 66 edges
[2025-12-04 14:01:28] Converted to 66 bitstring edges
[2025-12-04 14:01:28] Computing Matchings Dynamic walk
[2025-12-04 14:01:28] Matchings - CX: 237.0, U3: 237.0, Depth: 340.0
[2025-12-04 14:01:28] Computing Pauli decomposition
[2025-12-04 14:01:29] Pauli - CX: 541.0, U3: 681.0, Depth: 875.0
[2025-12-04 14:01:29] Analysis completed in 1.03s - Category: win
[2025-12-04 14:01:29] Successfully processed graph 161 - Category: win - Time: 1.03s
[2025-12-04 14:01:29] 
Processing graph 162/200
[2025-12-04 14:01:29] Graph 162 has 64 nodes and 66 edges
[2025-12-04 14:01:29] Converted to 66 bitstring edges
[2025-12-04 14:01:29] Computing Matchings Dynamic walk
[2025-12-04 14:01:29] Matchings - CX: 384.0, U3: 381.0, Depth: 542.0
[2025-12-04 14:01:29] Computing Pauli decomposition
[2025-12-04 14:01:31] Pauli - CX: 466.0, U3: 614.0, Depth: 768.0
[2025-12-04 14:01:31] Analysis completed in 1.15s - Category: win
[2025-12-04 14:01:31] Successfully processed graph 162 - Category: win - Time: 1.15s
[2025-12-04 14:01:31] 
Processing graph 163/200
[2025-12-04 14:01:31] Graph 163 has 64 nodes and 66 edges
[2025-12-04 14:01:31] Converted to 66 bitstring edges
[2025-12-04 14:01:31] Computing Matchings Dynamic walk
[2025-12-04 14:01:31] Matchings - CX: 237.0, U3: 242.0, Depth: 349.0
[2025-12-04 14:01:31] Computing Pauli decomposition
[2025-12-04 14:01:32] Pauli - CX: 471.0, U3: 600.0, Depth: 772.0
[2025-12-04 14:01:32] Analysis completed in 1.01s - Category: win
[2025-12-04 14:01:32] Successfully processed graph 163 - Category: win - Time: 1.01s
[2025-12-04 14:01:32] 
Processing graph 164/200
[2025-12-04 14:01:32] Graph 164 has 64 nodes and 66 edges
[2025-12-04 14:01:32] Converted to 66 bitstring edges
[2025-12-04 14:01:32] Computing Matchings Dynamic walk
[2025-12-04 14:01:32] Matchings - CX: 239.0, U3: 237.0, Depth: 339.0
[2025-12-04 14:01:32] Computing Pauli decomposition
[2025-12-04 14:01:33] Pauli - CX: 669.0, U3: 750.0, Depth: 1035.0
[2025-12-04 14:01:33] Analysis completed in 1.18s - Category: win
[2025-12-04 14:01:33] Successfully processed graph 164 - Category: win - Time: 1.18s
[2025-12-04 14:01:33] 
Processing graph 165/200
[2025-12-04 14:01:33] Graph 165 has 64 nodes and 66 edges
[2025-12-04 14:01:33] Converted to 66 bitstring edges
[2025-12-04 14:01:33] Computing Matchings Dynamic walk
[2025-12-04 14:01:33] Matchings - CX: 247.0, U3: 244.0, Depth: 351.0
[2025-12-04 14:01:33] Computing Pauli decomposition
[2025-12-04 14:01:34] Pauli - CX: 511.0, U3: 568.0, Depth: 797.0
[2025-12-04 14:01:34] Analysis completed in 1.04s - Category: win
[2025-12-04 14:01:34] Successfully processed graph 165 - Category: win - Time: 1.04s
[2025-12-04 14:01:34] 
Processing graph 166/200
[2025-12-04 14:01:34] Graph 166 has 64 nodes and 66 edges
[2025-12-04 14:01:34] Converted to 66 bitstring edges
[2025-12-04 14:01:34] Computing Matchings Dynamic walk
[2025-12-04 14:01:34] Matchings - CX: 231.0, U3: 238.0, Depth: 319.0
[2025-12-04 14:01:34] Computing Pauli decomposition
[2025-12-04 14:01:35] Pauli - CX: 479.0, U3: 530.0, Depth: 737.0
[2025-12-04 14:01:35] Analysis completed in 1.15s - Category: win
[2025-12-04 14:01:35] Successfully processed graph 166 - Category: win - Time: 1.15s
[2025-12-04 14:01:35] 
Processing graph 167/200
[2025-12-04 14:01:35] Graph 167 has 64 nodes and 66 edges
[2025-12-04 14:01:35] Converted to 66 bitstring edges
[2025-12-04 14:01:35] Computing Matchings Dynamic walk
[2025-12-04 14:01:35] Matchings - CX: 243.0, U3: 241.0, Depth: 350.0
[2025-12-04 14:01:35] Computing Pauli decomposition
[2025-12-04 14:01:36] Pauli - CX: 621.0, U3: 678.0, Depth: 956.0
[2025-12-04 14:01:36] Analysis completed in 1.15s - Category: win
[2025-12-04 14:01:36] Successfully processed graph 167 - Category: win - Time: 1.15s
[2025-12-04 14:01:36] 
Processing graph 168/200
[2025-12-04 14:01:36] Graph 168 has 64 nodes and 66 edges
[2025-12-04 14:01:36] Converted to 66 bitstring edges
[2025-12-04 14:01:36] Computing Matchings Dynamic walk
[2025-12-04 14:01:36] Matchings - CX: 243.0, U3: 239.0, Depth: 351.0
[2025-12-04 14:01:36] Computing Pauli decomposition
[2025-12-04 14:01:37] Pauli - CX: 615.0, U3: 627.0, Depth: 939.0
[2025-12-04 14:01:37] Analysis completed in 1.09s - Category: win
[2025-12-04 14:01:37] Successfully processed graph 168 - Category: win - Time: 1.09s
[2025-12-04 14:01:37] 
Processing graph 169/200
[2025-12-04 14:01:37] Graph 169 has 64 nodes and 66 edges
[2025-12-04 14:01:37] Converted to 66 bitstring edges
[2025-12-04 14:01:37] Computing Matchings Dynamic walk
[2025-12-04 14:01:37] Matchings - CX: 559.0, U3: 563.0, Depth: 801.0
[2025-12-04 14:01:37] Computing Pauli decomposition
[2025-12-04 14:01:38] Pauli - CX: 628.0, U3: 734.0, Depth: 981.0
[2025-12-04 14:01:38] Analysis completed in 1.14s - Category: win
[2025-12-04 14:01:38] Successfully processed graph 169 - Category: win - Time: 1.14s
[2025-12-04 14:01:38] 
Processing graph 170/200
[2025-12-04 14:01:38] Graph 170 has 64 nodes and 66 edges
[2025-12-04 14:01:38] Converted to 66 bitstring edges
[2025-12-04 14:01:38] Computing Matchings Dynamic walk
[2025-12-04 14:01:38] Matchings - CX: 239.0, U3: 240.0, Depth: 350.0
[2025-12-04 14:01:38] Computing Pauli decomposition
[2025-12-04 14:01:39] Pauli - CX: 555.0, U3: 713.0, Depth: 897.0
[2025-12-04 14:01:39] Analysis completed in 1.04s - Category: win
[2025-12-04 14:01:39] Successfully processed graph 170 - Category: win - Time: 1.04s
[2025-12-04 14:01:39] 
Processing graph 171/200
[2025-12-04 14:01:39] Graph 171 has 64 nodes and 66 edges
[2025-12-04 14:01:39] Converted to 66 bitstring edges
[2025-12-04 14:01:39] Computing Matchings Dynamic walk
[2025-12-04 14:01:39] Matchings - CX: 239.0, U3: 241.0, Depth: 346.0
[2025-12-04 14:01:39] Computing Pauli decomposition
[2025-12-04 14:01:40] Pauli - CX: 456.0, U3: 584.0, Depth: 759.0
[2025-12-04 14:01:40] Analysis completed in 1.06s - Category: win
[2025-12-04 14:01:40] Successfully processed graph 171 - Category: win - Time: 1.06s
[2025-12-04 14:01:40] 
Processing graph 172/200
[2025-12-04 14:01:40] Graph 172 has 64 nodes and 66 edges
[2025-12-04 14:01:40] Converted to 66 bitstring edges
[2025-12-04 14:01:40] Computing Matchings Dynamic walk
[2025-12-04 14:01:40] Matchings - CX: 243.0, U3: 245.0, Depth: 353.0
[2025-12-04 14:01:40] Computing Pauli decomposition
[2025-12-04 14:01:41] Pauli - CX: 636.0, U3: 642.0, Depth: 959.0
[2025-12-04 14:01:41] Analysis completed in 1.04s - Category: win
[2025-12-04 14:01:41] Successfully processed graph 172 - Category: win - Time: 1.04s
[2025-12-04 14:01:41] 
Processing graph 173/200
[2025-12-04 14:01:41] Graph 173 has 64 nodes and 66 edges
[2025-12-04 14:01:41] Converted to 66 bitstring edges
[2025-12-04 14:01:41] Computing Matchings Dynamic walk
[2025-12-04 14:01:42] Matchings - CX: 247.0, U3: 242.0, Depth: 356.0
[2025-12-04 14:01:42] Computing Pauli decomposition
[2025-12-04 14:01:43] Pauli - CX: 512.0, U3: 669.0, Depth: 837.0
[2025-12-04 14:01:43] Analysis completed in 1.04s - Category: win
[2025-12-04 14:01:43] Successfully processed graph 173 - Category: win - Time: 1.04s
[2025-12-04 14:01:43] 
Processing graph 174/200
[2025-12-04 14:01:43] Graph 174 has 64 nodes and 66 edges
[2025-12-04 14:01:43] Converted to 66 bitstring edges
[2025-12-04 14:01:43] Computing Matchings Dynamic walk
[2025-12-04 14:01:43] Matchings - CX: 435.0, U3: 441.0, Depth: 615.0
[2025-12-04 14:01:43] Computing Pauli decomposition
[2025-12-04 14:01:44] Pauli - CX: 589.0, U3: 742.0, Depth: 945.0
[2025-12-04 14:01:44] Analysis completed in 1.14s - Category: win
[2025-12-04 14:01:44] Successfully processed graph 174 - Category: win - Time: 1.14s
[2025-12-04 14:01:44] 
Processing graph 175/200
[2025-12-04 14:01:44] Graph 175 has 64 nodes and 66 edges
[2025-12-04 14:01:44] Converted to 66 bitstring edges
[2025-12-04 14:01:44] Computing Matchings Dynamic walk
[2025-12-04 14:01:44] Matchings - CX: 237.0, U3: 240.0, Depth: 349.0
[2025-12-04 14:01:44] Computing Pauli decomposition
[2025-12-04 14:01:45] Pauli - CX: 552.0, U3: 574.0, Depth: 847.0
[2025-12-04 14:01:45] Analysis completed in 1.19s - Category: win
[2025-12-04 14:01:45] Successfully processed graph 175 - Category: win - Time: 1.19s
[2025-12-04 14:01:45] 
Processing graph 176/200
[2025-12-04 14:01:45] Graph 176 has 64 nodes and 66 edges
[2025-12-04 14:01:45] Converted to 66 bitstring edges
[2025-12-04 14:01:45] Computing Matchings Dynamic walk
[2025-12-04 14:01:45] Matchings - CX: 241.0, U3: 241.0, Depth: 343.0
[2025-12-04 14:01:45] Computing Pauli decomposition
[2025-12-04 14:01:46] Pauli - CX: 458.0, U3: 544.0, Depth: 715.0
[2025-12-04 14:01:46] Analysis completed in 1.02s - Category: win
[2025-12-04 14:01:46] Successfully processed graph 176 - Category: win - Time: 1.02s
[2025-12-04 14:01:46] 
Processing graph 177/200
[2025-12-04 14:01:46] Graph 177 has 64 nodes and 66 edges
[2025-12-04 14:01:46] Converted to 66 bitstring edges
[2025-12-04 14:01:46] Computing Matchings Dynamic walk
[2025-12-04 14:01:46] Matchings - CX: 243.0, U3: 246.0, Depth: 351.0
[2025-12-04 14:01:46] Computing Pauli decomposition
[2025-12-04 14:01:47] Pauli - CX: 569.0, U3: 575.0, Depth: 860.0
[2025-12-04 14:01:47] Analysis completed in 1.04s - Category: win
[2025-12-04 14:01:47] Successfully processed graph 177 - Category: win - Time: 1.04s
[2025-12-04 14:01:47] 
Processing graph 178/200
[2025-12-04 14:01:47] Graph 178 has 64 nodes and 66 edges
[2025-12-04 14:01:47] Converted to 66 bitstring edges
[2025-12-04 14:01:47] Computing Matchings Dynamic walk
[2025-12-04 14:01:47] Matchings - CX: 499.0, U3: 501.0, Depth: 708.0
[2025-12-04 14:01:47] Computing Pauli decomposition
[2025-12-04 14:01:48] Pauli - CX: 587.0, U3: 582.0, Depth: 889.0
[2025-12-04 14:01:48] Analysis completed in 1.02s - Category: win
[2025-12-04 14:01:48] Successfully processed graph 178 - Category: win - Time: 1.02s
[2025-12-04 14:01:48] 
Processing graph 179/200
[2025-12-04 14:01:48] Graph 179 has 64 nodes and 66 edges
[2025-12-04 14:01:48] Converted to 66 bitstring edges
[2025-12-04 14:01:48] Computing Matchings Dynamic walk
[2025-12-04 14:01:48] Matchings - CX: 239.0, U3: 239.0, Depth: 345.0
[2025-12-04 14:01:48] Computing Pauli decomposition
[2025-12-04 14:01:49] Pauli - CX: 549.0, U3: 556.0, Depth: 837.0
[2025-12-04 14:01:49] Analysis completed in 1.10s - Category: win
[2025-12-04 14:01:49] Successfully processed graph 179 - Category: win - Time: 1.10s
[2025-12-04 14:01:49] 
Processing graph 180/200
[2025-12-04 14:01:49] Graph 180 has 64 nodes and 66 edges
[2025-12-04 14:01:49] Converted to 66 bitstring edges
[2025-12-04 14:01:49] Computing Matchings Dynamic walk
[2025-12-04 14:01:49] Matchings - CX: 237.0, U3: 244.0, Depth: 345.0
[2025-12-04 14:01:49] Computing Pauli decomposition
[2025-12-04 14:01:50] Pauli - CX: 484.0, U3: 644.0, Depth: 806.0
[2025-12-04 14:01:50] Analysis completed in 1.06s - Category: win
[2025-12-04 14:01:50] Successfully processed graph 180 - Category: win - Time: 1.06s
[2025-12-04 14:01:50] 
Processing graph 181/200
[2025-12-04 14:01:50] Graph 181 has 64 nodes and 66 edges
[2025-12-04 14:01:50] Converted to 66 bitstring edges
[2025-12-04 14:01:50] Computing Matchings Dynamic walk
[2025-12-04 14:01:50] Matchings - CX: 499.0, U3: 505.0, Depth: 705.0
[2025-12-04 14:01:50] Computing Pauli decomposition
[2025-12-04 14:01:51] Pauli - CX: 669.0, U3: 748.0, Depth: 1026.0
[2025-12-04 14:01:51] Analysis completed in 1.10s - Category: win
[2025-12-04 14:01:51] Successfully processed graph 181 - Category: win - Time: 1.10s
[2025-12-04 14:01:51] 
Processing graph 182/200
[2025-12-04 14:01:51] Graph 182 has 64 nodes and 66 edges
[2025-12-04 14:01:51] Converted to 66 bitstring edges
[2025-12-04 14:01:51] Computing Matchings Dynamic walk
[2025-12-04 14:01:51] Matchings - CX: 382.0, U3: 384.0, Depth: 545.0
[2025-12-04 14:01:51] Computing Pauli decomposition
[2025-12-04 14:01:52] Pauli - CX: 495.0, U3: 592.0, Depth: 781.0
[2025-12-04 14:01:52] Analysis completed in 1.05s - Category: win
[2025-12-04 14:01:52] Successfully processed graph 182 - Category: win - Time: 1.05s
[2025-12-04 14:01:52] 
Processing graph 183/200
[2025-12-04 14:01:52] Graph 183 has 64 nodes and 66 edges
[2025-12-04 14:01:52] Converted to 66 bitstring edges
[2025-12-04 14:01:52] Computing Matchings Dynamic walk
[2025-12-04 14:01:52] Matchings - CX: 500.0, U3: 509.0, Depth: 726.0
[2025-12-04 14:01:52] Computing Pauli decomposition
[2025-12-04 14:01:54] Pauli - CX: 565.0, U3: 737.0, Depth: 918.0
[2025-12-04 14:01:54] Analysis completed in 1.25s - Category: win
[2025-12-04 14:01:54] Successfully processed graph 183 - Category: win - Time: 1.25s
[2025-12-04 14:01:54] 
Processing graph 184/200
[2025-12-04 14:01:54] Graph 184 has 64 nodes and 66 edges
[2025-12-04 14:01:54] Converted to 66 bitstring edges
[2025-12-04 14:01:54] Computing Matchings Dynamic walk
[2025-12-04 14:01:54] Matchings - CX: 243.0, U3: 244.0, Depth: 352.0
[2025-12-04 14:01:54] Computing Pauli decomposition
[2025-12-04 14:01:55] Pauli - CX: 493.0, U3: 628.0, Depth: 800.0
[2025-12-04 14:01:55] Analysis completed in 1.52s - Category: win
[2025-12-04 14:01:55] Successfully processed graph 184 - Category: win - Time: 1.52s
[2025-12-04 14:01:55] 
Processing graph 185/200
[2025-12-04 14:01:55] Graph 185 has 64 nodes and 66 edges
[2025-12-04 14:01:55] Converted to 66 bitstring edges
[2025-12-04 14:01:55] Computing Matchings Dynamic walk
[2025-12-04 14:01:55] Matchings - CX: 555.0, U3: 582.0, Depth: 786.0
[2025-12-04 14:01:55] Computing Pauli decomposition
[2025-12-04 14:01:56] Pauli - CX: 574.0, U3: 697.0, Depth: 914.0
[2025-12-04 14:01:56] Analysis completed in 1.37s - Category: win
[2025-12-04 14:01:56] Successfully processed graph 185 - Category: win - Time: 1.37s
[2025-12-04 14:01:56] 
Processing graph 186/200
[2025-12-04 14:01:56] Graph 186 has 64 nodes and 66 edges
[2025-12-04 14:01:56] Converted to 66 bitstring edges
[2025-12-04 14:01:56] Computing Matchings Dynamic walk
[2025-12-04 14:01:56] Matchings - CX: 237.0, U3: 244.0, Depth: 344.0
[2025-12-04 14:01:56] Computing Pauli decomposition
[2025-12-04 14:01:58] Pauli - CX: 552.0, U3: 577.0, Depth: 847.0
[2025-12-04 14:01:58] Analysis completed in 1.57s - Category: win
[2025-12-04 14:01:58] Successfully processed graph 186 - Category: win - Time: 1.57s
[2025-12-04 14:01:58] 
Processing graph 187/200
[2025-12-04 14:01:58] Graph 187 has 64 nodes and 66 edges
[2025-12-04 14:01:58] Converted to 66 bitstring edges
[2025-12-04 14:01:58] Computing Matchings Dynamic walk
[2025-12-04 14:01:58] Matchings - CX: 243.0, U3: 241.0, Depth: 354.0
[2025-12-04 14:01:58] Computing Pauli decomposition
[2025-12-04 14:02:00] Pauli - CX: 598.0, U3: 696.0, Depth: 936.0
[2025-12-04 14:02:00] Analysis completed in 1.85s - Category: win
[2025-12-04 14:02:00] Successfully processed graph 187 - Category: win - Time: 1.85s
[2025-12-04 14:02:00] 
Processing graph 188/200
[2025-12-04 14:02:00] Graph 188 has 64 nodes and 66 edges
[2025-12-04 14:02:00] Converted to 66 bitstring edges
[2025-12-04 14:02:00] Computing Matchings Dynamic walk
[2025-12-04 14:02:00] Matchings - CX: 241.0, U3: 240.0, Depth: 352.0
[2025-12-04 14:02:00] Computing Pauli decomposition
[2025-12-04 14:02:02] Pauli - CX: 495.0, U3: 680.0, Depth: 809.0
[2025-12-04 14:02:02] Analysis completed in 1.99s - Category: win
[2025-12-04 14:02:02] Successfully processed graph 188 - Category: win - Time: 1.99s
[2025-12-04 14:02:02] 
Processing graph 189/200
[2025-12-04 14:02:02] Graph 189 has 64 nodes and 66 edges
[2025-12-04 14:02:02] Converted to 66 bitstring edges
[2025-12-04 14:02:02] Computing Matchings Dynamic walk
[2025-12-04 14:02:02] Matchings - CX: 249.0, U3: 243.0, Depth: 357.0
[2025-12-04 14:02:02] Computing Pauli decomposition
[2025-12-04 14:02:04] Pauli - CX: 382.0, U3: 494.0, Depth: 618.0
[2025-12-04 14:02:04] Analysis completed in 1.83s - Category: win
[2025-12-04 14:02:04] Successfully processed graph 189 - Category: win - Time: 1.83s
[2025-12-04 14:02:04] 
Processing graph 190/200
[2025-12-04 14:02:04] Graph 190 has 64 nodes and 66 edges
[2025-12-04 14:02:04] Converted to 66 bitstring edges
[2025-12-04 14:02:04] Computing Matchings Dynamic walk
[2025-12-04 14:02:04] Matchings - CX: 419.0, U3: 434.0, Depth: 604.0
[2025-12-04 14:02:04] Computing Pauli decomposition
[2025-12-04 14:02:06] Pauli - CX: 541.0, U3: 693.0, Depth: 886.0
[2025-12-04 14:02:06] Analysis completed in 2.04s - Category: win
[2025-12-04 14:02:06] Successfully processed graph 190 - Category: win - Time: 2.04s
[2025-12-04 14:02:06] 
Processing graph 191/200
[2025-12-04 14:02:06] Graph 191 has 64 nodes and 66 edges
[2025-12-04 14:02:06] Converted to 66 bitstring edges
[2025-12-04 14:02:06] Computing Matchings Dynamic walk
[2025-12-04 14:02:06] Matchings - CX: 231.0, U3: 236.0, Depth: 339.0
[2025-12-04 14:02:06] Computing Pauli decomposition
[2025-12-04 14:02:07] Pauli - CX: 475.0, U3: 600.0, Depth: 774.0
[2025-12-04 14:02:07] Analysis completed in 1.64s - Category: win
[2025-12-04 14:02:07] Successfully processed graph 191 - Category: win - Time: 1.64s
[2025-12-04 14:02:07] 
Processing graph 192/200
[2025-12-04 14:02:07] Graph 192 has 64 nodes and 66 edges
[2025-12-04 14:02:07] Converted to 66 bitstring edges
[2025-12-04 14:02:07] Computing Matchings Dynamic walk
[2025-12-04 14:02:07] Matchings - CX: 535.0, U3: 538.0, Depth: 754.0
[2025-12-04 14:02:07] Computing Pauli decomposition
[2025-12-04 14:02:09] Pauli - CX: 499.0, U3: 693.0, Depth: 831.0
[2025-12-04 14:02:09] Analysis completed in 1.74s - Category: lose
[2025-12-04 14:02:09] Successfully processed graph 192 - Category: lose - Time: 1.74s
[2025-12-04 14:02:09] 
Processing graph 193/200
[2025-12-04 14:02:09] Graph 193 has 64 nodes and 66 edges
[2025-12-04 14:02:09] Converted to 66 bitstring edges
[2025-12-04 14:02:09] Computing Matchings Dynamic walk
[2025-12-04 14:02:09] Matchings - CX: 441.0, U3: 439.0, Depth: 628.0
[2025-12-04 14:02:09] Computing Pauli decomposition
[2025-12-04 14:02:11] Pauli - CX: 556.0, U3: 648.0, Depth: 878.0
[2025-12-04 14:02:11] Analysis completed in 2.00s - Category: win
[2025-12-04 14:02:11] Successfully processed graph 193 - Category: win - Time: 2.00s
[2025-12-04 14:02:11] 
Processing graph 194/200
[2025-12-04 14:02:11] Graph 194 has 64 nodes and 66 edges
[2025-12-04 14:02:11] Converted to 66 bitstring edges
[2025-12-04 14:02:11] Computing Matchings Dynamic walk
[2025-12-04 14:02:11] Matchings - CX: 496.0, U3: 507.0, Depth: 723.0
[2025-12-04 14:02:11] Computing Pauli decomposition
[2025-12-04 14:02:13] Pauli - CX: 540.0, U3: 659.0, Depth: 867.0
[2025-12-04 14:02:13] Analysis completed in 1.99s - Category: win
[2025-12-04 14:02:13] Successfully processed graph 194 - Category: win - Time: 1.99s
[2025-12-04 14:02:13] 
Processing graph 195/200
[2025-12-04 14:02:13] Graph 195 has 64 nodes and 66 edges
[2025-12-04 14:02:13] Converted to 66 bitstring edges
[2025-12-04 14:02:13] Computing Matchings Dynamic walk
[2025-12-04 14:02:13] Matchings - CX: 243.0, U3: 239.0, Depth: 351.0
[2025-12-04 14:02:13] Computing Pauli decomposition
[2025-12-04 14:02:15] Pauli - CX: 524.0, U3: 609.0, Depth: 829.0
[2025-12-04 14:02:15] Analysis completed in 1.93s - Category: win
[2025-12-04 14:02:15] Successfully processed graph 195 - Category: win - Time: 1.93s
[2025-12-04 14:02:15] 
Processing graph 196/200
[2025-12-04 14:02:15] Graph 196 has 64 nodes and 66 edges
[2025-12-04 14:02:15] Converted to 66 bitstring edges
[2025-12-04 14:02:15] Computing Matchings Dynamic walk
[2025-12-04 14:02:15] Matchings - CX: 241.0, U3: 243.0, Depth: 350.0
[2025-12-04 14:02:15] Computing Pauli decomposition
[2025-12-04 14:02:17] Pauli - CX: 550.0, U3: 731.0, Depth: 902.0
[2025-12-04 14:02:17] Analysis completed in 1.71s - Category: win
[2025-12-04 14:02:17] Successfully processed graph 196 - Category: win - Time: 1.71s
[2025-12-04 14:02:17] 
Processing graph 197/200
[2025-12-04 14:02:17] Graph 197 has 64 nodes and 66 edges
[2025-12-04 14:02:17] Converted to 66 bitstring edges
[2025-12-04 14:02:17] Computing Matchings Dynamic walk
[2025-12-04 14:02:17] Matchings - CX: 239.0, U3: 240.0, Depth: 349.0
[2025-12-04 14:02:17] Computing Pauli decomposition
[2025-12-04 14:02:19] Pauli - CX: 376.0, U3: 519.0, Depth: 628.0
[2025-12-04 14:02:19] Analysis completed in 1.98s - Category: win
[2025-12-04 14:02:19] Successfully processed graph 197 - Category: win - Time: 1.98s
[2025-12-04 14:02:19] 
Processing graph 198/200
[2025-12-04 14:02:19] Graph 198 has 64 nodes and 66 edges
[2025-12-04 14:02:19] Converted to 66 bitstring edges
[2025-12-04 14:02:19] Computing Matchings Dynamic walk
[2025-12-04 14:02:19] Matchings - CX: 241.0, U3: 242.0, Depth: 349.0
[2025-12-04 14:02:19] Computing Pauli decomposition
[2025-12-04 14:02:20] Pauli - CX: 464.0, U3: 418.0, Depth: 674.0
[2025-12-04 14:02:20] Analysis completed in 1.67s - Category: win
[2025-12-04 14:02:20] Successfully processed graph 198 - Category: win - Time: 1.67s
[2025-12-04 14:02:20] 
Processing graph 199/200
[2025-12-04 14:02:20] Graph 199 has 64 nodes and 66 edges
[2025-12-04 14:02:20] Converted to 66 bitstring edges
[2025-12-04 14:02:20] Computing Matchings Dynamic walk
[2025-12-04 14:02:20] Matchings - CX: 245.0, U3: 243.0, Depth: 354.0
[2025-12-04 14:02:20] Computing Pauli decomposition
[2025-12-04 14:02:22] Pauli - CX: 509.0, U3: 654.0, Depth: 837.0
[2025-12-04 14:02:22] Analysis completed in 2.06s - Category: win
[2025-12-04 14:02:22] Successfully processed graph 199 - Category: win - Time: 2.06s
[2025-12-04 14:02:22] 
Final Results Summary:
[2025-12-04 14:02:22] Total graphs in file: 200
[2025-12-04 14:02:22] Successfully processed: 200
[2025-12-04 14:02:22] Matching algorithm used: automatic (bipartite/greedy)
[2025-12-04 14:02:22] win: 183 (91.5%)
[2025-12-04 14:02:22] lose: 17 (8.5%)
[2025-12-04 14:02:22] draw: 0 (0.0%)
[2025-12-04 14:02:22] Average time per graph: 1.26s
[2025-12-04 14:02:22] Min time per graph: 0.99s
[2025-12-04 14:02:22] Max time per graph: 2.06s
[2025-12-04 14:02:22] Total analysis time: 251.75s
[2025-12-04 14:02:22] 
Detailed Graph Properties by Category:

[2025-12-04 14:02:22] 
WIN Graphs Statistics:
[2025-12-04 14:02:22] Total graphs processed: 183
[2025-12-04 14:02:22] Edge count - Min: 63, Max: 66, Mean: 65.17
[2025-12-04 14:02:22] Edge density - Min: 0.0312, Max: 0.0327, Mean: 0.0323
[2025-12-04 14:02:22] Bipartite graphs: 46, Non-bipartite graphs: 137
[2025-12-04 14:02:22] Diameter (connected graphs) - Min: 21, Max: 63, Mean: 37.75
[2025-12-04 14:02:22] Clique number - Min: 2, Max: 3, Mean: 2.10
[2025-12-04 14:02:22] Maximum degree - Min: 2, Max: 4, Mean: 3.11
[2025-12-04 14:02:22] Average degree - Min: 1.97, Max: 2.06, Mean: 2.04
[2025-12-04 14:02:22] Clustering coefficient - Min: 0.0000, Max: 0.0260, Mean: 0.0026
[2025-12-04 14:02:22] Estimated group size - Min: 16, Max: 16, Mean: 16.00
[2025-12-04 14:02:22] Estimated orbit count - Min: 2, Max: 4, Mean: 3.10
[2025-12-04 14:02:22] 
LOSE Graphs Statistics:
[2025-12-04 14:02:22] Total graphs processed: 17
[2025-12-04 14:02:22] Edge count - Min: 64, Max: 66, Mean: 65.00
[2025-12-04 14:02:22] Edge density - Min: 0.0317, Max: 0.0327, Mean: 0.0322
[2025-12-04 14:02:22] Bipartite graphs: 3, Non-bipartite graphs: 14
[2025-12-04 14:02:22] Diameter (connected graphs) - Min: 23, Max: 61, Mean: 37.88
[2025-12-04 14:02:22] Clique number - Min: 2, Max: 2, Mean: 2.00
[2025-12-04 14:02:22] Maximum degree - Min: 3, Max: 3, Mean: 3.00
[2025-12-04 14:02:22] Average degree - Min: 2.00, Max: 2.06, Mean: 2.03
[2025-12-04 14:02:22] Clustering coefficient - Min: 0.0000, Max: 0.0000, Mean: 0.0000
[2025-12-04 14:02:22] Estimated group size - Min: 16, Max: 16, Mean: 16.00
[2025-12-04 14:02:22] Estimated orbit count - Min: 3, Max: 3, Mean: 3.00
[2025-12-04 14:02:22] 
Average Gate Counts by Category:
[2025-12-04 14:02:22] win_matching_cx: 255.80
[2025-12-04 14:02:22] win_matching_u3: 256.86
[2025-12-04 14:02:22] win_pauli_cx: 475.83
[2025-12-04 14:02:22] win_pauli_u3: 547.38
[2025-12-04 14:02:22] win_matching_depth: 367.68
[2025-12-04 14:02:22] win_pauli_depth: 746.17
[2025-12-04 14:02:22] win_analysis_time: 1.26
[2025-12-04 14:02:22] win_graph_edge_count: 65.17
[2025-12-04 14:02:22] win_graph_edge_density: 0.03
[2025-12-04 14:02:22] win_graph_is_bipartite: 0.25
[2025-12-04 14:02:22] win_graph_diameter: 37.75
[2025-12-04 14:02:22] win_graph_clique_number: 2.10
[2025-12-04 14:02:22] win_graph_max_degree: 3.11
[2025-12-04 14:02:22] win_graph_avg_degree: 2.04
[2025-12-04 14:02:22] win_graph_avg_clustering: 0.00
[2025-12-04 14:02:22] win_graph_estimated_group_size: 16.00
[2025-12-04 14:02:22] win_graph_estimated_orbit_count: 3.10
[2025-12-04 14:02:22] lose_matching_cx: 468.88
[2025-12-04 14:02:22] lose_matching_u3: 475.12
[2025-12-04 14:02:22] lose_pauli_cx: 391.41
[2025-12-04 14:02:22] lose_pauli_u3: 494.88
[2025-12-04 14:02:22] lose_matching_depth: 666.47
[2025-12-04 14:02:22] lose_pauli_depth: 632.47
[2025-12-04 14:02:22] lose_analysis_time: 1.28
[2025-12-04 14:02:22] lose_graph_edge_count: 65.00
[2025-12-04 14:02:22] lose_graph_edge_density: 0.03
[2025-12-04 14:02:22] lose_graph_is_bipartite: 0.18
[2025-12-04 14:02:22] lose_graph_diameter: 37.88
[2025-12-04 14:02:22] lose_graph_clique_number: 2.00
[2025-12-04 14:02:22] lose_graph_max_degree: 3.00
[2025-12-04 14:02:22] lose_graph_avg_degree: 2.03
[2025-12-04 14:02:22] lose_graph_avg_clustering: 0.00
[2025-12-04 14:02:22] lose_graph_estimated_group_size: 16.00
[2025-12-04 14:02:22] lose_graph_estimated_orbit_count: 3.00
[2025-12-04 14:02:22] config_n_qubits: 6.00
[2025-12-04 14:02:22] config_n_vertices: 64.00
[2025-12-04 14:02:22] config_delta_t: 0.10
[2025-12-04 14:02:22] config_matchings: automatic
[2025-12-04 14:02:22] config_graph_type: counting
[2025-12-04 14:02:22] config_n_steps: 1.00
[2025-12-04 14:02:22] timing_avg_per_graph: 1.26
[2025-12-04 14:02:22] timing_min_per_graph: 0.99
[2025-12-04 14:02:22] timing_max_per_graph: 2.06
[2025-12-04 14:02:22] timing_total_analysis: 251.75
[2025-12-04 14:02:22] ======================================================================
======================================================================

