[2025-12-04 15:20:49] 

Starting analysis with:
[2025-12-04 15:20:49] Script location: F:\UTK\Research\DOE_FOA_project\code\dyn-CTQW\analysis
[2025-12-04 15:20:49] Number of qubits: 7
[2025-12-04 15:20:49] Number of vertices: 128
[2025-12-04 15:20:49] Delta t: 0.1
[2025-12-04 15:20:49] Matching algorithm: automatic (bipartite/greedy)
[2025-12-04 15:20:49] Graph type: counting
[2025-12-04 15:20:49] Input file: analysis\graphs\connected\200graph_counting_128v.g6
[2025-12-04 15:20:49] Output directory: F:\UTK\Research\DOE_FOA_project\code\dyn-CTQW\analysis\outputs\matching_vs_pauli\connected_128v\counting_128v\20251204_152049
[2025-12-04 15:20:49] Checkpoint interval: 50
[2025-12-04 15:20:49] Parsed graph info: {'num_graphs': 200, 'size': 'counting', 'vertices': '128', 'type': 'v'}
[2025-12-04 15:20:49] Found 200 graphs in file
[2025-12-04 15:20:49] 
Processing graph 0/200
[2025-12-04 15:20:49] Graph 0 has 128 nodes and 127 edges
[2025-12-04 15:20:49] Converted to 127 bitstring edges
[2025-12-04 15:20:49] Computing Matchings Dynamic walk
[2025-12-04 15:20:49] Matchings - CX: 179.0, U3: 176.0, Depth: 244.0
[2025-12-04 15:20:49] Computing Pauli decomposition
[2025-12-04 15:20:59] Pauli - CX: 656.0, U3: 606.0, Depth: 957.0
[2025-12-04 15:20:59] Analysis completed in 9.52s - Category: win
[2025-12-04 15:20:59] Successfully processed graph 0 - Category: win - Time: 9.52s
[2025-12-04 15:20:59] 
Processing graph 1/200
[2025-12-04 15:20:59] Graph 1 has 128 nodes and 128 edges
[2025-12-04 15:20:59] Converted to 128 bitstring edges
[2025-12-04 15:20:59] Computing Matchings Dynamic walk
[2025-12-04 15:20:59] Matchings - CX: 502.0, U3: 507.0, Depth: 662.0
[2025-12-04 15:20:59] Computing Pauli decomposition
[2025-12-04 15:21:08] Pauli - CX: 801.0, U3: 785.0, Depth: 1198.0
[2025-12-04 15:21:08] Analysis completed in 9.31s - Category: win
[2025-12-04 15:21:08] Successfully processed graph 1 - Category: win - Time: 9.31s
[2025-12-04 15:21:08] 
Processing graph 2/200
[2025-12-04 15:21:08] Graph 2 has 128 nodes and 128 edges
[2025-12-04 15:21:08] Converted to 128 bitstring edges
[2025-12-04 15:21:08] Computing Matchings Dynamic walk
[2025-12-04 15:21:08] Matchings - CX: 241.0, U3: 235.0, Depth: 323.0
[2025-12-04 15:21:08] Computing Pauli decomposition
[2025-12-04 15:21:17] Pauli - CX: 785.0, U3: 1019.0, Depth: 1265.0
[2025-12-04 15:21:17] Analysis completed in 9.46s - Category: win
[2025-12-04 15:21:17] Successfully processed graph 2 - Category: win - Time: 9.46s
[2025-12-04 15:21:17] 
Processing graph 3/200
[2025-12-04 15:21:17] Graph 3 has 128 nodes and 128 edges
[2025-12-04 15:21:17] Converted to 128 bitstring edges
[2025-12-04 15:21:17] Computing Matchings Dynamic walk
[2025-12-04 15:21:18] Matchings - CX: 235.0, U3: 233.0, Depth: 318.0
[2025-12-04 15:21:18] Computing Pauli decomposition
[2025-12-04 15:21:27] Pauli - CX: 832.0, U3: 736.0, Depth: 1215.0
[2025-12-04 15:21:27] Analysis completed in 9.92s - Category: win
[2025-12-04 15:21:27] Successfully processed graph 3 - Category: win - Time: 9.92s
[2025-12-04 15:21:27] 
Processing graph 4/200
[2025-12-04 15:21:27] Graph 4 has 128 nodes and 128 edges
[2025-12-04 15:21:27] Converted to 128 bitstring edges
[2025-12-04 15:21:27] Computing Matchings Dynamic walk
[2025-12-04 15:21:27] Matchings - CX: 243.0, U3: 236.0, Depth: 326.0
[2025-12-04 15:21:27] Computing Pauli decomposition
[2025-12-04 15:21:37] Pauli - CX: 987.0, U3: 915.0, Depth: 1441.0
[2025-12-04 15:21:37] Analysis completed in 9.85s - Category: win
[2025-12-04 15:21:37] Successfully processed graph 4 - Category: win - Time: 9.85s
[2025-12-04 15:21:37] 
Processing graph 5/200
[2025-12-04 15:21:37] Graph 5 has 128 nodes and 128 edges
[2025-12-04 15:21:37] Converted to 128 bitstring edges
[2025-12-04 15:21:37] Computing Matchings Dynamic walk
[2025-12-04 15:21:37] Matchings - CX: 245.0, U3: 238.0, Depth: 327.0
[2025-12-04 15:21:37] Computing Pauli decomposition
[2025-12-04 15:21:47] Pauli - CX: 968.0, U3: 840.0, Depth: 1397.0
[2025-12-04 15:21:47] Analysis completed in 9.45s - Category: win
[2025-12-04 15:21:47] Successfully processed graph 5 - Category: win - Time: 9.45s
[2025-12-04 15:21:47] 
Processing graph 6/200
[2025-12-04 15:21:47] Graph 6 has 128 nodes and 128 edges
[2025-12-04 15:21:47] Converted to 128 bitstring edges
[2025-12-04 15:21:47] Computing Matchings Dynamic walk
[2025-12-04 15:21:47] Matchings - CX: 638.0, U3: 632.0, Depth: 837.0
[2025-12-04 15:21:47] Computing Pauli decomposition
[2025-12-04 15:21:56] Pauli - CX: 963.0, U3: 934.0, Depth: 1421.0
[2025-12-04 15:21:56] Analysis completed in 9.52s - Category: win
[2025-12-04 15:21:56] Successfully processed graph 6 - Category: win - Time: 9.52s
[2025-12-04 15:21:56] 
Processing graph 7/200
[2025-12-04 15:21:56] Graph 7 has 128 nodes and 128 edges
[2025-12-04 15:21:56] Converted to 128 bitstring edges
[2025-12-04 15:21:56] Computing Matchings Dynamic walk
[2025-12-04 15:21:56] Matchings - CX: 237.0, U3: 235.0, Depth: 318.0
[2025-12-04 15:21:56] Computing Pauli decomposition
[2025-12-04 15:22:05] Pauli - CX: 748.0, U3: 944.0, Depth: 1203.0
[2025-12-04 15:22:05] Analysis completed in 9.10s - Category: win
[2025-12-04 15:22:05] Successfully processed graph 7 - Category: win - Time: 9.10s
[2025-12-04 15:22:05] 
Processing graph 8/200
[2025-12-04 15:22:05] Graph 8 has 128 nodes and 128 edges
[2025-12-04 15:22:05] Converted to 128 bitstring edges
[2025-12-04 15:22:05] Computing Matchings Dynamic walk
[2025-12-04 15:22:05] Matchings - CX: 239.0, U3: 238.0, Depth: 323.0
[2025-12-04 15:22:05] Computing Pauli decomposition
[2025-12-04 15:22:15] Pauli - CX: 921.0, U3: 783.0, Depth: 1320.0
[2025-12-04 15:22:15] Analysis completed in 9.68s - Category: win
[2025-12-04 15:22:15] Successfully processed graph 8 - Category: win - Time: 9.68s
[2025-12-04 15:22:15] 
Processing graph 9/200
[2025-12-04 15:22:15] Graph 9 has 128 nodes and 128 edges
[2025-12-04 15:22:15] Converted to 128 bitstring edges
[2025-12-04 15:22:15] Computing Matchings Dynamic walk
[2025-12-04 15:22:15] Matchings - CX: 597.0, U3: 603.0, Depth: 785.0
[2025-12-04 15:22:15] Computing Pauli decomposition
[2025-12-04 15:22:25] Pauli - CX: 744.0, U3: 958.0, Depth: 1205.0
[2025-12-04 15:22:25] Analysis completed in 9.96s - Category: win
[2025-12-04 15:22:25] Successfully processed graph 9 - Category: win - Time: 9.96s
[2025-12-04 15:22:25] 
Processing graph 10/200
[2025-12-04 15:22:25] Graph 10 has 128 nodes and 128 edges
[2025-12-04 15:22:25] Converted to 128 bitstring edges
[2025-12-04 15:22:25] Computing Matchings Dynamic walk
[2025-12-04 15:22:25] Matchings - CX: 612.0, U3: 621.0, Depth: 821.0
[2025-12-04 15:22:25] Computing Pauli decomposition
[2025-12-04 15:22:34] Pauli - CX: 843.0, U3: 979.0, Depth: 1305.0
[2025-12-04 15:22:34] Analysis completed in 9.24s - Category: win
[2025-12-04 15:22:34] Successfully processed graph 10 - Category: win - Time: 9.24s
[2025-12-04 15:22:34] 
Processing graph 11/200
[2025-12-04 15:22:34] Graph 11 has 128 nodes and 128 edges
[2025-12-04 15:22:34] Converted to 128 bitstring edges
[2025-12-04 15:22:34] Computing Matchings Dynamic walk
[2025-12-04 15:22:34] Matchings - CX: 702.0, U3: 714.0, Depth: 950.0
[2025-12-04 15:22:34] Computing Pauli decomposition
[2025-12-04 15:22:44] Pauli - CX: 840.0, U3: 796.0, Depth: 1242.0
[2025-12-04 15:22:44] Analysis completed in 9.44s - Category: win
[2025-12-04 15:22:44] Successfully processed graph 11 - Category: win - Time: 9.44s
[2025-12-04 15:22:44] 
Processing graph 12/200
[2025-12-04 15:22:44] Graph 12 has 128 nodes and 128 edges
[2025-12-04 15:22:44] Converted to 128 bitstring edges
[2025-12-04 15:22:44] Computing Matchings Dynamic walk
[2025-12-04 15:22:44] Matchings - CX: 233.0, U3: 234.0, Depth: 315.0
[2025-12-04 15:22:44] Computing Pauli decomposition
[2025-12-04 15:22:53] Pauli - CX: 736.0, U3: 935.0, Depth: 1186.0
[2025-12-04 15:22:53] Analysis completed in 9.39s - Category: win
[2025-12-04 15:22:53] Successfully processed graph 12 - Category: win - Time: 9.39s
[2025-12-04 15:22:53] 
Processing graph 13/200
[2025-12-04 15:22:53] Graph 13 has 128 nodes and 128 edges
[2025-12-04 15:22:53] Converted to 128 bitstring edges
[2025-12-04 15:22:53] Computing Matchings Dynamic walk
[2025-12-04 15:22:53] Matchings - CX: 516.0, U3: 520.0, Depth: 670.0
[2025-12-04 15:22:53] Computing Pauli decomposition
[2025-12-04 15:23:03] Pauli - CX: 801.0, U3: 784.0, Depth: 1198.0
[2025-12-04 15:23:03] Analysis completed in 9.89s - Category: win
[2025-12-04 15:23:03] Successfully processed graph 13 - Category: win - Time: 9.89s
[2025-12-04 15:23:03] 
Processing graph 14/200
[2025-12-04 15:23:03] Graph 14 has 128 nodes and 128 edges
[2025-12-04 15:23:03] Converted to 128 bitstring edges
[2025-12-04 15:23:03] Computing Matchings Dynamic walk
[2025-12-04 15:23:03] Matchings - CX: 239.0, U3: 237.0, Depth: 319.0
[2025-12-04 15:23:03] Computing Pauli decomposition
[2025-12-04 15:23:12] Pauli - CX: 688.0, U3: 900.0, Depth: 1123.0
[2025-12-04 15:23:12] Analysis completed in 9.22s - Category: win
[2025-12-04 15:23:12] Successfully processed graph 14 - Category: win - Time: 9.22s
[2025-12-04 15:23:12] 
Processing graph 15/200
[2025-12-04 15:23:12] Graph 15 has 128 nodes and 128 edges
[2025-12-04 15:23:12] Converted to 128 bitstring edges
[2025-12-04 15:23:12] Computing Matchings Dynamic walk
[2025-12-04 15:23:12] Matchings - CX: 235.0, U3: 233.0, Depth: 308.0
[2025-12-04 15:23:12] Computing Pauli decomposition
[2025-12-04 15:23:21] Pauli - CX: 927.0, U3: 939.0, Depth: 1380.0
[2025-12-04 15:23:21] Analysis completed in 9.24s - Category: win
[2025-12-04 15:23:21] Successfully processed graph 15 - Category: win - Time: 9.24s
[2025-12-04 15:23:21] 
Processing graph 16/200
[2025-12-04 15:23:21] Graph 16 has 128 nodes and 129 edges
[2025-12-04 15:23:21] Converted to 129 bitstring edges
[2025-12-04 15:23:21] Computing Matchings Dynamic walk
[2025-12-04 15:23:21] Matchings - CX: 293.0, U3: 292.0, Depth: 390.0
[2025-12-04 15:23:21] Computing Pauli decomposition
[2025-12-04 15:23:32] Pauli - CX: 860.0, U3: 1066.0, Depth: 1391.0
[2025-12-04 15:23:32] Analysis completed in 10.17s - Category: win
[2025-12-04 15:23:32] Successfully processed graph 16 - Category: win - Time: 10.17s
[2025-12-04 15:23:32] 
Processing graph 17/200
[2025-12-04 15:23:32] Graph 17 has 128 nodes and 129 edges
[2025-12-04 15:23:32] Converted to 129 bitstring edges
[2025-12-04 15:23:32] Computing Matchings Dynamic walk
[2025-12-04 15:23:32] Matchings - CX: 519.0, U3: 517.0, Depth: 697.0
[2025-12-04 15:23:32] Computing Pauli decomposition
[2025-12-04 15:23:41] Pauli - CX: 1037.0, U3: 1362.0, Depth: 1671.0
[2025-12-04 15:23:41] Analysis completed in 9.76s - Category: win
[2025-12-04 15:23:41] Successfully processed graph 17 - Category: win - Time: 9.76s
[2025-12-04 15:23:41] 
Processing graph 18/200
[2025-12-04 15:23:41] Graph 18 has 128 nodes and 129 edges
[2025-12-04 15:23:41] Converted to 129 bitstring edges
[2025-12-04 15:23:41] Computing Matchings Dynamic walk
[2025-12-04 15:23:41] Matchings - CX: 1014.0, U3: 1031.0, Depth: 1358.0
[2025-12-04 15:23:41] Computing Pauli decomposition
[2025-12-04 15:23:51] Pauli - CX: 1228.0, U3: 1155.0, Depth: 1780.0
[2025-12-04 15:23:51] Analysis completed in 9.85s - Category: win
[2025-12-04 15:23:51] Successfully processed graph 18 - Category: win - Time: 9.85s
[2025-12-04 15:23:51] 
Processing graph 19/200
[2025-12-04 15:23:51] Graph 19 has 128 nodes and 129 edges
[2025-12-04 15:23:51] Converted to 129 bitstring edges
[2025-12-04 15:23:51] Computing Matchings Dynamic walk
[2025-12-04 15:23:51] Matchings - CX: 301.0, U3: 294.0, Depth: 400.0
[2025-12-04 15:23:51] Computing Pauli decomposition
[2025-12-04 15:24:01] Pauli - CX: 1055.0, U3: 1182.0, Depth: 1632.0
[2025-12-04 15:24:01] Analysis completed in 9.88s - Category: win
[2025-12-04 15:24:01] Successfully processed graph 19 - Category: win - Time: 9.88s
[2025-12-04 15:24:01] 
Processing graph 20/200
[2025-12-04 15:24:01] Graph 20 has 128 nodes and 129 edges
[2025-12-04 15:24:01] Converted to 129 bitstring edges
[2025-12-04 15:24:01] Computing Matchings Dynamic walk
[2025-12-04 15:24:01] Matchings - CX: 632.0, U3: 632.0, Depth: 832.0
[2025-12-04 15:24:01] Computing Pauli decomposition
[2025-12-04 15:24:11] Pauli - CX: 870.0, U3: 1068.0, Depth: 1405.0
[2025-12-04 15:24:11] Analysis completed in 9.73s - Category: win
[2025-12-04 15:24:11] Successfully processed graph 20 - Category: win - Time: 9.73s
[2025-12-04 15:24:11] 
Processing graph 21/200
[2025-12-04 15:24:11] Graph 21 has 128 nodes and 129 edges
[2025-12-04 15:24:11] Converted to 129 bitstring edges
[2025-12-04 15:24:11] Computing Matchings Dynamic walk
[2025-12-04 15:24:11] Matchings - CX: 295.0, U3: 293.0, Depth: 395.0
[2025-12-04 15:24:11] Computing Pauli decomposition
[2025-12-04 15:24:20] Pauli - CX: 892.0, U3: 1096.0, Depth: 1439.0
[2025-12-04 15:24:20] Analysis completed in 9.54s - Category: win
[2025-12-04 15:24:20] Successfully processed graph 21 - Category: win - Time: 9.54s
[2025-12-04 15:24:20] 
Processing graph 22/200
[2025-12-04 15:24:20] Graph 22 has 128 nodes and 129 edges
[2025-12-04 15:24:20] Converted to 129 bitstring edges
[2025-12-04 15:24:20] Computing Matchings Dynamic walk
[2025-12-04 15:24:20] Matchings - CX: 875.0, U3: 883.0, Depth: 1158.0
[2025-12-04 15:24:20] Computing Pauli decomposition
[2025-12-04 15:24:30] Pauli - CX: 1089.0, U3: 1356.0, Depth: 1729.0
[2025-12-04 15:24:30] Analysis completed in 9.22s - Category: win
[2025-12-04 15:24:30] Successfully processed graph 22 - Category: win - Time: 9.22s
[2025-12-04 15:24:30] 
Processing graph 23/200
[2025-12-04 15:24:30] Graph 23 has 128 nodes and 129 edges
[2025-12-04 15:24:30] Converted to 129 bitstring edges
[2025-12-04 15:24:30] Computing Matchings Dynamic walk
[2025-12-04 15:24:30] Matchings - CX: 301.0, U3: 298.0, Depth: 398.0
[2025-12-04 15:24:30] Computing Pauli decomposition
[2025-12-04 15:24:39] Pauli - CX: 791.0, U3: 1089.0, Depth: 1306.0
[2025-12-04 15:24:39] Analysis completed in 9.36s - Category: win
[2025-12-04 15:24:39] Successfully processed graph 23 - Category: win - Time: 9.36s
[2025-12-04 15:24:39] 
Processing graph 24/200
[2025-12-04 15:24:39] Graph 24 has 128 nodes and 129 edges
[2025-12-04 15:24:39] Converted to 129 bitstring edges
[2025-12-04 15:24:39] Computing Matchings Dynamic walk
[2025-12-04 15:24:39] Matchings - CX: 726.0, U3: 737.0, Depth: 959.0
[2025-12-04 15:24:39] Computing Pauli decomposition
[2025-12-04 15:24:49] Pauli - CX: 877.0, U3: 1129.0, Depth: 1431.0
[2025-12-04 15:24:49] Analysis completed in 9.64s - Category: win
[2025-12-04 15:24:49] Successfully processed graph 24 - Category: win - Time: 9.64s
[2025-12-04 15:24:49] 
Processing graph 25/200
[2025-12-04 15:24:49] Graph 25 has 128 nodes and 129 edges
[2025-12-04 15:24:49] Converted to 129 bitstring edges
[2025-12-04 15:24:49] Computing Matchings Dynamic walk
[2025-12-04 15:24:49] Matchings - CX: 301.0, U3: 293.0, Depth: 400.0
[2025-12-04 15:24:49] Computing Pauli decomposition
[2025-12-04 15:24:59] Pauli - CX: 946.0, U3: 1086.0, Depth: 1469.0
[2025-12-04 15:24:59] Analysis completed in 9.93s - Category: win
[2025-12-04 15:24:59] Successfully processed graph 25 - Category: win - Time: 9.93s
[2025-12-04 15:24:59] 
Processing graph 26/200
[2025-12-04 15:24:59] Graph 26 has 128 nodes and 129 edges
[2025-12-04 15:24:59] Converted to 129 bitstring edges
[2025-12-04 15:24:59] Computing Matchings Dynamic walk
[2025-12-04 15:24:59] Matchings - CX: 677.0, U3: 681.0, Depth: 911.0
[2025-12-04 15:24:59] Computing Pauli decomposition
[2025-12-04 15:25:08] Pauli - CX: 1057.0, U3: 1230.0, Depth: 1650.0
[2025-12-04 15:25:08] Analysis completed in 9.88s - Category: win
[2025-12-04 15:25:08] Successfully processed graph 26 - Category: win - Time: 9.88s
[2025-12-04 15:25:08] 
Processing graph 27/200
[2025-12-04 15:25:08] Graph 27 has 128 nodes and 129 edges
[2025-12-04 15:25:08] Converted to 129 bitstring edges
[2025-12-04 15:25:08] Computing Matchings Dynamic walk
[2025-12-04 15:25:08] Matchings - CX: 713.0, U3: 706.0, Depth: 962.0
[2025-12-04 15:25:08] Computing Pauli decomposition
[2025-12-04 15:25:18] Pauli - CX: 1096.0, U3: 1424.0, Depth: 1762.0
[2025-12-04 15:25:18] Analysis completed in 9.12s - Category: win
[2025-12-04 15:25:18] Successfully processed graph 27 - Category: win - Time: 9.12s
[2025-12-04 15:25:18] 
Processing graph 28/200
[2025-12-04 15:25:18] Graph 28 has 128 nodes and 129 edges
[2025-12-04 15:25:18] Converted to 129 bitstring edges
[2025-12-04 15:25:18] Computing Matchings Dynamic walk
[2025-12-04 15:25:18] Matchings - CX: 297.0, U3: 294.0, Depth: 398.0
[2025-12-04 15:25:18] Computing Pauli decomposition
[2025-12-04 15:25:27] Pauli - CX: 1007.0, U3: 1123.0, Depth: 1555.0
[2025-12-04 15:25:27] Analysis completed in 9.46s - Category: win
[2025-12-04 15:25:27] Successfully processed graph 28 - Category: win - Time: 9.46s
[2025-12-04 15:25:27] 
Processing graph 29/200
[2025-12-04 15:25:27] Graph 29 has 128 nodes and 129 edges
[2025-12-04 15:25:27] Converted to 129 bitstring edges
[2025-12-04 15:25:27] Computing Matchings Dynamic walk
[2025-12-04 15:25:27] Matchings - CX: 756.0, U3: 772.0, Depth: 1022.0
[2025-12-04 15:25:27] Computing Pauli decomposition
[2025-12-04 15:25:36] Pauli - CX: 898.0, U3: 1129.0, Depth: 1451.0
[2025-12-04 15:25:36] Analysis completed in 9.29s - Category: win
[2025-12-04 15:25:36] Successfully processed graph 29 - Category: win - Time: 9.29s
[2025-12-04 15:25:36] 
Processing graph 30/200
[2025-12-04 15:25:36] Graph 30 has 128 nodes and 129 edges
[2025-12-04 15:25:36] Converted to 129 bitstring edges
[2025-12-04 15:25:36] Computing Matchings Dynamic walk
[2025-12-04 15:25:36] Matchings - CX: 530.0, U3: 540.0, Depth: 675.0
[2025-12-04 15:25:36] Computing Pauli decomposition
[2025-12-04 15:25:46] Pauli - CX: 1135.0, U3: 1040.0, Depth: 1671.0
[2025-12-04 15:25:46] Analysis completed in 9.73s - Category: win
[2025-12-04 15:25:46] Successfully processed graph 30 - Category: win - Time: 9.73s
[2025-12-04 15:25:46] 
Processing graph 31/200
[2025-12-04 15:25:46] Graph 31 has 128 nodes and 129 edges
[2025-12-04 15:25:46] Converted to 129 bitstring edges
[2025-12-04 15:25:46] Computing Matchings Dynamic walk
[2025-12-04 15:25:46] Matchings - CX: 299.0, U3: 297.0, Depth: 398.0
[2025-12-04 15:25:46] Computing Pauli decomposition
[2025-12-04 15:25:55] Pauli - CX: 988.0, U3: 1228.0, Depth: 1580.0
[2025-12-04 15:25:55] Analysis completed in 9.34s - Category: win
[2025-12-04 15:25:55] Successfully processed graph 31 - Category: win - Time: 9.34s
[2025-12-04 15:25:55] 
Processing graph 32/200
[2025-12-04 15:25:55] Graph 32 has 128 nodes and 129 edges
[2025-12-04 15:25:55] Converted to 129 bitstring edges
[2025-12-04 15:25:55] Computing Matchings Dynamic walk
[2025-12-04 15:25:55] Matchings - CX: 295.0, U3: 293.0, Depth: 396.0
[2025-12-04 15:25:55] Computing Pauli decomposition
[2025-12-04 15:26:05] Pauli - CX: 951.0, U3: 1104.0, Depth: 1494.0
[2025-12-04 15:26:05] Analysis completed in 9.51s - Category: win
[2025-12-04 15:26:05] Successfully processed graph 32 - Category: win - Time: 9.51s
[2025-12-04 15:26:05] 
Processing graph 33/200
[2025-12-04 15:26:05] Graph 33 has 128 nodes and 129 edges
[2025-12-04 15:26:05] Converted to 129 bitstring edges
[2025-12-04 15:26:05] Computing Matchings Dynamic walk
[2025-12-04 15:26:05] Matchings - CX: 708.0, U3: 709.0, Depth: 959.0
[2025-12-04 15:26:05] Computing Pauli decomposition
[2025-12-04 15:26:14] Pauli - CX: 1187.0, U3: 932.0, Depth: 1682.0
[2025-12-04 15:26:14] Analysis completed in 9.24s - Category: win
[2025-12-04 15:26:14] Successfully processed graph 33 - Category: win - Time: 9.24s
[2025-12-04 15:26:14] 
Processing graph 34/200
[2025-12-04 15:26:14] Graph 34 has 128 nodes and 129 edges
[2025-12-04 15:26:14] Converted to 129 bitstring edges
[2025-12-04 15:26:14] Computing Matchings Dynamic walk
[2025-12-04 15:26:14] Matchings - CX: 786.0, U3: 802.0, Depth: 1064.0
[2025-12-04 15:26:14] Computing Pauli decomposition
[2025-12-04 15:26:24] Pauli - CX: 900.0, U3: 1095.0, Depth: 1436.0
[2025-12-04 15:26:24] Analysis completed in 9.49s - Category: win
[2025-12-04 15:26:24] Successfully processed graph 34 - Category: win - Time: 9.49s
[2025-12-04 15:26:24] 
Processing graph 35/200
[2025-12-04 15:26:24] Graph 35 has 128 nodes and 129 edges
[2025-12-04 15:26:24] Converted to 129 bitstring edges
[2025-12-04 15:26:24] Computing Matchings Dynamic walk
[2025-12-04 15:26:24] Matchings - CX: 301.0, U3: 296.0, Depth: 402.0
[2025-12-04 15:26:24] Computing Pauli decomposition
[2025-12-04 15:26:33] Pauli - CX: 1176.0, U3: 997.0, Depth: 1698.0
[2025-12-04 15:26:33] Analysis completed in 9.38s - Category: win
[2025-12-04 15:26:33] Successfully processed graph 35 - Category: win - Time: 9.38s
[2025-12-04 15:26:33] 
Processing graph 36/200
[2025-12-04 15:26:33] Graph 36 has 128 nodes and 129 edges
[2025-12-04 15:26:33] Converted to 129 bitstring edges
[2025-12-04 15:26:33] Computing Matchings Dynamic walk
[2025-12-04 15:26:33] Matchings - CX: 492.0, U3: 488.0, Depth: 655.0
[2025-12-04 15:26:33] Computing Pauli decomposition
[2025-12-04 15:26:42] Pauli - CX: 1111.0, U3: 1192.0, Depth: 1679.0
[2025-12-04 15:26:42] Analysis completed in 9.39s - Category: win
[2025-12-04 15:26:42] Successfully processed graph 36 - Category: win - Time: 9.39s
[2025-12-04 15:26:42] 
Processing graph 37/200
[2025-12-04 15:26:42] Graph 37 has 128 nodes and 129 edges
[2025-12-04 15:26:42] Converted to 129 bitstring edges
[2025-12-04 15:26:42] Computing Matchings Dynamic walk
[2025-12-04 15:26:42] Matchings - CX: 767.0, U3: 773.0, Depth: 1026.0
[2025-12-04 15:26:42] Computing Pauli decomposition
[2025-12-04 15:26:52] Pauli - CX: 1172.0, U3: 1106.0, Depth: 1723.0
[2025-12-04 15:26:52] Analysis completed in 9.66s - Category: win
[2025-12-04 15:26:52] Successfully processed graph 37 - Category: win - Time: 9.66s
[2025-12-04 15:26:52] 
Processing graph 38/200
[2025-12-04 15:26:52] Graph 38 has 128 nodes and 129 edges
[2025-12-04 15:26:52] Converted to 129 bitstring edges
[2025-12-04 15:26:52] Computing Matchings Dynamic walk
[2025-12-04 15:26:52] Matchings - CX: 671.0, U3: 675.0, Depth: 905.0
[2025-12-04 15:26:52] Computing Pauli decomposition
[2025-12-04 15:27:02] Pauli - CX: 1155.0, U3: 1104.0, Depth: 1709.0
[2025-12-04 15:27:02] Analysis completed in 9.53s - Category: win
[2025-12-04 15:27:02] Successfully processed graph 38 - Category: win - Time: 9.53s
[2025-12-04 15:27:02] 
Processing graph 39/200
[2025-12-04 15:27:02] Graph 39 has 128 nodes and 129 edges
[2025-12-04 15:27:02] Converted to 129 bitstring edges
[2025-12-04 15:27:02] Computing Matchings Dynamic walk
[2025-12-04 15:27:02] Matchings - CX: 764.0, U3: 775.0, Depth: 1018.0
[2025-12-04 15:27:02] Computing Pauli decomposition
[2025-12-04 15:27:11] Pauli - CX: 916.0, U3: 1172.0, Depth: 1486.0
[2025-12-04 15:27:11] Analysis completed in 9.29s - Category: win
[2025-12-04 15:27:11] Successfully processed graph 39 - Category: win - Time: 9.29s
[2025-12-04 15:27:11] 
Processing graph 40/200
[2025-12-04 15:27:11] Graph 40 has 128 nodes and 129 edges
[2025-12-04 15:27:11] Converted to 129 bitstring edges
[2025-12-04 15:27:11] Computing Matchings Dynamic walk
[2025-12-04 15:27:11] Matchings - CX: 709.0, U3: 708.0, Depth: 948.0
[2025-12-04 15:27:11] Computing Pauli decomposition
[2025-12-04 15:27:21] Pauli - CX: 1200.0, U3: 1047.0, Depth: 1729.0
[2025-12-04 15:27:21] Analysis completed in 9.68s - Category: win
[2025-12-04 15:27:21] Successfully processed graph 40 - Category: win - Time: 9.68s
[2025-12-04 15:27:21] 
Processing graph 41/200
[2025-12-04 15:27:21] Graph 41 has 128 nodes and 129 edges
[2025-12-04 15:27:21] Converted to 129 bitstring edges
[2025-12-04 15:27:21] Computing Matchings Dynamic walk
[2025-12-04 15:27:21] Matchings - CX: 297.0, U3: 294.0, Depth: 400.0
[2025-12-04 15:27:21] Computing Pauli decomposition
[2025-12-04 15:27:30] Pauli - CX: 1117.0, U3: 1120.0, Depth: 1662.0
[2025-12-04 15:27:30] Analysis completed in 9.25s - Category: win
[2025-12-04 15:27:30] Successfully processed graph 41 - Category: win - Time: 9.25s
[2025-12-04 15:27:30] 
Processing graph 42/200
[2025-12-04 15:27:30] Graph 42 has 128 nodes and 129 edges
[2025-12-04 15:27:30] Converted to 129 bitstring edges
[2025-12-04 15:27:30] Computing Matchings Dynamic walk
[2025-12-04 15:27:30] Matchings - CX: 301.0, U3: 293.0, Depth: 400.0
[2025-12-04 15:27:30] Computing Pauli decomposition
[2025-12-04 15:27:40] Pauli - CX: 1257.0, U3: 1054.0, Depth: 1796.0
[2025-12-04 15:27:40] Analysis completed in 9.83s - Category: win
[2025-12-04 15:27:40] Successfully processed graph 42 - Category: win - Time: 9.83s
[2025-12-04 15:27:40] 
Processing graph 43/200
[2025-12-04 15:27:40] Graph 43 has 128 nodes and 129 edges
[2025-12-04 15:27:40] Converted to 129 bitstring edges
[2025-12-04 15:27:40] Computing Matchings Dynamic walk
[2025-12-04 15:27:40] Matchings - CX: 558.0, U3: 566.0, Depth: 724.0
[2025-12-04 15:27:40] Computing Pauli decomposition
[2025-12-04 15:27:49] Pauli - CX: 1017.0, U3: 1292.0, Depth: 1620.0
[2025-12-04 15:27:49] Analysis completed in 9.58s - Category: win
[2025-12-04 15:27:49] Successfully processed graph 43 - Category: win - Time: 9.58s
[2025-12-04 15:27:49] 
Processing graph 44/200
[2025-12-04 15:27:49] Graph 44 has 128 nodes and 129 edges
[2025-12-04 15:27:49] Converted to 129 bitstring edges
[2025-12-04 15:27:49] Computing Matchings Dynamic walk
[2025-12-04 15:27:49] Matchings - CX: 666.0, U3: 673.0, Depth: 888.0
[2025-12-04 15:27:49] Computing Pauli decomposition
[2025-12-04 15:27:59] Pauli - CX: 1000.0, U3: 1271.0, Depth: 1597.0
[2025-12-04 15:27:59] Analysis completed in 9.56s - Category: win
[2025-12-04 15:27:59] Successfully processed graph 44 - Category: win - Time: 9.56s
[2025-12-04 15:27:59] 
Processing graph 45/200
[2025-12-04 15:27:59] Graph 45 has 128 nodes and 129 edges
[2025-12-04 15:27:59] Converted to 129 bitstring edges
[2025-12-04 15:27:59] Computing Matchings Dynamic walk
[2025-12-04 15:27:59] Matchings - CX: 509.0, U3: 510.0, Depth: 680.0
[2025-12-04 15:27:59] Computing Pauli decomposition
[2025-12-04 15:28:09] Pauli - CX: 984.0, U3: 1262.0, Depth: 1583.0
[2025-12-04 15:28:09] Analysis completed in 9.71s - Category: win
[2025-12-04 15:28:09] Successfully processed graph 45 - Category: win - Time: 9.71s
[2025-12-04 15:28:09] 
Processing graph 46/200
[2025-12-04 15:28:09] Graph 46 has 128 nodes and 129 edges
[2025-12-04 15:28:09] Converted to 129 bitstring edges
[2025-12-04 15:28:09] Computing Matchings Dynamic walk
[2025-12-04 15:28:09] Matchings - CX: 303.0, U3: 299.0, Depth: 405.0
[2025-12-04 15:28:09] Computing Pauli decomposition
[2025-12-04 15:28:18] Pauli - CX: 1079.0, U3: 1358.0, Depth: 1718.0
[2025-12-04 15:28:18] Analysis completed in 9.67s - Category: win
[2025-12-04 15:28:18] Successfully processed graph 46 - Category: win - Time: 9.67s
[2025-12-04 15:28:18] 
Processing graph 47/200
[2025-12-04 15:28:18] Graph 47 has 128 nodes and 129 edges
[2025-12-04 15:28:18] Converted to 129 bitstring edges
[2025-12-04 15:28:18] Computing Matchings Dynamic walk
[2025-12-04 15:28:18] Matchings - CX: 758.0, U3: 762.0, Depth: 991.0
[2025-12-04 15:28:18] Computing Pauli decomposition
[2025-12-04 15:28:28] Pauli - CX: 980.0, U3: 1144.0, Depth: 1545.0
[2025-12-04 15:28:28] Analysis completed in 9.70s - Category: win
[2025-12-04 15:28:28] Successfully processed graph 47 - Category: win - Time: 9.70s
[2025-12-04 15:28:28] 
Processing graph 48/200
[2025-12-04 15:28:28] Graph 48 has 128 nodes and 129 edges
[2025-12-04 15:28:28] Converted to 129 bitstring edges
[2025-12-04 15:28:28] Computing Matchings Dynamic walk
[2025-12-04 15:28:28] Matchings - CX: 303.0, U3: 299.0, Depth: 402.0
[2025-12-04 15:28:28] Computing Pauli decomposition
[2025-12-04 15:28:37] Pauli - CX: 807.0, U3: 1128.0, Depth: 1329.0
[2025-12-04 15:28:37] Analysis completed in 9.22s - Category: win
[2025-12-04 15:28:37] Successfully processed graph 48 - Category: win - Time: 9.22s
[2025-12-04 15:28:37] 
Processing graph 49/200
[2025-12-04 15:28:37] Graph 49 has 128 nodes and 129 edges
[2025-12-04 15:28:37] Converted to 129 bitstring edges
[2025-12-04 15:28:37] Computing Matchings Dynamic walk
[2025-12-04 15:28:37] Matchings - CX: 301.0, U3: 296.0, Depth: 398.0
[2025-12-04 15:28:37] Computing Pauli decomposition
[2025-12-04 15:28:47] Pauli - CX: 1108.0, U3: 978.0, Depth: 1619.0
[2025-12-04 15:28:47] Analysis completed in 9.46s - Category: win
[2025-12-04 15:28:47] Successfully processed graph 49 - Category: win - Time: 9.46s
[2025-12-04 15:28:47] 
Processing graph 50/200
[2025-12-04 15:28:47] Graph 50 has 128 nodes and 129 edges
[2025-12-04 15:28:47] Converted to 129 bitstring edges
[2025-12-04 15:28:47] Computing Matchings Dynamic walk
[2025-12-04 15:28:47] Matchings - CX: 297.0, U3: 293.0, Depth: 397.0
[2025-12-04 15:28:47] Computing Pauli decomposition
[2025-12-04 15:28:58] Pauli - CX: 1016.0, U3: 1256.0, Depth: 1614.0
[2025-12-04 15:28:58] Analysis completed in 10.98s - Category: win
[2025-12-04 15:28:58] Successfully processed graph 50 - Category: win - Time: 10.98s
[2025-12-04 15:28:58] 
Processing graph 51/200
[2025-12-04 15:28:58] Graph 51 has 128 nodes and 129 edges
[2025-12-04 15:28:58] Converted to 129 bitstring edges
[2025-12-04 15:28:58] Computing Matchings Dynamic walk
[2025-12-04 15:28:58] Matchings - CX: 724.0, U3: 727.0, Depth: 942.0
[2025-12-04 15:28:58] Computing Pauli decomposition
[2025-12-04 15:29:07] Pauli - CX: 1249.0, U3: 1110.0, Depth: 1805.0
[2025-12-04 15:29:07] Analysis completed in 9.71s - Category: win
[2025-12-04 15:29:07] Successfully processed graph 51 - Category: win - Time: 9.71s
[2025-12-04 15:29:07] 
Processing graph 52/200
[2025-12-04 15:29:07] Graph 52 has 128 nodes and 129 edges
[2025-12-04 15:29:07] Converted to 129 bitstring edges
[2025-12-04 15:29:07] Computing Matchings Dynamic walk
[2025-12-04 15:29:07] Matchings - CX: 297.0, U3: 293.0, Depth: 397.0
[2025-12-04 15:29:07] Computing Pauli decomposition
[2025-12-04 15:29:17] Pauli - CX: 1039.0, U3: 1237.0, Depth: 1632.0
[2025-12-04 15:29:17] Analysis completed in 9.72s - Category: win
[2025-12-04 15:29:17] Successfully processed graph 52 - Category: win - Time: 9.72s
[2025-12-04 15:29:17] 
Processing graph 53/200
[2025-12-04 15:29:17] Graph 53 has 128 nodes and 129 edges
[2025-12-04 15:29:17] Converted to 129 bitstring edges
[2025-12-04 15:29:17] Computing Matchings Dynamic walk
[2025-12-04 15:29:17] Matchings - CX: 707.0, U3: 708.0, Depth: 957.0
[2025-12-04 15:29:17] Computing Pauli decomposition
[2025-12-04 15:29:27] Pauli - CX: 1199.0, U3: 1123.0, Depth: 1760.0
[2025-12-04 15:29:27] Analysis completed in 9.75s - Category: win
[2025-12-04 15:29:27] Successfully processed graph 53 - Category: win - Time: 9.75s
[2025-12-04 15:29:27] 
Processing graph 54/200
[2025-12-04 15:29:27] Graph 54 has 128 nodes and 129 edges
[2025-12-04 15:29:27] Converted to 129 bitstring edges
[2025-12-04 15:29:27] Computing Matchings Dynamic walk
[2025-12-04 15:29:27] Matchings - CX: 701.0, U3: 700.0, Depth: 947.0
[2025-12-04 15:29:27] Computing Pauli decomposition
[2025-12-04 15:29:36] Pauli - CX: 934.0, U3: 1208.0, Depth: 1515.0
[2025-12-04 15:29:36] Analysis completed in 9.49s - Category: win
[2025-12-04 15:29:36] Successfully processed graph 54 - Category: win - Time: 9.49s
[2025-12-04 15:29:36] 
Processing graph 55/200
[2025-12-04 15:29:36] Graph 55 has 128 nodes and 129 edges
[2025-12-04 15:29:36] Converted to 129 bitstring edges
[2025-12-04 15:29:36] Computing Matchings Dynamic walk
[2025-12-04 15:29:36] Matchings - CX: 875.0, U3: 879.0, Depth: 1166.0
[2025-12-04 15:29:36] Computing Pauli decomposition
[2025-12-04 15:29:46] Pauli - CX: 1044.0, U3: 1272.0, Depth: 1647.0
[2025-12-04 15:29:46] Analysis completed in 10.06s - Category: win
[2025-12-04 15:29:46] Successfully processed graph 55 - Category: win - Time: 10.06s
[2025-12-04 15:29:46] 
Processing graph 56/200
[2025-12-04 15:29:46] Graph 56 has 128 nodes and 129 edges
[2025-12-04 15:29:46] Converted to 129 bitstring edges
[2025-12-04 15:29:46] Computing Matchings Dynamic walk
[2025-12-04 15:29:46] Matchings - CX: 651.0, U3: 665.0, Depth: 868.0
[2025-12-04 15:29:46] Computing Pauli decomposition
[2025-12-04 15:29:56] Pauli - CX: 876.0, U3: 1106.0, Depth: 1422.0
[2025-12-04 15:29:56] Analysis completed in 9.62s - Category: win
[2025-12-04 15:29:56] Successfully processed graph 56 - Category: win - Time: 9.62s
[2025-12-04 15:29:56] 
Processing graph 57/200
[2025-12-04 15:29:56] Graph 57 has 128 nodes and 129 edges
[2025-12-04 15:29:56] Converted to 129 bitstring edges
[2025-12-04 15:29:56] Computing Matchings Dynamic walk
[2025-12-04 15:29:56] Matchings - CX: 457.0, U3: 463.0, Depth: 621.0
[2025-12-04 15:29:56] Computing Pauli decomposition
[2025-12-04 15:30:05] Pauli - CX: 1152.0, U3: 1034.0, Depth: 1678.0
[2025-12-04 15:30:05] Analysis completed in 9.55s - Category: win
[2025-12-04 15:30:05] Successfully processed graph 57 - Category: win - Time: 9.55s
[2025-12-04 15:30:05] 
Processing graph 58/200
[2025-12-04 15:30:05] Graph 58 has 128 nodes and 129 edges
[2025-12-04 15:30:05] Converted to 129 bitstring edges
[2025-12-04 15:30:05] Computing Matchings Dynamic walk
[2025-12-04 15:30:06] Matchings - CX: 696.0, U3: 694.0, Depth: 911.0
[2025-12-04 15:30:06] Computing Pauli decomposition
[2025-12-04 15:30:16] Pauli - CX: 912.0, U3: 1116.0, Depth: 1465.0
[2025-12-04 15:30:16] Analysis completed in 10.21s - Category: win
[2025-12-04 15:30:16] Successfully processed graph 58 - Category: win - Time: 10.21s
[2025-12-04 15:30:16] 
Processing graph 59/200
[2025-12-04 15:30:16] Graph 59 has 128 nodes and 129 edges
[2025-12-04 15:30:16] Converted to 129 bitstring edges
[2025-12-04 15:30:16] Computing Matchings Dynamic walk
[2025-12-04 15:30:16] Matchings - CX: 1057.0, U3: 1066.0, Depth: 1405.0
[2025-12-04 15:30:16] Computing Pauli decomposition
[2025-12-04 15:30:26] Pauli - CX: 856.0, U3: 1053.0, Depth: 1383.0
[2025-12-04 15:30:26] Analysis completed in 10.12s - Category: lose
[2025-12-04 15:30:26] Successfully processed graph 59 - Category: lose - Time: 10.12s
[2025-12-04 15:30:26] 
Processing graph 60/200
[2025-12-04 15:30:26] Graph 60 has 128 nodes and 129 edges
[2025-12-04 15:30:26] Converted to 129 bitstring edges
[2025-12-04 15:30:26] Computing Matchings Dynamic walk
[2025-12-04 15:30:26] Matchings - CX: 299.0, U3: 295.0, Depth: 399.0
[2025-12-04 15:30:26] Computing Pauli decomposition
[2025-12-04 15:30:38] Pauli - CX: 912.0, U3: 1145.0, Depth: 1474.0
[2025-12-04 15:30:38] Analysis completed in 11.91s - Category: win
[2025-12-04 15:30:38] Successfully processed graph 60 - Category: win - Time: 11.91s
[2025-12-04 15:30:38] 
Processing graph 61/200
[2025-12-04 15:30:38] Graph 61 has 128 nodes and 129 edges
[2025-12-04 15:30:38] Converted to 129 bitstring edges
[2025-12-04 15:30:38] Computing Matchings Dynamic walk
[2025-12-04 15:30:38] Matchings - CX: 591.0, U3: 590.0, Depth: 777.0
[2025-12-04 15:30:38] Computing Pauli decomposition
[2025-12-04 15:30:50] Pauli - CX: 864.0, U3: 1105.0, Depth: 1408.0
[2025-12-04 15:30:50] Analysis completed in 12.14s - Category: win
[2025-12-04 15:30:50] Successfully processed graph 61 - Category: win - Time: 12.14s
[2025-12-04 15:30:50] 
Processing graph 62/200
[2025-12-04 15:30:50] Graph 62 has 128 nodes and 129 edges
[2025-12-04 15:30:50] Converted to 129 bitstring edges
[2025-12-04 15:30:50] Computing Matchings Dynamic walk
[2025-12-04 15:30:50] Matchings - CX: 301.0, U3: 298.0, Depth: 398.0
[2025-12-04 15:30:50] Computing Pauli decomposition
[2025-12-04 15:31:02] Pauli - CX: 977.0, U3: 1259.0, Depth: 1579.0
[2025-12-04 15:31:02] Analysis completed in 12.28s - Category: win
[2025-12-04 15:31:02] Successfully processed graph 62 - Category: win - Time: 12.28s
[2025-12-04 15:31:02] 
Processing graph 63/200
[2025-12-04 15:31:02] Graph 63 has 128 nodes and 129 edges
[2025-12-04 15:31:02] Converted to 129 bitstring edges
[2025-12-04 15:31:02] Computing Matchings Dynamic walk
[2025-12-04 15:31:02] Matchings - CX: 297.0, U3: 300.0, Depth: 398.0
[2025-12-04 15:31:02] Computing Pauli decomposition
[2025-12-04 15:31:14] Pauli - CX: 1005.0, U3: 1265.0, Depth: 1606.0
[2025-12-04 15:31:14] Analysis completed in 12.08s - Category: win
[2025-12-04 15:31:14] Successfully processed graph 63 - Category: win - Time: 12.08s
[2025-12-04 15:31:14] 
Processing graph 64/200
[2025-12-04 15:31:14] Graph 64 has 128 nodes and 129 edges
[2025-12-04 15:31:14] Converted to 129 bitstring edges
[2025-12-04 15:31:14] Computing Matchings Dynamic walk
[2025-12-04 15:31:14] Matchings - CX: 473.0, U3: 476.0, Depth: 618.0
[2025-12-04 15:31:14] Computing Pauli decomposition
[2025-12-04 15:31:26] Pauli - CX: 945.0, U3: 1281.0, Depth: 1545.0
[2025-12-04 15:31:26] Analysis completed in 12.02s - Category: win
[2025-12-04 15:31:26] Successfully processed graph 64 - Category: win - Time: 12.02s
[2025-12-04 15:31:26] 
Processing graph 65/200
[2025-12-04 15:31:26] Graph 65 has 128 nodes and 129 edges
[2025-12-04 15:31:26] Converted to 129 bitstring edges
[2025-12-04 15:31:26] Computing Matchings Dynamic walk
[2025-12-04 15:31:26] Matchings - CX: 303.0, U3: 298.0, Depth: 404.0
[2025-12-04 15:31:26] Computing Pauli decomposition
[2025-12-04 15:31:38] Pauli - CX: 1247.0, U3: 1081.0, Depth: 1795.0
[2025-12-04 15:31:38] Analysis completed in 11.65s - Category: win
[2025-12-04 15:31:38] Successfully processed graph 65 - Category: win - Time: 11.65s
[2025-12-04 15:31:38] 
Processing graph 66/200
[2025-12-04 15:31:38] Graph 66 has 128 nodes and 129 edges
[2025-12-04 15:31:38] Converted to 129 bitstring edges
[2025-12-04 15:31:38] Computing Matchings Dynamic walk
[2025-12-04 15:31:38] Matchings - CX: 734.0, U3: 728.0, Depth: 972.0
[2025-12-04 15:31:38] Computing Pauli decomposition
[2025-12-04 15:31:50] Pauli - CX: 1071.0, U3: 1336.0, Depth: 1694.0
[2025-12-04 15:31:50] Analysis completed in 12.00s - Category: win
[2025-12-04 15:31:50] Successfully processed graph 66 - Category: win - Time: 12.00s
[2025-12-04 15:31:50] 
Processing graph 67/200
[2025-12-04 15:31:50] Graph 67 has 128 nodes and 129 edges
[2025-12-04 15:31:50] Converted to 129 bitstring edges
[2025-12-04 15:31:50] Computing Matchings Dynamic walk
[2025-12-04 15:31:50] Matchings - CX: 763.0, U3: 780.0, Depth: 1006.0
[2025-12-04 15:31:50] Computing Pauli decomposition
[2025-12-04 15:32:01] Pauli - CX: 920.0, U3: 1151.0, Depth: 1483.0
[2025-12-04 15:32:01] Analysis completed in 11.53s - Category: win
[2025-12-04 15:32:01] Successfully processed graph 67 - Category: win - Time: 11.53s
[2025-12-04 15:32:01] 
Processing graph 68/200
[2025-12-04 15:32:01] Graph 68 has 128 nodes and 129 edges
[2025-12-04 15:32:01] Converted to 129 bitstring edges
[2025-12-04 15:32:01] Computing Matchings Dynamic walk
[2025-12-04 15:32:02] Matchings - CX: 436.0, U3: 436.0, Depth: 599.0
[2025-12-04 15:32:02] Computing Pauli decomposition
[2025-12-04 15:32:13] Pauli - CX: 1198.0, U3: 1096.0, Depth: 1748.0
[2025-12-04 15:32:13] Analysis completed in 11.54s - Category: win
[2025-12-04 15:32:13] Successfully processed graph 68 - Category: win - Time: 11.54s
[2025-12-04 15:32:13] 
Processing graph 69/200
[2025-12-04 15:32:13] Graph 69 has 128 nodes and 130 edges
[2025-12-04 15:32:13] Converted to 130 bitstring edges
[2025-12-04 15:32:13] Computing Matchings Dynamic walk
[2025-12-04 15:32:13] Matchings - CX: 1175.0, U3: 1214.0, Depth: 1583.0
[2025-12-04 15:32:13] Computing Pauli decomposition
[2025-12-04 15:32:25] Pauli - CX: 1075.0, U3: 1311.0, Depth: 1733.0
[2025-12-04 15:32:25] Analysis completed in 11.92s - Category: lose
[2025-12-04 15:32:25] Successfully processed graph 69 - Category: lose - Time: 11.92s
[2025-12-04 15:32:25] 
Processing graph 70/200
[2025-12-04 15:32:25] Graph 70 has 128 nodes and 130 edges
[2025-12-04 15:32:25] Converted to 130 bitstring edges
[2025-12-04 15:32:25] Computing Matchings Dynamic walk
[2025-12-04 15:32:25] Matchings - CX: 1078.0, U3: 1098.0, Depth: 1428.0
[2025-12-04 15:32:25] Computing Pauli decomposition
[2025-12-04 15:32:37] Pauli - CX: 1532.0, U3: 1465.0, Depth: 2245.0
[2025-12-04 15:32:37] Analysis completed in 12.30s - Category: win
[2025-12-04 15:32:37] Successfully processed graph 70 - Category: win - Time: 12.30s
[2025-12-04 15:32:37] 
Processing graph 71/200
[2025-12-04 15:32:37] Graph 71 has 128 nodes and 130 edges
[2025-12-04 15:32:37] Converted to 130 bitstring edges
[2025-12-04 15:32:37] Computing Matchings Dynamic walk
[2025-12-04 15:32:37] Matchings - CX: 363.0, U3: 358.0, Depth: 480.0
[2025-12-04 15:32:37] Computing Pauli decomposition
[2025-12-04 15:32:50] Pauli - CX: 1292.0, U3: 1623.0, Depth: 2055.0
[2025-12-04 15:32:50] Analysis completed in 12.32s - Category: win
[2025-12-04 15:32:50] Successfully processed graph 71 - Category: win - Time: 12.32s
[2025-12-04 15:32:50] 
Processing graph 72/200
[2025-12-04 15:32:50] Graph 72 has 128 nodes and 130 edges
[2025-12-04 15:32:50] Converted to 130 bitstring edges
[2025-12-04 15:32:50] Computing Matchings Dynamic walk
[2025-12-04 15:32:50] Matchings - CX: 823.0, U3: 823.0, Depth: 1102.0
[2025-12-04 15:32:50] Computing Pauli decomposition
[2025-12-04 15:33:01] Pauli - CX: 1313.0, U3: 1493.0, Depth: 2027.0
[2025-12-04 15:33:01] Analysis completed in 11.50s - Category: win
[2025-12-04 15:33:01] Successfully processed graph 72 - Category: win - Time: 11.50s
[2025-12-04 15:33:01] 
Processing graph 73/200
[2025-12-04 15:33:01] Graph 73 has 128 nodes and 130 edges
[2025-12-04 15:33:01] Converted to 130 bitstring edges
[2025-12-04 15:33:01] Computing Matchings Dynamic walk
[2025-12-04 15:33:01] Matchings - CX: 900.0, U3: 909.0, Depth: 1182.0
[2025-12-04 15:33:01] Computing Pauli decomposition
[2025-12-04 15:33:13] Pauli - CX: 1290.0, U3: 1534.0, Depth: 2027.0
[2025-12-04 15:33:13] Analysis completed in 12.24s - Category: win
[2025-12-04 15:33:13] Successfully processed graph 73 - Category: win - Time: 12.24s
[2025-12-04 15:33:13] 
Processing graph 74/200
[2025-12-04 15:33:13] Graph 74 has 128 nodes and 130 edges
[2025-12-04 15:33:13] Converted to 130 bitstring edges
[2025-12-04 15:33:13] Computing Matchings Dynamic walk
[2025-12-04 15:33:13] Matchings - CX: 655.0, U3: 648.0, Depth: 862.0
[2025-12-04 15:33:13] Computing Pauli decomposition
[2025-12-04 15:33:25] Pauli - CX: 1311.0, U3: 1360.0, Depth: 1988.0
[2025-12-04 15:33:25] Analysis completed in 11.92s - Category: win
[2025-12-04 15:33:25] Successfully processed graph 74 - Category: win - Time: 11.92s
[2025-12-04 15:33:25] 
Processing graph 75/200
[2025-12-04 15:33:25] Graph 75 has 128 nodes and 130 edges
[2025-12-04 15:33:25] Converted to 130 bitstring edges
[2025-12-04 15:33:25] Computing Matchings Dynamic walk
[2025-12-04 15:33:25] Matchings - CX: 1033.0, U3: 1030.0, Depth: 1354.0
[2025-12-04 15:33:25] Computing Pauli decomposition
[2025-12-04 15:33:37] Pauli - CX: 1223.0, U3: 1402.0, Depth: 1913.0
[2025-12-04 15:33:37] Analysis completed in 12.13s - Category: win
[2025-12-04 15:33:37] Successfully processed graph 75 - Category: win - Time: 12.13s
[2025-12-04 15:33:37] 
Processing graph 76/200
[2025-12-04 15:33:37] Graph 76 has 128 nodes and 130 edges
[2025-12-04 15:33:37] Converted to 130 bitstring edges
[2025-12-04 15:33:37] Computing Matchings Dynamic walk
[2025-12-04 15:33:37] Matchings - CX: 359.0, U3: 354.0, Depth: 476.0
[2025-12-04 15:33:37] Computing Pauli decomposition
[2025-12-04 15:33:49] Pauli - CX: 1270.0, U3: 1623.0, Depth: 2041.0
[2025-12-04 15:33:49] Analysis completed in 11.73s - Category: win
[2025-12-04 15:33:49] Successfully processed graph 76 - Category: win - Time: 11.73s
[2025-12-04 15:33:49] 
Processing graph 77/200
[2025-12-04 15:33:49] Graph 77 has 128 nodes and 130 edges
[2025-12-04 15:33:49] Converted to 130 bitstring edges
[2025-12-04 15:33:49] Computing Matchings Dynamic walk
[2025-12-04 15:33:49] Matchings - CX: 741.0, U3: 744.0, Depth: 993.0
[2025-12-04 15:33:49] Computing Pauli decomposition
[2025-12-04 15:34:00] Pauli - CX: 1017.0, U3: 1302.0, Depth: 1640.0
[2025-12-04 15:34:00] Analysis completed in 11.28s - Category: win
[2025-12-04 15:34:00] Successfully processed graph 77 - Category: win - Time: 11.28s
[2025-12-04 15:34:00] 
Processing graph 78/200
[2025-12-04 15:34:00] Graph 78 has 128 nodes and 130 edges
[2025-12-04 15:34:00] Converted to 130 bitstring edges
[2025-12-04 15:34:00] Computing Matchings Dynamic walk
[2025-12-04 15:34:00] Matchings - CX: 637.0, U3: 641.0, Depth: 840.0
[2025-12-04 15:34:00] Computing Pauli decomposition
[2025-12-04 15:34:11] Pauli - CX: 1146.0, U3: 1415.0, Depth: 1834.0
[2025-12-04 15:34:11] Analysis completed in 10.99s - Category: win
[2025-12-04 15:34:11] Successfully processed graph 78 - Category: win - Time: 10.99s
[2025-12-04 15:34:11] 
Processing graph 79/200
[2025-12-04 15:34:11] Graph 79 has 128 nodes and 130 edges
[2025-12-04 15:34:11] Converted to 130 bitstring edges
[2025-12-04 15:34:11] Computing Matchings Dynamic walk
[2025-12-04 15:34:11] Matchings - CX: 1133.0, U3: 1158.0, Depth: 1469.0
[2025-12-04 15:34:11] Computing Pauli decomposition
[2025-12-04 15:34:22] Pauli - CX: 1186.0, U3: 1436.0, Depth: 1874.0
[2025-12-04 15:34:22] Analysis completed in 10.14s - Category: win
[2025-12-04 15:34:22] Successfully processed graph 79 - Category: win - Time: 10.14s
[2025-12-04 15:34:22] 
Processing graph 80/200
[2025-12-04 15:34:22] Graph 80 has 128 nodes and 130 edges
[2025-12-04 15:34:22] Converted to 130 bitstring edges
[2025-12-04 15:34:22] Computing Matchings Dynamic walk
[2025-12-04 15:34:22] Matchings - CX: 914.0, U3: 919.0, Depth: 1211.0
[2025-12-04 15:34:22] Computing Pauli decomposition
[2025-12-04 15:34:31] Pauli - CX: 829.0, U3: 956.0, Depth: 1284.0
[2025-12-04 15:34:31] Analysis completed in 9.41s - Category: lose
[2025-12-04 15:34:31] Successfully processed graph 80 - Category: lose - Time: 9.41s
[2025-12-04 15:34:31] 
Processing graph 81/200
[2025-12-04 15:34:31] Graph 81 has 128 nodes and 130 edges
[2025-12-04 15:34:31] Converted to 130 bitstring edges
[2025-12-04 15:34:31] Computing Matchings Dynamic walk
[2025-12-04 15:34:31] Matchings - CX: 856.0, U3: 857.0, Depth: 1147.0
[2025-12-04 15:34:31] Computing Pauli decomposition
[2025-12-04 15:34:41] Pauli - CX: 1281.0, U3: 1444.0, Depth: 1976.0
[2025-12-04 15:34:41] Analysis completed in 10.16s - Category: win
[2025-12-04 15:34:41] Successfully processed graph 81 - Category: win - Time: 10.16s
[2025-12-04 15:34:41] 
Processing graph 82/200
[2025-12-04 15:34:41] Graph 82 has 128 nodes and 130 edges
[2025-12-04 15:34:41] Converted to 130 bitstring edges
[2025-12-04 15:34:41] Computing Matchings Dynamic walk
[2025-12-04 15:34:41] Matchings - CX: 727.0, U3: 729.0, Depth: 970.0
[2025-12-04 15:34:41] Computing Pauli decomposition
[2025-12-04 15:34:51] Pauli - CX: 1213.0, U3: 1469.0, Depth: 1920.0
[2025-12-04 15:34:51] Analysis completed in 10.03s - Category: win
[2025-12-04 15:34:51] Successfully processed graph 82 - Category: win - Time: 10.03s
[2025-12-04 15:34:51] 
Processing graph 83/200
[2025-12-04 15:34:51] Graph 83 has 128 nodes and 130 edges
[2025-12-04 15:34:51] Converted to 130 bitstring edges
[2025-12-04 15:34:51] Computing Matchings Dynamic walk
[2025-12-04 15:34:51] Matchings - CX: 361.0, U3: 360.0, Depth: 478.0
[2025-12-04 15:34:51] Computing Pauli decomposition
[2025-12-04 15:35:01] Pauli - CX: 1193.0, U3: 1176.0, Depth: 1797.0
[2025-12-04 15:35:01] Analysis completed in 9.82s - Category: win
[2025-12-04 15:35:01] Successfully processed graph 83 - Category: win - Time: 9.82s
[2025-12-04 15:35:01] 
Processing graph 84/200
[2025-12-04 15:35:01] Graph 84 has 128 nodes and 130 edges
[2025-12-04 15:35:01] Converted to 130 bitstring edges
[2025-12-04 15:35:01] Computing Matchings Dynamic walk
[2025-12-04 15:35:01] Matchings - CX: 820.0, U3: 829.0, Depth: 1111.0
[2025-12-04 15:35:01] Computing Pauli decomposition
[2025-12-04 15:35:11] Pauli - CX: 1407.0, U3: 1214.0, Depth: 2035.0
[2025-12-04 15:35:11] Analysis completed in 9.91s - Category: win
[2025-12-04 15:35:11] Successfully processed graph 84 - Category: win - Time: 9.91s
[2025-12-04 15:35:11] 
Processing graph 85/200
[2025-12-04 15:35:11] Graph 85 has 128 nodes and 130 edges
[2025-12-04 15:35:11] Converted to 130 bitstring edges
[2025-12-04 15:35:11] Computing Matchings Dynamic walk
[2025-12-04 15:35:11] Matchings - CX: 363.0, U3: 356.0, Depth: 480.0
[2025-12-04 15:35:11] Computing Pauli decomposition
[2025-12-04 15:35:21] Pauli - CX: 1029.0, U3: 1284.0, Depth: 1661.0
[2025-12-04 15:35:21] Analysis completed in 9.78s - Category: win
[2025-12-04 15:35:21] Successfully processed graph 85 - Category: win - Time: 9.78s
[2025-12-04 15:35:21] 
Processing graph 86/200
[2025-12-04 15:35:21] Graph 86 has 128 nodes and 130 edges
[2025-12-04 15:35:21] Converted to 130 bitstring edges
[2025-12-04 15:35:21] Computing Matchings Dynamic walk
[2025-12-04 15:35:21] Matchings - CX: 357.0, U3: 356.0, Depth: 473.0
[2025-12-04 15:35:21] Computing Pauli decomposition
[2025-12-04 15:35:31] Pauli - CX: 1175.0, U3: 1296.0, Depth: 1827.0
[2025-12-04 15:35:31] Analysis completed in 9.84s - Category: win
[2025-12-04 15:35:31] Successfully processed graph 86 - Category: win - Time: 9.84s
[2025-12-04 15:35:31] 
Processing graph 87/200
[2025-12-04 15:35:31] Graph 87 has 128 nodes and 130 edges
[2025-12-04 15:35:31] Converted to 130 bitstring edges
[2025-12-04 15:35:31] Computing Matchings Dynamic walk
[2025-12-04 15:35:31] Matchings - CX: 800.0, U3: 812.0, Depth: 1061.0
[2025-12-04 15:35:31] Computing Pauli decomposition
[2025-12-04 15:35:40] Pauli - CX: 1127.0, U3: 1406.0, Depth: 1818.0
[2025-12-04 15:35:40] Analysis completed in 9.75s - Category: win
[2025-12-04 15:35:40] Successfully processed graph 87 - Category: win - Time: 9.75s
[2025-12-04 15:35:40] 
Processing graph 88/200
[2025-12-04 15:35:40] Graph 88 has 128 nodes and 130 edges
[2025-12-04 15:35:40] Converted to 130 bitstring edges
[2025-12-04 15:35:40] Computing Matchings Dynamic walk
[2025-12-04 15:35:40] Matchings - CX: 359.0, U3: 355.0, Depth: 480.0
[2025-12-04 15:35:40] Computing Pauli decomposition
[2025-12-04 15:35:50] Pauli - CX: 1199.0, U3: 1368.0, Depth: 1859.0
[2025-12-04 15:35:50] Analysis completed in 9.74s - Category: win
[2025-12-04 15:35:50] Successfully processed graph 88 - Category: win - Time: 9.74s
[2025-12-04 15:35:50] 
Processing graph 89/200
[2025-12-04 15:35:50] Graph 89 has 128 nodes and 130 edges
[2025-12-04 15:35:50] Converted to 130 bitstring edges
[2025-12-04 15:35:50] Computing Matchings Dynamic walk
[2025-12-04 15:35:50] Matchings - CX: 919.0, U3: 937.0, Depth: 1187.0
[2025-12-04 15:35:50] Computing Pauli decomposition
[2025-12-04 15:36:00] Pauli - CX: 1146.0, U3: 1389.0, Depth: 1814.0
[2025-12-04 15:36:00] Analysis completed in 10.06s - Category: win
[2025-12-04 15:36:00] Successfully processed graph 89 - Category: win - Time: 10.06s
[2025-12-04 15:36:00] 
Processing graph 90/200
[2025-12-04 15:36:00] Graph 90 has 128 nodes and 130 edges
[2025-12-04 15:36:00] Converted to 130 bitstring edges
[2025-12-04 15:36:00] Computing Matchings Dynamic walk
[2025-12-04 15:36:00] Matchings - CX: 538.0, U3: 535.0, Depth: 707.0
[2025-12-04 15:36:00] Computing Pauli decomposition
[2025-12-04 15:36:11] Pauli - CX: 1148.0, U3: 1381.0, Depth: 1827.0
[2025-12-04 15:36:11] Analysis completed in 10.90s - Category: win
[2025-12-04 15:36:11] Successfully processed graph 90 - Category: win - Time: 10.90s
[2025-12-04 15:36:11] 
Processing graph 91/200
[2025-12-04 15:36:11] Graph 91 has 128 nodes and 130 edges
[2025-12-04 15:36:11] Converted to 130 bitstring edges
[2025-12-04 15:36:11] Computing Matchings Dynamic walk
[2025-12-04 15:36:11] Matchings - CX: 365.0, U3: 360.0, Depth: 482.0
[2025-12-04 15:36:11] Computing Pauli decomposition
[2025-12-04 15:36:20] Pauli - CX: 1233.0, U3: 1533.0, Depth: 1968.0
[2025-12-04 15:36:20] Analysis completed in 9.37s - Category: win
[2025-12-04 15:36:20] Successfully processed graph 91 - Category: win - Time: 9.37s
[2025-12-04 15:36:20] 
Processing graph 92/200
[2025-12-04 15:36:20] Graph 92 has 128 nodes and 130 edges
[2025-12-04 15:36:20] Converted to 130 bitstring edges
[2025-12-04 15:36:20] Computing Matchings Dynamic walk
[2025-12-04 15:36:20] Matchings - CX: 794.0, U3: 806.0, Depth: 1031.0
[2025-12-04 15:36:20] Computing Pauli decomposition
[2025-12-04 15:36:30] Pauli - CX: 1159.0, U3: 1393.0, Depth: 1816.0
[2025-12-04 15:36:30] Analysis completed in 9.65s - Category: win
[2025-12-04 15:36:30] Successfully processed graph 92 - Category: win - Time: 9.65s
[2025-12-04 15:36:30] 
Processing graph 93/200
[2025-12-04 15:36:30] Graph 93 has 128 nodes and 130 edges
[2025-12-04 15:36:30] Converted to 130 bitstring edges
[2025-12-04 15:36:30] Computing Matchings Dynamic walk
[2025-12-04 15:36:30] Matchings - CX: 987.0, U3: 1002.0, Depth: 1299.0
[2025-12-04 15:36:30] Computing Pauli decomposition
[2025-12-04 15:36:40] Pauli - CX: 1329.0, U3: 1406.0, Depth: 2026.0
[2025-12-04 15:36:40] Analysis completed in 9.97s - Category: win
[2025-12-04 15:36:40] Successfully processed graph 93 - Category: win - Time: 9.97s
[2025-12-04 15:36:40] 
Processing graph 94/200
[2025-12-04 15:36:40] Graph 94 has 128 nodes and 130 edges
[2025-12-04 15:36:40] Converted to 130 bitstring edges
[2025-12-04 15:36:40] Computing Matchings Dynamic walk
[2025-12-04 15:36:40] Matchings - CX: 359.0, U3: 355.0, Depth: 476.0
[2025-12-04 15:36:40] Computing Pauli decomposition
[2025-12-04 15:36:49] Pauli - CX: 931.0, U3: 1202.0, Depth: 1527.0
[2025-12-04 15:36:49] Analysis completed in 8.95s - Category: win
[2025-12-04 15:36:49] Successfully processed graph 94 - Category: win - Time: 8.95s
[2025-12-04 15:36:49] 
Processing graph 95/200
[2025-12-04 15:36:49] Graph 95 has 128 nodes and 130 edges
[2025-12-04 15:36:49] Converted to 130 bitstring edges
[2025-12-04 15:36:49] Computing Matchings Dynamic walk
[2025-12-04 15:36:49] Matchings - CX: 855.0, U3: 860.0, Depth: 1133.0
[2025-12-04 15:36:49] Computing Pauli decomposition
[2025-12-04 15:36:58] Pauli - CX: 1161.0, U3: 1317.0, Depth: 1814.0
[2025-12-04 15:36:58] Analysis completed in 9.38s - Category: win
[2025-12-04 15:36:58] Successfully processed graph 95 - Category: win - Time: 9.38s
[2025-12-04 15:36:58] 
Processing graph 96/200
[2025-12-04 15:36:58] Graph 96 has 128 nodes and 130 edges
[2025-12-04 15:36:58] Converted to 130 bitstring edges
[2025-12-04 15:36:58] Computing Matchings Dynamic walk
[2025-12-04 15:36:58] Matchings - CX: 1136.0, U3: 1155.0, Depth: 1470.0
[2025-12-04 15:36:58] Computing Pauli decomposition
[2025-12-04 15:37:08] Pauli - CX: 1129.0, U3: 1575.0, Depth: 1844.0
[2025-12-04 15:37:08] Analysis completed in 9.96s - Category: lose
[2025-12-04 15:37:08] Successfully processed graph 96 - Category: lose - Time: 9.96s
[2025-12-04 15:37:08] 
Processing graph 97/200
[2025-12-04 15:37:08] Graph 97 has 128 nodes and 130 edges
[2025-12-04 15:37:08] Converted to 130 bitstring edges
[2025-12-04 15:37:08] Computing Matchings Dynamic walk
[2025-12-04 15:37:08] Matchings - CX: 844.0, U3: 849.0, Depth: 1095.0
[2025-12-04 15:37:08] Computing Pauli decomposition
[2025-12-04 15:37:18] Pauli - CX: 1241.0, U3: 1407.0, Depth: 1925.0
[2025-12-04 15:37:18] Analysis completed in 9.24s - Category: win
[2025-12-04 15:37:18] Successfully processed graph 97 - Category: win - Time: 9.24s
[2025-12-04 15:37:18] 
Processing graph 98/200
[2025-12-04 15:37:18] Graph 98 has 128 nodes and 130 edges
[2025-12-04 15:37:18] Converted to 130 bitstring edges
[2025-12-04 15:37:18] Computing Matchings Dynamic walk
[2025-12-04 15:37:18] Matchings - CX: 357.0, U3: 353.0, Depth: 471.0
[2025-12-04 15:37:18] Computing Pauli decomposition
[2025-12-04 15:37:27] Pauli - CX: 1033.0, U3: 1244.0, Depth: 1658.0
[2025-12-04 15:37:27] Analysis completed in 9.70s - Category: win
[2025-12-04 15:37:27] Successfully processed graph 98 - Category: win - Time: 9.70s
[2025-12-04 15:37:27] 
Processing graph 99/200
[2025-12-04 15:37:27] Graph 99 has 128 nodes and 130 edges
[2025-12-04 15:37:27] Converted to 130 bitstring edges
[2025-12-04 15:37:27] Computing Matchings Dynamic walk
[2025-12-04 15:37:27] Matchings - CX: 531.0, U3: 536.0, Depth: 701.0
[2025-12-04 15:37:27] Computing Pauli decomposition
[2025-12-04 15:37:37] Pauli - CX: 1059.0, U3: 1338.0, Depth: 1709.0
[2025-12-04 15:37:37] Analysis completed in 9.43s - Category: win
[2025-12-04 15:37:37] Successfully processed graph 99 - Category: win - Time: 9.43s
[2025-12-04 15:37:37] 
Processing graph 100/200
[2025-12-04 15:37:37] Graph 100 has 128 nodes and 130 edges
[2025-12-04 15:37:37] Converted to 130 bitstring edges
[2025-12-04 15:37:37] Computing Matchings Dynamic walk
[2025-12-04 15:37:37] Matchings - CX: 357.0, U3: 354.0, Depth: 470.0
[2025-12-04 15:37:37] Computing Pauli decomposition
[2025-12-04 15:37:47] Pauli - CX: 1037.0, U3: 1160.0, Depth: 1643.0
[2025-12-04 15:37:47] Analysis completed in 10.26s - Category: win
[2025-12-04 15:37:47] Successfully processed graph 100 - Category: win - Time: 10.26s
[2025-12-04 15:37:47] 
Processing graph 101/200
[2025-12-04 15:37:47] Graph 101 has 128 nodes and 130 edges
[2025-12-04 15:37:47] Converted to 130 bitstring edges
[2025-12-04 15:37:47] Computing Matchings Dynamic walk
[2025-12-04 15:37:47] Matchings - CX: 359.0, U3: 355.0, Depth: 476.0
[2025-12-04 15:37:47] Computing Pauli decomposition
[2025-12-04 15:37:57] Pauli - CX: 1191.0, U3: 1426.0, Depth: 1885.0
[2025-12-04 15:37:57] Analysis completed in 9.68s - Category: win
[2025-12-04 15:37:57] Successfully processed graph 101 - Category: win - Time: 9.68s
[2025-12-04 15:37:57] 
Processing graph 102/200
[2025-12-04 15:37:57] Graph 102 has 128 nodes and 130 edges
[2025-12-04 15:37:57] Converted to 130 bitstring edges
[2025-12-04 15:37:57] Computing Matchings Dynamic walk
[2025-12-04 15:37:57] Matchings - CX: 928.0, U3: 933.0, Depth: 1220.0
[2025-12-04 15:37:57] Computing Pauli decomposition
[2025-12-04 15:38:06] Pauli - CX: 1077.0, U3: 1429.0, Depth: 1755.0
[2025-12-04 15:38:06] Analysis completed in 9.80s - Category: win
[2025-12-04 15:38:06] Successfully processed graph 102 - Category: win - Time: 9.80s
[2025-12-04 15:38:06] 
Processing graph 103/200
[2025-12-04 15:38:06] Graph 103 has 128 nodes and 130 edges
[2025-12-04 15:38:06] Converted to 130 bitstring edges
[2025-12-04 15:38:06] Computing Matchings Dynamic walk
[2025-12-04 15:38:06] Matchings - CX: 916.0, U3: 929.0, Depth: 1222.0
[2025-12-04 15:38:06] Computing Pauli decomposition
[2025-12-04 15:38:17] Pauli - CX: 829.0, U3: 988.0, Depth: 1301.0
[2025-12-04 15:38:17] Analysis completed in 10.18s - Category: lose
[2025-12-04 15:38:17] Successfully processed graph 103 - Category: lose - Time: 10.18s
[2025-12-04 15:38:17] 
Processing graph 104/200
[2025-12-04 15:38:17] Graph 104 has 128 nodes and 130 edges
[2025-12-04 15:38:17] Converted to 130 bitstring edges
[2025-12-04 15:38:17] Computing Matchings Dynamic walk
[2025-12-04 15:38:17] Matchings - CX: 1153.0, U3: 1174.0, Depth: 1539.0
[2025-12-04 15:38:17] Computing Pauli decomposition
[2025-12-04 15:38:28] Pauli - CX: 1144.0, U3: 1227.0, Depth: 1761.0
[2025-12-04 15:38:28] Analysis completed in 11.30s - Category: lose
[2025-12-04 15:38:28] Successfully processed graph 104 - Category: lose - Time: 11.30s
[2025-12-04 15:38:28] 
Processing graph 105/200
[2025-12-04 15:38:28] Graph 105 has 128 nodes and 130 edges
[2025-12-04 15:38:28] Converted to 130 bitstring edges
[2025-12-04 15:38:28] Computing Matchings Dynamic walk
[2025-12-04 15:38:28] Matchings - CX: 560.0, U3: 553.0, Depth: 744.0
[2025-12-04 15:38:28] Computing Pauli decomposition
[2025-12-04 15:38:40] Pauli - CX: 1078.0, U3: 1337.0, Depth: 1731.0
[2025-12-04 15:38:40] Analysis completed in 12.56s - Category: win
[2025-12-04 15:38:40] Successfully processed graph 105 - Category: win - Time: 12.56s
[2025-12-04 15:38:40] 
Processing graph 106/200
[2025-12-04 15:38:40] Graph 106 has 128 nodes and 130 edges
[2025-12-04 15:38:40] Converted to 130 bitstring edges
[2025-12-04 15:38:40] Computing Matchings Dynamic walk
[2025-12-04 15:38:41] Matchings - CX: 634.0, U3: 628.0, Depth: 827.0
[2025-12-04 15:38:41] Computing Pauli decomposition
[2025-12-04 15:38:50] Pauli - CX: 1160.0, U3: 1479.0, Depth: 1852.0
[2025-12-04 15:38:50] Analysis completed in 9.49s - Category: win
[2025-12-04 15:38:50] Successfully processed graph 106 - Category: win - Time: 9.49s
[2025-12-04 15:38:50] 
Processing graph 107/200
[2025-12-04 15:38:50] Graph 107 has 128 nodes and 130 edges
[2025-12-04 15:38:50] Converted to 130 bitstring edges
[2025-12-04 15:38:50] Computing Matchings Dynamic walk
[2025-12-04 15:38:50] Matchings - CX: 363.0, U3: 360.0, Depth: 479.0
[2025-12-04 15:38:50] Computing Pauli decomposition
[2025-12-04 15:39:00] Pauli - CX: 1213.0, U3: 1381.0, Depth: 1897.0
[2025-12-04 15:39:00] Analysis completed in 9.90s - Category: win
[2025-12-04 15:39:00] Successfully processed graph 107 - Category: win - Time: 9.90s
[2025-12-04 15:39:00] 
Processing graph 108/200
[2025-12-04 15:39:00] Graph 108 has 128 nodes and 130 edges
[2025-12-04 15:39:00] Converted to 130 bitstring edges
[2025-12-04 15:39:00] Computing Matchings Dynamic walk
[2025-12-04 15:39:00] Matchings - CX: 357.0, U3: 352.0, Depth: 475.0
[2025-12-04 15:39:00] Computing Pauli decomposition
[2025-12-04 15:39:10] Pauli - CX: 1114.0, U3: 1402.0, Depth: 1799.0
[2025-12-04 15:39:10] Analysis completed in 10.22s - Category: win
[2025-12-04 15:39:10] Successfully processed graph 108 - Category: win - Time: 10.22s
[2025-12-04 15:39:10] 
Processing graph 109/200
[2025-12-04 15:39:10] Graph 109 has 128 nodes and 130 edges
[2025-12-04 15:39:10] Converted to 130 bitstring edges
[2025-12-04 15:39:10] Computing Matchings Dynamic walk
[2025-12-04 15:39:10] Matchings - CX: 1284.0, U3: 1300.0, Depth: 1686.0
[2025-12-04 15:39:10] Computing Pauli decomposition
[2025-12-04 15:39:21] Pauli - CX: 1301.0, U3: 1569.0, Depth: 2048.0
[2025-12-04 15:39:21] Analysis completed in 11.40s - Category: win
[2025-12-04 15:39:21] Successfully processed graph 109 - Category: win - Time: 11.40s
[2025-12-04 15:39:21] 
Processing graph 110/200
[2025-12-04 15:39:21] Graph 110 has 128 nodes and 130 edges
[2025-12-04 15:39:21] Converted to 130 bitstring edges
[2025-12-04 15:39:21] Computing Matchings Dynamic walk
[2025-12-04 15:39:22] Matchings - CX: 1049.0, U3: 1065.0, Depth: 1382.0
[2025-12-04 15:39:22] Computing Pauli decomposition
[2025-12-04 15:39:31] Pauli - CX: 1087.0, U3: 1317.0, Depth: 1744.0
[2025-12-04 15:39:31] Analysis completed in 9.86s - Category: win
[2025-12-04 15:39:31] Successfully processed graph 110 - Category: win - Time: 9.86s
[2025-12-04 15:39:31] 
Processing graph 111/200
[2025-12-04 15:39:31] Graph 111 has 128 nodes and 130 edges
[2025-12-04 15:39:31] Converted to 130 bitstring edges
[2025-12-04 15:39:31] Computing Matchings Dynamic walk
[2025-12-04 15:39:31] Matchings - CX: 363.0, U3: 358.0, Depth: 476.0
[2025-12-04 15:39:31] Computing Pauli decomposition
[2025-12-04 15:39:41] Pauli - CX: 1210.0, U3: 1559.0, Depth: 1951.0
[2025-12-04 15:39:41] Analysis completed in 9.63s - Category: win
[2025-12-04 15:39:41] Successfully processed graph 111 - Category: win - Time: 9.63s
[2025-12-04 15:39:41] 
Processing graph 112/200
[2025-12-04 15:39:41] Graph 112 has 128 nodes and 130 edges
[2025-12-04 15:39:41] Converted to 130 bitstring edges
[2025-12-04 15:39:41] Computing Matchings Dynamic walk
[2025-12-04 15:39:41] Matchings - CX: 918.0, U3: 936.0, Depth: 1211.0
[2025-12-04 15:39:41] Computing Pauli decomposition
[2025-12-04 15:39:51] Pauli - CX: 1152.0, U3: 1471.0, Depth: 1873.0
[2025-12-04 15:39:51] Analysis completed in 9.78s - Category: win
[2025-12-04 15:39:51] Successfully processed graph 112 - Category: win - Time: 9.78s
[2025-12-04 15:39:51] 
Processing graph 113/200
[2025-12-04 15:39:51] Graph 113 has 128 nodes and 130 edges
[2025-12-04 15:39:51] Converted to 130 bitstring edges
[2025-12-04 15:39:51] Computing Matchings Dynamic walk
[2025-12-04 15:39:51] Matchings - CX: 357.0, U3: 350.0, Depth: 472.0
[2025-12-04 15:39:51] Computing Pauli decomposition
[2025-12-04 15:40:00] Pauli - CX: 1359.0, U3: 1231.0, Depth: 1985.0
[2025-12-04 15:40:00] Analysis completed in 9.57s - Category: win
[2025-12-04 15:40:00] Successfully processed graph 113 - Category: win - Time: 9.57s
[2025-12-04 15:40:00] 
Processing graph 114/200
[2025-12-04 15:40:00] Graph 114 has 128 nodes and 130 edges
[2025-12-04 15:40:00] Converted to 130 bitstring edges
[2025-12-04 15:40:00] Computing Matchings Dynamic walk
[2025-12-04 15:40:00] Matchings - CX: 1030.0, U3: 1049.0, Depth: 1376.0
[2025-12-04 15:40:00] Computing Pauli decomposition
[2025-12-04 15:40:11] Pauli - CX: 1032.0, U3: 1256.0, Depth: 1666.0
[2025-12-04 15:40:11] Analysis completed in 10.60s - Category: win
[2025-12-04 15:40:11] Successfully processed graph 114 - Category: win - Time: 10.60s
[2025-12-04 15:40:11] 
Processing graph 115/200
[2025-12-04 15:40:11] Graph 115 has 128 nodes and 130 edges
[2025-12-04 15:40:11] Converted to 130 bitstring edges
[2025-12-04 15:40:11] Computing Matchings Dynamic walk
[2025-12-04 15:40:11] Matchings - CX: 1081.0, U3: 1115.0, Depth: 1435.0
[2025-12-04 15:40:11] Computing Pauli decomposition
[2025-12-04 15:40:21] Pauli - CX: 1147.0, U3: 1226.0, Depth: 1773.0
[2025-12-04 15:40:21] Analysis completed in 9.60s - Category: win
[2025-12-04 15:40:21] Successfully processed graph 115 - Category: win - Time: 9.60s
[2025-12-04 15:40:21] 
Processing graph 116/200
[2025-12-04 15:40:21] Graph 116 has 128 nodes and 130 edges
[2025-12-04 15:40:21] Converted to 130 bitstring edges
[2025-12-04 15:40:21] Computing Matchings Dynamic walk
[2025-12-04 15:40:21] Matchings - CX: 766.0, U3: 766.0, Depth: 1030.0
[2025-12-04 15:40:21] Computing Pauli decomposition
[2025-12-04 15:40:30] Pauli - CX: 967.0, U3: 1321.0, Depth: 1597.0
[2025-12-04 15:40:30] Analysis completed in 9.70s - Category: win
[2025-12-04 15:40:30] Successfully processed graph 116 - Category: win - Time: 9.70s
[2025-12-04 15:40:30] 
Processing graph 117/200
[2025-12-04 15:40:30] Graph 117 has 128 nodes and 130 edges
[2025-12-04 15:40:30] Converted to 130 bitstring edges
[2025-12-04 15:40:30] Computing Matchings Dynamic walk
[2025-12-04 15:40:30] Matchings - CX: 357.0, U3: 355.0, Depth: 475.0
[2025-12-04 15:40:30] Computing Pauli decomposition
[2025-12-04 15:40:39] Pauli - CX: 1231.0, U3: 1501.0, Depth: 1956.0
[2025-12-04 15:40:39] Analysis completed in 9.16s - Category: win
[2025-12-04 15:40:39] Successfully processed graph 117 - Category: win - Time: 9.16s
[2025-12-04 15:40:39] 
Processing graph 118/200
[2025-12-04 15:40:39] Graph 118 has 128 nodes and 130 edges
[2025-12-04 15:40:39] Converted to 130 bitstring edges
[2025-12-04 15:40:39] Computing Matchings Dynamic walk
[2025-12-04 15:40:39] Matchings - CX: 365.0, U3: 358.0, Depth: 483.0
[2025-12-04 15:40:39] Computing Pauli decomposition
[2025-12-04 15:40:49] Pauli - CX: 1289.0, U3: 1441.0, Depth: 1989.0
[2025-12-04 15:40:49] Analysis completed in 9.91s - Category: win
[2025-12-04 15:40:49] Successfully processed graph 118 - Category: win - Time: 9.91s
[2025-12-04 15:40:49] 
Processing graph 119/200
[2025-12-04 15:40:49] Graph 119 has 128 nodes and 130 edges
[2025-12-04 15:40:49] Converted to 130 bitstring edges
[2025-12-04 15:40:49] Computing Matchings Dynamic walk
[2025-12-04 15:40:49] Matchings - CX: 361.0, U3: 356.0, Depth: 475.0
[2025-12-04 15:40:49] Computing Pauli decomposition
[2025-12-04 15:40:59] Pauli - CX: 1085.0, U3: 1287.0, Depth: 1712.0
[2025-12-04 15:40:59] Analysis completed in 9.92s - Category: win
[2025-12-04 15:40:59] Successfully processed graph 119 - Category: win - Time: 9.92s
[2025-12-04 15:40:59] 
Processing graph 120/200
[2025-12-04 15:40:59] Graph 120 has 128 nodes and 130 edges
[2025-12-04 15:40:59] Converted to 130 bitstring edges
[2025-12-04 15:40:59] Computing Matchings Dynamic walk
[2025-12-04 15:40:59] Matchings - CX: 361.0, U3: 357.0, Depth: 479.0
[2025-12-04 15:40:59] Computing Pauli decomposition
[2025-12-04 15:41:09] Pauli - CX: 1085.0, U3: 1393.0, Depth: 1765.0
[2025-12-04 15:41:09] Analysis completed in 9.75s - Category: win
[2025-12-04 15:41:09] Successfully processed graph 120 - Category: win - Time: 9.75s
[2025-12-04 15:41:09] 
Processing graph 121/200
[2025-12-04 15:41:09] Graph 121 has 128 nodes and 130 edges
[2025-12-04 15:41:09] Converted to 130 bitstring edges
[2025-12-04 15:41:09] Computing Matchings Dynamic walk
[2025-12-04 15:41:09] Matchings - CX: 1109.0, U3: 1142.0, Depth: 1451.0
[2025-12-04 15:41:09] Computing Pauli decomposition
[2025-12-04 15:41:19] Pauli - CX: 1176.0, U3: 1227.0, Depth: 1810.0
[2025-12-04 15:41:19] Analysis completed in 9.80s - Category: win
[2025-12-04 15:41:19] Successfully processed graph 121 - Category: win - Time: 9.80s
[2025-12-04 15:41:19] 
Processing graph 122/200
[2025-12-04 15:41:19] Graph 122 has 128 nodes and 130 edges
[2025-12-04 15:41:19] Converted to 130 bitstring edges
[2025-12-04 15:41:19] Computing Matchings Dynamic walk
[2025-12-04 15:41:19] Matchings - CX: 1371.0, U3: 1412.0, Depth: 1777.0
[2025-12-04 15:41:19] Computing Pauli decomposition
[2025-12-04 15:41:28] Pauli - CX: 1260.0, U3: 1587.0, Depth: 2012.0
[2025-12-04 15:41:28] Analysis completed in 9.32s - Category: lose
[2025-12-04 15:41:28] Successfully processed graph 122 - Category: lose - Time: 9.32s
[2025-12-04 15:41:28] 
Processing graph 123/200
[2025-12-04 15:41:28] Graph 123 has 128 nodes and 130 edges
[2025-12-04 15:41:28] Converted to 130 bitstring edges
[2025-12-04 15:41:28] Computing Matchings Dynamic walk
[2025-12-04 15:41:28] Matchings - CX: 696.0, U3: 688.0, Depth: 922.0
[2025-12-04 15:41:28] Computing Pauli decomposition
[2025-12-04 15:41:39] Pauli - CX: 1245.0, U3: 1488.0, Depth: 1942.0
[2025-12-04 15:41:39] Analysis completed in 10.42s - Category: win
[2025-12-04 15:41:39] Successfully processed graph 123 - Category: win - Time: 10.42s
[2025-12-04 15:41:39] 
Processing graph 124/200
[2025-12-04 15:41:39] Graph 124 has 128 nodes and 130 edges
[2025-12-04 15:41:39] Converted to 130 bitstring edges
[2025-12-04 15:41:39] Computing Matchings Dynamic walk
[2025-12-04 15:41:39] Matchings - CX: 825.0, U3: 829.0, Depth: 1087.0
[2025-12-04 15:41:39] Computing Pauli decomposition
[2025-12-04 15:41:48] Pauli - CX: 1198.0, U3: 1470.0, Depth: 1908.0
[2025-12-04 15:41:48] Analysis completed in 9.18s - Category: win
[2025-12-04 15:41:48] Successfully processed graph 124 - Category: win - Time: 9.18s
[2025-12-04 15:41:48] 
Processing graph 125/200
[2025-12-04 15:41:48] Graph 125 has 128 nodes and 130 edges
[2025-12-04 15:41:48] Converted to 130 bitstring edges
[2025-12-04 15:41:48] Computing Matchings Dynamic walk
[2025-12-04 15:41:48] Matchings - CX: 359.0, U3: 357.0, Depth: 477.0
[2025-12-04 15:41:48] Computing Pauli decomposition
[2025-12-04 15:41:57] Pauli - CX: 1261.0, U3: 1520.0, Depth: 1995.0
[2025-12-04 15:41:57] Analysis completed in 9.58s - Category: win
[2025-12-04 15:41:57] Successfully processed graph 125 - Category: win - Time: 9.58s
[2025-12-04 15:41:57] 
Processing graph 126/200
[2025-12-04 15:41:57] Graph 126 has 128 nodes and 130 edges
[2025-12-04 15:41:57] Converted to 130 bitstring edges
[2025-12-04 15:41:57] Computing Matchings Dynamic walk
[2025-12-04 15:41:57] Matchings - CX: 1137.0, U3: 1166.0, Depth: 1495.0
[2025-12-04 15:41:57] Computing Pauli decomposition
[2025-12-04 15:42:07] Pauli - CX: 1063.0, U3: 1280.0, Depth: 1712.0
[2025-12-04 15:42:07] Analysis completed in 9.82s - Category: lose
[2025-12-04 15:42:07] Successfully processed graph 126 - Category: lose - Time: 9.82s
[2025-12-04 15:42:07] 
Processing graph 127/200
[2025-12-04 15:42:07] Graph 127 has 128 nodes and 130 edges
[2025-12-04 15:42:07] Converted to 130 bitstring edges
[2025-12-04 15:42:07] Computing Matchings Dynamic walk
[2025-12-04 15:42:07] Matchings - CX: 365.0, U3: 357.0, Depth: 485.0
[2025-12-04 15:42:07] Computing Pauli decomposition
[2025-12-04 15:42:18] Pauli - CX: 1360.0, U3: 1605.0, Depth: 2124.0
[2025-12-04 15:42:18] Analysis completed in 10.63s - Category: win
[2025-12-04 15:42:18] Successfully processed graph 127 - Category: win - Time: 10.63s
[2025-12-04 15:42:18] 
Processing graph 128/200
[2025-12-04 15:42:18] Graph 128 has 128 nodes and 130 edges
[2025-12-04 15:42:18] Converted to 130 bitstring edges
[2025-12-04 15:42:18] Computing Matchings Dynamic walk
[2025-12-04 15:42:18] Matchings - CX: 359.0, U3: 357.0, Depth: 478.0
[2025-12-04 15:42:18] Computing Pauli decomposition
[2025-12-04 15:42:29] Pauli - CX: 1264.0, U3: 1513.0, Depth: 1983.0
[2025-12-04 15:42:29] Analysis completed in 11.64s - Category: win
[2025-12-04 15:42:29] Successfully processed graph 128 - Category: win - Time: 11.64s
[2025-12-04 15:42:29] 
Processing graph 129/200
[2025-12-04 15:42:29] Graph 129 has 128 nodes and 130 edges
[2025-12-04 15:42:29] Converted to 130 bitstring edges
[2025-12-04 15:42:29] Computing Matchings Dynamic walk
[2025-12-04 15:42:29] Matchings - CX: 792.0, U3: 814.0, Depth: 1067.0
[2025-12-04 15:42:29] Computing Pauli decomposition
[2025-12-04 15:42:39] Pauli - CX: 1212.0, U3: 1137.0, Depth: 1814.0
[2025-12-04 15:42:39] Analysis completed in 9.78s - Category: win
[2025-12-04 15:42:39] Successfully processed graph 129 - Category: win - Time: 9.78s
[2025-12-04 15:42:39] 
Processing graph 130/200
[2025-12-04 15:42:39] Graph 130 has 128 nodes and 130 edges
[2025-12-04 15:42:39] Converted to 130 bitstring edges
[2025-12-04 15:42:39] Computing Matchings Dynamic walk
[2025-12-04 15:42:39] Matchings - CX: 802.0, U3: 794.0, Depth: 1065.0
[2025-12-04 15:42:39] Computing Pauli decomposition
[2025-12-04 15:42:49] Pauli - CX: 1008.0, U3: 1416.0, Depth: 1683.0
[2025-12-04 15:42:49] Analysis completed in 10.06s - Category: win
[2025-12-04 15:42:49] Successfully processed graph 130 - Category: win - Time: 10.06s
[2025-12-04 15:42:49] 
Processing graph 131/200
[2025-12-04 15:42:49] Graph 131 has 128 nodes and 130 edges
[2025-12-04 15:42:49] Converted to 130 bitstring edges
[2025-12-04 15:42:49] Computing Matchings Dynamic walk
[2025-12-04 15:42:49] Matchings - CX: 1114.0, U3: 1139.0, Depth: 1469.0
[2025-12-04 15:42:49] Computing Pauli decomposition
[2025-12-04 15:42:59] Pauli - CX: 1102.0, U3: 1307.0, Depth: 1757.0
[2025-12-04 15:42:59] Analysis completed in 9.46s - Category: lose
[2025-12-04 15:42:59] Successfully processed graph 131 - Category: lose - Time: 9.46s
[2025-12-04 15:42:59] 
Processing graph 132/200
[2025-12-04 15:42:59] Graph 132 has 128 nodes and 130 edges
[2025-12-04 15:42:59] Converted to 130 bitstring edges
[2025-12-04 15:42:59] Computing Matchings Dynamic walk
[2025-12-04 15:42:59] Matchings - CX: 1107.0, U3: 1117.0, Depth: 1480.0
[2025-12-04 15:42:59] Computing Pauli decomposition
[2025-12-04 15:43:09] Pauli - CX: 1156.0, U3: 1349.0, Depth: 1821.0
[2025-12-04 15:43:09] Analysis completed in 9.94s - Category: win
[2025-12-04 15:43:09] Successfully processed graph 132 - Category: win - Time: 9.94s
[2025-12-04 15:43:09] 
Processing graph 133/200
[2025-12-04 15:43:09] Graph 133 has 128 nodes and 130 edges
[2025-12-04 15:43:09] Converted to 130 bitstring edges
[2025-12-04 15:43:09] Computing Matchings Dynamic walk
[2025-12-04 15:43:09] Matchings - CX: 1104.0, U3: 1117.0, Depth: 1450.0
[2025-12-04 15:43:09] Computing Pauli decomposition
[2025-12-04 15:43:18] Pauli - CX: 1140.0, U3: 1344.0, Depth: 1803.0
[2025-12-04 15:43:18] Analysis completed in 9.75s - Category: win
[2025-12-04 15:43:18] Successfully processed graph 133 - Category: win - Time: 9.75s
[2025-12-04 15:43:18] 
Processing graph 134/200
[2025-12-04 15:43:18] Graph 134 has 128 nodes and 130 edges
[2025-12-04 15:43:18] Converted to 130 bitstring edges
[2025-12-04 15:43:18] Computing Matchings Dynamic walk
[2025-12-04 15:43:18] Matchings - CX: 365.0, U3: 359.0, Depth: 483.0
[2025-12-04 15:43:18] Computing Pauli decomposition
[2025-12-04 15:43:28] Pauli - CX: 1260.0, U3: 1480.0, Depth: 1981.0
[2025-12-04 15:43:28] Analysis completed in 9.80s - Category: win
[2025-12-04 15:43:28] Successfully processed graph 134 - Category: win - Time: 9.80s
[2025-12-04 15:43:28] 
Processing graph 135/200
[2025-12-04 15:43:28] Graph 135 has 128 nodes and 130 edges
[2025-12-04 15:43:28] Converted to 130 bitstring edges
[2025-12-04 15:43:28] Computing Matchings Dynamic walk
[2025-12-04 15:43:28] Matchings - CX: 728.0, U3: 733.0, Depth: 963.0
[2025-12-04 15:43:28] Computing Pauli decomposition
[2025-12-04 15:43:38] Pauli - CX: 1301.0, U3: 1504.0, Depth: 2029.0
[2025-12-04 15:43:38] Analysis completed in 9.53s - Category: win
[2025-12-04 15:43:38] Successfully processed graph 135 - Category: win - Time: 9.53s
[2025-12-04 15:43:38] 
Processing graph 136/200
[2025-12-04 15:43:38] Graph 136 has 128 nodes and 130 edges
[2025-12-04 15:43:38] Converted to 130 bitstring edges
[2025-12-04 15:43:38] Computing Matchings Dynamic walk
[2025-12-04 15:43:38] Matchings - CX: 651.0, U3: 647.0, Depth: 862.0
[2025-12-04 15:43:38] Computing Pauli decomposition
[2025-12-04 15:43:47] Pauli - CX: 1179.0, U3: 1402.0, Depth: 1870.0
[2025-12-04 15:43:47] Analysis completed in 9.65s - Category: win
[2025-12-04 15:43:47] Successfully processed graph 136 - Category: win - Time: 9.65s
[2025-12-04 15:43:47] 
Processing graph 137/200
[2025-12-04 15:43:47] Graph 137 has 128 nodes and 130 edges
[2025-12-04 15:43:47] Converted to 130 bitstring edges
[2025-12-04 15:43:47] Computing Matchings Dynamic walk
[2025-12-04 15:43:47] Matchings - CX: 1068.0, U3: 1089.0, Depth: 1403.0
[2025-12-04 15:43:47] Computing Pauli decomposition
[2025-12-04 15:43:57] Pauli - CX: 1175.0, U3: 1413.0, Depth: 1872.0
[2025-12-04 15:43:57] Analysis completed in 9.76s - Category: win
[2025-12-04 15:43:57] Successfully processed graph 137 - Category: win - Time: 9.76s
[2025-12-04 15:43:57] 
Processing graph 138/200
[2025-12-04 15:43:57] Graph 138 has 128 nodes and 130 edges
[2025-12-04 15:43:57] Converted to 130 bitstring edges
[2025-12-04 15:43:57] Computing Matchings Dynamic walk
[2025-12-04 15:43:57] Matchings - CX: 361.0, U3: 356.0, Depth: 479.0
[2025-12-04 15:43:57] Computing Pauli decomposition
[2025-12-04 15:44:08] Pauli - CX: 1568.0, U3: 1458.0, Depth: 2275.0
[2025-12-04 15:44:08] Analysis completed in 10.69s - Category: win
[2025-12-04 15:44:08] Successfully processed graph 138 - Category: win - Time: 10.69s
[2025-12-04 15:44:08] 
Processing graph 139/200
[2025-12-04 15:44:08] Graph 139 has 128 nodes and 130 edges
[2025-12-04 15:44:08] Converted to 130 bitstring edges
[2025-12-04 15:44:08] Computing Matchings Dynamic walk
[2025-12-04 15:44:08] Matchings - CX: 355.0, U3: 355.0, Depth: 470.0
[2025-12-04 15:44:08] Computing Pauli decomposition
[2025-12-04 15:44:17] Pauli - CX: 1159.0, U3: 1267.0, Depth: 1798.0
[2025-12-04 15:44:17] Analysis completed in 9.55s - Category: win
[2025-12-04 15:44:17] Successfully processed graph 139 - Category: win - Time: 9.55s
[2025-12-04 15:44:17] 
Processing graph 140/200
[2025-12-04 15:44:17] Graph 140 has 128 nodes and 130 edges
[2025-12-04 15:44:17] Converted to 130 bitstring edges
[2025-12-04 15:44:17] Computing Matchings Dynamic walk
[2025-12-04 15:44:17] Matchings - CX: 355.0, U3: 355.0, Depth: 472.0
[2025-12-04 15:44:17] Computing Pauli decomposition
[2025-12-04 15:44:27] Pauli - CX: 1073.0, U3: 1309.0, Depth: 1717.0
[2025-12-04 15:44:27] Analysis completed in 9.28s - Category: win
[2025-12-04 15:44:27] Successfully processed graph 140 - Category: win - Time: 9.28s
[2025-12-04 15:44:27] 
Processing graph 141/200
[2025-12-04 15:44:27] Graph 141 has 128 nodes and 130 edges
[2025-12-04 15:44:27] Converted to 130 bitstring edges
[2025-12-04 15:44:27] Computing Matchings Dynamic walk
[2025-12-04 15:44:27] Matchings - CX: 1348.0, U3: 1389.0, Depth: 1798.0
[2025-12-04 15:44:27] Computing Pauli decomposition
[2025-12-04 15:44:37] Pauli - CX: 1141.0, U3: 1481.0, Depth: 1845.0
[2025-12-04 15:44:37] Analysis completed in 9.93s - Category: lose
[2025-12-04 15:44:37] Successfully processed graph 141 - Category: lose - Time: 9.93s
[2025-12-04 15:44:37] 
Processing graph 142/200
[2025-12-04 15:44:37] Graph 142 has 128 nodes and 130 edges
[2025-12-04 15:44:37] Converted to 130 bitstring edges
[2025-12-04 15:44:37] Computing Matchings Dynamic walk
[2025-12-04 15:44:37] Matchings - CX: 820.0, U3: 819.0, Depth: 1096.0
[2025-12-04 15:44:37] Computing Pauli decomposition
[2025-12-04 15:44:47] Pauli - CX: 1181.0, U3: 1186.0, Depth: 1795.0
[2025-12-04 15:44:47] Analysis completed in 9.87s - Category: win
[2025-12-04 15:44:47] Successfully processed graph 142 - Category: win - Time: 9.87s
[2025-12-04 15:44:47] 
Processing graph 143/200
[2025-12-04 15:44:47] Graph 143 has 128 nodes and 130 edges
[2025-12-04 15:44:47] Converted to 130 bitstring edges
[2025-12-04 15:44:47] Computing Matchings Dynamic walk
[2025-12-04 15:44:47] Matchings - CX: 357.0, U3: 355.0, Depth: 472.0
[2025-12-04 15:44:47] Computing Pauli decomposition
[2025-12-04 15:44:56] Pauli - CX: 1135.0, U3: 1338.0, Depth: 1802.0
[2025-12-04 15:44:56] Analysis completed in 9.38s - Category: win
[2025-12-04 15:44:56] Successfully processed graph 143 - Category: win - Time: 9.38s
[2025-12-04 15:44:56] 
Processing graph 144/200
[2025-12-04 15:44:56] Graph 144 has 128 nodes and 130 edges
[2025-12-04 15:44:56] Converted to 130 bitstring edges
[2025-12-04 15:44:56] Computing Matchings Dynamic walk
[2025-12-04 15:44:56] Matchings - CX: 357.0, U3: 356.0, Depth: 476.0
[2025-12-04 15:44:56] Computing Pauli decomposition
[2025-12-04 15:45:05] Pauli - CX: 1299.0, U3: 1593.0, Depth: 2061.0
[2025-12-04 15:45:05] Analysis completed in 9.59s - Category: win
[2025-12-04 15:45:05] Successfully processed graph 144 - Category: win - Time: 9.59s
[2025-12-04 15:45:05] 
Processing graph 145/200
[2025-12-04 15:45:05] Graph 145 has 128 nodes and 130 edges
[2025-12-04 15:45:05] Converted to 130 bitstring edges
[2025-12-04 15:45:05] Computing Matchings Dynamic walk
[2025-12-04 15:45:06] Matchings - CX: 363.0, U3: 357.0, Depth: 481.0
[2025-12-04 15:45:06] Computing Pauli decomposition
[2025-12-04 15:45:15] Pauli - CX: 1164.0, U3: 1196.0, Depth: 1764.0
[2025-12-04 15:45:15] Analysis completed in 9.41s - Category: win
[2025-12-04 15:45:15] Successfully processed graph 145 - Category: win - Time: 9.41s
[2025-12-04 15:45:15] 
Processing graph 146/200
[2025-12-04 15:45:15] Graph 146 has 128 nodes and 130 edges
[2025-12-04 15:45:15] Converted to 130 bitstring edges
[2025-12-04 15:45:15] Computing Matchings Dynamic walk
[2025-12-04 15:45:15] Matchings - CX: 713.0, U3: 709.0, Depth: 956.0
[2025-12-04 15:45:15] Computing Pauli decomposition
[2025-12-04 15:45:24] Pauli - CX: 1345.0, U3: 1653.0, Depth: 2100.0
[2025-12-04 15:45:24] Analysis completed in 9.35s - Category: win
[2025-12-04 15:45:24] Successfully processed graph 146 - Category: win - Time: 9.35s
[2025-12-04 15:45:24] 
Processing graph 147/200
[2025-12-04 15:45:24] Graph 147 has 128 nodes and 130 edges
[2025-12-04 15:45:24] Converted to 130 bitstring edges
[2025-12-04 15:45:24] Computing Matchings Dynamic walk
[2025-12-04 15:45:24] Matchings - CX: 1095.0, U3: 1120.0, Depth: 1446.0
[2025-12-04 15:45:24] Computing Pauli decomposition
[2025-12-04 15:45:34] Pauli - CX: 1052.0, U3: 1356.0, Depth: 1703.0
[2025-12-04 15:45:34] Analysis completed in 9.71s - Category: lose
[2025-12-04 15:45:34] Successfully processed graph 147 - Category: lose - Time: 9.71s
[2025-12-04 15:45:34] 
Processing graph 148/200
[2025-12-04 15:45:34] Graph 148 has 128 nodes and 130 edges
[2025-12-04 15:45:34] Converted to 130 bitstring edges
[2025-12-04 15:45:34] Computing Matchings Dynamic walk
[2025-12-04 15:45:34] Matchings - CX: 1175.0, U3: 1182.0, Depth: 1528.0
[2025-12-04 15:45:34] Computing Pauli decomposition
[2025-12-04 15:45:44] Pauli - CX: 951.0, U3: 1357.0, Depth: 1586.0
[2025-12-04 15:45:44] Analysis completed in 9.99s - Category: lose
[2025-12-04 15:45:44] Successfully processed graph 148 - Category: lose - Time: 9.99s
[2025-12-04 15:45:44] 
Processing graph 149/200
[2025-12-04 15:45:44] Graph 149 has 128 nodes and 130 edges
[2025-12-04 15:45:44] Converted to 130 bitstring edges
[2025-12-04 15:45:44] Computing Matchings Dynamic walk
[2025-12-04 15:45:44] Matchings - CX: 1112.0, U3: 1124.0, Depth: 1497.0
[2025-12-04 15:45:44] Computing Pauli decomposition
[2025-12-04 15:45:54] Pauli - CX: 1111.0, U3: 1339.0, Depth: 1778.0
[2025-12-04 15:45:54] Analysis completed in 10.02s - Category: lose
[2025-12-04 15:45:54] Successfully processed graph 149 - Category: lose - Time: 10.02s
[2025-12-04 15:45:54] 
Processing graph 150/200
[2025-12-04 15:45:54] Graph 150 has 128 nodes and 130 edges
[2025-12-04 15:45:54] Converted to 130 bitstring edges
[2025-12-04 15:45:54] Computing Matchings Dynamic walk
[2025-12-04 15:45:54] Matchings - CX: 809.0, U3: 799.0, Depth: 1075.0
[2025-12-04 15:45:54] Computing Pauli decomposition
[2025-12-04 15:46:03] Pauli - CX: 960.0, U3: 1124.0, Depth: 1497.0
[2025-12-04 15:46:03] Analysis completed in 9.44s - Category: win
[2025-12-04 15:46:03] Successfully processed graph 150 - Category: win - Time: 9.44s
[2025-12-04 15:46:03] 
Processing graph 151/200
[2025-12-04 15:46:03] Graph 151 has 128 nodes and 130 edges
[2025-12-04 15:46:03] Converted to 130 bitstring edges
[2025-12-04 15:46:03] Computing Matchings Dynamic walk
[2025-12-04 15:46:03] Matchings - CX: 662.0, U3: 669.0, Depth: 858.0
[2025-12-04 15:46:03] Computing Pauli decomposition
[2025-12-04 15:46:13] Pauli - CX: 1276.0, U3: 1598.0, Depth: 2035.0
[2025-12-04 15:46:13] Analysis completed in 9.97s - Category: win
[2025-12-04 15:46:13] Successfully processed graph 151 - Category: win - Time: 9.97s
[2025-12-04 15:46:13] 
Processing graph 152/200
[2025-12-04 15:46:13] Graph 152 has 128 nodes and 130 edges
[2025-12-04 15:46:13] Converted to 130 bitstring edges
[2025-12-04 15:46:13] Computing Matchings Dynamic walk
[2025-12-04 15:46:13] Matchings - CX: 882.0, U3: 899.0, Depth: 1153.0
[2025-12-04 15:46:13] Computing Pauli decomposition
[2025-12-04 15:46:23] Pauli - CX: 1141.0, U3: 997.0, Depth: 1626.0
[2025-12-04 15:46:23] Analysis completed in 9.78s - Category: win
[2025-12-04 15:46:23] Successfully processed graph 152 - Category: win - Time: 9.78s
[2025-12-04 15:46:23] 
Processing graph 153/200
[2025-12-04 15:46:23] Graph 153 has 128 nodes and 130 edges
[2025-12-04 15:46:23] Converted to 130 bitstring edges
[2025-12-04 15:46:23] Computing Matchings Dynamic walk
[2025-12-04 15:46:23] Matchings - CX: 770.0, U3: 769.0, Depth: 1028.0
[2025-12-04 15:46:23] Computing Pauli decomposition
[2025-12-04 15:46:33] Pauli - CX: 1084.0, U3: 863.0, Depth: 1535.0
[2025-12-04 15:46:33] Analysis completed in 9.52s - Category: win
[2025-12-04 15:46:33] Successfully processed graph 153 - Category: win - Time: 9.52s
[2025-12-04 15:46:33] 
Processing graph 154/200
[2025-12-04 15:46:33] Graph 154 has 128 nodes and 130 edges
[2025-12-04 15:46:33] Converted to 130 bitstring edges
[2025-12-04 15:46:33] Computing Matchings Dynamic walk
[2025-12-04 15:46:33] Matchings - CX: 764.0, U3: 758.0, Depth: 988.0
[2025-12-04 15:46:33] Computing Pauli decomposition
[2025-12-04 15:46:42] Pauli - CX: 1083.0, U3: 1324.0, Depth: 1745.0
[2025-12-04 15:46:42] Analysis completed in 9.49s - Category: win
[2025-12-04 15:46:42] Successfully processed graph 154 - Category: win - Time: 9.49s
[2025-12-04 15:46:42] 
Processing graph 155/200
[2025-12-04 15:46:42] Graph 155 has 128 nodes and 130 edges
[2025-12-04 15:46:42] Converted to 130 bitstring edges
[2025-12-04 15:46:42] Computing Matchings Dynamic walk
[2025-12-04 15:46:42] Matchings - CX: 756.0, U3: 761.0, Depth: 982.0
[2025-12-04 15:46:42] Computing Pauli decomposition
[2025-12-04 15:46:52] Pauli - CX: 1029.0, U3: 1259.0, Depth: 1669.0
[2025-12-04 15:46:52] Analysis completed in 10.23s - Category: win
[2025-12-04 15:46:52] Successfully processed graph 155 - Category: win - Time: 10.23s
[2025-12-04 15:46:52] 
Processing graph 156/200
[2025-12-04 15:46:52] Graph 156 has 128 nodes and 130 edges
[2025-12-04 15:46:52] Converted to 130 bitstring edges
[2025-12-04 15:46:52] Computing Matchings Dynamic walk
[2025-12-04 15:46:52] Matchings - CX: 616.0, U3: 621.0, Depth: 810.0
[2025-12-04 15:46:52] Computing Pauli decomposition
[2025-12-04 15:47:02] Pauli - CX: 1076.0, U3: 1255.0, Depth: 1716.0
[2025-12-04 15:47:02] Analysis completed in 9.75s - Category: win
[2025-12-04 15:47:02] Successfully processed graph 156 - Category: win - Time: 9.75s
[2025-12-04 15:47:02] 
Processing graph 157/200
[2025-12-04 15:47:02] Graph 157 has 128 nodes and 130 edges
[2025-12-04 15:47:02] Converted to 130 bitstring edges
[2025-12-04 15:47:02] Computing Matchings Dynamic walk
[2025-12-04 15:47:02] Matchings - CX: 1009.0, U3: 1035.0, Depth: 1318.0
[2025-12-04 15:47:02] Computing Pauli decomposition
[2025-12-04 15:47:12] Pauli - CX: 1323.0, U3: 1478.0, Depth: 2024.0
[2025-12-04 15:47:12] Analysis completed in 9.64s - Category: win
[2025-12-04 15:47:12] Successfully processed graph 157 - Category: win - Time: 9.64s
[2025-12-04 15:47:12] 
Processing graph 158/200
[2025-12-04 15:47:12] Graph 158 has 128 nodes and 130 edges
[2025-12-04 15:47:12] Converted to 130 bitstring edges
[2025-12-04 15:47:12] Computing Matchings Dynamic walk
[2025-12-04 15:47:12] Matchings - CX: 477.0, U3: 482.0, Depth: 651.0
[2025-12-04 15:47:12] Computing Pauli decomposition
[2025-12-04 15:47:22] Pauli - CX: 1255.0, U3: 1464.0, Depth: 1972.0
[2025-12-04 15:47:22] Analysis completed in 9.84s - Category: win
[2025-12-04 15:47:22] Successfully processed graph 158 - Category: win - Time: 9.84s
[2025-12-04 15:47:22] 
Processing graph 159/200
[2025-12-04 15:47:22] Graph 159 has 128 nodes and 130 edges
[2025-12-04 15:47:22] Converted to 130 bitstring edges
[2025-12-04 15:47:22] Computing Matchings Dynamic walk
[2025-12-04 15:47:22] Matchings - CX: 1017.0, U3: 1028.0, Depth: 1324.0
[2025-12-04 15:47:22] Computing Pauli decomposition
[2025-12-04 15:47:31] Pauli - CX: 1223.0, U3: 1263.0, Depth: 1865.0
[2025-12-04 15:47:31] Analysis completed in 9.69s - Category: win
[2025-12-04 15:47:31] Successfully processed graph 159 - Category: win - Time: 9.69s
[2025-12-04 15:47:31] 
Processing graph 160/200
[2025-12-04 15:47:31] Graph 160 has 128 nodes and 130 edges
[2025-12-04 15:47:31] Converted to 130 bitstring edges
[2025-12-04 15:47:31] Computing Matchings Dynamic walk
[2025-12-04 15:47:31] Matchings - CX: 742.0, U3: 736.0, Depth: 982.0
[2025-12-04 15:47:31] Computing Pauli decomposition
[2025-12-04 15:47:41] Pauli - CX: 1335.0, U3: 1482.0, Depth: 2058.0
[2025-12-04 15:47:41] Analysis completed in 9.55s - Category: win
[2025-12-04 15:47:41] Successfully processed graph 160 - Category: win - Time: 9.55s
[2025-12-04 15:47:41] 
Processing graph 161/200
[2025-12-04 15:47:41] Graph 161 has 128 nodes and 130 edges
[2025-12-04 15:47:41] Converted to 130 bitstring edges
[2025-12-04 15:47:41] Computing Matchings Dynamic walk
[2025-12-04 15:47:41] Matchings - CX: 359.0, U3: 360.0, Depth: 477.0
[2025-12-04 15:47:41] Computing Pauli decomposition
[2025-12-04 15:47:50] Pauli - CX: 1404.0, U3: 1324.0, Depth: 2066.0
[2025-12-04 15:47:50] Analysis completed in 9.31s - Category: win
[2025-12-04 15:47:50] Successfully processed graph 161 - Category: win - Time: 9.31s
[2025-12-04 15:47:50] 
Processing graph 162/200
[2025-12-04 15:47:50] Graph 162 has 128 nodes and 130 edges
[2025-12-04 15:47:50] Converted to 130 bitstring edges
[2025-12-04 15:47:50] Computing Matchings Dynamic walk
[2025-12-04 15:47:50] Matchings - CX: 817.0, U3: 823.0, Depth: 1091.0
[2025-12-04 15:47:50] Computing Pauli decomposition
[2025-12-04 15:48:01] Pauli - CX: 1187.0, U3: 1493.0, Depth: 1905.0
[2025-12-04 15:48:01] Analysis completed in 10.47s - Category: win
[2025-12-04 15:48:01] Successfully processed graph 162 - Category: win - Time: 10.47s
[2025-12-04 15:48:01] 
Processing graph 163/200
[2025-12-04 15:48:01] Graph 163 has 128 nodes and 130 edges
[2025-12-04 15:48:01] Converted to 130 bitstring edges
[2025-12-04 15:48:01] Computing Matchings Dynamic walk
[2025-12-04 15:48:01] Matchings - CX: 762.0, U3: 765.0, Depth: 1031.0
[2025-12-04 15:48:01] Computing Pauli decomposition
[2025-12-04 15:48:10] Pauli - CX: 1101.0, U3: 1285.0, Depth: 1740.0
[2025-12-04 15:48:10] Analysis completed in 9.22s - Category: win
[2025-12-04 15:48:10] Successfully processed graph 163 - Category: win - Time: 9.22s
[2025-12-04 15:48:10] 
Processing graph 164/200
[2025-12-04 15:48:10] Graph 164 has 128 nodes and 130 edges
[2025-12-04 15:48:10] Converted to 130 bitstring edges
[2025-12-04 15:48:10] Computing Matchings Dynamic walk
[2025-12-04 15:48:10] Matchings - CX: 1070.0, U3: 1070.0, Depth: 1431.0
[2025-12-04 15:48:10] Computing Pauli decomposition
[2025-12-04 15:48:19] Pauli - CX: 1211.0, U3: 1541.0, Depth: 1955.0
[2025-12-04 15:48:19] Analysis completed in 9.26s - Category: win
[2025-12-04 15:48:19] Successfully processed graph 164 - Category: win - Time: 9.26s
[2025-12-04 15:48:19] 
Processing graph 165/200
[2025-12-04 15:48:19] Graph 165 has 128 nodes and 130 edges
[2025-12-04 15:48:19] Converted to 130 bitstring edges
[2025-12-04 15:48:19] Computing Matchings Dynamic walk
[2025-12-04 15:48:19] Matchings - CX: 790.0, U3: 798.0, Depth: 1049.0
[2025-12-04 15:48:19] Computing Pauli decomposition
[2025-12-04 15:48:29] Pauli - CX: 952.0, U3: 1190.0, Depth: 1546.0
[2025-12-04 15:48:29] Analysis completed in 9.99s - Category: win
[2025-12-04 15:48:29] Successfully processed graph 165 - Category: win - Time: 9.99s
[2025-12-04 15:48:29] 
Processing graph 166/200
[2025-12-04 15:48:29] Graph 166 has 128 nodes and 130 edges
[2025-12-04 15:48:29] Converted to 130 bitstring edges
[2025-12-04 15:48:29] Computing Matchings Dynamic walk
[2025-12-04 15:48:29] Matchings - CX: 1275.0, U3: 1286.0, Depth: 1660.0
[2025-12-04 15:48:29] Computing Pauli decomposition
[2025-12-04 15:48:40] Pauli - CX: 1180.0, U3: 1502.0, Depth: 1911.0
[2025-12-04 15:48:40] Analysis completed in 11.03s - Category: lose
[2025-12-04 15:48:40] Successfully processed graph 166 - Category: lose - Time: 11.03s
[2025-12-04 15:48:40] 
Processing graph 167/200
[2025-12-04 15:48:40] Graph 167 has 128 nodes and 130 edges
[2025-12-04 15:48:40] Converted to 130 bitstring edges
[2025-12-04 15:48:40] Computing Matchings Dynamic walk
[2025-12-04 15:48:40] Matchings - CX: 735.0, U3: 738.0, Depth: 989.0
[2025-12-04 15:48:40] Computing Pauli decomposition
[2025-12-04 15:48:52] Pauli - CX: 1261.0, U3: 1223.0, Depth: 1894.0
[2025-12-04 15:48:52] Analysis completed in 12.10s - Category: win
[2025-12-04 15:48:52] Successfully processed graph 167 - Category: win - Time: 12.10s
[2025-12-04 15:48:52] 
Processing graph 168/200
[2025-12-04 15:48:52] Graph 168 has 128 nodes and 130 edges
[2025-12-04 15:48:52] Converted to 130 bitstring edges
[2025-12-04 15:48:52] Computing Matchings Dynamic walk
[2025-12-04 15:48:52] Matchings - CX: 361.0, U3: 354.0, Depth: 479.0
[2025-12-04 15:48:52] Computing Pauli decomposition
[2025-12-04 15:49:04] Pauli - CX: 1253.0, U3: 1504.0, Depth: 1963.0
[2025-12-04 15:49:04] Analysis completed in 11.21s - Category: win
[2025-12-04 15:49:04] Successfully processed graph 168 - Category: win - Time: 11.21s
[2025-12-04 15:49:04] 
Processing graph 169/200
[2025-12-04 15:49:04] Graph 169 has 128 nodes and 130 edges
[2025-12-04 15:49:04] Converted to 130 bitstring edges
[2025-12-04 15:49:04] Computing Matchings Dynamic walk
[2025-12-04 15:49:04] Matchings - CX: 1010.0, U3: 1019.0, Depth: 1342.0
[2025-12-04 15:49:04] Computing Pauli decomposition
[2025-12-04 15:49:15] Pauli - CX: 1032.0, U3: 1237.0, Depth: 1663.0
[2025-12-04 15:49:15] Analysis completed in 11.80s - Category: win
[2025-12-04 15:49:15] Successfully processed graph 169 - Category: win - Time: 11.80s
[2025-12-04 15:49:15] 
Processing graph 170/200
[2025-12-04 15:49:15] Graph 170 has 128 nodes and 130 edges
[2025-12-04 15:49:15] Converted to 130 bitstring edges
[2025-12-04 15:49:15] Computing Matchings Dynamic walk
[2025-12-04 15:49:15] Matchings - CX: 1341.0, U3: 1373.0, Depth: 1756.0
[2025-12-04 15:49:15] Computing Pauli decomposition
[2025-12-04 15:49:27] Pauli - CX: 1204.0, U3: 1643.0, Depth: 1963.0
[2025-12-04 15:49:27] Analysis completed in 11.73s - Category: lose
[2025-12-04 15:49:27] Successfully processed graph 170 - Category: lose - Time: 11.73s
[2025-12-04 15:49:27] 
Processing graph 171/200
[2025-12-04 15:49:27] Graph 171 has 128 nodes and 130 edges
[2025-12-04 15:49:27] Converted to 130 bitstring edges
[2025-12-04 15:49:27] Computing Matchings Dynamic walk
[2025-12-04 15:49:27] Matchings - CX: 947.0, U3: 952.0, Depth: 1226.0
[2025-12-04 15:49:27] Computing Pauli decomposition
[2025-12-04 15:49:38] Pauli - CX: 1327.0, U3: 1622.0, Depth: 2091.0
[2025-12-04 15:49:38] Analysis completed in 11.11s - Category: win
[2025-12-04 15:49:38] Successfully processed graph 171 - Category: win - Time: 11.11s
[2025-12-04 15:49:38] 
Processing graph 172/200
[2025-12-04 15:49:38] Graph 172 has 128 nodes and 130 edges
[2025-12-04 15:49:38] Converted to 130 bitstring edges
[2025-12-04 15:49:38] Computing Matchings Dynamic walk
[2025-12-04 15:49:38] Matchings - CX: 1213.0, U3: 1245.0, Depth: 1581.0
[2025-12-04 15:49:38] Computing Pauli decomposition
[2025-12-04 15:49:50] Pauli - CX: 1162.0, U3: 1267.0, Depth: 1813.0
[2025-12-04 15:49:50] Analysis completed in 12.20s - Category: lose
[2025-12-04 15:49:50] Successfully processed graph 172 - Category: lose - Time: 12.20s
[2025-12-04 15:49:50] 
Processing graph 173/200
[2025-12-04 15:49:50] Graph 173 has 128 nodes and 130 edges
[2025-12-04 15:49:50] Converted to 130 bitstring edges
[2025-12-04 15:49:50] Computing Matchings Dynamic walk
[2025-12-04 15:49:50] Matchings - CX: 821.0, U3: 827.0, Depth: 1107.0
[2025-12-04 15:49:50] Computing Pauli decomposition
[2025-12-04 15:50:02] Pauli - CX: 1169.0, U3: 1279.0, Depth: 1808.0
[2025-12-04 15:50:02] Analysis completed in 11.82s - Category: win
[2025-12-04 15:50:02] Successfully processed graph 173 - Category: win - Time: 11.82s
[2025-12-04 15:50:02] 
Processing graph 174/200
[2025-12-04 15:50:02] Graph 174 has 128 nodes and 130 edges
[2025-12-04 15:50:02] Converted to 130 bitstring edges
[2025-12-04 15:50:02] Computing Matchings Dynamic walk
[2025-12-04 15:50:02] Matchings - CX: 1235.0, U3: 1268.0, Depth: 1638.0
[2025-12-04 15:50:02] Computing Pauli decomposition
[2025-12-04 15:50:13] Pauli - CX: 1517.0, U3: 1315.0, Depth: 2169.0
[2025-12-04 15:50:13] Analysis completed in 10.85s - Category: win
[2025-12-04 15:50:13] Successfully processed graph 174 - Category: win - Time: 10.85s
[2025-12-04 15:50:13] 
Processing graph 175/200
[2025-12-04 15:50:13] Graph 175 has 128 nodes and 130 edges
[2025-12-04 15:50:13] Converted to 130 bitstring edges
[2025-12-04 15:50:13] Computing Matchings Dynamic walk
[2025-12-04 15:50:13] Matchings - CX: 525.0, U3: 537.0, Depth: 696.0
[2025-12-04 15:50:13] Computing Pauli decomposition
[2025-12-04 15:50:25] Pauli - CX: 1071.0, U3: 1340.0, Depth: 1741.0
[2025-12-04 15:50:25] Analysis completed in 12.28s - Category: win
[2025-12-04 15:50:25] Successfully processed graph 175 - Category: win - Time: 12.28s
[2025-12-04 15:50:25] 
Processing graph 176/200
[2025-12-04 15:50:25] Graph 176 has 128 nodes and 130 edges
[2025-12-04 15:50:25] Converted to 130 bitstring edges
[2025-12-04 15:50:25] Computing Matchings Dynamic walk
[2025-12-04 15:50:25] Matchings - CX: 357.0, U3: 353.0, Depth: 477.0
[2025-12-04 15:50:25] Computing Pauli decomposition
[2025-12-04 15:50:38] Pauli - CX: 1137.0, U3: 1200.0, Depth: 1744.0
[2025-12-04 15:50:38] Analysis completed in 12.51s - Category: win
[2025-12-04 15:50:38] Successfully processed graph 176 - Category: win - Time: 12.51s
[2025-12-04 15:50:38] 
Processing graph 177/200
[2025-12-04 15:50:38] Graph 177 has 128 nodes and 130 edges
[2025-12-04 15:50:38] Converted to 130 bitstring edges
[2025-12-04 15:50:38] Computing Matchings Dynamic walk
[2025-12-04 15:50:38] Matchings - CX: 904.0, U3: 901.0, Depth: 1191.0
[2025-12-04 15:50:38] Computing Pauli decomposition
[2025-12-04 15:50:50] Pauli - CX: 1304.0, U3: 1672.0, Depth: 2086.0
[2025-12-04 15:50:50] Analysis completed in 12.21s - Category: win
[2025-12-04 15:50:50] Successfully processed graph 177 - Category: win - Time: 12.21s
[2025-12-04 15:50:50] 
Processing graph 178/200
[2025-12-04 15:50:50] Graph 178 has 128 nodes and 130 edges
[2025-12-04 15:50:50] Converted to 130 bitstring edges
[2025-12-04 15:50:50] Computing Matchings Dynamic walk
[2025-12-04 15:50:50] Matchings - CX: 888.0, U3: 903.0, Depth: 1161.0
[2025-12-04 15:50:50] Computing Pauli decomposition
[2025-12-04 15:51:02] Pauli - CX: 1005.0, U3: 1210.0, Depth: 1620.0
[2025-12-04 15:51:02] Analysis completed in 11.54s - Category: win
[2025-12-04 15:51:02] Successfully processed graph 178 - Category: win - Time: 11.54s
[2025-12-04 15:51:02] 
Processing graph 179/200
[2025-12-04 15:51:02] Graph 179 has 128 nodes and 130 edges
[2025-12-04 15:51:02] Converted to 130 bitstring edges
[2025-12-04 15:51:02] Computing Matchings Dynamic walk
[2025-12-04 15:51:02] Matchings - CX: 1100.0, U3: 1123.0, Depth: 1434.0
[2025-12-04 15:51:02] Computing Pauli decomposition
[2025-12-04 15:51:14] Pauli - CX: 1232.0, U3: 1448.0, Depth: 1921.0
[2025-12-04 15:51:14] Analysis completed in 12.29s - Category: win
[2025-12-04 15:51:14] Successfully processed graph 179 - Category: win - Time: 12.29s
[2025-12-04 15:51:14] 
Processing graph 180/200
[2025-12-04 15:51:14] Graph 180 has 128 nodes and 130 edges
[2025-12-04 15:51:14] Converted to 130 bitstring edges
[2025-12-04 15:51:14] Computing Matchings Dynamic walk
[2025-12-04 15:51:14] Matchings - CX: 355.0, U3: 351.0, Depth: 475.0
[2025-12-04 15:51:14] Computing Pauli decomposition
[2025-12-04 15:51:26] Pauli - CX: 1252.0, U3: 1456.0, Depth: 1952.0
[2025-12-04 15:51:26] Analysis completed in 12.14s - Category: win
[2025-12-04 15:51:26] Successfully processed graph 180 - Category: win - Time: 12.14s
[2025-12-04 15:51:26] 
Processing graph 181/200
[2025-12-04 15:51:26] Graph 181 has 128 nodes and 130 edges
[2025-12-04 15:51:26] Converted to 130 bitstring edges
[2025-12-04 15:51:26] Computing Matchings Dynamic walk
[2025-12-04 15:51:26] Matchings - CX: 357.0, U3: 351.0, Depth: 474.0
[2025-12-04 15:51:26] Computing Pauli decomposition
[2025-12-04 15:51:38] Pauli - CX: 1115.0, U3: 1149.0, Depth: 1709.0
[2025-12-04 15:51:38] Analysis completed in 12.09s - Category: win
[2025-12-04 15:51:38] Successfully processed graph 181 - Category: win - Time: 12.09s
[2025-12-04 15:51:38] 
Processing graph 182/200
[2025-12-04 15:51:38] Graph 182 has 128 nodes and 130 edges
[2025-12-04 15:51:38] Converted to 130 bitstring edges
[2025-12-04 15:51:38] Computing Matchings Dynamic walk
[2025-12-04 15:51:38] Matchings - CX: 357.0, U3: 356.0, Depth: 476.0
[2025-12-04 15:51:38] Computing Pauli decomposition
[2025-12-04 15:51:51] Pauli - CX: 1295.0, U3: 1619.0, Depth: 2063.0
[2025-12-04 15:51:51] Analysis completed in 12.64s - Category: win
[2025-12-04 15:51:51] Successfully processed graph 182 - Category: win - Time: 12.64s
[2025-12-04 15:51:51] 
Processing graph 183/200
[2025-12-04 15:51:51] Graph 183 has 128 nodes and 130 edges
[2025-12-04 15:51:51] Converted to 130 bitstring edges
[2025-12-04 15:51:51] Computing Matchings Dynamic walk
[2025-12-04 15:51:51] Matchings - CX: 363.0, U3: 358.0, Depth: 480.0
[2025-12-04 15:51:51] Computing Pauli decomposition
[2025-12-04 15:52:03] Pauli - CX: 1238.0, U3: 1327.0, Depth: 1904.0
[2025-12-04 15:52:03] Analysis completed in 12.17s - Category: win
[2025-12-04 15:52:03] Successfully processed graph 183 - Category: win - Time: 12.17s
[2025-12-04 15:52:03] 
Processing graph 184/200
[2025-12-04 15:52:03] Graph 184 has 128 nodes and 130 edges
[2025-12-04 15:52:03] Converted to 130 bitstring edges
[2025-12-04 15:52:03] Computing Matchings Dynamic walk
[2025-12-04 15:52:03] Matchings - CX: 357.0, U3: 357.0, Depth: 476.0
[2025-12-04 15:52:03] Computing Pauli decomposition
[2025-12-04 15:52:15] Pauli - CX: 1197.0, U3: 1221.0, Depth: 1822.0
[2025-12-04 15:52:15] Analysis completed in 12.37s - Category: win
[2025-12-04 15:52:15] Successfully processed graph 184 - Category: win - Time: 12.37s
[2025-12-04 15:52:15] 
Processing graph 185/200
[2025-12-04 15:52:15] Graph 185 has 128 nodes and 130 edges
[2025-12-04 15:52:15] Converted to 130 bitstring edges
[2025-12-04 15:52:15] Computing Matchings Dynamic walk
[2025-12-04 15:52:15] Matchings - CX: 1168.0, U3: 1174.0, Depth: 1527.0
[2025-12-04 15:52:15] Computing Pauli decomposition
[2025-12-04 15:52:28] Pauli - CX: 1414.0, U3: 1658.0, Depth: 2185.0
[2025-12-04 15:52:28] Analysis completed in 12.41s - Category: win
[2025-12-04 15:52:28] Successfully processed graph 185 - Category: win - Time: 12.41s
[2025-12-04 15:52:28] 
Processing graph 186/200
[2025-12-04 15:52:28] Graph 186 has 128 nodes and 130 edges
[2025-12-04 15:52:28] Converted to 130 bitstring edges
[2025-12-04 15:52:28] Computing Matchings Dynamic walk
[2025-12-04 15:52:28] Matchings - CX: 771.0, U3: 770.0, Depth: 1037.0
[2025-12-04 15:52:28] Computing Pauli decomposition
[2025-12-04 15:52:40] Pauli - CX: 1239.0, U3: 1349.0, Depth: 1914.0
[2025-12-04 15:52:40] Analysis completed in 12.31s - Category: win
[2025-12-04 15:52:40] Successfully processed graph 186 - Category: win - Time: 12.31s
[2025-12-04 15:52:40] 
Processing graph 187/200
[2025-12-04 15:52:40] Graph 187 has 128 nodes and 130 edges
[2025-12-04 15:52:40] Converted to 130 bitstring edges
[2025-12-04 15:52:40] Computing Matchings Dynamic walk
[2025-12-04 15:52:40] Matchings - CX: 691.0, U3: 693.0, Depth: 908.0
[2025-12-04 15:52:40] Computing Pauli decomposition
[2025-12-04 15:52:52] Pauli - CX: 1075.0, U3: 1388.0, Depth: 1731.0
[2025-12-04 15:52:52] Analysis completed in 11.63s - Category: win
[2025-12-04 15:52:52] Successfully processed graph 187 - Category: win - Time: 11.63s
[2025-12-04 15:52:52] 
Processing graph 188/200
[2025-12-04 15:52:52] Graph 188 has 128 nodes and 130 edges
[2025-12-04 15:52:52] Converted to 130 bitstring edges
[2025-12-04 15:52:52] Computing Matchings Dynamic walk
[2025-12-04 15:52:52] Matchings - CX: 359.0, U3: 354.0, Depth: 478.0
[2025-12-04 15:52:52] Computing Pauli decomposition
[2025-12-04 15:53:04] Pauli - CX: 967.0, U3: 1183.0, Depth: 1509.0
[2025-12-04 15:53:04] Analysis completed in 12.23s - Category: win
[2025-12-04 15:53:04] Successfully processed graph 188 - Category: win - Time: 12.23s
[2025-12-04 15:53:04] 
Processing graph 189/200
[2025-12-04 15:53:04] Graph 189 has 128 nodes and 131 edges
[2025-12-04 15:53:04] Converted to 131 bitstring edges
[2025-12-04 15:53:04] Computing Matchings Dynamic walk
[2025-12-04 15:53:04] Matchings - CX: 427.0, U3: 415.0, Depth: 562.0
[2025-12-04 15:53:04] Computing Pauli decomposition
[2025-12-04 15:53:16] Pauli - CX: 1373.0, U3: 1688.0, Depth: 2174.0
[2025-12-04 15:53:16] Analysis completed in 12.36s - Category: win
[2025-12-04 15:53:16] Successfully processed graph 189 - Category: win - Time: 12.36s
[2025-12-04 15:53:16] 
Processing graph 190/200
[2025-12-04 15:53:16] Graph 190 has 128 nodes and 131 edges
[2025-12-04 15:53:16] Converted to 131 bitstring edges
[2025-12-04 15:53:16] Computing Matchings Dynamic walk
[2025-12-04 15:53:16] Matchings - CX: 417.0, U3: 412.0, Depth: 552.0
[2025-12-04 15:53:16] Computing Pauli decomposition
[2025-12-04 15:53:29] Pauli - CX: 1456.0, U3: 1793.0, Depth: 2318.0
[2025-12-04 15:53:29] Analysis completed in 12.17s - Category: win
[2025-12-04 15:53:29] Successfully processed graph 190 - Category: win - Time: 12.17s
[2025-12-04 15:53:29] 
Processing graph 191/200
[2025-12-04 15:53:29] Graph 191 has 128 nodes and 131 edges
[2025-12-04 15:53:29] Converted to 131 bitstring edges
[2025-12-04 15:53:29] Computing Matchings Dynamic walk
[2025-12-04 15:53:29] Matchings - CX: 994.0, U3: 1007.0, Depth: 1322.0
[2025-12-04 15:53:29] Computing Pauli decomposition
[2025-12-04 15:53:41] Pauli - CX: 1465.0, U3: 1834.0, Depth: 2338.0
[2025-12-04 15:53:41] Analysis completed in 12.09s - Category: win
[2025-12-04 15:53:41] Successfully processed graph 191 - Category: win - Time: 12.09s
[2025-12-04 15:53:41] 
Processing graph 192/200
[2025-12-04 15:53:41] Graph 192 has 128 nodes and 131 edges
[2025-12-04 15:53:41] Converted to 131 bitstring edges
[2025-12-04 15:53:41] Computing Matchings Dynamic walk
[2025-12-04 15:53:41] Matchings - CX: 706.0, U3: 719.0, Depth: 937.0
[2025-12-04 15:53:41] Computing Pauli decomposition
[2025-12-04 15:53:52] Pauli - CX: 1325.0, U3: 1326.0, Depth: 2029.0
[2025-12-04 15:53:52] Analysis completed in 11.43s - Category: win
[2025-12-04 15:53:52] Successfully processed graph 192 - Category: win - Time: 11.43s
[2025-12-04 15:53:52] 
Processing graph 193/200
[2025-12-04 15:53:52] Graph 193 has 128 nodes and 131 edges
[2025-12-04 15:53:52] Converted to 131 bitstring edges
[2025-12-04 15:53:52] Computing Matchings Dynamic walk
[2025-12-04 15:53:52] Matchings - CX: 1173.0, U3: 1194.0, Depth: 1560.0
[2025-12-04 15:53:52] Computing Pauli decomposition
[2025-12-04 15:54:04] Pauli - CX: 1384.0, U3: 1450.0, Depth: 2121.0
[2025-12-04 15:54:04] Analysis completed in 12.07s - Category: win
[2025-12-04 15:54:04] Successfully processed graph 193 - Category: win - Time: 12.07s
[2025-12-04 15:54:04] 
Processing graph 194/200
[2025-12-04 15:54:04] Graph 194 has 128 nodes and 131 edges
[2025-12-04 15:54:04] Converted to 131 bitstring edges
[2025-12-04 15:54:04] Computing Matchings Dynamic walk
[2025-12-04 15:54:04] Matchings - CX: 1294.0, U3: 1328.0, Depth: 1722.0
[2025-12-04 15:54:04] Computing Pauli decomposition
[2025-12-04 15:54:16] Pauli - CX: 1381.0, U3: 1500.0, Depth: 2137.0
[2025-12-04 15:54:16] Analysis completed in 11.62s - Category: win
[2025-12-04 15:54:16] Successfully processed graph 194 - Category: win - Time: 11.62s
[2025-12-04 15:54:16] 
Processing graph 195/200
[2025-12-04 15:54:16] Graph 195 has 128 nodes and 131 edges
[2025-12-04 15:54:16] Converted to 131 bitstring edges
[2025-12-04 15:54:16] Computing Matchings Dynamic walk
[2025-12-04 15:54:16] Matchings - CX: 415.0, U3: 413.0, Depth: 551.0
[2025-12-04 15:54:16] Computing Pauli decomposition
[2025-12-04 15:54:27] Pauli - CX: 1408.0, U3: 1400.0, Depth: 2135.0
[2025-12-04 15:54:27] Analysis completed in 11.61s - Category: win
[2025-12-04 15:54:27] Successfully processed graph 195 - Category: win - Time: 11.61s
[2025-12-04 15:54:27] 
Processing graph 196/200
[2025-12-04 15:54:27] Graph 196 has 128 nodes and 131 edges
[2025-12-04 15:54:27] Converted to 131 bitstring edges
[2025-12-04 15:54:27] Computing Matchings Dynamic walk
[2025-12-04 15:54:27] Matchings - CX: 985.0, U3: 983.0, Depth: 1291.0
[2025-12-04 15:54:27] Computing Pauli decomposition
[2025-12-04 15:54:39] Pauli - CX: 1304.0, U3: 1534.0, Depth: 2076.0
[2025-12-04 15:54:39] Analysis completed in 11.70s - Category: win
[2025-12-04 15:54:39] Successfully processed graph 196 - Category: win - Time: 11.70s
[2025-12-04 15:54:39] 
Processing graph 197/200
[2025-12-04 15:54:39] Graph 197 has 128 nodes and 131 edges
[2025-12-04 15:54:39] Converted to 131 bitstring edges
[2025-12-04 15:54:39] Computing Matchings Dynamic walk
[2025-12-04 15:54:39] Matchings - CX: 419.0, U3: 415.0, Depth: 553.0
[2025-12-04 15:54:39] Computing Pauli decomposition
[2025-12-04 15:54:51] Pauli - CX: 1044.0, U3: 1377.0, Depth: 1720.0
[2025-12-04 15:54:51] Analysis completed in 12.21s - Category: win
[2025-12-04 15:54:51] Successfully processed graph 197 - Category: win - Time: 12.21s
[2025-12-04 15:54:51] 
Processing graph 198/200
[2025-12-04 15:54:51] Graph 198 has 128 nodes and 131 edges
[2025-12-04 15:54:51] Converted to 131 bitstring edges
[2025-12-04 15:54:51] Computing Matchings Dynamic walk
[2025-12-04 15:54:51] Matchings - CX: 1324.0, U3: 1354.0, Depth: 1710.0
[2025-12-04 15:54:51] Computing Pauli decomposition
[2025-12-04 15:55:03] Pauli - CX: 1114.0, U3: 1464.0, Depth: 1842.0
[2025-12-04 15:55:03] Analysis completed in 11.82s - Category: lose
[2025-12-04 15:55:03] Successfully processed graph 198 - Category: lose - Time: 11.82s
[2025-12-04 15:55:03] 
Processing graph 199/200
[2025-12-04 15:55:03] Graph 199 has 128 nodes and 131 edges
[2025-12-04 15:55:03] Converted to 131 bitstring edges
[2025-12-04 15:55:03] Computing Matchings Dynamic walk
[2025-12-04 15:55:03] Matchings - CX: 663.0, U3: 668.0, Depth: 853.0
[2025-12-04 15:55:03] Computing Pauli decomposition
[2025-12-04 15:55:16] Pauli - CX: 1346.0, U3: 1664.0, Depth: 2154.0
[2025-12-04 15:55:16] Analysis completed in 12.41s - Category: win
[2025-12-04 15:55:16] Successfully processed graph 199 - Category: win - Time: 12.41s
[2025-12-04 15:55:16] 
Final Results Summary:
[2025-12-04 15:55:16] Total graphs in file: 200
[2025-12-04 15:55:16] Successfully processed: 200
[2025-12-04 15:55:16] Matching algorithm used: automatic (bipartite/greedy)
[2025-12-04 15:55:16] win: 183 (91.5%)
[2025-12-04 15:55:16] lose: 17 (8.5%)
[2025-12-04 15:55:16] draw: 0 (0.0%)
[2025-12-04 15:55:16] Average time per graph: 10.33s
[2025-12-04 15:55:16] Min time per graph: 8.95s
[2025-12-04 15:55:16] Max time per graph: 12.64s
[2025-12-04 15:55:16] Total analysis time: 2065.55s
[2025-12-04 15:55:16] 
Detailed Graph Properties by Category:

[2025-12-04 15:55:16] 
WIN Graphs Statistics:
[2025-12-04 15:55:16] Total graphs processed: 183
[2025-12-04 15:55:16] Edge count - Min: 127, Max: 131, Mean: 129.59
[2025-12-04 15:55:16] Edge density - Min: 0.0156, Max: 0.0161, Mean: 0.0159
[2025-12-04 15:55:16] Bipartite graphs: 35, Non-bipartite graphs: 148
[2025-12-04 15:55:16] Diameter (connected graphs) - Min: 40, Max: 127, Mean: 72.92
[2025-12-04 15:55:16] Clique number - Min: 2, Max: 3, Mean: 2.07
[2025-12-04 15:55:16] Maximum degree - Min: 2, Max: 4, Mean: 3.08
[2025-12-04 15:55:16] Average degree - Min: 1.98, Max: 2.05, Mean: 2.02
[2025-12-04 15:55:16] Clustering coefficient - Min: 0.0000, Max: 0.0130, Mean: 0.0009
[2025-12-04 15:55:16] Estimated group size - Min: 32, Max: 32, Mean: 32.00
[2025-12-04 15:55:16] Estimated orbit count - Min: 2, Max: 4, Mean: 3.08
[2025-12-04 15:55:16] 
LOSE Graphs Statistics:
[2025-12-04 15:55:16] Total graphs processed: 17
[2025-12-04 15:55:16] Edge count - Min: 129, Max: 131, Mean: 130.00
[2025-12-04 15:55:16] Edge density - Min: 0.0159, Max: 0.0161, Mean: 0.0160
[2025-12-04 15:55:16] Bipartite graphs: 1, Non-bipartite graphs: 16
[2025-12-04 15:55:16] Diameter (connected graphs) - Min: 44, Max: 82, Mean: 58.71
[2025-12-04 15:55:16] Clique number - Min: 2, Max: 3, Mean: 2.06
[2025-12-04 15:55:16] Maximum degree - Min: 3, Max: 3, Mean: 3.00
[2025-12-04 15:55:16] Average degree - Min: 2.02, Max: 2.05, Mean: 2.03
[2025-12-04 15:55:16] Clustering coefficient - Min: 0.0000, Max: 0.0130, Mean: 0.0008
[2025-12-04 15:55:16] Estimated group size - Min: 32, Max: 32, Mean: 32.00
[2025-12-04 15:55:16] Estimated orbit count - Min: 3, Max: 3, Mean: 3.00
[2025-12-04 15:55:16] 
Average Gate Counts by Category:
[2025-12-04 15:55:16] win_matching_cx: 610.62
[2025-12-04 15:55:16] win_matching_u3: 613.25
[2025-12-04 15:55:16] win_pauli_cx: 1121.79
[2025-12-04 15:55:16] win_pauli_u3: 1278.87
[2025-12-04 15:55:16] win_matching_depth: 809.14
[2025-12-04 15:55:16] win_pauli_depth: 1747.47
[2025-12-04 15:55:16] win_analysis_time: 10.31
[2025-12-04 15:55:16] win_graph_edge_count: 129.59
[2025-12-04 15:55:16] win_graph_edge_density: 0.02
[2025-12-04 15:55:16] win_graph_is_bipartite: 0.19
[2025-12-04 15:55:16] win_graph_diameter: 72.92
[2025-12-04 15:55:16] win_graph_clique_number: 2.07
[2025-12-04 15:55:16] win_graph_max_degree: 3.08
[2025-12-04 15:55:16] win_graph_avg_degree: 2.02
[2025-12-04 15:55:16] win_graph_avg_clustering: 0.00
[2025-12-04 15:55:16] win_graph_estimated_group_size: 32.00
[2025-12-04 15:55:16] win_graph_estimated_orbit_count: 3.08
[2025-12-04 15:55:16] lose_matching_cx: 1168.00
[2025-12-04 15:55:16] lose_matching_u3: 1191.00
[2025-12-04 15:55:16] lose_pauli_cx: 1070.71
[2025-12-04 15:55:16] lose_pauli_u3: 1334.88
[2025-12-04 15:55:16] lose_matching_depth: 1538.06
[2025-12-04 15:55:16] lose_pauli_depth: 1719.29
[2025-12-04 15:55:16] lose_analysis_time: 10.47
[2025-12-04 15:55:16] lose_graph_edge_count: 130.00
[2025-12-04 15:55:16] lose_graph_edge_density: 0.02
[2025-12-04 15:55:16] lose_graph_is_bipartite: 0.06
[2025-12-04 15:55:16] lose_graph_diameter: 58.71
[2025-12-04 15:55:16] lose_graph_clique_number: 2.06
[2025-12-04 15:55:16] lose_graph_max_degree: 3.00
[2025-12-04 15:55:16] lose_graph_avg_degree: 2.03
[2025-12-04 15:55:16] lose_graph_avg_clustering: 0.00
[2025-12-04 15:55:16] lose_graph_estimated_group_size: 32.00
[2025-12-04 15:55:16] lose_graph_estimated_orbit_count: 3.00
[2025-12-04 15:55:16] config_n_qubits: 7.00
[2025-12-04 15:55:16] config_n_vertices: 128.00
[2025-12-04 15:55:16] config_delta_t: 0.10
[2025-12-04 15:55:16] config_matchings: automatic
[2025-12-04 15:55:16] config_graph_type: counting
[2025-12-04 15:55:16] config_n_steps: 1.00
[2025-12-04 15:55:16] timing_avg_per_graph: 10.33
[2025-12-04 15:55:16] timing_min_per_graph: 8.95
[2025-12-04 15:55:16] timing_max_per_graph: 12.64
[2025-12-04 15:55:16] timing_total_analysis: 2065.55
[2025-12-04 15:55:16] ======================================================================
======================================================================

