[2025-12-04 13:51:00] 

Starting analysis with:
[2025-12-04 13:51:00] Script location: F:\UTK\Research\DOE_FOA_project\code\dyn-CTQW\analysis
[2025-12-04 13:51:00] Number of qubits: 4
[2025-12-04 13:51:00] Number of vertices: 16
[2025-12-04 13:51:00] Delta t: 0.1
[2025-12-04 13:51:00] Matching algorithm: automatic (bipartite/greedy)
[2025-12-04 13:51:00] Graph type: counting
[2025-12-04 13:51:00] Input file: analysis\graphs\connected\200graph_counting_16v.g6
[2025-12-04 13:51:00] Output directory: F:\UTK\Research\DOE_FOA_project\code\dyn-CTQW\analysis\outputs\matching_vs_pauli\connected_16v\counting_16v\20251204_135100
[2025-12-04 13:51:00] Checkpoint interval: 50
[2025-12-04 13:51:00] Parsed graph info: {'num_graphs': 200, 'size': 'counting', 'vertices': '16', 'type': 'v'}
[2025-12-04 13:51:00] Found 200 graphs in file
[2025-12-04 13:51:00] 
Processing graph 0/200
[2025-12-04 13:51:00] Graph 0 has 16 nodes and 15 edges
[2025-12-04 13:51:00] Converted to 15 bitstring edges
[2025-12-04 13:51:00] Computing Matchings Dynamic walk
[2025-12-04 13:51:00] Matchings - CX: 36.0, U3: 39.0, Depth: 57.0
[2025-12-04 13:51:00] Computing Pauli decomposition
[2025-12-04 13:51:00] Pauli - CX: 50.0, U3: 72.0, Depth: 85.0
[2025-12-04 13:51:00] Analysis completed in 0.07s - Category: win
[2025-12-04 13:51:00] Successfully processed graph 0 - Category: win - Time: 0.07s
[2025-12-04 13:51:00] 
Processing graph 1/200
[2025-12-04 13:51:00] Graph 1 has 16 nodes and 16 edges
[2025-12-04 13:51:00] Converted to 16 bitstring edges
[2025-12-04 13:51:00] Computing Matchings Dynamic walk
[2025-12-04 13:51:00] Matchings - CX: 91.0, U3: 76.0, Depth: 130.0
[2025-12-04 13:51:00] Computing Pauli decomposition
[2025-12-04 13:51:00] Pauli - CX: 54.0, U3: 82.0, Depth: 94.0
[2025-12-04 13:51:00] Analysis completed in 0.05s - Category: lose
[2025-12-04 13:51:00] Successfully processed graph 1 - Category: lose - Time: 0.05s
[2025-12-04 13:51:00] 
Processing graph 2/200
[2025-12-04 13:51:00] Graph 2 has 16 nodes and 16 edges
[2025-12-04 13:51:00] Converted to 16 bitstring edges
[2025-12-04 13:51:00] Computing Matchings Dynamic walk
[2025-12-04 13:51:00] Matchings - CX: 56.0, U3: 54.0, Depth: 84.0
[2025-12-04 13:51:00] Computing Pauli decomposition
[2025-12-04 13:51:00] Pauli - CX: 62.0, U3: 88.0, Depth: 105.0
[2025-12-04 13:51:00] Analysis completed in 0.05s - Category: win
[2025-12-04 13:51:00] Successfully processed graph 2 - Category: win - Time: 0.05s
[2025-12-04 13:51:00] 
Processing graph 3/200
[2025-12-04 13:51:00] Graph 3 has 16 nodes and 16 edges
[2025-12-04 13:51:00] Converted to 16 bitstring edges
[2025-12-04 13:51:00] Computing Matchings Dynamic walk
[2025-12-04 13:51:00] Matchings - CX: 57.0, U3: 56.0, Depth: 86.0
[2025-12-04 13:51:00] Computing Pauli decomposition
[2025-12-04 13:51:00] Pauli - CX: 54.0, U3: 82.0, Depth: 94.0
[2025-12-04 13:51:00] Analysis completed in 0.04s - Category: lose
[2025-12-04 13:51:00] Successfully processed graph 3 - Category: lose - Time: 0.04s
[2025-12-04 13:51:00] 
Processing graph 4/200
[2025-12-04 13:51:00] Graph 4 has 16 nodes and 16 edges
[2025-12-04 13:51:00] Converted to 16 bitstring edges
[2025-12-04 13:51:00] Computing Matchings Dynamic walk
[2025-12-04 13:51:00] Matchings - CX: 56.0, U3: 55.0, Depth: 84.0
[2025-12-04 13:51:00] Computing Pauli decomposition
[2025-12-04 13:51:00] Pauli - CX: 60.0, U3: 86.0, Depth: 104.0
[2025-12-04 13:51:00] Analysis completed in 0.05s - Category: win
[2025-12-04 13:51:00] Successfully processed graph 4 - Category: win - Time: 0.05s
[2025-12-04 13:51:00] 
Processing graph 5/200
[2025-12-04 13:51:00] Graph 5 has 16 nodes and 16 edges
[2025-12-04 13:51:00] Converted to 16 bitstring edges
[2025-12-04 13:51:00] Computing Matchings Dynamic walk
[2025-12-04 13:51:00] Matchings - CX: 56.0, U3: 57.0, Depth: 84.0
[2025-12-04 13:51:00] Computing Pauli decomposition
[2025-12-04 13:51:00] Pauli - CX: 60.0, U3: 86.0, Depth: 104.0
[2025-12-04 13:51:00] Analysis completed in 0.05s - Category: win
[2025-12-04 13:51:00] Successfully processed graph 5 - Category: win - Time: 0.05s
[2025-12-04 13:51:00] 
Processing graph 6/200
[2025-12-04 13:51:00] Graph 6 has 16 nodes and 16 edges
[2025-12-04 13:51:00] Converted to 16 bitstring edges
[2025-12-04 13:51:00] Computing Matchings Dynamic walk
[2025-12-04 13:51:00] Matchings - CX: 140.0, U3: 121.0, Depth: 205.0
[2025-12-04 13:51:00] Computing Pauli decomposition
[2025-12-04 13:51:00] Pauli - CX: 69.0, U3: 91.0, Depth: 115.0
[2025-12-04 13:51:00] Analysis completed in 0.06s - Category: lose
[2025-12-04 13:51:00] Successfully processed graph 6 - Category: lose - Time: 0.06s
[2025-12-04 13:51:00] 
Processing graph 7/200
[2025-12-04 13:51:00] Graph 7 has 16 nodes and 16 edges
[2025-12-04 13:51:00] Converted to 16 bitstring edges
[2025-12-04 13:51:00] Computing Matchings Dynamic walk
[2025-12-04 13:51:00] Matchings - CX: 57.0, U3: 57.0, Depth: 88.0
[2025-12-04 13:51:00] Computing Pauli decomposition
[2025-12-04 13:51:00] Pauli - CX: 65.0, U3: 90.0, Depth: 110.0
[2025-12-04 13:51:00] Analysis completed in 0.04s - Category: win
[2025-12-04 13:51:00] Successfully processed graph 7 - Category: win - Time: 0.04s
[2025-12-04 13:51:00] 
Processing graph 8/200
[2025-12-04 13:51:00] Graph 8 has 16 nodes and 16 edges
[2025-12-04 13:51:00] Converted to 16 bitstring edges
[2025-12-04 13:51:00] Computing Matchings Dynamic walk
[2025-12-04 13:51:00] Matchings - CX: 22.0, U3: 26.0, Depth: 37.0
[2025-12-04 13:51:00] Computing Pauli decomposition
[2025-12-04 13:51:00] Pauli - CX: 33.0, U3: 49.0, Depth: 57.0
[2025-12-04 13:51:00] Analysis completed in 0.04s - Category: win
[2025-12-04 13:51:00] Successfully processed graph 8 - Category: win - Time: 0.04s
[2025-12-04 13:51:00] 
Processing graph 9/200
[2025-12-04 13:51:00] Graph 9 has 16 nodes and 16 edges
[2025-12-04 13:51:00] Converted to 16 bitstring edges
[2025-12-04 13:51:00] Computing Matchings Dynamic walk
[2025-12-04 13:51:00] Matchings - CX: 56.0, U3: 56.0, Depth: 84.0
[2025-12-04 13:51:00] Computing Pauli decomposition
[2025-12-04 13:51:00] Pauli - CX: 62.0, U3: 88.0, Depth: 105.0
[2025-12-04 13:51:00] Analysis completed in 0.04s - Category: win
[2025-12-04 13:51:00] Successfully processed graph 9 - Category: win - Time: 0.04s
[2025-12-04 13:51:00] 
Processing graph 10/200
[2025-12-04 13:51:00] Graph 10 has 16 nodes and 16 edges
[2025-12-04 13:51:00] Converted to 16 bitstring edges
[2025-12-04 13:51:00] Computing Matchings Dynamic walk
[2025-12-04 13:51:00] Matchings - CX: 55.0, U3: 57.0, Depth: 85.0
[2025-12-04 13:51:00] Computing Pauli decomposition
[2025-12-04 13:51:00] Pauli - CX: 73.0, U3: 100.0, Depth: 121.0
[2025-12-04 13:51:00] Analysis completed in 0.04s - Category: win
[2025-12-04 13:51:00] Successfully processed graph 10 - Category: win - Time: 0.04s
[2025-12-04 13:51:00] 
Processing graph 11/200
[2025-12-04 13:51:00] Graph 11 has 16 nodes and 16 edges
[2025-12-04 13:51:00] Converted to 16 bitstring edges
[2025-12-04 13:51:00] Computing Matchings Dynamic walk
[2025-12-04 13:51:00] Matchings - CX: 58.0, U3: 56.0, Depth: 89.0
[2025-12-04 13:51:00] Computing Pauli decomposition
[2025-12-04 13:51:00] Pauli - CX: 61.0, U3: 91.0, Depth: 106.0
[2025-12-04 13:51:00] Analysis completed in 0.04s - Category: win
[2025-12-04 13:51:00] Successfully processed graph 11 - Category: win - Time: 0.04s
[2025-12-04 13:51:00] 
Processing graph 12/200
[2025-12-04 13:51:00] Graph 12 has 16 nodes and 16 edges
[2025-12-04 13:51:00] Converted to 16 bitstring edges
[2025-12-04 13:51:00] Computing Matchings Dynamic walk
[2025-12-04 13:51:00] Matchings - CX: 56.0, U3: 55.0, Depth: 84.0
[2025-12-04 13:51:00] Computing Pauli decomposition
[2025-12-04 13:51:00] Pauli - CX: 38.0, U3: 46.0, Depth: 61.0
[2025-12-04 13:51:00] Analysis completed in 0.04s - Category: lose
[2025-12-04 13:51:00] Successfully processed graph 12 - Category: lose - Time: 0.04s
[2025-12-04 13:51:00] 
Processing graph 13/200
[2025-12-04 13:51:00] Graph 13 has 16 nodes and 16 edges
[2025-12-04 13:51:00] Converted to 16 bitstring edges
[2025-12-04 13:51:00] Computing Matchings Dynamic walk
[2025-12-04 13:51:00] Matchings - CX: 70.0, U3: 70.0, Depth: 107.0
[2025-12-04 13:51:00] Computing Pauli decomposition
[2025-12-04 13:51:00] Pauli - CX: 78.0, U3: 106.0, Depth: 131.0
[2025-12-04 13:51:00] Analysis completed in 0.05s - Category: win
[2025-12-04 13:51:00] Successfully processed graph 13 - Category: win - Time: 0.05s
[2025-12-04 13:51:00] 
Processing graph 14/200
[2025-12-04 13:51:00] Graph 14 has 16 nodes and 16 edges
[2025-12-04 13:51:00] Converted to 16 bitstring edges
[2025-12-04 13:51:00] Computing Matchings Dynamic walk
[2025-12-04 13:51:00] Matchings - CX: 56.0, U3: 55.0, Depth: 85.0
[2025-12-04 13:51:00] Computing Pauli decomposition
[2025-12-04 13:51:00] Pauli - CX: 64.0, U3: 85.0, Depth: 107.0
[2025-12-04 13:51:00] Analysis completed in 0.04s - Category: win
[2025-12-04 13:51:00] Successfully processed graph 14 - Category: win - Time: 0.04s
[2025-12-04 13:51:00] 
Processing graph 15/200
[2025-12-04 13:51:00] Graph 15 has 16 nodes and 16 edges
[2025-12-04 13:51:00] Converted to 16 bitstring edges
[2025-12-04 13:51:00] Computing Matchings Dynamic walk
[2025-12-04 13:51:00] Matchings - CX: 56.0, U3: 54.0, Depth: 83.0
[2025-12-04 13:51:00] Computing Pauli decomposition
[2025-12-04 13:51:00] Pauli - CX: 62.0, U3: 88.0, Depth: 105.0
[2025-12-04 13:51:00] Analysis completed in 0.04s - Category: win
[2025-12-04 13:51:00] Successfully processed graph 15 - Category: win - Time: 0.04s
[2025-12-04 13:51:00] 
Processing graph 16/200
[2025-12-04 13:51:00] Graph 16 has 16 nodes and 16 edges
[2025-12-04 13:51:00] Converted to 16 bitstring edges
[2025-12-04 13:51:00] Computing Matchings Dynamic walk
[2025-12-04 13:51:00] Matchings - CX: 55.0, U3: 56.0, Depth: 85.0
[2025-12-04 13:51:00] Computing Pauli decomposition
[2025-12-04 13:51:00] Pauli - CX: 58.0, U3: 85.0, Depth: 101.0
[2025-12-04 13:51:00] Analysis completed in 0.04s - Category: win
[2025-12-04 13:51:00] Successfully processed graph 16 - Category: win - Time: 0.04s
[2025-12-04 13:51:00] 
Processing graph 17/200
[2025-12-04 13:51:00] Graph 17 has 16 nodes and 16 edges
[2025-12-04 13:51:00] Converted to 16 bitstring edges
[2025-12-04 13:51:00] Computing Matchings Dynamic walk
[2025-12-04 13:51:00] Matchings - CX: 57.0, U3: 59.0, Depth: 88.0
[2025-12-04 13:51:00] Computing Pauli decomposition
[2025-12-04 13:51:00] Pauli - CX: 65.0, U3: 90.0, Depth: 110.0
[2025-12-04 13:51:00] Analysis completed in 0.04s - Category: win
[2025-12-04 13:51:00] Successfully processed graph 17 - Category: win - Time: 0.04s
[2025-12-04 13:51:00] 
Processing graph 18/200
[2025-12-04 13:51:00] Graph 18 has 16 nodes and 16 edges
[2025-12-04 13:51:00] Converted to 16 bitstring edges
[2025-12-04 13:51:00] Computing Matchings Dynamic walk
[2025-12-04 13:51:00] Matchings - CX: 59.0, U3: 60.0, Depth: 90.0
[2025-12-04 13:51:00] Computing Pauli decomposition
[2025-12-04 13:51:01] Pauli - CX: 50.0, U3: 83.0, Depth: 90.0
[2025-12-04 13:51:01] Analysis completed in 0.04s - Category: lose
[2025-12-04 13:51:01] Successfully processed graph 18 - Category: lose - Time: 0.04s
[2025-12-04 13:51:01] 
Processing graph 19/200
[2025-12-04 13:51:01] Graph 19 has 16 nodes and 16 edges
[2025-12-04 13:51:01] Converted to 16 bitstring edges
[2025-12-04 13:51:01] Computing Matchings Dynamic walk
[2025-12-04 13:51:01] Matchings - CX: 56.0, U3: 53.0, Depth: 85.0
[2025-12-04 13:51:01] Computing Pauli decomposition
[2025-12-04 13:51:01] Pauli - CX: 64.0, U3: 85.0, Depth: 107.0
[2025-12-04 13:51:01] Analysis completed in 0.04s - Category: win
[2025-12-04 13:51:01] Successfully processed graph 19 - Category: win - Time: 0.04s
[2025-12-04 13:51:01] 
Processing graph 20/200
[2025-12-04 13:51:01] Graph 20 has 16 nodes and 16 edges
[2025-12-04 13:51:01] Converted to 16 bitstring edges
[2025-12-04 13:51:01] Computing Matchings Dynamic walk
[2025-12-04 13:51:01] Matchings - CX: 56.0, U3: 56.0, Depth: 86.0
[2025-12-04 13:51:01] Computing Pauli decomposition
[2025-12-04 13:51:01] Pauli - CX: 69.0, U3: 91.0, Depth: 115.0
[2025-12-04 13:51:01] Analysis completed in 0.05s - Category: win
[2025-12-04 13:51:01] Successfully processed graph 20 - Category: win - Time: 0.05s
[2025-12-04 13:51:01] 
Processing graph 21/200
[2025-12-04 13:51:01] Graph 21 has 16 nodes and 16 edges
[2025-12-04 13:51:01] Converted to 16 bitstring edges
[2025-12-04 13:51:01] Computing Matchings Dynamic walk
[2025-12-04 13:51:01] Matchings - CX: 56.0, U3: 55.0, Depth: 85.0
[2025-12-04 13:51:01] Computing Pauli decomposition
[2025-12-04 13:51:01] Pauli - CX: 64.0, U3: 85.0, Depth: 107.0
[2025-12-04 13:51:01] Analysis completed in 0.04s - Category: win
[2025-12-04 13:51:01] Successfully processed graph 21 - Category: win - Time: 0.04s
[2025-12-04 13:51:01] 
Processing graph 22/200
[2025-12-04 13:51:01] Graph 22 has 16 nodes and 16 edges
[2025-12-04 13:51:01] Converted to 16 bitstring edges
[2025-12-04 13:51:01] Computing Matchings Dynamic walk
[2025-12-04 13:51:01] Matchings - CX: 55.0, U3: 56.0, Depth: 84.0
[2025-12-04 13:51:01] Computing Pauli decomposition
[2025-12-04 13:51:01] Pauli - CX: 67.0, U3: 94.0, Depth: 113.0
[2025-12-04 13:51:01] Analysis completed in 0.04s - Category: win
[2025-12-04 13:51:01] Successfully processed graph 22 - Category: win - Time: 0.04s
[2025-12-04 13:51:01] 
Processing graph 23/200
[2025-12-04 13:51:01] Graph 23 has 16 nodes and 16 edges
[2025-12-04 13:51:01] Converted to 16 bitstring edges
[2025-12-04 13:51:01] Computing Matchings Dynamic walk
[2025-12-04 13:51:01] Matchings - CX: 56.0, U3: 56.0, Depth: 83.0
[2025-12-04 13:51:01] Computing Pauli decomposition
[2025-12-04 13:51:01] Pauli - CX: 62.0, U3: 88.0, Depth: 105.0
[2025-12-04 13:51:01] Analysis completed in 0.04s - Category: win
[2025-12-04 13:51:01] Successfully processed graph 23 - Category: win - Time: 0.04s
[2025-12-04 13:51:01] 
Processing graph 24/200
[2025-12-04 13:51:01] Graph 24 has 16 nodes and 16 edges
[2025-12-04 13:51:01] Converted to 16 bitstring edges
[2025-12-04 13:51:01] Computing Matchings Dynamic walk
[2025-12-04 13:51:01] Matchings - CX: 57.0, U3: 59.0, Depth: 87.0
[2025-12-04 13:51:01] Computing Pauli decomposition
[2025-12-04 13:51:01] Pauli - CX: 69.0, U3: 91.0, Depth: 115.0
[2025-12-04 13:51:01] Analysis completed in 0.04s - Category: win
[2025-12-04 13:51:01] Successfully processed graph 24 - Category: win - Time: 0.04s
[2025-12-04 13:51:01] 
Processing graph 25/200
[2025-12-04 13:51:01] Graph 25 has 16 nodes and 16 edges
[2025-12-04 13:51:01] Converted to 16 bitstring edges
[2025-12-04 13:51:01] Computing Matchings Dynamic walk
[2025-12-04 13:51:01] Matchings - CX: 138.0, U3: 125.0, Depth: 204.0
[2025-12-04 13:51:01] Computing Pauli decomposition
[2025-12-04 13:51:01] Pauli - CX: 50.0, U3: 83.0, Depth: 90.0
[2025-12-04 13:51:01] Analysis completed in 0.05s - Category: lose
[2025-12-04 13:51:01] Successfully processed graph 25 - Category: lose - Time: 0.05s
[2025-12-04 13:51:01] 
Processing graph 26/200
[2025-12-04 13:51:01] Graph 26 has 16 nodes and 16 edges
[2025-12-04 13:51:01] Converted to 16 bitstring edges
[2025-12-04 13:51:01] Computing Matchings Dynamic walk
[2025-12-04 13:51:01] Matchings - CX: 56.0, U3: 57.0, Depth: 85.0
[2025-12-04 13:51:01] Computing Pauli decomposition
[2025-12-04 13:51:01] Pauli - CX: 64.0, U3: 85.0, Depth: 107.0
[2025-12-04 13:51:01] Analysis completed in 0.04s - Category: win
[2025-12-04 13:51:01] Successfully processed graph 26 - Category: win - Time: 0.04s
[2025-12-04 13:51:01] 
Processing graph 27/200
[2025-12-04 13:51:01] Graph 27 has 16 nodes and 16 edges
[2025-12-04 13:51:01] Converted to 16 bitstring edges
[2025-12-04 13:51:01] Computing Matchings Dynamic walk
[2025-12-04 13:51:01] Matchings - CX: 58.0, U3: 58.0, Depth: 88.0
[2025-12-04 13:51:01] Computing Pauli decomposition
[2025-12-04 13:51:01] Pauli - CX: 61.0, U3: 91.0, Depth: 106.0
[2025-12-04 13:51:01] Analysis completed in 0.05s - Category: win
[2025-12-04 13:51:01] Successfully processed graph 27 - Category: win - Time: 0.05s
[2025-12-04 13:51:01] 
Processing graph 28/200
[2025-12-04 13:51:01] Graph 28 has 16 nodes and 16 edges
[2025-12-04 13:51:01] Converted to 16 bitstring edges
[2025-12-04 13:51:01] Computing Matchings Dynamic walk
[2025-12-04 13:51:01] Matchings - CX: 88.0, U3: 73.0, Depth: 128.0
[2025-12-04 13:51:01] Computing Pauli decomposition
[2025-12-04 13:51:01] Pauli - CX: 73.0, U3: 100.0, Depth: 121.0
[2025-12-04 13:51:01] Analysis completed in 0.04s - Category: lose
[2025-12-04 13:51:01] Successfully processed graph 28 - Category: lose - Time: 0.04s
[2025-12-04 13:51:01] 
Processing graph 29/200
[2025-12-04 13:51:01] Graph 29 has 16 nodes and 16 edges
[2025-12-04 13:51:01] Converted to 16 bitstring edges
[2025-12-04 13:51:01] Computing Matchings Dynamic walk
[2025-12-04 13:51:01] Matchings - CX: 59.0, U3: 58.0, Depth: 89.0
[2025-12-04 13:51:01] Computing Pauli decomposition
[2025-12-04 13:51:01] Pauli - CX: 58.0, U3: 85.0, Depth: 101.0
[2025-12-04 13:51:01] Analysis completed in 0.04s - Category: lose
[2025-12-04 13:51:01] Successfully processed graph 29 - Category: lose - Time: 0.04s
[2025-12-04 13:51:01] 
Processing graph 30/200
[2025-12-04 13:51:01] Graph 30 has 16 nodes and 16 edges
[2025-12-04 13:51:01] Converted to 16 bitstring edges
[2025-12-04 13:51:01] Computing Matchings Dynamic walk
[2025-12-04 13:51:01] Matchings - CX: 55.0, U3: 57.0, Depth: 84.0
[2025-12-04 13:51:01] Computing Pauli decomposition
[2025-12-04 13:51:01] Pauli - CX: 58.0, U3: 85.0, Depth: 101.0
[2025-12-04 13:51:01] Analysis completed in 0.05s - Category: win
[2025-12-04 13:51:01] Successfully processed graph 30 - Category: win - Time: 0.05s
[2025-12-04 13:51:01] 
Processing graph 31/200
[2025-12-04 13:51:01] Graph 31 has 16 nodes and 16 edges
[2025-12-04 13:51:01] Converted to 16 bitstring edges
[2025-12-04 13:51:01] Computing Matchings Dynamic walk
[2025-12-04 13:51:01] Matchings - CX: 58.0, U3: 56.0, Depth: 88.0
[2025-12-04 13:51:01] Computing Pauli decomposition
[2025-12-04 13:51:01] Pauli - CX: 65.0, U3: 90.0, Depth: 110.0
[2025-12-04 13:51:01] Analysis completed in 0.05s - Category: win
[2025-12-04 13:51:01] Successfully processed graph 31 - Category: win - Time: 0.05s
[2025-12-04 13:51:01] 
Processing graph 32/200
[2025-12-04 13:51:01] Graph 32 has 16 nodes and 16 edges
[2025-12-04 13:51:01] Converted to 16 bitstring edges
[2025-12-04 13:51:01] Computing Matchings Dynamic walk
[2025-12-04 13:51:01] Matchings - CX: 60.0, U3: 54.0, Depth: 90.0
[2025-12-04 13:51:01] Computing Pauli decomposition
[2025-12-04 13:51:01] Pauli - CX: 67.0, U3: 94.0, Depth: 113.0
[2025-12-04 13:51:01] Analysis completed in 0.05s - Category: win
[2025-12-04 13:51:01] Successfully processed graph 32 - Category: win - Time: 0.05s
[2025-12-04 13:51:01] 
Processing graph 33/200
[2025-12-04 13:51:01] Graph 33 has 16 nodes and 16 edges
[2025-12-04 13:51:01] Converted to 16 bitstring edges
[2025-12-04 13:51:01] Computing Matchings Dynamic walk
[2025-12-04 13:51:01] Matchings - CX: 56.0, U3: 56.0, Depth: 86.0
[2025-12-04 13:51:01] Computing Pauli decomposition
[2025-12-04 13:51:01] Pauli - CX: 78.0, U3: 106.0, Depth: 131.0
[2025-12-04 13:51:01] Analysis completed in 0.04s - Category: win
[2025-12-04 13:51:01] Successfully processed graph 33 - Category: win - Time: 0.04s
[2025-12-04 13:51:01] 
Processing graph 34/200
[2025-12-04 13:51:01] Graph 34 has 16 nodes and 16 edges
[2025-12-04 13:51:01] Converted to 16 bitstring edges
[2025-12-04 13:51:01] Computing Matchings Dynamic walk
[2025-12-04 13:51:01] Matchings - CX: 61.0, U3: 58.0, Depth: 91.0
[2025-12-04 13:51:01] Computing Pauli decomposition
[2025-12-04 13:51:01] Pauli - CX: 33.0, U3: 49.0, Depth: 57.0
[2025-12-04 13:51:01] Analysis completed in 0.04s - Category: lose
[2025-12-04 13:51:01] Successfully processed graph 34 - Category: lose - Time: 0.04s
[2025-12-04 13:51:01] 
Processing graph 35/200
[2025-12-04 13:51:01] Graph 35 has 16 nodes and 16 edges
[2025-12-04 13:51:01] Converted to 16 bitstring edges
[2025-12-04 13:51:01] Computing Matchings Dynamic walk
[2025-12-04 13:51:01] Matchings - CX: 57.0, U3: 57.0, Depth: 87.0
[2025-12-04 13:51:01] Computing Pauli decomposition
[2025-12-04 13:51:01] Pauli - CX: 74.0, U3: 83.0, Depth: 117.0
[2025-12-04 13:51:01] Analysis completed in 0.05s - Category: win
[2025-12-04 13:51:01] Successfully processed graph 35 - Category: win - Time: 0.05s
[2025-12-04 13:51:01] 
Processing graph 36/200
[2025-12-04 13:51:01] Graph 36 has 16 nodes and 16 edges
[2025-12-04 13:51:01] Converted to 16 bitstring edges
[2025-12-04 13:51:01] Computing Matchings Dynamic walk
[2025-12-04 13:51:01] Matchings - CX: 143.0, U3: 127.0, Depth: 212.0
[2025-12-04 13:51:01] Computing Pauli decomposition
[2025-12-04 13:51:01] Pauli - CX: 74.0, U3: 83.0, Depth: 117.0
[2025-12-04 13:51:01] Analysis completed in 0.04s - Category: lose
[2025-12-04 13:51:01] Successfully processed graph 36 - Category: lose - Time: 0.04s
[2025-12-04 13:51:01] 
Processing graph 37/200
[2025-12-04 13:51:01] Graph 37 has 16 nodes and 16 edges
[2025-12-04 13:51:01] Converted to 16 bitstring edges
[2025-12-04 13:51:01] Computing Matchings Dynamic walk
[2025-12-04 13:51:01] Matchings - CX: 57.0, U3: 58.0, Depth: 86.0
[2025-12-04 13:51:01] Computing Pauli decomposition
[2025-12-04 13:51:01] Pauli - CX: 54.0, U3: 83.0, Depth: 94.0
[2025-12-04 13:51:01] Analysis completed in 0.04s - Category: lose
[2025-12-04 13:51:01] Successfully processed graph 37 - Category: lose - Time: 0.04s
[2025-12-04 13:51:01] 
Processing graph 38/200
[2025-12-04 13:51:01] Graph 38 has 16 nodes and 16 edges
[2025-12-04 13:51:01] Converted to 16 bitstring edges
[2025-12-04 13:51:01] Computing Matchings Dynamic walk
[2025-12-04 13:51:01] Matchings - CX: 57.0, U3: 59.0, Depth: 87.0
[2025-12-04 13:51:01] Computing Pauli decomposition
[2025-12-04 13:51:01] Pauli - CX: 54.0, U3: 83.0, Depth: 94.0
[2025-12-04 13:51:01] Analysis completed in 0.04s - Category: lose
[2025-12-04 13:51:01] Successfully processed graph 38 - Category: lose - Time: 0.04s
[2025-12-04 13:51:01] 
Processing graph 39/200
[2025-12-04 13:51:01] Graph 39 has 16 nodes and 16 edges
[2025-12-04 13:51:01] Converted to 16 bitstring edges
[2025-12-04 13:51:01] Computing Matchings Dynamic walk
[2025-12-04 13:51:01] Matchings - CX: 55.0, U3: 57.0, Depth: 85.0
[2025-12-04 13:51:01] Computing Pauli decomposition
[2025-12-04 13:51:01] Pauli - CX: 58.0, U3: 85.0, Depth: 101.0
[2025-12-04 13:51:01] Analysis completed in 0.04s - Category: win
[2025-12-04 13:51:01] Successfully processed graph 39 - Category: win - Time: 0.04s
[2025-12-04 13:51:01] 
Processing graph 40/200
[2025-12-04 13:51:01] Graph 40 has 16 nodes and 16 edges
[2025-12-04 13:51:01] Converted to 16 bitstring edges
[2025-12-04 13:51:01] Computing Matchings Dynamic walk
[2025-12-04 13:51:02] Matchings - CX: 59.0, U3: 59.0, Depth: 91.0
[2025-12-04 13:51:02] Computing Pauli decomposition
[2025-12-04 13:51:02] Pauli - CX: 50.0, U3: 83.0, Depth: 90.0
[2025-12-04 13:51:02] Analysis completed in 0.05s - Category: lose
[2025-12-04 13:51:02] Successfully processed graph 40 - Category: lose - Time: 0.05s
[2025-12-04 13:51:02] 
Processing graph 41/200
[2025-12-04 13:51:02] Graph 41 has 16 nodes and 16 edges
[2025-12-04 13:51:02] Converted to 16 bitstring edges
[2025-12-04 13:51:02] Computing Matchings Dynamic walk
[2025-12-04 13:51:02] Matchings - CX: 141.0, U3: 118.0, Depth: 206.0
[2025-12-04 13:51:02] Computing Pauli decomposition
[2025-12-04 13:51:02] Pauli - CX: 61.0, U3: 91.0, Depth: 106.0
[2025-12-04 13:51:02] Analysis completed in 0.05s - Category: lose
[2025-12-04 13:51:02] Successfully processed graph 41 - Category: lose - Time: 0.05s
[2025-12-04 13:51:02] 
Processing graph 42/200
[2025-12-04 13:51:02] Graph 42 has 16 nodes and 16 edges
[2025-12-04 13:51:02] Converted to 16 bitstring edges
[2025-12-04 13:51:02] Computing Matchings Dynamic walk
[2025-12-04 13:51:02] Matchings - CX: 77.0, U3: 74.0, Depth: 119.0
[2025-12-04 13:51:02] Computing Pauli decomposition
[2025-12-04 13:51:02] Pauli - CX: 78.0, U3: 106.0, Depth: 131.0
[2025-12-04 13:51:02] Analysis completed in 0.05s - Category: win
[2025-12-04 13:51:02] Successfully processed graph 42 - Category: win - Time: 0.05s
[2025-12-04 13:51:02] 
Processing graph 43/200
[2025-12-04 13:51:02] Graph 43 has 16 nodes and 16 edges
[2025-12-04 13:51:02] Converted to 16 bitstring edges
[2025-12-04 13:51:02] Computing Matchings Dynamic walk
[2025-12-04 13:51:02] Matchings - CX: 56.0, U3: 54.0, Depth: 86.0
[2025-12-04 13:51:02] Computing Pauli decomposition
[2025-12-04 13:51:02] Pauli - CX: 69.0, U3: 91.0, Depth: 115.0
[2025-12-04 13:51:02] Analysis completed in 0.05s - Category: win
[2025-12-04 13:51:02] Successfully processed graph 43 - Category: win - Time: 0.05s
[2025-12-04 13:51:02] 
Processing graph 44/200
[2025-12-04 13:51:02] Graph 44 has 16 nodes and 16 edges
[2025-12-04 13:51:02] Converted to 16 bitstring edges
[2025-12-04 13:51:02] Computing Matchings Dynamic walk
[2025-12-04 13:51:02] Matchings - CX: 61.0, U3: 58.0, Depth: 92.0
[2025-12-04 13:51:02] Computing Pauli decomposition
[2025-12-04 13:51:02] Pauli - CX: 38.0, U3: 48.0, Depth: 61.0
[2025-12-04 13:51:02] Analysis completed in 0.04s - Category: lose
[2025-12-04 13:51:02] Successfully processed graph 44 - Category: lose - Time: 0.04s
[2025-12-04 13:51:02] 
Processing graph 45/200
[2025-12-04 13:51:02] Graph 45 has 16 nodes and 16 edges
[2025-12-04 13:51:02] Converted to 16 bitstring edges
[2025-12-04 13:51:02] Computing Matchings Dynamic walk
[2025-12-04 13:51:02] Matchings - CX: 59.0, U3: 60.0, Depth: 91.0
[2025-12-04 13:51:02] Computing Pauli decomposition
[2025-12-04 13:51:02] Pauli - CX: 50.0, U3: 83.0, Depth: 90.0
[2025-12-04 13:51:02] Analysis completed in 0.05s - Category: lose
[2025-12-04 13:51:02] Successfully processed graph 45 - Category: lose - Time: 0.05s
[2025-12-04 13:51:02] 
Processing graph 46/200
[2025-12-04 13:51:02] Graph 46 has 16 nodes and 16 edges
[2025-12-04 13:51:02] Converted to 16 bitstring edges
[2025-12-04 13:51:02] Computing Matchings Dynamic walk
[2025-12-04 13:51:02] Matchings - CX: 56.0, U3: 56.0, Depth: 86.0
[2025-12-04 13:51:02] Computing Pauli decomposition
[2025-12-04 13:51:02] Pauli - CX: 74.0, U3: 83.0, Depth: 117.0
[2025-12-04 13:51:02] Analysis completed in 0.04s - Category: win
[2025-12-04 13:51:02] Successfully processed graph 46 - Category: win - Time: 0.04s
[2025-12-04 13:51:02] 
Processing graph 47/200
[2025-12-04 13:51:02] Graph 47 has 16 nodes and 16 edges
[2025-12-04 13:51:02] Converted to 16 bitstring edges
[2025-12-04 13:51:02] Computing Matchings Dynamic walk
[2025-12-04 13:51:02] Matchings - CX: 141.0, U3: 121.0, Depth: 208.0
[2025-12-04 13:51:02] Computing Pauli decomposition
[2025-12-04 13:51:02] Pauli - CX: 74.0, U3: 83.0, Depth: 117.0
[2025-12-04 13:51:02] Analysis completed in 0.05s - Category: lose
[2025-12-04 13:51:02] Successfully processed graph 47 - Category: lose - Time: 0.05s
[2025-12-04 13:51:02] 
Processing graph 48/200
[2025-12-04 13:51:02] Graph 48 has 16 nodes and 16 edges
[2025-12-04 13:51:02] Converted to 16 bitstring edges
[2025-12-04 13:51:02] Computing Matchings Dynamic walk
[2025-12-04 13:51:02] Matchings - CX: 74.0, U3: 74.0, Depth: 111.0
[2025-12-04 13:51:02] Computing Pauli decomposition
[2025-12-04 13:51:02] Pauli - CX: 60.0, U3: 86.0, Depth: 104.0
[2025-12-04 13:51:02] Analysis completed in 0.04s - Category: lose
[2025-12-04 13:51:02] Successfully processed graph 48 - Category: lose - Time: 0.04s
[2025-12-04 13:51:02] 
Processing graph 49/200
[2025-12-04 13:51:02] Graph 49 has 16 nodes and 16 edges
[2025-12-04 13:51:02] Converted to 16 bitstring edges
[2025-12-04 13:51:02] Computing Matchings Dynamic walk
[2025-12-04 13:51:02] Matchings - CX: 56.0, U3: 54.0, Depth: 86.0
[2025-12-04 13:51:02] Computing Pauli decomposition
[2025-12-04 13:51:02] Pauli - CX: 78.0, U3: 106.0, Depth: 131.0
[2025-12-04 13:51:02] Analysis completed in 0.04s - Category: win
[2025-12-04 13:51:02] Successfully processed graph 49 - Category: win - Time: 0.04s
[2025-12-04 13:51:02] 
Processing graph 50/200
[2025-12-04 13:51:02] Graph 50 has 16 nodes and 16 edges
[2025-12-04 13:51:02] Converted to 16 bitstring edges
[2025-12-04 13:51:02] Computing Matchings Dynamic walk
[2025-12-04 13:51:02] Matchings - CX: 56.0, U3: 55.0, Depth: 84.0
[2025-12-04 13:51:02] Computing Pauli decomposition
[2025-12-04 13:51:02] Pauli - CX: 60.0, U3: 86.0, Depth: 104.0
[2025-12-04 13:51:02] Analysis completed in 0.04s - Category: win
[2025-12-04 13:51:02] Successfully processed graph 50 - Category: win - Time: 0.04s
[2025-12-04 13:51:02] 
Processing graph 51/200
[2025-12-04 13:51:02] Graph 51 has 16 nodes and 16 edges
[2025-12-04 13:51:02] Converted to 16 bitstring edges
[2025-12-04 13:51:02] Computing Matchings Dynamic walk
[2025-12-04 13:51:02] Matchings - CX: 56.0, U3: 55.0, Depth: 84.0
[2025-12-04 13:51:02] Computing Pauli decomposition
[2025-12-04 13:51:02] Pauli - CX: 38.0, U3: 48.0, Depth: 61.0
[2025-12-04 13:51:02] Analysis completed in 0.05s - Category: lose
[2025-12-04 13:51:02] Successfully processed graph 51 - Category: lose - Time: 0.05s
[2025-12-04 13:51:02] 
Processing graph 52/200
[2025-12-04 13:51:02] Graph 52 has 16 nodes and 17 edges
[2025-12-04 13:51:02] Converted to 17 bitstring edges
[2025-12-04 13:51:02] Computing Matchings Dynamic walk
[2025-12-04 13:51:02] Matchings - CX: 172.0, U3: 149.0, Depth: 253.0
[2025-12-04 13:51:02] Computing Pauli decomposition
[2025-12-04 13:51:02] Pauli - CX: 44.0, U3: 72.0, Depth: 79.0
[2025-12-04 13:51:02] Analysis completed in 0.05s - Category: lose
[2025-12-04 13:51:02] Successfully processed graph 52 - Category: lose - Time: 0.05s
[2025-12-04 13:51:02] 
Processing graph 53/200
[2025-12-04 13:51:02] Graph 53 has 16 nodes and 17 edges
[2025-12-04 13:51:02] Converted to 17 bitstring edges
[2025-12-04 13:51:02] Computing Matchings Dynamic walk
[2025-12-04 13:51:02] Matchings - CX: 94.0, U3: 95.0, Depth: 143.0
[2025-12-04 13:51:02] Computing Pauli decomposition
[2025-12-04 13:51:02] Pauli - CX: 82.0, U3: 114.0, Depth: 138.0
[2025-12-04 13:51:02] Analysis completed in 0.05s - Category: lose
[2025-12-04 13:51:02] Successfully processed graph 53 - Category: lose - Time: 0.05s
[2025-12-04 13:51:02] 
Processing graph 54/200
[2025-12-04 13:51:02] Graph 54 has 16 nodes and 17 edges
[2025-12-04 13:51:02] Converted to 17 bitstring edges
[2025-12-04 13:51:02] Computing Matchings Dynamic walk
[2025-12-04 13:51:02] Matchings - CX: 44.0, U3: 44.0, Depth: 69.0
[2025-12-04 13:51:02] Computing Pauli decomposition
[2025-12-04 13:51:02] Pauli - CX: 52.0, U3: 67.0, Depth: 87.0
[2025-12-04 13:51:02] Analysis completed in 0.04s - Category: win
[2025-12-04 13:51:02] Successfully processed graph 54 - Category: win - Time: 0.04s
[2025-12-04 13:51:02] 
Processing graph 55/200
[2025-12-04 13:51:02] Graph 55 has 16 nodes and 17 edges
[2025-12-04 13:51:02] Converted to 17 bitstring edges
[2025-12-04 13:51:02] Computing Matchings Dynamic walk
[2025-12-04 13:51:02] Matchings - CX: 76.0, U3: 74.0, Depth: 115.0
[2025-12-04 13:51:02] Computing Pauli decomposition
[2025-12-04 13:51:02] Pauli - CX: 75.0, U3: 108.0, Depth: 129.0
[2025-12-04 13:51:02] Analysis completed in 0.05s - Category: lose
[2025-12-04 13:51:02] Successfully processed graph 55 - Category: lose - Time: 0.05s
[2025-12-04 13:51:02] 
Processing graph 56/200
[2025-12-04 13:51:02] Graph 56 has 16 nodes and 17 edges
[2025-12-04 13:51:02] Converted to 17 bitstring edges
[2025-12-04 13:51:02] Computing Matchings Dynamic walk
[2025-12-04 13:51:02] Matchings - CX: 77.0, U3: 72.0, Depth: 115.0
[2025-12-04 13:51:02] Computing Pauli decomposition
[2025-12-04 13:51:02] Pauli - CX: 84.0, U3: 99.0, Depth: 136.0
[2025-12-04 13:51:02] Analysis completed in 0.05s - Category: win
[2025-12-04 13:51:02] Successfully processed graph 56 - Category: win - Time: 0.05s
[2025-12-04 13:51:02] 
Processing graph 57/200
[2025-12-04 13:51:02] Graph 57 has 16 nodes and 17 edges
[2025-12-04 13:51:02] Converted to 17 bitstring edges
[2025-12-04 13:51:02] Computing Matchings Dynamic walk
[2025-12-04 13:51:02] Matchings - CX: 78.0, U3: 76.0, Depth: 119.0
[2025-12-04 13:51:02] Computing Pauli decomposition
[2025-12-04 13:51:02] Pauli - CX: 69.0, U3: 98.0, Depth: 119.0
[2025-12-04 13:51:02] Analysis completed in 0.05s - Category: lose
[2025-12-04 13:51:02] Successfully processed graph 57 - Category: lose - Time: 0.05s
[2025-12-04 13:51:02] 
Processing graph 58/200
[2025-12-04 13:51:02] Graph 58 has 16 nodes and 17 edges
[2025-12-04 13:51:02] Converted to 17 bitstring edges
[2025-12-04 13:51:02] Computing Matchings Dynamic walk
[2025-12-04 13:51:02] Matchings - CX: 75.0, U3: 72.0, Depth: 113.0
[2025-12-04 13:51:02] Computing Pauli decomposition
[2025-12-04 13:51:02] Pauli - CX: 73.0, U3: 108.0, Depth: 125.0
[2025-12-04 13:51:02] Analysis completed in 0.04s - Category: lose
[2025-12-04 13:51:02] Successfully processed graph 58 - Category: lose - Time: 0.04s
[2025-12-04 13:51:02] 
Processing graph 59/200
[2025-12-04 13:51:02] Graph 59 has 16 nodes and 17 edges
[2025-12-04 13:51:02] Converted to 17 bitstring edges
[2025-12-04 13:51:02] Computing Matchings Dynamic walk
[2025-12-04 13:51:02] Matchings - CX: 112.0, U3: 96.0, Depth: 162.0
[2025-12-04 13:51:02] Computing Pauli decomposition
[2025-12-04 13:51:02] Pauli - CX: 58.0, U3: 93.0, Depth: 104.0
[2025-12-04 13:51:02] Analysis completed in 0.04s - Category: lose
[2025-12-04 13:51:02] Successfully processed graph 59 - Category: lose - Time: 0.04s
[2025-12-04 13:51:02] 
Processing graph 60/200
[2025-12-04 13:51:02] Graph 60 has 16 nodes and 17 edges
[2025-12-04 13:51:02] Converted to 17 bitstring edges
[2025-12-04 13:51:02] Computing Matchings Dynamic walk
[2025-12-04 13:51:02] Matchings - CX: 164.0, U3: 142.0, Depth: 241.0
[2025-12-04 13:51:02] Computing Pauli decomposition
[2025-12-04 13:51:03] Pauli - CX: 65.0, U3: 101.0, Depth: 115.0
[2025-12-04 13:51:03] Analysis completed in 0.05s - Category: lose
[2025-12-04 13:51:03] Successfully processed graph 60 - Category: lose - Time: 0.05s
[2025-12-04 13:51:03] 
Processing graph 61/200
[2025-12-04 13:51:03] Graph 61 has 16 nodes and 17 edges
[2025-12-04 13:51:03] Converted to 17 bitstring edges
[2025-12-04 13:51:03] Computing Matchings Dynamic walk
[2025-12-04 13:51:03] Matchings - CX: 76.0, U3: 77.0, Depth: 114.0
[2025-12-04 13:51:03] Computing Pauli decomposition
[2025-12-04 13:51:03] Pauli - CX: 71.0, U3: 105.0, Depth: 122.0
[2025-12-04 13:51:03] Analysis completed in 0.05s - Category: lose
[2025-12-04 13:51:03] Successfully processed graph 61 - Category: lose - Time: 0.05s
[2025-12-04 13:51:03] 
Processing graph 62/200
[2025-12-04 13:51:03] Graph 62 has 16 nodes and 17 edges
[2025-12-04 13:51:03] Converted to 17 bitstring edges
[2025-12-04 13:51:03] Computing Matchings Dynamic walk
[2025-12-04 13:51:03] Matchings - CX: 78.0, U3: 69.0, Depth: 116.0
[2025-12-04 13:51:03] Computing Pauli decomposition
[2025-12-04 13:51:03] Pauli - CX: 76.0, U3: 109.0, Depth: 131.0
[2025-12-04 13:51:03] Analysis completed in 0.05s - Category: lose
[2025-12-04 13:51:03] Successfully processed graph 62 - Category: lose - Time: 0.05s
[2025-12-04 13:51:03] 
Processing graph 63/200
[2025-12-04 13:51:03] Graph 63 has 16 nodes and 17 edges
[2025-12-04 13:51:03] Converted to 17 bitstring edges
[2025-12-04 13:51:03] Computing Matchings Dynamic walk
[2025-12-04 13:51:03] Matchings - CX: 160.0, U3: 139.0, Depth: 233.0
[2025-12-04 13:51:03] Computing Pauli decomposition
[2025-12-04 13:51:03] Pauli - CX: 90.0, U3: 120.0, Depth: 149.0
[2025-12-04 13:51:03] Analysis completed in 0.05s - Category: lose
[2025-12-04 13:51:03] Successfully processed graph 63 - Category: lose - Time: 0.05s
[2025-12-04 13:51:03] 
Processing graph 64/200
[2025-12-04 13:51:03] Graph 64 has 16 nodes and 17 edges
[2025-12-04 13:51:03] Converted to 17 bitstring edges
[2025-12-04 13:51:03] Computing Matchings Dynamic walk
[2025-12-04 13:51:03] Matchings - CX: 75.0, U3: 72.0, Depth: 112.0
[2025-12-04 13:51:03] Computing Pauli decomposition
[2025-12-04 13:51:03] Pauli - CX: 79.0, U3: 110.0, Depth: 133.0
[2025-12-04 13:51:03] Analysis completed in 0.04s - Category: win
[2025-12-04 13:51:03] Successfully processed graph 64 - Category: win - Time: 0.04s
[2025-12-04 13:51:03] 
Processing graph 65/200
[2025-12-04 13:51:03] Graph 65 has 16 nodes and 17 edges
[2025-12-04 13:51:03] Converted to 17 bitstring edges
[2025-12-04 13:51:03] Computing Matchings Dynamic walk
[2025-12-04 13:51:03] Matchings - CX: 75.0, U3: 74.0, Depth: 113.0
[2025-12-04 13:51:03] Computing Pauli decomposition
[2025-12-04 13:51:03] Pauli - CX: 79.0, U3: 108.0, Depth: 133.0
[2025-12-04 13:51:03] Analysis completed in 0.05s - Category: win
[2025-12-04 13:51:03] Successfully processed graph 65 - Category: win - Time: 0.05s
[2025-12-04 13:51:03] 
Processing graph 66/200
[2025-12-04 13:51:03] Graph 66 has 16 nodes and 17 edges
[2025-12-04 13:51:03] Converted to 17 bitstring edges
[2025-12-04 13:51:03] Computing Matchings Dynamic walk
[2025-12-04 13:51:03] Matchings - CX: 95.0, U3: 89.0, Depth: 143.0
[2025-12-04 13:51:03] Computing Pauli decomposition
[2025-12-04 13:51:03] Pauli - CX: 56.0, U3: 79.0, Depth: 96.0
[2025-12-04 13:51:03] Analysis completed in 0.04s - Category: lose
[2025-12-04 13:51:03] Successfully processed graph 66 - Category: lose - Time: 0.04s
[2025-12-04 13:51:03] 
Processing graph 67/200
[2025-12-04 13:51:03] Graph 67 has 16 nodes and 17 edges
[2025-12-04 13:51:03] Converted to 17 bitstring edges
[2025-12-04 13:51:03] Computing Matchings Dynamic walk
[2025-12-04 13:51:03] Matchings - CX: 166.0, U3: 146.0, Depth: 245.0
[2025-12-04 13:51:03] Computing Pauli decomposition
[2025-12-04 13:51:03] Pauli - CX: 69.0, U3: 101.0, Depth: 120.0
[2025-12-04 13:51:03] Analysis completed in 0.05s - Category: lose
[2025-12-04 13:51:03] Successfully processed graph 67 - Category: lose - Time: 0.05s
[2025-12-04 13:51:03] 
Processing graph 68/200
[2025-12-04 13:51:03] Graph 68 has 16 nodes and 17 edges
[2025-12-04 13:51:03] Converted to 17 bitstring edges
[2025-12-04 13:51:03] Computing Matchings Dynamic walk
[2025-12-04 13:51:03] Matchings - CX: 127.0, U3: 112.0, Depth: 187.0
[2025-12-04 13:51:03] Computing Pauli decomposition
[2025-12-04 13:51:03] Pauli - CX: 84.0, U3: 99.0, Depth: 136.0
[2025-12-04 13:51:03] Analysis completed in 0.05s - Category: lose
[2025-12-04 13:51:03] Successfully processed graph 68 - Category: lose - Time: 0.05s
[2025-12-04 13:51:03] 
Processing graph 69/200
[2025-12-04 13:51:03] Graph 69 has 16 nodes and 17 edges
[2025-12-04 13:51:03] Converted to 17 bitstring edges
[2025-12-04 13:51:03] Computing Matchings Dynamic walk
[2025-12-04 13:51:03] Matchings - CX: 76.0, U3: 73.0, Depth: 114.0
[2025-12-04 13:51:03] Computing Pauli decomposition
[2025-12-04 13:51:03] Pauli - CX: 88.0, U3: 98.0, Depth: 140.0
[2025-12-04 13:51:03] Analysis completed in 0.05s - Category: win
[2025-12-04 13:51:03] Successfully processed graph 69 - Category: win - Time: 0.05s
[2025-12-04 13:51:03] 
Processing graph 70/200
[2025-12-04 13:51:03] Graph 70 has 16 nodes and 17 edges
[2025-12-04 13:51:03] Converted to 17 bitstring edges
[2025-12-04 13:51:03] Computing Matchings Dynamic walk
[2025-12-04 13:51:03] Matchings - CX: 75.0, U3: 73.0, Depth: 113.0
[2025-12-04 13:51:03] Computing Pauli decomposition
[2025-12-04 13:51:03] Pauli - CX: 70.0, U3: 101.0, Depth: 121.0
[2025-12-04 13:51:03] Analysis completed in 0.05s - Category: lose
[2025-12-04 13:51:03] Successfully processed graph 70 - Category: lose - Time: 0.05s
[2025-12-04 13:51:03] 
Processing graph 71/200
[2025-12-04 13:51:03] Graph 71 has 16 nodes and 17 edges
[2025-12-04 13:51:03] Converted to 17 bitstring edges
[2025-12-04 13:51:03] Computing Matchings Dynamic walk
[2025-12-04 13:51:03] Matchings - CX: 75.0, U3: 69.0, Depth: 111.0
[2025-12-04 13:51:03] Computing Pauli decomposition
[2025-12-04 13:51:03] Pauli - CX: 51.0, U3: 70.0, Depth: 85.0
[2025-12-04 13:51:03] Analysis completed in 0.05s - Category: lose
[2025-12-04 13:51:03] Successfully processed graph 71 - Category: lose - Time: 0.05s
[2025-12-04 13:51:03] 
Processing graph 72/200
[2025-12-04 13:51:03] Graph 72 has 16 nodes and 17 edges
[2025-12-04 13:51:03] Converted to 17 bitstring edges
[2025-12-04 13:51:03] Computing Matchings Dynamic walk
[2025-12-04 13:51:03] Matchings - CX: 82.0, U3: 71.0, Depth: 122.0
[2025-12-04 13:51:03] Computing Pauli decomposition
[2025-12-04 13:51:03] Pauli - CX: 75.0, U3: 108.0, Depth: 129.0
[2025-12-04 13:51:03] Analysis completed in 0.04s - Category: lose
[2025-12-04 13:51:03] Successfully processed graph 72 - Category: lose - Time: 0.04s
[2025-12-04 13:51:03] 
Processing graph 73/200
[2025-12-04 13:51:03] Graph 73 has 16 nodes and 17 edges
[2025-12-04 13:51:03] Converted to 17 bitstring edges
[2025-12-04 13:51:03] Computing Matchings Dynamic walk
[2025-12-04 13:51:03] Matchings - CX: 111.0, U3: 91.0, Depth: 161.0
[2025-12-04 13:51:03] Computing Pauli decomposition
[2025-12-04 13:51:03] Pauli - CX: 50.0, U3: 69.0, Depth: 84.0
[2025-12-04 13:51:03] Analysis completed in 0.04s - Category: lose
[2025-12-04 13:51:03] Successfully processed graph 73 - Category: lose - Time: 0.04s
[2025-12-04 13:51:03] 
Processing graph 74/200
[2025-12-04 13:51:03] Graph 74 has 16 nodes and 17 edges
[2025-12-04 13:51:03] Converted to 17 bitstring edges
[2025-12-04 13:51:03] Computing Matchings Dynamic walk
[2025-12-04 13:51:03] Matchings - CX: 79.0, U3: 72.0, Depth: 119.0
[2025-12-04 13:51:03] Computing Pauli decomposition
[2025-12-04 13:51:03] Pauli - CX: 64.0, U3: 96.0, Depth: 112.0
[2025-12-04 13:51:03] Analysis completed in 0.05s - Category: lose
[2025-12-04 13:51:03] Successfully processed graph 74 - Category: lose - Time: 0.05s
[2025-12-04 13:51:03] 
Processing graph 75/200
[2025-12-04 13:51:03] Graph 75 has 16 nodes and 17 edges
[2025-12-04 13:51:03] Converted to 17 bitstring edges
[2025-12-04 13:51:03] Computing Matchings Dynamic walk
[2025-12-04 13:51:03] Matchings - CX: 82.0, U3: 77.0, Depth: 120.0
[2025-12-04 13:51:03] Computing Pauli decomposition
[2025-12-04 13:51:03] Pauli - CX: 48.0, U3: 63.0, Depth: 80.0
[2025-12-04 13:51:03] Analysis completed in 0.04s - Category: lose
[2025-12-04 13:51:03] Successfully processed graph 75 - Category: lose - Time: 0.04s
[2025-12-04 13:51:03] 
Processing graph 76/200
[2025-12-04 13:51:03] Graph 76 has 16 nodes and 17 edges
[2025-12-04 13:51:03] Converted to 17 bitstring edges
[2025-12-04 13:51:03] Computing Matchings Dynamic walk
[2025-12-04 13:51:03] Matchings - CX: 78.0, U3: 73.0, Depth: 117.0
[2025-12-04 13:51:03] Computing Pauli decomposition
[2025-12-04 13:51:03] Pauli - CX: 73.0, U3: 103.0, Depth: 125.0
[2025-12-04 13:51:03] Analysis completed in 0.05s - Category: lose
[2025-12-04 13:51:03] Successfully processed graph 76 - Category: lose - Time: 0.05s
[2025-12-04 13:51:03] 
Processing graph 77/200
[2025-12-04 13:51:03] Graph 77 has 16 nodes and 17 edges
[2025-12-04 13:51:03] Converted to 17 bitstring edges
[2025-12-04 13:51:03] Computing Matchings Dynamic walk
[2025-12-04 13:51:03] Matchings - CX: 78.0, U3: 75.0, Depth: 118.0
[2025-12-04 13:51:03] Computing Pauli decomposition
[2025-12-04 13:51:03] Pauli - CX: 95.0, U3: 128.0, Depth: 159.0
[2025-12-04 13:51:03] Analysis completed in 0.05s - Category: win
[2025-12-04 13:51:03] Successfully processed graph 77 - Category: win - Time: 0.05s
[2025-12-04 13:51:03] 
Processing graph 78/200
[2025-12-04 13:51:03] Graph 78 has 16 nodes and 17 edges
[2025-12-04 13:51:03] Converted to 17 bitstring edges
[2025-12-04 13:51:03] Computing Matchings Dynamic walk
[2025-12-04 13:51:03] Matchings - CX: 112.0, U3: 96.0, Depth: 163.0
[2025-12-04 13:51:03] Computing Pauli decomposition
[2025-12-04 13:51:03] Pauli - CX: 78.0, U3: 116.0, Depth: 135.0
[2025-12-04 13:51:03] Analysis completed in 0.04s - Category: lose
[2025-12-04 13:51:03] Successfully processed graph 78 - Category: lose - Time: 0.04s
[2025-12-04 13:51:03] 
Processing graph 79/200
[2025-12-04 13:51:03] Graph 79 has 16 nodes and 17 edges
[2025-12-04 13:51:03] Converted to 17 bitstring edges
[2025-12-04 13:51:03] Computing Matchings Dynamic walk
[2025-12-04 13:51:03] Matchings - CX: 162.0, U3: 136.0, Depth: 232.0
[2025-12-04 13:51:03] Computing Pauli decomposition
[2025-12-04 13:51:03] Pauli - CX: 75.0, U3: 105.0, Depth: 129.0
[2025-12-04 13:51:03] Analysis completed in 0.05s - Category: lose
[2025-12-04 13:51:03] Successfully processed graph 79 - Category: lose - Time: 0.05s
[2025-12-04 13:51:03] 
Processing graph 80/200
[2025-12-04 13:51:03] Graph 80 has 16 nodes and 17 edges
[2025-12-04 13:51:03] Converted to 17 bitstring edges
[2025-12-04 13:51:03] Computing Matchings Dynamic walk
[2025-12-04 13:51:03] Matchings - CX: 110.0, U3: 96.0, Depth: 158.0
[2025-12-04 13:51:03] Computing Pauli decomposition
[2025-12-04 13:51:03] Pauli - CX: 66.0, U3: 96.0, Depth: 115.0
[2025-12-04 13:51:03] Analysis completed in 0.05s - Category: lose
[2025-12-04 13:51:03] Successfully processed graph 80 - Category: lose - Time: 0.05s
[2025-12-04 13:51:04] 
Processing graph 81/200
[2025-12-04 13:51:04] Graph 81 has 16 nodes and 17 edges
[2025-12-04 13:51:04] Converted to 17 bitstring edges
[2025-12-04 13:51:04] Computing Matchings Dynamic walk
[2025-12-04 13:51:04] Matchings - CX: 76.0, U3: 71.0, Depth: 110.0
[2025-12-04 13:51:04] Computing Pauli decomposition
[2025-12-04 13:51:04] Pauli - CX: 73.0, U3: 102.0, Depth: 126.0
[2025-12-04 13:51:04] Analysis completed in 0.04s - Category: lose
[2025-12-04 13:51:04] Successfully processed graph 81 - Category: lose - Time: 0.04s
[2025-12-04 13:51:04] 
Processing graph 82/200
[2025-12-04 13:51:04] Graph 82 has 16 nodes and 17 edges
[2025-12-04 13:51:04] Converted to 17 bitstring edges
[2025-12-04 13:51:04] Computing Matchings Dynamic walk
[2025-12-04 13:51:04] Matchings - CX: 76.0, U3: 69.0, Depth: 112.0
[2025-12-04 13:51:04] Computing Pauli decomposition
[2025-12-04 13:51:04] Pauli - CX: 81.0, U3: 105.0, Depth: 134.0
[2025-12-04 13:51:04] Analysis completed in 0.05s - Category: win
[2025-12-04 13:51:04] Successfully processed graph 82 - Category: win - Time: 0.05s
[2025-12-04 13:51:04] 
Processing graph 83/200
[2025-12-04 13:51:04] Graph 83 has 16 nodes and 17 edges
[2025-12-04 13:51:04] Converted to 17 bitstring edges
[2025-12-04 13:51:04] Computing Matchings Dynamic walk
[2025-12-04 13:51:04] Matchings - CX: 158.0, U3: 142.0, Depth: 227.0
[2025-12-04 13:51:04] Computing Pauli decomposition
[2025-12-04 13:51:04] Pauli - CX: 62.0, U3: 98.0, Depth: 110.0
[2025-12-04 13:51:04] Analysis completed in 0.05s - Category: lose
[2025-12-04 13:51:04] Successfully processed graph 83 - Category: lose - Time: 0.05s
[2025-12-04 13:51:04] 
Processing graph 84/200
[2025-12-04 13:51:04] Graph 84 has 16 nodes and 17 edges
[2025-12-04 13:51:04] Converted to 17 bitstring edges
[2025-12-04 13:51:04] Computing Matchings Dynamic walk
[2025-12-04 13:51:04] Matchings - CX: 81.0, U3: 74.0, Depth: 120.0
[2025-12-04 13:51:04] Computing Pauli decomposition
[2025-12-04 13:51:04] Pauli - CX: 60.0, U3: 67.0, Depth: 93.0
[2025-12-04 13:51:04] Analysis completed in 0.04s - Category: lose
[2025-12-04 13:51:04] Successfully processed graph 84 - Category: lose - Time: 0.04s
[2025-12-04 13:51:04] 
Processing graph 85/200
[2025-12-04 13:51:04] Graph 85 has 16 nodes and 17 edges
[2025-12-04 13:51:04] Converted to 17 bitstring edges
[2025-12-04 13:51:04] Computing Matchings Dynamic walk
[2025-12-04 13:51:04] Matchings - CX: 76.0, U3: 71.0, Depth: 110.0
[2025-12-04 13:51:04] Computing Pauli decomposition
[2025-12-04 13:51:04] Pauli - CX: 76.0, U3: 100.0, Depth: 126.0
[2025-12-04 13:51:04] Analysis completed in 0.05s - Category: draw
[2025-12-04 13:51:04] Successfully processed graph 85 - Category: draw - Time: 0.05s
[2025-12-04 13:51:04] 
Processing graph 86/200
[2025-12-04 13:51:04] Graph 86 has 16 nodes and 17 edges
[2025-12-04 13:51:04] Converted to 17 bitstring edges
[2025-12-04 13:51:04] Computing Matchings Dynamic walk
[2025-12-04 13:51:04] Matchings - CX: 80.0, U3: 71.0, Depth: 119.0
[2025-12-04 13:51:04] Computing Pauli decomposition
[2025-12-04 13:51:04] Pauli - CX: 76.0, U3: 109.0, Depth: 131.0
[2025-12-04 13:51:04] Analysis completed in 0.05s - Category: lose
[2025-12-04 13:51:04] Successfully processed graph 86 - Category: lose - Time: 0.05s
[2025-12-04 13:51:04] 
Processing graph 87/200
[2025-12-04 13:51:04] Graph 87 has 16 nodes and 17 edges
[2025-12-04 13:51:04] Converted to 17 bitstring edges
[2025-12-04 13:51:04] Computing Matchings Dynamic walk
[2025-12-04 13:51:04] Matchings - CX: 76.0, U3: 77.0, Depth: 115.0
[2025-12-04 13:51:04] Computing Pauli decomposition
[2025-12-04 13:51:04] Pauli - CX: 82.0, U3: 96.0, Depth: 133.0
[2025-12-04 13:51:04] Analysis completed in 0.09s - Category: win
[2025-12-04 13:51:04] Successfully processed graph 87 - Category: win - Time: 0.09s
[2025-12-04 13:51:04] 
Processing graph 88/200
[2025-12-04 13:51:04] Graph 88 has 16 nodes and 17 edges
[2025-12-04 13:51:04] Converted to 17 bitstring edges
[2025-12-04 13:51:04] Computing Matchings Dynamic walk
[2025-12-04 13:51:04] Matchings - CX: 78.0, U3: 73.0, Depth: 116.0
[2025-12-04 13:51:04] Computing Pauli decomposition
[2025-12-04 13:51:04] Pauli - CX: 73.0, U3: 106.0, Depth: 125.0
[2025-12-04 13:51:04] Analysis completed in 0.05s - Category: lose
[2025-12-04 13:51:04] Successfully processed graph 88 - Category: lose - Time: 0.05s
[2025-12-04 13:51:04] 
Processing graph 89/200
[2025-12-04 13:51:04] Graph 89 has 16 nodes and 17 edges
[2025-12-04 13:51:04] Converted to 17 bitstring edges
[2025-12-04 13:51:04] Computing Matchings Dynamic walk
[2025-12-04 13:51:04] Matchings - CX: 79.0, U3: 74.0, Depth: 117.0
[2025-12-04 13:51:04] Computing Pauli decomposition
[2025-12-04 13:51:04] Pauli - CX: 70.0, U3: 101.0, Depth: 121.0
[2025-12-04 13:51:04] Analysis completed in 0.05s - Category: lose
[2025-12-04 13:51:04] Successfully processed graph 89 - Category: lose - Time: 0.05s
[2025-12-04 13:51:04] 
Processing graph 90/200
[2025-12-04 13:51:04] Graph 90 has 16 nodes and 17 edges
[2025-12-04 13:51:04] Converted to 17 bitstring edges
[2025-12-04 13:51:04] Computing Matchings Dynamic walk
[2025-12-04 13:51:04] Matchings - CX: 129.0, U3: 115.0, Depth: 191.0
[2025-12-04 13:51:04] Computing Pauli decomposition
[2025-12-04 13:51:04] Pauli - CX: 85.0, U3: 104.0, Depth: 138.0
[2025-12-04 13:51:04] Analysis completed in 0.06s - Category: lose
[2025-12-04 13:51:04] Successfully processed graph 90 - Category: lose - Time: 0.06s
[2025-12-04 13:51:04] 
Processing graph 91/200
[2025-12-04 13:51:04] Graph 91 has 16 nodes and 17 edges
[2025-12-04 13:51:04] Converted to 17 bitstring edges
[2025-12-04 13:51:04] Computing Matchings Dynamic walk
[2025-12-04 13:51:04] Matchings - CX: 95.0, U3: 93.0, Depth: 143.0
[2025-12-04 13:51:04] Computing Pauli decomposition
[2025-12-04 13:51:04] Pauli - CX: 75.0, U3: 108.0, Depth: 129.0
[2025-12-04 13:51:04] Analysis completed in 0.05s - Category: lose
[2025-12-04 13:51:04] Successfully processed graph 91 - Category: lose - Time: 0.05s
[2025-12-04 13:51:04] 
Processing graph 92/200
[2025-12-04 13:51:04] Graph 92 has 16 nodes and 17 edges
[2025-12-04 13:51:04] Converted to 17 bitstring edges
[2025-12-04 13:51:04] Computing Matchings Dynamic walk
[2025-12-04 13:51:04] Matchings - CX: 79.0, U3: 76.0, Depth: 119.0
[2025-12-04 13:51:04] Computing Pauli decomposition
[2025-12-04 13:51:04] Pauli - CX: 65.0, U3: 101.0, Depth: 115.0
[2025-12-04 13:51:04] Analysis completed in 0.05s - Category: lose
[2025-12-04 13:51:04] Successfully processed graph 92 - Category: lose - Time: 0.05s
[2025-12-04 13:51:04] 
Processing graph 93/200
[2025-12-04 13:51:04] Graph 93 has 16 nodes and 17 edges
[2025-12-04 13:51:04] Converted to 17 bitstring edges
[2025-12-04 13:51:04] Computing Matchings Dynamic walk
[2025-12-04 13:51:04] Matchings - CX: 77.0, U3: 68.0, Depth: 110.0
[2025-12-04 13:51:04] Computing Pauli decomposition
[2025-12-04 13:51:04] Pauli - CX: 79.0, U3: 110.0, Depth: 133.0
[2025-12-04 13:51:04] Analysis completed in 0.05s - Category: win
[2025-12-04 13:51:04] Successfully processed graph 93 - Category: win - Time: 0.05s
[2025-12-04 13:51:04] 
Processing graph 94/200
[2025-12-04 13:51:04] Graph 94 has 16 nodes and 17 edges
[2025-12-04 13:51:04] Converted to 17 bitstring edges
[2025-12-04 13:51:04] Computing Matchings Dynamic walk
[2025-12-04 13:51:04] Matchings - CX: 77.0, U3: 74.0, Depth: 117.0
[2025-12-04 13:51:04] Computing Pauli decomposition
[2025-12-04 13:51:04] Pauli - CX: 93.0, U3: 102.0, Depth: 147.0
[2025-12-04 13:51:04] Analysis completed in 0.04s - Category: win
[2025-12-04 13:51:04] Successfully processed graph 94 - Category: win - Time: 0.04s
[2025-12-04 13:51:04] 
Processing graph 95/200
[2025-12-04 13:51:04] Graph 95 has 16 nodes and 17 edges
[2025-12-04 13:51:04] Converted to 17 bitstring edges
[2025-12-04 13:51:04] Computing Matchings Dynamic walk
[2025-12-04 13:51:04] Matchings - CX: 161.0, U3: 140.0, Depth: 235.0
[2025-12-04 13:51:04] Computing Pauli decomposition
[2025-12-04 13:51:04] Pauli - CX: 93.0, U3: 102.0, Depth: 147.0
[2025-12-04 13:51:04] Analysis completed in 0.05s - Category: lose
[2025-12-04 13:51:04] Successfully processed graph 95 - Category: lose - Time: 0.05s
[2025-12-04 13:51:04] 
Processing graph 96/200
[2025-12-04 13:51:04] Graph 96 has 16 nodes and 17 edges
[2025-12-04 13:51:04] Converted to 17 bitstring edges
[2025-12-04 13:51:04] Computing Matchings Dynamic walk
[2025-12-04 13:51:04] Matchings - CX: 161.0, U3: 137.0, Depth: 234.0
[2025-12-04 13:51:04] Computing Pauli decomposition
[2025-12-04 13:51:04] Pauli - CX: 67.0, U3: 104.0, Depth: 118.0
[2025-12-04 13:51:04] Analysis completed in 0.05s - Category: lose
[2025-12-04 13:51:04] Successfully processed graph 96 - Category: lose - Time: 0.05s
[2025-12-04 13:51:04] 
Processing graph 97/200
[2025-12-04 13:51:04] Graph 97 has 16 nodes and 17 edges
[2025-12-04 13:51:04] Converted to 17 bitstring edges
[2025-12-04 13:51:04] Computing Matchings Dynamic walk
[2025-12-04 13:51:04] Matchings - CX: 93.0, U3: 92.0, Depth: 137.0
[2025-12-04 13:51:04] Computing Pauli decomposition
[2025-12-04 13:51:04] Pauli - CX: 79.0, U3: 110.0, Depth: 133.0
[2025-12-04 13:51:04] Analysis completed in 0.05s - Category: lose
[2025-12-04 13:51:04] Successfully processed graph 97 - Category: lose - Time: 0.05s
[2025-12-04 13:51:04] 
Processing graph 98/200
[2025-12-04 13:51:04] Graph 98 has 16 nodes and 17 edges
[2025-12-04 13:51:04] Converted to 17 bitstring edges
[2025-12-04 13:51:04] Computing Matchings Dynamic walk
[2025-12-04 13:51:04] Matchings - CX: 79.0, U3: 73.0, Depth: 120.0
[2025-12-04 13:51:04] Computing Pauli decomposition
[2025-12-04 13:51:04] Pauli - CX: 80.0, U3: 114.0, Depth: 139.0
[2025-12-04 13:51:04] Analysis completed in 0.05s - Category: win
[2025-12-04 13:51:04] Successfully processed graph 98 - Category: win - Time: 0.05s
[2025-12-04 13:51:04] 
Processing graph 99/200
[2025-12-04 13:51:04] Graph 99 has 16 nodes and 17 edges
[2025-12-04 13:51:04] Converted to 17 bitstring edges
[2025-12-04 13:51:04] Computing Matchings Dynamic walk
[2025-12-04 13:51:04] Matchings - CX: 162.0, U3: 143.0, Depth: 235.0
[2025-12-04 13:51:04] Computing Pauli decomposition
[2025-12-04 13:51:04] Pauli - CX: 70.0, U3: 101.0, Depth: 121.0
[2025-12-04 13:51:04] Analysis completed in 0.05s - Category: lose
[2025-12-04 13:51:04] Successfully processed graph 99 - Category: lose - Time: 0.05s
[2025-12-04 13:51:05] 
Processing graph 100/200
[2025-12-04 13:51:05] Graph 100 has 16 nodes and 17 edges
[2025-12-04 13:51:05] Converted to 17 bitstring edges
[2025-12-04 13:51:05] Computing Matchings Dynamic walk
[2025-12-04 13:51:05] Matchings - CX: 117.0, U3: 96.0, Depth: 169.0
[2025-12-04 13:51:05] Computing Pauli decomposition
[2025-12-04 13:51:05] Pauli - CX: 65.0, U3: 101.0, Depth: 115.0
[2025-12-04 13:51:05] Analysis completed in 0.05s - Category: lose
[2025-12-04 13:51:05] Successfully processed graph 100 - Category: lose - Time: 0.05s
[2025-12-04 13:51:05] 
Processing graph 101/200
[2025-12-04 13:51:05] Graph 101 has 16 nodes and 17 edges
[2025-12-04 13:51:05] Converted to 17 bitstring edges
[2025-12-04 13:51:05] Computing Matchings Dynamic walk
[2025-12-04 13:51:05] Matchings - CX: 124.0, U3: 114.0, Depth: 186.0
[2025-12-04 13:51:05] Computing Pauli decomposition
[2025-12-04 13:51:05] Pauli - CX: 93.0, U3: 102.0, Depth: 147.0
[2025-12-04 13:51:05] Analysis completed in 0.05s - Category: lose
[2025-12-04 13:51:05] Successfully processed graph 101 - Category: lose - Time: 0.05s
[2025-12-04 13:51:05] 
Processing graph 102/200
[2025-12-04 13:51:05] Graph 102 has 16 nodes and 17 edges
[2025-12-04 13:51:05] Converted to 17 bitstring edges
[2025-12-04 13:51:05] Computing Matchings Dynamic walk
[2025-12-04 13:51:05] Matchings - CX: 76.0, U3: 76.0, Depth: 114.0
[2025-12-04 13:51:05] Computing Pauli decomposition
[2025-12-04 13:51:05] Pauli - CX: 66.0, U3: 96.0, Depth: 115.0
[2025-12-04 13:51:05] Analysis completed in 0.05s - Category: lose
[2025-12-04 13:51:05] Successfully processed graph 102 - Category: lose - Time: 0.05s
[2025-12-04 13:51:05] 
Processing graph 103/200
[2025-12-04 13:51:05] Graph 103 has 16 nodes and 17 edges
[2025-12-04 13:51:05] Converted to 17 bitstring edges
[2025-12-04 13:51:05] Computing Matchings Dynamic walk
[2025-12-04 13:51:05] Matchings - CX: 76.0, U3: 71.0, Depth: 114.0
[2025-12-04 13:51:05] Computing Pauli decomposition
[2025-12-04 13:51:05] Pauli - CX: 88.0, U3: 98.0, Depth: 140.0
[2025-12-04 13:51:05] Analysis completed in 0.05s - Category: win
[2025-12-04 13:51:05] Successfully processed graph 103 - Category: win - Time: 0.05s
[2025-12-04 13:51:05] 
Processing graph 104/200
[2025-12-04 13:51:05] Graph 104 has 16 nodes and 17 edges
[2025-12-04 13:51:05] Converted to 17 bitstring edges
[2025-12-04 13:51:05] Computing Matchings Dynamic walk
[2025-12-04 13:51:05] Matchings - CX: 77.0, U3: 72.0, Depth: 116.0
[2025-12-04 13:51:05] Computing Pauli decomposition
[2025-12-04 13:51:05] Pauli - CX: 79.0, U3: 102.0, Depth: 132.0
[2025-12-04 13:51:05] Analysis completed in 0.04s - Category: win
[2025-12-04 13:51:05] Successfully processed graph 104 - Category: win - Time: 0.04s
[2025-12-04 13:51:05] 
Processing graph 105/200
[2025-12-04 13:51:05] Graph 105 has 16 nodes and 17 edges
[2025-12-04 13:51:05] Converted to 17 bitstring edges
[2025-12-04 13:51:05] Computing Matchings Dynamic walk
[2025-12-04 13:51:05] Matchings - CX: 76.0, U3: 71.0, Depth: 111.0
[2025-12-04 13:51:05] Computing Pauli decomposition
[2025-12-04 13:51:05] Pauli - CX: 50.0, U3: 64.0, Depth: 81.0
[2025-12-04 13:51:05] Analysis completed in 0.05s - Category: lose
[2025-12-04 13:51:05] Successfully processed graph 105 - Category: lose - Time: 0.05s
[2025-12-04 13:51:05] 
Processing graph 106/200
[2025-12-04 13:51:05] Graph 106 has 16 nodes and 17 edges
[2025-12-04 13:51:05] Converted to 17 bitstring edges
[2025-12-04 13:51:05] Computing Matchings Dynamic walk
[2025-12-04 13:51:05] Matchings - CX: 76.0, U3: 70.0, Depth: 114.0
[2025-12-04 13:51:05] Computing Pauli decomposition
[2025-12-04 13:51:05] Pauli - CX: 74.0, U3: 100.0, Depth: 124.0
[2025-12-04 13:51:05] Analysis completed in 0.05s - Category: lose
[2025-12-04 13:51:05] Successfully processed graph 106 - Category: lose - Time: 0.05s
[2025-12-04 13:51:05] 
Processing graph 107/200
[2025-12-04 13:51:05] Graph 107 has 16 nodes and 17 edges
[2025-12-04 13:51:05] Converted to 17 bitstring edges
[2025-12-04 13:51:05] Computing Matchings Dynamic walk
[2025-12-04 13:51:05] Matchings - CX: 80.0, U3: 76.0, Depth: 120.0
[2025-12-04 13:51:05] Computing Pauli decomposition
[2025-12-04 13:51:05] Pauli - CX: 43.0, U3: 67.0, Depth: 77.0
[2025-12-04 13:51:05] Analysis completed in 0.04s - Category: lose
[2025-12-04 13:51:05] Successfully processed graph 107 - Category: lose - Time: 0.04s
[2025-12-04 13:51:05] 
Processing graph 108/200
[2025-12-04 13:51:05] Graph 108 has 16 nodes and 17 edges
[2025-12-04 13:51:05] Converted to 17 bitstring edges
[2025-12-04 13:51:05] Computing Matchings Dynamic walk
[2025-12-04 13:51:05] Matchings - CX: 82.0, U3: 71.0, Depth: 120.0
[2025-12-04 13:51:05] Computing Pauli decomposition
[2025-12-04 13:51:05] Pauli - CX: 95.0, U3: 128.0, Depth: 159.0
[2025-12-04 13:51:05] Analysis completed in 0.05s - Category: win
[2025-12-04 13:51:05] Successfully processed graph 108 - Category: win - Time: 0.05s
[2025-12-04 13:51:05] 
Processing graph 109/200
[2025-12-04 13:51:05] Graph 109 has 16 nodes and 17 edges
[2025-12-04 13:51:05] Converted to 17 bitstring edges
[2025-12-04 13:51:05] Computing Matchings Dynamic walk
[2025-12-04 13:51:05] Matchings - CX: 75.0, U3: 73.0, Depth: 114.0
[2025-12-04 13:51:05] Computing Pauli decomposition
[2025-12-04 13:51:05] Pauli - CX: 82.0, U3: 97.0, Depth: 133.0
[2025-12-04 13:51:05] Analysis completed in 0.05s - Category: win
[2025-12-04 13:51:05] Successfully processed graph 109 - Category: win - Time: 0.05s
[2025-12-04 13:51:05] 
Processing graph 110/200
[2025-12-04 13:51:05] Graph 110 has 16 nodes and 17 edges
[2025-12-04 13:51:05] Converted to 17 bitstring edges
[2025-12-04 13:51:05] Computing Matchings Dynamic walk
[2025-12-04 13:51:05] Matchings - CX: 163.0, U3: 138.0, Depth: 239.0
[2025-12-04 13:51:05] Computing Pauli decomposition
[2025-12-04 13:51:05] Pauli - CX: 72.0, U3: 111.0, Depth: 128.0
[2025-12-04 13:51:05] Analysis completed in 0.05s - Category: lose
[2025-12-04 13:51:05] Successfully processed graph 110 - Category: lose - Time: 0.05s
[2025-12-04 13:51:05] 
Processing graph 111/200
[2025-12-04 13:51:05] Graph 111 has 16 nodes and 17 edges
[2025-12-04 13:51:05] Converted to 17 bitstring edges
[2025-12-04 13:51:05] Computing Matchings Dynamic walk
[2025-12-04 13:51:05] Matchings - CX: 77.0, U3: 76.0, Depth: 115.0
[2025-12-04 13:51:05] Computing Pauli decomposition
[2025-12-04 13:51:05] Pauli - CX: 68.0, U3: 94.0, Depth: 116.0
[2025-12-04 13:51:05] Analysis completed in 0.05s - Category: lose
[2025-12-04 13:51:05] Successfully processed graph 111 - Category: lose - Time: 0.05s
[2025-12-04 13:51:05] 
Processing graph 112/200
[2025-12-04 13:51:05] Graph 112 has 16 nodes and 17 edges
[2025-12-04 13:51:05] Converted to 17 bitstring edges
[2025-12-04 13:51:05] Computing Matchings Dynamic walk
[2025-12-04 13:51:05] Matchings - CX: 79.0, U3: 75.0, Depth: 119.0
[2025-12-04 13:51:05] Computing Pauli decomposition
[2025-12-04 13:51:05] Pauli - CX: 73.0, U3: 100.0, Depth: 124.0
[2025-12-04 13:51:05] Analysis completed in 0.05s - Category: lose
[2025-12-04 13:51:05] Successfully processed graph 112 - Category: lose - Time: 0.05s
[2025-12-04 13:51:05] 
Processing graph 113/200
[2025-12-04 13:51:05] Graph 113 has 16 nodes and 17 edges
[2025-12-04 13:51:05] Converted to 17 bitstring edges
[2025-12-04 13:51:05] Computing Matchings Dynamic walk
[2025-12-04 13:51:05] Matchings - CX: 42.0, U3: 44.0, Depth: 65.0
[2025-12-04 13:51:05] Computing Pauli decomposition
[2025-12-04 13:51:05] Pauli - CX: 47.0, U3: 62.0, Depth: 79.0
[2025-12-04 13:51:05] Analysis completed in 0.04s - Category: win
[2025-12-04 13:51:05] Successfully processed graph 113 - Category: win - Time: 0.04s
[2025-12-04 13:51:05] 
Processing graph 114/200
[2025-12-04 13:51:05] Graph 114 has 16 nodes and 17 edges
[2025-12-04 13:51:05] Converted to 17 bitstring edges
[2025-12-04 13:51:05] Computing Matchings Dynamic walk
[2025-12-04 13:51:05] Matchings - CX: 79.0, U3: 73.0, Depth: 119.0
[2025-12-04 13:51:05] Computing Pauli decomposition
[2025-12-04 13:51:05] Pauli - CX: 65.0, U3: 102.0, Depth: 115.0
[2025-12-04 13:51:05] Analysis completed in 0.05s - Category: lose
[2025-12-04 13:51:05] Successfully processed graph 114 - Category: lose - Time: 0.05s
[2025-12-04 13:51:05] 
Processing graph 115/200
[2025-12-04 13:51:05] Graph 115 has 16 nodes and 17 edges
[2025-12-04 13:51:05] Converted to 17 bitstring edges
[2025-12-04 13:51:05] Computing Matchings Dynamic walk
[2025-12-04 13:51:05] Matchings - CX: 83.0, U3: 75.0, Depth: 125.0
[2025-12-04 13:51:05] Computing Pauli decomposition
[2025-12-04 13:51:05] Pauli - CX: 95.0, U3: 128.0, Depth: 159.0
[2025-12-04 13:51:05] Analysis completed in 0.05s - Category: win
[2025-12-04 13:51:05] Successfully processed graph 115 - Category: win - Time: 0.05s
[2025-12-04 13:51:05] 
Processing graph 116/200
[2025-12-04 13:51:05] Graph 116 has 16 nodes and 17 edges
[2025-12-04 13:51:05] Converted to 17 bitstring edges
[2025-12-04 13:51:05] Computing Matchings Dynamic walk
[2025-12-04 13:51:05] Matchings - CX: 78.0, U3: 75.0, Depth: 117.0
[2025-12-04 13:51:05] Computing Pauli decomposition
[2025-12-04 13:51:05] Pauli - CX: 73.0, U3: 103.0, Depth: 125.0
[2025-12-04 13:51:05] Analysis completed in 0.05s - Category: lose
[2025-12-04 13:51:05] Successfully processed graph 116 - Category: lose - Time: 0.05s
[2025-12-04 13:51:05] 
Processing graph 117/200
[2025-12-04 13:51:05] Graph 117 has 16 nodes and 17 edges
[2025-12-04 13:51:05] Converted to 17 bitstring edges
[2025-12-04 13:51:05] Computing Matchings Dynamic walk
[2025-12-04 13:51:05] Matchings - CX: 49.0, U3: 49.0, Depth: 76.0
[2025-12-04 13:51:05] Computing Pauli decomposition
[2025-12-04 13:51:05] Pauli - CX: 50.0, U3: 72.0, Depth: 85.0
[2025-12-04 13:51:05] Analysis completed in 0.04s - Category: win
[2025-12-04 13:51:05] Successfully processed graph 117 - Category: win - Time: 0.04s
[2025-12-04 13:51:05] 
Processing graph 118/200
[2025-12-04 13:51:05] Graph 118 has 16 nodes and 17 edges
[2025-12-04 13:51:05] Converted to 17 bitstring edges
[2025-12-04 13:51:05] Computing Matchings Dynamic walk
[2025-12-04 13:51:05] Matchings - CX: 116.0, U3: 95.0, Depth: 165.0
[2025-12-04 13:51:05] Computing Pauli decomposition
[2025-12-04 13:51:05] Pauli - CX: 54.0, U3: 79.0, Depth: 92.0
[2025-12-04 13:51:05] Analysis completed in 0.05s - Category: lose
[2025-12-04 13:51:05] Successfully processed graph 118 - Category: lose - Time: 0.05s
[2025-12-04 13:51:05] 
Processing graph 119/200
[2025-12-04 13:51:05] Graph 119 has 16 nodes and 17 edges
[2025-12-04 13:51:05] Converted to 17 bitstring edges
[2025-12-04 13:51:05] Computing Matchings Dynamic walk
[2025-12-04 13:51:05] Matchings - CX: 79.0, U3: 72.0, Depth: 118.0
[2025-12-04 13:51:05] Computing Pauli decomposition
[2025-12-04 13:51:06] Pauli - CX: 82.0, U3: 117.0, Depth: 138.0
[2025-12-04 13:51:06] Analysis completed in 0.05s - Category: win
[2025-12-04 13:51:06] Successfully processed graph 119 - Category: win - Time: 0.05s
[2025-12-04 13:51:06] 
Processing graph 120/200
[2025-12-04 13:51:06] Graph 120 has 16 nodes and 17 edges
[2025-12-04 13:51:06] Converted to 17 bitstring edges
[2025-12-04 13:51:06] Computing Matchings Dynamic walk
[2025-12-04 13:51:06] Matchings - CX: 114.0, U3: 91.0, Depth: 166.0
[2025-12-04 13:51:06] Computing Pauli decomposition
[2025-12-04 13:51:06] Pauli - CX: 88.0, U3: 118.0, Depth: 146.0
[2025-12-04 13:51:06] Analysis completed in 0.05s - Category: lose
[2025-12-04 13:51:06] Successfully processed graph 120 - Category: lose - Time: 0.05s
[2025-12-04 13:51:06] 
Processing graph 121/200
[2025-12-04 13:51:06] Graph 121 has 16 nodes and 17 edges
[2025-12-04 13:51:06] Converted to 17 bitstring edges
[2025-12-04 13:51:06] Computing Matchings Dynamic walk
[2025-12-04 13:51:06] Matchings - CX: 75.0, U3: 72.0, Depth: 113.0
[2025-12-04 13:51:06] Computing Pauli decomposition
[2025-12-04 13:51:06] Pauli - CX: 68.0, U3: 94.0, Depth: 116.0
[2025-12-04 13:51:06] Analysis completed in 0.05s - Category: lose
[2025-12-04 13:51:06] Successfully processed graph 121 - Category: lose - Time: 0.05s
[2025-12-04 13:51:06] 
Processing graph 122/200
[2025-12-04 13:51:06] Graph 122 has 16 nodes and 17 edges
[2025-12-04 13:51:06] Converted to 17 bitstring edges
[2025-12-04 13:51:06] Computing Matchings Dynamic walk
[2025-12-04 13:51:06] Matchings - CX: 76.0, U3: 72.0, Depth: 114.0
[2025-12-04 13:51:06] Computing Pauli decomposition
[2025-12-04 13:51:06] Pauli - CX: 92.0, U3: 119.0, Depth: 152.0
[2025-12-04 13:51:06] Analysis completed in 0.05s - Category: win
[2025-12-04 13:51:06] Successfully processed graph 122 - Category: win - Time: 0.05s
[2025-12-04 13:51:06] 
Processing graph 123/200
[2025-12-04 13:51:06] Graph 123 has 16 nodes and 17 edges
[2025-12-04 13:51:06] Converted to 17 bitstring edges
[2025-12-04 13:51:06] Computing Matchings Dynamic walk
[2025-12-04 13:51:06] Matchings - CX: 129.0, U3: 113.0, Depth: 190.0
[2025-12-04 13:51:06] Computing Pauli decomposition
[2025-12-04 13:51:06] Pauli - CX: 101.0, U3: 133.0, Depth: 167.0
[2025-12-04 13:51:06] Analysis completed in 0.05s - Category: lose
[2025-12-04 13:51:06] Successfully processed graph 123 - Category: lose - Time: 0.05s
[2025-12-04 13:51:06] 
Processing graph 124/200
[2025-12-04 13:51:06] Graph 124 has 16 nodes and 17 edges
[2025-12-04 13:51:06] Converted to 17 bitstring edges
[2025-12-04 13:51:06] Computing Matchings Dynamic walk
[2025-12-04 13:51:06] Matchings - CX: 79.0, U3: 73.0, Depth: 119.0
[2025-12-04 13:51:06] Computing Pauli decomposition
[2025-12-04 13:51:06] Pauli - CX: 93.0, U3: 102.0, Depth: 147.0
[2025-12-04 13:51:06] Analysis completed in 0.04s - Category: win
[2025-12-04 13:51:06] Successfully processed graph 124 - Category: win - Time: 0.04s
[2025-12-04 13:51:06] 
Processing graph 125/200
[2025-12-04 13:51:06] Graph 125 has 16 nodes and 17 edges
[2025-12-04 13:51:06] Converted to 17 bitstring edges
[2025-12-04 13:51:06] Computing Matchings Dynamic walk
[2025-12-04 13:51:06] Matchings - CX: 80.0, U3: 76.0, Depth: 121.0
[2025-12-04 13:51:06] Computing Pauli decomposition
[2025-12-04 13:51:06] Pauli - CX: 86.0, U3: 118.0, Depth: 145.0
[2025-12-04 13:51:06] Analysis completed in 0.05s - Category: win
[2025-12-04 13:51:06] Successfully processed graph 125 - Category: win - Time: 0.05s
[2025-12-04 13:51:06] 
Processing graph 126/200
[2025-12-04 13:51:06] Graph 126 has 16 nodes and 17 edges
[2025-12-04 13:51:06] Converted to 17 bitstring edges
[2025-12-04 13:51:06] Computing Matchings Dynamic walk
[2025-12-04 13:51:06] Matchings - CX: 159.0, U3: 140.0, Depth: 231.0
[2025-12-04 13:51:06] Computing Pauli decomposition
[2025-12-04 13:51:06] Pauli - CX: 74.0, U3: 95.0, Depth: 122.0
[2025-12-04 13:51:06] Analysis completed in 0.05s - Category: lose
[2025-12-04 13:51:06] Successfully processed graph 126 - Category: lose - Time: 0.05s
[2025-12-04 13:51:06] 
Processing graph 127/200
[2025-12-04 13:51:06] Graph 127 has 16 nodes and 17 edges
[2025-12-04 13:51:06] Converted to 17 bitstring edges
[2025-12-04 13:51:06] Computing Matchings Dynamic walk
[2025-12-04 13:51:06] Matchings - CX: 76.0, U3: 71.0, Depth: 115.0
[2025-12-04 13:51:06] Computing Pauli decomposition
[2025-12-04 13:51:06] Pauli - CX: 75.0, U3: 105.0, Depth: 129.0
[2025-12-04 13:51:06] Analysis completed in 0.05s - Category: lose
[2025-12-04 13:51:06] Successfully processed graph 127 - Category: lose - Time: 0.05s
[2025-12-04 13:51:06] 
Processing graph 128/200
[2025-12-04 13:51:06] Graph 128 has 16 nodes and 17 edges
[2025-12-04 13:51:06] Converted to 17 bitstring edges
[2025-12-04 13:51:06] Computing Matchings Dynamic walk
[2025-12-04 13:51:06] Matchings - CX: 165.0, U3: 147.0, Depth: 244.0
[2025-12-04 13:51:06] Computing Pauli decomposition
[2025-12-04 13:51:06] Pauli - CX: 58.0, U3: 93.0, Depth: 105.0
[2025-12-04 13:51:06] Analysis completed in 0.05s - Category: lose
[2025-12-04 13:51:06] Successfully processed graph 128 - Category: lose - Time: 0.05s
[2025-12-04 13:51:06] 
Processing graph 129/200
[2025-12-04 13:51:06] Graph 129 has 16 nodes and 17 edges
[2025-12-04 13:51:06] Converted to 17 bitstring edges
[2025-12-04 13:51:06] Computing Matchings Dynamic walk
[2025-12-04 13:51:06] Matchings - CX: 75.0, U3: 67.0, Depth: 110.0
[2025-12-04 13:51:06] Computing Pauli decomposition
[2025-12-04 13:51:06] Pauli - CX: 50.0, U3: 72.0, Depth: 85.0
[2025-12-04 13:51:06] Analysis completed in 0.05s - Category: lose
[2025-12-04 13:51:06] Successfully processed graph 129 - Category: lose - Time: 0.05s
[2025-12-04 13:51:06] 
Processing graph 130/200
[2025-12-04 13:51:06] Graph 130 has 16 nodes and 17 edges
[2025-12-04 13:51:06] Converted to 17 bitstring edges
[2025-12-04 13:51:06] Computing Matchings Dynamic walk
[2025-12-04 13:51:06] Matchings - CX: 81.0, U3: 75.0, Depth: 121.0
[2025-12-04 13:51:06] Computing Pauli decomposition
[2025-12-04 13:51:06] Pauli - CX: 65.0, U3: 101.0, Depth: 115.0
[2025-12-04 13:51:06] Analysis completed in 0.05s - Category: lose
[2025-12-04 13:51:06] Successfully processed graph 130 - Category: lose - Time: 0.05s
[2025-12-04 13:51:06] 
Processing graph 131/200
[2025-12-04 13:51:06] Graph 131 has 16 nodes and 17 edges
[2025-12-04 13:51:06] Converted to 17 bitstring edges
[2025-12-04 13:51:06] Computing Matchings Dynamic walk
[2025-12-04 13:51:06] Matchings - CX: 83.0, U3: 77.0, Depth: 123.0
[2025-12-04 13:51:06] Computing Pauli decomposition
[2025-12-04 13:51:06] Pauli - CX: 49.0, U3: 67.0, Depth: 82.0
[2025-12-04 13:51:06] Analysis completed in 0.05s - Category: lose
[2025-12-04 13:51:06] Successfully processed graph 131 - Category: lose - Time: 0.05s
[2025-12-04 13:51:06] 
Processing graph 132/200
[2025-12-04 13:51:06] Graph 132 has 16 nodes and 17 edges
[2025-12-04 13:51:06] Converted to 17 bitstring edges
[2025-12-04 13:51:06] Computing Matchings Dynamic walk
[2025-12-04 13:51:06] Matchings - CX: 78.0, U3: 71.0, Depth: 117.0
[2025-12-04 13:51:06] Computing Pauli decomposition
[2025-12-04 13:51:06] Pauli - CX: 93.0, U3: 102.0, Depth: 147.0
[2025-12-04 13:51:06] Analysis completed in 0.04s - Category: win
[2025-12-04 13:51:06] Successfully processed graph 132 - Category: win - Time: 0.04s
[2025-12-04 13:51:06] 
Processing graph 133/200
[2025-12-04 13:51:06] Graph 133 has 16 nodes and 17 edges
[2025-12-04 13:51:06] Converted to 17 bitstring edges
[2025-12-04 13:51:06] Computing Matchings Dynamic walk
[2025-12-04 13:51:06] Matchings - CX: 110.0, U3: 94.0, Depth: 158.0
[2025-12-04 13:51:06] Computing Pauli decomposition
[2025-12-04 13:51:06] Pauli - CX: 77.0, U3: 110.0, Depth: 130.0
[2025-12-04 13:51:06] Analysis completed in 0.05s - Category: lose
[2025-12-04 13:51:06] Successfully processed graph 133 - Category: lose - Time: 0.05s
[2025-12-04 13:51:06] 
Processing graph 134/200
[2025-12-04 13:51:06] Graph 134 has 16 nodes and 17 edges
[2025-12-04 13:51:06] Converted to 17 bitstring edges
[2025-12-04 13:51:06] Computing Matchings Dynamic walk
[2025-12-04 13:51:06] Matchings - CX: 76.0, U3: 70.0, Depth: 111.0
[2025-12-04 13:51:06] Computing Pauli decomposition
[2025-12-04 13:51:06] Pauli - CX: 70.0, U3: 101.0, Depth: 121.0
[2025-12-04 13:51:06] Analysis completed in 0.05s - Category: lose
[2025-12-04 13:51:06] Successfully processed graph 134 - Category: lose - Time: 0.05s
[2025-12-04 13:51:06] 
Processing graph 135/200
[2025-12-04 13:51:06] Graph 135 has 16 nodes and 17 edges
[2025-12-04 13:51:06] Converted to 17 bitstring edges
[2025-12-04 13:51:06] Computing Matchings Dynamic walk
[2025-12-04 13:51:06] Matchings - CX: 78.0, U3: 75.0, Depth: 117.0
[2025-12-04 13:51:06] Computing Pauli decomposition
[2025-12-04 13:51:06] Pauli - CX: 82.0, U3: 97.0, Depth: 133.0
[2025-12-04 13:51:06] Analysis completed in 0.04s - Category: win
[2025-12-04 13:51:06] Successfully processed graph 135 - Category: win - Time: 0.04s
[2025-12-04 13:51:06] 
Processing graph 136/200
[2025-12-04 13:51:06] Graph 136 has 16 nodes and 17 edges
[2025-12-04 13:51:06] Converted to 17 bitstring edges
[2025-12-04 13:51:06] Computing Matchings Dynamic walk
[2025-12-04 13:51:06] Matchings - CX: 109.0, U3: 93.0, Depth: 158.0
[2025-12-04 13:51:06] Computing Pauli decomposition
[2025-12-04 13:51:06] Pauli - CX: 90.0, U3: 120.0, Depth: 149.0
[2025-12-04 13:51:06] Analysis completed in 0.05s - Category: lose
[2025-12-04 13:51:06] Successfully processed graph 136 - Category: lose - Time: 0.05s
[2025-12-04 13:51:06] 
Processing graph 137/200
[2025-12-04 13:51:06] Graph 137 has 16 nodes and 17 edges
[2025-12-04 13:51:06] Converted to 17 bitstring edges
[2025-12-04 13:51:06] Computing Matchings Dynamic walk
[2025-12-04 13:51:06] Matchings - CX: 167.0, U3: 144.0, Depth: 247.0
[2025-12-04 13:51:06] Computing Pauli decomposition
[2025-12-04 13:51:06] Pauli - CX: 78.0, U3: 117.0, Depth: 136.0
[2025-12-04 13:51:06] Analysis completed in 0.05s - Category: lose
[2025-12-04 13:51:06] Successfully processed graph 137 - Category: lose - Time: 0.05s
[2025-12-04 13:51:06] 
Processing graph 138/200
[2025-12-04 13:51:06] Graph 138 has 16 nodes and 17 edges
[2025-12-04 13:51:06] Converted to 17 bitstring edges
[2025-12-04 13:51:06] Computing Matchings Dynamic walk
[2025-12-04 13:51:06] Matchings - CX: 76.0, U3: 74.0, Depth: 113.0
[2025-12-04 13:51:06] Computing Pauli decomposition
[2025-12-04 13:51:06] Pauli - CX: 52.0, U3: 59.0, Depth: 83.0
[2025-12-04 13:51:06] Analysis completed in 0.04s - Category: lose
[2025-12-04 13:51:06] Successfully processed graph 138 - Category: lose - Time: 0.04s
[2025-12-04 13:51:06] 
Processing graph 139/200
[2025-12-04 13:51:06] Graph 139 has 16 nodes and 17 edges
[2025-12-04 13:51:06] Converted to 17 bitstring edges
[2025-12-04 13:51:06] Computing Matchings Dynamic walk
[2025-12-04 13:51:06] Matchings - CX: 93.0, U3: 91.0, Depth: 142.0
[2025-12-04 13:51:06] Computing Pauli decomposition
[2025-12-04 13:51:07] Pauli - CX: 101.0, U3: 133.0, Depth: 167.0
[2025-12-04 13:51:07] Analysis completed in 0.05s - Category: win
[2025-12-04 13:51:07] Successfully processed graph 139 - Category: win - Time: 0.05s
[2025-12-04 13:51:07] 
Processing graph 140/200
[2025-12-04 13:51:07] Graph 140 has 16 nodes and 17 edges
[2025-12-04 13:51:07] Converted to 17 bitstring edges
[2025-12-04 13:51:07] Computing Matchings Dynamic walk
[2025-12-04 13:51:07] Matchings - CX: 76.0, U3: 71.0, Depth: 113.0
[2025-12-04 13:51:07] Computing Pauli decomposition
[2025-12-04 13:51:07] Pauli - CX: 62.0, U3: 79.0, Depth: 101.0
[2025-12-04 13:51:07] Analysis completed in 0.05s - Category: lose
[2025-12-04 13:51:07] Successfully processed graph 140 - Category: lose - Time: 0.05s
[2025-12-04 13:51:07] 
Processing graph 141/200
[2025-12-04 13:51:07] Graph 141 has 16 nodes and 17 edges
[2025-12-04 13:51:07] Converted to 17 bitstring edges
[2025-12-04 13:51:07] Computing Matchings Dynamic walk
[2025-12-04 13:51:07] Matchings - CX: 79.0, U3: 75.0, Depth: 118.0
[2025-12-04 13:51:07] Computing Pauli decomposition
[2025-12-04 13:51:07] Pauli - CX: 74.0, U3: 95.0, Depth: 122.0
[2025-12-04 13:51:07] Analysis completed in 0.04s - Category: lose
[2025-12-04 13:51:07] Successfully processed graph 141 - Category: lose - Time: 0.04s
[2025-12-04 13:51:07] 
Processing graph 142/200
[2025-12-04 13:51:07] Graph 142 has 16 nodes and 17 edges
[2025-12-04 13:51:07] Converted to 17 bitstring edges
[2025-12-04 13:51:07] Computing Matchings Dynamic walk
[2025-12-04 13:51:07] Matchings - CX: 74.0, U3: 75.0, Depth: 113.0
[2025-12-04 13:51:07] Computing Pauli decomposition
[2025-12-04 13:51:07] Pauli - CX: 75.0, U3: 108.0, Depth: 129.0
[2025-12-04 13:51:07] Analysis completed in 0.05s - Category: win
[2025-12-04 13:51:07] Successfully processed graph 142 - Category: win - Time: 0.05s
[2025-12-04 13:51:07] 
Processing graph 143/200
[2025-12-04 13:51:07] Graph 143 has 16 nodes and 17 edges
[2025-12-04 13:51:07] Converted to 17 bitstring edges
[2025-12-04 13:51:07] Computing Matchings Dynamic walk
[2025-12-04 13:51:07] Matchings - CX: 97.0, U3: 91.0, Depth: 147.0
[2025-12-04 13:51:07] Computing Pauli decomposition
[2025-12-04 13:51:07] Pauli - CX: 92.0, U3: 119.0, Depth: 152.0
[2025-12-04 13:51:07] Analysis completed in 0.04s - Category: lose
[2025-12-04 13:51:07] Successfully processed graph 143 - Category: lose - Time: 0.04s
[2025-12-04 13:51:07] 
Processing graph 144/200
[2025-12-04 13:51:07] Graph 144 has 16 nodes and 17 edges
[2025-12-04 13:51:07] Converted to 17 bitstring edges
[2025-12-04 13:51:07] Computing Matchings Dynamic walk
[2025-12-04 13:51:07] Matchings - CX: 77.0, U3: 74.0, Depth: 115.0
[2025-12-04 13:51:07] Computing Pauli decomposition
[2025-12-04 13:51:07] Pauli - CX: 69.0, U3: 103.0, Depth: 121.0
[2025-12-04 13:51:07] Analysis completed in 0.04s - Category: lose
[2025-12-04 13:51:07] Successfully processed graph 144 - Category: lose - Time: 0.04s
[2025-12-04 13:51:07] 
Processing graph 145/200
[2025-12-04 13:51:07] Graph 145 has 16 nodes and 17 edges
[2025-12-04 13:51:07] Converted to 17 bitstring edges
[2025-12-04 13:51:07] Computing Matchings Dynamic walk
[2025-12-04 13:51:07] Matchings - CX: 79.0, U3: 74.0, Depth: 118.0
[2025-12-04 13:51:07] Computing Pauli decomposition
[2025-12-04 13:51:07] Pauli - CX: 38.0, U3: 69.0, Depth: 71.0
[2025-12-04 13:51:07] Analysis completed in 0.04s - Category: lose
[2025-12-04 13:51:07] Successfully processed graph 145 - Category: lose - Time: 0.04s
[2025-12-04 13:51:07] 
Processing graph 146/200
[2025-12-04 13:51:07] Graph 146 has 16 nodes and 17 edges
[2025-12-04 13:51:07] Converted to 17 bitstring edges
[2025-12-04 13:51:07] Computing Matchings Dynamic walk
[2025-12-04 13:51:07] Matchings - CX: 78.0, U3: 73.0, Depth: 117.0
[2025-12-04 13:51:07] Computing Pauli decomposition
[2025-12-04 13:51:07] Pauli - CX: 72.0, U3: 111.0, Depth: 128.0
[2025-12-04 13:51:07] Analysis completed in 0.05s - Category: lose
[2025-12-04 13:51:07] Successfully processed graph 146 - Category: lose - Time: 0.05s
[2025-12-04 13:51:07] 
Processing graph 147/200
[2025-12-04 13:51:07] Graph 147 has 16 nodes and 17 edges
[2025-12-04 13:51:07] Converted to 17 bitstring edges
[2025-12-04 13:51:07] Computing Matchings Dynamic walk
[2025-12-04 13:51:07] Matchings - CX: 128.0, U3: 114.0, Depth: 190.0
[2025-12-04 13:51:07] Computing Pauli decomposition
[2025-12-04 13:51:07] Pauli - CX: 80.0, U3: 114.0, Depth: 139.0
[2025-12-04 13:51:07] Analysis completed in 0.05s - Category: lose
[2025-12-04 13:51:07] Successfully processed graph 147 - Category: lose - Time: 0.05s
[2025-12-04 13:51:07] 
Processing graph 148/200
[2025-12-04 13:51:07] Graph 148 has 16 nodes and 17 edges
[2025-12-04 13:51:07] Converted to 17 bitstring edges
[2025-12-04 13:51:07] Computing Matchings Dynamic walk
[2025-12-04 13:51:07] Matchings - CX: 78.0, U3: 77.0, Depth: 119.0
[2025-12-04 13:51:07] Computing Pauli decomposition
[2025-12-04 13:51:07] Pauli - CX: 88.0, U3: 118.0, Depth: 146.0
[2025-12-04 13:51:07] Analysis completed in 0.04s - Category: win
[2025-12-04 13:51:07] Successfully processed graph 148 - Category: win - Time: 0.04s
[2025-12-04 13:51:07] 
Processing graph 149/200
[2025-12-04 13:51:07] Graph 149 has 16 nodes and 17 edges
[2025-12-04 13:51:07] Converted to 17 bitstring edges
[2025-12-04 13:51:07] Computing Matchings Dynamic walk
[2025-12-04 13:51:07] Matchings - CX: 77.0, U3: 75.0, Depth: 117.0
[2025-12-04 13:51:07] Computing Pauli decomposition
[2025-12-04 13:51:07] Pauli - CX: 78.0, U3: 116.0, Depth: 135.0
[2025-12-04 13:51:07] Analysis completed in 0.05s - Category: win
[2025-12-04 13:51:07] Successfully processed graph 149 - Category: win - Time: 0.05s
[2025-12-04 13:51:07] 
Processing graph 150/200
[2025-12-04 13:51:07] Graph 150 has 16 nodes and 17 edges
[2025-12-04 13:51:07] Converted to 17 bitstring edges
[2025-12-04 13:51:07] Computing Matchings Dynamic walk
[2025-12-04 13:51:07] Matchings - CX: 163.0, U3: 143.0, Depth: 240.0
[2025-12-04 13:51:07] Computing Pauli decomposition
[2025-12-04 13:51:07] Pauli - CX: 97.0, U3: 112.0, Depth: 154.0
[2025-12-04 13:51:07] Analysis completed in 0.05s - Category: lose
[2025-12-04 13:51:07] Successfully processed graph 150 - Category: lose - Time: 0.05s
[2025-12-04 13:51:07] 
Processing graph 151/200
[2025-12-04 13:51:07] Graph 151 has 16 nodes and 17 edges
[2025-12-04 13:51:07] Converted to 17 bitstring edges
[2025-12-04 13:51:07] Computing Matchings Dynamic walk
[2025-12-04 13:51:07] Matchings - CX: 76.0, U3: 70.0, Depth: 115.0
[2025-12-04 13:51:07] Computing Pauli decomposition
[2025-12-04 13:51:07] Pauli - CX: 75.0, U3: 105.0, Depth: 129.0
[2025-12-04 13:51:07] Analysis completed in 0.05s - Category: lose
[2025-12-04 13:51:07] Successfully processed graph 151 - Category: lose - Time: 0.05s
[2025-12-04 13:51:07] 
Processing graph 152/200
[2025-12-04 13:51:07] Graph 152 has 16 nodes and 17 edges
[2025-12-04 13:51:07] Converted to 17 bitstring edges
[2025-12-04 13:51:07] Computing Matchings Dynamic walk
[2025-12-04 13:51:07] Matchings - CX: 98.0, U3: 94.0, Depth: 150.0
[2025-12-04 13:51:07] Computing Pauli decomposition
[2025-12-04 13:51:07] Pauli - CX: 78.0, U3: 116.0, Depth: 135.0
[2025-12-04 13:51:07] Analysis completed in 0.04s - Category: lose
[2025-12-04 13:51:07] Successfully processed graph 152 - Category: lose - Time: 0.04s
[2025-12-04 13:51:07] 
Processing graph 153/200
[2025-12-04 13:51:07] Graph 153 has 16 nodes and 17 edges
[2025-12-04 13:51:07] Converted to 17 bitstring edges
[2025-12-04 13:51:07] Computing Matchings Dynamic walk
[2025-12-04 13:51:07] Matchings - CX: 92.0, U3: 84.0, Depth: 137.0
[2025-12-04 13:51:07] Computing Pauli decomposition
[2025-12-04 13:51:07] Pauli - CX: 69.0, U3: 103.0, Depth: 121.0
[2025-12-04 13:51:07] Analysis completed in 0.05s - Category: lose
[2025-12-04 13:51:07] Successfully processed graph 153 - Category: lose - Time: 0.05s
[2025-12-04 13:51:07] 
Processing graph 154/200
[2025-12-04 13:51:07] Graph 154 has 16 nodes and 17 edges
[2025-12-04 13:51:07] Converted to 17 bitstring edges
[2025-12-04 13:51:07] Computing Matchings Dynamic walk
[2025-12-04 13:51:07] Matchings - CX: 79.0, U3: 76.0, Depth: 118.0
[2025-12-04 13:51:07] Computing Pauli decomposition
[2025-12-04 13:51:07] Pauli - CX: 82.0, U3: 117.0, Depth: 138.0
[2025-12-04 13:51:07] Analysis completed in 0.05s - Category: win
[2025-12-04 13:51:07] Successfully processed graph 154 - Category: win - Time: 0.05s
[2025-12-04 13:51:07] 
Processing graph 155/200
[2025-12-04 13:51:07] Graph 155 has 16 nodes and 17 edges
[2025-12-04 13:51:07] Converted to 17 bitstring edges
[2025-12-04 13:51:07] Computing Matchings Dynamic walk
[2025-12-04 13:51:07] Matchings - CX: 75.0, U3: 72.0, Depth: 113.0
[2025-12-04 13:51:07] Computing Pauli decomposition
[2025-12-04 13:51:07] Pauli - CX: 57.0, U3: 76.0, Depth: 95.0
[2025-12-04 13:51:07] Analysis completed in 0.04s - Category: lose
[2025-12-04 13:51:07] Successfully processed graph 155 - Category: lose - Time: 0.04s
[2025-12-04 13:51:07] 
Processing graph 156/200
[2025-12-04 13:51:07] Graph 156 has 16 nodes and 17 edges
[2025-12-04 13:51:07] Converted to 17 bitstring edges
[2025-12-04 13:51:07] Computing Matchings Dynamic walk
[2025-12-04 13:51:07] Matchings - CX: 61.0, U3: 64.0, Depth: 96.0
[2025-12-04 13:51:07] Computing Pauli decomposition
[2025-12-04 13:51:07] Pauli - CX: 64.0, U3: 89.0, Depth: 108.0
[2025-12-04 13:51:07] Analysis completed in 0.04s - Category: win
[2025-12-04 13:51:07] Successfully processed graph 156 - Category: win - Time: 0.04s
[2025-12-04 13:51:07] 
Processing graph 157/200
[2025-12-04 13:51:07] Graph 157 has 16 nodes and 17 edges
[2025-12-04 13:51:07] Converted to 17 bitstring edges
[2025-12-04 13:51:07] Computing Matchings Dynamic walk
[2025-12-04 13:51:07] Matchings - CX: 109.0, U3: 91.0, Depth: 157.0
[2025-12-04 13:51:07] Computing Pauli decomposition
[2025-12-04 13:51:07] Pauli - CX: 61.0, U3: 72.0, Depth: 97.0
[2025-12-04 13:51:07] Analysis completed in 0.05s - Category: lose
[2025-12-04 13:51:07] Successfully processed graph 157 - Category: lose - Time: 0.05s
[2025-12-04 13:51:07] 
Processing graph 158/200
[2025-12-04 13:51:07] Graph 158 has 16 nodes and 17 edges
[2025-12-04 13:51:07] Converted to 17 bitstring edges
[2025-12-04 13:51:07] Computing Matchings Dynamic walk
[2025-12-04 13:51:07] Matchings - CX: 78.0, U3: 71.0, Depth: 117.0
[2025-12-04 13:51:07] Computing Pauli decomposition
[2025-12-04 13:51:07] Pauli - CX: 72.0, U3: 111.0, Depth: 128.0
[2025-12-04 13:51:07] Analysis completed in 0.05s - Category: lose
[2025-12-04 13:51:07] Successfully processed graph 158 - Category: lose - Time: 0.05s
[2025-12-04 13:51:07] 
Processing graph 159/200
[2025-12-04 13:51:07] Graph 159 has 16 nodes and 17 edges
[2025-12-04 13:51:07] Converted to 17 bitstring edges
[2025-12-04 13:51:07] Computing Matchings Dynamic walk
[2025-12-04 13:51:07] Matchings - CX: 165.0, U3: 144.0, Depth: 243.0
[2025-12-04 13:51:07] Computing Pauli decomposition
[2025-12-04 13:51:07] Pauli - CX: 78.0, U3: 116.0, Depth: 135.0
[2025-12-04 13:51:07] Analysis completed in 0.05s - Category: lose
[2025-12-04 13:51:07] Successfully processed graph 159 - Category: lose - Time: 0.05s
[2025-12-04 13:51:07] 
Processing graph 160/200
[2025-12-04 13:51:07] Graph 160 has 16 nodes and 17 edges
[2025-12-04 13:51:07] Converted to 17 bitstring edges
[2025-12-04 13:51:07] Computing Matchings Dynamic walk
[2025-12-04 13:51:08] Matchings - CX: 118.0, U3: 101.0, Depth: 171.0
[2025-12-04 13:51:08] Computing Pauli decomposition
[2025-12-04 13:51:08] Pauli - CX: 54.0, U3: 92.0, Depth: 100.0
[2025-12-04 13:51:08] Analysis completed in 0.05s - Category: lose
[2025-12-04 13:51:08] Successfully processed graph 160 - Category: lose - Time: 0.05s
[2025-12-04 13:51:08] 
Processing graph 161/200
[2025-12-04 13:51:08] Graph 161 has 16 nodes and 17 edges
[2025-12-04 13:51:08] Converted to 17 bitstring edges
[2025-12-04 13:51:08] Computing Matchings Dynamic walk
[2025-12-04 13:51:08] Matchings - CX: 91.0, U3: 89.0, Depth: 138.0
[2025-12-04 13:51:08] Computing Pauli decomposition
[2025-12-04 13:51:08] Pauli - CX: 97.0, U3: 125.0, Depth: 161.0
[2025-12-04 13:51:08] Analysis completed in 0.05s - Category: win
[2025-12-04 13:51:08] Successfully processed graph 161 - Category: win - Time: 0.05s
[2025-12-04 13:51:08] 
Processing graph 162/200
[2025-12-04 13:51:08] Graph 162 has 16 nodes and 17 edges
[2025-12-04 13:51:08] Converted to 17 bitstring edges
[2025-12-04 13:51:08] Computing Matchings Dynamic walk
[2025-12-04 13:51:08] Matchings - CX: 126.0, U3: 116.0, Depth: 189.0
[2025-12-04 13:51:08] Computing Pauli decomposition
[2025-12-04 13:51:08] Pauli - CX: 93.0, U3: 102.0, Depth: 147.0
[2025-12-04 13:51:08] Analysis completed in 0.05s - Category: lose
[2025-12-04 13:51:08] Successfully processed graph 162 - Category: lose - Time: 0.05s
[2025-12-04 13:51:08] 
Processing graph 163/200
[2025-12-04 13:51:08] Graph 163 has 16 nodes and 17 edges
[2025-12-04 13:51:08] Converted to 17 bitstring edges
[2025-12-04 13:51:08] Computing Matchings Dynamic walk
[2025-12-04 13:51:08] Matchings - CX: 79.0, U3: 77.0, Depth: 119.0
[2025-12-04 13:51:08] Computing Pauli decomposition
[2025-12-04 13:51:08] Pauli - CX: 60.0, U3: 97.0, Depth: 109.0
[2025-12-04 13:51:08] Analysis completed in 0.05s - Category: lose
[2025-12-04 13:51:08] Successfully processed graph 163 - Category: lose - Time: 0.05s
[2025-12-04 13:51:08] 
Processing graph 164/200
[2025-12-04 13:51:08] Graph 164 has 16 nodes and 17 edges
[2025-12-04 13:51:08] Converted to 17 bitstring edges
[2025-12-04 13:51:08] Computing Matchings Dynamic walk
[2025-12-04 13:51:08] Matchings - CX: 106.0, U3: 95.0, Depth: 153.0
[2025-12-04 13:51:08] Computing Pauli decomposition
[2025-12-04 13:51:08] Pauli - CX: 82.0, U3: 117.0, Depth: 138.0
[2025-12-04 13:51:08] Analysis completed in 0.05s - Category: lose
[2025-12-04 13:51:08] Successfully processed graph 164 - Category: lose - Time: 0.05s
[2025-12-04 13:51:08] 
Processing graph 165/200
[2025-12-04 13:51:08] Graph 165 has 16 nodes and 17 edges
[2025-12-04 13:51:08] Converted to 17 bitstring edges
[2025-12-04 13:51:08] Computing Matchings Dynamic walk
[2025-12-04 13:51:08] Matchings - CX: 160.0, U3: 139.0, Depth: 233.0
[2025-12-04 13:51:08] Computing Pauli decomposition
[2025-12-04 13:51:08] Pauli - CX: 75.0, U3: 108.0, Depth: 129.0
[2025-12-04 13:51:08] Analysis completed in 0.05s - Category: lose
[2025-12-04 13:51:08] Successfully processed graph 165 - Category: lose - Time: 0.05s
[2025-12-04 13:51:08] 
Processing graph 166/200
[2025-12-04 13:51:08] Graph 166 has 16 nodes and 17 edges
[2025-12-04 13:51:08] Converted to 17 bitstring edges
[2025-12-04 13:51:08] Computing Matchings Dynamic walk
[2025-12-04 13:51:08] Matchings - CX: 163.0, U3: 144.0, Depth: 239.0
[2025-12-04 13:51:08] Computing Pauli decomposition
[2025-12-04 13:51:08] Pauli - CX: 84.0, U3: 99.0, Depth: 136.0
[2025-12-04 13:51:08] Analysis completed in 0.05s - Category: lose
[2025-12-04 13:51:08] Successfully processed graph 166 - Category: lose - Time: 0.05s
[2025-12-04 13:51:08] 
Processing graph 167/200
[2025-12-04 13:51:08] Graph 167 has 16 nodes and 17 edges
[2025-12-04 13:51:08] Converted to 17 bitstring edges
[2025-12-04 13:51:08] Computing Matchings Dynamic walk
[2025-12-04 13:51:08] Matchings - CX: 78.0, U3: 75.0, Depth: 119.0
[2025-12-04 13:51:08] Computing Pauli decomposition
[2025-12-04 13:51:08] Pauli - CX: 67.0, U3: 105.0, Depth: 118.0
[2025-12-04 13:51:08] Analysis completed in 0.05s - Category: lose
[2025-12-04 13:51:08] Successfully processed graph 167 - Category: lose - Time: 0.05s
[2025-12-04 13:51:08] 
Processing graph 168/200
[2025-12-04 13:51:08] Graph 168 has 16 nodes and 17 edges
[2025-12-04 13:51:08] Converted to 17 bitstring edges
[2025-12-04 13:51:08] Computing Matchings Dynamic walk
[2025-12-04 13:51:08] Matchings - CX: 98.0, U3: 91.0, Depth: 146.0
[2025-12-04 13:51:08] Computing Pauli decomposition
[2025-12-04 13:51:08] Pauli - CX: 71.0, U3: 105.0, Depth: 123.0
[2025-12-04 13:51:08] Analysis completed in 0.05s - Category: lose
[2025-12-04 13:51:08] Successfully processed graph 168 - Category: lose - Time: 0.05s
[2025-12-04 13:51:08] 
Processing graph 169/200
[2025-12-04 13:51:08] Graph 169 has 16 nodes and 17 edges
[2025-12-04 13:51:08] Converted to 17 bitstring edges
[2025-12-04 13:51:08] Computing Matchings Dynamic walk
[2025-12-04 13:51:08] Matchings - CX: 76.0, U3: 74.0, Depth: 114.0
[2025-12-04 13:51:08] Computing Pauli decomposition
[2025-12-04 13:51:08] Pauli - CX: 66.0, U3: 96.0, Depth: 115.0
[2025-12-04 13:51:08] Analysis completed in 0.05s - Category: lose
[2025-12-04 13:51:08] Successfully processed graph 169 - Category: lose - Time: 0.05s
[2025-12-04 13:51:08] 
Processing graph 170/200
[2025-12-04 13:51:08] Graph 170 has 16 nodes and 17 edges
[2025-12-04 13:51:08] Converted to 17 bitstring edges
[2025-12-04 13:51:08] Computing Matchings Dynamic walk
[2025-12-04 13:51:08] Matchings - CX: 107.0, U3: 94.0, Depth: 156.0
[2025-12-04 13:51:08] Computing Pauli decomposition
[2025-12-04 13:51:08] Pauli - CX: 95.0, U3: 128.0, Depth: 159.0
[2025-12-04 13:51:08] Analysis completed in 0.07s - Category: lose
[2025-12-04 13:51:08] Successfully processed graph 170 - Category: lose - Time: 0.07s
[2025-12-04 13:51:08] 
Processing graph 171/200
[2025-12-04 13:51:08] Graph 171 has 16 nodes and 17 edges
[2025-12-04 13:51:08] Converted to 17 bitstring edges
[2025-12-04 13:51:08] Computing Matchings Dynamic walk
[2025-12-04 13:51:08] Matchings - CX: 110.0, U3: 96.0, Depth: 159.0
[2025-12-04 13:51:08] Computing Pauli decomposition
[2025-12-04 13:51:08] Pauli - CX: 68.0, U3: 94.0, Depth: 116.0
[2025-12-04 13:51:08] Analysis completed in 0.05s - Category: lose
[2025-12-04 13:51:08] Successfully processed graph 171 - Category: lose - Time: 0.05s
[2025-12-04 13:51:08] 
Processing graph 172/200
[2025-12-04 13:51:08] Graph 172 has 16 nodes and 17 edges
[2025-12-04 13:51:08] Converted to 17 bitstring edges
[2025-12-04 13:51:08] Computing Matchings Dynamic walk
[2025-12-04 13:51:08] Matchings - CX: 111.0, U3: 95.0, Depth: 160.0
[2025-12-04 13:51:08] Computing Pauli decomposition
[2025-12-04 13:51:08] Pauli - CX: 64.0, U3: 90.0, Depth: 107.0
[2025-12-04 13:51:08] Analysis completed in 0.04s - Category: lose
[2025-12-04 13:51:08] Successfully processed graph 172 - Category: lose - Time: 0.04s
[2025-12-04 13:51:08] 
Processing graph 173/200
[2025-12-04 13:51:08] Graph 173 has 16 nodes and 17 edges
[2025-12-04 13:51:08] Converted to 17 bitstring edges
[2025-12-04 13:51:08] Computing Matchings Dynamic walk
[2025-12-04 13:51:08] Matchings - CX: 165.0, U3: 145.0, Depth: 243.0
[2025-12-04 13:51:08] Computing Pauli decomposition
[2025-12-04 13:51:08] Pauli - CX: 79.0, U3: 102.0, Depth: 132.0
[2025-12-04 13:51:08] Analysis completed in 0.05s - Category: lose
[2025-12-04 13:51:08] Successfully processed graph 173 - Category: lose - Time: 0.05s
[2025-12-04 13:51:08] 
Processing graph 174/200
[2025-12-04 13:51:08] Graph 174 has 16 nodes and 17 edges
[2025-12-04 13:51:08] Converted to 17 bitstring edges
[2025-12-04 13:51:08] Computing Matchings Dynamic walk
[2025-12-04 13:51:08] Matchings - CX: 79.0, U3: 72.0, Depth: 115.0
[2025-12-04 13:51:08] Computing Pauli decomposition
[2025-12-04 13:51:08] Pauli - CX: 73.0, U3: 106.0, Depth: 125.0
[2025-12-04 13:51:08] Analysis completed in 0.05s - Category: lose
[2025-12-04 13:51:08] Successfully processed graph 174 - Category: lose - Time: 0.05s
[2025-12-04 13:51:08] 
Processing graph 175/200
[2025-12-04 13:51:08] Graph 175 has 16 nodes and 17 edges
[2025-12-04 13:51:08] Converted to 17 bitstring edges
[2025-12-04 13:51:08] Computing Matchings Dynamic walk
[2025-12-04 13:51:08] Matchings - CX: 78.0, U3: 71.0, Depth: 114.0
[2025-12-04 13:51:08] Computing Pauli decomposition
[2025-12-04 13:51:08] Pauli - CX: 75.0, U3: 102.0, Depth: 129.0
[2025-12-04 13:51:08] Analysis completed in 0.05s - Category: lose
[2025-12-04 13:51:08] Successfully processed graph 175 - Category: lose - Time: 0.05s
[2025-12-04 13:51:08] 
Processing graph 176/200
[2025-12-04 13:51:08] Graph 176 has 16 nodes and 17 edges
[2025-12-04 13:51:08] Converted to 17 bitstring edges
[2025-12-04 13:51:08] Computing Matchings Dynamic walk
[2025-12-04 13:51:08] Matchings - CX: 107.0, U3: 89.0, Depth: 155.0
[2025-12-04 13:51:08] Computing Pauli decomposition
[2025-12-04 13:51:08] Pauli - CX: 97.0, U3: 125.0, Depth: 161.0
[2025-12-04 13:51:08] Analysis completed in 0.05s - Category: lose
[2025-12-04 13:51:08] Successfully processed graph 176 - Category: lose - Time: 0.05s
[2025-12-04 13:51:08] 
Processing graph 177/200
[2025-12-04 13:51:08] Graph 177 has 16 nodes and 17 edges
[2025-12-04 13:51:08] Converted to 17 bitstring edges
[2025-12-04 13:51:08] Computing Matchings Dynamic walk
[2025-12-04 13:51:08] Matchings - CX: 96.0, U3: 89.0, Depth: 143.0
[2025-12-04 13:51:08] Computing Pauli decomposition
[2025-12-04 13:51:08] Pauli - CX: 68.0, U3: 104.0, Depth: 122.0
[2025-12-04 13:51:08] Analysis completed in 0.05s - Category: lose
[2025-12-04 13:51:08] Successfully processed graph 177 - Category: lose - Time: 0.05s
[2025-12-04 13:51:08] 
Processing graph 178/200
[2025-12-04 13:51:08] Graph 178 has 16 nodes and 17 edges
[2025-12-04 13:51:08] Converted to 17 bitstring edges
[2025-12-04 13:51:08] Computing Matchings Dynamic walk
[2025-12-04 13:51:08] Matchings - CX: 162.0, U3: 143.0, Depth: 238.0
[2025-12-04 13:51:08] Computing Pauli decomposition
[2025-12-04 13:51:08] Pauli - CX: 85.0, U3: 104.0, Depth: 138.0
[2025-12-04 13:51:08] Analysis completed in 0.05s - Category: lose
[2025-12-04 13:51:08] Successfully processed graph 178 - Category: lose - Time: 0.05s
[2025-12-04 13:51:08] 
Processing graph 179/200
[2025-12-04 13:51:08] Graph 179 has 16 nodes and 17 edges
[2025-12-04 13:51:08] Converted to 17 bitstring edges
[2025-12-04 13:51:08] Computing Matchings Dynamic walk
[2025-12-04 13:51:08] Matchings - CX: 106.0, U3: 91.0, Depth: 152.0
[2025-12-04 13:51:08] Computing Pauli decomposition
[2025-12-04 13:51:09] Pauli - CX: 82.0, U3: 117.0, Depth: 138.0
[2025-12-04 13:51:09] Analysis completed in 0.05s - Category: lose
[2025-12-04 13:51:09] Successfully processed graph 179 - Category: lose - Time: 0.05s
[2025-12-04 13:51:09] 
Processing graph 180/200
[2025-12-04 13:51:09] Graph 180 has 16 nodes and 17 edges
[2025-12-04 13:51:09] Converted to 17 bitstring edges
[2025-12-04 13:51:09] Computing Matchings Dynamic walk
[2025-12-04 13:51:09] Matchings - CX: 160.0, U3: 137.0, Depth: 231.0
[2025-12-04 13:51:09] Computing Pauli decomposition
[2025-12-04 13:51:09] Pauli - CX: 81.0, U3: 106.0, Depth: 134.0
[2025-12-04 13:51:09] Analysis completed in 0.05s - Category: lose
[2025-12-04 13:51:09] Successfully processed graph 180 - Category: lose - Time: 0.05s
[2025-12-04 13:51:09] 
Processing graph 181/200
[2025-12-04 13:51:09] Graph 181 has 16 nodes and 17 edges
[2025-12-04 13:51:09] Converted to 17 bitstring edges
[2025-12-04 13:51:09] Computing Matchings Dynamic walk
[2025-12-04 13:51:09] Matchings - CX: 105.0, U3: 94.0, Depth: 149.0
[2025-12-04 13:51:09] Computing Pauli decomposition
[2025-12-04 13:51:09] Pauli - CX: 69.0, U3: 103.0, Depth: 121.0
[2025-12-04 13:51:09] Analysis completed in 0.05s - Category: lose
[2025-12-04 13:51:09] Successfully processed graph 181 - Category: lose - Time: 0.05s
[2025-12-04 13:51:09] 
Processing graph 182/200
[2025-12-04 13:51:09] Graph 182 has 16 nodes and 17 edges
[2025-12-04 13:51:09] Converted to 17 bitstring edges
[2025-12-04 13:51:09] Computing Matchings Dynamic walk
[2025-12-04 13:51:09] Matchings - CX: 163.0, U3: 145.0, Depth: 241.0
[2025-12-04 13:51:09] Computing Pauli decomposition
[2025-12-04 13:51:09] Pauli - CX: 82.0, U3: 97.0, Depth: 133.0
[2025-12-04 13:51:09] Analysis completed in 0.05s - Category: lose
[2025-12-04 13:51:09] Successfully processed graph 182 - Category: lose - Time: 0.05s
[2025-12-04 13:51:09] 
Processing graph 183/200
[2025-12-04 13:51:09] Graph 183 has 16 nodes and 17 edges
[2025-12-04 13:51:09] Converted to 17 bitstring edges
[2025-12-04 13:51:09] Computing Matchings Dynamic walk
[2025-12-04 13:51:09] Matchings - CX: 163.0, U3: 143.0, Depth: 237.0
[2025-12-04 13:51:09] Computing Pauli decomposition
[2025-12-04 13:51:09] Pauli - CX: 69.0, U3: 99.0, Depth: 119.0
[2025-12-04 13:51:09] Analysis completed in 0.05s - Category: lose
[2025-12-04 13:51:09] Successfully processed graph 183 - Category: lose - Time: 0.05s
[2025-12-04 13:51:09] 
Processing graph 184/200
[2025-12-04 13:51:09] Graph 184 has 16 nodes and 17 edges
[2025-12-04 13:51:09] Converted to 17 bitstring edges
[2025-12-04 13:51:09] Computing Matchings Dynamic walk
[2025-12-04 13:51:09] Matchings - CX: 81.0, U3: 73.0, Depth: 121.0
[2025-12-04 13:51:09] Computing Pauli decomposition
[2025-12-04 13:51:09] Pauli - CX: 61.0, U3: 101.0, Depth: 111.0
[2025-12-04 13:51:09] Analysis completed in 0.05s - Category: lose
[2025-12-04 13:51:09] Successfully processed graph 184 - Category: lose - Time: 0.05s
[2025-12-04 13:51:09] 
Processing graph 185/200
[2025-12-04 13:51:09] Graph 185 has 16 nodes and 17 edges
[2025-12-04 13:51:09] Converted to 17 bitstring edges
[2025-12-04 13:51:09] Computing Matchings Dynamic walk
[2025-12-04 13:51:09] Matchings - CX: 162.0, U3: 147.0, Depth: 241.0
[2025-12-04 13:51:09] Computing Pauli decomposition
[2025-12-04 13:51:09] Pauli - CX: 52.0, U3: 71.0, Depth: 89.0
[2025-12-04 13:51:09] Analysis completed in 0.05s - Category: lose
[2025-12-04 13:51:09] Successfully processed graph 185 - Category: lose - Time: 0.05s
[2025-12-04 13:51:09] 
Processing graph 186/200
[2025-12-04 13:51:09] Graph 186 has 16 nodes and 17 edges
[2025-12-04 13:51:09] Converted to 17 bitstring edges
[2025-12-04 13:51:09] Computing Matchings Dynamic walk
[2025-12-04 13:51:09] Matchings - CX: 106.0, U3: 94.0, Depth: 154.0
[2025-12-04 13:51:09] Computing Pauli decomposition
[2025-12-04 13:51:09] Pauli - CX: 95.0, U3: 128.0, Depth: 159.0
[2025-12-04 13:51:09] Analysis completed in 0.05s - Category: lose
[2025-12-04 13:51:09] Successfully processed graph 186 - Category: lose - Time: 0.05s
[2025-12-04 13:51:09] 
Processing graph 187/200
[2025-12-04 13:51:09] Graph 187 has 16 nodes and 17 edges
[2025-12-04 13:51:09] Converted to 17 bitstring edges
[2025-12-04 13:51:09] Computing Matchings Dynamic walk
[2025-12-04 13:51:09] Matchings - CX: 79.0, U3: 75.0, Depth: 119.0
[2025-12-04 13:51:09] Computing Pauli decomposition
[2025-12-04 13:51:09] Pauli - CX: 64.0, U3: 96.0, Depth: 112.0
[2025-12-04 13:51:09] Analysis completed in 0.05s - Category: lose
[2025-12-04 13:51:09] Successfully processed graph 187 - Category: lose - Time: 0.05s
[2025-12-04 13:51:09] 
Processing graph 188/200
[2025-12-04 13:51:09] Graph 188 has 16 nodes and 17 edges
[2025-12-04 13:51:09] Converted to 17 bitstring edges
[2025-12-04 13:51:09] Computing Matchings Dynamic walk
[2025-12-04 13:51:09] Matchings - CX: 90.0, U3: 84.0, Depth: 133.0
[2025-12-04 13:51:09] Computing Pauli decomposition
[2025-12-04 13:51:09] Pauli - CX: 73.0, U3: 101.0, Depth: 126.0
[2025-12-04 13:51:09] Analysis completed in 0.05s - Category: lose
[2025-12-04 13:51:09] Successfully processed graph 188 - Category: lose - Time: 0.05s
[2025-12-04 13:51:09] 
Processing graph 189/200
[2025-12-04 13:51:09] Graph 189 has 16 nodes and 17 edges
[2025-12-04 13:51:09] Converted to 17 bitstring edges
[2025-12-04 13:51:09] Computing Matchings Dynamic walk
[2025-12-04 13:51:09] Matchings - CX: 80.0, U3: 78.0, Depth: 121.0
[2025-12-04 13:51:09] Computing Pauli decomposition
[2025-12-04 13:51:09] Pauli - CX: 69.0, U3: 101.0, Depth: 120.0
[2025-12-04 13:51:09] Analysis completed in 0.05s - Category: lose
[2025-12-04 13:51:09] Successfully processed graph 189 - Category: lose - Time: 0.05s
[2025-12-04 13:51:09] 
Processing graph 190/200
[2025-12-04 13:51:09] Graph 190 has 16 nodes and 17 edges
[2025-12-04 13:51:09] Converted to 17 bitstring edges
[2025-12-04 13:51:09] Computing Matchings Dynamic walk
[2025-12-04 13:51:09] Matchings - CX: 76.0, U3: 72.0, Depth: 114.0
[2025-12-04 13:51:09] Computing Pauli decomposition
[2025-12-04 13:51:09] Pauli - CX: 74.0, U3: 100.0, Depth: 124.0
[2025-12-04 13:51:09] Analysis completed in 0.05s - Category: lose
[2025-12-04 13:51:09] Successfully processed graph 190 - Category: lose - Time: 0.05s
[2025-12-04 13:51:09] 
Processing graph 191/200
[2025-12-04 13:51:09] Graph 191 has 16 nodes and 17 edges
[2025-12-04 13:51:09] Converted to 17 bitstring edges
[2025-12-04 13:51:09] Computing Matchings Dynamic walk
[2025-12-04 13:51:09] Matchings - CX: 80.0, U3: 73.0, Depth: 119.0
[2025-12-04 13:51:09] Computing Pauli decomposition
[2025-12-04 13:51:09] Pauli - CX: 79.0, U3: 108.0, Depth: 133.0
[2025-12-04 13:51:09] Analysis completed in 0.05s - Category: lose
[2025-12-04 13:51:09] Successfully processed graph 191 - Category: lose - Time: 0.05s
[2025-12-04 13:51:09] 
Processing graph 192/200
[2025-12-04 13:51:09] Graph 192 has 16 nodes and 17 edges
[2025-12-04 13:51:09] Converted to 17 bitstring edges
[2025-12-04 13:51:09] Computing Matchings Dynamic walk
[2025-12-04 13:51:09] Matchings - CX: 76.0, U3: 70.0, Depth: 114.0
[2025-12-04 13:51:09] Computing Pauli decomposition
[2025-12-04 13:51:09] Pauli - CX: 69.0, U3: 103.0, Depth: 121.0
[2025-12-04 13:51:09] Analysis completed in 0.05s - Category: lose
[2025-12-04 13:51:09] Successfully processed graph 192 - Category: lose - Time: 0.05s
[2025-12-04 13:51:09] 
Processing graph 193/200
[2025-12-04 13:51:09] Graph 193 has 16 nodes and 17 edges
[2025-12-04 13:51:09] Converted to 17 bitstring edges
[2025-12-04 13:51:09] Computing Matchings Dynamic walk
[2025-12-04 13:51:09] Matchings - CX: 125.0, U3: 114.0, Depth: 185.0
[2025-12-04 13:51:09] Computing Pauli decomposition
[2025-12-04 13:51:09] Pauli - CX: 78.0, U3: 116.0, Depth: 135.0
[2025-12-04 13:51:09] Analysis completed in 0.05s - Category: lose
[2025-12-04 13:51:09] Successfully processed graph 193 - Category: lose - Time: 0.05s
[2025-12-04 13:51:09] 
Processing graph 194/200
[2025-12-04 13:51:09] Graph 194 has 16 nodes and 17 edges
[2025-12-04 13:51:09] Converted to 17 bitstring edges
[2025-12-04 13:51:09] Computing Matchings Dynamic walk
[2025-12-04 13:51:09] Matchings - CX: 130.0, U3: 115.0, Depth: 192.0
[2025-12-04 13:51:09] Computing Pauli decomposition
[2025-12-04 13:51:09] Pauli - CX: 76.0, U3: 109.0, Depth: 131.0
[2025-12-04 13:51:09] Analysis completed in 0.05s - Category: lose
[2025-12-04 13:51:09] Successfully processed graph 194 - Category: lose - Time: 0.05s
[2025-12-04 13:51:09] 
Processing graph 195/200
[2025-12-04 13:51:09] Graph 195 has 16 nodes and 17 edges
[2025-12-04 13:51:09] Converted to 17 bitstring edges
[2025-12-04 13:51:09] Computing Matchings Dynamic walk
[2025-12-04 13:51:09] Matchings - CX: 161.0, U3: 144.0, Depth: 238.0
[2025-12-04 13:51:09] Computing Pauli decomposition
[2025-12-04 13:51:09] Pauli - CX: 77.0, U3: 104.0, Depth: 131.0
[2025-12-04 13:51:09] Analysis completed in 0.05s - Category: lose
[2025-12-04 13:51:09] Successfully processed graph 195 - Category: lose - Time: 0.05s
[2025-12-04 13:51:09] 
Processing graph 196/200
[2025-12-04 13:51:09] Graph 196 has 16 nodes and 17 edges
[2025-12-04 13:51:09] Converted to 17 bitstring edges
[2025-12-04 13:51:09] Computing Matchings Dynamic walk
[2025-12-04 13:51:09] Matchings - CX: 80.0, U3: 76.0, Depth: 122.0
[2025-12-04 13:51:09] Computing Pauli decomposition
[2025-12-04 13:51:09] Pauli - CX: 78.0, U3: 117.0, Depth: 136.0
[2025-12-04 13:51:09] Analysis completed in 0.04s - Category: lose
[2025-12-04 13:51:09] Successfully processed graph 196 - Category: lose - Time: 0.04s
[2025-12-04 13:51:09] 
Processing graph 197/200
[2025-12-04 13:51:09] Graph 197 has 16 nodes and 17 edges
[2025-12-04 13:51:09] Converted to 17 bitstring edges
[2025-12-04 13:51:09] Computing Matchings Dynamic walk
[2025-12-04 13:51:09] Matchings - CX: 76.0, U3: 75.0, Depth: 114.0
[2025-12-04 13:51:09] Computing Pauli decomposition
[2025-12-04 13:51:09] Pauli - CX: 84.0, U3: 99.0, Depth: 136.0
[2025-12-04 13:51:09] Analysis completed in 0.05s - Category: win
[2025-12-04 13:51:09] Successfully processed graph 197 - Category: win - Time: 0.05s
[2025-12-04 13:51:09] 
Processing graph 198/200
[2025-12-04 13:51:09] Graph 198 has 16 nodes and 17 edges
[2025-12-04 13:51:09] Converted to 17 bitstring edges
[2025-12-04 13:51:09] Computing Matchings Dynamic walk
[2025-12-04 13:51:09] Matchings - CX: 78.0, U3: 73.0, Depth: 117.0
[2025-12-04 13:51:09] Computing Pauli decomposition
[2025-12-04 13:51:09] Pauli - CX: 73.0, U3: 103.0, Depth: 125.0
[2025-12-04 13:51:09] Analysis completed in 0.05s - Category: lose
[2025-12-04 13:51:09] Successfully processed graph 198 - Category: lose - Time: 0.05s
[2025-12-04 13:51:09] 
Processing graph 199/200
[2025-12-04 13:51:09] Graph 199 has 16 nodes and 17 edges
[2025-12-04 13:51:09] Converted to 17 bitstring edges
[2025-12-04 13:51:09] Computing Matchings Dynamic walk
[2025-12-04 13:51:10] Matchings - CX: 47.0, U3: 52.0, Depth: 74.0
[2025-12-04 13:51:10] Computing Pauli decomposition
[2025-12-04 13:51:10] Pauli - CX: 50.0, U3: 79.0, Depth: 88.0
[2025-12-04 13:51:10] Analysis completed in 0.05s - Category: win
[2025-12-04 13:51:10] Successfully processed graph 199 - Category: win - Time: 0.05s
[2025-12-04 13:51:10] 
Final Results Summary:
[2025-12-04 13:51:10] Total graphs in file: 200
[2025-12-04 13:51:10] Successfully processed: 200
[2025-12-04 13:51:10] Matching algorithm used: automatic (bipartite/greedy)
[2025-12-04 13:51:10] win: 66 (33.0%)
[2025-12-04 13:51:10] lose: 133 (66.5%)
[2025-12-04 13:51:10] draw: 1 (0.5%)
[2025-12-04 13:51:10] Average time per graph: 0.05s
[2025-12-04 13:51:10] Min time per graph: 0.04s
[2025-12-04 13:51:10] Max time per graph: 0.09s
[2025-12-04 13:51:10] Total analysis time: 9.50s
[2025-12-04 13:51:10] 
Detailed Graph Properties by Category:

[2025-12-04 13:51:10] 
WIN Graphs Statistics:
[2025-12-04 13:51:10] Total graphs processed: 66
[2025-12-04 13:51:10] Edge count - Min: 15, Max: 17, Mean: 16.48
[2025-12-04 13:51:10] Edge density - Min: 0.1250, Max: 0.1417, Mean: 0.1374
[2025-12-04 13:51:10] Bipartite graphs: 33, Non-bipartite graphs: 33
[2025-12-04 13:51:10] Diameter (connected graphs) - Min: 7, Max: 15, Mean: 10.24
[2025-12-04 13:51:10] Clique number - Min: 2, Max: 3, Mean: 2.20
[2025-12-04 13:51:10] Maximum degree - Min: 2, Max: 4, Mean: 2.98
[2025-12-04 13:51:10] Average degree - Min: 1.88, Max: 2.12, Mean: 2.06
[2025-12-04 13:51:10] Clustering coefficient - Min: 0.0000, Max: 0.1458, Mean: 0.0205
[2025-12-04 13:51:10] Estimated group size - Min: 4, Max: 4, Mean: 4.00
[2025-12-04 13:51:10] Estimated orbit count - Min: 1, Max: 4, Mean: 2.94
[2025-12-04 13:51:10] 
LOSE Graphs Statistics:
[2025-12-04 13:51:10] Total graphs processed: 133
[2025-12-04 13:51:10] Edge count - Min: 16, Max: 17, Mean: 16.86
[2025-12-04 13:51:10] Edge density - Min: 0.1333, Max: 0.1417, Mean: 0.1405
[2025-12-04 13:51:10] Bipartite graphs: 32, Non-bipartite graphs: 101
[2025-12-04 13:51:10] Diameter (connected graphs) - Min: 6, Max: 14, Mean: 9.50
[2025-12-04 13:51:10] Clique number - Min: 2, Max: 3, Mean: 2.29
[2025-12-04 13:51:10] Maximum degree - Min: 3, Max: 4, Mean: 3.19
[2025-12-04 13:51:10] Average degree - Min: 2.00, Max: 2.12, Mean: 2.11
[2025-12-04 13:51:10] Clustering coefficient - Min: 0.0000, Max: 0.2500, Mean: 0.0323
[2025-12-04 13:51:10] Estimated group size - Min: 4, Max: 4, Mean: 4.00
[2025-12-04 13:51:10] Estimated orbit count - Min: 3, Max: 4, Mean: 3.19
[2025-12-04 13:51:10] 
DRAW Graphs Statistics:
[2025-12-04 13:51:10] Total graphs processed: 1
[2025-12-04 13:51:10] Edge count - Min: 17, Max: 17, Mean: 17.00
[2025-12-04 13:51:10] Edge density - Min: 0.1417, Max: 0.1417, Mean: 0.1417
[2025-12-04 13:51:10] Bipartite graphs: 0, Non-bipartite graphs: 1
[2025-12-04 13:51:10] Diameter (connected graphs) - Min: 8, Max: 8, Mean: 8.00
[2025-12-04 13:51:10] Clique number - Min: 3, Max: 3, Mean: 3.00
[2025-12-04 13:51:10] Maximum degree - Min: 3, Max: 3, Mean: 3.00
[2025-12-04 13:51:10] Average degree - Min: 2.12, Max: 2.12, Mean: 2.12
[2025-12-04 13:51:10] Clustering coefficient - Min: 0.1458, Max: 0.1458, Mean: 0.1458
[2025-12-04 13:51:10] Estimated group size - Min: 4, Max: 4, Mean: 4.00
[2025-12-04 13:51:10] Estimated orbit count - Min: 3, Max: 3, Mean: 3.00
[2025-12-04 13:51:10] 
Average Gate Counts by Category:
[2025-12-04 13:51:10] win_matching_cx: 64.82
[2025-12-04 13:51:10] win_matching_u3: 63.18
[2025-12-04 13:51:10] win_pauli_cx: 72.83
[2025-12-04 13:51:10] win_pauli_u3: 96.85
[2025-12-04 13:51:10] win_matching_depth: 98.27
[2025-12-04 13:51:10] win_pauli_depth: 121.64
[2025-12-04 13:51:10] win_analysis_time: 0.05
[2025-12-04 13:51:10] win_graph_edge_count: 16.48
[2025-12-04 13:51:10] win_graph_edge_density: 0.14
[2025-12-04 13:51:10] win_graph_is_bipartite: 0.50
[2025-12-04 13:51:10] win_graph_diameter: 10.24
[2025-12-04 13:51:10] win_graph_clique_number: 2.20
[2025-12-04 13:51:10] win_graph_max_degree: 2.98
[2025-12-04 13:51:10] win_graph_avg_degree: 2.06
[2025-12-04 13:51:10] win_graph_avg_clustering: 0.02
[2025-12-04 13:51:10] win_graph_estimated_group_size: 4.00
[2025-12-04 13:51:10] win_graph_estimated_orbit_count: 2.94
[2025-12-04 13:51:10] lose_matching_cx: 102.96
[2025-12-04 13:51:10] lose_matching_u3: 93.01
[2025-12-04 13:51:10] lose_pauli_cx: 68.90
[2025-12-04 13:51:10] lose_pauli_u3: 96.84
[2025-12-04 13:51:10] lose_matching_depth: 152.05
[2025-12-04 13:51:10] lose_pauli_depth: 117.42
[2025-12-04 13:51:10] lose_analysis_time: 0.05
[2025-12-04 13:51:10] lose_graph_edge_count: 16.86
[2025-12-04 13:51:10] lose_graph_edge_density: 0.14
[2025-12-04 13:51:10] lose_graph_is_bipartite: 0.24
[2025-12-04 13:51:10] lose_graph_diameter: 9.50
[2025-12-04 13:51:10] lose_graph_clique_number: 2.29
[2025-12-04 13:51:10] lose_graph_max_degree: 3.19
[2025-12-04 13:51:10] lose_graph_avg_degree: 2.11
[2025-12-04 13:51:10] lose_graph_avg_clustering: 0.03
[2025-12-04 13:51:10] lose_graph_estimated_group_size: 4.00
[2025-12-04 13:51:10] lose_graph_estimated_orbit_count: 3.19
[2025-12-04 13:51:10] draw_matching_cx: 76.00
[2025-12-04 13:51:10] draw_matching_u3: 71.00
[2025-12-04 13:51:10] draw_pauli_cx: 76.00
[2025-12-04 13:51:10] draw_pauli_u3: 100.00
[2025-12-04 13:51:10] draw_matching_depth: 110.00
[2025-12-04 13:51:10] draw_pauli_depth: 126.00
[2025-12-04 13:51:10] draw_analysis_time: 0.05
[2025-12-04 13:51:10] draw_graph_edge_count: 17.00
[2025-12-04 13:51:10] draw_graph_edge_density: 0.14
[2025-12-04 13:51:10] draw_graph_is_bipartite: 0.00
[2025-12-04 13:51:10] draw_graph_diameter: 8.00
[2025-12-04 13:51:10] draw_graph_clique_number: 3.00
[2025-12-04 13:51:10] draw_graph_max_degree: 3.00
[2025-12-04 13:51:10] draw_graph_avg_degree: 2.12
[2025-12-04 13:51:10] draw_graph_avg_clustering: 0.15
[2025-12-04 13:51:10] draw_graph_estimated_group_size: 4.00
[2025-12-04 13:51:10] draw_graph_estimated_orbit_count: 3.00
[2025-12-04 13:51:10] config_n_qubits: 4.00
[2025-12-04 13:51:10] config_n_vertices: 16.00
[2025-12-04 13:51:10] config_delta_t: 0.10
[2025-12-04 13:51:10] config_matchings: automatic
[2025-12-04 13:51:10] config_graph_type: counting
[2025-12-04 13:51:10] config_n_steps: 1.00
[2025-12-04 13:51:10] timing_avg_per_graph: 0.05
[2025-12-04 13:51:10] timing_min_per_graph: 0.04
[2025-12-04 13:51:10] timing_max_per_graph: 0.09
[2025-12-04 13:51:10] timing_total_analysis: 9.50
[2025-12-04 13:51:10] ======================================================================
======================================================================

